+ export CUDA_VISIBLE_DEVICES=2,3
+ CUDA_VISIBLE_DEVICES=2,3
+ export HF_HOME=/data/huggingface_cache
+ HF_HOME=/data/huggingface_cache
+ export SGLANG_INFERENCE_LOG_DIR=/workspace/repo/verl_sglang/verl_customize/formal_exp_data_mfu
+ SGLANG_INFERENCE_LOG_DIR=/workspace/repo/verl_sglang/verl_customize/formal_exp_data_mfu
+ ulimit -n 65535
++ pwd
+ PROJECT_DIR=/workspace/repo/verl_sglang/verl_customize
+ CONFIG_PATH=/workspace/repo/verl_sglang/verl_customize/examples/sglang_multiturn/config
+ AIME_DATA_DIR=/data/retool_aime2024
+ python3 -m verl.trainer.main_ppo --config-path=/workspace/repo/verl_sglang/verl_customize/examples/sglang_multiturn/config --config-name=gsm8k_multiturn_grpo algorithm.adv_estimator=grpo data.train_batch_size=64 data.max_prompt_length=512 data.max_response_length=8192 data.filter_overlong_prompts=True data.truncation=right data.return_raw_chat=True actor_rollout_ref.model.path=/data/muxserve/llama-3.1-8B-Instruct actor_rollout_ref.actor.optim.lr=1e-6 actor_rollout_ref.model.use_remove_padding=True actor_rollout_ref.actor.ppo_mini_batch_size=32 actor_rollout_ref.actor.ppo_micro_batch_size_per_gpu=1 actor_rollout_ref.actor.use_kl_loss=True actor_rollout_ref.actor.kl_loss_coef=0.001 actor_rollout_ref.actor.kl_loss_type=low_var_kl actor_rollout_ref.actor.entropy_coeff=0 actor_rollout_ref.model.enable_gradient_checkpointing=True actor_rollout_ref.actor.fsdp_config.param_offload=True actor_rollout_ref.actor.fsdp_config.optimizer_offload=True actor_rollout_ref.actor.fsdp_config.model_dtype=bfloat16 actor_rollout_ref.rollout.log_prob_micro_batch_size_per_gpu=1 actor_rollout_ref.rollout.tensor_model_parallel_size=2 actor_rollout_ref.rollout.name=sglang actor_rollout_ref.rollout.gpu_memory_utilization=0.3 actor_rollout_ref.rollout.n=4 actor_rollout_ref.rollout.over_sample_rate=0.1 actor_rollout_ref.rollout.mode=async actor_rollout_ref.ref.log_prob_micro_batch_size_per_gpu=1 trainer.decoding_length_csv_dir=/workspace/repo/verl_sglang/verl_customize/formal_exp_data_decoding_length_2gpu actor_rollout_ref.ref.fsdp_config.param_offload=True actor_rollout_ref.ref.fsdp_config.model_dtype=bfloat16 algorithm.use_kl_in_reward=True trainer.critic_warmup=0 'trainer.logger=["console"]' trainer.project_name=aime_async_rl trainer.experiment_name=2gpu_model_multiturn_aime_workload_analysis actor_rollout_ref.rollout.max_model_len=8192 trainer.n_gpus_per_node=2 trainer.nnodes=1 trainer.save_freq=1000 trainer.test_freq=1000 trainer.val_before_train=False data.train_files=/data/retool_aime2024/train.parquet data.val_files=/data/retool_aime2024/train.parquet actor_rollout_ref.rollout.agent.default_agent_loop=tool_agent actor_rollout_ref.rollout.multi_turn.max_assistant_turns=5 actor_rollout_ref.rollout.multi_turn.max_user_turns=5 trainer.total_training_steps=1 actor_rollout_ref.rollout.multi_turn.tool_config_path=/workspace/repo/verl_sglang/verl_customize/examples/sglang_multiturn/config/tool_config/math_tool_config.yaml trainer.total_epochs=10
WARNING:2026-04-17 17:05:10,486:fused_indices_to_multihot has reached end of life. Please migrate to a non-experimental function.
2026-04-17 17:05:12,473	INFO worker.py:1821 -- Connecting to existing Ray cluster at address: 172.17.0.11:6379...
2026-04-17 17:05:12,486	INFO worker.py:1998 -- Connected to Ray cluster. View the dashboard at [1m[32mhttp://172.17.0.11:8265 [39m[22m
/usr/local/lib/python3.12/dist-packages/ray/_private/worker.py:2046: FutureWarning: Tip: In future versions of Ray, Ray will no longer override accelerator visible devices env var if num_gpus=0 or num_gpus=None (default). To enable this behavior and turn off this error message, set RAY_ACCEL_ENV_VAR_OVERRIDE_ON_ZERO=0
  warnings.warn(
[36m(pid=171623)[0m W0417 17:05:20.261000 171623 torch/utils/cpp_extension.py:117] No CUDA runtime is found, using CUDA_HOME='/usr/local/cuda'
[36m(pid=171623)[0m WARNING:2026-04-17 17:05:20,310:fused_indices_to_multihot has reached end of life. Please migrate to a non-experimental function.
ray init kwargs: {'num_cpus': None, 'runtime_env': {'env_vars': {'TOKENIZERS_PARALLELISM': 'true', 'NCCL_DEBUG': 'WARN', 'VLLM_LOGGING_LEVEL': 'WARN', 'VLLM_ALLOW_RUNTIME_LORA_UPDATING': 'true', 'CUDA_DEVICE_MAX_CONNECTIONS': '1', 'NCCL_CUMEM_ENABLE': '0', 'VLLM_DISABLE_COMPILE_CACHE': '1', 'HCCL_HOST_SOCKET_PORT_RANGE': 'auto', 'HCCL_NPU_SOCKET_PORT_RANGE': 'auto'}, 'working_dir': None}}
[36m(TaskRunner pid=171623)[0m TaskRunner hostname: 37f73a1c29ad, PID: 171623
[36m(TaskRunner pid=171623)[0m {'actor_rollout_ref': {'actor': {'_target_': 'verl.workers.config.FSDPActorConfig',
[36m(TaskRunner pid=171623)[0m                                  'calculate_entropy': False,
[36m(TaskRunner pid=171623)[0m                                  'calculate_sum_pi_squared': False,
[36m(TaskRunner pid=171623)[0m                                  'checkpoint': {'_target_': 'verl.trainer.config.CheckpointConfig',
[36m(TaskRunner pid=171623)[0m                                                 'async_save': False,
[36m(TaskRunner pid=171623)[0m                                                 'load_contents': ['model',
[36m(TaskRunner pid=171623)[0m                                                                   'optimizer',
[36m(TaskRunner pid=171623)[0m                                                                   'extra'],
[36m(TaskRunner pid=171623)[0m                                                 'save_contents': ['model',
[36m(TaskRunner pid=171623)[0m                                                                   'optimizer',
[36m(TaskRunner pid=171623)[0m                                                                   'extra']},
[36m(TaskRunner pid=171623)[0m                                  'clip_ratio': 0.2,
[36m(TaskRunner pid=171623)[0m                                  'clip_ratio_c': 3.0,
[36m(TaskRunner pid=171623)[0m                                  'clip_ratio_high': 0.2,
[36m(TaskRunner pid=171623)[0m                                  'clip_ratio_low': 0.2,
[36m(TaskRunner pid=171623)[0m                                  'data_loader_seed': 42,
[36m(TaskRunner pid=171623)[0m                                  'entropy_checkpointing': False,
[36m(TaskRunner pid=171623)[0m                                  'entropy_coeff': 0,
[36m(TaskRunner pid=171623)[0m                                  'entropy_from_logits_with_chunking': False,
[36m(TaskRunner pid=171623)[0m                                  'freeze_vision_tower': False,
[36m(TaskRunner pid=171623)[0m                                  'fsdp_config': {'_target_': 'verl.workers.config.FSDPEngineConfig',
[36m(TaskRunner pid=171623)[0m                                                  'dtype': 'bfloat16',
[36m(TaskRunner pid=171623)[0m                                                  'entropy_checkpointing': False,
[36m(TaskRunner pid=171623)[0m                                                  'entropy_from_logits_with_chunking': False,
[36m(TaskRunner pid=171623)[0m                                                  'forward_only': False,
[36m(TaskRunner pid=171623)[0m                                                  'forward_prefetch': False,
[36m(TaskRunner pid=171623)[0m                                                  'fsdp_size': -1,
[36m(TaskRunner pid=171623)[0m                                                  'full_determinism': False,
[36m(TaskRunner pid=171623)[0m                                                  'model_dtype': 'bfloat16',
[36m(TaskRunner pid=171623)[0m                                                  'offload_policy': False,
[36m(TaskRunner pid=171623)[0m                                                  'optimizer_offload': True,
[36m(TaskRunner pid=171623)[0m                                                  'param_offload': True,
[36m(TaskRunner pid=171623)[0m                                                  'reshard_after_forward': True,
[36m(TaskRunner pid=171623)[0m                                                  'seed': 42,
[36m(TaskRunner pid=171623)[0m                                                  'strategy': 'fsdp',
[36m(TaskRunner pid=171623)[0m                                                  'ulysses_sequence_parallel_size': 1,
[36m(TaskRunner pid=171623)[0m                                                  'use_orig_params': False,
[36m(TaskRunner pid=171623)[0m                                                  'use_torch_compile': True,
[36m(TaskRunner pid=171623)[0m                                                  'wrap_policy': {'min_num_params': 0}},
[36m(TaskRunner pid=171623)[0m                                  'grad_clip': 1.0,
[36m(TaskRunner pid=171623)[0m                                  'kl_loss_coef': 0.001,
[36m(TaskRunner pid=171623)[0m                                  'kl_loss_type': 'low_var_kl',
[36m(TaskRunner pid=171623)[0m                                  'loss_agg_mode': 'token-mean',
[36m(TaskRunner pid=171623)[0m                                  'loss_scale_factor': None,
[36m(TaskRunner pid=171623)[0m                                  'optim': {'_target_': 'verl.workers.config.FSDPOptimizerConfig',
[36m(TaskRunner pid=171623)[0m                                            'betas': [0.9, 0.999],
[36m(TaskRunner pid=171623)[0m                                            'clip_grad': 1.0,
[36m(TaskRunner pid=171623)[0m                                            'lr': 1e-06,
[36m(TaskRunner pid=171623)[0m                                            'lr_scheduler_type': 'constant',
[36m(TaskRunner pid=171623)[0m                                            'lr_warmup_steps': -1,
[36m(TaskRunner pid=171623)[0m                                            'lr_warmup_steps_ratio': 0.0,
[36m(TaskRunner pid=171623)[0m                                            'min_lr_ratio': 0.0,
[36m(TaskRunner pid=171623)[0m                                            'num_cycles': 0.5,
[36m(TaskRunner pid=171623)[0m                                            'optimizer': 'AdamW',
[36m(TaskRunner pid=171623)[0m                                            'optimizer_impl': 'torch.optim',
[36m(TaskRunner pid=171623)[0m                                            'override_optimizer_config': None,
[36m(TaskRunner pid=171623)[0m                                            'total_training_steps': -1,
[36m(TaskRunner pid=171623)[0m                                            'warmup_style': None,
[36m(TaskRunner pid=171623)[0m                                            'weight_decay': 0.01},
[36m(TaskRunner pid=171623)[0m                                  'policy_loss': {'_target_': 'verl.workers.config.PolicyLossConfig',
[36m(TaskRunner pid=171623)[0m                                                  'clip_cov_lb': 1.0,
[36m(TaskRunner pid=171623)[0m                                                  'clip_cov_ratio': 0.0002,
[36m(TaskRunner pid=171623)[0m                                                  'clip_cov_ub': 5.0,
[36m(TaskRunner pid=171623)[0m                                                  'kl_cov_ratio': 0.0002,
[36m(TaskRunner pid=171623)[0m                                                  'loss_mode': 'vanilla',
[36m(TaskRunner pid=171623)[0m                                                  'ppo_kl_coef': 0.1},
[36m(TaskRunner pid=171623)[0m                                  'ppo_epochs': 1,
[36m(TaskRunner pid=171623)[0m                                  'ppo_max_token_len_per_gpu': 16384,
[36m(TaskRunner pid=171623)[0m                                  'ppo_micro_batch_size': None,
[36m(TaskRunner pid=171623)[0m                                  'ppo_micro_batch_size_per_gpu': 1,
[36m(TaskRunner pid=171623)[0m                                  'ppo_mini_batch_size': 32,
[36m(TaskRunner pid=171623)[0m                                  'profiler': {'_target_': 'verl.utils.profiler.ProfilerConfig',
[36m(TaskRunner pid=171623)[0m                                               'all_ranks': False,
[36m(TaskRunner pid=171623)[0m                                               'enable': False,
[36m(TaskRunner pid=171623)[0m                                               'ranks': [],
[36m(TaskRunner pid=171623)[0m                                               'save_path': 'outputs/profile',
[36m(TaskRunner pid=171623)[0m                                               'tool': None,
[36m(TaskRunner pid=171623)[0m                                               'tool_config': {'npu': {'_target_': 'verl.utils.profiler.config.NPUToolConfig',
[36m(TaskRunner pid=171623)[0m                                                                       'analysis': True,
[36m(TaskRunner pid=171623)[0m                                                                       'contents': [],
[36m(TaskRunner pid=171623)[0m                                                                       'discrete': False,
[36m(TaskRunner pid=171623)[0m                                                                       'level': 'level0'},
[36m(TaskRunner pid=171623)[0m                                                               'nsys': {'_target_': 'verl.utils.profiler.config.NsightToolConfig',
[36m(TaskRunner pid=171623)[0m                                                                        'discrete': False},
[36m(TaskRunner pid=171623)[0m                                                               'torch': {'_target_': 'verl.utils.profiler.config.TorchProfilerToolConfig',
[36m(TaskRunner pid=171623)[0m                                                                         'contents': [],
[36m(TaskRunner pid=171623)[0m                                                                         'discrete': False},
[36m(TaskRunner pid=171623)[0m                                                               'torch_memory': {'_target_': 'verl.utils.profiler.config.TorchMemoryToolConfig',
[36m(TaskRunner pid=171623)[0m                                                                                'stack_depth': 32,
[36m(TaskRunner pid=171623)[0m                                                                                'trace_alloc_max_entries': 100000}}},
[36m(TaskRunner pid=171623)[0m                                  'rollout_n': 4,
[36m(TaskRunner pid=171623)[0m                                  'router_replay': {'_target_': 'verl.workers.config.RouterReplayConfig',
[36m(TaskRunner pid=171623)[0m                                                    'mode': 'disabled',
[36m(TaskRunner pid=171623)[0m                                                    'record_file': None,
[36m(TaskRunner pid=171623)[0m                                                    'replay_file': None},
[36m(TaskRunner pid=171623)[0m                                  'shuffle': False,
[36m(TaskRunner pid=171623)[0m                                  'strategy': 'fsdp',
[36m(TaskRunner pid=171623)[0m                                  'sum_pi_squared_checkpointing': False,
[36m(TaskRunner pid=171623)[0m                                  'tau_neg': 1.05,
[36m(TaskRunner pid=171623)[0m                                  'tau_pos': 1.0,
[36m(TaskRunner pid=171623)[0m                                  'ulysses_sequence_parallel_size': 1,
[36m(TaskRunner pid=171623)[0m                                  'use_dynamic_bsz': False,
[36m(TaskRunner pid=171623)[0m                                  'use_fused_kernels': False,
[36m(TaskRunner pid=171623)[0m                                  'use_kl_loss': True,
[36m(TaskRunner pid=171623)[0m                                  'use_prefix_grouper': False,
[36m(TaskRunner pid=171623)[0m                                  'use_remove_padding': True,
[36m(TaskRunner pid=171623)[0m                                  'use_torch_compile': True},
[36m(TaskRunner pid=171623)[0m                        'hybrid_engine': True,
[36m(TaskRunner pid=171623)[0m                        'model': {'_target_': 'verl.workers.config.HFModelConfig',
[36m(TaskRunner pid=171623)[0m                                  'custom_chat_template': None,
[36m(TaskRunner pid=171623)[0m                                  'enable_activation_offload': False,
[36m(TaskRunner pid=171623)[0m                                  'enable_gradient_checkpointing': True,
[36m(TaskRunner pid=171623)[0m                                  'exclude_modules': None,
[36m(TaskRunner pid=171623)[0m                                  'external_lib': None,
[36m(TaskRunner pid=171623)[0m                                  'fused_kernel_options': {'impl_backend': 'torch'},
[36m(TaskRunner pid=171623)[0m                                  'hf_config_path': None,
[36m(TaskRunner pid=171623)[0m                                  'lora_adapter_path': None,
[36m(TaskRunner pid=171623)[0m                                  'lora_alpha': 16,
[36m(TaskRunner pid=171623)[0m                                  'lora_rank': 0,
[36m(TaskRunner pid=171623)[0m                                  'mtp': {'_target_': 'verl.workers.config.MtpConfig',
[36m(TaskRunner pid=171623)[0m                                          'detach_encoder': False,
[36m(TaskRunner pid=171623)[0m                                          'enable': False,
[36m(TaskRunner pid=171623)[0m                                          'enable_rollout': False,
[36m(TaskRunner pid=171623)[0m                                          'enable_train': False,
[36m(TaskRunner pid=171623)[0m                                          'method': 'mtp',
[36m(TaskRunner pid=171623)[0m                                          'mtp_loss_scaling_factor': 0.1,
[36m(TaskRunner pid=171623)[0m                                          'num_speculative_tokens': 1,
[36m(TaskRunner pid=171623)[0m                                          'speculative_algorithm': 'EAGLE',
[36m(TaskRunner pid=171623)[0m                                          'speculative_eagle_topk': 1,
[36m(TaskRunner pid=171623)[0m                                          'speculative_num_draft_tokens': 4,
[36m(TaskRunner pid=171623)[0m                                          'speculative_num_steps': 3},
[36m(TaskRunner pid=171623)[0m                                  'override_config': {},
[36m(TaskRunner pid=171623)[0m                                  'path': '/data/muxserve/llama-3.1-8B-Instruct',
[36m(TaskRunner pid=171623)[0m                                  'target_modules': 'all-linear',
[36m(TaskRunner pid=171623)[0m                                  'tiled_mlp': {'enabled': False,
[36m(TaskRunner pid=171623)[0m                                                'num_shards': 4},
[36m(TaskRunner pid=171623)[0m                                  'tokenizer_path': None,
[36m(TaskRunner pid=171623)[0m                                  'trust_remote_code': False,
[36m(TaskRunner pid=171623)[0m                                  'use_fused_kernels': False,
[36m(TaskRunner pid=171623)[0m                                  'use_liger': False,
[36m(TaskRunner pid=171623)[0m                                  'use_remove_padding': True,
[36m(TaskRunner pid=171623)[0m                                  'use_shm': False},
[36m(TaskRunner pid=171623)[0m                        'nccl_timeout': 600,
[36m(TaskRunner pid=171623)[0m                        'ref': {'_target_': 'verl.workers.config.FSDPActorConfig',
[36m(TaskRunner pid=171623)[0m                                'entropy_checkpointing': False,
[36m(TaskRunner pid=171623)[0m                                'entropy_from_logits_with_chunking': False,
[36m(TaskRunner pid=171623)[0m                                'fsdp_config': {'_target_': 'verl.workers.config.FSDPEngineConfig',
[36m(TaskRunner pid=171623)[0m                                                'dtype': 'bfloat16',
[36m(TaskRunner pid=171623)[0m                                                'entropy_checkpointing': False,
[36m(TaskRunner pid=171623)[0m                                                'entropy_from_logits_with_chunking': False,
[36m(TaskRunner pid=171623)[0m                                                'forward_only': True,
[36m(TaskRunner pid=171623)[0m                                                'forward_prefetch': False,
[36m(TaskRunner pid=171623)[0m                                                'fsdp_size': -1,
[36m(TaskRunner pid=171623)[0m                                                'full_determinism': False,
[36m(TaskRunner pid=171623)[0m                                                'model_dtype': 'bfloat16',
[36m(TaskRunner pid=171623)[0m                                                'offload_policy': False,
[36m(TaskRunner pid=171623)[0m                                                'optimizer_offload': False,
[36m(TaskRunner pid=171623)[0m                                                'param_offload': True,
[36m(TaskRunner pid=171623)[0m                                                'reshard_after_forward': True,
[36m(TaskRunner pid=171623)[0m                                                'seed': 42,
[36m(TaskRunner pid=171623)[0m                                                'strategy': 'fsdp',
[36m(TaskRunner pid=171623)[0m                                                'ulysses_sequence_parallel_size': 1,
[36m(TaskRunner pid=171623)[0m                                                'use_orig_params': False,
[36m(TaskRunner pid=171623)[0m                                                'use_torch_compile': True,
[36m(TaskRunner pid=171623)[0m                                                'wrap_policy': {'min_num_params': 0}},
[36m(TaskRunner pid=171623)[0m                                'log_prob_max_token_len_per_gpu': 16384,
[36m(TaskRunner pid=171623)[0m                                'log_prob_micro_batch_size': None,
[36m(TaskRunner pid=171623)[0m                                'log_prob_micro_batch_size_per_gpu': 1,
[36m(TaskRunner pid=171623)[0m                                'log_prob_use_dynamic_bsz': False,
[36m(TaskRunner pid=171623)[0m                                'profiler': {'_target_': 'verl.utils.profiler.ProfilerConfig',
[36m(TaskRunner pid=171623)[0m                                             'all_ranks': False,
[36m(TaskRunner pid=171623)[0m                                             'enable': False,
[36m(TaskRunner pid=171623)[0m                                             'ranks': [],
[36m(TaskRunner pid=171623)[0m                                             'save_path': 'outputs/profile',
[36m(TaskRunner pid=171623)[0m                                             'tool': None,
[36m(TaskRunner pid=171623)[0m                                             'tool_config': {'npu': {'_target_': 'verl.utils.profiler.config.NPUToolConfig',
[36m(TaskRunner pid=171623)[0m                                                                     'analysis': True,
[36m(TaskRunner pid=171623)[0m                                                                     'contents': [],
[36m(TaskRunner pid=171623)[0m                                                                     'discrete': False,
[36m(TaskRunner pid=171623)[0m                                                                     'level': 'level0'},
[36m(TaskRunner pid=171623)[0m                                                             'nsys': {'_target_': 'verl.utils.profiler.config.NsightToolConfig',
[36m(TaskRunner pid=171623)[0m                                                                      'discrete': False},
[36m(TaskRunner pid=171623)[0m                                                             'torch': {'_target_': 'verl.utils.profiler.config.TorchProfilerToolConfig',
[36m(TaskRunner pid=171623)[0m                                                                       'contents': [],
[36m(TaskRunner pid=171623)[0m                                                                       'discrete': False},
[36m(TaskRunner pid=171623)[0m                                                             'torch_memory': {'_target_': 'verl.utils.profiler.config.TorchMemoryToolConfig',
[36m(TaskRunner pid=171623)[0m                                                                              'stack_depth': 32,
[36m(TaskRunner pid=171623)[0m                                                                              'trace_alloc_max_entries': 100000}}},
[36m(TaskRunner pid=171623)[0m                                'rollout_n': 4,
[36m(TaskRunner pid=171623)[0m                                'router_replay': {'_target_': 'verl.workers.config.RouterReplayConfig',
[36m(TaskRunner pid=171623)[0m                                                  'mode': 'disabled',
[36m(TaskRunner pid=171623)[0m                                                  'record_file': None,
[36m(TaskRunner pid=171623)[0m                                                  'replay_file': None},
[36m(TaskRunner pid=171623)[0m                                'strategy': 'fsdp',
[36m(TaskRunner pid=171623)[0m                                'ulysses_sequence_parallel_size': 1,
[36m(TaskRunner pid=171623)[0m                                'use_torch_compile': True},
[36m(TaskRunner pid=171623)[0m                        'rollout': {'_target_': 'verl.workers.config.RolloutConfig',
[36m(TaskRunner pid=171623)[0m                                    'agent': {'_target_': 'verl.workers.config.AgentLoopConfig',
[36m(TaskRunner pid=171623)[0m                                              'agent_loop_config_path': None,
[36m(TaskRunner pid=171623)[0m                                              'custom_async_server': {'_target_': 'verl.workers.config.CustomAsyncServerConfig',
[36m(TaskRunner pid=171623)[0m                                                                      'name': None,
[36m(TaskRunner pid=171623)[0m                                                                      'path': None},
[36m(TaskRunner pid=171623)[0m                                              'default_agent_loop': 'tool_agent',
[36m(TaskRunner pid=171623)[0m                                              'num_workers': 8},
[36m(TaskRunner pid=171623)[0m                                    'calculate_log_probs': False,
[36m(TaskRunner pid=171623)[0m                                    'checkpoint_engine': {'_target_': 'verl.workers.config.CheckpointEngineConfig',
[36m(TaskRunner pid=171623)[0m                                                          'backend': 'naive',
[36m(TaskRunner pid=171623)[0m                                                          'engine_kwargs': {},
[36m(TaskRunner pid=171623)[0m                                                          'update_weights_bucket_megabytes': 2048},
[36m(TaskRunner pid=171623)[0m                                    'cudagraph_capture_sizes': None,
[36m(TaskRunner pid=171623)[0m                                    'data_parallel_size': 1,
[36m(TaskRunner pid=171623)[0m                                    'disable_log_stats': True,
[36m(TaskRunner pid=171623)[0m                                    'do_sample': True,
[36m(TaskRunner pid=171623)[0m                                    'dtype': 'bfloat16',
[36m(TaskRunner pid=171623)[0m                                    'enable_chunked_prefill': True,
[36m(TaskRunner pid=171623)[0m                                    'enable_prefix_caching': True,
[36m(TaskRunner pid=171623)[0m                                    'enable_rollout_routing_replay': False,
[36m(TaskRunner pid=171623)[0m                                    'enforce_eager': False,
[36m(TaskRunner pid=171623)[0m                                    'engine_kwargs': {'sglang': {},
[36m(TaskRunner pid=171623)[0m                                                      'trtllm': {},
[36m(TaskRunner pid=171623)[0m                                                      'vllm': {}},
[36m(TaskRunner pid=171623)[0m                                    'expert_parallel_size': 1,
[36m(TaskRunner pid=171623)[0m                                    'free_cache_engine': True,
[36m(TaskRunner pid=171623)[0m                                    'gpu_memory_utilization': 0.3,
[36m(TaskRunner pid=171623)[0m                                    'ignore_eos': False,
[36m(TaskRunner pid=171623)[0m                                    'layered_summon': False,
[36m(TaskRunner pid=171623)[0m                                    'load_format': 'dummy',
[36m(TaskRunner pid=171623)[0m                                    'log_prob_max_token_len_per_gpu': 16384,
[36m(TaskRunner pid=171623)[0m                                    'log_prob_micro_batch_size': None,
[36m(TaskRunner pid=171623)[0m                                    'log_prob_micro_batch_size_per_gpu': 1,
[36m(TaskRunner pid=171623)[0m                                    'log_prob_use_dynamic_bsz': False,
[36m(TaskRunner pid=171623)[0m                                    'logprobs_mode': 'processed_logprobs',
[36m(TaskRunner pid=171623)[0m                                    'max_model_len': 8192,
[36m(TaskRunner pid=171623)[0m                                    'max_num_batched_tokens': 8192,
[36m(TaskRunner pid=171623)[0m                                    'max_num_seqs': 1024,
[36m(TaskRunner pid=171623)[0m                                    'mode': 'async',
[36m(TaskRunner pid=171623)[0m                                    'mtp': {'_target_': 'verl.workers.config.MtpConfig',
[36m(TaskRunner pid=171623)[0m                                            'detach_encoder': False,
[36m(TaskRunner pid=171623)[0m                                            'enable': False,
[36m(TaskRunner pid=171623)[0m                                            'enable_rollout': False,
[36m(TaskRunner pid=171623)[0m                                            'enable_train': False,
[36m(TaskRunner pid=171623)[0m                                            'method': 'mtp',
[36m(TaskRunner pid=171623)[0m                                            'mtp_loss_scaling_factor': 0.1,
[36m(TaskRunner pid=171623)[0m                                            'num_speculative_tokens': 1,
[36m(TaskRunner pid=171623)[0m                                            'speculative_algorithm': 'EAGLE',
[36m(TaskRunner pid=171623)[0m                                            'speculative_eagle_topk': 1,
[36m(TaskRunner pid=171623)[0m                                            'speculative_num_draft_tokens': 4,
[36m(TaskRunner pid=171623)[0m                                            'speculative_num_steps': 3},
[36m(TaskRunner pid=171623)[0m                                    'multi_stage_wake_up': False,
[36m(TaskRunner pid=171623)[0m                                    'multi_turn': {'_target_': 'verl.workers.config.MultiTurnConfig',
[36m(TaskRunner pid=171623)[0m                                                   'enable': True,
[36m(TaskRunner pid=171623)[0m                                                   'format': 'hermes',
[36m(TaskRunner pid=171623)[0m                                                   'interaction_config_path': None,
[36m(TaskRunner pid=171623)[0m                                                   'max_assistant_turns': 5,
[36m(TaskRunner pid=171623)[0m                                                   'max_parallel_calls': 1,
[36m(TaskRunner pid=171623)[0m                                                   'max_tool_response_length': 256,
[36m(TaskRunner pid=171623)[0m                                                   'max_user_turns': 5,
[36m(TaskRunner pid=171623)[0m                                                   'num_repeat_rollouts': None,
[36m(TaskRunner pid=171623)[0m                                                   'tokenization_sanity_check_mode': 'strict',
[36m(TaskRunner pid=171623)[0m                                                   'tool_config_path': '/workspace/repo/verl_sglang/verl_customize/examples/sglang_multiturn/config/tool_config/math_tool_config.yaml',
[36m(TaskRunner pid=171623)[0m                                                   'tool_response_truncate_side': 'middle',
[36m(TaskRunner pid=171623)[0m                                                   'use_inference_chat_template': False},
[36m(TaskRunner pid=171623)[0m                                    'n': 4,
[36m(TaskRunner pid=171623)[0m                                    'n_a': 1,
[36m(TaskRunner pid=171623)[0m                                    'n_b': 1,
[36m(TaskRunner pid=171623)[0m                                    'name': 'sglang',
[36m(TaskRunner pid=171623)[0m                                    'over_sample_rate': 0.1,
[36m(TaskRunner pid=171623)[0m                                    'pipeline_model_parallel_size': 1,
[36m(TaskRunner pid=171623)[0m                                    'profiler': {'_target_': 'verl.utils.profiler.ProfilerConfig',
[36m(TaskRunner pid=171623)[0m                                                 'all_ranks': False,
[36m(TaskRunner pid=171623)[0m                                                 'enable': False,
[36m(TaskRunner pid=171623)[0m                                                 'ranks': [],
[36m(TaskRunner pid=171623)[0m                                                 'save_path': 'outputs/profile',
[36m(TaskRunner pid=171623)[0m                                                 'tool': None,
[36m(TaskRunner pid=171623)[0m                                                 'tool_config': {'npu': {'_target_': 'verl.utils.profiler.config.NPUToolConfig',
[36m(TaskRunner pid=171623)[0m                                                                         'analysis': True,
[36m(TaskRunner pid=171623)[0m                                                                         'contents': [],
[36m(TaskRunner pid=171623)[0m                                                                         'discrete': False,
[36m(TaskRunner pid=171623)[0m                                                                         'level': 'level0'},
[36m(TaskRunner pid=171623)[0m                                                                 'nsys': {'_target_': 'verl.utils.profiler.config.NsightToolConfig',
[36m(TaskRunner pid=171623)[0m                                                                          'discrete': False},
[36m(TaskRunner pid=171623)[0m                                                                 'torch': {'_target_': 'verl.utils.profiler.config.TorchProfilerToolConfig',
[36m(TaskRunner pid=171623)[0m                                                                           'contents': [],
[36m(TaskRunner pid=171623)[0m                                                                           'discrete': False},
[36m(TaskRunner pid=171623)[0m                                                                 'torch_memory': {'_target_': 'verl.utils.profiler.config.TorchMemoryToolConfig',
[36m(TaskRunner pid=171623)[0m                                                                                  'stack_depth': 32,
[36m(TaskRunner pid=171623)[0m                                                                                  'trace_alloc_max_entries': 100000}}},
[36m(TaskRunner pid=171623)[0m                                    'prometheus': {'_target_': 'verl.workers.config.PrometheusConfig',
[36m(TaskRunner pid=171623)[0m                                                   'enable': False,
[36m(TaskRunner pid=171623)[0m                                                   'file': '/tmp/ray/session_latest/metrics/prometheus/prometheus.yml',
[36m(TaskRunner pid=171623)[0m                                                   'port': 9090,
[36m(TaskRunner pid=171623)[0m                                                   'served_model_name': '/data/muxserve/llama-3.1-8B-Instruct'},
[36m(TaskRunner pid=171623)[0m                                    'prompt_length': 512,
[36m(TaskRunner pid=171623)[0m                                    'quantization': None,
[36m(TaskRunner pid=171623)[0m                                    'quantization_config_file': None,
[36m(TaskRunner pid=171623)[0m                                    'response_length': 8192,
[36m(TaskRunner pid=171623)[0m                                    'scheduling_policy': 'fcfs',
[36m(TaskRunner pid=171623)[0m                                    'skip_dump_dir': '/tmp/rollout_dump',
[36m(TaskRunner pid=171623)[0m                                    'skip_rollout': False,
[36m(TaskRunner pid=171623)[0m                                    'skip_tokenizer_init': True,
[36m(TaskRunner pid=171623)[0m                                    'temperature': 1.0,
[36m(TaskRunner pid=171623)[0m                                    'tensor_model_parallel_size': 2,
[36m(TaskRunner pid=171623)[0m                                    'top_k': -1,
[36m(TaskRunner pid=171623)[0m                                    'top_p': 1,
[36m(TaskRunner pid=171623)[0m                                    'trace': {'_target_': 'verl.workers.config.TraceConfig',
[36m(TaskRunner pid=171623)[0m                                              'backend': None,
[36m(TaskRunner pid=171623)[0m                                              'max_samples_per_step_per_worker': None,
[36m(TaskRunner pid=171623)[0m                                              'token2text': False},
[36m(TaskRunner pid=171623)[0m                                    'val_kwargs': {'_target_': 'verl.workers.config.SamplingConfig',
[36m(TaskRunner pid=171623)[0m                                                   'do_sample': False,
[36m(TaskRunner pid=171623)[0m                                                   'n': 1,
[36m(TaskRunner pid=171623)[0m                                                   'temperature': 0,
[36m(TaskRunner pid=171623)[0m                                                   'top_k': -1,
[36m(TaskRunner pid=171623)[0m                                                   'top_p': 1.0}}},
[36m(TaskRunner pid=171623)[0m  'algorithm': {'_target_': 'verl.trainer.config.AlgoConfig',
[36m(TaskRunner pid=171623)[0m                'adv_estimator': 'grpo',
[36m(TaskRunner pid=171623)[0m                'gamma': 1.0,
[36m(TaskRunner pid=171623)[0m                'kl_ctrl': {'_target_': 'verl.trainer.config.KLControlConfig',
[36m(TaskRunner pid=171623)[0m                            'horizon': 10000,
[36m(TaskRunner pid=171623)[0m                            'kl_coef': 0.001,
[36m(TaskRunner pid=171623)[0m                            'target_kl': 0.1,
[36m(TaskRunner pid=171623)[0m                            'type': 'fixed'},
[36m(TaskRunner pid=171623)[0m                'kl_penalty': 'kl',
[36m(TaskRunner pid=171623)[0m                'lam': 1.0,
[36m(TaskRunner pid=171623)[0m                'norm_adv_by_std_in_grpo': True,
[36m(TaskRunner pid=171623)[0m                'pf_ppo': {'reweight_method': 'pow', 'weight_pow': 2.0},
[36m(TaskRunner pid=171623)[0m                'rollout_correction': {'bypass_mode': False,
[36m(TaskRunner pid=171623)[0m                                       'loss_type': 
[36m(TaskRunner pid=171623)[0m 'ppo_clip'
[36m(TaskRunner pid=171623)[0m ,
[36m(TaskRunner pid=171623)[0m                                       'rollout_is': None,
[36m(TaskRunner pid=171623)[0m                                       'rollout_is_batch_normalize': False,
[36m(TaskRunner pid=171623)[0m                                       'rollout_is_threshold': 2.0,
[36m(TaskRunner pid=171623)[0m                                       'rollout_rs': None,
[36m(TaskRunner pid=171623)[0m                                       'rollout_rs_threshold': None},
[36m(TaskRunner pid=171623)[0m                'use_kl_in_reward': True,
[36m(TaskRunner pid=171623)[0m                'use_pf_ppo': False},
[36m(TaskRunner pid=171623)[0m  'critic': {'_target_': 'verl.workers.config.FSDPCriticConfig',
[36m(TaskRunner pid=171623)[0m             'checkpoint': {'_target_': 'verl.trainer.config.CheckpointConfig',
[36m(TaskRunner pid=171623)[0m                            'async_save': False,
[36m(TaskRunner pid=171623)[0m                            'load_contents': ['model', 'optimizer', 'extra'],
[36m(TaskRunner pid=171623)[0m                            'save_contents': ['model', 'optimizer', 'extra']},
[36m(TaskRunner pid=171623)[0m             'cliprange_value': 0.5,
[36m(TaskRunner pid=171623)[0m             'data_loader_seed': 42,
[36m(TaskRunner pid=171623)[0m             'enable': None,
[36m(TaskRunner pid=171623)[0m             'forward_max_token_len_per_gpu': 32768,
[36m(TaskRunner pid=171623)[0m             'forward_micro_batch_size': None,
[36m(TaskRunner pid=171623)[0m             'forward_micro_batch_size_per_gpu': None,
[36m(TaskRunner pid=171623)[0m             'grad_clip': 1.0,
[36m(TaskRunner pid=171623)[0m             'loss_agg_mode': 'token-mean',
[36m(TaskRunner pid=171623)[0m             'model': {'_target_': 'verl.workers.config.FSDPCriticModelCfg',
[36m(TaskRunner pid=171623)[0m                       'enable_activation_offload': False,
[36m(TaskRunner pid=171623)[0m                       'enable_gradient_checkpointing': True,
[36m(TaskRunner pid=171623)[0m                       'external_lib': None,
[36m(TaskRunner pid=171623)[0m                       'fsdp_config': {'_target_': 'verl.workers.config.FSDPEngineConfig',
[36m(TaskRunner pid=171623)[0m                                       'dtype': 'bfloat16',
[36m(TaskRunner pid=171623)[0m                                       'entropy_checkpointing': False,
[36m(TaskRunner pid=171623)[0m                                       'entropy_from_logits_with_chunking': False,
[36m(TaskRunner pid=171623)[0m                                       'forward_only': False,
[36m(TaskRunner pid=171623)[0m                                       'forward_prefetch': False,
[36m(TaskRunner pid=171623)[0m                                       'fsdp_size': -1,
[36m(TaskRunner pid=171623)[0m                                       'full_determinism': False,
[36m(TaskRunner pid=171623)[0m                                       'model_dtype': 'fp32',
[36m(TaskRunner pid=171623)[0m                                       'offload_policy': False,
[36m(TaskRunner pid=171623)[0m                                       'optimizer_offload': False,
[36m(TaskRunner pid=171623)[0m                                       'param_offload': False,
[36m(TaskRunner pid=171623)[0m                                       'reshard_after_forward': True,
[36m(TaskRunner pid=171623)[0m                                       'seed': 42,
[36m(TaskRunner pid=171623)[0m                                       'strategy': 'fsdp',
[36m(TaskRunner pid=171623)[0m                                       'ulysses_sequence_parallel_size': 1,
[36m(TaskRunner pid=171623)[0m                                       'use_orig_params': False,
[36m(TaskRunner pid=171623)[0m                                       'use_torch_compile': True,
[36m(TaskRunner pid=171623)[0m                                       'wrap_policy': {'min_num_params': 0}},
[36m(TaskRunner pid=171623)[0m                       'lora_alpha': 16,
[36m(TaskRunner pid=171623)[0m                       'lora_rank': 0,
[36m(TaskRunner pid=171623)[0m                       'override_config': {},
[36m(TaskRunner pid=171623)[0m                       'path': '~/models/deepseek-llm-7b-chat',
[36m(TaskRunner pid=171623)[0m                       'target_modules': 'all-linear',
[36m(TaskRunner pid=171623)[0m                       'tiled_mlp': {'enabled': False, 'num_shards': 4},
[36m(TaskRunner pid=171623)[0m                       'tokenizer_path': '/data/muxserve/llama-3.1-8B-Instruct',
[36m(TaskRunner pid=171623)[0m                       'trust_remote_code': False,
[36m(TaskRunner pid=171623)[0m                       'use_remove_padding': False,
[36m(TaskRunner pid=171623)[0m                       'use_shm': False},
[36m(TaskRunner pid=171623)[0m             'optim': {'_target_': 'verl.workers.config.FSDPOptimizerConfig',
[36m(TaskRunner pid=171623)[0m                       'betas': [0.9, 0.999],
[36m(TaskRunner pid=171623)[0m                       'clip_grad': 1.0,
[36m(TaskRunner pid=171623)[0m                       'lr': 1e-05,
[36m(TaskRunner pid=171623)[0m                       'lr_scheduler_type': 'constant',
[36m(TaskRunner pid=171623)[0m                       'lr_warmup_steps': -1,
[36m(TaskRunner pid=171623)[0m                       'lr_warmup_steps_ratio': 0.0,
[36m(TaskRunner pid=171623)[0m                       'min_lr_ratio': 0.0,
[36m(TaskRunner pid=171623)[0m                       'num_cycles': 0.5,
[36m(TaskRunner pid=171623)[0m                       'optimizer': 'AdamW',
[36m(TaskRunner pid=171623)[0m                       'optimizer_impl': 'torch.optim',
[36m(TaskRunner pid=171623)[0m                       'override_optimizer_config': None,
[36m(TaskRunner pid=171623)[0m                       'total_training_steps': -1,
[36m(TaskRunner pid=171623)[0m                       'warmup_style': None,
[36m(TaskRunner pid=171623)[0m                       'weight_decay': 0.01},
[36m(TaskRunner pid=171623)[0m             'ppo_epochs': 1,
[36m(TaskRunner pid=171623)[0m             'ppo_max_token_len_per_gpu': 32768,
[36m(TaskRunner pid=171623)[0m             'ppo_micro_batch_size': None,
[36m(TaskRunner pid=171623)[0m             'ppo_micro_batch_size_per_gpu': None,
[36m(TaskRunner pid=171623)[0m             'ppo_mini_batch_size': 32,
[36m(TaskRunner pid=171623)[0m             'profiler': {'_target_': 'verl.utils.profiler.ProfilerConfig',
[36m(TaskRunner pid=171623)[0m                          'all_ranks': False,
[36m(TaskRunner pid=171623)[0m                          'enable': False,
[36m(TaskRunner pid=171623)[0m                          'ranks': [],
[36m(TaskRunner pid=171623)[0m                          'save_path': 'outputs/profile',
[36m(TaskRunner pid=171623)[0m                          'tool': None,
[36m(TaskRunner pid=171623)[0m                          'tool_config': {'npu': {'_target_': 'verl.utils.profiler.config.NPUToolConfig',
[36m(TaskRunner pid=171623)[0m                                                  'analysis': True,
[36m(TaskRunner pid=171623)[0m                                                  'contents': [],
[36m(TaskRunner pid=171623)[0m                                                  'discrete': False,
[36m(TaskRunner pid=171623)[0m                                                  'level': 'level0'},
[36m(TaskRunner pid=171623)[0m                                          'nsys': {'_target_': 'verl.utils.profiler.config.NsightToolConfig',
[36m(TaskRunner pid=171623)[0m                                                   'discrete': False},
[36m(TaskRunner pid=171623)[0m                                          'torch': {'_target_': 'verl.utils.profiler.config.TorchProfilerToolConfig',
[36m(TaskRunner pid=171623)[0m                                                    'contents': [],
[36m(TaskRunner pid=171623)[0m                                                    'discrete': False},
[36m(TaskRunner pid=171623)[0m                                          'torch_memory': {'_target_': 'verl.utils.profiler.config.TorchMemoryToolConfig',
[36m(TaskRunner pid=171623)[0m                                                           'stack_depth': 32,
[36m(TaskRunner pid=171623)[0m                                                           'trace_alloc_max_entries': 100000}}},
[36m(TaskRunner pid=171623)[0m             'rollout_n': 4,
[36m(TaskRunner pid=171623)[0m             'shuffle': False,
[36m(TaskRunner pid=171623)[0m             'strategy': 'fsdp',
[36m(TaskRunner pid=171623)[0m             'ulysses_sequence_parallel_size': 1,
[36m(TaskRunner pid=171623)[0m             'use_dynamic_bsz': False},
[36m(TaskRunner pid=171623)[0m  'custom_reward_function': {'name': 'compute_score', 'path': None},
[36m(TaskRunner pid=171623)[0m  'data': {'apply_chat_template_kwargs': {},
[36m(TaskRunner pid=171623)[0m           'custom_cls': {'name': None, 'path': None},
[36m(TaskRunner pid=171623)[0m           'datagen': {'name': None, 'path': None},
[36m(TaskRunner pid=171623)[0m           'dataloader_num_workers': 8,
[36m(TaskRunner pid=171623)[0m           'filter_overlong_prompts': True,
[36m(TaskRunner pid=171623)[0m           'filter_overlong_prompts_workers': 1,
[36m(TaskRunner pid=171623)[0m           'image_key': 'images',
[36m(TaskRunner pid=171623)[0m           'image_patch_size': 14,
[36m(TaskRunner pid=171623)[0m           'max_prompt_length': 512,
[36m(TaskRunner pid=171623)[0m           'max_response_length': 8192,
[36m(TaskRunner pid=171623)[0m           'prompt_key': 'prompt',
[36m(TaskRunner pid=171623)[0m           'return_full_prompt': False,
[36m(TaskRunner pid=171623)[0m           'return_multi_modal_inputs': True,
[36m(TaskRunner pid=171623)[0m           'return_raw_chat': True,
[36m(TaskRunner pid=171623)[0m           'return_raw_input_ids': False,
[36m(TaskRunner pid=171623)[0m           'reward_fn_key': 'data_source',
[36m(TaskRunner pid=171623)[0m           'sampler': {'class_name': None, 'class_path': None},
[36m(TaskRunner pid=171623)[0m           'seed': None,
[36m(TaskRunner pid=171623)[0m           'shuffle': True,
[36m(TaskRunner pid=171623)[0m           'tokenizer': None,
[36m(TaskRunner pid=171623)[0m           'tool_config_path': '/workspace/repo/verl_sglang/verl_customize/examples/sglang_multiturn/config/tool_config/math_tool_config.yaml',
[36m(TaskRunner pid=171623)[0m           'train_batch_size': 64,
[36m(TaskRunner pid=171623)[0m           'train_files': '/data/retool_aime2024/train.parquet',
[36m(TaskRunner pid=171623)[0m           'train_max_samples': -1,
[36m(TaskRunner pid=171623)[0m           'truncation': 'right',
[36m(TaskRunner pid=171623)[0m           'trust_remote_code': False,
[36m(TaskRunner pid=171623)[0m           'use_shm': False,
[36m(TaskRunner pid=171623)[0m           'val_batch_size': None,
[36m(TaskRunner pid=171623)[0m           'val_files': '/data/retool_aime2024/train.parquet',
[36m(TaskRunner pid=171623)[0m           'val_max_samples': -1,
[36m(TaskRunner pid=171623)[0m           'validation_shuffle': False,
[36m(TaskRunner pid=171623)[0m           'video_key': 'videos'},
[36m(TaskRunner pid=171623)[0m  'global_profiler': {'_target_': 'verl.utils.profiler.ProfilerConfig',
[36m(TaskRunner pid=171623)[0m                      'global_tool_config': {'nsys': {'_target_': 'verl.utils.profiler.config.NsightToolConfig',
[36m(TaskRunner pid=171623)[0m                                                      'controller_nsight_options': {'cuda-graph-trace': 'graph',
[36m(TaskRunner pid=171623)[0m                                                                                    'cuda-memory-usage': 'true',
[36m(TaskRunner pid=171623)[0m                                                                                    'trace': 'cuda,nvtx,cublas,ucx'},
[36m(TaskRunner pid=171623)[0m                                                      'discrete': False,
[36m(TaskRunner pid=171623)[0m                                                      'worker_nsight_options': {'capture-range': 'cudaProfilerApi',
[36m(TaskRunner pid=171623)[0m                                                                                'capture-range-end': None,
[36m(TaskRunner pid=171623)[0m                                                                                'cuda-graph-trace': 'graph',
[36m(TaskRunner pid=171623)[0m                                                                                'cuda-memory-usage': 'true',
[36m(TaskRunner pid=171623)[0m                                                                                'kill': 'none',
[36m(TaskRunner pid=171623)[0m                                                                                'trace': 'cuda,nvtx,cublas,ucx'}},
[36m(TaskRunner pid=171623)[0m                                             'torch_memory': {'context': 'all',
[36m(TaskRunner pid=171623)[0m                                                              'kw_args': {},
[36m(TaskRunner pid=171623)[0m                                                              'stack_depth': 32,
[36m(TaskRunner pid=171623)[0m                                                              'stacks': 'all',
[36m(TaskRunner pid=171623)[0m                                                              'trace_alloc_max_entries': 100000}},
[36m(TaskRunner pid=171623)[0m                      'profile_continuous_steps': False,
[36m(TaskRunner pid=171623)[0m                      'save_path': 'outputs/profile',
[36m(TaskRunner pid=171623)[0m                      'steps': None,
[36m(TaskRunner pid=171623)[0m                      'tool': None},
[36m(TaskRunner pid=171623)[0m  'ray_kwargs': {'ray_init': {'num_cpus': None}, 'timeline_json_file': None},
[36m(TaskRunner pid=171623)[0m  'reward_manager': {'_target_': 'verl.trainer.config.config.RewardManagerConfig',
[36m(TaskRunner pid=171623)[0m                     'module': {'_target_': 'verl.trainer.config.config.ModuleConfig',
[36m(TaskRunner pid=171623)[0m                                'name': 'custom_reward_manager',
[36m(TaskRunner pid=171623)[0m                                'path': None},
[36m(TaskRunner pid=171623)[0m                     'name': 'naive',
[36m(TaskRunner pid=171623)[0m                     'source': 'register'},
[36m(TaskRunner pid=171623)[0m  'reward_model': {'enable': False,
[36m(TaskRunner pid=171623)[0m                   'enable_resource_pool': False,
[36m(TaskRunner pid=171623)[0m                   'forward_max_token_len_per_gpu': 32768,
[36m(TaskRunner pid=171623)[0m                   'launch_reward_fn_async': False,
[36m(TaskRunner pid=171623)[0m                   'max_length': None,
[36m(TaskRunner pid=171623)[0m                   'micro_batch_size': None,
[36m(TaskRunner pid=171623)[0m                   'micro_batch_size_per_gpu': None,
[36m(TaskRunner pid=171623)[0m                   'model': {'external_lib': None,
[36m(TaskRunner pid=171623)[0m                             'fsdp_config': {'_target_': 'verl.workers.config.FSDPEngineConfig',
[36m(TaskRunner pid=171623)[0m                                             'forward_prefetch': False,
[36m(TaskRunner pid=171623)[0m                                             'fsdp_size': -1,
[36m(TaskRunner pid=171623)[0m                                             'param_offload': False,
[36m(TaskRunner pid=171623)[0m                                             'reshard_after_forward': True,
[36m(TaskRunner pid=171623)[0m                                             'wrap_policy': {'min_num_params': 0}},
[36m(TaskRunner pid=171623)[0m                             'input_tokenizer': '/data/muxserve/llama-3.1-8B-Instruct',
[36m(TaskRunner pid=171623)[0m                             'override_config': {},
[36m(TaskRunner pid=171623)[0m                             'path': '~/models/FsfairX-LLaMA3-RM-v0.1',
[36m(TaskRunner pid=171623)[0m                             'trust_remote_code': False,
[36m(TaskRunner pid=171623)[0m                             'use_fused_kernels': False,
[36m(TaskRunner pid=171623)[0m                             'use_remove_padding': False,
[36m(TaskRunner pid=171623)[0m                             'use_shm': False},
[36m(TaskRunner pid=171623)[0m                   'n_gpus_per_node': 8,
[36m(TaskRunner pid=171623)[0m                   'nnodes': 0,
[36m(TaskRunner pid=171623)[0m                   'num_workers': 8,
[36m(TaskRunner pid=171623)[0m                   'profiler': {'_target_': 'verl.utils.profiler.ProfilerConfig',
[36m(TaskRunner pid=171623)[0m                                'all_ranks': False,
[36m(TaskRunner pid=171623)[0m                                'enable': False,
[36m(TaskRunner pid=171623)[0m                                'ranks': [],
[36m(TaskRunner pid=171623)[0m                                'save_path': 'outputs/profile',
[36m(TaskRunner pid=171623)[0m                                'tool': None,
[36m(TaskRunner pid=171623)[0m                                'tool_config': {'npu': {'_target_': 'verl.utils.profiler.config.NPUToolConfig',
[36m(TaskRunner pid=171623)[0m                                                        'analysis': True,
[36m(TaskRunner pid=171623)[0m                                                        'contents': [],
[36m(TaskRunner pid=171623)[0m                                                        'discrete': False,
[36m(TaskRunner pid=171623)[0m                                                        'level': 'level0'},
[36m(TaskRunner pid=171623)[0m                                                'nsys': {'_target_': 'verl.utils.profiler.config.NsightToolConfig',
[36m(TaskRunner pid=171623)[0m                                                         'discrete': False},
[36m(TaskRunner pid=171623)[0m                                                'torch': {'_target_': 'verl.utils.profiler.config.TorchProfilerToolConfig',
[36m(TaskRunner pid=171623)[0m                                                          'contents': [],
[36m(TaskRunner pid=171623)[0m                                                          'discrete': False},
[36m(TaskRunner pid=171623)[0m                                                'torch_memory': {'_target_': 'verl.utils.profiler.config.TorchMemoryToolConfig',
[36m(TaskRunner pid=171623)[0m                                                                 'stack_depth': 32,
[36m(TaskRunner pid=171623)[0m                                                                 'trace_alloc_max_entries': 100000}}},
[36m(TaskRunner pid=171623)[0m                   'reward_loop_class_name': None,
[36m(TaskRunner pid=171623)[0m                   'reward_loop_module_path': None,
[36m(TaskRunner pid=171623)[0m                   'reward_loop_source': 'register',
[36m(TaskRunner pid=171623)[0m                   'reward_manager': 'naive',
[36m(TaskRunner pid=171623)[0m                   'rollout': {'_target_': 'verl.workers.config.RolloutConfig',
[36m(TaskRunner pid=171623)[0m                               'cudagraph_capture_sizes': None,
[36m(TaskRunner pid=171623)[0m                               'data_parallel_size': 1,
[36m(TaskRunner pid=171623)[0m                               'disable_log_stats': True,
[36m(TaskRunner pid=171623)[0m                               'dtype': 'bfloat16',
[36m(TaskRunner pid=171623)[0m                               'enable_chunked_prefill': True,
[36m(TaskRunner pid=171623)[0m                               'enable_prefix_caching': True,
[36m(TaskRunner pid=171623)[0m                               'enforce_eager': True,
[36m(TaskRunner pid=171623)[0m                               'engine_kwargs': {},
[36m(TaskRunner pid=171623)[0m                               'expert_parallel_size': 1,
[36m(TaskRunner pid=171623)[0m                               'free_cache_engine': True,
[36m(TaskRunner pid=171623)[0m                               'gpu_memory_utilization': 0.5,
[36m(TaskRunner pid=171623)[0m                               'limit_images': None,
[36m(TaskRunner pid=171623)[0m                               'load_format': 'auto',
[36m(TaskRunner pid=171623)[0m                               'max_model_len': None,
[36m(TaskRunner pid=171623)[0m                               'max_num_batched_tokens': 8192,
[36m(TaskRunner pid=171623)[0m                               'max_num_seqs': 1024,
[36m(TaskRunner pid=171623)[0m                               'name': '???',
[36m(TaskRunner pid=171623)[0m                               'prompt_length': 2048,
[36m(TaskRunner pid=171623)[0m                               'response_length': 2048,
[36m(TaskRunner pid=171623)[0m                               'skip_tokenizer_init': False,
[36m(TaskRunner pid=171623)[0m                               'tensor_model_parallel_size': 2},
[36m(TaskRunner pid=171623)[0m                   'sandbox_fusion': {'max_concurrent': 64,
[36m(TaskRunner pid=171623)[0m                                      'memory_limit_mb': 1024,
[36m(TaskRunner pid=171623)[0m                                      'url': None},
[36m(TaskRunner pid=171623)[0m                   'strategy': 'fsdp',
[36m(TaskRunner pid=171623)[0m                   'ulysses_sequence_parallel_size': 1,
[36m(TaskRunner pid=171623)[0m                   'use_dynamic_bsz': False,
[36m(TaskRunner pid=171623)[0m                   'use_reward_loop': True},
[36m(TaskRunner pid=171623)[0m  'trainer': {'balance_batch': True,
[36m(TaskRunner pid=171623)[0m              'critic_warmup': 0,
[36m(TaskRunner pid=171623)[0m              'decoding_length_csv_dir': '/workspace/repo/verl_sglang/verl_customize/formal_exp_data_decoding_length_2gpu',
[36m(TaskRunner pid=171623)[0m              'default_hdfs_dir': None,
[36m(TaskRunner pid=171623)[0m              'default_local_dir': 'checkpoints/aime_async_rl/2gpu_model_multiturn_aime_workload_analysis',[36m(TaskRunner pid=171623)[0m /workspace/repo/verl_sglang/verl_customize/verl/trainer/main_ppo.py:300: UserWarning: Disabled critic as algorithm.adv_estimator != gae. If it is not intended, please set critic.enable=True
[36m(TaskRunner pid=171623)[0m   use_critic=need_critic(config),
[36m(TaskRunner pid=171623)[0m /workspace/repo/verl_sglang/verl_customize/verl/utils/tokenizer.py:31: UserWarning: tokenizer.pad_token_id is None. Now set to 128009
[36m(TaskRunner pid=171623)[0m   warnings.warn(f"tokenizer.pad_token_id is None. Now set to {tokenizer.eos_token_id}", stacklevel=1)
[36m(TaskRunner pid=171623)[0m /workspace/repo/verl_sglang/verl_customize/verl/utils/tokenizer.py:109: UserWarning: Failed to create processor: Unsupported processor type: PreTrainedTokenizerFast. This may affect multimodal processing
[36m(TaskRunner pid=171623)[0m   warnings.warn(f"Failed to create processor: {e}. This may affect multimodal processing", stacklevel=1)
[36m(TaskRunner pid=171623)[0m /workspace/repo/verl_sglang/verl_customize/verl/trainer/ppo/ray_trainer.py:391: UserWarning: Disabled critic as algorithm.adv_estimator != gae. If it is not intended, please set critic.enable=True
[36m(TaskRunner pid=171623)[0m   self.use_critic = need_critic(self.config)
[36m(pid=172180)[0m WARNING:2026-04-17 17:05:32,609:fused_indices_to_multihot has reached end of life. Please migrate to a non-experimental function.
[36m(pid=172181)[0m WARNING:2026-04-17 17:05:32,690:fused_indices_to_multihot has reached end of life. Please migrate to a non-experimental function.
[36m(WorkerDict pid=172180)[0m /workspace/repo/verl_sglang/verl_customize/verl/utils/tokenizer.py:31: UserWarning: tokenizer.pad_token_id is None. Now set to 128009
[36m(WorkerDict pid=172180)[0m   warnings.warn(f"tokenizer.pad_token_id is None. Now set to {tokenizer.eos_token_id}", stacklevel=1)
[36m(WorkerDict pid=172180)[0m /workspace/repo/verl_sglang/verl_customize/verl/utils/tokenizer.py:109: UserWarning: Failed to create processor: Unsupported processor type: PreTrainedTokenizerFast. This may affect multimodal processing
[36m(WorkerDict pid=172180)[0m   warnings.warn(f"Failed to create processor: {e}. This may affect multimodal processing", stacklevel=1)
[36m(WorkerDict pid=172181)[0m `torch_dtype` is deprecated! Use `dtype` instead!
[36m(WorkerDict pid=172181)[0m Loading checkpoint shards:   0%|          | 0/4 [00:00<?, ?it/s]Loading checkpoint shards: 100%|██████████| 4/4 [00:00<00:00, 210.69it/s]
[36m(WorkerDict pid=172181)[0m /usr/local/lib/python3.12/dist-packages/torch/distributed/fsdp/fully_sharded_data_parallel.py:675: FutureWarning: FSDP.state_dict_type() and FSDP.set_state_dict_type() are being deprecated. Please use APIs, get_state_dict() and set_state_dict(), which can support different parallelisms, FSDP1, FSDP2, DDP. API doc: https://pytorch.org/docs/stable/distributed.checkpoint.html#torch.distributed.checkpoint.state_dict.get_state_dict .Tutorial: https://pytorch.org/tutorials/recipes/distributed_checkpoint_recipe.html .
[36m(WorkerDict pid=172181)[0m   warnings.warn(
[36m(WorkerDict pid=172181)[0m /workspace/repo/verl_sglang/verl_customize/verl/utils/tokenizer.py:31: UserWarning: tokenizer.pad_token_id is None. Now set to 128009
[36m(WorkerDict pid=172181)[0m   warnings.warn(f"tokenizer.pad_token_id is None. Now set to {tokenizer.eos_token_id}", stacklevel=1)
[36m(WorkerDict pid=172181)[0m /workspace/repo/verl_sglang/verl_customize/verl/utils/tokenizer.py:109: UserWarning: Failed to create processor: Unsupported processor type: PreTrainedTokenizerFast. This may affect multimodal processing
[36m(WorkerDict pid=172181)[0m   warnings.warn(f"Failed to create processor: {e}. This may affect multimodal processing", stacklevel=1)
[36m(WorkerDict pid=172180)[0m `torch_dtype` is deprecated! Use `dtype` instead!
[36m(WorkerDict pid=172180)[0m Loading checkpoint shards:   0%|          | 0/4 [00:00<?, ?it/s]Loading checkpoint shards: 100%|██████████| 4/4 [00:00<00:00, 157.90it/s]
[36m(WorkerDict pid=172181)[0m Loading checkpoint shards:   0%|          | 0/4 [00:00<?, ?it/s]Loading checkpoint shards: 100%|██████████| 4/4 [00:00<00:00, 218.50it/s]

[36m(TaskRunner pid=171623)[0m              'del_local_ckpt_after_load': False,
[36m(TaskRunner pid=171623)[0m              'device': 'cuda',
[36m(TaskRunner pid=171623)[0m              'dual_model': False,
[36m(TaskRunner pid=171623)[0m              'esi_redundant_time': 0,
[36m(TaskRunner pid=171623)[0m              'experiment_name': '2gpu_model_multiturn_aime_workload_analysis',
[36m(TaskRunner pid=171623)[0m              'fit_method': 'overlap_decode',
[36m(TaskRunner pid=171623)[0m              'log_val_generations': 0,
[36m(TaskRunner pid=171623)[0m              'logger': ['console'],
[36m(TaskRunner pid=171623)[0m              'max_actor_ckpt_to_keep': None,
[36m(TaskRunner pid=171623)[0m              'max_critic_ckpt_to_keep': None,
[36m(TaskRunner pid=171623)[0m              'mps_active_thread_percentage': 0,
[36m(TaskRunner pid=171623)[0m              'n_gpus_per_node': 2,
[36m(TaskRunner pid=171623)[0m              'nnodes': 1,
[36m(TaskRunner pid=171623)[0m              'profile': {'enabled': True,
[36m(TaskRunner pid=171623)[0m                          'print_every': 1,
[36m(TaskRunner pid=171623)[0m                          'print_rollout_each': False,
[36m(TaskRunner pid=171623)[0m                          'verbose': True,
[36m(TaskRunner pid=171623)[0m                          'window': 1},
[36m(TaskRunner pid=171623)[0m              'project_name': 'aime_async_rl',
[36m(TaskRunner pid=171623)[0m              'ray_wait_register_center_timeout': 300,
[36m(TaskRunner pid=171623)[0m              'resume_from_path': None,
[36m(TaskRunner pid=171623)[0m              'resume_mode': 'auto',
[36m(TaskRunner pid=171623)[0m              'rollout_data_dir': None,
[36m(TaskRunner pid=171623)[0m              'save_freq': 1000,
[36m(TaskRunner pid=171623)[0m              'test_freq': 1000,
[36m(TaskRunner pid=171623)[0m              'total_epochs': 10,
[36m(TaskRunner pid=171623)[0m              'total_training_steps': 1,
[36m(TaskRunner pid=171623)[0m              'trainer_class': None,
[36m(TaskRunner pid=171623)[0m              'use_legacy_worker_impl': 'disable',
[36m(TaskRunner pid=171623)[0m              'val_before_train': False,
[36m(TaskRunner pid=171623)[0m              'val_only': False,
[36m(TaskRunner pid=171623)[0m              'validation_data_dir': None},
[36m(TaskRunner pid=171623)[0m  'transfer_queue': {'enable': False}}
[36m(TaskRunner pid=171623)[0m Using new worker implementation
[36m(TaskRunner pid=171623)[0m NOTICE: You have both enabled in-reward kl and kl loss.
[36m(TaskRunner pid=171623)[0m [validate_config] All configuration checks passed successfully!
[36m(TaskRunner pid=171623)[0m Using dataset class: RLHFDataset
[36m(TaskRunner pid=171623)[0m {
[36m(TaskRunner pid=171623)[0m   "type": "function",
[36m(TaskRunner pid=171623)[0m   "function": {
[36m(TaskRunner pid=171623)[0m     "name": "calc_math_reward",
[36m(TaskRunner pid=171623)[0m     "description": "A tool for calculating the reward of a math answer (1.0 if correct, 0.0 otherwise).",
[36m(TaskRunner pid=171623)[0m     "parameters": {
[36m(TaskRunner pid=171623)[0m       "type": "object",
[36m(TaskRunner pid=171623)[0m       "properties": {
[36m(TaskRunner pid=171623)[0m         "answer": {
[36m(TaskRunner pid=171623)[0m           "type": "string",
[36m(TaskRunner pid=171623)[0m           "description": "The model's final answer (preferably within \\boxed{})."
[36m(TaskRunner pid=171623)[0m         }
[36m(TaskRunner pid=171623)[0m       },
[36m(TaskRunner pid=171623)[0m       "required": [
[36m(TaskRunner pid=171623)[0m         "answer"
[36m(TaskRunner pid=171623)[0m       ]
[36m(TaskRunner pid=171623)[0m     }
[36m(TaskRunner pid=171623)[0m   }
[36m(TaskRunner pid=171623)[0m }
[36m(TaskRunner pid=171623)[0m dataset len: 960
[36m(TaskRunner pid=171623)[0m filter dataset len (from cache): 960
[36m(TaskRunner pid=171623)[0m Using dataset class: RLHFDataset
[36m(TaskRunner pid=171623)[0m {
[36m(TaskRunner pid=171623)[0m   "type": "function",
[36m(TaskRunner pid=171623)[0m   "function": {
[36m(TaskRunner pid=171623)[0m     "name": "calc_math_reward",
[36m(TaskRunner pid=171623)[0m     "description": "A tool for calculating the reward of a math answer (1.0 if correct, 0.0 otherwise).",
[36m(TaskRunner pid=171623)[0m     "parameters": {
[36m(TaskRunner pid=171623)[0m       "type": "object",
[36m(TaskRunner pid=171623)[0m       "properties": {
[36m(TaskRunner pid=171623)[0m         "answer": {
[36m(TaskRunner pid=171623)[0m           "type": "string",
[36m(TaskRunner pid=171623)[0m           "description": "The model's final answer (preferably within \\boxed{})."
[36m(TaskRunner pid=171623)[0m         }
[36m(TaskRunner pid=171623)[0m       },
[36m(TaskRunner pid=171623)[0m       "required": [
[36m(TaskRunner pid=171623)[0m         "answer"
[36m(TaskRunner pid=171623)[0m       ]
[36m(TaskRunner pid=171623)[0m     }
[36m(TaskRunner pid=171623)[0m   }
[36m(TaskRunner pid=171623)[0m }
[36m(TaskRunner pid=171623)[0m dataset len: 960
[36m(TaskRunner pid=171623)[0m filter dataset len (from cache): 960
[36m(TaskRunner pid=171623)[0m Size of train dataloader: 15, Size of val dataloader: 1
[36m(TaskRunner pid=171623)[0m Total training steps: 1
[36m(TaskRunner pid=171623)[0m colocated worker base class <class 'verl.single_controller.base.worker.Worker'>
[36m(TaskRunner pid=171623)[0m [debug], rollout {'actor_rollout_ref': <verl.single_controller.ray.base.RayWorkerGroup object at 0x7f35d686c620>}
[36m(WorkerDict pid=172180)[0m [Gloo] Rank 0 is connected to 1 peer ranks. Expected number of connected peer ranks is : 1
[36m(WorkerDict pid=172180)[0m Monkey patch state_dict in AutoModelForCausalLMWithValueHead. 
[36m(WorkerDict pid=172180)[0m Monkey patch _flash_attention_forward in transformers.integrations.flash_attention
[36m(WorkerDict pid=172180)[0m Skipping monkey patch for LlamaForCausalLM as use_fused_kernels is False or fused_kernels_backend is torch
[36m(WorkerDict pid=172180)[0m LlamaForCausalLM contains 8.03B parameters
[36m(WorkerDict pid=172180)[0m Before FSDP, memory allocated (GB): 0.00, memory reserved (GB): 0.00, device memory used/total (GB): 7.78/79.11
[36m(WorkerDict pid=172180)[0m After FSDP, memory allocated (GB): 0.00, memory reserved (GB): 7.11, device memory used/total (GB): 15.87/79.11
[36m(WorkerDict pid=172181)[0m [Gloo] Rank 1 is connected to 1 peer ranks. Expected number of connected peer ranks is : 1
[36m(WorkerDict pid=172181)[0m Monkey patch state_dict in AutoModelForCausalLMWithValueHead. 
[36m(WorkerDict pid=172181)[0m Monkey patch _flash_attention_forward in transformers.integrations.flash_attention
[36m(WorkerDict pid=172181)[0m Skipping monkey patch for LlamaForCausalLM as use_fused_kernels is False or fused_kernels_backend is torch
[36m(WorkerDict pid=172180)[0m Monkey patch state_dict in AutoModelForCausalLMWithValueHead. 
[36m(WorkerDict pid=172180)[0m Monkey patch _flash_attention_forward in transformers.integrations.flash_attention
[36m(WorkerDict pid=172180)[0m Skipping monkey patch for LlamaForCausalLM as use_fused_kernels is False or fused_kernels_backend is torch
[36m(WorkerDict pid=172180)[0m LlamaForCausalLM contains 8.03B parameters
[36m(WorkerDict pid=172180)[0m Before FSDP, memory allocated (GB): 0.00, memory reserved (GB): 7.11, device memory used/total (GB): 15.87/79.11
[36m(WorkerDict pid=172180)[0m After FSDP, memory allocated (GB): 7.48, memory reserved (GB): 14.21, device memory used/total (GB): 22.98/79.11
[36m(WorkerDict pid=172180)[0m Total steps: 1, num_warmup_steps: 0
[36m(WorkerDict pid=172180)[0m NCCL version 2.27.5+cuda12.9
[36m(WorkerDict pid=172180)[0m [Gloo] Rank 0 is connected to 0 peer ranks. Expected number of connected peer ranks is : 0
[36m(WorkerDict pid=172180)[0m [Gloo] Rank 0 is connected to 1 peer ranks. Expected number of connected peer ranks is : 1
[36m(WorkerDict pid=172180)[0m [Gloo] Rank 0 is connected to 0 peer ranks. Expected number of connected peer ranks is : 0
[36m(WorkerDict pid=172181)[0m Monkey patch state_dict in AutoModelForCausalLMWithValueHead. [36m(WorkerDict pid=172181)[0m <frozen importlib._bootstrap_external>:1301: FutureWarning: The cuda.cudart module is deprecated and will be removed in a future release, please switch to use the cuda.bindings.runtime module instead.
[36m(WorkerDict pid=172181)[0m <frozen importlib._bootstrap_external>:1301: FutureWarning: The cuda.nvrtc module is deprecated and will be removed in a future release, please switch to use the cuda.bindings.nvrtc module instead.
[36m(WorkerDict pid=172180)[0m /usr/local/lib/python3.12/dist-packages/torch/distributed/fsdp/fully_sharded_data_parallel.py:675: FutureWarning: FSDP.state_dict_type() and FSDP.set_state_dict_type() are being deprecated. Please use APIs, get_state_dict() and set_state_dict(), which can support different parallelisms, FSDP1, FSDP2, DDP. API doc: https://pytorch.org/docs/stable/distributed.checkpoint.html#torch.distributed.checkpoint.state_dict.get_state_dict .Tutorial: https://pytorch.org/tutorials/recipes/distributed_checkpoint_recipe.html .[32m [repeated 3x across cluster] (Ray deduplicates logs by default. Set RAY_DEDUP_LOGS=0 to disable log deduplication, or see https://docs.ray.io/en/master/ray-observability/user-guides/configure-logging.html#log-deduplication for more options.)[0m
[36m(WorkerDict pid=172180)[0m   warnings.warn([32m [repeated 3x across cluster][0m
[36m(WorkerDict pid=172180)[0m Loading checkpoint shards:   0%|          | 0/4 [00:00<?, ?it/s]Loading checkpoint shards: 100%|██████████| 4/4 [00:00<00:00, 153.15it/s]
[36m(TaskRunner pid=171623)[0m /workspace/repo/verl_sglang/verl_customize/sglang/python/sglang/srt/layers/attention/fla/utils.py:212: UserWarning: Triton is not supported on current platform, roll back to CPU.
[36m(TaskRunner pid=171623)[0m /workspace/repo/verl_sglang/verl_customize/sglang/python/sglang/srt/layers/quantization/awq.py:76: UserWarning: Only CUDA, HIP and XPU support AWQ currently.
[36m(TaskRunner pid=171623)[0m   warnings.warn(f"Only CUDA, HIP and XPU support AWQ currently.")
[36m(TaskRunner pid=171623)[0m /workspace/repo/verl_sglang/verl_customize/sglang/python/sglang/srt/layers/quantization/gguf.py:47: UserWarning: Only CUDA support GGUF quantization currently.
[36m(TaskRunner pid=171623)[0m   warnings.warn(f"Only CUDA support GGUF quantization currently.")
[36m(RewardLoopWorker pid=173565)[0m /workspace/repo/verl_sglang/verl_customize/verl/utils/tokenizer.py:31: UserWarning: tokenizer.pad_token_id is None. Now set to 128009
[36m(RewardLoopWorker pid=173565)[0m   warnings.warn(f"tokenizer.pad_token_id is None. Now set to {tokenizer.eos_token_id}", stacklevel=1)
[36m(TaskRunner pid=171623)[0m <frozen importlib._bootstrap_external>:1301: FutureWarning: The cuda.cudart module is deprecated and will be removed in a future release, please switch to use the cuda.bindings.runtime module instead.[32m [repeated 2x across cluster][0m
[36m(TaskRunner pid=171623)[0m <frozen importlib._bootstrap_external>:1301: FutureWarning: The cuda.nvrtc module is deprecated and will be removed in a future release, please switch to use the cuda.bindings.nvrtc module instead.[32m [repeated 2x across cluster][0m
[36m(TaskRunner pid=171623)[0m   warnings.warn(
[36m(RewardLoopWorker pid=173563)[0m /workspace/repo/verl_sglang/verl_customize/verl/utils/tokenizer.py:31: UserWarning: tokenizer.pad_token_id is None. Now set to 128009[32m [repeated 7x across cluster][0m
[36m(RewardLoopWorker pid=173563)[0m   warnings.warn(f"tokenizer.pad_token_id is None. Now set to {tokenizer.eos_token_id}", stacklevel=1)[32m [repeated 7x across cluster][0m
[36m(pid=174041)[0m <frozen importlib._bootstrap_external>:1301: FutureWarning: The cuda.cudart module is deprecated and will be removed in a future release, please switch to use the cuda.bindings.runtime module instead.
[36m(pid=174041)[0m <frozen importlib._bootstrap_external>:1301: FutureWarning: The cuda.nvrtc module is deprecated and will be removed in a future release, please switch to use the cuda.bindings.nvrtc module instead.
[36m(SGLangHttpServer pid=174041)[0m WARNING:2026-04-17 17:06:06,845:fused_indices_to_multihot has reached end of life. Please migrate to a non-experimental function.
[36m(SGLangHttpServer pid=174041)[0m /workspace/repo/verl_sglang/verl_customize/verl/utils/tokenizer.py:109: UserWarning: Failed to create processor: Unsupported processor type: PreTrainedTokenizerFast. This may affect multimodal processing
[36m(SGLangHttpServer pid=174041)[0m   warnings.warn(f"Failed to create processor: {e}. This may affect multimodal processing", stacklevel=1)
[36m(SGLangHttpServer pid=174041)[0m WARNING:2026-04-17 17:06:08,612:agent loop only support torch and npu profiler, got None
[36m(SGLangHttpServer pid=174041)[0m INFO:2026-04-17 17:06:08,613:SGLangHttpServer, replica_rank: 0, master address: 172.17.0.11, port: 34793
[36m(SGLangHttpServer pid=174041)[0m <frozen importlib._bootstrap_external>:1301: FutureWarning: The cuda.cudart module is deprecated and will be removed in a future release, please switch to use the cuda.bindings.runtime module instead.
[36m(SGLangHttpServer pid=174041)[0m <frozen importlib._bootstrap_external>:1301: FutureWarning: The cuda.nvrtc module is deprecated and will be removed in a future release, please switch to use the cuda.bindings.nvrtc module instead.
[36m(SGLangHttpServer pid=174041)[0m /workspace/repo/verl_sglang/verl_customize/verl/utils/tokenizer.py:31: UserWarning: tokenizer.pad_token_id is None. Now set to 128009
[36m(SGLangHttpServer pid=174041)[0m   warnings.warn(f"tokenizer.pad_token_id is None. Now set to {tokenizer.eos_token_id}", stacklevel=1)
[36m(SGLangHttpServer pid=174041)[0m <frozen importlib._bootstrap_external>:1301: FutureWarning: The cuda.cudart module is deprecated and will be removed in a future release, please switch to use the cuda.bindings.runtime module instead.
[36m(SGLangHttpServer pid=174041)[0m <frozen importlib._bootstrap_external>:1301: FutureWarning: The cuda.nvrtc module is deprecated and will be removed in a future release, please switch to use the cuda.bindings.nvrtc module instead.
[36m(SGLangHttpServer pid=174041)[0m <frozen importlib._bootstrap_external>:1301: FutureWarning: The cuda.cudart module is deprecated and will be removed in a future release, please switch to use the cuda.bindings.runtime module instead.
[36m(SGLangHttpServer pid=174041)[0m <frozen importlib._bootstrap_external>:1301: FutureWarning: The cuda.nvrtc module is deprecated and will be removed in a future release, please switch to use the cuda.bindings.nvrtc module instead.
[36m(SGLangHttpServer pid=174041)[0m [W417 17:06:18.304402159 ProcessGroupNCCL.cpp:924] Warning: TORCH_NCCL_AVOID_RECORD_STREAMS is the default now, this environment variable is thus deprecated. (function operator())
[36m(SGLangHttpServer pid=174041)[0m [W417 17:06:18.307831006 ProcessGroupNCCL.cpp:924] Warning: TORCH_NCCL_AVOID_RECORD_STREAMS is the default now, this environment variable is thus deprecated. (function operator())
[36m(SGLangHttpServer pid=174041)[0m   0%|          | 0/36 [00:00<?, ?it/s]Capturing batches (bs=256 avail_mem=47.21 GB):   0%|          | 0/36 [00:00<?, ?it/s]
[36m(SGLangHttpServer pid=174041)[0m Capturing batches (bs=256 avail_mem=47.21 GB):   3%|▎         | 1/36 [00:00<00:34,  1.03it/s]Capturing batches (bs=248 avail_mem=46.91 GB):   3%|▎         | 1/36 [00:00<00:34,  1.03it/s]
[36m(SGLangHttpServer pid=174041)[0m Capturing batches (bs=248 avail_mem=46.91 GB):   6%|▌         | 2/36 [00:01<00:16,  2.09it/s]Capturing batches (bs=240 avail_mem=46.90 GB):   6%|▌         | 2/36 [00:01<00:16,  2.09it/s]Capturing batches (bs=232 avail_mem=46.90 GB):   6%|▌         | 2/36 [00:01<00:16,  2.09it/s]
[36m(SGLangHttpServer pid=174041)[0m Capturing batches (bs=232 avail_mem=46.90 GB):  11%|█         | 4/36 [00:01<00:07,  4.41it/s]Capturing batches (bs=224 avail_mem=46.89 GB):  11%|█         | 4/36 [00:01<00:07,  4.41it/s]Capturing batches (bs=216 avail_mem=46.89 GB):  11%|█         | 4/36 [00:01<00:07,  4.41it/s]Capturing batches (bs=216 avail_mem=46.89 GB):  17%|█▋        | 6/36 [00:01<00:04,  6.90it/s]Capturing batches (bs=208 avail_mem=46.88 GB):  17%|█▋        | 6/36 [00:01<00:04,  6.90it/s]
[36m(SGLangHttpServer pid=174041)[0m Capturing batches (bs=200 avail_mem=46.88 GB):  17%|█▋        | 6/36 [00:01<00:04,  6.90it/s]
[36m(SGLangHttpServer pid=174041)[0m Capturing batches (bs=200 avail_mem=46.88 GB):  22%|██▏       | 8/36 [00:01<00:03,  8.46it/s]Capturing batches (bs=192 avail_mem=46.87 GB):  22%|██▏       | 8/36 [00:01<00:03,  8.46it/s]
[36m(SGLangHttpServer pid=174041)[0m Capturing batches (bs=184 avail_mem=46.87 GB):  22%|██▏       | 8/36 [00:01<00:03,  8.46it/s]Capturing batches (bs=184 avail_mem=46.87 GB):  28%|██▊       | 10/36 [00:01<00:02,  9.60it/s]Capturing batches (bs=176 avail_mem=46.86 GB):  28%|██▊       | 10/36 [00:01<00:02,  9.60it/s]
[36m(SGLangHttpServer pid=174041)[0m Capturing batches (bs=168 avail_mem=46.86 GB):  28%|██▊       | 10/36 [00:01<00:02,  9.60it/s]Capturing batches (bs=168 avail_mem=46.86 GB):  33%|███▎      | 12/36 [00:01<00:02, 11.67it/s]Capturing batches (bs=160 avail_mem=46.85 GB):  33%|███▎      | 12/36 [00:01<00:02, 11.67it/s]
[36m(SGLangHttpServer pid=174041)[0m Capturing batches (bs=152 avail_mem=46.85 GB):  33%|███▎      | 12/36 [00:01<00:02, 11.67it/s]
[36m(SGLangHttpServer pid=174041)[0m Capturing batches (bs=152 avail_mem=46.85 GB):  39%|███▉      | 14/36 [00:01<00:01, 12.42it/s]Capturing batches (bs=144 avail_mem=46.84 GB):  39%|███▉      | 14/36 [00:01<00:01, 12.42it/s]Capturing batches (bs=136 avail_mem=46.84 GB):  39%|███▉      | 14/36 [00:01<00:01, 12.42it/s]
[36m(SGLangHttpServer pid=174041)[0m Capturing batches (bs=136 avail_mem=46.84 GB):  44%|████▍     | 16/36 [00:02<00:01, 12.23it/s]Capturing batches (bs=128 avail_mem=46.83 GB):  44%|████▍     | 16/36 [00:02<00:01, 12.23it/s]
[36m(SGLangHttpServer pid=174041)[0m Capturing batches (bs=120 avail_mem=46.82 GB):  44%|████▍     | 16/36 [00:02<00:01, 12.23it/s]Capturing batches (bs=120 avail_mem=46.82 GB):  50%|█████     | 18/36 [00:02<00:01, 10.90it/s]Capturing batches (bs=112 avail_mem=46.82 GB):  50%|█████     | 18/36 [00:02<00:01, 10.90it/s]
[36m(SGLangHttpServer pid=174041)[0m Capturing batches (bs=104 avail_mem=46.81 GB):  50%|█████     | 18/36 [00:02<00:01, 10.90it/s]Capturing batches (bs=104 avail_mem=46.81 GB):  56%|█████▌    | 20/36 [00:02<00:01, 12.07it/s]Capturing batches (bs=96 avail_mem=46.81 GB):  56%|█████▌    | 20/36 [00:02<00:01, 12.07it/s] 
[36m(SGLangHttpServer pid=174041)[0m Capturing batches (bs=88 avail_mem=46.80 GB):  56%|█████▌    | 20/36 [00:02<00:01, 12.07it/s]
[36m(SGLangHttpServer pid=174041)[0m Capturing batches (bs=88 avail_mem=46.80 GB):  61%|██████    | 22/36 [00:02<00:01, 11.73it/s]Capturing batches (bs=80 avail_mem=46.80 GB):  61%|██████    | 22/36 [00:02<00:01, 11.73it/s]
[36m(SGLangHttpServer pid=174041)[0m Capturing batches (bs=72 avail_mem=46.79 GB):  61%|██████    | 22/36 [00:02<00:01, 11.73it/s]
[36m(SGLangHttpServer pid=174041)[0m Capturing batches (bs=72 avail_mem=46.79 GB):  67%|██████▋   | 24/36 [00:02<00:01, 10.49it/s]Capturing batches (bs=64 avail_mem=46.79 GB):  67%|██████▋   | 24/36 [00:02<00:01, 10.49it/s]
[36m(SGLangHttpServer pid=174041)[0m Capturing batches (bs=56 avail_mem=46.78 GB):  67%|██████▋   | 24/36 [00:02<00:01, 10.49it/s]
[36m(SGLangHttpServer pid=174041)[0m Capturing batches (bs=56 avail_mem=46.78 GB):  72%|███████▏  | 26/36 [00:03<00:00, 10.94it/s]Capturing batches (bs=48 avail_mem=46.77 GB):  72%|███████▏  | 26/36 [00:03<00:00, 10.94it/s]
[36m(SGLangHttpServer pid=174041)[0m Capturing batches (bs=40 avail_mem=46.77 GB):  72%|███████▏  | 26/36 [00:03<00:00, 10.94it/s]
[36m(SGLangHttpServer pid=174041)[0m Capturing batches (bs=40 avail_mem=46.77 GB):  78%|███████▊  | 28/36 [00:03<00:00,  9.18it/s]Capturing batches (bs=32 avail_mem=46.76 GB):  78%|███████▊  | 28/36 [00:03<00:00,  9.18it/s]
[36m(SGLangHttpServer pid=174041)[0m Capturing batches (bs=24 avail_mem=46.76 GB):  78%|███████▊  | 28/36 [00:03<00:00,  9.18it/s]Capturing batches (bs=24 avail_mem=46.76 GB):  83%|████████▎ | 30/36 [00:03<00:00,  8.21it/s]Capturing batches (bs=16 avail_mem=46.75 GB):  83%|████████▎ | 30/36 [00:03<00:00,  8.21it/s]
[36m(SGLangHttpServer pid=174041)[0m Capturing batches (bs=12 avail_mem=46.74 GB):  83%|████████▎ | 30/36 [00:03<00:00,  8.21it/s]Capturing batches (bs=12 avail_mem=46.74 GB):  89%|████████▉ | 32/36 [00:03<00:00,  9.20it/s]Capturing batches (bs=8 avail_mem=46.73 GB):  89%|████████▉ | 32/36 [00:03<00:00,  9.20it/s] 
[36m(SGLangHttpServer pid=174041)[0m Capturing batches (bs=4 avail_mem=46.73 GB):  89%|████████▉ | 32/36 [00:03<00:00,  9.20it/s]Capturing batches (bs=4 avail_mem=46.73 GB):  94%|█████████▍| 34/36 [00:03<00:00, 10.84it/s]Capturing batches (bs=2 avail_mem=46.72 GB):  94%|█████████▍| 34/36 [00:03<00:00, 10.84it/s]
[36m(SGLangHttpServer pid=174041)[0m Capturing batches (bs=1 avail_mem=46.71 GB):  94%|█████████▍| 34/36 [00:03<00:00, 10.84it/s]
[36m(SGLangHttpServer pid=174041)[0m Capturing batches (bs=1 avail_mem=46.71 GB): 100%|██████████| 36/36 [00:04<00:00, 11.68it/s]Capturing batches (bs=1 avail_mem=46.71 GB): 100%|██████████| 36/36 [00:04<00:00,  8.92it/s]
[36m(TaskRunner pid=171623)[0m Training Progress:   0%|          | 0/1 [00:00<?, ?it/s]
[36m(AgentLoopWorker pid=175740)[0m /workspace/repo/verl_sglang/verl_customize/sglang/python/sglang/srt/layers/attention/fla/utils.py:212: UserWarning: Triton is not supported on current platform, roll back to CPU.
[36m(AgentLoopWorker pid=175740)[0m   warnings.warn(
[36m(AgentLoopWorker pid=175740)[0m /workspace/repo/verl_sglang/verl_customize/sglang/python/sglang/srt/layers/quantization/awq.py:76: UserWarning: Only CUDA, HIP and XPU support AWQ currently.
[36m(AgentLoopWorker pid=175740)[0m   warnings.warn(f"Only CUDA, HIP and XPU support AWQ currently.")
[36m(AgentLoopWorker pid=175740)[0m /workspace/repo/verl_sglang/verl_customize/sglang/python/sglang/srt/layers/quantization/gguf.py:47: UserWarning: Only CUDA support GGUF quantization currently.
[36m(AgentLoopWorker pid=175740)[0m   warnings.warn(f"Only CUDA support GGUF quantization currently.")
[36m(AgentLoopWorker pid=175740)[0m <frozen importlib._bootstrap_external>:1301: FutureWarning: The cuda.cudart module is deprecated and will be removed in a future release, please switch to use the cuda.bindings.runtime module instead.
[36m(AgentLoopWorker pid=175740)[0m <frozen importlib._bootstrap_external>:1301: FutureWarning: The cuda.nvrtc module is deprecated and will be removed in a future release, please switch to use the cuda.bindings.nvrtc module instead.
[36m(AgentLoopWorker pid=175740)[0m /workspace/repo/verl_sglang/verl_customize/verl/utils/tokenizer.py:31: UserWarning: tokenizer.pad_token_id is None. Now set to 128009
[36m(AgentLoopWorker pid=175740)[0m   warnings.warn(f"tokenizer.pad_token_id is None. Now set to {tokenizer.eos_token_id}", stacklevel=1)
[36m(AgentLoopWorker pid=175740)[0m /workspace/repo/verl_sglang/verl_customize/verl/utils/tokenizer.py:109: UserWarning: Failed to create processor: Unsupported processor type: PreTrainedTokenizerFast. This may affect multimodal processing
[36m(AgentLoopWorker pid=175740)[0m   warnings.warn(f"Failed to create processor: {e}. This may affect multimodal processing", stacklevel=1)

[36m(WorkerDict pid=172181)[0m Monkey patch _flash_attention_forward in transformers.integrations.flash_attention
[36m(WorkerDict pid=172181)[0m Skipping monkey patch for LlamaForCausalLM as use_fused_kernels is False or fused_kernels_backend is torch
[36m(SGLangHttpServer pid=174041)[0m SGLang http server: rollout_mode=<RolloutMode.HYBRID: 'hybrid'>, replica_rank=0, node_rank=0, nnodes=1, cuda_visible_devices='0,1'
[36m(WorkerDict pid=172181)[0m [Gloo] Rank 0 is connected to 0 peer ranks. Expected number of connected peer ranks is : 0[32m [repeated 3x across cluster][0m
[36m(SGLangHttpServer pid=174041)[0m [Gloo] Rank 1 is connected to 1 peer ranks. Expected number of connected peer ranks is : 1[32m [repeated 4x across cluster][0m
[36m(SGLangHttpServer pid=174041)[0m NCCL version 2.27.5+cuda12.9
[36m(TaskRunner pid=171623)[0m AgentLoopManager: ['172.17.0.11:39411']
[36m(SGLangHttpServer pid=174041)[0m [Gloo] Rank 0 is connected to 0 peer ranks. Expected number of connected peer ranks is : 0[32m [repeated 8x across cluster][0m
[36m(SGLangHttpServer pid=174041)[0m [debug sglang]: event_loop_overlap begin
[36m(SGLangHttpServer pid=174041)[0m [debug sglang]: event_loop_overlap begin
[36m(TaskRunner pid=171623)[0m [FIT] wall_start=2026-04-17 17:06:26
[36m(TaskRunner pid=171623)[0m Checkpoint tracker file does not exist: /workspace/repo/verl_sglang/verl_customize/checkpoints/aime_async_rl/2gpu_model_multiturn_aime_workload_analysis/latest_checkpointed_iteration.txt
[36m(TaskRunner pid=171623)[0m Training from scratch
[36m(TaskRunner pid=171623)[0m [ROLLOUT] walltime_before=161140.107250 step=1
[36m(AgentLoopWorker pid=175740)[0m Using dataset class: RLHFDataset
[36m(AgentLoopWorker pid=175740)[0m {
[36m(AgentLoopWorker pid=175740)[0m   "type": "function",
[36m(AgentLoopWorker pid=175740)[0m   "function": {
[36m(AgentLoopWorker pid=175740)[0m     "name": "calc_math_reward",
[36m(AgentLoopWorker pid=175740)[0m     "description": "A tool for calculating the reward of a math answer (1.0 if correct, 0.0 otherwise).",
[36m(AgentLoopWorker pid=175740)[0m     "parameters": {
[36m(AgentLoopWorker pid=175740)[0m       "type": "object",
[36m(AgentLoopWorker pid=175740)[0m       "properties": {
[36m(AgentLoopWorker pid=175740)[0m         "answer": {
[36m(AgentLoopWorker pid=175740)[0m           "type": "string",
[36m(AgentLoopWorker pid=175740)[0m           "description": "The model's final answer (preferably within \\boxed{})."
[36m(AgentLoopWorker pid=175740)[0m         }
[36m(AgentLoopWorker pid=175740)[0m       },
[36m(AgentLoopWorker pid=175740)[0m       "required": [
[36m(AgentLoopWorker pid=175740)[0m         "answer"
[36m(AgentLoopWorker pid=175740)[0m       ]
[36m(AgentLoopWorker pid=175740)[0m     }
[36m(AgentLoopWorker pid=175740)[0m   }
[36m(AgentLoopWorker pid=175740)[0m }
[36m(AgentLoopWorker pid=175740)[0m {
[36m(AgentLoopWorker pid=175740)[0m   "type": "function",
[36m(AgentLoopWorker pid=175740)[0m   "function": {
[36m(AgentLoopWorker pid=175740)[0m     "name": "calc_math_reward",
[36m(AgentLoopWorker pid=175740)[0m     "description": "A tool for calculating the reward of a math answer (1.0 if correct, 0.0 otherwise).",
[36m(AgentLoopWorker pid=175740)[0m     "parameters": {
[36m(AgentLoopWorker pid=175740)[0m       "type": "object",
[36m(AgentLoopWorker pid=175740)[0m       "properties": {
[36m(AgentLoopWorker pid=175740)[0m         "answer": {
[36m(AgentLoopWorker pid=175740)[0m           "type": "string",
[36m(AgentLoopWorker pid=175740)[0m           "description": "The model's final answer (preferably within \\boxed{})."
[36m(AgentLoopWorker pid=175740)[0m         }
[36m(AgentLoopWorker pid=175740)[0m       },
[36m(AgentLoopWorker pid=175740)[0m       "required": [
[36m(AgentLoopWorker pid=175740)[0m         "answer"
[36m(AgentLoopWorker pid=175740)[0m       ]
[36m(AgentLoopWorker pid=175740)[0m     }
[36m(AgentLoopWorker pid=175740)[0m   }
[36m(AgentLoopWorker pid=175740)[0m }
[36m(AgentLoopWorker pid=175740)[0m {
[36m(AgentLoopWorker pid=175740)[0m   "type": "function",
[36m(AgentLoopWorker pid=175740)[0m   "function": {
[36m(AgentLoopWorker pid=175740)[0m     "name": "calc_math_reward",
[36m(AgentLoopWorker pid=175740)[0m     "description": "A tool for calculating the reward of a math answer (1.0 if correct, 0.0 otherwise).",
[36m(AgentLoopWorker pid=175740)[0m     "parameters": {
[36m(AgentLoopWorker pid=175740)[0m       "type": "object",
[36m(AgentLoopWorker pid=175740)[0m       "properties": {
[36m(AgentLoopWorker pid=175740)[0m         "answer": {
[36m(AgentLoopWorker pid=175740)[0m           "type": "string",
[36m(AgentLoopWorker pid=175740)[0m           "description": "The model's final answer (preferably within \\boxed{})."
[36m(AgentLoopWorker pid=175740)[0m         }
[36m(AgentLoopWorker pid=175740)[0m       },
[36m(AgentLoopWorker pid=175740)[0m       "required": [
[36m(AgentLoopWorker pid=175740)[0m         "answer"
[36m(AgentLoopWorker pid=175740)[0m       ]
[36m(AgentLoopWorker pid=175740)[0m     }
[36m(AgentLoopWorker pid=175740)[0m   }
[36m(AgentLoopWorker pid=175740)[0m }
[36m(AgentLoopWorker pid=175740)[0m {
[36m(AgentLoopWorker pid=175740)[0m   "type": "function",
[36m(AgentLoopWorker pid=175740)[0m   "function": {
[36m(AgentLoopWorker pid=175740)[0m     "name": "calc_math_reward",
[36m(AgentLoopWorker pid=175740)[0m     "description": "A tool for calculating the reward of a math answer (1.0 if correct, 0.0 otherwise).",
[36m(AgentLoopWorker pid=175740)[0m     "parameters": {
[36m(AgentLoopWorker pid=175740)[0m       "type": "object",
[36m(AgentLoopWorker pid=175740)[0m       "properties": {
[36m(AgentLoopWorker pid=175740)[0m         "answer": {
[36m(AgentLoopWorker pid=175740)[0m           "type": "string",
[36m(AgentLoopWorker pid=175740)[0m           "description": "The model's final answer (preferably within \\boxed{})."
[36m(AgentLoopWorker pid=175740)[0m         }
[36m(AgentLoopWorker pid=175740)[0m       },
[36m(AgentLoopWorker pid=175740)[0m       "required": [
[36m(AgentLoopWorker pid=175740)[0m         "answer"
[36m(AgentLoopWorker pid=175740)[0m       ]
[36m(AgentLoopWorker pid=175740)[0m     }
[36m(AgentLoopWorker pid=175740)[0m   }
[36m(AgentLoopWorker pid=175740)[0m }
[36m(AgentLoopWorker pid=175740)[0m {
[36m(AgentLoopWorker pid=175740)[0m   "type": "function",
[36m(AgentLoopWorker pid=175740)[0m   "function": {
[36m(AgentLoopWorker pid=175740)[0m     "name": "calc_math_reward",
[36m(AgentLoopWorker pid=175740)[0m     "description": "A tool for calculating the reward of a math answer (1.0 if correct, 0.0 otherwise).",
[36m(AgentLoopWorker pid=175740)[0m     "parameters": {
[36m(AgentLoopWorker pid=175740)[0m       "type": "object",
[36m(AgentLoopWorker pid=175740)[0m       "properties": {
[36m(AgentLoopWorker pid=175740)[0m         "answer": {
[36m(AgentLoopWorker pid=175740)[0m           "type": "string",
[36m(AgentLoopWorker pid=175740)[0m           "description": "The model's final answer (preferably within \\boxed{})."
[36m(AgentLoopWorker pid=175740)[0m         }
[36m(AgentLoopWorker pid=175740)[0m       },
[36m(AgentLoopWorker pid=175740)[0m       "required": [
[36m(AgentLoopWorker pid=175740)[0m         "answer"
[36m(AgentLoopWorker pid=175740)[0m       ]
[36m(AgentLoopWorker pid=175740)[0m     }
[36m(AgentLoopWorker pid=175740)[0m   }
[36m(AgentLoopWorker pid=175740)[0m }
[36m(AgentLoopWorker pid=175740)[0m {
[36m(AgentLoopWorker pid=175740)[0m   "type": "function",
[36m(AgentLoopWorker pid=175740)[0m   "function": {
[36m(AgentLoopWorker pid=175740)[0m     "name": "calc_math_reward",
[36m(AgentLoopWorker pid=175740)[0m     "description": "A tool for calculating the reward of a math answer (1.0 if correct, 0.0 otherwise).",
[36m(AgentLoopWorker pid=175740)[0m     "parameters": {
[36m(AgentLoopWorker pid=175740)[0m       "type": "object",
[36m(AgentLoopWorker pid=175740)[0m       "properties": {
[36m(AgentLoopWorker pid=175740)[0m         "answer": {
[36m(AgentLoopWorker pid=175740)[0m           "type": "string",
[36m(AgentLoopWorker pid=175740)[0m           "description": "The model's final answer (preferably within \\boxed{})."
[36m(AgentLoopWorker pid=175740)[0m         }
[36m(AgentLoopWorker pid=175740)[0m       },
[36m(AgentLoopWorker pid=175740)[0m       "required": [
[36m(AgentLoopWorker pid=175740)[0m         "answer"
[36m(AgentLoopWorker pid=175740)[0m       ]
[36m(AgentLoopWorker pid=175740)[0m     }
[36m(AgentLoopWorker pid=175740)[0m   }
[36m(AgentLoopWorker pid=175740)[0m }
[36m(AgentLoopWorker pid=175740)[0m {
[36m(AgentLoopWorker pid=175740)[0m   "type": "function",
[36m(AgentLoopWorker pid=175740)[0m   "function": {
[36m(AgentLoopWorker pid=175740)[0m     "name": "calc_math_reward",
[36m(AgentLoopWorker pid=175740)[0m     "description": "A tool for calculating the reward of a math answer (1.0 if correct, 0.0 otherwise).",
[36m(AgentLoopWorker pid=175740)[0m     "parameters": {
[36m(AgentLoopWorker pid=175740)[0m       "type": "object",
[36m(AgentLoopWorker pid=175740)[0m       "properties": {
[36m(AgentLoopWorker pid=175740)[0m         "answer": {
[36m(AgentLoopWorker pid=175740)[0m           "type": "string",
[36m(AgentLoopWorker pid=175740)[0m           "description": "The model's final answer (preferably within \\boxed{})."
[36m(AgentLoopWorker pid=175740)[0m         }
[36m(AgentLoopWorker pid=175740)[0m       },
[36m(AgentLoopWorker pid=175740)[0m       "required": [
[36m(AgentLoopWorker pid=175740)[0m         "answer"
[36m(AgentLoopWorker pid=175740)[0m       ]
[36m(AgentLoopWorker pid=175740)[0m     }
[36m(AgentLoopWorker pid=175740)[0m   }
[36m(AgentLoopWorker pid=175740)[0m }
[36m(AgentLoopWorker pid=175740)[0m {
[36m(AgentLoopWorker pid=175740)[0m   "type": "function",
[36m(AgentLoopWorker pid=175740)[0m   "function": {
[36m(AgentLoopWorker pid=175740)[0m     "name": "calc_math_reward",
[36m(AgentLoopWorker pid=175740)[0m     "description": "A tool for calculating the reward of a math answer (1.0 if correct, 0.0 otherwise).",
[36m(AgentLoopWorker pid=175740)[0m     "parameters": {
[36m(AgentLoopWorker pid=175740)[0m       "type": "object",
[36m(AgentLoopWorker pid=175740)[0m       "properties": {
[36m(AgentLoopWorker pid=175740)[0m         "answer": {
[36m(AgentLoopWorker pid=175740)[0m           "type": "string",
[36m(AgentLoopWorker pid=175740)[0m           "description": "The model's final answer (preferably within \\boxed{})."
[36m(AgentLoopWorker pid=175740)[0m         }
[36m(AgentLoopWorker pid=175740)[0m       },
[36m(AgentLoopWorker pid=175740)[0m       "required": [
[36m(AgentLoopWorker pid=175740)[0m         "answer"
[36m(AgentLoopWorker pid=175740)[0m       ]
[36m(AgentLoopWorker pid=175740)[0m     }
[36m(AgentLoopWorker pid=175740)[0m   }
[36m(AgentLoopWorker pid=175740)[0m }
[36m(AgentLoopWorker pid=175740)[0m {
[36m(AgentLoopWorker pid=175740)[0m   "type": "function",
[36m(AgentLoopWorker pid=175740)[0m   "function": {
[36m(AgentLoopWorker pid=175740)[0m     "name": "calc_math_reward",
[36m(AgentLoopWorker pid=175740)[0m     "description": "A tool for calculating the reward of a math answer (1.0 if correct, 0.0 otherwise).",
[36m(AgentLoopWorker pid=175740)[0m     "parameters": {
[36m(AgentLoopWorker pid=175740)[0m       "type": "object",
[36m(AgentLoopWorker pid=175740)[0m       "properties": {
[36m(AgentLoopWorker pid=175740)[0m         "answer": {
[36m(AgentLoopWorker pid=175740)[0m           "type": "string",
[36m(AgentLoopWorker pid=175740)[0m           "description": "The model's final answer (preferably within \\boxed{})."
[36m(AgentLoopWorker pid=175740)[0m         }
[36m(AgentLoopWorker pid=175740)[0m       },
[36m(AgentLoopWorker pid=175740)[0m       "required": [
[36m(AgentLoopWorker pid=175740)[0m         "answer"
[36m(AgentLoopWorker pid=175740)[0m       ]
[36m(AgentLoopWorker pid=175740)[0m     }
[36m(AgentLoopWorker pid=175740)[0m   }
[36m(AgentLoopWorker pid=175740)[0m }
[36m(AgentLoopWorker pid=175740)[0m {
[36m(AgentLoopWorker pid=175740)[0m   "type": "function",
[36m(AgentLoopWorker pid=175740)[0m   "function": {
[36m(AgentLoopWorker pid=175740)[0m     "name": "calc_math_reward",
[36m(AgentLoopWorker pid=175740)[0m     "description": "A tool for calculating the reward of a math answer (1.0 if correct, 0.0 otherwise).",
[36m(AgentLoopWorker pid=175740)[0m     "parameters": {
[36m(AgentLoopWorker pid=175740)[0m       "type": "object",
[36m(AgentLoopWorker pid=175740)[0m       "properties": {
[36m(AgentLoopWorker pid=175740)[0m         "answer": {
[36m(AgentLoopWorker pid=175740)[0m           "type": "string",
[36m(AgentLoopWorker pid=175740)[0m           "description": "The model's final answer (preferably within \\boxed{})."
[36m(AgentLoopWorker pid=175740)[0m         }
[36m(AgentLoopWorker pid=175740)[0m       },
[36m(AgentLoopWorker pid=175740)[0m       "required": [
[36m(AgentLoopWorker pid=175740)[0m         "answer"
[36m(AgentLoopWorker pid=175740)[0m       ]
[36m(AgentLoopWorker pid=175740)[0m     }
[36m(AgentLoopWorker pid=175740)[0m   }
[36m(AgentLoopWorker pid=175740)[0m }
[36m(AgentLoopWorker pid=175740)[0m {
[36m(AgentLoopWorker pid=175740)[0m   "type": "function",
[36m(AgentLoopWorker pid=175740)[0m   "function": {
[36m(AgentLoopWorker pid=175740)[0m     "name": "calc_math_reward",
[36m(AgentLoopWorker pid=175740)[0m     "description": "A tool for calculating the reward of a math answer (1.0 if correct, 0.0 otherwise).",
[36m(AgentLoopWorker pid=175740)[0m     "parameters": {
[36m(AgentLoopWorker pid=175740)[0m       "type": "object",
[36m(AgentLoopWorker pid=175740)[0m       "properties": {
[36m(AgentLoopWorker pid=175740)[0m         "answer": {
[36m(AgentLoopWorker pid=175740)[0m           "type": "string",
[36m(AgentLoopWorker pid=175740)[0m           "description": "The model's final answer (preferably within \\boxed{})."
[36m(AgentLoopWorker pid=175740)[0m         }
[36m(AgentLoopWorker pid=175740)[0m       },
[36m(AgentLoopWorker pid=175740)[0m       "required": [
[36m(AgentLoopWorker pid=175740)[0m         "answer"
[36m(AgentLoopWorker pid=175740)[0m       ]
[36m(AgentLoopWorker pid=175740)[0m     }
[36m(AgentLoopWorker pid=175740)[0m   }
[36m(AgentLoopWorker pid=175740)[0m }
[36m(AgentLoopWorker pid=175740)[0m {
[36m(AgentLoopWorker pid=175740)[0m   "type": "function",
[36m(AgentLoopWorker pid=175740)[0m   "function": {
[36m(AgentLoopWorker pid=175740)[0m     "name": "calc_math_reward",
[36m(AgentLoopWorker pid=175740)[0m     "description": "A tool for calculating the reward of a math answer (1.0 if correct, 0.0 otherwise).",
[36m(AgentLoopWorker pid=175740)[0m     "parameters": {
[36m(AgentLoopWorker pid=175740)[0m       "type": "object",
[36m(AgentLoopWorker pid=175740)[0m       "properties": {
[36m(AgentLoopWorker pid=175740)[0m         "answer": {
[36m(AgentLoopWorker pid=175740)[0m           "type": "string",
[36m(AgentLoopWorker pid=175740)[0m           "description": "The model's final answer (preferably within \\boxed{})."
[36m(AgentLoopWorker pid=175740)[0m         }
[36m(AgentLoopWorker pid=175740)[0m       },
[36m(AgentLoopWorker pid=175740)[0m       "required": [
[36m(AgentLoopWorker pid=175740)[0m         "answer"
[36m(AgentLoopWorker pid=175740)[0m       ]
[36m(AgentLoopWorker pid=175740)[0m     }
[36m(AgentLoopWorker pid=175740)[0m   }
[36m(AgentLoopWorker pid=175740)[0m }
[36m(AgentLoopWorker pid=175740)[0m {
[36m(AgentLoopWorker pid=175740)[0m   "type": "function",
[36m(AgentLoopWorker pid=175740)[0m   "function": {
[36m(AgentLoopWorker pid=175740)[0m     "name": "calc_math_reward",
[36m(AgentLoopWorker pid=175740)[0m     "description": "A tool for calculating the reward of a math answer (1.0 if correct, 0.0 otherwise).",
[36m(AgentLoopWorker pid=175740)[0m     "parameters": {
[36m(AgentLoopWorker pid=175740)[0m       "type": "object",
[36m(AgentLoopWorker pid=175740)[0m       "properties": {
[36m(AgentLoopWorker pid=175740)[0m         "answer": {
[36m(AgentLoopWorker pid=175740)[0m           "type": "string",
[36m(AgentLoopWorker pid=175740)[0m           "description": "The model's final answer (preferably within \\boxed{})."
[36m(AgentLoopWorker pid=175740)[0m         }
[36m(AgentLoopWorker pid=175740)[0m       },
[36m(AgentLoopWorker pid=175740)[0m       "required": [
[36m(AgentLoopWorker pid=175740)[0m         "answer"
[36m(AgentLoopWorker pid=175740)[0m       ]
[36m(AgentLoopWorker pid=175740)[0m     }
[36m(AgentLoopWorker pid=175740)[0m   }
[36m(AgentLoopWorker pid=175740)[0m }
[36m(AgentLoopWorker pid=175740)[0m {
[36m(AgentLoopWorker pid=175740)[0m   "type": "function",
[36m(AgentLoopWorker pid=175740)[0m   "function": {
[36m(AgentLoopWorker pid=175740)[0m     "name": "calc_math_reward",
[36m(AgentLoopWorker pid=175740)[0m     "description": "A tool for calculating the reward of a math answer (1.0 if correct, 0.0 otherwise).",
[36m(AgentLoopWorker pid=175740)[0m     "parameters": {
[36m(AgentLoopWorker pid=175740)[0m       "type": "object",
[36m(AgentLoopWorker pid=175740)[0m       "properties": {
[36m(AgentLoopWorker pid=175740)[0m         "answer": {
[36m(AgentLoopWorker pid=175740)[0m           "type": "string",
[36m(AgentLoopWorker pid=175740)[0m           "description": "The model's final answer (preferably within \\boxed{})."
[36m(AgentLoopWorker pid=175740)[0m         }
[36m(AgentLoopWorker pid=175740)[0m       },
[36m(AgentLoopWorker pid=175740)[0m       "required": [
[36m(AgentLoopWorker pid=175740)[0m         "answer"
[36m(AgentLoopWorker pid=175740)[0m       ]
[36m(AgentLoopWorker pid=175740)[0m     }
[36m(AgentLoopWorker pid=175740)[0m   }
[36m(AgentLoopWorker pid=175740)[0m }
[36m(AgentLoopWorker pid=175740)[0m {
[36m(AgentLoopWorker pid=175740)[0m   "type": "function",
[36m(AgentLoopWorker pid=175740)[0m   "function": {
[36m(AgentLoopWorker pid=175740)[0m     "name": "calc_math_reward",
[36m(AgentLoopWorker pid=175740)[0m     "description": "A tool for calculating the reward of a math answer (1.0 if correct, 0.0 otherwise).",
[36m(AgentLoopWorker pid=175740)[0m     "parameters": {
[36m(AgentLoopWorker pid=175740)[0m       "type": "object",
[36m(AgentLoopWorker pid=175740)[0m       "properties": {
[36m(AgentLoopWorker pid=175740)[0m         "answer": {
[36m(AgentLoopWorker pid=175740)[0m           "type": "string",
[36m(AgentLoopWorker pid=175740)[0m           "description": "The model's final answer (preferably within \\boxed{})."
[36m(AgentLoopWorker pid=175740)[0m         }
[36m(AgentLoopWorker pid=175740)[0m       },
[36m(AgentLoopWorker pid=175740)[0m       "required": [
[36m(AgentLoopWorker pid=175740)[0m         "answer"
[36m(AgentLoopWorker pid=175740)[0m       ]
[36m(AgentLoopWorker pid=175740)[0m     }
[36m(AgentLoopWorker pid=175740)[0m   }
[36m(AgentLoopWorker pid=175740)[0m }
[36m(AgentLoopWorker pid=175740)[0m {
[36m(AgentLoopWorker pid=175740)[0m   "type": "function",
[36m(AgentLoopWorker pid=175740)[0m   "function": {
[36m(AgentLoopWorker pid=175740)[0m     "name": "calc_math_reward",
[36m(AgentLoopWorker pid=175740)[0m     "description": "A tool for calculating the reward of a math answer (1.0 if correct, 0.0 otherwise).",
[36m(AgentLoopWorker pid=175740)[0m     "parameters": {
[36m(AgentLoopWorker pid=175740)[0m       "type": "object",
[36m(AgentLoopWorker pid=175740)[0m       "properties": {
[36m(AgentLoopWorker pid=175740)[0m         "answer": {
[36m(AgentLoopWorker pid=175740)[0m           "type": "string",
[36m(AgentLoopWorker pid=175740)[0m           "description": "The model's final answer (preferably within \\boxed{})."
[36m(AgentLoopWorker pid=175740)[0m         }
[36m(AgentLoopWorker pid=175740)[0m       },
[36m(AgentLoopWorker pid=175740)[0m       "required": [
[36m(AgentLoopWorker pid=175740)[0m         "answer"
[36m(AgentLoopWorker pid=175740)[0m       ]
[36m(AgentLoopWorker pid=175740)[0m     }
[36m(AgentLoopWorker pid=175740)[0m   }
[36m(AgentLoopWorker pid=175740)[0m }
[36m(AgentLoopWorker pid=175740)[0m {
[36m(AgentLoopWorker pid=175740)[0m   "type": "function",
[36m(AgentLoopWorker pid=175740)[0m   "function": {
[36m(AgentLoopWorker pid=175740)[0m     "name": "calc_math_reward",
[36m(AgentLoopWorker pid=175740)[0m     "description": "A tool for calculating the reward of a math answer (1.0 if correct, 0.0 otherwise).",
[36m(AgentLoopWorker pid=175740)[0m     "parameters": {
[36m(AgentLoopWorker pid=175740)[0m       "type": "object",
[36m(AgentLoopWorker pid=175740)[0m       "properties": {
[36m(AgentLoopWorker pid=175740)[0m         "answer": {
[36m(AgentLoopWorker pid=175740)[0m           "type": "string",
[36m(AgentLoopWorker pid=175740)[0m           "description": "The model's final answer (preferably within \\boxed{})."
[36m(AgentLoopWorker pid=175740)[0m         }
[36m(AgentLoopWorker pid=175740)[0m       },
[36m(AgentLoopWorker pid=175740)[0m       "required": [
[36m(AgentLoopWorker pid=175740)[0m         "answer"
[36m(AgentLoopWorker pid=175740)[0m       ]
[36m(AgentLoopWorker pid=175740)[0m     }
[36m(AgentLoopWorker pid=175740)[0m   }
[36m(AgentLoopWorker pid=175740)[0m }
[36m(AgentLoopWorker pid=175740)[0m {
[36m(AgentLoopWorker pid=175740)[0m   "type": "function",
[36m(AgentLoopWorker pid=175740)[0m   "function": {
[36m(AgentLoopWorker pid=175740)[0m     "name": "calc_math_reward",
[36m(AgentLoopWorker pid=175740)[0m     "description": "A tool for calculating the reward of a math answer (1.0 if correct, 0.0 otherwise).",
[36m(AgentLoopWorker pid=175740)[0m     "parameters": {
[36m(AgentLoopWorker pid=175740)[0m       "type": "object",
[36m(AgentLoopWorker pid=175740)[0m       "properties": {
[36m(AgentLoopWorker pid=175740)[0m         "answer": {
[36m(AgentLoopWorker pid=175740)[0m           "type": "string",
[36m(AgentLoopWorker pid=175740)[0m           "description": "The model's final answer (preferably within \\boxed{})."
[36m(AgentLoopWorker pid=175740)[0m         }
[36m(AgentLoopWorker pid=175740)[0m       },
[36m(AgentLoopWorker pid=175740)[0m       "required": [
[36m(AgentLoopWorker pid=175740)[0m         "answer"
[36m(AgentLoopWorker pid=175740)[0m       ]
[36m(AgentLoopWorker pid=175740)[0m     }
[36m(AgentLoopWorker pid=175740)[0m   }
[36m(AgentLoopWorker pid=175740)[0m }
[36m(AgentLoopWorker pid=175740)[0m {
[36m(AgentLoopWorker pid=175740)[0m   "type": "function",
[36m(AgentLoopWorker pid=175740)[0m   "function": {
[36m(AgentLoopWorker pid=175740)[0m     "name": "calc_math_reward",
[36m(AgentLoopWorker pid=175740)[0m     "description": "A tool for calculating the reward of a math answer (1.0 if correct, 0.0 otherwise).",
[36m(AgentLoopWorker pid=175740)[0m     "parameters": {
[36m(AgentLoopWorker pid=175740)[0m       "type": "object",
[36m(AgentLoopWorker pid=175740)[0m       "properties": {
[36m(AgentLoopWorker pid=175740)[0m         "answer": {
[36m(AgentLoopWorker pid=175740)[0m           "type": "string",
[36m(AgentLoopWorker pid=175740)[0m           "description": "The model's final answer (preferably within \\boxed{})."
[36m(AgentLoopWorker pid=175740)[0m         }
[36m(AgentLoopWorker pid=175740)[0m       },
[36m(AgentLoopWorker pid=175740)[0m       "required": [
[36m(AgentLoopWorker pid=175740)[0m         "answer"
[36m(AgentLoopWorker pid=175740)[0m       ]
[36m(AgentLoopWorker pid=175740)[0m     }
[36m(AgentLoopWorker pid=175740)[0m   }
[36m(AgentLoopWorker pid=175740)[0m }
[36m(AgentLoopWorker pid=175740)[0m {
[36m(AgentLoopWorker pid=175740)[0m   "type": "function",
[36m(AgentLoopWorker pid=175740)[0m   "function": {
[36m(AgentLoopWorker pid=175740)[0m     "name": "calc_math_reward",
[36m(AgentLoopWorker pid=175740)[0m     "description": "A tool for calculating the reward of a math answer (1.0 if correct, 0.0 otherwise).",
[36m(AgentLoopWorker pid=175740)[0m     "parameters": {
[36m(AgentLoopWorker pid=175740)[0m       "type": "object",
[36m(AgentLoopWorker pid=175740)[0m       "properties": {
[36m(AgentLoopWorker pid=175740)[0m         "answer": {
[36m(AgentLoopWorker pid=175740)[0m           "type": "string",
[36m(AgentLoopWorker pid=175740)[0m           "description": "The model's final answer (preferably within \\boxed{})."
[36m(AgentLoopWorker pid=175740)[0m         }
[36m(AgentLoopWorker pid=175740)[0m       },
[36m(AgentLoopWorker pid=175740)[0m       "required": [
[36m(AgentLoopWorker pid=175740)[0m         "answer"
[36m(AgentLoopWorker pid=175740)[0m       ]
[36m(AgentLoopWorker pid=175740)[0m     }
[36m(AgentLoopWorker pid=175740)[0m   }
[36m(AgentLoopWorker pid=175740)[0m }
[36m(AgentLoopWorker pid=175740)[0m {
[36m(AgentLoopWorker pid=175740)[0m   "type": "function",
[36m(AgentLoopWorker pid=175740)[0m   "function": {
[36m(AgentLoopWorker pid=175740)[0m     "name": "calc_math_reward",
[36m(AgentLoopWorker pid=175740)[0m     "description": "A tool for calculating the reward of a math answer (1.0 if correct, 0.0 otherwise).",
[36m(AgentLoopWorker pid=175740)[0m     "parameters": {
[36m(AgentLoopWorker pid=175740)[0m       "type": "object",
[36m(AgentLoopWorker pid=175740)[0m       "properties": {
[36m(AgentLoopWorker pid=175740)[0m         "answer": {
[36m(AgentLoopWorker pid=175740)[0m           "type": "string",
[36m(AgentLoopWorker pid=175740)[0m           "description": "The model's final answer (preferably within \\boxed{})."
[36m(AgentLoopWorker pid=175740)[0m         }
[36m(AgentLoopWorker pid=175740)[0m       },
[36m(AgentLoopWorker pid=175740)[0m       "required": [
[36m(AgentLoopWorker pid=175740)[0m         "answer"
[36m(AgentLoopWorker pid=175740)[0m       ]
[36m(AgentLoopWorker pid=175740)[0m     }
[36m(AgentLoopWorker pid=175740)[0m   }
[36m(AgentLoopWorker pid=175740)[0m }
[36m(AgentLoopWorker pid=175740)[0m {
[36m(AgentLoopWorker pid=175740)[0m   "type": "function",
[36m(AgentLoopWorker pid=175740)[0m   "function": {
[36m(AgentLoopWorker pid=175740)[0m     "name": "calc_math_reward",
[36m(AgentLoopWorker pid=175740)[0m     "description": "A tool for calculating the reward of a math answer (1.0 if correct, 0.0 otherwise).",
[36m(AgentLoopWorker pid=175740)[0m     "parameters": {
[36m(AgentLoopWorker pid=175740)[0m       "type": "object",
[36m(AgentLoopWorker pid=175740)[0m       "properties": {
[36m(AgentLoopWorker pid=175740)[0m         "answer": {
[36m(AgentLoopWorker pid=175740)[0m           "type": "string",
[36m(AgentLoopWorker pid=175740)[0m           "description": "The model's final answer (preferably within \\boxed{})."
[36m(AgentLoopWorker pid=175740)[0m         }
[36m(AgentLoopWorker pid=175740)[0m       },
[36m(AgentLoopWorker pid=175740)[0m       "required": [
[36m(AgentLoopWorker pid=175740)[0m         "answer"
[36m(AgentLoopWorker pid=175740)[0m       ]
[36m(AgentLoopWorker pid=175740)[0m     }
[36m(AgentLoopWorker pid=175740)[0m   }
[36m(AgentLoopWorker pid=175740)[0m }
[36m(AgentLoopWorker pid=175740)[0m {
[36m(AgentLoopWorker pid=175740)[0m   "type": "function",
[36m(AgentLoopWorker pid=175740)[0m   "function": {
[36m(AgentLoopWorker pid=175740)[0m     "name": "calc_math_reward",
[36m(AgentLoopWorker pid=175740)[0m     "description": "A tool for calculating the reward of a math answer (1.0 if correct, 0.0 otherwise).",
[36m(AgentLoopWorker pid=175740)[0m     "parameters": {
[36m(AgentLoopWorker pid=175740)[0m       "type": "object",
[36m(AgentLoopWorker pid=175740)[0m       "properties": {
[36m(AgentLoopWorker pid=175740)[0m         "answer": {
[36m(AgentLoopWorker pid=175740)[0m           "type": "string",
[36m(AgentLoopWorker pid=175740)[0m           "description": "The model's final answer (preferably within \\boxed{})."
[36m(AgentLoopWorker pid=175740)[0m         }
[36m(AgentLoopWorker pid=175740)[0m       },
[36m(AgentLoopWorker pid=175740)[0m       "required": [
[36m(AgentLoopWorker pid=175740)[0m         "answer"
[36m(AgentLoopWorker pid=175740)[0m       ]
[36m(AgentLoopWorker pid=175740)[0m     }
[36m(AgentLoopWorker pid=175740)[0m   }
[36m(AgentLoopWorker pid=175740)[0m }
[36m(AgentLoopWorker pid=175740)[0m {
[36m(AgentLoopWorker pid=175740)[0m   "type": "function",
[36m(AgentLoopWorker pid=175740)[0m   "function": {
[36m(AgentLoopWorker pid=175740)[0m     "name": "calc_math_reward",
[36m(AgentLoopWorker pid=175740)[0m     "description": "A tool for calculating the reward of a math answer (1.0 if correct, 0.0 otherwise).",
[36m(AgentLoopWorker pid=175740)[0m     "parameters": {
[36m(AgentLoopWorker pid=175740)[0m       "type": "object",
[36m(AgentLoopWorker pid=175740)[0m       "properties": {
[36m(AgentLoopWorker pid=175740)[0m         "answer": {
[36m(AgentLoopWorker pid=175740)[0m           "type": "string",
[36m(AgentLoopWorker pid=175740)[0m           "description": "The model's final answer (preferably within \\boxed{})."
[36m(AgentLoopWorker pid=175740)[0m         }
[36m(AgentLoopWorker pid=175740)[0m       },
[36m(AgentLoopWorker pid=175740)[0m       "required": [
[36m(AgentLoopWorker pid=175740)[0m         "answer"
[36m(AgentLoopWorker pid=175740)[0m       ]
[36m(AgentLoopWorker pid=175740)[0m     }
[36m(AgentLoopWorker pid=175740)[0m   }
[36m(AgentLoopWorker pid=175740)[0m }
[36m(AgentLoopWorker pid=175740)[0m {
[36m(AgentLoopWorker pid=175740)[0m   "type": "function",
[36m(AgentLoopWorker pid=175740)[0m   "function": {
[36m(AgentLoopWorker pid=175740)[0m     "name": "calc_math_reward",
[36m(AgentLoopWorker pid=175740)[0m     "description": "A tool for calculating the reward of a math answer (1.0 if correct, 0.0 otherwise).",
[36m(AgentLoopWorker pid=175740)[0m     "parameters": {
[36m(AgentLoopWorker pid=175740)[0m       "type": "object",
[36m(AgentLoopWorker pid=175740)[0m       "properties": {
[36m(AgentLoopWorker pid=175740)[0m         "answer": {
[36m(AgentLoopWorker pid=175740)[0m           "type": "string",
[36m(AgentLoopWorker pid=175740)[0m           "description": "The model's final answer (preferably within \\boxed{})."
[36m(AgentLoopWorker pid=175740)[0m         }
[36m(AgentLoopWorker pid=175740)[0m       },
[36m(AgentLoopWorker pid=175740)[0m       "required": [
[36m(AgentLoopWorker pid=175740)[0m         "answer"
[36m(AgentLoopWorker pid=175740)[0m       ]
[36m(AgentLoopWorker pid=175740)[0m     }
[36m(AgentLoopWorker pid=175740)[0m   }
[36m(AgentLoopWorker pid=175740)[0m }
[36m(AgentLoopWorker pid=175740)[0m {
[36m(AgentLoopWorker pid=175740)[0m   "type": "function",
[36m(AgentLoopWorker pid=175740)[0m   "function": {
[36m(AgentLoopWorker pid=175740)[0m     "name": "calc_math_reward",
[36m(AgentLoopWorker pid=175740)[0m     "description": "A tool for calculating the reward of a math answer (1.0 if correct, 0.0 otherwise).",
[36m(AgentLoopWorker pid=175740)[0m     "parameters": {
[36m(AgentLoopWorker pid=175740)[0m       "type": "object",
[36m(AgentLoopWorker pid=175740)[0m       "properties": {
[36m(AgentLoopWorker pid=175740)[0m         "answer": {
[36m(AgentLoopWorker pid=175740)[0m           "type": "string",
[36m(AgentLoopWorker pid=175740)[0m           "description": "The model's final answer (preferably within \\boxed{})."
[36m(AgentLoopWorker pid=175740)[0m         }
[36m(AgentLoopWorker pid=175740)[0m       },
[36m(AgentLoopWorker pid=175740)[0m       "required": [
[36m(AgentLoopWorker pid=175740)[0m         "answer"
[36m(AgentLoopWorker pid=175740)[0m       ]
[36m(AgentLoopWorker pid=175740)[0m     }
[36m(AgentLoopWorker pid=175740)[0m   }
[36m(AgentLoopWorker pid=175740)[0m }
[36m(AgentLoopWorker pid=175740)[0m {
[36m(AgentLoopWorker pid=175740)[0m   "type": "function",
[36m(AgentLoopWorker pid=175740)[0m   "function": {
[36m(AgentLoopWorker pid=175740)[0m     "name": "calc_math_reward",
[36m(AgentLoopWorker pid=175740)[0m     "description": "A tool for calculating the reward of a math answer (1.0 if correct, 0.0 otherwise).",
[36m(AgentLoopWorker pid=175740)[0m     "parameters": {
[36m(AgentLoopWorker pid=175740)[0m       "type": "object",
[36m(AgentLoopWorker pid=175740)[0m       "properties": {
[36m(AgentLoopWorker pid=175740)[0m         "answer": {[36m(AgentLoopWorker pid=175738)[0m /workspace/repo/verl_sglang/verl_customize/sglang/python/sglang/srt/layers/attention/fla/utils.py:212: UserWarning: Triton is not supported on current platform, roll back to CPU.[32m [repeated 7x across cluster][0m
[36m(AgentLoopWorker pid=175738)[0m   warnings.warn([32m [repeated 7x across cluster][0m
[36m(AgentLoopWorker pid=175740)[0m You're using a PreTrainedTokenizerFast tokenizer. Please note that with a fast tokenizer, using the `__call__` method is faster than using a method to encode the text followed by a call to the `pad` method to get a padded encoding.
[36m(AgentLoopWorker pid=175741)[0m /workspace/repo/verl_sglang/verl_customize/sglang/python/sglang/srt/layers/quantization/awq.py:76: UserWarning: Only CUDA, HIP and XPU support AWQ currently.[32m [repeated 7x across cluster][0m
[36m(AgentLoopWorker pid=175741)[0m   warnings.warn(f"Only CUDA, HIP and XPU support AWQ currently.")[32m [repeated 7x across cluster][0m
[36m(AgentLoopWorker pid=175741)[0m /workspace/repo/verl_sglang/verl_customize/sglang/python/sglang/srt/layers/quantization/gguf.py:47: UserWarning: Only CUDA support GGUF quantization currently.[32m [repeated 7x across cluster][0m
[36m(AgentLoopWorker pid=175741)[0m   warnings.warn(f"Only CUDA support GGUF quantization currently.")[32m [repeated 7x across cluster][0m
[36m(AgentLoopWorker pid=175739)[0m <frozen importlib._bootstrap_external>:1301: FutureWarning: The cuda.cudart module is deprecated and will be removed in a future release, please switch to use the cuda.bindings.runtime module instead.[32m [repeated 7x across cluster][0m
[36m(AgentLoopWorker pid=175739)[0m <frozen importlib._bootstrap_external>:1301: FutureWarning: The cuda.nvrtc module is deprecated and will be removed in a future release, please switch to use the cuda.bindings.nvrtc module instead.[32m [repeated 7x across cluster][0m
[36m(AgentLoopWorker pid=175742)[0m /workspace/repo/verl_sglang/verl_customize/verl/utils/tokenizer.py:31: UserWarning: tokenizer.pad_token_id is None. Now set to 128009[32m [repeated 7x across cluster][0m
[36m(AgentLoopWorker pid=175742)[0m   warnings.warn(f"tokenizer.pad_token_id is None. Now set to {tokenizer.eos_token_id}", stacklevel=1)[32m [repeated 7x across cluster][0m
[36m(AgentLoopWorker pid=175741)[0m /workspace/repo/verl_sglang/verl_customize/verl/utils/tokenizer.py:109: UserWarning: Failed to create processor: Unsupported processor type: PreTrainedTokenizerFast. This may affect multimodal processing[32m [repeated 7x across cluster][0m
[36m(AgentLoopWorker pid=175741)[0m   warnings.warn(f"Failed to create processor: {e}. This may affect multimodal processing", stacklevel=1)[32m [repeated 7x across cluster][0m
[36m(AgentLoopWorker pid=175735)[0m WARNING:2026-04-17 17:06:48,699:Error when executing tool: 'calc_complex_function'
[36m(AgentLoopWorker pid=175739)[0m You're using a PreTrainedTokenizerFast tokenizer. Please note that with a fast tokenizer, using the `__call__` method is faster than using a method to encode the text followed by a call to the `pad` method to get a padded encoding.[32m [repeated 7x across cluster][0m
[36m(SGLangHttpServer pid=174041)[0m [2026-04-17 17:07:38] Prompt length 8218 > max_model_len 8192; truncated from the left (kept last 8192 tokens).

[36m(AgentLoopWorker pid=175740)[0m           "type": "string",
[36m(AgentLoopWorker pid=175740)[0m           "description": "The model's final answer (preferably within \\boxed{})."
[36m(AgentLoopWorker pid=175740)[0m         }
[36m(AgentLoopWorker pid=175740)[0m       },
[36m(AgentLoopWorker pid=175740)[0m       "required": [
[36m(AgentLoopWorker pid=175740)[0m         "answer"
[36m(AgentLoopWorker pid=175740)[0m       ]
[36m(AgentLoopWorker pid=175740)[0m     }
[36m(AgentLoopWorker pid=175740)[0m   }
[36m(AgentLoopWorker pid=175740)[0m }
[36m(AgentLoopWorker pid=175740)[0m {
[36m(AgentLoopWorker pid=175740)[0m   "type": "function",
[36m(AgentLoopWorker pid=175740)[0m   "function": {
[36m(AgentLoopWorker pid=175740)[0m     "name": "calc_math_reward",
[36m(AgentLoopWorker pid=175740)[0m     "description": "A tool for calculating the reward of a math answer (1.0 if correct, 0.0 otherwise).",
[36m(AgentLoopWorker pid=175740)[0m     "parameters": {
[36m(AgentLoopWorker pid=175740)[0m       "type": "object",
[36m(AgentLoopWorker pid=175740)[0m       "properties": {
[36m(AgentLoopWorker pid=175740)[0m         "answer": {
[36m(AgentLoopWorker pid=175740)[0m           "type": "string",
[36m(AgentLoopWorker pid=175740)[0m           "description": "The model's final answer (preferably within \\boxed{})."
[36m(AgentLoopWorker pid=175740)[0m         }
[36m(AgentLoopWorker pid=175740)[0m       },
[36m(AgentLoopWorker pid=175740)[0m       "required": [
[36m(AgentLoopWorker pid=175740)[0m         "answer"
[36m(AgentLoopWorker pid=175740)[0m       ]
[36m(AgentLoopWorker pid=175740)[0m     }
[36m(AgentLoopWorker pid=175740)[0m   }
[36m(AgentLoopWorker pid=175740)[0m }
[36m(AgentLoopWorker pid=175740)[0m {
[36m(AgentLoopWorker pid=175740)[0m   "type": "function",
[36m(AgentLoopWorker pid=175740)[0m   "function": {
[36m(AgentLoopWorker pid=175740)[0m     "name": "calc_math_reward",
[36m(AgentLoopWorker pid=175740)[0m     "description": "A tool for calculating the reward of a math answer (1.0 if correct, 0.0 otherwise).",
[36m(AgentLoopWorker pid=175740)[0m     "parameters": {
[36m(AgentLoopWorker pid=175740)[0m       "type": "object",
[36m(AgentLoopWorker pid=175740)[0m       "properties": {
[36m(AgentLoopWorker pid=175740)[0m         "answer": {
[36m(AgentLoopWorker pid=175740)[0m           "type": "string",
[36m(AgentLoopWorker pid=175740)[0m           "description": "The model's final answer (preferably within \\boxed{})."
[36m(AgentLoopWorker pid=175740)[0m         }
[36m(AgentLoopWorker pid=175740)[0m       },
[36m(AgentLoopWorker pid=175740)[0m       "required": [
[36m(AgentLoopWorker pid=175740)[0m         "answer"
[36m(AgentLoopWorker pid=175740)[0m       ]
[36m(AgentLoopWorker pid=175740)[0m     }
[36m(AgentLoopWorker pid=175740)[0m   }
[36m(AgentLoopWorker pid=175740)[0m }
[36m(AgentLoopWorker pid=175740)[0m {
[36m(AgentLoopWorker pid=175740)[0m   "type": "function",
[36m(AgentLoopWorker pid=175740)[0m   "function": {
[36m(AgentLoopWorker pid=175740)[0m     "name": "calc_math_reward",
[36m(AgentLoopWorker pid=175740)[0m     "description": "A tool for calculating the reward of a math answer (1.0 if correct, 0.0 otherwise).",
[36m(AgentLoopWorker pid=175740)[0m     "parameters": {
[36m(AgentLoopWorker pid=175740)[0m       "type": "object",
[36m(AgentLoopWorker pid=175740)[0m       "properties": {
[36m(AgentLoopWorker pid=175740)[0m         "answer": {
[36m(AgentLoopWorker pid=175740)[0m           "type": "string",
[36m(AgentLoopWorker pid=175740)[0m           "description": "The model's final answer (preferably within \\boxed{})."
[36m(AgentLoopWorker pid=175740)[0m         }
[36m(AgentLoopWorker pid=175740)[0m       },
[36m(AgentLoopWorker pid=175740)[0m       "required": [
[36m(AgentLoopWorker pid=175740)[0m         "answer"
[36m(AgentLoopWorker pid=175740)[0m       ]
[36m(AgentLoopWorker pid=175740)[0m     }
[36m(AgentLoopWorker pid=175740)[0m   }
[36m(AgentLoopWorker pid=175740)[0m }
[36m(AgentLoopWorker pid=175740)[0m {
[36m(AgentLoopWorker pid=175740)[0m   "type": "function",
[36m(AgentLoopWorker pid=175740)[0m   "function": {
[36m(AgentLoopWorker pid=175740)[0m     "name": "calc_math_reward",
[36m(AgentLoopWorker pid=175740)[0m     "description": "A tool for calculating the reward of a math answer (1.0 if correct, 0.0 otherwise).",
[36m(AgentLoopWorker pid=175740)[0m     "parameters": {
[36m(AgentLoopWorker pid=175740)[0m       "type": "object",
[36m(AgentLoopWorker pid=175740)[0m       "properties": {
[36m(AgentLoopWorker pid=175740)[0m         "answer": {
[36m(AgentLoopWorker pid=175740)[0m           "type": "string",
[36m(AgentLoopWorker pid=175740)[0m           "description": "The model's final answer (preferably within \\boxed{})."
[36m(AgentLoopWorker pid=175740)[0m         }
[36m(AgentLoopWorker pid=175740)[0m       },
[36m(AgentLoopWorker pid=175740)[0m       "required": [
[36m(AgentLoopWorker pid=175740)[0m         "answer"
[36m(AgentLoopWorker pid=175740)[0m       ]
[36m(AgentLoopWorker pid=175740)[0m     }
[36m(AgentLoopWorker pid=175740)[0m   }
[36m(AgentLoopWorker pid=175740)[0m }
[36m(AgentLoopWorker pid=175740)[0m {
[36m(AgentLoopWorker pid=175740)[0m   "type": "function",
[36m(AgentLoopWorker pid=175740)[0m   "function": {
[36m(AgentLoopWorker pid=175740)[0m     "name": "calc_math_reward",
[36m(AgentLoopWorker pid=175740)[0m     "description": "A tool for calculating the reward of a math answer (1.0 if correct, 0.0 otherwise).",
[36m(AgentLoopWorker pid=175740)[0m     "parameters": {
[36m(AgentLoopWorker pid=175740)[0m       "type": "object",
[36m(AgentLoopWorker pid=175740)[0m       "properties": {
[36m(AgentLoopWorker pid=175740)[0m         "answer": {
[36m(AgentLoopWorker pid=175740)[0m           "type": "string",
[36m(AgentLoopWorker pid=175740)[0m           "description": "The model's final answer (preferably within \\boxed{})."
[36m(AgentLoopWorker pid=175740)[0m         }
[36m(AgentLoopWorker pid=175740)[0m       },
[36m(AgentLoopWorker pid=175740)[0m       "required": [
[36m(AgentLoopWorker pid=175740)[0m         "answer"
[36m(AgentLoopWorker pid=175740)[0m       ]
[36m(AgentLoopWorker pid=175740)[0m     }
[36m(AgentLoopWorker pid=175740)[0m   }
[36m(AgentLoopWorker pid=175740)[0m }
[36m(TaskRunner pid=171623)[0m [ROLLOUT] walltime_after=161212.196435 duration=72.089s step=1
[36m(AgentLoopWorker pid=175739)[0m Using dataset class: RLHFDataset[32m [repeated 7x across cluster][0m
[36m(AgentLoopWorker pid=175742)[0m {[32m [repeated 224x across cluster][0m
[36m(AgentLoopWorker pid=175742)[0m   "type": "function",[32m [repeated 224x across cluster][0m
[36m(AgentLoopWorker pid=175742)[0m   "function": {[32m [repeated 224x across cluster][0m
[36m(AgentLoopWorker pid=175742)[0m     "name": "calc_math_reward",[32m [repeated 224x across cluster][0m
[36m(AgentLoopWorker pid=175742)[0m     "description": "A tool for calculating the reward of a math answer (1.0 if correct, 0.0 otherwise).",[32m [repeated 224x across cluster][0m
[36m(AgentLoopWorker pid=175742)[0m     "parameters": {[32m [repeated 224x across cluster][0m
[36m(AgentLoopWorker pid=175742)[0m       "type": "object",[32m [repeated 224x across cluster][0m
[36m(AgentLoopWorker pid=175742)[0m       "properties": {[32m [repeated 224x across cluster][0m
[36m(AgentLoopWorker pid=175742)[0m         "answer": {[32m [repeated 224x across cluster][0m
[36m(AgentLoopWorker pid=175742)[0m           "type": "string",[32m [repeated 224x across cluster][0m
[36m(AgentLoopWorker pid=175742)[0m           "description": "The model's final answer (preferably within \\boxed{})."[32m [repeated 224x across cluster][0m
[36m(AgentLoopWorker pid=175742)[0m }[32m [repeated 896x across cluster][0m
[36m(AgentLoopWorker pid=175742)[0m       },[32m [repeated 224x across cluster][0m
[36m(AgentLoopWorker pid=175742)[0m       "required": [[32m [repeated 224x across cluster][0m
[36m(AgentLoopWorker pid=175742)[0m         "answer"[32m [repeated 224x across cluster][0m[36m(TaskRunner pid=171623)[0m W0417 17:07:41.202000 171623 torch/fx/_symbolic_trace.py:52] is_fx_tracing will return true for both fx.symbolic_trace and torch.export. Please use is_fx_tracing_symbolic_tracing() for specifically fx.symbolic_trace or torch.compiler.is_compiling() for specifically torch.export/compile.
[36m(SGLangHttpServer pid=174041)[0m [2026-04-17 17:11:28] Prompt length 8218 > max_model_len 8192; truncated from the left (kept last 8192 tokens).
[36m(SGLangHttpServer pid=174041)[0m [2026-04-17 17:11:28] Prompt length 8218 > max_model_len 8192; truncated from the left (kept last 8192 tokens).
[36m(WorkerDict pid=172180)[0m [rank0]:W0417 17:07:42.141000 172180 torch/fx/_symbolic_trace.py:52] is_fx_tracing will return true for both fx.symbolic_trace and torch.export. Please use is_fx_tracing_symbolic_tracing() for specifically fx.symbolic_trace or torch.compiler.is_compiling() for specifically torch.export/compile.[32m [repeated 2x across cluster][0m

[36m(AgentLoopWorker pid=175742)[0m       ][32m [repeated 224x across cluster][0m
[36m(TaskRunner pid=171623)[0m [LONGEST_RESP] FIT_rollout step=1 response_len=7854 idx=2
[36m(TaskRunner pid=171623)[0m [LONGEST_RESP] FIT_rollout step=1 text:
[36m(TaskRunner pid=171623)[0m {"name": "calc_math_reward", "parameters": {"answer": "If there is a
[36m(TaskRunner pid=171623)[0m ... [truncated, 7814 tokens] ...
[36m(TaskRunner pid=171623)[0m \\\\\\\\\\\\\\\\\\\\\\\\\\\\\\\\\\\\\\\\\\\\\\\\\\\\\\\\\\\\\\\\\\\\\\\\\\\\\\\\
[36m(TaskRunner pid=171623)[0m [LONGEST_RESP] FIT_rollout step=1 --- end ---
[36m(TaskRunner pid=171623)[0m test_gen_batch meta info: {'eos_token_id': 128009, 'pad_token_id': 128009, 'recompute_log_prob': False, 'do_sample': False, 'validate': True, 'global_steps': 1}
[36m(AgentLoopWorker pid=175736)[0m {
[36m(AgentLoopWorker pid=175736)[0m   "type": "function",
[36m(AgentLoopWorker pid=175736)[0m   "function": {
[36m(AgentLoopWorker pid=175736)[0m     "name": "calc_math_reward",
[36m(AgentLoopWorker pid=175736)[0m     "description": "A tool for calculating the reward of a math answer (1.0 if correct, 0.0 otherwise).",
[36m(AgentLoopWorker pid=175736)[0m     "parameters": {
[36m(AgentLoopWorker pid=175736)[0m       "type": "object",
[36m(AgentLoopWorker pid=175736)[0m       "properties": {
[36m(AgentLoopWorker pid=175736)[0m         "answer": {
[36m(AgentLoopWorker pid=175736)[0m           "type": "string",
[36m(AgentLoopWorker pid=175736)[0m           "description": "The model's final answer (preferably within \\boxed{})."
[36m(AgentLoopWorker pid=175736)[0m         }
[36m(AgentLoopWorker pid=175736)[0m       },
[36m(AgentLoopWorker pid=175736)[0m       "required": [
[36m(AgentLoopWorker pid=175736)[0m         "answer"
[36m(AgentLoopWorker pid=175736)[0m       ]
[36m(AgentLoopWorker pid=175736)[0m     }
[36m(AgentLoopWorker pid=175736)[0m   }
[36m(AgentLoopWorker pid=175736)[0m }
[36m(AgentLoopWorker pid=175739)[0m     "description": "A tool for calc
[36m(AgentLoopWorker pid=175737)[0m 
[36m(AgentLoopWorker pid=175739)[0m ulating the reward of a math answer (1.0 if correct, 0.0 otherwise).",
[36m(AgentLoopWorker pid=175742)[0m 
[36m(AgentLoopWorker pid=175737)[0m 
[36m(TaskRunner pid=171623)[0m validation generation end
[36m(AgentLoopWorker pid=175740)[0m {[32m [repeated 959x across cluster][0m
[36m(AgentLoopWorker pid=175740)[0m   "type": "function",[32m [repeated 959x across cluster][0m
[36m(AgentLoopWorker pid=175740)[0m   "function": {[32m [repeated 959x across cluster][0m
[36m(AgentLoopWorker pid=175740)[0m     "name": "calc_math_reward",[32m [repeated 959x across cluster][0m
[36m(AgentLoopWorker pid=175740)[0m     "description": "A tool for calculating the reward of a math answer (1.0 if correct, 0.0 otherwise).",[32m [repeated 958x across cluster][0m
[36m(AgentLoopWorker pid=175740)[0m     "parameters": {[32m [repeated 959x across cluster][0m
[36m(AgentLoopWorker pid=175740)[0m       "type": "object",[32m [repeated 959x across cluster][0m
[36m(AgentLoopWorker pid=175740)[0m       "properties": {[32m [repeated 959x across cluster][0m
[36m(AgentLoopWorker pid=175740)[0m         "answer": {[32m [repeated 959x across cluster][0m
[36m(AgentLoopWorker pid=175740)[0m           "type": "string",[32m [repeated 959x across cluster][0m
[36m(AgentLoopWorker pid=175740)[0m           "description": "The model's final answer (preferably within \\boxed{})."[32m [repeated 959x across cluster][0m
[36m(AgentLoopWorker pid=175740)[0m }[32m [repeated 3836x across cluster][0m
[36m(AgentLoopWorker pid=175740)[0m       },[32m [repeated 959x across cluster][0m
[36m(AgentLoopWorker pid=175740)[0m       "required": [[32m [repeated 959x across cluster][0m
[36m(AgentLoopWorker pid=175740)[0m         "answer"[32m [repeated 959x across cluster][0m
[36m(AgentLoopWorker pid=175740)[0m       ][32m [repeated 959x across cluster][0m
[36m(TaskRunner pid=171623)[0m [debug stats] {'rollout_tokens/min': 340, 'rollout_tokens/max': 8218, 'rollout_tokens/mean': 945.9296875, 'rollout_tokens/p50': 652.0, 'rollout_tokens/p90': 1416.0, 'rollout_tokens/p99': 8192.0, 'rollout_tokens/n': 256}
[36m(TaskRunner pid=171623)[0m [profile] step=1 window=1 | step: 190.41s | gen: 72.09s | reward: 0.00s | old_log_prob: 12.95s | adv: 0.04s | update_actor: 58.88s | update_weights: 2.00s | testing: 179.51s | start_profile: 0.00s | stop_profile: 0.00s | agent_loop/generate_sequences/max: 56.88s | agent_loop/generate_sequences/mean: 6.85s | agent_loop/generate_sequences/min: 0.23s | agent_loop/num_preempted/max: -1.00s | agent_loop/num_preempted/mean: -1.00s | agent_loop/num_preempted/min: -1.00s | agent_loop/slowest/generate_sequences: 56.88s | agent_loop/slowest/num_preempted: -1.00s | agent_loop/slowest/prompt_length: 404.00s | agent_loop/slowest/response_length: 7814.00s | agent_loop/slowest/tool_calls: 0.00s | agent_loop/tool_calls/max: 0.02s | agent_loop/tool_calls/mean: 0.00s | agent_loop/tool_calls/min: 0.00s | ref: 44.40s
[36m(TaskRunner pid=171623)[0m step:1 - global_seqlen/min:109606 - global_seqlen/max:132552 - global_seqlen/minmax_diff:22946 - global_seqlen/balanced_min:121065 - global_seqlen/balanced_max:121093 - global_seqlen/mean:121079.0 - actor/entropy:0.4992886483669281 - perf/mfu/actor_infer:0.17498601780465692 - actor/reward_kl_penalty:0.0 - actor/reward_kl_penalty_coeff:0.001 - actor/pg_clipfrac:0.0 - actor/ppo_kl:0.0 - actor/pg_clipfrac_lower:0.0 - actor/pg_loss:0.0 - actor/kl_loss:0.0 - actor/kl_coef:0.0010000000000000005 - actor/loss:0.0 - actor/grad_norm:0.0 - actor/lr:1e-06 - perf/mfu/actor:0.13298457450801715 - val-aux/math_dapo/reward/mean@1:-1.0 - val-aux/math_dapo/score/mean@1:-1.0 - val-core/math_dapo/acc/mean@1:0.0 - val-aux/num_turns/min:2 - val-aux/num_turns/max:10 - val-aux/num_turns/mean:5.108333333333333 - rollout_tokens/min:340 - rollout_tokens/max:8218 - rollout_tokens/mean:945.9296875 - rollout_tokens/p50:652.0 - rollout_tokens/p90:1416.0 - rollout_tokens/p99:8192.0 - rollout_tokens/n:256 - training/global_step:1 - training/epoch:0 - critic/score/mean:-1.0 - critic/score/max:-1.0 - critic/score/min:-1.0 - critic/rewards/mean:-1.0 - critic/rewards/max:-1.0 - critic/rewards/min:-1.0 - critic/advantages/mean:0.0 - critic/advantages/max:0.0 - critic/advantages/min:0.0 - critic/returns/mean:0.0 - critic/returns/max:0.0 - critic/returns/min:0.0 - response_length/mean:590.1953125 - response_length/max:7861.0 - response_length/min:20.0 - response_length/clip_ratio:0.0 - response_length_non_aborted/mean:590.1953125 - response_length_non_aborted/max:7861.0 - response_length_non_aborted/min:20.0 - response_length_non_aborted/clip_ratio:0.0 - response/aborted_ratio:0.0 - prompt_length/mean:355.734375 - prompt_length/max:459.0 - prompt_length/min:304.0 - prompt_length/clip_ratio:0.0 - num_turns/min:2 - num_turns/max:10 - num_turns/mean:4.625 - timing_s/start_profile:0.00025088401162065566 - timing_s/agent_loop/num_preempted/min:-1 - timing_s/agent_loop/num_preempted/max:-1 - timing_s/agent_loop/num_preempted/mean:-1.0 - timing_s/agent_loop/generate_sequences/min:0.2276251559960656 - timing_s/agent_loop/generate_sequences/max:56.88060336498893 - timing_s/agent_loop/generate_sequences/mean:6.847414274639505 - timing_s/agent_loop/tool_calls/min:0.0 - timing_s/agent_loop/tool_calls/max:0.022699653985910118 - timing_s/agent_loop/tool_calls/mean:0.0008911543560543578 - timing_s/agent_loop/slowest/generate_sequences:56.88060336498893 - timing_s/agent_loop/slowest/tool_calls:0.0002298849867656827 - timing_s/agent_loop/slowest/prompt_length:404 - timing_s/agent_loop/slowest/response_length:7814 - timing_s/agent_loop/slowest/num_preempted:-1 - timing_s/gen:72.089332885982 - timing_s/reward:0.00010987199493683875 - timing_s/old_log_prob:12.94579231197713 - timing_s/ref:44.40358913099044 - timing_s/adv:0.04080057199462317 - timing_s/update_actor:58.87716702299076 - timing_s/update_weights:2.0044652490178123 - timing_s/step:190.41123455998604 - timing_s/testing:179.50856351898983 - timing_s/stop_profile:8.328101830556989e-05 - timing_per_token_ms/gen:0.477128419392296 - timing_per_token_ms/update_actor:0.24313533735408602 - timing_per_token_ms/adv:0.0001684874007657115 - timing_per_token_ms/ref:0.1833661870802965 - perf/total_num_tokens:242158 - perf/time_per_step:190.41123455998604 - perf/throughput:635.8815974267316[36m(TaskRunner pid=171623)[0m Training Progress: 100%|██████████| 1/1 [06:10<00:00, 370.09s/it]Training Progress: 100%|██████████| 1/1 [06:10<00:00, 370.09s/it]

[36m(TaskRunner pid=171623)[0m ("Final validation metrics: {'val-aux/math_dapo/reward/mean@1': -1.0, "
[36m(TaskRunner pid=171623)[0m  "'val-aux/math_dapo/score/mean@1': -1.0, 'val-core/math_dapo/acc/mean@1': "
[36m(TaskRunner pid=171623)[0m  "0.0, 'val-aux/num_turns/min': 2, 'val-aux/num_turns/max': 10, "
[36m(TaskRunner pid=171623)[0m  "'val-aux/num_turns/mean': 5.108333333333333}")
[36m(TaskRunner pid=171623)[0m [FIT] wall_total=371.992s (completed)
[36m(AgentLoopWorker pid=175735)[0m ERROR:2026-04-17 17:12:39,521:Task was destroyed but it is pending!
[36m(AgentLoopWorker pid=175735)[0m task: <Task pending name='Task-3' coro=<AsyncLLMServerManager._scheduler_loop() running at /workspace/repo/verl_sglang/verl_customize/verl/experimental/agent_loop/agent_loop.py:133> wait_for=<Future pending cb=[Task.task_wakeup()]>>
[36m(AgentLoopWorker pid=175742)[0m ERROR:2026-04-17 17:12:39,551:Task was destroyed but it is pending![32m [repeated 2x across cluster][0m
[36m(AgentLoopWorker pid=175742)[0m task: <Task pending name='Task-3' coro=<AsyncLLMServerManager._scheduler_loop() running at /workspace/repo/verl_sglang/verl_customize/verl/experimental/agent_loop/agent_loop.py:133> wait_for=<Future pending cb=[Task.task_wakeup()]>>[32m [repeated 2x across cluster][0m
