+ export CUDA_VISIBLE_DEVICES=4,5,6,7
+ CUDA_VISIBLE_DEVICES=4,5,6,7
+ export HF_HOME=/data/huggingface_cache
+ HF_HOME=/data/huggingface_cache
+ export SGLANG_INFERENCE_LOG_DIR=/workspace/repo/verl_sglang/verl_customize/formal_exp_data_mfu
+ SGLANG_INFERENCE_LOG_DIR=/workspace/repo/verl_sglang/verl_customize/formal_exp_data_mfu
+ ulimit -n 65535
++ pwd
+ PROJECT_DIR=/workspace/repo/verl_sglang/verl_customize
+ CONFIG_PATH=/workspace/repo/verl_sglang/verl_customize/examples/sglang_multiturn/config
+ AIME_DATA_DIR=/data/retool_aime2024
+ python3 -m verl.trainer.main_ppo --config-path=/workspace/repo/verl_sglang/verl_customize/examples/sglang_multiturn/config --config-name=gsm8k_multiturn_grpo algorithm.adv_estimator=grpo data.train_batch_size=64 data.max_prompt_length=512 data.max_response_length=2048 data.filter_overlong_prompts=True data.truncation=right data.return_raw_chat=True actor_rollout_ref.model.path=Qwen/Qwen3-32B actor_rollout_ref.actor.optim.lr=1e-6 actor_rollout_ref.model.use_remove_padding=True actor_rollout_ref.actor.ppo_mini_batch_size=8 actor_rollout_ref.actor.ppo_micro_batch_size_per_gpu=1 actor_rollout_ref.actor.use_kl_loss=True actor_rollout_ref.actor.kl_loss_coef=0.001 actor_rollout_ref.actor.kl_loss_type=low_var_kl actor_rollout_ref.actor.entropy_coeff=0 actor_rollout_ref.model.enable_gradient_checkpointing=True actor_rollout_ref.actor.fsdp_config.param_offload=True actor_rollout_ref.actor.fsdp_config.optimizer_offload=True actor_rollout_ref.actor.fsdp_config.model_dtype=bfloat16 actor_rollout_ref.rollout.log_prob_micro_batch_size_per_gpu=1 actor_rollout_ref.rollout.tensor_model_parallel_size=4 actor_rollout_ref.rollout.name=sglang actor_rollout_ref.rollout.gpu_memory_utilization=0.4 actor_rollout_ref.rollout.n=4 actor_rollout_ref.rollout.over_sample_rate=0.1 actor_rollout_ref.rollout.mode=async actor_rollout_ref.ref.log_prob_micro_batch_size_per_gpu=1 trainer.decoding_length_csv_dir=/workspace/repo/verl_sglang/verl_customize/formal_exp_data_decoding_length actor_rollout_ref.ref.fsdp_config.param_offload=True actor_rollout_ref.ref.fsdp_config.model_dtype=bfloat16 algorithm.use_kl_in_reward=True trainer.critic_warmup=0 'trainer.logger=["console"]' trainer.project_name=aime_async_rl trainer.experiment_name=model_multiturn_aime_workload_analysis actor_rollout_ref.rollout.max_model_len=8192 trainer.n_gpus_per_node=4 trainer.nnodes=1 trainer.save_freq=1000 trainer.test_freq=1000 trainer.val_before_train=False data.train_files=/data/retool_aime2024/train.parquet data.val_files=/data/retool_aime2024/train.parquet actor_rollout_ref.rollout.agent.default_agent_loop=tool_agent actor_rollout_ref.rollout.multi_turn.max_assistant_turns=5 actor_rollout_ref.rollout.multi_turn.max_user_turns=5 actor_rollout_ref.rollout.multi_turn.tool_config_path=/workspace/repo/verl_sglang/verl_customize/examples/sglang_multiturn/config/tool_config/math_tool_config.yaml trainer.total_epochs=1
WARNING:2026-03-31 19:55:00,073:fused_indices_to_multihot has reached end of life. Please migrate to a non-experimental function.
2026-03-31 19:55:05,954	INFO worker.py:1998 -- Started a local Ray instance. View the dashboard at [1m[32mhttp://127.0.0.1:8265 [39m[22m
/usr/local/lib/python3.12/dist-packages/ray/_private/worker.py:2046: FutureWarning: Tip: In future versions of Ray, Ray will no longer override accelerator visible devices env var if num_gpus=0 or num_gpus=None (default). To enable this behavior and turn off this error message, set RAY_ACCEL_ENV_VAR_OVERRIDE_ON_ZERO=0
  warnings.warn(
[36m(pid=3111462)[0m W0331 19:55:18.419000 3111462 torch/utils/cpp_extension.py:117] No CUDA runtime is found, using CUDA_HOME='/usr/local/cuda'
[36m(pid=3111462)[0m WARNING:2026-03-31 19:55:18,466:fused_indices_to_multihot has reached end of life. Please migrate to a non-experimental function.
ray init kwargs: {'num_cpus': None, 'runtime_env': {'env_vars': {'TOKENIZERS_PARALLELISM': 'true', 'NCCL_DEBUG': 'WARN', 'VLLM_LOGGING_LEVEL': 'WARN', 'VLLM_ALLOW_RUNTIME_LORA_UPDATING': 'true', 'CUDA_DEVICE_MAX_CONNECTIONS': '1', 'NCCL_CUMEM_ENABLE': '0', 'VLLM_DISABLE_COMPILE_CACHE': '1', 'HCCL_HOST_SOCKET_PORT_RANGE': 'auto', 'HCCL_NPU_SOCKET_PORT_RANGE': 'auto'}, 'working_dir': None}}
[36m(TaskRunner pid=3111462)[0m TaskRunner hostname: 37f73a1c29ad, PID: 3111462
[36m(TaskRunner pid=3111462)[0m {'actor_rollout_ref': {'actor': {'_target_': 'verl.workers.config.FSDPActorConfig',
[36m(TaskRunner pid=3111462)[0m                                  'calculate_entropy': False,
[36m(TaskRunner pid=3111462)[0m                                  'calculate_sum_pi_squared': False,
[36m(TaskRunner pid=3111462)[0m                                  'checkpoint': {'_target_': 'verl.trainer.config.CheckpointConfig',
[36m(TaskRunner pid=3111462)[0m                                                 'async_save': False,
[36m(TaskRunner pid=3111462)[0m                                                 'load_contents': ['model',
[36m(TaskRunner pid=3111462)[0m                                                                   'optimizer',
[36m(TaskRunner pid=3111462)[0m                                                                   'extra'],
[36m(TaskRunner pid=3111462)[0m                                                 'save_contents': ['model',
[36m(TaskRunner pid=3111462)[0m                                                                   'optimizer',
[36m(TaskRunner pid=3111462)[0m                                                                   'extra']},
[36m(TaskRunner pid=3111462)[0m                                  'clip_ratio': 0.2,
[36m(TaskRunner pid=3111462)[0m                                  'clip_ratio_c': 3.0,
[36m(TaskRunner pid=3111462)[0m                                  'clip_ratio_high': 0.2,
[36m(TaskRunner pid=3111462)[0m                                  'clip_ratio_low': 0.2,
[36m(TaskRunner pid=3111462)[0m                                  'data_loader_seed': 42,
[36m(TaskRunner pid=3111462)[0m                                  'entropy_checkpointing': False,
[36m(TaskRunner pid=3111462)[0m                                  'entropy_coeff': 0,
[36m(TaskRunner pid=3111462)[0m                                  'entropy_from_logits_with_chunking': False,
[36m(TaskRunner pid=3111462)[0m                                  'freeze_vision_tower': False,
[36m(TaskRunner pid=3111462)[0m                                  'fsdp_config': {'_target_': 'verl.workers.config.FSDPEngineConfig',
[36m(TaskRunner pid=3111462)[0m                                                  'dtype': 'bfloat16',
[36m(TaskRunner pid=3111462)[0m                                                  'entropy_checkpointing': False,
[36m(TaskRunner pid=3111462)[0m                                                  'entropy_from_logits_with_chunking': False,
[36m(TaskRunner pid=3111462)[0m                                                  'forward_only': False,
[36m(TaskRunner pid=3111462)[0m                                                  'forward_prefetch': False,
[36m(TaskRunner pid=3111462)[0m                                                  'fsdp_size': -1,
[36m(TaskRunner pid=3111462)[0m                                                  'full_determinism': False,
[36m(TaskRunner pid=3111462)[0m                                                  'model_dtype': 'bfloat16',
[36m(TaskRunner pid=3111462)[0m                                                  'offload_policy': False,
[36m(TaskRunner pid=3111462)[0m                                                  'optimizer_offload': True,
[36m(TaskRunner pid=3111462)[0m                                                  'param_offload': True,
[36m(TaskRunner pid=3111462)[0m                                                  'reshard_after_forward': True,
[36m(TaskRunner pid=3111462)[0m                                                  'seed': 42,
[36m(TaskRunner pid=3111462)[0m                                                  'strategy': 'fsdp',
[36m(TaskRunner pid=3111462)[0m                                                  'ulysses_sequence_parallel_size': 1,
[36m(TaskRunner pid=3111462)[0m                                                  'use_orig_params': False,
[36m(TaskRunner pid=3111462)[0m                                                  'use_torch_compile': True,
[36m(TaskRunner pid=3111462)[0m                                                  'wrap_policy': {'min_num_params': 0}},
[36m(TaskRunner pid=3111462)[0m                                  'grad_clip': 1.0,
[36m(TaskRunner pid=3111462)[0m                                  'kl_loss_coef': 0.001,
[36m(TaskRunner pid=3111462)[0m                                  'kl_loss_type': 'low_var_kl',
[36m(TaskRunner pid=3111462)[0m                                  'loss_agg_mode': 'token-mean',
[36m(TaskRunner pid=3111462)[0m                                  'loss_scale_factor': None,
[36m(TaskRunner pid=3111462)[0m                                  'optim': {'_target_': 'verl.workers.config.FSDPOptimizerConfig',
[36m(TaskRunner pid=3111462)[0m                                            'betas': [0.9, 0.999],
[36m(TaskRunner pid=3111462)[0m                                            'clip_grad': 1.0,
[36m(TaskRunner pid=3111462)[0m                                            'lr': 1e-06,
[36m(TaskRunner pid=3111462)[0m                                            'lr_scheduler_type': 'constant',
[36m(TaskRunner pid=3111462)[0m                                            'lr_warmup_steps': -1,
[36m(TaskRunner pid=3111462)[0m                                            'lr_warmup_steps_ratio': 0.0,
[36m(TaskRunner pid=3111462)[0m                                            'min_lr_ratio': 0.0,
[36m(TaskRunner pid=3111462)[0m                                            'num_cycles': 0.5,
[36m(TaskRunner pid=3111462)[0m                                            'optimizer': 'AdamW',
[36m(TaskRunner pid=3111462)[0m                                            'optimizer_impl': 'torch.optim',
[36m(TaskRunner pid=3111462)[0m                                            'override_optimizer_config': None,
[36m(TaskRunner pid=3111462)[0m                                            'total_training_steps': -1,
[36m(TaskRunner pid=3111462)[0m                                            'warmup_style': None,
[36m(TaskRunner pid=3111462)[0m                                            'weight_decay': 0.01},
[36m(TaskRunner pid=3111462)[0m                                  'policy_loss': {'_target_': 'verl.workers.config.PolicyLossConfig',
[36m(TaskRunner pid=3111462)[0m                                                  'clip_cov_lb': 1.0,
[36m(TaskRunner pid=3111462)[0m                                                  'clip_cov_ratio': 0.0002,
[36m(TaskRunner pid=3111462)[0m                                                  'clip_cov_ub': 5.0,
[36m(TaskRunner pid=3111462)[0m                                                  'kl_cov_ratio': 0.0002,
[36m(TaskRunner pid=3111462)[0m                                                  'loss_mode': 'vanilla',
[36m(TaskRunner pid=3111462)[0m                                                  'ppo_kl_coef': 0.1},
[36m(TaskRunner pid=3111462)[0m                                  'ppo_epochs': 1,
[36m(TaskRunner pid=3111462)[0m                                  'ppo_max_token_len_per_gpu': 16384,
[36m(TaskRunner pid=3111462)[0m                                  'ppo_micro_batch_size': None,
[36m(TaskRunner pid=3111462)[0m                                  'ppo_micro_batch_size_per_gpu': 1,
[36m(TaskRunner pid=3111462)[0m                                  'ppo_mini_batch_size': 8,
[36m(TaskRunner pid=3111462)[0m                                  'profiler': {'_target_': 'verl.utils.profiler.ProfilerConfig',
[36m(TaskRunner pid=3111462)[0m                                               'all_ranks': False,
[36m(TaskRunner pid=3111462)[0m                                               'enable': False,
[36m(TaskRunner pid=3111462)[0m                                               'ranks': [],
[36m(TaskRunner pid=3111462)[0m                                               'save_path': 'outputs/profile',
[36m(TaskRunner pid=3111462)[0m                                               'tool': None,
[36m(TaskRunner pid=3111462)[0m                                               'tool_config': {'npu': {'_target_': 'verl.utils.profiler.config.NPUToolConfig',
[36m(TaskRunner pid=3111462)[0m                                                                       'analysis': True,
[36m(TaskRunner pid=3111462)[0m                                                                       'contents': [],
[36m(TaskRunner pid=3111462)[0m                                                                       'discrete': False,
[36m(TaskRunner pid=3111462)[0m                                                                       'level': 'level0'},
[36m(TaskRunner pid=3111462)[0m                                                               'nsys': {'_target_': 'verl.utils.profiler.config.NsightToolConfig',
[36m(TaskRunner pid=3111462)[0m                                                                        'discrete': False},
[36m(TaskRunner pid=3111462)[0m                                                               'torch': {'_target_': 'verl.utils.profiler.config.TorchProfilerToolConfig',
[36m(TaskRunner pid=3111462)[0m                                                                         'contents': [],
[36m(TaskRunner pid=3111462)[0m                                                                         'discrete': False},
[36m(TaskRunner pid=3111462)[0m                                                               'torch_memory': {'_target_': 'verl.utils.profiler.config.TorchMemoryToolConfig',
[36m(TaskRunner pid=3111462)[0m                                                                                'stack_depth': 32,
[36m(TaskRunner pid=3111462)[0m                                                                                'trace_alloc_max_entries': 100000}}},
[36m(TaskRunner pid=3111462)[0m                                  'rollout_n': 4,
[36m(TaskRunner pid=3111462)[0m                                  'router_replay': {'_target_': 'verl.workers.config.RouterReplayConfig',
[36m(TaskRunner pid=3111462)[0m                                                    'mode': 'disabled',
[36m(TaskRunner pid=3111462)[0m                                                    'record_file': None,
[36m(TaskRunner pid=3111462)[0m                                                    'replay_file': None},
[36m(TaskRunner pid=3111462)[0m                                  'shuffle': False,
[36m(TaskRunner pid=3111462)[0m                                  'strategy': 'fsdp',
[36m(TaskRunner pid=3111462)[0m                                  'sum_pi_squared_checkpointing': False,
[36m(TaskRunner pid=3111462)[0m                                  'tau_neg': 1.05,
[36m(TaskRunner pid=3111462)[0m                                  'tau_pos': 1.0,
[36m(TaskRunner pid=3111462)[0m                                  'ulysses_sequence_parallel_size': 1,
[36m(TaskRunner pid=3111462)[0m                                  'use_dynamic_bsz': False,
[36m(TaskRunner pid=3111462)[0m                                  'use_fused_kernels': False,
[36m(TaskRunner pid=3111462)[0m                                  'use_kl_loss': True,
[36m(TaskRunner pid=3111462)[0m                                  'use_prefix_grouper': False,
[36m(TaskRunner pid=3111462)[0m                                  'use_remove_padding': True,
[36m(TaskRunner pid=3111462)[0m                                  'use_torch_compile': True},
[36m(TaskRunner pid=3111462)[0m                        'hybrid_engine': True,
[36m(TaskRunner pid=3111462)[0m                        'model': {'_target_': 'verl.workers.config.HFModelConfig',
[36m(TaskRunner pid=3111462)[0m                                  'custom_chat_template': None,
[36m(TaskRunner pid=3111462)[0m                                  'enable_activation_offload': False,
[36m(TaskRunner pid=3111462)[0m                                  'enable_gradient_checkpointing': True,
[36m(TaskRunner pid=3111462)[0m                                  'exclude_modules': None,
[36m(TaskRunner pid=3111462)[0m                                  'external_lib': None,
[36m(TaskRunner pid=3111462)[0m                                  'fused_kernel_options': {'impl_backend': 'torch'},
[36m(TaskRunner pid=3111462)[0m                                  'hf_config_path': None,
[36m(TaskRunner pid=3111462)[0m                                  'lora_adapter_path': None,
[36m(TaskRunner pid=3111462)[0m                                  'lora_alpha': 16,
[36m(TaskRunner pid=3111462)[0m                                  'lora_rank': 0,
[36m(TaskRunner pid=3111462)[0m                                  'mtp': {'_target_': 'verl.workers.config.MtpConfig',
[36m(TaskRunner pid=3111462)[0m                                          'detach_encoder': False,
[36m(TaskRunner pid=3111462)[0m                                          'enable': False,
[36m(TaskRunner pid=3111462)[0m                                          'enable_rollout': False,
[36m(TaskRunner pid=3111462)[0m                                          'enable_train': False,
[36m(TaskRunner pid=3111462)[0m                                          'method': 'mtp',
[36m(TaskRunner pid=3111462)[0m                                          'mtp_loss_scaling_factor': 0.1,
[36m(TaskRunner pid=3111462)[0m                                          'num_speculative_tokens': 1,
[36m(TaskRunner pid=3111462)[0m                                          'speculative_algorithm': 'EAGLE',
[36m(TaskRunner pid=3111462)[0m                                          'speculative_eagle_topk': 1,
[36m(TaskRunner pid=3111462)[0m                                          'speculative_num_draft_tokens': 4,
[36m(TaskRunner pid=3111462)[0m                                          'speculative_num_steps': 3},
[36m(TaskRunner pid=3111462)[0m                                  'override_config': {},
[36m(TaskRunner pid=3111462)[0m                                  'path': 'Qwen/Qwen3-32B',
[36m(TaskRunner pid=3111462)[0m                                  'target_modules': 'all-linear',
[36m(TaskRunner pid=3111462)[0m                                  'tiled_mlp': {'enabled': False,
[36m(TaskRunner pid=3111462)[0m                                                'num_shards': 4},
[36m(TaskRunner pid=3111462)[0m                                  'tokenizer_path': None,
[36m(TaskRunner pid=3111462)[0m                                  'trust_remote_code': False,
[36m(TaskRunner pid=3111462)[0m                                  'use_fused_kernels': False,
[36m(TaskRunner pid=3111462)[0m                                  'use_liger': False,
[36m(TaskRunner pid=3111462)[0m                                  'use_remove_padding': True,
[36m(TaskRunner pid=3111462)[0m                                  'use_shm': False},
[36m(TaskRunner pid=3111462)[0m                        'nccl_timeout': 600,
[36m(TaskRunner pid=3111462)[0m                        'ref': {'_target_': 'verl.workers.config.FSDPActorConfig',
[36m(TaskRunner pid=3111462)[0m                                'entropy_checkpointing': False,
[36m(TaskRunner pid=3111462)[0m                                'entropy_from_logits_with_chunking': False,
[36m(TaskRunner pid=3111462)[0m                                'fsdp_config': {'_target_': 'verl.workers.config.FSDPEngineConfig',
[36m(TaskRunner pid=3111462)[0m                                                'dtype': 'bfloat16',
[36m(TaskRunner pid=3111462)[0m                                                'entropy_checkpointing': False,
[36m(TaskRunner pid=3111462)[0m                                                'entropy_from_logits_with_chunking': False,
[36m(TaskRunner pid=3111462)[0m                                                'forward_only': True,
[36m(TaskRunner pid=3111462)[0m                                                'forward_prefetch': False,
[36m(TaskRunner pid=3111462)[0m                                                'fsdp_size': -1,
[36m(TaskRunner pid=3111462)[0m                                                'full_determinism': False,
[36m(TaskRunner pid=3111462)[0m                                                'model_dtype': 'bfloat16',
[36m(TaskRunner pid=3111462)[0m                                                'offload_policy': False,
[36m(TaskRunner pid=3111462)[0m                                                'optimizer_offload': False,
[36m(TaskRunner pid=3111462)[0m                                                'param_offload': True,
[36m(TaskRunner pid=3111462)[0m                                                'reshard_after_forward': True,
[36m(TaskRunner pid=3111462)[0m                                                'seed': 42,
[36m(TaskRunner pid=3111462)[0m                                                'strategy': 'fsdp',
[36m(TaskRunner pid=3111462)[0m                                                'ulysses_sequence_parallel_size': 1,
[36m(TaskRunner pid=3111462)[0m                                                'use_orig_params': False,
[36m(TaskRunner pid=3111462)[0m                                                'use_torch_compile': True,
[36m(TaskRunner pid=3111462)[0m                                                'wrap_policy': {'min_num_params': 0}},
[36m(TaskRunner pid=3111462)[0m                                'log_prob_max_token_len_per_gpu': 16384,
[36m(TaskRunner pid=3111462)[0m                                'log_prob_micro_batch_size': None,
[36m(TaskRunner pid=3111462)[0m                                'log_prob_micro_batch_size_per_gpu': 1,
[36m(TaskRunner pid=3111462)[0m                                'log_prob_use_dynamic_bsz': False,
[36m(TaskRunner pid=3111462)[0m                                'profiler': {'_target_': 'verl.utils.profiler.ProfilerConfig',
[36m(TaskRunner pid=3111462)[0m                                             'all_ranks': False,
[36m(TaskRunner pid=3111462)[0m                                             'enable': False,
[36m(TaskRunner pid=3111462)[0m                                             'ranks': [],
[36m(TaskRunner pid=3111462)[0m                                             'save_path': 'outputs/profile',
[36m(TaskRunner pid=3111462)[0m                                             'tool': None,
[36m(TaskRunner pid=3111462)[0m                                             'tool_config': {'npu': {'_target_': 'verl.utils.profiler.config.NPUToolConfig',
[36m(TaskRunner pid=3111462)[0m                                                                     'analysis': True,
[36m(TaskRunner pid=3111462)[0m                                                                     'contents': [],
[36m(TaskRunner pid=3111462)[0m                                                                     'discrete': False,
[36m(TaskRunner pid=3111462)[0m                                                                     'level': 'level0'},
[36m(TaskRunner pid=3111462)[0m                                                             'nsys': {'_target_': 'verl.utils.profiler.config.NsightToolConfig',
[36m(TaskRunner pid=3111462)[0m                                                                      'discrete': False},
[36m(TaskRunner pid=3111462)[0m                                                             'torch': {'_target_': 'verl.utils.profiler.config.TorchProfilerToolConfig',
[36m(TaskRunner pid=3111462)[0m                                                                       'contents': [],
[36m(TaskRunner pid=3111462)[0m                                                                       'discrete': False},
[36m(TaskRunner pid=3111462)[0m                                                             'torch_memory': {'_target_': 'verl.utils.profiler.config.TorchMemoryToolConfig',
[36m(TaskRunner pid=3111462)[0m                                                                              'stack_depth': 32,
[36m(TaskRunner pid=3111462)[0m                                                                              'trace_alloc_max_entries': 100000}}},
[36m(TaskRunner pid=3111462)[0m                                'rollout_n': 4,
[36m(TaskRunner pid=3111462)[0m                                'router_replay': {'_target_': 'verl.workers.config.RouterReplayConfig',
[36m(TaskRunner pid=3111462)[0m                                                  'mode': 'disabled',
[36m(TaskRunner pid=3111462)[0m                                                  'record_file': None,
[36m(TaskRunner pid=3111462)[0m                                                  'replay_file': None},
[36m(TaskRunner pid=3111462)[0m                                'strategy': 'fsdp',
[36m(TaskRunner pid=3111462)[0m                                'ulysses_sequence_parallel_size': 1,
[36m(TaskRunner pid=3111462)[0m                                'use_torch_compile': True},
[36m(TaskRunner pid=3111462)[0m                        'rollout': {'_target_': 'verl.workers.config.RolloutConfig',
[36m(TaskRunner pid=3111462)[0m                                    'agent': {'_target_': 'verl.workers.config.AgentLoopConfig',
[36m(TaskRunner pid=3111462)[0m                                              'agent_loop_config_path': None,
[36m(TaskRunner pid=3111462)[0m                                              'custom_async_server': {'_target_': 'verl.workers.config.CustomAsyncServerConfig',
[36m(TaskRunner pid=3111462)[0m                                                                      'name': None,
[36m(TaskRunner pid=3111462)[0m                                                                      'path': None},
[36m(TaskRunner pid=3111462)[0m                                              'default_agent_loop': 'tool_agent',
[36m(TaskRunner pid=3111462)[0m                                              'num_workers': 8},
[36m(TaskRunner pid=3111462)[0m                                    'calculate_log_probs': False,
[36m(TaskRunner pid=3111462)[0m                                    'checkpoint_engine': {'_target_': 'verl.workers.config.CheckpointEngineConfig',
[36m(TaskRunner pid=3111462)[0m                                                          'backend': 'naive',
[36m(TaskRunner pid=3111462)[0m                                                          'engine_kwargs': {},
[36m(TaskRunner pid=3111462)[0m                                                          'update_weights_bucket_megabytes': 2048},
[36m(TaskRunner pid=3111462)[0m                                    'cudagraph_capture_sizes': None,
[36m(TaskRunner pid=3111462)[0m                                    'data_parallel_size': 1,
[36m(TaskRunner pid=3111462)[0m                                    'disable_log_stats': True,
[36m(TaskRunner pid=3111462)[0m                                    'do_sample': True,
[36m(TaskRunner pid=3111462)[0m                                    'dtype': 'bfloat16',
[36m(TaskRunner pid=3111462)[0m                                    'enable_chunked_prefill': True,
[36m(TaskRunner pid=3111462)[0m                                    'enable_prefix_caching': True,
[36m(TaskRunner pid=3111462)[0m                                    'enable_rollout_routing_replay': False,
[36m(TaskRunner pid=3111462)[0m                                    'enforce_eager': False,
[36m(TaskRunner pid=3111462)[0m                                    'engine_kwargs': {'sglang': {},
[36m(TaskRunner pid=3111462)[0m                                                      'trtllm': {},
[36m(TaskRunner pid=3111462)[0m                                                      'vllm': {}},
[36m(TaskRunner pid=3111462)[0m                                    'expert_parallel_size': 1,
[36m(TaskRunner pid=3111462)[0m                                    'free_cache_engine': True,
[36m(TaskRunner pid=3111462)[0m                                    'gpu_memory_utilization': 0.4,
[36m(TaskRunner pid=3111462)[0m                                    'ignore_eos': False,
[36m(TaskRunner pid=3111462)[0m                                    'layered_summon': False,
[36m(TaskRunner pid=3111462)[0m                                    'load_format': 'dummy',
[36m(TaskRunner pid=3111462)[0m                                    'log_prob_max_token_len_per_gpu': 16384,
[36m(TaskRunner pid=3111462)[0m                                    'log_prob_micro_batch_size': None,
[36m(TaskRunner pid=3111462)[0m                                    'log_prob_micro_batch_size_per_gpu': 1,
[36m(TaskRunner pid=3111462)[0m                                    'log_prob_use_dynamic_bsz': False,
[36m(TaskRunner pid=3111462)[0m                                    'logprobs_mode': 'processed_logprobs',
[36m(TaskRunner pid=3111462)[0m                                    'max_model_len': 8192,
[36m(TaskRunner pid=3111462)[0m                                    'max_num_batched_tokens': 8192,
[36m(TaskRunner pid=3111462)[0m                                    'max_num_seqs': 1024,
[36m(TaskRunner pid=3111462)[0m                                    'mode': 'async',
[36m(TaskRunner pid=3111462)[0m                                    'mtp': {'_target_': 'verl.workers.config.MtpConfig',
[36m(TaskRunner pid=3111462)[0m                                            'detach_encoder': False,
[36m(TaskRunner pid=3111462)[0m                                            'enable': False,
[36m(TaskRunner pid=3111462)[0m                                            'enable_rollout': False,
[36m(TaskRunner pid=3111462)[0m                                            'enable_train': False,
[36m(TaskRunner pid=3111462)[0m                                            'method': 'mtp',
[36m(TaskRunner pid=3111462)[0m                                            'mtp_loss_scaling_factor': 0.1,
[36m(TaskRunner pid=3111462)[0m                                            'num_speculative_tokens': 1,
[36m(TaskRunner pid=3111462)[0m                                            'speculative_algorithm': 'EAGLE',
[36m(TaskRunner pid=3111462)[0m                                            'speculative_eagle_topk': 1,
[36m(TaskRunner pid=3111462)[0m                                            'speculative_num_draft_tokens': 4,
[36m(TaskRunner pid=3111462)[0m                                            'speculative_num_steps': 3},
[36m(TaskRunner pid=3111462)[0m                                    'multi_stage_wake_up': False,
[36m(TaskRunner pid=3111462)[0m                                    'multi_turn': {'_target_': 'verl.workers.config.MultiTurnConfig',
[36m(TaskRunner pid=3111462)[0m                                                   'enable': True,
[36m(TaskRunner pid=3111462)[0m                                                   'format': 'hermes',
[36m(TaskRunner pid=3111462)[0m                                                   'interaction_config_path': None,
[36m(TaskRunner pid=3111462)[0m                                                   'max_assistant_turns': 5,
[36m(TaskRunner pid=3111462)[0m                                                   'max_parallel_calls': 1,
[36m(TaskRunner pid=3111462)[0m                                                   'max_tool_response_length': 256,
[36m(TaskRunner pid=3111462)[0m                                                   'max_user_turns': 5,
[36m(TaskRunner pid=3111462)[0m                                                   'num_repeat_rollouts': None,
[36m(TaskRunner pid=3111462)[0m                                                   'tokenization_sanity_check_mode': 'strict',
[36m(TaskRunner pid=3111462)[0m                                                   'tool_config_path': '/workspace/repo/verl_sglang/verl_customize/examples/sglang_multiturn/config/tool_config/math_tool_config.yaml',
[36m(TaskRunner pid=3111462)[0m                                                   'tool_response_truncate_side': 'middle',
[36m(TaskRunner pid=3111462)[0m                                                   'use_inference_chat_template': False},
[36m(TaskRunner pid=3111462)[0m                                    'n': 4,
[36m(TaskRunner pid=3111462)[0m                                    'n_a': 1,
[36m(TaskRunner pid=3111462)[0m                                    'n_b': 1,
[36m(TaskRunner pid=3111462)[0m                                    'name': 'sglang',
[36m(TaskRunner pid=3111462)[0m                                    'over_sample_rate': 0.1,
[36m(TaskRunner pid=3111462)[0m                                    'pipeline_model_parallel_size': 1,
[36m(TaskRunner pid=3111462)[0m                                    'profiler': {'_target_': 'verl.utils.profiler.ProfilerConfig',
[36m(TaskRunner pid=3111462)[0m                                                 'all_ranks': False,
[36m(TaskRunner pid=3111462)[0m                                                 'enable': False,
[36m(TaskRunner pid=3111462)[0m                                                 'ranks': [],
[36m(TaskRunner pid=3111462)[0m                                                 'save_path': 'outputs/profile',
[36m(TaskRunner pid=3111462)[0m                                                 'tool': None,
[36m(TaskRunner pid=3111462)[0m                                                 'tool_config': {'npu': {'_target_': 'verl.utils.profiler.config.NPUToolConfig',
[36m(TaskRunner pid=3111462)[0m                                                                         'analysis': True,
[36m(TaskRunner pid=3111462)[0m                                                                         'contents': [],
[36m(TaskRunner pid=3111462)[0m                                                                         'discrete': False,
[36m(TaskRunner pid=3111462)[0m                                                                         'level': 'level0'},
[36m(TaskRunner pid=3111462)[0m                                                                 'nsys': {'_target_': 'verl.utils.profiler.config.NsightToolConfig',
[36m(TaskRunner pid=3111462)[0m                                                                          'discrete': False},
[36m(TaskRunner pid=3111462)[0m                                                                 'torch': {'_target_': 'verl.utils.profiler.config.TorchProfilerToolConfig',
[36m(TaskRunner pid=3111462)[0m                                                                           'contents': [],
[36m(TaskRunner pid=3111462)[0m                                                                           'discrete': False},
[36m(TaskRunner pid=3111462)[0m                                                                 'torch_memory': {'_target_': 'verl.utils.profiler.config.TorchMemoryToolConfig',
[36m(TaskRunner pid=3111462)[0m                                                                                  'stack_depth': 32,
[36m(TaskRunner pid=3111462)[0m                                                                                  'trace_alloc_max_entries': 100000}}},
[36m(TaskRunner pid=3111462)[0m                                    'prometheus': {'_target_': 'verl.workers.config.PrometheusConfig',
[36m(TaskRunner pid=3111462)[0m                                                   'enable': False,
[36m(TaskRunner pid=3111462)[0m                                                   'file': '/tmp/ray/session_latest/metrics/prometheus/prometheus.yml',
[36m(TaskRunner pid=3111462)[0m                                                   'port': 9090,
[36m(TaskRunner pid=3111462)[0m                                                   'served_model_name': 'Qwen/Qwen3-32B'},
[36m(TaskRunner pid=3111462)[0m                                    'prompt_length': 512,
[36m(TaskRunner pid=3111462)[0m                                    'quantization': None,
[36m(TaskRunner pid=3111462)[0m                                    'quantization_config_file': None,
[36m(TaskRunner pid=3111462)[0m                                    'response_length': 2048,
[36m(TaskRunner pid=3111462)[0m                                    'scheduling_policy': 'fcfs',
[36m(TaskRunner pid=3111462)[0m                                    'skip_dump_dir': '/tmp/rollout_dump',
[36m(TaskRunner pid=3111462)[0m                                    'skip_rollout': False,
[36m(TaskRunner pid=3111462)[0m                                    'skip_tokenizer_init': True,
[36m(TaskRunner pid=3111462)[0m                                    'temperature': 1.0,
[36m(TaskRunner pid=3111462)[0m                                    'tensor_model_parallel_size': 4,
[36m(TaskRunner pid=3111462)[0m                                    'top_k': -1,
[36m(TaskRunner pid=3111462)[0m                                    'top_p': 1,
[36m(TaskRunner pid=3111462)[0m                                    'trace': {'_target_': 'verl.workers.config.TraceConfig',
[36m(TaskRunner pid=3111462)[0m                                              'backend': None,
[36m(TaskRunner pid=3111462)[0m                                              'max_samples_per_step_per_worker': None,
[36m(TaskRunner pid=3111462)[0m                                              'token2text': False},
[36m(TaskRunner pid=3111462)[0m                                    'val_kwargs': {'_target_': 'verl.workers.config.SamplingConfig',
[36m(TaskRunner pid=3111462)[0m                                                   'do_sample': False,
[36m(TaskRunner pid=3111462)[0m                                                   'n': 1,
[36m(TaskRunner pid=3111462)[0m                                                   'temperature': 0,
[36m(TaskRunner pid=3111462)[0m                                                   'top_k': -1,
[36m(TaskRunner pid=3111462)[0m                                                   'top_p': 1.0}}},
[36m(TaskRunner pid=3111462)[0m  'algorithm': {'_target_': 'verl.trainer.config.AlgoConfig',
[36m(TaskRunner pid=3111462)[0m                'adv_estimator': 'grpo',
[36m(TaskRunner pid=3111462)[0m                'gamma': 1.0,
[36m(TaskRunner pid=3111462)[0m                'kl_ctrl': {'_target_': 'verl.trainer.config.KLControlConfig',
[36m(TaskRunner pid=3111462)[0m                            'horizon': 10000,
[36m(TaskRunner pid=3111462)[0m                            'kl_coef': 0.001,
[36m(TaskRunner pid=3111462)[0m                            'target_kl': 0.1,
[36m(TaskRunner pid=3111462)[0m                            'type': 'fixed'},
[36m(TaskRunner pid=3111462)[0m                'kl_penalty': 'kl',
[36m(TaskRunner pid=3111462)[0m                'lam': 1.0,
[36m(TaskRunner pid=3111462)[0m                'norm_adv_by_std_in_grpo': True,
[36m(TaskRunner pid=3111462)[0m                'pf_ppo': {'reweight_method': 'pow', 'weight_pow': 2.0},
[36m(TaskRunner pid=3111462)[0m                'rollout_correction': {'bypass_mode': False,
[36m(TaskRunner pid=3111462)[0m                                       'loss_type': 'ppo_clip',
[36m(TaskRunner pid=3111462)[0m                                       'rollout_is': None,
[36m(TaskRunner pid=3111462)[0m                                       'rollout_is_batch_normalize': False,
[36m(TaskRunner pid=3111462)[0m                                       'rollout_is_threshold': 2.0,
[36m(TaskRunner pid=3111462)[0m                                       'rollout_rs': None,
[36m(TaskRunner pid=3111462)[0m                                       'rollout_rs_threshold': None},
[36m(TaskRunner pid=3111462)[0m                'use_kl_in_reward': True,
[36m(TaskRunner pid=3111462)[0m                'use_pf_ppo': False},
[36m(TaskRunner pid=3111462)[0m  'critic': {'_target_': 'verl.workers.config.FSDPCriticConfig',
[36m(TaskRunner pid=3111462)[0m             'checkpoint': {'_target_': 'verl.trainer.config.CheckpointConfig',
[36m(TaskRunner pid=3111462)[0m                            'async_save': False,
[36m(TaskRunner pid=3111462)[0m                            'load_contents': ['model', 'optimizer', 'extra'],
[36m(TaskRunner pid=3111462)[0m                            'save_contents': ['model', 'optimizer', 'extra']},
[36m(TaskRunner pid=3111462)[0m             'cliprange_value': 0.5,
[36m(TaskRunner pid=3111462)[0m             'data_loader_seed': 42,
[36m(TaskRunner pid=3111462)[0m             'enable': None,
[36m(TaskRunner pid=3111462)[0m             'forward_max_token_len_per_gpu': 32768,
[36m(TaskRunner pid=3111462)[0m             'forward_micro_batch_size': None,
[36m(TaskRunner pid=3111462)[0m             'forward_micro_batch_size_per_gpu': None,
[36m(TaskRunner pid=3111462)[0m             'grad_clip': 1.0,
[36m(TaskRunner pid=3111462)[0m             'loss_agg_mode': 'token-mean',
[36m(TaskRunner pid=3111462)[0m             'model': {'_target_': 'verl.workers.config.FSDPCriticModelCfg',
[36m(TaskRunner pid=3111462)[0m                       'enable_activation_offload': False,
[36m(TaskRunner pid=3111462)[0m                       'enable_gradient_checkpointing': True,
[36m(TaskRunner pid=3111462)[0m                       'external_lib': None,
[36m(TaskRunner pid=3111462)[0m                       'fsdp_config': {'_target_': 'verl.workers.config.FSDPEngineConfig',
[36m(TaskRunner pid=3111462)[0m                                       'dtype': 'bfloat16',
[36m(TaskRunner pid=3111462)[0m                                       'entropy_checkpointing': False,
[36m(TaskRunner pid=3111462)[0m                                       'entropy_from_logits_with_chunking': False,
[36m(TaskRunner pid=3111462)[0m                                       'forward_only': False,
[36m(TaskRunner pid=3111462)[0m                                       'forward_prefetch': False,
[36m(TaskRunner pid=3111462)[0m                                       'fsdp_size': -1,
[36m(TaskRunner pid=3111462)[0m                                       'full_determinism': False,
[36m(TaskRunner pid=3111462)[0m                                       'model_dtype': 'fp32',
[36m(TaskRunner pid=3111462)[0m                                       'offload_policy': False,
[36m(TaskRunner pid=3111462)[0m                                       'optimizer_offload': False,
[36m(TaskRunner pid=3111462)[0m                                       'param_offload': False,
[36m(TaskRunner pid=3111462)[0m                                       'reshard_after_forward': True,
[36m(TaskRunner pid=3111462)[0m                                       'seed': 42,
[36m(TaskRunner pid=3111462)[0m                                       'strategy': 'fsdp',
[36m(TaskRunner pid=3111462)[0m                                       'ulysses_sequence_parallel_size': 1,
[36m(TaskRunner pid=3111462)[0m                                       'use_orig_params': False,
[36m(TaskRunner pid=3111462)[0m                                       'use_torch_compile': True,
[36m(TaskRunner pid=3111462)[0m                                       'wrap_policy': {'min_num_params': 0}},
[36m(TaskRunner pid=3111462)[0m                       'lora_alpha': 16,
[36m(TaskRunner pid=3111462)[0m                       'lora_rank': 0,
[36m(TaskRunner pid=3111462)[0m                       'override_config': {},
[36m(TaskRunner pid=3111462)[0m                       'path': '~/models/deepseek-llm-7b-chat',
[36m(TaskRunner pid=3111462)[0m                       'target_modules': 'all-linear',
[36m(TaskRunner pid=3111462)[0m                       'tiled_mlp': {'enabled': False, 'num_shards': 4},
[36m(TaskRunner pid=3111462)[0m                       'tokenizer_path': 'Qwen/Qwen3-32B',
[36m(TaskRunner pid=3111462)[0m                       'trust_remote_code': False,
[36m(TaskRunner pid=3111462)[0m                       'use_remove_padding': False,
[36m(TaskRunner pid=3111462)[0m                       'use_shm': False},
[36m(TaskRunner pid=3111462)[0m             'optim': {'_target_': 'verl.workers.config.FSDPOptimizerConfig',
[36m(TaskRunner pid=3111462)[0m                       'betas': [0.9, 0.999],
[36m(TaskRunner pid=3111462)[0m                       'clip_grad': 1.0,
[36m(TaskRunner pid=3111462)[0m                       'lr': 1e-05,
[36m(TaskRunner pid=3111462)[0m                       'lr_scheduler_type': 'constant',
[36m(TaskRunner pid=3111462)[0m                       'lr_warmup_steps': -1,
[36m(TaskRunner pid=3111462)[0m                       'lr_warmup_steps_ratio': 0.0,
[36m(TaskRunner pid=3111462)[0m                       'min_lr_ratio': 0.0,
[36m(TaskRunner pid=3111462)[0m                       'num_cycles': 0.5,
[36m(TaskRunner pid=3111462)[0m                       'optimizer': 'AdamW',
[36m(TaskRunner pid=3111462)[0m                       'optimizer_impl': 'torch.optim',
[36m(TaskRunner pid=3111462)[0m                       'override_optimizer_config': None,
[36m(TaskRunner pid=3111462)[0m                       'total_training_steps': -1,
[36m(TaskRunner pid=3111462)[0m                       'warmup_style': None,
[36m(TaskRunner pid=3111462)[0m                       'weight_decay': 0.01},
[36m(TaskRunner pid=3111462)[0m             'ppo_epochs': 1,
[36m(TaskRunner pid=3111462)[0m             'ppo_max_token_len_per_gpu': 32768,
[36m(TaskRunner pid=3111462)[0m             'ppo_micro_batch_size': None,
[36m(TaskRunner pid=3111462)[0m             'ppo_micro_batch_size_per_gpu': None,
[36m(TaskRunner pid=3111462)[0m             'ppo_mini_batch_size': 8,
[36m(TaskRunner pid=3111462)[0m             'profiler': {'_target_': 'verl.utils.profiler.ProfilerConfig',
[36m(TaskRunner pid=3111462)[0m                          'all_ranks': False,
[36m(TaskRunner pid=3111462)[0m                          'enable': False,
[36m(TaskRunner pid=3111462)[0m                          'ranks': [],
[36m(TaskRunner pid=3111462)[0m                          'save_path': 'outputs/profile',
[36m(TaskRunner pid=3111462)[0m                          'tool': None,
[36m(TaskRunner pid=3111462)[0m                          'tool_config': {'npu': {'_target_': 'verl.utils.profiler.config.NPUToolConfig',
[36m(TaskRunner pid=3111462)[0m                                                  'analysis': True,
[36m(TaskRunner pid=3111462)[0m                                                  'contents': [],
[36m(TaskRunner pid=3111462)[0m                                                  'discrete': False,
[36m(TaskRunner pid=3111462)[0m                                                  'level': 'level0'},
[36m(TaskRunner pid=3111462)[0m                                          'nsys': {'_target_': 'verl.utils.profiler.config.NsightToolConfig',
[36m(TaskRunner pid=3111462)[0m                                                   'discrete': False},
[36m(TaskRunner pid=3111462)[0m                                          'torch': {'_target_': 'verl.utils.profiler.config.TorchProfilerToolConfig',
[36m(TaskRunner pid=3111462)[0m                                                    'contents': [],
[36m(TaskRunner pid=3111462)[0m                                                    'discrete': False},
[36m(TaskRunner pid=3111462)[0m                                          'torch_memory': {'_target_': 'verl.utils.profiler.config.TorchMemoryToolConfig',
[36m(TaskRunner pid=3111462)[0m                                                           'stack_depth': 32,
[36m(TaskRunner pid=3111462)[0m                                                           'trace_alloc_max_entries': 100000}}},
[36m(TaskRunner pid=3111462)[0m             'rollout_n': 4,
[36m(TaskRunner pid=3111462)[0m             'shuffle': False,
[36m(TaskRunner pid=3111462)[0m             'strategy': 'fsdp',
[36m(TaskRunner pid=3111462)[0m             'ulysses_sequence_parallel_size': 1,
[36m(TaskRunner pid=3111462)[0m             'use_dynamic_bsz': False},
[36m(TaskRunner pid=3111462)[0m  'custom_reward_function': {'name': 'compute_score', 'path': None},
[36m(TaskRunner pid=3111462)[0m  'data': {'apply_chat_template_kwargs': {},
[36m(TaskRunner pid=3111462)[0m           'custom_cls': {'name': None, 'path': None},
[36m(TaskRunner pid=3111462)[0m           'datagen': {'name': None, 'path': None},
[36m(TaskRunner pid=3111462)[0m           'dataloader_num_workers': 8,
[36m(TaskRunner pid=3111462)[0m           'filter_overlong_prompts': True,
[36m(TaskRunner pid=3111462)[0m           'filter_overlong_prompts_workers': 1,
[36m(TaskRunner pid=3111462)[0m           'image_key': 'images',
[36m(TaskRunner pid=3111462)[0m           'image_patch_size': 14,
[36m(TaskRunner pid=3111462)[0m           'max_prompt_length': 512,
[36m(TaskRunner pid=3111462)[0m           'max_response_length': 2048,
[36m(TaskRunner pid=3111462)[0m           'prompt_key': 'prompt',
[36m(TaskRunner pid=3111462)[0m           'return_full_prompt': False,
[36m(TaskRunner pid=3111462)[0m           'return_multi_modal_inputs': True,
[36m(TaskRunner pid=3111462)[0m           'return_raw_chat': True,
[36m(TaskRunner pid=3111462)[0m           'return_raw_input_ids': False,
[36m(TaskRunner pid=3111462)[0m           'reward_fn_key': 'data_source',
[36m(TaskRunner pid=3111462)[0m           'sampler': {'class_name': None, 'class_path': None},
[36m(TaskRunner pid=3111462)[0m           'seed': None,
[36m(TaskRunner pid=3111462)[0m           'shuffle': True,
[36m(TaskRunner pid=3111462)[0m           'tokenizer': None,
[36m(TaskRunner pid=3111462)[0m           'tool_config_path': '/workspace/repo/verl_sglang/verl_customize/examples/sglang_multiturn/config/tool_config/math_tool_config.yaml',
[36m(TaskRunner pid=3111462)[0m           'train_batch_size': 64,
[36m(TaskRunner pid=3111462)[0m           'train_files': '/data/retool_aime2024/train.parquet',
[36m(TaskRunner pid=3111462)[0m           'train_max_samples': -1,
[36m(TaskRunner pid=3111462)[0m           'truncation': 'right',
[36m(TaskRunner pid=3111462)[0m           'trust_remote_code': False,
[36m(TaskRunner pid=3111462)[0m           'use_shm': False,
[36m(TaskRunner pid=3111462)[0m           'val_batch_size': None,
[36m(TaskRunner pid=3111462)[0m           'val_files': '/data/retool_aime2024/train.parquet',
[36m(TaskRunner pid=3111462)[0m           'val_max_samples': -1,
[36m(TaskRunner pid=3111462)[0m           'validation_shuffle': False,
[36m(TaskRunner pid=3111462)[0m           'video_key': 'videos'},
[36m(TaskRunner pid=3111462)[0m  'global_profiler': {'_target_': 'verl.utils.profiler.ProfilerConfig',
[36m(TaskRunner pid=3111462)[0m                      'global_tool_config': {'nsys': {'_target_': 'verl.utils.profiler.config.NsightToolConfig',
[36m(TaskRunner pid=3111462)[0m                                                      'controller_nsight_options': {'cuda-graph-trace': 'graph',
[36m(TaskRunner pid=3111462)[0m                                                                                    'cuda-memory-usage': 'true',
[36m(TaskRunner pid=3111462)[0m                                                                                    'trace': 'cuda,nvtx,cublas,ucx'},
[36m(TaskRunner pid=3111462)[0m                                                      'discrete': False,
[36m(TaskRunner pid=3111462)[0m                                                      'worker_nsight_options': {'capture-range': 'cudaProfilerApi',
[36m(TaskRunner pid=3111462)[0m                                                                                'capture-range-end': None,
[36m(TaskRunner pid=3111462)[0m                                                                                'cuda-graph-trace': 'graph',
[36m(TaskRunner pid=3111462)[0m                                                                                'cuda-memory-usage': 'true',
[36m(TaskRunner pid=3111462)[0m                                                                                'kill': 'none',
[36m(TaskRunner pid=3111462)[0m                                                                                'trace': 'cuda,nvtx,cublas,ucx'}},
[36m(TaskRunner pid=3111462)[0m                                             'torch_memory': {'context': 'all',
[36m(TaskRunner pid=3111462)[0m                                                              'kw_args': {},
[36m(TaskRunner pid=3111462)[0m                                                              'stack_depth': 32,
[36m(TaskRunner pid=3111462)[0m                                                              'stacks': 'all',
[36m(TaskRunner pid=3111462)[0m                                                              'trace_alloc_max_entries': 100000}},
[36m(TaskRunner pid=3111462)[0m                      'profile_continuous_steps': False,
[36m(TaskRunner pid=3111462)[0m                      'save_path': 'outputs/profile',
[36m(TaskRunner pid=3111462)[0m                      'steps': None,
[36m(TaskRunner pid=3111462)[0m                      'tool': None},
[36m(TaskRunner pid=3111462)[0m  'ray_kwargs': {'ray_init': {'num_cpus': None}, 'timeline_json_file': None},
[36m(TaskRunner pid=3111462)[0m  'reward_manager': {'_target_': 'verl.trainer.config.config.RewardManagerConfig',
[36m(TaskRunner pid=3111462)[0m                     'module': {'_target_': 'verl.trainer.config.config.ModuleConfig',
[36m(TaskRunner pid=3111462)[0m                                'name': 'custom_reward_manager',
[36m(TaskRunner pid=3111462)[0m                                'path': None},
[36m(TaskRunner pid=3111462)[0m                     'name': 'naive',
[36m(TaskRunner pid=3111462)[0m                     'source': 'register'},
[36m(TaskRunner pid=3111462)[0m  'reward_model': {'enable': False,
[36m(TaskRunner pid=3111462)[0m                   'enable_resource_pool': False,
[36m(TaskRunner pid=3111462)[0m                   'forward_max_token_len_per_gpu': 32768,
[36m(TaskRunner pid=3111462)[0m                   'launch_reward_fn_async': False,
[36m(TaskRunner pid=3111462)[0m                   'max_length': None,
[36m(TaskRunner pid=3111462)[0m                   'micro_batch_size': None,
[36m(TaskRunner pid=3111462)[0m                   'micro_batch_size_per_gpu': None,
[36m(TaskRunner pid=3111462)[0m                   'model': {'external_lib': None,
[36m(TaskRunner pid=3111462)[0m                             'fsdp_config': {'_target_': 'verl.workers.config.FSDPEngineConfig',
[36m(TaskRunner pid=3111462)[0m                                             'forward_prefetch': False,
[36m(TaskRunner pid=3111462)[0m                                             'fsdp_size': -1,
[36m(TaskRunner pid=3111462)[0m                                             'param_offload': False,
[36m(TaskRunner pid=3111462)[0m                                             'reshard_after_forward': True,
[36m(TaskRunner pid=3111462)[0m                                             'wrap_policy': {'min_num_params': 0}},
[36m(TaskRunner pid=3111462)[0m                             'input_tokenizer': 'Qwen/Qwen3-32B',
[36m(TaskRunner pid=3111462)[0m                             'override_config': {},
[36m(TaskRunner pid=3111462)[0m                             'path': '~/models/FsfairX-LLaMA3-RM-v0.1',
[36m(TaskRunner pid=3111462)[0m                             'trust_remote_code': False,
[36m(TaskRunner pid=3111462)[0m                             'use_fused_kernels': False,
[36m(TaskRunner pid=3111462)[0m                             'use_remove_padding': False,
[36m(TaskRunner pid=3111462)[0m                             'use_shm': False},
[36m(TaskRunner pid=3111462)[0m                   'n_gpus_per_node': 8,
[36m(TaskRunner pid=3111462)[0m                   'nnodes': 0,
[36m(TaskRunner pid=3111462)[0m                   'num_workers': 8,
[36m(TaskRunner pid=3111462)[0m                   'profiler': {'_target_': 'verl.utils.profiler.ProfilerConfig',
[36m(TaskRunner pid=3111462)[0m                                'all_ranks': False,
[36m(TaskRunner pid=3111462)[0m                                'enable': False,
[36m(TaskRunner pid=3111462)[0m                                'ranks': [],
[36m(TaskRunner pid=3111462)[0m                                'save_path': 'outputs/profile',
[36m(TaskRunner pid=3111462)[0m                                'tool': None,
[36m(TaskRunner pid=3111462)[0m                                'tool_config': {'npu': {'_target_': 'verl.utils.profiler.config.NPUToolConfig',
[36m(TaskRunner pid=3111462)[0m                                                        'analysis': True,
[36m(TaskRunner pid=3111462)[0m                                                        'contents': [],
[36m(TaskRunner pid=3111462)[0m                                                        'discrete': False,
[36m(TaskRunner pid=3111462)[0m                                                        'level': 'level0'},
[36m(TaskRunner pid=3111462)[0m                                                'nsys': {'_target_': 'verl.utils.profiler.config.NsightToolConfig',
[36m(TaskRunner pid=3111462)[0m                                                         'discrete': False},
[36m(TaskRunner pid=3111462)[0m                                                'torch': {'_target_': 'verl.utils.profiler.config.TorchProfilerToolConfig',
[36m(TaskRunner pid=3111462)[0m                                                          'contents': [],
[36m(TaskRunner pid=3111462)[0m                                                          'discrete': False},
[36m(TaskRunner pid=3111462)[0m                                                'torch_memory': {'_target_': 'verl.utils.profiler.config.TorchMemoryToolConfig',
[36m(TaskRunner pid=3111462)[0m                                                                 'stack_depth': 32,
[36m(TaskRunner pid=3111462)[0m                                                                 'trace_alloc_max_entries': 100000}}},
[36m(TaskRunner pid=3111462)[0m                   'reward_loop_class_name': None,
[36m(TaskRunner pid=3111462)[0m                   'reward_loop_module_path': None,
[36m(TaskRunner pid=3111462)[0m                   'reward_loop_source': 'register',
[36m(TaskRunner pid=3111462)[0m                   'reward_manager': 'naive',
[36m(TaskRunner pid=3111462)[0m                   'rollout': {'_target_': 'verl.workers.config.RolloutConfig',
[36m(TaskRunner pid=3111462)[0m                               'cudagraph_capture_sizes': None,
[36m(TaskRunner pid=3111462)[0m                               'data_parallel_size': 1,
[36m(TaskRunner pid=3111462)[0m                               'disable_log_stats': True,
[36m(TaskRunner pid=3111462)[0m                               'dtype': 'bfloat16',
[36m(TaskRunner pid=3111462)[0m                               'enable_chunked_prefill': True,
[36m(TaskRunner pid=3111462)[0m                               'enable_prefix_caching': True,
[36m(TaskRunner pid=3111462)[0m                               'enforce_eager': True,
[36m(TaskRunner pid=3111462)[0m                               'engine_kwargs': {},
[36m(TaskRunner pid=3111462)[0m                               'expert_parallel_size': 1,
[36m(TaskRunner pid=3111462)[0m                               'free_cache_engine': True,
[36m(TaskRunner pid=3111462)[0m                               'gpu_memory_utilization': 0.5,
[36m(TaskRunner pid=3111462)[0m                               'limit_images': None,
[36m(TaskRunner pid=3111462)[0m                               'load_format': 'auto',
[36m(TaskRunner pid=3111462)[0m                               'max_model_len': None,
[36m(TaskRunner pid=3111462)[0m                               'max_num_batched_tokens': 8192,
[36m(TaskRunner pid=3111462)[0m                               'max_num_seqs': 1024,
[36m(TaskRunner pid=3111462)[0m                               'name': '???',
[36m(TaskRunner pid=3111462)[0m                               'prompt_length': 2048,
[36m(TaskRunner pid=3111462)[0m                               'response_length': 2048,
[36m(TaskRunner pid=3111462)[0m                               'skip_tokenizer_init': False,
[36m(TaskRunner pid=3111462)[0m                               'tensor_model_parallel_size': 2},
[36m(TaskRunner pid=3111462)[0m                   'sandbox_fusion': {'max_concurrent': 64,
[36m(TaskRunner pid=3111462)[0m                                      'memory_limit_mb': 1024,
[36m(TaskRunner pid=3111462)[0m                                      'url': None},
[36m(TaskRunner pid=3111462)[0m                   'strategy': 'fsdp',
[36m(TaskRunner pid=3111462)[0m                   'ulysses_sequence_parallel_size': 1,
[36m(TaskRunner pid=3111462)[0m                   'use_dynamic_bsz': False,
[36m(TaskRunner pid=3111462)[0m                   'use_reward_loop': True},
[36m(TaskRunner pid=3111462)[0m  'trainer': {'balance_batch': True,[36m(TaskRunner pid=3111462)[0m /workspace/repo/verl_sglang/verl_customize/verl/trainer/main_ppo.py:300: UserWarning: Disabled critic as algorithm.adv_estimator != gae. If it is not intended, please set critic.enable=True
[36m(TaskRunner pid=3111462)[0m   use_critic=need_critic(config),
[36m(TaskRunner pid=3111462)[0m /workspace/repo/verl_sglang/verl_customize/verl/utils/tokenizer.py:109: UserWarning: Failed to create processor: Unsupported processor type: Qwen2TokenizerFast. This may affect multimodal processing
[36m(TaskRunner pid=3111462)[0m   warnings.warn(f"Failed to create processor: {e}. This may affect multimodal processing", stacklevel=1)
[36m(TaskRunner pid=3111462)[0m /workspace/repo/verl_sglang/verl_customize/verl/trainer/ppo/ray_trainer.py:391: UserWarning: Disabled critic as algorithm.adv_estimator != gae. If it is not intended, please set critic.enable=True
[36m(TaskRunner pid=3111462)[0m   self.use_critic = need_critic(self.config)
[36m(pid=3114029)[0m WARNING:2026-03-31 19:55:31,620:fused_indices_to_multihot has reached end of life. Please migrate to a non-experimental function.
[36m(pid=3114028)[0m WARNING:2026-03-31 19:55:32,180:fused_indices_to_multihot has reached end of life. Please migrate to a non-experimental function.
[36m(WorkerDict pid=3114029)[0m /workspace/repo/verl_sglang/verl_customize/verl/utils/tokenizer.py:109: UserWarning: Failed to create processor: Unsupported processor type: Qwen2TokenizerFast. This may affect multimodal processing
[36m(WorkerDict pid=3114029)[0m   warnings.warn(f"Failed to create processor: {e}. This may affect multimodal processing", stacklevel=1)
[36m(WorkerDict pid=3114029)[0m `torch_dtype` is deprecated! Use `dtype` instead!
[36m(WorkerDict pid=3114029)[0m Loading checkpoint shards:   0%|          | 0/17 [00:00<?, ?it/s]Loading checkpoint shards: 100%|██████████| 17/17 [00:00<00:00, 341.82it/s]
[36m(WorkerDict pid=3114027)[0m Loading checkpoint shards:   0%|          | 0/17 [00:00<?, ?it/s]
[36m(WorkerDict pid=3114028)[0m Loading checkpoint shards: 100%|██████████| 17/17 [00:00<00:00, 343.83it/s]
[36m(WorkerDict pid=3114028)[0m /usr/local/lib/python3.12/dist-packages/torch/distributed/fsdp/fully_sharded_data_parallel.py:675: FutureWarning: FSDP.state_dict_type() and FSDP.set_state_dict_type() are being deprecated. Please use APIs, get_state_dict() and set_state_dict(), which can support different parallelisms, FSDP1, FSDP2, DDP. API doc: https://pytorch.org/docs/stable/distributed.checkpoint.html#torch.distributed.checkpoint.state_dict.get_state_dict .Tutorial: https://pytorch.org/tutorials/recipes/distributed_checkpoint_recipe.html .
[36m(WorkerDict pid=3114028)[0m   warnings.warn(
[36m(pid=3114026)[0m WARNING:2026-03-31 19:55:32,424:fused_indices_to_multihot has reached end of life. Please migrate to a non-experimental function.[32m [repeated 2x across cluster] (Ray deduplicates logs by default. Set RAY_DEDUP_LOGS=0 to disable log deduplication, or see https://docs.ray.io/en/master/ray-observability/user-guides/configure-logging.html#log-deduplication for more options.)[0m
[36m(WorkerDict pid=3114026)[0m /workspace/repo/verl_sglang/verl_customize/verl/utils/tokenizer.py:109: UserWarning: Failed to create processor: Unsupported processor type: Qwen2TokenizerFast. This may affect multimodal processing[32m [repeated 3x across cluster][0m
[36m(WorkerDict pid=3114026)[0m   warnings.warn(f"Failed to create processor: {e}. This may affect multimodal processing", stacklevel=1)[32m [repeated 3x across cluster][0m
[36m(WorkerDict pid=3114026)[0m `torch_dtype` is deprecated! Use `dtype` instead![32m [repeated 3x across cluster][0m
[36m(WorkerDict pid=3114026)[0m Loading checkpoint shards:   0%|          | 0/17 [00:00<?, ?it/s][32m [repeated 2x across cluster][0m
[36m(WorkerDict pid=3114026)[0m Loading checkpoint shards: 100%|██████████| 17/17 [00:00<00:00, 260.24it/s][32m [repeated 2x across cluster][0m
[36m(WorkerDict pid=3114029)[0m Loading checkpoint shards:   0%|          | 0/17 [00:00<?, ?it/s]Loading checkpoint shards: 100%|██████████| 17/17 [00:00<00:00, 342.66it/s]
[36m(WorkerDict pid=3114028)[0m /usr/local/lib/python3.12/dist-packages/torch/distributed/fsdp/fully_sharded_data_parallel.py:675: FutureWarning: FSDP.state_dict_type() and FSDP.set_state_dict_type() are being deprecated. Please use APIs, get_state_dict() and set_state_dict(), which can support different parallelisms, FSDP1, FSDP2, DDP. API doc: https://pytorch.org/docs/stable/distributed.checkpoint.html#torch.distributed.checkpoint.state_dict.get_state_dict .Tutorial: https://pytorch.org/tutorials/recipes/distributed_checkpoint_recipe.html .[32m [repeated 4x across cluster][0m
[36m(WorkerDict pid=3114028)[0m   warnings.warn([32m [repeated 4x across cluster][0m
[36m(WorkerDict pid=3114026)[0m Loading checkpoint shards:   0%|          | 0/17 [00:00<?, ?it/s][32m [repeated 2x across cluster][0m
[36m(WorkerDict pid=3114026)[0m Loading checkpoint shards: 100%|██████████| 17/17 [00:00<00:00, 249.52it/s][32m [repeated 2x across cluster][0m
[36m(WorkerDict pid=3114027)[0m Loading checkpoint shards:   0%|          | 0/17 [00:00<?, ?it/s]Loading checkpoint shards: 100%|██████████| 17/17 [00:00<00:00, 349.63it/s]

[36m(TaskRunner pid=3111462)[0m              'critic_warmup': 0,
[36m(TaskRunner pid=3111462)[0m              'decoding_length_csv_dir': '/workspace/repo/verl_sglang/verl_customize/formal_exp_data_decoding_length',
[36m(TaskRunner pid=3111462)[0m              'default_hdfs_dir': None,
[36m(TaskRunner pid=3111462)[0m              'default_local_dir': 'checkpoints/aime_async_rl/model_multiturn_aime_workload_analysis',
[36m(TaskRunner pid=3111462)[0m              'del_local_ckpt_after_load': False,
[36m(TaskRunner pid=3111462)[0m              'device': 'cuda',
[36m(TaskRunner pid=3111462)[0m              'dual_model': False,
[36m(TaskRunner pid=3111462)[0m              'esi_redundant_time': 0,
[36m(TaskRunner pid=3111462)[0m              'experiment_name': 'model_multiturn_aime_workload_analysis',
[36m(TaskRunner pid=3111462)[0m              'fit_method': 'overlap_decode',
[36m(TaskRunner pid=3111462)[0m              'log_val_generations': 0,
[36m(TaskRunner pid=3111462)[0m              'logger': ['console'],
[36m(TaskRunner pid=3111462)[0m              'max_actor_ckpt_to_keep': None,
[36m(TaskRunner pid=3111462)[0m              'max_critic_ckpt_to_keep': None,
[36m(TaskRunner pid=3111462)[0m              'mps_active_thread_percentage': 0,
[36m(TaskRunner pid=3111462)[0m              'n_gpus_per_node': 4,
[36m(TaskRunner pid=3111462)[0m              'nnodes': 1,
[36m(TaskRunner pid=3111462)[0m              'profile': {'enabled': True,
[36m(TaskRunner pid=3111462)[0m                          'print_every': 1,
[36m(TaskRunner pid=3111462)[0m                          'print_rollout_each': False,
[36m(TaskRunner pid=3111462)[0m                          'verbose': True,
[36m(TaskRunner pid=3111462)[0m                          'window': 1},
[36m(TaskRunner pid=3111462)[0m              'project_name': 'aime_async_rl',
[36m(TaskRunner pid=3111462)[0m              'ray_wait_register_center_timeout': 300,
[36m(TaskRunner pid=3111462)[0m              'resume_from_path': None,
[36m(TaskRunner pid=3111462)[0m              'resume_mode': 'auto',
[36m(TaskRunner pid=3111462)[0m              'rollout_data_dir': None,
[36m(TaskRunner pid=3111462)[0m              'save_freq': 1000,
[36m(TaskRunner pid=3111462)[0m              'test_freq': 1000,
[36m(TaskRunner pid=3111462)[0m              'total_epochs': 1,
[36m(TaskRunner pid=3111462)[0m              'total_training_steps': None,
[36m(TaskRunner pid=3111462)[0m              'trainer_class': None,
[36m(TaskRunner pid=3111462)[0m              'use_legacy_worker_impl': 'disable',
[36m(TaskRunner pid=3111462)[0m              'val_before_train': False,
[36m(TaskRunner pid=3111462)[0m              'val_only': False,
[36m(TaskRunner pid=3111462)[0m              'validation_data_dir': None},
[36m(TaskRunner pid=3111462)[0m  'transfer_queue': {'enable': False}}
[36m(TaskRunner pid=3111462)[0m Using new worker implementation
[36m(TaskRunner pid=3111462)[0m NOTICE: You have both enabled in-reward kl and kl loss.
[36m(TaskRunner pid=3111462)[0m [validate_config] All configuration checks passed successfully!
[36m(TaskRunner pid=3111462)[0m Using dataset class: RLHFDataset
[36m(TaskRunner pid=3111462)[0m {
[36m(TaskRunner pid=3111462)[0m   "type": "function",
[36m(TaskRunner pid=3111462)[0m   "function": {
[36m(TaskRunner pid=3111462)[0m     "name": "calc_math_reward",
[36m(TaskRunner pid=3111462)[0m     "description": "A tool for calculating the reward of a math answer (1.0 if correct, 0.0 otherwise).",
[36m(TaskRunner pid=3111462)[0m     "parameters": {
[36m(TaskRunner pid=3111462)[0m       "type": "object",
[36m(TaskRunner pid=3111462)[0m       "properties": {
[36m(TaskRunner pid=3111462)[0m         "answer": {
[36m(TaskRunner pid=3111462)[0m           "type": "string",
[36m(TaskRunner pid=3111462)[0m           "description": "The model's final answer (preferably within \\boxed{})."
[36m(TaskRunner pid=3111462)[0m         }
[36m(TaskRunner pid=3111462)[0m       },
[36m(TaskRunner pid=3111462)[0m       "required": [
[36m(TaskRunner pid=3111462)[0m         "answer"
[36m(TaskRunner pid=3111462)[0m       ]
[36m(TaskRunner pid=3111462)[0m     }
[36m(TaskRunner pid=3111462)[0m   }
[36m(TaskRunner pid=3111462)[0m }
[36m(TaskRunner pid=3111462)[0m dataset len: 960
[36m(TaskRunner pid=3111462)[0m filter dataset len (from cache): 960
[36m(TaskRunner pid=3111462)[0m Using dataset class: RLHFDataset
[36m(TaskRunner pid=3111462)[0m {
[36m(TaskRunner pid=3111462)[0m   "type": "function",
[36m(TaskRunner pid=3111462)[0m   "function": {
[36m(TaskRunner pid=3111462)[0m     "name": "calc_math_reward",
[36m(TaskRunner pid=3111462)[0m     "description": "A tool for calculating the reward of a math answer (1.0 if correct, 0.0 otherwise).",
[36m(TaskRunner pid=3111462)[0m     "parameters": {
[36m(TaskRunner pid=3111462)[0m       "type": "object",
[36m(TaskRunner pid=3111462)[0m       "properties": {
[36m(TaskRunner pid=3111462)[0m         "answer": {
[36m(TaskRunner pid=3111462)[0m           "type": "string",
[36m(TaskRunner pid=3111462)[0m           "description": "The model's final answer (preferably within \\boxed{})."
[36m(TaskRunner pid=3111462)[0m         }
[36m(TaskRunner pid=3111462)[0m       },
[36m(TaskRunner pid=3111462)[0m       "required": [
[36m(TaskRunner pid=3111462)[0m         "answer"
[36m(TaskRunner pid=3111462)[0m       ]
[36m(TaskRunner pid=3111462)[0m     }
[36m(TaskRunner pid=3111462)[0m   }
[36m(TaskRunner pid=3111462)[0m }
[36m(TaskRunner pid=3111462)[0m dataset len: 960
[36m(TaskRunner pid=3111462)[0m filter dataset len (from cache): 960
[36m(TaskRunner pid=3111462)[0m Size of train dataloader: 15, Size of val dataloader: 1
[36m(TaskRunner pid=3111462)[0m Total training steps: 15
[36m(TaskRunner pid=3111462)[0m colocated worker base class <class 'verl.single_controller.base.worker.Worker'>
[36m(TaskRunner pid=3111462)[0m [debug], rollout {'actor_rollout_ref': <verl.single_controller.ray.base.RayWorkerGroup object at 0x7f58cfe9ca40>}
[36m(WorkerDict pid=3114029)[0m [Gloo] Rank 3 is connected to 3 peer ranks. Expected number of connected peer ranks is : 3
[36m(WorkerDict pid=3114029)[0m Monkey patch state_dict in AutoModelForCausalLMWithValueHead. 
[36m(WorkerDict pid=3114029)[0m Monkey patch _flash_attention_forward in transformers.integrations.flash_attention
[36m(WorkerDict pid=3114029)[0m Skipping monkey patch for Qwen3ForCausalLM as use_fused_kernels is False or fused_kernels_backend is torch
[36m(WorkerDict pid=3114026)[0m Qwen3ForCausalLM contains 32.76B parameters
[36m(WorkerDict pid=3114026)[0m Before FSDP, memory allocated (GB): 0.00, memory reserved (GB): 0.00, device memory used/total (GB): 0.51/79.11
[36m(WorkerDict pid=3114026)[0m After FSDP, memory allocated (GB): 0.00, memory reserved (GB): 10.94, device memory used/total (GB): 12.79/79.11
[36m(WorkerDict pid=3114027)[0m [Gloo] Rank 1 is connected to 3 peer ranks. Expected number of connected peer ranks is : 3[32m [repeated 3x across cluster][0m
[36m(WorkerDict pid=3114026)[0m Monkey patch state_dict in AutoModelForCausalLMWithValueHead. [32m [repeated 3x across cluster][0m
[36m(WorkerDict pid=3114026)[0m Monkey patch _flash_attention_forward in transformers.integrations.flash_attention[32m [repeated 3x across cluster][0m
[36m(WorkerDict pid=3114026)[0m Skipping monkey patch for Qwen3ForCausalLM as use_fused_kernels is False or fused_kernels_backend is torch[32m [repeated 3x across cluster][0m
[36m(WorkerDict pid=3114026)[0m Qwen3ForCausalLM contains 32.76B parameters
[36m(WorkerDict pid=3114026)[0m Before FSDP, memory allocated (GB): 0.00, memory reserved (GB): 10.94, device memory used/total (GB): 12.79/79.11
[36m(WorkerDict pid=3114026)[0m After FSDP, memory allocated (GB): 15.26, memory reserved (GB): 25.80, device memory used/total (GB): 27.66/79.11
[36m(WorkerDict pid=3114026)[0m Total steps: 15, num_warmup_steps: 0
[36m(WorkerDict pid=3114026)[0m Monkey patch state_dict in AutoModelForCausalLMWithValueHead. [32m [repeated 4x across cluster][0m[36m(WorkerDict pid=3114029)[0m <frozen importlib._bootstrap_external>:1301: FutureWarning: The cuda.cudart module is deprecated and will be removed in a future release, please switch to use the cuda.bindings.runtime module instead.
[36m(WorkerDict pid=3114026)[0m /usr/local/lib/python3.12/dist-packages/torch/distributed/fsdp/fully_sharded_data_parallel.py:675: FutureWarning: FSDP.state_dict_type() and FSDP.set_state_dict_type() are being deprecated. Please use APIs, get_state_dict() and set_state_dict(), which can support different parallelisms, FSDP1, FSDP2, DDP. API doc: https://pytorch.org/docs/stable/distributed.checkpoint.html#torch.distributed.checkpoint.state_dict.get_state_dict .Tutorial: https://pytorch.org/tutorials/recipes/distributed_checkpoint_recipe.html .[32m [repeated 3x across cluster][0m
[36m(WorkerDict pid=3114026)[0m   warnings.warn([32m [repeated 3x across cluster][0m
[36m(WorkerDict pid=3114029)[0m <frozen importlib._bootstrap_external>:1301: FutureWarning: The cuda.nvrtc module is deprecated and will be removed in a future release, please switch to use the cuda.bindings.nvrtc module instead.
[36m(TaskRunner pid=3111462)[0m /workspace/repo/verl_sglang/verl_customize/sglang/python/sglang/srt/layers/attention/fla/utils.py:212: UserWarning: Triton is not supported on current platform, roll back to CPU.
[36m(TaskRunner pid=3111462)[0m /workspace/repo/verl_sglang/verl_customize/sglang/python/sglang/srt/layers/quantization/awq.py:76: UserWarning: Only CUDA, HIP and XPU support AWQ currently.
[36m(TaskRunner pid=3111462)[0m   warnings.warn(f"Only CUDA, HIP and XPU support AWQ currently.")
[36m(TaskRunner pid=3111462)[0m /workspace/repo/verl_sglang/verl_customize/sglang/python/sglang/srt/layers/quantization/gguf.py:47: UserWarning: Only CUDA support GGUF quantization currently.
[36m(TaskRunner pid=3111462)[0m   warnings.warn(f"Only CUDA support GGUF quantization currently.")
[36m(pid=3123845)[0m <frozen importlib._bootstrap_external>:1301: FutureWarning: The cuda.cudart module is deprecated and will be removed in a future release, please switch to use the cuda.bindings.runtime module instead.[32m [repeated 5x across cluster][0m
[36m(TaskRunner pid=3111462)[0m   warnings.warn(
[36m(pid=3123845)[0m <frozen importlib._bootstrap_external>:1301: FutureWarning: The cuda.nvrtc module is deprecated and will be removed in a future release, please switch to use the cuda.bindings.nvrtc module instead.[32m [repeated 5x across cluster][0m
[36m(SGLangHttpServer pid=3123845)[0m WARNING:2026-03-31 19:56:36,200:fused_indices_to_multihot has reached end of life. Please migrate to a non-experimental function.
[36m(SGLangHttpServer pid=3123845)[0m /workspace/repo/verl_sglang/verl_customize/verl/utils/tokenizer.py:109: UserWarning: Failed to create processor: Unsupported processor type: Qwen2TokenizerFast. This may affect multimodal processing
[36m(SGLangHttpServer pid=3123845)[0m   warnings.warn(f"Failed to create processor: {e}. This may affect multimodal processing", stacklevel=1)
[36m(SGLangHttpServer pid=3123845)[0m WARNING:2026-03-31 19:56:39,064:agent loop only support torch and npu profiler, got None
[36m(SGLangHttpServer pid=3123845)[0m INFO:2026-03-31 19:56:39,064:SGLangHttpServer, replica_rank: 0, master address: 172.17.0.6, port: 33269
[36m(SGLangHttpServer pid=3123845)[0m <frozen importlib._bootstrap_external>:1301: FutureWarning: The cuda.cudart module is deprecated and will be removed in a future release, please switch to use the cuda.bindings.runtime module instead.
[36m(SGLangHttpServer pid=3123845)[0m <frozen importlib._bootstrap_external>:1301: FutureWarning: The cuda.nvrtc module is deprecated and will be removed in a future release, please switch to use the cuda.bindings.nvrtc module instead.
[36m(SGLangHttpServer pid=3123845)[0m <frozen importlib._bootstrap_external>:1301: FutureWarning: The cuda.cudart module is deprecated and will be removed in a future release, please switch to use the cuda.bindings.runtime module instead.
[36m(SGLangHttpServer pid=3123845)[0m <frozen importlib._bootstrap_external>:1301: FutureWarning: The cuda.nvrtc module is deprecated and will be removed in a future release, please switch to use the cuda.bindings.nvrtc module instead.
[36m(SGLangHttpServer pid=3123845)[0m <frozen importlib._bootstrap_external>:1301: FutureWarning: The cuda.cudart module is deprecated and will be removed in a future release, please switch to use the cuda.bindings.runtime module instead.
[36m(SGLangHttpServer pid=3123845)[0m <frozen importlib._bootstrap_external>:1301: FutureWarning: The cuda.nvrtc module is deprecated and will be removed in a future release, please switch to use the cuda.bindings.nvrtc module instead.
[36m(SGLangHttpServer pid=3123845)[0m <frozen importlib._bootstrap_external>:1301: FutureWarning: The cuda.cudart module is deprecated and will be removed in a future release, please switch to use the cuda.bindings.runtime module instead.
[36m(SGLangHttpServer pid=3123845)[0m <frozen importlib._bootstrap_external>:1301: FutureWarning: The cuda.nvrtc module is deprecated and will be removed in a future release, please switch to use the cuda.bindings.nvrtc module instead.
[36m(SGLangHttpServer pid=3123845)[0m <frozen importlib._bootstrap_external>:1301: FutureWarning: The cuda.cudart module is deprecated and will be removed in a future release, please switch to use the cuda.bindings.runtime module instead.
[36m(SGLangHttpServer pid=3123845)[0m <frozen importlib._bootstrap_external>:1301: FutureWarning: The cuda.nvrtc module is deprecated and will be removed in a future release, please switch to use the cuda.bindings.nvrtc module instead.
[36m(SGLangHttpServer pid=3123845)[0m [W331 19:56:49.509073276 ProcessGroupNCCL.cpp:924] Warning: TORCH_NCCL_AVOID_RECORD_STREAMS is the default now, this environment variable is thus deprecated. (function operator())
[36m(SGLangHttpServer pid=3123845)[0m [W331 19:56:49.512813546 ProcessGroupNCCL.cpp:924] Warning: TORCH_NCCL_AVOID_RECORD_STREAMS is the default now, this environment variable is thus deprecated. (function operator())
[36m(SGLangHttpServer pid=3123845)[0m [W331 19:56:49.675679528 ProcessGroupNCCL.cpp:924] Warning: TORCH_NCCL_AVOID_RECORD_STREAMS is the default now, this environment variable is thus deprecated. (function operator())
[36m(SGLangHttpServer pid=3123845)[0m [W331 19:56:49.676184576 ProcessGroupNCCL.cpp:924] Warning: TORCH_NCCL_AVOID_RECORD_STREAMS is the default now, this environment variable is thus deprecated. (function operator())
[36m(SGLangHttpServer pid=3123845)[0m   0%|          | 0/52 [00:00<?, ?it/s]Capturing batches (bs=512 avail_mem=44.54 GB):   0%|          | 0/52 [00:00<?, ?it/s]
[36m(SGLangHttpServer pid=3123845)[0m Capturing batches (bs=512 avail_mem=44.54 GB):   2%|▏         | 1/52 [00:01<00:59,  1.17s/it]Capturing batches (bs=496 avail_mem=44.03 GB):   2%|▏         | 1/52 [00:01<00:59,  1.17s/it]
[36m(SGLangHttpServer pid=3123845)[0m Capturing batches (bs=496 avail_mem=44.03 GB):   4%|▍         | 2/52 [00:01<00:29,  1.71it/s]Capturing batches (bs=480 avail_mem=44.02 GB):   4%|▍         | 2/52 [00:01<00:29,  1.71it/s]
[36m(SGLangHttpServer pid=3123845)[0m Capturing batches (bs=480 avail_mem=44.02 GB):   6%|▌         | 3/52 [00:01<00:18,  2.63it/s]Capturing batches (bs=464 avail_mem=44.01 GB):   6%|▌         | 3/52 [00:01<00:18,  2.63it/s]
[36m(SGLangHttpServer pid=3123845)[0m Capturing batches (bs=464 avail_mem=44.01 GB):   8%|▊         | 4/52 [00:01<00:13,  3.60it/s]Capturing batches (bs=448 avail_mem=43.99 GB):   8%|▊         | 4/52 [00:01<00:13,  3.60it/s]
[36m(SGLangHttpServer pid=3123845)[0m Capturing batches (bs=448 avail_mem=43.99 GB):  10%|▉         | 5/52 [00:01<00:10,  4.62it/s]Capturing batches (bs=432 avail_mem=43.98 GB):  10%|▉         | 5/52 [00:01<00:10,  4.62it/s]
[36m(SGLangHttpServer pid=3123845)[0m Capturing batches (bs=432 avail_mem=43.98 GB):  12%|█▏        | 6/52 [00:01<00:09,  4.97it/s]Capturing batches (bs=416 avail_mem=43.98 GB):  12%|█▏        | 6/52 [00:01<00:09,  4.97it/s]
[36m(SGLangHttpServer pid=3123845)[0m Capturing batches (bs=416 avail_mem=43.98 GB):  13%|█▎        | 7/52 [00:01<00:07,  5.82it/s]Capturing batches (bs=400 avail_mem=43.96 GB):  13%|█▎        | 7/52 [00:01<00:07,  5.82it/s]
[36m(SGLangHttpServer pid=3123845)[0m Capturing batches (bs=384 avail_mem=43.95 GB):  13%|█▎        | 7/52 [00:02<00:07,  5.82it/s]
[36m(SGLangHttpServer pid=3123845)[0m Capturing batches (bs=384 avail_mem=43.95 GB):  17%|█▋        | 9/52 [00:02<00:05,  7.23it/s]Capturing batches (bs=368 avail_mem=43.94 GB):  17%|█▋        | 9/52 [00:02<00:05,  7.23it/s]
[36m(SGLangHttpServer pid=3123845)[0m Capturing batches (bs=368 avail_mem=43.94 GB):  19%|█▉        | 10/52 [00:02<00:05,  7.73it/s]Capturing batches (bs=352 avail_mem=43.93 GB):  19%|█▉        | 10/52 [00:02<00:05,  7.73it/s]
[36m(SGLangHttpServer pid=3123845)[0m Capturing batches (bs=352 avail_mem=43.93 GB):  21%|██        | 11/52 [00:02<00:05,  7.99it/s]Capturing batches (bs=336 avail_mem=43.92 GB):  21%|██        | 11/52 [00:02<00:05,  7.99it/s]
[36m(SGLangHttpServer pid=3123845)[0m Capturing batches (bs=336 avail_mem=43.92 GB):  23%|██▎       | 12/52 [00:02<00:04,  8.29it/s]Capturing batches (bs=320 avail_mem=43.91 GB):  23%|██▎       | 12/52 [00:02<00:04,  8.29it/s]
[36m(SGLangHttpServer pid=3123845)[0m Capturing batches (bs=320 avail_mem=43.91 GB):  25%|██▌       | 13/52 [00:02<00:04,  8.63it/s]Capturing batches (bs=304 avail_mem=43.90 GB):  25%|██▌       | 13/52 [00:02<00:04,  8.63it/s]
[36m(SGLangHttpServer pid=3123845)[0m Capturing batches (bs=304 avail_mem=43.90 GB):  27%|██▋       | 14/52 [00:02<00:04,  8.76it/s]Capturing batches (bs=288 avail_mem=43.89 GB):  27%|██▋       | 14/52 [00:02<00:04,  8.76it/s]
[36m(SGLangHttpServer pid=3123845)[0m Capturing batches (bs=288 avail_mem=43.89 GB):  29%|██▉       | 15/52 [00:02<00:05,  6.94it/s]Capturing batches (bs=272 avail_mem=43.88 GB):  29%|██▉       | 15/52 [00:02<00:05,  6.94it/s]
[36m(SGLangHttpServer pid=3123845)[0m Capturing batches (bs=272 avail_mem=43.88 GB):  31%|███       | 16/52 [00:03<00:04,  7.37it/s]Capturing batches (bs=256 avail_mem=43.87 GB):  31%|███       | 16/52 [00:03<00:04,  7.37it/s]
[36m(SGLangHttpServer pid=3123845)[0m Capturing batches (bs=256 avail_mem=43.87 GB):  33%|███▎      | 17/52 [00:03<00:04,  7.16it/s]Capturing batches (bs=248 avail_mem=43.85 GB):  33%|███▎      | 17/52 [00:03<00:04,  7.16it/s]
[36m(SGLangHttpServer pid=3123845)[0m Capturing batches (bs=248 avail_mem=43.85 GB):  35%|███▍      | 18/52 [00:03<00:04,  6.98it/s]Capturing batches (bs=240 avail_mem=43.84 GB):  35%|███▍      | 18/52 [00:03<00:04,  6.98it/s]
[36m(SGLangHttpServer pid=3123845)[0m Capturing batches (bs=240 avail_mem=43.84 GB):  37%|███▋      | 19/52 [00:03<00:04,  6.79it/s]Capturing batches (bs=232 avail_mem=43.83 GB):  37%|███▋      | 19/52 [00:03<00:04,  6.79it/s]
[36m(SGLangHttpServer pid=3123845)[0m Capturing batches (bs=232 avail_mem=43.83 GB):  38%|███▊      | 20/52 [00:03<00:05,  5.68it/s]Capturing batches (bs=224 avail_mem=43.82 GB):  38%|███▊      | 20/52 [00:03<00:05,  5.68it/s]
[36m(SGLangHttpServer pid=3123845)[0m Capturing batches (bs=224 avail_mem=43.82 GB):  40%|████      | 21/52 [00:04<00:08,  3.87it/s]Capturing batches (bs=216 avail_mem=43.81 GB):  40%|████      | 21/52 [00:04<00:08,  3.87it/s]
[36m(SGLangHttpServer pid=3123845)[0m Capturing batches (bs=216 avail_mem=43.81 GB):  42%|████▏     | 22/52 [00:04<00:06,  4.55it/s]Capturing batches (bs=208 avail_mem=43.80 GB):  42%|████▏     | 22/52 [00:04<00:06,  4.55it/s]
[36m(SGLangHttpServer pid=3123845)[0m Capturing batches (bs=208 avail_mem=43.80 GB):  44%|████▍     | 23/52 [00:04<00:05,  5.38it/s]Capturing batches (bs=200 avail_mem=43.79 GB):  44%|████▍     | 23/52 [00:04<00:05,  5.38it/s]
[36m(SGLangHttpServer pid=3123845)[0m Capturing batches (bs=200 avail_mem=43.79 GB):  46%|████▌     | 24/52 [00:04<00:04,  5.62it/s]Capturing batches (bs=192 avail_mem=43.78 GB):  46%|████▌     | 24/52 [00:04<00:04,  5.62it/s]
[36m(SGLangHttpServer pid=3123845)[0m Capturing batches (bs=192 avail_mem=43.78 GB):  48%|████▊     | 25/52 [00:04<00:04,  6.23it/s]Capturing batches (bs=184 avail_mem=43.77 GB):  48%|████▊     | 25/52 [00:04<00:04,  6.23it/s]
[36m(SGLangHttpServer pid=3123845)[0m Capturing batches (bs=176 avail_mem=43.76 GB):  48%|████▊     | 25/52 [00:04<00:04,  6.23it/s]
[36m(SGLangHttpServer pid=3123845)[0m Capturing batches (bs=176 avail_mem=43.76 GB):  52%|█████▏    | 27/52 [00:04<00:03,  7.55it/s]Capturing batches (bs=168 avail_mem=43.75 GB):  52%|█████▏    | 27/52 [00:04<00:03,  7.55it/s]
[36m(SGLangHttpServer pid=3123845)[0m Capturing batches (bs=168 avail_mem=43.75 GB):  54%|█████▍    | 28/52 [00:05<00:03,  7.66it/s]Capturing batches (bs=160 avail_mem=43.74 GB):  54%|█████▍    | 28/52 [00:05<00:03,  7.66it/s]
[36m(SGLangHttpServer pid=3123845)[0m Capturing batches (bs=160 avail_mem=43.74 GB):  56%|█████▌    | 29/52 [00:05<00:03,  7.34it/s]Capturing batches (bs=152 avail_mem=43.73 GB):  56%|█████▌    | 29/52 [00:05<00:03,  7.34it/s]
[36m(SGLangHttpServer pid=3123845)[0m Capturing batches (bs=152 avail_mem=43.73 GB):  58%|█████▊    | 30/52 [00:05<00:02,  7.83it/s]Capturing batches (bs=144 avail_mem=43.72 GB):  58%|█████▊    | 30/52 [00:05<00:02,  7.83it/s]
[36m(SGLangHttpServer pid=3123845)[0m Capturing batches (bs=144 avail_mem=43.72 GB):  60%|█████▉    | 31/52 [00:05<00:02,  8.05it/s]Capturing batches (bs=136 avail_mem=43.71 GB):  60%|█████▉    | 31/52 [00:05<00:02,  8.05it/s]
[36m(SGLangHttpServer pid=3123845)[0m Capturing batches (bs=136 avail_mem=43.71 GB):  62%|██████▏   | 32/52 [00:05<00:02,  8.26it/s]Capturing batches (bs=128 avail_mem=43.70 GB):  62%|██████▏   | 32/52 [00:05<00:02,  8.26it/s]
[36m(SGLangHttpServer pid=3123845)[0m Capturing batches (bs=128 avail_mem=43.70 GB):  63%|██████▎   | 33/52 [00:05<00:02,  8.01it/s]Capturing batches (bs=120 avail_mem=43.68 GB):  63%|██████▎   | 33/52 [00:05<00:02,  8.01it/s]
[36m(SGLangHttpServer pid=3123845)[0m Capturing batches (bs=112 avail_mem=43.67 GB):  63%|██████▎   | 33/52 [00:05<00:02,  8.01it/s]
[36m(SGLangHttpServer pid=3123845)[0m Capturing batches (bs=112 avail_mem=43.67 GB):  67%|██████▋   | 35/52 [00:05<00:01,  8.75it/s]Capturing batches (bs=104 avail_mem=43.66 GB):  67%|██████▋   | 35/52 [00:05<00:01,  8.75it/s]
[36m(SGLangHttpServer pid=3123845)[0m Capturing batches (bs=104 avail_mem=43.66 GB):  69%|██████▉   | 36/52 [00:06<00:01,  8.59it/s]
[36m(SGLangHttpServer pid=3123845)[0m Capturing batches (bs=96 avail_mem=43.65 GB):  69%|██████▉   | 36/52 [00:06<00:01,  8.59it/s] 
[36m(SGLangHttpServer pid=3123845)[0m Capturing batches (bs=96 avail_mem=43.65 GB):  71%|███████   | 37/52 [00:06<00:01,  8.79it/s]Capturing batches (bs=88 avail_mem=43.64 GB):  71%|███████   | 37/52 [00:06<00:01,  8.79it/s]
[36m(SGLangHttpServer pid=3123845)[0m Capturing batches (bs=88 avail_mem=43.64 GB):  73%|███████▎  | 38/52 [00:06<00:01,  8.83it/s]Capturing batches (bs=80 avail_mem=43.63 GB):  73%|███████▎  | 38/52 [00:06<00:01,  8.83it/s]
[36m(SGLangHttpServer pid=3123845)[0m Capturing batches (bs=80 avail_mem=43.63 GB):  75%|███████▌  | 39/52 [00:06<00:01,  9.10it/s]Capturing batches (bs=72 avail_mem=43.62 GB):  75%|███████▌  | 39/52 [00:06<00:01,  9.10it/s]
[36m(SGLangHttpServer pid=3123845)[0m Capturing batches (bs=72 avail_mem=43.62 GB):  77%|███████▋  | 40/52 [00:06<00:01,  8.37it/s]Capturing batches (bs=64 avail_mem=43.61 GB):  77%|███████▋  | 40/52 [00:06<00:01,  8.37it/s]
[36m(SGLangHttpServer pid=3123845)[0m Capturing batches (bs=64 avail_mem=43.61 GB):  79%|███████▉  | 41/52 [00:06<00:01,  8.15it/s]Capturing batches (bs=56 avail_mem=43.60 GB):  79%|███████▉  | 41/52 [00:06<00:01,  8.15it/s]
[36m(SGLangHttpServer pid=3123845)[0m Capturing batches (bs=48 avail_mem=43.58 GB):  79%|███████▉  | 41/52 [00:06<00:01,  8.15it/s]
[36m(SGLangHttpServer pid=3123845)[0m Capturing batches (bs=48 avail_mem=43.58 GB):  83%|████████▎ | 43/52 [00:06<00:01,  8.76it/s]Capturing batches (bs=40 avail_mem=43.57 GB):  83%|████████▎ | 43/52 [00:06<00:01,  8.76it/s]
[36m(SGLangHttpServer pid=3123845)[0m Capturing batches (bs=40 avail_mem=43.57 GB):  85%|████████▍ | 44/52 [00:06<00:00,  8.89it/s]Capturing batches (bs=32 avail_mem=43.56 GB):  85%|████████▍ | 44/52 [00:06<00:00,  8.89it/s]
[36m(SGLangHttpServer pid=3123845)[0m Capturing batches (bs=32 avail_mem=43.56 GB):  87%|████████▋ | 45/52 [00:07<00:00,  8.86it/s]Capturing batches (bs=24 avail_mem=43.55 GB):  87%|████████▋ | 45/52 [00:07<00:00,  8.86it/s]
[36m(SGLangHttpServer pid=3123845)[0m Capturing batches (bs=16 avail_mem=43.54 GB):  87%|████████▋ | 45/52 [00:07<00:00,  8.86it/s]
[36m(SGLangHttpServer pid=3123845)[0m Capturing batches (bs=16 avail_mem=43.54 GB):  90%|█████████ | 47/52 [00:07<00:00,  9.39it/s]Capturing batches (bs=12 avail_mem=43.52 GB):  90%|█████████ | 47/52 [00:07<00:00,  9.39it/s]
[36m(SGLangHttpServer pid=3123845)[0m Capturing batches (bs=12 avail_mem=43.52 GB):  92%|█████████▏| 48/52 [00:07<00:00,  9.34it/s]Capturing batches (bs=8 avail_mem=43.51 GB):  92%|█████████▏| 48/52 [00:07<00:00,  9.34it/s] 
[36m(SGLangHttpServer pid=3123845)[0m Capturing batches (bs=8 avail_mem=43.51 GB):  94%|█████████▍| 49/52 [00:07<00:00,  9.14it/s]Capturing batches (bs=4 avail_mem=43.50 GB):  94%|█████████▍| 49/52 [00:07<00:00,  9.14it/s]Capturing batches (bs=2 avail_mem=43.49 GB):  94%|█████████▍| 49/52 [00:07<00:00,  9.14it/s]
[36m(SGLangHttpServer pid=3123845)[0m Capturing batches (bs=2 avail_mem=43.49 GB):  98%|█████████▊| 51/52 [00:07<00:00,  9.84it/s]Capturing batches (bs=1 avail_mem=43.47 GB):  98%|█████████▊| 51/52 [00:07<00:00,  9.84it/s]
[36m(SGLangHttpServer pid=3123845)[0m Capturing batches (bs=1 avail_mem=43.47 GB): 100%|██████████| 52/52 [00:07<00:00,  8.83it/s]Capturing batches (bs=1 avail_mem=43.47 GB): 100%|██████████| 52/52 [00:07<00:00,  6.68it/s]
[36m(TaskRunner pid=3111462)[0m Training Progress:   0%|          | 0/15 [00:00<?, ?it/s]
[36m(AgentLoopWorker pid=3131622)[0m /workspace/repo/verl_sglang/verl_customize/sglang/python/sglang/srt/layers/attention/fla/utils.py:212: UserWarning: Triton is not supported on current platform, roll back to CPU.
[36m(AgentLoopWorker pid=3131622)[0m   warnings.warn(
[36m(AgentLoopWorker pid=3131622)[0m /workspace/repo/verl_sglang/verl_customize/sglang/python/sglang/srt/layers/quantization/awq.py:76: UserWarning: Only CUDA, HIP and XPU support AWQ currently.
[36m(AgentLoopWorker pid=3131622)[0m   warnings.warn(f"Only CUDA, HIP and XPU support AWQ currently.")
[36m(AgentLoopWorker pid=3131622)[0m /workspace/repo/verl_sglang/verl_customize/sglang/python/sglang/srt/layers/quantization/gguf.py:47: UserWarning: Only CUDA support GGUF quantization currently.
[36m(AgentLoopWorker pid=3131622)[0m   warnings.warn(f"Only CUDA support GGUF quantization currently.")
[36m(AgentLoopWorker pid=3131622)[0m <frozen importlib._bootstrap_external>:1301: FutureWarning: The cuda.cudart module is deprecated and will be removed in a future release, please switch to use the cuda.bindings.runtime module instead.
[36m(AgentLoopWorker pid=3131622)[0m <frozen importlib._bootstrap_external>:1301: FutureWarning: The cuda.nvrtc module is deprecated and will be removed in a future release, please switch to use the cuda.bindings.nvrtc module instead.
[36m(AgentLoopWorker pid=3131622)[0m /workspace/repo/verl_sglang/verl_customize/verl/utils/tokenizer.py:109: UserWarning: Failed to create processor: Unsupported processor type: Qwen2TokenizerFast. This may affect multimodal processing
[36m(AgentLoopWorker pid=3131622)[0m   warnings.warn(f"Failed to create processor: {e}. This may affect multimodal processing", stacklevel=1)

[36m(WorkerDict pid=3114026)[0m Monkey patch _flash_attention_forward in transformers.integrations.flash_attention[32m [repeated 4x across cluster][0m
[36m(WorkerDict pid=3114026)[0m Skipping monkey patch for Qwen3ForCausalLM as use_fused_kernels is False or fused_kernels_backend is torch[32m [repeated 4x across cluster][0m
[36m(WorkerDict pid=3114029)[0m [Gloo] Rank 0 is connected to 0 peer ranks. Expected number of connected peer ranks is : 0
[36m(WorkerDict pid=3114029)[0m [Gloo] Rank 3 is connected to 3 peer ranks. Expected number of connected peer ranks is : 3
[36m(WorkerDict pid=3114029)[0m [Gloo] Rank 0 is connected to 0 peer ranks. Expected number of connected peer ranks is : 0
[36m(WorkerDict pid=3114026)[0m NCCL version 2.27.5+cuda12.9
[36m(SGLangHttpServer pid=3123845)[0m SGLang http server: rollout_mode=<RolloutMode.HYBRID: 'hybrid'>, replica_rank=0, node_rank=0, nnodes=1, cuda_visible_devices='4,5,6,7'
[36m(WorkerDict pid=3114027)[0m [Gloo] Rank 0 is connected to 0 peer ranks. Expected number of connected peer ranks is : 0[32m [repeated 9x across cluster][0m
[36m(SGLangHttpServer pid=3123845)[0m [Gloo] Rank 3 is connected to 3 peer ranks. Expected number of connected peer ranks is : 3[32m [repeated 8x across cluster][0m
[36m(SGLangHttpServer pid=3123845)[0m NCCL version 2.27.5+cuda12.9
[36m(TaskRunner pid=3111462)[0m AgentLoopManager: ['172.17.0.6:33471']
[36m(SGLangHttpServer pid=3123845)[0m [Gloo] Rank 0 is connected to 0 peer ranks. Expected number of connected peer ranks is : 0[32m [repeated 16x across cluster][0m
[36m(SGLangHttpServer pid=3123845)[0m [debug sglang]: event_loop_overlap begin
[36m(SGLangHttpServer pid=3123845)[0m [debug sglang]: event_loop_overlap begin
[36m(SGLangHttpServer pid=3123845)[0m [debug sglang]: event_loop_overlap begin
[36m(SGLangHttpServer pid=3123845)[0m [debug sglang]: event_loop_overlap begin
[36m(TaskRunner pid=3111462)[0m [FIT] wall_start=2026-03-31 19:57:03
[36m(TaskRunner pid=3111462)[0m Checkpoint tracker file does not exist: /workspace/repo/verl_sglang/verl_customize/checkpoints/aime_async_rl/model_multiturn_aime_workload_analysis/latest_checkpointed_iteration.txt
[36m(TaskRunner pid=3111462)[0m Training from scratch
[36m(TaskRunner pid=3111462)[0m [ROLLOUT] walltime_before=1107834.782422 step=1
[36m(AgentLoopWorker pid=3131622)[0m Using dataset class: RLHFDataset
[36m(AgentLoopWorker pid=3131622)[0m {
[36m(AgentLoopWorker pid=3131622)[0m   "type": "function",
[36m(AgentLoopWorker pid=3131622)[0m   "function": {
[36m(AgentLoopWorker pid=3131622)[0m     "name": "calc_math_reward",
[36m(AgentLoopWorker pid=3131622)[0m     "description": "A tool for calculating the reward of a math answer (1.0 if correct, 0.0 otherwise).",
[36m(AgentLoopWorker pid=3131622)[0m     "parameters": {
[36m(AgentLoopWorker pid=3131622)[0m       "type": "object",
[36m(AgentLoopWorker pid=3131622)[0m       "properties": {
[36m(AgentLoopWorker pid=3131622)[0m         "answer": {
[36m(AgentLoopWorker pid=3131622)[0m           "type": "string",
[36m(AgentLoopWorker pid=3131622)[0m           "description": "The model's final answer (preferably within \\boxed{})."
[36m(AgentLoopWorker pid=3131622)[0m         }
[36m(AgentLoopWorker pid=3131622)[0m       },
[36m(AgentLoopWorker pid=3131622)[0m       "required": [
[36m(AgentLoopWorker pid=3131622)[0m         "answer"
[36m(AgentLoopWorker pid=3131622)[0m       ]
[36m(AgentLoopWorker pid=3131622)[0m     }
[36m(AgentLoopWorker pid=3131622)[0m   }
[36m(AgentLoopWorker pid=3131622)[0m }
[36m(AgentLoopWorker pid=3131622)[0m {
[36m(AgentLoopWorker pid=3131622)[0m   "type": "function",
[36m(AgentLoopWorker pid=3131622)[0m   "function": {
[36m(AgentLoopWorker pid=3131622)[0m     "name": "calc_math_reward",
[36m(AgentLoopWorker pid=3131622)[0m     "description": "A tool for calculating the reward of a math answer (1.0 if correct, 0.0 otherwise).",
[36m(AgentLoopWorker pid=3131622)[0m     "parameters": {
[36m(AgentLoopWorker pid=3131622)[0m       "type": "object",
[36m(AgentLoopWorker pid=3131622)[0m       "properties": {
[36m(AgentLoopWorker pid=3131622)[0m         "answer": {
[36m(AgentLoopWorker pid=3131622)[0m           "type": "string",
[36m(AgentLoopWorker pid=3131622)[0m           "description": "The model's final answer (preferably within \\boxed{})."
[36m(AgentLoopWorker pid=3131622)[0m         }
[36m(AgentLoopWorker pid=3131622)[0m       },
[36m(AgentLoopWorker pid=3131622)[0m       "required": [
[36m(AgentLoopWorker pid=3131622)[0m         "answer"
[36m(AgentLoopWorker pid=3131622)[0m       ]
[36m(AgentLoopWorker pid=3131622)[0m     }
[36m(AgentLoopWorker pid=3131622)[0m   }
[36m(AgentLoopWorker pid=3131622)[0m }
[36m(AgentLoopWorker pid=3131622)[0m {
[36m(AgentLoopWorker pid=3131622)[0m   "type": "function",
[36m(AgentLoopWorker pid=3131622)[0m   "function": {
[36m(AgentLoopWorker pid=3131622)[0m     "name": "calc_math_reward",
[36m(AgentLoopWorker pid=3131622)[0m     "description": "A tool for calculating the reward of a math answer (1.0 if correct, 0.0 otherwise).",
[36m(AgentLoopWorker pid=3131622)[0m     "parameters": {
[36m(AgentLoopWorker pid=3131622)[0m       "type": "object",
[36m(AgentLoopWorker pid=3131622)[0m       "properties": {
[36m(AgentLoopWorker pid=3131622)[0m         "answer": {
[36m(AgentLoopWorker pid=3131622)[0m           "type": "string",
[36m(AgentLoopWorker pid=3131622)[0m           "description": "The model's final answer (preferably within \\boxed{})."
[36m(AgentLoopWorker pid=3131622)[0m         }
[36m(AgentLoopWorker pid=3131622)[0m       },
[36m(AgentLoopWorker pid=3131622)[0m       "required": [
[36m(AgentLoopWorker pid=3131622)[0m         "answer"
[36m(AgentLoopWorker pid=3131622)[0m       ]
[36m(AgentLoopWorker pid=3131622)[0m     }
[36m(AgentLoopWorker pid=3131622)[0m   }
[36m(AgentLoopWorker pid=3131622)[0m }
[36m(AgentLoopWorker pid=3131622)[0m {
[36m(AgentLoopWorker pid=3131622)[0m   "type": "function",
[36m(AgentLoopWorker pid=3131622)[0m   "function": {
[36m(AgentLoopWorker pid=3131622)[0m     "name": "calc_math_reward",
[36m(AgentLoopWorker pid=3131622)[0m     "description": "A tool for calculating the reward of a math answer (1.0 if correct, 0.0 otherwise).",
[36m(AgentLoopWorker pid=3131622)[0m     "parameters": {
[36m(AgentLoopWorker pid=3131622)[0m       "type": "object",
[36m(AgentLoopWorker pid=3131622)[0m       "properties": {
[36m(AgentLoopWorker pid=3131622)[0m         "answer": {
[36m(AgentLoopWorker pid=3131622)[0m           "type": "string",
[36m(AgentLoopWorker pid=3131622)[0m           "description": "The model's final answer (preferably within \\boxed{})."
[36m(AgentLoopWorker pid=3131622)[0m         }
[36m(AgentLoopWorker pid=3131622)[0m       },
[36m(AgentLoopWorker pid=3131622)[0m       "required": [
[36m(AgentLoopWorker pid=3131622)[0m         "answer"
[36m(AgentLoopWorker pid=3131622)[0m       ]
[36m(AgentLoopWorker pid=3131622)[0m     }
[36m(AgentLoopWorker pid=3131622)[0m   }
[36m(AgentLoopWorker pid=3131622)[0m }
[36m(AgentLoopWorker pid=3131622)[0m {
[36m(AgentLoopWorker pid=3131622)[0m   "type": "function",
[36m(AgentLoopWorker pid=3131622)[0m   "function": {
[36m(AgentLoopWorker pid=3131622)[0m     "name": "calc_math_reward",
[36m(AgentLoopWorker pid=3131622)[0m     "description": "A tool for calculating the reward of a math answer (1.0 if correct, 0.0 otherwise).",
[36m(AgentLoopWorker pid=3131622)[0m     "parameters": {
[36m(AgentLoopWorker pid=3131622)[0m       "type": "object",
[36m(AgentLoopWorker pid=3131622)[0m       "properties": {
[36m(AgentLoopWorker pid=3131622)[0m         "answer": {
[36m(AgentLoopWorker pid=3131622)[0m           "type": "string",
[36m(AgentLoopWorker pid=3131622)[0m           "description": "The model's final answer (preferably within \\boxed{})."
[36m(AgentLoopWorker pid=3131622)[0m         }
[36m(AgentLoopWorker pid=3131622)[0m       },
[36m(AgentLoopWorker pid=3131622)[0m       "required": [
[36m(AgentLoopWorker pid=3131622)[0m         "answer"
[36m(AgentLoopWorker pid=3131622)[0m       ]
[36m(AgentLoopWorker pid=3131622)[0m     }
[36m(AgentLoopWorker pid=3131622)[0m   }
[36m(AgentLoopWorker pid=3131622)[0m }
[36m(AgentLoopWorker pid=3131622)[0m {
[36m(AgentLoopWorker pid=3131622)[0m   "type": "function",
[36m(AgentLoopWorker pid=3131622)[0m   "function": {
[36m(AgentLoopWorker pid=3131622)[0m     "name": "calc_math_reward",
[36m(AgentLoopWorker pid=3131622)[0m     "description": "A tool for calculating the reward of a math answer (1.0 if correct, 0.0 otherwise).",
[36m(AgentLoopWorker pid=3131622)[0m     "parameters": {
[36m(AgentLoopWorker pid=3131622)[0m       "type": "object",
[36m(AgentLoopWorker pid=3131622)[0m       "properties": {
[36m(AgentLoopWorker pid=3131622)[0m         "answer": {
[36m(AgentLoopWorker pid=3131622)[0m           "type": "string",
[36m(AgentLoopWorker pid=3131622)[0m           "description": "The model's final answer (preferably within \\boxed{})."
[36m(AgentLoopWorker pid=3131622)[0m         }
[36m(AgentLoopWorker pid=3131622)[0m       },
[36m(AgentLoopWorker pid=3131622)[0m       "required": [
[36m(AgentLoopWorker pid=3131622)[0m         "answer"
[36m(AgentLoopWorker pid=3131622)[0m       ]
[36m(AgentLoopWorker pid=3131622)[0m     }
[36m(AgentLoopWorker pid=3131622)[0m   }
[36m(AgentLoopWorker pid=3131622)[0m }
[36m(AgentLoopWorker pid=3131622)[0m {
[36m(AgentLoopWorker pid=3131622)[0m   "type": "function",
[36m(AgentLoopWorker pid=3131622)[0m   "function": {
[36m(AgentLoopWorker pid=3131622)[0m     "name": "calc_math_reward",
[36m(AgentLoopWorker pid=3131622)[0m     "description": "A tool for calculating the reward of a math answer (1.0 if correct, 0.0 otherwise).",
[36m(AgentLoopWorker pid=3131622)[0m     "parameters": {
[36m(AgentLoopWorker pid=3131622)[0m       "type": "object",
[36m(AgentLoopWorker pid=3131622)[0m       "properties": {
[36m(AgentLoopWorker pid=3131622)[0m         "answer": {
[36m(AgentLoopWorker pid=3131622)[0m           "type": "string",
[36m(AgentLoopWorker pid=3131622)[0m           "description": "The model's final answer (preferably within \\boxed{})."
[36m(AgentLoopWorker pid=3131622)[0m         }
[36m(AgentLoopWorker pid=3131622)[0m       },
[36m(AgentLoopWorker pid=3131622)[0m       "required": [
[36m(AgentLoopWorker pid=3131622)[0m         "answer"
[36m(AgentLoopWorker pid=3131622)[0m       ]
[36m(AgentLoopWorker pid=3131622)[0m     }
[36m(AgentLoopWorker pid=3131622)[0m   }
[36m(AgentLoopWorker pid=3131622)[0m }
[36m(AgentLoopWorker pid=3131622)[0m {
[36m(AgentLoopWorker pid=3131622)[0m   "type": "function",
[36m(AgentLoopWorker pid=3131622)[0m   "function": {
[36m(AgentLoopWorker pid=3131622)[0m     "name": "calc_math_reward",
[36m(AgentLoopWorker pid=3131622)[0m     "description": "A tool for calculating the reward of a math answer (1.0 if correct, 0.0 otherwise).",
[36m(AgentLoopWorker pid=3131622)[0m     "parameters": {
[36m(AgentLoopWorker pid=3131622)[0m       "type": "object",
[36m(AgentLoopWorker pid=3131622)[0m       "properties": {
[36m(AgentLoopWorker pid=3131622)[0m         "answer": {
[36m(AgentLoopWorker pid=3131622)[0m           "type": "string",
[36m(AgentLoopWorker pid=3131622)[0m           "description": "The model's final answer (preferably within \\boxed{})."
[36m(AgentLoopWorker pid=3131622)[0m         }
[36m(AgentLoopWorker pid=3131622)[0m       },
[36m(AgentLoopWorker pid=3131622)[0m       "required": [
[36m(AgentLoopWorker pid=3131622)[0m         "answer"
[36m(AgentLoopWorker pid=3131622)[0m       ]
[36m(AgentLoopWorker pid=3131622)[0m     }
[36m(AgentLoopWorker pid=3131622)[0m   }
[36m(AgentLoopWorker pid=3131622)[0m }
[36m(AgentLoopWorker pid=3131622)[0m {
[36m(AgentLoopWorker pid=3131622)[0m   "type": "function",
[36m(AgentLoopWorker pid=3131622)[0m   "function": {
[36m(AgentLoopWorker pid=3131622)[0m     "name": "calc_math_reward",
[36m(AgentLoopWorker pid=3131622)[0m     "description": "A tool for calculating the reward of a math answer (1.0 if correct, 0.0 otherwise).",
[36m(AgentLoopWorker pid=3131622)[0m     "parameters": {
[36m(AgentLoopWorker pid=3131622)[0m       "type": "object",
[36m(AgentLoopWorker pid=3131622)[0m       "properties": {
[36m(AgentLoopWorker pid=3131622)[0m         "answer": {
[36m(AgentLoopWorker pid=3131622)[0m           "type": "string",
[36m(AgentLoopWorker pid=3131622)[0m           "description": "The model's final answer (preferably within \\boxed{})."
[36m(AgentLoopWorker pid=3131622)[0m         }
[36m(AgentLoopWorker pid=3131622)[0m       },
[36m(AgentLoopWorker pid=3131622)[0m       "required": [
[36m(AgentLoopWorker pid=3131622)[0m         "answer"
[36m(AgentLoopWorker pid=3131622)[0m       ]
[36m(AgentLoopWorker pid=3131622)[0m     }
[36m(AgentLoopWorker pid=3131622)[0m   }
[36m(AgentLoopWorker pid=3131622)[0m }
[36m(AgentLoopWorker pid=3131622)[0m {
[36m(AgentLoopWorker pid=3131622)[0m   "type": "function",
[36m(AgentLoopWorker pid=3131622)[0m   "function": {
[36m(AgentLoopWorker pid=3131622)[0m     "name": "calc_math_reward",
[36m(AgentLoopWorker pid=3131622)[0m     "description": "A tool for calculating the reward of a math answer (1.0 if correct, 0.0 otherwise).",
[36m(AgentLoopWorker pid=3131622)[0m     "parameters": {
[36m(AgentLoopWorker pid=3131622)[0m       "type": "object",
[36m(AgentLoopWorker pid=3131622)[0m       "properties": {
[36m(AgentLoopWorker pid=3131622)[0m         "answer": {
[36m(AgentLoopWorker pid=3131622)[0m           "type": "string",
[36m(AgentLoopWorker pid=3131622)[0m           "description": "The model's final answer (preferably within \\boxed{})."
[36m(AgentLoopWorker pid=3131622)[0m         }
[36m(AgentLoopWorker pid=3131622)[0m       },
[36m(AgentLoopWorker pid=3131622)[0m       "required": [
[36m(AgentLoopWorker pid=3131622)[0m         "answer"
[36m(AgentLoopWorker pid=3131622)[0m       ]
[36m(AgentLoopWorker pid=3131622)[0m     }
[36m(AgentLoopWorker pid=3131622)[0m   }
[36m(AgentLoopWorker pid=3131622)[0m }
[36m(AgentLoopWorker pid=3131622)[0m {
[36m(AgentLoopWorker pid=3131622)[0m   "type": "function",
[36m(AgentLoopWorker pid=3131622)[0m   "function": {
[36m(AgentLoopWorker pid=3131622)[0m     "name": "calc_math_reward",
[36m(AgentLoopWorker pid=3131622)[0m     "description": "A tool for calculating the reward of a math answer (1.0 if correct, 0.0 otherwise).",
[36m(AgentLoopWorker pid=3131622)[0m     "parameters": {
[36m(AgentLoopWorker pid=3131622)[0m       "type": "object",
[36m(AgentLoopWorker pid=3131622)[0m       "properties": {
[36m(AgentLoopWorker pid=3131622)[0m         "answer": {
[36m(AgentLoopWorker pid=3131622)[0m           "type": "string",
[36m(AgentLoopWorker pid=3131622)[0m           "description": "The model's final answer (preferably within \\boxed{})."
[36m(AgentLoopWorker pid=3131622)[0m         }
[36m(AgentLoopWorker pid=3131622)[0m       },
[36m(AgentLoopWorker pid=3131622)[0m       "required": [
[36m(AgentLoopWorker pid=3131622)[0m         "answer"
[36m(AgentLoopWorker pid=3131622)[0m       ]
[36m(AgentLoopWorker pid=3131622)[0m     }
[36m(AgentLoopWorker pid=3131622)[0m   }
[36m(AgentLoopWorker pid=3131622)[0m }
[36m(AgentLoopWorker pid=3131622)[0m {
[36m(AgentLoopWorker pid=3131622)[0m   "type": "function",
[36m(AgentLoopWorker pid=3131622)[0m   "function": {
[36m(AgentLoopWorker pid=3131622)[0m     "name": "calc_math_reward",
[36m(AgentLoopWorker pid=3131622)[0m     "description": "A tool for calculating the reward of a math answer (1.0 if correct, 0.0 otherwise).",
[36m(AgentLoopWorker pid=3131622)[0m     "parameters": {
[36m(AgentLoopWorker pid=3131622)[0m       "type": "object",
[36m(AgentLoopWorker pid=3131622)[0m       "properties": {
[36m(AgentLoopWorker pid=3131622)[0m         "answer": {
[36m(AgentLoopWorker pid=3131622)[0m           "type": "string",
[36m(AgentLoopWorker pid=3131622)[0m           "description": "The model's final answer (preferably within \\boxed{})."
[36m(AgentLoopWorker pid=3131622)[0m         }
[36m(AgentLoopWorker pid=3131622)[0m       },
[36m(AgentLoopWorker pid=3131622)[0m       "required": [
[36m(AgentLoopWorker pid=3131622)[0m         "answer"
[36m(AgentLoopWorker pid=3131622)[0m       ]
[36m(AgentLoopWorker pid=3131622)[0m     }
[36m(AgentLoopWorker pid=3131622)[0m   }
[36m(AgentLoopWorker pid=3131622)[0m }
[36m(AgentLoopWorker pid=3131622)[0m {
[36m(AgentLoopWorker pid=3131622)[0m   "type": "function",
[36m(AgentLoopWorker pid=3131622)[0m   "function": {
[36m(AgentLoopWorker pid=3131622)[0m     "name": "calc_math_reward",
[36m(AgentLoopWorker pid=3131622)[0m     "description": "A tool for calculating the reward of a math answer (1.0 if correct, 0.0 otherwise).",
[36m(AgentLoopWorker pid=3131622)[0m     "parameters": {
[36m(AgentLoopWorker pid=3131622)[0m       "type": "object",
[36m(AgentLoopWorker pid=3131622)[0m       "properties": {
[36m(AgentLoopWorker pid=3131622)[0m         "answer": {
[36m(AgentLoopWorker pid=3131622)[0m           "type": "string",
[36m(AgentLoopWorker pid=3131622)[0m           "description": "The model's final answer (preferably within \\boxed{})."
[36m(AgentLoopWorker pid=3131622)[0m         }
[36m(AgentLoopWorker pid=3131622)[0m       },
[36m(AgentLoopWorker pid=3131622)[0m       "required": [
[36m(AgentLoopWorker pid=3131622)[0m         "answer"
[36m(AgentLoopWorker pid=3131622)[0m       ]
[36m(AgentLoopWorker pid=3131622)[0m     }
[36m(AgentLoopWorker pid=3131622)[0m   }
[36m(AgentLoopWorker pid=3131622)[0m }
[36m(AgentLoopWorker pid=3131622)[0m {
[36m(AgentLoopWorker pid=3131622)[0m   "type": "function",
[36m(AgentLoopWorker pid=3131622)[0m   "function": {
[36m(AgentLoopWorker pid=3131622)[0m     "name": "calc_math_reward",
[36m(AgentLoopWorker pid=3131622)[0m     "description": "A tool for calculating the reward of a math answer (1.0 if correct, 0.0 otherwise).",
[36m(AgentLoopWorker pid=3131622)[0m     "parameters": {
[36m(AgentLoopWorker pid=3131622)[0m       "type": "object",
[36m(AgentLoopWorker pid=3131622)[0m       "properties": {
[36m(AgentLoopWorker pid=3131622)[0m         "answer": {
[36m(AgentLoopWorker pid=3131622)[0m           "type": "string",
[36m(AgentLoopWorker pid=3131622)[0m           "description": "The model's final answer (preferably within \\boxed{})."
[36m(AgentLoopWorker pid=3131622)[0m         }
[36m(AgentLoopWorker pid=3131622)[0m       },
[36m(AgentLoopWorker pid=3131622)[0m       "required": [
[36m(AgentLoopWorker pid=3131622)[0m         "answer"
[36m(AgentLoopWorker pid=3131622)[0m       ]
[36m(AgentLoopWorker pid=3131622)[0m     }
[36m(AgentLoopWorker pid=3131622)[0m   }
[36m(AgentLoopWorker pid=3131622)[0m }
[36m(AgentLoopWorker pid=3131622)[0m {
[36m(AgentLoopWorker pid=3131622)[0m   "type": "function",
[36m(AgentLoopWorker pid=3131622)[0m   "function": {
[36m(AgentLoopWorker pid=3131622)[0m     "name": "calc_math_reward",
[36m(AgentLoopWorker pid=3131622)[0m     "description": "A tool for calculating the reward of a math answer (1.0 if correct, 0.0 otherwise).",
[36m(AgentLoopWorker pid=3131622)[0m     "parameters": {
[36m(AgentLoopWorker pid=3131622)[0m       "type": "object",
[36m(AgentLoopWorker pid=3131622)[0m       "properties": {
[36m(AgentLoopWorker pid=3131622)[0m         "answer": {
[36m(AgentLoopWorker pid=3131622)[0m           "type": "string",
[36m(AgentLoopWorker pid=3131622)[0m           "description": "The model's final answer (preferably within \\boxed{})."
[36m(AgentLoopWorker pid=3131622)[0m         }
[36m(AgentLoopWorker pid=3131622)[0m       },
[36m(AgentLoopWorker pid=3131622)[0m       "required": [
[36m(AgentLoopWorker pid=3131622)[0m         "answer"
[36m(AgentLoopWorker pid=3131622)[0m       ]
[36m(AgentLoopWorker pid=3131622)[0m     }
[36m(AgentLoopWorker pid=3131622)[0m   }
[36m(AgentLoopWorker pid=3131622)[0m }
[36m(AgentLoopWorker pid=3131622)[0m {
[36m(AgentLoopWorker pid=3131622)[0m   "type": "function",
[36m(AgentLoopWorker pid=3131622)[0m   "function": {
[36m(AgentLoopWorker pid=3131622)[0m     "name": "calc_math_reward",
[36m(AgentLoopWorker pid=3131622)[0m     "description": "A tool for calculating the reward of a math answer (1.0 if correct, 0.0 otherwise).",
[36m(AgentLoopWorker pid=3131622)[0m     "parameters": {
[36m(AgentLoopWorker pid=3131622)[0m       "type": "object",
[36m(AgentLoopWorker pid=3131622)[0m       "properties": {
[36m(AgentLoopWorker pid=3131622)[0m         "answer": {
[36m(AgentLoopWorker pid=3131622)[0m           "type": "string",
[36m(AgentLoopWorker pid=3131622)[0m           "description": "The model's final answer (preferably within \\boxed{})."
[36m(AgentLoopWorker pid=3131622)[0m         }
[36m(AgentLoopWorker pid=3131622)[0m       },
[36m(AgentLoopWorker pid=3131622)[0m       "required": [
[36m(AgentLoopWorker pid=3131622)[0m         "answer"
[36m(AgentLoopWorker pid=3131622)[0m       ]
[36m(AgentLoopWorker pid=3131622)[0m     }
[36m(AgentLoopWorker pid=3131622)[0m   }
[36m(AgentLoopWorker pid=3131622)[0m }
[36m(AgentLoopWorker pid=3131622)[0m {
[36m(AgentLoopWorker pid=3131622)[0m   "type": "function",
[36m(AgentLoopWorker pid=3131622)[0m   "function": {
[36m(AgentLoopWorker pid=3131622)[0m     "name": "calc_math_reward",
[36m(AgentLoopWorker pid=3131622)[0m     "description": "A tool for calculating the reward of a math answer (1.0 if correct, 0.0 otherwise).",
[36m(AgentLoopWorker pid=3131622)[0m     "parameters": {
[36m(AgentLoopWorker pid=3131622)[0m       "type": "object",
[36m(AgentLoopWorker pid=3131622)[0m       "properties": {
[36m(AgentLoopWorker pid=3131622)[0m         "answer": {
[36m(AgentLoopWorker pid=3131622)[0m           "type": "string",
[36m(AgentLoopWorker pid=3131622)[0m           "description": "The model's final answer (preferably within \\boxed{})."
[36m(AgentLoopWorker pid=3131622)[0m         }
[36m(AgentLoopWorker pid=3131622)[0m       },
[36m(AgentLoopWorker pid=3131622)[0m       "required": [
[36m(AgentLoopWorker pid=3131622)[0m         "answer"
[36m(AgentLoopWorker pid=3131622)[0m       ]
[36m(AgentLoopWorker pid=3131622)[0m     }
[36m(AgentLoopWorker pid=3131622)[0m   }
[36m(AgentLoopWorker pid=3131622)[0m }
[36m(AgentLoopWorker pid=3131622)[0m {
[36m(AgentLoopWorker pid=3131622)[0m   "type": "function",
[36m(AgentLoopWorker pid=3131622)[0m   "function": {
[36m(AgentLoopWorker pid=3131622)[0m     "name": "calc_math_reward",
[36m(AgentLoopWorker pid=3131622)[0m     "description": "A tool for calculating the reward of a math answer (1.0 if correct, 0.0 otherwise).",
[36m(AgentLoopWorker pid=3131622)[0m     "parameters": {
[36m(AgentLoopWorker pid=3131622)[0m       "type": "object",
[36m(AgentLoopWorker pid=3131622)[0m       "properties": {
[36m(AgentLoopWorker pid=3131622)[0m         "answer": {
[36m(AgentLoopWorker pid=3131622)[0m           "type": "string",
[36m(AgentLoopWorker pid=3131622)[0m           "description": "The model's final answer (preferably within \\boxed{})."
[36m(AgentLoopWorker pid=3131622)[0m         }
[36m(AgentLoopWorker pid=3131622)[0m       },
[36m(AgentLoopWorker pid=3131622)[0m       "required": [
[36m(AgentLoopWorker pid=3131622)[0m         "answer"
[36m(AgentLoopWorker pid=3131622)[0m       ]
[36m(AgentLoopWorker pid=3131622)[0m     }
[36m(AgentLoopWorker pid=3131622)[0m   }
[36m(AgentLoopWorker pid=3131622)[0m }
[36m(AgentLoopWorker pid=3131622)[0m {
[36m(AgentLoopWorker pid=3131622)[0m   "type": "function",
[36m(AgentLoopWorker pid=3131622)[0m   "function": {
[36m(AgentLoopWorker pid=3131622)[0m     "name": "calc_math_reward",
[36m(AgentLoopWorker pid=3131622)[0m     "description": "A tool for calculating the reward of a math answer (1.0 if correct, 0.0 otherwise).",
[36m(AgentLoopWorker pid=3131622)[0m     "parameters": {
[36m(AgentLoopWorker pid=3131622)[0m       "type": "object",
[36m(AgentLoopWorker pid=3131622)[0m       "properties": {
[36m(AgentLoopWorker pid=3131622)[0m         "answer": {
[36m(AgentLoopWorker pid=3131622)[0m           "type": "string",
[36m(AgentLoopWorker pid=3131622)[0m           "description": "The model's final answer (preferably within \\boxed{})."
[36m(AgentLoopWorker pid=3131622)[0m         }
[36m(AgentLoopWorker pid=3131622)[0m       },
[36m(AgentLoopWorker pid=3131622)[0m       "required": [
[36m(AgentLoopWorker pid=3131622)[0m         "answer"
[36m(AgentLoopWorker pid=3131622)[0m       ]
[36m(AgentLoopWorker pid=3131622)[0m     }
[36m(AgentLoopWorker pid=3131622)[0m   }
[36m(AgentLoopWorker pid=3131622)[0m }
[36m(AgentLoopWorker pid=3131622)[0m {
[36m(AgentLoopWorker pid=3131622)[0m   "type": "function",
[36m(AgentLoopWorker pid=3131622)[0m   "function": {
[36m(AgentLoopWorker pid=3131622)[0m     "name": "calc_math_reward",
[36m(AgentLoopWorker pid=3131622)[0m     "description": "A tool for calculating the reward of a math answer (1.0 if correct, 0.0 otherwise).",
[36m(AgentLoopWorker pid=3131622)[0m     "parameters": {
[36m(AgentLoopWorker pid=3131622)[0m       "type": "object",
[36m(AgentLoopWorker pid=3131622)[0m       "properties": {
[36m(AgentLoopWorker pid=3131622)[0m         "answer": {
[36m(AgentLoopWorker pid=3131622)[0m           "type": "string",
[36m(AgentLoopWorker pid=3131622)[0m           "description": "The model's final answer (preferably within \\boxed{})."
[36m(AgentLoopWorker pid=3131622)[0m         }
[36m(AgentLoopWorker pid=3131622)[0m       },
[36m(AgentLoopWorker pid=3131622)[0m       "required": [
[36m(AgentLoopWorker pid=3131622)[0m         "answer"
[36m(AgentLoopWorker pid=3131622)[0m       ]
[36m(AgentLoopWorker pid=3131622)[0m     }
[36m(AgentLoopWorker pid=3131622)[0m   }
[36m(AgentLoopWorker pid=3131622)[0m }
[36m(AgentLoopWorker pid=3131622)[0m {
[36m(AgentLoopWorker pid=3131622)[0m   "type": "function",
[36m(AgentLoopWorker pid=3131622)[0m   "function": {
[36m(AgentLoopWorker pid=3131622)[0m     "name": "calc_math_reward",
[36m(AgentLoopWorker pid=3131622)[0m     "description": "A tool for calculating the reward of a math answer (1.0 if correct, 0.0 otherwise).",
[36m(AgentLoopWorker pid=3131622)[0m     "parameters": {
[36m(AgentLoopWorker pid=3131622)[0m       "type": "object",
[36m(AgentLoopWorker pid=3131622)[0m       "properties": {
[36m(AgentLoopWorker pid=3131622)[0m         "answer": {
[36m(AgentLoopWorker pid=3131622)[0m           "type": "string",
[36m(AgentLoopWorker pid=3131622)[0m           "description": "The model's final answer (preferably within \\boxed{})."
[36m(AgentLoopWorker pid=3131622)[0m         }
[36m(AgentLoopWorker pid=3131622)[0m       },
[36m(AgentLoopWorker pid=3131622)[0m       "required": [
[36m(AgentLoopWorker pid=3131622)[0m         "answer"
[36m(AgentLoopWorker pid=3131622)[0m       ]
[36m(AgentLoopWorker pid=3131622)[0m     }
[36m(AgentLoopWorker pid=3131622)[0m   }
[36m(AgentLoopWorker pid=3131622)[0m }
[36m(AgentLoopWorker pid=3131622)[0m {
[36m(AgentLoopWorker pid=3131622)[0m   "type": "function",
[36m(AgentLoopWorker pid=3131622)[0m   "function": {
[36m(AgentLoopWorker pid=3131622)[0m     "name": "calc_math_reward",
[36m(AgentLoopWorker pid=3131622)[0m     "description": "A tool for calculating the reward of a math answer (1.0 if correct, 0.0 otherwise).",
[36m(AgentLoopWorker pid=3131622)[0m     "parameters": {
[36m(AgentLoopWorker pid=3131622)[0m       "type": "object",
[36m(AgentLoopWorker pid=3131622)[0m       "properties": {
[36m(AgentLoopWorker pid=3131622)[0m         "answer": {
[36m(AgentLoopWorker pid=3131622)[0m           "type": "string",
[36m(AgentLoopWorker pid=3131622)[0m           "description": "The model's final answer (preferably within \\boxed{})."
[36m(AgentLoopWorker pid=3131622)[0m         }
[36m(AgentLoopWorker pid=3131622)[0m       },
[36m(AgentLoopWorker pid=3131622)[0m       "required": [
[36m(AgentLoopWorker pid=3131622)[0m         "answer"
[36m(AgentLoopWorker pid=3131622)[0m       ]
[36m(AgentLoopWorker pid=3131622)[0m     }
[36m(AgentLoopWorker pid=3131622)[0m   }
[36m(AgentLoopWorker pid=3131622)[0m }
[36m(AgentLoopWorker pid=3131622)[0m {
[36m(AgentLoopWorker pid=3131622)[0m   "type": "function",
[36m(AgentLoopWorker pid=3131622)[0m   "function": {
[36m(AgentLoopWorker pid=3131622)[0m     "name": "calc_math_reward",
[36m(AgentLoopWorker pid=3131622)[0m     "description": "A tool for calculating the reward of a math answer (1.0 if correct, 0.0 otherwise).",
[36m(AgentLoopWorker pid=3131622)[0m     "parameters": {
[36m(AgentLoopWorker pid=3131622)[0m       "type": "object",
[36m(AgentLoopWorker pid=3131622)[0m       "properties": {
[36m(AgentLoopWorker pid=3131622)[0m         "answer": {
[36m(AgentLoopWorker pid=3131622)[0m           "type": "string",
[36m(AgentLoopWorker pid=3131622)[0m           "description": "The model's final answer (preferably within \\boxed{})."
[36m(AgentLoopWorker pid=3131622)[0m         }
[36m(AgentLoopWorker pid=3131622)[0m       },
[36m(AgentLoopWorker pid=3131622)[0m       "required": [
[36m(AgentLoopWorker pid=3131622)[0m         "answer"
[36m(AgentLoopWorker pid=3131622)[0m       ]
[36m(AgentLoopWorker pid=3131622)[0m     }
[36m(AgentLoopWorker pid=3131622)[0m   }
[36m(AgentLoopWorker pid=3131622)[0m }
[36m(AgentLoopWorker pid=3131622)[0m {
[36m(AgentLoopWorker pid=3131622)[0m   "type": "function",
[36m(AgentLoopWorker pid=3131622)[0m   "function": {
[36m(AgentLoopWorker pid=3131622)[0m     "name": "calc_math_reward",
[36m(AgentLoopWorker pid=3131622)[0m     "description": "A tool for calculating the reward of a math answer (1.0 if correct, 0.0 otherwise).",
[36m(AgentLoopWorker pid=3131622)[0m     "parameters": {
[36m(AgentLoopWorker pid=3131622)[0m       "type": "object",
[36m(AgentLoopWorker pid=3131622)[0m       "properties": {
[36m(AgentLoopWorker pid=3131622)[0m         "answer": {
[36m(AgentLoopWorker pid=3131622)[0m           "type": "string",
[36m(AgentLoopWorker pid=3131622)[0m           "description": "The model's final answer (preferably within \\boxed{})."
[36m(AgentLoopWorker pid=3131622)[0m         }
[36m(AgentLoopWorker pid=3131622)[0m       },
[36m(AgentLoopWorker pid=3131622)[0m       "required": [
[36m(AgentLoopWorker pid=3131622)[0m         "answer"
[36m(AgentLoopWorker pid=3131622)[0m       ]
[36m(AgentLoopWorker pid=3131622)[0m     }
[36m(AgentLoopWorker pid=3131622)[0m   }
[36m(AgentLoopWorker pid=3131622)[0m }
[36m(AgentLoopWorker pid=3131622)[0m {
[36m(AgentLoopWorker pid=3131622)[0m   "type": "function",
[36m(AgentLoopWorker pid=3131622)[0m   "function": {
[36m(AgentLoopWorker pid=3131622)[0m     "name": "calc_math_reward",
[36m(AgentLoopWorker pid=3131622)[0m     "description": "A tool for calculating the reward of a math answer (1.0 if correct, 0.0 otherwise).",
[36m(AgentLoopWorker pid=3131622)[0m     "parameters": {
[36m(AgentLoopWorker pid=3131622)[0m       "type": "object",
[36m(AgentLoopWorker pid=3131622)[0m       "properties": {
[36m(AgentLoopWorker pid=3131622)[0m         "answer": {
[36m(AgentLoopWorker pid=3131622)[0m           "type": "string",
[36m(AgentLoopWorker pid=3131622)[0m           "description": "The model's final answer (preferably within \\boxed{})."
[36m(AgentLoopWorker pid=3131622)[0m         }
[36m(AgentLoopWorker pid=3131622)[0m       },
[36m(AgentLoopWorker pid=3131622)[0m       "required": [
[36m(AgentLoopWorker pid=3131622)[0m         "answer"
[36m(AgentLoopWorker pid=3131622)[0m       ]
[36m(AgentLoopWorker pid=3131622)[0m     }
[36m(AgentLoopWorker pid=3131622)[0m   }
[36m(AgentLoopWorker pid=3131622)[0m }
[36m(AgentLoopWorker pid=3131622)[0m {
[36m(AgentLoopWorker pid=3131622)[0m   "type": "function",
[36m(AgentLoopWorker pid=3131622)[0m   "function": {
[36m(AgentLoopWorker pid=3131622)[0m     "name": "calc_math_reward",
[36m(AgentLoopWorker pid=3131622)[0m     "description": "A tool for calculating the reward of a math answer (1.0 if correct, 0.0 otherwise).",
[36m(AgentLoopWorker pid=3131622)[0m     "parameters": {
[36m(AgentLoopWorker pid=3131622)[0m       "type": "object",
[36m(AgentLoopWorker pid=3131622)[0m       "properties": {
[36m(AgentLoopWorker pid=3131622)[0m         "answer": {
[36m(AgentLoopWorker pid=3131622)[0m           "type": "string",[36m(AgentLoopWorker pid=3131624)[0m /workspace/repo/verl_sglang/verl_customize/sglang/python/sglang/srt/layers/attention/fla/utils.py:212: UserWarning: Triton is not supported on current platform, roll back to CPU.[32m [repeated 7x across cluster][0m
[36m(AgentLoopWorker pid=3131624)[0m   warnings.warn([32m [repeated 7x across cluster][0m
[36m(AgentLoopWorker pid=3131623)[0m ERROR:2026-03-31 19:57:49,100:Failed to decode tool call: Invalid control character at: line 2 column 286 (char 286)
[36m(AgentLoopWorker pid=3131623)[0m You're using a Qwen2TokenizerFast tokenizer. Please note that with a fast tokenizer, using the `__call__` method is faster than using a method to encode the text followed by a call to the `pad` method to get a padded encoding.
[36m(AgentLoopWorker pid=3131624)[0m /workspace/repo/verl_sglang/verl_customize/sglang/python/sglang/srt/layers/quantization/awq.py:76: UserWarning: Only CUDA, HIP and XPU support AWQ currently.[32m [repeated 7x across cluster][0m
[36m(AgentLoopWorker pid=3131624)[0m   warnings.warn(f"Only CUDA, HIP and XPU support AWQ currently.")[32m [repeated 7x across cluster][0m
[36m(AgentLoopWorker pid=3131624)[0m /workspace/repo/verl_sglang/verl_customize/sglang/python/sglang/srt/layers/quantization/gguf.py:47: UserWarning: Only CUDA support GGUF quantization currently.[32m [repeated 7x across cluster][0m
[36m(AgentLoopWorker pid=3131624)[0m   warnings.warn(f"Only CUDA support GGUF quantization currently.")[32m [repeated 7x across cluster][0m
[36m(AgentLoopWorker pid=3131626)[0m <frozen importlib._bootstrap_external>:1301: FutureWarning: The cuda.cudart module is deprecated and will be removed in a future release, please switch to use the cuda.bindings.runtime module instead.[32m [repeated 7x across cluster][0m
[36m(AgentLoopWorker pid=3131626)[0m <frozen importlib._bootstrap_external>:1301: FutureWarning: The cuda.nvrtc module is deprecated and will be removed in a future release, please switch to use the cuda.bindings.nvrtc module instead.[32m [repeated 7x across cluster][0m
[36m(AgentLoopWorker pid=3131626)[0m /workspace/repo/verl_sglang/verl_customize/verl/utils/tokenizer.py:109: UserWarning: Failed to create processor: Unsupported processor type: Qwen2TokenizerFast. This may affect multimodal processing[32m [repeated 7x across cluster][0m
[36m(AgentLoopWorker pid=3131626)[0m   warnings.warn(f"Failed to create processor: {e}. This may affect multimodal processing", stacklevel=1)[32m [repeated 7x across cluster][0m
[36m(AgentLoopWorker pid=3131622)[0m You're using a Qwen2TokenizerFast tokenizer. Please note that with a fast tokenizer, using the `__call__` method is faster than using a method to encode the text followed by a call to the `pad` method to get a padded encoding.
[36m(AgentLoopWorker pid=3131625)[0m You're using a Qwen2TokenizerFast tokenizer. Please note that with a fast tokenizer, using the `__call__` method is faster than using a method to encode the text followed by a call to the `pad` method to get a padded encoding.
[36m(AgentLoopWorker pid=3131624)[0m You're using a Qwen2TokenizerFast tokenizer. Please note that with a fast tokenizer, using the `__call__` method is faster than using a method to encode the text followed by a call to the `pad` method to get a padded encoding.[32m [repeated 2x across cluster][0m
[36m(AgentLoopWorker pid=3131619)[0m You're using a Qwen2TokenizerFast tokenizer. Please note that with a fast tokenizer, using the `__call__` method is faster than using a method to encode the text followed by a call to the `pad` method to get a padded encoding.
[36m(AgentLoopWorker pid=3131620)[0m You're using a Qwen2TokenizerFast tokenizer. Please note that with a fast tokenizer, using the `__call__` method is faster than using a method to encode the text followed by a call to the `pad` method to get a padded encoding.
[36m(AgentLoopWorker pid=3131626)[0m You're using a Qwen2TokenizerFast tokenizer. Please note that with a fast tokenizer, using the `__call__` method is faster than using a method to encode the text followed by a call to the `pad` method to get a padded encoding.

[36m(AgentLoopWorker pid=3131622)[0m           "description": "The model's final answer (preferably within \\boxed{})."
[36m(AgentLoopWorker pid=3131622)[0m         }
[36m(AgentLoopWorker pid=3131622)[0m       },
[36m(AgentLoopWorker pid=3131622)[0m       "required": [
[36m(AgentLoopWorker pid=3131622)[0m         "answer"
[36m(AgentLoopWorker pid=3131622)[0m       ]
[36m(AgentLoopWorker pid=3131622)[0m     }
[36m(AgentLoopWorker pid=3131622)[0m   }
[36m(AgentLoopWorker pid=3131622)[0m }
[36m(AgentLoopWorker pid=3131622)[0m {
[36m(AgentLoopWorker pid=3131622)[0m   "type": "function",
[36m(AgentLoopWorker pid=3131622)[0m   "function": {
[36m(AgentLoopWorker pid=3131622)[0m     "name": "calc_math_reward",
[36m(AgentLoopWorker pid=3131622)[0m     "description": "A tool for calculating the reward of a math answer (1.0 if correct, 0.0 otherwise).",
[36m(AgentLoopWorker pid=3131622)[0m     "parameters": {
[36m(AgentLoopWorker pid=3131622)[0m       "type": "object",
[36m(AgentLoopWorker pid=3131622)[0m       "properties": {
[36m(AgentLoopWorker pid=3131622)[0m         "answer": {
[36m(AgentLoopWorker pid=3131622)[0m           "type": "string",
[36m(AgentLoopWorker pid=3131622)[0m           "description": "The model's final answer (preferably within \\boxed{})."
[36m(AgentLoopWorker pid=3131622)[0m         }
[36m(AgentLoopWorker pid=3131622)[0m       },
[36m(AgentLoopWorker pid=3131622)[0m       "required": [
[36m(AgentLoopWorker pid=3131622)[0m         "answer"
[36m(AgentLoopWorker pid=3131622)[0m       ]
[36m(AgentLoopWorker pid=3131622)[0m     }
[36m(AgentLoopWorker pid=3131622)[0m   }
[36m(AgentLoopWorker pid=3131622)[0m }
[36m(AgentLoopWorker pid=3131622)[0m {
[36m(AgentLoopWorker pid=3131622)[0m   "type": "function",
[36m(AgentLoopWorker pid=3131622)[0m   "function": {
[36m(AgentLoopWorker pid=3131622)[0m     "name": "calc_math_reward",
[36m(AgentLoopWorker pid=3131622)[0m     "description": "A tool for calculating the reward of a math answer (1.0 if correct, 0.0 otherwise).",
[36m(AgentLoopWorker pid=3131622)[0m     "parameters": {
[36m(AgentLoopWorker pid=3131622)[0m       "type": "object",
[36m(AgentLoopWorker pid=3131622)[0m       "properties": {
[36m(AgentLoopWorker pid=3131622)[0m         "answer": {
[36m(AgentLoopWorker pid=3131622)[0m           "type": "string",
[36m(AgentLoopWorker pid=3131622)[0m           "description": "The model's final answer (preferably within \\boxed{})."
[36m(AgentLoopWorker pid=3131622)[0m         }
[36m(AgentLoopWorker pid=3131622)[0m       },
[36m(AgentLoopWorker pid=3131622)[0m       "required": [
[36m(AgentLoopWorker pid=3131622)[0m         "answer"
[36m(AgentLoopWorker pid=3131622)[0m       ]
[36m(AgentLoopWorker pid=3131622)[0m     }
[36m(AgentLoopWorker pid=3131622)[0m   }
[36m(AgentLoopWorker pid=3131622)[0m }
[36m(AgentLoopWorker pid=3131622)[0m {
[36m(AgentLoopWorker pid=3131622)[0m   "type": "function",
[36m(AgentLoopWorker pid=3131622)[0m   "function": {
[36m(AgentLoopWorker pid=3131622)[0m     "name": "calc_math_reward",
[36m(AgentLoopWorker pid=3131622)[0m     "description": "A tool for calculating the reward of a math answer (1.0 if correct, 0.0 otherwise).",
[36m(AgentLoopWorker pid=3131622)[0m     "parameters": {
[36m(AgentLoopWorker pid=3131622)[0m       "type": "object",
[36m(AgentLoopWorker pid=3131622)[0m       "properties": {
[36m(AgentLoopWorker pid=3131622)[0m         "answer": {
[36m(AgentLoopWorker pid=3131622)[0m           "type": "string",
[36m(AgentLoopWorker pid=3131622)[0m           "description": "The model's final answer (preferably within \\boxed{})."
[36m(AgentLoopWorker pid=3131622)[0m         }
[36m(AgentLoopWorker pid=3131622)[0m       },
[36m(AgentLoopWorker pid=3131622)[0m       "required": [
[36m(AgentLoopWorker pid=3131622)[0m         "answer"
[36m(AgentLoopWorker pid=3131622)[0m       ]
[36m(AgentLoopWorker pid=3131622)[0m     }
[36m(AgentLoopWorker pid=3131622)[0m   }
[36m(AgentLoopWorker pid=3131622)[0m }
[36m(AgentLoopWorker pid=3131622)[0m {
[36m(AgentLoopWorker pid=3131622)[0m   "type": "function",
[36m(AgentLoopWorker pid=3131622)[0m   "function": {
[36m(AgentLoopWorker pid=3131622)[0m     "name": "calc_math_reward",
[36m(AgentLoopWorker pid=3131622)[0m     "description": "A tool for calculating the reward of a math answer (1.0 if correct, 0.0 otherwise).",
[36m(AgentLoopWorker pid=3131622)[0m     "parameters": {
[36m(AgentLoopWorker pid=3131622)[0m       "type": "object",
[36m(AgentLoopWorker pid=3131622)[0m       "properties": {
[36m(AgentLoopWorker pid=3131622)[0m         "answer": {
[36m(AgentLoopWorker pid=3131622)[0m           "type": "string",
[36m(AgentLoopWorker pid=3131622)[0m           "description": "The model's final answer (preferably within \\boxed{})."
[36m(AgentLoopWorker pid=3131622)[0m         }
[36m(AgentLoopWorker pid=3131622)[0m       },
[36m(AgentLoopWorker pid=3131622)[0m       "required": [
[36m(AgentLoopWorker pid=3131622)[0m         "answer"
[36m(AgentLoopWorker pid=3131622)[0m       ]
[36m(AgentLoopWorker pid=3131622)[0m     }
[36m(AgentLoopWorker pid=3131622)[0m   }
[36m(AgentLoopWorker pid=3131622)[0m }
[36m(AgentLoopWorker pid=3131622)[0m {
[36m(AgentLoopWorker pid=3131622)[0m   "type": "function",
[36m(AgentLoopWorker pid=3131622)[0m   "function": {
[36m(AgentLoopWorker pid=3131622)[0m     "name": "calc_math_reward",
[36m(AgentLoopWorker pid=3131622)[0m     "description": "A tool for calculating the reward of a math answer (1.0 if correct, 0.0 otherwise).",
[36m(AgentLoopWorker pid=3131622)[0m     "parameters": {
[36m(AgentLoopWorker pid=3131622)[0m       "type": "object",
[36m(AgentLoopWorker pid=3131622)[0m       "properties": {
[36m(AgentLoopWorker pid=3131622)[0m         "answer": {
[36m(AgentLoopWorker pid=3131622)[0m           "type": "string",
[36m(AgentLoopWorker pid=3131622)[0m           "description": "The model's final answer (preferably within \\boxed{})."
[36m(AgentLoopWorker pid=3131622)[0m         }
[36m(AgentLoopWorker pid=3131622)[0m       },
[36m(AgentLoopWorker pid=3131622)[0m       "required": [
[36m(AgentLoopWorker pid=3131622)[0m         "answer"
[36m(AgentLoopWorker pid=3131622)[0m       ]
[36m(AgentLoopWorker pid=3131622)[0m     }
[36m(AgentLoopWorker pid=3131622)[0m   }
[36m(AgentLoopWorker pid=3131622)[0m }
[36m(AgentLoopWorker pid=3131622)[0m {
[36m(AgentLoopWorker pid=3131622)[0m   "type": "function",
[36m(AgentLoopWorker pid=3131622)[0m   "function": {
[36m(AgentLoopWorker pid=3131622)[0m     "name": "calc_math_reward",
[36m(AgentLoopWorker pid=3131622)[0m     "description": "A tool for calculating the reward of a math answer (1.0 if correct, 0.0 otherwise).",
[36m(AgentLoopWorker pid=3131622)[0m     "parameters": {
[36m(AgentLoopWorker pid=3131622)[0m       "type": "object",
[36m(AgentLoopWorker pid=3131622)[0m       "properties": {
[36m(AgentLoopWorker pid=3131622)[0m         "answer": {
[36m(AgentLoopWorker pid=3131622)[0m           "type": "string",
[36m(AgentLoopWorker pid=3131622)[0m           "description": "The model's final answer (preferably within \\boxed{})."
[36m(AgentLoopWorker pid=3131622)[0m         }
[36m(AgentLoopWorker pid=3131622)[0m       },
[36m(AgentLoopWorker pid=3131622)[0m       "required": [
[36m(AgentLoopWorker pid=3131622)[0m         "answer"
[36m(AgentLoopWorker pid=3131622)[0m       ]
[36m(AgentLoopWorker pid=3131622)[0m     }
[36m(AgentLoopWorker pid=3131622)[0m   }
[36m(AgentLoopWorker pid=3131622)[0m }
[36m(AgentLoopWorker pid=3131625)[0m 
[36m(TaskRunner pid=3111462)[0m [ROLLOUT] walltime_after=1107931.519919 duration=96.737s step=1
[36m(TaskRunner pid=3111462)[0m [LONGEST_RESP] FIT_rollout step=1 response_len=2048 idx=0
[36m(TaskRunner pid=3111462)[0m [LONGEST_RESP] FIT_rollout step=1 text:
[36m(TaskRunner pid=3111462)[0m <think>
[36m(TaskRunner pid=3111462)[0m Okay, let's try to solve this problem step by step using multiple python code calls.
[36m(TaskRunner pid=3111462)[0m ... [truncated, 2008 tokens] ...[36m(TaskRunner pid=3111462)[0m W0331 19:58:46.141000 3111462 torch/fx/_symbolic_trace.py:52] is_fx_tracing will return true for both fx.symbolic_trace and torch.export. Please use is_fx_tracing_symbolic_tracing() for specifically fx.symbolic_trace or torch.compiler.is_compiling() for specifically torch.export/compile.
[36m(TaskRunner pid=3111462)[0m Training Progress:   0%|          | 0/15 [04:09<?, ?it/s]
[36m(WorkerDict pid=3114029)[0m [rank3]:W0331 19:58:47.956000 3114029 torch/fx/_symbolic_trace.py:52] is_fx_tracing will return true for both fx.symbolic_trace and torch.export. Please use is_fx_tracing_symbolic_tracing() for specifically fx.symbolic_trace or torch.compiler.is_compiling() for specifically torch.export/compile.[32m [repeated 4x across cluster][0m

[36m(TaskRunner pid=3111462)[0m  be 0 to 8. 
[36m(TaskRunner pid=3111462)[0m 
[36m(TaskRunner pid=3111462)[0m But perhaps an efficient way is to note that for each possible
[36m(TaskRunner pid=3111462)[0m [LONGEST_RESP] FIT_rollout step=1 --- end ---
[36m(AgentLoopWorker pid=3131626)[0m Using dataset class: RLHFDataset[32m [repeated 7x across cluster][0m
[36m(AgentLoopWorker pid=3131626)[0m {[32m [repeated 224x across cluster][0m
[36m(AgentLoopWorker pid=3131626)[0m   "type": "function",[32m [repeated 224x across cluster][0m
[36m(AgentLoopWorker pid=3131626)[0m   "function": {[32m [repeated 224x across cluster][0m
[36m(AgentLoopWorker pid=3131626)[0m     "name": "calc_math_reward",[32m [repeated 224x across cluster][0m
[36m(AgentLoopWorker pid=3131626)[0m     "description": "A tool for calculating the reward of a math answer (1.0 if correct, 0.0 otherwise).",[32m [repeated 224x across cluster][0m
[36m(AgentLoopWorker pid=3131626)[0m     "parameters": {[32m [repeated 224x across cluster][0m
[36m(AgentLoopWorker pid=3131626)[0m       "type": "object",[32m [repeated 224x across cluster][0m
[36m(AgentLoopWorker pid=3131626)[0m       "properties": {[32m [repeated 224x across cluster][0m
[36m(AgentLoopWorker pid=3131626)[0m         "answer": {[32m [repeated 224x across cluster][0m
[36m(AgentLoopWorker pid=3131626)[0m           "type": "string",[32m [repeated 224x across cluster][0m
[36m(AgentLoopWorker pid=3131626)[0m           "description": "The model's final answer (preferably within \\boxed{})."[32m [repeated 224x across cluster][0m
[36m(AgentLoopWorker pid=3131626)[0m }[32m [repeated 896x across cluster][0m
[36m(AgentLoopWorker pid=3131626)[0m       },[32m [repeated 224x across cluster][0m
[36m(AgentLoopWorker pid=3131626)[0m       "required": [[32m [repeated 224x across cluster][0m
[36m(AgentLoopWorker pid=3131626)[0m         "answer"[32m [repeated 224x across cluster][0m
[36m(AgentLoopWorker pid=3131626)[0m       ][32m [repeated 224x across cluster][0m
Error executing job with overrides: ['algorithm.adv_estimator=grpo', 'data.train_batch_size=64', 'data.max_prompt_length=512', 'data.max_response_length=2048', 'data.filter_overlong_prompts=True', 'data.truncation=right', 'data.return_raw_chat=True', 'actor_rollout_ref.model.path=Qwen/Qwen3-32B', 'actor_rollout_ref.actor.optim.lr=1e-6', 'actor_rollout_ref.model.use_remove_padding=True', 'actor_rollout_ref.actor.ppo_mini_batch_size=8', 'actor_rollout_ref.actor.ppo_micro_batch_size_per_gpu=1', 'actor_rollout_ref.actor.use_kl_loss=True', 'actor_rollout_ref.actor.kl_loss_coef=0.001', 'actor_rollout_ref.actor.kl_loss_type=low_var_kl', 'actor_rollout_ref.actor.entropy_coeff=0', 'actor_rollout_ref.model.enable_gradient_checkpointing=True', 'actor_rollout_ref.actor.fsdp_config.param_offload=True', 'actor_rollout_ref.actor.fsdp_config.optimizer_offload=True', 'actor_rollout_ref.actor.fsdp_config.model_dtype=bfloat16', 'actor_rollout_ref.rollout.log_prob_micro_batch_size_per_gpu=1', 'actor_rollout_ref.rollout.tensor_model_parallel_size=4', 'actor_rollout_ref.rollout.name=sglang', 'actor_rollout_ref.rollout.gpu_memory_utilization=0.4', 'actor_rollout_ref.rollout.n=4', 'actor_rollout_ref.rollout.over_sample_rate=0.1', 'actor_rollout_ref.rollout.mode=async', 'actor_rollout_ref.ref.log_prob_micro_batch_size_per_gpu=1', 'trainer.decoding_length_csv_dir=/workspace/repo/verl_sglang/verl_customize/formal_exp_data_decoding_length', 'actor_rollout_ref.ref.fsdp_config.param_offload=True', 'actor_rollout_ref.ref.fsdp_config.model_dtype=bfloat16', 'algorithm.use_kl_in_reward=True', 'trainer.critic_warmup=0', 'trainer.logger=["console"]', 'trainer.project_name=aime_async_rl', 'trainer.experiment_name=model_multiturn_aime_workload_analysis', 'actor_rollout_ref.rollout.max_model_len=8192', 'trainer.n_gpus_per_node=4', 'trainer.nnodes=1', 'trainer.save_freq=1000', 'trainer.test_freq=1000', 'trainer.val_before_train=False', 'data.train_files=/data/retool_aime2024/train.parquet', 'data.val_files=/data/retool_aime2024/train.parquet', 'actor_rollout_ref.rollout.agent.default_agent_loop=tool_agent', 'actor_rollout_ref.rollout.multi_turn.max_assistant_turns=5', 'actor_rollout_ref.rollout.multi_turn.max_user_turns=5', 'actor_rollout_ref.rollout.multi_turn.tool_config_path=/workspace/repo/verl_sglang/verl_customize/examples/sglang_multiturn/config/tool_config/math_tool_config.yaml', 'trainer.total_epochs=1']
Traceback (most recent call last):
  File "/workspace/repo/verl_sglang/verl_customize/verl/trainer/main_ppo.py", line 45, in main
    run_ppo(config)
  File "/workspace/repo/verl_sglang/verl_customize/verl/trainer/main_ppo.py", line 99, in run_ppo
    ray.get(runner.run.remote(config))
  File "/usr/local/lib/python3.12/dist-packages/ray/_private/auto_init_hook.py", line 22, in auto_init_wrapper
    return fn(*args, **kwargs)
           ^^^^^^^^^^^^^^^^^^^
  File "/usr/local/lib/python3.12/dist-packages/ray/_private/client_mode_hook.py", line 104, in wrapper
    return func(*args, **kwargs)
           ^^^^^^^^^^^^^^^^^^^^^
  File "/usr/local/lib/python3.12/dist-packages/ray/_private/worker.py", line 2967, in get
    values, debugger_breakpoint = worker.get_objects(
                                  ^^^^^^^^^^^^^^^^^^^
  File "/usr/local/lib/python3.12/dist-packages/ray/_private/worker.py", line 1015, in get_objects
    raise value.as_instanceof_cause()
ray.exceptions.RayTaskError(OutOfMemoryError): [36mray::TaskRunner.run()[39m (pid=3111462, ip=172.17.0.6, actor_id=f5df7395f27b7f402318baac01000000, repr=<main_ppo.TaskRunner object at 0x7f597a6f8890>)
           ^^^^^^^^^^^^^^^^^^^^^^^^^^^^^^^^^^^^
           ^^^^^^^^^^^^^^^^^^^^^^^^^^^^^^^
  File "/workspace/repo/verl_sglang/verl_customize/verl/trainer/main_ppo.py", line 372, in run
    trainer.fit()
  File "/workspace/repo/verl_sglang/verl_customize/verl/trainer/ppo/ray_trainer.py", line 1796, in fit
    actor_output = self._update_actor(batch)
                   ^^^^^^^^^^^^^^^^^^^^^^^^^
  File "/workspace/repo/verl_sglang/verl_customize/verl/trainer/ppo/ray_trainer.py", line 1372, in _update_actor
    actor_output = self.actor_rollout_wg.update_actor(batch_td)
                   ^^^^^^^^^^^^^^^^^^^^^^^^^^^^^^^^^^^^^^^^^^^^
  File "/workspace/repo/verl_sglang/verl_customize/verl/single_controller/ray/base.py", line 55, in __call__
    output = ray.get(output)
             ^^^^^^^^^^^^^^^
           ^^^^^^^^^^^^^^^^^^^
           ^^^^^^^^^^^^^^^^^^^^^
                                  ^^^^^^^^^^^^^^^^^^^
ray.exceptions.RayTaskError(OutOfMemoryError): [36mray::WorkerDict.actor_rollout_ref_update_actor()[39m (pid=3114028, ip=172.17.0.6, actor_id=2536a56f44f87c6f07972f9b01000000, repr=<verl.single_controller.ray.base.WorkerDict object at 0x7f09ac197410>)
  File "/usr/lib/python3.12/concurrent/futures/_base.py", line 456, in result
    return self.__get_result()
           ^^^^^^^^^^^^^^^^^^^
  File "/usr/lib/python3.12/concurrent/futures/_base.py", line 401, in __get_result
    raise self._exception
           ^^^^^^^^^^^^^^^^^^^^^
           ^^^^^^^^^^^^^^^^^^^^^^^^^^^^^^^^^^^^
           ^^^^^^^^^^^^^^^^^^^^^^^^^^^^^^^
  File "/workspace/repo/verl_sglang/verl_customize/verl/single_controller/ray/base.py", line 910, in func
    return getattr(self.worker_dict[key], name)(*args, **kwargs)
           ^^^^^^^^^^^^^^^^^^^^^^^^^^^^^^^^^^^^^^^^^^^^^^^^^^^^^
  File "/workspace/repo/verl_sglang/verl_customize/verl/single_controller/base/decorator.py", line 462, in inner
    return func(*args, **kwargs)
           ^^^^^^^^^^^^^^^^^^^^^
  File "/workspace/repo/verl_sglang/verl_customize/verl/utils/transferqueue_utils.py", line 314, in dummy_inner
    output = func(*args, **kwargs)
             ^^^^^^^^^^^^^^^^^^^^^
  File "/workspace/repo/verl_sglang/verl_customize/verl/utils/profiler/profile.py", line 173, in wrapper
    return func(self_instance, *args, **kwargs_inner)
           ^^^^^^^^^^^^^^^^^^^^^^^^^^^^^^^^^^^^^^^^^^
  File "/workspace/repo/verl_sglang/verl_customize/verl/workers/engine_workers.py", line 683, in update_actor
    output = self.actor.train_mini_batch(data=data)
             ^^^^^^^^^^^^^^^^^^^^^^^^^^^^^^^^^^^^^^
  File "/workspace/repo/verl_sglang/verl_customize/verl/single_controller/base/decorator.py", line 462, in inner
    return func(*args, **kwargs)
           ^^^^^^^^^^^^^^^^^^^^^
  File "/workspace/repo/verl_sglang/verl_customize/verl/utils/transferqueue_utils.py", line 314, in dummy_inner
    output = func(*args, **kwargs)
             ^^^^^^^^^^^^^^^^^^^^^
  File "/workspace/repo/verl_sglang/verl_customize/verl/workers/engine_workers.py", line 265, in train_mini_batch
    actor_output = self.train_batch(mini_batch_td)
                   ^^^^^^^^^^^^^^^^^^^^^^^^^^^^^^^
  File "/workspace/repo/verl_sglang/verl_customize/verl/single_controller/base/decorator.py", line 462, in inner
    return func(*args, **kwargs)
           ^^^^^^^^^^^^^^^^^^^^^
  File "/workspace/repo/verl_sglang/verl_customize/verl/utils/transferqueue_utils.py", line 314, in dummy_inner
    output = func(*args, **kwargs)
             ^^^^^^^^^^^^^^^^^^^^^
  File "/workspace/repo/verl_sglang/verl_customize/verl/workers/engine_workers.py", line 310, in train_batch
    output = self.engine.train_batch(data, loss_function=self.loss_fn)
             ^^^^^^^^^^^^^^^^^^^^^^^^^^^^^^^^^^^^^^^^^^^^^^^^^^^^^^^^^
  File "/workspace/repo/verl_sglang/verl_customize/verl/workers/engine/base.py", line 127, in train_batch
    grad_norm = self.optimizer_step()
                ^^^^^^^^^^^^^^^^^^^^^
  File "/workspace/repo/verl_sglang/verl_customize/verl/workers/engine/fsdp/transformer_impl.py", line 553, in optimizer_step
    self.optimizer.step()
  File "/usr/local/lib/python3.12/dist-packages/torch/optim/lr_scheduler.py", line 133, in wrapper
    return func.__get__(opt, opt.__class__)(*args, **kwargs)
           ^^^^^^^^^^^^^^^^^^^^^^^^^^^^^^^^^^^^^^^^^^^^^^^^^
  File "/usr/local/lib/python3.12/dist-packages/torch/optim/optimizer.py", line 517, in wrapper
    out = func(*args, **kwargs)
          ^^^^^^^^^^^^^^^^^^^^^
  File "/usr/local/lib/python3.12/dist-packages/torch/optim/optimizer.py", line 82, in _use_grad
    ret = func(*args, **kwargs)
          ^^^^^^^^^^^^^^^^^^^^^
  File "/usr/local/lib/python3.12/dist-packages/torch/optim/adam.py", line 247, in step
    adam(
  File "/usr/local/lib/python3.12/dist-packages/torch/optim/optimizer.py", line 150, in maybe_fallback
    return func(*args, **kwargs)
           ^^^^^^^^^^^^^^^^^^^^^
  File "/usr/local/lib/python3.12/dist-packages/torch/optim/adam.py", line 953, in adam
    func(
  File "/usr/local/lib/python3.12/dist-packages/torch/optim/adam.py", line 777, in _multi_tensor_adam
    exp_avg_sq_sqrt = torch._foreach_sqrt(device_exp_avg_sqs)
                      ^^^^^^^^^^^^^^^^^^^^^^^^^^^^^^^^^^^^^^^
torch.OutOfMemoryError: CUDA out of memory. Tried to allocate 234.00 MiB. GPU 0 has a total capacity of 79.11 GiB of which 226.50 MiB is free. Process 192448 has 74.54 GiB memory in use. Process 212266 has 4.23 GiB memory in use. Of the allocated memory 72.43 GiB is allocated by PyTorch, and 94.39 MiB is reserved by PyTorch but unallocated. If reserved but unallocated memory is large try setting PYTORCH_CUDA_ALLOC_CONF=expandable_segments:True to avoid fragmentation.  See documentation for Memory Management  (https://pytorch.org/docs/stable/notes/cuda.html#environment-variables)

Set the environment variable HYDRA_FULL_ERROR=1 for a complete stack trace.
[36m(TaskRunner pid=3111462)[0m Unhandled error (suppress with 'RAY_IGNORE_UNHANDLED_ERRORS=1'): [36mray::WorkerDict.actor_rollout_ref_update_actor()[39m (pid=3114026, ip=172.17.0.6, actor_id=d9e8fbfe8c28edb3766f9fc201000000, repr=<verl.single_controller.ray.base.WorkerDict object at 0x7ee1853b94f0>)
[36m(TaskRunner pid=3111462)[0m   File "/usr/lib/python3.12/concurrent/futures/_base.py", line 456, in result
[36m(TaskRunner pid=3111462)[0m     return self.__get_result()
[36m(TaskRunner pid=3111462)[0m            ^^^^^^^^^^^^^^^^^^^
[36m(TaskRunner pid=3111462)[0m   File "/usr/lib/python3.12/concurrent/futures/_base.py", line 401, in __get_result
[36m(TaskRunner pid=3111462)[0m     raise self._exception
[36m(TaskRunner pid=3111462)[0m            ^^^^^^^^^^^^^^^^^^^^^
[36m(TaskRunner pid=3111462)[0m            ^^^^^^^^^^^^^^^^^^^^^^^^^^^^^^^^^^^^
[36m(TaskRunner pid=3111462)[0m            ^^^^^^^^^^^^^^^^^^^^^^^^^^^^^^^
[36m(TaskRunner pid=3111462)[0m   File "/workspace/repo/verl_sglang/verl_customize/verl/single_controller/ray/base.py", line 910, in func
[36m(TaskRunner pid=3111462)[0m     return getattr(self.worker_dict[key], name)(*args, **kwargs)
[36m(TaskRunner pid=3111462)[0m            ^^^^^^^^^^^^^^^^^^^^^^^^^^^^^^^^^^^^^^^^^^^^^^^^^^^^^
[36m(TaskRunner pid=3111462)[0m   File "/workspace/repo/verl_sglang/verl_customize/verl/single_controller/base/decorator.py", line 462, in inner
[36m(TaskRunner pid=3111462)[0m     return func(*args, **kwargs)
[36m(TaskRunner pid=3111462)[0m            ^^^^^^^^^^^^^^^^^^^^^
[36m(TaskRunner pid=3111462)[0m   File "/workspace/repo/verl_sglang/verl_customize/verl/utils/transferqueue_utils.py", line 314, in dummy_inner
[36m(TaskRunner pid=3111462)[0m     output = func(*args, **kwargs)
[36m(TaskRunner pid=3111462)[0m              ^^^^^^^^^^^^^^^^^^^^^
[36m(TaskRunner pid=3111462)[0m   File "/workspace/repo/verl_sglang/verl_customize/verl/utils/profiler/profile.py", line 173, in wrapper
[36m(TaskRunner pid=3111462)[0m     return func(self_instance, *args, **kwargs_inner)
[36m(TaskRunner pid=3111462)[0m            ^^^^^^^^^^^^^^^^^^^^^^^^^^^^^^^^^^^^^^^^^^
[36m(TaskRunner pid=3111462)[0m   File "/workspace/repo/verl_sglang/verl_customize/verl/workers/engine_workers.py", line 683, in update_actor
[36m(TaskRunner pid=3111462)[0m     output = self.actor.train_mini_batch(data=data)
[36m(TaskRunner pid=3111462)[0m              ^^^^^^^^^^^^^^^^^^^^^^^^^^^^^^^^^^^^^^
[36m(TaskRunner pid=3111462)[0m   File "/workspace/repo/verl_sglang/verl_customize/verl/single_controller/base/decorator.py", line 462, in inner
[36m(TaskRunner pid=3111462)[0m     return func(*args, **kwargs)
[36m(TaskRunner pid=3111462)[0m            ^^^^^^^^^^^^^^^^^^^^^
[36m(TaskRunner pid=3111462)[0m   File "/workspace/repo/verl_sglang/verl_customize/verl/utils/transferqueue_utils.py", line 314, in dummy_inner
[36m(TaskRunner pid=3111462)[0m     output = func(*args, **kwargs)
[36m(TaskRunner pid=3111462)[0m              ^^^^^^^^^^^^^^^^^^^^^
[36m(TaskRunner pid=3111462)[0m   File "/workspace/repo/verl_sglang/verl_customize/verl/workers/engine_workers.py", line 265, in train_mini_batch
[36m(TaskRunner pid=3111462)[0m     actor_output = self.train_batch(mini_batch_td)
[36m(TaskRunner pid=3111462)[0m                    ^^^^^^^^^^^^^^^^^^^^^^^^^^^^^^^
[36m(TaskRunner pid=3111462)[0m   File "/workspace/repo/verl_sglang/verl_customize/verl/single_controller/base/decorator.py", line 462, in inner
[36m(TaskRunner pid=3111462)[0m     return func(*args, **kwargs)
[36m(TaskRunner pid=3111462)[0m            ^^^^^^^^^^^^^^^^^^^^^
[36m(TaskRunner pid=3111462)[0m   File "/workspace/repo/verl_sglang/verl_customize/verl/utils/transferqueue_utils.py", line 314, in dummy_inner
[36m(TaskRunner pid=3111462)[0m     output = func(*args, **kwargs)
[36m(TaskRunner pid=3111462)[0m              ^^^^^^^^^^^^^^^^^^^^^
[36m(TaskRunner pid=3111462)[0m   File "/workspace/repo/verl_sglang/verl_customize/verl/workers/engine_workers.py", line 310, in train_batch
[36m(TaskRunner pid=3111462)[0m     output = self.engine.train_batch(data, loss_function=self.loss_fn)
[36m(TaskRunner pid=3111462)[0m              ^^^^^^^^^^^^^^^^^^^^^^^^^^^^^^^^^^^^^^^^^^^^^^^^^^^^^^^^^
[36m(TaskRunner pid=3111462)[0m   File "/workspace/repo/verl_sglang/verl_customize/verl/workers/engine/base.py", line 127, in train_batch
[36m(TaskRunner pid=3111462)[0m     grad_norm = self.optimizer_step()
[36m(TaskRunner pid=3111462)[0m                 ^^^^^^^^^^^^^^^^^^^^^
[36m(TaskRunner pid=3111462)[0m   File "/workspace/repo/verl_sglang/verl_customize/verl/workers/engine/fsdp/transformer_impl.py", line 553, in optimizer_step
[36m(TaskRunner pid=3111462)[0m     self.optimizer.step()
[36m(TaskRunner pid=3111462)[0m   File "/usr/local/lib/python3.12/dist-packages/torch/optim/lr_scheduler.py", line 133, in wrapper
[36m(TaskRunner pid=3111462)[0m     return func.__get__(opt, opt.__class__)(*args, **kwargs)
[36m(TaskRunner pid=3111462)[0m            ^^^^^^^^^^^^^^^^^^^^^^^^^^^^^^^^^^^^^^^^^^^^^^^^^
[36m(TaskRunner pid=3111462)[0m   File "/usr/local/lib/python3.12/dist-packages/torch/optim/optimizer.py", line 517, in wrapper
[36m(TaskRunner pid=3111462)[0m     out = func(*args, **kwargs)
[36m(TaskRunner pid=3111462)[0m           ^^^^^^^^^^^^^^^^^^^^^
[36m(TaskRunner pid=3111462)[0m   File "/usr/local/lib/python3.12/dist-packages/torch/optim/optimizer.py", line 82, in _use_grad
[36m(TaskRunner pid=3111462)[0m     ret = func(*args, **kwargs)
[36m(TaskRunner pid=3111462)[0m           ^^^^^^^^^^^^^^^^^^^^^
[36m(TaskRunner pid=3111462)[0m   File "/usr/local/lib/python3.12/dist-packages/torch/optim/adam.py", line 247, in step
[36m(TaskRunner pid=3111462)[0m     adam(
[36m(TaskRunner pid=3111462)[0m   File "/usr/local/lib/python3.12/dist-packages/torch/optim/optimizer.py", line 150, in maybe_fallback
[36m(TaskRunner pid=3111462)[0m     return func(*args, **kwargs)
[36m(TaskRunner pid=3111462)[0m            ^^^^^^^^^^^^^^^^^^^^^
[36m(TaskRunner pid=3111462)[0m   File "/usr/local/lib/python3.12/dist-packages/torch/optim/adam.py", line 953, in adam
[36m(TaskRunner pid=3111462)[0m     func(
[36m(TaskRunner pid=3111462)[0m   File "/usr/local/lib/python3.12/dist-packages/torch/optim/adam.py", line 777, in _multi_tensor_adam
[36m(TaskRunner pid=3111462)[0m     exp_avg_sq_sqrt = torch._foreach_sqrt(device_exp_avg_sqs)
[36m(TaskRunner pid=3111462)[0m                       ^^^^^^^^^^^^^^^^^^^^^^^^^^^^^^^^^^^^^^^
[36m(TaskRunner pid=3111462)[0m torch.OutOfMemoryError: CUDA out of memory. Tried to allocate 234.00 MiB. GPU 0 has a total capacity of 79.11 GiB of which 130.50 MiB is free. Process 192445 has 74.73 GiB memory in use. Process 212255 has 4.14 GiB memory in use. Of the allocated memory 72.66 GiB is allocated by PyTorch, and 101.89 MiB is reserved by PyTorch but unallocated. If reserved but unallocated memory is large try setting PYTORCH_CUDA_ALLOC_CONF=expandable_segments:True to avoid fragmentation.  See documentation for Memory Management  (https://pytorch.org/docs/stable/notes/cuda.html#environment-variables)
[36m(TaskRunner pid=3111462)[0m Unhandled error (suppress with 'RAY_IGNORE_UNHANDLED_ERRORS=1'): [36mray::WorkerDict.actor_rollout_ref_update_actor()[39m (pid=3114029, ip=172.17.0.6, actor_id=181347b2110334ea5f93e49c01000000, repr=<verl.single_controller.ray.base.WorkerDict object at 0x7f74c69c5f10>)
[36m(TaskRunner pid=3111462)[0m   File "/usr/lib/python3.12/concurrent/futures/_base.py", line 456, in result
[36m(TaskRunner pid=3111462)[0m     return self.__get_result()
[36m(TaskRunner pid=3111462)[0m            ^^^^^^^^^^^^^^^^^^^
[36m(TaskRunner pid=3111462)[0m   File "/usr/lib/python3.12/concurrent/futures/_base.py", line 401, in __get_result
[36m(TaskRunner pid=3111462)[0m     raise self._exception
[36m(TaskRunner pid=3111462)[0m            ^^^^^^^^^^^^^^^^^^^^^
[36m(TaskRunner pid=3111462)[0m            ^^^^^^^^^^^^^^^^^^^^^^^^^^^^^^^^^^^^
[36m(TaskRunner pid=3111462)[0m            ^^^^^^^^^^^^^^^^^^^^^^^^^^^^^^^
[36m(TaskRunner pid=3111462)[0m   File "/workspace/repo/verl_sglang/verl_customize/verl/single_controller/ray/base.py", line 910, in func
[36m(TaskRunner pid=3111462)[0m     return getattr(self.worker_dict[key], name)(*args, **kwargs)
[36m(TaskRunner pid=3111462)[0m            ^^^^^^^^^^^^^^^^^^^^^^^^^^^^^^^^^^^^^^^^^^^^^^^^^^^^^
[36m(TaskRunner pid=3111462)[0m   File "/workspace/repo/verl_sglang/verl_customize/verl/single_controller/base/decorator.py", line 462, in inner
[36m(TaskRunner pid=3111462)[0m     return func(*args, **kwargs)
[36m(TaskRunner pid=3111462)[0m            ^^^^^^^^^^^^^^^^^^^^^
[36m(TaskRunner pid=3111462)[0m   File "/workspace/repo/verl_sglang/verl_customize/verl/utils/transferqueue_utils.py", line 314, in dummy_inner
[36m(TaskRunner pid=3111462)[0m     output = func(*args, **kwargs)
[36m(TaskRunner pid=3111462)[0m              ^^^^^^^^^^^^^^^^^^^^^
[36m(TaskRunner pid=3111462)[0m   File "/workspace/repo/verl_sglang/verl_customize/verl/utils/profiler/profile.py", line 173, in wrapper
[36m(TaskRunner pid=3111462)[0m     return func(self_instance, *args, **kwargs_inner)
[36m(TaskRunner pid=3111462)[0m            ^^^^^^^^^^^^^^^^^^^^^^^^^^^^^^^^^^^^^^^^^^
[36m(TaskRunner pid=3111462)[0m   File "/workspace/repo/verl_sglang/verl_customize/verl/workers/engine_workers.py", line 683, in update_actor
[36m(TaskRunner pid=3111462)[0m     output = self.actor.train_mini_batch(data=data)
[36m(TaskRunner pid=3111462)[0m              ^^^^^^^^^^^^^^^^^^^^^^^^^^^^^^^^^^^^^^
[36m(TaskRunner pid=3111462)[0m   File "/workspace/repo/verl_sglang/verl_customize/verl/single_controller/base/decorator.py", line 462, in inner
[36m(TaskRunner pid=3111462)[0m     return func(*args, **kwargs)
[36m(TaskRunner pid=3111462)[0m            ^^^^^^^^^^^^^^^^^^^^^
[36m(TaskRunner pid=3111462)[0m   File "/workspace/repo/verl_sglang/verl_customize/verl/utils/transferqueue_utils.py", line 314, in dummy_inner
[36m(TaskRunner pid=3111462)[0m     output = func(*args, **kwargs)
[36m(TaskRunner pid=3111462)[0m              ^^^^^^^^^^^^^^^^^^^^^
[36m(TaskRunner pid=3111462)[0m   File "/workspace/repo/verl_sglang/verl_customize/verl/workers/engine_workers.py", line 265, in train_mini_batch
[36m(TaskRunner pid=3111462)[0m     actor_output = self.train_batch(mini_batch_td)
[36m(TaskRunner pid=3111462)[0m                    ^^^^^^^^^^^^^^^^^^^^^^^^^^^^^^^
[36m(TaskRunner pid=3111462)[0m   File "/workspace/repo/verl_sglang/verl_customize/verl/single_controller/base/decorator.py", line 462, in inner
[36m(TaskRunner pid=3111462)[0m     return func(*args, **kwargs)
[36m(TaskRunner pid=3111462)[0m            ^^^^^^^^^^^^^^^^^^^^^
[36m(TaskRunner pid=3111462)[0m   File "/workspace/repo/verl_sglang/verl_customize/verl/utils/transferqueue_utils.py", line 314, in dummy_inner
[36m(TaskRunner pid=3111462)[0m     output = func(*args, **kwargs)
[36m(TaskRunner pid=3111462)[0m              ^^^^^^^^^^^^^^^^^^^^^
[36m(TaskRunner pid=3111462)[0m   File "/workspace/repo/verl_sglang/verl_customize/verl/workers/engine_workers.py", line 310, in train_batch
[36m(TaskRunner pid=3111462)[0m     output = self.engine.train_batch(data, loss_function=self.loss_fn)
[36m(TaskRunner pid=3111462)[0m              ^^^^^^^^^^^^^^^^^^^^^^^^^^^^^^^^^^^^^^^^^^^^^^^^^^^^^^^^^
[36m(TaskRunner pid=3111462)[0m   File "/workspace/repo/verl_sglang/verl_customize/verl/workers/engine/base.py", line 127, in train_batch
[36m(TaskRunner pid=3111462)[0m     grad_norm = self.optimizer_step()
[36m(TaskRunner pid=3111462)[0m                 ^^^^^^^^^^^^^^^^^^^^^
[36m(TaskRunner pid=3111462)[0m   File "/workspace/repo/verl_sglang/verl_customize/verl/workers/engine/fsdp/transformer_impl.py", line 553, in optimizer_step
[36m(TaskRunner pid=3111462)[0m     self.optimizer.step()
[36m(TaskRunner pid=3111462)[0m   File "/usr/local/lib/python3.12/dist-packages/torch/optim/lr_scheduler.py", line 133, in wrapper
[36m(TaskRunner pid=3111462)[0m     return func.__get__(opt, opt.__class__)(*args, **kwargs)
[36m(TaskRunner pid=3111462)[0m            ^^^^^^^^^^^^^^^^^^^^^^^^^^^^^^^^^^^^^^^^^^^^^^^^^
[36m(TaskRunner pid=3111462)[0m   File "/usr/local/lib/python3.12/dist-packages/torch/optim/optimizer.py", line 517, in wrapper
[36m(TaskRunner pid=3111462)[0m     out = func(*args, **kwargs)
[36m(TaskRunner pid=3111462)[0m           ^^^^^^^^^^^^^^^^^^^^^
[36m(TaskRunner pid=3111462)[0m   File "/usr/local/lib/python3.12/dist-packages/torch/optim/optimizer.py", line 82, in _use_grad
[36m(TaskRunner pid=3111462)[0m     ret = func(*args, **kwargs)
[36m(TaskRunner pid=3111462)[0m           ^^^^^^^^^^^^^^^^^^^^^
[36m(TaskRunner pid=3111462)[0m   File "/usr/local/lib/python3.12/dist-packages/torch/optim/adam.py", line 247, in step
[36m(TaskRunner pid=3111462)[0m     adam(
[36m(TaskRunner pid=3111462)[0m   File "/usr/local/lib/python3.12/dist-packages/torch/optim/optimizer.py", line 150, in maybe_fallback
[36m(TaskRunner pid=3111462)[0m     return func(*args, **kwargs)
[36m(TaskRunner pid=3111462)[0m            ^^^^^^^^^^^^^^^^^^^^^
[36m(TaskRunner pid=3111462)[0m   File "/usr/local/lib/python3.12/dist-packages/torch/optim/adam.py", line 953, in adam
[36m(TaskRunner pid=3111462)[0m     func(
[36m(TaskRunner pid=3111462)[0m   File "/usr/local/lib/python3.12/dist-packages/torch/optim/adam.py", line 777, in _multi_tensor_adam
[36m(TaskRunner pid=3111462)[0m     exp_avg_sq_sqrt = torch._foreach_sqrt(device_exp_avg_sqs)
[36m(TaskRunner pid=3111462)[0m                       ^^^^^^^^^^^^^^^^^^^^^^^^^^^^^^^^^^^^^^^
[36m(TaskRunner pid=3111462)[0m torch.OutOfMemoryError: CUDA out of memory. Tried to allocate 234.00 MiB. GPU 0 has a total capacity of 79.11 GiB of which 26.50 MiB is free. Process 192449 has 75.21 GiB memory in use. Process 212268 has 3.77 GiB memory in use. Of the allocated memory 73.34 GiB is allocated by PyTorch, and 84.38 MiB is reserved by PyTorch but unallocated. If reserved but unallocated memory is large try setting PYTORCH_CUDA_ALLOC_CONF=expandable_segments:True to avoid fragmentation.  See documentation for Memory Management  (https://pytorch.org/docs/stable/notes/cuda.html#environment-variables)
[36m(TaskRunner pid=3111462)[0m Unhandled error (suppress with 'RAY_IGNORE_UNHANDLED_ERRORS=1'): [36mray::WorkerDict.actor_rollout_ref_update_actor()[39m (pid=3114027, ip=172.17.0.6, actor_id=859fa20a987a218674e28d0301000000, repr=<verl.single_controller.ray.base.WorkerDict object at 0x7f2a2dbbd9d0>)
[36m(TaskRunner pid=3111462)[0m   File "/usr/lib/python3.12/concurrent/futures/_base.py", line 456, in result
[36m(TaskRunner pid=3111462)[0m     return self.__get_result()
[36m(TaskRunner pid=3111462)[0m            ^^^^^^^^^^^^^^^^^^^
[36m(TaskRunner pid=3111462)[0m   File "/usr/lib/python3.12/concurrent/futures/_base.py", line 401, in __get_result
[36m(TaskRunner pid=3111462)[0m     raise self._exception
[36m(TaskRunner pid=3111462)[0m            ^^^^^^^^^^^^^^^^^^^^^
[36m(TaskRunner pid=3111462)[0m            ^^^^^^^^^^^^^^^^^^^^^^^^^^^^^^^^^^^^
[36m(TaskRunner pid=3111462)[0m            ^^^^^^^^^^^^^^^^^^^^^^^^^^^^^^^
[36m(TaskRunner pid=3111462)[0m   File "/workspace/repo/verl_sglang/verl_customize/verl/single_controller/ray/base.py", line 910, in func
[36m(TaskRunner pid=3111462)[0m     return getattr(self.worker_dict[key], name)(*args, **kwargs)
[36m(TaskRunner pid=3111462)[0m            ^^^^^^^^^^^^^^^^^^^^^^^^^^^^^^^^^^^^^^^^^^^^^^^^^^^^^
[36m(TaskRunner pid=3111462)[0m   File "/workspace/repo/verl_sglang/verl_customize/verl/single_controller/base/decorator.py", line 462, in inner
[36m(TaskRunner pid=3111462)[0m     return func(*args, **kwargs)
[36m(TaskRunner pid=3111462)[0m            ^^^^^^^^^^^^^^^^^^^^^
[36m(TaskRunner pid=3111462)[0m   File "/workspace/repo/verl_sglang/verl_customize/verl/utils/transferqueue_utils.py", line 314, in dummy_inner
[36m(TaskRunner pid=3111462)[0m     output = func(*args, **kwargs)
[36m(TaskRunner pid=3111462)[0m              ^^^^^^^^^^^^^^^^^^^^^
[36m(TaskRunner pid=3111462)[0m   File "/workspace/repo/verl_sglang/verl_customize/verl/utils/profiler/profile.py", line 173, in wrapper
[36m(TaskRunner pid=3111462)[0m     return func(self_instance, *args, **kwargs_inner)
[36m(TaskRunner pid=3111462)[0m            ^^^^^^^^^^^^^^^^^^^^^^^^^^^^^^^^^^^^^^^^^^
[36m(TaskRunner pid=3111462)[0m   File "/workspace/repo/verl_sglang/verl_customize/verl/workers/engine_workers.py", line 683, in update_actor
[36m(TaskRunner pid=3111462)[0m     output = self.actor.train_mini_batch(data=data)
[36m(TaskRunner pid=3111462)[0m              ^^^^^^^^^^^^^^^^^^^^^^^^^^^^^^^^^^^^^^
[36m(TaskRunner pid=3111462)[0m   File "/workspace/repo/verl_sglang/verl_customize/verl/single_controller/base/decorator.py", line 462, in inner
[36m(TaskRunner pid=3111462)[0m     return func(*args, **kwargs)
[36m(TaskRunner pid=3111462)[0m            ^^^^^^^^^^^^^^^^^^^^^
[36m(TaskRunner pid=3111462)[0m   File "/workspace/repo/verl_sglang/verl_customize/verl/utils/transferqueue_utils.py", line 314, in dummy_inner
[36m(TaskRunner pid=3111462)[0m     output = func(*args, **kwargs)
[36m(TaskRunner pid=3111462)[0m              ^^^^^^^^^^^^^^^^^^^^^
[36m(TaskRunner pid=3111462)[0m   File "/workspace/repo/verl_sglang/verl_customize/verl/workers/engine_workers.py", line 265, in train_mini_batch
[36m(TaskRunner pid=3111462)[0m     actor_output = self.train_batch(mini_batch_td)
[36m(TaskRunner pid=3111462)[0m                    ^^^^^^^^^^^^^^^^^^^^^^^^^^^^^^^
[36m(TaskRunner pid=3111462)[0m   File "/workspace/repo/verl_sglang/verl_customize/verl/single_controller/base/decorator.py", line 462, in inner
[36m(TaskRunner pid=3111462)[0m     return func(*args, **kwargs)
[36m(TaskRunner pid=3111462)[0m            ^^^^^^^^^^^^^^^^^^^^^
[36m(TaskRunner pid=3111462)[0m   File "/workspace/repo/verl_sglang/verl_customize/verl/utils/transferqueue_utils.py", line 314, in dummy_inner
[36m(TaskRunner pid=3111462)[0m     output = func(*args, **kwargs)
[36m(TaskRunner pid=3111462)[0m              ^^^^^^^^^^^^^^^^^^^^^
[36m(TaskRunner pid=3111462)[0m   File "/workspace/repo/verl_sglang/verl_customize/verl/workers/engine_workers.py", line 310, in train_batch
[36m(TaskRunner pid=3111462)[0m     output = self.engine.train_batch(data, loss_function=self.loss_fn)
[36m(TaskRunner pid=3111462)[0m              ^^^^^^^^^^^^^^^^^^^^^^^^^^^^^^^^^^^^^^^^^^^^^^^^^^^^^^^^^
[36m(TaskRunner pid=3111462)[0m   File "/workspace/repo/verl_sglang/verl_customize/verl/workers/engine/base.py", line 127, in train_batch
[36m(TaskRunner pid=3111462)[0m     grad_norm = self.optimizer_step()
[36m(TaskRunner pid=3111462)[0m                 ^^^^^^^^^^^^^^^^^^^^^
[36m(TaskRunner pid=3111462)[0m   File "/workspace/repo/verl_sglang/verl_customize/verl/workers/engine/fsdp/transformer_impl.py", line 553, in optimizer_step
[36m(TaskRunner pid=3111462)[0m     self.optimizer.step()
[36m(TaskRunner pid=3111462)[0m   File "/usr/local/lib/python3.12/dist-packages/torch/optim/lr_scheduler.py", line 133, in wrapper
[36m(TaskRunner pid=3111462)[0m     return func.__get__(opt, opt.__class__)(*args, **kwargs)
[36m(TaskRunner pid=3111462)[0m            ^^^^^^^^^^^^^^^^^^^^^^^^^^^^^^^^^^^^^^^^^^^^^^^^^
[36m(TaskRunner pid=3111462)[0m   File "/usr/local/lib/python3.12/dist-packages/torch/optim/optimizer.py", line 517, in wrapper
[36m(TaskRunner pid=3111462)[0m     out = func(*args, **kwargs)
[36m(TaskRunner pid=3111462)[0m           ^^^^^^^^^^^^^^^^^^^^^
[36m(TaskRunner pid=3111462)[0m   File "/usr/local/lib/python3.12/dist-packages/torch/optim/optimizer.py", line 82, in _use_grad
[36m(TaskRunner pid=3111462)[0m     ret = func(*args, **kwargs)
[36m(TaskRunner pid=3111462)[0m           ^^^^^^^^^^^^^^^^^^^^^
[36m(TaskRunner pid=3111462)[0m   File "/usr/local/lib/python3.12/dist-packages/torch/optim/adam.py", line 247, in step
[36m(TaskRunner pid=3111462)[0m     adam(
[36m(TaskRunner pid=3111462)[0m   File "/usr/local/lib/python3.12/dist-packages/torch/optim/optimizer.py", line 150, in maybe_fallback
[36m(TaskRunner pid=3111462)[0m     return func(*args, **kwargs)
[36m(TaskRunner pid=3111462)[0m            ^^^^^^^^^^^^^^^^^^^^^
[36m(TaskRunner pid=3111462)[0m   File "/usr/local/lib/python3.12/dist-packages/torch/optim/adam.py", line 953, in adam
[36m(TaskRunner pid=3111462)[0m     func(
[36m(TaskRunner pid=3111462)[0m   File "/usr/local/lib/python3.12/dist-packages/torch/optim/adam.py", line 777, in _multi_tensor_adam
[36m(TaskRunner pid=3111462)[0m     exp_avg_sq_sqrt = torch._foreach_sqrt(device_exp_avg_sqs)
[36m(TaskRunner pid=3111462)[0m                       ^^^^^^^^^^^^^^^^^^^^^^^^^^^^^^^^^^^^^^^
[36m(TaskRunner pid=3111462)[0m torch.OutOfMemoryError: CUDA out of memory. Tried to allocate 234.00 MiB. GPU 0 has a total capacity of 79.11 GiB of which 226.50 MiB is free. Process 192447 has 74.54 GiB memory in use. Process 212260 has 4.23 GiB memory in use. Of the allocated memory 72.43 GiB is allocated by PyTorch, and 94.39 MiB is reserved by PyTorch but unallocated. If reserved but unallocated memory is large try setting PYTORCH_CUDA_ALLOC_CONF=expandable_segments:True to avoid fragmentation.  See documentation for Memory Management  (https://pytorch.org/docs/stable/notes/cuda.html#environment-variables)
