pass_id,mode,batch_size,prefill_tokens,decode_tokens,avg_seq_len,forward_time_ms,global_step
1,EXTEND,3,223,0,74.33,1736.50,1
2,EXTEND,93,8192,0,88.09,96.00,1
3,EXTEND,1,33,0,116.00,21.07,1
4,DECODE,96,0,96,89.00,36.55,1
5,DECODE,96,0,96,90.00,4.23,1
6,DECODE,96,0,96,91.00,3.93,1
7,DECODE,96,0,96,92.00,3.83,1
8,DECODE,96,0,96,93.00,3.96,1
9,DECODE,96,0,96,94.00,3.84,1
10,DECODE,96,0,96,95.00,3.96,1
11,DECODE,96,0,96,96.00,4.25,1
12,DECODE,96,0,96,97.00,3.98,1
13,DECODE,96,0,96,98.00,4.09,1
14,DECODE,96,0,96,99.00,3.86,1
15,DECODE,96,0,96,100.00,3.95,1
16,DECODE,96,0,96,101.00,3.92,1
17,DECODE,96,0,96,102.00,3.94,1
18,DECODE,96,0,96,103.00,4.75,1
19,DECODE,96,0,96,104.00,3.98,1
20,DECODE,96,0,96,105.00,3.89,1
21,DECODE,96,0,96,106.00,3.93,1
22,DECODE,96,0,96,107.00,3.88,1
23,DECODE,96,0,96,108.00,3.94,1
24,DECODE,96,0,96,109.00,3.95,1
25,DECODE,96,0,96,110.00,3.95,1
26,DECODE,96,0,96,111.00,3.94,1
27,DECODE,96,0,96,112.00,3.93,1
28,DECODE,96,0,96,113.00,3.85,1
29,DECODE,96,0,96,114.00,3.88,1
30,DECODE,96,0,96,115.00,5.73,1
31,DECODE,96,0,96,116.00,3.86,1
32,DECODE,96,0,96,117.00,4.07,1
33,DECODE,96,0,96,118.00,4.02,1
34,DECODE,96,0,96,119.00,4.00,1
35,DECODE,96,0,96,120.00,4.02,1
36,DECODE,96,0,96,121.00,3.93,1
37,DECODE,96,0,96,122.00,4.07,1
38,EXTEND,1,110,0,114.00,34.11,1
39,EXTEND,63,4770,0,80.73,33.71,1
40,DECODE,160,0,160,106.70,5.90,1
41,DECODE,160,0,160,107.70,4.64,1
42,DECODE,160,0,160,108.70,4.58,1
43,DECODE,160,0,160,109.70,4.54,1
44,DECODE,160,0,160,110.70,4.58,1
45,DECODE,160,0,160,111.70,4.56,1
46,DECODE,160,0,160,112.70,4.58,1
47,DECODE,160,0,160,113.70,4.52,1
48,DECODE,160,0,160,114.70,4.68,1
49,DECODE,160,0,160,115.70,4.57,1
50,DECODE,160,0,160,116.70,4.61,1
51,DECODE,160,0,160,117.70,5.15,1
52,DECODE,160,0,160,118.70,5.15,1
53,DECODE,160,0,160,119.70,5.17,1
54,DECODE,160,0,160,120.70,5.18,1
55,DECODE,160,0,160,121.70,5.17,1
56,DECODE,160,0,160,122.70,5.29,1
57,DECODE,160,0,160,123.70,5.18,1
58,DECODE,160,0,160,124.70,5.47,1
59,DECODE,160,0,160,125.70,5.45,1
60,DECODE,160,0,160,126.70,5.31,1
61,DECODE,160,0,160,127.70,5.92,1
62,DECODE,160,0,160,128.70,5.41,1
63,DECODE,160,0,160,129.70,5.56,1
64,DECODE,160,0,160,130.70,5.52,1
65,DECODE,160,0,160,131.70,5.52,1
66,DECODE,160,0,160,132.70,5.49,1
67,DECODE,160,0,160,133.70,5.37,1
68,DECODE,160,0,160,134.70,5.52,1
69,DECODE,160,0,160,135.70,5.96,1
70,DECODE,160,0,160,136.70,5.59,1
71,DECODE,160,0,160,137.70,5.57,1
72,DECODE,160,0,160,138.70,5.43,1
73,DECODE,160,0,160,139.70,5.53,1
74,DECODE,160,0,160,140.70,5.60,1
75,DECODE,160,0,160,141.70,5.54,1
76,DECODE,160,0,160,142.70,5.59,1
77,DECODE,160,0,160,143.70,5.47,1
78,DECODE,160,0,160,144.70,5.56,1
79,DECODE,160,0,160,145.70,5.55,1
80,DECODE,160,0,160,146.70,5.49,1
81,DECODE,160,0,160,147.70,5.48,1
82,DECODE,160,0,160,148.70,5.45,1
83,DECODE,160,0,160,149.70,5.52,1
84,DECODE,160,0,160,150.70,5.63,1
85,DECODE,160,0,160,151.70,5.43,1
86,DECODE,160,0,160,152.70,5.58,1
87,DECODE,160,0,160,153.70,5.33,1
88,DECODE,160,0,160,154.70,5.58,1
89,DECODE,160,0,160,155.70,5.42,1
90,DECODE,160,0,160,156.70,5.62,1
91,DECODE,160,0,160,157.70,5.60,1
92,DECODE,160,0,160,158.70,5.59,1
93,DECODE,160,0,160,159.70,5.53,1
94,DECODE,160,0,160,160.70,5.48,1
95,DECODE,160,0,160,161.70,5.44,1
96,DECODE,160,0,160,162.70,5.47,1
97,DECODE,160,0,160,163.70,5.71,1
98,DECODE,160,0,160,164.70,5.69,1
99,DECODE,160,0,160,165.70,5.33,1
100,DECODE,160,0,160,166.70,5.49,1
101,DECODE,160,0,160,167.70,5.58,1
102,DECODE,160,0,160,168.70,5.57,1
103,DECODE,160,0,160,169.70,5.47,1
104,DECODE,160,0,160,170.70,5.54,1
105,DECODE,160,0,160,171.70,4.79,1
106,DECODE,160,0,160,172.70,4.68,1
107,DECODE,160,0,160,173.70,6.74,1
108,DECODE,160,0,160,174.70,5.72,1
109,DECODE,160,0,160,175.70,5.62,1
110,DECODE,160,0,160,176.70,5.87,1
111,DECODE,160,0,160,177.70,5.78,1
112,EXTEND,5,344,0,73.00,41.55,1
113,EXTEND,27,2724,0,105.00,26.86,1
114,DECODE,192,0,192,165.75,5.98,1
115,DECODE,192,0,192,166.75,5.04,1
116,DECODE,192,0,192,167.75,4.90,1
117,DECODE,192,0,192,168.75,4.82,1
118,DECODE,192,0,192,169.75,4.87,1
119,DECODE,192,0,192,170.75,4.74,1
120,DECODE,192,0,192,171.75,4.83,1
121,DECODE,192,0,192,172.75,4.80,1
122,DECODE,192,0,192,173.75,5.84,1
123,DECODE,192,0,192,174.75,4.92,1
124,DECODE,192,0,192,175.75,5.00,1
125,DECODE,192,0,192,176.75,4.92,1
126,DECODE,192,0,192,177.75,5.66,1
127,DECODE,192,0,192,178.75,5.95,1
128,DECODE,192,0,192,179.75,5.73,1
129,DECODE,192,0,192,180.75,5.50,1
130,DECODE,192,0,192,181.75,5.60,1
131,DECODE,192,0,192,182.75,5.64,1
132,DECODE,192,0,192,183.75,5.70,1
133,DECODE,192,0,192,184.75,5.53,1
134,DECODE,192,0,192,185.75,5.66,1
135,DECODE,192,0,192,186.75,5.71,1
136,DECODE,192,0,192,187.75,5.45,1
137,DECODE,192,0,192,188.75,5.68,1
138,DECODE,192,0,192,189.75,5.71,1
139,DECODE,192,0,192,190.75,5.65,1
140,DECODE,192,0,192,191.75,5.72,1
141,DECODE,192,0,192,192.75,5.74,1
142,DECODE,192,0,192,193.75,5.73,1
143,DECODE,192,0,192,194.75,5.68,1
144,DECODE,192,0,192,195.75,5.73,1
145,DECODE,192,0,192,196.75,5.62,1
146,DECODE,192,0,192,197.75,5.76,1
147,DECODE,192,0,192,198.75,5.63,1
148,DECODE,192,0,192,199.75,5.62,1
149,EXTEND,4,238,0,65.00,41.43,1
150,EXTEND,28,2442,0,91.57,26.35,1
151,EXTEND,26,2812,0,113.08,22.13,1
152,EXTEND,6,384,0,70.00,16.94,1
153,DECODE,256,0,256,174.97,6.80,1
154,DECODE,256,0,256,175.97,5.81,1
155,DECODE,256,0,256,176.97,5.73,1
156,DECODE,256,0,256,177.97,5.76,1
157,DECODE,256,0,256,178.97,5.77,1
158,DECODE,256,0,256,179.97,5.84,1
159,DECODE,256,0,256,180.97,5.78,1
160,DECODE,256,0,256,181.97,6.31,1
161,DECODE,256,0,256,182.97,5.83,1
162,DECODE,256,0,256,183.97,5.89,1
163,DECODE,256,0,256,184.97,5.84,1
164,DECODE,256,0,256,185.97,5.87,1
165,DECODE,256,0,256,186.97,6.49,1
166,DECODE,256,0,256,187.97,6.36,1
167,DECODE,256,0,256,188.97,6.34,1
168,DECODE,256,0,256,189.97,6.54,1
169,DECODE,256,0,256,190.97,6.40,1
170,DECODE,256,0,256,191.97,6.66,1
171,DECODE,256,0,256,192.97,6.98,1
172,DECODE,256,0,256,193.97,6.68,1
173,DECODE,256,0,256,194.97,6.71,1
174,DECODE,256,0,256,195.97,6.73,1
175,DECODE,256,0,256,196.97,6.72,1
176,DECODE,256,0,256,197.97,6.78,1
177,DECODE,256,0,256,198.97,6.70,1
178,DECODE,256,0,256,199.97,6.82,1
179,DECODE,256,0,256,200.97,6.65,1
180,DECODE,256,0,256,201.97,6.75,1
181,DECODE,256,0,256,202.97,6.77,1
182,DECODE,256,0,256,203.97,6.72,1
183,DECODE,256,0,256,204.97,6.66,1
184,DECODE,256,0,256,205.97,6.77,1
185,DECODE,256,0,256,206.97,7.15,1
186,DECODE,256,0,256,207.97,6.79,1
187,DECODE,256,0,256,208.97,6.93,1
188,DECODE,256,0,256,209.97,6.78,1
189,DECODE,256,0,256,210.97,6.74,1
190,DECODE,256,0,256,211.97,6.80,1
191,DECODE,256,0,256,212.97,6.64,1
192,DECODE,256,0,256,213.97,6.66,1
193,DECODE,256,0,256,214.97,6.69,1
194,DECODE,256,0,256,215.97,6.76,1
195,DECODE,256,0,256,216.97,6.77,1
196,DECODE,256,0,256,217.97,6.83,1
197,DECODE,256,0,256,218.97,6.81,1
198,DECODE,256,0,256,219.97,6.70,1
199,DECODE,256,0,256,220.97,6.82,1
200,DECODE,255,0,255,222.04,7.13,1
201,DECODE,254,0,254,223.12,7.11,1
202,DECODE,253,0,253,224.23,7.07,1
203,DECODE,253,0,253,225.23,6.82,1
204,DECODE,253,0,253,226.23,6.79,1
205,DECODE,253,0,253,227.23,6.80,1
206,DECODE,253,0,253,228.23,6.81,1
207,DECODE,253,0,253,229.23,6.78,1
208,DECODE,253,0,253,230.23,6.87,1
209,DECODE,253,0,253,231.23,6.83,1
210,DECODE,253,0,253,232.23,6.82,1
211,DECODE,252,0,252,233.33,7.04,1
212,DECODE,252,0,252,234.33,6.87,1
213,DECODE,252,0,252,235.33,6.84,1
214,DECODE,252,0,252,236.33,6.80,1
215,DECODE,252,0,252,237.33,6.86,1
216,DECODE,252,0,252,238.33,7.67,1
217,DECODE,252,0,252,239.33,6.91,1
218,DECODE,251,0,251,240.44,7.09,1
219,DECODE,251,0,251,241.44,6.83,1
220,DECODE,251,0,251,242.44,6.87,1
221,DECODE,251,0,251,243.44,6.92,1
222,DECODE,251,0,251,244.44,6.87,1
223,DECODE,251,0,251,245.44,6.93,1
224,DECODE,251,0,251,246.44,6.91,1
225,DECODE,251,0,251,247.44,6.87,1
226,DECODE,251,0,251,248.44,6.88,1
227,DECODE,250,0,250,249.52,7.33,1
228,DECODE,250,0,250,250.52,6.94,1
229,DECODE,248,0,248,251.70,8.74,1
230,DECODE,248,0,248,252.70,7.01,1
231,DECODE,248,0,248,253.70,6.77,1
232,DECODE,248,0,248,254.70,6.78,1
233,DECODE,248,0,248,255.70,7.01,1
234,DECODE,248,0,248,256.70,6.87,1
235,DECODE,248,0,248,257.70,6.96,1
236,DECODE,248,0,248,258.70,6.92,1
237,DECODE,248,0,248,259.70,7.03,1
238,DECODE,248,0,248,260.70,6.93,1
239,DECODE,248,0,248,261.70,6.94,1
240,DECODE,248,0,248,262.70,6.94,1
241,DECODE,248,0,248,263.70,7.06,1
242,DECODE,248,0,248,264.70,7.00,1
243,DECODE,248,0,248,265.70,7.02,1
244,DECODE,248,0,248,266.70,6.78,1
245,DECODE,248,0,248,267.70,7.01,1
246,DECODE,248,0,248,268.70,6.96,1
247,DECODE,248,0,248,269.70,6.99,1
248,DECODE,247,0,247,270.67,7.42,1
249,DECODE,247,0,247,271.67,6.91,1
250,DECODE,247,0,247,272.67,6.91,1
251,DECODE,246,0,246,273.75,6.71,1
252,DECODE,246,0,246,274.75,7.14,1
253,DECODE,246,0,246,275.75,6.96,1
254,DECODE,246,0,246,276.75,6.92,1
255,DECODE,246,0,246,277.75,7.06,1
256,DECODE,246,0,246,278.75,6.96,1
257,DECODE,246,0,246,279.75,6.95,1
258,DECODE,246,0,246,280.75,6.86,1
259,DECODE,246,0,246,281.75,6.68,1
260,DECODE,246,0,246,282.75,6.51,1
261,DECODE,246,0,246,283.75,6.03,1
262,DECODE,246,0,246,284.75,6.05,1
263,DECODE,245,0,245,285.72,6.10,1
264,DECODE,245,0,245,286.72,5.98,1
265,DECODE,245,0,245,287.72,6.03,1
266,DECODE,245,0,245,288.72,7.06,1
267,DECODE,245,0,245,289.72,6.21,1
268,DECODE,245,0,245,290.72,6.08,1
269,DECODE,245,0,245,291.72,6.09,1
270,DECODE,245,0,245,292.72,6.04,1
271,DECODE,245,0,245,293.72,6.81,1
272,DECODE,245,0,245,294.72,6.26,1
273,DECODE,245,0,245,295.72,6.15,1
274,DECODE,245,0,245,296.72,6.09,1
275,DECODE,244,0,244,297.80,6.64,1
276,DECODE,242,0,242,298.64,6.16,1
277,DECODE,242,0,242,299.64,6.10,1
278,DECODE,242,0,242,300.64,6.12,1
279,DECODE,242,0,242,301.64,6.16,1
280,DECODE,242,0,242,302.64,6.13,1
281,DECODE,242,0,242,303.64,6.13,1
282,DECODE,242,0,242,304.64,6.14,1
283,DECODE,241,0,241,305.71,6.21,1
284,DECODE,240,0,240,306.79,7.15,1
285,DECODE,240,0,240,307.79,6.15,1
286,DECODE,240,0,240,308.79,6.09,1
287,DECODE,240,0,240,309.79,6.20,1
288,DECODE,240,0,240,310.79,6.11,1
289,DECODE,240,0,240,311.79,6.20,1
290,DECODE,239,0,239,313.35,6.17,1
291,DECODE,239,0,239,314.35,6.20,1
292,DECODE,239,0,239,315.35,6.05,1
293,DECODE,238,0,238,316.91,6.23,1
294,DECODE,238,0,238,317.91,6.04,1
295,DECODE,237,0,237,319.47,6.19,1
296,DECODE,236,0,236,321.04,6.02,1
297,DECODE,236,0,236,322.04,6.06,1
298,DECODE,236,0,236,323.04,6.03,1
299,DECODE,235,0,235,324.02,6.12,1
300,DECODE,235,0,235,325.02,6.05,1
301,DECODE,235,0,235,326.02,6.11,1
302,DECODE,235,0,235,327.02,6.01,1
303,DECODE,235,0,235,328.02,6.31,1
304,DECODE,235,0,235,329.02,6.10,1
305,DECODE,235,0,235,330.02,6.04,1
306,DECODE,235,0,235,331.02,6.06,1
307,DECODE,235,0,235,332.02,6.89,1
308,DECODE,235,0,235,333.02,7.08,1
309,DECODE,235,0,235,334.02,7.25,1
310,DECODE,235,0,235,335.02,6.99,1
311,DECODE,234,0,234,336.01,7.51,1
312,DECODE,234,0,234,337.01,7.12,1
313,DECODE,234,0,234,338.01,7.04,1
314,DECODE,234,0,234,339.01,7.16,1
315,DECODE,234,0,234,340.01,7.18,1
316,DECODE,234,0,234,341.01,7.08,1
317,DECODE,234,0,234,342.01,7.00,1
318,DECODE,233,0,233,342.89,7.36,1
319,DECODE,233,0,233,343.89,7.22,1
320,DECODE,232,0,232,344.78,8.97,1
321,DECODE,232,0,232,345.78,7.11,1
322,DECODE,232,0,232,346.78,7.16,1
323,DECODE,231,0,231,348.19,7.49,1
324,DECODE,231,0,231,349.19,7.10,1
325,DECODE,230,0,230,350.07,7.33,1
326,DECODE,230,0,230,351.07,7.15,1
327,DECODE,230,0,230,352.07,7.17,1
328,DECODE,230,0,230,353.07,7.14,1
329,DECODE,230,0,230,354.07,7.25,1
330,DECODE,230,0,230,355.07,7.03,1
331,DECODE,230,0,230,356.07,7.34,1
332,DECODE,230,0,230,357.07,7.05,1
333,DECODE,230,0,230,358.07,7.19,1
334,DECODE,229,0,229,358.93,7.30,1
335,DECODE,229,0,229,359.93,7.28,1
336,DECODE,229,0,229,360.93,7.06,1
337,DECODE,229,0,229,361.93,7.09,1
338,DECODE,229,0,229,362.93,7.75,1
339,DECODE,229,0,229,363.93,8.88,1
340,DECODE,229,0,229,364.93,7.71,1
341,DECODE,229,0,229,365.93,7.59,1
342,DECODE,229,0,229,366.93,7.14,1
343,DECODE,229,0,229,367.93,7.15,1
344,DECODE,229,0,229,368.93,7.00,1
345,DECODE,229,0,229,369.93,7.20,1
346,DECODE,229,0,229,370.93,7.13,1
347,DECODE,228,0,228,371.80,7.57,1
348,DECODE,227,0,227,372.67,7.54,1
349,DECODE,227,0,227,373.67,7.27,1
350,DECODE,227,0,227,374.67,7.15,1
351,DECODE,227,0,227,375.67,7.22,1
352,DECODE,227,0,227,376.67,7.24,1
353,DECODE,225,0,225,377.96,7.57,1
354,DECODE,223,0,223,379.03,9.00,1
355,DECODE,222,0,222,380.14,7.28,1
356,DECODE,222,0,222,381.14,6.97,1
357,DECODE,222,0,222,382.14,6.97,1
358,DECODE,222,0,222,383.14,6.94,1
359,DECODE,222,0,222,384.14,7.10,1
360,DECODE,221,0,221,385.24,7.22,1
361,DECODE,221,0,221,386.24,7.04,1
362,DECODE,221,0,221,387.24,6.97,1
363,DECODE,220,0,220,388.12,7.33,1
364,DECODE,218,0,218,389.42,7.22,1
365,DECODE,217,0,217,390.81,7.25,1
366,DECODE,215,0,215,392.19,8.86,1
367,DECODE,215,0,215,393.19,6.90,1
368,DECODE,213,0,213,393.92,7.32,1
369,DECODE,211,0,211,394.92,7.43,1
370,DECODE,210,0,210,396.53,7.21,1
371,DECODE,209,0,209,397.39,7.27,1
372,DECODE,209,0,209,398.39,6.81,1
373,DECODE,209,0,209,399.39,6.86,1
374,DECODE,208,0,208,400.86,8.34,1
375,DECODE,208,0,208,401.86,6.92,1
376,DECODE,208,0,208,402.86,6.82,1
377,DECODE,208,0,208,403.86,6.90,1
378,DECODE,208,0,208,404.86,6.69,1
379,DECODE,208,0,208,405.86,6.84,1
380,DECODE,208,0,208,406.86,6.96,1
381,DECODE,207,0,207,408.48,7.39,1
382,DECODE,205,0,205,409.94,7.45,1
383,DECODE,205,0,205,410.94,6.98,1
384,DECODE,205,0,205,411.94,6.98,1
385,DECODE,205,0,205,412.94,6.98,1
386,DECODE,204,0,204,413.90,7.28,1
387,DECODE,204,0,204,414.90,6.87,1
388,DECODE,204,0,204,415.90,6.91,1
389,DECODE,204,0,204,416.90,6.93,1
390,DECODE,204,0,204,417.90,6.90,1
391,DECODE,204,0,204,418.90,7.14,1
392,DECODE,204,0,204,419.90,6.97,1
393,DECODE,204,0,204,420.90,6.90,1
394,DECODE,204,0,204,421.90,6.90,1
395,DECODE,204,0,204,422.90,6.93,1
396,DECODE,203,0,203,424.54,7.30,1
397,DECODE,203,0,203,425.54,6.95,1
398,DECODE,201,0,201,427.22,7.45,1
399,DECODE,200,0,200,428.65,8.99,1
400,DECODE,199,0,199,430.32,7.19,1
401,DECODE,199,0,199,431.32,6.73,1
402,DECODE,198,0,198,432.15,7.03,1
403,DECODE,197,0,197,433.82,7.09,1
404,DECODE,197,0,197,434.82,6.79,1
405,DECODE,197,0,197,435.82,6.77,1
406,DECODE,195,0,195,437.35,7.28,1
407,DECODE,195,0,195,438.35,6.80,1
408,DECODE,195,0,195,439.35,6.77,1
409,DECODE,195,0,195,440.35,7.29,1
410,DECODE,195,0,195,441.35,6.76,1
411,DECODE,194,0,194,442.19,7.19,1
412,DECODE,194,0,194,443.19,6.71,1
413,DECODE,194,0,194,444.19,6.72,1
414,DECODE,194,0,194,445.19,6.70,1
415,DECODE,194,0,194,446.19,6.76,1
416,DECODE,194,0,194,447.19,6.72,1
417,DECODE,194,0,194,448.19,6.77,1
418,DECODE,193,0,193,449.26,7.18,1
419,DECODE,192,0,192,450.34,6.81,1
420,DECODE,191,0,191,451.36,6.78,1
421,DECODE,191,0,191,452.36,6.49,1
422,DECODE,190,0,190,453.79,6.83,1
423,DECODE,190,0,190,454.79,6.38,1
424,DECODE,190,0,190,455.79,6.32,1
425,DECODE,190,0,190,456.79,6.29,1
426,DECODE,190,0,190,457.79,6.32,1
427,DECODE,189,0,189,458.78,6.78,1
428,DECODE,189,0,189,459.78,6.35,1
429,DECODE,189,0,189,460.78,6.30,1
430,DECODE,189,0,189,461.78,6.30,1
431,DECODE,188,0,188,462.76,6.77,1
432,DECODE,188,0,188,463.76,6.48,1
433,DECODE,188,0,188,464.76,6.39,1
434,DECODE,188,0,188,465.76,6.42,1
435,DECODE,188,0,188,466.76,6.50,1
436,DECODE,188,0,188,467.76,6.45,1
437,DECODE,188,0,188,468.76,6.30,1
438,DECODE,188,0,188,469.76,6.48,1
439,DECODE,187,0,187,470.59,6.87,1
440,DECODE,186,0,186,471.47,6.62,1
441,DECODE,186,0,186,472.47,6.50,1
442,DECODE,186,0,186,473.47,6.60,1
443,DECODE,185,0,185,474.55,6.81,1
444,DECODE,185,0,185,475.55,6.57,1
445,DECODE,185,0,185,476.55,6.74,1
446,DECODE,185,0,185,477.55,6.61,1
447,DECODE,185,0,185,478.55,6.55,1
448,DECODE,185,0,185,479.55,6.54,1
449,DECODE,185,0,185,480.55,6.75,1
450,DECODE,185,0,185,481.55,6.58,1
451,DECODE,184,0,184,483.00,9.36,1
452,DECODE,182,0,182,484.52,7.17,1
453,DECODE,182,0,182,485.52,6.48,1
454,DECODE,182,0,182,486.52,6.40,1
455,DECODE,182,0,182,487.52,6.57,1
456,DECODE,182,0,182,488.52,6.54,1
457,DECODE,182,0,182,489.52,6.59,1
458,DECODE,182,0,182,490.52,6.57,1
459,DECODE,181,0,181,491.41,7.04,1
460,DECODE,181,0,181,492.41,6.62,1
461,DECODE,181,0,181,493.41,6.56,1
462,DECODE,181,0,181,494.41,5.53,1
463,DECODE,181,0,181,495.41,5.65,1
464,DECODE,181,0,181,496.41,5.57,1
465,DECODE,181,0,181,497.41,6.54,1
466,DECODE,181,0,181,498.41,5.54,1
467,DECODE,181,0,181,499.41,5.61,1
468,DECODE,180,0,180,500.47,5.74,1
469,DECODE,179,0,179,501.94,6.71,1
470,DECODE,179,0,179,502.94,5.55,1
471,DECODE,179,0,179,503.94,5.63,1
472,DECODE,179,0,179,504.94,5.48,1
473,DECODE,179,0,179,505.94,5.61,1
474,DECODE,179,0,179,506.94,5.58,1
475,DECODE,178,0,178,508.72,5.63,1
476,DECODE,178,0,178,509.72,5.57,1
477,DECODE,178,0,178,510.72,5.59,1
478,DECODE,178,0,178,511.72,5.48,1
479,DECODE,178,0,178,512.72,5.55,1
480,DECODE,178,0,178,513.72,5.54,1
481,DECODE,178,0,178,514.72,5.50,1
482,DECODE,178,0,178,515.72,5.59,1
483,DECODE,178,0,178,516.72,5.74,1
484,DECODE,177,0,177,518.52,5.98,1
485,DECODE,177,0,177,519.52,5.65,1
486,DECODE,177,0,177,520.52,6.39,1
487,DECODE,177,0,177,521.52,6.55,1
488,DECODE,177,0,177,522.52,6.44,1
489,DECODE,176,0,176,524.32,8.87,1
490,DECODE,176,0,176,525.32,6.45,1
491,DECODE,176,0,176,526.32,5.64,1
492,DECODE,175,0,175,527.07,5.66,1
493,DECODE,175,0,175,528.07,6.39,1
494,DECODE,174,0,174,528.81,5.64,1
495,DECODE,174,0,174,529.81,5.64,1
496,DECODE,174,0,174,530.81,5.67,1
497,DECODE,172,0,172,531.39,5.63,1
498,DECODE,172,0,172,532.39,5.60,1
499,DECODE,172,0,172,533.39,5.62,1
500,DECODE,171,0,171,534.12,5.64,1
501,DECODE,171,0,171,535.12,5.65,1
502,DECODE,170,0,170,536.88,5.62,1
503,DECODE,170,0,170,537.88,5.61,1
504,DECODE,170,0,170,538.88,5.60,1
505,DECODE,170,0,170,539.88,5.61,1
506,DECODE,170,0,170,540.88,5.63,1
507,DECODE,170,0,170,541.88,5.58,1
508,DECODE,169,0,169,542.59,6.89,1
509,DECODE,169,0,169,543.59,5.97,1
510,DECODE,168,0,168,545.43,6.57,1
511,DECODE,167,0,167,547.22,6.07,1
512,DECODE,167,0,167,548.22,5.97,1
513,DECODE,167,0,167,549.22,5.74,1
514,DECODE,166,0,166,550.23,5.76,1
515,DECODE,166,0,166,551.23,5.72,1
516,DECODE,166,0,166,552.23,6.52,1
517,DECODE,166,0,166,553.23,6.58,1
518,DECODE,166,0,166,554.23,6.46,1
519,DECODE,165,0,165,555.29,6.78,1
520,DECODE,164,0,164,556.31,6.76,1
521,DECODE,164,0,164,557.31,6.53,1
522,DECODE,164,0,164,558.31,6.48,1
523,DECODE,164,0,164,559.31,6.48,1
524,DECODE,164,0,164,560.31,6.57,1
525,DECODE,164,0,164,561.31,6.48,1
526,DECODE,164,0,164,562.31,6.48,1
527,DECODE,164,0,164,563.31,6.55,1
528,DECODE,163,0,163,565.12,6.94,1
529,DECODE,162,0,162,566.14,6.76,1
530,DECODE,162,0,162,567.14,6.52,1
531,DECODE,162,0,162,568.14,6.51,1
532,DECODE,161,0,161,569.24,6.62,1
533,DECODE,161,0,161,570.24,6.60,1
534,DECODE,161,0,161,571.24,6.53,1
535,DECODE,161,0,161,572.24,6.50,1
536,DECODE,161,0,161,573.24,6.52,1
537,DECODE,161,0,161,574.24,6.54,1
538,DECODE,161,0,161,575.24,6.53,1
539,DECODE,160,0,160,576.27,6.48,1
540,DECODE,160,0,160,577.27,6.33,1
541,DECODE,160,0,160,578.27,6.32,1
542,DECODE,160,0,160,579.27,6.28,1
543,DECODE,160,0,160,580.27,6.39,1
544,DECODE,160,0,160,581.27,6.35,1
545,DECODE,160,0,160,582.27,6.34,1
546,DECODE,160,0,160,583.27,6.35,1
547,DECODE,159,0,159,584.00,6.51,1
548,DECODE,159,0,159,585.00,6.55,1
549,DECODE,159,0,159,586.00,6.48,1
550,DECODE,159,0,159,587.00,6.48,1
551,DECODE,159,0,159,588.00,6.47,1
552,DECODE,159,0,159,589.00,6.47,1
553,DECODE,159,0,159,590.00,6.46,1
554,DECODE,159,0,159,591.00,6.46,1
555,DECODE,159,0,159,592.00,6.35,1
556,DECODE,159,0,159,593.00,6.53,1
557,DECODE,159,0,159,594.00,6.42,1
558,DECODE,159,0,159,595.00,6.47,1
559,DECODE,159,0,159,596.00,6.79,1
560,DECODE,159,0,159,597.00,6.85,1
561,DECODE,159,0,159,598.00,6.73,1
562,DECODE,159,0,159,599.00,6.71,1
563,DECODE,159,0,159,600.00,6.65,1
564,DECODE,159,0,159,601.00,6.63,1
565,DECODE,159,0,159,602.00,6.79,1
566,DECODE,158,0,158,603.11,7.05,1
567,DECODE,158,0,158,604.11,6.44,1
568,DECODE,158,0,158,605.11,6.50,1
569,DECODE,157,0,157,605.89,6.62,1
570,DECODE,157,0,157,606.89,6.72,1
571,DECODE,157,0,157,607.89,6.75,1
572,DECODE,157,0,157,608.89,6.48,1
573,DECODE,157,0,157,609.89,6.77,1
574,DECODE,157,0,157,610.89,6.65,1
575,DECODE,156,0,156,612.74,6.88,1
576,DECODE,156,0,156,613.74,6.71,1
577,DECODE,156,0,156,614.74,6.83,1
578,DECODE,155,0,155,615.85,6.91,1
579,DECODE,155,0,155,616.85,6.73,1
580,DECODE,155,0,155,617.85,6.48,1
581,DECODE,155,0,155,618.85,6.57,1
582,DECODE,155,0,155,619.85,6.44,1
583,DECODE,155,0,155,620.85,6.46,1
584,DECODE,155,0,155,621.85,6.43,1
585,DECODE,155,0,155,622.85,6.46,1
586,DECODE,155,0,155,623.85,6.52,1
587,DECODE,154,0,154,625.71,6.73,1
588,DECODE,154,0,154,626.71,6.67,1
589,DECODE,154,0,154,627.71,6.58,1
590,DECODE,154,0,154,628.71,6.52,1
591,DECODE,154,0,154,629.71,6.60,1
592,DECODE,154,0,154,630.71,6.62,1
593,DECODE,154,0,154,631.71,6.63,1
594,DECODE,154,0,154,632.71,6.60,1
595,DECODE,154,0,154,633.71,6.59,1
596,DECODE,154,0,154,634.71,6.55,1
597,DECODE,154,0,154,635.71,6.60,1
598,DECODE,153,0,153,636.72,6.83,1
599,DECODE,153,0,153,637.72,6.67,1
600,DECODE,152,0,152,638.80,9.07,1
601,DECODE,152,0,152,639.80,6.91,1
602,DECODE,151,0,151,640.58,7.54,1
603,DECODE,151,0,151,641.58,6.75,1
604,DECODE,150,0,150,643.47,6.76,1
605,DECODE,150,0,150,644.47,6.63,1
606,DECODE,150,0,150,645.47,6.73,1
607,DECODE,150,0,150,646.47,6.77,1
608,DECODE,149,0,149,647.60,6.81,1
609,DECODE,149,0,149,648.60,8.11,1
610,DECODE,149,0,149,649.60,6.63,1
611,DECODE,149,0,149,650.60,6.42,1
612,DECODE,149,0,149,651.60,6.73,1
613,DECODE,148,0,148,652.30,6.96,1
614,DECODE,148,0,148,653.30,6.60,1
615,DECODE,148,0,148,654.30,6.58,1
616,DECODE,148,0,148,655.30,6.57,1
617,DECODE,148,0,148,656.30,6.61,1
618,DECODE,148,0,148,657.30,6.67,1
619,DECODE,148,0,148,658.30,6.63,1
620,DECODE,148,0,148,659.30,6.60,1
621,DECODE,147,0,147,660.76,6.92,1
622,DECODE,146,0,146,662.02,6.92,1
623,DECODE,146,0,146,663.02,6.28,1
624,DECODE,146,0,146,664.02,6.69,1
625,DECODE,146,0,146,665.02,6.68,1
626,DECODE,146,0,146,666.02,6.65,1
627,DECODE,146,0,146,667.02,6.59,1
628,DECODE,145,0,145,668.94,6.13,1
629,DECODE,145,0,145,669.94,6.78,1
630,DECODE,145,0,145,670.94,6.63,1
631,DECODE,145,0,145,671.94,6.66,1
632,DECODE,145,0,145,672.94,6.60,1
633,DECODE,145,0,145,673.94,6.68,1
634,DECODE,145,0,145,674.94,6.57,1
635,DECODE,145,0,145,675.94,6.92,1
636,DECODE,144,0,144,676.65,9.10,1
637,DECODE,144,0,144,677.65,6.58,1
638,DECODE,144,0,144,678.65,6.75,1
639,DECODE,144,0,144,679.65,6.59,1
640,DECODE,144,0,144,680.65,6.68,1
641,DECODE,143,0,143,682.66,7.01,1
642,DECODE,143,0,143,683.66,6.82,1
643,DECODE,143,0,143,684.66,6.88,1
644,DECODE,143,0,143,685.66,6.85,1
645,DECODE,143,0,143,686.66,6.99,1
646,DECODE,143,0,143,687.66,6.37,1
647,DECODE,143,0,143,688.66,6.34,1
648,DECODE,143,0,143,689.66,6.38,1
649,DECODE,143,0,143,690.66,6.43,1
650,DECODE,143,0,143,691.66,6.46,1
651,DECODE,143,0,143,692.66,6.42,1
652,DECODE,143,0,143,693.66,6.43,1
653,DECODE,143,0,143,694.66,6.74,1
654,DECODE,143,0,143,695.66,6.48,1
655,DECODE,142,0,142,697.15,6.57,1
656,DECODE,142,0,142,698.15,5.86,1
657,DECODE,141,0,141,700.11,5.86,1
658,DECODE,141,0,141,701.11,5.80,1
659,DECODE,141,0,141,702.11,5.83,1
660,DECODE,140,0,140,703.62,6.23,1
661,DECODE,140,0,140,704.62,5.86,1
662,DECODE,140,0,140,705.62,5.85,1
663,DECODE,139,0,139,707.45,5.83,1
664,DECODE,138,0,138,708.51,5.82,1
665,DECODE,136,0,136,709.32,6.74,1
666,DECODE,136,0,136,710.32,5.77,1
667,DECODE,136,0,136,711.32,5.80,1
668,DECODE,135,0,135,712.64,5.83,1
669,DECODE,135,0,135,713.64,5.67,1
670,DECODE,134,0,134,714.34,5.77,1
671,DECODE,134,0,134,715.34,5.77,1
672,DECODE,134,0,134,716.34,6.68,1
673,DECODE,132,0,132,717.73,6.74,1
674,DECODE,132,0,132,718.73,6.11,1
675,DECODE,132,0,132,719.73,6.06,1
676,DECODE,132,0,132,720.73,5.99,1
677,DECODE,131,0,131,722.84,6.46,1
678,DECODE,130,0,130,724.21,6.56,1
679,DECODE,130,0,130,725.21,6.10,1
680,DECODE,130,0,130,726.21,6.38,1
681,DECODE,130,0,130,727.21,6.33,1
682,DECODE,130,0,130,728.21,6.47,1
683,DECODE,129,0,129,729.78,6.51,1
684,DECODE,129,0,129,730.78,6.32,1
685,DECODE,127,0,127,733.91,8.04,1
686,DECODE,127,0,127,734.91,6.02,1
687,DECODE,127,0,127,735.91,6.01,1
688,DECODE,126,0,126,737.31,6.20,1
689,DECODE,126,0,126,738.31,6.26,1
690,DECODE,126,0,126,739.31,6.09,1
691,DECODE,126,0,126,740.31,5.90,1
692,DECODE,126,0,126,741.31,5.81,1
693,DECODE,126,0,126,742.31,6.14,1
694,DECODE,125,0,125,744.54,6.03,1
695,DECODE,125,0,125,745.54,5.81,1
696,DECODE,125,0,125,746.54,5.78,1
697,DECODE,125,0,125,747.54,5.81,1
698,DECODE,125,0,125,748.54,5.79,1
699,DECODE,125,0,125,749.54,6.00,1
700,DECODE,125,0,125,750.54,5.87,1
701,DECODE,124,0,124,751.56,5.88,1
702,DECODE,124,0,124,752.56,5.25,1
703,DECODE,124,0,124,753.56,5.17,1
704,DECODE,124,0,124,754.56,5.24,1
705,DECODE,124,0,124,755.56,5.20,1
706,DECODE,124,0,124,756.56,5.19,1
707,DECODE,124,0,124,757.56,5.73,1
708,DECODE,124,0,124,758.56,5.14,1
709,DECODE,124,0,124,759.56,5.24,1
710,DECODE,124,0,124,760.56,5.21,1
711,DECODE,124,0,124,761.56,5.22,1
712,DECODE,124,0,124,762.56,5.23,1
713,DECODE,124,0,124,763.56,6.62,1
714,DECODE,124,0,124,764.56,5.23,1
715,DECODE,124,0,124,765.56,5.24,1
716,DECODE,123,0,123,766.67,5.25,1
717,DECODE,123,0,123,767.67,5.28,1
718,DECODE,123,0,123,768.67,5.13,1
719,DECODE,123,0,123,769.67,5.38,1
720,DECODE,123,0,123,770.67,5.25,1
721,DECODE,122,0,122,771.69,5.21,1
722,DECODE,122,0,122,772.69,5.22,1
723,DECODE,122,0,122,773.69,5.25,1
724,DECODE,122,0,122,774.69,6.11,1
725,DECODE,122,0,122,775.69,5.32,1
726,DECODE,121,0,121,777.97,5.23,1
727,DECODE,121,0,121,778.97,5.20,1
728,DECODE,121,0,121,779.97,5.21,1
729,DECODE,121,0,121,780.97,5.26,1
730,DECODE,121,0,121,781.97,5.31,1
731,DECODE,121,0,121,782.97,5.25,1
732,DECODE,121,0,121,783.97,5.23,1
733,DECODE,121,0,121,784.97,5.23,1
734,DECODE,121,0,121,785.97,5.27,1
735,DECODE,121,0,121,786.97,5.27,1
736,DECODE,120,0,120,788.00,6.14,1
737,DECODE,119,0,119,790.31,5.23,1
738,DECODE,119,0,119,791.31,5.24,1
739,DECODE,118,0,118,791.77,5.10,1
740,DECODE,118,0,118,792.77,5.21,1
741,DECODE,117,0,117,794.24,5.12,1
742,DECODE,117,0,117,795.24,5.20,1
743,DECODE,117,0,117,796.24,5.18,1
744,DECODE,116,0,116,797.28,5.09,1
745,DECODE,115,0,115,798.74,5.16,1
746,DECODE,115,0,115,799.74,5.15,1
747,DECODE,115,0,115,800.74,5.17,1
748,DECODE,115,0,115,801.74,5.15,1
749,DECODE,115,0,115,802.74,5.12,1
750,DECODE,115,0,115,803.74,5.21,1
751,DECODE,115,0,115,804.74,5.13,1
752,DECODE,115,0,115,805.74,5.16,1
753,DECODE,115,0,115,806.74,5.12,1
754,DECODE,115,0,115,807.74,5.13,1
755,DECODE,115,0,115,808.74,5.14,1
756,DECODE,115,0,115,809.74,5.18,1
757,DECODE,113,0,113,813.25,5.06,1
758,DECODE,113,0,113,814.25,5.13,1
759,DECODE,113,0,113,815.25,5.13,1
760,DECODE,113,0,113,816.25,5.14,1
761,DECODE,113,0,113,817.25,5.12,1
762,DECODE,113,0,113,818.25,5.15,1
763,DECODE,113,0,113,819.25,5.10,1
764,DECODE,113,0,113,820.25,5.13,1
765,DECODE,113,0,113,821.25,5.15,1
766,DECODE,113,0,113,822.25,5.13,1
767,DECODE,113,0,113,823.25,5.12,1
768,DECODE,113,0,113,824.25,5.08,1
769,DECODE,113,0,113,825.25,5.16,1
770,DECODE,113,0,113,826.25,5.13,1
771,DECODE,113,0,113,827.25,5.14,1
772,DECODE,113,0,113,828.25,5.17,1
773,DECODE,113,0,113,829.25,5.16,1
774,DECODE,113,0,113,830.25,5.15,1
775,DECODE,113,0,113,831.25,5.11,1
776,DECODE,113,0,113,832.25,5.17,1
777,DECODE,113,0,113,833.25,5.16,1
778,DECODE,113,0,113,834.25,5.13,1
779,DECODE,113,0,113,835.25,5.17,1
780,DECODE,113,0,113,836.25,5.16,1
781,DECODE,113,0,113,837.25,5.16,1
782,DECODE,113,0,113,838.25,5.15,1
783,DECODE,113,0,113,839.25,5.15,1
784,DECODE,113,0,113,840.25,5.14,1
785,DECODE,113,0,113,841.25,5.16,1
786,DECODE,113,0,113,842.25,5.15,1
787,DECODE,113,0,113,843.25,5.21,1
788,DECODE,113,0,113,844.25,5.17,1
789,DECODE,113,0,113,845.25,5.19,1
790,DECODE,113,0,113,846.25,6.08,1
791,DECODE,113,0,113,847.25,6.10,1
792,DECODE,113,0,113,848.25,6.04,1
793,DECODE,113,0,113,849.25,6.10,1
794,DECODE,113,0,113,850.25,6.07,1
795,DECODE,113,0,113,851.25,6.13,1
796,DECODE,113,0,113,852.25,5.93,1
797,DECODE,113,0,113,853.25,5.95,1
798,DECODE,113,0,113,854.25,6.12,1
799,DECODE,113,0,113,855.25,6.12,1
800,DECODE,113,0,113,856.25,6.04,1
801,DECODE,113,0,113,857.25,5.98,1
802,DECODE,113,0,113,858.25,6.03,1
803,DECODE,113,0,113,859.25,6.13,1
804,DECODE,113,0,113,860.25,6.16,1
805,DECODE,113,0,113,861.25,6.15,1
806,DECODE,113,0,113,862.25,6.23,1
807,DECODE,113,0,113,863.25,6.07,1
808,DECODE,113,0,113,864.25,6.05,1
809,DECODE,113,0,113,865.25,6.02,1
810,DECODE,113,0,113,866.25,6.31,1
811,DECODE,113,0,113,867.25,6.23,1
812,DECODE,112,0,112,869.68,8.01,1
813,DECODE,112,0,112,870.68,5.98,1
814,DECODE,112,0,112,871.68,6.06,1
815,DECODE,112,0,112,872.68,6.07,1
816,DECODE,112,0,112,873.68,6.11,1
817,DECODE,112,0,112,874.68,6.06,1
818,DECODE,112,0,112,875.68,6.10,1
819,DECODE,112,0,112,876.68,6.12,1
820,DECODE,112,0,112,877.68,6.13,1
821,DECODE,111,0,111,879.22,6.39,1
822,DECODE,111,0,111,880.22,6.11,1
823,DECODE,111,0,111,881.22,6.09,1
824,DECODE,111,0,111,882.22,6.20,1
825,DECODE,111,0,111,883.22,6.14,1
826,DECODE,111,0,111,884.22,6.13,1
827,DECODE,110,0,110,886.40,6.32,1
828,DECODE,110,0,110,887.40,6.04,1
829,DECODE,110,0,110,888.40,6.06,1
830,DECODE,110,0,110,889.40,6.11,1
831,DECODE,110,0,110,890.40,6.17,1
832,DECODE,110,0,110,891.40,6.06,1
833,DECODE,110,0,110,892.40,6.08,1
834,DECODE,109,0,109,894.90,6.19,1
835,DECODE,109,0,109,895.90,6.02,1
836,DECODE,109,0,109,896.90,6.01,1
837,DECODE,109,0,109,897.90,6.18,1
838,DECODE,109,0,109,898.90,6.04,1
839,DECODE,108,0,108,900.21,6.34,1
840,DECODE,108,0,108,901.21,6.04,1
841,DECODE,108,0,108,902.21,6.19,1
842,DECODE,107,0,107,902.26,6.42,1
843,DECODE,107,0,107,903.26,6.17,1
844,DECODE,107,0,107,904.26,6.14,1
845,DECODE,107,0,107,905.26,6.14,1
846,DECODE,107,0,107,906.26,6.01,1
847,DECODE,107,0,107,907.26,6.23,1
848,DECODE,107,0,107,908.26,6.13,1
849,DECODE,107,0,107,909.26,6.17,1
850,DECODE,107,0,107,910.26,6.15,1
851,DECODE,107,0,107,911.26,6.03,1
852,DECODE,107,0,107,912.26,6.03,1
853,DECODE,107,0,107,913.26,6.02,1
854,DECODE,107,0,107,914.26,6.70,1
855,DECODE,107,0,107,915.26,6.20,1
856,DECODE,107,0,107,916.26,6.15,1
857,DECODE,107,0,107,917.26,6.18,1
858,DECODE,107,0,107,918.26,6.17,1
859,DECODE,107,0,107,919.26,6.07,1
860,DECODE,107,0,107,920.26,6.10,1
861,DECODE,107,0,107,921.26,6.00,1
862,DECODE,107,0,107,922.26,5.97,1
863,DECODE,107,0,107,923.26,5.99,1
864,DECODE,107,0,107,924.26,6.06,1
865,DECODE,107,0,107,925.26,6.06,1
866,DECODE,107,0,107,926.26,6.22,1
867,DECODE,106,0,106,927.00,6.40,1
868,DECODE,106,0,106,928.00,6.18,1
869,DECODE,106,0,106,929.00,6.04,1
870,DECODE,106,0,106,930.00,6.47,1
871,DECODE,106,0,106,931.00,5.95,1
872,DECODE,106,0,106,932.00,6.05,1
873,DECODE,105,0,105,933.97,6.48,1
874,DECODE,105,0,105,934.97,6.13,1
875,DECODE,105,0,105,935.97,6.07,1
876,DECODE,105,0,105,936.97,6.06,1
877,DECODE,105,0,105,937.97,5.85,1
878,DECODE,105,0,105,938.97,6.02,1
879,DECODE,105,0,105,939.97,6.11,1
880,DECODE,104,0,104,940.71,7.02,1
881,DECODE,104,0,104,941.71,6.03,1
882,DECODE,104,0,104,942.71,6.06,1
883,DECODE,104,0,104,943.71,5.96,1
884,DECODE,104,0,104,944.71,6.03,1
885,DECODE,104,0,104,945.71,6.04,1
886,DECODE,104,0,104,946.71,5.94,1
887,DECODE,104,0,104,947.71,5.99,1
888,DECODE,104,0,104,948.71,5.97,1
889,DECODE,104,0,104,949.71,5.91,1
890,DECODE,104,0,104,950.71,5.94,1
891,DECODE,104,0,104,951.71,6.00,1
892,DECODE,104,0,104,952.71,6.11,1
893,DECODE,104,0,104,953.71,5.94,1
894,DECODE,104,0,104,954.71,5.99,1
895,DECODE,104,0,104,955.71,5.97,1
896,DECODE,104,0,104,956.71,5.31,1
897,DECODE,104,0,104,957.71,6.56,1
898,DECODE,104,0,104,958.71,5.31,1
899,DECODE,104,0,104,959.71,5.36,1
900,DECODE,104,0,104,960.71,5.65,1
901,DECODE,104,0,104,961.71,5.25,1
902,DECODE,104,0,104,962.71,5.24,1
903,DECODE,104,0,104,963.71,5.21,1
904,DECODE,104,0,104,964.71,5.24,1
905,DECODE,104,0,104,965.71,5.79,1
906,DECODE,104,0,104,966.71,5.77,1
907,DECODE,104,0,104,967.71,5.70,1
908,DECODE,104,0,104,968.71,5.71,1
909,DECODE,104,0,104,969.71,5.71,1
910,DECODE,104,0,104,970.71,5.72,1
911,DECODE,104,0,104,971.71,5.62,1
912,DECODE,104,0,104,972.71,5.70,1
913,DECODE,104,0,104,973.71,5.74,1
914,DECODE,104,0,104,974.71,5.69,1
915,DECODE,104,0,104,975.71,5.75,1
916,DECODE,104,0,104,976.71,5.67,1
917,DECODE,104,0,104,977.71,5.77,1
918,DECODE,104,0,104,978.71,5.81,1
919,DECODE,103,0,103,980.00,6.06,1
920,DECODE,103,0,103,981.00,5.79,1
921,DECODE,103,0,103,982.00,5.75,1
922,DECODE,103,0,103,983.00,5.80,1
923,DECODE,103,0,103,984.00,5.76,1
924,DECODE,103,0,103,985.00,5.74,1
925,DECODE,103,0,103,986.00,5.75,1
926,DECODE,103,0,103,987.00,5.72,1
927,DECODE,103,0,103,988.00,5.77,1
928,DECODE,102,0,102,989.32,5.86,1
929,DECODE,102,0,102,990.32,5.77,1
930,DECODE,102,0,102,991.32,5.82,1
931,DECODE,102,0,102,992.32,5.69,1
932,DECODE,102,0,102,993.32,5.73,1
933,DECODE,102,0,102,994.32,5.67,1
934,DECODE,102,0,102,995.32,5.58,1
935,DECODE,102,0,102,996.32,5.73,1
936,DECODE,102,0,102,997.32,5.70,1
937,DECODE,102,0,102,998.32,5.86,1
938,DECODE,102,0,102,999.32,5.87,1
939,DECODE,102,0,102,1000.32,5.86,1
940,DECODE,102,0,102,1001.32,5.85,1
941,DECODE,102,0,102,1002.32,6.03,1
942,DECODE,102,0,102,1003.32,6.16,1
943,DECODE,102,0,102,1004.32,6.10,1
944,DECODE,102,0,102,1005.32,6.18,1
945,DECODE,102,0,102,1006.32,6.18,1
946,DECODE,102,0,102,1007.32,6.19,1
947,DECODE,102,0,102,1008.32,6.10,1
948,DECODE,102,0,102,1009.32,6.16,1
949,DECODE,102,0,102,1010.32,6.13,1
950,DECODE,102,0,102,1011.32,6.14,1
951,DECODE,102,0,102,1012.32,6.03,1
952,DECODE,102,0,102,1013.32,6.15,1
953,DECODE,102,0,102,1014.32,6.19,1
954,DECODE,102,0,102,1015.32,6.19,1
955,DECODE,102,0,102,1016.32,6.19,1
956,DECODE,102,0,102,1017.32,6.14,1
957,DECODE,102,0,102,1018.32,6.20,1
958,DECODE,102,0,102,1019.32,6.15,1
959,DECODE,102,0,102,1020.32,6.06,1
960,DECODE,102,0,102,1021.32,6.06,1
961,DECODE,102,0,102,1022.32,6.21,1
962,DECODE,102,0,102,1023.32,6.24,1
963,DECODE,102,0,102,1024.32,6.24,1
964,DECODE,102,0,102,1025.32,6.30,1
965,DECODE,102,0,102,1026.32,6.22,1
966,DECODE,102,0,102,1027.32,6.21,1
967,DECODE,102,0,102,1028.32,6.23,1
968,DECODE,102,0,102,1029.32,6.80,1
969,DECODE,102,0,102,1030.32,6.24,1
970,DECODE,102,0,102,1031.32,6.24,1
971,DECODE,102,0,102,1032.32,6.22,1
972,DECODE,102,0,102,1033.32,6.29,1
973,DECODE,102,0,102,1034.32,6.36,1
974,DECODE,102,0,102,1035.32,6.27,1
975,DECODE,102,0,102,1036.32,6.30,1
976,DECODE,102,0,102,1037.32,6.31,1
977,DECODE,102,0,102,1038.32,6.26,1
978,DECODE,102,0,102,1039.32,6.77,1
979,DECODE,102,0,102,1040.32,6.30,1
980,DECODE,102,0,102,1041.32,6.26,1
981,DECODE,102,0,102,1042.32,6.29,1
982,DECODE,102,0,102,1043.32,6.26,1
983,DECODE,102,0,102,1044.32,6.31,1
984,DECODE,101,0,101,1044.32,6.45,1
985,DECODE,101,0,101,1045.32,6.29,1
986,DECODE,99,0,99,1048.27,6.62,1
987,DECODE,99,0,99,1049.27,6.17,1
988,DECODE,99,0,99,1050.27,6.29,1
989,DECODE,99,0,99,1051.27,6.32,1
990,DECODE,99,0,99,1052.27,6.35,1
991,DECODE,99,0,99,1053.27,6.21,1
992,DECODE,99,0,99,1054.27,6.14,1
993,DECODE,99,0,99,1055.27,6.14,1
994,DECODE,99,0,99,1056.27,6.25,1
995,DECODE,99,0,99,1057.27,6.31,1
996,DECODE,99,0,99,1058.27,6.31,1
997,DECODE,99,0,99,1059.27,6.23,1
998,DECODE,99,0,99,1060.27,6.29,1
999,DECODE,99,0,99,1061.27,6.31,1
1000,DECODE,99,0,99,1062.27,6.22,1
1001,DECODE,99,0,99,1063.27,6.27,1
1002,DECODE,99,0,99,1064.27,6.27,1
1003,DECODE,99,0,99,1065.27,6.32,1
1004,DECODE,99,0,99,1066.27,6.18,1
1005,DECODE,99,0,99,1067.27,6.18,1
1006,DECODE,99,0,99,1068.27,6.08,1
1007,DECODE,99,0,99,1069.27,6.13,1
1008,DECODE,98,0,98,1071.34,6.39,1
1009,DECODE,98,0,98,1072.34,6.20,1
1010,DECODE,98,0,98,1073.34,6.24,1
1011,DECODE,98,0,98,1074.34,6.18,1
1012,DECODE,98,0,98,1075.34,6.17,1
1013,DECODE,97,0,97,1076.78,6.35,1
1014,DECODE,97,0,97,1077.78,6.15,1
1015,DECODE,97,0,97,1078.78,6.16,1
1016,DECODE,96,0,96,1079.88,6.24,1
1017,DECODE,96,0,96,1080.88,5.95,1
1018,DECODE,96,0,96,1081.88,5.89,1
1019,DECODE,96,0,96,1082.88,5.91,1
1020,DECODE,95,0,95,1083.82,6.19,1
1021,DECODE,95,0,95,1084.82,5.94,1
1022,DECODE,95,0,95,1085.82,6.07,1
1023,DECODE,95,0,95,1086.82,6.01,1
1024,DECODE,95,0,95,1087.82,6.04,1
1025,DECODE,95,0,95,1088.82,6.19,1
1026,DECODE,95,0,95,1089.82,5.98,1
1027,DECODE,95,0,95,1090.82,5.93,1
1028,DECODE,95,0,95,1091.82,6.00,1
1029,DECODE,95,0,95,1092.82,6.00,1
1030,DECODE,95,0,95,1093.82,6.75,1
1031,DECODE,95,0,95,1094.82,6.80,1
1032,DECODE,95,0,95,1095.82,6.72,1
1033,DECODE,95,0,95,1096.82,6.64,1
1034,DECODE,95,0,95,1097.82,6.55,1
1035,DECODE,95,0,95,1098.82,6.17,1
1036,DECODE,95,0,95,1099.82,5.83,1
1037,DECODE,95,0,95,1100.82,5.87,1
1038,DECODE,95,0,95,1101.82,5.76,1
1039,DECODE,95,0,95,1102.82,5.66,1
1040,DECODE,95,0,95,1103.82,5.69,1
1041,DECODE,95,0,95,1104.82,5.78,1
1042,DECODE,95,0,95,1105.82,5.66,1
1043,DECODE,95,0,95,1106.82,5.67,1
1044,DECODE,94,0,94,1108.95,6.40,1
1045,DECODE,94,0,94,1109.95,6.08,1
1046,DECODE,94,0,94,1110.95,6.19,1
1047,DECODE,94,0,94,1111.95,6.00,1
1048,DECODE,94,0,94,1112.95,6.10,1
1049,DECODE,93,0,93,1115.41,6.31,1
1050,DECODE,93,0,93,1116.41,6.14,1
1051,DECODE,92,0,92,1118.15,6.23,1
1052,DECODE,92,0,92,1119.15,6.05,1
1053,DECODE,91,0,91,1120.91,6.10,1
1054,DECODE,91,0,91,1121.91,6.09,1
1055,DECODE,91,0,91,1122.91,5.98,1
1056,DECODE,90,0,90,1124.69,6.16,1
1057,DECODE,90,0,90,1125.69,6.12,1
1058,DECODE,90,0,90,1126.69,6.15,1
1059,DECODE,90,0,90,1127.69,5.97,1
1060,DECODE,90,0,90,1128.69,6.03,1
1061,DECODE,90,0,90,1129.69,6.00,1
1062,DECODE,90,0,90,1130.69,5.93,1
1063,DECODE,90,0,90,1131.69,6.07,1
1064,DECODE,89,0,89,1132.47,6.37,1
1065,DECODE,89,0,89,1133.47,6.02,1
1066,DECODE,88,0,88,1134.47,7.96,1
1067,DECODE,88,0,88,1135.47,6.02,1
1068,DECODE,88,0,88,1136.47,5.99,1
1069,DECODE,88,0,88,1137.47,5.84,1
1070,DECODE,88,0,88,1138.47,5.96,1
1071,DECODE,88,0,88,1139.47,5.95,1
1072,DECODE,88,0,88,1140.47,6.03,1
1073,DECODE,88,0,88,1141.47,5.97,1
1074,DECODE,88,0,88,1142.47,6.03,1
1075,DECODE,88,0,88,1143.47,5.81,1
1076,DECODE,88,0,88,1144.47,5.60,1
1077,DECODE,88,0,88,1145.47,5.59,1
1078,DECODE,88,0,88,1146.47,5.72,1
1079,DECODE,88,0,88,1147.47,5.56,1
1080,DECODE,88,0,88,1148.47,5.58,1
1081,DECODE,88,0,88,1149.47,5.66,1
1082,DECODE,88,0,88,1150.47,5.67,1
1083,DECODE,88,0,88,1151.47,5.58,1
1084,DECODE,88,0,88,1152.47,5.72,1
1085,DECODE,88,0,88,1153.47,6.11,1
1086,DECODE,88,0,88,1154.47,5.78,1
1087,DECODE,87,0,87,1156.74,6.13,1
1088,DECODE,87,0,87,1157.74,5.43,1
1089,DECODE,87,0,87,1158.74,5.43,1
1090,DECODE,87,0,87,1159.74,5.41,1
1091,DECODE,87,0,87,1160.74,5.45,1
1092,DECODE,87,0,87,1161.74,5.42,1
1093,DECODE,87,0,87,1162.74,5.40,1
1094,DECODE,87,0,87,1163.74,5.44,1
1095,DECODE,87,0,87,1164.74,5.38,1
1096,DECODE,87,0,87,1165.74,5.47,1
1097,DECODE,87,0,87,1166.74,5.38,1
1098,DECODE,87,0,87,1167.74,5.18,1
1099,DECODE,87,0,87,1168.74,5.44,1
1100,DECODE,87,0,87,1169.74,5.16,1
1101,DECODE,87,0,87,1170.74,5.21,1
1102,DECODE,87,0,87,1171.74,5.21,1
1103,DECODE,86,0,86,1174.37,5.20,1
1104,DECODE,86,0,86,1175.37,5.30,1
1105,DECODE,86,0,86,1176.37,5.26,1
1106,DECODE,86,0,86,1177.37,5.24,1
1107,DECODE,86,0,86,1178.37,5.10,1
1108,DECODE,86,0,86,1179.37,5.17,1
1109,DECODE,86,0,86,1180.37,5.20,1
1110,DECODE,86,0,86,1181.37,5.21,1
1111,DECODE,86,0,86,1182.37,5.15,1
1112,DECODE,86,0,86,1183.37,5.18,1
1113,DECODE,86,0,86,1184.37,5.18,1
1114,DECODE,86,0,86,1185.37,5.16,1
1115,DECODE,86,0,86,1186.37,5.20,1
1116,DECODE,86,0,86,1187.37,5.15,1
1117,DECODE,86,0,86,1188.37,5.18,1
1118,DECODE,86,0,86,1189.37,5.22,1
1119,DECODE,86,0,86,1190.37,5.28,1
1120,DECODE,86,0,86,1191.37,5.76,1
1121,DECODE,86,0,86,1192.37,5.68,1
1122,DECODE,86,0,86,1193.37,5.23,1
1123,DECODE,86,0,86,1194.37,5.29,1
1124,DECODE,86,0,86,1195.37,5.17,1
1125,DECODE,86,0,86,1196.37,5.20,1
1126,DECODE,86,0,86,1197.37,5.20,1
1127,DECODE,86,0,86,1198.37,5.18,1
1128,DECODE,86,0,86,1199.37,5.20,1
1129,DECODE,86,0,86,1200.37,5.19,1
1130,DECODE,86,0,86,1201.37,5.20,1
1131,DECODE,85,0,85,1201.29,5.23,1
1132,DECODE,85,0,85,1202.29,5.23,1
1133,DECODE,85,0,85,1203.29,5.20,1
1134,DECODE,85,0,85,1204.29,5.21,1
1135,DECODE,85,0,85,1205.29,5.24,1
1136,DECODE,85,0,85,1206.29,6.16,1
1137,DECODE,85,0,85,1207.29,5.23,1
1138,DECODE,85,0,85,1208.29,5.28,1
1139,DECODE,85,0,85,1209.29,5.20,1
1140,DECODE,85,0,85,1210.29,5.24,1
1141,DECODE,85,0,85,1211.29,5.24,1
1142,DECODE,85,0,85,1212.29,5.19,1
1143,DECODE,85,0,85,1213.29,5.20,1
1144,DECODE,85,0,85,1214.29,5.23,1
1145,DECODE,85,0,85,1215.29,5.22,1
1146,DECODE,85,0,85,1216.29,5.18,1
1147,DECODE,85,0,85,1217.29,5.21,1
1148,DECODE,85,0,85,1218.29,5.26,1
1149,DECODE,84,0,84,1219.31,5.21,1
1150,DECODE,84,0,84,1220.31,5.30,1
1151,DECODE,84,0,84,1221.31,6.93,1
1152,DECODE,84,0,84,1222.31,6.07,1
1153,DECODE,84,0,84,1223.31,6.05,1
1154,DECODE,84,0,84,1224.31,5.98,1
1155,DECODE,84,0,84,1225.31,6.13,1
1156,DECODE,84,0,84,1226.31,6.14,1
1157,DECODE,84,0,84,1227.31,6.09,1
1158,DECODE,84,0,84,1228.31,6.06,1
1159,DECODE,84,0,84,1229.31,6.01,1
1160,DECODE,84,0,84,1230.31,6.06,1
1161,DECODE,84,0,84,1231.31,6.05,1
1162,DECODE,84,0,84,1232.31,6.01,1
1163,DECODE,84,0,84,1233.31,6.02,1
1164,DECODE,84,0,84,1234.31,6.15,1
1165,DECODE,84,0,84,1235.31,6.06,1
1166,DECODE,84,0,84,1236.31,6.07,1
1167,DECODE,84,0,84,1237.31,6.14,1
1168,DECODE,84,0,84,1238.31,6.08,1
1169,DECODE,84,0,84,1239.31,6.09,1
1170,DECODE,84,0,84,1240.31,6.12,1
1171,DECODE,84,0,84,1241.31,6.13,1
1172,DECODE,84,0,84,1242.31,6.05,1
1173,DECODE,84,0,84,1243.31,6.10,1
1174,DECODE,84,0,84,1244.31,6.05,1
1175,DECODE,84,0,84,1245.31,6.08,1
1176,DECODE,84,0,84,1246.31,6.14,1
1177,DECODE,84,0,84,1247.31,6.23,1
1178,DECODE,84,0,84,1248.31,6.10,1
1179,DECODE,84,0,84,1249.31,6.10,1
1180,DECODE,84,0,84,1250.31,6.11,1
1181,DECODE,84,0,84,1251.31,6.15,1
1182,DECODE,84,0,84,1252.31,6.09,1
1183,DECODE,84,0,84,1253.31,6.18,1
1184,DECODE,84,0,84,1254.31,6.16,1
1185,DECODE,84,0,84,1255.31,6.13,1
1186,DECODE,84,0,84,1256.31,6.15,1
1187,DECODE,83,0,83,1258.67,6.77,1
1188,DECODE,83,0,83,1259.67,6.09,1
1189,DECODE,83,0,83,1260.67,6.04,1
1190,DECODE,83,0,83,1261.67,5.66,1
1191,DECODE,83,0,83,1262.67,6.09,1
1192,DECODE,83,0,83,1263.67,6.05,1
1193,DECODE,83,0,83,1264.67,6.10,1
1194,DECODE,82,0,82,1265.12,6.27,1
1195,DECODE,82,0,82,1266.12,6.06,1
1196,DECODE,82,0,82,1267.12,6.04,1
1197,DECODE,82,0,82,1268.12,6.04,1
1198,DECODE,82,0,82,1269.12,6.03,1
1199,DECODE,82,0,82,1270.12,6.08,1
1200,DECODE,82,0,82,1271.12,6.19,1
1201,DECODE,82,0,82,1272.12,6.08,1
1202,DECODE,82,0,82,1273.12,6.04,1
1203,DECODE,81,0,81,1273.81,6.24,1
1204,DECODE,81,0,81,1274.81,6.06,1
1205,DECODE,81,0,81,1275.81,6.15,1
1206,DECODE,81,0,81,1276.81,6.17,1
1207,DECODE,81,0,81,1277.81,6.12,1
1208,DECODE,81,0,81,1278.81,6.11,1
1209,DECODE,81,0,81,1279.81,6.04,1
1210,DECODE,81,0,81,1280.81,6.18,1
1211,DECODE,81,0,81,1281.81,6.15,1
1212,DECODE,81,0,81,1282.81,6.17,1
1213,DECODE,80,0,80,1283.50,8.06,1
1214,DECODE,80,0,80,1284.50,6.00,1
1215,DECODE,80,0,80,1285.50,5.96,1
1216,DECODE,80,0,80,1286.50,6.00,1
1217,DECODE,79,0,79,1287.22,6.20,1
1218,DECODE,79,0,79,1288.22,6.03,1
1219,DECODE,79,0,79,1289.22,6.08,1
1220,DECODE,79,0,79,1290.22,6.00,1
1221,DECODE,79,0,79,1291.22,5.99,1
1222,DECODE,79,0,79,1292.22,6.05,1
1223,DECODE,78,0,78,1292.92,6.33,1
1224,DECODE,78,0,78,1293.92,6.07,1
1225,DECODE,78,0,78,1294.92,6.13,1
1226,DECODE,78,0,78,1295.92,6.08,1
1227,DECODE,78,0,78,1296.92,6.13,1
1228,DECODE,78,0,78,1297.92,6.81,1
1229,DECODE,78,0,78,1298.92,5.75,1
1230,DECODE,78,0,78,1299.92,6.00,1
1231,DECODE,78,0,78,1300.92,6.09,1
1232,DECODE,78,0,78,1301.92,6.02,1
1233,DECODE,78,0,78,1302.92,6.03,1
1234,DECODE,77,0,77,1305.75,6.20,1
1235,DECODE,77,0,77,1306.75,6.19,1
1236,DECODE,77,0,77,1307.75,6.03,1
1237,DECODE,76,0,76,1308.43,6.29,1
1238,DECODE,76,0,76,1309.43,6.11,1
1239,DECODE,76,0,76,1310.43,6.14,1
1240,DECODE,76,0,76,1311.43,6.07,1
1241,DECODE,76,0,76,1312.43,6.09,1
1242,DECODE,75,0,75,1313.47,6.19,1
1243,DECODE,74,0,74,1314.34,6.29,1
1244,DECODE,74,0,74,1315.34,6.06,1
1245,DECODE,74,0,74,1316.34,6.07,1
1246,DECODE,74,0,74,1317.34,6.07,1
1247,DECODE,74,0,74,1318.34,6.17,1
1248,DECODE,73,0,73,1319.04,5.98,1
1249,DECODE,73,0,73,1320.04,6.17,1
1250,DECODE,73,0,73,1321.04,6.10,1
1251,DECODE,73,0,73,1322.04,6.15,1
1252,DECODE,73,0,73,1323.04,6.01,1
1253,DECODE,73,0,73,1324.04,6.11,1
1254,DECODE,73,0,73,1325.04,6.06,1
1255,DECODE,73,0,73,1326.04,6.08,1
1256,DECODE,73,0,73,1327.04,6.13,1
1257,DECODE,73,0,73,1328.04,6.09,1
1258,DECODE,73,0,73,1329.04,6.04,1
1259,DECODE,73,0,73,1330.04,6.20,1
1260,DECODE,73,0,73,1331.04,6.21,1
1261,DECODE,73,0,73,1332.04,6.00,1
1262,DECODE,73,0,73,1333.04,6.15,1
1263,DECODE,73,0,73,1334.04,6.19,1
1264,DECODE,73,0,73,1335.04,6.03,1
1265,DECODE,73,0,73,1336.04,6.15,1
1266,DECODE,73,0,73,1337.04,6.19,1
1267,DECODE,73,0,73,1338.04,6.17,1
1268,DECODE,73,0,73,1339.04,5.97,1
1269,DECODE,73,0,73,1340.04,6.13,1
1270,DECODE,73,0,73,1341.04,6.10,1
1271,DECODE,73,0,73,1342.04,6.14,1
1272,DECODE,73,0,73,1343.04,6.00,1
1273,DECODE,73,0,73,1344.04,6.08,1
1274,DECODE,73,0,73,1345.04,5.98,1
1275,DECODE,73,0,73,1346.04,6.31,1
1276,DECODE,73,0,73,1347.04,6.17,1
1277,DECODE,73,0,73,1348.04,6.08,1
1278,DECODE,73,0,73,1349.04,5.98,1
1279,DECODE,73,0,73,1350.04,6.15,1
1280,DECODE,73,0,73,1351.04,6.12,1
1281,DECODE,73,0,73,1352.04,6.04,1
1282,DECODE,73,0,73,1353.04,6.05,1
1283,DECODE,73,0,73,1354.04,6.08,1
1284,DECODE,73,0,73,1355.04,6.12,1
1285,DECODE,73,0,73,1356.04,6.08,1
1286,DECODE,73,0,73,1357.04,5.99,1
1287,DECODE,73,0,73,1358.04,6.15,1
1288,DECODE,73,0,73,1359.04,6.01,1
1289,DECODE,73,0,73,1360.04,6.12,1
1290,DECODE,73,0,73,1361.04,6.06,1
1291,DECODE,73,0,73,1362.04,6.04,1
1292,DECODE,72,0,72,1362.90,8.11,1
1293,DECODE,72,0,72,1363.90,6.14,1
1294,DECODE,72,0,72,1364.90,6.01,1
1295,DECODE,72,0,72,1365.90,5.99,1
1296,DECODE,72,0,72,1366.90,5.98,1
1297,DECODE,72,0,72,1367.90,6.11,1
1298,DECODE,72,0,72,1368.90,6.10,1
1299,DECODE,72,0,72,1369.90,5.95,1
1300,DECODE,72,0,72,1370.90,5.94,1
1301,DECODE,72,0,72,1371.90,6.00,1
1302,DECODE,72,0,72,1372.90,6.09,1
1303,DECODE,72,0,72,1373.90,6.09,1
1304,DECODE,72,0,72,1374.90,5.94,1
1305,DECODE,72,0,72,1375.90,5.91,1
1306,DECODE,72,0,72,1376.90,6.09,1
1307,DECODE,72,0,72,1377.90,6.10,1
1308,DECODE,72,0,72,1378.90,5.97,1
1309,DECODE,72,0,72,1379.90,5.96,1
1310,DECODE,72,0,72,1380.90,6.09,1
1311,DECODE,72,0,72,1381.90,6.15,1
1312,DECODE,72,0,72,1382.90,6.09,1
1313,DECODE,72,0,72,1383.90,6.13,1
1314,DECODE,72,0,72,1384.90,6.04,1
1315,DECODE,72,0,72,1385.90,5.80,1
1316,DECODE,72,0,72,1386.90,6.08,1
1317,DECODE,72,0,72,1387.90,6.03,1
1318,DECODE,72,0,72,1388.90,5.92,1
1319,DECODE,72,0,72,1389.90,6.19,1
1320,DECODE,72,0,72,1390.90,6.08,1
1321,DECODE,72,0,72,1391.90,5.98,1
1322,DECODE,71,0,71,1392.76,6.23,1
1323,DECODE,71,0,71,1393.76,6.00,1
1324,DECODE,71,0,71,1394.76,6.15,1
1325,DECODE,71,0,71,1395.76,6.10,1
1326,DECODE,71,0,71,1396.76,6.09,1
1327,DECODE,71,0,71,1397.76,6.02,1
1328,DECODE,71,0,71,1398.76,6.14,1
1329,DECODE,71,0,71,1399.76,6.19,1
1330,DECODE,71,0,71,1400.76,6.17,1
1331,DECODE,70,0,70,1400.44,6.14,1
1332,DECODE,70,0,70,1401.44,6.23,1
1333,DECODE,70,0,70,1402.44,6.18,1
1334,DECODE,70,0,70,1403.44,6.12,1
1335,DECODE,70,0,70,1404.44,6.19,1
1336,DECODE,70,0,70,1405.44,6.03,1
1337,DECODE,70,0,70,1406.44,6.15,1
1338,DECODE,70,0,70,1407.44,6.15,1
1339,DECODE,70,0,70,1408.44,6.03,1
1340,DECODE,70,0,70,1409.44,6.14,1
1341,DECODE,70,0,70,1410.44,6.13,1
1342,DECODE,69,0,69,1411.28,6.49,1
1343,DECODE,69,0,69,1412.28,6.15,1
1344,DECODE,69,0,69,1413.28,6.10,1
1345,DECODE,69,0,69,1414.28,6.10,1
1346,DECODE,69,0,69,1415.28,6.23,1
1347,DECODE,69,0,69,1416.28,6.13,1
1348,DECODE,69,0,69,1417.28,6.16,1
1349,DECODE,69,0,69,1418.28,6.00,1
1350,DECODE,69,0,69,1419.28,6.15,1
1351,DECODE,69,0,69,1420.28,6.19,1
1352,DECODE,69,0,69,1421.28,6.06,1
1353,DECODE,69,0,69,1422.28,6.20,1
1354,DECODE,69,0,69,1423.28,6.17,1
1355,DECODE,69,0,69,1424.28,6.33,1
1356,DECODE,69,0,69,1425.28,6.21,1
1357,DECODE,69,0,69,1426.28,6.14,1
1358,DECODE,69,0,69,1427.28,6.15,1
1359,DECODE,69,0,69,1428.28,6.36,1
1360,DECODE,69,0,69,1429.28,6.20,1
1361,DECODE,69,0,69,1430.28,6.05,1
1362,DECODE,69,0,69,1431.28,6.09,1
1363,DECODE,69,0,69,1432.28,6.23,1
1364,DECODE,69,0,69,1433.28,6.12,1
1365,DECODE,69,0,69,1434.28,6.17,1
1366,DECODE,69,0,69,1435.28,6.15,1
1367,DECODE,69,0,69,1436.28,6.22,1
1368,DECODE,69,0,69,1437.28,6.17,1
1369,DECODE,69,0,69,1438.28,6.31,1
1370,DECODE,69,0,69,1439.28,6.17,1
1371,DECODE,69,0,69,1440.28,6.18,1
1372,DECODE,69,0,69,1441.28,5.89,1
1373,DECODE,69,0,69,1442.28,5.41,1
1374,DECODE,69,0,69,1443.28,5.43,1
1375,DECODE,69,0,69,1444.28,5.49,1
1376,DECODE,69,0,69,1445.28,5.40,1
1377,DECODE,69,0,69,1446.28,5.48,1
1378,DECODE,69,0,69,1447.28,5.37,1
1379,DECODE,69,0,69,1448.28,5.47,1
1380,DECODE,69,0,69,1449.28,5.38,1
1381,DECODE,69,0,69,1450.28,5.38,1
1382,DECODE,69,0,69,1451.28,5.45,1
1383,DECODE,69,0,69,1452.28,5.39,1
1384,DECODE,69,0,69,1453.28,5.42,1
1385,DECODE,69,0,69,1454.28,5.49,1
1386,DECODE,69,0,69,1455.28,5.49,1
1387,DECODE,69,0,69,1456.28,5.43,1
1388,DECODE,69,0,69,1457.28,5.43,1
1389,DECODE,69,0,69,1458.28,5.44,1
1390,DECODE,69,0,69,1459.28,5.44,1
1391,DECODE,69,0,69,1460.28,5.46,1
1392,DECODE,69,0,69,1461.28,5.42,1
1393,DECODE,69,0,69,1462.28,5.45,1
1394,DECODE,69,0,69,1463.28,5.49,1
1395,DECODE,69,0,69,1464.28,5.35,1
1396,DECODE,69,0,69,1465.28,5.58,1
1397,DECODE,69,0,69,1466.28,5.43,1
1398,DECODE,69,0,69,1467.28,5.53,1
1399,DECODE,69,0,69,1468.28,5.49,1
1400,DECODE,69,0,69,1469.28,5.45,1
1401,DECODE,69,0,69,1470.28,5.47,1
1402,DECODE,69,0,69,1471.28,5.44,1
1403,DECODE,69,0,69,1472.28,5.60,1
1404,DECODE,69,0,69,1473.28,5.48,1
1405,DECODE,69,0,69,1474.28,5.51,1
1406,DECODE,69,0,69,1475.28,5.40,1
1407,DECODE,69,0,69,1476.28,5.52,1
1408,DECODE,69,0,69,1477.28,5.40,1
1409,DECODE,69,0,69,1478.28,5.45,1
1410,DECODE,69,0,69,1479.28,5.58,1
1411,DECODE,69,0,69,1480.28,5.56,1
1412,DECODE,69,0,69,1481.28,5.43,1
1413,DECODE,69,0,69,1482.28,5.47,1
1414,DECODE,69,0,69,1483.28,5.47,1
1415,DECODE,69,0,69,1484.28,5.43,1
1416,DECODE,69,0,69,1485.28,6.21,1
1417,DECODE,69,0,69,1486.28,5.66,1
1418,DECODE,69,0,69,1487.28,5.66,1
1419,DECODE,69,0,69,1488.28,5.52,1
1420,DECODE,69,0,69,1489.28,5.65,1
1421,DECODE,69,0,69,1490.28,5.48,1
1422,DECODE,69,0,69,1491.28,5.45,1
1423,DECODE,69,0,69,1492.28,5.50,1
1424,DECODE,69,0,69,1493.28,5.45,1
1425,DECODE,69,0,69,1494.28,5.51,1
1426,DECODE,69,0,69,1495.28,5.43,1
1427,DECODE,68,0,68,1495.88,5.42,1
1428,DECODE,68,0,68,1496.88,5.43,1
1429,DECODE,68,0,68,1497.88,5.46,1
1430,DECODE,68,0,68,1498.88,5.38,1
1431,DECODE,68,0,68,1499.88,5.63,1
1432,DECODE,68,0,68,1500.88,5.41,1
1433,DECODE,68,0,68,1501.88,5.45,1
1434,DECODE,67,0,67,1503.45,5.39,1
1435,DECODE,67,0,67,1504.45,5.39,1
1436,DECODE,67,0,67,1505.45,5.38,1
1437,DECODE,67,0,67,1506.45,5.43,1
1438,DECODE,67,0,67,1507.45,5.40,1
1439,DECODE,67,0,67,1508.45,5.39,1
1440,DECODE,67,0,67,1509.45,5.37,1
1441,DECODE,67,0,67,1510.45,5.41,1
1442,DECODE,67,0,67,1511.45,5.36,1
1443,DECODE,67,0,67,1512.45,5.47,1
1444,DECODE,67,0,67,1513.45,5.36,1
1445,DECODE,67,0,67,1514.45,5.21,1
1446,DECODE,67,0,67,1515.45,5.22,1
1447,DECODE,67,0,67,1516.45,5.24,1
1448,DECODE,67,0,67,1517.45,5.21,1
1449,DECODE,67,0,67,1518.45,5.22,1
1450,DECODE,67,0,67,1519.45,5.25,1
1451,DECODE,67,0,67,1520.45,5.28,1
1452,DECODE,67,0,67,1521.45,5.20,1
1453,DECODE,67,0,67,1522.45,5.24,1
1454,DECODE,67,0,67,1523.45,5.74,1
1455,DECODE,67,0,67,1524.45,5.29,1
1456,DECODE,67,0,67,1525.45,5.21,1
1457,DECODE,67,0,67,1526.45,5.29,1
1458,DECODE,67,0,67,1527.45,5.17,1
1459,DECODE,67,0,67,1528.45,5.29,1
1460,DECODE,67,0,67,1529.45,5.22,1
1461,DECODE,67,0,67,1530.45,5.25,1
1462,DECODE,67,0,67,1531.45,5.22,1
1463,DECODE,67,0,67,1532.45,5.15,1
1464,DECODE,67,0,67,1533.45,5.21,1
1465,DECODE,67,0,67,1534.45,5.34,1
1466,DECODE,67,0,67,1535.45,5.24,1
1467,DECODE,67,0,67,1536.45,5.28,1
1468,DECODE,66,0,66,1537.67,5.09,1
1469,DECODE,66,0,66,1538.67,5.11,1
1470,DECODE,66,0,66,1539.67,5.08,1
1471,DECODE,66,0,66,1540.67,5.12,1
1472,DECODE,66,0,66,1541.67,5.09,1
1473,DECODE,66,0,66,1542.67,5.14,1
1474,DECODE,66,0,66,1543.67,5.11,1
1475,DECODE,66,0,66,1544.67,5.14,1
1476,DECODE,66,0,66,1545.67,4.96,1
1477,DECODE,66,0,66,1546.67,4.94,1
1478,DECODE,65,0,65,1549.82,5.08,1
1479,DECODE,65,0,65,1550.82,5.53,1
1480,DECODE,65,0,65,1551.82,5.07,1
1481,DECODE,65,0,65,1552.82,5.10,1
1482,DECODE,65,0,65,1553.82,5.07,1
1483,DECODE,65,0,65,1554.82,5.10,1
1484,DECODE,65,0,65,1555.82,5.06,1
1485,DECODE,64,0,64,1557.59,5.90,1
1486,DECODE,64,0,64,1558.59,5.00,1
1487,DECODE,63,0,63,1561.86,5.00,1
1488,DECODE,63,0,63,1562.86,4.99,1
1489,DECODE,63,0,63,1563.86,5.05,1
1490,DECODE,63,0,63,1564.86,4.99,1
1491,DECODE,63,0,63,1565.86,5.04,1
1492,DECODE,63,0,63,1566.86,5.00,1
1493,DECODE,63,0,63,1567.86,5.00,1
1494,DECODE,63,0,63,1568.86,4.99,1
1495,DECODE,63,0,63,1569.86,5.02,1
1496,DECODE,63,0,63,1570.86,5.84,1
1497,DECODE,63,0,63,1571.86,5.81,1
1498,DECODE,63,0,63,1572.86,5.75,1
1499,DECODE,63,0,63,1573.86,5.77,1
1500,DECODE,63,0,63,1574.86,5.75,1
1501,DECODE,63,0,63,1575.86,5.74,1
1502,DECODE,63,0,63,1576.86,5.72,1
1503,DECODE,63,0,63,1577.86,5.77,1
1504,DECODE,63,0,63,1578.86,5.79,1
1505,DECODE,63,0,63,1579.86,5.84,1
1506,DECODE,63,0,63,1580.86,5.82,1
1507,DECODE,63,0,63,1581.86,5.88,1
1508,DECODE,63,0,63,1582.86,5.82,1
1509,DECODE,62,0,62,1584.56,5.86,1
1510,DECODE,62,0,62,1585.56,5.59,1
1511,DECODE,62,0,62,1586.56,5.85,1
1512,DECODE,62,0,62,1587.56,4.84,1
1513,DECODE,61,0,61,1588.23,6.33,1
1514,DECODE,61,0,61,1589.23,5.96,1
1515,DECODE,61,0,61,1590.23,5.81,1
1516,DECODE,61,0,61,1591.23,5.84,1
1517,DECODE,61,0,61,1592.23,5.90,1
1518,DECODE,61,0,61,1593.23,5.51,1
1519,DECODE,61,0,61,1594.23,5.62,1
1520,DECODE,61,0,61,1595.23,5.51,1
1521,DECODE,61,0,61,1596.23,5.53,1
1522,DECODE,61,0,61,1597.23,5.55,1
1523,DECODE,61,0,61,1598.23,5.57,1
1524,DECODE,61,0,61,1599.23,5.54,1
1525,DECODE,61,0,61,1600.23,5.62,1
1526,DECODE,61,0,61,1601.23,5.52,1
1527,DECODE,61,0,61,1602.23,5.51,1
1528,DECODE,61,0,61,1603.23,5.58,1
1529,DECODE,61,0,61,1604.23,5.63,1
1530,DECODE,61,0,61,1605.23,5.55,1
1531,DECODE,61,0,61,1606.23,5.50,1
1532,DECODE,61,0,61,1607.23,5.63,1
1533,DECODE,61,0,61,1608.23,4.67,1
1534,DECODE,61,0,61,1609.23,4.79,1
1535,DECODE,61,0,61,1610.23,4.78,1
1536,DECODE,61,0,61,1611.23,5.66,1
1537,DECODE,61,0,61,1612.23,5.65,1
1538,DECODE,61,0,61,1613.23,5.49,1
1539,DECODE,61,0,61,1614.23,5.46,1
1540,DECODE,61,0,61,1615.23,5.61,1
1541,DECODE,61,0,61,1616.23,5.58,1
1542,DECODE,61,0,61,1617.23,5.44,1
1543,DECODE,61,0,61,1618.23,5.50,1
1544,DECODE,61,0,61,1619.23,4.86,1
1545,DECODE,61,0,61,1620.23,5.05,1
1546,DECODE,61,0,61,1621.23,5.05,1
1547,DECODE,60,0,60,1621.88,5.08,1
1548,DECODE,60,0,60,1622.88,4.98,1
1549,DECODE,60,0,60,1623.88,4.91,1
1550,DECODE,60,0,60,1624.88,4.95,1
1551,DECODE,60,0,60,1625.88,5.79,1
1552,DECODE,60,0,60,1626.88,5.04,1
1553,DECODE,60,0,60,1627.88,5.59,1
1554,DECODE,60,0,60,1628.88,5.05,1
1555,DECODE,60,0,60,1629.88,5.17,1
1556,DECODE,60,0,60,1630.88,6.55,1
1557,DECODE,60,0,60,1631.88,5.65,1
1558,DECODE,60,0,60,1632.88,5.62,1
1559,DECODE,60,0,60,1633.88,5.48,1
1560,DECODE,60,0,60,1634.88,4.81,1
1561,DECODE,60,0,60,1635.88,4.83,1
1562,DECODE,60,0,60,1636.88,4.83,1
1563,DECODE,60,0,60,1637.88,4.91,1
1564,DECODE,60,0,60,1638.88,5.34,1
1565,DECODE,60,0,60,1639.88,4.98,1
1566,DECODE,60,0,60,1640.88,4.86,1
1567,DECODE,60,0,60,1641.88,4.95,1
1568,DECODE,60,0,60,1642.88,4.84,1
1569,DECODE,60,0,60,1643.88,4.96,1
1570,DECODE,60,0,60,1644.88,5.75,1
1571,DECODE,60,0,60,1645.88,4.77,1
1572,DECODE,60,0,60,1646.88,4.80,1
1573,DECODE,60,0,60,1647.88,4.79,1
1574,DECODE,60,0,60,1648.88,4.81,1
1575,DECODE,60,0,60,1649.88,4.76,1
1576,DECODE,60,0,60,1650.88,4.81,1
1577,DECODE,60,0,60,1651.88,4.77,1
1578,DECODE,59,0,59,1655.34,5.43,1
1579,DECODE,59,0,59,1656.34,4.75,1
1580,DECODE,59,0,59,1657.34,4.78,1
1581,DECODE,58,0,58,1658.62,4.92,1
1582,DECODE,58,0,58,1659.62,4.77,1
1583,DECODE,58,0,58,1660.62,4.77,1
1584,DECODE,58,0,58,1661.62,4.78,1
1585,DECODE,58,0,58,1662.62,4.78,1
1586,DECODE,58,0,58,1663.62,4.77,1
1587,DECODE,58,0,58,1664.62,4.74,1
1588,DECODE,58,0,58,1665.62,4.75,1
1589,DECODE,58,0,58,1666.62,4.76,1
1590,DECODE,58,0,58,1667.62,4.79,1
1591,DECODE,58,0,58,1668.62,4.80,1
1592,DECODE,58,0,58,1669.62,4.80,1
1593,DECODE,58,0,58,1670.62,4.80,1
1594,DECODE,58,0,58,1671.62,4.82,1
1595,DECODE,58,0,58,1672.62,4.81,1
1596,DECODE,58,0,58,1673.62,4.75,1
1597,DECODE,58,0,58,1674.62,5.13,1
1598,DECODE,58,0,58,1675.62,5.67,1
1599,DECODE,58,0,58,1676.62,5.65,1
1600,DECODE,58,0,58,1677.62,5.53,1
1601,DECODE,58,0,58,1678.62,5.53,1
1602,DECODE,58,0,58,1679.62,5.58,1
1603,DECODE,58,0,58,1680.62,5.61,1
1604,DECODE,58,0,58,1681.62,5.55,1
1605,DECODE,58,0,58,1682.62,5.68,1
1606,DECODE,58,0,58,1683.62,5.51,1
1607,DECODE,58,0,58,1684.62,5.51,1
1608,DECODE,58,0,58,1685.62,5.63,1
1609,DECODE,57,0,57,1686.91,5.63,1
1610,DECODE,57,0,57,1687.91,5.57,1
1611,DECODE,57,0,57,1688.91,5.42,1
1612,DECODE,57,0,57,1689.91,5.34,1
1613,DECODE,57,0,57,1690.91,5.56,1
1614,DECODE,57,0,57,1691.91,5.63,1
1615,DECODE,57,0,57,1692.91,5.93,1
1616,DECODE,57,0,57,1693.91,5.66,1
1617,DECODE,57,0,57,1694.91,5.51,1
1618,DECODE,57,0,57,1695.91,5.53,1
1619,DECODE,57,0,57,1696.91,5.53,1
1620,DECODE,57,0,57,1697.91,4.99,1
1621,DECODE,57,0,57,1698.91,4.83,1
1622,DECODE,57,0,57,1699.91,4.81,1
1623,DECODE,57,0,57,1700.91,6.11,1
1624,DECODE,57,0,57,1701.91,5.66,1
1625,DECODE,57,0,57,1702.91,5.41,1
1626,DECODE,57,0,57,1703.91,5.37,1
1627,DECODE,56,0,56,1704.64,6.93,1
1628,DECODE,56,0,56,1705.64,5.24,1
1629,DECODE,56,0,56,1706.64,5.30,1
1630,DECODE,56,0,56,1707.64,5.31,1
1631,DECODE,56,0,56,1708.64,5.28,1
1632,DECODE,56,0,56,1709.64,5.37,1
1633,DECODE,56,0,56,1710.64,5.30,1
1634,DECODE,56,0,56,1711.64,5.31,1
1635,DECODE,56,0,56,1712.64,5.24,1
1636,DECODE,56,0,56,1713.64,5.27,1
1637,DECODE,56,0,56,1714.64,5.20,1
1638,DECODE,56,0,56,1715.64,5.31,1
1639,DECODE,56,0,56,1716.64,5.23,1
1640,DECODE,56,0,56,1717.64,5.27,1
1641,DECODE,56,0,56,1718.64,5.23,1
1642,DECODE,56,0,56,1719.64,5.19,1
1643,DECODE,56,0,56,1720.64,5.55,1
1644,DECODE,56,0,56,1721.64,5.53,1
1645,DECODE,56,0,56,1722.64,5.53,1
1646,DECODE,55,0,55,1723.31,5.79,1
1647,DECODE,55,0,55,1724.31,5.62,1
1648,DECODE,55,0,55,1725.31,5.56,1
1649,DECODE,55,0,55,1726.31,5.35,1
1650,DECODE,55,0,55,1727.31,5.37,1
1651,DECODE,55,0,55,1728.31,5.32,1
1652,DECODE,55,0,55,1729.31,5.39,1
1653,DECODE,55,0,55,1730.31,5.27,1
1654,DECODE,55,0,55,1731.31,5.31,1
1655,DECODE,55,0,55,1732.31,5.25,1
1656,DECODE,55,0,55,1733.31,5.57,1
1657,DECODE,55,0,55,1734.31,5.52,1
1658,DECODE,55,0,55,1735.31,5.64,1
1659,DECODE,55,0,55,1736.31,5.53,1
1660,DECODE,55,0,55,1737.31,5.48,1
1661,DECODE,55,0,55,1738.31,5.58,1
1662,DECODE,55,0,55,1739.31,5.58,1
1663,DECODE,55,0,55,1740.31,5.50,1
1664,DECODE,55,0,55,1741.31,5.53,1
1665,DECODE,55,0,55,1742.31,5.53,1
1666,DECODE,55,0,55,1743.31,5.52,1
1667,DECODE,55,0,55,1744.31,5.41,1
1668,DECODE,55,0,55,1745.31,5.53,1
1669,DECODE,55,0,55,1746.31,5.45,1
1670,DECODE,55,0,55,1747.31,5.46,1
1671,DECODE,55,0,55,1748.31,5.48,1
1672,DECODE,55,0,55,1749.31,5.45,1
1673,DECODE,55,0,55,1750.31,5.50,1
1674,DECODE,55,0,55,1751.31,4.89,1
1675,DECODE,55,0,55,1752.31,4.97,1
1676,DECODE,55,0,55,1753.31,4.89,1
1677,DECODE,55,0,55,1754.31,4.88,1
1678,DECODE,55,0,55,1755.31,4.87,1
1679,DECODE,55,0,55,1756.31,4.78,1
1680,DECODE,55,0,55,1757.31,4.85,1
1681,DECODE,54,0,54,1757.96,5.02,1
1682,DECODE,54,0,54,1758.96,4.94,1
1683,DECODE,54,0,54,1759.96,6.13,1
1684,DECODE,54,0,54,1760.96,5.59,1
1685,DECODE,54,0,54,1761.96,5.56,1
1686,DECODE,54,0,54,1762.96,5.52,1
1687,DECODE,54,0,54,1763.96,5.52,1
1688,DECODE,54,0,54,1764.96,5.50,1
1689,DECODE,54,0,54,1765.96,5.58,1
1690,DECODE,54,0,54,1766.96,4.70,1
1691,DECODE,54,0,54,1767.96,4.68,1
1692,DECODE,54,0,54,1768.96,4.70,1
1693,DECODE,54,0,54,1769.96,4.68,1
1694,DECODE,54,0,54,1770.96,4.72,1
1695,DECODE,54,0,54,1771.96,4.67,1
1696,DECODE,54,0,54,1772.96,4.67,1
1697,DECODE,54,0,54,1773.96,5.13,1
1698,DECODE,54,0,54,1774.96,5.56,1
1699,DECODE,54,0,54,1775.96,5.52,1
1700,DECODE,54,0,54,1776.96,5.68,1
1701,DECODE,54,0,54,1777.96,5.56,1
1702,DECODE,54,0,54,1778.96,5.57,1
1703,DECODE,54,0,54,1779.96,5.47,1
1704,DECODE,54,0,54,1780.96,5.54,1
1705,DECODE,54,0,54,1781.96,5.47,1
1706,DECODE,54,0,54,1782.96,5.49,1
1707,DECODE,54,0,54,1783.96,5.50,1
1708,DECODE,54,0,54,1784.96,5.51,1
1709,DECODE,54,0,54,1785.96,5.49,1
1710,DECODE,54,0,54,1786.96,5.53,1
1711,DECODE,54,0,54,1787.96,5.51,1
1712,DECODE,54,0,54,1788.96,4.86,1
1713,DECODE,54,0,54,1789.96,4.89,1
1714,DECODE,54,0,54,1790.96,4.83,1
1715,DECODE,54,0,54,1791.96,4.85,1
1716,DECODE,54,0,54,1792.96,4.87,1
1717,DECODE,54,0,54,1793.96,5.00,1
1718,DECODE,54,0,54,1794.96,4.91,1
1719,DECODE,54,0,54,1795.96,4.77,1
1720,DECODE,54,0,54,1796.96,4.99,1
1721,DECODE,54,0,54,1797.96,5.00,1
1722,DECODE,53,0,53,1800.00,4.96,1
1723,DECODE,53,0,53,1801.00,4.82,1
1724,DECODE,53,0,53,1802.00,4.95,1
1725,DECODE,53,0,53,1803.00,4.96,1
1726,DECODE,53,0,53,1804.00,5.66,1
1727,DECODE,53,0,53,1805.00,5.57,1
1728,DECODE,53,0,53,1806.00,5.56,1
1729,DECODE,53,0,53,1807.00,5.54,1
1730,DECODE,53,0,53,1808.00,5.63,1
1731,DECODE,53,0,53,1809.00,5.53,1
1732,DECODE,53,0,53,1810.00,5.51,1
1733,DECODE,53,0,53,1811.00,5.48,1
1734,DECODE,53,0,53,1812.00,5.57,1
1735,DECODE,53,0,53,1813.00,5.49,1
1736,DECODE,53,0,53,1814.00,5.54,1
1737,DECODE,53,0,53,1815.00,5.54,1
1738,DECODE,53,0,53,1816.00,5.51,1
1739,DECODE,53,0,53,1817.00,5.54,1
1740,DECODE,53,0,53,1818.00,5.53,1
1741,DECODE,53,0,53,1819.00,5.47,1
1742,DECODE,53,0,53,1820.00,5.49,1
1743,DECODE,53,0,53,1821.00,5.47,1
1744,DECODE,53,0,53,1822.00,5.49,1
1745,DECODE,53,0,53,1823.00,5.51,1
1746,DECODE,53,0,53,1824.00,5.53,1
1747,DECODE,53,0,53,1825.00,5.53,1
1748,DECODE,53,0,53,1826.00,5.50,1
1749,DECODE,53,0,53,1827.00,5.57,1
1750,DECODE,53,0,53,1828.00,5.49,1
1751,DECODE,53,0,53,1829.00,5.51,1
1752,DECODE,53,0,53,1830.00,5.56,1
1753,DECODE,53,0,53,1831.00,5.48,1
1754,DECODE,53,0,53,1832.00,5.50,1
1755,DECODE,53,0,53,1833.00,5.53,1
1756,DECODE,53,0,53,1834.00,5.55,1
1757,DECODE,53,0,53,1835.00,5.50,1
1758,DECODE,52,0,52,1836.33,5.91,1
1759,DECODE,52,0,52,1837.33,5.53,1
1760,DECODE,52,0,52,1838.33,5.49,1
1761,DECODE,52,0,52,1839.33,5.51,1
1762,DECODE,52,0,52,1840.33,5.62,1
1763,DECODE,52,0,52,1841.33,5.46,1
1764,DECODE,52,0,52,1842.33,5.34,1
1765,DECODE,52,0,52,1843.33,5.33,1
1766,DECODE,52,0,52,1844.33,5.66,1
1767,DECODE,52,0,52,1845.33,4.73,1
1768,DECODE,52,0,52,1846.33,5.70,1
1769,DECODE,52,0,52,1847.33,5.50,1
1770,DECODE,52,0,52,1848.33,5.56,1
1771,DECODE,52,0,52,1849.33,5.55,1
1772,DECODE,52,0,52,1850.33,5.46,1
1773,DECODE,52,0,52,1851.33,5.45,1
1774,DECODE,52,0,52,1852.33,6.17,1
1775,DECODE,52,0,52,1853.33,5.39,1
1776,DECODE,52,0,52,1854.33,5.37,1
1777,DECODE,52,0,52,1855.33,5.18,1
1778,DECODE,52,0,52,1856.33,5.23,1
1779,DECODE,52,0,52,1857.33,5.66,1
1780,DECODE,52,0,52,1858.33,4.74,1
1781,DECODE,52,0,52,1859.33,4.67,1
1782,DECODE,52,0,52,1860.33,4.74,1
1783,DECODE,51,0,51,1862.43,4.71,1
1784,DECODE,51,0,51,1863.43,4.68,1
1785,DECODE,51,0,51,1864.43,4.67,1
1786,DECODE,51,0,51,1865.43,4.66,1
1787,DECODE,51,0,51,1866.43,4.71,1
1788,DECODE,51,0,51,1867.43,4.68,1
1789,DECODE,51,0,51,1868.43,4.67,1
1790,DECODE,51,0,51,1869.43,4.70,1
1791,DECODE,51,0,51,1870.43,4.66,1
1792,DECODE,51,0,51,1871.43,4.70,1
1793,DECODE,51,0,51,1872.43,4.67,1
1794,DECODE,51,0,51,1873.43,4.72,1
1795,DECODE,51,0,51,1874.43,4.75,1
1796,DECODE,51,0,51,1875.43,4.74,1
1797,DECODE,51,0,51,1876.43,4.71,1
1798,DECODE,51,0,51,1877.43,5.44,1
1799,DECODE,50,0,50,1877.68,4.62,1
1800,DECODE,50,0,50,1878.68,4.66,1
1801,DECODE,50,0,50,1879.68,4.76,1
1802,DECODE,50,0,50,1880.68,4.74,1
1803,DECODE,50,0,50,1881.68,4.69,1
1804,DECODE,50,0,50,1882.68,4.80,1
1805,DECODE,50,0,50,1883.68,4.88,1
1806,DECODE,50,0,50,1884.68,4.75,1
1807,DECODE,50,0,50,1885.68,4.78,1
1808,DECODE,50,0,50,1886.68,4.71,1
1809,DECODE,50,0,50,1887.68,5.55,1
1810,DECODE,50,0,50,1888.68,5.57,1
1811,DECODE,50,0,50,1889.68,5.44,1
1812,DECODE,50,0,50,1890.68,5.43,1
1813,DECODE,50,0,50,1891.68,5.54,1
1814,DECODE,50,0,50,1892.68,5.57,1
1815,DECODE,50,0,50,1893.68,5.50,1
1816,DECODE,50,0,50,1894.68,5.49,1
1817,DECODE,50,0,50,1895.68,5.58,1
1818,DECODE,50,0,50,1896.68,5.57,1
1819,DECODE,50,0,50,1897.68,5.58,1
1820,DECODE,50,0,50,1898.68,5.54,1
1821,DECODE,49,0,49,1900.84,5.73,1
1822,DECODE,49,0,49,1901.84,5.61,1
1823,DECODE,49,0,49,1902.84,5.58,1
1824,DECODE,49,0,49,1903.84,5.54,1
1825,DECODE,49,0,49,1904.84,5.65,1
1826,DECODE,49,0,49,1905.84,5.71,1
1827,DECODE,49,0,49,1906.84,5.61,1
1828,DECODE,49,0,49,1907.84,5.52,1
1829,DECODE,49,0,49,1908.84,5.51,1
1830,DECODE,49,0,49,1909.84,5.60,1
1831,DECODE,49,0,49,1910.84,5.56,1
1832,DECODE,49,0,49,1911.84,5.46,1
1833,DECODE,49,0,49,1912.84,5.57,1
1834,DECODE,49,0,49,1913.84,5.56,1
1835,DECODE,49,0,49,1914.84,5.73,1
1836,DECODE,49,0,49,1915.84,5.63,1
1837,DECODE,49,0,49,1916.84,5.54,1
1838,DECODE,49,0,49,1917.84,5.56,1
1839,DECODE,49,0,49,1918.84,5.79,1
1840,DECODE,49,0,49,1919.84,5.56,1
1841,DECODE,49,0,49,1920.84,5.51,1
1842,DECODE,49,0,49,1921.84,5.55,1
1843,DECODE,49,0,49,1922.84,5.64,1
1844,DECODE,49,0,49,1923.84,5.60,1
1845,DECODE,49,0,49,1924.84,5.62,1
1846,DECODE,49,0,49,1925.84,5.65,1
1847,DECODE,49,0,49,1926.84,5.62,1
1848,DECODE,49,0,49,1927.84,5.58,1
1849,DECODE,49,0,49,1928.84,5.70,1
1850,DECODE,49,0,49,1929.84,5.60,1
1851,DECODE,49,0,49,1930.84,5.62,1
1852,DECODE,49,0,49,1931.84,5.60,1
1853,DECODE,49,0,49,1932.84,5.77,1
1854,DECODE,49,0,49,1933.84,5.61,1
1855,DECODE,49,0,49,1934.84,5.59,1
1856,DECODE,49,0,49,1935.84,5.99,1
1857,DECODE,49,0,49,1936.84,5.42,1
1858,DECODE,49,0,49,1937.84,5.63,1
1859,DECODE,49,0,49,1938.84,5.64,1
1860,DECODE,49,0,49,1939.84,5.59,1
1861,DECODE,49,0,49,1940.84,5.67,1
1862,DECODE,49,0,49,1941.84,5.59,1
1863,DECODE,49,0,49,1942.84,5.67,1
1864,DECODE,49,0,49,1943.84,5.63,1
1865,DECODE,49,0,49,1944.84,5.61,1
1866,DECODE,49,0,49,1945.84,5.65,1
1867,DECODE,49,0,49,1946.84,5.65,1
1868,DECODE,49,0,49,1947.84,5.60,1
1869,DECODE,49,0,49,1948.84,5.63,1
1870,DECODE,49,0,49,1949.84,5.56,1
1871,DECODE,49,0,49,1950.84,5.53,1
1872,DECODE,49,0,49,1951.84,5.58,1
1873,DECODE,49,0,49,1952.84,5.65,1
1874,DECODE,49,0,49,1953.84,5.64,1
1875,DECODE,49,0,49,1954.84,5.70,1
1876,DECODE,49,0,49,1955.84,5.58,1
1877,DECODE,49,0,49,1956.84,5.57,1
1878,DECODE,49,0,49,1957.84,5.59,1
1879,DECODE,49,0,49,1958.84,5.50,1
1880,DECODE,49,0,49,1959.84,5.63,1
1881,DECODE,49,0,49,1960.84,5.58,1
1882,DECODE,49,0,49,1961.84,5.78,1
1883,DECODE,49,0,49,1962.84,5.26,1
1884,DECODE,49,0,49,1963.84,5.72,1
1885,DECODE,49,0,49,1964.84,5.72,1
1886,DECODE,49,0,49,1965.84,5.73,1
1887,DECODE,49,0,49,1966.84,5.64,1
1888,DECODE,49,0,49,1967.84,5.71,1
1889,DECODE,49,0,49,1968.84,5.61,1
1890,DECODE,49,0,49,1969.84,5.57,1
1891,DECODE,49,0,49,1970.84,5.49,1
1892,DECODE,49,0,49,1971.84,5.59,1
1893,DECODE,49,0,49,1972.84,6.48,1
1894,DECODE,49,0,49,1973.84,6.22,1
1895,DECODE,49,0,49,1974.84,5.55,1
1896,DECODE,49,0,49,1975.84,5.61,1
1897,DECODE,49,0,49,1976.84,5.55,1
1898,DECODE,49,0,49,1977.84,5.71,1
1899,DECODE,49,0,49,1978.84,5.51,1
1900,DECODE,49,0,49,1979.84,5.61,1
1901,DECODE,49,0,49,1980.84,5.56,1
1902,DECODE,49,0,49,1981.84,5.62,1
1903,DECODE,49,0,49,1982.84,5.57,1
1904,DECODE,49,0,49,1983.84,5.83,1
1905,DECODE,49,0,49,1984.84,5.80,1
1906,DECODE,49,0,49,1985.84,5.81,1
1907,DECODE,49,0,49,1986.84,5.72,1
1908,DECODE,49,0,49,1987.84,5.62,1
1909,DECODE,49,0,49,1988.84,5.53,1
1910,DECODE,49,0,49,1989.84,5.59,1
1911,DECODE,49,0,49,1990.84,5.62,1
1912,DECODE,49,0,49,1991.84,5.61,1
1913,DECODE,49,0,49,1992.84,5.52,1
1914,DECODE,49,0,49,1993.84,5.59,1
1915,DECODE,49,0,49,1994.84,5.56,1
1916,DECODE,49,0,49,1995.84,5.68,1
1917,DECODE,49,0,49,1996.84,5.61,1
1918,DECODE,49,0,49,1997.84,5.65,1
1919,DECODE,49,0,49,1998.84,5.59,1
1920,DECODE,49,0,49,1999.84,5.63,1
1921,DECODE,49,0,49,2000.84,5.55,1
1922,DECODE,49,0,49,2001.84,5.63,1
1923,DECODE,49,0,49,2002.84,5.63,1
1924,DECODE,49,0,49,2003.84,5.60,1
1925,DECODE,49,0,49,2004.84,5.72,1
1926,DECODE,49,0,49,2005.84,5.63,1
1927,DECODE,49,0,49,2006.84,5.64,1
1928,DECODE,49,0,49,2007.84,5.76,1
1929,DECODE,49,0,49,2008.84,5.69,1
1930,DECODE,49,0,49,2009.84,5.30,1
1931,DECODE,49,0,49,2010.84,5.58,1
1932,DECODE,49,0,49,2011.84,5.61,1
1933,DECODE,49,0,49,2012.84,5.69,1
1934,DECODE,49,0,49,2013.84,5.57,1
1935,DECODE,49,0,49,2014.84,5.68,1
1936,DECODE,49,0,49,2015.84,5.74,1
1937,DECODE,49,0,49,2016.84,5.64,1
1938,DECODE,49,0,49,2017.84,5.61,1
1939,DECODE,49,0,49,2018.84,5.70,1
1940,DECODE,49,0,49,2019.84,5.74,1
1941,DECODE,49,0,49,2020.84,5.59,1
1942,DECODE,49,0,49,2021.84,5.62,1
1943,DECODE,49,0,49,2022.84,5.68,1
1944,DECODE,49,0,49,2023.84,5.70,1
1945,DECODE,49,0,49,2024.84,5.65,1
1946,DECODE,49,0,49,2025.84,5.69,1
1947,DECODE,49,0,49,2026.84,7.72,1
1948,DECODE,49,0,49,2027.84,5.72,1
1949,DECODE,49,0,49,2028.84,5.63,1
1950,DECODE,49,0,49,2029.84,5.78,1
1951,DECODE,49,0,49,2030.84,5.65,1
1952,DECODE,49,0,49,2031.84,5.68,1
1953,DECODE,49,0,49,2032.84,5.67,1
1954,DECODE,49,0,49,2033.84,5.66,1
1955,DECODE,48,0,48,2035.23,7.57,1
1956,DECODE,48,0,48,2036.23,5.65,1
1957,DECODE,48,0,48,2037.23,5.58,1
1958,DECODE,48,0,48,2038.23,5.59,1
1959,DECODE,47,0,47,2039.47,5.76,1
1960,DECODE,47,0,47,2040.47,5.63,1
1961,DECODE,47,0,47,2041.47,5.61,1
1962,DECODE,47,0,47,2042.47,5.62,1
1963,DECODE,47,0,47,2043.47,5.56,1
1964,DECODE,47,0,47,2044.47,5.66,1
1965,DECODE,47,0,47,2045.47,5.57,1
1966,DECODE,47,0,47,2046.47,5.62,1
1967,DECODE,47,0,47,2047.47,5.93,1
1968,DECODE,47,0,47,2048.47,5.63,1
1969,DECODE,47,0,47,2049.47,5.62,1
1970,DECODE,47,0,47,2050.47,5.79,1
1971,DECODE,47,0,47,2051.47,5.67,1
1972,DECODE,47,0,47,2052.47,5.65,1
1973,DECODE,47,0,47,2053.47,5.58,1
1974,DECODE,47,0,47,2054.47,5.79,1
1975,DECODE,47,0,47,2055.47,5.77,1
1976,DECODE,47,0,47,2056.47,5.68,1
1977,DECODE,47,0,47,2057.47,5.62,1
1978,DECODE,47,0,47,2058.47,5.73,1
1979,DECODE,47,0,47,2059.47,5.64,1
1980,DECODE,47,0,47,2060.47,5.59,1
1981,DECODE,47,0,47,2061.47,5.60,1
1982,DECODE,47,0,47,2062.47,5.66,1
1983,DECODE,47,0,47,2063.47,5.60,1
1984,DECODE,47,0,47,2064.47,5.63,1
1985,DECODE,47,0,47,2065.47,5.64,1
1986,DECODE,47,0,47,2066.47,5.77,1
1987,DECODE,47,0,47,2067.47,5.58,1
1988,DECODE,47,0,47,2068.47,5.59,1
1989,DECODE,47,0,47,2069.47,5.64,1
1990,DECODE,47,0,47,2070.47,5.59,1
1991,DECODE,47,0,47,2071.47,5.59,1
1992,DECODE,47,0,47,2072.47,5.72,1
1993,DECODE,47,0,47,2073.47,5.63,1
1994,DECODE,47,0,47,2074.47,5.64,1
1995,DECODE,47,0,47,2075.47,5.65,1
1996,DECODE,47,0,47,2076.47,5.54,1
1997,DECODE,47,0,47,2077.47,5.54,1
1998,DECODE,47,0,47,2078.47,5.54,1
1999,DECODE,47,0,47,2079.47,5.55,1
2000,DECODE,47,0,47,2080.47,5.53,1
2001,DECODE,47,0,47,2081.47,5.56,1
2002,DECODE,47,0,47,2082.47,5.57,1
2003,DECODE,47,0,47,2083.47,5.56,1
2004,DECODE,47,0,47,2084.47,5.70,1
2005,DECODE,47,0,47,2085.47,5.62,1
2006,DECODE,47,0,47,2086.47,5.55,1
2007,DECODE,47,0,47,2087.47,5.63,1
2008,DECODE,47,0,47,2088.47,5.60,1
2009,DECODE,47,0,47,2089.47,5.64,1
2010,DECODE,47,0,47,2090.47,5.55,1
2011,DECODE,47,0,47,2091.47,5.53,1
2012,DECODE,47,0,47,2092.47,6.51,1
2013,DECODE,47,0,47,2093.47,4.84,1
2014,DECODE,47,0,47,2094.47,4.84,1
2015,DECODE,47,0,47,2095.47,4.83,1
2016,DECODE,47,0,47,2096.47,4.80,1
2017,DECODE,47,0,47,2097.47,4.84,1
2018,DECODE,47,0,47,2098.47,4.83,1
2019,DECODE,47,0,47,2099.47,4.83,1
2020,DECODE,47,0,47,2100.47,4.82,1
2021,DECODE,47,0,47,2101.47,4.93,1
2022,DECODE,47,0,47,2102.47,5.74,1
2023,DECODE,47,0,47,2103.47,5.70,1
2024,DECODE,47,0,47,2104.47,5.79,1
2025,DECODE,47,0,47,2105.47,5.59,1
2026,DECODE,47,0,47,2106.47,5.81,1
2027,DECODE,47,0,47,2107.47,5.62,1
2028,DECODE,47,0,47,2108.47,5.74,1
2029,DECODE,47,0,47,2109.47,5.66,1
2030,DECODE,47,0,47,2110.47,5.74,1
2031,DECODE,47,0,47,2111.47,5.66,1
2032,DECODE,47,0,47,2112.47,6.29,1
2033,DECODE,47,0,47,2113.47,6.26,1
2034,DECODE,47,0,47,2114.47,6.29,1
2035,DECODE,47,0,47,2115.47,6.24,1
2036,DECODE,47,0,47,2116.47,6.26,1
2037,DECODE,47,0,47,2117.47,6.30,1
2038,DECODE,47,0,47,2118.47,6.27,1
2039,DECODE,47,0,47,2119.47,6.27,1
2040,DECODE,47,0,47,2120.47,6.41,1
2041,DECODE,47,0,47,2121.47,5.32,1
2042,DECODE,47,0,47,2122.47,5.65,1
2043,DECODE,47,0,47,2123.47,5.69,1
2044,DECODE,47,0,47,2124.47,5.64,1
2045,DECODE,47,0,47,2125.47,5.72,1
2046,DECODE,47,0,47,2126.47,5.64,1
2047,DECODE,47,0,47,2127.47,5.68,1
2048,DECODE,47,0,47,2128.47,5.75,1
2049,DECODE,47,0,47,2129.47,5.66,1
2050,DECODE,47,0,47,2130.47,6.67,1
2051,DECODE,47,0,47,2131.47,5.72,1
2052,DECODE,47,0,47,2132.47,4.83,1
2053,DECODE,47,0,47,2133.47,5.02,1
2054,DECODE,47,0,47,2134.47,4.79,1
2055,DECODE,47,0,47,2135.47,4.78,1
2056,DECODE,47,0,47,2136.47,4.84,1
2057,DECODE,47,0,47,2137.47,4.83,1
2058,DECODE,47,0,47,2138.47,4.83,1
2059,DECODE,47,0,47,2139.47,5.16,1
2060,DECODE,47,0,47,2140.47,5.10,1
2061,DECODE,47,0,47,2141.47,5.08,1
2062,DECODE,47,0,47,2142.47,4.98,1
2063,DECODE,47,0,47,2143.47,5.02,1
2064,DECODE,47,0,47,2144.47,5.05,1
2065,DECODE,47,0,47,2145.47,5.04,1
2066,DECODE,47,0,47,2146.47,5.58,1
2067,DECODE,47,0,47,2147.47,5.63,1
2068,DECODE,47,0,47,2148.47,5.67,1
2069,DECODE,47,0,47,2149.47,5.51,1
2070,DECODE,47,0,47,2150.47,5.70,1
2071,DECODE,47,0,47,2151.47,5.66,1
2072,DECODE,47,0,47,2152.47,5.60,1
2073,DECODE,47,0,47,2153.47,5.53,1
2074,DECODE,47,0,47,2154.47,5.65,1
2075,DECODE,47,0,47,2155.47,5.67,1
2076,DECODE,47,0,47,2156.47,5.26,1
2077,DECODE,47,0,47,2157.47,5.28,1
2078,DECODE,47,0,47,2158.47,5.36,1
2079,DECODE,47,0,47,2159.47,5.31,1
2080,DECODE,47,0,47,2160.47,5.31,1
2081,DECODE,47,0,47,2161.47,5.47,1
2082,DECODE,46,0,46,2163.30,5.56,1
2083,DECODE,46,0,46,2164.30,4.93,1
2084,DECODE,46,0,46,2165.30,4.84,1
2085,DECODE,46,0,46,2166.30,5.43,1
2086,DECODE,45,0,45,2170.67,4.89,1
2087,DECODE,45,0,45,2171.67,4.90,1
2088,DECODE,45,0,45,2172.67,4.85,1
2089,DECODE,45,0,45,2173.67,4.87,1
2090,DECODE,45,0,45,2174.67,4.85,1
2091,DECODE,45,0,45,2175.67,4.86,1
2092,DECODE,45,0,45,2176.67,4.90,1
2093,DECODE,45,0,45,2177.67,4.89,1
2094,DECODE,45,0,45,2178.67,4.86,1
2095,DECODE,45,0,45,2179.67,5.35,1
2096,DECODE,45,0,45,2180.67,4.84,1
2097,DECODE,45,0,45,2181.67,4.83,1
2098,DECODE,45,0,45,2182.67,4.86,1
2099,DECODE,45,0,45,2183.67,4.94,1
2100,DECODE,45,0,45,2184.67,4.89,1
2101,DECODE,45,0,45,2185.67,5.49,1
2102,DECODE,45,0,45,2186.67,5.44,1
2103,DECODE,45,0,45,2187.67,5.43,1
2104,DECODE,45,0,45,2188.67,4.98,1
2105,DECODE,45,0,45,2189.67,5.14,1
2106,DECODE,45,0,45,2190.67,4.89,1
2107,DECODE,45,0,45,2191.67,4.92,1
2108,DECODE,45,0,45,2192.67,4.90,1
2109,DECODE,45,0,45,2193.67,4.91,1
2110,DECODE,45,0,45,2194.67,4.88,1
2111,DECODE,45,0,45,2195.67,4.89,1
2112,DECODE,45,0,45,2196.67,4.88,1
2113,DECODE,45,0,45,2197.67,4.92,1
2114,DECODE,45,0,45,2198.67,4.91,1
2115,DECODE,45,0,45,2199.67,4.91,1
2116,DECODE,45,0,45,2200.67,4.92,1
2117,DECODE,45,0,45,2201.67,4.88,1
2118,DECODE,45,0,45,2202.67,5.19,1
2119,DECODE,45,0,45,2203.67,5.02,1
2120,DECODE,45,0,45,2204.67,4.95,1
2121,DECODE,45,0,45,2205.67,4.90,1
2122,DECODE,45,0,45,2206.67,5.00,1
2123,DECODE,45,0,45,2207.67,4.91,1
2124,DECODE,45,0,45,2208.67,4.98,1
2125,DECODE,45,0,45,2209.67,4.89,1
2126,DECODE,45,0,45,2210.67,4.97,1
2127,DECODE,45,0,45,2211.67,4.92,1
2128,DECODE,45,0,45,2212.67,4.93,1
2129,DECODE,45,0,45,2213.67,4.94,1
2130,DECODE,45,0,45,2214.67,4.96,1
2131,DECODE,45,0,45,2215.67,5.67,1
2132,DECODE,45,0,45,2216.67,5.71,1
2133,DECODE,45,0,45,2217.67,5.65,1
2134,DECODE,45,0,45,2218.67,5.69,1
2135,DECODE,45,0,45,2219.67,5.72,1
2136,DECODE,45,0,45,2220.67,5.60,1
2137,DECODE,45,0,45,2221.67,5.63,1
2138,DECODE,45,0,45,2222.67,5.67,1
2139,DECODE,45,0,45,2223.67,5.66,1
2140,DECODE,45,0,45,2224.67,5.67,1
2141,DECODE,45,0,45,2225.67,5.68,1
2142,DECODE,45,0,45,2226.67,5.68,1
2143,DECODE,45,0,45,2227.67,5.66,1
2144,DECODE,45,0,45,2228.67,5.69,1
2145,DECODE,45,0,45,2229.67,5.67,1
2146,DECODE,45,0,45,2230.67,5.68,1
2147,DECODE,45,0,45,2231.67,5.72,1
2148,DECODE,45,0,45,2232.67,5.72,1
2149,DECODE,45,0,45,2233.67,5.64,1
2150,DECODE,45,0,45,2234.67,6.55,1
2151,DECODE,45,0,45,2235.67,5.81,1
2152,DECODE,45,0,45,2236.67,5.78,1
2153,DECODE,45,0,45,2237.67,5.76,1
2154,DECODE,45,0,45,2238.67,5.80,1
2155,DECODE,45,0,45,2239.67,5.82,1
2156,DECODE,45,0,45,2240.67,5.79,1
2157,DECODE,45,0,45,2241.67,5.69,1
2158,DECODE,45,0,45,2242.67,5.73,1
2159,DECODE,45,0,45,2243.67,5.81,1
2160,DECODE,45,0,45,2244.67,5.71,1
2161,DECODE,45,0,45,2245.67,5.68,1
2162,DECODE,45,0,45,2246.67,5.68,1
2163,DECODE,45,0,45,2247.67,5.69,1
2164,DECODE,45,0,45,2248.67,5.72,1
2165,DECODE,45,0,45,2249.67,5.65,1
2166,DECODE,45,0,45,2250.67,5.67,1
2167,DECODE,45,0,45,2251.67,5.84,1
2168,DECODE,45,0,45,2252.67,5.68,1
2169,DECODE,45,0,45,2253.67,5.73,1
2170,DECODE,45,0,45,2254.67,5.81,1
2171,DECODE,45,0,45,2255.67,5.70,1
2172,DECODE,45,0,45,2256.67,5.72,1
2173,DECODE,45,0,45,2257.67,5.74,1
2174,DECODE,45,0,45,2258.67,5.74,1
2175,DECODE,45,0,45,2259.67,5.67,1
2176,DECODE,45,0,45,2260.67,5.68,1
2177,DECODE,45,0,45,2261.67,5.70,1
2178,DECODE,45,0,45,2262.67,5.75,1
2179,DECODE,45,0,45,2263.67,5.65,1
2180,DECODE,45,0,45,2264.67,5.72,1
2181,DECODE,45,0,45,2265.67,5.66,1
2182,DECODE,45,0,45,2266.67,5.73,1
2183,DECODE,45,0,45,2267.67,5.65,1
2184,DECODE,45,0,45,2268.67,5.71,1
2185,DECODE,45,0,45,2269.67,5.68,1
2186,DECODE,45,0,45,2270.67,5.70,1
2187,DECODE,45,0,45,2271.67,5.68,1
2188,DECODE,45,0,45,2272.67,5.76,1
2189,DECODE,45,0,45,2273.67,5.66,1
2190,DECODE,45,0,45,2274.67,5.73,1
2191,DECODE,45,0,45,2275.67,5.65,1
2192,DECODE,45,0,45,2276.67,5.76,1
2193,DECODE,45,0,45,2277.67,5.70,1
2194,DECODE,45,0,45,2278.67,6.28,1
2195,DECODE,45,0,45,2279.67,6.65,1
2196,DECODE,45,0,45,2280.67,5.76,1
2197,DECODE,45,0,45,2281.67,5.75,1
2198,DECODE,45,0,45,2282.67,5.74,1
2199,DECODE,45,0,45,2283.67,5.77,1
2200,DECODE,45,0,45,2284.67,5.71,1
2201,DECODE,45,0,45,2285.67,5.73,1
2202,DECODE,45,0,45,2286.67,5.79,1
2203,DECODE,45,0,45,2287.67,5.72,1
2204,DECODE,45,0,45,2288.67,5.72,1
2205,DECODE,45,0,45,2289.67,5.31,1
2206,DECODE,45,0,45,2290.67,5.67,1
2207,DECODE,45,0,45,2291.67,5.72,1
2208,DECODE,45,0,45,2292.67,5.69,1
2209,DECODE,45,0,45,2293.67,5.73,1
2210,DECODE,45,0,45,2294.67,5.71,1
2211,DECODE,45,0,45,2295.67,5.73,1
2212,DECODE,45,0,45,2296.67,5.76,1
2213,DECODE,41,0,41,2271.98,5.97,1
2214,DECODE,41,0,41,2272.98,5.78,1
2215,DECODE,41,0,41,2273.98,5.78,1
2216,DECODE,41,0,41,2274.98,5.66,1
2217,DECODE,41,0,41,2275.98,5.70,1
2218,DECODE,41,0,41,2276.98,5.67,1
2219,DECODE,41,0,41,2277.98,5.73,1
2220,DECODE,41,0,41,2278.98,5.68,1
2221,DECODE,41,0,41,2279.98,5.70,1
2222,DECODE,41,0,41,2280.98,5.77,1
2223,DECODE,41,0,41,2281.98,5.71,1
2224,DECODE,41,0,41,2282.98,5.76,1
2225,DECODE,41,0,41,2283.98,5.90,1
2226,DECODE,41,0,41,2284.98,5.82,1
2227,DECODE,41,0,41,2285.98,5.71,1
2228,DECODE,41,0,41,2286.98,5.91,1
2229,DECODE,41,0,41,2287.98,5.79,1
2230,DECODE,41,0,41,2288.98,5.81,1
2231,DECODE,41,0,41,2289.98,5.70,1
2232,DECODE,41,0,41,2290.98,5.70,1
2233,DECODE,41,0,41,2291.98,5.76,1
2234,DECODE,41,0,41,2292.98,5.71,1
2235,DECODE,41,0,41,2293.98,5.67,1
2236,DECODE,41,0,41,2294.98,5.69,1
2237,DECODE,41,0,41,2295.98,5.77,1
2238,DECODE,41,0,41,2296.98,5.68,1
2239,DECODE,41,0,41,2297.98,5.70,1
2240,DECODE,41,0,41,2298.98,5.71,1
2241,DECODE,41,0,41,2299.98,5.78,1
2242,DECODE,41,0,41,2300.98,5.65,1
2243,DECODE,41,0,41,2301.98,5.68,1
2244,DECODE,41,0,41,2302.98,5.71,1
2245,DECODE,41,0,41,2303.98,4.85,1
2246,DECODE,41,0,41,2304.98,4.89,1
2247,DECODE,41,0,41,2305.98,4.90,1
2248,DECODE,41,0,41,2306.98,4.87,1
2249,DECODE,41,0,41,2307.98,4.91,1
2250,DECODE,41,0,41,2308.98,4.91,1
2251,DECODE,41,0,41,2309.98,4.87,1
2252,DECODE,41,0,41,2310.98,4.89,1
2253,DECODE,41,0,41,2311.98,4.88,1
2254,DECODE,41,0,41,2312.98,4.91,1
2255,DECODE,41,0,41,2313.98,4.91,1
2256,DECODE,41,0,41,2314.98,4.95,1
2257,DECODE,41,0,41,2315.98,4.93,1
2258,DECODE,41,0,41,2316.98,4.91,1
2259,DECODE,41,0,41,2317.98,4.87,1
2260,DECODE,41,0,41,2318.98,4.95,1
2261,DECODE,41,0,41,2319.98,4.88,1
2262,DECODE,41,0,41,2320.98,5.05,1
2263,DECODE,41,0,41,2321.98,4.97,1
2264,DECODE,41,0,41,2322.98,5.01,1
2265,DECODE,41,0,41,2323.98,4.99,1
2266,DECODE,40,0,40,2323.82,6.34,1
2267,DECODE,40,0,40,2324.82,4.96,1
2268,DECODE,40,0,40,2325.82,4.90,1
2269,DECODE,40,0,40,2326.82,4.86,1
2270,DECODE,40,0,40,2327.82,4.84,1
2271,DECODE,40,0,40,2328.82,4.81,1
2272,DECODE,40,0,40,2329.82,4.90,1
2273,DECODE,40,0,40,2330.82,4.82,1
2274,DECODE,40,0,40,2331.82,4.97,1
2275,DECODE,40,0,40,2332.82,4.82,1
2276,DECODE,40,0,40,2333.82,4.82,1
2277,DECODE,40,0,40,2334.82,4.84,1
2278,DECODE,40,0,40,2335.82,5.70,1
2279,DECODE,40,0,40,2336.82,4.81,1
2280,DECODE,39,0,39,2336.62,5.06,1
2281,DECODE,39,0,39,2337.62,4.80,1
2282,DECODE,39,0,39,2338.62,4.79,1
2283,DECODE,39,0,39,2339.62,4.84,1
2284,DECODE,39,0,39,2340.62,4.85,1
2285,DECODE,39,0,39,2341.62,4.79,1
2286,DECODE,39,0,39,2342.62,4.80,1
2287,DECODE,39,0,39,2343.62,4.72,1
2288,DECODE,39,0,39,2344.62,4.81,1
2289,DECODE,39,0,39,2345.62,4.75,1
2290,DECODE,39,0,39,2346.62,4.76,1
2291,DECODE,39,0,39,2347.62,4.94,1
2292,DECODE,39,0,39,2348.62,4.77,1
2293,DECODE,39,0,39,2349.62,4.73,1
2294,DECODE,39,0,39,2350.62,4.73,1
2295,DECODE,39,0,39,2351.62,4.79,1
2296,DECODE,39,0,39,2352.62,4.75,1
2297,DECODE,39,0,39,2353.62,4.78,1
2298,DECODE,39,0,39,2354.62,4.74,1
2299,DECODE,39,0,39,2355.62,4.71,1
2300,DECODE,39,0,39,2356.62,4.77,1
2301,DECODE,39,0,39,2357.62,4.89,1
2302,DECODE,38,0,38,2358.66,4.72,1
2303,DECODE,38,0,38,2359.66,4.69,1
2304,DECODE,38,0,38,2360.66,4.81,1
2305,DECODE,38,0,38,2361.66,4.73,1
2306,DECODE,38,0,38,2362.66,4.76,1
2307,DECODE,38,0,38,2363.66,4.77,1
2308,DECODE,38,0,38,2364.66,5.72,1
2309,DECODE,38,0,38,2365.66,5.62,1
2310,DECODE,38,0,38,2366.66,5.55,1
2311,DECODE,38,0,38,2367.66,5.64,1
2312,DECODE,38,0,38,2368.66,5.49,1
2313,DECODE,38,0,38,2369.66,4.83,1
2314,DECODE,38,0,38,2370.66,4.81,1
2315,DECODE,38,0,38,2371.66,4.78,1
2316,DECODE,38,0,38,2372.66,5.39,1
2317,DECODE,38,0,38,2373.66,4.87,1
2318,DECODE,38,0,38,2374.66,4.92,1
2319,DECODE,38,0,38,2375.66,5.04,1
2320,DECODE,38,0,38,2376.66,4.89,1
2321,DECODE,38,0,38,2377.66,4.92,1
2322,DECODE,37,0,37,2379.05,4.89,1
2323,DECODE,37,0,37,2380.05,5.80,1
2324,DECODE,37,0,37,2381.05,5.23,1
2325,DECODE,37,0,37,2382.05,5.12,1
2326,DECODE,37,0,37,2383.05,5.05,1
2327,DECODE,37,0,37,2384.05,5.04,1
2328,DECODE,37,0,37,2385.05,5.02,1
2329,DECODE,37,0,37,2386.05,4.97,1
2330,DECODE,37,0,37,2387.05,5.02,1
2331,DECODE,37,0,37,2388.05,5.03,1
2332,DECODE,37,0,37,2389.05,5.03,1
2333,DECODE,37,0,37,2390.05,5.04,1
2334,DECODE,37,0,37,2391.05,5.03,1
2335,DECODE,37,0,37,2392.05,4.82,1
2336,DECODE,37,0,37,2393.05,4.78,1
2337,DECODE,37,0,37,2394.05,5.05,1
2338,DECODE,37,0,37,2395.05,4.80,1
2339,DECODE,37,0,37,2396.05,4.78,1
2340,DECODE,37,0,37,2397.05,4.81,1
2341,DECODE,37,0,37,2398.05,4.85,1
2342,DECODE,37,0,37,2399.05,4.77,1
2343,DECODE,37,0,37,2400.05,4.78,1
2344,DECODE,37,0,37,2401.05,4.76,1
2345,DECODE,37,0,37,2402.05,4.91,1
2346,DECODE,37,0,37,2403.05,4.74,1
2347,DECODE,37,0,37,2404.05,4.78,1
2348,DECODE,37,0,37,2405.05,4.77,1
2349,DECODE,37,0,37,2406.05,4.85,1
2350,DECODE,37,0,37,2407.05,4.79,1
2351,DECODE,37,0,37,2408.05,4.79,1
2352,DECODE,37,0,37,2409.05,4.79,1
2353,DECODE,37,0,37,2410.05,4.74,1
2354,DECODE,37,0,37,2411.05,4.77,1
2355,DECODE,37,0,37,2412.05,4.83,1
2356,DECODE,37,0,37,2413.05,4.79,1
2357,DECODE,37,0,37,2414.05,4.85,1
2358,DECODE,37,0,37,2415.05,4.89,1
2359,DECODE,37,0,37,2416.05,4.96,1
2360,DECODE,37,0,37,2417.05,4.81,1
2361,DECODE,37,0,37,2418.05,4.78,1
2362,DECODE,37,0,37,2419.05,4.83,1
2363,DECODE,37,0,37,2420.05,5.64,1
2364,DECODE,37,0,37,2421.05,5.32,1
2365,DECODE,37,0,37,2422.05,5.30,1
2366,DECODE,37,0,37,2423.05,5.53,1
2367,DECODE,37,0,37,2424.05,5.72,1
2368,DECODE,37,0,37,2425.05,5.72,1
2369,DECODE,37,0,37,2426.05,5.73,1
2370,DECODE,37,0,37,2427.05,5.59,1
2371,DECODE,37,0,37,2428.05,5.68,1
2372,DECODE,37,0,37,2429.05,5.54,1
2373,DECODE,37,0,37,2430.05,5.65,1
2374,DECODE,37,0,37,2431.05,5.57,1
2375,DECODE,37,0,37,2432.05,5.62,1
2376,DECODE,37,0,37,2433.05,5.94,1
2377,DECODE,37,0,37,2434.05,5.69,1
2378,DECODE,37,0,37,2435.05,5.59,1
2379,DECODE,37,0,37,2436.05,6.37,1
2380,DECODE,37,0,37,2437.05,5.59,1
2381,DECODE,37,0,37,2438.05,5.64,1
2382,DECODE,37,0,37,2439.05,5.59,1
2383,DECODE,37,0,37,2440.05,5.66,1
2384,DECODE,37,0,37,2441.05,5.57,1
2385,DECODE,37,0,37,2442.05,5.62,1
2386,DECODE,37,0,37,2443.05,6.47,1
2387,DECODE,37,0,37,2444.05,5.60,1
2388,DECODE,37,0,37,2445.05,5.57,1
2389,DECODE,37,0,37,2446.05,5.59,1
2390,DECODE,37,0,37,2447.05,5.61,1
2391,DECODE,37,0,37,2448.05,5.57,1
2392,DECODE,37,0,37,2449.05,5.55,1
2393,DECODE,37,0,37,2450.05,5.62,1
2394,DECODE,37,0,37,2451.05,5.66,1
2395,DECODE,37,0,37,2452.05,5.68,1
2396,DECODE,37,0,37,2453.05,5.62,1
2397,DECODE,37,0,37,2454.05,5.80,1
2398,DECODE,37,0,37,2455.05,5.83,1
2399,DECODE,37,0,37,2456.05,5.68,1
2400,DECODE,37,0,37,2457.05,5.75,1
2401,DECODE,37,0,37,2458.05,5.86,1
2402,DECODE,37,0,37,2459.05,5.84,1
2403,DECODE,37,0,37,2460.05,5.80,1
2404,DECODE,37,0,37,2461.05,5.84,1
2405,DECODE,37,0,37,2462.05,5.86,1
2406,DECODE,37,0,37,2463.05,5.81,1
2407,DECODE,37,0,37,2464.05,5.82,1
2408,DECODE,37,0,37,2465.05,5.85,1
2409,DECODE,37,0,37,2466.05,5.84,1
2410,DECODE,37,0,37,2467.05,5.80,1
2411,DECODE,37,0,37,2468.05,5.83,1
2412,DECODE,37,0,37,2469.05,5.63,1
2413,DECODE,37,0,37,2470.05,5.79,1
2414,DECODE,37,0,37,2471.05,5.78,1
2415,DECODE,37,0,37,2472.05,5.76,1
2416,DECODE,37,0,37,2473.05,5.75,1
2417,DECODE,37,0,37,2474.05,5.79,1
2418,DECODE,37,0,37,2475.05,5.77,1
2419,DECODE,37,0,37,2476.05,5.82,1
2420,DECODE,37,0,37,2477.05,5.66,1
2421,DECODE,37,0,37,2478.05,5.59,1
2422,DECODE,37,0,37,2479.05,5.56,1
2423,DECODE,37,0,37,2480.05,5.60,1
2424,DECODE,37,0,37,2481.05,5.55,1
2425,DECODE,37,0,37,2482.05,5.44,1
2426,DECODE,37,0,37,2483.05,5.49,1
2427,DECODE,37,0,37,2484.05,5.59,1
2428,DECODE,37,0,37,2485.05,5.54,1
2429,DECODE,37,0,37,2486.05,5.72,1
2430,DECODE,37,0,37,2487.05,5.53,1
2431,DECODE,37,0,37,2488.05,5.39,1
2432,DECODE,37,0,37,2489.05,5.33,1
2433,DECODE,37,0,37,2490.05,5.34,1
2434,DECODE,37,0,37,2491.05,5.27,1
2435,DECODE,37,0,37,2492.05,5.33,1
2436,DECODE,36,0,36,2491.39,5.66,1
2437,DECODE,36,0,36,2492.39,5.45,1
2438,DECODE,36,0,36,2493.39,5.46,1
2439,DECODE,32,0,32,2486.06,6.40,1
2440,DECODE,32,0,32,2487.06,4.91,1
2441,DECODE,32,0,32,2488.06,4.77,1
2442,DECODE,32,0,32,2489.06,4.94,1
2443,DECODE,32,0,32,2490.06,5.04,1
2444,DECODE,32,0,32,2491.06,4.82,1
2445,DECODE,32,0,32,2492.06,4.68,1
2446,DECODE,32,0,32,2493.06,4.56,1
2447,DECODE,32,0,32,2494.06,4.83,1
2448,DECODE,32,0,32,2495.06,4.71,1
2449,DECODE,32,0,32,2496.06,4.72,1
2450,DECODE,32,0,32,2497.06,4.95,1
2451,DECODE,32,0,32,2498.06,4.81,1
2452,DECODE,32,0,32,2499.06,4.89,1
2453,DECODE,32,0,32,2500.06,4.66,1
2454,DECODE,32,0,32,2501.06,4.66,1
2455,DECODE,32,0,32,2502.06,4.80,1
2456,DECODE,30,0,30,2499.20,4.96,1
2457,DECODE,30,0,30,2500.20,5.25,1
2458,DECODE,30,0,30,2501.20,5.19,1
2459,DECODE,30,0,30,2502.20,5.14,1
2460,DECODE,30,0,30,2503.20,5.17,1
2461,DECODE,30,0,30,2504.20,5.19,1
2462,DECODE,26,0,26,2496.62,5.38,1
2463,DECODE,26,0,26,2497.62,5.01,1
2464,DECODE,26,0,26,2498.62,4.94,1
2465,DECODE,26,0,26,2499.62,5.00,1
2466,DECODE,26,0,26,2500.62,4.93,1
2467,DECODE,26,0,26,2501.62,5.01,1
2468,DECODE,26,0,26,2502.62,4.82,1
2469,DECODE,26,0,26,2503.62,4.97,1
2470,DECODE,26,0,26,2504.62,4.85,1
2471,DECODE,26,0,26,2505.62,5.03,1
2472,DECODE,26,0,26,2506.62,4.88,1
2473,DECODE,26,0,26,2507.62,4.92,1
2474,DECODE,26,0,26,2508.62,5.22,1
2475,DECODE,26,0,26,2509.62,4.91,1
2476,DECODE,26,0,26,2510.62,5.03,1
2477,DECODE,26,0,26,2511.62,5.62,1
2478,DECODE,26,0,26,2512.62,5.34,1
2479,DECODE,26,0,26,2513.62,5.31,1
2480,DECODE,26,0,26,2514.62,4.47,1
2481,DECODE,26,0,26,2515.62,4.31,1
2482,DECODE,26,0,26,2516.62,4.32,1
2483,DECODE,26,0,26,2517.62,4.30,1
2484,DECODE,26,0,26,2518.62,4.30,1
2485,DECODE,26,0,26,2519.62,4.30,1
2486,DECODE,26,0,26,2520.62,4.31,1
2487,DECODE,26,0,26,2521.62,4.29,1
2488,DECODE,26,0,26,2522.62,4.29,1
2489,DECODE,26,0,26,2523.62,4.35,1
2490,DECODE,22,0,22,2518.00,4.92,1
2491,DECODE,22,0,22,2519.00,3.90,1
2492,DECODE,19,0,19,2513.53,3.80,1
2493,DECODE,15,0,15,2502.13,4.47,1
2494,DECODE,15,0,15,2503.13,3.59,1
2495,DECODE,15,0,15,2504.13,3.59,1
2496,DECODE,15,0,15,2505.13,3.56,1
2497,DECODE,15,0,15,2506.13,3.57,1
2498,DECODE,15,0,15,2507.13,3.57,1
2499,DECODE,15,0,15,2508.13,4.37,1
2500,DECODE,15,0,15,2509.13,4.27,1
2501,DECODE,15,0,15,2510.13,4.41,1
2502,DECODE,15,0,15,2511.13,4.28,1
2503,DECODE,15,0,15,2512.13,4.40,1
2504,DECODE,15,0,15,2513.13,4.37,1
2505,DECODE,15,0,15,2514.13,4.33,1
2506,DECODE,14,0,14,2511.86,4.45,1
2507,DECODE,14,0,14,2512.86,4.30,1
2508,DECODE,14,0,14,2513.86,4.26,1
2509,DECODE,14,0,14,2514.86,4.27,1
2510,DECODE,14,0,14,2515.86,4.15,1
2511,DECODE,14,0,14,2516.86,4.13,1
2512,DECODE,14,0,14,2517.86,4.16,1
2513,DECODE,14,0,14,2518.86,4.27,1
2514,DECODE,14,0,14,2519.86,4.25,1
2515,DECODE,14,0,14,2520.86,4.27,1
2516,DECODE,14,0,14,2521.86,4.48,1
2517,DECODE,14,0,14,2522.86,4.38,1
2518,DECODE,14,0,14,2523.86,4.40,1
2519,DECODE,12,0,12,2518.83,6.22,1
2520,DECODE,12,0,12,2519.83,4.26,1
2521,DECODE,12,0,12,2520.83,4.23,1
2522,DECODE,12,0,12,2521.83,4.21,1
2523,DECODE,12,0,12,2522.83,4.21,1
2524,DECODE,12,0,12,2523.83,4.24,1
2525,DECODE,12,0,12,2524.83,3.47,1
2526,DECODE,12,0,12,2525.83,3.96,1
2527,DECODE,12,0,12,2526.83,3.57,1
2528,DECODE,12,0,12,2527.83,3.44,1
2529,DECODE,8,0,8,2512.75,4.09,1
2530,DECODE,7,0,7,2507.00,3.17,1
2531,DECODE,7,0,7,2508.00,3.21,1
2532,DECODE,7,0,7,2509.00,3.80,1
2533,DECODE,7,0,7,2510.00,3.38,1
2534,DECODE,7,0,7,2511.00,3.25,1
2535,DECODE,7,0,7,2512.00,3.22,1
2536,DECODE,7,0,7,2513.00,3.21,1
2537,DECODE,7,0,7,2514.00,3.19,1
2538,DECODE,7,0,7,2515.00,3.17,1
2539,DECODE,7,0,7,2516.00,3.19,1
2540,DECODE,7,0,7,2517.00,3.23,1
2541,DECODE,7,0,7,2518.00,3.23,1
2542,DECODE,7,0,7,2519.00,3.22,1
2543,DECODE,7,0,7,2520.00,3.24,1
2544,DECODE,7,0,7,2521.00,3.21,1
2545,DECODE,7,0,7,2522.00,3.23,1
2546,DECODE,7,0,7,2523.00,3.19,1
2547,DECODE,7,0,7,2524.00,3.25,1
2548,DECODE,7,0,7,2525.00,3.25,1
2549,DECODE,7,0,7,2526.00,3.17,1
2550,DECODE,7,0,7,2527.00,3.21,1
2551,DECODE,7,0,7,2528.00,3.22,1
2552,DECODE,7,0,7,2529.00,3.72,1
2553,DECODE,7,0,7,2530.00,3.24,1
2554,DECODE,7,0,7,2531.00,3.20,1
2555,DECODE,7,0,7,2532.00,3.20,1
2556,DECODE,7,0,7,2533.00,3.18,1
2557,DECODE,7,0,7,2534.00,3.19,1
2558,DECODE,7,0,7,2535.00,3.18,1
2559,DECODE,7,0,7,2536.00,3.24,1
2560,DECODE,7,0,7,2537.00,3.24,1
2561,DECODE,7,0,7,2538.00,3.17,1
2562,DECODE,7,0,7,2539.00,3.78,1
2563,DECODE,7,0,7,2540.00,3.19,1
2564,DECODE,7,0,7,2541.00,3.17,1
2565,DECODE,7,0,7,2542.00,3.18,1
2566,DECODE,7,0,7,2543.00,3.18,1
2567,DECODE,7,0,7,2544.00,3.20,1
2568,DECODE,7,0,7,2545.00,3.30,1
2569,DECODE,3,0,3,2526.00,3.99,1
2570,DECODE,3,0,3,2527.00,3.30,1
2571,DECODE,3,0,3,2528.00,3.22,1
2572,DECODE,3,0,3,2529.00,3.01,1
2573,DECODE,3,0,3,2530.00,3.05,1
2574,DECODE,3,0,3,2531.00,3.09,1
2575,DECODE,3,0,3,2532.00,3.06,1
2576,DECODE,3,0,3,2533.00,3.02,1
2577,DECODE,3,0,3,2534.00,3.15,1
2578,DECODE,3,0,3,2535.00,3.11,1
2579,DECODE,3,0,3,2536.00,3.05,1
2580,DECODE,3,0,3,2537.00,3.04,1
2581,DECODE,3,0,3,2538.00,3.01,1
2582,DECODE,3,0,3,2539.00,3.14,1
2583,DECODE,3,0,3,2540.00,3.03,1
2584,DECODE,3,0,3,2541.00,3.08,1
2585,DECODE,3,0,3,2542.00,3.08,1
2586,DECODE,3,0,3,2543.00,3.60,1
2587,DECODE,3,0,3,2544.00,3.04,1
2588,DECODE,3,0,3,2545.00,3.11,1
2589,DECODE,3,0,3,2546.00,3.02,1
2590,DECODE,3,0,3,2547.00,3.04,1
2591,DECODE,3,0,3,2548.00,3.05,1
2592,DECODE,3,0,3,2549.00,3.04,1
2593,DECODE,3,0,3,2550.00,3.09,1
2594,DECODE,3,0,3,2551.00,3.06,1
2595,DECODE,3,0,3,2552.00,3.05,1
2596,DECODE,3,0,3,2553.00,3.02,1
2597,DECODE,3,0,3,2554.00,3.01,1
2598,DECODE,3,0,3,2555.00,3.02,1
2599,DECODE,3,0,3,2556.00,3.05,1
2600,DECODE,3,0,3,2557.00,3.04,1
2601,DECODE,3,0,3,2558.00,3.05,1
2602,DECODE,3,0,3,2559.00,3.09,1
2603,DECODE,3,0,3,2560.00,3.05,1
2604,EXTEND,4,199,0,49.75,52.18,1
2605,EXTEND,106,8192,0,77.28,65.64,1
2606,EXTEND,32,2338,0,78.06,41.26,1
2607,DECODE,141,0,141,77.82,5.05,1
2608,DECODE,141,0,141,78.82,4.91,1
2609,DECODE,141,0,141,79.82,4.55,1
2610,DECODE,141,0,141,80.82,4.55,1
2611,DECODE,141,0,141,81.82,4.73,1
2612,DECODE,141,0,141,82.82,4.55,1
2613,DECODE,141,0,141,83.82,4.47,1
2614,DECODE,141,0,141,84.82,4.97,1
2615,DECODE,141,0,141,85.82,4.56,1
2616,DECODE,141,0,141,86.82,5.01,1
2617,DECODE,141,0,141,87.82,5.20,1
2618,DECODE,141,0,141,88.82,5.11,1
2619,DECODE,141,0,141,89.82,5.51,1
2620,DECODE,141,0,141,90.82,5.00,1
2621,DECODE,141,0,141,91.82,5.38,1
2622,DECODE,141,0,141,92.82,5.50,1
2623,DECODE,141,0,141,93.82,5.47,1
2624,DECODE,141,0,141,94.82,5.38,1
2625,DECODE,141,0,141,95.82,5.51,1
2626,DECODE,141,0,141,96.82,5.44,1
2627,DECODE,141,0,141,97.82,5.40,1
2628,DECODE,141,0,141,98.82,5.62,1
2629,DECODE,141,0,141,99.82,5.50,1
2630,DECODE,141,0,141,100.82,5.59,1
2631,DECODE,141,0,141,101.82,5.52,1
2632,DECODE,141,0,141,102.82,5.60,1
2633,DECODE,141,0,141,103.82,5.49,1
2634,DECODE,141,0,141,104.82,5.49,1
2635,DECODE,141,0,141,105.82,5.51,1
2636,DECODE,141,0,141,106.82,5.54,1
2637,DECODE,141,0,141,107.82,7.60,1
2638,DECODE,141,0,141,108.82,5.49,1
2639,DECODE,141,0,141,109.82,5.48,1
2640,DECODE,141,0,141,110.82,5.44,1
2641,DECODE,141,0,141,111.82,5.43,1
2642,DECODE,141,0,141,112.82,5.48,1
2643,DECODE,141,0,141,113.82,5.48,1
2644,DECODE,141,0,141,114.82,5.39,1
2645,DECODE,141,0,141,115.82,5.47,1
2646,DECODE,141,0,141,116.82,5.71,1
2647,DECODE,141,0,141,117.82,5.50,1
2648,DECODE,141,0,141,118.82,5.54,1
2649,DECODE,141,0,141,119.82,5.55,1
2650,DECODE,141,0,141,120.82,5.52,1
2651,DECODE,141,0,141,121.82,5.82,1
2652,DECODE,141,0,141,122.82,5.55,1
2653,DECODE,141,0,141,123.82,5.52,1
2654,DECODE,141,0,141,124.82,5.44,1
2655,DECODE,141,0,141,125.82,5.46,1
2656,DECODE,141,0,141,126.82,5.56,1
2657,DECODE,141,0,141,127.82,5.55,1
2658,DECODE,141,0,141,128.82,5.55,1
2659,DECODE,141,0,141,129.82,5.47,1
2660,DECODE,141,0,141,130.82,5.60,1
2661,DECODE,141,0,141,131.82,5.47,1
2662,DECODE,141,0,141,132.82,5.51,1
2663,DECODE,141,0,141,133.82,5.51,1
2664,DECODE,141,0,141,134.82,5.45,1
2665,DECODE,141,0,141,135.82,5.55,1
2666,DECODE,141,0,141,136.82,5.60,1
2667,DECODE,141,0,141,137.82,5.65,1
2668,DECODE,141,0,141,138.82,5.61,1
2669,DECODE,141,0,141,139.82,5.60,1
2670,DECODE,141,0,141,140.82,5.61,1
2671,DECODE,141,0,141,141.82,5.63,1
2672,DECODE,141,0,141,142.82,5.57,1
2673,DECODE,141,0,141,143.82,5.65,1
2674,DECODE,141,0,141,144.82,5.69,1
2675,DECODE,141,0,141,145.82,5.75,1
2676,DECODE,141,0,141,146.82,5.67,1
2677,DECODE,141,0,141,147.82,5.62,1
2678,DECODE,141,0,141,148.82,5.25,1
2679,DECODE,141,0,141,149.82,5.47,1
2680,DECODE,141,0,141,150.82,5.46,1
2681,DECODE,141,0,141,151.82,5.55,1
2682,DECODE,141,0,141,152.82,5.30,1
2683,DECODE,141,0,141,153.82,5.49,1
2684,DECODE,141,0,141,154.82,5.49,1
2685,DECODE,141,0,141,155.82,5.52,1
2686,DECODE,141,0,141,156.82,5.48,1
2687,DECODE,141,0,141,157.82,5.55,1
2688,DECODE,141,0,141,158.82,5.54,1
2689,DECODE,141,0,141,159.82,5.52,1
2690,DECODE,141,0,141,160.82,5.40,1
2691,DECODE,141,0,141,161.82,5.51,1
2692,DECODE,141,0,141,162.82,5.46,1
2693,DECODE,141,0,141,163.82,5.77,1
2694,DECODE,141,0,141,164.82,5.94,1
2695,DECODE,141,0,141,165.82,5.47,1
2696,DECODE,141,0,141,166.82,5.46,1
2697,DECODE,141,0,141,167.82,5.50,1
2698,DECODE,141,0,141,168.82,5.47,1
2699,DECODE,141,0,141,169.82,5.67,1
2700,DECODE,141,0,141,170.82,5.67,1
2701,DECODE,141,0,141,171.82,5.72,1
2702,DECODE,141,0,141,172.82,5.67,1
2703,DECODE,141,0,141,173.82,5.63,1
2704,DECODE,141,0,141,174.82,5.61,1
2705,DECODE,141,0,141,175.82,5.66,1
2706,DECODE,141,0,141,176.82,5.58,1
2707,DECODE,141,0,141,177.82,5.62,1
2708,DECODE,141,0,141,178.82,5.94,1
2709,DECODE,141,0,141,179.82,5.63,1
2710,EXTEND,3,143,0,53.00,42.36,1
2711,EXTEND,108,8192,0,80.94,46.97,1
2712,EXTEND,99,8192,0,87.96,67.68,1
2713,EXTEND,116,8192,0,77.76,47.96,1
2714,EXTEND,109,8192,0,81.17,51.09,1
2715,EXTEND,100,8192,0,87.57,46.62,1
2716,EXTEND,116,8192,0,76.84,48.17,1
2717,EXTEND,109,8192,0,81.57,46.28,1
2718,EXTEND,106,7723,0,79.14,49.26,1
2719,DECODE,1000,0,1000,96.33,34.74,1
2720,DECODE,1000,0,1000,97.33,37.10,1
2721,DECODE,1000,0,1000,98.33,17.74,1
2722,DECODE,1000,0,1000,99.33,17.24,1
2723,DECODE,1000,0,1000,100.33,17.17,1
2724,DECODE,1000,0,1000,101.33,17.46,1
2725,DECODE,1000,0,1000,102.33,17.32,1
2726,DECODE,1000,0,1000,103.33,17.20,1
2727,DECODE,1000,0,1000,104.33,17.29,1
2728,DECODE,1000,0,1000,105.33,17.21,1
2729,DECODE,1000,0,1000,106.33,17.05,1
2730,DECODE,1000,0,1000,107.33,18.27,1
2731,DECODE,1000,0,1000,108.33,17.55,1
2732,DECODE,1000,0,1000,109.33,17.61,1
2733,DECODE,1000,0,1000,110.33,17.71,1
2734,DECODE,1000,0,1000,111.33,17.40,1
2735,DECODE,1000,0,1000,112.33,18.31,1
2736,DECODE,1000,0,1000,113.33,17.86,1
2737,DECODE,1000,0,1000,114.33,17.60,1
2738,DECODE,1000,0,1000,115.33,17.80,1
2739,DECODE,1000,0,1000,116.33,17.93,1
2740,DECODE,1000,0,1000,117.33,17.40,1
2741,DECODE,1000,0,1000,118.33,17.71,1
2742,DECODE,1000,0,1000,119.33,17.65,1
2743,DECODE,1000,0,1000,120.33,17.28,1
2744,DECODE,1000,0,1000,121.33,17.12,1
2745,DECODE,1000,0,1000,122.33,17.21,1
2746,DECODE,1000,0,1000,123.33,18.02,1
2747,DECODE,1000,0,1000,124.33,17.54,1
2748,DECODE,1000,0,1000,125.33,17.38,1
2749,DECODE,1000,0,1000,126.33,17.67,1
2750,DECODE,1000,0,1000,127.33,17.52,1
2751,DECODE,1000,0,1000,128.33,17.57,1
2752,DECODE,1000,0,1000,129.33,17.53,1
2753,DECODE,1000,0,1000,130.33,18.88,1
2754,DECODE,1000,0,1000,131.33,18.02,1
2755,DECODE,1000,0,1000,132.33,17.60,1
2756,DECODE,1000,0,1000,133.33,17.58,1
2757,DECODE,1000,0,1000,134.33,17.53,1
2758,DECODE,1000,0,1000,135.33,17.40,1
2759,DECODE,1000,0,1000,136.33,17.33,1
2760,DECODE,1000,0,1000,137.33,17.59,1
2761,DECODE,999,0,999,138.28,20.34,1
2762,EXTEND,1,71,0,78.00,24.11,1
2763,DECODE,1000,0,1000,139.22,17.31,1
2764,DECODE,1000,0,1000,140.22,17.39,1
2765,DECODE,1000,0,1000,141.22,17.38,1
2766,DECODE,1000,0,1000,142.22,17.12,1
2767,DECODE,1000,0,1000,143.22,17.26,1
2768,DECODE,999,0,999,144.17,18.09,1
2769,EXTEND,1,43,0,48.00,22.48,1
2770,DECODE,1000,0,1000,145.07,17.41,1
2771,DECODE,1000,0,1000,146.07,17.20,1
2772,DECODE,1000,0,1000,147.07,17.26,1
2773,DECODE,1000,0,1000,148.07,21.39,1
2774,DECODE,1000,0,1000,149.07,17.21,1
2775,DECODE,1000,0,1000,150.07,17.11,1
2776,DECODE,1000,0,1000,151.07,17.94,1
2777,DECODE,1000,0,1000,152.07,18.24,1
2778,DECODE,1000,0,1000,153.07,18.20,1
2779,DECODE,1000,0,1000,154.07,17.26,1
2780,DECODE,1000,0,1000,155.07,17.27,1
2781,DECODE,1000,0,1000,156.07,18.59,1
2782,DECODE,1000,0,1000,157.07,17.81,1
2783,DECODE,1000,0,1000,158.07,17.23,1
2784,DECODE,1000,0,1000,159.07,17.96,1
2785,DECODE,999,0,999,160.03,18.15,1
2786,EXTEND,1,56,0,64.00,15.97,1
2787,DECODE,999,0,999,160.87,17.89,1
2788,EXTEND,1,50,0,54.00,21.77,1
2789,DECODE,1000,0,1000,161.76,18.31,1
2790,DECODE,1000,0,1000,162.76,18.29,1
2791,DECODE,1000,0,1000,163.76,17.69,1
2792,DECODE,1000,0,1000,164.76,17.09,1
2793,DECODE,1000,0,1000,165.76,17.29,1
2794,DECODE,1000,0,1000,166.76,17.65,1
2795,DECODE,999,0,999,167.69,17.42,1
2796,EXTEND,1,45,0,50.00,21.73,1
2797,DECODE,1000,0,1000,168.57,18.33,1
2798,DECODE,1000,0,1000,169.57,17.17,1
2799,DECODE,1000,0,1000,170.57,17.14,1
2800,DECODE,1000,0,1000,171.57,18.32,1
2801,DECODE,1000,0,1000,172.57,17.50,1
2802,DECODE,1000,0,1000,173.57,17.42,1
2803,DECODE,1000,0,1000,174.57,17.44,1
2804,DECODE,1000,0,1000,175.57,17.41,1
2805,DECODE,999,0,999,176.53,20.03,1
2806,EXTEND,1,52,0,60.00,25.51,1
2807,DECODE,1000,0,1000,177.41,17.49,1
2808,DECODE,1000,0,1000,178.41,17.10,1
2809,DECODE,999,0,999,179.36,18.56,1
2810,EXTEND,1,135,0,140.00,25.52,1
2811,DECODE,1000,0,1000,180.32,17.52,1
2812,DECODE,1000,0,1000,181.32,18.15,1
2813,DECODE,999,0,999,182.29,17.30,1
2814,EXTEND,1,62,0,69.00,20.29,1
2815,DECODE,1000,0,1000,183.17,17.02,1
2816,DECODE,1000,0,1000,184.17,17.36,1
2817,DECODE,1000,0,1000,185.17,17.92,1
2818,DECODE,1000,0,1000,186.17,17.39,1
2819,DECODE,1000,0,1000,187.17,17.08,1
2820,DECODE,1000,0,1000,188.17,17.92,1
2821,DECODE,999,0,999,189.11,17.53,1
2822,EXTEND,1,99,0,102.00,27.33,1
2823,DECODE,999,0,999,189.95,17.51,1
2824,EXTEND,1,99,0,103.00,16.46,1
2825,DECODE,1000,0,1000,190.86,17.10,1
2826,DECODE,1000,0,1000,191.86,17.18,1
2827,DECODE,1000,0,1000,192.86,17.37,1
2828,DECODE,1000,0,1000,193.86,17.36,1
2829,DECODE,1000,0,1000,194.86,17.39,1
2830,DECODE,1000,0,1000,195.86,17.97,1
2831,DECODE,999,0,999,196.81,17.62,1
2832,EXTEND,1,57,0,63.00,21.43,1
2833,DECODE,999,0,999,197.62,17.37,1
2834,EXTEND,1,55,0,60.00,19.97,1
2835,DECODE,1000,0,1000,198.48,17.31,1
2836,DECODE,1000,0,1000,199.48,17.80,1
2837,DECODE,1000,0,1000,200.48,17.62,1
2838,DECODE,999,0,999,201.53,17.88,1
2839,EXTEND,1,56,0,60.00,15.49,1
2840,EXTEND,1,50,0,55.00,15.32,1
2841,DECODE,1000,0,1000,202.19,17.67,1
2842,DECODE,1000,0,1000,203.19,17.08,1
2843,DECODE,1000,0,1000,204.19,17.47,1
2844,DECODE,1000,0,1000,205.19,17.29,1
2845,DECODE,999,0,999,206.12,17.67,1
2846,EXTEND,1,49,0,60.00,19.73,1
2847,DECODE,1000,0,1000,206.98,17.40,1
2848,DECODE,1000,0,1000,207.98,17.50,1
2849,DECODE,999,0,999,208.91,17.57,1
2850,EXTEND,1,70,0,75.00,24.76,1
2851,DECODE,997,0,997,209.59,20.85,1
2852,EXTEND,3,444,0,152.67,24.16,1
2853,DECODE,1000,0,1000,210.42,18.07,1
2854,DECODE,1000,0,1000,211.42,32.39,1
2855,DECODE,1000,0,1000,212.42,18.47,1
2856,DECODE,999,0,999,213.33,17.63,1
2857,EXTEND,1,52,0,57.00,15.91,1
2858,DECODE,1000,0,1000,214.17,17.27,1
2859,DECODE,1000,0,1000,215.17,17.34,1
2860,DECODE,999,0,999,216.22,17.51,1
2861,EXTEND,1,138,0,142.00,23.74,1
2862,EXTEND,1,83,0,88.00,25.64,1
2863,EXTEND,2,160,0,84.50,17.34,1
2864,DECODE,1000,0,1000,216.56,17.63,1
2865,DECODE,1000,0,1000,217.56,18.19,1
2866,DECODE,1000,0,1000,218.56,17.31,1
2867,DECODE,1000,0,1000,219.56,17.50,1
2868,DECODE,1000,0,1000,220.56,17.35,1
2869,DECODE,1000,0,1000,221.56,17.29,1
2870,DECODE,1000,0,1000,222.56,17.42,1
2871,DECODE,1000,0,1000,223.56,17.42,1
2872,DECODE,999,0,999,224.60,18.10,1
2873,EXTEND,1,56,0,62.00,15.68,1
2874,EXTEND,1,48,0,51.00,16.31,1
2875,EXTEND,1,30,0,39.00,20.43,1
2876,DECODE,1000,0,1000,225.17,17.33,1
2877,DECODE,1000,0,1000,226.17,24.03,1
2878,DECODE,1000,0,1000,227.17,18.65,1
2879,DECODE,1000,0,1000,228.17,17.84,1
2880,DECODE,1000,0,1000,229.17,17.55,1
2881,DECODE,1000,0,1000,230.17,17.38,1
2882,DECODE,1000,0,1000,231.17,17.23,1
2883,DECODE,1000,0,1000,232.17,17.64,1
2884,DECODE,1000,0,1000,233.17,18.71,1
2885,DECODE,999,0,999,234.11,18.63,1
2886,EXTEND,1,75,0,80.00,26.53,1
2887,DECODE,1000,0,1000,234.96,17.93,1
2888,DECODE,1000,0,1000,235.96,18.68,1
2889,DECODE,999,0,999,236.88,17.61,1
2890,EXTEND,1,69,0,72.00,26.19,1
2891,EXTEND,1,68,0,79.00,25.39,1
2892,EXTEND,3,187,0,73.33,23.32,1
2893,DECODE,1000,0,1000,237.09,19.03,1
2894,DECODE,1000,0,1000,238.09,17.72,1
2895,DECODE,1000,0,1000,239.09,17.38,1
2896,DECODE,1000,0,1000,240.09,19.14,1
2897,DECODE,1000,0,1000,241.09,18.45,1
2898,DECODE,997,0,997,242.25,19.32,1
2899,EXTEND,3,159,0,58.67,24.03,1
2900,DECODE,1000,0,1000,242.70,18.25,1
2901,DECODE,1000,0,1000,243.70,17.81,1
2902,DECODE,1000,0,1000,244.70,17.39,1
2903,DECODE,1000,0,1000,245.70,17.54,1
2904,DECODE,999,0,999,246.65,17.97,1
2905,EXTEND,1,35,0,41.00,20.50,1
2906,DECODE,999,0,999,247.48,18.56,1
2907,EXTEND,1,108,0,112.00,27.65,1
2908,DECODE,999,0,999,248.30,17.41,1
2909,EXTEND,1,63,0,71.00,21.18,1
2910,DECODE,999,0,999,249.07,17.51,1
2911,EXTEND,1,196,0,203.00,22.28,1
2912,DECODE,999,0,999,250.05,17.93,1
2913,EXTEND,1,116,0,121.00,28.10,1
2914,DECODE,999,0,999,250.96,17.58,1
2915,EXTEND,1,64,0,71.00,15.35,1
2916,DECODE,999,0,999,251.71,17.74,1
2917,EXTEND,1,43,0,60.00,15.43,1
2918,DECODE,1000,0,1000,252.52,17.22,1
2919,DECODE,1000,0,1000,253.52,17.10,1
2920,DECODE,1000,0,1000,254.52,17.04,1
2921,DECODE,998,0,998,255.50,20.18,1
2922,EXTEND,2,136,0,75.50,15.51,1
2923,EXTEND,1,72,0,78.00,15.29,1
2924,EXTEND,1,49,0,56.00,16.30,1
2925,DECODE,1000,0,1000,255.72,17.11,1
2926,DECODE,1000,0,1000,256.72,17.16,1
2927,DECODE,999,0,999,257.65,17.79,1
2928,EXTEND,1,83,0,87.00,15.76,1
2929,DECODE,999,0,999,258.50,17.51,1
2930,EXTEND,1,114,0,118.00,25.75,1
2931,DECODE,1000,0,1000,259.36,17.09,1
2932,DECODE,1000,0,1000,260.36,17.14,1
2933,DECODE,997,0,997,261.37,17.36,1
2934,EXTEND,3,213,0,77.33,23.13,1
2935,DECODE,999,0,999,261.86,17.51,1
2936,EXTEND,1,44,0,50.00,22.76,1
2937,DECODE,998,0,998,262.63,18.76,1
2938,EXTEND,2,71,0,41.00,16.47,1
2939,DECODE,999,0,999,263.23,17.46,1
2940,EXTEND,1,53,0,63.00,19.40,1
2941,DECODE,999,0,999,264.07,17.43,1
2942,EXTEND,1,36,0,45.00,20.13,1
2943,DECODE,996,0,996,264.87,20.05,1
2944,EXTEND,4,275,0,73.75,24.13,1
2945,DECODE,999,0,999,265.14,17.84,1
2946,EXTEND,1,36,0,44.00,15.40,1
2947,DECODE,997,0,997,265.90,17.54,1
2948,EXTEND,3,166,0,62.00,22.59,1
2949,DECODE,998,0,998,266.26,17.85,1
2950,EXTEND,2,90,0,52.00,31.37,1
2951,DECODE,999,0,999,266.74,17.70,1
2952,EXTEND,1,49,0,56.00,15.62,1
2953,DECODE,998,0,998,267.50,18.04,1
2954,EXTEND,2,104,0,57.00,16.51,1
2955,DECODE,999,0,999,268.12,17.72,1
2956,EXTEND,1,82,0,94.00,25.27,1
2957,DECODE,999,0,999,268.97,17.77,1
2958,EXTEND,1,46,0,54.00,22.24,1
2959,DECODE,999,0,999,269.78,17.90,1
2960,EXTEND,1,106,0,124.00,26.84,1
2961,DECODE,998,0,998,270.59,18.55,1
2962,EXTEND,2,123,0,66.50,39.21,1
2963,DECODE,999,0,999,271.23,26.39,1
2964,EXTEND,1,25,0,35.00,26.66,1
2965,DECODE,998,0,998,272.01,18.27,1
2966,EXTEND,2,92,0,52.00,27.38,1
2967,DECODE,999,0,999,272.61,18.14,1
2968,EXTEND,1,108,0,112.00,15.61,1
2969,DECODE,998,0,998,273.46,18.04,1
2970,EXTEND,2,514,0,263.00,41.87,1
2971,DECODE,997,0,997,274.29,19.06,1
2972,EXTEND,3,150,0,56.33,40.30,1
2973,DECODE,1000,0,1000,274.64,26.89,1
2974,DECODE,1000,0,1000,275.64,17.74,1
2975,DECODE,1000,0,1000,276.64,18.34,1
2976,DECODE,996,0,996,277.68,19.39,1
2977,EXTEND,4,290,0,79.00,25.74,1
2978,EXTEND,2,154,0,81.00,25.04,1
2979,DECODE,1000,0,1000,277.53,17.71,1
2980,DECODE,1000,0,1000,278.53,18.04,1
2981,DECODE,999,0,999,279.42,18.01,1
2982,EXTEND,1,38,0,47.00,20.20,1
2983,DECODE,997,0,997,280.28,18.27,1
2984,EXTEND,3,329,0,115.33,24.05,1
2985,DECODE,998,0,998,280.75,17.81,1
2986,EXTEND,2,170,0,94.50,22.95,1
2987,DECODE,998,0,998,281.45,17.63,1
2988,EXTEND,2,193,0,101.00,22.36,1
2989,DECODE,1000,0,1000,282.09,17.33,1
2990,DECODE,1000,0,1000,283.09,17.40,1
2991,DECODE,999,0,999,284.13,17.67,1
2992,EXTEND,1,102,0,105.00,26.93,1
2993,EXTEND,1,157,0,160.00,22.41,1
2994,EXTEND,1,230,0,238.00,27.28,1
2995,DECODE,1000,0,1000,284.81,18.65,1
2996,DECODE,1000,0,1000,285.81,17.86,1
2997,DECODE,999,0,999,286.82,17.58,1
2998,EXTEND,1,54,0,59.00,20.92,1
2999,EXTEND,1,32,0,41.00,15.44,1
3000,DECODE,1000,0,1000,287.37,17.67,1
3001,DECODE,1000,0,1000,288.37,17.21,1
3002,DECODE,999,0,999,289.42,17.54,1
3003,EXTEND,1,57,0,62.00,16.26,1
3004,EXTEND,3,238,0,86.00,15.99,1
3005,DECODE,1000,0,1000,289.67,17.39,1
3006,DECODE,1000,0,1000,290.67,18.71,1
3007,DECODE,998,0,998,291.46,17.94,1
3008,EXTEND,2,107,0,58.50,27.40,1
3009,EXTEND,2,178,0,93.00,22.99,1
3010,DECODE,1000,0,1000,291.53,17.84,1
3011,DECODE,1000,0,1000,292.53,17.80,1
3012,DECODE,999,0,999,293.50,18.05,1
3013,EXTEND,1,54,0,59.00,15.67,1
3014,DECODE,999,0,999,294.31,17.61,1
3015,EXTEND,1,123,0,128.00,15.68,1
3016,DECODE,997,0,997,295.19,17.67,1
3017,EXTEND,3,230,0,83.00,16.62,1
3018,DECODE,997,0,997,295.61,17.92,1
3019,EXTEND,3,260,0,93.00,24.89,1
3020,DECODE,1000,0,1000,296.00,17.51,1
3021,DECODE,1000,0,1000,297.00,17.30,1
3022,DECODE,998,0,998,297.97,17.61,1
3023,EXTEND,2,116,0,63.50,15.39,1
3024,EXTEND,1,87,0,93.00,25.49,1
3025,EXTEND,2,81,0,49.00,25.57,1
3026,DECODE,1000,0,1000,297.88,17.43,1
3027,DECODE,1000,0,1000,298.88,18.70,1
3028,DECODE,998,0,998,299.79,18.03,1
3029,EXTEND,2,172,0,91.00,25.17,1
3030,DECODE,998,0,998,300.43,17.75,1
3031,EXTEND,2,163,0,91.50,24.11,1
3032,DECODE,1000,0,1000,301.01,17.85,1
3033,DECODE,1000,0,1000,302.01,17.76,1
3034,DECODE,998,0,998,302.84,18.01,1
3035,EXTEND,2,188,0,100.50,25.58,1
3036,EXTEND,3,184,0,66.67,15.77,1
3037,EXTEND,2,229,0,120.50,24.38,1
3038,DECODE,1000,0,1000,302.49,17.64,1
3039,DECODE,1000,0,1000,303.49,17.46,1
3040,DECODE,998,0,998,304.54,17.55,1
3041,EXTEND,2,106,0,58.50,15.61,1
3042,DECODE,999,0,999,305.08,17.44,1
3043,EXTEND,1,35,0,44.00,15.41,1
3044,DECODE,997,0,997,305.76,17.41,1
3045,EXTEND,3,233,0,82.67,23.84,1
3046,DECODE,998,0,998,306.02,17.66,1
3047,EXTEND,2,121,0,68.00,28.90,1
3048,DECODE,999,0,999,306.55,17.71,1
3049,EXTEND,1,58,0,64.00,20.47,1
3050,DECODE,1000,0,1000,307.31,17.76,1
3051,DECODE,1000,0,1000,308.31,17.23,1
3052,DECODE,998,0,998,309.21,17.49,1
3053,EXTEND,2,419,0,215.00,23.30,1
3054,EXTEND,1,97,0,105.00,27.58,1
3055,EXTEND,2,83,0,50.00,15.44,1
3056,DECODE,1000,0,1000,309.07,17.70,1
3057,DECODE,1000,0,1000,310.07,19.51,1
3058,DECODE,997,0,997,311.09,20.62,1
3059,EXTEND,3,151,0,57.67,22.99,1
3060,EXTEND,3,240,0,84.67,16.14,1
3061,EXTEND,2,95,0,52.00,25.87,1
3062,DECODE,1000,0,1000,310.21,17.87,1
3063,DECODE,1000,0,1000,311.21,17.31,1
3064,DECODE,1000,0,1000,312.21,17.55,1
3065,DECODE,999,0,999,313.24,17.51,1
3066,EXTEND,1,75,0,79.00,15.76,1
3067,EXTEND,1,64,0,70.00,15.60,1
3068,DECODE,1000,0,1000,313.76,18.01,1
3069,DECODE,1000,0,1000,314.76,17.30,1
3070,DECODE,999,0,999,315.77,17.97,1
3071,DECODE,997,0,997,316.80,18.16,1
3072,EXTEND,3,158,0,60.33,23.84,1
3073,EXTEND,1,89,0,97.00,25.35,1
3074,EXTEND,1,108,0,114.00,15.77,1
3075,DECODE,1000,0,1000,316.42,17.32,1
3076,DECODE,1000,0,1000,317.42,17.45,1
3077,DECODE,998,0,998,318.38,17.83,1
3078,EXTEND,2,231,0,121.50,23.85,1
3079,EXTEND,2,170,0,97.00,15.88,1
3080,EXTEND,1,129,0,134.00,23.42,1
3081,DECODE,1000,0,1000,318.42,17.69,1
3082,DECODE,1000,0,1000,319.42,17.74,1
3083,DECODE,999,0,999,320.43,17.77,1
3084,EXTEND,1,93,0,97.00,27.61,1
3085,DECODE,997,0,997,321.10,18.30,1
3086,EXTEND,3,255,0,93.00,26.37,1
3087,DECODE,999,0,999,321.43,18.41,1
3088,EXTEND,1,73,0,82.00,27.52,1
3089,DECODE,998,0,998,322.08,17.78,1
3090,EXTEND,2,98,0,55.50,28.29,1
3091,DECODE,998,0,998,322.52,18.30,1
3092,EXTEND,2,154,0,82.00,16.47,1
3093,DECODE,1000,0,1000,323.04,18.60,1
3094,DECODE,1000,0,1000,324.04,18.11,1
3095,DECODE,1000,0,1000,325.04,17.79,1
3096,DECODE,999,0,999,326.02,17.93,1
3097,EXTEND,1,90,0,94.00,15.98,1
3098,EXTEND,1,63,0,71.00,15.88,1
3099,EXTEND,3,137,0,51.00,23.42,1
3100,DECODE,1000,0,1000,325.59,18.21,1
3101,DECODE,1000,0,1000,326.59,18.20,1
3102,DECODE,1000,0,1000,327.59,18.01,1
3103,DECODE,997,0,997,328.45,18.51,1
3104,EXTEND,3,235,0,84.33,24.84,1
3105,EXTEND,2,105,0,62.00,27.39,1
3106,EXTEND,1,42,0,48.00,22.06,1
3107,DECODE,1000,0,1000,327.90,17.72,1
3108,DECODE,1000,0,1000,328.90,17.91,1
3109,DECODE,999,0,999,329.92,17.73,1
3110,EXTEND,1,59,0,67.00,21.07,1
3111,EXTEND,1,42,0,47.00,15.72,1
3112,EXTEND,2,95,0,54.50,15.75,1
3113,DECODE,1000,0,1000,329.75,17.72,1
3114,DECODE,1000,0,1000,330.75,17.23,1
3115,DECODE,999,0,999,331.71,17.94,1
3116,EXTEND,1,55,0,59.00,15.89,1
3117,EXTEND,1,38,0,43.00,15.47,1
3118,EXTEND,2,146,0,77.00,22.66,1
3119,DECODE,1000,0,1000,331.61,17.71,1
3120,DECODE,1000,0,1000,332.61,17.63,1
3121,DECODE,997,0,997,333.63,18.57,1
3122,EXTEND,3,410,0,143.33,31.60,1
3123,EXTEND,4,189,0,52.00,35.07,1
3124,EXTEND,1,31,0,40.00,21.02,1
3125,DECODE,1000,0,1000,332.48,18.25,1
3126,DECODE,1000,0,1000,333.48,17.79,1
3127,DECODE,999,0,999,334.34,17.73,1
3128,EXTEND,1,47,0,64.00,22.18,1
3129,EXTEND,1,77,0,85.00,25.68,1
3130,EXTEND,1,98,0,103.00,16.32,1
3131,DECODE,1000,0,1000,334.49,17.43,1
3132,DECODE,1000,0,1000,335.49,17.42,1
3133,DECODE,998,0,998,336.48,17.57,1
3134,EXTEND,2,178,0,96.50,16.30,1
3135,EXTEND,1,67,0,72.00,24.43,1
3136,EXTEND,4,585,0,152.25,25.06,1
3137,DECODE,1000,0,1000,335.87,18.18,1
3138,DECODE,1000,0,1000,336.87,17.82,1
3139,DECODE,997,0,997,337.85,18.32,1
3140,EXTEND,3,148,0,57.00,24.65,1
3141,DECODE,999,0,999,338.01,17.55,1
3142,EXTEND,1,55,0,60.00,16.01,1
3143,DECODE,997,0,997,338.60,17.93,1
3144,EXTEND,3,381,0,133.67,25.57,1
3145,DECODE,1000,0,1000,338.98,17.45,1
3146,DECODE,1000,0,1000,339.98,18.21,1
3147,DECODE,997,0,997,340.86,18.52,1
3148,EXTEND,3,323,0,115.33,24.77,1
3149,EXTEND,2,109,0,62.50,28.18,1
3150,EXTEND,1,67,0,72.00,15.44,1
3151,DECODE,1000,0,1000,340.37,19.15,1
3152,DECODE,1000,0,1000,341.37,17.39,1
3153,DECODE,999,0,999,342.26,18.10,1
3154,EXTEND,1,75,0,81.00,15.87,1
3155,EXTEND,3,155,0,56.67,22.94,1
3156,EXTEND,1,56,0,63.00,15.50,1
3157,DECODE,1000,0,1000,341.71,17.55,1
3158,DECODE,1000,0,1000,342.71,17.35,1
3159,DECODE,997,0,997,343.58,17.55,1
3160,EXTEND,3,259,0,91.67,22.80,1
3161,EXTEND,2,98,0,55.00,16.67,1
3162,DECODE,998,0,998,343.23,17.85,1
3163,DECODE,998,0,998,344.23,17.71,1
3164,EXTEND,2,172,0,92.50,15.81,1
3165,DECODE,997,0,997,344.68,17.75,1
3166,EXTEND,3,212,0,76.00,22.55,1
3167,DECODE,999,0,999,344.86,17.83,1
3168,EXTEND,1,36,0,45.00,15.65,1
3169,DECODE,999,0,999,345.55,17.96,1
3170,EXTEND,1,58,0,66.00,15.34,1
3171,DECODE,997,0,997,346.19,17.34,1
3172,EXTEND,3,110,0,42.33,15.66,1
3173,DECODE,998,0,998,346.24,18.09,1
3174,EXTEND,2,96,0,58.00,15.69,1
3175,DECODE,998,0,998,346.64,18.07,1
3176,EXTEND,2,128,0,69.00,15.61,1
3177,DECODE,1000,0,1000,347.09,17.65,1
3178,DECODE,1000,0,1000,348.09,18.03,1
3179,DECODE,998,0,998,349.07,18.32,1
3180,EXTEND,2,68,0,39.00,15.67,1
3181,DECODE,998,0,998,349.42,18.07,1
3182,EXTEND,2,556,0,282.00,26.04,1
3183,DECODE,998,0,998,350.20,17.70,1
3184,EXTEND,2,60,0,37.50,20.69,1
3185,DECODE,998,0,998,350.42,17.56,1
3186,EXTEND,2,160,0,84.50,15.77,1
3187,DECODE,998,0,998,350.83,18.48,1
3188,EXTEND,2,145,0,76.00,22.79,1
3189,DECODE,998,0,998,351.11,17.73,1
3190,EXTEND,2,88,0,52.50,15.56,1
3191,DECODE,995,0,995,351.26,20.58,1
3192,EXTEND,5,525,0,109.60,23.39,1
3193,DECODE,998,0,998,351.18,18.06,1
3194,EXTEND,2,108,0,59.50,16.13,1
3195,DECODE,999,0,999,351.56,17.65,1
3196,EXTEND,1,55,0,60.00,15.52,1
3197,DECODE,996,0,996,352.02,17.78,1
3198,EXTEND,4,276,0,76.00,23.06,1
3199,DECODE,998,0,998,351.84,17.55,1
3200,EXTEND,2,174,0,93.00,22.92,1
3201,DECODE,998,0,998,352.25,17.85,1
3202,EXTEND,2,97,0,53.00,15.51,1
3203,DECODE,999,0,999,352.64,17.66,1
3204,EXTEND,1,62,0,66.00,15.43,1
3205,DECODE,999,0,999,353.34,17.48,1
3206,EXTEND,1,99,0,103.00,15.81,1
3207,DECODE,999,0,999,353.94,18.97,1
3208,EXTEND,1,216,0,220.00,17.09,1
3209,DECODE,999,0,999,354.80,17.84,1
3210,EXTEND,1,37,0,43.00,21.82,1
3211,DECODE,999,0,999,355.48,18.19,1
3212,EXTEND,1,60,0,65.00,16.30,1
3213,DECODE,994,0,994,355.92,21.83,1
3214,EXTEND,6,345,0,64.00,23.06,1
3215,DECODE,997,0,997,354.92,17.98,1
3216,EXTEND,3,230,0,84.33,19.62,1
3217,DECODE,1000,0,1000,355.11,17.82,1
3218,DECODE,1000,0,1000,356.11,17.68,1
3219,DECODE,1000,0,1000,357.11,18.00,1
3220,DECODE,999,0,999,358.08,17.90,1
3221,EXTEND,1,50,0,56.00,16.55,1
3222,EXTEND,5,432,0,92.20,15.97,1
3223,EXTEND,1,102,0,122.00,15.57,1
3224,DECODE,1000,0,1000,356.93,17.55,1
3225,DECODE,1000,0,1000,357.93,17.62,1
3226,DECODE,998,0,998,358.82,18.34,1
3227,EXTEND,2,143,0,79.00,15.87,1
3228,EXTEND,2,107,0,61.00,15.91,1
3229,EXTEND,2,60,0,37.50,15.70,1
3230,DECODE,1000,0,1000,357.65,17.83,1
3231,DECODE,1000,0,1000,358.65,17.85,1
3232,DECODE,1000,0,1000,359.65,17.41,1
3233,DECODE,998,0,998,360.55,18.02,1
3234,EXTEND,2,126,0,68.00,27.79,1
3235,EXTEND,2,102,0,57.00,16.02,1
3236,DECODE,1000,0,1000,360.32,17.68,1
3237,DECODE,1000,0,1000,361.32,17.69,1
3238,DECODE,998,0,998,362.25,17.63,1
3239,EXTEND,2,171,0,95.00,23.31,1
3240,EXTEND,2,183,0,95.50,22.61,1
3241,DECODE,1000,0,1000,362.01,18.64,1
3242,DECODE,1000,0,1000,363.01,21.92,1
3243,DECODE,996,0,996,363.82,20.70,1
3244,EXTEND,4,192,0,54.00,16.10,1
3245,DECODE,999,0,999,363.55,18.37,1
3246,EXTEND,1,214,0,222.00,22.51,1
3247,DECODE,999,0,999,364.38,17.66,1
3248,EXTEND,1,54,0,59.00,15.84,1
3249,DECODE,999,0,999,365.03,17.56,1
3250,EXTEND,1,34,0,50.00,19.81,1
3251,DECODE,997,0,997,365.52,17.72,1
3252,EXTEND,3,155,0,58.67,15.95,1
3253,DECODE,1000,0,1000,365.60,18.16,1
3254,DECODE,1000,0,1000,366.60,18.27,1
3255,DECODE,998,0,998,367.54,18.03,1
3256,EXTEND,2,136,0,74.00,15.96,1
3257,EXTEND,2,69,0,40.00,15.69,1
3258,EXTEND,3,133,0,54.67,23.20,1
3259,DECODE,1000,0,1000,366.10,17.66,1
3260,DECODE,1000,0,1000,367.10,17.61,1
3261,DECODE,1000,0,1000,368.10,17.59,1
3262,DECODE,999,0,999,368.96,17.92,1
3263,EXTEND,1,53,0,64.00,15.69,1
3264,DECODE,998,0,998,369.54,18.60,1
3265,EXTEND,2,105,0,59.00,15.84,1
3266,DECODE,1000,0,1000,369.92,17.98,1
3267,DECODE,1000,0,1000,370.92,17.57,1
3268,DECODE,999,0,999,371.82,17.91,1
3269,EXTEND,1,40,0,97.00,15.80,1
3270,EXTEND,4,351,0,92.75,22.22,1
3271,EXTEND,2,158,0,90.00,15.52,1
3272,DECODE,1000,0,1000,370.60,17.59,1
3273,DECODE,1000,0,1000,371.60,17.49,1
3274,DECODE,998,0,998,372.48,17.81,1
3275,EXTEND,2,181,0,94.50,23.76,1
3276,EXTEND,1,57,0,62.00,15.84,1
3277,EXTEND,1,34,0,39.00,15.46,1
3278,DECODE,1000,0,1000,372.07,17.50,1
3279,DECODE,1000,0,1000,373.07,17.49,1
3280,DECODE,999,0,999,374.03,17.74,1
3281,EXTEND,1,43,0,48.00,15.70,1
3282,EXTEND,1,212,0,221.00,16.43,1
3283,EXTEND,2,124,0,68.00,27.27,1
3284,DECODE,1000,0,1000,373.67,17.43,1
3285,DECODE,1000,0,1000,374.67,17.34,1
3286,DECODE,999,0,999,375.34,17.83,1
3287,EXTEND,1,44,0,50.00,15.69,1
3288,DECODE,1000,0,1000,376.02,17.71,1
3289,DECODE,1000,0,1000,377.02,17.74,1
3290,DECODE,998,0,998,377.94,18.51,1
3291,EXTEND,2,145,0,84.50,15.49,1
3292,DECODE,997,0,997,378.11,18.11,1
3293,EXTEND,3,131,0,48.67,23.57,1
3294,DECODE,998,0,998,377.99,17.48,1
3295,EXTEND,2,105,0,66.50,15.54,1
3296,DECODE,999,0,999,378.31,17.90,1
3297,EXTEND,1,33,0,39.00,15.48,1
3298,DECODE,998,0,998,378.84,18.28,1
3299,EXTEND,2,138,0,74.00,16.08,1
3300,DECODE,1000,0,1000,379.23,17.23,1
3301,DECODE,1000,0,1000,380.23,17.56,1
3302,DECODE,999,0,999,381.16,18.61,1
3303,EXTEND,1,374,0,395.00,22.97,1
3304,EXTEND,1,92,0,97.00,15.90,1
3305,EXTEND,4,360,0,95.75,22.03,1
3306,DECODE,1000,0,1000,380.63,17.68,1
3307,DECODE,1000,0,1000,381.63,17.43,1
3308,DECODE,997,0,997,382.39,17.95,1
3309,EXTEND,3,131,0,50.33,15.71,1
3310,DECODE,996,0,996,381.98,18.45,1
3311,EXTEND,4,193,0,54.00,16.42,1
3312,DECODE,996,0,996,380.97,17.95,1
3313,EXTEND,4,243,0,67.75,24.65,1
3314,DECODE,1000,0,1000,380.72,18.40,1
3315,DECODE,1000,0,1000,381.72,17.48,1
3316,DECODE,996,0,996,382.50,17.83,1
3317,EXTEND,4,388,0,105.25,23.15,1
3318,DECODE,1000,0,1000,382.39,17.34,1
3319,DECODE,1000,0,1000,383.39,17.48,1
3320,DECODE,999,0,999,384.29,17.60,1
3321,EXTEND,1,31,0,40.00,15.52,1
3322,EXTEND,2,145,0,78.50,15.29,1
3323,EXTEND,2,130,0,72.50,22.60,1
3324,DECODE,1000,0,1000,383.40,17.44,1
3325,DECODE,1000,0,1000,384.40,17.28,1
3326,DECODE,999,0,999,385.36,17.84,1
3327,EXTEND,1,92,0,101.00,16.58,1
3328,EXTEND,1,32,0,39.00,15.65,1
3329,EXTEND,2,147,0,80.00,22.37,1
3330,DECODE,1000,0,1000,384.90,17.22,1
3331,DECODE,1000,0,1000,385.90,17.39,1
3332,DECODE,998,0,998,386.65,17.45,1
3333,EXTEND,2,81,0,47.00,15.81,1
3334,DECODE,999,0,999,386.92,17.71,1
3335,EXTEND,1,52,0,57.00,15.56,1
3336,DECODE,1000,0,1000,387.59,17.65,1
3337,DECODE,1000,0,1000,388.59,17.64,1
3338,DECODE,999,0,999,389.52,17.66,1
3339,EXTEND,1,72,0,84.00,16.14,1
3340,DECODE,999,0,999,390.31,17.59,1
3341,EXTEND,1,82,0,89.00,16.65,1
3342,DECODE,999,0,999,390.95,17.88,1
3343,EXTEND,1,72,0,79.00,15.70,1
3344,DECODE,997,0,997,391.36,18.01,1
3345,EXTEND,3,263,0,94.00,22.72,1
3346,DECODE,1000,0,1000,391.47,17.65,1
3347,DECODE,1000,0,1000,392.47,18.08,1
3348,DECODE,999,0,999,393.38,21.24,1
3349,EXTEND,1,61,0,65.00,21.11,1
3350,EXTEND,1,80,0,90.00,15.48,1
3351,EXTEND,1,48,0,55.00,15.45,1
3352,DECODE,1000,0,1000,393.24,20.78,1
3353,DECODE,1000,0,1000,394.24,18.18,1
3354,DECODE,998,0,998,395.05,17.85,1
3355,EXTEND,2,108,0,61.50,15.79,1
3356,EXTEND,2,141,0,79.00,24.44,1
3357,EXTEND,1,25,0,35.00,15.44,1
3358,DECODE,1000,0,1000,394.13,17.15,1
3359,DECODE,1000,0,1000,395.13,17.33,1
3360,DECODE,999,0,999,396.07,17.35,1
3361,EXTEND,1,62,0,69.00,15.68,1
3362,EXTEND,2,82,0,51.00,15.55,1
3363,EXTEND,1,54,0,63.00,17.62,1
3364,DECODE,1000,0,1000,395.45,19.91,1
3365,DECODE,1000,0,1000,396.45,18.64,1
3366,DECODE,999,0,999,397.36,19.71,1
3367,EXTEND,1,67,0,71.00,16.83,1
3368,EXTEND,1,66,0,69.00,27.13,1
3369,EXTEND,2,127,0,70.50,31.43,1
3370,DECODE,1000,0,1000,396.71,20.95,1
3371,DECODE,1000,0,1000,397.71,21.01,1
3372,DECODE,997,0,997,398.46,21.15,1
3373,EXTEND,3,217,0,78.33,25.34,1
3374,DECODE,998,0,998,398.28,18.91,1
3375,EXTEND,2,92,0,53.50,15.64,1
3376,DECODE,997,0,997,398.33,19.01,1
3377,EXTEND,3,207,0,76.00,36.56,1
3378,DECODE,997,0,997,398.36,22.63,1
3379,EXTEND,3,246,0,88.67,25.89,1
3380,DECODE,998,0,998,398.59,20.77,1
3381,EXTEND,2,283,0,152.00,24.56,1
3382,DECODE,999,0,999,399.02,18.88,1
3383,EXTEND,1,53,0,61.00,15.56,1
3384,DECODE,997,0,997,399.35,20.07,1
3385,EXTEND,3,295,0,104.33,23.04,1
3386,DECODE,999,0,999,399.60,17.71,1
3387,EXTEND,1,42,0,48.00,15.68,1
3388,DECODE,998,0,998,400.07,19.06,1
3389,EXTEND,2,183,0,98.50,15.80,1
3390,DECODE,999,0,999,400.37,17.47,1
3391,EXTEND,1,64,0,72.00,15.71,1
3392,DECODE,1000,0,1000,401.04,17.40,1
3393,DECODE,1000,0,1000,402.04,17.47,1
3394,DECODE,1000,0,1000,403.04,17.60,1
3395,DECODE,999,0,999,403.94,17.70,1
3396,EXTEND,1,72,0,78.00,15.71,1
3397,EXTEND,3,119,0,48.67,27.84,1
3398,EXTEND,2,108,0,64.50,15.75,1
3399,DECODE,1000,0,1000,402.61,18.11,1
3400,DECODE,1000,0,1000,403.61,17.36,1
3401,DECODE,1000,0,1000,404.61,17.55,1
3402,DECODE,998,0,998,405.33,17.68,1
3403,EXTEND,2,242,0,126.00,23.47,1
3404,EXTEND,2,110,0,60.00,15.79,1
3405,EXTEND,3,369,0,133.33,21.67,1
3406,DECODE,1000,0,1000,403.67,17.64,1
3407,DECODE,1000,0,1000,404.67,21.18,1
3408,DECODE,1000,0,1000,405.67,17.56,1
3409,DECODE,999,0,999,406.60,17.85,1
3410,EXTEND,1,83,0,86.00,15.51,1
3411,EXTEND,3,153,0,56.67,24.02,1
3412,DECODE,1000,0,1000,406.15,19.32,1
3413,DECODE,1000,0,1000,407.15,18.23,1
3414,DECODE,998,0,998,407.86,17.94,1
3415,EXTEND,2,154,0,83.50,16.11,1
3416,EXTEND,4,269,0,73.75,23.93,1
3417,EXTEND,1,67,0,87.00,15.34,1
3418,DECODE,1000,0,1000,406.01,18.87,1
3419,DECODE,1000,0,1000,407.01,17.68,1
3420,DECODE,999,0,999,408.15,17.80,1
3421,EXTEND,1,77,0,80.00,15.62,1
3422,DECODE,998,0,998,408.94,17.75,1
3423,EXTEND,2,108,0,61.50,15.64,1
3424,DECODE,997,0,997,409.13,17.77,1
3425,EXTEND,3,228,0,82.33,23.55,1
3426,DECODE,999,0,999,409.06,17.75,1
3427,EXTEND,1,56,0,65.00,15.59,1
3428,DECODE,999,0,999,409.63,17.77,1
3429,EXTEND,1,59,0,65.00,15.46,1
3430,DECODE,999,0,999,410.19,17.94,1
3431,DECODE,999,0,999,411.19,17.81,1
3432,DECODE,999,0,999,412.19,17.88,1
3433,DECODE,998,0,998,413.09,17.88,1
3434,EXTEND,2,123,0,66.00,15.69,1
3435,DECODE,999,0,999,413.32,17.90,1
3436,EXTEND,1,40,0,49.00,16.72,1
3437,DECODE,999,0,999,413.80,18.01,1
3438,EXTEND,1,32,0,42.00,15.35,1
3439,DECODE,999,0,999,414.56,17.84,1
3440,EXTEND,1,171,0,176.00,15.45,1
3441,DECODE,998,0,998,415.08,17.85,1
3442,EXTEND,2,179,0,93.50,22.18,1
3443,DECODE,999,0,999,415.32,17.83,1
3444,EXTEND,1,44,0,53.00,15.42,1
3445,DECODE,999,0,999,416.07,17.90,1
3446,EXTEND,1,74,0,81.00,25.44,1
3447,DECODE,998,0,998,416.65,17.91,1
3448,EXTEND,2,144,0,76.50,15.35,1
3449,DECODE,999,0,999,416.53,18.09,1
3450,EXTEND,1,94,0,99.00,25.37,1
3451,DECODE,997,0,997,416.99,17.80,1
3452,EXTEND,3,172,0,62.33,15.30,1
3453,DECODE,999,0,999,416.74,17.78,1
3454,EXTEND,1,64,0,67.00,15.38,1
3455,DECODE,999,0,999,417.28,17.75,1
3456,EXTEND,1,52,0,62.00,16.78,1
3457,DECODE,999,0,999,417.79,19.55,1
3458,EXTEND,1,48,0,52.00,15.34,1
3459,DECODE,998,0,998,418.32,17.92,1
3460,EXTEND,2,90,0,49.50,15.57,1
3461,DECODE,998,0,998,418.51,17.74,1
3462,EXTEND,2,179,0,93.50,15.26,1
3463,DECODE,999,0,999,418.66,18.07,1
3464,EXTEND,1,127,0,146.00,15.94,1
3465,DECODE,999,0,999,419.49,18.31,1
3466,EXTEND,1,62,0,67.00,15.78,1
3467,DECODE,999,0,999,420.01,17.78,1
3468,EXTEND,1,108,0,116.00,15.56,1
3469,DECODE,1000,0,1000,420.70,17.66,1
3470,DECODE,1000,0,1000,421.70,17.69,1
3471,DECODE,997,0,997,422.61,18.00,1
3472,EXTEND,3,289,0,100.67,26.99,1
3473,EXTEND,1,68,0,72.00,15.45,1
3474,EXTEND,2,164,0,91.00,21.76,1
3475,DECODE,1000,0,1000,421.19,17.59,1
3476,DECODE,1000,0,1000,422.19,17.60,1
3477,DECODE,999,0,999,423.05,17.76,1
3478,EXTEND,1,49,0,55.00,15.18,1
3479,DECODE,998,0,998,424.05,17.75,1
3480,EXTEND,2,233,0,121.50,15.45,1
3481,DECODE,999,0,999,424.34,17.76,1
3482,EXTEND,1,70,0,74.00,15.80,1
3483,DECODE,998,0,998,424.75,17.85,1
3484,EXTEND,2,151,0,80.00,15.32,1
3485,DECODE,1000,0,1000,425.06,17.62,1
3486,DECODE,1000,0,1000,426.06,17.59,1
3487,DECODE,998,0,998,427.12,17.83,1
3488,EXTEND,2,101,0,55.50,27.19,1
3489,EXTEND,2,132,0,71.50,22.77,1
3490,EXTEND,1,54,0,66.00,15.08,1
3491,DECODE,1000,0,1000,426.45,18.09,1
3492,DECODE,1000,0,1000,427.45,17.73,1
3493,DECODE,996,0,996,428.18,17.74,1
3494,EXTEND,4,190,0,60.25,22.35,1
3495,EXTEND,2,109,0,61.00,15.22,1
3496,EXTEND,3,165,0,62.00,26.68,1
3497,DECODE,1000,0,1000,425.00,17.66,1
3498,DECODE,1000,0,1000,426.00,17.59,1
3499,DECODE,999,0,999,426.78,17.87,1
3500,EXTEND,1,147,0,153.00,15.54,1
3501,EXTEND,1,61,0,67.00,15.09,1
3502,EXTEND,2,115,0,63.50,25.64,1
3503,DECODE,1000,0,1000,426.36,17.88,1
3504,DECODE,1000,0,1000,427.36,17.73,1
3505,DECODE,998,0,998,428.33,17.92,1
3506,EXTEND,2,157,0,84.50,15.83,1
3507,EXTEND,2,122,0,68.00,26.78,1
3508,EXTEND,1,91,0,99.00,25.53,1
3509,DECODE,1000,0,1000,427.18,18.28,1
3510,DECODE,1000,0,1000,428.18,17.68,1
3511,DECODE,997,0,997,428.76,17.91,1
3512,EXTEND,3,224,0,83.67,15.58,1
3513,EXTEND,1,82,0,88.00,15.18,1
3514,EXTEND,1,77,0,80.00,14.86,1
3515,DECODE,1000,0,1000,427.77,17.68,1
3516,DECODE,1000,0,1000,428.77,18.15,1
3517,DECODE,998,0,998,429.75,17.89,1
3518,EXTEND,2,109,0,59.00,15.72,1
3519,EXTEND,4,220,0,60.75,24.19,1
3520,EXTEND,2,208,0,108.00,15.18,1
3521,DECODE,1000,0,1000,427.29,17.88,1
3522,DECODE,1000,0,1000,428.29,17.65,1
3523,DECODE,999,0,999,429.56,17.98,1
3524,EXTEND,1,91,0,94.00,16.15,1
3525,DECODE,996,0,996,430.06,18.22,1
3526,EXTEND,4,338,0,91.00,22.76,1
3527,DECODE,998,0,998,429.63,18.17,1
3528,EXTEND,2,145,0,78.50,15.42,1
3529,DECODE,1000,0,1000,429.93,17.78,1
3530,DECODE,1000,0,1000,430.93,17.83,1
3531,DECODE,1000,0,1000,431.93,17.88,1
3532,DECODE,999,0,999,432.81,17.87,1
3533,EXTEND,1,49,0,53.00,15.50,1
3534,DECODE,1000,0,1000,433.43,17.80,1
3535,DECODE,1000,0,1000,434.43,17.82,1
3536,DECODE,998,0,998,435.14,20.12,1
3537,EXTEND,2,123,0,68.50,16.08,1
3538,EXTEND,1,136,0,145.00,18.91,1
3539,EXTEND,1,140,0,148.00,23.77,1
3540,DECODE,1000,0,1000,434.81,18.19,1
3541,DECODE,1000,0,1000,435.81,18.06,1
3542,DECODE,998,0,998,436.83,18.28,1
3543,EXTEND,2,98,0,54.00,16.10,1
3544,EXTEND,1,70,0,77.00,15.82,1
3545,DECODE,1000,0,1000,436.85,17.78,1
3546,DECODE,1000,0,1000,437.85,17.89,1
3547,DECODE,999,0,999,438.70,18.04,1
3548,EXTEND,1,68,0,72.00,15.63,1
3549,EXTEND,6,330,0,59.83,22.29,1
3550,DECODE,1000,0,1000,436.91,17.82,1
3551,DECODE,1000,0,1000,437.91,17.78,1
3552,DECODE,998,0,998,439.10,18.16,1
3553,EXTEND,2,115,0,62.50,15.63,1
3554,EXTEND,1,42,0,52.00,15.50,1
3555,EXTEND,2,106,0,60.00,15.24,1
3556,DECODE,1000,0,1000,437.60,17.72,1
3557,DECODE,1000,0,1000,438.60,17.76,1
3558,DECODE,999,0,999,439.75,18.15,1
3559,EXTEND,1,69,0,78.00,17.17,1
3560,DECODE,998,0,998,439.99,18.11,1
3561,EXTEND,2,136,0,74.00,15.86,1
3562,DECODE,998,0,998,440.09,18.09,1
3563,EXTEND,2,142,0,76.50,23.83,1
3564,DECODE,1000,0,1000,440.37,17.83,1
3565,DECODE,1000,0,1000,441.37,17.80,1
3566,DECODE,1000,0,1000,442.37,17.87,1
3567,DECODE,999,0,999,443.23,18.04,1
3568,EXTEND,1,53,0,58.00,15.50,1
3569,DECODE,1000,0,1000,443.84,17.89,1
3570,DECODE,1000,0,1000,444.84,17.82,1
3571,DECODE,998,0,998,445.52,18.09,1
3572,EXTEND,2,72,0,43.00,15.46,1
3573,EXTEND,1,47,0,51.00,14.84,1
3574,EXTEND,1,83,0,87.00,15.19,1
3575,DECODE,1000,0,1000,445.05,17.80,1
3576,DECODE,1000,0,1000,446.05,17.74,1
3577,DECODE,998,0,998,447.50,18.04,1
3578,EXTEND,2,100,0,57.50,27.17,1
3579,EXTEND,4,171,0,50.50,15.27,1
3580,DECODE,1000,0,1000,445.54,17.81,1
3581,DECODE,1000,0,1000,446.54,17.77,1
3582,DECODE,1000,0,1000,447.54,18.95,1
3583,DECODE,999,0,999,448.40,18.16,1
3584,EXTEND,1,29,0,38.00,21.47,1
3585,EXTEND,1,36,0,46.00,15.97,1
3586,EXTEND,4,339,0,92.50,23.50,1
3587,DECODE,1000,0,1000,446.80,17.86,1
3588,DECODE,1000,0,1000,447.80,17.83,1
3589,DECODE,999,0,999,448.60,18.37,1
3590,EXTEND,1,69,0,81.00,15.66,1
3591,EXTEND,6,344,0,63.67,15.51,1
3592,EXTEND,2,290,0,149.50,15.29,1
3593,DECODE,1000,0,1000,445.30,17.91,1
3594,DECODE,1000,0,1000,446.30,18.14,1
3595,DECODE,998,0,998,446.99,18.88,1
3596,EXTEND,2,130,0,70.50,16.58,1
3597,EXTEND,2,188,0,99.50,16.44,1
3598,DECODE,1000,0,1000,446.87,18.14,1
3599,DECODE,1000,0,1000,447.87,18.01,1
3600,DECODE,1000,0,1000,448.87,17.93,1
3601,DECODE,999,0,999,450.02,18.29,1
3602,EXTEND,1,85,0,94.00,27.22,1
3603,EXTEND,1,258,0,263.00,24.21,1
3604,EXTEND,1,45,0,50.00,15.69,1
3605,DECODE,1000,0,1000,450.49,18.59,1
3606,DECODE,1000,0,1000,451.49,18.39,1
3607,DECODE,999,0,999,452.33,18.11,1
3608,EXTEND,1,29,0,43.00,16.09,1
3609,DECODE,998,0,998,452.57,18.11,1
3610,EXTEND,2,103,0,57.50,28.29,1
3611,DECODE,1000,0,1000,452.77,18.45,1
3612,DECODE,1000,0,1000,453.77,18.30,1
3613,DECODE,997,0,997,454.45,18.99,1
3614,EXTEND,3,238,0,85.33,15.78,1
3615,DECODE,1000,0,1000,454.34,17.99,1
3616,DECODE,1000,0,1000,455.34,18.13,1
3617,DECODE,999,0,999,456.08,18.43,1
3618,EXTEND,1,59,0,66.00,15.27,1
3619,DECODE,998,0,998,456.93,18.25,1
3620,EXTEND,2,87,0,48.00,15.24,1
3621,DECODE,998,0,998,456.68,18.19,1
3622,EXTEND,2,156,0,83.00,22.56,1
3623,DECODE,999,0,999,457.06,18.21,1
3624,EXTEND,1,84,0,97.00,25.09,1
3625,DECODE,999,0,999,457.55,18.56,1
3626,EXTEND,1,30,0,40.00,15.32,1
3627,DECODE,999,0,999,457.99,18.06,1
3628,EXTEND,1,100,0,106.00,15.42,1
3629,DECODE,1000,0,1000,458.64,18.01,1
3630,DECODE,1000,0,1000,459.64,17.85,1
3631,DECODE,998,0,998,460.69,18.13,1
3632,EXTEND,2,99,0,55.50,15.49,1
3633,DECODE,998,0,998,460.55,18.43,1
3634,EXTEND,2,95,0,53.00,18.76,1
3635,DECODE,1000,0,1000,460.73,18.12,1
3636,DECODE,1000,0,1000,461.73,17.99,1
3637,DECODE,999,0,999,462.73,18.57,1
3638,EXTEND,1,71,0,76.00,15.67,1
3639,EXTEND,1,65,0,69.00,24.43,1
3640,DECODE,1000,0,1000,463.09,18.14,1
3641,DECODE,1000,0,1000,464.09,18.18,1
3642,DECODE,999,0,999,464.94,18.92,1
3643,EXTEND,1,86,0,91.00,26.93,1
3644,EXTEND,4,225,0,63.25,24.04,1
3645,EXTEND,1,55,0,58.00,16.14,1
3646,DECODE,1000,0,1000,463.21,18.16,1
3647,DECODE,1000,0,1000,464.21,18.44,1
3648,DECODE,994,0,994,464.47,18.22,1
3649,EXTEND,6,391,0,74.67,21.48,1
3650,EXTEND,2,72,0,42.50,15.53,1
3651,EXTEND,2,110,0,60.50,15.43,1
3652,DECODE,1000,0,1000,460.63,18.14,1
3653,DECODE,1000,0,1000,461.63,18.11,1
3654,DECODE,999,0,999,462.79,18.39,1
3655,EXTEND,1,208,0,214.00,15.78,1
3656,EXTEND,2,129,0,71.00,15.98,1
3657,DECODE,1000,0,1000,462.66,18.22,1
3658,DECODE,1000,0,1000,463.66,18.48,1
3659,DECODE,1000,0,1000,464.66,18.31,1
3660,DECODE,999,0,999,465.35,18.30,1
3661,EXTEND,1,51,0,54.00,19.49,1
3662,EXTEND,4,400,0,107.00,16.07,1
3663,DECODE,1000,0,1000,464.08,18.49,1
3664,DECODE,1000,0,1000,465.08,18.23,1
3665,DECODE,1000,0,1000,466.08,18.27,1
3666,DECODE,999,0,999,467.24,18.54,1
3667,EXTEND,1,54,0,59.00,16.21,1
3668,EXTEND,2,397,0,203.00,21.66,1
3669,DECODE,1000,0,1000,467.62,18.56,1
3670,DECODE,1000,0,1000,468.62,18.30,1
3671,DECODE,999,0,999,469.41,18.47,1
3672,EXTEND,1,48,0,56.00,15.51,1
3673,EXTEND,2,78,0,49.50,28.13,1
3674,DECODE,1000,0,1000,468.77,18.34,1
3675,DECODE,1000,0,1000,469.77,18.13,1
3676,DECODE,998,0,998,470.67,18.46,1
3677,EXTEND,2,142,0,77.00,15.77,1
3678,EXTEND,2,140,0,76.50,16.51,1
3679,DECODE,1000,0,1000,469.99,18.48,1
3680,DECODE,1000,0,1000,470.99,18.52,1
3681,DECODE,999,0,999,471.98,18.63,1
3682,EXTEND,1,45,0,53.00,16.69,1
3683,EXTEND,2,180,0,96.00,23.49,1
3684,EXTEND,1,34,0,42.00,16.47,1
3685,DECODE,1000,0,1000,471.09,19.31,1
3686,DECODE,1000,0,1000,472.09,18.86,1
3687,DECODE,1000,0,1000,473.09,19.41,1
3688,DECODE,999,0,999,473.89,19.45,1
3689,EXTEND,1,49,0,58.00,16.51,1
3690,EXTEND,3,182,0,67.67,24.18,1
3691,DECODE,1000,0,1000,472.83,18.71,1
3692,DECODE,1000,0,1000,473.83,18.57,1
3693,DECODE,998,0,998,475.12,18.68,1
3694,EXTEND,2,124,0,68.50,16.15,1
3695,EXTEND,1,87,0,92.00,16.51,1
3696,DECODE,1000,0,1000,474.92,19.67,1
3697,DECODE,1000,0,1000,475.92,18.38,1
3698,DECODE,999,0,999,476.98,20.56,1
3699,EXTEND,1,42,0,47.00,17.20,1
3700,DECODE,999,0,999,477.36,19.97,1
3701,EXTEND,1,32,0,42.00,17.33,1
3702,DECODE,999,0,999,478.13,19.28,1
3703,EXTEND,1,57,0,61.00,17.10,1
3704,DECODE,1000,0,1000,478.71,18.29,1
3705,DECODE,1000,0,1000,479.71,18.25,1
3706,DECODE,999,0,999,480.52,18.70,1
3707,EXTEND,1,49,0,57.00,15.68,1
3708,EXTEND,1,67,0,71.00,15.61,1
3709,EXTEND,2,104,0,59.00,15.39,1
3710,DECODE,1000,0,1000,479.38,18.26,1
3711,DECODE,1000,0,1000,480.38,18.28,1
3712,DECODE,1000,0,1000,481.38,19.73,1
3713,DECODE,997,0,997,481.66,18.87,1
3714,EXTEND,3,260,0,91.67,15.85,1
3715,EXTEND,1,103,0,108.00,15.82,1
3716,EXTEND,2,200,0,111.00,15.61,1
3717,DECODE,1000,0,1000,480.19,18.33,1
3718,DECODE,1000,0,1000,481.19,18.35,1
3719,DECODE,997,0,997,482.24,18.58,1
3720,EXTEND,3,165,0,62.00,15.86,1
3721,EXTEND,1,101,0,104.00,15.54,1
3722,DECODE,1000,0,1000,481.69,18.31,1
3723,DECODE,1000,0,1000,482.69,18.38,1
3724,DECODE,996,0,996,482.79,18.44,1
3725,EXTEND,4,257,0,76.00,23.07,1
3726,DECODE,1000,0,1000,482.16,18.30,1
3727,DECODE,1000,0,1000,483.16,18.36,1
3728,DECODE,1000,0,1000,484.16,18.39,1
3729,DECODE,997,0,997,484.52,18.57,1
3730,EXTEND,3,142,0,56.67,15.77,1
3731,EXTEND,3,184,0,68.67,15.50,1
3732,EXTEND,2,162,0,86.50,21.39,1
3733,DECODE,1000,0,1000,481.72,18.25,1
3734,DECODE,1000,0,1000,482.72,18.24,1
3735,DECODE,996,0,996,482.69,18.45,1
3736,EXTEND,4,257,0,71.00,16.02,1
3737,DECODE,1000,0,1000,482.04,18.24,1
3738,DECODE,1000,0,1000,483.04,18.21,1
3739,DECODE,999,0,999,483.81,18.55,1
3740,EXTEND,1,39,0,49.00,20.46,1
3741,EXTEND,2,125,0,75.00,28.43,1
3742,DECODE,1000,0,1000,483.35,18.26,1
3743,DECODE,1000,0,1000,484.35,18.40,1
3744,DECODE,997,0,997,485.23,18.62,1
3745,EXTEND,3,188,0,68.33,16.38,1
3746,EXTEND,1,34,0,44.00,16.25,1
3747,EXTEND,2,95,0,59.50,16.71,1
3748,DECODE,1000,0,1000,483.31,18.20,1
3749,DECODE,1000,0,1000,484.31,18.71,1
3750,DECODE,1000,0,1000,485.31,18.28,1
3751,DECODE,999,0,999,486.11,18.53,1
3752,EXTEND,1,61,0,66.00,17.14,1
3753,DECODE,1000,0,1000,486.69,18.49,1
3754,DECODE,1000,0,1000,487.69,18.32,1
3755,DECODE,998,0,998,488.83,18.72,1
3756,EXTEND,2,129,0,71.50,15.60,1
3757,EXTEND,2,65,0,40.00,15.58,1
3758,EXTEND,1,27,0,34.00,22.13,1
3759,DECODE,1000,0,1000,487.73,18.68,1
3760,DECODE,1000,0,1000,488.73,18.34,1
3761,DECODE,998,0,998,489.29,18.57,1
3762,EXTEND,2,142,0,76.00,16.01,1
3763,EXTEND,2,316,0,163.00,23.15,1
3764,EXTEND,1,68,0,74.00,15.32,1
3765,DECODE,1000,0,1000,487.73,18.34,1
3766,DECODE,1000,0,1000,488.73,18.39,1
3767,DECODE,999,0,999,489.94,19.01,1
3768,EXTEND,1,56,0,62.00,17.47,1
3769,EXTEND,1,46,0,56.00,15.65,1
3770,EXTEND,1,60,0,64.00,15.82,1
3771,DECODE,1000,0,1000,489.74,18.77,1
3772,DECODE,1000,0,1000,490.74,18.53,1
3773,DECODE,1000,0,1000,491.74,18.64,1
3774,DECODE,998,0,998,492.87,18.76,1
3775,EXTEND,2,93,0,52.00,15.91,1
3776,DECODE,999,0,999,492.76,18.60,1
3777,DECODE,999,0,999,493.76,18.77,1
3778,EXTEND,1,105,0,111.00,16.76,1
3779,DECODE,1000,0,1000,494.38,18.89,1
3780,DECODE,1000,0,1000,495.38,18.61,1
3781,DECODE,999,0,999,496.59,18.66,1
3782,EXTEND,1,43,0,51.00,16.44,1
3783,EXTEND,1,186,0,190.00,22.58,1
3784,EXTEND,1,52,0,57.00,15.55,1
3785,DECODE,1000,0,1000,495.95,18.44,1
3786,DECODE,1000,0,1000,496.95,18.56,1
3787,DECODE,999,0,999,497.74,18.89,1
3788,EXTEND,1,60,0,66.00,15.68,1
3789,EXTEND,1,72,0,77.00,15.72,1
3790,EXTEND,1,28,0,38.00,20.94,1
3791,DECODE,1000,0,1000,497.02,18.69,1
3792,DECODE,1000,0,1000,498.02,18.63,1
3793,DECODE,1000,0,1000,499.02,18.56,1
3794,DECODE,999,0,999,500.02,18.67,1
3795,EXTEND,1,45,0,53.00,15.69,1
3796,EXTEND,1,51,0,62.00,15.35,1
3797,EXTEND,1,145,0,151.00,15.38,1
3798,DECODE,1000,0,1000,499.35,18.42,1
3799,DECODE,1000,0,1000,500.35,19.18,1
3800,DECODE,997,0,997,501.20,19.56,1
3801,EXTEND,3,157,0,64.00,15.82,1
3802,DECODE,1000,0,1000,500.88,18.44,1
3803,DECODE,1000,0,1000,501.88,18.68,1
3804,DECODE,1000,0,1000,502.88,18.68,1
3805,DECODE,998,0,998,503.64,18.95,1
3806,EXTEND,2,74,0,43.00,15.55,1
3807,DECODE,997,0,997,503.70,18.83,1
3808,EXTEND,3,144,0,56.00,15.70,1
3809,DECODE,1000,0,1000,503.36,18.71,1
3810,DECODE,1000,0,1000,504.36,18.70,1
3811,DECODE,1000,0,1000,505.36,18.76,1
3812,DECODE,999,0,999,506.61,19.01,1
3813,EXTEND,1,120,0,127.00,15.87,1
3814,EXTEND,1,92,0,101.00,15.58,1
3815,EXTEND,1,33,0,42.00,15.20,1
3816,DECODE,1000,0,1000,506.38,18.80,1
3817,DECODE,1000,0,1000,507.38,18.79,1
3818,DECODE,1000,0,1000,508.38,18.98,1
3819,DECODE,1000,0,1000,509.38,19.03,1
3820,DECODE,1000,0,1000,510.38,19.70,1
3821,DECODE,1000,0,1000,511.38,19.12,1
3822,DECODE,1000,0,1000,512.38,19.17,1
3823,DECODE,1000,0,1000,513.38,18.78,1
3824,DECODE,1000,0,1000,514.38,18.75,1
3825,DECODE,998,0,998,515.52,18.98,1
3826,EXTEND,2,164,0,87.50,15.95,1
3827,EXTEND,2,109,0,60.00,15.38,1
3828,EXTEND,2,226,0,121.50,25.23,1
3829,DECODE,1000,0,1000,513.75,18.80,1
3830,DECODE,1000,0,1000,514.75,18.75,1
3831,DECODE,998,0,998,515.46,19.12,1
3832,EXTEND,2,114,0,62.50,15.89,1
3833,EXTEND,1,66,0,73.00,15.50,1
3834,EXTEND,2,86,0,52.50,15.68,1
3835,DECODE,1000,0,1000,514.60,18.74,1
3836,DECODE,1000,0,1000,515.60,18.70,1
3837,DECODE,1000,0,1000,516.60,18.94,1
3838,DECODE,997,0,997,517.96,18.95,1
3839,EXTEND,3,245,0,87.33,25.06,1
3840,EXTEND,1,43,0,54.00,16.08,1
3841,EXTEND,3,170,0,66.33,15.48,1
3842,DECODE,1000,0,1000,515.17,18.83,1
3843,DECODE,1000,0,1000,516.17,18.81,1
3844,DECODE,998,0,998,516.44,19.14,1
3845,EXTEND,2,391,0,199.50,16.20,1
3846,EXTEND,1,83,0,93.00,15.56,1
3847,DECODE,1000,0,1000,516.41,18.83,1
3848,DECODE,1000,0,1000,517.41,18.80,1
3849,DECODE,999,0,999,518.60,19.28,1
3850,EXTEND,1,91,0,115.00,15.52,1
3851,DECODE,997,0,997,518.84,18.97,1
3852,EXTEND,3,183,0,69.00,15.65,1
3853,DECODE,998,0,998,518.52,19.54,1
3854,EXTEND,2,179,0,100.50,15.82,1
3855,DECODE,999,0,999,518.28,19.30,1
3856,DECODE,999,0,999,519.28,18.94,1
3857,DECODE,998,0,998,520.23,19.03,1
3858,DECODE,997,0,997,521.17,19.23,1
3859,DECODE,996,0,996,521.92,19.04,1
3860,DECODE,996,0,996,522.92,18.97,1
3861,DECODE,994,0,994,523.43,19.31,1
3862,DECODE,994,0,994,524.43,19.08,1
3863,DECODE,993,0,993,525.10,21.51,1
3864,DECODE,991,0,991,526.09,22.11,1
3865,DECODE,990,0,990,527.16,21.20,1
3866,DECODE,986,0,986,527.92,22.01,1
3867,DECODE,986,0,986,528.92,19.35,1
3868,DECODE,985,0,985,529.36,21.34,1
3869,DECODE,982,0,982,530.58,21.27,1
3870,DECODE,981,0,981,531.35,21.26,1
3871,DECODE,981,0,981,532.35,19.03,1
3872,DECODE,981,0,981,533.35,18.99,1
3873,DECODE,979,0,979,534.06,21.22,1
3874,DECODE,978,0,978,535.35,21.24,1
3875,DECODE,977,0,977,536.05,21.39,1
3876,DECODE,974,0,974,537.12,21.20,1
3877,DECODE,974,0,974,538.12,19.02,1
3878,DECODE,974,0,974,539.12,18.97,1
3879,DECODE,972,0,972,539.56,21.29,1
3880,EXTEND,6,351,0,65.17,16.60,1
3881,EXTEND,22,1486,0,74.55,25.97,1
3882,DECODE,1000,0,1000,527.48,18.95,1
3883,DECODE,1000,0,1000,528.48,19.08,1
3884,DECODE,998,0,998,529.95,19.20,1
3885,EXTEND,2,83,0,46.50,16.15,1
3886,DECODE,999,0,999,529.93,20.16,1
3887,EXTEND,1,70,0,75.00,15.56,1
3888,DECODE,999,0,999,530.39,19.15,1
3889,EXTEND,1,45,0,51.00,15.19,1
3890,DECODE,1000,0,1000,530.91,18.98,1
3891,DECODE,1000,0,1000,531.91,19.08,1
3892,DECODE,998,0,998,532.60,19.38,1
3893,EXTEND,2,79,0,45.00,26.43,1
3894,DECODE,1000,0,1000,532.62,19.66,1
3895,DECODE,1000,0,1000,533.62,18.96,1
3896,DECODE,999,0,999,534.68,19.74,1
3897,EXTEND,1,50,0,56.00,15.39,1
3898,EXTEND,1,78,0,82.00,15.42,1
3899,EXTEND,1,103,0,107.00,15.40,1
3900,DECODE,1000,0,1000,534.34,18.95,1
3901,DECODE,1000,0,1000,535.34,18.95,1
3902,DECODE,1000,0,1000,536.34,19.03,1
3903,DECODE,1000,0,1000,537.34,19.15,1
3904,DECODE,1000,0,1000,538.34,19.07,1
3905,DECODE,997,0,997,539.17,19.35,1
3906,EXTEND,3,295,0,103.33,16.29,1
3907,EXTEND,2,63,0,40.00,15.73,1
3908,EXTEND,3,169,0,65.00,22.90,1
3909,DECODE,1000,0,1000,536.63,19.02,1
3910,DECODE,1000,0,1000,537.63,19.04,1
3911,DECODE,999,0,999,538.70,19.29,1
3912,EXTEND,1,62,0,68.00,16.52,1
3913,EXTEND,2,148,0,78.00,16.01,1
3914,EXTEND,3,200,0,72.67,16.34,1
3915,DECODE,1000,0,1000,536.17,18.99,1
3916,DECODE,1000,0,1000,537.17,18.96,1
3917,DECODE,998,0,998,537.85,19.12,1
3918,EXTEND,2,145,0,77.00,17.66,1
3919,EXTEND,1,65,0,77.00,15.90,1
3920,DECODE,1000,0,1000,537.18,18.95,1
3921,DECODE,1000,0,1000,538.18,18.98,1
3922,DECODE,999,0,999,538.91,19.26,1
3923,EXTEND,1,56,0,63.00,15.36,1
3924,DECODE,998,0,998,539.89,19.12,1
3925,EXTEND,2,162,0,86.00,15.95,1
3926,DECODE,999,0,999,539.98,19.26,1
3927,EXTEND,1,59,0,62.00,15.54,1
3928,DECODE,998,0,998,540.20,19.29,1
3929,EXTEND,2,170,0,92.00,15.39,1
3930,DECODE,999,0,999,540.42,19.59,1
3931,EXTEND,1,285,0,291.00,24.29,1
3932,DECODE,998,0,998,541.09,19.36,1
3933,EXTEND,2,434,0,231.00,20.20,1
3934,DECODE,997,0,997,541.35,19.30,1
3935,EXTEND,3,278,0,98.67,23.58,1
3936,DECODE,998,0,998,540.38,19.30,1
3937,EXTEND,2,149,0,89.50,22.58,1
3938,DECODE,998,0,998,540.84,19.41,1
3939,EXTEND,2,325,0,167.00,23.19,1
3940,DECODE,999,0,999,540.81,19.37,1
3941,EXTEND,1,59,0,64.00,15.60,1
3942,DECODE,1000,0,1000,541.34,19.07,1
3943,DECODE,1000,0,1000,542.34,19.02,1
3944,DECODE,999,0,999,543.54,19.41,1
3945,EXTEND,1,51,0,56.00,15.70,1
3946,DECODE,999,0,999,544.03,19.34,1
3947,EXTEND,1,60,0,63.00,15.70,1
3948,DECODE,999,0,999,544.12,19.26,1
3949,EXTEND,1,112,0,127.00,15.50,1
3950,DECODE,998,0,998,545.21,19.21,1
3951,EXTEND,2,110,0,59.50,15.43,1
3952,DECODE,999,0,999,545.40,19.49,1
3953,EXTEND,1,66,0,71.00,15.39,1
3954,DECODE,1000,0,1000,545.93,19.00,1
3955,DECODE,1000,0,1000,546.93,19.08,1
3956,DECODE,999,0,999,547.96,19.37,1
3957,EXTEND,1,53,0,61.00,15.69,1
3958,EXTEND,2,71,0,41.50,15.28,1
3959,EXTEND,2,302,0,159.50,22.54,1
3960,DECODE,1000,0,1000,546.64,19.17,1
3961,DECODE,1000,0,1000,547.64,19.05,1
3962,DECODE,999,0,999,548.33,19.50,1
3963,EXTEND,1,80,0,83.00,15.61,1
3964,EXTEND,1,42,0,50.00,15.28,1
3965,DECODE,1000,0,1000,548.66,19.17,1
3966,DECODE,1000,0,1000,549.66,19.16,1
3967,DECODE,1000,0,1000,550.66,21.06,1
3968,DECODE,998,0,998,551.57,19.55,1
3969,EXTEND,2,183,0,97.50,15.60,1
3970,EXTEND,1,45,0,50.00,15.51,1
3971,EXTEND,1,68,0,72.00,15.48,1
3972,DECODE,1000,0,1000,550.67,19.15,1
3973,DECODE,1000,0,1000,551.67,19.30,1
3974,DECODE,1000,0,1000,552.67,19.25,1
3975,DECODE,999,0,999,553.79,19.57,1
3976,EXTEND,1,66,0,69.00,15.99,1
3977,EXTEND,2,160,0,87.00,15.29,1
3978,EXTEND,1,129,0,135.00,16.59,1
3979,DECODE,1000,0,1000,551.95,19.40,1
3980,DECODE,1000,0,1000,552.95,19.40,1
3981,DECODE,1000,0,1000,553.95,19.43,1
3982,DECODE,1000,0,1000,554.95,19.35,1
3983,DECODE,1000,0,1000,555.95,19.33,1
3984,DECODE,996,0,996,557.05,20.32,1
3985,EXTEND,4,415,0,112.25,23.40,1
3986,DECODE,998,0,998,556.09,19.48,1
3987,EXTEND,2,272,0,147.00,16.34,1
3988,DECODE,998,0,998,555.91,19.75,1
3989,EXTEND,2,278,0,145.00,16.62,1
3990,DECODE,999,0,999,556.26,19.62,1
3991,EXTEND,1,55,0,67.00,16.48,1
3992,DECODE,997,0,997,555.98,19.72,1
3993,EXTEND,3,148,0,61.33,16.36,1
3994,DECODE,999,0,999,555.63,19.56,1
3995,EXTEND,1,32,0,41.00,16.32,1
3996,DECODE,999,0,999,555.79,19.59,1
3997,EXTEND,1,73,0,78.00,16.26,1
3998,DECODE,1000,0,1000,556.32,19.26,1
3999,DECODE,1000,0,1000,557.32,19.23,1
4000,DECODE,998,0,998,558.58,19.42,1
4001,EXTEND,2,224,0,118.00,16.96,1
4002,EXTEND,2,142,0,78.50,16.10,1
4003,EXTEND,1,49,0,59.00,15.96,1
4004,DECODE,1000,0,1000,556.88,19.22,1
4005,DECODE,1000,0,1000,557.88,19.02,1
4006,DECODE,1000,0,1000,558.88,19.15,1
4007,DECODE,999,0,999,559.76,19.46,1
4008,EXTEND,1,95,0,100.00,16.32,1
4009,EXTEND,2,245,0,144.00,16.63,1
4010,DECODE,1000,0,1000,559.83,19.26,1
4011,DECODE,1000,0,1000,560.83,19.31,1
4012,DECODE,1000,0,1000,561.83,19.25,1
4013,DECODE,1000,0,1000,562.83,19.31,1
4014,DECODE,1000,0,1000,563.83,19.29,1
4015,DECODE,1000,0,1000,564.83,19.33,1
4016,DECODE,1000,0,1000,565.83,19.37,1
4017,DECODE,1000,0,1000,566.83,19.47,1
4018,DECODE,998,0,998,567.73,20.14,1
4019,EXTEND,2,124,0,70.00,16.64,1
4020,EXTEND,1,199,0,212.00,16.06,1
4021,EXTEND,1,53,0,61.00,15.99,1
4022,DECODE,1000,0,1000,566.79,19.47,1
4023,DECODE,1000,0,1000,567.79,19.31,1
4024,DECODE,996,0,996,568.89,19.54,1
4025,EXTEND,4,197,0,62.75,22.99,1
4026,DECODE,1000,0,1000,567.87,19.47,1
4027,DECODE,1000,0,1000,568.87,19.25,1
4028,DECODE,1000,0,1000,569.87,19.46,1
4029,DECODE,1000,0,1000,570.87,19.59,1
4030,DECODE,999,0,999,572.10,20.29,1
4031,EXTEND,1,81,0,89.00,16.21,1
4032,EXTEND,2,178,0,95.00,16.33,1
4033,EXTEND,3,166,0,62.33,16.20,1
4034,DECODE,1000,0,1000,570.52,19.43,1
4035,DECODE,1000,0,1000,571.52,19.44,1
4036,DECODE,1000,0,1000,572.52,19.49,1
4037,DECODE,996,0,996,573.15,19.62,1
4038,EXTEND,4,235,0,65.75,16.49,1
4039,EXTEND,2,141,0,75.50,15.85,1
4040,EXTEND,1,53,0,61.00,15.79,1
4041,DECODE,1000,0,1000,570.43,19.45,1
4042,DECODE,1000,0,1000,571.43,19.31,1
4043,DECODE,999,0,999,572.05,19.95,1
4044,EXTEND,1,199,0,203.00,16.17,1
4045,EXTEND,2,79,0,47.00,16.82,1
4046,EXTEND,1,60,0,63.00,15.89,1
4047,DECODE,1000,0,1000,571.05,19.75,1
4048,DECODE,1000,0,1000,572.05,19.24,1
4049,DECODE,999,0,999,573.18,19.84,1
4050,EXTEND,1,38,0,46.00,17.57,1
4051,EXTEND,3,179,0,66.00,15.59,1
4052,DECODE,1000,0,1000,571.25,19.56,1
4053,DECODE,1000,0,1000,572.25,19.38,1
4054,DECODE,998,0,998,572.81,19.49,1
4055,EXTEND,2,115,0,63.00,15.63,1
4056,DECODE,999,0,999,572.78,19.54,1
4057,EXTEND,1,79,0,83.00,15.52,1
4058,DECODE,1000,0,1000,573.29,19.31,1
4059,DECODE,1000,0,1000,574.29,19.31,1
4060,DECODE,998,0,998,574.80,19.56,1
4061,EXTEND,2,76,0,46.00,26.78,1
4062,DECODE,999,0,999,574.31,19.57,1
4063,EXTEND,1,40,0,47.00,15.47,1
4064,DECODE,998,0,998,574.72,19.43,1
4065,EXTEND,2,164,0,89.50,15.83,1
4066,DECODE,999,0,999,574.45,19.57,1
4067,EXTEND,1,45,0,50.00,15.74,1
4068,DECODE,999,0,999,574.96,19.52,1
4069,EXTEND,1,29,0,37.00,16.92,1
4070,DECODE,999,0,999,575.61,19.49,1
4071,EXTEND,1,30,0,39.00,16.53,1
4072,DECODE,999,0,999,575.64,19.57,1
4073,EXTEND,1,46,0,52.00,15.84,1
4074,DECODE,1000,0,1000,576.12,19.63,1
4075,DECODE,1000,0,1000,577.12,19.52,1
4076,DECODE,999,0,999,577.78,19.67,1
4077,EXTEND,1,37,0,73.00,25.11,1
4078,EXTEND,1,32,0,42.00,15.29,1
4079,EXTEND,1,24,0,33.00,15.40,1
4080,DECODE,1000,0,1000,577.12,19.97,1
4081,DECODE,1000,0,1000,578.12,19.63,1
4082,DECODE,998,0,998,579.04,19.73,1
4083,EXTEND,2,145,0,77.50,15.86,1
4084,EXTEND,1,90,0,98.00,15.67,1
4085,EXTEND,1,86,0,89.00,15.42,1
4086,DECODE,1000,0,1000,577.67,19.35,1
4087,DECODE,1000,0,1000,578.67,19.51,1
4088,DECODE,999,0,999,579.76,19.61,1
4089,EXTEND,1,88,0,92.00,16.65,1
4090,EXTEND,1,96,0,103.00,15.42,1
4091,DECODE,1000,0,1000,579.46,19.41,1
4092,DECODE,1000,0,1000,580.46,19.41,1
4093,DECODE,999,0,999,581.31,20.39,1
4094,DECODE,999,0,999,582.31,19.79,1
4095,DECODE,997,0,997,583.66,19.69,1
4096,DECODE,994,0,994,584.56,19.68,1
4097,EXTEND,6,365,0,70.17,22.70,1
4098,EXTEND,1,57,0,64.00,15.79,1
4099,DECODE,1000,0,1000,581.61,19.87,1
4100,DECODE,1000,0,1000,582.61,19.36,1
4101,DECODE,999,0,999,583.64,20.48,1
4102,EXTEND,1,73,0,78.00,22.86,1
4103,EXTEND,1,154,0,159.00,15.97,1
4104,DECODE,1000,0,1000,583.79,19.53,1
4105,DECODE,1000,0,1000,584.79,19.48,1
4106,DECODE,999,0,999,585.46,19.75,1
4107,EXTEND,1,46,0,62.00,15.59,1
4108,EXTEND,1,55,0,67.00,15.56,1
4109,EXTEND,1,255,0,265.00,15.49,1
4110,DECODE,1000,0,1000,584.62,19.56,1
4111,DECODE,1000,0,1000,585.62,19.49,1
4112,DECODE,998,0,998,586.71,19.86,1
4113,EXTEND,2,166,0,88.50,15.59,1
4114,EXTEND,3,148,0,59.33,15.47,1
4115,EXTEND,1,240,0,245.00,15.21,1
4116,DECODE,1000,0,1000,585.44,19.49,1
4117,DECODE,1000,0,1000,586.44,19.75,1
4118,DECODE,999,0,999,587.08,19.80,1
4119,EXTEND,1,36,0,41.00,15.63,1
4120,EXTEND,1,38,0,48.00,15.72,1
4121,DECODE,1000,0,1000,587.13,19.46,1
4122,DECODE,1000,0,1000,588.13,19.61,1
4123,DECODE,999,0,999,589.21,19.78,1
4124,EXTEND,1,79,0,83.00,15.70,1
4125,DECODE,1000,0,1000,589.70,19.91,1
4126,DECODE,1000,0,1000,590.70,20.05,1
4127,DECODE,998,0,998,591.65,19.80,1
4128,EXTEND,2,117,0,64.50,25.99,1
4129,EXTEND,3,152,0,57.00,15.54,1
4130,EXTEND,2,194,0,100.50,22.16,1
4131,DECODE,1000,0,1000,588.06,19.52,1
4132,DECODE,1000,0,1000,589.06,25.57,1
4133,DECODE,1000,0,1000,590.06,19.80,1
4134,DECODE,998,0,998,591.44,19.88,1
4135,EXTEND,2,118,0,64.50,28.33,1
4136,DECODE,1000,0,1000,591.38,19.81,1
4137,DECODE,1000,0,1000,592.38,19.62,1
4138,DECODE,1000,0,1000,593.38,19.68,1
4139,DECODE,999,0,999,594.20,19.97,1
4140,EXTEND,1,141,0,145.00,27.01,1
4141,EXTEND,1,116,0,130.00,23.43,1
4142,DECODE,1000,0,1000,593.92,20.12,1
4143,DECODE,1000,0,1000,594.92,19.76,1
4144,DECODE,999,0,999,595.57,20.15,1
4145,EXTEND,1,60,0,66.00,19.07,1
4146,EXTEND,2,260,0,135.50,15.70,1
4147,EXTEND,1,136,0,140.00,15.82,1
4148,DECODE,1000,0,1000,594.88,20.03,1
4149,DECODE,1000,0,1000,595.88,20.35,1
4150,DECODE,998,0,998,597.01,20.44,1
4151,EXTEND,2,133,0,73.50,15.73,1
4152,DECODE,998,0,998,596.93,19.89,1
4153,EXTEND,2,315,0,164.00,23.28,1
4154,DECODE,1000,0,1000,597.06,20.12,1
4155,DECODE,1000,0,1000,598.06,20.14,1
4156,DECODE,998,0,998,599.00,20.30,1
4157,EXTEND,2,94,0,51.50,17.05,1
4158,EXTEND,1,67,0,75.00,17.46,1
4159,EXTEND,1,43,0,51.00,15.43,1
4160,DECODE,1000,0,1000,597.63,19.96,1
4161,DECODE,1000,0,1000,598.63,20.04,1
4162,DECODE,999,0,999,599.94,20.05,1
4163,EXTEND,1,412,0,416.00,22.57,1
4164,DECODE,996,0,996,600.18,20.10,1
4165,EXTEND,4,182,0,52.50,19.17,1
4166,DECODE,996,0,996,599.17,21.63,1
4167,EXTEND,4,172,0,52.00,16.47,1
4168,DECODE,999,0,999,598.06,20.25,1
4169,EXTEND,1,35,0,40.00,15.81,1
4170,DECODE,1000,0,1000,598.50,19.86,1
4171,DECODE,1000,0,1000,599.50,19.81,1
4172,DECODE,999,0,999,600.25,20.16,1
4173,EXTEND,1,87,0,96.00,16.18,1
4174,DECODE,998,0,998,600.53,20.67,1
4175,DECODE,998,0,998,601.53,20.72,1
4176,DECODE,998,0,998,602.53,20.14,1
4177,EXTEND,2,94,0,55.50,16.20,1
4178,EXTEND,1,73,0,77.00,16.04,1
4179,DECODE,1000,0,1000,602.17,20.18,1
4180,DECODE,1000,0,1000,603.17,20.03,1
4181,DECODE,1000,0,1000,604.17,20.05,1
4182,DECODE,999,0,999,605.11,28.84,1
4183,EXTEND,1,53,0,61.00,26.56,1
4184,EXTEND,4,357,0,94.00,21.71,1
4185,EXTEND,1,53,0,64.00,16.13,1
4186,DECODE,1000,0,1000,603.21,20.11,1
4187,DECODE,1000,0,1000,604.21,19.93,1
4188,DECODE,999,0,999,605.28,20.26,1
4189,EXTEND,1,35,0,39.00,15.64,1
4190,EXTEND,2,143,0,79.00,15.43,1
4191,EXTEND,1,44,0,50.00,15.62,1
4192,DECODE,1000,0,1000,604.67,20.26,1
4193,DECODE,1000,0,1000,605.67,19.91,1
4194,DECODE,1000,0,1000,606.67,20.03,1
4195,DECODE,1000,0,1000,607.67,19.79,1
4196,DECODE,1000,0,1000,608.67,20.09,1
4197,DECODE,999,0,999,609.99,20.25,1
4198,EXTEND,1,135,0,139.00,16.76,1
4199,EXTEND,2,150,0,80.50,16.13,1
4200,EXTEND,2,91,0,56.00,17.28,1
4201,DECODE,1000,0,1000,608.45,20.18,1
4202,DECODE,1000,0,1000,609.45,20.28,1
4203,DECODE,999,0,999,610.46,20.29,1
4204,EXTEND,1,93,0,101.00,16.59,1
4205,EXTEND,2,271,0,142.00,24.48,1
4206,EXTEND,2,142,0,75.50,15.77,1
4207,DECODE,1000,0,1000,607.71,19.99,1
4208,DECODE,1000,0,1000,608.71,20.24,1
4209,DECODE,1000,0,1000,609.71,20.50,1
4210,DECODE,999,0,999,610.32,20.56,1
4211,EXTEND,1,54,0,58.00,15.89,1
4212,DECODE,1000,0,1000,610.76,19.95,1
4213,DECODE,1000,0,1000,611.76,20.07,1
4214,DECODE,1000,0,1000,612.76,20.15,1
4215,DECODE,1000,0,1000,613.76,20.24,1
4216,DECODE,999,0,999,614.71,25.30,1
4217,EXTEND,1,98,0,102.00,16.10,1
4218,DECODE,999,0,999,614.79,22.11,1
4219,EXTEND,1,154,0,159.00,15.94,1
4220,DECODE,999,0,999,614.94,20.34,1
4221,EXTEND,1,88,0,105.00,16.02,1
4222,DECODE,998,0,998,614.89,20.23,1
4223,EXTEND,2,391,0,200.50,15.97,1
4224,DECODE,1000,0,1000,615.06,20.27,1
4225,DECODE,1000,0,1000,616.06,20.28,1
4226,DECODE,998,0,998,617.30,20.63,1
4227,EXTEND,2,160,0,86.50,16.70,1
4228,EXTEND,2,116,0,76.50,16.27,1
4229,DECODE,1000,0,1000,616.04,20.44,1
4230,DECODE,1000,0,1000,617.04,20.25,1
4231,DECODE,999,0,999,617.99,20.45,1
4232,EXTEND,1,35,0,41.00,15.99,1
4233,EXTEND,2,151,0,83.00,16.44,1
4234,EXTEND,1,48,0,52.00,15.84,1
4235,DECODE,1000,0,1000,616.38,20.16,1
4236,DECODE,1000,0,1000,617.38,20.22,1
4237,DECODE,997,0,997,618.24,20.51,1
4238,EXTEND,3,165,0,71.67,16.12,1
4239,EXTEND,1,111,0,115.00,27.47,1
4240,EXTEND,1,77,0,81.00,16.50,1
4241,DECODE,1000,0,1000,617.13,20.61,1
4242,DECODE,1000,0,1000,618.13,21.21,1
4243,DECODE,1000,0,1000,619.13,20.20,1
4244,DECODE,998,0,998,619.78,20.45,1
4245,EXTEND,2,173,0,91.50,25.12,1
4246,EXTEND,3,209,0,76.00,24.05,1
4247,DECODE,1000,0,1000,619.08,20.29,1
4248,DECODE,1000,0,1000,620.08,20.24,1
4249,DECODE,999,0,999,620.66,20.43,1
4250,EXTEND,1,28,0,37.00,16.05,1
4251,EXTEND,1,28,0,38.00,17.86,1
4252,EXTEND,2,100,0,60.00,15.65,1
4253,DECODE,1000,0,1000,618.93,20.06,1
4254,DECODE,1000,0,1000,619.93,21.07,1
4255,DECODE,998,0,998,621.26,20.54,1
4256,EXTEND,2,75,0,50.50,15.91,1
4257,EXTEND,1,53,0,63.00,16.81,1
4258,DECODE,999,0,999,620.58,20.49,1
4259,EXTEND,1,67,0,73.00,15.65,1
4260,DECODE,1000,0,1000,621.03,19.99,1
4261,DECODE,1000,0,1000,622.03,20.05,1
4262,DECODE,998,0,998,622.51,20.35,1
4263,EXTEND,2,67,0,41.00,15.80,1
4264,DECODE,998,0,998,622.22,20.17,1
4265,EXTEND,2,120,0,64.50,15.82,1
4266,DECODE,998,0,998,621.86,20.21,1
4267,EXTEND,2,226,0,119.50,15.71,1
4268,DECODE,1000,0,1000,621.86,20.09,1
4269,DECODE,1000,0,1000,622.86,20.10,1
4270,DECODE,999,0,999,623.43,20.63,1
4271,EXTEND,1,90,0,108.00,15.83,1
4272,EXTEND,4,264,0,73.50,22.42,1
4273,EXTEND,1,35,0,41.00,19.27,1
4274,DECODE,1000,0,1000,620.77,22.82,1
4275,DECODE,1000,0,1000,621.77,22.40,1
4276,DECODE,999,0,999,623.08,24.39,1
4277,EXTEND,1,61,0,66.00,16.38,1
4278,DECODE,1000,0,1000,623.52,20.26,1
4279,DECODE,1000,0,1000,624.52,20.58,1
4280,DECODE,1000,0,1000,625.52,20.29,1
4281,DECODE,1000,0,1000,626.52,20.36,1
4282,DECODE,999,0,999,627.29,23.14,1
4283,EXTEND,1,59,0,82.00,15.79,1
4284,EXTEND,1,45,0,50.00,15.60,1
4285,EXTEND,1,122,0,126.00,15.65,1
4286,DECODE,1000,0,1000,627.20,21.24,1
4287,DECODE,1000,0,1000,628.20,20.31,1
4288,DECODE,1000,0,1000,629.20,20.30,1
4289,DECODE,999,0,999,630.01,20.56,1
4290,EXTEND,1,199,0,204.00,16.47,1
4291,DECODE,999,0,999,630.77,20.35,1
4292,EXTEND,1,48,0,60.00,15.81,1
4293,DECODE,999,0,999,631.35,20.65,1
4294,EXTEND,1,50,0,56.00,15.69,1
4295,DECODE,999,0,999,631.79,20.38,1
4296,EXTEND,1,134,0,138.00,24.06,1
4297,DECODE,1000,0,1000,632.29,20.45,1
4298,DECODE,1000,0,1000,633.29,20.34,1
4299,DECODE,998,0,998,633.82,20.59,1
4300,EXTEND,2,294,0,154.50,23.35,1
4301,EXTEND,1,46,0,59.00,15.60,1
4302,DECODE,1000,0,1000,633.57,20.15,1
4303,DECODE,1000,0,1000,634.57,20.31,1
4304,DECODE,1000,0,1000,635.57,20.23,1
4305,DECODE,999,0,999,636.91,20.60,1
4306,EXTEND,1,37,0,42.00,15.84,1
4307,EXTEND,3,125,0,46.00,16.25,1
4308,DECODE,1000,0,1000,634.96,20.17,1
4309,DECODE,1000,0,1000,635.96,20.22,1
4310,DECODE,998,0,998,636.42,20.47,1
4311,EXTEND,2,131,0,71.00,18.51,1
4312,DECODE,1000,0,1000,636.29,21.35,1
4313,DECODE,1000,0,1000,637.29,20.42,1
4314,DECODE,999,0,999,638.05,20.47,1
4315,EXTEND,1,47,0,57.00,16.02,1
4316,DECODE,1000,0,1000,638.47,20.13,1
4317,DECODE,1000,0,1000,639.47,20.22,1
4318,DECODE,999,0,999,640.91,20.57,1
4319,EXTEND,1,38,0,44.00,15.80,1
4320,EXTEND,1,36,0,43.00,15.57,1
4321,EXTEND,1,50,0,59.00,15.85,1
4322,DECODE,1000,0,1000,639.93,20.21,1
4323,DECODE,1000,0,1000,640.93,20.22,1
4324,DECODE,999,0,999,641.97,20.62,1
4325,EXTEND,1,248,0,252.00,15.84,1
4326,EXTEND,2,184,0,98.00,15.74,1
4327,EXTEND,1,63,0,70.00,16.80,1
4328,DECODE,1000,0,1000,640.14,20.33,1
4329,DECODE,1000,0,1000,641.14,20.12,1
4330,DECODE,998,0,998,642.21,20.35,1
4331,EXTEND,2,92,0,53.00,16.11,1
4332,EXTEND,1,39,0,45.00,16.08,1
4333,DECODE,1000,0,1000,641.42,20.33,1
4334,DECODE,1000,0,1000,642.42,20.51,1
4335,DECODE,1000,0,1000,643.42,20.31,1
4336,DECODE,997,0,997,644.46,20.35,1
4337,EXTEND,3,217,0,77.67,15.88,1
4338,EXTEND,4,331,0,94.00,39.11,1
4339,EXTEND,1,125,0,128.00,19.72,1
4340,DECODE,1000,0,1000,641.56,20.25,1
4341,DECODE,1000,0,1000,642.56,20.28,1
4342,DECODE,1000,0,1000,643.56,20.49,1
4343,DECODE,1000,0,1000,644.56,20.28,1
4344,DECODE,999,0,999,645.41,20.73,1
4345,EXTEND,1,73,0,77.00,17.87,1
4346,DECODE,1000,0,1000,645.84,20.42,1
4347,DECODE,1000,0,1000,646.84,20.39,1
4348,DECODE,1000,0,1000,647.84,20.36,1
4349,DECODE,998,0,998,648.28,20.60,1
4350,EXTEND,2,133,0,72.00,15.82,1
4351,DECODE,999,0,999,647.35,20.53,1
4352,EXTEND,1,180,0,185.00,15.66,1
4353,DECODE,998,0,998,647.18,20.48,1
4354,EXTEND,2,109,0,61.50,15.70,1
4355,DECODE,999,0,999,646.94,20.36,1
4356,EXTEND,1,71,0,78.00,15.50,1
4357,DECODE,1000,0,1000,647.37,20.34,1
4358,DECODE,1000,0,1000,648.37,20.18,1
4359,DECODE,999,0,999,649.64,20.79,1
4360,EXTEND,1,65,0,70.00,16.11,1
4361,EXTEND,3,185,0,67.67,23.35,1
4362,DECODE,1000,0,1000,648.78,20.30,1
4363,DECODE,1000,0,1000,649.78,20.29,1
4364,DECODE,998,0,998,650.93,20.62,1
4365,EXTEND,2,102,0,57.00,15.80,1
4366,DECODE,998,0,998,650.64,20.50,1
4367,EXTEND,2,84,0,50.00,16.02,1
4368,DECODE,1000,0,1000,650.44,20.25,1
4369,DECODE,1000,0,1000,651.44,20.39,1
4370,DECODE,999,0,999,652.00,20.59,1
4371,EXTEND,1,60,0,66.00,16.06,1
4372,EXTEND,2,179,0,95.50,15.93,1
4373,EXTEND,1,61,0,65.00,15.61,1
4374,DECODE,1000,0,1000,650.32,20.39,1
4375,DECODE,1000,0,1000,651.32,20.35,1
4376,DECODE,999,0,999,652.66,20.82,1
4377,EXTEND,1,59,0,66.00,16.95,1
4378,EXTEND,1,100,0,111.00,15.89,1
4379,EXTEND,2,80,0,46.00,15.66,1
4380,DECODE,1000,0,1000,651.82,20.57,1
4381,DECODE,1000,0,1000,652.82,20.36,1
4382,DECODE,1000,0,1000,653.82,20.24,1
4383,DECODE,998,0,998,654.98,20.75,1
4384,EXTEND,2,168,0,92.00,16.51,1
4385,EXTEND,2,124,0,68.00,15.92,1
4386,EXTEND,2,120,0,65.00,16.05,1
4387,DECODE,1000,0,1000,652.59,20.41,1
4388,DECODE,1000,0,1000,653.59,20.31,1
4389,DECODE,998,0,998,654.25,21.16,1
4390,EXTEND,2,132,0,74.50,15.78,1
4391,EXTEND,2,135,0,71.00,15.45,1
4392,EXTEND,1,63,0,67.00,15.52,1
4393,DECODE,1000,0,1000,652.64,20.43,1
4394,DECODE,1000,0,1000,653.64,20.36,1
4395,DECODE,1000,0,1000,654.64,20.58,1
4396,DECODE,999,0,999,655.08,20.66,1
4397,EXTEND,1,48,0,61.00,16.07,1
4398,DECODE,1000,0,1000,655.49,20.68,1
4399,DECODE,1000,0,1000,656.49,20.51,1
4400,DECODE,999,0,999,657.68,29.13,1
4401,EXTEND,1,44,0,49.00,26.62,1
4402,EXTEND,1,53,0,70.00,18.71,1
4403,EXTEND,2,82,0,48.00,17.04,1
4404,DECODE,1000,0,1000,656.18,32.59,1
4405,DECODE,1000,0,1000,657.18,27.59,1
4406,DECODE,999,0,999,657.98,20.65,1
4407,EXTEND,1,34,0,45.00,16.03,1
4408,DECODE,1000,0,1000,658.37,20.24,1
4409,DECODE,1000,0,1000,659.37,20.63,1
4410,DECODE,999,0,999,660.07,20.96,1
4411,EXTEND,1,53,0,57.00,26.76,1
4412,DECODE,1000,0,1000,660.47,28.34,1
4413,DECODE,1000,0,1000,661.47,23.59,1
4414,DECODE,999,0,999,662.89,21.24,1
4415,EXTEND,1,81,0,90.00,16.68,1
4416,DECODE,1000,0,1000,663.31,20.33,1
4417,DECODE,1000,0,1000,664.31,20.30,1
4418,DECODE,997,0,997,665.49,20.65,1
4419,EXTEND,3,485,0,166.00,24.73,1
4420,EXTEND,1,123,0,128.00,15.89,1
4421,EXTEND,2,127,0,68.00,15.95,1
4422,DECODE,1000,0,1000,663.63,20.41,1
4423,DECODE,1000,0,1000,664.63,20.78,1
4424,DECODE,999,0,999,665.37,20.90,1
4425,EXTEND,1,51,0,57.00,16.00,1
4426,EXTEND,1,106,0,109.00,15.87,1
4427,EXTEND,1,52,0,56.00,15.44,1
4428,DECODE,1000,0,1000,663.65,20.49,1
4429,DECODE,1000,0,1000,664.65,20.52,1
4430,DECODE,998,0,998,666.03,20.85,1
4431,EXTEND,2,141,0,76.50,15.81,1
4432,EXTEND,2,131,0,71.50,16.15,1
4433,EXTEND,1,46,0,52.00,15.57,1
4434,DECODE,1000,0,1000,664.11,20.59,1
4435,DECODE,1000,0,1000,665.11,20.50,1
4436,DECODE,1000,0,1000,666.11,20.51,1
4437,DECODE,999,0,999,666.66,20.98,1
4438,EXTEND,1,71,0,74.00,15.79,1
4439,DECODE,1000,0,1000,667.07,20.54,1
4440,DECODE,1000,0,1000,668.07,20.53,1
4441,DECODE,998,0,998,669.38,20.69,1
4442,EXTEND,2,181,0,95.50,15.81,1
4443,EXTEND,2,186,0,101.50,15.60,1
4444,EXTEND,1,152,0,159.00,15.37,1
4445,DECODE,1000,0,1000,667.71,20.62,1
4446,DECODE,1000,0,1000,668.71,20.60,1
4447,DECODE,998,0,998,669.21,20.84,1
4448,EXTEND,2,72,0,43.00,15.84,1
4449,DECODE,999,0,999,669.31,20.76,1
4450,EXTEND,1,47,0,54.00,15.73,1
4451,DECODE,1000,0,1000,669.70,20.71,1
4452,DECODE,1000,0,1000,670.70,20.65,1
4453,DECODE,998,0,998,671.82,20.69,1
4454,EXTEND,2,366,0,189.50,22.23,1
4455,DECODE,998,0,998,671.62,22.61,1
4456,EXTEND,2,124,0,69.50,15.51,1
4457,DECODE,1000,0,1000,671.42,20.46,1
4458,DECODE,1000,0,1000,672.42,20.45,1
4459,DECODE,1000,0,1000,673.42,20.68,1
4460,DECODE,999,0,999,674.61,20.94,1
4461,EXTEND,1,71,0,79.00,15.47,1
4462,DECODE,1000,0,1000,675.01,20.74,1
4463,DECODE,1000,0,1000,676.01,20.66,1
4464,DECODE,998,0,998,677.42,20.95,1
4465,EXTEND,2,78,0,48.00,15.63,1
4466,DECODE,999,0,999,676.81,20.79,1
4467,EXTEND,1,34,0,39.00,15.36,1
4468,DECODE,997,0,997,677.37,20.85,1
4469,EXTEND,3,231,0,81.67,16.14,1
4470,DECODE,998,0,998,676.34,20.68,1
4471,EXTEND,2,148,0,80.00,15.49,1
4472,DECODE,999,0,999,676.39,20.76,1
4473,EXTEND,1,65,0,81.00,15.80,1
4474,DECODE,998,0,998,676.72,20.72,1
4475,EXTEND,2,220,0,117.00,15.89,1
4476,DECODE,999,0,999,676.13,20.76,1
4477,EXTEND,1,39,0,45.00,15.52,1
4478,DECODE,999,0,999,676.22,20.79,1
4479,EXTEND,1,54,0,62.00,16.54,1
4480,DECODE,1000,0,1000,676.61,20.54,1
4481,DECODE,1000,0,1000,677.61,20.65,1
4482,DECODE,998,0,998,678.71,20.74,1
4483,EXTEND,2,177,0,94.00,22.71,1
4484,EXTEND,1,68,0,75.00,15.58,1
4485,DECODE,1000,0,1000,678.20,20.71,1
4486,DECODE,1000,0,1000,679.20,20.63,1
4487,DECODE,1000,0,1000,680.20,20.74,1
4488,DECODE,1000,0,1000,681.20,20.87,1
4489,DECODE,999,0,999,682.48,21.03,1
4490,EXTEND,1,79,0,84.00,15.75,1
4491,EXTEND,3,161,0,66.67,21.59,1
4492,EXTEND,2,531,0,270.00,23.36,1
4493,DECODE,1000,0,1000,679.89,20.84,1
4494,DECODE,1000,0,1000,680.89,20.93,1
4495,DECODE,998,0,998,681.65,21.16,1
4496,EXTEND,2,161,0,85.50,15.62,1
4497,EXTEND,2,124,0,71.50,15.44,1
4498,DECODE,1000,0,1000,679.78,20.86,1
4499,DECODE,1000,0,1000,680.78,20.95,1
4500,DECODE,1000,0,1000,681.78,20.75,1
4501,DECODE,999,0,999,682.86,21.27,1
4502,EXTEND,1,62,0,82.00,15.85,1
4503,EXTEND,1,61,0,70.00,15.49,1
4504,DECODE,1000,0,1000,683.05,21.05,1
4505,DECODE,1000,0,1000,684.05,20.98,1
4506,DECODE,998,0,998,684.32,21.12,1
4507,EXTEND,2,146,0,80.00,15.62,1
4508,EXTEND,2,140,0,78.00,15.29,1
4509,EXTEND,2,83,0,47.50,15.51,1
4510,DECODE,1000,0,1000,682.51,20.71,1
4511,DECODE,1000,0,1000,683.51,20.91,1
4512,DECODE,1000,0,1000,684.51,21.26,1
4513,DECODE,999,0,999,685.74,21.08,1
4514,EXTEND,1,53,0,66.00,15.68,1
4515,DECODE,1000,0,1000,686.12,21.53,1
4516,DECODE,1000,0,1000,687.12,20.73,1
4517,DECODE,998,0,998,688.20,21.27,1
4518,EXTEND,2,291,0,150.00,23.88,1
4519,EXTEND,2,127,0,71.00,16.00,1
4520,EXTEND,1,52,0,64.00,15.46,1
4521,DECODE,1000,0,1000,685.96,20.97,1
4522,DECODE,1000,0,1000,686.96,20.82,1
4523,DECODE,997,0,997,687.80,21.16,1
4524,EXTEND,3,163,0,66.33,15.76,1
4525,EXTEND,1,35,0,41.00,15.48,1
4526,DECODE,1000,0,1000,685.79,20.68,1
4527,DECODE,1000,0,1000,686.79,20.93,1
4528,DECODE,1000,0,1000,687.79,21.11,1
4529,DECODE,1000,0,1000,688.79,20.88,1
4530,DECODE,998,0,998,688.78,22.00,1
4531,EXTEND,2,116,0,74.00,15.80,1
4532,DECODE,1000,0,1000,688.55,20.84,1
4533,DECODE,1000,0,1000,689.55,21.01,1
4534,DECODE,996,0,996,690.43,21.07,1
4535,EXTEND,4,262,0,72.25,23.36,1
4536,DECODE,999,0,999,688.81,21.38,1
4537,EXTEND,1,59,0,63.00,15.99,1
4538,DECODE,1000,0,1000,689.18,20.81,1
4539,DECODE,1000,0,1000,690.18,20.96,1
4540,DECODE,999,0,999,690.62,21.31,1
4541,EXTEND,1,57,0,65.00,20.34,1
4542,EXTEND,1,53,0,57.00,16.03,1
4543,DECODE,1000,0,1000,690.87,21.11,1
4544,DECODE,1000,0,1000,691.87,21.13,1
4545,DECODE,998,0,998,692.60,21.18,1
4546,EXTEND,2,144,0,76.50,15.71,1
4547,EXTEND,1,49,0,53.00,15.38,1
4548,EXTEND,2,102,0,57.00,15.57,1
4549,DECODE,1000,0,1000,690.33,20.94,1
4550,DECODE,1000,0,1000,691.33,20.90,1
4551,DECODE,998,0,998,693.07,21.22,1
4552,EXTEND,2,71,0,44.50,15.88,1
4553,EXTEND,2,124,0,68.00,15.64,1
4554,EXTEND,1,54,0,57.00,15.45,1
4555,DECODE,1000,0,1000,690.77,20.90,1
4556,DECODE,1000,0,1000,691.77,20.92,1
4557,DECODE,998,0,998,692.73,20.97,1
4558,EXTEND,2,160,0,89.50,17.39,1
4559,EXTEND,1,56,0,60.00,15.54,1
4560,EXTEND,2,177,0,94.50,22.06,1
4561,DECODE,1000,0,1000,691.05,23.65,1
4562,DECODE,1000,0,1000,692.05,21.07,1
4563,DECODE,999,0,999,693.07,21.38,1
4564,EXTEND,1,38,0,45.00,15.58,1
4565,DECODE,998,0,998,693.18,20.99,1
4566,EXTEND,2,249,0,134.00,23.84,1
4567,DECODE,999,0,999,692.98,21.21,1
4568,EXTEND,1,33,0,38.00,15.30,1
4569,DECODE,1000,0,1000,693.32,20.99,1
4570,DECODE,1000,0,1000,694.32,20.84,1
4571,DECODE,1000,0,1000,695.32,21.08,1
4572,DECODE,999,0,999,696.55,21.22,1
4573,EXTEND,1,32,0,43.00,15.63,1
4574,DECODE,1000,0,1000,696.90,21.00,1
4575,DECODE,1000,0,1000,697.90,21.09,1
4576,DECODE,999,0,999,698.80,21.58,1
4577,EXTEND,1,41,0,49.00,23.18,1
4578,EXTEND,1,71,0,75.00,15.61,1
4579,EXTEND,2,160,0,86.00,15.41,1
4580,DECODE,1000,0,1000,697.84,21.10,1
4581,DECODE,1000,0,1000,698.84,21.16,1
4582,DECODE,998,0,998,700.38,21.40,1
4583,EXTEND,2,104,0,65.00,15.80,1
4584,DECODE,1000,0,1000,700.11,20.99,1
4585,DECODE,1000,0,1000,701.11,21.06,1
4586,DECODE,999,0,999,701.95,21.39,1
4587,EXTEND,1,102,0,106.00,16.07,1
4588,EXTEND,2,243,0,127.00,15.45,1
4589,EXTEND,3,210,0,75.67,23.99,1
4590,DECODE,1000,0,1000,699.47,21.18,1
4591,DECODE,1000,0,1000,700.47,21.09,1
4592,DECODE,1000,0,1000,701.47,21.25,1
4593,DECODE,1000,0,1000,702.47,21.50,1
4594,DECODE,1000,0,1000,703.47,21.32,1
4595,DECODE,1000,0,1000,704.47,21.18,1
4596,DECODE,998,0,998,704.85,21.55,1
4597,EXTEND,2,138,0,74.50,16.67,1
4598,EXTEND,1,75,0,83.00,15.57,1
4599,EXTEND,1,86,0,89.00,15.56,1
4600,DECODE,1000,0,1000,703.07,21.00,1
4601,DECODE,1000,0,1000,704.07,21.28,1
4602,DECODE,999,0,999,704.54,21.49,1
4603,EXTEND,1,100,0,104.00,15.98,1
4604,DECODE,997,0,997,704.44,21.36,1
4605,EXTEND,3,229,0,85.33,15.87,1
4606,DECODE,1000,0,1000,703.59,21.17,1
4607,DECODE,1000,0,1000,704.59,21.69,1
4608,DECODE,997,0,997,704.58,21.45,1
4609,EXTEND,3,312,0,114.00,22.84,1
4610,EXTEND,3,206,0,73.33,22.83,1
4611,EXTEND,1,100,0,107.00,15.74,1
4612,DECODE,1000,0,1000,699.95,21.22,1
4613,DECODE,1000,0,1000,700.95,21.17,1
4614,DECODE,997,0,997,702.39,21.57,1
4615,EXTEND,3,188,0,70.00,15.91,1
4616,EXTEND,1,159,0,164.00,15.91,1
4617,EXTEND,2,166,0,90.50,15.78,1
4618,DECODE,1000,0,1000,699.49,21.07,1
4619,DECODE,1000,0,1000,700.49,21.13,1
4620,DECODE,998,0,998,701.83,21.51,1
4621,EXTEND,2,101,0,56.00,15.92,1
4622,DECODE,1000,0,1000,701.54,21.13,1
4623,DECODE,1000,0,1000,702.54,21.68,1
4624,DECODE,998,0,998,703.56,21.37,1
4625,EXTEND,2,108,0,59.00,15.94,1
4626,EXTEND,3,624,0,213.33,22.11,1
4627,DECODE,1000,0,1000,701.88,21.19,1
4628,DECODE,1000,0,1000,702.88,21.21,1
4629,DECODE,999,0,999,704.34,21.60,1
4630,EXTEND,1,98,0,129.00,15.96,1
4631,EXTEND,1,45,0,50.00,15.74,1
4632,EXTEND,4,271,0,76.25,15.92,1
4633,DECODE,1000,0,1000,701.60,21.09,1
4634,DECODE,1000,0,1000,702.60,21.38,1
4635,DECODE,999,0,999,704.00,21.54,1
4636,EXTEND,1,62,0,74.00,16.10,1
4637,EXTEND,3,336,0,120.00,18.09,1
4638,EXTEND,1,78,0,91.00,17.42,1
4639,DECODE,1000,0,1000,703.03,21.76,1
4640,DECODE,1000,0,1000,704.03,21.25,1
4641,DECODE,998,0,998,705.58,21.54,1
4642,EXTEND,2,96,0,54.50,15.87,1
4643,DECODE,1000,0,1000,705.28,21.26,1
4644,DECODE,1000,0,1000,706.28,21.47,1
4645,DECODE,997,0,997,705.62,22.27,1
4646,EXTEND,3,304,0,108.00,16.16,1
4647,DECODE,999,0,999,704.99,21.58,1
4648,EXTEND,1,53,0,62.00,15.51,1
4649,DECODE,999,0,999,705.78,21.43,1
4650,EXTEND,1,38,0,45.00,15.54,1
4651,DECODE,999,0,999,705.52,21.47,1
4652,EXTEND,1,61,0,73.00,15.47,1
4653,DECODE,999,0,999,705.87,21.46,1
4654,EXTEND,1,100,0,106.00,15.63,1
4655,DECODE,999,0,999,706.70,21.52,1
4656,EXTEND,1,65,0,69.00,15.53,1
4657,DECODE,999,0,999,707.17,21.47,1
4658,EXTEND,1,74,0,80.00,15.49,1
4659,DECODE,1000,0,1000,707.54,21.44,1
4660,DECODE,1000,0,1000,708.54,21.35,1
4661,DECODE,1000,0,1000,709.54,22.66,1
4662,DECODE,999,0,999,710.53,21.44,1
4663,EXTEND,1,47,0,54.00,15.90,1
4664,EXTEND,4,240,0,67.00,15.86,1
4665,EXTEND,3,163,0,62.33,15.20,1
4666,DECODE,1000,0,1000,706.44,21.08,1
4667,DECODE,1000,0,1000,707.44,21.08,1
4668,DECODE,999,0,999,708.49,21.32,1
4669,EXTEND,1,66,0,79.00,15.75,1
4670,DECODE,1000,0,1000,708.86,21.10,1
4671,DECODE,1000,0,1000,709.86,21.24,1
4672,DECODE,1000,0,1000,710.86,21.21,1
4673,DECODE,1000,0,1000,711.86,21.26,1
4674,DECODE,998,0,998,713.01,21.41,1
4675,EXTEND,2,190,0,100.00,15.52,1
4676,DECODE,1000,0,1000,712.79,21.21,1
4677,DECODE,1000,0,1000,713.79,21.21,1
4678,DECODE,999,0,999,715.08,21.45,1
4679,EXTEND,1,68,0,72.00,15.54,1
4680,EXTEND,2,246,0,131.00,15.32,1
4681,EXTEND,2,106,0,59.50,15.34,1
4682,DECODE,1000,0,1000,712.64,21.25,1
4683,DECODE,1000,0,1000,713.64,21.24,1
4684,DECODE,1000,0,1000,714.64,21.37,1
4685,DECODE,1000,0,1000,715.64,21.39,1
4686,DECODE,997,0,997,716.03,21.65,1
4687,EXTEND,3,234,0,82.33,24.10,1
4688,DECODE,999,0,999,715.65,21.46,1
4689,EXTEND,1,109,0,124.00,16.23,1
4690,DECODE,999,0,999,716.47,21.52,1
4691,EXTEND,1,57,0,64.00,15.21,1
4692,DECODE,998,0,998,716.76,21.50,1
4693,EXTEND,2,146,0,78.50,15.53,1
4694,DECODE,999,0,999,715.90,21.45,1
4695,EXTEND,1,29,0,37.00,16.19,1
4696,DECODE,1000,0,1000,716.22,21.80,1
4697,DECODE,1000,0,1000,717.22,21.51,1
4698,DECODE,1000,0,1000,718.22,21.70,1
4699,DECODE,997,0,997,718.14,21.48,1
4700,EXTEND,3,178,0,66.33,15.77,1
4701,DECODE,1000,0,1000,717.18,21.35,1
4702,DECODE,1000,0,1000,718.18,21.54,1
4703,DECODE,1000,0,1000,719.18,21.36,1
4704,DECODE,1000,0,1000,720.18,21.36,1
4705,DECODE,1000,0,1000,721.18,21.36,1
4706,DECODE,999,0,999,722.53,21.46,1
4707,EXTEND,1,78,0,82.00,16.04,1
4708,EXTEND,1,23,0,39.00,18.83,1
4709,EXTEND,1,50,0,56.00,15.41,1
4710,DECODE,1000,0,1000,721.49,21.32,1
4711,DECODE,1000,0,1000,722.49,21.25,1
4712,DECODE,1000,0,1000,723.49,21.32,1
4713,DECODE,999,0,999,724.81,21.65,1
4714,EXTEND,1,21,0,37.00,18.31,1
4715,DECODE,1000,0,1000,725.13,21.33,1
4716,DECODE,1000,0,1000,726.13,21.43,1
4717,DECODE,998,0,998,725.99,21.65,1
4718,EXTEND,2,113,0,63.50,27.18,1
4719,DECODE,999,0,999,726.16,22.15,1
4720,EXTEND,1,57,0,66.00,15.58,1
4721,DECODE,999,0,999,726.80,21.73,1
4722,EXTEND,1,87,0,92.00,15.91,1
4723,DECODE,1000,0,1000,727.16,21.71,1
4724,DECODE,1000,0,1000,728.16,21.57,1
4725,DECODE,998,0,998,729.00,21.69,1
4726,EXTEND,2,95,0,65.00,18.51,1
4727,EXTEND,1,64,0,68.00,16.88,1
4728,EXTEND,1,96,0,102.00,15.61,1
4729,DECODE,1000,0,1000,726.20,24.84,1
4730,DECODE,1000,0,1000,727.20,21.60,1
4731,DECODE,999,0,999,728.65,24.48,1
4732,EXTEND,1,28,0,37.00,17.42,1
4733,EXTEND,1,76,0,87.00,21.92,1
4734,EXTEND,1,52,0,60.00,21.46,1
4735,DECODE,1000,0,1000,728.21,22.00,1
4736,DECODE,1000,0,1000,729.21,21.80,1
4737,DECODE,999,0,999,730.63,21.76,1
4738,EXTEND,1,339,0,352.00,16.49,1
4739,DECODE,999,0,999,731.28,21.60,1
4740,EXTEND,1,30,0,37.00,15.55,1
4741,DECODE,999,0,999,731.38,21.62,1
4742,EXTEND,1,71,0,76.00,16.41,1
4743,DECODE,999,0,999,731.40,23.54,1
4744,EXTEND,1,37,0,43.00,15.68,1
4745,DECODE,999,0,999,732.05,21.61,1
4746,EXTEND,1,85,0,88.00,16.47,1
4747,DECODE,1000,0,1000,732.40,21.66,1
4748,DECODE,1000,0,1000,733.40,21.61,1
4749,DECODE,1000,0,1000,734.40,21.71,1
4750,DECODE,998,0,998,734.46,21.92,1
4751,EXTEND,2,88,0,51.50,15.73,1
4752,DECODE,998,0,998,734.48,21.52,1
4753,EXTEND,2,90,0,53.00,17.71,1
4754,DECODE,999,0,999,733.68,21.53,1
4755,EXTEND,1,88,0,92.00,15.61,1
4756,DECODE,997,0,997,734.30,21.46,1
4757,EXTEND,3,150,0,57.67,15.61,1
4758,DECODE,998,0,998,733.04,21.54,1
4759,EXTEND,2,140,0,75.50,15.45,1
4760,DECODE,1000,0,1000,732.73,21.38,1
4761,DECODE,1000,0,1000,733.73,21.44,1
4762,DECODE,1000,0,1000,734.73,21.57,1
4763,DECODE,1000,0,1000,735.73,21.50,1
4764,DECODE,1000,0,1000,736.73,21.54,1
4765,DECODE,1000,0,1000,737.73,21.49,1
4766,DECODE,999,0,999,738.83,21.53,1
4767,EXTEND,1,38,0,44.00,15.58,1
4768,EXTEND,1,109,0,119.00,16.20,1
4769,EXTEND,2,116,0,64.50,16.26,1
4770,DECODE,1000,0,1000,736.25,21.66,1
4771,DECODE,1000,0,1000,737.25,21.72,1
4772,DECODE,999,0,999,737.64,22.04,1
4773,EXTEND,1,71,0,75.00,15.64,1
4774,DECODE,1000,0,1000,737.98,21.43,1
4775,DECODE,1000,0,1000,738.98,21.43,1
4776,DECODE,998,0,998,740.10,21.76,1
4777,EXTEND,2,151,0,80.00,15.70,1
4778,DECODE,1000,0,1000,739.77,21.34,1
4779,DECODE,1000,0,1000,740.77,21.57,1
4780,DECODE,999,0,999,741.85,22.66,1
4781,EXTEND,1,45,0,56.00,17.66,1
4782,DECODE,998,0,998,741.98,21.81,1
4783,EXTEND,2,118,0,66.50,15.84,1
4784,DECODE,999,0,999,741.67,21.46,1
4785,EXTEND,1,45,0,51.00,15.57,1
4786,DECODE,997,0,997,742.26,21.62,1
4787,EXTEND,3,213,0,79.33,15.93,1
4788,DECODE,998,0,998,741.19,21.89,1
4789,EXTEND,2,446,0,230.50,23.76,1
4790,DECODE,999,0,999,740.53,21.97,1
4791,EXTEND,1,33,0,39.00,17.27,1
4792,DECODE,1000,0,1000,740.83,22.20,1
4793,DECODE,1000,0,1000,741.83,22.53,1
4794,DECODE,999,0,999,743.06,21.99,1
4795,EXTEND,1,25,0,41.00,15.93,1
4796,EXTEND,1,102,0,106.00,15.81,1
4797,EXTEND,4,230,0,67.00,15.99,1
4798,DECODE,1000,0,1000,740.37,21.49,1
4799,DECODE,1000,0,1000,741.37,21.29,1
4800,DECODE,999,0,999,742.31,21.67,1
4801,EXTEND,1,52,0,57.00,16.13,1
4802,DECODE,998,0,998,742.57,21.51,1
4803,EXTEND,2,117,0,66.00,15.98,1
4804,DECODE,1000,0,1000,742.22,21.36,1
4805,DECODE,1000,0,1000,743.22,21.39,1
4806,DECODE,1000,0,1000,744.22,21.51,1
4807,DECODE,1000,0,1000,745.22,21.45,1
4808,DECODE,1000,0,1000,746.22,21.50,1
4809,DECODE,1000,0,1000,747.22,21.56,1
4810,DECODE,1000,0,1000,748.22,21.58,1
4811,DECODE,1000,0,1000,749.22,21.51,1
4812,DECODE,1000,0,1000,750.22,21.42,1
4813,DECODE,997,0,997,751.49,21.67,1
4814,EXTEND,3,365,0,129.33,28.97,1
4815,EXTEND,2,217,0,116.00,28.70,1
4816,DECODE,1000,0,1000,749.32,21.49,1
4817,DECODE,1000,0,1000,750.32,21.44,1
4818,DECODE,999,0,999,751.51,21.98,1
4819,EXTEND,1,90,0,94.00,26.85,1
4820,EXTEND,1,33,0,42.00,27.21,1
4821,DECODE,1000,0,1000,750.55,24.37,1
4822,DECODE,1000,0,1000,751.55,21.76,1
4823,DECODE,998,0,998,751.86,21.84,1
4824,EXTEND,2,81,0,46.00,15.56,1
4825,EXTEND,2,98,0,63.00,15.53,1
4826,EXTEND,1,61,0,66.00,15.91,1
4827,DECODE,1000,0,1000,750.51,21.42,1
4828,DECODE,1000,0,1000,751.51,21.44,1
4829,DECODE,999,0,999,752.74,21.81,1
4830,EXTEND,1,262,0,267.00,15.72,1
4831,DECODE,1000,0,1000,753.25,21.68,1
4832,DECODE,1000,0,1000,754.25,21.64,1
4833,DECODE,1000,0,1000,755.25,21.61,1
4834,DECODE,997,0,997,756.75,22.07,1
4835,EXTEND,3,290,0,102.67,15.80,1
4836,EXTEND,2,138,0,76.50,15.43,1
4837,EXTEND,2,56,0,57.50,15.36,1
4838,DECODE,1000,0,1000,753.40,21.72,1
4839,DECODE,1000,0,1000,754.40,21.57,1
4840,DECODE,1000,0,1000,755.40,21.74,1
4841,DECODE,998,0,998,756.45,21.86,1
4842,EXTEND,2,68,0,42.00,16.02,1
4843,EXTEND,1,29,0,37.00,15.36,1
4844,EXTEND,1,69,0,79.00,15.42,1
4845,DECODE,1000,0,1000,753.87,21.66,1
4846,DECODE,1000,0,1000,754.87,21.62,1
4847,DECODE,1000,0,1000,755.87,21.75,1
4848,DECODE,998,0,998,755.77,22.09,1
4849,EXTEND,2,109,0,60.00,15.75,1
4850,DECODE,999,0,999,755.14,21.96,1
4851,EXTEND,1,89,0,95.00,15.66,1
4852,DECODE,999,0,999,755.55,22.43,1
4853,EXTEND,1,31,0,42.00,15.42,1
4854,DECODE,998,0,998,756.38,21.64,1
4855,EXTEND,2,164,0,88.50,15.44,1
4856,DECODE,1000,0,1000,756.04,21.59,1
4857,DECODE,1000,0,1000,757.04,21.55,1
4858,DECODE,1000,0,1000,758.04,21.59,1
4859,DECODE,1000,0,1000,759.04,21.71,1
4860,DECODE,999,0,999,759.61,22.22,1
4861,EXTEND,1,38,0,46.00,16.17,1
4862,EXTEND,2,135,0,72.00,15.53,1
4863,EXTEND,1,81,0,88.00,15.60,1
4864,DECODE,1000,0,1000,758.23,21.49,1
4865,DECODE,1000,0,1000,759.23,21.47,1
4866,DECODE,1000,0,1000,760.23,21.50,1
4867,DECODE,999,0,999,761.43,21.75,1
4868,EXTEND,1,237,0,242.00,24.48,1
4869,EXTEND,3,147,0,66.33,15.85,1
4870,EXTEND,1,88,0,92.00,15.52,1
4871,DECODE,1000,0,1000,760.23,21.50,1
4872,DECODE,1000,0,1000,761.23,21.49,1
4873,DECODE,1000,0,1000,762.23,21.55,1
4874,DECODE,999,0,999,763.49,22.08,1
4875,EXTEND,1,33,0,42.00,15.86,1
4876,EXTEND,1,96,0,101.00,15.48,1
4877,EXTEND,1,79,0,83.00,14.80,1
4878,DECODE,1000,0,1000,762.45,21.58,1
4879,DECODE,1000,0,1000,763.45,21.46,1
4880,DECODE,999,0,999,764.27,22.06,1
4881,EXTEND,1,35,0,41.00,16.70,1
4882,EXTEND,1,66,0,72.00,15.83,1
4883,DECODE,1000,0,1000,764.19,21.60,1
4884,DECODE,1000,0,1000,765.19,21.68,1
4885,DECODE,999,0,999,766.07,21.97,1
4886,EXTEND,1,131,0,134.00,15.05,1
4887,DECODE,999,0,999,766.99,21.82,1
4888,EXTEND,1,91,0,101.00,15.87,1
4889,DECODE,1000,0,1000,767.32,21.83,1
4890,DECODE,1000,0,1000,768.32,21.66,1
4891,DECODE,999,0,999,769.15,21.92,1
4892,EXTEND,1,65,0,71.00,15.70,1
4893,EXTEND,2,204,0,107.00,21.93,1
4894,EXTEND,2,85,0,53.00,15.66,1
4895,DECODE,1000,0,1000,767.28,21.81,1
4896,DECODE,1000,0,1000,768.28,21.75,1
4897,DECODE,999,0,999,769.52,22.04,1
4898,EXTEND,1,97,0,105.00,16.03,1
4899,EXTEND,2,92,0,52.00,16.42,1
4900,EXTEND,1,69,0,76.00,15.37,1
4901,DECODE,1000,0,1000,767.60,21.93,1
4902,DECODE,1000,0,1000,768.60,21.71,1
4903,DECODE,996,0,996,770.19,22.05,1
4904,EXTEND,4,320,0,87.25,15.72,1
4905,EXTEND,2,114,0,62.50,15.50,1
4906,EXTEND,1,107,0,128.00,15.44,1
4907,DECODE,1000,0,1000,766.87,21.59,1
4908,DECODE,1000,0,1000,767.87,21.58,1
4909,DECODE,1000,0,1000,768.87,21.73,1
4910,DECODE,999,0,999,770.16,22.11,1
4911,EXTEND,1,126,0,132.00,15.78,1
4912,DECODE,999,0,999,771.04,21.88,1
4913,EXTEND,1,43,0,49.00,15.59,1
4914,DECODE,1000,0,1000,771.32,21.73,1
4915,DECODE,1000,0,1000,772.32,21.71,1
4916,DECODE,1000,0,1000,773.32,21.89,1
4917,DECODE,998,0,998,774.43,22.07,1
4918,EXTEND,2,122,0,69.00,15.56,1
4919,DECODE,998,0,998,774.64,21.86,1
4920,EXTEND,2,70,0,41.50,16.98,1
4921,DECODE,1000,0,1000,774.17,21.89,1
4922,DECODE,1000,0,1000,775.17,21.80,1
4923,DECODE,999,0,999,776.67,22.19,1
4924,EXTEND,1,94,0,98.00,15.54,1
4925,DECODE,999,0,999,777.27,22.01,1
4926,EXTEND,1,64,0,73.00,15.49,1
4927,DECODE,1000,0,1000,777.56,21.89,1
4928,DECODE,1000,0,1000,778.56,22.09,1
4929,DECODE,998,0,998,779.87,22.10,1
4930,EXTEND,2,170,0,91.00,16.16,1
4931,EXTEND,2,99,0,56.50,15.55,1
4932,EXTEND,2,297,0,152.50,23.17,1
4933,DECODE,1000,0,1000,776.30,21.92,1
4934,DECODE,1000,0,1000,777.30,21.87,1
4935,DECODE,999,0,999,778.75,22.26,1
4936,EXTEND,1,67,0,77.00,15.94,1
4937,EXTEND,2,105,0,63.50,15.51,1
4938,DECODE,1000,0,1000,777.49,22.09,1
4939,DECODE,1000,0,1000,778.49,22.17,1
4940,DECODE,999,0,999,779.89,22.59,1
4941,EXTEND,1,76,0,82.00,15.97,1
4942,EXTEND,2,152,0,80.00,15.65,1
4943,DECODE,1000,0,1000,779.61,22.02,1
4944,DECODE,1000,0,1000,780.61,21.74,1
4945,DECODE,1000,0,1000,781.61,21.73,1
4946,DECODE,998,0,998,782.36,22.24,1
4947,EXTEND,2,112,0,61.50,15.92,1
4948,DECODE,999,0,999,781.19,22.10,1
4949,EXTEND,1,26,0,36.00,20.91,1
4950,DECODE,998,0,998,780.69,22.05,1
4951,EXTEND,2,121,0,64.50,16.25,1
4952,DECODE,999,0,999,780.11,22.23,1
4953,EXTEND,1,65,0,71.00,15.91,1
4954,DECODE,1000,0,1000,780.40,21.83,1
4955,DECODE,1000,0,1000,781.40,22.12,1
4956,DECODE,1000,0,1000,782.40,22.27,1
4957,DECODE,999,0,999,783.79,22.44,1
4958,EXTEND,1,197,0,201.00,15.71,1
4959,EXTEND,2,153,0,87.50,16.29,1
4960,EXTEND,4,258,0,70.75,16.70,1
4961,DECODE,1000,0,1000,781.03,22.08,1
4962,DECODE,1000,0,1000,782.03,21.95,1
4963,DECODE,999,0,999,783.12,22.31,1
4964,EXTEND,1,30,0,41.00,15.32,1
4965,EXTEND,1,56,0,63.00,15.34,1
4966,EXTEND,1,29,0,35.00,28.53,1
4967,DECODE,1000,0,1000,781.07,22.21,1
4968,DECODE,1000,0,1000,782.07,21.90,1
4969,DECODE,999,0,999,783.41,22.30,1
4970,EXTEND,1,55,0,59.00,15.74,1
4971,EXTEND,2,160,0,89.00,15.50,1
4972,EXTEND,2,185,0,97.00,18.59,1
4973,DECODE,1000,0,1000,780.98,22.78,1
4974,DECODE,1000,0,1000,781.98,21.90,1
4975,DECODE,999,0,999,782.96,22.47,1
4976,EXTEND,1,23,0,39.00,19.25,1
4977,DECODE,1000,0,1000,783.22,21.98,1
4978,DECODE,1000,0,1000,784.22,22.11,1
4979,DECODE,1000,0,1000,785.22,22.05,1
4980,DECODE,1000,0,1000,786.22,22.19,1
4981,DECODE,999,0,999,787.30,22.43,1
4982,EXTEND,1,66,0,73.00,15.76,1
4983,DECODE,998,0,998,786.98,22.23,1
4984,EXTEND,2,149,0,80.00,15.65,1
4985,DECODE,998,0,998,786.47,22.19,1
4986,EXTEND,2,94,0,55.00,15.11,1
4987,DECODE,999,0,999,785.97,22.18,1
4988,EXTEND,1,34,0,51.00,16.49,1
4989,DECODE,997,0,997,785.10,22.16,1
4990,DECODE,997,0,997,786.10,22.07,1
4991,EXTEND,3,326,0,115.33,22.57,1
4992,DECODE,996,0,996,785.98,21.93,1
4993,EXTEND,4,233,0,70.75,15.63,1
4994,DECODE,1000,0,1000,784.12,21.88,1
4995,DECODE,1000,0,1000,785.12,22.15,1
4996,DECODE,1000,0,1000,786.12,22.14,1
4997,DECODE,997,0,997,787.26,22.34,1
4998,EXTEND,3,169,0,63.00,15.78,1
4999,EXTEND,2,137,0,82.00,15.69,1
5000,EXTEND,2,102,0,59.00,15.56,1
5001,DECODE,1000,0,1000,784.11,21.78,1
5002,DECODE,1000,0,1000,785.11,21.81,1
5003,DECODE,1000,0,1000,786.11,22.07,1
5004,DECODE,1000,0,1000,787.11,22.17,1
5005,DECODE,999,0,999,788.44,22.24,1
5006,EXTEND,1,131,0,135.00,15.96,1
5007,EXTEND,1,191,0,195.00,22.32,1
5008,EXTEND,1,67,0,76.00,15.28,1
5009,DECODE,1000,0,1000,787.36,22.11,1
5010,DECODE,1000,0,1000,788.36,22.04,1
5011,DECODE,1000,0,1000,789.36,22.23,1
5012,DECODE,998,0,998,791.46,22.64,1
5013,EXTEND,2,129,0,73.00,17.13,1
5014,EXTEND,1,80,0,85.00,16.37,1
5015,DECODE,1000,0,1000,789.99,22.25,1
5016,DECODE,1000,0,1000,790.99,23.15,1
5017,DECODE,998,0,998,791.57,22.53,1
5018,EXTEND,2,158,0,84.50,16.25,1
5019,EXTEND,1,78,0,85.00,15.18,1
5020,DECODE,1000,0,1000,789.92,22.40,1
5021,DECODE,1000,0,1000,790.92,22.37,1
5022,DECODE,998,0,998,792.81,22.35,1
5023,EXTEND,2,147,0,87.50,16.33,1
5024,EXTEND,1,38,0,43.00,15.40,1
5025,EXTEND,2,95,0,53.50,15.40,1
5026,DECODE,1000,0,1000,787.85,21.99,1
5027,DECODE,1000,0,1000,788.85,22.09,1
5028,DECODE,999,0,999,790.39,22.40,1
5029,EXTEND,1,42,0,51.00,16.39,1
5030,EXTEND,1,49,0,61.00,15.47,1
5031,DECODE,1000,0,1000,789.23,22.00,1
5032,DECODE,1000,0,1000,790.23,22.15,1
5033,DECODE,999,0,999,790.96,22.18,1
5034,EXTEND,1,46,0,53.00,16.21,1
5035,EXTEND,1,46,0,59.00,15.54,1
5036,EXTEND,1,34,0,44.00,15.49,1
5037,DECODE,1000,0,1000,790.66,22.90,1
5038,DECODE,1000,0,1000,791.66,22.15,1
5039,DECODE,999,0,999,792.22,22.46,1
5040,EXTEND,1,74,0,88.00,15.55,1
5041,EXTEND,1,66,0,70.00,19.09,1
5042,EXTEND,1,63,0,68.00,15.57,1
5043,DECODE,1000,0,1000,791.62,22.16,1
5044,DECODE,1000,0,1000,792.62,22.19,1
5045,DECODE,1000,0,1000,793.62,22.39,1
5046,DECODE,999,0,999,794.73,22.60,1
5047,EXTEND,1,105,0,109.00,15.68,1
5048,EXTEND,1,57,0,61.00,15.51,1
5049,EXTEND,2,108,0,65.50,15.36,1
5050,DECODE,1000,0,1000,793.62,22.20,1
5051,DECODE,1000,0,1000,794.62,22.39,1
5052,DECODE,999,0,999,794.93,22.64,1
5053,EXTEND,1,89,0,111.00,15.72,1
5054,EXTEND,1,76,0,86.00,15.63,1
5055,EXTEND,1,38,0,50.00,15.32,1
5056,DECODE,1000,0,1000,793.04,22.52,1
5057,DECODE,1000,0,1000,794.04,22.19,1
5058,DECODE,999,0,999,794.49,22.61,1
5059,EXTEND,1,66,0,79.00,15.84,1
5060,EXTEND,2,120,0,68.50,19.02,1
5061,DECODE,1000,0,1000,793.44,23.27,1
5062,DECODE,1000,0,1000,794.44,22.37,1
5063,DECODE,1000,0,1000,795.44,23.94,1
5064,DECODE,1000,0,1000,796.44,22.63,1
5065,DECODE,999,0,999,797.97,22.71,1
5066,EXTEND,1,182,0,212.00,16.25,1
5067,EXTEND,1,100,0,103.00,15.92,1
5068,EXTEND,1,29,0,36.00,15.78,1
5069,DECODE,1000,0,1000,797.62,22.56,1
5070,DECODE,1000,0,1000,798.62,22.35,1
5071,DECODE,998,0,998,798.62,22.66,1
5072,EXTEND,2,91,0,53.00,15.93,1
5073,EXTEND,1,52,0,57.00,15.74,1
5074,DECODE,1000,0,1000,796.84,22.69,1
5075,DECODE,1000,0,1000,797.84,22.34,1
5076,DECODE,999,0,999,799.07,22.74,1
5077,DECODE,997,0,997,800.13,22.77,1
5078,EXTEND,3,156,0,59.00,16.33,1
5079,EXTEND,1,39,0,45.00,15.23,1
5080,EXTEND,2,163,0,86.00,15.54,1
5081,DECODE,1000,0,1000,796.14,22.22,1
5082,DECODE,1000,0,1000,797.14,22.25,1
5083,DECODE,1000,0,1000,798.14,22.35,1
5084,DECODE,999,0,999,799.16,22.61,1
5085,EXTEND,1,54,0,59.00,15.91,1
5086,EXTEND,3,139,0,51.67,23.03,1
5087,DECODE,1000,0,1000,797.95,22.22,1
5088,DECODE,1000,0,1000,798.95,22.33,1
5089,DECODE,998,0,998,800.78,22.68,1
5090,EXTEND,2,116,0,69.00,15.73,1
5091,DECODE,998,0,998,799.83,22.57,1
5092,EXTEND,2,145,0,83.50,15.50,1
5093,DECODE,999,0,999,798.99,22.62,1
5094,EXTEND,1,93,0,98.00,15.55,1
5095,DECODE,1000,0,1000,799.29,22.32,1
5096,DECODE,1000,0,1000,800.29,22.31,1
5097,DECODE,1000,0,1000,801.29,22.39,1
5098,DECODE,999,0,999,802.02,22.57,1
5099,EXTEND,1,31,0,37.00,15.86,1
5100,DECODE,998,0,998,802.25,22.55,1
5101,EXTEND,2,222,0,115.00,24.06,1
5102,DECODE,999,0,999,802.45,22.56,1
5103,EXTEND,1,100,0,103.00,15.78,1
5104,DECODE,1000,0,1000,802.75,22.52,1
5105,DECODE,1000,0,1000,803.75,22.60,1
5106,DECODE,1000,0,1000,804.75,22.57,1
5107,DECODE,1000,0,1000,805.75,22.60,1
5108,DECODE,998,0,998,807.22,22.93,1
5109,EXTEND,2,66,0,40.50,15.97,1
5110,DECODE,1000,0,1000,806.68,22.45,1
5111,DECODE,1000,0,1000,807.68,22.97,1
5112,DECODE,997,0,997,808.42,22.96,1
5113,EXTEND,3,305,0,107.67,22.94,1
5114,EXTEND,1,73,0,78.00,15.37,1
5115,EXTEND,1,53,0,58.00,15.66,1
5116,DECODE,1000,0,1000,806.22,22.60,1
5117,DECODE,1000,0,1000,807.22,22.48,1
5118,DECODE,1000,0,1000,808.22,22.42,1
5119,DECODE,999,0,999,809.76,22.89,1
5120,EXTEND,1,99,0,103.00,16.09,1
5121,EXTEND,3,353,0,124.33,22.38,1
5122,EXTEND,2,123,0,69.00,15.68,1
5123,DECODE,1000,0,1000,807.63,22.94,1
5124,DECODE,1000,0,1000,808.63,22.58,1
5125,DECODE,998,0,998,810.09,22.76,1
5126,EXTEND,2,445,0,229.00,21.26,1
5127,DECODE,1000,0,1000,809.93,22.54,1
5128,DECODE,1000,0,1000,810.93,22.74,1
5129,DECODE,1000,0,1000,811.93,22.87,1
5130,DECODE,1000,0,1000,812.93,22.71,1
5131,DECODE,1000,0,1000,813.93,23.08,1
5132,DECODE,1000,0,1000,814.93,22.70,1
5133,DECODE,999,0,999,816.25,23.07,1
5134,EXTEND,1,57,0,63.00,16.00,1
5135,EXTEND,3,176,0,64.33,15.70,1
5136,EXTEND,1,38,0,45.00,15.33,1
5137,DECODE,1000,0,1000,812.99,22.84,1
5138,DECODE,1000,0,1000,813.99,22.68,1
5139,DECODE,1000,0,1000,814.99,22.88,1
5140,DECODE,1000,0,1000,815.99,22.84,1
5141,DECODE,1000,0,1000,816.99,22.82,1
5142,DECODE,999,0,999,818.38,23.01,1
5143,EXTEND,1,76,0,83.00,16.30,1
5144,DECODE,998,0,998,818.11,22.60,1
5145,EXTEND,2,90,0,52.00,15.28,1
5146,DECODE,1000,0,1000,817.58,22.52,1
5147,DECODE,1000,0,1000,818.58,22.62,1
5148,DECODE,999,0,999,819.32,22.89,1
5149,EXTEND,1,49,0,57.00,15.37,1
5150,DECODE,999,0,999,819.88,23.16,1
5151,DECODE,999,0,999,820.88,22.88,1
5152,DECODE,998,0,998,822.39,22.91,1
5153,EXTEND,2,182,0,96.00,15.34,1
5154,DECODE,999,0,999,822.15,22.85,1
5155,EXTEND,1,82,0,85.00,16.58,1
5156,DECODE,999,0,999,822.80,22.70,1
5157,EXTEND,1,54,0,62.00,16.51,1
5158,DECODE,1000,0,1000,823.04,22.52,1
5159,DECODE,1000,0,1000,824.04,22.47,1
5160,DECODE,999,0,999,824.29,22.76,1
5161,EXTEND,1,81,0,90.00,15.59,1
5162,EXTEND,2,85,0,50.00,15.63,1
5163,DECODE,1000,0,1000,823.55,22.62,1
5164,DECODE,1000,0,1000,824.55,22.59,1
5165,DECODE,999,0,999,825.63,22.88,1
5166,EXTEND,1,51,0,61.00,15.76,1
5167,DECODE,1000,0,1000,825.86,22.58,1
5168,DECODE,1000,0,1000,826.86,22.63,1
5169,DECODE,1000,0,1000,827.86,22.70,1
5170,DECODE,999,0,999,828.45,23.04,1
5171,EXTEND,1,92,0,95.00,15.75,1
5172,DECODE,999,0,999,829.20,22.75,1
5173,EXTEND,1,69,0,76.00,15.70,1
5174,DECODE,995,0,995,829.29,22.91,1
5175,EXTEND,5,303,0,66.60,23.06,1
5176,DECODE,999,0,999,826.67,22.76,1
5177,EXTEND,1,50,0,55.00,15.50,1
5178,DECODE,1000,0,1000,826.89,22.57,1
5179,DECODE,1000,0,1000,827.89,22.51,1
5180,DECODE,999,0,999,829.04,23.05,1
5181,EXTEND,1,60,0,72.00,15.83,1
5182,EXTEND,1,60,0,64.00,15.44,1
5183,EXTEND,1,155,0,161.00,15.39,1
5184,DECODE,1000,0,1000,827.47,22.53,1
5185,DECODE,1000,0,1000,828.47,22.57,1
5186,DECODE,1000,0,1000,829.47,22.75,1
5187,DECODE,999,0,999,830.72,22.96,1
5188,EXTEND,1,77,0,81.00,15.65,1
5189,DECODE,1000,0,1000,830.97,23.01,1
5190,DECODE,1000,0,1000,831.97,22.91,1
5191,DECODE,999,0,999,833.27,23.12,1
5192,EXTEND,1,75,0,84.00,16.57,1
5193,DECODE,999,0,999,833.83,23.44,1
5194,EXTEND,1,31,0,54.00,17.77,1
5195,DECODE,1000,0,1000,834.05,24.17,1
5196,DECODE,1000,0,1000,835.05,23.19,1
5197,DECODE,998,0,998,836.34,22.65,1
5198,EXTEND,2,95,0,53.50,17.12,1
5199,EXTEND,1,76,0,81.00,15.63,1
5200,DECODE,1000,0,1000,834.95,22.86,1
5201,DECODE,1000,0,1000,835.95,22.79,1
5202,DECODE,998,0,998,837.71,23.06,1
5203,EXTEND,2,79,0,46.50,17.32,1
5204,EXTEND,2,130,0,70.50,15.79,1
5205,DECODE,1000,0,1000,835.28,28.39,1
5206,DECODE,1000,0,1000,836.28,27.97,1
5207,DECODE,1000,0,1000,837.28,22.87,1
5208,DECODE,999,0,999,838.91,23.18,1
5209,EXTEND,1,80,0,94.00,16.45,1
5210,DECODE,998,0,998,839.98,22.89,1
5211,EXTEND,2,70,0,43.00,15.89,1
5212,DECODE,999,0,999,839.92,22.90,1
5213,EXTEND,1,77,0,98.00,16.17,1
5214,DECODE,999,0,999,840.68,22.83,1
5215,EXTEND,1,48,0,53.00,17.03,1
5216,DECODE,999,0,999,841.28,22.96,1
5217,EXTEND,1,50,0,58.00,15.61,1
5218,DECODE,999,0,999,841.78,22.74,1
5219,EXTEND,1,69,0,75.00,15.71,1
5220,DECODE,1000,0,1000,842.01,22.59,1
5221,DECODE,1000,0,1000,843.01,22.70,1
5222,DECODE,1000,0,1000,844.01,22.90,1
5223,DECODE,999,0,999,845.20,22.80,1
5224,EXTEND,1,29,0,39.00,15.51,1
5225,DECODE,998,0,998,845.24,22.99,1
5226,EXTEND,2,77,0,43.50,16.32,1
5227,DECODE,1000,0,1000,844.63,22.91,1
5228,DECODE,1000,0,1000,845.63,22.66,1
5229,DECODE,999,0,999,846.17,23.04,1
5230,EXTEND,1,51,0,56.00,15.78,1
5231,EXTEND,1,63,0,69.00,15.18,1
5232,EXTEND,1,118,0,132.00,15.13,1
5233,DECODE,1000,0,1000,844.51,22.71,1
5234,DECODE,1000,0,1000,845.51,22.96,1
5235,DECODE,1000,0,1000,846.51,22.89,1
5236,DECODE,999,0,999,847.65,23.14,1
5237,EXTEND,1,49,0,55.00,15.47,1
5238,DECODE,999,0,999,847.82,23.04,1
5239,EXTEND,1,173,0,177.00,15.62,1
5240,DECODE,999,0,999,848.48,22.99,1
5241,EXTEND,1,301,0,306.00,22.92,1
5242,DECODE,1000,0,1000,848.94,22.97,1
5243,DECODE,1000,0,1000,849.94,22.96,1
5244,DECODE,999,0,999,850.17,23.38,1
5245,EXTEND,1,42,0,47.00,15.67,1
5246,DECODE,1000,0,1000,850.37,23.12,1
5247,DECODE,1000,0,1000,851.37,23.06,1
5248,DECODE,999,0,999,851.59,23.38,1
5249,EXTEND,1,60,0,82.00,15.56,1
5250,EXTEND,2,186,0,97.50,15.24,1
5251,DECODE,1000,0,1000,850.19,22.90,1
5252,DECODE,1000,0,1000,851.19,22.99,1
5253,DECODE,1000,0,1000,852.19,23.13,1
5254,DECODE,999,0,999,852.94,23.09,1
5255,EXTEND,1,45,0,56.00,16.13,1
5256,EXTEND,1,100,0,111.00,15.50,1
5257,EXTEND,1,102,0,108.00,15.32,1
5258,DECODE,1000,0,1000,851.68,23.28,1
5259,DECODE,1000,0,1000,852.68,22.98,1
5260,DECODE,1000,0,1000,853.68,23.18,1
5261,DECODE,1000,0,1000,854.68,23.25,1
5262,DECODE,998,0,998,854.97,23.61,1
5263,EXTEND,2,296,0,155.00,23.25,1
5264,EXTEND,2,59,0,40.00,15.63,1
5265,EXTEND,1,60,0,69.00,16.50,1
5266,DECODE,1000,0,1000,852.92,22.82,1
5267,DECODE,1000,0,1000,853.92,22.92,1
5268,DECODE,997,0,997,855.23,23.19,1
5269,EXTEND,3,180,0,65.33,15.89,1
5270,DECODE,998,0,998,853.67,23.01,1
5271,EXTEND,2,99,0,56.00,15.50,1
5272,DECODE,1000,0,1000,853.07,22.88,1
5273,DECODE,1000,0,1000,854.07,23.16,1
5274,DECODE,999,0,999,854.24,23.30,1
5275,EXTEND,1,64,0,73.00,15.72,1
5276,EXTEND,1,42,0,50.00,15.61,1
5277,EXTEND,1,84,0,88.00,15.53,1
5278,DECODE,1000,0,1000,853.78,22.98,1
5279,DECODE,1000,0,1000,854.78,22.96,1
5280,DECODE,1000,0,1000,855.78,23.04,1
5281,DECODE,1000,0,1000,856.78,23.06,1
5282,DECODE,999,0,999,857.25,23.05,1
5283,EXTEND,1,38,0,51.00,15.31,1
5284,EXTEND,2,224,0,116.50,15.73,1
5285,EXTEND,1,114,0,118.00,15.34,1
5286,DECODE,1000,0,1000,856.46,22.98,1
5287,DECODE,1000,0,1000,857.46,23.00,1
5288,DECODE,1000,0,1000,858.46,23.10,1
5289,DECODE,1000,0,1000,859.46,23.22,1
5290,DECODE,999,0,999,860.10,23.30,1
5291,EXTEND,1,91,0,94.00,15.67,1
5292,EXTEND,1,32,0,38.00,15.25,1
5293,EXTEND,1,121,0,125.00,15.36,1
5294,DECODE,1000,0,1000,859.95,22.95,1
5295,DECODE,1000,0,1000,860.95,23.06,1
5296,DECODE,999,0,999,862.49,23.16,1
5297,EXTEND,1,43,0,50.00,15.76,1
5298,EXTEND,1,108,0,114.00,15.71,1
5299,EXTEND,1,122,0,126.00,15.45,1
5300,DECODE,1000,0,1000,860.77,23.02,1
5301,DECODE,1000,0,1000,861.77,23.12,1
5302,DECODE,998,0,998,863.75,23.66,1
5303,EXTEND,2,62,0,39.50,15.86,1
5304,EXTEND,1,47,0,54.00,15.59,1
5305,EXTEND,1,48,0,55.00,15.69,1
5306,DECODE,1000,0,1000,862.50,23.22,1
5307,DECODE,1000,0,1000,863.50,23.15,1
5308,DECODE,1000,0,1000,864.50,23.26,1
5309,DECODE,1000,0,1000,865.50,23.29,1
5310,DECODE,998,0,998,867.05,23.33,1
5311,EXTEND,2,111,0,60.00,17.29,1
5312,EXTEND,1,81,0,86.00,15.46,1
5313,DECODE,1000,0,1000,865.14,22.96,1
5314,DECODE,1000,0,1000,866.14,22.86,1
5315,DECODE,998,0,998,866.21,23.06,1
5316,EXTEND,2,136,0,74.50,15.66,1
5317,DECODE,999,0,999,866.27,23.25,1
5318,EXTEND,1,117,0,127.00,15.83,1
5319,DECODE,998,0,998,866.04,23.13,1
5320,EXTEND,2,132,0,78.00,15.54,1
5321,DECODE,999,0,999,865.31,23.08,1
5322,EXTEND,1,127,0,133.00,17.59,1
5323,DECODE,998,0,998,866.09,23.91,1
5324,EXTEND,2,123,0,67.50,15.85,1
5325,DECODE,1000,0,1000,865.49,23.28,1
5326,DECODE,1000,0,1000,866.49,23.35,1
5327,DECODE,998,0,998,867.79,23.51,1
5328,EXTEND,2,564,0,299.00,24.47,1
5329,EXTEND,1,30,0,40.00,15.90,1
5330,EXTEND,1,50,0,57.00,15.58,1
5331,DECODE,1000,0,1000,866.43,23.62,1
5332,DECODE,1000,0,1000,867.43,23.42,1
5333,DECODE,999,0,999,868.24,24.02,1
5334,EXTEND,1,42,0,48.00,16.04,1
5335,DECODE,998,0,998,868.51,23.64,1
5336,EXTEND,2,159,0,85.50,16.21,1
5337,DECODE,1000,0,1000,867.94,23.35,1
5338,DECODE,1000,0,1000,868.94,23.27,1
5339,DECODE,999,0,999,870.05,24.02,1
5340,EXTEND,1,55,0,59.00,18.13,1
5341,DECODE,1000,0,1000,870.24,23.71,1
5342,DECODE,1000,0,1000,871.24,23.29,1
5343,DECODE,1000,0,1000,872.24,23.54,1
5344,DECODE,1000,0,1000,873.24,23.41,1
5345,DECODE,1000,0,1000,874.24,23.44,1
5346,DECODE,999,0,999,875.25,23.51,1
5347,EXTEND,1,64,0,72.00,16.26,1
5348,DECODE,999,0,999,875.61,23.33,1
5349,EXTEND,1,91,0,94.00,15.95,1
5350,DECODE,998,0,998,876.29,23.27,1
5351,EXTEND,2,91,0,56.50,16.48,1
5352,DECODE,1000,0,1000,875.65,24.65,1
5353,DECODE,1000,0,1000,876.65,23.29,1
5354,DECODE,998,0,998,877.43,23.62,1
5355,EXTEND,2,148,0,84.00,16.22,1
5356,DECODE,1000,0,1000,876.84,23.14,1
5357,DECODE,1000,0,1000,877.84,23.26,1
5358,DECODE,999,0,999,879.17,23.52,1
5359,EXTEND,1,361,0,365.00,22.89,1
5360,DECODE,999,0,999,879.74,23.40,1
5361,EXTEND,1,53,0,60.00,15.91,1
5362,DECODE,998,0,998,879.98,23.36,1
5363,EXTEND,2,96,0,66.00,16.00,1
5364,DECODE,1000,0,1000,879.35,23.23,1
5365,DECODE,1000,0,1000,880.35,23.23,1
5366,DECODE,999,0,999,881.76,23.87,1
5367,EXTEND,1,99,0,107.00,16.10,1
5368,EXTEND,1,77,0,81.00,15.64,1
5369,DECODE,1000,0,1000,881.75,23.22,1
5370,DECODE,1000,0,1000,882.75,23.23,1
5371,DECODE,1000,0,1000,883.75,23.45,1
5372,DECODE,998,0,998,884.95,23.69,1
5373,EXTEND,2,226,0,119.00,16.69,1
5374,EXTEND,4,213,0,61.75,15.78,1
5375,DECODE,1000,0,1000,879.77,23.06,1
5376,DECODE,1000,0,1000,880.77,23.17,1
5377,DECODE,1000,0,1000,881.77,23.08,1
5378,DECODE,998,0,998,882.52,23.43,1
5379,EXTEND,2,114,0,61.00,15.93,1
5380,EXTEND,3,155,0,60.33,15.88,1
5381,DECODE,1000,0,1000,879.88,23.27,1
5382,DECODE,1000,0,1000,880.88,23.26,1
5383,DECODE,999,0,999,882.16,23.53,1
5384,EXTEND,1,87,0,93.00,15.91,1
5385,EXTEND,1,70,0,76.00,15.77,1
5386,EXTEND,1,110,0,115.00,15.58,1
5387,DECODE,1000,0,1000,881.81,23.10,1
5388,DECODE,1000,0,1000,882.81,23.35,1
5389,DECODE,999,0,999,884.43,23.40,1
5390,EXTEND,1,54,0,62.00,18.18,1
5391,DECODE,999,0,999,884.20,24.27,1
5392,EXTEND,1,61,0,69.00,15.85,1
5393,DECODE,999,0,999,884.62,23.43,1
5394,EXTEND,1,205,0,208.00,23.43,1
5395,DECODE,1000,0,1000,884.94,23.21,1
5396,DECODE,1000,0,1000,885.94,23.33,1
5397,DECODE,998,0,998,887.62,23.60,1
5398,EXTEND,2,75,0,44.50,16.22,1
5399,EXTEND,3,233,0,85.33,15.65,1
5400,DECODE,1000,0,1000,884.37,23.12,1
5401,DECODE,1000,0,1000,885.37,23.09,1
5402,DECODE,1000,0,1000,886.37,23.36,1
5403,DECODE,999,0,999,887.76,23.47,1
5404,EXTEND,1,73,0,78.00,16.20,1
5405,DECODE,1000,0,1000,887.95,23.37,1
5406,DECODE,1000,0,1000,888.95,23.25,1
5407,DECODE,1000,0,1000,889.95,23.74,1
5408,DECODE,1000,0,1000,890.95,23.40,1
5409,DECODE,998,0,998,893.07,23.62,1
5410,EXTEND,2,104,0,57.50,16.48,1
5411,EXTEND,4,289,0,88.00,15.96,1
5412,EXTEND,1,98,0,106.00,15.64,1
5413,DECODE,1000,0,1000,888.15,23.34,1
5414,DECODE,1000,0,1000,889.15,23.08,1
5415,DECODE,1000,0,1000,890.15,23.29,1
5416,DECODE,999,0,999,890.14,23.71,1
5417,EXTEND,1,87,0,93.00,16.04,1
5418,DECODE,998,0,998,889.66,23.37,1
5419,EXTEND,2,87,0,51.50,15.91,1
5420,DECODE,999,0,999,889.42,23.53,1
5421,EXTEND,1,23,0,48.00,15.81,1
5422,DECODE,1000,0,1000,889.58,23.27,1
5423,DECODE,1000,0,1000,890.58,23.53,1
5424,DECODE,999,0,999,891.72,23.75,1
5425,EXTEND,1,97,0,103.00,16.05,1
5426,EXTEND,1,53,0,59.00,15.69,1
5427,EXTEND,1,56,0,66.00,15.73,1
5428,DECODE,1000,0,1000,891.10,23.22,1
5429,DECODE,1000,0,1000,892.10,23.34,1
5430,DECODE,998,0,998,893.15,23.77,1
5431,EXTEND,2,111,0,64.00,16.08,1
5432,DECODE,999,0,999,892.98,23.39,1
5433,EXTEND,1,164,0,169.00,15.71,1
5434,DECODE,999,0,999,892.34,23.38,1
5435,EXTEND,1,34,0,39.00,15.99,1
5436,DECODE,999,0,999,892.92,23.55,1
5437,EXTEND,1,75,0,80.00,16.18,1
5438,DECODE,1000,0,1000,893.11,23.25,1
5439,DECODE,1000,0,1000,894.11,23.37,1
5440,DECODE,1000,0,1000,895.11,23.31,1
5441,DECODE,998,0,998,895.21,23.59,1
5442,EXTEND,2,100,0,59.00,15.99,1
5443,EXTEND,1,41,0,50.00,15.65,1
5444,EXTEND,1,36,0,43.00,15.72,1
5445,DECODE,1000,0,1000,893.01,23.38,1
5446,DECODE,1000,0,1000,894.01,24.08,1
5447,DECODE,1000,0,1000,895.01,23.52,1
5448,DECODE,997,0,997,895.04,23.64,1
5449,EXTEND,3,380,0,132.00,24.09,1
5450,EXTEND,1,114,0,118.00,16.55,1
5451,DECODE,1000,0,1000,893.26,23.93,1
5452,DECODE,1000,0,1000,894.26,24.12,1
5453,DECODE,998,0,998,896.44,24.59,1
5454,EXTEND,2,90,0,52.00,16.97,1
5455,EXTEND,1,37,0,44.00,17.29,1
5456,DECODE,1000,0,1000,894.63,24.57,1
5457,DECODE,1000,0,1000,895.63,24.94,1
5458,DECODE,998,0,998,897.55,25.05,1
5459,EXTEND,2,96,0,56.00,16.56,1
5460,DECODE,999,0,999,897.11,24.14,1
5461,EXTEND,1,48,0,52.00,16.19,1
5462,DECODE,999,0,999,897.04,23.92,1
5463,EXTEND,1,121,0,130.00,15.72,1
5464,DECODE,998,0,998,897.98,24.37,1
5465,EXTEND,2,132,0,71.50,22.25,1
5466,DECODE,1000,0,1000,897.33,24.39,1
5467,DECODE,1000,0,1000,898.33,24.10,1
5468,DECODE,999,0,999,899.95,24.67,1
5469,EXTEND,1,53,0,58.00,16.91,1
5470,EXTEND,1,36,0,46.00,16.35,1
5471,DECODE,999,0,999,899.09,24.50,1
5472,EXTEND,1,37,0,45.00,16.97,1
5473,DECODE,1000,0,1000,899.24,24.15,1
5474,DECODE,1000,0,1000,900.24,24.20,1
5475,DECODE,1000,0,1000,901.24,24.48,1
5476,DECODE,1000,0,1000,902.24,24.14,1
5477,DECODE,999,0,999,903.73,24.38,1
5478,EXTEND,1,131,0,136.00,16.42,1
5479,EXTEND,1,58,0,63.00,16.30,1
5480,DECODE,1000,0,1000,903.28,23.85,1
5481,DECODE,1000,0,1000,904.28,25.16,1
5482,DECODE,999,0,999,904.57,24.66,1
5483,EXTEND,1,76,0,83.00,16.07,1
5484,DECODE,1000,0,1000,904.75,23.74,1
5485,DECODE,1000,0,1000,905.75,24.04,1
5486,DECODE,999,0,999,907.21,24.48,1
5487,EXTEND,1,62,0,66.00,16.11,1
5488,DECODE,999,0,999,907.90,23.63,1
5489,EXTEND,1,71,0,76.00,16.17,1
5490,DECODE,999,0,999,907.17,23.65,1
5491,EXTEND,1,51,0,56.00,16.48,1
5492,DECODE,999,0,999,907.66,23.79,1
5493,EXTEND,1,64,0,72.00,15.83,1
5494,DECODE,1000,0,1000,907.82,23.49,1
5495,DECODE,1000,0,1000,908.82,24.96,1
5496,DECODE,999,0,999,908.84,24.02,1
5497,EXTEND,1,24,0,40.00,15.81,1
5498,EXTEND,2,104,0,61.00,15.46,1
5499,DECODE,1000,0,1000,908.52,23.51,1
5500,DECODE,1000,0,1000,909.52,23.75,1
5501,DECODE,1000,0,1000,910.52,23.67,1
5502,DECODE,999,0,999,911.91,23.95,1
5503,EXTEND,1,43,0,50.00,15.80,1
5504,EXTEND,2,359,0,183.50,21.18,1
5505,EXTEND,1,51,0,59.00,15.57,1
5506,DECODE,1000,0,1000,910.42,23.48,1
5507,DECODE,1000,0,1000,911.42,23.40,1
5508,DECODE,998,0,998,912.06,24.03,1
5509,EXTEND,2,172,0,90.50,16.04,1
5510,DECODE,998,0,998,911.98,23.78,1
5511,EXTEND,2,86,0,54.50,16.09,1
5512,DECODE,1000,0,1000,911.27,23.41,1
5513,DECODE,1000,0,1000,912.27,23.50,1
5514,DECODE,999,0,999,913.66,23.81,1
5515,EXTEND,1,35,0,42.00,16.01,1
5516,DECODE,998,0,998,913.45,23.62,1
5517,EXTEND,2,99,0,56.00,15.94,1
5518,DECODE,1000,0,1000,912.74,23.66,1
5519,DECODE,1000,0,1000,913.74,23.53,1
5520,DECODE,999,0,999,915.20,24.05,1
5521,EXTEND,1,42,0,47.00,16.20,1
5522,EXTEND,1,73,0,78.00,15.37,1
5523,DECODE,1000,0,1000,914.99,23.43,1
5524,DECODE,1000,0,1000,915.99,23.52,1
5525,DECODE,1000,0,1000,916.99,23.96,1
5526,DECODE,1000,0,1000,917.99,24.21,1
5527,DECODE,999,0,999,918.08,24.02,1
5528,EXTEND,1,60,0,72.00,16.13,1
5529,EXTEND,1,29,0,36.00,15.58,1
5530,EXTEND,1,116,0,124.00,15.47,1
5531,DECODE,1000,0,1000,916.33,23.46,1
5532,DECODE,1000,0,1000,917.33,23.53,1
5533,DECODE,999,0,999,918.57,24.35,1
5534,EXTEND,1,53,0,57.00,16.25,1
5535,EXTEND,1,60,0,64.00,16.06,1
5536,EXTEND,1,220,0,227.00,15.86,1
5537,DECODE,1000,0,1000,918.33,23.40,1
5538,DECODE,1000,0,1000,919.33,23.67,1
5539,DECODE,999,0,999,919.78,23.98,1
5540,EXTEND,1,69,0,78.00,16.22,1
5541,EXTEND,1,82,0,86.00,15.97,1
5542,EXTEND,1,48,0,61.00,15.59,1
5543,DECODE,1000,0,1000,918.57,23.75,1
5544,DECODE,1000,0,1000,919.57,23.63,1
5545,DECODE,999,0,999,921.25,24.06,1
5546,EXTEND,1,97,0,101.00,15.70,1
5547,DECODE,1000,0,1000,921.43,23.52,1
5548,DECODE,1000,0,1000,922.43,23.82,1
5549,DECODE,999,0,999,923.38,26.50,1
5550,EXTEND,1,80,0,83.00,15.95,1
5551,EXTEND,1,332,0,338.00,22.09,1
5552,EXTEND,1,136,0,140.00,15.65,1
5553,DECODE,1000,0,1000,922.79,23.67,1
5554,DECODE,1000,0,1000,923.79,23.85,1
5555,DECODE,1000,0,1000,924.79,23.87,1
5556,DECODE,1000,0,1000,925.79,23.85,1
5557,DECODE,999,0,999,927.33,24.08,1
5558,EXTEND,1,64,0,69.00,15.64,1
5559,DECODE,1000,0,1000,927.47,23.77,1
5560,DECODE,1000,0,1000,928.47,24.00,1
5561,DECODE,999,0,999,930.11,24.29,1
5562,EXTEND,1,57,0,62.00,15.91,1
5563,EXTEND,1,47,0,57.00,15.47,1
5564,EXTEND,1,83,0,87.00,16.36,1
5565,DECODE,1000,0,1000,928.14,23.72,1
5566,DECODE,1000,0,1000,929.14,23.82,1
5567,DECODE,1000,0,1000,930.14,24.01,1
5568,DECODE,999,0,999,931.70,24.08,1
5569,EXTEND,1,74,0,77.00,16.42,1
5570,EXTEND,1,66,0,77.00,20.88,1
5571,EXTEND,3,273,0,99.00,25.26,1
5572,DECODE,1000,0,1000,927.53,23.77,1
5573,DECODE,1000,0,1000,928.53,24.62,1
5574,DECODE,999,0,999,928.60,24.94,1
5575,EXTEND,1,69,0,74.00,15.94,1
5576,EXTEND,4,259,0,72.25,15.78,1
5577,DECODE,1000,0,1000,923.94,23.46,1
5578,DECODE,1000,0,1000,924.94,23.58,1
5579,DECODE,999,0,999,926.01,23.90,1
5580,EXTEND,1,37,0,43.00,16.12,1
5581,EXTEND,1,214,0,219.00,17.73,1
5582,DECODE,1000,0,1000,925.87,24.00,1
5583,DECODE,1000,0,1000,926.87,23.74,1
5584,DECODE,999,0,999,926.96,24.11,1
5585,EXTEND,1,33,0,42.00,16.19,1
5586,EXTEND,1,64,0,78.00,15.84,1
5587,EXTEND,1,64,0,69.00,15.43,1
5588,DECODE,1000,0,1000,925.13,23.74,1
5589,DECODE,1000,0,1000,926.13,24.15,1
5590,DECODE,1000,0,1000,927.13,24.07,1
5591,DECODE,1000,0,1000,928.13,23.81,1
5592,DECODE,1000,0,1000,929.13,23.77,1
5593,DECODE,1000,0,1000,930.13,23.65,1
5594,DECODE,999,0,999,930.94,23.96,1
5595,EXTEND,1,42,0,50.00,16.36,1
5596,EXTEND,2,99,0,56.50,15.99,1
5597,EXTEND,1,80,0,85.00,15.74,1
5598,DECODE,1000,0,1000,928.16,23.69,1
5599,DECODE,1000,0,1000,929.16,23.80,1
5600,DECODE,999,0,999,930.42,24.33,1
5601,EXTEND,1,35,0,50.00,16.03,1
5602,EXTEND,2,105,0,57.00,15.48,1
5603,DECODE,1000,0,1000,928.32,23.67,1
5604,DECODE,1000,0,1000,929.32,23.72,1
5605,DECODE,1000,0,1000,930.32,23.90,1
5606,DECODE,999,0,999,931.30,24.09,1
5607,EXTEND,1,86,0,110.00,16.34,1
5608,EXTEND,1,84,0,93.00,15.94,1
5609,EXTEND,1,72,0,76.00,15.79,1
5610,DECODE,1000,0,1000,929.89,23.82,1
5611,DECODE,1000,0,1000,930.89,23.91,1
5612,DECODE,999,0,999,932.59,24.27,1
5613,EXTEND,1,32,0,43.00,16.23,1
5614,EXTEND,1,31,0,37.00,15.62,1
5615,EXTEND,1,105,0,113.00,17.58,1
5616,DECODE,1000,0,1000,931.65,24.06,1
5617,DECODE,1000,0,1000,932.65,23.99,1
5618,DECODE,997,0,997,932.31,24.21,1
5619,EXTEND,3,187,0,68.33,16.24,1
5620,DECODE,1000,0,1000,930.72,23.68,1
5621,DECODE,1000,0,1000,931.72,23.71,1
5622,DECODE,1000,0,1000,932.72,23.91,1
5623,DECODE,999,0,999,934.03,24.13,1
5624,EXTEND,1,118,0,128.00,16.03,1
5625,DECODE,998,0,998,935.47,24.16,1
5626,EXTEND,2,144,0,84.00,15.96,1
5627,DECODE,999,0,999,935.40,24.41,1
5628,EXTEND,1,50,0,55.00,18.81,1
5629,DECODE,997,0,997,934.30,24.66,1
5630,EXTEND,3,274,0,98.67,25.00,1
5631,DECODE,998,0,998,931.95,25.38,1
5632,EXTEND,2,92,0,55.00,16.66,1
5633,DECODE,1000,0,1000,931.20,24.01,1
5634,DECODE,1000,0,1000,932.20,24.00,1
5635,DECODE,998,0,998,933.94,24.14,1
5636,DECODE,997,0,997,935.33,24.36,1
5637,EXTEND,3,201,0,78.33,23.87,1
5638,DECODE,999,0,999,934.36,24.12,1
5639,EXTEND,1,71,0,77.00,15.82,1
5640,DECODE,999,0,999,935.09,24.54,1
5641,EXTEND,1,50,0,55.00,16.03,1
5642,DECODE,1000,0,1000,935.21,23.69,1
5643,DECODE,1000,0,1000,936.21,23.90,1
5644,DECODE,999,0,999,937.68,24.30,1
5645,EXTEND,1,63,0,70.00,16.00,1
5646,EXTEND,1,48,0,55.00,15.86,1
5647,DECODE,1000,0,1000,937.44,23.90,1
5648,DECODE,1000,0,1000,938.44,23.80,1
5649,DECODE,1000,0,1000,939.44,23.94,1
5650,DECODE,999,0,999,939.38,24.23,1
5651,EXTEND,1,82,0,86.00,16.03,1
5652,DECODE,999,0,999,939.61,24.48,1
5653,EXTEND,1,152,0,155.00,15.75,1
5654,DECODE,999,0,999,939.70,24.02,1
5655,EXTEND,1,66,0,70.00,16.23,1
5656,DECODE,1000,0,1000,939.83,24.35,1
5657,DECODE,1000,0,1000,940.83,24.16,1
5658,DECODE,1000,0,1000,941.83,24.22,1
5659,DECODE,1000,0,1000,942.83,24.19,1
5660,DECODE,998,0,998,944.74,24.43,1
5661,EXTEND,2,82,0,47.00,16.60,1
5662,EXTEND,2,135,0,71.50,15.87,1
5663,EXTEND,1,89,0,96.00,15.97,1
5664,DECODE,1000,0,1000,941.11,23.95,1
5665,DECODE,1000,0,1000,942.11,25.28,1
5666,DECODE,998,0,998,943.06,24.40,1
5667,EXTEND,2,121,0,68.00,16.35,1
5668,EXTEND,2,122,0,68.00,16.21,1
5669,DECODE,1000,0,1000,940.02,23.99,1
5670,DECODE,1000,0,1000,941.02,23.95,1
5671,DECODE,999,0,999,942.19,24.39,1
5672,EXTEND,1,55,0,60.00,16.60,1
5673,DECODE,1000,0,1000,942.31,24.32,1
5674,DECODE,1000,0,1000,943.31,24.23,1
5675,DECODE,999,0,999,943.62,24.23,1
5676,EXTEND,1,167,0,175.00,22.15,1
5677,EXTEND,2,97,0,53.50,16.01,1
5678,EXTEND,1,201,0,213.00,23.05,1
5679,DECODE,1000,0,1000,941.18,28.25,1
5680,DECODE,1000,0,1000,942.18,24.10,1
5681,DECODE,997,0,997,943.09,24.32,1
5682,EXTEND,3,258,0,90.00,16.18,1
5683,EXTEND,1,89,0,94.00,15.64,1
5684,DECODE,1000,0,1000,940.89,23.81,1
5685,DECODE,1000,0,1000,941.89,24.03,1
5686,DECODE,1000,0,1000,942.89,24.15,1
5687,DECODE,999,0,999,943.83,24.30,1
5688,EXTEND,1,42,0,51.00,15.94,1
5689,DECODE,999,0,999,943.72,24.18,1
5690,EXTEND,1,117,0,120.00,15.91,1
5691,DECODE,1000,0,1000,943.90,24.00,1
5692,DECODE,1000,0,1000,944.90,23.97,1
5693,DECODE,1000,0,1000,945.90,24.04,1
5694,DECODE,999,0,999,947.27,24.31,1
5695,EXTEND,1,57,0,62.00,15.93,1
5696,EXTEND,1,31,0,40.00,15.30,1
5697,DECODE,1000,0,1000,946.47,23.85,1
5698,DECODE,1000,0,1000,947.47,24.05,1
5699,DECODE,1000,0,1000,948.47,24.19,1
5700,DECODE,999,0,999,948.53,24.39,1
5701,EXTEND,1,41,0,52.00,16.08,1
5702,EXTEND,1,63,0,78.00,15.71,1
5703,DECODE,1000,0,1000,948.26,24.15,1
5704,DECODE,1000,0,1000,949.26,24.02,1
5705,DECODE,998,0,998,949.78,24.42,1
5706,EXTEND,2,248,0,128.50,16.58,1
5707,DECODE,999,0,999,947.68,25.69,1
5708,EXTEND,1,71,0,77.00,15.99,1
5709,DECODE,1000,0,1000,947.81,24.04,1
5710,DECODE,1000,0,1000,948.81,24.09,1
5711,DECODE,998,0,998,950.76,24.57,1
5712,EXTEND,2,114,0,62.00,15.84,1
5713,DECODE,998,0,998,949.45,24.47,1
5714,EXTEND,2,296,0,153.50,16.24,1
5715,DECODE,1000,0,1000,948.86,24.32,1
5716,DECODE,1000,0,1000,949.86,24.34,1
5717,DECODE,997,0,997,949.73,24.29,1
5718,EXTEND,3,194,0,69.33,16.02,1
5719,DECODE,999,0,999,947.64,24.19,1
5720,EXTEND,1,153,0,159.00,16.00,1
5721,DECODE,999,0,999,947.72,24.40,1
5722,EXTEND,1,51,0,55.00,16.27,1
5723,DECODE,998,0,998,949.01,24.23,1
5724,EXTEND,2,110,0,58.50,16.04,1
5725,DECODE,1000,0,1000,948.23,24.22,1
5726,DECODE,1000,0,1000,949.23,24.09,1
5727,DECODE,1000,0,1000,950.23,24.57,1
5728,DECODE,999,0,999,951.13,24.66,1
5729,EXTEND,1,27,0,37.00,16.24,1
5730,EXTEND,2,104,0,61.50,15.55,1
5731,EXTEND,1,101,0,105.00,15.21,1
5732,DECODE,1000,0,1000,947.97,24.08,1
5733,DECODE,1000,0,1000,948.97,24.02,1
5734,DECODE,999,0,999,949.33,24.31,1
5735,EXTEND,1,35,0,44.00,15.85,1
5736,EXTEND,2,560,0,284.50,22.47,1
5737,EXTEND,2,236,0,127.50,23.47,1
5738,DECODE,1000,0,1000,945.93,24.08,1
5739,DECODE,1000,0,1000,946.93,24.38,1
5740,DECODE,999,0,999,948.01,24.56,1
5741,EXTEND,1,64,0,68.00,15.95,1
5742,DECODE,1000,0,1000,948.13,24.02,1
5743,DECODE,1000,0,1000,949.13,24.10,1
5744,DECODE,999,0,999,950.59,24.61,1
5745,EXTEND,1,65,0,71.00,16.03,1
5746,EXTEND,1,149,0,158.00,15.59,1
5747,EXTEND,1,53,0,58.00,15.68,1
5748,DECODE,1000,0,1000,949.80,24.43,1
5749,DECODE,1000,0,1000,950.80,24.34,1
5750,DECODE,999,0,999,952.33,24.42,1
5751,EXTEND,1,72,0,77.00,16.30,1
5752,DECODE,999,0,999,951.46,26.28,1
5753,EXTEND,1,50,0,54.00,15.63,1
5754,DECODE,996,0,996,951.82,23.77,1
5755,EXTEND,4,348,0,95.75,22.19,1
5756,DECODE,1000,0,1000,949.39,23.95,1
5757,DECODE,1000,0,1000,950.39,24.10,1
5758,DECODE,999,0,999,951.96,24.59,1
5759,EXTEND,1,43,0,50.00,16.09,1
5760,EXTEND,1,66,0,74.00,15.57,1
5761,DECODE,1000,0,1000,951.81,24.06,1
5762,DECODE,1000,0,1000,952.81,24.01,1
5763,DECODE,1000,0,1000,953.81,24.12,1
5764,DECODE,1000,0,1000,954.81,24.36,1
5765,DECODE,1000,0,1000,955.81,24.26,1
5766,DECODE,999,0,999,957.37,24.54,1
5767,EXTEND,1,58,0,63.00,16.17,1
5768,EXTEND,2,150,0,79.00,15.80,1
5769,EXTEND,5,568,0,119.60,21.86,1
5770,DECODE,1000,0,1000,953.32,24.21,1
5771,DECODE,1000,0,1000,954.32,24.32,1
5772,DECODE,1000,0,1000,955.32,24.20,1
5773,DECODE,999,0,999,955.50,24.36,1
5774,EXTEND,1,137,0,142.00,15.99,1
5775,EXTEND,3,156,0,63.33,15.51,1
5776,DECODE,1000,0,1000,953.92,24.27,1
5777,DECODE,1000,0,1000,954.92,24.38,1
5778,DECODE,999,0,999,956.64,24.53,1
5779,EXTEND,1,67,0,73.00,16.19,1
5780,EXTEND,1,107,0,111.00,15.47,1
5781,EXTEND,2,156,0,83.50,15.66,1
5782,DECODE,1000,0,1000,954.15,23.95,1
5783,DECODE,1000,0,1000,955.15,23.97,1
5784,DECODE,1000,0,1000,956.15,24.13,1
5785,DECODE,1000,0,1000,957.15,24.41,1
5786,DECODE,999,0,999,958.25,24.70,1
5787,EXTEND,1,40,0,48.00,15.81,1
5788,DECODE,999,0,999,958.71,24.08,1
5789,EXTEND,1,37,0,95.00,15.61,1
5790,DECODE,997,0,997,957.82,24.26,1
5791,EXTEND,3,193,0,69.33,15.64,1
5792,DECODE,999,0,999,956.26,24.09,1
5793,EXTEND,1,32,0,42.00,15.56,1
5794,DECODE,999,0,999,956.72,24.11,1
5795,EXTEND,1,113,0,117.00,15.77,1
5796,DECODE,1000,0,1000,956.88,23.74,1
5797,DECODE,1000,0,1000,957.88,24.10,1
5798,DECODE,1000,0,1000,958.88,24.14,1
5799,DECODE,997,0,997,960.61,24.10,1
5800,EXTEND,3,181,0,66.67,16.18,1
5801,DECODE,1000,0,1000,958.93,23.88,1
5802,DECODE,1000,0,1000,959.93,24.29,1
5803,DECODE,1000,0,1000,960.93,24.15,1
5804,DECODE,1000,0,1000,961.93,24.21,1
5805,DECODE,999,0,999,962.98,24.39,1
5806,EXTEND,1,52,0,57.00,17.61,1
5807,DECODE,1000,0,1000,963.08,25.26,1
5808,DECODE,1000,0,1000,964.08,24.52,1
5809,DECODE,999,0,999,965.09,24.71,1
5810,EXTEND,1,52,0,56.00,16.14,1
5811,DECODE,999,0,999,964.71,24.41,1
5812,EXTEND,1,64,0,69.00,15.69,1
5813,DECODE,999,0,999,965.35,24.46,1
5814,EXTEND,1,60,0,65.00,15.55,1
5815,DECODE,998,0,998,964.17,24.04,1
5816,EXTEND,2,87,0,54.50,17.32,1
5817,DECODE,998,0,998,963.44,24.06,1
5818,EXTEND,2,124,0,66.00,15.80,1
5819,DECODE,1000,0,1000,962.64,23.85,1
5820,DECODE,1000,0,1000,963.64,24.06,1
5821,DECODE,1000,0,1000,964.64,24.13,1
5822,DECODE,999,0,999,965.30,24.25,1
5823,EXTEND,1,44,0,49.00,15.66,1
5824,DECODE,1000,0,1000,965.38,23.87,1
5825,DECODE,1000,0,1000,966.38,24.27,1
5826,DECODE,995,0,995,967.68,24.39,1
5827,EXTEND,5,494,0,105.20,21.53,1
5828,DECODE,1000,0,1000,964.37,24.05,1
5829,DECODE,1000,0,1000,965.37,24.09,1
5830,DECODE,999,0,999,966.75,24.49,1
5831,EXTEND,1,172,0,190.00,15.93,1
5832,DECODE,999,0,999,967.15,24.29,1
5833,EXTEND,1,144,0,149.00,16.10,1
5834,DECODE,1000,0,1000,967.34,24.05,1
5835,DECODE,1000,0,1000,968.34,24.20,1
5836,DECODE,999,0,999,969.75,24.73,1
5837,EXTEND,1,60,0,63.00,15.89,1
5838,DECODE,999,0,999,970.32,24.26,1
5839,EXTEND,1,47,0,83.00,16.41,1
5840,DECODE,1000,0,1000,970.43,24.43,1
5841,DECODE,1000,0,1000,971.43,24.13,1
5842,DECODE,1000,0,1000,972.43,24.60,1
5843,DECODE,998,0,998,973.10,24.54,1
5844,EXTEND,2,108,0,62.50,16.20,1
5845,EXTEND,1,26,0,33.00,15.33,1
5846,EXTEND,1,63,0,68.00,15.42,1
5847,DECODE,1000,0,1000,969.62,24.25,1
5848,DECODE,1000,0,1000,970.62,24.16,1
5849,DECODE,1000,0,1000,971.62,24.61,1
5850,DECODE,1000,0,1000,972.62,24.43,1
5851,DECODE,997,0,997,973.45,24.71,1
5852,EXTEND,3,165,0,61.67,17.02,1
5853,DECODE,1000,0,1000,971.71,23.94,1
5854,DECODE,1000,0,1000,972.71,24.21,1
5855,DECODE,1000,0,1000,973.71,24.37,1
5856,DECODE,999,0,999,973.65,24.48,1
5857,EXTEND,1,163,0,181.00,16.40,1
5858,DECODE,999,0,999,974.06,24.33,1
5859,EXTEND,1,80,0,84.00,23.77,1
5860,DECODE,999,0,999,973.73,26.85,1
5861,EXTEND,1,38,0,42.00,16.98,1
5862,DECODE,998,0,998,974.13,24.65,1
5863,EXTEND,2,100,0,54.50,15.79,1
5864,DECODE,999,0,999,972.86,24.38,1
5865,EXTEND,1,79,0,83.00,15.71,1
5866,DECODE,1000,0,1000,972.98,24.11,1
5867,DECODE,1000,0,1000,973.98,24.17,1
5868,DECODE,999,0,999,975.61,24.51,1
5869,DECODE,999,0,999,976.61,24.57,1
5870,EXTEND,1,63,0,67.00,15.97,1
5871,EXTEND,1,30,0,36.00,15.68,1
5872,EXTEND,5,480,0,104.20,15.85,1
5873,DECODE,1000,0,1000,971.27,26.42,1
5874,DECODE,1000,0,1000,972.27,24.43,1
5875,DECODE,1000,0,1000,973.27,24.10,1
5876,DECODE,1000,0,1000,974.27,24.24,1
5877,DECODE,998,0,998,976.26,24.57,1
5878,EXTEND,2,390,0,202.00,21.73,1
5879,EXTEND,2,120,0,66.00,15.75,1
5880,DECODE,1000,0,1000,974.02,24.22,1
5881,DECODE,1000,0,1000,975.02,24.41,1
5882,DECODE,1000,0,1000,976.02,24.48,1
5883,DECODE,1000,0,1000,977.02,24.59,1
5884,DECODE,999,0,999,977.61,24.98,1
5885,EXTEND,1,44,0,48.00,15.86,1
5886,DECODE,999,0,999,978.10,24.52,1
5887,EXTEND,1,68,0,76.00,16.12,1
5888,DECODE,1000,0,1000,978.19,24.40,1
5889,DECODE,1000,0,1000,979.19,24.41,1
5890,DECODE,1000,0,1000,980.19,24.60,1
5891,DECODE,999,0,999,981.91,24.98,1
5892,EXTEND,1,33,0,45.00,15.79,1
5893,DECODE,999,0,999,982.41,24.57,1
5894,EXTEND,1,54,0,59.00,15.93,1
5895,DECODE,999,0,999,982.51,24.40,1
5896,EXTEND,1,360,0,366.00,16.01,1
5897,DECODE,998,0,998,981.56,25.03,1
5898,EXTEND,2,185,0,97.00,16.16,1
5899,DECODE,1000,0,1000,980.79,24.37,1
5900,DECODE,1000,0,1000,981.79,24.58,1
5901,DECODE,1000,0,1000,982.79,25.28,1
5902,DECODE,1000,0,1000,983.79,25.35,1
5903,DECODE,999,0,999,985.34,25.11,1
5904,EXTEND,1,125,0,135.00,16.65,1
5905,EXTEND,3,231,0,85.33,16.20,1
5906,DECODE,1000,0,1000,981.34,25.12,1
5907,DECODE,1000,0,1000,982.34,25.00,1
5908,DECODE,999,0,999,983.76,25.03,1
5909,EXTEND,1,84,0,89.00,16.22,1
5910,EXTEND,2,235,0,126.00,16.13,1
5911,EXTEND,2,128,0,70.50,16.03,1
5912,DECODE,1000,0,1000,981.21,24.31,1
5913,DECODE,1000,0,1000,982.21,24.46,1
5914,DECODE,998,0,998,982.64,24.67,1
5915,EXTEND,2,100,0,59.00,16.26,1
5916,EXTEND,2,352,0,188.00,16.00,1
5917,EXTEND,1,34,0,41.00,15.47,1
5918,DECODE,1000,0,1000,980.08,24.40,1
5919,DECODE,1000,0,1000,981.08,24.49,1
5920,DECODE,998,0,998,981.71,24.77,1
5921,EXTEND,2,177,0,92.50,16.22,1
5922,DECODE,1000,0,1000,980.94,24.37,1
5923,DECODE,1000,0,1000,981.94,24.73,1
5924,DECODE,1000,0,1000,982.94,24.69,1
5925,DECODE,998,0,998,984.67,24.88,1
5926,EXTEND,2,199,0,104.00,16.07,1
5927,DECODE,1000,0,1000,983.91,24.40,1
5928,DECODE,1000,0,1000,984.91,24.64,1
5929,DECODE,999,0,999,986.02,24.93,1
5930,EXTEND,1,144,0,152.00,16.06,1
5931,DECODE,999,0,999,986.15,24.76,1
5932,EXTEND,1,34,0,41.00,16.03,1
5933,DECODE,1000,0,1000,986.21,24.50,1
5934,DECODE,1000,0,1000,987.21,24.92,1
5935,DECODE,998,0,998,989.60,24.87,1
5936,EXTEND,2,314,0,161.50,30.42,1
5937,DECODE,999,0,999,987.86,24.98,1
5938,EXTEND,1,97,0,141.00,16.00,1
5939,DECODE,999,0,999,988.68,24.52,1
5940,EXTEND,1,67,0,80.00,15.72,1
5941,DECODE,999,0,999,989.37,24.63,1
5942,EXTEND,1,42,0,47.00,15.48,1
5943,DECODE,1000,0,1000,989.43,24.36,1
5944,DECODE,1000,0,1000,990.43,24.68,1
5945,DECODE,1000,0,1000,991.43,24.74,1
5946,DECODE,1000,0,1000,992.43,31.27,1
5947,DECODE,1000,0,1000,993.43,28.12,1
5948,DECODE,999,0,999,993.68,24.93,1
5949,EXTEND,1,106,0,109.00,16.86,1
5950,EXTEND,1,73,0,77.00,16.08,1
5951,DECODE,1000,0,1000,992.33,24.44,1
5952,DECODE,1000,0,1000,993.33,24.60,1
5953,DECODE,999,0,999,994.37,24.79,1
5954,EXTEND,1,76,0,83.00,15.77,1
5955,EXTEND,1,43,0,48.00,15.50,1
5956,EXTEND,2,123,0,67.50,15.67,1
5957,DECODE,1000,0,1000,993.01,24.37,1
5958,DECODE,1000,0,1000,994.01,24.43,1
5959,DECODE,999,0,999,995.72,24.87,1
5960,EXTEND,1,55,0,61.00,16.26,1
5961,EXTEND,2,184,0,121.00,16.66,1
5962,EXTEND,1,66,0,74.00,15.46,1
5963,DECODE,1000,0,1000,991.73,24.33,1
5964,DECODE,1000,0,1000,992.73,24.43,1
5965,DECODE,998,0,998,993.99,26.85,1
5966,EXTEND,2,119,0,65.50,16.50,1
5967,EXTEND,1,87,0,93.00,16.13,1
5968,EXTEND,1,44,0,50.00,16.35,1
5969,DECODE,1000,0,1000,990.58,24.62,1
5970,DECODE,1000,0,1000,991.58,24.37,1
5971,DECODE,1000,0,1000,992.58,24.63,1
5972,DECODE,999,0,999,993.07,24.94,1
5973,EXTEND,1,236,0,240.00,16.80,1
5974,DECODE,999,0,999,992.59,24.76,1
5975,EXTEND,1,114,0,122.00,15.96,1
5976,DECODE,999,0,999,992.70,24.60,1
5977,EXTEND,1,28,0,35.00,16.43,1
5978,DECODE,1000,0,1000,992.75,24.44,1
5979,DECODE,1000,0,1000,993.75,24.41,1
5980,DECODE,999,0,999,994.94,24.71,1
5981,EXTEND,1,50,0,68.00,16.08,1
5982,EXTEND,4,180,0,51.75,15.81,1
5983,DECODE,1000,0,1000,992.79,24.60,1
5984,DECODE,1000,0,1000,993.79,24.64,1
5985,DECODE,1000,0,1000,994.79,24.47,1
5986,DECODE,999,0,999,996.17,24.68,1
5987,EXTEND,1,62,0,66.00,16.51,1
5988,EXTEND,1,76,0,91.00,15.80,1
5989,EXTEND,2,73,0,45.50,15.63,1
5990,DECODE,1000,0,1000,993.24,24.35,1
5991,DECODE,1000,0,1000,994.24,24.36,1
5992,DECODE,998,0,998,994.39,24.69,1
5993,EXTEND,2,111,0,60.50,16.10,1
5994,EXTEND,1,56,0,63.00,15.78,1
5995,EXTEND,3,631,0,227.67,24.92,1
5996,DECODE,1000,0,1000,990.87,24.45,1
5997,DECODE,1000,0,1000,991.87,24.45,1
5998,DECODE,1000,0,1000,992.87,24.65,1
5999,DECODE,999,0,999,994.47,24.70,1
6000,EXTEND,1,82,0,86.00,15.95,1
6001,DECODE,1000,0,1000,994.56,24.50,1
6002,DECODE,1000,0,1000,995.56,24.45,1
6003,DECODE,999,0,999,996.03,24.68,1
6004,EXTEND,1,73,0,76.00,18.53,1
6005,EXTEND,1,50,0,58.00,15.89,1
6006,EXTEND,1,68,0,74.00,15.41,1
6007,DECODE,1000,0,1000,995.48,24.44,1
6008,DECODE,1000,0,1000,996.48,24.50,1
6009,DECODE,1000,0,1000,997.48,24.73,1
6010,DECODE,998,0,998,997.88,24.86,1
6011,EXTEND,2,168,0,92.50,18.23,1
6012,DECODE,999,0,999,997.71,24.73,1
6013,EXTEND,1,109,0,113.00,17.06,1
6014,DECODE,1000,0,1000,997.83,24.66,1
6015,DECODE,1000,0,1000,998.83,24.70,1
6016,DECODE,998,0,998,999.56,25.06,1
6017,EXTEND,2,129,0,68.50,17.03,1
6018,DECODE,999,0,999,999.14,24.79,1
6019,EXTEND,1,58,0,64.00,16.03,1
6020,DECODE,1000,0,1000,999.20,24.50,1
6021,DECODE,1000,0,1000,1000.20,24.45,1
6022,DECODE,999,0,999,1001.24,25.01,1
6023,EXTEND,1,145,0,149.00,16.35,1
6024,EXTEND,2,160,0,85.50,16.34,1
6025,EXTEND,1,36,0,44.00,15.81,1
6026,DECODE,1000,0,1000,1000.00,24.51,1
6027,DECODE,1000,0,1000,1001.00,24.54,1
6028,DECODE,999,0,999,1002.65,24.93,1
6029,DECODE,998,0,998,1004.28,24.92,1
6030,EXTEND,2,110,0,65.00,16.07,1
6031,DECODE,998,0,998,1003.86,24.67,1
6032,EXTEND,2,135,0,73.50,15.74,1
6033,DECODE,1000,0,1000,1003.00,24.55,1
6034,DECODE,1000,0,1000,1004.00,24.43,1
6035,DECODE,1000,0,1000,1005.00,24.87,1
6036,DECODE,997,0,997,1006.97,24.98,1
6037,EXTEND,3,309,0,108.33,22.63,1
6038,DECODE,1000,0,1000,1005.27,24.54,1
6039,DECODE,1000,0,1000,1006.27,24.52,1
6040,DECODE,999,0,999,1006.73,24.70,1
6041,EXTEND,1,31,0,43.00,15.78,1
6042,EXTEND,1,52,0,58.00,15.72,1
6043,DECODE,1000,0,1000,1005.94,24.50,1
6044,DECODE,1000,0,1000,1006.94,24.62,1
6045,DECODE,999,0,999,1008.74,24.78,1
6046,EXTEND,1,84,0,92.00,16.93,1
6047,EXTEND,2,115,0,62.00,16.18,1
6048,EXTEND,3,281,0,98.67,24.14,1
6049,DECODE,1000,0,1000,1002.67,24.63,1
6050,DECODE,1000,0,1000,1003.67,24.50,1
6051,DECODE,1000,0,1000,1004.67,24.46,1
6052,DECODE,1000,0,1000,1005.67,24.69,1
6053,DECODE,997,0,997,1008.06,24.85,1
6054,EXTEND,3,231,0,83.00,15.60,1
6055,DECODE,1000,0,1000,1006.29,24.53,1
6056,DECODE,1000,0,1000,1007.29,24.54,1
6057,DECODE,998,0,998,1008.78,24.88,1
6058,EXTEND,2,92,0,55.00,17.81,1
6059,EXTEND,1,60,0,68.00,16.02,1
6060,EXTEND,1,100,0,121.00,17.34,1
6061,DECODE,1000,0,1000,1005.62,24.68,1
6062,DECODE,1000,0,1000,1006.62,24.76,1
6063,DECODE,1000,0,1000,1007.62,24.86,1
6064,DECODE,999,0,999,1008.49,25.14,1
6065,EXTEND,1,80,0,88.00,16.16,1
6066,EXTEND,1,102,0,105.00,15.62,1
6067,EXTEND,2,236,0,122.50,15.46,1
6068,DECODE,1000,0,1000,1005.79,24.48,1
6069,DECODE,1000,0,1000,1006.79,24.72,1
6070,DECODE,999,0,999,1006.63,24.73,1
6071,EXTEND,1,131,0,134.00,15.94,1
6072,EXTEND,3,190,0,71.67,15.82,1
6073,DECODE,1000,0,1000,1004.46,24.46,1
6074,DECODE,1000,0,1000,1005.46,24.84,1
6075,DECODE,999,0,999,1007.03,24.89,1
6076,EXTEND,1,75,0,78.00,15.85,1
6077,EXTEND,2,110,0,60.00,15.41,1
6078,DECODE,1000,0,1000,1005.44,24.43,1
6079,DECODE,1000,0,1000,1006.44,24.47,1
6080,DECODE,1000,0,1000,1007.44,24.62,1
6081,DECODE,1000,0,1000,1008.44,24.63,1
6082,DECODE,999,0,999,1010.28,24.85,1
6083,EXTEND,1,60,0,63.00,15.81,1
6084,DECODE,999,0,999,1010.99,24.74,1
6085,EXTEND,1,135,0,169.00,15.82,1
6086,DECODE,999,0,999,1011.31,25.05,1
6087,EXTEND,1,199,0,209.00,15.83,1
6088,DECODE,1000,0,1000,1011.51,24.72,1
6089,DECODE,1000,0,1000,1012.51,24.64,1
6090,DECODE,997,0,997,1014.59,24.92,1
6091,EXTEND,3,270,0,97.00,25.37,1
6092,EXTEND,1,47,0,52.00,15.72,1
6093,DECODE,1000,0,1000,1012.38,24.63,1
6094,DECODE,1000,0,1000,1013.38,24.69,1
6095,DECODE,1000,0,1000,1014.38,24.72,1
6096,DECODE,999,0,999,1014.64,24.94,1
6097,EXTEND,1,55,0,62.00,16.12,1
6098,EXTEND,2,192,0,103.50,15.68,1
6099,DECODE,1000,0,1000,1011.32,24.84,1
6100,DECODE,1000,0,1000,1012.32,24.66,1
6101,DECODE,999,0,999,1012.87,24.97,1
6102,EXTEND,1,56,0,64.00,15.95,1
6103,DECODE,1000,0,1000,1012.92,24.68,1
6104,DECODE,1000,0,1000,1013.92,24.71,1
6105,DECODE,1000,0,1000,1014.92,25.21,1
6106,DECODE,999,0,999,1014.73,24.96,1
6107,EXTEND,1,54,0,65.00,15.92,1
6108,DECODE,999,0,999,1013.98,24.96,1
6109,EXTEND,1,63,0,70.00,15.54,1
6110,DECODE,1000,0,1000,1014.03,24.86,1
6111,DECODE,1000,0,1000,1015.03,24.69,1
6112,DECODE,999,0,999,1015.85,25.00,1
6113,EXTEND,1,87,0,91.00,15.78,1
6114,DECODE,999,0,999,1016.28,24.86,1
6115,EXTEND,1,140,0,145.00,17.72,1
6116,DECODE,1000,0,1000,1016.40,25.27,1
6117,DECODE,1000,0,1000,1017.40,24.80,1
6118,DECODE,998,0,998,1018.15,25.00,1
6119,EXTEND,2,109,0,62.50,16.43,1
6120,EXTEND,3,164,0,59.00,15.95,1
6121,EXTEND,2,127,0,71.00,16.03,1
6122,DECODE,1000,0,1000,1012.13,24.67,1
6123,DECODE,1000,0,1000,1013.13,24.86,1
6124,DECODE,999,0,999,1014.86,24.96,1
6125,EXTEND,1,33,0,38.00,16.24,1
6126,EXTEND,1,50,0,53.00,16.17,1
6127,DECODE,1000,0,1000,1012.75,24.81,1
6128,DECODE,1000,0,1000,1013.75,24.73,1
6129,DECODE,998,0,998,1015.43,25.11,1
6130,EXTEND,2,73,0,43.00,17.27,1
6131,EXTEND,1,43,0,52.00,15.93,1
6132,EXTEND,3,229,0,81.67,16.02,1
6133,DECODE,1000,0,1000,1013.22,24.75,1
6134,DECODE,1000,0,1000,1014.22,24.72,1
6135,DECODE,998,0,998,1015.98,25.36,1
6136,EXTEND,2,404,0,208.50,24.24,1
6137,EXTEND,2,314,0,162.00,16.00,1
6138,EXTEND,1,89,0,93.00,18.57,1
6139,DECODE,1000,0,1000,1014.07,25.00,1
6140,DECODE,1000,0,1000,1015.07,24.81,1
6141,DECODE,999,0,999,1015.88,25.38,1
6142,EXTEND,1,208,0,215.00,15.81,1
6143,EXTEND,3,550,0,196.33,24.35,1
6144,DECODE,1000,0,1000,1013.43,24.73,1
6145,DECODE,1000,0,1000,1014.43,24.99,1
6146,DECODE,999,0,999,1015.74,25.42,1
6147,EXTEND,1,35,0,40.00,16.19,1
6148,DECODE,999,0,999,1014.60,25.14,1
6149,EXTEND,1,49,0,56.00,16.01,1
6150,DECODE,1000,0,1000,1014.64,24.79,1
6151,DECODE,1000,0,1000,1015.64,25.11,1
6152,DECODE,998,0,998,1015.55,25.14,1
6153,EXTEND,2,261,0,139.50,23.12,1
6154,EXTEND,1,121,0,128.00,16.01,1
6155,EXTEND,2,213,0,114.00,15.80,1
6156,DECODE,1000,0,1000,1011.54,25.17,1
6157,DECODE,1000,0,1000,1012.54,25.51,1
6158,DECODE,1000,0,1000,1013.54,25.43,1
6159,DECODE,998,0,998,1015.75,25.40,1
6160,EXTEND,2,237,0,122.50,16.01,1
6161,DECODE,999,0,999,1015.55,24.93,1
6162,EXTEND,1,59,0,66.00,15.57,1
6163,DECODE,997,0,997,1015.66,25.46,1
6164,EXTEND,3,190,0,69.00,15.64,1
6165,DECODE,1000,0,1000,1013.82,24.94,1
6166,DECODE,1000,0,1000,1014.82,24.97,1
6167,DECODE,999,0,999,1016.64,25.26,1
6168,EXTEND,1,88,0,92.00,15.79,1
6169,DECODE,998,0,998,1015.69,24.93,1
6170,EXTEND,2,130,0,70.50,15.96,1
6171,DECODE,1000,0,1000,1014.79,24.75,1
6172,DECODE,1000,0,1000,1015.79,24.73,1
6173,DECODE,998,0,998,1016.62,25.26,1
6174,EXTEND,2,158,0,89.00,17.09,1
6175,EXTEND,1,115,0,119.00,17.13,1
6176,DECODE,1000,0,1000,1015.61,24.94,1
6177,DECODE,1000,0,1000,1016.61,25.01,1
6178,DECODE,996,0,996,1018.19,25.06,1
6179,EXTEND,4,270,0,72.25,16.56,1
6180,DECODE,1000,0,1000,1015.41,25.36,1
6181,DECODE,1000,0,1000,1016.41,25.08,1
6182,DECODE,999,0,999,1017.78,26.20,1
6183,EXTEND,1,79,0,84.00,19.11,1
6184,DECODE,1000,0,1000,1017.84,25.60,1
6185,DECODE,1000,0,1000,1018.84,25.47,1
6186,DECODE,997,0,997,1020.80,25.94,1
6187,EXTEND,3,278,0,98.00,17.79,1
6188,EXTEND,2,180,0,97.00,16.79,1
6189,DECODE,1000,0,1000,1017.98,25.24,1
6190,DECODE,1000,0,1000,1018.98,25.28,1
6191,DECODE,999,0,999,1020.43,25.57,1
6192,EXTEND,1,83,0,87.00,16.74,1
6193,DECODE,999,0,999,1021.20,25.57,1
6194,EXTEND,1,101,0,114.00,16.58,1
6195,DECODE,999,0,999,1021.88,25.35,1
6196,EXTEND,1,53,0,59.00,26.58,1
6197,DECODE,1000,0,1000,1021.92,29.90,1
6198,DECODE,1000,0,1000,1022.92,25.32,1
6199,DECODE,999,0,999,1023.49,32.09,1
6200,EXTEND,1,38,0,51.00,22.49,1
6201,EXTEND,2,139,0,76.00,30.76,1
6202,EXTEND,2,132,0,73.00,18.10,1
6203,DECODE,1000,0,1000,1021.42,25.12,1
6204,DECODE,1000,0,1000,1022.42,25.21,1
6205,DECODE,1000,0,1000,1023.42,25.48,1
6206,DECODE,1000,0,1000,1024.42,25.58,1
6207,DECODE,1000,0,1000,1025.42,25.57,1
6208,DECODE,1000,0,1000,1026.42,25.47,1
6209,DECODE,998,0,998,1028.26,26.00,1
6210,EXTEND,2,182,0,101.00,18.15,1
6211,DECODE,998,0,998,1026.55,25.47,1
6212,EXTEND,2,111,0,61.50,16.78,1
6213,DECODE,998,0,998,1026.01,26.05,1
6214,EXTEND,2,190,0,100.50,16.82,1
6215,DECODE,999,0,999,1023.93,26.20,1
6216,EXTEND,1,57,0,60.00,16.80,1
6217,DECODE,1000,0,1000,1023.96,25.51,1
6218,DECODE,1000,0,1000,1024.96,25.12,1
6219,DECODE,999,0,999,1025.96,25.60,1
6220,EXTEND,1,64,0,73.00,16.25,1
6221,DECODE,1000,0,1000,1026.01,24.85,1
6222,DECODE,1000,0,1000,1027.01,25.01,1
6223,DECODE,1000,0,1000,1028.01,25.18,1
6224,DECODE,999,0,999,1028.16,25.69,1
6225,EXTEND,1,49,0,57.00,16.09,1
6226,DECODE,1000,0,1000,1028.18,25.04,1
6227,DECODE,1000,0,1000,1029.18,25.17,1
6228,DECODE,998,0,998,1031.15,25.61,1
6229,EXTEND,2,171,0,91.00,17.29,1
6230,EXTEND,2,99,0,55.00,18.30,1
6231,DECODE,1000,0,1000,1028.89,25.43,1
6232,DECODE,1000,0,1000,1029.89,25.26,1
6233,DECODE,998,0,998,1030.44,26.30,1
6234,EXTEND,2,112,0,61.50,16.54,1
6235,EXTEND,1,90,0,95.00,15.76,1
6236,EXTEND,1,41,0,46.00,15.55,1
6237,DECODE,1000,0,1000,1025.33,24.71,1
6238,DECODE,1000,0,1000,1026.33,24.98,1
6239,DECODE,999,0,999,1027.94,25.10,1
6240,EXTEND,1,109,0,118.00,15.99,1
6241,DECODE,997,0,997,1028.12,24.94,1
6242,EXTEND,3,195,0,70.67,22.82,1
6243,DECODE,1000,0,1000,1026.24,24.81,1
6244,DECODE,1000,0,1000,1027.24,24.78,1
6245,DECODE,999,0,999,1028.56,25.61,1
6246,EXTEND,1,110,0,137.00,17.54,1
6247,DECODE,997,0,997,1027.71,29.50,1
6248,EXTEND,3,247,0,87.67,35.32,1
6249,DECODE,999,0,999,1024.64,25.13,1
6250,EXTEND,1,139,0,144.00,16.21,1
6251,DECODE,999,0,999,1024.94,25.11,1
6252,EXTEND,1,79,0,83.00,17.64,1
6253,DECODE,1000,0,1000,1025.00,24.86,1
6254,DECODE,1000,0,1000,1026.00,24.83,1
6255,DECODE,1000,0,1000,1027.00,24.93,1
6256,DECODE,999,0,999,1028.00,25.80,1
6257,EXTEND,1,69,0,74.00,18.50,1
6258,EXTEND,1,67,0,74.00,15.86,1
6259,EXTEND,2,93,0,53.50,26.30,1
6260,DECODE,1000,0,1000,1023.63,27.70,1
6261,DECODE,1000,0,1000,1024.63,25.24,1
6262,DECODE,999,0,999,1025.30,25.35,1
6263,EXTEND,1,80,0,113.00,16.83,1
6264,EXTEND,2,134,0,72.50,16.40,1
6265,DECODE,1000,0,1000,1022.46,25.42,1
6266,DECODE,1000,0,1000,1023.46,24.92,1
6267,DECODE,1000,0,1000,1024.46,25.09,1
6268,DECODE,1000,0,1000,1025.46,25.09,1
6269,DECODE,999,0,999,1026.68,25.23,1
6270,EXTEND,1,44,0,53.00,16.30,1
6271,EXTEND,1,62,0,74.00,16.26,1
6272,EXTEND,1,56,0,61.00,15.90,1
6273,DECODE,1000,0,1000,1024.93,24.86,1
6274,DECODE,1000,0,1000,1025.93,24.88,1
6275,DECODE,1000,0,1000,1026.93,24.92,1
6276,DECODE,1000,0,1000,1027.93,25.17,1
6277,DECODE,1000,0,1000,1028.93,24.90,1
6278,DECODE,999,0,999,1029.09,25.04,1
6279,EXTEND,1,166,0,172.00,16.47,1
6280,EXTEND,2,98,0,57.50,15.99,1
6281,EXTEND,1,74,0,78.00,15.66,1
6282,DECODE,1000,0,1000,1028.27,24.83,1
6283,DECODE,1000,0,1000,1029.27,24.91,1
6284,DECODE,998,0,998,1031.00,25.25,1
6285,EXTEND,2,88,0,49.50,16.30,1
6286,EXTEND,4,383,0,105.00,22.08,1
6287,DECODE,1000,0,1000,1026.57,24.89,1
6288,DECODE,1000,0,1000,1027.57,24.87,1
6289,DECODE,997,0,997,1029.43,25.24,1
6290,EXTEND,3,179,0,66.00,16.43,1
6291,EXTEND,2,310,0,161.00,22.53,1
6292,DECODE,1000,0,1000,1025.04,25.11,1
6293,DECODE,1000,0,1000,1026.04,25.05,1
6294,DECODE,1000,0,1000,1027.04,25.15,1
6295,DECODE,999,0,999,1027.55,25.29,1
6296,EXTEND,1,35,0,40.00,16.01,1
6297,EXTEND,3,343,0,120.33,22.42,1
6298,DECODE,1000,0,1000,1025.53,25.03,1
6299,DECODE,1000,0,1000,1026.53,25.11,1
6300,DECODE,998,0,998,1028.62,25.42,1
6301,EXTEND,2,124,0,68.50,16.25,1
6302,EXTEND,1,159,0,164.00,15.68,1
6303,EXTEND,3,199,0,79.00,15.75,1
6304,DECODE,1000,0,1000,1024.89,25.03,1
6305,DECODE,1000,0,1000,1025.89,25.21,1
6306,DECODE,999,0,999,1027.25,25.35,1
6307,EXTEND,1,52,0,60.00,16.10,1
6308,EXTEND,2,94,0,52.00,15.92,1
6309,DECODE,1000,0,1000,1025.26,25.23,1
6310,DECODE,1000,0,1000,1026.26,25.05,1
6311,DECODE,999,0,999,1026.38,25.57,1
6312,EXTEND,1,33,0,38.00,16.40,1
6313,DECODE,1000,0,1000,1026.39,25.12,1
6314,DECODE,1000,0,1000,1027.39,25.12,1
6315,DECODE,999,0,999,1029.02,25.36,1
6316,EXTEND,1,98,0,105.00,16.40,1
6317,EXTEND,1,53,0,57.00,15.92,1
6318,EXTEND,1,55,0,59.00,15.71,1
6319,DECODE,1000,0,1000,1026.18,25.01,1
6320,DECODE,1000,0,1000,1027.18,25.03,1
6321,DECODE,1000,0,1000,1028.18,25.24,1
6322,DECODE,1000,0,1000,1029.18,25.34,1
6323,DECODE,1000,0,1000,1030.18,25.25,1
6324,DECODE,1000,0,1000,1031.18,25.37,1
6325,DECODE,1000,0,1000,1032.18,25.31,1
6326,DECODE,997,0,997,1033.84,25.71,1
6327,EXTEND,3,186,0,67.33,16.14,1
6328,EXTEND,2,169,0,89.00,16.44,1
6329,EXTEND,1,56,0,60.00,15.45,1
6330,DECODE,1000,0,1000,1031.05,25.25,1
6331,DECODE,1000,0,1000,1032.05,25.36,1
6332,DECODE,999,0,999,1033.57,25.24,1
6333,EXTEND,1,178,0,185.00,16.11,1
6334,EXTEND,1,196,0,202.00,15.64,1
6335,DECODE,1000,0,1000,1033.60,25.13,1
6336,DECODE,1000,0,1000,1034.60,25.18,1
6337,DECODE,999,0,999,1035.92,25.46,1
6338,EXTEND,1,41,0,49.00,16.15,1
6339,EXTEND,1,58,0,62.00,15.57,1
6340,EXTEND,4,235,0,67.50,15.52,1
6341,DECODE,1000,0,1000,1034.20,25.04,1
6342,DECODE,1000,0,1000,1035.20,24.94,1
6343,DECODE,1000,0,1000,1036.20,25.27,1
6344,DECODE,997,0,997,1039.06,25.41,1
6345,EXTEND,3,239,0,87.33,24.05,1
6346,DECODE,1000,0,1000,1037.21,25.05,1
6347,DECODE,1000,0,1000,1038.21,25.04,1
6348,DECODE,1000,0,1000,1039.21,25.23,1
6349,DECODE,998,0,998,1039.40,25.59,1
6350,EXTEND,2,129,0,69.00,15.93,1
6351,EXTEND,2,329,0,169.00,16.11,1
6352,EXTEND,1,83,0,101.00,15.59,1
6353,DECODE,1000,0,1000,1033.43,25.20,1
6354,DECODE,1000,0,1000,1034.43,25.17,1
6355,DECODE,999,0,999,1036.06,26.04,1
6356,EXTEND,1,31,0,42.00,16.05,1
6357,EXTEND,1,35,0,46.00,15.78,1
6358,EXTEND,1,53,0,60.00,15.69,1
6359,DECODE,1000,0,1000,1032.87,25.07,1
6360,DECODE,1000,0,1000,1033.87,25.17,1
6361,DECODE,1000,0,1000,1034.87,25.33,1
6362,DECODE,1000,0,1000,1035.87,25.29,1
6363,DECODE,999,0,999,1036.97,25.58,1
6364,EXTEND,1,66,0,72.00,16.07,1
6365,EXTEND,2,87,0,50.50,16.44,1
6366,DECODE,1000,0,1000,1033.83,25.64,1
6367,DECODE,1000,0,1000,1034.83,25.68,1
6368,DECODE,999,0,999,1035.82,25.27,1
6369,EXTEND,1,31,0,40.00,16.86,1
6370,EXTEND,2,160,0,91.50,15.99,1
6371,DECODE,1000,0,1000,1034.63,25.17,1
6372,DECODE,1000,0,1000,1035.63,25.08,1
6373,DECODE,999,0,999,1036.34,26.00,1
6374,EXTEND,1,68,0,73.00,16.72,1
6375,EXTEND,2,105,0,57.50,16.41,1
6376,EXTEND,1,73,0,80.00,16.35,1
6377,DECODE,1000,0,1000,1032.03,25.61,1
6378,DECODE,1000,0,1000,1033.03,25.18,1
6379,DECODE,1000,0,1000,1034.03,25.27,1
6380,DECODE,999,0,999,1035.59,25.44,1
6381,EXTEND,1,194,0,226.00,16.42,1
6382,DECODE,998,0,998,1036.45,25.54,1
6383,EXTEND,2,219,0,115.00,24.82,1
6384,DECODE,999,0,999,1036.02,25.69,1
6385,EXTEND,1,43,0,51.00,16.83,1
6386,DECODE,999,0,999,1036.75,25.85,1
6387,EXTEND,1,55,0,61.00,16.23,1
6388,DECODE,999,0,999,1035.25,27.03,1
6389,EXTEND,1,141,0,145.00,16.20,1
6390,DECODE,999,0,999,1035.87,25.14,1
6391,EXTEND,1,79,0,84.00,15.94,1
6392,DECODE,1000,0,1000,1035.92,25.20,1
6393,DECODE,1000,0,1000,1036.92,25.30,1
6394,DECODE,999,0,999,1036.60,25.32,1
6395,EXTEND,1,58,0,64.00,16.30,1
6396,EXTEND,2,84,0,51.50,16.12,1
6397,DECODE,1000,0,1000,1035.66,25.01,1
6398,DECODE,1000,0,1000,1036.66,25.19,1
6399,DECODE,999,0,999,1038.03,25.20,1
6400,EXTEND,1,116,0,119.00,16.12,1
6401,DECODE,1000,0,1000,1038.11,25.09,1
6402,DECODE,1000,0,1000,1039.11,25.04,1
6403,DECODE,998,0,998,1039.55,25.32,1
6404,EXTEND,2,141,0,82.50,16.62,1
6405,EXTEND,1,75,0,100.00,16.00,1
6406,EXTEND,2,74,0,50.00,16.58,1
6407,DECODE,1000,0,1000,1035.48,26.30,1
6408,DECODE,1000,0,1000,1036.48,25.02,1
6409,DECODE,998,0,998,1037.66,25.43,1
6410,EXTEND,2,117,0,63.50,16.04,1
6411,EXTEND,1,92,0,96.00,16.07,1
6412,EXTEND,3,165,0,60.67,15.69,1
6413,DECODE,1000,0,1000,1029.72,25.13,1
6414,DECODE,1000,0,1000,1030.72,25.14,1
6415,DECODE,999,0,999,1031.98,25.35,1
6416,EXTEND,1,62,0,66.00,16.24,1
6417,EXTEND,2,188,0,102.50,15.85,1
6418,EXTEND,1,25,0,32.00,15.63,1
6419,DECODE,1000,0,1000,1028.90,25.14,1
6420,DECODE,1000,0,1000,1029.90,25.40,1
6421,DECODE,996,0,996,1031.03,25.41,1
6422,EXTEND,4,276,0,74.25,16.65,1
6423,EXTEND,1,45,0,56.00,18.36,1
6424,DECODE,1000,0,1000,1027.81,25.35,1
6425,DECODE,1000,0,1000,1028.81,25.23,1
6426,DECODE,998,0,998,1028.74,25.72,1
6427,EXTEND,2,158,0,84.00,16.29,1
6428,DECODE,999,0,999,1028.66,25.59,1
6429,EXTEND,1,118,0,122.00,15.90,1
6430,DECODE,1000,0,1000,1028.75,25.12,1
6431,DECODE,1000,0,1000,1029.75,25.09,1
6432,DECODE,999,0,999,1031.07,26.08,1
6433,EXTEND,1,61,0,64.00,15.80,1
6434,DECODE,996,0,996,1029.76,25.03,1
6435,EXTEND,4,397,0,140.00,16.27,1
6436,DECODE,998,0,998,1027.56,25.38,1
6437,EXTEND,2,107,0,63.50,16.04,1
6438,DECODE,1000,0,1000,1026.63,24.97,1
6439,DECODE,1000,0,1000,1027.63,24.98,1
6440,DECODE,998,0,998,1028.56,25.44,1
6441,EXTEND,2,226,0,117.00,16.37,1
6442,EXTEND,2,144,0,77.00,16.42,1
6443,EXTEND,2,183,0,100.00,15.65,1
6444,DECODE,1000,0,1000,1025.59,25.09,1
6445,DECODE,1000,0,1000,1026.59,25.17,1
6446,DECODE,999,0,999,1027.92,25.48,1
6447,EXTEND,1,98,0,102.00,16.19,1
6448,EXTEND,1,70,0,83.00,15.87,1
6449,EXTEND,1,81,0,88.00,15.58,1
6450,DECODE,1000,0,1000,1024.76,25.14,1
6451,DECODE,1000,0,1000,1025.76,25.18,1
6452,DECODE,1000,0,1000,1026.76,25.21,1
6453,DECODE,999,0,999,1027.73,25.48,1
6454,EXTEND,1,103,0,107.00,16.16,1
6455,EXTEND,1,52,0,61.00,15.74,1
6456,EXTEND,1,118,0,126.00,15.65,1
6457,DECODE,1000,0,1000,1027.25,25.05,1
6458,DECODE,1000,0,1000,1028.25,25.28,1
6459,DECODE,1000,0,1000,1029.25,25.35,1
6460,DECODE,997,0,997,1029.79,25.67,1
6461,EXTEND,3,299,0,110.00,24.21,1
6462,EXTEND,1,84,0,90.00,16.28,1
6463,EXTEND,2,179,0,96.50,16.08,1
6464,DECODE,1000,0,1000,1024.13,25.44,1
6465,DECODE,1000,0,1000,1025.13,25.21,1
6466,DECODE,1000,0,1000,1026.13,25.28,1
6467,DECODE,999,0,999,1027.46,25.68,1
6468,EXTEND,1,49,0,59.00,16.10,1
6469,EXTEND,1,34,0,43.00,15.61,1
6470,EXTEND,1,66,0,70.00,15.78,1
6471,DECODE,1000,0,1000,1025.44,24.88,1
6472,DECODE,1000,0,1000,1026.44,25.10,1
6473,DECODE,1000,0,1000,1027.44,25.03,1
6474,DECODE,998,0,998,1028.02,25.11,1
6475,EXTEND,2,135,0,74.00,27.05,1
6476,DECODE,998,0,998,1026.31,29.60,1
6477,EXTEND,2,176,0,96.00,27.11,1
6478,DECODE,997,0,997,1027.53,27.34,1
6479,EXTEND,3,194,0,74.67,16.35,1
6480,DECODE,998,0,998,1022.71,25.45,1
6481,EXTEND,2,335,0,178.50,40.04,1
6482,DECODE,999,0,999,1021.84,29.62,1
6483,EXTEND,1,102,0,106.00,16.07,1
6484,DECODE,1000,0,1000,1021.92,25.01,1
6485,DECODE,1000,0,1000,1022.92,25.15,1
6486,DECODE,998,0,998,1025.36,25.51,1
6487,EXTEND,2,179,0,94.00,16.26,1
6488,EXTEND,1,48,0,60.00,15.57,1
6489,EXTEND,1,58,0,80.00,15.79,1
6490,DECODE,1000,0,1000,1023.56,25.01,1
6491,DECODE,1000,0,1000,1024.56,25.12,1
6492,DECODE,999,0,999,1026.14,25.61,1
6493,EXTEND,1,47,0,52.00,16.02,1
6494,EXTEND,1,71,0,77.00,15.86,1
6495,EXTEND,2,250,0,130.50,23.75,1
6496,DECODE,1000,0,1000,1022.64,25.06,1
6497,DECODE,1000,0,1000,1023.64,25.26,1
6498,DECODE,1000,0,1000,1024.64,25.50,1
6499,DECODE,998,0,998,1024.76,25.59,1
6500,EXTEND,2,398,0,205.00,21.94,1
6501,EXTEND,1,297,0,301.00,15.97,1
6502,EXTEND,1,45,0,52.00,15.58,1
6503,DECODE,1000,0,1000,1020.59,25.14,1
6504,DECODE,1000,0,1000,1021.59,25.19,1
6505,DECODE,1000,0,1000,1022.59,25.21,1
6506,DECODE,999,0,999,1023.63,25.46,1
6507,EXTEND,1,34,0,41.00,15.88,1
6508,EXTEND,1,79,0,106.00,15.51,1
6509,DECODE,1000,0,1000,1021.20,25.04,1
6510,DECODE,1000,0,1000,1022.20,25.12,1
6511,DECODE,999,0,999,1023.65,25.66,1
6512,EXTEND,1,64,0,72.00,16.31,1
6513,EXTEND,3,226,0,91.00,17.08,1
6514,DECODE,1000,0,1000,1019.38,25.02,1
6515,DECODE,1000,0,1000,1020.38,25.10,1
6516,DECODE,1000,0,1000,1021.38,25.32,1
6517,DECODE,999,0,999,1022.53,25.58,1
6518,DECODE,998,0,998,1024.28,25.49,1
6519,EXTEND,2,154,0,85.50,16.03,1
6520,EXTEND,1,249,0,254.00,15.85,1
6521,EXTEND,1,58,0,80.00,15.59,1
6522,DECODE,1000,0,1000,1022.70,24.97,1
6523,DECODE,1000,0,1000,1023.70,25.06,1
6524,DECODE,999,0,999,1025.11,25.42,1
6525,EXTEND,1,109,0,115.00,16.33,1
6526,EXTEND,1,58,0,62.00,15.92,1
6527,EXTEND,1,50,0,58.00,15.57,1
6528,DECODE,1000,0,1000,1024.50,25.05,1
6529,DECODE,1000,0,1000,1025.50,25.18,1
6530,DECODE,1000,0,1000,1026.50,25.27,1
6531,DECODE,998,0,998,1028.79,25.95,1
6532,EXTEND,2,131,0,69.00,16.63,1
6533,EXTEND,4,296,0,79.50,16.08,1
6534,EXTEND,3,344,0,122.00,15.75,1
6535,DECODE,1000,0,1000,1017.13,25.09,1
6536,DECODE,1000,0,1000,1018.13,25.36,1
6537,DECODE,998,0,998,1018.90,25.63,1
6538,EXTEND,2,154,0,84.50,16.24,1
6539,EXTEND,2,134,0,75.50,15.94,1
6540,EXTEND,5,455,0,97.40,24.57,1
6541,DECODE,1000,0,1000,1010.70,25.13,1
6542,DECODE,1000,0,1000,1011.70,25.07,1
6543,DECODE,1000,0,1000,1012.70,25.13,1
6544,DECODE,999,0,999,1013.79,25.32,1
6545,EXTEND,1,82,0,85.00,16.05,1
6546,EXTEND,1,26,0,35.00,15.54,1
6547,DECODE,1000,0,1000,1012.02,24.97,1
6548,DECODE,1000,0,1000,1013.02,25.31,1
6549,DECODE,996,0,996,1011.05,25.22,1
6550,EXTEND,4,180,0,51.25,16.21,1
6551,EXTEND,1,73,0,82.00,15.68,1
6552,DECODE,1000,0,1000,1005.84,25.11,1
6553,DECODE,1000,0,1000,1006.84,25.01,1
6554,DECODE,997,0,997,1008.85,25.33,1
6555,EXTEND,3,194,0,73.33,16.00,1
6556,EXTEND,2,97,0,56.00,15.68,1
6557,EXTEND,1,59,0,64.00,15.97,1
6558,DECODE,1000,0,1000,1003.91,25.02,1
6559,DECODE,1000,0,1000,1004.91,25.12,1
6560,DECODE,999,0,999,1004.36,25.42,1
6561,EXTEND,1,170,0,174.00,16.30,1
6562,EXTEND,2,178,0,100.50,15.91,1
6563,DECODE,1000,0,1000,999.72,25.07,1
6564,DECODE,1000,0,1000,1000.72,24.99,1
6565,DECODE,1000,0,1000,1001.72,25.14,1
6566,DECODE,1000,0,1000,1002.72,25.03,1
6567,DECODE,1000,0,1000,1003.72,25.14,1
6568,DECODE,999,0,999,1005.25,25.55,1
6569,EXTEND,1,105,0,108.00,16.83,1
6570,EXTEND,2,128,0,69.50,16.13,1
6571,EXTEND,1,30,0,38.00,15.61,1
6572,DECODE,1000,0,1000,1000.67,24.91,1
6573,DECODE,1000,0,1000,1001.67,25.06,1
6574,DECODE,1000,0,1000,1002.67,25.37,1
6575,DECODE,1000,0,1000,1003.67,25.23,1
6576,DECODE,1000,0,1000,1004.67,25.29,1
6577,DECODE,1000,0,1000,1005.67,25.03,1
6578,DECODE,997,0,997,1008.85,29.15,1
6579,EXTEND,3,287,0,101.67,30.02,1
6580,DECODE,999,0,999,1007.48,25.13,1
6581,EXTEND,1,79,0,88.00,15.91,1
6582,DECODE,999,0,999,1007.85,24.98,1
6583,EXTEND,1,42,0,52.00,16.86,1
6584,DECODE,998,0,998,1008.17,25.00,1
6585,EXTEND,2,204,0,107.50,15.95,1
6586,DECODE,1000,0,1000,1007.37,24.95,1
6587,DECODE,1000,0,1000,1008.37,24.92,1
6588,DECODE,1000,0,1000,1009.37,25.10,1
6589,DECODE,999,0,999,1010.96,24.96,1
6590,EXTEND,1,51,0,55.00,18.06,1
6591,EXTEND,1,68,0,72.00,16.64,1
6592,DECODE,1000,0,1000,1010.03,31.17,1
6593,DECODE,1000,0,1000,1011.03,28.25,1
6594,DECODE,999,0,999,1012.01,25.50,1
6595,EXTEND,1,42,0,51.00,29.17,1
6596,DECODE,998,0,998,1012.19,30.03,1
6597,EXTEND,2,131,0,74.50,16.04,1
6598,DECODE,998,0,998,1010.38,25.05,1
6599,DECODE,998,0,998,1011.38,24.92,1
6600,EXTEND,2,204,0,105.50,15.73,1
6601,EXTEND,1,97,0,101.00,15.47,1
6602,EXTEND,2,186,0,102.00,15.39,1
6603,DECODE,1000,0,1000,1006.47,24.73,1
6604,DECODE,1000,0,1000,1007.47,24.74,1
6605,DECODE,998,0,998,1007.56,25.02,1
6606,EXTEND,2,184,0,95.50,16.21,1
6607,EXTEND,3,208,0,77.00,15.64,1
6608,DECODE,1000,0,1000,1004.67,24.69,1
6609,DECODE,1000,0,1000,1005.67,24.87,1
6610,DECODE,998,0,998,1005.48,25.18,1
6611,EXTEND,2,123,0,66.00,16.03,1
6612,EXTEND,2,146,0,81.00,15.74,1
6613,DECODE,1000,0,1000,1003.69,24.73,1
6614,DECODE,1000,0,1000,1004.69,24.77,1
6615,DECODE,999,0,999,1004.50,25.15,1
6616,EXTEND,1,139,0,145.00,16.49,1
6617,DECODE,1000,0,1000,1004.64,24.80,1
6618,DECODE,1000,0,1000,1005.64,25.19,1
6619,DECODE,998,0,998,1005.88,25.54,1
6620,EXTEND,2,99,0,55.00,16.70,1
6621,DECODE,999,0,999,1004.87,25.11,1
6622,EXTEND,1,447,0,450.00,21.13,1
6623,DECODE,998,0,998,1004.14,25.27,1
6624,EXTEND,2,118,0,64.50,15.83,1
6625,DECODE,997,0,997,1002.43,25.12,1
6626,EXTEND,3,410,0,147.67,17.89,1
6627,DECODE,998,0,998,1001.72,25.12,1
6628,EXTEND,2,235,0,122.00,16.00,1
6629,DECODE,999,0,999,1001.58,24.93,1
6630,EXTEND,1,156,0,159.00,18.42,1
6631,DECODE,1000,0,1000,1001.74,24.85,1
6632,DECODE,1000,0,1000,1002.74,24.78,1
6633,DECODE,1000,0,1000,1003.74,27.02,1
6634,DECODE,999,0,999,1005.10,25.18,1
6635,EXTEND,1,49,0,54.00,17.20,1
6636,EXTEND,1,44,0,49.00,18.52,1
6637,EXTEND,1,104,0,113.00,15.67,1
6638,DECODE,1000,0,1000,1004.21,24.91,1
6639,DECODE,1000,0,1000,1005.21,25.18,1
6640,DECODE,999,0,999,1006.76,25.19,1
6641,EXTEND,1,36,0,45.00,17.60,1
6642,EXTEND,3,202,0,75.33,24.00,1
6643,DECODE,1000,0,1000,1003.75,24.64,1
6644,DECODE,1000,0,1000,1004.75,25.13,1
6645,DECODE,998,0,998,1007.07,25.11,1
6646,EXTEND,2,97,0,54.00,16.98,1
6647,EXTEND,1,62,0,67.00,15.63,1
6648,DECODE,1000,0,1000,1005.72,24.76,1
6649,DECODE,1000,0,1000,1006.72,24.93,1
6650,DECODE,998,0,998,1006.64,25.11,1
6651,EXTEND,2,94,0,53.00,16.80,1
6652,EXTEND,1,42,0,48.00,15.16,1
6653,DECODE,1000,0,1000,1004.03,24.64,1
6654,DECODE,1000,0,1000,1005.03,24.93,1
6655,DECODE,998,0,998,1004.75,25.34,1
6656,EXTEND,2,134,0,72.50,15.79,1
6657,EXTEND,2,105,0,61.50,15.96,1
6658,EXTEND,3,200,0,76.33,16.62,1
6659,DECODE,1000,0,1000,995.43,24.57,1
6660,DECODE,1000,0,1000,996.43,24.77,1
6661,DECODE,996,0,996,995.75,24.75,1
6662,EXTEND,4,231,0,67.25,16.40,1
6663,EXTEND,1,96,0,115.00,20.40,1
6664,EXTEND,1,65,0,70.00,16.17,1
6665,DECODE,1000,0,1000,990.33,24.79,1
6666,DECODE,1000,0,1000,991.33,24.79,1
6667,DECODE,1000,0,1000,992.33,24.67,1
6668,DECODE,998,0,998,992.96,25.18,1
6669,EXTEND,2,125,0,68.00,16.20,1
6670,EXTEND,2,305,0,157.00,16.26,1
6671,DECODE,1000,0,1000,987.30,24.63,1
6672,DECODE,1000,0,1000,988.30,24.78,1
6673,DECODE,999,0,999,987.73,25.35,1
6674,EXTEND,1,74,0,79.00,15.82,1
6675,EXTEND,2,124,0,70.00,16.60,1
6676,EXTEND,1,64,0,72.00,15.47,1
6677,DECODE,1000,0,1000,982.43,24.51,1
6678,DECODE,1000,0,1000,983.43,24.59,1
6679,DECODE,997,0,997,985.39,24.83,1
6680,EXTEND,3,263,0,97.67,16.97,1
6681,EXTEND,1,101,0,107.00,16.09,1
6682,DECODE,1000,0,1000,983.54,24.66,1
6683,DECODE,1000,0,1000,984.54,24.49,1
6684,DECODE,999,0,999,985.87,26.06,1
6685,EXTEND,1,27,0,172.00,16.04,1
6686,EXTEND,1,206,0,210.00,15.94,1
6687,EXTEND,2,92,0,66.50,21.04,1
6688,DECODE,1000,0,1000,982.99,29.41,1
6689,DECODE,1000,0,1000,983.99,28.34,1
6690,DECODE,997,0,997,982.55,24.97,1
6691,EXTEND,3,330,0,117.00,15.98,1
6692,EXTEND,3,266,0,99.00,24.41,1
6693,EXTEND,1,28,0,35.00,15.53,1
6694,DECODE,1000,0,1000,971.05,24.40,1
6695,DECODE,1000,0,1000,972.05,24.35,1
6696,DECODE,998,0,998,972.87,24.59,1
6697,EXTEND,2,128,0,71.50,17.06,1
6698,EXTEND,1,70,0,76.00,16.17,1
6699,EXTEND,2,88,0,53.00,15.72,1
6700,DECODE,1000,0,1000,966.81,26.20,1
6701,DECODE,1000,0,1000,967.81,24.42,1
6702,DECODE,998,0,998,967.85,25.09,1
6703,EXTEND,2,250,0,131.00,18.90,1
6704,EXTEND,3,151,0,75.67,17.69,1
6705,EXTEND,1,26,0,36.00,16.89,1
6706,DECODE,1000,0,1000,960.82,24.79,1
6707,DECODE,1000,0,1000,961.82,24.34,1
6708,DECODE,999,0,999,961.22,24.90,1
6709,EXTEND,1,37,0,45.00,17.13,1
6710,EXTEND,2,118,0,69.00,18.46,1
6711,EXTEND,5,292,0,64.20,24.76,1
6712,DECODE,1000,0,1000,949.62,24.02,1
6713,DECODE,1000,0,1000,950.62,24.23,1
6714,DECODE,1000,0,1000,951.62,24.62,1
6715,DECODE,997,0,997,947.78,24.35,1
6716,EXTEND,3,320,0,113.67,16.15,1
6717,EXTEND,3,266,0,108.00,15.98,1
6718,EXTEND,1,73,0,81.00,15.51,1
6719,DECODE,1000,0,1000,941.15,24.08,1
6720,DECODE,1000,0,1000,942.15,24.00,1
6721,DECODE,999,0,999,941.53,24.17,1
6722,EXTEND,1,52,0,58.00,16.48,1
6723,DECODE,1000,0,1000,941.64,23.85,1
6724,DECODE,1000,0,1000,942.64,23.85,1
6725,DECODE,999,0,999,943.91,24.45,1
6726,EXTEND,1,23,0,39.00,15.73,1
6727,EXTEND,1,47,0,51.00,15.45,1
6728,DECODE,1000,0,1000,943.06,23.91,1
6729,DECODE,1000,0,1000,944.06,24.26,1
6730,DECODE,998,0,998,945.81,25.08,1
6731,EXTEND,2,301,0,156.50,16.94,1
6732,EXTEND,1,46,0,49.00,16.67,1
6733,EXTEND,3,163,0,60.33,16.09,1
6734,DECODE,1000,0,1000,937.34,24.19,1
6735,DECODE,1000,0,1000,938.34,24.23,1
6736,DECODE,996,0,996,937.43,26.06,1
6737,EXTEND,4,226,0,66.25,17.73,1
6738,EXTEND,3,168,0,61.33,16.61,1
6739,EXTEND,3,267,0,95.33,24.51,1
6740,DECODE,1000,0,1000,925.56,24.13,1
6741,DECODE,1000,0,1000,926.56,24.17,1
6742,DECODE,999,0,999,925.93,24.31,1
6743,EXTEND,1,36,0,44.00,17.06,1
6744,EXTEND,4,205,0,62.00,16.77,1
6745,EXTEND,2,149,0,83.50,16.11,1
6746,DECODE,1000,0,1000,919.30,23.89,1
6747,DECODE,1000,0,1000,920.30,23.92,1
6748,DECODE,999,0,999,919.66,23.88,1
6749,EXTEND,1,48,0,52.00,18.02,1
6750,EXTEND,3,697,0,238.00,26.23,1
6751,EXTEND,2,109,0,59.50,16.70,1
6752,DECODE,1000,0,1000,914.22,24.05,1
6753,DECODE,1000,0,1000,915.22,24.44,1
6754,DECODE,999,0,999,914.57,24.10,1
6755,EXTEND,1,121,0,124.00,15.97,1
6756,EXTEND,1,52,0,59.00,16.03,1
6757,EXTEND,1,56,0,60.00,17.02,1
6758,DECODE,1000,0,1000,911.29,25.29,1
6759,DECODE,1000,0,1000,912.29,23.96,1
6760,DECODE,997,0,997,912.64,26.59,1
6761,EXTEND,3,303,0,107.00,18.07,1
6762,EXTEND,7,414,0,66.57,23.32,1
6763,DECODE,996,0,996,891.48,23.67,1
6764,EXTEND,4,373,0,99.00,23.75,1
6765,DECODE,999,0,999,887.64,23.65,1
6766,EXTEND,1,34,0,40.00,15.87,1
6767,DECODE,998,0,998,886.65,23.84,1
6768,EXTEND,2,424,0,216.00,21.14,1
6769,DECODE,997,0,997,883.36,23.87,1
6770,EXTEND,3,472,0,162.33,22.57,1
6771,DECODE,994,0,994,878.10,23.40,1
6772,EXTEND,6,350,0,69.17,22.62,1
6773,DECODE,999,0,999,872.56,23.71,1
6774,EXTEND,1,232,0,236.00,15.99,1
6775,DECODE,1000,0,1000,872.92,23.65,1
6776,DECODE,1000,0,1000,873.92,23.53,1
6777,DECODE,1000,0,1000,874.92,23.46,1
6778,DECODE,999,0,999,874.24,23.87,1
6779,EXTEND,1,40,0,53.00,16.70,1
6780,EXTEND,2,98,0,57.50,16.02,1
6781,DECODE,1000,0,1000,870.23,23.18,1
6782,DECODE,1000,0,1000,871.23,23.29,1
6783,DECODE,998,0,998,870.94,25.33,1
6784,EXTEND,2,445,0,228.50,16.39,1
6785,EXTEND,2,99,0,58.50,15.58,1
6786,EXTEND,1,25,0,33.00,15.37,1
6787,DECODE,1000,0,1000,864.78,23.21,1
6788,DECODE,1000,0,1000,865.78,23.35,1
6789,DECODE,1000,0,1000,866.78,23.27,1
6790,DECODE,1000,0,1000,867.78,23.51,1
6791,DECODE,999,0,999,867.09,23.56,1
6792,EXTEND,1,56,0,64.00,15.94,1
6793,EXTEND,1,36,0,43.00,15.76,1
6794,EXTEND,1,219,0,222.00,16.59,1
6795,DECODE,1000,0,1000,865.57,23.28,1
6796,DECODE,1000,0,1000,866.57,23.29,1
6797,DECODE,997,0,997,865.12,23.55,1
6798,EXTEND,3,362,0,130.33,23.50,1
6799,DECODE,998,0,998,861.88,23.46,1
6800,EXTEND,2,182,0,102.00,15.80,1
6801,DECODE,997,0,997,858.02,23.15,1
6802,EXTEND,3,346,0,123.00,22.90,1
6803,DECODE,999,0,999,855.11,23.39,1
6804,EXTEND,1,74,0,91.00,15.69,1
6805,DECODE,1000,0,1000,855.35,22.92,1
6806,DECODE,1000,0,1000,856.35,23.21,1
6807,DECODE,999,0,999,856.08,23.37,1
6808,EXTEND,1,109,0,112.00,15.95,1
6809,DECODE,995,0,995,857.65,24.18,1
6810,EXTEND,5,527,0,115.20,21.79,1
6811,DECODE,997,0,997,854.11,23.21,1
6812,EXTEND,3,272,0,97.67,17.88,1
6813,DECODE,998,0,998,853.71,23.36,1
6814,EXTEND,2,124,0,67.50,16.67,1
6815,DECODE,998,0,998,853.66,23.24,1
6816,EXTEND,2,91,0,52.50,16.27,1
6817,DECODE,999,0,999,851.35,23.91,1
6818,EXTEND,1,148,0,155.00,16.04,1
6819,DECODE,997,0,997,850.80,23.31,1
6820,EXTEND,3,296,0,109.33,15.91,1
6821,DECODE,1000,0,1000,849.58,23.02,1
6822,DECODE,1000,0,1000,850.58,22.98,1
6823,DECODE,999,0,999,852.20,23.33,1
6824,EXTEND,1,301,0,304.00,16.07,1
6825,DECODE,1000,0,1000,852.65,22.96,1
6826,DECODE,1000,0,1000,853.65,23.06,1
6827,DECODE,999,0,999,855.28,23.25,1
6828,EXTEND,1,411,0,418.00,24.71,1
6829,DECODE,999,0,999,856.41,24.32,1
6830,EXTEND,1,65,0,73.00,15.92,1
6831,DECODE,1000,0,1000,856.62,23.05,1
6832,DECODE,1000,0,1000,857.62,23.13,1
6833,DECODE,999,0,999,857.91,23.56,1
6834,EXTEND,1,35,0,41.00,16.03,1
6835,EXTEND,1,57,0,61.00,15.91,1
6836,DECODE,1000,0,1000,857.76,23.10,1
6837,DECODE,1000,0,1000,858.76,23.16,1
6838,DECODE,1000,0,1000,859.76,23.28,1
6839,DECODE,999,0,999,861.05,23.49,1
6840,EXTEND,1,85,0,91.00,16.32,1
6841,DECODE,999,0,999,860.59,23.29,1
6842,EXTEND,1,50,0,56.00,19.13,1
6843,DECODE,1000,0,1000,860.78,24.07,1
6844,DECODE,1000,0,1000,861.78,24.41,1
6845,DECODE,1000,0,1000,862.78,23.58,1
6846,DECODE,1000,0,1000,863.78,23.38,1
6847,DECODE,998,0,998,865.32,23.66,1
6848,EXTEND,2,199,0,104.50,16.13,1
6849,EXTEND,1,83,0,86.00,15.94,1
6850,EXTEND,1,243,0,247.00,15.98,1
6851,DECODE,1000,0,1000,862.24,23.06,1
6852,DECODE,1000,0,1000,863.24,23.20,1
6853,DECODE,999,0,999,864.51,23.69,1
6854,EXTEND,1,231,0,236.00,16.10,1
6855,EXTEND,1,50,0,61.00,15.71,1
6856,EXTEND,1,254,0,262.00,23.74,1
6857,DECODE,1000,0,1000,864.50,25.11,1
6858,DECODE,1000,0,1000,865.50,23.33,1
6859,DECODE,999,0,999,866.95,23.56,1
6860,EXTEND,1,50,0,57.00,16.25,1
6861,EXTEND,2,110,0,68.00,16.16,1
6862,EXTEND,1,64,0,69.00,16.05,1
6863,DECODE,1000,0,1000,863.40,23.30,1
6864,DECODE,1000,0,1000,864.40,23.06,1
6865,DECODE,1000,0,1000,865.40,23.29,1
6866,DECODE,1000,0,1000,866.40,23.20,1
6867,DECODE,996,0,996,863.59,23.32,1
6868,EXTEND,4,216,0,61.00,16.08,1
6869,DECODE,997,0,997,861.42,23.21,1
6870,EXTEND,3,581,0,201.67,21.84,1
6871,DECODE,1000,0,1000,860.44,23.17,1
6872,DECODE,1000,0,1000,861.44,23.13,1
6873,DECODE,1000,0,1000,862.44,23.13,1
6874,DECODE,999,0,999,862.23,23.47,1
6875,EXTEND,1,334,0,339.00,23.11,1
6876,EXTEND,3,328,0,115.67,23.51,1
6877,EXTEND,1,62,0,70.00,16.73,1
6878,DECODE,1000,0,1000,859.44,23.11,1
6879,DECODE,1000,0,1000,860.44,23.13,1
6880,DECODE,1000,0,1000,861.44,23.17,1
6881,DECODE,999,0,999,861.89,23.45,1
6882,EXTEND,1,63,0,68.00,15.92,1
6883,DECODE,1000,0,1000,862.09,23.30,1
6884,DECODE,1000,0,1000,863.09,23.12,1
6885,DECODE,1000,0,1000,864.09,23.13,1
6886,DECODE,997,0,997,865.86,23.57,1
6887,EXTEND,3,530,0,182.33,27.39,1
6888,DECODE,1000,0,1000,864.81,24.71,1
6889,DECODE,1000,0,1000,865.81,24.04,1
6890,DECODE,1000,0,1000,866.81,23.20,1
6891,DECODE,1000,0,1000,867.81,23.77,1
6892,DECODE,999,0,999,868.63,23.56,1
6893,EXTEND,1,242,0,247.00,16.37,1
6894,EXTEND,1,46,0,54.00,17.39,1
6895,EXTEND,1,65,0,76.00,18.00,1
6896,DECODE,1000,0,1000,867.84,23.68,1
6897,DECODE,1000,0,1000,868.84,23.36,1
6898,DECODE,999,0,999,869.99,23.54,1
6899,EXTEND,1,27,0,33.00,16.07,1
6900,EXTEND,1,76,0,82.00,15.91,1
6901,EXTEND,2,126,0,69.50,15.94,1
6902,DECODE,1000,0,1000,865.99,23.21,1
6903,DECODE,1000,0,1000,866.99,23.33,1
6904,DECODE,999,0,999,868.54,23.70,1
6905,EXTEND,1,210,0,214.00,16.78,1
6906,EXTEND,2,374,0,197.50,15.98,1
6907,DECODE,1000,0,1000,868.12,23.17,1
6908,DECODE,1000,0,1000,869.12,23.20,1
6909,DECODE,999,0,999,869.51,23.51,1
6910,EXTEND,1,42,0,47.00,15.70,1
6911,DECODE,999,0,999,870.39,23.44,1
6912,EXTEND,1,59,0,63.00,15.92,1
6913,DECODE,1000,0,1000,870.59,23.28,1
6914,DECODE,1000,0,1000,871.59,23.32,1
6915,DECODE,1000,0,1000,872.59,23.41,1
6916,DECODE,999,0,999,873.34,23.55,1
6917,EXTEND,1,43,0,66.00,16.01,1
6918,EXTEND,1,27,0,34.00,15.56,1
6919,EXTEND,1,98,0,105.00,15.61,1
6920,DECODE,1000,0,1000,871.70,24.17,1
6921,DECODE,1000,0,1000,872.70,23.47,1
6922,DECODE,1000,0,1000,873.70,23.48,1
6923,DECODE,999,0,999,875.26,23.63,1
6924,EXTEND,1,64,0,69.00,15.81,1
6925,EXTEND,1,271,0,275.00,15.80,1
6926,DECODE,1000,0,1000,874.72,23.15,1
6927,DECODE,1000,0,1000,875.72,23.24,1
6928,DECODE,998,0,998,877.30,23.68,1
6929,EXTEND,2,167,0,90.00,16.23,1
6930,EXTEND,2,330,0,172.50,16.46,1
6931,EXTEND,2,329,0,170.50,15.75,1
6932,DECODE,1000,0,1000,874.25,23.20,1
6933,DECODE,1000,0,1000,875.25,23.18,1
6934,DECODE,997,0,997,877.09,23.67,1
6935,EXTEND,3,218,0,77.33,26.53,1
6936,EXTEND,2,98,0,53.50,15.62,1
6937,DECODE,1000,0,1000,872.92,23.13,1
6938,DECODE,1000,0,1000,873.92,23.41,1
6939,DECODE,1000,0,1000,874.92,25.78,1
6940,DECODE,999,0,999,875.61,23.81,1
6941,EXTEND,1,281,0,285.00,18.31,1
6942,DECODE,999,0,999,876.17,23.66,1
6943,EXTEND,1,336,0,344.00,16.83,1
6944,DECODE,999,0,999,876.12,23.76,1
6945,EXTEND,1,61,0,66.00,17.92,1
6946,DECODE,998,0,998,876.97,23.85,1
6947,EXTEND,2,240,0,127.00,16.83,1
6948,DECODE,999,0,999,876.31,26.32,1
6949,EXTEND,1,223,0,232.00,16.68,1
6950,DECODE,999,0,999,876.72,23.77,1
6951,EXTEND,1,62,0,70.00,16.24,1
6952,DECODE,999,0,999,875.23,23.43,1
6953,EXTEND,1,59,0,64.00,15.50,1
6954,DECODE,1000,0,1000,875.42,23.27,1
6955,DECODE,1000,0,1000,876.42,23.45,1
6956,DECODE,997,0,997,877.98,23.49,1
6957,EXTEND,3,200,0,72.33,16.24,1
6958,DECODE,1000,0,1000,876.56,23.16,1
6959,DECODE,1000,0,1000,877.56,23.30,1
6960,DECODE,1000,0,1000,878.56,23.32,1
6961,DECODE,999,0,999,879.50,23.42,1
6962,EXTEND,1,26,0,33.00,16.63,1
6963,DECODE,1000,0,1000,879.65,23.26,1
6964,DECODE,1000,0,1000,880.65,23.41,1
6965,DECODE,1000,0,1000,881.65,23.42,1
6966,DECODE,999,0,999,881.98,23.56,1
6967,EXTEND,1,90,0,94.00,15.85,1
6968,EXTEND,1,40,0,45.00,15.93,1
6969,EXTEND,1,94,0,98.00,15.66,1
6970,DECODE,1000,0,1000,880.67,23.45,1
6971,DECODE,1000,0,1000,881.67,23.43,1
6972,DECODE,999,0,999,880.99,23.68,1
6973,EXTEND,1,56,0,61.00,16.69,1
6974,DECODE,998,0,998,882.13,23.45,1
6975,EXTEND,2,104,0,57.50,16.15,1
6976,DECODE,1000,0,1000,881.48,23.25,1
6977,DECODE,1000,0,1000,882.48,23.38,1
6978,DECODE,999,0,999,881.80,23.60,1
6979,EXTEND,1,80,0,85.00,15.80,1
6980,EXTEND,2,177,0,93.50,15.89,1
6981,EXTEND,1,72,0,80.00,15.52,1
6982,DECODE,1000,0,1000,881.12,23.54,1
6983,DECODE,1000,0,1000,882.12,23.47,1
6984,DECODE,1000,0,1000,883.12,23.70,1
6985,DECODE,998,0,998,884.25,23.52,1
6986,EXTEND,2,182,0,96.00,15.81,1
6987,EXTEND,2,105,0,58.00,15.66,1
6988,EXTEND,2,322,0,167.00,22.41,1
6989,DECODE,1000,0,1000,881.96,23.33,1
6990,DECODE,1000,0,1000,882.96,23.59,1
6991,DECODE,1000,0,1000,883.96,23.70,1
6992,DECODE,1000,0,1000,884.96,23.60,1
6993,DECODE,1000,0,1000,885.96,23.58,1
6994,DECODE,1000,0,1000,886.96,23.74,1
6995,DECODE,1000,0,1000,887.96,23.69,1
6996,DECODE,998,0,998,888.18,23.92,1
6997,EXTEND,2,333,0,173.00,22.59,1
6998,DECODE,999,0,999,888.17,23.65,1
6999,EXTEND,1,58,0,67.00,15.56,1
7000,DECODE,1000,0,1000,888.35,23.42,1
7001,DECODE,1000,0,1000,889.35,23.62,1
7002,DECODE,999,0,999,891.02,24.02,1
7003,EXTEND,1,53,0,58.00,16.14,1
7004,DECODE,998,0,998,890.09,23.69,1
7005,EXTEND,2,236,0,125.00,15.93,1
7006,DECODE,1000,0,1000,889.56,23.47,1
7007,DECODE,1000,0,1000,890.56,23.78,1
7008,DECODE,998,0,998,889.80,23.83,1
7009,EXTEND,2,296,0,154.50,15.79,1
7010,DECODE,999,0,999,889.80,23.64,1
7011,EXTEND,1,38,0,45.00,15.74,1
7012,DECODE,1000,0,1000,889.96,23.68,1
7013,DECODE,1000,0,1000,890.96,23.65,1
7014,DECODE,999,0,999,892.26,23.88,1
7015,EXTEND,1,116,0,120.00,16.99,1
7016,DECODE,1000,0,1000,892.49,23.71,1
7017,DECODE,1000,0,1000,893.49,23.62,1
7018,DECODE,1000,0,1000,894.49,25.59,1
7019,DECODE,999,0,999,893.82,24.17,1
7020,EXTEND,1,141,0,145.00,15.98,1
7021,EXTEND,1,377,0,381.00,23.85,1
7022,EXTEND,4,466,0,121.75,23.78,1
7023,DECODE,1000,0,1000,890.47,23.77,1
7024,DECODE,1000,0,1000,891.47,23.93,1
7025,DECODE,998,0,998,891.75,23.92,1
7026,EXTEND,2,173,0,90.50,15.79,1
7027,EXTEND,2,142,0,75.50,16.92,1
7028,EXTEND,2,93,0,61.00,15.49,1
7029,DECODE,1000,0,1000,889.24,23.58,1
7030,DECODE,1000,0,1000,890.24,23.66,1
7031,DECODE,999,0,999,890.68,24.05,1
7032,EXTEND,1,97,0,101.00,17.49,1
7033,EXTEND,4,331,0,90.50,15.86,1
7034,EXTEND,1,49,0,56.00,16.05,1
7035,DECODE,1000,0,1000,884.65,23.35,1
7036,DECODE,1000,0,1000,885.65,23.46,1
7037,DECODE,1000,0,1000,886.65,23.69,1
7038,DECODE,999,0,999,885.98,23.95,1
7039,EXTEND,1,69,0,80.00,16.06,1
7040,DECODE,998,0,998,887.27,23.54,1
7041,EXTEND,2,83,0,49.00,16.82,1
7042,DECODE,998,0,998,884.55,23.76,1
7043,EXTEND,2,98,0,55.50,16.47,1
7044,DECODE,999,0,999,884.11,23.47,1
7045,EXTEND,1,67,0,74.00,16.26,1
7046,DECODE,999,0,999,882.62,23.60,1
7047,EXTEND,1,88,0,93.00,15.81,1
7048,DECODE,998,0,998,882.34,23.48,1
7049,EXTEND,2,165,0,88.00,15.91,1
7050,DECODE,1000,0,1000,881.75,23.30,1
7051,DECODE,1000,0,1000,882.75,23.29,1
7052,DECODE,999,0,999,883.79,23.76,1
7053,EXTEND,1,67,0,71.00,15.72,1
7054,EXTEND,1,112,0,116.00,15.60,1
7055,DECODE,1000,0,1000,883.65,23.26,1
7056,DECODE,1000,0,1000,884.65,23.45,1
7057,DECODE,999,0,999,886.07,23.69,1
7058,EXTEND,1,296,0,302.00,17.02,1
7059,EXTEND,4,481,0,126.50,22.02,1
7060,DECODE,1000,0,1000,882.68,23.52,1
7061,DECODE,1000,0,1000,883.68,23.34,1
7062,DECODE,999,0,999,884.23,23.79,1
7063,EXTEND,1,35,0,41.00,15.88,1
7064,DECODE,998,0,998,883.21,23.89,1
7065,EXTEND,2,87,0,54.00,15.83,1
7066,DECODE,998,0,998,881.52,23.87,1
7067,EXTEND,2,135,0,74.50,16.76,1
7068,DECODE,1000,0,1000,880.90,23.68,1
7069,DECODE,1000,0,1000,881.90,23.58,1
7070,DECODE,999,0,999,881.22,23.91,1
7071,EXTEND,1,118,0,123.00,16.12,1
7072,EXTEND,1,162,0,168.00,16.24,1
7073,EXTEND,3,150,0,56.67,15.77,1
7074,DECODE,1000,0,1000,875.87,23.71,1
7075,DECODE,1000,0,1000,876.87,23.20,1
7076,DECODE,999,0,999,878.25,23.79,1
7077,EXTEND,1,62,0,66.00,16.23,1
7078,EXTEND,1,44,0,49.00,15.77,1
7079,EXTEND,1,118,0,122.00,16.86,1
7080,DECODE,1000,0,1000,875.74,23.46,1
7081,DECODE,1000,0,1000,876.74,23.43,1
7082,DECODE,999,0,999,877.90,25.06,1
7083,EXTEND,1,89,0,95.00,16.36,1
7084,EXTEND,2,134,0,73.50,16.00,1
7085,EXTEND,1,63,0,68.00,16.66,1
7086,DECODE,1000,0,1000,872.62,23.13,1
7087,DECODE,1000,0,1000,873.62,25.56,1
7088,DECODE,999,0,999,874.81,23.49,1
7089,EXTEND,1,291,0,298.00,15.99,1
7090,EXTEND,2,268,0,140.00,24.49,1
7091,DECODE,1000,0,1000,872.40,23.33,1
7092,DECODE,1000,0,1000,873.40,23.66,1
7093,DECODE,1000,0,1000,874.40,23.60,1
7094,DECODE,999,0,999,876.00,23.49,1
7095,EXTEND,1,48,0,53.00,15.75,1
7096,DECODE,998,0,998,875.98,23.48,1
7097,EXTEND,2,265,0,140.00,24.79,1
7098,DECODE,998,0,998,872.13,23.50,1
7099,EXTEND,2,260,0,138.00,16.27,1
7100,DECODE,1000,0,1000,871.66,23.22,1
7101,DECODE,1000,0,1000,872.66,23.96,1
7102,DECODE,997,0,997,870.64,23.42,1
7103,EXTEND,3,433,0,152.00,21.56,1
7104,EXTEND,5,246,0,59.00,15.82,1
7105,DECODE,1000,0,1000,865.87,23.10,1
7106,DECODE,1000,0,1000,866.87,23.06,1
7107,DECODE,1000,0,1000,867.87,23.29,1
7108,DECODE,999,0,999,867.17,23.32,1
7109,EXTEND,1,28,0,33.00,15.95,1
7110,EXTEND,1,79,0,82.00,15.61,1
7111,EXTEND,1,94,0,105.00,15.46,1
7112,DECODE,1000,0,1000,866.13,23.13,1
7113,DECODE,1000,0,1000,867.13,23.03,1
7114,DECODE,999,0,999,868.78,23.66,1
7115,EXTEND,1,54,0,60.00,16.29,1
7116,DECODE,999,0,999,869.53,23.49,1
7117,EXTEND,1,157,0,166.00,15.67,1
7118,DECODE,999,0,999,870.36,23.29,1
7119,EXTEND,1,63,0,69.00,15.82,1
7120,DECODE,997,0,997,868.69,23.32,1
7121,EXTEND,3,257,0,91.00,15.86,1
7122,DECODE,998,0,998,866.15,23.27,1
7123,EXTEND,2,108,0,62.00,15.96,1
7124,DECODE,998,0,998,863.19,23.30,1
7125,EXTEND,2,328,0,174.00,16.96,1
7126,DECODE,1000,0,1000,862.81,23.36,1
7127,DECODE,1000,0,1000,863.81,23.16,1
7128,DECODE,999,0,999,864.96,23.40,1
7129,EXTEND,1,85,0,92.00,16.15,1
7130,DECODE,997,0,997,863.47,23.34,1
7131,EXTEND,3,195,0,69.33,15.87,1
7132,DECODE,1000,0,1000,862.09,23.09,1
7133,DECODE,1000,0,1000,863.09,23.11,1
7134,DECODE,999,0,999,864.09,23.53,1
7135,EXTEND,1,67,0,76.00,16.12,1
7136,DECODE,1000,0,1000,864.30,23.36,1
7137,DECODE,1000,0,1000,865.30,23.41,1
7138,DECODE,999,0,999,866.79,23.42,1
7139,EXTEND,1,181,0,186.00,16.23,1
7140,EXTEND,2,73,0,46.00,15.64,1
7141,DECODE,1000,0,1000,862.92,23.06,1
7142,DECODE,1000,0,1000,863.92,23.05,1
7143,DECODE,1000,0,1000,864.92,23.12,1
7144,DECODE,1000,0,1000,865.92,23.13,1
7145,DECODE,1000,0,1000,866.92,23.16,1
7146,DECODE,999,0,999,868.30,23.53,1
7147,EXTEND,1,66,0,72.00,15.76,1
7148,DECODE,996,0,996,868.71,23.15,1
7149,EXTEND,4,611,0,157.25,23.31,1
7150,DECODE,998,0,998,865.65,23.30,1
7151,EXTEND,2,319,0,164.00,23.27,1
7152,DECODE,999,0,999,865.67,23.40,1
7153,EXTEND,1,99,0,102.00,15.90,1
7154,DECODE,1000,0,1000,865.90,23.15,1
7155,DECODE,1000,0,1000,866.90,23.18,1
7156,DECODE,1000,0,1000,867.90,23.29,1
7157,DECODE,995,0,995,864.72,23.40,1
7158,EXTEND,5,310,0,71.40,15.96,1
7159,EXTEND,1,220,0,224.00,16.76,1
7160,DECODE,1000,0,1000,861.60,23.13,1
7161,DECODE,1000,0,1000,862.60,23.37,1
7162,DECODE,1000,0,1000,863.60,23.27,1
7163,DECODE,998,0,998,864.47,23.62,1
7164,EXTEND,2,329,0,169.50,16.18,1
7165,EXTEND,1,78,0,86.00,15.62,1
7166,DECODE,1000,0,1000,861.60,23.07,1
7167,DECODE,1000,0,1000,862.60,23.11,1
7168,DECODE,1000,0,1000,863.60,23.23,1
7169,DECODE,999,0,999,864.87,23.42,1
7170,EXTEND,1,77,0,82.00,16.69,1
7171,EXTEND,2,294,0,152.00,16.09,1
7172,EXTEND,1,35,0,40.00,15.73,1
7173,DECODE,1000,0,1000,860.86,24.74,1
7174,DECODE,1000,0,1000,861.86,23.67,1
7175,DECODE,1000,0,1000,862.86,23.52,1
7176,DECODE,999,0,999,864.01,23.37,1
7177,EXTEND,1,75,0,78.00,16.18,1
7178,EXTEND,1,276,0,280.00,15.80,1
7179,EXTEND,1,55,0,62.00,15.59,1
7180,DECODE,1000,0,1000,863.00,23.18,1
7181,DECODE,1000,0,1000,864.00,23.17,1
7182,DECODE,999,0,999,865.18,23.97,1
7183,EXTEND,1,66,0,71.00,16.07,1
7184,DECODE,998,0,998,866.30,23.25,1
7185,EXTEND,2,101,0,60.00,15.84,1
7186,DECODE,998,0,998,866.01,23.49,1
7187,EXTEND,2,408,0,211.50,21.85,1
7188,DECODE,998,0,998,864.27,23.30,1
7189,EXTEND,2,95,0,52.00,15.77,1
7190,DECODE,999,0,999,864.07,23.37,1
7191,EXTEND,1,45,0,49.00,15.95,1
7192,DECODE,998,0,998,864.95,23.31,1
7193,EXTEND,2,194,0,101.50,16.26,1
7194,DECODE,1000,0,1000,864.42,23.24,1
7195,DECODE,1000,0,1000,865.42,23.18,1
7196,DECODE,999,0,999,866.80,23.42,1
7197,EXTEND,1,72,0,76.00,17.22,1
7198,EXTEND,2,124,0,68.50,16.16,1
7199,EXTEND,2,462,0,235.50,22.49,1
7200,DECODE,1000,0,1000,864.93,23.15,1
7201,DECODE,1000,0,1000,865.93,23.24,1
7202,DECODE,995,0,995,866.13,23.48,1
7203,EXTEND,5,649,0,135.80,24.54,1
7204,EXTEND,3,178,0,64.33,15.99,1
7205,DECODE,1000,0,1000,856.61,23.11,1
7206,DECODE,1000,0,1000,857.61,23.12,1
7207,DECODE,999,0,999,858.99,23.49,1
7208,EXTEND,1,62,0,67.00,16.13,1
7209,DECODE,999,0,999,859.55,23.30,1
7210,EXTEND,1,108,0,115.00,16.25,1
7211,DECODE,999,0,999,859.08,23.22,1
7212,EXTEND,1,69,0,76.00,16.11,1
7213,DECODE,999,0,999,858.96,23.26,1
7214,EXTEND,1,66,0,70.00,16.78,1
7215,DECODE,999,0,999,857.47,23.20,1
7216,EXTEND,1,51,0,60.00,16.18,1
7217,DECODE,1000,0,1000,857.67,23.02,1
7218,DECODE,1000,0,1000,858.67,23.04,1
7219,DECODE,1000,0,1000,859.67,23.17,1
7220,DECODE,997,0,997,858.19,23.31,1
7221,EXTEND,3,163,0,61.00,15.90,1
7222,EXTEND,1,56,0,62.00,15.71,1
7223,EXTEND,1,35,0,40.00,15.70,1
7224,DECODE,1000,0,1000,855.66,22.99,1
7225,DECODE,1000,0,1000,856.66,23.05,1
7226,DECODE,1000,0,1000,857.66,23.18,1
7227,DECODE,1000,0,1000,858.66,23.27,1
7228,DECODE,996,0,996,857.36,23.05,1
7229,EXTEND,4,435,0,114.00,21.29,1
7230,EXTEND,1,45,0,49.00,16.09,1
7231,EXTEND,1,126,0,130.00,15.86,1
7232,DECODE,1000,0,1000,854.19,22.97,1
7233,DECODE,1000,0,1000,855.19,23.01,1
7234,DECODE,998,0,998,856.22,23.26,1
7235,EXTEND,2,164,0,87.50,16.14,1
7236,EXTEND,1,63,0,68.00,15.82,1
7237,EXTEND,1,101,0,104.00,15.99,1
7238,DECODE,1000,0,1000,854.90,23.21,1
7239,DECODE,1000,0,1000,855.90,24.50,1
7240,DECODE,999,0,999,855.19,23.15,1
7241,EXTEND,1,63,0,68.00,16.01,1
7242,DECODE,999,0,999,855.87,23.13,1
7243,EXTEND,1,44,0,53.00,15.73,1
7244,DECODE,1000,0,1000,856.06,22.94,1
7245,DECODE,1000,0,1000,857.06,23.05,1
7246,DECODE,999,0,999,858.51,24.83,1
7247,EXTEND,1,74,0,89.00,16.54,1
7248,EXTEND,3,373,0,131.00,16.22,1
7249,EXTEND,1,292,0,307.00,15.68,1
7250,DECODE,1000,0,1000,856.54,23.10,1
7251,DECODE,1000,0,1000,857.54,23.10,1
7252,DECODE,999,0,999,856.84,23.44,1
7253,EXTEND,1,41,0,45.00,17.94,1
7254,DECODE,999,0,999,856.38,23.93,1
7255,EXTEND,1,93,0,102.00,16.03,1
7256,DECODE,1000,0,1000,856.63,22.96,1
7257,DECODE,1000,0,1000,857.63,23.01,1
7258,DECODE,999,0,999,858.38,23.37,1
7259,EXTEND,1,33,0,40.00,15.93,1
7260,EXTEND,2,334,0,171.50,16.12,1
7261,DECODE,1000,0,1000,855.77,22.97,1
7262,DECODE,1000,0,1000,856.77,23.03,1
7263,DECODE,1000,0,1000,857.77,23.38,1
7264,DECODE,1000,0,1000,858.77,23.37,1
7265,DECODE,1000,0,1000,859.77,23.27,1
7266,DECODE,999,0,999,859.07,23.27,1
7267,EXTEND,1,53,0,62.00,15.99,1
7268,DECODE,998,0,998,857.61,23.25,1
7269,EXTEND,2,416,0,213.50,15.90,1
7270,DECODE,999,0,999,857.88,23.20,1
7271,EXTEND,1,200,0,206.00,15.95,1
7272,DECODE,999,0,999,857.65,23.25,1
7273,EXTEND,1,104,0,108.00,15.89,1
7274,DECODE,1000,0,1000,857.90,23.17,1
7275,DECODE,1000,0,1000,858.90,23.13,1
7276,DECODE,1000,0,1000,859.90,23.16,1
7277,DECODE,998,0,998,861.26,23.39,1
7278,EXTEND,2,180,0,96.50,16.29,1
7279,DECODE,1000,0,1000,860.73,23.04,1
7280,DECODE,1000,0,1000,861.73,23.03,1
7281,DECODE,998,0,998,862.24,23.31,1
7282,EXTEND,2,245,0,130.00,16.16,1
7283,EXTEND,1,42,0,47.00,15.66,1
7284,EXTEND,2,320,0,167.00,15.71,1
7285,DECODE,1000,0,1000,859.81,23.03,1
7286,DECODE,1000,0,1000,860.81,23.12,1
7287,DECODE,999,0,999,860.11,23.56,1
7288,EXTEND,1,172,0,179.00,16.07,1
7289,EXTEND,1,50,0,58.00,15.65,1
7290,EXTEND,2,193,0,101.00,15.65,1
7291,DECODE,1000,0,1000,858.98,23.15,1
7292,DECODE,1000,0,1000,859.98,23.35,1
7293,DECODE,1000,0,1000,860.98,23.37,1
7294,DECODE,998,0,998,862.70,23.41,1
7295,EXTEND,2,150,0,78.00,15.95,1
7296,DECODE,999,0,999,861.42,23.20,1
7297,EXTEND,1,45,0,50.00,16.05,1
7298,DECODE,1000,0,1000,861.60,23.06,1
7299,DECODE,1000,0,1000,862.60,23.17,1
7300,DECODE,999,0,999,863.84,23.32,1
7301,EXTEND,1,55,0,61.00,17.56,1
7302,EXTEND,2,103,0,57.00,16.55,1
7303,EXTEND,1,54,0,69.00,15.60,1
7304,DECODE,1000,0,1000,860.24,23.06,1
7305,DECODE,1000,0,1000,861.24,23.01,1
7306,DECODE,999,0,999,862.62,23.27,1
7307,EXTEND,1,74,0,77.00,16.80,1
7308,EXTEND,1,43,0,47.00,15.83,1
7309,EXTEND,2,126,0,69.00,16.14,1
7310,DECODE,1000,0,1000,859.76,23.49,1
7311,DECODE,1000,0,1000,860.76,23.26,1
7312,DECODE,999,0,999,862.17,23.23,1
7313,EXTEND,1,71,0,74.00,16.06,1
7314,EXTEND,1,38,0,61.00,15.75,1
7315,DECODE,1000,0,1000,861.17,22.94,1
7316,DECODE,1000,0,1000,862.17,23.02,1
7317,DECODE,999,0,999,863.65,23.34,1
7318,EXTEND,1,38,0,45.00,16.19,1
7319,DECODE,998,0,998,864.68,23.21,1
7320,EXTEND,2,113,0,65.50,16.66,1
7321,DECODE,1000,0,1000,864.08,23.13,1
7322,DECODE,1000,0,1000,865.08,23.17,1
7323,DECODE,1000,0,1000,866.08,23.24,1
7324,DECODE,999,0,999,867.52,23.45,1
7325,EXTEND,1,369,0,374.00,16.10,1
7326,DECODE,1000,0,1000,868.03,23.14,1
7327,DECODE,1000,0,1000,869.03,23.27,1
7328,DECODE,1000,0,1000,870.03,23.41,1
7329,DECODE,999,0,999,869.34,23.45,1
7330,EXTEND,1,50,0,56.00,15.92,1
7331,EXTEND,1,87,0,92.00,16.12,1
7332,DECODE,1000,0,1000,868.94,23.18,1
7333,DECODE,1000,0,1000,869.94,23.22,1
7334,DECODE,997,0,997,868.79,23.38,1
7335,EXTEND,3,203,0,74.00,23.31,1
7336,EXTEND,1,160,0,167.00,16.01,1
7337,DECODE,1000,0,1000,867.14,23.20,1
7338,DECODE,1000,0,1000,868.14,23.24,1
7339,DECODE,1000,0,1000,869.14,23.37,1
7340,DECODE,997,0,997,866.82,23.38,1
7341,EXTEND,3,178,0,64.00,16.32,1
7342,EXTEND,1,25,0,32.00,15.98,1
7343,EXTEND,2,349,0,181.00,22.83,1
7344,DECODE,1000,0,1000,864.29,23.41,1
7345,DECODE,1000,0,1000,865.29,23.12,1
7346,DECODE,997,0,997,864.42,23.30,1
7347,EXTEND,3,464,0,161.33,16.20,1
7348,EXTEND,1,109,0,115.00,15.93,1
7349,EXTEND,1,87,0,91.00,15.79,1
7350,DECODE,1000,0,1000,862.43,23.04,1
7351,DECODE,1000,0,1000,863.43,23.03,1
7352,DECODE,1000,0,1000,864.43,23.94,1
7353,DECODE,999,0,999,865.88,23.63,1
7354,EXTEND,1,80,0,87.00,15.81,1
7355,EXTEND,2,328,0,170.00,16.42,1
7356,EXTEND,1,97,0,101.00,16.10,1
7357,DECODE,1000,0,1000,862.79,23.32,1
7358,DECODE,1000,0,1000,863.79,27.54,1
7359,DECODE,999,0,999,865.12,23.62,1
7360,EXTEND,1,92,0,105.00,17.75,1
7361,DECODE,1000,0,1000,865.36,23.11,1
7362,DECODE,1000,0,1000,866.36,23.68,1
7363,DECODE,1000,0,1000,867.36,23.49,1
7364,DECODE,999,0,999,867.45,23.52,1
7365,EXTEND,1,188,0,194.00,16.17,1
7366,EXTEND,1,108,0,111.00,15.81,1
7367,EXTEND,1,202,0,206.00,15.68,1
7368,DECODE,1000,0,1000,866.07,23.19,1
7369,DECODE,1000,0,1000,867.07,23.30,1
7370,DECODE,999,0,999,866.43,23.55,1
7371,EXTEND,1,59,0,65.00,16.91,1
7372,DECODE,1000,0,1000,866.62,23.12,1
7373,DECODE,1000,0,1000,867.62,23.20,1
7374,DECODE,1000,0,1000,868.62,23.48,1
7375,DECODE,1000,0,1000,869.62,23.50,1
7376,DECODE,998,0,998,867.67,24.16,1
7377,EXTEND,2,219,0,116.50,17.22,1
7378,EXTEND,2,172,0,90.50,15.86,1
7379,EXTEND,2,51,0,34.00,15.49,1
7380,DECODE,1000,0,1000,863.35,23.04,1
7381,DECODE,1000,0,1000,864.35,23.15,1
7382,DECODE,998,0,998,862.06,23.42,1
7383,EXTEND,2,132,0,71.00,16.15,1
7384,DECODE,1000,0,1000,861.47,22.98,1
7385,DECODE,1000,0,1000,862.47,23.11,1
7386,DECODE,1000,0,1000,863.47,23.19,1
7387,DECODE,999,0,999,863.41,23.50,1
7388,EXTEND,1,70,0,73.00,15.77,1
7389,DECODE,998,0,998,861.36,23.10,1
7390,EXTEND,2,142,0,78.00,15.59,1
7391,DECODE,998,0,998,857.39,23.20,1
7392,EXTEND,2,342,0,179.00,22.33,1
7393,DECODE,1000,0,1000,857.03,22.94,1
7394,DECODE,1000,0,1000,858.03,23.12,1
7395,DECODE,999,0,999,859.43,23.37,1
7396,EXTEND,1,80,0,84.00,17.70,1
7397,DECODE,1000,0,1000,859.65,23.85,1
7398,DECODE,1000,0,1000,860.65,23.18,1
7399,DECODE,1000,0,1000,861.65,23.65,1
7400,DECODE,997,0,997,859.61,23.42,1
7401,EXTEND,3,407,0,142.00,21.91,1
7402,EXTEND,1,94,0,99.00,16.23,1
7403,EXTEND,2,566,0,289.50,22.08,1
7404,DECODE,1000,0,1000,857.60,23.22,1
7405,DECODE,1000,0,1000,858.60,23.21,1
7406,DECODE,1000,0,1000,859.60,23.40,1
7407,DECODE,1000,0,1000,860.60,23.50,1
7408,DECODE,999,0,999,862.14,23.74,1
7409,EXTEND,1,247,0,252.00,16.99,1
7410,EXTEND,1,65,0,72.00,15.58,1
7411,EXTEND,2,162,0,84.50,15.66,1
7412,DECODE,1000,0,1000,861.33,24.32,1
7413,DECODE,1000,0,1000,862.33,23.21,1
7414,DECODE,999,0,999,863.17,23.51,1
7415,EXTEND,1,53,0,59.00,16.17,1
7416,EXTEND,3,285,0,102.33,16.12,1
7417,DECODE,1000,0,1000,860.26,23.06,1
7418,DECODE,1000,0,1000,861.26,23.33,1
7419,DECODE,1000,0,1000,862.26,23.19,1
7420,DECODE,1000,0,1000,863.26,23.19,1
7421,DECODE,999,0,999,862.57,23.28,1
7422,EXTEND,1,79,0,84.00,15.81,1
7423,EXTEND,1,94,0,102.00,15.38,1
7424,DECODE,1000,0,1000,862.19,23.03,1
7425,DECODE,1000,0,1000,863.19,23.22,1
7426,DECODE,1000,0,1000,864.19,23.45,1
7427,DECODE,1000,0,1000,865.19,23.45,1
7428,DECODE,999,0,999,865.73,23.39,1
7429,EXTEND,1,66,0,98.00,16.16,1
7430,EXTEND,1,60,0,64.00,15.57,1
7431,EXTEND,1,67,0,71.00,15.51,1
7432,DECODE,1000,0,1000,864.36,23.11,1
7433,DECODE,1000,0,1000,865.36,23.05,1
7434,DECODE,999,0,999,866.96,23.54,1
7435,EXTEND,1,87,0,97.00,16.26,1
7436,EXTEND,3,558,0,192.33,22.77,1
7437,EXTEND,1,71,0,77.00,16.46,1
7438,DECODE,1000,0,1000,864.20,23.79,1
7439,DECODE,1000,0,1000,865.20,23.27,1
7440,DECODE,1000,0,1000,866.20,23.26,1
7441,DECODE,998,0,998,868.21,23.57,1
7442,EXTEND,2,231,0,123.00,17.29,1
7443,EXTEND,1,236,0,243.00,15.89,1
7444,DECODE,1000,0,1000,867.59,23.16,1
7445,DECODE,1000,0,1000,868.59,23.37,1
7446,DECODE,999,0,999,867.90,23.81,1
7447,EXTEND,1,69,0,72.00,16.70,1
7448,EXTEND,1,43,0,50.00,15.81,1
7449,EXTEND,1,65,0,69.00,15.72,1
7450,DECODE,1000,0,1000,867.09,23.14,1
7451,DECODE,1000,0,1000,868.09,23.33,1
7452,DECODE,999,0,999,867.39,23.56,1
7453,EXTEND,1,44,0,49.00,15.83,1
7454,DECODE,998,0,998,867.56,23.41,1
7455,EXTEND,2,315,0,164.00,16.16,1
7456,DECODE,999,0,999,867.68,23.29,1
7457,EXTEND,1,62,0,73.00,15.72,1
7458,DECODE,999,0,999,867.99,23.31,1
7459,EXTEND,1,54,0,60.00,15.63,1
7460,DECODE,1000,0,1000,868.18,23.19,1
7461,DECODE,1000,0,1000,869.18,23.19,1
7462,DECODE,997,0,997,871.68,23.67,1
7463,EXTEND,3,201,0,72.33,16.08,1
7464,EXTEND,1,59,0,66.00,16.21,1
7465,EXTEND,7,1280,0,189.29,29.09,1
7466,DECODE,1000,0,1000,861.45,23.10,1
7467,DECODE,1000,0,1000,862.45,23.11,1
7468,DECODE,998,0,998,862.25,23.55,1
7469,EXTEND,2,300,0,158.00,23.37,1
7470,EXTEND,1,50,0,59.00,15.83,1
7471,EXTEND,2,208,0,112.00,15.68,1
7472,DECODE,1000,0,1000,858.00,23.01,1
7473,DECODE,1000,0,1000,859.00,23.14,1
7474,DECODE,1000,0,1000,860.00,23.04,1
7475,DECODE,999,0,999,861.49,23.49,1
7476,EXTEND,1,214,0,223.00,15.84,1
7477,DECODE,1000,0,1000,861.85,23.07,1
7478,DECODE,1000,0,1000,862.85,23.10,1
7479,DECODE,999,0,999,863.67,23.62,1
7480,EXTEND,1,59,0,63.00,16.30,1
7481,EXTEND,3,491,0,170.00,21.88,1
7482,DECODE,1000,0,1000,858.17,23.44,1
7483,DECODE,1000,0,1000,859.17,23.17,1
7484,DECODE,999,0,999,860.22,23.69,1
7485,EXTEND,1,74,0,77.00,15.74,1
7486,DECODE,999,0,999,860.52,23.64,1
7487,EXTEND,1,209,0,215.00,15.93,1
7488,DECODE,998,0,998,861.80,23.36,1
7489,EXTEND,2,105,0,62.00,16.92,1
7490,DECODE,999,0,999,859.65,23.71,1
7491,EXTEND,1,292,0,300.00,16.35,1
7492,DECODE,1000,0,1000,860.10,23.19,1
7493,DECODE,1000,0,1000,861.10,23.27,1
7494,DECODE,999,0,999,860.39,23.55,1
7495,EXTEND,1,57,0,62.00,16.07,1
7496,DECODE,999,0,999,860.84,23.32,1
7497,EXTEND,1,456,0,460.00,21.05,1
7498,DECODE,999,0,999,861.87,23.39,1
7499,EXTEND,1,40,0,49.00,15.90,1
7500,DECODE,998,0,998,861.32,24.17,1
7501,EXTEND,2,124,0,70.00,16.67,1
7502,DECODE,996,0,996,859.30,23.10,1
7503,EXTEND,4,254,0,69.75,15.94,1
7504,DECODE,998,0,998,855.43,23.11,1
7505,EXTEND,2,91,0,53.50,15.77,1
7506,DECODE,1000,0,1000,854.83,23.01,1
7507,DECODE,1000,0,1000,855.83,23.04,1
7508,DECODE,1000,0,1000,856.83,23.14,1
7509,DECODE,999,0,999,857.66,23.27,1
7510,EXTEND,1,60,0,64.00,15.93,1
7511,DECODE,999,0,999,858.40,23.95,1
7512,EXTEND,1,106,0,109.00,17.53,1
7513,DECODE,999,0,999,857.97,23.18,1
7514,EXTEND,1,48,0,52.00,15.72,1
7515,DECODE,1000,0,1000,858.17,23.03,1
7516,DECODE,1000,0,1000,859.17,23.02,1
7517,DECODE,999,0,999,860.39,23.25,1
7518,EXTEND,1,41,0,52.00,15.75,1
7519,EXTEND,1,45,0,52.00,15.87,1
7520,EXTEND,2,90,0,51.00,15.56,1
7521,DECODE,1000,0,1000,854.36,22.82,1
7522,DECODE,1000,0,1000,855.36,22.94,1
7523,DECODE,1000,0,1000,856.36,23.09,1
7524,DECODE,1000,0,1000,857.36,23.12,1
7525,DECODE,1000,0,1000,858.36,23.21,1
7526,DECODE,1000,0,1000,859.36,23.10,1
7527,DECODE,1000,0,1000,860.36,23.14,1
7528,DECODE,1000,0,1000,861.36,23.17,1
7529,DECODE,1000,0,1000,862.36,23.27,1
7530,DECODE,998,0,998,863.28,23.44,1
7531,EXTEND,2,98,0,54.50,15.87,1
7532,DECODE,998,0,998,862.89,23.21,1
7533,EXTEND,2,122,0,68.50,15.86,1
7534,DECODE,1000,0,1000,862.30,23.61,1
7535,DECODE,1000,0,1000,863.30,23.18,1
7536,DECODE,998,0,998,860.90,23.28,1
7537,EXTEND,2,120,0,67.00,15.96,1
7538,DECODE,1000,0,1000,860.31,22.99,1
7539,DECODE,1000,0,1000,861.31,23.07,1
7540,DECODE,999,0,999,862.80,23.41,1
7541,EXTEND,1,47,0,52.00,16.22,1
7542,DECODE,1000,0,1000,862.99,23.10,1
7543,DECODE,1000,0,1000,863.99,23.08,1
7544,DECODE,1000,0,1000,864.99,23.26,1
7545,DECODE,1000,0,1000,865.99,23.40,1
7546,DECODE,998,0,998,864.13,23.36,1
7547,EXTEND,2,118,0,64.00,16.55,1
7548,EXTEND,1,44,0,58.00,15.66,1
7549,DECODE,1000,0,1000,862.95,23.01,1
7550,DECODE,1000,0,1000,863.95,23.58,1
7551,DECODE,998,0,998,866.09,23.33,1
7552,EXTEND,2,119,0,65.00,15.85,1
7553,EXTEND,1,28,0,35.00,15.63,1
7554,EXTEND,1,42,0,52.00,15.93,1
7555,DECODE,1000,0,1000,864.51,23.53,1
7556,DECODE,1000,0,1000,865.51,23.01,1
7557,DECODE,1000,0,1000,866.51,23.10,1
7558,DECODE,999,0,999,867.43,23.32,1
7559,EXTEND,1,32,0,39.00,16.04,1
7560,EXTEND,1,44,0,50.00,15.91,1
7561,EXTEND,1,84,0,88.00,15.57,1
7562,DECODE,1000,0,1000,864.60,23.04,1
7563,DECODE,1000,0,1000,865.60,23.07,1
7564,DECODE,998,0,998,866.71,23.43,1
7565,EXTEND,2,125,0,66.00,15.82,1
7566,DECODE,999,0,999,865.22,23.34,1
7567,EXTEND,1,62,0,66.00,15.81,1
7568,DECODE,999,0,999,863.72,23.11,1
7569,EXTEND,1,48,0,53.00,15.56,1
7570,DECODE,1000,0,1000,863.91,23.05,1
7571,DECODE,1000,0,1000,864.91,23.50,1
7572,DECODE,1000,0,1000,865.91,23.24,1
7573,DECODE,999,0,999,867.49,23.65,1
7574,EXTEND,1,49,0,58.00,16.30,1
7575,DECODE,999,0,999,865.98,23.32,1
7576,EXTEND,1,30,0,37.00,16.13,1
7577,DECODE,999,0,999,866.25,23.26,1
7578,EXTEND,1,259,0,264.00,16.26,1
7579,DECODE,999,0,999,866.71,24.82,1
7580,EXTEND,1,72,0,79.00,16.32,1
7581,DECODE,1000,0,1000,866.92,23.87,1
7582,DECODE,1000,0,1000,867.92,23.71,1
7583,DECODE,999,0,999,869.43,23.54,1
7584,EXTEND,1,47,0,52.00,15.96,1
7585,DECODE,1000,0,1000,869.61,23.31,1
7586,DECODE,1000,0,1000,870.61,23.34,1
7587,DECODE,999,0,999,871.83,23.70,1
7588,EXTEND,1,41,0,48.00,16.06,1
7589,DECODE,1000,0,1000,872.01,23.28,1
7590,DECODE,1000,0,1000,873.01,23.23,1
7591,DECODE,1000,0,1000,874.01,23.53,1
7592,DECODE,997,0,997,872.75,23.48,1
7593,EXTEND,3,318,0,110.00,23.23,1
7594,DECODE,998,0,998,871.19,23.40,1
7595,EXTEND,2,428,0,221.50,22.20,1
7596,DECODE,998,0,998,870.67,23.38,1
7597,EXTEND,2,174,0,96.00,15.80,1
7598,DECODE,1000,0,1000,870.12,23.26,1
7599,DECODE,1000,0,1000,871.12,23.28,1
7600,DECODE,998,0,998,873.25,23.74,1
7601,EXTEND,2,144,0,78.00,15.95,1
7602,EXTEND,2,120,0,67.50,15.76,1
7603,DECODE,1000,0,1000,869.13,23.22,1
7604,DECODE,1000,0,1000,870.13,23.42,1
7605,DECODE,999,0,999,869.44,23.54,1
7606,EXTEND,1,52,0,56.00,16.12,1
7607,EXTEND,1,24,0,31.00,15.82,1
7608,EXTEND,3,232,0,83.67,15.68,1
7609,DECODE,1000,0,1000,866.07,23.94,1
7610,DECODE,1000,0,1000,867.07,23.16,1
7611,DECODE,999,0,999,868.47,23.47,1
7612,EXTEND,1,40,0,46.00,18.20,1
7613,DECODE,998,0,998,866.79,23.68,1
7614,EXTEND,2,77,0,50.00,15.68,1
7615,DECODE,1000,0,1000,866.15,23.06,1
7616,DECODE,1000,0,1000,867.15,23.33,1
7617,DECODE,999,0,999,866.46,23.54,1
7618,EXTEND,1,52,0,58.00,16.08,1
7619,EXTEND,1,72,0,79.00,15.82,1
7620,DECODE,1000,0,1000,866.38,23.17,1
7621,DECODE,1000,0,1000,867.38,23.32,1
7622,DECODE,1000,0,1000,868.38,23.59,1
7623,DECODE,1000,0,1000,869.38,23.57,1
7624,DECODE,998,0,998,868.64,23.55,1
7625,EXTEND,2,118,0,67.00,16.29,1
7626,EXTEND,2,163,0,87.00,15.99,1
7627,DECODE,1000,0,1000,865.09,23.43,1
7628,DECODE,1000,0,1000,866.09,23.41,1
7629,DECODE,1000,0,1000,867.09,23.57,1
7630,DECODE,998,0,998,868.69,27.36,1
7631,EXTEND,2,101,0,57.50,16.79,1
7632,DECODE,997,0,997,866.56,23.62,1
7633,EXTEND,3,255,0,91.67,16.68,1
7634,DECODE,1000,0,1000,865.24,23.35,1
7635,DECODE,1000,0,1000,866.24,23.44,1
7636,DECODE,1000,0,1000,867.24,25.17,1
7637,DECODE,998,0,998,868.73,23.58,1
7638,EXTEND,2,166,0,88.50,15.84,1
7639,EXTEND,2,117,0,63.50,15.76,1
7640,DECODE,1000,0,1000,866.86,23.25,1
7641,DECODE,1000,0,1000,867.86,23.44,1
7642,DECODE,1000,0,1000,868.86,23.29,1
7643,DECODE,1000,0,1000,869.86,23.33,1
7644,DECODE,1000,0,1000,870.86,23.35,1
7645,DECODE,999,0,999,872.37,24.53,1
7646,EXTEND,1,46,0,55.00,15.79,1
7647,EXTEND,2,67,0,42.50,15.77,1
7648,EXTEND,1,37,0,43.00,15.59,1
7649,DECODE,1000,0,1000,869.96,23.12,1
7650,DECODE,1000,0,1000,870.96,23.24,1
7651,DECODE,998,0,998,872.78,23.44,1
7652,EXTEND,2,82,0,49.00,15.95,1
7653,EXTEND,4,167,0,48.00,16.46,1
7654,EXTEND,2,152,0,79.50,18.03,1
7655,DECODE,1000,0,1000,865.21,23.20,1
7656,DECODE,1000,0,1000,866.21,23.19,1
7657,DECODE,999,0,999,867.65,23.37,1
7658,EXTEND,1,50,0,57.00,16.34,1
7659,EXTEND,5,266,0,60.80,16.98,1
7660,EXTEND,1,48,0,57.00,16.23,1
7661,DECODE,1000,0,1000,864.16,23.28,1
7662,DECODE,1000,0,1000,865.16,23.06,1
7663,DECODE,1000,0,1000,866.16,23.11,1
7664,DECODE,999,0,999,867.47,23.38,1
7665,EXTEND,1,47,0,52.00,16.16,1
7666,EXTEND,3,161,0,61.67,15.59,1
7667,DECODE,1000,0,1000,863.00,23.03,1
7668,DECODE,1000,0,1000,864.00,23.17,1
7669,DECODE,999,0,999,863.30,23.29,1
7670,EXTEND,1,60,0,67.00,18.15,1
7671,DECODE,999,0,999,863.40,23.63,1
7672,EXTEND,1,28,0,42.00,16.70,1
7673,DECODE,999,0,999,861.88,23.46,1
7674,EXTEND,1,125,0,128.00,17.90,1
7675,DECODE,999,0,999,862.52,23.46,1
7676,EXTEND,1,65,0,70.00,15.66,1
7677,DECODE,1000,0,1000,862.72,23.06,1
7678,DECODE,1000,0,1000,863.72,23.85,1
7679,DECODE,999,0,999,864.85,23.74,1
7680,EXTEND,1,41,0,48.00,16.13,1
7681,DECODE,999,0,999,864.91,23.40,1
7682,EXTEND,1,31,0,40.00,16.02,1
7683,DECODE,999,0,999,865.28,23.42,1
7684,EXTEND,1,52,0,72.00,16.27,1
7685,DECODE,999,0,999,865.99,23.61,1
7686,EXTEND,1,95,0,99.00,16.10,1
7687,DECODE,998,0,998,865.01,23.60,1
7688,EXTEND,2,110,0,60.00,15.93,1
7689,DECODE,1000,0,1000,864.40,23.08,1
7690,DECODE,1000,0,1000,865.40,23.40,1
7691,DECODE,999,0,999,866.65,23.82,1
7692,EXTEND,1,66,0,72.00,15.90,1
7693,EXTEND,1,57,0,62.00,16.04,1
7694,EXTEND,2,89,0,56.50,15.55,1
7695,DECODE,1000,0,1000,863.33,23.12,1
7696,DECODE,1000,0,1000,864.33,23.11,1
7697,DECODE,998,0,998,865.41,23.60,1
7698,EXTEND,2,155,0,85.00,16.89,1
7699,EXTEND,1,35,0,45.00,15.81,1
7700,EXTEND,1,86,0,90.00,15.57,1
7701,DECODE,1000,0,1000,861.32,23.09,1
7702,DECODE,1000,0,1000,862.32,23.20,1
7703,DECODE,1000,0,1000,863.32,23.33,1
7704,DECODE,998,0,998,862.96,23.61,1
7705,EXTEND,2,118,0,63.50,16.50,1
7706,EXTEND,3,265,0,92.67,15.81,1
7707,DECODE,1000,0,1000,859.19,23.17,1
7708,DECODE,1000,0,1000,860.19,23.06,1
7709,DECODE,1000,0,1000,861.19,23.36,1
7710,DECODE,1000,0,1000,862.19,23.11,1
7711,DECODE,1000,0,1000,863.19,23.20,1
7712,DECODE,1000,0,1000,864.19,23.38,1
7713,DECODE,998,0,998,865.71,23.34,1
7714,EXTEND,2,140,0,74.50,15.85,1
7715,EXTEND,1,54,0,61.00,15.43,1
7716,EXTEND,1,290,0,298.00,15.71,1
7717,DECODE,1000,0,1000,864.07,23.36,1
7718,DECODE,1000,0,1000,865.07,23.59,1
7719,DECODE,1000,0,1000,866.07,24.29,1
7720,DECODE,999,0,999,867.41,23.80,1
7721,EXTEND,1,79,0,84.00,15.91,1
7722,EXTEND,1,45,0,56.00,15.50,1
7723,EXTEND,1,67,0,76.00,15.31,1
7724,DECODE,1000,0,1000,865.34,23.15,1
7725,DECODE,1000,0,1000,866.34,23.56,1
7726,DECODE,999,0,999,867.71,23.62,1
7727,EXTEND,1,50,0,62.00,15.98,1
7728,DECODE,997,0,997,866.40,23.49,1
7729,EXTEND,3,148,0,60.00,16.43,1
7730,DECODE,998,0,998,863.93,23.92,1
7731,EXTEND,2,112,0,60.50,17.29,1
7732,DECODE,997,0,997,862.51,23.31,1
7733,EXTEND,3,224,0,80.33,16.65,1
7734,DECODE,999,0,999,861.47,23.25,1
7735,EXTEND,1,56,0,61.00,15.86,1
7736,DECODE,999,0,999,859.97,23.32,1
7737,EXTEND,1,152,0,159.00,15.81,1
7738,DECODE,999,0,999,858.57,23.45,1
7739,EXTEND,1,52,0,57.00,16.55,1
7740,DECODE,1000,0,1000,858.77,23.23,1
7741,DECODE,1000,0,1000,859.77,23.39,1
7742,DECODE,1000,0,1000,860.77,23.42,1
7743,DECODE,1000,0,1000,861.77,23.41,1
7744,DECODE,1000,0,1000,862.77,23.15,1
7745,DECODE,1000,0,1000,863.77,23.13,1
7746,DECODE,998,0,998,863.74,23.33,1
7747,EXTEND,2,77,0,46.00,16.19,1
7748,DECODE,1000,0,1000,863.10,23.13,1
7749,DECODE,1000,0,1000,864.10,23.38,1
7750,DECODE,1000,0,1000,865.10,23.35,1
7751,DECODE,999,0,999,866.41,23.63,1
7752,EXTEND,1,72,0,82.00,15.97,1
7753,DECODE,999,0,999,865.57,23.59,1
7754,EXTEND,1,76,0,82.00,15.79,1
7755,DECODE,999,0,999,865.99,23.41,1
7756,EXTEND,1,43,0,47.00,16.32,1
7757,DECODE,1000,0,1000,866.17,23.25,1
7758,DECODE,1000,0,1000,867.17,23.27,1
7759,DECODE,1000,0,1000,868.17,23.45,1
7760,DECODE,998,0,998,869.44,23.50,1
7761,EXTEND,2,531,0,272.50,16.19,1
7762,DECODE,1000,0,1000,869.24,23.35,1
7763,DECODE,1000,0,1000,870.24,23.44,1
7764,DECODE,999,0,999,871.87,23.73,1
7765,EXTEND,1,43,0,49.00,16.67,1
7766,EXTEND,2,149,0,81.50,15.91,1
7767,EXTEND,2,320,0,166.50,15.93,1
7768,DECODE,1000,0,1000,866.24,23.37,1
7769,DECODE,1000,0,1000,867.24,23.30,1
7770,DECODE,999,0,999,868.66,23.49,1
7771,EXTEND,1,66,0,70.00,15.95,1
7772,DECODE,1000,0,1000,868.86,23.24,1
7773,DECODE,1000,0,1000,869.86,23.29,1
7774,DECODE,1000,0,1000,870.86,23.49,1
7775,DECODE,1000,0,1000,871.86,23.76,1
7776,DECODE,997,0,997,870.56,23.66,1
7777,EXTEND,3,218,0,78.67,16.54,1
7778,EXTEND,1,23,0,32.00,16.64,1
7779,DECODE,1000,0,1000,868.54,23.20,1
7780,DECODE,1000,0,1000,869.54,23.19,1
7781,DECODE,999,0,999,869.02,23.69,1
7782,EXTEND,1,73,0,78.00,16.06,1
7783,DECODE,998,0,998,868.36,23.86,1
7784,EXTEND,2,319,0,167.50,18.40,1
7785,DECODE,998,0,998,867.96,23.79,1
7786,EXTEND,2,338,0,173.00,16.05,1
7787,DECODE,999,0,999,865.87,23.51,1
7788,EXTEND,1,86,0,90.00,16.10,1
7789,DECODE,997,0,997,864.68,23.49,1
7790,EXTEND,3,706,0,241.00,21.99,1
7791,DECODE,999,0,999,864.24,23.80,1
7792,EXTEND,1,61,0,65.00,16.11,1
7793,DECODE,999,0,999,865.01,24.17,1
7794,EXTEND,1,41,0,47.00,16.11,1
7795,DECODE,1000,0,1000,865.19,23.31,1
7796,DECODE,1000,0,1000,866.19,23.45,1
7797,DECODE,999,0,999,867.36,24.04,1
7798,EXTEND,1,130,0,134.00,16.18,1
7799,EXTEND,1,143,0,147.00,15.85,1
7800,DECODE,1000,0,1000,866.94,23.23,1
7801,DECODE,1000,0,1000,867.94,23.51,1
7802,DECODE,999,0,999,867.96,23.75,1
7803,EXTEND,1,62,0,70.00,28.63,1
7804,EXTEND,3,262,0,92.67,27.59,1
7805,EXTEND,2,289,0,149.50,20.81,1
7806,DECODE,1000,0,1000,864.53,23.34,1
7807,DECODE,1000,0,1000,865.53,28.56,1
7808,DECODE,999,0,999,866.89,23.26,1
7809,EXTEND,1,105,0,112.00,16.42,1
7810,DECODE,999,0,999,867.26,23.18,1
7811,EXTEND,1,62,0,67.00,16.00,1
7812,DECODE,1000,0,1000,867.46,23.20,1
7813,DECODE,1000,0,1000,868.46,23.25,1
7814,DECODE,999,0,999,869.80,23.63,1
7815,EXTEND,1,63,0,67.00,16.53,1
7816,EXTEND,2,143,0,76.50,20.72,1
7817,DECODE,1000,0,1000,867.34,23.48,1
7818,DECODE,1000,0,1000,868.34,25.74,1
7819,DECODE,999,0,999,869.24,23.75,1
7820,EXTEND,1,66,0,72.00,16.37,1
7821,DECODE,999,0,999,869.99,23.34,1
7822,EXTEND,1,25,0,32.00,15.60,1
7823,DECODE,998,0,998,870.96,23.32,1
7824,EXTEND,2,101,0,55.50,15.76,1
7825,DECODE,997,0,997,871.09,23.35,1
7826,EXTEND,3,222,0,80.00,15.31,1
7827,DECODE,998,0,998,869.84,23.21,1
7828,EXTEND,2,145,0,84.00,15.77,1
7829,DECODE,1000,0,1000,869.27,23.02,1
7830,DECODE,1000,0,1000,870.27,23.14,1
7831,DECODE,1000,0,1000,871.27,23.33,1
7832,DECODE,997,0,997,868.92,23.30,1
7833,EXTEND,3,379,0,132.33,22.39,1
7834,DECODE,998,0,998,866.14,23.25,1
7835,EXTEND,2,524,0,286.50,21.66,1
7836,DECODE,999,0,999,864.28,23.35,1
7837,EXTEND,1,138,0,143.00,15.84,1
7838,DECODE,998,0,998,865.26,23.38,1
7839,EXTEND,2,295,0,156.50,15.86,1
7840,DECODE,1000,0,1000,864.84,23.21,1
7841,DECODE,1000,0,1000,865.84,23.16,1
7842,DECODE,998,0,998,866.99,23.53,1
7843,EXTEND,2,149,0,80.50,16.87,1
7844,DECODE,999,0,999,866.43,24.56,1
7845,EXTEND,1,68,0,75.00,15.97,1
7846,DECODE,1000,0,1000,866.64,23.44,1
7847,DECODE,1000,0,1000,867.64,23.13,1
7848,DECODE,1000,0,1000,868.64,23.34,1
7849,DECODE,1000,0,1000,869.64,23.33,1
7850,DECODE,1000,0,1000,870.64,23.32,1
7851,DECODE,999,0,999,872.21,23.80,1
7852,EXTEND,1,58,0,63.00,16.13,1
7853,DECODE,999,0,999,872.45,23.30,1
7854,EXTEND,1,67,0,72.00,17.71,1
7855,DECODE,999,0,999,870.96,23.73,1
7856,EXTEND,1,106,0,110.00,17.38,1
7857,DECODE,1000,0,1000,871.20,23.21,1
7858,DECODE,1000,0,1000,872.20,23.47,1
7859,DECODE,1000,0,1000,873.20,23.27,1
7860,DECODE,999,0,999,874.80,23.40,1
7861,EXTEND,1,93,0,98.00,17.15,1
7862,EXTEND,1,35,0,42.00,15.94,1
7863,DECODE,1000,0,1000,873.73,23.17,1
7864,DECODE,1000,0,1000,874.73,23.22,1
7865,DECODE,998,0,998,875.94,23.57,1
7866,EXTEND,2,129,0,78.00,15.98,1
7867,EXTEND,1,34,0,43.00,15.57,1
7868,DECODE,1000,0,1000,874.65,23.20,1
7869,DECODE,1000,0,1000,875.65,23.31,1
7870,DECODE,1000,0,1000,876.65,23.66,1
7871,DECODE,998,0,998,876.50,23.54,1
7872,EXTEND,2,149,0,85.50,15.94,1
7873,DECODE,999,0,999,876.37,23.46,1
7874,EXTEND,1,122,0,126.00,15.90,1
7875,DECODE,999,0,999,877.18,23.31,1
7876,EXTEND,1,45,0,50.00,16.76,1
7877,DECODE,999,0,999,877.94,23.64,1
7878,EXTEND,1,52,0,79.00,15.70,1
7879,DECODE,1000,0,1000,878.14,23.24,1
7880,DECODE,1000,0,1000,879.14,23.37,1
7881,DECODE,997,0,997,880.09,23.70,1
7882,EXTEND,3,188,0,67.33,16.03,1
7883,EXTEND,1,75,0,79.00,15.73,1
7884,EXTEND,1,39,0,42.00,15.46,1
7885,DECODE,1000,0,1000,875.63,23.64,1
7886,DECODE,1000,0,1000,876.63,23.25,1
7887,DECODE,999,0,999,876.60,23.69,1
7888,EXTEND,1,40,0,49.00,15.77,1
7889,EXTEND,1,82,0,87.00,15.73,1
7890,DECODE,1000,0,1000,876.54,23.25,1
7891,DECODE,1000,0,1000,877.54,23.31,1
7892,DECODE,1000,0,1000,878.54,23.38,1
7893,DECODE,998,0,998,880.87,23.61,1
7894,EXTEND,2,308,0,163.00,22.47,1
7895,EXTEND,1,59,0,71.00,15.61,1
7896,EXTEND,1,165,0,177.00,15.68,1
7897,DECODE,1000,0,1000,880.06,23.22,1
7898,DECODE,1000,0,1000,881.06,23.26,1
7899,DECODE,998,0,998,882.28,23.70,1
7900,EXTEND,2,364,0,189.00,22.23,1
7901,EXTEND,1,79,0,91.00,16.74,1
7902,DECODE,1000,0,1000,881.54,23.34,1
7903,DECODE,1000,0,1000,882.54,24.91,1
7904,DECODE,1000,0,1000,883.54,23.53,1
7905,DECODE,998,0,998,883.47,23.75,1
7906,EXTEND,2,151,0,83.50,16.12,1
7907,EXTEND,2,232,0,124.00,15.66,1
7908,DECODE,1000,0,1000,881.91,23.40,1
7909,DECODE,1000,0,1000,882.91,23.41,1
7910,DECODE,1000,0,1000,883.91,23.55,1
7911,DECODE,999,0,999,885.52,23.71,1
7912,EXTEND,1,73,0,79.00,16.15,1
7913,EXTEND,1,189,0,201.00,15.71,1
7914,DECODE,1000,0,1000,885.49,23.43,1
7915,DECODE,1000,0,1000,886.49,23.59,1
7916,DECODE,996,0,996,887.07,23.51,1
7917,EXTEND,4,325,0,86.25,16.01,1
7918,EXTEND,1,174,0,181.00,15.59,1
7919,EXTEND,2,128,0,69.50,15.74,1
7920,DECODE,1000,0,1000,882.28,23.16,1
7921,DECODE,1000,0,1000,883.28,23.60,1
7922,DECODE,999,0,999,884.86,23.75,1
7923,EXTEND,1,66,0,70.00,16.39,1
7924,DECODE,999,0,999,885.64,23.94,1
7925,EXTEND,1,71,0,75.00,15.95,1
7926,DECODE,1000,0,1000,885.83,24.23,1
7927,DECODE,1000,0,1000,886.83,23.57,1
7928,DECODE,1000,0,1000,887.83,23.65,1
7929,DECODE,998,0,998,888.89,23.88,1
7930,EXTEND,2,139,0,74.50,15.90,1
7931,EXTEND,1,25,0,33.00,15.52,1
7932,EXTEND,1,44,0,51.00,15.51,1
7933,DECODE,1000,0,1000,886.64,23.34,1
7934,DECODE,1000,0,1000,887.64,23.49,1
7935,DECODE,999,0,999,888.84,23.70,1
7936,EXTEND,1,47,0,52.00,15.95,1
7937,DECODE,999,0,999,889.00,23.45,1
7938,EXTEND,1,35,0,44.00,15.93,1
7939,DECODE,999,0,999,889.65,23.56,1
7940,EXTEND,1,104,0,108.00,16.06,1
7941,DECODE,1000,0,1000,889.87,23.34,1
7942,DECODE,1000,0,1000,890.87,23.39,1
7943,DECODE,1000,0,1000,891.87,23.64,1
7944,DECODE,1000,0,1000,892.87,23.67,1
7945,DECODE,1000,0,1000,893.87,23.70,1
7946,DECODE,999,0,999,893.20,24.05,1
7947,EXTEND,1,161,0,167.00,16.24,1
7948,DECODE,999,0,999,893.38,23.70,1
7949,EXTEND,1,57,0,62.00,15.70,1
7950,DECODE,1000,0,1000,893.55,23.42,1
7951,DECODE,1000,0,1000,894.55,23.59,1
7952,DECODE,998,0,998,892.87,23.74,1
7953,EXTEND,2,108,0,59.50,16.93,1
7954,EXTEND,1,45,0,52.00,15.85,1
7955,DECODE,1000,0,1000,891.17,23.38,1
7956,DECODE,1000,0,1000,892.17,23.40,1
7957,DECODE,999,0,999,891.66,23.93,1
7958,EXTEND,1,82,0,86.00,17.06,1
7959,EXTEND,1,63,0,68.00,15.45,1
7960,EXTEND,1,57,0,62.00,17.90,1
7961,DECODE,1000,0,1000,886.86,23.67,1
7962,DECODE,1000,0,1000,887.86,23.32,1
7963,DECODE,1000,0,1000,888.86,23.52,1
7964,DECODE,999,0,999,889.89,23.71,1
7965,EXTEND,1,102,0,107.00,16.11,1
7966,EXTEND,1,225,0,229.00,15.79,1
7967,EXTEND,1,38,0,82.00,15.39,1
7968,DECODE,1000,0,1000,888.83,23.31,1
7969,DECODE,1000,0,1000,889.83,23.57,1
7970,DECODE,998,0,998,889.67,23.66,1
7971,EXTEND,2,102,0,58.50,18.82,1
7972,DECODE,995,0,995,889.73,23.44,1
7973,EXTEND,5,757,0,156.20,24.29,1
7974,DECODE,1000,0,1000,887.06,23.29,1
7975,DECODE,1000,0,1000,888.06,23.36,1
7976,DECODE,999,0,999,888.91,23.80,1
7977,EXTEND,1,114,0,121.00,17.20,1
7978,EXTEND,1,46,0,50.00,15.57,1
7979,DECODE,1000,0,1000,888.93,23.37,1
7980,DECODE,1000,0,1000,889.93,23.51,1
7981,DECODE,999,0,999,890.98,23.67,1
7982,EXTEND,1,48,0,55.00,15.74,1
7983,EXTEND,1,56,0,63.00,18.14,1
7984,EXTEND,2,343,0,176.50,15.67,1
7985,DECODE,1000,0,1000,890.09,23.35,1
7986,DECODE,1000,0,1000,891.09,23.38,1
7987,DECODE,999,0,999,891.97,23.71,1
7988,EXTEND,1,61,0,65.00,16.11,1
7989,DECODE,998,0,998,893.14,23.56,1
7990,EXTEND,2,105,0,59.00,15.53,1
7991,DECODE,1000,0,1000,892.47,23.46,1
7992,DECODE,1000,0,1000,893.47,23.40,1
7993,DECODE,998,0,998,895.25,24.01,1
7994,EXTEND,2,104,0,57.50,16.18,1
7995,EXTEND,2,350,0,190.50,26.56,1
7996,EXTEND,1,95,0,100.00,26.49,1
7997,DECODE,1000,0,1000,889.82,25.02,1
7998,DECODE,1000,0,1000,890.82,23.45,1
7999,DECODE,998,0,998,891.97,23.70,1
8000,EXTEND,2,117,0,63.50,15.53,1
8001,EXTEND,1,25,0,33.00,15.77,1
8002,EXTEND,1,51,0,61.00,15.50,1
8003,DECODE,1000,0,1000,890.48,23.56,1
8004,DECODE,1000,0,1000,891.48,23.48,1
8005,DECODE,998,0,998,892.23,23.61,1
8006,EXTEND,2,129,0,69.50,16.44,1
8007,EXTEND,3,246,0,87.33,16.28,1
8008,DECODE,1000,0,1000,890.49,23.33,1
8009,DECODE,1000,0,1000,891.49,23.35,1
8010,DECODE,997,0,997,892.17,23.52,1
8011,EXTEND,3,173,0,65.67,15.92,1
8012,EXTEND,2,142,0,75.50,15.68,1
8013,EXTEND,4,418,0,110.00,21.17,1
8014,DECODE,1000,0,1000,885.85,23.20,1
8015,DECODE,1000,0,1000,886.85,23.24,1
8016,DECODE,999,0,999,888.50,23.88,1
8017,EXTEND,1,29,0,37.00,16.22,1
8018,EXTEND,1,61,0,66.00,15.54,1
8019,EXTEND,2,87,0,48.50,15.59,1
8020,DECODE,1000,0,1000,884.40,23.15,1
8021,DECODE,1000,0,1000,885.40,23.23,1
8022,DECODE,1000,0,1000,886.40,23.59,1
8023,DECODE,999,0,999,885.72,23.72,1
8024,EXTEND,1,63,0,70.00,18.10,1
8025,DECODE,998,0,998,884.83,23.45,1
8026,EXTEND,2,98,0,54.50,18.02,1
8027,DECODE,1000,0,1000,884.17,23.34,1
8028,DECODE,1000,0,1000,885.17,23.26,1
8029,DECODE,996,0,996,887.70,23.49,1
8030,EXTEND,4,439,0,115.75,22.92,1
8031,EXTEND,1,47,0,66.00,17.67,1
8032,DECODE,1000,0,1000,885.47,23.28,1
8033,DECODE,1000,0,1000,886.47,23.45,1
8034,DECODE,998,0,998,887.49,25.51,1
8035,EXTEND,2,258,0,137.00,15.97,1
8036,EXTEND,1,26,0,33.00,15.39,1
8037,EXTEND,2,216,0,121.00,15.35,1
8038,DECODE,1000,0,1000,886.09,23.18,1
8039,DECODE,1000,0,1000,887.09,23.40,1
8040,DECODE,1000,0,1000,888.09,23.89,1
8041,DECODE,999,0,999,889.70,23.81,1
8042,EXTEND,1,35,0,44.00,17.75,1
8043,EXTEND,1,67,0,71.00,16.85,1
8044,EXTEND,2,98,0,67.00,15.52,1
8045,DECODE,1000,0,1000,886.01,23.30,1
8046,DECODE,1000,0,1000,887.01,23.59,1
8047,DECODE,995,0,995,885.98,23.47,1
8048,EXTEND,5,389,0,82.80,22.68,1
8049,DECODE,999,0,999,882.99,23.43,1
8050,EXTEND,1,38,0,45.00,15.93,1
8051,DECODE,1000,0,1000,883.15,23.22,1
8052,DECODE,1000,0,1000,884.15,23.41,1
8053,DECODE,999,0,999,884.73,23.74,1
8054,EXTEND,1,105,0,110.00,16.01,1
8055,EXTEND,1,73,0,79.00,55.71,1
8056,DECODE,1000,0,1000,884.29,23.84,1
8057,DECODE,1000,0,1000,885.29,23.39,1
8058,DECODE,999,0,999,886.71,23.61,1
8059,EXTEND,1,223,0,274.00,16.69,1
8060,EXTEND,1,89,0,92.00,16.06,1
8061,EXTEND,1,144,0,149.00,16.87,1
8062,DECODE,1000,0,1000,886.50,24.79,1
8063,DECODE,1000,0,1000,887.50,23.47,1
8064,DECODE,998,0,998,887.94,23.72,1
8065,EXTEND,2,124,0,66.50,16.22,1
8066,DECODE,999,0,999,886.73,23.91,1
8067,EXTEND,1,74,0,79.00,15.71,1
8068,DECODE,1000,0,1000,886.93,23.99,1
8069,DECODE,1000,0,1000,887.93,23.48,1
8070,DECODE,1000,0,1000,888.93,23.57,1
8071,DECODE,998,0,998,890.67,23.71,1
8072,EXTEND,2,178,0,96.00,15.91,1
8073,EXTEND,1,25,0,33.00,15.56,1
8074,EXTEND,1,47,0,55.00,15.65,1
8075,DECODE,1000,0,1000,889.04,23.36,1
8076,DECODE,1000,0,1000,890.04,23.51,1
8077,DECODE,998,0,998,891.77,23.68,1
8078,EXTEND,2,103,0,57.00,15.65,1
8079,DECODE,998,0,998,891.33,23.47,1
8080,EXTEND,2,272,0,141.50,15.73,1
8081,DECODE,998,0,998,889.21,23.44,1
8082,EXTEND,2,129,0,71.00,15.81,1
8083,DECODE,999,0,999,888.91,23.38,1
8084,EXTEND,1,80,0,85.00,15.70,1
8085,DECODE,998,0,998,885.94,23.33,1
8086,EXTEND,2,168,0,91.50,16.17,1
8087,DECODE,999,0,999,885.53,23.58,1
8088,EXTEND,1,72,0,78.00,15.65,1
8089,DECODE,999,0,999,884.05,23.38,1
8090,EXTEND,1,42,0,48.00,15.88,1
8091,DECODE,999,0,999,882.53,23.50,1
8092,EXTEND,1,185,0,189.00,16.05,1
8093,DECODE,999,0,999,883.34,23.52,1
8094,EXTEND,1,145,0,151.00,16.94,1
8095,DECODE,997,0,997,878.91,23.52,1
8096,EXTEND,3,150,0,61.00,15.69,1
8097,DECODE,999,0,999,876.33,23.21,1
8098,EXTEND,1,56,0,61.00,15.79,1
8099,DECODE,999,0,999,877.07,23.41,1
8100,EXTEND,1,308,0,312.00,15.72,1
8101,DECODE,1000,0,1000,877.50,23.22,1
8102,DECODE,1000,0,1000,878.50,23.32,1
8103,DECODE,999,0,999,879.96,23.98,1
8104,EXTEND,1,44,0,55.00,16.01,1
8105,EXTEND,2,720,0,367.50,20.88,1
8106,EXTEND,1,77,0,86.00,15.63,1
8107,DECODE,1000,0,1000,879.66,23.21,1
8108,DECODE,1000,0,1000,880.66,23.37,1
8109,DECODE,997,0,997,882.76,23.95,1
8110,EXTEND,3,173,0,63.33,17.07,1
8111,EXTEND,2,105,0,59.50,16.26,1
8112,EXTEND,1,185,0,190.00,15.59,1
8113,DECODE,1000,0,1000,877.84,23.48,1
8114,DECODE,1000,0,1000,878.84,23.81,1
8115,DECODE,999,0,999,880.31,23.76,1
8116,EXTEND,1,38,0,44.00,16.34,1
8117,EXTEND,2,824,0,417.50,30.04,1
8118,EXTEND,1,92,0,100.00,16.40,1
8119,DECODE,1000,0,1000,879.25,23.56,1
8120,DECODE,1000,0,1000,880.25,23.72,1
8121,DECODE,999,0,999,881.51,23.98,1
8122,EXTEND,1,53,0,61.00,15.60,1
8123,EXTEND,1,92,0,108.00,16.90,1
8124,EXTEND,2,412,0,213.00,16.14,1
8125,DECODE,1000,0,1000,875.78,23.37,1
8126,DECODE,1000,0,1000,876.78,23.62,1
8127,DECODE,1000,0,1000,877.78,23.40,1
8128,DECODE,999,0,999,878.69,23.78,1
8129,EXTEND,1,59,0,66.00,17.05,1
8130,EXTEND,1,199,0,205.00,16.53,1
8131,DECODE,1000,0,1000,876.84,23.48,1
8132,DECODE,1000,0,1000,877.84,23.22,1
8133,DECODE,999,0,999,878.78,23.58,1
8134,EXTEND,1,54,0,64.00,16.59,1
8135,EXTEND,1,177,0,181.00,15.38,1
8136,EXTEND,2,103,0,58.50,15.52,1
8137,DECODE,1000,0,1000,877.88,23.17,1
8138,DECODE,1000,0,1000,878.88,23.24,1
8139,DECODE,1000,0,1000,879.88,23.39,1
8140,DECODE,997,0,997,881.84,25.53,1
8141,EXTEND,3,149,0,61.67,21.28,1
8142,DECODE,999,0,999,880.15,24.62,1
8143,EXTEND,1,38,0,46.00,19.22,1
8144,DECODE,998,0,998,878.79,23.45,1
8145,EXTEND,2,83,0,48.00,18.68,1
8146,DECODE,1000,0,1000,878.13,26.32,1
8147,DECODE,1000,0,1000,879.13,24.05,1
8148,DECODE,998,0,998,878.89,25.12,1
8149,EXTEND,2,115,0,67.50,16.33,1
8150,DECODE,998,0,998,877.40,25.13,1
8151,EXTEND,2,142,0,76.50,17.26,1
8152,DECODE,1000,0,1000,876.80,24.56,1
8153,DECODE,1000,0,1000,877.80,23.49,1
8154,DECODE,999,0,999,879.32,24.07,1
8155,EXTEND,1,27,0,39.00,16.18,1
8156,EXTEND,1,57,0,62.00,15.58,1
8157,EXTEND,1,93,0,104.00,15.88,1
8158,DECODE,1000,0,1000,878.23,24.17,1
8159,DECODE,1000,0,1000,879.23,26.39,1
8160,DECODE,998,0,998,879.25,24.30,1
8161,EXTEND,2,261,0,137.50,15.97,1
8162,EXTEND,2,118,0,63.50,16.89,1
8163,DECODE,1000,0,1000,877.83,23.78,1
8164,DECODE,1000,0,1000,878.83,23.47,1
8165,DECODE,999,0,999,880.34,23.88,1
8166,EXTEND,1,92,0,96.00,16.22,1
8167,EXTEND,1,48,0,55.00,16.51,1
8168,EXTEND,1,51,0,58.00,15.57,1
8169,DECODE,1000,0,1000,878.84,23.42,1
8170,DECODE,1000,0,1000,879.84,23.89,1
8171,DECODE,999,0,999,881.29,23.80,1
8172,EXTEND,1,78,0,81.00,16.93,1
8173,DECODE,999,0,999,881.79,24.46,1
8174,EXTEND,1,61,0,66.00,17.13,1
8175,DECODE,1000,0,1000,881.97,23.52,1
8176,DECODE,1000,0,1000,882.97,23.72,1
8177,DECODE,1000,0,1000,883.97,23.53,1
8178,DECODE,999,0,999,885.44,23.88,1
8179,EXTEND,1,55,0,61.00,16.58,1
8180,EXTEND,2,134,0,72.50,16.22,1
8181,EXTEND,1,269,0,274.00,15.49,1
8182,DECODE,1000,0,1000,884.39,24.07,1
8183,DECODE,1000,0,1000,885.39,23.85,1
8184,DECODE,1000,0,1000,886.39,23.65,1
8185,DECODE,998,0,998,888.35,23.98,1
8186,EXTEND,2,138,0,74.50,16.42,1
8187,DECODE,999,0,999,888.13,23.62,1
8188,EXTEND,1,62,0,71.00,15.98,1
8189,DECODE,999,0,999,886.64,24.05,1
8190,EXTEND,1,55,0,59.00,17.61,1
8191,DECODE,1000,0,1000,886.81,23.64,1
8192,DECODE,1000,0,1000,887.81,23.61,1
8193,DECODE,1000,0,1000,888.81,23.68,1
8194,DECODE,999,0,999,889.72,23.81,1
8195,EXTEND,1,305,0,313.00,16.25,1
8196,DECODE,999,0,999,889.83,23.51,1
8197,EXTEND,1,61,0,64.00,15.92,1
8198,DECODE,998,0,998,890.51,23.52,1
8199,EXTEND,2,245,0,126.50,15.91,1
8200,DECODE,998,0,998,890.90,23.65,1
8201,EXTEND,2,115,0,62.00,26.48,1
8202,DECODE,997,0,997,890.98,28.52,1
8203,EXTEND,3,197,0,92.00,26.16,1
8204,DECODE,996,0,996,888.81,23.52,1
8205,EXTEND,4,263,0,74.25,16.00,1
8206,DECODE,999,0,999,885.03,23.62,1
8207,EXTEND,1,239,0,245.00,15.87,1
8208,DECODE,997,0,997,883.18,23.44,1
8209,EXTEND,3,164,0,59.00,15.70,1
8210,DECODE,1000,0,1000,881.71,23.19,1
8211,DECODE,1000,0,1000,882.71,23.24,1
8212,DECODE,1000,0,1000,883.71,23.41,1
8213,DECODE,997,0,997,885.19,23.81,1
8214,EXTEND,3,326,0,114.33,16.04,1
8215,EXTEND,1,74,0,80.00,15.77,1
8216,EXTEND,1,56,0,72.00,15.42,1
8217,DECODE,1000,0,1000,881.08,23.30,1
8218,DECODE,1000,0,1000,882.08,23.46,1
8219,DECODE,1000,0,1000,883.08,23.49,1
8220,DECODE,1000,0,1000,884.08,23.49,1
8221,DECODE,998,0,998,884.96,23.57,1
8222,EXTEND,2,170,0,89.50,16.12,1
8223,EXTEND,1,150,0,153.00,15.50,1
8224,DECODE,1000,0,1000,883.58,23.25,1
8225,DECODE,1000,0,1000,884.58,23.32,1
8226,DECODE,999,0,999,884.08,23.59,1
8227,EXTEND,1,71,0,77.00,15.93,1
8228,DECODE,1000,0,1000,884.27,23.24,1
8229,DECODE,1000,0,1000,885.27,23.35,1
8230,DECODE,1000,0,1000,886.27,23.53,1
8231,DECODE,998,0,998,886.07,24.21,1
8232,EXTEND,2,235,0,125.00,16.19,1
8233,DECODE,999,0,999,885.80,23.75,1
8234,EXTEND,1,71,0,75.00,16.00,1
8235,DECODE,999,0,999,886.61,23.51,1
8236,EXTEND,1,405,0,413.00,22.20,1
8237,DECODE,997,0,997,886.39,23.62,1
8238,EXTEND,3,480,0,168.00,15.71,1
8239,DECODE,999,0,999,885.44,23.49,1
8240,EXTEND,1,37,0,41.00,15.78,1
8241,DECODE,999,0,999,886.02,23.78,1
8242,EXTEND,1,243,0,253.00,16.73,1
8243,DECODE,1000,0,1000,886.39,23.64,1
8244,DECODE,1000,0,1000,887.39,23.62,1
8245,DECODE,999,0,999,887.88,23.76,1
8246,EXTEND,1,68,0,72.00,16.32,1
8247,EXTEND,1,90,0,97.00,16.43,1
8248,EXTEND,3,337,0,118.00,23.53,1
8249,DECODE,1000,0,1000,884.12,23.75,1
8250,DECODE,1000,0,1000,885.12,23.40,1
8251,DECODE,1000,0,1000,886.12,23.72,1
8252,DECODE,998,0,998,885.06,23.59,1
8253,EXTEND,2,89,0,57.50,17.07,1
8254,DECODE,999,0,999,884.07,23.54,1
8255,EXTEND,1,67,0,71.00,15.88,1
8256,DECODE,997,0,997,885.44,23.51,1
8257,EXTEND,3,75,0,36.00,15.99,1
8258,DECODE,999,0,999,884.46,23.83,1
8259,EXTEND,1,76,0,80.00,15.78,1
8260,DECODE,996,0,996,883.71,23.29,1
8261,EXTEND,4,596,0,153.50,20.98,1
8262,DECODE,1000,0,1000,881.79,23.31,1
8263,DECODE,1000,0,1000,882.79,23.45,1
8264,DECODE,1000,0,1000,883.79,23.49,1
8265,DECODE,999,0,999,884.64,23.84,1
8266,EXTEND,1,70,0,73.00,16.19,1
8267,DECODE,999,0,999,884.54,23.64,1
8268,EXTEND,1,140,0,147.00,15.58,1
8269,DECODE,997,0,997,885.82,23.60,1
8270,EXTEND,3,303,0,109.67,16.34,1
8271,DECODE,1000,0,1000,884.50,23.33,1
8272,DECODE,1000,0,1000,885.50,23.41,1
8273,DECODE,999,0,999,887.06,25.78,1
8274,EXTEND,1,48,0,52.00,15.82,1
8275,DECODE,999,0,999,886.96,23.40,1
8276,EXTEND,1,37,0,45.00,15.46,1
8277,DECODE,998,0,998,887.24,23.59,1
8278,EXTEND,2,123,0,66.00,15.61,1
8279,DECODE,999,0,999,885.80,23.51,1
8280,EXTEND,1,145,0,149.00,15.64,1
8281,DECODE,999,0,999,886.50,23.46,1
8282,EXTEND,1,75,0,79.00,15.55,1
8283,DECODE,997,0,997,885.54,23.47,1
8284,EXTEND,3,194,0,78.00,16.41,1
8285,DECODE,1000,0,1000,884.12,23.37,1
8286,DECODE,1000,0,1000,885.12,23.37,1
8287,DECODE,1000,0,1000,886.12,23.67,1
8288,DECODE,999,0,999,887.76,23.73,1
8289,EXTEND,1,219,0,226.00,16.64,1
8290,EXTEND,1,84,0,88.00,16.29,1
8291,EXTEND,1,411,0,415.00,16.04,1
8292,DECODE,1000,0,1000,887.01,23.72,1
8293,DECODE,1000,0,1000,888.01,23.59,1
8294,DECODE,1000,0,1000,889.01,23.88,1
8295,DECODE,1000,0,1000,890.01,23.73,1
8296,DECODE,999,0,999,890.75,23.54,1
8297,EXTEND,1,40,0,49.00,16.33,1
8298,EXTEND,1,25,0,33.00,15.91,1
8299,DECODE,1000,0,1000,889.81,23.46,1
8300,DECODE,1000,0,1000,890.81,23.52,1
8301,DECODE,1000,0,1000,891.81,23.61,1
8302,DECODE,1000,0,1000,892.81,23.87,1
8303,DECODE,998,0,998,892.49,23.89,1
8304,EXTEND,2,72,0,41.50,16.00,1
8305,EXTEND,1,215,0,223.00,22.85,1
8306,DECODE,1000,0,1000,891.49,23.60,1
8307,DECODE,1000,0,1000,892.49,23.62,1
8308,DECODE,999,0,999,891.82,24.32,1
8309,EXTEND,1,101,0,105.00,16.30,1
8310,DECODE,999,0,999,892.59,23.81,1
8311,EXTEND,1,296,0,303.00,16.58,1
8312,DECODE,998,0,998,893.59,24.54,1
8313,EXTEND,2,155,0,88.00,15.77,1
8314,DECODE,1000,0,1000,892.98,23.62,1
8315,DECODE,1000,0,1000,893.98,23.74,1
8316,DECODE,998,0,998,895.83,24.28,1
8317,EXTEND,2,253,0,138.00,24.93,1
8318,DECODE,998,0,998,896.11,23.58,1
8319,EXTEND,2,161,0,87.00,16.75,1
8320,DECODE,999,0,999,895.35,23.86,1
8321,EXTEND,1,284,0,288.00,27.24,1
8322,DECODE,998,0,998,894.40,23.79,1
8323,EXTEND,2,428,0,219.50,17.72,1
8324,DECODE,999,0,999,892.66,23.57,1
8325,EXTEND,1,135,0,140.00,16.36,1
8326,DECODE,1000,0,1000,892.90,23.58,1
8327,DECODE,1000,0,1000,893.90,23.43,1
8328,DECODE,1000,0,1000,894.90,23.47,1
8329,DECODE,999,0,999,896.38,23.75,1
8330,EXTEND,1,232,0,237.00,21.21,1
8331,EXTEND,1,35,0,45.00,15.97,1
8332,EXTEND,2,97,0,52.50,15.71,1
8333,DECODE,1000,0,1000,893.60,23.45,1
8334,DECODE,1000,0,1000,894.60,23.42,1
8335,DECODE,999,0,999,896.10,24.05,1
8336,EXTEND,1,260,0,268.00,16.38,1
8337,DECODE,1000,0,1000,896.48,23.38,1
8338,DECODE,1000,0,1000,897.48,23.63,1
8339,DECODE,999,0,999,896.92,23.92,1
8340,EXTEND,1,267,0,270.00,16.38,1
8341,EXTEND,2,286,0,149.50,24.90,1
8342,DECODE,1000,0,1000,896.69,23.42,1
8343,DECODE,1000,0,1000,897.69,23.50,1
8344,DECODE,999,0,999,899.07,23.72,1
8345,EXTEND,1,57,0,61.00,15.96,1
8346,EXTEND,1,64,0,72.00,15.75,1
8347,EXTEND,1,144,0,154.00,15.63,1
8348,DECODE,1000,0,1000,897.46,23.34,1
8349,DECODE,1000,0,1000,898.46,23.52,1
8350,DECODE,999,0,999,897.79,23.93,1
8351,EXTEND,1,114,0,120.00,16.08,1
8352,DECODE,999,0,999,896.35,23.80,1
8353,EXTEND,1,63,0,110.00,16.28,1
8354,DECODE,998,0,998,896.77,23.70,1
8355,EXTEND,2,120,0,64.00,16.02,1
8356,DECODE,999,0,999,895.97,23.54,1
8357,EXTEND,1,59,0,68.00,15.95,1
8358,DECODE,999,0,999,896.67,23.77,1
8359,EXTEND,1,159,0,165.00,16.09,1
8360,DECODE,999,0,999,897.13,23.49,1
8361,EXTEND,1,261,0,269.00,16.15,1
8362,DECODE,1000,0,1000,897.50,23.62,1
8363,DECODE,1000,0,1000,898.50,23.37,1
8364,DECODE,1000,0,1000,899.50,23.51,1
8365,DECODE,999,0,999,900.31,23.91,1
8366,EXTEND,1,72,0,77.00,16.23,1
8367,EXTEND,1,202,0,207.00,15.62,1
8368,DECODE,1000,0,1000,899.14,24.20,1
8369,DECODE,1000,0,1000,900.14,23.82,1
8370,DECODE,1000,0,1000,901.14,24.13,1
8371,DECODE,1000,0,1000,902.14,23.50,1
8372,DECODE,997,0,997,902.57,23.99,1
8373,EXTEND,3,532,0,183.00,23.78,1
8374,EXTEND,1,74,0,79.00,15.81,1
8375,EXTEND,3,291,0,106.33,15.68,1
8376,DECODE,1000,0,1000,899.20,24.01,1
8377,DECODE,1000,0,1000,900.20,23.67,1
8378,DECODE,1000,0,1000,901.20,23.64,1
8379,DECODE,999,0,999,901.75,23.84,1
8380,EXTEND,1,44,0,49.00,16.20,1
8381,EXTEND,2,321,0,167.50,22.54,1
8382,EXTEND,2,101,0,58.00,15.44,1
8383,DECODE,1000,0,1000,899.97,23.48,1
8384,DECODE,1000,0,1000,900.97,23.55,1
8385,DECODE,998,0,998,900.40,23.63,1
8386,EXTEND,2,232,0,119.50,16.04,1
8387,EXTEND,1,102,0,109.00,15.63,1
8388,EXTEND,3,336,0,117.67,15.60,1
8389,DECODE,1000,0,1000,897.87,23.49,1
8390,DECODE,1000,0,1000,898.87,23.48,1
8391,DECODE,999,0,999,900.24,23.95,1
8392,EXTEND,1,97,0,100.00,15.99,1
8393,EXTEND,3,580,0,197.67,21.31,1
8394,EXTEND,1,141,0,146.00,15.99,1
8395,DECODE,1000,0,1000,895.23,23.55,1
8396,DECODE,1000,0,1000,896.23,23.49,1
8397,DECODE,998,0,998,897.12,23.95,1
8398,EXTEND,2,153,0,82.50,17.43,1
8399,EXTEND,2,103,0,58.50,17.83,1
8400,DECODE,1000,0,1000,895.95,23.44,1
8401,DECODE,1000,0,1000,896.95,23.64,1
8402,DECODE,1000,0,1000,897.95,23.90,1
8403,DECODE,995,0,995,893.35,23.85,1
8404,EXTEND,5,670,0,139.00,23.45,1
8405,EXTEND,2,265,0,137.50,15.96,1
8406,EXTEND,2,339,0,175.00,15.64,1
8407,DECODE,1000,0,1000,889.34,23.40,1
8408,DECODE,1000,0,1000,890.34,23.56,1
8409,DECODE,1000,0,1000,891.34,23.70,1
8410,DECODE,999,0,999,893.01,24.02,1
8411,EXTEND,1,282,0,291.00,24.32,1
8412,EXTEND,3,204,0,81.33,15.88,1
8413,EXTEND,1,298,0,304.00,22.98,1
8414,DECODE,1000,0,1000,890.08,23.39,1
8415,DECODE,1000,0,1000,891.08,23.65,1
8416,DECODE,999,0,999,891.88,23.68,1
8417,EXTEND,1,63,0,71.00,16.73,1
8418,DECODE,997,0,997,890.09,23.51,1
8419,EXTEND,3,498,0,175.33,21.43,1
8420,DECODE,998,0,998,887.91,23.47,1
8421,EXTEND,2,343,0,180.50,17.68,1
8422,DECODE,999,0,999,887.56,23.57,1
8423,EXTEND,1,25,0,33.00,15.52,1
8424,DECODE,1000,0,1000,887.70,23.37,1
8425,DECODE,1000,0,1000,888.70,23.61,1
8426,DECODE,999,0,999,888.03,23.71,1
8427,EXTEND,1,236,0,242.00,16.42,1
8428,EXTEND,2,462,0,239.00,15.86,1
8429,EXTEND,1,91,0,95.00,18.33,1
8430,DECODE,1000,0,1000,887.41,23.83,1
8431,DECODE,1000,0,1000,888.41,23.79,1
8432,DECODE,1000,0,1000,889.41,23.67,1
8433,DECODE,999,0,999,890.41,23.67,1
8434,EXTEND,1,59,0,63.00,16.13,1
8435,EXTEND,2,144,0,79.00,15.94,1
8436,DECODE,1000,0,1000,889.70,23.58,1
8437,DECODE,1000,0,1000,890.70,23.63,1
8438,DECODE,998,0,998,892.68,24.06,1
8439,EXTEND,2,110,0,61.00,26.79,1
8440,EXTEND,1,267,0,333.00,27.11,1
8441,EXTEND,2,306,0,161.00,28.73,1
8442,DECODE,1000,0,1000,891.10,23.53,1
8443,DECODE,1000,0,1000,892.10,23.66,1
8444,DECODE,1000,0,1000,893.10,24.29,1
8445,DECODE,999,0,999,894.72,23.87,1
8446,EXTEND,1,290,0,303.00,16.36,1
8447,EXTEND,1,95,0,99.00,16.71,1
8448,EXTEND,1,285,0,292.00,15.92,1
8449,DECODE,1000,0,1000,893.70,23.59,1
8450,DECODE,1000,0,1000,894.70,23.59,1
8451,DECODE,999,0,999,896.09,23.78,1
8452,EXTEND,1,50,0,56.00,16.10,1
8453,DECODE,1000,0,1000,896.25,23.53,1
8454,DECODE,1000,0,1000,897.25,23.51,1
8455,DECODE,999,0,999,898.27,23.98,1
8456,EXTEND,1,173,0,185.00,16.46,1
8457,EXTEND,3,343,0,121.00,17.10,1
8458,EXTEND,1,61,0,87.00,16.23,1
8459,DECODE,1000,0,1000,894.77,24.60,1
8460,DECODE,1000,0,1000,895.77,23.58,1
8461,DECODE,999,0,999,897.09,29.57,1
8462,EXTEND,1,83,0,90.00,16.30,1
8463,DECODE,997,0,997,895.92,23.60,1
8464,EXTEND,3,299,0,108.00,16.23,1
8465,DECODE,999,0,999,895.01,23.87,1
8466,EXTEND,1,62,0,70.00,17.08,1
8467,DECODE,999,0,999,895.85,23.80,1
8468,EXTEND,1,94,0,101.00,15.83,1
8469,DECODE,996,0,996,894.25,23.33,1
8470,EXTEND,4,256,0,71.50,15.77,1
8471,DECODE,1000,0,1000,891.96,23.27,1
8472,DECODE,1000,0,1000,892.96,23.36,1
8473,DECODE,999,0,999,894.58,23.71,1
8474,EXTEND,1,56,0,64.00,16.82,1
8475,EXTEND,2,352,0,182.50,16.04,1
8476,DECODE,1000,0,1000,893.82,23.50,1
8477,DECODE,1000,0,1000,894.82,23.28,1
8478,DECODE,999,0,999,895.28,23.69,1
8479,EXTEND,1,53,0,59.00,15.91,1
8480,DECODE,999,0,999,895.74,23.50,1
8481,EXTEND,1,100,0,106.00,15.76,1
8482,DECODE,998,0,998,895.09,25.50,1
8483,EXTEND,2,119,0,75.50,15.81,1
8484,DECODE,996,0,996,894.91,23.30,1
8485,EXTEND,4,280,0,78.50,23.74,1
8486,DECODE,1000,0,1000,892.65,23.42,1
8487,DECODE,1000,0,1000,893.65,23.36,1
8488,DECODE,1000,0,1000,894.65,23.68,1
8489,DECODE,998,0,998,896.19,23.89,1
8490,EXTEND,2,162,0,87.00,15.87,1
8491,EXTEND,1,56,0,63.00,59.06,1
8492,DECODE,1000,0,1000,893.66,23.44,1
8493,DECODE,1000,0,1000,894.66,23.47,1
8494,DECODE,999,0,999,896.20,23.82,1
8495,EXTEND,1,50,0,61.00,16.34,1
8496,EXTEND,3,158,0,60.33,15.57,1
8497,DECODE,1000,0,1000,895.51,23.34,1
8498,DECODE,1000,0,1000,896.51,23.42,1
8499,DECODE,1000,0,1000,897.51,23.77,1
8500,DECODE,999,0,999,899.02,24.03,1
8501,EXTEND,1,50,0,58.00,17.15,1
8502,EXTEND,1,51,0,60.00,16.75,1
8503,EXTEND,3,206,0,78.33,15.96,1
8504,DECODE,1000,0,1000,894.79,23.17,1
8505,DECODE,1000,0,1000,895.79,24.67,1
8506,DECODE,998,0,998,897.45,23.52,1
8507,EXTEND,2,350,0,180.50,16.33,1
8508,DECODE,1000,0,1000,897.02,23.31,1
8509,DECODE,1000,0,1000,898.02,23.51,1
8510,DECODE,999,0,999,899.44,23.91,1
8511,EXTEND,1,98,0,118.00,18.46,1
8512,EXTEND,1,35,0,45.00,16.01,1
8513,EXTEND,2,107,0,59.50,15.75,1
8514,DECODE,1000,0,1000,897.88,23.27,1
8515,DECODE,1000,0,1000,898.88,23.78,1
8516,DECODE,997,0,997,898.64,23.51,1
8517,EXTEND,3,243,0,88.33,15.90,1
8518,DECODE,999,0,999,897.72,23.85,1
8519,EXTEND,1,89,0,93.00,15.76,1
8520,DECODE,998,0,998,898.12,23.37,1
8521,EXTEND,2,166,0,95.00,15.64,1
8522,DECODE,999,0,999,897.22,24.03,1
8523,EXTEND,1,56,0,71.00,15.96,1
8524,DECODE,999,0,999,897.83,23.47,1
8525,EXTEND,1,82,0,87.00,15.75,1
8526,DECODE,997,0,997,896.08,23.57,1
8527,EXTEND,3,202,0,78.33,15.89,1
8528,DECODE,999,0,999,895.21,23.77,1
8529,EXTEND,1,56,0,67.00,15.77,1
8530,DECODE,1000,0,1000,895.38,23.39,1
8531,DECODE,1000,0,1000,896.38,23.17,1
8532,DECODE,999,0,999,897.02,26.18,1
8533,EXTEND,1,60,0,69.00,16.16,1
8534,EXTEND,1,83,0,89.00,15.75,1
8535,EXTEND,2,179,0,94.00,16.02,1
8536,DECODE,1000,0,1000,894.85,23.79,1
8537,DECODE,1000,0,1000,895.85,23.40,1
8538,DECODE,1000,0,1000,896.85,23.45,1
8539,DECODE,1000,0,1000,897.85,23.27,1
8540,DECODE,998,0,998,898.89,23.82,1
8541,EXTEND,2,244,0,127.50,24.25,1
8542,DECODE,1000,0,1000,898.34,23.32,1
8543,DECODE,1000,0,1000,899.34,23.20,1
8544,DECODE,1000,0,1000,900.34,23.33,1
8545,DECODE,998,0,998,899.85,23.50,1
8546,EXTEND,2,134,0,73.50,16.05,1
8547,DECODE,999,0,999,899.52,23.44,1
8548,EXTEND,1,155,0,162.00,16.29,1
8549,DECODE,999,0,999,900.30,23.38,1
8550,EXTEND,1,53,0,63.00,15.84,1
8551,DECODE,1000,0,1000,900.46,23.21,1
8552,DECODE,1000,0,1000,901.46,23.63,1
8553,DECODE,1000,0,1000,902.46,23.45,1
8554,DECODE,999,0,999,903.44,23.61,1
8555,EXTEND,1,119,0,124.00,16.31,1
8556,DECODE,1000,0,1000,903.66,23.42,1
8557,DECODE,1000,0,1000,904.66,23.34,1
8558,DECODE,998,0,998,904.77,23.60,1
8559,EXTEND,2,217,0,123.00,16.40,1
8560,DECODE,999,0,999,904.41,23.77,1
8561,EXTEND,1,61,0,69.00,16.21,1
8562,DECODE,1000,0,1000,904.57,23.33,1
8563,DECODE,1000,0,1000,905.57,23.58,1
8564,DECODE,998,0,998,905.37,23.84,1
8565,EXTEND,2,140,0,81.50,16.40,1
8566,EXTEND,4,368,0,100.50,15.90,1
8567,DECODE,1000,0,1000,899.89,23.24,1
8568,DECODE,1000,0,1000,900.89,23.48,1
8569,DECODE,998,0,998,902.41,23.51,1
8570,EXTEND,2,146,0,85.50,16.21,1
8571,EXTEND,1,55,0,59.00,15.71,1
8572,DECODE,1000,0,1000,900.50,23.28,1
8573,DECODE,1000,0,1000,901.50,23.41,1
8574,DECODE,1000,0,1000,902.50,23.38,1
8575,DECODE,998,0,998,902.86,23.63,1
8576,EXTEND,2,211,0,114.00,24.18,1
8577,EXTEND,1,70,0,74.00,15.80,1
8578,EXTEND,2,133,0,82.50,15.70,1
8579,DECODE,1000,0,1000,900.97,23.28,1
8580,DECODE,1000,0,1000,901.97,23.35,1
8581,DECODE,1000,0,1000,902.97,23.56,1
8582,DECODE,999,0,999,902.31,24.00,1
8583,EXTEND,1,73,0,77.00,16.06,1
8584,EXTEND,4,290,0,83.00,15.98,1
8585,DECODE,1000,0,1000,898.15,23.26,1
8586,DECODE,1000,0,1000,899.15,23.28,1
8587,DECODE,999,0,999,900.39,23.53,1
8588,EXTEND,1,52,0,58.00,16.39,1
8589,EXTEND,1,66,0,72.00,15.98,1
8590,EXTEND,1,113,0,118.00,15.91,1
8591,DECODE,1000,0,1000,896.80,23.13,1
8592,DECODE,1000,0,1000,897.80,23.32,1
8593,DECODE,999,0,999,899.30,23.63,1
8594,EXTEND,1,66,0,79.00,18.00,1
8595,EXTEND,2,337,0,180.00,16.46,1
8596,EXTEND,2,125,0,68.50,15.15,1
8597,DECODE,1000,0,1000,895.80,23.28,1
8598,DECODE,1000,0,1000,896.80,23.58,1
8599,DECODE,998,0,998,898.77,23.75,1
8600,EXTEND,2,123,0,68.00,16.02,1
8601,EXTEND,3,255,0,96.33,15.91,1
8602,DECODE,1000,0,1000,896.09,23.75,1
8603,DECODE,1000,0,1000,897.09,23.26,1
8604,DECODE,1000,0,1000,898.09,23.53,1
8605,DECODE,999,0,999,898.03,23.64,1
8606,EXTEND,1,86,0,90.00,17.46,1
8607,EXTEND,1,49,0,62.00,16.28,1
8608,EXTEND,1,97,0,102.00,16.03,1
8609,DECODE,1000,0,1000,896.93,23.18,1
8610,DECODE,1000,0,1000,897.93,23.26,1
8611,DECODE,1000,0,1000,898.93,23.79,1
8612,DECODE,998,0,998,898.85,23.76,1
8613,EXTEND,2,174,0,103.00,16.71,1
8614,EXTEND,1,39,0,44.00,15.94,1
8615,EXTEND,1,139,0,144.00,15.75,1
8616,DECODE,1000,0,1000,897.40,23.23,1
8617,DECODE,1000,0,1000,898.40,23.50,1
8618,DECODE,1000,0,1000,899.40,23.51,1
8619,DECODE,999,0,999,900.89,23.57,1
8620,EXTEND,1,97,0,102.00,15.95,1
8621,EXTEND,1,55,0,63.00,17.34,1
8622,DECODE,1000,0,1000,899.51,23.44,1
8623,DECODE,1000,0,1000,900.51,23.52,1
8624,DECODE,999,0,999,901.72,23.95,1
8625,EXTEND,1,92,0,97.00,15.97,1
8626,EXTEND,2,161,0,88.50,15.81,1
8627,EXTEND,1,32,0,37.00,15.62,1
8628,DECODE,1000,0,1000,900.59,23.53,1
8629,DECODE,1000,0,1000,901.59,23.63,1
8630,DECODE,999,0,999,902.89,23.88,1
8631,EXTEND,1,48,0,56.00,16.15,1
8632,DECODE,1000,0,1000,903.04,23.57,1
8633,DECODE,1000,0,1000,904.04,23.78,1
8634,DECODE,998,0,998,904.45,24.27,1
8635,EXTEND,2,88,0,51.50,17.13,1
8636,EXTEND,1,64,0,79.00,15.88,1
8637,EXTEND,1,126,0,133.00,15.69,1
8638,DECODE,1000,0,1000,900.13,23.32,1
8639,DECODE,1000,0,1000,901.13,23.75,1
8640,DECODE,999,0,999,900.47,24.20,1
8641,EXTEND,1,197,0,203.00,16.54,1
8642,EXTEND,1,62,0,71.00,15.80,1
8643,EXTEND,1,87,0,92.00,15.60,1
8644,DECODE,1000,0,1000,899.71,23.62,1
8645,DECODE,1000,0,1000,900.71,25.69,1
8646,DECODE,997,0,997,902.32,24.32,1
8647,EXTEND,3,303,0,120.33,16.15,1
8648,EXTEND,1,54,0,62.00,15.38,1
8649,DECODE,1000,0,1000,900.51,23.39,1
8650,DECODE,1000,0,1000,901.51,23.85,1
8651,DECODE,1000,0,1000,902.51,23.75,1
8652,DECODE,1000,0,1000,903.51,23.49,1
8653,DECODE,1000,0,1000,904.51,23.52,1
8654,DECODE,1000,0,1000,905.51,23.56,1
8655,DECODE,998,0,998,907.20,23.80,1
8656,EXTEND,2,90,0,57.00,15.90,1
8657,EXTEND,1,73,0,102.00,15.70,1
8658,EXTEND,2,288,0,150.50,15.55,1
8659,DECODE,1000,0,1000,902.42,23.41,1
8660,DECODE,1000,0,1000,903.42,23.40,1
8661,DECODE,1000,0,1000,904.42,23.46,1
8662,DECODE,998,0,998,904.94,23.78,1
8663,EXTEND,2,156,0,87.00,15.84,1
8664,EXTEND,1,98,0,104.00,16.99,1
8665,EXTEND,1,50,0,54.00,15.40,1
8666,DECODE,1000,0,1000,900.62,23.49,1
8667,DECODE,1000,0,1000,901.62,23.49,1
8668,DECODE,1000,0,1000,902.62,23.66,1
8669,DECODE,1000,0,1000,903.62,23.63,1
8670,DECODE,1000,0,1000,904.62,23.85,1
8671,DECODE,998,0,998,904.38,24.18,1
8672,EXTEND,2,95,0,55.50,17.11,1
8673,EXTEND,1,43,0,48.00,15.63,1
8674,DECODE,1000,0,1000,902.42,23.86,1
8675,DECODE,1000,0,1000,903.42,23.44,1
8676,DECODE,998,0,998,902.36,24.00,1
8677,EXTEND,2,217,0,121.50,16.74,1
8678,EXTEND,1,150,0,158.00,16.43,1
8679,EXTEND,1,251,0,264.00,24.65,1
8680,DECODE,1000,0,1000,900.26,23.82,1
8681,DECODE,1000,0,1000,901.26,23.79,1
8682,DECODE,1000,0,1000,902.26,23.82,1
8683,DECODE,1000,0,1000,903.26,23.79,1
8684,DECODE,1000,0,1000,904.26,23.92,1
8685,DECODE,997,0,997,902.43,23.64,1
8686,EXTEND,3,249,0,94.33,16.20,1
8687,DECODE,1000,0,1000,901.00,23.50,1
8688,DECODE,1000,0,1000,902.00,23.80,1
8689,DECODE,1000,0,1000,903.00,23.65,1
8690,DECODE,999,0,999,903.99,24.03,1
8691,EXTEND,1,97,0,101.00,15.94,1
8692,EXTEND,1,166,0,171.00,15.63,1
8693,DECODE,1000,0,1000,903.68,23.71,1
8694,DECODE,1000,0,1000,904.68,23.86,1
8695,DECODE,999,0,999,905.31,24.29,1
8696,EXTEND,1,62,0,67.00,18.62,1
8697,DECODE,998,0,998,905.87,24.03,1
8698,EXTEND,2,191,0,103.00,18.63,1
8699,DECODE,999,0,999,904.78,24.14,1
8700,EXTEND,1,98,0,104.00,17.39,1
8701,DECODE,1000,0,1000,904.98,23.84,1
8702,DECODE,1000,0,1000,905.98,23.51,1
8703,DECODE,1000,0,1000,906.98,23.72,1
8704,DECODE,999,0,999,908.52,24.11,1
8705,EXTEND,1,53,0,63.00,16.20,1
8706,DECODE,999,0,999,908.49,23.75,1
8707,EXTEND,1,94,0,98.00,15.71,1
8708,DECODE,999,0,999,909.15,23.77,1
8709,EXTEND,1,103,0,108.00,15.79,1
8710,DECODE,999,0,999,908.06,23.86,1
8711,EXTEND,1,45,0,50.00,15.95,1
8712,DECODE,1000,0,1000,908.20,23.86,1
8713,DECODE,1000,0,1000,909.20,23.86,1
8714,DECODE,1000,0,1000,910.20,23.80,1
8715,DECODE,998,0,998,912.06,23.83,1
8716,EXTEND,2,240,0,126.50,16.66,1
8717,EXTEND,1,39,0,46.00,16.44,1
8718,DECODE,1000,0,1000,910.50,23.86,1
8719,DECODE,1000,0,1000,911.50,24.67,1
8720,DECODE,999,0,999,912.75,24.88,1
8721,EXTEND,1,72,0,82.00,18.11,1
8722,EXTEND,1,66,0,79.00,17.22,1
8723,EXTEND,1,76,0,84.00,16.36,1
8724,DECODE,1000,0,1000,911.37,23.82,1
8725,DECODE,1000,0,1000,912.37,23.98,1
8726,DECODE,1000,0,1000,913.37,24.05,1
8727,DECODE,999,0,999,914.60,24.06,1
8728,EXTEND,1,198,0,213.00,23.49,1
8729,DECODE,999,0,999,915.43,24.25,1
8730,EXTEND,1,110,0,116.00,16.96,1
8731,DECODE,1000,0,1000,915.63,24.00,1
8732,DECODE,1000,0,1000,916.63,23.77,1
8733,DECODE,1000,0,1000,917.63,24.01,1
8734,DECODE,999,0,999,918.55,24.18,1
8735,EXTEND,1,249,0,254.00,17.11,1
8736,EXTEND,2,184,0,99.50,16.63,1
8737,EXTEND,1,70,0,77.00,16.54,1
8738,DECODE,1000,0,1000,917.75,24.35,1
8739,DECODE,1000,0,1000,918.75,24.40,1
8740,DECODE,999,0,999,918.10,24.86,1
8741,EXTEND,1,88,0,94.00,16.46,1
8742,DECODE,999,0,999,918.71,24.26,1
8743,EXTEND,1,104,0,109.00,16.62,1
8744,DECODE,999,0,999,917.25,24.07,1
8745,EXTEND,1,55,0,63.00,16.12,1
8746,DECODE,1000,0,1000,917.40,23.91,1
8747,DECODE,1000,0,1000,918.40,24.02,1
8748,DECODE,999,0,999,918.13,24.23,1
8749,EXTEND,1,70,0,76.00,16.06,1
8750,EXTEND,1,79,0,87.00,16.03,1
8751,EXTEND,1,41,0,49.00,15.70,1
8752,DECODE,1000,0,1000,915.47,23.66,1
8753,DECODE,1000,0,1000,916.47,23.71,1
8754,DECODE,997,0,997,917.89,23.96,1
8755,EXTEND,3,210,0,75.67,16.15,1
8756,DECODE,1000,0,1000,916.36,23.71,1
8757,DECODE,1000,0,1000,917.36,23.73,1
8758,DECODE,999,0,999,918.93,23.99,1
8759,EXTEND,1,46,0,53.00,16.70,1
8760,DECODE,1000,0,1000,919.06,23.77,1
8761,DECODE,1000,0,1000,920.06,23.85,1
8762,DECODE,999,0,999,920.33,24.39,1
8763,EXTEND,1,74,0,80.00,16.40,1
8764,EXTEND,2,206,0,109.50,15.76,1
8765,DECODE,1000,0,1000,919.72,23.76,1
8766,DECODE,1000,0,1000,920.72,23.82,1
8767,DECODE,999,0,999,922.13,24.34,1
8768,EXTEND,1,37,0,48.00,16.19,1
8769,DECODE,999,0,999,922.53,24.42,1
8770,EXTEND,1,43,0,49.00,16.44,1
8771,DECODE,999,0,999,921.01,23.98,1
8772,EXTEND,1,46,0,69.00,16.08,1
8773,DECODE,997,0,997,921.20,24.14,1
8774,EXTEND,3,203,0,72.67,15.88,1
8775,DECODE,1000,0,1000,919.65,23.71,1
8776,DECODE,1000,0,1000,920.65,23.81,1
8777,DECODE,998,0,998,919.78,24.22,1
8778,EXTEND,2,223,0,119.00,16.31,1
8779,EXTEND,2,170,0,90.00,19.16,1
8780,DECODE,1000,0,1000,916.31,23.89,1
8781,DECODE,1000,0,1000,917.31,23.86,1
8782,DECODE,1000,0,1000,918.31,23.90,1
8783,DECODE,999,0,999,919.37,23.95,1
8784,EXTEND,1,154,0,213.00,15.75,1
8785,EXTEND,1,68,0,75.00,15.56,1
8786,EXTEND,1,103,0,119.00,15.69,1
8787,DECODE,1000,0,1000,918.93,23.79,1
8788,DECODE,1000,0,1000,919.93,23.80,1
8789,DECODE,999,0,999,920.81,24.02,1
8790,EXTEND,1,65,0,81.00,15.77,1
8791,DECODE,999,0,999,921.59,23.96,1
8792,EXTEND,1,93,0,98.00,16.02,1
8793,DECODE,1000,0,1000,921.77,23.85,1
8794,DECODE,1000,0,1000,922.77,23.82,1
8795,DECODE,997,0,997,924.30,24.23,1
8796,EXTEND,3,305,0,106.33,16.20,1
8797,DECODE,998,0,998,921.95,23.99,1
8798,EXTEND,2,243,0,127.00,16.03,1
8799,DECODE,997,0,997,922.11,24.23,1
8800,EXTEND,3,225,0,83.67,15.90,1
8801,DECODE,1000,0,1000,920.60,23.75,1
8802,DECODE,1000,0,1000,921.60,23.97,1
8803,DECODE,1000,0,1000,922.60,23.79,1
8804,DECODE,998,0,998,924.22,23.97,1
8805,EXTEND,2,136,0,76.00,15.55,1
8806,DECODE,998,0,998,923.08,23.98,1
8807,EXTEND,2,118,0,66.00,15.75,1
8808,DECODE,998,0,998,921.18,23.84,1
8809,EXTEND,2,152,0,93.50,15.36,1
8810,DECODE,999,0,999,919.91,23.96,1
8811,EXTEND,1,69,0,75.00,15.72,1
8812,DECODE,999,0,999,919.75,23.85,1
8813,EXTEND,1,94,0,99.00,15.65,1
8814,DECODE,999,0,999,919.55,23.88,1
8815,EXTEND,1,67,0,81.00,15.87,1
8816,DECODE,997,0,997,918.74,23.81,1
8817,EXTEND,3,185,0,72.67,15.91,1
8818,DECODE,1000,0,1000,917.20,23.61,1
8819,DECODE,1000,0,1000,918.20,23.76,1
8820,DECODE,999,0,999,919.57,23.87,1
8821,EXTEND,1,61,0,75.00,16.27,1
8822,DECODE,998,0,998,920.29,23.90,1
8823,EXTEND,2,99,0,72.00,16.24,1
8824,DECODE,1000,0,1000,919.59,23.83,1
8825,DECODE,1000,0,1000,920.59,23.71,1
8826,DECODE,1000,0,1000,921.59,23.72,1
8827,DECODE,1000,0,1000,922.59,23.67,1
8828,DECODE,1000,0,1000,923.59,23.70,1
8829,DECODE,999,0,999,924.38,24.01,1
8830,EXTEND,1,51,0,63.00,16.96,1
8831,EXTEND,1,60,0,72.00,17.07,1
8832,EXTEND,1,102,0,108.00,15.94,1
8833,DECODE,1000,0,1000,923.12,23.93,1
8834,DECODE,1000,0,1000,924.12,24.00,1
8835,DECODE,1000,0,1000,925.12,24.14,1
8836,DECODE,998,0,998,923.80,24.29,1
8837,EXTEND,2,137,0,76.50,15.54,1
8838,EXTEND,1,47,0,62.00,16.00,1
8839,EXTEND,2,212,0,115.00,15.61,1
8840,DECODE,1000,0,1000,922.17,23.69,1
8841,DECODE,1000,0,1000,923.17,23.69,1
8842,DECODE,1000,0,1000,924.17,24.09,1
8843,DECODE,1000,0,1000,925.17,24.15,1
8844,DECODE,997,0,997,926.82,24.31,1
8845,EXTEND,3,279,0,101.67,25.99,1
8846,DECODE,1000,0,1000,925.34,24.43,1
8847,DECODE,1000,0,1000,926.34,23.98,1
8848,DECODE,998,0,998,928.37,25.41,1
8849,EXTEND,2,141,0,75.50,17.16,1
8850,EXTEND,1,66,0,73.00,16.14,1
8851,EXTEND,1,88,0,94.00,15.75,1
8852,DECODE,1000,0,1000,924.19,23.99,1
8853,DECODE,1000,0,1000,925.19,24.03,1
8854,DECODE,1000,0,1000,926.19,24.07,1
8855,DECODE,999,0,999,926.04,24.27,1
8856,EXTEND,1,136,0,141.00,16.31,1
8857,EXTEND,1,121,0,125.00,16.37,1
8858,DECODE,1000,0,1000,923.92,24.02,1
8859,DECODE,1000,0,1000,924.92,23.90,1
8860,DECODE,1000,0,1000,925.92,24.05,1
8861,DECODE,1000,0,1000,926.92,24.01,1
8862,DECODE,999,0,999,928.31,24.24,1
8863,EXTEND,1,98,0,105.00,16.38,1
8864,DECODE,998,0,998,927.96,24.14,1
8865,EXTEND,2,121,0,73.50,24.60,1
8866,DECODE,998,0,998,928.19,24.24,1
8867,EXTEND,2,76,0,46.00,15.67,1
8868,DECODE,999,0,999,927.31,24.10,1
8869,EXTEND,1,124,0,128.00,15.88,1
8870,DECODE,998,0,998,925.28,24.09,1
8871,EXTEND,2,203,0,110.00,15.79,1
8872,DECODE,1000,0,1000,924.65,23.76,1
8873,DECODE,1000,0,1000,925.65,23.90,1
8874,DECODE,999,0,999,925.01,24.41,1
8875,EXTEND,1,40,0,45.00,16.03,1
8876,DECODE,999,0,999,925.39,24.13,1
8877,EXTEND,1,134,0,139.00,16.14,1
8878,DECODE,1000,0,1000,925.60,23.77,1
8879,DECODE,1000,0,1000,926.60,26.39,1
8880,DECODE,999,0,999,928.10,25.44,1
8881,EXTEND,1,323,0,330.00,16.83,1
8882,DECODE,999,0,999,928.95,24.72,1
8883,EXTEND,1,58,0,67.00,16.53,1
8884,DECODE,998,0,998,929.49,24.59,1
8885,EXTEND,2,258,0,138.00,16.05,1
8886,DECODE,999,0,999,928.92,24.40,1
8887,EXTEND,1,76,0,81.00,16.22,1
8888,DECODE,999,0,999,929.42,24.18,1
8889,EXTEND,1,36,0,45.00,15.93,1
8890,DECODE,1000,0,1000,929.54,23.97,1
8891,DECODE,1000,0,1000,930.54,24.15,1
8892,DECODE,1000,0,1000,931.54,24.23,1
8893,DECODE,999,0,999,932.71,24.53,1
8894,EXTEND,1,93,0,110.00,16.04,1
8895,EXTEND,1,50,0,62.00,18.01,1
8896,DECODE,1000,0,1000,930.39,24.47,1
8897,DECODE,1000,0,1000,931.39,23.96,1
8898,DECODE,1000,0,1000,932.39,24.20,1
8899,DECODE,997,0,997,934.87,24.18,1
8900,EXTEND,3,171,0,67.00,16.26,1
8901,EXTEND,1,94,0,102.00,15.62,1
8902,EXTEND,1,60,0,81.00,16.46,1
8903,DECODE,1000,0,1000,930.42,23.80,1
8904,DECODE,1000,0,1000,931.42,24.13,1
8905,DECODE,1000,0,1000,932.42,24.20,1
8906,DECODE,998,0,998,933.59,24.29,1
8907,EXTEND,2,363,0,187.50,22.74,1
8908,EXTEND,1,57,0,63.00,15.73,1
8909,DECODE,1000,0,1000,932.75,24.05,1
8910,DECODE,1000,0,1000,933.75,24.06,1
8911,DECODE,999,0,999,935.38,24.44,1
8912,EXTEND,1,118,0,136.00,16.31,1
8913,EXTEND,2,120,0,83.50,15.95,1
8914,EXTEND,2,147,0,79.00,15.66,1
8915,DECODE,1000,0,1000,933.37,23.89,1
8916,DECODE,1000,0,1000,934.37,24.03,1
8917,DECODE,998,0,998,935.80,24.36,1
8918,EXTEND,2,162,0,86.50,16.57,1
8919,EXTEND,3,183,0,69.00,15.84,1
8920,DECODE,1000,0,1000,929.46,23.83,1
8921,DECODE,1000,0,1000,930.46,24.32,1
8922,DECODE,1000,0,1000,931.46,24.45,1
8923,DECODE,998,0,998,933.25,24.58,1
8924,EXTEND,2,111,0,61.50,17.98,1
8925,EXTEND,4,329,0,89.50,16.13,1
8926,DECODE,1000,0,1000,930.26,24.33,1
8927,DECODE,1000,0,1000,931.26,24.00,1
8928,DECODE,1000,0,1000,932.26,24.12,1
8929,DECODE,999,0,999,933.77,24.42,1
8930,EXTEND,1,34,0,39.00,16.98,1
8931,EXTEND,2,145,0,77.50,16.41,1
8932,EXTEND,1,80,0,89.00,16.22,1
8933,DECODE,1000,0,1000,930.08,24.16,1
8934,DECODE,1000,0,1000,931.08,23.86,1
8935,DECODE,1000,0,1000,932.08,24.03,1
8936,DECODE,1000,0,1000,933.08,24.05,1
8937,DECODE,999,0,999,933.81,24.54,1
8938,EXTEND,1,68,0,76.00,15.93,1
8939,EXTEND,2,96,0,64.00,15.76,1
8940,EXTEND,2,162,0,96.50,15.55,1
8941,DECODE,1000,0,1000,929.64,23.74,1
8942,DECODE,1000,0,1000,930.64,23.98,1
8943,DECODE,1000,0,1000,931.64,23.96,1
8944,DECODE,996,0,996,932.94,24.26,1
8945,EXTEND,4,426,0,111.75,21.82,1
8946,EXTEND,2,117,0,70.00,16.98,1
8947,EXTEND,2,163,0,88.00,16.08,1
8948,DECODE,1000,0,1000,923.15,23.66,1
8949,DECODE,1000,0,1000,924.15,23.77,1
8950,DECODE,1000,0,1000,925.15,23.90,1
8951,DECODE,1000,0,1000,926.15,24.11,1
8952,DECODE,999,0,999,925.52,24.03,1
8953,EXTEND,1,124,0,131.00,16.03,1
8954,EXTEND,1,56,0,65.00,15.60,1
8955,EXTEND,1,58,0,62.00,15.49,1
8956,DECODE,1000,0,1000,922.88,23.76,1
8957,DECODE,1000,0,1000,923.88,23.83,1
8958,DECODE,999,0,999,924.51,24.18,1
8959,EXTEND,1,61,0,67.00,16.03,1
8960,EXTEND,2,131,0,74.00,15.83,1
8961,DECODE,1000,0,1000,923.72,23.92,1
8962,DECODE,1000,0,1000,924.72,24.08,1
8963,DECODE,999,0,999,924.08,24.23,1
8964,EXTEND,1,82,0,93.00,16.31,1
8965,EXTEND,1,69,0,85.00,16.04,1
8966,EXTEND,2,171,0,96.50,15.87,1
8967,DECODE,1000,0,1000,922.75,23.80,1
8968,DECODE,1000,0,1000,923.75,23.94,1
8969,DECODE,1000,0,1000,924.75,24.20,1
8970,DECODE,1000,0,1000,925.75,24.07,1
8971,DECODE,998,0,998,927.25,24.51,1
8972,EXTEND,2,317,0,169.00,23.37,1
8973,DECODE,1000,0,1000,926.73,23.81,1
8974,DECODE,1000,0,1000,927.73,24.01,1
8975,DECODE,999,0,999,928.66,24.33,1
8976,EXTEND,1,60,0,67.00,16.40,1
8977,EXTEND,1,111,0,131.00,16.01,1
8978,EXTEND,1,54,0,66.00,15.64,1
8979,DECODE,1000,0,1000,926.00,23.77,1
8980,DECODE,1000,0,1000,927.00,24.11,1
8981,DECODE,999,0,999,926.37,24.46,1
8982,EXTEND,1,80,0,85.00,16.95,1
8983,EXTEND,1,75,0,86.00,16.33,1
8984,EXTEND,1,53,0,60.00,17.71,1
8985,DECODE,1000,0,1000,923.59,25.71,1
8986,DECODE,1000,0,1000,924.59,24.78,1
8987,DECODE,1000,0,1000,925.59,23.81,1
8988,DECODE,1000,0,1000,926.59,23.85,1
8989,DECODE,1000,0,1000,927.59,24.12,1
8990,DECODE,998,0,998,927.27,24.03,1
8991,EXTEND,2,314,0,162.50,16.15,1
8992,EXTEND,1,100,0,110.00,15.60,1
8993,EXTEND,2,144,0,84.00,15.73,1
8994,DECODE,1000,0,1000,920.66,23.64,1
8995,DECODE,1000,0,1000,921.66,23.75,1
8996,DECODE,998,0,998,921.65,24.32,1
8997,EXTEND,2,138,0,81.50,15.89,1
8998,DECODE,1000,0,1000,920.97,23.63,1
8999,DECODE,1000,0,1000,921.97,28.50,1
9000,DECODE,1000,0,1000,922.97,25.80,1
9001,DECODE,1000,0,1000,923.97,28.63,1
9002,DECODE,999,0,999,925.19,26.00,1
9003,EXTEND,1,127,0,131.00,16.23,1
9004,EXTEND,1,62,0,68.00,15.94,1
9005,EXTEND,1,75,0,80.00,15.73,1
9006,DECODE,1000,0,1000,924.45,24.10,1
9007,DECODE,1000,0,1000,925.45,23.74,1
9008,DECODE,1000,0,1000,926.45,23.75,1
9009,DECODE,1000,0,1000,927.45,23.85,1
9010,DECODE,1000,0,1000,928.45,23.75,1
9011,DECODE,999,0,999,929.57,24.07,1
9012,EXTEND,1,75,0,85.00,15.82,1
9013,DECODE,997,0,997,929.82,23.96,1
9014,EXTEND,3,221,0,83.33,24.98,1
9015,DECODE,999,0,999,928.47,24.05,1
9016,EXTEND,1,83,0,94.00,16.71,1
9017,DECODE,998,0,998,928.78,23.83,1
9018,EXTEND,2,126,0,70.00,16.77,1
9019,DECODE,1000,0,1000,928.06,23.89,1
9020,DECODE,1000,0,1000,929.06,23.85,1
9021,DECODE,998,0,998,931.11,24.03,1
9022,EXTEND,2,104,0,62.50,15.80,1
9023,EXTEND,1,78,0,84.00,25.07,1
9024,DECODE,1000,0,1000,928.96,28.73,1
9025,DECODE,1000,0,1000,929.96,25.89,1
9026,DECODE,1000,0,1000,930.96,24.12,1
9027,DECODE,999,0,999,930.33,23.97,1
9028,EXTEND,1,64,0,69.00,15.81,1
9029,EXTEND,2,126,0,70.00,15.61,1
9030,EXTEND,1,60,0,69.00,16.12,1
9031,DECODE,1000,0,1000,927.82,23.67,1
9032,DECODE,1000,0,1000,928.82,23.87,1
9033,DECODE,1000,0,1000,929.82,24.14,1
9034,DECODE,998,0,998,928.78,23.89,1
9035,EXTEND,2,169,0,91.00,17.65,1
9036,EXTEND,1,74,0,86.00,17.75,1
9037,DECODE,1000,0,1000,927.65,23.86,1
9038,DECODE,1000,0,1000,928.65,23.96,1
9039,DECODE,1000,0,1000,929.65,24.22,1
9040,DECODE,998,0,998,929.32,24.43,1
9041,EXTEND,2,111,0,65.50,16.62,1
9042,DECODE,997,0,997,929.76,23.90,1
9043,EXTEND,3,177,0,71.00,16.36,1
9044,DECODE,1000,0,1000,928.19,23.92,1
9045,DECODE,1000,0,1000,929.19,23.82,1
9046,DECODE,999,0,999,929.86,24.25,1
9047,EXTEND,1,74,0,78.00,16.59,1
9048,EXTEND,1,68,0,76.00,15.97,1
9049,EXTEND,1,99,0,116.00,15.28,1
9050,DECODE,1000,0,1000,927.78,23.80,1
9051,DECODE,1000,0,1000,928.78,23.75,1
9052,DECODE,1000,0,1000,929.78,23.85,1
9053,DECODE,1000,0,1000,930.78,23.97,1
9054,DECODE,1000,0,1000,931.78,24.05,1
9055,DECODE,999,0,999,933.41,24.62,1
9056,EXTEND,1,93,0,102.00,16.74,1
9057,EXTEND,1,53,0,80.00,15.97,1
9058,EXTEND,1,42,0,56.00,15.63,1
9059,DECODE,1000,0,1000,932.77,24.18,1
9060,DECODE,1000,0,1000,933.77,24.15,1
9061,DECODE,1000,0,1000,934.77,24.23,1
9062,DECODE,999,0,999,935.53,24.32,1
9063,EXTEND,1,122,0,143.00,15.95,1
9064,DECODE,1000,0,1000,935.74,23.94,1
9065,DECODE,1000,0,1000,936.74,24.08,1
9066,DECODE,1000,0,1000,937.74,24.19,1
9067,DECODE,1000,0,1000,938.74,24.29,1
9068,DECODE,999,0,999,938.12,24.47,1
9069,EXTEND,1,34,0,40.00,15.92,1
9070,DECODE,1000,0,1000,938.22,24.17,1
9071,DECODE,1000,0,1000,939.22,24.57,1
9072,DECODE,999,0,999,940.21,25.56,1
9073,EXTEND,1,73,0,77.00,17.57,1
9074,EXTEND,1,64,0,86.00,17.14,1
9075,DECODE,1000,0,1000,938.73,24.33,1
9076,DECODE,1000,0,1000,939.73,24.34,1
9077,DECODE,1000,0,1000,940.73,24.46,1
9078,DECODE,999,0,999,940.11,24.67,1
9079,EXTEND,1,109,0,114.00,22.89,1
9080,EXTEND,1,110,0,118.00,21.08,1
9081,EXTEND,1,245,0,250.00,16.95,1
9082,DECODE,1000,0,1000,938.47,24.72,1
9083,DECODE,1000,0,1000,939.47,24.47,1
9084,DECODE,1000,0,1000,940.47,24.40,1
9085,DECODE,1000,0,1000,941.47,23.96,1
9086,DECODE,1000,0,1000,942.47,24.53,1
9087,DECODE,998,0,998,941.98,24.98,1
9088,EXTEND,2,108,0,68.00,16.24,1
9089,EXTEND,2,235,0,127.00,16.64,1
9090,EXTEND,2,185,0,98.50,16.47,1
9091,DECODE,1000,0,1000,937.22,24.29,1
9092,DECODE,1000,0,1000,938.22,24.44,1
9093,DECODE,1000,0,1000,939.22,24.36,1
9094,DECODE,998,0,998,940.92,24.18,1
9095,EXTEND,2,168,0,90.00,15.98,1
9096,DECODE,1000,0,1000,940.22,24.04,1
9097,DECODE,1000,0,1000,941.22,24.09,1
9098,DECODE,1000,0,1000,942.22,24.11,1
9099,DECODE,1000,0,1000,943.22,24.04,1
9100,DECODE,999,0,999,944.66,24.12,1
9101,EXTEND,1,75,0,85.00,15.72,1
9102,DECODE,1000,0,1000,944.80,23.90,1
9103,DECODE,1000,0,1000,945.80,24.01,1
9104,DECODE,998,0,998,947.46,24.30,1
9105,EXTEND,2,113,0,64.50,16.06,1
9106,EXTEND,1,46,0,52.00,15.68,1
9107,EXTEND,1,107,0,122.00,15.49,1
9108,DECODE,1000,0,1000,945.84,23.94,1
9109,DECODE,1000,0,1000,946.84,24.06,1
9110,DECODE,1000,0,1000,947.84,24.42,1
9111,DECODE,999,0,999,947.23,24.77,1
9112,DECODE,998,0,998,947.76,24.25,1
9113,DECODE,998,0,998,948.76,24.38,1
9114,DECODE,997,0,997,950.18,24.27,1
9115,DECODE,997,0,997,951.18,24.23,1
9116,DECODE,996,0,996,951.19,24.17,1
9117,DECODE,995,0,995,950.57,24.52,1
9118,DECODE,995,0,995,951.57,24.30,1
9119,DECODE,994,0,994,952.27,24.30,1
9120,DECODE,993,0,993,953.87,24.27,1
9121,DECODE,993,0,993,954.87,24.40,1
9122,DECODE,993,0,993,955.87,24.34,1
9123,DECODE,993,0,993,956.87,24.26,1
9124,DECODE,992,0,992,958.15,29.49,1
9125,DECODE,990,0,990,958.15,24.13,1
9126,DECODE,990,0,990,959.15,24.02,1
9127,DECODE,990,0,990,960.15,24.14,1
9128,DECODE,990,0,990,961.15,24.03,1
9129,DECODE,990,0,990,962.15,24.16,1
9130,DECODE,989,0,989,963.72,26.29,1
9131,DECODE,988,0,988,965.04,26.05,1
9132,DECODE,986,0,986,964.76,24.04,1
9133,DECODE,984,0,984,966.85,26.90,1
9134,DECODE,983,0,983,967.59,27.51,1
9135,DECODE,982,0,982,969.01,24.01,1
9136,DECODE,981,0,981,970.10,24.14,1
9137,DECODE,980,0,980,970.36,26.12,1
9138,DECODE,979,0,979,969.74,24.25,1
9139,DECODE,978,0,978,969.11,24.31,1
9140,DECODE,977,0,977,968.48,24.22,1
9141,DECODE,977,0,977,969.48,24.26,1
9142,DECODE,973,0,973,968.63,26.12,1
9143,DECODE,973,0,973,969.63,23.99,1
9144,DECODE,972,0,972,968.99,23.76,1
9145,DECODE,971,0,971,970.49,26.02,1
9146,DECODE,970,0,970,971.92,26.27,1
9147,DECODE,966,0,966,972.09,28.45,1
9148,DECODE,966,0,966,973.09,24.16,1
9149,DECODE,965,0,965,972.45,26.63,1
9150,DECODE,965,0,965,973.45,24.57,1
9151,DECODE,965,0,965,974.45,23.91,1
9152,DECODE,965,0,965,975.45,23.97,1
9153,DECODE,964,0,964,977.08,26.64,1
9154,DECODE,963,0,963,977.00,26.79,1
9155,DECODE,963,0,963,978.00,24.22,1
9156,DECODE,960,0,960,979.04,30.15,1
9157,DECODE,960,0,960,980.04,23.54,1
9158,DECODE,960,0,960,981.04,23.55,1
9159,DECODE,959,0,959,982.21,28.32,1
9160,DECODE,959,0,959,983.21,23.87,1
9161,DECODE,959,0,959,984.21,23.82,1
9162,DECODE,959,0,959,985.21,23.80,1
9163,DECODE,959,0,959,986.21,23.81,1
9164,DECODE,959,0,959,987.21,23.99,1
9165,DECODE,959,0,959,988.21,23.72,1
9166,DECODE,959,0,959,989.21,23.72,1
9167,DECODE,959,0,959,990.21,23.93,1
9168,DECODE,959,0,959,991.21,24.13,1
9169,DECODE,959,0,959,992.21,24.07,1
9170,DECODE,959,0,959,993.21,31.04,1
9171,DECODE,959,0,959,994.21,29.16,1
9172,DECODE,958,0,958,995.63,37.70,1
9173,DECODE,957,0,957,996.62,29.11,1
9174,DECODE,956,0,956,997.93,37.90,1
9175,DECODE,956,0,956,998.93,28.52,1
9176,DECODE,956,0,956,999.93,23.60,1
9177,DECODE,955,0,955,999.55,29.11,1
9178,DECODE,954,0,954,1000.84,28.71,1
9179,DECODE,953,0,953,1002.18,28.87,1
9180,DECODE,952,0,952,1003.48,30.40,1
9181,DECODE,950,0,950,1001.84,29.66,1
9182,DECODE,949,0,949,1001.20,28.76,1
9183,DECODE,949,0,949,1002.20,23.98,1
9184,DECODE,948,0,948,1003.76,28.68,1
9185,DECODE,945,0,945,1002.42,28.61,1
9186,DECODE,945,0,945,1003.42,23.80,1
9187,DECODE,944,0,944,1004.85,29.52,1
9188,DECODE,944,0,944,1005.85,23.74,1
9189,DECODE,944,0,944,1006.85,23.71,1
9190,DECODE,944,0,944,1007.85,23.74,1
9191,DECODE,943,0,943,1008.67,29.05,1
9192,DECODE,943,0,943,1009.67,23.97,1
9193,DECODE,942,0,942,1009.03,28.94,1
9194,DECODE,941,0,941,1008.38,29.03,1
9195,DECODE,941,0,941,1009.38,23.87,1
9196,DECODE,941,0,941,1010.38,23.92,1
9197,DECODE,940,0,940,1009.73,28.64,1
9198,DECODE,940,0,940,1010.73,23.83,1
9199,DECODE,940,0,940,1011.73,23.81,1
9200,DECODE,940,0,940,1012.73,23.86,1
9201,DECODE,940,0,940,1013.73,23.95,1
9202,DECODE,935,0,935,1010.14,31.08,1
9203,DECODE,935,0,935,1011.14,23.95,1
9204,DECODE,934,0,934,1012.62,28.64,1
9205,DECODE,933,0,933,1013.50,28.87,1
9206,DECODE,932,0,932,1014.16,28.31,1
9207,DECODE,932,0,932,1015.16,23.76,1
9208,DECODE,932,0,932,1016.16,23.82,1
9209,DECODE,932,0,932,1017.16,23.86,1
9210,DECODE,932,0,932,1018.16,23.99,1
9211,DECODE,930,0,930,1015.84,28.54,1
9212,DECODE,930,0,930,1016.84,24.11,1
9213,DECODE,930,0,930,1017.84,24.00,1
9214,DECODE,930,0,930,1018.84,24.11,1
9215,DECODE,929,0,929,1018.18,28.60,1
9216,DECODE,927,0,927,1017.22,29.25,1
9217,DECODE,926,0,926,1017.20,28.93,1
9218,DECODE,926,0,926,1018.20,23.79,1
9219,DECODE,925,0,925,1018.26,28.92,1
9220,DECODE,924,0,924,1019.83,29.03,1
9221,DECODE,923,0,923,1021.10,29.85,1
9222,DECODE,922,0,922,1021.61,29.49,1
9223,DECODE,922,0,922,1022.61,23.73,1
9224,DECODE,921,0,921,1023.60,29.02,1
9225,DECODE,918,0,918,1025.56,28.36,1
9226,DECODE,918,0,918,1026.56,23.47,1
9227,DECODE,918,0,918,1027.56,24.39,1
9228,DECODE,917,0,917,1028.50,28.40,1
9229,DECODE,914,0,914,1030.78,28.16,1
9230,DECODE,912,0,912,1031.55,29.96,1
9231,DECODE,912,0,912,1032.55,22.96,1
9232,DECODE,912,0,912,1033.55,23.12,1
9233,DECODE,911,0,911,1032.88,28.14,1
9234,DECODE,911,0,911,1033.88,23.38,1
9235,DECODE,910,0,910,1035.05,28.05,1
9236,DECODE,910,0,910,1036.05,23.28,1
9237,DECODE,909,0,909,1037.34,28.15,1
9238,DECODE,908,0,908,1038.77,27.88,1
9239,DECODE,906,0,906,1039.15,28.03,1
9240,DECODE,904,0,904,1040.52,27.89,1
9241,DECODE,904,0,904,1041.52,27.65,1
9242,DECODE,904,0,904,1042.52,23.27,1
9243,DECODE,903,0,903,1043.44,28.16,1
9244,DECODE,903,0,903,1044.44,23.31,1
9245,DECODE,902,0,902,1045.74,28.31,1
9246,DECODE,902,0,902,1046.74,23.16,1
9247,DECODE,901,0,901,1048.34,28.22,1
9248,DECODE,900,0,900,1049.43,28.12,1
9249,DECODE,900,0,900,1050.43,23.05,1
9250,DECODE,900,0,900,1051.43,23.13,1
9251,DECODE,898,0,898,1051.08,28.08,1
9252,DECODE,896,0,896,1053.22,30.49,1
9253,DECODE,896,0,896,1054.22,22.93,1
9254,DECODE,896,0,896,1055.22,22.95,1
9255,DECODE,896,0,896,1056.22,22.99,1
9256,DECODE,895,0,895,1057.63,28.98,1
9257,DECODE,894,0,894,1059.31,27.05,1
9258,DECODE,894,0,894,1060.31,23.31,1
9259,DECODE,894,0,894,1061.31,23.30,1
9260,DECODE,894,0,894,1062.31,23.23,1
9261,DECODE,893,0,893,1063.43,27.17,1
9262,DECODE,893,0,893,1064.43,23.41,1
9263,DECODE,892,0,892,1065.49,26.78,1
9264,DECODE,892,0,892,1066.49,23.42,1
9265,DECODE,890,0,890,1065.38,27.14,1
9266,DECODE,890,0,890,1066.38,23.31,1
9267,DECODE,887,0,887,1066.44,27.40,1
9268,DECODE,887,0,887,1067.44,23.42,1
9269,DECODE,885,0,885,1067.73,27.12,1
9270,DECODE,884,0,884,1067.04,26.96,1
9271,DECODE,884,0,884,1068.04,23.73,1
9272,DECODE,883,0,883,1068.45,27.51,1
9273,DECODE,882,0,882,1067.95,28.46,1
9274,DECODE,880,0,880,1067.45,28.88,1
9275,DECODE,880,0,880,1068.45,23.07,1
9276,DECODE,880,0,880,1069.45,23.03,1
9277,DECODE,880,0,880,1070.45,23.14,1
9278,DECODE,880,0,880,1071.45,23.18,1
9279,DECODE,879,0,879,1071.87,27.88,1
9280,DECODE,879,0,879,1072.87,23.44,1
9281,DECODE,878,0,878,1072.47,29.04,1
9282,DECODE,878,0,878,1073.47,23.39,1
9283,DECODE,878,0,878,1074.47,23.38,1
9284,DECODE,878,0,878,1075.47,23.34,1
9285,DECODE,878,0,878,1076.47,23.56,1
9286,DECODE,877,0,877,1075.78,27.31,1
9287,DECODE,876,0,876,1076.70,27.56,1
9288,DECODE,876,0,876,1077.70,23.86,1
9289,DECODE,875,0,875,1078.96,27.76,1
9290,DECODE,875,0,875,1079.96,23.58,1
9291,DECODE,875,0,875,1080.96,23.61,1
9292,DECODE,875,0,875,1081.96,23.39,1
9293,DECODE,874,0,874,1083.37,27.25,1
9294,DECODE,873,0,873,1084.63,27.28,1
9295,DECODE,873,0,873,1085.63,23.94,1
9296,DECODE,873,0,873,1086.63,23.47,1
9297,DECODE,873,0,873,1087.63,23.53,1
9298,DECODE,872,0,872,1086.94,27.53,1
9299,DECODE,872,0,872,1087.94,23.24,1
9300,DECODE,872,0,872,1088.94,23.16,1
9301,DECODE,870,0,870,1088.51,27.13,1
9302,DECODE,870,0,870,1089.51,23.22,1
9303,DECODE,869,0,869,1089.96,27.29,1
9304,DECODE,869,0,869,1090.96,23.35,1
9305,DECODE,869,0,869,1091.96,23.29,1
9306,DECODE,869,0,869,1092.96,23.51,1
9307,DECODE,868,0,868,1092.27,27.02,1
9308,DECODE,866,0,866,1093.42,27.14,1
9309,DECODE,866,0,866,1094.42,23.34,1
9310,DECODE,866,0,866,1095.42,23.29,1
9311,DECODE,865,0,865,1097.08,27.31,1
9312,DECODE,865,0,865,1098.08,23.48,1
9313,DECODE,864,0,864,1097.39,29.75,1
9314,DECODE,864,0,864,1098.39,23.07,1
9315,DECODE,864,0,864,1099.39,24.71,1
9316,DECODE,864,0,864,1100.39,23.09,1
9317,DECODE,863,0,863,1100.40,28.32,1
9318,DECODE,860,0,860,1098.20,28.19,1
9319,DECODE,859,0,859,1097.50,28.55,1
9320,DECODE,859,0,859,1098.50,26.41,1
9321,DECODE,858,0,858,1098.62,28.23,1
9322,DECODE,858,0,858,1099.62,22.94,1
9323,DECODE,858,0,858,1100.62,24.93,1
9324,DECODE,858,0,858,1101.62,24.50,1
9325,DECODE,858,0,858,1102.62,22.95,1
9326,DECODE,858,0,858,1103.62,22.92,1
9327,DECODE,858,0,858,1104.62,22.98,1
9328,DECODE,857,0,857,1105.78,28.24,1
9329,DECODE,855,0,855,1106.12,29.56,1
9330,DECODE,855,0,855,1107.12,23.10,1
9331,DECODE,854,0,854,1108.36,27.94,1
9332,DECODE,854,0,854,1109.36,23.01,1
9333,DECODE,854,0,854,1110.36,22.99,1
9334,DECODE,853,0,853,1111.58,28.34,1
9335,DECODE,853,0,853,1112.58,23.82,1
9336,DECODE,853,0,853,1113.58,23.10,1
9337,DECODE,853,0,853,1114.58,23.33,1
9338,DECODE,852,0,852,1113.89,28.83,1
9339,DECODE,852,0,852,1114.89,22.80,1
9340,DECODE,851,0,851,1115.86,28.57,1
9341,DECODE,850,0,850,1116.77,28.93,1
9342,DECODE,849,0,849,1118.08,28.31,1
9343,DECODE,848,0,848,1118.82,27.61,1
9344,DECODE,847,0,847,1120.07,29.25,1
9345,DECODE,845,0,845,1121.08,28.03,1
9346,DECODE,845,0,845,1122.08,23.11,1
9347,DECODE,844,0,844,1121.38,29.35,1
9348,DECODE,844,0,844,1122.38,22.83,1
9349,DECODE,843,0,843,1122.95,28.34,1
9350,DECODE,843,0,843,1123.95,23.58,1
9351,DECODE,843,0,843,1124.95,23.01,1
9352,DECODE,843,0,843,1125.95,23.01,1
9353,DECODE,843,0,843,1126.95,23.57,1
9354,DECODE,842,0,842,1128.85,31.61,1
9355,DECODE,842,0,842,1129.85,23.53,1
9356,DECODE,841,0,841,1131.63,29.47,1
9357,DECODE,841,0,841,1132.63,23.63,1
9358,DECODE,840,0,840,1133.02,29.67,1
9359,DECODE,840,0,840,1134.02,22.76,1
9360,DECODE,840,0,840,1135.02,22.72,1
9361,DECODE,840,0,840,1136.02,23.04,1
9362,DECODE,840,0,840,1137.02,23.56,1
9363,DECODE,839,0,839,1136.32,29.88,1
9364,DECODE,839,0,839,1137.32,23.23,1
9365,DECODE,839,0,839,1138.32,23.18,1
9366,DECODE,839,0,839,1139.32,23.69,1
9367,DECODE,839,0,839,1140.32,23.78,1
9368,DECODE,839,0,839,1141.32,23.38,1
9369,DECODE,839,0,839,1142.32,23.29,1
9370,DECODE,839,0,839,1143.32,23.28,1
9371,DECODE,838,0,838,1144.53,30.14,1
9372,DECODE,838,0,838,1145.53,24.46,1
9373,DECODE,838,0,838,1146.53,23.01,1
9374,DECODE,838,0,838,1147.53,23.17,1
9375,DECODE,837,0,837,1149.47,28.46,1
9376,DECODE,835,0,835,1150.68,28.46,1
9377,DECODE,835,0,835,1151.68,23.14,1
9378,DECODE,835,0,835,1152.68,23.22,1
9379,DECODE,833,0,833,1152.85,28.49,1
9380,DECODE,831,0,831,1150.46,27.62,1
9381,DECODE,829,0,829,1150.32,28.96,1
9382,DECODE,829,0,829,1151.32,22.93,1
9383,DECODE,829,0,829,1152.32,23.24,1
9384,DECODE,828,0,828,1153.77,27.28,1
9385,DECODE,828,0,828,1154.77,22.65,1
9386,DECODE,826,0,826,1155.64,27.28,1
9387,DECODE,825,0,825,1156.92,27.46,1
9388,DECODE,825,0,825,1157.92,22.91,1
9389,DECODE,823,0,823,1158.83,27.47,1
9390,DECODE,822,0,822,1158.12,27.38,1
9391,DECODE,820,0,820,1158.46,27.02,1
9392,DECODE,819,0,819,1160.30,29.07,1
9393,DECODE,819,0,819,1161.30,23.02,1
9394,DECODE,819,0,819,1162.30,22.98,1
9395,DECODE,819,0,819,1163.30,23.08,1
9396,DECODE,818,0,818,1164.40,27.47,1
9397,DECODE,818,0,818,1165.40,22.87,1
9398,DECODE,817,0,817,1166.00,27.33,1
9399,DECODE,814,0,814,1167.64,29.48,1
9400,DECODE,814,0,814,1168.64,22.88,1
9401,DECODE,814,0,814,1169.64,22.84,1
9402,DECODE,814,0,814,1170.64,22.70,1
9403,DECODE,814,0,814,1171.64,23.02,1
9404,DECODE,811,0,811,1171.17,27.72,1
9405,DECODE,809,0,809,1170.22,27.39,1
9406,DECODE,809,0,809,1171.22,22.70,1
9407,DECODE,809,0,809,1172.22,22.74,1
9408,DECODE,807,0,807,1174.35,27.60,1
9409,DECODE,807,0,807,1175.35,22.80,1
9410,DECODE,807,0,807,1176.35,22.84,1
9411,DECODE,807,0,807,1177.35,23.05,1
9412,DECODE,806,0,806,1176.64,27.55,1
9413,DECODE,805,0,805,1175.92,29.47,1
9414,DECODE,805,0,805,1176.92,23.42,1
9415,DECODE,805,0,805,1177.92,23.44,1
9416,DECODE,803,0,803,1180.67,28.17,1
9417,DECODE,802,0,802,1179.95,27.64,1
9418,DECODE,799,0,799,1180.92,27.04,1
9419,DECODE,798,0,798,1181.73,26.77,1
9420,DECODE,798,0,798,1182.73,22.57,1
9421,DECODE,798,0,798,1183.73,22.48,1
9422,DECODE,798,0,798,1184.73,22.61,1
9423,DECODE,793,0,793,1183.94,26.83,1
9424,DECODE,793,0,793,1184.94,22.29,1
9425,DECODE,793,0,793,1185.94,22.62,1
9426,DECODE,793,0,793,1186.94,22.35,1
9427,DECODE,792,0,792,1188.63,28.77,1
9428,DECODE,792,0,792,1189.63,22.08,1
9429,DECODE,792,0,792,1190.63,22.01,1
9430,DECODE,792,0,792,1191.63,21.81,1
9431,DECODE,791,0,791,1193.38,26.61,1
9432,DECODE,791,0,791,1194.38,22.25,1
9433,DECODE,791,0,791,1195.38,22.48,1
9434,DECODE,789,0,789,1193.70,27.19,1
9435,DECODE,789,0,789,1194.70,22.53,1
9436,DECODE,789,0,789,1195.70,23.48,1
9437,DECODE,789,0,789,1196.70,22.82,1
9438,DECODE,787,0,787,1197.87,28.07,1
9439,DECODE,786,0,786,1198.24,28.45,1
9440,DECODE,785,0,785,1199.29,27.05,1
9441,DECODE,785,0,785,1200.29,22.45,1
9442,DECODE,785,0,785,1201.29,22.63,1
9443,DECODE,784,0,784,1200.55,26.36,1
9444,DECODE,783,0,783,1200.48,26.83,1
9445,DECODE,782,0,782,1201.66,26.76,1
9446,DECODE,782,0,782,1202.66,22.52,1
9447,DECODE,782,0,782,1203.66,22.60,1
9448,DECODE,782,0,782,1204.66,22.14,1
9449,DECODE,782,0,782,1205.66,22.41,1
9450,DECODE,780,0,780,1205.95,26.62,1
9451,DECODE,780,0,780,1206.95,22.04,1
9452,DECODE,778,0,778,1209.41,26.75,1
9453,DECODE,777,0,777,1211.10,27.18,1
9454,DECODE,777,0,777,1212.10,22.57,1
9455,DECODE,777,0,777,1213.10,22.54,1
9456,DECODE,777,0,777,1214.10,22.36,1
9457,DECODE,777,0,777,1215.10,22.59,1
9458,DECODE,777,0,777,1216.10,22.53,1
9459,DECODE,777,0,777,1217.10,22.55,1
9460,DECODE,777,0,777,1218.10,22.40,1
9461,DECODE,777,0,777,1219.10,22.50,1
9462,DECODE,777,0,777,1220.10,22.75,1
9463,DECODE,777,0,777,1221.10,22.74,1
9464,DECODE,775,0,775,1220.51,27.83,1
9465,DECODE,775,0,775,1221.51,23.44,1
9466,DECODE,775,0,775,1222.51,23.25,1
9467,DECODE,775,0,775,1223.51,22.86,1
9468,DECODE,775,0,775,1224.51,23.04,1
9469,DECODE,775,0,775,1225.51,22.49,1
9470,DECODE,775,0,775,1226.51,22.53,1
9471,DECODE,775,0,775,1227.51,22.50,1
9472,DECODE,774,0,774,1229.16,27.04,1
9473,DECODE,773,0,773,1230.73,27.35,1
9474,DECODE,772,0,772,1230.01,26.88,1
9475,DECODE,772,0,772,1231.01,22.03,1
9476,DECODE,772,0,772,1232.01,22.10,1
9477,DECODE,771,0,771,1231.29,27.08,1
9478,DECODE,771,0,771,1232.29,22.42,1
9479,DECODE,770,0,770,1234.06,27.04,1
9480,DECODE,768,0,768,1234.95,32.54,1
9481,DECODE,767,0,767,1234.23,29.48,1
9482,DECODE,766,0,766,1233.49,28.90,1
9483,DECODE,766,0,766,1234.49,22.16,1
9484,DECODE,766,0,766,1235.49,22.85,1
9485,DECODE,766,0,766,1236.49,23.78,1
9486,DECODE,766,0,766,1237.49,22.96,1
9487,DECODE,765,0,765,1238.94,29.43,1
9488,DECODE,764,0,764,1239.13,29.12,1
9489,DECODE,764,0,764,1240.13,22.27,1
9490,DECODE,762,0,762,1240.27,28.78,1
9491,DECODE,762,0,762,1241.27,22.11,1
9492,DECODE,761,0,761,1242.46,28.90,1
9493,DECODE,761,0,761,1243.46,22.22,1
9494,DECODE,760,0,760,1245.45,29.31,1
9495,DECODE,760,0,760,1246.45,22.23,1
9496,DECODE,759,0,759,1245.72,30.27,1
9497,DECODE,758,0,758,1245.95,28.94,1
9498,DECODE,757,0,757,1247.28,22.61,1
9499,DECODE,756,0,756,1248.18,29.05,1
9500,DECODE,756,0,756,1249.18,22.10,1
9501,DECODE,756,0,756,1250.18,22.18,1
9502,DECODE,756,0,756,1251.18,22.31,1
9503,DECODE,756,0,756,1252.18,22.05,1
9504,DECODE,756,0,756,1253.18,22.07,1
9505,DECODE,755,0,755,1255.12,28.76,1
9506,DECODE,755,0,755,1256.12,22.35,1
9507,DECODE,755,0,755,1257.12,22.40,1
9508,DECODE,755,0,755,1258.12,22.35,1
9509,DECODE,755,0,755,1259.12,22.37,1
9510,DECODE,754,0,754,1259.84,28.91,1
9511,DECODE,753,0,753,1259.11,28.82,1
9512,DECODE,753,0,753,1260.11,22.48,1
9513,DECODE,753,0,753,1261.11,22.44,1
9514,DECODE,752,0,752,1262.91,28.71,1
9515,DECODE,750,0,750,1262.87,28.71,1
9516,DECODE,750,0,750,1263.87,22.40,1
9517,DECODE,749,0,749,1264.50,28.88,1
9518,DECODE,749,0,749,1265.50,22.40,1
9519,DECODE,749,0,749,1266.50,23.14,1
9520,DECODE,748,0,748,1266.90,28.72,1
9521,DECODE,748,0,748,1267.90,22.25,1
9522,DECODE,748,0,748,1268.90,22.16,1
9523,DECODE,747,0,747,1269.22,29.39,1
9524,DECODE,747,0,747,1270.22,22.83,1
9525,DECODE,746,0,746,1271.80,28.78,1
9526,DECODE,746,0,746,1272.80,22.23,1
9527,DECODE,745,0,745,1274.00,28.82,1
9528,DECODE,745,0,745,1275.00,22.46,1
9529,DECODE,743,0,743,1275.64,28.25,1
9530,DECODE,743,0,743,1276.64,22.25,1
9531,DECODE,743,0,743,1277.64,22.46,1
9532,DECODE,743,0,743,1278.64,22.53,1
9533,DECODE,742,0,742,1277.92,28.12,1
9534,DECODE,742,0,742,1278.92,22.27,1
9535,DECODE,742,0,742,1279.92,22.14,1
9536,DECODE,742,0,742,1280.92,22.14,1
9537,DECODE,742,0,742,1281.92,22.06,1
9538,DECODE,742,0,742,1282.92,24.37,1
9539,DECODE,740,0,740,1283.82,28.07,1
9540,DECODE,738,0,738,1285.80,28.02,1
9541,DECODE,738,0,738,1286.80,22.14,1
9542,DECODE,737,0,737,1287.86,28.33,1
9543,DECODE,736,0,736,1287.14,28.54,1
9544,DECODE,736,0,736,1288.14,21.96,1
9545,DECODE,736,0,736,1289.14,21.95,1
9546,DECODE,736,0,736,1290.14,22.10,1
9547,DECODE,733,0,733,1290.91,28.31,1
9548,DECODE,733,0,733,1291.91,22.39,1
9549,DECODE,730,0,730,1293.73,28.51,1
9550,DECODE,729,0,729,1292.99,28.16,1
9551,DECODE,728,0,728,1293.97,27.39,1
9552,DECODE,726,0,726,1294.07,27.55,1
9553,DECODE,726,0,726,1295.07,21.86,1
9554,DECODE,726,0,726,1296.07,21.85,1
9555,DECODE,726,0,726,1297.07,21.83,1
9556,DECODE,726,0,726,1298.07,21.76,1
9557,DECODE,726,0,726,1299.07,21.83,1
9558,DECODE,725,0,725,1301.09,28.01,1
9559,DECODE,725,0,725,1302.09,22.18,1
9560,DECODE,725,0,725,1303.09,22.18,1
9561,DECODE,723,0,723,1302.76,27.81,1
9562,DECODE,722,0,722,1304.72,27.68,1
9563,DECODE,722,0,722,1305.72,21.92,1
9564,DECODE,722,0,722,1306.72,21.97,1
9565,DECODE,721,0,721,1307.13,27.68,1
9566,DECODE,721,0,721,1308.13,22.40,1
9567,DECODE,721,0,721,1309.13,22.07,1
9568,DECODE,721,0,721,1310.13,22.22,1
9569,DECODE,720,0,720,1311.89,21.60,1
9570,DECODE,720,0,720,1312.89,21.84,1
9571,DECODE,720,0,720,1313.89,21.51,1
9572,DECODE,720,0,720,1314.89,21.72,1
9573,DECODE,720,0,720,1315.89,21.59,1
9574,DECODE,720,0,720,1316.89,21.65,1
9575,DECODE,720,0,720,1317.89,21.63,1
9576,DECODE,719,0,719,1319.82,30.01,1
9577,DECODE,718,0,718,1319.09,28.12,1
9578,DECODE,718,0,718,1320.09,22.16,1
9579,DECODE,718,0,718,1321.09,21.85,1
9580,DECODE,718,0,718,1322.09,21.94,1
9581,DECODE,717,0,717,1321.36,27.46,1
9582,DECODE,715,0,715,1321.64,27.63,1
9583,DECODE,715,0,715,1322.64,22.32,1
9584,DECODE,714,0,714,1324.57,27.46,1
9585,DECODE,714,0,714,1325.57,22.04,1
9586,DECODE,714,0,714,1326.57,21.93,1
9587,DECODE,713,0,713,1327.30,27.69,1
9588,DECODE,712,0,712,1326.57,27.15,1
9589,DECODE,711,0,711,1327.84,27.78,1
9590,DECODE,709,0,709,1325.36,27.44,1
9591,DECODE,706,0,706,1326.65,21.57,1
9592,DECODE,705,0,705,1326.99,27.01,1
9593,DECODE,704,0,704,1328.83,28.58,1
9594,DECODE,704,0,704,1329.83,21.57,1
9595,DECODE,702,0,702,1328.25,28.96,1
9596,DECODE,701,0,701,1328.77,28.54,1
9597,DECODE,701,0,701,1329.77,21.67,1
9598,DECODE,701,0,701,1330.77,21.79,1
9599,DECODE,701,0,701,1331.77,21.73,1
9600,DECODE,701,0,701,1332.77,21.64,1
9601,DECODE,701,0,701,1333.77,21.56,1
9602,DECODE,701,0,701,1334.77,21.69,1
9603,DECODE,700,0,700,1336.50,26.38,1
9604,DECODE,700,0,700,1337.50,21.58,1
9605,DECODE,699,0,699,1338.44,27.50,1
9606,DECODE,699,0,699,1339.44,22.49,1
9607,DECODE,699,0,699,1340.44,22.17,1
9608,DECODE,699,0,699,1341.44,22.21,1
9609,DECODE,699,0,699,1342.44,21.84,1
9610,DECODE,699,0,699,1343.44,21.91,1
9611,DECODE,699,0,699,1344.44,21.73,1
9612,DECODE,699,0,699,1345.44,21.83,1
9613,DECODE,697,0,697,1345.92,22.63,1
9614,DECODE,696,0,696,1346.83,28.42,1
9615,DECODE,696,0,696,1347.83,21.79,1
9616,DECODE,696,0,696,1348.83,21.73,1
9617,DECODE,696,0,696,1349.83,21.44,1
9618,DECODE,696,0,696,1350.83,21.46,1
9619,DECODE,696,0,696,1351.83,21.49,1
9620,DECODE,696,0,696,1352.83,21.59,1
9621,DECODE,696,0,696,1353.83,21.73,1
9622,DECODE,696,0,696,1354.83,21.83,1
9623,DECODE,694,0,694,1354.49,27.15,1
9624,DECODE,694,0,694,1355.49,21.98,1
9625,DECODE,693,0,693,1355.25,27.02,1
9626,DECODE,692,0,692,1356.81,26.86,1
9627,DECODE,692,0,692,1357.81,21.25,1
9628,DECODE,692,0,692,1358.81,21.32,1
9629,DECODE,692,0,692,1359.81,21.26,1
9630,DECODE,691,0,691,1361.37,27.02,1
9631,DECODE,690,0,690,1363.35,26.95,1
9632,DECODE,689,0,689,1363.19,26.82,1
9633,DECODE,689,0,689,1364.19,21.75,1
9634,DECODE,689,0,689,1365.19,21.72,1
9635,DECODE,688,0,688,1365.32,26.94,1
9636,DECODE,688,0,688,1366.32,21.47,1
9637,DECODE,688,0,688,1367.32,21.22,1
9638,DECODE,688,0,688,1368.32,21.40,1
9639,DECODE,687,0,687,1368.90,28.29,1
9640,DECODE,686,0,686,1368.16,26.53,1
9641,DECODE,686,0,686,1369.16,21.41,1
9642,DECODE,686,0,686,1370.16,21.49,1
9643,DECODE,685,0,685,1372.25,26.42,1
9644,DECODE,684,0,684,1372.23,26.64,1
9645,DECODE,682,0,682,1372.49,26.62,1
9646,DECODE,682,0,682,1373.49,21.99,1
9647,DECODE,682,0,682,1374.49,22.32,1
9648,DECODE,681,0,681,1374.58,26.89,1
9649,DECODE,680,0,680,1375.12,27.04,1
9650,DECODE,679,0,679,1374.45,27.01,1
9651,DECODE,678,0,678,1373.71,26.16,1
9652,DECODE,678,0,678,1374.71,21.24,1
9653,DECODE,677,0,677,1374.31,27.39,1
9654,DECODE,675,0,675,1376.73,26.23,1
9655,DECODE,674,0,674,1375.98,26.21,1
9656,DECODE,674,0,674,1376.98,21.65,1
9657,DECODE,673,0,673,1377.22,28.05,1
9658,DECODE,672,0,672,1376.46,29.38,1
9659,DECODE,671,0,671,1378.51,28.87,1
9660,DECODE,671,0,671,1379.51,21.27,1
9661,DECODE,671,0,671,1380.51,21.42,1
9662,DECODE,668,0,668,1379.58,26.95,1
9663,DECODE,666,0,666,1379.94,27.04,1
9664,DECODE,665,0,665,1381.88,27.20,1
9665,DECODE,665,0,665,1382.88,21.22,1
9666,DECODE,664,0,664,1384.46,26.84,1
9667,DECODE,664,0,664,1385.46,20.81,1
9668,DECODE,664,0,664,1386.46,21.05,1
9669,DECODE,664,0,664,1387.46,21.02,1
9670,DECODE,664,0,664,1388.46,20.80,1
9671,DECODE,664,0,664,1389.46,20.91,1
9672,DECODE,662,0,662,1389.31,27.25,1
9673,DECODE,661,0,661,1391.37,27.02,1
9674,DECODE,660,0,660,1390.60,26.50,1
9675,DECODE,660,0,660,1391.60,20.61,1
9676,DECODE,660,0,660,1392.60,20.61,1
9677,DECODE,660,0,660,1393.60,21.18,1
9678,DECODE,660,0,660,1394.60,20.63,1
9679,DECODE,660,0,660,1395.60,20.60,1
9680,DECODE,660,0,660,1396.60,20.75,1
9681,DECODE,659,0,659,1397.08,26.88,1
9682,DECODE,657,0,657,1397.27,26.71,1
9683,DECODE,657,0,657,1398.27,20.82,1
9684,DECODE,657,0,657,1399.27,20.89,1
9685,DECODE,657,0,657,1400.27,20.82,1
9686,DECODE,657,0,657,1401.27,21.05,1
9687,DECODE,656,0,656,1400.50,27.29,1
9688,DECODE,655,0,655,1399.73,27.52,1
9689,DECODE,654,0,654,1401.44,26.76,1
9690,DECODE,653,0,653,1402.78,27.05,1
9691,DECODE,652,0,652,1403.93,26.47,1
9692,DECODE,652,0,652,1404.93,20.74,1
9693,DECODE,651,0,651,1404.15,27.04,1
9694,DECODE,650,0,650,1404.06,26.77,1
9695,DECODE,649,0,649,1406.18,21.01,1
9696,DECODE,649,0,649,1407.18,20.90,1
9697,DECODE,649,0,649,1408.18,20.78,1
9698,DECODE,649,0,649,1409.18,20.90,1
9699,DECODE,648,0,648,1410.23,28.98,1
9700,DECODE,647,0,647,1409.46,26.85,1
9701,DECODE,646,0,646,1410.86,26.51,1
9702,DECODE,645,0,645,1410.07,26.21,1
9703,DECODE,644,0,644,1409.29,26.34,1
9704,DECODE,643,0,643,1408.50,26.09,1
9705,DECODE,643,0,643,1409.50,20.56,1
9706,DECODE,643,0,643,1410.50,20.71,1
9707,DECODE,643,0,643,1411.50,20.72,1
9708,DECODE,642,0,642,1412.76,26.42,1
9709,DECODE,640,0,640,1411.38,26.84,1
9710,DECODE,640,0,640,1412.38,20.20,1
9711,DECODE,640,0,640,1413.38,20.16,1
9712,DECODE,639,0,639,1414.96,26.90,1
9713,DECODE,639,0,639,1415.96,20.39,1
9714,DECODE,638,0,638,1417.62,27.04,1
9715,DECODE,638,0,638,1418.62,20.60,1
9716,DECODE,638,0,638,1419.62,20.48,1
9717,DECODE,638,0,638,1420.62,20.34,1
9718,DECODE,637,0,637,1422.40,27.05,1
9719,DECODE,635,0,635,1424.57,26.91,1
9720,DECODE,635,0,635,1425.57,20.44,1
9721,DECODE,634,0,634,1427.66,26.89,1
9722,DECODE,634,0,634,1428.66,20.41,1
9723,DECODE,633,0,633,1430.53,27.44,1
9724,DECODE,632,0,632,1429.74,26.79,1
9725,DECODE,632,0,632,1430.74,20.36,1
9726,DECODE,631,0,631,1432.40,20.52,1
9727,DECODE,631,0,631,1433.40,20.52,1
9728,DECODE,630,0,630,1433.58,27.13,1
9729,DECODE,630,0,630,1434.58,20.50,1
9730,DECODE,628,0,628,1434.61,26.74,1
9731,DECODE,627,0,627,1435.89,26.92,1
9732,DECODE,625,0,625,1438.90,26.91,1
9733,DECODE,624,0,624,1438.74,20.21,1
9734,DECODE,623,0,623,1439.96,25.99,1
9735,DECODE,623,0,623,1440.96,20.34,1
9736,DECODE,622,0,622,1441.75,25.88,1
9737,DECODE,620,0,620,1441.53,25.75,1
9738,DECODE,620,0,620,1442.53,19.97,1
9739,DECODE,619,0,619,1442.93,25.68,1
9740,DECODE,619,0,619,1443.93,20.14,1
9741,DECODE,619,0,619,1444.93,20.23,1
9742,DECODE,619,0,619,1445.93,20.16,1
9743,DECODE,619,0,619,1446.93,20.21,1
9744,DECODE,619,0,619,1447.93,20.53,1
9745,DECODE,619,0,619,1448.93,20.24,1
9746,DECODE,617,0,617,1451.40,28.89,1
9747,DECODE,617,0,617,1452.40,20.36,1
9748,DECODE,616,0,616,1454.28,26.85,1
9749,DECODE,616,0,616,1455.28,20.15,1
9750,DECODE,616,0,616,1456.28,20.40,1
9751,DECODE,615,0,615,1457.94,28.86,1
9752,DECODE,615,0,615,1458.94,20.46,1
9753,DECODE,614,0,614,1458.14,27.37,1
9754,DECODE,613,0,613,1457.35,27.36,1
9755,DECODE,613,0,613,1458.35,20.50,1
9756,DECODE,613,0,613,1459.35,20.51,1
9757,DECODE,613,0,613,1460.35,20.40,1
9758,DECODE,613,0,613,1461.35,20.49,1
9759,DECODE,612,0,612,1460.55,40.99,1
9760,DECODE,612,0,612,1461.55,20.86,1
9761,DECODE,611,0,611,1463.70,20.34,1
9762,DECODE,611,0,611,1464.70,20.57,1
9763,DECODE,611,0,611,1465.70,20.30,1
9764,DECODE,610,0,610,1467.21,26.09,1
9765,DECODE,609,0,609,1468.92,25.94,1
9766,DECODE,609,0,609,1469.92,20.34,1
9767,DECODE,608,0,608,1469.89,26.10,1
9768,DECODE,608,0,608,1470.89,20.02,1
9769,DECODE,608,0,608,1471.89,20.07,1
9770,DECODE,608,0,608,1472.89,20.18,1
9771,DECODE,606,0,606,1470.30,29.52,1
9772,DECODE,606,0,606,1471.30,20.33,1
9773,DECODE,606,0,606,1472.30,20.46,1
9774,DECODE,605,0,605,1474.02,26.94,1
9775,DECODE,605,0,605,1475.02,20.77,1
9776,DECODE,604,0,604,1474.23,26.13,1
9777,DECODE,602,0,602,1471.62,26.45,1
9778,DECODE,602,0,602,1472.62,20.97,1
9779,DECODE,600,0,600,1470.31,27.04,1
9780,DECODE,600,0,600,1471.31,19.84,1
9781,DECODE,600,0,600,1472.31,19.92,1
9782,DECODE,599,0,599,1473.96,25.02,1
9783,DECODE,599,0,599,1474.96,20.23,1
9784,DECODE,598,0,598,1474.14,25.69,1
9785,DECODE,598,0,598,1475.14,20.09,1
9786,DECODE,598,0,598,1476.14,20.14,1
9787,DECODE,597,0,597,1475.33,25.13,1
9788,DECODE,596,0,596,1475.60,19.74,1
9789,DECODE,596,0,596,1476.60,19.79,1
9790,DECODE,596,0,596,1477.60,19.80,1
9791,DECODE,594,0,594,1479.57,24.74,1
9792,DECODE,594,0,594,1480.57,19.86,1
9793,DECODE,594,0,594,1481.57,19.77,1
9794,DECODE,594,0,594,1482.57,19.81,1
9795,DECODE,594,0,594,1483.57,19.72,1
9796,DECODE,594,0,594,1484.57,19.74,1
9797,DECODE,594,0,594,1485.57,19.79,1
9798,DECODE,594,0,594,1486.57,19.92,1
9799,DECODE,594,0,594,1487.57,19.81,1
9800,DECODE,592,0,592,1489.48,25.51,1
9801,DECODE,591,0,591,1488.67,25.08,1
9802,DECODE,591,0,591,1489.67,20.09,1
9803,DECODE,591,0,591,1490.67,19.77,1
9804,DECODE,591,0,591,1491.67,19.92,1
9805,DECODE,590,0,590,1490.86,25.29,1
9806,DECODE,589,0,589,1490.04,25.33,1
9807,DECODE,587,0,587,1487.74,25.32,1
9808,DECODE,587,0,587,1488.74,20.96,1
9809,DECODE,587,0,587,1489.74,19.72,1
9810,DECODE,587,0,587,1490.74,20.07,1
9811,DECODE,587,0,587,1491.74,19.84,1
9812,DECODE,587,0,587,1492.74,19.78,1
9813,DECODE,587,0,587,1493.74,19.86,1
9814,DECODE,586,0,586,1495.12,24.96,1
9815,DECODE,586,0,586,1496.12,19.92,1
9816,DECODE,585,0,585,1498.11,19.80,1
9817,DECODE,583,0,583,1499.02,25.43,1
9818,DECODE,583,0,583,1500.02,19.89,1
9819,DECODE,581,0,581,1498.63,20.15,1
9820,DECODE,581,0,581,1499.63,19.89,1
9821,DECODE,580,0,580,1498.80,19.52,1
9822,DECODE,580,0,580,1499.80,19.48,1
9823,DECODE,580,0,580,1500.80,19.58,1
9824,DECODE,577,0,577,1498.44,25.06,1
9825,DECODE,576,0,576,1499.87,24.87,1
9826,DECODE,576,0,576,1500.87,19.50,1
9827,DECODE,576,0,576,1501.87,19.88,1
9828,DECODE,576,0,576,1502.87,19.56,1
9829,DECODE,576,0,576,1503.87,19.48,1
9830,DECODE,576,0,576,1504.87,19.52,1
9831,DECODE,576,0,576,1505.87,19.35,1
9832,DECODE,576,0,576,1506.87,19.56,1
9833,DECODE,576,0,576,1507.87,19.40,1
9834,DECODE,576,0,576,1508.87,19.50,1
9835,DECODE,575,0,575,1508.04,28.92,1
9836,DECODE,573,0,573,1507.27,25.72,1
9837,DECODE,573,0,573,1508.27,19.76,1
9838,DECODE,572,0,572,1509.77,25.55,1
9839,DECODE,572,0,572,1510.77,20.58,1
9840,DECODE,572,0,572,1511.77,19.47,1
9841,DECODE,572,0,572,1512.77,19.40,1
9842,DECODE,572,0,572,1513.77,19.39,1
9843,DECODE,571,0,571,1515.81,25.73,1
9844,DECODE,571,0,571,1516.81,19.64,1
9845,DECODE,571,0,571,1517.81,19.61,1
9846,DECODE,569,0,569,1515.14,25.67,1
9847,DECODE,569,0,569,1516.14,19.53,1
9848,DECODE,569,0,569,1517.14,19.56,1
9849,DECODE,567,0,567,1514.47,25.61,1
9850,DECODE,565,0,565,1515.65,25.77,1
9851,DECODE,564,0,564,1517.53,19.80,1
9852,DECODE,564,0,564,1518.53,19.29,1
9853,DECODE,562,0,562,1521.08,25.62,1
9854,DECODE,561,0,561,1522.19,25.57,1
9855,DECODE,561,0,561,1523.19,19.45,1
9856,DECODE,560,0,560,1522.93,19.02,1
9857,DECODE,559,0,559,1523.62,25.46,1
9858,DECODE,559,0,559,1524.62,19.28,1
9859,DECODE,557,0,557,1524.95,25.45,1
9860,DECODE,557,0,557,1525.95,19.20,1
9861,DECODE,557,0,557,1526.95,19.10,1
9862,DECODE,556,0,556,1526.66,19.10,1
9863,DECODE,556,0,556,1527.66,19.43,1
9864,DECODE,555,0,555,1529.28,25.45,1
9865,DECODE,555,0,555,1530.28,19.29,1
9866,DECODE,555,0,555,1531.28,19.36,1
9867,DECODE,553,0,553,1529.04,25.80,1
9868,DECODE,553,0,553,1530.04,19.25,1
9869,DECODE,553,0,553,1531.04,19.18,1
9870,DECODE,553,0,553,1532.04,19.16,1
9871,DECODE,552,0,552,1534.02,25.50,1
9872,DECODE,551,0,551,1535.94,25.50,1
9873,DECODE,550,0,550,1536.81,20.51,1
9874,DECODE,550,0,550,1537.81,19.10,1
9875,DECODE,550,0,550,1538.81,19.11,1
9876,DECODE,550,0,550,1539.81,19.23,1
9877,DECODE,548,0,548,1541.20,26.72,1
9878,DECODE,547,0,547,1542.86,26.48,1
9879,DECODE,547,0,547,1543.86,19.34,1
9880,DECODE,547,0,547,1544.86,19.39,1
9881,DECODE,544,0,544,1544.86,26.28,1
9882,DECODE,544,0,544,1545.86,19.21,1
9883,DECODE,544,0,544,1546.86,19.16,1
9884,DECODE,544,0,544,1547.86,19.18,1
9885,DECODE,544,0,544,1548.86,19.40,1
9886,DECODE,544,0,544,1549.86,19.22,1
9887,DECODE,543,0,543,1551.18,27.56,1
9888,DECODE,543,0,543,1552.18,19.17,1
9889,DECODE,543,0,543,1553.18,19.38,1
9890,DECODE,543,0,543,1554.18,19.09,1
9891,DECODE,543,0,543,1555.18,19.24,1
9892,DECODE,543,0,543,1556.18,19.21,1
9893,DECODE,543,0,543,1557.18,19.21,1
9894,DECODE,543,0,543,1558.18,19.17,1
9895,DECODE,543,0,543,1559.18,19.26,1
9896,DECODE,543,0,543,1560.18,19.11,1
9897,DECODE,542,0,542,1561.89,26.87,1
9898,DECODE,540,0,540,1562.25,27.97,1
9899,DECODE,540,0,540,1563.25,19.03,1
9900,DECODE,540,0,540,1564.25,19.03,1
9901,DECODE,540,0,540,1565.25,19.28,1
9902,DECODE,538,0,538,1565.41,26.56,1
9903,DECODE,537,0,537,1567.49,26.13,1
9904,DECODE,535,0,535,1567.27,26.39,1
9905,DECODE,535,0,535,1568.27,19.19,1
9906,DECODE,535,0,535,1569.27,19.32,1
9907,DECODE,535,0,535,1570.27,19.18,1
9908,DECODE,535,0,535,1571.27,19.12,1
9909,DECODE,535,0,535,1572.27,19.19,1
9910,DECODE,535,0,535,1573.27,19.46,1
9911,DECODE,535,0,535,1574.27,19.22,1
9912,DECODE,535,0,535,1575.27,19.67,1
9913,DECODE,535,0,535,1576.27,19.35,1
9914,DECODE,534,0,534,1577.88,26.26,1
9915,DECODE,533,0,533,1577.04,25.99,1
9916,DECODE,533,0,533,1578.04,19.19,1
9917,DECODE,533,0,533,1579.04,19.20,1
9918,DECODE,532,0,532,1578.58,18.92,1
9919,DECODE,532,0,532,1579.58,19.18,1
9920,DECODE,531,0,531,1578.74,19.14,1
9921,DECODE,531,0,531,1579.74,19.12,1
9922,DECODE,530,0,530,1581.00,19.44,1
9923,DECODE,529,0,529,1580.15,26.89,1
9924,DECODE,529,0,529,1581.15,19.31,1
9925,DECODE,529,0,529,1582.15,19.09,1
9926,DECODE,528,0,528,1584.30,27.80,1
9927,DECODE,527,0,527,1584.00,18.91,1
9928,DECODE,527,0,527,1585.00,18.84,1
9929,DECODE,527,0,527,1586.00,18.84,1
9930,DECODE,527,0,527,1587.00,19.05,1
9931,DECODE,526,0,526,1586.15,24.65,1
9932,DECODE,526,0,526,1587.15,18.81,1
9933,DECODE,524,0,524,1590.03,18.75,1
9934,DECODE,524,0,524,1591.03,18.77,1
9935,DECODE,523,0,523,1592.20,24.98,1
9936,DECODE,523,0,523,1593.20,18.92,1
9937,DECODE,523,0,523,1594.20,19.12,1
9938,DECODE,522,0,522,1593.35,25.22,1
9939,DECODE,521,0,521,1592.49,25.28,1
9940,DECODE,521,0,521,1593.49,18.88,1
9941,DECODE,521,0,521,1594.49,18.92,1
9942,DECODE,520,0,520,1593.64,25.30,1
9943,DECODE,520,0,520,1594.64,18.44,1
9944,DECODE,520,0,520,1595.64,18.62,1
9945,DECODE,519,0,519,1595.25,24.00,1
9946,DECODE,519,0,519,1596.25,18.66,1
9947,DECODE,518,0,518,1597.22,24.49,1
9948,DECODE,518,0,518,1598.22,18.69,1
9949,DECODE,517,0,517,1597.36,24.01,1
9950,DECODE,517,0,517,1598.36,18.68,1
9951,DECODE,517,0,517,1599.36,18.62,1
9952,DECODE,515,0,515,1597.38,24.58,1
9953,DECODE,515,0,515,1598.38,18.62,1
9954,DECODE,514,0,514,1599.31,18.66,1
9955,DECODE,514,0,514,1600.31,18.45,1
9956,DECODE,514,0,514,1601.31,18.45,1
9957,DECODE,514,0,514,1602.31,20.24,1
9958,DECODE,514,0,514,1603.31,18.66,1
9959,DECODE,513,0,513,1605.23,27.28,1
9960,DECODE,512,0,512,1604.36,18.48,1
9961,DECODE,510,0,510,1603.63,17.51,1
9962,DECODE,510,0,510,1604.63,17.40,1
9963,DECODE,509,0,509,1606.60,17.57,1
9964,DECODE,509,0,509,1607.60,17.64,1
9965,DECODE,509,0,509,1608.60,17.62,1
9966,DECODE,508,0,508,1607.72,19.17,1
9967,DECODE,508,0,508,1608.72,18.11,1
9968,DECODE,508,0,508,1609.72,18.18,1
9969,DECODE,507,0,507,1608.85,18.88,1
9970,DECODE,507,0,507,1609.85,18.78,1
9971,DECODE,507,0,507,1610.85,18.34,1
9972,DECODE,507,0,507,1611.85,18.24,1
9973,DECODE,507,0,507,1612.85,18.21,1
9974,DECODE,507,0,507,1613.85,18.24,1
9975,DECODE,507,0,507,1614.85,18.16,1
9976,DECODE,505,0,505,1614.57,18.76,1
9977,DECODE,505,0,505,1615.57,18.78,1
9978,DECODE,503,0,503,1617.56,18.72,1
9979,DECODE,503,0,503,1618.56,18.41,1
9980,DECODE,503,0,503,1619.56,18.60,1
9981,DECODE,502,0,502,1618.69,18.93,1
9982,DECODE,501,0,501,1617.81,19.25,1
9983,DECODE,500,0,500,1619.15,18.82,1
9984,DECODE,499,0,499,1621.24,18.82,1
9985,DECODE,499,0,499,1622.24,18.42,1
9986,DECODE,498,0,498,1624.48,18.84,1
9987,DECODE,497,0,497,1626.56,19.11,1
9988,DECODE,497,0,497,1627.56,18.69,1
9989,DECODE,497,0,497,1628.56,18.35,1
9990,DECODE,497,0,497,1629.56,18.47,1
9991,DECODE,497,0,497,1630.56,18.34,1
9992,DECODE,495,0,495,1631.15,20.84,1
9993,DECODE,495,0,495,1632.15,18.28,1
9994,DECODE,495,0,495,1633.15,18.20,1
9995,DECODE,493,0,493,1632.70,18.86,1
9996,DECODE,493,0,493,1633.70,18.44,1
9997,DECODE,492,0,492,1632.82,19.22,1
9998,DECODE,491,0,491,1631.93,19.06,1
9999,DECODE,490,0,490,1631.04,18.89,1
10000,DECODE,490,0,490,1632.04,18.51,1
10001,DECODE,489,0,489,1631.14,18.84,1
10002,DECODE,488,0,488,1632.86,18.72,1
10003,DECODE,487,0,487,1631.95,17.04,1
10004,DECODE,487,0,487,1632.95,17.41,1
10005,DECODE,487,0,487,1633.95,17.09,1
10006,DECODE,486,0,486,1635.58,17.61,1
10007,DECODE,486,0,486,1636.58,17.53,1
10008,DECODE,484,0,484,1636.59,17.65,1
10009,DECODE,483,0,483,1635.68,17.63,1
10010,DECODE,483,0,483,1636.68,17.78,1
10011,DECODE,483,0,483,1637.68,17.57,1
10012,DECODE,483,0,483,1638.68,17.66,1
10013,DECODE,483,0,483,1639.68,17.77,1
10014,DECODE,482,0,482,1640.55,18.63,1
10015,DECODE,481,0,481,1641.61,18.81,1
10016,DECODE,480,0,480,1643.59,20.31,1
10017,DECODE,480,0,480,1644.59,19.37,1
10018,DECODE,480,0,480,1645.59,18.50,1
10019,DECODE,479,0,479,1647.41,18.69,1
10020,DECODE,479,0,479,1648.41,18.03,1
10021,DECODE,478,0,478,1649.35,18.19,1
10022,DECODE,477,0,477,1648.44,18.51,1
10023,DECODE,477,0,477,1649.44,18.09,1
10024,DECODE,476,0,476,1648.53,18.77,1
10025,DECODE,474,0,474,1645.74,18.42,1
10026,DECODE,473,0,473,1646.93,18.44,1
10027,DECODE,473,0,473,1647.93,18.00,1
10028,DECODE,473,0,473,1648.93,18.04,1
10029,DECODE,473,0,473,1649.93,18.41,1
10030,DECODE,471,0,471,1647.06,18.42,1
10031,DECODE,471,0,471,1648.06,18.25,1
10032,DECODE,469,0,469,1650.27,18.38,1
10033,DECODE,469,0,469,1651.27,18.23,1
10034,DECODE,466,0,466,1648.97,18.53,1
10035,DECODE,465,0,465,1650.14,18.36,1
10036,DECODE,465,0,465,1651.14,17.89,1
10037,DECODE,464,0,464,1652.65,20.10,1
10038,DECODE,462,0,462,1649.72,17.79,1
10039,DECODE,462,0,462,1650.72,17.35,1
10040,DECODE,461,0,461,1649.75,17.86,1
10041,DECODE,461,0,461,1650.75,17.55,1
10042,DECODE,461,0,461,1651.75,17.67,1
10043,DECODE,461,0,461,1652.75,17.36,1
10044,DECODE,459,0,459,1650.22,16.23,1
10045,DECODE,458,0,458,1649.24,16.17,1
10046,DECODE,457,0,457,1648.25,16.42,1
10047,DECODE,455,0,455,1648.22,16.46,1
10048,DECODE,455,0,455,1649.22,16.27,1
10049,DECODE,455,0,455,1650.22,16.19,1
10050,DECODE,455,0,455,1651.22,16.01,1
10051,DECODE,453,0,453,1652.32,16.16,1
10052,DECODE,453,0,453,1653.32,16.25,1
10053,DECODE,450,0,450,1651.37,16.07,1
10054,DECODE,448,0,448,1650.53,16.81,1
10055,DECODE,448,0,448,1651.53,15.83,1
10056,DECODE,447,0,447,1653.11,15.83,1
10057,DECODE,447,0,447,1654.11,16.87,1
10058,DECODE,447,0,447,1655.11,16.98,1
10059,DECODE,447,0,447,1656.11,17.36,1
10060,DECODE,447,0,447,1657.11,17.31,1
10061,DECODE,447,0,447,1658.11,16.99,1
10062,DECODE,447,0,447,1659.11,17.04,1
10063,DECODE,447,0,447,1660.11,16.93,1
10064,DECODE,447,0,447,1661.11,16.99,1
10065,DECODE,447,0,447,1662.11,16.88,1
10066,DECODE,447,0,447,1663.11,17.03,1
10067,DECODE,446,0,446,1664.78,17.77,1
10068,DECODE,446,0,446,1665.78,16.98,1
10069,DECODE,446,0,446,1666.78,16.91,1
10070,DECODE,446,0,446,1667.78,16.94,1
10071,DECODE,446,0,446,1668.78,17.22,1
10072,DECODE,446,0,446,1669.78,16.01,1
10073,DECODE,446,0,446,1670.78,16.00,1
10074,DECODE,446,0,446,1671.78,16.06,1
10075,DECODE,446,0,446,1672.78,16.20,1
10076,DECODE,446,0,446,1673.78,16.22,1
10077,DECODE,444,0,444,1671.34,16.07,1
10078,DECODE,443,0,443,1670.33,16.07,1
10079,DECODE,443,0,443,1671.33,17.32,1
10080,DECODE,442,0,442,1670.32,17.34,1
10081,DECODE,442,0,442,1671.32,17.01,1
10082,DECODE,442,0,442,1672.32,17.22,1
10083,DECODE,441,0,441,1671.31,17.27,1
10084,DECODE,440,0,440,1670.29,17.60,1
10085,DECODE,440,0,440,1671.29,17.06,1
10086,DECODE,439,0,439,1671.60,16.23,1
10087,DECODE,439,0,439,1672.60,15.98,1
10088,DECODE,439,0,439,1673.60,16.09,1
10089,DECODE,439,0,439,1674.60,16.03,1
10090,DECODE,439,0,439,1675.60,15.93,1
10091,DECODE,439,0,439,1676.60,15.95,1
10092,DECODE,438,0,438,1675.58,17.17,1
10093,DECODE,438,0,438,1676.58,16.91,1
10094,DECODE,437,0,437,1678.23,15.98,1
10095,DECODE,437,0,437,1679.23,15.91,1
10096,DECODE,437,0,437,1680.23,16.48,1
10097,DECODE,436,0,436,1679.21,17.17,1
10098,DECODE,436,0,436,1680.21,16.90,1
10099,DECODE,435,0,435,1679.19,17.12,1
10100,DECODE,433,0,433,1681.27,17.17,1
10101,DECODE,432,0,432,1680.30,18.97,1
10102,DECODE,431,0,431,1679.26,16.84,1
10103,DECODE,431,0,431,1680.26,16.55,1
10104,DECODE,431,0,431,1681.26,16.56,1
10105,DECODE,430,0,430,1680.21,17.06,1
10106,DECODE,429,0,429,1679.16,17.26,1
10107,DECODE,429,0,429,1680.16,16.76,1
10108,DECODE,427,0,427,1677.04,16.80,1
10109,DECODE,426,0,426,1675.97,16.88,1
10110,DECODE,426,0,426,1676.97,16.78,1
10111,DECODE,426,0,426,1677.97,16.39,1
10112,DECODE,425,0,425,1680.12,17.12,1
10113,DECODE,425,0,425,1681.12,16.84,1
10114,DECODE,424,0,424,1680.04,16.92,1
10115,DECODE,423,0,423,1678.96,16.84,1
10116,DECODE,422,0,422,1681.43,16.81,1
10117,DECODE,421,0,421,1680.47,16.96,1
10118,DECODE,420,0,420,1679.38,16.76,1
10119,DECODE,419,0,419,1678.28,16.67,1
10120,DECODE,419,0,419,1679.28,16.61,1
10121,DECODE,419,0,419,1680.28,15.71,1
10122,DECODE,419,0,419,1681.28,16.50,1
10123,DECODE,419,0,419,1682.28,16.68,1
10124,DECODE,418,0,418,1681.26,16.87,1
10125,DECODE,417,0,417,1680.15,16.80,1
10126,DECODE,417,0,417,1681.15,16.41,1
10127,DECODE,417,0,417,1682.15,15.91,1
10128,DECODE,415,0,415,1684.24,17.99,1
10129,DECODE,415,0,415,1685.24,16.55,1
10130,DECODE,414,0,414,1684.12,16.85,1
10131,DECODE,414,0,414,1685.12,16.36,1
10132,DECODE,413,0,413,1684.00,17.85,1
10133,DECODE,412,0,412,1686.34,15.63,1
10134,DECODE,412,0,412,1687.34,16.02,1
10135,DECODE,411,0,411,1686.22,16.93,1
10136,DECODE,410,0,410,1685.09,15.48,1
10137,DECODE,410,0,410,1686.09,15.53,1
10138,DECODE,410,0,410,1687.09,15.51,1
10139,DECODE,410,0,410,1688.09,15.57,1
10140,DECODE,408,0,408,1686.28,15.36,1
10141,DECODE,406,0,406,1686.60,16.25,1
10142,DECODE,405,0,405,1685.45,15.60,1
10143,DECODE,405,0,405,1686.45,15.55,1
10144,DECODE,404,0,404,1687.91,15.70,1
10145,DECODE,404,0,404,1688.91,16.38,1
10146,DECODE,402,0,402,1690.85,15.67,1
10147,DECODE,402,0,402,1691.85,15.62,1
10148,DECODE,402,0,402,1692.85,15.55,1
10149,DECODE,401,0,401,1694.68,16.89,1
10150,DECODE,401,0,401,1695.68,16.63,1
10151,DECODE,401,0,401,1696.68,16.54,1
10152,DECODE,399,0,399,1693.74,18.53,1
10153,DECODE,398,0,398,1692.56,16.42,1
10154,DECODE,397,0,397,1691.38,16.39,1
10155,DECODE,397,0,397,1692.38,16.34,1
10156,DECODE,397,0,397,1693.38,16.00,1
10157,DECODE,397,0,397,1694.38,16.01,1
10158,DECODE,397,0,397,1695.38,16.04,1
10159,DECODE,397,0,397,1696.38,16.01,1
10160,DECODE,397,0,397,1697.38,15.98,1
10161,DECODE,395,0,395,1694.01,15.86,1
10162,DECODE,395,0,395,1695.01,15.54,1
10163,DECODE,395,0,395,1696.01,15.82,1
10164,DECODE,395,0,395,1697.01,16.38,1
10165,DECODE,395,0,395,1698.01,15.76,1
10166,DECODE,395,0,395,1699.01,15.49,1
10167,DECODE,394,0,394,1697.82,16.22,1
10168,DECODE,393,0,393,1696.63,15.89,1
10169,DECODE,392,0,392,1695.55,15.91,1
10170,DECODE,392,0,392,1696.55,15.66,1
10171,DECODE,392,0,392,1697.55,15.32,1
10172,DECODE,391,0,391,1699.33,15.72,1
10173,DECODE,391,0,391,1700.33,15.59,1
10174,DECODE,390,0,390,1699.13,15.88,1
10175,DECODE,390,0,390,1700.13,15.40,1
10176,DECODE,389,0,389,1698.92,15.85,1
10177,DECODE,389,0,389,1699.92,15.28,1
10178,DECODE,388,0,388,1701.84,14.47,1
10179,DECODE,388,0,388,1702.84,14.42,1
10180,DECODE,387,0,387,1701.63,14.42,1
10181,DECODE,386,0,386,1700.40,14.40,1
10182,DECODE,386,0,386,1701.40,14.39,1
10183,DECODE,385,0,385,1702.95,14.35,1
10184,DECODE,383,0,383,1702.75,15.07,1
10185,DECODE,382,0,382,1701.50,14.21,1
10186,DECODE,382,0,382,1702.50,14.00,1
10187,DECODE,382,0,382,1703.50,13.94,1
10188,DECODE,382,0,382,1704.50,14.05,1
10189,DECODE,382,0,382,1705.50,14.08,1
10190,DECODE,382,0,382,1706.50,14.18,1
10191,DECODE,382,0,382,1707.50,14.13,1
10192,DECODE,380,0,380,1707.33,15.43,1
10193,DECODE,379,0,379,1708.06,15.09,1
10194,DECODE,379,0,379,1709.06,15.14,1
10195,DECODE,377,0,377,1705.54,15.22,1
10196,DECODE,377,0,377,1706.54,15.05,1
10197,DECODE,377,0,377,1707.54,15.19,1
10198,DECODE,377,0,377,1708.54,15.04,1
10199,DECODE,377,0,377,1709.54,15.18,1
10200,DECODE,377,0,377,1710.54,15.23,1
10201,DECODE,377,0,377,1711.54,14.03,1
10202,DECODE,377,0,377,1712.54,14.09,1
10203,DECODE,377,0,377,1713.54,14.02,1
10204,DECODE,376,0,376,1712.29,16.06,1
10205,DECODE,376,0,376,1713.29,14.92,1
10206,DECODE,375,0,375,1712.03,15.58,1
10207,DECODE,375,0,375,1713.03,15.06,1
10208,DECODE,375,0,375,1714.03,15.44,1
10209,DECODE,375,0,375,1715.03,14.88,1
10210,DECODE,375,0,375,1716.03,14.87,1
10211,DECODE,373,0,373,1715.34,15.88,1
10212,DECODE,372,0,372,1716.95,15.47,1
10213,DECODE,372,0,372,1717.95,15.03,1
10214,DECODE,371,0,371,1716.68,15.26,1
10215,DECODE,370,0,370,1718.99,15.65,1
10216,DECODE,368,0,368,1715.95,16.91,1
10217,DECODE,368,0,368,1716.95,15.12,1
10218,DECODE,367,0,367,1715.66,15.37,1
10219,DECODE,367,0,367,1716.66,15.84,1
10220,DECODE,367,0,367,1717.66,15.21,1
10221,DECODE,367,0,367,1718.66,15.14,1
10222,DECODE,366,0,366,1719.98,15.90,1
10223,DECODE,366,0,366,1720.98,15.07,1
10224,DECODE,366,0,366,1721.98,15.37,1
10225,DECODE,366,0,366,1722.98,15.38,1
10226,DECODE,365,0,365,1722.35,15.83,1
10227,DECODE,365,0,365,1723.35,15.56,1
10228,DECODE,365,0,365,1724.35,15.10,1
10229,DECODE,365,0,365,1725.35,15.35,1
10230,DECODE,365,0,365,1726.35,15.12,1
10231,DECODE,364,0,364,1725.86,16.31,1
10232,DECODE,364,0,364,1726.86,15.16,1
10233,DECODE,364,0,364,1727.86,15.27,1
10234,DECODE,364,0,364,1728.86,15.44,1
10235,DECODE,364,0,364,1729.86,15.35,1
10236,DECODE,364,0,364,1730.86,15.38,1
10237,DECODE,364,0,364,1731.86,15.55,1
10238,DECODE,364,0,364,1732.86,15.17,1
10239,DECODE,364,0,364,1733.86,15.44,1
10240,DECODE,363,0,363,1735.62,15.57,1
10241,DECODE,363,0,363,1736.62,15.19,1
10242,DECODE,362,0,362,1737.28,16.61,1
10243,DECODE,361,0,361,1736.00,15.71,1
10244,DECODE,361,0,361,1737.00,15.36,1
10245,DECODE,359,0,359,1736.04,15.68,1
10246,DECODE,359,0,359,1737.04,15.20,1
10247,DECODE,359,0,359,1738.04,15.01,1
10248,DECODE,358,0,358,1736.74,15.23,1
10249,DECODE,358,0,358,1737.74,14.96,1
10250,DECODE,358,0,358,1738.74,15.18,1
10251,DECODE,357,0,357,1737.44,15.20,1
10252,DECODE,356,0,356,1736.13,15.18,1
10253,DECODE,356,0,356,1737.13,15.07,1
10254,DECODE,356,0,356,1738.13,14.86,1
10255,DECODE,356,0,356,1739.13,14.90,1
10256,DECODE,356,0,356,1740.13,14.97,1
10257,DECODE,355,0,355,1738.82,15.24,1
10258,DECODE,355,0,355,1739.82,14.96,1
10259,DECODE,355,0,355,1740.82,14.92,1
10260,DECODE,355,0,355,1741.82,14.87,1
10261,DECODE,355,0,355,1742.82,15.43,1
10262,DECODE,355,0,355,1743.82,15.05,1
10263,DECODE,355,0,355,1744.82,14.90,1
10264,DECODE,355,0,355,1745.82,15.09,1
10265,DECODE,355,0,355,1746.82,14.99,1
10266,DECODE,355,0,355,1747.82,15.21,1
10267,DECODE,354,0,354,1746.53,15.22,1
10268,DECODE,354,0,354,1747.53,14.95,1
10269,DECODE,354,0,354,1748.53,15.16,1
10270,DECODE,354,0,354,1749.53,14.90,1
10271,DECODE,354,0,354,1750.53,14.94,1
10272,DECODE,353,0,353,1749.23,15.27,1
10273,DECODE,352,0,352,1747.93,16.76,1
10274,DECODE,352,0,352,1748.93,14.95,1
10275,DECODE,351,0,351,1750.26,14.99,1
10276,DECODE,351,0,351,1751.26,15.02,1
10277,DECODE,350,0,350,1752.39,15.15,1
10278,DECODE,350,0,350,1753.39,14.75,1
10279,DECODE,350,0,350,1754.39,14.84,1
10280,DECODE,349,0,349,1756.65,15.09,1
10281,DECODE,349,0,349,1757.65,14.78,1
10282,DECODE,348,0,348,1756.34,15.28,1
10283,DECODE,348,0,348,1757.34,15.10,1
10284,DECODE,348,0,348,1758.34,14.91,1
10285,DECODE,348,0,348,1759.34,14.90,1
10286,DECODE,347,0,347,1758.03,15.20,1
10287,DECODE,347,0,347,1759.03,14.89,1
10288,DECODE,347,0,347,1760.03,14.87,1
10289,DECODE,347,0,347,1761.03,14.79,1
10290,DECODE,347,0,347,1762.03,15.10,1
10291,DECODE,346,0,346,1763.66,15.42,1
10292,DECODE,346,0,346,1764.66,14.93,1
10293,DECODE,346,0,346,1765.66,14.85,1
10294,DECODE,346,0,346,1766.66,14.83,1
10295,DECODE,345,0,345,1765.37,15.16,1
10296,DECODE,345,0,345,1766.37,14.85,1
10297,DECODE,344,0,344,1765.82,15.44,1
10298,DECODE,344,0,344,1766.82,14.87,1
10299,DECODE,344,0,344,1767.82,15.10,1
10300,DECODE,344,0,344,1768.82,14.89,1
10301,DECODE,343,0,343,1771.01,15.19,1
10302,DECODE,343,0,343,1772.01,14.83,1
10303,DECODE,343,0,343,1773.01,15.04,1
10304,DECODE,342,0,342,1771.71,15.97,1
10305,DECODE,341,0,341,1770.40,15.31,1
10306,DECODE,341,0,341,1771.40,15.36,1
10307,DECODE,341,0,341,1772.40,14.84,1
10308,DECODE,339,0,339,1772.65,15.21,1
10309,DECODE,339,0,339,1773.65,14.79,1
10310,DECODE,339,0,339,1774.65,14.88,1
10311,DECODE,339,0,339,1775.65,15.08,1
10312,DECODE,339,0,339,1776.65,14.70,1
10313,DECODE,339,0,339,1777.65,14.96,1
10314,DECODE,339,0,339,1778.65,14.91,1
10315,DECODE,339,0,339,1779.65,14.66,1
10316,DECODE,339,0,339,1780.65,14.88,1
10317,DECODE,339,0,339,1781.65,14.89,1
10318,DECODE,338,0,338,1780.34,15.03,1
10319,DECODE,338,0,338,1781.34,15.30,1
10320,DECODE,338,0,338,1782.34,14.71,1
10321,DECODE,338,0,338,1783.34,15.13,1
10322,DECODE,338,0,338,1784.34,15.19,1
10323,DECODE,337,0,337,1783.04,15.41,1
10324,DECODE,337,0,337,1784.04,15.34,1
10325,DECODE,337,0,337,1785.04,15.40,1
10326,DECODE,336,0,336,1783.74,16.74,1
10327,DECODE,335,0,335,1785.71,15.39,1
10328,DECODE,335,0,335,1786.71,14.97,1
10329,DECODE,335,0,335,1787.71,14.87,1
10330,DECODE,335,0,335,1788.71,14.89,1
10331,DECODE,335,0,335,1789.71,15.07,1
10332,DECODE,334,0,334,1789.75,15.32,1
10333,DECODE,334,0,334,1790.75,15.03,1
10334,DECODE,334,0,334,1791.75,15.09,1
10335,DECODE,334,0,334,1792.75,14.96,1
10336,DECODE,334,0,334,1793.75,14.72,1
10337,DECODE,334,0,334,1794.75,14.91,1
10338,DECODE,332,0,332,1791.14,14.95,1
10339,DECODE,332,0,332,1792.14,14.85,1
10340,DECODE,332,0,332,1793.14,14.59,1
10341,DECODE,332,0,332,1794.14,14.68,1
10342,DECODE,332,0,332,1795.14,14.88,1
10343,DECODE,332,0,332,1796.14,14.61,1
10344,DECODE,332,0,332,1797.14,14.60,1
10345,DECODE,331,0,331,1798.83,14.84,1
10346,DECODE,331,0,331,1799.83,14.68,1
10347,DECODE,331,0,331,1800.83,14.92,1
10348,DECODE,330,0,330,1799.53,14.67,1
10349,DECODE,330,0,330,1800.53,14.13,1
10350,DECODE,329,0,329,1799.30,14.41,1
10351,DECODE,329,0,329,1800.30,14.59,1
10352,DECODE,329,0,329,1801.30,14.15,1
10353,DECODE,329,0,329,1802.30,14.41,1
10354,DECODE,329,0,329,1803.30,14.11,1
10355,DECODE,329,0,329,1804.30,14.14,1
10356,DECODE,329,0,329,1805.30,14.18,1
10357,DECODE,329,0,329,1806.30,14.13,1
10358,DECODE,329,0,329,1807.30,14.24,1
10359,DECODE,329,0,329,1808.30,14.10,1
10360,DECODE,329,0,329,1809.30,14.46,1
10361,DECODE,329,0,329,1810.30,14.18,1
10362,DECODE,328,0,328,1809.02,14.43,1
10363,DECODE,328,0,328,1810.02,14.13,1
10364,DECODE,326,0,326,1809.62,15.17,1
10365,DECODE,326,0,326,1810.62,14.50,1
10366,DECODE,326,0,326,1811.62,14.14,1
10367,DECODE,326,0,326,1812.62,14.24,1
10368,DECODE,326,0,326,1813.62,14.76,1
10369,DECODE,326,0,326,1814.62,14.50,1
10370,DECODE,326,0,326,1815.62,14.13,1
10371,DECODE,326,0,326,1816.62,14.13,1
10372,DECODE,326,0,326,1817.62,14.00,1
10373,DECODE,326,0,326,1818.62,13.99,1
10374,DECODE,323,0,323,1812.74,14.36,1
10375,DECODE,323,0,323,1813.74,14.09,1
10376,DECODE,322,0,322,1812.64,14.57,1
10377,DECODE,322,0,322,1813.64,14.12,1
10378,DECODE,322,0,322,1814.64,13.89,1
10379,DECODE,322,0,322,1815.64,13.90,1
10380,DECODE,320,0,320,1817.54,15.91,1
10381,DECODE,320,0,320,1818.54,13.96,1
10382,DECODE,320,0,320,1819.54,14.33,1
10383,DECODE,319,0,319,1821.68,14.39,1
10384,DECODE,317,0,317,1819.32,14.23,1
10385,DECODE,317,0,317,1820.32,14.09,1
10386,DECODE,317,0,317,1821.32,14.03,1
10387,DECODE,317,0,317,1822.32,14.07,1
10388,DECODE,317,0,317,1823.32,13.95,1
10389,DECODE,317,0,317,1824.32,13.99,1
10390,DECODE,317,0,317,1825.32,14.02,1
10391,DECODE,317,0,317,1826.32,14.28,1
10392,DECODE,316,0,316,1825.00,14.28,1
10393,DECODE,316,0,316,1826.00,14.07,1
10394,DECODE,316,0,316,1827.00,13.97,1
10395,DECODE,316,0,316,1828.00,13.99,1
10396,DECODE,316,0,316,1829.00,14.01,1
10397,DECODE,316,0,316,1830.00,14.10,1
10398,DECODE,315,0,315,1831.59,14.76,1
10399,DECODE,315,0,315,1832.59,14.03,1
10400,DECODE,315,0,315,1833.59,13.86,1
10401,DECODE,314,0,314,1835.33,14.24,1
10402,DECODE,314,0,314,1836.33,14.11,1
10403,DECODE,313,0,313,1835.02,14.56,1
10404,DECODE,312,0,312,1836.88,14.26,1
10405,DECODE,310,0,310,1833.22,14.15,1
10406,DECODE,310,0,310,1834.22,14.11,1
10407,DECODE,309,0,309,1832.87,14.35,1
10408,DECODE,309,0,309,1833.87,14.26,1
10409,DECODE,309,0,309,1834.87,14.10,1
10410,DECODE,309,0,309,1835.87,13.90,1
10411,DECODE,309,0,309,1836.87,13.87,1
10412,DECODE,309,0,309,1837.87,13.81,1
10413,DECODE,307,0,307,1837.33,14.05,1
10414,DECODE,307,0,307,1838.33,13.75,1
10415,DECODE,305,0,305,1838.14,13.92,1
10416,DECODE,305,0,305,1839.14,13.70,1
10417,DECODE,305,0,305,1840.14,13.22,1
10418,DECODE,305,0,305,1841.14,13.77,1
10419,DECODE,305,0,305,1842.14,14.22,1
10420,DECODE,305,0,305,1843.14,13.77,1
10421,DECODE,303,0,303,1842.98,16.05,1
10422,DECODE,301,0,301,1842.59,14.21,1
10423,DECODE,301,0,301,1843.59,13.82,1
10424,DECODE,301,0,301,1844.59,13.47,1
10425,DECODE,301,0,301,1845.59,13.69,1
10426,DECODE,301,0,301,1846.59,13.84,1
10427,DECODE,301,0,301,1847.59,13.56,1
10428,DECODE,301,0,301,1848.59,13.80,1
10429,DECODE,301,0,301,1849.59,13.67,1
10430,DECODE,300,0,300,1851.76,13.72,1
10431,DECODE,299,0,299,1850.39,13.75,1
10432,DECODE,299,0,299,1851.39,13.56,1
10433,DECODE,299,0,299,1852.39,14.10,1
10434,DECODE,298,0,298,1851.02,13.79,1
10435,DECODE,298,0,298,1852.02,13.88,1
10436,DECODE,298,0,298,1853.02,13.69,1
10437,DECODE,297,0,297,1851.64,14.06,1
10438,DECODE,296,0,296,1852.92,14.31,1
10439,DECODE,296,0,296,1853.92,13.25,1
10440,DECODE,296,0,296,1854.92,14.17,1
10441,DECODE,296,0,296,1855.92,13.65,1
10442,DECODE,293,0,293,1852.42,14.22,1
10443,DECODE,292,0,292,1854.29,14.01,1
10444,DECODE,292,0,292,1855.29,13.68,1
10445,DECODE,292,0,292,1856.29,13.81,1
10446,DECODE,291,0,291,1854.88,13.83,1
10447,DECODE,290,0,290,1856.03,14.17,1
10448,DECODE,290,0,290,1857.03,14.05,1
10449,DECODE,289,0,289,1855.60,14.11,1
10450,DECODE,289,0,289,1856.60,13.56,1
10451,DECODE,289,0,289,1857.60,14.72,1
10452,DECODE,289,0,289,1858.60,13.55,1
10453,DECODE,289,0,289,1859.60,13.74,1
10454,DECODE,288,0,288,1858.16,15.40,1
10455,DECODE,288,0,288,1859.16,13.35,1
10456,DECODE,288,0,288,1860.16,13.38,1
10457,DECODE,287,0,287,1858.72,13.98,1
10458,DECODE,285,0,285,1861.65,14.06,1
10459,DECODE,285,0,285,1862.65,13.59,1
10460,DECODE,285,0,285,1863.65,13.33,1
10461,DECODE,285,0,285,1864.65,13.40,1
10462,DECODE,285,0,285,1865.65,13.26,1
10463,DECODE,285,0,285,1866.65,13.38,1
10464,DECODE,284,0,284,1867.97,13.50,1
10465,DECODE,284,0,284,1868.97,13.29,1
10466,DECODE,284,0,284,1869.97,13.23,1
10467,DECODE,284,0,284,1870.97,13.55,1
10468,DECODE,284,0,284,1871.97,13.31,1
10469,DECODE,284,0,284,1872.97,13.35,1
10470,DECODE,284,0,284,1873.97,13.36,1
10471,DECODE,284,0,284,1874.97,13.34,1
10472,DECODE,284,0,284,1875.97,13.52,1
10473,DECODE,284,0,284,1876.97,13.43,1
10474,DECODE,284,0,284,1877.97,13.66,1
10475,DECODE,284,0,284,1878.97,13.38,1
10476,DECODE,283,0,283,1881.53,13.78,1
10477,DECODE,283,0,283,1882.53,13.44,1
10478,DECODE,283,0,283,1883.53,13.38,1
10479,DECODE,283,0,283,1884.53,13.47,1
10480,DECODE,282,0,282,1886.83,13.58,1
10481,DECODE,282,0,282,1887.83,13.45,1
10482,DECODE,282,0,282,1888.83,13.29,1
10483,DECODE,282,0,282,1889.83,13.58,1
10484,DECODE,282,0,282,1890.83,12.39,1
10485,DECODE,282,0,282,1891.83,12.46,1
10486,DECODE,282,0,282,1892.83,12.44,1
10487,DECODE,282,0,282,1893.83,12.42,1
10488,DECODE,282,0,282,1894.83,12.40,1
10489,DECODE,282,0,282,1895.83,12.50,1
10490,DECODE,282,0,282,1896.83,12.45,1
10491,DECODE,281,0,281,1896.60,12.46,1
10492,DECODE,281,0,281,1897.60,12.51,1
10493,DECODE,280,0,280,1896.24,14.92,1
10494,DECODE,279,0,279,1898.00,14.02,1
10495,DECODE,278,0,278,1897.36,14.05,1
10496,DECODE,278,0,278,1898.36,13.33,1
10497,DECODE,278,0,278,1899.36,13.21,1
10498,DECODE,277,0,277,1897.98,13.79,1
10499,DECODE,276,0,276,1896.58,13.62,1
10500,DECODE,276,0,276,1897.58,13.38,1
10501,DECODE,276,0,276,1898.58,13.38,1
10502,DECODE,276,0,276,1899.58,13.35,1
10503,DECODE,274,0,274,1895.76,13.82,1
10504,DECODE,274,0,274,1896.76,13.31,1
10505,DECODE,274,0,274,1897.76,13.40,1
10506,DECODE,274,0,274,1898.76,13.46,1
10507,DECODE,274,0,274,1899.76,13.42,1
10508,DECODE,274,0,274,1900.76,12.18,1
10509,DECODE,274,0,274,1901.76,13.36,1
10510,DECODE,273,0,273,1903.85,13.54,1
10511,DECODE,273,0,273,1904.85,13.32,1
10512,DECODE,273,0,273,1905.85,12.86,1
10513,DECODE,273,0,273,1906.85,13.27,1
10514,DECODE,273,0,273,1907.85,13.27,1
10515,DECODE,273,0,273,1908.85,13.28,1
10516,DECODE,273,0,273,1909.85,13.24,1
10517,DECODE,273,0,273,1910.85,12.23,1
10518,DECODE,273,0,273,1911.85,12.49,1
10519,DECODE,273,0,273,1912.85,12.48,1
10520,DECODE,273,0,273,1913.85,12.33,1
10521,DECODE,273,0,273,1914.85,12.23,1
10522,DECODE,271,0,271,1912.73,13.08,1
10523,DECODE,271,0,271,1913.73,12.13,1
10524,DECODE,271,0,271,1914.73,12.17,1
10525,DECODE,271,0,271,1915.73,12.34,1
10526,DECODE,271,0,271,1916.73,12.47,1
10527,DECODE,271,0,271,1917.73,13.07,1
10528,DECODE,271,0,271,1918.73,12.36,1
10529,DECODE,271,0,271,1919.73,12.41,1
10530,DECODE,271,0,271,1920.73,12.42,1
10531,DECODE,271,0,271,1921.73,13.49,1
10532,DECODE,270,0,270,1920.37,13.57,1
10533,DECODE,270,0,270,1921.37,13.02,1
10534,DECODE,270,0,270,1922.37,12.46,1
10535,DECODE,270,0,270,1923.37,13.08,1
10536,DECODE,269,0,269,1922.00,12.20,1
10537,DECODE,269,0,269,1923.00,13.16,1
10538,DECODE,269,0,269,1924.00,13.09,1
10539,DECODE,268,0,268,1922.63,13.28,1
10540,DECODE,267,0,267,1924.31,13.26,1
10541,DECODE,266,0,266,1923.55,13.49,1
10542,DECODE,266,0,266,1924.55,12.94,1
10543,DECODE,266,0,266,1925.55,12.32,1
10544,DECODE,266,0,266,1926.55,13.35,1
10545,DECODE,266,0,266,1927.55,12.85,1
10546,DECODE,266,0,266,1928.55,13.41,1
10547,DECODE,266,0,266,1929.55,13.09,1
10548,DECODE,266,0,266,1930.55,12.95,1
10549,DECODE,266,0,266,1931.55,13.42,1
10550,DECODE,266,0,266,1932.55,13.37,1
10551,DECODE,266,0,266,1933.55,13.26,1
10552,DECODE,266,0,266,1934.55,13.32,1
10553,DECODE,266,0,266,1935.55,13.25,1
10554,DECODE,266,0,266,1936.55,13.29,1
10555,DECODE,266,0,266,1937.55,13.30,1
10556,DECODE,266,0,266,1938.55,13.31,1
10557,DECODE,265,0,265,1940.63,13.49,1
10558,DECODE,265,0,265,1941.63,13.58,1
10559,DECODE,265,0,265,1942.63,13.38,1
10560,DECODE,265,0,265,1943.63,13.29,1
10561,DECODE,264,0,264,1942.30,12.98,1
10562,DECODE,264,0,264,1943.30,12.90,1
10563,DECODE,264,0,264,1944.30,12.75,1
10564,DECODE,264,0,264,1945.30,12.92,1
10565,DECODE,263,0,263,1943.96,13.00,1
10566,DECODE,263,0,263,1944.96,12.67,1
10567,DECODE,263,0,263,1945.96,12.53,1
10568,DECODE,263,0,263,1946.96,12.52,1
10569,DECODE,263,0,263,1947.96,12.56,1
10570,DECODE,263,0,263,1948.96,12.60,1
10571,DECODE,263,0,263,1949.96,12.57,1
10572,DECODE,263,0,263,1950.96,12.50,1
10573,DECODE,263,0,263,1951.96,12.49,1
10574,DECODE,262,0,262,1950.64,12.68,1
10575,DECODE,262,0,262,1951.64,12.73,1
10576,DECODE,261,0,261,1950.31,12.63,1
10577,DECODE,261,0,261,1951.31,12.46,1
10578,DECODE,261,0,261,1952.31,12.67,1
10579,DECODE,261,0,261,1953.31,12.90,1
10580,DECODE,261,0,261,1954.31,12.71,1
10581,DECODE,261,0,261,1955.31,12.62,1
10582,DECODE,260,0,260,1955.45,13.13,1
10583,DECODE,260,0,260,1956.45,12.65,1
10584,DECODE,260,0,260,1957.45,12.88,1
10585,DECODE,260,0,260,1958.45,12.64,1
10586,DECODE,259,0,259,1959.33,13.14,1
10587,DECODE,259,0,259,1960.33,12.84,1
10588,DECODE,259,0,259,1961.33,12.83,1
10589,DECODE,259,0,259,1962.33,12.62,1
10590,DECODE,259,0,259,1963.33,12.81,1
10591,DECODE,259,0,259,1964.33,13.26,1
10592,DECODE,258,0,258,1963.80,13.13,1
10593,DECODE,258,0,258,1964.80,12.74,1
10594,DECODE,258,0,258,1965.80,12.81,1
10595,DECODE,257,0,257,1967.41,12.82,1
10596,DECODE,257,0,257,1968.41,12.63,1
10597,DECODE,257,0,257,1969.41,12.60,1
10598,DECODE,256,0,256,1968.11,12.75,1
10599,DECODE,256,0,256,1969.11,12.95,1
10600,DECODE,256,0,256,1970.11,12.71,1
10601,DECODE,256,0,256,1971.11,12.35,1
10602,DECODE,256,0,256,1972.11,12.48,1
10603,DECODE,256,0,256,1973.11,12.78,1
10604,DECODE,256,0,256,1974.11,12.73,1
10605,DECODE,256,0,256,1975.11,12.56,1
10606,DECODE,256,0,256,1976.11,12.42,1
10607,DECODE,256,0,256,1977.11,12.75,1
10608,DECODE,256,0,256,1978.11,13.02,1
10609,DECODE,255,0,255,1977.43,12.94,1
10610,DECODE,255,0,255,1978.43,12.57,1
10611,DECODE,255,0,255,1979.43,12.42,1
10612,DECODE,255,0,255,1980.43,12.77,1
10613,DECODE,255,0,255,1981.43,12.11,1
10614,DECODE,255,0,255,1982.43,12.35,1
10615,DECODE,255,0,255,1983.43,12.53,1
10616,DECODE,255,0,255,1984.43,12.06,1
10617,DECODE,254,0,254,1983.16,12.88,1
10618,DECODE,253,0,253,1985.07,12.72,1
10619,DECODE,253,0,253,1986.07,12.63,1
10620,DECODE,253,0,253,1987.07,12.30,1
10621,DECODE,253,0,253,1988.07,12.46,1
10622,DECODE,253,0,253,1989.07,12.31,1
10623,DECODE,252,0,252,1990.15,12.86,1
10624,DECODE,252,0,252,1991.15,12.37,1
10625,DECODE,252,0,252,1992.15,12.38,1
10626,DECODE,251,0,251,1992.41,12.51,1
10627,DECODE,251,0,251,1993.41,11.99,1
10628,DECODE,251,0,251,1994.41,12.31,1
10629,DECODE,251,0,251,1995.41,12.79,1
10630,DECODE,251,0,251,1996.41,12.26,1
10631,DECODE,251,0,251,1997.41,12.35,1
10632,DECODE,251,0,251,1998.41,12.33,1
10633,DECODE,251,0,251,1999.41,12.48,1
10634,DECODE,251,0,251,2000.41,12.57,1
10635,DECODE,250,0,250,2001.45,12.85,1
10636,DECODE,250,0,250,2002.45,12.46,1
10637,DECODE,248,0,248,1998.95,12.57,1
10638,DECODE,248,0,248,1999.95,12.18,1
10639,DECODE,248,0,248,2000.95,12.67,1
10640,DECODE,248,0,248,2001.95,12.25,1
10641,DECODE,247,0,247,2004.37,12.53,1
10642,DECODE,247,0,247,2005.37,12.27,1
10643,DECODE,247,0,247,2006.37,12.15,1
10644,DECODE,247,0,247,2007.37,12.12,1
10645,DECODE,247,0,247,2008.37,12.32,1
10646,DECODE,246,0,246,2007.13,12.41,1
10647,DECODE,246,0,246,2008.13,12.70,1
10648,DECODE,246,0,246,2009.13,12.32,1
10649,DECODE,246,0,246,2010.13,12.18,1
10650,DECODE,245,0,245,2010.04,12.67,1
10651,DECODE,245,0,245,2011.04,12.36,1
10652,DECODE,245,0,245,2012.04,12.37,1
10653,DECODE,245,0,245,2013.04,12.34,1
10654,DECODE,245,0,245,2014.04,12.53,1
10655,DECODE,245,0,245,2015.04,12.23,1
10656,DECODE,245,0,245,2016.04,12.18,1
10657,DECODE,245,0,245,2017.04,12.45,1
10658,DECODE,245,0,245,2018.04,12.21,1
10659,DECODE,244,0,244,2016.82,12.70,1
10660,DECODE,244,0,244,2017.82,12.29,1
10661,DECODE,244,0,244,2018.82,12.21,1
10662,DECODE,244,0,244,2019.82,12.27,1
10663,DECODE,244,0,244,2020.82,12.76,1
10664,DECODE,244,0,244,2021.82,12.26,1
10665,DECODE,244,0,244,2022.82,12.25,1
10666,DECODE,244,0,244,2023.82,12.28,1
10667,DECODE,244,0,244,2024.82,12.46,1
10668,DECODE,243,0,243,2023.61,12.46,1
10669,DECODE,243,0,243,2024.61,12.24,1
10670,DECODE,243,0,243,2025.61,12.45,1
10671,DECODE,243,0,243,2026.61,12.47,1
10672,DECODE,243,0,243,2027.61,12.23,1
10673,DECODE,243,0,243,2028.61,12.26,1
10674,DECODE,243,0,243,2029.61,12.26,1
10675,DECODE,243,0,243,2030.61,12.25,1
10676,DECODE,243,0,243,2031.61,12.50,1
10677,DECODE,243,0,243,2032.61,14.18,1
10678,DECODE,243,0,243,2033.61,14.84,1
10679,DECODE,243,0,243,2034.61,12.22,1
10680,DECODE,243,0,243,2035.61,12.30,1
10681,DECODE,243,0,243,2036.61,12.28,1
10682,DECODE,243,0,243,2037.61,14.16,1
10683,DECODE,243,0,243,2038.61,12.28,1
10684,DECODE,242,0,242,2039.79,12.46,1
10685,DECODE,242,0,242,2040.79,12.34,1
10686,DECODE,242,0,242,2041.79,12.28,1
10687,DECODE,242,0,242,2042.79,12.31,1
10688,DECODE,242,0,242,2043.79,12.17,1
10689,DECODE,241,0,241,2044.44,14.29,1
10690,DECODE,241,0,241,2045.44,12.25,1
10691,DECODE,240,0,240,2044.29,12.59,1
10692,DECODE,240,0,240,2045.29,12.21,1
10693,DECODE,240,0,240,2046.29,12.13,1
10694,DECODE,240,0,240,2047.29,12.13,1
10695,DECODE,240,0,240,2048.29,12.10,1
10696,DECODE,239,0,239,2050.02,12.53,1
10697,DECODE,239,0,239,2051.02,12.21,1
10698,DECODE,239,0,239,2052.02,12.26,1
10699,DECODE,239,0,239,2053.02,12.24,1
10700,DECODE,239,0,239,2054.02,12.96,1
10701,DECODE,239,0,239,2055.02,12.24,1
10702,DECODE,239,0,239,2056.02,12.22,1
10703,DECODE,239,0,239,2057.02,12.15,1
10704,DECODE,239,0,239,2058.02,12.26,1
10705,DECODE,239,0,239,2059.02,12.20,1
10706,DECODE,239,0,239,2060.02,12.15,1
10707,DECODE,238,0,238,2058.92,12.49,1
10708,DECODE,238,0,238,2059.92,12.34,1
10709,DECODE,238,0,238,2060.92,12.51,1
10710,DECODE,238,0,238,2061.92,12.85,1
10711,DECODE,238,0,238,2062.92,12.36,1
10712,DECODE,238,0,238,2063.92,12.22,1
10713,DECODE,238,0,238,2064.92,12.26,1
10714,DECODE,238,0,238,2065.92,11.96,1
10715,DECODE,238,0,238,2066.92,11.82,1
10716,DECODE,238,0,238,2067.92,11.81,1
10717,DECODE,237,0,237,2068.60,12.55,1
10718,DECODE,237,0,237,2069.60,12.18,1
10719,DECODE,237,0,237,2070.60,12.18,1
10720,DECODE,237,0,237,2071.60,12.20,1
10721,DECODE,237,0,237,2072.60,12.57,1
10722,DECODE,237,0,237,2073.60,12.17,1
10723,DECODE,237,0,237,2074.60,12.14,1
10724,DECODE,235,0,235,2073.60,12.38,1
10725,DECODE,235,0,235,2074.60,12.20,1
10726,DECODE,235,0,235,2075.60,12.06,1
10727,DECODE,234,0,234,2077.97,12.45,1
10728,DECODE,234,0,234,2078.97,12.20,1
10729,DECODE,233,0,233,2079.65,12.39,1
10730,DECODE,233,0,233,2080.65,12.06,1
10731,DECODE,233,0,233,2081.65,12.13,1
10732,DECODE,232,0,232,2080.59,13.20,1
10733,DECODE,232,0,232,2081.59,12.26,1
10734,DECODE,231,0,231,2080.52,12.68,1
10735,DECODE,231,0,231,2081.52,12.20,1
10736,DECODE,230,0,230,2080.43,12.70,1
10737,DECODE,230,0,230,2081.43,12.11,1
10738,DECODE,230,0,230,2082.43,12.25,1
10739,DECODE,230,0,230,2083.43,11.94,1
10740,DECODE,228,0,228,2080.25,12.65,1
10741,DECODE,228,0,228,2081.25,12.36,1
10742,DECODE,228,0,228,2082.25,12.35,1
10743,DECODE,227,0,227,2081.15,13.00,1
10744,DECODE,227,0,227,2082.15,12.08,1
10745,DECODE,226,0,226,2081.04,13.02,1
10746,DECODE,226,0,226,2082.04,12.08,1
10747,DECODE,226,0,226,2083.04,12.08,1
10748,DECODE,226,0,226,2084.04,11.88,1
10749,DECODE,226,0,226,2085.04,12.14,1
10750,DECODE,226,0,226,2086.04,11.68,1
10751,DECODE,225,0,225,2084.93,12.13,1
10752,DECODE,225,0,225,2085.93,12.08,1
10753,DECODE,225,0,225,2086.93,12.05,1
10754,DECODE,225,0,225,2087.93,12.16,1
10755,DECODE,225,0,225,2088.93,12.15,1
10756,DECODE,225,0,225,2089.93,12.26,1
10757,DECODE,225,0,225,2090.93,11.88,1
10758,DECODE,225,0,225,2091.93,12.25,1
10759,DECODE,225,0,225,2092.93,12.30,1
10760,DECODE,225,0,225,2093.93,12.11,1
10761,DECODE,225,0,225,2094.93,12.60,1
10762,DECODE,225,0,225,2095.93,12.19,1
10763,DECODE,225,0,225,2096.93,12.23,1
10764,DECODE,225,0,225,2097.93,11.12,1
10765,DECODE,225,0,225,2098.93,11.23,1
10766,DECODE,225,0,225,2099.93,11.19,1
10767,DECODE,225,0,225,2100.93,11.25,1
10768,DECODE,225,0,225,2101.93,11.23,1
10769,DECODE,225,0,225,2102.93,11.19,1
10770,DECODE,225,0,225,2103.93,11.20,1
10771,DECODE,225,0,225,2104.93,11.01,1
10772,DECODE,225,0,225,2105.93,11.04,1
10773,DECODE,225,0,225,2106.93,11.23,1
10774,DECODE,225,0,225,2107.93,11.20,1
10775,DECODE,225,0,225,2108.93,11.18,1
10776,DECODE,225,0,225,2109.93,11.09,1
10777,DECODE,225,0,225,2110.93,11.24,1
10778,DECODE,225,0,225,2111.93,10.99,1
10779,DECODE,225,0,225,2112.93,11.23,1
10780,DECODE,224,0,224,2111.93,11.07,1
10781,DECODE,224,0,224,2112.93,11.02,1
10782,DECODE,224,0,224,2113.93,10.99,1
10783,DECODE,224,0,224,2114.93,10.80,1
10784,DECODE,223,0,223,2113.94,10.94,1
10785,DECODE,223,0,223,2114.94,11.04,1
10786,DECODE,223,0,223,2115.94,10.92,1
10787,DECODE,223,0,223,2116.94,11.00,1
10788,DECODE,223,0,223,2117.94,10.94,1
10789,DECODE,223,0,223,2118.94,10.99,1
10790,DECODE,222,0,222,2117.95,11.01,1
10791,DECODE,222,0,222,2118.95,11.01,1
10792,DECODE,222,0,222,2119.95,10.97,1
10793,DECODE,222,0,222,2120.95,10.99,1
10794,DECODE,222,0,222,2121.95,11.00,1
10795,DECODE,222,0,222,2122.95,11.00,1
10796,DECODE,221,0,221,2121.97,10.98,1
10797,DECODE,221,0,221,2122.97,10.98,1
10798,DECODE,221,0,221,2123.97,10.97,1
10799,DECODE,221,0,221,2124.97,11.01,1
10800,DECODE,220,0,220,2124.00,10.96,1
10801,DECODE,220,0,220,2125.00,11.01,1
10802,DECODE,220,0,220,2126.00,10.96,1
10803,DECODE,220,0,220,2127.00,10.97,1
10804,DECODE,220,0,220,2128.00,11.01,1
10805,DECODE,219,0,219,2127.63,11.03,1
10806,DECODE,219,0,219,2128.63,11.00,1
10807,DECODE,219,0,219,2129.63,10.96,1
10808,DECODE,219,0,219,2130.63,10.98,1
10809,DECODE,218,0,218,2129.67,12.25,1
10810,DECODE,217,0,217,2128.68,12.26,1
10811,DECODE,217,0,217,2129.68,12.17,1
10812,DECODE,216,0,216,2128.69,12.11,1
10813,DECODE,215,0,215,2127.68,12.05,1
10814,DECODE,215,0,215,2128.68,11.92,1
10815,DECODE,215,0,215,2129.68,12.12,1
10816,DECODE,215,0,215,2130.68,12.35,1
10817,DECODE,215,0,215,2131.68,13.02,1
10818,DECODE,214,0,214,2130.68,12.26,1
10819,DECODE,214,0,214,2131.68,11.91,1
10820,DECODE,214,0,214,2132.68,11.81,1
10821,DECODE,213,0,213,2131.68,12.37,1
10822,DECODE,213,0,213,2132.68,11.87,1
10823,DECODE,213,0,213,2133.68,11.99,1
10824,DECODE,213,0,213,2134.68,12.12,1
10825,DECODE,213,0,213,2135.68,12.02,1
10826,DECODE,213,0,213,2136.68,11.95,1
10827,DECODE,213,0,213,2137.68,11.97,1
10828,DECODE,213,0,213,2138.68,12.03,1
10829,DECODE,213,0,213,2139.68,12.03,1
10830,DECODE,213,0,213,2140.68,12.19,1
10831,DECODE,213,0,213,2141.68,11.91,1
10832,DECODE,213,0,213,2142.68,12.17,1
10833,DECODE,212,0,212,2141.71,12.83,1
10834,DECODE,212,0,212,2142.71,11.91,1
10835,DECODE,212,0,212,2143.71,12.01,1
10836,DECODE,212,0,212,2144.71,12.24,1
10837,DECODE,212,0,212,2145.71,12.34,1
10838,DECODE,212,0,212,2146.71,11.82,1
10839,DECODE,212,0,212,2147.71,11.79,1
10840,DECODE,212,0,212,2148.71,11.86,1
10841,DECODE,212,0,212,2149.71,11.81,1
10842,DECODE,212,0,212,2150.71,11.94,1
10843,DECODE,212,0,212,2151.71,12.13,1
10844,DECODE,211,0,211,2150.77,12.19,1
10845,DECODE,211,0,211,2151.77,12.00,1
10846,DECODE,211,0,211,2152.77,12.05,1
10847,DECODE,211,0,211,2153.77,11.92,1
10848,DECODE,211,0,211,2154.77,11.93,1
10849,DECODE,210,0,210,2153.84,12.35,1
10850,DECODE,210,0,210,2154.84,11.89,1
10851,DECODE,210,0,210,2155.84,12.39,1
10852,DECODE,209,0,209,2157.58,12.23,1
10853,DECODE,209,0,209,2158.58,12.25,1
10854,DECODE,209,0,209,2159.58,11.94,1
10855,DECODE,209,0,209,2160.58,11.92,1
10856,DECODE,209,0,209,2161.58,12.02,1
10857,DECODE,207,0,207,2159.18,12.22,1
10858,DECODE,207,0,207,2160.18,11.92,1
10859,DECODE,207,0,207,2161.18,11.93,1
10860,DECODE,207,0,207,2162.18,11.88,1
10861,DECODE,206,0,206,2161.25,12.21,1
10862,DECODE,206,0,206,2162.25,11.90,1
10863,DECODE,206,0,206,2163.25,11.92,1
10864,DECODE,205,0,205,2162.32,12.33,1
10865,DECODE,205,0,205,2163.32,12.49,1
10866,DECODE,205,0,205,2164.32,11.96,1
10867,DECODE,203,0,203,2161.42,12.22,1
10868,DECODE,202,0,202,2160.45,11.86,1
10869,DECODE,202,0,202,2161.45,11.61,1
10870,DECODE,202,0,202,2162.45,11.44,1
10871,DECODE,202,0,202,2163.45,11.48,1
10872,DECODE,201,0,201,2164.32,11.93,1
10873,DECODE,200,0,200,2166.22,11.75,1
10874,DECODE,199,0,199,2165.24,10.94,1
10875,DECODE,199,0,199,2166.24,10.72,1
10876,DECODE,199,0,199,2167.24,11.46,1
10877,DECODE,198,0,198,2166.25,12.18,1
10878,DECODE,197,0,197,2165.25,10.86,1
10879,DECODE,196,0,196,2164.24,10.73,1
10880,DECODE,196,0,196,2165.24,10.75,1
10881,DECODE,196,0,196,2166.24,10.64,1
10882,DECODE,196,0,196,2167.24,10.03,1
10883,DECODE,196,0,196,2168.24,10.55,1
10884,DECODE,196,0,196,2169.24,10.79,1
10885,DECODE,196,0,196,2170.24,10.70,1
10886,DECODE,196,0,196,2171.24,10.15,1
10887,DECODE,195,0,195,2173.15,9.86,1
10888,DECODE,194,0,194,2172.45,11.06,1
10889,DECODE,194,0,194,2173.45,10.58,1
10890,DECODE,194,0,194,2174.45,9.96,1
10891,DECODE,193,0,193,2173.45,9.93,1
10892,DECODE,193,0,193,2174.45,10.68,1
10893,DECODE,193,0,193,2175.45,10.67,1
10894,DECODE,193,0,193,2176.45,9.88,1
10895,DECODE,193,0,193,2177.45,9.82,1
10896,DECODE,192,0,192,2176.46,10.86,1
10897,DECODE,192,0,192,2177.46,9.61,1
10898,DECODE,192,0,192,2178.46,9.67,1
10899,DECODE,192,0,192,2179.46,9.84,1
10900,DECODE,192,0,192,2180.46,10.50,1
10901,DECODE,192,0,192,2181.46,10.60,1
10902,DECODE,192,0,192,2182.46,10.54,1
10903,DECODE,192,0,192,2183.46,10.87,1
10904,DECODE,192,0,192,2184.46,10.52,1
10905,DECODE,192,0,192,2185.46,10.57,1
10906,DECODE,192,0,192,2186.46,10.52,1
10907,DECODE,192,0,192,2187.46,10.52,1
10908,DECODE,191,0,191,2189.79,10.80,1
10909,DECODE,191,0,191,2190.79,10.56,1
10910,DECODE,191,0,191,2191.79,10.74,1
10911,DECODE,191,0,191,2192.79,10.56,1
10912,DECODE,191,0,191,2193.79,9.86,1
10913,DECODE,191,0,191,2194.79,9.79,1
10914,DECODE,191,0,191,2195.79,9.89,1
10915,DECODE,189,0,189,2192.93,10.86,1
10916,DECODE,188,0,188,2191.98,10.91,1
10917,DECODE,188,0,188,2192.98,10.81,1
10918,DECODE,188,0,188,2193.98,9.63,1
10919,DECODE,188,0,188,2194.98,11.28,1
10920,DECODE,188,0,188,2195.98,11.99,1
10921,DECODE,188,0,188,2196.98,11.16,1
10922,DECODE,188,0,188,2197.98,11.28,1
10923,DECODE,188,0,188,2198.98,11.20,1
10924,DECODE,187,0,187,2198.05,11.81,1
10925,DECODE,186,0,186,2197.10,11.71,1
10926,DECODE,185,0,185,2196.14,11.70,1
10927,DECODE,185,0,185,2197.14,11.69,1
10928,DECODE,185,0,185,2198.14,11.06,1
10929,DECODE,184,0,184,2197.17,11.63,1
10930,DECODE,184,0,184,2198.17,11.07,1
10931,DECODE,184,0,184,2199.17,11.00,1
10932,DECODE,184,0,184,2200.17,11.01,1
10933,DECODE,184,0,184,2201.17,10.96,1
10934,DECODE,184,0,184,2202.17,11.02,1
10935,DECODE,184,0,184,2203.17,11.11,1
10936,DECODE,184,0,184,2204.17,11.13,1
10937,DECODE,183,0,183,2203.23,11.63,1
10938,DECODE,183,0,183,2204.23,11.03,1
10939,DECODE,183,0,183,2205.23,11.09,1
10940,DECODE,183,0,183,2206.23,11.61,1
10941,DECODE,183,0,183,2207.23,10.55,1
10942,DECODE,182,0,182,2207.91,10.67,1
10943,DECODE,182,0,182,2208.91,10.45,1
10944,DECODE,181,0,181,2207.97,10.64,1
10945,DECODE,181,0,181,2208.97,10.42,1
10946,DECODE,181,0,181,2209.97,10.40,1
10947,DECODE,181,0,181,2210.97,10.42,1
10948,DECODE,181,0,181,2211.97,10.45,1
10949,DECODE,181,0,181,2212.97,10.45,1
10950,DECODE,181,0,181,2213.97,10.45,1
10951,DECODE,181,0,181,2214.97,10.43,1
10952,DECODE,179,0,179,2212.39,10.60,1
10953,DECODE,179,0,179,2213.39,10.41,1
10954,DECODE,179,0,179,2214.39,10.44,1
10955,DECODE,179,0,179,2215.39,10.69,1
10956,DECODE,179,0,179,2216.39,10.41,1
10957,DECODE,179,0,179,2217.39,10.38,1
10958,DECODE,178,0,178,2216.47,10.57,1
10959,DECODE,178,0,178,2217.47,10.35,1
10960,DECODE,178,0,178,2218.47,10.27,1
10961,DECODE,178,0,178,2219.47,10.36,1
10962,DECODE,178,0,178,2220.47,10.37,1
10963,DECODE,178,0,178,2221.47,10.35,1
10964,DECODE,178,0,178,2222.47,10.49,1
10965,DECODE,178,0,178,2223.47,10.34,1
10966,DECODE,178,0,178,2224.47,10.29,1
10967,DECODE,178,0,178,2225.47,10.30,1
10968,DECODE,178,0,178,2226.47,10.34,1
10969,DECODE,178,0,178,2227.47,10.85,1
10970,DECODE,178,0,178,2228.47,10.51,1
10971,DECODE,178,0,178,2229.47,10.45,1
10972,DECODE,178,0,178,2230.47,10.37,1
10973,DECODE,178,0,178,2231.47,10.31,1
10974,DECODE,178,0,178,2232.47,10.36,1
10975,DECODE,176,0,176,2229.74,10.59,1
10976,DECODE,175,0,175,2230.80,10.66,1
10977,DECODE,175,0,175,2231.80,9.92,1
10978,DECODE,175,0,175,2232.80,10.16,1
10979,DECODE,175,0,175,2233.80,9.98,1
10980,DECODE,175,0,175,2234.80,9.86,1
10981,DECODE,175,0,175,2235.80,9.40,1
10982,DECODE,174,0,174,2234.94,9.34,1
10983,DECODE,174,0,174,2235.94,9.34,1
10984,DECODE,174,0,174,2236.94,9.33,1
10985,DECODE,174,0,174,2237.94,9.69,1
10986,DECODE,174,0,174,2238.94,9.64,1
10987,DECODE,174,0,174,2239.94,9.66,1
10988,DECODE,174,0,174,2240.94,9.67,1
10989,DECODE,174,0,174,2241.94,9.66,1
10990,DECODE,174,0,174,2242.94,9.61,1
10991,DECODE,174,0,174,2243.94,9.64,1
10992,DECODE,173,0,173,2243.11,9.68,1
10993,DECODE,172,0,172,2242.27,9.74,1
10994,DECODE,171,0,171,2244.63,9.67,1
10995,DECODE,171,0,171,2245.63,9.58,1
10996,DECODE,171,0,171,2246.63,10.90,1
10997,DECODE,171,0,171,2247.63,9.62,1
10998,DECODE,171,0,171,2248.63,9.62,1
10999,DECODE,171,0,171,2249.63,9.37,1
11000,DECODE,171,0,171,2250.63,9.37,1
11001,DECODE,170,0,170,2252.98,10.09,1
11002,DECODE,170,0,170,2253.98,9.94,1
11003,DECODE,168,0,168,2254.77,10.12,1
11004,DECODE,168,0,168,2255.77,9.95,1
11005,DECODE,167,0,167,2254.95,10.03,1
11006,DECODE,167,0,167,2255.95,9.93,1
11007,DECODE,167,0,167,2256.95,10.39,1
11008,DECODE,167,0,167,2257.95,10.28,1
11009,DECODE,167,0,167,2258.95,9.96,1
11010,DECODE,167,0,167,2259.95,9.96,1
11011,DECODE,167,0,167,2260.95,9.92,1
11012,DECODE,167,0,167,2261.95,9.96,1
11013,DECODE,167,0,167,2262.95,10.14,1
11014,DECODE,167,0,167,2263.95,9.71,1
11015,DECODE,167,0,167,2264.95,9.95,1
11016,DECODE,167,0,167,2265.95,9.94,1
11017,DECODE,167,0,167,2266.95,10.00,1
11018,DECODE,167,0,167,2267.95,10.02,1
11019,DECODE,167,0,167,2268.95,10.50,1
11020,DECODE,166,0,166,2268.20,9.34,1
11021,DECODE,166,0,166,2269.20,9.37,1
11022,DECODE,166,0,166,2270.20,9.52,1
11023,DECODE,166,0,166,2271.20,9.39,1
11024,DECODE,165,0,165,2270.45,9.53,1
11025,DECODE,165,0,165,2271.45,9.45,1
11026,DECODE,165,0,165,2272.45,9.48,1
11027,DECODE,165,0,165,2273.45,10.55,1
11028,DECODE,165,0,165,2274.45,10.34,1
11029,DECODE,165,0,165,2275.45,10.30,1
11030,DECODE,165,0,165,2276.45,10.26,1
11031,DECODE,165,0,165,2277.45,10.24,1
11032,DECODE,165,0,165,2278.45,10.41,1
11033,DECODE,165,0,165,2279.45,10.26,1
11034,DECODE,163,0,163,2278.67,11.08,1
11035,DECODE,163,0,163,2279.67,10.75,1
11036,DECODE,162,0,162,2278.94,10.50,1
11037,DECODE,162,0,162,2279.94,10.22,1
11038,DECODE,162,0,162,2280.94,10.20,1
11039,DECODE,162,0,162,2281.94,10.21,1
11040,DECODE,162,0,162,2282.94,10.23,1
11041,DECODE,162,0,162,2283.94,10.25,1
11042,DECODE,162,0,162,2284.94,10.49,1
11043,DECODE,162,0,162,2285.94,10.22,1
11044,DECODE,162,0,162,2286.94,10.32,1
11045,DECODE,160,0,160,2286.76,10.42,1
11046,DECODE,160,0,160,2287.76,10.18,1
11047,DECODE,159,0,159,2287.05,10.26,1
11048,DECODE,157,0,157,2284.57,10.35,1
11049,DECODE,157,0,157,2285.57,10.07,1
11050,DECODE,157,0,157,2286.57,9.95,1
11051,DECODE,157,0,157,2287.57,10.04,1
11052,DECODE,155,0,155,2285.06,10.23,1
11053,DECODE,154,0,154,2284.27,10.41,1
11054,DECODE,153,0,153,2285.52,10.19,1
11055,DECODE,152,0,152,2284.72,10.40,1
11056,DECODE,151,0,151,2283.89,10.30,1
11057,DECODE,151,0,151,2284.89,10.12,1
11058,DECODE,151,0,151,2285.89,10.29,1
11059,DECODE,151,0,151,2286.89,10.03,1
11060,DECODE,151,0,151,2287.89,10.14,1
11061,DECODE,151,0,151,2288.89,10.75,1
11062,DECODE,151,0,151,2289.89,10.27,1
11063,DECODE,151,0,151,2290.89,10.10,1
11064,DECODE,151,0,151,2291.89,10.14,1
11065,DECODE,151,0,151,2292.89,10.12,1
11066,DECODE,151,0,151,2293.89,10.16,1
11067,DECODE,151,0,151,2294.89,10.15,1
11068,DECODE,151,0,151,2295.89,10.21,1
11069,DECODE,151,0,151,2296.89,10.21,1
11070,DECODE,151,0,151,2297.89,10.22,1
11071,DECODE,150,0,150,2297.15,10.37,1
11072,DECODE,150,0,150,2298.15,10.21,1
11073,DECODE,150,0,150,2299.15,10.17,1
11074,DECODE,150,0,150,2300.15,10.40,1
11075,DECODE,150,0,150,2301.15,10.46,1
11076,DECODE,149,0,149,2300.41,10.36,1
11077,DECODE,147,0,147,2297.88,10.35,1
11078,DECODE,147,0,147,2298.88,10.19,1
11079,DECODE,146,0,146,2298.09,10.40,1
11080,DECODE,146,0,146,2299.09,10.19,1
11081,DECODE,145,0,145,2298.29,10.52,1
11082,DECODE,145,0,145,2299.29,9.22,1
11083,DECODE,145,0,145,2300.29,9.62,1
11084,DECODE,145,0,145,2301.29,9.73,1
11085,DECODE,144,0,144,2303.10,10.27,1
11086,DECODE,144,0,144,2304.10,9.77,1
11087,DECODE,144,0,144,2305.10,9.70,1
11088,DECODE,143,0,143,2304.32,10.15,1
11089,DECODE,142,0,142,2304.96,10.24,1
11090,DECODE,141,0,141,2304.15,10.39,1
11091,DECODE,141,0,141,2305.15,9.73,1
11092,DECODE,140,0,140,2304.33,10.42,1
11093,DECODE,140,0,140,2305.33,9.87,1
11094,DECODE,140,0,140,2306.33,9.80,1
11095,DECODE,139,0,139,2306.47,9.96,1
11096,DECODE,139,0,139,2307.47,9.88,1
11097,DECODE,139,0,139,2308.47,9.77,1
11098,DECODE,139,0,139,2309.47,9.78,1
11099,DECODE,139,0,139,2310.47,9.34,1
11100,DECODE,139,0,139,2311.47,9.15,1
11101,DECODE,139,0,139,2312.47,9.13,1
11102,DECODE,139,0,139,2313.47,9.34,1
11103,DECODE,139,0,139,2314.47,9.32,1
11104,DECODE,139,0,139,2315.47,10.00,1
11105,DECODE,139,0,139,2316.47,10.08,1
11106,DECODE,139,0,139,2317.47,9.87,1
11107,DECODE,139,0,139,2318.47,9.93,1
11108,DECODE,139,0,139,2319.47,9.73,1
11109,DECODE,139,0,139,2320.47,9.76,1
11110,DECODE,139,0,139,2321.47,9.74,1
11111,DECODE,139,0,139,2322.47,9.87,1
11112,DECODE,139,0,139,2323.47,9.81,1
11113,DECODE,139,0,139,2324.47,9.89,1
11114,DECODE,138,0,138,2324.12,9.90,1
11115,DECODE,138,0,138,2325.12,9.93,1
11116,DECODE,138,0,138,2326.12,9.90,1
11117,DECODE,138,0,138,2327.12,9.78,1
11118,DECODE,138,0,138,2328.12,10.08,1
11119,DECODE,137,0,137,2328.85,10.28,1
11120,DECODE,137,0,137,2329.85,10.17,1
11121,DECODE,137,0,137,2330.85,9.77,1
11122,DECODE,137,0,137,2331.85,9.72,1
11123,DECODE,137,0,137,2332.85,10.11,1
11124,DECODE,137,0,137,2333.85,10.15,1
11125,DECODE,137,0,137,2334.85,10.08,1
11126,DECODE,137,0,137,2335.85,10.17,1
11127,DECODE,137,0,137,2336.85,10.11,1
11128,DECODE,137,0,137,2337.85,10.13,1
11129,DECODE,137,0,137,2338.85,10.13,1
11130,DECODE,137,0,137,2339.85,10.14,1
11131,DECODE,137,0,137,2340.85,10.10,1
11132,DECODE,137,0,137,2341.85,10.13,1
11133,DECODE,137,0,137,2342.85,10.17,1
11134,DECODE,137,0,137,2343.85,10.21,1
11135,DECODE,137,0,137,2344.85,10.44,1
11136,DECODE,136,0,136,2345.20,10.38,1
11137,DECODE,136,0,136,2346.20,10.11,1
11138,DECODE,136,0,136,2347.20,10.14,1
11139,DECODE,136,0,136,2348.20,10.07,1
11140,DECODE,136,0,136,2349.20,10.08,1
11141,DECODE,134,0,134,2348.84,10.37,1
11142,DECODE,134,0,134,2349.84,10.08,1
11143,DECODE,134,0,134,2350.84,10.22,1
11144,DECODE,134,0,134,2351.84,10.03,1
11145,DECODE,134,0,134,2352.84,10.07,1
11146,DECODE,134,0,134,2353.84,10.26,1
11147,DECODE,134,0,134,2354.84,10.23,1
11148,DECODE,133,0,133,2354.29,10.72,1
11149,DECODE,133,0,133,2355.29,10.40,1
11150,DECODE,131,0,131,2353.17,9.51,1
11151,DECODE,131,0,131,2354.17,9.15,1
11152,DECODE,130,0,130,2353.58,9.76,1
11153,DECODE,130,0,130,2354.58,9.11,1
11154,DECODE,130,0,130,2355.58,9.28,1
11155,DECODE,130,0,130,2356.58,9.14,1
11156,DECODE,130,0,130,2357.58,9.11,1
11157,DECODE,130,0,130,2358.58,9.17,1
11158,DECODE,130,0,130,2359.58,9.56,1
11159,DECODE,130,0,130,2360.58,9.14,1
11160,DECODE,130,0,130,2361.58,9.15,1
11161,DECODE,129,0,129,2361.05,9.52,1
11162,DECODE,129,0,129,2362.05,9.33,1
11163,DECODE,129,0,129,2363.05,9.17,1
11164,DECODE,128,0,128,2362.51,9.20,1
11165,DECODE,128,0,128,2363.51,8.69,1
11166,DECODE,128,0,128,2364.51,8.71,1
11167,DECODE,127,0,127,2363.97,8.87,1
11168,DECODE,127,0,127,2364.97,8.78,1
11169,DECODE,127,0,127,2365.97,9.17,1
11170,DECODE,125,0,125,2363.86,9.34,1
11171,DECODE,125,0,125,2364.86,8.81,1
11172,DECODE,125,0,125,2365.86,8.86,1
11173,DECODE,124,0,124,2365.30,9.27,1
11174,DECODE,124,0,124,2366.30,7.89,1
11175,DECODE,122,0,122,2364.12,9.07,1
11176,DECODE,122,0,122,2365.12,8.86,1
11177,DECODE,121,0,121,2364.51,9.40,1
11178,DECODE,121,0,121,2365.51,8.83,1
11179,DECODE,121,0,121,2366.51,8.62,1
11180,DECODE,121,0,121,2367.51,8.52,1
11181,DECODE,120,0,120,2366.91,8.72,1
11182,DECODE,120,0,120,2367.91,8.45,1
11183,DECODE,119,0,119,2367.29,8.71,1
11184,DECODE,119,0,119,2368.29,8.45,1
11185,DECODE,118,0,118,2369.54,8.68,1
11186,DECODE,118,0,118,2370.54,8.76,1
11187,DECODE,118,0,118,2371.54,8.37,1
11188,DECODE,118,0,118,2372.54,8.39,1
11189,DECODE,118,0,118,2373.54,8.40,1
11190,DECODE,118,0,118,2374.54,8.50,1
11191,DECODE,118,0,118,2375.54,8.85,1
11192,DECODE,118,0,118,2376.54,8.57,1
11193,DECODE,116,0,116,2376.67,8.66,1
11194,DECODE,116,0,116,2377.67,8.57,1
11195,DECODE,114,0,114,2378.43,8.56,1
11196,DECODE,114,0,114,2379.43,8.57,1
11197,DECODE,114,0,114,2380.43,8.24,1
11198,DECODE,113,0,113,2379.84,8.41,1
11199,DECODE,112,0,112,2379.23,8.51,1
11200,DECODE,111,0,111,2378.60,8.44,1
11201,DECODE,111,0,111,2379.60,8.26,1
11202,DECODE,111,0,111,2380.60,8.26,1
11203,DECODE,110,0,110,2381.73,7.27,1
11204,DECODE,110,0,110,2382.73,7.39,1
11205,DECODE,110,0,110,2383.73,7.44,1
11206,DECODE,110,0,110,2384.73,7.65,1
11207,DECODE,110,0,110,2385.73,7.51,1
11208,DECODE,109,0,109,2385.13,7.55,1
11209,DECODE,109,0,109,2386.13,7.53,1
11210,DECODE,109,0,109,2387.13,7.50,1
11211,DECODE,109,0,109,2388.13,7.52,1
11212,DECODE,109,0,109,2389.13,8.07,1
11213,DECODE,108,0,108,2388.55,7.56,1
11214,DECODE,108,0,108,2389.55,7.59,1
11215,DECODE,107,0,107,2388.95,7.38,1
11216,DECODE,106,0,106,2388.34,7.41,1
11217,DECODE,106,0,106,2389.34,7.26,1
11218,DECODE,105,0,105,2388.71,7.23,1
11219,DECODE,105,0,105,2389.71,7.21,1
11220,DECODE,105,0,105,2390.71,7.26,1
11221,DECODE,104,0,104,2390.09,7.28,1
11222,DECODE,104,0,104,2391.09,7.22,1
11223,DECODE,103,0,103,2393.14,7.35,1
11224,DECODE,103,0,103,2394.14,7.14,1
11225,DECODE,103,0,103,2395.14,7.89,1
11226,DECODE,103,0,103,2396.14,7.72,1
11227,DECODE,103,0,103,2397.14,7.80,1
11228,DECODE,103,0,103,2398.14,7.21,1
11229,DECODE,102,0,102,2397.55,7.16,1
11230,DECODE,101,0,101,2396.94,7.19,1
11231,DECODE,101,0,101,2397.94,7.18,1
11232,DECODE,100,0,100,2397.32,7.14,1
11233,DECODE,100,0,100,2398.32,7.14,1
11234,DECODE,100,0,100,2399.32,8.09,1
11235,DECODE,100,0,100,2400.32,7.77,1
11236,DECODE,100,0,100,2401.32,7.18,1
11237,DECODE,100,0,100,2402.32,7.20,1
11238,DECODE,98,0,98,2400.10,7.09,1
11239,DECODE,98,0,98,2401.10,7.11,1
11240,DECODE,98,0,98,2402.10,7.22,1
11241,DECODE,98,0,98,2403.10,7.11,1
11242,DECODE,97,0,97,2402.48,7.15,1
11243,DECODE,97,0,97,2403.48,7.09,1
11244,DECODE,97,0,97,2404.48,7.14,1
11245,DECODE,97,0,97,2405.48,7.10,1
11246,DECODE,97,0,97,2406.48,7.13,1
11247,DECODE,97,0,97,2407.48,7.11,1
11248,DECODE,97,0,97,2408.48,7.10,1
11249,DECODE,96,0,96,2409.66,7.03,1
11250,DECODE,95,0,95,2409.07,6.94,1
11251,DECODE,93,0,93,2406.83,6.90,1
11252,DECODE,92,0,92,2406.16,6.88,1
11253,DECODE,92,0,92,2407.16,7.63,1
11254,DECODE,91,0,91,2406.48,7.86,1
11255,DECODE,90,0,90,2405.78,6.84,1
11256,DECODE,90,0,90,2406.78,6.92,1
11257,DECODE,88,0,88,2404.30,6.92,1
11258,DECODE,88,0,88,2405.30,7.73,1
11259,DECODE,87,0,87,2404.52,7.78,1
11260,DECODE,87,0,87,2405.52,7.35,1
11261,DECODE,86,0,86,2404.72,7.93,1
11262,DECODE,86,0,86,2405.72,7.05,1
11263,DECODE,85,0,85,2404.91,6.90,1
11264,DECODE,85,0,85,2405.91,6.84,1
11265,DECODE,85,0,85,2406.91,6.82,1
11266,DECODE,85,0,85,2407.91,6.79,1
11267,DECODE,83,0,83,2405.24,6.86,1
11268,DECODE,83,0,83,2406.24,6.80,1
11269,DECODE,83,0,83,2407.24,6.79,1
11270,DECODE,82,0,82,2406.38,6.80,1
11271,DECODE,82,0,82,2407.38,6.82,1
11272,DECODE,82,0,82,2408.38,8.42,1
11273,DECODE,82,0,82,2409.38,7.82,1
11274,DECODE,82,0,82,2410.38,7.66,1
11275,DECODE,82,0,82,2411.38,7.71,1
11276,DECODE,82,0,82,2412.38,7.85,1
11277,DECODE,81,0,81,2411.56,7.91,1
11278,DECODE,81,0,81,2412.56,7.60,1
11279,DECODE,81,0,81,2413.56,7.79,1
11280,DECODE,81,0,81,2414.56,7.55,1
11281,DECODE,80,0,80,2413.74,7.87,1
11282,DECODE,80,0,80,2414.74,7.61,1
11283,DECODE,80,0,80,2415.74,7.63,1
11284,DECODE,80,0,80,2416.74,7.54,1
11285,DECODE,80,0,80,2417.74,7.66,1
11286,DECODE,79,0,79,2416.94,8.06,1
11287,DECODE,79,0,79,2417.94,7.73,1
11288,DECODE,79,0,79,2418.94,7.63,1
11289,DECODE,78,0,78,2418.13,7.85,1
11290,DECODE,78,0,78,2419.13,6.74,1
11291,DECODE,77,0,77,2418.30,6.78,1
11292,DECODE,76,0,76,2417.43,6.70,1
11293,DECODE,76,0,76,2418.43,6.75,1
11294,DECODE,76,0,76,2419.43,6.73,1
11295,DECODE,75,0,75,2418.56,6.75,1
11296,DECODE,75,0,75,2419.56,6.71,1
11297,DECODE,75,0,75,2420.56,6.75,1
11298,DECODE,75,0,75,2421.56,6.76,1
11299,DECODE,75,0,75,2422.56,6.76,1
11300,DECODE,75,0,75,2423.56,6.70,1
11301,DECODE,74,0,74,2422.72,6.74,1
11302,DECODE,74,0,74,2423.72,6.73,1
11303,DECODE,74,0,74,2424.72,6.74,1
11304,DECODE,74,0,74,2425.72,6.74,1
11305,DECODE,71,0,71,2421.04,6.73,1
11306,DECODE,71,0,71,2422.04,6.70,1
11307,DECODE,71,0,71,2423.04,6.68,1
11308,DECODE,70,0,70,2425.34,6.68,1
11309,DECODE,69,0,69,2424.39,6.66,1
11310,DECODE,69,0,69,2425.39,7.61,1
11311,DECODE,69,0,69,2426.39,7.46,1
11312,DECODE,69,0,69,2427.39,7.45,1
11313,DECODE,69,0,69,2428.39,7.40,1
11314,DECODE,68,0,68,2427.46,7.64,1
11315,DECODE,68,0,68,2428.46,7.50,1
11316,DECODE,68,0,68,2429.46,7.48,1
11317,DECODE,68,0,68,2430.46,7.57,1
11318,DECODE,68,0,68,2431.46,7.49,1
11319,DECODE,68,0,68,2432.46,7.40,1
11320,DECODE,67,0,67,2431.55,7.54,1
11321,DECODE,67,0,67,2432.55,7.49,1
11322,DECODE,67,0,67,2433.55,7.39,1
11323,DECODE,67,0,67,2434.55,7.38,1
11324,DECODE,67,0,67,2435.55,7.42,1
11325,DECODE,67,0,67,2436.55,7.36,1
11326,DECODE,66,0,66,2435.68,6.61,1
11327,DECODE,66,0,66,2436.68,6.43,1
11328,DECODE,66,0,66,2437.68,6.39,1
11329,DECODE,66,0,66,2438.68,6.61,1
11330,DECODE,66,0,66,2439.68,6.68,1
11331,DECODE,66,0,66,2440.68,6.85,1
11332,DECODE,66,0,66,2441.68,6.46,1
11333,DECODE,66,0,66,2442.68,6.49,1
11334,DECODE,65,0,65,2441.88,6.70,1
11335,DECODE,65,0,65,2442.88,6.51,1
11336,DECODE,65,0,65,2443.88,6.40,1
11337,DECODE,65,0,65,2444.88,6.40,1
11338,DECODE,65,0,65,2445.88,6.33,1
11339,DECODE,65,0,65,2446.88,6.53,1
11340,DECODE,65,0,65,2447.88,5.74,1
11341,DECODE,64,0,64,2447.12,5.52,1
11342,DECODE,64,0,64,2448.12,5.47,1
11343,DECODE,60,0,60,2441.67,5.45,1
11344,DECODE,60,0,60,2442.67,5.40,1
11345,DECODE,59,0,59,2441.68,5.37,1
11346,DECODE,59,0,59,2442.68,5.33,1
11347,DECODE,59,0,59,2443.68,5.35,1
11348,DECODE,59,0,59,2444.68,5.34,1
11349,DECODE,59,0,59,2445.68,5.37,1
11350,DECODE,59,0,59,2446.68,5.36,1
11351,DECODE,59,0,59,2447.68,5.34,1
11352,DECODE,59,0,59,2448.68,5.38,1
11353,DECODE,59,0,59,2449.68,5.34,1
11354,DECODE,59,0,59,2450.68,5.35,1
11355,DECODE,59,0,59,2451.68,5.37,1
11356,DECODE,59,0,59,2452.68,5.35,1
11357,DECODE,58,0,58,2451.83,5.40,1
11358,DECODE,58,0,58,2452.83,5.35,1
11359,DECODE,58,0,58,2453.83,5.34,1
11360,DECODE,58,0,58,2454.83,5.32,1
11361,DECODE,58,0,58,2455.83,5.34,1
11362,DECODE,58,0,58,2456.83,5.34,1
11363,DECODE,57,0,57,2456.02,5.46,1
11364,DECODE,57,0,57,2457.02,5.42,1
11365,DECODE,57,0,57,2458.02,5.42,1
11366,DECODE,57,0,57,2459.02,5.44,1
11367,DECODE,57,0,57,2460.02,5.41,1
11368,DECODE,57,0,57,2461.02,5.40,1
11369,DECODE,57,0,57,2462.02,5.43,1
11370,DECODE,57,0,57,2463.02,5.43,1
11371,DECODE,56,0,56,2462.29,5.35,1
11372,DECODE,56,0,56,2463.29,5.30,1
11373,DECODE,56,0,56,2464.29,5.27,1
11374,DECODE,55,0,55,2463.55,5.29,1
11375,DECODE,55,0,55,2464.55,5.32,1
11376,DECODE,54,0,54,2463.78,5.29,1
11377,DECODE,54,0,54,2464.78,5.32,1
11378,DECODE,54,0,54,2465.78,5.26,1
11379,DECODE,54,0,54,2466.78,5.27,1
11380,DECODE,54,0,54,2467.78,5.35,1
11381,DECODE,54,0,54,2468.78,5.32,1
11382,DECODE,54,0,54,2469.78,5.27,1
11383,DECODE,53,0,53,2469.08,5.26,1
11384,DECODE,52,0,52,2468.33,5.30,1
11385,DECODE,51,0,51,2467.53,5.19,1
11386,DECODE,50,0,50,2466.68,5.23,1
11387,DECODE,49,0,49,2465.78,5.19,1
11388,DECODE,49,0,49,2466.78,5.24,1
11389,DECODE,48,0,48,2465.83,5.15,1
11390,DECODE,48,0,48,2466.83,5.05,1
11391,DECODE,48,0,48,2467.83,5.12,1
11392,DECODE,48,0,48,2468.83,5.10,1
11393,DECODE,47,0,47,2467.89,6.03,1
11394,DECODE,47,0,47,2468.89,5.09,1
11395,DECODE,46,0,46,2467.91,5.17,1
11396,DECODE,46,0,46,2468.91,5.07,1
11397,DECODE,46,0,46,2469.91,5.10,1
11398,DECODE,46,0,46,2470.91,5.07,1
11399,DECODE,45,0,45,2469.93,5.12,1
11400,DECODE,44,0,44,2468.89,5.06,1
11401,DECODE,44,0,44,2469.89,5.11,1
11402,DECODE,44,0,44,2470.89,5.08,1
11403,DECODE,43,0,43,2469.81,5.16,1
11404,DECODE,42,0,42,2468.67,5.08,1
11405,DECODE,42,0,42,2469.67,5.06,1
11406,DECODE,42,0,42,2470.67,5.62,1
11407,DECODE,42,0,42,2471.67,6.13,1
11408,DECODE,41,0,41,2470.51,6.80,1
11409,DECODE,40,0,40,2469.28,6.15,1
11410,DECODE,40,0,40,2470.28,5.83,1
11411,DECODE,40,0,40,2471.28,5.78,1
11412,DECODE,40,0,40,2472.28,5.86,1
11413,DECODE,40,0,40,2473.28,5.99,1
11414,DECODE,40,0,40,2474.28,5.77,1
11415,DECODE,40,0,40,2475.28,5.94,1
11416,DECODE,40,0,40,2476.28,5.78,1
11417,DECODE,39,0,39,2475.13,5.98,1
11418,DECODE,39,0,39,2476.13,5.74,1
11419,DECODE,39,0,39,2477.13,5.76,1
11420,DECODE,39,0,39,2478.13,6.58,1
11421,DECODE,39,0,39,2479.13,5.94,1
11422,DECODE,39,0,39,2480.13,5.78,1
11423,DECODE,38,0,38,2479.03,6.06,1
11424,DECODE,38,0,38,2480.03,5.91,1
11425,DECODE,38,0,38,2481.03,5.94,1
11426,DECODE,37,0,37,2479.89,5.99,1
11427,DECODE,37,0,37,2480.89,6.07,1
11428,DECODE,37,0,37,2481.89,6.11,1
11429,DECODE,37,0,37,2482.89,5.86,1
11430,DECODE,37,0,37,2483.89,6.48,1
11431,DECODE,37,0,37,2484.89,6.49,1
11432,DECODE,36,0,36,2483.81,6.04,1
11433,DECODE,36,0,36,2484.81,5.97,1
11434,DECODE,36,0,36,2485.81,5.78,1
11435,DECODE,36,0,36,2486.81,5.79,1
11436,DECODE,36,0,36,2487.81,5.74,1
11437,DECODE,36,0,36,2488.81,5.72,1
11438,DECODE,36,0,36,2489.81,5.74,1
11439,DECODE,36,0,36,2490.81,5.78,1
11440,DECODE,36,0,36,2491.81,5.72,1
11441,DECODE,36,0,36,2492.81,5.73,1
11442,DECODE,36,0,36,2493.81,5.72,1
11443,DECODE,36,0,36,2494.81,5.85,1
11444,DECODE,36,0,36,2495.81,4.95,1
11445,DECODE,36,0,36,2496.81,4.92,1
11446,DECODE,36,0,36,2497.81,4.95,1
11447,DECODE,36,0,36,2498.81,4.92,1
11448,DECODE,36,0,36,2499.81,4.92,1
11449,DECODE,36,0,36,2500.81,4.93,1
11450,DECODE,36,0,36,2501.81,4.92,1
11451,DECODE,36,0,36,2502.81,4.93,1
11452,DECODE,35,0,35,2502.17,4.95,1
11453,DECODE,35,0,35,2503.17,5.94,1
11454,DECODE,35,0,35,2504.17,4.94,1
11455,DECODE,35,0,35,2505.17,4.96,1
11456,DECODE,35,0,35,2506.17,4.93,1
11457,DECODE,35,0,35,2507.17,5.01,1
11458,DECODE,35,0,35,2508.17,4.95,1
11459,DECODE,33,0,33,2506.03,4.49,1
11460,DECODE,33,0,33,2507.03,4.45,1
11461,DECODE,33,0,33,2508.03,4.47,1
11462,DECODE,33,0,33,2509.03,4.49,1
11463,DECODE,32,0,32,2508.44,4.33,1
11464,DECODE,32,0,32,2509.44,4.26,1
11465,DECODE,32,0,32,2510.44,4.26,1
11466,DECODE,32,0,32,2511.44,4.28,1
11467,DECODE,32,0,32,2512.44,4.29,1
11468,DECODE,32,0,32,2513.44,4.31,1
11469,DECODE,31,0,31,2512.94,4.32,1
11470,DECODE,31,0,31,2513.94,4.20,1
11471,DECODE,29,0,29,2511.76,4.25,1
11472,DECODE,29,0,29,2512.76,4.20,1
11473,DECODE,29,0,29,2513.76,4.20,1
11474,DECODE,29,0,29,2514.76,4.18,1
11475,DECODE,29,0,29,2515.76,4.17,1
11476,DECODE,28,0,28,2515.18,4.14,1
11477,DECODE,28,0,28,2516.18,4.24,1
11478,DECODE,27,0,27,2515.56,4.10,1
11479,DECODE,27,0,27,2516.56,4.45,1
11480,DECODE,27,0,27,2517.56,4.41,1
11481,DECODE,26,0,26,2516.92,4.82,1
11482,DECODE,25,0,25,2516.20,4.83,1
11483,DECODE,25,0,25,2517.20,4.60,1
11484,DECODE,24,0,24,2516.42,4.66,1
11485,DECODE,24,0,24,2517.42,4.60,1
11486,DECODE,23,0,23,2516.57,4.65,1
11487,DECODE,23,0,23,2517.57,4.57,1
11488,DECODE,22,0,22,2516.64,3.93,1
11489,DECODE,22,0,22,2517.64,5.00,1
11490,DECODE,21,0,21,2516.62,5.03,1
11491,DECODE,21,0,21,2517.62,4.81,1
11492,DECODE,21,0,21,2518.62,4.76,1
11493,DECODE,21,0,21,2519.62,4.77,1
11494,DECODE,21,0,21,2520.62,4.78,1
11495,DECODE,20,0,20,2519.65,4.95,1
11496,DECODE,20,0,20,2520.65,4.73,1
11497,DECODE,20,0,20,2521.65,4.70,1
11498,DECODE,20,0,20,2522.65,4.68,1
11499,DECODE,20,0,20,2523.65,4.70,1
11500,DECODE,20,0,20,2524.65,4.68,1
11501,DECODE,19,0,19,2523.79,4.88,1
11502,DECODE,19,0,19,2524.79,4.73,1
11503,DECODE,19,0,19,2525.79,4.64,1
11504,DECODE,18,0,18,2524.89,4.82,1
11505,DECODE,17,0,17,2523.82,5.13,1
11506,DECODE,17,0,17,2524.82,4.96,1
11507,DECODE,17,0,17,2525.82,4.92,1
11508,DECODE,16,0,16,2524.69,4.86,1
11509,DECODE,16,0,16,2525.69,4.54,1
11510,DECODE,16,0,16,2526.69,4.51,1
11511,DECODE,16,0,16,2527.69,4.40,1
11512,DECODE,16,0,16,2528.69,4.47,1
11513,DECODE,16,0,16,2529.69,4.53,1
11514,DECODE,15,0,15,2528.67,4.67,1
11515,DECODE,15,0,15,2529.67,4.50,1
11516,DECODE,15,0,15,2530.67,4.42,1
11517,DECODE,14,0,14,2529.57,4.59,1
11518,DECODE,14,0,14,2530.57,4.40,1
11519,DECODE,14,0,14,2531.57,4.38,1
11520,DECODE,13,0,13,2530.38,4.53,1
11521,DECODE,13,0,13,2531.38,4.43,1
11522,DECODE,13,0,13,2532.38,4.46,1
11523,DECODE,13,0,13,2533.38,4.38,1
11524,DECODE,13,0,13,2534.38,4.33,1
11525,DECODE,13,0,13,2535.38,4.42,1
11526,DECODE,12,0,12,2534.33,4.53,1
11527,DECODE,12,0,12,2535.33,4.35,1
11528,DECODE,11,0,11,2534.09,4.45,1
11529,DECODE,11,0,11,2535.09,4.26,1
11530,DECODE,11,0,11,2536.09,4.34,1
11531,DECODE,11,0,11,2537.09,4.66,1
11532,DECODE,10,0,10,2535.80,4.46,1
11533,DECODE,9,0,9,2534.11,4.40,1
11534,DECODE,7,0,7,2527.71,4.45,1
11535,DECODE,7,0,7,2528.71,4.17,1
11536,DECODE,7,0,7,2529.71,4.11,1
11537,DECODE,7,0,7,2530.71,4.07,1
11538,DECODE,7,0,7,2531.71,4.52,1
11539,DECODE,7,0,7,2532.71,4.54,1
11540,DECODE,7,0,7,2533.71,4.64,1
11541,DECODE,7,0,7,2534.71,4.70,1
11542,DECODE,7,0,7,2535.71,4.21,1
11543,DECODE,7,0,7,2536.71,4.08,1
11544,DECODE,7,0,7,2537.71,4.13,1
11545,DECODE,7,0,7,2538.71,4.08,1
11546,DECODE,7,0,7,2539.71,4.09,1
11547,DECODE,6,0,6,2537.33,4.26,1
11548,DECODE,6,0,6,2538.33,4.11,1
11549,DECODE,6,0,6,2539.33,4.07,1
11550,DECODE,6,0,6,2540.33,4.04,1
11551,DECODE,6,0,6,2541.33,4.03,1
11552,DECODE,6,0,6,2542.33,4.08,1
11553,DECODE,5,0,5,2539.80,4.17,1
11554,DECODE,4,0,4,2535.75,4.26,1
11555,DECODE,4,0,4,2536.75,4.00,1
11556,DECODE,4,0,4,2537.75,3.93,1
11557,DECODE,4,0,4,2538.75,3.93,1
11558,DECODE,4,0,4,2539.75,3.89,1
11559,DECODE,4,0,4,2540.75,4.03,1
11560,DECODE,3,0,3,2535.33,4.12,1
11561,DECODE,3,0,3,2536.33,3.90,1
11562,DECODE,3,0,3,2537.33,3.92,1
11563,DECODE,3,0,3,2538.33,3.94,1
11564,DECODE,3,0,3,2539.33,3.86,1
11565,DECODE,3,0,3,2540.33,3.99,1
11566,DECODE,3,0,3,2541.33,4.11,1
11567,DECODE,3,0,3,2542.33,3.94,1
11568,DECODE,3,0,3,2543.33,3.96,1
11569,DECODE,3,0,3,2544.33,3.94,1
11570,DECODE,3,0,3,2545.33,3.93,1
11571,DECODE,3,0,3,2546.33,3.85,1
11572,DECODE,3,0,3,2547.33,3.95,1
11573,DECODE,3,0,3,2548.33,3.88,1
11574,DECODE,3,0,3,2549.33,3.93,1
11575,DECODE,2,0,2,2545.00,5.85,1
11576,DECODE,2,0,2,2546.00,3.91,1
11577,DECODE,2,0,2,2547.00,3.90,1
11578,DECODE,2,0,2,2548.00,3.89,1
11579,DECODE,2,0,2,2549.00,3.95,1
11580,DECODE,2,0,2,2550.00,3.90,1
11581,DECODE,2,0,2,2551.00,3.93,1
11582,DECODE,2,0,2,2552.00,3.86,1
11583,DECODE,2,0,2,2553.00,3.80,1
11584,DECODE,2,0,2,2554.00,3.85,1
11585,DECODE,2,0,2,2555.00,3.74,1
11586,DECODE,2,0,2,2556.00,3.85,1
11587,DECODE,2,0,2,2557.00,3.83,1
11588,DECODE,2,0,2,2558.00,3.85,1
11589,DECODE,2,0,2,2559.00,3.84,1
11590,DECODE,1,0,1,2559.00,11.39,1
11591,DECODE,1,0,1,2560.00,3.03,1
