pass_id,mode,batch_size,prefill_tokens,decode_tokens,avg_seq_len,forward_time_ms,global_step
1,EXTEND,1,313,0,313.00,3238.80,1
2,EXTEND,27,8192,0,303.41,510.47,1
3,EXTEND,482,8192,0,314.44,127.47,1
4,EXTEND,402,6268,0,314.43,77.75,1
5,DECODE,910,0,910,315.43,62.24,1
6,DECODE,910,0,910,316.43,65.09,1
7,DECODE,910,0,910,317.43,32.16,1
8,DECODE,910,0,910,318.43,40.51,1
9,DECODE,910,0,910,319.43,31.09,1
10,DECODE,910,0,910,320.43,60.11,1
11,DECODE,910,0,910,321.43,45.66,1
12,DECODE,910,0,910,322.43,45.04,1
13,DECODE,910,0,910,323.43,40.53,1
14,DECODE,910,0,910,324.43,21.41,1
15,DECODE,910,0,910,325.43,54.53,1
16,DECODE,910,0,910,326.43,42.06,1
17,DECODE,910,0,910,327.43,50.12,1
18,DECODE,910,0,910,328.43,32.08,1
19,DECODE,910,0,910,329.43,69.01,1
20,DECODE,910,0,910,330.43,52.15,1
21,DECODE,910,0,910,331.43,25.76,1
22,DECODE,910,0,910,332.43,24.58,1
23,DECODE,910,0,910,333.43,54.16,1
24,DECODE,910,0,910,334.43,69.13,1
25,DECODE,910,0,910,335.43,33.11,1
26,DECODE,910,0,910,336.43,50.26,1
27,DECODE,910,0,910,337.43,23.98,1
28,DECODE,910,0,910,338.43,20.46,1
29,DECODE,910,0,910,339.43,36.66,1
30,DECODE,910,0,910,340.43,39.33,1
31,DECODE,910,0,910,341.43,43.40,1
32,DECODE,910,0,910,342.43,27.47,1
33,DECODE,910,0,910,343.43,28.61,1
34,DECODE,910,0,910,344.43,63.70,1
35,DECODE,910,0,910,345.43,39.16,1
36,DECODE,910,0,910,346.43,37.64,1
37,DECODE,910,0,910,347.43,42.53,1
38,DECODE,910,0,910,348.43,53.87,1
39,DECODE,910,0,910,349.43,44.68,1
40,DECODE,910,0,910,350.43,33.74,1
41,DECODE,910,0,910,351.43,40.52,1
42,DECODE,910,0,910,352.43,61.57,1
43,DECODE,910,0,910,353.43,37.87,1
44,DECODE,910,0,910,354.43,47.83,1
45,DECODE,910,0,910,355.43,75.24,1
46,DECODE,910,0,910,356.43,36.82,1
47,DECODE,910,0,910,357.43,35.02,1
48,DECODE,910,0,910,358.43,20.23,1
49,DECODE,910,0,910,359.43,56.48,1
50,DECODE,910,0,910,360.43,30.12,1
51,DECODE,910,0,910,361.43,15.79,1
52,DECODE,910,0,910,362.43,65.75,1
53,DECODE,910,0,910,363.43,27.96,1
54,DECODE,910,0,910,364.43,33.26,1
55,DECODE,910,0,910,365.43,38.76,1
56,DECODE,910,0,910,366.43,46.85,1
57,DECODE,910,0,910,367.43,45.95,1
58,DECODE,910,0,910,368.43,44.87,1
59,DECODE,910,0,910,369.43,48.64,1
60,DECODE,910,0,910,370.43,40.16,1
61,DECODE,910,0,910,371.43,48.11,1
62,DECODE,910,0,910,372.43,55.47,1
63,DECODE,910,0,910,373.43,65.03,1
64,DECODE,910,0,910,374.43,24.58,1
65,DECODE,910,0,910,375.43,54.25,1
66,DECODE,910,0,910,376.43,66.42,1
67,DECODE,910,0,910,377.43,30.51,1
68,DECODE,910,0,910,378.43,40.80,1
69,DECODE,910,0,910,379.43,51.05,1
70,DECODE,910,0,910,380.43,73.87,1
71,DECODE,910,0,910,381.43,30.61,1
72,DECODE,910,0,910,382.43,49.26,1
73,DECODE,910,0,910,383.43,68.71,1
74,DECODE,910,0,910,384.43,63.22,1
75,DECODE,910,0,910,385.43,40.48,1
76,DECODE,910,0,910,386.43,61.09,1
77,DECODE,910,0,910,387.43,33.16,1
78,DECODE,910,0,910,388.43,35.45,1
79,DECODE,910,0,910,389.43,62.24,1
80,DECODE,910,0,910,390.43,52.87,1
81,DECODE,910,0,910,391.43,56.20,1
82,DECODE,910,0,910,392.43,53.77,1
83,DECODE,910,0,910,393.43,43.86,1
84,DECODE,910,0,910,394.43,59.80,1
85,DECODE,910,0,910,395.43,33.61,1
86,DECODE,910,0,910,396.43,50.93,1
87,DECODE,910,0,910,397.43,32.04,1
88,DECODE,910,0,910,398.43,57.76,1
89,DECODE,910,0,910,399.43,49.68,1
90,DECODE,910,0,910,400.43,57.85,1
91,DECODE,910,0,910,401.43,67.88,1
92,DECODE,910,0,910,402.43,71.48,1
93,DECODE,910,0,910,403.43,72.18,1
94,DECODE,910,0,910,404.43,51.88,1
95,DECODE,910,0,910,405.43,49.42,1
96,DECODE,910,0,910,406.43,84.31,1
97,DECODE,910,0,910,407.43,37.93,1
98,DECODE,910,0,910,408.43,38.53,1
99,DECODE,910,0,910,409.43,27.15,1
100,DECODE,910,0,910,410.43,30.85,1
101,DECODE,910,0,910,411.43,45.04,1
102,DECODE,910,0,910,412.43,22.87,1
103,DECODE,910,0,910,413.43,76.14,1
104,DECODE,909,0,909,414.43,42.77,1
105,EXTEND,114,1658,0,314.81,102.71,1
106,DECODE,1023,0,1023,404.33,95.29,1
107,DECODE,1023,0,1023,405.33,63.12,1
108,DECODE,1023,0,1023,406.33,57.61,1
109,DECODE,1023,0,1023,407.33,54.69,1
110,DECODE,1023,0,1023,408.33,49.34,1
111,DECODE,1023,0,1023,409.33,44.41,1
112,DECODE,1023,0,1023,410.33,30.94,1
113,DECODE,1023,0,1023,411.33,50.69,1
114,DECODE,1023,0,1023,412.33,66.15,1
115,DECODE,1023,0,1023,413.33,38.56,1
116,DECODE,1023,0,1023,414.33,35.47,1
117,DECODE,1022,0,1022,415.32,59.41,1
118,DECODE,1022,0,1022,416.32,37.53,1
119,DECODE,1022,0,1022,417.32,74.18,1
120,DECODE,1022,0,1022,418.32,65.29,1
121,DECODE,1022,0,1022,419.32,29.18,1
122,DECODE,1022,0,1022,420.32,46.87,1
123,DECODE,1022,0,1022,421.32,33.87,1
124,DECODE,1022,0,1022,422.32,46.11,1
125,DECODE,1022,0,1022,423.32,75.70,1
126,DECODE,1022,0,1022,424.32,61.86,1
127,DECODE,1021,0,1021,425.31,48.22,1
128,DECODE,1021,0,1021,426.31,65.87,1
129,DECODE,1020,0,1020,427.30,63.76,1
130,DECODE,1020,0,1020,428.30,36.87,1
131,DECODE,1019,0,1019,429.29,65.87,1
132,DECODE,1019,0,1019,430.29,55.76,1
133,DECODE,1018,0,1018,431.28,64.65,1
134,DECODE,1016,0,1016,432.25,56.36,1
135,DECODE,1015,0,1015,433.24,65.04,1
136,DECODE,1015,0,1015,434.24,49.44,1
137,DECODE,1012,0,1012,435.21,72.92,1
138,DECODE,1012,0,1012,436.21,64.25,1
139,DECODE,1011,0,1011,437.20,91.71,1
140,DECODE,1010,0,1010,438.19,66.15,1
141,DECODE,1010,0,1010,439.19,48.36,1
142,DECODE,1009,0,1009,440.18,61.19,1
143,DECODE,1008,0,1008,441.17,72.96,1
144,DECODE,1007,0,1007,442.16,63.35,1
145,DECODE,1007,0,1007,443.16,58.71,1
146,DECODE,1006,0,1006,444.14,78.85,1
147,DECODE,1005,0,1005,445.14,69.85,1
148,DECODE,1003,0,1003,446.11,66.89,1
149,DECODE,1000,0,1000,447.08,46.91,1
150,DECODE,997,0,997,448.05,45.48,1
151,DECODE,996,0,996,449.04,65.09,1
152,DECODE,995,0,995,450.04,34.41,1
153,DECODE,992,0,992,451.01,52.14,1
154,DECODE,989,0,989,451.97,39.89,1
155,DECODE,989,0,989,452.97,45.97,1
156,DECODE,989,0,989,453.97,33.63,1
157,DECODE,987,0,987,454.95,41.36,1
158,DECODE,982,0,982,455.88,58.55,1
159,DECODE,980,0,980,456.86,72.08,1
160,DECODE,976,0,976,457.81,53.61,1
161,DECODE,975,0,975,458.80,47.51,1
162,DECODE,970,0,970,459.74,43.39,1
163,DECODE,969,0,969,460.73,64.93,1
164,DECODE,968,0,968,461.71,64.69,1
165,DECODE,965,0,965,462.68,33.37,1
166,DECODE,962,0,962,463.65,62.34,1
167,DECODE,960,0,960,464.62,65.01,1
168,DECODE,957,0,957,465.59,57.77,1
169,DECODE,955,0,955,466.56,60.12,1
170,DECODE,954,0,954,467.55,64.52,1
171,DECODE,952,0,952,468.53,59.61,1
172,DECODE,950,0,950,469.50,45.13,1
173,DECODE,947,0,947,470.46,56.73,1
174,DECODE,945,0,945,471.43,39.16,1
175,DECODE,944,0,944,472.42,71.51,1
176,DECODE,944,0,944,473.42,58.71,1
177,DECODE,941,0,941,474.38,61.76,1
178,DECODE,936,0,936,475.33,68.84,1
179,DECODE,928,0,928,476.23,66.70,1
180,DECODE,922,0,922,477.14,61.06,1
181,DECODE,918,0,918,478.09,47.09,1
182,DECODE,912,0,912,479.02,37.96,1
183,DECODE,909,0,909,479.98,46.72,1
184,DECODE,903,0,903,480.90,69.65,1
185,DECODE,900,0,900,481.86,50.25,1
186,DECODE,896,0,896,482.81,52.07,1
187,DECODE,890,0,890,483.73,52.57,1
188,DECODE,889,0,889,484.72,57.31,1
189,DECODE,885,0,885,485.67,50.56,1
190,DECODE,881,0,881,486.62,52.49,1
191,DECODE,875,0,875,487.53,41.54,1
192,DECODE,873,0,873,488.51,27.87,1
193,DECODE,869,0,869,489.45,46.84,1
194,DECODE,865,0,865,490.39,28.70,1
195,DECODE,865,0,865,491.39,58.60,1
196,DECODE,865,0,865,492.39,47.66,1
197,DECODE,863,0,863,493.36,58.91,1
198,DECODE,860,0,860,494.32,46.93,1
199,DECODE,855,0,855,495.24,58.49,1
200,DECODE,847,0,847,496.12,41.24,1
201,DECODE,845,0,845,497.09,41.22,1
202,DECODE,844,0,844,498.07,51.02,1
203,DECODE,840,0,840,499.01,66.60,1
204,DECODE,836,0,836,499.96,60.29,1
205,DECODE,833,0,833,500.91,55.77,1
206,DECODE,828,0,828,501.84,56.99,1
207,DECODE,825,0,825,502.80,68.28,1
208,DECODE,820,0,820,503.71,59.34,1
209,DECODE,815,0,815,504.64,62.68,1
210,DECODE,813,0,813,505.61,61.33,1
211,DECODE,811,0,811,506.57,49.25,1
212,DECODE,807,0,807,507.51,56.87,1
213,DECODE,803,0,803,508.44,75.51,1
214,DECODE,797,0,797,509.33,57.81,1
215,DECODE,792,0,792,510.25,65.47,1
216,DECODE,788,0,788,511.18,47.41,1
217,DECODE,783,0,783,512.09,30.93,1
218,DECODE,780,0,780,513.04,68.55,1
219,DECODE,775,0,775,513.94,50.70,1
220,DECODE,770,0,770,514.85,46.94,1
221,DECODE,766,0,766,515.77,36.74,1
222,DECODE,765,0,765,516.75,60.02,1
223,DECODE,759,0,759,517.63,56.16,1
224,DECODE,757,0,757,518.60,60.69,1
225,DECODE,756,0,756,519.58,46.65,1
226,DECODE,749,0,749,520.44,55.50,1
227,DECODE,744,0,744,521.48,64.90,1
228,DECODE,740,0,740,522.39,52.09,1
229,DECODE,733,0,733,523.26,40.50,1
230,DECODE,725,0,725,524.09,55.99,1
231,DECODE,722,0,722,525.02,39.40,1
232,DECODE,717,0,717,526.06,56.62,1
233,DECODE,711,0,711,526.94,49.35,1
234,DECODE,705,0,705,527.81,49.93,1
235,DECODE,699,0,699,528.69,34.83,1
236,DECODE,697,0,697,529.64,49.47,1
237,DECODE,691,0,691,530.49,76.44,1
238,DECODE,686,0,686,531.38,61.38,1
239,DECODE,682,0,682,532.28,35.69,1
240,DECODE,676,0,676,533.14,41.39,1
241,DECODE,670,0,670,533.99,28.05,1
242,DECODE,668,0,668,534.95,53.48,1
243,DECODE,663,0,663,535.83,43.96,1
244,DECODE,662,0,662,536.80,56.05,1
245,DECODE,654,0,654,537.76,53.96,1
246,DECODE,653,0,653,538.89,41.30,1
247,DECODE,649,0,649,539.79,40.36,1
248,DECODE,645,0,645,540.69,53.13,1
249,DECODE,643,0,643,541.64,37.84,1
250,DECODE,638,0,638,542.67,47.87,1
251,DECODE,632,0,632,543.50,34.21,1
252,DECODE,626,0,626,544.35,43.83,1
253,DECODE,621,0,621,545.36,54.33,1
254,DECODE,612,0,612,546.10,69.94,1
255,DECODE,609,0,609,547.18,43.45,1
256,DECODE,606,0,606,548.08,32.71,1
257,DECODE,602,0,602,549.13,49.63,1
258,DECODE,599,0,599,550.21,53.79,1
259,DECODE,595,0,595,551.10,63.06,1
260,DECODE,590,0,590,551.96,36.00,1
261,DECODE,588,0,588,552.89,60.02,1
262,DECODE,583,0,583,553.72,26.24,1
263,DECODE,580,0,580,554.63,38.62,1
264,DECODE,570,0,570,555.32,43.39,1
265,DECODE,561,0,561,556.04,53.25,1
266,DECODE,556,0,556,556.87,53.23,1
267,DECODE,555,0,555,557.84,26.48,1
268,DECODE,549,0,549,558.64,22.02,1
269,DECODE,547,0,547,559.56,49.96,1
270,DECODE,543,0,543,560.43,51.33,1
271,DECODE,538,0,538,561.24,23.73,1
272,DECODE,535,0,535,562.14,36.28,1
273,DECODE,529,0,529,562.92,36.23,1
274,DECODE,528,0,528,564.07,35.68,1
275,DECODE,526,0,526,564.99,28.95,1
276,DECODE,525,0,525,565.96,30.14,1
277,DECODE,522,0,522,566.84,36.55,1
278,DECODE,519,0,519,567.73,36.10,1
279,DECODE,514,0,514,568.55,36.79,1
280,DECODE,509,0,509,569.56,48.54,1
281,DECODE,504,0,504,570.35,12.28,1
282,DECODE,502,0,502,571.27,11.71,1
283,DECODE,500,0,500,572.18,23.50,1
284,DECODE,496,0,496,573.23,56.78,1
285,DECODE,493,0,493,574.12,31.48,1
286,DECODE,488,0,488,574.90,32.19,1
287,DECODE,484,0,484,575.72,28.47,1
288,DECODE,479,0,479,576.71,13.17,1
289,DECODE,478,0,478,577.66,16.46,1
290,DECODE,476,0,476,578.57,11.74,1
291,DECODE,475,0,475,579.53,14.96,1
292,DECODE,469,0,469,580.25,24.72,1
293,DECODE,467,0,467,581.16,23.57,1
294,DECODE,465,0,465,582.06,14.62,1
295,DECODE,460,0,460,582.83,16.80,1
296,DECODE,459,0,459,583.78,18.37,1
297,DECODE,456,0,456,584.64,29.62,1
298,DECODE,450,0,450,585.56,42.51,1
299,DECODE,447,0,447,586.64,18.43,1
300,DECODE,440,0,440,587.52,58.82,1
301,DECODE,437,0,437,588.36,41.17,1
302,DECODE,430,0,430,589.25,35.79,1
303,DECODE,429,0,429,590.20,17.64,1
304,DECODE,426,0,426,591.04,33.85,1
305,DECODE,423,0,423,591.88,57.61,1
306,DECODE,421,0,421,592.77,25.72,1
307,DECODE,415,0,415,593.45,36.13,1
308,DECODE,413,0,413,594.34,34.37,1
309,DECODE,411,0,411,595.23,42.09,1
310,DECODE,406,0,406,595.93,19.75,1
311,DECODE,401,0,401,596.87,27.42,1
312,DECODE,401,0,401,597.87,34.42,1
313,DECODE,399,0,399,598.75,59.69,1
314,DECODE,395,0,395,599.51,33.85,1
315,DECODE,390,0,390,600.46,27.16,1
316,DECODE,387,0,387,601.28,44.96,1
317,DECODE,385,0,385,602.15,51.70,1
318,DECODE,381,0,381,603.17,32.24,1
319,DECODE,380,0,380,604.10,33.94,1
320,DECODE,375,0,375,605.55,58.59,1
321,DECODE,374,0,374,606.49,38.58,1
322,DECODE,368,0,368,607.92,50.99,1
323,DECODE,362,0,362,608.81,48.96,1
324,DECODE,360,0,360,609.96,37.89,1
325,DECODE,358,0,358,610.83,37.94,1
326,DECODE,354,0,354,611.83,41.64,1
327,DECODE,352,0,352,612.71,38.29,1
328,DECODE,348,0,348,613.44,54.80,1
329,DECODE,346,0,346,614.32,28.91,1
330,DECODE,343,0,343,615.37,46.59,1
331,DECODE,341,0,341,616.23,40.92,1
332,DECODE,340,0,340,617.16,29.71,1
333,DECODE,336,0,336,617.86,26.98,1
334,DECODE,334,0,334,619.03,34.54,1
335,DECODE,332,0,332,620.17,30.30,1
336,DECODE,330,0,330,621.02,30.18,1
337,DECODE,326,0,326,622.02,30.50,1
338,DECODE,323,0,323,622.77,29.62,1
339,DECODE,322,0,322,623.70,31.30,1
340,DECODE,319,0,319,624.45,30.46,1
341,DECODE,315,0,315,625.46,29.98,1
342,DECODE,313,0,313,626.30,30.24,1
343,DECODE,311,0,311,627.14,30.53,1
344,DECODE,309,0,309,628.30,30.54,1
345,DECODE,308,0,308,629.53,36.25,1
346,DECODE,303,0,303,630.78,29.56,1
347,DECODE,300,0,300,631.86,44.72,1
348,DECODE,300,0,300,632.86,31.44,1
349,DECODE,298,0,298,634.00,48.64,1
350,DECODE,295,0,295,635.06,38.37,1
351,DECODE,292,0,292,636.13,52.65,1
352,DECODE,290,0,290,636.96,46.65,1
353,DECODE,288,0,288,637.79,52.64,1
354,DECODE,288,0,288,638.79,25.90,1
355,DECODE,285,0,285,639.54,67.18,1
356,DECODE,284,0,284,640.45,49.25,1
357,DECODE,282,0,282,641.62,45.29,1
358,DECODE,279,0,279,642.72,56.63,1
359,DECODE,276,0,276,643.83,13.96,1
360,DECODE,272,0,272,644.46,29.27,1
361,DECODE,268,0,268,645.45,25.18,1
362,DECODE,267,0,267,646.36,34.03,1
363,DECODE,265,0,265,647.18,53.01,1
364,DECODE,264,0,264,648.10,13.15,1
365,DECODE,259,0,259,648.62,28.21,1
366,DECODE,255,0,255,649.61,23.52,1
367,DECODE,254,0,254,650.47,33.21,1
368,DECODE,251,0,251,651.16,49.45,1
369,DECODE,249,0,249,651.96,31.59,1
370,DECODE,245,0,245,653.36,15.04,1
371,DECODE,243,0,243,654.12,15.18,1
372,DECODE,240,0,240,654.78,14.43,1
373,DECODE,239,0,239,655.67,23.74,1
374,DECODE,236,0,236,656.75,25.01,1
375,DECODE,234,0,234,657.97,20.69,1
376,DECODE,232,0,232,658.75,33.29,1
377,DECODE,227,0,227,660.47,24.37,1
378,DECODE,226,0,226,661.36,38.47,1
379,DECODE,225,0,225,662.68,24.61,1
380,DECODE,221,0,221,663.66,25.06,1
381,DECODE,219,0,219,664.43,31.03,1
382,DECODE,217,0,217,665.20,60.27,1
383,DECODE,216,0,216,666.08,34.45,1
384,DECODE,213,0,213,667.16,56.83,1
385,DECODE,212,0,212,668.04,27.80,1
386,DECODE,209,0,209,669.16,35.09,1
387,DECODE,207,0,207,669.88,17.32,1
388,DECODE,204,0,204,670.98,42.54,1
389,DECODE,202,0,202,671.70,34.77,1
390,DECODE,198,0,198,672.20,17.44,1
391,DECODE,194,0,194,673.65,55.84,1
392,DECODE,193,0,193,674.50,29.05,1
393,DECODE,192,0,192,675.89,19.35,1
394,DECODE,189,0,189,676.48,13.21,1
395,DECODE,187,0,187,677.20,27.08,1
396,DECODE,182,0,182,678.01,32.89,1
397,DECODE,178,0,178,678.92,31.22,1
398,DECODE,176,0,176,679.61,30.32,1
399,DECODE,175,0,175,681.03,46.25,1
400,DECODE,171,0,171,681.39,18.08,1
401,DECODE,171,0,171,682.39,32.07,1
402,DECODE,171,0,171,683.39,30.68,1
403,DECODE,169,0,169,684.03,30.94,1
404,DECODE,166,0,166,685.13,30.32,1
405,DECODE,165,0,165,686.56,32.46,1
406,DECODE,164,0,164,687.39,29.43,1
407,DECODE,162,0,162,688.65,49.68,1
408,DECODE,159,0,159,689.13,14.46,1
409,DECODE,156,0,156,690.81,15.22,1
410,DECODE,154,0,154,691.47,31.06,1
411,DECODE,152,0,152,692.06,33.87,1
412,DECODE,151,0,151,692.87,26.71,1
413,DECODE,149,0,149,693.48,13.32,1
414,DECODE,148,0,148,694.91,18.95,1
415,DECODE,148,0,148,695.91,14.23,1
416,DECODE,146,0,146,696.51,12.65,1
417,DECODE,146,0,146,697.51,9.75,1
418,DECODE,145,0,145,698.29,19.54,1
419,DECODE,145,0,145,699.29,13.15,1
420,DECODE,141,0,141,700.84,27.20,1
421,DECODE,139,0,139,701.44,19.68,1
422,DECODE,138,0,138,702.89,14.79,1
423,DECODE,138,0,138,703.89,11.59,1
424,DECODE,134,0,134,705.51,25.25,1
425,DECODE,133,0,133,706.99,22.25,1
426,DECODE,131,0,131,707.52,32.42,1
427,DECODE,130,0,130,708.32,16.86,1
428,DECODE,129,0,129,709.88,14.21,1
429,DECODE,127,0,127,710.39,25.46,1
430,DECODE,127,0,127,711.39,36.33,1
431,DECODE,126,0,126,712.98,13.26,1
432,DECODE,125,0,125,713.74,13.77,1
433,DECODE,122,0,122,714.89,30.91,1
434,DECODE,122,0,122,715.89,11.63,1
435,DECODE,122,0,122,716.89,13.04,1
436,DECODE,120,0,120,718.28,37.46,1
437,DECODE,120,0,120,719.28,11.58,1
438,DECODE,119,0,119,720.08,13.10,1
439,DECODE,116,0,116,721.24,20.58,1
440,DECODE,116,0,116,722.24,18.64,1
441,DECODE,115,0,115,723.88,27.80,1
442,DECODE,114,0,114,724.65,23.67,1
443,DECODE,114,0,114,725.65,22.44,1
444,DECODE,113,0,113,726.42,14.22,1
445,DECODE,111,0,111,727.83,37.11,1
446,DECODE,107,0,107,728.80,31.08,1
447,DECODE,107,0,107,729.80,22.35,1
448,DECODE,107,0,107,730.80,32.77,1
449,DECODE,107,0,107,731.80,32.63,1
450,DECODE,106,0,106,733.50,22.60,1
451,DECODE,105,0,105,735.21,15.06,1
452,DECODE,104,0,104,735.95,25.60,1
453,DECODE,103,0,103,736.71,33.04,1
454,DECODE,103,0,103,737.71,29.57,1
455,DECODE,103,0,103,738.71,17.37,1
456,DECODE,103,0,103,739.71,5.80,1
457,DECODE,102,0,102,741.44,6.96,1
458,DECODE,100,0,100,742.96,35.01,1
459,DECODE,99,0,99,743.71,26.28,1
460,DECODE,97,0,97,745.25,13.65,1
461,DECODE,96,0,96,745.97,30.56,1
462,DECODE,95,0,95,746.68,9.69,1
463,DECODE,93,0,93,749.34,16.54,1
464,DECODE,93,0,93,750.34,9.26,1
465,DECODE,93,0,93,751.34,9.40,1
466,DECODE,92,0,92,752.08,22.25,1
467,DECODE,91,0,91,753.95,18.97,1
468,DECODE,90,0,90,754.72,13.81,1
469,DECODE,89,0,89,756.61,20.99,1
470,DECODE,88,0,88,758.47,10.86,1
471,DECODE,88,0,88,759.47,15.93,1
472,DECODE,87,0,87,760.21,13.66,1
473,DECODE,86,0,86,762.13,15.61,1
474,DECODE,84,0,84,762.63,10.21,1
475,DECODE,84,0,84,763.63,9.70,1
476,DECODE,84,0,84,764.63,5.99,1
477,DECODE,84,0,84,765.63,5.31,1
478,DECODE,82,0,82,767.30,6.42,1
479,DECODE,82,0,82,768.30,8.86,1
480,DECODE,82,0,82,769.30,15.40,1
481,DECODE,81,0,81,771.30,18.91,1
482,DECODE,81,0,81,772.30,13.23,1
483,DECODE,81,0,81,773.30,11.68,1
484,DECODE,80,0,80,774.08,18.96,1
485,DECODE,79,0,79,774.85,12.34,1
486,DECODE,79,0,79,775.85,9.73,1
487,DECODE,77,0,77,776.31,7.01,1
488,DECODE,76,0,76,777.05,12.49,1
489,DECODE,76,0,76,778.05,12.61,1
490,DECODE,75,0,75,780.12,26.33,1
491,DECODE,75,0,75,781.12,7.49,1
492,DECODE,74,0,74,783.22,9.56,1
493,DECODE,74,0,74,784.22,7.94,1
494,DECODE,74,0,74,785.22,9.85,1
495,DECODE,73,0,73,785.95,23.00,1
496,DECODE,73,0,73,786.95,13.90,1
497,DECODE,73,0,73,787.95,9.24,1
498,DECODE,73,0,73,788.95,8.78,1
499,DECODE,73,0,73,789.95,12.71,1
500,DECODE,73,0,73,790.95,6.21,1
501,DECODE,72,0,72,791.72,18.26,1
502,DECODE,70,0,70,792.16,12.81,1
503,DECODE,69,0,69,794.32,9.90,1
504,DECODE,69,0,69,795.32,22.87,1
505,DECODE,69,0,69,796.32,9.61,1
506,DECODE,68,0,68,797.03,31.22,1
507,DECODE,68,0,68,798.03,26.56,1
508,DECODE,67,0,67,798.78,6.68,1
509,DECODE,66,0,66,801.03,6.20,1
510,DECODE,65,0,65,801.62,9.91,1
511,DECODE,65,0,65,802.62,5.26,1
512,DECODE,65,0,65,803.62,30.51,1
513,DECODE,64,0,64,804.30,32.32,1
514,DECODE,64,0,64,805.30,29.92,1
515,DECODE,61,0,61,807.11,16.76,1
516,DECODE,61,0,61,808.11,5.73,1
517,DECODE,61,0,61,809.11,5.05,1
518,DECODE,61,0,61,810.11,8.04,1
519,DECODE,60,0,60,810.73,13.22,1
520,DECODE,59,0,59,811.46,9.76,1
521,DECODE,58,0,58,813.88,12.67,1
522,DECODE,57,0,57,816.37,13.66,1
523,DECODE,57,0,57,817.37,9.39,1
524,DECODE,57,0,57,818.37,5.30,1
525,DECODE,57,0,57,819.37,5.62,1
526,DECODE,56,0,56,820.11,8.81,1
527,DECODE,56,0,56,821.11,5.69,1
528,DECODE,56,0,56,822.11,5.39,1
529,DECODE,55,0,55,822.78,6.08,1
530,DECODE,55,0,55,823.78,14.29,1
531,DECODE,54,0,54,824.39,20.90,1
532,DECODE,54,0,54,825.39,8.02,1
533,DECODE,54,0,54,826.39,9.00,1
534,DECODE,54,0,54,827.39,5.92,1
535,DECODE,53,0,53,828.08,13.07,1
536,DECODE,52,0,52,828.75,9.36,1
537,DECODE,51,0,51,829.43,14.19,1
538,DECODE,51,0,51,830.43,6.12,1
539,DECODE,50,0,50,833.04,9.45,1
540,DECODE,50,0,50,834.04,5.48,1
541,DECODE,50,0,50,835.04,5.78,1
542,DECODE,50,0,50,836.04,5.74,1
543,DECODE,49,0,49,836.61,13.37,1
544,DECODE,49,0,49,837.61,5.44,1
545,DECODE,49,0,49,838.61,9.69,1
546,DECODE,48,0,48,839.31,22.15,1
547,DECODE,47,0,47,839.96,8.58,1
548,DECODE,45,0,45,842.42,13.39,1
549,DECODE,44,0,44,843.07,6.95,1
550,DECODE,44,0,44,844.07,5.98,1
551,DECODE,44,0,44,845.07,4.86,1
552,DECODE,44,0,44,846.07,6.17,1
553,DECODE,44,0,44,847.07,4.98,1
554,DECODE,44,0,44,848.07,8.96,1
555,DECODE,44,0,44,849.07,5.82,1
556,DECODE,44,0,44,850.07,5.16,1
557,DECODE,43,0,43,850.74,10.43,1
558,DECODE,43,0,43,851.74,5.86,1
559,DECODE,43,0,43,852.74,5.03,1
560,DECODE,43,0,43,853.74,6.03,1
561,DECODE,43,0,43,854.74,5.02,1
562,DECODE,42,0,42,855.36,11.65,1
563,DECODE,42,0,42,856.36,9.39,1
564,DECODE,42,0,42,857.36,5.48,1
565,DECODE,42,0,42,858.36,9.76,1
566,DECODE,42,0,42,859.36,4.96,1
567,DECODE,41,0,41,859.95,9.49,1
568,DECODE,41,0,41,860.95,5.84,1
569,DECODE,40,0,40,861.52,27.29,1
570,DECODE,40,0,40,862.52,6.27,1
571,DECODE,39,0,39,863.13,9.13,1
572,DECODE,38,0,38,866.37,51.17,1
573,DECODE,38,0,38,867.37,9.69,1
574,DECODE,38,0,38,868.37,5.80,1
575,DECODE,38,0,38,869.37,5.25,1
576,DECODE,37,0,37,870.00,9.94,1
577,DECODE,37,0,37,871.00,6.12,1
578,DECODE,36,0,36,874.33,17.05,1
579,DECODE,36,0,36,875.33,12.97,1
580,DECODE,36,0,36,876.33,5.93,1
581,DECODE,36,0,36,877.33,5.12,1
582,DECODE,36,0,36,878.33,6.30,1
583,DECODE,36,0,36,879.33,22.92,1
584,DECODE,36,0,36,880.33,9.50,1
585,DECODE,36,0,36,881.33,9.97,1
586,DECODE,35,0,35,881.94,9.58,1
587,DECODE,34,0,34,882.47,13.55,1
588,DECODE,33,0,33,883.03,9.96,1
589,DECODE,33,0,33,884.03,4.92,1
590,DECODE,33,0,33,885.03,5.82,1
591,DECODE,32,0,32,885.59,33.84,1
592,DECODE,32,0,32,886.59,30.17,1
593,DECODE,31,0,31,886.94,7.97,1
594,DECODE,31,0,31,887.94,5.79,1
595,DECODE,30,0,30,888.40,9.30,1
596,DECODE,29,0,29,888.93,14.29,1
597,DECODE,29,0,29,889.93,5.27,1
598,DECODE,28,0,28,890.14,9.82,1
599,DECODE,28,0,28,891.14,4.86,1
600,DECODE,28,0,28,892.14,6.01,1
601,DECODE,27,0,27,892.44,9.37,1
602,DECODE,27,0,27,893.44,4.80,1
603,DECODE,27,0,27,894.44,5.70,1
604,DECODE,27,0,27,895.44,5.87,1
605,DECODE,27,0,27,896.44,5.00,1
606,DECODE,27,0,27,897.44,5.48,1
607,DECODE,27,0,27,898.44,4.95,1
608,DECODE,27,0,27,899.44,5.40,1
609,DECODE,27,0,27,900.44,5.90,1
610,DECODE,27,0,27,901.44,5.23,1
611,DECODE,27,0,27,902.44,5.49,1
612,DECODE,27,0,27,903.44,4.92,1
613,DECODE,27,0,27,904.44,5.90,1
614,DECODE,27,0,27,905.44,6.21,1
615,DECODE,27,0,27,906.44,4.75,1
616,DECODE,27,0,27,907.44,6.05,1
617,DECODE,27,0,27,908.44,4.87,1
618,DECODE,27,0,27,909.44,6.09,1
619,DECODE,27,0,27,910.44,5.82,1
620,DECODE,27,0,27,911.44,5.08,1
621,DECODE,27,0,27,912.44,5.33,1
622,DECODE,27,0,27,913.44,5.49,1
623,DECODE,26,0,26,913.77,10.84,1
624,DECODE,26,0,26,914.77,6.22,1
625,DECODE,26,0,26,915.77,4.70,1
626,DECODE,26,0,26,916.77,5.87,1
627,DECODE,26,0,26,917.77,5.32,1
628,DECODE,26,0,26,918.77,5.22,1
629,DECODE,26,0,26,919.77,5.59,1
630,DECODE,25,0,25,924.00,8.68,1
631,DECODE,25,0,25,925.00,14.33,1
632,DECODE,25,0,25,926.00,6.19,1
633,DECODE,25,0,25,927.00,4.97,1
634,DECODE,25,0,25,928.00,5.65,1
635,DECODE,25,0,25,929.00,5.42,1
636,DECODE,24,0,24,933.42,14.01,1
637,DECODE,24,0,24,934.42,5.26,1
638,DECODE,24,0,24,935.42,5.86,1
639,DECODE,24,0,24,936.42,6.01,1
640,DECODE,24,0,24,937.42,4.49,1
641,DECODE,24,0,24,938.42,5.87,1
642,DECODE,24,0,24,939.42,4.67,1
643,DECODE,24,0,24,940.42,6.25,1
644,DECODE,24,0,24,941.42,6.14,1
645,DECODE,24,0,24,942.42,4.41,1
646,DECODE,24,0,24,943.42,6.11,1
647,DECODE,23,0,23,947.96,9.61,1
648,DECODE,23,0,23,948.96,5.91,1
649,DECODE,23,0,23,949.96,4.87,1
650,DECODE,23,0,23,950.96,18.23,1
651,DECODE,23,0,23,951.96,9.22,1
652,DECODE,23,0,23,952.96,5.61,1
653,DECODE,23,0,23,953.96,5.33,1
654,DECODE,23,0,23,954.96,5.32,1
655,DECODE,23,0,23,955.96,5.86,1
656,DECODE,23,0,23,956.96,4.78,1
657,DECODE,23,0,23,957.96,5.80,1
658,DECODE,22,0,22,958.64,9.87,1
659,DECODE,22,0,22,959.64,5.69,1
660,DECODE,22,0,22,960.64,4.87,1
661,DECODE,22,0,22,961.64,25.54,1
662,DECODE,22,0,22,962.64,30.48,1
663,DECODE,22,0,22,963.64,5.54,1
664,DECODE,22,0,22,964.64,5.57,1
665,DECODE,21,0,21,965.00,12.57,1
666,DECODE,21,0,21,966.00,6.05,1
667,DECODE,21,0,21,967.00,4.37,1
668,DECODE,21,0,21,968.00,5.82,1
669,DECODE,21,0,21,969.00,5.10,1
670,DECODE,21,0,21,970.00,5.74,1
671,DECODE,21,0,21,971.00,5.17,1
672,DECODE,21,0,21,972.00,5.51,1
673,DECODE,21,0,21,973.00,5.12,1
674,DECODE,21,0,21,974.00,5.71,1
675,DECODE,20,0,20,979.50,6.50,1
676,DECODE,20,0,20,980.50,5.23,1
677,DECODE,20,0,20,981.50,5.43,1
678,DECODE,20,0,20,982.50,5.32,1
679,DECODE,20,0,20,983.50,5.67,1
680,DECODE,20,0,20,984.50,4.72,1
681,DECODE,20,0,20,985.50,5.10,1
682,DECODE,20,0,20,986.50,5.52,1
683,DECODE,20,0,20,987.50,4.85,1
684,DECODE,20,0,20,988.50,5.72,1
685,DECODE,20,0,20,989.50,6.47,1
686,DECODE,20,0,20,990.50,9.60,1
687,DECODE,20,0,20,991.50,4.98,1
688,DECODE,20,0,20,992.50,5.96,1
689,DECODE,20,0,20,993.50,4.46,1
690,DECODE,20,0,20,994.50,6.06,1
691,DECODE,20,0,20,995.50,2.44,1
692,DECODE,20,0,20,996.50,2.53,1
693,DECODE,20,0,20,997.50,2.49,1
694,DECODE,20,0,20,998.50,2.40,1
695,DECODE,20,0,20,999.50,4.50,1
696,DECODE,20,0,20,1000.50,6.06,1
697,DECODE,19,0,19,1001.16,9.94,1
698,DECODE,19,0,19,1002.16,2.46,1
699,DECODE,19,0,19,1003.16,2.50,1
700,DECODE,19,0,19,1004.16,3.06,1
701,DECODE,19,0,19,1005.16,6.18,1
702,DECODE,19,0,19,1006.16,5.79,1
703,DECODE,18,0,18,1006.89,17.73,1
704,DECODE,18,0,18,1007.89,6.10,1
705,DECODE,17,0,17,1014.47,13.25,1
706,DECODE,17,0,17,1015.47,5.13,1
707,DECODE,17,0,17,1016.47,5.74,1
708,DECODE,17,0,17,1017.47,4.26,1
709,DECODE,17,0,17,1018.47,9.48,1
710,DECODE,17,0,17,1019.47,5.04,1
711,DECODE,17,0,17,1020.47,5.47,1
712,DECODE,17,0,17,1021.47,9.54,1
713,DECODE,17,0,17,1022.47,5.15,1
714,DECODE,17,0,17,1023.47,5.40,1
715,DECODE,17,0,17,1024.47,4.74,1
716,DECODE,17,0,17,1025.47,5.89,1
717,DECODE,17,0,17,1026.47,4.87,1
718,DECODE,17,0,17,1027.47,5.65,1
719,DECODE,17,0,17,1028.47,4.71,1
720,DECODE,17,0,17,1029.47,5.59,1
721,DECODE,17,0,17,1030.47,5.78,1
722,DECODE,17,0,17,1031.47,4.78,1
723,DECODE,17,0,17,1032.47,9.28,1
724,DECODE,16,0,16,1033.50,28.59,1
725,DECODE,16,0,16,1034.50,5.91,1
726,DECODE,16,0,16,1035.50,5.47,1
727,DECODE,16,0,16,1036.50,5.76,1
728,DECODE,16,0,16,1037.50,5.35,1
729,DECODE,15,0,15,1038.67,6.25,1
730,DECODE,15,0,15,1039.67,2.26,1
731,DECODE,15,0,15,1040.67,4.52,1
732,DECODE,15,0,15,1041.67,5.74,1
733,DECODE,15,0,15,1042.67,5.20,1
734,DECODE,15,0,15,1043.67,5.38,1
735,DECODE,15,0,15,1044.67,5.45,1
736,DECODE,15,0,15,1045.67,5.99,1
737,DECODE,15,0,15,1046.67,5.52,1
738,DECODE,15,0,15,1047.67,4.69,1
739,DECODE,15,0,15,1048.67,5.71,1
740,DECODE,15,0,15,1049.67,5.09,1
741,DECODE,15,0,15,1050.67,5.13,1
742,DECODE,15,0,15,1051.67,5.86,1
743,DECODE,15,0,15,1052.67,4.73,1
744,DECODE,15,0,15,1053.67,5.84,1
745,DECODE,15,0,15,1054.67,5.09,1
746,DECODE,15,0,15,1055.67,6.22,1
747,DECODE,15,0,15,1056.67,5.68,1
748,DECODE,15,0,15,1057.67,4.74,1
749,DECODE,15,0,15,1058.67,5.61,1
750,DECODE,15,0,15,1059.67,4.92,1
751,DECODE,15,0,15,1060.67,6.07,1
752,DECODE,14,0,14,1061.57,9.45,1
753,DECODE,14,0,14,1062.57,5.24,1
754,DECODE,14,0,14,1063.57,5.24,1
755,DECODE,14,0,14,1064.57,5.55,1
756,DECODE,14,0,14,1065.57,5.42,1
757,DECODE,14,0,14,1066.57,4.82,1
758,DECODE,13,0,13,1067.69,13.28,1
759,DECODE,13,0,13,1068.69,5.06,1
760,DECODE,13,0,13,1069.69,5.73,1
761,DECODE,12,0,12,1070.75,23.84,1
762,DECODE,12,0,12,1071.75,5.36,1
763,DECODE,12,0,12,1072.75,4.99,1
764,DECODE,12,0,12,1073.75,5.34,1
765,DECODE,12,0,12,1074.75,5.51,1
766,DECODE,12,0,12,1075.75,4.61,1
767,DECODE,12,0,12,1076.75,5.46,1
768,DECODE,12,0,12,1077.75,5.51,1
769,DECODE,12,0,12,1078.75,2.21,1
770,DECODE,12,0,12,1079.75,2.40,1
771,DECODE,12,0,12,1080.75,5.14,1
772,DECODE,12,0,12,1081.75,27.27,1
773,DECODE,12,0,12,1082.75,8.34,1
774,DECODE,12,0,12,1083.75,5.37,1
775,DECODE,12,0,12,1084.75,5.35,1
776,DECODE,12,0,12,1085.75,5.11,1
777,DECODE,12,0,12,1086.75,5.22,1
778,DECODE,12,0,12,1087.75,5.06,1
779,DECODE,12,0,12,1088.75,5.31,1
780,DECODE,12,0,12,1089.75,4.95,1
781,DECODE,12,0,12,1090.75,5.53,1
782,DECODE,12,0,12,1091.75,5.14,1
783,DECODE,12,0,12,1092.75,5.43,1
784,DECODE,12,0,12,1093.75,5.23,1
785,DECODE,12,0,12,1094.75,5.29,1
786,DECODE,12,0,12,1095.75,4.23,1
787,DECODE,12,0,12,1096.75,5.37,1
788,DECODE,12,0,12,1097.75,4.85,1
789,DECODE,12,0,12,1098.75,5.67,1
790,DECODE,12,0,12,1099.75,5.16,1
791,DECODE,12,0,12,1100.75,4.90,1
792,DECODE,12,0,12,1101.75,14.42,1
793,DECODE,12,0,12,1102.75,6.12,1
794,DECODE,12,0,12,1103.75,4.86,1
795,DECODE,12,0,12,1104.75,5.83,1
796,DECODE,12,0,12,1105.75,4.52,1
797,DECODE,12,0,12,1106.75,5.73,1
798,DECODE,12,0,12,1107.75,6.13,1
799,DECODE,12,0,12,1108.75,4.69,1
800,DECODE,12,0,12,1109.75,5.97,1
801,DECODE,12,0,12,1110.75,4.47,1
802,DECODE,12,0,12,1111.75,4.99,1
803,DECODE,12,0,12,1112.75,5.48,1
804,DECODE,12,0,12,1113.75,4.51,1
805,DECODE,12,0,12,1114.75,5.88,1
806,DECODE,12,0,12,1115.75,5.01,1
807,DECODE,12,0,12,1116.75,4.79,1
808,DECODE,11,0,11,1117.82,5.68,1
809,DECODE,11,0,11,1118.82,4.90,1
810,DECODE,11,0,11,1119.82,6.24,1
811,DECODE,11,0,11,1120.82,4.58,1
812,DECODE,11,0,11,1121.82,6.60,1
813,DECODE,11,0,11,1122.82,5.11,1
814,DECODE,11,0,11,1123.82,5.91,1
815,DECODE,11,0,11,1124.82,5.38,1
816,DECODE,11,0,11,1125.82,4.56,1
817,DECODE,10,0,10,1126.80,9.90,1
818,DECODE,10,0,10,1127.80,5.82,1
819,DECODE,10,0,10,1128.80,4.97,1
820,DECODE,10,0,10,1129.80,5.67,1
821,DECODE,10,0,10,1130.80,5.16,1
822,DECODE,10,0,10,1131.80,19.56,1
823,DECODE,10,0,10,1132.80,9.53,1
824,DECODE,10,0,10,1133.80,9.79,1
825,DECODE,10,0,10,1134.80,4.87,1
826,DECODE,10,0,10,1135.80,6.01,1
827,DECODE,10,0,10,1136.80,2.45,1
828,DECODE,10,0,10,1137.80,5.32,1
829,DECODE,10,0,10,1138.80,5.96,1
830,DECODE,10,0,10,1139.80,5.28,1
831,DECODE,10,0,10,1140.80,5.54,1
832,DECODE,10,0,10,1141.80,5.49,1
833,DECODE,9,0,9,1142.56,6.81,1
834,DECODE,9,0,9,1143.56,5.56,1
835,DECODE,9,0,9,1144.56,4.91,1
836,DECODE,8,0,8,1145.75,14.04,1
837,DECODE,8,0,8,1146.75,5.84,1
838,DECODE,8,0,8,1147.75,2.30,1
839,DECODE,8,0,8,1148.75,2.31,1
840,DECODE,8,0,8,1149.75,4.28,1
841,DECODE,8,0,8,1150.75,9.74,1
842,DECODE,8,0,8,1151.75,5.64,1
843,DECODE,8,0,8,1152.75,2.56,1
844,DECODE,8,0,8,1153.75,4.66,1
845,DECODE,8,0,8,1154.75,6.06,1
846,DECODE,8,0,8,1155.75,2.52,1
847,DECODE,7,0,7,1157.00,9.84,1
848,DECODE,7,0,7,1158.00,2.46,1
849,DECODE,7,0,7,1159.00,2.08,1
850,DECODE,7,0,7,1160.00,2.35,1
851,DECODE,7,0,7,1161.00,2.15,1
852,DECODE,7,0,7,1162.00,2.28,1
853,DECODE,7,0,7,1163.00,9.49,1
854,DECODE,7,0,7,1164.00,4.31,1
855,DECODE,7,0,7,1165.00,9.79,1
856,DECODE,7,0,7,1166.00,3.71,1
857,DECODE,6,0,6,1166.17,9.02,1
858,DECODE,6,0,6,1167.17,5.33,1
859,DECODE,5,0,5,1168.20,17.43,1
860,DECODE,5,0,5,1169.20,6.05,1
861,DECODE,5,0,5,1170.20,2.24,1
862,DECODE,5,0,5,1171.20,2.16,1
863,DECODE,5,0,5,1172.20,2.18,1
864,DECODE,5,0,5,1173.20,2.16,1
865,DECODE,5,0,5,1174.20,2.30,1
866,DECODE,5,0,5,1175.20,4.97,1
867,DECODE,5,0,5,1176.20,4.55,1
868,DECODE,5,0,5,1177.20,15.84,1
869,DECODE,5,0,5,1178.20,6.37,1
870,DECODE,5,0,5,1179.20,6.26,1
871,DECODE,5,0,5,1180.20,2.32,1
872,DECODE,5,0,5,1181.20,2.23,1
873,DECODE,5,0,5,1182.20,2.28,1
874,DECODE,5,0,5,1183.20,2.22,1
875,DECODE,5,0,5,1184.20,2.13,1
876,DECODE,5,0,5,1185.20,5.37,1
877,DECODE,5,0,5,1186.20,2.41,1
878,DECODE,5,0,5,1187.20,2.37,1
879,DECODE,5,0,5,1188.20,4.64,1
880,DECODE,5,0,5,1189.20,6.03,1
881,DECODE,5,0,5,1190.20,4.98,1
882,DECODE,5,0,5,1191.20,5.64,1
883,DECODE,5,0,5,1192.20,2.42,1
884,DECODE,5,0,5,1193.20,4.56,1
885,DECODE,5,0,5,1194.20,6.01,1
886,DECODE,5,0,5,1195.20,5.13,1
887,DECODE,5,0,5,1196.20,5.84,1
888,DECODE,5,0,5,1197.20,4.89,1
889,DECODE,5,0,5,1198.20,5.52,1
890,DECODE,5,0,5,1199.20,4.99,1
891,DECODE,5,0,5,1200.20,5.37,1
892,DECODE,5,0,5,1201.20,5.14,1
893,DECODE,5,0,5,1202.20,5.18,1
894,DECODE,5,0,5,1203.20,5.39,1
895,DECODE,5,0,5,1204.20,5.05,1
896,DECODE,5,0,5,1205.20,5.53,1
897,DECODE,5,0,5,1206.20,5.22,1
898,DECODE,5,0,5,1207.20,5.60,1
899,DECODE,5,0,5,1208.20,5.15,1
900,DECODE,5,0,5,1209.20,5.43,1
901,DECODE,5,0,5,1210.20,5.44,1
902,DECODE,5,0,5,1211.20,4.62,1
903,DECODE,5,0,5,1212.20,5.68,1
904,DECODE,5,0,5,1213.20,5.40,1
905,DECODE,5,0,5,1214.20,5.36,1
906,DECODE,5,0,5,1215.20,10.49,1
907,DECODE,5,0,5,1216.20,5.78,1
908,DECODE,5,0,5,1217.20,5.17,1
909,DECODE,5,0,5,1218.20,5.49,1
910,DECODE,5,0,5,1219.20,5.42,1
911,DECODE,5,0,5,1220.20,5.42,1
912,DECODE,5,0,5,1221.20,5.24,1
913,DECODE,5,0,5,1222.20,5.18,1
914,DECODE,5,0,5,1223.20,4.93,1
915,DECODE,5,0,5,1224.20,5.26,1
916,DECODE,5,0,5,1225.20,5.08,1
917,DECODE,5,0,5,1226.20,4.87,1
918,DECODE,5,0,5,1227.20,5.26,1
919,DECODE,5,0,5,1228.20,4.82,1
920,DECODE,5,0,5,1229.20,5.44,1
921,DECODE,5,0,5,1230.20,5.59,1
922,DECODE,5,0,5,1231.20,4.67,1
923,DECODE,4,0,4,1232.50,13.70,1
924,DECODE,4,0,4,1233.50,5.85,1
925,DECODE,4,0,4,1234.50,5.51,1
926,DECODE,4,0,4,1235.50,4.57,1
927,DECODE,4,0,4,1236.50,5.53,1
928,DECODE,4,0,4,1237.50,4.50,1
929,DECODE,4,0,4,1238.50,5.50,1
930,DECODE,4,0,4,1239.50,5.15,1
931,DECODE,4,0,4,1240.50,4.66,1
932,DECODE,4,0,4,1241.50,5.50,1
933,DECODE,4,0,4,1242.50,4.64,1
934,DECODE,4,0,4,1243.50,5.59,1
935,DECODE,4,0,4,1244.50,6.00,1
936,DECODE,4,0,4,1245.50,1.90,1
937,DECODE,4,0,4,1246.50,4.79,1
938,DECODE,4,0,4,1247.50,5.68,1
939,DECODE,4,0,4,1248.50,5.38,1
940,DECODE,4,0,4,1249.50,6.11,1
941,DECODE,4,0,4,1250.50,6.40,1
942,DECODE,4,0,4,1251.50,9.63,1
943,DECODE,4,0,4,1252.50,5.67,1
944,DECODE,4,0,4,1253.50,5.15,1
945,DECODE,4,0,4,1254.50,4.65,1
946,DECODE,3,0,3,1255.67,23.58,1
947,DECODE,3,0,3,1256.67,5.17,1
948,DECODE,3,0,3,1257.67,5.69,1
949,DECODE,3,0,3,1258.67,5.36,1
950,DECODE,3,0,3,1259.67,10.83,1
951,DECODE,3,0,3,1260.67,5.02,1
952,DECODE,3,0,3,1261.67,20.31,1
953,DECODE,3,0,3,1262.67,7.06,1
954,DECODE,3,0,3,1263.67,25.19,1
955,DECODE,3,0,3,1264.67,5.09,1
956,DECODE,3,0,3,1265.67,10.58,1
957,DECODE,3,0,3,1266.67,13.85,1
958,DECODE,3,0,3,1267.67,6.21,1
959,DECODE,3,0,3,1268.67,10.34,1
960,DECODE,3,0,3,1269.67,5.27,1
961,DECODE,3,0,3,1270.67,5.50,1
962,DECODE,3,0,3,1271.67,5.26,1
963,DECODE,3,0,3,1272.67,5.67,1
964,DECODE,3,0,3,1273.67,2.21,1
965,DECODE,3,0,3,1274.67,5.15,1
966,DECODE,3,0,3,1275.67,5.68,1
967,DECODE,3,0,3,1276.67,4.01,1
968,DECODE,3,0,3,1277.67,6.27,1
969,DECODE,3,0,3,1278.67,5.20,1
970,DECODE,3,0,3,1279.67,17.67,1
971,DECODE,3,0,3,1280.67,5.79,1
972,DECODE,3,0,3,1281.67,27.44,1
973,DECODE,3,0,3,1282.67,6.80,1
974,DECODE,3,0,3,1283.67,30.39,1
975,DECODE,3,0,3,1284.67,23.67,1
976,DECODE,3,0,3,1285.67,10.31,1
977,DECODE,3,0,3,1286.67,7.12,1
978,DECODE,3,0,3,1287.67,13.77,1
979,DECODE,3,0,3,1288.67,6.52,1
980,DECODE,3,0,3,1289.67,7.12,1
981,DECODE,3,0,3,1290.67,5.52,1
982,DECODE,3,0,3,1291.67,4.80,1
983,DECODE,3,0,3,1292.67,5.66,1
984,DECODE,2,0,2,1293.50,7.53,1
985,DECODE,2,0,2,1294.50,5.31,1
986,DECODE,2,0,2,1295.50,5.21,1
987,DECODE,2,0,2,1296.50,5.42,1
988,DECODE,2,0,2,1297.50,5.52,1
989,DECODE,2,0,2,1298.50,4.82,1
990,DECODE,2,0,2,1299.50,13.79,1
991,DECODE,2,0,2,1300.50,7.18,1
992,DECODE,2,0,2,1301.50,9.47,1
993,DECODE,2,0,2,1302.50,13.84,1
994,DECODE,2,0,2,1303.50,5.83,1
995,DECODE,2,0,2,1304.50,4.76,1
996,DECODE,2,0,2,1305.50,6.69,1
997,DECODE,2,0,2,1306.50,5.40,1
998,DECODE,2,0,2,1307.50,4.86,1
999,DECODE,2,0,2,1308.50,4.74,1
1000,DECODE,2,0,2,1309.50,5.03,1
1001,DECODE,2,0,2,1310.50,7.37,1
1002,DECODE,2,0,2,1311.50,7.06,1
1003,DECODE,2,0,2,1312.50,5.14,1
1004,DECODE,2,0,2,1313.50,4.88,1
1005,DECODE,2,0,2,1314.50,5.54,1
1006,DECODE,2,0,2,1315.50,4.83,1
1007,DECODE,2,0,2,1316.50,2.41,1
1008,DECODE,2,0,2,1317.50,2.16,1
1009,DECODE,2,0,2,1318.50,4.42,1
1010,DECODE,2,0,2,1319.50,5.24,1
1011,DECODE,2,0,2,1320.50,2.25,1
1012,DECODE,2,0,2,1321.50,2.15,1
1013,DECODE,2,0,2,1322.50,4.96,1
1014,DECODE,2,0,2,1323.50,4.93,1
1015,DECODE,2,0,2,1324.50,2.33,1
1016,DECODE,2,0,2,1325.50,2.18,1
1017,DECODE,2,0,2,1326.50,2.17,1
1018,DECODE,2,0,2,1327.50,2.12,1
1019,DECODE,2,0,2,1328.50,5.20,1
1020,DECODE,2,0,2,1329.50,10.94,1
1021,DECODE,2,0,2,1330.50,6.99,1
1022,DECODE,2,0,2,1331.50,5.63,1
1023,DECODE,2,0,2,1332.50,5.39,1
1024,DECODE,2,0,2,1333.50,5.36,1
1025,DECODE,2,0,2,1334.50,5.14,1
1026,DECODE,2,0,2,1335.50,5.36,1
1027,DECODE,2,0,2,1336.50,2.39,1
1028,DECODE,2,0,2,1337.50,5.18,1
1029,DECODE,2,0,2,1338.50,10.68,1
1030,DECODE,2,0,2,1339.50,10.44,1
1031,DECODE,2,0,2,1340.50,5.54,1
1032,DECODE,2,0,2,1341.50,5.62,1
1033,DECODE,2,0,2,1342.50,5.31,1
1034,DECODE,2,0,2,1343.50,5.24,1
1035,DECODE,2,0,2,1344.50,5.67,1
1036,DECODE,2,0,2,1345.50,10.29,1
1037,DECODE,2,0,2,1346.50,8.13,1
1038,DECODE,2,0,2,1347.50,13.18,1
1039,DECODE,2,0,2,1348.50,13.20,1
1040,DECODE,2,0,2,1349.50,4.60,1
1041,DECODE,2,0,2,1350.50,16.80,1
1042,DECODE,2,0,2,1351.50,9.65,1
1043,DECODE,2,0,2,1352.50,5.40,1
1044,DECODE,2,0,2,1353.50,5.50,1
1045,DECODE,2,0,2,1354.50,5.56,1
1046,DECODE,2,0,2,1355.50,5.37,1
1047,DECODE,2,0,2,1356.50,2.36,1
1048,DECODE,2,0,2,1357.50,5.34,1
1049,DECODE,2,0,2,1358.50,5.66,1
1050,DECODE,2,0,2,1359.50,2.31,1
1051,DECODE,2,0,2,1360.50,5.46,1
1052,DECODE,2,0,2,1361.50,7.00,1
1053,DECODE,2,0,2,1362.50,5.32,1
1054,DECODE,2,0,2,1363.50,13.85,1
1055,DECODE,2,0,2,1364.50,5.56,1
1056,DECODE,2,0,2,1365.50,4.90,1
1057,DECODE,2,0,2,1366.50,6.00,1
1058,DECODE,2,0,2,1367.50,5.13,1
1059,DECODE,2,0,2,1368.50,4.79,1
1060,DECODE,2,0,2,1369.50,5.74,1
1061,DECODE,2,0,2,1370.50,5.28,1
1062,DECODE,2,0,2,1371.50,4.80,1
1063,DECODE,2,0,2,1372.50,5.04,1
1064,DECODE,2,0,2,1373.50,4.81,1
1065,DECODE,2,0,2,1374.50,5.43,1
1066,DECODE,2,0,2,1375.50,5.56,1
1067,DECODE,2,0,2,1376.50,2.23,1
1068,DECODE,2,0,2,1377.50,9.15,1
1069,DECODE,2,0,2,1378.50,5.39,1
1070,DECODE,2,0,2,1379.50,4.50,1
1071,DECODE,2,0,2,1380.50,9.78,1
1072,DECODE,2,0,2,1381.50,5.27,1
1073,DECODE,2,0,2,1382.50,5.52,1
1074,DECODE,2,0,2,1383.50,2.20,1
1075,DECODE,2,0,2,1384.50,2.22,1
1076,DECODE,2,0,2,1385.50,2.11,1
1077,DECODE,2,0,2,1386.50,2.25,1
1078,DECODE,2,0,2,1387.50,10.31,1
1079,DECODE,2,0,2,1388.50,4.23,1
1080,DECODE,2,0,2,1389.50,8.99,1
1081,DECODE,2,0,2,1390.50,5.52,1
1082,DECODE,2,0,2,1391.50,9.45,1
1083,DECODE,2,0,2,1392.50,5.12,1
1084,DECODE,2,0,2,1393.50,5.39,1
1085,DECODE,2,0,2,1394.50,4.85,1
1086,DECODE,2,0,2,1395.50,9.00,1
1087,DECODE,1,0,1,1396.00,38.89,1
1088,DECODE,1,0,1,1397.00,5.63,1
1089,DECODE,1,0,1,1398.00,8.90,1
1090,DECODE,1,0,1,1399.00,5.77,1
1091,DECODE,1,0,1,1400.00,1.79,1
1092,DECODE,1,0,1,1401.00,1.79,1
1093,DECODE,1,0,1,1402.00,1.84,1
1094,DECODE,1,0,1,1403.00,5.53,1
1095,DECODE,1,0,1,1404.00,5.30,1
1096,DECODE,1,0,1,1405.00,4.99,1
1097,DECODE,1,0,1,1406.00,4.52,1
1098,DECODE,1,0,1,1407.00,2.14,1
1099,DECODE,1,0,1,1408.00,1.87,1
1100,DECODE,1,0,1,1409.00,2.07,1
1101,DECODE,1,0,1,1410.00,1.87,1
1102,DECODE,1,0,1,1411.00,1.95,1
1103,DECODE,1,0,1,1412.00,1.79,1
1104,DECODE,1,0,1,1413.00,2.25,1
1105,DECODE,1,0,1,1414.00,1.76,1
1106,DECODE,1,0,1,1415.00,1.85,1
1107,DECODE,1,0,1,1416.00,1.83,1
1108,DECODE,1,0,1,1417.00,1.92,1
1109,DECODE,1,0,1,1418.00,2.01,1
1110,DECODE,1,0,1,1419.00,1.92,1
1111,DECODE,1,0,1,1420.00,1.94,1
1112,DECODE,1,0,1,1421.00,2.03,1
1113,DECODE,1,0,1,1422.00,1.91,1
1114,DECODE,1,0,1,1423.00,2.22,1
1115,DECODE,1,0,1,1424.00,1.84,1
1116,DECODE,1,0,1,1425.00,1.99,1
1117,DECODE,1,0,1,1426.00,1.97,1
1118,DECODE,1,0,1,1427.00,2.01,1
1119,DECODE,1,0,1,1428.00,1.92,1
1120,DECODE,1,0,1,1429.00,1.91,1
1121,DECODE,1,0,1,1430.00,1.83,1
1122,DECODE,1,0,1,1431.00,1.80,1
1123,DECODE,1,0,1,1432.00,1.97,1
1124,DECODE,1,0,1,1433.00,1.80,1
1125,DECODE,1,0,1,1434.00,2.05,1
1126,DECODE,1,0,1,1435.00,1.80,1
1127,DECODE,1,0,1,1436.00,2.02,1
1128,DECODE,1,0,1,1437.00,1.88,1
1129,DECODE,1,0,1,1438.00,1.94,1
1130,DECODE,1,0,1,1439.00,1.82,1
1131,DECODE,1,0,1,1440.00,1.87,1
1132,DECODE,1,0,1,1441.00,1.83,1
1133,DECODE,1,0,1,1442.00,2.03,1
1134,DECODE,1,0,1,1443.00,2.05,1
1135,DECODE,1,0,1,1444.00,1.83,1
1136,DECODE,1,0,1,1445.00,1.83,1
1137,DECODE,1,0,1,1446.00,1.89,1
1138,DECODE,1,0,1,1447.00,1.83,1
1139,DECODE,1,0,1,1448.00,2.18,1
1140,DECODE,1,0,1,1449.00,1.80,1
1141,DECODE,1,0,1,1450.00,1.85,1
1142,DECODE,1,0,1,1451.00,2.02,1
1143,DECODE,1,0,1,1452.00,2.18,1
1144,DECODE,1,0,1,1453.00,1.80,1
1145,DECODE,1,0,1,1454.00,1.82,1
1146,DECODE,1,0,1,1455.00,1.92,1
1147,DECODE,1,0,1,1456.00,1.92,1
1148,DECODE,1,0,1,1457.00,1.80,1
1149,DECODE,1,0,1,1458.00,2.11,1
1150,DECODE,1,0,1,1459.00,1.83,1
1151,DECODE,1,0,1,1460.00,1.80,1
1152,DECODE,1,0,1,1461.00,2.03,1
1153,DECODE,1,0,1,1462.00,1.81,1
1154,DECODE,1,0,1,1463.00,1.84,1
1155,DECODE,1,0,1,1464.00,1.80,1
1156,DECODE,1,0,1,1465.00,1.95,1
1157,DECODE,1,0,1,1466.00,19.55,1
1158,DECODE,1,0,1,1467.00,4.88,1
1159,DECODE,1,0,1,1468.00,4.99,1
1160,DECODE,1,0,1,1469.00,2.47,1
1161,DECODE,1,0,1,1470.00,1.79,1
1162,DECODE,1,0,1,1471.00,4.01,1
1163,DECODE,1,0,1,1472.00,4.84,1
1164,DECODE,1,0,1,1473.00,2.42,1
1165,DECODE,1,0,1,1474.00,4.53,1
1166,DECODE,1,0,1,1475.00,2.44,1
1167,DECODE,1,0,1,1476.00,4.26,1
1168,DECODE,1,0,1,1477.00,5.44,1
1169,DECODE,1,0,1,1478.00,2.08,1
1170,DECODE,1,0,1,1479.00,5.47,1
1171,DECODE,1,0,1,1480.00,5.24,1
1172,DECODE,1,0,1,1481.00,2.12,1
1173,DECODE,1,0,1,1482.00,1.86,1
1174,DECODE,1,0,1,1483.00,2.21,1
1175,DECODE,1,0,1,1484.00,2.25,1
1176,DECODE,1,0,1,1485.00,4.68,1
1177,DECODE,1,0,1,1486.00,3.33,1
1178,DECODE,1,0,1,1487.00,2.45,1
1179,DECODE,1,0,1,1488.00,4.99,1
1180,DECODE,1,0,1,1489.00,5.05,1
1181,DECODE,1,0,1,1490.00,2.15,1
1182,DECODE,1,0,1,1491.00,4.70,1
1183,DECODE,1,0,1,1492.00,5.29,1
1184,DECODE,1,0,1,1493.00,5.45,1
1185,DECODE,1,0,1,1494.00,5.03,1
1186,DECODE,1,0,1,1495.00,5.07,1
1187,DECODE,1,0,1,1496.00,4.78,1
1188,DECODE,1,0,1,1497.00,5.21,1
1189,DECODE,1,0,1,1498.00,5.18,1
1190,DECODE,1,0,1,1499.00,2.21,1
1191,DECODE,1,0,1,1500.00,1.86,1
1192,DECODE,1,0,1,1501.00,2.04,1
1193,DECODE,1,0,1,1502.00,1.89,1
1194,DECODE,1,0,1,1503.00,4.91,1
1195,DECODE,1,0,1,1504.00,5.19,1
1196,DECODE,1,0,1,1505.00,5.62,1
1197,DECODE,1,0,1,1506.00,2.27,1
1198,DECODE,1,0,1,1507.00,2.08,1
1199,DECODE,1,0,1,1508.00,2.38,1
1200,DECODE,1,0,1,1509.00,1.97,1
1201,DECODE,1,0,1,1510.00,2.29,1
1202,DECODE,1,0,1,1511.00,2.26,1
1203,DECODE,1,0,1,1512.00,1.90,1
1204,DECODE,1,0,1,1513.00,2.31,1
1205,DECODE,1,0,1,1514.00,1.97,1
1206,DECODE,1,0,1,1515.00,1.94,1
1207,DECODE,1,0,1,1516.00,2.02,1
1208,DECODE,1,0,1,1517.00,1.94,1
1209,DECODE,1,0,1,1518.00,2.22,1
1210,DECODE,1,0,1,1519.00,1.89,1
1211,DECODE,1,0,1,1520.00,3.77,1
1212,DECODE,1,0,1,1521.00,6.91,1
1213,DECODE,1,0,1,1522.00,5.55,1
1214,DECODE,1,0,1,1523.00,4.99,1
1215,DECODE,1,0,1,1524.00,3.75,1
1216,DECODE,1,0,1,1525.00,4.93,1
1217,DECODE,1,0,1,1526.00,5.42,1
1218,DECODE,1,0,1,1527.00,14.85,1
1219,DECODE,1,0,1,1528.00,5.34,1
1220,DECODE,1,0,1,1529.00,5.37,1
1221,DECODE,1,0,1,1530.00,2.28,1
1222,DECODE,1,0,1,1531.00,2.45,1
1223,DECODE,1,0,1,1532.00,4.78,1
1224,DECODE,1,0,1,1533.00,7.29,1
1225,DECODE,1,0,1,1534.00,5.10,1
1226,DECODE,1,0,1,1535.00,5.20,1
1227,DECODE,1,0,1,1536.00,5.72,1
1228,DECODE,1,0,1,1537.00,1.94,1
1229,DECODE,1,0,1,1538.00,2.01,1
1230,DECODE,1,0,1,1539.00,1.90,1
1231,DECODE,1,0,1,1540.00,2.22,1
1232,DECODE,1,0,1,1541.00,2.33,1
1233,DECODE,1,0,1,1542.00,1.81,1
1234,DECODE,1,0,1,1543.00,4.84,1
1235,DECODE,1,0,1,1544.00,5.47,1
1236,DECODE,1,0,1,1545.00,5.06,1
1237,DECODE,1,0,1,1546.00,2.20,1
1238,DECODE,1,0,1,1547.00,2.10,1
1239,DECODE,1,0,1,1548.00,4.75,1
1240,DECODE,1,0,1,1549.00,2.30,1
1241,DECODE,1,0,1,1550.00,5.18,1
1242,DECODE,1,0,1,1551.00,4.99,1
1243,DECODE,1,0,1,1552.00,5.25,1
1244,DECODE,1,0,1,1553.00,2.11,1
1245,DECODE,1,0,1,1554.00,2.04,1
1246,DECODE,1,0,1,1555.00,2.35,1
1247,DECODE,1,0,1,1556.00,6.09,1
1248,DECODE,1,0,1,1557.00,13.88,1
1249,DECODE,1,0,1,1558.00,4.84,1
1250,DECODE,1,0,1,1559.00,5.42,1
1251,DECODE,1,0,1,1560.00,4.90,1
1252,DECODE,1,0,1,1561.00,2.31,1
1253,DECODE,1,0,1,1562.00,2.27,1
1254,DECODE,1,0,1,1563.00,4.59,1
1255,DECODE,1,0,1,1564.00,5.08,1
1256,DECODE,1,0,1,1565.00,5.03,1
1257,DECODE,1,0,1,1566.00,5.33,1
1258,DECODE,1,0,1,1567.00,2.15,1
1259,DECODE,1,0,1,1568.00,3.95,1
1260,DECODE,1,0,1,1569.00,5.75,1
1261,DECODE,1,0,1,1570.00,2.04,1
1262,DECODE,1,0,1,1571.00,3.87,1
1263,DECODE,1,0,1,1572.00,4.91,1
1264,DECODE,1,0,1,1573.00,2.29,1
1265,DECODE,1,0,1,1574.00,2.31,1
1266,DECODE,1,0,1,1575.00,5.50,1
1267,DECODE,1,0,1,1576.00,2.08,1
1268,DECODE,1,0,1,1577.00,4.77,1
1269,DECODE,1,0,1,1578.00,9.12,1
1270,DECODE,1,0,1,1579.00,9.01,1
1271,DECODE,1,0,1,1580.00,2.11,1
1272,DECODE,1,0,1,1581.00,5.55,1
1273,DECODE,1,0,1,1582.00,2.24,1
1274,DECODE,1,0,1,1583.00,6.13,1
1275,DECODE,1,0,1,1584.00,5.72,1
1276,DECODE,1,0,1,1585.00,4.68,1
1277,DECODE,1,0,1,1586.00,5.28,1
1278,DECODE,1,0,1,1587.00,4.81,1
1279,DECODE,1,0,1,1588.00,4.60,1
1280,DECODE,1,0,1,1589.00,5.08,1
1281,DECODE,1,0,1,1590.00,5.01,1
1282,DECODE,1,0,1,1591.00,2.26,1
1283,DECODE,1,0,1,1592.00,4.63,1
1284,DECODE,1,0,1,1593.00,4.88,1
1285,DECODE,1,0,1,1594.00,2.31,1
1286,DECODE,1,0,1,1595.00,5.12,1
1287,DECODE,1,0,1,1596.00,4.98,1
1288,DECODE,1,0,1,1597.00,2.29,1
1289,DECODE,1,0,1,1598.00,1.81,1
1290,DECODE,1,0,1,1599.00,2.11,1
1291,DECODE,1,0,1,1600.00,5.06,1
1292,DECODE,1,0,1,1601.00,14.09,1
1293,DECODE,1,0,1,1602.00,5.33,1
1294,DECODE,1,0,1,1603.00,5.35,1
1295,DECODE,1,0,1,1604.00,2.15,1
1296,DECODE,1,0,1,1605.00,4.80,1
1297,DECODE,1,0,1,1606.00,2.43,1
1298,DECODE,1,0,1,1607.00,4.74,1
1299,DECODE,1,0,1,1608.00,5.33,1
1300,DECODE,1,0,1,1609.00,2.15,1
1301,DECODE,1,0,1,1610.00,2.34,1
1302,DECODE,1,0,1,1611.00,4.47,1
1303,DECODE,1,0,1,1612.00,4.67,1
1304,DECODE,1,0,1,1613.00,2.35,1
1305,DECODE,1,0,1,1614.00,2.27,1
1306,DECODE,1,0,1,1615.00,4.75,1
1307,DECODE,1,0,1,1616.00,2.33,1
1308,DECODE,1,0,1,1617.00,1.92,1
1309,DECODE,1,0,1,1618.00,2.04,1
1310,DECODE,1,0,1,1619.00,2.21,1
1311,DECODE,1,0,1,1620.00,2.43,1
1312,DECODE,1,0,1,1621.00,4.86,1
1313,DECODE,1,0,1,1622.00,2.26,1
1314,DECODE,1,0,1,1623.00,2.40,1
1315,DECODE,1,0,1,1624.00,1.83,1
1316,DECODE,1,0,1,1625.00,2.04,1
1317,DECODE,1,0,1,1626.00,1.99,1
1318,DECODE,1,0,1,1627.00,4.56,1
1319,DECODE,1,0,1,1628.00,2.39,1
1320,DECODE,1,0,1,1629.00,1.80,1
1321,DECODE,1,0,1,1630.00,2.11,1
1322,DECODE,1,0,1,1631.00,4.65,1
1323,DECODE,1,0,1,1632.00,2.33,1
1324,DECODE,1,0,1,1633.00,5.81,1
1325,DECODE,1,0,1,1634.00,4.55,1
1326,DECODE,1,0,1,1635.00,5.39,1
1327,DECODE,1,0,1,1636.00,4.85,1
1328,DECODE,1,0,1,1637.00,5.41,1
1329,DECODE,1,0,1,1638.00,4.77,1
1330,DECODE,1,0,1,1639.00,5.18,1
1331,DECODE,1,0,1,1640.00,2.39,1
1332,DECODE,1,0,1,1641.00,4.65,1
1333,DECODE,1,0,1,1642.00,2.32,1
1334,DECODE,1,0,1,1643.00,4.73,1
1335,DECODE,1,0,1,1644.00,5.23,1
1336,DECODE,1,0,1,1645.00,4.70,1
1337,DECODE,1,0,1,1646.00,2.35,1
1338,DECODE,1,0,1,1647.00,4.62,1
1339,DECODE,1,0,1,1648.00,5.32,1
1340,DECODE,1,0,1,1649.00,4.91,1
1341,DECODE,1,0,1,1650.00,5.21,1
1342,DECODE,1,0,1,1651.00,4.33,1
1343,DECODE,1,0,1,1652.00,2.42,1
1344,DECODE,1,0,1,1653.00,4.57,1
1345,DECODE,1,0,1,1654.00,5.69,1
1346,DECODE,1,0,1,1655.00,2.00,1
1347,DECODE,1,0,1,1656.00,1.93,1
1348,DECODE,1,0,1,1657.00,4.75,1
1349,DECODE,1,0,1,1658.00,2.36,1
1350,DECODE,1,0,1,1659.00,5.35,1
1351,DECODE,1,0,1,1660.00,2.02,1
1352,DECODE,1,0,1,1661.00,2.40,1
1353,DECODE,1,0,1,1662.00,1.77,1
1354,DECODE,1,0,1,1663.00,4.92,1
1355,DECODE,1,0,1,1664.00,5.34,1
1356,DECODE,1,0,1,1665.00,4.41,1
1357,DECODE,1,0,1,1666.00,2.39,1
1358,DECODE,1,0,1,1667.00,4.63,1
1359,DECODE,1,0,1,1668.00,7.08,1
1360,DECODE,1,0,1,1669.00,5.30,1
1361,DECODE,1,0,1,1670.00,3.65,1
1362,DECODE,1,0,1,1671.00,5.00,1
1363,DECODE,1,0,1,1672.00,2.19,1
1364,DECODE,1,0,1,1673.00,8.19,1
1365,DECODE,1,0,1,1674.00,2.35,1
1366,DECODE,1,0,1,1675.00,4.73,1
1367,DECODE,1,0,1,1676.00,5.55,1
1368,DECODE,1,0,1,1677.00,5.02,1
1369,DECODE,1,0,1,1678.00,4.68,1
1370,DECODE,1,0,1,1679.00,21.37,1
1371,DECODE,1,0,1,1680.00,7.22,1
1372,DECODE,1,0,1,1681.00,8.95,1
1373,DECODE,1,0,1,1682.00,5.38,1
1374,DECODE,1,0,1,1683.00,2.37,1
1375,EXTEND,1,509,0,1095.00,66.52,1
1376,EXTEND,10,8192,0,1396.70,66.61,1
1377,EXTEND,10,8192,0,1499.40,117.29,1
1378,EXTEND,12,8192,0,1348.83,69.29,1
1379,EXTEND,12,8192,0,1469.33,61.46,1
1380,EXTEND,11,8192,0,1399.73,80.79,1
1381,EXTEND,12,8192,0,1343.33,84.79,1
1382,EXTEND,11,8192,0,1458.36,74.74,1
1383,EXTEND,13,8192,0,1265.15,111.15,1
1384,EXTEND,12,8192,0,1401.50,95.47,1
1385,EXTEND,12,8192,0,1372.83,76.11,1
1386,EXTEND,10,8192,0,1451.40,102.02,1
1387,EXTEND,12,8192,0,1387.25,37.77,1
1388,EXTEND,10,8192,0,1478.40,105.68,1
1389,EXTEND,10,8192,0,1513.70,154.70,1
1390,EXTEND,10,8192,0,1527.70,76.98,1
1391,EXTEND,9,8192,0,1599.00,62.54,1
1392,EXTEND,11,8192,0,1455.73,61.13,1
1393,EXTEND,11,8192,0,1441.00,52.13,1
1394,EXTEND,10,8192,0,1417.20,84.43,1
1395,EXTEND,10,8192,0,1437.90,69.75,1
1396,EXTEND,10,8192,0,1472.60,91.88,1
1397,EXTEND,10,8192,0,1449.00,89.62,1
1398,EXTEND,10,8192,0,1410.40,93.18,1
1399,EXTEND,10,8192,0,1407.70,45.05,1
1400,EXTEND,13,8192,0,1312.46,57.19,1
1401,EXTEND,11,8192,0,1330.45,82.56,1
1402,EXTEND,11,8192,0,1356.45,65.83,1
1403,EXTEND,11,8192,0,1379.27,85.88,1
1404,EXTEND,9,8192,0,1621.89,77.09,1
1405,EXTEND,11,8192,0,1437.64,102.36,1
1406,EXTEND,6,4260,0,1422.83,56.57,1
1407,DECODE,301,0,301,1455.21,41.34,1
1408,DECODE,301,0,301,1456.21,30.72,1
1409,DECODE,301,0,301,1457.21,34.49,1
1410,DECODE,301,0,301,1458.21,37.58,1
1411,DECODE,301,0,301,1459.21,55.32,1
1412,DECODE,301,0,301,1460.21,39.93,1
1413,DECODE,301,0,301,1461.21,30.92,1
1414,DECODE,301,0,301,1462.21,27.58,1
1415,DECODE,301,0,301,1463.21,34.28,1
1416,DECODE,301,0,301,1464.21,34.83,1
1417,DECODE,301,0,301,1465.21,20.92,1
1418,DECODE,301,0,301,1466.21,43.35,1
1419,DECODE,301,0,301,1467.21,23.73,1
1420,DECODE,301,0,301,1468.21,30.28,1
1421,DECODE,301,0,301,1469.21,47.30,1
1422,DECODE,301,0,301,1470.21,47.10,1
1423,DECODE,301,0,301,1471.21,39.86,1
1424,DECODE,301,0,301,1472.21,28.00,1
1425,DECODE,301,0,301,1473.21,29.89,1
1426,DECODE,301,0,301,1474.21,40.90,1
1427,DECODE,301,0,301,1475.21,49.41,1
1428,DECODE,301,0,301,1476.21,27.27,1
1429,DECODE,301,0,301,1477.21,53.47,1
1430,DECODE,301,0,301,1478.21,42.97,1
1431,DECODE,301,0,301,1479.21,68.08,1
1432,DECODE,301,0,301,1480.21,50.18,1
1433,DECODE,301,0,301,1481.21,32.13,1
1434,DECODE,301,0,301,1482.21,31.75,1
1435,DECODE,301,0,301,1483.21,31.98,1
1436,DECODE,301,0,301,1484.21,29.37,1
1437,DECODE,301,0,301,1485.21,33.21,1
1438,DECODE,301,0,301,1486.21,32.60,1
1439,DECODE,301,0,301,1487.21,42.92,1
1440,DECODE,301,0,301,1488.21,27.91,1
1441,DECODE,301,0,301,1489.21,30.44,1
1442,DECODE,301,0,301,1490.21,31.34,1
1443,DECODE,301,0,301,1491.21,33.28,1
1444,DECODE,301,0,301,1492.21,36.03,1
1445,DECODE,301,0,301,1493.21,32.59,1
1446,DECODE,301,0,301,1494.21,50.93,1
1447,DECODE,301,0,301,1495.21,38.30,1
1448,DECODE,301,0,301,1496.21,33.07,1
1449,DECODE,301,0,301,1497.21,31.10,1
1450,DECODE,301,0,301,1498.21,33.38,1
1451,DECODE,301,0,301,1499.21,46.62,1
1452,DECODE,301,0,301,1500.21,23.51,1
1453,DECODE,301,0,301,1501.21,37.00,1
1454,DECODE,301,0,301,1502.21,31.16,1
1455,DECODE,301,0,301,1503.21,37.73,1
1456,DECODE,301,0,301,1504.21,35.05,1
1457,DECODE,301,0,301,1505.21,33.79,1
1458,DECODE,301,0,301,1506.21,37.53,1
1459,DECODE,301,0,301,1507.21,57.25,1
1460,DECODE,301,0,301,1508.21,46.46,1
1461,DECODE,301,0,301,1509.21,35.18,1
1462,DECODE,301,0,301,1510.21,72.08,1
1463,DECODE,301,0,301,1511.21,60.54,1
1464,DECODE,301,0,301,1512.21,62.16,1
1465,DECODE,301,0,301,1513.21,50.56,1
1466,DECODE,301,0,301,1514.21,31.51,1
1467,DECODE,301,0,301,1515.21,48.33,1
1468,DECODE,301,0,301,1516.21,62.25,1
1469,DECODE,301,0,301,1517.21,47.10,1
1470,DECODE,301,0,301,1518.21,29.87,1
1471,DECODE,301,0,301,1519.21,27.26,1
1472,DECODE,301,0,301,1520.21,40.80,1
1473,DECODE,301,0,301,1521.21,28.93,1
1474,DECODE,301,0,301,1522.21,35.03,1
1475,DECODE,301,0,301,1523.21,54.17,1
1476,DECODE,301,0,301,1524.21,35.59,1
1477,DECODE,301,0,301,1525.21,32.40,1
1478,DECODE,301,0,301,1526.21,31.66,1
1479,DECODE,301,0,301,1527.21,31.96,1
1480,DECODE,301,0,301,1528.21,29.49,1
1481,DECODE,301,0,301,1529.21,47.12,1
1482,DECODE,301,0,301,1530.21,38.69,1
1483,DECODE,301,0,301,1531.21,23.11,1
1484,DECODE,301,0,301,1532.21,39.19,1
1485,DECODE,301,0,301,1533.21,20.87,1
1486,DECODE,301,0,301,1534.21,42.06,1
1487,DECODE,301,0,301,1535.21,23.61,1
1488,DECODE,300,0,300,1536.79,35.26,1
1489,DECODE,300,0,300,1537.79,27.46,1
1490,DECODE,300,0,300,1538.79,35.18,1
1491,DECODE,300,0,300,1539.79,38.13,1
1492,DECODE,300,0,300,1540.79,38.34,1
1493,DECODE,300,0,300,1541.79,34.92,1
1494,DECODE,300,0,300,1542.79,31.00,1
1495,DECODE,300,0,300,1543.79,31.30,1
1496,DECODE,300,0,300,1544.79,28.68,1
1497,DECODE,300,0,300,1545.79,31.51,1
1498,DECODE,300,0,300,1546.79,32.03,1
1499,DECODE,300,0,300,1547.79,31.89,1
1500,DECODE,300,0,300,1548.79,31.97,1
1501,DECODE,300,0,300,1549.79,36.63,1
1502,DECODE,300,0,300,1550.79,44.32,1
1503,DECODE,300,0,300,1551.79,38.76,1
1504,DECODE,300,0,300,1552.79,53.93,1
1505,DECODE,300,0,300,1553.79,38.56,1
1506,DECODE,300,0,300,1554.79,35.02,1
1507,DECODE,300,0,300,1555.79,38.54,1
1508,DECODE,299,0,299,1554.09,23.37,1
1509,DECODE,299,0,299,1555.09,38.10,1
1510,DECODE,299,0,299,1556.09,42.57,1
1511,DECODE,299,0,299,1557.09,28.31,1
1512,DECODE,299,0,299,1558.09,42.14,1
1513,DECODE,299,0,299,1559.09,44.26,1
1514,DECODE,299,0,299,1560.09,38.72,1
1515,DECODE,299,0,299,1561.09,32.02,1
1516,DECODE,299,0,299,1562.09,40.15,1
1517,DECODE,299,0,299,1563.09,35.90,1
1518,DECODE,299,0,299,1564.09,33.94,1
1519,DECODE,299,0,299,1565.09,36.66,1
1520,DECODE,299,0,299,1566.09,53.02,1
1521,DECODE,299,0,299,1567.09,46.10,1
1522,DECODE,299,0,299,1568.09,30.26,1
1523,DECODE,299,0,299,1569.09,28.87,1
1524,DECODE,299,0,299,1570.09,35.07,1
1525,DECODE,299,0,299,1571.09,39.09,1
1526,DECODE,299,0,299,1572.09,35.22,1
1527,DECODE,299,0,299,1573.09,42.02,1
1528,DECODE,299,0,299,1574.09,59.14,1
1529,DECODE,299,0,299,1575.09,31.58,1
1530,DECODE,298,0,298,1575.50,58.29,1
1531,DECODE,297,0,297,1577.91,33.68,1
1532,DECODE,297,0,297,1578.91,59.04,1
1533,DECODE,297,0,297,1579.91,38.53,1
1534,DECODE,296,0,296,1580.71,63.87,1
1535,DECODE,296,0,296,1581.71,29.60,1
1536,DECODE,296,0,296,1582.71,29.52,1
1537,DECODE,296,0,296,1583.71,32.03,1
1538,DECODE,295,0,295,1585.64,39.01,1
1539,DECODE,295,0,295,1586.64,24.36,1
1540,DECODE,295,0,295,1587.64,26.65,1
1541,DECODE,295,0,295,1588.64,34.27,1
1542,DECODE,295,0,295,1589.64,28.89,1
1543,DECODE,295,0,295,1590.64,32.69,1
1544,DECODE,294,0,294,1592.68,43.22,1
1545,DECODE,293,0,293,1594.63,39.82,1
1546,DECODE,293,0,293,1595.63,39.30,1
1547,DECODE,293,0,293,1596.63,29.11,1
1548,DECODE,293,0,293,1597.63,30.49,1
1549,DECODE,293,0,293,1598.63,30.39,1
1550,DECODE,293,0,293,1599.63,28.93,1
1551,DECODE,292,0,292,1602.12,33.35,1
1552,DECODE,292,0,292,1603.12,29.96,1
1553,DECODE,291,0,291,1604.05,31.60,1
1554,DECODE,290,0,290,1604.63,32.48,1
1555,DECODE,290,0,290,1605.63,29.77,1
1556,DECODE,289,0,289,1607.55,69.34,1
1557,DECODE,289,0,289,1608.55,48.36,1
1558,DECODE,288,0,288,1609.17,54.24,1
1559,DECODE,288,0,288,1610.17,42.35,1
1560,DECODE,288,0,288,1611.17,48.61,1
1561,DECODE,288,0,288,1612.17,44.88,1
1562,DECODE,287,0,287,1612.95,51.93,1
1563,DECODE,287,0,287,1613.95,41.33,1
1564,DECODE,285,0,285,1614.68,54.07,1
1565,DECODE,285,0,285,1615.68,35.34,1
1566,DECODE,284,0,284,1618.07,45.68,1
1567,DECODE,282,0,282,1619.76,38.21,1
1568,DECODE,282,0,282,1620.76,50.26,1
1569,DECODE,280,0,280,1623.33,40.28,1
1570,DECODE,279,0,279,1624.15,37.20,1
1571,DECODE,277,0,277,1626.12,65.89,1
1572,DECODE,277,0,277,1627.12,63.48,1
1573,DECODE,277,0,277,1628.12,35.48,1
1574,DECODE,276,0,276,1628.85,68.76,1
1575,DECODE,276,0,276,1629.85,48.81,1
1576,DECODE,276,0,276,1630.85,28.34,1
1577,DECODE,275,0,275,1632.94,18.37,1
1578,DECODE,273,0,273,1634.48,58.02,1
1579,DECODE,270,0,270,1636.30,72.91,1
1580,DECODE,269,0,269,1638.60,38.94,1
1581,DECODE,269,0,269,1639.60,38.44,1
1582,DECODE,269,0,269,1640.60,38.05,1
1583,DECODE,268,0,268,1641.36,43.55,1
1584,DECODE,268,0,268,1642.36,32.05,1
1585,DECODE,267,0,267,1642.49,39.62,1
1586,DECODE,265,0,265,1644.69,52.25,1
1587,DECODE,263,0,263,1645.32,46.53,1
1588,DECODE,263,0,263,1646.32,31.84,1
1589,DECODE,263,0,263,1647.32,37.72,1
1590,DECODE,262,0,262,1648.26,36.53,1
1591,DECODE,261,0,261,1649.03,48.43,1
1592,DECODE,260,0,260,1650.96,55.26,1
1593,DECODE,260,0,260,1651.96,34.60,1
1594,DECODE,260,0,260,1652.96,34.78,1
1595,DECODE,260,0,260,1653.96,35.50,1
1596,DECODE,258,0,258,1653.69,50.88,1
1597,DECODE,257,0,257,1654.50,25.96,1
1598,DECODE,256,0,256,1657.03,25.63,1
1599,DECODE,256,0,256,1658.03,19.96,1
1600,DECODE,256,0,256,1659.03,17.24,1
1601,DECODE,255,0,255,1659.75,25.57,1
1602,DECODE,254,0,254,1662.51,23.19,1
1603,DECODE,252,0,252,1667.10,31.80,1
1604,DECODE,252,0,252,1668.10,19.60,1
1605,DECODE,250,0,250,1671.05,21.65,1
1606,DECODE,248,0,248,1673.61,23.79,1
1607,DECODE,247,0,247,1676.13,21.35,1
1608,DECODE,246,0,246,1676.21,27.24,1
1609,DECODE,245,0,245,1677.27,32.01,1
1610,DECODE,244,0,244,1678.05,31.51,1
1611,DECODE,241,0,241,1677.00,30.15,1
1612,DECODE,240,0,240,1677.82,30.73,1
1613,DECODE,239,0,239,1678.85,32.92,1
1614,DECODE,239,0,239,1679.85,20.37,1
1615,DECODE,238,0,238,1680.82,18.45,1
1616,DECODE,237,0,237,1681.39,21.74,1
1617,DECODE,236,0,236,1682.22,27.06,1
1618,DECODE,233,0,233,1684.06,38.48,1
1619,DECODE,231,0,231,1688.01,39.34,1
1620,DECODE,229,0,229,1688.32,38.03,1
1621,DECODE,226,0,226,1687.17,34.79,1
1622,DECODE,223,0,223,1686.98,51.47,1
1623,DECODE,222,0,222,1688.09,24.62,1
1624,DECODE,220,0,220,1692.99,49.91,1
1625,DECODE,218,0,218,1692.80,34.46,1
1626,DECODE,218,0,218,1693.80,32.33,1
1627,DECODE,216,0,216,1694.77,27.39,1
1628,DECODE,216,0,216,1695.77,29.38,1
1629,DECODE,214,0,214,1697.93,27.63,1
1630,DECODE,214,0,214,1698.93,46.18,1
1631,DECODE,213,0,213,1699.07,56.48,1
1632,DECODE,212,0,212,1700.27,40.24,1
1633,DECODE,209,0,209,1700.49,45.34,1
1634,DECODE,207,0,207,1698.86,65.92,1
1635,DECODE,206,0,206,1699.17,51.01,1
1636,DECODE,206,0,206,1700.17,49.13,1
1637,DECODE,205,0,205,1703.55,50.02,1
1638,DECODE,203,0,203,1704.74,39.80,1
1639,DECODE,202,0,202,1704.57,49.89,1
1640,DECODE,200,0,200,1707.48,33.75,1
1641,DECODE,198,0,198,1707.41,48.46,1
1642,DECODE,197,0,197,1707.90,59.20,1
1643,DECODE,197,0,197,1708.90,29.65,1
1644,DECODE,197,0,197,1709.90,32.68,1
1645,DECODE,194,0,194,1710.56,50.59,1
1646,DECODE,193,0,193,1709.30,32.89,1
1647,DECODE,191,0,191,1711.51,57.05,1
1648,DECODE,190,0,190,1712.13,31.37,1
1649,DECODE,189,0,189,1714.43,26.08,1
1650,DECODE,189,0,189,1715.43,32.32,1
1651,DECODE,188,0,188,1718.34,46.44,1
1652,DECODE,187,0,187,1721.76,54.11,1
1653,DECODE,186,0,186,1725.17,31.91,1
1654,DECODE,184,0,184,1724.15,31.87,1
1655,DECODE,181,0,181,1731.45,47.27,1
1656,DECODE,179,0,179,1730.88,67.10,1
1657,DECODE,178,0,178,1730.26,19.96,1
1658,DECODE,178,0,178,1731.26,14.30,1
1659,DECODE,178,0,178,1732.26,36.29,1
1660,DECODE,177,0,177,1732.23,63.67,1
1661,DECODE,176,0,176,1732.41,29.04,1
1662,DECODE,175,0,175,1732.42,35.77,1
1663,DECODE,174,0,174,1735.79,25.42,1
1664,DECODE,174,0,174,1736.79,39.09,1
1665,DECODE,174,0,174,1737.79,53.20,1
1666,DECODE,173,0,173,1739.08,42.71,1
1667,DECODE,173,0,173,1740.08,56.76,1
1668,DECODE,171,0,171,1743.08,63.57,1
1669,DECODE,171,0,171,1744.08,32.24,1
1670,DECODE,170,0,170,1744.48,57.20,1
1671,DECODE,170,0,170,1745.48,40.56,1
1672,DECODE,169,0,169,1748.96,51.59,1
1673,DECODE,168,0,168,1752.18,18.21,1
1674,DECODE,166,0,166,1751.86,31.25,1
1675,DECODE,166,0,166,1752.86,28.57,1
1676,DECODE,165,0,165,1756.34,32.94,1
1677,DECODE,165,0,165,1757.34,25.51,1
1678,DECODE,165,0,165,1758.34,27.88,1
1679,DECODE,163,0,163,1764.20,33.20,1
1680,DECODE,163,0,163,1765.20,26.96,1
1681,DECODE,163,0,163,1766.20,20.92,1
1682,DECODE,163,0,163,1767.20,14.93,1
1683,DECODE,162,0,162,1767.67,16.93,1
1684,DECODE,162,0,162,1768.67,22.15,1
1685,DECODE,162,0,162,1769.67,13.34,1
1686,DECODE,161,0,161,1769.58,24.33,1
1687,DECODE,161,0,161,1770.58,28.04,1
1688,DECODE,160,0,160,1771.72,28.85,1
1689,DECODE,159,0,159,1772.01,32.71,1
1690,DECODE,156,0,156,1773.32,34.00,1
1691,DECODE,156,0,156,1774.32,18.05,1
1692,DECODE,156,0,156,1775.32,16.07,1
1693,DECODE,156,0,156,1776.32,21.09,1
1694,DECODE,155,0,155,1776.54,17.83,1
1695,DECODE,155,0,155,1777.54,23.72,1
1696,DECODE,154,0,154,1778.02,36.19,1
1697,DECODE,154,0,154,1779.02,27.77,1
1698,DECODE,154,0,154,1780.02,39.15,1
1699,DECODE,154,0,154,1781.02,19.35,1
1700,DECODE,152,0,152,1784.21,25.82,1
1701,DECODE,150,0,150,1788.09,26.49,1
1702,DECODE,150,0,150,1789.09,20.37,1
1703,DECODE,149,0,149,1789.28,40.25,1
1704,DECODE,148,0,148,1790.56,50.62,1
1705,DECODE,147,0,147,1790.73,52.65,1
1706,DECODE,146,0,146,1789.28,39.94,1
1707,DECODE,143,0,143,1789.85,52.33,1
1708,DECODE,141,0,141,1789.06,56.50,1
1709,DECODE,140,0,140,1789.75,26.50,1
1710,DECODE,139,0,139,1790.24,21.88,1
1711,DECODE,137,0,137,1797.02,21.40,1
1712,DECODE,133,0,133,1793.89,49.02,1
1713,DECODE,132,0,132,1793.73,22.73,1
1714,DECODE,132,0,132,1794.73,17.06,1
1715,DECODE,131,0,131,1795.21,36.98,1
1716,DECODE,131,0,131,1796.21,33.54,1
1717,DECODE,131,0,131,1797.21,30.88,1
1718,DECODE,130,0,130,1796.72,24.00,1
1719,DECODE,130,0,130,1797.72,21.00,1
1720,DECODE,130,0,130,1798.72,22.18,1
1721,DECODE,129,0,129,1798.26,25.56,1
1722,DECODE,127,0,127,1797.09,24.55,1
1723,DECODE,126,0,126,1797.38,19.57,1
1724,DECODE,126,0,126,1798.38,12.77,1
1725,DECODE,125,0,125,1798.01,16.91,1
1726,DECODE,123,0,123,1800.39,14.65,1
1727,DECODE,121,0,121,1800.69,32.79,1
1728,DECODE,121,0,121,1801.69,11.30,1
1729,DECODE,121,0,121,1802.69,13.23,1
1730,DECODE,119,0,119,1803.64,35.86,1
1731,DECODE,117,0,117,1807.29,8.75,1
1732,DECODE,115,0,115,1805.04,7.99,1
1733,DECODE,113,0,113,1802.03,21.93,1
1734,DECODE,113,0,113,1803.03,12.43,1
1735,DECODE,113,0,113,1804.03,10.95,1
1736,DECODE,113,0,113,1805.03,9.50,1
1737,DECODE,111,0,111,1807.54,18.74,1
1738,DECODE,111,0,111,1808.54,9.78,1
1739,DECODE,111,0,111,1809.54,12.08,1
1740,DECODE,110,0,110,1808.56,17.25,1
1741,DECODE,110,0,110,1809.56,8.77,1
1742,DECODE,109,0,109,1805.51,20.51,1
1743,DECODE,107,0,107,1806.08,11.55,1
1744,DECODE,106,0,106,1806.10,23.99,1
1745,DECODE,106,0,106,1807.10,36.63,1
1746,DECODE,105,0,105,1807.76,26.62,1
1747,DECODE,105,0,105,1808.76,10.63,1
1748,DECODE,105,0,105,1809.76,11.55,1
1749,DECODE,104,0,104,1810.52,14.46,1
1750,DECODE,104,0,104,1811.52,29.89,1
1751,DECODE,103,0,103,1811.04,21.13,1
1752,DECODE,102,0,102,1808.55,35.06,1
1753,DECODE,101,0,101,1807.98,10.31,1
1754,DECODE,101,0,101,1808.98,13.15,1
1755,DECODE,99,0,99,1806.07,37.36,1
1756,DECODE,97,0,97,1812.91,14.65,1
1757,DECODE,97,0,97,1813.91,19.80,1
1758,DECODE,97,0,97,1814.91,21.13,1
1759,DECODE,96,0,96,1813.07,43.71,1
1760,DECODE,95,0,95,1814.43,31.16,1
1761,DECODE,92,0,92,1820.62,31.21,1
1762,DECODE,92,0,92,1821.62,24.16,1
1763,DECODE,92,0,92,1822.62,14.16,1
1764,DECODE,91,0,91,1823.90,17.12,1
1765,DECODE,89,0,89,1821.33,16.66,1
1766,DECODE,87,0,87,1825.74,15.62,1
1767,DECODE,87,0,87,1826.74,16.28,1
1768,DECODE,85,0,85,1822.88,15.14,1
1769,DECODE,84,0,84,1828.76,20.69,1
1770,DECODE,84,0,84,1829.76,11.37,1
1771,DECODE,82,0,82,1830.46,13.19,1
1772,DECODE,80,0,80,1828.17,11.41,1
1773,DECODE,78,0,78,1827.37,17.14,1
1774,DECODE,77,0,77,1828.23,20.71,1
1775,DECODE,75,0,75,1833.67,20.67,1
1776,DECODE,74,0,74,1832.15,17.35,1
1777,DECODE,74,0,74,1833.15,9.13,1
1778,DECODE,74,0,74,1834.15,9.63,1
1779,DECODE,70,0,70,1827.93,16.74,1
1780,DECODE,68,0,68,1832.46,10.84,1
1781,DECODE,67,0,67,1839.36,13.55,1
1782,DECODE,66,0,66,1844.12,14.47,1
1783,DECODE,66,0,66,1845.12,9.84,1
1784,DECODE,65,0,65,1844.25,12.00,1
1785,DECODE,65,0,65,1845.25,9.55,1
1786,DECODE,64,0,64,1840.47,17.10,1
1787,DECODE,64,0,64,1841.47,9.04,1
1788,DECODE,64,0,64,1842.47,12.91,1
1789,DECODE,64,0,64,1843.47,6.25,1
1790,DECODE,64,0,64,1844.47,5.67,1
1791,DECODE,62,0,62,1832.15,15.55,1
1792,DECODE,61,0,61,1831.18,18.18,1
1793,DECODE,60,0,60,1836.72,9.31,1
1794,DECODE,59,0,59,1834.80,21.81,1
1795,DECODE,59,0,59,1835.80,9.09,1
1796,DECODE,59,0,59,1836.80,9.09,1
1797,DECODE,58,0,58,1832.03,25.08,1
1798,DECODE,58,0,58,1833.03,8.74,1
1799,DECODE,58,0,58,1834.03,9.45,1
1800,DECODE,58,0,58,1835.03,17.61,1
1801,DECODE,57,0,57,1837.96,13.72,1
1802,DECODE,57,0,57,1838.96,19.31,1
1803,DECODE,55,0,55,1838.15,22.35,1
1804,DECODE,55,0,55,1839.15,9.16,1
1805,DECODE,55,0,55,1840.15,21.20,1
1806,DECODE,55,0,55,1841.15,8.70,1
1807,DECODE,55,0,55,1842.15,33.09,1
1808,DECODE,54,0,54,1850.15,7.47,1
1809,DECODE,53,0,53,1858.34,30.01,1
1810,DECODE,53,0,53,1859.34,9.93,1
1811,DECODE,53,0,53,1860.34,5.88,1
1812,DECODE,53,0,53,1861.34,10.90,1
1813,DECODE,52,0,52,1854.87,25.01,1
1814,DECODE,51,0,51,1862.59,18.64,1
1815,DECODE,51,0,51,1863.59,11.97,1
1816,DECODE,51,0,51,1864.59,18.13,1
1817,DECODE,51,0,51,1865.59,9.50,1
1818,DECODE,51,0,51,1866.59,9.14,1
1819,DECODE,50,0,50,1866.82,34.20,1
1820,DECODE,50,0,50,1867.82,11.87,1
1821,DECODE,50,0,50,1868.82,9.18,1
1822,DECODE,49,0,49,1866.45,21.21,1
1823,DECODE,49,0,49,1867.45,8.29,1
1824,DECODE,48,0,48,1872.06,25.82,1
1825,DECODE,47,0,47,1881.49,17.25,1
1826,DECODE,47,0,47,1882.49,13.68,1
1827,DECODE,46,0,46,1879.39,32.17,1
1828,DECODE,46,0,46,1880.39,17.60,1
1829,DECODE,46,0,46,1881.39,9.93,1
1830,DECODE,46,0,46,1882.39,8.85,1
1831,DECODE,46,0,46,1883.39,22.55,1
1832,DECODE,46,0,46,1884.39,9.22,1
1833,DECODE,46,0,46,1885.39,20.97,1
1834,DECODE,46,0,46,1886.39,9.15,1
1835,DECODE,46,0,46,1887.39,22.04,1
1836,DECODE,46,0,46,1888.39,9.79,1
1837,DECODE,46,0,46,1889.39,21.34,1
1838,DECODE,46,0,46,1890.39,9.62,1
1839,DECODE,46,0,46,1891.39,6.50,1
1840,DECODE,46,0,46,1892.39,9.49,1
1841,DECODE,45,0,45,1901.96,13.93,1
1842,DECODE,45,0,45,1902.96,9.29,1
1843,DECODE,44,0,44,1901.82,8.67,1
1844,DECODE,42,0,42,1906.36,13.90,1
1845,DECODE,42,0,42,1907.36,8.96,1
1846,DECODE,41,0,41,1901.46,13.37,1
1847,DECODE,39,0,39,1905.33,22.06,1
1848,DECODE,38,0,38,1919.71,13.20,1
1849,DECODE,37,0,37,1930.43,13.32,1
1850,DECODE,37,0,37,1931.43,9.36,1
1851,DECODE,37,0,37,1932.43,5.76,1
1852,DECODE,37,0,37,1933.43,9.63,1
1853,DECODE,36,0,36,1922.53,25.82,1
1854,DECODE,36,0,36,1923.53,15.54,1
1855,DECODE,36,0,36,1924.53,6.21,1
1856,DECODE,36,0,36,1925.53,15.44,1
1857,DECODE,36,0,36,1926.53,9.00,1
1858,DECODE,36,0,36,1927.53,6.35,1
1859,DECODE,36,0,36,1928.53,8.85,1
1860,DECODE,35,0,35,1939.51,12.77,1
1861,DECODE,35,0,35,1940.51,9.67,1
1862,DECODE,34,0,34,1933.44,10.07,1
1863,DECODE,34,0,34,1934.44,8.59,1
1864,DECODE,34,0,34,1935.44,9.44,1
1865,DECODE,33,0,33,1934.00,12.35,1
1866,DECODE,33,0,33,1935.00,9.77,1
1867,DECODE,32,0,32,1950.62,21.94,1
1868,DECODE,32,0,32,1951.62,9.14,1
1869,DECODE,32,0,32,1952.62,11.90,1
1870,DECODE,31,0,31,1953.55,26.07,1
1871,DECODE,31,0,31,1954.55,12.49,1
1872,DECODE,31,0,31,1955.55,9.93,1
1873,DECODE,31,0,31,1956.55,5.21,1
1874,DECODE,31,0,31,1957.55,9.04,1
1875,DECODE,30,0,30,1960.77,13.39,1
1876,DECODE,29,0,29,1976.31,10.43,1
1877,DECODE,29,0,29,1977.31,11.89,1
1878,DECODE,29,0,29,1978.31,9.04,1
1879,DECODE,28,0,28,1971.96,6.90,1
1880,DECODE,27,0,27,1958.30,8.72,1
1881,DECODE,27,0,27,1959.30,5.94,1
1882,DECODE,27,0,27,1960.30,5.28,1
1883,DECODE,27,0,27,1961.30,6.36,1
1884,DECODE,27,0,27,1962.30,8.54,1
1885,DECODE,27,0,27,1963.30,9.94,1
1886,DECODE,27,0,27,1964.30,5.01,1
1887,DECODE,27,0,27,1965.30,7.20,1
1888,DECODE,27,0,27,1966.30,5.75,1
1889,DECODE,27,0,27,1967.30,6.28,1
1890,DECODE,27,0,27,1968.30,5.05,1
1891,DECODE,26,0,26,1979.73,6.17,1
1892,DECODE,26,0,26,1980.73,8.36,1
1893,DECODE,26,0,26,1981.73,9.47,1
1894,DECODE,26,0,26,1982.73,5.73,1
1895,DECODE,26,0,26,1983.73,9.23,1
1896,DECODE,26,0,26,1984.73,9.10,1
1897,DECODE,26,0,26,1985.73,8.82,1
1898,DECODE,26,0,26,1986.73,9.56,1
1899,DECODE,26,0,26,1987.73,8.07,1
1900,DECODE,26,0,26,1988.73,5.92,1
1901,DECODE,25,0,25,1988.40,16.27,1
1902,DECODE,25,0,25,1989.40,13.72,1
1903,DECODE,25,0,25,1990.40,8.14,1
1904,DECODE,25,0,25,1991.40,8.47,1
1905,DECODE,24,0,24,1990.29,17.42,1
1906,DECODE,24,0,24,1991.29,5.57,1
1907,DECODE,24,0,24,1992.29,5.06,1
1908,DECODE,23,0,23,2005.96,21.28,1
1909,DECODE,23,0,23,2006.96,5.43,1
1910,DECODE,23,0,23,2007.96,6.16,1
1911,DECODE,23,0,23,2008.96,21.07,1
1912,DECODE,23,0,23,2009.96,10.34,1
1913,DECODE,23,0,23,2010.96,9.45,1
1914,DECODE,23,0,23,2011.96,8.55,1
1915,DECODE,21,0,21,1997.48,28.15,1
1916,DECODE,21,0,21,1998.48,9.13,1
1917,DECODE,21,0,21,1999.48,5.98,1
1918,DECODE,21,0,21,2000.48,6.27,1
1919,DECODE,21,0,21,2001.48,5.24,1
1920,DECODE,21,0,21,2002.48,5.74,1
1921,DECODE,21,0,21,2003.48,5.52,1
1922,DECODE,20,0,20,1986.05,28.33,1
1923,DECODE,20,0,20,1987.05,24.59,1
1924,DECODE,20,0,20,1988.05,15.24,1
1925,DECODE,20,0,20,1989.05,9.07,1
1926,DECODE,20,0,20,1990.05,8.94,1
1927,DECODE,20,0,20,1991.05,9.03,1
1928,DECODE,20,0,20,1992.05,6.32,1
1929,DECODE,20,0,20,1993.05,5.24,1
1930,DECODE,20,0,20,1994.05,6.03,1
1931,DECODE,20,0,20,1995.05,7.81,1
1932,DECODE,20,0,20,1996.05,9.19,1
1933,DECODE,20,0,20,1997.05,5.85,1
1934,DECODE,20,0,20,1998.05,6.26,1
1935,DECODE,19,0,19,1979.84,37.25,1
1936,DECODE,19,0,19,1980.84,26.72,1
1937,DECODE,19,0,19,1981.84,32.39,1
1938,DECODE,19,0,19,1982.84,33.28,1
1939,DECODE,19,0,19,1983.84,24.14,1
1940,DECODE,18,0,18,2007.28,7.15,1
1941,DECODE,18,0,18,2008.28,23.85,1
1942,DECODE,18,0,18,2009.28,7.38,1
1943,DECODE,18,0,18,2010.28,23.75,1
1944,DECODE,18,0,18,2011.28,7.20,1
1945,DECODE,18,0,18,2012.28,20.78,1
1946,DECODE,18,0,18,2013.28,10.32,1
1947,DECODE,18,0,18,2014.28,20.81,1
1948,DECODE,18,0,18,2015.28,16.08,1
1949,DECODE,18,0,18,2016.28,17.31,1
1950,DECODE,18,0,18,2017.28,9.72,1
1951,DECODE,18,0,18,2018.28,20.58,1
1952,DECODE,18,0,18,2019.28,10.74,1
1953,DECODE,18,0,18,2020.28,20.83,1
1954,DECODE,18,0,18,2021.28,13.00,1
1955,DECODE,18,0,18,2022.28,17.72,1
1956,DECODE,18,0,18,2023.28,10.77,1
1957,DECODE,18,0,18,2024.28,14.02,1
1958,DECODE,18,0,18,2025.28,14.76,1
1959,DECODE,18,0,18,2026.28,17.48,1
1960,DECODE,18,0,18,2027.28,13.77,1
1961,DECODE,18,0,18,2028.28,10.68,1
1962,DECODE,18,0,18,2029.28,14.07,1
1963,DECODE,18,0,18,2030.28,6.14,1
1964,DECODE,18,0,18,2031.28,10.42,1
1965,DECODE,18,0,18,2032.28,14.28,1
1966,DECODE,18,0,18,2033.28,12.64,1
1967,DECODE,18,0,18,2034.28,29.31,1
1968,DECODE,18,0,18,2035.28,25.16,1
1969,DECODE,18,0,18,2036.28,7.84,1
1970,DECODE,18,0,18,2037.28,24.64,1
1971,DECODE,18,0,18,2038.28,5.74,1
1972,DECODE,18,0,18,2039.28,5.73,1
1973,DECODE,18,0,18,2040.28,9.00,1
1974,DECODE,18,0,18,2041.28,12.59,1
1975,DECODE,18,0,18,2042.28,24.60,1
1976,DECODE,18,0,18,2043.28,8.05,1
1977,DECODE,17,0,17,2025.35,31.90,1
1978,DECODE,17,0,17,2026.35,7.12,1
1979,DECODE,16,0,16,2044.62,24.48,1
1980,DECODE,16,0,16,2045.62,13.86,1
1981,DECODE,16,0,16,2046.62,9.46,1
1982,DECODE,16,0,16,2047.62,5.21,1
1983,DECODE,16,0,16,2048.62,9.01,1
1984,DECODE,16,0,16,2049.62,5.15,1
1985,DECODE,16,0,16,2050.62,9.17,1
1986,DECODE,16,0,16,2051.62,5.33,1
1987,DECODE,15,0,15,2034.67,30.87,1
1988,DECODE,15,0,15,2035.67,17.57,1
1989,DECODE,15,0,15,2036.67,9.76,1
1990,DECODE,15,0,15,2037.67,18.06,1
1991,DECODE,14,0,14,2075.21,13.71,1
1992,DECODE,14,0,14,2076.21,18.22,1
1993,DECODE,14,0,14,2077.21,12.55,1
1994,DECODE,14,0,14,2078.21,14.63,1
1995,DECODE,14,0,14,2079.21,17.21,1
1996,DECODE,14,0,14,2080.21,18.21,1
1997,DECODE,14,0,14,2081.21,13.04,1
1998,DECODE,14,0,14,2082.21,14.60,1
1999,DECODE,14,0,14,2083.21,5.82,1
2000,DECODE,14,0,14,2084.21,5.63,1
2001,DECODE,14,0,14,2085.21,18.58,1
2002,DECODE,13,0,13,2083.54,13.76,1
2003,DECODE,12,0,12,2074.08,18.90,1
2004,DECODE,12,0,12,2075.08,10.28,1
2005,DECODE,10,0,10,2040.50,10.86,1
2006,DECODE,10,0,10,2041.50,17.54,1
2007,DECODE,10,0,10,2042.50,14.62,1
2008,DECODE,10,0,10,2043.50,16.32,1
2009,DECODE,10,0,10,2044.50,17.94,1
2010,DECODE,10,0,10,2045.50,13.86,1
2011,DECODE,10,0,10,2046.50,21.21,1
2012,DECODE,10,0,10,2047.50,9.42,1
2013,DECODE,10,0,10,2048.50,10.43,1
2014,DECODE,10,0,10,2049.50,19.93,1
2015,DECODE,10,0,10,2050.50,17.19,1
2016,DECODE,10,0,10,2051.50,13.51,1
2017,DECODE,10,0,10,2052.50,17.22,1
2018,DECODE,9,0,9,2019.44,14.43,1
2019,DECODE,9,0,9,2020.44,17.11,1
2020,DECODE,9,0,9,2021.44,13.36,1
2021,DECODE,9,0,9,2022.44,17.45,1
2022,DECODE,9,0,9,2023.44,13.31,1
2023,DECODE,9,0,9,2024.44,17.24,1
2024,DECODE,9,0,9,2025.44,13.64,1
2025,DECODE,8,0,8,2009.38,21.16,1
2026,DECODE,8,0,8,2010.38,8.45,1
2027,DECODE,8,0,8,2011.38,15.52,1
2028,DECODE,8,0,8,2012.38,4.79,1
2029,DECODE,8,0,8,2013.38,5.01,1
2030,DECODE,7,0,7,1964.14,10.42,1
2031,DECODE,7,0,7,1965.14,5.70,1
2032,DECODE,7,0,7,1966.14,15.47,1
2033,DECODE,7,0,7,1967.14,7.16,1
2034,DECODE,7,0,7,1968.14,2.41,1
2035,DECODE,7,0,7,1969.14,2.36,1
2036,DECODE,7,0,7,1970.14,2.45,1
2037,DECODE,7,0,7,1971.14,4.79,1
2038,DECODE,7,0,7,1972.14,5.00,1
2039,DECODE,7,0,7,1973.14,7.26,1
2040,DECODE,7,0,7,1974.14,13.96,1
2041,DECODE,7,0,7,1975.14,7.28,1
2042,DECODE,7,0,7,1976.14,10.44,1
2043,DECODE,7,0,7,1977.14,10.47,1
2044,DECODE,7,0,7,1978.14,9.10,1
2045,DECODE,7,0,7,1979.14,10.53,1
2046,DECODE,7,0,7,1980.14,5.75,1
2047,DECODE,7,0,7,1981.14,5.11,1
2048,DECODE,7,0,7,1982.14,5.50,1
2049,DECODE,7,0,7,1983.14,14.22,1
2050,DECODE,6,0,6,2026.67,5.04,1
2051,DECODE,6,0,6,2027.67,5.55,1
2052,DECODE,6,0,6,2028.67,2.08,1
2053,DECODE,6,0,6,2029.67,24.14,1
2054,DECODE,6,0,6,2030.67,4.94,1
2055,DECODE,6,0,6,2031.67,5.42,1
2056,DECODE,6,0,6,2032.67,4.91,1
2057,DECODE,6,0,6,2033.67,4.40,1
2058,DECODE,6,0,6,2034.67,5.18,1
2059,DECODE,5,0,5,1998.20,5.22,1
2060,DECODE,5,0,5,1999.20,5.48,1
2061,DECODE,5,0,5,2000.20,4.95,1
2062,DECODE,5,0,5,2001.20,4.79,1
2063,DECODE,5,0,5,2002.20,2.44,1
2064,DECODE,5,0,5,2003.20,5.11,1
2065,DECODE,5,0,5,2004.20,2.88,1
2066,DECODE,5,0,5,2005.20,5.08,1
2067,DECODE,5,0,5,2006.20,1.98,1
2068,DECODE,5,0,5,2007.20,2.11,1
2069,DECODE,5,0,5,2008.20,1.97,1
2070,DECODE,5,0,5,2009.20,2.16,1
2071,DECODE,5,0,5,2010.20,5.21,1
2072,DECODE,5,0,5,2011.20,2.24,1
2073,DECODE,5,0,5,2012.20,2.43,1
2074,DECODE,5,0,5,2013.20,1.99,1
2075,DECODE,5,0,5,2014.20,4.40,1
2076,DECODE,5,0,5,2015.20,2.26,1
2077,DECODE,5,0,5,2016.20,1.97,1
2078,DECODE,5,0,5,2017.20,13.29,1
2079,DECODE,5,0,5,2018.20,5.42,1
2080,DECODE,5,0,5,2019.20,4.61,1
2081,DECODE,5,0,5,2020.20,2.12,1
2082,DECODE,5,0,5,2021.20,1.96,1
2083,DECODE,5,0,5,2022.20,2.15,1
2084,DECODE,5,0,5,2023.20,4.36,1
2085,DECODE,5,0,5,2024.20,2.33,1
2086,DECODE,5,0,5,2025.20,1.96,1
2087,DECODE,5,0,5,2026.20,4.86,1
2088,DECODE,5,0,5,2027.20,2.04,1
2089,DECODE,5,0,5,2028.20,2.02,1
2090,DECODE,5,0,5,2029.20,2.02,1
2091,DECODE,5,0,5,2030.20,4.29,1
2092,DECODE,5,0,5,2031.20,2.20,1
2093,DECODE,5,0,5,2032.20,2.30,1
2094,DECODE,5,0,5,2033.20,1.97,1
2095,DECODE,5,0,5,2034.20,2.13,1
2096,DECODE,5,0,5,2035.20,4.20,1
2097,DECODE,5,0,5,2036.20,2.19,1
2098,DECODE,5,0,5,2037.20,1.99,1
2099,DECODE,5,0,5,2038.20,2.18,1
2100,DECODE,5,0,5,2039.20,1.99,1
2101,DECODE,5,0,5,2040.20,2.30,1
2102,DECODE,5,0,5,2041.20,4.03,1
2103,DECODE,5,0,5,2042.20,2.37,1
2104,DECODE,5,0,5,2043.20,1.99,1
2105,DECODE,5,0,5,2044.20,2.15,1
2106,DECODE,5,0,5,2045.20,1.96,1
2107,DECODE,5,0,5,2046.20,2.15,1
2108,DECODE,5,0,5,2047.20,4.39,1
2109,DECODE,5,0,5,2048.20,2.23,1
2110,DECODE,5,0,5,2049.20,1.98,1
2111,DECODE,5,0,5,2050.20,2.09,1
2112,DECODE,5,0,5,2051.20,2.06,1
2113,DECODE,5,0,5,2052.20,4.00,1
2114,DECODE,5,0,5,2053.20,2.31,1
2115,DECODE,5,0,5,2054.20,1.94,1
2116,DECODE,5,0,5,2055.20,2.18,1
2117,DECODE,5,0,5,2056.20,2.26,1
2118,DECODE,5,0,5,2057.20,2.03,1
2119,DECODE,4,0,4,1981.50,5.37,1
2120,DECODE,4,0,4,1982.50,1.94,1
2121,DECODE,4,0,4,1983.50,2.03,1
2122,DECODE,4,0,4,1984.50,2.03,1
2123,DECODE,4,0,4,1985.50,5.25,1
2124,DECODE,4,0,4,1986.50,2.14,1
2125,DECODE,4,0,4,1987.50,1.93,1
2126,DECODE,4,0,4,1988.50,2.13,1
2127,DECODE,4,0,4,1989.50,1.99,1
2128,DECODE,4,0,4,1990.50,2.04,1
2129,DECODE,4,0,4,1991.50,2.08,1
2130,DECODE,4,0,4,1992.50,1.98,1
2131,DECODE,4,0,4,1993.50,5.04,1
2132,DECODE,4,0,4,1994.50,2.17,1
2133,DECODE,4,0,4,1995.50,1.92,1
2134,DECODE,4,0,4,1996.50,2.12,1
2135,DECODE,4,0,4,1997.50,1.97,1
2136,DECODE,4,0,4,1998.50,2.08,1
2137,DECODE,4,0,4,1999.50,1.98,1
2138,DECODE,4,0,4,2000.50,2.11,1
2139,DECODE,4,0,4,2001.50,5.07,1
2140,DECODE,4,0,4,2002.50,2.29,1
2141,DECODE,4,0,4,2003.50,1.93,1
2142,DECODE,4,0,4,2004.50,4.96,1
2143,DECODE,4,0,4,2005.50,1.98,1
2144,DECODE,4,0,4,2006.50,2.00,1
2145,DECODE,3,0,3,1889.33,4.78,1
2146,DECODE,3,0,3,1890.33,1.90,1
2147,DECODE,3,0,3,1891.33,1.94,1
2148,DECODE,3,0,3,1892.33,2.32,1
2149,DECODE,3,0,3,1893.33,1.91,1
2150,DECODE,3,0,3,1894.33,2.09,1
2151,DECODE,3,0,3,1895.33,1.92,1
2152,DECODE,3,0,3,1896.33,2.00,1
2153,DECODE,3,0,3,1897.33,1.93,1
2154,DECODE,3,0,3,1898.33,1.91,1
2155,DECODE,3,0,3,1899.33,1.99,1
2156,DECODE,3,0,3,1900.33,2.10,1
2157,DECODE,3,0,3,1901.33,1.99,1
2158,DECODE,3,0,3,1902.33,1.92,1
2159,DECODE,3,0,3,1903.33,2.10,1
2160,DECODE,3,0,3,1904.33,1.93,1
2161,DECODE,3,0,3,1905.33,1.97,1
2162,DECODE,3,0,3,1906.33,1.90,1
2163,DECODE,3,0,3,1907.33,4.36,1
2164,DECODE,3,0,3,1908.33,2.33,1
2165,DECODE,3,0,3,1909.33,4.10,1
2166,DECODE,3,0,3,1910.33,2.23,1
2167,DECODE,3,0,3,1911.33,1.90,1
2168,DECODE,3,0,3,1912.33,2.04,1
2169,DECODE,3,0,3,1913.33,1.95,1
2170,DECODE,3,0,3,1914.33,2.01,1
2171,DECODE,3,0,3,1915.33,4.41,1
2172,DECODE,3,0,3,1916.33,2.06,1
2173,DECODE,3,0,3,1917.33,2.31,1
2174,DECODE,3,0,3,1918.33,1.90,1
2175,DECODE,3,0,3,1919.33,2.01,1
2176,DECODE,3,0,3,1920.33,1.99,1
2177,DECODE,3,0,3,1921.33,1.94,1
2178,DECODE,3,0,3,1922.33,1.90,1
2179,DECODE,3,0,3,1923.33,1.95,1
2180,DECODE,3,0,3,1924.33,1.95,1
2181,DECODE,3,0,3,1925.33,2.38,1
2182,DECODE,3,0,3,1926.33,5.76,1
2183,DECODE,3,0,3,1927.33,1.91,1
2184,DECODE,3,0,3,1928.33,2.08,1
2185,DECODE,3,0,3,1929.33,1.91,1
2186,DECODE,3,0,3,1930.33,1.93,1
2187,DECODE,3,0,3,1931.33,1.90,1
2188,DECODE,3,0,3,1932.33,1.93,1
2189,DECODE,3,0,3,1933.33,1.97,1
2190,DECODE,3,0,3,1934.33,2.45,1
2191,DECODE,3,0,3,1935.33,1.93,1
2192,DECODE,3,0,3,1936.33,2.01,1
2193,DECODE,3,0,3,1937.33,5.03,1
2194,DECODE,3,0,3,1938.33,4.30,1
2195,DECODE,3,0,3,1939.33,2.47,1
2196,DECODE,3,0,3,1940.33,2.00,1
2197,DECODE,3,0,3,1941.33,5.12,1
2198,DECODE,3,0,3,1942.33,4.58,1
2199,DECODE,3,0,3,1943.33,5.02,1
2200,DECODE,3,0,3,1944.33,4.93,1
2201,DECODE,3,0,3,1945.33,4.89,1
2202,DECODE,3,0,3,1946.33,5.02,1
2203,DECODE,3,0,3,1947.33,4.61,1
2204,DECODE,3,0,3,1948.33,8.09,1
2205,DECODE,3,0,3,1949.33,4.98,1
2206,DECODE,3,0,3,1950.33,4.38,1
2207,DECODE,3,0,3,1951.33,14.62,1
2208,DECODE,3,0,3,1952.33,16.46,1
2209,DECODE,3,0,3,1953.33,18.25,1
2210,DECODE,3,0,3,1954.33,13.87,1
2211,DECODE,3,0,3,1955.33,15.02,1
2212,DECODE,3,0,3,1956.33,14.47,1
2213,DECODE,3,0,3,1957.33,5.70,1
2214,DECODE,3,0,3,1958.33,5.12,1
2215,DECODE,3,0,3,1959.33,5.54,1
2216,DECODE,3,0,3,1960.33,5.27,1
2217,DECODE,3,0,3,1961.33,5.44,1
2218,DECODE,3,0,3,1962.33,14.68,1
2219,DECODE,3,0,3,1963.33,16.60,1
2220,DECODE,3,0,3,1964.33,5.77,1
2221,DECODE,3,0,3,1965.33,5.10,1
2222,DECODE,3,0,3,1966.33,5.75,1
2223,DECODE,3,0,3,1967.33,5.03,1
2224,DECODE,3,0,3,1968.33,6.66,1
2225,DECODE,3,0,3,1969.33,13.81,1
2226,DECODE,3,0,3,1970.33,17.06,1
2227,DECODE,3,0,3,1971.33,28.18,1
2228,DECODE,3,0,3,1972.33,5.59,1
2229,DECODE,3,0,3,1973.33,18.30,1
2230,DECODE,3,0,3,1974.33,10.90,1
2231,DECODE,3,0,3,1975.33,15.03,1
2232,DECODE,3,0,3,1976.33,14.42,1
2233,DECODE,3,0,3,1977.33,14.85,1
2234,DECODE,3,0,3,1978.33,14.78,1
2235,DECODE,3,0,3,1979.33,18.44,1
2236,DECODE,3,0,3,1980.33,13.57,1
2237,DECODE,3,0,3,1981.33,15.00,1
2238,DECODE,3,0,3,1982.33,14.59,1
2239,DECODE,3,0,3,1983.33,14.92,1
2240,DECODE,3,0,3,1984.33,14.74,1
2241,DECODE,3,0,3,1985.33,15.01,1
2242,DECODE,3,0,3,1986.33,14.99,1
2243,DECODE,3,0,3,1987.33,18.18,1
2244,DECODE,3,0,3,1988.33,14.22,1
2245,DECODE,3,0,3,1989.33,18.85,1
2246,DECODE,3,0,3,1990.33,5.73,1
2247,DECODE,3,0,3,1991.33,5.09,1
2248,DECODE,3,0,3,1992.33,15.08,1
2249,DECODE,3,0,3,1993.33,14.66,1
2250,DECODE,3,0,3,1994.33,20.86,1
2251,DECODE,3,0,3,1995.33,10.13,1
2252,DECODE,3,0,3,1996.33,18.69,1
2253,DECODE,3,0,3,1997.33,13.00,1
2254,DECODE,3,0,3,1998.33,15.03,1
2255,DECODE,3,0,3,1999.33,14.93,1
2256,DECODE,3,0,3,2000.33,14.66,1
2257,DECODE,3,0,3,2001.33,17.58,1
2258,DECODE,3,0,3,2002.33,28.46,1
2259,DECODE,3,0,3,2003.33,6.26,1
2260,DECODE,3,0,3,2004.33,15.19,1
2261,DECODE,3,0,3,2005.33,10.58,1
2262,DECODE,3,0,3,2006.33,18.77,1
2263,DECODE,3,0,3,2007.33,5.76,1
2264,DECODE,3,0,3,2008.33,4.74,1
2265,DECODE,3,0,3,2009.33,14.75,1
2266,DECODE,3,0,3,2010.33,16.48,1
2267,DECODE,3,0,3,2011.33,5.71,1
2268,DECODE,3,0,3,2012.33,5.27,1
2269,DECODE,3,0,3,2013.33,5.26,1
2270,DECODE,3,0,3,2014.33,5.66,1
2271,DECODE,3,0,3,2015.33,5.90,1
2272,DECODE,3,0,3,2016.33,18.58,1
2273,DECODE,3,0,3,2017.33,10.89,1
2274,DECODE,3,0,3,2018.33,18.48,1
2275,DECODE,3,0,3,2019.33,11.05,1
2276,DECODE,3,0,3,2020.33,17.33,1
2277,DECODE,3,0,3,2021.33,14.84,1
2278,DECODE,3,0,3,2022.33,18.79,1
2279,DECODE,3,0,3,2023.33,5.66,1
2280,DECODE,3,0,3,2024.33,5.39,1
2281,DECODE,3,0,3,2025.33,18.84,1
2282,DECODE,3,0,3,2026.33,23.75,1
2283,DECODE,3,0,3,2027.33,20.93,1
2284,DECODE,3,0,3,2028.33,5.85,1
2285,DECODE,3,0,3,2029.33,5.07,1
2286,DECODE,3,0,3,2030.33,5.85,1
2287,DECODE,3,0,3,2031.33,4.92,1
2288,DECODE,3,0,3,2032.33,6.08,1
2289,DECODE,3,0,3,2033.33,18.41,1
2290,DECODE,3,0,3,2034.33,10.66,1
2291,DECODE,3,0,3,2035.33,14.87,1
2292,DECODE,3,0,3,2036.33,11.37,1
2293,DECODE,3,0,3,2037.33,15.28,1
2294,DECODE,3,0,3,2038.33,11.10,1
2295,DECODE,3,0,3,2039.33,10.43,1
2296,DECODE,3,0,3,2040.33,21.90,1
2297,DECODE,3,0,3,2041.33,10.71,1
2298,DECODE,3,0,3,2042.33,5.32,1
2299,DECODE,2,0,2,2071.00,5.27,1
2300,DECODE,2,0,2,2072.00,4.68,1
2301,DECODE,2,0,2,2073.00,4.91,1
2302,DECODE,2,0,2,2074.00,4.84,1
2303,DECODE,2,0,2,2075.00,5.13,1
2304,DECODE,2,0,2,2076.00,4.56,1
2305,DECODE,2,0,2,2077.00,14.30,1
2306,DECODE,2,0,2,2078.00,4.96,1
2307,DECODE,2,0,2,2079.00,14.97,1
2308,DECODE,2,0,2,2080.00,11.43,1
2309,DECODE,2,0,2,2081.00,5.60,1
2310,DECODE,2,0,2,2082.00,2.31,1
2311,DECODE,2,0,2,2083.00,14.89,1
2312,DECODE,2,0,2,2084.00,12.75,1
2313,DECODE,2,0,2,2085.00,15.12,1
2314,DECODE,2,0,2,2086.00,14.77,1
2315,DECODE,2,0,2,2087.00,14.87,1
2316,DECODE,2,0,2,2088.00,15.20,1
2317,DECODE,2,0,2,2089.00,15.11,1
2318,DECODE,2,0,2,2090.00,10.75,1
2319,DECODE,2,0,2,2091.00,6.61,1
2320,DECODE,2,0,2,2092.00,14.31,1
2321,DECODE,2,0,2,2093.00,5.80,1
2322,DECODE,2,0,2,2094.00,4.83,1
2323,DECODE,2,0,2,2095.00,4.93,1
2324,DECODE,2,0,2,2096.00,4.81,1
2325,DECODE,2,0,2,2097.00,5.17,1
2326,DECODE,2,0,2,2098.00,3.80,1
2327,DECODE,2,0,2,2099.00,9.56,1
2328,DECODE,2,0,2,2100.00,5.36,1
2329,DECODE,2,0,2,2101.00,4.71,1
2330,DECODE,2,0,2,2102.00,11.17,1
2331,DECODE,2,0,2,2103.00,5.08,1
2332,DECODE,2,0,2,2104.00,5.24,1
2333,DECODE,2,0,2,2105.00,5.81,1
2334,DECODE,2,0,2,2106.00,5.05,1
2335,DECODE,2,0,2,2107.00,5.04,1
2336,DECODE,2,0,2,2108.00,3.96,1
2337,DECODE,2,0,2,2109.00,5.64,1
2338,DECODE,2,0,2,2110.00,2.29,1
2339,DECODE,2,0,2,2111.00,2.36,1
2340,DECODE,2,0,2,2112.00,3.99,1
2341,DECODE,2,0,2,2113.00,5.80,1
2342,DECODE,2,0,2,2114.00,2.28,1
2343,DECODE,2,0,2,2115.00,5.25,1
2344,DECODE,2,0,2,2116.00,3.91,1
2345,DECODE,2,0,2,2117.00,4.89,1
2346,DECODE,2,0,2,2118.00,5.69,1
2347,DECODE,2,0,2,2119.00,5.23,1
2348,DECODE,2,0,2,2120.00,5.76,1
2349,DECODE,2,0,2,2121.00,5.26,1
2350,DECODE,2,0,2,2122.00,3.92,1
2351,DECODE,2,0,2,2123.00,4.96,1
2352,DECODE,2,0,2,2124.00,4.87,1
2353,DECODE,2,0,2,2125.00,5.13,1
2354,DECODE,2,0,2,2126.00,5.21,1
2355,DECODE,2,0,2,2127.00,4.65,1
2356,DECODE,2,0,2,2128.00,5.67,1
2357,DECODE,2,0,2,2129.00,4.87,1
2358,DECODE,2,0,2,2130.00,5.39,1
2359,DECODE,2,0,2,2131.00,4.54,1
2360,DECODE,2,0,2,2132.00,4.87,1
2361,DECODE,2,0,2,2133.00,4.88,1
2362,DECODE,2,0,2,2134.00,4.81,1
2363,DECODE,2,0,2,2135.00,5.49,1
2364,DECODE,2,0,2,2136.00,4.46,1
2365,DECODE,2,0,2,2137.00,5.26,1
2366,DECODE,2,0,2,2138.00,4.60,1
2367,DECODE,2,0,2,2139.00,5.22,1
2368,DECODE,2,0,2,2140.00,5.41,1
2369,DECODE,2,0,2,2141.00,7.48,1
2370,DECODE,2,0,2,2142.00,5.55,1
2371,DECODE,2,0,2,2143.00,24.05,1
2372,DECODE,2,0,2,2144.00,5.70,1
2373,DECODE,2,0,2,2145.00,4.87,1
2374,DECODE,2,0,2,2146.00,5.40,1
2375,DECODE,2,0,2,2147.00,5.24,1
2376,DECODE,2,0,2,2148.00,4.25,1
2377,DECODE,2,0,2,2149.00,5.73,1
2378,DECODE,2,0,2,2150.00,5.43,1
2379,DECODE,2,0,2,2151.00,5.47,1
2380,DECODE,2,0,2,2152.00,12.03,1
2381,DECODE,2,0,2,2153.00,14.62,1
2382,DECODE,2,0,2,2154.00,24.72,1
2383,DECODE,2,0,2,2155.00,31.11,1
2384,DECODE,2,0,2,2156.00,17.62,1
2385,DECODE,2,0,2,2157.00,14.65,1
2386,DECODE,2,0,2,2158.00,25.90,1
2387,DECODE,2,0,2,2159.00,19.12,1
2388,DECODE,2,0,2,2160.00,17.70,1
2389,DECODE,2,0,2,2161.00,22.71,1
2390,DECODE,2,0,2,2162.00,8.39,1
2391,DECODE,2,0,2,2163.00,7.45,1
2392,DECODE,2,0,2,2164.00,15.50,1
2393,DECODE,2,0,2,2165.00,7.62,1
2394,DECODE,2,0,2,2166.00,8.84,1
2395,DECODE,2,0,2,2167.00,13.09,1
2396,DECODE,2,0,2,2168.00,5.73,1
2397,DECODE,2,0,2,2169.00,4.39,1
2398,DECODE,2,0,2,2170.00,8.72,1
2399,DECODE,2,0,2,2171.00,16.12,1
2400,DECODE,2,0,2,2172.00,4.94,1
2401,DECODE,2,0,2,2173.00,4.82,1
2402,DECODE,2,0,2,2174.00,4.88,1
2403,DECODE,2,0,2,2175.00,4.83,1
2404,DECODE,2,0,2,2176.00,7.32,1
2405,DECODE,2,0,2,2177.00,4.93,1
2406,DECODE,2,0,2,2178.00,4.72,1
2407,DECODE,2,0,2,2179.00,4.73,1
2408,DECODE,2,0,2,2180.00,4.92,1
2409,DECODE,2,0,2,2181.00,7.73,1
2410,DECODE,2,0,2,2182.00,4.94,1
2411,DECODE,2,0,2,2183.00,5.01,1
2412,DECODE,2,0,2,2184.00,4.92,1
2413,DECODE,2,0,2,2185.00,4.98,1
2414,DECODE,2,0,2,2186.00,5.10,1
2415,DECODE,2,0,2,2187.00,4.68,1
2416,DECODE,2,0,2,2188.00,4.87,1
2417,DECODE,2,0,2,2189.00,4.90,1
2418,DECODE,2,0,2,2190.00,4.76,1
2419,DECODE,2,0,2,2191.00,5.61,1
2420,DECODE,2,0,2,2192.00,4.41,1
2421,DECODE,2,0,2,2193.00,5.12,1
2422,DECODE,2,0,2,2194.00,4.67,1
2423,DECODE,2,0,2,2195.00,4.94,1
2424,DECODE,2,0,2,2196.00,5.29,1
2425,DECODE,2,0,2,2197.00,4.96,1
2426,DECODE,2,0,2,2198.00,4.80,1
2427,DECODE,2,0,2,2199.00,4.84,1
2428,DECODE,2,0,2,2200.00,4.74,1
2429,DECODE,2,0,2,2201.00,5.53,1
2430,DECODE,2,0,2,2202.00,4.85,1
2431,DECODE,2,0,2,2203.00,5.01,1
2432,DECODE,2,0,2,2204.00,4.96,1
2433,DECODE,2,0,2,2205.00,4.85,1
2434,DECODE,2,0,2,2206.00,5.53,1
2435,DECODE,2,0,2,2207.00,4.34,1
2436,DECODE,2,0,2,2208.00,5.15,1
2437,DECODE,2,0,2,2209.00,4.76,1
2438,DECODE,2,0,2,2210.00,4.83,1
2439,DECODE,2,0,2,2211.00,5.43,1
2440,DECODE,2,0,2,2212.00,4.78,1
2441,DECODE,2,0,2,2213.00,4.99,1
2442,DECODE,2,0,2,2214.00,4.92,1
2443,DECODE,2,0,2,2215.00,4.96,1
2444,DECODE,2,0,2,2216.00,5.34,1
2445,DECODE,2,0,2,2217.00,4.39,1
2446,DECODE,2,0,2,2218.00,5.19,1
2447,DECODE,2,0,2,2219.00,4.59,1
2448,DECODE,2,0,2,2220.00,4.93,1
2449,DECODE,2,0,2,2221.00,5.19,1
2450,DECODE,2,0,2,2222.00,4.55,1
2451,DECODE,2,0,2,2223.00,5.08,1
2452,DECODE,2,0,2,2224.00,4.66,1
2453,DECODE,2,0,2,2225.00,5.08,1
2454,DECODE,2,0,2,2226.00,5.10,1
2455,DECODE,2,0,2,2227.00,4.66,1
2456,DECODE,2,0,2,2228.00,5.04,1
2457,DECODE,2,0,2,2229.00,4.87,1
2458,DECODE,2,0,2,2230.00,4.85,1
2459,DECODE,2,0,2,2231.00,5.31,1
2460,DECODE,2,0,2,2232.00,4.64,1
2461,DECODE,2,0,2,2233.00,5.08,1
2462,DECODE,2,0,2,2234.00,4.71,1
2463,DECODE,2,0,2,2235.00,5.04,1
2464,DECODE,2,0,2,2236.00,4.99,1
2465,DECODE,2,0,2,2237.00,4.73,1
2466,DECODE,2,0,2,2238.00,4.87,1
2467,DECODE,2,0,2,2239.00,4.81,1
2468,DECODE,2,0,2,2240.00,4.73,1
2469,DECODE,2,0,2,2241.00,8.05,1
2470,DECODE,2,0,2,2242.00,4.54,1
2471,DECODE,2,0,2,2243.00,5.15,1
2472,DECODE,2,0,2,2244.00,4.61,1
2473,DECODE,2,0,2,2245.00,5.13,1
2474,DECODE,2,0,2,2246.00,5.02,1
2475,DECODE,2,0,2,2247.00,4.77,1
2476,DECODE,2,0,2,2248.00,4.79,1
2477,DECODE,2,0,2,2249.00,4.92,1
2478,DECODE,2,0,2,2250.00,4.70,1
2479,DECODE,2,0,2,2251.00,5.28,1
2480,DECODE,2,0,2,2252.00,5.01,1
2481,DECODE,2,0,2,2253.00,4.84,1
2482,DECODE,2,0,2,2254.00,4.68,1
2483,DECODE,2,0,2,2255.00,13.20,1
2484,DECODE,2,0,2,2256.00,8.81,1
2485,DECODE,2,0,2,2257.00,4.77,1
2486,DECODE,2,0,2,2258.00,4.77,1
2487,DECODE,2,0,2,2259.00,4.86,1
2488,DECODE,2,0,2,2260.00,4.35,1
2489,DECODE,2,0,2,2261.00,5.12,1
2490,DECODE,2,0,2,2262.00,4.38,1
2491,DECODE,2,0,2,2263.00,5.18,1
2492,DECODE,2,0,2,2264.00,4.48,1
2493,DECODE,2,0,2,2265.00,5.47,1
2494,DECODE,2,0,2,2266.00,4.60,1
2495,DECODE,2,0,2,2267.00,5.11,1
2496,DECODE,2,0,2,2268.00,4.74,1
2497,DECODE,2,0,2,2269.00,4.94,1
2498,DECODE,2,0,2,2270.00,5.16,1
2499,DECODE,2,0,2,2271.00,2.48,1
2500,DECODE,2,0,2,2272.00,2.27,1
2501,DECODE,2,0,2,2273.00,4.56,1
2502,DECODE,2,0,2,2274.00,5.19,1
2503,DECODE,2,0,2,2275.00,4.82,1
2504,DECODE,2,0,2,2276.00,4.88,1
2505,DECODE,2,0,2,2277.00,4.74,1
2506,DECODE,2,0,2,2278.00,4.75,1
2507,DECODE,2,0,2,2279.00,4.85,1
2508,DECODE,2,0,2,2280.00,4.74,1
2509,DECODE,2,0,2,2281.00,5.44,1
2510,DECODE,2,0,2,2282.00,4.66,1
2511,DECODE,2,0,2,2283.00,5.06,1
2512,DECODE,2,0,2,2284.00,4.91,1
2513,DECODE,2,0,2,2285.00,5.11,1
2514,DECODE,2,0,2,2286.00,5.49,1
2515,DECODE,2,0,2,2287.00,4.67,1
2516,DECODE,2,0,2,2288.00,5.01,1
2517,DECODE,2,0,2,2289.00,5.09,1
2518,DECODE,2,0,2,2290.00,4.80,1
2519,DECODE,2,0,2,2291.00,5.07,1
2520,DECODE,2,0,2,2292.00,4.53,1
2521,DECODE,2,0,2,2293.00,5.14,1
2522,DECODE,2,0,2,2294.00,5.00,1
2523,DECODE,2,0,2,2295.00,4.85,1
2524,DECODE,2,0,2,2296.00,5.65,1
2525,DECODE,2,0,2,2297.00,4.82,1
2526,DECODE,2,0,2,2298.00,4.91,1
2527,DECODE,2,0,2,2299.00,4.82,1
2528,DECODE,2,0,2,2300.00,4.85,1
2529,DECODE,2,0,2,2301.00,5.12,1
2530,DECODE,2,0,2,2302.00,4.80,1
2531,DECODE,2,0,2,2303.00,5.26,1
2532,DECODE,2,0,2,2304.00,4.67,1
2533,DECODE,2,0,2,2305.00,5.05,1
2534,DECODE,2,0,2,2306.00,4.95,1
2535,DECODE,2,0,2,2307.00,4.61,1
2536,DECODE,2,0,2,2308.00,5.00,1
2537,DECODE,2,0,2,2309.00,5.03,1
2538,DECODE,2,0,2,2310.00,4.82,1
2539,DECODE,2,0,2,2311.00,5.44,1
2540,DECODE,2,0,2,2312.00,4.73,1
2541,DECODE,2,0,2,2313.00,5.08,1
2542,DECODE,2,0,2,2314.00,4.94,1
2543,DECODE,2,0,2,2315.00,4.75,1
2544,DECODE,2,0,2,2316.00,5.50,1
2545,DECODE,2,0,2,2317.00,4.57,1
2546,DECODE,2,0,2,2318.00,5.13,1
2547,DECODE,2,0,2,2319.00,4.70,1
2548,DECODE,2,0,2,2320.00,5.03,1
2549,DECODE,2,0,2,2321.00,5.20,1
2550,DECODE,2,0,2,2322.00,4.73,1
2551,DECODE,2,0,2,2323.00,5.13,1
2552,DECODE,2,0,2,2324.00,4.94,1
2553,DECODE,2,0,2,2325.00,4.95,1
2554,DECODE,2,0,2,2326.00,4.95,1
2555,DECODE,2,0,2,2327.00,4.54,1
2556,DECODE,2,0,2,2328.00,5.05,1
2557,DECODE,2,0,2,2329.00,4.76,1
2558,DECODE,2,0,2,2330.00,4.96,1
2559,DECODE,2,0,2,2331.00,5.32,1
2560,DECODE,2,0,2,2332.00,4.74,1
2561,DECODE,2,0,2,2333.00,5.19,1
2562,DECODE,1,0,1,2307.00,5.85,1
2563,DECODE,1,0,1,2308.00,4.28,1
2564,DECODE,1,0,1,2309.00,5.10,1
2565,DECODE,1,0,1,2310.00,4.52,1
2566,DECODE,1,0,1,2311.00,5.09,1
2567,DECODE,1,0,1,2312.00,4.62,1
2568,DECODE,1,0,1,2313.00,5.03,1
2569,DECODE,1,0,1,2314.00,5.44,1
2570,DECODE,1,0,1,2315.00,4.56,1
2571,DECODE,1,0,1,2316.00,5.22,1
2572,DECODE,1,0,1,2317.00,4.62,1
2573,DECODE,1,0,1,2318.00,4.96,1
2574,DECODE,1,0,1,2319.00,5.35,1
2575,DECODE,1,0,1,2320.00,4.38,1
2576,DECODE,1,0,1,2321.00,5.09,1
2577,DECODE,1,0,1,2322.00,4.52,1
2578,DECODE,1,0,1,2323.00,4.95,1
2579,DECODE,1,0,1,2324.00,4.93,1
2580,DECODE,1,0,1,2325.00,2.35,1
2581,DECODE,1,0,1,2326.00,2.17,1
2582,DECODE,1,0,1,2327.00,4.36,1
2583,DECODE,1,0,1,2328.00,5.11,1
2584,DECODE,1,0,1,2329.00,4.64,1
2585,DECODE,1,0,1,2330.00,4.90,1
2586,DECODE,1,0,1,2331.00,4.68,1
2587,DECODE,1,0,1,2332.00,4.96,1
2588,DECODE,1,0,1,2333.00,4.65,1
2589,DECODE,1,0,1,2334.00,4.99,1
2590,EXTEND,1,312,0,312.00,246.82,2
2591,EXTEND,27,8192,0,303.41,121.52,2
2592,EXTEND,151,2626,0,314.07,103.51,2
2593,EXTEND,60,938,0,315.00,51.01,2
2594,EXTEND,32,458,0,314.31,31.50,2
2595,EXTEND,18,254,0,314.00,40.50,2
2596,EXTEND,19,260,0,313.42,28.24,2
2597,EXTEND,16,256,0,315.38,22.21,2
2598,EXTEND,13,200,0,315.31,26.51,2
2599,EXTEND,14,190,0,313.43,25.04,2
2600,EXTEND,14,194,0,314.00,21.20,2
2601,EXTEND,13,202,0,315.46,29.00,2
2602,EXTEND,16,228,0,314.31,31.41,2
2603,EXTEND,17,248,0,314.24,15.62,2
2604,EXTEND,9,131,0,315.22,29.03,2
2605,EXTEND,12,155,0,314.50,28.17,2
2606,EXTEND,15,230,0,315.40,23.22,2
2607,EXTEND,12,160,0,312.83,16.65,2
2608,EXTEND,9,132,0,313.78,29.67,2
2609,EXTEND,15,230,0,314.53,16.20,2
2610,EXTEND,9,140,0,315.11,19.67,2
2611,EXTEND,11,156,0,315.27,22.31,2
2612,EXTEND,12,176,0,314.00,22.08,2
2613,EXTEND,12,200,0,316.50,27.93,2
2614,EXTEND,13,192,0,315.00,41.48,2
2615,EXTEND,19,284,0,315.00,36.11,2
2616,EXTEND,18,264,0,314.00,27.95,2
2617,EXTEND,15,209,0,314.00,24.96,2
2618,EXTEND,13,195,0,314.92,21.25,2
2619,EXTEND,12,172,0,314.33,28.27,2
2620,EXTEND,14,188,0,313.57,26.58,2
2621,EXTEND,14,212,0,315.00,27.17,2
2622,EXTEND,14,186,0,313.57,23.64,2
2623,EXTEND,12,166,0,313.33,28.43,2
2624,EXTEND,14,200,0,314.14,19.50,2
2625,EXTEND,11,146,0,314.00,28.15,2
2626,EXTEND,14,184,0,313.14,25.89,2
2627,EXTEND,13,176,0,314.31,23.25,2
2628,EXTEND,13,183,0,314.23,19.82,2
2629,EXTEND,10,166,0,314.90,20.78,2
2630,EXTEND,11,137,0,313.27,34.83,2
2631,EXTEND,18,260,0,315.22,28.66,2
2632,EXTEND,12,160,0,313.50,16.63,2
2633,EXTEND,8,120,0,314.25,15.89,2
2634,EXTEND,6,72,0,312.33,14.13,2
2635,EXTEND,6,92,0,316.33,22.80,2
2636,EXTEND,7,87,0,313.29,21.75,2
2637,EXTEND,8,110,0,313.75,33.32,2
2638,EXTEND,12,173,0,314.08,29.03,2
2639,EXTEND,10,125,0,313.00,21.80,2
2640,EXTEND,9,117,0,313.33,22.11,2
2641,EXTEND,9,122,0,314.33,24.96,2
2642,EXTEND,11,154,0,314.09,37.40,2
2643,EXTEND,16,192,0,313.25,27.51,2
2644,EXTEND,15,213,0,314.93,25.85,2
2645,EXTEND,14,171,0,312.64,19.92,2
2646,EXTEND,12,163,0,313.83,31.60,2
2647,EXTEND,15,221,0,314.73,24.46,2
2648,EXTEND,13,162,0,314.15,31.95,2
2649,EXTEND,18,278,0,315.17,31.91,2
2650,EXTEND,18,245,0,313.72,19.52,2
2651,EXTEND,12,168,0,315.08,26.94,2
2652,EXTEND,16,195,0,313.19,15.99,2
2653,EXTEND,3,36,0,312.00,22.72,2
2654,DECODE,1024,0,1024,315.25,26.19,2
2655,DECODE,1024,0,1024,316.25,44.53,2
2656,DECODE,1024,0,1024,317.25,68.93,2
2657,DECODE,1024,0,1024,318.25,34.75,2
2658,DECODE,1024,0,1024,319.25,40.11,2
2659,DECODE,1024,0,1024,320.25,58.03,2
2660,DECODE,1024,0,1024,321.25,62.10,2
2661,DECODE,1024,0,1024,322.25,38.75,2
2662,DECODE,1024,0,1024,323.25,36.05,2
2663,DECODE,1024,0,1024,324.25,60.64,2
2664,DECODE,1024,0,1024,325.25,52.60,2
2665,DECODE,1024,0,1024,326.25,40.12,2
2666,DECODE,1024,0,1024,327.25,44.73,2
2667,DECODE,1024,0,1024,328.25,44.29,2
2668,DECODE,1024,0,1024,329.25,51.35,2
2669,DECODE,1024,0,1024,330.25,32.51,2
2670,DECODE,1024,0,1024,331.25,29.78,2
2671,DECODE,1024,0,1024,332.25,43.69,2
2672,DECODE,1024,0,1024,333.25,54.62,2
2673,DECODE,1024,0,1024,334.25,56.92,2
2674,DECODE,1024,0,1024,335.25,72.75,2
2675,DECODE,1024,0,1024,336.25,45.87,2
2676,DECODE,1024,0,1024,337.25,32.80,2
2677,DECODE,1024,0,1024,338.25,62.41,2
2678,DECODE,1024,0,1024,339.25,53.92,2
2679,DECODE,1024,0,1024,340.25,45.81,2
2680,DECODE,1024,0,1024,341.25,37.15,2
2681,DECODE,1024,0,1024,342.25,20.13,2
2682,DECODE,1024,0,1024,343.25,48.15,2
2683,DECODE,1024,0,1024,344.25,43.19,2
2684,DECODE,1024,0,1024,345.25,18.63,2
2685,DECODE,1024,0,1024,346.25,50.12,2
2686,DECODE,1024,0,1024,347.25,56.62,2
2687,DECODE,1024,0,1024,348.25,28.00,2
2688,DECODE,1024,0,1024,349.25,40.74,2
2689,DECODE,1024,0,1024,350.25,50.30,2
2690,DECODE,1024,0,1024,351.25,41.73,2
2691,DECODE,1024,0,1024,352.25,39.70,2
2692,DECODE,1024,0,1024,353.25,45.87,2
2693,DECODE,1024,0,1024,354.25,45.81,2
2694,DECODE,1024,0,1024,355.25,57.46,2
2695,DECODE,1024,0,1024,356.25,30.23,2
2696,DECODE,1024,0,1024,357.25,50.97,2
2697,DECODE,1024,0,1024,358.25,49.35,2
2698,DECODE,1024,0,1024,359.25,41.13,2
2699,DECODE,1024,0,1024,360.25,43.83,2
2700,DECODE,1024,0,1024,361.25,30.28,2
2701,DECODE,1024,0,1024,362.25,26.14,2
2702,DECODE,1024,0,1024,363.25,32.86,2
2703,DECODE,1024,0,1024,364.25,57.45,2
2704,DECODE,1024,0,1024,365.25,45.11,2
2705,DECODE,1024,0,1024,366.25,51.81,2
2706,DECODE,1024,0,1024,367.25,64.55,2
2707,DECODE,1024,0,1024,368.25,56.30,2
2708,DECODE,1024,0,1024,369.25,36.61,2
2709,DECODE,1024,0,1024,370.25,34.65,2
2710,DECODE,1024,0,1024,371.25,25.55,2
2711,DECODE,1024,0,1024,372.25,37.70,2
2712,DECODE,1024,0,1024,373.25,44.57,2
2713,DECODE,1024,0,1024,374.25,66.41,2
2714,DECODE,1024,0,1024,375.25,70.31,2
2715,DECODE,1024,0,1024,376.25,68.00,2
2716,DECODE,1024,0,1024,377.25,55.41,2
2717,DECODE,1024,0,1024,378.25,59.66,2
2718,DECODE,1024,0,1024,379.25,58.65,2
2719,DECODE,1024,0,1024,380.25,47.06,2
2720,DECODE,1024,0,1024,381.25,44.86,2
2721,DECODE,1024,0,1024,382.25,51.20,2
2722,DECODE,1024,0,1024,383.25,55.27,2
2723,DECODE,1024,0,1024,384.25,65.50,2
2724,DECODE,1024,0,1024,385.25,47.27,2
2725,DECODE,1024,0,1024,386.25,60.81,2
2726,DECODE,1024,0,1024,387.25,58.03,2
2727,DECODE,1024,0,1024,388.25,63.52,2
2728,DECODE,1024,0,1024,389.25,81.00,2
2729,DECODE,1024,0,1024,390.25,56.04,2
2730,DECODE,1024,0,1024,391.25,58.64,2
2731,DECODE,1024,0,1024,392.25,73.95,2
2732,DECODE,1024,0,1024,393.25,77.73,2
2733,DECODE,1024,0,1024,394.25,68.43,2
2734,DECODE,1024,0,1024,395.25,66.16,2
2735,DECODE,1024,0,1024,396.25,68.60,2
2736,DECODE,1024,0,1024,397.25,45.59,2
2737,DECODE,1024,0,1024,398.25,65.37,2
2738,DECODE,1024,0,1024,399.25,59.78,2
2739,DECODE,1024,0,1024,400.25,33.34,2
2740,DECODE,1024,0,1024,401.25,41.92,2
2741,DECODE,1024,0,1024,402.25,38.05,2
2742,DECODE,1024,0,1024,403.25,60.43,2
2743,DECODE,1024,0,1024,404.25,46.58,2
2744,DECODE,1024,0,1024,405.25,89.39,2
2745,DECODE,1024,0,1024,406.25,79.75,2
2746,DECODE,1024,0,1024,407.25,48.36,2
2747,DECODE,1024,0,1024,408.25,33.79,2
2748,DECODE,1024,0,1024,409.25,41.66,2
2749,DECODE,1024,0,1024,410.25,86.14,2
2750,DECODE,1024,0,1024,411.25,47.91,2
2751,DECODE,1024,0,1024,412.25,33.82,2
2752,DECODE,1024,0,1024,413.25,57.57,2
2753,DECODE,1024,0,1024,414.25,39.86,2
2754,DECODE,1024,0,1024,415.25,75.90,2
2755,DECODE,1024,0,1024,416.25,53.01,2
2756,DECODE,1024,0,1024,417.25,37.48,2
2757,DECODE,1024,0,1024,418.25,65.03,2
2758,DECODE,1024,0,1024,419.25,61.19,2
2759,DECODE,1024,0,1024,420.25,45.26,2
2760,DECODE,1024,0,1024,421.25,58.98,2
2761,DECODE,1024,0,1024,422.25,56.42,2
2762,DECODE,1024,0,1024,423.25,56.72,2
2763,DECODE,1024,0,1024,424.25,37.30,2
2764,DECODE,1024,0,1024,425.25,41.20,2
2765,DECODE,1024,0,1024,426.25,54.10,2
2766,DECODE,1024,0,1024,427.25,34.11,2
2767,DECODE,1024,0,1024,428.25,64.76,2
2768,DECODE,1024,0,1024,429.25,74.11,2
2769,DECODE,1024,0,1024,430.25,36.82,2
2770,DECODE,1024,0,1024,431.25,76.85,2
2771,DECODE,1024,0,1024,432.25,43.89,2
2772,DECODE,1022,0,1022,433.25,78.01,2
2773,DECODE,1022,0,1022,434.25,58.33,2
2774,DECODE,1022,0,1022,435.25,89.81,2
2775,DECODE,1019,0,1019,436.25,38.20,2
2776,DECODE,1018,0,1018,437.25,54.41,2
2777,DECODE,1018,0,1018,438.25,60.88,2
2778,DECODE,1016,0,1016,439.25,39.45,2
2779,DECODE,1016,0,1016,440.25,36.81,2
2780,DECODE,1014,0,1014,441.25,77.30,2
2781,DECODE,1013,0,1013,442.26,82.17,2
2782,DECODE,1013,0,1013,443.26,58.83,2
2783,DECODE,1010,0,1010,444.26,48.26,2
2784,DECODE,1007,0,1007,445.26,48.97,2
2785,DECODE,1007,0,1007,446.26,35.08,2
2786,DECODE,1002,0,1002,447.27,46.54,2
2787,DECODE,999,0,999,448.27,51.36,2
2788,DECODE,999,0,999,449.27,37.08,2
2789,DECODE,995,0,995,450.27,40.80,2
2790,DECODE,995,0,995,451.27,41.86,2
2791,DECODE,995,0,995,452.27,38.37,2
2792,DECODE,993,0,993,453.27,52.23,2
2793,DECODE,993,0,993,454.27,27.58,2
2794,DECODE,993,0,993,455.27,33.89,2
2795,DECODE,991,0,991,456.27,30.88,2
2796,DECODE,987,0,987,457.27,87.84,2
2797,DECODE,986,0,986,458.28,50.91,2
2798,DECODE,986,0,986,459.28,28.07,2
2799,DECODE,984,0,984,460.28,54.22,2
2800,DECODE,982,0,982,461.28,25.46,2
2801,DECODE,978,0,978,462.28,68.60,2
2802,DECODE,978,0,978,463.28,90.80,2
2803,DECODE,978,0,978,464.28,64.49,2
2804,DECODE,977,0,977,465.28,68.25,2
2805,DECODE,977,0,977,466.28,48.44,2
2806,DECODE,975,0,975,467.29,81.97,2
2807,DECODE,975,0,975,468.29,37.58,2
2808,DECODE,973,0,973,469.29,35.04,2
2809,DECODE,971,0,971,470.29,54.48,2
2810,DECODE,967,0,967,471.29,33.81,2
2811,DECODE,967,0,967,472.29,58.06,2
2812,DECODE,967,0,967,473.29,35.44,2
2813,DECODE,963,0,963,474.29,56.02,2
2814,DECODE,962,0,962,475.29,82.69,2
2815,DECODE,959,0,959,476.29,51.03,2
2816,DECODE,958,0,958,477.29,42.61,2
2817,DECODE,956,0,956,478.29,56.49,2
2818,DECODE,954,0,954,479.30,47.56,2
2819,DECODE,950,0,950,480.29,63.13,2
2820,DECODE,949,0,949,481.29,64.70,2
2821,DECODE,945,0,945,482.30,84.20,2
2822,DECODE,943,0,943,483.30,47.62,2
2823,DECODE,941,0,941,484.30,49.47,2
2824,DECODE,941,0,941,485.30,33.76,2
2825,DECODE,939,0,939,486.30,47.10,2
2826,DECODE,936,0,936,487.30,49.75,2
2827,DECODE,934,0,934,488.30,62.87,2
2828,DECODE,930,0,930,489.30,82.48,2
2829,DECODE,926,0,926,490.30,76.07,2
2830,DECODE,921,0,921,491.29,64.66,2
2831,DECODE,920,0,920,492.29,99.25,2
2832,DECODE,916,0,916,493.30,48.88,2
2833,DECODE,910,0,910,494.30,60.30,2
2834,DECODE,907,0,907,495.30,64.40,2
2835,DECODE,900,0,900,496.30,63.69,2
2836,DECODE,896,0,896,497.31,50.15,2
2837,DECODE,894,0,894,498.31,34.86,2
2838,DECODE,889,0,889,499.32,40.65,2
2839,DECODE,883,0,883,500.33,39.71,2
2840,DECODE,882,0,882,501.33,34.16,2
2841,DECODE,873,0,873,502.34,53.86,2
2842,DECODE,870,0,870,503.34,65.06,2
2843,DECODE,865,0,865,504.35,33.37,2
2844,DECODE,862,0,862,505.35,58.59,2
2845,DECODE,856,0,856,506.35,39.75,2
2846,DECODE,852,0,852,507.35,76.05,2
2847,DECODE,850,0,850,508.36,57.29,2
2848,DECODE,843,0,843,509.36,44.62,2
2849,DECODE,840,0,840,510.36,48.21,2
2850,DECODE,834,0,834,511.37,43.70,2
2851,DECODE,828,0,828,512.37,40.45,2
2852,DECODE,825,0,825,513.38,44.62,2
2853,DECODE,822,0,822,514.37,53.42,2
2854,DECODE,817,0,817,515.37,50.32,2
2855,DECODE,813,0,813,516.37,59.36,2
2856,DECODE,808,0,808,517.38,50.98,2
2857,DECODE,799,0,799,518.38,59.14,2
2858,DECODE,792,0,792,519.38,33.70,2
2859,DECODE,787,0,787,520.39,68.22,2
2860,DECODE,783,0,783,521.40,40.65,2
2861,DECODE,777,0,777,522.39,56.92,2
2862,DECODE,771,0,771,523.40,53.34,2
2863,DECODE,770,0,770,524.40,48.33,2
2864,DECODE,765,0,765,525.40,53.68,2
2865,DECODE,764,0,764,526.40,64.43,2
2866,DECODE,760,0,760,527.40,54.53,2
2867,DECODE,756,0,756,528.40,52.86,2
2868,DECODE,752,0,752,529.40,53.08,2
2869,DECODE,750,0,750,530.40,62.62,2
2870,DECODE,745,0,745,531.40,39.13,2
2871,DECODE,741,0,741,532.40,58.36,2
2872,DECODE,735,0,735,533.40,36.11,2
2873,DECODE,734,0,734,534.40,43.27,2
2874,DECODE,728,0,728,535.40,62.71,2
2875,DECODE,722,0,722,536.39,40.28,2
2876,DECODE,717,0,717,537.40,52.45,2
2877,DECODE,714,0,714,538.40,68.54,2
2878,DECODE,712,0,712,539.40,64.93,2
2879,DECODE,710,0,710,540.40,57.73,2
2880,DECODE,705,0,705,541.40,60.07,2
2881,DECODE,698,0,698,542.41,61.08,2
2882,DECODE,698,0,698,543.41,47.03,2
2883,DECODE,693,0,693,544.41,45.91,2
2884,DECODE,688,0,688,545.42,39.55,2
2885,DECODE,685,0,685,546.42,73.71,2
2886,DECODE,682,0,682,547.41,44.64,2
2887,DECODE,679,0,679,548.41,96.87,2
2888,DECODE,676,0,676,549.41,62.89,2
2889,DECODE,672,0,672,550.40,59.17,2
2890,DECODE,669,0,669,551.40,41.73,2
2891,DECODE,661,0,661,552.41,36.69,2
2892,DECODE,658,0,658,553.41,43.30,2
2893,DECODE,651,0,651,554.41,59.18,2
2894,DECODE,645,0,645,555.42,61.85,2
2895,DECODE,644,0,644,556.42,32.48,2
2896,DECODE,639,0,639,557.42,47.02,2
2897,DECODE,638,0,638,558.42,28.38,2
2898,DECODE,633,0,633,559.42,36.67,2
2899,DECODE,630,0,630,560.42,32.77,2
2900,DECODE,623,0,623,561.40,40.50,2
2901,DECODE,621,0,621,562.40,22.39,2
2902,DECODE,616,0,616,563.41,36.38,2
2903,DECODE,610,0,610,564.41,39.73,2
2904,DECODE,603,0,603,565.42,32.60,2
2905,DECODE,600,0,600,566.42,25.13,2
2906,DECODE,595,0,595,567.42,38.16,2
2907,DECODE,591,0,591,568.42,26.21,2
2908,DECODE,586,0,586,569.41,35.59,2
2909,DECODE,579,0,579,570.41,26.37,2
2910,DECODE,575,0,575,571.40,25.18,2
2911,DECODE,572,0,572,572.39,28.01,2
2912,DECODE,568,0,568,573.39,63.58,2
2913,DECODE,561,0,561,574.39,45.04,2
2914,DECODE,557,0,557,575.39,47.42,2
2915,DECODE,552,0,552,576.39,60.16,2
2916,DECODE,551,0,551,577.40,61.34,2
2917,DECODE,550,0,550,578.40,62.67,2
2918,DECODE,546,0,546,579.41,54.81,2
2919,DECODE,539,0,539,580.41,49.45,2
2920,DECODE,537,0,537,581.41,46.61,2
2921,DECODE,527,0,527,582.42,46.97,2
2922,DECODE,522,0,522,583.42,50.72,2
2923,DECODE,520,0,520,584.42,33.13,2
2924,DECODE,515,0,515,585.43,60.14,2
2925,DECODE,512,0,512,586.43,21.89,2
2926,DECODE,508,0,508,587.43,20.61,2
2927,DECODE,505,0,505,588.43,17.99,2
2928,DECODE,501,0,501,589.42,31.67,2
2929,DECODE,498,0,498,590.43,26.26,2
2930,DECODE,494,0,494,591.43,37.13,2
2931,DECODE,488,0,488,592.43,45.14,2
2932,DECODE,487,0,487,593.43,51.73,2
2933,DECODE,483,0,483,594.43,33.92,2
2934,DECODE,475,0,475,595.42,38.79,2
2935,DECODE,475,0,475,596.42,40.67,2
2936,DECODE,471,0,471,597.41,21.37,2
2937,DECODE,465,0,465,598.40,29.47,2
2938,DECODE,462,0,462,599.40,30.60,2
2939,DECODE,460,0,460,600.41,40.76,2
2940,DECODE,459,0,459,601.41,21.42,2
2941,DECODE,455,0,455,602.40,44.67,2
2942,DECODE,447,0,447,603.41,43.74,2
2943,DECODE,445,0,445,604.41,28.99,2
2944,DECODE,444,0,444,605.40,56.68,2
2945,DECODE,442,0,442,606.39,37.10,2
2946,DECODE,439,0,439,607.39,30.34,2
2947,DECODE,434,0,434,608.41,54.63,2
2948,DECODE,428,0,428,609.43,43.00,2
2949,DECODE,426,0,426,610.42,44.14,2
2950,DECODE,423,0,423,611.43,58.99,2
2951,DECODE,421,0,421,612.42,34.62,2
2952,DECODE,420,0,420,613.43,34.02,2
2953,DECODE,418,0,418,614.41,53.00,2
2954,DECODE,412,0,412,615.43,33.86,2
2955,DECODE,406,0,406,616.41,31.06,2
2956,DECODE,404,0,404,617.41,35.42,2
2957,DECODE,399,0,399,618.43,44.82,2
2958,DECODE,399,0,399,619.43,34.10,2
2959,DECODE,396,0,396,620.43,34.04,2
2960,DECODE,394,0,394,621.43,25.19,2
2961,DECODE,391,0,391,622.45,30.58,2
2962,DECODE,385,0,385,623.46,29.95,2
2963,DECODE,380,0,380,624.47,26.65,2
2964,DECODE,377,0,377,625.48,34.41,2
2965,DECODE,375,0,375,626.49,44.64,2
2966,DECODE,373,0,373,627.50,23.41,2
2967,DECODE,367,0,367,628.49,37.43,2
2968,DECODE,364,0,364,629.51,17.65,2
2969,DECODE,361,0,361,630.50,27.67,2
2970,DECODE,358,0,358,631.51,26.78,2
2971,DECODE,357,0,357,632.51,25.56,2
2972,DECODE,354,0,354,633.51,40.83,2
2973,DECODE,351,0,351,634.52,38.54,2
2974,DECODE,349,0,349,635.53,26.63,2
2975,DECODE,343,0,343,636.53,38.22,2
2976,DECODE,338,0,338,637.55,14.58,2
2977,DECODE,336,0,336,638.54,34.75,2
2978,DECODE,333,0,333,639.53,16.58,2
2979,DECODE,328,0,328,640.52,25.58,2
2980,DECODE,322,0,322,641.54,29.32,2
2981,DECODE,320,0,320,642.55,30.30,2
2982,DECODE,318,0,318,643.55,30.27,2
2983,DECODE,314,0,314,644.57,29.50,2
2984,DECODE,311,0,311,645.59,28.53,2
2985,DECODE,310,0,310,646.57,29.05,2
2986,DECODE,306,0,306,647.54,51.98,2
2987,DECODE,303,0,303,648.54,14.29,2
2988,DECODE,297,0,297,649.57,35.05,2
2989,DECODE,294,0,294,650.57,15.23,2
2990,DECODE,290,0,290,651.57,38.01,2
2991,DECODE,286,0,286,652.58,25.83,2
2992,DECODE,277,0,277,653.57,30.58,2
2993,DECODE,271,0,271,654.56,34.84,2
2994,DECODE,269,0,269,655.58,28.09,2
2995,DECODE,265,0,265,656.56,29.57,2
2996,DECODE,261,0,261,657.57,29.76,2
2997,DECODE,259,0,259,658.56,29.55,2
2998,DECODE,258,0,258,659.56,41.74,2
2999,DECODE,257,0,257,660.56,27.34,2
3000,DECODE,255,0,255,661.55,22.97,2
3001,DECODE,254,0,254,662.55,27.07,2
3002,DECODE,250,0,250,663.54,29.21,2
3003,DECODE,248,0,248,664.54,29.20,2
3004,DECODE,247,0,247,665.55,26.11,2
3005,DECODE,246,0,246,666.55,30.07,2
3006,DECODE,245,0,245,667.55,29.60,2
3007,DECODE,240,0,240,668.58,30.07,2
3008,DECODE,239,0,239,669.59,29.91,2
3009,DECODE,236,0,236,670.59,30.48,2
3010,DECODE,236,0,236,671.59,23.55,2
3011,DECODE,233,0,233,672.60,9.63,2
3012,DECODE,232,0,232,673.60,19.59,2
3013,DECODE,230,0,230,674.58,41.38,2
3014,DECODE,229,0,229,675.57,30.82,2
3015,DECODE,225,0,225,676.56,34.64,2
3016,DECODE,221,0,221,677.59,28.13,2
3017,DECODE,220,0,220,678.59,26.24,2
3018,DECODE,218,0,218,679.56,23.77,2
3019,DECODE,216,0,216,680.52,10.89,2
3020,DECODE,214,0,214,681.52,18.54,2
3021,DECODE,212,0,212,682.51,26.91,2
3022,DECODE,210,0,210,683.50,30.79,2
3023,DECODE,209,0,209,684.51,20.10,2
3024,DECODE,208,0,208,685.51,10.97,2
3025,DECODE,203,0,203,686.50,25.78,2
3026,DECODE,201,0,201,687.49,30.17,2
3027,DECODE,201,0,201,688.49,15.65,2
3028,DECODE,201,0,201,689.49,15.30,2
3029,DECODE,200,0,200,690.48,23.04,2
3030,DECODE,198,0,198,691.47,10.01,2
3031,DECODE,196,0,196,692.45,16.76,2
3032,DECODE,193,0,193,693.46,13.67,2
3033,DECODE,187,0,187,694.47,15.65,2
3034,DECODE,187,0,187,695.47,7.23,2
3035,DECODE,184,0,184,696.48,11.46,2
3036,DECODE,183,0,183,697.45,39.41,2
3037,DECODE,183,0,183,698.45,10.35,2
3038,DECODE,180,0,180,699.46,15.06,2
3039,DECODE,178,0,178,700.44,30.54,2
3040,DECODE,177,0,177,701.44,17.12,2
3041,DECODE,175,0,175,702.45,12.59,2
3042,DECODE,171,0,171,703.44,14.01,2
3043,DECODE,169,0,169,704.41,12.57,2
3044,DECODE,169,0,169,705.41,12.66,2
3045,DECODE,166,0,166,706.44,15.75,2
3046,DECODE,165,0,165,707.44,17.31,2
3047,DECODE,165,0,165,708.44,11.62,2
3048,DECODE,161,0,161,709.44,24.15,2
3049,DECODE,159,0,159,710.45,20.90,2
3050,DECODE,158,0,158,711.46,12.37,2
3051,DECODE,156,0,156,712.46,12.85,2
3052,DECODE,155,0,155,713.43,15.25,2
3053,DECODE,155,0,155,714.43,12.72,2
3054,DECODE,153,0,153,715.42,15.36,2
3055,DECODE,152,0,152,716.41,17.33,2
3056,DECODE,150,0,150,717.43,11.97,2
3057,DECODE,147,0,147,718.44,12.02,2
3058,DECODE,145,0,145,719.46,15.21,2
3059,DECODE,145,0,145,720.46,12.14,2
3060,DECODE,142,0,142,721.44,12.81,2
3061,DECODE,141,0,141,722.44,17.72,2
3062,DECODE,139,0,139,723.45,15.73,2
3063,DECODE,137,0,137,724.45,13.71,2
3064,DECODE,135,0,135,725.47,12.29,2
3065,DECODE,132,0,132,726.48,14.36,2
3066,DECODE,132,0,132,727.48,12.41,2
3067,DECODE,131,0,131,728.50,9.37,2
3068,DECODE,130,0,130,729.51,7.44,2
3069,DECODE,125,0,125,730.54,8.62,2
3070,DECODE,123,0,123,731.54,9.73,2
3071,DECODE,123,0,123,732.54,5.31,2
3072,DECODE,123,0,123,733.54,9.65,2
3073,DECODE,122,0,122,734.53,12.79,2
3074,DECODE,122,0,122,735.53,6.55,2
3075,DECODE,120,0,120,736.55,11.36,2
3076,DECODE,118,0,118,737.53,13.07,2
3077,DECODE,117,0,117,738.56,13.29,2
3078,DECODE,116,0,116,739.53,17.94,2
3079,DECODE,114,0,114,740.52,9.37,2
3080,DECODE,113,0,113,741.50,17.87,2
3081,DECODE,110,0,110,742.50,11.37,2
3082,DECODE,109,0,109,743.48,17.62,2
3083,DECODE,109,0,109,744.48,11.89,2
3084,DECODE,108,0,108,745.46,13.14,2
3085,DECODE,107,0,107,746.46,11.42,2
3086,DECODE,106,0,106,747.47,15.03,2
3087,DECODE,106,0,106,748.47,9.57,2
3088,DECODE,103,0,103,749.44,9.35,2
3089,DECODE,103,0,103,750.44,5.63,2
3090,DECODE,102,0,102,751.44,12.58,2
3091,DECODE,101,0,101,752.47,9.32,2
3092,DECODE,99,0,99,753.51,7.12,2
3093,DECODE,98,0,98,754.49,8.66,2
3094,DECODE,96,0,96,755.48,12.00,2
3095,DECODE,96,0,96,756.48,6.82,2
3096,DECODE,96,0,96,757.48,7.75,2
3097,DECODE,96,0,96,758.48,8.77,2
3098,DECODE,94,0,94,759.43,10.17,2
3099,DECODE,94,0,94,760.43,6.12,2
3100,DECODE,92,0,92,761.35,16.74,2
3101,DECODE,89,0,89,762.27,11.80,2
3102,DECODE,89,0,89,763.27,9.09,2
3103,DECODE,89,0,89,764.27,5.92,2
3104,DECODE,87,0,87,765.28,12.88,2
3105,DECODE,85,0,85,766.32,20.89,2
3106,DECODE,83,0,83,767.31,11.59,2
3107,DECODE,83,0,83,768.31,5.94,2
3108,DECODE,83,0,83,769.31,5.55,2
3109,DECODE,82,0,82,770.33,9.72,2
3110,DECODE,82,0,82,771.33,5.66,2
3111,DECODE,80,0,80,772.33,14.11,2
3112,DECODE,80,0,80,773.33,9.37,2
3113,DECODE,80,0,80,774.33,5.60,2
3114,DECODE,79,0,79,775.33,13.66,2
3115,DECODE,77,0,77,776.29,8.84,2
3116,DECODE,77,0,77,777.29,8.43,2
3117,DECODE,76,0,76,778.29,10.17,2
3118,DECODE,74,0,74,779.27,9.14,2
3119,DECODE,73,0,73,780.29,13.15,2
3120,DECODE,71,0,71,781.34,6.96,2
3121,DECODE,70,0,70,782.34,9.03,2
3122,DECODE,70,0,70,783.34,7.79,2
3123,DECODE,70,0,70,784.34,8.69,2
3124,DECODE,70,0,70,785.34,8.85,2
3125,DECODE,69,0,69,786.36,8.85,2
3126,DECODE,69,0,69,787.36,7.65,2
3127,DECODE,69,0,69,788.36,9.17,2
3128,DECODE,69,0,69,789.36,6.00,2
3129,DECODE,67,0,67,790.36,14.16,2
3130,DECODE,67,0,67,791.36,7.84,2
3131,DECODE,67,0,67,792.36,12.15,2
3132,DECODE,67,0,67,793.36,9.55,2
3133,DECODE,67,0,67,794.36,7.85,2
3134,DECODE,65,0,65,795.37,9.74,2
3135,DECODE,65,0,65,796.37,5.01,2
3136,DECODE,65,0,65,797.37,6.91,2
3137,DECODE,65,0,65,798.37,9.01,2
3138,DECODE,65,0,65,799.37,5.95,2
3139,DECODE,65,0,65,800.37,5.13,2
3140,DECODE,65,0,65,801.37,8.16,2
3141,DECODE,65,0,65,802.37,7.88,2
3142,DECODE,63,0,63,803.40,14.35,2
3143,DECODE,62,0,62,804.42,8.36,2
3144,DECODE,62,0,62,805.42,9.20,2
3145,DECODE,61,0,61,806.41,10.91,2
3146,DECODE,60,0,60,807.33,9.15,2
3147,DECODE,58,0,58,808.36,5.89,2
3148,DECODE,57,0,57,809.33,10.71,2
3149,DECODE,55,0,55,810.38,9.61,2
3150,DECODE,53,0,53,811.42,16.88,2
3151,DECODE,53,0,53,812.42,5.86,2
3152,DECODE,53,0,53,813.42,5.05,2
3153,DECODE,53,0,53,814.42,5.58,2
3154,DECODE,52,0,52,815.44,16.39,2
3155,DECODE,52,0,52,816.44,28.73,2
3156,DECODE,52,0,52,817.44,7.74,2
3157,DECODE,51,0,51,818.41,7.89,2
3158,DECODE,51,0,51,819.41,15.20,2
3159,DECODE,50,0,50,820.44,18.90,2
3160,DECODE,48,0,48,821.48,21.31,2
3161,DECODE,47,0,47,822.43,31.34,2
3162,DECODE,46,0,46,823.43,33.65,2
3163,DECODE,46,0,46,824.43,11.52,2
3164,DECODE,44,0,44,825.45,7.25,2
3165,DECODE,44,0,44,826.45,32.83,2
3166,DECODE,43,0,43,827.44,18.61,2
3167,DECODE,43,0,43,828.44,16.92,2
3168,DECODE,43,0,43,829.44,13.11,2
3169,DECODE,43,0,43,830.44,9.04,2
3170,DECODE,42,0,42,831.48,18.79,2
3171,DECODE,41,0,41,832.51,16.81,2
3172,DECODE,39,0,39,833.54,26.64,2
3173,DECODE,38,0,38,834.58,30.44,2
3174,DECODE,38,0,38,835.58,30.88,2
3175,DECODE,38,0,38,836.58,23.59,2
3176,DECODE,38,0,38,837.58,9.10,2
3177,DECODE,38,0,38,838.58,20.30,2
3178,DECODE,38,0,38,839.58,42.37,2
3179,DECODE,38,0,38,840.58,16.90,2
3180,DECODE,38,0,38,841.58,9.67,2
3181,DECODE,38,0,38,842.58,27.72,2
3182,DECODE,38,0,38,843.58,7.31,2
3183,DECODE,38,0,38,844.58,8.84,2
3184,DECODE,36,0,36,845.56,19.40,2
3185,DECODE,36,0,36,846.56,16.34,2
3186,DECODE,36,0,36,847.56,9.67,2
3187,DECODE,36,0,36,848.56,15.00,2
3188,DECODE,36,0,36,849.56,16.68,2
3189,DECODE,36,0,36,850.56,30.35,2
3190,DECODE,36,0,36,851.56,30.73,2
3191,DECODE,35,0,35,852.54,17.14,2
3192,DECODE,34,0,34,853.53,28.23,2
3193,DECODE,34,0,34,854.53,12.97,2
3194,DECODE,34,0,34,855.53,16.67,2
3195,DECODE,33,0,33,856.52,25.87,2
3196,DECODE,33,0,33,857.52,9.19,2
3197,DECODE,33,0,33,858.52,9.28,2
3198,DECODE,33,0,33,859.52,13.07,2
3199,DECODE,33,0,33,860.52,7.89,2
3200,DECODE,32,0,32,861.53,24.16,2
3201,DECODE,32,0,32,862.53,15.10,2
3202,DECODE,32,0,32,863.53,11.42,2
3203,DECODE,32,0,32,864.53,9.36,2
3204,DECODE,32,0,32,865.53,9.56,2
3205,DECODE,32,0,32,866.53,13.07,2
3206,DECODE,32,0,32,867.53,9.12,2
3207,DECODE,31,0,31,868.48,7.35,2
3208,DECODE,31,0,31,869.48,6.04,2
3209,DECODE,31,0,31,870.48,5.53,2
3210,DECODE,30,0,30,871.57,14.52,2
3211,DECODE,30,0,30,872.57,9.75,2
3212,DECODE,29,0,29,873.59,21.11,2
3213,DECODE,29,0,29,874.59,5.94,2
3214,DECODE,29,0,29,875.59,8.50,2
3215,DECODE,29,0,29,876.59,5.76,2
3216,DECODE,29,0,29,877.59,5.33,2
3217,DECODE,28,0,28,878.64,13.21,2
3218,DECODE,28,0,28,879.64,5.03,2
3219,DECODE,28,0,28,880.64,5.77,2
3220,DECODE,28,0,28,881.64,11.91,2
3221,DECODE,27,0,27,882.67,9.73,2
3222,DECODE,27,0,27,883.67,4.99,2
3223,DECODE,27,0,27,884.67,6.29,2
3224,DECODE,27,0,27,885.67,6.14,2
3225,DECODE,26,0,26,886.69,25.29,2
3226,DECODE,26,0,26,887.69,5.55,2
3227,DECODE,26,0,26,888.69,5.29,2
3228,DECODE,26,0,26,889.69,5.39,2
3229,DECODE,26,0,26,890.69,5.49,2
3230,DECODE,25,0,25,891.64,27.48,2
3231,DECODE,25,0,25,892.64,6.10,2
3232,DECODE,25,0,25,893.64,5.61,2
3233,DECODE,25,0,25,894.64,5.26,2
3234,DECODE,25,0,25,895.64,5.48,2
3235,DECODE,25,0,25,896.64,5.34,2
3236,DECODE,24,0,24,897.58,20.62,2
3237,DECODE,24,0,24,898.58,5.42,2
3238,DECODE,24,0,24,899.58,9.89,2
3239,DECODE,24,0,24,900.58,6.05,2
3240,DECODE,23,0,23,901.57,11.60,2
3241,DECODE,23,0,23,902.57,5.74,2
3242,DECODE,23,0,23,903.57,9.34,2
3243,DECODE,23,0,23,904.57,5.38,2
3244,DECODE,23,0,23,905.57,7.82,2
3245,DECODE,23,0,23,906.57,5.68,2
3246,DECODE,22,0,22,907.32,17.02,2
3247,DECODE,21,0,21,908.43,20.95,2
3248,DECODE,21,0,21,909.43,6.11,2
3249,DECODE,21,0,21,910.43,2.42,2
3250,DECODE,21,0,21,911.43,4.52,2
3251,DECODE,21,0,21,912.43,6.40,2
3252,DECODE,20,0,20,913.50,13.39,2
3253,DECODE,20,0,20,914.50,5.10,2
3254,DECODE,20,0,20,915.50,5.64,2
3255,DECODE,20,0,20,916.50,5.69,2
3256,DECODE,20,0,20,917.50,4.72,2
3257,DECODE,20,0,20,918.50,5.55,2
3258,DECODE,20,0,20,919.50,4.99,2
3259,DECODE,20,0,20,920.50,5.43,2
3260,DECODE,20,0,20,921.50,6.12,2
3261,DECODE,20,0,20,922.50,4.57,2
3262,DECODE,20,0,20,923.50,5.96,2
3263,DECODE,20,0,20,924.50,4.22,2
3264,DECODE,20,0,20,925.50,5.59,2
3265,DECODE,20,0,20,926.50,5.87,2
3266,DECODE,20,0,20,927.50,4.61,2
3267,DECODE,20,0,20,928.50,5.83,2
3268,DECODE,20,0,20,929.50,4.81,2
3269,DECODE,19,0,19,930.58,6.19,2
3270,DECODE,19,0,19,931.58,7.79,2
3271,DECODE,19,0,19,932.58,5.73,2
3272,DECODE,19,0,19,933.58,4.97,2
3273,DECODE,19,0,19,934.58,5.55,2
3274,DECODE,18,0,18,935.22,9.28,2
3275,DECODE,18,0,18,936.22,4.97,2
3276,DECODE,18,0,18,937.22,5.55,2
3277,DECODE,18,0,18,938.22,5.06,2
3278,DECODE,18,0,18,939.22,6.01,2
3279,DECODE,18,0,18,940.22,2.44,2
3280,DECODE,18,0,18,941.22,2.45,2
3281,DECODE,18,0,18,942.22,2.44,2
3282,DECODE,18,0,18,943.22,2.34,2
3283,DECODE,18,0,18,944.22,2.47,2
3284,DECODE,18,0,18,945.22,4.87,2
3285,DECODE,18,0,18,946.22,5.47,2
3286,DECODE,18,0,18,947.22,4.94,2
3287,DECODE,18,0,18,948.22,5.62,2
3288,DECODE,17,0,17,949.18,10.24,2
3289,DECODE,16,0,16,950.06,12.34,2
3290,DECODE,16,0,16,951.06,13.01,2
3291,DECODE,16,0,16,952.06,9.19,2
3292,DECODE,16,0,16,953.06,4.92,2
3293,DECODE,15,0,15,954.07,13.52,2
3294,DECODE,15,0,15,955.07,6.12,2
3295,DECODE,15,0,15,956.07,2.52,2
3296,DECODE,15,0,15,957.07,2.38,2
3297,DECODE,14,0,14,958.07,7.82,2
3298,DECODE,14,0,14,959.07,5.74,2
3299,DECODE,14,0,14,960.07,5.71,2
3300,DECODE,13,0,13,961.23,5.91,2
3301,DECODE,13,0,13,962.23,2.53,2
3302,DECODE,13,0,13,963.23,2.19,2
3303,DECODE,13,0,13,964.23,4.55,2
3304,DECODE,13,0,13,965.23,9.29,2
3305,DECODE,13,0,13,966.23,4.56,2
3306,DECODE,13,0,13,967.23,5.82,2
3307,DECODE,13,0,13,968.23,2.49,2
3308,DECODE,13,0,13,969.23,2.47,2
3309,DECODE,13,0,13,970.23,5.60,2
3310,DECODE,13,0,13,971.23,4.65,2
3311,DECODE,13,0,13,972.23,6.20,2
3312,DECODE,13,0,13,973.23,2.36,2
3313,DECODE,13,0,13,974.23,2.38,2
3314,DECODE,13,0,13,975.23,2.35,2
3315,DECODE,13,0,13,976.23,2.38,2
3316,DECODE,13,0,13,977.23,2.37,2
3317,DECODE,13,0,13,978.23,2.31,2
3318,DECODE,13,0,13,979.23,2.32,2
3319,DECODE,13,0,13,980.23,2.36,2
3320,DECODE,12,0,12,981.17,6.04,2
3321,DECODE,12,0,12,982.17,5.76,2
3322,DECODE,12,0,12,983.17,2.51,2
3323,DECODE,12,0,12,984.17,2.22,2
3324,DECODE,12,0,12,985.17,2.29,2
3325,DECODE,12,0,12,986.17,2.14,2
3326,DECODE,12,0,12,987.17,9.63,2
3327,DECODE,12,0,12,988.17,5.96,2
3328,DECODE,12,0,12,989.17,2.46,2
3329,DECODE,12,0,12,990.17,2.12,2
3330,DECODE,12,0,12,991.17,5.13,2
3331,DECODE,12,0,12,992.17,8.59,2
3332,DECODE,12,0,12,993.17,5.78,2
3333,DECODE,12,0,12,994.17,16.45,2
3334,DECODE,12,0,12,995.17,5.42,2
3335,DECODE,12,0,12,996.17,5.85,2
3336,DECODE,12,0,12,997.17,4.73,2
3337,DECODE,12,0,12,998.17,5.57,2
3338,DECODE,12,0,12,999.17,4.81,2
3339,DECODE,12,0,12,1000.17,5.50,2
3340,DECODE,12,0,12,1001.17,5.67,2
3341,DECODE,12,0,12,1002.17,4.59,2
3342,DECODE,12,0,12,1003.17,5.91,2
3343,DECODE,12,0,12,1004.17,5.11,2
3344,DECODE,12,0,12,1005.17,4.79,2
3345,DECODE,11,0,11,1006.27,9.63,2
3346,DECODE,11,0,11,1007.27,5.37,2
3347,DECODE,11,0,11,1008.27,5.06,2
3348,DECODE,11,0,11,1009.27,5.53,2
3349,DECODE,11,0,11,1010.27,6.02,2
3350,DECODE,11,0,11,1011.27,5.17,2
3351,DECODE,11,0,11,1012.27,5.42,2
3352,DECODE,11,0,11,1013.27,5.53,2
3353,DECODE,11,0,11,1014.27,4.94,2
3354,DECODE,11,0,11,1015.27,6.03,2
3355,DECODE,11,0,11,1016.27,4.23,2
3356,DECODE,11,0,11,1017.27,11.58,2
3357,DECODE,11,0,11,1018.27,5.74,2
3358,DECODE,11,0,11,1019.27,5.89,2
3359,DECODE,11,0,11,1020.27,5.17,2
3360,DECODE,11,0,11,1021.27,5.52,2
3361,DECODE,11,0,11,1022.27,5.01,2
3362,DECODE,11,0,11,1023.27,5.84,2
3363,DECODE,11,0,11,1024.27,6.10,2
3364,DECODE,11,0,11,1025.27,4.58,2
3365,DECODE,11,0,11,1026.27,5.56,2
3366,DECODE,11,0,11,1027.27,5.16,2
3367,DECODE,11,0,11,1028.27,5.52,2
3368,DECODE,10,0,10,1029.40,5.39,2
3369,DECODE,10,0,10,1030.40,5.12,2
3370,DECODE,10,0,10,1031.40,5.39,2
3371,DECODE,10,0,10,1032.40,5.10,2
3372,DECODE,10,0,10,1033.40,5.58,2
3373,DECODE,10,0,10,1034.40,5.57,2
3374,DECODE,10,0,10,1035.40,5.04,2
3375,DECODE,10,0,10,1036.40,5.53,2
3376,DECODE,10,0,10,1037.40,5.29,2
3377,DECODE,10,0,10,1038.40,5.02,2
3378,DECODE,10,0,10,1039.40,5.03,2
3379,DECODE,10,0,10,1040.40,5.53,2
3380,DECODE,10,0,10,1041.40,4.97,2
3381,DECODE,10,0,10,1042.40,5.73,2
3382,DECODE,10,0,10,1043.40,5.96,2
3383,DECODE,10,0,10,1044.40,5.09,2
3384,DECODE,10,0,10,1045.40,5.72,2
3385,DECODE,10,0,10,1046.40,5.24,2
3386,DECODE,10,0,10,1047.40,5.56,2
3387,DECODE,10,0,10,1048.40,6.09,2
3388,DECODE,10,0,10,1049.40,5.86,2
3389,DECODE,10,0,10,1050.40,5.20,2
3390,DECODE,10,0,10,1051.40,5.46,2
3391,DECODE,10,0,10,1052.40,5.07,2
3392,DECODE,10,0,10,1053.40,4.09,2
3393,DECODE,10,0,10,1054.40,5.73,2
3394,DECODE,10,0,10,1055.40,5.24,2
3395,DECODE,10,0,10,1056.40,5.33,2
3396,DECODE,9,0,9,1057.44,10.84,2
3397,DECODE,9,0,9,1058.44,5.39,2
3398,DECODE,9,0,9,1059.44,5.39,2
3399,DECODE,9,0,9,1060.44,5.60,2
3400,DECODE,8,0,8,1061.75,9.16,2
3401,DECODE,8,0,8,1062.75,5.62,2
3402,DECODE,8,0,8,1063.75,7.92,2
3403,DECODE,8,0,8,1064.75,5.54,2
3404,DECODE,8,0,8,1065.75,4.98,2
3405,DECODE,8,0,8,1066.75,9.31,2
3406,DECODE,8,0,8,1067.75,2.52,2
3407,DECODE,8,0,8,1068.75,2.01,2
3408,DECODE,8,0,8,1069.75,4.90,2
3409,DECODE,8,0,8,1070.75,5.25,2
3410,DECODE,8,0,8,1071.75,9.30,2
3411,DECODE,8,0,8,1072.75,5.06,2
3412,DECODE,8,0,8,1073.75,5.39,2
3413,DECODE,8,0,8,1074.75,4.82,2
3414,DECODE,8,0,8,1075.75,3.42,2
3415,DECODE,8,0,8,1076.75,5.79,2
3416,DECODE,8,0,8,1077.75,2.49,2
3417,DECODE,8,0,8,1078.75,4.52,2
3418,DECODE,8,0,8,1079.75,5.79,2
3419,DECODE,8,0,8,1080.75,2.35,2
3420,DECODE,8,0,8,1081.75,5.04,2
3421,DECODE,8,0,8,1082.75,5.22,2
3422,DECODE,8,0,8,1083.75,4.90,2
3423,DECODE,8,0,8,1084.75,5.83,2
3424,DECODE,8,0,8,1085.75,2.35,2
3425,DECODE,8,0,8,1086.75,5.08,2
3426,DECODE,8,0,8,1087.75,5.07,2
3427,DECODE,8,0,8,1088.75,5.36,2
3428,DECODE,8,0,8,1089.75,5.03,2
3429,DECODE,7,0,7,1090.57,5.80,2
3430,DECODE,7,0,7,1091.57,5.76,2
3431,DECODE,7,0,7,1092.57,4.34,2
3432,DECODE,7,0,7,1093.57,6.16,2
3433,DECODE,7,0,7,1094.57,2.26,2
3434,DECODE,7,0,7,1095.57,2.31,2
3435,DECODE,7,0,7,1096.57,2.36,2
3436,DECODE,7,0,7,1097.57,5.57,2
3437,DECODE,7,0,7,1098.57,4.04,2
3438,DECODE,7,0,7,1099.57,5.24,2
3439,DECODE,7,0,7,1100.57,4.78,2
3440,DECODE,7,0,7,1101.57,5.36,2
3441,DECODE,7,0,7,1102.57,5.23,2
3442,DECODE,7,0,7,1103.57,5.15,2
3443,DECODE,7,0,7,1104.57,5.19,2
3444,DECODE,7,0,7,1105.57,5.17,2
3445,DECODE,7,0,7,1106.57,4.71,2
3446,DECODE,7,0,7,1107.57,5.35,2
3447,DECODE,7,0,7,1108.57,4.78,2
3448,DECODE,7,0,7,1109.57,5.47,2
3449,DECODE,7,0,7,1110.57,5.18,2
3450,DECODE,7,0,7,1111.57,4.69,2
3451,DECODE,7,0,7,1112.57,5.75,2
3452,DECODE,7,0,7,1113.57,4.58,2
3453,DECODE,7,0,7,1114.57,5.55,2
3454,DECODE,7,0,7,1115.57,5.00,2
3455,DECODE,7,0,7,1116.57,4.66,2
3456,DECODE,7,0,7,1117.57,5.42,2
3457,DECODE,7,0,7,1118.57,5.06,2
3458,DECODE,7,0,7,1119.57,5.28,2
3459,DECODE,7,0,7,1120.57,5.19,2
3460,DECODE,7,0,7,1121.57,4.36,2
3461,DECODE,7,0,7,1122.57,5.58,2
3462,DECODE,7,0,7,1123.57,5.03,2
3463,DECODE,7,0,7,1124.57,5.25,2
3464,DECODE,7,0,7,1125.57,5.20,2
3465,DECODE,7,0,7,1126.57,4.52,2
3466,DECODE,7,0,7,1127.57,5.49,2
3467,DECODE,7,0,7,1128.57,4.99,2
3468,DECODE,7,0,7,1129.57,5.27,2
3469,DECODE,7,0,7,1130.57,5.38,2
3470,DECODE,7,0,7,1131.57,4.29,2
3471,DECODE,7,0,7,1132.57,5.50,2
3472,DECODE,7,0,7,1133.57,5.01,2
3473,DECODE,7,0,7,1134.57,5.28,2
3474,DECODE,7,0,7,1135.57,5.32,2
3475,DECODE,7,0,7,1136.57,4.43,2
3476,DECODE,7,0,7,1137.57,5.54,2
3477,DECODE,7,0,7,1138.57,5.10,2
3478,DECODE,7,0,7,1139.57,5.18,2
3479,DECODE,7,0,7,1140.57,5.23,2
3480,DECODE,7,0,7,1141.57,4.48,2
3481,DECODE,7,0,7,1142.57,5.62,2
3482,DECODE,7,0,7,1143.57,4.95,2
3483,DECODE,7,0,7,1144.57,5.21,2
3484,DECODE,7,0,7,1145.57,5.28,2
3485,DECODE,7,0,7,1146.57,5.30,2
3486,DECODE,7,0,7,1147.57,5.74,2
3487,DECODE,7,0,7,1148.57,4.87,2
3488,DECODE,6,0,6,1149.50,9.55,2
3489,DECODE,6,0,6,1150.50,4.90,2
3490,DECODE,6,0,6,1151.50,5.78,2
3491,DECODE,6,0,6,1152.50,4.74,2
3492,DECODE,6,0,6,1153.50,5.55,2
3493,DECODE,6,0,6,1154.50,5.03,2
3494,DECODE,6,0,6,1155.50,5.43,2
3495,DECODE,6,0,6,1156.50,5.76,2
3496,DECODE,6,0,6,1157.50,4.74,2
3497,DECODE,6,0,6,1158.50,5.74,2
3498,DECODE,6,0,6,1159.50,4.98,2
3499,DECODE,6,0,6,1160.50,5.30,2
3500,DECODE,6,0,6,1161.50,5.67,2
3501,DECODE,6,0,6,1162.50,5.04,2
3502,DECODE,6,0,6,1163.50,5.45,2
3503,DECODE,6,0,6,1164.50,5.70,2
3504,DECODE,6,0,6,1165.50,5.03,2
3505,DECODE,6,0,6,1166.50,6.12,2
3506,DECODE,6,0,6,1167.50,4.95,2
3507,DECODE,6,0,6,1168.50,5.60,2
3508,DECODE,5,0,5,1169.60,11.80,2
3509,DECODE,5,0,5,1170.60,6.07,2
3510,DECODE,5,0,5,1171.60,5.14,2
3511,DECODE,5,0,5,1172.60,5.33,2
3512,DECODE,5,0,5,1173.60,5.01,2
3513,DECODE,5,0,5,1174.60,11.39,2
3514,DECODE,5,0,5,1175.60,4.83,2
3515,DECODE,5,0,5,1176.60,5.52,2
3516,DECODE,5,0,5,1177.60,5.02,2
3517,DECODE,5,0,5,1178.60,5.57,2
3518,DECODE,5,0,5,1179.60,5.60,2
3519,DECODE,5,0,5,1180.60,5.25,2
3520,DECODE,5,0,5,1181.60,5.13,2
3521,DECODE,5,0,5,1182.60,5.38,2
3522,DECODE,5,0,5,1183.60,5.09,2
3523,DECODE,5,0,5,1184.60,5.59,2
3524,DECODE,5,0,5,1185.60,5.02,2
3525,DECODE,5,0,5,1186.60,5.50,2
3526,DECODE,5,0,5,1187.60,5.17,2
3527,DECODE,5,0,5,1188.60,5.29,2
3528,DECODE,5,0,5,1189.60,5.75,2
3529,DECODE,5,0,5,1190.60,5.06,2
3530,DECODE,5,0,5,1191.60,1.99,2
3531,DECODE,5,0,5,1192.60,1.99,2
3532,DECODE,5,0,5,1193.60,2.14,2
3533,DECODE,5,0,5,1194.60,4.30,2
3534,DECODE,5,0,5,1195.60,2.22,2
3535,DECODE,5,0,5,1196.60,4.74,2
3536,DECODE,5,0,5,1197.60,2.04,2
3537,DECODE,5,0,5,1198.60,4.26,2
3538,DECODE,5,0,5,1199.60,2.18,2
3539,DECODE,5,0,5,1200.60,4.33,2
3540,DECODE,5,0,5,1201.60,2.33,2
3541,DECODE,5,0,5,1202.60,4.16,2
3542,DECODE,5,0,5,1203.60,2.34,2
3543,DECODE,5,0,5,1204.60,4.45,2
3544,DECODE,4,0,4,1205.25,1.96,2
3545,DECODE,3,0,3,1205.67,2.27,2
3546,DECODE,3,0,3,1206.67,4.52,2
3547,DECODE,3,0,3,1207.67,2.20,2
3548,DECODE,3,0,3,1208.67,2.23,2
3549,DECODE,3,0,3,1209.67,4.18,2
3550,DECODE,3,0,3,1210.67,2.18,2
3551,DECODE,3,0,3,1211.67,4.50,2
3552,DECODE,3,0,3,1212.67,2.10,2
3553,DECODE,3,0,3,1213.67,1.89,2
3554,DECODE,3,0,3,1214.67,2.16,2
3555,DECODE,3,0,3,1215.67,1.87,2
3556,DECODE,3,0,3,1216.67,1.96,2
3557,DECODE,3,0,3,1217.67,1.94,2
3558,DECODE,3,0,3,1218.67,1.95,2
3559,DECODE,3,0,3,1219.67,1.90,2
3560,DECODE,3,0,3,1220.67,4.35,2
3561,DECODE,3,0,3,1221.67,2.18,2
3562,DECODE,3,0,3,1222.67,4.01,2
3563,DECODE,3,0,3,1223.67,1.96,2
3564,DECODE,3,0,3,1224.67,1.96,2
3565,DECODE,3,0,3,1225.67,4.40,2
3566,DECODE,3,0,3,1226.67,2.15,2
3567,DECODE,3,0,3,1227.67,4.24,2
3568,DECODE,3,0,3,1228.67,2.24,2
3569,DECODE,3,0,3,1229.67,3.93,2
3570,DECODE,3,0,3,1230.67,1.98,2
3571,DECODE,3,0,3,1231.67,1.96,2
3572,DECODE,3,0,3,1232.67,2.21,2
3573,DECODE,3,0,3,1233.67,4.68,2
3574,DECODE,3,0,3,1234.67,1.97,2
3575,DECODE,3,0,3,1235.67,1.96,2
3576,DECODE,3,0,3,1236.67,2.18,2
3577,DECODE,3,0,3,1237.67,4.48,2
3578,DECODE,3,0,3,1238.67,1.97,2
3579,DECODE,2,0,2,1240.50,2.24,2
3580,DECODE,2,0,2,1241.50,4.28,2
3581,DECODE,2,0,2,1242.50,2.22,2
3582,DECODE,2,0,2,1243.50,4.44,2
3583,DECODE,2,0,2,1244.50,2.22,2
3584,DECODE,2,0,2,1245.50,1.77,2
3585,DECODE,2,0,2,1246.50,1.93,2
3586,DECODE,2,0,2,1247.50,1.91,2
3587,DECODE,2,0,2,1248.50,1.87,2
3588,DECODE,2,0,2,1249.50,2.01,2
3589,DECODE,2,0,2,1250.50,4.35,2
3590,DECODE,2,0,2,1251.50,2.27,2
3591,DECODE,2,0,2,1252.50,3.85,2
3592,DECODE,2,0,2,1253.50,1.94,2
3593,DECODE,2,0,2,1254.50,4.26,2
3594,DECODE,2,0,2,1255.50,2.23,2
3595,DECODE,2,0,2,1256.50,4.48,2
3596,DECODE,2,0,2,1257.50,1.96,2
3597,DECODE,2,0,2,1258.50,4.31,2
3598,DECODE,2,0,2,1259.50,2.23,2
3599,DECODE,2,0,2,1260.50,2.39,2
3600,DECODE,2,0,2,1261.50,4.45,2
3601,DECODE,2,0,2,1262.50,2.31,2
3602,DECODE,2,0,2,1263.50,4.27,2
3603,DECODE,2,0,2,1264.50,2.22,2
3604,DECODE,2,0,2,1265.50,4.44,2
3605,DECODE,2,0,2,1266.50,2.21,2
3606,DECODE,2,0,2,1267.50,2.06,2
3607,DECODE,2,0,2,1268.50,4.23,2
3608,DECODE,2,0,2,1269.50,2.21,2
3609,DECODE,2,0,2,1270.50,4.28,2
3610,DECODE,2,0,2,1271.50,2.27,2
3611,DECODE,2,0,2,1272.50,4.46,2
3612,DECODE,2,0,2,1273.50,2.02,2
3613,DECODE,2,0,2,1274.50,2.26,2
3614,DECODE,2,0,2,1275.50,4.41,2
3615,DECODE,2,0,2,1276.50,1.97,2
3616,DECODE,2,0,2,1277.50,4.18,2
3617,DECODE,2,0,2,1278.50,2.25,2
3618,DECODE,2,0,2,1279.50,4.44,2
3619,DECODE,2,0,2,1280.50,1.96,2
3620,DECODE,2,0,2,1281.50,2.22,2
3621,DECODE,2,0,2,1282.50,4.52,2
3622,DECODE,2,0,2,1283.50,5.23,2
3623,DECODE,2,0,2,1284.50,4.48,2
3624,DECODE,2,0,2,1285.50,5.86,2
3625,DECODE,1,0,1,1288.00,5.42,2
3626,DECODE,1,0,1,1289.00,5.19,2
3627,DECODE,1,0,1,1290.00,5.27,2
3628,DECODE,1,0,1,1291.00,2.13,2
3629,DECODE,1,0,1,1292.00,1.86,2
3630,DECODE,1,0,1,1293.00,4.63,2
3631,DECODE,1,0,1,1294.00,5.99,2
3632,DECODE,1,0,1,1295.00,5.13,2
3633,DECODE,1,0,1,1296.00,2.19,2
3634,DECODE,1,0,1,1297.00,1.87,2
3635,DECODE,1,0,1,1298.00,1.87,2
3636,DECODE,1,0,1,1299.00,2.06,2
3637,DECODE,1,0,1,1300.00,4.74,2
3638,DECODE,1,0,1,1301.00,2.30,2
3639,DECODE,1,0,1,1302.00,4.20,2
3640,DECODE,1,0,1,1303.00,2.35,2
3641,DECODE,1,0,1,1304.00,4.48,2
3642,DECODE,1,0,1,1305.00,2.38,2
3643,DECODE,1,0,1,1306.00,1.84,2
3644,DECODE,1,0,1,1307.00,1.92,2
3645,DECODE,1,0,1,1308.00,1.84,2
3646,DECODE,1,0,1,1309.00,1.77,2
3647,DECODE,1,0,1,1310.00,1.97,2
3648,DECODE,1,0,1,1311.00,1.87,2
3649,DECODE,1,0,1,1312.00,2.17,2
3650,DECODE,1,0,1,1313.00,1.79,2
3651,DECODE,1,0,1,1314.00,4.81,2
3652,DECODE,1,0,1,1315.00,2.30,2
3653,DECODE,1,0,1,1316.00,4.31,2
3654,DECODE,1,0,1,1317.00,2.42,2
3655,DECODE,1,0,1,1318.00,1.86,2
3656,DECODE,1,0,1,1319.00,1.92,2
3657,DECODE,1,0,1,1320.00,2.08,2
3658,DECODE,1,0,1,1321.00,4.24,2
3659,DECODE,1,0,1,1322.00,2.58,2
3660,DECODE,1,0,1,1323.00,4.18,2
3661,DECODE,1,0,1,1324.00,2.43,2
3662,DECODE,1,0,1,1325.00,1.92,2
3663,DECODE,1,0,1,1326.00,2.28,2
3664,DECODE,1,0,1,1327.00,1.91,2
3665,DECODE,1,0,1,1328.00,4.83,2
3666,DECODE,1,0,1,1329.00,2.21,2
3667,DECODE,1,0,1,1330.00,1.80,2
3668,DECODE,1,0,1,1331.00,1.91,2
3669,DECODE,1,0,1,1332.00,2.37,2
3670,DECODE,1,0,1,1333.00,4.24,2
3671,DECODE,1,0,1,1334.00,4.84,2
3672,DECODE,1,0,1,1335.00,5.07,2
3673,DECODE,1,0,1,1336.00,2.16,2
3674,DECODE,1,0,1,1337.00,2.02,2
3675,DECODE,1,0,1,1338.00,4.62,2
3676,DECODE,1,0,1,1339.00,4.40,2
3677,DECODE,1,0,1,1340.00,4.20,2
3678,DECODE,1,0,1,1341.00,2.40,2
3679,DECODE,1,0,1,1342.00,1.81,2
3680,DECODE,1,0,1,1343.00,2.22,2
3681,DECODE,1,0,1,1344.00,1.83,2
3682,DECODE,1,0,1,1345.00,4.61,2
3683,DECODE,1,0,1,1346.00,2.41,2
3684,DECODE,1,0,1,1347.00,1.80,2
3685,DECODE,1,0,1,1348.00,2.05,2
3686,DECODE,1,0,1,1349.00,4.56,2
3687,DECODE,1,0,1,1350.00,5.45,2
3688,DECODE,1,0,1,1351.00,4.87,2
3689,DECODE,1,0,1,1352.00,5.86,2
3690,DECODE,1,0,1,1353.00,4.43,2
3691,DECODE,1,0,1,1354.00,5.41,2
3692,DECODE,1,0,1,1355.00,1.85,2
3693,DECODE,1,0,1,1356.00,1.85,2
3694,DECODE,1,0,1,1357.00,2.03,2
3695,DECODE,1,0,1,1358.00,2.32,2
3696,DECODE,1,0,1,1359.00,1.84,2
3697,DECODE,1,0,1,1360.00,2.10,2
3698,DECODE,1,0,1,1361.00,4.26,2
3699,DECODE,1,0,1,1362.00,6.25,2
3700,DECODE,1,0,1,1363.00,4.38,2
3701,DECODE,1,0,1,1364.00,5.43,2
3702,DECODE,1,0,1,1365.00,1.97,2
3703,DECODE,1,0,1,1366.00,1.94,2
3704,DECODE,1,0,1,1367.00,4.44,2
3705,DECODE,1,0,1,1368.00,5.23,2
3706,DECODE,1,0,1,1369.00,5.18,2
3707,DECODE,1,0,1,1370.00,5.61,2
3708,DECODE,1,0,1,1371.00,1.80,2
3709,DECODE,1,0,1,1372.00,1.81,2
3710,DECODE,1,0,1,1373.00,1.81,2
3711,EXTEND,2,1046,0,1047.50,40.38,2
3712,EXTEND,9,8192,0,1512.78,112.57,2
3713,EXTEND,10,8192,0,1459.00,79.68,2
3714,EXTEND,12,8192,0,1311.00,100.47,2
3715,EXTEND,13,8192,0,1282.54,107.11,2
3716,EXTEND,9,8192,0,1535.11,84.42,2
3717,EXTEND,13,8192,0,1271.77,69.87,2
3718,EXTEND,10,8192,0,1579.80,67.75,2
3719,EXTEND,12,8192,0,1377.00,94.54,2
3720,EXTEND,12,8192,0,1323.67,167.32,2
3721,EXTEND,11,8192,0,1448.73,79.70,2
3722,EXTEND,10,8192,0,1505.70,62.43,2
3723,EXTEND,11,8192,0,1385.73,62.41,2
3724,EXTEND,12,8192,0,1338.83,54.48,2
3725,EXTEND,12,8192,0,1308.25,58.75,2
3726,EXTEND,11,8192,0,1338.64,58.66,2
3727,EXTEND,11,8192,0,1427.45,110.82,2
3728,EXTEND,10,8192,0,1557.60,86.34,2
3729,EXTEND,13,8192,0,1277.92,110.83,2
3730,EXTEND,11,8192,0,1324.82,80.96,2
3731,EXTEND,11,8192,0,1441.00,87.27,2
3732,EXTEND,12,8192,0,1282.17,90.59,2
3733,EXTEND,9,8192,0,1535.00,103.38,2
3734,EXTEND,13,8192,0,1250.31,67.09,2
3735,EXTEND,10,8192,0,1470.10,78.54,2
3736,EXTEND,11,8192,0,1535.36,74.77,2
3737,EXTEND,11,8192,0,1358.82,97.24,2
3738,EXTEND,10,8192,0,1457.40,75.01,2
3739,EXTEND,10,8192,0,1551.60,70.90,2
3740,EXTEND,11,8192,0,1361.82,80.64,2
3741,EXTEND,9,8192,0,1537.89,70.58,2
3742,EXTEND,11,8192,0,1425.45,134.81,2
3743,EXTEND,11,8192,0,1376.27,70.91,2
3744,EXTEND,12,8192,0,1344.25,77.77,2
3745,EXTEND,8,8192,0,1672.50,77.50,2
3746,EXTEND,10,8192,0,1505.70,58.68,2
3747,EXTEND,9,8192,0,1524.11,92.90,2
3748,EXTEND,11,8192,0,1355.27,133.60,2
3749,EXTEND,10,8192,0,1581.10,67.85,2
3750,EXTEND,3,1699,0,1455.00,49.81,2
3751,DECODE,378,0,378,1444.07,19.79,2
3752,DECODE,378,0,378,1445.07,43.99,2
3753,DECODE,378,0,378,1446.07,19.38,2
3754,DECODE,378,0,378,1447.07,77.31,2
3755,DECODE,378,0,378,1448.07,53.95,2
3756,DECODE,377,0,377,1446.64,49.19,2
3757,DECODE,377,0,377,1447.64,45.46,2
3758,DECODE,377,0,377,1448.64,60.78,2
3759,DECODE,377,0,377,1449.64,63.53,2
3760,DECODE,377,0,377,1450.64,74.13,2
3761,DECODE,377,0,377,1451.64,43.19,2
3762,DECODE,377,0,377,1452.64,48.92,2
3763,DECODE,377,0,377,1453.64,37.11,2
3764,DECODE,377,0,377,1454.64,38.52,2
3765,DECODE,377,0,377,1455.64,33.15,2
3766,DECODE,377,0,377,1456.64,56.68,2
3767,DECODE,377,0,377,1457.64,31.15,2
3768,DECODE,377,0,377,1458.64,32.67,2
3769,DECODE,377,0,377,1459.64,24.01,2
3770,DECODE,377,0,377,1460.64,46.29,2
3771,DECODE,377,0,377,1461.64,31.32,2
3772,DECODE,377,0,377,1462.64,33.02,2
3773,DECODE,377,0,377,1463.64,33.48,2
3774,DECODE,377,0,377,1464.64,32.03,2
3775,DECODE,377,0,377,1465.64,29.12,2
3776,DECODE,377,0,377,1466.64,27.55,2
3777,DECODE,377,0,377,1467.64,17.01,2
3778,DECODE,377,0,377,1468.64,38.83,2
3779,DECODE,377,0,377,1469.64,19.59,2
3780,DECODE,377,0,377,1470.64,39.26,2
3781,DECODE,377,0,377,1471.64,64.41,2
3782,DECODE,377,0,377,1472.64,59.68,2
3783,DECODE,377,0,377,1473.64,43.72,2
3784,DECODE,377,0,377,1474.64,24.54,2
3785,DECODE,377,0,377,1475.64,19.24,2
3786,DECODE,377,0,377,1476.64,43.95,2
3787,DECODE,377,0,377,1477.64,19.63,2
3788,DECODE,377,0,377,1478.64,59.54,2
3789,DECODE,377,0,377,1479.64,33.01,2
3790,DECODE,377,0,377,1480.64,39.68,2
3791,DECODE,376,0,376,1479.30,41.03,2
3792,DECODE,376,0,376,1480.30,36.32,2
3793,DECODE,376,0,376,1481.30,57.21,2
3794,DECODE,376,0,376,1482.30,27.92,2
3795,DECODE,376,0,376,1483.30,36.19,2
3796,DECODE,376,0,376,1484.30,39.08,2
3797,DECODE,376,0,376,1485.30,57.57,2
3798,DECODE,376,0,376,1486.30,35.49,2
3799,DECODE,376,0,376,1487.30,24.94,2
3800,DECODE,376,0,376,1488.30,68.62,2
3801,DECODE,376,0,376,1489.30,36.45,2
3802,DECODE,376,0,376,1490.30,78.74,2
3803,DECODE,376,0,376,1491.30,47.68,2
3804,DECODE,376,0,376,1492.30,26.66,2
3805,DECODE,376,0,376,1493.30,27.70,2
3806,DECODE,376,0,376,1494.30,28.00,2
3807,DECODE,376,0,376,1495.30,30.74,2
3808,DECODE,376,0,376,1496.30,31.28,2
3809,DECODE,376,0,376,1497.30,49.17,2
3810,DECODE,376,0,376,1498.30,30.26,2
3811,DECODE,376,0,376,1499.30,41.14,2
3812,DECODE,376,0,376,1500.30,57.94,2
3813,DECODE,376,0,376,1501.30,39.16,2
3814,DECODE,376,0,376,1502.30,62.09,2
3815,DECODE,376,0,376,1503.30,51.32,2
3816,DECODE,376,0,376,1504.30,45.63,2
3817,DECODE,376,0,376,1505.30,55.75,2
3818,DECODE,376,0,376,1506.30,22.53,2
3819,DECODE,376,0,376,1507.30,36.61,2
3820,DECODE,376,0,376,1508.30,44.93,2
3821,DECODE,376,0,376,1509.30,55.77,2
3822,DECODE,376,0,376,1510.30,58.99,2
3823,DECODE,376,0,376,1511.30,61.40,2
3824,DECODE,376,0,376,1512.30,46.08,2
3825,DECODE,376,0,376,1513.30,40.19,2
3826,DECODE,376,0,376,1514.30,32.03,2
3827,DECODE,376,0,376,1515.30,78.71,2
3828,DECODE,376,0,376,1516.30,33.22,2
3829,DECODE,376,0,376,1517.30,20.80,2
3830,DECODE,376,0,376,1518.30,28.28,2
3831,DECODE,376,0,376,1519.30,28.45,2
3832,DECODE,376,0,376,1520.30,25.97,2
3833,DECODE,376,0,376,1521.30,17.50,2
3834,DECODE,376,0,376,1522.30,27.82,2
3835,DECODE,376,0,376,1523.30,50.35,2
3836,DECODE,376,0,376,1524.30,44.30,2
3837,DECODE,376,0,376,1525.30,35.23,2
3838,DECODE,376,0,376,1526.30,35.96,2
3839,DECODE,376,0,376,1527.30,25.09,2
3840,DECODE,376,0,376,1528.30,28.60,2
3841,DECODE,376,0,376,1529.30,56.37,2
3842,DECODE,376,0,376,1530.30,45.21,2
3843,DECODE,376,0,376,1531.30,33.90,2
3844,DECODE,376,0,376,1532.30,34.62,2
3845,DECODE,376,0,376,1533.30,30.61,2
3846,DECODE,376,0,376,1534.30,32.66,2
3847,DECODE,376,0,376,1535.30,20.77,2
3848,DECODE,376,0,376,1536.30,39.81,2
3849,DECODE,376,0,376,1537.30,60.93,2
3850,DECODE,376,0,376,1538.30,41.85,2
3851,DECODE,376,0,376,1539.30,44.24,2
3852,DECODE,375,0,375,1540.07,40.89,2
3853,DECODE,375,0,375,1541.07,76.35,2
3854,DECODE,375,0,375,1542.07,33.57,2
3855,DECODE,375,0,375,1543.07,34.06,2
3856,DECODE,375,0,375,1544.07,44.67,2
3857,DECODE,375,0,375,1545.07,24.31,2
3858,DECODE,375,0,375,1546.07,20.27,2
3859,DECODE,373,0,373,1547.98,29.65,2
3860,DECODE,373,0,373,1548.98,29.10,2
3861,DECODE,373,0,373,1549.98,26.96,2
3862,DECODE,373,0,373,1550.98,71.48,2
3863,DECODE,373,0,373,1551.98,69.31,2
3864,DECODE,373,0,373,1552.98,67.90,2
3865,DECODE,373,0,373,1553.98,51.85,2
3866,DECODE,373,0,373,1554.98,82.65,2
3867,DECODE,373,0,373,1555.98,55.09,2
3868,DECODE,373,0,373,1556.98,63.38,2
3869,DECODE,373,0,373,1557.98,61.17,2
3870,DECODE,373,0,373,1558.98,65.78,2
3871,DECODE,373,0,373,1559.98,65.84,2
3872,DECODE,372,0,372,1562.26,59.15,2
3873,DECODE,372,0,372,1563.26,67.72,2
3874,DECODE,372,0,372,1564.26,59.16,2
3875,DECODE,371,0,371,1564.98,62.78,2
3876,DECODE,370,0,370,1565.52,45.02,2
3877,DECODE,370,0,370,1566.52,32.93,2
3878,DECODE,370,0,370,1567.52,37.12,2
3879,DECODE,370,0,370,1568.52,41.23,2
3880,DECODE,370,0,370,1569.52,41.68,2
3881,DECODE,370,0,370,1570.52,37.45,2
3882,DECODE,370,0,370,1571.52,25.93,2
3883,DECODE,370,0,370,1572.52,29.72,2
3884,DECODE,370,0,370,1573.52,34.57,2
3885,DECODE,369,0,369,1574.26,33.32,2
3886,DECODE,366,0,366,1575.88,29.17,2
3887,DECODE,366,0,366,1576.88,32.71,2
3888,DECODE,366,0,366,1577.88,51.75,2
3889,DECODE,366,0,366,1578.88,70.53,2
3890,DECODE,364,0,364,1580.98,44.12,2
3891,DECODE,363,0,363,1582.90,37.27,2
3892,DECODE,363,0,363,1583.90,32.18,2
3893,DECODE,362,0,362,1584.60,53.87,2
3894,DECODE,362,0,362,1585.60,27.32,2
3895,DECODE,360,0,360,1587.39,30.29,2
3896,DECODE,360,0,360,1588.39,38.10,2
3897,DECODE,359,0,359,1589.14,44.69,2
3898,DECODE,359,0,359,1590.14,37.88,2
3899,DECODE,359,0,359,1591.14,31.34,2
3900,DECODE,357,0,357,1591.21,23.27,2
3901,DECODE,356,0,356,1591.74,31.19,2
3902,DECODE,356,0,356,1592.74,31.57,2
3903,DECODE,356,0,356,1593.74,43.08,2
3904,DECODE,356,0,356,1594.74,56.51,2
3905,DECODE,356,0,356,1595.74,74.68,2
3906,DECODE,354,0,354,1595.99,39.19,2
3907,DECODE,354,0,354,1596.99,24.10,2
3908,DECODE,352,0,352,1597.20,39.51,2
3909,DECODE,352,0,352,1598.20,34.44,2
3910,DECODE,351,0,351,1600.01,39.66,2
3911,DECODE,349,0,349,1602.93,49.66,2
3912,DECODE,349,0,349,1603.93,67.54,2
3913,DECODE,349,0,349,1604.93,56.24,2
3914,DECODE,348,0,348,1604.13,33.95,2
3915,DECODE,347,0,347,1606.45,44.37,2
3916,DECODE,345,0,345,1606.39,46.34,2
3917,DECODE,345,0,345,1607.39,55.94,2
3918,DECODE,345,0,345,1608.39,49.81,2
3919,DECODE,345,0,345,1609.39,40.96,2
3920,DECODE,344,0,344,1609.74,36.09,2
3921,DECODE,342,0,342,1611.56,51.31,2
3922,DECODE,341,0,341,1613.99,30.05,2
3923,DECODE,339,0,339,1615.64,46.32,2
3924,DECODE,339,0,339,1616.64,58.20,2
3925,DECODE,337,0,337,1617.09,48.27,2
3926,DECODE,337,0,337,1618.09,34.74,2
3927,DECODE,337,0,337,1619.09,59.42,2
3928,DECODE,337,0,337,1620.09,44.63,2
3929,DECODE,335,0,335,1623.24,49.81,2
3930,DECODE,335,0,335,1624.24,67.10,2
3931,DECODE,333,0,333,1626.11,28.80,2
3932,DECODE,331,0,331,1627.95,47.01,2
3933,DECODE,329,0,329,1628.07,46.46,2
3934,DECODE,329,0,329,1629.07,41.96,2
3935,DECODE,328,0,328,1631.14,46.34,2
3936,DECODE,327,0,327,1632.99,47.48,2
3937,DECODE,325,0,325,1634.94,58.53,2
3938,DECODE,324,0,324,1635.41,86.29,2
3939,DECODE,323,0,323,1637.37,62.95,2
3940,DECODE,322,0,322,1639.91,71.50,2
3941,DECODE,322,0,322,1640.91,57.99,2
3942,DECODE,322,0,322,1641.91,56.46,2
3943,DECODE,322,0,322,1642.91,51.11,2
3944,DECODE,322,0,322,1643.91,38.27,2
3945,DECODE,322,0,322,1644.91,51.98,2
3946,DECODE,320,0,320,1644.48,56.78,2
3947,DECODE,320,0,320,1645.48,34.14,2
3948,DECODE,318,0,318,1645.62,63.38,2
3949,DECODE,318,0,318,1646.62,66.52,2
3950,DECODE,315,0,315,1645.72,64.25,2
3951,DECODE,314,0,314,1646.11,25.05,2
3952,DECODE,314,0,314,1647.11,60.78,2
3953,DECODE,310,0,310,1647.35,30.35,2
3954,DECODE,309,0,309,1647.77,51.61,2
3955,DECODE,308,0,308,1650.04,45.36,2
3956,DECODE,308,0,308,1651.04,65.92,2
3957,DECODE,305,0,305,1651.42,47.63,2
3958,DECODE,300,0,300,1654.09,31.55,2
3959,DECODE,298,0,298,1654.35,42.04,2
3960,DECODE,295,0,295,1652.23,63.81,2
3961,DECODE,293,0,293,1655.39,50.18,2
3962,DECODE,291,0,291,1656.09,48.61,2
3963,DECODE,289,0,289,1658.13,60.75,2
3964,DECODE,288,0,288,1660.94,54.72,2
3965,DECODE,287,0,287,1663.15,51.98,2
3966,DECODE,286,0,286,1663.53,41.40,2
3967,DECODE,285,0,285,1666.19,48.85,2
3968,DECODE,284,0,284,1664.74,54.07,2
3969,DECODE,283,0,283,1666.95,53.52,2
3970,DECODE,282,0,282,1667.57,55.09,2
3971,DECODE,282,0,282,1668.57,37.21,2
3972,DECODE,280,0,280,1669.74,51.77,2
3973,DECODE,279,0,279,1670.40,69.33,2
3974,DECODE,278,0,278,1672.97,46.62,2
3975,DECODE,275,0,275,1672.92,42.27,2
3976,DECODE,273,0,273,1673.05,37.84,2
3977,DECODE,272,0,272,1675.39,48.74,2
3978,DECODE,272,0,272,1676.39,46.95,2
3979,DECODE,268,0,268,1675.43,64.69,2
3980,DECODE,265,0,265,1675.05,58.08,2
3981,DECODE,263,0,263,1674.83,54.47,2
3982,DECODE,263,0,263,1675.83,48.78,2
3983,DECODE,262,0,262,1678.28,30.43,2
3984,DECODE,262,0,262,1679.28,45.64,2
3985,DECODE,257,0,257,1685.16,30.14,2
3986,DECODE,255,0,255,1686.90,55.73,2
3987,DECODE,252,0,252,1688.27,26.78,2
3988,DECODE,249,0,249,1685.67,30.30,2
3989,DECODE,249,0,249,1686.67,31.90,2
3990,DECODE,247,0,247,1684.30,43.77,2
3991,DECODE,245,0,245,1688.16,47.52,2
3992,DECODE,243,0,243,1687.70,36.87,2
3993,DECODE,242,0,242,1689.95,37.35,2
3994,DECODE,241,0,241,1690.92,57.20,2
3995,DECODE,240,0,240,1690.88,35.02,2
3996,DECODE,237,0,237,1689.59,31.18,2
3997,DECODE,237,0,237,1690.59,47.52,2
3998,DECODE,235,0,235,1690.69,51.46,2
3999,DECODE,233,0,233,1694.57,45.69,2
4000,DECODE,230,0,230,1691.01,42.49,2
4001,DECODE,229,0,229,1691.53,43.74,2
4002,DECODE,227,0,227,1692.88,42.66,2
4003,DECODE,227,0,227,1693.88,42.40,2
4004,DECODE,224,0,224,1696.51,48.33,2
4005,DECODE,224,0,224,1697.51,51.94,2
4006,DECODE,224,0,224,1698.51,43.38,2
4007,DECODE,221,0,221,1697.43,40.95,2
4008,DECODE,220,0,220,1697.12,35.06,2
4009,DECODE,219,0,219,1697.36,42.66,2
4010,DECODE,219,0,219,1698.36,31.34,2
4011,DECODE,219,0,219,1699.36,32.13,2
4012,DECODE,218,0,218,1699.42,33.61,2
4013,DECODE,216,0,216,1701.18,32.50,2
4014,DECODE,214,0,214,1703.71,38.03,2
4015,DECODE,213,0,213,1701.62,34.00,2
4016,DECODE,212,0,212,1699.82,44.07,2
4017,DECODE,209,0,209,1702.25,37.40,2
4018,DECODE,209,0,209,1703.25,44.99,2
4019,DECODE,208,0,208,1705.49,35.76,2
4020,DECODE,207,0,207,1704.82,23.21,2
4021,DECODE,206,0,206,1704.95,27.29,2
4022,DECODE,204,0,204,1703.26,22.41,2
4023,DECODE,204,0,204,1704.26,34.41,2
4024,DECODE,200,0,200,1710.37,35.51,2
4025,DECODE,199,0,199,1711.47,31.58,2
4026,DECODE,197,0,197,1713.46,44.17,2
4027,DECODE,196,0,196,1716.10,30.83,2
4028,DECODE,195,0,195,1719.03,24.82,2
4029,DECODE,195,0,195,1720.03,37.66,2
4030,DECODE,195,0,195,1721.03,50.04,2
4031,DECODE,194,0,194,1721.66,38.75,2
4032,DECODE,190,0,190,1715.68,40.57,2
4033,DECODE,189,0,189,1718.80,44.53,2
4034,DECODE,188,0,188,1721.99,44.92,2
4035,DECODE,185,0,185,1723.09,35.74,2
4036,DECODE,183,0,183,1727.05,46.41,2
4037,DECODE,183,0,183,1728.05,41.38,2
4038,DECODE,181,0,181,1724.23,42.64,2
4039,DECODE,179,0,179,1723.13,43.76,2
4040,DECODE,177,0,177,1727.60,51.57,2
4041,DECODE,176,0,176,1727.65,38.34,2
4042,DECODE,170,0,170,1731.72,47.88,2
4043,DECODE,170,0,170,1732.72,49.97,2
4044,DECODE,169,0,169,1733.54,39.18,2
4045,DECODE,168,0,168,1733.44,37.19,2
4046,DECODE,166,0,166,1729.59,50.77,2
4047,DECODE,166,0,166,1730.59,52.09,2
4048,DECODE,165,0,165,1728.61,30.80,2
4049,DECODE,165,0,165,1729.61,33.71,2
4050,DECODE,165,0,165,1730.61,24.02,2
4051,DECODE,165,0,165,1731.61,23.14,2
4052,DECODE,165,0,165,1732.61,27.80,2
4053,DECODE,164,0,164,1729.78,47.68,2
4054,DECODE,164,0,164,1730.78,28.58,2
4055,DECODE,163,0,163,1731.53,30.57,2
4056,DECODE,162,0,162,1728.65,34.48,2
4057,DECODE,161,0,161,1728.96,51.42,2
4058,DECODE,160,0,160,1728.71,39.60,2
4059,DECODE,159,0,159,1728.04,30.25,2
4060,DECODE,158,0,158,1731.78,49.21,2
4061,DECODE,157,0,157,1732.27,47.42,2
4062,DECODE,155,0,155,1734.52,25.14,2
4063,DECODE,155,0,155,1735.52,41.25,2
4064,DECODE,155,0,155,1736.52,47.76,2
4065,DECODE,154,0,154,1736.68,34.49,2
4066,DECODE,151,0,151,1735.12,45.35,2
4067,DECODE,149,0,149,1737.20,41.36,2
4068,DECODE,149,0,149,1738.20,31.93,2
4069,DECODE,147,0,147,1740.45,34.41,2
4070,DECODE,146,0,146,1737.47,20.58,2
4071,DECODE,145,0,145,1740.52,55.22,2
4072,DECODE,144,0,144,1739.77,34.47,2
4073,DECODE,140,0,140,1744.71,43.20,2
4074,DECODE,139,0,139,1743.27,34.21,2
4075,DECODE,138,0,138,1742.51,20.47,2
4076,DECODE,137,0,137,1747.12,32.55,2
4077,DECODE,137,0,137,1748.12,35.27,2
4078,DECODE,135,0,135,1749.16,34.66,2
4079,DECODE,132,0,132,1749.61,20.56,2
4080,DECODE,132,0,132,1750.61,42.80,2
4081,DECODE,131,0,131,1753.55,21.25,2
4082,DECODE,130,0,130,1756.94,36.04,2
4083,DECODE,128,0,128,1758.02,54.68,2
4084,DECODE,127,0,127,1756.29,31.93,2
4085,DECODE,125,0,125,1753.11,39.51,2
4086,DECODE,124,0,124,1752.87,31.45,2
4087,DECODE,121,0,121,1756.04,30.93,2
4088,DECODE,119,0,119,1759.15,27.58,2
4089,DECODE,117,0,117,1760.97,31.17,2
4090,DECODE,117,0,117,1761.97,31.48,2
4091,DECODE,116,0,116,1761.24,32.64,2
4092,DECODE,116,0,116,1762.24,31.40,2
4093,DECODE,115,0,115,1761.68,30.32,2
4094,DECODE,115,0,115,1762.68,27.67,2
4095,DECODE,114,0,114,1762.51,34.85,2
4096,DECODE,113,0,113,1762.16,30.53,2
4097,DECODE,110,0,110,1759.30,29.04,2
4098,DECODE,108,0,108,1757.97,27.66,2
4099,DECODE,108,0,108,1758.97,19.23,2
4100,DECODE,106,0,106,1760.42,18.54,2
4101,DECODE,106,0,106,1761.42,12.76,2
4102,DECODE,105,0,105,1763.78,10.12,2
4103,DECODE,104,0,104,1762.93,16.66,2
4104,DECODE,101,0,101,1768.47,16.36,2
4105,DECODE,101,0,101,1769.47,16.57,2
4106,DECODE,101,0,101,1770.47,9.18,2
4107,DECODE,101,0,101,1771.47,12.79,2
4108,DECODE,100,0,100,1774.46,11.51,2
4109,DECODE,100,0,100,1775.46,16.30,2
4110,DECODE,99,0,99,1774.22,12.83,2
4111,DECODE,98,0,98,1773.98,20.01,2
4112,DECODE,98,0,98,1774.98,10.89,2
4113,DECODE,97,0,97,1780.48,15.93,2
4114,DECODE,97,0,97,1781.48,13.94,2
4115,DECODE,97,0,97,1782.48,13.11,2
4116,DECODE,95,0,95,1784.79,11.51,2
4117,DECODE,95,0,95,1785.79,15.08,2
4118,DECODE,94,0,94,1784.00,14.27,2
4119,DECODE,94,0,94,1785.00,13.02,2
4120,DECODE,94,0,94,1786.00,8.50,2
4121,DECODE,92,0,92,1786.86,10.87,2
4122,DECODE,92,0,92,1787.86,9.72,2
4123,DECODE,92,0,92,1788.86,8.53,2
4124,DECODE,92,0,92,1789.86,7.61,2
4125,DECODE,92,0,92,1790.86,8.85,2
4126,DECODE,91,0,91,1796.30,9.57,2
4127,DECODE,90,0,90,1794.37,13.33,2
4128,DECODE,90,0,90,1795.37,9.50,2
4129,DECODE,90,0,90,1796.37,8.34,2
4130,DECODE,90,0,90,1797.37,10.17,2
4131,DECODE,90,0,90,1798.37,9.31,2
4132,DECODE,87,0,87,1792.92,18.07,2
4133,DECODE,85,0,85,1797.93,16.91,2
4134,DECODE,85,0,85,1798.93,8.90,2
4135,DECODE,85,0,85,1799.93,12.66,2
4136,DECODE,84,0,84,1804.71,41.98,2
4137,DECODE,81,0,81,1806.83,42.67,2
4138,DECODE,81,0,81,1807.83,12.90,2
4139,DECODE,79,0,79,1812.63,12.83,2
4140,DECODE,79,0,79,1813.63,13.23,2
4141,DECODE,77,0,77,1809.00,15.64,2
4142,DECODE,76,0,76,1813.54,20.15,2
4143,DECODE,75,0,75,1812.29,10.44,2
4144,DECODE,74,0,74,1810.51,18.43,2
4145,DECODE,73,0,73,1814.93,11.53,2
4146,DECODE,73,0,73,1815.93,9.21,2
4147,DECODE,72,0,72,1819.51,16.47,2
4148,DECODE,72,0,72,1820.51,12.85,2
4149,DECODE,71,0,71,1818.89,17.43,2
4150,DECODE,71,0,71,1819.89,16.72,2
4151,DECODE,68,0,68,1822.43,13.39,2
4152,DECODE,68,0,68,1823.43,12.69,2
4153,DECODE,67,0,67,1823.01,15.83,2
4154,DECODE,67,0,67,1824.01,11.74,2
4155,DECODE,67,0,67,1825.01,9.10,2
4156,DECODE,66,0,66,1828.42,10.70,2
4157,DECODE,66,0,66,1829.42,12.30,2
4158,DECODE,65,0,65,1826.09,14.52,2
4159,DECODE,65,0,65,1827.09,13.17,2
4160,DECODE,64,0,64,1832.94,16.40,2
4161,DECODE,64,0,64,1833.94,12.87,2
4162,DECODE,64,0,64,1834.94,9.04,2
4163,DECODE,63,0,63,1832.03,9.69,2
4164,DECODE,63,0,63,1833.03,19.62,2
4165,DECODE,62,0,62,1838.31,8.91,2
4166,DECODE,62,0,62,1839.31,9.34,2
4167,DECODE,59,0,59,1829.10,13.14,2
4168,DECODE,57,0,57,1827.37,6.60,2
4169,DECODE,55,0,55,1816.64,31.59,2
4170,DECODE,55,0,55,1817.64,26.05,2
4171,DECODE,54,0,54,1824.44,41.01,2
4172,DECODE,54,0,54,1825.44,16.98,2
4173,DECODE,54,0,54,1826.44,8.60,2
4174,DECODE,54,0,54,1827.44,9.33,2
4175,DECODE,53,0,53,1833.60,12.78,2
4176,DECODE,53,0,53,1834.60,5.53,2
4177,DECODE,53,0,53,1835.60,13.33,2
4178,DECODE,53,0,53,1836.60,8.59,2
4179,DECODE,52,0,52,1843.63,9.79,2
4180,DECODE,51,0,51,1851.02,13.15,2
4181,DECODE,51,0,51,1852.02,9.01,2
4182,DECODE,51,0,51,1853.02,18.84,2
4183,DECODE,51,0,51,1854.02,12.66,2
4184,DECODE,51,0,51,1855.02,9.48,2
4185,DECODE,51,0,51,1856.02,8.80,2
4186,DECODE,51,0,51,1857.02,8.46,2
4187,DECODE,51,0,51,1858.02,9.41,2
4188,DECODE,51,0,51,1859.02,8.59,2
4189,DECODE,51,0,51,1860.02,8.91,2
4190,DECODE,50,0,50,1859.46,20.62,2
4191,DECODE,49,0,49,1855.65,12.75,2
4192,DECODE,48,0,48,1852.19,16.52,2
4193,DECODE,47,0,47,1850.15,10.98,2
4194,DECODE,47,0,47,1851.15,9.43,2
4195,DECODE,47,0,47,1852.15,8.53,2
4196,DECODE,47,0,47,1853.15,8.71,2
4197,DECODE,46,0,46,1862.57,27.73,2
4198,DECODE,45,0,45,1872.49,7.09,2
4199,DECODE,45,0,45,1873.49,16.60,2
4200,DECODE,45,0,45,1874.49,6.01,2
4201,DECODE,45,0,45,1875.49,5.86,2
4202,DECODE,44,0,44,1884.14,29.70,2
4203,DECODE,44,0,44,1885.14,13.25,2
4204,DECODE,44,0,44,1886.14,5.53,2
4205,DECODE,43,0,43,1887.72,17.30,2
4206,DECODE,43,0,43,1888.72,25.55,2
4207,DECODE,43,0,43,1889.72,13.31,2
4208,DECODE,42,0,42,1897.40,9.46,2
4209,DECODE,41,0,41,1895.90,7.02,2
4210,DECODE,41,0,41,1896.90,5.99,2
4211,DECODE,41,0,41,1897.90,5.49,2
4212,DECODE,41,0,41,1898.90,5.80,2
4213,DECODE,41,0,41,1899.90,5.35,2
4214,DECODE,40,0,40,1895.50,15.49,2
4215,DECODE,40,0,40,1896.50,8.70,2
4216,DECODE,39,0,39,1906.26,6.69,2
4217,DECODE,39,0,39,1907.26,9.09,2
4218,DECODE,38,0,38,1906.66,13.01,2
4219,DECODE,38,0,38,1907.66,6.22,2
4220,DECODE,38,0,38,1908.66,11.39,2
4221,DECODE,37,0,37,1901.84,12.49,2
4222,DECODE,36,0,36,1911.61,6.24,2
4223,DECODE,35,0,35,1903.17,19.76,2
4224,DECODE,35,0,35,1904.17,9.20,2
4225,DECODE,35,0,35,1905.17,9.23,2
4226,DECODE,35,0,35,1906.17,5.96,2
4227,DECODE,35,0,35,1907.17,5.17,2
4228,DECODE,34,0,34,1902.76,10.02,2
4229,DECODE,34,0,34,1903.76,14.93,2
4230,DECODE,34,0,34,1904.76,9.39,2
4231,DECODE,33,0,33,1914.82,13.17,2
4232,DECODE,33,0,33,1915.82,5.35,2
4233,DECODE,33,0,33,1916.82,5.92,2
4234,DECODE,33,0,33,1917.82,10.09,2
4235,DECODE,33,0,33,1918.82,11.90,2
4236,DECODE,32,0,32,1916.72,10.56,2
4237,DECODE,31,0,31,1928.74,12.77,2
4238,DECODE,31,0,31,1929.74,5.67,2
4239,DECODE,31,0,31,1930.74,5.61,2
4240,DECODE,31,0,31,1931.74,5.96,2
4241,DECODE,31,0,31,1932.74,4.96,2
4242,DECODE,31,0,31,1933.74,18.15,2
4243,DECODE,31,0,31,1934.74,9.27,2
4244,DECODE,31,0,31,1935.74,5.55,2
4245,DECODE,31,0,31,1936.74,5.47,2
4246,DECODE,31,0,31,1937.74,5.50,2
4247,DECODE,31,0,31,1938.74,9.00,2
4248,DECODE,31,0,31,1939.74,5.91,2
4249,DECODE,31,0,31,1940.74,5.14,2
4250,DECODE,31,0,31,1941.74,5.94,2
4251,DECODE,31,0,31,1942.74,9.09,2
4252,DECODE,31,0,31,1943.74,5.68,2
4253,DECODE,31,0,31,1944.74,5.38,2
4254,DECODE,31,0,31,1945.74,5.63,2
4255,DECODE,31,0,31,1946.74,9.16,2
4256,DECODE,31,0,31,1947.74,5.44,2
4257,DECODE,31,0,31,1948.74,5.60,2
4258,DECODE,31,0,31,1949.74,5.41,2
4259,DECODE,31,0,31,1950.74,9.00,2
4260,DECODE,31,0,31,1951.74,5.69,2
4261,DECODE,31,0,31,1952.74,5.23,2
4262,DECODE,30,0,30,1962.43,9.45,2
4263,DECODE,29,0,29,1956.14,13.47,2
4264,DECODE,29,0,29,1957.14,5.29,2
4265,DECODE,29,0,29,1958.14,6.03,2
4266,DECODE,29,0,29,1959.14,12.94,2
4267,DECODE,29,0,29,1960.14,5.64,2
4268,DECODE,29,0,29,1961.14,5.30,2
4269,DECODE,29,0,29,1962.14,6.33,2
4270,DECODE,29,0,29,1963.14,9.16,2
4271,DECODE,29,0,29,1964.14,5.93,2
4272,DECODE,29,0,29,1965.14,5.18,2
4273,DECODE,29,0,29,1966.14,6.63,2
4274,DECODE,29,0,29,1967.14,9.46,2
4275,DECODE,28,0,28,1965.43,31.90,2
4276,DECODE,28,0,28,1966.43,31.88,2
4277,DECODE,28,0,28,1967.43,9.29,2
4278,DECODE,28,0,28,1968.43,8.51,2
4279,DECODE,28,0,28,1969.43,9.30,2
4280,DECODE,28,0,28,1970.43,5.58,2
4281,DECODE,28,0,28,1971.43,6.07,2
4282,DECODE,27,0,27,1966.81,9.64,2
4283,DECODE,27,0,27,1967.81,18.99,2
4284,DECODE,27,0,27,1968.81,8.88,2
4285,DECODE,27,0,27,1969.81,9.21,2
4286,DECODE,26,0,26,1985.81,15.40,2
4287,DECODE,26,0,26,1986.81,6.54,2
4288,DECODE,25,0,25,1994.76,20.05,2
4289,DECODE,24,0,24,1988.46,9.61,2
4290,DECODE,24,0,24,1989.46,6.06,2
4291,DECODE,24,0,24,1990.46,4.91,2
4292,DECODE,24,0,24,1991.46,5.41,2
4293,DECODE,24,0,24,1992.46,5.44,2
4294,DECODE,24,0,24,1993.46,5.44,2
4295,DECODE,22,0,22,2009.41,16.57,2
4296,DECODE,22,0,22,2010.41,8.51,2
4297,DECODE,22,0,22,2011.41,6.88,2
4298,DECODE,22,0,22,2012.41,8.98,2
4299,DECODE,22,0,22,2013.41,5.63,2
4300,DECODE,22,0,22,2014.41,5.32,2
4301,DECODE,21,0,21,2000.10,16.41,2
4302,DECODE,21,0,21,2001.10,5.44,2
4303,DECODE,21,0,21,2002.10,5.50,2
4304,DECODE,20,0,20,2028.60,13.05,2
4305,DECODE,19,0,19,2021.21,25.55,2
4306,DECODE,19,0,19,2022.21,6.11,2
4307,DECODE,19,0,19,2023.21,5.07,2
4308,DECODE,18,0,18,2005.50,6.04,2
4309,DECODE,18,0,18,2006.50,4.85,2
4310,DECODE,18,0,18,2007.50,4.59,2
4311,DECODE,18,0,18,2008.50,6.05,2
4312,DECODE,18,0,18,2009.50,4.52,2
4313,DECODE,17,0,17,1989.88,10.71,2
4314,DECODE,17,0,17,1990.88,9.02,2
4315,DECODE,17,0,17,1991.88,5.23,2
4316,DECODE,17,0,17,1992.88,4.98,2
4317,DECODE,17,0,17,1993.88,5.85,2
4318,DECODE,17,0,17,1994.88,5.96,2
4319,DECODE,17,0,17,1995.88,4.60,2
4320,DECODE,17,0,17,1996.88,6.12,2
4321,DECODE,17,0,17,1997.88,4.55,2
4322,DECODE,17,0,17,1998.88,10.39,2
4323,DECODE,17,0,17,1999.88,6.06,2
4324,DECODE,17,0,17,2000.88,4.81,2
4325,DECODE,17,0,17,2001.88,5.96,2
4326,DECODE,17,0,17,2002.88,4.73,2
4327,DECODE,17,0,17,2003.88,5.99,2
4328,DECODE,17,0,17,2004.88,4.84,2
4329,DECODE,17,0,17,2005.88,5.61,2
4330,DECODE,17,0,17,2006.88,4.95,2
4331,DECODE,17,0,17,2007.88,6.49,2
4332,DECODE,17,0,17,2008.88,6.11,2
4333,DECODE,16,0,16,2026.94,9.48,2
4334,DECODE,16,0,16,2027.94,4.94,2
4335,DECODE,15,0,15,2006.53,6.76,2
4336,DECODE,15,0,15,2007.53,9.01,2
4337,DECODE,15,0,15,2008.53,5.25,2
4338,DECODE,15,0,15,2009.53,5.44,2
4339,DECODE,14,0,14,2040.00,10.34,2
4340,DECODE,14,0,14,2041.00,5.59,2
4341,DECODE,14,0,14,2042.00,4.87,2
4342,DECODE,14,0,14,2043.00,5.86,2
4343,DECODE,14,0,14,2044.00,4.82,2
4344,DECODE,14,0,14,2045.00,5.58,2
4345,DECODE,14,0,14,2046.00,5.71,2
4346,DECODE,14,0,14,2047.00,4.89,2
4347,DECODE,14,0,14,2048.00,5.72,2
4348,DECODE,14,0,14,2049.00,5.16,2
4349,DECODE,14,0,14,2050.00,5.61,2
4350,DECODE,14,0,14,2051.00,5.86,2
4351,DECODE,14,0,14,2052.00,4.47,2
4352,DECODE,14,0,14,2053.00,7.89,2
4353,DECODE,14,0,14,2054.00,5.84,2
4354,DECODE,14,0,14,2055.00,5.55,2
4355,DECODE,13,0,13,2032.46,12.78,2
4356,DECODE,13,0,13,2033.46,5.71,2
4357,DECODE,13,0,13,2034.46,4.99,2
4358,DECODE,13,0,13,2035.46,5.92,2
4359,DECODE,13,0,13,2036.46,4.38,2
4360,DECODE,13,0,13,2037.46,6.17,2
4361,DECODE,12,0,12,2052.42,19.96,2
4362,DECODE,12,0,12,2053.42,22.45,2
4363,DECODE,11,0,11,2039.91,9.74,2
4364,DECODE,11,0,11,2040.91,5.26,2
4365,DECODE,11,0,11,2041.91,5.24,2
4366,DECODE,11,0,11,2042.91,5.34,2
4367,DECODE,10,0,10,2011.80,13.17,2
4368,DECODE,10,0,10,2012.80,5.06,2
4369,DECODE,10,0,10,2013.80,5.52,2
4370,DECODE,10,0,10,2014.80,4.85,2
4371,DECODE,10,0,10,2015.80,2.46,2
4372,DECODE,10,0,10,2016.80,2.43,2
4373,DECODE,10,0,10,2017.80,2.31,2
4374,DECODE,10,0,10,2018.80,4.64,2
4375,DECODE,10,0,10,2019.80,5.84,2
4376,DECODE,10,0,10,2020.80,5.41,2
4377,DECODE,10,0,10,2021.80,4.82,2
4378,DECODE,10,0,10,2022.80,5.85,2
4379,DECODE,10,0,10,2023.80,2.45,2
4380,DECODE,10,0,10,2024.80,4.18,2
4381,DECODE,10,0,10,2025.80,5.71,2
4382,DECODE,10,0,10,2026.80,4.72,2
4383,DECODE,10,0,10,2027.80,5.49,2
4384,DECODE,10,0,10,2028.80,5.20,2
4385,DECODE,10,0,10,2029.80,5.09,2
4386,DECODE,10,0,10,2030.80,5.89,2
4387,DECODE,10,0,10,2031.80,2.40,2
4388,DECODE,10,0,10,2032.80,2.32,2
4389,DECODE,9,0,9,2008.89,9.29,2
4390,DECODE,9,0,9,2009.89,5.13,2
4391,DECODE,9,0,9,2010.89,5.77,2
4392,DECODE,9,0,9,2011.89,4.82,2
4393,DECODE,9,0,9,2012.89,5.57,2
4394,DECODE,9,0,9,2013.89,5.08,2
4395,DECODE,9,0,9,2014.89,5.39,2
4396,DECODE,9,0,9,2015.89,5.66,2
4397,DECODE,8,0,8,2030.00,16.86,2
4398,DECODE,8,0,8,2031.00,5.06,2
4399,DECODE,8,0,8,2032.00,5.49,2
4400,DECODE,8,0,8,2033.00,4.72,2
4401,DECODE,8,0,8,2034.00,5.33,2
4402,DECODE,8,0,8,2035.00,5.06,2
4403,DECODE,8,0,8,2036.00,5.24,2
4404,DECODE,8,0,8,2037.00,5.60,2
4405,DECODE,8,0,8,2038.00,4.20,2
4406,DECODE,8,0,8,2039.00,9.21,2
4407,DECODE,8,0,8,2040.00,4.98,2
4408,DECODE,8,0,8,2041.00,5.57,2
4409,DECODE,8,0,8,2042.00,2.45,2
4410,DECODE,8,0,8,2043.00,2.52,2
4411,DECODE,8,0,8,2044.00,2.16,2
4412,DECODE,8,0,8,2045.00,2.34,2
4413,DECODE,8,0,8,2046.00,2.40,2
4414,DECODE,8,0,8,2047.00,2.33,2
4415,DECODE,8,0,8,2048.00,5.32,2
4416,DECODE,8,0,8,2049.00,4.86,2
4417,DECODE,8,0,8,2050.00,5.33,2
4418,DECODE,8,0,8,2051.00,5.25,2
4419,DECODE,8,0,8,2052.00,5.12,2
4420,DECODE,8,0,8,2053.00,5.71,2
4421,DECODE,8,0,8,2054.00,4.65,2
4422,DECODE,8,0,8,2055.00,5.58,2
4423,DECODE,8,0,8,2056.00,4.90,2
4424,DECODE,8,0,8,2057.00,5.30,2
4425,DECODE,8,0,8,2058.00,5.60,2
4426,DECODE,8,0,8,2059.00,4.75,2
4427,DECODE,8,0,8,2060.00,5.70,2
4428,DECODE,8,0,8,2061.00,2.46,2
4429,DECODE,8,0,8,2062.00,2.17,2
4430,DECODE,8,0,8,2063.00,2.81,2
4431,DECODE,8,0,8,2064.00,12.52,2
4432,DECODE,8,0,8,2065.00,5.85,2
4433,DECODE,8,0,8,2066.00,2.46,2
4434,DECODE,8,0,8,2067.00,4.07,2
4435,DECODE,8,0,8,2068.00,7.71,2
4436,DECODE,8,0,8,2069.00,5.61,2
4437,DECODE,8,0,8,2070.00,4.82,2
4438,DECODE,8,0,8,2071.00,5.69,2
4439,DECODE,8,0,8,2072.00,4.79,2
4440,DECODE,8,0,8,2073.00,5.33,2
4441,DECODE,8,0,8,2074.00,4.99,2
4442,DECODE,8,0,8,2075.00,5.54,2
4443,DECODE,8,0,8,2076.00,4.92,2
4444,DECODE,8,0,8,2077.00,5.63,2
4445,DECODE,8,0,8,2078.00,4.61,2
4446,DECODE,8,0,8,2079.00,5.75,2
4447,DECODE,8,0,8,2080.00,2.53,2
4448,DECODE,8,0,8,2081.00,2.08,2
4449,DECODE,8,0,8,2082.00,3.22,2
4450,DECODE,8,0,8,2083.00,5.29,2
4451,DECODE,8,0,8,2084.00,4.73,2
4452,DECODE,8,0,8,2085.00,5.53,2
4453,DECODE,8,0,8,2086.00,4.82,2
4454,DECODE,8,0,8,2087.00,5.51,2
4455,DECODE,8,0,8,2088.00,5.80,2
4456,DECODE,8,0,8,2089.00,4.23,2
4457,DECODE,8,0,8,2090.00,5.93,2
4458,DECODE,8,0,8,2091.00,2.43,2
4459,DECODE,8,0,8,2092.00,2.39,2
4460,DECODE,8,0,8,2093.00,4.51,2
4461,DECODE,8,0,8,2094.00,2.51,2
4462,DECODE,8,0,8,2095.00,2.30,2
4463,DECODE,8,0,8,2096.00,2.32,2
4464,DECODE,8,0,8,2097.00,2.17,2
4465,DECODE,8,0,8,2098.00,2.22,2
4466,DECODE,8,0,8,2099.00,4.10,2
4467,DECODE,8,0,8,2100.00,5.78,2
4468,DECODE,8,0,8,2101.00,5.14,2
4469,DECODE,8,0,8,2102.00,5.11,2
4470,DECODE,8,0,8,2103.00,5.34,2
4471,DECODE,8,0,8,2104.00,4.89,2
4472,DECODE,8,0,8,2105.00,6.19,2
4473,DECODE,8,0,8,2106.00,5.13,2
4474,DECODE,8,0,8,2107.00,5.42,2
4475,DECODE,8,0,8,2108.00,4.95,2
4476,DECODE,8,0,8,2109.00,5.63,2
4477,DECODE,8,0,8,2110.00,3.27,2
4478,DECODE,8,0,8,2111.00,5.52,2
4479,DECODE,8,0,8,2112.00,2.45,2
4480,DECODE,8,0,8,2113.00,2.25,2
4481,DECODE,8,0,8,2114.00,2.35,2
4482,DECODE,8,0,8,2115.00,2.24,2
4483,DECODE,8,0,8,2116.00,2.13,2
4484,DECODE,8,0,8,2117.00,2.44,2
4485,DECODE,8,0,8,2118.00,5.59,2
4486,DECODE,8,0,8,2119.00,4.72,2
4487,DECODE,8,0,8,2120.00,5.65,2
4488,DECODE,8,0,8,2121.00,5.01,2
4489,DECODE,8,0,8,2122.00,5.45,2
4490,DECODE,8,0,8,2123.00,5.48,2
4491,DECODE,8,0,8,2124.00,4.80,2
4492,DECODE,7,0,7,2167.43,9.84,2
4493,DECODE,7,0,7,2168.43,2.32,2
4494,DECODE,7,0,7,2169.43,4.96,2
4495,DECODE,7,0,7,2170.43,5.19,2
4496,DECODE,7,0,7,2171.43,5.03,2
4497,DECODE,7,0,7,2172.43,5.12,2
4498,DECODE,7,0,7,2173.43,5.48,2
4499,DECODE,7,0,7,2174.43,5.72,2
4500,DECODE,7,0,7,2175.43,2.57,2
4501,DECODE,7,0,7,2176.43,2.18,2
4502,DECODE,7,0,7,2177.43,2.47,2
4503,DECODE,7,0,7,2178.43,2.27,2
4504,DECODE,7,0,7,2179.43,2.22,2
4505,DECODE,7,0,7,2180.43,2.35,2
4506,DECODE,7,0,7,2181.43,5.63,2
4507,DECODE,7,0,7,2182.43,2.43,2
4508,DECODE,7,0,7,2183.43,2.26,2
4509,DECODE,7,0,7,2184.43,2.34,2
4510,DECODE,7,0,7,2185.43,2.29,2
4511,DECODE,7,0,7,2186.43,2.32,2
4512,DECODE,7,0,7,2187.43,2.22,2
4513,DECODE,7,0,7,2188.43,5.66,2
4514,DECODE,7,0,7,2189.43,2.47,2
4515,DECODE,7,0,7,2190.43,2.23,2
4516,DECODE,7,0,7,2191.43,2.42,2
4517,DECODE,7,0,7,2192.43,2.28,2
4518,DECODE,6,0,6,2165.00,5.93,2
4519,DECODE,6,0,6,2166.00,5.99,2
4520,DECODE,6,0,6,2167.00,2.38,2
4521,DECODE,6,0,6,2168.00,2.24,2
4522,DECODE,6,0,6,2169.00,2.34,2
4523,DECODE,6,0,6,2170.00,2.26,2
4524,DECODE,6,0,6,2171.00,2.38,2
4525,DECODE,6,0,6,2172.00,2.31,2
4526,DECODE,6,0,6,2173.00,5.63,2
4527,DECODE,6,0,6,2174.00,2.43,2
4528,DECODE,6,0,6,2175.00,2.17,2
4529,DECODE,6,0,6,2176.00,2.36,2
4530,DECODE,5,0,5,2231.20,5.85,2
4531,DECODE,5,0,5,2232.20,2.51,2
4532,DECODE,5,0,5,2233.20,19.80,2
4533,DECODE,5,0,5,2234.20,9.60,2
4534,DECODE,5,0,5,2235.20,5.93,2
4535,DECODE,5,0,5,2236.20,2.40,2
4536,DECODE,4,0,4,2205.75,11.77,2
4537,DECODE,4,0,4,2206.75,6.29,2
4538,DECODE,4,0,4,2207.75,5.53,2
4539,DECODE,4,0,4,2208.75,2.48,2
4540,DECODE,4,0,4,2209.75,2.09,2
4541,DECODE,4,0,4,2210.75,2.28,2
4542,DECODE,4,0,4,2211.75,2.05,2
4543,DECODE,4,0,4,2212.75,2.23,2
4544,DECODE,4,0,4,2213.75,2.27,2
4545,DECODE,4,0,4,2214.75,5.94,2
4546,DECODE,4,0,4,2215.75,2.35,2
4547,DECODE,4,0,4,2216.75,2.55,2
4548,DECODE,4,0,4,2217.75,4.39,2
4549,DECODE,4,0,4,2218.75,5.45,2
4550,DECODE,4,0,4,2219.75,14.49,2
4551,DECODE,4,0,4,2220.75,4.98,2
4552,DECODE,4,0,4,2221.75,5.73,2
4553,DECODE,4,0,4,2222.75,4.69,2
4554,DECODE,4,0,4,2223.75,11.96,2
4555,DECODE,3,0,3,2196.00,17.33,2
4556,DECODE,3,0,3,2197.00,5.52,2
4557,DECODE,3,0,3,2198.00,6.18,2
4558,DECODE,3,0,3,2199.00,4.70,2
4559,DECODE,3,0,3,2200.00,5.83,2
4560,DECODE,3,0,3,2201.00,5.10,2
4561,DECODE,3,0,3,2202.00,5.03,2
4562,DECODE,3,0,3,2203.00,5.60,2
4563,DECODE,3,0,3,2204.00,5.08,2
4564,DECODE,3,0,3,2205.00,5.08,2
4565,DECODE,3,0,3,2206.00,5.41,2
4566,DECODE,3,0,3,2207.00,5.06,2
4567,DECODE,3,0,3,2208.00,5.82,2
4568,DECODE,3,0,3,2209.00,4.76,2
4569,DECODE,3,0,3,2210.00,5.44,2
4570,DECODE,3,0,3,2211.00,5.27,2
4571,DECODE,3,0,3,2212.00,5.12,2
4572,DECODE,3,0,3,2213.00,5.78,2
4573,DECODE,3,0,3,2214.00,4.73,2
4574,DECODE,3,0,3,2215.00,6.16,2
4575,DECODE,3,0,3,2216.00,4.71,2
4576,DECODE,3,0,3,2217.00,5.90,2
4577,DECODE,3,0,3,2218.00,5.39,2
4578,DECODE,3,0,3,2219.00,5.20,2
4579,DECODE,3,0,3,2220.00,5.85,2
4580,DECODE,3,0,3,2221.00,5.13,2
4581,DECODE,3,0,3,2222.00,5.00,2
4582,DECODE,3,0,3,2223.00,5.67,2
4583,DECODE,3,0,3,2224.00,5.24,2
4584,DECODE,3,0,3,2225.00,5.59,2
4585,DECODE,2,0,2,2155.50,7.90,2
4586,DECODE,2,0,2,2156.50,5.79,2
4587,DECODE,1,0,1,2342.00,5.79,2
4588,DECODE,1,0,1,2343.00,4.65,2
4589,DECODE,1,0,1,2344.00,5.43,2
4590,DECODE,1,0,1,2345.00,4.91,2
4591,DECODE,1,0,1,2346.00,5.81,2
4592,DECODE,1,0,1,2347.00,4.73,2
4593,DECODE,1,0,1,2348.00,5.66,2
4594,DECODE,1,0,1,2349.00,1.94,2
4595,DECODE,1,0,1,2350.00,2.09,2
4596,DECODE,1,0,1,2351.00,1.85,2
4597,DECODE,1,0,1,2352.00,5.12,2
4598,DECODE,1,0,1,2353.00,5.05,2
4599,DECODE,1,0,1,2354.00,4.96,2
4600,DECODE,1,0,1,2355.00,5.07,2
4601,DECODE,1,0,1,2356.00,5.08,2
4602,DECODE,1,0,1,2357.00,5.51,2
4603,DECODE,1,0,1,2358.00,4.41,2
4604,DECODE,1,0,1,2359.00,5.68,2
4605,DECODE,1,0,1,2360.00,4.36,2
4606,DECODE,1,0,1,2361.00,5.37,2
4607,EXTEND,1,314,0,314.00,264.27,3
4608,EXTEND,26,8192,0,315.08,91.06,3
4609,EXTEND,107,1817,0,315.63,49.16,3
4610,EXTEND,24,348,0,313.12,33.68,3
4611,EXTEND,17,300,0,316.76,31.45,3
4612,EXTEND,12,160,0,313.00,13.80,3
4613,EXTEND,6,92,0,315.33,28.42,3
4614,EXTEND,11,150,0,313.27,25.56,3
4615,EXTEND,10,187,0,318.60,58.07,3
4616,EXTEND,20,237,0,312.45,28.61,3
4617,EXTEND,13,177,0,313.77,27.04,3
4618,EXTEND,11,139,0,313.18,478.87,3
4619,EXTEND,176,2509,0,314.07,40.98,3
4620,EXTEND,31,458,0,314.55,36.87,3
4621,EXTEND,30,466,0,315.67,31.05,3
4622,EXTEND,17,222,0,313.35,30.41,3
4623,EXTEND,18,224,0,312.61,18.53,3
4624,EXTEND,11,148,0,314.18,16.18,3
4625,EXTEND,11,130,0,312.82,27.77,3
4626,EXTEND,15,218,0,314.73,27.65,3
4627,EXTEND,15,187,0,313.33,38.06,3
4628,EXTEND,20,284,0,314.00,15.35,3
4629,EXTEND,10,185,0,318.10,24.53,3
4630,EXTEND,14,209,0,314.43,17.93,3
4631,EXTEND,10,117,0,312.70,24.62,3
4632,EXTEND,14,173,0,312.29,27.59,3
4633,EXTEND,14,197,0,314.50,21.56,3
4634,EXTEND,10,159,0,315.60,28.45,3
4635,EXTEND,16,222,0,314.12,15.42,3
4636,EXTEND,10,158,0,314.70,19.76,3
4637,EXTEND,13,173,0,313.85,19.74,3
4638,EXTEND,12,168,0,314.00,21.77,3
4639,EXTEND,14,192,0,314.14,23.76,3
4640,EXTEND,13,195,0,314.38,15.95,3
4641,EXTEND,10,127,0,313.00,21.82,3
4642,EXTEND,12,162,0,313.83,24.75,3
4643,EXTEND,11,140,0,312.64,17.11,3
4644,EXTEND,8,108,0,312.50,26.80,3
4645,EXTEND,10,136,0,313.80,20.97,3
4646,EXTEND,8,98,0,313.00,21.92,3
4647,EXTEND,9,99,0,312.56,22.04,3
4648,EXTEND,9,107,0,312.56,28.04,3
4649,EXTEND,12,152,0,313.00,17.13,3
4650,EXTEND,7,88,0,312.86,20.06,3
4651,EXTEND,9,120,0,313.11,18.78,3
4652,EXTEND,8,104,0,313.00,31.79,3
4653,EXTEND,13,182,0,313.85,37.27,3
4654,EXTEND,14,185,0,313.29,17.80,3
4655,EXTEND,8,117,0,314.50,27.49,3
4656,EXTEND,12,161,0,313.08,24.00,3
4657,EXTEND,10,139,0,314.20,28.69,3
4658,EXTEND,12,156,0,313.83,14.08,3
4659,EXTEND,7,104,0,315.00,48.19,3
4660,EXTEND,18,270,0,314.89,35.26,3
4661,EXTEND,14,194,0,314.00,30.72,3
4662,EXTEND,14,194,0,314.43,15.65,3
4663,EXTEND,10,170,0,316.60,23.43,3
4664,EXTEND,13,171,0,313.69,32.57,3
4665,EXTEND,15,201,0,312.93,31.82,3
4666,DECODE,1024,0,1024,315.21,477.51,3
4667,DECODE,1024,0,1024,316.21,50.51,3
4668,DECODE,1024,0,1024,317.21,35.70,3
4669,DECODE,1024,0,1024,318.21,59.45,3
4670,DECODE,1024,0,1024,319.21,39.22,3
4671,DECODE,1024,0,1024,320.21,65.27,3
4672,DECODE,1024,0,1024,321.21,68.39,3
4673,DECODE,1024,0,1024,322.21,35.37,3
4674,DECODE,1024,0,1024,323.21,42.23,3
4675,DECODE,1024,0,1024,324.21,49.58,3
4676,DECODE,1024,0,1024,325.21,39.55,3
4677,DECODE,1024,0,1024,326.21,48.85,3
4678,DECODE,1024,0,1024,327.21,39.75,3
4679,DECODE,1024,0,1024,328.21,26.86,3
4680,DECODE,1024,0,1024,329.21,37.33,3
4681,DECODE,1024,0,1024,330.21,59.20,3
4682,DECODE,1024,0,1024,331.21,55.38,3
4683,DECODE,1024,0,1024,332.21,42.27,3
4684,DECODE,1024,0,1024,333.21,56.96,3
4685,DECODE,1024,0,1024,334.21,49.13,3
4686,DECODE,1024,0,1024,335.21,51.60,3
4687,DECODE,1024,0,1024,336.21,51.42,3
4688,DECODE,1024,0,1024,337.21,42.88,3
4689,DECODE,1024,0,1024,338.21,39.83,3
4690,DECODE,1024,0,1024,339.21,51.93,3
4691,DECODE,1024,0,1024,340.21,43.20,3
4692,DECODE,1024,0,1024,341.21,44.66,3
4693,DECODE,1024,0,1024,342.21,31.11,3
4694,DECODE,1024,0,1024,343.21,45.98,3
4695,DECODE,1024,0,1024,344.21,65.34,3
4696,DECODE,1024,0,1024,345.21,59.05,3
4697,DECODE,1024,0,1024,346.21,24.83,3
4698,DECODE,1024,0,1024,347.21,56.40,3
4699,DECODE,1024,0,1024,348.21,49.88,3
4700,DECODE,1024,0,1024,349.21,39.83,3
4701,DECODE,1024,0,1024,350.21,83.01,3
4702,DECODE,1024,0,1024,351.21,53.56,3
4703,DECODE,1024,0,1024,352.21,49.70,3
4704,DECODE,1024,0,1024,353.21,55.70,3
4705,DECODE,1024,0,1024,354.21,51.04,3
4706,DECODE,1024,0,1024,355.21,66.52,3
4707,DECODE,1024,0,1024,356.21,47.88,3
4708,DECODE,1024,0,1024,357.21,69.63,3
4709,DECODE,1024,0,1024,358.21,49.06,3
4710,DECODE,1024,0,1024,359.21,83.73,3
4711,DECODE,1024,0,1024,360.21,56.89,3
4712,DECODE,1024,0,1024,361.21,46.06,3
4713,DECODE,1024,0,1024,362.21,23.71,3
4714,DECODE,1024,0,1024,363.21,51.55,3
4715,DECODE,1024,0,1024,364.21,62.62,3
4716,DECODE,1024,0,1024,365.21,59.01,3
4717,DECODE,1024,0,1024,366.21,48.22,3
4718,DECODE,1024,0,1024,367.21,53.33,3
4719,DECODE,1024,0,1024,368.21,46.28,3
4720,DECODE,1024,0,1024,369.21,62.59,3
4721,DECODE,1024,0,1024,370.21,45.56,3
4722,DECODE,1024,0,1024,371.21,58.53,3
4723,DECODE,1024,0,1024,372.21,51.11,3
4724,DECODE,1024,0,1024,373.21,70.01,3
4725,DECODE,1024,0,1024,374.21,52.78,3
4726,DECODE,1024,0,1024,375.21,50.41,3
4727,DECODE,1024,0,1024,376.21,75.52,3
4728,DECODE,1024,0,1024,377.21,59.51,3
4729,DECODE,1024,0,1024,378.21,44.16,3
4730,DECODE,1024,0,1024,379.21,42.35,3
4731,DECODE,1024,0,1024,380.21,39.83,3
4732,DECODE,1024,0,1024,381.21,50.98,3
4733,DECODE,1024,0,1024,382.21,34.81,3
4734,DECODE,1024,0,1024,383.21,63.98,3
4735,DECODE,1024,0,1024,384.21,41.14,3
4736,DECODE,1024,0,1024,385.21,56.46,3
4737,DECODE,1024,0,1024,386.21,49.05,3
4738,DECODE,1024,0,1024,387.21,42.68,3
4739,DECODE,1024,0,1024,388.21,41.21,3
4740,DECODE,1024,0,1024,389.21,40.55,3
4741,DECODE,1024,0,1024,390.21,44.82,3
4742,DECODE,1024,0,1024,391.21,57.52,3
4743,DECODE,1024,0,1024,392.21,85.40,3
4744,DECODE,1024,0,1024,393.21,64.39,3
4745,DECODE,1024,0,1024,394.21,41.27,3
4746,DECODE,1024,0,1024,395.21,39.58,3
4747,DECODE,1024,0,1024,396.21,57.13,3
4748,DECODE,1024,0,1024,397.21,84.20,3
4749,DECODE,1024,0,1024,398.21,70.94,3
4750,DECODE,1024,0,1024,399.21,69.98,3
4751,DECODE,1024,0,1024,400.21,67.17,3
4752,DECODE,1024,0,1024,401.21,52.13,3
4753,DECODE,1024,0,1024,402.21,66.64,3
4754,DECODE,1024,0,1024,403.21,59.24,3
4755,DECODE,1024,0,1024,404.21,57.22,3
4756,DECODE,1024,0,1024,405.21,64.30,3
4757,DECODE,1024,0,1024,406.21,62.57,3
4758,DECODE,1024,0,1024,407.21,63.24,3
4759,DECODE,1024,0,1024,408.21,73.18,3
4760,DECODE,1024,0,1024,409.21,67.69,3
4761,DECODE,1024,0,1024,410.21,64.01,3
4762,DECODE,1024,0,1024,411.21,39.15,3
4763,DECODE,1024,0,1024,412.21,23.89,3
4764,DECODE,1024,0,1024,413.21,27.65,3
4765,DECODE,1024,0,1024,414.21,51.24,3
4766,DECODE,1024,0,1024,415.21,64.42,3
4767,DECODE,1024,0,1024,416.21,66.64,3
4768,DECODE,1023,0,1023,417.21,56.77,3
4769,DECODE,1023,0,1023,418.21,75.15,3
4770,DECODE,1023,0,1023,419.21,57.08,3
4771,DECODE,1023,0,1023,420.21,68.09,3
4772,DECODE,1023,0,1023,421.21,56.27,3
4773,DECODE,1023,0,1023,422.21,67.06,3
4774,DECODE,1023,0,1023,423.21,88.83,3
4775,DECODE,1023,0,1023,424.21,48.82,3
4776,DECODE,1023,0,1023,425.21,50.30,3
4777,DECODE,1023,0,1023,426.21,37.01,3
4778,DECODE,1022,0,1022,427.21,55.06,3
4779,DECODE,1022,0,1022,428.21,56.23,3
4780,DECODE,1021,0,1021,429.21,53.48,3
4781,DECODE,1021,0,1021,430.21,44.47,3
4782,DECODE,1021,0,1021,431.21,59.86,3
4783,DECODE,1021,0,1021,432.21,30.58,3
4784,DECODE,1020,0,1020,433.21,33.03,3
4785,DECODE,1020,0,1020,434.21,32.99,3
4786,DECODE,1019,0,1019,435.21,71.42,3
4787,DECODE,1018,0,1018,436.21,45.90,3
4788,DECODE,1018,0,1018,437.21,71.78,3
4789,DECODE,1018,0,1018,438.21,75.08,3
4790,DECODE,1017,0,1017,439.21,81.71,3
4791,DECODE,1016,0,1016,440.21,62.97,3
4792,DECODE,1016,0,1016,441.21,44.97,3
4793,DECODE,1016,0,1016,442.21,59.64,3
4794,DECODE,1016,0,1016,443.21,47.28,3
4795,DECODE,1016,0,1016,444.21,68.24,3
4796,DECODE,1016,0,1016,445.21,60.98,3
4797,DECODE,1015,0,1015,446.21,32.81,3
4798,DECODE,1014,0,1014,447.21,72.36,3
4799,DECODE,1014,0,1014,448.21,62.13,3
4800,DECODE,1013,0,1013,449.21,71.04,3
4801,DECODE,1013,0,1013,450.21,85.23,3
4802,DECODE,1013,0,1013,451.21,89.74,3
4803,DECODE,1012,0,1012,452.22,68.43,3
4804,DECODE,1011,0,1011,453.22,37.21,3
4805,DECODE,1011,0,1011,454.22,36.93,3
4806,DECODE,1011,0,1011,455.22,84.12,3
4807,DECODE,1011,0,1011,456.22,68.02,3
4808,DECODE,1011,0,1011,457.22,72.35,3
4809,DECODE,1008,0,1008,458.22,76.60,3
4810,DECODE,1006,0,1006,459.21,55.92,3
4811,DECODE,1004,0,1004,460.22,46.55,3
4812,DECODE,1000,0,1000,461.22,54.97,3
4813,DECODE,998,0,998,462.22,48.96,3
4814,DECODE,998,0,998,463.22,43.50,3
4815,DECODE,995,0,995,464.23,51.03,3
4816,DECODE,989,0,989,465.23,54.79,3
4817,DECODE,986,0,986,466.23,43.34,3
4818,DECODE,983,0,983,467.23,54.31,3
4819,DECODE,979,0,979,468.24,60.76,3
4820,DECODE,977,0,977,469.24,56.60,3
4821,DECODE,974,0,974,470.24,38.74,3
4822,DECODE,971,0,971,471.25,67.56,3
4823,DECODE,969,0,969,472.25,76.11,3
4824,DECODE,967,0,967,473.25,61.07,3
4825,DECODE,966,0,966,474.25,42.61,3
4826,DECODE,963,0,963,475.25,50.21,3
4827,DECODE,961,0,961,476.26,58.26,3
4828,DECODE,959,0,959,477.25,37.79,3
4829,DECODE,956,0,956,478.25,44.84,3
4830,DECODE,953,0,953,479.25,45.75,3
4831,DECODE,950,0,950,480.26,52.75,3
4832,DECODE,948,0,948,481.26,63.07,3
4833,DECODE,944,0,944,482.26,45.12,3
4834,DECODE,937,0,937,483.27,71.85,3
4835,DECODE,933,0,933,484.27,59.19,3
4836,DECODE,929,0,929,485.27,57.63,3
4837,DECODE,925,0,925,486.27,64.03,3
4838,DECODE,924,0,924,487.27,71.08,3
4839,DECODE,923,0,923,488.27,76.33,3
4840,DECODE,919,0,919,489.28,40.15,3
4841,DECODE,916,0,916,490.28,40.06,3
4842,DECODE,915,0,915,491.28,76.09,3
4843,DECODE,913,0,913,492.27,40.35,3
4844,DECODE,911,0,911,493.28,67.30,3
4845,DECODE,907,0,907,494.27,49.05,3
4846,DECODE,907,0,907,495.27,24.30,3
4847,DECODE,902,0,902,496.28,47.84,3
4848,DECODE,901,0,901,497.28,63.73,3
4849,DECODE,898,0,898,498.28,41.29,3
4850,DECODE,894,0,894,499.27,54.53,3
4851,DECODE,893,0,893,500.27,54.05,3
4852,DECODE,892,0,892,501.27,58.90,3
4853,DECODE,889,0,889,502.28,59.99,3
4854,DECODE,888,0,888,503.27,47.10,3
4855,DECODE,884,0,884,504.28,42.97,3
4856,DECODE,880,0,880,505.28,49.18,3
4857,DECODE,876,0,876,506.28,60.44,3
4858,DECODE,873,0,873,507.29,45.80,3
4859,DECODE,869,0,869,508.29,30.04,3
4860,DECODE,862,0,862,509.29,43.27,3
4861,DECODE,857,0,857,510.29,48.94,3
4862,DECODE,854,0,854,511.29,48.01,3
4863,DECODE,850,0,850,512.29,61.51,3
4864,DECODE,843,0,843,513.29,47.89,3
4865,DECODE,842,0,842,514.29,46.88,3
4866,DECODE,838,0,838,515.29,55.18,3
4867,DECODE,834,0,834,516.30,32.88,3
4868,DECODE,829,0,829,517.30,50.44,3
4869,DECODE,823,0,823,518.30,40.73,3
4870,DECODE,817,0,817,519.30,43.35,3
4871,DECODE,812,0,812,520.29,43.09,3
4872,DECODE,807,0,807,521.29,56.11,3
4873,DECODE,801,0,801,522.30,55.50,3
4874,DECODE,796,0,796,523.30,48.90,3
4875,DECODE,788,0,788,524.31,49.55,3
4876,DECODE,786,0,786,525.31,53.09,3
4877,DECODE,784,0,784,526.31,40.81,3
4878,DECODE,778,0,778,527.32,61.75,3
4879,DECODE,774,0,774,528.32,54.41,3
4880,DECODE,771,0,771,529.31,61.85,3
4881,DECODE,769,0,769,530.30,50.73,3
4882,DECODE,761,0,761,531.30,50.30,3
4883,DECODE,756,0,756,532.30,46.21,3
4884,DECODE,754,0,754,533.30,65.53,3
4885,DECODE,746,0,746,534.31,49.82,3
4886,DECODE,741,0,741,535.30,41.95,3
4887,DECODE,736,0,736,536.29,38.22,3
4888,DECODE,730,0,730,537.29,48.12,3
4889,DECODE,726,0,726,538.30,63.85,3
4890,DECODE,721,0,721,539.30,58.04,3
4891,DECODE,716,0,716,540.29,58.11,3
4892,DECODE,710,0,710,541.29,46.85,3
4893,DECODE,708,0,708,542.30,76.39,3
4894,DECODE,705,0,705,543.30,23.83,3
4895,DECODE,699,0,699,544.31,36.46,3
4896,DECODE,695,0,695,545.32,53.91,3
4897,DECODE,689,0,689,546.32,25.15,3
4898,DECODE,683,0,683,547.32,25.91,3
4899,DECODE,680,0,680,548.33,59.48,3
4900,DECODE,677,0,677,549.33,45.00,3
4901,DECODE,672,0,672,550.34,21.30,3
4902,DECODE,670,0,670,551.34,24.97,3
4903,DECODE,668,0,668,552.34,54.24,3
4904,DECODE,666,0,666,553.34,63.25,3
4905,DECODE,659,0,659,554.34,63.61,3
4906,DECODE,655,0,655,555.34,41.76,3
4907,DECODE,646,0,646,556.34,42.61,3
4908,DECODE,644,0,644,557.33,21.13,3
4909,DECODE,644,0,644,558.33,37.22,3
4910,DECODE,639,0,639,559.33,28.07,3
4911,DECODE,635,0,635,560.33,36.74,3
4912,DECODE,627,0,627,561.34,65.80,3
4913,DECODE,624,0,624,562.34,49.95,3
4914,DECODE,622,0,622,563.35,47.15,3
4915,DECODE,616,0,616,564.36,31.77,3
4916,DECODE,612,0,612,565.36,31.64,3
4917,DECODE,608,0,608,566.37,46.61,3
4918,DECODE,605,0,605,567.36,57.49,3
4919,DECODE,601,0,601,568.37,63.17,3
4920,DECODE,599,0,599,569.37,25.78,3
4921,DECODE,594,0,594,570.37,51.62,3
4922,DECODE,593,0,593,571.37,63.76,3
4923,DECODE,589,0,589,572.38,61.82,3
4924,DECODE,587,0,587,573.38,57.07,3
4925,DECODE,580,0,580,574.38,32.11,3
4926,DECODE,573,0,573,575.39,51.87,3
4927,DECODE,565,0,565,576.40,40.85,3
4928,DECODE,563,0,563,577.40,34.38,3
4929,DECODE,558,0,558,578.40,48.24,3
4930,DECODE,555,0,555,579.40,26.62,3
4931,DECODE,552,0,552,580.41,48.67,3
4932,DECODE,549,0,549,581.41,55.75,3
4933,DECODE,547,0,547,582.41,46.29,3
4934,DECODE,539,0,539,583.41,19.85,3
4935,DECODE,533,0,533,584.43,38.74,3
4936,DECODE,530,0,530,585.44,53.68,3
4937,DECODE,525,0,525,586.45,48.08,3
4938,DECODE,520,0,520,587.44,18.22,3
4939,DECODE,516,0,516,588.44,33.87,3
4940,DECODE,510,0,510,589.45,17.51,3
4941,DECODE,506,0,506,590.47,12.50,3
4942,DECODE,505,0,505,591.47,22.64,3
4943,DECODE,503,0,503,592.46,30.67,3
4944,DECODE,498,0,498,593.47,17.09,3
4945,DECODE,495,0,495,594.47,35.91,3
4946,DECODE,489,0,489,595.43,22.83,3
4947,DECODE,486,0,486,596.43,49.78,3
4948,DECODE,481,0,481,597.45,50.54,3
4949,DECODE,480,0,480,598.45,50.45,3
4950,DECODE,472,0,472,599.46,53.50,3
4951,DECODE,464,0,464,600.46,60.79,3
4952,DECODE,460,0,460,601.45,55.34,3
4953,DECODE,456,0,456,602.44,51.54,3
4954,DECODE,454,0,454,603.44,37.11,3
4955,DECODE,449,0,449,604.42,48.59,3
4956,DECODE,445,0,445,605.42,33.44,3
4957,DECODE,440,0,440,606.44,24.57,3
4958,DECODE,435,0,435,607.43,27.41,3
4959,DECODE,433,0,433,608.44,33.88,3
4960,DECODE,428,0,428,609.43,34.95,3
4961,DECODE,425,0,425,610.42,46.97,3
4962,DECODE,418,0,418,611.40,26.97,3
4963,DECODE,414,0,414,612.41,26.79,3
4964,DECODE,410,0,410,613.42,36.54,3
4965,DECODE,407,0,407,614.43,20.11,3
4966,DECODE,404,0,404,615.42,50.97,3
4967,DECODE,400,0,400,616.42,12.80,3
4968,DECODE,395,0,395,617.43,31.82,3
4969,DECODE,392,0,392,618.43,22.15,3
4970,DECODE,389,0,389,619.43,38.33,3
4971,DECODE,386,0,386,620.44,23.92,3
4972,DECODE,386,0,386,621.44,47.73,3
4973,DECODE,383,0,383,622.45,16.34,3
4974,DECODE,381,0,381,623.46,26.94,3
4975,DECODE,379,0,379,624.46,29.39,3
4976,DECODE,375,0,375,625.46,30.52,3
4977,DECODE,372,0,372,626.45,25.38,3
4978,DECODE,367,0,367,627.47,31.13,3
4979,DECODE,362,0,362,628.46,31.04,3
4980,DECODE,357,0,357,629.47,30.46,3
4981,DECODE,353,0,353,630.47,30.34,3
4982,DECODE,348,0,348,631.49,30.98,3
4983,DECODE,345,0,345,632.50,30.60,3
4984,DECODE,342,0,342,633.49,30.59,3
4985,DECODE,336,0,336,634.48,31.08,3
4986,DECODE,331,0,331,635.46,29.93,3
4987,DECODE,329,0,329,636.47,31.03,3
4988,DECODE,327,0,327,637.48,31.71,3
4989,DECODE,325,0,325,638.48,33.35,3
4990,DECODE,323,0,323,639.47,40.96,3
4991,DECODE,321,0,321,640.47,40.90,3
4992,DECODE,314,0,314,641.50,46.83,3
4993,DECODE,310,0,310,642.49,23.63,3
4994,DECODE,304,0,304,643.44,55.69,3
4995,DECODE,298,0,298,644.45,34.85,3
4996,DECODE,297,0,297,645.43,34.70,3
4997,DECODE,295,0,295,646.44,30.91,3
4998,DECODE,295,0,295,647.44,31.16,3
4999,DECODE,292,0,292,648.38,18.76,3
5000,DECODE,287,0,287,649.36,14.44,3
5001,DECODE,285,0,285,650.33,20.72,3
5002,DECODE,280,0,280,651.34,29.43,3
5003,DECODE,278,0,278,652.36,30.78,3
5004,DECODE,276,0,276,653.36,34.26,3
5005,DECODE,270,0,270,654.37,34.22,3
5006,DECODE,266,0,266,655.40,23.11,3
5007,DECODE,265,0,265,656.40,34.59,3
5008,DECODE,263,0,263,657.39,18.28,3
5009,DECODE,262,0,262,658.38,33.59,3
5010,DECODE,262,0,262,659.38,35.78,3
5011,DECODE,260,0,260,660.40,18.39,3
5012,DECODE,257,0,257,661.40,43.74,3
5013,DECODE,255,0,255,662.39,18.56,3
5014,DECODE,253,0,253,663.40,46.59,3
5015,DECODE,249,0,249,664.41,28.66,3
5016,DECODE,245,0,245,665.42,15.38,3
5017,DECODE,242,0,242,666.43,27.17,3
5018,DECODE,239,0,239,667.42,37.66,3
5019,DECODE,238,0,238,668.43,20.16,3
5020,DECODE,233,0,233,669.37,33.69,3
5021,DECODE,231,0,231,670.38,37.89,3
5022,DECODE,227,0,227,671.38,38.64,3
5023,DECODE,224,0,224,672.39,38.03,3
5024,DECODE,223,0,223,673.39,41.79,3
5025,DECODE,221,0,221,674.41,37.75,3
5026,DECODE,219,0,219,675.42,35.00,3
5027,DECODE,218,0,218,676.43,34.38,3
5028,DECODE,216,0,216,677.41,15.53,3
5029,DECODE,216,0,216,678.41,18.50,3
5030,DECODE,212,0,212,679.40,30.95,3
5031,DECODE,208,0,208,680.39,28.40,3
5032,DECODE,208,0,208,681.39,23.51,3
5033,DECODE,207,0,207,682.40,42.12,3
5034,DECODE,204,0,204,683.42,28.63,3
5035,DECODE,204,0,204,684.42,25.37,3
5036,DECODE,202,0,202,685.38,11.14,3
5037,DECODE,198,0,198,686.41,27.91,3
5038,DECODE,195,0,195,687.41,35.91,3
5039,DECODE,193,0,193,688.41,12.55,3
5040,DECODE,192,0,192,689.41,19.13,3
5041,DECODE,192,0,192,690.41,18.59,3
5042,DECODE,191,0,191,691.41,19.69,3
5043,DECODE,184,0,184,692.44,22.91,3
5044,DECODE,180,0,180,693.43,22.64,3
5045,DECODE,177,0,177,694.46,10.46,3
5046,DECODE,176,0,176,695.44,34.13,3
5047,DECODE,174,0,174,696.43,22.35,3
5048,DECODE,171,0,171,697.47,29.96,3
5049,DECODE,168,0,168,698.48,27.00,3
5050,DECODE,166,0,166,699.51,26.69,3
5051,DECODE,164,0,164,700.52,23.35,3
5052,DECODE,162,0,162,701.51,13.26,3
5053,DECODE,159,0,159,702.50,22.83,3
5054,DECODE,157,0,157,703.53,26.20,3
5055,DECODE,157,0,157,704.53,10.33,3
5056,DECODE,155,0,155,705.55,24.99,3
5057,DECODE,152,0,152,706.59,32.53,3
5058,DECODE,151,0,151,707.60,35.01,3
5059,DECODE,151,0,151,708.60,22.49,3
5060,DECODE,149,0,149,709.62,38.89,3
5061,DECODE,148,0,148,710.64,34.36,3
5062,DECODE,147,0,147,711.65,33.75,3
5063,DECODE,144,0,144,712.65,59.03,3
5064,DECODE,142,0,142,713.63,29.68,3
5065,DECODE,141,0,141,714.65,29.71,3
5066,DECODE,139,0,139,715.65,34.88,3
5067,DECODE,139,0,139,716.65,18.43,3
5068,DECODE,139,0,139,717.65,35.02,3
5069,DECODE,139,0,139,718.65,13.19,3
5070,DECODE,138,0,138,719.66,26.68,3
5071,DECODE,138,0,138,720.66,38.93,3
5072,DECODE,137,0,137,721.61,25.78,3
5073,DECODE,136,0,136,722.62,31.45,3
5074,DECODE,136,0,136,723.62,30.49,3
5075,DECODE,136,0,136,724.62,26.49,3
5076,DECODE,135,0,135,725.63,29.99,3
5077,DECODE,134,0,134,726.64,30.54,3
5078,DECODE,132,0,132,727.67,22.02,3
5079,DECODE,131,0,131,728.69,21.54,3
5080,DECODE,129,0,129,729.71,18.50,3
5081,DECODE,129,0,129,730.71,14.81,3
5082,DECODE,128,0,128,731.67,17.80,3
5083,DECODE,128,0,128,732.67,12.64,3
5084,DECODE,127,0,127,733.69,23.91,3
5085,DECODE,125,0,125,734.69,34.58,3
5086,DECODE,124,0,124,735.71,25.94,3
5087,DECODE,123,0,123,736.72,11.33,3
5088,DECODE,123,0,123,737.72,11.03,3
5089,DECODE,121,0,121,738.66,16.68,3
5090,DECODE,120,0,120,739.65,10.71,3
5091,DECODE,120,0,120,740.65,9.56,3
5092,DECODE,119,0,119,741.62,21.89,3
5093,DECODE,119,0,119,742.62,11.29,3
5094,DECODE,119,0,119,743.62,11.41,3
5095,DECODE,118,0,118,744.60,10.40,3
5096,DECODE,117,0,117,745.62,20.01,3
5097,DECODE,117,0,117,746.62,33.40,3
5098,DECODE,117,0,117,747.62,30.31,3
5099,DECODE,117,0,117,748.62,14.92,3
5100,DECODE,115,0,115,749.62,12.97,3
5101,DECODE,111,0,111,750.63,30.99,3
5102,DECODE,110,0,110,751.64,37.78,3
5103,DECODE,110,0,110,752.64,27.50,3
5104,DECODE,110,0,110,753.64,29.88,3
5105,DECODE,108,0,108,754.62,24.08,3
5106,DECODE,106,0,106,755.66,7.44,3
5107,DECODE,105,0,105,756.68,11.43,3
5108,DECODE,104,0,104,757.66,39.00,3
5109,DECODE,102,0,102,758.68,14.63,3
5110,DECODE,102,0,102,759.68,9.49,3
5111,DECODE,101,0,101,760.69,38.89,3
5112,DECODE,100,0,100,761.72,14.18,3
5113,DECODE,98,0,98,762.78,19.30,3
5114,DECODE,98,0,98,763.78,7.25,3
5115,DECODE,96,0,96,764.79,19.05,3
5116,DECODE,95,0,95,765.81,13.21,3
5117,DECODE,92,0,92,766.88,22.24,3
5118,DECODE,91,0,91,767.81,22.88,3
5119,DECODE,89,0,89,768.82,10.78,3
5120,DECODE,89,0,89,769.82,13.13,3
5121,DECODE,89,0,89,770.82,9.14,3
5122,DECODE,88,0,88,771.84,18.87,3
5123,DECODE,86,0,86,772.88,20.66,3
5124,DECODE,84,0,84,773.90,18.84,3
5125,DECODE,83,0,83,774.90,9.64,3
5126,DECODE,83,0,83,775.90,22.38,3
5127,DECODE,83,0,83,776.90,6.89,3
5128,DECODE,80,0,80,777.91,18.99,3
5129,DECODE,79,0,79,778.86,10.40,3
5130,DECODE,77,0,77,779.92,18.93,3
5131,DECODE,77,0,77,780.92,13.28,3
5132,DECODE,77,0,77,781.92,22.25,3
5133,DECODE,76,0,76,782.92,7.17,3
5134,DECODE,76,0,76,783.92,18.69,3
5135,DECODE,75,0,75,784.85,17.16,3
5136,DECODE,74,0,74,785.88,28.27,3
5137,DECODE,71,0,71,786.83,31.32,3
5138,DECODE,69,0,69,787.81,31.64,3
5139,DECODE,68,0,68,788.82,36.52,3
5140,DECODE,67,0,67,789.82,24.12,3
5141,DECODE,65,0,65,790.83,32.45,3
5142,DECODE,65,0,65,791.83,18.62,3
5143,DECODE,65,0,65,792.83,11.55,3
5144,DECODE,65,0,65,793.83,29.44,3
5145,DECODE,64,0,64,794.78,32.59,3
5146,DECODE,64,0,64,795.78,9.35,3
5147,DECODE,62,0,62,796.81,18.79,3
5148,DECODE,61,0,61,797.84,30.58,3
5149,DECODE,61,0,61,798.84,30.59,3
5150,DECODE,61,0,61,799.84,30.45,3
5151,DECODE,60,0,60,800.87,22.47,3
5152,DECODE,60,0,60,801.87,8.57,3
5153,DECODE,60,0,60,802.87,9.49,3
5154,DECODE,58,0,58,803.76,20.53,3
5155,DECODE,55,0,55,804.84,29.83,3
5156,DECODE,55,0,55,805.84,9.52,3
5157,DECODE,55,0,55,806.84,5.42,3
5158,DECODE,54,0,54,807.78,13.05,3
5159,DECODE,51,0,51,808.61,13.11,3
5160,DECODE,51,0,51,809.61,5.64,3
5161,DECODE,51,0,51,810.61,5.02,3
5162,DECODE,50,0,50,811.64,33.34,3
5163,DECODE,50,0,50,812.64,29.96,3
5164,DECODE,49,0,49,813.39,31.32,3
5165,DECODE,49,0,49,814.39,11.47,3
5166,DECODE,47,0,47,815.40,16.25,3
5167,DECODE,46,0,46,816.41,20.57,3
5168,DECODE,46,0,46,817.41,5.91,3
5169,DECODE,45,0,45,818.47,19.56,3
5170,DECODE,45,0,45,819.47,9.24,3
5171,DECODE,45,0,45,820.47,5.95,3
5172,DECODE,43,0,43,821.49,23.44,3
5173,DECODE,43,0,43,822.49,9.39,3
5174,DECODE,42,0,42,823.45,12.32,3
5175,DECODE,41,0,41,824.49,5.28,3
5176,DECODE,41,0,41,825.49,9.53,3
5177,DECODE,41,0,41,826.49,5.19,3
5178,DECODE,41,0,41,827.49,5.90,3
5179,DECODE,41,0,41,828.49,4.53,3
5180,DECODE,40,0,40,829.52,12.34,3
5181,DECODE,40,0,40,830.52,5.89,3
5182,DECODE,39,0,39,831.51,9.15,3
5183,DECODE,39,0,39,832.51,5.95,3
5184,DECODE,39,0,39,833.51,5.32,3
5185,DECODE,38,0,38,834.55,12.81,3
5186,DECODE,37,0,37,835.59,19.19,3
5187,DECODE,37,0,37,836.59,10.88,3
5188,DECODE,37,0,37,837.59,9.36,3
5189,DECODE,36,0,36,838.58,19.94,3
5190,DECODE,36,0,36,839.58,5.73,3
5191,DECODE,35,0,35,840.63,23.50,3
5192,DECODE,35,0,35,841.63,5.71,3
5193,DECODE,35,0,35,842.63,5.45,3
5194,DECODE,35,0,35,843.63,5.71,3
5195,DECODE,35,0,35,844.63,5.38,3
5196,DECODE,34,0,34,845.59,13.18,3
5197,DECODE,34,0,34,846.59,5.32,3
5198,DECODE,34,0,34,847.59,7.86,3
5199,DECODE,33,0,33,848.58,17.01,3
5200,DECODE,33,0,33,849.58,5.53,3
5201,DECODE,32,0,32,850.47,19.77,3
5202,DECODE,32,0,32,851.47,9.48,3
5203,DECODE,32,0,32,852.47,8.85,3
5204,DECODE,32,0,32,853.47,7.74,3
5205,DECODE,32,0,32,854.47,7.76,3
5206,DECODE,32,0,32,855.47,7.76,3
5207,DECODE,31,0,31,856.16,11.56,3
5208,DECODE,31,0,31,857.16,8.24,3
5209,DECODE,31,0,31,858.16,9.04,3
5210,DECODE,31,0,31,859.16,9.79,3
5211,DECODE,30,0,30,860.17,16.06,3
5212,DECODE,29,0,29,861.24,10.10,3
5213,DECODE,29,0,29,862.24,7.78,3
5214,DECODE,28,0,28,863.29,6.12,3
5215,DECODE,28,0,28,864.29,4.82,3
5216,DECODE,28,0,28,865.29,7.76,3
5217,DECODE,28,0,28,866.29,8.36,3
5218,DECODE,28,0,28,867.29,6.11,3
5219,DECODE,28,0,28,868.29,5.31,3
5220,DECODE,28,0,28,869.29,9.52,3
5221,DECODE,28,0,28,870.29,5.53,3
5222,DECODE,28,0,28,871.29,5.61,3
5223,DECODE,28,0,28,872.29,5.24,3
5224,DECODE,28,0,28,873.29,5.88,3
5225,DECODE,28,0,28,874.29,5.68,3
5226,DECODE,28,0,28,875.29,4.97,3
5227,DECODE,28,0,28,876.29,5.92,3
5228,DECODE,28,0,28,877.29,5.08,3
5229,DECODE,27,0,27,878.33,6.31,3
5230,DECODE,27,0,27,879.33,5.65,3
5231,DECODE,27,0,27,880.33,5.33,3
5232,DECODE,27,0,27,881.33,5.83,3
5233,DECODE,27,0,27,882.33,4.82,3
5234,DECODE,27,0,27,883.33,5.42,3
5235,DECODE,27,0,27,884.33,5.75,3
5236,DECODE,27,0,27,885.33,5.21,3
5237,DECODE,26,0,26,886.42,6.05,3
5238,DECODE,26,0,26,887.42,4.62,3
5239,DECODE,25,0,25,888.36,29.71,3
5240,DECODE,25,0,25,889.36,9.20,3
5241,DECODE,25,0,25,890.36,5.28,3
5242,DECODE,25,0,25,891.36,5.69,3
5243,DECODE,24,0,24,892.42,22.05,3
5244,DECODE,24,0,24,893.42,5.57,3
5245,DECODE,23,0,23,894.48,13.15,3
5246,DECODE,23,0,23,895.48,20.34,3
5247,DECODE,23,0,23,896.48,5.60,3
5248,DECODE,23,0,23,897.48,5.67,3
5249,DECODE,23,0,23,898.48,4.87,3
5250,DECODE,23,0,23,899.48,6.23,3
5251,DECODE,23,0,23,900.48,4.09,3
5252,DECODE,23,0,23,901.48,5.90,3
5253,DECODE,23,0,23,902.48,6.06,3
5254,DECODE,23,0,23,903.48,4.78,3
5255,DECODE,23,0,23,904.48,5.70,3
5256,DECODE,23,0,23,905.48,5.43,3
5257,DECODE,23,0,23,906.48,10.91,3
5258,DECODE,23,0,23,907.48,5.41,3
5259,DECODE,22,0,22,908.59,5.34,3
5260,DECODE,22,0,22,909.59,5.55,3
5261,DECODE,22,0,22,910.59,5.26,3
5262,DECODE,22,0,22,911.59,8.14,3
5263,DECODE,21,0,21,912.57,12.50,3
5264,DECODE,21,0,21,913.57,7.17,3
5265,DECODE,21,0,21,914.57,6.00,3
5266,DECODE,21,0,21,915.57,4.43,3
5267,DECODE,20,0,20,916.55,21.25,3
5268,DECODE,20,0,20,917.55,16.05,3
5269,DECODE,20,0,20,918.55,5.81,3
5270,DECODE,20,0,20,919.55,5.09,3
5271,DECODE,20,0,20,920.55,5.29,3
5272,DECODE,20,0,20,921.55,5.41,3
5273,DECODE,20,0,20,922.55,5.07,3
5274,DECODE,20,0,20,923.55,5.64,3
5275,DECODE,20,0,20,924.55,4.59,3
5276,DECODE,20,0,20,925.55,7.79,3
5277,DECODE,20,0,20,926.55,7.82,3
5278,DECODE,20,0,20,927.55,9.00,3
5279,DECODE,20,0,20,928.55,13.78,3
5280,DECODE,20,0,20,929.55,5.88,3
5281,DECODE,20,0,20,930.55,4.88,3
5282,DECODE,20,0,20,931.55,7.62,3
5283,DECODE,20,0,20,932.55,9.17,3
5284,DECODE,20,0,20,933.55,5.37,3
5285,DECODE,19,0,19,934.58,9.05,3
5286,DECODE,19,0,19,935.58,17.33,3
5287,DECODE,19,0,19,936.58,9.00,3
5288,DECODE,19,0,19,937.58,5.65,3
5289,DECODE,19,0,19,938.58,8.98,3
5290,DECODE,19,0,19,939.58,5.64,3
5291,DECODE,19,0,19,940.58,7.89,3
5292,DECODE,19,0,19,941.58,9.51,3
5293,DECODE,19,0,19,942.58,19.49,3
5294,DECODE,19,0,19,943.58,7.95,3
5295,DECODE,18,0,18,944.67,30.49,3
5296,DECODE,18,0,18,945.67,11.44,3
5297,DECODE,18,0,18,946.67,5.62,3
5298,DECODE,18,0,18,947.67,5.23,3
5299,DECODE,18,0,18,948.67,6.51,3
5300,DECODE,18,0,18,949.67,9.38,3
5301,DECODE,18,0,18,950.67,4.97,3
5302,DECODE,18,0,18,951.67,7.83,3
5303,DECODE,18,0,18,952.67,6.60,3
5304,DECODE,18,0,18,953.67,5.93,3
5305,DECODE,18,0,18,954.67,4.76,3
5306,DECODE,17,0,17,955.76,17.70,3
5307,DECODE,17,0,17,956.76,9.09,3
5308,DECODE,17,0,17,957.76,5.45,3
5309,DECODE,16,0,16,958.88,14.69,3
5310,DECODE,15,0,15,959.07,19.72,3
5311,DECODE,15,0,15,960.07,11.19,3
5312,DECODE,15,0,15,961.07,5.88,3
5313,DECODE,14,0,14,962.07,18.89,3
5314,DECODE,14,0,14,963.07,6.75,3
5315,DECODE,14,0,14,964.07,9.38,3
5316,DECODE,14,0,14,965.07,5.26,3
5317,DECODE,14,0,14,966.07,5.52,3
5318,DECODE,14,0,14,967.07,4.61,3
5319,DECODE,14,0,14,968.07,8.17,3
5320,DECODE,14,0,14,969.07,9.64,3
5321,DECODE,13,0,13,970.15,12.45,3
5322,DECODE,13,0,13,971.15,9.47,3
5323,DECODE,13,0,13,972.15,5.18,3
5324,DECODE,12,0,12,973.33,15.01,3
5325,DECODE,12,0,12,974.33,7.80,3
5326,DECODE,12,0,12,975.33,5.53,3
5327,DECODE,12,0,12,976.33,5.35,3
5328,DECODE,12,0,12,977.33,5.26,3
5329,DECODE,12,0,12,978.33,3.25,3
5330,DECODE,12,0,12,979.33,5.92,3
5331,DECODE,11,0,11,980.18,22.27,3
5332,DECODE,11,0,11,981.18,7.68,3
5333,DECODE,11,0,11,982.18,15.22,3
5334,DECODE,11,0,11,983.18,6.91,3
5335,DECODE,11,0,11,984.18,5.86,3
5336,DECODE,11,0,11,985.18,4.88,3
5337,DECODE,11,0,11,986.18,5.68,3
5338,DECODE,11,0,11,987.18,4.95,3
5339,DECODE,11,0,11,988.18,5.23,3
5340,DECODE,11,0,11,989.18,9.29,3
5341,DECODE,11,0,11,990.18,5.20,3
5342,DECODE,11,0,11,991.18,5.34,3
5343,DECODE,10,0,10,992.30,10.14,3
5344,DECODE,10,0,10,993.30,9.17,3
5345,DECODE,10,0,10,994.30,4.95,3
5346,DECODE,10,0,10,995.30,5.60,3
5347,DECODE,10,0,10,996.30,6.13,3
5348,DECODE,10,0,10,997.30,18.84,3
5349,DECODE,10,0,10,998.30,13.18,3
5350,DECODE,10,0,10,999.30,9.66,3
5351,DECODE,9,0,9,1000.44,16.29,3
5352,DECODE,9,0,9,1001.44,8.94,3
5353,DECODE,9,0,9,1002.44,6.05,3
5354,DECODE,9,0,9,1003.44,4.35,3
5355,DECODE,9,0,9,1004.44,9.35,3
5356,DECODE,9,0,9,1005.44,5.24,3
5357,DECODE,9,0,9,1006.44,5.92,3
5358,DECODE,9,0,9,1007.44,2.50,3
5359,DECODE,9,0,9,1008.44,2.37,3
5360,DECODE,9,0,9,1009.44,2.38,3
5361,DECODE,9,0,9,1010.44,2.24,3
5362,DECODE,9,0,9,1011.44,5.06,3
5363,DECODE,9,0,9,1012.44,5.75,3
5364,DECODE,9,0,9,1013.44,2.49,3
5365,DECODE,9,0,9,1014.44,12.76,3
5366,DECODE,9,0,9,1015.44,12.63,3
5367,DECODE,9,0,9,1016.44,15.86,3
5368,DECODE,9,0,9,1017.44,14.28,3
5369,DECODE,9,0,9,1018.44,16.70,3
5370,DECODE,9,0,9,1019.44,12.14,3
5371,DECODE,9,0,9,1020.44,24.58,3
5372,DECODE,9,0,9,1021.44,5.24,3
5373,DECODE,9,0,9,1022.44,20.63,3
5374,DECODE,9,0,9,1023.44,8.27,3
5375,DECODE,9,0,9,1024.44,20.71,3
5376,DECODE,9,0,9,1025.44,8.32,3
5377,DECODE,9,0,9,1026.44,20.56,3
5378,DECODE,9,0,9,1027.44,8.37,3
5379,DECODE,8,0,8,1028.62,30.02,3
5380,DECODE,8,0,8,1029.62,18.77,3
5381,DECODE,8,0,8,1030.62,12.84,3
5382,DECODE,8,0,8,1031.62,22.86,3
5383,DECODE,8,0,8,1032.62,5.27,3
5384,DECODE,8,0,8,1033.62,8.76,3
5385,DECODE,8,0,8,1034.62,16.92,3
5386,DECODE,8,0,8,1035.62,4.96,3
5387,DECODE,8,0,8,1036.62,5.64,3
5388,DECODE,8,0,8,1037.62,4.85,3
5389,DECODE,8,0,8,1038.62,4.95,3
5390,DECODE,8,0,8,1039.62,4.78,3
5391,DECODE,8,0,8,1040.62,5.10,3
5392,DECODE,8,0,8,1041.62,22.47,3
5393,DECODE,8,0,8,1042.62,21.07,3
5394,DECODE,8,0,8,1043.62,9.18,3
5395,DECODE,8,0,8,1044.62,5.16,3
5396,DECODE,8,0,8,1045.62,5.15,3
5397,DECODE,8,0,8,1046.62,5.56,3
5398,DECODE,8,0,8,1047.62,4.93,3
5399,DECODE,8,0,8,1048.62,4.96,3
5400,DECODE,8,0,8,1049.62,5.25,3
5401,DECODE,8,0,8,1050.62,4.77,3
5402,DECODE,8,0,8,1051.62,19.24,3
5403,DECODE,8,0,8,1052.62,5.73,3
5404,DECODE,8,0,8,1053.62,4.65,3
5405,DECODE,8,0,8,1054.62,5.60,3
5406,DECODE,8,0,8,1055.62,8.26,3
5407,DECODE,8,0,8,1056.62,8.90,3
5408,DECODE,8,0,8,1057.62,17.14,3
5409,DECODE,7,0,7,1057.57,9.52,3
5410,DECODE,7,0,7,1058.57,5.25,3
5411,DECODE,7,0,7,1059.57,18.62,3
5412,DECODE,7,0,7,1060.57,5.76,3
5413,DECODE,7,0,7,1061.57,4.22,3
5414,DECODE,7,0,7,1062.57,6.12,3
5415,DECODE,7,0,7,1063.57,5.45,3
5416,DECODE,7,0,7,1064.57,4.97,3
5417,DECODE,7,0,7,1065.57,9.09,3
5418,DECODE,7,0,7,1066.57,5.34,3
5419,DECODE,7,0,7,1067.57,8.92,3
5420,DECODE,7,0,7,1068.57,15.20,3
5421,DECODE,6,0,6,1069.83,10.67,3
5422,DECODE,6,0,6,1070.83,9.54,3
5423,DECODE,6,0,6,1071.83,4.20,3
5424,DECODE,6,0,6,1072.83,7.96,3
5425,DECODE,6,0,6,1073.83,16.10,3
5426,DECODE,6,0,6,1074.83,5.54,3
5427,DECODE,6,0,6,1075.83,5.10,3
5428,DECODE,6,0,6,1076.83,5.76,3
5429,DECODE,6,0,6,1077.83,2.30,3
5430,DECODE,6,0,6,1078.83,4.24,3
5431,DECODE,6,0,6,1079.83,5.68,3
5432,DECODE,6,0,6,1080.83,5.28,3
5433,DECODE,6,0,6,1081.83,5.86,3
5434,DECODE,6,0,6,1082.83,4.82,3
5435,DECODE,5,0,5,1084.00,5.11,3
5436,DECODE,5,0,5,1085.00,5.74,3
5437,DECODE,5,0,5,1086.00,5.11,3
5438,DECODE,5,0,5,1087.00,5.27,3
5439,DECODE,5,0,5,1088.00,8.99,3
5440,DECODE,5,0,5,1089.00,9.22,3
5441,DECODE,5,0,5,1090.00,2.46,3
5442,DECODE,5,0,5,1091.00,5.28,3
5443,DECODE,5,0,5,1092.00,5.33,3
5444,DECODE,5,0,5,1093.00,4.79,3
5445,DECODE,5,0,5,1094.00,5.80,3
5446,DECODE,5,0,5,1095.00,4.24,3
5447,DECODE,5,0,5,1096.00,5.17,3
5448,DECODE,5,0,5,1097.00,4.51,3
5449,DECODE,5,0,5,1098.00,2.15,3
5450,DECODE,5,0,5,1099.00,4.31,3
5451,DECODE,5,0,5,1100.00,2.24,3
5452,DECODE,5,0,5,1101.00,4.30,3
5453,DECODE,5,0,5,1102.00,5.62,3
5454,DECODE,5,0,5,1103.00,4.86,3
5455,DECODE,5,0,5,1104.00,5.20,3
5456,DECODE,5,0,5,1105.00,4.61,3
5457,DECODE,5,0,5,1106.00,5.56,3
5458,DECODE,5,0,5,1107.00,5.66,3
5459,DECODE,5,0,5,1108.00,4.78,3
5460,DECODE,5,0,5,1109.00,5.23,3
5461,DECODE,5,0,5,1110.00,4.94,3
5462,DECODE,5,0,5,1111.00,5.34,3
5463,DECODE,5,0,5,1112.00,5.49,3
5464,DECODE,5,0,5,1113.00,5.02,3
5465,DECODE,5,0,5,1114.00,4.71,3
5466,DECODE,5,0,5,1115.00,5.46,3
5467,DECODE,5,0,5,1116.00,5.14,3
5468,DECODE,5,0,5,1117.00,5.73,3
5469,DECODE,5,0,5,1118.00,4.53,3
5470,DECODE,5,0,5,1119.00,5.05,3
5471,DECODE,5,0,5,1120.00,5.17,3
5472,DECODE,5,0,5,1121.00,5.32,3
5473,DECODE,5,0,5,1122.00,5.40,3
5474,DECODE,5,0,5,1123.00,5.09,3
5475,DECODE,5,0,5,1124.00,4.60,3
5476,DECODE,5,0,5,1125.00,5.50,3
5477,DECODE,5,0,5,1126.00,5.01,3
5478,DECODE,5,0,5,1127.00,5.58,3
5479,DECODE,5,0,5,1128.00,4.89,3
5480,DECODE,5,0,5,1129.00,4.76,3
5481,DECODE,5,0,5,1130.00,5.37,3
5482,DECODE,5,0,5,1131.00,5.16,3
5483,DECODE,5,0,5,1132.00,5.68,3
5484,DECODE,5,0,5,1133.00,5.03,3
5485,DECODE,5,0,5,1134.00,4.53,3
5486,DECODE,5,0,5,1135.00,5.57,3
5487,DECODE,5,0,5,1136.00,4.92,3
5488,DECODE,5,0,5,1137.00,5.49,3
5489,DECODE,5,0,5,1138.00,4.92,3
5490,DECODE,5,0,5,1139.00,4.96,3
5491,DECODE,5,0,5,1140.00,5.29,3
5492,DECODE,5,0,5,1141.00,5.26,3
5493,DECODE,5,0,5,1142.00,5.56,3
5494,DECODE,5,0,5,1143.00,4.86,3
5495,DECODE,5,0,5,1144.00,4.58,3
5496,DECODE,5,0,5,1145.00,5.41,3
5497,DECODE,4,0,4,1146.25,5.19,3
5498,DECODE,4,0,4,1147.25,5.50,3
5499,DECODE,4,0,4,1148.25,5.09,3
5500,DECODE,4,0,4,1149.25,4.47,3
5501,DECODE,4,0,4,1150.25,5.58,3
5502,DECODE,4,0,4,1151.25,1.89,3
5503,DECODE,4,0,4,1152.25,5.04,3
5504,DECODE,4,0,4,1153.25,2.23,3
5505,DECODE,4,0,4,1154.25,1.96,3
5506,DECODE,4,0,4,1155.25,4.90,3
5507,DECODE,4,0,4,1156.25,5.18,3
5508,DECODE,4,0,4,1157.25,5.12,3
5509,DECODE,4,0,4,1158.25,5.77,3
5510,DECODE,4,0,4,1159.25,4.31,3
5511,DECODE,4,0,4,1160.25,5.49,3
5512,DECODE,4,0,4,1161.25,4.76,3
5513,DECODE,4,0,4,1162.25,4.58,3
5514,DECODE,4,0,4,1163.25,5.46,3
5515,DECODE,4,0,4,1164.25,5.12,3
5516,DECODE,4,0,4,1165.25,4.91,3
5517,DECODE,4,0,4,1166.25,5.49,3
5518,DECODE,4,0,4,1167.25,4.99,3
5519,DECODE,4,0,4,1168.25,5.55,3
5520,DECODE,4,0,4,1169.25,4.95,3
5521,DECODE,4,0,4,1170.25,4.58,3
5522,DECODE,4,0,4,1171.25,5.40,3
5523,DECODE,4,0,4,1172.25,5.33,3
5524,DECODE,4,0,4,1173.25,2.54,3
5525,DECODE,4,0,4,1174.25,4.55,3
5526,DECODE,4,0,4,1175.25,4.94,3
5527,DECODE,3,0,3,1176.67,17.47,3
5528,DECODE,3,0,3,1177.67,5.28,3
5529,DECODE,3,0,3,1178.67,5.07,3
5530,DECODE,3,0,3,1179.67,5.07,3
5531,DECODE,3,0,3,1180.67,5.30,3
5532,DECODE,3,0,3,1181.67,18.28,3
5533,DECODE,3,0,3,1182.67,5.04,3
5534,DECODE,3,0,3,1183.67,5.46,3
5535,DECODE,3,0,3,1184.67,5.19,3
5536,DECODE,3,0,3,1185.67,5.04,3
5537,DECODE,3,0,3,1186.67,5.47,3
5538,DECODE,3,0,3,1187.67,5.55,3
5539,DECODE,3,0,3,1188.67,4.63,3
5540,DECODE,3,0,3,1189.67,5.86,3
5541,DECODE,3,0,3,1190.67,5.95,3
5542,DECODE,3,0,3,1191.67,1.88,3
5543,DECODE,3,0,3,1192.67,5.01,3
5544,DECODE,3,0,3,1193.67,2.36,3
5545,DECODE,3,0,3,1194.67,1.97,3
5546,DECODE,3,0,3,1195.67,4.54,3
5547,DECODE,3,0,3,1196.67,5.94,3
5548,DECODE,3,0,3,1197.67,4.25,3
5549,DECODE,3,0,3,1198.67,2.32,3
5550,DECODE,3,0,3,1199.67,4.49,3
5551,DECODE,3,0,3,1200.67,1.95,3
5552,DECODE,3,0,3,1201.67,4.42,3
5553,DECODE,3,0,3,1202.67,5.61,3
5554,DECODE,3,0,3,1203.67,5.33,3
5555,DECODE,3,0,3,1204.67,5.20,3
5556,DECODE,3,0,3,1205.67,5.81,3
5557,DECODE,3,0,3,1206.67,4.36,3
5558,DECODE,3,0,3,1207.67,17.17,3
5559,DECODE,3,0,3,1208.67,4.33,3
5560,DECODE,3,0,3,1209.67,4.50,3
5561,DECODE,3,0,3,1210.67,4.72,3
5562,DECODE,3,0,3,1211.67,4.28,3
5563,DECODE,3,0,3,1212.67,4.29,3
5564,DECODE,3,0,3,1213.67,5.97,3
5565,DECODE,3,0,3,1214.67,4.38,3
5566,DECODE,3,0,3,1215.67,4.94,3
5567,DECODE,3,0,3,1216.67,5.24,3
5568,DECODE,3,0,3,1217.67,2.22,3
5569,DECODE,3,0,3,1218.67,4.39,3
5570,DECODE,3,0,3,1219.67,4.55,3
5571,DECODE,3,0,3,1220.67,2.50,3
5572,DECODE,3,0,3,1221.67,3.90,3
5573,DECODE,3,0,3,1222.67,2.46,3
5574,DECODE,3,0,3,1223.67,1.98,3
5575,DECODE,3,0,3,1224.67,4.23,3
5576,DECODE,3,0,3,1225.67,4.82,3
5577,DECODE,3,0,3,1226.67,2.33,3
5578,DECODE,3,0,3,1227.67,1.99,3
5579,DECODE,3,0,3,1228.67,1.96,3
5580,DECODE,3,0,3,1229.67,4.10,3
5581,DECODE,3,0,3,1230.67,2.01,3
5582,DECODE,3,0,3,1231.67,4.39,3
5583,DECODE,3,0,3,1232.67,4.46,3
5584,DECODE,3,0,3,1233.67,4.51,3
5585,DECODE,3,0,3,1234.67,4.23,3
5586,DECODE,3,0,3,1235.67,2.13,3
5587,DECODE,3,0,3,1236.67,4.44,3
5588,DECODE,3,0,3,1237.67,4.43,3
5589,DECODE,3,0,3,1238.67,4.88,3
5590,DECODE,3,0,3,1239.67,2.34,3
5591,DECODE,3,0,3,1240.67,1.96,3
5592,DECODE,3,0,3,1241.67,4.00,3
5593,DECODE,3,0,3,1242.67,2.10,3
5594,DECODE,3,0,3,1243.67,2.18,3
5595,DECODE,3,0,3,1244.67,4.32,3
5596,DECODE,3,0,3,1245.67,2.57,3
5597,DECODE,3,0,3,1246.67,4.53,3
5598,DECODE,3,0,3,1247.67,2.20,3
5599,DECODE,3,0,3,1248.67,1.79,3
5600,DECODE,3,0,3,1249.67,1.89,3
5601,DECODE,3,0,3,1250.67,1.91,3
5602,DECODE,3,0,3,1251.67,4.25,3
5603,DECODE,3,0,3,1252.67,4.25,3
5604,DECODE,3,0,3,1253.67,4.70,3
5605,DECODE,3,0,3,1254.67,2.42,3
5606,DECODE,3,0,3,1255.67,1.96,3
5607,DECODE,3,0,3,1256.67,4.44,3
5608,DECODE,3,0,3,1257.67,4.60,3
5609,DECODE,3,0,3,1258.67,2.40,3
5610,DECODE,3,0,3,1259.67,4.86,3
5611,DECODE,3,0,3,1260.67,2.20,3
5612,DECODE,3,0,3,1261.67,3.98,3
5613,DECODE,3,0,3,1262.67,2.11,3
5614,DECODE,3,0,3,1263.67,4.55,3
5615,DECODE,3,0,3,1264.67,4.24,3
5616,DECODE,3,0,3,1265.67,4.65,3
5617,DECODE,3,0,3,1266.67,2.41,3
5618,DECODE,3,0,3,1267.67,1.95,3
5619,DECODE,3,0,3,1268.67,3.79,3
5620,DECODE,3,0,3,1269.67,2.48,3
5621,DECODE,3,0,3,1270.67,1.94,3
5622,DECODE,3,0,3,1271.67,1.95,3
5623,DECODE,3,0,3,1272.67,4.44,3
5624,DECODE,3,0,3,1273.67,4.71,3
5625,DECODE,3,0,3,1274.67,1.97,3
5626,DECODE,3,0,3,1275.67,3.82,3
5627,DECODE,3,0,3,1276.67,2.01,3
5628,DECODE,3,0,3,1277.67,4.40,3
5629,DECODE,3,0,3,1278.67,2.16,3
5630,DECODE,3,0,3,1279.67,4.33,3
5631,DECODE,3,0,3,1280.67,2.05,3
5632,DECODE,3,0,3,1281.67,4.37,3
5633,DECODE,3,0,3,1282.67,2.19,3
5634,DECODE,3,0,3,1283.67,2.02,3
5635,DECODE,3,0,3,1284.67,4.34,3
5636,DECODE,3,0,3,1285.67,2.21,3
5637,DECODE,3,0,3,1286.67,4.51,3
5638,DECODE,3,0,3,1287.67,2.17,3
5639,DECODE,3,0,3,1288.67,4.29,3
5640,DECODE,3,0,3,1289.67,2.21,3
5641,DECODE,3,0,3,1290.67,2.14,3
5642,DECODE,3,0,3,1291.67,4.35,3
5643,DECODE,3,0,3,1292.67,2.18,3
5644,DECODE,3,0,3,1293.67,4.50,3
5645,DECODE,3,0,3,1294.67,2.21,3
5646,DECODE,3,0,3,1295.67,4.42,3
5647,DECODE,3,0,3,1296.67,2.22,3
5648,DECODE,3,0,3,1297.67,2.35,3
5649,DECODE,3,0,3,1298.67,4.50,3
5650,DECODE,3,0,3,1299.67,2.25,3
5651,DECODE,3,0,3,1300.67,4.46,3
5652,DECODE,3,0,3,1301.67,2.26,3
5653,DECODE,3,0,3,1302.67,4.60,3
5654,DECODE,3,0,3,1303.67,1.90,3
5655,DECODE,3,0,3,1304.67,2.16,3
5656,DECODE,3,0,3,1305.67,4.27,3
5657,DECODE,3,0,3,1306.67,2.22,3
5658,DECODE,3,0,3,1307.67,4.47,3
5659,DECODE,3,0,3,1308.67,1.97,3
5660,DECODE,3,0,3,1309.67,4.36,3
5661,DECODE,3,0,3,1310.67,2.22,3
5662,DECODE,3,0,3,1311.67,2.21,3
5663,DECODE,3,0,3,1312.67,4.44,3
5664,DECODE,2,0,2,1314.50,2.22,3
5665,DECODE,2,0,2,1315.50,4.30,3
5666,DECODE,2,0,2,1316.50,2.24,3
5667,DECODE,2,0,2,1317.50,4.49,3
5668,DECODE,2,0,2,1318.50,2.33,3
5669,DECODE,2,0,2,1319.50,2.04,3
5670,DECODE,2,0,2,1320.50,4.28,3
5671,DECODE,2,0,2,1321.50,2.17,3
5672,DECODE,2,0,2,1322.50,4.52,3
5673,DECODE,2,0,2,1323.50,1.95,3
5674,DECODE,2,0,2,1324.50,4.38,3
5675,DECODE,2,0,2,1325.50,2.20,3
5676,DECODE,2,0,2,1326.50,2.23,3
5677,DECODE,2,0,2,1327.50,4.34,3
5678,DECODE,2,0,2,1328.50,2.26,3
5679,DECODE,2,0,2,1329.50,4.19,3
5680,DECODE,2,0,2,1330.50,2.19,3
5681,DECODE,2,0,2,1331.50,4.64,3
5682,DECODE,2,0,2,1332.50,1.87,3
5683,DECODE,2,0,2,1333.50,2.02,3
5684,DECODE,1,0,1,1332.00,2.13,3
5685,DECODE,1,0,1,1333.00,4.30,3
5686,DECODE,1,0,1,1334.00,2.36,3
5687,DECODE,1,0,1,1335.00,10.06,3
5688,DECODE,1,0,1,1336.00,3.57,3
5689,DECODE,1,0,1,1337.00,1.87,3
5690,DECODE,1,0,1,1338.00,4.29,3
5691,DECODE,1,0,1,1339.00,1.92,3
5692,DECODE,1,0,1,1340.00,1.76,3
5693,DECODE,1,0,1,1341.00,1.74,3
5694,DECODE,1,0,1,1342.00,4.37,3
5695,DECODE,1,0,1,1343.00,2.09,3
5696,DECODE,1,0,1,1344.00,1.74,3
5697,DECODE,1,0,1,1345.00,2.47,3
5698,DECODE,1,0,1,1346.00,4.44,3
5699,DECODE,1,0,1,1347.00,2.12,3
5700,DECODE,1,0,1,1348.00,1.86,3
5701,DECODE,1,0,1,1349.00,1.87,3
5702,DECODE,1,0,1,1350.00,4.57,3
5703,DECODE,1,0,1,1351.00,2.08,3
5704,DECODE,1,0,1,1352.00,1.69,3
5705,DECODE,1,0,1,1353.00,1.86,3
5706,DECODE,1,0,1,1354.00,4.29,3
5707,DECODE,1,0,1,1355.00,5.36,3
5708,DECODE,1,0,1,1356.00,4.59,3
5709,DECODE,1,0,1,1357.00,5.43,3
5710,DECODE,1,0,1,1358.00,5.03,3
5711,DECODE,1,0,1,1359.00,4.73,3
5712,DECODE,1,0,1,1360.00,5.02,3
5713,DECODE,1,0,1,1361.00,4.85,3
5714,DECODE,1,0,1,1362.00,5.13,3
5715,DECODE,1,0,1,1363.00,8.29,3
5716,DECODE,1,0,1,1364.00,4.38,3
5717,DECODE,1,0,1,1365.00,5.04,3
5718,DECODE,1,0,1,1366.00,4.93,3
5719,DECODE,1,0,1,1367.00,5.11,3
5720,DECODE,1,0,1,1368.00,5.05,3
5721,DECODE,1,0,1,1369.00,4.46,3
5722,DECODE,1,0,1,1370.00,5.27,3
5723,DECODE,1,0,1,1371.00,4.82,3
5724,DECODE,1,0,1,1372.00,5.84,3
5725,DECODE,1,0,1,1373.00,9.20,3
5726,DECODE,1,0,1,1374.00,5.33,3
5727,DECODE,1,0,1,1375.00,5.35,3
5728,DECODE,1,0,1,1376.00,5.27,3
5729,DECODE,1,0,1,1377.00,5.82,3
5730,DECODE,1,0,1,1378.00,4.73,3
5731,DECODE,1,0,1,1379.00,5.73,3
5732,DECODE,1,0,1,1380.00,5.26,3
5733,DECODE,1,0,1,1381.00,5.57,3
5734,DECODE,1,0,1,1382.00,6.00,3
5735,DECODE,1,0,1,1383.00,4.71,3
5736,DECODE,1,0,1,1384.00,6.25,3
5737,DECODE,1,0,1,1385.00,4.83,3
5738,DECODE,1,0,1,1386.00,9.44,3
5739,DECODE,1,0,1,1387.00,5.60,3
5740,DECODE,1,0,1,1388.00,5.30,3
5741,DECODE,1,0,1,1389.00,5.64,3
5742,DECODE,1,0,1,1390.00,5.12,3
5743,DECODE,1,0,1,1391.00,8.86,3
5744,DECODE,1,0,1,1392.00,5.87,3
5745,DECODE,1,0,1,1393.00,8.21,3
5746,DECODE,1,0,1,1394.00,5.53,3
5747,DECODE,1,0,1,1395.00,5.98,3
5748,DECODE,1,0,1,1396.00,4.82,3
5749,DECODE,1,0,1,1397.00,5.98,3
5750,DECODE,1,0,1,1398.00,5.27,3
5751,DECODE,1,0,1,1399.00,9.06,3
5752,DECODE,1,0,1,1400.00,5.66,3
5753,DECODE,1,0,1,1401.00,5.47,3
5754,DECODE,1,0,1,1402.00,5.41,3
5755,DECODE,1,0,1,1403.00,5.32,3
5756,DECODE,1,0,1,1404.00,15.61,3
5757,DECODE,1,0,1,1405.00,13.14,3
5758,DECODE,1,0,1,1406.00,5.70,3
5759,DECODE,1,0,1,1407.00,4.50,3
5760,DECODE,1,0,1,1408.00,6.24,3
5761,DECODE,1,0,1,1409.00,2.23,3
5762,DECODE,1,0,1,1410.00,2.15,3
5763,DECODE,1,0,1,1411.00,4.62,3
5764,DECODE,1,0,1,1412.00,5.73,3
5765,DECODE,1,0,1,1413.00,4.69,3
5766,DECODE,1,0,1,1414.00,5.82,3
5767,DECODE,1,0,1,1415.00,4.34,3
5768,DECODE,1,0,1,1416.00,5.73,3
5769,DECODE,1,0,1,1417.00,5.51,3
5770,DECODE,1,0,1,1418.00,5.42,3
5771,DECODE,1,0,1,1419.00,4.59,3
5772,DECODE,1,0,1,1420.00,5.62,3
5773,DECODE,1,0,1,1421.00,5.01,3
5774,DECODE,1,0,1,1422.00,5.37,3
5775,DECODE,1,0,1,1423.00,4.95,3
5776,DECODE,1,0,1,1424.00,4.57,3
5777,DECODE,1,0,1,1425.00,5.45,3
5778,DECODE,1,0,1,1426.00,1.99,3
5779,DECODE,1,0,1,1427.00,1.88,3
5780,DECODE,1,0,1,1428.00,4.73,3
5781,DECODE,1,0,1,1429.00,5.40,3
5782,DECODE,1,0,1,1430.00,4.62,3
5783,DECODE,1,0,1,1431.00,5.50,3
5784,DECODE,1,0,1,1432.00,4.65,3
5785,DECODE,1,0,1,1433.00,4.26,3
5786,DECODE,1,0,1,1434.00,5.20,3
5787,DECODE,1,0,1,1435.00,2.29,3
5788,DECODE,1,0,1,1436.00,1.89,3
5789,DECODE,1,0,1,1437.00,1.86,3
5790,DECODE,1,0,1,1438.00,4.73,3
5791,DECODE,1,0,1,1439.00,10.88,3
5792,DECODE,1,0,1,1440.00,4.84,3
5793,DECODE,1,0,1,1441.00,5.43,3
5794,DECODE,1,0,1,1442.00,4.79,3
5795,DECODE,1,0,1,1443.00,5.99,3
5796,DECODE,1,0,1,1444.00,5.07,3
5797,DECODE,1,0,1,1445.00,5.65,3
5798,DECODE,1,0,1,1446.00,4.72,3
5799,DECODE,1,0,1,1447.00,5.92,3
5800,DECODE,1,0,1,1448.00,3.22,3
5801,DECODE,1,0,1,1449.00,5.75,3
5802,DECODE,1,0,1,1450.00,2.53,3
5803,DECODE,1,0,1,1451.00,1.98,3
5804,DECODE,1,0,1,1452.00,2.23,3
5805,DECODE,1,0,1,1453.00,2.15,3
5806,DECODE,1,0,1,1454.00,2.13,3
5807,DECODE,1,0,1,1455.00,2.20,3
5808,DECODE,1,0,1,1456.00,5.35,3
5809,DECODE,1,0,1,1457.00,5.32,3
5810,DECODE,1,0,1,1458.00,5.42,3
5811,DECODE,1,0,1,1459.00,5.06,3
5812,DECODE,1,0,1,1460.00,5.43,3
5813,DECODE,1,0,1,1461.00,6.12,3
5814,DECODE,1,0,1,1462.00,2.30,3
5815,DECODE,1,0,1,1463.00,2.35,3
5816,DECODE,1,0,1,1464.00,4.28,3
5817,DECODE,1,0,1,1465.00,5.92,3
5818,DECODE,1,0,1,1466.00,4.59,3
5819,DECODE,1,0,1,1467.00,5.47,3
5820,DECODE,1,0,1,1468.00,4.87,3
5821,DECODE,1,0,1,1469.00,5.53,3
5822,DECODE,1,0,1,1470.00,4.72,3
5823,DECODE,1,0,1,1471.00,5.62,3
5824,DECODE,1,0,1,1472.00,4.53,3
5825,DECODE,1,0,1,1473.00,5.94,3
5826,DECODE,1,0,1,1474.00,4.26,3
5827,DECODE,1,0,1,1475.00,6.78,3
5828,DECODE,1,0,1,1476.00,6.17,3
5829,DECODE,1,0,1,1477.00,2.29,3
5830,DECODE,1,0,1,1478.00,2.10,3
5831,DECODE,1,0,1,1479.00,4.36,3
5832,DECODE,1,0,1,1480.00,5.93,3
5833,DECODE,1,0,1,1481.00,4.78,3
5834,DECODE,1,0,1,1482.00,2.44,3
5835,DECODE,1,0,1,1483.00,2.41,3
5836,DECODE,1,0,1,1484.00,4.89,3
5837,DECODE,1,0,1,1485.00,5.42,3
5838,DECODE,1,0,1,1486.00,4.82,3
5839,DECODE,1,0,1,1487.00,8.60,3
5840,DECODE,1,0,1,1488.00,5.83,3
5841,DECODE,1,0,1,1489.00,4.92,3
5842,DECODE,1,0,1,1490.00,5.75,3
5843,DECODE,1,0,1,1491.00,5.34,3
5844,DECODE,1,0,1,1492.00,4.65,3
5845,DECODE,1,0,1,1493.00,5.87,3
5846,DECODE,1,0,1,1494.00,4.79,3
5847,DECODE,1,0,1,1495.00,5.59,3
5848,DECODE,1,0,1,1496.00,5.92,3
5849,DECODE,1,0,1,1497.00,2.30,3
5850,DECODE,1,0,1,1498.00,2.28,3
5851,DECODE,1,0,1,1499.00,2.36,3
5852,DECODE,1,0,1,1500.00,2.07,3
5853,DECODE,1,0,1,1501.00,2.37,3
5854,DECODE,1,0,1,1502.00,2.18,3
5855,DECODE,1,0,1,1503.00,5.78,3
5856,DECODE,1,0,1,1504.00,2.44,3
5857,DECODE,1,0,1,1505.00,1.99,3
5858,DECODE,1,0,1,1506.00,2.18,3
5859,DECODE,1,0,1,1507.00,4.58,3
5860,DECODE,1,0,1,1508.00,5.61,3
5861,DECODE,1,0,1,1509.00,4.19,3
5862,DECODE,1,0,1,1510.00,5.71,3
5863,DECODE,1,0,1,1511.00,7.98,3
5864,DECODE,1,0,1,1512.00,4.91,3
5865,DECODE,1,0,1,1513.00,6.62,3
5866,DECODE,1,0,1,1514.00,5.44,3
5867,DECODE,1,0,1,1515.00,4.83,3
5868,DECODE,1,0,1,1516.00,5.23,3
5869,DECODE,1,0,1,1517.00,5.00,3
5870,DECODE,1,0,1,1518.00,2.22,3
5871,DECODE,1,0,1,1519.00,2.22,3
5872,DECODE,1,0,1,1520.00,4.78,3
5873,DECODE,1,0,1,1521.00,5.32,3
5874,DECODE,1,0,1,1522.00,5.12,3
5875,DECODE,1,0,1,1523.00,5.52,3
5876,DECODE,1,0,1,1524.00,2.08,3
5877,DECODE,1,0,1,1525.00,2.55,3
5878,DECODE,1,0,1,1526.00,4.87,3
5879,DECODE,1,0,1,1527.00,5.07,3
5880,DECODE,1,0,1,1528.00,4.90,3
5881,DECODE,1,0,1,1529.00,4.42,3
5882,DECODE,1,0,1,1530.00,5.85,3
5883,DECODE,1,0,1,1531.00,5.67,3
5884,DECODE,1,0,1,1532.00,5.16,3
5885,DECODE,1,0,1,1533.00,5.09,3
5886,DECODE,1,0,1,1534.00,2.40,3
5887,DECODE,1,0,1,1535.00,4.51,3
5888,DECODE,1,0,1,1536.00,5.76,3
5889,DECODE,1,0,1,1537.00,5.06,3
5890,DECODE,1,0,1,1538.00,2.17,3
5891,DECODE,1,0,1,1539.00,1.88,3
5892,DECODE,1,0,1,1540.00,4.36,3
5893,DECODE,1,0,1,1541.00,5.73,3
5894,DECODE,1,0,1,1542.00,5.10,3
5895,DECODE,1,0,1,1543.00,4.32,3
5896,DECODE,1,0,1,1544.00,4.97,3
5897,DECODE,1,0,1,1545.00,5.17,3
5898,DECODE,1,0,1,1546.00,4.97,3
5899,DECODE,1,0,1,1547.00,5.84,3
5900,DECODE,1,0,1,1548.00,4.42,3
5901,DECODE,1,0,1,1549.00,5.59,3
5902,DECODE,1,0,1,1550.00,2.22,3
5903,DECODE,1,0,1,1551.00,4.90,3
5904,DECODE,1,0,1,1552.00,3.01,3
5905,DECODE,1,0,1,1553.00,6.23,3
5906,DECODE,1,0,1,1554.00,4.55,3
5907,DECODE,1,0,1,1555.00,5.85,3
5908,DECODE,1,0,1,1556.00,4.62,3
5909,DECODE,1,0,1,1557.00,5.43,3
5910,DECODE,1,0,1,1558.00,5.54,3
5911,DECODE,1,0,1,1559.00,5.21,3
5912,DECODE,1,0,1,1560.00,4.20,3
5913,DECODE,1,0,1,1561.00,5.83,3
5914,DECODE,1,0,1,1562.00,4.76,3
5915,DECODE,1,0,1,1563.00,5.22,3
5916,DECODE,1,0,1,1564.00,5.34,3
5917,DECODE,1,0,1,1565.00,2.51,3
5918,DECODE,1,0,1,1566.00,4.58,3
5919,DECODE,1,0,1,1567.00,2.42,3
5920,DECODE,1,0,1,1568.00,2.05,3
5921,DECODE,1,0,1,1569.00,6.09,3
5922,DECODE,1,0,1,1570.00,4.92,3
5923,DECODE,1,0,1,1571.00,5.03,3
5924,DECODE,1,0,1,1572.00,5.58,3
5925,DECODE,1,0,1,1573.00,4.48,3
5926,DECODE,1,0,1,1574.00,5.69,3
5927,DECODE,1,0,1,1575.00,4.67,3
5928,DECODE,1,0,1,1576.00,5.37,3
5929,DECODE,1,0,1,1577.00,5.18,3
5930,DECODE,1,0,1,1578.00,5.32,3
5931,DECODE,1,0,1,1579.00,5.23,3
5932,DECODE,1,0,1,1580.00,5.70,3
5933,DECODE,1,0,1,1581.00,4.83,3
5934,DECODE,1,0,1,1582.00,5.63,3
5935,DECODE,1,0,1,1583.00,4.44,3
5936,DECODE,1,0,1,1584.00,2.44,3
5937,DECODE,1,0,1,1585.00,1.88,3
5938,DECODE,1,0,1,1586.00,5.12,3
5939,DECODE,1,0,1,1587.00,5.21,3
5940,DECODE,1,0,1,1588.00,5.34,3
5941,DECODE,1,0,1,1589.00,5.29,3
5942,DECODE,1,0,1,1590.00,5.59,3
5943,DECODE,1,0,1,1591.00,4.86,3
5944,DECODE,1,0,1,1592.00,5.20,3
5945,DECODE,1,0,1,1593.00,5.27,3
5946,DECODE,1,0,1,1594.00,4.74,3
5947,DECODE,1,0,1,1595.00,5.29,3
5948,DECODE,1,0,1,1596.00,4.68,3
5949,DECODE,1,0,1,1597.00,5.32,3
5950,DECODE,1,0,1,1598.00,5.33,3
5951,DECODE,1,0,1,1599.00,2.53,3
5952,DECODE,1,0,1,1600.00,2.21,3
5953,DECODE,1,0,1,1601.00,4.35,3
5954,DECODE,1,0,1,1602.00,4.93,3
5955,DECODE,1,0,1,1603.00,5.02,3
5956,DECODE,1,0,1,1604.00,4.95,3
5957,DECODE,1,0,1,1605.00,4.76,3
5958,DECODE,1,0,1,1606.00,5.71,3
5959,DECODE,1,0,1,1607.00,2.11,3
5960,DECODE,1,0,1,1608.00,2.23,3
5961,DECODE,1,0,1,1609.00,1.84,3
5962,DECODE,1,0,1,1610.00,2.33,3
5963,DECODE,1,0,1,1611.00,1.90,3
5964,DECODE,1,0,1,1612.00,2.25,3
5965,DECODE,1,0,1,1613.00,5.38,3
5966,DECODE,1,0,1,1614.00,4.40,3
5967,DECODE,1,0,1,1615.00,5.28,3
5968,DECODE,1,0,1,1616.00,4.73,3
5969,DECODE,1,0,1,1617.00,5.01,3
5970,DECODE,1,0,1,1618.00,5.82,3
5971,DECODE,1,0,1,1619.00,2.03,3
5972,DECODE,1,0,1,1620.00,1.86,3
5973,DECODE,1,0,1,1621.00,1.95,3
5974,DECODE,1,0,1,1622.00,2.36,3
5975,DECODE,1,0,1,1623.00,5.23,3
5976,DECODE,1,0,1,1624.00,4.91,3
5977,DECODE,1,0,1,1625.00,4.78,3
5978,DECODE,1,0,1,1626.00,5.18,3
5979,DECODE,1,0,1,1627.00,3.86,3
5980,DECODE,1,0,1,1628.00,13.03,3
5981,DECODE,1,0,1,1629.00,5.56,3
5982,DECODE,1,0,1,1630.00,5.10,3
5983,DECODE,1,0,1,1631.00,5.32,3
5984,DECODE,1,0,1,1632.00,5.05,3
5985,DECODE,1,0,1,1633.00,5.28,3
5986,DECODE,1,0,1,1634.00,2.39,3
5987,DECODE,1,0,1,1635.00,1.92,3
5988,DECODE,1,0,1,1636.00,2.38,3
5989,DECODE,1,0,1,1637.00,4.73,3
5990,DECODE,1,0,1,1638.00,5.89,3
5991,DECODE,1,0,1,1639.00,13.92,3
5992,DECODE,1,0,1,1640.00,9.71,3
5993,DECODE,1,0,1,1641.00,7.85,3
5994,DECODE,1,0,1,1642.00,5.52,3
5995,DECODE,1,0,1,1643.00,5.10,3
5996,DECODE,1,0,1,1644.00,4.82,3
5997,DECODE,1,0,1,1645.00,5.46,3
5998,DECODE,1,0,1,1646.00,3.74,3
5999,DECODE,1,0,1,1647.00,5.04,3
6000,DECODE,1,0,1,1648.00,4.88,3
6001,DECODE,1,0,1,1649.00,5.40,3
6002,DECODE,1,0,1,1650.00,5.34,3
6003,DECODE,1,0,1,1651.00,2.36,3
6004,DECODE,1,0,1,1652.00,4.71,3
6005,DECODE,1,0,1,1653.00,5.08,3
6006,DECODE,1,0,1,1654.00,3.13,3
6007,DECODE,1,0,1,1655.00,5.64,3
6008,DECODE,1,0,1,1656.00,2.37,3
6009,DECODE,1,0,1,1657.00,2.33,3
6010,DECODE,1,0,1,1658.00,5.45,3
6011,DECODE,1,0,1,1659.00,5.08,3
6012,DECODE,1,0,1,1660.00,5.64,3
6013,DECODE,1,0,1,1661.00,4.76,3
6014,DECODE,1,0,1,1662.00,5.43,3
6015,DECODE,1,0,1,1663.00,2.41,3
6016,DECODE,1,0,1,1664.00,2.39,3
6017,DECODE,1,0,1,1665.00,2.21,3
6018,DECODE,1,0,1,1666.00,2.07,3
6019,DECODE,1,0,1,1667.00,2.43,3
6020,DECODE,1,0,1,1668.00,7.07,3
6021,DECODE,1,0,1,1669.00,5.00,3
6022,DECODE,1,0,1,1670.00,5.52,3
6023,DECODE,1,0,1,1671.00,2.47,3
6024,DECODE,1,0,1,1672.00,2.22,3
6025,DECODE,1,0,1,1673.00,2.28,3
6026,DECODE,1,0,1,1674.00,5.47,3
6027,DECODE,1,0,1,1675.00,3.74,3
6028,DECODE,1,0,1,1676.00,5.07,3
6029,DECODE,1,0,1,1677.00,2.23,3
6030,DECODE,1,0,1,1678.00,2.19,3
6031,DECODE,1,0,1,1679.00,2.28,3
6032,DECODE,1,0,1,1680.00,5.06,3
6033,DECODE,1,0,1,1681.00,5.08,3
6034,DECODE,1,0,1,1682.00,4.70,3
6035,DECODE,1,0,1,1683.00,5.29,3
6036,DECODE,1,0,1,1684.00,5.60,3
6037,DECODE,1,0,1,1685.00,3.92,3
6038,DECODE,1,0,1,1686.00,5.05,3
6039,DECODE,1,0,1,1687.00,4.69,3
6040,DECODE,1,0,1,1688.00,5.37,3
6041,DECODE,1,0,1,1689.00,5.34,3
6042,DECODE,1,0,1,1690.00,5.43,3
6043,DECODE,1,0,1,1691.00,5.28,3
6044,DECODE,1,0,1,1692.00,5.20,3
6045,DECODE,1,0,1,1693.00,5.25,3
6046,DECODE,1,0,1,1694.00,2.35,3
6047,DECODE,1,0,1,1695.00,1.98,3
6048,DECODE,1,0,1,1696.00,2.19,3
6049,DECODE,1,0,1,1697.00,4.68,3
6050,DECODE,1,0,1,1698.00,5.59,3
6051,DECODE,1,0,1,1699.00,8.85,3
6052,DECODE,1,0,1,1700.00,5.20,3
6053,DECODE,1,0,1,1701.00,2.15,3
6054,DECODE,1,0,1,1702.00,2.40,3
6055,DECODE,1,0,1,1703.00,1.95,3
6056,DECODE,1,0,1,1704.00,5.17,3
6057,DECODE,1,0,1,1705.00,5.46,3
6058,DECODE,1,0,1,1706.00,5.32,3
6059,DECODE,1,0,1,1707.00,5.35,3
6060,DECODE,1,0,1,1708.00,4.91,3
6061,DECODE,1,0,1,1709.00,5.45,3
6062,DECODE,1,0,1,1710.00,5.51,3
6063,DECODE,1,0,1,1711.00,2.22,3
6064,DECODE,1,0,1,1712.00,5.21,3
6065,DECODE,1,0,1,1713.00,4.81,3
6066,DECODE,1,0,1,1714.00,4.95,3
6067,DECODE,1,0,1,1715.00,10.41,3
6068,DECODE,1,0,1,1716.00,5.22,3
6069,DECODE,1,0,1,1717.00,9.35,3
6070,DECODE,1,0,1,1718.00,10.36,3
6071,DECODE,1,0,1,1719.00,4.90,3
6072,DECODE,1,0,1,1720.00,5.63,3
6073,DECODE,1,0,1,1721.00,2.46,3
6074,DECODE,1,0,1,1722.00,2.37,3
6075,DECODE,1,0,1,1723.00,3.76,3
6076,DECODE,1,0,1,1724.00,4.65,3
6077,DECODE,1,0,1,1725.00,5.01,3
6078,DECODE,1,0,1,1726.00,4.77,3
6079,DECODE,1,0,1,1727.00,8.38,3
6080,DECODE,1,0,1,1728.00,5.26,3
6081,DECODE,1,0,1,1729.00,4.74,3
6082,DECODE,1,0,1,1730.00,5.77,3
6083,DECODE,1,0,1,1731.00,5.49,3
6084,DECODE,1,0,1,1732.00,5.11,3
6085,DECODE,1,0,1,1733.00,5.36,3
6086,DECODE,1,0,1,1734.00,4.65,3
6087,DECODE,1,0,1,1735.00,5.74,3
6088,DECODE,1,0,1,1736.00,4.45,3
6089,DECODE,1,0,1,1737.00,5.09,3
6090,DECODE,1,0,1,1738.00,5.30,3
6091,DECODE,1,0,1,1739.00,4.82,3
6092,DECODE,1,0,1,1740.00,4.82,3
6093,DECODE,1,0,1,1741.00,4.95,3
6094,DECODE,1,0,1,1742.00,5.55,3
6095,DECODE,1,0,1,1743.00,2.42,3
6096,DECODE,1,0,1,1744.00,2.31,3
6097,DECODE,1,0,1,1745.00,2.12,3
6098,DECODE,1,0,1,1746.00,2.13,3
6099,DECODE,1,0,1,1747.00,4.89,3
6100,DECODE,1,0,1,1748.00,7.71,3
6101,DECODE,1,0,1,1749.00,2.10,3
6102,DECODE,1,0,1,1750.00,4.44,3
6103,DECODE,1,0,1,1751.00,5.03,3
6104,DECODE,1,0,1,1752.00,4.75,3
6105,DECODE,1,0,1,1753.00,5.60,3
6106,DECODE,1,0,1,1754.00,4.59,3
6107,DECODE,1,0,1,1755.00,5.77,3
6108,DECODE,1,0,1,1756.00,1.99,3
6109,DECODE,1,0,1,1757.00,2.17,3
6110,DECODE,1,0,1,1758.00,3.76,3
6111,DECODE,1,0,1,1759.00,2.15,3
6112,DECODE,1,0,1,1760.00,2.09,3
6113,DECODE,1,0,1,1761.00,4.61,3
6114,DECODE,1,0,1,1762.00,5.59,3
6115,DECODE,1,0,1,1763.00,2.12,3
6116,DECODE,1,0,1,1764.00,2.26,3
6117,DECODE,1,0,1,1765.00,2.06,3
6118,DECODE,1,0,1,1766.00,2.15,3
6119,DECODE,1,0,1,1767.00,4.51,3
6120,DECODE,1,0,1,1768.00,4.20,3
6121,DECODE,1,0,1,1769.00,10.35,3
6122,DECODE,1,0,1,1770.00,11.03,3
6123,DECODE,1,0,1,1771.00,5.87,3
6124,DECODE,1,0,1,1772.00,2.44,3
6125,DECODE,1,0,1,1773.00,1.96,3
6126,DECODE,1,0,1,1774.00,3.94,3
6127,DECODE,1,0,1,1775.00,2.44,3
6128,DECODE,1,0,1,1776.00,4.95,3
6129,DECODE,1,0,1,1777.00,2.37,3
6130,DECODE,1,0,1,1778.00,2.02,3
6131,DECODE,1,0,1,1779.00,10.70,3
6132,DECODE,1,0,1,1780.00,5.53,3
6133,DECODE,1,0,1,1781.00,5.04,3
6134,DECODE,1,0,1,1782.00,6.88,3
6135,DECODE,1,0,1,1783.00,4.75,3
6136,DECODE,1,0,1,1784.00,14.14,3
6137,DECODE,1,0,1,1785.00,2.42,3
6138,DECODE,1,0,1,1786.00,4.33,3
6139,DECODE,1,0,1,1787.00,5.41,3
6140,DECODE,1,0,1,1788.00,2.21,3
6141,DECODE,1,0,1,1789.00,5.09,3
6142,DECODE,1,0,1,1790.00,4.98,3
6143,DECODE,1,0,1,1791.00,5.29,3
6144,DECODE,1,0,1,1792.00,2.29,3
6145,DECODE,1,0,1,1793.00,2.45,3
6146,DECODE,1,0,1,1794.00,4.80,3
6147,DECODE,1,0,1,1795.00,4.75,3
6148,DECODE,1,0,1,1796.00,2.48,3
6149,DECODE,1,0,1,1797.00,2.34,3
6150,DECODE,1,0,1,1798.00,2.20,3
6151,DECODE,1,0,1,1799.00,5.32,3
6152,DECODE,1,0,1,1800.00,5.43,3
6153,DECODE,1,0,1,1801.00,5.19,3
6154,DECODE,1,0,1,1802.00,2.35,3
6155,DECODE,1,0,1,1803.00,2.04,3
6156,DECODE,1,0,1,1804.00,5.61,3
6157,DECODE,1,0,1,1805.00,2.15,3
6158,DECODE,1,0,1,1806.00,2.47,3
6159,DECODE,1,0,1,1807.00,2.29,3
6160,DECODE,1,0,1,1808.00,4.56,3
6161,DECODE,1,0,1,1809.00,5.21,3
6162,DECODE,1,0,1,1810.00,4.82,3
6163,DECODE,1,0,1,1811.00,5.63,3
6164,DECODE,1,0,1,1812.00,5.24,3
6165,DECODE,1,0,1,1813.00,5.22,3
6166,DECODE,1,0,1,1814.00,4.77,3
6167,DECODE,1,0,1,1815.00,5.21,3
6168,DECODE,1,0,1,1816.00,5.23,3
6169,DECODE,1,0,1,1817.00,21.42,3
6170,DECODE,1,0,1,1818.00,8.92,3
6171,DECODE,1,0,1,1819.00,17.74,3
6172,DECODE,1,0,1,1820.00,11.15,3
6173,DECODE,1,0,1,1821.00,6.19,3
6174,DECODE,1,0,1,1822.00,5.49,3
6175,DECODE,1,0,1,1823.00,4.91,3
6176,DECODE,1,0,1,1824.00,4.94,3
6177,DECODE,1,0,1,1825.00,5.28,3
6178,DECODE,1,0,1,1826.00,5.42,3
6179,DECODE,1,0,1,1827.00,5.34,3
6180,DECODE,1,0,1,1828.00,2.27,3
6181,DECODE,1,0,1,1829.00,2.48,3
6182,DECODE,1,0,1,1830.00,4.50,3
6183,DECODE,1,0,1,1831.00,5.48,3
6184,DECODE,1,0,1,1832.00,2.45,3
6185,DECODE,1,0,1,1833.00,5.04,3
6186,DECODE,1,0,1,1834.00,5.48,3
6187,DECODE,1,0,1,1835.00,5.13,3
6188,DECODE,1,0,1,1836.00,4.55,3
6189,DECODE,1,0,1,1837.00,5.15,3
6190,DECODE,1,0,1,1838.00,4.94,3
6191,DECODE,1,0,1,1839.00,5.38,3
6192,DECODE,1,0,1,1840.00,5.19,3
6193,DECODE,1,0,1,1841.00,4.70,3
6194,DECODE,1,0,1,1842.00,5.24,3
6195,DECODE,1,0,1,1843.00,5.48,3
6196,DECODE,1,0,1,1844.00,5.21,3
6197,DECODE,1,0,1,1845.00,5.20,3
6198,DECODE,1,0,1,1846.00,2.28,3
6199,DECODE,1,0,1,1847.00,2.35,3
6200,DECODE,1,0,1,1848.00,4.76,3
6201,DECODE,1,0,1,1849.00,5.45,3
6202,DECODE,1,0,1,1850.00,8.84,3
6203,DECODE,1,0,1,1851.00,5.40,3
6204,DECODE,1,0,1,1852.00,4.75,3
6205,DECODE,1,0,1,1853.00,4.81,3
6206,DECODE,1,0,1,1854.00,5.26,3
6207,DECODE,1,0,1,1855.00,5.01,3
6208,DECODE,1,0,1,1856.00,5.05,3
6209,DECODE,1,0,1,1857.00,5.22,3
6210,DECODE,1,0,1,1858.00,5.77,3
6211,DECODE,1,0,1,1859.00,4.69,3
6212,DECODE,1,0,1,1860.00,3.73,3
6213,DECODE,1,0,1,1861.00,5.31,3
6214,DECODE,1,0,1,1862.00,5.49,3
6215,DECODE,1,0,1,1863.00,5.45,3
6216,DECODE,1,0,1,1864.00,5.26,3
6217,DECODE,1,0,1,1865.00,7.20,3
6218,DECODE,1,0,1,1866.00,5.41,3
6219,DECODE,1,0,1,1867.00,4.97,3
6220,DECODE,1,0,1,1868.00,10.53,3
6221,DECODE,1,0,1,1869.00,13.86,3
6222,DECODE,1,0,1,1870.00,4.99,3
6223,DECODE,1,0,1,1871.00,17.08,3
6224,DECODE,1,0,1,1872.00,7.49,3
6225,DECODE,1,0,1,1873.00,7.70,3
6226,DECODE,1,0,1,1874.00,2.24,3
6227,DECODE,1,0,1,1875.00,5.25,3
6228,DECODE,1,0,1,1876.00,2.29,3
6229,DECODE,1,0,1,1877.00,2.21,3
6230,DECODE,1,0,1,1878.00,2.20,3
6231,DECODE,1,0,1,1879.00,2.39,3
6232,DECODE,1,0,1,1880.00,2.35,3
6233,DECODE,1,0,1,1881.00,5.60,3
6234,DECODE,1,0,1,1882.00,2.43,3
6235,DECODE,1,0,1,1883.00,1.97,3
6236,DECODE,1,0,1,1884.00,2.28,3
6237,DECODE,1,0,1,1885.00,2.24,3
6238,DECODE,1,0,1,1886.00,2.25,3
6239,DECODE,1,0,1,1887.00,1.98,3
6240,DECODE,1,0,1,1888.00,4.18,3
6241,DECODE,1,0,1,1889.00,5.76,3
6242,DECODE,1,0,1,1890.00,2.37,3
6243,DECODE,1,0,1,1891.00,2.21,3
6244,DECODE,1,0,1,1892.00,2.16,3
6245,DECODE,1,0,1,1893.00,4.17,3
6246,DECODE,1,0,1,1894.00,5.62,3
6247,DECODE,1,0,1,1895.00,2.32,3
6248,DECODE,1,0,1,1896.00,2.28,3
6249,DECODE,1,0,1,1897.00,1.84,3
6250,DECODE,1,0,1,1898.00,4.82,3
6251,DECODE,1,0,1,1899.00,4.71,3
6252,DECODE,1,0,1,1900.00,4.96,3
6253,DECODE,1,0,1,1901.00,5.15,3
6254,DECODE,1,0,1,1902.00,5.67,3
6255,DECODE,1,0,1,1903.00,2.06,3
6256,DECODE,1,0,1,1904.00,2.36,3
6257,DECODE,1,0,1,1905.00,4.49,3
6258,DECODE,1,0,1,1906.00,3.78,3
6259,DECODE,1,0,1,1907.00,5.24,3
6260,DECODE,1,0,1,1908.00,13.92,3
6261,DECODE,1,0,1,1909.00,5.26,3
6262,DECODE,1,0,1,1910.00,5.01,3
6263,DECODE,1,0,1,1911.00,5.49,3
6264,DECODE,1,0,1,1912.00,7.08,3
6265,DECODE,1,0,1,1913.00,10.40,3
6266,DECODE,1,0,1,1914.00,5.59,3
6267,DECODE,1,0,1,1915.00,2.45,3
6268,DECODE,1,0,1,1916.00,2.15,3
6269,DECODE,1,0,1,1917.00,5.11,3
6270,DECODE,1,0,1,1918.00,4.74,3
6271,DECODE,1,0,1,1919.00,4.83,3
6272,DECODE,1,0,1,1920.00,5.42,3
6273,DECODE,1,0,1,1921.00,4.64,3
6274,DECODE,1,0,1,1922.00,21.09,3
6275,DECODE,1,0,1,1923.00,13.13,3
6276,DECODE,1,0,1,1924.00,8.26,3
6277,DECODE,1,0,1,1925.00,5.59,3
6278,DECODE,1,0,1,1926.00,5.07,3
6279,DECODE,1,0,1,1927.00,4.90,3
6280,DECODE,1,0,1,1928.00,5.22,3
6281,DECODE,1,0,1,1929.00,2.28,3
6282,DECODE,1,0,1,1930.00,4.91,3
6283,DECODE,1,0,1,1931.00,4.72,3
6284,DECODE,1,0,1,1932.00,5.43,3
6285,DECODE,1,0,1,1933.00,4.31,3
6286,DECODE,1,0,1,1934.00,13.92,3
6287,DECODE,1,0,1,1935.00,5.80,3
6288,DECODE,1,0,1,1936.00,2.48,3
6289,DECODE,1,0,1,1937.00,2.17,3
6290,DECODE,1,0,1,1938.00,5.39,3
6291,DECODE,1,0,1,1939.00,2.41,3
6292,DECODE,1,0,1,1940.00,5.06,3
6293,DECODE,1,0,1,1941.00,5.21,3
6294,DECODE,1,0,1,1942.00,5.36,3
6295,DECODE,1,0,1,1943.00,2.80,3
6296,DECODE,1,0,1,1944.00,5.30,3
6297,DECODE,1,0,1,1945.00,4.68,3
6298,DECODE,1,0,1,1946.00,5.61,3
6299,DECODE,1,0,1,1947.00,2.44,3
6300,DECODE,1,0,1,1948.00,2.07,3
6301,DECODE,1,0,1,1949.00,4.70,3
6302,DECODE,1,0,1,1950.00,7.12,3
6303,DECODE,1,0,1,1951.00,10.65,3
6304,DECODE,1,0,1,1952.00,10.64,3
6305,DECODE,1,0,1,1953.00,10.43,3
6306,DECODE,1,0,1,1954.00,15.06,3
6307,DECODE,1,0,1,1955.00,6.01,3
6308,DECODE,1,0,1,1956.00,5.75,3
6309,DECODE,1,0,1,1957.00,2.44,3
6310,DECODE,1,0,1,1958.00,3.91,3
6311,DECODE,1,0,1,1959.00,5.65,3
6312,DECODE,1,0,1,1960.00,4.85,3
6313,DECODE,1,0,1,1961.00,5.59,3
6314,DECODE,1,0,1,1962.00,4.98,3
6315,DECODE,1,0,1,1963.00,4.77,3
6316,DECODE,1,0,1,1964.00,3.78,3
6317,DECODE,1,0,1,1965.00,7.19,3
6318,DECODE,1,0,1,1966.00,5.66,3
6319,DECODE,1,0,1,1967.00,4.64,3
6320,DECODE,1,0,1,1968.00,4.99,3
6321,DECODE,1,0,1,1969.00,5.38,3
6322,DECODE,1,0,1,1970.00,5.10,3
6323,DECODE,1,0,1,1971.00,5.53,3
6324,DECODE,1,0,1,1972.00,5.01,3
6325,DECODE,1,0,1,1973.00,5.17,3
6326,DECODE,1,0,1,1974.00,5.09,3
6327,DECODE,1,0,1,1975.00,3.95,3
6328,DECODE,1,0,1,1976.00,5.66,3
6329,DECODE,1,0,1,1977.00,2.43,3
6330,DECODE,1,0,1,1978.00,5.73,3
6331,DECODE,1,0,1,1979.00,2.43,3
6332,DECODE,1,0,1,1980.00,2.15,3
6333,DECODE,1,0,1,1981.00,2.26,3
6334,DECODE,1,0,1,1982.00,4.64,3
6335,DECODE,1,0,1,1983.00,7.07,3
6336,DECODE,1,0,1,1984.00,5.45,3
6337,DECODE,1,0,1,1985.00,3.88,3
6338,DECODE,1,0,1,1986.00,5.19,3
6339,DECODE,1,0,1,1987.00,2.49,3
6340,DECODE,1,0,1,1988.00,5.45,3
6341,DECODE,1,0,1,1989.00,3.78,3
6342,DECODE,1,0,1,1990.00,5.60,3
6343,DECODE,1,0,1,1991.00,2.32,3
6344,DECODE,1,0,1,1992.00,2.43,3
6345,DECODE,1,0,1,1993.00,2.33,3
6346,DECODE,1,0,1,1994.00,5.07,3
6347,DECODE,1,0,1,1995.00,2.45,3
6348,DECODE,1,0,1,1996.00,2.35,3
6349,DECODE,1,0,1,1997.00,2.16,3
6350,DECODE,1,0,1,1998.00,3.89,3
6351,DECODE,1,0,1,1999.00,5.50,3
6352,DECODE,1,0,1,2000.00,4.83,3
6353,DECODE,1,0,1,2001.00,5.60,3
6354,DECODE,1,0,1,2002.00,5.09,3
6355,DECODE,1,0,1,2003.00,3.84,3
6356,DECODE,1,0,1,2004.00,5.46,3
6357,DECODE,1,0,1,2005.00,2.33,3
6358,DECODE,1,0,1,2006.00,2.83,3
6359,DECODE,1,0,1,2007.00,7.16,3
6360,DECODE,1,0,1,2008.00,14.01,3
6361,DECODE,1,0,1,2009.00,5.49,3
6362,DECODE,1,0,1,2010.00,5.76,3
6363,DECODE,1,0,1,2011.00,2.48,3
6364,DECODE,1,0,1,2012.00,5.02,3
6365,DECODE,1,0,1,2013.00,4.69,3
6366,DECODE,1,0,1,2014.00,5.42,3
6367,DECODE,1,0,1,2015.00,4.96,3
6368,DECODE,1,0,1,2016.00,26.95,3
6369,DECODE,1,0,1,2017.00,4.91,3
6370,DECODE,1,0,1,2018.00,4.94,3
6371,DECODE,1,0,1,2019.00,3.88,3
6372,DECODE,1,0,1,2020.00,5.15,3
6373,DECODE,1,0,1,2021.00,5.44,3
6374,DECODE,1,0,1,2022.00,5.37,3
6375,DECODE,1,0,1,2023.00,4.72,3
6376,DECODE,1,0,1,2024.00,4.95,3
6377,DECODE,1,0,1,2025.00,4.87,3
6378,DECODE,1,0,1,2026.00,4.83,3
6379,DECODE,1,0,1,2027.00,5.60,3
6380,DECODE,1,0,1,2028.00,4.60,3
6381,DECODE,1,0,1,2029.00,2.44,3
6382,DECODE,1,0,1,2030.00,5.24,3
6383,DECODE,1,0,1,2031.00,2.20,3
6384,DECODE,1,0,1,2032.00,2.06,3
6385,DECODE,1,0,1,2033.00,5.06,3
6386,DECODE,1,0,1,2034.00,2.29,3
6387,DECODE,1,0,1,2035.00,2.21,3
6388,DECODE,1,0,1,2036.00,5.10,3
6389,DECODE,1,0,1,2037.00,2.22,3
6390,DECODE,1,0,1,2038.00,2.15,3
6391,DECODE,1,0,1,2039.00,2.03,3
6392,DECODE,1,0,1,2040.00,4.86,3
6393,DECODE,1,0,1,2041.00,5.56,3
6394,DECODE,1,0,1,2042.00,5.29,3
6395,DECODE,1,0,1,2043.00,2.13,3
6396,DECODE,1,0,1,2044.00,5.28,3
6397,DECODE,1,0,1,2045.00,3.83,3
6398,DECODE,1,0,1,2046.00,5.03,3
6399,DECODE,1,0,1,2047.00,5.55,3
6400,DECODE,1,0,1,2048.00,2.17,3
6401,DECODE,1,0,1,2049.00,5.24,3
6402,DECODE,1,0,1,2050.00,2.34,3
6403,DECODE,1,0,1,2051.00,2.36,3
6404,DECODE,1,0,1,2052.00,5.74,3
6405,DECODE,1,0,1,2053.00,1.93,3
6406,DECODE,1,0,1,2054.00,5.26,3
6407,DECODE,1,0,1,2055.00,5.42,3
6408,DECODE,1,0,1,2056.00,5.38,3
6409,DECODE,1,0,1,2057.00,5.03,3
6410,DECODE,1,0,1,2058.00,5.60,3
6411,DECODE,1,0,1,2059.00,4.93,3
6412,DECODE,1,0,1,2060.00,4.88,3
6413,DECODE,1,0,1,2061.00,4.02,3
6414,DECODE,1,0,1,2062.00,13.01,3
6415,DECODE,1,0,1,2063.00,5.60,3
6416,DECODE,1,0,1,2064.00,8.84,3
6417,DECODE,1,0,1,2065.00,13.96,3
6418,DECODE,1,0,1,2066.00,4.54,3
6419,DECODE,1,0,1,2067.00,5.28,3
6420,DECODE,1,0,1,2068.00,5.79,3
6421,DECODE,1,0,1,2069.00,2.01,3
6422,DECODE,1,0,1,2070.00,28.28,3
6423,DECODE,1,0,1,2071.00,9.37,3
6424,DECODE,1,0,1,2072.00,17.10,3
6425,DECODE,1,0,1,2073.00,5.08,3
6426,DECODE,1,0,1,2074.00,6.02,3
6427,DECODE,1,0,1,2075.00,3.80,3
6428,DECODE,1,0,1,2076.00,5.16,3
6429,DECODE,1,0,1,2077.00,5.14,3
6430,DECODE,1,0,1,2078.00,5.26,3
6431,DECODE,1,0,1,2079.00,3.90,3
6432,DECODE,1,0,1,2080.00,7.10,3
6433,DECODE,1,0,1,2081.00,10.48,3
6434,DECODE,1,0,1,2082.00,5.82,3
6435,DECODE,1,0,1,2083.00,2.26,3
6436,DECODE,1,0,1,2084.00,3.03,3
6437,DECODE,1,0,1,2085.00,17.70,3
6438,DECODE,1,0,1,2086.00,5.27,3
6439,DECODE,1,0,1,2087.00,4.74,3
6440,DECODE,1,0,1,2088.00,13.87,3
6441,DECODE,1,0,1,2089.00,5.79,3
6442,DECODE,1,0,1,2090.00,3.89,3
6443,DECODE,1,0,1,2091.00,5.04,3
6444,DECODE,1,0,1,2092.00,5.65,3
6445,DECODE,1,0,1,2093.00,2.47,3
6446,DECODE,1,0,1,2094.00,2.47,3
6447,DECODE,1,0,1,2095.00,4.43,3
6448,DECODE,1,0,1,2096.00,5.42,3
6449,DECODE,1,0,1,2097.00,2.02,3
6450,DECODE,1,0,1,2098.00,5.62,3
6451,DECODE,1,0,1,2099.00,4.86,3
6452,DECODE,1,0,1,2100.00,5.05,3
6453,DECODE,1,0,1,2101.00,4.86,3
6454,DECODE,1,0,1,2102.00,5.64,3
6455,DECODE,1,0,1,2103.00,3.86,3
6456,DECODE,1,0,1,2104.00,7.10,3
6457,DECODE,1,0,1,2105.00,5.09,3
6458,DECODE,1,0,1,2106.00,5.57,3
6459,DECODE,1,0,1,2107.00,2.01,3
6460,DECODE,1,0,1,2108.00,9.01,3
6461,DECODE,1,0,1,2109.00,5.40,3
6462,DECODE,1,0,1,2110.00,2.25,3
6463,DECODE,1,0,1,2111.00,2.17,3
6464,DECODE,1,0,1,2112.00,4.94,3
6465,DECODE,1,0,1,2113.00,5.44,3
6466,DECODE,1,0,1,2114.00,15.10,3
6467,DECODE,1,0,1,2115.00,5.26,3
6468,DECODE,1,0,1,2116.00,4.91,3
6469,DECODE,1,0,1,2117.00,4.97,3
6470,DECODE,1,0,1,2118.00,5.36,3
6471,DECODE,1,0,1,2119.00,2.47,3
6472,DECODE,1,0,1,2120.00,2.15,3
6473,DECODE,1,0,1,2121.00,2.19,3
6474,DECODE,1,0,1,2122.00,2.46,3
6475,DECODE,1,0,1,2123.00,3.78,3
6476,DECODE,1,0,1,2124.00,5.02,3
6477,DECODE,1,0,1,2125.00,21.20,3
6478,DECODE,1,0,1,2126.00,8.83,3
6479,DECODE,1,0,1,2127.00,5.44,3
6480,DECODE,1,0,1,2128.00,5.07,3
6481,DECODE,1,0,1,2129.00,4.86,3
6482,DECODE,1,0,1,2130.00,5.59,3
6483,DECODE,1,0,1,2131.00,2.45,3
6484,DECODE,1,0,1,2132.00,2.14,3
6485,DECODE,1,0,1,2133.00,2.28,3
6486,DECODE,1,0,1,2134.00,2.31,3
6487,DECODE,1,0,1,2135.00,2.05,3
6488,DECODE,1,0,1,2136.00,5.00,3
6489,DECODE,1,0,1,2137.00,5.03,3
6490,DECODE,1,0,1,2138.00,6.00,3
6491,DECODE,1,0,1,2139.00,3.68,3
6492,DECODE,1,0,1,2140.00,2.50,3
6493,DECODE,1,0,1,2141.00,2.27,3
6494,DECODE,1,0,1,2142.00,4.54,3
6495,DECODE,1,0,1,2143.00,5.85,3
6496,DECODE,1,0,1,2144.00,2.12,3
6497,DECODE,1,0,1,2145.00,2.23,3
6498,DECODE,1,0,1,2146.00,2.10,3
6499,DECODE,1,0,1,2147.00,2.19,3
6500,DECODE,1,0,1,2148.00,5.43,3
6501,DECODE,1,0,1,2149.00,2.33,3
6502,DECODE,1,0,1,2150.00,10.64,3
6503,DECODE,1,0,1,2151.00,4.01,3
6504,DECODE,1,0,1,2152.00,5.83,3
6505,DECODE,1,0,1,2153.00,1.90,3
6506,DECODE,1,0,1,2154.00,2.39,3
6507,DECODE,1,0,1,2155.00,1.94,3
6508,DECODE,1,0,1,2156.00,2.28,3
6509,DECODE,1,0,1,2157.00,1.91,3
6510,DECODE,1,0,1,2158.00,2.42,3
6511,DECODE,1,0,1,2159.00,1.80,3
6512,DECODE,1,0,1,2160.00,2.31,3
6513,DECODE,1,0,1,2161.00,2.05,3
6514,DECODE,1,0,1,2162.00,4.61,3
6515,DECODE,1,0,1,2163.00,2.43,3
6516,DECODE,1,0,1,2164.00,2.02,3
6517,DECODE,1,0,1,2165.00,4.96,3
6518,DECODE,1,0,1,2166.00,12.48,3
6519,DECODE,1,0,1,2167.00,3.89,3
6520,DECODE,1,0,1,2168.00,5.73,3
6521,DECODE,1,0,1,2169.00,4.99,3
6522,DECODE,1,0,1,2170.00,5.72,3
6523,DECODE,1,0,1,2171.00,4.99,3
6524,DECODE,1,0,1,2172.00,4.53,3
6525,DECODE,1,0,1,2173.00,5.62,3
6526,DECODE,1,0,1,2174.00,5.42,3
6527,DECODE,1,0,1,2175.00,5.58,3
6528,DECODE,1,0,1,2176.00,2.25,3
6529,DECODE,1,0,1,2177.00,4.62,3
6530,DECODE,1,0,1,2178.00,5.70,3
6531,DECODE,1,0,1,2179.00,5.08,3
6532,DECODE,1,0,1,2180.00,5.16,3
6533,DECODE,1,0,1,2181.00,5.32,3
6534,DECODE,1,0,1,2182.00,4.47,3
6535,DECODE,1,0,1,2183.00,10.63,3
6536,DECODE,1,0,1,2184.00,24.82,3
6537,DECODE,1,0,1,2185.00,8.12,3
6538,DECODE,1,0,1,2186.00,24.08,3
6539,DECODE,1,0,1,2187.00,5.74,3
6540,DECODE,1,0,1,2188.00,5.55,3
6541,DECODE,1,0,1,2189.00,2.03,3
6542,DECODE,1,0,1,2190.00,5.49,3
6543,DECODE,1,0,1,2191.00,5.09,3
6544,DECODE,1,0,1,2192.00,4.81,3
6545,DECODE,1,0,1,2193.00,23.11,3
6546,DECODE,1,0,1,2194.00,8.50,3
6547,DECODE,1,0,1,2195.00,5.62,3
6548,DECODE,1,0,1,2196.00,5.28,3
6549,DECODE,1,0,1,2197.00,5.11,3
6550,DECODE,1,0,1,2198.00,5.61,3
6551,DECODE,1,0,1,2199.00,4.36,3
6552,DECODE,1,0,1,2200.00,5.85,3
6553,DECODE,1,0,1,2201.00,4.93,3
6554,DECODE,1,0,1,2202.00,4.80,3
6555,DECODE,1,0,1,2203.00,5.31,3
6556,DECODE,1,0,1,2204.00,4.62,3
6557,DECODE,1,0,1,2205.00,5.11,3
6558,DECODE,1,0,1,2206.00,4.88,3
6559,DECODE,1,0,1,2207.00,4.84,3
6560,DECODE,1,0,1,2208.00,4.66,3
6561,DECODE,1,0,1,2209.00,4.80,3
6562,DECODE,1,0,1,2210.00,5.17,3
6563,DECODE,1,0,1,2211.00,2.45,3
6564,DECODE,1,0,1,2212.00,2.13,3
6565,DECODE,1,0,1,2213.00,2.06,3
6566,DECODE,1,0,1,2214.00,1.83,3
6567,DECODE,1,0,1,2215.00,2.04,3
6568,DECODE,1,0,1,2216.00,1.98,3
6569,DECODE,1,0,1,2217.00,2.03,3
6570,DECODE,1,0,1,2218.00,2.39,3
6571,DECODE,1,0,1,2219.00,1.88,3
6572,DECODE,1,0,1,2220.00,2.08,3
6573,DECODE,1,0,1,2221.00,2.01,3
6574,DECODE,1,0,1,2222.00,2.07,3
6575,DECODE,1,0,1,2223.00,4.19,3
6576,DECODE,1,0,1,2224.00,5.03,3
6577,DECODE,1,0,1,2225.00,3.82,3
6578,DECODE,1,0,1,2226.00,4.59,3
6579,DECODE,1,0,1,2227.00,4.78,3
6580,DECODE,1,0,1,2228.00,4.36,3
6581,EXTEND,2,1960,0,1558.50,60.75,3
6582,EXTEND,11,8192,0,1459.55,103.97,3
6583,EXTEND,10,8192,0,1428.40,84.63,3
6584,EXTEND,11,8192,0,1379.91,89.67,3
6585,EXTEND,10,8192,0,1468.30,115.12,3
6586,EXTEND,11,8192,0,1389.00,92.52,3
6587,EXTEND,13,8192,0,1308.54,96.25,3
6588,EXTEND,12,8192,0,1275.58,85.68,3
6589,EXTEND,12,8192,0,1305.17,106.34,3
6590,EXTEND,10,8192,0,1427.60,104.78,3
6591,EXTEND,10,8192,0,1450.10,71.85,3
6592,EXTEND,12,8192,0,1373.00,80.33,3
6593,EXTEND,10,8192,0,1465.20,81.86,3
6594,EXTEND,11,8192,0,1447.64,62.10,3
6595,EXTEND,10,8192,0,1493.40,76.66,3
6596,EXTEND,11,8192,0,1362.27,72.52,3
6597,EXTEND,10,8192,0,1494.60,60.98,3
6598,EXTEND,12,8192,0,1332.83,119.45,3
6599,EXTEND,10,8192,0,1428.30,103.47,3
6600,EXTEND,11,8192,0,1381.91,87.63,3
6601,EXTEND,11,8192,0,1371.09,56.07,3
6602,EXTEND,12,8192,0,1295.58,94.61,3
6603,EXTEND,12,8192,0,1382.00,68.13,3
6604,EXTEND,13,8192,0,1288.69,46.11,3
6605,EXTEND,9,8192,0,1535.78,53.43,3
6606,EXTEND,12,8192,0,1254.33,73.73,3
6607,EXTEND,10,8192,0,1436.80,68.24,3
6608,EXTEND,10,8192,0,1545.60,79.17,3
6609,EXTEND,10,8192,0,1552.10,55.94,3
6610,EXTEND,13,8192,0,1319.00,105.79,3
6611,EXTEND,10,8192,0,1432.70,72.75,3
6612,EXTEND,10,8192,0,1448.10,80.11,3
6613,EXTEND,12,8192,0,1316.33,52.14,3
6614,EXTEND,9,8192,0,1515.22,96.48,3
6615,EXTEND,11,8192,0,1392.91,85.70,3
6616,EXTEND,11,8192,0,1372.91,95.15,3
6617,EXTEND,10,8192,0,1496.60,53.62,3
6618,EXTEND,11,8192,0,1445.73,105.22,3
6619,EXTEND,13,8192,0,1336.62,104.75,3
6620,EXTEND,12,8192,0,1356.75,52.97,3
6621,EXTEND,10,8192,0,1424.90,98.39,3
6622,EXTEND,3,2418,0,1435.00,53.22,3
6623,DECODE,403,0,403,1433.56,37.03,3
6624,DECODE,403,0,403,1434.56,53.99,3
6625,DECODE,403,0,403,1435.56,44.05,3
6626,DECODE,403,0,403,1436.56,61.20,3
6627,DECODE,403,0,403,1437.56,42.41,3
6628,DECODE,403,0,403,1438.56,49.47,3
6629,DECODE,403,0,403,1439.56,44.55,3
6630,DECODE,403,0,403,1440.56,53.02,3
6631,DECODE,403,0,403,1441.56,41.99,3
6632,DECODE,403,0,403,1442.56,45.15,3
6633,DECODE,403,0,403,1443.56,55.23,3
6634,DECODE,403,0,403,1444.56,42.87,3
6635,DECODE,403,0,403,1445.56,49.11,3
6636,DECODE,403,0,403,1446.56,61.32,3
6637,DECODE,403,0,403,1447.56,49.28,3
6638,DECODE,403,0,403,1448.56,42.36,3
6639,DECODE,403,0,403,1449.56,46.13,3
6640,DECODE,403,0,403,1450.56,56.44,3
6641,DECODE,403,0,403,1451.56,54.36,3
6642,DECODE,403,0,403,1452.56,54.54,3
6643,DECODE,403,0,403,1453.56,61.81,3
6644,DECODE,403,0,403,1454.56,49.34,3
6645,DECODE,403,0,403,1455.56,50.63,3
6646,DECODE,403,0,403,1456.56,46.50,3
6647,DECODE,403,0,403,1457.56,45.16,3
6648,DECODE,403,0,403,1458.56,74.65,3
6649,DECODE,403,0,403,1459.56,54.87,3
6650,DECODE,403,0,403,1460.56,55.96,3
6651,DECODE,403,0,403,1461.56,45.75,3
6652,DECODE,403,0,403,1462.56,62.59,3
6653,DECODE,403,0,403,1463.56,57.60,3
6654,DECODE,403,0,403,1464.56,42.49,3
6655,DECODE,403,0,403,1465.56,54.67,3
6656,DECODE,403,0,403,1466.56,59.94,3
6657,DECODE,403,0,403,1467.56,45.90,3
6658,DECODE,403,0,403,1468.56,49.85,3
6659,DECODE,403,0,403,1469.56,56.43,3
6660,DECODE,403,0,403,1470.56,36.94,3
6661,DECODE,403,0,403,1471.56,66.64,3
6662,DECODE,403,0,403,1472.56,56.56,3
6663,DECODE,403,0,403,1473.56,27.36,3
6664,DECODE,403,0,403,1474.56,60.76,3
6665,DECODE,403,0,403,1475.56,66.41,3
6666,DECODE,403,0,403,1476.56,50.83,3
6667,DECODE,403,0,403,1477.56,62.02,3
6668,DECODE,403,0,403,1478.56,65.01,3
6669,DECODE,403,0,403,1479.56,64.63,3
6670,DECODE,403,0,403,1480.56,66.02,3
6671,DECODE,403,0,403,1481.56,68.30,3
6672,DECODE,403,0,403,1482.56,59.01,3
6673,DECODE,403,0,403,1483.56,58.40,3
6674,DECODE,403,0,403,1484.56,69.16,3
6675,DECODE,403,0,403,1485.56,53.34,3
6676,DECODE,403,0,403,1486.56,54.58,3
6677,DECODE,403,0,403,1487.56,55.17,3
6678,DECODE,403,0,403,1488.56,69.02,3
6679,DECODE,403,0,403,1489.56,62.22,3
6680,DECODE,403,0,403,1490.56,58.75,3
6681,DECODE,403,0,403,1491.56,58.21,3
6682,DECODE,403,0,403,1492.56,50.78,3
6683,DECODE,403,0,403,1493.56,72.90,3
6684,DECODE,403,0,403,1494.56,79.15,3
6685,DECODE,403,0,403,1495.56,50.79,3
6686,DECODE,403,0,403,1496.56,66.88,3
6687,DECODE,403,0,403,1497.56,64.43,3
6688,DECODE,403,0,403,1498.56,66.45,3
6689,DECODE,403,0,403,1499.56,66.02,3
6690,DECODE,403,0,403,1500.56,63.12,3
6691,DECODE,403,0,403,1501.56,43.67,3
6692,DECODE,403,0,403,1502.56,53.33,3
6693,DECODE,403,0,403,1503.56,78.86,3
6694,DECODE,403,0,403,1504.56,46.98,3
6695,DECODE,403,0,403,1505.56,69.56,3
6696,DECODE,403,0,403,1506.56,63.92,3
6697,DECODE,403,0,403,1507.56,70.61,3
6698,DECODE,403,0,403,1508.56,45.00,3
6699,DECODE,403,0,403,1509.56,51.39,3
6700,DECODE,403,0,403,1510.56,63.69,3
6701,DECODE,403,0,403,1511.56,54.56,3
6702,DECODE,403,0,403,1512.56,67.49,3
6703,DECODE,403,0,403,1513.56,63.40,3
6704,DECODE,403,0,403,1514.56,73.66,3
6705,DECODE,403,0,403,1515.56,51.19,3
6706,DECODE,403,0,403,1516.56,75.77,3
6707,DECODE,403,0,403,1517.56,64.53,3
6708,DECODE,403,0,403,1518.56,72.08,3
6709,DECODE,403,0,403,1519.56,40.00,3
6710,DECODE,403,0,403,1520.56,61.73,3
6711,DECODE,403,0,403,1521.56,61.90,3
6712,DECODE,403,0,403,1522.56,61.59,3
6713,DECODE,403,0,403,1523.56,69.78,3
6714,DECODE,403,0,403,1524.56,54.67,3
6715,DECODE,403,0,403,1525.56,33.60,3
6716,DECODE,403,0,403,1526.56,37.57,3
6717,DECODE,403,0,403,1527.56,33.23,3
6718,DECODE,403,0,403,1528.56,48.05,3
6719,DECODE,403,0,403,1529.56,33.69,3
6720,DECODE,403,0,403,1530.56,43.54,3
6721,DECODE,403,0,403,1531.56,64.95,3
6722,DECODE,403,0,403,1532.56,51.58,3
6723,DECODE,403,0,403,1533.56,20.72,3
6724,DECODE,403,0,403,1534.56,51.70,3
6725,DECODE,403,0,403,1535.56,45.11,3
6726,DECODE,403,0,403,1536.56,53.38,3
6727,DECODE,403,0,403,1537.56,47.96,3
6728,DECODE,403,0,403,1538.56,46.48,3
6729,DECODE,403,0,403,1539.56,47.81,3
6730,DECODE,403,0,403,1540.56,43.68,3
6731,DECODE,403,0,403,1541.56,44.36,3
6732,DECODE,403,0,403,1542.56,38.24,3
6733,DECODE,403,0,403,1543.56,29.73,3
6734,DECODE,403,0,403,1544.56,47.69,3
6735,DECODE,403,0,403,1545.56,48.29,3
6736,DECODE,403,0,403,1546.56,28.15,3
6737,DECODE,403,0,403,1547.56,31.86,3
6738,DECODE,403,0,403,1548.56,31.50,3
6739,DECODE,403,0,403,1549.56,31.48,3
6740,DECODE,403,0,403,1550.56,31.29,3
6741,DECODE,403,0,403,1551.56,47.39,3
6742,DECODE,402,0,402,1552.58,37.95,3
6743,DECODE,402,0,402,1553.58,38.69,3
6744,DECODE,402,0,402,1554.58,33.80,3
6745,DECODE,400,0,400,1557.86,46.70,3
6746,DECODE,399,0,399,1559.85,48.97,3
6747,DECODE,399,0,399,1560.85,56.97,3
6748,DECODE,399,0,399,1561.85,38.96,3
6749,DECODE,399,0,399,1562.85,57.74,3
6750,DECODE,399,0,399,1563.85,52.47,3
6751,DECODE,399,0,399,1564.85,22.72,3
6752,DECODE,399,0,399,1565.85,50.54,3
6753,DECODE,399,0,399,1566.85,57.33,3
6754,DECODE,398,0,398,1568.75,52.69,3
6755,DECODE,398,0,398,1569.75,29.30,3
6756,DECODE,397,0,397,1571.48,62.54,3
6757,DECODE,397,0,397,1572.48,35.54,3
6758,DECODE,397,0,397,1573.48,60.60,3
6759,DECODE,394,0,394,1574.78,68.43,3
6760,DECODE,392,0,392,1576.48,48.93,3
6761,DECODE,392,0,392,1577.48,48.13,3
6762,DECODE,392,0,392,1578.48,65.11,3
6763,DECODE,391,0,391,1580.12,39.19,3
6764,DECODE,391,0,391,1581.12,71.80,3
6765,DECODE,391,0,391,1582.12,55.67,3
6766,DECODE,390,0,390,1584.04,42.36,3
6767,DECODE,389,0,389,1583.44,47.59,3
6768,DECODE,389,0,389,1584.44,58.42,3
6769,DECODE,388,0,388,1586.56,31.58,3
6770,DECODE,388,0,388,1587.56,27.85,3
6771,DECODE,387,0,387,1587.91,31.16,3
6772,DECODE,386,0,386,1589.68,27.64,3
6773,DECODE,385,0,385,1591.85,37.72,3
6774,DECODE,384,0,384,1593.78,30.65,3
6775,DECODE,382,0,382,1593.65,57.62,3
6776,DECODE,380,0,380,1593.77,53.78,3
6777,DECODE,380,0,380,1594.77,65.71,3
6778,DECODE,380,0,380,1595.77,48.26,3
6779,DECODE,380,0,380,1596.77,54.29,3
6780,DECODE,379,0,379,1599.06,31.37,3
6781,DECODE,378,0,378,1599.65,31.65,3
6782,DECODE,378,0,378,1600.65,42.10,3
6783,DECODE,377,0,377,1601.26,37.32,3
6784,DECODE,377,0,377,1602.26,80.12,3
6785,DECODE,377,0,377,1603.26,34.04,3
6786,DECODE,376,0,376,1605.11,45.51,3
6787,DECODE,375,0,375,1605.68,55.71,3
6788,DECODE,375,0,375,1606.68,28.60,3
6789,DECODE,373,0,373,1607.10,27.91,3
6790,DECODE,370,0,370,1606.98,37.92,3
6791,DECODE,369,0,369,1607.30,59.18,3
6792,DECODE,366,0,366,1607.03,76.26,3
6793,DECODE,365,0,365,1609.00,50.81,3
6794,DECODE,364,0,364,1610.16,56.45,3
6795,DECODE,362,0,362,1611.35,20.72,3
6796,DECODE,362,0,362,1612.35,72.77,3
6797,DECODE,360,0,360,1612.61,22.14,3
6798,DECODE,358,0,358,1612.75,40.49,3
6799,DECODE,358,0,358,1613.75,35.02,3
6800,DECODE,355,0,355,1613.34,56.00,3
6801,DECODE,354,0,354,1615.00,42.22,3
6802,DECODE,353,0,353,1615.69,69.58,3
6803,DECODE,350,0,350,1617.09,65.85,3
6804,DECODE,348,0,348,1618.60,61.12,3
6805,DECODE,348,0,348,1619.60,83.87,3
6806,DECODE,347,0,347,1620.46,46.15,3
6807,DECODE,346,0,346,1620.88,35.55,3
6808,DECODE,345,0,345,1622.75,46.86,3
6809,DECODE,341,0,341,1625.97,42.74,3
6810,DECODE,341,0,341,1626.97,68.69,3
6811,DECODE,339,0,339,1629.91,43.96,3
6812,DECODE,339,0,339,1630.91,60.17,3
6813,DECODE,338,0,338,1632.98,67.10,3
6814,DECODE,337,0,337,1635.21,41.51,3
6815,DECODE,336,0,336,1635.68,39.86,3
6816,DECODE,335,0,335,1636.44,79.09,3
6817,DECODE,335,0,335,1637.44,45.89,3
6818,DECODE,330,0,330,1636.46,73.70,3
6819,DECODE,327,0,327,1638.16,42.40,3
6820,DECODE,327,0,327,1639.16,56.06,3
6821,DECODE,327,0,327,1640.16,66.10,3
6822,DECODE,326,0,326,1642.33,57.67,3
6823,DECODE,325,0,325,1641.41,50.58,3
6824,DECODE,323,0,323,1644.56,35.45,3
6825,DECODE,322,0,322,1646.28,38.37,3
6826,DECODE,320,0,320,1647.87,35.28,3
6827,DECODE,319,0,319,1646.64,54.56,3
6828,DECODE,316,0,316,1650.13,44.33,3
6829,DECODE,316,0,316,1651.13,47.20,3
6830,DECODE,315,0,315,1651.45,33.40,3
6831,DECODE,312,0,312,1651.83,62.97,3
6832,DECODE,309,0,309,1652.73,47.19,3
6833,DECODE,309,0,309,1653.73,37.69,3
6834,DECODE,305,0,305,1653.91,43.24,3
6835,DECODE,302,0,302,1655.65,53.64,3
6836,DECODE,300,0,300,1659.53,50.04,3
6837,DECODE,298,0,298,1660.98,28.59,3
6838,DECODE,298,0,298,1661.98,21.71,3
6839,DECODE,296,0,296,1661.81,29.14,3
6840,DECODE,294,0,294,1662.67,53.71,3
6841,DECODE,293,0,293,1664.49,42.59,3
6842,DECODE,291,0,291,1664.92,43.95,3
6843,DECODE,291,0,291,1665.92,32.21,3
6844,DECODE,291,0,291,1666.92,47.90,3
6845,DECODE,289,0,289,1667.60,46.72,3
6846,DECODE,287,0,287,1665.93,55.67,3
6847,DECODE,287,0,287,1666.93,52.28,3
6848,DECODE,287,0,287,1667.93,66.52,3
6849,DECODE,283,0,283,1668.43,57.01,3
6850,DECODE,281,0,281,1669.44,47.01,3
6851,DECODE,281,0,281,1670.44,57.54,3
6852,DECODE,280,0,280,1672.56,85.11,3
6853,DECODE,277,0,277,1675.22,36.98,3
6854,DECODE,277,0,277,1676.22,58.97,3
6855,DECODE,274,0,274,1679.58,62.04,3
6856,DECODE,273,0,273,1680.47,63.39,3
6857,DECODE,272,0,272,1682.60,40.31,3
6858,DECODE,270,0,270,1683.87,81.17,3
6859,DECODE,268,0,268,1685.66,23.81,3
6860,DECODE,264,0,264,1685.39,49.86,3
6861,DECODE,262,0,262,1689.40,59.52,3
6862,DECODE,262,0,262,1690.40,53.79,3
6863,DECODE,260,0,260,1691.79,28.71,3
6864,DECODE,260,0,260,1692.79,35.83,3
6865,DECODE,259,0,259,1695.07,76.53,3
6866,DECODE,255,0,255,1695.04,43.36,3
6867,DECODE,254,0,254,1697.58,46.65,3
6868,DECODE,251,0,251,1699.24,58.60,3
6869,DECODE,250,0,250,1699.34,39.22,3
6870,DECODE,249,0,249,1702.08,61.98,3
6871,DECODE,247,0,247,1701.92,40.23,3
6872,DECODE,246,0,246,1704.94,41.59,3
6873,DECODE,245,0,245,1707.11,56.12,3
6874,DECODE,243,0,243,1706.53,47.65,3
6875,DECODE,240,0,240,1706.45,31.28,3
6876,DECODE,240,0,240,1707.45,47.00,3
6877,DECODE,238,0,238,1707.53,47.98,3
6878,DECODE,236,0,236,1707.25,42.65,3
6879,DECODE,234,0,234,1709.18,43.85,3
6880,DECODE,229,0,229,1712.82,18.31,3
6881,DECODE,229,0,229,1713.82,31.57,3
6882,DECODE,228,0,228,1714.23,46.81,3
6883,DECODE,226,0,226,1713.55,15.15,3
6884,DECODE,224,0,224,1712.79,48.71,3
6885,DECODE,224,0,224,1713.79,43.62,3
6886,DECODE,222,0,222,1713.87,31.91,3
6887,DECODE,222,0,222,1714.87,50.54,3
6888,DECODE,220,0,220,1719.51,51.32,3
6889,DECODE,219,0,219,1720.05,51.69,3
6890,DECODE,219,0,219,1721.05,60.65,3
6891,DECODE,216,0,216,1719.34,40.34,3
6892,DECODE,214,0,214,1717.48,33.50,3
6893,DECODE,212,0,212,1719.62,51.77,3
6894,DECODE,211,0,211,1720.78,40.63,3
6895,DECODE,208,0,208,1724.22,51.85,3
6896,DECODE,206,0,206,1723.50,36.05,3
6897,DECODE,205,0,205,1724.18,27.52,3
6898,DECODE,202,0,202,1725.85,20.20,3
6899,DECODE,201,0,201,1726.33,21.95,3
6900,DECODE,201,0,201,1727.33,24.59,3
6901,DECODE,201,0,201,1728.33,29.09,3
6902,DECODE,200,0,200,1729.17,29.41,3
6903,DECODE,197,0,197,1727.63,19.38,3
6904,DECODE,197,0,197,1728.63,22.14,3
6905,DECODE,196,0,196,1728.55,17.90,3
6906,DECODE,194,0,194,1730.11,19.89,3
6907,DECODE,193,0,193,1730.25,31.18,3
6908,DECODE,192,0,192,1730.57,36.78,3
6909,DECODE,189,0,189,1730.33,20.52,3
6910,DECODE,187,0,187,1729.47,27.71,3
6911,DECODE,185,0,185,1731.14,24.83,3
6912,DECODE,182,0,182,1733.41,16.81,3
6913,DECODE,181,0,181,1734.18,17.25,3
6914,DECODE,179,0,179,1735.64,24.96,3
6915,DECODE,178,0,178,1739.09,31.24,3
6916,DECODE,178,0,178,1740.09,24.53,3
6917,DECODE,174,0,174,1741.23,17.59,3
6918,DECODE,173,0,173,1740.96,33.33,3
6919,DECODE,172,0,172,1741.02,37.95,3
6920,DECODE,171,0,171,1740.94,42.69,3
6921,DECODE,169,0,169,1741.31,44.37,3
6922,DECODE,166,0,166,1744.66,19.18,3
6923,DECODE,164,0,164,1742.14,34.13,3
6924,DECODE,162,0,162,1740.43,37.52,3
6925,DECODE,160,0,160,1739.72,38.33,3
6926,DECODE,158,0,158,1744.22,34.19,3
6927,DECODE,158,0,158,1745.22,31.90,3
6928,DECODE,156,0,156,1747.35,45.27,3
6929,DECODE,153,0,153,1746.82,42.16,3
6930,DECODE,153,0,153,1747.82,33.26,3
6931,DECODE,152,0,152,1747.87,21.75,3
6932,DECODE,151,0,151,1748.52,13.95,3
6933,DECODE,146,0,146,1751.86,32.56,3
6934,DECODE,145,0,145,1755.97,45.84,3
6935,DECODE,143,0,143,1751.52,38.16,3
6936,DECODE,143,0,143,1752.52,25.52,3
6937,DECODE,140,0,140,1748.16,28.15,3
6938,DECODE,138,0,138,1747.05,40.96,3
6939,DECODE,137,0,137,1746.19,41.20,3
6940,DECODE,137,0,137,1747.19,12.50,3
6941,DECODE,136,0,136,1751.39,30.03,3
6942,DECODE,135,0,135,1751.34,30.26,3
6943,DECODE,134,0,134,1754.27,27.31,3
6944,DECODE,133,0,133,1750.71,31.92,3
6945,DECODE,132,0,132,1751.59,17.53,3
6946,DECODE,131,0,131,1750.51,30.96,3
6947,DECODE,131,0,131,1751.51,14.39,3
6948,DECODE,129,0,129,1750.07,16.65,3
6949,DECODE,129,0,129,1751.07,18.28,3
6950,DECODE,128,0,128,1755.12,19.39,3
6951,DECODE,128,0,128,1756.12,28.75,3
6952,DECODE,128,0,128,1757.12,12.60,3
6953,DECODE,127,0,127,1760.98,13.26,3
6954,DECODE,123,0,123,1759.99,20.51,3
6955,DECODE,123,0,123,1760.99,17.62,3
6956,DECODE,121,0,121,1758.49,20.44,3
6957,DECODE,120,0,120,1762.93,19.68,3
6958,DECODE,117,0,117,1768.85,11.78,3
6959,DECODE,117,0,117,1769.85,8.79,3
6960,DECODE,116,0,116,1768.60,13.19,3
6961,DECODE,114,0,114,1762.86,16.64,3
6962,DECODE,114,0,114,1763.86,10.11,3
6963,DECODE,114,0,114,1764.86,12.43,3
6964,DECODE,113,0,113,1769.76,13.07,3
6965,DECODE,110,0,110,1765.59,33.57,3
6966,DECODE,110,0,110,1766.59,17.10,3
6967,DECODE,110,0,110,1767.59,11.07,3
6968,DECODE,109,0,109,1767.22,13.47,3
6969,DECODE,108,0,108,1766.24,16.64,3
6970,DECODE,107,0,107,1770.23,17.09,3
6971,DECODE,107,0,107,1771.23,12.05,3
6972,DECODE,106,0,106,1767.18,27.36,3
6973,DECODE,106,0,106,1768.18,16.88,3
6974,DECODE,106,0,106,1769.18,9.74,3
6975,DECODE,106,0,106,1770.18,9.00,3
6976,DECODE,106,0,106,1771.18,12.61,3
6977,DECODE,105,0,105,1776.96,11.84,3
6978,DECODE,104,0,104,1775.28,20.65,3
6979,DECODE,103,0,103,1773.63,31.61,3
6980,DECODE,102,0,102,1771.82,29.18,3
6981,DECODE,100,0,100,1771.73,16.87,3
6982,DECODE,99,0,99,1769.25,12.15,3
6983,DECODE,99,0,99,1770.25,13.00,3
6984,DECODE,99,0,99,1771.25,12.67,3
6985,DECODE,99,0,99,1772.25,28.92,3
6986,DECODE,97,0,97,1781.71,16.81,3
6987,DECODE,97,0,97,1782.71,9.96,3
6988,DECODE,97,0,97,1783.71,8.74,3
6989,DECODE,97,0,97,1784.71,9.16,3
6990,DECODE,96,0,96,1785.18,14.50,3
6991,DECODE,96,0,96,1786.18,12.02,3
6992,DECODE,94,0,94,1786.34,20.52,3
6993,DECODE,93,0,93,1791.80,16.88,3
6994,DECODE,93,0,93,1792.80,13.34,3
6995,DECODE,91,0,91,1793.02,15.82,3
6996,DECODE,89,0,89,1790.75,32.26,3
6997,DECODE,88,0,88,1790.27,29.33,3
6998,DECODE,87,0,87,1794.26,32.74,3
6999,DECODE,85,0,85,1795.84,33.48,3
7000,DECODE,85,0,85,1796.84,30.70,3
7001,DECODE,85,0,85,1797.84,15.24,3
7002,DECODE,85,0,85,1798.84,9.28,3
7003,DECODE,85,0,85,1799.84,9.40,3
7004,DECODE,85,0,85,1800.84,17.85,3
7005,DECODE,85,0,85,1801.84,9.42,3
7006,DECODE,83,0,83,1798.70,18.72,3
7007,DECODE,83,0,83,1799.70,12.08,3
7008,DECODE,82,0,82,1804.39,17.20,3
7009,DECODE,79,0,79,1804.67,25.12,3
7010,DECODE,79,0,79,1805.67,26.11,3
7011,DECODE,79,0,79,1806.67,13.10,3
7012,DECODE,76,0,76,1800.50,21.62,3
7013,DECODE,74,0,74,1799.61,28.94,3
7014,DECODE,73,0,73,1795.96,28.45,3
7015,DECODE,72,0,72,1795.29,29.32,3
7016,DECODE,71,0,71,1793.48,31.10,3
7017,DECODE,69,0,69,1783.22,29.03,3
7018,DECODE,69,0,69,1784.22,9.19,3
7019,DECODE,69,0,69,1785.22,9.27,3
7020,DECODE,68,0,68,1784.16,8.69,3
7021,DECODE,68,0,68,1785.16,8.78,3
7022,DECODE,66,0,66,1778.73,13.78,3
7023,DECODE,65,0,65,1776.45,22.48,3
7024,DECODE,64,0,64,1775.67,14.10,3
7025,DECODE,64,0,64,1776.67,9.72,3
7026,DECODE,64,0,64,1777.67,5.71,3
7027,DECODE,64,0,64,1778.67,5.64,3
7028,DECODE,64,0,64,1779.67,6.21,3
7029,DECODE,64,0,64,1780.67,9.59,3
7030,DECODE,64,0,64,1781.67,5.88,3
7031,DECODE,64,0,64,1782.67,6.13,3
7032,DECODE,64,0,64,1783.67,8.10,3
7033,DECODE,64,0,64,1784.67,5.90,3
7034,DECODE,63,0,63,1788.35,18.47,3
7035,DECODE,63,0,63,1789.35,9.69,3
7036,DECODE,63,0,63,1790.35,6.01,3
7037,DECODE,63,0,63,1791.35,5.34,3
7038,DECODE,62,0,62,1796.76,10.12,3
7039,DECODE,62,0,62,1797.76,8.64,3
7040,DECODE,62,0,62,1798.76,8.98,3
7041,DECODE,61,0,61,1801.85,29.60,3
7042,DECODE,61,0,61,1802.85,23.10,3
7043,DECODE,59,0,59,1797.61,22.46,3
7044,DECODE,59,0,59,1798.61,9.71,3
7045,DECODE,59,0,59,1799.61,6.16,3
7046,DECODE,57,0,57,1811.18,22.41,3
7047,DECODE,57,0,57,1812.18,14.24,3
7048,DECODE,57,0,57,1813.18,12.38,3
7049,DECODE,57,0,57,1814.18,5.32,3
7050,DECODE,57,0,57,1815.18,6.17,3
7051,DECODE,57,0,57,1816.18,5.24,3
7052,DECODE,57,0,57,1817.18,12.99,3
7053,DECODE,57,0,57,1818.18,6.16,3
7054,DECODE,56,0,56,1814.16,10.10,3
7055,DECODE,55,0,55,1811.85,7.09,3
7056,DECODE,55,0,55,1812.85,14.73,3
7057,DECODE,55,0,55,1813.85,9.22,3
7058,DECODE,55,0,55,1814.85,17.73,3
7059,DECODE,55,0,55,1815.85,7.34,3
7060,DECODE,55,0,55,1816.85,14.73,3
7061,DECODE,54,0,54,1809.39,19.68,3
7062,DECODE,54,0,54,1810.39,14.19,3
7063,DECODE,53,0,53,1808.06,17.27,3
7064,DECODE,53,0,53,1809.06,15.03,3
7065,DECODE,52,0,52,1814.54,13.37,3
7066,DECODE,51,0,51,1821.78,20.72,3
7067,DECODE,51,0,51,1822.78,9.45,3
7068,DECODE,51,0,51,1823.78,9.20,3
7069,DECODE,51,0,51,1824.78,15.06,3
7070,DECODE,51,0,51,1825.78,11.94,3
7071,DECODE,51,0,51,1826.78,8.98,3
7072,DECODE,51,0,51,1827.78,8.68,3
7073,DECODE,50,0,50,1827.18,15.72,3
7074,DECODE,50,0,50,1828.18,25.71,3
7075,DECODE,50,0,50,1829.18,8.51,3
7076,DECODE,50,0,50,1830.18,45.38,3
7077,DECODE,49,0,49,1834.67,17.93,3
7078,DECODE,49,0,49,1835.67,12.80,3
7079,DECODE,49,0,49,1836.67,14.92,3
7080,DECODE,49,0,49,1837.67,16.83,3
7081,DECODE,48,0,48,1833.08,14.36,3
7082,DECODE,48,0,48,1834.08,13.30,3
7083,DECODE,48,0,48,1835.08,14.10,3
7084,DECODE,46,0,46,1814.22,26.43,3
7085,DECODE,46,0,46,1815.22,26.62,3
7086,DECODE,46,0,46,1816.22,24.36,3
7087,DECODE,46,0,46,1817.22,15.27,3
7088,DECODE,46,0,46,1818.22,12.39,3
7089,DECODE,45,0,45,1825.76,15.57,3
7090,DECODE,44,0,44,1814.59,9.09,3
7091,DECODE,44,0,44,1815.59,8.87,3
7092,DECODE,44,0,44,1816.59,8.70,3
7093,DECODE,44,0,44,1817.59,8.91,3
7094,DECODE,44,0,44,1818.59,9.37,3
7095,DECODE,43,0,43,1827.26,11.46,3
7096,DECODE,43,0,43,1828.26,8.67,3
7097,DECODE,43,0,43,1829.26,9.28,3
7098,DECODE,42,0,42,1820.60,10.98,3
7099,DECODE,42,0,42,1821.60,8.94,3
7100,DECODE,42,0,42,1822.60,9.25,3
7101,DECODE,42,0,42,1823.60,8.59,3
7102,DECODE,41,0,41,1820.85,17.38,3
7103,DECODE,40,0,40,1814.85,14.87,3
7104,DECODE,40,0,40,1815.85,29.71,3
7105,DECODE,39,0,39,1809.72,20.03,3
7106,DECODE,39,0,39,1810.72,8.40,3
7107,DECODE,39,0,39,1811.72,9.20,3
7108,DECODE,38,0,38,1798.26,14.05,3
7109,DECODE,38,0,38,1799.26,7.22,3
7110,DECODE,38,0,38,1800.26,11.71,3
7111,DECODE,37,0,37,1810.73,12.37,3
7112,DECODE,37,0,37,1811.73,22.50,3
7113,DECODE,36,0,36,1819.89,14.70,3
7114,DECODE,36,0,36,1820.89,8.76,3
7115,DECODE,36,0,36,1821.89,9.56,3
7116,DECODE,36,0,36,1822.89,8.50,3
7117,DECODE,36,0,36,1823.89,8.46,3
7118,DECODE,36,0,36,1824.89,8.30,3
7119,DECODE,36,0,36,1825.89,8.80,3
7120,DECODE,36,0,36,1826.89,12.13,3
7121,DECODE,36,0,36,1827.89,9.40,3
7122,DECODE,36,0,36,1828.89,8.04,3
7123,DECODE,35,0,35,1834.83,9.18,3
7124,DECODE,35,0,35,1835.83,7.11,3
7125,DECODE,35,0,35,1836.83,8.76,3
7126,DECODE,35,0,35,1837.83,9.23,3
7127,DECODE,35,0,35,1838.83,5.71,3
7128,DECODE,35,0,35,1839.83,6.08,3
7129,DECODE,35,0,35,1840.83,12.31,3
7130,DECODE,35,0,35,1841.83,8.39,3
7131,DECODE,35,0,35,1842.83,8.26,3
7132,DECODE,35,0,35,1843.83,8.49,3
7133,DECODE,35,0,35,1844.83,15.12,3
7134,DECODE,34,0,34,1837.47,37.48,3
7135,DECODE,33,0,33,1838.36,24.13,3
7136,DECODE,33,0,33,1839.36,16.32,3
7137,DECODE,33,0,33,1840.36,8.71,3
7138,DECODE,33,0,33,1841.36,5.72,3
7139,DECODE,33,0,33,1842.36,9.09,3
7140,DECODE,32,0,32,1852.50,12.43,3
7141,DECODE,31,0,31,1864.81,19.93,3
7142,DECODE,31,0,31,1865.81,24.20,3
7143,DECODE,31,0,31,1866.81,8.61,3
7144,DECODE,31,0,31,1867.81,12.50,3
7145,DECODE,31,0,31,1868.81,9.37,3
7146,DECODE,31,0,31,1869.81,14.48,3
7147,DECODE,31,0,31,1870.81,8.29,3
7148,DECODE,31,0,31,1871.81,9.41,3
7149,DECODE,31,0,31,1872.81,27.22,3
7150,DECODE,31,0,31,1873.81,17.96,3
7151,DECODE,31,0,31,1874.81,8.32,3
7152,DECODE,31,0,31,1875.81,21.46,3
7153,DECODE,31,0,31,1876.81,12.36,3
7154,DECODE,31,0,31,1877.81,17.78,3
7155,DECODE,31,0,31,1878.81,12.10,3
7156,DECODE,31,0,31,1879.81,18.06,3
7157,DECODE,31,0,31,1880.81,12.14,3
7158,DECODE,31,0,31,1881.81,17.90,3
7159,DECODE,31,0,31,1882.81,13.12,3
7160,DECODE,31,0,31,1883.81,17.50,3
7161,DECODE,31,0,31,1884.81,13.27,3
7162,DECODE,30,0,30,1882.13,14.93,3
7163,DECODE,30,0,30,1883.13,15.78,3
7164,DECODE,30,0,30,1884.13,14.86,3
7165,DECODE,30,0,30,1885.13,16.92,3
7166,DECODE,30,0,30,1886.13,15.26,3
7167,DECODE,30,0,30,1887.13,16.58,3
7168,DECODE,30,0,30,1888.13,14.73,3
7169,DECODE,30,0,30,1889.13,16.77,3
7170,DECODE,30,0,30,1890.13,14.62,3
7171,DECODE,30,0,30,1891.13,16.48,3
7172,DECODE,30,0,30,1892.13,14.22,3
7173,DECODE,30,0,30,1893.13,10.74,3
7174,DECODE,30,0,30,1894.13,15.58,3
7175,DECODE,29,0,29,1903.90,23.00,3
7176,DECODE,28,0,28,1914.54,14.03,3
7177,DECODE,28,0,28,1915.54,16.34,3
7178,DECODE,27,0,27,1904.70,11.41,3
7179,DECODE,27,0,27,1905.70,19.27,3
7180,DECODE,27,0,27,1906.70,11.17,3
7181,DECODE,27,0,27,1907.70,20.52,3
7182,DECODE,27,0,27,1908.70,11.31,3
7183,DECODE,27,0,27,1909.70,20.08,3
7184,DECODE,27,0,27,1910.70,14.42,3
7185,DECODE,27,0,27,1911.70,15.25,3
7186,DECODE,27,0,27,1912.70,14.14,3
7187,DECODE,27,0,27,1913.70,16.90,3
7188,DECODE,26,0,26,1907.69,14.47,3
7189,DECODE,25,0,25,1917.80,16.93,3
7190,DECODE,24,0,24,1908.38,41.67,3
7191,DECODE,24,0,24,1909.38,23.63,3
7192,DECODE,24,0,24,1910.38,15.89,3
7193,DECODE,24,0,24,1911.38,9.01,3
7194,DECODE,24,0,24,1912.38,8.58,3
7195,DECODE,24,0,24,1913.38,8.76,3
7196,DECODE,24,0,24,1914.38,5.54,3
7197,DECODE,24,0,24,1915.38,9.04,3
7198,DECODE,24,0,24,1916.38,5.78,3
7199,DECODE,24,0,24,1917.38,27.12,3
7200,DECODE,24,0,24,1918.38,5.86,3
7201,DECODE,24,0,24,1919.38,26.35,3
7202,DECODE,24,0,24,1920.38,31.00,3
7203,DECODE,24,0,24,1921.38,33.76,3
7204,DECODE,23,0,23,1910.17,31.07,3
7205,DECODE,23,0,23,1911.17,22.04,3
7206,DECODE,23,0,23,1912.17,8.95,3
7207,DECODE,23,0,23,1913.17,7.61,3
7208,DECODE,23,0,23,1914.17,13.46,3
7209,DECODE,23,0,23,1915.17,9.25,3
7210,DECODE,22,0,22,1920.41,15.23,3
7211,DECODE,22,0,22,1921.41,9.03,3
7212,DECODE,22,0,22,1922.41,5.13,3
7213,DECODE,22,0,22,1923.41,8.96,3
7214,DECODE,21,0,21,1910.10,26.91,3
7215,DECODE,21,0,21,1911.10,16.84,3
7216,DECODE,21,0,21,1912.10,9.28,3
7217,DECODE,21,0,21,1913.10,5.54,3
7218,DECODE,21,0,21,1914.10,21.76,3
7219,DECODE,21,0,21,1915.10,5.45,3
7220,DECODE,21,0,21,1916.10,9.08,3
7221,DECODE,21,0,21,1917.10,12.71,3
7222,DECODE,21,0,21,1918.10,27.39,3
7223,DECODE,21,0,21,1919.10,12.45,3
7224,DECODE,21,0,21,1920.10,9.10,3
7225,DECODE,21,0,21,1921.10,7.74,3
7226,DECODE,20,0,20,1903.60,12.07,3
7227,DECODE,20,0,20,1904.60,14.74,3
7228,DECODE,20,0,20,1905.60,12.26,3
7229,DECODE,20,0,20,1906.60,5.48,3
7230,DECODE,19,0,19,1893.68,16.72,3
7231,DECODE,18,0,18,1876.89,27.78,3
7232,DECODE,18,0,18,1877.89,26.27,3
7233,DECODE,18,0,18,1878.89,17.53,3
7234,DECODE,18,0,18,1879.89,5.71,3
7235,DECODE,18,0,18,1880.89,7.36,3
7236,DECODE,17,0,17,1861.76,12.28,3
7237,DECODE,17,0,17,1862.76,5.45,3
7238,DECODE,17,0,17,1863.76,8.92,3
7239,DECODE,15,0,15,1849.40,5.47,3
7240,DECODE,15,0,15,1850.40,5.56,3
7241,DECODE,15,0,15,1851.40,5.42,3
7242,DECODE,14,0,14,1840.79,9.94,3
7243,DECODE,13,0,13,1845.38,12.67,3
7244,DECODE,13,0,13,1846.38,5.42,3
7245,DECODE,13,0,13,1847.38,5.92,3
7246,DECODE,13,0,13,1848.38,5.56,3
7247,DECODE,13,0,13,1849.38,5.17,3
7248,DECODE,13,0,13,1850.38,5.89,3
7249,DECODE,13,0,13,1851.38,5.44,3
7250,DECODE,13,0,13,1852.38,19.21,3
7251,DECODE,13,0,13,1853.38,7.69,3
7252,DECODE,13,0,13,1854.38,5.16,3
7253,DECODE,13,0,13,1855.38,5.88,3
7254,DECODE,13,0,13,1856.38,5.14,3
7255,DECODE,13,0,13,1857.38,9.04,3
7256,DECODE,13,0,13,1858.38,5.55,3
7257,DECODE,13,0,13,1859.38,5.51,3
7258,DECODE,13,0,13,1860.38,5.29,3
7259,DECODE,13,0,13,1861.38,5.23,3
7260,DECODE,12,0,12,1883.50,5.05,3
7261,DECODE,12,0,12,1884.50,13.21,3
7262,DECODE,12,0,12,1885.50,5.65,3
7263,DECODE,12,0,12,1886.50,5.70,3
7264,DECODE,12,0,12,1887.50,5.04,3
7265,DECODE,12,0,12,1888.50,10.60,3
7266,DECODE,12,0,12,1889.50,5.68,3
7267,DECODE,12,0,12,1890.50,4.83,3
7268,DECODE,12,0,12,1891.50,5.81,3
7269,DECODE,12,0,12,1892.50,5.59,3
7270,DECODE,12,0,12,1893.50,5.05,3
7271,DECODE,12,0,12,1894.50,5.29,3
7272,DECODE,12,0,12,1895.50,5.95,3
7273,DECODE,12,0,12,1896.50,4.80,3
7274,DECODE,12,0,12,1897.50,5.58,3
7275,DECODE,12,0,12,1898.50,4.80,3
7276,DECODE,12,0,12,1899.50,5.49,3
7277,DECODE,12,0,12,1900.50,4.89,3
7278,DECODE,12,0,12,1901.50,5.32,3
7279,DECODE,12,0,12,1902.50,11.29,3
7280,DECODE,12,0,12,1903.50,17.36,3
7281,DECODE,12,0,12,1904.50,8.96,3
7282,DECODE,11,0,11,1922.00,5.57,3
7283,DECODE,11,0,11,1923.00,5.04,3
7284,DECODE,11,0,11,1924.00,5.76,3
7285,DECODE,11,0,11,1925.00,5.45,3
7286,DECODE,11,0,11,1926.00,5.33,3
7287,DECODE,11,0,11,1927.00,5.49,3
7288,DECODE,11,0,11,1928.00,5.29,3
7289,DECODE,11,0,11,1929.00,5.85,3
7290,DECODE,11,0,11,1930.00,5.71,3
7291,DECODE,11,0,11,1931.00,10.77,3
7292,DECODE,11,0,11,1932.00,20.25,3
7293,DECODE,11,0,11,1933.00,5.06,3
7294,DECODE,11,0,11,1934.00,5.47,3
7295,DECODE,11,0,11,1935.00,5.51,3
7296,DECODE,11,0,11,1936.00,10.64,3
7297,DECODE,11,0,11,1937.00,5.53,3
7298,DECODE,11,0,11,1938.00,5.56,3
7299,DECODE,11,0,11,1939.00,5.74,3
7300,DECODE,11,0,11,1940.00,11.13,3
7301,DECODE,11,0,11,1941.00,7.28,3
7302,DECODE,10,0,10,1936.50,19.94,3
7303,DECODE,10,0,10,1937.50,9.29,3
7304,DECODE,10,0,10,1938.50,4.69,3
7305,DECODE,10,0,10,1939.50,9.00,3
7306,DECODE,10,0,10,1940.50,7.48,3
7307,DECODE,10,0,10,1941.50,9.23,3
7308,DECODE,10,0,10,1942.50,12.65,3
7309,DECODE,10,0,10,1943.50,5.73,3
7310,DECODE,10,0,10,1944.50,5.40,3
7311,DECODE,10,0,10,1945.50,5.64,3
7312,DECODE,10,0,10,1946.50,5.53,3
7313,DECODE,10,0,10,1947.50,9.14,3
7314,DECODE,10,0,10,1948.50,5.59,3
7315,DECODE,10,0,10,1949.50,5.46,3
7316,DECODE,9,0,9,1904.89,19.68,3
7317,DECODE,9,0,9,1905.89,5.67,3
7318,DECODE,9,0,9,1906.89,5.59,3
7319,DECODE,9,0,9,1907.89,5.43,3
7320,DECODE,9,0,9,1908.89,8.84,3
7321,DECODE,9,0,9,1909.89,5.61,3
7322,DECODE,9,0,9,1910.89,5.54,3
7323,DECODE,9,0,9,1911.89,5.29,3
7324,DECODE,9,0,9,1912.89,10.97,3
7325,DECODE,9,0,9,1913.89,5.89,3
7326,DECODE,9,0,9,1914.89,5.36,3
7327,DECODE,9,0,9,1915.89,5.09,3
7328,DECODE,9,0,9,1916.89,5.75,3
7329,DECODE,9,0,9,1917.89,4.19,3
7330,DECODE,9,0,9,1918.89,30.04,3
7331,DECODE,9,0,9,1919.89,8.59,3
7332,DECODE,9,0,9,1920.89,5.45,3
7333,DECODE,9,0,9,1921.89,9.10,3
7334,DECODE,9,0,9,1922.89,4.55,3
7335,DECODE,9,0,9,1923.89,7.70,3
7336,DECODE,9,0,9,1924.89,9.13,3
7337,DECODE,9,0,9,1925.89,5.65,3
7338,DECODE,9,0,9,1926.89,4.67,3
7339,DECODE,9,0,9,1927.89,7.40,3
7340,DECODE,9,0,9,1928.89,9.24,3
7341,DECODE,9,0,9,1929.89,5.86,3
7342,DECODE,9,0,9,1930.89,4.28,3
7343,DECODE,9,0,9,1931.89,9.42,3
7344,DECODE,9,0,9,1932.89,5.40,3
7345,DECODE,9,0,9,1933.89,14.23,3
7346,DECODE,9,0,9,1934.89,5.92,3
7347,DECODE,9,0,9,1935.89,5.41,3
7348,DECODE,9,0,9,1936.89,11.00,3
7349,DECODE,9,0,9,1937.89,4.87,3
7350,DECODE,9,0,9,1938.89,5.79,3
7351,DECODE,9,0,9,1939.89,4.85,3
7352,DECODE,9,0,9,1940.89,9.20,3
7353,DECODE,9,0,9,1941.89,8.62,3
7354,DECODE,9,0,9,1942.89,5.55,3
7355,DECODE,9,0,9,1943.89,5.76,3
7356,DECODE,9,0,9,1944.89,17.65,3
7357,DECODE,9,0,9,1945.89,7.37,3
7358,DECODE,9,0,9,1946.89,9.51,3
7359,DECODE,9,0,9,1947.89,2.19,3
7360,DECODE,9,0,9,1948.89,4.64,3
7361,DECODE,9,0,9,1949.89,4.98,3
7362,DECODE,9,0,9,1950.89,5.20,3
7363,DECODE,9,0,9,1951.89,5.02,3
7364,DECODE,9,0,9,1952.89,2.12,3
7365,DECODE,9,0,9,1953.89,2.12,3
7366,DECODE,9,0,9,1954.89,2.09,3
7367,DECODE,9,0,9,1955.89,4.32,3
7368,DECODE,9,0,9,1956.89,2.40,3
7369,DECODE,9,0,9,1957.89,3.98,3
7370,DECODE,9,0,9,1958.89,2.19,3
7371,DECODE,9,0,9,1959.89,2.27,3
7372,DECODE,9,0,9,1960.89,2.27,3
7373,DECODE,9,0,9,1961.89,4.91,3
7374,DECODE,9,0,9,1962.89,4.64,3
7375,DECODE,9,0,9,1963.89,2.13,3
7376,DECODE,9,0,9,1964.89,2.10,3
7377,DECODE,9,0,9,1965.89,4.23,3
7378,DECODE,9,0,9,1966.89,2.36,3
7379,DECODE,9,0,9,1967.89,2.09,3
7380,DECODE,9,0,9,1968.89,2.28,3
7381,DECODE,9,0,9,1969.89,3.94,3
7382,DECODE,9,0,9,1970.89,2.21,3
7383,DECODE,8,0,8,1983.50,2.21,3
7384,DECODE,8,0,8,1984.50,2.02,3
7385,DECODE,8,0,8,1985.50,3.77,3
7386,DECODE,8,0,8,1986.50,2.14,3
7387,DECODE,8,0,8,1987.50,2.01,3
7388,DECODE,8,0,8,1988.50,4.21,3
7389,DECODE,7,0,7,1994.86,2.00,3
7390,DECODE,7,0,7,1995.86,2.47,3
7391,DECODE,7,0,7,1996.86,1.99,3
7392,DECODE,7,0,7,1997.86,4.60,3
7393,DECODE,7,0,7,1998.86,2.14,3
7394,DECODE,7,0,7,1999.86,2.01,3
7395,DECODE,7,0,7,2000.86,4.21,3
7396,DECODE,7,0,7,2001.86,2.02,3
7397,DECODE,6,0,6,2048.33,2.17,3
7398,DECODE,6,0,6,2049.33,4.57,3
7399,DECODE,6,0,6,2050.33,2.20,3
7400,DECODE,6,0,6,2051.33,1.98,3
7401,DECODE,6,0,6,2052.33,2.20,3
7402,DECODE,6,0,6,2053.33,4.24,3
7403,DECODE,6,0,6,2054.33,2.42,3
7404,DECODE,6,0,6,2055.33,2.02,3
7405,DECODE,6,0,6,2056.33,2.00,3
7406,DECODE,6,0,6,2057.33,1.98,3
7407,DECODE,6,0,6,2058.33,2.36,3
7408,DECODE,6,0,6,2059.33,1.98,3
7409,DECODE,6,0,6,2060.33,2.25,3
7410,DECODE,6,0,6,2061.33,1.98,3
7411,DECODE,6,0,6,2062.33,2.36,3
7412,DECODE,6,0,6,2063.33,4.20,3
7413,DECODE,6,0,6,2064.33,2.02,3
7414,DECODE,6,0,6,2065.33,5.26,3
7415,DECODE,6,0,6,2066.33,2.15,3
7416,DECODE,6,0,6,2067.33,1.98,3
7417,DECODE,6,0,6,2068.33,1.99,3
7418,DECODE,6,0,6,2069.33,1.98,3
7419,DECODE,6,0,6,2070.33,1.98,3
7420,DECODE,6,0,6,2071.33,2.16,3
7421,DECODE,5,0,5,2128.20,2.36,3
7422,DECODE,5,0,5,2129.20,3.77,3
7423,DECODE,5,0,5,2130.20,2.20,3
7424,DECODE,5,0,5,2131.20,1.99,3
7425,DECODE,5,0,5,2132.20,4.35,3
7426,DECODE,5,0,5,2133.20,2.26,3
7427,DECODE,5,0,5,2134.20,2.00,3
7428,DECODE,5,0,5,2135.20,2.43,3
7429,DECODE,5,0,5,2136.20,1.99,3
7430,DECODE,5,0,5,2137.20,2.93,3
7431,DECODE,5,0,5,2138.20,5.88,3
7432,DECODE,5,0,5,2139.20,4.04,3
7433,DECODE,5,0,5,2140.20,4.71,3
7434,DECODE,5,0,5,2141.20,2.15,3
7435,DECODE,5,0,5,2142.20,2.01,3
7436,DECODE,5,0,5,2143.20,2.06,3
7437,DECODE,5,0,5,2144.20,2.33,3
7438,DECODE,4,0,4,2090.75,5.13,3
7439,DECODE,4,0,4,2091.75,1.98,3
7440,DECODE,4,0,4,2092.75,1.97,3
7441,DECODE,4,0,4,2093.75,1.95,3
7442,DECODE,4,0,4,2094.75,2.19,3
7443,DECODE,4,0,4,2095.75,4.42,3
7444,DECODE,4,0,4,2096.75,2.14,3
7445,DECODE,4,0,4,2097.75,1.94,3
7446,DECODE,4,0,4,2098.75,2.23,3
7447,DECODE,4,0,4,2099.75,1.93,3
7448,DECODE,4,0,4,2100.75,2.25,3
7449,DECODE,4,0,4,2101.75,5.09,3
7450,DECODE,4,0,4,2102.75,1.96,3
7451,DECODE,4,0,4,2103.75,1.97,3
7452,DECODE,4,0,4,2104.75,5.15,3
7453,DECODE,4,0,4,2105.75,4.92,3
7454,DECODE,4,0,4,2106.75,10.38,3
7455,DECODE,4,0,4,2107.75,5.29,3
7456,DECODE,4,0,4,2108.75,4.59,3
7457,DECODE,4,0,4,2109.75,5.87,3
7458,DECODE,4,0,4,2110.75,8.55,3
7459,DECODE,4,0,4,2111.75,9.08,3
7460,DECODE,4,0,4,2112.75,5.77,3
7461,DECODE,4,0,4,2113.75,4.27,3
7462,DECODE,4,0,4,2114.75,5.89,3
7463,DECODE,3,0,3,2106.00,26.56,3
7464,DECODE,3,0,3,2107.00,8.94,3
7465,DECODE,3,0,3,2108.00,4.97,3
7466,DECODE,3,0,3,2109.00,7.32,3
7467,DECODE,3,0,3,2110.00,5.05,3
7468,DECODE,3,0,3,2111.00,5.13,3
7469,DECODE,3,0,3,2112.00,5.31,3
7470,DECODE,3,0,3,2113.00,5.02,3
7471,DECODE,3,0,3,2114.00,5.80,3
7472,DECODE,3,0,3,2115.00,3.97,3
7473,DECODE,3,0,3,2116.00,9.11,3
7474,DECODE,3,0,3,2117.00,4.85,3
7475,DECODE,3,0,3,2118.00,5.75,3
7476,DECODE,3,0,3,2119.00,4.65,3
7477,DECODE,3,0,3,2120.00,5.38,3
7478,DECODE,3,0,3,2121.00,4.83,3
7479,DECODE,3,0,3,2122.00,5.35,3
7480,DECODE,3,0,3,2123.00,5.70,3
7481,DECODE,3,0,3,2124.00,4.28,3
7482,DECODE,3,0,3,2125.00,5.84,3
7483,DECODE,3,0,3,2126.00,5.00,3
7484,DECODE,3,0,3,2127.00,10.23,3
7485,DECODE,3,0,3,2128.00,5.38,3
7486,DECODE,3,0,3,2129.00,4.92,3
7487,DECODE,3,0,3,2130.00,5.43,3
7488,DECODE,3,0,3,2131.00,5.02,3
7489,DECODE,3,0,3,2132.00,5.76,3
7490,DECODE,2,0,2,2048.00,5.17,3
7491,DECODE,2,0,2,2049.00,5.03,3
7492,DECODE,2,0,2,2050.00,5.38,3
7493,DECODE,2,0,2,2051.00,4.97,3
7494,DECODE,2,0,2,2052.00,5.81,3
7495,DECODE,2,0,2,2053.00,4.02,3
7496,DECODE,2,0,2,2054.00,7.66,3
7497,DECODE,2,0,2,2055.00,9.03,3
7498,DECODE,2,0,2,2056.00,5.82,3
7499,DECODE,2,0,2,2057.00,4.31,3
7500,DECODE,2,0,2,2058.00,5.89,3
7501,DECODE,2,0,2,2059.00,3.94,3
7502,DECODE,2,0,2,2060.00,5.64,3
7503,DECODE,2,0,2,2061.00,5.61,3
7504,DECODE,2,0,2,2062.00,4.00,3
7505,DECODE,2,0,2,2063.00,9.03,3
7506,DECODE,2,0,2,2064.00,4.03,3
7507,DECODE,2,0,2,2065.00,6.18,3
7508,DECODE,2,0,2,2066.00,5.20,3
7509,DECODE,2,0,2,2067.00,3.92,3
7510,DECODE,2,0,2,2068.00,5.34,3
7511,DECODE,2,0,2,2069.00,4.90,3
7512,DECODE,2,0,2,2070.00,4.62,3
7513,DECODE,2,0,2,2071.00,5.07,3
7514,DECODE,2,0,2,2072.00,4.58,3
7515,DECODE,2,0,2,2073.00,5.69,3
7516,DECODE,2,0,2,2074.00,2.49,3
7517,DECODE,2,0,2,2075.00,4.58,3
7518,DECODE,2,0,2,2076.00,12.07,3
7519,DECODE,2,0,2,2077.00,5.46,3
7520,DECODE,2,0,2,2078.00,5.03,3
7521,DECODE,2,0,2,2079.00,5.25,3
7522,DECODE,2,0,2,2080.00,9.09,3
7523,DECODE,2,0,2,2081.00,3.90,3
7524,DECODE,2,0,2,2082.00,4.65,3
7525,DECODE,2,0,2,2083.00,5.47,3
7526,DECODE,2,0,2,2084.00,14.22,3
7527,DECODE,2,0,2,2085.00,5.65,3
7528,DECODE,2,0,2,2086.00,2.34,3
7529,DECODE,2,0,2,2087.00,2.43,3
7530,DECODE,2,0,2,2088.00,4.64,3
7531,DECODE,2,0,2,2089.00,5.07,3
7532,DECODE,2,0,2,2090.00,4.14,3
7533,DECODE,2,0,2,2091.00,5.13,3
7534,DECODE,2,0,2,2092.00,4.63,3
7535,DECODE,2,0,2,2093.00,4.96,3
7536,DECODE,2,0,2,2094.00,9.16,3
7537,DECODE,2,0,2,2095.00,2.42,3
7538,DECODE,2,0,2,2096.00,4.45,3
7539,DECODE,2,0,2,2097.00,5.85,3
7540,DECODE,2,0,2,2098.00,2.24,3
7541,DECODE,2,0,2,2099.00,9.13,3
7542,DECODE,2,0,2,2100.00,5.08,3
7543,DECODE,2,0,2,2101.00,4.04,3
7544,DECODE,2,0,2,2102.00,5.50,3
7545,DECODE,2,0,2,2103.00,4.95,3
7546,DECODE,2,0,2,2104.00,5.55,3
7547,DECODE,2,0,2,2105.00,4.90,3
7548,DECODE,2,0,2,2106.00,5.28,3
7549,DECODE,2,0,2,2107.00,5.12,3
7550,DECODE,2,0,2,2108.00,5.77,3
7551,DECODE,2,0,2,2109.00,25.11,3
7552,DECODE,2,0,2,2110.00,9.69,3
7553,DECODE,1,0,1,2192.00,10.97,3
7554,DECODE,1,0,1,2193.00,5.25,3
7555,DECODE,1,0,1,2194.00,5.07,3
7556,DECODE,1,0,1,2195.00,5.06,3
7557,DECODE,1,0,1,2196.00,5.21,3
7558,DECODE,1,0,1,2197.00,5.23,3
7559,DECODE,1,0,1,2198.00,5.39,3
7560,DECODE,1,0,1,2199.00,4.37,3
7561,DECODE,1,0,1,2200.00,4.88,3
7562,DECODE,1,0,1,2201.00,5.45,3
7563,DECODE,1,0,1,2202.00,4.33,3
7564,DECODE,1,0,1,2203.00,5.88,3
7565,DECODE,1,0,1,2204.00,2.17,3
7566,DECODE,1,0,1,2205.00,5.52,3
7567,DECODE,1,0,1,2206.00,2.47,3
7568,DECODE,1,0,1,2207.00,2.18,3
7569,DECODE,1,0,1,2208.00,2.22,3
7570,DECODE,1,0,1,2209.00,2.32,3
7571,DECODE,1,0,1,2210.00,2.23,3
7572,DECODE,1,0,1,2211.00,2.18,3
7573,DECODE,1,0,1,2212.00,5.12,3
7574,DECODE,1,0,1,2213.00,5.10,3
7575,DECODE,1,0,1,2214.00,2.46,3
7576,DECODE,1,0,1,2215.00,2.19,3
7577,DECODE,1,0,1,2216.00,2.16,3
7578,DECODE,1,0,1,2217.00,2.20,3
7579,DECODE,1,0,1,2218.00,2.01,3
7580,DECODE,1,0,1,2219.00,5.60,3
7581,DECODE,1,0,1,2220.00,2.37,3
7582,DECODE,1,0,1,2221.00,2.22,3
7583,DECODE,1,0,1,2222.00,2.21,3
7584,DECODE,1,0,1,2223.00,2.17,3
7585,DECODE,1,0,1,2224.00,2.33,3
7586,DECODE,1,0,1,2225.00,2.25,3
7587,DECODE,1,0,1,2226.00,3.90,3
7588,DECODE,1,0,1,2227.00,5.46,3
7589,DECODE,1,0,1,2228.00,5.34,3
7590,DECODE,1,0,1,2229.00,2.24,3
7591,DECODE,1,0,1,2230.00,2.05,3
7592,DECODE,1,0,1,2231.00,4.42,3
7593,DECODE,1,0,1,2232.00,5.17,3
7594,DECODE,1,0,1,2233.00,5.22,3
7595,DECODE,1,0,1,2234.00,5.28,3
7596,DECODE,1,0,1,2235.00,4.46,3
7597,DECODE,1,0,1,2236.00,5.18,3
7598,DECODE,1,0,1,2237.00,4.80,3
7599,DECODE,1,0,1,2238.00,5.31,3
7600,DECODE,1,0,1,2239.00,2.29,3
7601,DECODE,1,0,1,2240.00,2.29,3
7602,DECODE,1,0,1,2241.00,2.25,3
7603,DECODE,1,0,1,2242.00,2.14,3
7604,DECODE,1,0,1,2243.00,2.37,3
7605,DECODE,1,0,1,2244.00,4.71,3
7606,DECODE,1,0,1,2245.00,5.52,3
7607,DECODE,1,0,1,2246.00,4.39,3
7608,DECODE,1,0,1,2247.00,5.82,3
7609,DECODE,1,0,1,2248.00,2.35,3
7610,DECODE,1,0,1,2249.00,2.24,3
7611,DECODE,1,0,1,2250.00,1.91,3
7612,DECODE,1,0,1,2251.00,2.13,3
7613,DECODE,1,0,1,2252.00,1.96,3
7614,DECODE,1,0,1,2253.00,2.09,3
7615,DECODE,1,0,1,2254.00,4.29,3
7616,DECODE,1,0,1,2255.00,5.93,3
7617,DECODE,1,0,1,2256.00,5.51,3
7618,DECODE,1,0,1,2257.00,2.44,3
7619,DECODE,1,0,1,2258.00,1.87,3
7620,DECODE,1,0,1,2259.00,2.10,3
7621,DECODE,1,0,1,2260.00,1.92,3
7622,DECODE,1,0,1,2261.00,5.64,3
7623,DECODE,1,0,1,2262.00,2.38,3
7624,DECODE,1,0,1,2263.00,4.77,3
7625,DECODE,1,0,1,2264.00,5.10,3
7626,DECODE,1,0,1,2265.00,2.51,3
7627,DECODE,1,0,1,2266.00,1.95,3
7628,DECODE,1,0,1,2267.00,4.93,3
7629,DECODE,1,0,1,2268.00,5.56,3
7630,DECODE,1,0,1,2269.00,17.95,3
7631,DECODE,1,0,1,2270.00,5.92,3
7632,DECODE,1,0,1,2271.00,3.54,3
7633,DECODE,1,0,1,2272.00,5.89,3
7634,DECODE,1,0,1,2273.00,2.26,3
7635,DECODE,1,0,1,2274.00,2.17,3
7636,DECODE,1,0,1,2275.00,1.79,3
7637,DECODE,1,0,1,2276.00,2.24,3
7638,DECODE,1,0,1,2277.00,1.92,3
7639,DECODE,1,0,1,2278.00,2.19,3
7640,DECODE,1,0,1,2279.00,4.99,3
7641,DECODE,1,0,1,2280.00,4.01,3
7642,DECODE,1,0,1,2281.00,5.96,3
7643,DECODE,1,0,1,2282.00,2.28,3
7644,DECODE,1,0,1,2283.00,1.84,3
7645,DECODE,1,0,1,2284.00,5.21,3
7646,DECODE,1,0,1,2285.00,4.52,3
7647,DECODE,1,0,1,2286.00,5.59,3
7648,DECODE,1,0,1,2287.00,5.18,3
7649,DECODE,1,0,1,2288.00,2.23,3
7650,DECODE,1,0,1,2289.00,2.05,3
7651,DECODE,1,0,1,2290.00,1.99,3
7652,DECODE,1,0,1,2291.00,4.75,3
7653,DECODE,1,0,1,2292.00,2.29,3
7654,DECODE,1,0,1,2293.00,3.95,3
7655,DECODE,1,0,1,2294.00,2.35,3
7656,DECODE,1,0,1,2295.00,2.10,3
7657,DECODE,1,0,1,2296.00,4.33,3
7658,DECODE,1,0,1,2297.00,6.03,3
7659,DECODE,1,0,1,2298.00,5.58,3
7660,DECODE,1,0,1,2299.00,4.42,3
7661,DECODE,1,0,1,2300.00,5.07,3
7662,DECODE,1,0,1,2301.00,4.98,3
7663,DECODE,1,0,1,2302.00,5.29,3
7664,DECODE,1,0,1,2303.00,5.67,3
7665,DECODE,1,0,1,2304.00,4.88,3
7666,DECODE,1,0,1,2305.00,4.92,3
7667,DECODE,1,0,1,2306.00,5.09,3
7668,DECODE,1,0,1,2307.00,5.30,3
7669,DECODE,1,0,1,2308.00,5.53,3
7670,DECODE,1,0,1,2309.00,2.50,3
7671,DECODE,1,0,1,2310.00,2.23,3
7672,DECODE,1,0,1,2311.00,4.83,3
7673,DECODE,1,0,1,2312.00,5.06,3
7674,DECODE,1,0,1,2313.00,3.03,3
7675,DECODE,1,0,1,2314.00,6.04,3
7676,DECODE,1,0,1,2315.00,2.08,3
7677,DECODE,1,0,1,2316.00,2.29,3
7678,DECODE,1,0,1,2317.00,2.15,3
7679,DECODE,1,0,1,2318.00,2.50,3
7680,DECODE,1,0,1,2319.00,1.87,3
7681,DECODE,1,0,1,2320.00,2.05,3
7682,DECODE,1,0,1,2321.00,5.64,3
7683,DECODE,1,0,1,2322.00,4.15,3
7684,DECODE,1,0,1,2323.00,5.59,3
7685,DECODE,1,0,1,2324.00,3.95,3
7686,DECODE,1,0,1,2325.00,5.61,3
7687,DECODE,1,0,1,2326.00,5.75,3
7688,DECODE,1,0,1,2327.00,2.45,3
7689,DECODE,1,0,1,2328.00,2.28,3
7690,DECODE,1,0,1,2329.00,2.14,3
7691,DECODE,1,0,1,2330.00,2.05,3
7692,DECODE,1,0,1,2331.00,2.32,3
7693,DECODE,1,0,1,2332.00,2.06,3
7694,DECODE,1,0,1,2333.00,5.31,3
7695,DECODE,1,0,1,2334.00,4.04,3
7696,DECODE,1,0,1,2335.00,9.24,3
7697,DECODE,1,0,1,2336.00,3.89,3
7698,DECODE,1,0,1,2337.00,5.26,3
7699,DECODE,1,0,1,2338.00,5.83,3
7700,DECODE,1,0,1,2339.00,2.29,3
7701,DECODE,1,0,1,2340.00,2.49,3
7702,DECODE,1,0,1,2341.00,1.98,3
7703,DECODE,1,0,1,2342.00,2.33,3
7704,DECODE,1,0,1,2343.00,2.32,3
7705,DECODE,1,0,1,2344.00,2.18,3
7706,DECODE,1,0,1,2345.00,2.48,3
7707,DECODE,1,0,1,2346.00,2.21,3
7708,DECODE,1,0,1,2347.00,2.15,3
7709,DECODE,1,0,1,2348.00,2.20,3
7710,DECODE,1,0,1,2349.00,2.37,3
7711,DECODE,1,0,1,2350.00,2.13,3
7712,DECODE,1,0,1,2351.00,2.05,3
7713,DECODE,1,0,1,2352.00,4.30,3
7714,DECODE,1,0,1,2353.00,4.82,3
7715,DECODE,1,0,1,2354.00,5.37,3
7716,DECODE,1,0,1,2355.00,4.99,3
7717,DECODE,1,0,1,2356.00,5.25,3
7718,DECODE,1,0,1,2357.00,4.71,3
7719,DECODE,1,0,1,2358.00,5.72,3
7720,DECODE,1,0,1,2359.00,2.37,3
7721,DECODE,1,0,1,2360.00,2.02,3
7722,DECODE,1,0,1,2361.00,2.33,3
7723,DECODE,1,0,1,2362.00,2.00,3
7724,DECODE,1,0,1,2363.00,2.04,3
