pass_id,mode,batch_size,prefill_tokens,decode_tokens,avg_seq_len,forward_time_ms,global_step
1,EXTEND,2,187,0,93.50,1877.59,1
2,EXTEND,30,2649,0,88.30,54.59,1
3,DECODE,32,0,32,89.62,20.96,1
4,DECODE,32,0,32,90.62,3.61,1
5,DECODE,32,0,32,91.62,3.46,1
6,DECODE,32,0,32,92.62,4.54,1
7,DECODE,32,0,32,93.62,3.53,1
8,DECODE,32,0,32,94.62,3.41,1
9,DECODE,32,0,32,95.62,3.43,1
10,DECODE,32,0,32,96.62,3.37,1
11,DECODE,32,0,32,97.62,4.62,1
12,DECODE,32,0,32,98.62,3.91,1
13,DECODE,32,0,32,99.62,3.46,1
14,DECODE,32,0,32,100.62,4.43,1
15,DECODE,32,0,32,101.62,3.67,1
16,DECODE,32,0,32,102.62,3.64,1
17,DECODE,32,0,32,103.62,3.36,1
18,DECODE,32,0,32,104.62,3.33,1
19,EXTEND,8,635,0,83.50,29.10,1
20,EXTEND,56,4773,0,89.07,72.90,1
21,DECODE,96,0,96,94.79,6.63,1
22,DECODE,96,0,96,95.79,4.06,1
23,DECODE,96,0,96,96.79,3.88,1
24,DECODE,96,0,96,97.79,3.86,1
25,DECODE,96,0,96,98.79,3.94,1
26,DECODE,96,0,96,99.79,4.61,1
27,DECODE,96,0,96,100.79,4.03,1
28,DECODE,96,0,96,101.79,3.94,1
29,DECODE,96,0,96,102.79,3.92,1
30,DECODE,96,0,96,103.79,3.84,1
31,DECODE,96,0,96,104.79,3.92,1
32,DECODE,96,0,96,105.79,3.93,1
33,DECODE,96,0,96,106.79,3.91,1
34,EXTEND,2,156,0,82.00,25.63,1
35,EXTEND,30,2360,0,83.47,30.40,1
36,EXTEND,32,3216,0,105.00,25.65,1
37,DECODE,160,0,160,102.75,5.69,1
38,DECODE,160,0,160,103.75,4.67,1
39,DECODE,160,0,160,104.75,4.63,1
40,DECODE,160,0,160,105.75,4.71,1
41,DECODE,160,0,160,106.75,4.63,1
42,DECODE,160,0,160,107.75,4.61,1
43,DECODE,160,0,160,108.75,4.56,1
44,DECODE,160,0,160,109.75,4.60,1
45,DECODE,160,0,160,110.75,4.60,1
46,DECODE,160,0,160,111.75,4.76,1
47,DECODE,160,0,160,112.75,4.65,1
48,DECODE,160,0,160,113.75,4.62,1
49,DECODE,160,0,160,114.75,4.68,1
50,DECODE,160,0,160,115.75,4.68,1
51,DECODE,160,0,160,116.75,4.63,1
52,DECODE,160,0,160,117.75,4.63,1
53,DECODE,160,0,160,118.75,4.62,1
54,DECODE,160,0,160,119.75,4.65,1
55,DECODE,160,0,160,120.75,4.69,1
56,DECODE,160,0,160,121.75,4.72,1
57,DECODE,160,0,160,122.75,5.37,1
58,DECODE,160,0,160,123.75,4.81,1
59,DECODE,160,0,160,124.75,4.71,1
60,DECODE,160,0,160,125.75,4.56,1
61,DECODE,160,0,160,126.75,5.38,1
62,DECODE,160,0,160,127.75,4.65,1
63,DECODE,160,0,160,128.75,4.63,1
64,DECODE,160,0,160,129.75,4.66,1
65,DECODE,160,0,160,130.75,4.64,1
66,DECODE,160,0,160,131.75,4.70,1
67,DECODE,160,0,160,132.75,4.65,1
68,DECODE,160,0,160,133.75,4.69,1
69,DECODE,160,0,160,134.75,4.71,1
70,DECODE,160,0,160,135.75,4.66,1
71,DECODE,160,0,160,136.75,4.62,1
72,DECODE,160,0,160,137.75,4.63,1
73,DECODE,160,0,160,138.75,4.61,1
74,DECODE,160,0,160,139.75,4.64,1
75,DECODE,160,0,160,140.75,4.68,1
76,DECODE,160,0,160,141.75,4.64,1
77,DECODE,160,0,160,142.75,4.64,1
78,DECODE,160,0,160,143.75,4.65,1
79,DECODE,160,0,160,144.75,4.65,1
80,DECODE,160,0,160,145.75,4.64,1
81,DECODE,160,0,160,146.75,4.63,1
82,DECODE,160,0,160,147.75,4.64,1
83,DECODE,160,0,160,148.75,4.78,1
84,DECODE,160,0,160,149.75,4.78,1
85,DECODE,160,0,160,150.75,4.76,1
86,DECODE,160,0,160,151.75,4.75,1
87,DECODE,160,0,160,152.75,4.71,1
88,DECODE,160,0,160,153.75,4.68,1
89,DECODE,160,0,160,154.75,4.74,1
90,DECODE,160,0,160,155.75,4.72,1
91,DECODE,160,0,160,156.75,4.75,1
92,DECODE,160,0,160,157.75,5.80,1
93,EXTEND,13,1102,0,88.46,32.54,1
94,EXTEND,19,1966,0,107.89,34.26,1
95,DECODE,192,0,192,149.12,7.11,1
96,DECODE,192,0,192,150.12,5.13,1
97,DECODE,192,0,192,151.12,5.04,1
98,DECODE,192,0,192,152.12,5.00,1
99,DECODE,192,0,192,153.12,5.03,1
100,DECODE,192,0,192,154.12,5.09,1
101,DECODE,192,0,192,155.12,6.22,1
102,DECODE,192,0,192,156.12,5.35,1
103,DECODE,192,0,192,157.12,4.99,1
104,DECODE,192,0,192,158.12,4.91,1
105,DECODE,192,0,192,159.12,4.92,1
106,DECODE,192,0,192,160.12,4.92,1
107,DECODE,192,0,192,161.12,4.91,1
108,DECODE,192,0,192,162.12,5.00,1
109,DECODE,192,0,192,163.12,4.93,1
110,DECODE,192,0,192,164.12,4.96,1
111,DECODE,192,0,192,165.12,5.16,1
112,DECODE,192,0,192,166.12,4.89,1
113,DECODE,192,0,192,167.12,6.17,1
114,DECODE,192,0,192,168.12,5.13,1
115,DECODE,192,0,192,169.12,5.00,1
116,DECODE,192,0,192,170.12,5.53,1
117,DECODE,192,0,192,171.12,5.10,1
118,DECODE,192,0,192,172.12,4.98,1
119,DECODE,192,0,192,173.12,5.01,1
120,DECODE,192,0,192,174.12,4.99,1
121,DECODE,192,0,192,175.12,4.97,1
122,DECODE,192,0,192,176.12,4.93,1
123,DECODE,192,0,192,177.12,5.02,1
124,DECODE,192,0,192,178.12,4.97,1
125,DECODE,192,0,192,179.12,4.95,1
126,EXTEND,8,464,0,65.00,18.32,1
127,EXTEND,56,4552,0,85.57,30.89,1
128,DECODE,256,0,256,156.09,7.47,1
129,DECODE,256,0,256,157.09,5.77,1
130,DECODE,256,0,256,158.09,5.79,1
131,DECODE,256,0,256,159.09,5.79,1
132,DECODE,256,0,256,160.09,5.86,1
133,DECODE,256,0,256,161.09,5.90,1
134,DECODE,256,0,256,162.09,5.75,1
135,DECODE,256,0,256,163.09,5.80,1
136,DECODE,256,0,256,164.09,6.18,1
137,DECODE,256,0,256,165.09,5.86,1
138,DECODE,256,0,256,166.09,5.79,1
139,DECODE,256,0,256,167.09,5.80,1
140,DECODE,256,0,256,168.09,5.82,1
141,DECODE,256,0,256,169.09,5.84,1
142,DECODE,256,0,256,170.09,5.85,1
143,DECODE,256,0,256,171.09,5.92,1
144,DECODE,256,0,256,172.09,5.83,1
145,DECODE,256,0,256,173.09,5.78,1
146,DECODE,256,0,256,174.09,5.81,1
147,DECODE,256,0,256,175.09,5.84,1
148,DECODE,256,0,256,176.09,5.89,1
149,DECODE,256,0,256,177.09,5.81,1
150,DECODE,256,0,256,178.09,5.78,1
151,DECODE,256,0,256,179.09,5.86,1
152,DECODE,256,0,256,180.09,5.81,1
153,DECODE,256,0,256,181.09,5.80,1
154,DECODE,256,0,256,182.09,5.86,1
155,DECODE,256,0,256,183.09,5.82,1
156,DECODE,256,0,256,184.09,5.82,1
157,DECODE,256,0,256,185.09,5.80,1
158,DECODE,256,0,256,186.09,7.49,1
159,DECODE,256,0,256,187.09,6.87,1
160,DECODE,256,0,256,188.09,6.55,1
161,DECODE,256,0,256,189.09,5.97,1
162,DECODE,256,0,256,190.09,7.13,1
163,DECODE,256,0,256,191.09,6.82,1
164,DECODE,256,0,256,192.09,6.78,1
165,DECODE,254,0,254,193.06,5.89,1
166,DECODE,253,0,253,194.02,5.86,1
167,DECODE,253,0,253,195.02,5.83,1
168,DECODE,253,0,253,196.02,6.97,1
169,DECODE,253,0,253,197.02,6.02,1
170,DECODE,253,0,253,198.02,5.92,1
171,DECODE,253,0,253,199.02,6.78,1
172,DECODE,252,0,252,200.02,6.94,1
173,DECODE,252,0,252,201.02,6.49,1
174,DECODE,251,0,251,202.01,6.66,1
175,DECODE,251,0,251,203.01,5.93,1
176,DECODE,251,0,251,204.01,6.52,1
177,DECODE,251,0,251,205.01,6.08,1
178,DECODE,251,0,251,206.01,6.49,1
179,DECODE,250,0,250,206.98,6.55,1
180,DECODE,250,0,250,207.98,5.92,1
181,DECODE,250,0,250,208.98,5.89,1
182,DECODE,249,0,249,209.97,5.89,1
183,DECODE,248,0,248,211.08,8.74,1
184,DECODE,247,0,247,212.18,6.96,1
185,DECODE,247,0,247,213.18,6.64,1
186,DECODE,247,0,247,214.18,6.66,1
187,DECODE,247,0,247,215.18,6.65,1
188,DECODE,247,0,247,216.18,6.72,1
189,DECODE,247,0,247,217.18,5.86,1
190,DECODE,246,0,246,218.29,5.86,1
191,DECODE,246,0,246,219.29,6.77,1
192,DECODE,246,0,246,220.29,7.08,1
193,DECODE,246,0,246,221.29,5.88,1
194,DECODE,245,0,245,222.40,5.95,1
195,DECODE,245,0,245,223.40,5.93,1
196,DECODE,245,0,245,224.40,5.85,1
197,DECODE,245,0,245,225.40,5.91,1
198,DECODE,245,0,245,226.40,5.90,1
199,DECODE,245,0,245,227.40,6.43,1
200,DECODE,245,0,245,228.40,5.99,1
201,DECODE,245,0,245,229.40,6.38,1
202,DECODE,245,0,245,230.40,6.94,1
203,DECODE,245,0,245,231.40,6.58,1
204,DECODE,245,0,245,232.40,6.86,1
205,DECODE,245,0,245,233.40,6.75,1
206,DECODE,245,0,245,234.40,6.75,1
207,DECODE,245,0,245,235.40,6.75,1
208,DECODE,244,0,244,236.42,7.12,1
209,DECODE,244,0,244,237.42,6.81,1
210,DECODE,244,0,244,238.42,6.79,1
211,DECODE,244,0,244,239.42,6.76,1
212,DECODE,244,0,244,240.42,6.83,1
213,DECODE,244,0,244,241.42,6.52,1
214,DECODE,244,0,244,242.42,6.47,1
215,DECODE,244,0,244,243.42,6.49,1
216,DECODE,244,0,244,244.42,6.08,1
217,DECODE,244,0,244,245.42,7.32,1
218,DECODE,244,0,244,246.42,6.20,1
219,DECODE,244,0,244,247.42,6.16,1
220,DECODE,244,0,244,248.42,6.11,1
221,DECODE,244,0,244,249.42,6.10,1
222,DECODE,244,0,244,250.42,6.07,1
223,DECODE,244,0,244,251.42,6.07,1
224,DECODE,244,0,244,252.42,7.20,1
225,DECODE,243,0,243,253.39,7.52,1
226,DECODE,243,0,243,254.39,6.81,1
227,DECODE,243,0,243,255.39,7.04,1
228,DECODE,243,0,243,256.39,6.63,1
229,DECODE,243,0,243,257.39,6.76,1
230,DECODE,243,0,243,258.39,6.96,1
231,DECODE,243,0,243,259.39,8.00,1
232,DECODE,243,0,243,260.39,7.02,1
233,DECODE,243,0,243,261.39,7.06,1
234,DECODE,243,0,243,262.39,6.98,1
235,DECODE,243,0,243,263.39,7.66,1
236,DECODE,243,0,243,264.39,6.83,1
237,DECODE,243,0,243,265.39,6.62,1
238,DECODE,243,0,243,266.39,6.63,1
239,DECODE,243,0,243,267.39,6.64,1
240,DECODE,243,0,243,268.39,6.71,1
241,DECODE,240,0,240,269.47,8.26,1
242,DECODE,240,0,240,270.47,6.08,1
243,DECODE,240,0,240,271.47,6.99,1
244,DECODE,240,0,240,272.47,6.88,1
245,DECODE,240,0,240,273.47,6.83,1
246,DECODE,240,0,240,274.47,6.89,1
247,DECODE,240,0,240,275.47,6.95,1
248,DECODE,240,0,240,276.47,6.97,1
249,DECODE,240,0,240,277.47,6.82,1
250,DECODE,240,0,240,278.47,6.85,1
251,DECODE,238,0,238,279.62,7.20,1
252,DECODE,238,0,238,280.62,7.23,1
253,DECODE,238,0,238,281.62,7.07,1
254,DECODE,238,0,238,282.62,6.51,1
255,DECODE,238,0,238,283.62,7.00,1
256,DECODE,238,0,238,284.62,7.05,1
257,DECODE,238,0,238,285.62,7.02,1
258,DECODE,238,0,238,286.62,7.12,1
259,DECODE,238,0,238,287.62,7.10,1
260,DECODE,238,0,238,288.62,7.01,1
261,DECODE,237,0,237,289.68,7.34,1
262,DECODE,237,0,237,290.68,8.45,1
263,DECODE,237,0,237,291.68,6.53,1
264,DECODE,237,0,237,292.68,7.30,1
265,DECODE,237,0,237,293.68,7.17,1
266,DECODE,237,0,237,294.68,6.99,1
267,DECODE,237,0,237,295.68,7.05,1
268,DECODE,237,0,237,296.68,6.95,1
269,DECODE,237,0,237,297.68,6.98,1
270,DECODE,236,0,236,298.51,7.64,1
271,DECODE,236,0,236,299.51,7.05,1
272,DECODE,236,0,236,300.51,6.48,1
273,DECODE,236,0,236,301.51,6.25,1
274,DECODE,235,0,235,302.57,6.23,1
275,DECODE,235,0,235,303.57,6.20,1
276,DECODE,234,0,234,304.39,6.12,1
277,DECODE,234,0,234,305.39,6.19,1
278,DECODE,233,0,233,306.45,7.44,1
279,DECODE,233,0,233,307.45,6.68,1
280,DECODE,232,0,232,308.53,7.18,1
281,DECODE,232,0,232,309.53,6.31,1
282,DECODE,232,0,232,310.53,6.34,1
283,DECODE,232,0,232,311.53,6.29,1
284,DECODE,232,0,232,312.53,6.07,1
285,DECODE,231,0,231,313.61,6.36,1
286,DECODE,231,0,231,314.61,6.04,1
287,DECODE,231,0,231,315.61,6.12,1
288,DECODE,230,0,230,316.69,6.45,1
289,DECODE,230,0,230,317.69,6.25,1
290,DECODE,230,0,230,318.69,6.29,1
291,DECODE,230,0,230,319.69,6.16,1
292,DECODE,230,0,230,320.69,6.24,1
293,DECODE,230,0,230,321.69,6.12,1
294,DECODE,230,0,230,322.69,6.23,1
295,DECODE,230,0,230,323.69,6.31,1
296,DECODE,230,0,230,324.69,6.39,1
297,DECODE,229,0,229,325.51,6.42,1
298,DECODE,229,0,229,326.51,6.23,1
299,DECODE,229,0,229,327.51,6.12,1
300,DECODE,227,0,227,328.65,6.56,1
301,DECODE,226,0,226,329.73,6.91,1
302,DECODE,226,0,226,330.73,6.62,1
303,DECODE,225,0,225,331.70,6.78,1
304,DECODE,225,0,225,332.70,6.28,1
305,DECODE,225,0,225,333.70,6.13,1
306,DECODE,225,0,225,334.70,6.73,1
307,DECODE,225,0,225,335.70,7.09,1
308,DECODE,225,0,225,336.70,6.22,1
309,DECODE,225,0,225,337.70,6.04,1
310,DECODE,225,0,225,338.70,7.18,1
311,DECODE,224,0,224,339.67,9.06,1
312,DECODE,224,0,224,340.67,6.77,1
313,DECODE,224,0,224,341.67,6.83,1
314,DECODE,224,0,224,342.67,6.78,1
315,DECODE,224,0,224,343.67,6.99,1
316,DECODE,224,0,224,344.67,6.01,1
317,DECODE,224,0,224,345.67,6.95,1
318,DECODE,224,0,224,346.67,6.76,1
319,DECODE,223,0,223,347.49,7.25,1
320,DECODE,223,0,223,348.49,6.99,1
321,DECODE,223,0,223,349.49,6.79,1
322,DECODE,223,0,223,350.49,6.97,1
323,DECODE,223,0,223,351.49,7.00,1
324,DECODE,223,0,223,352.49,6.56,1
325,DECODE,223,0,223,353.49,6.95,1
326,DECODE,223,0,223,354.49,6.93,1
327,DECODE,223,0,223,355.49,6.84,1
328,DECODE,222,0,222,356.46,6.20,1
329,DECODE,222,0,222,357.46,5.99,1
330,DECODE,221,0,221,358.43,6.17,1
331,DECODE,221,0,221,359.43,6.09,1
332,DECODE,221,0,221,360.43,6.22,1
333,DECODE,220,0,220,361.38,6.33,1
334,DECODE,220,0,220,362.38,6.25,1
335,DECODE,220,0,220,363.38,6.24,1
336,DECODE,220,0,220,364.38,6.25,1
337,DECODE,220,0,220,365.38,6.28,1
338,DECODE,220,0,220,366.38,6.05,1
339,DECODE,219,0,219,367.66,7.40,1
340,DECODE,219,0,219,368.66,6.13,1
341,DECODE,219,0,219,369.66,6.09,1
342,DECODE,219,0,219,370.66,6.11,1
343,DECODE,219,0,219,371.66,6.12,1
344,DECODE,218,0,218,372.61,6.16,1
345,DECODE,218,0,218,373.61,6.14,1
346,DECODE,218,0,218,374.61,6.12,1
347,DECODE,218,0,218,375.61,6.50,1
348,DECODE,218,0,218,376.61,6.00,1
349,DECODE,218,0,218,377.61,6.16,1
350,DECODE,218,0,218,378.61,6.15,1
351,DECODE,218,0,218,379.61,6.14,1
352,DECODE,218,0,218,380.61,6.13,1
353,DECODE,218,0,218,381.61,6.15,1
354,DECODE,217,0,217,382.90,6.13,1
355,DECODE,215,0,215,384.72,7.05,1
356,DECODE,215,0,215,385.72,5.97,1
357,DECODE,215,0,215,386.72,6.01,1
358,DECODE,215,0,215,387.72,6.04,1
359,DECODE,213,0,213,388.97,6.17,1
360,DECODE,212,0,212,390.34,6.11,1
361,DECODE,212,0,212,391.34,6.72,1
362,DECODE,212,0,212,392.34,6.51,1
363,DECODE,212,0,212,393.34,6.53,1
364,DECODE,212,0,212,394.34,6.07,1
365,DECODE,212,0,212,395.34,6.09,1
366,DECODE,212,0,212,396.34,6.04,1
367,DECODE,210,0,210,397.60,6.82,1
368,DECODE,209,0,209,398.99,6.69,1
369,DECODE,209,0,209,399.99,6.53,1
370,DECODE,209,0,209,400.99,6.61,1
371,DECODE,209,0,209,401.99,6.68,1
372,DECODE,209,0,209,402.99,6.57,1
373,DECODE,206,0,206,403.22,8.23,1
374,DECODE,206,0,206,404.22,6.62,1
375,DECODE,206,0,206,405.22,6.55,1
376,DECODE,206,0,206,406.22,7.02,1
377,DECODE,206,0,206,407.22,6.30,1
378,DECODE,206,0,206,408.22,6.80,1
379,DECODE,206,0,206,409.22,6.88,1
380,DECODE,206,0,206,410.22,6.85,1
381,DECODE,206,0,206,411.22,6.79,1
382,DECODE,205,0,205,412.66,7.68,1
383,DECODE,205,0,205,413.66,6.58,1
384,DECODE,205,0,205,414.66,6.56,1
385,DECODE,204,0,204,415.98,6.09,1
386,DECODE,204,0,204,416.98,6.12,1
387,DECODE,204,0,204,417.98,6.05,1
388,DECODE,204,0,204,418.98,6.31,1
389,DECODE,204,0,204,419.98,6.09,1
390,DECODE,202,0,202,420.79,6.07,1
391,DECODE,202,0,202,421.79,6.69,1
392,DECODE,202,0,202,422.79,6.96,1
393,DECODE,202,0,202,423.79,6.89,1
394,DECODE,202,0,202,424.79,6.86,1
395,DECODE,202,0,202,425.79,6.84,1
396,DECODE,202,0,202,426.79,7.05,1
397,DECODE,202,0,202,427.79,8.84,1
398,DECODE,202,0,202,428.79,7.01,1
399,DECODE,202,0,202,429.79,6.88,1
400,DECODE,202,0,202,430.79,6.92,1
401,DECODE,202,0,202,431.79,6.91,1
402,DECODE,200,0,200,433.00,7.75,1
403,DECODE,200,0,200,434.00,6.88,1
404,DECODE,200,0,200,435.00,6.85,1
405,DECODE,200,0,200,436.00,6.77,1
406,DECODE,200,0,200,437.00,6.89,1
407,DECODE,199,0,199,437.42,7.11,1
408,DECODE,199,0,199,438.42,7.18,1
409,DECODE,199,0,199,439.42,6.09,1
410,DECODE,199,0,199,440.42,6.13,1
411,DECODE,199,0,199,441.42,6.11,1
412,DECODE,199,0,199,442.42,6.16,1
413,DECODE,199,0,199,443.42,6.14,1
414,DECODE,198,0,198,443.84,6.10,1
415,DECODE,198,0,198,444.84,5.99,1
416,DECODE,198,0,198,445.84,6.03,1
417,DECODE,198,0,198,446.84,6.07,1
418,DECODE,198,0,198,447.84,6.07,1
419,DECODE,198,0,198,448.84,6.01,1
420,DECODE,198,0,198,449.84,6.05,1
421,DECODE,197,0,197,450.26,6.01,1
422,DECODE,197,0,197,451.26,6.02,1
423,DECODE,196,0,196,452.56,6.16,1
424,DECODE,196,0,196,453.56,6.03,1
425,DECODE,196,0,196,454.56,6.13,1
426,DECODE,196,0,196,455.56,6.06,1
427,DECODE,196,0,196,456.56,6.08,1
428,DECODE,196,0,196,457.56,6.35,1
429,DECODE,194,0,194,459.33,6.48,1
430,DECODE,194,0,194,460.33,6.57,1
431,DECODE,194,0,194,461.33,6.33,1
432,DECODE,193,0,193,462.82,6.43,1
433,DECODE,193,0,193,463.82,6.32,1
434,DECODE,193,0,193,464.82,6.39,1
435,DECODE,193,0,193,465.82,6.31,1
436,DECODE,193,0,193,466.82,6.28,1
437,DECODE,193,0,193,467.82,6.35,1
438,DECODE,193,0,193,468.82,6.38,1
439,DECODE,193,0,193,469.82,6.29,1
440,DECODE,193,0,193,470.82,6.38,1
441,DECODE,192,0,192,472.31,6.11,1
442,DECODE,192,0,192,473.31,5.97,1
443,DECODE,192,0,192,474.31,6.19,1
444,DECODE,192,0,192,475.31,6.20,1
445,DECODE,192,0,192,476.31,5.76,1
446,DECODE,192,0,192,477.31,5.81,1
447,DECODE,192,0,192,478.31,5.72,1
448,DECODE,192,0,192,479.31,5.76,1
449,DECODE,192,0,192,480.31,6.81,1
450,DECODE,191,0,191,481.63,5.83,1
451,DECODE,190,0,190,483.23,5.72,1
452,DECODE,190,0,190,484.23,5.75,1
453,DECODE,190,0,190,485.23,6.06,1
454,DECODE,190,0,190,486.23,6.04,1
455,DECODE,190,0,190,487.23,5.74,1
456,DECODE,189,0,189,488.84,5.78,1
457,DECODE,189,0,189,489.84,5.74,1
458,DECODE,189,0,189,490.84,5.76,1
459,DECODE,188,0,188,492.33,5.84,1
460,DECODE,188,0,188,493.33,5.85,1
461,DECODE,188,0,188,494.33,5.74,1
462,DECODE,187,0,187,495.21,5.80,1
463,DECODE,187,0,187,496.21,7.19,1
464,DECODE,187,0,187,497.21,6.01,1
465,DECODE,186,0,186,498.33,5.62,1
466,DECODE,186,0,186,499.33,6.11,1
467,DECODE,185,0,185,500.84,5.66,1
468,DECODE,185,0,185,501.84,5.82,1
469,DECODE,185,0,185,502.84,5.75,1
470,DECODE,185,0,185,503.84,5.79,1
471,DECODE,185,0,185,504.84,5.76,1
472,DECODE,184,0,184,506.40,6.61,1
473,DECODE,184,0,184,507.40,5.81,1
474,DECODE,183,0,183,508.94,5.69,1
475,DECODE,183,0,183,509.94,5.72,1
476,DECODE,181,0,181,512.13,5.59,1
477,DECODE,181,0,181,513.13,5.72,1
478,DECODE,181,0,181,514.13,5.78,1
479,DECODE,181,0,181,515.13,5.83,1
480,DECODE,181,0,181,516.13,5.72,1
481,DECODE,181,0,181,517.13,5.76,1
482,DECODE,180,0,180,518.78,5.62,1
483,DECODE,180,0,180,519.78,5.72,1
484,DECODE,179,0,179,520.77,5.57,1
485,DECODE,179,0,179,521.77,5.76,1
486,DECODE,179,0,179,522.77,5.74,1
487,DECODE,179,0,179,523.77,5.75,1
488,DECODE,179,0,179,524.77,5.95,1
489,DECODE,179,0,179,525.77,5.83,1
490,DECODE,179,0,179,526.77,5.70,1
491,DECODE,178,0,178,527.92,5.73,1
492,DECODE,178,0,178,528.92,5.80,1
493,DECODE,178,0,178,529.92,5.74,1
494,DECODE,177,0,177,531.58,5.64,1
495,DECODE,177,0,177,532.58,5.74,1
496,DECODE,177,0,177,533.58,5.73,1
497,DECODE,177,0,177,534.58,5.67,1
498,DECODE,177,0,177,535.58,5.73,1
499,DECODE,176,0,176,536.48,6.51,1
500,DECODE,176,0,176,537.48,5.75,1
501,DECODE,174,0,174,539.32,5.64,1
502,DECODE,173,0,173,540.95,5.67,1
503,DECODE,173,0,173,541.95,5.75,1
504,DECODE,173,0,173,542.95,5.77,1
505,DECODE,173,0,173,543.95,5.83,1
506,DECODE,172,0,172,545.48,6.68,1
507,DECODE,172,0,172,546.48,5.82,1
508,DECODE,171,0,171,547.72,5.65,1
509,DECODE,171,0,171,548.72,7.12,1
510,DECODE,170,0,170,550.43,6.49,1
511,DECODE,170,0,170,551.43,6.26,1
512,DECODE,170,0,170,552.43,5.86,1
513,DECODE,170,0,170,553.43,5.83,1
514,DECODE,170,0,170,554.43,5.85,1
515,DECODE,169,0,169,556.08,6.72,1
516,DECODE,168,0,168,557.08,8.49,1
517,DECODE,168,0,168,558.08,6.74,1
518,DECODE,168,0,168,559.08,6.59,1
519,DECODE,168,0,168,560.08,6.55,1
520,DECODE,168,0,168,561.08,6.60,1
521,DECODE,167,0,167,562.02,6.81,1
522,DECODE,167,0,167,563.02,6.79,1
523,DECODE,166,0,166,563.96,6.81,1
524,DECODE,166,0,166,564.96,7.13,1
525,DECODE,166,0,166,565.96,6.66,1
526,DECODE,166,0,166,566.96,6.54,1
527,DECODE,165,0,165,568.70,6.67,1
528,DECODE,165,0,165,569.70,6.62,1
529,DECODE,165,0,165,570.70,6.68,1
530,DECODE,165,0,165,571.70,6.76,1
531,DECODE,165,0,165,572.70,6.70,1
532,DECODE,165,0,165,573.70,6.63,1
533,DECODE,165,0,165,574.70,6.73,1
534,DECODE,164,0,164,576.27,7.11,1
535,DECODE,164,0,164,577.27,6.67,1
536,DECODE,164,0,164,578.27,6.60,1
537,DECODE,164,0,164,579.27,6.66,1
538,DECODE,164,0,164,580.27,6.68,1
539,DECODE,164,0,164,581.27,6.63,1
540,DECODE,164,0,164,582.27,6.68,1
541,DECODE,163,0,163,583.48,6.94,1
542,DECODE,163,0,163,584.48,6.65,1
543,DECODE,163,0,163,585.48,6.59,1
544,DECODE,163,0,163,586.48,6.62,1
545,DECODE,163,0,163,587.48,6.71,1
546,DECODE,163,0,163,588.48,6.72,1
547,DECODE,162,0,162,589.70,7.03,1
548,DECODE,162,0,162,590.70,6.61,1
549,DECODE,161,0,161,591.71,6.85,1
550,DECODE,161,0,161,592.71,6.78,1
551,DECODE,160,0,160,594.31,6.61,1
552,DECODE,160,0,160,595.31,6.38,1
553,DECODE,160,0,160,596.31,6.41,1
554,DECODE,160,0,160,597.31,6.38,1
555,DECODE,160,0,160,598.31,6.42,1
556,DECODE,160,0,160,599.31,6.42,1
557,DECODE,160,0,160,600.31,6.44,1
558,DECODE,160,0,160,601.31,6.52,1
559,DECODE,160,0,160,602.31,6.45,1
560,DECODE,160,0,160,603.31,6.40,1
561,DECODE,158,0,158,605.25,6.87,1
562,DECODE,158,0,158,606.25,6.61,1
563,DECODE,158,0,158,607.25,6.41,1
564,DECODE,158,0,158,608.25,6.54,1
565,DECODE,158,0,158,609.25,6.50,1
566,DECODE,158,0,158,610.25,6.50,1
567,DECODE,158,0,158,611.25,6.56,1
568,DECODE,158,0,158,612.25,6.46,1
569,DECODE,158,0,158,613.25,6.55,1
570,DECODE,157,0,157,614.20,6.60,1
571,DECODE,157,0,157,615.20,6.47,1
572,DECODE,157,0,157,616.20,6.42,1
573,DECODE,157,0,157,617.20,6.63,1
574,DECODE,155,0,155,618.31,6.77,1
575,DECODE,155,0,155,619.31,6.51,1
576,DECODE,154,0,154,620.94,6.66,1
577,DECODE,154,0,154,621.94,6.49,1
578,DECODE,154,0,154,622.94,6.49,1
579,DECODE,154,0,154,623.94,6.53,1
580,DECODE,154,0,154,624.94,6.49,1
581,DECODE,153,0,153,626.18,6.84,1
582,DECODE,152,0,152,627.20,8.69,1
583,DECODE,152,0,152,628.20,6.62,1
584,DECODE,152,0,152,629.20,6.73,1
585,DECODE,152,0,152,630.20,7.17,1
586,DECODE,152,0,152,631.20,6.66,1
587,DECODE,152,0,152,632.20,7.00,1
588,DECODE,152,0,152,633.20,6.87,1
589,DECODE,152,0,152,634.20,6.70,1
590,DECODE,152,0,152,635.20,6.73,1
591,DECODE,152,0,152,636.20,6.76,1
592,DECODE,152,0,152,637.20,7.97,1
593,DECODE,150,0,150,638.09,7.02,1
594,DECODE,150,0,150,639.09,7.37,1
595,DECODE,150,0,150,640.09,6.88,1
596,DECODE,149,0,149,640.93,6.89,1
597,DECODE,149,0,149,641.93,6.75,1
598,DECODE,149,0,149,642.93,6.76,1
599,DECODE,149,0,149,643.93,6.88,1
600,DECODE,149,0,149,644.93,7.79,1
601,DECODE,148,0,148,646.77,6.97,1
602,DECODE,148,0,148,647.77,6.74,1
603,DECODE,148,0,148,648.77,6.75,1
604,DECODE,148,0,148,649.77,6.70,1
605,DECODE,148,0,148,650.77,6.67,1
606,DECODE,148,0,148,651.77,6.69,1
607,DECODE,147,0,147,653.13,7.08,1
608,DECODE,146,0,146,654.49,6.90,1
609,DECODE,146,0,146,655.49,6.78,1
610,DECODE,146,0,146,656.49,6.68,1
611,DECODE,146,0,146,657.49,7.12,1
612,DECODE,145,0,145,659.29,7.12,1
613,DECODE,145,0,145,660.29,6.68,1
614,DECODE,145,0,145,661.29,6.77,1
615,DECODE,145,0,145,662.29,6.67,1
616,DECODE,145,0,145,663.29,6.66,1
617,DECODE,145,0,145,664.29,6.62,1
618,DECODE,145,0,145,665.29,6.73,1
619,DECODE,143,0,143,667.48,8.83,1
620,DECODE,143,0,143,668.48,7.49,1
621,DECODE,143,0,143,669.48,6.73,1
622,DECODE,143,0,143,670.48,6.72,1
623,DECODE,142,0,142,671.35,7.06,1
624,DECODE,142,0,142,672.35,6.62,1
625,DECODE,142,0,142,673.35,6.82,1
626,DECODE,142,0,142,674.35,6.79,1
627,DECODE,141,0,141,675.39,7.01,1
628,DECODE,141,0,141,676.39,6.85,1
629,DECODE,141,0,141,677.39,6.75,1
630,DECODE,141,0,141,678.39,6.77,1
631,DECODE,141,0,141,679.39,6.80,1
632,DECODE,141,0,141,680.39,6.85,1
633,DECODE,141,0,141,681.39,6.73,1
634,DECODE,141,0,141,682.39,6.73,1
635,DECODE,141,0,141,683.39,6.73,1
636,DECODE,140,0,140,684.74,6.94,1
637,DECODE,140,0,140,685.74,6.74,1
638,DECODE,140,0,140,686.74,7.08,1
639,DECODE,140,0,140,687.74,6.41,1
640,DECODE,140,0,140,688.74,6.78,1
641,DECODE,140,0,140,689.74,6.84,1
642,DECODE,139,0,139,691.59,6.95,1
643,DECODE,139,0,139,692.59,6.82,1
644,DECODE,139,0,139,693.59,6.73,1
645,DECODE,139,0,139,694.59,6.68,1
646,DECODE,138,0,138,696.00,6.86,1
647,DECODE,138,0,138,697.00,7.13,1
648,DECODE,138,0,138,698.00,6.78,1
649,DECODE,136,0,136,699.51,8.98,1
650,DECODE,136,0,136,700.51,6.68,1
651,DECODE,136,0,136,701.51,6.64,1
652,DECODE,135,0,135,702.75,7.00,1
653,DECODE,134,0,134,703.62,6.79,1
654,DECODE,134,0,134,704.62,6.71,1
655,DECODE,134,0,134,705.62,6.70,1
656,DECODE,134,0,134,706.62,6.76,1
657,DECODE,134,0,134,707.62,6.70,1
658,DECODE,134,0,134,708.62,6.72,1
659,DECODE,134,0,134,709.62,6.70,1
660,DECODE,134,0,134,710.62,6.74,1
661,DECODE,134,0,134,711.62,6.71,1
662,DECODE,134,0,134,712.62,6.61,1
663,DECODE,134,0,134,713.62,6.63,1
664,DECODE,134,0,134,714.62,6.65,1
665,DECODE,134,0,134,715.62,6.71,1
666,DECODE,134,0,134,716.62,6.70,1
667,DECODE,134,0,134,717.62,6.72,1
668,DECODE,134,0,134,718.62,6.66,1
669,DECODE,134,0,134,719.62,6.65,1
670,DECODE,134,0,134,720.62,6.63,1
671,DECODE,134,0,134,721.62,6.63,1
672,DECODE,134,0,134,722.62,6.65,1
673,DECODE,134,0,134,723.62,6.65,1
674,DECODE,134,0,134,724.62,6.65,1
675,DECODE,134,0,134,725.62,7.14,1
676,DECODE,133,0,133,726.86,6.93,1
677,DECODE,133,0,133,727.86,6.78,1
678,DECODE,133,0,133,728.86,6.72,1
679,DECODE,133,0,133,729.86,6.68,1
680,DECODE,133,0,133,730.86,6.69,1
681,DECODE,133,0,133,731.86,6.64,1
682,DECODE,133,0,133,732.86,6.66,1
683,DECODE,133,0,133,733.86,6.71,1
684,DECODE,132,0,132,735.08,6.73,1
685,DECODE,132,0,132,736.08,6.56,1
686,DECODE,132,0,132,737.08,6.51,1
687,DECODE,132,0,132,738.08,6.45,1
688,DECODE,132,0,132,739.08,6.47,1
689,DECODE,132,0,132,740.08,6.47,1
690,DECODE,132,0,132,741.08,6.51,1
691,DECODE,131,0,131,742.33,6.69,1
692,DECODE,131,0,131,743.33,6.46,1
693,DECODE,131,0,131,744.33,6.46,1
694,DECODE,131,0,131,745.33,6.52,1
695,DECODE,130,0,130,746.42,6.69,1
696,DECODE,130,0,130,747.42,6.15,1
697,DECODE,130,0,130,748.42,6.43,1
698,DECODE,130,0,130,749.42,6.46,1
699,DECODE,129,0,129,751.43,6.68,1
700,DECODE,129,0,129,752.43,6.49,1
701,DECODE,129,0,129,753.43,7.41,1
702,DECODE,129,0,129,754.43,6.48,1
703,DECODE,129,0,129,755.43,6.52,1
704,DECODE,129,0,129,756.43,6.47,1
705,DECODE,129,0,129,757.43,6.50,1
706,DECODE,128,0,128,758.67,8.19,1
707,DECODE,127,0,127,759.94,6.42,1
708,DECODE,127,0,127,760.94,6.24,1
709,DECODE,127,0,127,761.94,6.21,1
710,DECODE,126,0,126,763.21,6.40,1
711,DECODE,126,0,126,764.21,6.20,1
712,DECODE,126,0,126,765.21,6.18,1
713,DECODE,126,0,126,766.21,6.15,1
714,DECODE,126,0,126,767.21,6.20,1
715,DECODE,126,0,126,768.21,6.17,1
716,DECODE,126,0,126,769.21,6.16,1
717,DECODE,125,0,125,770.31,6.48,1
718,DECODE,125,0,125,771.31,6.22,1
719,DECODE,125,0,125,772.31,6.19,1
720,DECODE,125,0,125,773.31,6.21,1
721,DECODE,125,0,125,774.31,6.18,1
722,DECODE,125,0,125,775.31,6.23,1
723,DECODE,125,0,125,776.31,6.20,1
724,DECODE,125,0,125,777.31,6.16,1
725,DECODE,125,0,125,778.31,6.35,1
726,DECODE,125,0,125,779.31,5.99,1
727,DECODE,125,0,125,780.31,6.19,1
728,DECODE,125,0,125,781.31,6.25,1
729,DECODE,125,0,125,782.31,6.39,1
730,DECODE,125,0,125,783.31,7.14,1
731,DECODE,125,0,125,784.31,6.28,1
732,DECODE,125,0,125,785.31,6.23,1
733,DECODE,125,0,125,786.31,6.34,1
734,DECODE,124,0,124,787.59,6.48,1
735,DECODE,124,0,124,788.59,6.31,1
736,DECODE,124,0,124,789.59,6.29,1
737,DECODE,124,0,124,790.59,6.25,1
738,DECODE,124,0,124,791.59,6.29,1
739,DECODE,124,0,124,792.59,6.25,1
740,DECODE,124,0,124,793.59,6.29,1
741,DECODE,124,0,124,794.59,6.28,1
742,DECODE,124,0,124,795.59,6.28,1
743,DECODE,123,0,123,796.93,6.57,1
744,DECODE,123,0,123,797.93,6.24,1
745,DECODE,122,0,122,800.02,6.50,1
746,DECODE,121,0,121,801.32,6.55,1
747,DECODE,119,0,119,803.92,8.22,1
748,DECODE,119,0,119,804.92,6.22,1
749,DECODE,119,0,119,805.92,6.11,1
750,DECODE,119,0,119,806.92,6.18,1
751,DECODE,119,0,119,807.92,6.11,1
752,DECODE,119,0,119,808.92,6.24,1
753,DECODE,119,0,119,809.92,6.11,1
754,DECODE,119,0,119,810.92,6.60,1
755,DECODE,119,0,119,811.92,6.19,1
756,DECODE,119,0,119,812.92,6.15,1
757,DECODE,119,0,119,813.92,6.18,1
758,DECODE,119,0,119,814.92,6.11,1
759,DECODE,119,0,119,815.92,6.10,1
760,DECODE,119,0,119,816.92,6.15,1
761,DECODE,119,0,119,817.92,6.19,1
762,DECODE,119,0,119,818.92,5.94,1
763,DECODE,119,0,119,819.92,6.12,1
764,DECODE,119,0,119,820.92,6.14,1
765,DECODE,119,0,119,821.92,6.10,1
766,DECODE,118,0,118,823.25,6.34,1
767,DECODE,118,0,118,824.25,6.19,1
768,DECODE,118,0,118,825.25,6.18,1
769,DECODE,118,0,118,826.25,6.23,1
770,DECODE,118,0,118,827.25,6.09,1
771,DECODE,118,0,118,828.25,6.11,1
772,DECODE,118,0,118,829.25,6.09,1
773,DECODE,118,0,118,830.25,6.16,1
774,DECODE,118,0,118,831.25,6.11,1
775,DECODE,118,0,118,832.25,6.17,1
776,DECODE,118,0,118,833.25,6.17,1
777,DECODE,118,0,118,834.25,6.18,1
778,DECODE,118,0,118,835.25,6.22,1
779,DECODE,118,0,118,836.25,6.20,1
780,DECODE,118,0,118,837.25,6.18,1
781,DECODE,117,0,117,838.56,6.43,1
782,DECODE,117,0,117,839.56,6.12,1
783,DECODE,116,0,116,840.45,6.36,1
784,DECODE,116,0,116,841.45,6.16,1
785,DECODE,116,0,116,842.45,6.14,1
786,DECODE,116,0,116,843.45,6.25,1
787,DECODE,116,0,116,844.45,6.16,1
788,DECODE,116,0,116,845.45,5.46,1
789,DECODE,116,0,116,846.45,5.33,1
790,DECODE,116,0,116,847.45,5.41,1
791,DECODE,115,0,115,849.19,5.50,1
792,DECODE,115,0,115,850.19,5.35,1
793,DECODE,115,0,115,851.19,5.28,1
794,DECODE,115,0,115,852.19,5.38,1
795,DECODE,115,0,115,853.19,5.43,1
796,DECODE,115,0,115,854.19,5.38,1
797,DECODE,115,0,115,855.19,5.37,1
798,DECODE,114,0,114,856.33,5.69,1
799,DECODE,114,0,114,857.33,6.34,1
800,DECODE,114,0,114,858.33,6.26,1
801,DECODE,114,0,114,859.33,6.24,1
802,DECODE,114,0,114,860.33,6.99,1
803,DECODE,114,0,114,861.33,5.50,1
804,DECODE,114,0,114,862.33,5.37,1
805,DECODE,114,0,114,863.33,5.36,1
806,DECODE,114,0,114,864.33,5.45,1
807,DECODE,114,0,114,865.33,5.34,1
808,DECODE,114,0,114,866.33,5.40,1
809,DECODE,114,0,114,867.33,5.37,1
810,DECODE,114,0,114,868.33,5.34,1
811,DECODE,114,0,114,869.33,5.38,1
812,DECODE,114,0,114,870.33,5.38,1
813,DECODE,114,0,114,871.33,5.34,1
814,DECODE,113,0,113,873.10,5.45,1
815,DECODE,113,0,113,874.10,5.39,1
816,DECODE,113,0,113,875.10,5.38,1
817,DECODE,113,0,113,876.10,5.36,1
818,DECODE,113,0,113,877.10,5.38,1
819,DECODE,113,0,113,878.10,5.43,1
820,DECODE,113,0,113,879.10,5.40,1
821,DECODE,113,0,113,880.10,5.99,1
822,DECODE,113,0,113,881.10,5.42,1
823,DECODE,113,0,113,882.10,5.41,1
824,DECODE,113,0,113,883.10,5.40,1
825,DECODE,113,0,113,884.10,5.40,1
826,DECODE,113,0,113,885.10,5.95,1
827,DECODE,113,0,113,886.10,5.65,1
828,DECODE,113,0,113,887.10,5.40,1
829,DECODE,111,0,111,888.82,6.58,1
830,DECODE,111,0,111,889.82,5.40,1
831,DECODE,111,0,111,890.82,5.33,1
832,DECODE,111,0,111,891.82,5.98,1
833,DECODE,111,0,111,892.82,5.40,1
834,DECODE,111,0,111,893.82,5.50,1
835,DECODE,111,0,111,894.82,5.61,1
836,DECODE,111,0,111,895.82,5.40,1
837,DECODE,110,0,110,897.62,5.41,1
838,DECODE,109,0,109,898.53,5.36,1
839,DECODE,109,0,109,899.53,5.38,1
840,DECODE,109,0,109,900.53,5.32,1
841,DECODE,109,0,109,901.53,5.35,1
842,DECODE,109,0,109,902.53,5.32,1
843,DECODE,109,0,109,903.53,5.39,1
844,DECODE,109,0,109,904.53,5.37,1
845,DECODE,108,0,108,905.92,5.33,1
846,DECODE,108,0,108,906.92,6.64,1
847,DECODE,108,0,108,907.92,6.65,1
848,DECODE,108,0,108,908.92,5.37,1
849,DECODE,108,0,108,909.92,5.37,1
850,DECODE,108,0,108,910.92,5.39,1
851,DECODE,108,0,108,911.92,5.35,1
852,DECODE,108,0,108,912.92,5.36,1
853,DECODE,108,0,108,913.92,5.40,1
854,DECODE,108,0,108,914.92,5.42,1
855,DECODE,108,0,108,915.92,5.40,1
856,DECODE,108,0,108,916.92,5.39,1
857,DECODE,108,0,108,917.92,5.43,1
858,DECODE,108,0,108,918.92,5.39,1
859,DECODE,108,0,108,919.92,5.42,1
860,DECODE,108,0,108,920.92,5.38,1
861,DECODE,108,0,108,921.92,5.40,1
862,DECODE,108,0,108,922.92,5.44,1
863,DECODE,108,0,108,923.92,5.38,1
864,DECODE,108,0,108,924.92,5.42,1
865,DECODE,108,0,108,925.92,5.40,1
866,DECODE,108,0,108,926.92,5.45,1
867,DECODE,108,0,108,927.92,5.36,1
868,DECODE,108,0,108,928.92,5.38,1
869,DECODE,108,0,108,929.92,5.46,1
870,DECODE,108,0,108,930.92,5.45,1
871,DECODE,108,0,108,931.92,5.42,1
872,DECODE,108,0,108,932.92,5.39,1
873,DECODE,108,0,108,933.92,5.39,1
874,DECODE,108,0,108,934.92,5.39,1
875,DECODE,108,0,108,935.92,5.42,1
876,DECODE,108,0,108,936.92,5.36,1
877,DECODE,108,0,108,937.92,5.43,1
878,DECODE,108,0,108,938.92,5.40,1
879,DECODE,108,0,108,939.92,6.33,1
880,DECODE,106,0,106,939.55,6.20,1
881,DECODE,106,0,106,940.55,5.83,1
882,DECODE,106,0,106,941.55,6.14,1
883,DECODE,106,0,106,942.55,5.98,1
884,DECODE,106,0,106,943.55,5.94,1
885,DECODE,106,0,106,944.55,5.88,1
886,DECODE,106,0,106,945.55,5.88,1
887,DECODE,106,0,106,946.55,5.95,1
888,DECODE,106,0,106,947.55,5.89,1
889,DECODE,106,0,106,948.55,6.20,1
890,DECODE,106,0,106,949.55,6.73,1
891,DECODE,106,0,106,950.55,6.27,1
892,DECODE,106,0,106,951.55,6.21,1
893,DECODE,105,0,105,952.75,6.47,1
894,DECODE,105,0,105,953.75,6.26,1
895,DECODE,105,0,105,954.75,6.23,1
896,DECODE,105,0,105,955.75,6.23,1
897,DECODE,105,0,105,956.75,5.43,1
898,DECODE,105,0,105,957.75,5.39,1
899,DECODE,105,0,105,958.75,5.47,1
900,DECODE,105,0,105,959.75,6.48,1
901,DECODE,105,0,105,960.75,6.23,1
902,DECODE,105,0,105,961.75,6.07,1
903,DECODE,105,0,105,962.75,6.15,1
904,DECODE,105,0,105,963.75,6.13,1
905,DECODE,104,0,104,964.86,8.39,1
906,DECODE,104,0,104,965.86,6.41,1
907,DECODE,104,0,104,966.86,6.35,1
908,DECODE,104,0,104,967.86,5.38,1
909,DECODE,104,0,104,968.86,5.42,1
910,DECODE,104,0,104,969.86,5.36,1
911,DECODE,104,0,104,970.86,5.39,1
912,DECODE,104,0,104,971.86,5.35,1
913,DECODE,104,0,104,972.86,5.35,1
914,DECODE,104,0,104,973.86,5.35,1
915,DECODE,104,0,104,974.86,5.36,1
916,DECODE,104,0,104,975.86,5.36,1
917,DECODE,104,0,104,976.86,5.36,1
918,DECODE,104,0,104,977.86,5.36,1
919,DECODE,104,0,104,978.86,5.42,1
920,DECODE,104,0,104,979.86,5.30,1
921,DECODE,104,0,104,980.86,5.38,1
922,DECODE,104,0,104,981.86,5.38,1
923,DECODE,104,0,104,982.86,5.35,1
924,DECODE,104,0,104,983.86,5.38,1
925,DECODE,104,0,104,984.86,5.43,1
926,DECODE,104,0,104,985.86,5.41,1
927,DECODE,104,0,104,986.86,5.41,1
928,DECODE,104,0,104,987.86,5.91,1
929,DECODE,104,0,104,988.86,5.32,1
930,DECODE,104,0,104,989.86,5.29,1
931,DECODE,104,0,104,990.86,5.26,1
932,DECODE,104,0,104,991.86,5.31,1
933,DECODE,104,0,104,992.86,5.30,1
934,DECODE,104,0,104,993.86,5.32,1
935,DECODE,103,0,103,994.44,5.30,1
936,DECODE,103,0,103,995.44,5.32,1
937,DECODE,103,0,103,996.44,5.38,1
938,DECODE,103,0,103,997.44,5.33,1
939,DECODE,102,0,102,997.09,5.41,1
940,DECODE,102,0,102,998.09,5.38,1
941,DECODE,102,0,102,999.09,5.55,1
942,DECODE,102,0,102,1000.09,5.39,1
943,DECODE,102,0,102,1001.09,5.38,1
944,DECODE,102,0,102,1002.09,5.36,1
945,DECODE,102,0,102,1003.09,5.37,1
946,DECODE,102,0,102,1004.09,6.52,1
947,DECODE,101,0,101,1004.97,5.49,1
948,DECODE,101,0,101,1005.97,5.49,1
949,DECODE,101,0,101,1006.97,5.43,1
950,DECODE,101,0,101,1007.97,5.43,1
951,DECODE,101,0,101,1008.97,5.32,1
952,DECODE,101,0,101,1009.97,5.36,1
953,DECODE,101,0,101,1010.97,5.44,1
954,DECODE,101,0,101,1011.97,5.41,1
955,DECODE,101,0,101,1012.97,5.43,1
956,DECODE,101,0,101,1013.97,6.24,1
957,DECODE,101,0,101,1014.97,5.46,1
958,DECODE,101,0,101,1015.97,5.43,1
959,DECODE,101,0,101,1016.97,5.43,1
960,DECODE,101,0,101,1017.97,5.71,1
961,DECODE,101,0,101,1018.97,5.37,1
962,DECODE,101,0,101,1019.97,5.39,1
963,DECODE,101,0,101,1020.97,5.35,1
964,DECODE,101,0,101,1021.97,5.42,1
965,DECODE,101,0,101,1022.97,5.43,1
966,DECODE,101,0,101,1023.97,5.43,1
967,DECODE,101,0,101,1024.97,5.46,1
968,DECODE,101,0,101,1025.97,5.43,1
969,DECODE,101,0,101,1026.97,5.40,1
970,DECODE,101,0,101,1027.97,5.46,1
971,DECODE,101,0,101,1028.97,5.44,1
972,DECODE,101,0,101,1029.97,5.45,1
973,DECODE,101,0,101,1030.97,5.42,1
974,DECODE,101,0,101,1031.97,5.44,1
975,DECODE,101,0,101,1032.97,5.47,1
976,DECODE,101,0,101,1033.97,5.44,1
977,DECODE,101,0,101,1034.97,5.47,1
978,DECODE,101,0,101,1035.97,5.47,1
979,DECODE,101,0,101,1036.97,5.44,1
980,DECODE,101,0,101,1037.97,5.44,1
981,DECODE,101,0,101,1038.97,5.45,1
982,DECODE,101,0,101,1039.97,5.44,1
983,DECODE,101,0,101,1040.97,5.43,1
984,DECODE,101,0,101,1041.97,5.48,1
985,DECODE,101,0,101,1042.97,5.48,1
986,DECODE,101,0,101,1043.97,5.44,1
987,DECODE,101,0,101,1044.97,5.48,1
988,DECODE,101,0,101,1045.97,5.47,1
989,DECODE,101,0,101,1046.97,5.49,1
990,DECODE,101,0,101,1047.97,5.49,1
991,DECODE,100,0,100,1048.52,5.51,1
992,DECODE,100,0,100,1049.52,5.48,1
993,DECODE,100,0,100,1050.52,5.48,1
994,DECODE,100,0,100,1051.52,5.46,1
995,DECODE,100,0,100,1052.52,5.47,1
996,DECODE,100,0,100,1053.52,5.49,1
997,DECODE,100,0,100,1054.52,5.49,1
998,DECODE,100,0,100,1055.52,5.47,1
999,DECODE,100,0,100,1056.52,5.46,1
1000,DECODE,100,0,100,1057.52,5.51,1
1001,DECODE,99,0,99,1058.61,5.51,1
1002,DECODE,99,0,99,1059.61,5.49,1
1003,DECODE,99,0,99,1060.61,5.47,1
1004,DECODE,99,0,99,1061.61,5.46,1
1005,DECODE,99,0,99,1062.61,5.46,1
1006,DECODE,99,0,99,1063.61,5.46,1
1007,DECODE,99,0,99,1064.61,5.50,1
1008,DECODE,99,0,99,1065.61,5.49,1
1009,DECODE,99,0,99,1066.61,5.59,1
1010,DECODE,99,0,99,1067.61,5.52,1
1011,DECODE,98,0,98,1069.00,5.49,1
1012,DECODE,98,0,98,1070.00,5.48,1
1013,DECODE,98,0,98,1071.00,5.52,1
1014,DECODE,97,0,97,1072.40,5.50,1
1015,DECODE,97,0,97,1073.40,5.57,1
1016,DECODE,97,0,97,1074.40,5.55,1
1017,DECODE,96,0,96,1075.81,5.27,1
1018,DECODE,96,0,96,1076.81,5.19,1
1019,DECODE,96,0,96,1077.81,5.21,1
1020,DECODE,95,0,95,1079.03,5.21,1
1021,DECODE,95,0,95,1080.03,5.12,1
1022,DECODE,95,0,95,1081.03,5.11,1
1023,DECODE,95,0,95,1082.03,5.16,1
1024,DECODE,95,0,95,1083.03,5.12,1
1025,DECODE,95,0,95,1084.03,5.20,1
1026,DECODE,95,0,95,1085.03,5.51,1
1027,DECODE,95,0,95,1086.03,5.28,1
1028,DECODE,95,0,95,1087.03,5.22,1
1029,DECODE,94,0,94,1087.56,5.26,1
1030,DECODE,94,0,94,1088.56,5.20,1
1031,DECODE,94,0,94,1089.56,5.19,1
1032,DECODE,94,0,94,1090.56,5.22,1
1033,DECODE,94,0,94,1091.56,5.26,1
1034,DECODE,94,0,94,1092.56,5.20,1
1035,DECODE,94,0,94,1093.56,5.21,1
1036,DECODE,94,0,94,1094.56,5.22,1
1037,DECODE,94,0,94,1095.56,5.22,1
1038,DECODE,94,0,94,1096.56,5.19,1
1039,DECODE,94,0,94,1097.56,5.28,1
1040,DECODE,94,0,94,1098.56,5.18,1
1041,DECODE,94,0,94,1099.56,5.17,1
1042,DECODE,94,0,94,1100.56,5.17,1
1043,DECODE,94,0,94,1101.56,5.25,1
1044,DECODE,94,0,94,1102.56,5.17,1
1045,DECODE,94,0,94,1103.56,5.21,1
1046,DECODE,94,0,94,1104.56,5.18,1
1047,DECODE,94,0,94,1105.56,5.20,1
1048,DECODE,94,0,94,1106.56,5.23,1
1049,DECODE,94,0,94,1107.56,5.20,1
1050,DECODE,94,0,94,1108.56,5.22,1
1051,DECODE,94,0,94,1109.56,5.27,1
1052,DECODE,94,0,94,1110.56,5.23,1
1053,DECODE,94,0,94,1111.56,5.23,1
1054,DECODE,94,0,94,1112.56,5.17,1
1055,DECODE,94,0,94,1113.56,5.21,1
1056,DECODE,94,0,94,1114.56,5.21,1
1057,DECODE,94,0,94,1115.56,5.26,1
1058,DECODE,94,0,94,1116.56,5.22,1
1059,DECODE,94,0,94,1117.56,5.24,1
1060,DECODE,94,0,94,1118.56,5.19,1
1061,DECODE,94,0,94,1119.56,5.22,1
1062,DECODE,94,0,94,1120.56,5.22,1
1063,DECODE,94,0,94,1121.56,6.06,1
1064,DECODE,94,0,94,1122.56,5.96,1
1065,DECODE,94,0,94,1123.56,5.97,1
1066,DECODE,93,0,93,1124.99,6.19,1
1067,DECODE,93,0,93,1125.99,5.98,1
1068,DECODE,92,0,92,1127.22,6.59,1
1069,DECODE,92,0,92,1128.22,6.23,1
1070,DECODE,92,0,92,1129.22,6.03,1
1071,DECODE,92,0,92,1130.22,6.06,1
1072,DECODE,92,0,92,1131.22,5.95,1
1073,DECODE,92,0,92,1132.22,5.97,1
1074,DECODE,92,0,92,1133.22,5.99,1
1075,DECODE,92,0,92,1134.22,5.99,1
1076,DECODE,92,0,92,1135.22,6.04,1
1077,DECODE,92,0,92,1136.22,6.15,1
1078,DECODE,92,0,92,1137.22,6.12,1
1079,DECODE,92,0,92,1138.22,6.12,1
1080,DECODE,92,0,92,1139.22,6.13,1
1081,DECODE,92,0,92,1140.22,6.15,1
1082,DECODE,92,0,92,1141.22,6.18,1
1083,DECODE,92,0,92,1142.22,6.15,1
1084,DECODE,92,0,92,1143.22,6.05,1
1085,DECODE,92,0,92,1144.22,6.17,1
1086,DECODE,92,0,92,1145.22,6.15,1
1087,DECODE,92,0,92,1146.22,6.55,1
1088,DECODE,92,0,92,1147.22,6.13,1
1089,DECODE,92,0,92,1148.22,6.04,1
1090,DECODE,92,0,92,1149.22,6.23,1
1091,DECODE,92,0,92,1150.22,6.19,1
1092,DECODE,92,0,92,1151.22,6.13,1
1093,DECODE,92,0,92,1152.22,6.14,1
1094,DECODE,92,0,92,1153.22,6.20,1
1095,DECODE,92,0,92,1154.22,5.86,1
1096,DECODE,92,0,92,1155.22,6.08,1
1097,DECODE,91,0,91,1154.70,6.29,1
1098,DECODE,91,0,91,1155.70,6.40,1
1099,DECODE,90,0,90,1157.36,6.53,1
1100,DECODE,90,0,90,1158.36,6.14,1
1101,DECODE,90,0,90,1159.36,6.06,1
1102,DECODE,90,0,90,1160.36,6.07,1
1103,DECODE,90,0,90,1161.36,6.10,1
1104,DECODE,90,0,90,1162.36,6.03,1
1105,DECODE,90,0,90,1163.36,6.09,1
1106,DECODE,90,0,90,1164.36,6.01,1
1107,DECODE,90,0,90,1165.36,6.01,1
1108,DECODE,90,0,90,1166.36,6.11,1
1109,DECODE,90,0,90,1167.36,6.07,1
1110,DECODE,90,0,90,1168.36,6.04,1
1111,DECODE,90,0,90,1169.36,6.02,1
1112,DECODE,90,0,90,1170.36,6.16,1
1113,DECODE,89,0,89,1169.80,6.41,1
1114,DECODE,89,0,89,1170.80,6.13,1
1115,DECODE,89,0,89,1171.80,6.05,1
1116,DECODE,89,0,89,1172.80,6.07,1
1117,DECODE,89,0,89,1173.80,6.05,1
1118,DECODE,89,0,89,1174.80,6.02,1
1119,DECODE,89,0,89,1175.80,6.06,1
1120,DECODE,89,0,89,1176.80,6.09,1
1121,DECODE,89,0,89,1177.80,6.10,1
1122,DECODE,89,0,89,1178.80,5.90,1
1123,DECODE,89,0,89,1179.80,6.14,1
1124,DECODE,89,0,89,1180.80,6.13,1
1125,DECODE,89,0,89,1181.80,6.15,1
1126,DECODE,89,0,89,1182.80,6.02,1
1127,DECODE,89,0,89,1183.80,6.07,1
1128,DECODE,89,0,89,1184.80,5.99,1
1129,DECODE,89,0,89,1185.80,5.32,1
1130,DECODE,89,0,89,1186.80,5.32,1
1131,DECODE,89,0,89,1187.80,5.27,1
1132,DECODE,89,0,89,1188.80,5.30,1
1133,DECODE,89,0,89,1189.80,5.31,1
1134,DECODE,89,0,89,1190.80,5.28,1
1135,DECODE,89,0,89,1191.80,5.30,1
1136,DECODE,89,0,89,1192.80,5.31,1
1137,DECODE,89,0,89,1193.80,5.32,1
1138,DECODE,89,0,89,1194.80,5.30,1
1139,DECODE,89,0,89,1195.80,5.31,1
1140,DECODE,89,0,89,1196.80,5.37,1
1141,DECODE,89,0,89,1197.80,5.43,1
1142,DECODE,89,0,89,1198.80,5.42,1
1143,DECODE,89,0,89,1199.80,5.27,1
1144,DECODE,89,0,89,1200.80,5.36,1
1145,DECODE,89,0,89,1201.80,5.31,1
1146,DECODE,89,0,89,1202.80,5.31,1
1147,DECODE,89,0,89,1203.80,5.32,1
1148,DECODE,89,0,89,1204.80,5.31,1
1149,DECODE,89,0,89,1205.80,5.31,1
1150,DECODE,89,0,89,1206.80,5.31,1
1151,DECODE,89,0,89,1207.80,5.34,1
1152,DECODE,89,0,89,1208.80,5.33,1
1153,DECODE,88,0,88,1210.65,6.14,1
1154,DECODE,88,0,88,1211.65,5.24,1
1155,DECODE,88,0,88,1212.65,5.25,1
1156,DECODE,88,0,88,1213.65,5.27,1
1157,DECODE,88,0,88,1214.65,5.25,1
1158,DECODE,88,0,88,1215.65,6.10,1
1159,DECODE,88,0,88,1216.65,5.24,1
1160,DECODE,88,0,88,1217.65,5.19,1
1161,DECODE,88,0,88,1218.65,5.18,1
1162,DECODE,88,0,88,1219.65,5.21,1
1163,DECODE,88,0,88,1220.65,5.14,1
1164,DECODE,88,0,88,1221.65,5.17,1
1165,DECODE,88,0,88,1222.65,5.21,1
1166,DECODE,88,0,88,1223.65,5.22,1
1167,DECODE,88,0,88,1224.65,5.20,1
1168,DECODE,88,0,88,1225.65,5.26,1
1169,DECODE,88,0,88,1226.65,5.28,1
1170,DECODE,88,0,88,1227.65,5.23,1
1171,DECODE,88,0,88,1228.65,5.26,1
1172,DECODE,88,0,88,1229.65,5.26,1
1173,DECODE,88,0,88,1230.65,5.20,1
1174,DECODE,88,0,88,1231.65,5.29,1
1175,DECODE,88,0,88,1232.65,5.30,1
1176,DECODE,88,0,88,1233.65,5.26,1
1177,DECODE,88,0,88,1234.65,5.24,1
1178,DECODE,88,0,88,1235.65,5.29,1
1179,DECODE,88,0,88,1236.65,5.33,1
1180,DECODE,88,0,88,1237.65,5.25,1
1181,DECODE,88,0,88,1238.65,5.26,1
1182,DECODE,87,0,87,1239.13,5.38,1
1183,DECODE,87,0,87,1240.13,5.27,1
1184,DECODE,87,0,87,1241.13,5.29,1
1185,DECODE,87,0,87,1242.13,5.24,1
1186,DECODE,87,0,87,1243.13,5.28,1
1187,DECODE,86,0,86,1245.31,5.34,1
1188,DECODE,86,0,86,1246.31,5.38,1
1189,DECODE,85,0,85,1247.55,5.25,1
1190,DECODE,85,0,85,1248.55,5.30,1
1191,DECODE,85,0,85,1249.55,5.23,1
1192,DECODE,85,0,85,1250.55,6.41,1
1193,DECODE,85,0,85,1251.55,5.33,1
1194,DECODE,85,0,85,1252.55,6.44,1
1195,DECODE,85,0,85,1253.55,5.52,1
1196,DECODE,85,0,85,1254.55,5.75,1
1197,DECODE,85,0,85,1255.55,5.98,1
1198,DECODE,85,0,85,1256.55,6.05,1
1199,DECODE,85,0,85,1257.55,6.04,1
1200,DECODE,85,0,85,1258.55,5.98,1
1201,DECODE,85,0,85,1259.55,6.00,1
1202,DECODE,85,0,85,1260.55,5.98,1
1203,DECODE,85,0,85,1261.55,6.02,1
1204,DECODE,85,0,85,1262.55,5.64,1
1205,DECODE,85,0,85,1263.55,5.98,1
1206,DECODE,85,0,85,1264.55,6.29,1
1207,DECODE,85,0,85,1265.55,6.19,1
1208,DECODE,84,0,84,1267.85,6.31,1
1209,DECODE,84,0,84,1268.85,6.13,1
1210,DECODE,84,0,84,1269.85,6.14,1
1211,DECODE,84,0,84,1270.85,6.17,1
1212,DECODE,84,0,84,1271.85,6.20,1
1213,DECODE,84,0,84,1272.85,6.17,1
1214,DECODE,84,0,84,1273.85,6.13,1
1215,DECODE,84,0,84,1274.85,6.14,1
1216,DECODE,84,0,84,1275.85,6.13,1
1217,DECODE,84,0,84,1276.85,6.14,1
1218,DECODE,84,0,84,1277.85,6.18,1
1219,DECODE,83,0,83,1279.10,6.36,1
1220,DECODE,83,0,83,1280.10,6.20,1
1221,DECODE,83,0,83,1281.10,6.15,1
1222,DECODE,83,0,83,1282.10,6.14,1
1223,DECODE,83,0,83,1283.10,6.24,1
1224,DECODE,83,0,83,1284.10,6.15,1
1225,DECODE,83,0,83,1285.10,5.98,1
1226,DECODE,83,0,83,1286.10,6.02,1
1227,DECODE,83,0,83,1287.10,6.17,1
1228,DECODE,83,0,83,1288.10,6.05,1
1229,DECODE,83,0,83,1289.10,6.15,1
1230,DECODE,83,0,83,1290.10,6.15,1
1231,DECODE,83,0,83,1291.10,6.15,1
1232,DECODE,83,0,83,1292.10,6.16,1
1233,DECODE,83,0,83,1293.10,6.17,1
1234,DECODE,82,0,82,1295.38,6.25,1
1235,DECODE,82,0,82,1296.38,6.08,1
1236,DECODE,82,0,82,1297.38,6.09,1
1237,DECODE,82,0,82,1298.38,5.42,1
1238,DECODE,82,0,82,1299.38,5.37,1
1239,DECODE,81,0,81,1299.72,5.37,1
1240,DECODE,81,0,81,1300.72,5.38,1
1241,DECODE,81,0,81,1301.72,5.38,1
1242,DECODE,81,0,81,1302.72,5.24,1
1243,DECODE,81,0,81,1303.72,5.36,1
1244,DECODE,80,0,80,1305.76,6.25,1
1245,DECODE,80,0,80,1306.76,5.27,1
1246,DECODE,80,0,80,1307.76,5.35,1
1247,DECODE,80,0,80,1308.76,5.33,1
1248,DECODE,80,0,80,1309.76,5.30,1
1249,DECODE,80,0,80,1310.76,5.30,1
1250,DECODE,80,0,80,1311.76,5.33,1
1251,DECODE,80,0,80,1312.76,5.36,1
1252,DECODE,80,0,80,1313.76,5.32,1
1253,DECODE,80,0,80,1314.76,5.34,1
1254,DECODE,80,0,80,1315.76,5.31,1
1255,DECODE,80,0,80,1316.76,5.33,1
1256,DECODE,80,0,80,1317.76,5.29,1
1257,DECODE,80,0,80,1318.76,5.61,1
1258,DECODE,80,0,80,1319.76,5.33,1
1259,DECODE,80,0,80,1320.76,5.35,1
1260,DECODE,79,0,79,1322.84,5.41,1
1261,DECODE,79,0,79,1323.84,5.34,1
1262,DECODE,79,0,79,1324.84,5.90,1
1263,DECODE,79,0,79,1325.84,5.93,1
1264,DECODE,79,0,79,1326.84,6.16,1
1265,DECODE,79,0,79,1327.84,6.20,1
1266,DECODE,79,0,79,1328.84,6.22,1
1267,DECODE,79,0,79,1329.84,6.18,1
1268,DECODE,79,0,79,1330.84,6.24,1
1269,DECODE,79,0,79,1331.84,6.21,1
1270,DECODE,79,0,79,1332.84,6.19,1
1271,DECODE,78,0,78,1333.14,6.67,1
1272,DECODE,77,0,77,1333.45,6.45,1
1273,DECODE,77,0,77,1334.45,6.15,1
1274,DECODE,76,0,76,1336.57,6.38,1
1275,DECODE,76,0,76,1337.57,6.16,1
1276,DECODE,76,0,76,1338.57,6.26,1
1277,DECODE,76,0,76,1339.57,6.20,1
1278,DECODE,76,0,76,1340.57,6.20,1
1279,DECODE,76,0,76,1341.57,6.18,1
1280,DECODE,76,0,76,1342.57,6.17,1
1281,DECODE,76,0,76,1343.57,6.13,1
1282,DECODE,76,0,76,1344.57,6.18,1
1283,DECODE,76,0,76,1345.57,6.21,1
1284,DECODE,75,0,75,1347.71,6.37,1
1285,DECODE,75,0,75,1348.71,6.23,1
1286,DECODE,75,0,75,1349.71,6.21,1
1287,DECODE,75,0,75,1350.71,6.17,1
1288,DECODE,75,0,75,1351.71,6.23,1
1289,DECODE,75,0,75,1352.71,5.93,1
1290,DECODE,75,0,75,1353.71,6.16,1
1291,DECODE,75,0,75,1354.71,6.14,1
1292,DECODE,75,0,75,1355.71,6.20,1
1293,DECODE,75,0,75,1356.71,6.20,1
1294,DECODE,75,0,75,1357.71,6.20,1
1295,DECODE,75,0,75,1358.71,6.18,1
1296,DECODE,75,0,75,1359.71,6.21,1
1297,DECODE,75,0,75,1360.71,6.18,1
1298,DECODE,75,0,75,1361.71,6.18,1
1299,DECODE,75,0,75,1362.71,6.17,1
1300,DECODE,75,0,75,1363.71,6.20,1
1301,DECODE,75,0,75,1364.71,6.18,1
1302,DECODE,75,0,75,1365.71,6.24,1
1303,DECODE,75,0,75,1366.71,6.03,1
1304,DECODE,75,0,75,1367.71,6.08,1
1305,DECODE,75,0,75,1368.71,6.05,1
1306,DECODE,75,0,75,1369.71,6.07,1
1307,DECODE,75,0,75,1370.71,6.71,1
1308,DECODE,75,0,75,1371.71,6.57,1
1309,DECODE,75,0,75,1372.71,6.14,1
1310,DECODE,75,0,75,1373.71,6.24,1
1311,DECODE,75,0,75,1374.71,6.13,1
1312,DECODE,75,0,75,1375.71,6.12,1
1313,DECODE,75,0,75,1376.71,6.08,1
1314,DECODE,75,0,75,1377.71,6.24,1
1315,DECODE,75,0,75,1378.71,6.23,1
1316,DECODE,75,0,75,1379.71,6.23,1
1317,DECODE,75,0,75,1380.71,6.25,1
1318,DECODE,75,0,75,1381.71,6.19,1
1319,DECODE,75,0,75,1382.71,6.27,1
1320,DECODE,75,0,75,1383.71,5.37,1
1321,DECODE,75,0,75,1384.71,5.46,1
1322,DECODE,75,0,75,1385.71,5.37,1
1323,DECODE,75,0,75,1386.71,5.35,1
1324,DECODE,75,0,75,1387.71,5.35,1
1325,DECODE,75,0,75,1388.71,5.34,1
1326,DECODE,75,0,75,1389.71,5.36,1
1327,DECODE,75,0,75,1390.71,5.44,1
1328,DECODE,75,0,75,1391.71,5.39,1
1329,DECODE,75,0,75,1392.71,5.40,1
1330,DECODE,75,0,75,1393.71,5.37,1
1331,DECODE,75,0,75,1394.71,5.43,1
1332,DECODE,75,0,75,1395.71,5.43,1
1333,DECODE,75,0,75,1396.71,5.48,1
1334,DECODE,75,0,75,1397.71,5.41,1
1335,DECODE,75,0,75,1398.71,5.47,1
1336,DECODE,74,0,74,1401.24,5.32,1
1337,DECODE,74,0,74,1402.24,5.44,1
1338,DECODE,74,0,74,1403.24,5.39,1
1339,DECODE,74,0,74,1404.24,5.43,1
1340,DECODE,74,0,74,1405.24,5.40,1
1341,DECODE,74,0,74,1406.24,5.41,1
1342,DECODE,74,0,74,1407.24,5.41,1
1343,DECODE,74,0,74,1408.24,5.43,1
1344,DECODE,74,0,74,1409.24,5.41,1
1345,DECODE,74,0,74,1410.24,5.40,1
1346,DECODE,73,0,73,1411.22,5.41,1
1347,DECODE,73,0,73,1412.22,5.40,1
1348,DECODE,73,0,73,1413.22,5.40,1
1349,DECODE,73,0,73,1414.22,5.40,1
1350,DECODE,72,0,72,1414.90,6.57,1
1351,DECODE,72,0,72,1415.90,5.38,1
1352,DECODE,72,0,72,1416.90,5.85,1
1353,DECODE,72,0,72,1417.90,6.09,1
1354,DECODE,72,0,72,1418.90,6.15,1
1355,DECODE,72,0,72,1419.90,6.17,1
1356,DECODE,72,0,72,1420.90,6.12,1
1357,DECODE,72,0,72,1421.90,6.13,1
1358,DECODE,72,0,72,1422.90,6.07,1
1359,DECODE,72,0,72,1423.90,6.20,1
1360,DECODE,72,0,72,1424.90,6.09,1
1361,DECODE,72,0,72,1425.90,6.18,1
1362,DECODE,72,0,72,1426.90,6.09,1
1363,DECODE,72,0,72,1427.90,6.14,1
1364,DECODE,71,0,71,1430.52,6.25,1
1365,DECODE,71,0,71,1431.52,6.17,1
1366,DECODE,71,0,71,1432.52,6.11,1
1367,DECODE,71,0,71,1433.52,6.18,1
1368,DECODE,71,0,71,1434.52,6.12,1
1369,DECODE,71,0,71,1435.52,6.13,1
1370,DECODE,71,0,71,1436.52,6.13,1
1371,DECODE,71,0,71,1437.52,6.13,1
1372,DECODE,71,0,71,1438.52,6.13,1
1373,DECODE,71,0,71,1439.52,6.14,1
1374,DECODE,71,0,71,1440.52,6.15,1
1375,DECODE,71,0,71,1441.52,6.18,1
1376,DECODE,71,0,71,1442.52,6.18,1
1377,DECODE,71,0,71,1443.52,6.19,1
1378,DECODE,71,0,71,1444.52,6.16,1
1379,DECODE,71,0,71,1445.52,6.21,1
1380,DECODE,71,0,71,1446.52,6.15,1
1381,DECODE,71,0,71,1447.52,6.13,1
1382,DECODE,71,0,71,1448.52,6.15,1
1383,DECODE,71,0,71,1449.52,6.15,1
1384,DECODE,71,0,71,1450.52,6.11,1
1385,DECODE,71,0,71,1451.52,6.11,1
1386,DECODE,71,0,71,1452.52,6.14,1
1387,DECODE,71,0,71,1453.52,5.99,1
1388,DECODE,71,0,71,1454.52,5.46,1
1389,DECODE,71,0,71,1455.52,6.32,1
1390,DECODE,71,0,71,1456.52,6.37,1
1391,DECODE,71,0,71,1457.52,6.15,1
1392,DECODE,71,0,71,1458.52,6.18,1
1393,DECODE,71,0,71,1459.52,5.91,1
1394,DECODE,71,0,71,1460.52,6.29,1
1395,DECODE,71,0,71,1461.52,6.22,1
1396,DECODE,70,0,70,1461.83,6.43,1
1397,DECODE,70,0,70,1462.83,6.31,1
1398,DECODE,70,0,70,1463.83,6.23,1
1399,DECODE,70,0,70,1464.83,6.21,1
1400,DECODE,70,0,70,1465.83,6.21,1
1401,DECODE,70,0,70,1466.83,6.24,1
1402,DECODE,70,0,70,1467.83,6.25,1
1403,DECODE,70,0,70,1468.83,6.18,1
1404,DECODE,70,0,70,1469.83,6.51,1
1405,DECODE,70,0,70,1470.83,6.60,1
1406,DECODE,70,0,70,1471.83,6.56,1
1407,DECODE,70,0,70,1472.83,6.44,1
1408,DECODE,70,0,70,1473.83,6.17,1
1409,DECODE,70,0,70,1474.83,6.15,1
1410,DECODE,70,0,70,1475.83,5.48,1
1411,DECODE,70,0,70,1476.83,5.39,1
1412,DECODE,70,0,70,1477.83,5.39,1
1413,DECODE,70,0,70,1478.83,5.41,1
1414,DECODE,70,0,70,1479.83,5.45,1
1415,DECODE,70,0,70,1480.83,5.48,1
1416,DECODE,70,0,70,1481.83,6.25,1
1417,DECODE,70,0,70,1482.83,6.25,1
1418,DECODE,70,0,70,1483.83,6.13,1
1419,DECODE,70,0,70,1484.83,6.24,1
1420,DECODE,70,0,70,1485.83,5.38,1
1421,DECODE,70,0,70,1486.83,5.46,1
1422,DECODE,70,0,70,1487.83,5.39,1
1423,DECODE,70,0,70,1488.83,5.48,1
1424,DECODE,69,0,69,1489.51,5.36,1
1425,DECODE,69,0,69,1490.51,7.58,1
1426,DECODE,69,0,69,1491.51,5.44,1
1427,DECODE,69,0,69,1492.51,5.48,1
1428,DECODE,69,0,69,1493.51,6.34,1
1429,DECODE,69,0,69,1494.51,5.39,1
1430,DECODE,68,0,68,1497.21,5.44,1
1431,DECODE,68,0,68,1498.21,5.49,1
1432,DECODE,67,0,67,1498.46,5.42,1
1433,DECODE,67,0,67,1499.46,5.44,1
1434,DECODE,67,0,67,1500.46,5.34,1
1435,DECODE,67,0,67,1501.46,5.37,1
1436,DECODE,67,0,67,1502.46,5.32,1
1437,DECODE,67,0,67,1503.46,5.41,1
1438,DECODE,67,0,67,1504.46,5.54,1
1439,DECODE,67,0,67,1505.46,5.37,1
1440,DECODE,67,0,67,1506.46,6.55,1
1441,DECODE,67,0,67,1507.46,6.65,1
1442,DECODE,67,0,67,1508.46,6.18,1
1443,DECODE,67,0,67,1509.46,6.17,1
1444,DECODE,67,0,67,1510.46,6.19,1
1445,DECODE,67,0,67,1511.46,6.14,1
1446,DECODE,67,0,67,1512.46,5.39,1
1447,DECODE,67,0,67,1513.46,6.26,1
1448,DECODE,67,0,67,1514.46,6.15,1
1449,DECODE,67,0,67,1515.46,6.18,1
1450,DECODE,67,0,67,1516.46,6.16,1
1451,DECODE,67,0,67,1517.46,6.18,1
1452,DECODE,67,0,67,1518.46,6.18,1
1453,DECODE,67,0,67,1519.46,6.11,1
1454,DECODE,67,0,67,1520.46,6.58,1
1455,DECODE,67,0,67,1521.46,6.45,1
1456,DECODE,67,0,67,1522.46,6.57,1
1457,DECODE,66,0,66,1523.14,4.90,1
1458,DECODE,66,0,66,1524.14,4.87,1
1459,DECODE,66,0,66,1525.14,4.89,1
1460,DECODE,66,0,66,1526.14,4.89,1
1461,DECODE,66,0,66,1527.14,5.07,1
1462,DECODE,66,0,66,1528.14,5.10,1
1463,DECODE,66,0,66,1529.14,5.11,1
1464,DECODE,66,0,66,1530.14,5.11,1
1465,DECODE,66,0,66,1531.14,5.15,1
1466,DECODE,66,0,66,1532.14,5.10,1
1467,DECODE,66,0,66,1533.14,5.11,1
1468,DECODE,66,0,66,1534.14,5.25,1
1469,DECODE,66,0,66,1535.14,5.17,1
1470,DECODE,66,0,66,1536.14,5.08,1
1471,DECODE,66,0,66,1537.14,5.09,1
1472,DECODE,66,0,66,1538.14,5.09,1
1473,DECODE,64,0,64,1538.81,6.17,1
1474,DECODE,64,0,64,1539.81,4.96,1
1475,DECODE,63,0,63,1540.03,4.97,1
1476,DECODE,62,0,62,1541.00,4.96,1
1477,DECODE,62,0,62,1542.00,4.95,1
1478,DECODE,62,0,62,1543.00,4.85,1
1479,DECODE,62,0,62,1544.00,6.02,1
1480,DECODE,62,0,62,1545.00,5.07,1
1481,DECODE,62,0,62,1546.00,5.04,1
1482,DECODE,62,0,62,1547.00,5.06,1
1483,DECODE,62,0,62,1548.00,4.97,1
1484,DECODE,62,0,62,1549.00,5.00,1
1485,DECODE,62,0,62,1550.00,4.99,1
1486,DECODE,62,0,62,1551.00,5.40,1
1487,DECODE,62,0,62,1552.00,5.39,1
1488,DECODE,62,0,62,1553.00,5.78,1
1489,DECODE,62,0,62,1554.00,5.77,1
1490,DECODE,62,0,62,1555.00,5.74,1
1491,DECODE,62,0,62,1556.00,5.75,1
1492,DECODE,62,0,62,1557.00,5.81,1
1493,DECODE,62,0,62,1558.00,5.80,1
1494,DECODE,62,0,62,1559.00,5.73,1
1495,DECODE,62,0,62,1560.00,5.77,1
1496,DECODE,62,0,62,1561.00,5.75,1
1497,DECODE,62,0,62,1562.00,5.62,1
1498,DECODE,62,0,62,1563.00,5.71,1
1499,DECODE,62,0,62,1564.00,5.74,1
1500,DECODE,62,0,62,1565.00,5.75,1
1501,DECODE,62,0,62,1566.00,5.75,1
1502,DECODE,62,0,62,1567.00,5.76,1
1503,DECODE,62,0,62,1568.00,5.67,1
1504,DECODE,62,0,62,1569.00,5.63,1
1505,DECODE,62,0,62,1570.00,5.56,1
1506,DECODE,62,0,62,1571.00,4.94,1
1507,DECODE,62,0,62,1572.00,5.62,1
1508,DECODE,62,0,62,1573.00,5.54,1
1509,DECODE,62,0,62,1574.00,5.49,1
1510,DECODE,62,0,62,1575.00,5.55,1
1511,DECODE,62,0,62,1576.00,5.54,1
1512,DECODE,62,0,62,1577.00,5.50,1
1513,DECODE,61,0,61,1579.80,5.01,1
1514,DECODE,61,0,61,1580.80,4.95,1
1515,DECODE,61,0,61,1581.80,5.33,1
1516,DECODE,61,0,61,1582.80,4.96,1
1517,DECODE,61,0,61,1583.80,4.78,1
1518,DECODE,61,0,61,1584.80,4.76,1
1519,DECODE,61,0,61,1585.80,4.74,1
1520,DECODE,61,0,61,1586.80,4.76,1
1521,DECODE,61,0,61,1587.80,5.55,1
1522,DECODE,61,0,61,1588.80,5.50,1
1523,DECODE,61,0,61,1589.80,5.50,1
1524,DECODE,61,0,61,1590.80,5.49,1
1525,DECODE,61,0,61,1591.80,5.48,1
1526,DECODE,61,0,61,1592.80,5.49,1
1527,DECODE,61,0,61,1593.80,5.41,1
1528,DECODE,61,0,61,1594.80,5.53,1
1529,DECODE,61,0,61,1595.80,5.46,1
1530,DECODE,61,0,61,1596.80,5.48,1
1531,DECODE,61,0,61,1597.80,5.57,1
1532,DECODE,61,0,61,1598.80,5.57,1
1533,DECODE,61,0,61,1599.80,5.54,1
1534,DECODE,61,0,61,1600.80,5.58,1
1535,DECODE,61,0,61,1601.80,5.57,1
1536,DECODE,61,0,61,1602.80,5.38,1
1537,DECODE,61,0,61,1603.80,4.96,1
1538,DECODE,61,0,61,1604.80,4.89,1
1539,DECODE,61,0,61,1605.80,4.90,1
1540,DECODE,61,0,61,1606.80,4.88,1
1541,DECODE,61,0,61,1607.80,5.38,1
1542,DECODE,61,0,61,1608.80,5.16,1
1543,DECODE,61,0,61,1609.80,4.98,1
1544,DECODE,61,0,61,1610.80,4.98,1
1545,DECODE,61,0,61,1611.80,4.95,1
1546,DECODE,61,0,61,1612.80,5.87,1
1547,DECODE,61,0,61,1613.80,4.96,1
1548,DECODE,61,0,61,1614.80,6.11,1
1549,DECODE,61,0,61,1615.80,4.89,1
1550,DECODE,61,0,61,1616.80,4.96,1
1551,DECODE,61,0,61,1617.80,4.95,1
1552,DECODE,61,0,61,1618.80,4.98,1
1553,DECODE,61,0,61,1619.80,6.17,1
1554,DECODE,61,0,61,1620.80,5.07,1
1555,DECODE,61,0,61,1621.80,4.96,1
1556,DECODE,61,0,61,1622.80,5.00,1
1557,DECODE,61,0,61,1623.80,5.70,1
1558,DECODE,61,0,61,1624.80,5.56,1
1559,DECODE,61,0,61,1625.80,5.66,1
1560,DECODE,61,0,61,1626.80,6.32,1
1561,DECODE,61,0,61,1627.80,7.13,1
1562,DECODE,61,0,61,1628.80,6.08,1
1563,DECODE,61,0,61,1629.80,5.78,1
1564,DECODE,61,0,61,1630.80,5.78,1
1565,DECODE,60,0,60,1631.48,5.81,1
1566,DECODE,60,0,60,1632.48,5.66,1
1567,DECODE,60,0,60,1633.48,5.69,1
1568,DECODE,60,0,60,1634.48,6.32,1
1569,DECODE,60,0,60,1635.48,5.29,1
1570,DECODE,60,0,60,1636.48,5.88,1
1571,DECODE,60,0,60,1637.48,5.41,1
1572,DECODE,60,0,60,1638.48,5.09,1
1573,DECODE,60,0,60,1639.48,5.09,1
1574,DECODE,60,0,60,1640.48,5.08,1
1575,DECODE,60,0,60,1641.48,5.10,1
1576,DECODE,59,0,59,1641.63,5.16,1
1577,DECODE,59,0,59,1642.63,4.98,1
1578,DECODE,59,0,59,1643.63,5.32,1
1579,DECODE,59,0,59,1644.63,4.94,1
1580,DECODE,58,0,58,1644.74,4.91,1
1581,DECODE,58,0,58,1645.74,4.89,1
1582,DECODE,58,0,58,1646.74,4.87,1
1583,DECODE,58,0,58,1647.74,4.82,1
1584,DECODE,58,0,58,1648.74,5.42,1
1585,DECODE,58,0,58,1649.74,4.85,1
1586,DECODE,58,0,58,1650.74,4.98,1
1587,DECODE,58,0,58,1651.74,4.96,1
1588,DECODE,58,0,58,1652.74,4.95,1
1589,DECODE,58,0,58,1653.74,5.00,1
1590,DECODE,58,0,58,1654.74,5.00,1
1591,DECODE,58,0,58,1655.74,4.99,1
1592,DECODE,58,0,58,1656.74,5.02,1
1593,DECODE,58,0,58,1657.74,4.97,1
1594,DECODE,58,0,58,1658.74,5.56,1
1595,DECODE,58,0,58,1659.74,5.48,1
1596,DECODE,58,0,58,1660.74,5.60,1
1597,DECODE,58,0,58,1661.74,5.48,1
1598,DECODE,58,0,58,1662.74,5.68,1
1599,DECODE,58,0,58,1663.74,5.60,1
1600,DECODE,58,0,58,1664.74,5.47,1
1601,DECODE,58,0,58,1665.74,5.53,1
1602,DECODE,58,0,58,1666.74,5.55,1
1603,DECODE,58,0,58,1667.74,5.42,1
1604,DECODE,58,0,58,1668.74,5.88,1
1605,DECODE,58,0,58,1669.74,5.52,1
1606,DECODE,58,0,58,1670.74,5.57,1
1607,DECODE,58,0,58,1671.74,5.68,1
1608,DECODE,58,0,58,1672.74,5.00,1
1609,DECODE,58,0,58,1673.74,6.53,1
1610,DECODE,58,0,58,1674.74,5.55,1
1611,DECODE,58,0,58,1675.74,5.60,1
1612,DECODE,58,0,58,1676.74,5.54,1
1613,DECODE,58,0,58,1677.74,5.50,1
1614,DECODE,58,0,58,1678.74,5.49,1
1615,DECODE,58,0,58,1679.74,5.49,1
1616,DECODE,58,0,58,1680.74,5.66,1
1617,DECODE,58,0,58,1681.74,5.34,1
1618,DECODE,58,0,58,1682.74,4.90,1
1619,DECODE,58,0,58,1683.74,4.85,1
1620,DECODE,58,0,58,1684.74,4.83,1
1621,DECODE,58,0,58,1685.74,4.85,1
1622,DECODE,58,0,58,1686.74,4.85,1
1623,DECODE,58,0,58,1687.74,4.84,1
1624,DECODE,58,0,58,1688.74,4.87,1
1625,DECODE,58,0,58,1689.74,4.88,1
1626,DECODE,58,0,58,1690.74,4.86,1
1627,DECODE,58,0,58,1691.74,4.83,1
1628,DECODE,58,0,58,1692.74,4.91,1
1629,DECODE,58,0,58,1693.74,4.83,1
1630,DECODE,57,0,57,1695.18,4.92,1
1631,DECODE,57,0,57,1696.18,4.88,1
1632,DECODE,57,0,57,1697.18,4.80,1
1633,DECODE,57,0,57,1698.18,4.80,1
1634,DECODE,57,0,57,1699.18,4.84,1
1635,DECODE,56,0,56,1700.62,5.87,1
1636,DECODE,55,0,55,1703.64,4.78,1
1637,DECODE,55,0,55,1704.64,4.76,1
1638,DECODE,55,0,55,1705.64,5.58,1
1639,DECODE,55,0,55,1706.64,4.82,1
1640,DECODE,55,0,55,1707.64,4.77,1
1641,DECODE,54,0,54,1708.65,5.12,1
1642,DECODE,54,0,54,1709.65,4.85,1
1643,DECODE,54,0,54,1710.65,4.76,1
1644,DECODE,54,0,54,1711.65,4.77,1
1645,DECODE,54,0,54,1712.65,5.67,1
1646,DECODE,53,0,53,1714.19,4.87,1
1647,DECODE,53,0,53,1715.19,5.07,1
1648,DECODE,53,0,53,1716.19,4.76,1
1649,DECODE,53,0,53,1717.19,4.74,1
1650,DECODE,53,0,53,1718.19,4.64,1
1651,DECODE,53,0,53,1719.19,4.62,1
1652,DECODE,53,0,53,1720.19,4.62,1
1653,DECODE,53,0,53,1721.19,4.69,1
1654,DECODE,53,0,53,1722.19,12.77,1
1655,DECODE,53,0,53,1723.19,5.28,1
1656,DECODE,53,0,53,1724.19,4.73,1
1657,DECODE,53,0,53,1725.19,5.15,1
1658,DECODE,53,0,53,1726.19,4.76,1
1659,DECODE,53,0,53,1727.19,4.76,1
1660,DECODE,53,0,53,1728.19,4.71,1
1661,DECODE,53,0,53,1729.19,4.73,1
1662,DECODE,53,0,53,1730.19,4.72,1
1663,DECODE,53,0,53,1731.19,4.73,1
1664,DECODE,53,0,53,1732.19,4.76,1
1665,DECODE,53,0,53,1733.19,4.74,1
1666,DECODE,53,0,53,1734.19,4.75,1
1667,DECODE,53,0,53,1735.19,4.75,1
1668,DECODE,53,0,53,1736.19,4.79,1
1669,DECODE,53,0,53,1737.19,5.96,1
1670,DECODE,53,0,53,1738.19,4.78,1
1671,DECODE,53,0,53,1739.19,5.27,1
1672,DECODE,53,0,53,1740.19,5.70,1
1673,DECODE,53,0,53,1741.19,5.14,1
1674,DECODE,53,0,53,1742.19,4.66,1
1675,DECODE,53,0,53,1743.19,4.73,1
1676,DECODE,53,0,53,1744.19,4.68,1
1677,DECODE,53,0,53,1745.19,4.76,1
1678,DECODE,53,0,53,1746.19,4.72,1
1679,DECODE,53,0,53,1747.19,4.71,1
1680,DECODE,53,0,53,1748.19,4.67,1
1681,DECODE,53,0,53,1749.19,4.67,1
1682,DECODE,53,0,53,1750.19,4.76,1
1683,DECODE,53,0,53,1751.19,4.77,1
1684,DECODE,53,0,53,1752.19,4.73,1
1685,DECODE,53,0,53,1753.19,4.82,1
1686,DECODE,53,0,53,1754.19,4.74,1
1687,DECODE,53,0,53,1755.19,4.74,1
1688,DECODE,53,0,53,1756.19,4.70,1
1689,DECODE,53,0,53,1757.19,4.73,1
1690,DECODE,53,0,53,1758.19,4.71,1
1691,DECODE,53,0,53,1759.19,4.80,1
1692,DECODE,52,0,52,1761.71,4.75,1
1693,DECODE,52,0,52,1762.71,5.80,1
1694,DECODE,52,0,52,1763.71,4.83,1
1695,DECODE,52,0,52,1764.71,5.57,1
1696,DECODE,52,0,52,1765.71,4.74,1
1697,DECODE,52,0,52,1766.71,4.77,1
1698,DECODE,52,0,52,1767.71,4.75,1
1699,DECODE,52,0,52,1768.71,4.77,1
1700,DECODE,52,0,52,1769.71,4.77,1
1701,DECODE,51,0,51,1771.29,4.77,1
1702,DECODE,51,0,51,1772.29,4.81,1
1703,DECODE,50,0,50,1773.90,4.74,1
1704,DECODE,50,0,50,1774.90,5.64,1
1705,DECODE,50,0,50,1775.90,5.48,1
1706,DECODE,50,0,50,1776.90,4.86,1
1707,DECODE,50,0,50,1777.90,4.61,1
1708,DECODE,50,0,50,1778.90,5.34,1
1709,DECODE,50,0,50,1779.90,5.25,1
1710,DECODE,50,0,50,1780.90,5.06,1
1711,DECODE,50,0,50,1781.90,6.56,1
1712,DECODE,50,0,50,1782.90,5.56,1
1713,DECODE,50,0,50,1783.90,5.14,1
1714,DECODE,50,0,50,1784.90,4.74,1
1715,DECODE,50,0,50,1785.90,6.05,1
1716,DECODE,50,0,50,1786.90,5.63,1
1717,DECODE,50,0,50,1787.90,5.66,1
1718,DECODE,50,0,50,1788.90,4.75,1
1719,DECODE,50,0,50,1789.90,4.71,1
1720,DECODE,50,0,50,1790.90,4.74,1
1721,DECODE,50,0,50,1791.90,5.49,1
1722,DECODE,50,0,50,1792.90,5.11,1
1723,DECODE,50,0,50,1793.90,4.98,1
1724,DECODE,50,0,50,1794.90,5.29,1
1725,DECODE,50,0,50,1795.90,4.70,1
1726,DECODE,50,0,50,1796.90,4.74,1
1727,DECODE,50,0,50,1797.90,4.63,1
1728,DECODE,50,0,50,1798.90,4.68,1
1729,DECODE,50,0,50,1799.90,4.72,1
1730,DECODE,50,0,50,1800.90,4.71,1
1731,DECODE,50,0,50,1801.90,4.74,1
1732,DECODE,50,0,50,1802.90,4.71,1
1733,DECODE,50,0,50,1803.90,4.71,1
1734,DECODE,50,0,50,1804.90,4.74,1
1735,DECODE,50,0,50,1805.90,4.72,1
1736,DECODE,50,0,50,1806.90,4.69,1
1737,DECODE,50,0,50,1807.90,4.72,1
1738,DECODE,50,0,50,1808.90,4.75,1
1739,DECODE,50,0,50,1809.90,4.73,1
1740,DECODE,50,0,50,1810.90,4.73,1
1741,DECODE,50,0,50,1811.90,5.85,1
1742,DECODE,50,0,50,1812.90,5.57,1
1743,DECODE,50,0,50,1813.90,5.50,1
1744,DECODE,50,0,50,1814.90,5.52,1
1745,DECODE,49,0,49,1817.71,5.68,1
1746,DECODE,49,0,49,1818.71,5.57,1
1747,DECODE,49,0,49,1819.71,5.48,1
1748,DECODE,49,0,49,1820.71,5.54,1
1749,DECODE,49,0,49,1821.71,5.45,1
1750,DECODE,49,0,49,1822.71,5.52,1
1751,DECODE,49,0,49,1823.71,5.44,1
1752,DECODE,49,0,49,1824.71,5.54,1
1753,DECODE,49,0,49,1825.71,5.46,1
1754,DECODE,49,0,49,1826.71,5.49,1
1755,DECODE,49,0,49,1827.71,5.51,1
1756,DECODE,49,0,49,1828.71,5.56,1
1757,DECODE,49,0,49,1829.71,5.46,1
1758,DECODE,49,0,49,1830.71,5.66,1
1759,DECODE,49,0,49,1831.71,5.46,1
1760,DECODE,49,0,49,1832.71,5.52,1
1761,DECODE,49,0,49,1833.71,5.42,1
1762,DECODE,49,0,49,1834.71,5.55,1
1763,DECODE,49,0,49,1835.71,5.52,1
1764,DECODE,49,0,49,1836.71,5.52,1
1765,DECODE,49,0,49,1837.71,5.85,1
1766,DECODE,49,0,49,1838.71,5.86,1
1767,DECODE,49,0,49,1839.71,4.77,1
1768,DECODE,49,0,49,1840.71,4.80,1
1769,DECODE,49,0,49,1841.71,4.82,1
1770,DECODE,49,0,49,1842.71,4.79,1
1771,DECODE,49,0,49,1843.71,4.91,1
1772,DECODE,49,0,49,1844.71,5.80,1
1773,DECODE,49,0,49,1845.71,5.31,1
1774,DECODE,49,0,49,1846.71,5.23,1
1775,DECODE,49,0,49,1847.71,6.35,1
1776,DECODE,49,0,49,1848.71,5.55,1
1777,DECODE,49,0,49,1849.71,5.35,1
1778,DECODE,49,0,49,1850.71,5.15,1
1779,DECODE,48,0,48,1851.42,5.77,1
1780,DECODE,48,0,48,1852.42,4.71,1
1781,DECODE,48,0,48,1853.42,4.70,1
1782,DECODE,48,0,48,1854.42,4.66,1
1783,DECODE,48,0,48,1855.42,4.82,1
1784,DECODE,48,0,48,1856.42,4.67,1
1785,DECODE,48,0,48,1857.42,4.70,1
1786,DECODE,48,0,48,1858.42,4.66,1
1787,DECODE,48,0,48,1859.42,4.74,1
1788,DECODE,48,0,48,1860.42,4.71,1
1789,DECODE,48,0,48,1861.42,4.70,1
1790,DECODE,48,0,48,1862.42,4.70,1
1791,DECODE,48,0,48,1863.42,4.72,1
1792,DECODE,48,0,48,1864.42,4.68,1
1793,DECODE,48,0,48,1865.42,4.68,1
1794,DECODE,48,0,48,1866.42,4.68,1
1795,DECODE,48,0,48,1867.42,4.68,1
1796,DECODE,48,0,48,1868.42,4.72,1
1797,DECODE,47,0,47,1869.13,4.79,1
1798,DECODE,47,0,47,1870.13,4.72,1
1799,DECODE,47,0,47,1871.13,4.69,1
1800,DECODE,47,0,47,1872.13,4.70,1
1801,DECODE,47,0,47,1873.13,4.74,1
1802,DECODE,47,0,47,1874.13,5.50,1
1803,DECODE,47,0,47,1875.13,4.75,1
1804,DECODE,47,0,47,1876.13,4.74,1
1805,DECODE,47,0,47,1877.13,4.74,1
1806,DECODE,47,0,47,1878.13,4.69,1
1807,DECODE,47,0,47,1879.13,4.72,1
1808,DECODE,47,0,47,1880.13,5.34,1
1809,DECODE,47,0,47,1881.13,4.69,1
1810,DECODE,47,0,47,1882.13,4.72,1
1811,DECODE,47,0,47,1883.13,4.75,1
1812,DECODE,47,0,47,1884.13,4.80,1
1813,DECODE,47,0,47,1885.13,4.72,1
1814,DECODE,47,0,47,1886.13,4.78,1
1815,DECODE,47,0,47,1887.13,4.73,1
1816,DECODE,47,0,47,1888.13,4.76,1
1817,DECODE,47,0,47,1889.13,4.71,1
1818,DECODE,47,0,47,1890.13,4.74,1
1819,DECODE,47,0,47,1891.13,4.76,1
1820,DECODE,47,0,47,1892.13,6.30,1
1821,DECODE,47,0,47,1893.13,6.47,1
1822,DECODE,47,0,47,1894.13,4.93,1
1823,DECODE,47,0,47,1895.13,5.08,1
1824,DECODE,47,0,47,1896.13,5.57,1
1825,DECODE,47,0,47,1897.13,4.82,1
1826,DECODE,47,0,47,1898.13,4.72,1
1827,DECODE,47,0,47,1899.13,4.72,1
1828,DECODE,47,0,47,1900.13,4.70,1
1829,DECODE,47,0,47,1901.13,4.75,1
1830,DECODE,47,0,47,1902.13,4.75,1
1831,DECODE,47,0,47,1903.13,4.76,1
1832,DECODE,47,0,47,1904.13,4.72,1
1833,DECODE,47,0,47,1905.13,4.71,1
1834,DECODE,47,0,47,1906.13,4.71,1
1835,DECODE,47,0,47,1907.13,4.74,1
1836,DECODE,47,0,47,1908.13,4.76,1
1837,DECODE,47,0,47,1909.13,4.74,1
1838,DECODE,47,0,47,1910.13,4.82,1
1839,DECODE,47,0,47,1911.13,4.78,1
1840,DECODE,47,0,47,1912.13,4.79,1
1841,DECODE,47,0,47,1913.13,4.79,1
1842,DECODE,47,0,47,1914.13,4.75,1
1843,DECODE,47,0,47,1915.13,4.74,1
1844,DECODE,47,0,47,1916.13,4.78,1
1845,DECODE,47,0,47,1917.13,4.84,1
1846,DECODE,47,0,47,1918.13,4.74,1
1847,DECODE,47,0,47,1919.13,4.82,1
1848,DECODE,47,0,47,1920.13,4.74,1
1849,DECODE,47,0,47,1921.13,4.68,1
1850,DECODE,47,0,47,1922.13,4.74,1
1851,DECODE,47,0,47,1923.13,4.79,1
1852,DECODE,47,0,47,1924.13,4.77,1
1853,DECODE,47,0,47,1925.13,4.83,1
1854,DECODE,47,0,47,1926.13,4.76,1
1855,DECODE,47,0,47,1927.13,4.82,1
1856,DECODE,46,0,46,1928.63,4.81,1
1857,DECODE,46,0,46,1929.63,4.78,1
1858,DECODE,46,0,46,1930.63,4.75,1
1859,DECODE,46,0,46,1931.63,4.80,1
1860,DECODE,46,0,46,1932.63,4.74,1
1861,DECODE,46,0,46,1933.63,4.79,1
1862,DECODE,46,0,46,1934.63,4.74,1
1863,DECODE,46,0,46,1935.63,4.78,1
1864,DECODE,46,0,46,1936.63,4.69,1
1865,DECODE,46,0,46,1937.63,4.69,1
1866,DECODE,46,0,46,1938.63,5.52,1
1867,DECODE,46,0,46,1939.63,5.58,1
1868,DECODE,46,0,46,1940.63,5.55,1
1869,DECODE,46,0,46,1941.63,5.48,1
1870,DECODE,46,0,46,1942.63,5.51,1
1871,DECODE,46,0,46,1943.63,5.59,1
1872,DECODE,46,0,46,1944.63,5.65,1
1873,DECODE,46,0,46,1945.63,5.50,1
1874,DECODE,46,0,46,1946.63,5.51,1
1875,DECODE,46,0,46,1947.63,5.57,1
1876,DECODE,46,0,46,1948.63,5.66,1
1877,DECODE,46,0,46,1949.63,5.74,1
1878,DECODE,46,0,46,1950.63,5.82,1
1879,DECODE,46,0,46,1951.63,5.58,1
1880,DECODE,46,0,46,1952.63,5.56,1
1881,DECODE,46,0,46,1953.63,5.58,1
1882,DECODE,46,0,46,1954.63,5.59,1
1883,DECODE,46,0,46,1955.63,5.71,1
1884,DECODE,46,0,46,1956.63,5.54,1
1885,DECODE,46,0,46,1957.63,5.71,1
1886,DECODE,46,0,46,1958.63,5.62,1
1887,DECODE,46,0,46,1959.63,5.63,1
1888,DECODE,46,0,46,1960.63,6.16,1
1889,DECODE,46,0,46,1961.63,4.85,1
1890,DECODE,46,0,46,1962.63,4.82,1
1891,DECODE,46,0,46,1963.63,5.94,1
1892,DECODE,46,0,46,1964.63,5.78,1
1893,DECODE,46,0,46,1965.63,5.60,1
1894,DECODE,46,0,46,1966.63,5.55,1
1895,DECODE,46,0,46,1967.63,5.55,1
1896,DECODE,46,0,46,1968.63,5.48,1
1897,DECODE,46,0,46,1969.63,5.50,1
1898,DECODE,46,0,46,1970.63,5.48,1
1899,DECODE,46,0,46,1971.63,5.38,1
1900,DECODE,46,0,46,1972.63,5.59,1
1901,DECODE,46,0,46,1973.63,5.17,1
1902,DECODE,46,0,46,1974.63,5.49,1
1903,DECODE,46,0,46,1975.63,5.51,1
1904,DECODE,46,0,46,1976.63,5.71,1
1905,DECODE,46,0,46,1977.63,5.76,1
1906,DECODE,46,0,46,1978.63,5.68,1
1907,DECODE,46,0,46,1979.63,5.67,1
1908,DECODE,46,0,46,1980.63,5.71,1
1909,DECODE,46,0,46,1981.63,5.61,1
1910,DECODE,46,0,46,1982.63,5.64,1
1911,DECODE,46,0,46,1983.63,5.66,1
1912,DECODE,46,0,46,1984.63,5.88,1
1913,DECODE,46,0,46,1985.63,5.61,1
1914,DECODE,46,0,46,1986.63,5.75,1
1915,DECODE,46,0,46,1987.63,5.71,1
1916,DECODE,46,0,46,1988.63,5.80,1
1917,DECODE,46,0,46,1989.63,5.55,1
1918,DECODE,46,0,46,1990.63,5.67,1
1919,DECODE,46,0,46,1991.63,5.55,1
1920,DECODE,46,0,46,1992.63,5.59,1
1921,DECODE,46,0,46,1993.63,5.63,1
1922,DECODE,46,0,46,1994.63,5.59,1
1923,DECODE,46,0,46,1995.63,5.65,1
1924,DECODE,46,0,46,1996.63,5.82,1
1925,DECODE,46,0,46,1997.63,5.68,1
1926,DECODE,46,0,46,1998.63,5.53,1
1927,DECODE,46,0,46,1999.63,5.56,1
1928,DECODE,46,0,46,2000.63,5.66,1
1929,DECODE,46,0,46,2001.63,5.62,1
1930,DECODE,46,0,46,2002.63,5.61,1
1931,DECODE,46,0,46,2003.63,4.82,1
1932,DECODE,46,0,46,2004.63,4.85,1
1933,DECODE,46,0,46,2005.63,4.80,1
1934,DECODE,46,0,46,2006.63,4.86,1
1935,DECODE,46,0,46,2007.63,4.77,1
1936,DECODE,46,0,46,2008.63,4.78,1
1937,DECODE,46,0,46,2009.63,4.79,1
1938,DECODE,46,0,46,2010.63,4.76,1
1939,DECODE,46,0,46,2011.63,4.77,1
1940,DECODE,46,0,46,2012.63,4.77,1
1941,DECODE,46,0,46,2013.63,4.77,1
1942,DECODE,46,0,46,2014.63,4.80,1
1943,DECODE,45,0,45,2017.49,4.80,1
1944,DECODE,45,0,45,2018.49,4.77,1
1945,DECODE,45,0,45,2019.49,4.74,1
1946,DECODE,45,0,45,2020.49,4.69,1
1947,DECODE,45,0,45,2021.49,4.77,1
1948,DECODE,45,0,45,2022.49,4.75,1
1949,DECODE,45,0,45,2023.49,5.89,1
1950,DECODE,45,0,45,2024.49,4.86,1
1951,DECODE,45,0,45,2025.49,4.99,1
1952,DECODE,45,0,45,2026.49,5.02,1
1953,DECODE,45,0,45,2027.49,4.75,1
1954,DECODE,45,0,45,2028.49,4.79,1
1955,DECODE,45,0,45,2029.49,4.75,1
1956,DECODE,45,0,45,2030.49,4.77,1
1957,DECODE,45,0,45,2031.49,4.77,1
1958,DECODE,45,0,45,2032.49,4.76,1
1959,DECODE,45,0,45,2033.49,4.78,1
1960,DECODE,45,0,45,2034.49,4.78,1
1961,DECODE,45,0,45,2035.49,4.75,1
1962,DECODE,45,0,45,2036.49,4.76,1
1963,DECODE,45,0,45,2037.49,4.76,1
1964,DECODE,45,0,45,2038.49,4.75,1
1965,DECODE,45,0,45,2039.49,4.74,1
1966,DECODE,45,0,45,2040.49,4.77,1
1967,DECODE,45,0,45,2041.49,4.76,1
1968,DECODE,45,0,45,2042.49,4.76,1
1969,DECODE,45,0,45,2043.49,5.88,1
1970,DECODE,45,0,45,2044.49,4.83,1
1971,DECODE,45,0,45,2045.49,4.81,1
1972,DECODE,45,0,45,2046.49,4.84,1
1973,DECODE,45,0,45,2047.49,4.78,1
1974,DECODE,45,0,45,2048.49,4.78,1
1975,DECODE,45,0,45,2049.49,4.78,1
1976,DECODE,45,0,45,2050.49,4.80,1
1977,DECODE,45,0,45,2051.49,4.82,1
1978,DECODE,45,0,45,2052.49,4.76,1
1979,DECODE,45,0,45,2053.49,4.80,1
1980,DECODE,45,0,45,2054.49,4.79,1
1981,DECODE,45,0,45,2055.49,5.06,1
1982,DECODE,45,0,45,2056.49,5.41,1
1983,DECODE,45,0,45,2057.49,4.78,1
1984,DECODE,45,0,45,2058.49,4.78,1
1985,DECODE,45,0,45,2059.49,4.77,1
1986,DECODE,45,0,45,2060.49,5.11,1
1987,DECODE,45,0,45,2061.49,4.74,1
1988,DECODE,45,0,45,2062.49,5.71,1
1989,DECODE,45,0,45,2063.49,5.76,1
1990,DECODE,45,0,45,2064.49,5.59,1
1991,DECODE,45,0,45,2065.49,5.57,1
1992,DECODE,45,0,45,2066.49,5.59,1
1993,DECODE,45,0,45,2067.49,5.54,1
1994,DECODE,45,0,45,2068.49,5.69,1
1995,DECODE,45,0,45,2069.49,5.56,1
1996,DECODE,45,0,45,2070.49,5.59,1
1997,DECODE,45,0,45,2071.49,5.64,1
1998,DECODE,45,0,45,2072.49,5.59,1
1999,DECODE,45,0,45,2073.49,5.54,1
2000,DECODE,45,0,45,2074.49,5.53,1
2001,DECODE,45,0,45,2075.49,5.63,1
2002,DECODE,45,0,45,2076.49,5.59,1
2003,DECODE,45,0,45,2077.49,5.57,1
2004,DECODE,45,0,45,2078.49,5.53,1
2005,DECODE,45,0,45,2079.49,5.52,1
2006,DECODE,45,0,45,2080.49,5.63,1
2007,DECODE,45,0,45,2081.49,5.51,1
2008,DECODE,45,0,45,2082.49,5.53,1
2009,DECODE,45,0,45,2083.49,5.55,1
2010,DECODE,45,0,45,2084.49,5.51,1
2011,DECODE,45,0,45,2085.49,5.53,1
2012,DECODE,45,0,45,2086.49,5.58,1
2013,DECODE,44,0,44,2088.30,5.79,1
2014,DECODE,44,0,44,2089.30,5.59,1
2015,DECODE,44,0,44,2090.30,5.56,1
2016,DECODE,44,0,44,2091.30,4.85,1
2017,DECODE,43,0,43,2092.05,4.71,1
2018,DECODE,43,0,43,2093.05,4.85,1
2019,DECODE,43,0,43,2094.05,4.77,1
2020,DECODE,43,0,43,2095.05,4.76,1
2021,DECODE,43,0,43,2096.05,4.80,1
2022,DECODE,43,0,43,2097.05,4.77,1
2023,DECODE,43,0,43,2098.05,4.77,1
2024,DECODE,43,0,43,2099.05,4.76,1
2025,DECODE,43,0,43,2100.05,4.76,1
2026,DECODE,43,0,43,2101.05,4.73,1
2027,DECODE,43,0,43,2102.05,4.76,1
2028,DECODE,43,0,43,2103.05,4.78,1
2029,DECODE,43,0,43,2104.05,4.75,1
2030,DECODE,43,0,43,2105.05,4.76,1
2031,DECODE,43,0,43,2106.05,4.76,1
2032,DECODE,43,0,43,2107.05,4.75,1
2033,DECODE,43,0,43,2108.05,4.76,1
2034,DECODE,43,0,43,2109.05,4.76,1
2035,DECODE,43,0,43,2110.05,4.78,1
2036,DECODE,43,0,43,2111.05,4.78,1
2037,DECODE,43,0,43,2112.05,4.79,1
2038,DECODE,43,0,43,2113.05,4.77,1
2039,DECODE,43,0,43,2114.05,4.79,1
2040,DECODE,43,0,43,2115.05,4.74,1
2041,DECODE,43,0,43,2116.05,4.83,1
2042,DECODE,43,0,43,2117.05,4.81,1
2043,DECODE,43,0,43,2118.05,4.80,1
2044,DECODE,43,0,43,2119.05,4.78,1
2045,DECODE,43,0,43,2120.05,4.83,1
2046,DECODE,43,0,43,2121.05,4.83,1
2047,DECODE,43,0,43,2122.05,4.78,1
2048,DECODE,43,0,43,2123.05,4.81,1
2049,DECODE,43,0,43,2124.05,4.78,1
2050,DECODE,43,0,43,2125.05,4.86,1
2051,DECODE,43,0,43,2126.05,4.80,1
2052,DECODE,43,0,43,2127.05,4.82,1
2053,DECODE,43,0,43,2128.05,5.00,1
2054,DECODE,43,0,43,2129.05,4.82,1
2055,DECODE,43,0,43,2130.05,4.85,1
2056,DECODE,43,0,43,2131.05,4.99,1
2057,DECODE,43,0,43,2132.05,4.87,1
2058,DECODE,43,0,43,2133.05,4.99,1
2059,DECODE,43,0,43,2134.05,4.84,1
2060,DECODE,43,0,43,2135.05,5.42,1
2061,DECODE,43,0,43,2136.05,4.97,1
2062,DECODE,43,0,43,2137.05,4.88,1
2063,DECODE,43,0,43,2138.05,4.85,1
2064,DECODE,43,0,43,2139.05,4.84,1
2065,DECODE,43,0,43,2140.05,4.91,1
2066,DECODE,43,0,43,2141.05,4.87,1
2067,DECODE,43,0,43,2142.05,4.88,1
2068,DECODE,43,0,43,2143.05,4.82,1
2069,DECODE,42,0,42,2144.67,4.83,1
2070,DECODE,42,0,42,2145.67,4.83,1
2071,DECODE,42,0,42,2146.67,4.91,1
2072,DECODE,42,0,42,2147.67,6.21,1
2073,DECODE,42,0,42,2148.67,5.24,1
2074,DECODE,42,0,42,2149.67,5.05,1
2075,DECODE,42,0,42,2150.67,4.84,1
2076,DECODE,42,0,42,2151.67,4.86,1
2077,DECODE,42,0,42,2152.67,5.59,1
2078,DECODE,42,0,42,2153.67,4.84,1
2079,DECODE,42,0,42,2154.67,4.86,1
2080,DECODE,42,0,42,2155.67,4.80,1
2081,DECODE,42,0,42,2156.67,4.84,1
2082,DECODE,42,0,42,2157.67,4.86,1
2083,DECODE,42,0,42,2158.67,4.82,1
2084,DECODE,42,0,42,2159.67,4.79,1
2085,DECODE,42,0,42,2160.67,4.84,1
2086,DECODE,42,0,42,2161.67,4.88,1
2087,DECODE,42,0,42,2162.67,4.87,1
2088,DECODE,42,0,42,2163.67,4.78,1
2089,DECODE,42,0,42,2164.67,4.94,1
2090,DECODE,42,0,42,2165.67,4.81,1
2091,DECODE,42,0,42,2166.67,4.93,1
2092,DECODE,42,0,42,2167.67,4.78,1
2093,DECODE,42,0,42,2168.67,4.94,1
2094,DECODE,42,0,42,2169.67,4.80,1
2095,DECODE,42,0,42,2170.67,4.82,1
2096,DECODE,42,0,42,2171.67,4.84,1
2097,DECODE,42,0,42,2172.67,5.83,1
2098,DECODE,42,0,42,2173.67,5.81,1
2099,DECODE,42,0,42,2174.67,4.93,1
2100,DECODE,42,0,42,2175.67,4.88,1
2101,DECODE,42,0,42,2176.67,5.34,1
2102,DECODE,42,0,42,2177.67,4.98,1
2103,DECODE,42,0,42,2178.67,4.86,1
2104,DECODE,42,0,42,2179.67,4.84,1
2105,DECODE,42,0,42,2180.67,5.30,1
2106,DECODE,42,0,42,2181.67,5.01,1
2107,DECODE,42,0,42,2182.67,4.99,1
2108,DECODE,42,0,42,2183.67,5.02,1
2109,DECODE,42,0,42,2184.67,4.98,1
2110,DECODE,42,0,42,2185.67,5.01,1
2111,DECODE,42,0,42,2186.67,5.60,1
2112,DECODE,42,0,42,2187.67,4.88,1
2113,DECODE,42,0,42,2188.67,4.84,1
2114,DECODE,42,0,42,2189.67,5.64,1
2115,DECODE,42,0,42,2190.67,4.94,1
2116,DECODE,42,0,42,2191.67,4.78,1
2117,DECODE,42,0,42,2192.67,4.85,1
2118,DECODE,42,0,42,2193.67,5.56,1
2119,DECODE,42,0,42,2194.67,5.42,1
2120,DECODE,42,0,42,2195.67,5.20,1
2121,DECODE,42,0,42,2196.67,5.30,1
2122,DECODE,42,0,42,2197.67,5.72,1
2123,DECODE,42,0,42,2198.67,4.94,1
2124,DECODE,42,0,42,2199.67,4.93,1
2125,DECODE,42,0,42,2200.67,4.87,1
2126,DECODE,42,0,42,2201.67,4.87,1
2127,DECODE,42,0,42,2202.67,4.92,1
2128,DECODE,42,0,42,2203.67,4.90,1
2129,DECODE,42,0,42,2204.67,5.00,1
2130,DECODE,42,0,42,2205.67,5.02,1
2131,DECODE,42,0,42,2206.67,5.05,1
2132,DECODE,42,0,42,2207.67,5.65,1
2133,DECODE,42,0,42,2208.67,4.91,1
2134,DECODE,42,0,42,2209.67,4.84,1
2135,DECODE,42,0,42,2210.67,4.91,1
2136,DECODE,42,0,42,2211.67,4.83,1
2137,DECODE,42,0,42,2212.67,4.88,1
2138,DECODE,42,0,42,2213.67,4.85,1
2139,DECODE,42,0,42,2214.67,4.90,1
2140,DECODE,42,0,42,2215.67,4.91,1
2141,DECODE,42,0,42,2216.67,4.90,1
2142,DECODE,42,0,42,2217.67,4.90,1
2143,DECODE,42,0,42,2218.67,4.92,1
2144,DECODE,42,0,42,2219.67,4.87,1
2145,DECODE,42,0,42,2220.67,4.91,1
2146,DECODE,42,0,42,2221.67,6.12,1
2147,DECODE,42,0,42,2222.67,5.00,1
2148,DECODE,42,0,42,2223.67,4.88,1
2149,DECODE,42,0,42,2224.67,4.91,1
2150,DECODE,42,0,42,2225.67,5.07,1
2151,DECODE,42,0,42,2226.67,5.11,1
2152,DECODE,42,0,42,2227.67,6.65,1
2153,DECODE,42,0,42,2228.67,5.86,1
2154,DECODE,42,0,42,2229.67,5.30,1
2155,DECODE,42,0,42,2230.67,4.92,1
2156,DECODE,42,0,42,2231.67,5.75,1
2157,DECODE,42,0,42,2232.67,5.25,1
2158,DECODE,42,0,42,2233.67,5.12,1
2159,DECODE,42,0,42,2234.67,5.52,1
2160,DECODE,42,0,42,2235.67,4.89,1
2161,DECODE,42,0,42,2236.67,4.90,1
2162,DECODE,42,0,42,2237.67,4.85,1
2163,DECODE,42,0,42,2238.67,4.90,1
2164,DECODE,42,0,42,2239.67,4.85,1
2165,DECODE,42,0,42,2240.67,4.85,1
2166,DECODE,42,0,42,2241.67,4.88,1
2167,DECODE,42,0,42,2242.67,4.89,1
2168,DECODE,42,0,42,2243.67,4.84,1
2169,DECODE,42,0,42,2244.67,4.85,1
2170,DECODE,42,0,42,2245.67,4.85,1
2171,DECODE,42,0,42,2246.67,4.90,1
2172,DECODE,42,0,42,2247.67,4.88,1
2173,DECODE,42,0,42,2248.67,5.00,1
2174,DECODE,42,0,42,2249.67,4.85,1
2175,DECODE,42,0,42,2250.67,4.87,1
2176,DECODE,42,0,42,2251.67,4.84,1
2177,DECODE,42,0,42,2252.67,4.89,1
2178,DECODE,42,0,42,2253.67,4.90,1
2179,DECODE,42,0,42,2254.67,4.91,1
2180,DECODE,42,0,42,2255.67,4.92,1
2181,DECODE,42,0,42,2256.67,4.90,1
2182,DECODE,42,0,42,2257.67,4.96,1
2183,DECODE,42,0,42,2258.67,5.77,1
2184,DECODE,42,0,42,2259.67,4.93,1
2185,DECODE,42,0,42,2260.67,4.96,1
2186,DECODE,42,0,42,2261.67,5.22,1
2187,DECODE,41,0,41,2263.56,5.18,1
2188,DECODE,41,0,41,2264.56,4.93,1
2189,DECODE,41,0,41,2265.56,4.93,1
2190,DECODE,41,0,41,2266.56,4.94,1
2191,DECODE,41,0,41,2267.56,4.92,1
2192,DECODE,41,0,41,2268.56,4.96,1
2193,DECODE,41,0,41,2269.56,4.92,1
2194,DECODE,41,0,41,2270.56,4.95,1
2195,DECODE,41,0,41,2271.56,4.96,1
2196,DECODE,41,0,41,2272.56,4.90,1
2197,DECODE,41,0,41,2273.56,4.90,1
2198,DECODE,41,0,41,2274.56,4.94,1
2199,DECODE,41,0,41,2275.56,4.93,1
2200,DECODE,41,0,41,2276.56,5.03,1
2201,DECODE,41,0,41,2277.56,4.99,1
2202,DECODE,41,0,41,2278.56,4.94,1
2203,DECODE,41,0,41,2279.56,4.96,1
2204,DECODE,41,0,41,2280.56,5.16,1
2205,DECODE,41,0,41,2281.56,4.94,1
2206,DECODE,41,0,41,2282.56,4.94,1
2207,DECODE,41,0,41,2283.56,4.94,1
2208,DECODE,41,0,41,2284.56,4.94,1
2209,DECODE,41,0,41,2285.56,5.04,1
2210,DECODE,41,0,41,2286.56,5.07,1
2211,DECODE,41,0,41,2287.56,4.95,1
2212,DECODE,41,0,41,2288.56,4.94,1
2213,DECODE,41,0,41,2289.56,4.91,1
2214,DECODE,41,0,41,2290.56,5.07,1
2215,DECODE,41,0,41,2291.56,5.00,1
2216,DECODE,41,0,41,2292.56,4.97,1
2217,DECODE,41,0,41,2293.56,4.96,1
2218,DECODE,41,0,41,2294.56,4.92,1
2219,DECODE,41,0,41,2295.56,4.93,1
2220,DECODE,41,0,41,2296.56,4.90,1
2221,DECODE,41,0,41,2297.56,4.95,1
2222,DECODE,41,0,41,2298.56,4.96,1
2223,DECODE,41,0,41,2299.56,4.88,1
2224,DECODE,41,0,41,2300.56,4.98,1
2225,DECODE,41,0,41,2301.56,4.96,1
2226,DECODE,41,0,41,2302.56,4.99,1
2227,DECODE,41,0,41,2303.56,4.96,1
2228,DECODE,41,0,41,2304.56,5.03,1
2229,DECODE,37,0,37,2277.95,5.82,1
2230,DECODE,37,0,37,2278.95,4.89,1
2231,DECODE,37,0,37,2279.95,4.83,1
2232,DECODE,37,0,37,2280.95,4.79,1
2233,DECODE,37,0,37,2281.95,4.77,1
2234,DECODE,37,0,37,2282.95,4.93,1
2235,DECODE,37,0,37,2283.95,4.79,1
2236,DECODE,37,0,37,2284.95,4.79,1
2237,DECODE,37,0,37,2285.95,4.78,1
2238,DECODE,37,0,37,2286.95,4.80,1
2239,DECODE,37,0,37,2287.95,4.79,1
2240,DECODE,37,0,37,2288.95,4.83,1
2241,DECODE,37,0,37,2289.95,4.88,1
2242,DECODE,37,0,37,2290.95,4.93,1
2243,DECODE,37,0,37,2291.95,4.79,1
2244,DECODE,37,0,37,2292.95,4.79,1
2245,DECODE,37,0,37,2293.95,4.78,1
2246,DECODE,37,0,37,2294.95,4.77,1
2247,DECODE,37,0,37,2295.95,4.77,1
2248,DECODE,37,0,37,2296.95,4.76,1
2249,DECODE,37,0,37,2297.95,4.81,1
2250,DECODE,37,0,37,2298.95,4.78,1
2251,DECODE,37,0,37,2299.95,4.81,1
2252,DECODE,37,0,37,2300.95,4.81,1
2253,DECODE,37,0,37,2301.95,5.39,1
2254,DECODE,37,0,37,2302.95,5.22,1
2255,DECODE,37,0,37,2303.95,5.25,1
2256,DECODE,37,0,37,2304.95,5.35,1
2257,DECODE,37,0,37,2305.95,5.29,1
2258,DECODE,37,0,37,2306.95,5.30,1
2259,DECODE,37,0,37,2307.95,5.31,1
2260,DECODE,37,0,37,2308.95,5.83,1
2261,DECODE,37,0,37,2309.95,5.31,1
2262,DECODE,37,0,37,2310.95,5.31,1
2263,DECODE,37,0,37,2311.95,5.24,1
2264,DECODE,37,0,37,2312.95,5.31,1
2265,DECODE,37,0,37,2313.95,5.32,1
2266,DECODE,37,0,37,2314.95,5.55,1
2267,DECODE,37,0,37,2315.95,5.63,1
2268,DECODE,37,0,37,2316.95,5.70,1
2269,DECODE,37,0,37,2317.95,5.74,1
2270,DECODE,37,0,37,2318.95,5.75,1
2271,DECODE,37,0,37,2319.95,5.73,1
2272,DECODE,37,0,37,2320.95,5.79,1
2273,DECODE,37,0,37,2321.95,5.68,1
2274,DECODE,37,0,37,2322.95,5.64,1
2275,DECODE,37,0,37,2323.95,5.63,1
2276,DECODE,37,0,37,2324.95,5.61,1
2277,DECODE,37,0,37,2325.95,5.52,1
2278,DECODE,37,0,37,2326.95,5.62,1
2279,DECODE,37,0,37,2327.95,5.62,1
2280,DECODE,37,0,37,2328.95,5.74,1
2281,DECODE,37,0,37,2329.95,5.71,1
2282,DECODE,37,0,37,2330.95,5.69,1
2283,DECODE,37,0,37,2331.95,5.72,1
2284,DECODE,37,0,37,2332.95,6.56,1
2285,DECODE,37,0,37,2333.95,5.67,1
2286,DECODE,37,0,37,2334.95,5.70,1
2287,DECODE,37,0,37,2335.95,5.74,1
2288,DECODE,37,0,37,2336.95,5.70,1
2289,DECODE,37,0,37,2337.95,5.60,1
2290,DECODE,37,0,37,2338.95,5.68,1
2291,DECODE,37,0,37,2339.95,5.76,1
2292,DECODE,37,0,37,2340.95,5.73,1
2293,DECODE,37,0,37,2341.95,5.78,1
2294,DECODE,37,0,37,2342.95,5.79,1
2295,DECODE,37,0,37,2343.95,5.57,1
2296,DECODE,37,0,37,2344.95,5.55,1
2297,DECODE,37,0,37,2345.95,5.54,1
2298,DECODE,37,0,37,2346.95,5.54,1
2299,DECODE,37,0,37,2347.95,5.18,1
2300,DECODE,37,0,37,2348.95,5.14,1
2301,DECODE,37,0,37,2349.95,5.10,1
2302,DECODE,37,0,37,2350.95,5.10,1
2303,DECODE,37,0,37,2351.95,5.10,1
2304,DECODE,37,0,37,2352.95,5.17,1
2305,DECODE,37,0,37,2353.95,5.75,1
2306,DECODE,37,0,37,2354.95,5.57,1
2307,DECODE,37,0,37,2355.95,5.60,1
2308,DECODE,37,0,37,2356.95,5.60,1
2309,DECODE,37,0,37,2357.95,5.57,1
2310,DECODE,37,0,37,2358.95,5.59,1
2311,DECODE,37,0,37,2359.95,5.56,1
2312,DECODE,37,0,37,2360.95,5.55,1
2313,DECODE,37,0,37,2361.95,5.55,1
2314,DECODE,37,0,37,2362.95,5.55,1
2315,DECODE,37,0,37,2363.95,5.56,1
2316,DECODE,37,0,37,2364.95,5.55,1
2317,DECODE,37,0,37,2365.95,5.58,1
2318,DECODE,37,0,37,2366.95,5.54,1
2319,DECODE,37,0,37,2367.95,5.61,1
2320,DECODE,37,0,37,2368.95,5.59,1
2321,DECODE,37,0,37,2369.95,5.17,1
2322,DECODE,37,0,37,2370.95,5.57,1
2323,DECODE,37,0,37,2371.95,5.15,1
2324,DECODE,37,0,37,2372.95,5.12,1
2325,DECODE,37,0,37,2373.95,5.17,1
2326,DECODE,37,0,37,2374.95,5.13,1
2327,DECODE,33,0,33,2353.52,5.27,1
2328,DECODE,33,0,33,2354.52,5.26,1
2329,DECODE,33,0,33,2355.52,5.13,1
2330,DECODE,33,0,33,2356.52,5.16,1
2331,DECODE,33,0,33,2357.52,5.15,1
2332,DECODE,33,0,33,2358.52,5.14,1
2333,DECODE,33,0,33,2359.52,5.12,1
2334,DECODE,33,0,33,2360.52,5.13,1
2335,DECODE,33,0,33,2361.52,5.19,1
2336,DECODE,33,0,33,2362.52,5.11,1
2337,DECODE,33,0,33,2363.52,5.14,1
2338,DECODE,33,0,33,2364.52,5.07,1
2339,DECODE,33,0,33,2365.52,5.10,1
2340,DECODE,33,0,33,2366.52,5.17,1
2341,DECODE,33,0,33,2367.52,5.20,1
2342,DECODE,33,0,33,2368.52,5.19,1
2343,DECODE,33,0,33,2369.52,5.13,1
2344,DECODE,33,0,33,2370.52,5.11,1
2345,DECODE,33,0,33,2371.52,5.27,1
2346,DECODE,33,0,33,2372.52,5.26,1
2347,DECODE,33,0,33,2373.52,5.29,1
2348,DECODE,33,0,33,2374.52,5.24,1
2349,DECODE,33,0,33,2375.52,6.28,1
2350,DECODE,33,0,33,2376.52,5.25,1
2351,DECODE,33,0,33,2377.52,5.18,1
2352,DECODE,33,0,33,2378.52,5.15,1
2353,DECODE,33,0,33,2379.52,5.11,1
2354,DECODE,33,0,33,2380.52,5.16,1
2355,DECODE,32,0,32,2384.66,5.18,1
2356,DECODE,32,0,32,2385.66,4.99,1
2357,DECODE,32,0,32,2386.66,4.94,1
2358,DECODE,32,0,32,2387.66,4.98,1
2359,DECODE,32,0,32,2388.66,5.02,1
2360,DECODE,32,0,32,2389.66,4.98,1
2361,DECODE,32,0,32,2390.66,4.99,1
2362,DECODE,32,0,32,2391.66,5.02,1
2363,DECODE,32,0,32,2392.66,4.94,1
2364,DECODE,32,0,32,2393.66,5.09,1
2365,DECODE,31,0,31,2398.00,5.16,1
2366,DECODE,31,0,31,2399.00,5.07,1
2367,DECODE,31,0,31,2400.00,5.00,1
2368,DECODE,31,0,31,2401.00,5.08,1
2369,DECODE,31,0,31,2402.00,5.02,1
2370,DECODE,31,0,31,2403.00,5.00,1
2371,DECODE,31,0,31,2404.00,5.17,1
2372,DECODE,31,0,31,2405.00,5.14,1
2373,DECODE,31,0,31,2406.00,5.84,1
2374,DECODE,31,0,31,2407.00,5.17,1
2375,DECODE,31,0,31,2408.00,5.14,1
2376,DECODE,31,0,31,2409.00,5.21,1
2377,DECODE,31,0,31,2410.00,5.13,1
2378,DECODE,31,0,31,2411.00,5.19,1
2379,DECODE,31,0,31,2412.00,5.16,1
2380,DECODE,31,0,31,2413.00,5.16,1
2381,DECODE,31,0,31,2414.00,5.15,1
2382,DECODE,31,0,31,2415.00,5.16,1
2383,DECODE,31,0,31,2416.00,5.11,1
2384,DECODE,31,0,31,2417.00,5.02,1
2385,DECODE,31,0,31,2418.00,5.08,1
2386,DECODE,31,0,31,2419.00,5.13,1
2387,DECODE,31,0,31,2420.00,5.04,1
2388,DECODE,31,0,31,2421.00,5.04,1
2389,DECODE,31,0,31,2422.00,5.00,1
2390,DECODE,31,0,31,2423.00,5.13,1
2391,DECODE,31,0,31,2424.00,5.13,1
2392,DECODE,31,0,31,2425.00,5.06,1
2393,DECODE,31,0,31,2426.00,5.07,1
2394,DECODE,31,0,31,2427.00,5.04,1
2395,DECODE,31,0,31,2428.00,5.15,1
2396,DECODE,31,0,31,2429.00,5.19,1
2397,DECODE,31,0,31,2430.00,5.12,1
2398,DECODE,31,0,31,2431.00,5.19,1
2399,DECODE,31,0,31,2432.00,5.07,1
2400,DECODE,31,0,31,2433.00,5.21,1
2401,DECODE,31,0,31,2434.00,5.04,1
2402,DECODE,31,0,31,2435.00,5.02,1
2403,DECODE,31,0,31,2436.00,5.02,1
2404,DECODE,31,0,31,2437.00,5.16,1
2405,DECODE,31,0,31,2438.00,5.18,1
2406,DECODE,31,0,31,2439.00,5.07,1
2407,DECODE,31,0,31,2440.00,5.02,1
2408,DECODE,31,0,31,2441.00,5.15,1
2409,DECODE,31,0,31,2442.00,5.12,1
2410,DECODE,31,0,31,2443.00,5.05,1
2411,DECODE,31,0,31,2444.00,4.99,1
2412,DECODE,31,0,31,2445.00,5.01,1
2413,DECODE,31,0,31,2446.00,5.18,1
2414,DECODE,31,0,31,2447.00,5.03,1
2415,DECODE,31,0,31,2448.00,5.00,1
2416,DECODE,31,0,31,2449.00,4.99,1
2417,DECODE,31,0,31,2450.00,4.95,1
2418,DECODE,31,0,31,2451.00,4.97,1
2419,DECODE,31,0,31,2452.00,4.96,1
2420,DECODE,31,0,31,2453.00,4.93,1
2421,DECODE,31,0,31,2454.00,4.94,1
2422,DECODE,31,0,31,2455.00,4.93,1
2423,DECODE,31,0,31,2456.00,4.96,1
2424,DECODE,31,0,31,2457.00,4.26,1
2425,DECODE,31,0,31,2458.00,4.20,1
2426,DECODE,31,0,31,2459.00,4.19,1
2427,DECODE,31,0,31,2460.00,4.25,1
2428,DECODE,31,0,31,2461.00,4.20,1
2429,DECODE,31,0,31,2462.00,4.25,1
2430,DECODE,31,0,31,2463.00,4.26,1
2431,DECODE,31,0,31,2464.00,4.19,1
2432,DECODE,31,0,31,2465.00,4.18,1
2433,DECODE,31,0,31,2466.00,4.76,1
2434,DECODE,31,0,31,2467.00,4.72,1
2435,DECODE,31,0,31,2468.00,4.61,1
2436,DECODE,31,0,31,2469.00,4.73,1
2437,DECODE,31,0,31,2470.00,4.23,1
2438,DECODE,31,0,31,2471.00,4.79,1
2439,DECODE,31,0,31,2472.00,4.74,1
2440,DECODE,31,0,31,2473.00,4.65,1
2441,DECODE,31,0,31,2474.00,4.73,1
2442,DECODE,31,0,31,2475.00,4.73,1
2443,DECODE,31,0,31,2476.00,4.60,1
2444,DECODE,31,0,31,2477.00,4.73,1
2445,DECODE,31,0,31,2478.00,4.70,1
2446,DECODE,31,0,31,2479.00,4.62,1
2447,DECODE,31,0,31,2480.00,4.30,1
2448,DECODE,31,0,31,2481.00,4.28,1
2449,DECODE,31,0,31,2482.00,4.23,1
2450,DECODE,31,0,31,2483.00,4.93,1
2451,DECODE,31,0,31,2484.00,4.27,1
2452,DECODE,31,0,31,2485.00,4.28,1
2453,DECODE,31,0,31,2486.00,4.26,1
2454,DECODE,31,0,31,2487.00,4.20,1
2455,DECODE,31,0,31,2488.00,4.21,1
2456,DECODE,31,0,31,2489.00,4.83,1
2457,DECODE,31,0,31,2490.00,5.23,1
2458,DECODE,31,0,31,2491.00,4.24,1
2459,DECODE,31,0,31,2492.00,4.73,1
2460,DECODE,31,0,31,2493.00,4.84,1
2461,DECODE,31,0,31,2494.00,4.77,1
2462,DECODE,31,0,31,2495.00,4.77,1
2463,DECODE,31,0,31,2496.00,4.62,1
2464,DECODE,31,0,31,2497.00,4.83,1
2465,DECODE,31,0,31,2498.00,4.73,1
2466,DECODE,31,0,31,2499.00,4.19,1
2467,DECODE,31,0,31,2500.00,4.25,1
2468,DECODE,31,0,31,2501.00,4.19,1
2469,DECODE,31,0,31,2502.00,4.15,1
2470,DECODE,31,0,31,2503.00,4.22,1
2471,DECODE,31,0,31,2504.00,4.19,1
2472,DECODE,31,0,31,2505.00,4.20,1
2473,DECODE,30,0,30,2504.17,4.24,1
2474,DECODE,27,0,27,2498.96,4.04,1
2475,DECODE,27,0,27,2499.96,4.08,1
2476,DECODE,27,0,27,2500.96,4.13,1
2477,DECODE,27,0,27,2501.96,4.15,1
2478,DECODE,23,0,23,2492.87,5.27,1
2479,DECODE,23,0,23,2493.87,4.26,1
2480,DECODE,23,0,23,2494.87,4.67,1
2481,DECODE,23,0,23,2495.87,4.77,1
2482,DECODE,23,0,23,2496.87,4.33,1
2483,DECODE,23,0,23,2497.87,4.23,1
2484,DECODE,23,0,23,2498.87,4.25,1
2485,DECODE,23,0,23,2499.87,4.26,1
2486,DECODE,23,0,23,2500.87,4.20,1
2487,DECODE,23,0,23,2501.87,4.15,1
2488,DECODE,23,0,23,2502.87,4.69,1
2489,DECODE,23,0,23,2503.87,4.67,1
2490,DECODE,23,0,23,2504.87,4.60,1
2491,DECODE,23,0,23,2505.87,4.49,1
2492,DECODE,23,0,23,2506.87,4.62,1
2493,DECODE,23,0,23,2507.87,4.60,1
2494,DECODE,23,0,23,2508.87,4.25,1
2495,DECODE,23,0,23,2509.87,4.17,1
2496,DECODE,23,0,23,2510.87,4.20,1
2497,DECODE,23,0,23,2511.87,5.30,1
2498,DECODE,23,0,23,2512.87,4.87,1
2499,DECODE,23,0,23,2513.87,4.73,1
2500,DECODE,23,0,23,2514.87,4.73,1
2501,DECODE,23,0,23,2515.87,4.69,1
2502,DECODE,23,0,23,2516.87,4.77,1
2503,DECODE,23,0,23,2517.87,4.73,1
2504,DECODE,23,0,23,2518.87,4.99,1
2505,DECODE,23,0,23,2519.87,4.99,1
2506,DECODE,23,0,23,2520.87,4.98,1
2507,DECODE,23,0,23,2521.87,5.01,1
2508,DECODE,23,0,23,2522.87,4.97,1
2509,DECODE,23,0,23,2523.87,4.99,1
2510,DECODE,23,0,23,2524.87,5.04,1
2511,DECODE,19,0,19,2518.47,4.54,1
2512,DECODE,19,0,19,2519.47,3.99,1
2513,DECODE,19,0,19,2520.47,5.19,1
2514,DECODE,19,0,19,2521.47,4.78,1
2515,DECODE,19,0,19,2522.47,4.45,1
2516,DECODE,19,0,19,2523.47,4.45,1
2517,DECODE,19,0,19,2524.47,4.39,1
2518,DECODE,19,0,19,2525.47,4.34,1
2519,DECODE,15,0,15,2517.27,5.55,1
2520,DECODE,15,0,15,2518.27,4.18,1
2521,DECODE,15,0,15,2519.27,4.15,1
2522,DECODE,11,0,11,2505.45,6.03,1
2523,DECODE,11,0,11,2506.45,4.27,1
2524,DECODE,11,0,11,2507.45,3.57,1
2525,DECODE,11,0,11,2508.45,3.56,1
2526,DECODE,11,0,11,2509.45,3.58,1
2527,DECODE,11,0,11,2510.45,4.03,1
2528,DECODE,11,0,11,2511.45,3.97,1
2529,DECODE,11,0,11,2512.45,3.92,1
2530,DECODE,11,0,11,2513.45,3.91,1
2531,DECODE,11,0,11,2514.45,3.92,1
2532,DECODE,11,0,11,2515.45,3.94,1
2533,DECODE,11,0,11,2516.45,3.88,1
2534,DECODE,11,0,11,2517.45,3.89,1
2535,DECODE,11,0,11,2518.45,3.96,1
2536,DECODE,11,0,11,2519.45,4.27,1
2537,DECODE,11,0,11,2520.45,4.03,1
2538,DECODE,11,0,11,2521.45,3.97,1
2539,DECODE,11,0,11,2522.45,3.96,1
2540,DECODE,11,0,11,2523.45,4.03,1
2541,DECODE,11,0,11,2524.45,3.93,1
2542,DECODE,11,0,11,2525.45,3.90,1
2543,DECODE,11,0,11,2526.45,3.93,1
2544,DECODE,11,0,11,2527.45,3.78,1
2545,DECODE,11,0,11,2528.45,3.84,1
2546,DECODE,11,0,11,2529.45,3.90,1
2547,DECODE,11,0,11,2530.45,3.95,1
2548,DECODE,7,0,7,2514.57,5.35,1
2549,DECODE,7,0,7,2515.57,4.01,1
2550,DECODE,7,0,7,2516.57,3.82,1
2551,DECODE,7,0,7,2517.57,4.77,1
2552,DECODE,7,0,7,2518.57,4.06,1
2553,DECODE,7,0,7,2519.57,5.09,1
2554,DECODE,7,0,7,2520.57,4.28,1
2555,DECODE,7,0,7,2521.57,3.43,1
2556,DECODE,7,0,7,2522.57,3.48,1
2557,DECODE,6,0,6,2530.33,3.35,1
2558,DECODE,6,0,6,2531.33,3.43,1
2559,DECODE,6,0,6,2532.33,3.44,1
2560,DECODE,6,0,6,2533.33,4.16,1
2561,DECODE,6,0,6,2534.33,3.79,1
2562,DECODE,6,0,6,2535.33,3.35,1
2563,DECODE,6,0,6,2536.33,3.30,1
2564,DECODE,6,0,6,2537.33,3.36,1
2565,DECODE,6,0,6,2538.33,3.30,1
2566,DECODE,6,0,6,2539.33,3.23,1
2567,DECODE,6,0,6,2540.33,3.26,1
2568,DECODE,6,0,6,2541.33,3.23,1
2569,DECODE,6,0,6,2542.33,3.22,1
2570,DECODE,6,0,6,2543.33,3.21,1
2571,DECODE,6,0,6,2544.33,3.24,1
2572,DECODE,4,0,4,2537.50,4.04,1
2573,DECODE,4,0,4,2538.50,3.08,1
2574,DECODE,4,0,4,2539.50,3.07,1
2575,DECODE,4,0,4,2540.50,3.08,1
2576,DECODE,4,0,4,2541.50,3.10,1
2577,DECODE,4,0,4,2542.50,3.07,1
2578,DECODE,4,0,4,2543.50,3.09,1
2579,DECODE,2,0,2,2528.00,4.23,1
2580,DECODE,2,0,2,2529.00,3.04,1
2581,DECODE,2,0,2,2530.00,2.96,1
2582,DECODE,2,0,2,2531.00,3.41,1
2583,DECODE,2,0,2,2532.00,3.41,1
2584,DECODE,2,0,2,2533.00,3.43,1
2585,DECODE,2,0,2,2534.00,3.47,1
2586,DECODE,2,0,2,2535.00,3.44,1
2587,DECODE,2,0,2,2536.00,3.42,1
2588,DECODE,2,0,2,2537.00,3.43,1
2589,DECODE,1,0,1,2515.00,13.36,1
2590,DECODE,1,0,1,2516.00,3.00,1
2591,DECODE,1,0,1,2517.00,2.92,1
2592,DECODE,1,0,1,2518.00,2.81,1
2593,DECODE,1,0,1,2519.00,2.85,1
2594,DECODE,1,0,1,2520.00,2.78,1
2595,DECODE,1,0,1,2521.00,2.82,1
2596,DECODE,1,0,1,2522.00,2.81,1
2597,DECODE,1,0,1,2523.00,2.84,1
2598,DECODE,1,0,1,2524.00,2.83,1
2599,DECODE,1,0,1,2525.00,2.84,1
2600,DECODE,1,0,1,2526.00,2.82,1
2601,DECODE,1,0,1,2527.00,2.82,1
2602,DECODE,1,0,1,2528.00,2.87,1
2603,DECODE,1,0,1,2529.00,2.86,1
2604,DECODE,1,0,1,2530.00,2.82,1
2605,DECODE,1,0,1,2531.00,2.85,1
2606,DECODE,1,0,1,2532.00,3.33,1
2607,DECODE,1,0,1,2533.00,3.10,1
2608,DECODE,1,0,1,2534.00,2.82,1
2609,DECODE,1,0,1,2535.00,2.93,1
2610,DECODE,1,0,1,2536.00,2.78,1
2611,DECODE,1,0,1,2537.00,2.79,1
2612,DECODE,1,0,1,2538.00,2.81,1
2613,DECODE,1,0,1,2539.00,2.82,1
2614,DECODE,1,0,1,2540.00,2.78,1
2615,DECODE,1,0,1,2541.00,2.78,1
2616,DECODE,1,0,1,2542.00,2.80,1
2617,DECODE,1,0,1,2543.00,2.78,1
2618,DECODE,1,0,1,2544.00,2.87,1
2619,DECODE,1,0,1,2545.00,2.81,1
2620,DECODE,1,0,1,2546.00,2.79,1
2621,DECODE,1,0,1,2547.00,2.93,1
2622,DECODE,1,0,1,2548.00,2.85,1
2623,DECODE,1,0,1,2549.00,2.85,1
2624,DECODE,1,0,1,2550.00,2.84,1
2625,DECODE,1,0,1,2551.00,2.87,1
2626,DECODE,1,0,1,2552.00,2.84,1
2627,DECODE,1,0,1,2553.00,2.84,1
2628,DECODE,1,0,1,2554.00,2.82,1
2629,DECODE,1,0,1,2555.00,2.84,1
2630,DECODE,1,0,1,2556.00,2.86,1
2631,DECODE,1,0,1,2557.00,3.54,1
2632,DECODE,1,0,1,2558.00,3.37,1
2633,DECODE,1,0,1,2559.00,3.33,1
2634,DECODE,1,0,1,2560.00,3.39,1
2635,EXTEND,7,368,0,52.57,27.31,1
2636,EXTEND,126,8192,0,65.02,80.36,1
2637,EXTEND,3,101,0,52.00,41.88,1
2638,DECODE,135,0,135,65.21,5.85,1
2639,DECODE,135,0,135,66.21,4.77,1
2640,DECODE,135,0,135,67.21,4.59,1
2641,DECODE,135,0,135,68.21,4.60,1
2642,DECODE,135,0,135,69.21,4.59,1
2643,DECODE,135,0,135,70.21,4.58,1
2644,DECODE,135,0,135,71.21,4.60,1
2645,DECODE,135,0,135,72.21,4.87,1
2646,DECODE,135,0,135,73.21,4.63,1
2647,DECODE,135,0,135,74.21,4.62,1
2648,DECODE,135,0,135,75.21,4.59,1
2649,DECODE,135,0,135,76.21,4.71,1
2650,DECODE,135,0,135,77.21,4.60,1
2651,DECODE,135,0,135,78.21,4.65,1
2652,DECODE,135,0,135,79.21,4.65,1
2653,DECODE,135,0,135,80.21,4.65,1
2654,DECODE,135,0,135,81.21,4.60,1
2655,DECODE,135,0,135,82.21,4.62,1
2656,DECODE,135,0,135,83.21,4.64,1
2657,DECODE,135,0,135,84.21,4.60,1
2658,DECODE,135,0,135,85.21,4.68,1
2659,DECODE,135,0,135,86.21,4.64,1
2660,DECODE,135,0,135,87.21,4.63,1
2661,DECODE,135,0,135,88.21,4.70,1
2662,DECODE,135,0,135,89.21,4.60,1
2663,DECODE,135,0,135,90.21,4.64,1
2664,DECODE,135,0,135,91.21,4.63,1
2665,DECODE,135,0,135,92.21,4.63,1
2666,DECODE,135,0,135,93.21,4.61,1
2667,DECODE,135,0,135,94.21,4.64,1
2668,DECODE,135,0,135,95.21,4.64,1
2669,DECODE,135,0,135,96.21,4.67,1
2670,DECODE,135,0,135,97.21,4.63,1
2671,DECODE,135,0,135,98.21,4.63,1
2672,DECODE,135,0,135,99.21,4.66,1
2673,DECODE,135,0,135,100.21,4.64,1
2674,DECODE,135,0,135,101.21,4.59,1
2675,DECODE,135,0,135,102.21,4.64,1
2676,DECODE,135,0,135,103.21,4.62,1
2677,DECODE,135,0,135,104.21,5.55,1
2678,DECODE,135,0,135,105.21,5.52,1
2679,DECODE,135,0,135,106.21,5.46,1
2680,DECODE,135,0,135,107.21,5.45,1
2681,DECODE,135,0,135,108.21,5.52,1
2682,DECODE,135,0,135,109.21,5.49,1
2683,DECODE,135,0,135,110.21,5.45,1
2684,DECODE,135,0,135,111.21,5.55,1
2685,DECODE,135,0,135,112.21,5.50,1
2686,DECODE,135,0,135,113.21,5.48,1
2687,DECODE,135,0,135,114.21,5.46,1
2688,DECODE,135,0,135,115.21,5.57,1
2689,DECODE,135,0,135,116.21,5.51,1
2690,DECODE,135,0,135,117.21,5.51,1
2691,DECODE,135,0,135,118.21,5.44,1
2692,DECODE,135,0,135,119.21,5.53,1
2693,DECODE,135,0,135,120.21,5.44,1
2694,DECODE,135,0,135,121.21,5.52,1
2695,DECODE,135,0,135,122.21,5.46,1
2696,DECODE,135,0,135,123.21,5.56,1
2697,DECODE,135,0,135,124.21,5.50,1
2698,DECODE,135,0,135,125.21,5.53,1
2699,DECODE,135,0,135,126.21,5.55,1
2700,DECODE,135,0,135,127.21,5.55,1
2701,DECODE,135,0,135,128.21,5.48,1
2702,DECODE,135,0,135,129.21,6.21,1
2703,DECODE,135,0,135,130.21,5.77,1
2704,DECODE,135,0,135,131.21,5.61,1
2705,DECODE,135,0,135,132.21,5.58,1
2706,DECODE,135,0,135,133.21,5.48,1
2707,DECODE,135,0,135,134.21,5.65,1
2708,DECODE,135,0,135,135.21,5.64,1
2709,DECODE,135,0,135,136.21,5.63,1
2710,DECODE,135,0,135,137.21,5.62,1
2711,DECODE,135,0,135,138.21,5.60,1
2712,DECODE,135,0,135,139.21,5.59,1
2713,DECODE,135,0,135,140.21,5.62,1
2714,DECODE,135,0,135,141.21,5.61,1
2715,DECODE,135,0,135,142.21,5.61,1
2716,DECODE,135,0,135,143.21,5.60,1
2717,DECODE,135,0,135,144.21,5.60,1
2718,DECODE,135,0,135,145.21,5.71,1
2719,DECODE,135,0,135,146.21,5.64,1
2720,DECODE,135,0,135,147.21,5.65,1
2721,DECODE,135,0,135,148.21,5.64,1
2722,DECODE,135,0,135,149.21,4.92,1
2723,DECODE,135,0,135,150.21,5.63,1
2724,DECODE,135,0,135,151.21,5.69,1
2725,DECODE,135,0,135,152.21,5.70,1
2726,DECODE,135,0,135,153.21,5.69,1
2727,DECODE,135,0,135,154.21,5.69,1
2728,DECODE,135,0,135,155.21,5.66,1
2729,DECODE,135,0,135,156.21,5.73,1
2730,DECODE,135,0,135,157.21,5.75,1
2731,DECODE,135,0,135,158.21,5.73,1
2732,DECODE,135,0,135,159.21,5.83,1
2733,DECODE,135,0,135,160.21,5.73,1
2734,DECODE,135,0,135,161.21,5.70,1
2735,EXTEND,1,32,0,41.00,35.19,1
2736,EXTEND,121,8192,0,73.36,47.44,1
2737,EXTEND,116,8192,0,76.03,49.14,1
2738,EXTEND,128,8192,0,70.23,52.33,1
2739,EXTEND,127,8192,0,70.46,49.88,1
2740,EXTEND,115,8192,0,77.67,49.30,1
2741,EXTEND,96,8192,0,90.70,46.75,1
2742,EXTEND,102,8192,0,86.17,48.00,1
2743,EXTEND,66,5419,0,87.53,42.18,1
2744,DECODE,1000,0,1000,90.36,28.63,1
2745,DECODE,1000,0,1000,91.36,27.78,1
2746,DECODE,1000,0,1000,92.36,18.19,1
2747,DECODE,1000,0,1000,93.36,18.35,1
2748,DECODE,1000,0,1000,94.36,17.69,1
2749,DECODE,1000,0,1000,95.36,17.59,1
2750,DECODE,1000,0,1000,96.36,17.79,1
2751,DECODE,1000,0,1000,97.36,21.00,1
2752,DECODE,1000,0,1000,98.36,18.48,1
2753,DECODE,1000,0,1000,99.36,18.18,1
2754,DECODE,1000,0,1000,100.36,17.52,1
2755,DECODE,1000,0,1000,101.36,17.50,1
2756,DECODE,1000,0,1000,102.36,17.83,1
2757,DECODE,1000,0,1000,103.36,18.84,1
2758,DECODE,1000,0,1000,104.36,17.49,1
2759,DECODE,1000,0,1000,105.36,18.54,1
2760,DECODE,1000,0,1000,106.36,17.87,1
2761,DECODE,1000,0,1000,107.36,17.71,1
2762,DECODE,1000,0,1000,108.36,17.75,1
2763,DECODE,1000,0,1000,109.36,17.66,1
2764,DECODE,1000,0,1000,110.36,18.19,1
2765,DECODE,1000,0,1000,111.36,17.62,1
2766,DECODE,1000,0,1000,112.36,17.31,1
2767,DECODE,1000,0,1000,113.36,17.38,1
2768,DECODE,1000,0,1000,114.36,17.42,1
2769,DECODE,1000,0,1000,115.36,28.09,1
2770,DECODE,1000,0,1000,116.36,25.83,1
2771,DECODE,1000,0,1000,117.36,18.17,1
2772,DECODE,1000,0,1000,118.36,17.68,1
2773,DECODE,1000,0,1000,119.36,17.78,1
2774,DECODE,1000,0,1000,120.36,18.77,1
2775,DECODE,1000,0,1000,121.36,17.94,1
2776,DECODE,1000,0,1000,122.36,18.16,1
2777,DECODE,1000,0,1000,123.36,18.82,1
2778,DECODE,1000,0,1000,124.36,18.46,1
2779,DECODE,1000,0,1000,125.36,17.96,1
2780,DECODE,1000,0,1000,126.36,18.64,1
2781,DECODE,1000,0,1000,127.36,17.99,1
2782,DECODE,1000,0,1000,128.36,17.89,1
2783,DECODE,1000,0,1000,129.36,18.05,1
2784,DECODE,1000,0,1000,130.36,18.56,1
2785,DECODE,1000,0,1000,131.36,19.06,1
2786,DECODE,1000,0,1000,132.36,18.58,1
2787,DECODE,1000,0,1000,133.36,19.28,1
2788,DECODE,1000,0,1000,134.36,19.37,1
2789,DECODE,1000,0,1000,135.36,18.04,1
2790,DECODE,1000,0,1000,136.36,17.90,1
2791,DECODE,1000,0,1000,137.36,17.85,1
2792,DECODE,1000,0,1000,138.36,17.85,1
2793,DECODE,1000,0,1000,139.36,17.54,1
2794,DECODE,1000,0,1000,140.36,29.28,1
2795,DECODE,1000,0,1000,141.36,18.35,1
2796,DECODE,1000,0,1000,142.36,17.73,1
2797,DECODE,1000,0,1000,143.36,18.06,1
2798,DECODE,1000,0,1000,144.36,17.70,1
2799,DECODE,1000,0,1000,145.36,17.68,1
2800,DECODE,1000,0,1000,146.36,17.95,1
2801,DECODE,1000,0,1000,147.36,17.68,1
2802,DECODE,1000,0,1000,148.36,17.76,1
2803,DECODE,1000,0,1000,149.36,29.28,1
2804,DECODE,1000,0,1000,150.36,25.61,1
2805,DECODE,1000,0,1000,151.36,18.22,1
2806,DECODE,1000,0,1000,152.36,18.01,1
2807,DECODE,1000,0,1000,153.36,28.96,1
2808,DECODE,1000,0,1000,154.36,29.31,1
2809,DECODE,1000,0,1000,155.36,18.38,1
2810,DECODE,1000,0,1000,156.36,17.87,1
2811,DECODE,1000,0,1000,157.36,17.70,1
2812,DECODE,1000,0,1000,158.36,17.88,1
2813,DECODE,1000,0,1000,159.36,17.70,1
2814,DECODE,1000,0,1000,160.36,18.41,1
2815,DECODE,1000,0,1000,161.36,18.18,1
2816,DECODE,1000,0,1000,162.36,17.90,1
2817,DECODE,1000,0,1000,163.36,19.67,1
2818,DECODE,1000,0,1000,164.36,19.64,1
2819,DECODE,1000,0,1000,165.36,17.84,1
2820,DECODE,1000,0,1000,166.36,18.12,1
2821,DECODE,1000,0,1000,167.36,18.81,1
2822,DECODE,1000,0,1000,168.36,17.90,1
2823,DECODE,1000,0,1000,169.36,17.76,1
2824,DECODE,1000,0,1000,170.36,18.10,1
2825,DECODE,1000,0,1000,171.36,18.17,1
2826,DECODE,1000,0,1000,172.36,17.74,1
2827,DECODE,1000,0,1000,173.36,18.75,1
2828,DECODE,1000,0,1000,174.36,18.14,1
2829,DECODE,1000,0,1000,175.36,17.89,1
2830,DECODE,1000,0,1000,176.36,17.93,1
2831,DECODE,1000,0,1000,177.36,17.70,1
2832,DECODE,1000,0,1000,178.36,17.77,1
2833,DECODE,1000,0,1000,179.36,17.76,1
2834,DECODE,1000,0,1000,180.36,18.53,1
2835,DECODE,1000,0,1000,181.36,17.91,1
2836,DECODE,1000,0,1000,182.36,17.67,1
2837,DECODE,1000,0,1000,183.36,18.42,1
2838,DECODE,1000,0,1000,184.36,17.65,1
2839,DECODE,1000,0,1000,185.36,17.87,1
2840,DECODE,1000,0,1000,186.36,19.09,1
2841,DECODE,1000,0,1000,187.36,18.50,1
2842,DECODE,1000,0,1000,188.36,18.35,1
2843,DECODE,1000,0,1000,189.36,17.88,1
2844,DECODE,1000,0,1000,190.36,18.95,1
2845,DECODE,1000,0,1000,191.36,17.81,1
2846,DECODE,1000,0,1000,192.36,17.77,1
2847,DECODE,1000,0,1000,193.36,17.68,1
2848,DECODE,1000,0,1000,194.36,17.63,1
2849,DECODE,1000,0,1000,195.36,17.64,1
2850,DECODE,1000,0,1000,196.36,18.77,1
2851,DECODE,1000,0,1000,197.36,17.76,1
2852,DECODE,1000,0,1000,198.36,17.69,1
2853,DECODE,1000,0,1000,199.36,18.87,1
2854,DECODE,1000,0,1000,200.36,18.36,1
2855,DECODE,1000,0,1000,201.36,17.95,1
2856,DECODE,999,0,999,202.30,20.71,1
2857,EXTEND,1,196,0,202.00,23.96,1
2858,DECODE,1000,0,1000,203.30,17.66,1
2859,DECODE,1000,0,1000,204.30,17.68,1
2860,DECODE,1000,0,1000,205.30,17.57,1
2861,DECODE,1000,0,1000,206.30,19.40,1
2862,DECODE,999,0,999,207.35,20.09,1
2863,EXTEND,1,95,0,107.00,27.84,1
2864,DECODE,1000,0,1000,208.25,18.90,1
2865,DECODE,1000,0,1000,209.25,25.47,1
2866,DECODE,1000,0,1000,210.25,26.18,1
2867,DECODE,1000,0,1000,211.25,21.50,1
2868,DECODE,1000,0,1000,212.25,19.28,1
2869,DECODE,1000,0,1000,213.25,18.08,1
2870,DECODE,1000,0,1000,214.25,18.12,1
2871,DECODE,1000,0,1000,215.25,17.85,1
2872,DECODE,1000,0,1000,216.25,18.27,1
2873,DECODE,1000,0,1000,217.25,18.02,1
2874,DECODE,1000,0,1000,218.25,18.71,1
2875,DECODE,1000,0,1000,219.25,20.61,1
2876,DECODE,1000,0,1000,220.25,17.88,1
2877,DECODE,1000,0,1000,221.25,17.97,1
2878,DECODE,1000,0,1000,222.25,17.87,1
2879,DECODE,1000,0,1000,223.25,18.45,1
2880,DECODE,1000,0,1000,224.25,18.09,1
2881,DECODE,1000,0,1000,225.25,17.85,1
2882,DECODE,999,0,999,226.26,17.99,1
2883,EXTEND,1,41,0,50.00,24.79,1
2884,EXTEND,1,87,0,91.00,29.91,1
2885,EXTEND,1,65,0,71.00,42.03,1
2886,DECODE,1000,0,1000,226.90,19.12,1
2887,DECODE,1000,0,1000,227.90,19.24,1
2888,DECODE,1000,0,1000,228.90,18.79,1
2889,DECODE,1000,0,1000,229.90,17.48,1
2890,DECODE,1000,0,1000,230.90,18.09,1
2891,DECODE,1000,0,1000,231.90,17.62,1
2892,DECODE,999,0,999,232.96,17.79,1
2893,EXTEND,1,68,0,82.00,24.84,1
2894,DECODE,1000,0,1000,233.81,17.87,1
2895,DECODE,1000,0,1000,234.81,17.36,1
2896,DECODE,1000,0,1000,235.81,18.16,1
2897,DECODE,1000,0,1000,236.81,17.93,1
2898,DECODE,1000,0,1000,237.81,17.57,1
2899,DECODE,1000,0,1000,238.81,17.77,1
2900,DECODE,1000,0,1000,239.81,18.04,1
2901,DECODE,1000,0,1000,240.81,17.63,1
2902,DECODE,1000,0,1000,241.81,17.62,1
2903,DECODE,1000,0,1000,242.81,18.00,1
2904,DECODE,1000,0,1000,243.81,17.83,1
2905,DECODE,999,0,999,244.83,18.08,1
2906,EXTEND,1,63,0,68.00,23.22,1
2907,DECODE,999,0,999,245.57,18.04,1
2908,EXTEND,1,76,0,81.00,26.35,1
2909,DECODE,1000,0,1000,246.40,18.28,1
2910,DECODE,1000,0,1000,247.40,18.01,1
2911,DECODE,1000,0,1000,248.40,17.94,1
2912,DECODE,999,0,999,249.45,18.05,1
2913,EXTEND,1,58,0,64.00,20.91,1
2914,DECODE,1000,0,1000,250.27,17.51,1
2915,DECODE,1000,0,1000,251.27,18.29,1
2916,DECODE,1000,0,1000,252.27,18.20,1
2917,DECODE,999,0,999,253.32,17.91,1
2918,EXTEND,1,69,0,73.00,25.03,1
2919,DECODE,999,0,999,254.19,17.67,1
2920,EXTEND,1,95,0,99.00,28.33,1
2921,DECODE,1000,0,1000,255.03,24.21,1
2922,DECODE,1000,0,1000,256.03,18.82,1
2923,DECODE,1000,0,1000,257.03,17.90,1
2924,DECODE,1000,0,1000,258.03,17.68,1
2925,DECODE,999,0,999,258.98,18.03,1
2926,EXTEND,1,33,0,38.00,20.15,1
2927,DECODE,999,0,999,259.79,18.12,1
2928,EXTEND,1,66,0,70.00,26.89,1
2929,DECODE,1000,0,1000,260.60,19.00,1
2930,DECODE,1000,0,1000,261.60,17.47,1
2931,DECODE,1000,0,1000,262.60,17.64,1
2932,DECODE,999,0,999,263.62,17.82,1
2933,EXTEND,1,66,0,72.00,16.17,1
2934,EXTEND,2,169,0,88.50,25.57,1
2935,EXTEND,1,68,0,72.00,16.26,1
2936,DECODE,1000,0,1000,263.90,17.53,1
2937,DECODE,1000,0,1000,264.90,17.77,1
2938,DECODE,998,0,998,265.88,20.56,1
2939,EXTEND,2,144,0,77.50,16.06,1
2940,DECODE,999,0,999,266.51,17.91,1
2941,EXTEND,1,36,0,42.00,21.01,1
2942,DECODE,999,0,999,267.32,18.02,1
2943,EXTEND,1,242,0,247.00,43.91,1
2944,DECODE,999,0,999,268.32,21.71,1
2945,EXTEND,1,84,0,90.00,26.50,1
2946,DECODE,999,0,999,269.17,17.83,1
2947,EXTEND,1,53,0,58.00,20.34,1
2948,DECODE,999,0,999,270.00,18.32,1
2949,EXTEND,1,86,0,91.00,26.52,1
2950,DECODE,1000,0,1000,270.82,17.54,1
2951,DECODE,1000,0,1000,271.82,17.70,1
2952,DECODE,1000,0,1000,272.82,18.88,1
2953,DECODE,1000,0,1000,273.82,18.15,1
2954,DECODE,1000,0,1000,274.82,17.81,1
2955,DECODE,1000,0,1000,275.82,17.95,1
2956,DECODE,998,0,998,276.81,18.74,1
2957,EXTEND,2,106,0,74.50,27.51,1
2958,DECODE,1000,0,1000,277.41,17.66,1
2959,DECODE,1000,0,1000,278.41,28.63,1
2960,DECODE,998,0,998,279.45,24.99,1
2961,EXTEND,2,171,0,91.50,23.94,1
2962,DECODE,999,0,999,280.11,17.93,1
2963,EXTEND,1,89,0,93.00,27.25,1
2964,DECODE,998,0,998,280.91,18.24,1
2965,EXTEND,2,142,0,77.00,23.16,1
2966,DECODE,999,0,999,281.54,19.09,1
2967,EXTEND,1,62,0,66.00,21.25,1
2968,DECODE,1000,0,1000,282.32,18.73,1
2969,DECODE,1000,0,1000,283.32,17.89,1
2970,DECODE,999,0,999,284.34,18.17,1
2971,EXTEND,1,37,0,40.00,20.94,1
2972,DECODE,997,0,997,285.08,21.06,1
2973,DECODE,997,0,997,286.08,18.17,1
2974,EXTEND,3,417,0,142.67,23.57,1
2975,EXTEND,1,68,0,72.00,17.10,1
2976,DECODE,1000,0,1000,286.43,17.86,1
2977,DECODE,1000,0,1000,287.43,17.77,1
2978,DECODE,1000,0,1000,288.43,17.85,1
2979,DECODE,999,0,999,289.47,18.22,1
2980,EXTEND,1,92,0,96.00,26.15,1
2981,EXTEND,3,278,0,97.67,23.49,1
2982,EXTEND,2,83,0,53.00,25.43,1
2983,DECODE,1000,0,1000,289.40,17.63,1
2984,DECODE,1000,0,1000,290.40,17.77,1
2985,DECODE,1000,0,1000,291.40,18.84,1
2986,DECODE,1000,0,1000,292.40,17.73,1
2987,DECODE,999,0,999,293.44,18.15,1
2988,EXTEND,1,94,0,98.00,26.11,1
2989,DECODE,998,0,998,294.31,18.12,1
2990,EXTEND,2,105,0,57.00,27.95,1
2991,DECODE,1000,0,1000,294.83,17.57,1
2992,DECODE,1000,0,1000,295.83,17.72,1
2993,DECODE,997,0,997,296.75,18.04,1
2994,EXTEND,3,345,0,118.00,25.32,1
2995,EXTEND,1,119,0,122.00,29.60,1
2996,DECODE,1000,0,1000,297.07,18.78,1
2997,DECODE,1000,0,1000,298.07,18.09,1
2998,DECODE,1000,0,1000,299.07,17.82,1
2999,DECODE,999,0,999,300.10,17.96,1
3000,EXTEND,1,53,0,60.00,16.17,1
3001,EXTEND,1,106,0,111.00,15.98,1
3002,EXTEND,1,62,0,69.00,15.79,1
3003,DECODE,1000,0,1000,300.49,17.74,1
3004,DECODE,1000,0,1000,301.49,19.02,1
3005,DECODE,1000,0,1000,302.49,18.11,1
3006,DECODE,1000,0,1000,303.49,17.84,1
3007,DECODE,999,0,999,304.49,18.22,1
3008,EXTEND,1,52,0,55.00,20.99,1
3009,DECODE,999,0,999,305.27,18.33,1
3010,EXTEND,1,61,0,64.00,22.01,1
3011,DECODE,1000,0,1000,306.03,18.00,1
3012,DECODE,1000,0,1000,307.03,18.04,1
3013,DECODE,1000,0,1000,308.03,17.98,1
3014,DECODE,999,0,999,309.06,18.44,1
3015,EXTEND,1,75,0,86.00,26.81,1
3016,EXTEND,2,124,0,68.00,28.20,1
3017,EXTEND,1,66,0,71.00,15.86,1
3018,DECODE,1000,0,1000,309.09,17.65,1
3019,DECODE,1000,0,1000,310.09,17.81,1
3020,DECODE,1000,0,1000,311.09,18.88,1
3021,DECODE,999,0,999,312.13,17.93,1
3022,EXTEND,1,154,0,164.00,23.92,1
3023,EXTEND,1,93,0,98.00,27.46,1
3024,EXTEND,1,56,0,63.00,15.72,1
3025,DECODE,1000,0,1000,312.59,18.82,1
3026,DECODE,1000,0,1000,313.59,18.13,1
3027,DECODE,1000,0,1000,314.59,19.78,1
3028,DECODE,1000,0,1000,315.59,28.70,1
3029,DECODE,1000,0,1000,316.59,29.58,1
3030,DECODE,1000,0,1000,317.59,20.09,1
3031,DECODE,999,0,999,318.60,17.88,1
3032,EXTEND,1,52,0,56.00,18.11,1
3033,DECODE,1000,0,1000,319.34,19.19,1
3034,DECODE,1000,0,1000,320.34,17.48,1
3035,DECODE,999,0,999,321.28,18.00,1
3036,EXTEND,1,127,0,130.00,28.66,1
3037,EXTEND,4,254,0,70.25,24.62,1
3038,EXTEND,1,54,0,61.00,19.47,1
3039,DECODE,1000,0,1000,320.78,17.66,1
3040,DECODE,1000,0,1000,321.78,17.74,1
3041,DECODE,996,0,996,322.89,21.35,1
3042,EXTEND,4,262,0,71.00,26.02,1
3043,EXTEND,2,374,0,194.00,24.77,1
3044,EXTEND,1,28,0,33.00,22.24,1
3045,DECODE,1000,0,1000,322.40,18.10,1
3046,DECODE,1000,0,1000,323.40,19.20,1
3047,DECODE,998,0,998,324.37,18.50,1
3048,EXTEND,2,172,0,92.00,27.23,1
3049,EXTEND,1,145,0,151.00,25.46,1
3050,EXTEND,2,174,0,93.50,23.58,1
3051,DECODE,1000,0,1000,324.30,17.93,1
3052,DECODE,1000,0,1000,325.30,19.25,1
3053,DECODE,1000,0,1000,326.30,18.58,1
3054,DECODE,1000,0,1000,327.30,18.46,1
3055,DECODE,1000,0,1000,328.30,18.73,1
3056,DECODE,999,0,999,329.32,18.55,1
3057,EXTEND,1,42,0,47.00,23.04,1
3058,EXTEND,1,67,0,76.00,24.94,1
3059,EXTEND,2,130,0,71.00,24.89,1
3060,DECODE,1000,0,1000,329.20,19.32,1
3061,DECODE,1000,0,1000,330.20,17.76,1
3062,DECODE,997,0,997,331.06,18.42,1
3063,EXTEND,3,140,0,58.00,24.86,1
3064,EXTEND,2,90,0,50.50,26.08,1
3065,EXTEND,3,452,0,155.33,26.07,1
3066,DECODE,1000,0,1000,330.14,19.10,1
3067,DECODE,1000,0,1000,331.14,17.79,1
3068,DECODE,1000,0,1000,332.14,17.89,1
3069,DECODE,998,0,998,333.15,18.50,1
3070,EXTEND,2,196,0,109.50,16.87,1
3071,EXTEND,2,109,0,69.50,30.06,1
3072,EXTEND,1,53,0,60.00,16.04,1
3073,DECODE,1000,0,1000,332.79,17.71,1
3074,DECODE,1000,0,1000,333.79,17.65,1
3075,DECODE,1000,0,1000,334.79,17.66,1
3076,DECODE,997,0,997,335.74,17.97,1
3077,EXTEND,3,202,0,72.00,23.25,1
3078,DECODE,997,0,997,335.94,18.39,1
3079,EXTEND,3,198,0,73.67,22.63,1
3080,DECODE,1000,0,1000,336.16,20.25,1
3081,DECODE,1000,0,1000,337.16,19.45,1
3082,DECODE,999,0,999,338.18,18.09,1
3083,EXTEND,1,69,0,74.00,16.03,1
3084,EXTEND,1,46,0,52.00,23.05,1
3085,EXTEND,2,186,0,96.50,23.28,1
3086,DECODE,1000,0,1000,338.22,17.50,1
3087,DECODE,1000,0,1000,339.22,18.00,1
3088,DECODE,998,0,998,340.14,18.18,1
3089,EXTEND,2,339,0,174.00,22.80,1
3090,DECODE,997,0,997,340.79,18.20,1
3091,EXTEND,3,171,0,66.00,15.92,1
3092,DECODE,1000,0,1000,340.96,18.00,1
3093,DECODE,1000,0,1000,341.96,20.00,1
3094,DECODE,999,0,999,342.98,19.78,1
3095,EXTEND,1,168,0,172.00,15.97,1
3096,EXTEND,1,109,0,115.00,15.64,1
3097,EXTEND,1,42,0,47.00,15.54,1
3098,DECODE,1000,0,1000,343.21,17.43,1
3099,DECODE,1000,0,1000,344.21,17.68,1
3100,DECODE,999,0,999,345.24,18.12,1
3101,EXTEND,1,198,0,213.00,16.31,1
3102,EXTEND,1,31,0,37.00,21.55,1
3103,DECODE,1000,0,1000,345.81,18.57,1
3104,DECODE,1000,0,1000,346.81,18.14,1
3105,DECODE,999,0,999,347.82,17.88,1
3106,EXTEND,1,34,0,42.00,35.03,1
3107,EXTEND,4,368,0,96.50,23.07,1
3108,DECODE,1000,0,1000,347.51,17.86,1
3109,DECODE,1000,0,1000,348.51,28.73,1
3110,DECODE,999,0,999,349.54,28.31,1
3111,EXTEND,1,47,0,53.00,24.00,1
3112,EXTEND,3,151,0,56.67,25.46,1
3113,EXTEND,3,173,0,65.33,24.35,1
3114,DECODE,1000,0,1000,348.26,18.94,1
3115,DECODE,1000,0,1000,349.26,17.88,1
3116,DECODE,999,0,999,350.28,18.28,1
3117,EXTEND,1,49,0,55.00,20.14,1
3118,EXTEND,1,23,0,35.00,18.75,1
3119,DECODE,1000,0,1000,350.58,17.77,1
3120,DECODE,1000,0,1000,351.58,17.83,1
3121,DECODE,1000,0,1000,352.58,18.60,1
3122,DECODE,1000,0,1000,353.58,17.81,1
3123,DECODE,1000,0,1000,354.58,17.92,1
3124,DECODE,1000,0,1000,355.58,18.03,1
3125,DECODE,1000,0,1000,356.58,19.14,1
3126,DECODE,997,0,997,357.58,18.35,1
3127,EXTEND,3,166,0,61.00,22.04,1
3128,EXTEND,1,87,0,93.00,15.75,1
3129,EXTEND,1,52,0,61.00,15.61,1
3130,DECODE,1000,0,1000,357.12,17.54,1
3131,DECODE,1000,0,1000,358.12,17.70,1
3132,DECODE,999,0,999,359.12,18.05,1
3133,EXTEND,1,54,0,60.00,17.53,1
3134,DECODE,1000,0,1000,359.82,18.17,1
3135,DECODE,1000,0,1000,360.82,18.03,1
3136,DECODE,997,0,997,361.71,17.92,1
3137,EXTEND,3,164,0,64.33,22.17,1
3138,EXTEND,1,45,0,50.00,23.22,1
3139,DECODE,1000,0,1000,361.51,17.91,1
3140,DECODE,1000,0,1000,362.51,17.88,1
3141,DECODE,999,0,999,363.71,18.13,1
3142,EXTEND,1,54,0,57.00,16.18,1
3143,EXTEND,3,150,0,55.67,22.96,1
3144,DECODE,1000,0,1000,363.38,18.75,1
3145,DECODE,1000,0,1000,364.38,17.94,1
3146,DECODE,1000,0,1000,365.38,17.69,1
3147,DECODE,1000,0,1000,366.38,17.83,1
3148,DECODE,999,0,999,367.39,18.13,1
3149,EXTEND,1,160,0,165.00,16.35,1
3150,DECODE,999,0,999,368.10,18.36,1
3151,EXTEND,1,181,0,185.00,23.05,1
3152,DECODE,1000,0,1000,368.92,17.80,1
3153,DECODE,1000,0,1000,369.92,17.72,1
3154,DECODE,998,0,998,370.91,18.07,1
3155,EXTEND,2,239,0,124.00,24.78,1
3156,DECODE,1000,0,1000,371.41,17.96,1
3157,DECODE,1000,0,1000,372.41,17.91,1
3158,DECODE,998,0,998,373.34,20.11,1
3159,EXTEND,2,135,0,75.00,23.84,1
3160,DECODE,1000,0,1000,373.74,17.89,1
3161,DECODE,1000,0,1000,374.74,17.95,1
3162,DECODE,999,0,999,375.72,18.76,1
3163,EXTEND,1,43,0,49.00,22.55,1
3164,EXTEND,1,57,0,60.00,22.93,1
3165,EXTEND,1,50,0,56.00,19.93,1
3166,DECODE,1000,0,1000,375.74,18.27,1
3167,DECODE,1000,0,1000,376.74,18.05,1
3168,DECODE,996,0,996,377.71,17.93,1
3169,EXTEND,4,575,0,149.50,26.73,1
3170,EXTEND,1,99,0,102.00,29.42,1
3171,EXTEND,1,75,0,79.00,17.08,1
3172,DECODE,1000,0,1000,377.12,17.90,1
3173,DECODE,1000,0,1000,378.12,17.73,1
3174,DECODE,1000,0,1000,379.12,17.80,1
3175,DECODE,999,0,999,380.03,18.00,1
3176,EXTEND,1,87,0,90.00,16.50,1
3177,DECODE,998,0,998,380.75,18.56,1
3178,EXTEND,2,129,0,68.50,24.20,1
3179,DECODE,999,0,999,381.03,18.95,1
3180,EXTEND,1,68,0,76.00,16.48,1
3181,DECODE,999,0,999,381.68,19.41,1
3182,EXTEND,1,73,0,83.00,26.64,1
3183,DECODE,998,0,998,382.36,18.52,1
3184,EXTEND,2,79,0,46.50,27.08,1
3185,DECODE,999,0,999,382.67,19.05,1
3186,EXTEND,1,77,0,81.00,29.40,1
3187,DECODE,1000,0,1000,383.37,18.67,1
3188,DECODE,1000,0,1000,384.37,18.15,1
3189,DECODE,999,0,999,385.34,18.67,1
3190,EXTEND,1,100,0,103.00,30.18,1
3191,EXTEND,1,156,0,159.00,17.01,1
3192,EXTEND,4,356,0,95.00,23.90,1
3193,DECODE,1000,0,1000,384.57,19.16,1
3194,DECODE,1000,0,1000,385.57,18.84,1
3195,DECODE,1000,0,1000,386.57,18.80,1
3196,DECODE,999,0,999,387.59,20.09,1
3197,EXTEND,1,69,0,73.00,16.67,1
3198,EXTEND,3,151,0,56.33,16.88,1
3199,EXTEND,1,53,0,59.00,16.31,1
3200,DECODE,1000,0,1000,386.95,18.32,1
3201,DECODE,1000,0,1000,387.95,20.71,1
3202,DECODE,1000,0,1000,388.95,19.32,1
3203,DECODE,999,0,999,389.87,19.16,1
3204,EXTEND,1,92,0,96.00,16.21,1
3205,EXTEND,3,563,0,192.67,23.60,1
3206,EXTEND,1,43,0,48.00,16.65,1
3207,DECODE,1000,0,1000,389.48,19.20,1
3208,DECODE,1000,0,1000,390.48,18.14,1
3209,DECODE,999,0,999,391.48,18.90,1
3210,EXTEND,1,57,0,63.00,16.12,1
3211,EXTEND,1,58,0,64.00,15.84,1
3212,DECODE,1000,0,1000,391.75,19.55,1
3213,DECODE,1000,0,1000,392.75,18.28,1
3214,DECODE,997,0,997,393.55,20.12,1
3215,EXTEND,3,206,0,78.33,24.37,1
3216,DECODE,999,0,999,393.58,18.00,1
3217,EXTEND,1,47,0,51.00,16.97,1
3218,DECODE,999,0,999,394.23,18.05,1
3219,EXTEND,1,60,0,65.00,21.04,1
3220,DECODE,1000,0,1000,394.90,18.18,1
3221,DECODE,1000,0,1000,395.90,18.13,1
3222,DECODE,997,0,997,396.84,18.92,1
3223,EXTEND,3,176,0,67.00,16.69,1
3224,EXTEND,1,62,0,68.00,16.41,1
3225,EXTEND,2,108,0,59.00,27.88,1
3226,DECODE,1000,0,1000,395.80,18.07,1
3227,DECODE,1000,0,1000,396.80,17.79,1
3228,DECODE,997,0,997,397.95,18.47,1
3229,EXTEND,3,226,0,80.67,24.28,1
3230,EXTEND,1,58,0,62.00,15.90,1
3231,EXTEND,1,65,0,69.00,15.79,1
3232,DECODE,1000,0,1000,397.17,17.76,1
3233,DECODE,1000,0,1000,398.17,18.24,1
3234,DECODE,999,0,999,399.15,17.91,1
3235,EXTEND,1,50,0,56.00,16.20,1
3236,DECODE,1000,0,1000,399.80,17.64,1
3237,DECODE,1000,0,1000,400.80,17.68,1
3238,DECODE,999,0,999,401.79,18.11,1
3239,EXTEND,1,79,0,82.00,17.23,1
3240,EXTEND,3,222,0,78.33,26.17,1
3241,EXTEND,1,52,0,63.00,15.78,1
3242,DECODE,1000,0,1000,401.07,17.82,1
3243,DECODE,1000,0,1000,402.07,17.85,1
3244,DECODE,1000,0,1000,403.07,17.94,1
3245,DECODE,1000,0,1000,404.07,18.38,1
3246,DECODE,999,0,999,405.07,18.00,1
3247,EXTEND,1,61,0,64.00,16.12,1
3248,DECODE,1000,0,1000,405.73,17.71,1
3249,DECODE,1000,0,1000,406.73,17.76,1
3250,DECODE,999,0,999,407.62,18.15,1
3251,EXTEND,1,35,0,40.00,20.72,1
3252,DECODE,999,0,999,408.24,18.17,1
3253,EXTEND,1,31,0,38.00,15.96,1
3254,DECODE,998,0,998,408.84,18.01,1
3255,EXTEND,2,112,0,60.50,16.09,1
3256,DECODE,1000,0,1000,409.14,17.81,1
3257,DECODE,1000,0,1000,410.14,17.76,1
3258,DECODE,1000,0,1000,411.14,17.77,1
3259,DECODE,999,0,999,412.04,17.98,1
3260,EXTEND,1,41,0,48.00,15.88,1
3261,EXTEND,1,53,0,59.00,16.16,1
3262,DECODE,1000,0,1000,412.28,17.85,1
3263,DECODE,1000,0,1000,413.28,17.72,1
3264,DECODE,999,0,999,414.23,18.02,1
3265,EXTEND,1,46,0,52.00,17.45,1
3266,EXTEND,4,590,0,186.25,24.19,1
3267,EXTEND,1,25,0,32.00,21.94,1
3268,DECODE,1000,0,1000,413.35,17.86,1
3269,DECODE,1000,0,1000,414.35,18.83,1
3270,DECODE,999,0,999,415.29,18.25,1
3271,EXTEND,1,37,0,41.00,16.73,1
3272,EXTEND,2,111,0,62.50,28.55,1
3273,DECODE,1000,0,1000,415.08,19.14,1
3274,DECODE,1000,0,1000,416.08,23.51,1
3275,DECODE,998,0,998,416.86,23.98,1
3276,EXTEND,2,179,0,93.00,24.25,1
3277,EXTEND,1,71,0,76.00,26.52,1
3278,EXTEND,1,33,0,78.00,16.87,1
3279,DECODE,1000,0,1000,416.44,19.13,1
3280,DECODE,1000,0,1000,417.44,17.87,1
3281,DECODE,999,0,999,418.35,18.43,1
3282,EXTEND,1,47,0,51.00,15.90,1
3283,EXTEND,1,82,0,85.00,27.19,1
3284,EXTEND,2,81,0,48.00,28.23,1
3285,DECODE,1000,0,1000,417.85,18.28,1
3286,DECODE,1000,0,1000,418.85,18.01,1
3287,DECODE,998,0,998,419.78,18.27,1
3288,EXTEND,2,99,0,54.50,17.20,1
3289,EXTEND,3,157,0,60.33,26.14,1
3290,EXTEND,1,63,0,79.00,17.42,1
3291,DECODE,1000,0,1000,418.35,18.21,1
3292,DECODE,1000,0,1000,419.35,19.15,1
3293,DECODE,1000,0,1000,420.35,18.40,1
3294,DECODE,999,0,999,421.33,20.76,1
3295,EXTEND,1,66,0,73.00,18.14,1
3296,EXTEND,1,217,0,222.00,30.58,1
3297,EXTEND,3,141,0,54.33,29.16,1
3298,DECODE,1000,0,1000,420.55,18.38,1
3299,DECODE,1000,0,1000,421.55,18.31,1
3300,DECODE,999,0,999,422.52,18.52,1
3301,EXTEND,1,46,0,49.00,16.21,1
3302,DECODE,996,0,996,423.02,18.78,1
3303,EXTEND,4,602,0,155.50,24.72,1
3304,DECODE,999,0,999,422.83,18.34,1
3305,EXTEND,1,45,0,50.00,16.77,1
3306,DECODE,998,0,998,423.37,18.73,1
3307,EXTEND,2,91,0,52.00,27.98,1
3308,DECODE,998,0,998,423.73,32.82,1
3309,EXTEND,2,280,0,144.00,42.42,1
3310,DECODE,999,0,999,424.13,20.99,1
3311,EXTEND,1,132,0,135.00,25.15,1
3312,DECODE,998,0,998,424.79,18.33,1
3313,EXTEND,2,149,0,82.50,23.98,1
3314,DECODE,1000,0,1000,425.10,18.77,1
3315,DECODE,1000,0,1000,426.10,18.17,1
3316,DECODE,999,0,999,427.03,18.00,1
3317,EXTEND,1,57,0,63.00,15.93,1
3318,DECODE,998,0,998,427.58,20.45,1
3319,EXTEND,2,139,0,75.50,25.36,1
3320,DECODE,999,0,999,427.86,20.28,1
3321,EXTEND,1,78,0,85.00,28.08,1
3322,DECODE,999,0,999,428.45,18.86,1
3323,EXTEND,1,50,0,55.00,16.11,1
3324,DECODE,997,0,997,428.93,18.14,1
3325,EXTEND,3,146,0,54.33,22.97,1
3326,DECODE,999,0,999,428.75,18.38,1
3327,EXTEND,1,172,0,180.00,15.93,1
3328,DECODE,997,0,997,429.42,18.69,1
3329,EXTEND,3,177,0,62.67,24.18,1
3330,DECODE,999,0,999,429.26,18.79,1
3331,EXTEND,1,50,0,57.00,16.16,1
3332,DECODE,1000,0,1000,429.88,17.99,1
3333,DECODE,1000,0,1000,430.88,17.96,1
3334,DECODE,998,0,998,431.76,19.29,1
3335,EXTEND,2,126,0,71.00,28.00,1
3336,DECODE,999,0,999,431.96,18.29,1
3337,EXTEND,1,35,0,42.00,16.11,1
3338,DECODE,1000,0,1000,432.57,17.85,1
3339,DECODE,1000,0,1000,433.57,17.89,1
3340,DECODE,999,0,999,434.49,17.97,1
3341,EXTEND,1,268,0,273.00,24.64,1
3342,EXTEND,2,95,0,54.00,16.46,1
3343,EXTEND,2,132,0,70.00,16.59,1
3344,DECODE,1000,0,1000,433.67,18.00,1
3345,DECODE,1000,0,1000,434.67,17.98,1
3346,DECODE,999,0,999,435.54,18.12,1
3347,EXTEND,1,388,0,395.00,23.02,1
3348,EXTEND,1,40,0,51.00,17.02,1
3349,EXTEND,1,171,0,174.00,15.95,1
3350,DECODE,1000,0,1000,435.77,17.95,1
3351,DECODE,1000,0,1000,436.77,18.04,1
3352,DECODE,1000,0,1000,437.77,18.07,1
3353,DECODE,997,0,997,438.91,18.46,1
3354,EXTEND,3,182,0,66.00,23.00,1
3355,EXTEND,1,83,0,87.00,16.24,1
3356,DECODE,1000,0,1000,438.29,18.22,1
3357,DECODE,1000,0,1000,439.29,18.02,1
3358,DECODE,997,0,997,440.01,18.77,1
3359,EXTEND,3,202,0,79.00,16.66,1
3360,EXTEND,4,331,0,88.00,26.17,1
3361,EXTEND,2,114,0,63.00,27.82,1
3362,DECODE,1000,0,1000,437.20,18.67,1
3363,DECODE,1000,0,1000,438.20,18.25,1
3364,DECODE,997,0,997,439.03,18.70,1
3365,EXTEND,3,250,0,89.33,24.51,1
3366,EXTEND,1,64,0,68.00,17.05,1
3367,EXTEND,2,238,0,124.00,25.10,1
3368,DECODE,1000,0,1000,438.10,18.16,1
3369,DECODE,1000,0,1000,439.10,18.32,1
3370,DECODE,998,0,998,439.94,18.52,1
3371,EXTEND,2,99,0,56.00,16.54,1
3372,EXTEND,3,495,0,171.33,25.72,1
3373,EXTEND,1,53,0,63.00,16.51,1
3374,DECODE,1000,0,1000,438.94,18.37,1
3375,DECODE,1000,0,1000,439.94,18.75,1
3376,DECODE,997,0,997,440.93,18.51,1
3377,EXTEND,3,276,0,96.67,24.02,1
3378,EXTEND,1,31,0,39.00,15.70,1
3379,DECODE,1000,0,1000,440.36,18.12,1
3380,DECODE,1000,0,1000,441.36,18.10,1
3381,DECODE,998,0,998,442.10,18.69,1
3382,EXTEND,2,189,0,100.00,23.98,1
3383,EXTEND,2,79,0,46.00,16.19,1
3384,EXTEND,3,359,0,125.00,21.56,1
3385,DECODE,1000,0,1000,440.20,18.22,1
3386,DECODE,1000,0,1000,441.20,18.24,1
3387,DECODE,999,0,999,442.13,18.43,1
3388,EXTEND,1,26,0,34.00,22.60,1
3389,DECODE,1000,0,1000,442.72,18.18,1
3390,DECODE,1000,0,1000,443.72,18.12,1
3391,DECODE,998,0,998,444.85,18.41,1
3392,EXTEND,2,161,0,85.00,28.00,1
3393,EXTEND,2,126,0,68.50,22.57,1
3394,DECODE,1000,0,1000,444.27,25.30,1
3395,DECODE,1000,0,1000,445.27,18.21,1
3396,DECODE,999,0,999,446.23,25.67,1
3397,EXTEND,1,92,0,97.00,20.57,1
3398,EXTEND,2,80,0,47.00,16.26,1
3399,EXTEND,4,509,0,135.25,24.48,1
3400,DECODE,1000,0,1000,444.72,17.96,1
3401,DECODE,1000,0,1000,445.72,18.21,1
3402,DECODE,999,0,999,446.67,19.82,1
3403,EXTEND,1,39,0,44.00,21.04,1
3404,EXTEND,1,58,0,62.00,16.14,1
3405,DECODE,1000,0,1000,446.82,18.18,1
3406,DECODE,1000,0,1000,447.82,18.13,1
3407,DECODE,1000,0,1000,448.82,18.23,1
3408,DECODE,999,0,999,449.77,18.45,1
3409,EXTEND,1,196,0,203.00,16.81,1
3410,EXTEND,1,41,0,45.00,16.02,1
3411,EXTEND,1,77,0,82.00,15.79,1
3412,DECODE,1000,0,1000,449.64,18.17,1
3413,DECODE,1000,0,1000,450.64,18.12,1
3414,DECODE,998,0,998,451.53,20.78,1
3415,EXTEND,2,120,0,65.00,16.12,1
3416,DECODE,999,0,999,451.70,18.44,1
3417,EXTEND,1,51,0,60.00,19.88,1
3418,DECODE,998,0,998,452.29,18.27,1
3419,EXTEND,2,97,0,61.50,28.99,1
3420,DECODE,999,0,999,452.44,18.50,1
3421,EXTEND,1,47,0,55.00,16.53,1
3422,DECODE,997,0,997,453.60,18.56,1
3423,EXTEND,3,543,0,186.67,30.08,1
3424,DECODE,996,0,996,453.64,23.63,1
3425,EXTEND,4,861,0,221.00,26.46,1
3426,DECODE,998,0,998,453.55,18.63,1
3427,EXTEND,2,427,0,219.00,21.36,1
3428,DECODE,999,0,999,454.24,18.48,1
3429,EXTEND,1,23,0,31.00,16.09,1
3430,DECODE,999,0,999,454.74,18.37,1
3431,EXTEND,1,124,0,134.00,16.21,1
3432,DECODE,1000,0,1000,455.42,19.46,1
3433,DECODE,1000,0,1000,456.42,18.44,1
3434,DECODE,1000,0,1000,457.42,18.32,1
3435,DECODE,1000,0,1000,458.42,18.49,1
3436,DECODE,997,0,997,459.06,18.58,1
3437,EXTEND,3,331,0,119.00,16.89,1
3438,EXTEND,1,129,0,133.00,15.58,1
3439,EXTEND,1,187,0,191.00,15.91,1
3440,DECODE,1000,0,1000,458.56,18.41,1
3441,DECODE,1000,0,1000,459.56,18.32,1
3442,DECODE,999,0,999,460.49,18.44,1
3443,EXTEND,1,87,0,96.00,16.32,1
3444,EXTEND,3,157,0,57.67,16.04,1
3445,EXTEND,1,320,0,327.00,15.69,1
3446,DECODE,1000,0,1000,459.38,18.50,1
3447,DECODE,1000,0,1000,460.38,18.35,1
3448,DECODE,998,0,998,461.18,18.66,1
3449,EXTEND,2,331,0,169.50,16.90,1
3450,EXTEND,1,390,0,395.00,22.51,1
3451,EXTEND,2,96,0,54.00,16.66,1
3452,DECODE,1000,0,1000,460.39,18.36,1
3453,DECODE,1000,0,1000,461.39,18.73,1
3454,DECODE,997,0,997,462.57,18.73,1
3455,EXTEND,3,379,0,132.00,22.40,1
3456,EXTEND,1,42,0,47.00,15.84,1
3457,DECODE,1000,0,1000,462.07,18.26,1
3458,DECODE,1000,0,1000,463.07,18.51,1
3459,DECODE,999,0,999,463.97,18.80,1
3460,EXTEND,1,113,0,127.00,26.45,1
3461,DECODE,999,0,999,464.53,19.34,1
3462,EXTEND,1,56,0,61.00,16.97,1
3463,DECODE,997,0,997,465.39,18.69,1
3464,EXTEND,3,215,0,76.33,26.38,1
3465,DECODE,1000,0,1000,465.22,19.03,1
3466,DECODE,1000,0,1000,466.22,18.75,1
3467,DECODE,1000,0,1000,467.22,18.54,1
3468,DECODE,999,0,999,468.36,18.65,1
3469,EXTEND,1,170,0,174.00,25.04,1
3470,EXTEND,2,103,0,56.50,27.47,1
3471,EXTEND,2,122,0,68.50,27.66,1
3472,DECODE,1000,0,1000,467.08,18.52,1
3473,DECODE,1000,0,1000,468.08,18.46,1
3474,DECODE,1000,0,1000,469.08,18.35,1
3475,DECODE,998,0,998,469.85,18.53,1
3476,EXTEND,2,147,0,77.00,22.91,1
3477,EXTEND,3,159,0,60.33,23.54,1
3478,EXTEND,4,601,0,155.25,21.95,1
3479,DECODE,1000,0,1000,466.83,18.28,1
3480,DECODE,1000,0,1000,467.83,18.17,1
3481,DECODE,999,0,999,468.76,18.56,1
3482,EXTEND,1,164,0,168.00,17.88,1
3483,EXTEND,2,163,0,88.50,26.72,1
3484,EXTEND,2,369,0,188.00,27.26,1
3485,DECODE,1000,0,1000,467.61,18.38,1
3486,DECODE,1000,0,1000,468.61,18.31,1
3487,DECODE,999,0,999,469.46,18.98,1
3488,EXTEND,1,87,0,91.00,16.27,1
3489,EXTEND,2,170,0,89.50,16.03,1
3490,EXTEND,1,411,0,418.00,22.90,1
3491,DECODE,1000,0,1000,469.25,28.78,1
3492,DECODE,1000,0,1000,470.25,25.21,1
3493,DECODE,999,0,999,471.44,18.93,1
3494,EXTEND,1,41,0,45.00,16.28,1
3495,EXTEND,4,195,0,54.00,22.68,1
3496,DECODE,1000,0,1000,469.98,18.39,1
3497,DECODE,1000,0,1000,470.98,18.52,1
3498,DECODE,999,0,999,472.20,18.66,1
3499,EXTEND,1,89,0,94.00,15.96,1
3500,EXTEND,3,294,0,103.33,31.94,1
3501,EXTEND,1,50,0,56.00,18.31,1
3502,DECODE,1000,0,1000,470.65,18.25,1
3503,DECODE,1000,0,1000,471.65,18.25,1
3504,DECODE,1000,0,1000,472.65,18.40,1
3505,DECODE,998,0,998,473.42,18.58,1
3506,EXTEND,2,197,0,104.00,22.80,1
3507,DECODE,1000,0,1000,473.68,18.53,1
3508,DECODE,1000,0,1000,474.68,18.41,1
3509,DECODE,999,0,999,475.60,18.72,1
3510,EXTEND,1,37,0,46.00,15.84,1
3511,EXTEND,2,69,0,40.00,16.21,1
3512,EXTEND,4,328,0,86.25,25.23,1
3513,DECODE,1000,0,1000,472.89,18.40,1
3514,DECODE,1000,0,1000,473.89,19.08,1
3515,DECODE,1000,0,1000,474.89,18.48,1
3516,DECODE,1000,0,1000,475.89,19.11,1
3517,DECODE,999,0,999,477.20,19.20,1
3518,EXTEND,1,83,0,86.00,15.94,1
3519,DECODE,1000,0,1000,477.81,18.50,1
3520,DECODE,1000,0,1000,478.81,18.59,1
3521,DECODE,997,0,997,479.38,32.24,1
3522,EXTEND,3,336,0,122.00,16.33,1
3523,EXTEND,1,119,0,123.00,15.74,1
3524,EXTEND,1,129,0,134.00,15.66,1
3525,DECODE,1000,0,1000,478.57,18.52,1
3526,DECODE,1000,0,1000,479.57,18.71,1
3527,DECODE,997,0,997,480.31,18.72,1
3528,EXTEND,3,657,0,223.00,23.99,1
3529,EXTEND,2,147,0,78.00,15.79,1
3530,EXTEND,1,56,0,68.00,15.62,1
3531,DECODE,1000,0,1000,479.62,18.47,1
3532,DECODE,1000,0,1000,480.62,18.54,1
3533,DECODE,1000,0,1000,481.62,19.56,1
3534,DECODE,1000,0,1000,482.62,18.67,1
3535,DECODE,999,0,999,483.51,19.79,1
3536,EXTEND,1,233,0,236.00,24.50,1
3537,EXTEND,1,31,0,37.00,16.19,1
3538,DECODE,1000,0,1000,483.60,18.67,1
3539,DECODE,1000,0,1000,484.60,18.69,1
3540,DECODE,998,0,998,485.78,18.89,1
3541,EXTEND,2,142,0,75.00,15.91,1
3542,EXTEND,1,258,0,262.00,22.70,1
3543,EXTEND,2,107,0,57.50,28.76,1
3544,DECODE,1000,0,1000,484.57,18.46,1
3545,DECODE,1000,0,1000,485.57,18.42,1
3546,DECODE,998,0,998,486.34,18.64,1
3547,EXTEND,2,118,0,64.50,26.32,1
3548,EXTEND,1,55,0,61.00,20.15,1
3549,EXTEND,1,38,0,50.00,19.74,1
3550,DECODE,1000,0,1000,485.31,18.42,1
3551,DECODE,1000,0,1000,486.31,19.42,1
3552,DECODE,999,0,999,487.18,19.09,1
3553,EXTEND,1,59,0,68.00,21.22,1
3554,DECODE,998,0,998,487.45,18.50,1
3555,EXTEND,2,236,0,122.00,24.31,1
3556,DECODE,1000,0,1000,487.72,18.46,1
3557,DECODE,1000,0,1000,488.72,18.54,1
3558,DECODE,999,0,999,489.60,18.88,1
3559,EXTEND,1,36,0,45.00,16.12,1
3560,DECODE,996,0,996,490.04,18.53,1
3561,EXTEND,4,472,0,124.50,22.40,1
3562,DECODE,1000,0,1000,489.57,19.33,1
3563,DECODE,1000,0,1000,490.57,18.70,1
3564,DECODE,999,0,999,491.85,18.95,1
3565,DECODE,998,0,998,492.73,19.41,1
3566,EXTEND,2,99,0,54.00,16.11,1
3567,EXTEND,3,515,0,181.33,23.81,1
3568,EXTEND,1,47,0,54.00,16.15,1
3569,DECODE,1000,0,1000,491.25,19.10,1
3570,DECODE,1000,0,1000,492.25,18.80,1
3571,DECODE,998,0,998,493.29,18.94,1
3572,EXTEND,2,79,0,56.00,15.96,1
3573,DECODE,998,0,998,493.50,18.68,1
3574,EXTEND,2,235,0,122.00,24.45,1
3575,DECODE,1000,0,1000,493.76,18.53,1
3576,DECODE,1000,0,1000,494.76,18.84,1
3577,DECODE,999,0,999,495.61,18.92,1
3578,EXTEND,1,42,0,55.00,16.06,1
3579,EXTEND,3,119,0,48.33,15.92,1
3580,EXTEND,2,128,0,70.50,15.72,1
3581,DECODE,1000,0,1000,493.72,19.16,1
3582,DECODE,1000,0,1000,494.72,18.78,1
3583,DECODE,997,0,997,495.56,18.79,1
3584,EXTEND,3,407,0,142.33,24.96,1
3585,EXTEND,2,283,0,153.50,24.24,1
3586,EXTEND,3,164,0,58.67,15.62,1
3587,DECODE,1000,0,1000,493.67,18.53,1
3588,DECODE,1000,0,1000,494.67,18.64,1
3589,DECODE,997,0,997,495.11,18.82,1
3590,EXTEND,3,451,0,156.33,21.26,1
3591,EXTEND,1,252,0,256.00,23.60,1
3592,DECODE,1000,0,1000,494.63,19.00,1
3593,DECODE,1000,0,1000,495.63,18.76,1
3594,DECODE,1000,0,1000,496.63,18.66,1
3595,DECODE,997,0,997,497.65,19.22,1
3596,EXTEND,3,182,0,66.33,16.38,1
3597,EXTEND,2,105,0,59.50,16.64,1
3598,EXTEND,3,311,0,108.33,24.53,1
3599,DECODE,1000,0,1000,494.87,19.13,1
3600,DECODE,1000,0,1000,495.87,18.59,1
3601,DECODE,999,0,999,496.73,19.31,1
3602,EXTEND,1,74,0,80.00,27.79,1
3603,EXTEND,1,71,0,76.00,15.84,1
3604,EXTEND,1,74,0,79.00,15.61,1
3605,DECODE,1000,0,1000,496.11,19.08,1
3606,DECODE,1000,0,1000,497.11,18.62,1
3607,DECODE,999,0,999,497.98,19.14,1
3608,EXTEND,1,279,0,287.00,24.31,1
3609,EXTEND,1,56,0,60.00,15.88,1
3610,EXTEND,2,109,0,59.00,15.73,1
3611,DECODE,1000,0,1000,496.94,18.64,1
3612,DECODE,1000,0,1000,497.94,18.76,1
3613,DECODE,997,0,997,498.85,18.98,1
3614,EXTEND,3,140,0,53.00,16.11,1
3615,DECODE,999,0,999,498.37,18.98,1
3616,EXTEND,1,30,0,36.00,20.97,1
3617,DECODE,999,0,999,498.39,18.87,1
3618,EXTEND,1,204,0,213.00,22.85,1
3619,DECODE,999,0,999,498.97,19.06,1
3620,EXTEND,1,83,0,86.00,16.01,1
3621,DECODE,999,0,999,499.42,19.01,1
3622,EXTEND,1,38,0,46.00,15.68,1
3623,DECODE,999,0,999,499.88,19.15,1
3624,EXTEND,1,30,0,35.00,17.01,1
3625,DECODE,999,0,999,500.28,19.01,1
3626,EXTEND,1,42,0,51.00,16.00,1
3627,DECODE,999,0,999,500.59,18.95,1
3628,EXTEND,1,33,0,40.00,15.86,1
3629,DECODE,999,0,999,501.15,19.03,1
3630,EXTEND,1,28,0,35.00,15.91,1
3631,DECODE,998,0,998,501.66,19.31,1
3632,EXTEND,2,340,0,174.00,22.37,1
3633,DECODE,996,0,996,501.95,18.91,1
3634,EXTEND,4,406,0,107.50,22.18,1
3635,DECODE,998,0,998,501.11,19.09,1
3636,EXTEND,2,97,0,53.50,15.69,1
3637,DECODE,999,0,999,501.07,19.15,1
3638,EXTEND,1,268,0,273.00,15.68,1
3639,DECODE,997,0,997,501.84,19.15,1
3640,EXTEND,3,220,0,79.33,24.28,1
3641,DECODE,998,0,998,501.29,19.07,1
3642,EXTEND,2,115,0,63.00,26.01,1
3643,DECODE,999,0,999,501.26,19.17,1
3644,EXTEND,1,36,0,46.00,15.94,1
3645,DECODE,999,0,999,501.56,20.14,1
3646,EXTEND,1,78,0,85.00,16.03,1
3647,DECODE,1000,0,1000,502.14,19.63,1
3648,DECODE,1000,0,1000,503.14,19.46,1
3649,DECODE,998,0,998,503.85,19.73,1
3650,EXTEND,2,162,0,84.50,32.92,1
3651,EXTEND,1,63,0,70.00,19.41,1
3652,EXTEND,2,108,0,60.50,15.86,1
3653,DECODE,1000,0,1000,502.01,19.70,1
3654,DECODE,1000,0,1000,503.01,25.28,1
3655,DECODE,1000,0,1000,504.01,23.26,1
3656,DECODE,1000,0,1000,505.01,19.18,1
3657,DECODE,998,0,998,505.68,19.11,1
3658,DECODE,997,0,997,506.38,19.04,1
3659,DECODE,996,0,996,507.18,19.12,1
3660,DECODE,995,0,995,508.03,21.67,1
3661,DECODE,994,0,994,509.17,22.16,1
3662,DECODE,992,0,992,510.10,24.44,1
3663,DECODE,991,0,991,510.95,21.83,1
3664,DECODE,989,0,989,511.54,21.42,1
3665,DECODE,989,0,989,512.54,18.95,1
3666,DECODE,988,0,988,513.78,23.34,1
3667,DECODE,987,0,987,514.85,24.05,1
3668,DECODE,986,0,986,515.97,22.88,1
3669,DECODE,986,0,986,516.97,21.18,1
3670,DECODE,982,0,982,517.30,23.60,1
3671,DECODE,982,0,982,518.30,19.89,1
3672,DECODE,981,0,981,519.38,21.53,1
3673,DECODE,980,0,980,520.42,23.45,1
3674,DECODE,979,0,979,521.26,21.47,1
3675,DECODE,978,0,978,522.09,21.31,1
3676,DECODE,978,0,978,523.09,19.09,1
3677,DECODE,975,0,975,523.80,21.32,1
3678,DECODE,975,0,975,524.80,21.17,1
3679,DECODE,973,0,973,525.91,21.26,1
3680,DECODE,971,0,971,526.76,21.30,1
3681,DECODE,969,0,969,528.21,21.29,1
3682,DECODE,967,0,967,528.89,23.88,1
3683,EXTEND,15,1550,0,109.07,32.39,1
3684,EXTEND,19,1536,0,87.16,23.97,1
3685,DECODE,1000,0,1000,515.04,18.99,1
3686,DECODE,1000,0,1000,516.04,19.25,1
3687,DECODE,998,0,998,517.15,19.95,1
3688,EXTEND,2,170,0,89.50,17.52,1
3689,EXTEND,3,276,0,96.67,16.24,1
3690,EXTEND,1,73,0,81.00,15.85,1
3691,DECODE,1000,0,1000,515.54,18.91,1
3692,DECODE,1000,0,1000,516.54,18.98,1
3693,DECODE,1000,0,1000,517.54,19.11,1
3694,DECODE,999,0,999,518.34,19.21,1
3695,EXTEND,1,95,0,100.00,18.16,1
3696,DECODE,999,0,999,519.20,20.68,1
3697,EXTEND,1,40,0,44.00,16.15,1
3698,DECODE,1000,0,1000,519.73,18.91,1
3699,DECODE,1000,0,1000,520.73,18.98,1
3700,DECODE,1000,0,1000,521.73,19.02,1
3701,DECODE,999,0,999,522.73,19.27,1
3702,EXTEND,1,79,0,85.00,16.26,1
3703,DECODE,999,0,999,523.04,20.05,1
3704,EXTEND,1,129,0,133.00,16.33,1
3705,DECODE,997,0,997,523.07,19.79,1
3706,EXTEND,3,202,0,73.33,15.88,1
3707,DECODE,999,0,999,522.96,19.39,1
3708,EXTEND,1,139,0,143.00,15.90,1
3709,DECODE,1000,0,1000,523.58,19.69,1
3710,DECODE,1000,0,1000,524.58,19.24,1
3711,DECODE,999,0,999,525.24,19.58,1
3712,EXTEND,1,51,0,60.00,15.96,1
3713,EXTEND,1,119,0,123.00,15.82,1
3714,DECODE,1000,0,1000,525.19,21.15,1
3715,DECODE,1000,0,1000,526.19,19.12,1
3716,DECODE,997,0,997,526.93,19.30,1
3717,EXTEND,3,462,0,167.67,22.77,1
3718,EXTEND,2,297,0,155.00,23.32,1
3719,DECODE,1000,0,1000,525.68,19.23,1
3720,DECODE,1000,0,1000,526.68,19.28,1
3721,DECODE,998,0,998,527.65,19.55,1
3722,EXTEND,2,291,0,152.00,24.13,1
3723,DECODE,1000,0,1000,527.90,19.48,1
3724,DECODE,1000,0,1000,528.90,19.85,1
3725,DECODE,998,0,998,530.33,20.07,1
3726,EXTEND,2,135,0,74.50,16.68,1
3727,DECODE,999,0,999,530.73,19.34,1
3728,EXTEND,1,60,0,66.00,16.32,1
3729,DECODE,998,0,998,531.52,19.61,1
3730,EXTEND,2,167,0,90.50,24.08,1
3731,DECODE,1000,0,1000,531.63,19.40,1
3732,DECODE,1000,0,1000,532.63,19.29,1
3733,DECODE,999,0,999,533.83,19.63,1
3734,EXTEND,1,65,0,72.00,17.92,1
3735,EXTEND,3,440,0,153.00,21.70,1
3736,EXTEND,1,55,0,61.00,17.00,1
3737,DECODE,1000,0,1000,532.71,19.57,1
3738,DECODE,1000,0,1000,533.71,19.65,1
3739,DECODE,1000,0,1000,534.71,19.39,1
3740,DECODE,998,0,998,535.62,19.36,1
3741,EXTEND,2,100,0,59.50,16.58,1
3742,EXTEND,2,204,0,106.50,16.03,1
3743,EXTEND,1,377,0,381.00,24.59,1
3744,DECODE,1000,0,1000,534.36,19.33,1
3745,DECODE,1000,0,1000,535.36,19.21,1
3746,DECODE,1000,0,1000,536.36,19.25,1
3747,DECODE,998,0,998,537.85,19.50,1
3748,EXTEND,2,114,0,81.50,17.04,1
3749,EXTEND,2,165,0,89.00,22.37,1
3750,DECODE,1000,0,1000,537.55,19.31,1
3751,DECODE,1000,0,1000,538.55,19.41,1
3752,DECODE,997,0,997,540.06,20.38,1
3753,EXTEND,3,400,0,140.00,15.92,1
3754,EXTEND,3,184,0,70.67,16.35,1
3755,DECODE,1000,0,1000,538.24,19.23,1
3756,DECODE,1000,0,1000,539.24,19.49,1
3757,DECODE,996,0,996,539.42,19.27,1
3758,EXTEND,4,289,0,77.75,26.47,1
3759,EXTEND,3,263,0,92.00,24.57,1
3760,EXTEND,2,115,0,66.50,15.77,1
3761,DECODE,1000,0,1000,535.10,19.36,1
3762,DECODE,1000,0,1000,536.10,19.02,1
3763,DECODE,1000,0,1000,537.10,19.21,1
3764,DECODE,1000,0,1000,538.10,19.22,1
3765,DECODE,998,0,998,538.72,19.75,1
3766,EXTEND,2,121,0,66.00,28.07,1
3767,EXTEND,2,85,0,55.50,26.31,1
3768,DECODE,1000,0,1000,538.28,19.25,1
3769,DECODE,1000,0,1000,539.28,19.13,1
3770,DECODE,998,0,998,540.23,19.32,1
3771,EXTEND,2,129,0,70.00,16.54,1
3772,EXTEND,1,91,0,95.00,16.24,1
3773,EXTEND,1,69,0,75.00,15.79,1
3774,DECODE,1000,0,1000,539.51,19.13,1
3775,DECODE,1000,0,1000,540.51,32.28,1
3776,DECODE,997,0,997,541.89,24.01,1
3777,EXTEND,3,346,0,120.00,23.01,1
3778,EXTEND,2,127,0,68.00,16.36,1
3779,DECODE,1000,0,1000,540.14,19.62,1
3780,DECODE,1000,0,1000,541.14,19.57,1
3781,DECODE,1000,0,1000,542.14,19.54,1
3782,DECODE,1000,0,1000,543.14,19.62,1
3783,DECODE,1000,0,1000,544.14,25.69,1
3784,DECODE,1000,0,1000,545.14,19.65,1
3785,DECODE,999,0,999,545.94,20.03,1
3786,EXTEND,1,39,0,46.00,16.64,1
3787,DECODE,999,0,999,546.72,19.71,1
3788,EXTEND,1,58,0,65.00,17.44,1
3789,DECODE,999,0,999,547.03,19.56,1
3790,EXTEND,1,26,0,33.00,28.15,1
3791,DECODE,999,0,999,547.20,20.99,1
3792,EXTEND,1,64,0,72.00,15.95,1
3793,DECODE,999,0,999,547.86,21.15,1
3794,EXTEND,1,56,0,61.00,15.90,1
3795,DECODE,998,0,998,548.35,19.44,1
3796,EXTEND,2,128,0,70.50,16.05,1
3797,DECODE,998,0,998,547.97,19.53,1
3798,EXTEND,2,168,0,88.50,16.68,1
3799,DECODE,997,0,997,547.16,19.70,1
3800,EXTEND,3,365,0,126.33,22.87,1
3801,DECODE,997,0,997,546.26,19.47,1
3802,EXTEND,3,237,0,83.00,25.32,1
3803,DECODE,997,0,997,545.06,19.52,1
3804,DECODE,997,0,997,546.06,19.44,1
3805,EXTEND,3,293,0,102.33,23.44,1
3806,EXTEND,2,110,0,61.00,27.58,1
3807,DECODE,1000,0,1000,544.78,19.19,1
3808,DECODE,1000,0,1000,545.78,19.15,1
3809,DECODE,1000,0,1000,546.78,19.29,1
3810,DECODE,1000,0,1000,547.78,19.41,1
3811,DECODE,999,0,999,548.98,19.68,1
3812,EXTEND,1,289,0,294.00,16.12,1
3813,EXTEND,4,524,0,138.25,23.58,1
3814,DECODE,1000,0,1000,547.47,19.23,1
3815,DECODE,1000,0,1000,548.47,19.36,1
3816,DECODE,999,0,999,549.24,19.75,1
3817,EXTEND,1,157,0,162.00,16.16,1
3818,DECODE,1000,0,1000,549.85,19.57,1
3819,DECODE,1000,0,1000,550.85,19.42,1
3820,DECODE,998,0,998,551.93,20.08,1
3821,EXTEND,2,117,0,62.50,27.35,1
3822,EXTEND,3,400,0,138.67,16.28,1
3823,EXTEND,1,92,0,98.00,16.33,1
3824,DECODE,1000,0,1000,550.07,19.74,1
3825,DECODE,1000,0,1000,551.07,19.29,1
3826,DECODE,997,0,997,551.67,20.85,1
3827,EXTEND,3,215,0,81.00,16.98,1
3828,EXTEND,1,31,0,38.00,16.01,1
3829,EXTEND,3,177,0,69.67,15.99,1
3830,DECODE,1000,0,1000,548.19,19.06,1
3831,DECODE,1000,0,1000,549.19,19.24,1
3832,DECODE,999,0,999,549.96,19.74,1
3833,EXTEND,1,60,0,64.00,16.54,1
3834,EXTEND,2,187,0,99.50,15.96,1
3835,EXTEND,3,188,0,67.67,22.65,1
3836,DECODE,1000,0,1000,547.44,19.25,1
3837,DECODE,1000,0,1000,548.44,19.41,1
3838,DECODE,998,0,998,549.98,19.57,1
3839,EXTEND,2,130,0,71.50,29.58,1
3840,DECODE,998,0,998,549.82,19.95,1
3841,EXTEND,2,126,0,68.50,17.83,1
3842,DECODE,999,0,999,549.94,20.12,1
3843,EXTEND,1,36,0,47.00,17.69,1
3844,DECODE,998,0,998,550.27,19.48,1
3845,EXTEND,2,94,0,56.00,18.01,1
3846,DECODE,1000,0,1000,550.28,19.47,1
3847,DECODE,1000,0,1000,551.28,19.36,1
3848,DECODE,1000,0,1000,552.28,19.30,1
3849,DECODE,999,0,999,553.19,19.98,1
3850,EXTEND,1,55,0,62.00,18.33,1
3851,EXTEND,3,271,0,100.00,24.99,1
3852,EXTEND,2,101,0,58.00,16.39,1
3853,DECODE,1000,0,1000,551.01,19.54,1
3854,DECODE,1000,0,1000,552.01,19.69,1
3855,DECODE,997,0,997,552.71,19.85,1
3856,EXTEND,3,205,0,74.67,23.61,1
3857,EXTEND,2,357,0,182.00,22.91,1
3858,EXTEND,1,36,0,51.00,16.22,1
3859,DECODE,1000,0,1000,550.78,19.61,1
3860,DECODE,1000,0,1000,551.78,20.01,1
3861,DECODE,1000,0,1000,552.78,20.04,1
3862,DECODE,997,0,997,553.52,19.81,1
3863,EXTEND,3,647,0,221.00,24.38,1
3864,DECODE,1000,0,1000,553.52,19.79,1
3865,DECODE,1000,0,1000,554.52,19.75,1
3866,DECODE,1000,0,1000,555.52,19.60,1
3867,DECODE,998,0,998,556.53,19.93,1
3868,EXTEND,2,157,0,87.00,17.23,1
3869,EXTEND,2,363,0,186.00,22.52,1
3870,DECODE,1000,0,1000,556.12,19.28,1
3871,DECODE,1000,0,1000,557.12,19.85,1
3872,DECODE,998,0,998,557.98,19.99,1
3873,EXTEND,2,143,0,76.50,25.74,1
3874,DECODE,999,0,999,558.08,19.85,1
3875,EXTEND,1,191,0,203.00,24.35,1
3876,DECODE,998,0,998,559.25,19.95,1
3877,EXTEND,2,160,0,85.50,16.60,1
3878,DECODE,1000,0,1000,559.30,20.02,1
3879,DECODE,1000,0,1000,560.30,19.78,1
3880,DECODE,1000,0,1000,561.30,19.75,1
3881,DECODE,999,0,999,562.02,21.84,1
3882,EXTEND,1,54,0,64.00,16.19,1
3883,DECODE,999,0,999,562.27,19.99,1
3884,EXTEND,1,78,0,84.00,16.19,1
3885,DECODE,998,0,998,562.71,22.60,1
3886,DECODE,998,0,998,563.71,20.24,1
3887,EXTEND,2,202,0,107.00,16.37,1
3888,DECODE,1000,0,1000,563.80,19.76,1
3889,DECODE,1000,0,1000,564.80,19.60,1
3890,DECODE,999,0,999,565.43,19.97,1
3891,EXTEND,1,91,0,97.00,16.43,1
3892,EXTEND,3,142,0,57.33,16.58,1
3893,EXTEND,2,126,0,74.00,16.94,1
3894,DECODE,1000,0,1000,563.96,19.86,1
3895,DECODE,1000,0,1000,564.96,20.60,1
3896,DECODE,999,0,999,566.08,19.94,1
3897,EXTEND,1,67,0,77.00,16.39,1
3898,EXTEND,1,59,0,62.00,16.14,1
3899,DECODE,1000,0,1000,566.29,19.68,1
3900,DECODE,1000,0,1000,567.29,19.63,1
3901,DECODE,999,0,999,567.99,31.57,1
3902,EXTEND,1,28,0,33.00,16.42,1
3903,DECODE,1000,0,1000,568.46,19.63,1
3904,DECODE,1000,0,1000,569.46,19.57,1
3905,DECODE,1000,0,1000,570.46,19.82,1
3906,DECODE,999,0,999,571.21,19.95,1
3907,EXTEND,1,66,0,72.00,16.62,1
3908,DECODE,999,0,999,571.31,19.82,1
3909,EXTEND,1,47,0,56.00,16.24,1
3910,DECODE,999,0,999,571.91,19.87,1
3911,EXTEND,1,94,0,105.00,16.11,1
3912,DECODE,999,0,999,572.16,19.96,1
3913,EXTEND,1,30,0,35.00,16.19,1
3914,DECODE,999,0,999,572.65,19.84,1
3915,EXTEND,1,42,0,50.00,15.96,1
3916,DECODE,999,0,999,572.81,19.85,1
3917,EXTEND,1,50,0,56.00,16.39,1
3918,DECODE,1000,0,1000,573.29,19.77,1
3919,DECODE,1000,0,1000,574.29,19.94,1
3920,DECODE,1000,0,1000,575.29,20.01,1
3921,DECODE,997,0,997,575.65,19.93,1
3922,EXTEND,3,416,0,144.33,16.46,1
3923,DECODE,998,0,998,575.00,20.32,1
3924,EXTEND,2,132,0,71.00,16.41,1
3925,DECODE,1000,0,1000,575.00,20.30,1
3926,DECODE,1000,0,1000,576.00,19.81,1
3927,DECODE,999,0,999,576.71,20.10,1
3928,EXTEND,1,140,0,148.00,17.45,1
3929,EXTEND,1,65,0,71.00,17.72,1
3930,EXTEND,1,158,0,162.00,30.86,1
3931,DECODE,1000,0,1000,575.97,25.12,1
3932,DECODE,1000,0,1000,576.97,21.04,1
3933,DECODE,999,0,999,577.70,20.92,1
3934,EXTEND,1,34,0,41.00,19.17,1
3935,EXTEND,1,63,0,70.00,19.07,1
3936,EXTEND,3,324,0,114.33,26.36,1
3937,DECODE,1000,0,1000,576.29,19.96,1
3938,DECODE,1000,0,1000,577.29,20.41,1
3939,DECODE,998,0,998,578.34,20.36,1
3940,EXTEND,2,141,0,78.00,18.20,1
3941,DECODE,999,0,999,578.08,19.81,1
3942,EXTEND,1,62,0,65.00,16.25,1
3943,DECODE,999,0,999,578.62,19.98,1
3944,EXTEND,1,292,0,296.00,23.91,1
3945,DECODE,1000,0,1000,579.34,20.11,1
3946,DECODE,1000,0,1000,580.34,20.10,1
3947,DECODE,1000,0,1000,581.34,20.23,1
3948,DECODE,1000,0,1000,582.34,20.45,1
3949,DECODE,998,0,998,583.03,20.95,1
3950,EXTEND,2,77,0,49.50,16.93,1
3951,EXTEND,1,61,0,66.00,16.42,1
3952,EXTEND,1,67,0,77.00,16.05,1
3953,DECODE,1000,0,1000,581.84,19.76,1
3954,DECODE,1000,0,1000,582.84,19.87,1
3955,DECODE,999,0,999,583.37,20.41,1
3956,EXTEND,1,41,0,49.00,17.01,1
3957,EXTEND,4,258,0,71.75,17.32,1
3958,DECODE,1000,0,1000,581.10,19.62,1
3959,DECODE,1000,0,1000,582.10,19.81,1
3960,DECODE,998,0,998,583.39,20.12,1
3961,EXTEND,2,222,0,115.50,17.43,1
3962,EXTEND,1,34,0,43.00,16.91,1
3963,EXTEND,2,162,0,85.50,16.12,1
3964,DECODE,1000,0,1000,582.01,19.86,1
3965,DECODE,1000,0,1000,583.01,20.13,1
3966,DECODE,1000,0,1000,584.01,19.84,1
3967,DECODE,999,0,999,585.23,20.06,1
3968,EXTEND,1,44,0,59.00,22.93,1
3969,EXTEND,1,181,0,186.00,16.38,1
3970,DECODE,1000,0,1000,585.02,19.73,1
3971,DECODE,1000,0,1000,586.02,19.68,1
3972,DECODE,1000,0,1000,587.02,19.85,1
3973,DECODE,998,0,998,587.29,20.10,1
3974,EXTEND,2,83,0,48.50,16.80,1
3975,DECODE,1000,0,1000,587.21,19.74,1
3976,DECODE,1000,0,1000,588.21,19.90,1
3977,DECODE,996,0,996,587.93,19.91,1
3978,EXTEND,4,356,0,96.75,16.54,1
3979,EXTEND,1,104,0,110.00,16.09,1
3980,DECODE,1000,0,1000,586.62,19.78,1
3981,DECODE,1000,0,1000,587.62,19.90,1
3982,DECODE,1000,0,1000,588.62,19.83,1
3983,DECODE,999,0,999,589.90,20.12,1
3984,EXTEND,1,331,0,338.00,16.43,1
3985,EXTEND,1,78,0,82.00,15.92,1
3986,DECODE,1000,0,1000,590.05,19.80,1
3987,DECODE,1000,0,1000,591.05,19.98,1
3988,DECODE,999,0,999,591.79,22.19,1
3989,EXTEND,1,49,0,54.00,19.78,1
3990,EXTEND,1,37,0,51.00,16.19,1
3991,EXTEND,1,85,0,94.00,16.65,1
3992,DECODE,1000,0,1000,591.18,19.79,1
3993,DECODE,1000,0,1000,592.18,19.67,1
3994,DECODE,998,0,998,593.35,20.05,1
3995,EXTEND,2,117,0,67.50,17.34,1
3996,EXTEND,2,144,0,78.00,16.31,1
3997,EXTEND,1,89,0,92.00,15.75,1
3998,DECODE,1000,0,1000,591.37,19.59,1
3999,DECODE,1000,0,1000,592.37,19.65,1
4000,DECODE,998,0,998,593.15,26.92,1
4001,EXTEND,2,95,0,52.00,16.73,1
4002,EXTEND,4,592,0,156.00,22.17,1
4003,EXTEND,1,42,0,49.00,15.83,1
4004,DECODE,1000,0,1000,590.99,19.87,1
4005,DECODE,1000,0,1000,591.99,20.24,1
4006,DECODE,999,0,999,592.71,20.28,1
4007,EXTEND,1,28,0,34.00,16.29,1
4008,EXTEND,1,38,0,42.00,16.14,1
4009,DECODE,1000,0,1000,592.33,19.94,1
4010,DECODE,1000,0,1000,593.33,19.86,1
4011,DECODE,1000,0,1000,594.33,20.14,1
4012,DECODE,997,0,997,594.33,19.94,1
4013,EXTEND,3,176,0,66.33,16.81,1
4014,EXTEND,2,172,0,93.50,16.76,1
4015,EXTEND,1,53,0,61.00,16.73,1
4016,DECODE,1000,0,1000,591.75,20.31,1
4017,DECODE,1000,0,1000,592.75,20.41,1
4018,DECODE,999,0,999,593.44,20.99,1
4019,EXTEND,1,54,0,59.00,17.18,1
4020,DECODE,1000,0,1000,593.90,20.74,1
4021,DECODE,1000,0,1000,594.90,19.96,1
4022,DECODE,1000,0,1000,595.90,19.93,1
4023,DECODE,997,0,997,596.79,20.38,1
4024,EXTEND,3,215,0,77.00,16.36,1
4025,EXTEND,1,90,0,101.00,16.03,1
4026,EXTEND,2,183,0,98.00,22.95,1
4027,DECODE,1000,0,1000,594.51,20.85,1
4028,DECODE,1000,0,1000,595.51,19.95,1
4029,DECODE,999,0,999,596.76,20.37,1
4030,EXTEND,1,69,0,74.00,16.08,1
4031,EXTEND,1,220,0,224.00,16.08,1
4032,DECODE,1000,0,1000,596.44,20.26,1
4033,DECODE,1000,0,1000,597.44,19.91,1
4034,DECODE,995,0,995,598.91,20.19,1
4035,EXTEND,5,599,0,126.00,23.89,1
4036,EXTEND,2,134,0,76.00,25.92,1
4037,EXTEND,1,77,0,82.00,19.64,1
4038,DECODE,1000,0,1000,596.57,19.85,1
4039,DECODE,1000,0,1000,597.57,22.98,1
4040,DECODE,999,0,999,598.26,20.63,1
4041,EXTEND,1,203,0,206.00,23.51,1
4042,EXTEND,2,116,0,66.00,28.29,1
4043,EXTEND,1,29,0,41.00,21.16,1
4044,DECODE,1000,0,1000,596.86,19.75,1
4045,DECODE,1000,0,1000,597.86,19.70,1
4046,DECODE,999,0,999,598.93,20.36,1
4047,EXTEND,1,66,0,72.00,17.68,1
4048,EXTEND,1,84,0,103.00,15.65,1
4049,EXTEND,1,35,0,40.00,15.81,1
4050,DECODE,1000,0,1000,598.54,20.35,1
4051,DECODE,1000,0,1000,599.54,20.22,1
4052,DECODE,1000,0,1000,600.54,20.14,1
4053,DECODE,999,0,999,601.64,20.56,1
4054,EXTEND,1,51,0,58.00,16.25,1
4055,EXTEND,2,154,0,80.50,16.07,1
4056,EXTEND,1,276,0,280.00,15.77,1
4057,DECODE,1000,0,1000,600.37,20.20,1
4058,DECODE,1000,0,1000,601.37,19.96,1
4059,DECODE,998,0,998,602.10,20.88,1
4060,EXTEND,2,116,0,66.50,16.39,1
4061,DECODE,999,0,999,601.70,20.58,1
4062,EXTEND,1,63,0,68.00,15.96,1
4063,DECODE,999,0,999,602.24,20.29,1
4064,EXTEND,1,66,0,71.00,15.65,1
4065,DECODE,1000,0,1000,602.70,20.13,1
4066,DECODE,1000,0,1000,603.70,20.15,1
4067,DECODE,998,0,998,604.93,20.53,1
4068,EXTEND,2,114,0,62.50,16.07,1
4069,EXTEND,1,59,0,64.00,16.86,1
4070,DECODE,1000,0,1000,603.95,20.43,1
4071,DECODE,1000,0,1000,604.95,20.20,1
4072,DECODE,999,0,999,605.84,20.16,1
4073,EXTEND,1,72,0,85.00,15.67,1
4074,DECODE,1000,0,1000,606.32,20.13,1
4075,DECODE,1000,0,1000,607.32,19.74,1
4076,DECODE,1000,0,1000,608.32,20.00,1
4077,DECODE,998,0,998,609.08,20.14,1
4078,EXTEND,2,437,0,231.50,21.47,1
4079,DECODE,999,0,999,608.99,20.23,1
4080,EXTEND,1,31,0,37.00,17.79,1
4081,DECODE,998,0,998,609.37,20.73,1
4082,EXTEND,2,158,0,83.50,18.20,1
4083,DECODE,999,0,999,608.96,20.40,1
4084,EXTEND,1,50,0,55.00,17.38,1
4085,DECODE,1000,0,1000,609.41,19.96,1
4086,DECODE,1000,0,1000,610.41,20.30,1
4087,DECODE,996,0,996,611.88,20.26,1
4088,EXTEND,4,230,0,62.50,24.17,1
4089,DECODE,996,0,996,610.38,20.16,1
4090,EXTEND,4,247,0,72.00,24.33,1
4091,DECODE,997,0,997,608.59,20.29,1
4092,EXTEND,3,252,0,90.67,16.45,1
4093,DECODE,1000,0,1000,608.04,20.26,1
4094,DECODE,1000,0,1000,609.04,20.08,1
4095,DECODE,1000,0,1000,610.04,20.81,1
4096,DECODE,998,0,998,610.90,20.44,1
4097,EXTEND,2,106,0,59.00,17.53,1
4098,EXTEND,2,167,0,89.00,16.88,1
4099,DECODE,1000,0,1000,608.98,20.27,1
4100,DECODE,1000,0,1000,609.98,20.19,1
4101,DECODE,999,0,999,610.64,20.47,1
4102,EXTEND,1,364,0,368.00,23.53,1
4103,EXTEND,2,105,0,59.00,15.94,1
4104,DECODE,1000,0,1000,610.36,20.04,1
4105,DECODE,1000,0,1000,611.36,20.15,1
4106,DECODE,998,0,998,611.74,20.61,1
4107,EXTEND,2,413,0,215.00,23.01,1
4108,DECODE,1000,0,1000,611.94,20.42,1
4109,DECODE,1000,0,1000,612.94,20.31,1
4110,DECODE,999,0,999,613.88,20.66,1
4111,EXTEND,1,46,0,54.00,16.05,1
4112,EXTEND,3,186,0,67.00,16.23,1
4113,DECODE,1000,0,1000,612.77,20.36,1
4114,DECODE,1000,0,1000,613.77,20.32,1
4115,DECODE,999,0,999,614.43,20.66,1
4116,EXTEND,1,34,0,40.00,17.50,1
4117,EXTEND,3,248,0,89.33,31.55,1
4118,EXTEND,1,70,0,78.00,29.16,1
4119,DECODE,1000,0,1000,612.31,20.27,1
4120,DECODE,1000,0,1000,613.31,20.31,1
4121,DECODE,997,0,997,614.53,20.78,1
4122,EXTEND,3,373,0,131.33,24.01,1
4123,EXTEND,1,35,0,41.00,15.92,1
4124,DECODE,1000,0,1000,613.11,21.87,1
4125,DECODE,1000,0,1000,614.11,20.54,1
4126,DECODE,998,0,998,614.89,20.70,1
4127,EXTEND,2,123,0,67.00,31.78,1
4128,EXTEND,2,236,0,123.50,17.64,1
4129,EXTEND,1,37,0,41.00,17.66,1
4130,DECODE,1000,0,1000,612.37,20.69,1
4131,DECODE,1000,0,1000,613.37,20.34,1
4132,DECODE,998,0,998,614.01,20.92,1
4133,EXTEND,2,146,0,80.50,16.30,1
4134,EXTEND,2,87,0,51.00,15.96,1
4135,DECODE,1000,0,1000,613.06,20.04,1
4136,DECODE,1000,0,1000,614.06,20.44,1
4137,DECODE,1000,0,1000,615.06,20.47,1
4138,DECODE,999,0,999,615.63,21.22,1
4139,EXTEND,1,49,0,56.00,17.19,1
4140,EXTEND,1,78,0,83.00,16.83,1
4141,DECODE,1000,0,1000,615.20,20.57,1
4142,DECODE,1000,0,1000,616.20,20.93,1
4143,DECODE,999,0,999,616.86,21.55,1
4144,EXTEND,1,55,0,68.00,17.48,1
4145,EXTEND,2,107,0,61.50,17.46,1
4146,EXTEND,1,196,0,202.00,15.76,1
4147,DECODE,1000,0,1000,614.92,21.27,1
4148,DECODE,1000,0,1000,615.92,20.47,1
4149,DECODE,1000,0,1000,616.92,20.68,1
4150,DECODE,996,0,996,617.93,20.85,1
4151,EXTEND,4,182,0,52.25,16.04,1
4152,DECODE,996,0,996,616.77,21.01,1
4153,EXTEND,4,407,0,108.00,17.97,1
4154,DECODE,997,0,997,616.04,21.06,1
4155,EXTEND,3,112,0,44.33,15.98,1
4156,DECODE,1000,0,1000,615.33,20.27,1
4157,DECODE,1000,0,1000,616.33,20.27,1
4158,DECODE,996,0,996,617.13,20.74,1
4159,EXTEND,4,261,0,70.50,25.24,1
4160,EXTEND,2,173,0,92.50,18.45,1
4161,EXTEND,2,280,0,146.00,15.84,1
4162,DECODE,1000,0,1000,613.36,20.17,1
4163,DECODE,1000,0,1000,614.36,20.68,1
4164,DECODE,999,0,999,614.98,20.66,1
4165,EXTEND,1,80,0,84.00,15.78,1
4166,DECODE,998,0,998,616.01,20.48,1
4167,EXTEND,2,236,0,124.00,16.02,1
4168,DECODE,1000,0,1000,616.02,20.30,1
4169,DECODE,1000,0,1000,617.02,20.44,1
4170,DECODE,999,0,999,618.22,21.15,1
4171,EXTEND,1,38,0,43.00,16.36,1
4172,DECODE,999,0,999,618.86,20.54,1
4173,EXTEND,1,46,0,51.00,28.31,1
4174,DECODE,999,0,999,619.43,31.97,1
4175,EXTEND,1,67,0,86.00,21.58,1
4176,DECODE,999,0,999,620.19,30.96,1
4177,EXTEND,1,36,0,43.00,22.47,1
4178,DECODE,999,0,999,620.23,21.65,1
4179,EXTEND,1,60,0,80.00,19.44,1
4180,DECODE,998,0,998,619.91,21.74,1
4181,EXTEND,2,325,0,173.50,39.18,1
4182,DECODE,998,0,998,620.31,21.05,1
4183,EXTEND,2,109,0,60.00,15.77,1
4184,DECODE,998,0,998,620.16,20.38,1
4185,EXTEND,2,282,0,147.50,24.28,1
4186,DECODE,999,0,999,620.42,20.49,1
4187,EXTEND,1,44,0,50.00,15.90,1
4188,DECODE,1000,0,1000,620.85,20.15,1
4189,DECODE,1000,0,1000,621.85,20.26,1
4190,DECODE,1000,0,1000,622.85,20.23,1
4191,DECODE,998,0,998,623.69,20.40,1
4192,EXTEND,2,104,0,61.00,16.22,1
4193,EXTEND,2,423,0,217.50,27.02,1
4194,DECODE,1000,0,1000,621.97,20.39,1
4195,DECODE,1000,0,1000,622.97,20.95,1
4196,DECODE,999,0,999,623.60,20.79,1
4197,EXTEND,1,44,0,52.00,16.19,1
4198,EXTEND,1,60,0,67.00,16.00,1
4199,DECODE,1000,0,1000,623.37,20.18,1
4200,DECODE,1000,0,1000,624.37,20.24,1
4201,DECODE,999,0,999,625.00,20.75,1
4202,EXTEND,1,202,0,206.00,16.12,1
4203,EXTEND,1,326,0,333.00,22.68,1
4204,EXTEND,2,241,0,128.50,25.72,1
4205,DECODE,1000,0,1000,624.15,20.46,1
4206,DECODE,1000,0,1000,625.15,20.59,1
4207,DECODE,998,0,998,625.40,20.77,1
4208,EXTEND,2,108,0,61.50,15.88,1
4209,EXTEND,3,432,0,153.33,15.85,1
4210,EXTEND,3,178,0,66.67,22.43,1
4211,DECODE,1000,0,1000,622.32,20.23,1
4212,DECODE,1000,0,1000,623.32,20.44,1
4213,DECODE,1000,0,1000,624.32,20.35,1
4214,DECODE,1000,0,1000,625.32,20.26,1
4215,DECODE,1000,0,1000,626.32,20.24,1
4216,DECODE,1000,0,1000,627.32,20.27,1
4217,DECODE,999,0,999,628.66,20.55,1
4218,EXTEND,1,172,0,179.00,15.84,1
4219,EXTEND,1,36,0,49.00,16.01,1
4220,EXTEND,1,67,0,71.00,16.63,1
4221,DECODE,1000,0,1000,627.52,20.56,1
4222,DECODE,1000,0,1000,628.52,20.21,1
4223,DECODE,998,0,998,629.31,20.42,1
4224,EXTEND,2,211,0,110.00,22.90,1
4225,EXTEND,2,77,0,44.00,15.96,1
4226,EXTEND,2,357,0,183.00,15.91,1
4227,DECODE,1000,0,1000,626.68,20.32,1
4228,DECODE,1000,0,1000,627.68,20.37,1
4229,DECODE,999,0,999,628.98,20.69,1
4230,EXTEND,1,39,0,51.00,15.82,1
4231,DECODE,998,0,998,629.26,20.71,1
4232,EXTEND,2,141,0,75.50,15.94,1
4233,DECODE,999,0,999,629.27,20.46,1
4234,EXTEND,1,56,0,61.00,16.15,1
4235,DECODE,999,0,999,629.25,20.72,1
4236,EXTEND,1,59,0,64.00,15.73,1
4237,DECODE,998,0,998,629.36,20.40,1
4238,EXTEND,2,240,0,126.50,16.10,1
4239,DECODE,1000,0,1000,629.36,20.34,1
4240,DECODE,1000,0,1000,630.36,20.46,1
4241,DECODE,999,0,999,631.69,20.79,1
4242,EXTEND,1,39,0,46.00,16.51,1
4243,DECODE,999,0,999,632.15,20.73,1
4244,EXTEND,1,60,0,64.00,16.24,1
4245,DECODE,996,0,996,631.49,20.53,1
4246,EXTEND,4,498,0,130.00,22.09,1
4247,DECODE,999,0,999,630.70,20.73,1
4248,EXTEND,1,102,0,105.00,27.84,1
4249,DECODE,999,0,999,631.36,20.63,1
4250,EXTEND,1,130,0,135.00,15.98,1
4251,DECODE,998,0,998,632.02,20.42,1
4252,EXTEND,2,166,0,87.00,15.85,1
4253,DECODE,998,0,998,630.74,20.60,1
4254,EXTEND,2,81,0,49.00,16.47,1
4255,DECODE,997,0,997,629.95,20.77,1
4256,EXTEND,3,229,0,87.67,24.67,1
4257,DECODE,999,0,999,629.34,20.83,1
4258,EXTEND,1,61,0,65.00,16.06,1
4259,DECODE,1000,0,1000,629.77,20.47,1
4260,DECODE,1000,0,1000,630.77,20.38,1
4261,DECODE,1000,0,1000,631.77,20.35,1
4262,DECODE,1000,0,1000,632.77,20.56,1
4263,DECODE,999,0,999,633.25,20.77,1
4264,EXTEND,1,54,0,65.00,16.31,1
4265,DECODE,999,0,999,633.86,20.46,1
4266,EXTEND,1,66,0,77.00,19.37,1
4267,DECODE,1000,0,1000,634.30,20.27,1
4268,DECODE,1000,0,1000,635.30,20.17,1
4269,DECODE,1000,0,1000,636.30,20.36,1
4270,DECODE,1000,0,1000,637.30,20.64,1
4271,DECODE,998,0,998,638.87,20.91,1
4272,EXTEND,2,127,0,69.00,17.58,1
4273,EXTEND,3,607,0,210.00,22.55,1
4274,EXTEND,1,52,0,58.00,16.63,1
4275,DECODE,1000,0,1000,637.96,21.11,1
4276,DECODE,1000,0,1000,638.96,20.80,1
4277,DECODE,999,0,999,640.38,20.98,1
4278,EXTEND,1,73,0,79.00,17.78,1
4279,DECODE,999,0,999,641.20,22.61,1
4280,EXTEND,1,87,0,92.00,18.78,1
4281,DECODE,998,0,998,640.81,21.91,1
4282,EXTEND,2,105,0,59.00,16.17,1
4283,DECODE,1000,0,1000,640.65,20.59,1
4284,DECODE,1000,0,1000,641.65,20.54,1
4285,DECODE,999,0,999,642.24,20.91,1
4286,EXTEND,1,61,0,66.00,16.15,1
4287,EXTEND,1,35,0,45.00,15.60,1
4288,EXTEND,2,233,0,123.00,16.23,1
4289,DECODE,1000,0,1000,640.86,20.88,1
4290,DECODE,1000,0,1000,641.86,20.31,1
4291,DECODE,997,0,997,643.17,20.55,1
4292,EXTEND,3,141,0,55.33,16.02,1
4293,EXTEND,1,67,0,71.00,25.65,1
4294,EXTEND,2,104,0,57.50,16.19,1
4295,DECODE,1000,0,1000,640.80,20.31,1
4296,DECODE,1000,0,1000,641.80,20.24,1
4297,DECODE,1000,0,1000,642.80,20.53,1
4298,DECODE,998,0,998,643.64,20.58,1
4299,EXTEND,2,125,0,68.50,29.41,1
4300,EXTEND,3,391,0,136.00,22.68,1
4301,EXTEND,3,403,0,139.00,22.01,1
4302,DECODE,1000,0,1000,641.42,20.55,1
4303,DECODE,1000,0,1000,642.42,20.74,1
4304,DECODE,999,0,999,643.71,21.00,1
4305,EXTEND,1,124,0,130.00,16.55,1
4306,DECODE,1000,0,1000,644.19,20.57,1
4307,DECODE,1000,0,1000,645.19,20.58,1
4308,DECODE,1000,0,1000,646.19,20.54,1
4309,DECODE,1000,0,1000,647.19,20.81,1
4310,DECODE,999,0,999,648.57,20.94,1
4311,EXTEND,1,39,0,49.00,18.02,1
4312,DECODE,1000,0,1000,648.97,20.67,1
4313,DECODE,1000,0,1000,649.97,20.85,1
4314,DECODE,1000,0,1000,650.97,20.92,1
4315,DECODE,998,0,998,652.26,21.03,1
4316,EXTEND,2,218,0,113.50,23.92,1
4317,EXTEND,1,49,0,55.00,16.00,1
4318,EXTEND,1,45,0,52.00,15.44,1
4319,DECODE,1000,0,1000,650.99,20.61,1
4320,DECODE,1000,0,1000,651.99,20.74,1
4321,DECODE,1000,0,1000,652.99,20.79,1
4322,DECODE,999,0,999,653.45,21.03,1
4323,EXTEND,1,30,0,35.00,23.16,1
4324,EXTEND,2,317,0,166.00,33.76,1
4325,EXTEND,1,37,0,73.00,22.88,1
4326,DECODE,1000,0,1000,652.29,21.11,1
4327,DECODE,1000,0,1000,653.29,21.35,1
4328,DECODE,999,0,999,653.84,21.10,1
4329,EXTEND,1,64,0,69.00,16.28,1
4330,DECODE,999,0,999,654.55,20.85,1
4331,EXTEND,1,64,0,70.00,17.76,1
4332,DECODE,1000,0,1000,654.96,20.89,1
4333,DECODE,1000,0,1000,655.96,20.84,1
4334,DECODE,998,0,998,656.68,21.82,1
4335,EXTEND,2,122,0,67.00,19.08,1
4336,EXTEND,1,138,0,145.00,23.36,1
4337,DECODE,1000,0,1000,655.57,21.53,1
4338,DECODE,1000,0,1000,656.57,21.78,1
4339,DECODE,996,0,996,657.61,21.19,1
4340,EXTEND,4,252,0,72.75,16.13,1
4341,EXTEND,1,26,0,31.00,15.96,1
4342,EXTEND,1,190,0,194.00,23.17,1
4343,DECODE,1000,0,1000,654.28,20.62,1
4344,DECODE,1000,0,1000,655.28,20.71,1
4345,DECODE,998,0,998,657.08,20.87,1
4346,EXTEND,2,90,0,56.50,16.34,1
4347,EXTEND,4,368,0,99.00,15.98,1
4348,EXTEND,2,212,0,112.00,22.55,1
4349,DECODE,1000,0,1000,655.23,20.77,1
4350,DECODE,1000,0,1000,656.23,20.84,1
4351,DECODE,1000,0,1000,657.23,20.94,1
4352,DECODE,998,0,998,658.82,21.48,1
4353,EXTEND,2,88,0,51.50,16.71,1
4354,DECODE,999,0,999,658.43,22.69,1
4355,EXTEND,1,99,0,105.00,26.81,1
4356,DECODE,1000,0,1000,658.88,21.04,1
4357,DECODE,1000,0,1000,659.88,20.88,1
4358,DECODE,998,0,998,660.64,21.04,1
4359,EXTEND,2,110,0,60.50,19.51,1
4360,DECODE,999,0,999,660.47,23.86,1
4361,EXTEND,1,116,0,130.00,19.16,1
4362,DECODE,1000,0,1000,660.93,21.26,1
4363,DECODE,1000,0,1000,661.93,21.27,1
4364,DECODE,1000,0,1000,662.93,21.19,1
4365,DECODE,999,0,999,663.93,21.58,1
4366,EXTEND,1,265,0,270.00,25.09,1
4367,EXTEND,1,80,0,86.00,16.25,1
4368,DECODE,1000,0,1000,663.96,20.92,1
4369,DECODE,1000,0,1000,664.96,21.05,1
4370,DECODE,999,0,999,666.30,21.48,1
4371,EXTEND,1,136,0,140.00,17.45,1
4372,EXTEND,2,113,0,62.50,19.32,1
4373,EXTEND,2,136,0,82.00,16.24,1
4374,DECODE,1000,0,1000,664.63,20.91,1
4375,DECODE,1000,0,1000,665.63,20.94,1
4376,DECODE,996,0,996,666.97,20.96,1
4377,EXTEND,4,232,0,62.75,18.61,1
4378,EXTEND,3,148,0,57.67,23.94,1
4379,DECODE,1000,0,1000,664.33,21.10,1
4380,DECODE,1000,0,1000,665.33,20.80,1
4381,DECODE,998,0,998,665.67,20.97,1
4382,EXTEND,2,132,0,73.00,16.60,1
4383,DECODE,998,0,998,664.57,21.06,1
4384,EXTEND,2,143,0,75.00,16.42,1
4385,DECODE,998,0,998,663.64,20.89,1
4386,EXTEND,2,132,0,72.50,16.24,1
4387,DECODE,997,0,997,663.58,20.92,1
4388,DECODE,997,0,997,664.58,20.82,1
4389,EXTEND,3,248,0,88.67,17.11,1
4390,DECODE,999,0,999,664.23,21.49,1
4391,EXTEND,1,68,0,73.00,16.34,1
4392,DECODE,1000,0,1000,664.64,20.81,1
4393,DECODE,1000,0,1000,665.64,20.99,1
4394,DECODE,1000,0,1000,666.64,20.96,1
4395,DECODE,998,0,998,667.47,21.36,1
4396,EXTEND,2,132,0,70.00,31.97,1
4397,EXTEND,2,99,0,55.50,22.56,1
4398,EXTEND,1,47,0,53.00,16.62,1
4399,DECODE,1000,0,1000,665.39,21.83,1
4400,DECODE,1000,0,1000,666.39,20.86,1
4401,DECODE,999,0,999,666.86,30.50,1
4402,EXTEND,1,272,0,280.00,16.95,1
4403,EXTEND,1,48,0,55.00,16.80,1
4404,EXTEND,2,154,0,83.00,20.64,1
4405,DECODE,1000,0,1000,666.56,21.65,1
4406,DECODE,1000,0,1000,667.56,22.30,1
4407,DECODE,999,0,999,668.09,21.37,1
4408,EXTEND,1,291,0,298.00,16.60,1
4409,EXTEND,1,178,0,184.00,16.16,1
4410,EXTEND,1,49,0,56.00,16.51,1
4411,DECODE,1000,0,1000,667.18,20.81,1
4412,DECODE,1000,0,1000,668.18,20.87,1
4413,DECODE,998,0,998,669.56,21.79,1
4414,EXTEND,2,150,0,87.50,16.54,1
4415,EXTEND,3,329,0,115.00,24.19,1
4416,EXTEND,1,107,0,110.00,15.81,1
4417,DECODE,1000,0,1000,667.53,20.76,1
4418,DECODE,1000,0,1000,668.53,20.72,1
4419,DECODE,999,0,999,669.71,21.04,1
4420,EXTEND,1,47,0,52.00,16.91,1
4421,EXTEND,2,135,0,75.50,16.42,1
4422,EXTEND,2,93,0,60.00,16.30,1
4423,DECODE,1000,0,1000,667.92,20.66,1
4424,DECODE,1000,0,1000,668.92,20.82,1
4425,DECODE,999,0,999,669.80,21.27,1
4426,EXTEND,1,452,0,460.00,16.45,1
4427,EXTEND,2,81,0,50.00,16.43,1
4428,DECODE,1000,0,1000,669.33,20.85,1
4429,DECODE,1000,0,1000,670.33,20.86,1
4430,DECODE,997,0,997,671.55,21.32,1
4431,EXTEND,3,399,0,139.67,23.33,1
4432,EXTEND,3,183,0,66.33,18.58,1
4433,EXTEND,1,72,0,85.00,15.96,1
4434,DECODE,1000,0,1000,668.90,21.01,1
4435,DECODE,1000,0,1000,669.90,20.92,1
4436,DECODE,999,0,999,670.44,23.65,1
4437,EXTEND,1,56,0,60.00,18.13,1
4438,DECODE,998,0,998,669.76,21.16,1
4439,EXTEND,2,246,0,129.50,25.68,1
4440,DECODE,999,0,999,669.66,21.12,1
4441,EXTEND,1,59,0,66.00,16.30,1
4442,DECODE,997,0,997,670.45,20.98,1
4443,EXTEND,3,188,0,68.33,16.12,1
4444,DECODE,1000,0,1000,669.65,20.82,1
4445,DECODE,1000,0,1000,670.65,21.16,1
4446,DECODE,998,0,998,672.45,21.51,1
4447,EXTEND,2,295,0,153.50,23.88,1
4448,DECODE,1000,0,1000,672.41,20.86,1
4449,DECODE,1000,0,1000,673.41,20.93,1
4450,DECODE,996,0,996,674.29,21.13,1
4451,EXTEND,4,259,0,73.00,23.23,1
4452,EXTEND,3,253,0,92.67,24.45,1
4453,DECODE,1000,0,1000,671.32,20.83,1
4454,DECODE,1000,0,1000,672.32,21.02,1
4455,DECODE,999,0,999,672.84,22.03,1
4456,EXTEND,1,54,0,59.00,16.22,1
4457,EXTEND,1,122,0,126.00,16.19,1
4458,DECODE,1000,0,1000,672.99,20.93,1
4459,DECODE,1000,0,1000,673.99,21.74,1
4460,DECODE,999,0,999,675.09,21.79,1
4461,EXTEND,1,60,0,64.00,18.79,1
4462,EXTEND,1,29,0,35.00,16.56,1
4463,EXTEND,1,35,0,49.00,15.84,1
4464,DECODE,1000,0,1000,674.90,21.00,1
4465,DECODE,1000,0,1000,675.90,21.19,1
4466,DECODE,999,0,999,676.48,21.29,1
4467,EXTEND,1,66,0,71.00,16.59,1
4468,EXTEND,2,103,0,58.50,16.46,1
4469,EXTEND,1,61,0,66.00,16.08,1
4470,DECODE,1000,0,1000,676.08,21.11,1
4471,DECODE,1000,0,1000,677.08,22.14,1
4472,DECODE,998,0,998,678.26,31.68,1
4473,EXTEND,2,340,0,174.00,16.41,1
4474,EXTEND,2,207,0,108.50,23.25,1
4475,EXTEND,1,57,0,61.00,16.14,1
4476,DECODE,1000,0,1000,676.31,21.14,1
4477,DECODE,1000,0,1000,677.31,21.11,1
4478,DECODE,1000,0,1000,678.31,21.15,1
4479,DECODE,999,0,999,679.34,21.92,1
4480,EXTEND,1,232,0,238.00,16.23,1
4481,EXTEND,1,67,0,71.00,16.06,1
4482,EXTEND,1,40,0,45.00,16.72,1
4483,DECODE,1000,0,1000,678.12,21.01,1
4484,DECODE,1000,0,1000,679.12,20.99,1
4485,DECODE,997,0,997,679.45,21.20,1
4486,EXTEND,3,183,0,67.00,16.31,1
4487,DECODE,998,0,998,678.97,21.18,1
4488,EXTEND,2,110,0,60.00,16.43,1
4489,DECODE,1000,0,1000,678.73,21.05,1
4490,DECODE,1000,0,1000,679.73,21.30,1
4491,DECODE,998,0,998,679.92,22.00,1
4492,EXTEND,2,121,0,67.00,16.25,1
4493,EXTEND,1,58,0,72.00,17.22,1
4494,EXTEND,1,84,0,87.00,16.11,1
4495,DECODE,1000,0,1000,679.26,21.07,1
4496,DECODE,1000,0,1000,680.26,21.31,1
4497,DECODE,997,0,997,681.68,21.66,1
4498,EXTEND,3,365,0,127.00,16.72,1
4499,DECODE,1000,0,1000,681.02,21.01,1
4500,DECODE,1000,0,1000,682.02,21.18,1
4501,DECODE,1000,0,1000,683.02,21.27,1
4502,DECODE,997,0,997,682.96,21.42,1
4503,EXTEND,3,208,0,75.67,16.44,1
4504,EXTEND,1,69,0,72.00,15.87,1
4505,DECODE,1000,0,1000,681.00,20.91,1
4506,DECODE,1000,0,1000,682.00,21.10,1
4507,DECODE,998,0,998,682.66,21.62,1
4508,EXTEND,2,106,0,60.50,17.75,1
4509,DECODE,998,0,998,682.96,21.05,1
4510,EXTEND,2,131,0,70.00,24.33,1
4511,DECODE,998,0,998,681.72,31.39,1
4512,EXTEND,2,124,0,66.50,28.69,1
4513,DECODE,999,0,999,680.98,21.70,1
4514,EXTEND,1,53,0,58.00,17.92,1
4515,DECODE,999,0,999,680.59,22.53,1
4516,EXTEND,1,71,0,76.00,15.82,1
4517,DECODE,1000,0,1000,680.99,20.89,1
4518,DECODE,1000,0,1000,681.99,21.15,1
4519,DECODE,1000,0,1000,682.99,21.20,1
4520,DECODE,1000,0,1000,683.99,21.41,1
4521,DECODE,999,0,999,685.32,21.48,1
4522,EXTEND,1,46,0,51.00,18.13,1
4523,DECODE,1000,0,1000,685.69,22.26,1
4524,DECODE,1000,0,1000,686.69,21.53,1
4525,DECODE,999,0,999,687.53,21.46,1
4526,EXTEND,1,44,0,49.00,16.89,1
4527,EXTEND,1,79,0,83.00,16.38,1
4528,EXTEND,2,285,0,149.50,24.49,1
4529,DECODE,1000,0,1000,684.92,21.17,1
4530,DECODE,1000,0,1000,685.92,21.24,1
4531,DECODE,999,0,999,686.67,21.67,1
4532,EXTEND,1,45,0,55.00,17.67,1
4533,EXTEND,1,94,0,103.00,16.42,1
4534,DECODE,1000,0,1000,686.27,21.12,1
4535,DECODE,1000,0,1000,687.27,21.17,1
4536,DECODE,1000,0,1000,688.27,21.19,1
4537,DECODE,998,0,998,689.11,21.96,1
4538,EXTEND,2,126,0,70.50,16.71,1
4539,DECODE,998,0,998,688.38,21.72,1
4540,EXTEND,2,184,0,98.00,16.29,1
4541,DECODE,998,0,998,687.83,21.61,1
4542,EXTEND,2,106,0,57.50,17.35,1
4543,DECODE,1000,0,1000,687.57,21.21,1
4544,DECODE,1000,0,1000,688.57,21.27,1
4545,DECODE,999,0,999,689.26,21.35,1
4546,EXTEND,1,40,0,45.00,16.28,1
4547,DECODE,999,0,999,689.11,21.69,1
4548,EXTEND,1,44,0,49.00,16.41,1
4549,DECODE,998,0,998,689.78,21.79,1
4550,EXTEND,2,132,0,75.00,24.05,1
4551,DECODE,998,0,998,688.79,21.53,1
4552,EXTEND,2,114,0,60.50,16.31,1
4553,DECODE,999,0,999,688.78,21.36,1
4554,EXTEND,1,53,0,70.00,16.35,1
4555,DECODE,998,0,998,688.69,21.32,1
4556,EXTEND,2,93,0,53.50,17.21,1
4557,DECODE,999,0,999,688.83,21.80,1
4558,EXTEND,1,68,0,74.00,15.98,1
4559,DECODE,999,0,999,688.69,21.43,1
4560,EXTEND,1,42,0,46.00,16.16,1
4561,DECODE,998,0,998,689.66,21.43,1
4562,EXTEND,2,201,0,105.50,23.88,1
4563,DECODE,998,0,998,689.96,21.39,1
4564,EXTEND,2,102,0,56.50,16.07,1
4565,DECODE,998,0,998,689.88,21.28,1
4566,EXTEND,2,232,0,127.00,16.84,1
4567,DECODE,999,0,999,689.58,21.37,1
4568,EXTEND,1,38,0,44.00,18.38,1
4569,DECODE,998,0,998,690.14,22.36,1
4570,EXTEND,2,133,0,72.50,23.47,1
4571,DECODE,998,0,998,690.10,21.63,1
4572,EXTEND,2,119,0,67.00,16.46,1
4573,DECODE,1000,0,1000,689.85,21.41,1
4574,DECODE,1000,0,1000,690.85,21.53,1
4575,DECODE,1000,0,1000,691.85,21.56,1
4576,DECODE,1000,0,1000,692.85,21.04,1
4577,DECODE,999,0,999,694.13,21.60,1
4578,EXTEND,1,327,0,332.00,25.00,1
4579,EXTEND,1,74,0,78.00,16.63,1
4580,EXTEND,1,267,0,272.00,25.05,1
4581,DECODE,1000,0,1000,693.45,21.12,1
4582,DECODE,1000,0,1000,694.45,21.28,1
4583,DECODE,1000,0,1000,695.45,21.40,1
4584,DECODE,999,0,999,695.91,21.58,1
4585,EXTEND,1,38,0,45.00,16.58,1
4586,EXTEND,1,56,0,60.00,17.20,1
4587,EXTEND,1,57,0,65.00,16.31,1
4588,DECODE,1000,0,1000,695.48,21.25,1
4589,DECODE,1000,0,1000,696.48,21.54,1
4590,DECODE,999,0,999,697.62,21.71,1
4591,EXTEND,1,271,0,284.00,16.87,1
4592,EXTEND,3,216,0,77.33,16.32,1
4593,DECODE,1000,0,1000,695.87,21.25,1
4594,DECODE,1000,0,1000,696.87,21.47,1
4595,DECODE,1000,0,1000,697.87,21.42,1
4596,DECODE,999,0,999,699.25,21.73,1
4597,EXTEND,1,81,0,86.00,16.98,1
4598,DECODE,1000,0,1000,699.63,21.56,1
4599,DECODE,1000,0,1000,700.63,21.61,1
4600,DECODE,999,0,999,702.05,21.84,1
4601,EXTEND,1,237,0,245.00,17.09,1
4602,EXTEND,3,390,0,135.67,28.65,1
4603,EXTEND,2,123,0,66.50,22.62,1
4604,DECODE,1000,0,1000,699.48,21.51,1
4605,DECODE,1000,0,1000,700.48,21.62,1
4606,DECODE,1000,0,1000,701.48,21.63,1
4607,DECODE,999,0,999,702.99,21.95,1
4608,EXTEND,1,65,0,81.00,16.39,1
4609,DECODE,1000,0,1000,703.37,21.91,1
4610,DECODE,1000,0,1000,704.37,21.80,1
4611,DECODE,1000,0,1000,705.37,21.73,1
4612,DECODE,999,0,999,706.50,21.61,1
4613,EXTEND,1,25,0,33.00,16.90,1
4614,EXTEND,1,54,0,70.00,17.10,1
4615,DECODE,1000,0,1000,706.42,21.27,1
4616,DECODE,1000,0,1000,707.42,21.29,1
4617,DECODE,997,0,997,707.47,21.87,1
4618,EXTEND,3,289,0,113.00,16.80,1
4619,EXTEND,2,148,0,78.50,16.41,1
4620,DECODE,1000,0,1000,704.97,21.28,1
4621,DECODE,1000,0,1000,705.97,21.40,1
4622,DECODE,1000,0,1000,706.97,21.77,1
4623,DECODE,996,0,996,707.75,21.57,1
4624,EXTEND,4,211,0,60.00,16.38,1
4625,DECODE,1000,0,1000,706.16,21.26,1
4626,DECODE,1000,0,1000,707.16,21.24,1
4627,DECODE,998,0,998,708.62,21.50,1
4628,EXTEND,2,426,0,220.50,22.97,1
4629,DECODE,999,0,999,708.48,21.47,1
4630,EXTEND,1,42,0,55.00,15.93,1
4631,DECODE,1000,0,1000,708.83,21.31,1
4632,DECODE,1000,0,1000,709.83,21.45,1
4633,DECODE,1000,0,1000,710.83,21.53,1
4634,DECODE,999,0,999,711.67,21.91,1
4635,EXTEND,1,75,0,80.00,16.07,1
4636,EXTEND,1,44,0,49.00,15.78,1
4637,EXTEND,1,30,0,40.00,16.63,1
4638,DECODE,1000,0,1000,710.65,21.30,1
4639,DECODE,1000,0,1000,711.65,21.46,1
4640,DECODE,1000,0,1000,712.65,21.52,1
4641,DECODE,998,0,998,713.55,22.18,1
4642,EXTEND,2,172,0,90.50,16.40,1
4643,DECODE,998,0,998,714.02,21.62,1
4644,EXTEND,2,132,0,70.50,15.91,1
4645,DECODE,999,0,999,713.13,21.54,1
4646,EXTEND,1,80,0,83.00,16.06,1
4647,DECODE,995,0,995,714.47,21.55,1
4648,EXTEND,5,457,0,97.80,23.91,1
4649,DECODE,1000,0,1000,712.38,21.52,1
4650,DECODE,1000,0,1000,713.38,21.41,1
4651,DECODE,1000,0,1000,714.38,21.41,1
4652,DECODE,999,0,999,715.68,21.95,1
4653,EXTEND,1,86,0,90.00,16.81,1
4654,DECODE,1000,0,1000,716.06,21.88,1
4655,DECODE,1000,0,1000,717.06,23.64,1
4656,DECODE,997,0,997,717.42,22.31,1
4657,EXTEND,3,206,0,79.00,16.28,1
4658,DECODE,999,0,999,716.25,21.57,1
4659,EXTEND,1,413,0,421.00,16.42,1
4660,DECODE,1000,0,1000,716.95,21.58,1
4661,DECODE,1000,0,1000,717.95,21.46,1
4662,DECODE,1000,0,1000,718.95,22.14,1
4663,DECODE,993,0,993,718.28,24.14,1
4664,EXTEND,7,664,0,101.29,23.13,1
4665,EXTEND,1,456,0,460.00,22.50,1
4666,DECODE,1000,0,1000,714.15,22.82,1
4667,DECODE,1000,0,1000,715.15,21.68,1
4668,DECODE,997,0,997,715.48,21.82,1
4669,EXTEND,3,318,0,112.33,23.76,1
4670,EXTEND,1,58,0,67.00,16.13,1
4671,EXTEND,1,68,0,74.00,16.03,1
4672,DECODE,1000,0,1000,713.76,21.41,1
4673,DECODE,1000,0,1000,714.76,21.65,1
4674,DECODE,996,0,996,716.72,21.58,1
4675,EXTEND,4,268,0,73.25,16.71,1
4676,DECODE,1000,0,1000,715.14,21.38,1
4677,DECODE,1000,0,1000,716.14,21.43,1
4678,DECODE,998,0,998,716.53,21.64,1
4679,EXTEND,2,161,0,89.00,16.90,1
4680,EXTEND,1,35,0,44.00,16.53,1
4681,EXTEND,1,63,0,69.00,15.46,1
4682,DECODE,1000,0,1000,715.57,21.45,1
4683,DECODE,1000,0,1000,716.57,21.60,1
4684,DECODE,999,0,999,717.85,21.80,1
4685,EXTEND,1,33,0,38.00,16.25,1
4686,EXTEND,1,35,0,41.00,16.28,1
4687,EXTEND,4,385,0,105.75,21.93,1
4688,DECODE,1000,0,1000,716.25,21.46,1
4689,DECODE,1000,0,1000,717.25,21.48,1
4690,DECODE,1000,0,1000,718.25,21.71,1
4691,DECODE,998,0,998,719.82,21.87,1
4692,EXTEND,2,152,0,86.00,21.18,1
4693,EXTEND,2,175,0,93.50,33.68,1
4694,DECODE,1000,0,1000,717.93,21.78,1
4695,DECODE,1000,0,1000,718.93,21.61,1
4696,DECODE,999,0,999,719.81,21.92,1
4697,EXTEND,1,66,0,70.00,16.40,1
4698,EXTEND,1,108,0,112.00,17.15,1
4699,EXTEND,1,79,0,83.00,16.56,1
4700,DECODE,1000,0,1000,719.73,21.46,1
4701,DECODE,1000,0,1000,720.73,23.38,1
4702,DECODE,1000,0,1000,721.73,21.89,1
4703,DECODE,999,0,999,722.84,22.03,1
4704,EXTEND,1,68,0,72.00,16.29,1
4705,DECODE,999,0,999,723.59,21.67,1
4706,EXTEND,1,241,0,249.00,16.26,1
4707,DECODE,1000,0,1000,724.11,21.49,1
4708,DECODE,1000,0,1000,725.11,21.47,1
4709,DECODE,999,0,999,726.41,23.86,1
4710,EXTEND,1,42,0,72.00,17.31,1
4711,EXTEND,2,157,0,88.00,16.52,1
4712,DECODE,1000,0,1000,725.89,21.49,1
4713,DECODE,1000,0,1000,726.89,21.70,1
4714,DECODE,998,0,998,728.46,22.13,1
4715,EXTEND,2,131,0,74.50,16.14,1
4716,DECODE,998,0,998,727.74,21.94,1
4717,EXTEND,2,128,0,73.50,16.47,1
4718,DECODE,999,0,999,727.31,21.82,1
4719,EXTEND,1,62,0,67.00,16.35,1
4720,DECODE,1000,0,1000,727.65,23.57,1
4721,DECODE,1000,0,1000,728.65,21.70,1
4722,DECODE,997,0,997,730.55,21.99,1
4723,EXTEND,3,188,0,68.67,28.03,1
4724,EXTEND,2,342,0,174.50,35.44,1
4725,EXTEND,1,108,0,112.00,15.98,1
4726,DECODE,1000,0,1000,727.17,21.59,1
4727,DECODE,1000,0,1000,728.17,21.63,1
4728,DECODE,997,0,997,728.67,22.00,1
4729,EXTEND,3,162,0,59.00,15.89,1
4730,DECODE,1000,0,1000,727.66,21.49,1
4731,DECODE,1000,0,1000,728.66,21.53,1
4732,DECODE,1000,0,1000,729.66,21.72,1
4733,DECODE,996,0,996,730.12,22.10,1
4734,EXTEND,4,348,0,96.25,23.14,1
4735,DECODE,998,0,998,728.26,21.65,1
4736,EXTEND,2,149,0,81.00,16.21,1
4737,DECODE,998,0,998,728.75,21.69,1
4738,EXTEND,2,130,0,69.50,16.04,1
4739,DECODE,1000,0,1000,728.43,21.74,1
4740,DECODE,1000,0,1000,729.43,21.70,1
4741,DECODE,999,0,999,729.74,21.81,1
4742,EXTEND,1,39,0,44.00,16.50,1
4743,EXTEND,2,308,0,160.00,23.06,1
4744,DECODE,1000,0,1000,728.71,21.96,1
4745,DECODE,1000,0,1000,729.71,21.68,1
4746,DECODE,999,0,999,731.07,21.85,1
4747,EXTEND,1,63,0,75.00,16.10,1
4748,DECODE,1000,0,1000,731.41,21.86,1
4749,DECODE,1000,0,1000,732.41,21.57,1
4750,DECODE,999,0,999,733.72,22.06,1
4751,EXTEND,1,91,0,95.00,16.04,1
4752,EXTEND,2,144,0,79.50,15.89,1
4753,EXTEND,1,40,0,45.00,16.68,1
4754,DECODE,1000,0,1000,731.97,21.50,1
4755,DECODE,1000,0,1000,732.97,21.63,1
4756,DECODE,998,0,998,734.01,21.94,1
4757,EXTEND,2,86,0,49.50,16.77,1
4758,EXTEND,3,179,0,69.00,16.26,1
4759,EXTEND,1,29,0,34.00,15.66,1
4760,DECODE,1000,0,1000,731.75,22.74,1
4761,DECODE,1000,0,1000,732.75,21.86,1
4762,DECODE,998,0,998,733.85,22.81,1
4763,EXTEND,2,131,0,73.00,15.77,1
4764,EXTEND,1,62,0,71.00,15.64,1
4765,EXTEND,1,98,0,103.00,27.23,1
4766,DECODE,1000,0,1000,731.29,21.49,1
4767,DECODE,1000,0,1000,732.29,21.73,1
4768,DECODE,1000,0,1000,733.29,21.63,1
4769,DECODE,999,0,999,734.51,21.98,1
4770,EXTEND,1,91,0,101.00,17.24,1
4771,EXTEND,1,51,0,57.00,18.15,1
4772,EXTEND,1,87,0,90.00,15.69,1
4773,DECODE,1000,0,1000,733.05,21.45,1
4774,DECODE,1000,0,1000,734.05,21.63,1
4775,DECODE,998,0,998,734.93,21.90,1
4776,EXTEND,2,113,0,67.00,16.97,1
4777,EXTEND,2,87,0,49.50,16.13,1
4778,EXTEND,2,118,0,67.00,16.13,1
4779,DECODE,1000,0,1000,731.67,21.78,1
4780,DECODE,1000,0,1000,732.67,22.27,1
4781,DECODE,999,0,999,733.35,22.10,1
4782,EXTEND,1,48,0,58.00,16.37,1
4783,DECODE,1000,0,1000,733.67,21.53,1
4784,DECODE,1000,0,1000,734.67,21.63,1
4785,DECODE,1000,0,1000,735.67,21.71,1
4786,DECODE,999,0,999,737.06,21.97,1
4787,EXTEND,1,83,0,90.00,16.55,1
4788,EXTEND,1,49,0,56.00,16.19,1
4789,DECODE,1000,0,1000,737.01,21.57,1
4790,DECODE,1000,0,1000,738.01,21.68,1
4791,DECODE,1000,0,1000,739.01,21.54,1
4792,DECODE,1000,0,1000,740.01,21.90,1
4793,DECODE,1000,0,1000,741.01,23.79,1
4794,DECODE,1000,0,1000,742.01,23.31,1
4795,DECODE,999,0,999,743.08,24.69,1
4796,EXTEND,1,123,0,132.00,17.06,1
4797,EXTEND,1,94,0,98.00,16.42,1
4798,EXTEND,2,118,0,66.00,16.21,1
4799,DECODE,1000,0,1000,741.48,21.56,1
4800,DECODE,1000,0,1000,742.48,21.56,1
4801,DECODE,998,0,998,744.30,21.91,1
4802,EXTEND,2,361,0,186.00,23.68,1
4803,DECODE,998,0,998,743.31,21.95,1
4804,EXTEND,2,136,0,75.00,17.17,1
4805,DECODE,1000,0,1000,742.98,21.82,1
4806,DECODE,1000,0,1000,743.98,22.23,1
4807,DECODE,999,0,999,745.38,22.20,1
4808,EXTEND,1,78,0,83.00,16.56,1
4809,DECODE,1000,0,1000,745.72,21.68,1
4810,DECODE,1000,0,1000,746.72,21.68,1
4811,DECODE,997,0,997,746.07,22.34,1
4812,EXTEND,3,170,0,62.67,16.67,1
4813,EXTEND,2,76,0,45.50,15.78,1
4814,EXTEND,3,169,0,63.67,15.97,1
4815,DECODE,1000,0,1000,741.26,21.58,1
4816,DECODE,1000,0,1000,742.26,21.64,1
4817,DECODE,1000,0,1000,743.26,21.76,1
4818,DECODE,997,0,997,743.27,21.92,1
4819,EXTEND,3,205,0,78.00,16.03,1
4820,DECODE,1000,0,1000,742.28,21.60,1
4821,DECODE,1000,0,1000,743.28,21.67,1
4822,DECODE,998,0,998,742.96,21.97,1
4823,EXTEND,2,133,0,72.50,16.50,1
4824,EXTEND,1,58,0,62.00,16.19,1
4825,EXTEND,2,136,0,74.50,15.74,1
4826,DECODE,1000,0,1000,740.11,21.59,1
4827,DECODE,1000,0,1000,741.11,21.69,1
4828,DECODE,1000,0,1000,742.11,21.82,1
4829,DECODE,999,0,999,743.20,22.11,1
4830,EXTEND,1,39,0,45.00,16.19,1
4831,DECODE,1000,0,1000,743.50,21.77,1
4832,DECODE,1000,0,1000,744.50,21.70,1
4833,DECODE,999,0,999,745.40,22.20,1
4834,EXTEND,1,55,0,63.00,16.49,1
4835,EXTEND,1,61,0,69.00,16.04,1
4836,EXTEND,3,408,0,141.33,22.02,1
4837,DECODE,1000,0,1000,742.07,21.78,1
4838,DECODE,1000,0,1000,743.07,21.83,1
4839,DECODE,998,0,998,743.57,22.09,1
4840,EXTEND,2,110,0,59.50,17.51,1
4841,EXTEND,3,161,0,60.00,15.96,1
4842,EXTEND,1,66,0,73.00,16.51,1
4843,DECODE,1000,0,1000,741.46,21.70,1
4844,DECODE,1000,0,1000,742.46,21.81,1
4845,DECODE,999,0,999,743.51,22.13,1
4846,EXTEND,1,93,0,97.00,16.61,1
4847,DECODE,999,0,999,744.35,21.95,1
4848,EXTEND,1,42,0,47.00,17.62,1
4849,DECODE,1000,0,1000,744.65,21.77,1
4850,DECODE,1000,0,1000,745.65,21.65,1
4851,DECODE,998,0,998,746.94,21.97,1
4852,EXTEND,2,150,0,88.50,16.34,1
4853,EXTEND,2,126,0,70.50,16.42,1
4854,EXTEND,2,119,0,72.50,16.12,1
4855,DECODE,1000,0,1000,744.89,21.51,1
4856,DECODE,1000,0,1000,745.89,21.85,1
4857,DECODE,1000,0,1000,746.89,22.12,1
4858,DECODE,998,0,998,747.79,21.94,1
4859,EXTEND,2,130,0,71.50,16.35,1
4860,DECODE,997,0,997,747.79,21.83,1
4861,EXTEND,3,213,0,79.33,23.61,1
4862,DECODE,1000,0,1000,746.79,21.75,1
4863,DECODE,1000,0,1000,747.79,21.77,1
4864,DECODE,1000,0,1000,748.79,21.91,1
4865,DECODE,999,0,999,749.13,21.99,1
4866,EXTEND,1,66,0,79.00,17.18,1
4867,EXTEND,1,34,0,39.00,16.25,1
4868,EXTEND,2,121,0,70.50,15.84,1
4869,DECODE,1000,0,1000,748.26,21.67,1
4870,DECODE,1000,0,1000,749.26,21.92,1
4871,DECODE,999,0,999,749.99,22.23,1
4872,EXTEND,1,53,0,60.00,16.35,1
4873,EXTEND,3,156,0,59.00,16.40,1
4874,EXTEND,1,118,0,122.00,15.81,1
4875,DECODE,1000,0,1000,746.73,21.72,1
4876,DECODE,1000,0,1000,747.73,21.71,1
4877,DECODE,998,0,998,748.37,22.45,1
4878,EXTEND,2,348,0,180.00,16.19,1
4879,EXTEND,2,130,0,74.50,16.28,1
4880,EXTEND,1,43,0,54.00,15.84,1
4881,DECODE,1000,0,1000,746.25,21.79,1
4882,DECODE,1000,0,1000,747.25,21.83,1
4883,DECODE,999,0,999,748.14,22.02,1
4884,EXTEND,1,91,0,96.00,17.96,1
4885,EXTEND,1,55,0,60.00,16.00,1
4886,DECODE,1000,0,1000,747.32,21.87,1
4887,DECODE,1000,0,1000,748.32,21.92,1
4888,DECODE,999,0,999,749.70,22.31,1
4889,EXTEND,1,177,0,185.00,16.66,1
4890,DECODE,998,0,998,749.73,21.98,1
4891,EXTEND,2,141,0,76.50,16.39,1
4892,DECODE,1000,0,1000,749.38,21.72,1
4893,DECODE,1000,0,1000,750.38,21.81,1
4894,DECODE,999,0,999,751.62,22.12,1
4895,EXTEND,1,68,0,72.00,17.81,1
4896,DECODE,1000,0,1000,751.94,21.77,1
4897,DECODE,1000,0,1000,752.94,21.95,1
4898,DECODE,997,0,997,753.72,22.33,1
4899,EXTEND,3,175,0,66.33,18.94,1
4900,EXTEND,2,138,0,77.50,17.22,1
4901,EXTEND,2,443,0,227.00,22.83,1
4902,DECODE,1000,0,1000,750.72,21.77,1
4903,DECODE,1000,0,1000,751.72,21.99,1
4904,DECODE,1000,0,1000,752.72,22.07,1
4905,DECODE,999,0,999,754.18,22.33,1
4906,EXTEND,1,79,0,88.00,17.14,1
4907,DECODE,1000,0,1000,754.52,22.58,1
4908,DECODE,1000,0,1000,755.52,23.42,1
4909,DECODE,1000,0,1000,756.52,22.25,1
4910,DECODE,999,0,999,757.84,22.44,1
4911,EXTEND,1,69,0,75.00,16.34,1
4912,EXTEND,1,35,0,43.00,15.93,1
4913,EXTEND,1,76,0,83.00,15.84,1
4914,DECODE,1000,0,1000,756.04,21.89,1
4915,DECODE,1000,0,1000,757.04,22.04,1
4916,DECODE,999,0,999,758.45,22.32,1
4917,EXTEND,1,30,0,37.00,16.25,1
4918,EXTEND,1,86,0,91.00,15.93,1
4919,DECODE,1000,0,1000,758.47,21.85,1
4920,DECODE,1000,0,1000,759.47,21.96,1
4921,DECODE,996,0,996,760.64,22.16,1
4922,EXTEND,4,286,0,79.25,25.06,1
4923,DECODE,998,0,998,759.21,22.36,1
4924,EXTEND,2,130,0,71.00,16.64,1
4925,DECODE,1000,0,1000,758.83,21.79,1
4926,DECODE,1000,0,1000,759.83,22.22,1
4927,DECODE,999,0,999,761.06,22.14,1
4928,EXTEND,1,82,0,91.00,16.04,1
4929,EXTEND,1,60,0,72.00,16.10,1
4930,EXTEND,1,189,0,193.00,18.18,1
4931,DECODE,1000,0,1000,759.12,22.26,1
4932,DECODE,1000,0,1000,760.12,22.03,1
4933,DECODE,1000,0,1000,761.12,21.97,1
4934,DECODE,1000,0,1000,762.12,21.95,1
4935,DECODE,999,0,999,763.64,22.33,1
4936,EXTEND,1,106,0,111.00,16.31,1
4937,DECODE,998,0,998,764.76,22.06,1
4938,EXTEND,2,166,0,88.00,16.25,1
4939,DECODE,1000,0,1000,764.41,21.85,1
4940,DECODE,1000,0,1000,765.41,21.88,1
4941,DECODE,999,0,999,766.90,22.23,1
4942,EXTEND,1,51,0,59.00,17.04,1
4943,EXTEND,2,409,0,209.50,39.10,1
4944,DECODE,1000,0,1000,765.67,29.48,1
4945,DECODE,1000,0,1000,766.67,22.30,1
4946,DECODE,999,0,999,767.33,22.48,1
4947,EXTEND,1,60,0,65.00,17.85,1
4948,EXTEND,1,78,0,105.00,16.49,1
4949,EXTEND,1,48,0,53.00,15.98,1
4950,DECODE,1000,0,1000,765.86,24.14,1
4951,DECODE,1000,0,1000,766.86,22.21,1
4952,DECODE,1000,0,1000,767.86,22.36,1
4953,DECODE,1000,0,1000,768.86,22.42,1
4954,DECODE,995,0,995,772.38,22.63,1
4955,EXTEND,5,193,0,46.00,25.26,1
4956,EXTEND,1,44,0,51.00,17.77,1
4957,DECODE,1000,0,1000,768.34,26.20,1
4958,DECODE,1000,0,1000,769.34,23.48,1
4959,DECODE,999,0,999,770.63,22.66,1
4960,EXTEND,1,118,0,132.00,17.11,1
4961,EXTEND,2,121,0,66.00,27.23,1
4962,EXTEND,2,86,0,59.00,17.97,1
4963,DECODE,1000,0,1000,768.42,22.42,1
4964,DECODE,1000,0,1000,769.42,21.96,1
4965,DECODE,998,0,998,769.73,29.04,1
4966,EXTEND,2,255,0,136.50,29.92,1
4967,EXTEND,1,44,0,72.00,16.91,1
4968,EXTEND,1,28,0,34.00,16.56,1
4969,DECODE,1000,0,1000,768.27,22.25,1
4970,DECODE,1000,0,1000,769.27,22.57,1
4971,DECODE,999,0,999,770.79,22.88,1
4972,EXTEND,1,85,0,89.00,17.05,1
4973,EXTEND,1,51,0,59.00,16.12,1
4974,DECODE,1000,0,1000,770.05,22.04,1
4975,DECODE,1000,0,1000,771.05,22.09,1
4976,DECODE,998,0,998,772.89,22.96,1
4977,EXTEND,2,137,0,73.50,24.34,1
4978,EXTEND,1,67,0,74.00,16.34,1
4979,EXTEND,1,72,0,80.00,16.29,1
4980,DECODE,1000,0,1000,771.94,22.07,1
4981,DECODE,1000,0,1000,772.94,22.16,1
4982,DECODE,999,0,999,774.30,22.37,1
4983,EXTEND,1,124,0,129.00,16.59,1
4984,EXTEND,1,80,0,84.00,18.61,1
4985,DECODE,1000,0,1000,774.38,22.59,1
4986,DECODE,1000,0,1000,775.38,22.75,1
4987,DECODE,999,0,999,776.35,22.47,1
4988,EXTEND,1,43,0,50.00,16.72,1
4989,DECODE,997,0,997,777.98,23.55,1
4990,EXTEND,3,237,0,86.67,16.82,1
4991,DECODE,999,0,999,776.51,23.25,1
4992,EXTEND,1,51,0,57.00,16.64,1
4993,DECODE,996,0,996,776.37,23.55,1
4994,EXTEND,4,183,0,51.00,17.10,1
4995,DECODE,1000,0,1000,774.47,22.12,1
4996,DECODE,1000,0,1000,775.47,22.26,1
4997,DECODE,997,0,997,775.30,23.06,1
4998,EXTEND,3,728,0,248.00,26.36,1
4999,DECODE,1000,0,1000,774.72,22.93,1
5000,DECODE,1000,0,1000,775.72,22.23,1
5001,DECODE,1000,0,1000,776.72,22.38,1
5002,DECODE,999,0,999,777.95,22.87,1
5003,EXTEND,1,42,0,53.00,16.20,1
5004,DECODE,1000,0,1000,778.23,22.71,1
5005,DECODE,1000,0,1000,779.23,22.34,1
5006,DECODE,999,0,999,780.63,22.65,1
5007,EXTEND,1,39,0,46.00,18.99,1
5008,EXTEND,2,119,0,64.50,16.65,1
5009,DECODE,1000,0,1000,780.31,22.54,1
5010,DECODE,1000,0,1000,781.31,22.78,1
5011,DECODE,999,0,999,782.83,22.88,1
5012,EXTEND,1,34,0,38.00,16.20,1
5013,DECODE,997,0,997,784.58,22.54,1
5014,EXTEND,3,228,0,83.33,24.66,1
5015,DECODE,998,0,998,783.72,22.81,1
5016,EXTEND,2,193,0,99.50,17.85,1
5017,DECODE,999,0,999,783.31,22.39,1
5018,EXTEND,1,73,0,80.00,17.70,1
5019,DECODE,1000,0,1000,783.60,22.33,1
5020,DECODE,1000,0,1000,784.60,22.35,1
5021,DECODE,998,0,998,785.80,22.41,1
5022,EXTEND,2,113,0,61.50,18.02,1
5023,EXTEND,1,53,0,59.00,17.76,1
5024,EXTEND,1,54,0,61.00,16.07,1
5025,DECODE,1000,0,1000,782.76,22.43,1
5026,DECODE,1000,0,1000,783.76,22.21,1
5027,DECODE,999,0,999,784.81,22.79,1
5028,EXTEND,1,65,0,71.00,27.66,1
5029,DECODE,999,0,999,784.37,30.66,1
5030,EXTEND,1,48,0,56.00,27.58,1
5031,DECODE,1000,0,1000,784.65,29.53,1
5032,DECODE,1000,0,1000,785.65,26.23,1
5033,DECODE,997,0,997,786.45,23.23,1
5034,EXTEND,3,139,0,51.00,16.79,1
5035,DECODE,999,0,999,785.38,22.61,1
5036,EXTEND,1,110,0,115.00,16.56,1
5037,DECODE,1000,0,1000,785.71,22.51,1
5038,DECODE,1000,0,1000,786.71,22.52,1
5039,DECODE,999,0,999,788.10,22.73,1
5040,EXTEND,1,40,0,47.00,16.36,1
5041,DECODE,1000,0,1000,788.36,22.44,1
5042,DECODE,1000,0,1000,789.36,22.21,1
5043,DECODE,1000,0,1000,790.36,22.42,1
5044,DECODE,999,0,999,790.50,22.69,1
5045,EXTEND,1,41,0,48.00,16.20,1
5046,DECODE,999,0,999,790.21,22.58,1
5047,DECODE,999,0,999,791.21,22.58,1
5048,EXTEND,1,66,0,98.00,16.84,1
5049,EXTEND,3,384,0,136.00,16.45,1
5050,DECODE,1000,0,1000,789.49,22.48,1
5051,DECODE,1000,0,1000,790.49,22.57,1
5052,DECODE,1000,0,1000,791.49,22.79,1
5053,DECODE,999,0,999,792.28,22.80,1
5054,EXTEND,1,84,0,89.00,17.18,1
5055,EXTEND,1,88,0,97.00,16.37,1
5056,DECODE,1000,0,1000,792.18,22.92,1
5057,DECODE,1000,0,1000,793.18,22.58,1
5058,DECODE,1000,0,1000,794.18,22.58,1
5059,DECODE,998,0,998,794.51,22.81,1
5060,EXTEND,2,179,0,95.50,16.66,1
5061,DECODE,1000,0,1000,794.11,23.02,1
5062,DECODE,1000,0,1000,795.11,22.57,1
5063,DECODE,999,0,999,796.09,23.14,1
5064,EXTEND,1,39,0,54.00,16.34,1
5065,DECODE,999,0,999,796.20,23.34,1
5066,EXTEND,1,40,0,51.00,17.48,1
5067,DECODE,1000,0,1000,796.46,22.98,1
5068,DECODE,1000,0,1000,797.46,22.37,1
5069,DECODE,1000,0,1000,798.46,22.65,1
5070,DECODE,999,0,999,799.91,22.30,1
5071,EXTEND,1,164,0,169.00,16.39,1
5072,EXTEND,1,44,0,49.00,16.17,1
5073,EXTEND,1,57,0,62.00,15.96,1
5074,DECODE,1000,0,1000,798.75,22.43,1
5075,DECODE,1000,0,1000,799.75,22.39,1
5076,DECODE,999,0,999,801.12,22.96,1
5077,EXTEND,1,64,0,70.00,16.42,1
5078,EXTEND,2,212,0,117.00,16.10,1
5079,EXTEND,3,268,0,96.00,16.42,1
5080,DECODE,1000,0,1000,798.39,22.48,1
5081,DECODE,1000,0,1000,799.39,22.46,1
5082,DECODE,1000,0,1000,800.39,22.43,1
5083,DECODE,998,0,998,801.90,22.82,1
5084,EXTEND,2,278,0,145.00,16.78,1
5085,EXTEND,2,173,0,91.00,16.14,1
5086,EXTEND,3,341,0,118.67,22.96,1
5087,DECODE,1000,0,1000,799.20,22.43,1
5088,DECODE,1000,0,1000,800.20,22.48,1
5089,DECODE,999,0,999,801.55,22.74,1
5090,EXTEND,1,47,0,60.00,16.54,1
5091,DECODE,999,0,999,802.26,23.24,1
5092,EXTEND,1,464,0,468.00,16.80,1
5093,DECODE,997,0,997,804.06,22.77,1
5094,EXTEND,3,145,0,55.33,16.64,1
5095,DECODE,1000,0,1000,802.82,22.96,1
5096,DECODE,1000,0,1000,803.82,22.94,1
5097,DECODE,998,0,998,805.56,22.75,1
5098,EXTEND,2,133,0,72.00,16.44,1
5099,DECODE,999,0,999,805.14,22.89,1
5100,EXTEND,1,48,0,52.00,18.83,1
5101,DECODE,999,0,999,805.49,23.13,1
5102,EXTEND,1,53,0,69.00,16.45,1
5103,DECODE,998,0,998,805.89,22.85,1
5104,EXTEND,2,96,0,56.00,16.84,1
5105,DECODE,999,0,999,805.62,23.45,1
5106,EXTEND,1,54,0,58.00,17.33,1
5107,DECODE,1000,0,1000,805.87,22.53,1
5108,DECODE,1000,0,1000,806.87,23.94,1
5109,DECODE,999,0,999,808.03,23.70,1
5110,EXTEND,1,67,0,70.00,18.24,1
5111,EXTEND,1,60,0,72.00,16.10,1
5112,EXTEND,1,60,0,65.00,16.01,1
5113,DECODE,1000,0,1000,806.99,22.47,1
5114,DECODE,1000,0,1000,807.99,22.68,1
5115,DECODE,997,0,997,809.70,22.66,1
5116,EXTEND,3,182,0,66.67,19.97,1
5117,EXTEND,2,82,0,49.00,18.34,1
5118,EXTEND,1,87,0,91.00,32.45,1
5119,DECODE,1000,0,1000,806.92,23.18,1
5120,DECODE,1000,0,1000,807.92,23.19,1
5121,DECODE,998,0,998,809.27,23.62,1
5122,EXTEND,2,116,0,67.50,17.51,1
5123,EXTEND,1,71,0,75.00,16.30,1
5124,EXTEND,2,185,0,101.50,23.46,1
5125,DECODE,1000,0,1000,807.69,22.98,1
5126,DECODE,1000,0,1000,808.69,23.02,1
5127,DECODE,999,0,999,810.08,24.77,1
5128,EXTEND,1,55,0,61.00,17.32,1
5129,EXTEND,3,158,0,62.00,16.52,1
5130,DECODE,1000,0,1000,809.21,22.59,1
5131,DECODE,1000,0,1000,810.21,22.80,1
5132,DECODE,999,0,999,810.84,22.94,1
5133,DECODE,998,0,998,812.13,23.63,1
5134,EXTEND,2,97,0,58.50,16.31,1
5135,DECODE,1000,0,1000,811.63,22.51,1
5136,DECODE,1000,0,1000,812.63,22.59,1
5137,DECODE,999,0,999,813.67,23.51,1
5138,EXTEND,1,63,0,71.00,16.48,1
5139,DECODE,998,0,998,814.34,22.70,1
5140,EXTEND,2,199,0,107.00,27.98,1
5141,DECODE,998,0,998,814.22,22.67,1
5142,EXTEND,2,226,0,118.00,18.73,1
5143,DECODE,999,0,999,814.26,22.81,1
5144,EXTEND,1,69,0,76.00,26.44,1
5145,DECODE,999,0,999,814.82,29.44,1
5146,EXTEND,1,47,0,59.00,16.29,1
5147,DECODE,999,0,999,815.59,23.29,1
5148,EXTEND,1,80,0,85.00,16.62,1
5149,DECODE,1000,0,1000,815.86,22.75,1
5150,DECODE,1000,0,1000,816.86,22.91,1
5151,DECODE,1000,0,1000,817.86,22.77,1
5152,DECODE,999,0,999,819.08,23.09,1
5153,EXTEND,1,84,0,93.00,16.69,1
5154,EXTEND,2,114,0,63.00,15.93,1
5155,DECODE,1000,0,1000,816.95,22.76,1
5156,DECODE,1000,0,1000,817.95,22.60,1
5157,DECODE,1000,0,1000,818.95,22.74,1
5158,DECODE,1000,0,1000,819.95,23.03,1
5159,DECODE,999,0,999,821.25,23.91,1
5160,EXTEND,1,30,0,39.00,16.86,1
5161,DECODE,1000,0,1000,821.47,22.69,1
5162,DECODE,1000,0,1000,822.47,22.81,1
5163,DECODE,998,0,998,823.98,23.38,1
5164,EXTEND,2,144,0,77.00,18.18,1
5165,EXTEND,1,399,0,442.00,16.63,1
5166,EXTEND,2,78,0,46.50,16.22,1
5167,DECODE,1000,0,1000,822.66,23.13,1
5168,DECODE,1000,0,1000,823.66,23.29,1
5169,DECODE,998,0,998,825.40,23.80,1
5170,EXTEND,2,187,0,98.00,16.75,1
5171,EXTEND,2,137,0,79.00,16.23,1
5172,EXTEND,1,39,0,56.00,15.84,1
5173,DECODE,1000,0,1000,821.77,23.09,1
5174,DECODE,1000,0,1000,822.77,23.49,1
5175,DECODE,999,0,999,822.98,23.67,1
5176,EXTEND,1,41,0,49.00,18.84,1
5177,DECODE,999,0,999,823.69,22.94,1
5178,EXTEND,1,59,0,64.00,18.99,1
5179,DECODE,998,0,998,824.95,23.12,1
5180,EXTEND,2,188,0,99.50,17.37,1
5181,DECODE,999,0,999,824.17,23.09,1
5182,EXTEND,1,84,0,91.00,15.78,1
5183,DECODE,999,0,999,825.04,23.11,1
5184,EXTEND,1,50,0,59.00,16.76,1
5185,DECODE,998,0,998,825.67,22.73,1
5186,EXTEND,2,88,0,51.00,16.42,1
5187,DECODE,998,0,998,825.53,23.41,1
5188,EXTEND,2,259,0,134.50,16.35,1
5189,DECODE,999,0,999,825.26,22.96,1
5190,EXTEND,1,23,0,53.00,16.04,1
5191,DECODE,999,0,999,825.13,23.13,1
5192,EXTEND,1,89,0,96.00,16.58,1
5193,DECODE,999,0,999,825.53,23.51,1
5194,EXTEND,1,38,0,45.00,17.19,1
5195,DECODE,999,0,999,826.40,22.96,1
5196,EXTEND,1,37,0,42.00,16.17,1
5197,DECODE,999,0,999,827.20,22.86,1
5198,EXTEND,1,57,0,62.00,15.99,1
5199,DECODE,999,0,999,827.30,23.46,1
5200,EXTEND,1,287,0,291.00,26.53,1
5201,DECODE,1000,0,1000,827.76,22.73,1
5202,DECODE,1000,0,1000,828.76,22.99,1
5203,DECODE,998,0,998,829.12,23.07,1
5204,EXTEND,2,203,0,109.50,18.55,1
5205,DECODE,998,0,998,829.63,23.06,1
5206,EXTEND,2,121,0,67.50,16.33,1
5207,DECODE,998,0,998,828.72,22.92,1
5208,EXTEND,2,154,0,85.00,16.01,1
5209,DECODE,998,0,998,827.97,23.09,1
5210,EXTEND,2,96,0,55.00,16.73,1
5211,DECODE,999,0,999,826.62,23.71,1
5212,EXTEND,1,53,0,63.00,21.26,1
5213,DECODE,999,0,999,826.75,23.22,1
5214,EXTEND,1,57,0,62.00,16.29,1
5215,DECODE,999,0,999,827.31,23.45,1
5216,EXTEND,1,57,0,62.00,18.60,1
5217,DECODE,999,0,999,828.05,23.42,1
5218,DECODE,999,0,999,829.05,23.29,1
5219,EXTEND,1,54,0,63.00,16.49,1
5220,EXTEND,1,63,0,75.00,16.32,1
5221,EXTEND,1,97,0,104.00,16.08,1
5222,DECODE,1000,0,1000,827.92,22.92,1
5223,DECODE,1000,0,1000,828.92,23.76,1
5224,DECODE,1000,0,1000,829.92,24.76,1
5225,DECODE,1000,0,1000,830.92,23.08,1
5226,DECODE,1000,0,1000,831.92,23.25,1
5227,DECODE,999,0,999,832.11,23.46,1
5228,EXTEND,1,63,0,67.00,15.50,1
5229,EXTEND,1,23,0,32.00,16.19,1
5230,EXTEND,1,153,0,159.00,23.36,1
5231,DECODE,1000,0,1000,831.10,23.09,1
5232,DECODE,1000,0,1000,832.10,23.07,1
5233,DECODE,998,0,998,832.58,23.45,1
5234,EXTEND,2,115,0,62.50,16.23,1
5235,DECODE,998,0,998,831.29,23.45,1
5236,EXTEND,2,94,0,53.00,16.29,1
5237,DECODE,999,0,999,831.37,23.58,1
5238,EXTEND,1,48,0,52.00,16.01,1
5239,DECODE,1000,0,1000,831.59,22.87,1
5240,DECODE,1000,0,1000,832.59,22.97,1
5241,DECODE,999,0,999,833.63,23.61,1
5242,EXTEND,1,192,0,198.00,16.33,1
5243,DECODE,1000,0,1000,833.99,23.04,1
5244,DECODE,1000,0,1000,834.99,23.07,1
5245,DECODE,1000,0,1000,835.99,23.16,1
5246,DECODE,999,0,999,836.21,24.64,1
5247,EXTEND,1,29,0,38.00,16.24,1
5248,EXTEND,1,66,0,70.00,16.07,1
5249,EXTEND,2,90,0,52.00,15.82,1
5250,DECODE,1000,0,1000,834.09,23.22,1
5251,DECODE,1000,0,1000,835.09,23.76,1
5252,DECODE,999,0,999,836.27,23.46,1
5253,EXTEND,1,158,0,165.00,18.51,1
5254,EXTEND,1,81,0,89.00,15.92,1
5255,EXTEND,1,48,0,59.00,15.57,1
5256,DECODE,1000,0,1000,835.69,22.77,1
5257,DECODE,1000,0,1000,836.69,22.89,1
5258,DECODE,997,0,997,838.88,25.68,1
5259,EXTEND,3,407,0,142.00,27.93,1
5260,DECODE,999,0,999,838.32,25.55,1
5261,EXTEND,1,37,0,44.00,16.34,1
5262,DECODE,1000,0,1000,838.52,23.46,1
5263,DECODE,1000,0,1000,839.52,24.55,1
5264,DECODE,999,0,999,841.07,23.66,1
5265,EXTEND,1,70,0,75.00,17.23,1
5266,EXTEND,2,94,0,53.00,18.99,1
5267,EXTEND,3,152,0,60.67,15.93,1
5268,DECODE,1000,0,1000,837.85,23.24,1
5269,DECODE,1000,0,1000,838.85,23.27,1
5270,DECODE,998,0,998,838.83,23.71,1
5271,EXTEND,2,126,0,69.50,16.64,1
5272,DECODE,999,0,999,837.48,23.21,1
5273,EXTEND,1,104,0,109.00,16.34,1
5274,DECODE,999,0,999,837.95,23.22,1
5275,EXTEND,1,51,0,55.00,16.42,1
5276,DECODE,1000,0,1000,838.16,22.88,1
5277,DECODE,1000,0,1000,839.16,22.95,1
5278,DECODE,998,0,998,840.93,23.07,1
5279,EXTEND,2,106,0,63.50,18.18,1
5280,DECODE,998,0,998,841.32,23.25,1
5281,EXTEND,2,332,0,186.00,23.05,1
5282,DECODE,997,0,997,840.92,23.32,1
5283,EXTEND,3,163,0,61.33,16.35,1
5284,DECODE,999,0,999,839.95,23.50,1
5285,EXTEND,1,51,0,61.00,16.04,1
5286,DECODE,1000,0,1000,840.17,23.11,1
5287,DECODE,1000,0,1000,841.17,23.23,1
5288,DECODE,998,0,998,841.52,23.58,1
5289,EXTEND,2,112,0,60.00,16.57,1
5290,DECODE,1000,0,1000,840.96,23.63,1
5291,DECODE,1000,0,1000,841.96,23.29,1
5292,DECODE,1000,0,1000,842.96,23.37,1
5293,DECODE,1000,0,1000,843.96,23.33,1
5294,DECODE,1000,0,1000,844.96,23.48,1
5295,DECODE,1000,0,1000,845.96,23.45,1
5296,DECODE,998,0,998,847.55,23.92,1
5297,EXTEND,2,297,0,154.00,17.07,1
5298,DECODE,1000,0,1000,847.17,23.44,1
5299,DECODE,1000,0,1000,848.17,23.43,1
5300,DECODE,999,0,999,849.52,23.70,1
5301,EXTEND,1,39,0,49.00,16.40,1
5302,EXTEND,2,144,0,81.00,16.65,1
5303,EXTEND,2,416,0,216.00,16.36,1
5304,DECODE,1000,0,1000,847.40,23.21,1
5305,DECODE,1000,0,1000,848.40,23.42,1
5306,DECODE,1000,0,1000,849.40,23.63,1
5307,DECODE,999,0,999,850.26,24.27,1
5308,EXTEND,1,108,0,112.00,17.16,1
5309,EXTEND,1,47,0,53.00,18.26,1
5310,DECODE,1000,0,1000,850.23,23.81,1
5311,DECODE,1000,0,1000,851.23,24.38,1
5312,DECODE,1000,0,1000,852.23,24.49,1
5313,DECODE,999,0,999,853.19,24.41,1
5314,EXTEND,1,283,0,290.00,17.86,1
5315,DECODE,1000,0,1000,853.63,23.91,1
5316,DECODE,1000,0,1000,854.63,24.42,1
5317,DECODE,998,0,998,855.22,24.57,1
5318,EXTEND,2,109,0,61.00,24.03,1
5319,DECODE,999,0,999,855.16,24.25,1
5320,EXTEND,1,45,0,52.00,17.35,1
5321,DECODE,1000,0,1000,855.36,24.38,1
5322,DECODE,1000,0,1000,856.36,24.21,1
5323,DECODE,1000,0,1000,857.36,24.64,1
5324,DECODE,1000,0,1000,858.36,24.70,1
5325,DECODE,1000,0,1000,859.36,24.43,1
5326,DECODE,999,0,999,859.52,24.88,1
5327,EXTEND,1,38,0,46.00,16.46,1
5328,EXTEND,3,197,0,76.33,16.02,1
5329,DECODE,1000,0,1000,856.93,23.71,1
5330,DECODE,1000,0,1000,857.93,23.92,1
5331,DECODE,1000,0,1000,858.93,23.76,1
5332,DECODE,999,0,999,860.25,24.11,1
5333,EXTEND,1,132,0,141.00,19.66,1
5334,EXTEND,1,47,0,52.00,19.13,1
5335,EXTEND,1,143,0,147.00,19.34,1
5336,DECODE,1000,0,1000,858.62,23.78,1
5337,DECODE,1000,0,1000,859.62,23.65,1
5338,DECODE,999,0,999,859.79,23.85,1
5339,EXTEND,1,67,0,72.00,17.02,1
5340,EXTEND,1,48,0,53.00,16.41,1
5341,DECODE,1000,0,1000,859.65,23.62,1
5342,DECODE,1000,0,1000,860.65,23.71,1
5343,DECODE,999,0,999,861.13,23.78,1
5344,EXTEND,1,49,0,60.00,16.22,1
5345,EXTEND,1,101,0,110.00,15.88,1
5346,DECODE,1000,0,1000,861.15,23.47,1
5347,DECODE,1000,0,1000,862.15,23.53,1
5348,DECODE,999,0,999,863.77,23.75,1
5349,EXTEND,1,119,0,131.00,16.13,1
5350,EXTEND,3,277,0,97.00,23.70,1
5351,DECODE,1000,0,1000,863.08,23.42,1
5352,DECODE,1000,0,1000,864.08,23.52,1
5353,DECODE,999,0,999,865.79,23.94,1
5354,EXTEND,1,32,0,42.00,17.16,1
5355,EXTEND,2,216,0,113.00,16.10,1
5356,EXTEND,1,41,0,53.00,15.88,1
5357,DECODE,1000,0,1000,864.63,29.91,1
5358,DECODE,1000,0,1000,865.63,24.28,1
5359,DECODE,1000,0,1000,866.63,23.70,1
5360,DECODE,998,0,998,867.05,24.79,1
5361,EXTEND,2,323,0,166.00,23.49,1
5362,EXTEND,1,42,0,51.00,16.20,1
5363,EXTEND,3,285,0,103.67,16.18,1
5364,DECODE,1000,0,1000,864.32,23.41,1
5365,DECODE,1000,0,1000,865.32,23.76,1
5366,DECODE,997,0,997,867.52,23.85,1
5367,EXTEND,3,194,0,69.33,23.56,1
5368,EXTEND,1,59,0,63.00,16.10,1
5369,EXTEND,1,39,0,46.00,16.61,1
5370,DECODE,1000,0,1000,864.11,23.72,1
5371,DECODE,1000,0,1000,865.11,23.52,1
5372,DECODE,999,0,999,866.48,23.55,1
5373,EXTEND,1,80,0,86.00,16.65,1
5374,DECODE,999,0,999,867.10,23.38,1
5375,EXTEND,1,87,0,93.00,16.19,1
5376,DECODE,1000,0,1000,867.33,23.87,1
5377,DECODE,1000,0,1000,868.33,23.34,1
5378,DECODE,999,0,999,868.47,23.81,1
5379,EXTEND,1,142,0,146.00,16.07,1
5380,DECODE,1000,0,1000,868.75,23.40,1
5381,DECODE,1000,0,1000,869.75,23.53,1
5382,DECODE,999,0,999,871.14,24.04,1
5383,EXTEND,1,73,0,78.00,16.86,1
5384,EXTEND,1,105,0,112.00,16.07,1
5385,DECODE,1000,0,1000,870.59,23.55,1
5386,DECODE,1000,0,1000,871.59,23.58,1
5387,DECODE,999,0,999,872.81,23.96,1
5388,EXTEND,1,48,0,56.00,17.59,1
5389,DECODE,1000,0,1000,872.99,23.22,1
5390,DECODE,1000,0,1000,873.99,31.56,1
5391,DECODE,997,0,997,876.67,27.56,1
5392,EXTEND,3,147,0,58.33,15.92,1
5393,DECODE,999,0,999,874.83,23.47,1
5394,EXTEND,1,104,0,108.00,16.21,1
5395,DECODE,997,0,997,875.93,23.52,1
5396,EXTEND,3,213,0,78.67,17.02,1
5397,DECODE,999,0,999,874.80,23.55,1
5398,EXTEND,1,412,0,416.00,22.95,1
5399,DECODE,998,0,998,876.03,23.52,1
5400,EXTEND,2,230,0,122.50,18.03,1
5401,DECODE,1000,0,1000,875.52,23.63,1
5402,DECODE,1000,0,1000,876.52,23.63,1
5403,DECODE,1000,0,1000,877.52,24.75,1
5404,DECODE,1000,0,1000,878.52,23.47,1
5405,DECODE,1000,0,1000,879.52,25.68,1
5406,DECODE,999,0,999,880.37,23.76,1
5407,EXTEND,1,68,0,80.00,16.23,1
5408,DECODE,1000,0,1000,880.57,23.59,1
5409,DECODE,1000,0,1000,881.57,23.65,1
5410,DECODE,999,0,999,882.86,24.02,1
5411,EXTEND,1,47,0,52.00,16.16,1
5412,EXTEND,1,50,0,55.00,16.10,1
5413,EXTEND,2,81,0,49.00,15.88,1
5414,DECODE,1000,0,1000,881.58,23.49,1
5415,DECODE,1000,0,1000,882.58,23.37,1
5416,DECODE,1000,0,1000,883.58,23.92,1
5417,DECODE,1000,0,1000,884.58,23.76,1
5418,DECODE,999,0,999,884.73,24.03,1
5419,EXTEND,1,62,0,67.00,16.48,1
5420,EXTEND,1,57,0,63.00,16.36,1
5421,EXTEND,1,58,0,70.00,16.17,1
5422,DECODE,1000,0,1000,883.82,23.28,1
5423,DECODE,1000,0,1000,884.82,23.33,1
5424,DECODE,999,0,999,885.99,24.09,1
5425,EXTEND,1,71,0,75.00,17.14,1
5426,EXTEND,1,25,0,32.00,15.92,1
5427,DECODE,1000,0,1000,885.97,23.65,1
5428,DECODE,1000,0,1000,886.97,23.41,1
5429,DECODE,998,0,998,888.15,23.86,1
5430,EXTEND,2,63,0,49.50,15.99,1
5431,EXTEND,1,60,0,65.00,16.84,1
5432,EXTEND,1,55,0,66.00,16.00,1
5433,DECODE,1000,0,1000,886.77,23.37,1
5434,DECODE,1000,0,1000,887.77,24.06,1
5435,DECODE,998,0,998,888.97,24.04,1
5436,EXTEND,2,104,0,64.50,16.96,1
5437,EXTEND,2,179,0,94.50,15.96,1
5438,EXTEND,1,44,0,58.00,15.73,1
5439,DECODE,1000,0,1000,885.86,23.37,1
5440,DECODE,1000,0,1000,886.86,23.62,1
5441,DECODE,1000,0,1000,887.86,23.64,1
5442,DECODE,999,0,999,889.54,23.79,1
5443,EXTEND,1,71,0,77.00,16.38,1
5444,EXTEND,2,203,0,107.00,15.88,1
5445,EXTEND,1,33,0,39.00,15.61,1
5446,DECODE,1000,0,1000,887.77,23.41,1
5447,DECODE,1000,0,1000,888.77,23.56,1
5448,DECODE,998,0,998,890.19,24.20,1
5449,EXTEND,2,109,0,60.50,18.55,1
5450,EXTEND,2,61,0,43.50,15.99,1
5451,EXTEND,1,67,0,78.00,16.89,1
5452,DECODE,1000,0,1000,886.23,23.40,1
5453,DECODE,1000,0,1000,887.23,23.60,1
5454,DECODE,999,0,999,888.81,23.65,1
5455,EXTEND,1,59,0,68.00,18.53,1
5456,EXTEND,2,138,0,80.00,18.38,1
5457,EXTEND,1,86,0,92.00,17.40,1
5458,DECODE,1000,0,1000,885.98,23.50,1
5459,DECODE,1000,0,1000,886.98,23.59,1
5460,DECODE,999,0,999,888.70,24.04,1
5461,EXTEND,1,94,0,98.00,16.06,1
5462,DECODE,998,0,998,889.81,23.66,1
5463,EXTEND,2,158,0,84.50,16.20,1
5464,DECODE,1000,0,1000,889.20,23.70,1
5465,DECODE,1000,0,1000,890.20,23.68,1
5466,DECODE,1000,0,1000,891.20,24.22,1
5467,DECODE,1000,0,1000,892.20,23.45,1
5468,DECODE,998,0,998,893.93,24.09,1
5469,EXTEND,2,296,0,154.00,24.28,1
5470,DECODE,998,0,998,893.45,24.16,1
5471,EXTEND,2,99,0,56.50,16.11,1
5472,DECODE,998,0,998,892.38,23.75,1
5473,EXTEND,2,93,0,50.00,15.78,1
5474,DECODE,999,0,999,892.08,24.00,1
5475,EXTEND,1,179,0,184.00,15.90,1
5476,DECODE,999,0,999,892.89,23.88,1
5477,EXTEND,1,30,0,327.00,16.07,1
5478,DECODE,1000,0,1000,893.33,24.07,1
5479,DECODE,1000,0,1000,894.33,25.59,1
5480,DECODE,999,0,999,895.58,24.96,1
5481,EXTEND,1,57,0,60.00,16.14,1
5482,EXTEND,1,32,0,39.00,18.34,1
5483,EXTEND,1,129,0,140.00,15.68,1
5484,DECODE,1000,0,1000,894.12,23.52,1
5485,DECODE,1000,0,1000,895.12,23.88,1
5486,DECODE,999,0,999,896.31,23.92,1
5487,EXTEND,1,80,0,85.00,15.99,1
5488,EXTEND,2,119,0,65.50,16.01,1
5489,EXTEND,2,107,0,58.00,15.97,1
5490,DECODE,1000,0,1000,893.51,23.52,1
5491,DECODE,1000,0,1000,894.51,23.91,1
5492,DECODE,999,0,999,895.96,23.98,1
5493,EXTEND,1,75,0,82.00,17.24,1
5494,EXTEND,3,243,0,86.67,24.41,1
5495,EXTEND,1,82,0,88.00,15.68,1
5496,DECODE,1000,0,1000,894.67,23.66,1
5497,DECODE,1000,0,1000,895.67,23.79,1
5498,DECODE,998,0,998,896.66,23.96,1
5499,EXTEND,2,88,0,51.50,16.72,1
5500,DECODE,1000,0,1000,895.97,23.71,1
5501,DECODE,1000,0,1000,896.97,23.62,1
5502,DECODE,1000,0,1000,897.97,23.93,1
5503,DECODE,999,0,999,899.45,24.32,1
5504,EXTEND,1,161,0,170.00,16.22,1
5505,EXTEND,1,96,0,110.00,18.44,1
5506,EXTEND,2,159,0,83.50,17.68,1
5507,DECODE,1000,0,1000,897.22,24.02,1
5508,DECODE,1000,0,1000,898.22,23.73,1
5509,DECODE,999,0,999,899.78,24.05,1
5510,EXTEND,1,56,0,62.00,16.39,1
5511,DECODE,999,0,999,900.27,23.79,1
5512,EXTEND,1,134,0,143.00,16.28,1
5513,DECODE,998,0,998,901.46,24.24,1
5514,EXTEND,2,85,0,51.00,17.26,1
5515,DECODE,1000,0,1000,900.76,24.54,1
5516,DECODE,1000,0,1000,901.76,24.05,1
5517,DECODE,999,0,999,901.85,24.34,1
5518,EXTEND,1,64,0,68.00,16.79,1
5519,EXTEND,2,136,0,73.00,16.11,1
5520,EXTEND,3,200,0,74.00,16.15,1
5521,DECODE,1000,0,1000,899.67,23.52,1
5522,DECODE,1000,0,1000,900.67,23.87,1
5523,DECODE,999,0,999,901.25,24.12,1
5524,EXTEND,1,63,0,66.00,16.53,1
5525,DECODE,1000,0,1000,901.41,23.71,1
5526,DECODE,1000,0,1000,902.41,23.74,1
5527,DECODE,999,0,999,903.46,24.19,1
5528,EXTEND,1,117,0,123.00,16.96,1
5529,DECODE,997,0,997,903.45,24.09,1
5530,EXTEND,3,184,0,69.00,18.09,1
5531,DECODE,1000,0,1000,901.95,23.79,1
5532,DECODE,1000,0,1000,902.95,23.47,1
5533,DECODE,999,0,999,904.60,23.78,1
5534,EXTEND,1,92,0,99.00,16.52,1
5535,EXTEND,2,93,0,53.50,16.07,1
5536,EXTEND,3,185,0,73.33,17.54,1
5537,DECODE,1000,0,1000,902.70,23.51,1
5538,DECODE,1000,0,1000,903.70,23.55,1
5539,DECODE,1000,0,1000,904.70,23.94,1
5540,DECODE,997,0,997,905.10,24.69,1
5541,EXTEND,3,232,0,85.33,18.26,1
5542,EXTEND,1,30,0,37.00,16.01,1
5543,EXTEND,3,175,0,62.33,16.31,1
5544,DECODE,1000,0,1000,901.09,23.52,1
5545,DECODE,1000,0,1000,902.09,23.74,1
5546,DECODE,1000,0,1000,903.09,23.78,1
5547,DECODE,997,0,997,903.14,23.90,1
5548,EXTEND,3,628,0,223.67,23.28,1
5549,EXTEND,2,86,0,53.00,16.25,1
5550,EXTEND,2,177,0,95.50,15.65,1
5551,DECODE,1000,0,1000,900.06,24.08,1
5552,DECODE,1000,0,1000,901.06,23.99,1
5553,DECODE,999,0,999,902.69,24.18,1
5554,EXTEND,1,41,0,64.00,16.68,1
5555,EXTEND,1,66,0,73.00,16.11,1
5556,DECODE,1000,0,1000,902.42,24.08,1
5557,DECODE,1000,0,1000,903.42,24.22,1
5558,DECODE,999,0,999,904.93,24.70,1
5559,EXTEND,1,47,0,54.00,16.03,1
5560,EXTEND,1,104,0,108.00,15.98,1
5561,EXTEND,2,150,0,80.00,15.91,1
5562,DECODE,1000,0,1000,904.42,23.45,1
5563,DECODE,1000,0,1000,905.42,23.80,1
5564,DECODE,1000,0,1000,906.42,24.09,1
5565,DECODE,999,0,999,906.49,23.83,1
5566,EXTEND,1,125,0,136.00,16.22,1
5567,DECODE,1000,0,1000,906.72,23.61,1
5568,DECODE,1000,0,1000,907.72,23.79,1
5569,DECODE,998,0,998,909.16,23.99,1
5570,EXTEND,2,107,0,61.00,17.83,1
5571,EXTEND,2,403,0,208.50,25.77,1
5572,EXTEND,1,45,0,53.00,28.90,1
5573,DECODE,1000,0,1000,906.48,28.72,1
5574,DECODE,1000,0,1000,907.48,24.91,1
5575,DECODE,1000,0,1000,908.48,24.51,1
5576,DECODE,1000,0,1000,909.48,24.27,1
5577,DECODE,999,0,999,911.05,24.95,1
5578,EXTEND,1,193,0,225.00,16.67,1
5579,EXTEND,1,46,0,63.00,16.19,1
5580,DECODE,1000,0,1000,911.09,24.16,1
5581,DECODE,1000,0,1000,912.09,23.94,1
5582,DECODE,999,0,999,913.42,24.39,1
5583,EXTEND,1,80,0,85.00,17.28,1
5584,EXTEND,2,147,0,77.50,16.11,1
5585,DECODE,1000,0,1000,912.28,23.87,1
5586,DECODE,1000,0,1000,913.28,23.66,1
5587,DECODE,998,0,998,913.63,24.00,1
5588,EXTEND,2,246,0,127.50,17.58,1
5589,EXTEND,2,115,0,73.50,19.09,1
5590,EXTEND,1,43,0,47.00,28.39,1
5591,DECODE,1000,0,1000,910.92,25.86,1
5592,DECODE,1000,0,1000,911.92,24.36,1
5593,DECODE,1000,0,1000,912.92,23.98,1
5594,DECODE,1000,0,1000,913.92,23.68,1
5595,DECODE,999,0,999,914.98,24.26,1
5596,EXTEND,1,188,0,192.00,18.27,1
5597,EXTEND,1,113,0,125.00,17.86,1
5598,DECODE,1000,0,1000,914.93,23.90,1
5599,DECODE,1000,0,1000,915.93,23.82,1
5600,DECODE,999,0,999,916.37,24.56,1
5601,EXTEND,1,62,0,67.00,22.40,1
5602,DECODE,998,0,998,916.05,24.05,1
5603,EXTEND,2,100,0,59.00,27.42,1
5604,DECODE,999,0,999,915.50,27.47,1
5605,EXTEND,1,84,0,89.00,27.48,1
5606,DECODE,1000,0,1000,915.68,28.72,1
5607,DECODE,1000,0,1000,916.68,24.77,1
5608,DECODE,1000,0,1000,917.68,27.16,1
5609,DECODE,999,0,999,918.32,24.21,1
5610,EXTEND,1,29,0,43.00,16.98,1
5611,EXTEND,1,45,0,54.00,16.13,1
5612,DECODE,1000,0,1000,916.62,23.68,1
5613,DECODE,1000,0,1000,917.62,23.93,1
5614,DECODE,999,0,999,917.59,24.08,1
5615,EXTEND,1,55,0,58.00,16.30,1
5616,EXTEND,1,51,0,65.00,16.18,1
5617,DECODE,1000,0,1000,917.32,23.64,1
5618,DECODE,1000,0,1000,918.32,23.72,1
5619,DECODE,999,0,999,919.68,24.69,1
5620,EXTEND,1,75,0,79.00,15.90,1
5621,EXTEND,4,475,0,124.75,22.16,1
5622,DECODE,1000,0,1000,918.12,24.15,1
5623,DECODE,1000,0,1000,919.12,24.27,1
5624,DECODE,997,0,997,919.80,24.38,1
5625,EXTEND,3,169,0,63.33,16.24,1
5626,DECODE,999,0,999,918.27,23.97,1
5627,EXTEND,1,373,0,389.00,16.13,1
5628,DECODE,1000,0,1000,918.74,23.79,1
5629,DECODE,1000,0,1000,919.74,24.10,1
5630,DECODE,999,0,999,921.20,24.38,1
5631,EXTEND,1,51,0,60.00,29.00,1
5632,DECODE,999,0,999,921.91,32.75,1
5633,EXTEND,1,53,0,62.00,16.14,1
5634,DECODE,1000,0,1000,922.05,27.09,1
5635,DECODE,1000,0,1000,923.05,24.24,1
5636,DECODE,999,0,999,924.70,24.39,1
5637,EXTEND,1,50,0,58.00,16.38,1
5638,EXTEND,1,96,0,105.00,27.21,1
5639,DECODE,1000,0,1000,923.66,27.78,1
5640,DECODE,1000,0,1000,924.66,24.11,1
5641,DECODE,998,0,998,926.79,24.45,1
5642,EXTEND,2,241,0,126.50,16.49,1
5643,EXTEND,1,127,0,132.00,16.48,1
5644,DECODE,1000,0,1000,925.94,26.44,1
5645,DECODE,1000,0,1000,926.94,24.13,1
5646,DECODE,1000,0,1000,927.94,24.23,1
5647,DECODE,999,0,999,929.50,24.38,1
5648,EXTEND,1,36,0,40.00,21.14,1
5649,EXTEND,1,63,0,76.00,19.94,1
5650,EXTEND,1,241,0,250.00,17.62,1
5651,DECODE,1000,0,1000,927.90,23.82,1
5652,DECODE,1000,0,1000,928.90,24.08,1
5653,DECODE,1000,0,1000,929.90,24.14,1
5654,DECODE,1000,0,1000,930.90,23.86,1
5655,DECODE,999,0,999,932.50,24.37,1
5656,EXTEND,1,165,0,177.00,16.41,1
5657,EXTEND,1,60,0,67.00,16.08,1
5658,EXTEND,1,48,0,56.00,16.45,1
5659,DECODE,1000,0,1000,931.86,23.74,1
5660,DECODE,1000,0,1000,932.86,23.91,1
5661,DECODE,998,0,998,935.00,24.27,1
5662,EXTEND,2,111,0,64.50,16.20,1
5663,EXTEND,1,33,0,38.00,15.99,1
5664,EXTEND,1,65,0,70.00,16.76,1
5665,DECODE,1000,0,1000,932.08,23.88,1
5666,DECODE,1000,0,1000,933.08,23.97,1
5667,DECODE,1000,0,1000,934.08,24.03,1
5668,DECODE,998,0,998,935.97,24.30,1
5669,EXTEND,2,371,0,190.50,22.43,1
5670,EXTEND,1,60,0,67.00,16.05,1
5671,EXTEND,1,67,0,71.00,16.92,1
5672,DECODE,1000,0,1000,934.37,23.94,1
5673,DECODE,1000,0,1000,935.37,24.04,1
5674,DECODE,999,0,999,936.27,24.26,1
5675,EXTEND,1,32,0,38.00,16.04,1
5676,DECODE,999,0,999,937.02,24.31,1
5677,EXTEND,1,71,0,75.00,16.06,1
5678,DECODE,999,0,999,937.74,24.15,1
5679,EXTEND,1,41,0,51.00,16.00,1
5680,DECODE,1000,0,1000,937.86,23.94,1
5681,DECODE,1000,0,1000,938.86,26.16,1
5682,DECODE,1000,0,1000,939.86,24.41,1
5683,DECODE,998,0,998,941.63,24.92,1
5684,EXTEND,2,179,0,97.00,16.98,1
5685,DECODE,997,0,997,940.84,24.20,1
5686,EXTEND,3,331,0,120.33,17.11,1
5687,DECODE,999,0,999,939.84,24.24,1
5688,EXTEND,1,138,0,143.00,16.45,1
5689,DECODE,1000,0,1000,940.05,24.40,1
5690,DECODE,1000,0,1000,941.05,24.53,1
5691,DECODE,1000,0,1000,942.05,24.31,1
5692,DECODE,999,0,999,942.09,24.95,1
5693,EXTEND,1,51,0,56.00,16.65,1
5694,DECODE,1000,0,1000,942.21,24.33,1
5695,DECODE,1000,0,1000,943.21,24.26,1
5696,DECODE,995,0,995,945.33,25.27,1
5697,EXTEND,5,379,0,84.20,18.24,1
5698,EXTEND,2,98,0,55.00,17.13,1
5699,EXTEND,2,137,0,74.00,16.87,1
5700,DECODE,1000,0,1000,939.41,24.55,1
5701,DECODE,1000,0,1000,940.41,24.56,1
5702,DECODE,1000,0,1000,941.41,24.50,1
5703,DECODE,999,0,999,943.11,25.00,1
5704,EXTEND,1,55,0,73.00,17.40,1
5705,DECODE,1000,0,1000,943.24,26.14,1
5706,DECODE,1000,0,1000,944.24,29.44,1
5707,DECODE,999,0,999,945.26,28.15,1
5708,EXTEND,1,71,0,78.00,16.85,1
5709,EXTEND,1,100,0,104.00,15.54,1
5710,DECODE,1000,0,1000,944.97,24.29,1
5711,DECODE,1000,0,1000,945.97,24.45,1
5712,DECODE,997,0,997,946.18,24.99,1
5713,EXTEND,3,283,0,101.33,17.44,1
5714,DECODE,1000,0,1000,944.64,24.97,1
5715,DECODE,1000,0,1000,945.64,24.41,1
5716,DECODE,999,0,999,947.14,25.49,1
5717,EXTEND,1,40,0,46.00,19.03,1
5718,EXTEND,1,72,0,77.00,21.29,1
5719,EXTEND,1,49,0,54.00,16.45,1
5720,DECODE,1000,0,1000,946.18,24.21,1
5721,DECODE,1000,0,1000,947.18,24.49,1
5722,DECODE,997,0,997,948.01,24.70,1
5723,EXTEND,3,355,0,125.67,22.08,1
5724,EXTEND,1,161,0,165.00,16.29,1
5725,EXTEND,1,56,0,62.00,16.13,1
5726,DECODE,1000,0,1000,945.82,24.28,1
5727,DECODE,1000,0,1000,946.82,24.29,1
5728,DECODE,999,0,999,947.92,25.70,1
5729,EXTEND,1,59,0,65.00,16.30,1
5730,DECODE,998,0,998,948.76,24.44,1
5731,EXTEND,2,141,0,77.00,18.08,1
5732,DECODE,999,0,999,948.50,24.72,1
5733,EXTEND,1,30,0,46.00,18.69,1
5734,DECODE,1000,0,1000,948.59,24.20,1
5735,DECODE,1000,0,1000,949.59,27.44,1
5736,DECODE,998,0,998,950.85,24.91,1
5737,EXTEND,2,94,0,54.50,16.64,1
5738,EXTEND,2,121,0,65.50,16.52,1
5739,EXTEND,1,58,0,63.00,16.31,1
5740,DECODE,1000,0,1000,948.99,24.57,1
5741,DECODE,1000,0,1000,949.99,24.60,1
5742,DECODE,999,0,999,951.66,24.73,1
5743,EXTEND,1,81,0,101.00,17.71,1
5744,EXTEND,1,69,0,74.00,16.38,1
5745,EXTEND,3,258,0,91.00,16.49,1
5746,DECODE,1000,0,1000,947.79,24.56,1
5747,DECODE,1000,0,1000,948.79,24.49,1
5748,DECODE,999,0,999,949.87,24.80,1
5749,EXTEND,1,36,0,47.00,16.58,1
5750,EXTEND,1,69,0,74.00,15.72,1
5751,EXTEND,1,26,0,34.00,15.72,1
5752,DECODE,1000,0,1000,947.73,24.06,1
5753,DECODE,1000,0,1000,948.73,24.08,1
5754,DECODE,1000,0,1000,949.73,24.26,1
5755,DECODE,1000,0,1000,950.73,24.45,1
5756,DECODE,997,0,997,951.65,24.98,1
5757,EXTEND,3,142,0,54.00,16.71,1
5758,DECODE,998,0,998,950.77,24.66,1
5759,EXTEND,2,155,0,84.00,23.41,1
5760,DECODE,997,0,997,949.41,24.29,1
5761,EXTEND,3,199,0,76.67,16.66,1
5762,DECODE,1000,0,1000,947.79,24.62,1
5763,DECODE,1000,0,1000,948.79,24.37,1
5764,DECODE,1000,0,1000,949.79,24.41,1
5765,DECODE,1000,0,1000,950.79,24.25,1
5766,DECODE,1000,0,1000,951.79,24.46,1
5767,DECODE,999,0,999,952.73,24.54,1
5768,EXTEND,1,31,0,40.00,16.29,1
5769,EXTEND,1,49,0,59.00,17.44,1
5770,EXTEND,1,38,0,52.00,17.40,1
5771,DECODE,1000,0,1000,951.25,24.40,1
5772,DECODE,1000,0,1000,952.25,24.42,1
5773,DECODE,999,0,999,953.64,24.70,1
5774,EXTEND,1,59,0,67.00,18.55,1
5775,EXTEND,1,72,0,87.00,18.06,1
5776,EXTEND,1,54,0,62.00,16.22,1
5777,DECODE,1000,0,1000,952.53,24.04,1
5778,DECODE,1000,0,1000,953.53,24.35,1
5779,DECODE,999,0,999,954.48,24.67,1
5780,EXTEND,1,66,0,82.00,16.28,1
5781,EXTEND,1,31,0,36.00,15.92,1
5782,DECODE,1000,0,1000,954.40,24.25,1
5783,DECODE,1000,0,1000,955.40,24.13,1
5784,DECODE,998,0,998,956.21,25.03,1
5785,EXTEND,2,244,0,127.50,24.02,1
5786,EXTEND,1,186,0,190.00,16.65,1
5787,EXTEND,1,57,0,62.00,15.86,1
5788,DECODE,1000,0,1000,955.16,24.15,1
5789,DECODE,1000,0,1000,956.16,24.31,1
5790,DECODE,998,0,998,957.26,24.81,1
5791,EXTEND,2,148,0,77.50,17.01,1
5792,EXTEND,2,105,0,59.00,17.24,1
5793,DECODE,1000,0,1000,955.58,25.79,1
5794,DECODE,1000,0,1000,956.58,25.14,1
5795,DECODE,998,0,998,958.83,25.25,1
5796,EXTEND,2,101,0,59.50,16.51,1
5797,EXTEND,1,25,0,33.00,16.13,1
5798,DECODE,1000,0,1000,957.64,24.45,1
5799,DECODE,1000,0,1000,958.64,24.48,1
5800,DECODE,999,0,999,959.90,24.73,1
5801,EXTEND,1,88,0,92.00,16.09,1
5802,EXTEND,2,142,0,80.50,17.34,1
5803,EXTEND,1,191,0,200.00,17.80,1
5804,DECODE,1000,0,1000,958.52,24.24,1
5805,DECODE,1000,0,1000,959.52,25.28,1
5806,DECODE,1000,0,1000,960.52,24.73,1
5807,DECODE,1000,0,1000,961.52,24.64,1
5808,DECODE,997,0,997,962.16,24.76,1
5809,EXTEND,3,177,0,68.00,16.34,1
5810,EXTEND,1,59,0,62.00,16.38,1
5811,EXTEND,2,80,0,48.50,16.16,1
5812,DECODE,1000,0,1000,959.67,24.25,1
5813,DECODE,1000,0,1000,960.67,24.23,1
5814,DECODE,999,0,999,961.72,24.40,1
5815,EXTEND,1,100,0,106.00,23.79,1
5816,DECODE,999,0,999,962.14,27.35,1
5817,EXTEND,1,71,0,77.00,16.06,1
5818,DECODE,1000,0,1000,962.26,24.26,1
5819,DECODE,1000,0,1000,963.26,24.36,1
5820,DECODE,1000,0,1000,964.26,24.99,1
5821,DECODE,1000,0,1000,965.26,24.89,1
5822,DECODE,999,0,999,965.48,24.69,1
5823,EXTEND,1,97,0,105.00,16.99,1
5824,EXTEND,2,269,0,139.00,24.95,1
5825,DECODE,1000,0,1000,963.90,24.58,1
5826,DECODE,1000,0,1000,964.90,24.83,1
5827,DECODE,1000,0,1000,965.90,24.89,1
5828,DECODE,1000,0,1000,966.90,24.36,1
5829,DECODE,998,0,998,967.99,24.51,1
5830,EXTEND,2,221,0,116.50,25.29,1
5831,EXTEND,1,48,0,58.00,15.96,1
5832,EXTEND,1,58,0,62.00,15.94,1
5833,DECODE,1000,0,1000,966.51,24.26,1
5834,DECODE,1000,0,1000,967.51,24.51,1
5835,DECODE,999,0,999,967.45,24.63,1
5836,EXTEND,1,54,0,61.00,25.78,1
5837,EXTEND,1,89,0,95.00,16.11,1
5838,DECODE,1000,0,1000,967.04,24.44,1
5839,DECODE,1000,0,1000,968.04,24.77,1
5840,DECODE,999,0,999,969.26,24.70,1
5841,EXTEND,1,31,0,40.00,16.15,1
5842,EXTEND,1,143,0,148.00,16.56,1
5843,EXTEND,5,305,0,68.00,24.41,1
5844,DECODE,1000,0,1000,966.12,24.19,1
5845,DECODE,1000,0,1000,967.12,24.24,1
5846,DECODE,995,0,995,968.77,24.63,1
5847,EXTEND,5,906,0,186.40,23.77,1
5848,EXTEND,1,52,0,57.00,17.42,1
5849,DECODE,1000,0,1000,963.91,24.47,1
5850,DECODE,1000,0,1000,964.91,24.25,1
5851,DECODE,998,0,998,964.74,26.26,1
5852,EXTEND,2,169,0,88.50,17.15,1
5853,DECODE,1000,0,1000,963.98,24.29,1
5854,DECODE,1000,0,1000,964.98,24.35,1
5855,DECODE,1000,0,1000,965.98,24.58,1
5856,DECODE,999,0,999,966.67,25.08,1
5857,EXTEND,1,31,0,36.00,16.19,1
5858,DECODE,1000,0,1000,966.74,24.42,1
5859,DECODE,1000,0,1000,967.74,24.63,1
5860,DECODE,997,0,997,969.92,25.64,1
5861,EXTEND,3,221,0,79.33,17.57,1
5862,EXTEND,2,102,0,57.00,17.08,1
5863,EXTEND,2,101,0,57.00,16.88,1
5864,DECODE,1000,0,1000,965.52,24.97,1
5865,DECODE,1000,0,1000,966.52,24.85,1
5866,DECODE,1000,0,1000,967.52,24.67,1
5867,DECODE,1000,0,1000,968.52,24.59,1
5868,DECODE,999,0,999,969.50,24.88,1
5869,EXTEND,1,57,0,71.00,17.80,1
5870,DECODE,999,0,999,969.87,24.56,1
5871,EXTEND,1,46,0,54.00,16.33,1
5872,DECODE,999,0,999,969.93,24.74,1
5873,EXTEND,1,94,0,98.00,20.81,1
5874,DECODE,997,0,997,968.02,30.51,1
5875,EXTEND,3,391,0,137.00,17.46,1
5876,DECODE,1000,0,1000,966.52,25.70,1
5877,DECODE,1000,0,1000,967.52,24.32,1
5878,DECODE,999,0,999,969.10,24.52,1
5879,EXTEND,1,82,0,85.00,16.54,1
5880,DECODE,998,0,998,969.87,24.68,1
5881,EXTEND,2,152,0,80.00,16.42,1
5882,DECODE,999,0,999,969.46,24.43,1
5883,EXTEND,1,133,0,138.00,15.90,1
5884,DECODE,998,0,998,970.44,24.72,1
5885,EXTEND,2,55,0,45.00,16.20,1
5886,DECODE,999,0,999,970.18,25.02,1
5887,EXTEND,1,50,0,59.00,16.66,1
5888,DECODE,997,0,997,972.06,24.90,1
5889,EXTEND,3,190,0,73.33,16.93,1
5890,DECODE,998,0,998,970.80,24.81,1
5891,EXTEND,2,105,0,58.50,16.68,1
5892,DECODE,999,0,999,969.68,24.64,1
5893,EXTEND,1,37,0,43.00,16.51,1
5894,DECODE,1000,0,1000,969.75,24.49,1
5895,DECODE,1000,0,1000,970.75,24.72,1
5896,DECODE,1000,0,1000,971.75,24.72,1
5897,DECODE,999,0,999,973.14,24.95,1
5898,EXTEND,1,39,0,44.00,16.31,1
5899,DECODE,998,0,998,973.46,24.91,1
5900,EXTEND,2,161,0,89.00,16.72,1
5901,DECODE,999,0,999,973.34,24.81,1
5902,EXTEND,1,68,0,73.00,16.25,1
5903,DECODE,1000,0,1000,973.44,24.67,1
5904,DECODE,1000,0,1000,974.44,26.75,1
5905,DECODE,999,0,999,975.86,24.92,1
5906,EXTEND,1,40,0,46.00,18.33,1
5907,EXTEND,1,69,0,74.00,17.31,1
5908,EXTEND,1,49,0,57.00,17.66,1
5909,DECODE,1000,0,1000,975.10,25.55,1
5910,DECODE,1000,0,1000,976.10,25.19,1
5911,DECODE,998,0,998,976.26,25.45,1
5912,EXTEND,2,189,0,101.00,18.39,1
5913,EXTEND,2,116,0,65.00,17.83,1
5914,EXTEND,1,50,0,56.00,21.05,1
5915,DECODE,1000,0,1000,972.63,24.76,1
5916,DECODE,1000,0,1000,973.63,25.23,1
5917,DECODE,1000,0,1000,974.63,24.76,1
5918,DECODE,998,0,998,977.17,24.67,1
5919,EXTEND,2,92,0,51.50,16.97,1
5920,EXTEND,1,328,0,332.00,16.23,1
5921,EXTEND,1,35,0,45.00,27.38,1
5922,DECODE,1000,0,1000,975.22,31.10,1
5923,DECODE,1000,0,1000,976.22,24.78,1
5924,DECODE,996,0,996,977.53,25.06,1
5925,EXTEND,4,223,0,61.25,25.38,1
5926,EXTEND,3,314,0,109.67,22.94,1
5927,EXTEND,1,25,0,33.00,15.68,1
5928,DECODE,1000,0,1000,973.66,24.51,1
5929,DECODE,1000,0,1000,974.66,24.91,1
5930,DECODE,999,0,999,976.32,25.39,1
5931,EXTEND,1,100,0,107.00,16.19,1
5932,EXTEND,2,103,0,59.50,16.37,1
5933,EXTEND,2,154,0,81.50,16.36,1
5934,DECODE,1000,0,1000,974.73,24.85,1
5935,DECODE,1000,0,1000,975.73,24.60,1
5936,DECODE,1000,0,1000,976.73,24.66,1
5937,DECODE,1000,0,1000,977.73,25.49,1
5938,DECODE,997,0,997,978.77,25.23,1
5939,EXTEND,3,189,0,71.67,16.50,1
5940,EXTEND,3,240,0,87.33,16.10,1
5941,EXTEND,2,115,0,63.00,15.97,1
5942,DECODE,1000,0,1000,973.13,24.77,1
5943,DECODE,1000,0,1000,974.13,24.70,1
5944,DECODE,1000,0,1000,975.13,24.81,1
5945,DECODE,1000,0,1000,976.13,24.61,1
5946,DECODE,999,0,999,977.08,24.98,1
5947,EXTEND,1,44,0,53.00,16.85,1
5948,EXTEND,1,51,0,56.00,16.33,1
5949,DECODE,1000,0,1000,976.54,24.64,1
5950,DECODE,1000,0,1000,977.54,24.66,1
5951,DECODE,998,0,998,978.81,27.22,1
5952,EXTEND,2,89,0,50.00,16.80,1
5953,EXTEND,1,67,0,71.00,16.21,1
5954,DECODE,1000,0,1000,976.53,24.94,1
5955,DECODE,1000,0,1000,977.53,24.91,1
5956,DECODE,999,0,999,979.16,24.78,1
5957,EXTEND,1,30,0,41.00,16.60,1
5958,EXTEND,1,90,0,94.00,18.08,1
5959,DECODE,998,0,998,977.12,25.13,1
5960,EXTEND,2,140,0,77.00,16.74,1
5961,DECODE,999,0,999,975.25,26.71,1
5962,EXTEND,1,85,0,88.00,16.19,1
5963,DECODE,999,0,999,975.43,24.63,1
5964,EXTEND,1,62,0,71.00,16.56,1
5965,DECODE,1000,0,1000,975.52,24.74,1
5966,DECODE,1000,0,1000,976.52,24.60,1
5967,DECODE,998,0,998,978.05,24.68,1
5968,EXTEND,2,165,0,92.50,16.79,1
5969,EXTEND,2,112,0,60.00,16.09,1
5970,EXTEND,1,50,0,57.00,16.11,1
5971,DECODE,1000,0,1000,976.60,24.98,1
5972,DECODE,1000,0,1000,977.60,25.06,1
5973,DECODE,999,0,999,978.72,24.88,1
5974,EXTEND,1,62,0,70.00,16.75,1
5975,EXTEND,3,248,0,87.00,16.61,1
5976,DECODE,1000,0,1000,977.02,24.75,1
5977,DECODE,1000,0,1000,978.02,24.93,1
5978,DECODE,999,0,999,979.57,25.25,1
5979,EXTEND,1,32,0,41.00,17.20,1
5980,EXTEND,2,203,0,109.00,16.83,1
5981,EXTEND,1,199,0,204.00,16.14,1
5982,DECODE,1000,0,1000,976.79,25.55,1
5983,DECODE,1000,0,1000,977.79,25.05,1
5984,DECODE,999,0,999,977.68,25.17,1
5985,EXTEND,1,57,0,63.00,16.42,1
5986,EXTEND,2,167,0,88.00,16.65,1
5987,DECODE,1000,0,1000,976.16,25.56,1
5988,DECODE,1000,0,1000,977.16,24.97,1
5989,DECODE,1000,0,1000,978.16,24.86,1
5990,DECODE,1000,0,1000,979.16,25.05,1
5991,DECODE,1000,0,1000,980.16,24.86,1
5992,DECODE,1000,0,1000,981.16,25.07,1
5993,DECODE,999,0,999,982.93,25.10,1
5994,EXTEND,1,67,0,73.00,16.37,1
5995,EXTEND,2,91,0,53.00,16.34,1
5996,EXTEND,3,176,0,69.67,17.94,1
5997,DECODE,1000,0,1000,980.20,24.88,1
5998,DECODE,1000,0,1000,981.20,24.94,1
5999,DECODE,997,0,997,983.34,25.05,1
6000,EXTEND,3,141,0,54.00,16.55,1
6001,EXTEND,1,75,0,80.00,16.04,1
6002,EXTEND,1,67,0,72.00,16.09,1
6003,DECODE,1000,0,1000,979.98,24.49,1
6004,DECODE,1000,0,1000,980.98,25.22,1
6005,DECODE,1000,0,1000,981.98,24.77,1
6006,DECODE,999,0,999,983.16,24.64,1
6007,EXTEND,1,100,0,104.00,16.20,1
6008,EXTEND,1,41,0,49.00,16.00,1
6009,DECODE,1000,0,1000,982.45,25.05,1
6010,DECODE,1000,0,1000,983.45,24.82,1
6011,DECODE,998,0,998,985.51,24.88,1
6012,EXTEND,2,83,0,54.50,16.34,1
6013,EXTEND,2,135,0,77.50,16.23,1
6014,DECODE,1000,0,1000,982.36,24.49,1
6015,DECODE,1000,0,1000,983.36,24.63,1
6016,DECODE,999,0,999,985.01,25.31,1
6017,EXTEND,1,64,0,71.00,16.92,1
6018,EXTEND,2,85,0,57.50,18.75,1
6019,EXTEND,1,57,0,65.00,16.39,1
6020,DECODE,1000,0,1000,983.76,24.98,1
6021,DECODE,1000,0,1000,984.76,24.70,1
6022,DECODE,999,0,999,986.42,24.84,1
6023,EXTEND,1,48,0,57.00,16.35,1
6024,DECODE,1000,0,1000,986.49,24.75,1
6025,DECODE,1000,0,1000,987.49,24.78,1
6026,DECODE,999,0,999,988.86,24.75,1
6027,EXTEND,1,69,0,78.00,16.32,1
6028,EXTEND,1,52,0,58.00,15.95,1
6029,EXTEND,1,73,0,78.00,16.11,1
6030,DECODE,1000,0,1000,988.16,24.49,1
6031,DECODE,1000,0,1000,989.16,24.48,1
6032,DECODE,1000,0,1000,990.16,24.61,1
6033,DECODE,998,0,998,990.79,24.77,1
6034,EXTEND,2,114,0,62.00,16.85,1
6035,EXTEND,1,81,0,88.00,16.37,1
6036,EXTEND,1,31,0,39.00,15.92,1
6037,DECODE,1000,0,1000,988.81,24.60,1
6038,DECODE,1000,0,1000,989.81,24.86,1
6039,DECODE,996,0,996,992.92,24.81,1
6040,EXTEND,4,246,0,68.00,17.13,1
6041,DECODE,999,0,999,990.89,25.09,1
6042,EXTEND,1,42,0,78.00,16.50,1
6043,DECODE,999,0,999,991.54,24.90,1
6044,EXTEND,1,50,0,54.00,16.85,1
6045,DECODE,1000,0,1000,991.60,24.71,1
6046,DECODE,1000,0,1000,992.60,24.94,1
6047,DECODE,1000,0,1000,993.60,24.61,1
6048,DECODE,998,0,998,995.48,24.84,1
6049,EXTEND,2,96,0,53.00,16.44,1
6050,DECODE,999,0,999,993.39,24.91,1
6051,EXTEND,1,63,0,70.00,16.28,1
6052,DECODE,1000,0,1000,993.47,24.59,1
6053,DECODE,1000,0,1000,994.47,24.70,1
6054,DECODE,1000,0,1000,995.47,24.84,1
6055,DECODE,1000,0,1000,996.47,24.96,1
6056,DECODE,999,0,999,997.15,24.74,1
6057,EXTEND,1,60,0,64.00,17.13,1
6058,EXTEND,1,91,0,107.00,16.33,1
6059,EXTEND,2,107,0,59.00,17.70,1
6060,DECODE,1000,0,1000,993.17,24.53,1
6061,DECODE,1000,0,1000,994.17,24.65,1
6062,DECODE,999,0,999,995.88,24.94,1
6063,EXTEND,1,84,0,90.00,17.67,1
6064,DECODE,999,0,999,995.74,24.74,1
6065,EXTEND,1,87,0,92.00,16.44,1
6066,DECODE,1000,0,1000,995.84,24.79,1
6067,DECODE,1000,0,1000,996.84,24.61,1
6068,DECODE,999,0,999,997.92,24.83,1
6069,EXTEND,1,62,0,67.00,16.32,1
6070,EXTEND,1,59,0,65.00,16.32,1
6071,EXTEND,3,173,0,64.33,16.09,1
6072,DECODE,1000,0,1000,995.61,24.62,1
6073,DECODE,1000,0,1000,996.61,24.68,1
6074,DECODE,998,0,998,998.81,24.99,1
6075,EXTEND,2,152,0,86.00,16.99,1
6076,DECODE,999,0,999,998.76,26.87,1
6077,EXTEND,1,64,0,69.00,17.59,1
6078,DECODE,998,0,998,998.57,24.94,1
6079,EXTEND,2,85,0,47.00,16.34,1
6080,DECODE,1000,0,1000,997.67,24.91,1
6081,DECODE,1000,0,1000,998.67,24.93,1
6082,DECODE,999,0,999,1000.11,26.66,1
6083,EXTEND,1,45,0,50.00,17.18,1
6084,EXTEND,2,177,0,95.00,17.29,1
6085,DECODE,1000,0,1000,999.41,25.05,1
6086,DECODE,1000,0,1000,1000.41,24.98,1
6087,DECODE,997,0,997,1003.11,25.15,1
6088,EXTEND,3,370,0,127.67,24.83,1
6089,DECODE,999,0,999,999.92,25.28,1
6090,EXTEND,1,90,0,98.00,17.24,1
6091,DECODE,998,0,998,998.68,24.85,1
6092,EXTEND,2,163,0,89.50,16.75,1
6093,DECODE,999,0,999,998.31,24.92,1
6094,EXTEND,1,126,0,130.00,16.64,1
6095,DECODE,998,0,998,999.88,25.00,1
6096,EXTEND,2,112,0,63.00,17.09,1
6097,DECODE,1000,0,1000,999.00,24.95,1
6098,DECODE,1000,0,1000,1000.00,24.83,1
6099,DECODE,998,0,998,1001.45,25.63,1
6100,EXTEND,2,220,0,117.50,16.70,1
6101,EXTEND,2,68,0,40.50,16.29,1
6102,EXTEND,1,56,0,62.00,16.40,1
6103,DECODE,1000,0,1000,998.00,26.00,1
6104,DECODE,1000,0,1000,999.00,24.98,1
6105,DECODE,1000,0,1000,1000.00,25.03,1
6106,DECODE,999,0,999,1001.01,25.11,1
6107,EXTEND,1,69,0,74.00,16.55,1
6108,DECODE,1000,0,1000,1001.08,24.74,1
6109,DECODE,1000,0,1000,1002.08,24.81,1
6110,DECODE,1000,0,1000,1003.08,24.96,1
6111,DECODE,999,0,999,1004.13,25.48,1
6112,EXTEND,1,31,0,40.00,17.09,1
6113,EXTEND,2,74,0,45.50,16.36,1
6114,EXTEND,1,31,0,37.00,16.14,1
6115,DECODE,1000,0,1000,1000.83,24.79,1
6116,DECODE,1000,0,1000,1001.83,24.77,1
6117,DECODE,998,0,998,1003.75,25.99,1
6118,EXTEND,2,188,0,108.00,18.81,1
6119,DECODE,999,0,999,1002.94,25.51,1
6120,EXTEND,1,67,0,72.00,16.58,1
6121,DECODE,999,0,999,1003.56,25.36,1
6122,EXTEND,1,68,0,84.00,16.81,1
6123,DECODE,1000,0,1000,1003.64,25.06,1
6124,DECODE,1000,0,1000,1004.64,26.41,1
6125,DECODE,999,0,999,1005.92,25.82,1
6126,EXTEND,1,77,0,82.00,16.28,1
6127,DECODE,997,0,997,1005.96,25.00,1
6128,EXTEND,3,185,0,67.33,16.34,1
6129,DECODE,999,0,999,1004.81,25.21,1
6130,EXTEND,1,95,0,99.00,23.22,1
6131,DECODE,1000,0,1000,1004.90,25.33,1
6132,DECODE,1000,0,1000,1005.90,25.05,1
6133,DECODE,999,0,999,1007.32,25.21,1
6134,EXTEND,1,58,0,76.00,16.47,1
6135,DECODE,1000,0,1000,1007.39,24.84,1
6136,DECODE,1000,0,1000,1008.39,25.01,1
6137,DECODE,1000,0,1000,1009.39,25.21,1
6138,DECODE,997,0,997,1009.52,25.19,1
6139,EXTEND,3,233,0,82.33,16.80,1
6140,EXTEND,2,263,0,138.50,16.27,1
6141,EXTEND,2,114,0,63.50,16.04,1
6142,DECODE,1000,0,1000,1004.59,24.86,1
6143,DECODE,1000,0,1000,1005.59,24.85,1
6144,DECODE,999,0,999,1007.35,25.80,1
6145,EXTEND,1,36,0,41.00,19.76,1
6146,EXTEND,1,89,0,92.00,16.97,1
6147,DECODE,1000,0,1000,1005.87,25.67,1
6148,DECODE,1000,0,1000,1006.87,25.50,1
6149,DECODE,999,0,999,1006.97,25.72,1
6150,EXTEND,1,63,0,68.00,17.90,1
6151,DECODE,999,0,999,1007.77,25.56,1
6152,EXTEND,1,61,0,68.00,17.76,1
6153,DECODE,1000,0,1000,1007.83,26.52,1
6154,DECODE,1000,0,1000,1008.83,25.25,1
6155,DECODE,1000,0,1000,1009.83,25.03,1
6156,DECODE,1000,0,1000,1010.83,25.30,1
6157,DECODE,1000,0,1000,1011.83,25.28,1
6158,DECODE,999,0,999,1012.74,25.61,1
6159,EXTEND,1,52,0,59.00,16.58,1
6160,DECODE,1000,0,1000,1012.79,25.42,1
6161,DECODE,1000,0,1000,1013.79,25.99,1
6162,DECODE,1000,0,1000,1014.79,25.53,1
6163,DECODE,1000,0,1000,1015.79,25.16,1
6164,DECODE,999,0,999,1017.52,25.35,1
6165,EXTEND,1,29,0,38.00,16.75,1
6166,DECODE,998,0,998,1017.68,25.10,1
6167,EXTEND,2,130,0,70.50,16.32,1
6168,DECODE,999,0,999,1017.41,25.36,1
6169,EXTEND,1,75,0,78.00,16.54,1
6170,DECODE,1000,0,1000,1017.47,25.08,1
6171,DECODE,1000,0,1000,1018.47,25.14,1
6172,DECODE,999,0,999,1019.02,25.49,1
6173,EXTEND,1,45,0,50.00,17.49,1
6174,EXTEND,3,204,0,80.67,21.24,1
6175,DECODE,1000,0,1000,1016.28,25.23,1
6176,DECODE,1000,0,1000,1017.28,25.21,1
6177,DECODE,999,0,999,1018.42,25.46,1
6178,EXTEND,1,38,0,43.00,16.51,1
6179,DECODE,997,0,997,1019.50,25.42,1
6180,EXTEND,3,298,0,109.00,24.33,1
6181,DECODE,1000,0,1000,1017.77,25.04,1
6182,DECODE,1000,0,1000,1018.77,25.20,1
6183,DECODE,999,0,999,1020.44,25.50,1
6184,EXTEND,1,87,0,92.00,16.67,1
6185,DECODE,1000,0,1000,1020.51,25.08,1
6186,DECODE,1000,0,1000,1021.51,25.02,1
6187,DECODE,1000,0,1000,1022.51,26.41,1
6188,DECODE,999,0,999,1023.47,25.47,1
6189,EXTEND,1,40,0,48.00,16.34,1
6190,DECODE,999,0,999,1022.32,25.91,1
6191,EXTEND,1,37,0,43.00,16.39,1
6192,DECODE,1000,0,1000,1022.34,25.01,1
6193,DECODE,1000,0,1000,1023.34,25.13,1
6194,DECODE,999,0,999,1024.50,25.28,1
6195,EXTEND,1,61,0,66.00,17.14,1
6196,DECODE,997,0,997,1026.02,26.78,1
6197,EXTEND,3,343,0,128.00,23.05,1
6198,DECODE,1000,0,1000,1024.32,25.16,1
6199,DECODE,1000,0,1000,1025.32,25.31,1
6200,DECODE,999,0,999,1026.61,25.57,1
6201,DECODE,999,0,999,1027.61,26.08,1
6202,DECODE,999,0,999,1028.61,25.51,1
6203,EXTEND,1,223,0,274.00,17.48,1
6204,DECODE,1000,0,1000,1028.86,25.09,1
6205,DECODE,1000,0,1000,1029.86,25.18,1
6206,DECODE,1000,0,1000,1030.86,25.33,1
6207,DECODE,1000,0,1000,1031.86,25.23,1
6208,DECODE,996,0,996,1031.78,25.28,1
6209,EXTEND,4,405,0,110.00,22.89,1
6210,DECODE,999,0,999,1028.47,25.34,1
6211,EXTEND,1,60,0,66.00,17.06,1
6212,DECODE,1000,0,1000,1028.51,25.33,1
6213,DECODE,1000,0,1000,1029.51,25.17,1
6214,DECODE,998,0,998,1031.85,25.49,1
6215,EXTEND,2,175,0,93.00,16.82,1
6216,EXTEND,2,115,0,62.50,16.33,1
6217,DECODE,1000,0,1000,1028.61,25.05,1
6218,DECODE,1000,0,1000,1029.61,25.23,1
6219,DECODE,999,0,999,1031.22,25.31,1
6220,EXTEND,1,34,0,38.00,17.22,1
6221,EXTEND,1,72,0,80.00,16.44,1
6222,EXTEND,2,84,0,49.50,17.00,1
6223,DECODE,1000,0,1000,1028.77,25.09,1
6224,DECODE,1000,0,1000,1029.77,25.06,1
6225,DECODE,999,0,999,1031.33,25.54,1
6226,EXTEND,1,47,0,59.00,16.68,1
6227,EXTEND,3,185,0,70.33,16.43,1
6228,EXTEND,1,170,0,175.00,16.31,1
6229,DECODE,1000,0,1000,1028.99,26.42,1
6230,DECODE,1000,0,1000,1029.99,25.19,1
6231,DECODE,1000,0,1000,1030.99,25.18,1
6232,DECODE,998,0,998,1031.21,25.88,1
6233,EXTEND,2,186,0,98.00,16.78,1
6234,EXTEND,2,118,0,63.50,16.73,1
6235,EXTEND,2,212,0,113.50,15.85,1
6236,DECODE,1000,0,1000,1025.79,25.06,1
6237,DECODE,1000,0,1000,1026.79,25.11,1
6238,DECODE,998,0,998,1027.68,25.35,1
6239,EXTEND,2,155,0,84.50,17.44,1
6240,EXTEND,1,95,0,99.00,16.36,1
6241,EXTEND,2,157,0,89.50,15.84,1
6242,DECODE,1000,0,1000,1024.86,25.03,1
6243,DECODE,1000,0,1000,1025.86,25.11,1
6244,DECODE,998,0,998,1027.21,25.34,1
6245,EXTEND,2,64,0,40.50,16.23,1
6246,EXTEND,1,54,0,59.00,16.60,1
6247,EXTEND,2,137,0,76.00,16.09,1
6248,DECODE,1000,0,1000,1024.53,25.00,1
6249,DECODE,1000,0,1000,1025.53,25.20,1
6250,DECODE,1000,0,1000,1026.53,25.65,1
6251,DECODE,999,0,999,1028.07,25.59,1
6252,EXTEND,1,38,0,42.00,16.56,1
6253,EXTEND,2,457,0,233.00,16.40,1
6254,EXTEND,1,71,0,75.00,16.07,1
6255,DECODE,1000,0,1000,1025.26,25.25,1
6256,DECODE,1000,0,1000,1026.26,25.12,1
6257,DECODE,998,0,998,1026.53,25.41,1
6258,EXTEND,2,373,0,191.00,16.40,1
6259,DECODE,998,0,998,1027.38,25.37,1
6260,EXTEND,2,151,0,80.00,16.21,1
6261,DECODE,999,0,999,1025.29,25.33,1
6262,EXTEND,1,65,0,74.00,15.98,1
6263,DECODE,1000,0,1000,1025.33,25.61,1
6264,DECODE,1000,0,1000,1026.33,25.16,1
6265,DECODE,999,0,999,1027.44,25.90,1
6266,EXTEND,1,41,0,47.00,16.33,1
6267,EXTEND,2,95,0,53.00,16.13,1
6268,EXTEND,1,112,0,115.00,15.90,1
6269,DECODE,1000,0,1000,1025.29,25.01,1
6270,DECODE,1000,0,1000,1026.29,25.06,1
6271,DECODE,1000,0,1000,1027.29,25.23,1
6272,DECODE,998,0,998,1028.65,25.26,1
6273,EXTEND,2,212,0,110.50,16.18,1
6274,EXTEND,3,404,0,142.33,22.60,1
6275,EXTEND,3,190,0,70.33,15.98,1
6276,DECODE,1000,0,1000,1025.88,25.10,1
6277,DECODE,1000,0,1000,1026.88,25.26,1
6278,DECODE,998,0,998,1026.49,25.42,1
6279,EXTEND,2,77,0,46.50,16.68,1
6280,DECODE,999,0,999,1025.61,25.32,1
6281,EXTEND,1,67,0,76.00,16.32,1
6282,DECODE,999,0,999,1026.46,25.27,1
6283,EXTEND,1,57,0,62.00,16.74,1
6284,DECODE,1000,0,1000,1026.49,25.08,1
6285,DECODE,1000,0,1000,1027.49,25.12,1
6286,DECODE,999,0,999,1028.36,25.30,1
6287,EXTEND,1,52,0,60.00,16.83,1
6288,EXTEND,2,223,0,124.50,16.81,1
6289,EXTEND,3,153,0,60.00,16.22,1
6290,DECODE,1000,0,1000,1027.33,25.39,1
6291,DECODE,1000,0,1000,1028.33,25.50,1
6292,DECODE,1000,0,1000,1029.33,27.65,1
6293,DECODE,999,0,999,1031.10,25.63,1
6294,EXTEND,1,47,0,56.00,16.74,1
6295,EXTEND,2,115,0,66.00,16.44,1
6296,EXTEND,1,56,0,60.00,16.05,1
6297,DECODE,1000,0,1000,1029.59,25.10,1
6298,DECODE,1000,0,1000,1030.59,25.11,1
6299,DECODE,1000,0,1000,1031.59,25.31,1
6300,DECODE,999,0,999,1033.28,25.65,1
6301,EXTEND,1,40,0,53.00,16.93,1
6302,EXTEND,2,86,0,61.00,16.33,1
6303,DECODE,1000,0,1000,1032.42,25.14,1
6304,DECODE,1000,0,1000,1033.42,25.48,1
6305,DECODE,997,0,997,1031.51,25.68,1
6306,EXTEND,3,398,0,142.00,22.42,1
6307,DECODE,997,0,997,1027.86,25.50,1
6308,EXTEND,3,210,0,75.67,23.57,1
6309,DECODE,1000,0,1000,1026.01,25.91,1
6310,DECODE,1000,0,1000,1027.01,25.24,1
6311,DECODE,1000,0,1000,1028.01,25.22,1
6312,DECODE,998,0,998,1030.49,25.73,1
6313,EXTEND,2,353,0,181.00,21.92,1
6314,EXTEND,2,135,0,74.00,16.52,1
6315,EXTEND,2,100,0,57.50,16.05,1
6316,DECODE,1000,0,1000,1026.89,25.30,1
6317,DECODE,1000,0,1000,1027.89,25.29,1
6318,DECODE,1000,0,1000,1028.89,25.23,1
6319,DECODE,997,0,997,1031.96,25.31,1
6320,EXTEND,3,634,0,220.00,33.69,1
6321,DECODE,1000,0,1000,1030.53,25.48,1
6322,DECODE,1000,0,1000,1031.53,25.30,1
6323,DECODE,999,0,999,1033.23,26.76,1
6324,EXTEND,1,153,0,159.00,16.47,1
6325,EXTEND,1,37,0,40.00,16.19,1
6326,EXTEND,1,55,0,64.00,16.02,1
6327,DECODE,1000,0,1000,1032.51,25.42,1
6328,DECODE,1000,0,1000,1033.51,25.55,1
6329,DECODE,998,0,998,1034.15,25.74,1
6330,EXTEND,2,122,0,69.50,16.58,1
6331,EXTEND,2,102,0,58.00,16.72,1
6332,EXTEND,1,90,0,95.00,16.27,1
6333,DECODE,1000,0,1000,1029.56,26.45,1
6334,DECODE,1000,0,1000,1030.56,25.68,1
6335,DECODE,1000,0,1000,1031.56,25.62,1
6336,DECODE,1000,0,1000,1032.56,25.39,1
6337,DECODE,999,0,999,1034.22,25.47,1
6338,EXTEND,1,87,0,97.00,16.79,1
6339,DECODE,999,0,999,1035.01,25.58,1
6340,EXTEND,1,85,0,92.00,16.54,1
6341,DECODE,1000,0,1000,1035.07,25.27,1
6342,DECODE,1000,0,1000,1036.07,25.40,1
6343,DECODE,999,0,999,1037.54,25.83,1
6344,EXTEND,1,26,0,35.00,16.85,1
6345,DECODE,999,0,999,1037.60,25.66,1
6346,EXTEND,1,56,0,61.00,16.76,1
6347,DECODE,1000,0,1000,1037.63,25.34,1
6348,DECODE,1000,0,1000,1038.63,25.26,1
6349,DECODE,1000,0,1000,1039.63,25.26,1
6350,DECODE,999,0,999,1039.24,25.46,1
6351,EXTEND,1,96,0,108.00,16.63,1
6352,EXTEND,1,76,0,80.00,16.55,1
6353,EXTEND,1,115,0,119.00,16.50,1
6354,DECODE,1000,0,1000,1037.73,25.62,1
6355,DECODE,1000,0,1000,1038.73,30.14,1
6356,DECODE,998,0,998,1038.79,25.65,1
6357,EXTEND,2,99,0,59.00,16.88,1
6358,EXTEND,3,264,0,113.00,23.59,1
6359,DECODE,1000,0,1000,1035.06,25.22,1
6360,DECODE,1000,0,1000,1036.06,25.37,1
6361,DECODE,999,0,999,1036.66,26.20,1
6362,EXTEND,1,42,0,46.00,16.67,1
6363,DECODE,999,0,999,1037.24,25.66,1
6364,EXTEND,1,43,0,47.00,16.31,1
6365,DECODE,999,0,999,1037.95,25.59,1
6366,DECODE,999,0,999,1038.95,25.52,1
6367,EXTEND,1,185,0,190.00,16.79,1
6368,EXTEND,2,155,0,83.00,16.46,1
6369,DECODE,1000,0,1000,1037.31,25.12,1
6370,DECODE,1000,0,1000,1038.31,25.23,1
6371,DECODE,999,0,999,1039.69,25.43,1
6372,EXTEND,1,68,0,73.00,16.95,1
6373,EXTEND,2,149,0,88.50,16.74,1
6374,EXTEND,2,155,0,83.50,17.04,1
6375,DECODE,1000,0,1000,1035.23,25.47,1
6376,DECODE,1000,0,1000,1036.23,25.36,1
6377,DECODE,999,0,999,1037.17,25.43,1
6378,EXTEND,1,55,0,60.00,16.55,1
6379,EXTEND,1,65,0,80.00,16.39,1
6380,DECODE,1000,0,1000,1034.83,25.11,1
6381,DECODE,1000,0,1000,1035.83,25.13,1
6382,DECODE,996,0,996,1038.20,25.36,1
6383,EXTEND,4,298,0,80.25,16.74,1
6384,DECODE,999,0,999,1034.89,25.25,1
6385,EXTEND,1,43,0,49.00,15.99,1
6386,DECODE,999,0,999,1035.38,25.43,1
6387,EXTEND,1,103,0,107.00,16.23,1
6388,DECODE,999,0,999,1034.13,25.70,1
6389,EXTEND,1,345,0,352.00,16.72,1
6390,DECODE,998,0,998,1036.02,25.41,1
6391,EXTEND,2,154,0,84.50,16.78,1
6392,DECODE,1000,0,1000,1035.12,25.33,1
6393,DECODE,1000,0,1000,1036.12,25.32,1
6394,DECODE,999,0,999,1037.92,25.73,1
6395,EXTEND,1,62,0,71.00,16.99,1
6396,DECODE,999,0,999,1038.50,25.77,1
6397,EXTEND,1,37,0,43.00,16.58,1
6398,DECODE,1000,0,1000,1038.50,25.53,1
6399,DECODE,1000,0,1000,1039.50,25.86,1
6400,DECODE,999,0,999,1040.89,26.65,1
6401,EXTEND,1,46,0,56.00,18.41,1
6402,EXTEND,1,479,0,483.00,27.71,1
6403,EXTEND,2,80,0,46.50,16.24,1
6404,DECODE,1000,0,1000,1038.03,26.15,1
6405,DECODE,1000,0,1000,1039.03,25.75,1
6406,DECODE,999,0,999,1040.07,25.84,1
6407,EXTEND,1,33,0,42.00,16.52,1
6408,EXTEND,2,425,0,220.50,22.91,1
6409,DECODE,1000,0,1000,1038.61,25.29,1
6410,DECODE,1000,0,1000,1039.61,25.40,1
6411,DECODE,1000,0,1000,1040.61,25.80,1
6412,DECODE,1000,0,1000,1041.61,25.55,1
6413,DECODE,999,0,999,1042.72,26.05,1
6414,EXTEND,1,55,0,60.00,16.55,1
6415,DECODE,998,0,998,1043.83,25.51,1
6416,EXTEND,2,237,0,124.50,17.35,1
6417,DECODE,1000,0,1000,1043.00,25.19,1
6418,DECODE,1000,0,1000,1044.00,25.36,1
6419,DECODE,999,0,999,1045.75,25.58,1
6420,EXTEND,1,60,0,69.00,16.59,1
6421,EXTEND,2,109,0,73.50,16.38,1
6422,EXTEND,1,67,0,75.00,15.91,1
6423,DECODE,1000,0,1000,1043.35,26.82,1
6424,DECODE,1000,0,1000,1044.35,25.38,1
6425,DECODE,998,0,998,1045.07,25.40,1
6426,EXTEND,2,97,0,55.50,18.58,1
6427,EXTEND,2,248,0,133.00,17.55,1
6428,DECODE,1000,0,1000,1043.74,25.52,1
6429,DECODE,1000,0,1000,1044.74,25.20,1
6430,DECODE,997,0,997,1047.86,25.50,1
6431,EXTEND,3,186,0,70.67,16.63,1
6432,DECODE,999,0,999,1045.95,25.33,1
6433,EXTEND,1,59,0,65.00,16.56,1
6434,DECODE,1000,0,1000,1045.97,25.15,1
6435,DECODE,1000,0,1000,1046.97,25.43,1
6436,DECODE,999,0,999,1048.73,25.75,1
6437,EXTEND,1,30,0,40.00,17.72,1
6438,DECODE,999,0,999,1049.38,25.45,1
6439,EXTEND,1,85,0,91.00,17.31,1
6440,DECODE,1000,0,1000,1049.42,25.46,1
6441,DECODE,1000,0,1000,1050.42,25.38,1
6442,DECODE,1000,0,1000,1051.42,25.30,1
6443,DECODE,998,0,998,1052.61,25.62,1
6444,EXTEND,2,243,0,126.00,17.66,1
6445,DECODE,1000,0,1000,1051.75,25.25,1
6446,DECODE,1000,0,1000,1052.75,25.31,1
6447,DECODE,999,0,999,1053.75,25.59,1
6448,EXTEND,1,29,0,38.00,17.45,1
6449,EXTEND,1,34,0,45.00,16.60,1
6450,EXTEND,1,105,0,110.00,17.23,1
6451,DECODE,1000,0,1000,1052.64,25.72,1
6452,DECODE,1000,0,1000,1053.64,25.94,1
6453,DECODE,998,0,998,1053.71,28.13,1
6454,EXTEND,2,113,0,67.50,16.65,1
6455,DECODE,998,0,998,1054.19,25.46,1
6456,EXTEND,2,79,0,44.50,17.05,1
6457,DECODE,1000,0,1000,1053.17,25.39,1
6458,DECODE,1000,0,1000,1054.17,26.45,1
6459,DECODE,999,0,999,1056.01,25.97,1
6460,EXTEND,1,342,0,345.00,16.97,1
6461,DECODE,997,0,997,1057.86,25.87,1
6462,EXTEND,3,329,0,121.00,17.12,1
6463,DECODE,999,0,999,1056.30,25.79,1
6464,EXTEND,1,86,0,90.00,17.45,1
6465,DECODE,1000,0,1000,1056.33,25.61,1
6466,DECODE,1000,0,1000,1057.33,29.35,1
6467,DECODE,999,0,999,1057.03,33.59,1
6468,EXTEND,1,83,0,89.00,16.33,1
6469,EXTEND,1,52,0,56.00,15.94,1
6470,EXTEND,1,57,0,68.00,15.81,1
6471,DECODE,1000,0,1000,1055.93,25.43,1
6472,DECODE,1000,0,1000,1056.93,25.41,1
6473,DECODE,1000,0,1000,1057.93,25.66,1
6474,DECODE,999,0,999,1059.11,34.47,1
6475,EXTEND,1,50,0,61.00,16.31,1
6476,EXTEND,1,28,0,33.00,16.18,1
6477,EXTEND,2,137,0,73.50,16.30,1
6478,DECODE,1000,0,1000,1055.73,25.40,1
6479,DECODE,1000,0,1000,1056.73,25.43,1
6480,DECODE,999,0,999,1058.42,25.91,1
6481,EXTEND,1,35,0,41.00,16.51,1
6482,EXTEND,1,49,0,71.00,16.13,1
6483,EXTEND,1,74,0,85.00,15.80,1
6484,DECODE,1000,0,1000,1055.63,25.40,1
6485,DECODE,1000,0,1000,1056.63,25.59,1
6486,DECODE,999,0,999,1058.14,25.86,1
6487,EXTEND,1,78,0,83.00,17.81,1
6488,EXTEND,4,287,0,77.00,16.31,1
6489,EXTEND,3,245,0,87.33,24.74,1
6490,DECODE,1000,0,1000,1051.83,25.86,1
6491,DECODE,1000,0,1000,1052.83,25.59,1
6492,DECODE,996,0,996,1056.04,25.49,1
6493,EXTEND,4,429,0,116.00,21.69,1
6494,DECODE,998,0,998,1053.18,25.51,1
6495,EXTEND,2,119,0,66.00,16.36,1
6496,DECODE,1000,0,1000,1052.21,25.39,1
6497,DECODE,1000,0,1000,1053.21,25.45,1
6498,DECODE,1000,0,1000,1054.21,26.57,1
6499,DECODE,1000,0,1000,1055.21,28.26,1
6500,DECODE,1000,0,1000,1056.21,26.12,1
6501,DECODE,1000,0,1000,1057.21,31.22,1
6502,DECODE,999,0,999,1056.70,25.80,1
6503,EXTEND,1,57,0,60.00,16.59,1
6504,EXTEND,2,112,0,63.50,16.36,1
6505,EXTEND,2,288,0,151.00,16.06,1
6506,DECODE,1000,0,1000,1053.61,25.34,1
6507,DECODE,1000,0,1000,1054.61,25.59,1
6508,DECODE,996,0,996,1053.82,25.64,1
6509,EXTEND,4,545,0,142.25,22.81,1
6510,EXTEND,1,66,0,69.00,16.06,1
6511,EXTEND,2,136,0,73.00,16.66,1
6512,DECODE,1000,0,1000,1047.40,25.35,1
6513,DECODE,1000,0,1000,1048.40,25.47,1
6514,DECODE,1000,0,1000,1049.40,25.75,1
6515,DECODE,998,0,998,1049.59,25.85,1
6516,EXTEND,2,196,0,103.00,16.69,1
6517,EXTEND,3,604,0,207.00,22.23,1
6518,DECODE,1000,0,1000,1043.90,25.38,1
6519,DECODE,1000,0,1000,1044.90,26.19,1
6520,DECODE,1000,0,1000,1045.90,25.63,1
6521,DECODE,998,0,998,1046.78,25.93,1
6522,EXTEND,2,138,0,73.50,16.82,1
6523,EXTEND,1,106,0,114.00,16.20,1
6524,EXTEND,2,140,0,81.50,16.10,1
6525,DECODE,1000,0,1000,1040.85,25.33,1
6526,DECODE,1000,0,1000,1041.85,25.39,1
6527,DECODE,997,0,997,1043.07,25.51,1
6528,EXTEND,3,232,0,82.00,16.54,1
6529,EXTEND,1,202,0,208.00,16.13,1
6530,EXTEND,1,127,0,137.00,16.03,1
6531,DECODE,1000,0,1000,1039.22,25.27,1
6532,DECODE,1000,0,1000,1040.22,25.42,1
6533,DECODE,999,0,999,1041.78,25.67,1
6534,EXTEND,1,45,0,51.00,16.34,1
6535,EXTEND,1,61,0,72.00,16.21,1
6536,EXTEND,1,59,0,63.00,16.47,1
6537,DECODE,1000,0,1000,1038.82,25.20,1
6538,DECODE,1000,0,1000,1039.82,25.38,1
6539,DECODE,998,0,998,1041.87,26.21,1
6540,EXTEND,2,134,0,72.50,16.60,1
6541,DECODE,998,0,998,1040.93,25.87,1
6542,EXTEND,2,91,0,51.50,27.63,1
6543,DECODE,1000,0,1000,1039.95,28.87,1
6544,DECODE,1000,0,1000,1040.95,29.93,1
6545,DECODE,998,0,998,1039.58,25.85,1
6546,EXTEND,2,349,0,181.50,23.21,1
6547,EXTEND,1,32,0,36.00,16.66,1
6548,EXTEND,2,141,0,80.00,16.82,1
6549,DECODE,1000,0,1000,1033.32,25.26,1
6550,DECODE,1000,0,1000,1034.32,25.41,1
6551,DECODE,999,0,999,1033.79,25.40,1
6552,EXTEND,1,64,0,69.00,16.66,1
6553,EXTEND,1,94,0,99.00,15.96,1
6554,DECODE,1000,0,1000,1033.33,25.28,1
6555,DECODE,1000,0,1000,1034.33,25.32,1
6556,DECODE,1000,0,1000,1035.33,25.49,1
6557,DECODE,1000,0,1000,1036.33,25.45,1
6558,DECODE,998,0,998,1038.16,25.62,1
6559,EXTEND,2,133,0,75.00,16.34,1
6560,EXTEND,1,46,0,52.00,16.13,1
6561,EXTEND,1,43,0,66.00,15.79,1
6562,DECODE,1000,0,1000,1034.60,25.16,1
6563,DECODE,1000,0,1000,1035.60,26.24,1
6564,DECODE,999,0,999,1035.08,25.44,1
6565,EXTEND,1,140,0,144.00,18.99,1
6566,EXTEND,1,44,0,50.00,17.70,1
6567,EXTEND,3,184,0,70.33,18.35,1
6568,DECODE,1000,0,1000,1032.18,25.90,1
6569,DECODE,1000,0,1000,1033.18,25.31,1
6570,DECODE,1000,0,1000,1034.18,25.50,1
6571,DECODE,997,0,997,1036.61,25.91,1
6572,EXTEND,3,188,0,78.00,16.70,1
6573,DECODE,998,0,998,1033.58,25.41,1
6574,EXTEND,2,153,0,85.00,16.37,1
6575,DECODE,999,0,999,1033.21,25.72,1
6576,EXTEND,1,84,0,90.00,16.91,1
6577,DECODE,998,0,998,1034.15,25.75,1
6578,EXTEND,2,127,0,71.00,16.20,1
6579,DECODE,998,0,998,1033.45,25.54,1
6580,EXTEND,2,94,0,54.50,16.24,1
6581,DECODE,1000,0,1000,1032.49,25.29,1
6582,DECODE,1000,0,1000,1033.49,25.18,1
6583,DECODE,997,0,997,1035.16,25.72,1
6584,EXTEND,3,297,0,105.00,16.75,1
6585,EXTEND,1,305,0,313.00,18.30,1
6586,EXTEND,1,30,0,43.00,16.06,1
6587,DECODE,1000,0,1000,1030.44,25.20,1
6588,DECODE,1000,0,1000,1031.44,25.26,1
6589,DECODE,997,0,997,1033.94,25.80,1
6590,EXTEND,3,384,0,133.00,17.09,1
6591,EXTEND,2,132,0,104.00,16.26,1
6592,EXTEND,2,152,0,81.00,16.31,1
6593,DECODE,1000,0,1000,1025.72,25.86,1
6594,DECODE,1000,0,1000,1026.72,25.23,1
6595,DECODE,998,0,998,1028.65,25.74,1
6596,EXTEND,2,136,0,77.50,16.55,1
6597,EXTEND,1,102,0,106.00,16.47,1
6598,DECODE,1000,0,1000,1027.19,25.32,1
6599,DECODE,1000,0,1000,1028.19,25.29,1
6600,DECODE,999,0,999,1029.84,25.92,1
6601,EXTEND,1,86,0,89.00,16.37,1
6602,EXTEND,3,339,0,117.67,16.39,1
6603,DECODE,1000,0,1000,1026.35,26.45,1
6604,DECODE,1000,0,1000,1027.35,25.26,1
6605,DECODE,1000,0,1000,1028.35,25.32,1
6606,DECODE,1000,0,1000,1029.35,25.37,1
6607,DECODE,997,0,997,1030.04,25.55,1
6608,EXTEND,3,484,0,166.00,22.38,1
6609,EXTEND,1,202,0,216.00,16.83,1
6610,DECODE,1000,0,1000,1026.11,25.30,1
6611,DECODE,1000,0,1000,1027.11,25.27,1
6612,DECODE,1000,0,1000,1028.11,25.45,1
6613,DECODE,999,0,999,1028.86,26.20,1
6614,EXTEND,1,239,0,245.00,17.13,1
6615,EXTEND,1,125,0,128.00,16.36,1
6616,EXTEND,1,57,0,62.00,16.36,1
6617,DECODE,1000,0,1000,1026.31,25.36,1
6618,DECODE,1000,0,1000,1027.31,25.41,1
6619,DECODE,999,0,999,1026.77,25.48,1
6620,EXTEND,1,200,0,205.00,18.35,1
6621,EXTEND,2,118,0,63.50,16.46,1
6622,EXTEND,1,115,0,119.00,16.35,1
6623,DECODE,1000,0,1000,1024.75,25.17,1
6624,DECODE,1000,0,1000,1025.75,25.19,1
6625,DECODE,999,0,999,1027.42,25.90,1
6626,EXTEND,1,76,0,81.00,17.05,1
6627,EXTEND,1,62,0,70.00,17.77,1
6628,EXTEND,2,195,0,103.50,17.83,1
6629,DECODE,1000,0,1000,1024.39,27.00,1
6630,DECODE,1000,0,1000,1025.39,25.24,1
6631,DECODE,999,0,999,1024.86,25.63,1
6632,EXTEND,1,58,0,63.00,16.57,1
6633,EXTEND,2,262,0,137.50,16.56,1
6634,DECODE,1000,0,1000,1022.30,25.22,1
6635,DECODE,1000,0,1000,1023.30,25.18,1
6636,DECODE,1000,0,1000,1024.30,25.39,1
6637,DECODE,1000,0,1000,1025.30,25.43,1
6638,DECODE,997,0,997,1026.63,34.19,1
6639,EXTEND,3,227,0,80.00,30.61,1
6640,EXTEND,1,50,0,58.00,17.58,1
6641,EXTEND,1,43,0,47.00,16.66,1
6642,DECODE,1000,0,1000,1024.18,25.80,1
6643,DECODE,1000,0,1000,1025.18,25.37,1
6644,DECODE,1000,0,1000,1026.18,25.37,1
6645,DECODE,1000,0,1000,1027.18,25.39,1
6646,DECODE,994,0,994,1025.05,25.41,1
6647,EXTEND,6,403,0,72.33,17.27,1
6648,EXTEND,3,300,0,110.67,24.64,1
6649,EXTEND,1,97,0,101.00,16.46,1
6650,DECODE,1000,0,1000,1018.19,25.07,1
6651,DECODE,1000,0,1000,1019.19,25.23,1
6652,DECODE,998,0,998,1019.28,25.56,1
6653,EXTEND,2,90,0,52.00,16.76,1
6654,EXTEND,3,224,0,79.33,16.38,1
6655,DECODE,1000,0,1000,1017.71,25.12,1
6656,DECODE,1000,0,1000,1018.71,25.22,1
6657,DECODE,999,0,999,1018.17,25.56,1
6658,EXTEND,1,83,0,92.00,16.70,1
6659,DECODE,1000,0,1000,1018.24,26.42,1
6660,DECODE,1000,0,1000,1019.24,25.88,1
6661,DECODE,998,0,998,1021.35,25.72,1
6662,EXTEND,2,131,0,76.50,16.79,1
6663,EXTEND,1,72,0,77.00,16.44,1
6664,EXTEND,4,417,0,111.50,16.67,1
6665,DECODE,1000,0,1000,1011.47,25.01,1
6666,DECODE,1000,0,1000,1012.47,25.13,1
6667,DECODE,1000,0,1000,1013.47,25.43,1
6668,DECODE,1000,0,1000,1014.47,25.30,1
6669,DECODE,998,0,998,1014.33,25.45,1
6670,EXTEND,2,104,0,58.50,16.52,1
6671,EXTEND,2,90,0,50.50,16.51,1
6672,DECODE,1000,0,1000,1012.48,25.08,1
6673,DECODE,1000,0,1000,1013.48,25.11,1
6674,DECODE,998,0,998,1012.08,27.04,1
6675,EXTEND,2,71,0,41.50,17.92,1
6676,EXTEND,4,631,0,163.25,26.58,1
6677,EXTEND,1,40,0,48.00,17.80,1
6678,DECODE,1000,0,1000,1005.32,26.04,1
6679,DECODE,1000,0,1000,1006.32,25.66,1
6680,DECODE,997,0,997,1003.13,26.66,1
6681,EXTEND,3,501,0,172.67,24.62,1
6682,DECODE,1000,0,1000,1001.63,25.64,1
6683,DECODE,1000,0,1000,1002.63,25.67,1
6684,DECODE,998,0,998,1001.36,27.20,1
6685,EXTEND,2,162,0,86.50,18.37,1
6686,DECODE,998,0,998,999.74,26.44,1
6687,EXTEND,2,187,0,99.00,18.82,1
6688,DECODE,1000,0,1000,998.94,26.26,1
6689,DECODE,1000,0,1000,999.94,26.08,1
6690,DECODE,1000,0,1000,1000.94,27.20,1
6691,DECODE,999,0,999,1002.67,25.50,1
6692,EXTEND,1,41,0,49.00,17.71,1
6693,EXTEND,1,58,0,67.00,17.10,1
6694,EXTEND,1,59,0,66.00,17.15,1
6695,DECODE,1000,0,1000,999.27,24.75,1
6696,DECODE,1000,0,1000,1000.27,29.74,1
6697,DECODE,1000,0,1000,1001.27,25.70,1
6698,DECODE,999,0,999,1001.80,27.86,1
6699,EXTEND,1,48,0,52.00,24.21,1
6700,EXTEND,1,34,0,39.00,22.70,1
6701,DECODE,999,0,999,997.77,27.20,1
6702,EXTEND,1,243,0,253.00,16.94,1
6703,DECODE,995,0,995,998.08,25.11,1
6704,EXTEND,5,318,0,69.60,17.06,1
6705,DECODE,1000,0,1000,994.44,26.68,1
6706,DECODE,1000,0,1000,995.44,25.12,1
6707,DECODE,997,0,997,991.73,25.13,1
6708,EXTEND,3,349,0,121.33,16.78,1
6709,EXTEND,1,50,0,54.00,16.21,1
6710,EXTEND,2,113,0,65.50,16.18,1
6711,DECODE,1000,0,1000,986.41,24.58,1
6712,DECODE,1000,0,1000,987.41,24.82,1
6713,DECODE,998,0,998,987.23,24.99,1
6714,EXTEND,2,105,0,71.50,16.52,1
6715,DECODE,1000,0,1000,986.40,28.67,1
6716,DECODE,1000,0,1000,987.40,28.66,1
6717,DECODE,998,0,998,985.25,25.20,1
6718,EXTEND,2,182,0,98.00,18.11,1
6719,DECODE,997,0,997,982.43,25.30,1
6720,EXTEND,3,107,0,43.33,16.54,1
6721,DECODE,998,0,998,977.45,25.17,1
6722,EXTEND,2,162,0,90.00,16.60,1
6723,DECODE,998,0,998,973.50,25.31,1
6724,EXTEND,2,92,0,65.00,18.17,1
6725,DECODE,1000,0,1000,972.68,24.50,1
6726,DECODE,1000,0,1000,973.68,24.92,1
6727,DECODE,1000,0,1000,974.68,25.05,1
6728,DECODE,1000,0,1000,975.68,24.82,1
6729,DECODE,1000,0,1000,976.68,25.51,1
6730,DECODE,999,0,999,978.52,25.46,1
6731,EXTEND,1,60,0,70.00,16.56,1
6732,EXTEND,1,43,0,52.00,15.98,1
6733,DECODE,1000,0,1000,978.18,24.73,1
6734,DECODE,1000,0,1000,979.18,25.02,1
6735,DECODE,998,0,998,977.01,25.24,1
6736,EXTEND,2,412,0,212.00,18.13,1
6737,EXTEND,2,57,0,35.50,17.93,1
6738,EXTEND,5,262,0,60.40,17.76,1
6739,DECODE,1000,0,1000,967.20,25.21,1
6740,DECODE,1000,0,1000,968.20,25.15,1
6741,DECODE,998,0,998,969.07,25.72,1
6742,EXTEND,2,90,0,55.00,17.25,1
6743,EXTEND,1,42,0,48.00,16.48,1
6744,EXTEND,1,47,0,53.00,16.41,1
6745,DECODE,1000,0,1000,965.05,24.90,1
6746,DECODE,1000,0,1000,966.05,25.11,1
6747,DECODE,997,0,997,964.43,27.31,1
6748,EXTEND,3,270,0,95.67,25.82,1
6749,EXTEND,1,41,0,48.00,17.37,1
6750,EXTEND,5,587,0,125.20,21.86,1
6751,DECODE,1000,0,1000,951.79,24.61,1
6752,DECODE,1000,0,1000,952.79,24.50,1
6753,DECODE,995,0,995,948.98,25.05,1
6754,EXTEND,5,279,0,61.40,17.19,1
6755,EXTEND,1,57,0,63.00,16.84,1
6756,EXTEND,3,172,0,67.67,16.60,1
6757,DECODE,1000,0,1000,937.77,24.31,1
6758,DECODE,1000,0,1000,938.77,24.66,1
6759,DECODE,998,0,998,936.52,24.65,1
6760,EXTEND,2,146,0,77.50,17.22,1
6761,EXTEND,4,256,0,69.50,16.78,1
6762,EXTEND,2,193,0,104.00,16.36,1
6763,DECODE,1000,0,1000,926.62,23.82,1
6764,DECODE,1000,0,1000,927.62,24.35,1
6765,DECODE,998,0,998,925.35,25.07,1
6766,EXTEND,2,125,0,85.00,17.45,1
6767,EXTEND,3,211,0,84.00,16.39,1
6768,EXTEND,2,276,0,145.50,16.45,1
6769,DECODE,1000,0,1000,912.43,23.78,1
6770,DECODE,1000,0,1000,913.43,24.30,1
6771,DECODE,997,0,997,913.92,24.46,1
6772,EXTEND,3,353,0,125.33,24.32,1
6773,EXTEND,6,348,0,66.67,24.66,1
6774,EXTEND,6,305,0,57.50,23.59,1
6775,DECODE,1000,0,1000,886.30,26.25,1
6776,DECODE,1000,0,1000,887.30,26.36,1
6777,DECODE,1000,0,1000,888.30,26.30,1
6778,DECODE,999,0,999,887.63,29.94,1
6779,EXTEND,1,312,0,319.00,23.12,1
6780,EXTEND,1,61,0,66.00,16.75,1
6781,EXTEND,1,35,0,42.00,16.83,1
6782,DECODE,1000,0,1000,885.30,23.76,1
6783,DECODE,1000,0,1000,886.30,23.97,1
6784,DECODE,999,0,999,885.62,24.35,1
6785,EXTEND,1,215,0,223.00,17.18,1
6786,EXTEND,2,257,0,134.50,26.32,1
6787,EXTEND,1,118,0,123.00,17.01,1
6788,DECODE,1000,0,1000,880.80,24.04,1
6789,DECODE,1000,0,1000,881.80,24.21,1
6790,DECODE,994,0,994,877.60,25.05,1
6791,EXTEND,6,975,0,168.33,16.85,1
6792,EXTEND,1,45,0,52.00,27.12,1
6793,EXTEND,1,97,0,105.00,21.73,1
6794,DECODE,1000,0,1000,869.38,23.52,1
6795,DECODE,1000,0,1000,870.38,23.68,1
6796,DECODE,998,0,998,867.99,23.82,1
6797,EXTEND,2,152,0,89.00,16.47,1
6798,EXTEND,2,133,0,71.00,18.01,1
6799,EXTEND,1,118,0,122.00,16.25,1
6800,DECODE,1000,0,1000,862.01,23.71,1
6801,DECODE,1000,0,1000,863.01,23.74,1
6802,DECODE,999,0,999,862.32,23.97,1
6803,EXTEND,1,88,0,92.00,17.18,1
6804,EXTEND,3,352,0,125.00,16.84,1
6805,EXTEND,2,87,0,53.00,16.71,1
6806,DECODE,1000,0,1000,852.69,23.58,1
6807,DECODE,1000,0,1000,853.69,23.49,1
6808,DECODE,999,0,999,855.26,23.84,1
6809,EXTEND,1,31,0,37.00,16.60,1
6810,DECODE,999,0,999,853.73,23.50,1
6811,EXTEND,1,51,0,62.00,16.67,1
6812,DECODE,999,0,999,853.34,23.71,1
6813,EXTEND,1,63,0,68.00,17.46,1
6814,DECODE,998,0,998,854.58,25.33,1
6815,EXTEND,2,187,0,100.50,16.28,1
6816,DECODE,997,0,997,851.59,23.43,1
6817,EXTEND,3,415,0,144.33,23.21,1
6818,DECODE,999,0,999,850.70,23.80,1
6819,EXTEND,1,57,0,63.00,16.57,1
6820,DECODE,996,0,996,850.05,23.25,1
6821,EXTEND,4,151,0,54.50,16.51,1
6822,DECODE,1000,0,1000,847.87,23.31,1
6823,DECODE,1000,0,1000,848.87,23.59,1
6824,DECODE,998,0,998,850.24,24.42,1
6825,EXTEND,2,345,0,182.00,17.26,1
6826,EXTEND,2,79,0,47.50,16.37,1
6827,DECODE,1000,0,1000,844.88,23.44,1
6828,DECODE,1000,0,1000,845.88,23.46,1
6829,DECODE,998,0,998,846.73,23.72,1
6830,EXTEND,2,272,0,151.00,16.70,1
6831,DECODE,999,0,999,846.87,23.51,1
6832,EXTEND,1,33,0,42.00,16.28,1
6833,DECODE,1000,0,1000,847.07,23.51,1
6834,DECODE,1000,0,1000,848.07,26.17,1
6835,DECODE,1000,0,1000,849.07,26.16,1
6836,DECODE,1000,0,1000,850.07,25.68,1
6837,DECODE,999,0,999,849.75,23.69,1
6838,EXTEND,1,44,0,51.00,18.36,1
6839,DECODE,1000,0,1000,849.95,23.13,1
6840,DECODE,1000,0,1000,850.95,23.36,1
6841,DECODE,999,0,999,850.90,23.49,1
6842,EXTEND,1,89,0,93.00,16.63,1
6843,DECODE,999,0,999,851.37,23.28,1
6844,EXTEND,1,33,0,41.00,16.32,1
6845,DECODE,999,0,999,851.87,23.30,1
6846,EXTEND,1,76,0,85.00,16.25,1
6847,DECODE,999,0,999,852.37,23.64,1
6848,EXTEND,1,73,0,79.00,16.28,1
6849,DECODE,1000,0,1000,852.59,23.23,1
6850,DECODE,1000,0,1000,853.59,23.55,1
6851,DECODE,1000,0,1000,854.59,23.52,1
6852,DECODE,999,0,999,854.68,23.78,1
6853,EXTEND,1,91,0,99.00,16.05,1
6854,EXTEND,2,98,0,55.00,29.43,1
6855,EXTEND,1,260,0,268.00,39.53,1
6856,DECODE,1000,0,1000,851.66,24.38,1
6857,DECODE,1000,0,1000,852.66,23.81,1
6858,DECODE,999,0,999,853.63,23.46,1
6859,EXTEND,1,58,0,63.00,17.54,1
6860,EXTEND,1,66,0,73.00,17.13,1
6861,EXTEND,2,346,0,186.50,16.40,1
6862,DECODE,1000,0,1000,851.42,23.51,1
6863,DECODE,1000,0,1000,852.42,23.27,1
6864,DECODE,999,0,999,853.44,25.91,1
6865,EXTEND,1,99,0,103.00,17.62,1
6866,EXTEND,1,89,0,94.00,17.01,1
6867,DECODE,1000,0,1000,853.29,24.12,1
6868,DECODE,1000,0,1000,854.29,23.58,1
6869,DECODE,999,0,999,854.76,23.46,1
6870,EXTEND,1,63,0,67.00,17.38,1
6871,DECODE,1000,0,1000,854.98,23.39,1
6872,DECODE,1000,0,1000,855.98,23.76,1
6873,DECODE,998,0,998,857.77,24.43,1
6874,EXTEND,2,124,0,66.00,17.52,1
6875,EXTEND,1,64,0,72.00,16.56,1
6876,DECODE,1000,0,1000,856.40,23.49,1
6877,DECODE,1000,0,1000,857.40,23.81,1
6878,DECODE,1000,0,1000,858.40,23.59,1
6879,DECODE,998,0,998,858.32,23.88,1
6880,EXTEND,2,86,0,49.00,16.78,1
6881,EXTEND,1,56,0,64.00,16.90,1
6882,DECODE,1000,0,1000,855.20,23.37,1
6883,DECODE,1000,0,1000,856.20,23.47,1
6884,DECODE,1000,0,1000,857.20,23.50,1
6885,DECODE,998,0,998,856.43,23.68,1
6886,EXTEND,2,111,0,61.50,16.93,1
6887,DECODE,997,0,997,856.85,23.63,1
6888,EXTEND,3,304,0,111.67,17.22,1
6889,DECODE,999,0,999,856.03,23.63,1
6890,EXTEND,1,126,0,132.00,16.85,1
6891,DECODE,999,0,999,856.72,23.28,1
6892,EXTEND,1,42,0,58.00,17.47,1
6893,DECODE,998,0,998,857.46,23.39,1
6894,EXTEND,2,219,0,115.00,24.77,1
6895,DECODE,1000,0,1000,856.98,23.37,1
6896,DECODE,1000,0,1000,857.98,23.43,1
6897,DECODE,1000,0,1000,858.98,23.53,1
6898,DECODE,998,0,998,861.12,23.71,1
6899,EXTEND,2,107,0,58.50,18.71,1
6900,EXTEND,1,52,0,58.00,17.39,1
6901,DECODE,1000,0,1000,860.28,23.80,1
6902,DECODE,1000,0,1000,861.28,23.74,1
6903,DECODE,1000,0,1000,862.28,23.81,1
6904,DECODE,999,0,999,863.35,24.26,1
6905,EXTEND,1,64,0,72.00,16.79,1
6906,DECODE,1000,0,1000,863.56,23.26,1
6907,DECODE,1000,0,1000,864.56,23.46,1
6908,DECODE,999,0,999,863.87,24.03,1
6909,EXTEND,1,32,0,41.00,16.99,1
6910,DECODE,998,0,998,863.48,23.53,1
6911,EXTEND,2,195,0,105.00,16.93,1
6912,DECODE,1000,0,1000,862.97,23.60,1
6913,DECODE,1000,0,1000,863.97,23.38,1
6914,DECODE,1000,0,1000,864.97,23.30,1
6915,DECODE,999,0,999,866.09,23.50,1
6916,EXTEND,1,67,0,72.00,18.00,1
6917,EXTEND,2,152,0,81.00,16.76,1
6918,DECODE,1000,0,1000,865.29,25.00,1
6919,DECODE,1000,0,1000,866.29,23.23,1
6920,DECODE,999,0,999,866.45,23.71,1
6921,EXTEND,1,70,0,77.00,16.83,1
6922,EXTEND,2,297,0,155.50,16.65,1
6923,EXTEND,1,73,0,77.00,16.12,1
6924,DECODE,1000,0,1000,864.28,23.22,1
6925,DECODE,1000,0,1000,865.28,23.23,1
6926,DECODE,1000,0,1000,866.28,23.35,1
6927,DECODE,999,0,999,867.87,23.45,1
6928,EXTEND,1,74,0,77.00,16.69,1
6929,DECODE,999,0,999,868.53,23.50,1
6930,EXTEND,1,346,0,350.00,16.75,1
6931,DECODE,1000,0,1000,869.01,23.31,1
6932,DECODE,1000,0,1000,870.01,23.42,1
6933,DECODE,999,0,999,871.54,23.65,1
6934,EXTEND,1,44,0,48.00,16.59,1
6935,DECODE,1000,0,1000,871.72,23.36,1
6936,DECODE,1000,0,1000,872.72,23.35,1
6937,DECODE,999,0,999,873.66,24.09,1
6938,EXTEND,1,67,0,71.00,16.84,1
6939,EXTEND,2,162,0,88.00,17.11,1
6940,DECODE,1000,0,1000,870.86,23.38,1
6941,DECODE,1000,0,1000,871.86,23.36,1
6942,DECODE,1000,0,1000,872.86,23.42,1
6943,DECODE,998,0,998,874.41,23.66,1
6944,EXTEND,2,167,0,88.00,16.57,1
6945,DECODE,1000,0,1000,873.84,23.40,1
6946,DECODE,1000,0,1000,874.84,25.77,1
6947,DECODE,999,0,999,874.15,23.74,1
6948,EXTEND,1,72,0,77.00,17.02,1
6949,EXTEND,2,139,0,74.00,16.65,1
6950,EXTEND,1,59,0,66.00,16.31,1
6951,DECODE,1000,0,1000,873.20,23.69,1
6952,DECODE,1000,0,1000,874.20,23.58,1
6953,DECODE,999,0,999,875.26,23.61,1
6954,EXTEND,1,34,0,48.00,16.71,1
6955,EXTEND,1,55,0,59.00,16.47,1
6956,EXTEND,1,57,0,63.00,16.31,1
6957,DECODE,1000,0,1000,874.73,23.29,1
6958,DECODE,1000,0,1000,875.73,23.30,1
6959,DECODE,999,0,999,877.33,29.76,1
6960,EXTEND,1,52,0,61.00,24.34,1
6961,DECODE,998,0,998,877.21,23.49,1
6962,EXTEND,2,157,0,91.50,17.56,1
6963,DECODE,1000,0,1000,876.64,23.84,1
6964,DECODE,1000,0,1000,877.64,23.36,1
6965,DECODE,1000,0,1000,878.64,23.41,1
6966,DECODE,1000,0,1000,879.64,23.41,1
6967,DECODE,998,0,998,881.52,24.64,1
6968,EXTEND,2,290,0,150.00,24.88,1
6969,DECODE,999,0,999,881.68,23.78,1
6970,EXTEND,1,59,0,64.00,16.37,1
6971,DECODE,998,0,998,882.46,24.07,1
6972,EXTEND,2,120,0,67.00,16.40,1
6973,DECODE,1000,0,1000,881.83,23.64,1
6974,DECODE,1000,0,1000,882.83,23.67,1
6975,DECODE,1000,0,1000,883.83,23.55,1
6976,DECODE,1000,0,1000,884.83,23.76,1
6977,DECODE,999,0,999,886.37,24.09,1
6978,EXTEND,1,44,0,52.00,16.97,1
6979,EXTEND,2,81,0,54.50,16.57,1
6980,EXTEND,2,404,0,208.50,17.35,1
6981,DECODE,1000,0,1000,884.66,23.66,1
6982,DECODE,1000,0,1000,885.66,23.58,1
6983,DECODE,999,0,999,886.92,23.92,1
6984,EXTEND,1,235,0,239.00,17.44,1
6985,EXTEND,2,165,0,87.50,16.78,1
6986,EXTEND,2,119,0,66.50,16.60,1
6987,DECODE,1000,0,1000,882.74,23.52,1
6988,DECODE,1000,0,1000,883.74,23.58,1
6989,DECODE,999,0,999,883.07,24.03,1
6990,EXTEND,1,42,0,50.00,16.68,1
6991,DECODE,1000,0,1000,883.23,23.51,1
6992,DECODE,1000,0,1000,884.23,23.56,1
6993,DECODE,1000,0,1000,885.23,23.65,1
6994,DECODE,999,0,999,886.89,23.85,1
6995,EXTEND,1,51,0,54.00,16.81,1
6996,EXTEND,2,167,0,87.50,16.82,1
6997,DECODE,1000,0,1000,884.47,23.47,1
6998,DECODE,1000,0,1000,885.47,23.81,1
6999,DECODE,999,0,999,886.24,24.14,1
7000,EXTEND,1,75,0,79.00,16.89,1
7001,DECODE,1000,0,1000,886.44,23.58,1
7002,DECODE,1000,0,1000,887.44,23.52,1
7003,DECODE,999,0,999,888.95,24.20,1
7004,EXTEND,1,90,0,94.00,16.42,1
7005,EXTEND,1,26,0,34.00,16.22,1
7006,EXTEND,1,66,0,93.00,16.31,1
7007,DECODE,1000,0,1000,888.72,24.19,1
7008,DECODE,1000,0,1000,889.72,23.60,1
7009,DECODE,998,0,998,891.44,23.81,1
7010,EXTEND,2,209,0,110.50,24.25,1
7011,DECODE,1000,0,1000,890.88,23.81,1
7012,DECODE,1000,0,1000,891.88,23.69,1
7013,DECODE,1000,0,1000,892.88,23.83,1
7014,DECODE,999,0,999,892.21,23.80,1
7015,EXTEND,1,201,0,209.00,16.80,1
7016,EXTEND,2,118,0,70.00,16.91,1
7017,EXTEND,1,93,0,101.00,29.75,1
7018,DECODE,1000,0,1000,891.71,28.11,1
7019,DECODE,1000,0,1000,892.71,24.02,1
7020,DECODE,1000,0,1000,893.71,23.69,1
7021,DECODE,999,0,999,893.85,23.98,1
7022,EXTEND,1,228,0,232.00,16.41,1
7023,EXTEND,3,280,0,99.33,16.51,1
7024,EXTEND,2,168,0,88.00,16.24,1
7025,DECODE,1000,0,1000,892.48,23.67,1
7026,DECODE,1000,0,1000,893.48,24.37,1
7027,DECODE,999,0,999,894.80,24.28,1
7028,EXTEND,1,46,0,59.00,17.64,1
7029,EXTEND,2,141,0,79.00,16.32,1
7030,DECODE,1000,0,1000,892.29,23.56,1
7031,DECODE,1000,0,1000,893.29,23.71,1
7032,DECODE,1000,0,1000,894.29,23.91,1
7033,DECODE,999,0,999,894.23,24.18,1
7034,EXTEND,1,29,0,37.00,16.64,1
7035,EXTEND,1,55,0,62.00,16.40,1
7036,EXTEND,1,49,0,56.00,16.16,1
7037,DECODE,1000,0,1000,893.53,23.69,1
7038,DECODE,1000,0,1000,894.53,24.04,1
7039,DECODE,995,0,995,893.80,24.41,1
7040,EXTEND,5,378,0,81.00,23.11,1
7041,DECODE,1000,0,1000,890.73,25.53,1
7042,DECODE,1000,0,1000,891.73,25.38,1
7043,DECODE,1000,0,1000,892.73,23.95,1
7044,DECODE,998,0,998,891.15,24.24,1
7045,EXTEND,2,93,0,53.50,23.89,1
7046,EXTEND,3,369,0,129.67,24.18,1
7047,EXTEND,1,35,0,40.00,19.84,1
7048,DECODE,1000,0,1000,884.28,31.10,1
7049,DECODE,1000,0,1000,885.28,30.25,1
7050,DECODE,997,0,997,887.06,24.02,1
7051,EXTEND,3,297,0,103.33,16.54,1
7052,EXTEND,1,49,0,59.00,27.01,1
7053,EXTEND,2,81,0,46.50,27.02,1
7054,DECODE,1000,0,1000,883.24,23.56,1
7055,DECODE,1000,0,1000,884.24,23.80,1
7056,DECODE,999,0,999,884.95,24.12,1
7057,EXTEND,1,87,0,92.00,17.20,1
7058,EXTEND,2,90,0,53.00,16.84,1
7059,EXTEND,3,216,0,76.33,18.53,1
7060,DECODE,1000,0,1000,880.36,23.42,1
7061,DECODE,1000,0,1000,881.36,23.42,1
7062,DECODE,999,0,999,882.24,23.71,1
7063,EXTEND,1,26,0,33.00,17.15,1
7064,EXTEND,2,126,0,68.00,18.11,1
7065,EXTEND,4,255,0,69.25,18.46,1
7066,DECODE,1000,0,1000,879.22,23.43,1
7067,DECODE,1000,0,1000,880.22,23.50,1
7068,DECODE,999,0,999,881.56,23.84,1
7069,EXTEND,1,78,0,89.00,16.71,1
7070,EXTEND,1,37,0,42.00,18.17,1
7071,EXTEND,2,73,0,43.00,17.78,1
7072,DECODE,1000,0,1000,878.67,23.40,1
7073,DECODE,1000,0,1000,879.67,23.60,1
7074,DECODE,1000,0,1000,880.67,23.95,1
7075,DECODE,999,0,999,882.10,23.66,1
7076,EXTEND,1,163,0,167.00,17.57,1
7077,EXTEND,1,116,0,122.00,17.02,1
7078,DECODE,1000,0,1000,881.27,23.56,1
7079,DECODE,1000,0,1000,882.27,23.58,1
7080,DECODE,999,0,999,883.66,23.84,1
7081,EXTEND,1,91,0,96.00,17.10,1
7082,EXTEND,2,112,0,61.00,16.64,1
7083,EXTEND,4,214,0,63.00,23.51,1
7084,DECODE,1000,0,1000,878.06,23.42,1
7085,DECODE,1000,0,1000,879.06,23.42,1
7086,DECODE,999,0,999,880.27,23.97,1
7087,EXTEND,1,31,0,37.00,16.72,1
7088,EXTEND,1,36,0,42.00,16.51,1
7089,EXTEND,1,37,0,47.00,16.30,1
7090,DECODE,1000,0,1000,877.64,23.45,1
7091,DECODE,1000,0,1000,878.64,23.43,1
7092,DECODE,998,0,998,880.78,23.72,1
7093,EXTEND,2,228,0,118.50,17.05,1
7094,EXTEND,1,99,0,103.00,16.55,1
7095,DECODE,1000,0,1000,880.02,23.43,1
7096,DECODE,1000,0,1000,881.02,23.52,1
7097,DECODE,997,0,997,881.67,23.74,1
7098,EXTEND,3,246,0,89.67,17.37,1
7099,EXTEND,2,100,0,56.50,16.59,1
7100,DECODE,1000,0,1000,877.60,23.41,1
7101,DECODE,1000,0,1000,878.60,23.43,1
7102,DECODE,999,0,999,880.13,23.82,1
7103,EXTEND,1,139,0,146.00,16.82,1
7104,EXTEND,2,113,0,66.00,16.46,1
7105,DECODE,1000,0,1000,876.70,23.37,1
7106,DECODE,1000,0,1000,877.70,23.48,1
7107,DECODE,999,0,999,879.21,23.75,1
7108,EXTEND,1,85,0,103.00,17.25,1
7109,EXTEND,2,79,0,48.00,16.82,1
7110,DECODE,1000,0,1000,875.65,23.37,1
7111,DECODE,1000,0,1000,876.65,23.57,1
7112,DECODE,999,0,999,877.85,23.77,1
7113,EXTEND,1,37,0,44.00,28.89,1
7114,EXTEND,1,60,0,65.00,16.75,1
7115,DECODE,1000,0,1000,875.53,23.37,1
7116,DECODE,1000,0,1000,876.53,23.50,1
7117,DECODE,999,0,999,877.53,23.63,1
7118,EXTEND,1,100,0,104.00,17.88,1
7119,EXTEND,2,102,0,62.50,17.55,1
7120,EXTEND,1,74,0,102.00,17.62,1
7121,DECODE,1000,0,1000,874.04,23.47,1
7122,DECODE,1000,0,1000,875.04,23.66,1
7123,DECODE,998,0,998,874.76,23.69,1
7124,EXTEND,2,293,0,152.00,17.04,1
7125,EXTEND,1,92,0,95.00,16.27,1
7126,EXTEND,1,97,0,100.00,16.37,1
7127,DECODE,1000,0,1000,872.90,23.35,1
7128,DECODE,1000,0,1000,873.90,23.46,1
7129,DECODE,999,0,999,873.22,23.70,1
7130,EXTEND,1,125,0,130.00,18.49,1
7131,EXTEND,4,279,0,76.50,16.73,1
7132,DECODE,1000,0,1000,872.36,23.34,1
7133,DECODE,1000,0,1000,873.36,23.48,1
7134,DECODE,998,0,998,874.00,24.96,1
7135,EXTEND,2,299,0,154.00,24.64,1
7136,EXTEND,1,42,0,49.00,18.30,1
7137,EXTEND,3,154,0,56.67,16.22,1
7138,DECODE,1000,0,1000,869.47,23.43,1
7139,DECODE,1000,0,1000,870.47,23.49,1
7140,DECODE,1000,0,1000,871.47,23.83,1
7141,DECODE,999,0,999,870.78,23.92,1
7142,EXTEND,1,105,0,110.00,17.88,1
7143,EXTEND,1,46,0,51.00,16.68,1
7144,DECODE,1000,0,1000,869.10,23.54,1
7145,DECODE,1000,0,1000,870.10,23.43,1
7146,DECODE,999,0,999,869.41,24.20,1
7147,EXTEND,1,88,0,91.00,18.23,1
7148,EXTEND,1,92,0,96.00,17.69,1
7149,EXTEND,3,258,0,97.00,17.63,1
7150,DECODE,1000,0,1000,867.46,23.22,1
7151,DECODE,1000,0,1000,868.46,23.29,1
7152,DECODE,1000,0,1000,869.46,23.37,1
7153,DECODE,1000,0,1000,870.46,23.50,1
7154,DECODE,998,0,998,870.21,23.59,1
7155,EXTEND,2,109,0,64.00,19.68,1
7156,EXTEND,2,323,0,168.00,24.30,1
7157,EXTEND,1,73,0,79.00,18.39,1
7158,DECODE,1000,0,1000,867.54,29.87,1
7159,DECODE,1000,0,1000,868.54,28.44,1
7160,DECODE,997,0,997,868.84,23.68,1
7161,EXTEND,3,262,0,94.00,17.64,1
7162,DECODE,998,0,998,868.50,23.64,1
7163,EXTEND,2,152,0,87.00,16.85,1
7164,DECODE,999,0,999,868.21,23.70,1
7165,EXTEND,1,89,0,92.00,16.46,1
7166,DECODE,1000,0,1000,868.43,23.36,1
7167,DECODE,1000,0,1000,869.43,23.44,1
7168,DECODE,1000,0,1000,870.43,23.52,1
7169,DECODE,1000,0,1000,871.43,23.82,1
7170,DECODE,999,0,999,872.99,23.66,1
7171,EXTEND,1,50,0,59.00,17.02,1
7172,EXTEND,2,160,0,86.00,19.33,1
7173,EXTEND,1,67,0,70.00,16.69,1
7174,DECODE,1000,0,1000,870.91,23.42,1
7175,DECODE,1000,0,1000,871.91,23.36,1
7176,DECODE,997,0,997,871.97,24.66,1
7177,EXTEND,3,244,0,87.33,20.15,1
7178,DECODE,1000,0,1000,870.62,23.42,1
7179,DECODE,1000,0,1000,871.62,23.37,1
7180,DECODE,1000,0,1000,872.62,23.46,1
7181,DECODE,996,0,996,871.73,23.59,1
7182,EXTEND,4,212,0,59.50,19.20,1
7183,EXTEND,1,173,0,177.00,16.86,1
7184,EXTEND,3,241,0,85.00,17.46,1
7185,DECODE,1000,0,1000,865.65,24.23,1
7186,DECODE,1000,0,1000,866.65,24.28,1
7187,DECODE,1000,0,1000,867.65,23.76,1
7188,DECODE,996,0,996,868.30,23.37,1
7189,EXTEND,4,221,0,62.00,16.41,1
7190,DECODE,998,0,998,866.62,23.57,1
7191,EXTEND,2,145,0,79.50,16.16,1
7192,DECODE,998,0,998,867.14,23.44,1
7193,EXTEND,2,110,0,63.50,16.21,1
7194,DECODE,1000,0,1000,866.54,23.28,1
7195,DECODE,1000,0,1000,867.54,23.34,1
7196,DECODE,997,0,997,870.01,23.77,1
7197,EXTEND,3,331,0,117.33,17.59,1
7198,DECODE,999,0,999,867.76,24.24,1
7199,EXTEND,1,109,0,118.00,16.12,1
7200,DECODE,1000,0,1000,868.01,23.41,1
7201,DECODE,1000,0,1000,869.01,23.99,1
7202,DECODE,999,0,999,869.93,25.36,1
7203,EXTEND,1,78,0,82.00,16.57,1
7204,EXTEND,1,26,0,33.00,16.13,1
7205,EXTEND,1,46,0,52.00,16.10,1
7206,DECODE,1000,0,1000,866.72,23.42,1
7207,DECODE,1000,0,1000,867.72,23.45,1
7208,DECODE,1000,0,1000,868.72,23.45,1
7209,DECODE,999,0,999,870.21,23.67,1
7210,EXTEND,1,27,0,33.00,22.14,1
7211,EXTEND,1,38,0,51.00,16.31,1
7212,DECODE,1000,0,1000,869.19,23.23,1
7213,DECODE,1000,0,1000,870.19,23.35,1
7214,DECODE,999,0,999,870.45,23.94,1
7215,EXTEND,1,100,0,104.00,16.59,1
7216,EXTEND,1,53,0,62.00,16.34,1
7217,EXTEND,1,26,0,35.00,16.07,1
7218,DECODE,1000,0,1000,868.63,23.31,1
7219,DECODE,1000,0,1000,869.63,23.57,1
7220,DECODE,998,0,998,869.15,23.61,1
7221,EXTEND,2,112,0,62.50,20.57,1
7222,EXTEND,2,83,0,46.00,23.35,1
7223,EXTEND,1,87,0,96.00,22.75,1
7224,DECODE,1000,0,1000,867.01,24.24,1
7225,DECODE,1000,0,1000,868.01,24.32,1
7226,DECODE,999,0,999,868.71,25.83,1
7227,EXTEND,1,73,0,76.00,16.56,1
7228,EXTEND,1,448,0,452.00,16.58,1
7229,EXTEND,1,40,0,97.00,16.66,1
7230,DECODE,1000,0,1000,867.54,24.04,1
7231,DECODE,1000,0,1000,868.54,23.67,1
7232,DECODE,1000,0,1000,869.54,23.53,1
7233,DECODE,1000,0,1000,870.54,23.86,1
7234,DECODE,1000,0,1000,871.54,23.89,1
7235,DECODE,1000,0,1000,872.54,23.52,1
7236,DECODE,1000,0,1000,873.54,23.62,1
7237,DECODE,1000,0,1000,874.54,23.71,1
7238,DECODE,1000,0,1000,875.54,23.76,1
7239,DECODE,999,0,999,876.54,25.02,1
7240,EXTEND,1,48,0,54.00,18.73,1
7241,EXTEND,1,51,0,61.00,16.96,1
7242,DECODE,1000,0,1000,876.32,26.27,1
7243,DECODE,1000,0,1000,877.32,25.71,1
7244,DECODE,1000,0,1000,878.32,25.64,1
7245,DECODE,999,0,999,879.39,25.88,1
7246,EXTEND,1,50,0,58.00,16.38,1
7247,DECODE,1000,0,1000,879.56,23.68,1
7248,DECODE,1000,0,1000,880.56,23.81,1
7249,DECODE,996,0,996,878.65,23.65,1
7250,EXTEND,4,260,0,75.50,17.27,1
7251,EXTEND,1,26,0,34.00,16.42,1
7252,EXTEND,2,120,0,64.50,16.13,1
7253,DECODE,1000,0,1000,874.10,23.75,1
7254,DECODE,1000,0,1000,875.10,23.34,1
7255,DECODE,998,0,998,876.86,23.92,1
7256,EXTEND,2,105,0,58.00,17.27,1
7257,EXTEND,1,44,0,50.00,20.14,1
7258,EXTEND,3,402,0,140.67,23.34,1
7259,DECODE,1000,0,1000,870.59,23.48,1
7260,DECODE,1000,0,1000,871.59,23.60,1
7261,DECODE,999,0,999,872.43,24.77,1
7262,EXTEND,1,49,0,58.00,18.95,1
7263,EXTEND,4,201,0,57.50,16.74,1
7264,EXTEND,1,72,0,93.00,16.94,1
7265,DECODE,1000,0,1000,869.78,23.57,1
7266,DECODE,1000,0,1000,870.78,23.78,1
7267,DECODE,999,0,999,872.28,24.01,1
7268,EXTEND,1,200,0,204.00,17.05,1
7269,DECODE,999,0,999,870.92,23.62,1
7270,EXTEND,1,43,0,50.00,16.52,1
7271,DECODE,1000,0,1000,871.10,23.50,1
7272,DECODE,1000,0,1000,872.10,24.15,1
7273,DECODE,998,0,998,871.64,27.05,1
7274,EXTEND,2,97,0,56.00,23.93,1
7275,EXTEND,1,48,0,52.00,19.91,1
7276,EXTEND,4,540,0,141.25,26.44,1
7277,DECODE,1000,0,1000,868.42,23.43,1
7278,DECODE,1000,0,1000,869.42,25.36,1
7279,DECODE,997,0,997,869.88,25.60,1
7280,EXTEND,3,165,0,67.00,17.24,1
7281,EXTEND,1,71,0,74.00,16.47,1
7282,DECODE,1000,0,1000,867.42,23.92,1
7283,DECODE,1000,0,1000,868.42,24.11,1
7284,DECODE,998,0,998,869.71,24.71,1
7285,EXTEND,2,638,0,326.00,25.05,1
7286,DECODE,999,0,999,867.93,25.74,1
7287,EXTEND,1,59,0,64.00,17.44,1
7288,DECODE,1000,0,1000,868.13,24.81,1
7289,DECODE,1000,0,1000,869.13,24.19,1
7290,DECODE,1000,0,1000,870.13,24.49,1
7291,DECODE,999,0,999,869.44,24.58,1
7292,EXTEND,1,52,0,58.00,16.87,1
7293,DECODE,1000,0,1000,869.63,24.30,1
7294,DECODE,1000,0,1000,870.63,25.25,1
7295,DECODE,1000,0,1000,871.63,23.95,1
7296,DECODE,999,0,999,872.94,23.90,1
7297,EXTEND,1,282,0,291.00,17.12,1
7298,EXTEND,2,118,0,65.00,16.90,1
7299,DECODE,1000,0,1000,870.45,23.41,1
7300,DECODE,1000,0,1000,871.45,26.86,1
7301,DECODE,999,0,999,872.63,24.12,1
7302,EXTEND,1,52,0,55.00,16.95,1
7303,EXTEND,1,28,0,35.00,16.40,1
7304,EXTEND,1,29,0,39.00,19.35,1
7305,DECODE,1000,0,1000,870.43,24.46,1
7306,DECODE,1000,0,1000,871.43,24.17,1
7307,DECODE,999,0,999,870.99,23.93,1
7308,EXTEND,1,49,0,56.00,16.44,1
7309,DECODE,999,0,999,871.52,23.72,1
7310,EXTEND,1,65,0,71.00,16.22,1
7311,DECODE,1000,0,1000,871.72,23.53,1
7312,DECODE,1000,0,1000,872.72,23.62,1
7313,DECODE,999,0,999,873.95,25.35,1
7314,EXTEND,1,48,0,63.00,16.56,1
7315,EXTEND,1,58,0,64.00,16.20,1
7316,EXTEND,1,205,0,208.00,16.03,1
7317,DECODE,1000,0,1000,873.46,25.58,1
7318,DECODE,1000,0,1000,874.46,23.74,1
7319,DECODE,1000,0,1000,875.46,23.59,1
7320,DECODE,1000,0,1000,876.46,23.95,1
7321,DECODE,998,0,998,877.53,23.87,1
7322,EXTEND,2,126,0,69.50,16.69,1
7323,EXTEND,1,57,0,63.00,15.95,1
7324,EXTEND,1,82,0,86.00,18.28,1
7325,DECODE,1000,0,1000,876.50,23.76,1
7326,DECODE,1000,0,1000,877.50,23.76,1
7327,DECODE,999,0,999,878.12,24.39,1
7328,EXTEND,1,27,0,36.00,27.95,1
7329,DECODE,999,0,999,876.59,23.64,1
7330,EXTEND,1,57,0,84.00,16.25,1
7331,DECODE,1000,0,1000,876.80,23.46,1
7332,DECODE,1000,0,1000,877.80,23.52,1
7333,DECODE,999,0,999,879.28,23.91,1
7334,EXTEND,1,42,0,49.00,16.96,1
7335,DECODE,998,0,998,880.01,24.56,1
7336,EXTEND,2,130,0,75.00,27.60,1
7337,DECODE,997,0,997,880.67,30.29,1
7338,EXTEND,3,247,0,87.67,16.70,1
7339,DECODE,1000,0,1000,879.29,23.75,1
7340,DECODE,1000,0,1000,880.29,23.75,1
7341,DECODE,996,0,996,882.34,23.70,1
7342,EXTEND,4,238,0,65.25,17.05,1
7343,DECODE,999,0,999,878.39,23.83,1
7344,EXTEND,1,59,0,82.00,16.64,1
7345,DECODE,1000,0,1000,878.60,23.60,1
7346,DECODE,1000,0,1000,879.60,23.60,1
7347,DECODE,999,0,999,880.94,23.68,1
7348,EXTEND,1,31,0,40.00,16.38,1
7349,EXTEND,1,102,0,108.00,15.87,1
7350,DECODE,1000,0,1000,880.78,23.62,1
7351,DECODE,1000,0,1000,881.78,23.48,1
7352,DECODE,1000,0,1000,882.78,23.84,1
7353,DECODE,1000,0,1000,883.78,23.69,1
7354,DECODE,999,0,999,883.10,24.25,1
7355,EXTEND,1,53,0,61.00,16.34,1
7356,EXTEND,1,34,0,39.00,16.13,1
7357,EXTEND,1,297,0,304.00,16.18,1
7358,DECODE,1000,0,1000,882.70,23.71,1
7359,DECODE,1000,0,1000,883.70,23.61,1
7360,DECODE,999,0,999,885.15,24.44,1
7361,EXTEND,1,49,0,56.00,16.27,1
7362,DECODE,1000,0,1000,885.32,23.69,1
7363,DECODE,1000,0,1000,886.32,23.94,1
7364,DECODE,1000,0,1000,887.32,23.56,1
7365,DECODE,999,0,999,888.80,23.90,1
7366,EXTEND,1,90,0,98.00,16.20,1
7367,DECODE,1000,0,1000,889.01,23.69,1
7368,DECODE,1000,0,1000,890.01,23.78,1
7369,DECODE,997,0,997,891.29,24.07,1
7370,EXTEND,3,213,0,78.00,17.27,1
7371,EXTEND,2,153,0,83.50,16.81,1
7372,EXTEND,2,153,0,82.00,16.29,1
7373,DECODE,1000,0,1000,886.26,23.58,1
7374,DECODE,1000,0,1000,887.26,24.01,1
7375,DECODE,997,0,997,887.12,24.05,1
7376,EXTEND,3,232,0,82.33,17.75,1
7377,EXTEND,1,59,0,64.00,16.41,1
7378,DECODE,1000,0,1000,885.50,23.87,1
7379,DECODE,1000,0,1000,886.50,24.97,1
7380,DECODE,998,0,998,886.76,23.62,1
7381,EXTEND,2,323,0,169.50,18.29,1
7382,DECODE,999,0,999,886.61,23.92,1
7383,EXTEND,1,48,0,53.00,16.03,1
7384,DECODE,999,0,999,887.29,23.77,1
7385,EXTEND,1,34,0,40.00,16.57,1
7386,DECODE,997,0,997,885.66,23.86,1
7387,EXTEND,3,236,0,87.33,16.32,1
7388,DECODE,1000,0,1000,884.27,23.55,1
7389,DECODE,1000,0,1000,885.27,23.79,1
7390,DECODE,999,0,999,886.55,24.31,1
7391,EXTEND,1,49,0,55.00,17.11,1
7392,EXTEND,4,279,0,74.50,18.02,1
7393,EXTEND,1,218,0,221.00,16.38,1
7394,DECODE,1000,0,1000,880.87,23.36,1
7395,DECODE,1000,0,1000,881.87,23.44,1
7396,DECODE,998,0,998,881.60,23.88,1
7397,EXTEND,2,286,0,147.50,16.62,1
7398,EXTEND,1,180,0,185.00,23.60,1
7399,EXTEND,1,33,0,37.00,17.03,1
7400,DECODE,1000,0,1000,878.34,25.10,1
7401,DECODE,1000,0,1000,879.34,23.67,1
7402,DECODE,998,0,998,879.00,24.16,1
7403,EXTEND,2,168,0,93.00,17.63,1
7404,EXTEND,1,91,0,95.00,16.63,1
7405,EXTEND,2,80,0,48.00,33.87,1
7406,DECODE,1000,0,1000,874.35,32.22,1
7407,DECODE,1000,0,1000,875.35,23.37,1
7408,DECODE,999,0,999,876.75,23.72,1
7409,EXTEND,1,57,0,63.00,19.84,1
7410,EXTEND,1,59,0,67.00,16.57,1
7411,DECODE,1000,0,1000,874.44,23.44,1
7412,DECODE,1000,0,1000,875.44,23.51,1
7413,DECODE,999,0,999,876.53,23.94,1
7414,EXTEND,1,36,0,46.00,16.41,1
7415,EXTEND,1,86,0,91.00,17.68,1
7416,EXTEND,2,276,0,146.00,16.62,1
7417,DECODE,1000,0,1000,874.96,23.38,1
7418,DECODE,1000,0,1000,875.96,23.66,1
7419,DECODE,999,0,999,877.45,24.75,1
7420,EXTEND,1,45,0,52.00,22.16,1
7421,DECODE,999,0,999,875.94,25.24,1
7422,EXTEND,1,53,0,57.00,27.68,1
7423,DECODE,998,0,998,875.93,26.96,1
7424,EXTEND,2,123,0,68.00,16.55,1
7425,DECODE,1000,0,1000,875.31,24.09,1
7426,DECODE,1000,0,1000,876.31,23.88,1
7427,DECODE,996,0,996,875.12,29.85,1
7428,EXTEND,4,385,0,117.25,17.60,1
7429,DECODE,999,0,999,873.71,26.65,1
7430,EXTEND,1,35,0,39.00,18.60,1
7431,DECODE,999,0,999,874.46,25.07,1
7432,EXTEND,1,64,0,69.00,18.41,1
7433,DECODE,999,0,999,872.97,25.24,1
7434,EXTEND,1,438,0,445.00,25.63,1
7435,DECODE,1000,0,1000,873.54,26.23,1
7436,DECODE,1000,0,1000,874.54,23.64,1
7437,DECODE,998,0,998,874.23,25.61,1
7438,EXTEND,2,327,0,170.50,16.87,1
7439,EXTEND,1,65,0,70.00,16.51,1
7440,EXTEND,1,74,0,77.00,16.17,1
7441,DECODE,1000,0,1000,872.42,23.94,1
7442,DECODE,1000,0,1000,873.42,23.69,1
7443,DECODE,998,0,998,875.17,23.93,1
7444,EXTEND,2,138,0,74.50,16.48,1
7445,DECODE,999,0,999,875.06,23.77,1
7446,EXTEND,1,55,0,59.00,15.97,1
7447,DECODE,1000,0,1000,875.24,23.67,1
7448,DECODE,1000,0,1000,876.24,23.68,1
7449,DECODE,1000,0,1000,877.24,23.61,1
7450,DECODE,998,0,998,879.03,24.40,1
7451,EXTEND,2,143,0,75.50,16.38,1
7452,DECODE,999,0,999,877.69,23.65,1
7453,EXTEND,1,51,0,67.00,16.38,1
7454,DECODE,998,0,998,874.70,23.60,1
7455,EXTEND,2,84,0,49.00,18.01,1
7456,DECODE,999,0,999,872.37,23.77,1
7457,EXTEND,1,94,0,101.00,17.51,1
7458,DECODE,998,0,998,871.22,26.69,1
7459,EXTEND,2,156,0,83.00,17.01,1
7460,DECODE,1000,0,1000,870.65,23.31,1
7461,DECODE,1000,0,1000,871.65,23.47,1
7462,DECODE,998,0,998,873.17,23.86,1
7463,EXTEND,2,146,0,78.00,16.88,1
7464,DECODE,1000,0,1000,872.58,23.33,1
7465,DECODE,1000,0,1000,873.58,23.49,1
7466,DECODE,1000,0,1000,874.58,23.57,1
7467,DECODE,997,0,997,876.67,23.77,1
7468,EXTEND,3,185,0,68.00,16.72,1
7469,DECODE,1000,0,1000,875.24,23.57,1
7470,DECODE,1000,0,1000,876.24,23.40,1
7471,DECODE,999,0,999,877.03,23.71,1
7472,EXTEND,1,48,0,57.00,15.98,1
7473,DECODE,999,0,999,877.65,23.62,1
7474,EXTEND,1,32,0,43.00,18.55,1
7475,DECODE,999,0,999,878.15,23.59,1
7476,EXTEND,1,61,0,66.00,17.71,1
7477,DECODE,1000,0,1000,878.34,23.52,1
7478,DECODE,1000,0,1000,879.34,23.49,1
7479,DECODE,999,0,999,878.66,23.66,1
7480,EXTEND,1,73,0,81.00,16.73,1
7481,DECODE,1000,0,1000,878.86,23.32,1
7482,DECODE,1000,0,1000,879.86,23.36,1
7483,DECODE,1000,0,1000,880.86,23.46,1
7484,DECODE,1000,0,1000,881.86,23.55,1
7485,DECODE,999,0,999,883.02,25.07,1
7486,EXTEND,1,28,0,34.00,31.14,1
7487,EXTEND,1,106,0,109.00,18.15,1
7488,DECODE,1000,0,1000,880.72,23.59,1
7489,DECODE,1000,0,1000,881.72,23.54,1
7490,DECODE,1000,0,1000,882.72,23.66,1
7491,DECODE,999,0,999,882.04,23.89,1
7492,EXTEND,1,53,0,63.00,22.24,1
7493,EXTEND,2,97,0,55.50,16.32,1
7494,EXTEND,1,84,0,88.00,15.93,1
7495,DECODE,1000,0,1000,878.99,23.49,1
7496,DECODE,1000,0,1000,879.99,23.53,1
7497,DECODE,1000,0,1000,880.99,23.73,1
7498,DECODE,1000,0,1000,881.99,23.55,1
7499,DECODE,997,0,997,884.77,23.92,1
7500,EXTEND,3,226,0,81.00,16.77,1
7501,DECODE,1000,0,1000,883.36,23.47,1
7502,DECODE,1000,0,1000,884.36,23.62,1
7503,DECODE,998,0,998,885.56,24.04,1
7504,EXTEND,2,173,0,99.50,16.89,1
7505,DECODE,998,0,998,884.65,23.73,1
7506,EXTEND,2,322,0,196.00,23.19,1
7507,DECODE,999,0,999,884.92,23.89,1
7508,EXTEND,1,35,0,42.00,16.37,1
7509,DECODE,997,0,997,884.06,23.89,1
7510,EXTEND,3,358,0,125.33,22.15,1
7511,DECODE,1000,0,1000,882.79,23.71,1
7512,DECODE,1000,0,1000,883.79,23.78,1
7513,DECODE,1000,0,1000,884.79,23.87,1
7514,DECODE,1000,0,1000,885.79,23.90,1
7515,DECODE,998,0,998,887.05,24.32,1
7516,EXTEND,2,110,0,62.50,16.94,1
7517,DECODE,1000,0,1000,886.40,23.80,1
7518,DECODE,1000,0,1000,887.40,24.00,1
7519,DECODE,999,0,999,886.72,24.27,1
7520,EXTEND,1,59,0,66.00,17.26,1
7521,EXTEND,3,209,0,76.67,16.83,1
7522,EXTEND,1,34,0,40.00,16.32,1
7523,DECODE,1000,0,1000,881.49,23.58,1
7524,DECODE,1000,0,1000,882.49,23.85,1
7525,DECODE,998,0,998,881.60,24.00,1
7526,EXTEND,2,94,0,53.50,23.42,1
7527,EXTEND,1,59,0,63.00,23.60,1
7528,EXTEND,2,468,0,242.50,32.56,1
7529,DECODE,1000,0,1000,879.65,25.89,1
7530,DECODE,1000,0,1000,880.65,23.78,1
7531,DECODE,998,0,998,880.54,24.37,1
7532,EXTEND,2,113,0,62.50,24.02,1
7533,EXTEND,2,203,0,105.50,23.63,1
7534,EXTEND,2,94,0,53.00,18.95,1
7535,DECODE,1000,0,1000,876.17,25.10,1
7536,DECODE,1000,0,1000,877.17,23.71,1
7537,DECODE,999,0,999,878.76,24.10,1
7538,EXTEND,1,31,0,40.00,17.25,1
7539,EXTEND,1,50,0,58.00,21.17,1
7540,EXTEND,1,285,0,292.00,16.92,1
7541,DECODE,1000,0,1000,878.43,23.58,1
7542,DECODE,1000,0,1000,879.43,23.63,1
7543,DECODE,999,0,999,880.83,24.04,1
7544,EXTEND,1,80,0,84.00,16.84,1
7545,EXTEND,1,51,0,62.00,16.47,1
7546,DECODE,1000,0,1000,880.42,25.02,1
7547,DECODE,1000,0,1000,881.42,23.66,1
7548,DECODE,999,0,999,881.29,24.20,1
7549,EXTEND,1,71,0,77.00,16.67,1
7550,EXTEND,1,84,0,87.00,16.47,1
7551,DECODE,1000,0,1000,879.01,23.51,1
7552,DECODE,1000,0,1000,880.01,23.49,1
7553,DECODE,998,0,998,882.24,25.09,1
7554,EXTEND,2,124,0,68.00,21.07,1
7555,EXTEND,1,61,0,65.00,16.68,1
7556,DECODE,1000,0,1000,879.11,23.50,1
7557,DECODE,1000,0,1000,880.11,23.40,1
7558,DECODE,1000,0,1000,881.11,24.47,1
7559,DECODE,1000,0,1000,882.11,23.64,1
7560,DECODE,1000,0,1000,883.11,23.62,1
7561,DECODE,1000,0,1000,884.11,23.78,1
7562,DECODE,1000,0,1000,885.11,23.83,1
7563,DECODE,999,0,999,886.63,24.10,1
7564,EXTEND,1,42,0,52.00,19.44,1
7565,EXTEND,1,69,0,77.00,18.63,1
7566,EXTEND,2,262,0,138.50,16.44,1
7567,DECODE,1000,0,1000,883.19,23.48,1
7568,DECODE,1000,0,1000,884.19,23.67,1
7569,DECODE,998,0,998,881.83,24.00,1
7570,EXTEND,2,155,0,82.00,16.31,1
7571,EXTEND,2,118,0,64.00,17.34,1
7572,EXTEND,1,57,0,63.00,16.44,1
7573,DECODE,1000,0,1000,876.87,23.64,1
7574,DECODE,1000,0,1000,877.87,23.93,1
7575,DECODE,1000,0,1000,878.87,24.27,1
7576,DECODE,997,0,997,877.08,24.43,1
7577,EXTEND,3,230,0,83.33,18.09,1
7578,EXTEND,2,192,0,101.00,17.54,1
7579,EXTEND,2,71,0,42.50,17.89,1
7580,DECODE,1000,0,1000,872.96,24.10,1
7581,DECODE,1000,0,1000,873.96,23.54,1
7582,DECODE,999,0,999,875.28,23.83,1
7583,EXTEND,1,53,0,57.00,17.29,1
7584,EXTEND,1,44,0,57.00,16.55,1
7585,EXTEND,3,299,0,108.00,19.14,1
7586,DECODE,1000,0,1000,871.08,27.25,1
7587,DECODE,1000,0,1000,872.08,23.67,1
7588,DECODE,998,0,998,872.85,23.84,1
7589,EXTEND,2,133,0,82.00,17.20,1
7590,EXTEND,2,108,0,64.00,17.12,1
7591,EXTEND,1,43,0,50.00,16.37,1
7592,DECODE,1000,0,1000,869.44,23.80,1
7593,DECODE,1000,0,1000,870.44,23.39,1
7594,DECODE,1000,0,1000,871.44,23.91,1
7595,DECODE,999,0,999,870.75,23.82,1
7596,EXTEND,1,108,0,116.00,17.25,1
7597,DECODE,999,0,999,871.30,23.59,1
7598,EXTEND,1,86,0,90.00,17.13,1
7599,DECODE,1000,0,1000,871.51,23.39,1
7600,DECODE,1000,0,1000,872.51,23.53,1
7601,DECODE,997,0,997,872.55,24.79,1
7602,EXTEND,3,369,0,129.67,18.52,1
7603,EXTEND,3,251,0,91.67,24.73,1
7604,DECODE,1000,0,1000,867.26,23.49,1
7605,DECODE,1000,0,1000,868.26,23.61,1
7606,DECODE,998,0,998,870.46,24.26,1
7607,EXTEND,2,100,0,56.00,16.97,1
7608,EXTEND,1,50,0,54.00,16.61,1
7609,EXTEND,1,72,0,76.00,16.63,1
7610,DECODE,1000,0,1000,866.91,23.76,1
7611,DECODE,1000,0,1000,867.91,23.42,1
7612,DECODE,998,0,998,869.64,24.12,1
7613,EXTEND,2,126,0,69.00,16.65,1
7614,DECODE,999,0,999,869.02,23.43,1
7615,EXTEND,1,63,0,68.00,16.49,1
7616,DECODE,999,0,999,869.60,23.57,1
7617,EXTEND,1,43,0,49.00,16.56,1
7618,DECODE,1000,0,1000,869.78,23.75,1
7619,DECODE,1000,0,1000,870.78,23.45,1
7620,DECODE,998,0,998,872.79,24.25,1
7621,EXTEND,2,183,0,96.50,16.78,1
7622,EXTEND,2,129,0,72.00,16.45,1
7623,EXTEND,1,44,0,48.00,16.43,1
7624,DECODE,1000,0,1000,869.23,23.52,1
7625,DECODE,1000,0,1000,870.23,23.53,1
7626,DECODE,999,0,999,871.56,23.59,1
7627,EXTEND,1,76,0,82.00,17.46,1
7628,DECODE,998,0,998,870.77,23.86,1
7629,EXTEND,2,142,0,77.50,16.86,1
7630,DECODE,1000,0,1000,870.18,23.70,1
7631,DECODE,1000,0,1000,871.18,23.72,1
7632,DECODE,998,0,998,871.69,24.21,1
7633,EXTEND,2,146,0,76.00,17.53,1
7634,DECODE,1000,0,1000,871.10,23.60,1
7635,DECODE,1000,0,1000,872.10,23.85,1
7636,DECODE,1000,0,1000,873.10,23.88,1
7637,DECODE,999,0,999,874.59,24.25,1
7638,EXTEND,1,71,0,79.00,18.61,1
7639,EXTEND,3,163,0,59.33,17.35,1
7640,DECODE,1000,0,1000,872.39,23.60,1
7641,DECODE,1000,0,1000,873.39,23.78,1
7642,DECODE,1000,0,1000,874.39,23.89,1
7643,DECODE,999,0,999,875.99,24.25,1
7644,EXTEND,1,240,0,248.00,17.18,1
7645,DECODE,997,0,997,877.76,24.23,1
7646,EXTEND,3,160,0,61.33,16.75,1
7647,DECODE,999,0,999,876.61,24.19,1
7648,EXTEND,1,36,0,41.00,16.73,1
7649,DECODE,997,0,997,878.13,23.93,1
7650,EXTEND,3,267,0,95.33,16.94,1
7651,DECODE,999,0,999,877.10,23.66,1
7652,EXTEND,1,68,0,72.00,16.85,1
7653,DECODE,1000,0,1000,877.30,23.54,1
7654,DECODE,1000,0,1000,878.30,23.62,1
7655,DECODE,1000,0,1000,879.30,23.64,1
7656,DECODE,999,0,999,880.79,23.75,1
7657,EXTEND,1,64,0,72.00,16.57,1
7658,DECODE,999,0,999,880.34,23.78,1
7659,EXTEND,1,63,0,68.00,31.07,1
7660,DECODE,1000,0,1000,880.53,24.87,1
7661,DECODE,1000,0,1000,881.53,23.54,1
7662,DECODE,1000,0,1000,882.53,24.06,1
7663,DECODE,1000,0,1000,883.53,23.99,1
7664,DECODE,1000,0,1000,884.53,23.73,1
7665,DECODE,999,0,999,885.30,24.12,1
7666,EXTEND,1,77,0,85.00,17.04,1
7667,EXTEND,2,135,0,75.50,17.00,1
7668,DECODE,1000,0,1000,884.51,23.66,1
7669,DECODE,1000,0,1000,885.51,23.63,1
7670,DECODE,999,0,999,886.77,23.99,1
7671,EXTEND,1,38,0,42.00,16.77,1
7672,DECODE,1000,0,1000,886.92,33.52,1
7673,DECODE,1000,0,1000,887.92,31.96,1
7674,DECODE,1000,0,1000,888.92,30.54,1
7675,DECODE,998,0,998,890.46,24.16,1
7676,EXTEND,2,350,0,179.50,23.57,1
7677,EXTEND,2,112,0,60.00,16.85,1
7678,EXTEND,1,82,0,88.00,16.44,1
7679,DECODE,1000,0,1000,886.36,24.27,1
7680,DECODE,1000,0,1000,887.36,23.81,1
7681,DECODE,998,0,998,889.05,24.34,1
7682,EXTEND,2,97,0,55.00,17.13,1
7683,EXTEND,1,56,0,68.00,17.01,1
7684,EXTEND,1,45,0,50.00,16.56,1
7685,DECODE,1000,0,1000,885.30,23.68,1
7686,DECODE,1000,0,1000,886.30,23.80,1
7687,DECODE,998,0,998,886.78,25.08,1
7688,EXTEND,2,115,0,63.00,17.28,1
7689,EXTEND,1,54,0,59.00,16.74,1
7690,EXTEND,2,71,0,43.00,16.57,1
7691,DECODE,1000,0,1000,884.50,23.66,1
7692,DECODE,1000,0,1000,885.50,23.79,1
7693,DECODE,997,0,997,884.97,25.22,1
7694,EXTEND,3,307,0,107.67,23.95,1
7695,EXTEND,3,193,0,71.00,16.54,1
7696,DECODE,1000,0,1000,880.82,23.57,1
7697,DECODE,1000,0,1000,881.82,23.84,1
7698,DECODE,999,0,999,881.14,24.41,1
7699,EXTEND,1,165,0,170.00,16.56,1
7700,DECODE,996,0,996,882.31,23.64,1
7701,EXTEND,4,328,0,89.75,16.77,1
7702,DECODE,998,0,998,881.38,24.06,1
7703,EXTEND,2,168,0,91.50,16.55,1
7704,DECODE,1000,0,1000,880.80,23.65,1
7705,DECODE,1000,0,1000,881.80,23.85,1
7706,DECODE,1000,0,1000,882.80,23.84,1
7707,DECODE,1000,0,1000,883.80,24.11,1
7708,DECODE,1000,0,1000,884.80,23.74,1
7709,DECODE,1000,0,1000,885.80,23.73,1
7710,DECODE,998,0,998,885.36,23.95,1
7711,EXTEND,2,116,0,65.00,17.06,1
7712,EXTEND,3,349,0,126.00,17.00,1
7713,EXTEND,2,83,0,50.00,16.34,1
7714,DECODE,1000,0,1000,879.36,23.59,1
7715,DECODE,1000,0,1000,880.36,23.71,1
7716,DECODE,998,0,998,882.09,24.31,1
7717,EXTEND,2,113,0,63.50,17.39,1
7718,EXTEND,1,42,0,47.00,16.66,1
7719,DECODE,1000,0,1000,878.93,23.62,1
7720,DECODE,1000,0,1000,879.93,23.71,1
7721,DECODE,998,0,998,881.37,24.42,1
7722,EXTEND,2,116,0,63.00,16.88,1
7723,EXTEND,1,44,0,50.00,18.57,1
7724,EXTEND,1,145,0,149.00,17.68,1
7725,DECODE,1000,0,1000,879.01,23.35,1
7726,DECODE,1000,0,1000,880.01,23.78,1
7727,DECODE,1000,0,1000,881.01,24.02,1
7728,DECODE,1000,0,1000,882.01,23.98,1
7729,DECODE,998,0,998,881.63,24.08,1
7730,EXTEND,2,175,0,94.50,16.41,1
7731,EXTEND,1,61,0,66.00,15.92,1
7732,EXTEND,1,75,0,79.00,15.93,1
7733,DECODE,1000,0,1000,879.63,23.44,1
7734,DECODE,1000,0,1000,880.63,23.54,1
7735,DECODE,1000,0,1000,881.63,23.74,1
7736,DECODE,1000,0,1000,882.63,23.59,1
7737,DECODE,1000,0,1000,883.63,23.93,1
7738,DECODE,999,0,999,882.95,24.18,1
7739,EXTEND,1,103,0,107.00,17.04,1
7740,EXTEND,1,56,0,60.00,17.43,1
7741,EXTEND,1,85,0,89.00,16.76,1
7742,DECODE,1000,0,1000,880.56,23.65,1
7743,DECODE,1000,0,1000,881.56,23.63,1
7744,DECODE,1000,0,1000,882.56,23.84,1
7745,DECODE,998,0,998,882.46,24.01,1
7746,EXTEND,2,149,0,80.00,16.74,1
7747,EXTEND,2,122,0,64.50,15.96,1
7748,EXTEND,2,136,0,74.50,15.66,1
7749,DECODE,1000,0,1000,880.47,23.56,1
7750,DECODE,1000,0,1000,881.47,23.60,1
7751,DECODE,998,0,998,883.11,23.77,1
7752,EXTEND,2,100,0,54.50,16.29,1
7753,DECODE,998,0,998,882.76,23.85,1
7754,EXTEND,2,468,0,239.00,16.20,1
7755,DECODE,1000,0,1000,882.47,23.55,1
7756,DECODE,1000,0,1000,883.47,23.76,1
7757,DECODE,999,0,999,885.04,23.99,1
7758,EXTEND,1,82,0,86.00,16.52,1
7759,DECODE,997,0,997,883.02,23.79,1
7760,EXTEND,3,144,0,53.33,16.09,1
7761,DECODE,998,0,998,880.43,23.64,1
7762,EXTEND,2,92,0,52.00,17.60,1
7763,DECODE,998,0,998,878.50,24.10,1
7764,EXTEND,2,153,0,82.00,16.52,1
7765,DECODE,1000,0,1000,877.91,23.53,1
7766,DECODE,1000,0,1000,878.91,29.86,1
7767,DECODE,1000,0,1000,879.91,27.66,1
7768,DECODE,1000,0,1000,880.91,24.20,1
7769,DECODE,1000,0,1000,881.91,24.06,1
7770,DECODE,999,0,999,883.13,24.32,1
7771,EXTEND,1,256,0,263.00,17.03,1
7772,EXTEND,1,86,0,89.00,16.68,1
7773,DECODE,1000,0,1000,883.24,24.05,1
7774,DECODE,1000,0,1000,884.24,24.29,1
7775,DECODE,1000,0,1000,885.24,24.39,1
7776,DECODE,998,0,998,887.41,24.65,1
7777,EXTEND,2,92,0,52.50,17.67,1
7778,EXTEND,2,75,0,48.50,16.84,1
7779,EXTEND,1,45,0,50.00,16.56,1
7780,DECODE,1000,0,1000,885.68,24.13,1
7781,DECODE,1000,0,1000,886.68,32.23,1
7782,DECODE,999,0,999,886.01,24.65,1
7783,EXTEND,1,50,0,58.00,29.17,1
7784,EXTEND,1,58,0,64.00,24.26,1
7785,DECODE,1000,0,1000,885.74,24.17,1
7786,DECODE,1000,0,1000,886.74,24.15,1
7787,DECODE,996,0,996,888.64,30.24,1
7788,EXTEND,4,206,0,59.00,24.70,1
7789,DECODE,999,0,999,886.61,23.99,1
7790,EXTEND,1,284,0,288.00,25.55,1
7791,DECODE,999,0,999,885.76,23.76,1
7792,EXTEND,1,74,0,78.00,16.62,1
7793,DECODE,1000,0,1000,885.95,23.47,1
7794,DECODE,1000,0,1000,886.95,23.51,1
7795,DECODE,999,0,999,888.18,24.27,1
7796,EXTEND,1,81,0,88.00,18.05,1
7797,EXTEND,2,216,0,115.00,16.44,1
7798,EXTEND,1,58,0,70.00,16.94,1
7799,DECODE,1000,0,1000,884.76,24.35,1
7800,DECODE,1000,0,1000,885.76,24.66,1
7801,DECODE,998,0,998,887.77,24.57,1
7802,EXTEND,2,200,0,105.00,17.48,1
7803,EXTEND,2,134,0,75.00,16.61,1
7804,DECODE,1000,0,1000,885.83,23.78,1
7805,DECODE,1000,0,1000,886.83,24.43,1
7806,DECODE,999,0,999,886.15,24.78,1
7807,EXTEND,1,67,0,72.00,17.77,1
7808,DECODE,999,0,999,886.24,24.40,1
7809,EXTEND,1,36,0,45.00,16.63,1
7810,DECODE,1000,0,1000,886.39,23.82,1
7811,DECODE,1000,0,1000,887.39,23.27,1
7812,DECODE,1000,0,1000,888.39,24.13,1
7813,DECODE,999,0,999,889.25,24.46,1
7814,EXTEND,1,260,0,265.00,26.72,1
7815,DECODE,999,0,999,889.77,24.61,1
7816,EXTEND,1,44,0,50.00,17.48,1
7817,DECODE,998,0,998,890.07,24.52,1
7818,EXTEND,2,109,0,59.00,17.22,1
7819,DECODE,999,0,999,889.89,24.30,1
7820,EXTEND,1,90,0,96.00,18.46,1
7821,DECODE,999,0,999,890.71,24.40,1
7822,EXTEND,1,86,0,91.00,17.22,1
7823,DECODE,1000,0,1000,890.91,24.36,1
7824,DECODE,1000,0,1000,891.91,24.45,1
7825,DECODE,1000,0,1000,892.91,25.61,1
7826,DECODE,1000,0,1000,893.91,25.70,1
7827,DECODE,999,0,999,894.95,24.28,1
7828,EXTEND,1,267,0,270.00,17.08,1
7829,DECODE,997,0,997,892.97,24.36,1
7830,EXTEND,3,195,0,75.33,16.84,1
7831,DECODE,998,0,998,891.97,24.21,1
7832,EXTEND,2,212,0,132.00,17.36,1
7833,DECODE,998,0,998,888.89,24.25,1
7834,EXTEND,2,117,0,64.50,17.95,1
7835,DECODE,997,0,997,889.11,23.67,1
7836,EXTEND,3,143,0,54.33,16.81,1
7837,DECODE,1000,0,1000,887.61,23.82,1
7838,DECODE,1000,0,1000,888.61,23.83,1
7839,DECODE,999,0,999,889.76,24.43,1
7840,EXTEND,1,56,0,60.00,16.58,1
7841,DECODE,997,0,997,888.32,23.65,1
7842,EXTEND,3,146,0,55.33,21.67,1
7843,DECODE,999,0,999,885.15,27.22,1
7844,EXTEND,1,41,0,48.00,17.04,1
7845,DECODE,999,0,999,885.14,23.56,1
7846,EXTEND,1,47,0,52.00,16.90,1
7847,DECODE,999,0,999,883.63,23.42,1
7848,EXTEND,1,208,0,215.00,17.10,1
7849,DECODE,996,0,996,883.17,23.45,1
7850,EXTEND,4,314,0,88.50,16.97,1
7851,DECODE,1000,0,1000,880.99,23.44,1
7852,DECODE,1000,0,1000,881.99,23.97,1
7853,DECODE,998,0,998,883.28,23.69,1
7854,EXTEND,2,230,0,123.00,18.06,1
7855,DECODE,997,0,997,881.96,23.63,1
7856,EXTEND,3,267,0,96.33,17.84,1
7857,DECODE,1000,0,1000,880.60,24.09,1
7858,DECODE,1000,0,1000,881.60,23.73,1
7859,DECODE,1000,0,1000,882.60,24.85,1
7860,DECODE,1000,0,1000,883.60,24.97,1
7861,DECODE,999,0,999,884.75,24.33,1
7862,EXTEND,1,82,0,100.00,19.48,1
7863,DECODE,1000,0,1000,884.97,24.72,1
7864,DECODE,1000,0,1000,885.97,24.02,1
7865,DECODE,998,0,998,885.53,24.09,1
7866,EXTEND,2,196,0,101.50,16.68,1
7867,EXTEND,4,309,0,83.25,22.67,1
7868,DECODE,1000,0,1000,880.53,23.45,1
7869,DECODE,1000,0,1000,881.53,23.84,1
7870,DECODE,999,0,999,882.73,24.04,1
7871,EXTEND,1,65,0,70.00,16.27,1
7872,DECODE,1000,0,1000,882.91,23.56,1
7873,DECODE,1000,0,1000,883.91,23.57,1
7874,DECODE,999,0,999,884.25,23.67,1
7875,EXTEND,1,62,0,68.00,18.63,1
7876,EXTEND,1,112,0,120.00,16.85,1
7877,EXTEND,1,101,0,114.00,16.08,1
7878,DECODE,1000,0,1000,883.30,23.65,1
7879,DECODE,1000,0,1000,884.30,23.92,1
7880,DECODE,1000,0,1000,885.30,24.09,1
7881,DECODE,998,0,998,884.62,24.41,1
7882,EXTEND,2,115,0,71.00,17.07,1
7883,EXTEND,1,82,0,87.00,16.33,1
7884,DECODE,1000,0,1000,883.87,23.74,1
7885,DECODE,1000,0,1000,884.87,24.12,1
7886,DECODE,999,0,999,886.47,24.38,1
7887,EXTEND,1,73,0,88.00,18.41,1
7888,EXTEND,1,63,0,71.00,16.47,1
7889,EXTEND,1,69,0,76.00,28.81,1
7890,DECODE,1000,0,1000,883.90,28.33,1
7891,DECODE,1000,0,1000,884.90,24.67,1
7892,DECODE,999,0,999,884.22,24.77,1
7893,EXTEND,1,56,0,67.00,17.28,1
7894,DECODE,1000,0,1000,884.40,24.13,1
7895,DECODE,1000,0,1000,885.40,23.44,1
7896,DECODE,998,0,998,886.50,23.87,1
7897,EXTEND,2,105,0,59.00,16.82,1
7898,EXTEND,2,128,0,70.00,16.06,1
7899,DECODE,1000,0,1000,884.79,23.33,1
7900,DECODE,1000,0,1000,885.79,23.50,1
7901,DECODE,997,0,997,883.50,23.78,1
7902,EXTEND,3,177,0,70.33,18.87,1
7903,EXTEND,1,60,0,64.00,27.35,1
7904,DECODE,1000,0,1000,881.20,24.72,1
7905,DECODE,1000,0,1000,882.20,23.32,1
7906,DECODE,1000,0,1000,883.20,33.23,1
7907,DECODE,999,0,999,884.78,25.79,1
7908,EXTEND,1,60,0,66.00,16.48,1
7909,DECODE,999,0,999,885.39,26.94,1
7910,EXTEND,1,40,0,50.00,23.80,1
7911,DECODE,998,0,998,884.64,24.50,1
7912,EXTEND,2,123,0,66.00,16.09,1
7913,DECODE,996,0,996,885.79,23.51,1
7914,EXTEND,4,367,0,98.25,22.62,1
7915,DECODE,998,0,998,884.60,23.66,1
7916,EXTEND,2,139,0,76.00,16.16,1
7917,DECODE,998,0,998,882.60,23.60,1
7918,EXTEND,2,145,0,79.50,16.18,1
7919,DECODE,999,0,999,880.73,23.65,1
7920,EXTEND,1,40,0,46.00,18.28,1
7921,DECODE,999,0,999,881.34,23.58,1
7922,EXTEND,1,44,0,53.00,16.16,1
7923,DECODE,999,0,999,881.17,23.50,1
7924,EXTEND,1,47,0,50.00,16.17,1
7925,DECODE,1000,0,1000,881.34,23.39,1
7926,DECODE,1000,0,1000,882.34,23.51,1
7927,DECODE,1000,0,1000,883.34,23.72,1
7928,DECODE,998,0,998,884.81,25.87,1
7929,EXTEND,2,150,0,78.50,17.39,1
7930,EXTEND,2,307,0,158.00,27.51,1
7931,DECODE,1000,0,1000,881.50,27.18,1
7932,DECODE,1000,0,1000,882.50,24.55,1
7933,DECODE,998,0,998,884.22,24.75,1
7934,EXTEND,2,93,0,51.50,16.80,1
7935,DECODE,999,0,999,883.91,23.95,1
7936,EXTEND,1,101,0,105.00,16.22,1
7937,DECODE,999,0,999,884.65,32.99,1
7938,EXTEND,1,76,0,80.00,16.31,1
7939,DECODE,999,0,999,885.21,23.73,1
7940,EXTEND,1,56,0,60.00,15.88,1
7941,DECODE,998,0,998,885.97,24.08,1
7942,EXTEND,2,87,0,49.50,16.06,1
7943,DECODE,1000,0,1000,885.30,23.81,1
7944,DECODE,1000,0,1000,886.30,23.72,1
7945,DECODE,997,0,997,887.59,24.16,1
7946,EXTEND,3,144,0,55.67,16.61,1
7947,DECODE,1000,0,1000,886.09,25.40,1
7948,DECODE,1000,0,1000,887.09,33.45,1
7949,DECODE,1000,0,1000,888.09,26.32,1
7950,DECODE,998,0,998,888.74,24.80,1
7951,EXTEND,2,134,0,73.50,16.65,1
7952,EXTEND,1,155,0,162.00,16.83,1
7953,EXTEND,3,308,0,109.33,18.19,1
7954,DECODE,1000,0,1000,884.06,24.10,1
7955,DECODE,1000,0,1000,885.06,24.55,1
7956,DECODE,999,0,999,885.81,24.35,1
7957,EXTEND,1,86,0,107.00,31.55,1
7958,EXTEND,1,131,0,139.00,19.11,1
7959,EXTEND,2,102,0,63.00,15.82,1
7960,DECODE,1000,0,1000,882.43,24.40,1
7961,DECODE,1000,0,1000,883.43,24.14,1
7962,DECODE,1000,0,1000,884.43,24.17,1
7963,DECODE,998,0,998,885.98,24.09,1
7964,EXTEND,2,229,0,121.00,27.77,1
7965,EXTEND,3,238,0,88.67,19.78,1
7966,EXTEND,2,174,0,103.00,16.15,1
7967,DECODE,1000,0,1000,880.03,23.62,1
7968,DECODE,1000,0,1000,881.03,23.74,1
7969,DECODE,999,0,999,882.50,24.38,1
7970,EXTEND,1,63,0,80.00,16.55,1
7971,EXTEND,2,185,0,97.50,16.68,1
7972,DECODE,1000,0,1000,881.63,23.85,1
7973,DECODE,1000,0,1000,882.63,24.09,1
7974,DECODE,999,0,999,881.95,23.89,1
7975,EXTEND,1,64,0,73.00,16.94,1
7976,DECODE,1000,0,1000,882.14,24.49,1
7977,DECODE,1000,0,1000,883.14,24.24,1
7978,DECODE,1000,0,1000,884.14,24.03,1
7979,DECODE,1000,0,1000,885.14,24.14,1
7980,DECODE,1000,0,1000,886.14,24.72,1
7981,DECODE,1000,0,1000,887.14,24.69,1
7982,DECODE,998,0,998,886.68,24.48,1
7983,EXTEND,2,177,0,95.50,16.93,1
7984,EXTEND,1,70,0,74.00,17.82,1
7985,EXTEND,2,141,0,83.00,17.05,1
7986,DECODE,1000,0,1000,883.51,24.34,1
7987,DECODE,1000,0,1000,884.51,24.09,1
7988,DECODE,999,0,999,885.91,25.05,1
7989,EXTEND,1,61,0,79.00,17.20,1
7990,EXTEND,1,161,0,171.00,16.75,1
7991,EXTEND,3,380,0,136.67,22.37,1
7992,DECODE,1000,0,1000,884.69,23.99,1
7993,DECODE,1000,0,1000,885.69,24.14,1
7994,DECODE,999,0,999,886.88,24.20,1
7995,EXTEND,1,161,0,169.00,16.65,1
7996,EXTEND,1,100,0,110.00,16.70,1
7997,EXTEND,3,207,0,79.00,57.18,1
7998,DECODE,1000,0,1000,884.13,23.68,1
7999,DECODE,1000,0,1000,885.13,23.94,1
8000,DECODE,997,0,997,886.49,24.20,1
8001,EXTEND,3,176,0,64.00,20.39,1
8002,DECODE,1000,0,1000,885.02,24.00,1
8003,DECODE,1000,0,1000,886.02,23.67,1
8004,DECODE,998,0,998,887.15,23.69,1
8005,EXTEND,2,179,0,95.00,18.15,1
8006,EXTEND,1,89,0,115.00,16.95,1
8007,EXTEND,1,66,0,79.00,16.73,1
8008,DECODE,1000,0,1000,884.45,23.43,1
8009,DECODE,1000,0,1000,885.45,23.47,1
8010,DECODE,999,0,999,885.98,23.81,1
8011,EXTEND,1,226,0,230.00,18.86,1
8012,EXTEND,3,454,0,158.00,21.57,1
8013,EXTEND,1,82,0,87.00,16.01,1
8014,DECODE,1000,0,1000,882.84,23.53,1
8015,DECODE,1000,0,1000,883.84,23.71,1
8016,DECODE,998,0,998,884.73,24.11,1
8017,EXTEND,2,124,0,67.50,26.98,1
8018,DECODE,998,0,998,885.27,29.38,1
8019,EXTEND,2,119,0,68.00,16.76,1
8020,DECODE,1000,0,1000,884.64,29.19,1
8021,DECODE,1000,0,1000,885.64,27.02,1
8022,DECODE,998,0,998,887.11,24.20,1
8023,EXTEND,2,291,0,158.00,16.41,1
8024,EXTEND,1,180,0,194.00,15.97,1
8025,EXTEND,2,138,0,80.00,16.36,1
8026,DECODE,1000,0,1000,883.09,23.53,1
8027,DECODE,1000,0,1000,884.09,23.58,1
8028,DECODE,1000,0,1000,885.09,23.89,1
8029,DECODE,998,0,998,884.04,23.79,1
8030,EXTEND,2,158,0,87.50,16.78,1
8031,DECODE,997,0,997,883.97,23.91,1
8032,EXTEND,3,166,0,69.67,22.61,1
8033,DECODE,999,0,999,882.68,24.53,1
8034,EXTEND,1,97,0,102.00,16.34,1
8035,DECODE,999,0,999,883.40,23.96,1
8036,EXTEND,1,185,0,191.00,16.81,1
8037,DECODE,999,0,999,883.52,23.88,1
8038,EXTEND,1,51,0,96.00,16.50,1
8039,DECODE,998,0,998,884.44,24.42,1
8040,EXTEND,2,151,0,85.00,16.72,1
8041,DECODE,1000,0,1000,883.85,23.57,1
8042,DECODE,1000,0,1000,884.85,23.69,1
8043,DECODE,997,0,997,884.33,24.13,1
8044,EXTEND,3,336,0,127.33,16.72,1
8045,DECODE,998,0,998,883.79,23.61,1
8046,EXTEND,2,296,0,157.00,17.09,1
8047,DECODE,1000,0,1000,883.34,23.54,1
8048,DECODE,1000,0,1000,884.34,24.92,1
8049,DECODE,1000,0,1000,885.34,24.19,1
8050,DECODE,998,0,998,887.27,24.23,1
8051,EXTEND,2,147,0,80.00,16.54,1
8052,DECODE,1000,0,1000,886.66,23.85,1
8053,DECODE,1000,0,1000,887.66,23.83,1
8054,DECODE,996,0,996,889.24,23.93,1
8055,EXTEND,4,275,0,81.00,25.12,1
8056,EXTEND,1,32,0,37.00,16.09,1
8057,DECODE,1000,0,1000,886.62,23.63,1
8058,DECODE,1000,0,1000,887.62,23.88,1
8059,DECODE,999,0,999,886.95,24.19,1
8060,EXTEND,1,73,0,86.00,17.15,1
8061,EXTEND,1,50,0,56.00,16.50,1
8062,EXTEND,1,43,0,49.00,16.60,1
8063,DECODE,1000,0,1000,885.11,24.25,1
8064,DECODE,1000,0,1000,886.11,24.08,1
8065,DECODE,999,0,999,887.51,24.13,1
8066,EXTEND,1,60,0,68.00,16.38,1
8067,EXTEND,1,45,0,54.00,16.29,1
8068,EXTEND,1,61,0,66.00,15.64,1
8069,DECODE,1000,0,1000,886.35,23.61,1
8070,DECODE,1000,0,1000,887.35,24.22,1
8071,DECODE,997,0,997,887.07,24.09,1
8072,EXTEND,3,217,0,81.33,16.43,1
8073,DECODE,1000,0,1000,885.65,23.44,1
8074,DECODE,1000,0,1000,886.65,24.98,1
8075,DECODE,1000,0,1000,887.65,23.60,1
8076,DECODE,1000,0,1000,888.65,23.67,1
8077,DECODE,1000,0,1000,889.65,23.74,1
8078,DECODE,999,0,999,888.98,23.92,1
8079,EXTEND,1,197,0,203.00,16.23,1
8080,EXTEND,1,45,0,54.00,16.86,1
8081,EXTEND,1,62,0,71.00,17.10,1
8082,DECODE,1000,0,1000,886.59,23.55,1
8083,DECODE,1000,0,1000,887.59,23.62,1
8084,DECODE,1000,0,1000,888.59,23.71,1
8085,DECODE,997,0,997,889.88,23.97,1
8086,EXTEND,3,250,0,91.00,16.87,1
8087,EXTEND,1,88,0,92.00,16.81,1
8088,EXTEND,1,82,0,90.00,16.31,1
8089,DECODE,1000,0,1000,885.13,23.57,1
8090,DECODE,1000,0,1000,886.13,23.57,1
8091,DECODE,999,0,999,887.51,24.36,1
8092,EXTEND,1,104,0,134.00,16.03,1
8093,EXTEND,1,255,0,265.00,17.94,1
8094,DECODE,1000,0,1000,887.36,25.89,1
8095,DECODE,1000,0,1000,888.36,23.94,1
8096,DECODE,999,0,999,889.73,24.05,1
8097,EXTEND,1,54,0,62.00,16.16,1
8098,EXTEND,1,43,0,58.00,15.79,1
8099,EXTEND,3,173,0,64.33,15.82,1
8100,DECODE,1000,0,1000,883.52,23.50,1
8101,DECODE,1000,0,1000,884.52,23.72,1
8102,DECODE,1000,0,1000,885.52,23.78,1
8103,DECODE,999,0,999,884.84,23.87,1
8104,EXTEND,1,141,0,145.00,16.15,1
8105,EXTEND,1,73,0,102.00,15.87,1
8106,DECODE,1000,0,1000,884.24,23.59,1
8107,DECODE,1000,0,1000,885.24,23.59,1
8108,DECODE,1000,0,1000,886.24,23.78,1
8109,DECODE,998,0,998,887.82,23.75,1
8110,EXTEND,2,122,0,66.50,16.56,1
8111,EXTEND,1,211,0,219.00,16.51,1
8112,DECODE,1000,0,1000,886.98,24.21,1
8113,DECODE,1000,0,1000,887.98,24.32,1
8114,DECODE,999,0,999,888.98,23.91,1
8115,EXTEND,1,59,0,68.00,17.27,1
8116,EXTEND,2,133,0,76.00,16.73,1
8117,EXTEND,1,67,0,76.00,16.19,1
8118,DECODE,1000,0,1000,887.16,23.55,1
8119,DECODE,1000,0,1000,888.16,23.79,1
8120,DECODE,998,0,998,887.80,24.49,1
8121,EXTEND,2,146,0,81.00,16.69,1
8122,DECODE,1000,0,1000,887.19,23.66,1
8123,DECODE,1000,0,1000,888.19,23.62,1
8124,DECODE,999,0,999,888.92,23.86,1
8125,EXTEND,1,46,0,54.00,16.81,1
8126,DECODE,1000,0,1000,889.09,23.78,1
8127,DECODE,1000,0,1000,890.09,23.97,1
8128,DECODE,1000,0,1000,891.09,24.02,1
8129,DECODE,999,0,999,890.42,24.40,1
8130,EXTEND,1,46,0,59.00,17.53,1
8131,EXTEND,2,152,0,83.50,16.93,1
8132,EXTEND,6,510,0,94.33,22.33,1
8133,DECODE,1000,0,1000,882.31,24.02,1
8134,DECODE,1000,0,1000,883.31,24.12,1
8135,DECODE,998,0,998,882.92,25.82,1
8136,EXTEND,2,248,0,130.00,17.04,1
8137,EXTEND,1,251,0,264.00,16.23,1
8138,DECODE,1000,0,1000,881.49,23.40,1
8139,DECODE,1000,0,1000,882.49,23.69,1
8140,DECODE,999,0,999,883.64,24.46,1
8141,EXTEND,1,154,0,159.00,18.48,1
8142,EXTEND,4,337,0,97.00,22.98,1
8143,EXTEND,1,83,0,95.00,16.01,1
8144,DECODE,1000,0,1000,875.69,23.49,1
8145,DECODE,1000,0,1000,876.69,23.52,1
8146,DECODE,999,0,999,878.25,24.20,1
8147,EXTEND,1,97,0,101.00,16.49,1
8148,EXTEND,2,229,0,121.50,19.65,1
8149,EXTEND,2,156,0,84.00,16.07,1
8150,DECODE,1000,0,1000,874.35,23.30,1
8151,DECODE,1000,0,1000,875.35,23.68,1
8152,DECODE,998,0,998,877.21,23.99,1
8153,EXTEND,2,189,0,100.00,17.25,1
8154,EXTEND,2,156,0,91.50,15.96,1
8155,EXTEND,1,98,0,104.00,15.83,1
8156,DECODE,1000,0,1000,873.24,23.33,1
8157,DECODE,1000,0,1000,874.24,23.65,1
8158,DECODE,999,0,999,875.22,23.68,1
8159,EXTEND,1,61,0,66.00,16.28,1
8160,DECODE,999,0,999,874.97,23.42,1
8161,EXTEND,1,53,0,63.00,16.26,1
8162,DECODE,999,0,999,874.87,23.49,1
8163,EXTEND,1,94,0,98.00,16.60,1
8164,DECODE,998,0,998,873.92,23.66,1
8165,EXTEND,2,234,0,123.00,24.45,1
8166,DECODE,1000,0,1000,873.42,23.29,1
8167,DECODE,1000,0,1000,874.42,23.64,1
8168,DECODE,998,0,998,876.30,23.74,1
8169,EXTEND,2,83,0,47.00,16.65,1
8170,DECODE,999,0,999,873.96,23.71,1
8171,EXTEND,1,50,0,54.00,16.20,1
8172,DECODE,999,0,999,874.45,23.37,1
8173,EXTEND,1,112,0,117.00,15.87,1
8174,DECODE,999,0,999,875.24,23.57,1
8175,EXTEND,1,128,0,136.00,16.42,1
8176,DECODE,1000,0,1000,875.50,23.43,1
8177,DECODE,1000,0,1000,876.50,23.75,1
8178,DECODE,999,0,999,877.05,23.66,1
8179,EXTEND,1,84,0,89.00,18.45,1
8180,EXTEND,1,39,0,46.00,18.71,1
8181,EXTEND,1,108,0,116.00,18.22,1
8182,DECODE,1000,0,1000,876.48,23.75,1
8183,DECODE,1000,0,1000,877.48,23.66,1
8184,DECODE,999,0,999,878.91,24.03,1
8185,EXTEND,1,72,0,82.00,16.97,1
8186,EXTEND,2,142,0,80.50,15.74,1
8187,DECODE,1000,0,1000,878.19,25.90,1
8188,DECODE,1000,0,1000,879.19,23.76,1
8189,DECODE,999,0,999,878.94,24.07,1
8190,EXTEND,1,76,0,84.00,16.16,1
8191,DECODE,999,0,999,877.46,23.66,1
8192,EXTEND,1,67,0,72.00,16.22,1
8193,DECODE,998,0,998,878.64,23.92,1
8194,EXTEND,2,209,0,136.50,16.43,1
8195,DECODE,1000,0,1000,878.15,23.57,1
8196,DECODE,1000,0,1000,879.15,23.61,1
8197,DECODE,998,0,998,880.15,24.05,1
8198,EXTEND,2,162,0,88.00,16.76,1
8199,EXTEND,3,471,0,163.67,22.68,1
8200,EXTEND,1,88,0,93.00,16.03,1
8201,DECODE,1000,0,1000,876.61,23.53,1
8202,DECODE,1000,0,1000,877.61,23.75,1
8203,DECODE,999,0,999,879.05,24.02,1
8204,EXTEND,1,87,0,95.00,16.41,1
8205,DECODE,1000,0,1000,879.27,23.67,1
8206,DECODE,1000,0,1000,880.27,24.09,1
8207,DECODE,1000,0,1000,881.27,23.86,1
8208,DECODE,999,0,999,882.72,24.37,1
8209,EXTEND,1,70,0,77.00,16.41,1
8210,DECODE,1000,0,1000,882.91,23.56,1
8211,DECODE,1000,0,1000,883.91,23.79,1
8212,DECODE,999,0,999,885.44,24.24,1
8213,EXTEND,1,96,0,101.00,16.76,1
8214,DECODE,999,0,999,886.13,23.90,1
8215,EXTEND,1,88,0,94.00,16.34,1
8216,DECODE,1000,0,1000,886.34,23.74,1
8217,DECODE,1000,0,1000,887.34,23.87,1
8218,DECODE,999,0,999,886.67,24.71,1
8219,EXTEND,1,103,0,109.00,16.30,1
8220,DECODE,999,0,999,885.21,23.96,1
8221,EXTEND,1,62,0,67.00,16.03,1
8222,DECODE,998,0,998,885.59,23.91,1
8223,EXTEND,2,103,0,62.00,16.77,1
8224,DECODE,997,0,997,886.47,23.95,1
8225,EXTEND,3,230,0,84.33,16.65,1
8226,DECODE,999,0,999,885.24,23.80,1
8227,EXTEND,1,41,0,49.00,16.00,1
8228,DECODE,1000,0,1000,885.40,23.52,1
8229,DECODE,1000,0,1000,886.40,23.88,1
8230,DECODE,1000,0,1000,887.40,24.16,1
8231,DECODE,999,0,999,889.02,24.17,1
8232,EXTEND,1,83,0,87.00,17.95,1
8233,EXTEND,1,95,0,100.00,21.56,1
8234,EXTEND,1,84,0,88.00,21.48,1
8235,DECODE,1000,0,1000,886.19,24.45,1
8236,DECODE,1000,0,1000,887.19,23.76,1
8237,DECODE,1000,0,1000,888.19,24.99,1
8238,DECODE,1000,0,1000,889.19,23.96,1
8239,DECODE,996,0,996,886.96,23.92,1
8240,EXTEND,4,221,0,63.00,16.48,1
8241,DECODE,999,0,999,884.97,23.85,1
8242,EXTEND,1,152,0,159.00,16.00,1
8243,DECODE,1000,0,1000,885.25,24.48,1
8244,DECODE,1000,0,1000,886.25,23.91,1
8245,DECODE,999,0,999,887.88,23.99,1
8246,EXTEND,1,74,0,80.00,16.44,1
8247,EXTEND,1,117,0,124.00,16.03,1
8248,DECODE,1000,0,1000,887.40,23.70,1
8249,DECODE,1000,0,1000,888.40,23.72,1
8250,DECODE,996,0,996,889.46,23.97,1
8251,EXTEND,4,349,0,94.25,16.68,1
8252,DECODE,999,0,999,885.60,23.75,1
8253,EXTEND,1,108,0,116.00,15.98,1
8254,DECODE,998,0,998,886.44,24.02,1
8255,EXTEND,2,89,0,59.00,17.56,1
8256,DECODE,998,0,998,884.21,23.88,1
8257,EXTEND,2,117,0,63.50,16.07,1
8258,DECODE,1000,0,1000,883.57,23.68,1
8259,DECODE,1000,0,1000,884.57,23.71,1
8260,DECODE,999,0,999,885.68,24.01,1
8261,EXTEND,1,82,0,88.00,16.04,1
8262,EXTEND,2,156,0,83.00,16.13,1
8263,EXTEND,1,93,0,98.00,16.44,1
8264,DECODE,1000,0,1000,881.96,24.20,1
8265,DECODE,1000,0,1000,882.96,24.10,1
8266,DECODE,1000,0,1000,883.96,23.78,1
8267,DECODE,998,0,998,885.34,24.18,1
8268,EXTEND,2,165,0,93.50,19.75,1
8269,EXTEND,2,163,0,90.50,19.88,1
8270,EXTEND,1,96,0,100.00,15.85,1
8271,DECODE,1000,0,1000,882.95,23.70,1
8272,DECODE,1000,0,1000,883.95,23.85,1
8273,DECODE,998,0,998,885.63,24.11,1
8274,EXTEND,2,158,0,96.00,17.06,1
8275,EXTEND,2,127,0,69.00,16.33,1
8276,DECODE,1000,0,1000,883.79,23.91,1
8277,DECODE,1000,0,1000,884.79,23.66,1
8278,DECODE,1000,0,1000,885.79,23.86,1
8279,DECODE,1000,0,1000,886.79,25.49,1
8280,DECODE,999,0,999,888.18,24.34,1
8281,EXTEND,1,68,0,72.00,16.46,1
8282,EXTEND,2,159,0,89.50,16.09,1
8283,DECODE,1000,0,1000,887.75,23.48,1
8284,DECODE,1000,0,1000,888.75,23.81,1
8285,DECODE,999,0,999,890.14,23.87,1
8286,EXTEND,1,65,0,81.00,17.93,1
8287,EXTEND,2,296,0,157.00,16.22,1
8288,EXTEND,2,107,0,61.00,15.92,1
8289,DECODE,1000,0,1000,887.25,23.54,1
8290,DECODE,1000,0,1000,888.25,23.56,1
8291,DECODE,1000,0,1000,889.25,23.80,1
8292,DECODE,998,0,998,890.82,23.98,1
8293,EXTEND,2,261,0,141.00,16.37,1
8294,EXTEND,2,115,0,63.00,19.49,1
8295,EXTEND,1,77,0,87.00,16.44,1
8296,DECODE,1000,0,1000,889.22,24.12,1
8297,DECODE,1000,0,1000,890.22,23.97,1
8298,DECODE,999,0,999,891.65,24.95,1
8299,EXTEND,1,49,0,55.00,27.01,1
8300,EXTEND,1,164,0,167.00,29.92,1
8301,DECODE,1000,0,1000,891.52,33.27,1
8302,DECODE,1000,0,1000,892.52,24.23,1
8303,DECODE,999,0,999,892.58,24.69,1
8304,EXTEND,1,159,0,164.00,16.43,1
8305,DECODE,999,0,999,892.95,25.05,1
8306,EXTEND,1,71,0,75.00,17.60,1
8307,DECODE,999,0,999,893.14,24.19,1
8308,EXTEND,1,95,0,99.00,16.45,1
8309,DECODE,999,0,999,891.77,25.31,1
8310,EXTEND,1,51,0,62.00,17.83,1
8311,DECODE,999,0,999,892.43,24.80,1
8312,EXTEND,1,60,0,77.00,16.16,1
8313,DECODE,998,0,998,893.68,24.12,1
8314,EXTEND,2,168,0,104.00,16.52,1
8315,DECODE,998,0,998,892.38,24.80,1
8316,EXTEND,2,165,0,89.50,16.18,1
8317,DECODE,998,0,998,892.64,23.83,1
8318,EXTEND,2,197,0,103.50,16.30,1
8319,DECODE,996,0,996,889.70,23.66,1
8320,EXTEND,4,276,0,82.75,16.46,1
8321,DECODE,999,0,999,887.45,23.74,1
8322,EXTEND,1,69,0,75.00,16.25,1
8323,DECODE,999,0,999,887.44,23.93,1
8324,EXTEND,1,94,0,99.00,16.16,1
8325,DECODE,1000,0,1000,887.65,23.59,1
8326,DECODE,1000,0,1000,888.65,23.66,1
8327,DECODE,1000,0,1000,889.65,23.91,1
8328,DECODE,999,0,999,891.24,24.17,1
8329,EXTEND,1,81,0,91.00,16.30,1
8330,EXTEND,1,67,0,81.00,15.83,1
8331,EXTEND,1,66,0,79.00,15.67,1
8332,DECODE,1000,0,1000,887.49,24.44,1
8333,DECODE,1000,0,1000,888.49,23.90,1
8334,DECODE,999,0,999,890.06,24.20,1
8335,EXTEND,1,68,0,80.00,16.87,1
8336,EXTEND,3,218,0,86.33,19.05,1
8337,EXTEND,1,61,0,75.00,16.07,1
8338,DECODE,1000,0,1000,884.21,23.76,1
8339,DECODE,1000,0,1000,885.21,23.78,1
8340,DECODE,1000,0,1000,886.21,26.59,1
8341,DECODE,1000,0,1000,887.21,23.82,1
8342,DECODE,1000,0,1000,888.21,23.78,1
8343,DECODE,999,0,999,888.61,24.24,1
8344,EXTEND,1,55,0,59.00,18.92,1
8345,DECODE,999,0,999,889.14,24.37,1
8346,EXTEND,1,67,0,74.00,16.94,1
8347,DECODE,1000,0,1000,889.33,23.79,1
8348,DECODE,1000,0,1000,890.33,26.94,1
8349,DECODE,1000,0,1000,891.33,24.97,1
8350,DECODE,999,0,999,892.62,24.50,1
8351,EXTEND,1,32,0,70.00,16.71,1
8352,EXTEND,2,108,0,63.50,15.95,1
8353,EXTEND,1,75,0,80.00,15.77,1
8354,DECODE,1000,0,1000,888.73,25.23,1
8355,DECODE,1000,0,1000,889.73,23.87,1
8356,DECODE,999,0,999,890.10,24.07,1
8357,EXTEND,1,60,0,72.00,16.19,1
8358,DECODE,997,0,997,887.36,24.08,1
8359,EXTEND,3,263,0,95.00,16.11,1
8360,DECODE,1000,0,1000,885.99,23.38,1
8361,DECODE,1000,0,1000,886.99,23.40,1
8362,DECODE,1000,0,1000,887.99,23.55,1
8363,DECODE,1000,0,1000,888.99,23.83,1
8364,DECODE,998,0,998,890.82,24.43,1
8365,EXTEND,2,111,0,62.00,20.31,1
8366,EXTEND,3,482,0,172.00,21.70,1
8367,EXTEND,2,131,0,73.50,15.86,1
8368,DECODE,1000,0,1000,885.87,23.49,1
8369,DECODE,1000,0,1000,886.87,23.88,1
8370,DECODE,999,0,999,888.39,24.42,1
8371,EXTEND,1,165,0,171.00,17.83,1
8372,EXTEND,1,70,0,79.00,16.36,1
8373,DECODE,1000,0,1000,886.20,23.86,1
8374,DECODE,1000,0,1000,887.20,23.75,1
8375,DECODE,999,0,999,887.68,24.22,1
8376,EXTEND,1,66,0,78.00,16.58,1
8377,EXTEND,2,156,0,87.00,16.42,1
8378,EXTEND,4,326,0,88.50,17.97,1
8379,DECODE,1000,0,1000,879.87,23.65,1
8380,DECODE,1000,0,1000,880.87,23.70,1
8381,DECODE,999,0,999,882.33,23.81,1
8382,EXTEND,1,86,0,91.00,16.48,1
8383,DECODE,999,0,999,882.27,23.73,1
8384,EXTEND,1,66,0,73.00,16.13,1
8385,DECODE,1000,0,1000,882.46,23.56,1
8386,DECODE,1000,0,1000,883.46,25.61,1
8387,DECODE,1000,0,1000,884.46,23.76,1
8388,DECODE,1000,0,1000,885.46,23.79,1
8389,DECODE,1000,0,1000,886.46,23.76,1
8390,DECODE,997,0,997,888.84,24.19,1
8391,EXTEND,3,290,0,102.33,19.88,1
8392,DECODE,996,0,996,888.83,24.11,1
8393,EXTEND,4,335,0,90.25,23.67,1
8394,DECODE,1000,0,1000,886.63,23.42,1
8395,DECODE,1000,0,1000,887.63,23.72,1
8396,DECODE,999,0,999,886.96,23.76,1
8397,EXTEND,1,52,0,57.00,16.47,1
8398,EXTEND,1,57,0,74.00,16.06,1
8399,EXTEND,2,117,0,68.00,16.09,1
8400,DECODE,1000,0,1000,884.12,23.48,1
8401,DECODE,1000,0,1000,885.12,23.85,1
8402,DECODE,999,0,999,886.25,23.85,1
8403,EXTEND,1,56,0,68.00,16.24,1
8404,EXTEND,2,76,0,46.00,15.74,1
8405,DECODE,1000,0,1000,883.00,23.30,1
8406,DECODE,1000,0,1000,884.00,23.34,1
8407,DECODE,999,0,999,884.81,23.76,1
8408,EXTEND,1,55,0,63.00,16.40,1
8409,EXTEND,2,212,0,114.50,16.41,1
8410,EXTEND,2,287,0,170.50,17.43,1
8411,DECODE,1000,0,1000,880.65,26.08,1
8412,DECODE,1000,0,1000,881.65,24.08,1
8413,DECODE,999,0,999,882.96,23.83,1
8414,EXTEND,1,115,0,119.00,16.45,1
8415,DECODE,998,0,998,883.30,23.78,1
8416,EXTEND,2,174,0,92.00,16.23,1
8417,DECODE,998,0,998,883.41,23.67,1
8418,EXTEND,2,389,0,200.50,23.13,1
8419,DECODE,1000,0,1000,883.04,23.54,1
8420,DECODE,1000,0,1000,884.04,23.68,1
8421,DECODE,999,0,999,885.03,23.70,1
8422,EXTEND,1,101,0,106.00,16.36,1
8423,EXTEND,1,61,0,67.00,16.06,1
8424,EXTEND,1,82,0,92.00,16.05,1
8425,DECODE,1000,0,1000,884.24,23.60,1
8426,DECODE,1000,0,1000,885.24,23.84,1
8427,DECODE,998,0,998,885.13,23.88,1
8428,EXTEND,2,123,0,80.50,16.25,1
8429,DECODE,999,0,999,884.45,23.62,1
8430,EXTEND,1,176,0,184.00,16.46,1
8431,DECODE,1000,0,1000,884.75,23.37,1
8432,DECODE,1000,0,1000,885.75,23.63,1
8433,DECODE,999,0,999,886.79,23.80,1
8434,EXTEND,1,97,0,105.00,16.11,1
8435,DECODE,997,0,997,886.57,23.80,1
8436,EXTEND,3,268,0,101.00,16.36,1
8437,DECODE,998,0,998,885.56,23.77,1
8438,EXTEND,2,105,0,59.00,16.15,1
8439,DECODE,999,0,999,884.73,23.53,1
8440,EXTEND,1,67,0,77.00,16.68,1
8441,DECODE,1000,0,1000,884.92,23.33,1
8442,DECODE,1000,0,1000,885.92,24.84,1
8443,DECODE,1000,0,1000,886.92,24.23,1
8444,DECODE,1000,0,1000,887.92,28.94,1
8445,DECODE,1000,0,1000,888.92,30.84,1
8446,DECODE,1000,0,1000,889.92,31.18,1
8447,DECODE,999,0,999,891.31,31.52,1
8448,EXTEND,1,71,0,82.00,28.25,1
8449,EXTEND,1,69,0,79.00,16.30,1
8450,DECODE,1000,0,1000,889.02,23.92,1
8451,DECODE,1000,0,1000,890.02,23.52,1
8452,DECODE,1000,0,1000,891.02,23.50,1
8453,DECODE,1000,0,1000,892.02,23.47,1
8454,DECODE,999,0,999,893.16,23.94,1
8455,EXTEND,1,84,0,89.00,16.11,1
8456,DECODE,999,0,999,891.68,23.85,1
8457,EXTEND,1,75,0,81.00,16.44,1
8458,DECODE,1000,0,1000,891.87,24.18,1
8459,DECODE,1000,0,1000,892.87,23.79,1
8460,DECODE,1000,0,1000,893.87,24.07,1
8461,DECODE,998,0,998,895.01,24.19,1
8462,EXTEND,2,101,0,62.50,16.67,1
8463,EXTEND,1,93,0,110.00,16.46,1
8464,DECODE,1000,0,1000,893.86,23.73,1
8465,DECODE,1000,0,1000,894.86,23.91,1
8466,DECODE,998,0,998,896.41,24.26,1
8467,EXTEND,2,111,0,63.00,16.80,1
8468,EXTEND,1,55,0,61.00,16.19,1
8469,EXTEND,5,573,0,126.80,22.59,1
8470,DECODE,1000,0,1000,883.78,23.60,1
8471,DECODE,1000,0,1000,884.78,23.75,1
8472,DECODE,999,0,999,884.10,24.03,1
8473,EXTEND,1,56,0,63.00,16.60,1
8474,EXTEND,3,238,0,101.00,16.85,1
8475,EXTEND,3,182,0,66.33,16.19,1
8476,DECODE,1000,0,1000,876.82,23.68,1
8477,DECODE,1000,0,1000,877.82,23.79,1
8478,DECODE,1000,0,1000,878.82,23.76,1
8479,DECODE,1000,0,1000,879.82,23.83,1
8480,DECODE,998,0,998,878.86,24.05,1
8481,EXTEND,2,173,0,93.50,16.79,1
8482,EXTEND,1,98,0,105.00,17.19,1
8483,DECODE,1000,0,1000,876.10,23.77,1
8484,DECODE,1000,0,1000,877.10,23.81,1
8485,DECODE,999,0,999,876.75,23.90,1
8486,EXTEND,1,93,0,99.00,16.79,1
8487,EXTEND,2,125,0,68.50,16.37,1
8488,EXTEND,1,57,0,66.00,16.48,1
8489,DECODE,1000,0,1000,873.89,23.53,1
8490,DECODE,1000,0,1000,874.89,23.70,1
8491,DECODE,997,0,997,877.51,24.09,1
8492,EXTEND,3,206,0,78.33,16.74,1
8493,EXTEND,1,106,0,119.00,16.68,1
8494,EXTEND,2,229,0,119.00,17.93,1
8495,DECODE,1000,0,1000,874.04,23.95,1
8496,DECODE,1000,0,1000,875.04,23.86,1
8497,DECODE,999,0,999,874.35,24.59,1
8498,EXTEND,1,115,0,125.00,16.94,1
8499,EXTEND,1,72,0,79.00,17.63,1
8500,DECODE,1000,0,1000,874.18,23.21,1
8501,DECODE,1000,0,1000,875.18,23.57,1
8502,DECODE,1000,0,1000,876.18,23.93,1
8503,DECODE,997,0,997,876.89,24.12,1
8504,EXTEND,3,164,0,60.00,17.21,1
8505,DECODE,998,0,998,874.25,23.71,1
8506,EXTEND,2,116,0,64.00,16.13,1
8507,DECODE,1000,0,1000,873.62,23.67,1
8508,DECODE,1000,0,1000,874.62,23.26,1
8509,DECODE,999,0,999,874.59,23.58,1
8510,EXTEND,1,42,0,51.00,17.14,1
8511,EXTEND,2,208,0,108.50,16.03,1
8512,DECODE,1000,0,1000,873.76,23.30,1
8513,DECODE,1000,0,1000,874.76,23.50,1
8514,DECODE,997,0,997,874.40,23.69,1
8515,EXTEND,3,284,0,110.67,17.76,1
8516,EXTEND,1,42,0,48.00,16.91,1
8517,EXTEND,1,78,0,94.00,17.35,1
8518,DECODE,1000,0,1000,868.86,23.21,1
8519,DECODE,1000,0,1000,869.86,23.59,1
8520,DECODE,999,0,999,869.16,24.05,1
8521,EXTEND,1,153,0,157.00,16.36,1
8522,DECODE,998,0,998,869.03,23.69,1
8523,EXTEND,2,271,0,143.00,16.29,1
8524,DECODE,1000,0,1000,868.58,23.21,1
8525,DECODE,1000,0,1000,869.58,23.59,1
8526,DECODE,999,0,999,868.89,23.56,1
8527,EXTEND,1,68,0,76.00,16.13,1
8528,DECODE,1000,0,1000,869.10,23.18,1
8529,DECODE,1000,0,1000,870.10,23.27,1
8530,DECODE,999,0,999,869.69,23.77,1
8531,EXTEND,1,58,0,66.00,16.43,1
8532,DECODE,999,0,999,869.08,23.35,1
8533,EXTEND,1,47,0,55.00,16.12,1
8534,DECODE,998,0,998,869.88,23.99,1
8535,EXTEND,2,217,0,122.50,16.44,1
8536,DECODE,1000,0,1000,869.39,23.22,1
8537,DECODE,1000,0,1000,870.39,23.25,1
8538,DECODE,999,0,999,870.14,23.57,1
8539,EXTEND,1,85,0,101.00,16.39,1
8540,DECODE,1000,0,1000,870.37,24.70,1
8541,DECODE,1000,0,1000,871.37,23.52,1
8542,DECODE,998,0,998,872.49,24.18,1
8543,EXTEND,2,204,0,113.50,17.60,1
8544,EXTEND,1,30,0,36.00,16.36,1
8545,DECODE,1000,0,1000,870.89,23.50,1
8546,DECODE,1000,0,1000,871.89,23.71,1
8547,DECODE,999,0,999,871.20,23.97,1
8548,EXTEND,1,40,0,45.00,16.74,1
8549,DECODE,1000,0,1000,871.37,23.52,1
8550,DECODE,1000,0,1000,872.37,25.54,1
8551,DECODE,1000,0,1000,873.37,23.83,1
8552,DECODE,999,0,999,874.73,24.72,1
8553,EXTEND,1,265,0,269.00,17.28,1
8554,EXTEND,2,128,0,72.00,16.37,1
8555,DECODE,1000,0,1000,870.15,23.29,1
8556,DECODE,1000,0,1000,871.15,23.97,1
8557,DECODE,998,0,998,872.97,24.15,1
8558,EXTEND,2,97,0,55.00,16.79,1
8559,DECODE,1000,0,1000,872.34,23.61,1
8560,DECODE,1000,0,1000,873.34,23.73,1
8561,DECODE,1000,0,1000,874.34,23.86,1
8562,DECODE,1000,0,1000,875.34,23.61,1
8563,DECODE,1000,0,1000,876.34,23.56,1
8564,DECODE,999,0,999,877.26,23.81,1
8565,EXTEND,1,70,0,83.00,16.55,1
8566,DECODE,999,0,999,877.98,23.80,1
8567,EXTEND,1,51,0,61.00,16.44,1
8568,DECODE,1000,0,1000,878.16,23.34,1
8569,DECODE,1000,0,1000,879.16,23.46,1
8570,DECODE,999,0,999,880.65,23.70,1
8571,EXTEND,1,47,0,57.00,16.72,1
8572,DECODE,997,0,997,879.38,23.63,1
8573,EXTEND,3,314,0,112.33,17.00,1
8574,DECODE,999,0,999,876.55,23.52,1
8575,EXTEND,1,76,0,81.00,16.12,1
8576,DECODE,999,0,999,876.62,24.05,1
8577,EXTEND,1,124,0,131.00,16.36,1
8578,DECODE,1000,0,1000,876.88,23.28,1
8579,DECODE,1000,0,1000,877.88,23.41,1
8580,DECODE,1000,0,1000,878.88,23.44,1
8581,DECODE,1000,0,1000,879.88,23.45,1
8582,DECODE,999,0,999,880.78,23.56,1
8583,EXTEND,1,80,0,94.00,16.37,1
8584,DECODE,999,0,999,880.53,24.00,1
8585,EXTEND,1,56,0,65.00,16.55,1
8586,DECODE,1000,0,1000,880.72,23.36,1
8587,DECODE,1000,0,1000,881.72,23.56,1
8588,DECODE,998,0,998,883.38,23.92,1
8589,EXTEND,2,172,0,90.50,16.40,1
8590,DECODE,998,0,998,881.73,24.27,1
8591,DECODE,998,0,998,882.73,24.91,1
8592,EXTEND,2,138,0,82.50,17.82,1
8593,EXTEND,1,100,0,111.00,16.68,1
8594,EXTEND,2,131,0,74.00,16.57,1
8595,DECODE,1000,0,1000,879.23,23.43,1
8596,DECODE,1000,0,1000,880.23,23.44,1
8597,DECODE,999,0,999,881.33,23.97,1
8598,EXTEND,1,101,0,108.00,19.43,1
8599,EXTEND,1,80,0,93.00,17.22,1
8600,EXTEND,1,60,0,69.00,16.68,1
8601,DECODE,1000,0,1000,879.77,23.38,1
8602,DECODE,1000,0,1000,880.77,23.36,1
8603,DECODE,1000,0,1000,881.77,23.64,1
8604,DECODE,997,0,997,880.04,23.59,1
8605,EXTEND,3,188,0,76.33,16.45,1
8606,DECODE,999,0,999,876.94,23.43,1
8607,EXTEND,1,107,0,112.00,16.38,1
8608,DECODE,999,0,999,877.07,23.43,1
8609,EXTEND,1,45,0,49.00,16.31,1
8610,DECODE,1000,0,1000,877.24,23.31,1
8611,DECODE,1000,0,1000,878.24,23.26,1
8612,DECODE,999,0,999,879.54,23.69,1
8613,EXTEND,1,253,0,260.00,16.85,1
8614,DECODE,1000,0,1000,879.92,23.39,1
8615,DECODE,1000,0,1000,880.92,23.47,1
8616,DECODE,998,0,998,881.61,23.77,1
8617,EXTEND,2,144,0,83.00,16.77,1
8618,EXTEND,1,60,0,67.00,16.58,1
8619,DECODE,1000,0,1000,879.09,23.39,1
8620,DECODE,1000,0,1000,880.09,24.01,1
8621,DECODE,999,0,999,880.49,23.63,1
8622,EXTEND,1,111,0,131.00,18.06,1
8623,DECODE,1000,0,1000,880.75,23.55,1
8624,DECODE,1000,0,1000,881.75,23.54,1
8625,DECODE,998,0,998,880.70,23.66,1
8626,EXTEND,2,171,0,96.50,16.96,1
8627,DECODE,1000,0,1000,880.13,23.43,1
8628,DECODE,1000,0,1000,881.13,23.53,1
8629,DECODE,999,0,999,881.37,24.13,1
8630,EXTEND,1,80,0,85.00,16.63,1
8631,DECODE,1000,0,1000,881.57,23.43,1
8632,DECODE,1000,0,1000,882.57,23.87,1
8633,DECODE,1000,0,1000,883.57,23.67,1
8634,DECODE,998,0,998,884.89,24.17,1
8635,EXTEND,2,163,0,96.00,17.99,1
8636,DECODE,1000,0,1000,884.31,24.28,1
8637,DECODE,1000,0,1000,885.31,23.88,1
8638,DECODE,999,0,999,886.11,23.98,1
8639,EXTEND,1,120,0,146.00,17.24,1
8640,EXTEND,3,346,0,122.33,16.67,1
8641,EXTEND,1,120,0,126.00,16.98,1
8642,DECODE,1000,0,1000,881.37,23.63,1
8643,DECODE,1000,0,1000,882.37,23.56,1
8644,DECODE,999,0,999,882.96,24.14,1
8645,EXTEND,1,53,0,60.00,16.87,1
8646,DECODE,999,0,999,883.35,23.55,1
8647,EXTEND,1,100,0,110.00,16.73,1
8648,DECODE,1000,0,1000,883.58,23.69,1
8649,DECODE,1000,0,1000,884.58,23.84,1
8650,DECODE,998,0,998,882.77,24.10,1
8651,EXTEND,2,101,0,69.00,16.67,1
8652,EXTEND,3,243,0,96.33,16.90,1
8653,EXTEND,1,74,0,91.00,16.55,1
8654,DECODE,1000,0,1000,875.04,23.40,1
8655,DECODE,1000,0,1000,876.04,23.67,1
8656,DECODE,999,0,999,875.36,23.96,1
8657,EXTEND,1,57,0,64.00,16.41,1
8658,DECODE,998,0,998,876.08,23.79,1
8659,EXTEND,2,189,0,99.50,16.54,1
8660,DECODE,999,0,999,875.63,23.70,1
8661,EXTEND,1,87,0,93.00,16.51,1
8662,DECODE,1000,0,1000,875.85,23.32,1
8663,DECODE,1000,0,1000,876.85,23.34,1
8664,DECODE,1000,0,1000,877.85,23.32,1
8665,DECODE,999,0,999,879.39,23.57,1
8666,EXTEND,1,54,0,62.00,16.26,1
8667,EXTEND,1,75,0,80.00,15.87,1
8668,DECODE,1000,0,1000,879.00,23.37,1
8669,DECODE,1000,0,1000,880.00,23.80,1
8670,DECODE,999,0,999,881.39,23.87,1
8671,EXTEND,1,87,0,93.00,16.21,1
8672,EXTEND,2,184,0,100.50,19.22,1
8673,EXTEND,3,215,0,78.33,16.93,1
8674,DECODE,1000,0,1000,876.85,23.64,1
8675,DECODE,1000,0,1000,877.85,23.56,1
8676,DECODE,1000,0,1000,878.85,23.36,1
8677,DECODE,1000,0,1000,879.85,23.55,1
8678,DECODE,1000,0,1000,880.85,23.59,1
8679,DECODE,999,0,999,880.42,24.04,1
8680,EXTEND,1,44,0,61.00,17.37,1
8681,EXTEND,3,227,0,84.33,17.79,1
8682,EXTEND,1,121,0,130.00,17.82,1
8683,DECODE,1000,0,1000,875.51,23.34,1
8684,DECODE,1000,0,1000,876.51,23.68,1
8685,DECODE,1000,0,1000,877.51,23.64,1
8686,DECODE,1000,0,1000,878.51,23.82,1
8687,DECODE,1000,0,1000,879.51,23.74,1
8688,DECODE,999,0,999,880.61,23.97,1
8689,EXTEND,1,37,0,48.00,17.16,1
8690,EXTEND,3,235,0,87.00,16.94,1
8691,DECODE,1000,0,1000,878.68,23.51,1
8692,DECODE,1000,0,1000,879.68,23.63,1
8693,DECODE,1000,0,1000,880.68,23.70,1
8694,DECODE,1000,0,1000,881.68,23.73,1
8695,DECODE,999,0,999,882.52,23.70,1
8696,EXTEND,1,58,0,63.00,16.41,1
8697,DECODE,998,0,998,881.48,23.70,1
8698,EXTEND,2,143,0,76.50,17.63,1
8699,DECODE,1000,0,1000,880.87,23.49,1
8700,DECODE,1000,0,1000,881.87,23.41,1
8701,DECODE,997,0,997,883.23,23.61,1
8702,EXTEND,3,216,0,79.33,16.46,1
8703,EXTEND,1,51,0,57.00,16.41,1
8704,DECODE,1000,0,1000,880.36,23.31,1
8705,DECODE,1000,0,1000,881.36,23.32,1
8706,DECODE,1000,0,1000,882.36,23.46,1
8707,DECODE,999,0,999,883.64,23.59,1
8708,EXTEND,1,60,0,69.00,17.08,1
8709,DECODE,999,0,999,884.16,23.79,1
8710,EXTEND,1,43,0,50.00,16.49,1
8711,DECODE,999,0,999,883.97,23.87,1
8712,EXTEND,1,41,0,46.00,16.81,1
8713,DECODE,999,0,999,882.67,23.58,1
8714,EXTEND,1,40,0,45.00,16.96,1
8715,DECODE,999,0,999,883.05,23.57,1
8716,EXTEND,1,128,0,136.00,16.99,1
8717,DECODE,1000,0,1000,883.30,23.41,1
8718,DECODE,1000,0,1000,884.30,23.45,1
8719,DECODE,999,0,999,885.44,23.67,1
8720,EXTEND,1,116,0,124.00,17.41,1
8721,DECODE,1000,0,1000,885.67,23.49,1
8722,DECODE,1000,0,1000,886.67,23.60,1
8723,DECODE,999,0,999,886.00,23.64,1
8724,EXTEND,1,78,0,86.00,16.93,1
8725,DECODE,999,0,999,886.60,23.70,1
8726,EXTEND,1,40,0,49.00,16.94,1
8727,DECODE,999,0,999,885.57,23.68,1
8728,EXTEND,1,136,0,140.00,16.89,1
8729,DECODE,997,0,997,884.44,23.73,1
8730,EXTEND,3,157,0,67.67,16.55,1
8731,DECODE,997,0,997,883.27,23.62,1
8732,EXTEND,3,208,0,81.00,16.80,1
8733,DECODE,1000,0,1000,881.86,23.36,1
8734,DECODE,1000,0,1000,882.86,23.52,1
8735,DECODE,999,0,999,883.99,23.60,1
8736,EXTEND,1,42,0,50.00,16.44,1
8737,EXTEND,2,160,0,94.00,16.71,1
8738,DECODE,1000,0,1000,883.20,23.42,1
8739,DECODE,1000,0,1000,884.20,23.46,1
8740,DECODE,1000,0,1000,885.20,24.00,1
8741,DECODE,1000,0,1000,886.20,24.04,1
8742,DECODE,998,0,998,885.96,23.92,1
8743,EXTEND,2,173,0,94.50,16.70,1
8744,EXTEND,1,99,0,116.00,16.52,1
8745,DECODE,1000,0,1000,884.48,23.68,1
8746,DECODE,1000,0,1000,885.48,23.84,1
8747,DECODE,1000,0,1000,886.48,23.86,1
8748,DECODE,1000,0,1000,887.48,23.77,1
8749,DECODE,999,0,999,888.74,24.06,1
8750,EXTEND,1,93,0,102.00,16.73,1
8751,DECODE,999,0,999,889.12,23.64,1
8752,EXTEND,1,121,0,128.00,16.93,1
8753,DECODE,1000,0,1000,889.36,23.43,1
8754,DECODE,1000,0,1000,890.36,23.81,1
8755,DECODE,999,0,999,891.20,24.27,1
8756,EXTEND,1,44,0,56.00,16.95,1
8757,EXTEND,1,122,0,143.00,16.54,1
8758,EXTEND,2,132,0,78.00,16.32,1
8759,DECODE,1000,0,1000,888.40,23.65,1
8760,DECODE,1000,0,1000,889.40,23.65,1
8761,DECODE,1000,0,1000,890.40,23.83,1
8762,DECODE,999,0,999,891.61,24.26,1
8763,EXTEND,1,46,0,54.00,17.13,1
8764,DECODE,1000,0,1000,891.77,23.63,1
8765,DECODE,1000,0,1000,892.77,23.91,1
8766,DECODE,999,0,999,893.52,23.95,1
8767,EXTEND,1,73,0,77.00,16.94,1
8768,EXTEND,1,69,0,77.00,16.27,1
8769,EXTEND,1,64,0,86.00,16.75,1
8770,DECODE,1000,0,1000,890.98,23.65,1
8771,DECODE,1000,0,1000,891.98,23.72,1
8772,DECODE,1000,0,1000,892.98,23.71,1
8773,DECODE,999,0,999,892.31,24.00,1
8774,EXTEND,1,38,0,44.00,17.15,1
8775,EXTEND,1,109,0,114.00,16.44,1
8776,DECODE,1000,0,1000,891.66,23.57,1
8777,DECODE,1000,0,1000,892.66,23.74,1
8778,DECODE,1000,0,1000,893.66,23.87,1
8779,DECODE,1000,0,1000,894.66,23.88,1
8780,DECODE,1000,0,1000,895.66,23.80,1
8781,DECODE,999,0,999,896.73,24.27,1
8782,EXTEND,1,100,0,118.00,18.09,1
8783,EXTEND,1,89,0,96.00,16.29,1
8784,DECODE,1000,0,1000,894.49,23.66,1
8785,DECODE,1000,0,1000,895.49,23.75,1
8786,DECODE,998,0,998,897.64,24.22,1
8787,EXTEND,2,283,0,147.00,20.48,1
8788,EXTEND,1,51,0,70.00,19.85,1
8789,EXTEND,1,41,0,52.00,19.96,1
8790,DECODE,1000,0,1000,892.14,23.81,1
8791,DECODE,1000,0,1000,893.14,23.78,1
8792,DECODE,999,0,999,894.23,24.25,1
8793,EXTEND,1,59,0,66.00,18.52,1
8794,DECODE,1000,0,1000,894.40,23.58,1
8795,DECODE,1000,0,1000,895.40,23.57,1
8796,DECODE,999,0,999,897.05,24.01,1
8797,EXTEND,1,95,0,103.00,16.59,1
8798,DECODE,1000,0,1000,897.26,24.11,1
8799,DECODE,1000,0,1000,898.26,23.84,1
8800,DECODE,1000,0,1000,899.26,24.35,1
8801,DECODE,1000,0,1000,900.26,24.66,1
8802,DECODE,999,0,999,901.81,24.22,1
8803,EXTEND,1,63,0,78.00,16.65,1
8804,DECODE,1000,0,1000,901.99,23.77,1
8805,DECODE,1000,0,1000,902.99,23.90,1
8806,DECODE,1000,0,1000,903.99,23.94,1
8807,DECODE,1000,0,1000,904.99,24.12,1
8808,DECODE,999,0,999,905.59,24.15,1
8809,EXTEND,1,140,0,151.00,16.38,1
8810,EXTEND,1,112,0,116.00,15.91,1
8811,DECODE,1000,0,1000,905.30,23.75,1
8812,DECODE,1000,0,1000,906.30,24.01,1
8813,DECODE,1000,0,1000,907.30,24.18,1
8814,DECODE,999,0,999,908.46,24.38,1
8815,EXTEND,1,48,0,59.00,16.54,1
8816,EXTEND,1,123,0,130.00,16.18,1
8817,DECODE,1000,0,1000,907.40,23.78,1
8818,DECODE,1000,0,1000,908.40,23.91,1
8819,DECODE,1000,0,1000,909.40,24.26,1
8820,DECODE,1000,0,1000,910.40,24.06,1
8821,DECODE,1000,0,1000,911.40,23.98,1
8822,DECODE,1000,0,1000,912.40,23.80,1
8823,DECODE,999,0,999,912.52,24.09,1
8824,EXTEND,1,73,0,81.00,16.49,1
8825,EXTEND,1,54,0,61.00,16.10,1
8826,DECODE,1000,0,1000,911.03,23.72,1
8827,DECODE,1000,0,1000,912.03,23.95,1
8828,DECODE,1000,0,1000,913.03,24.02,1
8829,DECODE,999,0,999,912.42,24.45,1
8830,EXTEND,1,39,0,45.00,16.36,1
8831,EXTEND,2,124,0,70.00,16.16,1
8832,DECODE,1000,0,1000,909.40,23.75,1
8833,DECODE,1000,0,1000,910.40,23.57,1
8834,DECODE,999,0,999,911.84,23.96,1
8835,EXTEND,1,71,0,76.00,16.79,1
8836,EXTEND,2,143,0,79.00,16.15,1
8837,DECODE,1000,0,1000,910.64,23.51,1
8838,DECODE,1000,0,1000,911.64,24.00,1
8839,DECODE,999,0,999,912.70,24.14,1
8840,EXTEND,1,101,0,106.00,16.65,1
8841,EXTEND,1,149,0,158.00,16.43,1
8842,EXTEND,1,107,0,122.00,16.09,1
8843,DECODE,1000,0,1000,911.85,23.68,1
8844,DECODE,1000,0,1000,912.85,23.59,1
8845,DECODE,998,0,998,914.61,23.94,1
8846,EXTEND,2,112,0,64.50,17.08,1
8847,DECODE,999,0,999,913.50,24.08,1
8848,EXTEND,1,58,0,63.00,16.74,1
8849,DECODE,997,0,997,912.39,23.74,1
8850,EXTEND,3,213,0,79.00,16.94,1
8851,DECODE,1000,0,1000,910.89,23.62,1
8852,DECODE,1000,0,1000,911.89,23.79,1
8853,DECODE,1000,0,1000,912.89,25.53,1
8854,DECODE,1000,0,1000,913.89,25.11,1
8855,DECODE,999,0,999,915.19,23.96,1
8856,EXTEND,1,37,0,95.00,18.56,1
8857,DECODE,1000,0,1000,915.37,23.45,1
8858,DECODE,1000,0,1000,916.37,23.57,1
8859,DECODE,999,0,999,916.26,23.85,1
8860,EXTEND,1,51,0,61.00,16.64,1
8861,DECODE,999,0,999,915.49,23.86,1
8862,EXTEND,1,52,0,57.00,16.28,1
8863,DECODE,999,0,999,913.98,23.66,1
8864,EXTEND,1,60,0,65.00,16.30,1
8865,DECODE,1000,0,1000,914.13,23.53,1
8866,DECODE,1000,0,1000,915.13,23.66,1
8867,DECODE,999,0,999,916.22,23.87,1
8868,EXTEND,1,52,0,61.00,16.63,1
8869,DECODE,1000,0,1000,916.37,23.59,1
8870,DECODE,1000,0,1000,917.37,23.82,1
8871,DECODE,998,0,998,916.39,23.93,1
8872,EXTEND,2,219,0,123.50,16.57,1
8873,EXTEND,1,62,0,69.00,16.26,1
8874,EXTEND,1,70,0,74.00,16.15,1
8875,DECODE,1000,0,1000,912.92,23.51,1
8876,DECODE,1000,0,1000,913.92,23.95,1
8877,DECODE,999,0,999,913.27,23.79,1
8878,EXTEND,1,95,0,100.00,17.16,1
8879,EXTEND,1,110,0,123.00,16.64,1
8880,DECODE,1000,0,1000,913.10,23.54,1
8881,DECODE,1000,0,1000,914.10,23.75,1
8882,DECODE,1000,0,1000,915.10,23.89,1
8883,DECODE,999,0,999,916.35,24.01,1
8884,EXTEND,1,68,0,76.00,29.37,1
8885,EXTEND,1,145,0,150.00,18.60,1
8886,EXTEND,1,39,0,51.00,16.20,1
8887,DECODE,1000,0,1000,911.78,23.71,1
8888,DECODE,1000,0,1000,912.78,23.57,1
8889,DECODE,1000,0,1000,913.78,23.83,1
8890,DECODE,998,0,998,915.46,23.86,1
8891,EXTEND,2,129,0,73.00,17.12,1
8892,DECODE,1000,0,1000,914.78,23.63,1
8893,DECODE,1000,0,1000,915.78,23.83,1
8894,DECODE,997,0,997,913.78,24.04,1
8895,EXTEND,3,314,0,125.33,16.84,1
8896,DECODE,999,0,999,912.51,23.76,1
8897,EXTEND,1,50,0,55.00,16.00,1
8898,DECODE,1000,0,1000,912.65,23.62,1
8899,DECODE,1000,0,1000,913.65,23.57,1
8900,DECODE,998,0,998,914.14,24.20,1
8901,EXTEND,2,110,0,61.00,16.99,1
8902,DECODE,999,0,999,911.79,24.01,1
8903,EXTEND,1,46,0,58.00,16.24,1
8904,DECODE,1000,0,1000,911.94,23.60,1
8905,DECODE,1000,0,1000,912.94,23.76,1
8906,DECODE,1000,0,1000,913.94,23.67,1
8907,DECODE,1000,0,1000,914.94,26.04,1
8908,DECODE,999,0,999,914.29,24.23,1
8909,EXTEND,1,56,0,63.00,16.93,1
8910,EXTEND,1,126,0,160.00,16.28,1
8911,EXTEND,1,109,0,113.00,16.25,1
8912,DECODE,1000,0,1000,910.51,23.52,1
8913,DECODE,1000,0,1000,911.51,23.67,1
8914,DECODE,1000,0,1000,912.51,23.97,1
8915,DECODE,999,0,999,913.67,24.17,1
8916,EXTEND,1,145,0,149.00,16.83,1
8917,DECODE,1000,0,1000,913.90,24.03,1
8918,DECODE,1000,0,1000,914.90,24.18,1
8919,DECODE,999,0,999,914.26,24.37,1
8920,EXTEND,1,49,0,58.00,16.85,1
8921,DECODE,1000,0,1000,914.40,23.78,1
8922,DECODE,1000,0,1000,915.40,23.80,1
8923,DECODE,1000,0,1000,916.40,23.95,1
8924,DECODE,1000,0,1000,917.40,23.97,1
8925,DECODE,1000,0,1000,918.40,24.23,1
8926,DECODE,1000,0,1000,919.40,24.20,1
8927,DECODE,1000,0,1000,920.40,26.14,1
8928,DECODE,999,0,999,921.59,24.64,1
8929,EXTEND,1,31,0,43.00,16.58,1
8930,EXTEND,1,84,0,92.00,16.41,1
8931,EXTEND,1,69,0,74.00,16.40,1
8932,DECODE,1000,0,1000,919.49,23.64,1
8933,DECODE,1000,0,1000,920.49,24.19,1
8934,DECODE,999,0,999,922.12,24.17,1
8935,EXTEND,1,100,0,121.00,16.52,1
8936,DECODE,1000,0,1000,922.32,23.81,1
8937,DECODE,1000,0,1000,923.32,23.97,1
8938,DECODE,1000,0,1000,924.32,24.16,1
8939,DECODE,998,0,998,924.39,24.47,1
8940,EXTEND,2,261,0,139.50,17.01,1
8941,EXTEND,1,135,0,169.00,16.94,1
8942,EXTEND,2,116,0,66.00,21.26,1
8943,DECODE,1000,0,1000,918.75,23.80,1
8944,DECODE,1000,0,1000,919.75,23.89,1
8945,DECODE,1000,0,1000,920.75,23.93,1
8946,DECODE,1000,0,1000,921.75,26.33,1
8947,DECODE,1000,0,1000,922.75,24.18,1
8948,DECODE,999,0,999,923.40,24.89,1
8949,EXTEND,1,140,0,145.00,16.42,1
8950,EXTEND,1,68,0,77.00,16.20,1
8951,DECODE,1000,0,1000,921.14,23.86,1
8952,DECODE,1000,0,1000,922.14,26.95,1
8953,DECODE,999,0,999,921.50,24.70,1
8954,EXTEND,1,146,0,151.00,17.81,1
8955,DECODE,998,0,998,922.22,24.59,1
8956,EXTEND,2,411,0,224.50,17.25,1
8957,DECODE,1000,0,1000,921.82,24.14,1
8958,DECODE,1000,0,1000,922.82,24.52,1
8959,DECODE,999,0,999,922.19,24.85,1
8960,EXTEND,1,198,0,203.00,17.02,1
8961,DECODE,1000,0,1000,922.47,24.14,1
8962,DECODE,1000,0,1000,923.47,24.72,1
8963,DECODE,1000,0,1000,924.47,24.52,1
8964,DECODE,999,0,999,923.83,24.56,1
8965,EXTEND,1,85,0,96.00,16.90,1
8966,DECODE,1000,0,1000,924.00,24.62,1
8967,DECODE,1000,0,1000,925.00,24.28,1
8968,DECODE,1000,0,1000,926.00,24.54,1
8969,DECODE,1000,0,1000,927.00,24.69,1
8970,DECODE,999,0,999,927.51,24.96,1
8971,EXTEND,1,59,0,66.00,16.73,1
8972,DECODE,998,0,998,927.50,24.82,1
8973,EXTEND,2,170,0,90.00,16.01,1
8974,DECODE,1000,0,1000,926.82,24.28,1
8975,DECODE,1000,0,1000,927.82,24.24,1
8976,DECODE,1000,0,1000,928.82,24.55,1
8977,DECODE,999,0,999,928.19,25.22,1
8978,EXTEND,1,73,0,82.00,16.58,1
8979,EXTEND,1,92,0,100.00,21.39,1
8980,DECODE,1000,0,1000,925.88,24.05,1
8981,DECODE,1000,0,1000,926.88,24.00,1
8982,DECODE,998,0,998,928.42,24.89,1
8983,EXTEND,2,163,0,89.50,17.37,1
8984,EXTEND,1,109,0,118.00,16.73,1
8985,DECODE,1000,0,1000,925.62,24.14,1
8986,DECODE,1000,0,1000,926.62,24.39,1
8987,DECODE,998,0,998,925.02,24.27,1
8988,EXTEND,2,136,0,84.50,17.21,1
8989,DECODE,1000,0,1000,924.34,24.14,1
8990,DECODE,1000,0,1000,925.34,24.41,1
8991,DECODE,1000,0,1000,926.34,24.83,1
8992,DECODE,1000,0,1000,927.34,24.23,1
8993,DECODE,999,0,999,928.45,24.25,1
8994,EXTEND,1,139,0,144.00,16.98,1
8995,EXTEND,1,80,0,113.00,16.14,1
8996,EXTEND,1,56,0,61.00,16.19,1
8997,DECODE,1000,0,1000,926.78,24.00,1
8998,DECODE,1000,0,1000,927.78,24.70,1
8999,DECODE,1000,0,1000,928.78,24.74,1
9000,DECODE,1000,0,1000,929.78,24.52,1
9001,DECODE,999,0,999,931.10,24.53,1
9002,EXTEND,1,152,0,170.00,16.80,1
9003,DECODE,1000,0,1000,931.34,24.18,1
9004,DECODE,1000,0,1000,932.34,24.18,1
9005,DECODE,999,0,999,933.79,25.32,1
9006,EXTEND,1,48,0,54.00,17.49,1
9007,EXTEND,1,228,0,234.00,18.13,1
9008,DECODE,1000,0,1000,933.23,24.09,1
9009,DECODE,1000,0,1000,934.23,24.49,1
9010,DECODE,999,0,999,933.60,25.14,1
9011,EXTEND,1,159,0,164.00,16.85,1
9012,EXTEND,3,223,0,83.00,18.48,1
9013,DECODE,1000,0,1000,927.91,24.56,1
9014,DECODE,1000,0,1000,928.91,24.47,1
9015,DECODE,1000,0,1000,929.91,25.37,1
9016,DECODE,1000,0,1000,930.91,24.32,1
9017,DECODE,1000,0,1000,931.91,24.27,1
9018,DECODE,1000,0,1000,932.91,24.45,1
9019,DECODE,999,0,999,932.29,24.18,1
9020,EXTEND,1,57,0,62.00,17.29,1
9021,EXTEND,1,110,0,120.00,16.35,1
9022,DECODE,1000,0,1000,931.67,24.44,1
9023,DECODE,1000,0,1000,932.67,23.99,1
9024,DECODE,999,0,999,933.97,24.88,1
9025,EXTEND,1,234,0,239.00,17.00,1
9026,DECODE,1000,0,1000,934.27,24.54,1
9027,DECODE,1000,0,1000,935.27,24.20,1
9028,DECODE,999,0,999,935.96,24.89,1
9029,EXTEND,1,25,0,33.00,18.55,1
9030,EXTEND,1,105,0,110.00,17.34,1
9031,DECODE,1000,0,1000,934.97,24.22,1
9032,DECODE,1000,0,1000,935.97,24.18,1
9033,DECODE,1000,0,1000,936.97,24.50,1
9034,DECODE,1000,0,1000,937.97,24.34,1
9035,DECODE,1000,0,1000,938.97,26.00,1
9036,DECODE,999,0,999,940.33,24.56,1
9037,EXTEND,1,53,0,197.00,16.74,1
9038,DECODE,1000,0,1000,940.59,24.39,1
9039,DECODE,1000,0,1000,941.59,24.13,1
9040,DECODE,1000,0,1000,942.59,24.46,1
9041,DECODE,1000,0,1000,943.59,24.33,1
9042,DECODE,1000,0,1000,944.59,24.31,1
9043,DECODE,999,0,999,945.93,24.44,1
9044,EXTEND,1,70,0,83.00,16.50,1
9045,DECODE,1000,0,1000,946.07,24.17,1
9046,DECODE,1000,0,1000,947.07,24.20,1
9047,DECODE,1000,0,1000,948.07,24.41,1
9048,DECODE,1000,0,1000,949.07,24.42,1
9049,DECODE,998,0,998,949.22,25.93,1
9050,EXTEND,2,156,0,89.50,17.28,1
9051,EXTEND,1,49,0,59.00,16.53,1
9052,EXTEND,1,117,0,125.00,16.26,1
9053,DECODE,1000,0,1000,943.56,24.09,1
9054,DECODE,1000,0,1000,944.56,24.41,1
9055,DECODE,998,0,998,944.16,24.59,1
9056,EXTEND,2,126,0,68.00,16.85,1
9057,EXTEND,1,297,0,301.00,16.30,1
9058,EXTEND,1,40,0,52.00,16.10,1
9059,DECODE,1000,0,1000,941.30,24.04,1
9060,DECODE,1000,0,1000,942.30,24.27,1
9061,DECODE,1000,0,1000,943.30,24.35,1
9062,DECODE,1000,0,1000,944.30,24.62,1
9063,DECODE,997,0,997,945.88,32.11,1
9064,EXTEND,3,298,0,125.33,20.02,1
9065,EXTEND,1,50,0,58.00,17.66,1
9066,EXTEND,1,124,0,128.00,16.47,1
9067,DECODE,1000,0,1000,941.66,24.02,1
9068,DECODE,1000,0,1000,942.66,24.10,1
9069,DECODE,999,0,999,944.07,24.72,1
9070,EXTEND,1,65,0,71.00,16.86,1
9071,EXTEND,1,63,0,72.00,21.50,1
9072,DECODE,1000,0,1000,943.48,25.39,1
9073,DECODE,1000,0,1000,944.48,24.15,1
9074,DECODE,1000,0,1000,945.48,24.21,1
9075,DECODE,999,0,999,946.16,24.58,1
9076,EXTEND,1,88,0,92.00,17.55,1
9077,EXTEND,3,188,0,70.33,17.06,1
9078,EXTEND,1,55,0,65.00,16.01,1
9079,DECODE,1000,0,1000,939.51,24.10,1
9080,DECODE,1000,0,1000,940.51,24.67,1
9081,DECODE,999,0,999,939.89,24.87,1
9082,EXTEND,1,83,0,89.00,16.61,1
9083,DECODE,1000,0,1000,940.03,25.02,1
9084,DECODE,1000,0,1000,941.03,24.82,1
9085,DECODE,1000,0,1000,942.03,24.68,1
9086,DECODE,999,0,999,943.64,24.73,1
9087,EXTEND,1,30,0,38.00,17.01,1
9088,EXTEND,1,42,0,52.00,16.45,1
9089,DECODE,1000,0,1000,942.76,24.12,1
9090,DECODE,1000,0,1000,943.76,24.45,1
9091,DECODE,1000,0,1000,944.76,24.40,1
9092,DECODE,1000,0,1000,945.76,24.37,1
9093,DECODE,1000,0,1000,946.76,24.32,1
9094,DECODE,1000,0,1000,947.76,24.49,1
9095,DECODE,1000,0,1000,948.76,24.34,1
9096,DECODE,1000,0,1000,949.76,24.38,1
9097,DECODE,999,0,999,950.68,24.44,1
9098,EXTEND,1,42,0,51.00,16.77,1
9099,DECODE,1000,0,1000,950.78,24.18,1
9100,DECODE,1000,0,1000,951.78,24.31,1
9101,DECODE,999,0,999,952.94,24.69,1
9102,EXTEND,1,80,0,91.00,16.72,1
9103,DECODE,1000,0,1000,953.08,24.22,1
9104,DECODE,1000,0,1000,954.08,24.52,1
9105,DECODE,998,0,998,953.53,24.58,1
9106,EXTEND,2,228,0,125.00,16.94,1
9107,EXTEND,2,185,0,110.50,16.34,1
9108,DECODE,1000,0,1000,951.07,24.22,1
9109,DECODE,1000,0,1000,952.07,24.49,1
9110,DECODE,1000,0,1000,953.07,29.62,1
9111,DECODE,999,0,999,954.60,29.34,1
9112,EXTEND,1,245,0,250.00,17.24,1
9113,EXTEND,1,134,0,139.00,16.41,1
9114,EXTEND,1,104,0,113.00,16.23,1
9115,DECODE,1000,0,1000,952.33,24.18,1
9116,DECODE,1000,0,1000,953.33,24.30,1
9117,DECODE,1000,0,1000,954.33,24.53,1
9118,DECODE,1000,0,1000,955.33,24.70,1
9119,DECODE,999,0,999,956.42,24.75,1
9120,EXTEND,1,64,0,74.00,16.82,1
9121,DECODE,998,0,998,954.51,24.50,1
9122,EXTEND,2,120,0,66.00,16.46,1
9123,DECODE,1000,0,1000,953.74,24.31,1
9124,DECODE,1000,0,1000,954.74,24.37,1
9125,DECODE,1000,0,1000,955.74,24.74,1
9126,DECODE,999,0,999,955.13,24.85,1
9127,EXTEND,1,71,0,85.00,18.90,1
9128,EXTEND,3,240,0,90.33,30.52,1
9129,DECODE,1000,0,1000,953.21,31.67,1
9130,DECODE,1000,0,1000,954.21,24.21,1
9131,DECODE,998,0,998,954.30,24.60,1
9132,EXTEND,2,208,0,116.00,17.16,1
9133,EXTEND,3,334,0,121.33,24.67,1
9134,EXTEND,1,193,0,201.00,16.54,1
9135,DECODE,1000,0,1000,948.15,24.24,1
9136,DECODE,1000,0,1000,949.15,24.27,1
9137,DECODE,1000,0,1000,950.15,24.30,1
9138,DECODE,1000,0,1000,951.15,24.49,1
9139,DECODE,1000,0,1000,952.15,24.35,1
9140,DECODE,998,0,998,952.73,24.44,1
9141,EXTEND,2,102,0,70.00,16.43,1
9142,DECODE,999,0,999,952.56,24.49,1
9143,EXTEND,1,222,0,232.00,16.58,1
9144,DECODE,999,0,999,952.09,24.43,1
9145,EXTEND,1,126,0,164.00,16.62,1
9146,DECODE,999,0,999,952.28,24.46,1
9147,EXTEND,1,73,0,81.00,28.58,1
9148,DECODE,999,0,999,951.65,31.10,1
9149,EXTEND,1,224,0,231.00,16.67,1
9150,DECODE,1000,0,1000,951.93,24.21,1
9151,DECODE,1000,0,1000,952.93,25.87,1
9152,DECODE,1000,0,1000,953.93,24.36,1
9153,DECODE,1000,0,1000,954.93,25.29,1
9154,DECODE,999,0,999,955.81,24.60,1
9155,EXTEND,1,34,0,48.00,16.75,1
9156,EXTEND,1,47,0,53.00,16.51,1
9157,EXTEND,1,49,0,58.00,16.39,1
9158,DECODE,1000,0,1000,953.74,25.51,1
9159,DECODE,1000,0,1000,954.74,24.23,1
9160,DECODE,1000,0,1000,955.74,24.43,1
9161,DECODE,999,0,999,957.01,24.58,1
9162,DECODE,999,0,999,958.01,25.77,1
9163,DECODE,999,0,999,959.01,25.03,1
9164,DECODE,999,0,999,960.01,24.87,1
9165,DECODE,999,0,999,961.01,24.95,1
9166,DECODE,999,0,999,962.01,24.96,1
9167,DECODE,999,0,999,963.01,25.13,1
9168,DECODE,999,0,999,964.01,25.09,1
9169,DECODE,999,0,999,965.01,25.29,1
9170,DECODE,999,0,999,966.01,25.08,1
9171,DECODE,999,0,999,967.01,25.06,1
9172,DECODE,998,0,998,967.44,25.36,1
9173,DECODE,997,0,997,969.06,25.12,1
9174,DECODE,997,0,997,970.06,24.76,1
9175,DECODE,996,0,996,971.68,24.80,1
9176,DECODE,995,0,995,973.18,24.98,1
9177,DECODE,995,0,995,974.18,24.81,1
9178,DECODE,995,0,995,975.18,25.00,1
9179,DECODE,995,0,995,976.18,24.87,1
9180,DECODE,993,0,993,977.21,25.00,1
9181,DECODE,991,0,991,978.41,25.15,1
9182,DECODE,990,0,990,980.10,27.82,1
9183,DECODE,989,0,989,981.07,24.96,1
9184,DECODE,987,0,987,982.85,24.60,1
9185,DECODE,986,0,986,984.25,24.57,1
9186,DECODE,986,0,986,985.25,24.75,1
9187,DECODE,986,0,986,986.25,24.52,1
9188,DECODE,985,0,985,987.78,27.17,1
9189,DECODE,985,0,985,988.78,24.81,1
9190,DECODE,984,0,984,988.18,27.26,1
9191,DECODE,984,0,984,989.18,24.41,1
9192,DECODE,984,0,984,990.18,24.38,1
9193,DECODE,983,0,983,991.23,26.95,1
9194,DECODE,982,0,982,991.47,24.99,1
9195,DECODE,981,0,981,991.62,24.66,1
9196,DECODE,981,0,981,992.62,24.62,1
9197,DECODE,981,0,981,993.62,24.56,1
9198,DECODE,980,0,980,994.82,24.40,1
9199,DECODE,978,0,978,995.70,24.85,1
9200,DECODE,977,0,977,995.39,26.83,1
9201,DECODE,976,0,976,996.63,27.08,1
9202,DECODE,974,0,974,998.31,26.79,1
9203,DECODE,973,0,973,997.71,24.47,1
9204,DECODE,972,0,972,999.22,27.65,1
9205,DECODE,971,0,971,1000.93,24.48,1
9206,DECODE,971,0,971,1001.93,24.75,1
9207,DECODE,970,0,970,1002.86,28.10,1
9208,DECODE,968,0,968,1002.30,29.82,1
9209,DECODE,967,0,967,1003.73,24.42,1
9210,DECODE,967,0,967,1004.73,24.91,1
9211,DECODE,967,0,967,1005.73,24.62,1
9212,DECODE,966,0,966,1005.12,27.51,1
9213,DECODE,966,0,966,1006.12,24.81,1
9214,DECODE,966,0,966,1007.12,24.85,1
9215,DECODE,966,0,966,1008.12,24.88,1
9216,DECODE,966,0,966,1009.12,24.84,1
9217,DECODE,965,0,965,1010.14,28.87,1
9218,DECODE,964,0,964,1011.79,27.23,1
9219,DECODE,964,0,964,1012.79,24.71,1
9220,DECODE,964,0,964,1013.79,24.59,1
9221,DECODE,964,0,964,1014.79,24.76,1
9222,DECODE,961,0,961,1016.54,27.76,1
9223,DECODE,961,0,961,1017.54,24.94,1
9224,DECODE,961,0,961,1018.54,24.79,1
9225,DECODE,960,0,960,1019.62,31.71,1
9226,DECODE,959,0,959,1019.79,29.39,1
9227,DECODE,959,0,959,1020.79,24.53,1
9228,DECODE,959,0,959,1021.79,24.35,1
9229,DECODE,959,0,959,1022.79,24.58,1
9230,DECODE,959,0,959,1023.79,24.63,1
9231,DECODE,958,0,958,1025.54,29.15,1
9232,DECODE,958,0,958,1026.54,24.88,1
9233,DECODE,958,0,958,1027.54,24.67,1
9234,DECODE,958,0,958,1028.54,24.73,1
9235,DECODE,956,0,956,1029.98,30.40,1
9236,DECODE,956,0,956,1030.98,24.54,1
9237,DECODE,956,0,956,1031.98,24.54,1
9238,DECODE,955,0,955,1031.87,29.45,1
9239,DECODE,955,0,955,1032.87,24.79,1
9240,DECODE,955,0,955,1033.87,24.91,1
9241,DECODE,954,0,954,1033.27,29.87,1
9242,DECODE,953,0,953,1033.65,29.50,1
9243,DECODE,952,0,952,1035.14,29.48,1
9244,DECODE,952,0,952,1036.14,24.68,1
9245,DECODE,952,0,952,1037.14,24.64,1
9246,DECODE,952,0,952,1038.14,24.65,1
9247,DECODE,949,0,949,1038.06,29.78,1
9248,DECODE,948,0,948,1039.55,29.65,1
9249,DECODE,947,0,947,1040.43,29.86,1
9250,DECODE,945,0,945,1042.37,29.70,1
9251,DECODE,945,0,945,1043.37,24.84,1
9252,DECODE,945,0,945,1044.37,24.95,1
9253,DECODE,944,0,944,1046.05,29.72,1
9254,DECODE,944,0,944,1047.05,24.73,1
9255,DECODE,943,0,943,1048.25,30.65,1
9256,DECODE,943,0,943,1049.25,24.84,1
9257,DECODE,942,0,942,1050.45,29.85,1
9258,DECODE,941,0,941,1051.11,29.63,1
9259,DECODE,940,0,940,1052.00,29.62,1
9260,DECODE,940,0,940,1053.00,24.78,1
9261,DECODE,939,0,939,1052.39,29.44,1
9262,DECODE,939,0,939,1053.39,24.93,1
9263,DECODE,935,0,935,1051.44,31.43,1
9264,DECODE,934,0,934,1051.82,29.34,1
9265,DECODE,934,0,934,1052.82,24.44,1
9266,DECODE,934,0,934,1053.82,24.77,1
9267,DECODE,934,0,934,1054.82,24.58,1
9268,DECODE,933,0,933,1055.70,29.19,1
9269,DECODE,932,0,932,1056.23,29.50,1
9270,DECODE,931,0,931,1057.54,29.06,1
9271,DECODE,930,0,930,1057.84,28.99,1
9272,DECODE,928,0,928,1056.64,29.19,1
9273,DECODE,928,0,928,1057.64,24.22,1
9274,DECODE,928,0,928,1058.64,24.49,1
9275,DECODE,928,0,928,1059.64,24.26,1
9276,DECODE,928,0,928,1060.64,24.28,1
9277,DECODE,928,0,928,1061.64,24.32,1
9278,DECODE,928,0,928,1062.64,24.36,1
9279,DECODE,928,0,928,1063.64,24.23,1
9280,DECODE,927,0,927,1065.53,29.80,1
9281,DECODE,926,0,926,1066.88,29.68,1
9282,DECODE,926,0,926,1067.88,24.69,1
9283,DECODE,925,0,925,1067.27,29.61,1
9284,DECODE,925,0,925,1068.27,24.72,1
9285,DECODE,925,0,925,1069.27,24.60,1
9286,DECODE,925,0,925,1070.27,24.32,1
9287,DECODE,924,0,924,1071.80,29.41,1
9288,DECODE,924,0,924,1072.80,24.22,1
9289,DECODE,921,0,921,1074.33,29.26,1
9290,DECODE,918,0,918,1077.36,28.80,1
9291,DECODE,918,0,918,1078.36,24.06,1
9292,DECODE,918,0,918,1079.36,24.35,1
9293,DECODE,917,0,917,1078.74,31.84,1
9294,DECODE,916,0,916,1079.94,29.10,1
9295,DECODE,915,0,915,1081.45,28.94,1
9296,DECODE,914,0,914,1082.36,28.89,1
9297,DECODE,914,0,914,1083.36,24.12,1
9298,DECODE,914,0,914,1084.36,24.36,1
9299,DECODE,913,0,913,1083.75,29.11,1
9300,DECODE,912,0,912,1084.07,28.61,1
9301,DECODE,912,0,912,1085.07,24.94,1
9302,DECODE,911,0,911,1084.58,29.40,1
9303,DECODE,911,0,911,1085.58,24.20,1
9304,DECODE,911,0,911,1086.58,24.55,1
9305,DECODE,910,0,910,1085.96,28.80,1
9306,DECODE,910,0,910,1086.96,24.07,1
9307,DECODE,910,0,910,1087.96,24.11,1
9308,DECODE,908,0,908,1089.35,28.94,1
9309,DECODE,907,0,907,1090.89,29.11,1
9310,DECODE,907,0,907,1091.89,29.91,1
9311,DECODE,905,0,905,1090.58,36.73,1
9312,DECODE,905,0,905,1091.58,24.18,1
9313,DECODE,905,0,905,1092.58,24.01,1
9314,DECODE,904,0,904,1093.81,28.91,1
9315,DECODE,904,0,904,1094.81,23.62,1
9316,DECODE,902,0,902,1095.44,30.16,1
9317,DECODE,900,0,900,1095.33,30.25,1
9318,DECODE,900,0,900,1096.33,24.24,1
9319,DECODE,896,0,896,1094.70,32.63,1
9320,DECODE,894,0,894,1095.19,39.59,1
9321,DECODE,894,0,894,1096.19,28.24,1
9322,DECODE,894,0,894,1097.19,24.09,1
9323,DECODE,892,0,892,1098.61,27.57,1
9324,DECODE,892,0,892,1099.61,24.23,1
9325,DECODE,890,0,890,1099.77,27.82,1
9326,DECODE,889,0,889,1101.07,28.68,1
9327,DECODE,888,0,888,1102.42,27.98,1
9328,DECODE,885,0,885,1102.74,27.66,1
9329,DECODE,885,0,885,1103.74,24.00,1
9330,DECODE,885,0,885,1104.74,24.09,1
9331,DECODE,884,0,884,1105.04,27.44,1
9332,DECODE,884,0,884,1106.04,23.81,1
9333,DECODE,883,0,883,1105.39,28.49,1
9334,DECODE,883,0,883,1106.39,24.25,1
9335,DECODE,881,0,881,1106.69,27.43,1
9336,DECODE,881,0,881,1107.69,24.01,1
9337,DECODE,881,0,881,1108.69,24.03,1
9338,DECODE,881,0,881,1109.69,24.17,1
9339,DECODE,880,0,880,1110.45,28.34,1
9340,DECODE,880,0,880,1111.45,23.85,1
9341,DECODE,878,0,878,1113.52,28.07,1
9342,DECODE,878,0,878,1114.52,24.10,1
9343,DECODE,876,0,876,1114.48,27.46,1
9344,DECODE,875,0,875,1116.21,27.71,1
9345,DECODE,875,0,875,1117.21,23.87,1
9346,DECODE,875,0,875,1118.21,24.36,1
9347,DECODE,874,0,874,1119.87,27.92,1
9348,DECODE,871,0,871,1121.02,28.29,1
9349,DECODE,871,0,871,1122.02,24.51,1
9350,DECODE,870,0,870,1122.83,28.96,1
9351,DECODE,868,0,868,1123.76,27.76,1
9352,DECODE,868,0,868,1124.76,23.55,1
9353,DECODE,867,0,867,1125.37,27.63,1
9354,DECODE,867,0,867,1126.37,24.17,1
9355,DECODE,866,0,866,1125.72,27.72,1
9356,DECODE,866,0,866,1126.72,24.12,1
9357,DECODE,866,0,866,1127.72,23.71,1
9358,DECODE,865,0,865,1129.07,27.69,1
9359,DECODE,865,0,865,1130.07,24.02,1
9360,DECODE,862,0,862,1130.38,29.42,1
9361,DECODE,860,0,860,1129.83,28.77,1
9362,DECODE,859,0,859,1129.81,28.96,1
9363,DECODE,859,0,859,1130.81,23.67,1
9364,DECODE,859,0,859,1131.81,23.69,1
9365,DECODE,859,0,859,1132.81,23.69,1
9366,DECODE,858,0,858,1133.77,29.23,1
9367,DECODE,858,0,858,1134.77,30.38,1
9368,DECODE,858,0,858,1135.77,23.55,1
9369,DECODE,857,0,857,1136.41,28.92,1
9370,DECODE,857,0,857,1137.41,23.79,1
9371,DECODE,855,0,855,1139.41,28.85,1
9372,DECODE,855,0,855,1140.41,23.58,1
9373,DECODE,854,0,854,1142.43,28.86,1
9374,DECODE,853,0,853,1143.92,29.17,1
9375,DECODE,853,0,853,1144.92,23.65,1
9376,DECODE,853,0,853,1145.92,23.66,1
9377,DECODE,852,0,852,1147.37,28.60,1
9378,DECODE,851,0,851,1149.16,29.21,1
9379,DECODE,851,0,851,1150.16,23.45,1
9380,DECODE,850,0,850,1150.37,28.95,1
9381,DECODE,850,0,850,1151.37,23.65,1
9382,DECODE,850,0,850,1152.37,23.98,1
9383,DECODE,848,0,848,1151.83,28.23,1
9384,DECODE,847,0,847,1153.25,28.90,1
9385,DECODE,847,0,847,1154.25,23.73,1
9386,DECODE,847,0,847,1155.25,23.78,1
9387,DECODE,846,0,846,1156.36,29.08,1
9388,DECODE,845,0,845,1155.70,28.90,1
9389,DECODE,845,0,845,1156.70,23.56,1
9390,DECODE,842,0,842,1157.58,28.89,1
9391,DECODE,841,0,841,1159.02,28.93,1
9392,DECODE,839,0,839,1157.69,29.03,1
9393,DECODE,838,0,838,1158.30,29.02,1
9394,DECODE,837,0,837,1157.62,29.27,1
9395,DECODE,836,0,836,1158.28,28.68,1
9396,DECODE,835,0,835,1159.35,29.00,1
9397,DECODE,835,0,835,1160.35,23.46,1
9398,DECODE,834,0,834,1161.16,28.72,1
9399,DECODE,833,0,833,1162.55,28.94,1
9400,DECODE,831,0,831,1161.93,30.45,1
9401,DECODE,831,0,831,1162.93,23.50,1
9402,DECODE,831,0,831,1163.93,23.56,1
9403,DECODE,831,0,831,1164.93,23.73,1
9404,DECODE,831,0,831,1165.93,25.97,1
9405,DECODE,831,0,831,1166.93,24.19,1
9406,DECODE,830,0,830,1168.09,28.53,1
9407,DECODE,829,0,829,1169.33,28.18,1
9408,DECODE,828,0,828,1168.65,27.76,1
9409,DECODE,828,0,828,1169.65,23.23,1
9410,DECODE,828,0,828,1170.65,23.31,1
9411,DECODE,828,0,828,1171.65,23.13,1
9412,DECODE,828,0,828,1172.65,23.19,1
9413,DECODE,828,0,828,1173.65,23.46,1
9414,DECODE,827,0,827,1172.98,28.16,1
9415,DECODE,826,0,826,1174.14,27.90,1
9416,DECODE,825,0,825,1174.26,28.12,1
9417,DECODE,822,0,822,1173.94,27.82,1
9418,DECODE,821,0,821,1173.90,28.35,1
9419,DECODE,821,0,821,1174.90,23.53,1
9420,DECODE,820,0,820,1174.21,27.64,1
9421,DECODE,820,0,820,1175.21,23.19,1
9422,DECODE,820,0,820,1176.21,23.16,1
9423,DECODE,818,0,818,1175.29,27.96,1
9424,DECODE,818,0,818,1176.29,23.17,1
9425,DECODE,818,0,818,1177.29,23.21,1
9426,DECODE,817,0,817,1178.33,27.74,1
9427,DECODE,817,0,817,1179.33,23.34,1
9428,DECODE,816,0,816,1178.64,29.17,1
9429,DECODE,816,0,816,1179.64,22.88,1
9430,DECODE,816,0,816,1180.64,22.94,1
9431,DECODE,814,0,814,1181.75,27.99,1
9432,DECODE,813,0,813,1181.06,28.07,1
9433,DECODE,811,0,811,1180.60,29.74,1
9434,DECODE,809,0,809,1183.20,27.74,1
9435,DECODE,809,0,809,1184.20,23.12,1
9436,DECODE,809,0,809,1185.20,23.42,1
9437,DECODE,809,0,809,1186.20,23.38,1
9438,DECODE,809,0,809,1187.20,23.45,1
9439,DECODE,809,0,809,1188.20,23.64,1
9440,DECODE,807,0,807,1187.06,29.28,1
9441,DECODE,805,0,805,1187.41,31.28,1
9442,DECODE,805,0,805,1188.41,23.83,1
9443,DECODE,804,0,804,1187.71,29.56,1
9444,DECODE,804,0,804,1188.71,23.18,1
9445,DECODE,803,0,803,1188.81,29.53,1
9446,DECODE,801,0,801,1190.66,28.10,1
9447,DECODE,801,0,801,1191.66,23.15,1
9448,DECODE,801,0,801,1192.66,23.24,1
9449,DECODE,800,0,800,1194.59,26.12,1
9450,DECODE,800,0,800,1195.59,22.69,1
9451,DECODE,799,0,799,1197.13,38.08,1
9452,DECODE,799,0,799,1198.13,29.51,1
9453,DECODE,797,0,797,1200.06,30.69,1
9454,DECODE,795,0,795,1202.71,28.08,1
9455,DECODE,795,0,795,1203.71,23.08,1
9456,DECODE,795,0,795,1204.71,23.30,1
9457,DECODE,795,0,795,1205.71,23.00,1
9458,DECODE,794,0,794,1206.17,27.32,1
9459,DECODE,793,0,793,1207.90,29.32,1
9460,DECODE,793,0,793,1208.90,22.94,1
9461,DECODE,793,0,793,1209.90,22.92,1
9462,DECODE,793,0,793,1210.90,23.06,1
9463,DECODE,793,0,793,1211.90,23.02,1
9464,DECODE,793,0,793,1212.90,23.02,1
9465,DECODE,792,0,792,1214.24,28.84,1
9466,DECODE,791,0,791,1215.82,28.94,1
9467,DECODE,791,0,791,1216.82,23.13,1
9468,DECODE,791,0,791,1217.82,22.96,1
9469,DECODE,791,0,791,1218.82,22.85,1
9470,DECODE,791,0,791,1219.82,22.78,1
9471,DECODE,790,0,790,1220.15,27.72,1
9472,DECODE,788,0,788,1220.90,37.68,1
9473,DECODE,788,0,788,1221.90,29.77,1
9474,DECODE,788,0,788,1222.90,22.54,1
9475,DECODE,788,0,788,1223.90,22.57,1
9476,DECODE,785,0,785,1224.74,27.39,1
9477,DECODE,784,0,784,1226.49,27.05,1
9478,DECODE,783,0,783,1227.70,29.40,1
9479,DECODE,783,0,783,1228.70,22.81,1
9480,DECODE,783,0,783,1229.70,22.72,1
9481,DECODE,783,0,783,1230.70,22.85,1
9482,DECODE,783,0,783,1231.70,22.64,1
9483,DECODE,783,0,783,1232.70,22.69,1
9484,DECODE,782,0,782,1232.39,27.32,1
9485,DECODE,782,0,782,1233.39,22.80,1
9486,DECODE,781,0,781,1234.88,29.81,1
9487,DECODE,780,0,780,1236.18,27.35,1
9488,DECODE,780,0,780,1237.18,22.69,1
9489,DECODE,779,0,779,1237.01,27.68,1
9490,DECODE,778,0,778,1236.31,27.36,1
9491,DECODE,776,0,776,1238.30,27.58,1
9492,DECODE,775,0,775,1240.02,27.69,1
9493,DECODE,773,0,773,1240.05,27.64,1
9494,DECODE,773,0,773,1241.05,23.02,1
9495,DECODE,772,0,772,1242.06,27.36,1
9496,DECODE,772,0,772,1243.06,22.67,1
9497,DECODE,772,0,772,1244.06,22.64,1
9498,DECODE,772,0,772,1245.06,22.63,1
9499,DECODE,772,0,772,1246.06,22.60,1
9500,DECODE,772,0,772,1247.06,22.86,1
9501,DECODE,771,0,771,1248.68,28.14,1
9502,DECODE,771,0,771,1249.68,22.89,1
9503,DECODE,770,0,770,1251.73,27.50,1
9504,DECODE,770,0,770,1252.73,22.50,1
9505,DECODE,770,0,770,1253.73,22.78,1
9506,DECODE,770,0,770,1254.73,22.82,1
9507,DECODE,769,0,769,1255.56,28.59,1
9508,DECODE,768,0,768,1255.93,33.20,1
9509,DECODE,768,0,768,1256.93,22.96,1
9510,DECODE,768,0,768,1257.93,22.40,1
9511,DECODE,767,0,767,1259.29,33.14,1
9512,DECODE,764,0,764,1259.95,31.02,1
9513,DECODE,764,0,764,1260.95,22.49,1
9514,DECODE,764,0,764,1261.95,22.58,1
9515,DECODE,764,0,764,1262.95,22.52,1
9516,DECODE,764,0,764,1263.95,22.55,1
9517,DECODE,764,0,764,1264.95,22.91,1
9518,DECODE,763,0,763,1266.54,30.09,1
9519,DECODE,763,0,763,1267.54,22.94,1
9520,DECODE,763,0,763,1268.54,22.96,1
9521,DECODE,762,0,762,1269.77,31.26,1
9522,DECODE,762,0,762,1270.77,22.80,1
9523,DECODE,762,0,762,1271.77,22.91,1
9524,DECODE,762,0,762,1272.77,22.80,1
9525,DECODE,762,0,762,1273.77,22.91,1
9526,DECODE,760,0,760,1271.84,28.86,1
9527,DECODE,759,0,759,1272.09,29.49,1
9528,DECODE,758,0,758,1271.39,28.71,1
9529,DECODE,756,0,756,1273.59,29.00,1
9530,DECODE,756,0,756,1274.59,22.47,1
9531,DECODE,756,0,756,1275.59,24.49,1
9532,DECODE,756,0,756,1276.59,22.99,1
9533,DECODE,754,0,754,1278.39,29.23,1
9534,DECODE,753,0,753,1280.19,29.29,1
9535,DECODE,751,0,751,1281.45,32.71,1
9536,DECODE,751,0,751,1282.45,23.88,1
9537,DECODE,750,0,750,1283.93,29.67,1
9538,DECODE,748,0,748,1281.54,28.54,1
9539,DECODE,747,0,747,1282.69,29.08,1
9540,DECODE,747,0,747,1283.69,22.80,1
9541,DECODE,744,0,744,1283.89,28.67,1
9542,DECODE,743,0,743,1283.47,30.19,1
9543,DECODE,741,0,741,1283.72,28.63,1
9544,DECODE,741,0,741,1284.72,22.66,1
9545,DECODE,740,0,740,1283.99,28.29,1
9546,DECODE,738,0,738,1281.70,28.27,1
9547,DECODE,737,0,737,1282.76,29.32,1
9548,DECODE,736,0,736,1284.67,29.17,1
9549,DECODE,736,0,736,1285.67,22.33,1
9550,DECODE,736,0,736,1286.67,22.49,1
9551,DECODE,735,0,735,1288.82,28.64,1
9552,DECODE,733,0,733,1290.84,29.94,1
9553,DECODE,733,0,733,1291.84,23.67,1
9554,DECODE,733,0,733,1292.84,23.06,1
9555,DECODE,732,0,732,1294.74,28.48,1
9556,DECODE,731,0,731,1294.01,28.61,1
9557,DECODE,731,0,731,1295.01,22.51,1
9558,DECODE,731,0,731,1296.01,22.60,1
9559,DECODE,731,0,731,1297.01,22.79,1
9560,DECODE,730,0,730,1296.28,29.20,1
9561,DECODE,729,0,729,1295.54,28.56,1
9562,DECODE,729,0,729,1296.54,22.69,1
9563,DECODE,729,0,729,1297.54,22.61,1
9564,DECODE,728,0,728,1297.95,22.34,1
9565,DECODE,728,0,728,1298.95,22.13,1
9566,DECODE,727,0,727,1299.89,28.30,1
9567,DECODE,726,0,726,1299.35,27.86,1
9568,DECODE,726,0,726,1300.35,22.23,1
9569,DECODE,724,0,724,1299.98,27.63,1
9570,DECODE,724,0,724,1300.98,22.06,1
9571,DECODE,724,0,724,1301.98,21.99,1
9572,DECODE,724,0,724,1302.98,21.95,1
9573,DECODE,724,0,724,1303.98,21.85,1
9574,DECODE,724,0,724,1304.98,21.92,1
9575,DECODE,724,0,724,1305.98,22.02,1
9576,DECODE,723,0,723,1305.25,28.33,1
9577,DECODE,723,0,723,1306.25,23.05,1
9578,DECODE,722,0,722,1307.81,29.53,1
9579,DECODE,722,0,722,1308.81,22.44,1
9580,DECODE,719,0,719,1304.59,33.04,1
9581,DECODE,718,0,718,1305.68,29.76,1
9582,DECODE,717,0,717,1305.25,34.04,1
9583,DECODE,715,0,715,1307.63,33.92,1
9584,DECODE,714,0,714,1309.47,28.74,1
9585,DECODE,714,0,714,1310.47,22.03,1
9586,DECODE,713,0,713,1311.90,27.41,1
9587,DECODE,712,0,712,1312.80,26.95,1
9588,DECODE,712,0,712,1313.80,21.64,1
9589,DECODE,711,0,711,1313.05,27.41,1
9590,DECODE,710,0,710,1313.96,27.11,1
9591,DECODE,710,0,710,1314.96,21.81,1
9592,DECODE,708,0,708,1316.56,27.01,1
9593,DECODE,708,0,708,1317.56,21.85,1
9594,DECODE,708,0,708,1318.56,21.73,1
9595,DECODE,707,0,707,1320.68,27.30,1
9596,DECODE,707,0,707,1321.68,22.02,1
9597,DECODE,706,0,706,1322.84,39.35,1
9598,DECODE,706,0,706,1323.84,29.11,1
9599,DECODE,706,0,706,1324.84,21.99,1
9600,DECODE,706,0,706,1325.84,21.86,1
9601,DECODE,705,0,705,1327.66,27.57,1
9602,DECODE,704,0,704,1326.91,28.65,1
9603,DECODE,704,0,704,1327.91,21.92,1
9604,DECODE,704,0,704,1328.91,23.69,1
9605,DECODE,703,0,703,1328.16,27.13,1
9606,DECODE,703,0,703,1329.16,21.94,1
9607,DECODE,703,0,703,1330.16,21.84,1
9608,DECODE,703,0,703,1331.16,21.84,1
9609,DECODE,703,0,703,1332.16,21.81,1
9610,DECODE,703,0,703,1333.16,21.98,1
9611,DECODE,702,0,702,1332.93,26.93,1
9612,DECODE,702,0,702,1333.93,21.68,1
9613,DECODE,701,0,701,1335.54,27.09,1
9614,DECODE,698,0,698,1334.96,26.97,1
9615,DECODE,698,0,698,1335.96,21.70,1
9616,DECODE,698,0,698,1336.96,21.59,1
9617,DECODE,696,0,696,1338.09,27.66,1
9618,DECODE,696,0,696,1339.09,21.44,1
9619,DECODE,696,0,696,1340.09,21.46,1
9620,DECODE,696,0,696,1341.09,21.44,1
9621,DECODE,695,0,695,1340.76,27.20,1
9622,DECODE,694,0,694,1340.01,26.88,1
9623,DECODE,693,0,693,1339.76,27.00,1
9624,DECODE,693,0,693,1340.76,22.03,1
9625,DECODE,691,0,691,1340.31,26.75,1
9626,DECODE,689,0,689,1338.74,26.60,1
9627,DECODE,689,0,689,1339.74,21.65,1
9628,DECODE,686,0,686,1339.38,26.45,1
9629,DECODE,686,0,686,1340.38,21.36,1
9630,DECODE,686,0,686,1341.38,21.47,1
9631,DECODE,686,0,686,1342.38,21.38,1
9632,DECODE,685,0,685,1344.28,26.49,1
9633,DECODE,684,0,684,1345.76,26.24,1
9634,DECODE,684,0,684,1346.76,21.35,1
9635,DECODE,683,0,683,1345.98,26.47,1
9636,DECODE,682,0,682,1347.49,26.61,1
9637,DECODE,682,0,682,1348.49,21.33,1
9638,DECODE,682,0,682,1349.49,21.25,1
9639,DECODE,681,0,681,1350.59,26.46,1
9640,DECODE,681,0,681,1351.59,21.34,1
9641,DECODE,680,0,680,1353.31,28.23,1
9642,DECODE,680,0,680,1354.31,23.02,1
9643,DECODE,680,0,680,1355.31,21.68,1
9644,DECODE,680,0,680,1356.31,21.51,1
9645,DECODE,679,0,679,1355.54,26.78,1
9646,DECODE,679,0,679,1356.54,22.79,1
9647,DECODE,678,0,678,1358.31,28.60,1
9648,DECODE,678,0,678,1359.31,21.71,1
9649,DECODE,672,0,672,1359.37,29.40,1
9650,DECODE,672,0,672,1360.37,21.73,1
9651,DECODE,671,0,671,1361.95,29.12,1
9652,DECODE,670,0,670,1363.37,27.28,1
9653,DECODE,669,0,669,1365.53,27.18,1
9654,DECODE,669,0,669,1366.53,21.39,1
9655,DECODE,668,0,668,1366.29,27.85,1
9656,DECODE,667,0,667,1366.93,29.29,1
9657,DECODE,666,0,666,1368.69,27.44,1
9658,DECODE,664,0,664,1367.95,21.15,1
9659,DECODE,664,0,664,1368.95,20.94,1
9660,DECODE,664,0,664,1369.95,20.84,1
9661,DECODE,664,0,664,1370.95,22.93,1
9662,DECODE,664,0,664,1371.95,21.18,1
9663,DECODE,663,0,663,1371.69,27.28,1
9664,DECODE,663,0,663,1372.69,21.59,1
9665,DECODE,662,0,662,1371.90,27.25,1
9666,DECODE,662,0,662,1372.90,21.57,1
9667,DECODE,662,0,662,1373.90,21.38,1
9668,DECODE,662,0,662,1374.90,21.59,1
9669,DECODE,662,0,662,1375.90,21.58,1
9670,DECODE,661,0,661,1375.11,29.03,1
9671,DECODE,661,0,661,1376.11,21.36,1
9672,DECODE,661,0,661,1377.11,21.61,1
9673,DECODE,660,0,660,1376.31,27.28,1
9674,DECODE,660,0,660,1377.31,21.07,1
9675,DECODE,660,0,660,1378.31,21.26,1
9676,DECODE,660,0,660,1379.31,21.15,1
9677,DECODE,659,0,659,1378.52,27.11,1
9678,DECODE,659,0,659,1379.52,32.82,1
9679,DECODE,659,0,659,1380.52,26.67,1
9680,DECODE,659,0,659,1381.52,27.55,1
9681,DECODE,658,0,658,1383.38,28.24,1
9682,DECODE,657,0,657,1382.59,21.21,1
9683,DECODE,657,0,657,1383.59,21.28,1
9684,DECODE,656,0,656,1382.80,26.97,1
9685,DECODE,656,0,656,1383.80,20.91,1
9686,DECODE,656,0,656,1384.80,21.53,1
9687,DECODE,656,0,656,1385.80,20.99,1
9688,DECODE,655,0,655,1387.51,27.23,1
9689,DECODE,655,0,655,1388.51,21.39,1
9690,DECODE,654,0,654,1387.71,27.14,1
9691,DECODE,652,0,652,1387.86,26.98,1
9692,DECODE,652,0,652,1388.86,20.86,1
9693,DECODE,650,0,650,1389.95,29.23,1
9694,DECODE,648,0,648,1389.11,26.58,1
9695,DECODE,646,0,646,1387.18,27.26,1
9696,DECODE,646,0,646,1388.18,20.72,1
9697,DECODE,646,0,646,1389.18,20.91,1
9698,DECODE,645,0,645,1390.92,26.42,1
9699,DECODE,643,0,643,1391.74,26.38,1
9700,DECODE,643,0,643,1392.74,20.82,1
9701,DECODE,643,0,643,1393.74,21.06,1
9702,DECODE,641,0,641,1395.83,28.38,1
9703,DECODE,640,0,640,1397.20,28.25,1
9704,DECODE,637,0,637,1394.88,29.63,1
9705,DECODE,636,0,636,1394.05,27.02,1
9706,DECODE,636,0,636,1395.05,20.88,1
9707,DECODE,636,0,636,1396.05,19.97,1
9708,DECODE,635,0,635,1397.49,20.43,1
9709,DECODE,633,0,633,1400.24,27.89,1
9710,DECODE,632,0,632,1401.55,26.93,1
9711,DECODE,632,0,632,1402.55,21.64,1
9712,DECODE,632,0,632,1403.55,20.22,1
9713,DECODE,631,0,631,1403.55,20.31,1
9714,DECODE,631,0,631,1404.55,20.54,1
9715,DECODE,631,0,631,1405.55,20.29,1
9716,DECODE,631,0,631,1406.55,20.23,1
9717,DECODE,629,0,629,1408.55,27.10,1
9718,DECODE,629,0,629,1409.55,21.52,1
9719,DECODE,629,0,629,1410.55,20.43,1
9720,DECODE,629,0,629,1411.55,20.25,1
9721,DECODE,629,0,629,1412.55,20.29,1
9722,DECODE,629,0,629,1413.55,20.58,1
9723,DECODE,629,0,629,1414.55,20.24,1
9724,DECODE,629,0,629,1415.55,20.13,1
9725,DECODE,628,0,628,1417.09,20.07,1
9726,DECODE,628,0,628,1418.09,20.55,1
9727,DECODE,628,0,628,1419.09,20.22,1
9728,DECODE,627,0,627,1420.68,27.17,1
9729,DECODE,627,0,627,1421.68,20.31,1
9730,DECODE,627,0,627,1422.68,20.36,1
9731,DECODE,624,0,624,1420.96,26.65,1
9732,DECODE,624,0,624,1421.96,20.06,1
9733,DECODE,624,0,624,1422.96,20.16,1
9734,DECODE,624,0,624,1423.96,20.12,1
9735,DECODE,624,0,624,1424.96,20.15,1
9736,DECODE,624,0,624,1425.96,20.12,1
9737,DECODE,624,0,624,1426.96,20.12,1
9738,DECODE,624,0,624,1427.96,20.19,1
9739,DECODE,623,0,623,1427.14,25.89,1
9740,DECODE,622,0,622,1428.30,30.71,1
9741,DECODE,622,0,622,1429.30,22.74,1
9742,DECODE,622,0,622,1430.30,20.65,1
9743,DECODE,622,0,622,1431.30,20.56,1
9744,DECODE,622,0,622,1432.30,20.73,1
9745,DECODE,622,0,622,1433.30,20.99,1
9746,DECODE,622,0,622,1434.30,21.00,1
9747,DECODE,622,0,622,1435.30,21.08,1
9748,DECODE,620,0,620,1436.09,29.68,1
9749,DECODE,620,0,620,1437.09,20.37,1
9750,DECODE,620,0,620,1438.09,20.77,1
9751,DECODE,617,0,617,1433.64,26.13,1
9752,DECODE,615,0,615,1434.96,26.32,1
9753,DECODE,614,0,614,1437.08,26.17,1
9754,DECODE,614,0,614,1438.08,20.72,1
9755,DECODE,614,0,614,1439.08,20.66,1
9756,DECODE,614,0,614,1440.08,21.13,1
9757,DECODE,614,0,614,1441.08,20.98,1
9758,DECODE,613,0,613,1440.66,28.73,1
9759,DECODE,613,0,613,1441.66,20.35,1
9760,DECODE,611,0,611,1444.45,28.94,1
9761,DECODE,611,0,611,1445.45,20.90,1
9762,DECODE,611,0,611,1446.45,20.74,1
9763,DECODE,611,0,611,1447.45,20.98,1
9764,DECODE,609,0,609,1447.23,26.81,1
9765,DECODE,608,0,608,1448.27,26.70,1
9766,DECODE,607,0,607,1447.44,20.90,1
9767,DECODE,606,0,606,1446.60,26.32,1
9768,DECODE,606,0,606,1447.60,20.61,1
9769,DECODE,606,0,606,1448.60,20.41,1
9770,DECODE,606,0,606,1449.60,20.33,1
9771,DECODE,605,0,605,1451.35,26.76,1
9772,DECODE,604,0,604,1452.84,20.61,1
9773,DECODE,604,0,604,1453.84,20.45,1
9774,DECODE,604,0,604,1454.84,20.55,1
9775,DECODE,604,0,604,1455.84,20.52,1
9776,DECODE,603,0,603,1457.57,26.74,1
9777,DECODE,603,0,603,1458.57,20.72,1
9778,DECODE,603,0,603,1459.57,20.81,1
9779,DECODE,603,0,603,1460.57,20.91,1
9780,DECODE,603,0,603,1461.57,22.44,1
9781,DECODE,603,0,603,1462.57,22.14,1
9782,DECODE,602,0,602,1464.03,21.93,1
9783,DECODE,602,0,602,1465.03,20.58,1
9784,DECODE,602,0,602,1466.03,20.49,1
9785,DECODE,602,0,602,1467.03,20.49,1
9786,DECODE,602,0,602,1468.03,20.53,1
9787,DECODE,602,0,602,1469.03,21.04,1
9788,DECODE,600,0,600,1467.96,28.16,1
9789,DECODE,600,0,600,1468.96,20.76,1
9790,DECODE,600,0,600,1469.96,20.32,1
9791,DECODE,600,0,600,1470.96,20.41,1
9792,DECODE,600,0,600,1471.96,20.29,1
9793,DECODE,600,0,600,1472.96,20.23,1
9794,DECODE,600,0,600,1473.96,20.28,1
9795,DECODE,600,0,600,1474.96,20.22,1
9796,DECODE,599,0,599,1475.79,20.52,1
9797,DECODE,598,0,598,1474.97,25.28,1
9798,DECODE,598,0,598,1475.97,20.42,1
9799,DECODE,598,0,598,1476.97,20.53,1
9800,DECODE,597,0,597,1476.16,25.46,1
9801,DECODE,597,0,597,1477.16,20.40,1
9802,DECODE,597,0,597,1478.16,20.56,1
9803,DECODE,596,0,596,1478.11,26.92,1
9804,DECODE,595,0,595,1479.29,26.29,1
9805,DECODE,593,0,593,1478.08,24.98,1
9806,DECODE,592,0,592,1480.08,19.77,1
9807,DECODE,592,0,592,1481.08,20.41,1
9808,DECODE,591,0,591,1480.25,25.17,1
9809,DECODE,590,0,590,1479.42,19.89,1
9810,DECODE,589,0,589,1481.06,25.09,1
9811,DECODE,589,0,589,1482.06,20.11,1
9812,DECODE,589,0,589,1483.06,20.15,1
9813,DECODE,589,0,589,1484.06,20.37,1
9814,DECODE,589,0,589,1485.06,19.82,1
9815,DECODE,589,0,589,1486.06,19.99,1
9816,DECODE,589,0,589,1487.06,20.05,1
9817,DECODE,589,0,589,1488.06,20.09,1
9818,DECODE,589,0,589,1489.06,20.07,1
9819,DECODE,588,0,588,1488.24,24.85,1
9820,DECODE,587,0,587,1487.41,19.94,1
9821,DECODE,587,0,587,1488.41,19.95,1
9822,DECODE,587,0,587,1489.41,19.84,1
9823,DECODE,586,0,586,1491.37,25.18,1
9824,DECODE,586,0,586,1492.37,19.95,1
9825,DECODE,586,0,586,1493.37,19.88,1
9826,DECODE,586,0,586,1494.37,19.98,1
9827,DECODE,586,0,586,1495.37,20.38,1
9828,DECODE,585,0,585,1494.55,25.23,1
9829,DECODE,585,0,585,1495.55,20.06,1
9830,DECODE,585,0,585,1496.55,20.03,1
9831,DECODE,583,0,583,1497.01,26.18,1
9832,DECODE,583,0,583,1498.01,20.29,1
9833,DECODE,582,0,582,1498.52,25.14,1
9834,DECODE,582,0,582,1499.52,20.38,1
9835,DECODE,581,0,581,1500.75,25.51,1
9836,DECODE,581,0,581,1501.75,20.75,1
9837,DECODE,581,0,581,1502.75,20.47,1
9838,DECODE,580,0,580,1502.14,25.02,1
9839,DECODE,580,0,580,1503.14,20.19,1
9840,DECODE,579,0,579,1502.31,25.22,1
9841,DECODE,579,0,579,1503.31,20.05,1
9842,DECODE,578,0,578,1502.57,25.14,1
9843,DECODE,578,0,578,1503.57,20.01,1
9844,DECODE,578,0,578,1504.57,20.24,1
9845,DECODE,576,0,576,1503.16,24.94,1
9846,DECODE,576,0,576,1504.16,19.70,1
9847,DECODE,575,0,575,1503.32,19.81,1
9848,DECODE,574,0,574,1505.48,26.34,1
9849,DECODE,574,0,574,1506.48,19.89,1
9850,DECODE,574,0,574,1507.48,20.12,1
9851,DECODE,572,0,572,1506.64,25.81,1
9852,DECODE,572,0,572,1507.64,19.77,1
9853,DECODE,571,0,571,1508.84,26.12,1
9854,DECODE,571,0,571,1509.84,19.96,1
9855,DECODE,570,0,570,1511.17,26.42,1
9856,DECODE,569,0,569,1510.33,27.56,1
9857,DECODE,569,0,569,1511.33,19.86,1
9858,DECODE,569,0,569,1512.33,19.83,1
9859,DECODE,569,0,569,1513.33,20.03,1
9860,DECODE,569,0,569,1514.33,20.23,1
9861,DECODE,568,0,568,1513.49,32.38,1
9862,DECODE,568,0,568,1514.49,22.41,1
9863,DECODE,567,0,567,1513.90,26.43,1
9864,DECODE,567,0,567,1514.90,19.94,1
9865,DECODE,567,0,567,1515.90,19.94,1
9866,DECODE,567,0,567,1516.90,19.82,1
9867,DECODE,566,0,566,1517.71,26.61,1
9868,DECODE,565,0,565,1517.19,26.38,1
9869,DECODE,565,0,565,1518.19,19.72,1
9870,DECODE,565,0,565,1519.19,19.86,1
9871,DECODE,565,0,565,1520.19,19.83,1
9872,DECODE,564,0,564,1519.34,25.60,1
9873,DECODE,564,0,564,1520.34,19.53,1
9874,DECODE,563,0,563,1519.50,19.81,1
9875,DECODE,563,0,563,1520.50,19.57,1
9876,DECODE,563,0,563,1521.50,19.79,1
9877,DECODE,563,0,563,1522.50,19.80,1
9878,DECODE,562,0,562,1521.65,26.00,1
9879,DECODE,562,0,562,1522.65,19.65,1
9880,DECODE,561,0,561,1523.59,25.80,1
9881,DECODE,561,0,561,1524.59,19.87,1
9882,DECODE,559,0,559,1526.87,25.85,1
9883,DECODE,559,0,559,1527.87,19.38,1
9884,DECODE,559,0,559,1528.87,19.34,1
9885,DECODE,559,0,559,1529.87,19.40,1
9886,DECODE,559,0,559,1530.87,19.51,1
9887,DECODE,559,0,559,1531.87,19.40,1
9888,DECODE,558,0,558,1531.03,25.71,1
9889,DECODE,558,0,558,1532.03,19.56,1
9890,DECODE,557,0,557,1531.18,26.15,1
9891,DECODE,557,0,557,1532.18,19.33,1
9892,DECODE,557,0,557,1533.18,19.52,1
9893,DECODE,557,0,557,1534.18,19.38,1
9894,DECODE,557,0,557,1535.18,19.60,1
9895,DECODE,556,0,556,1534.34,25.64,1
9896,DECODE,555,0,555,1535.48,26.40,1
9897,DECODE,555,0,555,1536.48,19.44,1
9898,DECODE,555,0,555,1537.48,19.37,1
9899,DECODE,555,0,555,1538.48,19.60,1
9900,DECODE,555,0,555,1539.48,19.61,1
9901,DECODE,554,0,554,1538.63,26.60,1
9902,DECODE,554,0,554,1539.63,32.95,1
9903,DECODE,552,0,552,1541.31,45.60,1
9904,DECODE,552,0,552,1542.31,21.22,1
9905,DECODE,552,0,552,1543.31,19.76,1
9906,DECODE,550,0,550,1542.59,26.18,1
9907,DECODE,550,0,550,1543.59,19.55,1
9908,DECODE,550,0,550,1544.59,19.55,1
9909,DECODE,549,0,549,1546.64,25.74,1
9910,DECODE,548,0,548,1545.79,25.47,1
9911,DECODE,547,0,547,1546.02,25.52,1
9912,DECODE,545,0,545,1543.35,19.55,1
9913,DECODE,545,0,545,1544.35,19.71,1
9914,DECODE,544,0,544,1543.49,24.82,1
9915,DECODE,541,0,541,1542.97,28.50,1
9916,DECODE,541,0,541,1543.97,19.64,1
9917,DECODE,541,0,541,1544.97,19.55,1
9918,DECODE,541,0,541,1545.97,19.80,1
9919,DECODE,540,0,540,1546.50,19.46,1
9920,DECODE,540,0,540,1547.50,19.44,1
9921,DECODE,539,0,539,1549.31,26.25,1
9922,DECODE,539,0,539,1550.31,19.65,1
9923,DECODE,539,0,539,1551.31,19.59,1
9924,DECODE,538,0,538,1553.30,26.58,1
9925,DECODE,538,0,538,1554.30,19.92,1
9926,DECODE,538,0,538,1555.30,19.56,1
9927,DECODE,537,0,537,1554.43,26.33,1
9928,DECODE,537,0,537,1555.43,19.61,1
9929,DECODE,537,0,537,1556.43,20.74,1
9930,DECODE,537,0,537,1557.43,19.54,1
9931,DECODE,536,0,536,1558.25,25.86,1
9932,DECODE,534,0,534,1560.34,26.32,1
9933,DECODE,534,0,534,1561.34,19.74,1
9934,DECODE,531,0,531,1556.69,26.44,1
9935,DECODE,528,0,528,1554.22,27.83,1
9936,DECODE,527,0,527,1556.02,24.92,1
9937,DECODE,527,0,527,1557.02,19.17,1
9938,DECODE,527,0,527,1558.02,19.04,1
9939,DECODE,527,0,527,1559.02,19.09,1
9940,DECODE,526,0,526,1558.11,25.08,1
9941,DECODE,525,0,525,1557.20,24.64,1
9942,DECODE,525,0,525,1558.20,18.86,1
9943,DECODE,525,0,525,1559.20,19.11,1
9944,DECODE,523,0,523,1560.60,25.25,1
9945,DECODE,522,0,522,1562.47,25.13,1
9946,DECODE,522,0,522,1563.47,19.08,1
9947,DECODE,522,0,522,1564.47,18.96,1
9948,DECODE,522,0,522,1565.47,19.40,1
9949,DECODE,520,0,520,1564.86,25.30,1
9950,DECODE,520,0,520,1565.86,18.60,1
9951,DECODE,520,0,520,1566.86,18.79,1
9952,DECODE,520,0,520,1567.86,18.70,1
9953,DECODE,519,0,519,1569.21,24.33,1
9954,DECODE,518,0,518,1568.29,25.41,1
9955,DECODE,516,0,516,1570.10,26.20,1
9956,DECODE,516,0,516,1571.10,18.83,1
9957,DECODE,516,0,516,1572.10,18.60,1
9958,DECODE,516,0,516,1573.10,18.59,1
9959,DECODE,516,0,516,1574.10,18.36,1
9960,DECODE,516,0,516,1575.10,18.39,1
9961,DECODE,516,0,516,1576.10,18.39,1
9962,DECODE,516,0,516,1577.10,18.71,1
9963,DECODE,514,0,514,1574.28,23.88,1
9964,DECODE,513,0,513,1575.56,24.07,1
9965,DECODE,511,0,511,1574.53,21.02,1
9966,DECODE,511,0,511,1575.53,17.38,1
9967,DECODE,510,0,510,1577.28,17.32,1
9968,DECODE,509,0,509,1579.46,17.34,1
9969,DECODE,508,0,508,1578.53,17.22,1
9970,DECODE,508,0,508,1579.53,17.47,1
9971,DECODE,508,0,508,1580.53,17.42,1
9972,DECODE,508,0,508,1581.53,17.44,1
9973,DECODE,506,0,506,1578.66,17.17,1
9974,DECODE,506,0,506,1579.66,17.28,1
9975,DECODE,506,0,506,1580.66,17.29,1
9976,DECODE,506,0,506,1581.66,17.27,1
9977,DECODE,504,0,504,1581.69,17.92,1
9978,DECODE,504,0,504,1582.69,17.57,1
9979,DECODE,504,0,504,1583.69,18.79,1
9980,DECODE,503,0,503,1585.58,18.57,1
9981,DECODE,503,0,503,1586.58,18.83,1
9982,DECODE,503,0,503,1587.58,18.32,1
9983,DECODE,502,0,502,1588.70,18.60,1
9984,DECODE,501,0,501,1587.76,18.47,1
9985,DECODE,500,0,500,1587.11,18.42,1
9986,DECODE,500,0,500,1588.11,18.18,1
9987,DECODE,498,0,498,1585.20,18.54,1
9988,DECODE,498,0,498,1586.20,18.27,1
9989,DECODE,498,0,498,1587.20,18.42,1
9990,DECODE,498,0,498,1588.20,18.58,1
9991,DECODE,498,0,498,1589.20,18.34,1
9992,DECODE,498,0,498,1590.20,18.55,1
9993,DECODE,498,0,498,1591.20,18.43,1
9994,DECODE,498,0,498,1592.20,18.80,1
9995,DECODE,498,0,498,1593.20,18.72,1
9996,DECODE,498,0,498,1594.20,18.51,1
9997,DECODE,497,0,497,1593.43,18.83,1
9998,DECODE,496,0,496,1595.39,24.31,1
9999,DECODE,495,0,495,1596.57,18.97,1
10000,DECODE,494,0,494,1595.62,18.74,1
10001,DECODE,494,0,494,1596.62,18.31,1
10002,DECODE,493,0,493,1595.67,18.63,1
10003,DECODE,493,0,493,1596.67,18.67,1
10004,DECODE,493,0,493,1597.67,18.62,1
10005,DECODE,492,0,492,1598.77,19.14,1
10006,DECODE,492,0,492,1599.77,18.68,1
10007,DECODE,490,0,490,1596.85,19.52,1
10008,DECODE,490,0,490,1597.85,18.32,1
10009,DECODE,490,0,490,1598.85,18.97,1
10010,DECODE,490,0,490,1599.85,18.37,1
10011,DECODE,489,0,489,1601.84,18.95,1
10012,DECODE,487,0,487,1600.32,19.46,1
10013,DECODE,486,0,486,1601.00,18.63,1
10014,DECODE,485,0,485,1602.06,18.92,1
10015,DECODE,485,0,485,1603.06,18.79,1
10016,DECODE,483,0,483,1601.49,19.07,1
10017,DECODE,481,0,481,1600.47,18.80,1
10018,DECODE,480,0,480,1599.47,20.84,1
10019,DECODE,479,0,479,1598.47,18.16,1
10020,DECODE,479,0,479,1599.47,17.74,1
10021,DECODE,478,0,478,1601.09,17.76,1
10022,DECODE,478,0,478,1602.09,19.58,1
10023,DECODE,477,0,477,1603.39,18.52,1
10024,DECODE,477,0,477,1604.39,17.91,1
10025,DECODE,477,0,477,1605.39,18.07,1
10026,DECODE,477,0,477,1606.39,18.05,1
10027,DECODE,476,0,476,1607.31,18.58,1
10028,DECODE,475,0,475,1608.93,19.79,1
10029,DECODE,475,0,475,1609.93,18.74,1
10030,DECODE,475,0,475,1610.93,19.32,1
10031,DECODE,474,0,474,1612.64,18.18,1
10032,DECODE,474,0,474,1613.64,17.07,1
10033,DECODE,473,0,473,1612.86,17.29,1
10034,DECODE,473,0,473,1613.86,16.90,1
10035,DECODE,473,0,473,1614.86,17.09,1
10036,DECODE,473,0,473,1615.86,17.87,1
10037,DECODE,472,0,472,1616.96,17.69,1
10038,DECODE,471,0,471,1615.96,17.72,1
10039,DECODE,471,0,471,1616.96,17.18,1
10040,DECODE,471,0,471,1617.96,17.07,1
10041,DECODE,471,0,471,1618.96,17.22,1
10042,DECODE,471,0,471,1619.96,17.22,1
10043,DECODE,471,0,471,1620.96,17.10,1
10044,DECODE,470,0,470,1622.81,17.33,1
10045,DECODE,470,0,470,1623.81,17.12,1
10046,DECODE,470,0,470,1624.81,17.34,1
10047,DECODE,469,0,469,1625.99,17.69,1
10048,DECODE,469,0,469,1626.99,17.16,1
10049,DECODE,469,0,469,1627.99,17.12,1
10050,DECODE,468,0,468,1629.68,17.37,1
10051,DECODE,468,0,468,1630.68,17.16,1
10052,DECODE,467,0,467,1630.41,17.54,1
10053,DECODE,466,0,466,1629.42,16.82,1
10054,DECODE,466,0,466,1630.42,16.82,1
10055,DECODE,466,0,466,1631.42,16.72,1
10056,DECODE,465,0,465,1632.63,16.75,1
10057,DECODE,465,0,465,1633.63,16.64,1
10058,DECODE,465,0,465,1634.63,16.64,1
10059,DECODE,465,0,465,1635.63,16.94,1
10060,DECODE,465,0,465,1636.63,16.62,1
10061,DECODE,464,0,464,1635.64,19.27,1
10062,DECODE,464,0,464,1636.64,16.68,1
10063,DECODE,464,0,464,1637.64,16.65,1
10064,DECODE,464,0,464,1638.64,16.60,1
10065,DECODE,464,0,464,1639.64,16.71,1
10066,DECODE,464,0,464,1640.64,16.83,1
10067,DECODE,463,0,463,1639.66,16.95,1
10068,DECODE,462,0,462,1640.53,16.67,1
10069,DECODE,461,0,461,1642.52,16.59,1
10070,DECODE,460,0,460,1644.16,16.51,1
10071,DECODE,460,0,460,1645.16,16.40,1
10072,DECODE,459,0,459,1646.97,16.46,1
10073,DECODE,459,0,459,1647.97,16.78,1
10074,DECODE,459,0,459,1648.97,16.67,1
10075,DECODE,458,0,458,1650.01,16.69,1
10076,DECODE,458,0,458,1651.01,16.53,1
10077,DECODE,457,0,457,1651.36,16.62,1
10078,DECODE,457,0,457,1652.36,16.54,1
10079,DECODE,457,0,457,1653.36,16.54,1
10080,DECODE,457,0,457,1654.36,16.82,1
10081,DECODE,457,0,457,1655.36,16.35,1
10082,DECODE,457,0,457,1656.36,16.40,1
10083,DECODE,457,0,457,1657.36,16.38,1
10084,DECODE,457,0,457,1658.36,16.93,1
10085,DECODE,457,0,457,1659.36,16.75,1
10086,DECODE,457,0,457,1660.36,16.89,1
10087,DECODE,456,0,456,1661.76,16.96,1
10088,DECODE,456,0,456,1662.76,16.67,1
10089,DECODE,456,0,456,1663.76,16.67,1
10090,DECODE,455,0,455,1665.29,16.91,1
10091,DECODE,455,0,455,1666.29,17.37,1
10092,DECODE,455,0,455,1667.29,16.74,1
10093,DECODE,455,0,455,1668.29,16.73,1
10094,DECODE,455,0,455,1669.29,16.79,1
10095,DECODE,455,0,455,1670.29,16.54,1
10096,DECODE,455,0,455,1671.29,16.53,1
10097,DECODE,454,0,454,1670.33,16.59,1
10098,DECODE,454,0,454,1671.33,16.43,1
10099,DECODE,452,0,452,1672.34,16.46,1
10100,DECODE,452,0,452,1673.34,16.62,1
10101,DECODE,452,0,452,1674.34,16.47,1
10102,DECODE,451,0,451,1676.65,16.53,1
10103,DECODE,451,0,451,1677.65,16.37,1
10104,DECODE,451,0,451,1678.65,16.46,1
10105,DECODE,451,0,451,1679.65,16.56,1
10106,DECODE,451,0,451,1680.65,16.35,1
10107,DECODE,451,0,451,1681.65,16.53,1
10108,DECODE,451,0,451,1682.65,16.50,1
10109,DECODE,449,0,449,1683.40,16.61,1
10110,DECODE,449,0,449,1684.40,16.35,1
10111,DECODE,447,0,447,1681.48,19.55,1
10112,DECODE,447,0,447,1682.48,16.42,1
10113,DECODE,447,0,447,1683.48,16.28,1
10114,DECODE,447,0,447,1684.48,16.36,1
10115,DECODE,446,0,446,1686.04,16.10,1
10116,DECODE,445,0,445,1685.08,16.37,1
10117,DECODE,444,0,444,1684.59,16.26,1
10118,DECODE,444,0,444,1685.59,16.29,1
10119,DECODE,444,0,444,1686.59,16.23,1
10120,DECODE,444,0,444,1687.59,16.19,1
10121,DECODE,444,0,444,1688.59,16.17,1
10122,DECODE,443,0,443,1689.88,16.23,1
10123,DECODE,443,0,443,1690.88,16.26,1
10124,DECODE,443,0,443,1691.88,16.35,1
10125,DECODE,443,0,443,1692.88,16.37,1
10126,DECODE,443,0,443,1693.88,16.24,1
10127,DECODE,442,0,442,1692.92,16.16,1
10128,DECODE,440,0,440,1696.17,17.63,1
10129,DECODE,439,0,439,1697.80,17.68,1
10130,DECODE,439,0,439,1698.80,17.54,1
10131,DECODE,439,0,439,1699.80,17.48,1
10132,DECODE,439,0,439,1700.80,17.49,1
10133,DECODE,438,0,438,1699.84,18.06,1
10134,DECODE,438,0,438,1700.84,17.17,1
10135,DECODE,438,0,438,1701.84,17.18,1
10136,DECODE,438,0,438,1702.84,17.08,1
10137,DECODE,436,0,436,1704.38,17.75,1
10138,DECODE,435,0,435,1706.42,17.39,1
10139,DECODE,435,0,435,1707.42,17.10,1
10140,DECODE,435,0,435,1708.42,17.18,1
10141,DECODE,434,0,434,1707.46,16.16,1
10142,DECODE,433,0,433,1706.49,16.18,1
10143,DECODE,430,0,430,1701.53,18.82,1
10144,DECODE,430,0,430,1702.53,15.76,1
10145,DECODE,430,0,430,1703.53,15.72,1
10146,DECODE,430,0,430,1704.53,15.67,1
10147,DECODE,428,0,428,1703.16,15.75,1
10148,DECODE,428,0,428,1704.16,15.97,1
10149,DECODE,428,0,428,1705.16,16.38,1
10150,DECODE,426,0,426,1705.13,15.89,1
10151,DECODE,425,0,425,1704.12,15.70,1
10152,DECODE,424,0,424,1703.10,15.70,1
10153,DECODE,423,0,423,1702.08,15.69,1
10154,DECODE,423,0,423,1703.08,15.65,1
10155,DECODE,422,0,422,1705.54,15.69,1
10156,DECODE,421,0,421,1704.51,15.62,1
10157,DECODE,420,0,420,1705.47,15.65,1
10158,DECODE,420,0,420,1706.47,15.63,1
10159,DECODE,420,0,420,1707.47,15.72,1
10160,DECODE,420,0,420,1708.47,15.58,1
10161,DECODE,419,0,419,1708.93,15.59,1
10162,DECODE,419,0,419,1709.93,15.56,1
10163,DECODE,418,0,418,1709.34,18.52,1
10164,DECODE,418,0,418,1710.34,16.68,1
10165,DECODE,418,0,418,1711.34,17.19,1
10166,DECODE,418,0,418,1712.34,16.65,1
10167,DECODE,417,0,417,1714.18,17.00,1
10168,DECODE,416,0,416,1713.15,23.22,1
10169,DECODE,414,0,414,1712.47,17.19,1
10170,DECODE,414,0,414,1713.47,17.00,1
10171,DECODE,414,0,414,1714.47,17.06,1
10172,DECODE,414,0,414,1715.47,17.13,1
10173,DECODE,414,0,414,1716.47,16.89,1
10174,DECODE,414,0,414,1717.47,17.11,1
10175,DECODE,413,0,413,1718.02,17.51,1
10176,DECODE,412,0,412,1718.42,17.15,1
10177,DECODE,411,0,411,1719.75,16.76,1
10178,DECODE,411,0,411,1720.75,16.54,1
10179,DECODE,410,0,410,1720.43,16.95,1
10180,DECODE,410,0,410,1721.43,16.46,1
10181,DECODE,410,0,410,1722.43,16.97,1
10182,DECODE,409,0,409,1724.73,16.96,1
10183,DECODE,409,0,409,1725.73,16.44,1
10184,DECODE,409,0,409,1726.73,16.47,1
10185,DECODE,409,0,409,1727.73,16.49,1
10186,DECODE,409,0,409,1728.73,16.71,1
10187,DECODE,409,0,409,1729.73,16.48,1
10188,DECODE,409,0,409,1730.73,16.68,1
10189,DECODE,409,0,409,1731.73,16.61,1
10190,DECODE,409,0,409,1732.73,16.46,1
10191,DECODE,409,0,409,1733.73,16.11,1
10192,DECODE,408,0,408,1735.15,16.24,1
10193,DECODE,408,0,408,1736.15,17.22,1
10194,DECODE,408,0,408,1737.15,17.97,1
10195,DECODE,408,0,408,1738.15,18.46,1
10196,DECODE,408,0,408,1739.15,17.76,1
10197,DECODE,408,0,408,1740.15,17.14,1
10198,DECODE,408,0,408,1741.15,16.92,1
10199,DECODE,407,0,407,1740.14,17.25,1
10200,DECODE,407,0,407,1741.14,16.97,1
10201,DECODE,407,0,407,1742.14,16.06,1
10202,DECODE,405,0,405,1743.43,16.43,1
10203,DECODE,405,0,405,1744.43,16.23,1
10204,DECODE,405,0,405,1745.43,15.97,1
10205,DECODE,405,0,405,1746.43,16.06,1
10206,DECODE,405,0,405,1747.43,16.17,1
10207,DECODE,405,0,405,1748.43,16.11,1
10208,DECODE,405,0,405,1749.43,16.10,1
10209,DECODE,405,0,405,1750.43,16.07,1
10210,DECODE,405,0,405,1751.43,16.07,1
10211,DECODE,405,0,405,1752.43,16.06,1
10212,DECODE,405,0,405,1753.43,15.92,1
10213,DECODE,404,0,404,1753.67,16.21,1
10214,DECODE,404,0,404,1754.67,16.20,1
10215,DECODE,404,0,404,1755.67,16.04,1
10216,DECODE,404,0,404,1756.67,16.09,1
10217,DECODE,404,0,404,1757.67,16.18,1
10218,DECODE,404,0,404,1758.67,16.13,1
10219,DECODE,404,0,404,1759.67,16.67,1
10220,DECODE,404,0,404,1760.67,16.17,1
10221,DECODE,404,0,404,1761.67,16.18,1
10222,DECODE,404,0,404,1762.67,16.13,1
10223,DECODE,404,0,404,1763.67,16.22,1
10224,DECODE,404,0,404,1764.67,16.08,1
10225,DECODE,403,0,403,1767.02,16.17,1
10226,DECODE,402,0,402,1768.19,16.68,1
10227,DECODE,399,0,399,1768.41,19.69,1
10228,DECODE,399,0,399,1769.41,16.09,1
10229,DECODE,398,0,398,1768.42,16.17,1
10230,DECODE,397,0,397,1767.43,16.29,1
10231,DECODE,397,0,397,1768.43,15.85,1
10232,DECODE,397,0,397,1769.43,15.90,1
10233,DECODE,397,0,397,1770.43,17.41,1
10234,DECODE,397,0,397,1771.43,16.86,1
10235,DECODE,397,0,397,1772.43,15.86,1
10236,DECODE,397,0,397,1773.43,15.94,1
10237,DECODE,395,0,395,1774.05,15.24,1
10238,DECODE,395,0,395,1775.05,15.16,1
10239,DECODE,394,0,394,1774.06,15.19,1
10240,DECODE,394,0,394,1775.06,15.09,1
10241,DECODE,394,0,394,1776.06,15.21,1
10242,DECODE,394,0,394,1777.06,15.14,1
10243,DECODE,393,0,393,1776.07,15.14,1
10244,DECODE,392,0,392,1775.07,14.74,1
10245,DECODE,391,0,391,1774.06,15.07,1
10246,DECODE,391,0,391,1775.06,15.03,1
10247,DECODE,390,0,390,1775.18,15.05,1
10248,DECODE,388,0,388,1778.10,14.95,1
10249,DECODE,388,0,388,1779.10,14.89,1
10250,DECODE,388,0,388,1780.10,14.88,1
10251,DECODE,388,0,388,1781.10,14.88,1
10252,DECODE,388,0,388,1782.10,14.82,1
10253,DECODE,388,0,388,1783.10,14.87,1
10254,DECODE,387,0,387,1782.09,14.98,1
10255,DECODE,386,0,386,1781.08,15.12,1
10256,DECODE,386,0,386,1782.08,14.95,1
10257,DECODE,385,0,385,1781.06,15.02,1
10258,DECODE,385,0,385,1782.06,14.96,1
10259,DECODE,385,0,385,1783.06,14.82,1
10260,DECODE,385,0,385,1784.06,14.83,1
10261,DECODE,384,0,384,1783.04,18.41,1
10262,DECODE,384,0,384,1784.04,14.79,1
10263,DECODE,384,0,384,1785.04,14.80,1
10264,DECODE,384,0,384,1786.04,14.75,1
10265,DECODE,384,0,384,1787.04,14.70,1
10266,DECODE,384,0,384,1788.04,14.69,1
10267,DECODE,383,0,383,1789.73,14.97,1
10268,DECODE,382,0,382,1788.77,14.77,1
10269,DECODE,382,0,382,1789.77,14.68,1
10270,DECODE,382,0,382,1790.77,14.66,1
10271,DECODE,382,0,382,1791.77,14.69,1
10272,DECODE,381,0,381,1793.99,15.19,1
10273,DECODE,379,0,379,1793.92,14.72,1
10274,DECODE,379,0,379,1794.92,14.56,1
10275,DECODE,379,0,379,1795.92,14.62,1
10276,DECODE,379,0,379,1796.92,14.69,1
10277,DECODE,379,0,379,1797.92,14.62,1
10278,DECODE,379,0,379,1798.92,14.62,1
10279,DECODE,379,0,379,1799.92,14.64,1
10280,DECODE,379,0,379,1800.92,14.62,1
10281,DECODE,378,0,378,1799.91,14.74,1
10282,DECODE,378,0,378,1800.91,14.72,1
10283,DECODE,378,0,378,1801.91,14.66,1
10284,DECODE,378,0,378,1802.91,14.58,1
10285,DECODE,378,0,378,1803.91,14.68,1
10286,DECODE,378,0,378,1804.91,14.63,1
10287,DECODE,377,0,377,1803.90,14.75,1
10288,DECODE,377,0,377,1804.90,14.57,1
10289,DECODE,376,0,376,1806.99,14.83,1
10290,DECODE,376,0,376,1807.99,14.65,1
10291,DECODE,376,0,376,1808.99,14.65,1
10292,DECODE,376,0,376,1809.99,14.59,1
10293,DECODE,376,0,376,1810.99,14.71,1
10294,DECODE,374,0,374,1813.57,14.70,1
10295,DECODE,374,0,374,1814.57,14.63,1
10296,DECODE,374,0,374,1815.57,14.58,1
10297,DECODE,373,0,373,1814.58,14.70,1
10298,DECODE,373,0,373,1815.58,14.63,1
10299,DECODE,372,0,372,1814.58,14.64,1
10300,DECODE,372,0,372,1815.58,14.56,1
10301,DECODE,371,0,371,1814.60,14.69,1
10302,DECODE,370,0,370,1815.36,14.62,1
10303,DECODE,370,0,370,1816.36,14.55,1
10304,DECODE,370,0,370,1817.36,14.57,1
10305,DECODE,370,0,370,1818.36,14.56,1
10306,DECODE,370,0,370,1819.36,14.63,1
10307,DECODE,370,0,370,1820.36,14.56,1
10308,DECODE,369,0,369,1820.50,14.66,1
10309,DECODE,369,0,369,1821.50,14.61,1
10310,DECODE,368,0,368,1823.54,17.84,1
10311,DECODE,366,0,366,1823.60,14.69,1
10312,DECODE,366,0,366,1824.60,14.98,1
10313,DECODE,366,0,366,1825.60,15.13,1
10314,DECODE,365,0,365,1824.59,14.70,1
10315,DECODE,364,0,364,1823.57,14.47,1
10316,DECODE,364,0,364,1824.57,14.41,1
10317,DECODE,364,0,364,1825.57,14.37,1
10318,DECODE,363,0,363,1824.61,14.52,1
10319,DECODE,363,0,363,1825.61,14.41,1
10320,DECODE,362,0,362,1827.49,14.28,1
10321,DECODE,362,0,362,1828.49,14.32,1
10322,DECODE,362,0,362,1829.49,14.39,1
10323,DECODE,361,0,361,1828.74,14.72,1
10324,DECODE,361,0,361,1829.74,14.45,1
10325,DECODE,361,0,361,1830.74,14.45,1
10326,DECODE,361,0,361,1831.74,14.41,1
10327,DECODE,360,0,360,1830.72,14.61,1
10328,DECODE,360,0,360,1831.72,14.48,1
10329,DECODE,360,0,360,1832.72,14.40,1
10330,DECODE,360,0,360,1833.72,14.41,1
10331,DECODE,360,0,360,1834.72,14.46,1
10332,DECODE,360,0,360,1835.72,14.53,1
10333,DECODE,360,0,360,1836.72,15.56,1
10334,DECODE,358,0,358,1833.68,15.12,1
10335,DECODE,358,0,358,1834.68,15.21,1
10336,DECODE,357,0,357,1835.53,15.41,1
10337,DECODE,357,0,357,1836.53,15.28,1
10338,DECODE,357,0,357,1837.53,15.23,1
10339,DECODE,356,0,356,1836.50,15.48,1
10340,DECODE,356,0,356,1837.50,15.57,1
10341,DECODE,356,0,356,1838.50,15.28,1
10342,DECODE,355,0,355,1837.47,15.24,1
10343,DECODE,354,0,354,1836.43,15.07,1
10344,DECODE,353,0,353,1835.38,15.10,1
10345,DECODE,353,0,353,1836.38,14.90,1
10346,DECODE,353,0,353,1837.38,15.27,1
10347,DECODE,353,0,353,1838.38,15.39,1
10348,DECODE,353,0,353,1839.38,15.18,1
10349,DECODE,353,0,353,1840.38,15.15,1
10350,DECODE,353,0,353,1841.38,15.26,1
10351,DECODE,353,0,353,1842.38,15.33,1
10352,DECODE,353,0,353,1843.38,15.75,1
10353,DECODE,353,0,353,1844.38,15.24,1
10354,DECODE,353,0,353,1845.38,15.49,1
10355,DECODE,353,0,353,1846.38,15.32,1
10356,DECODE,352,0,352,1845.35,21.68,1
10357,DECODE,352,0,352,1846.35,15.17,1
10358,DECODE,352,0,352,1847.35,15.28,1
10359,DECODE,351,0,351,1847.83,15.38,1
10360,DECODE,351,0,351,1848.83,15.35,1
10361,DECODE,351,0,351,1849.83,15.21,1
10362,DECODE,351,0,351,1850.83,15.29,1
10363,DECODE,351,0,351,1851.83,15.44,1
10364,DECODE,351,0,351,1852.83,15.10,1
10365,DECODE,351,0,351,1853.83,15.23,1
10366,DECODE,351,0,351,1854.83,15.34,1
10367,DECODE,351,0,351,1855.83,15.20,1
10368,DECODE,349,0,349,1854.43,15.37,1
10369,DECODE,348,0,348,1853.40,15.49,1
10370,DECODE,348,0,348,1854.40,14.91,1
10371,DECODE,348,0,348,1855.40,14.96,1
10372,DECODE,346,0,346,1856.37,14.99,1
10373,DECODE,345,0,345,1855.33,15.28,1
10374,DECODE,345,0,345,1856.33,14.99,1
10375,DECODE,344,0,344,1855.28,15.17,1
10376,DECODE,344,0,344,1856.28,14.99,1
10377,DECODE,344,0,344,1857.28,15.04,1
10378,DECODE,344,0,344,1858.28,15.14,1
10379,DECODE,344,0,344,1859.28,15.05,1
10380,DECODE,343,0,343,1858.24,15.71,1
10381,DECODE,343,0,343,1859.24,15.33,1
10382,DECODE,342,0,342,1858.19,15.36,1
10383,DECODE,342,0,342,1859.19,15.25,1
10384,DECODE,342,0,342,1860.19,15.14,1
10385,DECODE,342,0,342,1861.19,15.10,1
10386,DECODE,342,0,342,1862.19,15.61,1
10387,DECODE,342,0,342,1863.19,15.16,1
10388,DECODE,342,0,342,1864.19,14.54,1
10389,DECODE,342,0,342,1865.19,15.30,1
10390,DECODE,342,0,342,1866.19,15.31,1
10391,DECODE,341,0,341,1868.34,15.77,1
10392,DECODE,341,0,341,1869.34,15.23,1
10393,DECODE,341,0,341,1870.34,15.39,1
10394,DECODE,340,0,340,1869.91,15.58,1
10395,DECODE,340,0,340,1870.91,15.18,1
10396,DECODE,340,0,340,1871.91,15.19,1
10397,DECODE,340,0,340,1872.91,14.37,1
10398,DECODE,340,0,340,1873.91,14.39,1
10399,DECODE,339,0,339,1874.47,14.71,1
10400,DECODE,339,0,339,1875.47,14.37,1
10401,DECODE,339,0,339,1876.47,14.49,1
10402,DECODE,338,0,338,1875.45,14.61,1
10403,DECODE,337,0,337,1874.42,14.72,1
10404,DECODE,337,0,337,1875.42,14.38,1
10405,DECODE,337,0,337,1876.42,14.49,1
10406,DECODE,337,0,337,1877.42,14.70,1
10407,DECODE,337,0,337,1878.42,14.65,1
10408,DECODE,337,0,337,1879.42,14.54,1
10409,DECODE,337,0,337,1880.42,14.48,1
10410,DECODE,336,0,336,1879.39,18.14,1
10411,DECODE,335,0,335,1879.69,14.19,1
10412,DECODE,335,0,335,1880.69,14.32,1
10413,DECODE,335,0,335,1881.69,14.14,1
10414,DECODE,335,0,335,1882.69,14.56,1
10415,DECODE,335,0,335,1883.69,15.05,1
10416,DECODE,335,0,335,1884.69,15.34,1
10417,DECODE,335,0,335,1885.69,15.30,1
10418,DECODE,335,0,335,1886.69,15.09,1
10419,DECODE,334,0,334,1888.73,15.46,1
10420,DECODE,334,0,334,1889.73,15.28,1
10421,DECODE,334,0,334,1890.73,15.04,1
10422,DECODE,334,0,334,1891.73,15.26,1
10423,DECODE,334,0,334,1892.73,16.21,1
10424,DECODE,334,0,334,1893.73,15.15,1
10425,DECODE,334,0,334,1894.73,15.19,1
10426,DECODE,334,0,334,1895.73,15.15,1
10427,DECODE,334,0,334,1896.73,15.19,1
10428,DECODE,334,0,334,1897.73,15.02,1
10429,DECODE,334,0,334,1898.73,15.02,1
10430,DECODE,334,0,334,1899.73,14.43,1
10431,DECODE,333,0,333,1898.75,14.03,1
10432,DECODE,333,0,333,1899.75,14.09,1
10433,DECODE,332,0,332,1901.99,14.07,1
10434,DECODE,332,0,332,1902.99,14.01,1
10435,DECODE,332,0,332,1903.99,15.15,1
10436,DECODE,332,0,332,1904.99,14.06,1
10437,DECODE,332,0,332,1905.99,14.27,1
10438,DECODE,331,0,331,1905.02,14.13,1
10439,DECODE,331,0,331,1906.02,14.10,1
10440,DECODE,331,0,331,1907.02,14.04,1
10441,DECODE,331,0,331,1908.02,14.06,1
10442,DECODE,331,0,331,1909.02,14.21,1
10443,DECODE,330,0,330,1908.05,13.75,1
10444,DECODE,330,0,330,1909.05,13.68,1
10445,DECODE,330,0,330,1910.05,13.67,1
10446,DECODE,330,0,330,1911.05,13.48,1
10447,DECODE,330,0,330,1912.05,13.56,1
10448,DECODE,330,0,330,1913.05,13.63,1
10449,DECODE,330,0,330,1914.05,13.64,1
10450,DECODE,330,0,330,1915.05,13.52,1
10451,DECODE,328,0,328,1915.13,13.91,1
10452,DECODE,328,0,328,1916.13,13.61,1
10453,DECODE,327,0,327,1916.72,13.54,1
10454,DECODE,327,0,327,1917.72,13.43,1
10455,DECODE,327,0,327,1918.72,13.44,1
10456,DECODE,327,0,327,1919.72,13.59,1
10457,DECODE,327,0,327,1920.72,13.52,1
10458,DECODE,326,0,326,1920.96,13.80,1
10459,DECODE,325,0,325,1920.00,13.61,1
10460,DECODE,324,0,324,1920.93,14.90,1
10461,DECODE,324,0,324,1921.93,14.37,1
10462,DECODE,324,0,324,1922.93,13.65,1
10463,DECODE,324,0,324,1923.93,13.55,1
10464,DECODE,324,0,324,1924.93,14.39,1
10465,DECODE,324,0,324,1925.93,14.50,1
10466,DECODE,324,0,324,1926.93,14.71,1
10467,DECODE,323,0,323,1927.83,14.73,1
10468,DECODE,321,0,321,1929.73,14.88,1
10469,DECODE,321,0,321,1930.73,14.31,1
10470,DECODE,321,0,321,1931.73,14.73,1
10471,DECODE,321,0,321,1932.73,14.35,1
10472,DECODE,321,0,321,1933.73,14.75,1
10473,DECODE,321,0,321,1934.73,14.34,1
10474,DECODE,321,0,321,1935.73,13.52,1
10475,DECODE,321,0,321,1936.73,13.61,1
10476,DECODE,321,0,321,1937.73,13.69,1
10477,DECODE,321,0,321,1938.73,13.51,1
10478,DECODE,321,0,321,1939.73,13.59,1
10479,DECODE,321,0,321,1940.73,13.61,1
10480,DECODE,320,0,320,1939.79,17.02,1
10481,DECODE,320,0,320,1940.79,13.69,1
10482,DECODE,319,0,319,1939.85,13.86,1
10483,DECODE,319,0,319,1940.85,13.61,1
10484,DECODE,318,0,318,1939.90,13.79,1
10485,DECODE,318,0,318,1940.90,14.62,1
10486,DECODE,318,0,318,1941.90,14.55,1
10487,DECODE,318,0,318,1942.90,14.78,1
10488,DECODE,318,0,318,1943.90,14.55,1
10489,DECODE,318,0,318,1944.90,14.54,1
10490,DECODE,318,0,318,1945.90,14.53,1
10491,DECODE,317,0,317,1944.97,15.25,1
10492,DECODE,316,0,316,1944.03,15.07,1
10493,DECODE,316,0,316,1945.03,14.67,1
10494,DECODE,315,0,315,1946.23,14.69,1
10495,DECODE,315,0,315,1947.23,14.45,1
10496,DECODE,315,0,315,1948.23,14.48,1
10497,DECODE,315,0,315,1949.23,14.46,1
10498,DECODE,315,0,315,1950.23,14.47,1
10499,DECODE,315,0,315,1951.23,14.46,1
10500,DECODE,315,0,315,1952.23,14.81,1
10501,DECODE,315,0,315,1953.23,14.51,1
10502,DECODE,315,0,315,1954.23,14.60,1
10503,DECODE,315,0,315,1955.23,14.46,1
10504,DECODE,315,0,315,1956.23,14.47,1
10505,DECODE,314,0,314,1955.31,14.78,1
10506,DECODE,314,0,314,1956.31,14.45,1
10507,DECODE,312,0,312,1956.02,14.63,1
10508,DECODE,312,0,312,1957.02,14.35,1
10509,DECODE,310,0,310,1956.99,14.82,1
10510,DECODE,308,0,308,1955.86,14.89,1
10511,DECODE,308,0,308,1956.86,14.25,1
10512,DECODE,308,0,308,1957.86,14.51,1
10513,DECODE,308,0,308,1958.86,14.68,1
10514,DECODE,308,0,308,1959.86,14.46,1
10515,DECODE,308,0,308,1960.86,14.47,1
10516,DECODE,308,0,308,1961.86,14.55,1
10517,DECODE,308,0,308,1962.86,14.95,1
10518,DECODE,307,0,307,1965.31,14.69,1
10519,DECODE,307,0,307,1966.31,14.76,1
10520,DECODE,307,0,307,1967.31,14.46,1
10521,DECODE,306,0,306,1968.32,14.71,1
10522,DECODE,306,0,306,1969.32,14.43,1
10523,DECODE,306,0,306,1970.32,14.52,1
10524,DECODE,304,0,304,1969.09,20.46,1
10525,DECODE,303,0,303,1968.14,14.66,1
10526,DECODE,303,0,303,1969.14,14.31,1
10527,DECODE,303,0,303,1970.14,14.41,1
10528,DECODE,303,0,303,1971.14,14.61,1
10529,DECODE,303,0,303,1972.14,14.42,1
10530,DECODE,302,0,302,1971.19,14.98,1
10531,DECODE,302,0,302,1972.19,14.34,1
10532,DECODE,302,0,302,1973.19,14.36,1
10533,DECODE,302,0,302,1974.19,14.29,1
10534,DECODE,301,0,301,1973.39,14.93,1
10535,DECODE,300,0,300,1973.86,14.53,1
10536,DECODE,299,0,299,1972.90,14.64,1
10537,DECODE,299,0,299,1973.90,14.43,1
10538,DECODE,299,0,299,1974.90,14.22,1
10539,DECODE,298,0,298,1973.93,14.69,1
10540,DECODE,298,0,298,1974.93,13.56,1
10541,DECODE,298,0,298,1975.93,14.46,1
10542,DECODE,298,0,298,1976.93,13.53,1
10543,DECODE,298,0,298,1977.93,13.29,1
10544,DECODE,298,0,298,1978.93,13.38,1
10545,DECODE,298,0,298,1979.93,13.23,1
10546,DECODE,298,0,298,1980.93,14.45,1
10547,DECODE,298,0,298,1981.93,13.49,1
10548,DECODE,298,0,298,1982.93,13.53,1
10549,DECODE,298,0,298,1983.93,13.37,1
10550,DECODE,298,0,298,1984.93,13.41,1
10551,DECODE,298,0,298,1985.93,13.42,1
10552,DECODE,298,0,298,1986.93,13.31,1
10553,DECODE,298,0,298,1987.93,13.51,1
10554,DECODE,298,0,298,1988.93,13.37,1
10555,DECODE,297,0,297,1988.01,13.58,1
10556,DECODE,297,0,297,1989.01,13.38,1
10557,DECODE,297,0,297,1990.01,13.41,1
10558,DECODE,297,0,297,1991.01,13.37,1
10559,DECODE,297,0,297,1992.01,13.43,1
10560,DECODE,297,0,297,1993.01,13.32,1
10561,DECODE,297,0,297,1994.01,13.33,1
10562,DECODE,297,0,297,1995.01,13.43,1
10563,DECODE,297,0,297,1996.01,13.34,1
10564,DECODE,297,0,297,1997.01,13.52,1
10565,DECODE,297,0,297,1998.01,13.49,1
10566,DECODE,297,0,297,1999.01,13.48,1
10567,DECODE,297,0,297,2000.01,13.39,1
10568,DECODE,297,0,297,2001.01,13.51,1
10569,DECODE,297,0,297,2002.01,13.49,1
10570,DECODE,297,0,297,2003.01,13.39,1
10571,DECODE,296,0,296,2005.26,13.58,1
10572,DECODE,296,0,296,2006.26,13.74,1
10573,DECODE,296,0,296,2007.26,13.92,1
10574,DECODE,294,0,294,2007.10,13.85,1
10575,DECODE,293,0,293,2006.21,13.92,1
10576,DECODE,293,0,293,2007.21,13.72,1
10577,DECODE,292,0,292,2006.32,13.86,1
10578,DECODE,292,0,292,2007.32,14.03,1
10579,DECODE,292,0,292,2008.32,13.71,1
10580,DECODE,292,0,292,2009.32,13.63,1
10581,DECODE,292,0,292,2010.32,13.90,1
10582,DECODE,291,0,291,2011.56,13.83,1
10583,DECODE,291,0,291,2012.56,13.65,1
10584,DECODE,291,0,291,2013.56,13.66,1
10585,DECODE,291,0,291,2014.56,13.63,1
10586,DECODE,290,0,290,2015.24,14.09,1
10587,DECODE,290,0,290,2016.24,15.12,1
10588,DECODE,290,0,290,2017.24,15.02,1
10589,DECODE,290,0,290,2018.24,15.05,1
10590,DECODE,290,0,290,2019.24,15.64,1
10591,DECODE,290,0,290,2020.24,14.98,1
10592,DECODE,290,0,290,2021.24,14.98,1
10593,DECODE,288,0,288,2024.75,22.55,1
10594,DECODE,288,0,288,2025.75,14.13,1
10595,DECODE,288,0,288,2026.75,14.10,1
10596,DECODE,288,0,288,2027.75,14.00,1
10597,DECODE,288,0,288,2028.75,15.82,1
10598,DECODE,288,0,288,2029.75,14.47,1
10599,DECODE,288,0,288,2030.75,16.43,1
10600,DECODE,288,0,288,2031.75,14.21,1
10601,DECODE,288,0,288,2032.75,14.20,1
10602,DECODE,287,0,287,2031.91,14.84,1
10603,DECODE,287,0,287,2032.91,14.38,1
10604,DECODE,287,0,287,2033.91,14.16,1
10605,DECODE,286,0,286,2033.07,14.56,1
10606,DECODE,286,0,286,2034.07,14.34,1
10607,DECODE,286,0,286,2035.07,13.37,1
10608,DECODE,286,0,286,2036.07,13.58,1
10609,DECODE,286,0,286,2037.07,14.34,1
10610,DECODE,285,0,285,2037.50,14.81,1
10611,DECODE,285,0,285,2038.50,14.77,1
10612,DECODE,285,0,285,2039.50,14.36,1
10613,DECODE,285,0,285,2040.50,13.93,1
10614,DECODE,285,0,285,2041.50,14.36,1
10615,DECODE,285,0,285,2042.50,14.17,1
10616,DECODE,285,0,285,2043.50,14.14,1
10617,DECODE,285,0,285,2044.50,14.30,1
10618,DECODE,285,0,285,2045.50,14.19,1
10619,DECODE,284,0,284,2047.71,14.90,1
10620,DECODE,284,0,284,2048.71,14.17,1
10621,DECODE,283,0,283,2047.90,13.89,1
10622,DECODE,282,0,282,2047.09,14.74,1
10623,DECODE,281,0,281,2049.74,14.58,1
10624,DECODE,281,0,281,2050.74,13.56,1
10625,DECODE,279,0,279,2051.16,13.67,1
10626,DECODE,279,0,279,2052.16,13.45,1
10627,DECODE,279,0,279,2053.16,13.73,1
10628,DECODE,279,0,279,2054.16,13.26,1
10629,DECODE,279,0,279,2055.16,13.30,1
10630,DECODE,279,0,279,2056.16,13.36,1
10631,DECODE,279,0,279,2057.16,13.30,1
10632,DECODE,279,0,279,2058.16,13.46,1
10633,DECODE,277,0,277,2058.94,13.51,1
10634,DECODE,277,0,277,2059.94,13.38,1
10635,DECODE,277,0,277,2060.94,13.22,1
10636,DECODE,277,0,277,2061.94,13.40,1
10637,DECODE,277,0,277,2062.94,13.36,1
10638,DECODE,276,0,276,2062.14,15.90,1
10639,DECODE,276,0,276,2063.14,14.17,1
10640,DECODE,276,0,276,2064.14,14.16,1
10641,DECODE,275,0,275,2063.33,14.14,1
10642,DECODE,275,0,275,2064.33,13.31,1
10643,DECODE,275,0,275,2065.33,13.29,1
10644,DECODE,275,0,275,2066.33,13.07,1
10645,DECODE,274,0,274,2065.53,13.50,1
10646,DECODE,274,0,274,2066.53,13.33,1
10647,DECODE,273,0,273,2065.73,13.44,1
10648,DECODE,273,0,273,2066.73,13.38,1
10649,DECODE,273,0,273,2067.73,13.29,1
10650,DECODE,273,0,273,2068.73,13.27,1
10651,DECODE,273,0,273,2069.73,13.39,1
10652,DECODE,273,0,273,2070.73,13.08,1
10653,DECODE,273,0,273,2071.73,13.15,1
10654,DECODE,273,0,273,2072.73,13.28,1
10655,DECODE,273,0,273,2073.73,13.29,1
10656,DECODE,273,0,273,2074.73,13.21,1
10657,DECODE,273,0,273,2075.73,12.96,1
10658,DECODE,273,0,273,2076.73,13.09,1
10659,DECODE,273,0,273,2077.73,13.21,1
10660,DECODE,273,0,273,2078.73,13.17,1
10661,DECODE,273,0,273,2079.73,13.23,1
10662,DECODE,273,0,273,2080.73,13.48,1
10663,DECODE,273,0,273,2081.73,13.33,1
10664,DECODE,273,0,273,2082.73,14.08,1
10665,DECODE,272,0,272,2081.97,16.19,1
10666,DECODE,271,0,271,2082.05,13.18,1
10667,DECODE,271,0,271,2083.05,13.17,1
10668,DECODE,271,0,271,2084.05,13.36,1
10669,DECODE,271,0,271,2085.05,13.06,1
10670,DECODE,270,0,270,2084.29,14.52,1
10671,DECODE,269,0,269,2084.41,14.43,1
10672,DECODE,269,0,269,2085.41,14.03,1
10673,DECODE,269,0,269,2086.41,13.90,1
10674,DECODE,268,0,268,2085.64,13.54,1
10675,DECODE,268,0,268,2086.64,14.00,1
10676,DECODE,268,0,268,2087.64,14.15,1
10677,DECODE,268,0,268,2088.64,13.90,1
10678,DECODE,268,0,268,2089.64,14.18,1
10679,DECODE,268,0,268,2090.64,14.03,1
10680,DECODE,267,0,267,2089.88,14.24,1
10681,DECODE,267,0,267,2090.88,13.87,1
10682,DECODE,266,0,266,2090.12,14.56,1
10683,DECODE,266,0,266,2091.12,13.97,1
10684,DECODE,265,0,265,2091.00,14.39,1
10685,DECODE,265,0,265,2092.00,14.05,1
10686,DECODE,265,0,265,2093.00,14.08,1
10687,DECODE,264,0,264,2092.23,13.78,1
10688,DECODE,263,0,263,2093.13,13.61,1
10689,DECODE,262,0,262,2094.85,12.80,1
10690,DECODE,262,0,262,2095.85,12.64,1
10691,DECODE,261,0,261,2095.07,12.72,1
10692,DECODE,261,0,261,2096.07,12.61,1
10693,DECODE,260,0,260,2096.38,12.69,1
10694,DECODE,260,0,260,2097.38,12.62,1
10695,DECODE,260,0,260,2098.38,12.59,1
10696,DECODE,260,0,260,2099.38,12.56,1
10697,DECODE,260,0,260,2100.38,12.72,1
10698,DECODE,260,0,260,2101.38,12.07,1
10699,DECODE,259,0,259,2100.61,12.66,1
10700,DECODE,258,0,258,2103.26,12.31,1
10701,DECODE,258,0,258,2104.26,12.17,1
10702,DECODE,258,0,258,2105.26,12.25,1
10703,DECODE,258,0,258,2106.26,12.16,1
10704,DECODE,257,0,257,2107.97,12.29,1
10705,DECODE,257,0,257,2108.97,12.16,1
10706,DECODE,256,0,256,2108.62,12.32,1
10707,DECODE,256,0,256,2109.62,12.05,1
10708,DECODE,255,0,255,2108.85,12.13,1
10709,DECODE,255,0,255,2109.85,12.00,1
10710,DECODE,254,0,254,2109.08,12.20,1
10711,DECODE,253,0,253,2108.30,12.09,1
10712,DECODE,253,0,253,2109.30,11.93,1
10713,DECODE,253,0,253,2110.30,11.96,1
10714,DECODE,253,0,253,2111.30,11.97,1
10715,DECODE,252,0,252,2111.54,12.13,1
10716,DECODE,252,0,252,2112.54,11.94,1
10717,DECODE,252,0,252,2113.54,11.99,1
10718,DECODE,251,0,251,2112.76,12.20,1
10719,DECODE,250,0,250,2111.98,12.10,1
10720,DECODE,250,0,250,2112.98,11.92,1
10721,DECODE,249,0,249,2112.18,12.04,1
10722,DECODE,249,0,249,2113.18,11.88,1
10723,DECODE,249,0,249,2114.18,11.88,1
10724,DECODE,249,0,249,2115.18,11.89,1
10725,DECODE,247,0,247,2116.22,11.97,1
10726,DECODE,247,0,247,2117.22,11.85,1
10727,DECODE,247,0,247,2118.22,11.78,1
10728,DECODE,246,0,246,2117.43,11.81,1
10729,DECODE,246,0,246,2118.43,11.78,1
10730,DECODE,245,0,245,2117.62,11.77,1
10731,DECODE,245,0,245,2118.62,11.78,1
10732,DECODE,245,0,245,2119.62,11.79,1
10733,DECODE,244,0,244,2121.23,11.69,1
10734,DECODE,243,0,243,2121.91,11.81,1
10735,DECODE,243,0,243,2122.91,11.77,1
10736,DECODE,242,0,242,2122.98,12.09,1
10737,DECODE,242,0,242,2123.98,12.02,1
10738,DECODE,242,0,242,2124.98,12.13,1
10739,DECODE,241,0,241,2124.17,11.93,1
10740,DECODE,240,0,240,2123.36,11.95,1
10741,DECODE,240,0,240,2124.36,11.84,1
10742,DECODE,240,0,240,2125.36,11.70,1
10743,DECODE,240,0,240,2126.36,11.63,1
10744,DECODE,239,0,239,2125.54,11.90,1
10745,DECODE,239,0,239,2126.54,11.66,1
10746,DECODE,238,0,238,2126.81,11.57,1
10747,DECODE,238,0,238,2127.81,11.54,1
10748,DECODE,237,0,237,2128.23,11.56,1
10749,DECODE,237,0,237,2129.23,11.68,1
10750,DECODE,237,0,237,2130.23,11.60,1
10751,DECODE,237,0,237,2131.23,11.61,1
10752,DECODE,237,0,237,2132.23,11.77,1
10753,DECODE,235,0,235,2131.17,11.70,1
10754,DECODE,234,0,234,2130.34,12.07,1
10755,DECODE,233,0,233,2129.49,11.88,1
10756,DECODE,233,0,233,2130.49,11.81,1
10757,DECODE,233,0,233,2131.49,11.96,1
10758,DECODE,233,0,233,2132.49,11.87,1
10759,DECODE,233,0,233,2133.49,11.69,1
10760,DECODE,233,0,233,2134.49,11.64,1
10761,DECODE,233,0,233,2135.49,11.60,1
10762,DECODE,233,0,233,2136.49,11.60,1
10763,DECODE,233,0,233,2137.49,11.84,1
10764,DECODE,232,0,232,2136.67,11.74,1
10765,DECODE,232,0,232,2137.67,11.59,1
10766,DECODE,232,0,232,2138.67,11.48,1
10767,DECODE,231,0,231,2137.85,11.63,1
10768,DECODE,231,0,231,2138.85,11.66,1
10769,DECODE,231,0,231,2139.85,11.53,1
10770,DECODE,231,0,231,2140.85,13.07,1
10771,DECODE,231,0,231,2141.85,13.04,1
10772,DECODE,231,0,231,2142.85,12.99,1
10773,DECODE,231,0,231,2143.85,12.89,1
10774,DECODE,230,0,230,2143.04,12.98,1
10775,DECODE,230,0,230,2144.04,12.36,1
10776,DECODE,230,0,230,2145.04,12.25,1
10777,DECODE,230,0,230,2146.04,12.25,1
10778,DECODE,230,0,230,2147.04,12.61,1
10779,DECODE,230,0,230,2148.04,12.44,1
10780,DECODE,230,0,230,2149.04,12.41,1
10781,DECODE,230,0,230,2150.04,12.45,1
10782,DECODE,230,0,230,2151.04,12.35,1
10783,DECODE,230,0,230,2152.04,12.30,1
10784,DECODE,230,0,230,2153.04,12.39,1
10785,DECODE,230,0,230,2154.04,12.38,1
10786,DECODE,228,0,228,2154.55,12.65,1
10787,DECODE,227,0,227,2153.77,12.75,1
10788,DECODE,227,0,227,2154.77,12.41,1
10789,DECODE,227,0,227,2155.77,12.48,1
10790,DECODE,227,0,227,2156.77,12.89,1
10791,DECODE,226,0,226,2158.97,13.05,1
10792,DECODE,226,0,226,2159.97,12.36,1
10793,DECODE,225,0,225,2159.20,12.39,1
10794,DECODE,225,0,225,2160.20,12.42,1
10795,DECODE,225,0,225,2161.20,12.27,1
10796,DECODE,225,0,225,2162.20,12.51,1
10797,DECODE,225,0,225,2163.20,12.39,1
10798,DECODE,224,0,224,2164.88,12.95,1
10799,DECODE,224,0,224,2165.88,12.31,1
10800,DECODE,224,0,224,2166.88,12.20,1
10801,DECODE,224,0,224,2167.88,12.19,1
10802,DECODE,224,0,224,2168.88,12.36,1
10803,DECODE,224,0,224,2169.88,12.02,1
10804,DECODE,224,0,224,2170.88,12.11,1
10805,DECODE,224,0,224,2171.88,12.36,1
10806,DECODE,224,0,224,2172.88,12.13,1
10807,DECODE,223,0,223,2172.15,12.37,1
10808,DECODE,223,0,223,2173.15,12.93,1
10809,DECODE,223,0,223,2174.15,11.47,1
10810,DECODE,223,0,223,2175.15,11.42,1
10811,DECODE,223,0,223,2176.15,11.34,1
10812,DECODE,223,0,223,2177.15,11.55,1
10813,DECODE,222,0,222,2176.42,11.40,1
10814,DECODE,222,0,222,2177.42,11.40,1
10815,DECODE,221,0,221,2176.69,11.54,1
10816,DECODE,220,0,220,2178.59,12.59,1
10817,DECODE,220,0,220,2179.59,12.42,1
10818,DECODE,220,0,220,2180.59,11.46,1
10819,DECODE,219,0,219,2179.86,11.45,1
10820,DECODE,219,0,219,2180.86,12.50,1
10821,DECODE,218,0,218,2180.12,11.51,1
10822,DECODE,217,0,217,2179.37,11.50,1
10823,DECODE,217,0,217,2180.37,11.32,1
10824,DECODE,215,0,215,2177.84,11.29,1
10825,DECODE,215,0,215,2178.84,11.19,1
10826,DECODE,215,0,215,2179.84,10.97,1
10827,DECODE,215,0,215,2180.84,11.18,1
10828,DECODE,215,0,215,2181.84,11.12,1
10829,DECODE,215,0,215,2182.84,11.23,1
10830,DECODE,215,0,215,2183.84,11.13,1
10831,DECODE,215,0,215,2184.84,11.15,1
10832,DECODE,215,0,215,2185.84,11.26,1
10833,DECODE,214,0,214,2186.20,12.37,1
10834,DECODE,213,0,213,2185.45,11.31,1
10835,DECODE,213,0,213,2186.45,11.15,1
10836,DECODE,212,0,212,2185.68,11.24,1
10837,DECODE,212,0,212,2186.68,11.14,1
10838,DECODE,212,0,212,2187.68,11.17,1
10839,DECODE,212,0,212,2188.68,11.21,1
10840,DECODE,211,0,211,2187.92,11.09,1
10841,DECODE,211,0,211,2188.92,11.16,1
10842,DECODE,211,0,211,2189.92,11.06,1
10843,DECODE,211,0,211,2190.92,11.16,1
10844,DECODE,210,0,210,2190.17,11.16,1
10845,DECODE,209,0,209,2191.42,12.82,1
10846,DECODE,209,0,209,2192.42,11.28,1
10847,DECODE,208,0,208,2191.65,11.42,1
10848,DECODE,208,0,208,2192.65,11.19,1
10849,DECODE,208,0,208,2193.65,11.32,1
10850,DECODE,208,0,208,2194.65,11.31,1
10851,DECODE,208,0,208,2195.65,12.30,1
10852,DECODE,207,0,207,2194.89,11.33,1
10853,DECODE,207,0,207,2195.89,11.29,1
10854,DECODE,206,0,206,2195.12,11.37,1
10855,DECODE,206,0,206,2196.12,11.27,1
10856,DECODE,206,0,206,2197.12,11.34,1
10857,DECODE,206,0,206,2198.12,12.20,1
10858,DECODE,205,0,205,2197.36,12.50,1
10859,DECODE,204,0,204,2196.58,11.39,1
10860,DECODE,204,0,204,2197.58,11.24,1
10861,DECODE,204,0,204,2198.58,12.25,1
10862,DECODE,204,0,204,2199.58,11.96,1
10863,DECODE,204,0,204,2200.58,11.66,1
10864,DECODE,203,0,203,2199.81,11.86,1
10865,DECODE,202,0,202,2199.02,11.87,1
10866,DECODE,202,0,202,2200.02,11.77,1
10867,DECODE,202,0,202,2201.02,11.68,1
10868,DECODE,202,0,202,2202.02,11.70,1
10869,DECODE,201,0,201,2201.24,12.00,1
10870,DECODE,201,0,201,2202.24,12.09,1
10871,DECODE,201,0,201,2203.24,12.09,1
10872,DECODE,201,0,201,2204.24,13.24,1
10873,DECODE,201,0,201,2205.24,12.70,1
10874,DECODE,201,0,201,2206.24,12.78,1
10875,DECODE,201,0,201,2207.24,12.71,1
10876,DECODE,201,0,201,2208.24,12.73,1
10877,DECODE,201,0,201,2209.24,12.75,1
10878,DECODE,199,0,199,2206.72,14.64,1
10879,DECODE,199,0,199,2207.72,12.85,1
10880,DECODE,198,0,198,2206.94,13.06,1
10881,DECODE,197,0,197,2208.14,12.02,1
10882,DECODE,195,0,195,2205.53,12.30,1
10883,DECODE,194,0,194,2204.71,11.95,1
10884,DECODE,194,0,194,2205.71,11.54,1
10885,DECODE,193,0,193,2204.87,10.78,1
10886,DECODE,193,0,193,2205.87,10.55,1
10887,DECODE,190,0,190,2204.75,10.29,1
10888,DECODE,190,0,190,2205.75,10.28,1
10889,DECODE,190,0,190,2206.75,10.19,1
10890,DECODE,190,0,190,2207.75,10.13,1
10891,DECODE,190,0,190,2208.75,10.70,1
10892,DECODE,189,0,189,2207.89,11.26,1
10893,DECODE,189,0,189,2208.89,10.75,1
10894,DECODE,188,0,188,2208.02,11.31,1
10895,DECODE,188,0,188,2209.02,9.92,1
10896,DECODE,188,0,188,2210.02,10.12,1
10897,DECODE,187,0,187,2209.15,9.86,1
10898,DECODE,186,0,186,2208.26,9.94,1
10899,DECODE,186,0,186,2209.26,9.80,1
10900,DECODE,186,0,186,2210.26,9.79,1
10901,DECODE,184,0,184,2207.46,9.82,1
10902,DECODE,184,0,184,2208.46,9.78,1
10903,DECODE,184,0,184,2209.46,9.68,1
10904,DECODE,182,0,182,2206.61,9.71,1
10905,DECODE,181,0,181,2205.66,9.69,1
10906,DECODE,181,0,181,2206.66,9.67,1
10907,DECODE,181,0,181,2207.66,9.61,1
10908,DECODE,180,0,180,2206.70,9.68,1
10909,DECODE,180,0,180,2207.70,9.74,1
10910,DECODE,180,0,180,2208.70,9.60,1
10911,DECODE,180,0,180,2209.70,9.59,1
10912,DECODE,180,0,180,2210.70,9.61,1
10913,DECODE,180,0,180,2211.70,9.60,1
10914,DECODE,180,0,180,2212.70,9.56,1
10915,DECODE,179,0,179,2211.76,9.59,1
10916,DECODE,179,0,179,2212.76,9.58,1
10917,DECODE,179,0,179,2213.76,9.57,1
10918,DECODE,179,0,179,2214.76,9.58,1
10919,DECODE,179,0,179,2215.76,9.55,1
10920,DECODE,179,0,179,2216.76,10.25,1
10921,DECODE,179,0,179,2217.76,10.21,1
10922,DECODE,179,0,179,2218.76,9.64,1
10923,DECODE,179,0,179,2219.76,9.46,1
10924,DECODE,179,0,179,2220.76,9.63,1
10925,DECODE,179,0,179,2221.76,9.83,1
10926,DECODE,179,0,179,2222.76,9.85,1
10927,DECODE,179,0,179,2223.76,9.85,1
10928,DECODE,178,0,178,2222.87,9.94,1
10929,DECODE,178,0,178,2223.87,9.81,1
10930,DECODE,178,0,178,2224.87,9.84,1
10931,DECODE,177,0,177,2223.98,9.92,1
10932,DECODE,177,0,177,2224.98,9.77,1
10933,DECODE,177,0,177,2225.98,9.67,1
10934,DECODE,177,0,177,2226.98,9.59,1
10935,DECODE,177,0,177,2227.98,9.60,1
10936,DECODE,177,0,177,2228.98,9.54,1
10937,DECODE,175,0,175,2226.19,9.95,1
10938,DECODE,175,0,175,2227.19,9.64,1
10939,DECODE,175,0,175,2228.19,9.59,1
10940,DECODE,174,0,174,2227.29,9.56,1
10941,DECODE,174,0,174,2228.29,9.56,1
10942,DECODE,174,0,174,2229.29,9.57,1
10943,DECODE,174,0,174,2230.29,9.56,1
10944,DECODE,173,0,173,2229.38,9.56,1
10945,DECODE,173,0,173,2230.38,9.56,1
10946,DECODE,172,0,172,2229.47,9.54,1
10947,DECODE,172,0,172,2230.47,9.53,1
10948,DECODE,171,0,171,2229.54,9.50,1
10949,DECODE,170,0,170,2228.59,9.49,1
10950,DECODE,170,0,170,2229.59,9.58,1
10951,DECODE,170,0,170,2230.59,9.58,1
10952,DECODE,170,0,170,2231.59,9.72,1
10953,DECODE,170,0,170,2232.59,9.61,1
10954,DECODE,169,0,169,2231.66,9.53,1
10955,DECODE,169,0,169,2232.66,9.54,1
10956,DECODE,169,0,169,2233.66,9.52,1
10957,DECODE,169,0,169,2234.66,9.60,1
10958,DECODE,169,0,169,2235.66,9.81,1
10959,DECODE,169,0,169,2236.66,9.59,1
10960,DECODE,169,0,169,2237.66,9.64,1
10961,DECODE,169,0,169,2238.66,9.59,1
10962,DECODE,169,0,169,2239.66,9.32,1
10963,DECODE,168,0,168,2238.75,9.53,1
10964,DECODE,166,0,166,2235.88,9.48,1
10965,DECODE,165,0,165,2234.92,9.55,1
10966,DECODE,164,0,164,2233.93,9.39,1
10967,DECODE,164,0,164,2234.93,9.72,1
10968,DECODE,164,0,164,2235.93,9.90,1
10969,DECODE,164,0,164,2236.93,9.68,1
10970,DECODE,164,0,164,2237.93,9.63,1
10971,DECODE,164,0,164,2238.93,9.41,1
10972,DECODE,164,0,164,2239.93,9.38,1
10973,DECODE,163,0,163,2238.97,9.49,1
10974,DECODE,161,0,161,2237.16,9.66,1
10975,DECODE,161,0,161,2238.16,9.42,1
10976,DECODE,161,0,161,2239.16,9.42,1
10977,DECODE,161,0,161,2240.16,9.44,1
10978,DECODE,160,0,160,2239.16,9.43,1
10979,DECODE,160,0,160,2240.16,9.19,1
10980,DECODE,160,0,160,2241.16,9.21,1
10981,DECODE,160,0,160,2242.16,9.21,1
10982,DECODE,160,0,160,2243.16,9.10,1
10983,DECODE,160,0,160,2244.16,9.13,1
10984,DECODE,160,0,160,2245.16,9.13,1
10985,DECODE,160,0,160,2246.16,9.10,1
10986,DECODE,160,0,160,2247.16,9.20,1
10987,DECODE,160,0,160,2248.16,9.31,1
10988,DECODE,160,0,160,2249.16,9.09,1
10989,DECODE,159,0,159,2248.20,9.23,1
10990,DECODE,159,0,159,2249.20,9.18,1
10991,DECODE,158,0,158,2249.78,9.39,1
10992,DECODE,158,0,158,2250.78,9.34,1
10993,DECODE,158,0,158,2251.78,9.22,1
10994,DECODE,158,0,158,2252.78,9.41,1
10995,DECODE,158,0,158,2253.78,9.26,1
10996,DECODE,158,0,158,2254.78,9.71,1
10997,DECODE,158,0,158,2255.78,9.42,1
10998,DECODE,158,0,158,2256.78,9.40,1
10999,DECODE,158,0,158,2257.78,9.42,1
11000,DECODE,158,0,158,2258.78,9.39,1
11001,DECODE,156,0,156,2255.92,9.52,1
11002,DECODE,155,0,155,2254.95,9.62,1
11003,DECODE,155,0,155,2255.95,9.44,1
11004,DECODE,155,0,155,2256.95,9.67,1
11005,DECODE,155,0,155,2257.95,9.50,1
11006,DECODE,155,0,155,2258.95,9.71,1
11007,DECODE,155,0,155,2259.95,9.22,1
11008,DECODE,155,0,155,2260.95,9.11,1
11009,DECODE,155,0,155,2261.95,9.17,1
11010,DECODE,155,0,155,2262.95,9.40,1
11011,DECODE,153,0,153,2260.07,9.46,1
11012,DECODE,153,0,153,2261.07,9.20,1
11013,DECODE,153,0,153,2262.07,9.47,1
11014,DECODE,153,0,153,2263.07,10.17,1
11015,DECODE,153,0,153,2264.07,10.07,1
11016,DECODE,152,0,152,2263.12,11.04,1
11017,DECODE,152,0,152,2264.12,10.21,1
11018,DECODE,151,0,151,2263.17,10.60,1
11019,DECODE,150,0,150,2264.35,10.42,1
11020,DECODE,150,0,150,2265.35,10.19,1
11021,DECODE,149,0,149,2264.37,10.64,1
11022,DECODE,149,0,149,2265.37,10.54,1
11023,DECODE,149,0,149,2266.37,10.26,1
11024,DECODE,149,0,149,2267.37,10.40,1
11025,DECODE,149,0,149,2268.37,10.27,1
11026,DECODE,149,0,149,2269.37,10.21,1
11027,DECODE,148,0,148,2268.41,10.40,1
11028,DECODE,146,0,146,2265.41,10.65,1
11029,DECODE,146,0,146,2266.41,10.26,1
11030,DECODE,146,0,146,2267.41,10.19,1
11031,DECODE,146,0,146,2268.41,10.20,1
11032,DECODE,146,0,146,2269.41,10.17,1
11033,DECODE,145,0,145,2271.30,10.39,1
11034,DECODE,145,0,145,2272.30,10.21,1
11035,DECODE,145,0,145,2273.30,10.11,1
11036,DECODE,144,0,144,2272.31,10.40,1
11037,DECODE,144,0,144,2273.31,10.11,1
11038,DECODE,144,0,144,2274.31,10.44,1
11039,DECODE,144,0,144,2275.31,10.12,1
11040,DECODE,144,0,144,2276.31,10.12,1
11041,DECODE,144,0,144,2277.31,10.09,1
11042,DECODE,144,0,144,2278.31,10.09,1
11043,DECODE,144,0,144,2279.31,10.08,1
11044,DECODE,144,0,144,2280.31,10.08,1
11045,DECODE,142,0,142,2278.26,10.38,1
11046,DECODE,142,0,142,2279.26,10.24,1
11047,DECODE,142,0,142,2280.26,10.12,1
11048,DECODE,142,0,142,2281.26,10.13,1
11049,DECODE,141,0,141,2280.28,10.44,1
11050,DECODE,140,0,140,2279.29,10.66,1
11051,DECODE,140,0,140,2280.29,10.12,1
11052,DECODE,140,0,140,2281.29,10.37,1
11053,DECODE,140,0,140,2282.29,10.08,1
11054,DECODE,140,0,140,2283.29,10.17,1
11055,DECODE,140,0,140,2284.29,10.15,1
11056,DECODE,140,0,140,2285.29,10.13,1
11057,DECODE,140,0,140,2286.29,10.34,1
11058,DECODE,140,0,140,2287.29,10.13,1
11059,DECODE,140,0,140,2288.29,10.17,1
11060,DECODE,140,0,140,2289.29,10.18,1
11061,DECODE,138,0,138,2286.36,10.29,1
11062,DECODE,137,0,137,2285.36,10.42,1
11063,DECODE,137,0,137,2286.36,10.09,1
11064,DECODE,137,0,137,2287.36,10.17,1
11065,DECODE,137,0,137,2288.36,10.03,1
11066,DECODE,137,0,137,2289.36,10.09,1
11067,DECODE,137,0,137,2290.36,10.03,1
11068,DECODE,136,0,136,2289.38,10.36,1
11069,DECODE,136,0,136,2290.38,10.15,1
11070,DECODE,136,0,136,2291.38,10.05,1
11071,DECODE,136,0,136,2292.38,10.04,1
11072,DECODE,136,0,136,2293.38,10.09,1
11073,DECODE,136,0,136,2294.38,10.04,1
11074,DECODE,135,0,135,2293.41,10.40,1
11075,DECODE,135,0,135,2294.41,10.28,1
11076,DECODE,134,0,134,2293.43,10.60,1
11077,DECODE,133,0,133,2293.61,10.26,1
11078,DECODE,133,0,133,2294.61,10.09,1
11079,DECODE,133,0,133,2295.61,9.97,1
11080,DECODE,132,0,132,2294.61,9.68,1
11081,DECODE,132,0,132,2295.61,9.26,1
11082,DECODE,132,0,132,2296.61,9.17,1
11083,DECODE,131,0,131,2295.60,9.44,1
11084,DECODE,131,0,131,2296.60,9.18,1
11085,DECODE,131,0,131,2297.60,9.02,1
11086,DECODE,131,0,131,2298.60,9.13,1
11087,DECODE,130,0,130,2297.58,9.25,1
11088,DECODE,129,0,129,2296.55,9.62,1
11089,DECODE,129,0,129,2297.55,9.31,1
11090,DECODE,129,0,129,2298.55,9.03,1
11091,DECODE,129,0,129,2299.55,9.07,1
11092,DECODE,127,0,127,2296.45,9.02,1
11093,DECODE,127,0,127,2297.45,8.66,1
11094,DECODE,126,0,126,2296.37,8.93,1
11095,DECODE,126,0,126,2297.37,8.64,1
11096,DECODE,125,0,125,2296.26,9.16,1
11097,DECODE,125,0,125,2297.26,8.64,1
11098,DECODE,124,0,124,2296.15,8.87,1
11099,DECODE,124,0,124,2297.15,8.77,1
11100,DECODE,124,0,124,2298.15,8.72,1
11101,DECODE,124,0,124,2299.15,8.87,1
11102,DECODE,124,0,124,2300.15,8.64,1
11103,DECODE,124,0,124,2301.15,8.61,1
11104,DECODE,124,0,124,2302.15,8.66,1
11105,DECODE,124,0,124,2303.15,8.59,1
11106,DECODE,123,0,123,2302.06,8.81,1
11107,DECODE,122,0,122,2300.94,9.12,1
11108,DECODE,120,0,120,2297.62,8.83,1
11109,DECODE,120,0,120,2298.62,8.54,1
11110,DECODE,120,0,120,2299.62,8.43,1
11111,DECODE,120,0,120,2300.62,8.64,1
11112,DECODE,120,0,120,2301.62,8.43,1
11113,DECODE,120,0,120,2302.62,8.75,1
11114,DECODE,120,0,120,2303.62,8.49,1
11115,DECODE,119,0,119,2302.63,8.70,1
11116,DECODE,119,0,119,2303.63,8.52,1
11117,DECODE,117,0,117,2303.39,8.58,1
11118,DECODE,117,0,117,2304.39,8.49,1
11119,DECODE,117,0,117,2305.39,8.37,1
11120,DECODE,117,0,117,2306.39,8.42,1
11121,DECODE,116,0,116,2305.21,8.50,1
11122,DECODE,116,0,116,2306.21,8.40,1
11123,DECODE,116,0,116,2307.21,8.40,1
11124,DECODE,116,0,116,2308.21,8.42,1
11125,DECODE,116,0,116,2309.21,8.38,1
11126,DECODE,116,0,116,2310.21,8.39,1
11127,DECODE,115,0,115,2309.03,7.76,1
11128,DECODE,115,0,115,2310.03,8.63,1
11129,DECODE,115,0,115,2311.03,7.62,1
11130,DECODE,115,0,115,2312.03,7.56,1
11131,DECODE,115,0,115,2313.03,7.54,1
11132,DECODE,115,0,115,2314.03,7.62,1
11133,DECODE,114,0,114,2312.88,7.53,1
11134,DECODE,114,0,114,2313.88,7.64,1
11135,DECODE,114,0,114,2314.88,7.51,1
11136,DECODE,114,0,114,2315.88,7.55,1
11137,DECODE,114,0,114,2316.88,7.47,1
11138,DECODE,114,0,114,2317.88,7.56,1
11139,DECODE,114,0,114,2318.88,7.53,1
11140,DECODE,114,0,114,2319.88,8.62,1
11141,DECODE,114,0,114,2320.88,7.78,1
11142,DECODE,114,0,114,2321.88,8.03,1
11143,DECODE,114,0,114,2322.88,7.75,1
11144,DECODE,114,0,114,2323.88,7.78,1
11145,DECODE,114,0,114,2324.88,7.74,1
11146,DECODE,114,0,114,2325.88,7.78,1
11147,DECODE,113,0,113,2324.81,7.88,1
11148,DECODE,113,0,113,2325.81,7.95,1
11149,DECODE,113,0,113,2326.81,7.67,1
11150,DECODE,113,0,113,2327.81,8.35,1
11151,DECODE,113,0,113,2328.81,8.36,1
11152,DECODE,112,0,112,2327.74,8.81,1
11153,DECODE,111,0,111,2326.65,8.71,1
11154,DECODE,111,0,111,2327.65,8.42,1
11155,DECODE,110,0,110,2326.54,8.65,1
11156,DECODE,110,0,110,2327.54,8.34,1
11157,DECODE,110,0,110,2328.54,8.30,1
11158,DECODE,110,0,110,2329.54,8.53,1
11159,DECODE,110,0,110,2330.54,8.26,1
11160,DECODE,110,0,110,2331.54,8.23,1
11161,DECODE,109,0,109,2332.80,8.55,1
11162,DECODE,109,0,109,2333.80,8.24,1
11163,DECODE,107,0,107,2330.57,8.41,1
11164,DECODE,107,0,107,2331.57,8.27,1
11165,DECODE,106,0,106,2330.42,8.34,1
11166,DECODE,105,0,105,2329.23,8.30,1
11167,DECODE,105,0,105,2330.23,8.19,1
11168,DECODE,104,0,104,2329.02,8.55,1
11169,DECODE,104,0,104,2330.02,8.14,1
11170,DECODE,104,0,104,2331.02,8.06,1
11171,DECODE,103,0,103,2329.80,8.31,1
11172,DECODE,102,0,102,2328.54,8.41,1
11173,DECODE,102,0,102,2329.54,8.11,1
11174,DECODE,102,0,102,2330.54,8.14,1
11175,DECODE,102,0,102,2331.54,8.03,1
11176,DECODE,101,0,101,2330.28,8.48,1
11177,DECODE,100,0,100,2328.98,8.22,1
11178,DECODE,100,0,100,2329.98,8.23,1
11179,DECODE,100,0,100,2330.98,8.05,1
11180,DECODE,100,0,100,2331.98,8.11,1
11181,DECODE,99,0,99,2335.19,8.44,1
11182,DECODE,98,0,98,2338.05,8.64,1
11183,DECODE,98,0,98,2339.05,8.14,1
11184,DECODE,98,0,98,2340.05,7.98,1
11185,DECODE,98,0,98,2341.05,8.06,1
11186,DECODE,98,0,98,2342.05,8.14,1
11187,DECODE,98,0,98,2343.05,8.07,1
11188,DECODE,98,0,98,2344.05,7.19,1
11189,DECODE,98,0,98,2345.05,7.32,1
11190,DECODE,97,0,97,2343.84,7.33,1
11191,DECODE,97,0,97,2344.84,7.19,1
11192,DECODE,97,0,97,2345.84,7.19,1
11193,DECODE,97,0,97,2346.84,7.19,1
11194,DECODE,97,0,97,2347.84,7.27,1
11195,DECODE,96,0,96,2350.67,7.20,1
11196,DECODE,96,0,96,2351.67,6.96,1
11197,DECODE,96,0,96,2352.67,6.95,1
11198,DECODE,95,0,95,2351.48,6.82,1
11199,DECODE,94,0,94,2350.27,6.80,1
11200,DECODE,93,0,93,2349.01,7.23,1
11201,DECODE,93,0,93,2350.01,6.92,1
11202,DECODE,93,0,93,2351.01,6.77,1
11203,DECODE,93,0,93,2352.01,6.82,1
11204,DECODE,93,0,93,2353.01,7.73,1
11205,DECODE,93,0,93,2354.01,6.78,1
11206,DECODE,93,0,93,2355.01,6.79,1
11207,DECODE,93,0,93,2356.01,6.79,1
11208,DECODE,93,0,93,2357.01,6.83,1
11209,DECODE,93,0,93,2358.01,6.76,1
11210,DECODE,93,0,93,2359.01,6.82,1
11211,DECODE,93,0,93,2360.01,6.77,1
11212,DECODE,93,0,93,2361.01,6.76,1
11213,DECODE,93,0,93,2362.01,6.81,1
11214,DECODE,93,0,93,2363.01,6.79,1
11215,DECODE,93,0,93,2364.01,6.77,1
11216,DECODE,91,0,91,2360.70,6.70,1
11217,DECODE,91,0,91,2361.70,6.78,1
11218,DECODE,91,0,91,2362.70,6.74,1
11219,DECODE,91,0,91,2363.70,6.77,1
11220,DECODE,91,0,91,2364.70,6.77,1
11221,DECODE,91,0,91,2365.70,6.77,1
11222,DECODE,91,0,91,2366.70,6.76,1
11223,DECODE,91,0,91,2367.70,7.57,1
11224,DECODE,91,0,91,2368.70,6.79,1
11225,DECODE,90,0,90,2367.58,6.70,1
11226,DECODE,90,0,90,2368.58,6.75,1
11227,DECODE,89,0,89,2367.43,6.70,1
11228,DECODE,89,0,89,2368.43,6.71,1
11229,DECODE,88,0,88,2367.25,6.83,1
11230,DECODE,88,0,88,2368.25,6.63,1
11231,DECODE,88,0,88,2369.25,6.69,1
11232,DECODE,88,0,88,2370.25,6.75,1
11233,DECODE,87,0,87,2369.07,6.64,1
11234,DECODE,87,0,87,2370.07,6.74,1
11235,DECODE,87,0,87,2371.07,6.79,1
11236,DECODE,86,0,86,2369.87,6.63,1
11237,DECODE,86,0,86,2370.87,6.64,1
11238,DECODE,86,0,86,2371.87,6.67,1
11239,DECODE,85,0,85,2370.66,6.61,1
11240,DECODE,84,0,84,2369.40,6.61,1
11241,DECODE,84,0,84,2370.40,6.74,1
11242,DECODE,84,0,84,2371.40,6.78,1
11243,DECODE,84,0,84,2372.40,6.74,1
11244,DECODE,84,0,84,2373.40,6.74,1
11245,DECODE,83,0,83,2372.16,6.74,1
11246,DECODE,83,0,83,2373.16,6.71,1
11247,DECODE,83,0,83,2374.16,7.20,1
11248,DECODE,83,0,83,2375.16,6.74,1
11249,DECODE,83,0,83,2376.16,6.88,1
11250,DECODE,83,0,83,2377.16,6.75,1
11251,DECODE,82,0,82,2375.93,6.73,1
11252,DECODE,82,0,82,2376.93,6.76,1
11253,DECODE,82,0,82,2377.93,6.73,1
11254,DECODE,82,0,82,2378.93,6.67,1
11255,DECODE,82,0,82,2379.93,6.80,1
11256,DECODE,81,0,81,2378.70,6.85,1
11257,DECODE,81,0,81,2379.70,6.75,1
11258,DECODE,81,0,81,2380.70,6.83,1
11259,DECODE,81,0,81,2381.70,6.86,1
11260,DECODE,81,0,81,2382.70,6.79,1
11261,DECODE,81,0,81,2383.70,6.75,1
11262,DECODE,80,0,80,2382.50,6.85,1
11263,DECODE,80,0,80,2383.50,6.67,1
11264,DECODE,80,0,80,2384.50,7.24,1
11265,DECODE,79,0,79,2383.28,6.70,1
11266,DECODE,78,0,78,2382.01,6.71,1
11267,DECODE,78,0,78,2383.01,6.67,1
11268,DECODE,78,0,78,2384.01,6.73,1
11269,DECODE,78,0,78,2385.01,6.78,1
11270,DECODE,78,0,78,2386.01,6.71,1
11271,DECODE,78,0,78,2387.01,6.67,1
11272,DECODE,78,0,78,2388.01,6.70,1
11273,DECODE,78,0,78,2389.01,6.73,1
11274,DECODE,78,0,78,2390.01,7.46,1
11275,DECODE,78,0,78,2391.01,7.40,1
11276,DECODE,77,0,77,2389.82,7.70,1
11277,DECODE,76,0,76,2393.24,7.62,1
11278,DECODE,76,0,76,2394.24,7.45,1
11279,DECODE,75,0,75,2393.03,7.99,1
11280,DECODE,75,0,75,2394.03,7.63,1
11281,DECODE,75,0,75,2395.03,7.44,1
11282,DECODE,75,0,75,2396.03,6.54,1
11283,DECODE,74,0,74,2394.81,6.62,1
11284,DECODE,74,0,74,2395.81,6.68,1
11285,DECODE,74,0,74,2396.81,6.64,1
11286,DECODE,74,0,74,2397.81,6.65,1
11287,DECODE,72,0,72,2394.31,6.71,1
11288,DECODE,72,0,72,2395.31,6.59,1
11289,DECODE,72,0,72,2396.31,6.60,1
11290,DECODE,72,0,72,2397.31,6.68,1
11291,DECODE,71,0,71,2398.92,6.62,1
11292,DECODE,71,0,71,2399.92,6.61,1
11293,DECODE,71,0,71,2400.92,6.69,1
11294,DECODE,71,0,71,2401.92,6.65,1
11295,DECODE,71,0,71,2402.92,6.64,1
11296,DECODE,71,0,71,2403.92,6.64,1
11297,DECODE,70,0,70,2402.69,6.60,1
11298,DECODE,70,0,70,2403.69,6.63,1
11299,DECODE,70,0,70,2404.69,6.65,1
11300,DECODE,69,0,69,2403.43,6.69,1
11301,DECODE,69,0,69,2404.43,6.62,1
11302,DECODE,67,0,67,2402.43,6.60,1
11303,DECODE,66,0,66,2401.05,5.69,1
11304,DECODE,65,0,65,2399.60,5.65,1
11305,DECODE,65,0,65,2400.60,5.58,1
11306,DECODE,65,0,65,2401.60,5.63,1
11307,DECODE,63,0,63,2401.97,5.60,1
11308,DECODE,63,0,63,2402.97,5.54,1
11309,DECODE,63,0,63,2403.97,5.50,1
11310,DECODE,63,0,63,2404.97,5.47,1
11311,DECODE,62,0,62,2403.47,5.43,1
11312,DECODE,62,0,62,2404.47,5.41,1
11313,DECODE,62,0,62,2405.47,5.46,1
11314,DECODE,62,0,62,2406.47,5.51,1
11315,DECODE,62,0,62,2407.47,5.50,1
11316,DECODE,62,0,62,2408.47,5.54,1
11317,DECODE,61,0,61,2406.98,5.47,1
11318,DECODE,61,0,61,2407.98,5.49,1
11319,DECODE,61,0,61,2408.98,5.43,1
11320,DECODE,61,0,61,2409.98,5.38,1
11321,DECODE,61,0,61,2410.98,5.39,1
11322,DECODE,61,0,61,2411.98,5.35,1
11323,DECODE,61,0,61,2412.98,5.37,1
11324,DECODE,60,0,60,2411.53,5.32,1
11325,DECODE,60,0,60,2412.53,5.28,1
11326,DECODE,60,0,60,2413.53,5.32,1
11327,DECODE,60,0,60,2414.53,5.29,1
11328,DECODE,58,0,58,2410.52,5.46,1
11329,DECODE,58,0,58,2411.52,5.44,1
11330,DECODE,57,0,57,2409.91,5.43,1
11331,DECODE,56,0,56,2408.23,5.40,1
11332,DECODE,56,0,56,2409.23,5.28,1
11333,DECODE,55,0,55,2407.49,5.43,1
11334,DECODE,55,0,55,2408.49,5.34,1
11335,DECODE,55,0,55,2409.49,5.31,1
11336,DECODE,55,0,55,2410.49,5.28,1
11337,DECODE,55,0,55,2411.49,5.38,1
11338,DECODE,55,0,55,2412.49,5.40,1
11339,DECODE,54,0,54,2410.76,5.38,1
11340,DECODE,54,0,54,2411.76,5.41,1
11341,DECODE,54,0,54,2412.76,5.40,1
11342,DECODE,54,0,54,2413.76,5.35,1
11343,DECODE,54,0,54,2414.76,5.41,1
11344,DECODE,53,0,53,2413.02,5.32,1
11345,DECODE,52,0,52,2411.19,5.38,1
11346,DECODE,51,0,51,2409.27,5.31,1
11347,DECODE,51,0,51,2410.27,5.33,1
11348,DECODE,51,0,51,2411.27,5.36,1
11349,DECODE,51,0,51,2412.27,5.32,1
11350,DECODE,51,0,51,2413.27,5.10,1
11351,DECODE,50,0,50,2411.34,5.08,1
11352,DECODE,50,0,50,2412.34,5.16,1
11353,DECODE,50,0,50,2413.34,5.12,1
11354,DECODE,50,0,50,2414.34,5.06,1
11355,DECODE,50,0,50,2415.34,5.13,1
11356,DECODE,50,0,50,2416.34,5.10,1
11357,DECODE,50,0,50,2417.34,5.07,1
11358,DECODE,50,0,50,2418.34,5.13,1
11359,DECODE,50,0,50,2419.34,5.09,1
11360,DECODE,50,0,50,2420.34,5.16,1
11361,DECODE,50,0,50,2421.34,5.14,1
11362,DECODE,50,0,50,2422.34,5.29,1
11363,DECODE,50,0,50,2423.34,5.10,1
11364,DECODE,50,0,50,2424.34,5.30,1
11365,DECODE,50,0,50,2425.34,5.16,1
11366,DECODE,50,0,50,2426.34,5.21,1
11367,DECODE,49,0,49,2424.61,5.17,1
11368,DECODE,49,0,49,2425.61,5.18,1
11369,DECODE,48,0,48,2423.81,5.29,1
11370,DECODE,48,0,48,2424.81,5.13,1
11371,DECODE,48,0,48,2425.81,5.18,1
11372,DECODE,48,0,48,2426.81,5.15,1
11373,DECODE,48,0,48,2427.81,5.14,1
11374,DECODE,48,0,48,2428.81,5.14,1
11375,DECODE,48,0,48,2429.81,5.10,1
11376,DECODE,47,0,47,2428.04,5.13,1
11377,DECODE,47,0,47,2429.04,5.12,1
11378,DECODE,47,0,47,2430.04,5.17,1
11379,DECODE,47,0,47,2431.04,5.15,1
11380,DECODE,47,0,47,2432.04,5.13,1
11381,DECODE,47,0,47,2433.04,5.18,1
11382,DECODE,46,0,46,2431.28,4.99,1
11383,DECODE,46,0,46,2432.28,5.05,1
11384,DECODE,46,0,46,2433.28,5.04,1
11385,DECODE,46,0,46,2434.28,5.05,1
11386,DECODE,45,0,45,2432.49,5.04,1
11387,DECODE,45,0,45,2433.49,5.04,1
11388,DECODE,45,0,45,2434.49,5.08,1
11389,DECODE,45,0,45,2435.49,5.07,1
11390,DECODE,43,0,43,2430.70,4.97,1
11391,DECODE,43,0,43,2431.70,5.32,1
11392,DECODE,43,0,43,2432.70,5.74,1
11393,DECODE,43,0,43,2433.70,5.13,1
11394,DECODE,43,0,43,2434.70,5.07,1
11395,DECODE,43,0,43,2435.70,5.07,1
11396,DECODE,43,0,43,2436.70,5.21,1
11397,DECODE,43,0,43,2437.70,5.02,1
11398,DECODE,43,0,43,2438.70,5.06,1
11399,DECODE,43,0,43,2439.70,5.00,1
11400,DECODE,43,0,43,2440.70,5.00,1
11401,DECODE,43,0,43,2441.70,5.15,1
11402,DECODE,42,0,42,2441.40,5.10,1
11403,DECODE,41,0,41,2439.51,5.01,1
11404,DECODE,41,0,41,2440.51,5.42,1
11405,DECODE,41,0,41,2441.51,5.37,1
11406,DECODE,41,0,41,2442.51,5.13,1
11407,DECODE,41,0,41,2443.51,5.37,1
11408,DECODE,41,0,41,2444.51,5.36,1
11409,DECODE,41,0,41,2445.51,5.38,1
11410,DECODE,41,0,41,2446.51,5.35,1
11411,DECODE,41,0,41,2447.51,5.36,1
11412,DECODE,40,0,40,2445.70,5.48,1
11413,DECODE,40,0,40,2446.70,5.26,1
11414,DECODE,40,0,40,2447.70,5.24,1
11415,DECODE,40,0,40,2448.70,4.90,1
11416,DECODE,40,0,40,2449.70,4.98,1
11417,DECODE,40,0,40,2450.70,4.99,1
11418,DECODE,40,0,40,2451.70,4.97,1
11419,DECODE,40,0,40,2452.70,4.99,1
11420,DECODE,40,0,40,2453.70,4.99,1
11421,DECODE,39,0,39,2455.97,4.99,1
11422,DECODE,39,0,39,2456.97,5.01,1
11423,DECODE,39,0,39,2457.97,4.86,1
11424,DECODE,38,0,38,2456.29,5.11,1
11425,DECODE,38,0,38,2457.29,4.94,1
11426,DECODE,38,0,38,2458.29,4.94,1
11427,DECODE,37,0,37,2456.54,5.08,1
11428,DECODE,36,0,36,2454.67,5.09,1
11429,DECODE,36,0,36,2455.67,4.93,1
11430,DECODE,36,0,36,2456.67,4.95,1
11431,DECODE,35,0,35,2454.71,4.95,1
11432,DECODE,35,0,35,2455.71,4.90,1
11433,DECODE,35,0,35,2456.71,4.93,1
11434,DECODE,35,0,35,2457.71,4.98,1
11435,DECODE,35,0,35,2458.71,4.91,1
11436,DECODE,35,0,35,2459.71,4.92,1
11437,DECODE,35,0,35,2460.71,4.95,1
11438,DECODE,35,0,35,2461.71,4.94,1
11439,DECODE,35,0,35,2462.71,4.88,1
11440,DECODE,35,0,35,2463.71,4.91,1
11441,DECODE,35,0,35,2464.71,4.90,1
11442,DECODE,35,0,35,2465.71,4.92,1
11443,DECODE,35,0,35,2466.71,4.95,1
11444,DECODE,35,0,35,2467.71,4.96,1
11445,DECODE,34,0,34,2466.00,5.07,1
11446,DECODE,34,0,34,2467.00,4.88,1
11447,DECODE,34,0,34,2468.00,4.93,1
11448,DECODE,34,0,34,2469.00,4.91,1
11449,DECODE,33,0,33,2467.24,4.60,1
11450,DECODE,33,0,33,2468.24,4.42,1
11451,DECODE,33,0,33,2469.24,4.40,1
11452,DECODE,33,0,33,2470.24,4.39,1
11453,DECODE,33,0,33,2471.24,4.40,1
11454,DECODE,33,0,33,2472.24,4.44,1
11455,DECODE,31,0,31,2467.58,4.58,1
11456,DECODE,31,0,31,2468.58,4.23,1
11457,DECODE,31,0,31,2469.58,4.24,1
11458,DECODE,31,0,31,2470.58,4.27,1
11459,DECODE,31,0,31,2471.58,4.20,1
11460,DECODE,30,0,30,2469.63,4.31,1
11461,DECODE,30,0,30,2470.63,4.21,1
11462,DECODE,30,0,30,2471.63,4.20,1
11463,DECODE,29,0,29,2473.14,5.02,1
11464,DECODE,29,0,29,2474.14,4.17,1
11465,DECODE,29,0,29,2475.14,4.26,1
11466,DECODE,29,0,29,2476.14,4.16,1
11467,DECODE,29,0,29,2477.14,4.17,1
11468,DECODE,29,0,29,2478.14,4.17,1
11469,DECODE,29,0,29,2479.14,4.19,1
11470,DECODE,29,0,29,2480.14,4.19,1
11471,DECODE,28,0,28,2478.29,4.35,1
11472,DECODE,28,0,28,2479.29,4.16,1
11473,DECODE,28,0,28,2480.29,4.12,1
11474,DECODE,28,0,28,2481.29,4.18,1
11475,DECODE,28,0,28,2482.29,4.16,1
11476,DECODE,28,0,28,2483.29,4.18,1
11477,DECODE,28,0,28,2484.29,4.20,1
11478,DECODE,28,0,28,2485.29,4.19,1
11479,DECODE,28,0,28,2486.29,4.22,1
11480,DECODE,28,0,28,2487.29,4.19,1
11481,DECODE,28,0,28,2488.29,4.16,1
11482,DECODE,27,0,27,2486.63,4.26,1
11483,DECODE,27,0,27,2487.63,4.10,1
11484,DECODE,27,0,27,2488.63,4.18,1
11485,DECODE,27,0,27,2489.63,4.12,1
11486,DECODE,27,0,27,2490.63,4.12,1
11487,DECODE,27,0,27,2491.63,4.14,1
11488,DECODE,27,0,27,2492.63,4.14,1
11489,DECODE,27,0,27,2493.63,4.18,1
11490,DECODE,27,0,27,2494.63,4.12,1
11491,DECODE,26,0,26,2493.12,4.41,1
11492,DECODE,26,0,26,2494.12,4.35,1
11493,DECODE,26,0,26,2495.12,4.31,1
11494,DECODE,26,0,26,2496.12,4.30,1
11495,DECODE,25,0,25,2494.56,4.44,1
11496,DECODE,25,0,25,2495.56,4.34,1
11497,DECODE,24,0,24,2493.88,4.47,1
11498,DECODE,23,0,23,2494.13,4.34,1
11499,DECODE,21,0,21,2492.62,4.09,1
11500,DECODE,21,0,21,2493.62,3.84,1
11501,DECODE,21,0,21,2494.62,3.90,1
11502,DECODE,21,0,21,2495.62,3.85,1
11503,DECODE,21,0,21,2496.62,3.84,1
11504,DECODE,21,0,21,2497.62,3.84,1
11505,DECODE,20,0,20,2495.50,3.84,1
11506,DECODE,20,0,20,2496.50,3.79,1
11507,DECODE,20,0,20,2497.50,3.82,1
11508,DECODE,19,0,19,2495.21,3.78,1
11509,DECODE,19,0,19,2496.21,3.79,1
11510,DECODE,19,0,19,2497.21,3.93,1
11511,DECODE,19,0,19,2498.21,3.85,1
11512,DECODE,19,0,19,2499.21,3.91,1
11513,DECODE,19,0,19,2500.21,3.84,1
11514,DECODE,19,0,19,2501.21,3.86,1
11515,DECODE,18,0,18,2498.94,3.84,1
11516,DECODE,18,0,18,2499.94,3.84,1
11517,DECODE,18,0,18,2500.94,3.81,1
11518,DECODE,18,0,18,2501.94,3.81,1
11519,DECODE,18,0,18,2502.94,3.82,1
11520,DECODE,17,0,17,2500.59,4.10,1
11521,DECODE,17,0,17,2501.59,4.08,1
11522,DECODE,17,0,17,2502.59,4.09,1
11523,DECODE,17,0,17,2503.59,4.06,1
11524,DECODE,17,0,17,2504.59,4.07,1
11525,DECODE,17,0,17,2505.59,4.04,1
11526,DECODE,16,0,16,2503.19,3.78,1
11527,DECODE,16,0,16,2504.19,3.68,1
11528,DECODE,16,0,16,2505.19,3.69,1
11529,DECODE,15,0,15,2502.53,3.69,1
11530,DECODE,15,0,15,2503.53,3.66,1
11531,DECODE,15,0,15,2504.53,3.70,1
11532,DECODE,15,0,15,2505.53,3.82,1
11533,DECODE,15,0,15,2506.53,3.72,1
11534,DECODE,15,0,15,2507.53,3.80,1
11535,DECODE,15,0,15,2508.53,3.74,1
11536,DECODE,15,0,15,2509.53,3.76,1
11537,DECODE,15,0,15,2510.53,3.78,1
11538,DECODE,15,0,15,2511.53,3.65,1
11539,DECODE,14,0,14,2509.07,3.71,1
11540,DECODE,14,0,14,2510.07,3.63,1
11541,DECODE,14,0,14,2511.07,4.11,1
11542,DECODE,14,0,14,2512.07,3.76,1
11543,DECODE,14,0,14,2513.07,3.69,1
11544,DECODE,14,0,14,2514.07,3.64,1
11545,DECODE,14,0,14,2515.07,3.65,1
11546,DECODE,14,0,14,2516.07,3.61,1
11547,DECODE,13,0,13,2513.69,4.58,1
11548,DECODE,13,0,13,2514.69,4.39,1
11549,DECODE,13,0,13,2515.69,4.37,1
11550,DECODE,13,0,13,2516.69,3.54,1
11551,DECODE,13,0,13,2517.69,3.55,1
11552,DECODE,13,0,13,2518.69,3.59,1
11553,DECODE,13,0,13,2519.69,3.56,1
11554,DECODE,13,0,13,2520.69,3.54,1
11555,DECODE,13,0,13,2521.69,3.56,1
11556,DECODE,13,0,13,2522.69,3.56,1
11557,DECODE,13,0,13,2523.69,3.56,1
11558,DECODE,13,0,13,2524.69,3.56,1
11559,DECODE,12,0,12,2522.75,3.64,1
11560,DECODE,12,0,12,2523.75,3.49,1
11561,DECODE,11,0,11,2521.45,3.46,1
11562,DECODE,11,0,11,2522.45,3.45,1
11563,DECODE,11,0,11,2523.45,3.50,1
11564,DECODE,11,0,11,2524.45,3.49,1
11565,DECODE,11,0,11,2525.45,3.48,1
11566,DECODE,11,0,11,2526.45,3.53,1
11567,DECODE,11,0,11,2527.45,3.46,1
11568,DECODE,11,0,11,2528.45,3.46,1
11569,DECODE,11,0,11,2529.45,3.47,1
11570,DECODE,11,0,11,2530.45,3.48,1
11571,DECODE,11,0,11,2531.45,3.48,1
11572,DECODE,10,0,10,2529.60,3.43,1
11573,DECODE,10,0,10,2530.60,3.45,1
11574,DECODE,10,0,10,2531.60,3.45,1
11575,DECODE,10,0,10,2532.60,3.44,1
11576,DECODE,10,0,10,2533.60,3.41,1
11577,DECODE,9,0,9,2531.67,3.44,1
11578,DECODE,9,0,9,2532.67,3.43,1
11579,DECODE,9,0,9,2533.67,3.40,1
11580,DECODE,9,0,9,2534.67,3.39,1
11581,DECODE,9,0,9,2535.67,3.42,1
11582,DECODE,9,0,9,2536.67,3.41,1
11583,DECODE,9,0,9,2537.67,3.39,1
11584,DECODE,9,0,9,2538.67,3.39,1
11585,DECODE,8,0,8,2537.00,3.44,1
11586,DECODE,8,0,8,2538.00,3.29,1
11587,DECODE,8,0,8,2539.00,3.27,1
11588,DECODE,7,0,7,2537.00,3.25,1
11589,DECODE,7,0,7,2538.00,3.23,1
11590,DECODE,7,0,7,2539.00,3.26,1
11591,DECODE,7,0,7,2540.00,3.36,1
11592,DECODE,7,0,7,2541.00,3.32,1
11593,DECODE,7,0,7,2542.00,3.33,1
11594,DECODE,7,0,7,2543.00,3.32,1
11595,DECODE,7,0,7,2544.00,3.32,1
11596,DECODE,6,0,6,2542.33,3.30,1
11597,DECODE,6,0,6,2543.33,4.19,1
11598,DECODE,6,0,6,2544.33,4.45,1
11599,DECODE,4,0,4,2537.50,3.52,1
11600,DECODE,4,0,4,2538.50,3.10,1
11601,DECODE,4,0,4,2539.50,3.08,1
11602,DECODE,4,0,4,2540.50,3.06,1
11603,DECODE,4,0,4,2541.50,3.04,1
11604,DECODE,4,0,4,2542.50,3.07,1
11605,DECODE,4,0,4,2543.50,3.03,1
11606,DECODE,4,0,4,2544.50,3.08,1
11607,DECODE,4,0,4,2545.50,3.03,1
11608,DECODE,3,0,3,2541.67,3.02,1
11609,DECODE,3,0,3,2542.67,3.05,1
11610,DECODE,3,0,3,2543.67,3.10,1
11611,DECODE,2,0,2,2536.50,3.13,1
11612,DECODE,2,0,2,2537.50,3.97,1
11613,DECODE,2,0,2,2538.50,3.91,1
11614,DECODE,2,0,2,2539.50,3.80,1
11615,DECODE,1,0,1,2520.00,4.04,1
11616,DECODE,1,0,1,2521.00,3.70,1
11617,DECODE,1,0,1,2522.00,3.63,1
11618,DECODE,1,0,1,2523.00,3.11,1
11619,DECODE,1,0,1,2524.00,3.13,1
11620,DECODE,1,0,1,2525.00,3.13,1
11621,DECODE,1,0,1,2526.00,3.11,1
11622,DECODE,1,0,1,2527.00,3.84,1
11623,DECODE,1,0,1,2528.00,3.76,1
11624,DECODE,1,0,1,2529.00,3.74,1
11625,DECODE,1,0,1,2530.00,3.56,1
11626,DECODE,1,0,1,2531.00,3.62,1
11627,DECODE,1,0,1,2532.00,3.56,1
11628,DECODE,1,0,1,2533.00,3.13,1
11629,DECODE,1,0,1,2534.00,3.09,1
11630,DECODE,1,0,1,2535.00,3.12,1
11631,DECODE,1,0,1,2536.00,3.11,1
11632,DECODE,1,0,1,2537.00,3.12,1
11633,DECODE,1,0,1,2538.00,3.13,1
11634,DECODE,1,0,1,2539.00,3.10,1
11635,DECODE,1,0,1,2540.00,3.12,1
11636,DECODE,1,0,1,2541.00,3.62,1
11637,DECODE,1,0,1,2542.00,3.56,1
11638,DECODE,1,0,1,2543.00,3.65,1
11639,DECODE,1,0,1,2544.00,3.58,1
11640,DECODE,1,0,1,2545.00,3.57,1
11641,DECODE,1,0,1,2546.00,3.59,1
11642,DECODE,1,0,1,2547.00,3.58,1
11643,DECODE,1,0,1,2548.00,3.85,1
11644,DECODE,1,0,1,2549.00,3.58,1
11645,DECODE,1,0,1,2550.00,3.55,1
11646,DECODE,1,0,1,2551.00,3.56,1
11647,DECODE,1,0,1,2552.00,2.97,1
11648,DECODE,1,0,1,2553.00,2.88,1
11649,DECODE,1,0,1,2554.00,2.86,1
11650,DECODE,1,0,1,2555.00,2.86,1
11651,DECODE,1,0,1,2556.00,2.95,1
11652,DECODE,1,0,1,2557.00,2.89,1
11653,DECODE,1,0,1,2558.00,2.85,1
11654,DECODE,1,0,1,2559.00,2.83,1
11655,DECODE,1,0,1,2560.00,2.84,1
1,EXTEND,11,3751,0,341.00,1270.69,1
2,EXTEND,23,8192,0,356.17,264.98,1
3,EXTEND,63,5003,0,326.90,163.59,1
4,DECODE,96,0,96,336.29,27.09,1
5,EXTEND,32,2380,0,361.50,82.42,1
6,EXTEND,32,1200,0,313.88,50.07,1
7,EXTEND,32,3648,0,347.12,121.22,1
8,EXTEND,32,428,0,325.62,58.88,1
9,DECODE,224,0,224,337.71,17.90,1
10,DECODE,224,0,224,338.71,15.98,1
11,DECODE,224,0,224,339.71,16.18,1
12,EXTEND,22,22,0,301.18,33.70,1
13,EXTEND,10,10,0,316.20,33.52,1
14,DECODE,256,0,256,336.48,19.20,1
15,DECODE,256,0,256,337.48,17.58,1
16,DECODE,256,0,256,338.48,16.88,1
17,DECODE,256,0,256,339.48,16.91,1
18,DECODE,256,0,256,340.48,16.86,1
19,DECODE,256,0,256,341.48,16.83,1
20,DECODE,256,0,256,342.48,16.85,1
21,DECODE,256,0,256,343.48,18.44,1
22,DECODE,256,0,256,344.48,16.86,1
23,DECODE,256,0,256,345.48,16.76,1
24,DECODE,256,0,256,346.48,16.81,1
25,DECODE,256,0,256,347.48,16.79,1
26,DECODE,256,0,256,348.48,16.80,1
27,DECODE,256,0,256,349.48,16.77,1
28,DECODE,256,0,256,350.48,16.85,1
29,DECODE,256,0,256,351.48,16.82,1
30,DECODE,256,0,256,352.48,16.84,1
31,DECODE,256,0,256,353.48,16.78,1
32,DECODE,256,0,256,354.48,16.83,1
33,DECODE,256,0,256,355.48,16.79,1
34,DECODE,256,0,256,356.48,16.82,1
35,DECODE,256,0,256,357.48,16.82,1
36,DECODE,256,0,256,358.48,16.85,1
37,DECODE,256,0,256,359.48,16.83,1
38,DECODE,256,0,256,360.48,16.86,1
39,DECODE,256,0,256,361.48,16.81,1
40,DECODE,256,0,256,362.48,16.86,1
41,DECODE,256,0,256,363.48,16.78,1
42,DECODE,256,0,256,364.48,16.86,1
43,DECODE,256,0,256,365.48,16.80,1
44,DECODE,256,0,256,366.48,16.82,1
45,DECODE,256,0,256,367.48,16.78,1
46,DECODE,256,0,256,368.48,16.85,1
47,DECODE,256,0,256,369.48,16.83,1
48,DECODE,256,0,256,370.48,16.93,1
49,DECODE,256,0,256,371.48,16.84,1
50,DECODE,256,0,256,372.48,16.88,1
51,DECODE,256,0,256,373.48,16.88,1
52,DECODE,256,0,256,374.48,17.27,1
53,DECODE,256,0,256,375.48,17.56,1
54,DECODE,256,0,256,376.48,16.75,1
55,DECODE,256,0,256,377.48,16.69,1
56,DECODE,256,0,256,378.48,17.74,1
57,DECODE,256,0,256,379.48,17.72,1
58,DECODE,256,0,256,380.48,17.72,1
59,DECODE,256,0,256,381.48,17.25,1
60,DECODE,256,0,256,382.48,16.72,1
61,DECODE,256,0,256,383.48,16.75,1
62,DECODE,256,0,256,384.48,16.70,1
63,DECODE,256,0,256,385.48,16.81,1
64,DECODE,256,0,256,386.48,16.78,1
65,DECODE,256,0,256,387.48,16.83,1
66,DECODE,256,0,256,388.48,17.28,1
67,DECODE,256,0,256,389.48,17.40,1
68,DECODE,256,0,256,390.48,17.03,1
69,DECODE,256,0,256,391.48,16.99,1
70,DECODE,256,0,256,392.48,16.98,1
71,DECODE,256,0,256,393.48,16.94,1
72,DECODE,256,0,256,394.48,16.97,1
73,DECODE,256,0,256,395.48,16.97,1
74,DECODE,256,0,256,396.48,18.41,1
75,DECODE,256,0,256,397.48,17.64,1
76,DECODE,256,0,256,398.48,17.55,1
77,DECODE,256,0,256,399.48,17.91,1
78,DECODE,256,0,256,400.48,17.72,1
79,DECODE,256,0,256,401.48,17.70,1
80,DECODE,256,0,256,402.48,17.59,1
81,DECODE,256,0,256,403.48,17.79,1
82,DECODE,256,0,256,404.48,17.57,1
83,DECODE,256,0,256,405.48,16.94,1
84,DECODE,256,0,256,406.48,16.82,1
85,DECODE,256,0,256,407.48,16.88,1
86,DECODE,256,0,256,408.48,16.90,1
87,DECODE,256,0,256,409.48,16.91,1
88,DECODE,256,0,256,410.48,16.91,1
89,DECODE,256,0,256,411.48,16.93,1
90,DECODE,256,0,256,412.48,16.92,1
91,DECODE,256,0,256,413.48,17.02,1
92,DECODE,256,0,256,414.48,16.97,1
93,DECODE,256,0,256,415.48,16.99,1
94,DECODE,256,0,256,416.48,16.96,1
95,DECODE,256,0,256,417.48,17.03,1
96,DECODE,256,0,256,418.48,16.96,1
97,DECODE,256,0,256,419.48,16.98,1
98,DECODE,256,0,256,420.48,16.95,1
99,DECODE,256,0,256,421.48,17.01,1
100,DECODE,256,0,256,422.48,17.03,1
101,DECODE,256,0,256,423.48,16.95,1
102,DECODE,256,0,256,424.48,16.91,1
103,DECODE,256,0,256,425.48,16.93,1
104,DECODE,256,0,256,426.48,16.94,1
105,DECODE,256,0,256,427.48,17.07,1
106,DECODE,256,0,256,428.48,17.07,1
107,DECODE,256,0,256,429.48,17.03,1
108,DECODE,256,0,256,430.48,17.05,1
109,DECODE,256,0,256,431.48,17.10,1
110,DECODE,256,0,256,432.48,17.11,1
111,DECODE,256,0,256,433.48,17.24,1
112,DECODE,256,0,256,434.48,17.20,1
113,DECODE,256,0,256,435.48,17.24,1
114,DECODE,256,0,256,436.48,17.23,1
115,DECODE,256,0,256,437.48,17.20,1
116,DECODE,256,0,256,438.48,17.24,1
117,DECODE,256,0,256,439.48,17.21,1
118,DECODE,256,0,256,440.48,17.20,1
119,DECODE,256,0,256,441.48,17.23,1
120,DECODE,256,0,256,442.48,17.19,1
121,DECODE,256,0,256,443.48,17.05,1
122,DECODE,256,0,256,444.48,17.17,1
123,DECODE,256,0,256,445.48,17.17,1
124,DECODE,256,0,256,446.48,17.19,1
125,DECODE,256,0,256,447.48,17.16,1
126,DECODE,256,0,256,448.48,17.16,1
127,DECODE,256,0,256,449.48,17.13,1
128,DECODE,256,0,256,450.48,17.16,1
129,DECODE,256,0,256,451.48,17.11,1
130,DECODE,256,0,256,452.48,17.09,1
131,DECODE,256,0,256,453.48,17.17,1
132,DECODE,256,0,256,454.48,17.22,1
133,DECODE,256,0,256,455.48,17.22,1
134,DECODE,256,0,256,456.48,17.24,1
135,DECODE,256,0,256,457.48,17.20,1
136,DECODE,256,0,256,458.48,17.21,1
137,DECODE,256,0,256,459.48,17.24,1
138,DECODE,256,0,256,460.48,17.12,1
139,DECODE,256,0,256,461.48,17.21,1
140,DECODE,256,0,256,462.48,17.19,1
141,DECODE,256,0,256,463.48,18.25,1
142,DECODE,256,0,256,464.48,17.24,1
143,DECODE,256,0,256,465.48,17.28,1
144,DECODE,256,0,256,466.48,17.23,1
145,DECODE,256,0,256,467.48,17.27,1
146,DECODE,256,0,256,468.48,17.20,1
147,DECODE,256,0,256,469.48,16.98,1
148,DECODE,256,0,256,470.48,17.25,1
149,DECODE,256,0,256,471.48,17.24,1
150,DECODE,256,0,256,472.48,17.22,1
151,DECODE,256,0,256,473.48,17.24,1
152,DECODE,256,0,256,474.48,17.26,1
153,DECODE,256,0,256,475.48,17.23,1
154,DECODE,256,0,256,476.48,17.30,1
155,DECODE,256,0,256,477.48,17.10,1
156,DECODE,256,0,256,478.48,17.28,1
157,DECODE,256,0,256,479.48,17.37,1
158,DECODE,256,0,256,480.48,17.43,1
159,DECODE,256,0,256,481.48,17.42,1
160,DECODE,256,0,256,482.48,17.40,1
161,DECODE,256,0,256,483.48,17.39,1
162,DECODE,256,0,256,484.48,17.32,1
163,DECODE,256,0,256,485.48,17.32,1
164,DECODE,256,0,256,486.48,17.37,1
165,DECODE,256,0,256,487.48,17.10,1
166,DECODE,256,0,256,488.48,17.25,1
167,DECODE,256,0,256,489.48,17.22,1
168,DECODE,256,0,256,490.48,17.27,1
169,DECODE,256,0,256,491.48,17.18,1
170,DECODE,256,0,256,492.48,17.15,1
171,DECODE,256,0,256,493.48,17.19,1
172,DECODE,256,0,256,494.48,17.20,1
173,DECODE,256,0,256,495.48,17.43,1
174,DECODE,256,0,256,496.48,17.40,1
175,DECODE,256,0,256,497.48,17.10,1
176,DECODE,256,0,256,498.48,17.29,1
177,DECODE,256,0,256,499.48,17.33,1
178,DECODE,256,0,256,500.48,17.38,1
179,DECODE,256,0,256,501.48,17.43,1
180,DECODE,256,0,256,502.48,17.46,1
181,DECODE,256,0,256,503.48,17.60,1
182,DECODE,256,0,256,504.48,17.51,1
183,DECODE,256,0,256,505.48,17.54,1
184,DECODE,256,0,256,506.48,17.49,1
185,DECODE,256,0,256,507.48,17.51,1
186,DECODE,256,0,256,508.48,17.53,1
187,DECODE,256,0,256,509.48,17.56,1
188,DECODE,256,0,256,510.48,17.42,1
189,DECODE,256,0,256,511.48,17.44,1
190,DECODE,256,0,256,512.48,17.44,1
191,DECODE,256,0,256,513.48,17.47,1
192,DECODE,256,0,256,514.48,17.47,1
193,DECODE,256,0,256,515.48,17.52,1
194,DECODE,256,0,256,516.48,17.49,1
195,DECODE,256,0,256,517.48,17.46,1
196,DECODE,256,0,256,518.48,17.43,1
197,DECODE,256,0,256,519.48,17.30,1
198,DECODE,256,0,256,520.48,18.25,1
199,DECODE,256,0,256,521.48,18.31,1
200,DECODE,256,0,256,522.48,18.32,1
201,DECODE,256,0,256,523.48,18.33,1
202,DECODE,256,0,256,524.48,18.25,1
203,DECODE,256,0,256,525.48,18.23,1
204,DECODE,256,0,256,526.48,18.24,1
205,DECODE,256,0,256,527.48,18.29,1
206,DECODE,256,0,256,528.48,18.16,1
207,DECODE,256,0,256,529.48,18.33,1
208,DECODE,256,0,256,530.48,18.50,1
209,DECODE,256,0,256,531.48,18.30,1
210,DECODE,256,0,256,532.48,18.22,1
211,DECODE,256,0,256,533.48,18.29,1
212,DECODE,256,0,256,534.48,18.42,1
213,DECODE,256,0,256,535.48,18.37,1
214,DECODE,256,0,256,536.48,18.38,1
215,DECODE,256,0,256,537.48,18.48,1
216,DECODE,256,0,256,538.48,18.40,1
217,DECODE,256,0,256,539.48,18.55,1
218,DECODE,256,0,256,540.48,18.38,1
219,DECODE,256,0,256,541.48,18.52,1
220,DECODE,256,0,256,542.48,18.47,1
221,DECODE,256,0,256,543.48,18.47,1
222,DECODE,256,0,256,544.48,18.47,1
223,DECODE,256,0,256,545.48,18.55,1
224,DECODE,256,0,256,546.48,18.52,1
225,DECODE,256,0,256,547.48,18.44,1
226,DECODE,256,0,256,548.48,18.39,1
227,DECODE,256,0,256,549.48,18.45,1
228,DECODE,256,0,256,550.48,18.43,1
229,DECODE,256,0,256,551.48,18.49,1
230,DECODE,256,0,256,552.48,18.41,1
231,DECODE,256,0,256,553.48,18.45,1
232,DECODE,256,0,256,554.48,18.46,1
233,DECODE,256,0,256,555.48,18.41,1
234,DECODE,256,0,256,556.48,18.42,1
235,DECODE,256,0,256,557.48,18.61,1
236,DECODE,256,0,256,558.48,18.54,1
237,DECODE,256,0,256,559.48,18.73,1
238,DECODE,256,0,256,560.48,18.52,1
239,DECODE,256,0,256,561.48,18.59,1
240,DECODE,256,0,256,562.48,18.56,1
241,DECODE,256,0,256,563.48,18.59,1
242,DECODE,256,0,256,564.48,18.59,1
243,DECODE,256,0,256,565.48,18.62,1
244,DECODE,256,0,256,566.48,18.63,1
245,DECODE,256,0,256,567.48,18.62,1
246,DECODE,256,0,256,568.48,18.56,1
247,DECODE,256,0,256,569.48,18.57,1
248,DECODE,256,0,256,570.48,18.55,1
249,DECODE,256,0,256,571.48,18.59,1
250,DECODE,256,0,256,572.48,18.75,1
251,DECODE,256,0,256,573.48,18.71,1
252,DECODE,256,0,256,574.48,18.70,1
253,DECODE,256,0,256,575.48,18.58,1
254,DECODE,256,0,256,576.48,18.58,1
255,DECODE,256,0,256,577.48,18.53,1
256,DECODE,256,0,256,578.48,18.59,1
257,DECODE,256,0,256,579.48,18.55,1
258,DECODE,256,0,256,580.48,18.57,1
259,DECODE,256,0,256,581.48,18.85,1
260,DECODE,256,0,256,582.48,18.62,1
261,DECODE,256,0,256,583.48,18.66,1
262,DECODE,256,0,256,584.48,18.62,1
263,DECODE,256,0,256,585.48,18.37,1
264,DECODE,256,0,256,586.48,18.65,1
265,DECODE,256,0,256,587.48,18.64,1
266,DECODE,256,0,256,588.48,18.71,1
267,DECODE,256,0,256,589.48,18.80,1
268,DECODE,256,0,256,590.48,18.01,1
269,DECODE,256,0,256,591.48,17.89,1
270,DECODE,256,0,256,592.48,18.84,1
271,DECODE,256,0,256,593.48,17.86,1
272,DECODE,256,0,256,594.48,18.43,1
273,DECODE,256,0,256,595.48,17.95,1
274,DECODE,256,0,256,596.48,18.26,1
275,DECODE,256,0,256,597.48,17.93,1
276,DECODE,256,0,256,598.48,18.10,1
277,DECODE,256,0,256,599.48,17.87,1
278,DECODE,256,0,256,600.48,18.42,1
279,DECODE,256,0,256,601.48,18.02,1
280,DECODE,256,0,256,602.48,18.07,1
281,DECODE,256,0,256,603.48,18.14,1
282,DECODE,256,0,256,604.48,17.69,1
283,DECODE,256,0,256,605.48,17.94,1
284,DECODE,256,0,256,606.48,18.12,1
285,DECODE,256,0,256,607.48,17.98,1
286,DECODE,256,0,256,608.48,17.99,1
287,DECODE,256,0,256,609.48,17.89,1
288,DECODE,256,0,256,610.48,17.89,1
289,DECODE,256,0,256,611.48,17.94,1
290,DECODE,256,0,256,612.48,17.99,1
291,DECODE,256,0,256,613.48,17.99,1
292,DECODE,256,0,256,614.48,17.91,1
293,DECODE,256,0,256,615.48,18.71,1
294,DECODE,256,0,256,616.48,18.91,1
295,DECODE,256,0,256,617.48,18.74,1
296,DECODE,256,0,256,618.48,18.79,1
297,DECODE,256,0,256,619.48,18.05,1
298,DECODE,256,0,256,620.48,18.87,1
299,DECODE,256,0,256,621.48,18.82,1
300,DECODE,256,0,256,622.48,18.87,1
301,DECODE,256,0,256,623.48,17.97,1
302,DECODE,256,0,256,624.48,18.88,1
303,DECODE,256,0,256,625.48,18.95,1
304,DECODE,256,0,256,626.48,18.68,1
305,DECODE,256,0,256,627.48,18.09,1
306,DECODE,256,0,256,628.48,18.98,1
307,DECODE,256,0,256,629.48,18.95,1
308,DECODE,256,0,256,630.48,19.08,1
309,DECODE,256,0,256,631.48,19.04,1
310,DECODE,256,0,256,632.48,18.90,1
311,DECODE,256,0,256,633.48,18.97,1
312,DECODE,256,0,256,634.48,18.97,1
313,DECODE,256,0,256,635.48,18.91,1
314,DECODE,256,0,256,636.48,18.95,1
315,DECODE,256,0,256,637.48,18.85,1
316,DECODE,256,0,256,638.48,19.02,1
317,DECODE,256,0,256,639.48,18.93,1
318,DECODE,256,0,256,640.48,18.89,1
319,DECODE,256,0,256,641.48,18.81,1
320,DECODE,256,0,256,642.48,18.71,1
321,DECODE,256,0,256,643.48,18.97,1
322,DECODE,256,0,256,644.48,19.06,1
323,DECODE,256,0,256,645.48,19.05,1
324,DECODE,256,0,256,646.48,18.95,1
325,DECODE,256,0,256,647.48,19.04,1
326,DECODE,256,0,256,648.48,19.09,1
327,DECODE,256,0,256,649.48,19.13,1
328,DECODE,256,0,256,650.48,19.13,1
329,DECODE,256,0,256,651.48,19.13,1
330,DECODE,256,0,256,652.48,18.99,1
331,DECODE,256,0,256,653.48,19.07,1
332,DECODE,256,0,256,654.48,19.09,1
333,DECODE,256,0,256,655.48,19.04,1
334,DECODE,256,0,256,656.48,19.12,1
335,DECODE,256,0,256,657.48,19.13,1
336,DECODE,256,0,256,658.48,19.18,1
337,DECODE,256,0,256,659.48,19.22,1
338,DECODE,256,0,256,660.48,19.27,1
339,DECODE,256,0,256,661.48,19.17,1
340,DECODE,256,0,256,662.48,19.59,1
341,DECODE,256,0,256,663.48,19.16,1
342,DECODE,256,0,256,664.48,19.13,1
343,DECODE,256,0,256,665.48,19.35,1
344,DECODE,256,0,256,666.48,19.21,1
345,DECODE,256,0,256,667.48,19.49,1
346,DECODE,256,0,256,668.48,19.10,1
347,DECODE,256,0,256,669.48,19.13,1
348,DECODE,256,0,256,670.48,18.95,1
349,DECODE,256,0,256,671.48,19.58,1
350,DECODE,256,0,256,672.48,19.07,1
351,DECODE,256,0,256,673.48,19.11,1
352,DECODE,256,0,256,674.48,19.35,1
353,DECODE,256,0,256,675.48,19.22,1
354,DECODE,256,0,256,676.48,19.22,1
355,DECODE,256,0,256,677.48,19.31,1
356,DECODE,256,0,256,678.48,19.16,1
357,DECODE,256,0,256,679.48,19.32,1
358,DECODE,256,0,256,680.48,19.13,1
359,DECODE,256,0,256,681.48,19.12,1
360,DECODE,256,0,256,682.48,19.40,1
361,DECODE,256,0,256,683.48,19.39,1
362,DECODE,256,0,256,684.48,19.26,1
363,DECODE,256,0,256,685.48,19.14,1
364,DECODE,256,0,256,686.48,19.22,1
365,DECODE,256,0,256,687.48,19.21,1
366,DECODE,256,0,256,688.48,19.21,1
367,DECODE,256,0,256,689.48,19.14,1
368,DECODE,256,0,256,690.48,19.42,1
369,DECODE,256,0,256,691.48,19.22,1
370,DECODE,256,0,256,692.48,19.15,1
371,DECODE,256,0,256,693.48,19.22,1
372,DECODE,256,0,256,694.48,19.22,1
373,DECODE,256,0,256,695.48,19.22,1
374,DECODE,256,0,256,696.48,19.20,1
375,DECODE,256,0,256,697.48,18.48,1
376,DECODE,256,0,256,698.48,18.86,1
377,DECODE,256,0,256,699.48,19.26,1
378,DECODE,256,0,256,700.48,19.24,1
379,DECODE,256,0,256,701.48,19.96,1
380,DECODE,256,0,256,702.48,18.48,1
381,DECODE,256,0,256,703.48,18.37,1
382,DECODE,256,0,256,704.48,18.38,1
383,DECODE,256,0,256,705.48,18.44,1
384,DECODE,256,0,256,706.48,18.35,1
385,DECODE,256,0,256,707.48,18.38,1
386,DECODE,256,0,256,708.48,18.66,1
387,DECODE,256,0,256,709.48,19.20,1
388,DECODE,256,0,256,710.48,19.24,1
389,DECODE,256,0,256,711.48,19.31,1
390,DECODE,256,0,256,712.48,19.35,1
391,DECODE,256,0,256,713.48,19.36,1
392,DECODE,256,0,256,714.48,19.24,1
393,DECODE,256,0,256,715.48,19.38,1
394,DECODE,256,0,256,716.48,19.33,1
395,DECODE,256,0,256,717.48,19.36,1
396,DECODE,256,0,256,718.48,19.37,1
397,DECODE,256,0,256,719.48,19.38,1
398,DECODE,256,0,256,720.48,19.33,1
399,DECODE,256,0,256,721.48,19.39,1
400,DECODE,256,0,256,722.48,19.33,1
401,DECODE,256,0,256,723.48,19.42,1
402,DECODE,256,0,256,724.48,19.30,1
403,DECODE,256,0,256,725.48,19.49,1
404,DECODE,256,0,256,726.48,19.33,1
405,DECODE,256,0,256,727.48,19.43,1
406,DECODE,256,0,256,728.48,19.44,1
407,DECODE,256,0,256,729.48,19.49,1
408,DECODE,256,0,256,730.48,19.41,1
409,DECODE,256,0,256,731.48,19.41,1
410,DECODE,256,0,256,732.48,19.37,1
411,DECODE,256,0,256,733.48,19.41,1
412,DECODE,256,0,256,734.48,19.39,1
413,DECODE,256,0,256,735.48,19.45,1
414,DECODE,256,0,256,736.48,19.43,1
415,DECODE,256,0,256,737.48,19.05,1
416,DECODE,256,0,256,738.48,19.36,1
417,DECODE,256,0,256,739.48,19.43,1
418,DECODE,256,0,256,740.48,19.42,1
419,DECODE,256,0,256,741.48,19.48,1
420,DECODE,256,0,256,742.48,19.40,1
421,DECODE,256,0,256,743.48,19.59,1
422,DECODE,255,0,255,744.55,19.76,1
423,EXTEND,1,24,0,752.00,54.65,1
424,DECODE,256,0,256,745.57,18.91,1
425,DECODE,256,0,256,746.57,18.55,1
426,DECODE,256,0,256,747.57,18.60,1
427,DECODE,256,0,256,748.57,19.04,1
428,DECODE,256,0,256,749.57,19.21,1
429,DECODE,256,0,256,750.57,19.47,1
430,DECODE,256,0,256,751.57,19.64,1
431,DECODE,256,0,256,752.57,18.68,1
432,DECODE,256,0,256,753.57,19.83,1
433,DECODE,256,0,256,754.57,18.83,1
434,DECODE,256,0,256,755.57,18.79,1
435,DECODE,256,0,256,756.57,18.72,1
436,DECODE,256,0,256,757.57,18.83,1
437,DECODE,256,0,256,758.57,18.85,1
438,DECODE,256,0,256,759.57,18.84,1
439,DECODE,256,0,256,760.57,18.76,1
440,DECODE,256,0,256,761.57,18.76,1
441,DECODE,256,0,256,762.57,18.86,1
442,DECODE,256,0,256,763.57,18.80,1
443,DECODE,256,0,256,764.57,18.83,1
444,DECODE,256,0,256,765.57,18.85,1
445,DECODE,256,0,256,766.57,18.99,1
446,DECODE,256,0,256,767.57,18.65,1
447,DECODE,256,0,256,768.57,18.89,1
448,DECODE,256,0,256,769.57,19.01,1
449,DECODE,256,0,256,770.57,19.05,1
450,DECODE,256,0,256,771.57,19.01,1
451,DECODE,256,0,256,772.57,19.44,1
452,DECODE,256,0,256,773.57,19.44,1
453,DECODE,256,0,256,774.57,19.36,1
454,DECODE,256,0,256,775.57,19.39,1
455,DECODE,256,0,256,776.57,19.38,1
456,DECODE,256,0,256,777.57,19.48,1
457,DECODE,256,0,256,778.57,19.31,1
458,DECODE,256,0,256,779.57,19.35,1
459,DECODE,256,0,256,780.57,18.97,1
460,DECODE,256,0,256,781.57,19.48,1
461,DECODE,256,0,256,782.57,19.23,1
462,DECODE,256,0,256,783.57,19.10,1
463,DECODE,256,0,256,784.57,19.15,1
464,DECODE,256,0,256,785.57,19.16,1
465,DECODE,256,0,256,786.57,19.01,1
466,DECODE,256,0,256,787.57,19.10,1
467,DECODE,256,0,256,788.57,19.19,1
468,DECODE,256,0,256,789.57,19.20,1
469,DECODE,256,0,256,790.57,19.17,1
470,DECODE,256,0,256,791.57,18.83,1
471,DECODE,256,0,256,792.57,18.97,1
472,DECODE,256,0,256,793.57,19.01,1
473,DECODE,256,0,256,794.57,19.02,1
474,DECODE,256,0,256,795.57,19.12,1
475,DECODE,256,0,256,796.57,19.13,1
476,DECODE,256,0,256,797.57,19.15,1
477,DECODE,256,0,256,798.57,19.14,1
478,DECODE,256,0,256,799.57,19.16,1
479,DECODE,256,0,256,800.57,19.15,1
480,DECODE,256,0,256,801.57,19.26,1
481,DECODE,256,0,256,802.57,19.14,1
482,DECODE,256,0,256,803.57,19.16,1
483,DECODE,256,0,256,804.57,19.09,1
484,DECODE,256,0,256,805.57,19.83,1
485,DECODE,256,0,256,806.57,19.98,1
486,DECODE,256,0,256,807.57,19.57,1
487,DECODE,256,0,256,808.57,19.15,1
488,DECODE,256,0,256,809.57,19.06,1
489,DECODE,256,0,256,810.57,18.94,1
490,DECODE,256,0,256,811.57,19.09,1
491,DECODE,256,0,256,812.57,19.12,1
492,DECODE,256,0,256,813.57,19.07,1
493,DECODE,256,0,256,814.57,19.06,1
494,DECODE,256,0,256,815.57,19.25,1
495,DECODE,256,0,256,816.57,19.24,1
496,DECODE,256,0,256,817.57,19.23,1
497,DECODE,256,0,256,818.57,19.23,1
498,DECODE,256,0,256,819.57,19.27,1
499,DECODE,256,0,256,820.57,19.26,1
500,DECODE,256,0,256,821.57,19.22,1
501,DECODE,256,0,256,822.57,19.23,1
502,DECODE,256,0,256,823.57,19.22,1
503,DECODE,256,0,256,824.57,19.09,1
504,DECODE,256,0,256,825.57,19.07,1
505,DECODE,256,0,256,826.57,19.06,1
506,DECODE,256,0,256,827.57,19.07,1
507,DECODE,256,0,256,828.57,19.16,1
508,DECODE,256,0,256,829.57,19.20,1
509,DECODE,256,0,256,830.57,19.15,1
510,DECODE,256,0,256,831.57,19.08,1
511,DECODE,256,0,256,832.57,19.22,1
512,DECODE,256,0,256,833.57,19.37,1
513,DECODE,256,0,256,834.57,19.38,1
514,DECODE,256,0,256,835.57,19.28,1
515,DECODE,256,0,256,836.57,19.28,1
516,DECODE,256,0,256,837.57,19.38,1
517,DECODE,256,0,256,838.57,19.38,1
518,DECODE,256,0,256,839.57,19.38,1
519,DECODE,256,0,256,840.57,19.75,1
520,DECODE,256,0,256,841.57,19.98,1
521,DECODE,256,0,256,842.57,20.05,1
522,DECODE,256,0,256,843.57,20.02,1
523,DECODE,256,0,256,844.57,19.96,1
524,DECODE,256,0,256,845.57,20.02,1
525,DECODE,256,0,256,846.57,20.67,1
526,DECODE,256,0,256,847.57,20.28,1
527,DECODE,256,0,256,848.57,20.15,1
528,DECODE,256,0,256,849.57,20.02,1
529,DECODE,256,0,256,850.57,20.11,1
530,DECODE,256,0,256,851.57,20.09,1
531,DECODE,256,0,256,852.57,20.11,1
532,DECODE,256,0,256,853.57,20.13,1
533,DECODE,256,0,256,854.57,20.13,1
534,DECODE,256,0,256,855.57,20.10,1
535,DECODE,256,0,256,856.57,20.10,1
536,DECODE,256,0,256,857.57,20.05,1
537,DECODE,256,0,256,858.57,20.17,1
538,DECODE,256,0,256,859.57,20.11,1
539,DECODE,256,0,256,860.57,20.12,1
540,DECODE,256,0,256,861.57,20.16,1
541,DECODE,256,0,256,862.57,20.16,1
542,DECODE,256,0,256,863.57,20.23,1
543,DECODE,256,0,256,864.57,20.17,1
544,DECODE,256,0,256,865.57,20.14,1
545,DECODE,256,0,256,866.57,20.21,1
546,DECODE,256,0,256,867.57,20.26,1
547,DECODE,256,0,256,868.57,20.24,1
548,DECODE,256,0,256,869.57,19.71,1
549,DECODE,256,0,256,870.57,20.19,1
550,DECODE,256,0,256,871.57,20.18,1
551,DECODE,256,0,256,872.57,20.18,1
552,DECODE,256,0,256,873.57,20.24,1
553,DECODE,256,0,256,874.57,20.29,1
554,DECODE,256,0,256,875.57,20.19,1
555,DECODE,256,0,256,876.57,20.22,1
556,DECODE,256,0,256,877.57,20.23,1
557,DECODE,256,0,256,878.57,20.24,1
558,DECODE,255,0,255,879.46,20.44,1
559,EXTEND,1,28,0,935.00,58.29,1
560,DECODE,256,0,256,880.68,19.92,1
561,DECODE,256,0,256,881.68,19.44,1
562,DECODE,256,0,256,882.68,19.52,1
563,DECODE,256,0,256,883.68,19.50,1
564,DECODE,256,0,256,884.68,19.54,1
565,DECODE,256,0,256,885.68,19.52,1
566,DECODE,256,0,256,886.68,19.57,1
567,DECODE,256,0,256,887.68,19.46,1
568,DECODE,256,0,256,888.68,19.47,1
569,DECODE,256,0,256,889.68,19.96,1
570,DECODE,256,0,256,890.68,19.47,1
571,DECODE,256,0,256,891.68,19.63,1
572,DECODE,256,0,256,892.68,19.42,1
573,DECODE,256,0,256,893.68,19.56,1
574,DECODE,256,0,256,894.68,19.52,1
575,DECODE,256,0,256,895.68,20.45,1
576,DECODE,256,0,256,896.68,19.57,1
577,DECODE,256,0,256,897.68,20.32,1
578,DECODE,256,0,256,898.68,20.19,1
579,DECODE,256,0,256,899.68,20.20,1
580,DECODE,256,0,256,900.68,20.18,1
581,DECODE,256,0,256,901.68,20.29,1
582,DECODE,256,0,256,902.68,20.21,1
583,DECODE,256,0,256,903.68,20.25,1
584,DECODE,256,0,256,904.68,20.16,1
585,DECODE,256,0,256,905.68,20.18,1
586,DECODE,256,0,256,906.68,20.74,1
587,DECODE,256,0,256,907.68,20.20,1
588,DECODE,256,0,256,908.68,19.85,1
589,DECODE,256,0,256,909.68,20.16,1
590,DECODE,256,0,256,910.68,20.25,1
591,DECODE,256,0,256,911.68,19.92,1
592,DECODE,256,0,256,912.68,19.93,1
593,DECODE,256,0,256,913.68,19.95,1
594,DECODE,256,0,256,914.68,19.96,1
595,DECODE,256,0,256,915.68,19.93,1
596,DECODE,256,0,256,916.68,19.96,1
597,DECODE,256,0,256,917.68,19.92,1
598,DECODE,256,0,256,918.68,20.44,1
599,DECODE,256,0,256,919.68,19.76,1
600,DECODE,256,0,256,920.68,19.72,1
601,DECODE,256,0,256,921.68,20.36,1
602,DECODE,256,0,256,922.68,19.80,1
603,DECODE,256,0,256,923.68,20.25,1
604,DECODE,256,0,256,924.68,20.15,1
605,DECODE,256,0,256,925.68,20.20,1
606,DECODE,256,0,256,926.68,20.30,1
607,DECODE,256,0,256,927.68,20.17,1
608,DECODE,256,0,256,928.68,20.51,1
609,DECODE,256,0,256,929.68,20.32,1
610,DECODE,256,0,256,930.68,19.85,1
611,DECODE,256,0,256,931.68,19.86,1
612,DECODE,256,0,256,932.68,19.91,1
613,DECODE,256,0,256,933.68,21.15,1
614,DECODE,256,0,256,934.68,21.27,1
615,DECODE,256,0,256,935.68,21.20,1
616,DECODE,256,0,256,936.68,20.17,1
617,DECODE,256,0,256,937.68,20.15,1
618,DECODE,256,0,256,938.68,20.21,1
619,DECODE,256,0,256,939.68,20.66,1
620,DECODE,256,0,256,940.68,20.67,1
621,DECODE,256,0,256,941.68,21.00,1
622,DECODE,256,0,256,942.68,20.62,1
623,DECODE,256,0,256,943.68,20.87,1
624,DECODE,256,0,256,944.68,20.49,1
625,DECODE,256,0,256,945.68,19.96,1
626,DECODE,256,0,256,946.68,19.87,1
627,DECODE,256,0,256,947.68,19.96,1
628,DECODE,256,0,256,948.68,19.84,1
629,DECODE,256,0,256,949.68,20.07,1
630,DECODE,256,0,256,950.68,20.05,1
631,DECODE,256,0,256,951.68,20.93,1
632,DECODE,256,0,256,952.68,20.75,1
633,DECODE,256,0,256,953.68,20.75,1
634,DECODE,255,0,255,954.46,20.90,1
635,EXTEND,1,28,0,1037.00,51.58,1
636,DECODE,256,0,256,955.79,20.51,1
637,DECODE,256,0,256,956.79,19.77,1
638,DECODE,256,0,256,957.79,19.71,1
639,DECODE,256,0,256,958.79,20.53,1
640,DECODE,256,0,256,959.79,20.65,1
641,DECODE,256,0,256,960.79,20.81,1
642,DECODE,256,0,256,961.79,20.82,1
643,DECODE,256,0,256,962.79,20.82,1
644,DECODE,256,0,256,963.79,21.04,1
645,DECODE,256,0,256,964.79,20.91,1
646,DECODE,256,0,256,965.79,20.81,1
647,DECODE,256,0,256,966.79,20.89,1
648,DECODE,256,0,256,967.79,20.64,1
649,DECODE,256,0,256,968.79,20.77,1
650,DECODE,256,0,256,969.79,20.90,1
651,DECODE,256,0,256,970.79,20.84,1
652,DECODE,256,0,256,971.79,20.85,1
653,DECODE,256,0,256,972.79,20.81,1
654,DECODE,256,0,256,973.79,20.72,1
655,DECODE,256,0,256,974.79,20.75,1
656,DECODE,256,0,256,975.79,20.82,1
657,DECODE,256,0,256,976.79,20.74,1
658,DECODE,256,0,256,977.79,20.80,1
659,DECODE,256,0,256,978.79,20.75,1
660,DECODE,256,0,256,979.79,20.79,1
661,DECODE,256,0,256,980.79,20.82,1
662,DECODE,256,0,256,981.79,21.02,1
663,DECODE,256,0,256,982.79,21.29,1
664,DECODE,256,0,256,983.79,20.95,1
665,DECODE,256,0,256,984.79,20.89,1
666,DECODE,256,0,256,985.79,21.72,1
667,DECODE,256,0,256,986.79,21.47,1
668,DECODE,256,0,256,987.79,21.36,1
669,DECODE,256,0,256,988.79,21.10,1
670,DECODE,256,0,256,989.79,21.40,1
671,DECODE,256,0,256,990.79,21.11,1
672,DECODE,256,0,256,991.79,21.72,1
673,DECODE,256,0,256,992.79,21.00,1
674,DECODE,256,0,256,993.79,20.06,1
675,DECODE,256,0,256,994.79,20.07,1
676,DECODE,256,0,256,995.79,20.08,1
677,DECODE,256,0,256,996.79,20.14,1
678,DECODE,256,0,256,997.79,20.00,1
679,DECODE,256,0,256,998.79,20.07,1
680,DECODE,256,0,256,999.79,20.09,1
681,DECODE,256,0,256,1000.79,20.09,1
682,DECODE,256,0,256,1001.79,20.10,1
683,DECODE,256,0,256,1002.79,20.10,1
684,DECODE,256,0,256,1003.79,20.18,1
685,DECODE,255,0,255,1004.46,20.18,1
686,EXTEND,1,28,0,1114.00,31.16,1
687,DECODE,256,0,256,1005.89,20.32,1
688,DECODE,256,0,256,1006.89,21.58,1
689,DECODE,256,0,256,1007.89,21.00,1
690,DECODE,256,0,256,1008.89,20.19,1
691,DECODE,256,0,256,1009.89,20.15,1
692,DECODE,256,0,256,1010.89,20.35,1
693,DECODE,256,0,256,1011.89,20.48,1
694,DECODE,256,0,256,1012.89,20.74,1
695,DECODE,256,0,256,1013.89,20.50,1
696,DECODE,256,0,256,1014.89,20.25,1
697,DECODE,256,0,256,1015.89,21.14,1
698,DECODE,256,0,256,1016.89,20.85,1
699,DECODE,256,0,256,1017.89,20.97,1
700,DECODE,256,0,256,1018.89,20.31,1
701,DECODE,256,0,256,1019.89,21.24,1
702,DECODE,256,0,256,1020.89,21.14,1
703,DECODE,256,0,256,1021.89,20.57,1
704,DECODE,256,0,256,1022.89,21.37,1
705,DECODE,256,0,256,1023.89,21.19,1
706,DECODE,256,0,256,1024.89,21.41,1
707,DECODE,256,0,256,1025.89,21.26,1
708,DECODE,256,0,256,1026.89,21.50,1
709,DECODE,256,0,256,1027.89,21.34,1
710,DECODE,256,0,256,1028.89,21.46,1
711,DECODE,256,0,256,1029.89,21.31,1
712,DECODE,256,0,256,1030.89,21.45,1
713,DECODE,256,0,256,1031.89,21.21,1
714,DECODE,255,0,255,1032.85,21.75,1
715,EXTEND,1,30,0,1072.00,61.02,1
716,DECODE,256,0,256,1034.00,20.51,1
717,DECODE,256,0,256,1035.00,20.96,1
718,DECODE,256,0,256,1036.00,20.42,1
719,DECODE,256,0,256,1037.00,20.45,1
720,DECODE,256,0,256,1038.00,20.34,1
721,DECODE,256,0,256,1039.00,20.45,1
722,DECODE,256,0,256,1040.00,20.41,1
723,DECODE,256,0,256,1041.00,20.47,1
724,DECODE,256,0,256,1042.00,20.58,1
725,DECODE,256,0,256,1043.00,20.47,1
726,DECODE,256,0,256,1044.00,20.49,1
727,DECODE,256,0,256,1045.00,20.47,1
728,DECODE,256,0,256,1046.00,21.40,1
729,DECODE,256,0,256,1047.00,21.42,1
730,DECODE,256,0,256,1048.00,20.51,1
731,DECODE,256,0,256,1049.00,20.51,1
732,DECODE,256,0,256,1050.00,20.63,1
733,DECODE,256,0,256,1051.00,20.50,1
734,DECODE,256,0,256,1052.00,20.63,1
735,DECODE,256,0,256,1053.00,21.21,1
736,DECODE,256,0,256,1054.00,20.62,1
737,DECODE,256,0,256,1055.00,21.03,1
738,DECODE,256,0,256,1056.00,20.57,1
739,DECODE,256,0,256,1057.00,20.56,1
740,DECODE,256,0,256,1058.00,21.68,1
741,DECODE,256,0,256,1059.00,21.54,1
742,DECODE,256,0,256,1060.00,21.60,1
743,DECODE,255,0,255,1060.58,21.96,1
744,EXTEND,1,28,0,1197.00,53.25,1
745,DECODE,256,0,256,1062.11,20.88,1
746,DECODE,256,0,256,1063.11,21.04,1
747,DECODE,256,0,256,1064.11,20.95,1
748,DECODE,256,0,256,1065.11,21.53,1
749,DECODE,256,0,256,1066.11,21.54,1
750,DECODE,256,0,256,1067.11,21.50,1
751,DECODE,256,0,256,1068.11,21.71,1
752,DECODE,256,0,256,1069.11,21.39,1
753,DECODE,256,0,256,1070.11,21.53,1
754,DECODE,256,0,256,1071.11,21.51,1
755,DECODE,256,0,256,1072.11,21.51,1
756,DECODE,256,0,256,1073.11,21.39,1
757,DECODE,256,0,256,1074.11,21.39,1
758,DECODE,256,0,256,1075.11,20.74,1
759,DECODE,256,0,256,1076.11,20.63,1
760,DECODE,256,0,256,1077.11,20.57,1
761,DECODE,256,0,256,1078.11,20.78,1
762,DECODE,256,0,256,1079.11,20.70,1
763,DECODE,256,0,256,1080.11,21.19,1
764,DECODE,256,0,256,1081.11,20.73,1
765,DECODE,256,0,256,1082.11,21.51,1
766,DECODE,256,0,256,1083.11,21.58,1
767,DECODE,256,0,256,1084.11,21.57,1
768,DECODE,256,0,256,1085.11,21.60,1
769,DECODE,256,0,256,1086.11,21.55,1
770,DECODE,256,0,256,1087.11,21.36,1
771,DECODE,256,0,256,1088.11,21.49,1
772,DECODE,256,0,256,1089.11,21.47,1
773,DECODE,256,0,256,1090.11,21.57,1
774,DECODE,256,0,256,1091.11,21.67,1
775,DECODE,256,0,256,1092.11,21.71,1
776,DECODE,256,0,256,1093.11,21.55,1
777,DECODE,256,0,256,1094.11,21.49,1
778,DECODE,256,0,256,1095.11,21.54,1
779,DECODE,256,0,256,1096.11,21.61,1
780,DECODE,256,0,256,1097.11,21.80,1
781,DECODE,256,0,256,1098.11,21.60,1
782,DECODE,256,0,256,1099.11,21.60,1
783,DECODE,256,0,256,1100.11,21.63,1
784,DECODE,256,0,256,1101.11,21.62,1
785,DECODE,256,0,256,1102.11,21.15,1
786,DECODE,256,0,256,1103.11,21.07,1
787,DECODE,255,0,255,1103.58,21.63,1
788,DECODE,255,0,255,1104.58,21.29,1
789,DECODE,255,0,255,1105.58,21.68,1
790,DECODE,255,0,255,1106.58,21.67,1
791,DECODE,255,0,255,1107.58,21.07,1
792,DECODE,255,0,255,1108.58,20.97,1
793,DECODE,255,0,255,1109.58,20.88,1
794,DECODE,255,0,255,1110.58,21.47,1
795,DECODE,255,0,255,1111.58,20.90,1
796,DECODE,255,0,255,1112.58,20.84,1
797,DECODE,255,0,255,1113.58,20.81,1
798,DECODE,255,0,255,1114.58,20.90,1
799,DECODE,255,0,255,1115.58,20.81,1
800,DECODE,255,0,255,1116.58,20.81,1
801,DECODE,255,0,255,1117.58,20.81,1
802,DECODE,255,0,255,1118.58,21.51,1
803,DECODE,255,0,255,1119.58,21.05,1
804,DECODE,255,0,255,1120.58,21.10,1
805,DECODE,255,0,255,1121.58,21.28,1
806,DECODE,255,0,255,1122.58,21.10,1
807,DECODE,255,0,255,1123.58,21.02,1
808,DECODE,255,0,255,1124.58,21.07,1
809,DECODE,255,0,255,1125.58,21.01,1
810,DECODE,255,0,255,1126.58,21.04,1
811,DECODE,255,0,255,1127.58,20.99,1
812,DECODE,255,0,255,1128.58,21.06,1
813,DECODE,255,0,255,1129.58,21.08,1
814,DECODE,255,0,255,1130.58,22.42,1
815,DECODE,255,0,255,1131.58,22.42,1
816,DECODE,255,0,255,1132.58,22.46,1
817,DECODE,255,0,255,1133.58,22.47,1
818,DECODE,255,0,255,1134.58,22.47,1
819,DECODE,254,0,254,1135.54,23.33,1
820,EXTEND,1,25,0,1170.00,57.77,1
821,DECODE,255,0,255,1136.67,21.29,1
822,DECODE,255,0,255,1137.67,21.04,1
823,DECODE,255,0,255,1138.67,21.03,1
824,DECODE,255,0,255,1139.67,21.22,1
825,DECODE,255,0,255,1140.67,21.01,1
826,DECODE,255,0,255,1141.67,20.97,1
827,DECODE,255,0,255,1142.67,21.02,1
828,DECODE,255,0,255,1143.67,22.02,1
829,DECODE,255,0,255,1144.67,21.98,1
830,DECODE,255,0,255,1145.67,22.03,1
831,DECODE,255,0,255,1146.67,22.76,1
832,DECODE,255,0,255,1147.67,21.26,1
833,DECODE,255,0,255,1148.67,22.00,1
834,DECODE,255,0,255,1149.67,22.15,1
835,DECODE,255,0,255,1150.67,22.41,1
836,DECODE,255,0,255,1151.67,22.43,1
837,DECODE,255,0,255,1152.67,21.23,1
838,DECODE,255,0,255,1153.67,21.22,1
839,DECODE,255,0,255,1154.67,21.10,1
840,DECODE,255,0,255,1155.67,21.15,1
841,DECODE,255,0,255,1156.67,21.17,1
842,DECODE,255,0,255,1157.67,21.14,1
843,DECODE,255,0,255,1158.67,21.31,1
844,DECODE,255,0,255,1159.67,21.09,1
845,DECODE,255,0,255,1160.67,21.20,1
846,DECODE,255,0,255,1161.67,21.01,1
847,DECODE,255,0,255,1162.67,21.15,1
848,DECODE,255,0,255,1163.67,21.16,1
849,DECODE,255,0,255,1164.67,22.60,1
850,DECODE,255,0,255,1165.67,21.38,1
851,DECODE,255,0,255,1166.67,21.31,1
852,DECODE,255,0,255,1167.67,22.23,1
853,DECODE,255,0,255,1168.67,21.40,1
854,DECODE,255,0,255,1169.67,21.22,1
855,DECODE,255,0,255,1170.67,21.24,1
856,DECODE,255,0,255,1171.67,21.20,1
857,DECODE,255,0,255,1172.67,21.54,1
858,DECODE,255,0,255,1173.67,22.12,1
859,DECODE,255,0,255,1174.67,22.09,1
860,DECODE,255,0,255,1175.67,22.20,1
861,DECODE,255,0,255,1176.67,22.14,1
862,DECODE,255,0,255,1177.67,22.32,1
863,DECODE,255,0,255,1178.67,21.51,1
864,DECODE,255,0,255,1179.67,22.10,1
865,DECODE,255,0,255,1180.67,22.17,1
866,DECODE,255,0,255,1181.67,22.25,1
867,DECODE,255,0,255,1182.67,22.18,1
868,DECODE,255,0,255,1183.67,22.23,1
869,DECODE,255,0,255,1184.67,22.22,1
870,DECODE,255,0,255,1185.67,22.18,1
871,DECODE,255,0,255,1186.67,22.13,1
872,DECODE,255,0,255,1187.67,22.11,1
873,DECODE,255,0,255,1188.67,22.20,1
874,DECODE,255,0,255,1189.67,22.10,1
875,DECODE,255,0,255,1190.67,22.38,1
876,DECODE,255,0,255,1191.67,22.11,1
877,DECODE,255,0,255,1192.67,22.07,1
878,DECODE,255,0,255,1193.67,22.15,1
879,DECODE,255,0,255,1194.67,22.24,1
880,DECODE,255,0,255,1195.67,22.02,1
881,DECODE,255,0,255,1196.67,22.24,1
882,DECODE,255,0,255,1197.67,22.10,1
883,DECODE,255,0,255,1198.67,22.25,1
884,DECODE,255,0,255,1199.67,22.18,1
885,DECODE,255,0,255,1200.67,22.08,1
886,DECODE,255,0,255,1201.67,21.59,1
887,DECODE,255,0,255,1202.67,22.12,1
888,DECODE,255,0,255,1203.67,22.16,1
889,DECODE,255,0,255,1204.67,22.21,1
890,DECODE,255,0,255,1205.67,22.14,1
891,DECODE,255,0,255,1206.67,22.16,1
892,DECODE,255,0,255,1207.67,22.53,1
893,DECODE,255,0,255,1208.67,22.37,1
894,DECODE,255,0,255,1209.67,22.23,1
895,DECODE,255,0,255,1210.67,22.18,1
896,DECODE,255,0,255,1211.67,22.20,1
897,DECODE,255,0,255,1212.67,22.30,1
898,DECODE,255,0,255,1213.67,22.46,1
899,DECODE,255,0,255,1214.67,22.21,1
900,DECODE,255,0,255,1215.67,22.32,1
901,DECODE,255,0,255,1216.67,22.22,1
902,DECODE,255,0,255,1217.67,21.83,1
903,DECODE,255,0,255,1218.67,21.81,1
904,DECODE,255,0,255,1219.67,22.70,1
905,DECODE,255,0,255,1220.67,21.45,1
906,DECODE,255,0,255,1221.67,22.19,1
907,DECODE,255,0,255,1222.67,21.13,1
908,DECODE,255,0,255,1223.67,21.43,1
909,DECODE,255,0,255,1224.67,21.48,1
910,DECODE,254,0,254,1225.48,21.48,1
911,EXTEND,1,28,0,1300.00,33.93,1
912,DECODE,255,0,255,1226.78,21.30,1
913,DECODE,255,0,255,1227.78,21.29,1
914,DECODE,255,0,255,1228.78,21.32,1
915,DECODE,255,0,255,1229.78,21.45,1
916,DECODE,255,0,255,1230.78,21.46,1
917,DECODE,255,0,255,1231.78,21.50,1
918,DECODE,255,0,255,1232.78,21.73,1
919,DECODE,255,0,255,1233.78,22.33,1
920,DECODE,255,0,255,1234.78,22.41,1
921,DECODE,255,0,255,1235.78,22.33,1
922,DECODE,255,0,255,1236.78,22.44,1
923,DECODE,255,0,255,1237.78,22.42,1
924,DECODE,255,0,255,1238.78,22.43,1
925,DECODE,255,0,255,1239.78,22.42,1
926,DECODE,255,0,255,1240.78,22.39,1
927,DECODE,255,0,255,1241.78,22.39,1
928,DECODE,255,0,255,1242.78,22.48,1
929,DECODE,255,0,255,1243.78,22.33,1
930,DECODE,255,0,255,1244.78,22.45,1
931,DECODE,255,0,255,1245.78,22.49,1
932,DECODE,255,0,255,1246.78,22.55,1
933,DECODE,255,0,255,1247.78,22.59,1
934,DECODE,255,0,255,1248.78,21.69,1
935,DECODE,255,0,255,1249.78,21.73,1
936,DECODE,255,0,255,1250.78,21.70,1
937,DECODE,255,0,255,1251.78,21.73,1
938,DECODE,255,0,255,1252.78,21.71,1
939,DECODE,255,0,255,1253.78,21.72,1
940,DECODE,255,0,255,1254.78,21.70,1
941,DECODE,255,0,255,1255.78,21.72,1
942,DECODE,255,0,255,1256.78,21.70,1
943,DECODE,255,0,255,1257.78,21.75,1
944,DECODE,255,0,255,1258.78,21.73,1
945,DECODE,255,0,255,1259.78,21.74,1
946,DECODE,255,0,255,1260.78,21.64,1
947,DECODE,255,0,255,1261.78,21.77,1
948,DECODE,255,0,255,1262.78,21.71,1
949,DECODE,255,0,255,1263.78,21.74,1
950,DECODE,255,0,255,1264.78,21.66,1
951,DECODE,255,0,255,1265.78,21.83,1
952,DECODE,255,0,255,1266.78,21.80,1
953,DECODE,255,0,255,1267.78,21.82,1
954,DECODE,255,0,255,1268.78,21.87,1
955,DECODE,255,0,255,1269.78,21.84,1
956,DECODE,255,0,255,1270.78,21.79,1
957,DECODE,255,0,255,1271.78,21.86,1
958,DECODE,255,0,255,1272.78,21.88,1
959,DECODE,255,0,255,1273.78,21.82,1
960,DECODE,255,0,255,1274.78,21.84,1
961,DECODE,255,0,255,1275.78,23.41,1
962,DECODE,255,0,255,1276.78,22.65,1
963,DECODE,255,0,255,1277.78,21.89,1
964,DECODE,254,0,254,1278.88,21.75,1
965,EXTEND,1,29,0,1280.00,43.93,1
966,DECODE,255,0,255,1279.89,21.78,1
967,DECODE,255,0,255,1280.89,21.83,1
968,DECODE,255,0,255,1281.89,21.82,1
969,DECODE,255,0,255,1282.89,21.76,1
970,DECODE,255,0,255,1283.89,24.67,1
971,DECODE,255,0,255,1284.89,22.69,1
972,DECODE,255,0,255,1285.89,21.94,1
973,DECODE,255,0,255,1286.89,22.06,1
974,DECODE,255,0,255,1287.89,21.85,1
975,DECODE,255,0,255,1288.89,21.93,1
976,DECODE,255,0,255,1289.89,21.88,1
977,DECODE,255,0,255,1290.89,21.93,1
978,DECODE,255,0,255,1291.89,21.92,1
979,DECODE,255,0,255,1292.89,22.66,1
980,DECODE,255,0,255,1293.89,23.54,1
981,DECODE,255,0,255,1294.89,21.56,1
982,DECODE,255,0,255,1295.89,22.40,1
983,DECODE,255,0,255,1296.89,22.42,1
984,DECODE,255,0,255,1297.89,22.60,1
985,DECODE,255,0,255,1298.89,22.43,1
986,DECODE,255,0,255,1299.89,22.44,1
987,DECODE,255,0,255,1300.89,22.36,1
988,DECODE,255,0,255,1301.89,22.48,1
989,DECODE,255,0,255,1302.89,22.89,1
990,DECODE,255,0,255,1303.89,22.99,1
991,DECODE,255,0,255,1304.89,22.93,1
992,DECODE,255,0,255,1305.89,22.94,1
993,DECODE,255,0,255,1306.89,22.34,1
994,DECODE,255,0,255,1307.89,22.91,1
995,DECODE,255,0,255,1308.89,22.46,1
996,DECODE,255,0,255,1309.89,22.00,1
997,DECODE,255,0,255,1310.89,21.94,1
998,DECODE,254,0,254,1312.03,22.13,1
999,EXTEND,1,28,0,1303.00,31.98,1
1000,DECODE,255,0,255,1312.99,22.95,1
1001,DECODE,255,0,255,1313.99,21.78,1
1002,DECODE,255,0,255,1314.99,21.84,1
1003,DECODE,255,0,255,1315.99,21.87,1
1004,DECODE,255,0,255,1316.99,22.06,1
1005,DECODE,255,0,255,1317.99,22.13,1
1006,DECODE,255,0,255,1318.99,22.03,1
1007,DECODE,255,0,255,1319.99,22.18,1
1008,DECODE,255,0,255,1320.99,21.87,1
1009,DECODE,255,0,255,1321.99,22.03,1
1010,DECODE,255,0,255,1322.99,21.81,1
1011,DECODE,255,0,255,1323.99,22.03,1
1012,DECODE,255,0,255,1324.99,22.46,1
1013,DECODE,255,0,255,1325.99,22.06,1
1014,DECODE,255,0,255,1326.99,22.88,1
1015,DECODE,255,0,255,1327.99,22.83,1
1016,DECODE,255,0,255,1328.99,22.01,1
1017,DECODE,255,0,255,1329.99,22.98,1
1018,DECODE,255,0,255,1330.99,22.88,1
1019,DECODE,255,0,255,1331.99,23.04,1
1020,DECODE,255,0,255,1332.99,22.86,1
1021,DECODE,255,0,255,1333.99,23.00,1
1022,DECODE,255,0,255,1334.99,22.97,1
1023,DECODE,255,0,255,1335.99,23.02,1
1024,DECODE,255,0,255,1336.99,22.94,1
1025,DECODE,255,0,255,1337.99,23.00,1
1026,DECODE,255,0,255,1338.99,22.98,1
1027,DECODE,255,0,255,1339.99,22.56,1
1028,DECODE,255,0,255,1340.99,23.74,1
1029,DECODE,255,0,255,1341.99,22.06,1
1030,DECODE,255,0,255,1342.99,22.93,1
1031,DECODE,255,0,255,1343.99,23.08,1
1032,DECODE,255,0,255,1344.99,23.05,1
1033,DECODE,255,0,255,1345.99,23.04,1
1034,DECODE,255,0,255,1346.99,23.04,1
1035,DECODE,255,0,255,1347.99,23.10,1
1036,DECODE,255,0,255,1348.99,22.98,1
1037,DECODE,255,0,255,1349.99,23.03,1
1038,DECODE,255,0,255,1350.99,22.04,1
1039,DECODE,255,0,255,1351.99,22.12,1
1040,DECODE,255,0,255,1352.99,21.92,1
1041,DECODE,255,0,255,1353.99,22.14,1
1042,DECODE,255,0,255,1354.99,22.08,1
1043,DECODE,255,0,255,1355.99,22.07,1
1044,DECODE,255,0,255,1356.99,22.08,1
1045,DECODE,255,0,255,1357.99,22.10,1
1046,DECODE,255,0,255,1358.99,22.10,1
1047,DECODE,255,0,255,1359.99,22.05,1
1048,DECODE,255,0,255,1360.99,22.08,1
1049,DECODE,255,0,255,1361.99,22.19,1
1050,DECODE,255,0,255,1362.99,22.14,1
1051,DECODE,255,0,255,1363.99,22.22,1
1052,DECODE,255,0,255,1364.99,22.27,1
1053,DECODE,255,0,255,1365.99,22.15,1
1054,DECODE,255,0,255,1366.99,22.19,1
1055,DECODE,255,0,255,1367.99,22.52,1
1056,DECODE,255,0,255,1368.99,22.22,1
1057,DECODE,255,0,255,1369.99,22.09,1
1058,DECODE,255,0,255,1370.99,22.17,1
1059,DECODE,255,0,255,1371.99,22.73,1
1060,DECODE,255,0,255,1372.99,22.17,1
1061,DECODE,255,0,255,1373.99,22.26,1
1062,DECODE,255,0,255,1374.99,22.27,1
1063,DECODE,255,0,255,1375.99,22.26,1
1064,DECODE,255,0,255,1376.99,22.22,1
1065,DECODE,255,0,255,1377.99,22.39,1
1066,DECODE,255,0,255,1378.99,22.73,1
1067,DECODE,255,0,255,1379.99,22.30,1
1068,DECODE,255,0,255,1380.99,22.23,1
1069,DECODE,255,0,255,1381.99,23.36,1
1070,DECODE,255,0,255,1382.99,22.33,1
1071,DECODE,255,0,255,1383.99,22.39,1
1072,DECODE,255,0,255,1384.99,22.31,1
1073,DECODE,255,0,255,1385.99,22.32,1
1074,DECODE,254,0,254,1387.06,22.40,1
1075,EXTEND,1,20,0,1390.00,40.46,1
1076,DECODE,255,0,255,1388.07,22.08,1
1077,DECODE,255,0,255,1389.07,22.36,1
1078,DECODE,255,0,255,1390.07,22.42,1
1079,DECODE,255,0,255,1391.07,22.43,1
1080,DECODE,255,0,255,1392.07,22.37,1
1081,DECODE,255,0,255,1393.07,22.35,1
1082,DECODE,255,0,255,1394.07,23.23,1
1083,DECODE,255,0,255,1395.07,23.16,1
1084,DECODE,255,0,255,1396.07,23.14,1
1085,DECODE,255,0,255,1397.07,23.20,1
1086,DECODE,255,0,255,1398.07,23.17,1
1087,DECODE,255,0,255,1399.07,23.15,1
1088,DECODE,255,0,255,1400.07,23.25,1
1089,DECODE,255,0,255,1401.07,22.81,1
1090,DECODE,255,0,255,1402.07,23.23,1
1091,DECODE,255,0,255,1403.07,23.29,1
1092,DECODE,255,0,255,1404.07,23.03,1
1093,DECODE,255,0,255,1405.07,23.23,1
1094,DECODE,255,0,255,1406.07,23.40,1
1095,DECODE,255,0,255,1407.07,23.35,1
1096,DECODE,255,0,255,1408.07,23.33,1
1097,DECODE,255,0,255,1409.07,23.38,1
1098,DECODE,255,0,255,1410.07,23.41,1
1099,DECODE,255,0,255,1411.07,23.33,1
1100,DECODE,255,0,255,1412.07,23.32,1
1101,DECODE,255,0,255,1413.07,23.41,1
1102,DECODE,255,0,255,1414.07,23.37,1
1103,DECODE,255,0,255,1415.07,23.59,1
1104,DECODE,255,0,255,1416.07,23.37,1
1105,DECODE,255,0,255,1417.07,23.41,1
1106,DECODE,255,0,255,1418.07,23.47,1
1107,DECODE,255,0,255,1419.07,23.41,1
1108,DECODE,254,0,254,1420.06,23.93,1
1109,EXTEND,1,28,0,1448.00,52.88,1
1110,DECODE,255,0,255,1421.17,22.78,1
1111,DECODE,255,0,255,1422.17,22.93,1
1112,DECODE,255,0,255,1423.17,22.90,1
1113,DECODE,255,0,255,1424.17,23.39,1
1114,DECODE,255,0,255,1425.17,23.32,1
1115,DECODE,255,0,255,1426.17,23.51,1
1116,DECODE,255,0,255,1427.17,23.43,1
1117,DECODE,255,0,255,1428.17,23.50,1
1118,DECODE,255,0,255,1429.17,23.54,1
1119,DECODE,255,0,255,1430.17,23.59,1
1120,DECODE,255,0,255,1431.17,23.54,1
1121,DECODE,255,0,255,1432.17,22.92,1
1122,DECODE,255,0,255,1433.17,22.74,1
1123,DECODE,255,0,255,1434.17,22.71,1
1124,DECODE,255,0,255,1435.17,22.63,1
1125,DECODE,255,0,255,1436.17,22.68,1
1126,DECODE,255,0,255,1437.17,22.72,1
1127,DECODE,255,0,255,1438.17,23.56,1
1128,DECODE,255,0,255,1439.17,23.15,1
1129,DECODE,255,0,255,1440.17,23.39,1
1130,DECODE,255,0,255,1441.17,23.40,1
1131,DECODE,255,0,255,1442.17,22.71,1
1132,DECODE,255,0,255,1443.17,22.75,1
1133,DECODE,255,0,255,1444.17,22.74,1
1134,DECODE,255,0,255,1445.17,22.74,1
1135,DECODE,255,0,255,1446.17,22.73,1
1136,DECODE,255,0,255,1447.17,22.68,1
1137,DECODE,255,0,255,1448.17,22.78,1
1138,DECODE,255,0,255,1449.17,22.67,1
1139,DECODE,255,0,255,1450.17,23.48,1
1140,DECODE,255,0,255,1451.17,23.41,1
1141,DECODE,255,0,255,1452.17,23.47,1
1142,DECODE,255,0,255,1453.17,23.34,1
1143,DECODE,255,0,255,1454.17,23.58,1
1144,DECODE,255,0,255,1455.17,23.50,1
1145,DECODE,255,0,255,1456.17,23.57,1
1146,DECODE,255,0,255,1457.17,23.47,1
1147,DECODE,255,0,255,1458.17,23.29,1
1148,DECODE,255,0,255,1459.17,24.79,1
1149,DECODE,255,0,255,1460.17,24.09,1
1150,DECODE,255,0,255,1461.17,23.88,1
1151,DECODE,255,0,255,1462.17,22.95,1
1152,DECODE,255,0,255,1463.17,23.11,1
1153,DECODE,255,0,255,1464.17,23.79,1
1154,DECODE,255,0,255,1465.17,23.71,1
1155,DECODE,255,0,255,1466.17,23.73,1
1156,DECODE,255,0,255,1467.17,23.52,1
1157,DECODE,255,0,255,1468.17,23.69,1
1158,DECODE,255,0,255,1469.17,23.55,1
1159,DECODE,255,0,255,1470.17,23.76,1
1160,DECODE,255,0,255,1471.17,23.70,1
1161,DECODE,255,0,255,1472.17,23.77,1
1162,DECODE,255,0,255,1473.17,23.63,1
1163,DECODE,255,0,255,1474.17,23.74,1
1164,DECODE,255,0,255,1475.17,23.43,1
1165,DECODE,255,0,255,1476.17,23.72,1
1166,DECODE,255,0,255,1477.17,23.60,1
1167,DECODE,255,0,255,1478.17,22.90,1
1168,DECODE,255,0,255,1479.17,22.86,1
1169,DECODE,255,0,255,1480.17,23.94,1
1170,DECODE,255,0,255,1481.17,23.54,1
1171,DECODE,255,0,255,1482.17,23.63,1
1172,DECODE,255,0,255,1483.17,23.61,1
1173,DECODE,255,0,255,1484.17,24.04,1
1174,DECODE,255,0,255,1485.17,23.70,1
1175,DECODE,255,0,255,1486.17,23.84,1
1176,DECODE,255,0,255,1487.17,23.67,1
1177,DECODE,255,0,255,1488.17,23.78,1
1178,DECODE,255,0,255,1489.17,23.69,1
1179,DECODE,255,0,255,1490.17,23.80,1
1180,DECODE,255,0,255,1491.17,23.73,1
1181,DECODE,255,0,255,1492.17,25.60,1
1182,DECODE,255,0,255,1493.17,24.08,1
1183,DECODE,255,0,255,1494.17,24.14,1
1184,DECODE,255,0,255,1495.17,24.19,1
1185,DECODE,255,0,255,1496.17,23.90,1
1186,DECODE,255,0,255,1497.17,24.22,1
1187,DECODE,255,0,255,1498.17,24.04,1
1188,DECODE,255,0,255,1499.17,24.12,1
1189,DECODE,255,0,255,1500.17,24.16,1
1190,DECODE,255,0,255,1501.17,24.15,1
1191,DECODE,255,0,255,1502.17,24.15,1
1192,DECODE,255,0,255,1503.17,24.18,1
1193,DECODE,255,0,255,1504.17,24.17,1
1194,DECODE,255,0,255,1505.17,24.10,1
1195,DECODE,255,0,255,1506.17,25.35,1
1196,DECODE,255,0,255,1507.17,24.40,1
1197,DECODE,255,0,255,1508.17,24.01,1
1198,DECODE,255,0,255,1509.17,23.91,1
1199,DECODE,255,0,255,1510.17,23.94,1
1200,DECODE,255,0,255,1511.17,23.87,1
1201,DECODE,255,0,255,1512.17,23.99,1
1202,DECODE,255,0,255,1513.17,23.99,1
1203,DECODE,255,0,255,1514.17,24.00,1
1204,DECODE,255,0,255,1515.17,23.80,1
1205,DECODE,255,0,255,1516.17,23.98,1
1206,DECODE,255,0,255,1517.17,23.97,1
1207,DECODE,255,0,255,1518.17,24.03,1
1208,DECODE,255,0,255,1519.17,23.98,1
1209,DECODE,255,0,255,1520.17,24.12,1
1210,DECODE,255,0,255,1521.17,24.04,1
1211,DECODE,255,0,255,1522.17,24.07,1
1212,DECODE,255,0,255,1523.17,24.07,1
1213,DECODE,255,0,255,1524.17,24.07,1
1214,DECODE,255,0,255,1525.17,24.03,1
1215,DECODE,255,0,255,1526.17,24.07,1
1216,DECODE,255,0,255,1527.17,24.17,1
1217,DECODE,255,0,255,1528.17,24.09,1
1218,DECODE,255,0,255,1529.17,24.12,1
1219,DECODE,255,0,255,1530.17,24.10,1
1220,DECODE,255,0,255,1531.17,24.05,1
1221,DECODE,255,0,255,1532.17,24.08,1
1222,DECODE,255,0,255,1533.17,24.26,1
1223,DECODE,255,0,255,1534.17,24.11,1
1224,DECODE,255,0,255,1535.17,24.04,1
1225,DECODE,255,0,255,1536.17,24.09,1
1226,DECODE,255,0,255,1537.17,24.08,1
1227,DECODE,255,0,255,1538.17,24.20,1
1228,DECODE,255,0,255,1539.17,24.24,1
1229,DECODE,255,0,255,1540.17,23.74,1
1230,DECODE,255,0,255,1541.17,24.54,1
1231,DECODE,255,0,255,1542.17,23.13,1
1232,DECODE,255,0,255,1543.17,23.23,1
1233,DECODE,255,0,255,1544.17,23.20,1
1234,DECODE,255,0,255,1545.17,23.21,1
1235,DECODE,255,0,255,1546.17,23.24,1
1236,DECODE,255,0,255,1547.17,23.17,1
1237,DECODE,255,0,255,1548.17,23.20,1
1238,DECODE,255,0,255,1549.17,23.17,1
1239,DECODE,255,0,255,1550.17,23.34,1
1240,DECODE,255,0,255,1551.17,23.32,1
1241,DECODE,255,0,255,1552.17,23.01,1
1242,DECODE,255,0,255,1553.17,23.18,1
1243,DECODE,255,0,255,1554.17,24.05,1
1244,DECODE,255,0,255,1555.17,23.91,1
1245,DECODE,255,0,255,1556.17,23.27,1
1246,DECODE,255,0,255,1557.17,23.35,1
1247,DECODE,255,0,255,1558.17,23.35,1
1248,DECODE,255,0,255,1559.17,24.13,1
1249,DECODE,255,0,255,1560.17,23.76,1
1250,DECODE,255,0,255,1561.17,23.17,1
1251,DECODE,255,0,255,1562.17,23.20,1
1252,DECODE,255,0,255,1563.17,23.34,1
1253,DECODE,255,0,255,1564.17,23.46,1
1254,DECODE,255,0,255,1565.17,23.48,1
1255,DECODE,255,0,255,1566.17,23.66,1
1256,DECODE,255,0,255,1567.17,23.25,1
1257,DECODE,255,0,255,1568.17,23.30,1
1258,DECODE,255,0,255,1569.17,23.22,1
1259,DECODE,255,0,255,1570.17,23.29,1
1260,DECODE,255,0,255,1571.17,23.20,1
1261,DECODE,255,0,255,1572.17,23.40,1
1262,DECODE,255,0,255,1573.17,24.22,1
1263,DECODE,255,0,255,1574.17,23.20,1
1264,DECODE,255,0,255,1575.17,23.36,1
1265,DECODE,255,0,255,1576.17,23.42,1
1266,DECODE,255,0,255,1577.17,23.32,1
1267,DECODE,255,0,255,1578.17,23.40,1
1268,DECODE,255,0,255,1579.17,24.41,1
1269,DECODE,255,0,255,1580.17,23.41,1
1270,DECODE,255,0,255,1581.17,23.40,1
1271,DECODE,255,0,255,1582.17,23.39,1
1272,DECODE,255,0,255,1583.17,23.41,1
1273,DECODE,255,0,255,1584.17,24.42,1
1274,DECODE,255,0,255,1585.17,24.32,1
1275,DECODE,255,0,255,1586.17,23.41,1
1276,DECODE,255,0,255,1587.17,24.30,1
1277,DECODE,255,0,255,1588.17,24.28,1
1278,DECODE,255,0,255,1589.17,23.15,1
1279,DECODE,255,0,255,1590.17,23.55,1
1280,DECODE,255,0,255,1591.17,24.98,1
1281,DECODE,255,0,255,1592.17,24.00,1
1282,DECODE,255,0,255,1593.17,23.45,1
1283,DECODE,255,0,255,1594.17,23.45,1
1284,DECODE,255,0,255,1595.17,23.60,1
1285,DECODE,255,0,255,1596.17,24.44,1
1286,DECODE,255,0,255,1597.17,23.47,1
1287,DECODE,255,0,255,1598.17,23.43,1
1288,DECODE,255,0,255,1599.17,24.06,1
1289,DECODE,255,0,255,1600.17,24.09,1
1290,DECODE,255,0,255,1601.17,23.46,1
1291,DECODE,255,0,255,1602.17,23.50,1
1292,DECODE,255,0,255,1603.17,23.54,1
1293,DECODE,255,0,255,1604.17,23.51,1
1294,DECODE,255,0,255,1605.17,23.53,1
1295,DECODE,255,0,255,1606.17,23.68,1
1296,DECODE,255,0,255,1607.17,23.59,1
1297,DECODE,255,0,255,1608.17,23.57,1
1298,DECODE,255,0,255,1609.17,23.53,1
1299,DECODE,255,0,255,1610.17,23.65,1
1300,DECODE,255,0,255,1611.17,24.01,1
1301,DECODE,255,0,255,1612.17,23.57,1
1302,DECODE,255,0,255,1613.17,23.60,1
1303,DECODE,255,0,255,1614.17,23.65,1
1304,DECODE,255,0,255,1615.17,23.75,1
1305,DECODE,255,0,255,1616.17,23.96,1
1306,DECODE,255,0,255,1617.17,24.00,1
1307,DECODE,255,0,255,1618.17,23.95,1
1308,DECODE,255,0,255,1619.17,23.89,1
1309,DECODE,255,0,255,1620.17,24.05,1
1310,DECODE,255,0,255,1621.17,23.75,1
1311,DECODE,255,0,255,1622.17,23.62,1
1312,DECODE,255,0,255,1623.17,23.70,1
1313,DECODE,255,0,255,1624.17,23.72,1
1314,DECODE,255,0,255,1625.17,23.70,1
1315,DECODE,255,0,255,1626.17,23.77,1
1316,DECODE,255,0,255,1627.17,23.74,1
1317,DECODE,255,0,255,1628.17,23.70,1
1318,DECODE,255,0,255,1629.17,23.69,1
1319,DECODE,255,0,255,1630.17,23.74,1
1320,DECODE,255,0,255,1631.17,23.75,1
1321,DECODE,255,0,255,1632.17,23.72,1
1322,DECODE,255,0,255,1633.17,23.74,1
1323,DECODE,255,0,255,1634.17,23.78,1
1324,DECODE,255,0,255,1635.17,23.71,1
1325,DECODE,255,0,255,1636.17,23.65,1
1326,DECODE,255,0,255,1637.17,23.68,1
1327,DECODE,255,0,255,1638.17,24.39,1
1328,DECODE,255,0,255,1639.17,23.92,1
1329,DECODE,255,0,255,1640.17,24.01,1
1330,DECODE,255,0,255,1641.17,23.71,1
1331,DECODE,255,0,255,1642.17,23.69,1
1332,DECODE,255,0,255,1643.17,23.65,1
1333,DECODE,255,0,255,1644.17,24.08,1
1334,DECODE,255,0,255,1645.17,23.42,1
1335,DECODE,255,0,255,1646.17,24.26,1
1336,DECODE,255,0,255,1647.17,23.81,1
1337,DECODE,255,0,255,1648.17,23.82,1
1338,DECODE,255,0,255,1649.17,24.38,1
1339,DECODE,255,0,255,1650.17,24.46,1
1340,DECODE,254,0,254,1651.31,25.24,1
1341,EXTEND,1,26,0,1640.00,37.50,1
1342,DECODE,255,0,255,1652.27,24.09,1
1343,DECODE,255,0,255,1653.27,23.67,1
1344,DECODE,255,0,255,1654.27,23.66,1
1345,DECODE,255,0,255,1655.27,23.69,1
1346,DECODE,255,0,255,1656.27,23.74,1
1347,DECODE,255,0,255,1657.27,23.69,1
1348,DECODE,255,0,255,1658.27,24.59,1
1349,DECODE,255,0,255,1659.27,24.79,1
1350,DECODE,255,0,255,1660.27,24.58,1
1351,DECODE,255,0,255,1661.27,24.64,1
1352,DECODE,255,0,255,1662.27,24.32,1
1353,DECODE,255,0,255,1663.27,24.71,1
1354,DECODE,255,0,255,1664.27,24.66,1
1355,DECODE,255,0,255,1665.27,24.72,1
1356,DECODE,255,0,255,1666.27,24.53,1
1357,DECODE,255,0,255,1667.27,24.60,1
1358,DECODE,255,0,255,1668.27,24.57,1
1359,DECODE,255,0,255,1669.27,24.58,1
1360,DECODE,255,0,255,1670.27,25.33,1
1361,DECODE,255,0,255,1671.27,24.78,1
1362,DECODE,255,0,255,1672.27,24.73,1
1363,DECODE,255,0,255,1673.27,25.98,1
1364,DECODE,255,0,255,1674.27,24.96,1
1365,DECODE,255,0,255,1675.27,24.78,1
1366,DECODE,255,0,255,1676.27,24.84,1
1367,DECODE,255,0,255,1677.27,24.85,1
1368,DECODE,255,0,255,1678.27,24.89,1
1369,DECODE,255,0,255,1679.27,24.86,1
1370,DECODE,255,0,255,1680.27,24.92,1
1371,DECODE,255,0,255,1681.27,24.93,1
1372,DECODE,255,0,255,1682.27,24.96,1
1373,DECODE,255,0,255,1683.27,24.96,1
1374,DECODE,255,0,255,1684.27,24.81,1
1375,DECODE,255,0,255,1685.27,24.82,1
1376,DECODE,255,0,255,1686.27,24.87,1
1377,DECODE,255,0,255,1687.27,25.45,1
1378,DECODE,255,0,255,1688.27,26.19,1
1379,DECODE,255,0,255,1689.27,24.94,1
1380,DECODE,255,0,255,1690.27,25.62,1
1381,DECODE,255,0,255,1691.27,25.07,1
1382,DECODE,255,0,255,1692.27,25.00,1
1383,DECODE,255,0,255,1693.27,24.47,1
1384,DECODE,255,0,255,1694.27,24.96,1
1385,DECODE,255,0,255,1695.27,25.11,1
1386,DECODE,255,0,255,1696.27,24.92,1
1387,DECODE,255,0,255,1697.27,24.81,1
1388,DECODE,255,0,255,1698.27,24.99,1
1389,DECODE,255,0,255,1699.27,24.83,1
1390,DECODE,255,0,255,1700.27,24.97,1
1391,DECODE,255,0,255,1701.27,24.99,1
1392,DECODE,255,0,255,1702.27,25.25,1
1393,DECODE,255,0,255,1703.27,24.80,1
1394,DECODE,255,0,255,1704.27,24.87,1
1395,DECODE,255,0,255,1705.27,24.76,1
1396,DECODE,255,0,255,1706.27,24.94,1
1397,DECODE,255,0,255,1707.27,25.85,1
1398,DECODE,255,0,255,1708.27,24.95,1
1399,DECODE,255,0,255,1709.27,25.18,1
1400,DECODE,255,0,255,1710.27,25.08,1
1401,DECODE,255,0,255,1711.27,24.99,1
1402,DECODE,255,0,255,1712.27,24.90,1
1403,DECODE,255,0,255,1713.27,25.02,1
1404,DECODE,255,0,255,1714.27,25.05,1
1405,DECODE,255,0,255,1715.27,24.94,1
1406,DECODE,255,0,255,1716.27,24.99,1
1407,DECODE,255,0,255,1717.27,25.26,1
1408,DECODE,255,0,255,1718.27,24.72,1
1409,DECODE,255,0,255,1719.27,25.17,1
1410,DECODE,255,0,255,1720.27,25.12,1
1411,DECODE,255,0,255,1721.27,25.11,1
1412,DECODE,255,0,255,1722.27,25.70,1
1413,DECODE,255,0,255,1723.27,25.02,1
1414,DECODE,255,0,255,1724.27,25.09,1
1415,DECODE,255,0,255,1725.27,25.17,1
1416,DECODE,255,0,255,1726.27,25.75,1
1417,DECODE,255,0,255,1727.27,24.61,1
1418,DECODE,255,0,255,1728.27,24.40,1
1419,DECODE,255,0,255,1729.27,25.05,1
1420,DECODE,255,0,255,1730.27,24.97,1
1421,DECODE,255,0,255,1731.27,25.01,1
1422,DECODE,255,0,255,1732.27,25.04,1
1423,DECODE,255,0,255,1733.27,25.03,1
1424,DECODE,255,0,255,1734.27,25.08,1
1425,DECODE,255,0,255,1735.27,25.10,1
1426,DECODE,255,0,255,1736.27,25.12,1
1427,DECODE,255,0,255,1737.27,25.24,1
1428,DECODE,255,0,255,1738.27,24.70,1
1429,DECODE,255,0,255,1739.27,24.66,1
1430,DECODE,255,0,255,1740.27,24.84,1
1431,DECODE,255,0,255,1741.27,24.74,1
1432,DECODE,255,0,255,1742.27,24.79,1
1433,DECODE,255,0,255,1743.27,24.82,1
1434,DECODE,255,0,255,1744.27,24.96,1
1435,DECODE,255,0,255,1745.27,24.70,1
1436,DECODE,255,0,255,1746.27,25.32,1
1437,DECODE,254,0,254,1747.31,26.19,1
1438,EXTEND,1,33,0,1768.00,60.70,1
1439,DECODE,255,0,255,1748.40,24.59,1
1440,DECODE,255,0,255,1749.40,24.64,1
1441,DECODE,255,0,255,1750.40,25.08,1
1442,DECODE,255,0,255,1751.40,24.70,1
1443,DECODE,255,0,255,1752.40,24.90,1
1444,DECODE,255,0,255,1753.40,25.94,1
1445,DECODE,255,0,255,1754.40,25.68,1
1446,DECODE,255,0,255,1755.40,25.73,1
1447,DECODE,255,0,255,1756.40,25.32,1
1448,DECODE,255,0,255,1757.40,24.45,1
1449,DECODE,255,0,255,1758.40,24.44,1
1450,DECODE,255,0,255,1759.40,24.49,1
1451,DECODE,255,0,255,1760.40,24.53,1
1452,DECODE,255,0,255,1761.40,24.86,1
1453,DECODE,255,0,255,1762.40,24.32,1
1454,DECODE,254,0,254,1763.58,24.39,1
1455,DECODE,254,0,254,1764.58,24.34,1
1456,DECODE,254,0,254,1765.58,24.35,1
1457,DECODE,254,0,254,1766.58,24.36,1
1458,DECODE,254,0,254,1767.58,25.32,1
1459,DECODE,254,0,254,1768.58,24.94,1
1460,DECODE,254,0,254,1769.58,25.22,1
1461,DECODE,254,0,254,1770.58,25.24,1
1462,DECODE,254,0,254,1771.58,24.84,1
1463,DECODE,254,0,254,1772.58,24.20,1
1464,DECODE,254,0,254,1773.58,24.79,1
1465,DECODE,254,0,254,1774.58,24.19,1
1466,DECODE,254,0,254,1775.58,24.19,1
1467,DECODE,254,0,254,1776.58,24.54,1
1468,DECODE,254,0,254,1777.58,24.91,1
1469,DECODE,254,0,254,1778.58,24.37,1
1470,DECODE,254,0,254,1779.58,24.43,1
1471,DECODE,254,0,254,1780.58,24.58,1
1472,DECODE,254,0,254,1781.58,24.66,1
1473,DECODE,254,0,254,1782.58,24.73,1
1474,DECODE,254,0,254,1783.58,25.27,1
1475,DECODE,254,0,254,1784.58,24.61,1
1476,DECODE,254,0,254,1785.58,24.75,1
1477,DECODE,254,0,254,1786.58,24.49,1
1478,DECODE,254,0,254,1787.58,24.49,1
1479,DECODE,254,0,254,1788.58,24.63,1
1480,DECODE,254,0,254,1789.58,24.81,1
1481,DECODE,254,0,254,1790.58,24.66,1
1482,DECODE,254,0,254,1791.58,25.07,1
1483,DECODE,254,0,254,1792.58,24.46,1
1484,DECODE,254,0,254,1793.58,24.54,1
1485,DECODE,254,0,254,1794.58,24.64,1
1486,DECODE,254,0,254,1795.58,24.48,1
1487,DECODE,254,0,254,1796.58,24.55,1
1488,DECODE,254,0,254,1797.58,24.98,1
1489,DECODE,254,0,254,1798.58,24.63,1
1490,DECODE,254,0,254,1799.58,24.63,1
1491,DECODE,254,0,254,1800.58,24.68,1
1492,DECODE,254,0,254,1801.58,24.70,1
1493,DECODE,254,0,254,1802.58,24.64,1
1494,DECODE,254,0,254,1803.58,24.76,1
1495,DECODE,254,0,254,1804.58,24.84,1
1496,DECODE,254,0,254,1805.58,24.87,1
1497,DECODE,254,0,254,1806.58,24.81,1
1498,DECODE,254,0,254,1807.58,24.76,1
1499,DECODE,254,0,254,1808.58,24.93,1
1500,DECODE,254,0,254,1809.58,25.11,1
1501,DECODE,254,0,254,1810.58,25.30,1
1502,DECODE,254,0,254,1811.58,25.37,1
1503,DECODE,254,0,254,1812.58,25.08,1
1504,DECODE,254,0,254,1813.58,24.96,1
1505,DECODE,254,0,254,1814.58,24.90,1
1506,DECODE,254,0,254,1815.58,24.99,1
1507,DECODE,254,0,254,1816.58,25.09,1
1508,DECODE,254,0,254,1817.58,25.13,1
1509,DECODE,254,0,254,1818.58,25.08,1
1510,DECODE,254,0,254,1819.58,25.13,1
1511,DECODE,254,0,254,1820.58,25.52,1
1512,DECODE,254,0,254,1821.58,25.32,1
1513,DECODE,254,0,254,1822.58,25.30,1
1514,DECODE,254,0,254,1823.58,25.02,1
1515,DECODE,254,0,254,1824.58,25.37,1
1516,DECODE,254,0,254,1825.58,25.43,1
1517,DECODE,254,0,254,1826.58,25.23,1
1518,DECODE,254,0,254,1827.58,25.64,1
1519,DECODE,254,0,254,1828.58,25.10,1
1520,DECODE,254,0,254,1829.58,25.27,1
1521,DECODE,254,0,254,1830.58,25.17,1
1522,DECODE,254,0,254,1831.58,25.24,1
1523,DECODE,254,0,254,1832.58,25.03,1
1524,DECODE,254,0,254,1833.58,24.94,1
1525,DECODE,254,0,254,1834.58,24.87,1
1526,DECODE,254,0,254,1835.58,24.83,1
1527,DECODE,254,0,254,1836.58,25.03,1
1528,DECODE,254,0,254,1837.58,24.90,1
1529,DECODE,254,0,254,1838.58,24.96,1
1530,DECODE,254,0,254,1839.58,25.66,1
1531,DECODE,254,0,254,1840.58,25.67,1
1532,DECODE,254,0,254,1841.58,25.48,1
1533,DECODE,254,0,254,1842.58,25.15,1
1534,DECODE,254,0,254,1843.58,24.90,1
1535,DECODE,254,0,254,1844.58,25.92,1
1536,DECODE,254,0,254,1845.58,25.29,1
1537,DECODE,254,0,254,1846.58,25.15,1
1538,DECODE,254,0,254,1847.58,25.11,1
1539,DECODE,254,0,254,1848.58,24.91,1
1540,DECODE,254,0,254,1849.58,24.99,1
1541,DECODE,254,0,254,1850.58,24.98,1
1542,DECODE,254,0,254,1851.58,24.93,1
1543,DECODE,254,0,254,1852.58,24.94,1
1544,DECODE,254,0,254,1853.58,25.15,1
1545,DECODE,254,0,254,1854.58,24.95,1
1546,DECODE,254,0,254,1855.58,25.03,1
1547,DECODE,254,0,254,1856.58,24.97,1
1548,DECODE,254,0,254,1857.58,25.01,1
1549,DECODE,254,0,254,1858.58,24.98,1
1550,DECODE,254,0,254,1859.58,24.93,1
1551,DECODE,254,0,254,1860.58,24.95,1
1552,DECODE,254,0,254,1861.58,25.00,1
1553,DECODE,254,0,254,1862.58,24.98,1
1554,DECODE,254,0,254,1863.58,24.93,1
1555,DECODE,254,0,254,1864.58,25.07,1
1556,DECODE,254,0,254,1865.58,24.99,1
1557,DECODE,254,0,254,1866.58,25.00,1
1558,DECODE,254,0,254,1867.58,25.78,1
1559,DECODE,254,0,254,1868.58,26.20,1
1560,DECODE,254,0,254,1869.58,25.64,1
1561,DECODE,254,0,254,1870.58,25.56,1
1562,DECODE,254,0,254,1871.58,25.09,1
1563,DECODE,254,0,254,1872.58,25.27,1
1564,DECODE,254,0,254,1873.58,24.67,1
1565,DECODE,254,0,254,1874.58,25.19,1
1566,DECODE,254,0,254,1875.58,25.25,1
1567,DECODE,254,0,254,1876.58,25.65,1
1568,DECODE,254,0,254,1877.58,24.78,1
1569,DECODE,254,0,254,1878.58,24.87,1
1570,DECODE,254,0,254,1879.58,25.89,1
1571,DECODE,254,0,254,1880.58,25.88,1
1572,DECODE,254,0,254,1881.58,25.66,1
1573,DECODE,254,0,254,1882.58,25.67,1
1574,DECODE,254,0,254,1883.58,25.72,1
1575,DECODE,254,0,254,1884.58,25.72,1
1576,DECODE,254,0,254,1885.58,25.64,1
1577,DECODE,254,0,254,1886.58,25.68,1
1578,DECODE,254,0,254,1887.58,25.86,1
1579,DECODE,254,0,254,1888.58,25.76,1
1580,DECODE,254,0,254,1889.58,25.81,1
1581,DECODE,254,0,254,1890.58,24.95,1
1582,DECODE,254,0,254,1891.58,26.16,1
1583,DECODE,254,0,254,1892.58,24.96,1
1584,DECODE,254,0,254,1893.58,25.11,1
1585,DECODE,254,0,254,1894.58,25.59,1
1586,DECODE,254,0,254,1895.58,25.04,1
1587,DECODE,254,0,254,1896.58,25.35,1
1588,DECODE,254,0,254,1897.58,25.36,1
1589,DECODE,254,0,254,1898.58,25.07,1
1590,DECODE,254,0,254,1899.58,25.40,1
1591,DECODE,254,0,254,1900.58,25.93,1
1592,DECODE,254,0,254,1901.58,25.19,1
1593,DECODE,254,0,254,1902.58,25.23,1
1594,DECODE,254,0,254,1903.58,25.27,1
1595,DECODE,254,0,254,1904.58,25.24,1
1596,DECODE,253,0,253,1905.50,25.60,1
1597,EXTEND,1,26,0,1951.00,48.58,1
1598,DECODE,254,0,254,1906.68,25.00,1
1599,DECODE,254,0,254,1907.68,24.89,1
1600,DECODE,254,0,254,1908.68,25.97,1
1601,DECODE,254,0,254,1909.68,25.02,1
1602,DECODE,254,0,254,1910.68,25.52,1
1603,DECODE,254,0,254,1911.68,25.63,1
1604,DECODE,254,0,254,1912.68,25.64,1
1605,DECODE,254,0,254,1913.68,25.10,1
1606,DECODE,254,0,254,1914.68,25.24,1
1607,DECODE,254,0,254,1915.68,25.22,1
1608,DECODE,254,0,254,1916.68,25.27,1
1609,DECODE,254,0,254,1917.68,25.29,1
1610,DECODE,254,0,254,1918.68,25.27,1
1611,DECODE,254,0,254,1919.68,25.55,1
1612,DECODE,254,0,254,1920.68,25.36,1
1613,DECODE,254,0,254,1921.68,26.17,1
1614,DECODE,254,0,254,1922.68,26.15,1
1615,DECODE,254,0,254,1923.68,26.10,1
1616,DECODE,254,0,254,1924.68,26.17,1
1617,DECODE,254,0,254,1925.68,26.17,1
1618,DECODE,254,0,254,1926.68,26.68,1
1619,DECODE,254,0,254,1927.68,26.13,1
1620,DECODE,254,0,254,1928.68,26.10,1
1621,DECODE,254,0,254,1929.68,26.18,1
1622,DECODE,254,0,254,1930.68,26.16,1
1623,DECODE,254,0,254,1931.68,26.14,1
1624,DECODE,254,0,254,1932.68,26.22,1
1625,DECODE,254,0,254,1933.68,26.70,1
1626,DECODE,254,0,254,1934.68,26.33,1
1627,DECODE,254,0,254,1935.68,26.10,1
1628,DECODE,254,0,254,1936.68,26.20,1
1629,DECODE,254,0,254,1937.68,26.76,1
1630,DECODE,254,0,254,1938.68,26.54,1
1631,DECODE,254,0,254,1939.68,26.30,1
1632,DECODE,254,0,254,1940.68,26.55,1
1633,DECODE,254,0,254,1941.68,26.33,1
1634,DECODE,254,0,254,1942.68,26.30,1
1635,DECODE,254,0,254,1943.68,26.27,1
1636,DECODE,254,0,254,1944.68,26.23,1
1637,DECODE,254,0,254,1945.68,26.26,1
1638,DECODE,253,0,253,1946.65,26.69,1
1639,EXTEND,1,20,0,1974.00,40.08,1
1640,DECODE,254,0,254,1947.76,25.46,1
1641,DECODE,254,0,254,1948.76,25.22,1
1642,DECODE,254,0,254,1949.76,25.29,1
1643,DECODE,254,0,254,1950.76,25.37,1
1644,DECODE,254,0,254,1951.76,25.28,1
1645,DECODE,254,0,254,1952.76,25.33,1
1646,DECODE,254,0,254,1953.76,25.11,1
1647,DECODE,254,0,254,1954.76,25.31,1
1648,DECODE,254,0,254,1955.76,25.35,1
1649,DECODE,254,0,254,1956.76,25.25,1
1650,DECODE,254,0,254,1957.76,25.43,1
1651,DECODE,254,0,254,1958.76,25.41,1
1652,DECODE,254,0,254,1959.76,25.52,1
1653,DECODE,254,0,254,1960.76,25.45,1
1654,DECODE,254,0,254,1961.76,25.39,1
1655,DECODE,254,0,254,1962.76,25.89,1
1656,DECODE,254,0,254,1963.76,25.34,1
1657,DECODE,254,0,254,1964.76,25.36,1
1658,DECODE,254,0,254,1965.76,25.40,1
1659,DECODE,254,0,254,1966.76,25.92,1
1660,DECODE,254,0,254,1967.76,26.60,1
1661,DECODE,254,0,254,1968.76,25.92,1
1662,DECODE,254,0,254,1969.76,25.34,1
1663,DECODE,254,0,254,1970.76,25.47,1
1664,DECODE,254,0,254,1971.76,25.47,1
1665,DECODE,254,0,254,1972.76,25.44,1
1666,DECODE,254,0,254,1973.76,25.53,1
1667,DECODE,254,0,254,1974.76,26.40,1
1668,DECODE,254,0,254,1975.76,25.70,1
1669,DECODE,254,0,254,1976.76,25.71,1
1670,DECODE,254,0,254,1977.76,25.75,1
1671,DECODE,254,0,254,1978.76,26.49,1
1672,DECODE,254,0,254,1979.76,26.41,1
1673,DECODE,254,0,254,1980.76,26.39,1
1674,DECODE,254,0,254,1981.76,26.15,1
1675,DECODE,254,0,254,1982.76,26.52,1
1676,DECODE,254,0,254,1983.76,26.03,1
1677,DECODE,254,0,254,1984.76,25.79,1
1678,DECODE,254,0,254,1985.76,25.72,1
1679,DECODE,254,0,254,1986.76,26.36,1
1680,DECODE,254,0,254,1987.76,26.64,1
1681,DECODE,254,0,254,1988.76,26.30,1
1682,DECODE,254,0,254,1989.76,26.37,1
1683,DECODE,254,0,254,1990.76,26.51,1
1684,DECODE,254,0,254,1991.76,26.35,1
1685,DECODE,254,0,254,1992.76,26.34,1
1686,DECODE,254,0,254,1993.76,26.10,1
1687,DECODE,254,0,254,1994.76,25.82,1
1688,DECODE,254,0,254,1995.76,26.37,1
1689,DECODE,254,0,254,1996.76,26.41,1
1690,DECODE,254,0,254,1997.76,26.34,1
1691,DECODE,254,0,254,1998.76,26.37,1
1692,DECODE,254,0,254,1999.76,26.40,1
1693,DECODE,254,0,254,2000.76,26.41,1
1694,DECODE,254,0,254,2001.76,26.48,1
1695,DECODE,254,0,254,2002.76,26.29,1
1696,DECODE,254,0,254,2003.76,25.76,1
1697,DECODE,254,0,254,2004.76,26.46,1
1698,DECODE,254,0,254,2005.76,27.12,1
1699,DECODE,254,0,254,2006.76,27.13,1
1700,DECODE,254,0,254,2007.76,27.12,1
1701,DECODE,254,0,254,2008.76,27.15,1
1702,DECODE,254,0,254,2009.76,27.12,1
1703,DECODE,254,0,254,2010.76,27.20,1
1704,DECODE,254,0,254,2011.76,27.15,1
1705,DECODE,254,0,254,2012.76,27.17,1
1706,DECODE,254,0,254,2013.76,27.13,1
1707,DECODE,254,0,254,2014.76,27.14,1
1708,DECODE,254,0,254,2015.76,27.31,1
1709,DECODE,254,0,254,2016.76,27.13,1
1710,DECODE,254,0,254,2017.76,27.35,1
1711,DECODE,254,0,254,2018.76,26.55,1
1712,DECODE,254,0,254,2019.76,27.33,1
1713,DECODE,254,0,254,2020.76,27.36,1
1714,DECODE,254,0,254,2021.76,27.34,1
1715,DECODE,254,0,254,2022.76,27.31,1
1716,DECODE,254,0,254,2023.76,27.47,1
1717,DECODE,254,0,254,2024.76,27.25,1
1718,DECODE,254,0,254,2025.76,27.23,1
1719,DECODE,254,0,254,2026.76,27.92,1
1720,DECODE,254,0,254,2027.76,27.17,1
1721,DECODE,254,0,254,2028.76,27.22,1
1722,DECODE,254,0,254,2029.76,27.18,1
1723,DECODE,254,0,254,2030.76,25.76,1
1724,DECODE,254,0,254,2031.76,26.25,1
1725,DECODE,254,0,254,2032.76,26.34,1
1726,DECODE,254,0,254,2033.76,25.48,1
1727,DECODE,254,0,254,2034.76,25.63,1
1728,DECODE,254,0,254,2035.76,25.67,1
1729,DECODE,254,0,254,2036.76,25.64,1
1730,DECODE,254,0,254,2037.76,25.64,1
1731,DECODE,254,0,254,2038.76,26.63,1
1732,DECODE,254,0,254,2039.76,26.64,1
1733,DECODE,254,0,254,2040.76,26.61,1
1734,DECODE,254,0,254,2041.76,27.38,1
1735,DECODE,254,0,254,2042.76,27.34,1
1736,DECODE,254,0,254,2043.76,26.78,1
1737,DECODE,254,0,254,2044.76,26.77,1
1738,DECODE,254,0,254,2045.76,27.16,1
1739,DECODE,254,0,254,2046.76,27.01,1
1740,DECODE,254,0,254,2047.76,26.93,1
1741,DECODE,254,0,254,2048.76,27.02,1
1742,DECODE,254,0,254,2049.76,26.82,1
1743,DECODE,254,0,254,2050.76,26.81,1
1744,DECODE,254,0,254,2051.76,26.96,1
1745,DECODE,254,0,254,2052.76,27.18,1
1746,DECODE,254,0,254,2053.76,26.93,1
1747,DECODE,254,0,254,2054.76,27.02,1
1748,DECODE,254,0,254,2055.76,26.92,1
1749,DECODE,254,0,254,2056.76,26.88,1
1750,DECODE,254,0,254,2057.76,26.94,1
1751,DECODE,254,0,254,2058.76,26.73,1
1752,DECODE,254,0,254,2059.76,27.49,1
1753,DECODE,254,0,254,2060.76,26.86,1
1754,DECODE,254,0,254,2061.76,26.96,1
1755,DECODE,254,0,254,2062.76,27.01,1
1756,DECODE,254,0,254,2063.76,26.97,1
1757,DECODE,254,0,254,2064.76,26.89,1
1758,DECODE,254,0,254,2065.76,26.91,1
1759,DECODE,254,0,254,2066.76,26.92,1
1760,DECODE,254,0,254,2067.76,26.80,1
1761,DECODE,253,0,253,2068.79,27.05,1
1762,EXTEND,1,28,0,2086.00,56.93,1
1763,DECODE,254,0,254,2069.86,26.41,1
1764,DECODE,254,0,254,2070.86,26.47,1
1765,DECODE,254,0,254,2071.86,26.74,1
1766,DECODE,254,0,254,2072.86,25.83,1
1767,DECODE,254,0,254,2073.86,26.93,1
1768,DECODE,254,0,254,2074.86,26.81,1
1769,DECODE,254,0,254,2075.86,26.92,1
1770,DECODE,254,0,254,2076.86,26.80,1
1771,DECODE,254,0,254,2077.86,26.99,1
1772,DECODE,254,0,254,2078.86,26.97,1
1773,DECODE,254,0,254,2079.86,26.94,1
1774,DECODE,254,0,254,2080.86,26.85,1
1775,DECODE,254,0,254,2081.86,26.81,1
1776,DECODE,254,0,254,2082.86,26.89,1
1777,DECODE,254,0,254,2083.86,26.93,1
1778,DECODE,254,0,254,2084.86,26.88,1
1779,DECODE,254,0,254,2085.86,26.75,1
1780,DECODE,254,0,254,2086.86,26.92,1
1781,DECODE,254,0,254,2087.86,26.81,1
1782,DECODE,254,0,254,2088.86,26.93,1
1783,DECODE,254,0,254,2089.86,26.87,1
1784,DECODE,254,0,254,2090.86,26.84,1
1785,DECODE,254,0,254,2091.86,26.79,1
1786,DECODE,254,0,254,2092.86,26.80,1
1787,DECODE,254,0,254,2093.86,27.13,1
1788,DECODE,254,0,254,2094.86,26.79,1
1789,DECODE,254,0,254,2095.86,26.87,1
1790,DECODE,254,0,254,2096.86,26.69,1
1791,DECODE,254,0,254,2097.86,26.79,1
1792,DECODE,254,0,254,2098.86,26.92,1
1793,DECODE,254,0,254,2099.86,27.56,1
1794,DECODE,254,0,254,2100.86,27.07,1
1795,DECODE,254,0,254,2101.86,27.26,1
1796,DECODE,254,0,254,2102.86,27.27,1
1797,DECODE,254,0,254,2103.86,27.21,1
1798,DECODE,254,0,254,2104.86,27.94,1
1799,DECODE,254,0,254,2105.86,27.17,1
1800,DECODE,254,0,254,2106.86,27.00,1
1801,DECODE,254,0,254,2107.86,27.07,1
1802,DECODE,254,0,254,2108.86,26.99,1
1803,DECODE,254,0,254,2109.86,26.86,1
1804,DECODE,254,0,254,2110.86,26.92,1
1805,DECODE,254,0,254,2111.86,26.81,1
1806,DECODE,254,0,254,2112.86,26.95,1
1807,DECODE,254,0,254,2113.86,27.04,1
1808,DECODE,254,0,254,2114.86,26.80,1
1809,DECODE,254,0,254,2115.86,26.90,1
1810,DECODE,254,0,254,2116.86,27.05,1
1811,DECODE,254,0,254,2117.86,26.80,1
1812,DECODE,254,0,254,2118.86,27.03,1
1813,DECODE,254,0,254,2119.86,26.88,1
1814,DECODE,254,0,254,2120.86,26.94,1
1815,DECODE,254,0,254,2121.86,26.89,1
1816,DECODE,254,0,254,2122.86,26.93,1
1817,DECODE,254,0,254,2123.86,26.84,1
1818,DECODE,254,0,254,2124.86,27.00,1
1819,DECODE,254,0,254,2125.86,26.85,1
1820,DECODE,254,0,254,2126.86,26.92,1
1821,DECODE,254,0,254,2127.86,26.91,1
1822,DECODE,254,0,254,2128.86,26.88,1
1823,DECODE,254,0,254,2129.86,27.00,1
1824,DECODE,254,0,254,2130.86,27.01,1
1825,DECODE,254,0,254,2131.86,27.55,1
1826,DECODE,254,0,254,2132.86,28.25,1
1827,DECODE,254,0,254,2133.86,27.40,1
1828,DECODE,254,0,254,2134.86,27.36,1
1829,DECODE,254,0,254,2135.86,27.30,1
1830,DECODE,254,0,254,2136.86,27.33,1
1831,DECODE,254,0,254,2137.86,27.45,1
1832,DECODE,254,0,254,2138.86,27.33,1
1833,DECODE,254,0,254,2139.86,27.38,1
1834,DECODE,254,0,254,2140.86,27.28,1
1835,DECODE,254,0,254,2141.86,28.00,1
1836,DECODE,254,0,254,2142.86,27.23,1
1837,DECODE,254,0,254,2143.86,27.63,1
1838,DECODE,254,0,254,2144.86,27.17,1
1839,DECODE,254,0,254,2145.86,27.15,1
1840,DECODE,254,0,254,2146.86,27.66,1
1841,DECODE,254,0,254,2147.86,27.34,1
1842,DECODE,254,0,254,2148.86,27.42,1
1843,DECODE,254,0,254,2149.86,27.40,1
1844,DECODE,254,0,254,2150.86,27.45,1
1845,DECODE,254,0,254,2151.86,27.48,1
1846,DECODE,254,0,254,2152.86,27.27,1
1847,DECODE,254,0,254,2153.86,27.21,1
1848,DECODE,254,0,254,2154.86,27.62,1
1849,DECODE,254,0,254,2155.86,27.36,1
1850,DECODE,254,0,254,2156.86,27.29,1
1851,DECODE,254,0,254,2157.86,27.11,1
1852,DECODE,254,0,254,2158.86,27.33,1
1853,DECODE,254,0,254,2159.86,27.17,1
1854,DECODE,254,0,254,2160.86,27.33,1
1855,DECODE,254,0,254,2161.86,27.36,1
1856,DECODE,254,0,254,2162.86,27.39,1
1857,DECODE,254,0,254,2163.86,27.41,1
1858,DECODE,254,0,254,2164.86,27.43,1
1859,DECODE,254,0,254,2165.86,27.43,1
1860,DECODE,254,0,254,2166.86,27.38,1
1861,DECODE,254,0,254,2167.86,27.44,1
1862,DECODE,254,0,254,2168.86,27.38,1
1863,DECODE,254,0,254,2169.86,27.53,1
1864,DECODE,254,0,254,2170.86,27.46,1
1865,DECODE,254,0,254,2171.86,27.62,1
1866,DECODE,254,0,254,2172.86,26.94,1
1867,DECODE,254,0,254,2173.86,27.10,1
1868,DECODE,254,0,254,2174.86,27.42,1
1869,DECODE,254,0,254,2175.86,26.90,1
1870,DECODE,254,0,254,2176.86,27.63,1
1871,DECODE,254,0,254,2177.86,27.04,1
1872,DECODE,254,0,254,2178.86,26.97,1
1873,DECODE,254,0,254,2179.86,27.44,1
1874,DECODE,254,0,254,2180.86,27.16,1
1875,DECODE,254,0,254,2181.86,27.36,1
1876,DECODE,254,0,254,2182.86,27.30,1
1877,DECODE,254,0,254,2183.86,27.09,1
1878,DECODE,254,0,254,2184.86,26.59,1
1879,DECODE,254,0,254,2185.86,26.65,1
1880,DECODE,254,0,254,2186.86,27.03,1
1881,DECODE,254,0,254,2187.86,26.97,1
1882,DECODE,254,0,254,2188.86,27.29,1
1883,DECODE,254,0,254,2189.86,27.20,1
1884,DECODE,254,0,254,2190.86,27.56,1
1885,DECODE,254,0,254,2191.86,27.12,1
1886,DECODE,254,0,254,2192.86,27.06,1
1887,DECODE,254,0,254,2193.86,27.27,1
1888,DECODE,254,0,254,2194.86,27.43,1
1889,DECODE,254,0,254,2195.86,27.35,1
1890,DECODE,254,0,254,2196.86,27.95,1
1891,DECODE,254,0,254,2197.86,27.67,1
1892,DECODE,254,0,254,2198.86,27.37,1
1893,DECODE,254,0,254,2199.86,27.29,1
1894,DECODE,254,0,254,2200.86,27.20,1
1895,DECODE,254,0,254,2201.86,27.29,1
1896,DECODE,254,0,254,2202.86,27.20,1
1897,DECODE,254,0,254,2203.86,27.35,1
1898,DECODE,254,0,254,2204.86,27.14,1
1899,DECODE,254,0,254,2205.86,27.41,1
1900,DECODE,254,0,254,2206.86,27.34,1
1901,DECODE,254,0,254,2207.86,27.13,1
1902,DECODE,254,0,254,2208.86,27.25,1
1903,DECODE,254,0,254,2209.86,27.14,1
1904,DECODE,254,0,254,2210.86,27.35,1
1905,DECODE,254,0,254,2211.86,27.62,1
1906,DECODE,254,0,254,2212.86,27.90,1
1907,DECODE,254,0,254,2213.86,27.52,1
1908,DECODE,254,0,254,2214.86,27.84,1
1909,DECODE,254,0,254,2215.86,27.35,1
1910,DECODE,254,0,254,2216.86,27.80,1
1911,DECODE,254,0,254,2217.86,27.42,1
1912,DECODE,254,0,254,2218.86,27.57,1
1913,DECODE,254,0,254,2219.86,27.36,1
1914,DECODE,254,0,254,2220.86,27.68,1
1915,DECODE,254,0,254,2221.86,27.36,1
1916,DECODE,254,0,254,2222.86,27.12,1
1917,DECODE,254,0,254,2223.86,26.84,1
1918,DECODE,254,0,254,2224.86,26.85,1
1919,DECODE,254,0,254,2225.86,26.52,1
1920,DECODE,254,0,254,2226.86,27.61,1
1921,DECODE,254,0,254,2227.86,27.02,1
1922,DECODE,254,0,254,2228.86,26.92,1
1923,DECODE,254,0,254,2229.86,26.93,1
1924,DECODE,253,0,253,2230.79,28.09,1
1925,DECODE,253,0,253,2231.79,27.98,1
1926,DECODE,253,0,253,2232.79,27.32,1
1927,DECODE,253,0,253,2233.79,27.34,1
1928,DECODE,253,0,253,2234.79,27.75,1
1929,DECODE,253,0,253,2235.79,28.35,1
1930,DECODE,253,0,253,2236.79,28.06,1
1931,DECODE,253,0,253,2237.79,27.88,1
1932,DECODE,253,0,253,2238.79,27.71,1
1933,DECODE,253,0,253,2239.79,27.60,1
1934,DECODE,253,0,253,2240.79,27.09,1
1935,DECODE,252,0,252,2241.69,28.48,1
1936,DECODE,252,0,252,2242.69,27.95,1
1937,DECODE,252,0,252,2243.69,26.97,1
1938,DECODE,252,0,252,2244.69,27.34,1
1939,DECODE,252,0,252,2245.69,27.14,1
1940,DECODE,252,0,252,2246.69,27.04,1
1941,DECODE,252,0,252,2247.69,27.72,1
1942,DECODE,251,0,251,2248.55,28.41,1
1943,DECODE,251,0,251,2249.55,28.66,1
1944,DECODE,251,0,251,2250.55,28.00,1
1945,DECODE,251,0,251,2251.55,27.96,1
1946,DECODE,251,0,251,2252.55,27.84,1
1947,DECODE,251,0,251,2253.55,28.08,1
1948,DECODE,251,0,251,2254.55,29.01,1
1949,DECODE,251,0,251,2255.55,27.89,1
1950,DECODE,250,0,250,2256.37,28.57,1
1951,DECODE,250,0,250,2257.37,28.15,1
1952,DECODE,250,0,250,2258.37,28.60,1
1953,DECODE,250,0,250,2259.37,27.42,1
1954,DECODE,250,0,250,2260.37,27.08,1
1955,DECODE,250,0,250,2261.37,27.47,1
1956,DECODE,250,0,250,2262.37,27.47,1
1957,DECODE,250,0,250,2263.37,27.92,1
1958,DECODE,249,0,249,2264.26,28.29,1
1959,DECODE,249,0,249,2265.26,27.46,1
1960,DECODE,249,0,249,2266.26,27.73,1
1961,DECODE,249,0,249,2267.26,27.81,1
1962,DECODE,249,0,249,2268.26,28.08,1
1963,DECODE,249,0,249,2269.26,26.99,1
1964,DECODE,249,0,249,2270.26,27.62,1
1965,DECODE,249,0,249,2271.26,27.68,1
1966,DECODE,248,0,248,2272.25,29.90,1
1967,DECODE,248,0,248,2273.25,27.49,1
1968,DECODE,248,0,248,2274.25,27.49,1
1969,DECODE,248,0,248,2275.25,27.52,1
1970,DECODE,248,0,248,2276.25,27.62,1
1971,DECODE,248,0,248,2277.25,27.95,1
1972,DECODE,248,0,248,2278.25,27.59,1
1973,DECODE,248,0,248,2279.25,27.69,1
1974,DECODE,247,0,247,2279.95,28.04,1
1975,DECODE,247,0,247,2280.95,27.80,1
1976,DECODE,247,0,247,2281.95,26.50,1
1977,DECODE,247,0,247,2282.95,27.51,1
1978,DECODE,247,0,247,2283.95,27.41,1
1979,DECODE,247,0,247,2284.95,27.49,1
1980,DECODE,247,0,247,2285.95,27.91,1
1981,DECODE,247,0,247,2286.95,27.77,1
1982,DECODE,246,0,246,2287.81,28.05,1
1983,DECODE,246,0,246,2288.81,27.67,1
1984,DECODE,246,0,246,2289.81,27.47,1
1985,DECODE,246,0,246,2290.81,27.47,1
1986,DECODE,246,0,246,2291.81,27.83,1
1987,DECODE,246,0,246,2292.81,27.69,1
1988,DECODE,246,0,246,2293.81,29.27,1
1989,DECODE,245,0,245,2294.65,27.98,1
1990,DECODE,245,0,245,2295.65,27.82,1
1991,DECODE,245,0,245,2296.65,27.45,1
1992,DECODE,245,0,245,2297.65,27.64,1
1993,DECODE,245,0,245,2298.65,27.61,1
1994,DECODE,245,0,245,2299.65,27.36,1
1995,DECODE,245,0,245,2300.65,27.30,1
1996,DECODE,245,0,245,2301.65,27.37,1
1997,DECODE,245,0,245,2302.65,27.33,1
1998,DECODE,244,0,244,2303.62,30.94,1
1999,DECODE,244,0,244,2304.62,27.40,1
2000,DECODE,244,0,244,2305.62,27.29,1
2001,DECODE,244,0,244,2306.62,27.38,1
2002,DECODE,244,0,244,2307.62,27.42,1
2003,DECODE,243,0,243,2308.81,27.48,1
2004,DECODE,243,0,243,2309.81,27.62,1
2005,DECODE,243,0,243,2310.81,27.44,1
2006,DECODE,243,0,243,2311.81,27.82,1
2007,DECODE,243,0,243,2312.81,26.69,1
2008,DECODE,243,0,243,2313.81,27.72,1
2009,DECODE,243,0,243,2314.81,27.67,1
2010,DECODE,243,0,243,2315.81,26.76,1
2011,DECODE,243,0,243,2316.81,26.90,1
2012,DECODE,243,0,243,2317.81,26.79,1
2013,DECODE,243,0,243,2318.81,26.94,1
2014,DECODE,242,0,242,2319.87,27.51,1
2015,DECODE,242,0,242,2320.87,26.75,1
2016,DECODE,242,0,242,2321.87,26.73,1
2017,DECODE,242,0,242,2322.87,26.75,1
2018,DECODE,242,0,242,2323.87,26.98,1
2019,DECODE,242,0,242,2324.87,26.70,1
2020,DECODE,242,0,242,2325.87,26.89,1
2021,DECODE,242,0,242,2326.87,26.75,1
2022,DECODE,241,0,241,2327.93,26.69,1
2023,DECODE,241,0,241,2328.93,26.47,1
2024,DECODE,241,0,241,2329.93,27.84,1
2025,DECODE,241,0,241,2330.93,27.56,1
2026,DECODE,241,0,241,2331.93,27.73,1
2027,DECODE,241,0,241,2332.93,27.81,1
2028,DECODE,241,0,241,2333.93,28.15,1
2029,DECODE,241,0,241,2334.93,28.36,1
2030,DECODE,240,0,240,2336.00,31.19,1
2031,DECODE,240,0,240,2337.00,28.30,1
2032,DECODE,240,0,240,2338.00,27.38,1
2033,DECODE,240,0,240,2339.00,26.53,1
2034,DECODE,240,0,240,2340.00,27.56,1
2035,DECODE,240,0,240,2341.00,27.53,1
2036,DECODE,240,0,240,2342.00,27.44,1
2037,DECODE,240,0,240,2343.00,27.73,1
2038,DECODE,240,0,240,2344.00,27.51,1
2039,DECODE,239,0,239,2345.06,28.33,1
2040,DECODE,239,0,239,2346.06,27.78,1
2041,DECODE,239,0,239,2347.06,27.80,1
2042,DECODE,239,0,239,2348.06,27.65,1
2043,DECODE,239,0,239,2349.06,26.77,1
2044,DECODE,239,0,239,2350.06,26.53,1
2045,DECODE,239,0,239,2351.06,26.69,1
2046,DECODE,239,0,239,2352.06,26.64,1
2047,DECODE,238,0,238,2353.13,26.75,1
2048,DECODE,238,0,238,2354.13,27.03,1
2049,DECODE,238,0,238,2355.13,27.29,1
2050,DECODE,238,0,238,2356.13,27.34,1
2051,DECODE,238,0,238,2357.13,26.95,1
2052,DECODE,238,0,238,2358.13,27.00,1
2053,DECODE,238,0,238,2359.13,27.38,1
2054,DECODE,238,0,238,2360.13,26.90,1
2055,DECODE,238,0,238,2361.13,26.44,1
2056,DECODE,237,0,237,2362.20,26.75,1
2057,DECODE,237,0,237,2363.20,26.72,1
2058,DECODE,237,0,237,2364.20,26.56,1
2059,DECODE,237,0,237,2365.20,26.72,1
2060,DECODE,237,0,237,2366.20,26.71,1
2061,DECODE,237,0,237,2367.20,27.12,1
2062,DECODE,237,0,237,2368.20,27.55,1
2063,DECODE,237,0,237,2369.20,27.77,1
2064,DECODE,236,0,236,2370.28,26.75,1
2065,DECODE,236,0,236,2371.28,26.69,1
2066,DECODE,236,0,236,2372.28,26.51,1
2067,DECODE,236,0,236,2373.28,26.51,1
2068,DECODE,236,0,236,2374.28,26.57,1
2069,DECODE,236,0,236,2375.28,27.46,1
2070,DECODE,236,0,236,2376.28,27.09,1
2071,DECODE,236,0,236,2377.28,26.92,1
2072,DECODE,236,0,236,2378.28,26.80,1
2073,DECODE,235,0,235,2379.35,28.19,1
2074,DECODE,235,0,235,2380.35,27.63,1
2075,DECODE,235,0,235,2381.35,27.37,1
2076,DECODE,235,0,235,2382.35,27.44,1
2077,DECODE,235,0,235,2383.35,27.57,1
2078,DECODE,235,0,235,2384.35,26.59,1
2079,DECODE,235,0,235,2385.35,26.96,1
2080,DECODE,235,0,235,2386.35,26.90,1
2081,DECODE,234,0,234,2387.44,26.65,1
2082,DECODE,234,0,234,2388.44,26.82,1
2083,DECODE,234,0,234,2389.44,26.82,1
2084,DECODE,234,0,234,2390.44,26.74,1
2085,DECODE,234,0,234,2391.44,26.61,1
2086,DECODE,234,0,234,2392.44,26.55,1
2087,DECODE,234,0,234,2393.44,26.56,1
2088,DECODE,234,0,234,2394.44,27.48,1
2089,DECODE,234,0,234,2395.44,27.53,1
2090,DECODE,233,0,233,2396.52,28.21,1
2091,DECODE,233,0,233,2397.52,27.65,1
2092,DECODE,233,0,233,2398.52,27.51,1
2093,DECODE,233,0,233,2399.52,26.62,1
2094,DECODE,232,0,232,2400.41,29.16,1
2095,DECODE,232,0,232,2401.41,27.21,1
2096,DECODE,232,0,232,2402.41,27.52,1
2097,DECODE,232,0,232,2403.41,26.55,1
2098,DECODE,232,0,232,2404.41,26.62,1
2099,DECODE,232,0,232,2405.41,26.70,1
2100,DECODE,232,0,232,2406.41,26.71,1
2101,DECODE,232,0,232,2407.41,27.71,1
2102,DECODE,232,0,232,2408.41,26.81,1
2103,DECODE,232,0,232,2409.41,26.79,1
2104,DECODE,232,0,232,2410.41,26.77,1
2105,DECODE,232,0,232,2411.41,26.85,1
2106,DECODE,232,0,232,2412.41,26.77,1
2107,DECODE,232,0,232,2413.41,26.92,1
2108,DECODE,231,0,231,2414.49,27.92,1
2109,DECODE,231,0,231,2415.49,26.94,1
2110,DECODE,231,0,231,2416.49,27.69,1
2111,DECODE,231,0,231,2417.49,27.55,1
2112,DECODE,231,0,231,2418.49,27.62,1
2113,DECODE,231,0,231,2419.49,27.97,1
2114,DECODE,231,0,231,2420.49,27.59,1
2115,DECODE,231,0,231,2421.49,27.65,1
2116,DECODE,231,0,231,2422.49,27.60,1
2117,DECODE,230,0,230,2423.58,28.12,1
2118,DECODE,230,0,230,2424.58,29.75,1
2119,DECODE,230,0,230,2425.58,27.75,1
2120,DECODE,230,0,230,2426.58,27.54,1
2121,DECODE,230,0,230,2427.58,27.42,1
2122,DECODE,229,0,229,2428.74,27.47,1
2123,DECODE,229,0,229,2429.74,27.86,1
2124,DECODE,229,0,229,2430.74,27.36,1
2125,DECODE,229,0,229,2431.74,27.38,1
2126,DECODE,229,0,229,2432.74,27.40,1
2127,DECODE,229,0,229,2433.74,27.43,1
2128,DECODE,229,0,229,2434.74,27.39,1
2129,DECODE,229,0,229,2435.74,28.28,1
2130,DECODE,229,0,229,2436.74,28.07,1
2131,DECODE,229,0,229,2437.74,27.45,1
2132,DECODE,229,0,229,2438.74,28.02,1
2133,DECODE,229,0,229,2439.74,27.74,1
2134,DECODE,229,0,229,2440.74,26.73,1
2135,DECODE,228,0,228,2441.86,28.04,1
2136,DECODE,228,0,228,2442.86,27.95,1
2137,DECODE,228,0,228,2443.86,27.69,1
2138,DECODE,228,0,228,2444.86,27.40,1
2139,DECODE,228,0,228,2445.86,27.48,1
2140,DECODE,228,0,228,2446.86,27.34,1
2141,DECODE,228,0,228,2447.86,27.50,1
2142,DECODE,228,0,228,2448.86,27.38,1
2143,DECODE,228,0,228,2449.86,27.73,1
2144,DECODE,227,0,227,2450.97,28.43,1
2145,DECODE,227,0,227,2451.97,27.89,1
2146,DECODE,227,0,227,2452.97,27.51,1
2147,DECODE,227,0,227,2453.97,27.35,1
2148,DECODE,227,0,227,2454.97,27.55,1
2149,DECODE,227,0,227,2455.97,27.44,1
2150,DECODE,227,0,227,2456.97,28.19,1
2151,DECODE,227,0,227,2457.97,27.80,1
2152,DECODE,227,0,227,2458.97,27.82,1
2153,DECODE,227,0,227,2459.97,27.01,1
2154,DECODE,226,0,226,2461.08,27.02,1
2155,DECODE,226,0,226,2462.08,27.34,1
2156,DECODE,218,0,218,2459.49,26.76,1
2157,DECODE,218,0,218,2460.49,26.67,1
2158,DECODE,218,0,218,2461.49,26.57,1
2159,DECODE,218,0,218,2462.49,26.59,1
2160,DECODE,218,0,218,2463.49,26.57,1
2161,DECODE,218,0,218,2464.49,26.59,1
2162,DECODE,218,0,218,2465.49,26.65,1
2163,DECODE,218,0,218,2466.49,26.81,1
2164,DECODE,218,0,218,2467.49,26.67,1
2165,DECODE,218,0,218,2468.49,26.76,1
2166,DECODE,218,0,218,2469.49,26.76,1
2167,DECODE,218,0,218,2470.49,27.11,1
2168,DECODE,218,0,218,2471.49,26.92,1
2169,DECODE,218,0,218,2472.49,26.70,1
2170,DECODE,218,0,218,2473.49,26.79,1
2171,DECODE,218,0,218,2474.49,26.72,1
2172,DECODE,218,0,218,2475.49,26.94,1
2173,DECODE,214,0,214,2474.91,28.27,1
2174,EXTEND,5,8192,0,1960.00,269.00,1
2175,EXTEND,5,8192,0,2044.00,277.77,1
2176,EXTEND,2,3346,0,2321.50,114.67,1
2177,DECODE,216,0,216,2464.81,27.83,1
2178,DECODE,216,0,216,2465.81,26.77,1
2179,DECODE,216,0,216,2466.81,26.78,1
2180,DECODE,216,0,216,2467.81,27.42,1
2181,DECODE,216,0,216,2468.81,27.34,1
2182,DECODE,216,0,216,2469.81,26.89,1
2183,DECODE,216,0,216,2470.81,27.58,1
2184,DECODE,216,0,216,2471.81,26.57,1
2185,DECODE,216,0,216,2472.81,26.39,1
2186,DECODE,216,0,216,2473.81,26.32,1
2187,DECODE,216,0,216,2474.81,26.24,1
2188,DECODE,216,0,216,2475.81,26.30,1
2189,DECODE,216,0,216,2476.81,26.30,1
2190,DECODE,216,0,216,2477.81,26.13,1
2191,DECODE,216,0,216,2478.81,26.10,1
2192,DECODE,216,0,216,2479.81,26.10,1
2193,DECODE,216,0,216,2480.81,26.07,1
2194,DECODE,216,0,216,2481.81,26.29,1
2195,DECODE,216,0,216,2482.81,26.11,1
2196,DECODE,216,0,216,2483.81,26.12,1
2197,DECODE,216,0,216,2484.81,26.16,1
2198,DECODE,216,0,216,2485.81,26.13,1
2199,DECODE,216,0,216,2486.81,26.17,1
2200,DECODE,216,0,216,2487.81,26.11,1
2201,DECODE,216,0,216,2488.81,26.30,1
2202,DECODE,216,0,216,2489.81,26.20,1
2203,DECODE,216,0,216,2490.81,26.22,1
2204,DECODE,216,0,216,2491.81,26.45,1
2205,DECODE,216,0,216,2492.81,26.38,1
2206,DECODE,216,0,216,2493.81,26.37,1
2207,DECODE,216,0,216,2494.81,26.56,1
2208,DECODE,212,0,212,2494.58,26.72,1
2209,EXTEND,2,3974,0,2308.00,143.06,1
2210,DECODE,214,0,214,2493.84,27.29,1
2211,DECODE,214,0,214,2494.84,26.59,1
2212,DECODE,207,0,207,2493.64,28.18,1
2213,EXTEND,5,8192,0,1979.60,266.34,1
2214,EXTEND,5,8192,0,2021.80,274.24,1
2215,EXTEND,3,5906,0,2403.33,196.30,1
2216,DECODE,214,0,214,2486.68,28.98,1
2217,EXTEND,1,2099,0,2424.00,82.12,1
2218,DECODE,215,0,215,2487.39,27.29,1
2219,DECODE,215,0,215,2488.39,26.70,1
2220,DECODE,207,0,207,2486.62,26.63,1
2221,EXTEND,1,2101,0,2434.00,77.29,1
2222,DECODE,200,0,200,2484.44,28.71,1
2223,DECODE,200,0,200,2485.44,25.95,1
2224,DECODE,200,0,200,2486.44,25.86,1
2225,DECODE,200,0,200,2487.44,25.61,1
2226,DECODE,200,0,200,2488.44,25.59,1
2227,DECODE,200,0,200,2489.44,25.59,1
2228,DECODE,199,0,199,2490.48,25.64,1
2229,DECODE,196,0,196,2490.42,23.80,1
2230,DECODE,196,0,196,2491.42,23.53,1
2231,DECODE,196,0,196,2492.42,23.67,1
2232,DECODE,196,0,196,2493.42,23.66,1
2233,DECODE,195,0,195,2494.09,23.97,1
2234,DECODE,195,0,195,2495.09,23.70,1
2235,DECODE,195,0,195,2496.09,23.77,1
2236,DECODE,194,0,194,2496.76,23.83,1
2237,DECODE,194,0,194,2497.76,23.87,1
2238,DECODE,194,0,194,2498.76,23.54,1
2239,DECODE,194,0,194,2499.76,23.69,1
2240,DECODE,194,0,194,2500.76,23.70,1
2241,DECODE,194,0,194,2501.76,23.70,1
2242,DECODE,194,0,194,2502.76,23.89,1
2243,DECODE,194,0,194,2503.76,23.60,1
2244,DECODE,194,0,194,2504.76,23.56,1
2245,DECODE,194,0,194,2505.76,23.60,1
2246,DECODE,194,0,194,2506.76,23.61,1
2247,DECODE,194,0,194,2507.76,23.59,1
2248,DECODE,194,0,194,2508.76,23.59,1
2249,DECODE,178,0,178,2505.16,25.03,1
2250,DECODE,174,0,174,2504.90,24.70,1
2251,DECODE,174,0,174,2505.90,22.56,1
2252,DECODE,174,0,174,2506.90,22.52,1
2253,DECODE,174,0,174,2507.90,22.73,1
2254,DECODE,172,0,172,2508.29,22.56,1
2255,DECODE,165,0,165,2507.10,24.51,1
2256,DECODE,165,0,165,2508.10,22.11,1
2257,DECODE,165,0,165,2509.10,22.31,1
2258,DECODE,165,0,165,2510.10,22.27,1
2259,DECODE,165,0,165,2511.10,22.08,1
2260,DECODE,165,0,165,2512.10,22.05,1
2261,DECODE,161,0,161,2511.91,22.19,1
2262,DECODE,161,0,161,2512.91,23.07,1
2263,DECODE,161,0,161,2513.91,22.99,1
2264,DECODE,157,0,157,2513.73,26.35,1
2265,DECODE,141,0,141,2509.48,26.50,1
2266,DECODE,141,0,141,2510.48,23.25,1
2267,DECODE,133,0,133,2508.50,25.52,1
2268,DECODE,133,0,133,2509.50,22.32,1
2269,DECODE,133,0,133,2510.50,22.12,1
2270,DECODE,133,0,133,2511.50,22.14,1
2271,DECODE,133,0,133,2512.50,22.45,1
2272,DECODE,133,0,133,2513.50,22.29,1
2273,DECODE,133,0,133,2514.50,22.17,1
2274,DECODE,133,0,133,2515.50,22.20,1
2275,DECODE,133,0,133,2516.50,22.03,1
2276,DECODE,125,0,125,2514.72,23.01,1
2277,DECODE,125,0,125,2515.72,19.93,1
2278,DECODE,121,0,121,2515.26,19.74,1
2279,DECODE,121,0,121,2516.26,19.68,1
2280,DECODE,115,0,115,2514.97,22.74,1
2281,DECODE,111,0,111,2514.35,20.04,1
2282,DECODE,111,0,111,2515.35,19.16,1
2283,DECODE,111,0,111,2516.35,18.72,1
2284,DECODE,111,0,111,2517.35,18.70,1
2285,DECODE,111,0,111,2518.35,18.68,1
2286,DECODE,103,0,103,2516.12,21.46,1
2287,DECODE,103,0,103,2517.12,18.20,1
2288,DECODE,103,0,103,2518.12,18.19,1
2289,DECODE,98,0,98,2516.98,18.33,1
2290,DECODE,90,0,90,2514.16,18.39,1
2291,DECODE,75,0,75,2505.99,21.17,1
2292,DECODE,75,0,75,2506.99,17.84,1
2293,DECODE,75,0,75,2507.99,17.53,1
2294,DECODE,75,0,75,2508.99,17.48,1
2295,DECODE,75,0,75,2509.99,17.44,1
2296,DECODE,74,0,74,2512.73,17.59,1
2297,DECODE,70,0,70,2511.03,20.80,1
2298,DECODE,70,0,70,2512.03,17.64,1
2299,DECODE,66,0,66,2510.12,15.82,1
2300,DECODE,61,0,61,2507.03,18.56,1
2301,DECODE,61,0,61,2508.03,15.18,1
2302,DECODE,57,0,57,2505.39,15.05,1
2303,DECODE,57,0,57,2506.39,15.13,1
2304,DECODE,57,0,57,2507.39,14.97,1
2305,DECODE,53,0,53,2504.42,18.46,1
2306,DECODE,53,0,53,2505.42,15.06,1
2307,DECODE,50,0,50,2503.14,15.13,1
2308,DECODE,46,0,46,2499.20,17.85,1
2309,DECODE,46,0,46,2500.20,14.51,1
2310,DECODE,46,0,46,2501.20,14.60,1
2311,DECODE,40,0,40,2493.38,17.58,1
2312,DECODE,36,0,36,2486.97,14.34,1
2313,DECODE,36,0,36,2487.97,14.18,1
2314,DECODE,28,0,28,2468.39,16.11,1
2315,DECODE,24,0,24,2454.12,15.60,1
2316,DECODE,24,0,24,2455.12,12.61,1
2317,DECODE,24,0,24,2456.12,12.58,1
2318,DECODE,24,0,24,2457.12,12.51,1
2319,DECODE,24,0,24,2458.12,12.58,1
2320,DECODE,24,0,24,2459.12,12.52,1
2321,DECODE,24,0,24,2460.12,12.70,1
2322,DECODE,24,0,24,2461.12,12.52,1
2323,DECODE,24,0,24,2462.12,12.63,1
2324,DECODE,24,0,24,2463.12,12.55,1
2325,DECODE,24,0,24,2464.12,12.63,1
2326,DECODE,24,0,24,2465.12,12.53,1
2327,DECODE,24,0,24,2466.12,12.15,1
2328,DECODE,24,0,24,2467.12,11.82,1
2329,DECODE,24,0,24,2468.12,11.73,1
2330,DECODE,24,0,24,2469.12,11.85,1
2331,DECODE,24,0,24,2470.12,11.77,1
2332,DECODE,24,0,24,2471.12,11.84,1
2333,DECODE,24,0,24,2472.12,11.79,1
2334,DECODE,24,0,24,2473.12,11.81,1
2335,DECODE,24,0,24,2474.12,12.62,1
2336,DECODE,24,0,24,2475.12,12.43,1
2337,DECODE,24,0,24,2476.12,12.52,1
2338,DECODE,24,0,24,2477.12,12.48,1
2339,DECODE,24,0,24,2478.12,12.53,1
2340,DECODE,24,0,24,2479.12,12.47,1
2341,DECODE,24,0,24,2480.12,12.67,1
2342,DECODE,24,0,24,2481.12,12.60,1
2343,DECODE,24,0,24,2482.12,12.64,1
2344,DECODE,24,0,24,2483.12,12.51,1
2345,DECODE,24,0,24,2484.12,12.68,1
2346,DECODE,24,0,24,2485.12,12.60,1
2347,DECODE,24,0,24,2486.12,12.65,1
2348,DECODE,23,0,23,2483.91,12.48,1
2349,DECODE,23,0,23,2484.91,12.41,1
2350,DECODE,23,0,23,2485.91,12.46,1
2351,DECODE,23,0,23,2486.91,12.41,1
2352,DECODE,23,0,23,2487.91,12.11,1
2353,DECODE,23,0,23,2488.91,12.52,1
2354,DECODE,23,0,23,2489.91,12.38,1
2355,DECODE,22,0,22,2487.73,11.94,1
2356,DECODE,22,0,22,2488.73,11.88,1
2357,DECODE,22,0,22,2489.73,11.87,1
2358,DECODE,22,0,22,2490.73,11.93,1
2359,DECODE,22,0,22,2491.73,12.04,1
2360,DECODE,22,0,22,2492.73,11.91,1
2361,DECODE,22,0,22,2493.73,11.93,1
2362,DECODE,22,0,22,2494.73,11.89,1
2363,DECODE,21,0,21,2492.62,12.03,1
2364,DECODE,21,0,21,2493.62,11.90,1
2365,DECODE,21,0,21,2494.62,11.89,1
2366,DECODE,21,0,21,2495.62,11.87,1
2367,DECODE,21,0,21,2496.62,11.03,1
2368,DECODE,21,0,21,2497.62,11.06,1
2369,DECODE,21,0,21,2498.62,12.02,1
2370,DECODE,21,0,21,2499.62,11.81,1
2371,DECODE,21,0,21,2500.62,12.06,1
2372,DECODE,21,0,21,2501.62,11.92,1
2373,DECODE,21,0,21,2502.62,12.09,1
2374,DECODE,21,0,21,2503.62,11.87,1
2375,DECODE,21,0,21,2504.62,11.94,1
2376,DECODE,20,0,20,2502.85,11.19,1
2377,DECODE,20,0,20,2503.85,11.15,1
2378,DECODE,19,0,19,2504.21,11.10,1
2379,DECODE,19,0,19,2505.21,11.53,1
2380,DECODE,19,0,19,2506.21,11.26,1
2381,DECODE,19,0,19,2507.21,11.48,1
2382,DECODE,19,0,19,2508.21,11.44,1
2383,DECODE,19,0,19,2509.21,11.49,1
2384,DECODE,19,0,19,2510.21,11.45,1
2385,DECODE,18,0,18,2508.44,12.16,1
2386,DECODE,18,0,18,2509.44,11.84,1
2387,DECODE,18,0,18,2510.44,11.04,1
2388,DECODE,18,0,18,2511.44,11.89,1
2389,DECODE,18,0,18,2512.44,11.71,1
2390,DECODE,17,0,17,2510.65,12.34,1
2391,DECODE,17,0,17,2511.65,12.22,1
2392,DECODE,17,0,17,2512.65,12.26,1
2393,DECODE,17,0,17,2513.65,12.62,1
2394,DECODE,17,0,17,2514.65,12.16,1
2395,DECODE,17,0,17,2515.65,12.29,1
2396,DECODE,17,0,17,2516.65,12.24,1
2397,DECODE,17,0,17,2517.65,12.20,1
2398,DECODE,17,0,17,2518.65,12.24,1
2399,DECODE,17,0,17,2519.65,12.21,1
2400,DECODE,17,0,17,2520.65,12.25,1
2401,DECODE,17,0,17,2521.65,12.23,1
2402,DECODE,17,0,17,2522.65,12.64,1
2403,DECODE,16,0,16,2521.31,14.88,1
2404,DECODE,16,0,16,2522.31,11.52,1
2405,DECODE,16,0,16,2523.31,11.35,1
2406,DECODE,16,0,16,2524.31,11.19,1
2407,DECODE,16,0,16,2525.31,11.33,1
2408,DECODE,16,0,16,2526.31,11.28,1
2409,DECODE,16,0,16,2527.31,11.42,1
2410,DECODE,15,0,15,2526.13,11.51,1
2411,DECODE,15,0,15,2527.13,11.39,1
2412,DECODE,14,0,14,2525.79,11.60,1
2413,DECODE,14,0,14,2526.79,11.33,1
2414,DECODE,14,0,14,2527.79,11.31,1
2415,DECODE,14,0,14,2528.79,11.12,1
2416,DECODE,14,0,14,2529.79,11.23,1
2417,DECODE,13,0,13,2528.46,11.45,1
2418,DECODE,13,0,13,2529.46,11.15,1
2419,DECODE,13,0,13,2530.46,11.14,1
2420,DECODE,13,0,13,2531.46,11.15,1
2421,DECODE,13,0,13,2532.46,11.15,1
2422,DECODE,13,0,13,2533.46,11.20,1
2423,DECODE,13,0,13,2534.46,11.20,1
2424,DECODE,13,0,13,2535.46,11.19,1
2425,DECODE,13,0,13,2536.46,11.17,1
2426,DECODE,12,0,12,2535.50,14.38,1
2427,DECODE,12,0,12,2536.50,11.13,1
2428,DECODE,12,0,12,2537.50,10.93,1
2429,DECODE,12,0,12,2538.50,10.95,1
2430,DECODE,12,0,12,2539.50,10.93,1
2431,DECODE,12,0,12,2540.50,11.04,1
2432,DECODE,12,0,12,2541.50,10.97,1
2433,DECODE,11,0,11,2540.82,11.23,1
2434,DECODE,10,0,10,2539.90,11.16,1
2435,DECODE,10,0,10,2540.90,10.89,1
2436,DECODE,9,0,9,2539.78,11.02,1
2437,DECODE,9,0,9,2540.78,10.78,1
2438,DECODE,9,0,9,2541.78,10.95,1
2439,DECODE,9,0,9,2542.78,10.76,1
2440,DECODE,9,0,9,2543.78,10.75,1
2441,DECODE,9,0,9,2544.78,10.81,1
2442,DECODE,8,0,8,2543.88,12.51,1
2443,DECODE,7,0,7,2542.57,10.96,1
2444,DECODE,7,0,7,2543.57,10.74,1
2445,DECODE,7,0,7,2544.57,10.94,1
2446,DECODE,7,0,7,2545.57,10.69,1
2447,DECODE,7,0,7,2546.57,10.61,1
2448,DECODE,7,0,7,2547.57,10.56,1
2449,DECODE,6,0,6,2546.50,10.76,1
2450,DECODE,6,0,6,2547.50,10.68,1
2451,DECODE,6,0,6,2548.50,11.48,1
2452,DECODE,5,0,5,2547.20,10.81,1
2453,DECODE,5,0,5,2548.20,11.55,1
2454,DECODE,5,0,5,2549.20,9.87,1
2455,DECODE,5,0,5,2550.20,9.78,1
2456,DECODE,5,0,5,2551.20,9.77,1
2457,DECODE,5,0,5,2552.20,9.73,1
2458,DECODE,4,0,4,2551.25,10.68,1
2459,DECODE,4,0,4,2552.25,9.60,1
2460,DECODE,4,0,4,2553.25,9.63,1
2461,DECODE,4,0,4,2554.25,9.59,1
2462,DECODE,4,0,4,2555.25,9.58,1
2463,DECODE,3,0,3,2554.67,9.68,1
2464,DECODE,3,0,3,2555.67,9.74,1
2465,DECODE,3,0,3,2556.67,9.56,1
2466,DECODE,3,0,3,2557.67,9.52,1
2467,DECODE,3,0,3,2558.67,9.45,1
2468,DECODE,2,0,2,2559.00,10.79,1
2469,DECODE,1,0,1,2559.00,18.65,1
2470,DECODE,1,0,1,2560.00,9.23,1
