pass_id,mode,batch_size,prefill_tokens,decode_tokens,avg_seq_len,forward_time_ms,global_step
1,EXTEND,15,4954,0,330.27,1624.58,1
2,EXTEND,25,8192,0,327.68,264.90,1
3,EXTEND,73,6516,0,327.99,209.00,1
4,DECODE,112,0,112,330.14,29.46,1
5,DECODE,112,0,112,331.14,12.59,1
6,DECODE,112,0,112,332.14,12.31,1
7,DECODE,112,0,112,333.14,12.41,1
8,DECODE,112,0,112,334.14,13.25,1
9,DECODE,112,0,112,335.14,12.42,1
10,DECODE,112,0,112,336.14,12.39,1
11,DECODE,112,0,112,337.14,12.44,1
12,DECODE,112,0,112,338.14,12.52,1
13,DECODE,112,0,112,339.14,12.51,1
14,DECODE,112,0,112,340.14,12.53,1
15,DECODE,112,0,112,341.14,12.42,1
16,DECODE,112,0,112,342.14,12.54,1
17,DECODE,112,0,112,343.14,12.55,1
18,DECODE,112,0,112,344.14,12.56,1
19,DECODE,112,0,112,345.14,12.55,1
20,DECODE,112,0,112,346.14,12.58,1
21,DECODE,112,0,112,347.14,12.60,1
22,DECODE,112,0,112,348.14,12.57,1
23,DECODE,112,0,112,349.14,12.57,1
24,DECODE,112,0,112,350.14,12.53,1
25,DECODE,112,0,112,351.14,12.61,1
26,DECODE,112,0,112,352.14,12.53,1
27,DECODE,112,0,112,353.14,12.54,1
28,DECODE,112,0,112,354.14,12.56,1
29,DECODE,112,0,112,355.14,12.55,1
30,DECODE,112,0,112,356.14,12.56,1
31,DECODE,112,0,112,357.14,12.66,1
32,DECODE,112,0,112,358.14,12.53,1
33,DECODE,112,0,112,359.14,12.64,1
34,DECODE,112,0,112,360.14,12.53,1
35,DECODE,112,0,112,361.14,12.59,1
36,DECODE,112,0,112,362.14,12.56,1
37,DECODE,112,0,112,363.14,12.59,1
38,DECODE,112,0,112,364.14,12.57,1
39,DECODE,112,0,112,365.14,12.59,1
40,DECODE,112,0,112,366.14,12.56,1
41,DECODE,112,0,112,367.14,12.56,1
42,DECODE,112,0,112,368.14,12.57,1
43,DECODE,112,0,112,369.14,12.56,1
44,DECODE,112,0,112,370.14,12.54,1
45,DECODE,112,0,112,371.14,12.60,1
46,DECODE,112,0,112,372.14,12.62,1
47,DECODE,112,0,112,373.14,12.56,1
48,DECODE,112,0,112,374.14,12.61,1
49,DECODE,112,0,112,375.14,12.62,1
50,DECODE,112,0,112,376.14,12.65,1
51,DECODE,112,0,112,377.14,12.62,1
52,DECODE,112,0,112,378.14,12.63,1
53,DECODE,112,0,112,379.14,12.59,1
54,DECODE,112,0,112,380.14,12.55,1
55,DECODE,112,0,112,381.14,12.73,1
56,DECODE,112,0,112,382.14,12.76,1
57,DECODE,112,0,112,383.14,12.79,1
58,DECODE,112,0,112,384.14,12.60,1
59,DECODE,112,0,112,385.14,12.60,1
60,DECODE,112,0,112,386.14,12.62,1
61,DECODE,112,0,112,387.14,12.69,1
62,DECODE,112,0,112,388.14,12.53,1
63,DECODE,112,0,112,389.14,12.57,1
64,DECODE,112,0,112,390.14,12.51,1
65,DECODE,112,0,112,391.14,12.55,1
66,DECODE,112,0,112,392.14,12.54,1
67,DECODE,112,0,112,393.14,12.50,1
68,DECODE,112,0,112,394.14,12.47,1
69,DECODE,112,0,112,395.14,12.57,1
70,DECODE,112,0,112,396.14,12.49,1
71,DECODE,112,0,112,397.14,12.55,1
72,DECODE,112,0,112,398.14,12.54,1
73,DECODE,112,0,112,399.14,12.62,1
74,DECODE,112,0,112,400.14,12.54,1
75,DECODE,112,0,112,401.14,12.80,1
76,DECODE,112,0,112,402.14,12.62,1
77,DECODE,112,0,112,403.14,12.52,1
78,DECODE,112,0,112,404.14,12.59,1
79,DECODE,112,0,112,405.14,12.62,1
80,DECODE,112,0,112,406.14,14.04,1
81,DECODE,112,0,112,407.14,13.44,1
82,DECODE,112,0,112,408.14,14.59,1
83,DECODE,112,0,112,409.14,13.55,1
84,DECODE,112,0,112,410.14,13.50,1
85,DECODE,112,0,112,411.14,13.25,1
86,DECODE,112,0,112,412.14,14.77,1
87,DECODE,112,0,112,413.14,13.35,1
88,DECODE,112,0,112,414.14,13.41,1
89,DECODE,112,0,112,415.14,13.32,1
90,DECODE,112,0,112,416.14,12.58,1
91,DECODE,112,0,112,417.14,12.71,1
92,DECODE,112,0,112,418.14,12.69,1
93,DECODE,112,0,112,419.14,12.65,1
94,DECODE,112,0,112,420.14,12.60,1
95,DECODE,112,0,112,421.14,12.67,1
96,DECODE,112,0,112,422.14,12.67,1
97,DECODE,112,0,112,423.14,12.63,1
98,DECODE,112,0,112,424.14,12.61,1
99,DECODE,112,0,112,425.14,12.66,1
100,DECODE,112,0,112,426.14,12.62,1
101,DECODE,112,0,112,427.14,12.64,1
102,DECODE,112,0,112,428.14,12.64,1
103,DECODE,112,0,112,429.14,12.88,1
104,DECODE,112,0,112,430.14,12.66,1
105,DECODE,112,0,112,431.14,12.79,1
106,DECODE,112,0,112,432.14,12.70,1
107,DECODE,112,0,112,433.14,12.67,1
108,DECODE,112,0,112,434.14,12.72,1
109,DECODE,112,0,112,435.14,12.64,1
110,DECODE,112,0,112,436.14,12.61,1
111,DECODE,112,0,112,437.14,12.62,1
112,DECODE,112,0,112,438.14,12.65,1
113,DECODE,112,0,112,439.14,13.46,1
114,DECODE,112,0,112,440.14,12.71,1
115,DECODE,112,0,112,441.14,12.61,1
116,DECODE,112,0,112,442.14,13.17,1
117,DECODE,112,0,112,443.14,12.70,1
118,DECODE,112,0,112,444.14,12.73,1
119,DECODE,112,0,112,445.14,12.71,1
120,DECODE,112,0,112,446.14,12.69,1
121,DECODE,112,0,112,447.14,12.71,1
122,DECODE,112,0,112,448.14,12.63,1
123,DECODE,112,0,112,449.14,12.60,1
124,DECODE,112,0,112,450.14,12.64,1
125,DECODE,112,0,112,451.14,12.66,1
126,DECODE,112,0,112,452.14,12.66,1
127,DECODE,112,0,112,453.14,12.67,1
128,DECODE,112,0,112,454.14,12.65,1
129,DECODE,112,0,112,455.14,12.64,1
130,DECODE,112,0,112,456.14,12.89,1
131,DECODE,112,0,112,457.14,12.68,1
132,DECODE,112,0,112,458.14,12.69,1
133,DECODE,112,0,112,459.14,13.61,1
134,DECODE,112,0,112,460.14,12.74,1
135,DECODE,112,0,112,461.14,12.70,1
136,DECODE,112,0,112,462.14,12.71,1
137,DECODE,112,0,112,463.14,12.73,1
138,DECODE,112,0,112,464.14,12.77,1
139,DECODE,112,0,112,465.14,12.75,1
140,DECODE,112,0,112,466.14,12.85,1
141,DECODE,112,0,112,467.14,12.80,1
142,DECODE,112,0,112,468.14,12.86,1
143,DECODE,112,0,112,469.14,12.86,1
144,DECODE,112,0,112,470.14,12.88,1
145,DECODE,112,0,112,471.14,12.87,1
146,DECODE,112,0,112,472.14,12.83,1
147,DECODE,112,0,112,473.14,12.78,1
148,DECODE,112,0,112,474.14,12.83,1
149,DECODE,112,0,112,475.14,12.85,1
150,DECODE,112,0,112,476.14,12.78,1
151,DECODE,112,0,112,477.14,12.79,1
152,DECODE,112,0,112,478.14,12.74,1
153,DECODE,112,0,112,479.14,12.83,1
154,DECODE,112,0,112,480.14,12.68,1
155,DECODE,112,0,112,481.14,12.83,1
156,DECODE,112,0,112,482.14,12.77,1
157,DECODE,112,0,112,483.14,12.79,1
158,DECODE,112,0,112,484.14,12.75,1
159,DECODE,112,0,112,485.14,12.84,1
160,DECODE,112,0,112,486.14,12.82,1
161,DECODE,112,0,112,487.14,12.84,1
162,DECODE,112,0,112,488.14,12.81,1
163,DECODE,112,0,112,489.14,12.84,1
164,DECODE,112,0,112,490.14,12.77,1
165,DECODE,112,0,112,491.14,12.82,1
166,DECODE,112,0,112,492.14,12.78,1
167,DECODE,112,0,112,493.14,13.94,1
168,DECODE,112,0,112,494.14,12.80,1
169,DECODE,112,0,112,495.14,12.74,1
170,DECODE,112,0,112,496.14,12.80,1
171,DECODE,112,0,112,497.14,12.80,1
172,DECODE,112,0,112,498.14,13.40,1
173,DECODE,112,0,112,499.14,12.69,1
174,DECODE,112,0,112,500.14,12.72,1
175,DECODE,112,0,112,501.14,12.78,1
176,DECODE,112,0,112,502.14,12.76,1
177,DECODE,112,0,112,503.14,12.85,1
178,DECODE,112,0,112,504.14,12.78,1
179,DECODE,112,0,112,505.14,13.57,1
180,DECODE,112,0,112,506.14,13.76,1
181,DECODE,112,0,112,507.14,13.72,1
182,DECODE,112,0,112,508.14,13.71,1
183,DECODE,112,0,112,509.14,13.72,1
184,DECODE,112,0,112,510.14,13.78,1
185,DECODE,112,0,112,511.14,13.84,1
186,DECODE,112,0,112,512.14,13.78,1
187,DECODE,112,0,112,513.14,13.81,1
188,DECODE,112,0,112,514.14,13.76,1
189,DECODE,112,0,112,515.14,16.04,1
190,DECODE,112,0,112,516.14,13.82,1
191,DECODE,112,0,112,517.14,13.86,1
192,DECODE,112,0,112,518.14,14.00,1
193,DECODE,112,0,112,519.14,13.57,1
194,DECODE,112,0,112,520.14,13.70,1
195,DECODE,112,0,112,521.14,13.87,1
196,DECODE,112,0,112,522.14,13.78,1
197,DECODE,112,0,112,523.14,13.68,1
198,DECODE,112,0,112,524.14,13.71,1
199,DECODE,112,0,112,525.14,13.76,1
200,DECODE,112,0,112,526.14,12.99,1
201,DECODE,112,0,112,527.14,12.90,1
202,DECODE,112,0,112,528.14,12.90,1
203,DECODE,112,0,112,529.14,12.85,1
204,DECODE,112,0,112,530.14,13.72,1
205,DECODE,112,0,112,531.14,13.63,1
206,DECODE,112,0,112,532.14,13.64,1
207,DECODE,112,0,112,533.14,13.62,1
208,DECODE,112,0,112,534.14,13.68,1
209,DECODE,112,0,112,535.14,13.59,1
210,DECODE,112,0,112,536.14,13.64,1
211,DECODE,112,0,112,537.14,13.72,1
212,DECODE,112,0,112,538.14,13.64,1
213,DECODE,112,0,112,539.14,13.71,1
214,DECODE,112,0,112,540.14,13.63,1
215,DECODE,112,0,112,541.14,13.66,1
216,DECODE,112,0,112,542.14,13.74,1
217,DECODE,112,0,112,543.14,13.68,1
218,DECODE,112,0,112,544.14,13.70,1
219,DECODE,112,0,112,545.14,13.78,1
220,DECODE,112,0,112,546.14,13.82,1
221,DECODE,112,0,112,547.14,13.68,1
222,DECODE,112,0,112,548.14,13.81,1
223,DECODE,112,0,112,549.14,13.75,1
224,DECODE,112,0,112,550.14,13.85,1
225,DECODE,112,0,112,551.14,13.70,1
226,DECODE,112,0,112,552.14,13.71,1
227,DECODE,112,0,112,553.14,13.32,1
228,DECODE,112,0,112,554.14,13.80,1
229,DECODE,112,0,112,555.14,13.72,1
230,DECODE,112,0,112,556.14,13.81,1
231,DECODE,112,0,112,557.14,13.68,1
232,DECODE,112,0,112,558.14,13.71,1
233,DECODE,112,0,112,559.14,13.69,1
234,DECODE,112,0,112,560.14,13.73,1
235,DECODE,112,0,112,561.14,13.72,1
236,DECODE,112,0,112,562.14,13.90,1
237,DECODE,112,0,112,563.14,14.05,1
238,DECODE,112,0,112,564.14,14.02,1
239,DECODE,112,0,112,565.14,13.80,1
240,DECODE,112,0,112,566.14,13.83,1
241,DECODE,112,0,112,567.14,12.94,1
242,DECODE,112,0,112,568.14,13.59,1
243,DECODE,112,0,112,569.14,12.79,1
244,DECODE,112,0,112,570.14,12.90,1
245,DECODE,112,0,112,571.14,12.94,1
246,DECODE,112,0,112,572.14,12.89,1
247,DECODE,112,0,112,573.14,12.93,1
248,DECODE,112,0,112,574.14,12.83,1
249,DECODE,112,0,112,575.14,12.93,1
250,DECODE,112,0,112,576.14,13.03,1
251,DECODE,112,0,112,577.14,12.95,1
252,DECODE,112,0,112,578.14,12.95,1
253,DECODE,112,0,112,579.14,13.02,1
254,DECODE,112,0,112,580.14,12.96,1
255,DECODE,112,0,112,581.14,12.95,1
256,DECODE,112,0,112,582.14,13.04,1
257,DECODE,112,0,112,583.14,13.00,1
258,DECODE,112,0,112,584.14,12.93,1
259,DECODE,112,0,112,585.14,13.03,1
260,DECODE,112,0,112,586.14,13.02,1
261,DECODE,112,0,112,587.14,13.00,1
262,DECODE,112,0,112,588.14,13.05,1
263,DECODE,112,0,112,589.14,13.08,1
264,DECODE,112,0,112,590.14,12.86,1
265,DECODE,112,0,112,591.14,16.06,1
266,DECODE,112,0,112,592.14,13.78,1
267,DECODE,112,0,112,593.14,13.84,1
268,DECODE,112,0,112,594.14,15.29,1
269,DECODE,112,0,112,595.14,13.85,1
270,DECODE,112,0,112,596.14,13.01,1
271,DECODE,112,0,112,597.14,14.04,1
272,DECODE,112,0,112,598.14,13.96,1
273,DECODE,112,0,112,599.14,13.92,1
274,DECODE,112,0,112,600.14,14.04,1
275,DECODE,112,0,112,601.14,13.91,1
276,DECODE,112,0,112,602.14,13.57,1
277,DECODE,112,0,112,603.14,14.02,1
278,DECODE,112,0,112,604.14,13.70,1
279,DECODE,112,0,112,605.14,13.03,1
280,DECODE,112,0,112,606.14,13.03,1
281,DECODE,112,0,112,607.14,13.01,1
282,DECODE,112,0,112,608.14,13.17,1
283,DECODE,112,0,112,609.14,13.39,1
284,DECODE,112,0,112,610.14,13.08,1
285,DECODE,112,0,112,611.14,12.97,1
286,DECODE,112,0,112,612.14,13.22,1
287,DECODE,112,0,112,613.14,13.22,1
288,DECODE,112,0,112,614.14,13.14,1
289,DECODE,112,0,112,615.14,13.16,1
290,DECODE,112,0,112,616.14,13.16,1
291,DECODE,112,0,112,617.14,13.07,1
292,DECODE,112,0,112,618.14,13.06,1
293,DECODE,112,0,112,619.14,13.05,1
294,DECODE,112,0,112,620.14,13.01,1
295,DECODE,112,0,112,621.14,13.09,1
296,DECODE,112,0,112,622.14,13.12,1
297,DECODE,112,0,112,623.14,13.07,1
298,DECODE,112,0,112,624.14,13.02,1
299,DECODE,112,0,112,625.14,13.08,1
300,DECODE,112,0,112,626.14,13.13,1
301,DECODE,112,0,112,627.14,13.09,1
302,DECODE,112,0,112,628.14,13.12,1
303,DECODE,112,0,112,629.14,14.67,1
304,DECODE,112,0,112,630.14,13.31,1
305,DECODE,112,0,112,631.14,13.08,1
306,DECODE,112,0,112,632.14,13.21,1
307,DECODE,112,0,112,633.14,15.72,1
308,DECODE,112,0,112,634.14,13.39,1
309,DECODE,112,0,112,635.14,13.20,1
310,DECODE,112,0,112,636.14,13.21,1
311,DECODE,112,0,112,637.14,13.15,1
312,DECODE,112,0,112,638.14,13.61,1
313,DECODE,112,0,112,639.14,13.20,1
314,DECODE,112,0,112,640.14,13.12,1
315,DECODE,112,0,112,641.14,13.11,1
316,DECODE,112,0,112,642.14,13.00,1
317,DECODE,112,0,112,643.14,12.99,1
318,DECODE,112,0,112,644.14,13.07,1
319,DECODE,112,0,112,645.14,13.12,1
320,DECODE,112,0,112,646.14,13.16,1
321,DECODE,112,0,112,647.14,13.27,1
322,DECODE,112,0,112,648.14,13.21,1
323,DECODE,112,0,112,649.14,13.59,1
324,DECODE,112,0,112,650.14,13.28,1
325,DECODE,112,0,112,651.14,13.25,1
326,DECODE,112,0,112,652.14,13.26,1
327,DECODE,112,0,112,653.14,13.28,1
328,DECODE,112,0,112,654.14,13.30,1
329,DECODE,112,0,112,655.14,13.26,1
330,DECODE,112,0,112,656.14,13.33,1
331,DECODE,112,0,112,657.14,13.28,1
332,DECODE,112,0,112,658.14,13.27,1
333,DECODE,112,0,112,659.14,13.23,1
334,DECODE,112,0,112,660.14,13.21,1
335,DECODE,112,0,112,661.14,13.18,1
336,DECODE,112,0,112,662.14,13.17,1
337,DECODE,112,0,112,663.14,13.19,1
338,DECODE,112,0,112,664.14,13.22,1
339,DECODE,112,0,112,665.14,13.20,1
340,DECODE,112,0,112,666.14,13.26,1
341,DECODE,112,0,112,667.14,13.21,1
342,DECODE,112,0,112,668.14,13.21,1
343,DECODE,112,0,112,669.14,13.24,1
344,DECODE,112,0,112,670.14,13.21,1
345,DECODE,112,0,112,671.14,13.12,1
346,DECODE,112,0,112,672.14,13.20,1
347,DECODE,112,0,112,673.14,13.18,1
348,DECODE,112,0,112,674.14,13.24,1
349,DECODE,112,0,112,675.14,13.26,1
350,DECODE,112,0,112,676.14,13.22,1
351,DECODE,112,0,112,677.14,13.22,1
352,DECODE,112,0,112,678.14,13.25,1
353,DECODE,112,0,112,679.14,13.26,1
354,DECODE,112,0,112,680.14,13.71,1
355,DECODE,112,0,112,681.14,13.26,1
356,DECODE,112,0,112,682.14,13.29,1
357,DECODE,112,0,112,683.14,13.30,1
358,DECODE,112,0,112,684.14,13.29,1
359,DECODE,112,0,112,685.14,13.29,1
360,DECODE,112,0,112,686.14,13.30,1
361,DECODE,112,0,112,687.14,13.27,1
362,DECODE,112,0,112,688.14,13.32,1
363,DECODE,112,0,112,689.14,13.31,1
364,DECODE,112,0,112,690.14,13.28,1
365,DECODE,112,0,112,691.14,13.23,1
366,DECODE,112,0,112,692.14,13.26,1
367,DECODE,112,0,112,693.14,13.30,1
368,DECODE,112,0,112,694.14,13.30,1
369,DECODE,112,0,112,695.14,13.28,1
370,DECODE,112,0,112,696.14,13.31,1
371,DECODE,112,0,112,697.14,13.27,1
372,DECODE,112,0,112,698.14,13.28,1
373,DECODE,112,0,112,699.14,13.30,1
374,DECODE,112,0,112,700.14,13.33,1
375,DECODE,112,0,112,701.14,13.30,1
376,DECODE,112,0,112,702.14,14.06,1
377,DECODE,112,0,112,703.14,14.09,1
378,DECODE,112,0,112,704.14,14.05,1
379,DECODE,112,0,112,705.14,14.12,1
380,DECODE,112,0,112,706.14,14.14,1
381,DECODE,112,0,112,707.14,14.08,1
382,DECODE,112,0,112,708.14,14.09,1
383,DECODE,112,0,112,709.14,14.13,1
384,DECODE,112,0,112,710.14,13.40,1
385,DECODE,112,0,112,711.14,13.41,1
386,DECODE,112,0,112,712.14,13.33,1
387,DECODE,112,0,112,713.14,13.36,1
388,DECODE,112,0,112,714.14,13.42,1
389,DECODE,112,0,112,715.14,13.39,1
390,DECODE,112,0,112,716.14,13.42,1
391,DECODE,112,0,112,717.14,13.37,1
392,DECODE,112,0,112,718.14,13.42,1
393,DECODE,112,0,112,719.14,13.41,1
394,DECODE,112,0,112,720.14,13.32,1
395,DECODE,112,0,112,721.14,13.33,1
396,DECODE,112,0,112,722.14,14.24,1
397,DECODE,112,0,112,723.14,14.45,1
398,DECODE,112,0,112,724.14,13.49,1
399,DECODE,112,0,112,725.14,13.47,1
400,DECODE,112,0,112,726.14,13.49,1
401,DECODE,112,0,112,727.14,13.49,1
402,DECODE,112,0,112,728.14,13.48,1
403,DECODE,112,0,112,729.14,14.14,1
404,DECODE,112,0,112,730.14,13.97,1
405,DECODE,112,0,112,731.14,13.38,1
406,DECODE,112,0,112,732.14,13.36,1
407,DECODE,112,0,112,733.14,13.35,1
408,DECODE,112,0,112,734.14,13.84,1
409,DECODE,112,0,112,735.14,14.30,1
410,DECODE,112,0,112,736.14,14.09,1
411,DECODE,112,0,112,737.14,13.83,1
412,DECODE,112,0,112,738.14,13.92,1
413,DECODE,112,0,112,739.14,14.03,1
414,DECODE,112,0,112,740.14,13.99,1
415,DECODE,112,0,112,741.14,14.02,1
416,DECODE,112,0,112,742.14,14.03,1
417,DECODE,112,0,112,743.14,13.91,1
418,DECODE,112,0,112,744.14,13.92,1
419,DECODE,112,0,112,745.14,13.98,1
420,DECODE,112,0,112,746.14,13.93,1
421,DECODE,112,0,112,747.14,13.41,1
422,DECODE,112,0,112,748.14,13.34,1
423,DECODE,112,0,112,749.14,13.21,1
424,DECODE,112,0,112,750.14,13.47,1
425,DECODE,112,0,112,751.14,13.49,1
426,DECODE,112,0,112,752.14,13.42,1
427,DECODE,112,0,112,753.14,14.29,1
428,DECODE,112,0,112,754.14,14.28,1
429,DECODE,112,0,112,755.14,14.28,1
430,DECODE,112,0,112,756.14,14.50,1
431,DECODE,112,0,112,757.14,14.26,1
432,DECODE,112,0,112,758.14,14.49,1
433,DECODE,112,0,112,759.14,14.31,1
434,DECODE,112,0,112,760.14,14.48,1
435,DECODE,112,0,112,761.14,14.33,1
436,DECODE,112,0,112,762.14,14.33,1
437,DECODE,112,0,112,763.14,13.43,1
438,DECODE,112,0,112,764.14,13.52,1
439,DECODE,112,0,112,765.14,13.51,1
440,DECODE,112,0,112,766.14,13.47,1
441,DECODE,112,0,112,767.14,13.48,1
442,DECODE,112,0,112,768.14,14.46,1
443,DECODE,112,0,112,769.14,14.69,1
444,DECODE,112,0,112,770.14,14.66,1
445,DECODE,112,0,112,771.14,13.54,1
446,DECODE,112,0,112,772.14,13.32,1
447,DECODE,112,0,112,773.14,13.55,1
448,DECODE,112,0,112,774.14,13.46,1
449,DECODE,112,0,112,775.14,13.62,1
450,DECODE,112,0,112,776.14,13.64,1
451,DECODE,112,0,112,777.14,13.65,1
452,DECODE,112,0,112,778.14,13.63,1
453,DECODE,112,0,112,779.14,14.28,1
454,DECODE,112,0,112,780.14,14.38,1
455,DECODE,112,0,112,781.14,14.28,1
456,DECODE,112,0,112,782.14,14.24,1
457,DECODE,112,0,112,783.14,14.34,1
458,DECODE,112,0,112,784.14,13.72,1
459,DECODE,112,0,112,785.14,14.40,1
460,DECODE,112,0,112,786.14,14.40,1
461,DECODE,112,0,112,787.14,14.00,1
462,DECODE,112,0,112,788.14,14.37,1
463,DECODE,112,0,112,789.14,14.29,1
464,DECODE,112,0,112,790.14,14.24,1
465,DECODE,112,0,112,791.14,14.40,1
466,DECODE,112,0,112,792.14,14.43,1
467,DECODE,112,0,112,793.14,14.43,1
468,DECODE,112,0,112,794.14,14.39,1
469,DECODE,112,0,112,795.14,14.39,1
470,DECODE,112,0,112,796.14,14.25,1
471,DECODE,112,0,112,797.14,14.32,1
472,DECODE,112,0,112,798.14,14.45,1
473,DECODE,112,0,112,799.14,14.19,1
474,DECODE,112,0,112,800.14,14.28,1
475,DECODE,112,0,112,801.14,14.40,1
476,DECODE,112,0,112,802.14,14.31,1
477,DECODE,112,0,112,803.14,14.35,1
478,DECODE,112,0,112,804.14,14.45,1
479,DECODE,112,0,112,805.14,16.00,1
480,DECODE,112,0,112,806.14,14.37,1
481,DECODE,112,0,112,807.14,14.47,1
482,DECODE,112,0,112,808.14,14.47,1
483,DECODE,112,0,112,809.14,14.39,1
484,DECODE,112,0,112,810.14,14.80,1
485,DECODE,112,0,112,811.14,14.51,1
486,DECODE,112,0,112,812.14,14.56,1
487,DECODE,112,0,112,813.14,14.42,1
488,DECODE,112,0,112,814.14,14.41,1
489,DECODE,112,0,112,815.14,14.44,1
490,DECODE,112,0,112,816.14,14.93,1
491,DECODE,112,0,112,817.14,14.73,1
492,DECODE,112,0,112,818.14,14.60,1
493,DECODE,112,0,112,819.14,14.58,1
494,DECODE,112,0,112,820.14,14.58,1
495,DECODE,112,0,112,821.14,14.47,1
496,DECODE,112,0,112,822.14,13.77,1
497,DECODE,112,0,112,823.14,13.71,1
498,DECODE,112,0,112,824.14,13.70,1
499,DECODE,112,0,112,825.14,13.62,1
500,DECODE,112,0,112,826.14,13.68,1
501,DECODE,112,0,112,827.14,14.48,1
502,DECODE,112,0,112,828.14,14.40,1
503,DECODE,112,0,112,829.14,13.49,1
504,DECODE,112,0,112,830.14,13.64,1
505,DECODE,112,0,112,831.14,13.64,1
506,DECODE,112,0,112,832.14,13.62,1
507,DECODE,112,0,112,833.14,13.70,1
508,DECODE,112,0,112,834.14,13.73,1
509,DECODE,112,0,112,835.14,13.64,1
510,DECODE,112,0,112,836.14,13.63,1
511,DECODE,112,0,112,837.14,13.66,1
512,DECODE,112,0,112,838.14,13.68,1
513,DECODE,112,0,112,839.14,13.68,1
514,DECODE,112,0,112,840.14,13.56,1
515,DECODE,112,0,112,841.14,13.79,1
516,DECODE,112,0,112,842.14,13.77,1
517,DECODE,111,0,111,843.35,13.70,1
518,EXTEND,63,4851,0,345.51,155.95,1
519,DECODE,174,0,174,664.10,17.97,1
520,DECODE,174,0,174,665.10,16.73,1
521,DECODE,174,0,174,666.10,15.83,1
522,DECODE,174,0,174,667.10,15.84,1
523,DECODE,174,0,174,668.10,15.82,1
524,DECODE,174,0,174,669.10,15.79,1
525,DECODE,174,0,174,670.10,16.01,1
526,DECODE,174,0,174,671.10,15.98,1
527,DECODE,174,0,174,672.10,15.71,1
528,DECODE,174,0,174,673.10,15.73,1
529,DECODE,174,0,174,674.10,15.75,1
530,DECODE,174,0,174,675.10,16.40,1
531,DECODE,174,0,174,676.10,16.44,1
532,DECODE,174,0,174,677.10,17.03,1
533,DECODE,174,0,174,678.10,16.55,1
534,DECODE,174,0,174,679.10,16.55,1
535,DECODE,174,0,174,680.10,16.51,1
536,DECODE,174,0,174,681.10,16.57,1
537,DECODE,174,0,174,682.10,16.43,1
538,DECODE,174,0,174,683.10,16.56,1
539,DECODE,174,0,174,684.10,16.46,1
540,DECODE,174,0,174,685.10,16.70,1
541,DECODE,174,0,174,686.10,16.74,1
542,DECODE,174,0,174,687.10,16.44,1
543,DECODE,174,0,174,688.10,16.43,1
544,DECODE,174,0,174,689.10,16.42,1
545,DECODE,174,0,174,690.10,16.49,1
546,DECODE,174,0,174,691.10,16.30,1
547,DECODE,174,0,174,692.10,16.38,1
548,DECODE,174,0,174,693.10,16.41,1
549,DECODE,174,0,174,694.10,16.44,1
550,DECODE,174,0,174,695.10,16.42,1
551,DECODE,174,0,174,696.10,16.50,1
552,DECODE,174,0,174,697.10,16.49,1
553,DECODE,174,0,174,698.10,16.49,1
554,DECODE,174,0,174,699.10,16.29,1
555,DECODE,174,0,174,700.10,16.48,1
556,DECODE,174,0,174,701.10,16.53,1
557,DECODE,174,0,174,702.10,16.47,1
558,DECODE,174,0,174,703.10,16.50,1
559,DECODE,174,0,174,704.10,16.48,1
560,DECODE,174,0,174,705.10,16.52,1
561,DECODE,174,0,174,706.10,16.55,1
562,DECODE,174,0,174,707.10,16.56,1
563,DECODE,174,0,174,708.10,16.61,1
564,DECODE,174,0,174,709.10,16.80,1
565,DECODE,174,0,174,710.10,16.57,1
566,DECODE,174,0,174,711.10,16.58,1
567,DECODE,174,0,174,712.10,16.62,1
568,DECODE,174,0,174,713.10,16.59,1
569,DECODE,174,0,174,714.10,16.62,1
570,DECODE,174,0,174,715.10,16.61,1
571,DECODE,174,0,174,716.10,16.61,1
572,DECODE,174,0,174,717.10,16.61,1
573,DECODE,174,0,174,718.10,16.58,1
574,DECODE,174,0,174,719.10,16.93,1
575,DECODE,174,0,174,720.10,16.58,1
576,DECODE,174,0,174,721.10,16.61,1
577,DECODE,174,0,174,722.10,16.56,1
578,DECODE,174,0,174,723.10,16.60,1
579,DECODE,174,0,174,724.10,16.87,1
580,DECODE,174,0,174,725.10,16.90,1
581,DECODE,174,0,174,726.10,16.03,1
582,DECODE,174,0,174,727.10,16.13,1
583,DECODE,174,0,174,728.10,15.89,1
584,DECODE,174,0,174,729.10,15.91,1
585,DECODE,174,0,174,730.10,15.86,1
586,DECODE,174,0,174,731.10,16.17,1
587,DECODE,174,0,174,732.10,15.91,1
588,DECODE,174,0,174,733.10,15.93,1
589,DECODE,174,0,174,734.10,15.89,1
590,DECODE,174,0,174,735.10,15.93,1
591,DECODE,174,0,174,736.10,15.91,1
592,DECODE,174,0,174,737.10,15.89,1
593,DECODE,174,0,174,738.10,15.88,1
594,DECODE,174,0,174,739.10,15.87,1
595,DECODE,174,0,174,740.10,16.00,1
596,DECODE,174,0,174,741.10,16.29,1
597,DECODE,174,0,174,742.10,16.08,1
598,DECODE,174,0,174,743.10,16.20,1
599,DECODE,174,0,174,744.10,15.95,1
600,DECODE,174,0,174,745.10,15.97,1
601,DECODE,174,0,174,746.10,16.50,1
602,DECODE,174,0,174,747.10,16.46,1
603,DECODE,174,0,174,748.10,15.97,1
604,DECODE,174,0,174,749.10,16.22,1
605,DECODE,174,0,174,750.10,16.17,1
606,DECODE,174,0,174,751.10,16.02,1
607,DECODE,174,0,174,752.10,16.02,1
608,DECODE,174,0,174,753.10,16.06,1
609,DECODE,174,0,174,754.10,16.04,1
610,DECODE,174,0,174,755.10,16.27,1
611,DECODE,174,0,174,756.10,16.02,1
612,DECODE,174,0,174,757.10,16.09,1
613,DECODE,174,0,174,758.10,16.09,1
614,DECODE,174,0,174,759.10,15.97,1
615,DECODE,174,0,174,760.10,16.12,1
616,DECODE,174,0,174,761.10,16.14,1
617,DECODE,174,0,174,762.10,16.29,1
618,DECODE,174,0,174,763.10,16.32,1
619,DECODE,174,0,174,764.10,16.31,1
620,DECODE,174,0,174,765.10,16.29,1
621,DECODE,174,0,174,766.10,16.33,1
622,DECODE,174,0,174,767.10,16.29,1
623,DECODE,174,0,174,768.10,16.34,1
624,DECODE,174,0,174,769.10,17.04,1
625,DECODE,174,0,174,770.10,16.55,1
626,DECODE,174,0,174,771.10,16.25,1
627,DECODE,174,0,174,772.10,16.34,1
628,DECODE,174,0,174,773.10,16.13,1
629,DECODE,174,0,174,774.10,16.03,1
630,DECODE,174,0,174,775.10,16.30,1
631,DECODE,174,0,174,776.10,16.12,1
632,DECODE,174,0,174,777.10,16.12,1
633,DECODE,174,0,174,778.10,16.18,1
634,DECODE,174,0,174,779.10,16.21,1
635,DECODE,174,0,174,780.10,16.31,1
636,DECODE,174,0,174,781.10,16.09,1
637,DECODE,174,0,174,782.10,16.11,1
638,DECODE,174,0,174,783.10,16.77,1
639,DECODE,174,0,174,784.10,16.54,1
640,DECODE,174,0,174,785.10,16.10,1
641,DECODE,174,0,174,786.10,16.18,1
642,DECODE,174,0,174,787.10,16.10,1
643,DECODE,174,0,174,788.10,16.12,1
644,DECODE,174,0,174,789.10,16.09,1
645,DECODE,174,0,174,790.10,16.14,1
646,DECODE,174,0,174,791.10,16.17,1
647,DECODE,174,0,174,792.10,16.13,1
648,DECODE,174,0,174,793.10,16.37,1
649,DECODE,174,0,174,794.10,16.13,1
650,DECODE,174,0,174,795.10,16.16,1
651,DECODE,174,0,174,796.10,16.14,1
652,DECODE,174,0,174,797.10,16.15,1
653,DECODE,174,0,174,798.10,16.34,1
654,DECODE,174,0,174,799.10,16.61,1
655,DECODE,174,0,174,800.10,16.34,1
656,DECODE,174,0,174,801.10,16.42,1
657,DECODE,174,0,174,802.10,16.27,1
658,DECODE,174,0,174,803.10,16.48,1
659,DECODE,174,0,174,804.10,16.80,1
660,DECODE,174,0,174,805.10,16.08,1
661,DECODE,174,0,174,806.10,16.10,1
662,DECODE,174,0,174,807.10,16.19,1
663,DECODE,174,0,174,808.10,16.19,1
664,DECODE,174,0,174,809.10,16.29,1
665,DECODE,174,0,174,810.10,16.16,1
666,DECODE,174,0,174,811.10,16.13,1
667,DECODE,174,0,174,812.10,16.13,1
668,DECODE,174,0,174,813.10,16.45,1
669,DECODE,174,0,174,814.10,17.02,1
670,DECODE,174,0,174,815.10,16.14,1
671,DECODE,174,0,174,816.10,16.40,1
672,DECODE,174,0,174,817.10,16.21,1
673,DECODE,174,0,174,818.10,16.14,1
674,DECODE,174,0,174,819.10,16.37,1
675,DECODE,174,0,174,820.10,16.30,1
676,DECODE,174,0,174,821.10,16.12,1
677,DECODE,174,0,174,822.10,16.42,1
678,DECODE,174,0,174,823.10,16.11,1
679,DECODE,174,0,174,824.10,16.27,1
680,DECODE,174,0,174,825.10,16.19,1
681,DECODE,174,0,174,826.10,16.44,1
682,DECODE,174,0,174,827.10,16.29,1
683,DECODE,174,0,174,828.10,16.22,1
684,DECODE,174,0,174,829.10,16.47,1
685,DECODE,174,0,174,830.10,16.27,1
686,DECODE,174,0,174,831.10,16.49,1
687,DECODE,174,0,174,832.10,16.31,1
688,DECODE,174,0,174,833.10,16.21,1
689,DECODE,174,0,174,834.10,16.27,1
690,DECODE,174,0,174,835.10,16.23,1
691,DECODE,174,0,174,836.10,16.34,1
692,DECODE,174,0,174,837.10,16.24,1
693,DECODE,174,0,174,838.10,16.27,1
694,DECODE,174,0,174,839.10,16.28,1
695,DECODE,174,0,174,840.10,16.30,1
696,DECODE,174,0,174,841.10,16.39,1
697,DECODE,174,0,174,842.10,16.29,1
698,DECODE,174,0,174,843.10,16.34,1
699,DECODE,174,0,174,844.10,16.28,1
700,DECODE,174,0,174,845.10,17.43,1
701,DECODE,174,0,174,846.10,17.11,1
702,DECODE,174,0,174,847.10,17.19,1
703,DECODE,174,0,174,848.10,17.16,1
704,DECODE,174,0,174,849.10,17.14,1
705,DECODE,174,0,174,850.10,17.18,1
706,DECODE,174,0,174,851.10,17.12,1
707,DECODE,174,0,174,852.10,17.14,1
708,DECODE,174,0,174,853.10,17.13,1
709,DECODE,174,0,174,854.10,17.09,1
710,DECODE,174,0,174,855.10,17.09,1
711,DECODE,174,0,174,856.10,17.14,1
712,DECODE,174,0,174,857.10,17.04,1
713,DECODE,174,0,174,858.10,17.36,1
714,DECODE,174,0,174,859.10,17.08,1
715,DECODE,174,0,174,860.10,17.23,1
716,DECODE,174,0,174,861.10,17.22,1
717,DECODE,174,0,174,862.10,17.52,1
718,DECODE,174,0,174,863.10,17.15,1
719,DECODE,174,0,174,864.10,17.21,1
720,DECODE,174,0,174,865.10,17.49,1
721,DECODE,174,0,174,866.10,17.34,1
722,DECODE,174,0,174,867.10,17.50,1
723,DECODE,174,0,174,868.10,17.24,1
724,DECODE,174,0,174,869.10,17.25,1
725,DECODE,174,0,174,870.10,17.28,1
726,DECODE,174,0,174,871.10,18.13,1
727,DECODE,174,0,174,872.10,18.25,1
728,DECODE,174,0,174,873.10,17.39,1
729,DECODE,174,0,174,874.10,17.37,1
730,DECODE,174,0,174,875.10,17.52,1
731,DECODE,174,0,174,876.10,17.54,1
732,DECODE,174,0,174,877.10,17.65,1
733,DECODE,174,0,174,878.10,17.50,1
734,DECODE,174,0,174,879.10,17.10,1
735,DECODE,174,0,174,880.10,17.42,1
736,DECODE,174,0,174,881.10,17.68,1
737,DECODE,174,0,174,882.10,17.64,1
738,DECODE,174,0,174,883.10,17.45,1
739,DECODE,174,0,174,884.10,18.24,1
740,DECODE,174,0,174,885.10,17.50,1
741,DECODE,174,0,174,886.10,17.49,1
742,DECODE,174,0,174,887.10,17.54,1
743,DECODE,174,0,174,888.10,17.55,1
744,DECODE,174,0,174,889.10,17.74,1
745,DECODE,174,0,174,890.10,17.49,1
746,DECODE,174,0,174,891.10,17.49,1
747,DECODE,174,0,174,892.10,16.72,1
748,DECODE,174,0,174,893.10,16.67,1
749,DECODE,174,0,174,894.10,16.64,1
750,DECODE,174,0,174,895.10,16.79,1
751,DECODE,174,0,174,896.10,16.86,1
752,DECODE,174,0,174,897.10,17.63,1
753,DECODE,174,0,174,898.10,17.47,1
754,DECODE,174,0,174,899.10,17.49,1
755,DECODE,174,0,174,900.10,17.51,1
756,DECODE,174,0,174,901.10,17.55,1
757,DECODE,174,0,174,902.10,17.55,1
758,DECODE,174,0,174,903.10,17.93,1
759,DECODE,174,0,174,904.10,17.51,1
760,DECODE,174,0,174,905.10,18.33,1
761,DECODE,174,0,174,906.10,17.57,1
762,DECODE,174,0,174,907.10,17.54,1
763,DECODE,174,0,174,908.10,20.52,1
764,DECODE,174,0,174,909.10,17.86,1
765,DECODE,174,0,174,910.10,17.81,1
766,DECODE,174,0,174,911.10,17.54,1
767,DECODE,174,0,174,912.10,17.61,1
768,DECODE,174,0,174,913.10,17.54,1
769,DECODE,174,0,174,914.10,17.70,1
770,DECODE,174,0,174,915.10,17.65,1
771,DECODE,174,0,174,916.10,17.54,1
772,DECODE,174,0,174,917.10,17.72,1
773,DECODE,174,0,174,918.10,18.05,1
774,DECODE,174,0,174,919.10,17.82,1
775,DECODE,174,0,174,920.10,17.79,1
776,DECODE,174,0,174,921.10,17.91,1
777,DECODE,174,0,174,922.10,17.57,1
778,DECODE,174,0,174,923.10,17.60,1
779,DECODE,174,0,174,924.10,17.72,1
780,DECODE,174,0,174,925.10,17.67,1
781,DECODE,174,0,174,926.10,17.42,1
782,DECODE,174,0,174,927.10,17.44,1
783,DECODE,174,0,174,928.10,17.66,1
784,DECODE,174,0,174,929.10,17.49,1
785,DECODE,174,0,174,930.10,17.69,1
786,DECODE,174,0,174,931.10,17.45,1
787,DECODE,174,0,174,932.10,17.47,1
788,DECODE,174,0,174,933.10,17.72,1
789,DECODE,174,0,174,934.10,17.42,1
790,DECODE,174,0,174,935.10,18.30,1
791,DECODE,174,0,174,936.10,17.38,1
792,DECODE,174,0,174,937.10,17.82,1
793,DECODE,174,0,174,938.10,17.87,1
794,DECODE,174,0,174,939.10,17.87,1
795,DECODE,174,0,174,940.10,17.52,1
796,DECODE,174,0,174,941.10,17.41,1
797,DECODE,174,0,174,942.10,17.60,1
798,DECODE,174,0,174,943.10,17.42,1
799,DECODE,174,0,174,944.10,17.70,1
800,DECODE,174,0,174,945.10,17.63,1
801,DECODE,174,0,174,946.10,17.97,1
802,DECODE,174,0,174,947.10,17.80,1
803,DECODE,174,0,174,948.10,17.72,1
804,DECODE,174,0,174,949.10,17.54,1
805,DECODE,174,0,174,950.10,17.73,1
806,DECODE,174,0,174,951.10,17.73,1
807,DECODE,174,0,174,952.10,16.92,1
808,DECODE,174,0,174,953.10,16.99,1
809,DECODE,174,0,174,954.10,17.12,1
810,DECODE,174,0,174,955.10,17.07,1
811,DECODE,174,0,174,956.10,16.98,1
812,DECODE,174,0,174,957.10,17.01,1
813,DECODE,174,0,174,958.10,16.67,1
814,DECODE,174,0,174,959.10,17.61,1
815,DECODE,174,0,174,960.10,17.92,1
816,DECODE,174,0,174,961.10,17.61,1
817,DECODE,174,0,174,962.10,17.79,1
818,DECODE,174,0,174,963.10,17.19,1
819,DECODE,174,0,174,964.10,16.85,1
820,DECODE,174,0,174,965.10,17.54,1
821,DECODE,174,0,174,966.10,17.53,1
822,DECODE,174,0,174,967.10,17.50,1
823,DECODE,174,0,174,968.10,17.64,1
824,DECODE,174,0,174,969.10,17.13,1
825,DECODE,174,0,174,970.10,16.91,1
826,DECODE,174,0,174,971.10,16.98,1
827,DECODE,174,0,174,972.10,16.96,1
828,DECODE,174,0,174,973.10,16.99,1
829,DECODE,174,0,174,974.10,16.93,1
830,DECODE,174,0,174,975.10,17.12,1
831,DECODE,174,0,174,976.10,17.00,1
832,DECODE,174,0,174,977.10,17.25,1
833,DECODE,174,0,174,978.10,17.70,1
834,DECODE,174,0,174,979.10,17.66,1
835,DECODE,174,0,174,980.10,17.82,1
836,DECODE,174,0,174,981.10,17.61,1
837,DECODE,174,0,174,982.10,17.74,1
838,DECODE,174,0,174,983.10,17.72,1
839,DECODE,174,0,174,984.10,17.70,1
840,DECODE,174,0,174,985.10,17.73,1
841,DECODE,174,0,174,986.10,17.63,1
842,DECODE,174,0,174,987.10,17.73,1
843,DECODE,174,0,174,988.10,17.68,1
844,DECODE,174,0,174,989.10,17.84,1
845,DECODE,174,0,174,990.10,17.79,1
846,DECODE,174,0,174,991.10,17.82,1
847,DECODE,174,0,174,992.10,17.86,1
848,DECODE,174,0,174,993.10,17.86,1
849,DECODE,174,0,174,994.10,17.91,1
850,DECODE,174,0,174,995.10,17.84,1
851,DECODE,174,0,174,996.10,17.50,1
852,DECODE,174,0,174,997.10,16.83,1
853,DECODE,174,0,174,998.10,16.91,1
854,DECODE,174,0,174,999.10,17.79,1
855,DECODE,174,0,174,1000.10,17.88,1
856,DECODE,174,0,174,1001.10,17.79,1
857,DECODE,174,0,174,1002.10,17.94,1
858,DECODE,174,0,174,1003.10,18.51,1
859,DECODE,174,0,174,1004.10,18.39,1
860,DECODE,174,0,174,1005.10,18.45,1
861,DECODE,174,0,174,1006.10,18.45,1
862,DECODE,174,0,174,1007.10,18.50,1
863,DECODE,174,0,174,1008.10,17.73,1
864,DECODE,174,0,174,1009.10,17.83,1
865,DECODE,174,0,174,1010.10,17.82,1
866,DECODE,174,0,174,1011.10,17.82,1
867,DECODE,174,0,174,1012.10,17.75,1
868,DECODE,174,0,174,1013.10,16.95,1
869,DECODE,174,0,174,1014.10,17.33,1
870,DECODE,174,0,174,1015.10,17.25,1
871,DECODE,174,0,174,1016.10,17.03,1
872,DECODE,174,0,174,1017.10,17.08,1
873,DECODE,174,0,174,1018.10,18.98,1
874,DECODE,174,0,174,1019.10,17.95,1
875,DECODE,174,0,174,1020.10,17.88,1
876,DECODE,174,0,174,1021.10,17.89,1
877,DECODE,174,0,174,1022.10,17.93,1
878,DECODE,174,0,174,1023.10,17.96,1
879,DECODE,174,0,174,1024.10,18.03,1
880,DECODE,174,0,174,1025.10,17.95,1
881,DECODE,174,0,174,1026.10,18.12,1
882,DECODE,174,0,174,1027.10,17.95,1
883,DECODE,174,0,174,1028.10,17.98,1
884,DECODE,174,0,174,1029.10,18.16,1
885,DECODE,174,0,174,1030.10,17.97,1
886,DECODE,174,0,174,1031.10,17.93,1
887,DECODE,174,0,174,1032.10,17.95,1
888,DECODE,174,0,174,1033.10,17.99,1
889,DECODE,174,0,174,1034.10,17.97,1
890,DECODE,174,0,174,1035.10,17.87,1
891,DECODE,174,0,174,1036.10,18.23,1
892,DECODE,174,0,174,1037.10,18.03,1
893,DECODE,174,0,174,1038.10,17.98,1
894,DECODE,174,0,174,1039.10,17.98,1
895,DECODE,174,0,174,1040.10,17.98,1
896,DECODE,174,0,174,1041.10,17.08,1
897,DECODE,174,0,174,1042.10,17.12,1
898,DECODE,174,0,174,1043.10,18.52,1
899,DECODE,174,0,174,1044.10,17.08,1
900,DECODE,174,0,174,1045.10,17.10,1
901,DECODE,174,0,174,1046.10,17.03,1
902,DECODE,174,0,174,1047.10,17.89,1
903,DECODE,174,0,174,1048.10,17.67,1
904,DECODE,174,0,174,1049.10,17.86,1
905,DECODE,174,0,174,1050.10,17.78,1
906,DECODE,174,0,174,1051.10,18.08,1
907,DECODE,174,0,174,1052.10,17.93,1
908,DECODE,174,0,174,1053.10,18.18,1
909,DECODE,174,0,174,1054.10,18.10,1
910,DECODE,174,0,174,1055.10,17.91,1
911,DECODE,174,0,174,1056.10,17.93,1
912,DECODE,174,0,174,1057.10,18.12,1
913,DECODE,174,0,174,1058.10,17.89,1
914,DECODE,174,0,174,1059.10,18.02,1
915,DECODE,174,0,174,1060.10,18.14,1
916,DECODE,174,0,174,1061.10,18.03,1
917,DECODE,174,0,174,1062.10,18.05,1
918,DECODE,174,0,174,1063.10,18.01,1
919,DECODE,174,0,174,1064.10,17.84,1
920,DECODE,174,0,174,1065.10,17.98,1
921,DECODE,174,0,174,1066.10,18.04,1
922,DECODE,174,0,174,1067.10,18.27,1
923,DECODE,174,0,174,1068.10,17.96,1
924,DECODE,174,0,174,1069.10,17.08,1
925,DECODE,174,0,174,1070.10,17.10,1
926,DECODE,174,0,174,1071.10,17.42,1
927,DECODE,174,0,174,1072.10,18.08,1
928,DECODE,174,0,174,1073.10,17.28,1
929,DECODE,174,0,174,1074.10,17.21,1
930,DECODE,174,0,174,1075.10,17.25,1
931,DECODE,174,0,174,1076.10,17.26,1
932,DECODE,174,0,174,1077.10,17.31,1
933,DECODE,174,0,174,1078.10,17.45,1
934,DECODE,174,0,174,1079.10,17.30,1
935,DECODE,174,0,174,1080.10,17.38,1
936,DECODE,174,0,174,1081.10,17.32,1
937,DECODE,174,0,174,1082.10,17.20,1
938,DECODE,174,0,174,1083.10,17.28,1
939,DECODE,174,0,174,1084.10,17.48,1
940,DECODE,174,0,174,1085.10,17.31,1
941,DECODE,174,0,174,1086.10,17.25,1
942,DECODE,174,0,174,1087.10,17.33,1
943,DECODE,174,0,174,1088.10,17.30,1
944,DECODE,174,0,174,1089.10,17.39,1
945,DECODE,174,0,174,1090.10,17.31,1
946,DECODE,174,0,174,1091.10,17.40,1
947,DECODE,174,0,174,1092.10,17.27,1
948,DECODE,174,0,174,1093.10,17.29,1
949,DECODE,174,0,174,1094.10,17.32,1
950,DECODE,174,0,174,1095.10,17.38,1
951,DECODE,174,0,174,1096.10,17.28,1
952,DECODE,174,0,174,1097.10,18.35,1
953,DECODE,174,0,174,1098.10,17.45,1
954,DECODE,174,0,174,1099.10,17.67,1
955,DECODE,174,0,174,1100.10,17.53,1
956,DECODE,174,0,174,1101.10,17.68,1
957,DECODE,174,0,174,1102.10,17.54,1
958,DECODE,174,0,174,1103.10,17.52,1
959,DECODE,174,0,174,1104.10,17.48,1
960,DECODE,174,0,174,1105.10,17.36,1
961,DECODE,174,0,174,1106.10,17.58,1
962,DECODE,174,0,174,1107.10,17.46,1
963,DECODE,174,0,174,1108.10,17.64,1
964,DECODE,174,0,174,1109.10,17.69,1
965,DECODE,174,0,174,1110.10,17.56,1
966,DECODE,174,0,174,1111.10,17.58,1
967,DECODE,174,0,174,1112.10,17.56,1
968,DECODE,174,0,174,1113.10,17.86,1
969,DECODE,174,0,174,1114.10,17.29,1
970,DECODE,174,0,174,1115.10,17.40,1
971,DECODE,174,0,174,1116.10,17.35,1
972,DECODE,174,0,174,1117.10,18.24,1
973,DECODE,174,0,174,1118.10,18.26,1
974,DECODE,174,0,174,1119.10,18.02,1
975,DECODE,174,0,174,1120.10,18.17,1
976,DECODE,174,0,174,1121.10,17.60,1
977,DECODE,174,0,174,1122.10,17.40,1
978,DECODE,174,0,174,1123.10,17.42,1
979,DECODE,174,0,174,1124.10,17.40,1
980,DECODE,174,0,174,1125.10,17.64,1
981,DECODE,174,0,174,1126.10,18.49,1
982,DECODE,174,0,174,1127.10,17.34,1
983,DECODE,174,0,174,1128.10,18.41,1
984,DECODE,174,0,174,1129.10,17.61,1
985,DECODE,174,0,174,1130.10,17.57,1
986,DECODE,174,0,174,1131.10,18.59,1
987,DECODE,174,0,174,1132.10,18.55,1
988,DECODE,174,0,174,1133.10,18.34,1
989,DECODE,174,0,174,1134.10,18.55,1
990,DECODE,174,0,174,1135.10,18.38,1
991,DECODE,174,0,174,1136.10,18.99,1
992,DECODE,174,0,174,1137.10,18.38,1
993,DECODE,174,0,174,1138.10,18.38,1
994,DECODE,174,0,174,1139.10,18.98,1
995,DECODE,174,0,174,1140.10,18.38,1
996,DECODE,174,0,174,1141.10,18.54,1
997,DECODE,174,0,174,1142.10,18.40,1
998,DECODE,174,0,174,1143.10,18.36,1
999,DECODE,174,0,174,1144.10,18.69,1
1000,DECODE,174,0,174,1145.10,18.58,1
1001,DECODE,174,0,174,1146.10,18.47,1
1002,DECODE,174,0,174,1147.10,18.45,1
1003,DECODE,174,0,174,1148.10,18.61,1
1004,DECODE,174,0,174,1149.10,18.45,1
1005,DECODE,174,0,174,1150.10,18.38,1
1006,DECODE,174,0,174,1151.10,18.43,1
1007,DECODE,174,0,174,1152.10,18.59,1
1008,DECODE,174,0,174,1153.10,18.42,1
1009,DECODE,174,0,174,1154.10,18.34,1
1010,DECODE,174,0,174,1155.10,18.52,1
1011,DECODE,174,0,174,1156.10,18.36,1
1012,DECODE,174,0,174,1157.10,18.35,1
1013,DECODE,174,0,174,1158.10,18.41,1
1014,DECODE,174,0,174,1159.10,18.32,1
1015,DECODE,174,0,174,1160.10,18.65,1
1016,DECODE,174,0,174,1161.10,18.46,1
1017,DECODE,174,0,174,1162.10,18.59,1
1018,DECODE,174,0,174,1163.10,18.47,1
1019,DECODE,174,0,174,1164.10,18.46,1
1020,DECODE,174,0,174,1165.10,18.38,1
1021,DECODE,174,0,174,1166.10,18.64,1
1022,DECODE,174,0,174,1167.10,18.34,1
1023,DECODE,174,0,174,1168.10,18.39,1
1024,DECODE,174,0,174,1169.10,18.85,1
1025,DECODE,174,0,174,1170.10,18.47,1
1026,DECODE,174,0,174,1171.10,18.44,1
1027,DECODE,174,0,174,1172.10,18.40,1
1028,DECODE,174,0,174,1173.10,18.61,1
1029,DECODE,174,0,174,1174.10,18.44,1
1030,DECODE,174,0,174,1175.10,18.38,1
1031,DECODE,174,0,174,1176.10,18.82,1
1032,DECODE,174,0,174,1177.10,18.43,1
1033,DECODE,174,0,174,1178.10,18.53,1
1034,DECODE,174,0,174,1179.10,17.50,1
1035,DECODE,174,0,174,1180.10,18.04,1
1036,DECODE,174,0,174,1181.10,18.47,1
1037,DECODE,174,0,174,1182.10,18.38,1
1038,DECODE,174,0,174,1183.10,18.27,1
1039,DECODE,174,0,174,1184.10,18.18,1
1040,DECODE,174,0,174,1185.10,18.53,1
1041,DECODE,174,0,174,1186.10,18.87,1
1042,DECODE,174,0,174,1187.10,18.11,1
1043,DECODE,174,0,174,1188.10,18.44,1
1044,DECODE,174,0,174,1189.10,18.48,1
1045,DECODE,174,0,174,1190.10,18.48,1
1046,DECODE,174,0,174,1191.10,19.65,1
1047,DECODE,174,0,174,1192.10,18.44,1
1048,DECODE,174,0,174,1193.10,18.54,1
1049,DECODE,174,0,174,1194.10,18.59,1
1050,DECODE,174,0,174,1195.10,18.57,1
1051,DECODE,174,0,174,1196.10,18.57,1
1052,DECODE,174,0,174,1197.10,18.46,1
1053,DECODE,174,0,174,1198.10,18.53,1
1054,DECODE,174,0,174,1199.10,18.53,1
1055,DECODE,174,0,174,1200.10,18.59,1
1056,DECODE,174,0,174,1201.10,18.68,1
1057,DECODE,174,0,174,1202.10,18.97,1
1058,DECODE,174,0,174,1203.10,18.34,1
1059,DECODE,174,0,174,1204.10,18.16,1
1060,DECODE,174,0,174,1205.10,18.38,1
1061,DECODE,174,0,174,1206.10,18.26,1
1062,DECODE,174,0,174,1207.10,18.18,1
1063,DECODE,174,0,174,1208.10,18.38,1
1064,DECODE,174,0,174,1209.10,18.07,1
1065,DECODE,174,0,174,1210.10,18.30,1
1066,DECODE,173,0,173,1209.98,18.20,1
1067,EXTEND,27,935,0,348.04,63.43,1
1068,DECODE,200,0,200,1094.62,20.01,1
1069,DECODE,200,0,200,1095.62,18.44,1
1070,DECODE,200,0,200,1096.62,18.43,1
1071,DECODE,200,0,200,1097.62,18.47,1
1072,DECODE,200,0,200,1098.62,18.55,1
1073,DECODE,200,0,200,1099.62,18.68,1
1074,DECODE,200,0,200,1100.62,18.52,1
1075,DECODE,200,0,200,1101.62,19.54,1
1076,DECODE,200,0,200,1102.62,18.88,1
1077,DECODE,200,0,200,1103.62,19.02,1
1078,DECODE,200,0,200,1104.62,19.11,1
1079,DECODE,200,0,200,1105.62,19.06,1
1080,DECODE,200,0,200,1106.62,19.17,1
1081,DECODE,200,0,200,1107.62,19.05,1
1082,DECODE,200,0,200,1108.62,19.10,1
1083,DECODE,200,0,200,1109.62,19.32,1
1084,DECODE,200,0,200,1110.62,18.55,1
1085,DECODE,200,0,200,1111.62,19.01,1
1086,DECODE,200,0,200,1112.62,19.10,1
1087,DECODE,200,0,200,1113.62,19.05,1
1088,DECODE,200,0,200,1114.62,19.12,1
1089,DECODE,200,0,200,1115.62,19.29,1
1090,DECODE,200,0,200,1116.62,19.14,1
1091,DECODE,200,0,200,1117.62,19.05,1
1092,DECODE,200,0,200,1118.62,19.15,1
1093,DECODE,200,0,200,1119.62,19.09,1
1094,DECODE,200,0,200,1120.62,19.11,1
1095,DECODE,200,0,200,1121.62,19.01,1
1096,DECODE,200,0,200,1122.62,19.17,1
1097,DECODE,200,0,200,1123.62,19.15,1
1098,DECODE,200,0,200,1124.62,19.15,1
1099,DECODE,200,0,200,1125.62,19.13,1
1100,DECODE,200,0,200,1126.62,18.75,1
1101,DECODE,200,0,200,1127.62,18.94,1
1102,DECODE,200,0,200,1128.62,19.41,1
1103,DECODE,200,0,200,1129.62,19.30,1
1104,DECODE,200,0,200,1130.62,19.06,1
1105,DECODE,200,0,200,1131.62,19.01,1
1106,DECODE,200,0,200,1132.62,19.07,1
1107,DECODE,199,0,199,1132.24,19.36,1
1108,EXTEND,22,810,0,331.82,66.43,1
1109,DECODE,221,0,221,1053.56,20.90,1
1110,DECODE,221,0,221,1054.56,19.30,1
1111,DECODE,221,0,221,1055.56,19.04,1
1112,DECODE,221,0,221,1056.56,19.28,1
1113,DECODE,221,0,221,1057.56,19.65,1
1114,DECODE,221,0,221,1058.56,19.79,1
1115,DECODE,221,0,221,1059.56,19.36,1
1116,DECODE,221,0,221,1060.56,19.45,1
1117,DECODE,221,0,221,1061.56,19.65,1
1118,DECODE,221,0,221,1062.56,19.30,1
1119,DECODE,221,0,221,1063.56,19.01,1
1120,DECODE,221,0,221,1064.56,20.17,1
1121,DECODE,221,0,221,1065.56,20.15,1
1122,DECODE,221,0,221,1066.56,20.13,1
1123,DECODE,221,0,221,1067.56,19.90,1
1124,DECODE,221,0,221,1068.56,20.08,1
1125,DECODE,221,0,221,1069.56,20.51,1
1126,DECODE,221,0,221,1070.56,19.85,1
1127,DECODE,221,0,221,1071.56,19.69,1
1128,DECODE,221,0,221,1072.56,19.76,1
1129,DECODE,221,0,221,1073.56,19.70,1
1130,DECODE,221,0,221,1074.56,19.86,1
1131,DECODE,221,0,221,1075.56,19.88,1
1132,DECODE,221,0,221,1076.56,19.73,1
1133,DECODE,221,0,221,1077.56,19.36,1
1134,DECODE,221,0,221,1078.56,19.43,1
1135,DECODE,221,0,221,1079.56,19.74,1
1136,DECODE,221,0,221,1080.56,19.90,1
1137,DECODE,221,0,221,1081.56,19.89,1
1138,DECODE,221,0,221,1082.56,21.46,1
1139,DECODE,221,0,221,1083.56,20.05,1
1140,DECODE,221,0,221,1084.56,20.07,1
1141,DECODE,221,0,221,1085.56,20.07,1
1142,DECODE,221,0,221,1086.56,20.09,1
1143,DECODE,221,0,221,1087.56,19.89,1
1144,DECODE,221,0,221,1088.56,20.11,1
1145,DECODE,221,0,221,1089.56,20.00,1
1146,DECODE,221,0,221,1090.56,19.92,1
1147,DECODE,221,0,221,1091.56,19.83,1
1148,DECODE,221,0,221,1092.56,19.81,1
1149,DECODE,221,0,221,1093.56,20.70,1
1150,DECODE,221,0,221,1094.56,19.66,1
1151,DECODE,221,0,221,1095.56,21.48,1
1152,DECODE,221,0,221,1096.56,20.82,1
1153,DECODE,221,0,221,1097.56,20.78,1
1154,DECODE,221,0,221,1098.56,19.46,1
1155,DECODE,221,0,221,1099.56,19.50,1
1156,DECODE,221,0,221,1100.56,19.80,1
1157,DECODE,221,0,221,1101.56,19.82,1
1158,DECODE,221,0,221,1102.56,19.64,1
1159,DECODE,221,0,221,1103.56,20.19,1
1160,DECODE,221,0,221,1104.56,19.71,1
1161,DECODE,221,0,221,1105.56,20.18,1
1162,DECODE,221,0,221,1106.56,20.14,1
1163,DECODE,221,0,221,1107.56,20.18,1
1164,DECODE,221,0,221,1108.56,20.20,1
1165,DECODE,221,0,221,1109.56,20.15,1
1166,DECODE,221,0,221,1110.56,20.20,1
1167,DECODE,221,0,221,1111.56,20.12,1
1168,DECODE,221,0,221,1112.56,20.40,1
1169,DECODE,221,0,221,1113.56,21.17,1
1170,DECODE,221,0,221,1114.56,21.03,1
1171,DECODE,221,0,221,1115.56,20.38,1
1172,DECODE,221,0,221,1116.56,20.30,1
1173,DECODE,221,0,221,1117.56,20.39,1
1174,DECODE,221,0,221,1118.56,20.55,1
1175,DECODE,221,0,221,1119.56,19.41,1
1176,DECODE,221,0,221,1120.56,19.69,1
1177,DECODE,221,0,221,1121.56,19.69,1
1178,DECODE,221,0,221,1122.56,20.47,1
1179,DECODE,221,0,221,1123.56,19.18,1
1180,DECODE,221,0,221,1124.56,19.85,1
1181,DECODE,221,0,221,1125.56,19.86,1
1182,DECODE,221,0,221,1126.56,19.79,1
1183,DECODE,221,0,221,1127.56,19.46,1
1184,DECODE,221,0,221,1128.56,19.90,1
1185,DECODE,221,0,221,1129.56,19.54,1
1186,DECODE,221,0,221,1130.56,19.85,1
1187,DECODE,221,0,221,1131.56,19.77,1
1188,DECODE,221,0,221,1132.56,20.50,1
1189,DECODE,221,0,221,1133.56,20.03,1
1190,DECODE,221,0,221,1134.56,19.86,1
1191,DECODE,221,0,221,1135.56,20.08,1
1192,DECODE,221,0,221,1136.56,19.95,1
1193,DECODE,221,0,221,1137.56,19.89,1
1194,DECODE,221,0,221,1138.56,20.11,1
1195,DECODE,221,0,221,1139.56,20.74,1
1196,DECODE,221,0,221,1140.56,20.43,1
1197,DECODE,221,0,221,1141.56,20.56,1
1198,DECODE,221,0,221,1142.56,20.53,1
1199,DECODE,221,0,221,1143.56,20.56,1
1200,DECODE,221,0,221,1144.56,20.86,1
1201,DECODE,221,0,221,1145.56,20.49,1
1202,DECODE,221,0,221,1146.56,20.53,1
1203,DECODE,220,0,220,1145.95,20.77,1
1204,EXTEND,12,12,0,305.33,51.47,1
1205,DECODE,232,0,232,1103.47,21.38,1
1206,DECODE,232,0,232,1104.47,19.73,1
1207,DECODE,232,0,232,1105.47,19.74,1
1208,DECODE,232,0,232,1106.47,19.67,1
1209,DECODE,232,0,232,1107.47,20.18,1
1210,DECODE,232,0,232,1108.47,19.95,1
1211,DECODE,232,0,232,1109.47,20.80,1
1212,DECODE,232,0,232,1110.47,20.45,1
1213,DECODE,232,0,232,1111.47,20.77,1
1214,DECODE,232,0,232,1112.47,20.63,1
1215,DECODE,232,0,232,1113.47,20.91,1
1216,DECODE,232,0,232,1114.47,20.67,1
1217,DECODE,232,0,232,1115.47,20.69,1
1218,DECODE,232,0,232,1116.47,20.76,1
1219,DECODE,232,0,232,1117.47,20.74,1
1220,DECODE,232,0,232,1118.47,20.74,1
1221,DECODE,232,0,232,1119.47,20.80,1
1222,DECODE,232,0,232,1120.47,20.85,1
1223,DECODE,232,0,232,1121.47,20.87,1
1224,DECODE,232,0,232,1122.47,20.79,1
1225,DECODE,232,0,232,1123.47,21.03,1
1226,DECODE,232,0,232,1124.47,20.81,1
1227,DECODE,232,0,232,1125.47,21.63,1
1228,DECODE,232,0,232,1126.47,20.64,1
1229,DECODE,232,0,232,1127.47,20.84,1
1230,DECODE,232,0,232,1128.47,20.68,1
1231,DECODE,232,0,232,1129.47,20.41,1
1232,DECODE,232,0,232,1130.47,20.60,1
1233,DECODE,232,0,232,1131.47,20.03,1
1234,DECODE,232,0,232,1132.47,19.99,1
1235,DECODE,232,0,232,1133.47,20.02,1
1236,DECODE,232,0,232,1134.47,20.27,1
1237,DECODE,232,0,232,1135.47,21.11,1
1238,DECODE,232,0,232,1136.47,20.74,1
1239,DECODE,232,0,232,1137.47,20.81,1
1240,DECODE,232,0,232,1138.47,20.83,1
1241,DECODE,232,0,232,1139.47,22.07,1
1242,DECODE,232,0,232,1140.47,21.73,1
1243,DECODE,232,0,232,1141.47,20.92,1
1244,DECODE,232,0,232,1142.47,20.87,1
1245,DECODE,232,0,232,1143.47,21.16,1
1246,DECODE,232,0,232,1144.47,20.93,1
1247,DECODE,232,0,232,1145.47,21.13,1
1248,DECODE,232,0,232,1146.47,20.69,1
1249,DECODE,232,0,232,1147.47,20.48,1
1250,DECODE,232,0,232,1148.47,20.48,1
1251,DECODE,232,0,232,1149.47,20.79,1
1252,DECODE,232,0,232,1150.47,20.30,1
1253,DECODE,232,0,232,1151.47,20.13,1
1254,DECODE,232,0,232,1152.47,20.42,1
1255,DECODE,232,0,232,1153.47,20.19,1
1256,DECODE,232,0,232,1154.47,20.15,1
1257,DECODE,232,0,232,1155.47,20.16,1
1258,DECODE,232,0,232,1156.47,20.19,1
1259,DECODE,232,0,232,1157.47,20.12,1
1260,DECODE,232,0,232,1158.47,20.27,1
1261,DECODE,232,0,232,1159.47,20.35,1
1262,DECODE,232,0,232,1160.47,20.11,1
1263,DECODE,232,0,232,1161.47,20.13,1
1264,DECODE,232,0,232,1162.47,20.16,1
1265,DECODE,232,0,232,1163.47,20.15,1
1266,DECODE,232,0,232,1164.47,20.10,1
1267,DECODE,232,0,232,1165.47,20.12,1
1268,DECODE,232,0,232,1166.47,20.22,1
1269,DECODE,232,0,232,1167.47,20.18,1
1270,DECODE,232,0,232,1168.47,20.12,1
1271,DECODE,232,0,232,1169.47,20.23,1
1272,DECODE,232,0,232,1170.47,20.32,1
1273,DECODE,232,0,232,1171.47,20.17,1
1274,DECODE,232,0,232,1172.47,20.20,1
1275,DECODE,232,0,232,1173.47,20.45,1
1276,DECODE,232,0,232,1174.47,20.28,1
1277,DECODE,232,0,232,1175.47,20.15,1
1278,DECODE,232,0,232,1176.47,20.99,1
1279,DECODE,232,0,232,1177.47,21.04,1
1280,DECODE,232,0,232,1178.47,20.94,1
1281,DECODE,232,0,232,1179.47,21.03,1
1282,DECODE,232,0,232,1180.47,21.05,1
1283,DECODE,232,0,232,1181.47,20.92,1
1284,DECODE,232,0,232,1182.47,21.52,1
1285,DECODE,232,0,232,1183.47,21.54,1
1286,DECODE,232,0,232,1184.47,21.00,1
1287,DECODE,232,0,232,1185.47,21.23,1
1288,DECODE,232,0,232,1186.47,21.16,1
1289,DECODE,232,0,232,1187.47,21.04,1
1290,DECODE,232,0,232,1188.47,21.15,1
1291,DECODE,232,0,232,1189.47,21.00,1
1292,DECODE,232,0,232,1190.47,21.01,1
1293,DECODE,232,0,232,1191.47,21.14,1
1294,DECODE,232,0,232,1192.47,21.12,1
1295,DECODE,232,0,232,1193.47,21.31,1
1296,DECODE,232,0,232,1194.47,21.09,1
1297,DECODE,232,0,232,1195.47,21.30,1
1298,DECODE,232,0,232,1196.47,21.05,1
1299,DECODE,232,0,232,1197.47,20.36,1
1300,DECODE,232,0,232,1198.47,20.36,1
1301,DECODE,232,0,232,1199.47,20.35,1
1302,DECODE,232,0,232,1200.47,20.37,1
1303,DECODE,232,0,232,1201.47,20.38,1
1304,DECODE,232,0,232,1202.47,21.24,1
1305,DECODE,232,0,232,1203.47,20.55,1
1306,DECODE,232,0,232,1204.47,20.31,1
1307,DECODE,232,0,232,1205.47,20.22,1
1308,DECODE,232,0,232,1206.47,21.67,1
1309,DECODE,232,0,232,1207.47,20.43,1
1310,DECODE,232,0,232,1208.47,20.25,1
1311,DECODE,232,0,232,1209.47,20.34,1
1312,DECODE,232,0,232,1210.47,23.17,1
1313,DECODE,232,0,232,1211.47,20.33,1
1314,DECODE,232,0,232,1212.47,20.81,1
1315,DECODE,232,0,232,1213.47,21.08,1
1316,DECODE,232,0,232,1214.47,21.07,1
1317,DECODE,232,0,232,1215.47,21.00,1
1318,DECODE,232,0,232,1216.47,20.65,1
1319,DECODE,232,0,232,1217.47,20.42,1
1320,DECODE,232,0,232,1218.47,20.75,1
1321,DECODE,232,0,232,1219.47,20.47,1
1322,DECODE,232,0,232,1220.47,20.46,1
1323,DECODE,232,0,232,1221.47,20.93,1
1324,DECODE,232,0,232,1222.47,20.51,1
1325,DECODE,232,0,232,1223.47,20.51,1
1326,DECODE,232,0,232,1224.47,20.69,1
1327,DECODE,232,0,232,1225.47,22.29,1
1328,DECODE,232,0,232,1226.47,20.35,1
1329,DECODE,232,0,232,1227.47,20.40,1
1330,DECODE,232,0,232,1228.47,21.32,1
1331,DECODE,232,0,232,1229.47,21.57,1
1332,DECODE,232,0,232,1230.47,21.34,1
1333,DECODE,232,0,232,1231.47,20.94,1
1334,DECODE,232,0,232,1232.47,20.61,1
1335,DECODE,232,0,232,1233.47,20.39,1
1336,DECODE,232,0,232,1234.47,20.37,1
1337,DECODE,232,0,232,1235.47,21.36,1
1338,DECODE,232,0,232,1236.47,20.63,1
1339,DECODE,232,0,232,1237.47,20.69,1
1340,DECODE,232,0,232,1238.47,21.05,1
1341,DECODE,232,0,232,1239.47,21.33,1
1342,DECODE,232,0,232,1240.47,21.23,1
1343,DECODE,232,0,232,1241.47,20.71,1
1344,DECODE,232,0,232,1242.47,21.37,1
1345,DECODE,232,0,232,1243.47,20.44,1
1346,DECODE,232,0,232,1244.47,20.46,1
1347,DECODE,232,0,232,1245.47,20.48,1
1348,DECODE,232,0,232,1246.47,20.53,1
1349,DECODE,232,0,232,1247.47,20.52,1
1350,DECODE,232,0,232,1248.47,21.00,1
1351,DECODE,232,0,232,1249.47,20.50,1
1352,DECODE,232,0,232,1250.47,21.32,1
1353,DECODE,232,0,232,1251.47,21.41,1
1354,DECODE,232,0,232,1252.47,23.34,1
1355,DECODE,232,0,232,1253.47,20.59,1
1356,DECODE,232,0,232,1254.47,20.68,1
1357,DECODE,232,0,232,1255.47,20.83,1
1358,DECODE,232,0,232,1256.47,20.70,1
1359,DECODE,232,0,232,1257.47,20.73,1
1360,DECODE,232,0,232,1258.47,20.67,1
1361,DECODE,232,0,232,1259.47,20.65,1
1362,DECODE,232,0,232,1260.47,20.70,1
1363,DECODE,232,0,232,1261.47,20.67,1
1364,DECODE,232,0,232,1262.47,20.72,1
1365,DECODE,232,0,232,1263.47,20.71,1
1366,DECODE,232,0,232,1264.47,20.78,1
1367,DECODE,232,0,232,1265.47,20.70,1
1368,DECODE,232,0,232,1266.47,20.72,1
1369,DECODE,232,0,232,1267.47,21.00,1
1370,DECODE,232,0,232,1268.47,20.98,1
1371,DECODE,232,0,232,1269.47,20.77,1
1372,DECODE,232,0,232,1270.47,20.71,1
1373,DECODE,232,0,232,1271.47,20.71,1
1374,DECODE,232,0,232,1272.47,20.94,1
1375,DECODE,232,0,232,1273.47,20.75,1
1376,DECODE,232,0,232,1274.47,20.78,1
1377,DECODE,232,0,232,1275.47,20.78,1
1378,DECODE,232,0,232,1276.47,20.72,1
1379,DECODE,232,0,232,1277.47,20.75,1
1380,DECODE,232,0,232,1278.47,20.71,1
1381,DECODE,232,0,232,1279.47,20.71,1
1382,DECODE,232,0,232,1280.47,20.83,1
1383,DECODE,232,0,232,1281.47,20.87,1
1384,DECODE,232,0,232,1282.47,20.77,1
1385,DECODE,232,0,232,1283.47,20.76,1
1386,DECODE,232,0,232,1284.47,20.82,1
1387,DECODE,232,0,232,1285.47,20.77,1
1388,DECODE,232,0,232,1286.47,21.14,1
1389,DECODE,232,0,232,1287.47,20.64,1
1390,DECODE,232,0,232,1288.47,20.57,1
1391,DECODE,232,0,232,1289.47,21.24,1
1392,DECODE,232,0,232,1290.47,20.68,1
1393,DECODE,232,0,232,1291.47,20.59,1
1394,DECODE,232,0,232,1292.47,20.60,1
1395,DECODE,232,0,232,1293.47,20.53,1
1396,DECODE,232,0,232,1294.47,20.90,1
1397,DECODE,232,0,232,1295.47,21.56,1
1398,DECODE,232,0,232,1296.47,21.34,1
1399,DECODE,232,0,232,1297.47,20.62,1
1400,DECODE,232,0,232,1298.47,21.60,1
1401,DECODE,232,0,232,1299.47,21.59,1
1402,DECODE,232,0,232,1300.47,21.59,1
1403,DECODE,232,0,232,1301.47,21.51,1
1404,DECODE,232,0,232,1302.47,21.58,1
1405,DECODE,232,0,232,1303.47,21.64,1
1406,DECODE,232,0,232,1304.47,21.61,1
1407,DECODE,232,0,232,1305.47,21.59,1
1408,DECODE,232,0,232,1306.47,21.60,1
1409,DECODE,232,0,232,1307.47,21.54,1
1410,DECODE,232,0,232,1308.47,21.59,1
1411,DECODE,232,0,232,1309.47,21.58,1
1412,DECODE,232,0,232,1310.47,21.59,1
1413,DECODE,232,0,232,1311.47,21.60,1
1414,DECODE,232,0,232,1312.47,21.60,1
1415,DECODE,232,0,232,1313.47,21.51,1
1416,DECODE,232,0,232,1314.47,21.58,1
1417,DECODE,232,0,232,1315.47,21.62,1
1418,DECODE,232,0,232,1316.47,21.38,1
1419,DECODE,232,0,232,1317.47,21.64,1
1420,DECODE,232,0,232,1318.47,21.60,1
1421,DECODE,232,0,232,1319.47,21.62,1
1422,DECODE,232,0,232,1320.47,21.56,1
1423,DECODE,232,0,232,1321.47,21.60,1
1424,DECODE,232,0,232,1322.47,21.72,1
1425,DECODE,232,0,232,1323.47,21.68,1
1426,DECODE,232,0,232,1324.47,21.66,1
1427,DECODE,232,0,232,1325.47,22.17,1
1428,DECODE,232,0,232,1326.47,21.70,1
1429,DECODE,232,0,232,1327.47,21.70,1
1430,DECODE,232,0,232,1328.47,21.91,1
1431,DECODE,232,0,232,1329.47,21.82,1
1432,DECODE,232,0,232,1330.47,21.70,1
1433,DECODE,232,0,232,1331.47,21.70,1
1434,DECODE,232,0,232,1332.47,21.61,1
1435,DECODE,232,0,232,1333.47,21.72,1
1436,DECODE,232,0,232,1334.47,21.20,1
1437,DECODE,232,0,232,1335.47,20.87,1
1438,DECODE,232,0,232,1336.47,20.83,1
1439,DECODE,232,0,232,1337.47,20.76,1
1440,DECODE,232,0,232,1338.47,20.85,1
1441,DECODE,232,0,232,1339.47,21.18,1
1442,DECODE,232,0,232,1340.47,20.93,1
1443,DECODE,232,0,232,1341.47,20.90,1
1444,DECODE,232,0,232,1342.47,21.01,1
1445,DECODE,232,0,232,1343.47,21.61,1
1446,DECODE,232,0,232,1344.47,21.21,1
1447,DECODE,232,0,232,1345.47,20.92,1
1448,DECODE,232,0,232,1346.47,20.89,1
1449,DECODE,232,0,232,1347.47,20.90,1
1450,DECODE,232,0,232,1348.47,20.90,1
1451,DECODE,232,0,232,1349.47,20.95,1
1452,DECODE,232,0,232,1350.47,20.93,1
1453,DECODE,231,0,231,1354.87,21.07,1
1454,DECODE,230,0,230,1359.30,22.99,1
1455,DECODE,229,0,229,1363.77,22.96,1
1456,DECODE,228,0,228,1368.26,22.60,1
1457,DECODE,228,0,228,1369.26,21.08,1
1458,DECODE,227,0,227,1373.81,22.71,1
1459,DECODE,226,0,226,1378.39,24.21,1
1460,DECODE,225,0,225,1383.00,21.07,1
1461,DECODE,224,0,224,1387.64,22.41,1
1462,DECODE,223,0,223,1392.42,23.92,1
1463,DECODE,222,0,222,1397.23,23.76,1
1464,DECODE,221,0,221,1402.07,22.46,1
1465,DECODE,221,0,221,1403.07,20.76,1
1466,DECODE,220,0,220,1407.95,20.87,1
1467,DECODE,219,0,219,1411.85,21.23,1
1468,DECODE,218,0,218,1415.79,20.83,1
1469,DECODE,218,0,218,1416.79,22.10,1
1470,DECODE,217,0,217,1416.22,22.26,1
1471,DECODE,217,0,217,1417.22,22.64,1
1472,DECODE,217,0,217,1418.22,20.87,1
1473,DECODE,217,0,217,1419.22,20.87,1
1474,DECODE,217,0,217,1420.22,20.83,1
1475,DECODE,217,0,217,1421.22,20.93,1
1476,DECODE,217,0,217,1422.22,20.93,1
1477,DECODE,216,0,216,1426.19,22.50,1
1478,DECODE,215,0,215,1430.18,20.75,1
1479,DECODE,215,0,215,1431.18,23.34,1
1480,DECODE,214,0,214,1435.42,21.13,1
1481,DECODE,214,0,214,1436.42,20.67,1
1482,DECODE,213,0,213,1440.50,20.77,1
1483,DECODE,213,0,213,1441.50,20.88,1
1484,DECODE,212,0,212,1445.80,20.89,1
1485,DECODE,212,0,212,1446.80,21.03,1
1486,DECODE,211,0,211,1451.28,20.88,1
1487,DECODE,210,0,210,1455.80,21.26,1
1488,DECODE,210,0,210,1456.80,20.77,1
1489,DECODE,209,0,209,1461.35,20.52,1
1490,DECODE,209,0,209,1462.35,20.72,1
1491,DECODE,208,0,208,1466.93,21.36,1
1492,DECODE,208,0,208,1467.93,20.29,1
1493,DECODE,207,0,207,1472.70,20.53,1
1494,DECODE,207,0,207,1473.70,20.50,1
1495,DECODE,206,0,206,1478.50,20.35,1
1496,DECODE,206,0,206,1479.50,20.46,1
1497,DECODE,205,0,205,1484.33,20.86,1
1498,DECODE,205,0,205,1485.33,20.57,1
1499,DECODE,204,0,204,1490.21,20.49,1
1500,DECODE,204,0,204,1491.21,20.56,1
1501,DECODE,203,0,203,1496.15,20.58,1
1502,DECODE,203,0,203,1497.15,21.24,1
1503,DECODE,202,0,202,1502.13,21.91,1
1504,DECODE,202,0,202,1503.13,21.66,1
1505,DECODE,201,0,201,1508.15,21.88,1
1506,DECODE,201,0,201,1509.15,21.54,1
1507,DECODE,200,0,200,1514.21,21.81,1
1508,DECODE,200,0,200,1515.21,21.37,1
1509,DECODE,199,0,199,1520.39,21.70,1
1510,DECODE,199,0,199,1521.39,21.36,1
1511,DECODE,198,0,198,1526.61,21.92,1
1512,DECODE,198,0,198,1527.61,21.13,1
1513,DECODE,197,0,197,1532.87,21.83,1
1514,DECODE,197,0,197,1533.87,21.09,1
1515,DECODE,196,0,196,1539.17,21.46,1
1516,DECODE,196,0,196,1540.17,22.20,1
1517,DECODE,195,0,195,1544.66,21.65,1
1518,DECODE,195,0,195,1545.66,21.30,1
1519,DECODE,195,0,195,1546.66,21.07,1
1520,DECODE,194,0,194,1551.18,21.36,1
1521,DECODE,194,0,194,1552.18,20.97,1
1522,DECODE,193,0,193,1556.73,22.18,1
1523,DECODE,193,0,193,1557.73,21.08,1
1524,DECODE,192,0,192,1562.51,24.86,1
1525,DECODE,192,0,192,1563.51,21.31,1
1526,DECODE,192,0,192,1564.51,20.90,1
1527,DECODE,191,0,191,1569.32,21.69,1
1528,DECODE,191,0,191,1570.32,20.66,1
1529,DECODE,190,0,190,1575.17,21.58,1
1530,DECODE,190,0,190,1576.17,21.28,1
1531,DECODE,189,0,189,1581.10,21.35,1
1532,DECODE,189,0,189,1582.10,22.42,1
1533,DECODE,189,0,189,1583.10,21.21,1
1534,DECODE,188,0,188,1588.06,22.11,1
1535,DECODE,188,0,188,1589.06,21.12,1
1536,DECODE,187,0,187,1594.06,21.26,1
1537,DECODE,187,0,187,1595.06,21.27,1
1538,DECODE,187,0,187,1596.06,21.28,1
1539,DECODE,186,0,186,1601.11,21.76,1
1540,DECODE,186,0,186,1602.11,21.65,1
1541,DECODE,186,0,186,1603.11,21.54,1
1542,DECODE,185,0,185,1608.24,22.30,1
1543,DECODE,185,0,185,1609.24,21.80,1
1544,DECODE,185,0,185,1610.24,21.62,1
1545,DECODE,185,0,185,1611.24,21.46,1
1546,DECODE,184,0,184,1616.52,24.35,1
1547,DECODE,184,0,184,1617.52,20.63,1
1548,DECODE,183,0,183,1622.85,21.10,1
1549,DECODE,183,0,183,1623.85,20.59,1
1550,DECODE,183,0,183,1624.85,20.56,1
1551,DECODE,182,0,182,1630.23,20.90,1
1552,DECODE,182,0,182,1631.23,20.59,1
1553,DECODE,181,0,181,1636.66,21.02,1
1554,DECODE,181,0,181,1637.66,20.58,1
1555,DECODE,181,0,181,1638.66,20.61,1
1556,DECODE,180,0,180,1644.22,21.00,1
1557,DECODE,180,0,180,1645.22,20.58,1
1558,DECODE,180,0,180,1646.22,20.21,1
1559,DECODE,179,0,179,1651.83,20.44,1
1560,DECODE,179,0,179,1652.83,20.39,1
1561,DECODE,179,0,179,1653.83,20.39,1
1562,DECODE,178,0,178,1659.49,21.03,1
1563,DECODE,178,0,178,1660.49,20.77,1
1564,DECODE,177,0,177,1666.20,21.12,1
1565,DECODE,177,0,177,1667.20,20.83,1
1566,DECODE,177,0,177,1668.20,20.51,1
1567,DECODE,176,0,176,1674.06,21.07,1
1568,DECODE,176,0,176,1675.06,21.16,1
1569,DECODE,176,0,176,1676.06,20.66,1
1570,DECODE,175,0,175,1682.01,21.41,1
1571,DECODE,175,0,175,1683.01,20.54,1
1572,DECODE,175,0,175,1684.01,20.69,1
1573,DECODE,174,0,174,1690.01,21.35,1
1574,DECODE,174,0,174,1691.01,20.75,1
1575,DECODE,174,0,174,1692.01,20.67,1
1576,DECODE,173,0,173,1698.23,21.04,1
1577,DECODE,173,0,173,1699.23,20.20,1
1578,DECODE,173,0,173,1700.23,20.47,1
1579,DECODE,172,0,172,1706.51,21.30,1
1580,DECODE,172,0,172,1707.51,20.82,1
1581,DECODE,172,0,172,1708.51,20.69,1
1582,DECODE,171,0,171,1714.85,20.99,1
1583,DECODE,171,0,171,1715.85,20.74,1
1584,DECODE,171,0,171,1716.85,20.73,1
1585,DECODE,170,0,170,1723.25,21.24,1
1586,DECODE,170,0,170,1724.25,20.67,1
1587,DECODE,170,0,170,1725.25,19.59,1
1588,DECODE,169,0,169,1727.60,20.90,1
1589,DECODE,169,0,169,1728.60,20.35,1
1590,DECODE,169,0,169,1729.60,20.01,1
1591,DECODE,169,0,169,1730.60,19.99,1
1592,DECODE,169,0,169,1731.60,19.90,1
1593,DECODE,169,0,169,1732.60,20.66,1
1594,DECODE,168,0,168,1734.96,21.15,1
1595,DECODE,168,0,168,1735.96,19.49,1
1596,DECODE,168,0,168,1736.96,19.72,1
1597,DECODE,168,0,168,1737.96,19.36,1
1598,DECODE,168,0,168,1738.96,19.90,1
1599,DECODE,168,0,168,1739.96,19.29,1
1600,DECODE,167,0,167,1742.34,19.40,1
1601,DECODE,167,0,167,1743.34,19.68,1
1602,DECODE,167,0,167,1744.34,19.38,1
1603,DECODE,167,0,167,1745.34,19.36,1
1604,DECODE,167,0,167,1746.34,20.08,1
1605,DECODE,167,0,167,1747.34,19.44,1
1606,DECODE,167,0,167,1748.34,19.45,1
1607,DECODE,166,0,166,1750.73,19.37,1
1608,DECODE,166,0,166,1751.73,19.26,1
1609,DECODE,166,0,166,1752.73,19.38,1
1610,DECODE,166,0,166,1753.73,19.69,1
1611,DECODE,166,0,166,1754.73,19.40,1
1612,DECODE,166,0,166,1755.73,19.38,1
1613,DECODE,165,0,165,1758.14,19.81,1
1614,DECODE,165,0,165,1759.14,19.45,1
1615,DECODE,165,0,165,1760.14,20.45,1
1616,DECODE,165,0,165,1761.14,20.42,1
1617,DECODE,165,0,165,1762.14,20.58,1
1618,DECODE,165,0,165,1763.14,20.15,1
1619,DECODE,165,0,165,1764.14,19.36,1
1620,DECODE,164,0,164,1766.57,19.54,1
1621,DECODE,164,0,164,1767.57,19.59,1
1622,DECODE,164,0,164,1768.57,20.52,1
1623,DECODE,164,0,164,1769.57,20.54,1
1624,DECODE,164,0,164,1770.57,20.27,1
1625,DECODE,164,0,164,1771.57,20.35,1
1626,DECODE,164,0,164,1772.57,20.28,1
1627,DECODE,163,0,163,1775.01,19.48,1
1628,DECODE,163,0,163,1776.01,19.60,1
1629,DECODE,162,0,162,1778.80,19.49,1
1630,DECODE,162,0,162,1779.80,19.77,1
1631,DECODE,162,0,162,1780.80,19.68,1
1632,DECODE,162,0,162,1781.80,19.61,1
1633,DECODE,162,0,162,1782.80,19.99,1
1634,DECODE,162,0,162,1783.80,19.61,1
1635,DECODE,162,0,162,1784.80,19.70,1
1636,DECODE,162,0,162,1785.80,19.59,1
1637,DECODE,162,0,162,1786.80,20.51,1
1638,DECODE,162,0,162,1787.80,19.52,1
1639,DECODE,162,0,162,1788.80,19.53,1
1640,DECODE,161,0,161,1791.29,19.80,1
1641,DECODE,161,0,161,1792.29,19.77,1
1642,DECODE,161,0,161,1793.29,19.72,1
1643,DECODE,161,0,161,1794.29,19.71,1
1644,DECODE,161,0,161,1795.29,19.70,1
1645,DECODE,161,0,161,1796.29,19.65,1
1646,DECODE,161,0,161,1797.29,20.32,1
1647,DECODE,161,0,161,1798.29,19.58,1
1648,DECODE,161,0,161,1799.29,19.63,1
1649,DECODE,160,0,160,1801.90,21.69,1
1650,DECODE,160,0,160,1802.90,19.61,1
1651,DECODE,160,0,160,1803.90,19.61,1
1652,DECODE,160,0,160,1804.90,19.95,1
1653,DECODE,160,0,160,1805.90,19.85,1
1654,DECODE,160,0,160,1806.90,19.71,1
1655,DECODE,160,0,160,1807.90,19.60,1
1656,DECODE,159,0,159,1810.53,19.80,1
1657,DECODE,159,0,159,1811.53,19.74,1
1658,DECODE,159,0,159,1812.53,19.68,1
1659,DECODE,159,0,159,1813.53,19.66,1
1660,DECODE,159,0,159,1814.53,19.69,1
1661,DECODE,159,0,159,1815.53,19.66,1
1662,DECODE,159,0,159,1816.53,19.64,1
1663,DECODE,158,0,158,1819.19,19.76,1
1664,DECODE,158,0,158,1820.19,19.89,1
1665,DECODE,158,0,158,1821.19,19.88,1
1666,DECODE,158,0,158,1822.19,19.97,1
1667,DECODE,158,0,158,1823.19,19.78,1
1668,DECODE,158,0,158,1824.19,19.86,1
1669,DECODE,158,0,158,1825.19,19.67,1
1670,DECODE,157,0,157,1827.87,20.27,1
1671,DECODE,157,0,157,1828.87,20.01,1
1672,DECODE,157,0,157,1829.87,19.44,1
1673,DECODE,157,0,157,1830.87,19.45,1
1674,DECODE,157,0,157,1831.87,19.44,1
1675,DECODE,157,0,157,1832.87,19.50,1
1676,DECODE,157,0,157,1833.87,19.50,1
1677,DECODE,156,0,156,1836.56,19.60,1
1678,DECODE,156,0,156,1837.56,19.45,1
1679,DECODE,156,0,156,1838.56,20.29,1
1680,DECODE,156,0,156,1839.56,20.28,1
1681,DECODE,156,0,156,1840.56,20.30,1
1682,DECODE,156,0,156,1841.56,20.30,1
1683,DECODE,156,0,156,1842.56,20.31,1
1684,DECODE,156,0,156,1843.56,20.34,1
1685,DECODE,156,0,156,1844.56,20.31,1
1686,DECODE,155,0,155,1847.51,20.70,1
1687,DECODE,155,0,155,1848.51,20.42,1
1688,DECODE,155,0,155,1849.51,20.29,1
1689,DECODE,155,0,155,1850.51,20.32,1
1690,DECODE,155,0,155,1851.51,20.24,1
1691,DECODE,155,0,155,1852.51,20.32,1
1692,DECODE,155,0,155,1853.51,20.32,1
1693,DECODE,154,0,154,1856.48,19.65,1
1694,DECODE,154,0,154,1857.48,20.49,1
1695,DECODE,154,0,154,1858.48,20.22,1
1696,DECODE,154,0,154,1859.48,20.25,1
1697,DECODE,154,0,154,1860.48,20.32,1
1698,DECODE,154,0,154,1861.48,20.27,1
1699,DECODE,154,0,154,1862.48,20.32,1
1700,DECODE,154,0,154,1863.48,20.32,1
1701,DECODE,153,0,153,1866.48,20.79,1
1702,DECODE,153,0,153,1867.48,20.49,1
1703,DECODE,153,0,153,1868.48,19.53,1
1704,DECODE,153,0,153,1869.48,20.28,1
1705,DECODE,153,0,153,1870.48,20.24,1
1706,DECODE,153,0,153,1871.48,20.30,1
1707,DECODE,153,0,153,1872.48,20.29,1
1708,DECODE,153,0,153,1873.48,20.23,1
1709,DECODE,152,0,152,1876.50,22.20,1
1710,DECODE,152,0,152,1877.50,20.11,1
1711,DECODE,152,0,152,1878.50,20.13,1
1712,DECODE,152,0,152,1879.50,20.00,1
1713,DECODE,152,0,152,1880.50,20.06,1
1714,DECODE,152,0,152,1881.50,19.98,1
1715,DECODE,152,0,152,1882.50,20.06,1
1716,DECODE,152,0,152,1883.50,20.17,1
1717,DECODE,151,0,151,1886.76,19.69,1
1718,DECODE,151,0,151,1887.76,20.08,1
1719,DECODE,151,0,151,1888.76,20.05,1
1720,DECODE,151,0,151,1889.76,20.14,1
1721,DECODE,151,0,151,1890.76,20.01,1
1722,DECODE,151,0,151,1891.76,20.61,1
1723,DECODE,151,0,151,1892.76,20.11,1
1724,DECODE,150,0,150,1896.05,20.10,1
1725,DECODE,150,0,150,1897.05,20.02,1
1726,DECODE,150,0,150,1898.05,19.48,1
1727,DECODE,150,0,150,1899.05,19.14,1
1728,DECODE,150,0,150,1900.05,19.26,1
1729,DECODE,150,0,150,1901.05,19.28,1
1730,DECODE,150,0,150,1902.05,19.33,1
1731,DECODE,150,0,150,1903.05,19.31,1
1732,DECODE,149,0,149,1906.38,19.29,1
1733,DECODE,149,0,149,1907.38,19.14,1
1734,DECODE,149,0,149,1908.38,19.25,1
1735,DECODE,149,0,149,1909.38,19.22,1
1736,DECODE,149,0,149,1910.38,19.69,1
1737,DECODE,149,0,149,1911.38,19.33,1
1738,DECODE,149,0,149,1912.38,19.33,1
1739,DECODE,149,0,149,1913.38,20.15,1
1740,DECODE,149,0,149,1914.38,20.10,1
1741,DECODE,148,0,148,1917.73,20.70,1
1742,DECODE,148,0,148,1918.73,20.33,1
1743,DECODE,148,0,148,1919.73,20.25,1
1744,DECODE,148,0,148,1920.73,20.24,1
1745,DECODE,148,0,148,1921.73,19.35,1
1746,DECODE,148,0,148,1922.73,19.18,1
1747,DECODE,148,0,148,1923.73,19.26,1
1748,DECODE,148,0,148,1924.73,19.29,1
1749,DECODE,147,0,147,1928.21,19.22,1
1750,DECODE,147,0,147,1929.21,20.28,1
1751,DECODE,147,0,147,1930.21,20.22,1
1752,DECODE,147,0,147,1931.21,20.14,1
1753,DECODE,147,0,147,1932.21,20.18,1
1754,DECODE,147,0,147,1933.21,20.84,1
1755,DECODE,147,0,147,1934.21,20.18,1
1756,DECODE,147,0,147,1935.21,20.32,1
1757,DECODE,146,0,146,1938.73,19.60,1
1758,DECODE,146,0,146,1939.73,19.48,1
1759,DECODE,146,0,146,1940.73,19.41,1
1760,DECODE,146,0,146,1941.73,19.48,1
1761,DECODE,146,0,146,1942.73,19.41,1
1762,DECODE,146,0,146,1943.73,19.48,1
1763,DECODE,146,0,146,1944.73,19.52,1
1764,DECODE,146,0,146,1945.73,19.54,1
1765,DECODE,146,0,146,1946.73,19.44,1
1766,DECODE,145,0,145,1950.28,19.72,1
1767,DECODE,145,0,145,1951.28,20.26,1
1768,DECODE,145,0,145,1952.28,20.23,1
1769,DECODE,145,0,145,1953.28,20.23,1
1770,DECODE,145,0,145,1954.28,20.36,1
1771,DECODE,145,0,145,1955.28,20.37,1
1772,DECODE,145,0,145,1956.28,20.38,1
1773,DECODE,145,0,145,1957.28,19.41,1
1774,DECODE,144,0,144,1960.86,21.02,1
1775,DECODE,144,0,144,1961.86,19.63,1
1776,DECODE,144,0,144,1962.86,20.61,1
1777,DECODE,144,0,144,1963.86,20.23,1
1778,DECODE,144,0,144,1964.86,20.17,1
1779,DECODE,144,0,144,1965.86,20.33,1
1780,DECODE,144,0,144,1966.86,20.20,1
1781,DECODE,144,0,144,1967.86,20.35,1
1782,DECODE,144,0,144,1968.86,20.22,1
1783,DECODE,144,0,144,1969.86,20.60,1
1784,DECODE,143,0,143,1969.83,20.45,1
1785,DECODE,143,0,143,1970.83,20.76,1
1786,DECODE,143,0,143,1971.83,20.32,1
1787,DECODE,143,0,143,1972.83,20.35,1
1788,DECODE,143,0,143,1973.83,20.22,1
1789,DECODE,143,0,143,1974.83,20.34,1
1790,DECODE,143,0,143,1975.83,20.43,1
1791,DECODE,143,0,143,1976.83,20.36,1
1792,DECODE,143,0,143,1977.83,20.38,1
1793,DECODE,143,0,143,1978.83,20.39,1
1794,DECODE,143,0,143,1979.83,20.66,1
1795,DECODE,143,0,143,1980.83,20.43,1
1796,DECODE,142,0,142,1984.46,21.34,1
1797,DECODE,142,0,142,1985.46,20.50,1
1798,DECODE,142,0,142,1986.46,20.30,1
1799,DECODE,142,0,142,1987.46,20.71,1
1800,DECODE,142,0,142,1988.46,20.31,1
1801,DECODE,142,0,142,1989.46,21.26,1
1802,DECODE,142,0,142,1990.46,20.26,1
1803,DECODE,142,0,142,1991.46,20.65,1
1804,DECODE,142,0,142,1992.46,20.44,1
1805,DECODE,141,0,141,1996.14,21.36,1
1806,DECODE,141,0,141,1997.14,20.56,1
1807,DECODE,141,0,141,1998.14,20.35,1
1808,DECODE,141,0,141,1999.14,20.33,1
1809,DECODE,141,0,141,2000.14,20.30,1
1810,DECODE,141,0,141,2001.14,20.74,1
1811,DECODE,141,0,141,2002.14,20.42,1
1812,DECODE,141,0,141,2003.14,20.43,1
1813,DECODE,141,0,141,2004.14,20.22,1
1814,DECODE,140,0,140,2007.86,20.29,1
1815,DECODE,140,0,140,2008.86,20.74,1
1816,DECODE,140,0,140,2009.86,20.35,1
1817,DECODE,140,0,140,2010.86,20.38,1
1818,DECODE,140,0,140,2011.86,20.36,1
1819,DECODE,140,0,140,2012.86,20.22,1
1820,DECODE,140,0,140,2013.86,20.48,1
1821,DECODE,140,0,140,2014.86,20.33,1
1822,DECODE,140,0,140,2015.86,20.40,1
1823,DECODE,139,0,139,2019.61,21.18,1
1824,DECODE,139,0,139,2020.61,20.02,1
1825,DECODE,139,0,139,2021.61,20.49,1
1826,DECODE,139,0,139,2022.61,20.38,1
1827,DECODE,139,0,139,2023.61,20.43,1
1828,DECODE,139,0,139,2024.61,20.39,1
1829,DECODE,139,0,139,2025.61,20.40,1
1830,DECODE,139,0,139,2026.61,19.32,1
1831,DECODE,139,0,139,2027.61,20.55,1
1832,DECODE,139,0,139,2028.61,19.87,1
1833,DECODE,138,0,138,2032.41,20.67,1
1834,DECODE,138,0,138,2033.41,20.49,1
1835,DECODE,138,0,138,2034.41,19.55,1
1836,DECODE,138,0,138,2035.41,19.39,1
1837,DECODE,138,0,138,2036.41,19.51,1
1838,DECODE,138,0,138,2037.41,19.79,1
1839,DECODE,138,0,138,2038.41,19.53,1
1840,DECODE,138,0,138,2039.41,19.72,1
1841,DECODE,138,0,138,2040.41,19.51,1
1842,DECODE,137,0,137,2044.24,20.54,1
1843,DECODE,137,0,137,2045.24,19.38,1
1844,DECODE,137,0,137,2046.24,19.63,1
1845,DECODE,137,0,137,2047.24,19.58,1
1846,DECODE,137,0,137,2048.24,20.06,1
1847,DECODE,137,0,137,2049.24,20.78,1
1848,DECODE,137,0,137,2050.24,20.48,1
1849,DECODE,137,0,137,2051.24,20.56,1
1850,DECODE,137,0,137,2052.24,20.24,1
1851,DECODE,137,0,137,2053.24,20.46,1
1852,DECODE,136,0,136,2057.12,23.74,1
1853,DECODE,136,0,136,2058.12,20.30,1
1854,DECODE,136,0,136,2059.12,20.08,1
1855,DECODE,136,0,136,2060.12,20.37,1
1856,DECODE,136,0,136,2061.12,20.30,1
1857,DECODE,136,0,136,2062.12,20.10,1
1858,DECODE,136,0,136,2063.12,20.14,1
1859,DECODE,136,0,136,2064.12,20.09,1
1860,DECODE,136,0,136,2065.12,20.11,1
1861,DECODE,136,0,136,2066.12,20.15,1
1862,DECODE,135,0,135,2070.04,20.65,1
1863,DECODE,135,0,135,2071.04,20.16,1
1864,DECODE,135,0,135,2072.04,19.52,1
1865,DECODE,135,0,135,2073.04,20.04,1
1866,DECODE,135,0,135,2074.04,20.08,1
1867,DECODE,135,0,135,2075.04,19.95,1
1868,DECODE,135,0,135,2076.04,20.06,1
1869,DECODE,135,0,135,2077.04,20.12,1
1870,DECODE,135,0,135,2078.04,20.05,1
1871,DECODE,135,0,135,2079.04,19.89,1
1872,DECODE,134,0,134,2083.08,20.50,1
1873,DECODE,134,0,134,2084.08,20.11,1
1874,DECODE,134,0,134,2085.08,20.00,1
1875,DECODE,134,0,134,2086.08,20.06,1
1876,DECODE,134,0,134,2087.08,20.11,1
1877,DECODE,134,0,134,2088.08,19.87,1
1878,DECODE,134,0,134,2089.08,20.02,1
1879,DECODE,134,0,134,2090.08,20.13,1
1880,DECODE,134,0,134,2091.08,20.06,1
1881,DECODE,134,0,134,2092.08,20.15,1
1882,DECODE,133,0,133,2096.17,20.54,1
1883,DECODE,133,0,133,2097.17,20.24,1
1884,DECODE,133,0,133,2098.17,20.00,1
1885,DECODE,133,0,133,2099.17,20.05,1
1886,DECODE,133,0,133,2100.17,20.00,1
1887,DECODE,133,0,133,2101.17,20.04,1
1888,DECODE,133,0,133,2102.17,20.05,1
1889,DECODE,133,0,133,2103.17,20.04,1
1890,DECODE,133,0,133,2104.17,19.36,1
1891,DECODE,133,0,133,2105.17,19.44,1
1892,DECODE,132,0,132,2109.31,18.28,1
1893,DECODE,132,0,132,2110.31,18.34,1
1894,DECODE,132,0,132,2111.31,18.33,1
1895,DECODE,132,0,132,2112.31,19.26,1
1896,DECODE,132,0,132,2113.31,18.41,1
1897,DECODE,132,0,132,2114.31,18.45,1
1898,DECODE,132,0,132,2115.31,18.41,1
1899,DECODE,132,0,132,2116.31,18.42,1
1900,DECODE,132,0,132,2117.31,18.41,1
1901,DECODE,132,0,132,2118.31,18.50,1
1902,DECODE,131,0,131,2122.50,18.51,1
1903,DECODE,131,0,131,2123.50,18.46,1
1904,DECODE,131,0,131,2124.50,18.42,1
1905,DECODE,131,0,131,2125.50,18.45,1
1906,DECODE,131,0,131,2126.50,18.47,1
1907,DECODE,131,0,131,2127.50,18.15,1
1908,DECODE,131,0,131,2128.50,18.48,1
1909,DECODE,131,0,131,2129.50,18.45,1
1910,DECODE,131,0,131,2130.50,18.58,1
1911,DECODE,131,0,131,2131.50,18.81,1
1912,DECODE,131,0,131,2132.50,18.43,1
1913,DECODE,130,0,130,2136.73,18.11,1
1914,DECODE,130,0,130,2137.73,18.44,1
1915,DECODE,130,0,130,2138.73,18.42,1
1916,DECODE,130,0,130,2139.73,18.44,1
1917,DECODE,130,0,130,2140.73,18.54,1
1918,DECODE,130,0,130,2141.73,18.47,1
1919,DECODE,130,0,130,2142.73,18.50,1
1920,DECODE,130,0,130,2143.73,18.78,1
1921,DECODE,130,0,130,2144.73,18.49,1
1922,DECODE,130,0,130,2145.73,18.44,1
1923,DECODE,130,0,130,2146.73,18.36,1
1924,DECODE,129,0,129,2151.02,18.13,1
1925,DECODE,129,0,129,2152.02,19.12,1
1926,DECODE,129,0,129,2153.02,18.26,1
1927,DECODE,129,0,129,2154.02,18.44,1
1928,DECODE,129,0,129,2155.02,18.47,1
1929,DECODE,129,0,129,2156.02,18.18,1
1930,DECODE,129,0,129,2157.02,18.36,1
1931,DECODE,129,0,129,2158.02,18.37,1
1932,DECODE,129,0,129,2159.02,18.36,1
1933,DECODE,129,0,129,2160.02,19.20,1
1934,DECODE,128,0,128,2164.35,22.44,1
1935,DECODE,128,0,128,2165.35,18.96,1
1936,DECODE,128,0,128,2166.35,18.81,1
1937,DECODE,128,0,128,2167.35,18.90,1
1938,DECODE,128,0,128,2168.35,18.94,1
1939,DECODE,128,0,128,2169.35,18.81,1
1940,DECODE,128,0,128,2170.35,18.87,1
1941,DECODE,128,0,128,2171.35,18.68,1
1942,DECODE,128,0,128,2172.35,18.68,1
1943,DECODE,128,0,128,2173.35,18.84,1
1944,DECODE,127,0,127,2173.39,19.30,1
1945,DECODE,127,0,127,2174.39,18.81,1
1946,DECODE,127,0,127,2175.39,18.94,1
1947,DECODE,127,0,127,2176.39,18.89,1
1948,DECODE,127,0,127,2177.39,18.85,1
1949,DECODE,127,0,127,2178.39,18.83,1
1950,DECODE,127,0,127,2179.39,18.93,1
1951,DECODE,127,0,127,2180.39,18.90,1
1952,DECODE,127,0,127,2181.39,18.96,1
1953,DECODE,127,0,127,2182.39,18.92,1
1954,DECODE,127,0,127,2183.39,18.75,1
1955,DECODE,127,0,127,2184.39,18.91,1
1956,DECODE,127,0,127,2185.39,18.14,1
1957,DECODE,127,0,127,2186.39,18.94,1
1958,DECODE,127,0,127,2187.39,18.75,1
1959,DECODE,127,0,127,2188.39,18.93,1
1960,DECODE,127,0,127,2189.39,18.90,1
1961,DECODE,126,0,126,2193.79,19.38,1
1962,DECODE,126,0,126,2194.79,19.10,1
1963,DECODE,126,0,126,2195.79,19.04,1
1964,DECODE,126,0,126,2196.79,19.05,1
1965,DECODE,126,0,126,2197.79,19.13,1
1966,DECODE,126,0,126,2198.79,19.01,1
1967,DECODE,126,0,126,2199.79,18.91,1
1968,DECODE,126,0,126,2200.79,19.01,1
1969,DECODE,126,0,126,2201.79,19.02,1
1970,DECODE,126,0,126,2202.79,18.94,1
1971,DECODE,126,0,126,2203.79,18.96,1
1972,DECODE,126,0,126,2204.79,18.85,1
1973,DECODE,125,0,125,2209.30,19.46,1
1974,DECODE,125,0,125,2210.30,19.10,1
1975,DECODE,125,0,125,2211.30,18.83,1
1976,DECODE,125,0,125,2212.30,18.83,1
1977,DECODE,125,0,125,2213.30,19.02,1
1978,DECODE,125,0,125,2214.30,18.90,1
1979,DECODE,125,0,125,2215.30,19.68,1
1980,DECODE,125,0,125,2216.30,18.75,1
1981,DECODE,125,0,125,2217.30,18.84,1
1982,DECODE,125,0,125,2218.30,18.86,1
1983,DECODE,125,0,125,2219.30,18.93,1
1984,DECODE,125,0,125,2220.30,18.92,1
1985,DECODE,124,0,124,2224.85,19.39,1
1986,DECODE,124,0,124,2225.85,19.12,1
1987,DECODE,124,0,124,2226.85,18.91,1
1988,DECODE,124,0,124,2227.85,18.95,1
1989,DECODE,124,0,124,2228.85,18.86,1
1990,DECODE,124,0,124,2229.85,19.00,1
1991,DECODE,124,0,124,2230.85,18.94,1
1992,DECODE,124,0,124,2231.85,18.97,1
1993,DECODE,124,0,124,2232.85,18.95,1
1994,DECODE,124,0,124,2233.85,18.96,1
1995,DECODE,124,0,124,2234.85,18.91,1
1996,DECODE,123,0,123,2239.47,19.48,1
1997,DECODE,123,0,123,2240.47,19.06,1
1998,DECODE,123,0,123,2241.47,18.85,1
1999,DECODE,123,0,123,2242.47,18.86,1
2000,DECODE,123,0,123,2243.47,18.92,1
2001,DECODE,123,0,123,2244.47,18.94,1
2002,DECODE,123,0,123,2245.47,19.01,1
2003,DECODE,123,0,123,2246.47,18.98,1
2004,DECODE,123,0,123,2247.47,18.98,1
2005,DECODE,123,0,123,2248.47,18.93,1
2006,DECODE,123,0,123,2249.47,18.96,1
2007,DECODE,123,0,123,2250.47,18.98,1
2008,DECODE,122,0,122,2255.19,19.40,1
2009,DECODE,122,0,122,2256.19,19.04,1
2010,DECODE,122,0,122,2257.19,18.98,1
2011,DECODE,122,0,122,2258.19,19.77,1
2012,DECODE,122,0,122,2259.19,18.99,1
2013,DECODE,122,0,122,2260.19,18.89,1
2014,DECODE,122,0,122,2261.19,18.98,1
2015,DECODE,122,0,122,2262.19,18.85,1
2016,DECODE,122,0,122,2263.19,19.11,1
2017,DECODE,122,0,122,2264.19,19.20,1
2018,DECODE,122,0,122,2265.19,18.98,1
2019,DECODE,122,0,122,2266.19,18.95,1
2020,DECODE,122,0,122,2267.19,19.00,1
2021,DECODE,121,0,121,2271.97,18.60,1
2022,DECODE,121,0,121,2272.97,19.13,1
2023,DECODE,121,0,121,2273.97,18.96,1
2024,DECODE,121,0,121,2274.97,18.82,1
2025,DECODE,121,0,121,2275.97,18.92,1
2026,DECODE,121,0,121,2276.97,19.04,1
2027,DECODE,121,0,121,2277.97,18.95,1
2028,DECODE,121,0,121,2278.97,18.46,1
2029,DECODE,121,0,121,2279.97,18.73,1
2030,DECODE,121,0,121,2280.97,18.19,1
2031,DECODE,121,0,121,2281.97,18.13,1
2032,DECODE,121,0,121,2282.97,18.15,1
2033,DECODE,121,0,121,2283.97,18.15,1
2034,DECODE,120,0,120,2288.81,20.92,1
2035,DECODE,120,0,120,2289.81,17.99,1
2036,DECODE,120,0,120,2290.81,18.07,1
2037,DECODE,120,0,120,2291.81,18.07,1
2038,DECODE,120,0,120,2292.81,18.05,1
2039,DECODE,120,0,120,2293.81,18.77,1
2040,DECODE,120,0,120,2294.81,18.07,1
2041,DECODE,120,0,120,2295.81,18.20,1
2042,DECODE,120,0,120,2296.81,17.77,1
2043,DECODE,120,0,120,2297.81,18.89,1
2044,DECODE,120,0,120,2298.81,19.04,1
2045,DECODE,120,0,120,2299.81,18.91,1
2046,DECODE,119,0,119,2304.71,19.59,1
2047,DECODE,119,0,119,2305.71,19.02,1
2048,DECODE,119,0,119,2306.71,19.06,1
2049,DECODE,119,0,119,2307.71,18.89,1
2050,DECODE,119,0,119,2308.71,19.19,1
2051,DECODE,119,0,119,2309.71,18.81,1
2052,DECODE,119,0,119,2310.71,19.02,1
2053,DECODE,119,0,119,2311.71,19.02,1
2054,DECODE,119,0,119,2312.71,18.97,1
2055,DECODE,119,0,119,2313.71,18.81,1
2056,DECODE,119,0,119,2314.71,19.06,1
2057,DECODE,119,0,119,2315.71,18.95,1
2058,DECODE,119,0,119,2316.71,19.01,1
2059,DECODE,118,0,118,2321.69,19.23,1
2060,DECODE,118,0,118,2322.69,19.04,1
2061,DECODE,118,0,118,2323.69,18.69,1
2062,DECODE,118,0,118,2324.69,18.92,1
2063,DECODE,118,0,118,2325.69,18.99,1
2064,DECODE,118,0,118,2326.69,18.90,1
2065,DECODE,118,0,118,2327.69,18.96,1
2066,DECODE,118,0,118,2328.69,18.81,1
2067,DECODE,118,0,118,2329.69,19.13,1
2068,DECODE,118,0,118,2330.69,18.88,1
2069,DECODE,118,0,118,2331.69,18.94,1
2070,DECODE,118,0,118,2332.69,18.79,1
2071,DECODE,118,0,118,2333.69,19.29,1
2072,DECODE,117,0,117,2338.73,20.35,1
2073,DECODE,117,0,117,2339.73,19.10,1
2074,DECODE,117,0,117,2340.73,18.68,1
2075,DECODE,117,0,117,2341.73,19.06,1
2076,DECODE,117,0,117,2342.73,18.80,1
2077,DECODE,117,0,117,2343.73,19.06,1
2078,DECODE,117,0,117,2344.73,18.78,1
2079,DECODE,117,0,117,2345.73,19.08,1
2080,DECODE,117,0,117,2346.73,18.87,1
2081,DECODE,117,0,117,2347.73,19.06,1
2082,DECODE,117,0,117,2348.73,18.82,1
2083,DECODE,117,0,117,2349.73,19.10,1
2084,DECODE,117,0,117,2350.73,18.87,1
2085,DECODE,117,0,117,2351.73,19.92,1
2086,DECODE,116,0,116,2356.88,19.59,1
2087,DECODE,116,0,116,2357.88,19.11,1
2088,DECODE,116,0,116,2358.88,18.82,1
2089,DECODE,116,0,116,2359.88,19.02,1
2090,DECODE,116,0,116,2360.88,18.80,1
2091,DECODE,116,0,116,2361.88,18.95,1
2092,DECODE,116,0,116,2362.88,18.92,1
2093,DECODE,116,0,116,2363.88,18.89,1
2094,DECODE,116,0,116,2364.88,18.87,1
2095,DECODE,116,0,116,2365.88,18.97,1
2096,DECODE,116,0,116,2366.88,18.90,1
2097,DECODE,116,0,116,2367.88,18.92,1
2098,DECODE,116,0,116,2368.88,18.95,1
2099,DECODE,116,0,116,2369.88,19.03,1
2100,DECODE,115,0,115,2375.10,19.55,1
2101,DECODE,115,0,115,2376.10,19.13,1
2102,DECODE,115,0,115,2377.10,18.87,1
2103,DECODE,115,0,115,2378.10,18.88,1
2104,DECODE,115,0,115,2379.10,19.14,1
2105,DECODE,115,0,115,2380.10,19.07,1
2106,DECODE,115,0,115,2381.10,18.91,1
2107,DECODE,115,0,115,2382.10,19.03,1
2108,DECODE,115,0,115,2383.10,19.01,1
2109,DECODE,115,0,115,2384.10,19.00,1
2110,DECODE,115,0,115,2385.10,18.94,1
2111,DECODE,115,0,115,2386.10,18.90,1
2112,DECODE,115,0,115,2387.10,18.96,1
2113,DECODE,114,0,114,2392.40,21.19,1
2114,DECODE,114,0,114,2393.40,19.13,1
2115,DECODE,114,0,114,2394.40,18.98,1
2116,DECODE,114,0,114,2395.40,18.95,1
2117,DECODE,114,0,114,2396.40,18.99,1
2118,DECODE,114,0,114,2397.40,18.97,1
2119,DECODE,114,0,114,2398.40,18.97,1
2120,DECODE,114,0,114,2399.40,18.92,1
2121,DECODE,114,0,114,2400.40,18.98,1
2122,DECODE,114,0,114,2401.40,19.02,1
2123,DECODE,114,0,114,2402.40,18.99,1
2124,DECODE,114,0,114,2403.40,19.04,1
2125,DECODE,114,0,114,2404.40,18.95,1
2126,DECODE,114,0,114,2405.40,19.00,1
2127,DECODE,113,0,113,2410.78,19.69,1
2128,DECODE,113,0,113,2411.78,19.05,1
2129,DECODE,113,0,113,2412.78,18.93,1
2130,DECODE,113,0,113,2413.78,20.37,1
2131,DECODE,113,0,113,2414.78,18.89,1
2132,DECODE,113,0,113,2415.78,18.92,1
2133,DECODE,113,0,113,2416.78,18.91,1
2134,DECODE,113,0,113,2417.78,18.99,1
2135,DECODE,113,0,113,2418.78,19.25,1
2136,DECODE,113,0,113,2419.78,19.03,1
2137,DECODE,113,0,113,2420.78,19.03,1
2138,DECODE,113,0,113,2421.78,18.94,1
2139,DECODE,113,0,113,2422.78,18.97,1
2140,DECODE,113,0,113,2423.78,18.10,1
2141,DECODE,113,0,113,2424.78,18.07,1
2142,DECODE,112,0,112,2430.32,18.78,1
2143,DECODE,112,0,112,2431.32,18.76,1
2144,DECODE,112,0,112,2432.32,18.50,1
2145,DECODE,112,0,112,2433.32,18.52,1
2146,DECODE,112,0,112,2434.32,18.61,1
2147,DECODE,112,0,112,2435.32,18.50,1
2148,DECODE,112,0,112,2436.32,18.53,1
2149,DECODE,112,0,112,2437.32,18.02,1
2150,DECODE,112,0,112,2438.32,18.07,1
2151,DECODE,112,0,112,2439.32,18.13,1
2152,DECODE,112,0,112,2440.32,18.21,1
2153,DECODE,112,0,112,2441.32,18.02,1
2154,DECODE,112,0,112,2442.32,18.28,1
2155,DECODE,112,0,112,2443.32,18.34,1
2156,DECODE,111,0,111,2448.95,17.89,1
2157,DECODE,111,0,111,2449.95,18.24,1
2158,DECODE,111,0,111,2450.95,18.34,1
2159,DECODE,111,0,111,2451.95,17.87,1
2160,DECODE,111,0,111,2452.95,17.67,1
2161,DECODE,111,0,111,2453.95,17.59,1
2162,DECODE,111,0,111,2454.95,18.16,1
2163,DECODE,111,0,111,2455.95,18.51,1
2164,DECODE,111,0,111,2456.95,18.46,1
2165,DECODE,111,0,111,2457.95,18.20,1
2166,DECODE,111,0,111,2458.95,18.18,1
2167,DECODE,111,0,111,2459.95,18.45,1
2168,DECODE,111,0,111,2460.95,18.50,1
2169,DECODE,111,0,111,2461.95,18.54,1
2170,DECODE,111,0,111,2462.95,18.45,1
2171,DECODE,110,0,110,2468.65,18.75,1
2172,DECODE,110,0,110,2469.65,18.66,1
2173,DECODE,110,0,110,2470.65,18.46,1
2174,DECODE,110,0,110,2471.65,18.37,1
2175,DECODE,110,0,110,2472.65,18.40,1
2176,DECODE,110,0,110,2473.65,18.42,1
2177,DECODE,110,0,110,2474.65,18.63,1
2178,DECODE,110,0,110,2475.65,18.31,1
2179,DECODE,110,0,110,2476.65,18.47,1
2180,DECODE,110,0,110,2477.65,18.41,1
2181,DECODE,110,0,110,2478.65,18.40,1
2182,DECODE,110,0,110,2479.65,18.45,1
2183,DECODE,110,0,110,2480.65,18.49,1
2184,DECODE,110,0,110,2481.65,18.60,1
2185,DECODE,110,0,110,2482.65,18.62,1
2186,DECODE,106,0,106,2480.74,19.04,1
2187,DECODE,106,0,106,2481.74,18.66,1
2188,DECODE,106,0,106,2482.74,18.40,1
2189,DECODE,102,0,102,2480.71,20.52,1
2190,EXTEND,4,4,0,295.00,34.85,1
2191,DECODE,106,0,106,2399.23,17.41,1
2192,DECODE,106,0,106,2400.23,17.48,1
2193,DECODE,106,0,106,2401.23,17.46,1
2194,DECODE,94,0,94,2381.96,19.09,1
2195,EXTEND,12,416,0,308.33,28.52,1
2196,DECODE,106,0,106,2148.21,17.25,1
2197,DECODE,106,0,106,2149.21,17.19,1
2198,DECODE,106,0,106,2150.21,17.22,1
2199,DECODE,106,0,106,2151.21,17.52,1
2200,DECODE,106,0,106,2152.21,17.26,1
2201,DECODE,106,0,106,2153.21,17.89,1
2202,DECODE,106,0,106,2154.21,17.20,1
2203,DECODE,106,0,106,2155.21,17.40,1
2204,DECODE,106,0,106,2156.21,17.32,1
2205,DECODE,106,0,106,2157.21,17.66,1
2206,DECODE,106,0,106,2158.21,17.37,1
2207,DECODE,106,0,106,2159.21,17.37,1
2208,DECODE,106,0,106,2160.21,17.39,1
2209,DECODE,106,0,106,2161.21,17.42,1
2210,DECODE,103,0,103,2150.59,17.56,1
2211,EXTEND,3,282,0,311.00,45.51,1
2212,DECODE,106,0,106,2099.53,17.34,1
2213,DECODE,106,0,106,2100.53,17.32,1
2214,DECODE,106,0,106,2101.53,17.33,1
2215,DECODE,106,0,106,2102.53,17.37,1
2216,DECODE,106,0,106,2103.53,17.28,1
2217,DECODE,106,0,106,2104.53,17.24,1
2218,DECODE,106,0,106,2105.53,17.26,1
2219,DECODE,106,0,106,2106.53,17.24,1
2220,DECODE,106,0,106,2107.53,17.25,1
2221,DECODE,106,0,106,2108.53,18.10,1
2222,DECODE,106,0,106,2109.53,17.91,1
2223,DECODE,106,0,106,2110.53,17.83,1
2224,DECODE,94,0,94,2054.15,17.98,1
2225,EXTEND,12,6103,0,799.00,199.14,1
2226,DECODE,106,0,106,1913.06,18.62,1
2227,DECODE,106,0,106,1914.06,17.58,1
2228,DECODE,106,0,106,1915.06,17.82,1
2229,DECODE,106,0,106,1916.06,17.39,1
2230,DECODE,96,0,96,1849.98,16.43,1
2231,EXTEND,10,4976,0,765.10,174.57,1
2232,DECODE,106,0,106,1748.63,17.58,1
2233,DECODE,106,0,106,1749.63,16.13,1
2234,DECODE,106,0,106,1750.63,16.74,1
2235,DECODE,106,0,106,1751.63,16.84,1
2236,DECODE,106,0,106,1752.63,16.66,1
2237,DECODE,106,0,106,1753.63,16.76,1
2238,DECODE,106,0,106,1754.63,16.65,1
2239,DECODE,106,0,106,1755.63,16.96,1
2240,DECODE,106,0,106,1756.63,16.81,1
2241,DECODE,102,0,102,1726.13,16.39,1
2242,EXTEND,6,3118,0,737.17,109.05,1
2243,DECODE,108,0,108,1672.19,16.17,1
2244,DECODE,108,0,108,1673.19,15.91,1
2245,DECODE,100,0,100,1603.24,15.06,1
2246,EXTEND,8,3196,0,695.50,107.40,1
2247,DECODE,108,0,108,1537.00,15.97,1
2248,DECODE,108,0,108,1538.00,15.39,1
2249,DECODE,108,0,108,1539.00,15.18,1
2250,DECODE,108,0,108,1540.00,15.11,1
2251,DECODE,108,0,108,1541.00,15.08,1
2252,DECODE,108,0,108,1542.00,15.12,1
2253,DECODE,108,0,108,1543.00,15.09,1
2254,DECODE,108,0,108,1544.00,15.16,1
2255,DECODE,108,0,108,1545.00,15.11,1
2256,DECODE,104,0,104,1506.96,14.64,1
2257,EXTEND,6,2415,0,717.67,85.65,1
2258,DECODE,110,0,110,1464.91,15.71,1
2259,DECODE,110,0,110,1465.91,15.34,1
2260,DECODE,102,0,102,1381.10,14.88,1
2261,EXTEND,8,4463,0,843.75,142.47,1
2262,DECODE,110,0,110,1343.02,15.48,1
2263,DECODE,110,0,110,1344.02,14.95,1
2264,DECODE,110,0,110,1345.02,14.69,1
2265,DECODE,110,0,110,1346.02,14.66,1
2266,DECODE,110,0,110,1347.02,14.59,1
2267,DECODE,110,0,110,1348.02,14.57,1
2268,DECODE,110,0,110,1349.02,14.56,1
2269,DECODE,110,0,110,1350.02,14.51,1
2270,DECODE,110,0,110,1351.02,14.51,1
2271,DECODE,97,0,97,1189.99,13.93,1
2272,EXTEND,13,6054,0,824.31,190.35,1
2273,DECODE,110,0,110,1147.77,15.43,1
2274,DECODE,110,0,110,1148.77,14.76,1
2275,DECODE,110,0,110,1149.77,14.66,1
2276,DECODE,110,0,110,1150.77,14.65,1
2277,DECODE,110,0,110,1151.77,14.57,1
2278,DECODE,110,0,110,1152.77,14.57,1
2279,DECODE,110,0,110,1153.77,14.51,1
2280,DECODE,110,0,110,1154.77,14.49,1
2281,DECODE,106,0,106,1102.75,14.05,1
2282,EXTEND,9,8192,0,1157.11,263.58,1
2283,EXTEND,3,2430,0,1530.00,88.93,1
2284,DECODE,114,0,114,1079.98,15.16,1
2285,EXTEND,2,2184,0,1545.50,79.32,1
2286,DECODE,116,0,116,1089.01,15.49,1
2287,DECODE,116,0,116,1090.01,15.33,1
2288,DECODE,116,0,116,1091.01,15.17,1
2289,DECODE,116,0,116,1092.01,15.00,1
2290,DECODE,116,0,116,1093.01,15.38,1
2291,DECODE,116,0,116,1094.01,15.16,1
2292,DECODE,112,0,112,1042.65,14.29,1
2293,EXTEND,6,6647,0,1554.50,213.19,1
2294,DECODE,114,0,114,1017.35,15.63,1
2295,EXTEND,3,3481,0,1555.33,119.79,1
2296,DECODE,117,0,117,1032.15,15.31,1
2297,DECODE,117,0,117,1033.15,15.03,1
2298,DECODE,113,0,113,980.10,14.70,1
2299,EXTEND,4,4857,0,1558.00,158.76,1
2300,DECODE,113,0,113,945.66,15.51,1
2301,EXTEND,4,5444,0,1718.50,177.10,1
2302,DECODE,117,0,117,973.09,16.01,1
2303,DECODE,117,0,117,974.09,14.99,1
2304,DECODE,117,0,117,975.09,14.63,1
2305,DECODE,117,0,117,976.09,14.56,1
2306,DECODE,117,0,117,977.09,14.44,1
2307,DECODE,117,0,117,978.09,15.23,1
2308,DECODE,117,0,117,979.09,15.43,1
2309,DECODE,117,0,117,980.09,15.00,1
2310,DECODE,117,0,117,981.09,15.23,1
2311,DECODE,117,0,117,982.09,15.29,1
2312,DECODE,117,0,117,983.09,15.34,1
2313,DECODE,117,0,117,984.09,15.16,1
2314,DECODE,117,0,117,985.09,15.25,1
2315,DECODE,117,0,117,986.09,15.33,1
2316,DECODE,117,0,117,987.09,15.28,1
2317,DECODE,117,0,117,988.09,15.26,1
2318,DECODE,117,0,117,989.09,14.59,1
2319,DECODE,117,0,117,990.09,14.59,1
2320,DECODE,117,0,117,991.09,14.59,1
2321,DECODE,116,0,116,987.41,14.65,1
2322,EXTEND,3,3739,0,1615.00,120.51,1
2323,DECODE,119,0,119,1004.24,15.08,1
2324,DECODE,119,0,119,1005.24,14.80,1
2325,DECODE,119,0,119,1006.24,14.68,1
2326,DECODE,119,0,119,1007.24,14.55,1
2327,DECODE,119,0,119,1008.24,14.49,1
2328,DECODE,119,0,119,1009.24,14.52,1
2329,DECODE,119,0,119,1010.24,14.46,1
2330,DECODE,119,0,119,1011.24,14.43,1
2331,DECODE,119,0,119,1012.24,14.51,1
2332,DECODE,119,0,119,1013.24,14.49,1
2333,DECODE,119,0,119,1014.24,14.53,1
2334,DECODE,119,0,119,1015.24,14.48,1
2335,DECODE,119,0,119,1016.24,14.64,1
2336,DECODE,119,0,119,1017.24,14.69,1
2337,DECODE,119,0,119,1018.24,14.67,1
2338,DECODE,119,0,119,1019.24,14.72,1
2339,DECODE,119,0,119,1020.24,14.69,1
2340,DECODE,119,0,119,1021.24,14.69,1
2341,DECODE,119,0,119,1022.24,15.39,1
2342,DECODE,119,0,119,1023.24,14.64,1
2343,DECODE,119,0,119,1024.24,15.60,1
2344,DECODE,119,0,119,1025.24,15.22,1
2345,DECODE,119,0,119,1026.24,15.56,1
2346,DECODE,119,0,119,1027.24,15.59,1
2347,DECODE,119,0,119,1028.24,15.48,1
2348,DECODE,119,0,119,1029.24,15.48,1
2349,DECODE,119,0,119,1030.24,15.72,1
2350,DECODE,119,0,119,1031.24,15.42,1
2351,DECODE,119,0,119,1032.24,15.54,1
2352,DECODE,119,0,119,1033.24,15.60,1
2353,DECODE,119,0,119,1034.24,15.60,1
2354,DECODE,119,0,119,1035.24,15.48,1
2355,DECODE,119,0,119,1036.24,15.54,1
2356,DECODE,119,0,119,1037.24,15.60,1
2357,DECODE,119,0,119,1038.24,15.64,1
2358,DECODE,119,0,119,1039.24,15.51,1
2359,DECODE,119,0,119,1040.24,15.49,1
2360,DECODE,119,0,119,1041.24,15.37,1
2361,DECODE,119,0,119,1042.24,15.32,1
2362,DECODE,119,0,119,1043.24,15.39,1
2363,DECODE,119,0,119,1044.24,15.39,1
2364,DECODE,119,0,119,1045.24,15.54,1
2365,DECODE,119,0,119,1046.24,15.43,1
2366,DECODE,119,0,119,1047.24,15.57,1
2367,DECODE,119,0,119,1048.24,15.97,1
2368,DECODE,119,0,119,1049.24,15.36,1
2369,DECODE,119,0,119,1050.24,15.30,1
2370,DECODE,119,0,119,1051.24,15.29,1
2371,DECODE,119,0,119,1052.24,15.27,1
2372,DECODE,119,0,119,1053.24,15.26,1
2373,DECODE,119,0,119,1054.24,15.27,1
2374,DECODE,119,0,119,1055.24,15.24,1
2375,DECODE,119,0,119,1056.24,15.15,1
2376,DECODE,119,0,119,1057.24,15.30,1
2377,DECODE,119,0,119,1058.24,14.60,1
2378,DECODE,119,0,119,1059.24,14.65,1
2379,DECODE,118,0,118,1055.45,14.60,1
2380,EXTEND,4,5136,0,1647.50,171.38,1
2381,DECODE,122,0,122,1075.86,16.06,1
2382,DECODE,122,0,122,1076.86,15.11,1
2383,DECODE,122,0,122,1077.86,15.07,1
2384,DECODE,122,0,122,1078.86,14.89,1
2385,DECODE,121,0,121,1075.55,14.97,1
2386,EXTEND,3,4008,0,1674.67,137.31,1
2387,DECODE,124,0,124,1091.04,16.25,1
2388,DECODE,124,0,124,1092.04,15.12,1
2389,DECODE,124,0,124,1093.04,15.83,1
2390,DECODE,124,0,124,1094.04,15.68,1
2391,DECODE,124,0,124,1095.04,15.66,1
2392,DECODE,124,0,124,1096.04,15.81,1
2393,DECODE,124,0,124,1097.04,15.02,1
2394,DECODE,124,0,124,1098.04,15.02,1
2395,DECODE,124,0,124,1099.04,15.01,1
2396,DECODE,124,0,124,1100.04,15.01,1
2397,DECODE,124,0,124,1101.04,15.81,1
2398,DECODE,123,0,123,1103.32,16.29,1
2399,EXTEND,2,2665,0,1696.00,102.31,1
2400,DECODE,125,0,125,1113.80,15.80,1
2401,DECODE,125,0,125,1114.80,15.10,1
2402,DECODE,125,0,125,1115.80,15.14,1
2403,DECODE,125,0,125,1116.80,14.98,1
2404,DECODE,125,0,125,1117.80,14.95,1
2405,DECODE,125,0,125,1118.80,14.89,1
2406,DECODE,125,0,125,1119.80,15.39,1
2407,DECODE,125,0,125,1120.80,14.88,1
2408,DECODE,125,0,125,1121.80,14.82,1
2409,DECODE,125,0,125,1122.80,14.78,1
2410,DECODE,125,0,125,1123.80,14.77,1
2411,DECODE,125,0,125,1124.80,14.81,1
2412,DECODE,125,0,125,1125.80,14.91,1
2413,DECODE,125,0,125,1126.80,14.91,1
2414,DECODE,125,0,125,1127.80,14.88,1
2415,DECODE,125,0,125,1128.80,14.88,1
2416,DECODE,125,0,125,1129.80,14.96,1
2417,DECODE,125,0,125,1130.80,15.71,1
2418,DECODE,125,0,125,1131.80,15.50,1
2419,DECODE,125,0,125,1132.80,15.46,1
2420,DECODE,125,0,125,1133.80,15.07,1
2421,DECODE,125,0,125,1134.80,14.96,1
2422,DECODE,125,0,125,1135.80,14.99,1
2423,DECODE,125,0,125,1136.80,14.90,1
2424,DECODE,125,0,125,1137.80,14.96,1
2425,DECODE,125,0,125,1138.80,14.91,1
2426,DECODE,125,0,125,1139.80,14.90,1
2427,DECODE,125,0,125,1140.80,14.91,1
2428,DECODE,125,0,125,1141.80,16.81,1
2429,DECODE,125,0,125,1142.80,15.47,1
2430,DECODE,125,0,125,1143.80,15.57,1
2431,DECODE,125,0,125,1144.80,15.48,1
2432,DECODE,125,0,125,1145.80,15.52,1
2433,DECODE,125,0,125,1146.80,15.78,1
2434,DECODE,125,0,125,1147.80,15.83,1
2435,DECODE,125,0,125,1148.80,15.81,1
2436,DECODE,125,0,125,1149.80,15.81,1
2437,DECODE,125,0,125,1150.80,15.74,1
2438,DECODE,125,0,125,1151.80,15.71,1
2439,DECODE,124,0,124,1153.35,16.29,1
2440,EXTEND,3,4088,0,1722.67,136.59,1
2441,DECODE,127,0,127,1167.80,16.19,1
2442,DECODE,127,0,127,1168.80,15.71,1
2443,DECODE,127,0,127,1169.80,15.27,1
2444,DECODE,127,0,127,1170.80,16.00,1
2445,DECODE,127,0,127,1171.80,16.26,1
2446,DECODE,127,0,127,1172.80,15.23,1
2447,DECODE,127,0,127,1173.80,15.22,1
2448,DECODE,127,0,127,1174.80,15.18,1
2449,DECODE,127,0,127,1175.80,15.99,1
2450,DECODE,127,0,127,1176.80,15.20,1
2451,DECODE,127,0,127,1177.80,15.24,1
2452,DECODE,127,0,127,1178.80,15.15,1
2453,DECODE,127,0,127,1179.80,15.14,1
2454,DECODE,127,0,127,1180.80,15.15,1
2455,DECODE,127,0,127,1181.80,15.05,1
2456,DECODE,127,0,127,1182.80,15.18,1
2457,DECODE,127,0,127,1183.80,15.14,1
2458,DECODE,127,0,127,1184.80,15.18,1
2459,DECODE,127,0,127,1185.80,15.23,1
2460,DECODE,127,0,127,1186.80,16.25,1
2461,DECODE,127,0,127,1187.80,16.61,1
2462,DECODE,127,0,127,1188.80,15.99,1
2463,DECODE,127,0,127,1189.80,16.04,1
2464,DECODE,127,0,127,1190.80,15.35,1
2465,DECODE,127,0,127,1191.80,16.38,1
2466,DECODE,127,0,127,1192.80,16.12,1
2467,DECODE,127,0,127,1193.80,16.14,1
2468,DECODE,127,0,127,1194.80,16.17,1
2469,DECODE,127,0,127,1195.80,16.26,1
2470,DECODE,127,0,127,1196.80,16.13,1
2471,DECODE,127,0,127,1197.80,16.15,1
2472,DECODE,127,0,127,1198.80,16.15,1
2473,DECODE,127,0,127,1199.80,17.16,1
2474,DECODE,127,0,127,1200.80,16.23,1
2475,DECODE,127,0,127,1201.80,16.48,1
2476,DECODE,127,0,127,1202.80,16.21,1
2477,DECODE,127,0,127,1203.80,16.08,1
2478,DECODE,127,0,127,1204.80,16.08,1
2479,DECODE,127,0,127,1205.80,16.11,1
2480,DECODE,127,0,127,1206.80,16.14,1
2481,DECODE,126,0,126,1210.13,16.29,1
2482,EXTEND,4,5689,0,1774.00,185.64,1
2483,DECODE,130,0,130,1228.48,16.24,1
2484,DECODE,130,0,130,1229.48,15.97,1
2485,DECODE,130,0,130,1230.48,16.13,1
2486,DECODE,130,0,130,1231.48,15.87,1
2487,DECODE,130,0,130,1232.48,15.82,1
2488,DECODE,130,0,130,1233.48,15.85,1
2489,DECODE,130,0,130,1234.48,15.75,1
2490,DECODE,130,0,130,1235.48,15.83,1
2491,DECODE,130,0,130,1236.48,15.80,1
2492,DECODE,130,0,130,1237.48,15.79,1
2493,DECODE,130,0,130,1238.48,15.70,1
2494,DECODE,130,0,130,1239.48,15.73,1
2495,DECODE,130,0,130,1240.48,15.88,1
2496,DECODE,130,0,130,1241.48,15.84,1
2497,DECODE,130,0,130,1242.48,15.88,1
2498,DECODE,130,0,130,1243.48,15.88,1
2499,DECODE,130,0,130,1244.48,16.58,1
2500,DECODE,130,0,130,1245.48,16.64,1
2501,DECODE,130,0,130,1246.48,16.38,1
2502,DECODE,130,0,130,1247.48,16.69,1
2503,DECODE,130,0,130,1248.48,16.60,1
2504,DECODE,130,0,130,1249.48,16.71,1
2505,DECODE,130,0,130,1250.48,16.53,1
2506,DECODE,130,0,130,1251.48,16.65,1
2507,DECODE,130,0,130,1252.48,16.56,1
2508,DECODE,130,0,130,1253.48,16.69,1
2509,DECODE,130,0,130,1254.48,16.75,1
2510,DECODE,130,0,130,1255.48,16.60,1
2511,DECODE,130,0,130,1256.48,17.42,1
2512,DECODE,130,0,130,1257.48,16.69,1
2513,DECODE,130,0,130,1258.48,16.59,1
2514,DECODE,130,0,130,1259.48,16.70,1
2515,DECODE,130,0,130,1260.48,16.64,1
2516,DECODE,130,0,130,1261.48,16.60,1
2517,DECODE,130,0,130,1262.48,16.56,1
2518,DECODE,130,0,130,1263.48,16.79,1
2519,DECODE,130,0,130,1264.48,16.46,1
2520,DECODE,130,0,130,1265.48,16.65,1
2521,DECODE,130,0,130,1266.48,16.40,1
2522,DECODE,130,0,130,1267.48,15.71,1
2523,DECODE,130,0,130,1268.48,15.69,1
2524,DECODE,130,0,130,1269.48,15.71,1
2525,DECODE,130,0,130,1270.48,15.70,1
2526,DECODE,130,0,130,1271.48,15.71,1
2527,DECODE,130,0,130,1272.48,15.67,1
2528,DECODE,130,0,130,1273.48,15.71,1
2529,DECODE,130,0,130,1274.48,15.69,1
2530,DECODE,130,0,130,1275.48,15.75,1
2531,DECODE,130,0,130,1276.48,15.73,1
2532,DECODE,130,0,130,1277.48,15.83,1
2533,DECODE,130,0,130,1278.48,15.72,1
2534,DECODE,130,0,130,1279.48,15.85,1
2535,DECODE,130,0,130,1280.48,15.84,1
2536,DECODE,130,0,130,1281.48,15.82,1
2537,DECODE,130,0,130,1282.48,15.80,1
2538,DECODE,130,0,130,1283.48,15.86,1
2539,DECODE,130,0,130,1284.48,15.99,1
2540,DECODE,130,0,130,1285.48,15.97,1
2541,DECODE,130,0,130,1286.48,15.79,1
2542,DECODE,130,0,130,1287.48,15.90,1
2543,DECODE,130,0,130,1288.48,15.67,1
2544,DECODE,130,0,130,1289.48,15.93,1
2545,DECODE,130,0,130,1290.48,15.86,1
2546,DECODE,130,0,130,1291.48,15.89,1
2547,DECODE,130,0,130,1292.48,15.84,1
2548,DECODE,130,0,130,1293.48,15.88,1
2549,DECODE,130,0,130,1294.48,15.78,1
2550,DECODE,130,0,130,1295.48,15.90,1
2551,DECODE,130,0,130,1296.48,15.75,1
2552,DECODE,130,0,130,1297.48,15.85,1
2553,DECODE,130,0,130,1298.48,15.98,1
2554,DECODE,130,0,130,1299.48,16.05,1
2555,DECODE,130,0,130,1300.48,16.03,1
2556,DECODE,130,0,130,1301.48,16.05,1
2557,DECODE,130,0,130,1302.48,15.90,1
2558,DECODE,130,0,130,1303.48,15.97,1
2559,DECODE,130,0,130,1304.48,16.76,1
2560,DECODE,130,0,130,1305.48,16.74,1
2561,DECODE,130,0,130,1306.48,16.65,1
2562,DECODE,130,0,130,1307.48,16.67,1
2563,DECODE,130,0,130,1308.48,16.76,1
2564,DECODE,130,0,130,1309.48,16.68,1
2565,DECODE,130,0,130,1310.48,16.76,1
2566,DECODE,130,0,130,1311.48,16.77,1
2567,DECODE,130,0,130,1312.48,16.86,1
2568,DECODE,130,0,130,1313.48,16.91,1
2569,DECODE,130,0,130,1314.48,16.75,1
2570,DECODE,130,0,130,1315.48,16.79,1
2571,DECODE,130,0,130,1316.48,17.57,1
2572,DECODE,130,0,130,1317.48,16.89,1
2573,DECODE,130,0,130,1318.48,16.76,1
2574,DECODE,130,0,130,1319.48,16.90,1
2575,DECODE,130,0,130,1320.48,17.06,1
2576,DECODE,130,0,130,1321.48,16.90,1
2577,DECODE,130,0,130,1322.48,16.94,1
2578,DECODE,130,0,130,1323.48,16.86,1
2579,DECODE,130,0,130,1324.48,16.49,1
2580,DECODE,130,0,130,1325.48,16.00,1
2581,DECODE,130,0,130,1326.48,15.96,1
2582,DECODE,130,0,130,1327.48,15.99,1
2583,DECODE,130,0,130,1328.48,16.07,1
2584,DECODE,130,0,130,1329.48,15.87,1
2585,DECODE,130,0,130,1330.48,15.92,1
2586,DECODE,130,0,130,1331.48,15.99,1
2587,DECODE,130,0,130,1332.48,15.95,1
2588,DECODE,130,0,130,1333.48,15.98,1
2589,DECODE,130,0,130,1334.48,16.01,1
2590,DECODE,130,0,130,1335.48,15.99,1
2591,DECODE,130,0,130,1336.48,16.03,1
2592,DECODE,130,0,130,1337.48,15.99,1
2593,DECODE,130,0,130,1338.48,16.05,1
2594,DECODE,130,0,130,1339.48,16.10,1
2595,DECODE,130,0,130,1340.48,15.94,1
2596,DECODE,130,0,130,1341.48,15.99,1
2597,DECODE,130,0,130,1342.48,15.96,1
2598,DECODE,130,0,130,1343.48,15.99,1
2599,DECODE,130,0,130,1344.48,16.01,1
2600,DECODE,130,0,130,1345.48,16.01,1
2601,DECODE,130,0,130,1346.48,16.57,1
2602,DECODE,130,0,130,1347.48,16.06,1
2603,DECODE,130,0,130,1348.48,16.01,1
2604,DECODE,130,0,130,1349.48,15.91,1
2605,DECODE,130,0,130,1350.48,15.85,1
2606,DECODE,130,0,130,1351.48,16.06,1
2607,DECODE,130,0,130,1352.48,15.95,1
2608,DECODE,130,0,130,1353.48,16.03,1
2609,DECODE,130,0,130,1354.48,15.95,1
2610,DECODE,130,0,130,1355.48,15.93,1
2611,DECODE,130,0,130,1356.48,15.94,1
2612,DECODE,130,0,130,1357.48,16.91,1
2613,DECODE,130,0,130,1358.48,16.92,1
2614,DECODE,130,0,130,1359.48,16.83,1
2615,DECODE,130,0,130,1360.48,16.11,1
2616,DECODE,130,0,130,1361.48,16.08,1
2617,DECODE,130,0,130,1362.48,16.13,1
2618,DECODE,130,0,130,1363.48,16.85,1
2619,DECODE,130,0,130,1364.48,16.99,1
2620,DECODE,130,0,130,1365.48,17.10,1
2621,DECODE,130,0,130,1366.48,16.21,1
2622,DECODE,130,0,130,1367.48,16.62,1
2623,DECODE,130,0,130,1368.48,16.77,1
2624,DECODE,130,0,130,1369.48,16.15,1
2625,DECODE,130,0,130,1370.48,16.22,1
2626,DECODE,130,0,130,1371.48,16.19,1
2627,DECODE,130,0,130,1372.48,16.17,1
2628,DECODE,130,0,130,1373.48,17.67,1
2629,DECODE,130,0,130,1374.48,16.95,1
2630,DECODE,130,0,130,1375.48,16.91,1
2631,DECODE,129,0,129,1368.02,17.21,1
2632,EXTEND,6,8192,0,1715.33,269.15,1
2633,EXTEND,4,5154,0,1878.00,167.97,1
2634,DECODE,138,0,138,1400.27,18.04,1
2635,DECODE,138,0,138,1401.27,17.77,1
2636,DECODE,138,0,138,1402.27,17.11,1
2637,DECODE,138,0,138,1403.27,17.63,1
2638,DECODE,138,0,138,1404.27,16.86,1
2639,DECODE,138,0,138,1405.27,16.85,1
2640,DECODE,138,0,138,1406.27,16.89,1
2641,DECODE,138,0,138,1407.27,17.29,1
2642,DECODE,138,0,138,1408.27,16.86,1
2643,DECODE,138,0,138,1409.27,16.85,1
2644,DECODE,138,0,138,1410.27,16.87,1
2645,DECODE,138,0,138,1411.27,16.84,1
2646,DECODE,138,0,138,1412.27,16.87,1
2647,DECODE,138,0,138,1413.27,17.23,1
2648,DECODE,138,0,138,1414.27,17.58,1
2649,DECODE,138,0,138,1415.27,17.56,1
2650,DECODE,138,0,138,1416.27,17.93,1
2651,DECODE,138,0,138,1417.27,17.59,1
2652,DECODE,138,0,138,1418.27,17.87,1
2653,DECODE,138,0,138,1419.27,17.62,1
2654,DECODE,138,0,138,1420.27,17.63,1
2655,DECODE,138,0,138,1421.27,17.58,1
2656,DECODE,138,0,138,1422.27,18.19,1
2657,DECODE,138,0,138,1423.27,17.62,1
2658,DECODE,138,0,138,1424.27,17.55,1
2659,DECODE,138,0,138,1425.27,17.65,1
2660,DECODE,138,0,138,1426.27,17.57,1
2661,DECODE,138,0,138,1427.27,17.70,1
2662,DECODE,138,0,138,1428.27,17.58,1
2663,DECODE,138,0,138,1429.27,17.61,1
2664,DECODE,138,0,138,1430.27,17.60,1
2665,DECODE,138,0,138,1431.27,17.58,1
2666,DECODE,138,0,138,1432.27,17.58,1
2667,DECODE,138,0,138,1433.27,17.75,1
2668,DECODE,138,0,138,1434.27,16.98,1
2669,DECODE,138,0,138,1435.27,17.01,1
2670,DECODE,138,0,138,1436.27,16.97,1
2671,DECODE,138,0,138,1437.27,17.27,1
2672,DECODE,138,0,138,1438.27,16.88,1
2673,DECODE,138,0,138,1439.27,16.99,1
2674,DECODE,138,0,138,1440.27,17.28,1
2675,DECODE,138,0,138,1441.27,16.92,1
2676,DECODE,138,0,138,1442.27,16.92,1
2677,DECODE,138,0,138,1443.27,16.93,1
2678,DECODE,138,0,138,1444.27,17.69,1
2679,DECODE,138,0,138,1445.27,17.79,1
2680,DECODE,138,0,138,1446.27,18.12,1
2681,DECODE,138,0,138,1447.27,17.80,1
2682,DECODE,138,0,138,1448.27,17.69,1
2683,DECODE,138,0,138,1449.27,17.56,1
2684,DECODE,138,0,138,1450.27,18.13,1
2685,DECODE,138,0,138,1451.27,17.10,1
2686,DECODE,138,0,138,1452.27,18.78,1
2687,DECODE,138,0,138,1453.27,18.00,1
2688,DECODE,138,0,138,1454.27,18.15,1
2689,DECODE,138,0,138,1455.27,17.89,1
2690,DECODE,138,0,138,1456.27,17.79,1
2691,DECODE,138,0,138,1457.27,17.89,1
2692,DECODE,138,0,138,1458.27,18.02,1
2693,DECODE,138,0,138,1459.27,17.74,1
2694,DECODE,138,0,138,1460.27,17.69,1
2695,DECODE,138,0,138,1461.27,17.69,1
2696,DECODE,138,0,138,1462.27,17.66,1
2697,DECODE,138,0,138,1463.27,17.11,1
2698,DECODE,138,0,138,1464.27,17.08,1
2699,DECODE,138,0,138,1465.27,17.04,1
2700,DECODE,138,0,138,1466.27,17.09,1
2701,DECODE,138,0,138,1467.27,17.74,1
2702,DECODE,138,0,138,1468.27,17.07,1
2703,DECODE,138,0,138,1469.27,17.18,1
2704,DECODE,138,0,138,1470.27,17.11,1
2705,DECODE,138,0,138,1471.27,17.11,1
2706,DECODE,138,0,138,1472.27,17.16,1
2707,DECODE,138,0,138,1473.27,17.12,1
2708,DECODE,138,0,138,1474.27,17.68,1
2709,DECODE,138,0,138,1475.27,17.53,1
2710,DECODE,138,0,138,1476.27,17.13,1
2711,DECODE,138,0,138,1477.27,17.65,1
2712,DECODE,138,0,138,1478.27,17.02,1
2713,DECODE,138,0,138,1479.27,17.07,1
2714,DECODE,138,0,138,1480.27,17.04,1
2715,DECODE,138,0,138,1481.27,17.11,1
2716,DECODE,138,0,138,1482.27,17.14,1
2717,DECODE,138,0,138,1483.27,17.60,1
2718,DECODE,138,0,138,1484.27,17.76,1
2719,DECODE,138,0,138,1485.27,17.88,1
2720,DECODE,138,0,138,1486.27,17.96,1
2721,DECODE,138,0,138,1487.27,18.01,1
2722,DECODE,138,0,138,1488.27,17.08,1
2723,DECODE,138,0,138,1489.27,17.98,1
2724,DECODE,138,0,138,1490.27,17.59,1
2725,DECODE,138,0,138,1491.27,18.11,1
2726,DECODE,138,0,138,1492.27,17.27,1
2727,DECODE,138,0,138,1493.27,17.26,1
2728,DECODE,138,0,138,1494.27,17.21,1
2729,DECODE,138,0,138,1495.27,17.28,1
2730,DECODE,138,0,138,1496.27,17.27,1
2731,DECODE,138,0,138,1497.27,17.22,1
2732,DECODE,138,0,138,1498.27,18.33,1
2733,DECODE,138,0,138,1499.27,17.60,1
2734,DECODE,138,0,138,1500.27,17.22,1
2735,DECODE,138,0,138,1501.27,17.22,1
2736,DECODE,138,0,138,1502.27,17.25,1
2737,DECODE,138,0,138,1503.27,17.25,1
2738,DECODE,138,0,138,1504.27,17.25,1
2739,DECODE,138,0,138,1505.27,17.28,1
2740,DECODE,138,0,138,1506.27,17.29,1
2741,DECODE,138,0,138,1507.27,17.58,1
2742,DECODE,138,0,138,1508.27,17.08,1
2743,DECODE,138,0,138,1509.27,17.74,1
2744,DECODE,138,0,138,1510.27,17.39,1
2745,DECODE,138,0,138,1511.27,17.32,1
2746,DECODE,138,0,138,1512.27,17.35,1
2747,DECODE,138,0,138,1513.27,18.93,1
2748,DECODE,138,0,138,1514.27,18.35,1
2749,DECODE,138,0,138,1515.27,18.29,1
2750,DECODE,138,0,138,1516.27,18.13,1
2751,DECODE,138,0,138,1517.27,18.23,1
2752,DECODE,138,0,138,1518.27,18.15,1
2753,DECODE,138,0,138,1519.27,18.24,1
2754,DECODE,138,0,138,1520.27,18.13,1
2755,DECODE,138,0,138,1521.27,18.20,1
2756,DECODE,138,0,138,1522.27,18.04,1
2757,DECODE,138,0,138,1523.27,18.56,1
2758,DECODE,138,0,138,1524.27,18.03,1
2759,DECODE,138,0,138,1525.27,18.15,1
2760,DECODE,138,0,138,1526.27,18.06,1
2761,DECODE,138,0,138,1527.27,18.29,1
2762,DECODE,138,0,138,1528.27,18.11,1
2763,DECODE,138,0,138,1529.27,18.03,1
2764,DECODE,138,0,138,1530.27,18.31,1
2765,DECODE,138,0,138,1531.27,18.02,1
2766,DECODE,138,0,138,1532.27,18.05,1
2767,DECODE,138,0,138,1533.27,19.59,1
2768,DECODE,138,0,138,1534.27,18.60,1
2769,DECODE,138,0,138,1535.27,18.18,1
2770,DECODE,138,0,138,1536.27,18.32,1
2771,DECODE,138,0,138,1537.27,18.26,1
2772,DECODE,138,0,138,1538.27,18.18,1
2773,DECODE,138,0,138,1539.27,18.26,1
2774,DECODE,138,0,138,1540.27,18.22,1
2775,DECODE,138,0,138,1541.27,18.39,1
2776,DECODE,138,0,138,1542.27,18.17,1
2777,DECODE,138,0,138,1543.27,18.21,1
2778,DECODE,138,0,138,1544.27,18.24,1
2779,DECODE,138,0,138,1545.27,18.31,1
2780,DECODE,138,0,138,1546.27,18.92,1
2781,DECODE,138,0,138,1547.27,18.25,1
2782,DECODE,138,0,138,1548.27,18.26,1
2783,DECODE,138,0,138,1549.27,18.38,1
2784,DECODE,138,0,138,1550.27,18.19,1
2785,DECODE,138,0,138,1551.27,18.31,1
2786,DECODE,138,0,138,1552.27,17.93,1
2787,DECODE,138,0,138,1553.27,17.73,1
2788,DECODE,138,0,138,1554.27,17.34,1
2789,DECODE,138,0,138,1555.27,17.35,1
2790,DECODE,138,0,138,1556.27,17.27,1
2791,DECODE,138,0,138,1557.27,17.32,1
2792,DECODE,138,0,138,1558.27,17.97,1
2793,DECODE,138,0,138,1559.27,18.00,1
2794,DECODE,138,0,138,1560.27,18.18,1
2795,DECODE,138,0,138,1561.27,18.15,1
2796,DECODE,138,0,138,1562.27,18.24,1
2797,DECODE,138,0,138,1563.27,17.99,1
2798,DECODE,138,0,138,1564.27,18.00,1
2799,DECODE,138,0,138,1565.27,18.06,1
2800,DECODE,138,0,138,1566.27,18.06,1
2801,DECODE,138,0,138,1567.27,18.11,1
2802,DECODE,138,0,138,1568.27,18.31,1
2803,DECODE,138,0,138,1569.27,17.51,1
2804,DECODE,138,0,138,1570.27,17.49,1
2805,DECODE,138,0,138,1571.27,17.58,1
2806,DECODE,138,0,138,1572.27,17.82,1
2807,DECODE,138,0,138,1573.27,19.18,1
2808,DECODE,138,0,138,1574.27,17.67,1
2809,DECODE,138,0,138,1575.27,18.20,1
2810,DECODE,138,0,138,1576.27,18.99,1
2811,DECODE,137,0,137,1570.09,18.34,1
2812,EXTEND,10,6631,0,1568.90,212.12,1
2813,DECODE,143,0,143,1543.31,19.37,1
2814,DECODE,143,0,143,1544.31,18.37,1
2815,DECODE,143,0,143,1545.31,18.13,1
2816,DECODE,143,0,143,1546.31,18.03,1
2817,DECODE,143,0,143,1547.31,18.02,1
2818,DECODE,143,0,143,1548.31,17.87,1
2819,DECODE,143,0,143,1549.31,18.27,1
2820,DECODE,143,0,143,1550.31,17.93,1
2821,DECODE,143,0,143,1551.31,17.88,1
2822,DECODE,143,0,143,1552.31,17.93,1
2823,DECODE,143,0,143,1553.31,17.92,1
2824,DECODE,143,0,143,1554.31,19.86,1
2825,DECODE,143,0,143,1555.31,18.02,1
2826,DECODE,143,0,143,1556.31,17.97,1
2827,DECODE,143,0,143,1557.31,18.00,1
2828,DECODE,143,0,143,1558.31,18.32,1
2829,DECODE,143,0,143,1559.31,19.14,1
2830,DECODE,143,0,143,1560.31,17.98,1
2831,DECODE,143,0,143,1561.31,18.07,1
2832,DECODE,143,0,143,1562.31,18.07,1
2833,DECODE,143,0,143,1563.31,18.37,1
2834,DECODE,143,0,143,1564.31,18.09,1
2835,DECODE,143,0,143,1565.31,18.05,1
2836,DECODE,143,0,143,1566.31,18.36,1
2837,DECODE,143,0,143,1567.31,18.13,1
2838,DECODE,143,0,143,1568.31,18.06,1
2839,DECODE,143,0,143,1569.31,18.39,1
2840,DECODE,143,0,143,1570.31,18.12,1
2841,DECODE,143,0,143,1571.31,18.06,1
2842,DECODE,143,0,143,1572.31,18.06,1
2843,DECODE,143,0,143,1573.31,18.11,1
2844,DECODE,143,0,143,1574.31,18.46,1
2845,DECODE,143,0,143,1575.31,18.43,1
2846,DECODE,143,0,143,1576.31,18.40,1
2847,DECODE,143,0,143,1577.31,18.37,1
2848,DECODE,143,0,143,1578.31,18.09,1
2849,DECODE,143,0,143,1579.31,18.04,1
2850,DECODE,143,0,143,1580.31,18.09,1
2851,DECODE,143,0,143,1581.31,18.04,1
2852,DECODE,143,0,143,1582.31,18.09,1
2853,DECODE,143,0,143,1583.31,18.02,1
2854,DECODE,143,0,143,1584.31,18.08,1
2855,DECODE,143,0,143,1585.31,18.04,1
2856,DECODE,143,0,143,1586.31,18.13,1
2857,DECODE,143,0,143,1587.31,18.08,1
2858,DECODE,143,0,143,1588.31,18.11,1
2859,DECODE,143,0,143,1589.31,18.08,1
2860,DECODE,143,0,143,1590.31,18.15,1
2861,DECODE,143,0,143,1591.31,18.46,1
2862,DECODE,143,0,143,1592.31,18.21,1
2863,DECODE,143,0,143,1593.31,17.94,1
2864,DECODE,143,0,143,1594.31,18.17,1
2865,DECODE,143,0,143,1595.31,18.08,1
2866,DECODE,143,0,143,1596.31,18.95,1
2867,DECODE,143,0,143,1597.31,18.91,1
2868,DECODE,143,0,143,1598.31,18.89,1
2869,DECODE,143,0,143,1599.31,18.78,1
2870,DECODE,143,0,143,1600.31,18.78,1
2871,DECODE,143,0,143,1601.31,18.75,1
2872,DECODE,143,0,143,1602.31,18.84,1
2873,DECODE,143,0,143,1603.31,18.83,1
2874,DECODE,143,0,143,1604.31,19.10,1
2875,DECODE,143,0,143,1605.31,18.22,1
2876,DECODE,143,0,143,1606.31,18.01,1
2877,DECODE,143,0,143,1607.31,18.02,1
2878,DECODE,143,0,143,1608.31,18.96,1
2879,DECODE,143,0,143,1609.31,18.04,1
2880,DECODE,142,0,142,1612.43,18.02,1
2881,EXTEND,1,28,0,1337.00,37.53,1
2882,DECODE,143,0,143,1611.50,17.96,1
2883,DECODE,143,0,143,1612.50,18.39,1
2884,DECODE,143,0,143,1613.50,17.97,1
2885,DECODE,143,0,143,1614.50,18.06,1
2886,DECODE,143,0,143,1615.50,18.04,1
2887,DECODE,143,0,143,1616.50,18.06,1
2888,DECODE,143,0,143,1617.50,17.99,1
2889,DECODE,143,0,143,1618.50,19.23,1
2890,DECODE,143,0,143,1619.50,18.06,1
2891,DECODE,143,0,143,1620.50,18.10,1
2892,DECODE,143,0,143,1621.50,18.02,1
2893,DECODE,143,0,143,1622.50,18.16,1
2894,DECODE,143,0,143,1623.50,18.06,1
2895,DECODE,143,0,143,1624.50,19.04,1
2896,DECODE,143,0,143,1625.50,18.94,1
2897,DECODE,143,0,143,1626.50,19.06,1
2898,DECODE,143,0,143,1627.50,18.98,1
2899,DECODE,143,0,143,1628.50,18.95,1
2900,DECODE,143,0,143,1629.50,19.02,1
2901,DECODE,143,0,143,1630.50,17.95,1
2902,DECODE,143,0,143,1631.50,18.45,1
2903,DECODE,143,0,143,1632.50,18.70,1
2904,DECODE,143,0,143,1633.50,18.85,1
2905,DECODE,143,0,143,1634.50,18.90,1
2906,DECODE,143,0,143,1635.50,18.74,1
2907,DECODE,143,0,143,1636.50,18.83,1
2908,DECODE,143,0,143,1637.50,18.87,1
2909,DECODE,143,0,143,1638.50,18.82,1
2910,DECODE,143,0,143,1639.50,18.83,1
2911,DECODE,143,0,143,1640.50,18.84,1
2912,DECODE,143,0,143,1641.50,19.20,1
2913,DECODE,143,0,143,1642.50,18.88,1
2914,DECODE,143,0,143,1643.50,18.48,1
2915,DECODE,143,0,143,1644.50,19.06,1
2916,DECODE,143,0,143,1645.50,19.18,1
2917,DECODE,143,0,143,1646.50,19.27,1
2918,DECODE,143,0,143,1647.50,18.93,1
2919,DECODE,143,0,143,1648.50,18.95,1
2920,DECODE,143,0,143,1649.50,19.24,1
2921,DECODE,143,0,143,1650.50,18.33,1
2922,DECODE,143,0,143,1651.50,18.26,1
2923,DECODE,143,0,143,1652.50,19.18,1
2924,DECODE,143,0,143,1653.50,18.96,1
2925,DECODE,143,0,143,1654.50,19.64,1
2926,DECODE,143,0,143,1655.50,18.97,1
2927,DECODE,143,0,143,1656.50,19.03,1
2928,DECODE,143,0,143,1657.50,19.03,1
2929,DECODE,143,0,143,1658.50,19.81,1
2930,DECODE,143,0,143,1659.50,18.30,1
2931,DECODE,143,0,143,1660.50,18.64,1
2932,DECODE,143,0,143,1661.50,18.60,1
2933,DECODE,143,0,143,1662.50,18.84,1
2934,DECODE,143,0,143,1663.50,20.07,1
2935,DECODE,143,0,143,1664.50,18.25,1
2936,DECODE,143,0,143,1665.50,18.81,1
2937,DECODE,143,0,143,1666.50,18.12,1
2938,DECODE,143,0,143,1667.50,18.25,1
2939,DECODE,143,0,143,1668.50,18.17,1
2940,DECODE,143,0,143,1669.50,18.21,1
2941,DECODE,143,0,143,1670.50,18.18,1
2942,DECODE,143,0,143,1671.50,18.52,1
2943,DECODE,143,0,143,1672.50,18.23,1
2944,DECODE,143,0,143,1673.50,18.23,1
2945,DECODE,143,0,143,1674.50,18.16,1
2946,DECODE,143,0,143,1675.50,18.23,1
2947,DECODE,143,0,143,1676.50,18.19,1
2948,DECODE,143,0,143,1677.50,18.30,1
2949,DECODE,143,0,143,1678.50,18.22,1
2950,DECODE,143,0,143,1679.50,19.18,1
2951,DECODE,143,0,143,1680.50,18.27,1
2952,DECODE,143,0,143,1681.50,18.31,1
2953,DECODE,143,0,143,1682.50,18.28,1
2954,DECODE,143,0,143,1683.50,18.72,1
2955,DECODE,143,0,143,1684.50,18.23,1
2956,DECODE,143,0,143,1685.50,18.24,1
2957,DECODE,143,0,143,1686.50,18.67,1
2958,DECODE,143,0,143,1687.50,18.25,1
2959,DECODE,143,0,143,1688.50,18.35,1
2960,DECODE,143,0,143,1689.50,19.21,1
2961,DECODE,143,0,143,1690.50,19.17,1
2962,DECODE,143,0,143,1691.50,19.29,1
2963,DECODE,143,0,143,1692.50,19.16,1
2964,DECODE,143,0,143,1693.50,19.35,1
2965,DECODE,143,0,143,1694.50,19.54,1
2966,DECODE,143,0,143,1695.50,19.67,1
2967,DECODE,143,0,143,1696.50,19.17,1
2968,DECODE,143,0,143,1697.50,19.89,1
2969,DECODE,143,0,143,1698.50,19.19,1
2970,DECODE,143,0,143,1699.50,19.19,1
2971,DECODE,143,0,143,1700.50,19.21,1
2972,DECODE,143,0,143,1701.50,18.16,1
2973,DECODE,143,0,143,1702.50,19.21,1
2974,DECODE,143,0,143,1703.50,19.20,1
2975,DECODE,143,0,143,1704.50,19.25,1
2976,DECODE,143,0,143,1705.50,19.19,1
2977,DECODE,143,0,143,1706.50,19.19,1
2978,DECODE,143,0,143,1707.50,19.51,1
2979,DECODE,143,0,143,1708.50,19.20,1
2980,DECODE,143,0,143,1709.50,19.18,1
2981,DECODE,143,0,143,1710.50,19.29,1
2982,DECODE,143,0,143,1711.50,19.31,1
2983,DECODE,143,0,143,1712.50,19.48,1
2984,DECODE,143,0,143,1713.50,19.37,1
2985,DECODE,143,0,143,1714.50,19.40,1
2986,DECODE,143,0,143,1715.50,19.63,1
2987,DECODE,143,0,143,1716.50,19.34,1
2988,DECODE,143,0,143,1717.50,19.24,1
2989,DECODE,143,0,143,1718.50,19.66,1
2990,DECODE,143,0,143,1719.50,19.70,1
2991,DECODE,143,0,143,1720.50,19.36,1
2992,DECODE,143,0,143,1721.50,19.45,1
2993,DECODE,143,0,143,1722.50,19.45,1
2994,DECODE,143,0,143,1723.50,19.41,1
2995,DECODE,143,0,143,1724.50,19.37,1
2996,DECODE,143,0,143,1725.50,19.71,1
2997,DECODE,143,0,143,1726.50,19.71,1
2998,DECODE,143,0,143,1727.50,19.36,1
2999,DECODE,143,0,143,1728.50,19.42,1
3000,DECODE,143,0,143,1729.50,19.75,1
3001,DECODE,143,0,143,1730.50,19.37,1
3002,DECODE,143,0,143,1731.50,19.44,1
3003,DECODE,143,0,143,1732.50,19.50,1
3004,DECODE,143,0,143,1733.50,19.80,1
3005,DECODE,143,0,143,1734.50,19.74,1
3006,DECODE,143,0,143,1735.50,19.82,1
3007,DECODE,143,0,143,1736.50,19.39,1
3008,DECODE,143,0,143,1737.50,19.46,1
3009,DECODE,143,0,143,1738.50,19.81,1
3010,DECODE,143,0,143,1739.50,19.77,1
3011,DECODE,143,0,143,1740.50,19.38,1
3012,DECODE,143,0,143,1741.50,19.47,1
3013,DECODE,143,0,143,1742.50,19.98,1
3014,DECODE,143,0,143,1743.50,19.79,1
3015,DECODE,143,0,143,1744.50,19.16,1
3016,DECODE,143,0,143,1745.50,19.31,1
3017,DECODE,143,0,143,1746.50,19.26,1
3018,DECODE,143,0,143,1747.50,19.34,1
3019,DECODE,143,0,143,1748.50,19.27,1
3020,DECODE,143,0,143,1749.50,19.21,1
3021,DECODE,143,0,143,1750.50,19.44,1
3022,DECODE,143,0,143,1751.50,19.32,1
3023,DECODE,143,0,143,1752.50,19.31,1
3024,DECODE,143,0,143,1753.50,19.32,1
3025,DECODE,142,0,142,1753.75,19.57,1
3026,EXTEND,1,28,0,1889.00,54.03,1
3027,DECODE,142,0,142,1750.03,19.19,1
3028,DECODE,142,0,142,1751.03,18.79,1
3029,DECODE,142,0,142,1752.03,18.63,1
3030,DECODE,142,0,142,1753.03,18.54,1
3031,DECODE,142,0,142,1754.03,18.61,1
3032,DECODE,142,0,142,1755.03,19.46,1
3033,DECODE,142,0,142,1756.03,19.26,1
3034,DECODE,142,0,142,1757.03,19.14,1
3035,DECODE,142,0,142,1758.03,19.73,1
3036,DECODE,142,0,142,1759.03,19.55,1
3037,DECODE,142,0,142,1760.03,19.25,1
3038,DECODE,142,0,142,1761.03,19.39,1
3039,DECODE,142,0,142,1762.03,19.35,1
3040,DECODE,142,0,142,1763.03,19.32,1
3041,DECODE,142,0,142,1764.03,18.65,1
3042,DECODE,142,0,142,1765.03,18.67,1
3043,DECODE,142,0,142,1766.03,18.68,1
3044,DECODE,142,0,142,1767.03,19.36,1
3045,DECODE,142,0,142,1768.03,19.31,1
3046,DECODE,142,0,142,1769.03,19.29,1
3047,DECODE,142,0,142,1770.03,19.28,1
3048,DECODE,142,0,142,1771.03,19.97,1
3049,DECODE,142,0,142,1772.03,19.96,1
3050,DECODE,142,0,142,1773.03,20.01,1
3051,DECODE,142,0,142,1774.03,20.04,1
3052,DECODE,142,0,142,1775.03,20.15,1
3053,DECODE,142,0,142,1776.03,19.50,1
3054,DECODE,142,0,142,1777.03,19.69,1
3055,DECODE,142,0,142,1778.03,19.34,1
3056,DECODE,142,0,142,1779.03,19.48,1
3057,DECODE,142,0,142,1780.03,19.44,1
3058,DECODE,142,0,142,1781.03,19.59,1
3059,DECODE,142,0,142,1782.03,19.53,1
3060,DECODE,142,0,142,1783.03,19.92,1
3061,DECODE,142,0,142,1784.03,19.86,1
3062,DECODE,142,0,142,1785.03,19.84,1
3063,DECODE,142,0,142,1786.03,19.67,1
3064,DECODE,142,0,142,1787.03,19.49,1
3065,DECODE,142,0,142,1788.03,18.93,1
3066,DECODE,142,0,142,1789.03,19.34,1
3067,DECODE,142,0,142,1790.03,19.78,1
3068,DECODE,142,0,142,1791.03,19.38,1
3069,DECODE,142,0,142,1792.03,19.28,1
3070,DECODE,142,0,142,1793.03,19.55,1
3071,DECODE,142,0,142,1794.03,19.64,1
3072,DECODE,142,0,142,1795.03,19.39,1
3073,DECODE,142,0,142,1796.03,19.27,1
3074,DECODE,142,0,142,1797.03,19.48,1
3075,DECODE,142,0,142,1798.03,19.51,1
3076,DECODE,142,0,142,1799.03,19.11,1
3077,DECODE,142,0,142,1800.03,19.07,1
3078,DECODE,142,0,142,1801.03,18.43,1
3079,DECODE,142,0,142,1802.03,19.03,1
3080,DECODE,142,0,142,1803.03,18.73,1
3081,DECODE,142,0,142,1804.03,19.16,1
3082,DECODE,142,0,142,1805.03,19.47,1
3083,DECODE,142,0,142,1806.03,19.43,1
3084,DECODE,142,0,142,1807.03,18.95,1
3085,DECODE,142,0,142,1808.03,19.19,1
3086,DECODE,142,0,142,1809.03,19.09,1
3087,DECODE,142,0,142,1810.03,19.36,1
3088,DECODE,141,0,141,1815.07,18.57,1
3089,EXTEND,1,23,0,1263.00,33.99,1
3090,DECODE,142,0,142,1812.18,18.59,1
3091,DECODE,142,0,142,1813.18,18.72,1
3092,DECODE,142,0,142,1814.18,18.82,1
3093,DECODE,142,0,142,1815.18,18.75,1
3094,DECODE,142,0,142,1816.18,18.93,1
3095,DECODE,142,0,142,1817.18,19.22,1
3096,DECODE,142,0,142,1818.18,19.19,1
3097,DECODE,142,0,142,1819.18,19.00,1
3098,DECODE,142,0,142,1820.18,18.97,1
3099,DECODE,142,0,142,1821.18,19.04,1
3100,DECODE,142,0,142,1822.18,19.11,1
3101,DECODE,142,0,142,1823.18,19.02,1
3102,DECODE,142,0,142,1824.18,19.14,1
3103,DECODE,142,0,142,1825.18,19.04,1
3104,DECODE,142,0,142,1826.18,19.49,1
3105,DECODE,142,0,142,1827.18,19.18,1
3106,DECODE,142,0,142,1828.18,19.10,1
3107,DECODE,142,0,142,1829.18,19.12,1
3108,DECODE,142,0,142,1830.18,19.02,1
3109,DECODE,142,0,142,1831.18,19.00,1
3110,DECODE,142,0,142,1832.18,19.05,1
3111,DECODE,142,0,142,1833.18,18.99,1
3112,DECODE,142,0,142,1834.18,18.96,1
3113,DECODE,142,0,142,1835.18,18.99,1
3114,DECODE,142,0,142,1836.18,19.01,1
3115,DECODE,142,0,142,1837.18,18.94,1
3116,DECODE,142,0,142,1838.18,19.04,1
3117,DECODE,142,0,142,1839.18,18.93,1
3118,DECODE,142,0,142,1840.18,19.03,1
3119,DECODE,142,0,142,1841.18,18.98,1
3120,DECODE,142,0,142,1842.18,19.00,1
3121,DECODE,142,0,142,1843.18,18.96,1
3122,DECODE,142,0,142,1844.18,19.00,1
3123,DECODE,142,0,142,1845.18,18.88,1
3124,DECODE,142,0,142,1846.18,19.28,1
3125,DECODE,142,0,142,1847.18,19.18,1
3126,DECODE,142,0,142,1848.18,18.97,1
3127,DECODE,142,0,142,1849.18,19.34,1
3128,DECODE,142,0,142,1850.18,20.20,1
3129,DECODE,142,0,142,1851.18,20.18,1
3130,DECODE,142,0,142,1852.18,20.28,1
3131,DECODE,142,0,142,1853.18,20.16,1
3132,DECODE,142,0,142,1854.18,20.25,1
3133,DECODE,142,0,142,1855.18,20.18,1
3134,DECODE,142,0,142,1856.18,20.25,1
3135,DECODE,142,0,142,1857.18,20.21,1
3136,DECODE,142,0,142,1858.18,19.15,1
3137,DECODE,142,0,142,1859.18,18.75,1
3138,DECODE,142,0,142,1860.18,18.78,1
3139,DECODE,142,0,142,1861.18,18.75,1
3140,DECODE,142,0,142,1862.18,18.84,1
3141,DECODE,142,0,142,1863.18,18.92,1
3142,DECODE,142,0,142,1864.18,18.98,1
3143,DECODE,142,0,142,1865.18,19.00,1
3144,DECODE,142,0,142,1866.18,19.06,1
3145,DECODE,142,0,142,1867.18,19.06,1
3146,DECODE,142,0,142,1868.18,18.80,1
3147,DECODE,142,0,142,1869.18,19.49,1
3148,DECODE,142,0,142,1870.18,19.23,1
3149,DECODE,142,0,142,1871.18,19.18,1
3150,DECODE,142,0,142,1872.18,19.18,1
3151,DECODE,142,0,142,1873.18,19.22,1
3152,DECODE,142,0,142,1874.18,19.06,1
3153,DECODE,142,0,142,1875.18,19.36,1
3154,DECODE,142,0,142,1876.18,19.10,1
3155,DECODE,142,0,142,1877.18,19.06,1
3156,DECODE,142,0,142,1878.18,18.96,1
3157,DECODE,142,0,142,1879.18,19.99,1
3158,DECODE,142,0,142,1880.18,19.51,1
3159,DECODE,142,0,142,1881.18,19.55,1
3160,DECODE,142,0,142,1882.18,19.87,1
3161,DECODE,142,0,142,1883.18,19.14,1
3162,DECODE,142,0,142,1884.18,19.89,1
3163,DECODE,142,0,142,1885.18,18.97,1
3164,DECODE,142,0,142,1886.18,18.90,1
3165,DECODE,142,0,142,1887.18,19.63,1
3166,DECODE,142,0,142,1888.18,18.95,1
3167,DECODE,142,0,142,1889.18,18.97,1
3168,DECODE,142,0,142,1890.18,19.27,1
3169,DECODE,142,0,142,1891.18,19.28,1
3170,DECODE,142,0,142,1892.18,19.27,1
3171,DECODE,142,0,142,1893.18,18.94,1
3172,DECODE,142,0,142,1894.18,19.05,1
3173,DECODE,142,0,142,1895.18,19.01,1
3174,DECODE,142,0,142,1896.18,19.04,1
3175,DECODE,142,0,142,1897.18,19.00,1
3176,DECODE,142,0,142,1898.18,19.00,1
3177,DECODE,142,0,142,1899.18,19.29,1
3178,DECODE,142,0,142,1900.18,19.02,1
3179,DECODE,142,0,142,1901.18,19.00,1
3180,DECODE,142,0,142,1902.18,18.97,1
3181,DECODE,142,0,142,1903.18,18.90,1
3182,DECODE,142,0,142,1904.18,19.07,1
3183,DECODE,142,0,142,1905.18,19.09,1
3184,DECODE,142,0,142,1906.18,19.07,1
3185,DECODE,142,0,142,1907.18,19.02,1
3186,DECODE,142,0,142,1908.18,20.12,1
3187,DECODE,142,0,142,1909.18,19.41,1
3188,DECODE,142,0,142,1910.18,19.17,1
3189,DECODE,142,0,142,1911.18,20.03,1
3190,DECODE,142,0,142,1912.18,19.15,1
3191,DECODE,142,0,142,1913.18,19.96,1
3192,DECODE,142,0,142,1914.18,20.01,1
3193,DECODE,142,0,142,1915.18,20.15,1
3194,DECODE,142,0,142,1916.18,20.17,1
3195,DECODE,142,0,142,1917.18,20.05,1
3196,DECODE,142,0,142,1918.18,20.41,1
3197,DECODE,142,0,142,1919.18,20.01,1
3198,DECODE,142,0,142,1920.18,20.03,1
3199,DECODE,142,0,142,1921.18,20.09,1
3200,DECODE,142,0,142,1922.18,20.30,1
3201,DECODE,142,0,142,1923.18,19.74,1
3202,DECODE,142,0,142,1924.18,19.38,1
3203,DECODE,142,0,142,1925.18,19.37,1
3204,DECODE,142,0,142,1926.18,20.46,1
3205,DECODE,142,0,142,1927.18,19.98,1
3206,DECODE,142,0,142,1928.18,20.05,1
3207,DECODE,142,0,142,1929.18,20.38,1
3208,DECODE,142,0,142,1930.18,20.15,1
3209,DECODE,142,0,142,1931.18,20.34,1
3210,DECODE,142,0,142,1932.18,20.12,1
3211,DECODE,142,0,142,1933.18,20.03,1
3212,DECODE,142,0,142,1934.18,20.13,1
3213,DECODE,142,0,142,1935.18,20.01,1
3214,DECODE,142,0,142,1936.18,20.02,1
3215,DECODE,142,0,142,1937.18,20.03,1
3216,DECODE,142,0,142,1938.18,19.81,1
3217,DECODE,142,0,142,1939.18,19.67,1
3218,DECODE,142,0,142,1940.18,19.67,1
3219,DECODE,142,0,142,1941.18,19.83,1
3220,DECODE,142,0,142,1942.18,19.81,1
3221,DECODE,142,0,142,1943.18,19.84,1
3222,DECODE,142,0,142,1944.18,19.90,1
3223,DECODE,142,0,142,1945.18,19.32,1
3224,DECODE,142,0,142,1946.18,19.29,1
3225,DECODE,142,0,142,1947.18,19.30,1
3226,DECODE,142,0,142,1948.18,19.28,1
3227,DECODE,142,0,142,1949.18,19.35,1
3228,DECODE,142,0,142,1950.18,19.54,1
3229,DECODE,142,0,142,1951.18,19.33,1
3230,DECODE,142,0,142,1952.18,19.34,1
3231,DECODE,142,0,142,1953.18,19.24,1
3232,DECODE,142,0,142,1954.18,19.17,1
3233,DECODE,142,0,142,1955.18,19.24,1
3234,DECODE,142,0,142,1956.18,19.26,1
3235,DECODE,142,0,142,1957.18,19.87,1
3236,DECODE,142,0,142,1958.18,20.29,1
3237,DECODE,142,0,142,1959.18,19.46,1
3238,DECODE,142,0,142,1960.18,20.16,1
3239,DECODE,142,0,142,1961.18,20.14,1
3240,DECODE,142,0,142,1962.18,20.30,1
3241,DECODE,142,0,142,1963.18,20.18,1
3242,DECODE,142,0,142,1964.18,20.00,1
3243,DECODE,142,0,142,1965.18,20.15,1
3244,DECODE,142,0,142,1966.18,20.09,1
3245,DECODE,142,0,142,1967.18,20.42,1
3246,DECODE,142,0,142,1968.18,20.14,1
3247,DECODE,142,0,142,1969.18,20.12,1
3248,DECODE,142,0,142,1970.18,20.16,1
3249,DECODE,142,0,142,1971.18,20.23,1
3250,DECODE,142,0,142,1972.18,19.42,1
3251,DECODE,142,0,142,1973.18,19.38,1
3252,DECODE,142,0,142,1974.18,20.03,1
3253,DECODE,142,0,142,1975.18,20.14,1
3254,DECODE,142,0,142,1976.18,20.29,1
3255,DECODE,142,0,142,1977.18,19.87,1
3256,DECODE,142,0,142,1978.18,19.46,1
3257,DECODE,142,0,142,1979.18,19.41,1
3258,DECODE,142,0,142,1980.18,19.47,1
3259,DECODE,141,0,141,1977.07,19.56,1
3260,DECODE,141,0,141,1978.07,19.48,1
3261,DECODE,141,0,141,1979.07,19.43,1
3262,DECODE,141,0,141,1980.07,19.55,1
3263,DECODE,141,0,141,1981.07,19.59,1
3264,DECODE,141,0,141,1982.07,19.36,1
3265,DECODE,141,0,141,1983.07,19.40,1
3266,DECODE,141,0,141,1984.07,19.28,1
3267,DECODE,140,0,140,1980.96,19.35,1
3268,DECODE,140,0,140,1981.96,19.29,1
3269,DECODE,140,0,140,1982.96,19.89,1
3270,DECODE,138,0,138,1975.59,19.66,1
3271,DECODE,138,0,138,1976.59,19.36,1
3272,DECODE,138,0,138,1977.59,19.35,1
3273,DECODE,138,0,138,1978.59,19.24,1
3274,DECODE,138,0,138,1979.59,19.32,1
3275,DECODE,136,0,136,1972.06,19.19,1
3276,DECODE,136,0,136,1973.06,18.85,1
3277,DECODE,135,0,135,1969.71,18.98,1
3278,DECODE,135,0,135,1970.71,20.06,1
3279,DECODE,134,0,134,1967.31,18.92,1
3280,DECODE,134,0,134,1968.31,18.78,1
3281,DECODE,134,0,134,1969.31,18.76,1
3282,DECODE,133,0,133,1965.87,18.81,1
3283,DECODE,133,0,133,1966.87,18.78,1
3284,DECODE,132,0,132,1963.38,18.05,1
3285,DECODE,130,0,130,1955.20,18.01,1
3286,DECODE,129,0,129,1951.51,17.90,1
3287,DECODE,129,0,129,1952.51,17.88,1
3288,DECODE,128,0,128,1948.77,17.60,1
3289,DECODE,125,0,125,1935.10,17.41,1
3290,DECODE,125,0,125,1936.10,17.35,1
3291,DECODE,125,0,125,1937.10,17.38,1
3292,DECODE,125,0,125,1938.10,17.35,1
3293,DECODE,125,0,125,1939.10,17.47,1
3294,DECODE,125,0,125,1940.10,17.37,1
3295,DECODE,125,0,125,1941.10,17.41,1
3296,DECODE,124,0,124,1937.10,17.43,1
3297,DECODE,123,0,123,1933.04,17.49,1
3298,DECODE,123,0,123,1934.04,17.39,1
3299,DECODE,122,0,122,1929.91,17.27,1
3300,DECODE,121,0,121,1925.70,17.27,1
3301,DECODE,120,0,120,1921.42,17.20,1
3302,DECODE,120,0,120,1922.42,17.09,1
3303,DECODE,120,0,120,1923.42,17.04,1
3304,DECODE,119,0,119,1919.07,17.12,1
3305,DECODE,119,0,119,1920.07,17.00,1
3306,DECODE,118,0,118,1915.64,18.05,1
3307,DECODE,116,0,116,1905.53,17.86,1
3308,DECODE,115,0,115,1900.84,17.38,1
3309,DECODE,115,0,115,1901.84,16.73,1
3310,DECODE,115,0,115,1902.84,17.62,1
3311,DECODE,115,0,115,1903.84,17.49,1
3312,DECODE,113,0,113,1893.23,16.94,1
3313,DECODE,112,0,112,1888.28,16.39,1
3314,DECODE,110,0,110,1877.06,16.38,1
3315,DECODE,110,0,110,1878.06,16.19,1
3316,DECODE,109,0,109,1872.81,16.17,1
3317,DECODE,109,0,109,1873.81,15.82,1
3318,DECODE,108,0,108,1868.45,16.10,1
3319,DECODE,107,0,107,1862.99,16.04,1
3320,DECODE,107,0,107,1863.99,15.98,1
3321,DECODE,105,0,105,1851.73,16.00,1
3322,DECODE,105,0,105,1852.73,16.04,1
3323,DECODE,105,0,105,1853.73,15.98,1
3324,DECODE,103,0,103,1841.02,15.83,1
3325,DECODE,103,0,103,1842.02,15.78,1
3326,DECODE,103,0,103,1843.02,15.72,1
3327,DECODE,103,0,103,1844.02,15.72,1
3328,DECODE,101,0,101,1830.84,15.74,1
3329,DECODE,101,0,101,1831.84,15.62,1
3330,DECODE,101,0,101,1832.84,15.57,1
3331,DECODE,100,0,100,1826.57,15.62,1
3332,DECODE,100,0,100,1827.57,15.60,1
3333,DECODE,100,0,100,1828.57,15.62,1
3334,DECODE,100,0,100,1829.57,15.46,1
3335,DECODE,100,0,100,1830.57,15.43,1
3336,DECODE,100,0,100,1831.57,15.44,1
3337,DECODE,99,0,99,1825.21,15.47,1
3338,DECODE,98,0,98,1818.71,15.38,1
3339,DECODE,98,0,98,1819.71,15.39,1
3340,DECODE,98,0,98,1820.71,15.39,1
3341,DECODE,98,0,98,1821.71,15.37,1
3342,DECODE,98,0,98,1822.71,16.13,1
3343,DECODE,98,0,98,1823.71,16.05,1
3344,DECODE,97,0,97,1817.12,15.49,1
3345,DECODE,97,0,97,1818.12,15.42,1
3346,DECODE,97,0,97,1819.12,16.79,1
3347,DECODE,97,0,97,1820.12,15.44,1
3348,DECODE,97,0,97,1821.12,15.38,1
3349,DECODE,97,0,97,1822.12,15.39,1
3350,DECODE,96,0,96,1815.44,16.28,1
3351,DECODE,95,0,95,1808.60,15.45,1
3352,DECODE,95,0,95,1809.60,15.54,1
3353,DECODE,95,0,95,1810.60,15.84,1
3354,DECODE,95,0,95,1811.60,16.14,1
3355,DECODE,95,0,95,1812.60,16.10,1
3356,DECODE,95,0,95,1813.60,16.25,1
3357,DECODE,94,0,94,1806.66,16.50,1
3358,DECODE,93,0,93,1807.95,16.14,1
3359,EXTEND,1,40,0,1820.00,34.60,1
3360,DECODE,94,0,94,1809.07,15.80,1
3361,DECODE,94,0,94,1810.07,15.36,1
3362,DECODE,94,0,94,1811.07,15.40,1
3363,DECODE,94,0,94,1812.07,15.35,1
3364,DECODE,92,0,92,1796.82,15.96,1
3365,DECODE,92,0,92,1797.82,15.26,1
3366,DECODE,92,0,92,1798.82,15.24,1
3367,DECODE,92,0,92,1799.82,15.19,1
3368,DECODE,92,0,92,1800.82,15.30,1
3369,DECODE,92,0,92,1801.82,15.20,1
3370,DECODE,92,0,92,1802.82,15.29,1
3371,DECODE,92,0,92,1803.82,15.37,1
3372,DECODE,92,0,92,1804.82,15.34,1
3373,DECODE,92,0,92,1805.82,15.40,1
3374,DECODE,92,0,92,1806.82,15.26,1
3375,DECODE,92,0,92,1807.82,15.28,1
3376,DECODE,91,0,91,1800.55,16.30,1
3377,DECODE,91,0,91,1801.55,16.12,1
3378,DECODE,91,0,91,1802.55,16.17,1
3379,DECODE,91,0,91,1803.55,15.70,1
3380,DECODE,91,0,91,1804.55,15.43,1
3381,DECODE,91,0,91,1805.55,15.31,1
3382,DECODE,91,0,91,1806.55,16.58,1
3383,DECODE,91,0,91,1807.55,16.15,1
3384,DECODE,91,0,91,1808.55,16.25,1
3385,DECODE,91,0,91,1809.55,16.12,1
3386,DECODE,91,0,91,1810.55,16.12,1
3387,DECODE,91,0,91,1811.55,16.17,1
3388,DECODE,91,0,91,1812.55,16.20,1
3389,DECODE,90,0,90,1805.24,16.36,1
3390,DECODE,90,0,90,1806.24,16.10,1
3391,DECODE,90,0,90,1807.24,16.00,1
3392,DECODE,90,0,90,1808.24,16.18,1
3393,DECODE,90,0,90,1809.24,16.14,1
3394,DECODE,90,0,90,1810.24,16.05,1
3395,DECODE,90,0,90,1811.24,16.70,1
3396,DECODE,90,0,90,1812.24,16.71,1
3397,DECODE,90,0,90,1813.24,16.82,1
3398,DECODE,90,0,90,1814.24,16.71,1
3399,DECODE,90,0,90,1815.24,16.28,1
3400,DECODE,90,0,90,1816.24,16.21,1
3401,DECODE,90,0,90,1817.24,15.20,1
3402,DECODE,89,0,89,1809.90,15.36,1
3403,DECODE,89,0,89,1810.90,15.21,1
3404,DECODE,89,0,89,1811.90,15.32,1
3405,DECODE,89,0,89,1812.90,15.30,1
3406,DECODE,89,0,89,1813.90,15.27,1
3407,DECODE,89,0,89,1814.90,15.26,1
3408,DECODE,89,0,89,1815.90,15.28,1
3409,DECODE,89,0,89,1816.90,15.31,1
3410,DECODE,89,0,89,1817.90,15.29,1
3411,DECODE,89,0,89,1818.90,15.29,1
3412,DECODE,89,0,89,1819.90,15.27,1
3413,DECODE,89,0,89,1820.90,15.27,1
3414,DECODE,89,0,89,1821.90,16.40,1
3415,DECODE,89,0,89,1822.90,15.94,1
3416,DECODE,89,0,89,1823.90,16.20,1
3417,DECODE,89,0,89,1824.90,16.22,1
3418,DECODE,89,0,89,1825.90,16.36,1
3419,DECODE,89,0,89,1826.90,16.16,1
3420,DECODE,89,0,89,1827.90,16.25,1
3421,DECODE,89,0,89,1828.90,16.17,1
3422,DECODE,89,0,89,1829.90,16.31,1
3423,DECODE,89,0,89,1830.90,16.16,1
3424,DECODE,89,0,89,1831.90,16.72,1
3425,DECODE,89,0,89,1832.90,15.96,1
3426,DECODE,89,0,89,1833.90,15.53,1
3427,DECODE,89,0,89,1834.90,15.32,1
3428,DECODE,89,0,89,1835.90,16.26,1
3429,DECODE,89,0,89,1836.90,15.31,1
3430,DECODE,89,0,89,1837.90,15.80,1
3431,DECODE,89,0,89,1838.90,15.32,1
3432,DECODE,88,0,88,1831.70,17.60,1
3433,DECODE,88,0,88,1832.70,14.88,1
3434,DECODE,88,0,88,1833.70,15.11,1
3435,DECODE,88,0,88,1834.70,15.13,1
3436,DECODE,88,0,88,1835.70,15.03,1
3437,DECODE,88,0,88,1836.70,15.11,1
3438,DECODE,88,0,88,1837.70,15.15,1
3439,DECODE,88,0,88,1838.70,15.14,1
3440,DECODE,88,0,88,1839.70,15.14,1
3441,DECODE,88,0,88,1840.70,14.94,1
3442,DECODE,88,0,88,1841.70,15.09,1
3443,DECODE,88,0,88,1842.70,15.16,1
3444,DECODE,88,0,88,1843.70,15.09,1
3445,DECODE,88,0,88,1844.70,15.11,1
3446,DECODE,88,0,88,1845.70,15.11,1
3447,DECODE,87,0,87,1838.49,15.19,1
3448,DECODE,87,0,87,1839.49,15.16,1
3449,DECODE,87,0,87,1840.49,15.01,1
3450,DECODE,87,0,87,1841.49,15.16,1
3451,DECODE,87,0,87,1842.49,15.16,1
3452,DECODE,87,0,87,1843.49,15.16,1
3453,DECODE,87,0,87,1844.49,15.15,1
3454,DECODE,87,0,87,1845.49,15.14,1
3455,DECODE,87,0,87,1846.49,15.17,1
3456,DECODE,87,0,87,1847.49,15.15,1
3457,DECODE,87,0,87,1848.49,15.14,1
3458,DECODE,87,0,87,1849.49,15.14,1
3459,DECODE,87,0,87,1850.49,15.14,1
3460,DECODE,87,0,87,1851.49,15.16,1
3461,DECODE,86,0,86,1844.26,15.13,1
3462,DECODE,86,0,86,1845.26,15.21,1
3463,DECODE,86,0,86,1846.26,15.12,1
3464,DECODE,86,0,86,1847.26,15.13,1
3465,DECODE,86,0,86,1848.26,15.19,1
3466,DECODE,85,0,85,1840.88,15.23,1
3467,DECODE,85,0,85,1841.88,15.28,1
3468,DECODE,85,0,85,1842.88,15.28,1
3469,DECODE,85,0,85,1843.88,15.16,1
3470,DECODE,85,0,85,1844.88,15.14,1
3471,DECODE,85,0,85,1845.88,15.17,1
3472,DECODE,85,0,85,1846.88,15.04,1
3473,DECODE,85,0,85,1847.88,15.10,1
3474,DECODE,85,0,85,1848.88,15.22,1
3475,DECODE,85,0,85,1849.88,15.27,1
3476,DECODE,85,0,85,1850.88,15.32,1
3477,DECODE,85,0,85,1851.88,15.33,1
3478,DECODE,85,0,85,1852.88,15.29,1
3479,DECODE,85,0,85,1853.88,15.33,1
3480,DECODE,85,0,85,1854.88,15.13,1
3481,DECODE,85,0,85,1855.88,15.21,1
3482,DECODE,85,0,85,1856.88,15.19,1
3483,DECODE,85,0,85,1857.88,15.25,1
3484,DECODE,85,0,85,1858.88,15.37,1
3485,DECODE,85,0,85,1859.88,15.33,1
3486,DECODE,85,0,85,1860.88,15.35,1
3487,DECODE,85,0,85,1861.88,15.22,1
3488,DECODE,85,0,85,1862.88,15.35,1
3489,DECODE,85,0,85,1863.88,15.30,1
3490,DECODE,85,0,85,1864.88,16.01,1
3491,DECODE,85,0,85,1865.88,15.62,1
3492,DECODE,85,0,85,1866.88,15.93,1
3493,DECODE,85,0,85,1867.88,15.92,1
3494,DECODE,85,0,85,1868.88,15.84,1
3495,DECODE,85,0,85,1869.88,15.30,1
3496,DECODE,85,0,85,1870.88,15.95,1
3497,DECODE,85,0,85,1871.88,15.94,1
3498,DECODE,85,0,85,1872.88,16.09,1
3499,DECODE,85,0,85,1873.88,16.10,1
3500,DECODE,85,0,85,1874.88,15.76,1
3501,DECODE,85,0,85,1875.88,15.73,1
3502,DECODE,85,0,85,1876.88,15.78,1
3503,DECODE,85,0,85,1877.88,15.82,1
3504,DECODE,85,0,85,1878.88,15.26,1
3505,DECODE,85,0,85,1879.88,15.32,1
3506,DECODE,85,0,85,1880.88,15.24,1
3507,DECODE,85,0,85,1881.88,15.31,1
3508,DECODE,85,0,85,1882.88,15.27,1
3509,DECODE,85,0,85,1883.88,15.28,1
3510,DECODE,85,0,85,1884.88,15.88,1
3511,DECODE,85,0,85,1885.88,16.08,1
3512,DECODE,85,0,85,1886.88,15.98,1
3513,DECODE,85,0,85,1887.88,16.55,1
3514,DECODE,85,0,85,1888.88,15.42,1
3515,DECODE,85,0,85,1889.88,15.35,1
3516,DECODE,85,0,85,1890.88,15.77,1
3517,DECODE,85,0,85,1891.88,15.25,1
3518,DECODE,85,0,85,1892.88,15.25,1
3519,DECODE,85,0,85,1893.88,15.24,1
3520,DECODE,85,0,85,1894.88,15.86,1
3521,DECODE,85,0,85,1895.88,15.95,1
3522,DECODE,85,0,85,1896.88,15.64,1
3523,DECODE,85,0,85,1897.88,15.24,1
3524,DECODE,85,0,85,1898.88,15.09,1
3525,DECODE,85,0,85,1899.88,15.42,1
3526,DECODE,85,0,85,1900.88,15.17,1
3527,DECODE,85,0,85,1901.88,15.15,1
3528,DECODE,85,0,85,1902.88,15.23,1
3529,DECODE,85,0,85,1903.88,15.20,1
3530,DECODE,85,0,85,1904.88,15.75,1
3531,DECODE,85,0,85,1905.88,15.37,1
3532,DECODE,85,0,85,1906.88,15.34,1
3533,DECODE,85,0,85,1907.88,15.29,1
3534,DECODE,85,0,85,1908.88,15.35,1
3535,DECODE,85,0,85,1909.88,15.43,1
3536,DECODE,85,0,85,1910.88,15.34,1
3537,DECODE,85,0,85,1911.88,15.31,1
3538,DECODE,85,0,85,1912.88,15.16,1
3539,DECODE,85,0,85,1913.88,16.16,1
3540,DECODE,85,0,85,1914.88,16.17,1
3541,DECODE,85,0,85,1915.88,17.27,1
3542,DECODE,85,0,85,1916.88,16.09,1
3543,DECODE,85,0,85,1917.88,16.14,1
3544,DECODE,85,0,85,1918.88,16.00,1
3545,DECODE,85,0,85,1919.88,16.19,1
3546,DECODE,85,0,85,1920.88,15.86,1
3547,DECODE,85,0,85,1921.88,16.33,1
3548,DECODE,85,0,85,1922.88,15.68,1
3549,DECODE,85,0,85,1923.88,15.28,1
3550,DECODE,85,0,85,1924.88,15.19,1
3551,DECODE,85,0,85,1925.88,15.23,1
3552,DECODE,85,0,85,1926.88,15.43,1
3553,DECODE,85,0,85,1927.88,15.46,1
3554,DECODE,85,0,85,1928.88,16.07,1
3555,DECODE,85,0,85,1929.88,15.86,1
3556,DECODE,85,0,85,1930.88,15.79,1
3557,DECODE,85,0,85,1931.88,16.66,1
3558,DECODE,85,0,85,1932.88,16.08,1
3559,DECODE,85,0,85,1933.88,15.97,1
3560,DECODE,85,0,85,1934.88,16.09,1
3561,DECODE,85,0,85,1935.88,16.00,1
3562,DECODE,85,0,85,1936.88,16.23,1
3563,DECODE,85,0,85,1937.88,16.00,1
3564,DECODE,85,0,85,1938.88,16.18,1
3565,DECODE,85,0,85,1939.88,16.27,1
3566,DECODE,85,0,85,1940.88,16.10,1
3567,DECODE,85,0,85,1941.88,16.07,1
3568,DECODE,85,0,85,1942.88,15.48,1
3569,DECODE,85,0,85,1943.88,15.52,1
3570,DECODE,85,0,85,1944.88,16.22,1
3571,DECODE,85,0,85,1945.88,16.11,1
3572,DECODE,85,0,85,1946.88,16.60,1
3573,DECODE,85,0,85,1947.88,15.46,1
3574,DECODE,85,0,85,1948.88,15.44,1
3575,DECODE,85,0,85,1949.88,15.42,1
3576,DECODE,85,0,85,1950.88,15.45,1
3577,DECODE,85,0,85,1951.88,15.43,1
3578,DECODE,85,0,85,1952.88,15.34,1
3579,DECODE,85,0,85,1953.88,15.33,1
3580,DECODE,85,0,85,1954.88,15.36,1
3581,DECODE,85,0,85,1955.88,15.46,1
3582,DECODE,85,0,85,1956.88,15.31,1
3583,DECODE,85,0,85,1957.88,15.19,1
3584,DECODE,85,0,85,1958.88,16.15,1
3585,DECODE,85,0,85,1959.88,15.85,1
3586,DECODE,85,0,85,1960.88,16.17,1
3587,DECODE,85,0,85,1961.88,16.05,1
3588,DECODE,85,0,85,1962.88,16.05,1
3589,DECODE,85,0,85,1963.88,16.12,1
3590,DECODE,85,0,85,1964.88,16.02,1
3591,DECODE,85,0,85,1965.88,16.15,1
3592,DECODE,85,0,85,1966.88,16.13,1
3593,DECODE,85,0,85,1967.88,16.18,1
3594,DECODE,85,0,85,1968.88,16.17,1
3595,DECODE,85,0,85,1969.88,15.98,1
3596,DECODE,85,0,85,1970.88,15.44,1
3597,DECODE,85,0,85,1971.88,15.42,1
3598,DECODE,85,0,85,1972.88,15.34,1
3599,DECODE,85,0,85,1973.88,15.29,1
3600,DECODE,85,0,85,1974.88,15.24,1
3601,DECODE,85,0,85,1975.88,15.31,1
3602,DECODE,85,0,85,1976.88,15.24,1
3603,DECODE,85,0,85,1977.88,15.33,1
3604,DECODE,85,0,85,1978.88,15.35,1
3605,DECODE,85,0,85,1979.88,15.37,1
3606,DECODE,85,0,85,1980.88,15.40,1
3607,DECODE,85,0,85,1981.88,15.47,1
3608,DECODE,85,0,85,1982.88,15.42,1
3609,DECODE,85,0,85,1983.88,15.40,1
3610,DECODE,85,0,85,1984.88,15.38,1
3611,DECODE,85,0,85,1985.88,15.44,1
3612,DECODE,85,0,85,1986.88,15.40,1
3613,DECODE,85,0,85,1987.88,15.51,1
3614,DECODE,85,0,85,1988.88,16.31,1
3615,DECODE,85,0,85,1989.88,16.33,1
3616,DECODE,85,0,85,1990.88,15.50,1
3617,DECODE,85,0,85,1991.88,15.46,1
3618,DECODE,85,0,85,1992.88,15.43,1
3619,DECODE,85,0,85,1993.88,15.38,1
3620,DECODE,85,0,85,1994.88,16.29,1
3621,DECODE,85,0,85,1995.88,16.34,1
3622,DECODE,85,0,85,1996.88,16.26,1
3623,DECODE,85,0,85,1997.88,16.23,1
3624,DECODE,85,0,85,1998.88,16.26,1
3625,DECODE,85,0,85,1999.88,16.34,1
3626,DECODE,85,0,85,2000.88,16.27,1
3627,DECODE,85,0,85,2001.88,15.96,1
3628,DECODE,85,0,85,2002.88,16.33,1
3629,DECODE,85,0,85,2003.88,16.34,1
3630,DECODE,85,0,85,2004.88,16.31,1
3631,DECODE,85,0,85,2005.88,16.28,1
3632,DECODE,85,0,85,2006.88,16.41,1
3633,DECODE,85,0,85,2007.88,16.38,1
3634,DECODE,85,0,85,2008.88,16.40,1
3635,DECODE,85,0,85,2009.88,16.35,1
3636,DECODE,85,0,85,2010.88,16.32,1
3637,DECODE,85,0,85,2011.88,17.26,1
3638,DECODE,85,0,85,2012.88,15.30,1
3639,DECODE,85,0,85,2013.88,15.46,1
3640,DECODE,85,0,85,2014.88,15.52,1
3641,DECODE,85,0,85,2015.88,16.10,1
3642,DECODE,85,0,85,2016.88,15.73,1
3643,DECODE,85,0,85,2017.88,15.87,1
3644,DECODE,85,0,85,2018.88,16.04,1
3645,DECODE,85,0,85,2019.88,16.14,1
3646,DECODE,85,0,85,2020.88,15.60,1
3647,DECODE,85,0,85,2021.88,15.54,1
3648,DECODE,85,0,85,2022.88,15.93,1
3649,DECODE,85,0,85,2023.88,15.92,1
3650,DECODE,85,0,85,2024.88,15.75,1
3651,DECODE,85,0,85,2025.88,16.14,1
3652,DECODE,85,0,85,2026.88,15.99,1
3653,DECODE,85,0,85,2027.88,15.52,1
3654,DECODE,85,0,85,2028.88,15.99,1
3655,DECODE,85,0,85,2029.88,15.62,1
3656,DECODE,85,0,85,2030.88,15.60,1
3657,DECODE,85,0,85,2031.88,16.00,1
3658,DECODE,85,0,85,2032.88,15.99,1
3659,DECODE,85,0,85,2033.88,15.98,1
3660,DECODE,85,0,85,2034.88,15.97,1
3661,DECODE,85,0,85,2035.88,16.20,1
3662,DECODE,85,0,85,2036.88,15.97,1
3663,DECODE,85,0,85,2037.88,16.37,1
3664,DECODE,85,0,85,2038.88,16.28,1
3665,DECODE,84,0,84,2033.80,16.48,1
3666,DECODE,84,0,84,2034.80,16.99,1
3667,DECODE,84,0,84,2035.80,16.97,1
3668,DECODE,84,0,84,2036.80,17.00,1
3669,DECODE,84,0,84,2037.80,16.35,1
3670,DECODE,84,0,84,2038.80,16.56,1
3671,DECODE,84,0,84,2039.80,16.17,1
3672,DECODE,84,0,84,2040.80,16.43,1
3673,DECODE,84,0,84,2041.80,16.38,1
3674,DECODE,84,0,84,2042.80,16.43,1
3675,DECODE,84,0,84,2043.80,16.47,1
3676,DECODE,84,0,84,2044.80,16.46,1
3677,DECODE,84,0,84,2045.80,16.40,1
3678,DECODE,84,0,84,2046.80,16.39,1
3679,DECODE,84,0,84,2047.80,16.47,1
3680,DECODE,84,0,84,2048.80,16.35,1
3681,DECODE,84,0,84,2049.80,15.52,1
3682,DECODE,84,0,84,2050.80,15.66,1
3683,DECODE,84,0,84,2051.80,15.67,1
3684,DECODE,84,0,84,2052.80,15.63,1
3685,DECODE,84,0,84,2053.80,16.80,1
3686,DECODE,84,0,84,2054.80,16.10,1
3687,DECODE,84,0,84,2055.80,15.71,1
3688,DECODE,84,0,84,2056.80,15.77,1
3689,DECODE,84,0,84,2057.80,16.64,1
3690,DECODE,84,0,84,2058.80,16.12,1
3691,DECODE,84,0,84,2059.80,16.20,1
3692,DECODE,84,0,84,2060.80,16.25,1
3693,DECODE,84,0,84,2061.80,15.62,1
3694,DECODE,84,0,84,2062.80,15.63,1
3695,DECODE,84,0,84,2063.80,15.70,1
3696,DECODE,84,0,84,2064.80,15.64,1
3697,DECODE,84,0,84,2065.80,16.47,1
3698,DECODE,84,0,84,2066.80,16.48,1
3699,DECODE,84,0,84,2067.80,16.29,1
3700,DECODE,83,0,83,2062.87,15.36,1
3701,DECODE,83,0,83,2063.87,15.52,1
3702,DECODE,83,0,83,2064.87,15.65,1
3703,DECODE,83,0,83,2065.87,15.53,1
3704,DECODE,83,0,83,2066.87,15.49,1
3705,DECODE,83,0,83,2067.87,16.38,1
3706,DECODE,83,0,83,2068.87,16.27,1
3707,DECODE,83,0,83,2069.87,16.29,1
3708,DECODE,83,0,83,2070.87,15.49,1
3709,DECODE,83,0,83,2071.87,15.55,1
3710,DECODE,83,0,83,2072.87,15.52,1
3711,DECODE,83,0,83,2073.87,16.56,1
3712,DECODE,83,0,83,2074.87,15.77,1
3713,DECODE,83,0,83,2075.87,15.55,1
3714,DECODE,83,0,83,2076.87,15.61,1
3715,DECODE,83,0,83,2077.87,15.47,1
3716,DECODE,83,0,83,2078.87,15.60,1
3717,DECODE,83,0,83,2079.87,15.70,1
3718,DECODE,83,0,83,2080.87,15.70,1
3719,DECODE,83,0,83,2081.87,15.62,1
3720,DECODE,83,0,83,2082.87,16.39,1
3721,DECODE,83,0,83,2083.87,16.32,1
3722,DECODE,83,0,83,2084.87,16.32,1
3723,DECODE,83,0,83,2085.87,16.46,1
3724,DECODE,83,0,83,2086.87,15.63,1
3725,DECODE,83,0,83,2087.87,15.53,1
3726,DECODE,83,0,83,2088.87,16.27,1
3727,DECODE,83,0,83,2089.87,16.59,1
3728,DECODE,83,0,83,2090.87,16.45,1
3729,DECODE,83,0,83,2091.87,16.47,1
3730,DECODE,83,0,83,2092.87,16.44,1
3731,DECODE,83,0,83,2093.87,16.49,1
3732,DECODE,83,0,83,2094.87,16.55,1
3733,DECODE,83,0,83,2095.87,16.44,1
3734,DECODE,83,0,83,2096.87,16.45,1
3735,DECODE,83,0,83,2097.87,16.59,1
3736,DECODE,83,0,83,2098.87,16.48,1
3737,DECODE,83,0,83,2099.87,16.64,1
3738,DECODE,83,0,83,2100.87,16.19,1
3739,DECODE,83,0,83,2101.87,15.68,1
3740,DECODE,83,0,83,2102.87,15.72,1
3741,DECODE,83,0,83,2103.87,15.77,1
3742,DECODE,83,0,83,2104.87,15.65,1
3743,DECODE,83,0,83,2105.87,15.80,1
3744,DECODE,83,0,83,2106.87,15.72,1
3745,DECODE,83,0,83,2107.87,15.78,1
3746,DECODE,83,0,83,2108.87,15.66,1
3747,DECODE,83,0,83,2109.87,16.13,1
3748,DECODE,83,0,83,2110.87,16.65,1
3749,DECODE,83,0,83,2111.87,17.50,1
3750,DECODE,83,0,83,2112.87,16.58,1
3751,DECODE,83,0,83,2113.87,16.63,1
3752,DECODE,83,0,83,2114.87,16.56,1
3753,DECODE,83,0,83,2115.87,16.61,1
3754,DECODE,83,0,83,2116.87,16.55,1
3755,DECODE,83,0,83,2117.87,16.61,1
3756,DECODE,83,0,83,2118.87,16.53,1
3757,DECODE,83,0,83,2119.87,16.62,1
3758,DECODE,83,0,83,2120.87,16.55,1
3759,DECODE,83,0,83,2121.87,16.64,1
3760,DECODE,83,0,83,2122.87,16.59,1
3761,DECODE,83,0,83,2123.87,16.64,1
3762,DECODE,83,0,83,2124.87,16.67,1
3763,DECODE,83,0,83,2125.87,16.40,1
3764,DECODE,83,0,83,2126.87,16.62,1
3765,DECODE,83,0,83,2127.87,16.63,1
3766,DECODE,83,0,83,2128.87,16.61,1
3767,DECODE,83,0,83,2129.87,16.64,1
3768,DECODE,83,0,83,2130.87,16.68,1
3769,DECODE,83,0,83,2131.87,16.73,1
3770,DECODE,83,0,83,2132.87,16.64,1
3771,DECODE,83,0,83,2133.87,17.32,1
3772,DECODE,83,0,83,2134.87,16.74,1
3773,DECODE,83,0,83,2135.87,16.66,1
3774,DECODE,83,0,83,2136.87,17.25,1
3775,DECODE,83,0,83,2137.87,16.78,1
3776,DECODE,83,0,83,2138.87,16.68,1
3777,DECODE,83,0,83,2139.87,16.79,1
3778,DECODE,83,0,83,2140.87,16.69,1
3779,DECODE,83,0,83,2141.87,16.67,1
3780,DECODE,83,0,83,2142.87,16.74,1
3781,DECODE,83,0,83,2143.87,16.64,1
3782,DECODE,83,0,83,2144.87,16.71,1
3783,DECODE,83,0,83,2145.87,16.52,1
3784,DECODE,83,0,83,2146.87,16.36,1
3785,DECODE,83,0,83,2147.87,16.66,1
3786,DECODE,83,0,83,2148.87,16.46,1
3787,DECODE,83,0,83,2149.87,16.66,1
3788,DECODE,83,0,83,2150.87,16.62,1
3789,DECODE,83,0,83,2151.87,16.61,1
3790,DECODE,83,0,83,2152.87,16.63,1
3791,DECODE,83,0,83,2153.87,16.75,1
3792,DECODE,83,0,83,2154.87,16.66,1
3793,DECODE,83,0,83,2155.87,16.46,1
3794,DECODE,83,0,83,2156.87,16.57,1
3795,DECODE,83,0,83,2157.87,16.66,1
3796,DECODE,83,0,83,2158.87,16.68,1
3797,DECODE,83,0,83,2159.87,16.76,1
3798,DECODE,83,0,83,2160.87,16.63,1
3799,DECODE,83,0,83,2161.87,16.78,1
3800,DECODE,83,0,83,2162.87,16.67,1
3801,DECODE,82,0,82,2159.02,17.29,1
3802,DECODE,82,0,82,2160.02,17.80,1
3803,DECODE,82,0,82,2161.02,16.61,1
3804,DECODE,82,0,82,2162.02,18.59,1
3805,DECODE,82,0,82,2163.02,16.79,1
3806,DECODE,82,0,82,2164.02,16.62,1
3807,DECODE,82,0,82,2165.02,16.86,1
3808,DECODE,82,0,82,2166.02,16.71,1
3809,DECODE,82,0,82,2167.02,16.64,1
3810,DECODE,82,0,82,2168.02,16.71,1
3811,DECODE,82,0,82,2169.02,16.70,1
3812,DECODE,82,0,82,2170.02,16.05,1
3813,DECODE,82,0,82,2171.02,15.82,1
3814,DECODE,82,0,82,2172.02,15.90,1
3815,DECODE,82,0,82,2173.02,15.64,1
3816,DECODE,82,0,82,2174.02,15.85,1
3817,DECODE,82,0,82,2175.02,16.93,1
3818,DECODE,82,0,82,2176.02,15.71,1
3819,DECODE,82,0,82,2177.02,15.67,1
3820,DECODE,82,0,82,2178.02,15.69,1
3821,DECODE,82,0,82,2179.02,15.77,1
3822,DECODE,82,0,82,2180.02,15.76,1
3823,DECODE,82,0,82,2181.02,15.81,1
3824,DECODE,82,0,82,2182.02,15.84,1
3825,DECODE,82,0,82,2183.02,15.79,1
3826,DECODE,82,0,82,2184.02,15.74,1
3827,DECODE,81,0,81,2183.42,16.72,1
3828,DECODE,81,0,81,2184.42,16.64,1
3829,DECODE,81,0,81,2185.42,16.60,1
3830,DECODE,81,0,81,2186.42,16.19,1
3831,DECODE,81,0,81,2187.42,16.17,1
3832,DECODE,81,0,81,2188.42,16.09,1
3833,DECODE,81,0,81,2189.42,16.15,1
3834,DECODE,81,0,81,2190.42,16.18,1
3835,DECODE,81,0,81,2191.42,16.21,1
3836,DECODE,81,0,81,2192.42,16.14,1
3837,DECODE,81,0,81,2193.42,16.16,1
3838,DECODE,81,0,81,2194.42,17.01,1
3839,DECODE,80,0,80,2194.11,20.41,1
3840,DECODE,80,0,80,2195.11,16.59,1
3841,DECODE,80,0,80,2196.11,16.64,1
3842,DECODE,80,0,80,2197.11,16.18,1
3843,DECODE,80,0,80,2198.11,16.57,1
3844,DECODE,80,0,80,2199.11,16.66,1
3845,DECODE,80,0,80,2200.11,16.60,1
3846,DECODE,80,0,80,2201.11,16.93,1
3847,DECODE,80,0,80,2202.11,16.81,1
3848,DECODE,80,0,80,2203.11,16.61,1
3849,DECODE,80,0,80,2204.11,16.68,1
3850,DECODE,80,0,80,2205.11,16.74,1
3851,DECODE,80,0,80,2206.11,16.69,1
3852,DECODE,80,0,80,2207.11,16.78,1
3853,DECODE,80,0,80,2208.11,16.56,1
3854,DECODE,80,0,80,2209.11,16.70,1
3855,DECODE,80,0,80,2210.11,16.56,1
3856,DECODE,80,0,80,2211.11,16.79,1
3857,DECODE,80,0,80,2212.11,16.27,1
3858,DECODE,80,0,80,2213.11,15.83,1
3859,DECODE,80,0,80,2214.11,15.67,1
3860,DECODE,80,0,80,2215.11,15.78,1
3861,DECODE,80,0,80,2216.11,15.69,1
3862,DECODE,80,0,80,2217.11,15.87,1
3863,DECODE,80,0,80,2218.11,15.64,1
3864,DECODE,80,0,80,2219.11,15.66,1
3865,DECODE,80,0,80,2220.11,15.74,1
3866,DECODE,80,0,80,2221.11,15.74,1
3867,DECODE,80,0,80,2222.11,15.78,1
3868,DECODE,80,0,80,2223.11,15.84,1
3869,DECODE,80,0,80,2224.11,15.78,1
3870,DECODE,80,0,80,2225.11,16.47,1
3871,DECODE,80,0,80,2226.11,15.93,1
3872,DECODE,80,0,80,2227.11,15.89,1
3873,DECODE,80,0,80,2228.11,17.59,1
3874,DECODE,80,0,80,2229.11,17.19,1
3875,DECODE,80,0,80,2230.11,16.68,1
3876,DECODE,80,0,80,2231.11,15.81,1
3877,DECODE,80,0,80,2232.11,15.72,1
3878,DECODE,80,0,80,2233.11,15.82,1
3879,DECODE,80,0,80,2234.11,16.26,1
3880,DECODE,80,0,80,2235.11,16.02,1
3881,DECODE,80,0,80,2236.11,15.82,1
3882,DECODE,80,0,80,2237.11,15.81,1
3883,DECODE,80,0,80,2238.11,15.77,1
3884,DECODE,80,0,80,2239.11,15.79,1
3885,DECODE,80,0,80,2240.11,15.85,1
3886,DECODE,80,0,80,2241.11,17.63,1
3887,DECODE,80,0,80,2242.11,16.74,1
3888,DECODE,80,0,80,2243.11,16.69,1
3889,DECODE,80,0,80,2244.11,16.92,1
3890,DECODE,80,0,80,2245.11,16.44,1
3891,DECODE,80,0,80,2246.11,16.75,1
3892,DECODE,80,0,80,2247.11,16.16,1
3893,DECODE,80,0,80,2248.11,17.74,1
3894,DECODE,80,0,80,2249.11,16.02,1
3895,DECODE,80,0,80,2250.11,16.51,1
3896,DECODE,80,0,80,2251.11,16.09,1
3897,DECODE,80,0,80,2252.11,16.50,1
3898,DECODE,80,0,80,2253.11,16.20,1
3899,DECODE,80,0,80,2254.11,15.87,1
3900,DECODE,80,0,80,2255.11,15.94,1
3901,DECODE,80,0,80,2256.11,15.99,1
3902,DECODE,80,0,80,2257.11,15.92,1
3903,DECODE,80,0,80,2258.11,16.14,1
3904,DECODE,80,0,80,2259.11,15.98,1
3905,DECODE,80,0,80,2260.11,15.96,1
3906,DECODE,80,0,80,2261.11,15.97,1
3907,DECODE,80,0,80,2262.11,15.94,1
3908,DECODE,80,0,80,2263.11,15.99,1
3909,DECODE,80,0,80,2264.11,16.00,1
3910,DECODE,80,0,80,2265.11,16.02,1
3911,DECODE,80,0,80,2266.11,15.99,1
3912,DECODE,80,0,80,2267.11,16.04,1
3913,DECODE,80,0,80,2268.11,16.01,1
3914,DECODE,80,0,80,2269.11,16.23,1
3915,DECODE,80,0,80,2270.11,16.17,1
3916,DECODE,80,0,80,2271.11,16.04,1
3917,DECODE,80,0,80,2272.11,16.74,1
3918,DECODE,80,0,80,2273.11,16.93,1
3919,DECODE,80,0,80,2274.11,16.94,1
3920,DECODE,80,0,80,2275.11,16.90,1
3921,DECODE,80,0,80,2276.11,16.97,1
3922,DECODE,80,0,80,2277.11,16.77,1
3923,DECODE,80,0,80,2278.11,16.68,1
3924,DECODE,80,0,80,2279.11,16.65,1
3925,DECODE,80,0,80,2280.11,16.65,1
3926,DECODE,80,0,80,2281.11,16.74,1
3927,DECODE,80,0,80,2282.11,16.70,1
3928,DECODE,80,0,80,2283.11,16.69,1
3929,DECODE,80,0,80,2284.11,16.78,1
3930,DECODE,80,0,80,2285.11,16.75,1
3931,DECODE,80,0,80,2286.11,16.23,1
3932,DECODE,80,0,80,2287.11,16.75,1
3933,DECODE,80,0,80,2288.11,17.27,1
3934,DECODE,80,0,80,2289.11,16.74,1
3935,DECODE,80,0,80,2290.11,16.75,1
3936,DECODE,80,0,80,2291.11,16.83,1
3937,DECODE,80,0,80,2292.11,16.74,1
3938,DECODE,80,0,80,2293.11,16.81,1
3939,DECODE,80,0,80,2294.11,16.75,1
3940,DECODE,80,0,80,2295.11,16.80,1
3941,DECODE,80,0,80,2296.11,16.71,1
3942,DECODE,80,0,80,2297.11,16.77,1
3943,DECODE,80,0,80,2298.11,16.76,1
3944,DECODE,80,0,80,2299.11,16.92,1
3945,DECODE,80,0,80,2300.11,16.85,1
3946,DECODE,80,0,80,2301.11,16.80,1
3947,DECODE,80,0,80,2302.11,16.85,1
3948,DECODE,80,0,80,2303.11,16.74,1
3949,DECODE,80,0,80,2304.11,17.20,1
3950,DECODE,80,0,80,2305.11,17.18,1
3951,DECODE,80,0,80,2306.11,16.91,1
3952,DECODE,80,0,80,2307.11,17.09,1
3953,DECODE,80,0,80,2308.11,16.82,1
3954,DECODE,80,0,80,2309.11,16.79,1
3955,DECODE,80,0,80,2310.11,16.82,1
3956,DECODE,80,0,80,2311.11,16.79,1
3957,DECODE,80,0,80,2312.11,17.08,1
3958,DECODE,80,0,80,2313.11,16.79,1
3959,DECODE,80,0,80,2314.11,16.76,1
3960,DECODE,80,0,80,2315.11,16.80,1
3961,DECODE,80,0,80,2316.11,16.44,1
3962,DECODE,80,0,80,2317.11,16.60,1
3963,DECODE,80,0,80,2318.11,16.33,1
3964,DECODE,80,0,80,2319.11,16.42,1
3965,DECODE,80,0,80,2320.11,16.59,1
3966,DECODE,80,0,80,2321.11,16.04,1
3967,DECODE,80,0,80,2322.11,16.61,1
3968,DECODE,80,0,80,2323.11,16.45,1
3969,DECODE,80,0,80,2324.11,16.89,1
3970,DECODE,80,0,80,2325.11,16.78,1
3971,DECODE,80,0,80,2326.11,16.85,1
3972,DECODE,80,0,80,2327.11,17.23,1
3973,DECODE,80,0,80,2328.11,16.47,1
3974,DECODE,80,0,80,2329.11,16.06,1
3975,DECODE,80,0,80,2330.11,16.60,1
3976,DECODE,80,0,80,2331.11,16.44,1
3977,DECODE,79,0,79,2329.22,16.38,1
3978,DECODE,79,0,79,2330.22,16.00,1
3979,DECODE,77,0,77,2325.25,15.80,1
3980,DECODE,77,0,77,2326.25,15.99,1
3981,DECODE,77,0,77,2327.25,15.99,1
3982,DECODE,77,0,77,2328.25,16.80,1
3983,DECODE,77,0,77,2329.25,16.90,1
3984,DECODE,77,0,77,2330.25,16.82,1
3985,DECODE,77,0,77,2331.25,16.73,1
3986,DECODE,77,0,77,2332.25,17.04,1
3987,DECODE,77,0,77,2333.25,16.71,1
3988,DECODE,77,0,77,2334.25,16.87,1
3989,DECODE,77,0,77,2335.25,16.92,1
3990,DECODE,77,0,77,2336.25,16.87,1
3991,DECODE,77,0,77,2337.25,16.36,1
3992,DECODE,77,0,77,2338.25,16.03,1
3993,DECODE,77,0,77,2339.25,16.01,1
3994,DECODE,77,0,77,2340.25,16.55,1
3995,DECODE,77,0,77,2341.25,16.53,1
3996,DECODE,77,0,77,2342.25,16.51,1
3997,DECODE,77,0,77,2343.25,16.53,1
3998,DECODE,77,0,77,2344.25,16.87,1
3999,DECODE,77,0,77,2345.25,16.92,1
4000,DECODE,77,0,77,2346.25,16.94,1
4001,DECODE,77,0,77,2347.25,16.79,1
4002,DECODE,77,0,77,2348.25,16.90,1
4003,DECODE,76,0,76,2346.46,17.04,1
4004,DECODE,76,0,76,2347.46,16.97,1
4005,DECODE,74,0,74,2342.72,17.16,1
4006,DECODE,74,0,74,2343.72,16.84,1
4007,DECODE,73,0,73,2341.75,16.93,1
4008,DECODE,72,0,72,2339.72,20.46,1
4009,DECODE,72,0,72,2340.72,17.18,1
4010,DECODE,70,0,70,2335.46,17.17,1
4011,DECODE,70,0,70,2336.46,17.68,1
4012,DECODE,70,0,70,2337.46,16.73,1
4013,DECODE,69,0,69,2335.23,16.92,1
4014,DECODE,69,0,69,2336.23,16.84,1
4015,DECODE,69,0,69,2337.23,18.95,1
4016,DECODE,69,0,69,2338.23,16.90,1
4017,DECODE,69,0,69,2339.23,16.86,1
4018,DECODE,69,0,69,2340.23,16.88,1
4019,DECODE,69,0,69,2341.23,16.97,1
4020,DECODE,69,0,69,2342.23,16.86,1
4021,DECODE,69,0,69,2343.23,16.85,1
4022,DECODE,69,0,69,2344.23,16.59,1
4023,DECODE,68,0,68,2342.06,16.07,1
4024,DECODE,68,0,68,2343.06,16.08,1
4025,DECODE,67,0,67,2340.82,16.09,1
4026,DECODE,67,0,67,2341.82,16.00,1
4027,DECODE,66,0,66,2339.52,14.42,1
4028,DECODE,65,0,65,2337.12,14.56,1
4029,DECODE,64,0,64,2334.64,16.16,1
4030,DECODE,63,0,63,2332.06,14.16,1
4031,DECODE,63,0,63,2333.06,15.84,1
4032,DECODE,62,0,62,2330.40,14.22,1
4033,DECODE,62,0,62,2331.40,14.05,1
4034,DECODE,62,0,62,2332.40,14.14,1
4035,DECODE,60,0,60,2325.82,14.24,1
4036,DECODE,59,0,59,2322.85,14.29,1
4037,DECODE,59,0,59,2323.85,14.45,1
4038,DECODE,59,0,59,2324.85,14.14,1
4039,DECODE,58,0,58,2321.79,14.16,1
4040,DECODE,57,0,57,2318.61,14.01,1
4041,DECODE,57,0,57,2319.61,13.94,1
4042,DECODE,56,0,56,2316.32,16.17,1
4043,DECODE,56,0,56,2317.32,14.54,1
4044,DECODE,56,0,56,2318.32,14.39,1
4045,DECODE,55,0,55,2314.93,14.52,1
4046,DECODE,54,0,54,2311.39,14.66,1
4047,DECODE,54,0,54,2312.39,14.52,1
4048,DECODE,54,0,54,2313.39,14.05,1
4049,DECODE,54,0,54,2314.39,14.64,1
4050,DECODE,54,0,54,2315.39,14.64,1
4051,DECODE,54,0,54,2316.39,14.65,1
4052,DECODE,54,0,54,2317.39,14.63,1
4053,DECODE,54,0,54,2318.39,14.81,1
4054,DECODE,54,0,54,2319.39,14.63,1
4055,DECODE,54,0,54,2320.39,14.66,1
4056,DECODE,54,0,54,2321.39,14.53,1
4057,DECODE,54,0,54,2322.39,15.44,1
4058,DECODE,54,0,54,2323.39,14.96,1
4059,DECODE,54,0,54,2324.39,14.74,1
4060,DECODE,54,0,54,2325.39,14.37,1
4061,DECODE,54,0,54,2326.39,14.81,1
4062,DECODE,54,0,54,2327.39,14.78,1
4063,DECODE,54,0,54,2328.39,14.79,1
4064,DECODE,53,0,53,2325.02,15.66,1
4065,DECODE,53,0,53,2326.02,15.34,1
4066,DECODE,53,0,53,2327.02,14.78,1
4067,DECODE,52,0,52,2323.54,14.88,1
4068,DECODE,52,0,52,2324.54,14.72,1
4069,DECODE,52,0,52,2325.54,14.73,1
4070,DECODE,51,0,51,2321.94,14.73,1
4071,DECODE,51,0,51,2322.94,14.57,1
4072,DECODE,51,0,51,2323.94,14.55,1
4073,DECODE,51,0,51,2324.94,14.74,1
4074,DECODE,51,0,51,2325.94,14.56,1
4075,DECODE,51,0,51,2326.94,14.54,1
4076,DECODE,51,0,51,2327.94,14.66,1
4077,DECODE,51,0,51,2328.94,14.94,1
4078,DECODE,51,0,51,2329.94,14.55,1
4079,DECODE,51,0,51,2330.94,14.51,1
4080,DECODE,51,0,51,2331.94,15.40,1
4081,DECODE,51,0,51,2332.94,14.57,1
4082,DECODE,51,0,51,2333.94,14.67,1
4083,DECODE,51,0,51,2334.94,14.68,1
4084,DECODE,51,0,51,2335.94,14.79,1
4085,DECODE,50,0,50,2332.46,14.76,1
4086,DECODE,50,0,50,2333.46,14.75,1
4087,DECODE,50,0,50,2334.46,14.62,1
4088,DECODE,50,0,50,2335.46,14.61,1
4089,DECODE,49,0,49,2331.88,14.70,1
4090,DECODE,49,0,49,2332.88,14.62,1
4091,DECODE,49,0,49,2333.88,14.75,1
4092,DECODE,49,0,49,2334.88,14.64,1
4093,DECODE,49,0,49,2335.88,14.48,1
4094,DECODE,49,0,49,2336.88,14.56,1
4095,DECODE,49,0,49,2337.88,14.55,1
4096,DECODE,49,0,49,2338.88,14.55,1
4097,DECODE,49,0,49,2339.88,14.62,1
4098,DECODE,49,0,49,2340.88,14.52,1
4099,DECODE,49,0,49,2341.88,14.59,1
4100,DECODE,49,0,49,2342.88,14.70,1
4101,DECODE,49,0,49,2343.88,14.56,1
4102,DECODE,49,0,49,2344.88,14.62,1
4103,DECODE,49,0,49,2345.88,14.63,1
4104,DECODE,49,0,49,2346.88,14.57,1
4105,DECODE,49,0,49,2347.88,14.52,1
4106,DECODE,49,0,49,2348.88,14.38,1
4107,DECODE,49,0,49,2349.88,13.96,1
4108,DECODE,48,0,48,2346.50,14.90,1
4109,DECODE,48,0,48,2347.50,13.27,1
4110,DECODE,48,0,48,2348.50,13.16,1
4111,DECODE,48,0,48,2349.50,13.14,1
4112,DECODE,47,0,47,2346.02,12.98,1
4113,DECODE,46,0,46,2342.37,13.03,1
4114,DECODE,45,0,45,2338.53,12.98,1
4115,DECODE,44,0,44,2334.50,13.02,1
4116,DECODE,44,0,44,2335.50,13.01,1
4117,DECODE,44,0,44,2336.50,13.10,1
4118,DECODE,44,0,44,2337.50,13.05,1
4119,DECODE,44,0,44,2338.50,13.22,1
4120,DECODE,44,0,44,2339.50,13.10,1
4121,DECODE,44,0,44,2340.50,13.13,1
4122,DECODE,44,0,44,2341.50,13.23,1
4123,DECODE,44,0,44,2342.50,13.10,1
4124,DECODE,44,0,44,2343.50,13.10,1
4125,DECODE,44,0,44,2344.50,13.11,1
4126,DECODE,44,0,44,2345.50,13.09,1
4127,DECODE,44,0,44,2346.50,12.93,1
4128,DECODE,44,0,44,2347.50,13.08,1
4129,DECODE,44,0,44,2348.50,13.15,1
4130,DECODE,44,0,44,2349.50,13.04,1
4131,DECODE,44,0,44,2350.50,13.66,1
4132,DECODE,44,0,44,2351.50,13.53,1
4133,DECODE,44,0,44,2352.50,13.42,1
4134,DECODE,44,0,44,2353.50,13.19,1
4135,DECODE,44,0,44,2354.50,13.50,1
4136,DECODE,44,0,44,2355.50,13.98,1
4137,DECODE,42,0,42,2346.76,14.01,1
4138,DECODE,42,0,42,2347.76,13.90,1
4139,DECODE,41,0,41,2343.59,14.10,1
4140,DECODE,41,0,41,2344.59,12.90,1
4141,DECODE,40,0,40,2340.20,14.95,1
4142,DECODE,40,0,40,2341.20,12.91,1
4143,DECODE,39,0,39,2336.59,13.59,1
4144,DECODE,39,0,39,2337.59,12.93,1
4145,DECODE,39,0,39,2338.59,12.95,1
4146,DECODE,39,0,39,2339.59,12.83,1
4147,DECODE,39,0,39,2340.59,12.90,1
4148,DECODE,39,0,39,2341.59,12.88,1
4149,DECODE,39,0,39,2342.59,12.94,1
4150,DECODE,38,0,38,2337.87,12.88,1
4151,DECODE,38,0,38,2338.87,12.88,1
4152,DECODE,37,0,37,2333.89,12.87,1
4153,DECODE,37,0,37,2334.89,12.87,1
4154,DECODE,36,0,36,2329.64,12.87,1
4155,DECODE,36,0,36,2330.64,12.91,1
4156,DECODE,35,0,35,2325.09,12.85,1
4157,DECODE,35,0,35,2326.09,12.83,1
4158,DECODE,35,0,35,2327.09,13.08,1
4159,DECODE,35,0,35,2328.09,12.90,1
4160,DECODE,35,0,35,2329.09,12.89,1
4161,DECODE,35,0,35,2330.09,12.91,1
4162,DECODE,35,0,35,2331.09,12.90,1
4163,DECODE,35,0,35,2332.09,12.84,1
4164,DECODE,35,0,35,2333.09,13.00,1
4165,DECODE,35,0,35,2334.09,12.86,1
4166,DECODE,35,0,35,2335.09,12.86,1
4167,DECODE,35,0,35,2336.09,12.87,1
4168,DECODE,35,0,35,2337.09,12.86,1
4169,DECODE,35,0,35,2338.09,13.01,1
4170,DECODE,35,0,35,2339.09,12.93,1
4171,DECODE,35,0,35,2340.09,12.88,1
4172,DECODE,35,0,35,2341.09,12.90,1
4173,DECODE,35,0,35,2342.09,13.35,1
4174,DECODE,35,0,35,2343.09,13.65,1
4175,DECODE,35,0,35,2344.09,13.69,1
4176,DECODE,35,0,35,2345.09,13.68,1
4177,DECODE,35,0,35,2346.09,13.61,1
4178,DECODE,35,0,35,2347.09,13.54,1
4179,DECODE,35,0,35,2348.09,13.73,1
4180,DECODE,35,0,35,2349.09,13.75,1
4181,DECODE,35,0,35,2350.09,13.31,1
4182,DECODE,35,0,35,2351.09,13.65,1
4183,DECODE,35,0,35,2352.09,13.67,1
4184,DECODE,35,0,35,2353.09,14.10,1
4185,DECODE,35,0,35,2354.09,13.83,1
4186,DECODE,35,0,35,2355.09,13.68,1
4187,DECODE,35,0,35,2356.09,13.75,1
4188,DECODE,35,0,35,2357.09,13.74,1
4189,DECODE,35,0,35,2358.09,13.59,1
4190,DECODE,35,0,35,2359.09,13.72,1
4191,DECODE,35,0,35,2360.09,13.64,1
4192,DECODE,35,0,35,2361.09,13.69,1
4193,DECODE,35,0,35,2362.09,13.62,1
4194,DECODE,35,0,35,2363.09,13.71,1
4195,DECODE,35,0,35,2364.09,13.60,1
4196,DECODE,35,0,35,2365.09,13.74,1
4197,DECODE,35,0,35,2366.09,13.67,1
4198,DECODE,35,0,35,2367.09,13.63,1
4199,DECODE,35,0,35,2368.09,13.65,1
4200,DECODE,35,0,35,2369.09,13.68,1
4201,DECODE,35,0,35,2370.09,13.68,1
4202,DECODE,35,0,35,2371.09,13.69,1
4203,DECODE,35,0,35,2372.09,13.66,1
4204,DECODE,35,0,35,2373.09,13.71,1
4205,DECODE,35,0,35,2374.09,13.62,1
4206,DECODE,35,0,35,2375.09,13.80,1
4207,DECODE,35,0,35,2376.09,13.70,1
4208,DECODE,35,0,35,2377.09,13.82,1
4209,DECODE,35,0,35,2378.09,13.14,1
4210,DECODE,35,0,35,2379.09,13.17,1
4211,DECODE,35,0,35,2380.09,13.10,1
4212,DECODE,35,0,35,2381.09,13.15,1
4213,DECODE,35,0,35,2382.09,13.13,1
4214,DECODE,35,0,35,2383.09,13.20,1
4215,DECODE,35,0,35,2384.09,13.16,1
4216,DECODE,35,0,35,2385.09,13.18,1
4217,DECODE,35,0,35,2386.09,13.13,1
4218,DECODE,35,0,35,2387.09,13.20,1
4219,DECODE,35,0,35,2388.09,12.88,1
4220,DECODE,35,0,35,2389.09,13.75,1
4221,DECODE,35,0,35,2390.09,13.65,1
4222,DECODE,35,0,35,2391.09,13.65,1
4223,DECODE,35,0,35,2392.09,13.68,1
4224,DECODE,35,0,35,2393.09,13.76,1
4225,DECODE,35,0,35,2394.09,12.90,1
4226,DECODE,35,0,35,2395.09,14.69,1
4227,DECODE,35,0,35,2396.09,13.68,1
4228,DECODE,35,0,35,2397.09,13.84,1
4229,DECODE,35,0,35,2398.09,13.74,1
4230,DECODE,35,0,35,2399.09,13.29,1
4231,DECODE,35,0,35,2400.09,14.09,1
4232,DECODE,35,0,35,2401.09,14.44,1
4233,DECODE,34,0,34,2397.41,14.13,1
4234,DECODE,34,0,34,2398.41,13.72,1
4235,DECODE,34,0,34,2399.41,13.91,1
4236,DECODE,34,0,34,2400.41,13.87,1
4237,DECODE,34,0,34,2401.41,13.69,1
4238,DECODE,34,0,34,2402.41,13.61,1
4239,DECODE,34,0,34,2403.41,13.70,1
4240,DECODE,34,0,34,2404.41,13.39,1
4241,DECODE,34,0,34,2405.41,13.61,1
4242,DECODE,34,0,34,2406.41,13.85,1
4243,DECODE,34,0,34,2407.41,13.78,1
4244,DECODE,34,0,34,2408.41,13.86,1
4245,DECODE,33,0,33,2404.82,13.07,1
4246,DECODE,31,0,31,2395.81,18.43,1
4247,DECODE,29,0,29,2385.48,13.67,1
4248,DECODE,27,0,27,2373.56,14.08,1
4249,DECODE,27,0,27,2374.56,13.50,1
4250,DECODE,26,0,26,2368.42,13.93,1
4251,DECODE,26,0,26,2369.42,13.24,1
4252,DECODE,26,0,26,2370.42,12.72,1
4253,DECODE,26,0,26,2371.42,12.59,1
4254,DECODE,26,0,26,2372.42,12.77,1
4255,DECODE,26,0,26,2373.42,12.70,1
4256,DECODE,26,0,26,2374.42,12.61,1
4257,DECODE,26,0,26,2375.42,12.57,1
4258,DECODE,26,0,26,2376.42,12.61,1
4259,DECODE,26,0,26,2377.42,12.69,1
4260,DECODE,26,0,26,2378.42,12.81,1
4261,DECODE,26,0,26,2379.42,12.60,1
4262,DECODE,26,0,26,2380.42,12.86,1
4263,DECODE,26,0,26,2381.42,12.47,1
4264,DECODE,26,0,26,2382.42,11.97,1
4265,DECODE,26,0,26,2383.42,11.93,1
4266,DECODE,26,0,26,2384.42,11.95,1
4267,DECODE,25,0,25,2378.40,11.99,1
4268,DECODE,25,0,25,2379.40,11.98,1
4269,DECODE,24,0,24,2372.88,13.39,1
4270,DECODE,23,0,23,2365.74,11.62,1
4271,DECODE,22,0,22,2357.91,11.04,1
4272,DECODE,22,0,22,2358.91,12.90,1
4273,DECODE,22,0,22,2359.91,11.13,1
4274,DECODE,22,0,22,2360.91,11.11,1
4275,DECODE,22,0,22,2361.91,11.03,1
4276,DECODE,22,0,22,2362.91,11.17,1
4277,DECODE,22,0,22,2363.91,11.03,1
4278,DECODE,22,0,22,2364.91,11.10,1
4279,DECODE,22,0,22,2365.91,11.76,1
4280,DECODE,22,0,22,2366.91,11.78,1
4281,DECODE,22,0,22,2367.91,11.08,1
4282,DECODE,22,0,22,2368.91,11.10,1
4283,DECODE,22,0,22,2369.91,11.02,1
4284,DECODE,22,0,22,2370.91,10.97,1
4285,DECODE,22,0,22,2371.91,11.00,1
4286,DECODE,22,0,22,2372.91,11.38,1
4287,DECODE,22,0,22,2373.91,11.08,1
4288,DECODE,22,0,22,2374.91,11.18,1
4289,DECODE,22,0,22,2375.91,11.19,1
4290,DECODE,22,0,22,2376.91,11.19,1
4291,DECODE,22,0,22,2377.91,11.09,1
4292,DECODE,22,0,22,2378.91,11.06,1
4293,DECODE,22,0,22,2379.91,11.12,1
4294,DECODE,22,0,22,2380.91,11.02,1
4295,DECODE,22,0,22,2381.91,12.05,1
4296,DECODE,22,0,22,2382.91,11.76,1
4297,DECODE,22,0,22,2383.91,11.96,1
4298,DECODE,22,0,22,2384.91,11.89,1
4299,DECODE,22,0,22,2385.91,11.89,1
4300,DECODE,22,0,22,2386.91,11.89,1
4301,DECODE,22,0,22,2387.91,12.06,1
4302,DECODE,22,0,22,2388.91,11.83,1
4303,DECODE,22,0,22,2389.91,11.75,1
4304,DECODE,22,0,22,2390.91,11.05,1
4305,DECODE,22,0,22,2391.91,11.13,1
4306,DECODE,22,0,22,2392.91,11.62,1
4307,DECODE,22,0,22,2393.91,11.82,1
4308,DECODE,22,0,22,2394.91,12.10,1
4309,DECODE,22,0,22,2395.91,11.01,1
4310,DECODE,22,0,22,2396.91,11.12,1
4311,DECODE,22,0,22,2397.91,11.12,1
4312,DECODE,22,0,22,2398.91,11.15,1
4313,DECODE,22,0,22,2399.91,11.15,1
4314,DECODE,22,0,22,2400.91,11.13,1
4315,DECODE,22,0,22,2401.91,11.15,1
4316,DECODE,22,0,22,2402.91,11.14,1
4317,DECODE,22,0,22,2403.91,11.10,1
4318,DECODE,22,0,22,2404.91,11.14,1
4319,DECODE,22,0,22,2405.91,11.09,1
4320,DECODE,22,0,22,2406.91,11.09,1
4321,DECODE,22,0,22,2407.91,11.08,1
4322,DECODE,22,0,22,2408.91,11.87,1
4323,DECODE,22,0,22,2409.91,11.91,1
4324,DECODE,22,0,22,2410.91,11.13,1
4325,DECODE,22,0,22,2411.91,11.07,1
4326,DECODE,22,0,22,2412.91,11.09,1
4327,DECODE,22,0,22,2413.91,11.09,1
4328,DECODE,22,0,22,2414.91,11.92,1
4329,DECODE,22,0,22,2415.91,11.02,1
4330,DECODE,22,0,22,2416.91,11.04,1
4331,DECODE,22,0,22,2417.91,11.07,1
4332,DECODE,22,0,22,2418.91,11.08,1
4333,DECODE,22,0,22,2419.91,11.05,1
4334,DECODE,22,0,22,2420.91,11.10,1
4335,DECODE,22,0,22,2421.91,11.07,1
4336,DECODE,22,0,22,2422.91,11.12,1
4337,DECODE,22,0,22,2423.91,11.05,1
4338,DECODE,22,0,22,2424.91,11.09,1
4339,DECODE,22,0,22,2425.91,11.02,1
4340,DECODE,22,0,22,2426.91,11.05,1
4341,DECODE,22,0,22,2427.91,11.11,1
4342,DECODE,22,0,22,2428.91,11.03,1
4343,DECODE,22,0,22,2429.91,10.98,1
4344,DECODE,22,0,22,2430.91,11.10,1
4345,DECODE,22,0,22,2431.91,11.04,1
4346,DECODE,22,0,22,2432.91,11.06,1
4347,DECODE,22,0,22,2433.91,11.00,1
4348,DECODE,22,0,22,2434.91,11.45,1
4349,DECODE,22,0,22,2435.91,11.03,1
4350,DECODE,22,0,22,2436.91,11.02,1
4351,DECODE,22,0,22,2437.91,11.00,1
4352,DECODE,22,0,22,2438.91,11.03,1
4353,DECODE,22,0,22,2439.91,11.01,1
4354,DECODE,22,0,22,2440.91,11.00,1
4355,DECODE,22,0,22,2441.91,11.02,1
4356,DECODE,22,0,22,2442.91,11.01,1
4357,DECODE,22,0,22,2443.91,10.99,1
4358,DECODE,22,0,22,2444.91,11.00,1
4359,DECODE,22,0,22,2445.91,11.02,1
4360,DECODE,22,0,22,2446.91,10.94,1
4361,DECODE,22,0,22,2447.91,10.98,1
4362,DECODE,22,0,22,2448.91,10.97,1
4363,DECODE,22,0,22,2449.91,11.02,1
4364,DECODE,22,0,22,2450.91,11.08,1
4365,DECODE,22,0,22,2451.91,11.05,1
4366,DECODE,22,0,22,2452.91,11.06,1
4367,DECODE,22,0,22,2453.91,11.07,1
4368,DECODE,22,0,22,2454.91,11.92,1
4369,DECODE,22,0,22,2455.91,11.17,1
4370,DECODE,22,0,22,2456.91,11.16,1
4371,DECODE,22,0,22,2457.91,11.05,1
4372,DECODE,22,0,22,2458.91,11.12,1
4373,DECODE,22,0,22,2459.91,11.10,1
4374,DECODE,22,0,22,2460.91,11.12,1
4375,DECODE,22,0,22,2461.91,11.06,1
4376,DECODE,22,0,22,2462.91,11.01,1
4377,DECODE,22,0,22,2463.91,11.08,1
4378,DECODE,22,0,22,2464.91,11.16,1
4379,DECODE,22,0,22,2465.91,11.10,1
4380,DECODE,22,0,22,2466.91,11.06,1
4381,DECODE,22,0,22,2467.91,11.07,1
4382,DECODE,22,0,22,2468.91,11.09,1
4383,DECODE,22,0,22,2469.91,11.04,1
4384,DECODE,22,0,22,2470.91,11.05,1
4385,DECODE,22,0,22,2471.91,11.07,1
4386,DECODE,22,0,22,2472.91,11.08,1
4387,DECODE,22,0,22,2473.91,11.06,1
4388,DECODE,21,0,21,2470.81,11.01,1
4389,DECODE,21,0,21,2471.81,11.00,1
4390,DECODE,21,0,21,2472.81,10.97,1
4391,DECODE,21,0,21,2473.81,10.97,1
4392,DECODE,21,0,21,2474.81,11.00,1
4393,DECODE,21,0,21,2475.81,10.96,1
4394,DECODE,21,0,21,2476.81,10.96,1
4395,DECODE,21,0,21,2477.81,10.94,1
4396,DECODE,21,0,21,2478.81,10.97,1
4397,DECODE,21,0,21,2479.81,10.98,1
4398,DECODE,21,0,21,2480.81,10.95,1
4399,DECODE,21,0,21,2481.81,10.99,1
4400,DECODE,21,0,21,2482.81,10.94,1
4401,DECODE,21,0,21,2483.81,10.95,1
4402,DECODE,21,0,21,2484.81,10.95,1
4403,DECODE,21,0,21,2485.81,10.98,1
4404,DECODE,21,0,21,2486.81,10.97,1
4405,DECODE,21,0,21,2487.81,10.98,1
4406,DECODE,21,0,21,2488.81,11.68,1
4407,DECODE,21,0,21,2489.81,11.12,1
4408,DECODE,21,0,21,2490.81,11.10,1
4409,DECODE,21,0,21,2491.81,10.96,1
4410,DECODE,21,0,21,2492.81,10.99,1
4411,DECODE,21,0,21,2493.81,10.93,1
4412,DECODE,21,0,21,2494.81,10.96,1
4413,DECODE,21,0,21,2495.81,10.95,1
4414,DECODE,21,0,21,2496.81,11.04,1
4415,DECODE,21,0,21,2497.81,10.96,1
4416,DECODE,21,0,21,2498.81,10.99,1
4417,DECODE,21,0,21,2499.81,10.97,1
4418,DECODE,21,0,21,2500.81,10.95,1
4419,DECODE,21,0,21,2501.81,11.00,1
4420,DECODE,21,0,21,2502.81,11.24,1
4421,DECODE,21,0,21,2503.81,11.22,1
4422,DECODE,21,0,21,2504.81,11.19,1
4423,DECODE,21,0,21,2505.81,11.00,1
4424,DECODE,21,0,21,2506.81,11.01,1
4425,DECODE,21,0,21,2507.81,10.98,1
4426,DECODE,21,0,21,2508.81,10.93,1
4427,DECODE,21,0,21,2509.81,10.98,1
4428,DECODE,21,0,21,2510.81,11.06,1
4429,DECODE,20,0,20,2509.35,10.99,1
4430,DECODE,20,0,20,2510.35,10.98,1
4431,DECODE,20,0,20,2511.35,10.99,1
4432,DECODE,20,0,20,2512.35,11.15,1
4433,DECODE,20,0,20,2513.35,11.15,1
4434,DECODE,20,0,20,2514.35,11.13,1
4435,DECODE,20,0,20,2515.35,11.07,1
4436,DECODE,20,0,20,2516.35,10.84,1
4437,DECODE,20,0,20,2517.35,10.94,1
4438,DECODE,20,0,20,2518.35,10.95,1
4439,DECODE,20,0,20,2519.35,10.97,1
4440,DECODE,20,0,20,2520.35,10.92,1
4441,DECODE,20,0,20,2521.35,10.92,1
4442,DECODE,20,0,20,2522.35,10.94,1
4443,DECODE,20,0,20,2523.35,11.15,1
4444,DECODE,20,0,20,2524.35,11.16,1
4445,DECODE,20,0,20,2525.35,11.15,1
4446,DECODE,20,0,20,2526.35,11.14,1
4447,DECODE,20,0,20,2527.35,11.15,1
4448,DECODE,20,0,20,2528.35,11.11,1
4449,DECODE,20,0,20,2529.35,11.17,1
4450,DECODE,20,0,20,2530.35,11.15,1
4451,DECODE,20,0,20,2531.35,11.19,1
4452,DECODE,20,0,20,2532.35,11.15,1
4453,DECODE,20,0,20,2533.35,11.25,1
4454,DECODE,20,0,20,2534.35,11.11,1
4455,DECODE,20,0,20,2535.35,11.86,1
4456,DECODE,20,0,20,2536.35,11.01,1
4457,DECODE,20,0,20,2537.35,11.01,1
4458,DECODE,20,0,20,2538.35,10.97,1
4459,DECODE,20,0,20,2539.35,11.03,1
4460,DECODE,20,0,20,2540.35,10.89,1
4461,DECODE,20,0,20,2541.35,11.79,1
4462,DECODE,20,0,20,2542.35,11.76,1
4463,DECODE,16,0,16,2538.94,15.65,1
4464,DECODE,16,0,16,2539.94,11.13,1
4465,DECODE,12,0,12,2534.25,11.89,1
4466,DECODE,12,0,12,2535.25,10.69,1
4467,DECODE,12,0,12,2536.25,10.66,1
4468,DECODE,12,0,12,2537.25,10.63,1
4469,DECODE,12,0,12,2538.25,10.64,1
4470,DECODE,12,0,12,2539.25,10.60,1
4471,DECODE,12,0,12,2540.25,10.59,1
4472,DECODE,12,0,12,2541.25,10.61,1
4473,DECODE,12,0,12,2542.25,10.61,1
4474,DECODE,12,0,12,2543.25,10.63,1
4475,DECODE,12,0,12,2544.25,10.59,1
4476,DECODE,12,0,12,2545.25,10.64,1
4477,DECODE,12,0,12,2546.25,10.61,1
4478,DECODE,12,0,12,2547.25,10.67,1
4479,DECODE,12,0,12,2548.25,10.58,1
4480,DECODE,12,0,12,2549.25,10.57,1
4481,DECODE,12,0,12,2550.25,10.57,1
4482,DECODE,12,0,12,2551.25,10.56,1
4483,DECODE,12,0,12,2552.25,10.59,1
4484,DECODE,12,0,12,2553.25,10.57,1
4485,DECODE,8,0,8,2550.88,13.25,1
4486,DECODE,8,0,8,2551.88,10.32,1
4487,DECODE,8,0,8,2552.88,10.35,1
4488,DECODE,5,0,5,2549.60,10.39,1
4489,DECODE,5,0,5,2550.60,10.31,1
4490,DECODE,5,0,5,2551.60,10.21,1
4491,DECODE,5,0,5,2552.60,10.20,1
4492,DECODE,5,0,5,2553.60,10.30,1
4493,DECODE,5,0,5,2554.60,10.25,1
4494,DECODE,5,0,5,2555.60,10.34,1
4495,DECODE,5,0,5,2556.60,10.29,1
4496,DECODE,5,0,5,2557.60,10.20,1
4497,DECODE,5,0,5,2558.60,10.27,1
4498,DECODE,5,0,5,2559.60,10.20,1
4499,DECODE,1,0,1,2559.00,26.21,1
4500,DECODE,1,0,1,2560.00,10.04,1
