time_s,turn,step
13.412,1,1
0.000000,2,1
13.594,1,2
0.000000,2,2
13.955,1,3
0.000000,2,3
