time_s,turn,step
21.607914,1,1
0.000000,2,1
