time_s,turn,step
19.534418,1,1
0.000000,2,1
19.623087,1,2
0.000000,2,2
19.508245,1,3
0.000000,2,3
