time_s,turn,step
82.168118,1,1
0.000000,2,1
79.718261,1,2
0.000000,2,2
81.976868,1,3
0.000000,2,3
