time_s,turn,step
66.370857,1,1
0.000000,2,1
63.910483,1,2
0.000000,2,2
65.893497,1,3
0.000000,2,3
