time_s,turn,step
45.125,1,1
0.000000,2,1
43.745,1,2
0.000000,2,2
43.875,1,3
0.000000,2,3
