+ export CUDA_VISIBLE_DEVICES=4,5,6,7
+ CUDA_VISIBLE_DEVICES=4,5,6,7
+ export HF_HOME=/data/huggingface_cache
+ HF_HOME=/data/huggingface_cache
+ export SGLANG_INFERENCE_LOG_DIR=/workspace/repo/verl_sglang/verl_customize/formal_exp_data_mfu
+ SGLANG_INFERENCE_LOG_DIR=/workspace/repo/verl_sglang/verl_customize/formal_exp_data_mfu
+ gsm8k_train_path=/data/verl/gsm8k/train.parquet
+ gsm8k_test_path=/data/verl/gsm8k/test.parquet
+ math_train_path=/data/verl/math/train.parquet
+ math_test_path=/data/verl/math/test.parquet
+ aime_train_path=/data/verl/aime/train.parquet
+ train_files='['\''/data/verl/math/train.parquet'\'']'
+ test_files='['\''/data/verl/math/test.parquet'\'']'
+ python3 -m verl.trainer.main_ppo algorithm.adv_estimator=grpo 'data.train_files=['\''/data/verl/math/train.parquet'\'']' 'data.val_files=['\''/data/verl/math/test.parquet'\'']' data.train_batch_size=64 data.max_prompt_length=512 data.max_response_length=2048 data.filter_overlong_prompts=True data.truncation=error actor_rollout_ref.model.path=/data/muxserve/llama-3.1-8B-Instruct actor_rollout_ref.actor.optim.lr=1e-6 actor_rollout_ref.model.use_remove_padding=True actor_rollout_ref.actor.ppo_mini_batch_size=64 actor_rollout_ref.actor.ppo_micro_batch_size_per_gpu=1 actor_rollout_ref.actor.use_kl_loss=True actor_rollout_ref.actor.kl_loss_coef=0.001 actor_rollout_ref.actor.kl_loss_type=low_var_kl actor_rollout_ref.actor.entropy_coeff=0 actor_rollout_ref.model.enable_gradient_checkpointing=True actor_rollout_ref.actor.fsdp_config.param_offload=True actor_rollout_ref.actor.fsdp_config.optimizer_offload=True actor_rollout_ref.actor.fsdp_config.model_dtype=bfloat16 actor_rollout_ref.rollout.log_prob_micro_batch_size_per_gpu=1 actor_rollout_ref.rollout.tensor_model_parallel_size=4 actor_rollout_ref.rollout.name=sglang actor_rollout_ref.rollout.gpu_memory_utilization=0.4 actor_rollout_ref.rollout.n=4 actor_rollout_ref.rollout.disable_log_stats=False actor_rollout_ref.rollout.max_model_len=8192 actor_rollout_ref.ref.log_prob_micro_batch_size_per_gpu=1 actor_rollout_ref.ref.fsdp_config.param_offload=True actor_rollout_ref.ref.fsdp_config.model_dtype=bfloat16 algorithm.use_kl_in_reward=True trainer.critic_warmup=0 'trainer.logger=["console"]' trainer.project_name=verl_grpo_model_math trainer.experiment_name=model_math_workload_analysis trainer.profile.print_every=1 trainer.decoding_length_csv_dir=/workspace/repo/verl_sglang/verl_customize/formal_exp_data_decoding_length trainer.n_gpus_per_node=4 trainer.nnodes=1 trainer.save_freq=1000 trainer.test_freq=1000 trainer.total_training_steps=1 trainer.val_before_train=False trainer.total_epochs=1
WARNING:2026-03-31 08:50:31,391:fused_indices_to_multihot has reached end of life. Please migrate to a non-experimental function.
2026-03-31 08:50:37,142	INFO worker.py:1998 -- Started a local Ray instance. View the dashboard at [1m[32mhttp://127.0.0.1:8265 [39m[22m
/usr/local/lib/python3.12/dist-packages/ray/_private/worker.py:2046: FutureWarning: Tip: In future versions of Ray, Ray will no longer override accelerator visible devices env var if num_gpus=0 or num_gpus=None (default). To enable this behavior and turn off this error message, set RAY_ACCEL_ENV_VAR_OVERRIDE_ON_ZERO=0
  warnings.warn(
[36m(pid=1903717)[0m W0331 08:50:48.883000 1903717 torch/utils/cpp_extension.py:117] No CUDA runtime is found, using CUDA_HOME='/usr/local/cuda'
[36m(pid=1903717)[0m WARNING:2026-03-31 08:50:48,931:fused_indices_to_multihot has reached end of life. Please migrate to a non-experimental function.
[36m(TaskRunner pid=1903717)[0m /workspace/repo/verl_sglang/verl_customize/verl/trainer/main_ppo.py:300: UserWarning: Disabled critic as algorithm.adv_estimator != gae. If it is not intended, please set critic.enable=True
[36m(TaskRunner pid=1903717)[0m   use_critic=need_critic(config),
ray init kwargs: {'num_cpus': None, 'runtime_env': {'env_vars': {'TOKENIZERS_PARALLELISM': 'true', 'NCCL_DEBUG': 'WARN', 'VLLM_LOGGING_LEVEL': 'WARN', 'VLLM_ALLOW_RUNTIME_LORA_UPDATING': 'true', 'CUDA_DEVICE_MAX_CONNECTIONS': '1', 'NCCL_CUMEM_ENABLE': '0', 'VLLM_DISABLE_COMPILE_CACHE': '1', 'HCCL_HOST_SOCKET_PORT_RANGE': 'auto', 'HCCL_NPU_SOCKET_PORT_RANGE': 'auto'}, 'working_dir': None}}
[36m(TaskRunner pid=1903717)[0m TaskRunner hostname: 37f73a1c29ad, PID: 1903717
[36m(TaskRunner pid=1903717)[0m {'actor_rollout_ref': {'actor': {'_target_': 'verl.workers.config.FSDPActorConfig',
[36m(TaskRunner pid=1903717)[0m                                  'calculate_entropy': False,
[36m(TaskRunner pid=1903717)[0m                                  'calculate_sum_pi_squared': False,
[36m(TaskRunner pid=1903717)[0m                                  'checkpoint': {'_target_': 'verl.trainer.config.CheckpointConfig',
[36m(TaskRunner pid=1903717)[0m                                                 'async_save': False,
[36m(TaskRunner pid=1903717)[0m                                                 'load_contents': ['model',
[36m(TaskRunner pid=1903717)[0m                                                                   'optimizer',
[36m(TaskRunner pid=1903717)[0m                                                                   'extra'],
[36m(TaskRunner pid=1903717)[0m                                                 'save_contents': ['model',
[36m(TaskRunner pid=1903717)[0m                                                                   'optimizer',
[36m(TaskRunner pid=1903717)[0m                                                                   'extra']},
[36m(TaskRunner pid=1903717)[0m                                  'clip_ratio': 0.2,
[36m(TaskRunner pid=1903717)[0m                                  'clip_ratio_c': 3.0,
[36m(TaskRunner pid=1903717)[0m                                  'clip_ratio_high': 0.2,
[36m(TaskRunner pid=1903717)[0m                                  'clip_ratio_low': 0.2,
[36m(TaskRunner pid=1903717)[0m                                  'data_loader_seed': 42,
[36m(TaskRunner pid=1903717)[0m                                  'entropy_checkpointing': False,
[36m(TaskRunner pid=1903717)[0m                                  'entropy_coeff': 0,
[36m(TaskRunner pid=1903717)[0m                                  'entropy_from_logits_with_chunking': False,
[36m(TaskRunner pid=1903717)[0m                                  'freeze_vision_tower': False,
[36m(TaskRunner pid=1903717)[0m                                  'fsdp_config': {'_target_': 'verl.workers.config.FSDPEngineConfig',
[36m(TaskRunner pid=1903717)[0m                                                  'dtype': 'bfloat16',
[36m(TaskRunner pid=1903717)[0m                                                  'entropy_checkpointing': False,
[36m(TaskRunner pid=1903717)[0m                                                  'entropy_from_logits_with_chunking': False,
[36m(TaskRunner pid=1903717)[0m                                                  'forward_only': False,
[36m(TaskRunner pid=1903717)[0m                                                  'forward_prefetch': False,
[36m(TaskRunner pid=1903717)[0m                                                  'fsdp_size': -1,
[36m(TaskRunner pid=1903717)[0m                                                  'full_determinism': False,
[36m(TaskRunner pid=1903717)[0m                                                  'model_dtype': 'bfloat16',
[36m(TaskRunner pid=1903717)[0m                                                  'offload_policy': False,
[36m(TaskRunner pid=1903717)[0m                                                  'optimizer_offload': True,
[36m(TaskRunner pid=1903717)[0m                                                  'param_offload': True,
[36m(TaskRunner pid=1903717)[0m                                                  'reshard_after_forward': True,
[36m(TaskRunner pid=1903717)[0m                                                  'seed': 42,
[36m(TaskRunner pid=1903717)[0m                                                  'strategy': 'fsdp',
[36m(TaskRunner pid=1903717)[0m                                                  'ulysses_sequence_parallel_size': 1,
[36m(TaskRunner pid=1903717)[0m                                                  'use_orig_params': False,
[36m(TaskRunner pid=1903717)[0m                                                  'use_torch_compile': True,
[36m(TaskRunner pid=1903717)[0m                                                  'wrap_policy': {'min_num_params': 0}},
[36m(TaskRunner pid=1903717)[0m                                  'grad_clip': 1.0,
[36m(TaskRunner pid=1903717)[0m                                  'kl_loss_coef': 0.001,
[36m(TaskRunner pid=1903717)[0m                                  'kl_loss_type': 'low_var_kl',
[36m(TaskRunner pid=1903717)[0m                                  'loss_agg_mode': 'token-mean',
[36m(TaskRunner pid=1903717)[0m                                  'loss_scale_factor': None,
[36m(TaskRunner pid=1903717)[0m                                  'optim': {'_target_': 'verl.workers.config.FSDPOptimizerConfig',
[36m(TaskRunner pid=1903717)[0m                                            'betas': [0.9, 0.999],
[36m(TaskRunner pid=1903717)[0m                                            'clip_grad': 1.0,
[36m(TaskRunner pid=1903717)[0m                                            'lr': 1e-06,
[36m(TaskRunner pid=1903717)[0m                                            'lr_scheduler_type': 'constant',
[36m(TaskRunner pid=1903717)[0m                                            'lr_warmup_steps': -1,
[36m(TaskRunner pid=1903717)[0m                                            'lr_warmup_steps_ratio': 0.0,
[36m(TaskRunner pid=1903717)[0m                                            'min_lr_ratio': 0.0,
[36m(TaskRunner pid=1903717)[0m                                            'num_cycles': 0.5,
[36m(TaskRunner pid=1903717)[0m                                            'optimizer': 'AdamW',
[36m(TaskRunner pid=1903717)[0m                                            'optimizer_impl': 'torch.optim',
[36m(TaskRunner pid=1903717)[0m                                            'override_optimizer_config': None,
[36m(TaskRunner pid=1903717)[0m                                            'total_training_steps': -1,
[36m(TaskRunner pid=1903717)[0m                                            'warmup_style': None,
[36m(TaskRunner pid=1903717)[0m                                            'weight_decay': 0.01},
[36m(TaskRunner pid=1903717)[0m                                  'policy_loss': {'_target_': 'verl.workers.config.PolicyLossConfig',
[36m(TaskRunner pid=1903717)[0m                                                  'clip_cov_lb': 1.0,
[36m(TaskRunner pid=1903717)[0m                                                  'clip_cov_ratio': 0.0002,
[36m(TaskRunner pid=1903717)[0m                                                  'clip_cov_ub': 5.0,
[36m(TaskRunner pid=1903717)[0m                                                  'kl_cov_ratio': 0.0002,
[36m(TaskRunner pid=1903717)[0m                                                  'loss_mode': 'vanilla',
[36m(TaskRunner pid=1903717)[0m                                                  'ppo_kl_coef': 0.1},
[36m(TaskRunner pid=1903717)[0m                                  'ppo_epochs': 1,
[36m(TaskRunner pid=1903717)[0m                                  'ppo_max_token_len_per_gpu': 16384,
[36m(TaskRunner pid=1903717)[0m                                  'ppo_micro_batch_size': None,
[36m(TaskRunner pid=1903717)[0m                                  'ppo_micro_batch_size_per_gpu': 1,
[36m(TaskRunner pid=1903717)[0m                                  'ppo_mini_batch_size': 64,
[36m(TaskRunner pid=1903717)[0m                                  'profiler': {'_target_': 'verl.utils.profiler.ProfilerConfig',
[36m(TaskRunner pid=1903717)[0m                                               'all_ranks': False,
[36m(TaskRunner pid=1903717)[0m                                               'enable': False,
[36m(TaskRunner pid=1903717)[0m                                               'ranks': [],
[36m(TaskRunner pid=1903717)[0m                                               'save_path': 'outputs/profile',
[36m(TaskRunner pid=1903717)[0m                                               'tool': None,
[36m(TaskRunner pid=1903717)[0m                                               'tool_config': {'npu': {'_target_': 'verl.utils.profiler.config.NPUToolConfig',
[36m(TaskRunner pid=1903717)[0m                                                                       'analysis': True,
[36m(TaskRunner pid=1903717)[0m                                                                       'contents': [],
[36m(TaskRunner pid=1903717)[0m                                                                       'discrete': False,
[36m(TaskRunner pid=1903717)[0m                                                                       'level': 'level0'},
[36m(TaskRunner pid=1903717)[0m                                                               'nsys': {'_target_': 'verl.utils.profiler.config.NsightToolConfig',
[36m(TaskRunner pid=1903717)[0m                                                                        'discrete': False},
[36m(TaskRunner pid=1903717)[0m                                                               'torch': {'_target_': 'verl.utils.profiler.config.TorchProfilerToolConfig',
[36m(TaskRunner pid=1903717)[0m                                                                         'contents': [],
[36m(TaskRunner pid=1903717)[0m                                                                         'discrete': False},
[36m(TaskRunner pid=1903717)[0m                                                               'torch_memory': {'_target_': 'verl.utils.profiler.config.TorchMemoryToolConfig',
[36m(TaskRunner pid=1903717)[0m                                                                                'stack_depth': 32,
[36m(TaskRunner pid=1903717)[0m                                                                                'trace_alloc_max_entries': 100000}}},
[36m(TaskRunner pid=1903717)[0m                                  'rollout_n': 4,
[36m(TaskRunner pid=1903717)[0m                                  'router_replay': {'_target_': 'verl.workers.config.RouterReplayConfig',
[36m(TaskRunner pid=1903717)[0m                                                    'mode': 'disabled',
[36m(TaskRunner pid=1903717)[0m                                                    'record_file': None,
[36m(TaskRunner pid=1903717)[0m                                                    'replay_file': None},
[36m(TaskRunner pid=1903717)[0m                                  'shuffle': False,
[36m(TaskRunner pid=1903717)[0m                                  'strategy': 'fsdp',
[36m(TaskRunner pid=1903717)[0m                                  'sum_pi_squared_checkpointing': False,
[36m(TaskRunner pid=1903717)[0m                                  'tau_neg': 1.05,
[36m(TaskRunner pid=1903717)[0m                                  'tau_pos': 1.0,
[36m(TaskRunner pid=1903717)[0m                                  'ulysses_sequence_parallel_size': 1,
[36m(TaskRunner pid=1903717)[0m                                  'use_dynamic_bsz': False,
[36m(TaskRunner pid=1903717)[0m                                  'use_fused_kernels': False,
[36m(TaskRunner pid=1903717)[0m                                  'use_kl_loss': True,
[36m(TaskRunner pid=1903717)[0m                                  'use_prefix_grouper': False,
[36m(TaskRunner pid=1903717)[0m                                  'use_remove_padding': True,
[36m(TaskRunner pid=1903717)[0m                                  'use_torch_compile': True},
[36m(TaskRunner pid=1903717)[0m                        'hybrid_engine': True,
[36m(TaskRunner pid=1903717)[0m                        'model': {'_target_': 'verl.workers.config.HFModelConfig',
[36m(TaskRunner pid=1903717)[0m                                  'custom_chat_template': None,
[36m(TaskRunner pid=1903717)[0m                                  'enable_activation_offload': False,
[36m(TaskRunner pid=1903717)[0m                                  'enable_gradient_checkpointing': True,
[36m(TaskRunner pid=1903717)[0m                                  'exclude_modules': None,
[36m(TaskRunner pid=1903717)[0m                                  'external_lib': None,
[36m(TaskRunner pid=1903717)[0m                                  'fused_kernel_options': {'impl_backend': 'torch'},
[36m(TaskRunner pid=1903717)[0m                                  'hf_config_path': None,
[36m(TaskRunner pid=1903717)[0m                                  'lora_adapter_path': None,
[36m(TaskRunner pid=1903717)[0m                                  'lora_alpha': 16,
[36m(TaskRunner pid=1903717)[0m                                  'lora_rank': 0,
[36m(TaskRunner pid=1903717)[0m                                  'mtp': {'_target_': 'verl.workers.config.MtpConfig',
[36m(TaskRunner pid=1903717)[0m                                          'detach_encoder': False,
[36m(TaskRunner pid=1903717)[0m                                          'enable': False,
[36m(TaskRunner pid=1903717)[0m                                          'enable_rollout': False,
[36m(TaskRunner pid=1903717)[0m                                          'enable_train': False,
[36m(TaskRunner pid=1903717)[0m                                          'method': 'mtp',
[36m(TaskRunner pid=1903717)[0m                                          'mtp_loss_scaling_factor': 0.1,
[36m(TaskRunner pid=1903717)[0m                                          'num_speculative_tokens': 1,
[36m(TaskRunner pid=1903717)[0m                                          'speculative_algorithm': 'EAGLE',
[36m(TaskRunner pid=1903717)[0m                                          'speculative_eagle_topk': 1,
[36m(TaskRunner pid=1903717)[0m                                          'speculative_num_draft_tokens': 4,
[36m(TaskRunner pid=1903717)[0m                                          'speculative_num_steps': 3},
[36m(TaskRunner pid=1903717)[0m                                  'override_config': {},
[36m(TaskRunner pid=1903717)[0m                                  'path': '/data/muxserve/llama-3.1-8B-Instruct',
[36m(TaskRunner pid=1903717)[0m                                  'target_modules': 'all-linear',
[36m(TaskRunner pid=1903717)[0m                                  'tiled_mlp': {'enabled': False,
[36m(TaskRunner pid=1903717)[0m                                                'num_shards': 4},
[36m(TaskRunner pid=1903717)[0m                                  'tokenizer_path': None,
[36m(TaskRunner pid=1903717)[0m                                  'trust_remote_code': False,
[36m(TaskRunner pid=1903717)[0m                                  'use_fused_kernels': False,
[36m(TaskRunner pid=1903717)[0m                                  'use_liger': False,
[36m(TaskRunner pid=1903717)[0m                                  'use_remove_padding': True,
[36m(TaskRunner pid=1903717)[0m                                  'use_shm': False},
[36m(TaskRunner pid=1903717)[0m                        'nccl_timeout': 600,
[36m(TaskRunner pid=1903717)[0m                        'ref': {'_target_': 'verl.workers.config.FSDPActorConfig',
[36m(TaskRunner pid=1903717)[0m                                'entropy_checkpointing': False,
[36m(TaskRunner pid=1903717)[0m                                'entropy_from_logits_with_chunking': False,
[36m(TaskRunner pid=1903717)[0m                                'fsdp_config': {'_target_': 'verl.workers.config.FSDPEngineConfig',
[36m(TaskRunner pid=1903717)[0m                                                'dtype': 'bfloat16',
[36m(TaskRunner pid=1903717)[0m                                                'entropy_checkpointing': False,
[36m(TaskRunner pid=1903717)[0m                                                'entropy_from_logits_with_chunking': False,
[36m(TaskRunner pid=1903717)[0m                                                'forward_only': True,
[36m(TaskRunner pid=1903717)[0m                                                'forward_prefetch': False,
[36m(TaskRunner pid=1903717)[0m                                                'fsdp_size': -1,
[36m(TaskRunner pid=1903717)[0m                                                'full_determinism': False,
[36m(TaskRunner pid=1903717)[0m                                                'model_dtype': 'bfloat16',
[36m(TaskRunner pid=1903717)[0m                                                'offload_policy': False,
[36m(TaskRunner pid=1903717)[0m                                                'optimizer_offload': False,
[36m(TaskRunner pid=1903717)[0m                                                'param_offload': True,
[36m(TaskRunner pid=1903717)[0m                                                'reshard_after_forward': True,
[36m(TaskRunner pid=1903717)[0m                                                'seed': 42,
[36m(TaskRunner pid=1903717)[0m                                                'strategy': 'fsdp',
[36m(TaskRunner pid=1903717)[0m                                                'ulysses_sequence_parallel_size': 1,
[36m(TaskRunner pid=1903717)[0m                                                'use_orig_params': False,
[36m(TaskRunner pid=1903717)[0m                                                'use_torch_compile': True,
[36m(TaskRunner pid=1903717)[0m                                                'wrap_policy': {'min_num_params': 0}},
[36m(TaskRunner pid=1903717)[0m                                'log_prob_max_token_len_per_gpu': 16384,
[36m(TaskRunner pid=1903717)[0m                                'log_prob_micro_batch_size': None,
[36m(TaskRunner pid=1903717)[0m                                'log_prob_micro_batch_size_per_gpu': 1,
[36m(TaskRunner pid=1903717)[0m                                'log_prob_use_dynamic_bsz': False,
[36m(TaskRunner pid=1903717)[0m                                'profiler': {'_target_': 'verl.utils.profiler.ProfilerConfig',
[36m(TaskRunner pid=1903717)[0m                                             'all_ranks': False,
[36m(TaskRunner pid=1903717)[0m                                             'enable': False,
[36m(TaskRunner pid=1903717)[0m                                             'ranks': [],
[36m(TaskRunner pid=1903717)[0m                                             'save_path': 'outputs/profile',
[36m(TaskRunner pid=1903717)[0m                                             'tool': None,
[36m(TaskRunner pid=1903717)[0m                                             'tool_config': {'npu': {'_target_': 'verl.utils.profiler.config.NPUToolConfig',
[36m(TaskRunner pid=1903717)[0m                                                                     'analysis': True,
[36m(TaskRunner pid=1903717)[0m                                                                     'contents': [],
[36m(TaskRunner pid=1903717)[0m                                                                     'discrete': False,
[36m(TaskRunner pid=1903717)[0m                                                                     'level': 'level0'},
[36m(TaskRunner pid=1903717)[0m                                                             'nsys': {'_target_': 'verl.utils.profiler.config.NsightToolConfig',
[36m(TaskRunner pid=1903717)[0m                                                                      'discrete': False},
[36m(TaskRunner pid=1903717)[0m                                                             'torch': {'_target_': 'verl.utils.profiler.config.TorchProfilerToolConfig',
[36m(TaskRunner pid=1903717)[0m                                                                       'contents': [],
[36m(TaskRunner pid=1903717)[0m                                                                       'discrete': False},
[36m(TaskRunner pid=1903717)[0m                                                             'torch_memory': {'_target_': 'verl.utils.profiler.config.TorchMemoryToolConfig',
[36m(TaskRunner pid=1903717)[0m                                                                              'stack_depth': 32,
[36m(TaskRunner pid=1903717)[0m                                                                              'trace_alloc_max_entries': 100000}}},
[36m(TaskRunner pid=1903717)[0m                                'rollout_n': 4,
[36m(TaskRunner pid=1903717)[0m                                'router_replay': {'_target_': 'verl.workers.config.RouterReplayConfig',
[36m(TaskRunner pid=1903717)[0m                                                  'mode': 'disabled',
[36m(TaskRunner pid=1903717)[0m                                                  'record_file': None,
[36m(TaskRunner pid=1903717)[0m                                                  'replay_file': None},
[36m(TaskRunner pid=1903717)[0m                                'strategy': 'fsdp',
[36m(TaskRunner pid=1903717)[0m                                'ulysses_sequence_parallel_size': 1,
[36m(TaskRunner pid=1903717)[0m                                'use_torch_compile': True},
[36m(TaskRunner pid=1903717)[0m                        'rollout': {'_target_': 'verl.workers.config.RolloutConfig',
[36m(TaskRunner pid=1903717)[0m                                    'agent': {'_target_': 'verl.workers.config.AgentLoopConfig',
[36m(TaskRunner pid=1903717)[0m                                              'agent_loop_config_path': None,
[36m(TaskRunner pid=1903717)[0m                                              'custom_async_server': {'_target_': 'verl.workers.config.CustomAsyncServerConfig',
[36m(TaskRunner pid=1903717)[0m                                                                      'name': None,
[36m(TaskRunner pid=1903717)[0m                                                                      'path': None},
[36m(TaskRunner pid=1903717)[0m                                              'default_agent_loop': 'single_turn_agent',
[36m(TaskRunner pid=1903717)[0m                                              'num_workers': 8},
[36m(TaskRunner pid=1903717)[0m                                    'calculate_log_probs': False,
[36m(TaskRunner pid=1903717)[0m                                    'checkpoint_engine': {'_target_': 'verl.workers.config.CheckpointEngineConfig',
[36m(TaskRunner pid=1903717)[0m                                                          'backend': 'naive',
[36m(TaskRunner pid=1903717)[0m                                                          'engine_kwargs': {},
[36m(TaskRunner pid=1903717)[0m                                                          'update_weights_bucket_megabytes': 2048},
[36m(TaskRunner pid=1903717)[0m                                    'cudagraph_capture_sizes': None,
[36m(TaskRunner pid=1903717)[0m                                    'data_parallel_size': 1,
[36m(TaskRunner pid=1903717)[0m                                    'disable_log_stats': False,
[36m(TaskRunner pid=1903717)[0m                                    'do_sample': True,
[36m(TaskRunner pid=1903717)[0m                                    'dtype': 'bfloat16',
[36m(TaskRunner pid=1903717)[0m                                    'enable_chunked_prefill': True,
[36m(TaskRunner pid=1903717)[0m                                    'enable_prefix_caching': True,
[36m(TaskRunner pid=1903717)[0m                                    'enable_rollout_routing_replay': False,
[36m(TaskRunner pid=1903717)[0m                                    'enforce_eager': False,
[36m(TaskRunner pid=1903717)[0m                                    'engine_kwargs': {'sglang': {},
[36m(TaskRunner pid=1903717)[0m                                                      'trtllm': {},
[36m(TaskRunner pid=1903717)[0m                                                      'vllm': {}},
[36m(TaskRunner pid=1903717)[0m                                    'expert_parallel_size': 1,
[36m(TaskRunner pid=1903717)[0m                                    'free_cache_engine': True,
[36m(TaskRunner pid=1903717)[0m                                    'gpu_memory_utilization': 0.4,
[36m(TaskRunner pid=1903717)[0m                                    'ignore_eos': False,
[36m(TaskRunner pid=1903717)[0m                                    'layered_summon': False,
[36m(TaskRunner pid=1903717)[0m                                    'load_format': 'dummy',
[36m(TaskRunner pid=1903717)[0m                                    'log_prob_max_token_len_per_gpu': 16384,
[36m(TaskRunner pid=1903717)[0m                                    'log_prob_micro_batch_size': None,
[36m(TaskRunner pid=1903717)[0m                                    'log_prob_micro_batch_size_per_gpu': 1,
[36m(TaskRunner pid=1903717)[0m                                    'log_prob_use_dynamic_bsz': False,
[36m(TaskRunner pid=1903717)[0m                                    'logprobs_mode': 'processed_logprobs',
[36m(TaskRunner pid=1903717)[0m                                    'max_model_len': 8192,
[36m(TaskRunner pid=1903717)[0m                                    'max_num_batched_tokens': 8192,
[36m(TaskRunner pid=1903717)[0m                                    'max_num_seqs': 1024,
[36m(TaskRunner pid=1903717)[0m                                    'mode': 'async',
[36m(TaskRunner pid=1903717)[0m                                    'mtp': {'_target_': 'verl.workers.config.MtpConfig',
[36m(TaskRunner pid=1903717)[0m                                            'detach_encoder': False,
[36m(TaskRunner pid=1903717)[0m                                            'enable': False,
[36m(TaskRunner pid=1903717)[0m                                            'enable_rollout': False,
[36m(TaskRunner pid=1903717)[0m                                            'enable_train': False,
[36m(TaskRunner pid=1903717)[0m                                            'method': 'mtp',
[36m(TaskRunner pid=1903717)[0m                                            'mtp_loss_scaling_factor': 0.1,
[36m(TaskRunner pid=1903717)[0m                                            'num_speculative_tokens': 1,
[36m(TaskRunner pid=1903717)[0m                                            'speculative_algorithm': 'EAGLE',
[36m(TaskRunner pid=1903717)[0m                                            'speculative_eagle_topk': 1,
[36m(TaskRunner pid=1903717)[0m                                            'speculative_num_draft_tokens': 4,
[36m(TaskRunner pid=1903717)[0m                                            'speculative_num_steps': 3},
[36m(TaskRunner pid=1903717)[0m                                    'multi_stage_wake_up': False,
[36m(TaskRunner pid=1903717)[0m                                    'multi_turn': {'_target_': 'verl.workers.config.MultiTurnConfig',
[36m(TaskRunner pid=1903717)[0m                                                   'enable': False,
[36m(TaskRunner pid=1903717)[0m                                                   'format': 'hermes',
[36m(TaskRunner pid=1903717)[0m                                                   'interaction_config_path': None,
[36m(TaskRunner pid=1903717)[0m                                                   'max_assistant_turns': None,
[36m(TaskRunner pid=1903717)[0m                                                   'max_parallel_calls': 1,
[36m(TaskRunner pid=1903717)[0m                                                   'max_tool_response_length': 256,
[36m(TaskRunner pid=1903717)[0m                                                   'max_user_turns': None,
[36m(TaskRunner pid=1903717)[0m                                                   'num_repeat_rollouts': None,
[36m(TaskRunner pid=1903717)[0m                                                   'tokenization_sanity_check_mode': 'strict',
[36m(TaskRunner pid=1903717)[0m                                                   'tool_config_path': None,
[36m(TaskRunner pid=1903717)[0m                                                   'tool_response_truncate_side': 'middle',
[36m(TaskRunner pid=1903717)[0m                                                   'use_inference_chat_template': False},
[36m(TaskRunner pid=1903717)[0m                                    'n': 4,
[36m(TaskRunner pid=1903717)[0m                                    'n_a': 1,
[36m(TaskRunner pid=1903717)[0m                                    'n_b': 1,
[36m(TaskRunner pid=1903717)[0m                                    'name': 'sglang',
[36m(TaskRunner pid=1903717)[0m                                    'over_sample_rate': 0,
[36m(TaskRunner pid=1903717)[0m                                    'pipeline_model_parallel_size': 1,
[36m(TaskRunner pid=1903717)[0m                                    'profiler': {'_target_': 'verl.utils.profiler.ProfilerConfig',
[36m(TaskRunner pid=1903717)[0m                                                 'all_ranks': False,
[36m(TaskRunner pid=1903717)[0m                                                 'enable': False,
[36m(TaskRunner pid=1903717)[0m                                                 'ranks': [],
[36m(TaskRunner pid=1903717)[0m                                                 'save_path': 'outputs/profile',
[36m(TaskRunner pid=1903717)[0m                                                 'tool': None,
[36m(TaskRunner pid=1903717)[0m                                                 'tool_config': {'npu': {'_target_': 'verl.utils.profiler.config.NPUToolConfig',
[36m(TaskRunner pid=1903717)[0m                                                                         'analysis': True,
[36m(TaskRunner pid=1903717)[0m                                                                         'contents': [],
[36m(TaskRunner pid=1903717)[0m                                                                         'discrete': False,
[36m(TaskRunner pid=1903717)[0m                                                                         'level': 'level0'},
[36m(TaskRunner pid=1903717)[0m                                                                 'nsys': {'_target_': 'verl.utils.profiler.config.NsightToolConfig',
[36m(TaskRunner pid=1903717)[0m                                                                          'discrete': False},
[36m(TaskRunner pid=1903717)[0m                                                                 'torch': {'_target_': 'verl.utils.profiler.config.TorchProfilerToolConfig',
[36m(TaskRunner pid=1903717)[0m                                                                           'contents': [],
[36m(TaskRunner pid=1903717)[0m                                                                           'discrete': False},
[36m(TaskRunner pid=1903717)[0m                                                                 'torch_memory': {'_target_': 'verl.utils.profiler.config.TorchMemoryToolConfig',
[36m(TaskRunner pid=1903717)[0m                                                                                  'stack_depth': 32,
[36m(TaskRunner pid=1903717)[0m                                                                                  'trace_alloc_max_entries': 100000}}},
[36m(TaskRunner pid=1903717)[0m                                    'prometheus': {'_target_': 'verl.workers.config.PrometheusConfig',
[36m(TaskRunner pid=1903717)[0m                                                   'enable': False,
[36m(TaskRunner pid=1903717)[0m                                                   'file': '/tmp/ray/session_latest/metrics/prometheus/prometheus.yml',
[36m(TaskRunner pid=1903717)[0m                                                   'port': 9090,
[36m(TaskRunner pid=1903717)[0m                                                   'served_model_name': '/data/muxserve/llama-3.1-8B-Instruct'},
[36m(TaskRunner pid=1903717)[0m                                    'prompt_length': 512,
[36m(TaskRunner pid=1903717)[0m                                    'quantization': None,
[36m(TaskRunner pid=1903717)[0m                                    'quantization_config_file': None,
[36m(TaskRunner pid=1903717)[0m                                    'response_length': 2048,
[36m(TaskRunner pid=1903717)[0m                                    'scheduling_policy': 'fcfs',
[36m(TaskRunner pid=1903717)[0m                                    'skip_dump_dir': '/tmp/rollout_dump',
[36m(TaskRunner pid=1903717)[0m                                    'skip_rollout': False,
[36m(TaskRunner pid=1903717)[0m                                    'skip_tokenizer_init': True,
[36m(TaskRunner pid=1903717)[0m                                    'temperature': 1.0,
[36m(TaskRunner pid=1903717)[0m                                    'tensor_model_parallel_size': 4,
[36m(TaskRunner pid=1903717)[0m                                    'top_k': -1,
[36m(TaskRunner pid=1903717)[0m                                    'top_p': 1,
[36m(TaskRunner pid=1903717)[0m                                    'trace': {'_target_': 'verl.workers.config.TraceConfig',
[36m(TaskRunner pid=1903717)[0m                                              'backend': None,
[36m(TaskRunner pid=1903717)[0m                                              'max_samples_per_step_per_worker': None,
[36m(TaskRunner pid=1903717)[0m                                              'token2text': False},
[36m(TaskRunner pid=1903717)[0m                                    'val_kwargs': {'_target_': 'verl.workers.config.SamplingConfig',
[36m(TaskRunner pid=1903717)[0m                                                   'do_sample': False,
[36m(TaskRunner pid=1903717)[0m                                                   'n': 1,
[36m(TaskRunner pid=1903717)[0m                                                   'temperature': 0,
[36m(TaskRunner pid=1903717)[0m                                                   'top_k': -1,
[36m(TaskRunner pid=1903717)[0m                                                   'top_p': 1.0}}},
[36m(TaskRunner pid=1903717)[0m  'algorithm': {'_target_': 'verl.trainer.config.AlgoConfig',
[36m(TaskRunner pid=1903717)[0m                'adv_estimator': 'grpo',
[36m(TaskRunner pid=1903717)[0m                'gamma': 1.0,
[36m(TaskRunner pid=1903717)[0m                'kl_ctrl': {'_target_': 'verl.trainer.config.KLControlConfig',
[36m(TaskRunner pid=1903717)[0m                            'horizon': 10000,
[36m(TaskRunner pid=1903717)[0m                            'kl_coef': 0.001,
[36m(TaskRunner pid=1903717)[0m                            'target_kl': 0.1,
[36m(TaskRunner pid=1903717)[0m                            'type': 'fixed'},
[36m(TaskRunner pid=1903717)[0m                'kl_penalty': 'kl',
[36m(TaskRunner pid=1903717)[0m                'lam': 1.0,
[36m(TaskRunner pid=1903717)[0m                'norm_adv_by_std_in_grpo': True,
[36m(TaskRunner pid=1903717)[0m                'pf_ppo': {'reweight_method': 'pow', 'weight_pow': 2.0},
[36m(TaskRunner pid=1903717)[0m                'rollout_correction': {'bypass_mode': False,
[36m(TaskRunner pid=1903717)[0m                                       'loss_type': 'ppo_clip',
[36m(TaskRunner pid=1903717)[0m                                       'rollout_is': None,
[36m(TaskRunner pid=1903717)[0m                                       'rollout_is_batch_normalize': False,
[36m(TaskRunner pid=1903717)[0m                                       'rollout_is_threshold': 2.0,
[36m(TaskRunner pid=1903717)[0m                                       'rollout_rs': None,
[36m(TaskRunner pid=1903717)[0m                                       'rollout_rs_threshold': None},
[36m(TaskRunner pid=1903717)[0m                'use_kl_in_reward': True,
[36m(TaskRunner pid=1903717)[0m                'use_pf_ppo': False},
[36m(TaskRunner pid=1903717)[0m  'critic': {'_target_': 'verl.workers.config.FSDPCriticConfig',
[36m(TaskRunner pid=1903717)[0m             'checkpoint': {'_target_': 'verl.trainer.config.CheckpointConfig',
[36m(TaskRunner pid=1903717)[0m                            'async_save': False,
[36m(TaskRunner pid=1903717)[0m                            'load_contents': ['model', 'optimizer', 'extra'],
[36m(TaskRunner pid=1903717)[0m                            'save_contents': ['model', 'optimizer', 'extra']},
[36m(TaskRunner pid=1903717)[0m             'cliprange_value': 0.5,
[36m(TaskRunner pid=1903717)[0m             'data_loader_seed': 42,
[36m(TaskRunner pid=1903717)[0m             'enable': None,
[36m(TaskRunner pid=1903717)[0m             'forward_max_token_len_per_gpu': 32768,
[36m(TaskRunner pid=1903717)[0m             'forward_micro_batch_size': None,
[36m(TaskRunner pid=1903717)[0m             'forward_micro_batch_size_per_gpu': None,
[36m(TaskRunner pid=1903717)[0m             'grad_clip': 1.0,
[36m(TaskRunner pid=1903717)[0m             'loss_agg_mode': 'token-mean',
[36m(TaskRunner pid=1903717)[0m             'model': {'_target_': 'verl.workers.config.FSDPCriticModelCfg',
[36m(TaskRunner pid=1903717)[0m                       'enable_activation_offload': False,
[36m(TaskRunner pid=1903717)[0m                       'enable_gradient_checkpointing': True,
[36m(TaskRunner pid=1903717)[0m                       'external_lib': None,
[36m(TaskRunner pid=1903717)[0m                       'fsdp_config': {'_target_': 'verl.workers.config.FSDPEngineConfig',
[36m(TaskRunner pid=1903717)[0m                                       'dtype': 'bfloat16',
[36m(TaskRunner pid=1903717)[0m                                       'entropy_checkpointing': False,
[36m(TaskRunner pid=1903717)[0m                                       'entropy_from_logits_with_chunking': False,
[36m(TaskRunner pid=1903717)[0m                                       'forward_only': False,
[36m(TaskRunner pid=1903717)[0m                                       'forward_prefetch': False,
[36m(TaskRunner pid=1903717)[0m                                       'fsdp_size': -1,
[36m(TaskRunner pid=1903717)[0m                                       'full_determinism': False,
[36m(TaskRunner pid=1903717)[0m                                       'model_dtype': 'fp32',
[36m(TaskRunner pid=1903717)[0m                                       'offload_policy': False,
[36m(TaskRunner pid=1903717)[0m                                       'optimizer_offload': False,
[36m(TaskRunner pid=1903717)[0m                                       'param_offload': False,
[36m(TaskRunner pid=1903717)[0m                                       'reshard_after_forward': True,
[36m(TaskRunner pid=1903717)[0m                                       'seed': 42,
[36m(TaskRunner pid=1903717)[0m                                       'strategy': 'fsdp',
[36m(TaskRunner pid=1903717)[0m                                       'ulysses_sequence_parallel_size': 1,
[36m(TaskRunner pid=1903717)[0m                                       'use_orig_params': False,
[36m(TaskRunner pid=1903717)[0m                                       'use_torch_compile': True,
[36m(TaskRunner pid=1903717)[0m                                       'wrap_policy': {'min_num_params': 0}},
[36m(TaskRunner pid=1903717)[0m                       'lora_alpha': 16,
[36m(TaskRunner pid=1903717)[0m                       'lora_rank': 0,
[36m(TaskRunner pid=1903717)[0m                       'override_config': {},
[36m(TaskRunner pid=1903717)[0m                       'path': '~/models/deepseek-llm-7b-chat',
[36m(TaskRunner pid=1903717)[0m                       'target_modules': 'all-linear',
[36m(TaskRunner pid=1903717)[0m                       'tiled_mlp': {'enabled': False, 'num_shards': 4},
[36m(TaskRunner pid=1903717)[0m                       'tokenizer_path': '/data/muxserve/llama-3.1-8B-Instruct',
[36m(TaskRunner pid=1903717)[0m                       'trust_remote_code': False,
[36m(TaskRunner pid=1903717)[0m                       'use_remove_padding': False,
[36m(TaskRunner pid=1903717)[0m                       'use_shm': False},
[36m(TaskRunner pid=1903717)[0m             'optim': {'_target_': 'verl.workers.config.FSDPOptimizerConfig',
[36m(TaskRunner pid=1903717)[0m                       'betas': [0.9, 0.999],
[36m(TaskRunner pid=1903717)[0m                       'clip_grad': 1.0,
[36m(TaskRunner pid=1903717)[0m                       'lr': 1e-05,
[36m(TaskRunner pid=1903717)[0m                       'lr_scheduler_type': 'constant',
[36m(TaskRunner pid=1903717)[0m                       'lr_warmup_steps': -1,
[36m(TaskRunner pid=1903717)[0m                       'lr_warmup_steps_ratio': 0.0,
[36m(TaskRunner pid=1903717)[0m                       'min_lr_ratio': 0.0,
[36m(TaskRunner pid=1903717)[0m                       'num_cycles': 0.5,
[36m(TaskRunner pid=1903717)[0m                       'optimizer': 'AdamW',
[36m(TaskRunner pid=1903717)[0m                       'optimizer_impl': 'torch.optim',
[36m(TaskRunner pid=1903717)[0m                       'override_optimizer_config': None,
[36m(TaskRunner pid=1903717)[0m                       'total_training_steps': -1,
[36m(TaskRunner pid=1903717)[0m                       'warmup_style': None,
[36m(TaskRunner pid=1903717)[0m                       'weight_decay': 0.01},
[36m(TaskRunner pid=1903717)[0m             'ppo_epochs': 1,
[36m(TaskRunner pid=1903717)[0m             'ppo_max_token_len_per_gpu': 32768,
[36m(TaskRunner pid=1903717)[0m             'ppo_micro_batch_size': None,
[36m(TaskRunner pid=1903717)[0m             'ppo_micro_batch_size_per_gpu': None,
[36m(TaskRunner pid=1903717)[0m             'ppo_mini_batch_size': 64,
[36m(TaskRunner pid=1903717)[0m             'profiler': {'_target_': 'verl.utils.profiler.ProfilerConfig',
[36m(TaskRunner pid=1903717)[0m                          'all_ranks': False,
[36m(TaskRunner pid=1903717)[0m                          'enable': False,
[36m(TaskRunner pid=1903717)[0m                          'ranks': [],
[36m(TaskRunner pid=1903717)[0m                          'save_path': 'outputs/profile',
[36m(TaskRunner pid=1903717)[0m                          'tool': None,
[36m(TaskRunner pid=1903717)[0m                          'tool_config': {'npu': {'_target_': 'verl.utils.profiler.config.NPUToolConfig',
[36m(TaskRunner pid=1903717)[0m                                                  'analysis': True,
[36m(TaskRunner pid=1903717)[0m                                                  'contents': [],
[36m(TaskRunner pid=1903717)[0m                                                  'discrete': False,
[36m(TaskRunner pid=1903717)[0m                                                  'level': 'level0'},
[36m(TaskRunner pid=1903717)[0m                                          'nsys': {'_target_': 'verl.utils.profiler.config.NsightToolConfig',
[36m(TaskRunner pid=1903717)[0m                                                   'discrete': False},
[36m(TaskRunner pid=1903717)[0m                                          'torch': {'_target_': 'verl.utils.profiler.config.TorchProfilerToolConfig',
[36m(TaskRunner pid=1903717)[0m                                                    'contents': [],
[36m(TaskRunner pid=1903717)[0m                                                    'discrete': False},
[36m(TaskRunner pid=1903717)[0m                                          'torch_memory': {'_target_': 'verl.utils.profiler.config.TorchMemoryToolConfig',
[36m(TaskRunner pid=1903717)[0m                                                           'stack_depth': 32,
[36m(TaskRunner pid=1903717)[0m                                                           'trace_alloc_max_entries': 100000}}},
[36m(TaskRunner pid=1903717)[0m             'rollout_n': 4,
[36m(TaskRunner pid=1903717)[0m             'shuffle': False,
[36m(TaskRunner pid=1903717)[0m             'strategy': 'fsdp',
[36m(TaskRunner pid=1903717)[0m             'ulysses_sequence_parallel_size': 1,
[36m(TaskRunner pid=1903717)[0m             'use_dynamic_bsz': False},
[36m(TaskRunner pid=1903717)[0m  'custom_reward_function': {'name': 'compute_score', 'path': None},
[36m(TaskRunner pid=1903717)[0m  'data': {'apply_chat_template_kwargs': {},
[36m(TaskRunner pid=1903717)[0m           'custom_cls': {'name': None, 'path': None},
[36m(TaskRunner pid=1903717)[0m           'datagen': {'name': None, 'path': None},
[36m(TaskRunner pid=1903717)[0m           'dataloader_num_workers': 8,
[36m(TaskRunner pid=1903717)[0m           'filter_overlong_prompts': True,
[36m(TaskRunner pid=1903717)[0m           'filter_overlong_prompts_workers': 1,
[36m(TaskRunner pid=1903717)[0m           'image_key': 'images',
[36m(TaskRunner pid=1903717)[0m           'image_patch_size': 14,
[36m(TaskRunner pid=1903717)[0m           'max_prompt_length': 512,
[36m(TaskRunner pid=1903717)[0m           'max_response_length': 2048,
[36m(TaskRunner pid=1903717)[0m           'prompt_key': 'prompt',
[36m(TaskRunner pid=1903717)[0m           'return_full_prompt': False,
[36m(TaskRunner pid=1903717)[0m           'return_multi_modal_inputs': True,
[36m(TaskRunner pid=1903717)[0m           'return_raw_chat': True,
[36m(TaskRunner pid=1903717)[0m           'return_raw_input_ids': False,
[36m(TaskRunner pid=1903717)[0m           'reward_fn_key': 'data_source',
[36m(TaskRunner pid=1903717)[0m           'sampler': {'class_name': None, 'class_path': None},
[36m(TaskRunner pid=1903717)[0m           'seed': None,
[36m(TaskRunner pid=1903717)[0m           'shuffle': True,
[36m(TaskRunner pid=1903717)[0m           'tokenizer': None,
[36m(TaskRunner pid=1903717)[0m           'tool_config_path': None,
[36m(TaskRunner pid=1903717)[0m           'train_batch_size': 64,
[36m(TaskRunner pid=1903717)[0m           'train_files': ['/data/verl/math/train.parquet'],
[36m(TaskRunner pid=1903717)[0m           'train_max_samples': -1,
[36m(TaskRunner pid=1903717)[0m           'truncation': 'error',
[36m(TaskRunner pid=1903717)[0m           'trust_remote_code': False,
[36m(TaskRunner pid=1903717)[0m           'use_shm': False,
[36m(TaskRunner pid=1903717)[0m           'val_batch_size': None,
[36m(TaskRunner pid=1903717)[0m           'val_files': ['/data/verl/math/test.parquet'],
[36m(TaskRunner pid=1903717)[0m           'val_max_samples': -1,
[36m(TaskRunner pid=1903717)[0m           'validation_shuffle': False,
[36m(TaskRunner pid=1903717)[0m           'video_key': 'videos'},
[36m(TaskRunner pid=1903717)[0m  'global_profiler': {'_target_': 'verl.utils.profiler.ProfilerConfig',
[36m(TaskRunner pid=1903717)[0m                      'global_tool_config': {'nsys': {'_target_': 'verl.utils.profiler.config.NsightToolConfig',
[36m(TaskRunner pid=1903717)[0m                                                      'controller_nsight_options': {'cuda-graph-trace': 'graph',
[36m(TaskRunner pid=1903717)[0m                                                                                    'cuda-memory-usage': 'true',
[36m(TaskRunner pid=1903717)[0m                                                                                    'trace': 'cuda,nvtx,cublas,ucx'},
[36m(TaskRunner pid=1903717)[0m                                                      'discrete': False,
[36m(TaskRunner pid=1903717)[0m                                                      'worker_nsight_options': {'capture-range': 'cudaProfilerApi',
[36m(TaskRunner pid=1903717)[0m                                                                                'capture-range-end': None,
[36m(TaskRunner pid=1903717)[0m                                                                                'cuda-graph-trace': 'graph',
[36m(TaskRunner pid=1903717)[0m                                                                                'cuda-memory-usage': 'true',
[36m(TaskRunner pid=1903717)[0m                                                                                'kill': 'none',
[36m(TaskRunner pid=1903717)[0m                                                                                'trace': 'cuda,nvtx,cublas,ucx'}},
[36m(TaskRunner pid=1903717)[0m                                             'torch_memory': {'context': 'all',
[36m(TaskRunner pid=1903717)[0m                                                              'kw_args': {},
[36m(TaskRunner pid=1903717)[0m                                                              'stack_depth': 32,
[36m(TaskRunner pid=1903717)[0m                                                              'stacks': 'all',
[36m(TaskRunner pid=1903717)[0m                                                              'trace_alloc_max_entries': 100000}},
[36m(TaskRunner pid=1903717)[0m                      'profile_continuous_steps': False,
[36m(TaskRunner pid=1903717)[0m                      'save_path': 'outputs/profile',
[36m(TaskRunner pid=1903717)[0m                      'steps': None,
[36m(TaskRunner pid=1903717)[0m                      'tool': None},
[36m(TaskRunner pid=1903717)[0m  'ray_kwargs': {'ray_init': {'num_cpus': None}, 'timeline_json_file': None},
[36m(TaskRunner pid=1903717)[0m  'reward_manager': {'_target_': 'verl.trainer.config.config.RewardManagerConfig',
[36m(TaskRunner pid=1903717)[0m                     'module': {'_target_': 'verl.trainer.config.config.ModuleConfig',
[36m(TaskRunner pid=1903717)[0m                                'name': 'custom_reward_manager',
[36m(TaskRunner pid=1903717)[0m                                'path': None},
[36m(TaskRunner pid=1903717)[0m                     'name': 'naive',
[36m(TaskRunner pid=1903717)[0m                     'source': 'register'},
[36m(TaskRunner pid=1903717)[0m  'reward_model': {'enable': False,
[36m(TaskRunner pid=1903717)[0m                   'enable_resource_pool': False,
[36m(TaskRunner pid=1903717)[0m                   'forward_max_token_len_per_gpu': 32768,
[36m(TaskRunner pid=1903717)[0m                   'launch_reward_fn_async': False,
[36m(TaskRunner pid=1903717)[0m                   'max_length': None,
[36m(TaskRunner pid=1903717)[0m                   'micro_batch_size': None,
[36m(TaskRunner pid=1903717)[0m                   'micro_batch_size_per_gpu': None,
[36m(TaskRunner pid=1903717)[0m                   'model': {'external_lib': None,
[36m(TaskRunner pid=1903717)[0m                             'fsdp_config': {'_target_': 'verl.workers.config.FSDPEngineConfig',
[36m(TaskRunner pid=1903717)[0m                                             'forward_prefetch': False,
[36m(TaskRunner pid=1903717)[0m                                             'fsdp_size': -1,
[36m(TaskRunner pid=1903717)[0m                                             'param_offload': False,
[36m(TaskRunner pid=1903717)[0m                                             'reshard_after_forward': True,
[36m(TaskRunner pid=1903717)[0m                                             'wrap_policy': {'min_num_params': 0}},
[36m(TaskRunner pid=1903717)[0m                             'input_tokenizer': '/data/muxserve/llama-3.1-8B-Instruct',
[36m(TaskRunner pid=1903717)[0m                             'override_config': {},
[36m(TaskRunner pid=1903717)[0m                             'path': '~/models/FsfairX-LLaMA3-RM-v0.1',
[36m(TaskRunner pid=1903717)[0m                             'trust_remote_code': False,
[36m(TaskRunner pid=1903717)[0m                             'use_fused_kernels': False,
[36m(TaskRunner pid=1903717)[0m                             'use_remove_padding': False,
[36m(TaskRunner pid=1903717)[0m                             'use_shm': False},
[36m(TaskRunner pid=1903717)[0m                   'n_gpus_per_node': 8,
[36m(TaskRunner pid=1903717)[0m                   'nnodes': 0,
[36m(TaskRunner pid=1903717)[0m                   'num_workers': 8,
[36m(TaskRunner pid=1903717)[0m                   'profiler': {'_target_': 'verl.utils.profiler.ProfilerConfig',
[36m(TaskRunner pid=1903717)[0m                                'all_ranks': False,
[36m(TaskRunner pid=1903717)[0m                                'enable': False,
[36m(TaskRunner pid=1903717)[0m                                'ranks': [],
[36m(TaskRunner pid=1903717)[0m                                'save_path': 'outputs/profile',
[36m(TaskRunner pid=1903717)[0m                                'tool': None,
[36m(TaskRunner pid=1903717)[0m                                'tool_config': {'npu': {'_target_': 'verl.utils.profiler.config.NPUToolConfig',
[36m(TaskRunner pid=1903717)[0m                                                        'analysis': True,
[36m(TaskRunner pid=1903717)[0m                                                        'contents': [],
[36m(TaskRunner pid=1903717)[0m                                                        'discrete': False,
[36m(TaskRunner pid=1903717)[0m                                                        'level': 'level0'},
[36m(TaskRunner pid=1903717)[0m                                                'nsys': {'_target_': 'verl.utils.profiler.config.NsightToolConfig',
[36m(TaskRunner pid=1903717)[0m                                                         'discrete': False},
[36m(TaskRunner pid=1903717)[0m                                                'torch': {'_target_': 'verl.utils.profiler.config.TorchProfilerToolConfig',
[36m(TaskRunner pid=1903717)[0m                                                          'contents': [],
[36m(TaskRunner pid=1903717)[0m                                                          'discrete': False},
[36m(TaskRunner pid=1903717)[0m                                                'torch_memory': {'_target_': 'verl.utils.profiler.config.TorchMemoryToolConfig',
[36m(TaskRunner pid=1903717)[0m                                                                 'stack_depth': 32,
[36m(TaskRunner pid=1903717)[0m                                                                 'trace_alloc_max_entries': 100000}}},
[36m(TaskRunner pid=1903717)[0m                   'reward_loop_class_name': None,
[36m(TaskRunner pid=1903717)[0m                   'reward_loop_module_path': None,
[36m(TaskRunner pid=1903717)[0m                   'reward_loop_source': 'register',
[36m(TaskRunner pid=1903717)[0m                   'reward_manager': 'naive',
[36m(TaskRunner pid=1903717)[0m                   'rollout': {'_target_': 'verl.workers.config.RolloutConfig',
[36m(TaskRunner pid=1903717)[0m                               'cudagraph_capture_sizes': None,
[36m(TaskRunner pid=1903717)[0m                               'data_parallel_size': 1,
[36m(TaskRunner pid=1903717)[0m                               'disable_log_stats': True,
[36m(TaskRunner pid=1903717)[0m                               'dtype': 'bfloat16',
[36m(TaskRunner pid=1903717)[0m                               'enable_chunked_prefill': True,
[36m(TaskRunner pid=1903717)[0m                               'enable_prefix_caching': True,
[36m(TaskRunner pid=1903717)[0m                               'enforce_eager': True,
[36m(TaskRunner pid=1903717)[0m                               'engine_kwargs': {},
[36m(TaskRunner pid=1903717)[0m                               'expert_parallel_size': 1,
[36m(TaskRunner pid=1903717)[0m                               'free_cache_engine': True,
[36m(TaskRunner pid=1903717)[0m                               'gpu_memory_utilization': 0.5,
[36m(TaskRunner pid=1903717)[0m                               'limit_images': None,
[36m(TaskRunner pid=1903717)[0m                               'load_format': 'auto',
[36m(TaskRunner pid=1903717)[0m                               'max_model_len': None,
[36m(TaskRunner pid=1903717)[0m                               'max_num_batched_tokens': 8192,
[36m(TaskRunner pid=1903717)[0m                               'max_num_seqs': 1024,
[36m(TaskRunner pid=1903717)[0m                               'name': '???',
[36m(TaskRunner pid=1903717)[0m                               'prompt_length': 2048,
[36m(TaskRunner pid=1903717)[0m                               'response_length': 2048,
[36m(TaskRunner pid=1903717)[0m                               'skip_tokenizer_init': False,
[36m(TaskRunner pid=1903717)[0m                               'tensor_model_parallel_size': 2},
[36m(TaskRunner pid=1903717)[0m                   'sandbox_fusion': {'max_concurrent': 64,
[36m(TaskRunner pid=1903717)[0m                                      'memory_limit_mb': 1024,
[36m(TaskRunner pid=1903717)[0m                                      'url': None},
[36m(TaskRunner pid=1903717)[0m                   'strategy': 'fsdp',
[36m(TaskRunner pid=1903717)[0m                   'ulysses_sequence_parallel_size': 1,
[36m(TaskRunner pid=1903717)[0m                   'use_dynamic_bsz': False,
[36m(TaskRunner pid=1903717)[0m                   'use_reward_loop': True},
[36m(TaskRunner pid=1903717)[0m  'trainer': {'balance_batch': True,
[36m(TaskRunner pid=1903717)[0m              'critic_warmup': 0,
[36m(TaskRunner pid=1903717)[0m              'decoding_length_csv_dir': '/workspace/repo/verl_sglang/verl_customize/formal_exp_data_decoding_length',[36m(TaskRunner pid=1903717)[0m /workspace/repo/verl_sglang/verl_customize/verl/utils/tokenizer.py:31: UserWarning: tokenizer.pad_token_id is None. Now set to 128009
[36m(TaskRunner pid=1903717)[0m   warnings.warn(f"tokenizer.pad_token_id is None. Now set to {tokenizer.eos_token_id}", stacklevel=1)
[36m(TaskRunner pid=1903717)[0m /workspace/repo/verl_sglang/verl_customize/verl/utils/tokenizer.py:109: UserWarning: Failed to create processor: Unsupported processor type: PreTrainedTokenizerFast. This may affect multimodal processing
[36m(TaskRunner pid=1903717)[0m   warnings.warn(f"Failed to create processor: {e}. This may affect multimodal processing", stacklevel=1)
[36m(TaskRunner pid=1903717)[0m /workspace/repo/verl_sglang/verl_customize/verl/trainer/ppo/ray_trainer.py:391: UserWarning: Disabled critic as algorithm.adv_estimator != gae. If it is not intended, please set critic.enable=True
[36m(TaskRunner pid=1903717)[0m   self.use_critic = need_critic(self.config)
[36m(pid=1906182)[0m WARNING:2026-03-31 08:51:01,731:fused_indices_to_multihot has reached end of life. Please migrate to a non-experimental function.
[36m(pid=1906178)[0m WARNING:2026-03-31 08:51:01,748:fused_indices_to_multihot has reached end of life. Please migrate to a non-experimental function.
[36m(WorkerDict pid=1906182)[0m /workspace/repo/verl_sglang/verl_customize/verl/utils/tokenizer.py:31: UserWarning: tokenizer.pad_token_id is None. Now set to 128009
[36m(WorkerDict pid=1906182)[0m   warnings.warn(f"tokenizer.pad_token_id is None. Now set to {tokenizer.eos_token_id}", stacklevel=1)
[36m(WorkerDict pid=1906182)[0m /workspace/repo/verl_sglang/verl_customize/verl/utils/tokenizer.py:109: UserWarning: Failed to create processor: Unsupported processor type: PreTrainedTokenizerFast. This may affect multimodal processing
[36m(WorkerDict pid=1906182)[0m   warnings.warn(f"Failed to create processor: {e}. This may affect multimodal processing", stacklevel=1)
[36m(WorkerDict pid=1906175)[0m `torch_dtype` is deprecated! Use `dtype` instead!
[36m(WorkerDict pid=1906175)[0m Loading checkpoint shards:   0%|          | 0/4 [00:00<?, ?it/s]
[36m(WorkerDict pid=1906182)[0m Loading checkpoint shards:   0%|          | 0/4 [00:00<?, ?it/s]Loading checkpoint shards: 100%|██████████| 4/4 [00:00<00:00, 205.44it/s]
[36m(WorkerDict pid=1906175)[0m Loading checkpoint shards: 100%|██████████| 4/4 [00:00<00:00, 149.48it/s]
[36m(WorkerDict pid=1906175)[0m /usr/local/lib/python3.12/dist-packages/torch/distributed/fsdp/fully_sharded_data_parallel.py:675: FutureWarning: FSDP.state_dict_type() and FSDP.set_state_dict_type() are being deprecated. Please use APIs, get_state_dict() and set_state_dict(), which can support different parallelisms, FSDP1, FSDP2, DDP. API doc: https://pytorch.org/docs/stable/distributed.checkpoint.html#torch.distributed.checkpoint.state_dict.get_state_dict .Tutorial: https://pytorch.org/tutorials/recipes/distributed_checkpoint_recipe.html .
[36m(WorkerDict pid=1906175)[0m   warnings.warn(
[36m(pid=1906179)[0m WARNING:2026-03-31 08:51:01,925:fused_indices_to_multihot has reached end of life. Please migrate to a non-experimental function.[32m [repeated 2x across cluster][0m
[36m(WorkerDict pid=1906179)[0m /workspace/repo/verl_sglang/verl_customize/verl/utils/tokenizer.py:31: UserWarning: tokenizer.pad_token_id is None. Now set to 128009[32m [repeated 3x across cluster][0m
[36m(WorkerDict pid=1906179)[0m   warnings.warn(f"tokenizer.pad_token_id is None. Now set to {tokenizer.eos_token_id}", stacklevel=1)[32m [repeated 3x across cluster][0m
[36m(WorkerDict pid=1906179)[0m /workspace/repo/verl_sglang/verl_customize/verl/utils/tokenizer.py:109: UserWarning: Failed to create processor: Unsupported processor type: PreTrainedTokenizerFast. This may affect multimodal processing[32m [repeated 3x across cluster][0m
[36m(WorkerDict pid=1906179)[0m   warnings.warn(f"Failed to create processor: {e}. This may affect multimodal processing", stacklevel=1)[32m [repeated 3x across cluster][0m
[36m(WorkerDict pid=1906178)[0m `torch_dtype` is deprecated! Use `dtype` instead![32m [repeated 3x across cluster][0m
[36m(WorkerDict pid=1906178)[0m Loading checkpoint shards:   0%|          | 0/4 [00:00<?, ?it/s]Loading checkpoint shards: 100%|██████████| 4/4 [00:00<00:00, 189.14it/s][32m [repeated 2x across cluster][0m
[36m(WorkerDict pid=1906175)[0m Loading checkpoint shards:   0%|          | 0/4 [00:00<?, ?it/s]
[36m(WorkerDict pid=1906175)[0m Loading checkpoint shards: 100%|██████████| 4/4 [00:00<00:00, 152.62it/s]
[36m(WorkerDict pid=1906175)[0m <frozen importlib._bootstrap_external>:1301: FutureWarning: The cuda.cudart module is deprecated and will be removed in a future release, please switch to use the cuda.bindings.runtime module instead.
[36m(WorkerDict pid=1906175)[0m <frozen importlib._bootstrap_external>:1301: FutureWarning: The cuda.nvrtc module is deprecated and will be removed in a future release, please switch to use the cuda.bindings.nvrtc module instead.
[36m(WorkerDict pid=1906175)[0m /usr/local/lib/python3.12/dist-packages/torch/distributed/fsdp/fully_sharded_data_parallel.py:675: FutureWarning: FSDP.state_dict_type() and FSDP.set_state_dict_type() are being deprecated. Please use APIs, get_state_dict() and set_state_dict(), which can support different parallelisms, FSDP1, FSDP2, DDP. API doc: https://pytorch.org/docs/stable/distributed.checkpoint.html#torch.distributed.checkpoint.state_dict.get_state_dict .Tutorial: https://pytorch.org/tutorials/recipes/distributed_checkpoint_recipe.html .[32m [repeated 7x across cluster][0m
[36m(WorkerDict pid=1906175)[0m   warnings.warn([32m [repeated 7x across cluster][0m
[36m(WorkerDict pid=1906179)[0m Loading checkpoint shards:   0%|          | 0/4 [00:00<?, ?it/s]Loading checkpoint shards: 100%|██████████| 4/4 [00:00<00:00, 187.30it/s]
[36m(WorkerDict pid=1906178)[0m Loading checkpoint shards:   0%|          | 0/4 [00:00<?, ?it/s][32m [repeated 2x across cluster][0m
[36m(WorkerDict pid=1906178)[0m Loading checkpoint shards: 100%|██████████| 4/4 [00:00<00:00, 193.75it/s][32m [repeated 2x across cluster][0m
[36m(TaskRunner pid=1903717)[0m /workspace/repo/verl_sglang/verl_customize/sglang/python/sglang/srt/layers/attention/fla/utils.py:212: UserWarning: Triton is not supported on current platform, roll back to CPU.
[36m(TaskRunner pid=1903717)[0m /workspace/repo/verl_sglang/verl_customize/sglang/python/sglang/srt/layers/quantization/awq.py:76: UserWarning: Only CUDA, HIP and XPU support AWQ currently.
[36m(TaskRunner pid=1903717)[0m   warnings.warn(f"Only CUDA, HIP and XPU support AWQ currently.")
[36m(TaskRunner pid=1903717)[0m /workspace/repo/verl_sglang/verl_customize/sglang/python/sglang/srt/layers/quantization/gguf.py:47: UserWarning: Only CUDA support GGUF quantization currently.
[36m(TaskRunner pid=1903717)[0m   warnings.warn(f"Only CUDA support GGUF quantization currently.")
[36m(RewardLoopWorker pid=1911550)[0m /workspace/repo/verl_sglang/verl_customize/verl/utils/tokenizer.py:31: UserWarning: tokenizer.pad_token_id is None. Now set to 128009
[36m(RewardLoopWorker pid=1911550)[0m   warnings.warn(f"tokenizer.pad_token_id is None. Now set to {tokenizer.eos_token_id}", stacklevel=1)
[36m(TaskRunner pid=1903717)[0m <frozen importlib._bootstrap_external>:1301: FutureWarning: The cuda.cudart module is deprecated and will be removed in a future release, please switch to use the cuda.bindings.runtime module instead.[32m [repeated 4x across cluster][0m
[36m(TaskRunner pid=1903717)[0m <frozen importlib._bootstrap_external>:1301: FutureWarning: The cuda.nvrtc module is deprecated and will be removed in a future release, please switch to use the cuda.bindings.nvrtc module instead.[32m [repeated 4x across cluster][0m
[36m(TaskRunner pid=1903717)[0m   warnings.warn(
[36m(SGLangHttpServer pid=1912058)[0m WARNING:2026-03-31 08:51:32,368:fused_indices_to_multihot has reached end of life. Please migrate to a non-experimental function.
[36m(RewardLoopWorker pid=1911546)[0m /workspace/repo/verl_sglang/verl_customize/verl/utils/tokenizer.py:31: UserWarning: tokenizer.pad_token_id is None. Now set to 128009[32m [repeated 7x across cluster][0m
[36m(RewardLoopWorker pid=1911546)[0m   warnings.warn(f"tokenizer.pad_token_id is None. Now set to {tokenizer.eos_token_id}", stacklevel=1)[32m [repeated 7x across cluster][0m
[36m(pid=1912058)[0m <frozen importlib._bootstrap_external>:1301: FutureWarning: The cuda.cudart module is deprecated and will be removed in a future release, please switch to use the cuda.bindings.runtime module instead.
[36m(pid=1912058)[0m <frozen importlib._bootstrap_external>:1301: FutureWarning: The cuda.nvrtc module is deprecated and will be removed in a future release, please switch to use the cuda.bindings.nvrtc module instead.
[36m(SGLangHttpServer pid=1912058)[0m /workspace/repo/verl_sglang/verl_customize/verl/utils/tokenizer.py:109: UserWarning: Failed to create processor: Unsupported processor type: PreTrainedTokenizerFast. This may affect multimodal processing
[36m(SGLangHttpServer pid=1912058)[0m   warnings.warn(f"Failed to create processor: {e}. This may affect multimodal processing", stacklevel=1)
[36m(SGLangHttpServer pid=1912058)[0m WARNING:2026-03-31 08:51:34,086:agent loop only support torch and npu profiler, got None
[36m(SGLangHttpServer pid=1912058)[0m INFO:2026-03-31 08:51:34,086:SGLangHttpServer, replica_rank: 0, master address: 172.17.0.6, port: 41891
[36m(SGLangHttpServer pid=1912058)[0m <frozen importlib._bootstrap_external>:1301: FutureWarning: The cuda.cudart module is deprecated and will be removed in a future release, please switch to use the cuda.bindings.runtime module instead.
[36m(SGLangHttpServer pid=1912058)[0m <frozen importlib._bootstrap_external>:1301: FutureWarning: The cuda.nvrtc module is deprecated and will be removed in a future release, please switch to use the cuda.bindings.nvrtc module instead.
[36m(SGLangHttpServer pid=1912058)[0m /workspace/repo/verl_sglang/verl_customize/verl/utils/tokenizer.py:31: UserWarning: tokenizer.pad_token_id is None. Now set to 128009
[36m(SGLangHttpServer pid=1912058)[0m   warnings.warn(f"tokenizer.pad_token_id is None. Now set to {tokenizer.eos_token_id}", stacklevel=1)
[36m(SGLangHttpServer pid=1912058)[0m <frozen importlib._bootstrap_external>:1301: FutureWarning: The cuda.cudart module is deprecated and will be removed in a future release, please switch to use the cuda.bindings.runtime module instead.
[36m(SGLangHttpServer pid=1912058)[0m <frozen importlib._bootstrap_external>:1301: FutureWarning: The cuda.nvrtc module is deprecated and will be removed in a future release, please switch to use the cuda.bindings.nvrtc module instead.
[36m(SGLangHttpServer pid=1912058)[0m <frozen importlib._bootstrap_external>:1301: FutureWarning: The cuda.cudart module is deprecated and will be removed in a future release, please switch to use the cuda.bindings.runtime module instead.
[36m(SGLangHttpServer pid=1912058)[0m <frozen importlib._bootstrap_external>:1301: FutureWarning: The cuda.nvrtc module is deprecated and will be removed in a future release, please switch to use the cuda.bindings.nvrtc module instead.
[36m(SGLangHttpServer pid=1912058)[0m <frozen importlib._bootstrap_external>:1301: FutureWarning: The cuda.cudart module is deprecated and will be removed in a future release, please switch to use the cuda.bindings.runtime module instead.
[36m(SGLangHttpServer pid=1912058)[0m <frozen importlib._bootstrap_external>:1301: FutureWarning: The cuda.nvrtc module is deprecated and will be removed in a future release, please switch to use the cuda.bindings.nvrtc module instead.
[36m(SGLangHttpServer pid=1912058)[0m <frozen importlib._bootstrap_external>:1301: FutureWarning: The cuda.cudart module is deprecated and will be removed in a future release, please switch to use the cuda.bindings.runtime module instead.
[36m(SGLangHttpServer pid=1912058)[0m <frozen importlib._bootstrap_external>:1301: FutureWarning: The cuda.nvrtc module is deprecated and will be removed in a future release, please switch to use the cuda.bindings.nvrtc module instead.
[36m(SGLangHttpServer pid=1912058)[0m [W331 08:51:43.905239624 ProcessGroupNCCL.cpp:924] Warning: TORCH_NCCL_AVOID_RECORD_STREAMS is the default now, this environment variable is thus deprecated. (function operator())
[36m(SGLangHttpServer pid=1912058)[0m [W331 08:51:43.915795884 ProcessGroupNCCL.cpp:924] Warning: TORCH_NCCL_AVOID_RECORD_STREAMS is the default now, this environment variable is thus deprecated. (function operator())
[36m(SGLangHttpServer pid=1912058)[0m [W331 08:51:43.980391013 ProcessGroupNCCL.cpp:924] Warning: TORCH_NCCL_AVOID_RECORD_STREAMS is the default now, this environment variable is thus deprecated. (function operator())
[36m(SGLangHttpServer pid=1912058)[0m [W331 08:51:43.983486117 ProcessGroupNCCL.cpp:924] Warning: TORCH_NCCL_AVOID_RECORD_STREAMS is the default now, this environment variable is thus deprecated. (function operator())
[36m(SGLangHttpServer pid=1912058)[0m   0%|          | 0/52 [00:00<?, ?it/s]Capturing batches (bs=512 avail_mem=44.12 GB):   0%|          | 0/52 [00:00<?, ?it/s]
[36m(SGLangHttpServer pid=1912058)[0m Capturing batches (bs=512 avail_mem=44.12 GB):   2%|▏         | 1/52 [00:01<00:55,  1.09s/it]Capturing batches (bs=496 avail_mem=43.59 GB):   2%|▏         | 1/52 [00:01<00:55,  1.09s/it]
[36m(SGLangHttpServer pid=1912058)[0m Capturing batches (bs=496 avail_mem=43.59 GB):   4%|▍         | 2/52 [00:01<00:27,  1.81it/s]Capturing batches (bs=480 avail_mem=43.59 GB):   4%|▍         | 2/52 [00:01<00:27,  1.81it/s]Capturing batches (bs=464 avail_mem=43.58 GB):   4%|▍         | 2/52 [00:01<00:27,  1.81it/s]
[36m(SGLangHttpServer pid=1912058)[0m Capturing batches (bs=464 avail_mem=43.58 GB):   8%|▊         | 4/52 [00:01<00:12,  3.97it/s]Capturing batches (bs=448 avail_mem=43.58 GB):   8%|▊         | 4/52 [00:01<00:12,  3.97it/s]
[36m(SGLangHttpServer pid=1912058)[0m Capturing batches (bs=432 avail_mem=43.57 GB):   8%|▊         | 4/52 [00:01<00:12,  3.97it/s]
[36m(SGLangHttpServer pid=1912058)[0m Capturing batches (bs=432 avail_mem=43.57 GB):  12%|█▏        | 6/52 [00:01<00:08,  5.41it/s]Capturing batches (bs=416 avail_mem=43.56 GB):  12%|█▏        | 6/52 [00:01<00:08,  5.41it/s]
[36m(SGLangHttpServer pid=1912058)[0m Capturing batches (bs=416 avail_mem=43.56 GB):  13%|█▎        | 7/52 [00:01<00:07,  6.03it/s]Capturing batches (bs=400 avail_mem=43.56 GB):  13%|█▎        | 7/52 [00:01<00:07,  6.03it/s]
[36m(SGLangHttpServer pid=1912058)[0m Capturing batches (bs=400 avail_mem=43.56 GB):  15%|█▌        | 8/52 [00:01<00:06,  6.30it/s]Capturing batches (bs=384 avail_mem=43.56 GB):  15%|█▌        | 8/52 [00:01<00:06,  6.30it/s]
[36m(SGLangHttpServer pid=1912058)[0m Capturing batches (bs=368 avail_mem=43.55 GB):  15%|█▌        | 8/52 [00:01<00:06,  6.30it/s]Capturing batches (bs=368 avail_mem=43.55 GB):  19%|█▉        | 10/52 [00:02<00:05,  7.96it/s]Capturing batches (bs=352 avail_mem=43.55 GB):  19%|█▉        | 10/52 [00:02<00:05,  7.96it/s]
[36m(SGLangHttpServer pid=1912058)[0m Capturing batches (bs=336 avail_mem=43.54 GB):  19%|█▉        | 10/52 [00:02<00:05,  7.96it/s]
[36m(SGLangHttpServer pid=1912058)[0m Capturing batches (bs=336 avail_mem=43.54 GB):  23%|██▎       | 12/52 [00:02<00:04,  9.70it/s]Capturing batches (bs=320 avail_mem=43.54 GB):  23%|██▎       | 12/52 [00:02<00:04,  9.70it/s]
[36m(SGLangHttpServer pid=1912058)[0m Capturing batches (bs=304 avail_mem=43.53 GB):  23%|██▎       | 12/52 [00:02<00:04,  9.70it/s]
[36m(SGLangHttpServer pid=1912058)[0m Capturing batches (bs=304 avail_mem=43.53 GB):  27%|██▋       | 14/52 [00:02<00:03, 10.89it/s]Capturing batches (bs=288 avail_mem=43.53 GB):  27%|██▋       | 14/52 [00:02<00:03, 10.89it/s]Capturing batches (bs=272 avail_mem=43.52 GB):  27%|██▋       | 14/52 [00:02<00:03, 10.89it/s]
[36m(SGLangHttpServer pid=1912058)[0m Capturing batches (bs=272 avail_mem=43.52 GB):  31%|███       | 16/52 [00:02<00:03, 11.38it/s]Capturing batches (bs=256 avail_mem=43.51 GB):  31%|███       | 16/52 [00:02<00:03, 11.38it/s]
[36m(SGLangHttpServer pid=1912058)[0m Capturing batches (bs=248 avail_mem=43.51 GB):  31%|███       | 16/52 [00:02<00:03, 11.38it/s]
[36m(SGLangHttpServer pid=1912058)[0m Capturing batches (bs=248 avail_mem=43.51 GB):  35%|███▍      | 18/52 [00:02<00:03,  9.47it/s]Capturing batches (bs=240 avail_mem=43.50 GB):  35%|███▍      | 18/52 [00:02<00:03,  9.47it/s]
[36m(SGLangHttpServer pid=1912058)[0m Capturing batches (bs=232 avail_mem=43.50 GB):  35%|███▍      | 18/52 [00:02<00:03,  9.47it/s]
[36m(SGLangHttpServer pid=1912058)[0m Capturing batches (bs=232 avail_mem=43.50 GB):  38%|███▊      | 20/52 [00:02<00:03, 10.32it/s]Capturing batches (bs=224 avail_mem=43.49 GB):  38%|███▊      | 20/52 [00:02<00:03, 10.32it/s]
[36m(SGLangHttpServer pid=1912058)[0m Capturing batches (bs=216 avail_mem=43.49 GB):  38%|███▊      | 20/52 [00:03<00:03, 10.32it/s]
[36m(SGLangHttpServer pid=1912058)[0m Capturing batches (bs=216 avail_mem=43.49 GB):  42%|████▏     | 22/52 [00:03<00:03,  9.98it/s]Capturing batches (bs=208 avail_mem=43.48 GB):  42%|████▏     | 22/52 [00:03<00:03,  9.98it/s]
[36m(SGLangHttpServer pid=1912058)[0m Capturing batches (bs=200 avail_mem=43.48 GB):  42%|████▏     | 22/52 [00:03<00:03,  9.98it/s]
[36m(SGLangHttpServer pid=1912058)[0m Capturing batches (bs=200 avail_mem=43.48 GB):  46%|████▌     | 24/52 [00:03<00:03,  7.52it/s]Capturing batches (bs=192 avail_mem=43.47 GB):  46%|████▌     | 24/52 [00:03<00:03,  7.52it/s]
[36m(SGLangHttpServer pid=1912058)[0m Capturing batches (bs=192 avail_mem=43.47 GB):  48%|████▊     | 25/52 [00:03<00:04,  6.18it/s]Capturing batches (bs=184 avail_mem=43.47 GB):  48%|████▊     | 25/52 [00:03<00:04,  6.18it/s]
[36m(SGLangHttpServer pid=1912058)[0m Capturing batches (bs=184 avail_mem=43.47 GB):  50%|█████     | 26/52 [00:04<00:04,  6.14it/s]Capturing batches (bs=176 avail_mem=43.46 GB):  50%|█████     | 26/52 [00:04<00:04,  6.14it/s]
[36m(SGLangHttpServer pid=1912058)[0m Capturing batches (bs=176 avail_mem=43.46 GB):  52%|█████▏    | 27/52 [00:04<00:04,  6.22it/s]Capturing batches (bs=168 avail_mem=43.46 GB):  52%|█████▏    | 27/52 [00:04<00:04,  6.22it/s]
[36m(SGLangHttpServer pid=1912058)[0m Capturing batches (bs=160 avail_mem=43.45 GB):  52%|█████▏    | 27/52 [00:04<00:04,  6.22it/s]
[36m(SGLangHttpServer pid=1912058)[0m Capturing batches (bs=160 avail_mem=43.45 GB):  56%|█████▌    | 29/52 [00:04<00:03,  7.62it/s]Capturing batches (bs=152 avail_mem=43.45 GB):  56%|█████▌    | 29/52 [00:04<00:03,  7.62it/s]
[36m(SGLangHttpServer pid=1912058)[0m Capturing batches (bs=144 avail_mem=43.44 GB):  56%|█████▌    | 29/52 [00:04<00:03,  7.62it/s]
[36m(SGLangHttpServer pid=1912058)[0m Capturing batches (bs=144 avail_mem=43.44 GB):  60%|█████▉    | 31/52 [00:04<00:02,  8.90it/s]Capturing batches (bs=136 avail_mem=43.44 GB):  60%|█████▉    | 31/52 [00:04<00:02,  8.90it/s]
[36m(SGLangHttpServer pid=1912058)[0m Capturing batches (bs=128 avail_mem=43.43 GB):  60%|█████▉    | 31/52 [00:04<00:02,  8.90it/s]Capturing batches (bs=128 avail_mem=43.43 GB):  63%|██████▎   | 33/52 [00:04<00:01,  9.75it/s]Capturing batches (bs=120 avail_mem=43.42 GB):  63%|██████▎   | 33/52 [00:04<00:01,  9.75it/s]
[36m(SGLangHttpServer pid=1912058)[0m Capturing batches (bs=112 avail_mem=43.42 GB):  63%|██████▎   | 33/52 [00:04<00:01,  9.75it/s]Capturing batches (bs=112 avail_mem=43.42 GB):  67%|██████▋   | 35/52 [00:04<00:01, 11.36it/s]Capturing batches (bs=104 avail_mem=43.41 GB):  67%|██████▋   | 35/52 [00:04<00:01, 11.36it/s]
[36m(SGLangHttpServer pid=1912058)[0m Capturing batches (bs=96 avail_mem=43.41 GB):  67%|██████▋   | 35/52 [00:04<00:01, 11.36it/s] 
[36m(SGLangHttpServer pid=1912058)[0m Capturing batches (bs=96 avail_mem=43.41 GB):  71%|███████   | 37/52 [00:04<00:01, 12.19it/s]Capturing batches (bs=88 avail_mem=43.40 GB):  71%|███████   | 37/52 [00:04<00:01, 12.19it/s]Capturing batches (bs=80 avail_mem=43.40 GB):  71%|███████   | 37/52 [00:05<00:01, 12.19it/s]
[36m(SGLangHttpServer pid=1912058)[0m Capturing batches (bs=80 avail_mem=43.40 GB):  75%|███████▌  | 39/52 [00:05<00:01, 12.16it/s]Capturing batches (bs=72 avail_mem=43.39 GB):  75%|███████▌  | 39/52 [00:05<00:01, 12.16it/s]
[36m(SGLangHttpServer pid=1912058)[0m Capturing batches (bs=64 avail_mem=43.39 GB):  75%|███████▌  | 39/52 [00:05<00:01, 12.16it/s]Capturing batches (bs=64 avail_mem=43.39 GB):  79%|███████▉  | 41/52 [00:05<00:00, 12.98it/s]Capturing batches (bs=56 avail_mem=43.38 GB):  79%|███████▉  | 41/52 [00:05<00:00, 12.98it/s]
[36m(SGLangHttpServer pid=1912058)[0m Capturing batches (bs=48 avail_mem=43.38 GB):  79%|███████▉  | 41/52 [00:05<00:00, 12.98it/s]Capturing batches (bs=48 avail_mem=43.38 GB):  83%|████████▎ | 43/52 [00:05<00:00, 13.57it/s]Capturing batches (bs=40 avail_mem=43.37 GB):  83%|████████▎ | 43/52 [00:05<00:00, 13.57it/s]
[36m(SGLangHttpServer pid=1912058)[0m Capturing batches (bs=32 avail_mem=43.37 GB):  83%|████████▎ | 43/52 [00:05<00:00, 13.57it/s]Capturing batches (bs=32 avail_mem=43.37 GB):  87%|████████▋ | 45/52 [00:05<00:00, 13.87it/s]Capturing batches (bs=24 avail_mem=43.36 GB):  87%|████████▋ | 45/52 [00:05<00:00, 13.87it/s]
[36m(SGLangHttpServer pid=1912058)[0m Capturing batches (bs=16 avail_mem=43.36 GB):  87%|████████▋ | 45/52 [00:05<00:00, 13.87it/s]
[36m(SGLangHttpServer pid=1912058)[0m Capturing batches (bs=16 avail_mem=43.36 GB):  90%|█████████ | 47/52 [00:05<00:00, 13.33it/s]Capturing batches (bs=12 avail_mem=43.35 GB):  90%|█████████ | 47/52 [00:05<00:00, 13.33it/s]Capturing batches (bs=8 avail_mem=43.34 GB):  90%|█████████ | 47/52 [00:05<00:00, 13.33it/s] 
[36m(SGLangHttpServer pid=1912058)[0m Capturing batches (bs=8 avail_mem=43.34 GB):  94%|█████████▍| 49/52 [00:05<00:00, 14.04it/s]Capturing batches (bs=4 avail_mem=43.33 GB):  94%|█████████▍| 49/52 [00:05<00:00, 14.04it/s]
[36m(SGLangHttpServer pid=1912058)[0m Capturing batches (bs=2 avail_mem=43.33 GB):  94%|█████████▍| 49/52 [00:05<00:00, 14.04it/s]
[36m(SGLangHttpServer pid=1912058)[0m Capturing batches (bs=2 avail_mem=43.33 GB):  98%|█████████▊| 51/52 [00:05<00:00, 14.04it/s]Capturing batches (bs=1 avail_mem=43.32 GB):  98%|█████████▊| 51/52 [00:05<00:00, 14.04it/s]
[36m(SGLangHttpServer pid=1912058)[0m Capturing batches (bs=1 avail_mem=43.32 GB): 100%|██████████| 52/52 [00:06<00:00,  8.63it/s]
[36m(TaskRunner pid=1903717)[0m Training Progress:   0%|          | 0/1 [00:00<?, ?it/s]

[36m(TaskRunner pid=1903717)[0m              'default_hdfs_dir': None,
[36m(TaskRunner pid=1903717)[0m              'default_local_dir': 'checkpoints/verl_grpo_model_math/model_math_workload_analysis',
[36m(TaskRunner pid=1903717)[0m              'del_local_ckpt_after_load': False,
[36m(TaskRunner pid=1903717)[0m              'device': 'cuda',
[36m(TaskRunner pid=1903717)[0m              'dual_model': False,
[36m(TaskRunner pid=1903717)[0m              'esi_redundant_time': 0,
[36m(TaskRunner pid=1903717)[0m              'experiment_name': 'model_math_workload_analysis',
[36m(TaskRunner pid=1903717)[0m              'fit_method': 'overlap_decode',
[36m(TaskRunner pid=1903717)[0m              'log_val_generations': 0,
[36m(TaskRunner pid=1903717)[0m              'logger': ['console'],
[36m(TaskRunner pid=1903717)[0m              'max_actor_ckpt_to_keep': None,
[36m(TaskRunner pid=1903717)[0m              'max_critic_ckpt_to_keep': None,
[36m(TaskRunner pid=1903717)[0m              'mps_active_thread_percentage': 0,
[36m(TaskRunner pid=1903717)[0m              'n_gpus_per_node': 4,
[36m(TaskRunner pid=1903717)[0m              'nnodes': 1,
[36m(TaskRunner pid=1903717)[0m              'profile': {'enabled': True,
[36m(TaskRunner pid=1903717)[0m                          'print_every': 1,
[36m(TaskRunner pid=1903717)[0m                          'print_rollout_each': False,
[36m(TaskRunner pid=1903717)[0m                          'verbose': True,
[36m(TaskRunner pid=1903717)[0m                          'window': 1},
[36m(TaskRunner pid=1903717)[0m              'project_name': 'verl_grpo_model_math',
[36m(TaskRunner pid=1903717)[0m              'ray_wait_register_center_timeout': 300,
[36m(TaskRunner pid=1903717)[0m              'resume_from_path': None,
[36m(TaskRunner pid=1903717)[0m              'resume_mode': 'auto',
[36m(TaskRunner pid=1903717)[0m              'rollout_data_dir': None,
[36m(TaskRunner pid=1903717)[0m              'save_freq': 1000,
[36m(TaskRunner pid=1903717)[0m              'test_freq': 1000,
[36m(TaskRunner pid=1903717)[0m              'total_epochs': 1,
[36m(TaskRunner pid=1903717)[0m              'total_training_steps': 1,
[36m(TaskRunner pid=1903717)[0m              'trainer_class': None,
[36m(TaskRunner pid=1903717)[0m              'use_legacy_worker_impl': 'disable',
[36m(TaskRunner pid=1903717)[0m              'val_before_train': False,
[36m(TaskRunner pid=1903717)[0m              'val_only': False,
[36m(TaskRunner pid=1903717)[0m              'validation_data_dir': None},
[36m(TaskRunner pid=1903717)[0m  'transfer_queue': {'enable': False}}
[36m(TaskRunner pid=1903717)[0m Using new worker implementation
[36m(TaskRunner pid=1903717)[0m NOTICE: You have both enabled in-reward kl and kl loss.
[36m(TaskRunner pid=1903717)[0m [validate_config] All configuration checks passed successfully!
[36m(TaskRunner pid=1903717)[0m Using dataset class: RLHFDataset
[36m(TaskRunner pid=1903717)[0m dataset len: 7500
[36m(TaskRunner pid=1903717)[0m filter dataset len (from cache): 7430
[36m(TaskRunner pid=1903717)[0m Using dataset class: RLHFDataset
[36m(TaskRunner pid=1903717)[0m dataset len: 5000
[36m(TaskRunner pid=1903717)[0m filter dataset len (from cache): 4973
[36m(TaskRunner pid=1903717)[0m Size of train dataloader: 116, Size of val dataloader: 1
[36m(TaskRunner pid=1903717)[0m Total training steps: 1
[36m(TaskRunner pid=1903717)[0m colocated worker base class <class 'verl.single_controller.base.worker.Worker'>
[36m(TaskRunner pid=1903717)[0m [debug], rollout {'actor_rollout_ref': <verl.single_controller.ray.base.RayWorkerGroup object at 0x7f2f629bfe60>}
[36m(WorkerDict pid=1906175)[0m [Gloo] Rank 0 is connected to 3 peer ranks. Expected number of connected peer ranks is : 3
[36m(WorkerDict pid=1906178)[0m Monkey patch state_dict in AutoModelForCausalLMWithValueHead. 
[36m(WorkerDict pid=1906178)[0m Monkey patch _flash_attention_forward in transformers.integrations.flash_attention
[36m(WorkerDict pid=1906178)[0m Skipping monkey patch for LlamaForCausalLM as use_fused_kernels is False or fused_kernels_backend is torch
[36m(WorkerDict pid=1906175)[0m LlamaForCausalLM contains 8.03B parameters
[36m(WorkerDict pid=1906175)[0m Before FSDP, memory allocated (GB): 0.00, memory reserved (GB): 0.00, device memory used/total (GB): 0.51/79.11
[36m(WorkerDict pid=1906175)[0m After FSDP, memory allocated (GB): 0.00, memory reserved (GB): 7.11, device memory used/total (GB): 8.96/79.11
[36m(WorkerDict pid=1906179)[0m [Gloo] Rank 2 is connected to 3 peer ranks. Expected number of connected peer ranks is : 3[32m [repeated 3x across cluster] (Ray deduplicates logs by default. Set RAY_DEDUP_LOGS=0 to disable log deduplication, or see https://docs.ray.io/en/master/ray-observability/user-guides/configure-logging.html#log-deduplication for more options.)[0m
[36m(WorkerDict pid=1906175)[0m Monkey patch state_dict in AutoModelForCausalLMWithValueHead. [32m [repeated 3x across cluster][0m
[36m(WorkerDict pid=1906175)[0m Monkey patch _flash_attention_forward in transformers.integrations.flash_attention[32m [repeated 3x across cluster][0m
[36m(WorkerDict pid=1906175)[0m Skipping monkey patch for LlamaForCausalLM as use_fused_kernels is False or fused_kernels_backend is torch[32m [repeated 3x across cluster][0m
[36m(WorkerDict pid=1906175)[0m LlamaForCausalLM contains 8.03B parameters
[36m(WorkerDict pid=1906175)[0m Before FSDP, memory allocated (GB): 0.00, memory reserved (GB): 7.11, device memory used/total (GB): 8.96/79.11
[36m(WorkerDict pid=1906175)[0m After FSDP, memory allocated (GB): 3.74, memory reserved (GB): 11.03, device memory used/total (GB): 12.88/79.11
[36m(WorkerDict pid=1906175)[0m Total steps: 1, num_warmup_steps: 0
[36m(WorkerDict pid=1906178)[0m [Gloo] Rank 0 is connected to 0 peer ranks. Expected number of connected peer ranks is : 0
[36m(WorkerDict pid=1906179)[0m Monkey patch state_dict in AutoModelForCausalLMWithValueHead. [32m [repeated 4x across cluster][0m
[36m(WorkerDict pid=1906179)[0m Monkey patch _flash_attention_forward in transformers.integrations.flash_attention[32m [repeated 4x across cluster][0m
[36m(WorkerDict pid=1906179)[0m Skipping monkey patch for LlamaForCausalLM as use_fused_kernels is False or fused_kernels_backend is torch[32m [repeated 4x across cluster][0m
[36m(WorkerDict pid=1906182)[0m [Gloo] Rank 0 is connected to 0 peer ranks. Expected number of connected peer ranks is : 0
[36m(WorkerDict pid=1906175)[0m NCCL version 2.27.5+cuda12.9
[36m(SGLangHttpServer pid=1912058)[0m SGLang http server: rollout_mode=<RolloutMode.HYBRID: 'hybrid'>, replica_rank=0, node_rank=0, nnodes=1, cuda_visible_devices='4,5,6,7'
[36m(WorkerDict pid=1906179)[0m [Gloo] Rank 0 is connected to 0 peer ranks. Expected number of connected peer ranks is : 0[32m [repeated 10x across cluster][0m
[36m(SGLangHttpServer pid=1912058)[0m [Gloo] Rank 3 is connected to 3 peer ranks. Expected number of connected peer ranks is : 3[32m [repeated 8x across cluster][0m
[36m(SGLangHttpServer pid=1912058)[0m NCCL version 2.27.5+cuda12.9
[36m(TaskRunner pid=1903717)[0m AgentLoopManager: ['172.17.0.6:36627']
[36m(SGLangHttpServer pid=1912058)[0m [Gloo] Rank 0 is connected to 0 peer ranks. Expected number of connected peer ranks is : 0[32m [repeated 16x across cluster][0m
[36m(SGLangHttpServer pid=1912058)[0m [debug sglang]: event_loop_overlap begin
[36m(SGLangHttpServer pid=1912058)[0m [debug sglang]: event_loop_overlap begin
[36m(SGLangHttpServer pid=1912058)[0m [debug sglang]: event_loop_overlap begin
[36m(SGLangHttpServer pid=1912058)[0m [debug sglang]: event_loop_overlap begin
[36m(TaskRunner pid=1903717)[0m [FIT] wall_start=2026-03-31 08:51:55
[36m(TaskRunner pid=1903717)[0m Checkpoint tracker file does not exist: /workspace/repo/verl_sglang/verl_customize/checkpoints/verl_grpo_model_math/model_math_workload_analysis/latest_checkpointed_iteration.txt
[36m(TaskRunner pid=1903717)[0m Training from scratch
[36m(TaskRunner pid=1903717)[0m [ROLLOUT] walltime_before=1067923.088514 step=1[36m(AgentLoopWorker pid=1919612)[0m /workspace/repo/verl_sglang/verl_customize/sglang/python/sglang/srt/layers/attention/fla/utils.py:212: UserWarning: Triton is not supported on current platform, roll back to CPU.
[36m(AgentLoopWorker pid=1919612)[0m   warnings.warn(
[36m(AgentLoopWorker pid=1919612)[0m /workspace/repo/verl_sglang/verl_customize/sglang/python/sglang/srt/layers/quantization/awq.py:76: UserWarning: Only CUDA, HIP and XPU support AWQ currently.
[36m(AgentLoopWorker pid=1919612)[0m   warnings.warn(f"Only CUDA, HIP and XPU support AWQ currently.")
[36m(AgentLoopWorker pid=1919612)[0m /workspace/repo/verl_sglang/verl_customize/sglang/python/sglang/srt/layers/quantization/gguf.py:47: UserWarning: Only CUDA support GGUF quantization currently.
[36m(AgentLoopWorker pid=1919612)[0m   warnings.warn(f"Only CUDA support GGUF quantization currently.")
[36m(AgentLoopWorker pid=1919612)[0m <frozen importlib._bootstrap_external>:1301: FutureWarning: The cuda.cudart module is deprecated and will be removed in a future release, please switch to use the cuda.bindings.runtime module instead.
[36m(AgentLoopWorker pid=1919612)[0m <frozen importlib._bootstrap_external>:1301: FutureWarning: The cuda.nvrtc module is deprecated and will be removed in a future release, please switch to use the cuda.bindings.nvrtc module instead.
[36m(AgentLoopWorker pid=1919612)[0m /workspace/repo/verl_sglang/verl_customize/verl/utils/tokenizer.py:31: UserWarning: tokenizer.pad_token_id is None. Now set to 128009
[36m(AgentLoopWorker pid=1919612)[0m   warnings.warn(f"tokenizer.pad_token_id is None. Now set to {tokenizer.eos_token_id}", stacklevel=1)
[36m(AgentLoopWorker pid=1919612)[0m /workspace/repo/verl_sglang/verl_customize/verl/utils/tokenizer.py:109: UserWarning: Failed to create processor: Unsupported processor type: PreTrainedTokenizerFast. This may affect multimodal processing
[36m(AgentLoopWorker pid=1919612)[0m   warnings.warn(f"Failed to create processor: {e}. This may affect multimodal processing", stacklevel=1)
[36m(AgentLoopWorker pid=1919616)[0m /workspace/repo/verl_sglang/verl_customize/sglang/python/sglang/srt/layers/attention/fla/utils.py:212: UserWarning: Triton is not supported on current platform, roll back to CPU.[32m [repeated 7x across cluster][0m
[36m(AgentLoopWorker pid=1919616)[0m   warnings.warn([32m [repeated 7x across cluster][0m
[36m(AgentLoopWorker pid=1919618)[0m You're using a PreTrainedTokenizerFast tokenizer. Please note that with a fast tokenizer, using the `__call__` method is faster than using a method to encode the text followed by a call to the `pad` method to get a padded encoding.
[36m(TaskRunner pid=1903717)[0m W0331 08:52:19.281000 1903717 torch/fx/_symbolic_trace.py:52] is_fx_tracing will return true for both fx.symbolic_trace and torch.export. Please use is_fx_tracing_symbolic_tracing() for specifically fx.symbolic_trace or torch.compiler.is_compiling() for specifically torch.export/compile.
[36m(AgentLoopWorker pid=1919616)[0m /workspace/repo/verl_sglang/verl_customize/sglang/python/sglang/srt/layers/quantization/awq.py:76: UserWarning: Only CUDA, HIP and XPU support AWQ currently.[32m [repeated 7x across cluster][0m
[36m(AgentLoopWorker pid=1919616)[0m   warnings.warn(f"Only CUDA, HIP and XPU support AWQ currently.")[32m [repeated 7x across cluster][0m
[36m(AgentLoopWorker pid=1919616)[0m /workspace/repo/verl_sglang/verl_customize/sglang/python/sglang/srt/layers/quantization/gguf.py:47: UserWarning: Only CUDA support GGUF quantization currently.[32m [repeated 7x across cluster][0m
[36m(AgentLoopWorker pid=1919616)[0m   warnings.warn(f"Only CUDA support GGUF quantization currently.")[32m [repeated 7x across cluster][0m
[36m(AgentLoopWorker pid=1919616)[0m <frozen importlib._bootstrap_external>:1301: FutureWarning: The cuda.cudart module is deprecated and will be removed in a future release, please switch to use the cuda.bindings.runtime module instead.[32m [repeated 7x across cluster][0m
[36m(AgentLoopWorker pid=1919616)[0m <frozen importlib._bootstrap_external>:1301: FutureWarning: The cuda.nvrtc module is deprecated and will be removed in a future release, please switch to use the cuda.bindings.nvrtc module instead.[32m [repeated 7x across cluster][0m
[36m(AgentLoopWorker pid=1919616)[0m /workspace/repo/verl_sglang/verl_customize/verl/utils/tokenizer.py:31: UserWarning: tokenizer.pad_token_id is None. Now set to 128009[32m [repeated 7x across cluster][0m
[36m(AgentLoopWorker pid=1919616)[0m   warnings.warn(f"tokenizer.pad_token_id is None. Now set to {tokenizer.eos_token_id}", stacklevel=1)[32m [repeated 7x across cluster][0m
[36m(AgentLoopWorker pid=1919616)[0m /workspace/repo/verl_sglang/verl_customize/verl/utils/tokenizer.py:109: UserWarning: Failed to create processor: Unsupported processor type: PreTrainedTokenizerFast. This may affect multimodal processing[32m [repeated 7x across cluster][0m
[36m(AgentLoopWorker pid=1919616)[0m   warnings.warn(f"Failed to create processor: {e}. This may affect multimodal processing", stacklevel=1)[32m [repeated 7x across cluster][0m
[36m(AgentLoopWorker pid=1919616)[0m You're using a PreTrainedTokenizerFast tokenizer. Please note that with a fast tokenizer, using the `__call__` method is faster than using a method to encode the text followed by a call to the `pad` method to get a padded encoding.[32m [repeated 7x across cluster][0m
[36m(TaskRunner pid=1903717)[0m Training Progress: 100%|██████████| 1/1 [02:18<00:00, 138.25s/it]Training Progress: 100%|██████████| 1/1 [02:18<00:00, 138.25s/it]
[36m(WorkerDict pid=1906178)[0m [rank1]:W0331 08:52:20.028000 1906178 torch/fx/_symbolic_trace.py:52] is_fx_tracing will return true for both fx.symbolic_trace and torch.export. Please use is_fx_tracing_symbolic_tracing() for specifically fx.symbolic_trace or torch.compiler.is_compiling() for specifically torch.export/compile.[32m [repeated 4x across cluster][0m

[36m(AgentLoopWorker pid=1919612)[0m Using dataset class: RLHFDataset
[36m(TaskRunner pid=1903717)[0m [ROLLOUT] walltime_after=1067944.681087 duration=21.593s step=1
[36m(AgentLoopWorker pid=1919616)[0m Using dataset class: RLHFDataset[32m [repeated 7x across cluster][0m
[36m(TaskRunner pid=1903717)[0m [LONGEST_RESP] FIT_rollout step=1 response_len=1777 idx=195
[36m(TaskRunner pid=1903717)[0m [LONGEST_RESP] FIT_rollout step=1 text:
[36m(TaskRunner pid=1903717)[0m We can represent the polynomial as $x^3 - 2004 x^2 + mx +
[36m(TaskRunner pid=1903717)[0m ... [truncated, 1737 tokens] ...
[36m(TaskRunner pid=1903717)[0m  = b = c$.  However, we are given that the zeros are distinct and positive.
[36m(TaskRunner pid=1903717)[0m [LONGEST_RESP] FIT_rollout step=1 --- end ---
[36m(TaskRunner pid=1903717)[0m test_gen_batch meta info: {'eos_token_id': 128009, 'pad_token_id': 128009, 'recompute_log_prob': False, 'do_sample': False, 'validate': True, 'global_steps': 1}
[36m(TaskRunner pid=1903717)[0m validation generation end
[36m(TaskRunner pid=1903717)[0m [debug stats] {'rollout_tokens/min': 141, 'rollout_tokens/max': 1940, 'rollout_tokens/mean': 268.85546875, 'rollout_tokens/p50': 218.0, 'rollout_tokens/p90': 418.5, 'rollout_tokens/p99': 740.4999999999997, 'rollout_tokens/n': 256}
[36m(TaskRunner pid=1903717)[0m [profile] step=1 window=1 | step: 83.26s | gen: 21.59s | reward: 0.00s | old_log_prob: 7.64s | adv: 0.01s | update_actor: 32.22s | update_weights: 2.01s | testing: 54.83s | start_profile: 0.00s | stop_profile: 0.00s | agent_loop/generate_sequences/max: 10.51s | agent_loop/generate_sequences/mean: 1.82s | agent_loop/generate_sequences/min: 0.91s | agent_loop/num_preempted/max: -1.00s | agent_loop/num_preempted/mean: -1.00s | agent_loop/num_preempted/min: -1.00s | agent_loop/slowest/generate_sequences: 10.51s | agent_loop/slowest/num_preempted: -1.00s | agent_loop/slowest/prompt_length: 163.00s | agent_loop/slowest/response_length: 1777.00s | agent_loop/slowest/tool_calls: 0.00s | agent_loop/tool_calls/max: 0.00s | agent_loop/tool_calls/mean: 0.00s | agent_loop/tool_calls/min: 0.00s | ref: 19.75s
[36m(TaskRunner pid=1903717)[0m step:1 - global_seqlen/min:16051 - global_seqlen/max:19140 - global_seqlen/minmax_diff:3089 - global_seqlen/balanced_min:16986 - global_seqlen/balanced_max:17867 - global_seqlen/mean:17206.75 - actor/entropy:0.33426839113235474 - perf/mfu/actor_infer:0.04257141571434448 - actor/reward_kl_penalty:0.0 - actor/reward_kl_penalty_coeff:0.001 - actor/pg_clipfrac:0.0 - actor/ppo_kl:0.0 - actor/pg_clipfrac_lower:0.0 - actor/pg_loss:0.0 - actor/kl_loss:0.0 - actor/kl_coef:0.0010000000000000005 - actor/loss:0.0 - actor/grad_norm:0.0 - actor/lr:1e-06 - perf/mfu/actor:0.03422288300790223 - val-aux/DigitalLearningGmbH/MATH-lighteval/reward/mean@1:0.004021717273275689 - val-core/DigitalLearningGmbH/MATH-lighteval/acc/mean@1:0.004021717273275689 - val-aux/num_turns/min:2 - val-aux/num_turns/max:2 - val-aux/num_turns/mean:2.0 - rollout_tokens/min:141 - rollout_tokens/max:1940 - rollout_tokens/mean:268.85546875 - rollout_tokens/p50:218.0 - rollout_tokens/p90:418.5 - rollout_tokens/p99:740.4999999999997 - rollout_tokens/n:256 - training/global_step:1 - training/epoch:0 - critic/score/mean:0.0 - critic/score/max:0.0 - critic/score/min:0.0 - critic/rewards/mean:0.0 - critic/rewards/max:0.0 - critic/rewards/min:0.0 - critic/advantages/mean:0.0 - critic/advantages/max:0.0 - critic/advantages/min:0.0 - critic/returns/mean:0.0 - critic/returns/max:0.0 - critic/returns/min:0.0 - response_length/mean:97.29296875 - response_length/max:1777.0 - response_length/min:17.0 - response_length/clip_ratio:0.0 - response_length_non_aborted/mean:97.29296875 - response_length_non_aborted/max:1777.0 - response_length_non_aborted/min:17.0 - response_length_non_aborted/clip_ratio:0.0 - response/aborted_ratio:0.0 - prompt_length/mean:171.5625 - prompt_length/max:442.0 - prompt_length/min:119.0 - prompt_length/clip_ratio:0.0 - num_turns/min:2 - num_turns/max:2 - num_turns/mean:2.0 - timing_s/start_profile:0.00024954299442470074 - timing_s/agent_loop/num_preempted/min:-1 - timing_s/agent_loop/num_preempted/max:-1 - timing_s/agent_loop/num_preempted/mean:-1.0 - timing_s/agent_loop/generate_sequences/min:0.9149680051486939 - timing_s/agent_loop/generate_sequences/max:10.507808662950993 - timing_s/agent_loop/generate_sequences/mean:1.815523186270184 - timing_s/agent_loop/tool_calls/min:0.0 - timing_s/agent_loop/tool_calls/max:0.0 - timing_s/agent_loop/tool_calls/mean:0.0 - timing_s/agent_loop/slowest/generate_sequences:10.507808662950993 - timing_s/agent_loop/slowest/tool_calls:0.0 - timing_s/agent_loop/slowest/prompt_length:163 - timing_s/agent_loop/slowest/response_length:1777 - timing_s/agent_loop/slowest/num_preempted:-1 - timing_s/gen:21.59282894595526 - timing_s/reward:7.399101741611958e-05 - timing_s/old_log_prob:7.644294755998999 - timing_s/ref:19.749505334999412 - timing_s/adv:0.006016197148710489 - timing_s/update_actor:32.22037488105707 - timing_s/update_weights:2.007259433856234 - timing_s/step:83.25561009487137 - timing_s/testing:54.83353727101348 - timing_s/stop_profile:8.60709697008133e-05 - timing_per_token_ms/ref:0.28694415469219076 - timing_per_token_ms/update_actor:0.46813568630126356 - timing_per_token_ms/gen:0.8669381678225102 - timing_per_token_ms/adv:8.741042248987301e-05 - perf/total_num_tokens:68827 - perf/time_per_step:83.25561009487137 - perf/throughput:206.67376024741847
[36m(TaskRunner pid=1903717)[0m ('Final validation metrics: '
[36m(TaskRunner pid=1903717)[0m  "{'val-aux/DigitalLearningGmbH/MATH-lighteval/reward/mean@1': "
[36m(TaskRunner pid=1903717)[0m  '0.004021717273275689, '
[36m(TaskRunner pid=1903717)[0m  "'val-core/DigitalLearningGmbH/MATH-lighteval/acc/mean@1': "
[36m(TaskRunner pid=1903717)[0m  "0.004021717273275689, 'val-aux/num_turns/min': 2, 'val-aux/num_turns/max': "
[36m(TaskRunner pid=1903717)[0m  "2, 'val-aux/num_turns/mean': 2.0}")
[36m(TaskRunner pid=1903717)[0m [FIT] wall_total=140.054s (completed)
[36m(AgentLoopWorker pid=1919612)[0m ERROR:2026-03-31 08:54:16,307:Task was destroyed but it is pending!
[36m(AgentLoopWorker pid=1919612)[0m task: <Task pending name='Task-3' coro=<AsyncLLMServerManager._scheduler_loop() running at /workspace/repo/verl_sglang/verl_customize/verl/experimental/agent_loop/agent_loop.py:133> wait_for=<Future pending cb=[Task.task_wakeup()]>>
[36m(AgentLoopWorker pid=1919615)[0m ERROR:2026-03-31 08:54:16,294:Task was destroyed but it is pending!
[36m(AgentLoopWorker pid=1919615)[0m task: <Task pending name='Task-3' coro=<AsyncLLMServerManager._scheduler_loop() running at /workspace/repo/verl_sglang/verl_customize/verl/experimental/agent_loop/agent_loop.py:133> wait_for=<Future pending cb=[Task.task_wakeup()]>>
