pass_id,mode,batch_size,prefill_tokens,decode_tokens,avg_seq_len,forward_time_ms,global_step
1,EXTEND,5,418,0,83.60,1204.46,1
2,EXTEND,91,8192,0,90.02,110.38,1
3,EXTEND,89,8192,0,96.31,57.86,1
4,EXTEND,73,5582,0,81.38,38.89,1
5,DECODE,256,0,256,90.97,19.83,1
6,DECODE,256,0,256,91.97,6.04,1
7,DECODE,256,0,256,92.97,5.52,1
8,DECODE,256,0,256,93.97,6.44,1
9,DECODE,256,0,256,94.97,5.41,1
10,DECODE,256,0,256,95.97,5.43,1
11,DECODE,256,0,256,96.97,5.42,1
12,DECODE,256,0,256,97.97,5.49,1
13,DECODE,256,0,256,98.97,5.45,1
14,DECODE,256,0,256,99.97,5.48,1
15,DECODE,256,0,256,100.97,5.41,1
16,DECODE,256,0,256,101.97,5.44,1
17,DECODE,256,0,256,102.97,5.41,1
18,DECODE,256,0,256,103.97,5.78,1
19,DECODE,256,0,256,104.97,5.67,1
20,DECODE,256,0,256,105.97,5.43,1
21,DECODE,256,0,256,106.97,5.41,1
22,DECODE,256,0,256,107.97,5.40,1
23,DECODE,256,0,256,108.97,5.77,1
24,DECODE,256,0,256,109.97,5.75,1
25,DECODE,256,0,256,110.97,5.81,1
26,DECODE,256,0,256,111.97,5.80,1
27,DECODE,256,0,256,112.97,5.78,1
28,DECODE,256,0,256,113.97,5.69,1
29,DECODE,256,0,256,114.97,5.78,1
30,DECODE,256,0,256,115.97,5.78,1
31,DECODE,256,0,256,116.97,5.80,1
32,DECODE,256,0,256,117.97,5.79,1
33,DECODE,256,0,256,118.97,5.52,1
34,DECODE,256,0,256,119.97,5.51,1
35,DECODE,256,0,256,120.97,5.83,1
36,DECODE,256,0,256,121.97,5.85,1
37,DECODE,256,0,256,122.97,5.78,1
38,DECODE,256,0,256,123.97,5.50,1
39,DECODE,256,0,256,124.97,6.19,1
40,DECODE,256,0,256,125.97,5.50,1
41,DECODE,256,0,256,126.97,6.71,1
42,DECODE,256,0,256,127.97,5.61,1
43,DECODE,256,0,256,128.97,5.51,1
44,DECODE,256,0,256,129.97,6.19,1
45,DECODE,256,0,256,130.97,5.58,1
46,DECODE,256,0,256,131.97,5.56,1
47,DECODE,256,0,256,132.97,5.53,1
48,DECODE,256,0,256,133.97,5.53,1
49,DECODE,256,0,256,134.97,5.51,1
50,DECODE,256,0,256,135.97,5.58,1
51,DECODE,256,0,256,136.97,5.58,1
52,DECODE,256,0,256,137.97,5.58,1
53,DECODE,256,0,256,138.97,5.54,1
54,DECODE,256,0,256,139.97,5.57,1
55,DECODE,256,0,256,140.97,10.42,1
56,DECODE,256,0,256,141.97,5.58,1
57,DECODE,256,0,256,142.97,5.62,1
58,DECODE,256,0,256,143.97,5.60,1
59,DECODE,256,0,256,144.97,5.49,1
60,DECODE,256,0,256,145.97,5.60,1
61,DECODE,256,0,256,146.97,5.58,1
62,DECODE,256,0,256,147.97,5.60,1
63,DECODE,256,0,256,148.97,6.09,1
64,DECODE,256,0,256,149.97,6.11,1
65,DECODE,256,0,256,150.97,6.15,1
66,DECODE,256,0,256,151.97,6.15,1
67,DECODE,256,0,256,152.97,5.63,1
68,DECODE,256,0,256,153.97,5.60,1
69,DECODE,256,0,256,154.97,5.66,1
70,DECODE,256,0,256,155.97,5.95,1
71,DECODE,256,0,256,156.97,5.68,1
72,DECODE,256,0,256,157.97,5.65,1
73,DECODE,256,0,256,158.97,6.11,1
74,DECODE,256,0,256,159.97,6.51,1
75,DECODE,256,0,256,160.97,6.51,1
76,DECODE,256,0,256,161.97,6.62,1
77,DECODE,256,0,256,162.97,6.49,1
78,DECODE,256,0,256,163.97,6.51,1
79,DECODE,256,0,256,164.97,6.51,1
80,DECODE,256,0,256,165.97,6.54,1
81,DECODE,256,0,256,166.97,5.81,1
82,DECODE,256,0,256,167.97,6.65,1
83,DECODE,256,0,256,168.97,6.66,1
84,DECODE,256,0,256,169.97,6.64,1
85,DECODE,256,0,256,170.97,6.59,1
86,DECODE,256,0,256,171.97,6.64,1
87,DECODE,256,0,256,172.97,6.70,1
88,DECODE,256,0,256,173.97,6.62,1
89,DECODE,256,0,256,174.97,6.55,1
90,DECODE,256,0,256,175.97,6.60,1
91,DECODE,256,0,256,176.97,6.67,1
92,DECODE,256,0,256,177.97,6.63,1
93,DECODE,256,0,256,178.97,6.73,1
94,DECODE,256,0,256,179.97,6.62,1
95,DECODE,256,0,256,180.97,6.67,1
96,DECODE,256,0,256,181.97,6.66,1
97,DECODE,256,0,256,182.97,9.22,1
98,DECODE,256,0,256,183.97,6.66,1
99,DECODE,256,0,256,184.97,6.63,1
100,DECODE,256,0,256,185.97,6.70,1
101,DECODE,256,0,256,186.97,6.70,1
102,DECODE,256,0,256,187.97,6.68,1
103,DECODE,256,0,256,188.97,6.76,1
104,DECODE,256,0,256,189.97,6.74,1
105,DECODE,256,0,256,190.97,6.74,1
106,DECODE,256,0,256,191.97,6.79,1
107,DECODE,256,0,256,192.97,6.78,1
108,DECODE,256,0,256,193.97,6.75,1
109,DECODE,256,0,256,194.97,6.69,1
110,DECODE,256,0,256,195.97,6.71,1
111,DECODE,256,0,256,196.97,6.72,1
112,DECODE,256,0,256,197.97,6.66,1
113,DECODE,256,0,256,198.97,6.65,1
114,DECODE,256,0,256,199.97,6.70,1
115,DECODE,256,0,256,200.97,6.71,1
116,DECODE,256,0,256,201.97,6.66,1
117,DECODE,256,0,256,202.97,6.72,1
118,DECODE,256,0,256,203.97,6.66,1
119,DECODE,256,0,256,204.97,6.75,1
120,DECODE,256,0,256,205.97,6.67,1
121,DECODE,256,0,256,206.97,6.71,1
122,DECODE,256,0,256,207.97,8.11,1
123,DECODE,256,0,256,208.97,8.47,1
124,DECODE,256,0,256,209.97,6.94,1
125,DECODE,256,0,256,210.97,5.91,1
126,DECODE,256,0,256,211.97,7.55,1
127,DECODE,256,0,256,212.97,6.72,1
128,DECODE,256,0,256,213.97,7.52,1
129,DECODE,256,0,256,214.97,6.37,1
130,DECODE,256,0,256,215.97,6.34,1
131,DECODE,256,0,256,216.97,6.75,1
132,DECODE,256,0,256,217.97,6.75,1
133,DECODE,256,0,256,218.97,6.68,1
134,DECODE,256,0,256,219.97,6.72,1
135,DECODE,256,0,256,220.97,6.65,1
136,DECODE,256,0,256,221.97,6.71,1
137,DECODE,256,0,256,222.97,6.77,1
138,DECODE,256,0,256,223.97,6.85,1
139,DECODE,256,0,256,224.97,7.41,1
140,DECODE,256,0,256,225.97,6.80,1
141,DECODE,256,0,256,226.97,6.73,1
142,DECODE,256,0,256,227.97,6.73,1
143,DECODE,256,0,256,228.97,6.72,1
144,DECODE,256,0,256,229.97,6.75,1
145,DECODE,256,0,256,230.97,6.68,1
146,DECODE,256,0,256,231.97,6.80,1
147,DECODE,256,0,256,232.97,6.83,1
148,DECODE,256,0,256,233.97,6.84,1
149,DECODE,256,0,256,234.97,6.95,1
150,DECODE,256,0,256,235.97,6.84,1
151,DECODE,256,0,256,236.97,6.76,1
152,DECODE,256,0,256,237.97,6.80,1
153,DECODE,256,0,256,238.97,6.89,1
154,DECODE,256,0,256,239.97,6.88,1
155,DECODE,256,0,256,240.97,6.83,1
156,DECODE,256,0,256,241.97,6.85,1
157,DECODE,256,0,256,242.97,6.79,1
158,DECODE,256,0,256,243.97,6.79,1
159,DECODE,256,0,256,244.97,6.74,1
160,DECODE,256,0,256,245.97,6.79,1
161,DECODE,256,0,256,246.97,6.77,1
162,DECODE,256,0,256,247.97,6.80,1
163,DECODE,256,0,256,248.97,6.76,1
164,DECODE,256,0,256,249.97,6.90,1
165,DECODE,256,0,256,250.97,6.83,1
166,DECODE,256,0,256,251.97,6.92,1
167,DECODE,256,0,256,252.97,6.76,1
168,DECODE,256,0,256,253.97,6.82,1
169,DECODE,256,0,256,254.97,6.91,1
170,DECODE,256,0,256,255.97,6.82,1
171,DECODE,256,0,256,256.97,6.73,1
172,DECODE,256,0,256,257.97,6.75,1
173,DECODE,256,0,256,258.97,7.00,1
174,DECODE,256,0,256,259.97,6.95,1
175,DECODE,256,0,256,260.97,6.90,1
176,DECODE,256,0,256,261.97,6.87,1
177,DECODE,256,0,256,262.97,6.86,1
178,DECODE,256,0,256,263.97,6.86,1
179,DECODE,256,0,256,264.97,6.82,1
180,DECODE,256,0,256,265.97,6.84,1
181,DECODE,256,0,256,266.97,6.88,1
182,DECODE,256,0,256,267.97,6.89,1
183,DECODE,256,0,256,268.97,7.06,1
184,DECODE,256,0,256,269.97,6.35,1
185,DECODE,256,0,256,270.97,6.94,1
186,DECODE,256,0,256,271.97,6.98,1
187,DECODE,256,0,256,272.97,6.94,1
188,DECODE,256,0,256,273.97,7.05,1
189,DECODE,256,0,256,274.97,7.07,1
190,DECODE,256,0,256,275.97,7.03,1
191,DECODE,256,0,256,276.97,7.02,1
192,DECODE,256,0,256,277.97,6.98,1
193,DECODE,256,0,256,278.97,6.93,1
194,DECODE,256,0,256,279.97,8.04,1
195,DECODE,256,0,256,280.97,7.03,1
196,DECODE,256,0,256,281.97,6.98,1
197,DECODE,256,0,256,282.97,6.87,1
198,DECODE,256,0,256,283.97,7.07,1
199,DECODE,256,0,256,284.97,7.01,1
200,DECODE,256,0,256,285.97,7.02,1
201,DECODE,256,0,256,286.97,7.02,1
202,DECODE,256,0,256,287.97,7.10,1
203,DECODE,256,0,256,288.97,7.00,1
204,DECODE,256,0,256,289.97,7.09,1
205,DECODE,256,0,256,290.97,7.03,1
206,DECODE,256,0,256,291.97,7.17,1
207,DECODE,256,0,256,292.97,7.11,1
208,DECODE,256,0,256,293.97,7.12,1
209,DECODE,256,0,256,294.97,7.05,1
210,DECODE,256,0,256,295.97,7.16,1
211,DECODE,256,0,256,296.97,7.11,1
212,DECODE,256,0,256,297.97,7.11,1
213,DECODE,256,0,256,298.97,7.06,1
214,DECODE,256,0,256,299.97,7.14,1
215,DECODE,256,0,256,300.97,7.01,1
216,DECODE,256,0,256,301.97,7.24,1
217,DECODE,256,0,256,302.97,7.11,1
218,DECODE,256,0,256,303.97,7.21,1
219,DECODE,256,0,256,304.97,7.81,1
220,DECODE,256,0,256,305.97,7.18,1
221,DECODE,256,0,256,306.97,7.12,1
222,DECODE,256,0,256,307.97,7.18,1
223,DECODE,256,0,256,308.97,7.11,1
224,DECODE,256,0,256,309.97,7.21,1
225,DECODE,256,0,256,310.97,7.22,1
226,DECODE,256,0,256,311.97,7.30,1
227,DECODE,256,0,256,312.97,7.16,1
228,DECODE,256,0,256,313.97,7.23,1
229,DECODE,256,0,256,314.97,7.22,1
230,DECODE,256,0,256,315.97,7.19,1
231,DECODE,256,0,256,316.97,7.12,1
232,DECODE,256,0,256,317.97,7.12,1
233,DECODE,256,0,256,318.97,7.21,1
234,DECODE,256,0,256,319.97,8.99,1
235,DECODE,256,0,256,320.97,7.08,1
236,DECODE,256,0,256,321.97,7.24,1
237,DECODE,256,0,256,322.97,7.20,1
238,DECODE,256,0,256,323.97,7.21,1
239,DECODE,256,0,256,324.97,7.22,1
240,DECODE,256,0,256,325.97,7.31,1
241,DECODE,256,0,256,326.97,7.11,1
242,DECODE,256,0,256,327.97,7.21,1
243,DECODE,256,0,256,328.97,7.20,1
244,DECODE,256,0,256,329.97,7.74,1
245,DECODE,256,0,256,330.97,7.42,1
246,DECODE,256,0,256,331.97,7.34,1
247,DECODE,256,0,256,332.97,7.23,1
248,DECODE,256,0,256,333.97,7.30,1
249,DECODE,256,0,256,334.97,7.07,1
250,DECODE,256,0,256,335.97,6.95,1
251,DECODE,256,0,256,336.97,7.16,1
252,DECODE,256,0,256,337.97,7.12,1
253,DECODE,256,0,256,338.97,7.33,1
254,DECODE,256,0,256,339.97,7.08,1
255,DECODE,256,0,256,340.97,7.11,1
256,DECODE,256,0,256,341.97,6.93,1
257,DECODE,256,0,256,342.97,7.05,1
258,DECODE,256,0,256,343.97,7.01,1
259,DECODE,256,0,256,344.97,7.19,1
260,DECODE,256,0,256,345.97,7.42,1
261,DECODE,256,0,256,346.97,7.21,1
262,DECODE,256,0,256,347.97,7.24,1
263,DECODE,256,0,256,348.97,7.23,1
264,DECODE,256,0,256,349.97,7.28,1
265,DECODE,256,0,256,350.97,7.03,1
266,DECODE,256,0,256,351.97,7.20,1
267,DECODE,256,0,256,352.97,7.16,1
268,DECODE,256,0,256,353.97,7.14,1
269,DECODE,256,0,256,354.97,7.07,1
270,DECODE,256,0,256,355.97,7.19,1
271,DECODE,256,0,256,356.97,7.13,1
272,DECODE,256,0,256,357.97,7.06,1
273,DECODE,256,0,256,358.97,7.05,1
274,DECODE,256,0,256,359.97,7.20,1
275,DECODE,256,0,256,360.97,6.78,1
276,DECODE,256,0,256,361.97,7.06,1
277,DECODE,256,0,256,362.97,7.22,1
278,DECODE,256,0,256,363.97,7.13,1
279,DECODE,256,0,256,364.97,7.06,1
280,DECODE,256,0,256,365.97,7.26,1
281,DECODE,256,0,256,366.97,7.21,1
282,DECODE,256,0,256,367.97,7.18,1
283,DECODE,256,0,256,368.97,7.23,1
284,DECODE,256,0,256,369.97,7.22,1
285,DECODE,256,0,256,370.97,7.30,1
286,DECODE,256,0,256,371.97,7.28,1
287,DECODE,256,0,256,372.97,7.12,1
288,DECODE,256,0,256,373.97,7.36,1
289,DECODE,256,0,256,374.97,7.30,1
290,DECODE,256,0,256,375.97,6.99,1
291,DECODE,256,0,256,376.97,7.37,1
292,DECODE,256,0,256,377.97,7.15,1
293,DECODE,256,0,256,378.97,7.24,1
294,DECODE,256,0,256,379.97,7.23,1
295,DECODE,256,0,256,380.97,7.27,1
296,DECODE,256,0,256,381.97,8.08,1
297,DECODE,256,0,256,382.97,7.28,1
298,DECODE,256,0,256,383.97,7.21,1
299,DECODE,256,0,256,384.97,7.23,1
300,DECODE,256,0,256,385.97,7.38,1
301,DECODE,256,0,256,386.97,7.14,1
302,DECODE,256,0,256,387.97,7.24,1
303,DECODE,256,0,256,388.97,7.24,1
304,DECODE,256,0,256,389.97,7.20,1
305,DECODE,256,0,256,390.97,7.19,1
306,DECODE,256,0,256,391.97,7.21,1
307,DECODE,256,0,256,392.97,7.16,1
308,DECODE,256,0,256,393.97,7.28,1
309,DECODE,256,0,256,394.97,7.23,1
310,DECODE,256,0,256,395.97,7.20,1
311,DECODE,256,0,256,396.97,6.41,1
312,DECODE,256,0,256,397.97,6.43,1
313,DECODE,256,0,256,398.97,6.39,1
314,DECODE,256,0,256,399.97,6.41,1
315,DECODE,256,0,256,400.97,6.42,1
316,DECODE,256,0,256,401.97,6.31,1
317,DECODE,256,0,256,402.97,6.48,1
318,DECODE,256,0,256,403.97,6.36,1
319,DECODE,256,0,256,404.97,6.46,1
320,DECODE,256,0,256,405.97,6.39,1
321,DECODE,256,0,256,406.97,6.41,1
322,DECODE,256,0,256,407.97,6.42,1
323,DECODE,256,0,256,408.97,6.52,1
324,DECODE,256,0,256,409.97,6.42,1
325,DECODE,256,0,256,410.97,6.45,1
326,DECODE,256,0,256,411.97,6.41,1
327,DECODE,256,0,256,412.97,6.60,1
328,DECODE,256,0,256,413.97,6.62,1
329,DECODE,256,0,256,414.97,6.61,1
330,DECODE,256,0,256,415.97,7.30,1
331,DECODE,256,0,256,416.97,6.55,1
332,DECODE,256,0,256,417.97,6.66,1
333,DECODE,256,0,256,418.97,6.56,1
334,DECODE,256,0,256,419.97,6.58,1
335,DECODE,256,0,256,420.97,6.63,1
336,DECODE,256,0,256,421.97,7.43,1
337,DECODE,256,0,256,422.97,6.73,1
338,DECODE,256,0,256,423.97,6.68,1
339,DECODE,256,0,256,424.97,7.33,1
340,DECODE,256,0,256,425.97,7.39,1
341,DECODE,256,0,256,426.97,7.47,1
342,DECODE,256,0,256,427.97,7.48,1
343,DECODE,256,0,256,428.97,7.50,1
344,DECODE,256,0,256,429.97,7.48,1
345,DECODE,256,0,256,430.97,7.26,1
346,DECODE,256,0,256,431.97,7.27,1
347,DECODE,256,0,256,432.97,7.29,1
348,DECODE,256,0,256,433.97,7.26,1
349,DECODE,256,0,256,434.97,7.72,1
350,DECODE,256,0,256,435.97,7.48,1
351,DECODE,256,0,256,436.97,7.38,1
352,DECODE,256,0,256,437.97,7.24,1
353,DECODE,256,0,256,438.97,7.41,1
354,DECODE,256,0,256,439.97,7.36,1
355,DECODE,256,0,256,440.97,7.74,1
356,DECODE,256,0,256,441.97,8.06,1
357,DECODE,256,0,256,442.97,7.31,1
358,DECODE,256,0,256,443.97,7.30,1
359,DECODE,256,0,256,444.97,7.39,1
360,DECODE,256,0,256,445.97,7.55,1
361,DECODE,256,0,256,446.97,7.57,1
362,DECODE,256,0,256,447.97,7.57,1
363,DECODE,256,0,256,448.97,7.36,1
364,DECODE,256,0,256,449.97,7.57,1
365,DECODE,256,0,256,450.97,7.53,1
366,DECODE,256,0,256,451.97,7.54,1
367,DECODE,256,0,256,452.97,7.33,1
368,DECODE,256,0,256,453.97,7.34,1
369,DECODE,256,0,256,454.97,7.36,1
370,DECODE,256,0,256,455.97,7.34,1
371,DECODE,256,0,256,456.97,7.49,1
372,DECODE,256,0,256,457.97,7.49,1
373,DECODE,256,0,256,458.97,7.40,1
374,DECODE,256,0,256,459.97,7.73,1
375,DECODE,256,0,256,460.97,7.54,1
376,DECODE,256,0,256,461.97,7.61,1
377,DECODE,256,0,256,462.97,7.49,1
378,DECODE,256,0,256,463.97,7.84,1
379,DECODE,256,0,256,464.97,7.70,1
380,DECODE,256,0,256,465.97,7.65,1
381,DECODE,256,0,256,466.97,7.67,1
382,DECODE,256,0,256,467.97,7.72,1
383,DECODE,256,0,256,468.97,7.79,1
384,DECODE,256,0,256,469.97,7.88,1
385,DECODE,256,0,256,470.97,7.69,1
386,DECODE,256,0,256,471.97,7.77,1
387,DECODE,256,0,256,472.97,7.82,1
388,DECODE,256,0,256,473.97,7.90,1
389,DECODE,256,0,256,474.97,7.72,1
390,DECODE,256,0,256,475.97,7.90,1
391,DECODE,256,0,256,476.97,7.86,1
392,DECODE,256,0,256,477.97,7.80,1
393,DECODE,256,0,256,478.97,7.67,1
394,DECODE,256,0,256,479.97,7.83,1
395,DECODE,256,0,256,480.97,7.42,1
396,DECODE,256,0,256,481.97,7.87,1
397,DECODE,256,0,256,482.97,7.56,1
398,DECODE,256,0,256,483.97,7.54,1
399,DECODE,256,0,256,484.97,7.74,1
400,DECODE,256,0,256,485.97,7.63,1
401,DECODE,256,0,256,486.97,7.67,1
402,DECODE,256,0,256,487.97,7.68,1
403,DECODE,256,0,256,488.97,7.71,1
404,DECODE,256,0,256,489.97,7.60,1
405,DECODE,256,0,256,490.97,7.63,1
406,DECODE,256,0,256,491.97,7.62,1
407,DECODE,256,0,256,492.97,7.62,1
408,DECODE,256,0,256,493.97,7.80,1
409,DECODE,256,0,256,494.97,7.72,1
410,DECODE,256,0,256,495.97,7.70,1
411,DECODE,256,0,256,496.97,7.68,1
412,DECODE,256,0,256,497.97,7.63,1
413,DECODE,256,0,256,498.97,7.68,1
414,DECODE,256,0,256,499.97,7.66,1
415,DECODE,256,0,256,500.97,7.67,1
416,DECODE,256,0,256,501.97,7.69,1
417,DECODE,256,0,256,502.97,7.61,1
418,DECODE,256,0,256,503.97,7.70,1
419,DECODE,256,0,256,504.97,7.69,1
420,DECODE,256,0,256,505.97,7.65,1
421,DECODE,256,0,256,506.97,7.74,1
422,DECODE,256,0,256,507.97,7.86,1
423,DECODE,256,0,256,508.97,8.26,1
424,DECODE,256,0,256,509.97,7.68,1
425,DECODE,256,0,256,510.97,7.76,1
426,DECODE,256,0,256,511.97,7.68,1
427,DECODE,256,0,256,512.97,7.81,1
428,DECODE,256,0,256,513.97,7.80,1
429,DECODE,256,0,256,514.97,7.76,1
430,DECODE,256,0,256,515.97,7.74,1
431,DECODE,256,0,256,516.97,7.78,1
432,DECODE,256,0,256,517.97,7.75,1
433,DECODE,256,0,256,518.97,7.76,1
434,DECODE,256,0,256,519.97,7.80,1
435,DECODE,256,0,256,520.97,7.79,1
436,DECODE,256,0,256,521.97,7.77,1
437,DECODE,256,0,256,522.97,7.72,1
438,DECODE,256,0,256,523.97,7.73,1
439,DECODE,256,0,256,524.97,7.84,1
440,DECODE,256,0,256,525.97,7.83,1
441,DECODE,256,0,256,526.97,7.84,1
442,DECODE,256,0,256,527.97,7.85,1
443,DECODE,256,0,256,528.97,7.79,1
444,DECODE,256,0,256,529.97,7.76,1
445,DECODE,256,0,256,530.97,7.78,1
446,DECODE,256,0,256,531.97,7.81,1
447,DECODE,256,0,256,532.97,8.03,1
448,DECODE,256,0,256,533.97,7.79,1
449,DECODE,256,0,256,534.97,7.76,1
450,DECODE,256,0,256,535.97,7.79,1
451,DECODE,256,0,256,536.97,7.76,1
452,DECODE,256,0,256,537.97,7.78,1
453,DECODE,256,0,256,538.97,7.83,1
454,DECODE,256,0,256,539.97,7.84,1
455,DECODE,256,0,256,540.97,7.74,1
456,DECODE,256,0,256,541.97,7.70,1
457,DECODE,256,0,256,542.97,7.82,1
458,DECODE,256,0,256,543.97,7.79,1
459,DECODE,256,0,256,544.97,7.79,1
460,DECODE,256,0,256,545.97,7.80,1
461,DECODE,256,0,256,546.97,7.76,1
462,DECODE,256,0,256,547.97,7.83,1
463,DECODE,256,0,256,548.97,7.80,1
464,DECODE,256,0,256,549.97,7.81,1
465,DECODE,256,0,256,550.97,7.79,1
466,DECODE,256,0,256,551.97,7.81,1
467,DECODE,256,0,256,552.97,7.86,1
468,DECODE,256,0,256,553.97,7.94,1
469,DECODE,256,0,256,554.97,7.80,1
470,DECODE,256,0,256,555.97,7.87,1
471,DECODE,256,0,256,556.97,7.81,1
472,DECODE,256,0,256,557.97,7.84,1
473,DECODE,256,0,256,558.97,7.84,1
474,DECODE,256,0,256,559.97,7.80,1
475,DECODE,256,0,256,560.97,7.81,1
476,DECODE,256,0,256,561.97,7.83,1
477,DECODE,256,0,256,562.97,7.82,1
478,DECODE,256,0,256,563.97,7.87,1
479,DECODE,256,0,256,564.97,7.72,1
480,DECODE,256,0,256,565.97,8.29,1
481,DECODE,256,0,256,566.97,8.03,1
482,DECODE,256,0,256,567.97,7.87,1
483,DECODE,256,0,256,568.97,7.89,1
484,DECODE,256,0,256,569.97,9.35,1
485,DECODE,256,0,256,570.97,8.55,1
486,DECODE,256,0,256,571.97,8.55,1
487,DECODE,256,0,256,572.97,8.48,1
488,DECODE,256,0,256,573.97,8.56,1
489,DECODE,256,0,256,574.97,8.55,1
490,DECODE,256,0,256,575.97,8.52,1
491,DECODE,256,0,256,576.97,8.59,1
492,DECODE,256,0,256,577.97,8.54,1
493,DECODE,256,0,256,578.97,9.15,1
494,DECODE,256,0,256,579.97,8.56,1
495,DECODE,256,0,256,580.97,8.49,1
496,DECODE,256,0,256,581.97,8.57,1
497,DECODE,256,0,256,582.97,8.56,1
498,DECODE,256,0,256,583.97,8.56,1
499,DECODE,256,0,256,584.97,8.51,1
500,DECODE,256,0,256,585.97,8.54,1
501,DECODE,256,0,256,586.97,8.55,1
502,DECODE,256,0,256,587.97,8.55,1
503,DECODE,256,0,256,588.97,8.55,1
504,DECODE,256,0,256,589.97,8.50,1
505,DECODE,256,0,256,590.97,8.53,1
506,DECODE,256,0,256,591.97,8.60,1
507,DECODE,256,0,256,592.97,8.56,1
508,DECODE,256,0,256,593.97,8.54,1
509,DECODE,256,0,256,594.97,8.57,1
510,DECODE,256,0,256,595.97,8.56,1
511,DECODE,256,0,256,596.97,8.56,1
512,DECODE,256,0,256,597.97,8.59,1
513,DECODE,256,0,256,598.97,8.62,1
514,DECODE,256,0,256,599.97,7.95,1
515,DECODE,256,0,256,600.97,8.55,1
516,DECODE,256,0,256,601.97,8.55,1
517,DECODE,256,0,256,602.97,8.56,1
518,DECODE,256,0,256,603.97,8.59,1
519,DECODE,256,0,256,604.97,7.86,1
520,DECODE,256,0,256,605.97,7.98,1
521,DECODE,256,0,256,606.97,7.92,1
522,DECODE,256,0,256,607.97,7.88,1
523,DECODE,256,0,256,608.97,7.88,1
524,DECODE,256,0,256,609.97,7.94,1
525,DECODE,256,0,256,610.97,8.05,1
526,DECODE,256,0,256,611.97,7.90,1
527,DECODE,256,0,256,612.97,7.92,1
528,DECODE,256,0,256,613.97,7.89,1
529,DECODE,256,0,256,614.97,7.99,1
530,DECODE,256,0,256,615.97,8.00,1
531,DECODE,256,0,256,616.97,7.91,1
532,DECODE,256,0,256,617.97,8.91,1
533,DECODE,256,0,256,618.97,7.95,1
534,DECODE,256,0,256,619.97,8.02,1
535,DECODE,256,0,256,620.97,7.94,1
536,DECODE,256,0,256,621.97,8.07,1
537,DECODE,256,0,256,622.97,8.05,1
538,DECODE,256,0,256,623.97,8.05,1
539,DECODE,256,0,256,624.97,7.95,1
540,DECODE,256,0,256,625.97,8.32,1
541,DECODE,256,0,256,626.97,7.95,1
542,DECODE,256,0,256,627.97,7.97,1
543,DECODE,256,0,256,628.97,7.96,1
544,DECODE,256,0,256,629.97,8.01,1
545,DECODE,256,0,256,630.97,8.04,1
546,DECODE,256,0,256,631.97,8.09,1
547,DECODE,256,0,256,632.97,8.01,1
548,DECODE,256,0,256,633.97,7.96,1
549,DECODE,256,0,256,634.97,8.00,1
550,DECODE,256,0,256,635.97,8.03,1
551,DECODE,256,0,256,636.97,8.09,1
552,DECODE,256,0,256,637.97,8.02,1
553,DECODE,256,0,256,638.97,7.98,1
554,DECODE,256,0,256,639.97,8.05,1
555,DECODE,256,0,256,640.97,8.00,1
556,DECODE,256,0,256,641.97,8.05,1
557,DECODE,256,0,256,642.97,8.03,1
558,DECODE,256,0,256,643.97,8.13,1
559,DECODE,256,0,256,644.97,8.18,1
560,DECODE,256,0,256,645.97,8.33,1
561,DECODE,256,0,256,646.97,8.15,1
562,DECODE,256,0,256,647.97,8.36,1
563,DECODE,256,0,256,648.97,8.20,1
564,DECODE,256,0,256,649.97,8.20,1
565,DECODE,256,0,256,650.97,8.79,1
566,DECODE,256,0,256,651.97,8.77,1
567,DECODE,256,0,256,652.97,8.80,1
568,DECODE,256,0,256,653.97,8.75,1
569,DECODE,256,0,256,654.97,8.98,1
570,DECODE,256,0,256,655.97,8.10,1
571,DECODE,256,0,256,656.97,8.17,1
572,DECODE,256,0,256,657.97,8.15,1
573,DECODE,256,0,256,658.97,8.22,1
574,DECODE,256,0,256,659.97,8.12,1
575,DECODE,256,0,256,660.97,8.28,1
576,DECODE,256,0,256,661.97,8.13,1
577,DECODE,256,0,256,662.97,8.15,1
578,DECODE,256,0,256,663.97,8.19,1
579,DECODE,256,0,256,664.97,8.19,1
580,DECODE,256,0,256,665.97,8.21,1
581,DECODE,256,0,256,666.97,8.21,1
582,DECODE,256,0,256,667.97,8.24,1
583,DECODE,256,0,256,668.97,8.36,1
584,DECODE,256,0,256,669.97,8.28,1
585,DECODE,256,0,256,670.97,8.50,1
586,DECODE,256,0,256,671.97,8.87,1
587,DECODE,256,0,256,672.97,8.85,1
588,DECODE,256,0,256,673.97,8.90,1
589,DECODE,256,0,256,674.97,8.15,1
590,DECODE,256,0,256,675.97,8.91,1
591,DECODE,256,0,256,676.97,8.34,1
592,DECODE,256,0,256,677.97,8.99,1
593,DECODE,256,0,256,678.97,8.24,1
594,DECODE,256,0,256,679.97,7.67,1
595,DECODE,256,0,256,680.97,8.24,1
596,DECODE,256,0,256,681.97,8.46,1
597,DECODE,256,0,256,682.97,7.55,1
598,DECODE,256,0,256,683.97,8.08,1
599,DECODE,256,0,256,684.97,8.11,1
600,DECODE,256,0,256,685.97,8.20,1
601,DECODE,256,0,256,686.97,8.05,1
602,DECODE,256,0,256,687.97,8.23,1
603,DECODE,256,0,256,688.97,8.04,1
604,DECODE,256,0,256,689.97,8.10,1
605,DECODE,256,0,256,690.97,8.16,1
606,DECODE,256,0,256,691.97,8.11,1
607,DECODE,256,0,256,692.97,8.08,1
608,DECODE,256,0,256,693.97,8.14,1
609,DECODE,256,0,256,694.97,10.43,1
610,DECODE,256,0,256,695.97,8.18,1
611,DECODE,256,0,256,696.97,8.15,1
612,DECODE,256,0,256,697.97,8.10,1
613,DECODE,256,0,256,698.97,8.21,1
614,DECODE,256,0,256,699.97,8.29,1
615,DECODE,256,0,256,700.97,8.41,1
616,DECODE,256,0,256,701.97,8.37,1
617,DECODE,256,0,256,702.97,8.33,1
618,DECODE,256,0,256,703.97,8.31,1
619,DECODE,256,0,256,704.97,8.35,1
620,DECODE,256,0,256,705.97,8.37,1
621,DECODE,256,0,256,706.97,8.42,1
622,DECODE,256,0,256,707.97,8.35,1
623,DECODE,256,0,256,708.97,8.29,1
624,DECODE,256,0,256,709.97,8.39,1
625,DECODE,256,0,256,710.97,8.33,1
626,DECODE,256,0,256,711.97,8.38,1
627,DECODE,256,0,256,712.97,8.28,1
628,DECODE,256,0,256,713.97,8.34,1
629,DECODE,256,0,256,714.97,8.42,1
630,DECODE,256,0,256,715.97,8.36,1
631,DECODE,256,0,256,716.97,8.29,1
632,DECODE,256,0,256,717.97,8.40,1
633,DECODE,256,0,256,718.97,8.30,1
634,DECODE,256,0,256,719.97,8.41,1
635,DECODE,256,0,256,720.97,7.56,1
636,DECODE,256,0,256,721.97,7.54,1
637,DECODE,256,0,256,722.97,7.50,1
638,DECODE,256,0,256,723.97,7.61,1
639,DECODE,256,0,256,724.97,7.53,1
640,DECODE,256,0,256,725.97,7.63,1
641,DECODE,256,0,256,726.97,7.56,1
642,DECODE,256,0,256,727.97,7.64,1
643,DECODE,256,0,256,728.97,7.46,1
644,DECODE,256,0,256,729.97,7.64,1
645,DECODE,256,0,256,730.97,7.54,1
646,DECODE,256,0,256,731.97,7.62,1
647,DECODE,256,0,256,732.97,7.55,1
648,DECODE,256,0,256,733.97,8.20,1
649,DECODE,256,0,256,734.97,8.82,1
650,DECODE,256,0,256,735.97,8.21,1
651,DECODE,256,0,256,736.97,8.16,1
652,DECODE,256,0,256,737.97,8.23,1
653,DECODE,256,0,256,738.97,8.14,1
654,DECODE,256,0,256,739.97,8.17,1
655,DECODE,256,0,256,740.97,8.19,1
656,DECODE,256,0,256,741.97,8.14,1
657,DECODE,256,0,256,742.97,8.11,1
658,DECODE,256,0,256,743.97,8.18,1
659,DECODE,256,0,256,744.97,8.23,1
660,DECODE,256,0,256,745.97,8.20,1
661,DECODE,256,0,256,746.97,8.25,1
662,DECODE,256,0,256,747.97,8.81,1
663,DECODE,256,0,256,748.97,8.84,1
664,DECODE,256,0,256,749.97,8.90,1
665,DECODE,256,0,256,750.97,8.88,1
666,DECODE,256,0,256,751.97,8.86,1
667,DECODE,256,0,256,752.97,8.27,1
668,DECODE,256,0,256,753.97,8.26,1
669,DECODE,256,0,256,754.97,8.65,1
670,DECODE,256,0,256,755.97,7.79,1
671,DECODE,256,0,256,756.97,9.10,1
672,DECODE,256,0,256,757.97,8.41,1
673,DECODE,256,0,256,758.97,8.35,1
674,DECODE,256,0,256,759.97,7.94,1
675,DECODE,256,0,256,760.97,7.75,1
676,DECODE,256,0,256,761.97,7.71,1
677,DECODE,256,0,256,762.97,7.75,1
678,DECODE,256,0,256,763.97,7.78,1
679,DECODE,256,0,256,764.97,7.56,1
680,DECODE,256,0,256,765.97,8.17,1
681,DECODE,256,0,256,766.97,7.63,1
682,DECODE,256,0,256,767.97,7.57,1
683,DECODE,256,0,256,768.97,7.61,1
684,DECODE,256,0,256,769.97,7.68,1
685,DECODE,256,0,256,770.97,7.64,1
686,DECODE,256,0,256,771.97,7.62,1
687,DECODE,256,0,256,772.97,7.58,1
688,DECODE,256,0,256,773.97,7.66,1
689,DECODE,256,0,256,774.97,7.69,1
690,DECODE,256,0,256,775.97,8.35,1
691,DECODE,256,0,256,776.97,8.38,1
692,DECODE,256,0,256,777.97,8.39,1
693,DECODE,256,0,256,778.97,8.37,1
694,DECODE,256,0,256,779.97,8.39,1
695,DECODE,256,0,256,780.97,8.39,1
696,DECODE,256,0,256,781.97,8.39,1
697,DECODE,256,0,256,782.97,8.45,1
698,DECODE,256,0,256,783.97,8.38,1
699,DECODE,256,0,256,784.97,8.41,1
700,DECODE,256,0,256,785.97,8.39,1
701,DECODE,256,0,256,786.97,8.39,1
702,DECODE,256,0,256,787.97,8.99,1
703,DECODE,256,0,256,788.97,8.31,1
704,DECODE,256,0,256,789.97,8.30,1
705,DECODE,256,0,256,790.97,8.35,1
706,DECODE,256,0,256,791.97,8.29,1
707,DECODE,256,0,256,792.97,8.38,1
708,DECODE,256,0,256,793.97,8.38,1
709,DECODE,256,0,256,794.97,8.39,1
710,DECODE,256,0,256,795.97,8.30,1
711,DECODE,256,0,256,796.97,8.35,1
712,DECODE,256,0,256,797.97,8.39,1
713,DECODE,256,0,256,798.97,8.40,1
714,DECODE,256,0,256,799.97,8.42,1
715,DECODE,256,0,256,800.97,8.31,1
716,DECODE,256,0,256,801.97,8.41,1
717,DECODE,256,0,256,802.97,8.41,1
718,DECODE,256,0,256,803.97,8.41,1
719,DECODE,256,0,256,804.97,8.36,1
720,DECODE,256,0,256,805.97,8.44,1
721,DECODE,256,0,256,806.97,8.45,1
722,DECODE,256,0,256,807.97,8.41,1
723,DECODE,256,0,256,808.97,8.42,1
724,DECODE,256,0,256,809.97,8.46,1
725,DECODE,256,0,256,810.97,8.43,1
726,DECODE,256,0,256,811.97,8.43,1
727,DECODE,256,0,256,812.97,8.35,1
728,DECODE,256,0,256,813.97,8.37,1
729,DECODE,256,0,256,814.97,8.46,1
730,DECODE,256,0,256,815.97,8.64,1
731,DECODE,256,0,256,816.97,8.54,1
732,DECODE,256,0,256,817.97,8.36,1
733,DECODE,256,0,256,818.97,8.66,1
734,DECODE,256,0,256,819.97,8.61,1
735,DECODE,256,0,256,820.97,8.58,1
736,DECODE,256,0,256,821.97,8.62,1
737,DECODE,256,0,256,822.97,8.64,1
738,DECODE,256,0,256,823.97,8.64,1
739,DECODE,256,0,256,824.97,8.62,1
740,DECODE,256,0,256,825.97,8.77,1
741,DECODE,256,0,256,826.97,8.65,1
742,DECODE,256,0,256,827.97,8.62,1
743,DECODE,256,0,256,828.97,8.65,1
744,DECODE,256,0,256,829.97,8.63,1
745,DECODE,256,0,256,830.97,8.69,1
746,DECODE,256,0,256,831.97,8.65,1
747,DECODE,256,0,256,832.97,8.62,1
748,DECODE,256,0,256,833.97,8.71,1
749,DECODE,256,0,256,834.97,8.65,1
750,DECODE,256,0,256,835.97,8.66,1
751,DECODE,256,0,256,836.97,8.60,1
752,DECODE,256,0,256,837.97,8.43,1
753,DECODE,256,0,256,838.97,8.56,1
754,DECODE,256,0,256,839.97,8.39,1
755,DECODE,256,0,256,840.97,8.51,1
756,DECODE,256,0,256,841.97,8.72,1
757,DECODE,256,0,256,842.97,8.72,1
758,DECODE,256,0,256,843.97,8.72,1
759,DECODE,256,0,256,844.97,8.73,1
760,DECODE,256,0,256,845.97,8.65,1
761,DECODE,256,0,256,846.97,8.66,1
762,DECODE,256,0,256,847.97,8.68,1
763,DECODE,256,0,256,848.97,8.64,1
764,DECODE,256,0,256,849.97,8.64,1
765,DECODE,256,0,256,850.97,8.75,1
766,DECODE,256,0,256,851.97,8.51,1
767,DECODE,256,0,256,852.97,8.65,1
768,DECODE,256,0,256,853.97,8.76,1
769,DECODE,256,0,256,854.97,8.68,1
770,DECODE,256,0,256,855.97,8.70,1
771,DECODE,256,0,256,856.97,8.76,1
772,DECODE,256,0,256,857.97,8.69,1
773,DECODE,256,0,256,858.97,8.73,1
774,DECODE,256,0,256,859.97,8.72,1
775,DECODE,256,0,256,860.97,8.68,1
776,DECODE,256,0,256,861.97,8.76,1
777,DECODE,256,0,256,862.97,8.78,1
778,DECODE,256,0,256,863.97,8.77,1
779,DECODE,256,0,256,864.97,8.72,1
780,DECODE,256,0,256,865.97,8.73,1
781,DECODE,256,0,256,866.97,8.77,1
782,DECODE,256,0,256,867.97,8.86,1
783,DECODE,256,0,256,868.97,8.78,1
784,DECODE,256,0,256,869.97,8.71,1
785,DECODE,256,0,256,870.97,8.75,1
786,DECODE,256,0,256,871.97,10.08,1
787,DECODE,256,0,256,872.97,8.85,1
788,DECODE,256,0,256,873.97,9.19,1
789,DECODE,256,0,256,874.97,9.07,1
790,DECODE,256,0,256,875.97,8.82,1
791,DECODE,256,0,256,876.97,8.84,1
792,DECODE,256,0,256,877.97,8.84,1
793,DECODE,256,0,256,878.97,8.90,1
794,DECODE,256,0,256,879.97,8.86,1
795,DECODE,256,0,256,880.97,8.82,1
796,DECODE,256,0,256,881.97,8.89,1
797,DECODE,256,0,256,882.97,8.89,1
798,DECODE,256,0,256,883.97,8.84,1
799,DECODE,256,0,256,884.97,9.20,1
800,DECODE,256,0,256,885.97,8.84,1
801,DECODE,256,0,256,886.97,8.86,1
802,DECODE,256,0,256,887.97,8.93,1
803,DECODE,256,0,256,888.97,8.92,1
804,DECODE,256,0,256,889.97,9.50,1
805,DECODE,256,0,256,890.97,9.00,1
806,DECODE,256,0,256,891.97,9.02,1
807,DECODE,256,0,256,892.97,8.92,1
808,DECODE,256,0,256,893.97,9.49,1
809,DECODE,256,0,256,894.97,9.51,1
810,DECODE,256,0,256,895.97,9.53,1
811,DECODE,256,0,256,896.97,9.01,1
812,DECODE,256,0,256,897.97,8.82,1
813,DECODE,256,0,256,898.97,8.48,1
814,DECODE,256,0,256,899.97,9.51,1
815,DECODE,256,0,256,900.97,8.86,1
816,DECODE,256,0,256,901.97,9.63,1
817,DECODE,256,0,256,902.97,9.57,1
818,DECODE,256,0,256,903.97,9.57,1
819,DECODE,256,0,256,904.97,8.91,1
820,DECODE,256,0,256,905.97,9.59,1
821,DECODE,256,0,256,906.97,8.02,1
822,DECODE,256,0,256,907.97,8.09,1
823,DECODE,256,0,256,908.97,9.59,1
824,DECODE,256,0,256,909.97,9.89,1
825,DECODE,256,0,256,910.97,9.06,1
826,DECODE,256,0,256,911.97,9.10,1
827,DECODE,256,0,256,912.97,9.14,1
828,DECODE,256,0,256,913.97,9.07,1
829,DECODE,256,0,256,914.97,8.94,1
830,DECODE,256,0,256,915.97,8.99,1
831,DECODE,256,0,256,916.97,9.04,1
832,DECODE,256,0,256,917.97,8.88,1
833,DECODE,256,0,256,918.97,8.62,1
834,DECODE,256,0,256,919.97,8.89,1
835,DECODE,256,0,256,920.97,8.78,1
836,DECODE,256,0,256,921.97,8.82,1
837,DECODE,256,0,256,922.97,8.88,1
838,DECODE,256,0,256,923.97,8.76,1
839,DECODE,256,0,256,924.97,8.94,1
840,DECODE,256,0,256,925.97,8.75,1
841,DECODE,256,0,256,926.97,8.76,1
842,DECODE,256,0,256,927.97,8.93,1
843,DECODE,256,0,256,928.97,8.78,1
844,DECODE,256,0,256,929.97,8.92,1
845,DECODE,256,0,256,930.97,8.87,1
846,DECODE,256,0,256,931.97,8.87,1
847,DECODE,256,0,256,932.97,8.98,1
848,DECODE,256,0,256,933.97,8.88,1
849,DECODE,256,0,256,934.97,8.93,1
850,DECODE,256,0,256,935.97,9.00,1
851,DECODE,256,0,256,936.97,8.98,1
852,DECODE,256,0,256,937.97,9.06,1
853,DECODE,256,0,256,938.97,8.95,1
854,DECODE,256,0,256,939.97,8.87,1
855,DECODE,256,0,256,940.97,8.97,1
856,DECODE,256,0,256,941.97,8.81,1
857,DECODE,256,0,256,942.97,9.03,1
858,DECODE,256,0,256,943.97,8.96,1
859,DECODE,256,0,256,944.97,8.84,1
860,DECODE,256,0,256,945.97,9.40,1
861,DECODE,256,0,256,946.97,9.16,1
862,DECODE,256,0,256,947.97,9.09,1
863,DECODE,256,0,256,948.97,9.26,1
864,DECODE,256,0,256,949.97,9.10,1
865,DECODE,256,0,256,950.97,9.01,1
866,DECODE,256,0,256,951.97,9.12,1
867,DECODE,256,0,256,952.97,8.90,1
868,DECODE,256,0,256,953.97,8.90,1
869,DECODE,256,0,256,954.97,8.89,1
870,DECODE,256,0,256,955.97,8.86,1
871,DECODE,256,0,256,956.97,8.97,1
872,DECODE,256,0,256,957.97,8.85,1
873,DECODE,256,0,256,958.97,8.86,1
874,DECODE,256,0,256,959.97,8.98,1
875,DECODE,256,0,256,960.97,8.99,1
876,DECODE,256,0,256,961.97,8.85,1
877,DECODE,256,0,256,962.97,8.90,1
878,DECODE,256,0,256,963.97,9.02,1
879,DECODE,256,0,256,964.97,8.95,1
880,DECODE,256,0,256,965.97,8.97,1
881,DECODE,256,0,256,966.97,8.94,1
882,DECODE,256,0,256,967.97,8.92,1
883,DECODE,256,0,256,968.97,8.94,1
884,DECODE,256,0,256,969.97,8.95,1
885,DECODE,256,0,256,970.97,9.09,1
886,DECODE,256,0,256,971.97,8.98,1
887,DECODE,256,0,256,972.97,9.05,1
888,DECODE,256,0,256,973.97,8.88,1
889,DECODE,256,0,256,974.97,8.99,1
890,DECODE,256,0,256,975.97,8.92,1
891,DECODE,256,0,256,976.97,9.09,1
892,DECODE,256,0,256,977.97,9.26,1
893,DECODE,256,0,256,978.97,9.07,1
894,DECODE,256,0,256,979.97,8.99,1
895,DECODE,256,0,256,980.97,9.12,1
896,DECODE,256,0,256,981.97,9.02,1
897,DECODE,256,0,256,982.97,9.04,1
898,DECODE,256,0,256,983.97,8.97,1
899,DECODE,256,0,256,984.97,9.05,1
900,DECODE,256,0,256,985.97,9.06,1
901,DECODE,256,0,256,986.97,9.11,1
902,DECODE,256,0,256,987.97,9.25,1
903,DECODE,256,0,256,988.97,9.15,1
904,DECODE,256,0,256,989.97,9.21,1
905,DECODE,256,0,256,990.97,9.06,1
906,DECODE,256,0,256,991.97,9.11,1
907,DECODE,256,0,256,992.97,9.14,1
908,DECODE,256,0,256,993.97,9.13,1
909,DECODE,256,0,256,994.97,9.21,1
910,DECODE,256,0,256,995.97,10.83,1
911,DECODE,256,0,256,996.97,9.89,1
912,DECODE,256,0,256,997.97,9.22,1
913,DECODE,256,0,256,998.97,9.21,1
914,DECODE,256,0,256,999.97,9.28,1
915,DECODE,256,0,256,1000.97,9.17,1
916,DECODE,256,0,256,1001.97,9.23,1
917,DECODE,256,0,256,1002.97,9.16,1
918,DECODE,256,0,256,1003.97,9.24,1
919,DECODE,256,0,256,1004.97,9.17,1
920,DECODE,256,0,256,1005.97,9.28,1
921,DECODE,256,0,256,1006.97,9.29,1
922,DECODE,256,0,256,1007.97,9.16,1
923,DECODE,256,0,256,1008.97,9.29,1
924,DECODE,256,0,256,1009.97,9.39,1
925,DECODE,256,0,256,1010.97,9.27,1
926,DECODE,256,0,256,1011.97,9.25,1
927,DECODE,256,0,256,1012.97,9.24,1
928,DECODE,256,0,256,1013.97,9.27,1
929,DECODE,256,0,256,1014.97,9.35,1
930,DECODE,256,0,256,1015.97,9.34,1
931,DECODE,256,0,256,1016.97,9.30,1
932,DECODE,256,0,256,1017.97,9.27,1
933,DECODE,256,0,256,1018.97,9.31,1
934,DECODE,256,0,256,1019.97,9.36,1
935,DECODE,256,0,256,1020.97,9.35,1
936,DECODE,256,0,256,1021.97,9.30,1
937,DECODE,256,0,256,1022.97,9.30,1
938,DECODE,256,0,256,1023.97,9.34,1
939,DECODE,256,0,256,1024.97,9.38,1
940,DECODE,256,0,256,1025.97,9.37,1
941,DECODE,256,0,256,1026.97,9.51,1
942,DECODE,256,0,256,1027.97,9.36,1
943,DECODE,256,0,256,1028.97,9.41,1
944,DECODE,256,0,256,1029.97,9.42,1
945,DECODE,256,0,256,1030.97,9.44,1
946,DECODE,256,0,256,1031.97,9.64,1
947,DECODE,256,0,256,1032.97,9.34,1
948,DECODE,256,0,256,1033.97,9.37,1
949,DECODE,256,0,256,1034.97,9.45,1
950,DECODE,256,0,256,1035.97,9.48,1
951,DECODE,256,0,256,1036.97,9.42,1
952,DECODE,256,0,256,1037.97,9.42,1
953,DECODE,256,0,256,1038.97,9.57,1
954,DECODE,256,0,256,1039.97,9.44,1
955,DECODE,256,0,256,1040.97,9.62,1
956,DECODE,256,0,256,1041.97,9.47,1
957,DECODE,256,0,256,1042.97,9.42,1
958,DECODE,256,0,256,1043.97,9.41,1
959,DECODE,256,0,256,1044.97,9.42,1
960,DECODE,256,0,256,1045.97,9.45,1
961,DECODE,256,0,256,1046.97,9.44,1
962,DECODE,256,0,256,1047.97,9.41,1
963,DECODE,256,0,256,1048.97,9.54,1
964,DECODE,256,0,256,1049.97,9.41,1
965,DECODE,256,0,256,1050.97,9.49,1
966,DECODE,256,0,256,1051.97,9.79,1
967,DECODE,256,0,256,1052.97,8.51,1
968,DECODE,256,0,256,1053.97,8.77,1
969,DECODE,256,0,256,1054.97,8.49,1
970,DECODE,256,0,256,1055.97,8.50,1
971,DECODE,256,0,256,1056.97,8.54,1
972,DECODE,256,0,256,1057.97,8.47,1
973,DECODE,256,0,256,1058.97,8.46,1
974,DECODE,256,0,256,1059.97,8.52,1
975,DECODE,256,0,256,1060.97,8.47,1
976,DECODE,256,0,256,1061.97,8.46,1
977,DECODE,256,0,256,1062.97,8.54,1
978,DECODE,256,0,256,1063.97,8.51,1
979,DECODE,256,0,256,1064.97,8.51,1
980,DECODE,256,0,256,1065.97,8.52,1
981,DECODE,256,0,256,1066.97,8.52,1
982,DECODE,256,0,256,1067.97,8.97,1
983,DECODE,256,0,256,1068.97,8.47,1
984,DECODE,256,0,256,1069.97,8.51,1
985,DECODE,256,0,256,1070.97,8.51,1
986,DECODE,256,0,256,1071.97,9.39,1
987,DECODE,256,0,256,1072.97,9.38,1
988,DECODE,256,0,256,1073.97,9.44,1
989,DECODE,256,0,256,1074.97,9.46,1
990,DECODE,256,0,256,1075.97,9.48,1
991,DECODE,256,0,256,1076.97,9.37,1
992,DECODE,256,0,256,1077.97,9.38,1
993,DECODE,256,0,256,1078.97,9.50,1
994,DECODE,256,0,256,1079.97,9.41,1
995,DECODE,256,0,256,1080.97,9.35,1
996,DECODE,256,0,256,1081.97,9.49,1
997,DECODE,256,0,256,1082.97,9.42,1
998,DECODE,256,0,256,1083.97,9.46,1
999,DECODE,256,0,256,1084.97,9.55,1
1000,DECODE,256,0,256,1085.97,9.46,1
1001,DECODE,256,0,256,1086.97,9.59,1
1002,DECODE,256,0,256,1087.97,9.57,1
1003,DECODE,256,0,256,1088.97,9.53,1
1004,DECODE,256,0,256,1089.97,9.60,1
1005,DECODE,256,0,256,1090.97,9.41,1
1006,DECODE,256,0,256,1091.97,9.39,1
1007,DECODE,256,0,256,1092.97,9.36,1
1008,DECODE,256,0,256,1093.97,9.47,1
1009,DECODE,256,0,256,1094.97,9.46,1
1010,DECODE,256,0,256,1095.97,8.72,1
1011,DECODE,256,0,256,1096.97,9.39,1
1012,DECODE,256,0,256,1097.97,9.35,1
1013,DECODE,256,0,256,1098.97,9.40,1
1014,DECODE,256,0,256,1099.97,9.46,1
1015,DECODE,256,0,256,1100.97,9.47,1
1016,DECODE,256,0,256,1101.97,9.37,1
1017,DECODE,256,0,256,1102.97,9.34,1
1018,DECODE,256,0,256,1103.97,9.37,1
1019,DECODE,256,0,256,1104.97,9.35,1
1020,DECODE,256,0,256,1105.97,9.46,1
1021,DECODE,256,0,256,1106.97,9.32,1
1022,DECODE,256,0,256,1107.97,9.61,1
1023,DECODE,256,0,256,1108.97,9.38,1
1024,DECODE,256,0,256,1109.97,9.42,1
1025,DECODE,256,0,256,1110.97,9.41,1
1026,DECODE,256,0,256,1111.97,9.41,1
1027,DECODE,256,0,256,1112.97,9.02,1
1028,DECODE,256,0,256,1113.97,9.40,1
1029,DECODE,256,0,256,1114.97,9.44,1
1030,DECODE,256,0,256,1115.97,9.61,1
1031,DECODE,256,0,256,1116.97,9.44,1
1032,DECODE,256,0,256,1117.97,9.49,1
1033,DECODE,256,0,256,1118.97,9.59,1
1034,DECODE,256,0,256,1119.97,9.42,1
1035,DECODE,256,0,256,1120.97,9.48,1
1036,DECODE,256,0,256,1121.97,9.43,1
1037,DECODE,256,0,256,1122.97,9.47,1
1038,DECODE,256,0,256,1123.97,9.44,1
1039,DECODE,256,0,256,1124.97,9.52,1
1040,DECODE,256,0,256,1125.97,9.62,1
1041,DECODE,256,0,256,1126.97,9.48,1
1042,DECODE,256,0,256,1127.97,9.58,1
1043,DECODE,256,0,256,1128.97,9.48,1
1044,DECODE,256,0,256,1129.97,9.69,1
1045,DECODE,256,0,256,1130.97,9.57,1
1046,DECODE,255,0,255,1132.16,9.98,1
1047,DECODE,255,0,255,1133.16,9.60,1
1048,DECODE,255,0,255,1134.16,9.62,1
1049,DECODE,255,0,255,1135.16,9.57,1
1050,DECODE,255,0,255,1136.16,9.60,1
1051,DECODE,255,0,255,1137.16,9.58,1
1052,DECODE,255,0,255,1138.16,9.62,1
1053,DECODE,255,0,255,1139.16,9.75,1
1054,DECODE,255,0,255,1140.16,9.71,1
1055,DECODE,255,0,255,1141.16,9.59,1
1056,DECODE,255,0,255,1142.16,9.66,1
1057,DECODE,255,0,255,1143.16,9.62,1
1058,DECODE,255,0,255,1144.16,9.57,1
1059,DECODE,255,0,255,1145.16,9.64,1
1060,DECODE,255,0,255,1146.16,9.58,1
1061,DECODE,255,0,255,1147.16,9.58,1
1062,DECODE,255,0,255,1148.16,9.63,1
1063,DECODE,255,0,255,1149.16,9.84,1
1064,DECODE,255,0,255,1150.16,9.67,1
1065,DECODE,255,0,255,1151.16,9.71,1
1066,DECODE,255,0,255,1152.16,9.62,1
1067,DECODE,255,0,255,1153.16,9.75,1
1068,DECODE,255,0,255,1154.16,9.60,1
1069,DECODE,255,0,255,1155.16,9.68,1
1070,DECODE,255,0,255,1156.16,9.72,1
1071,DECODE,255,0,255,1157.16,9.67,1
1072,DECODE,255,0,255,1158.16,9.59,1
1073,DECODE,255,0,255,1159.16,9.01,1
1074,DECODE,255,0,255,1160.16,8.85,1
1075,DECODE,255,0,255,1161.16,9.76,1
1076,DECODE,255,0,255,1162.16,9.57,1
1077,DECODE,255,0,255,1163.16,9.60,1
1078,DECODE,255,0,255,1164.16,9.71,1
1079,DECODE,255,0,255,1165.16,9.68,1
1080,DECODE,255,0,255,1166.16,9.71,1
1081,DECODE,255,0,255,1167.16,9.72,1
1082,DECODE,255,0,255,1168.16,10.12,1
1083,DECODE,255,0,255,1169.16,9.74,1
1084,DECODE,255,0,255,1170.16,9.67,1
1085,DECODE,255,0,255,1171.16,9.81,1
1086,DECODE,255,0,255,1172.16,9.70,1
1087,DECODE,255,0,255,1173.16,9.64,1
1088,DECODE,255,0,255,1174.16,9.77,1
1089,DECODE,255,0,255,1175.16,9.73,1
1090,DECODE,255,0,255,1176.16,9.62,1
1091,DECODE,255,0,255,1177.16,9.73,1
1092,DECODE,255,0,255,1178.16,9.77,1
1093,DECODE,255,0,255,1179.16,9.73,1
1094,DECODE,254,0,254,1180.35,10.00,1
1095,DECODE,254,0,254,1181.35,9.86,1
1096,DECODE,254,0,254,1182.35,9.78,1
1097,DECODE,254,0,254,1183.35,9.74,1
1098,DECODE,254,0,254,1184.35,9.75,1
1099,DECODE,254,0,254,1185.35,9.73,1
1100,DECODE,254,0,254,1186.35,9.75,1
1101,DECODE,254,0,254,1187.35,9.72,1
1102,DECODE,254,0,254,1188.35,9.80,1
1103,DECODE,254,0,254,1189.35,9.70,1
1104,DECODE,254,0,254,1190.35,9.73,1
1105,DECODE,254,0,254,1191.35,10.93,1
1106,DECODE,254,0,254,1192.35,9.75,1
1107,DECODE,254,0,254,1193.35,9.85,1
1108,DECODE,254,0,254,1194.35,9.92,1
1109,DECODE,254,0,254,1195.35,9.77,1
1110,DECODE,254,0,254,1196.35,9.79,1
1111,DECODE,254,0,254,1197.35,9.69,1
1112,DECODE,254,0,254,1198.35,9.95,1
1113,DECODE,254,0,254,1199.35,9.72,1
1114,DECODE,254,0,254,1200.35,9.83,1
1115,DECODE,254,0,254,1201.35,9.81,1
1116,DECODE,254,0,254,1202.35,9.86,1
1117,DECODE,254,0,254,1203.35,9.76,1
1118,DECODE,254,0,254,1204.35,9.84,1
1119,DECODE,254,0,254,1205.35,9.78,1
1120,DECODE,254,0,254,1206.35,9.43,1
1121,DECODE,254,0,254,1207.35,9.84,1
1122,DECODE,254,0,254,1208.35,9.73,1
1123,DECODE,254,0,254,1209.35,9.83,1
1124,DECODE,254,0,254,1210.35,9.78,1
1125,DECODE,254,0,254,1211.35,9.80,1
1126,DECODE,254,0,254,1212.35,9.88,1
1127,DECODE,254,0,254,1213.35,9.79,1
1128,DECODE,254,0,254,1214.35,9.86,1
1129,DECODE,254,0,254,1215.35,9.52,1
1130,DECODE,254,0,254,1216.35,9.86,1
1131,DECODE,254,0,254,1217.35,9.85,1
1132,DECODE,254,0,254,1218.35,9.82,1
1133,DECODE,254,0,254,1219.35,9.86,1
1134,DECODE,254,0,254,1220.35,9.79,1
1135,DECODE,254,0,254,1221.35,9.83,1
1136,DECODE,254,0,254,1222.35,9.60,1
1137,DECODE,254,0,254,1223.35,9.90,1
1138,DECODE,254,0,254,1224.35,9.93,1
1139,DECODE,254,0,254,1225.35,9.80,1
1140,DECODE,254,0,254,1226.35,9.89,1
1141,DECODE,254,0,254,1227.35,9.80,1
1142,DECODE,254,0,254,1228.35,9.91,1
1143,DECODE,254,0,254,1229.35,9.86,1
1144,DECODE,254,0,254,1230.35,9.04,1
1145,DECODE,254,0,254,1231.35,9.01,1
1146,DECODE,254,0,254,1232.35,9.09,1
1147,DECODE,254,0,254,1233.35,9.00,1
1148,DECODE,254,0,254,1234.35,9.03,1
1149,DECODE,254,0,254,1235.35,9.03,1
1150,DECODE,254,0,254,1236.35,9.05,1
1151,DECODE,254,0,254,1237.35,8.96,1
1152,DECODE,254,0,254,1238.35,9.05,1
1153,DECODE,254,0,254,1239.35,8.97,1
1154,DECODE,254,0,254,1240.35,9.93,1
1155,DECODE,254,0,254,1241.35,9.84,1
1156,DECODE,254,0,254,1242.35,9.98,1
1157,DECODE,254,0,254,1243.35,9.90,1
1158,DECODE,254,0,254,1244.35,9.92,1
1159,DECODE,254,0,254,1245.35,9.91,1
1160,DECODE,254,0,254,1246.35,9.81,1
1161,DECODE,254,0,254,1247.35,10.02,1
1162,DECODE,254,0,254,1248.35,9.92,1
1163,DECODE,254,0,254,1249.35,10.00,1
1164,DECODE,254,0,254,1250.35,9.88,1
1165,DECODE,254,0,254,1251.35,9.90,1
1166,DECODE,254,0,254,1252.35,9.80,1
1167,DECODE,254,0,254,1253.35,9.92,1
1168,DECODE,254,0,254,1254.35,9.81,1
1169,DECODE,254,0,254,1255.35,9.90,1
1170,DECODE,254,0,254,1256.35,10.03,1
1171,DECODE,254,0,254,1257.35,9.96,1
1172,DECODE,254,0,254,1258.35,9.90,1
1173,DECODE,254,0,254,1259.35,9.87,1
1174,DECODE,254,0,254,1260.35,9.20,1
1175,DECODE,254,0,254,1261.35,9.06,1
1176,DECODE,254,0,254,1262.35,9.22,1
1177,DECODE,254,0,254,1263.35,9.08,1
1178,DECODE,254,0,254,1264.35,9.18,1
1179,DECODE,254,0,254,1265.35,9.07,1
1180,DECODE,254,0,254,1266.35,9.18,1
1181,DECODE,254,0,254,1267.35,9.08,1
1182,DECODE,254,0,254,1268.35,9.17,1
1183,DECODE,254,0,254,1269.35,10.22,1
1184,DECODE,254,0,254,1270.35,10.57,1
1185,DECODE,254,0,254,1271.35,10.78,1
1186,DECODE,254,0,254,1272.35,10.88,1
1187,DECODE,254,0,254,1273.35,10.83,1
1188,DECODE,254,0,254,1274.35,10.39,1
1189,DECODE,254,0,254,1275.35,9.25,1
1190,DECODE,254,0,254,1276.35,9.19,1
1191,DECODE,254,0,254,1277.35,9.52,1
1192,DECODE,253,0,253,1278.54,9.11,1
1193,DECODE,253,0,253,1279.54,9.52,1
1194,DECODE,253,0,253,1280.54,10.02,1
1195,DECODE,253,0,253,1281.54,9.98,1
1196,DECODE,253,0,253,1282.54,10.01,1
1197,DECODE,253,0,253,1283.54,10.22,1
1198,DECODE,253,0,253,1284.54,10.62,1
1199,DECODE,253,0,253,1285.54,10.27,1
1200,DECODE,253,0,253,1286.54,10.22,1
1201,DECODE,253,0,253,1287.54,10.27,1
1202,DECODE,253,0,253,1288.54,10.20,1
1203,DECODE,253,0,253,1289.54,10.25,1
1204,DECODE,253,0,253,1290.54,10.25,1
1205,DECODE,253,0,253,1291.54,10.31,1
1206,DECODE,253,0,253,1292.54,10.26,1
1207,DECODE,253,0,253,1293.54,10.19,1
1208,DECODE,253,0,253,1294.54,10.28,1
1209,DECODE,253,0,253,1295.54,10.24,1
1210,DECODE,253,0,253,1296.54,10.28,1
1211,DECODE,253,0,253,1297.54,10.29,1
1212,DECODE,253,0,253,1298.54,9.87,1
1213,DECODE,253,0,253,1299.54,10.19,1
1214,DECODE,253,0,253,1300.54,10.27,1
1215,DECODE,253,0,253,1301.54,12.05,1
1216,DECODE,253,0,253,1302.54,10.31,1
1217,DECODE,253,0,253,1303.54,10.29,1
1218,DECODE,253,0,253,1304.54,10.52,1
1219,DECODE,253,0,253,1305.54,11.24,1
1220,DECODE,253,0,253,1306.54,10.46,1
1221,DECODE,253,0,253,1307.54,10.44,1
1222,DECODE,252,0,252,1308.74,10.73,1
1223,DECODE,252,0,252,1309.74,10.31,1
1224,DECODE,252,0,252,1310.74,10.06,1
1225,DECODE,252,0,252,1311.74,10.11,1
1226,DECODE,252,0,252,1312.74,10.20,1
1227,DECODE,252,0,252,1313.74,10.13,1
1228,DECODE,252,0,252,1314.74,10.10,1
1229,DECODE,252,0,252,1315.74,10.25,1
1230,DECODE,252,0,252,1316.74,10.03,1
1231,DECODE,252,0,252,1317.74,10.19,1
1232,DECODE,252,0,252,1318.74,10.13,1
1233,DECODE,252,0,252,1319.74,10.19,1
1234,DECODE,252,0,252,1320.74,10.15,1
1235,DECODE,252,0,252,1321.74,10.20,1
1236,DECODE,252,0,252,1322.74,10.25,1
1237,DECODE,252,0,252,1323.74,10.25,1
1238,DECODE,252,0,252,1324.74,10.02,1
1239,DECODE,252,0,252,1325.74,10.20,1
1240,DECODE,252,0,252,1326.74,10.21,1
1241,DECODE,252,0,252,1327.74,10.30,1
1242,DECODE,252,0,252,1328.74,10.20,1
1243,DECODE,252,0,252,1329.74,11.24,1
1244,DECODE,251,0,251,1330.94,10.42,1
1245,DECODE,251,0,251,1331.94,10.22,1
1246,DECODE,251,0,251,1332.94,10.20,1
1247,DECODE,251,0,251,1333.94,10.21,1
1248,DECODE,251,0,251,1334.94,10.89,1
1249,DECODE,251,0,251,1335.94,10.24,1
1250,DECODE,251,0,251,1336.94,10.44,1
1251,DECODE,251,0,251,1337.94,11.45,1
1252,DECODE,251,0,251,1338.94,10.45,1
1253,DECODE,251,0,251,1339.94,10.33,1
1254,DECODE,251,0,251,1340.94,11.44,1
1255,DECODE,250,0,250,1342.11,10.69,1
1256,DECODE,250,0,250,1343.11,10.47,1
1257,DECODE,250,0,250,1344.11,10.39,1
1258,DECODE,250,0,250,1345.11,10.50,1
1259,DECODE,250,0,250,1346.11,10.34,1
1260,DECODE,250,0,250,1347.11,11.11,1
1261,DECODE,250,0,250,1348.11,10.34,1
1262,DECODE,250,0,250,1349.11,10.46,1
1263,DECODE,250,0,250,1350.11,10.35,1
1264,DECODE,250,0,250,1351.11,11.66,1
1265,DECODE,250,0,250,1352.11,10.98,1
1266,DECODE,249,0,249,1353.28,10.71,1
1267,DECODE,249,0,249,1354.28,10.37,1
1268,DECODE,249,0,249,1355.28,10.40,1
1269,DECODE,249,0,249,1356.28,10.35,1
1270,DECODE,249,0,249,1357.28,10.52,1
1271,DECODE,249,0,249,1358.28,10.37,1
1272,DECODE,249,0,249,1359.28,10.24,1
1273,DECODE,249,0,249,1360.28,10.29,1
1274,DECODE,249,0,249,1361.28,10.22,1
1275,DECODE,249,0,249,1362.28,10.19,1
1276,DECODE,249,0,249,1363.28,10.18,1
1277,DECODE,249,0,249,1364.28,10.22,1
1278,DECODE,249,0,249,1365.28,9.80,1
1279,DECODE,249,0,249,1366.28,10.25,1
1280,DECODE,249,0,249,1367.28,10.12,1
1281,DECODE,249,0,249,1368.28,10.15,1
1282,DECODE,249,0,249,1369.28,9.81,1
1283,DECODE,249,0,249,1370.28,9.84,1
1284,DECODE,249,0,249,1371.28,9.87,1
1285,DECODE,249,0,249,1372.28,9.27,1
1286,DECODE,249,0,249,1373.28,9.79,1
1287,DECODE,249,0,249,1374.28,9.38,1
1288,DECODE,249,0,249,1375.28,9.35,1
1289,DECODE,249,0,249,1376.28,9.32,1
1290,DECODE,249,0,249,1377.28,9.25,1
1291,DECODE,249,0,249,1378.28,9.49,1
1292,DECODE,249,0,249,1379.28,9.52,1
1293,DECODE,249,0,249,1380.28,9.50,1
1294,DECODE,248,0,248,1381.45,10.88,1
1295,DECODE,248,0,248,1382.45,9.53,1
1296,DECODE,248,0,248,1383.45,9.51,1
1297,DECODE,248,0,248,1384.45,9.48,1
1298,DECODE,248,0,248,1385.45,9.51,1
1299,DECODE,248,0,248,1386.45,9.48,1
1300,DECODE,248,0,248,1387.45,9.49,1
1301,DECODE,248,0,248,1388.45,9.27,1
1302,DECODE,248,0,248,1389.45,9.31,1
1303,DECODE,248,0,248,1390.45,9.27,1
1304,DECODE,248,0,248,1391.45,9.31,1
1305,DECODE,248,0,248,1392.45,9.32,1
1306,DECODE,248,0,248,1393.45,9.37,1
1307,DECODE,247,0,247,1394.66,9.27,1
1308,DECODE,247,0,247,1395.66,9.42,1
1309,DECODE,247,0,247,1396.66,9.32,1
1310,DECODE,247,0,247,1397.66,9.39,1
1311,DECODE,247,0,247,1398.66,9.33,1
1312,DECODE,247,0,247,1399.66,9.27,1
1313,DECODE,247,0,247,1400.66,9.32,1
1314,DECODE,247,0,247,1401.66,9.37,1
1315,DECODE,247,0,247,1402.66,9.31,1
1316,DECODE,247,0,247,1403.66,9.33,1
1317,DECODE,247,0,247,1404.66,9.27,1
1318,DECODE,247,0,247,1405.66,9.31,1
1319,DECODE,247,0,247,1406.66,9.27,1
1320,DECODE,247,0,247,1407.66,10.42,1
1321,DECODE,247,0,247,1408.66,10.18,1
1322,DECODE,247,0,247,1409.66,10.25,1
1323,DECODE,247,0,247,1410.66,10.21,1
1324,DECODE,247,0,247,1411.66,10.27,1
1325,DECODE,247,0,247,1412.66,10.27,1
1326,DECODE,247,0,247,1413.66,10.16,1
1327,DECODE,247,0,247,1414.66,10.24,1
1328,DECODE,247,0,247,1415.66,10.31,1
1329,DECODE,247,0,247,1416.66,9.36,1
1330,DECODE,247,0,247,1417.66,9.36,1
1331,DECODE,247,0,247,1418.66,9.36,1
1332,DECODE,247,0,247,1419.66,9.51,1
1333,DECODE,247,0,247,1420.66,9.38,1
1334,DECODE,247,0,247,1421.66,9.41,1
1335,DECODE,246,0,246,1422.78,9.40,1
1336,DECODE,246,0,246,1423.78,9.43,1
1337,DECODE,246,0,246,1424.78,9.35,1
1338,DECODE,246,0,246,1425.78,9.35,1
1339,DECODE,246,0,246,1426.78,9.36,1
1340,DECODE,246,0,246,1427.78,9.36,1
1341,DECODE,246,0,246,1428.78,9.40,1
1342,DECODE,246,0,246,1429.78,9.37,1
1343,DECODE,246,0,246,1430.78,9.37,1
1344,DECODE,246,0,246,1431.78,9.37,1
1345,DECODE,246,0,246,1432.78,9.38,1
1346,DECODE,246,0,246,1433.78,9.42,1
1347,DECODE,246,0,246,1434.78,9.46,1
1348,DECODE,246,0,246,1435.78,9.36,1
1349,DECODE,246,0,246,1436.78,9.42,1
1350,DECODE,246,0,246,1437.78,9.38,1
1351,DECODE,246,0,246,1438.78,9.43,1
1352,DECODE,246,0,246,1439.78,9.42,1
1353,DECODE,246,0,246,1440.78,9.47,1
1354,DECODE,245,0,245,1441.98,9.39,1
1355,DECODE,245,0,245,1442.98,10.34,1
1356,DECODE,245,0,245,1443.98,10.32,1
1357,DECODE,245,0,245,1444.98,10.33,1
1358,DECODE,245,0,245,1445.98,10.29,1
1359,DECODE,245,0,245,1446.98,9.45,1
1360,DECODE,245,0,245,1447.98,9.45,1
1361,DECODE,244,0,244,1449.16,9.44,1
1362,DECODE,244,0,244,1450.16,9.41,1
1363,DECODE,244,0,244,1451.16,9.90,1
1364,DECODE,244,0,244,1452.16,9.69,1
1365,DECODE,244,0,244,1453.16,9.54,1
1366,DECODE,244,0,244,1454.16,9.42,1
1367,DECODE,244,0,244,1455.16,9.43,1
1368,DECODE,244,0,244,1456.16,9.43,1
1369,DECODE,244,0,244,1457.16,9.50,1
1370,DECODE,243,0,243,1458.27,9.43,1
1371,DECODE,243,0,243,1459.27,9.49,1
1372,DECODE,243,0,243,1460.27,9.42,1
1373,DECODE,243,0,243,1461.27,9.45,1
1374,DECODE,243,0,243,1462.27,9.42,1
1375,DECODE,243,0,243,1463.27,9.44,1
1376,DECODE,243,0,243,1464.27,9.43,1
1377,DECODE,243,0,243,1465.27,9.40,1
1378,DECODE,243,0,243,1466.27,9.42,1
1379,DECODE,243,0,243,1467.27,10.37,1
1380,DECODE,243,0,243,1468.27,10.37,1
1381,DECODE,243,0,243,1469.27,10.47,1
1382,DECODE,243,0,243,1470.27,10.36,1
1383,DECODE,243,0,243,1471.27,10.37,1
1384,DECODE,243,0,243,1472.27,10.40,1
1385,DECODE,243,0,243,1473.27,10.47,1
1386,DECODE,243,0,243,1474.27,10.43,1
1387,DECODE,243,0,243,1475.27,10.56,1
1388,DECODE,243,0,243,1476.27,10.48,1
1389,DECODE,243,0,243,1477.27,10.45,1
1390,DECODE,243,0,243,1478.27,10.42,1
1391,DECODE,243,0,243,1479.27,10.48,1
1392,DECODE,243,0,243,1480.27,10.41,1
1393,DECODE,243,0,243,1481.27,10.48,1
1394,DECODE,243,0,243,1482.27,10.42,1
1395,DECODE,243,0,243,1483.27,10.50,1
1396,DECODE,243,0,243,1484.27,10.38,1
1397,DECODE,243,0,243,1485.27,10.50,1
1398,DECODE,243,0,243,1486.27,10.43,1
1399,DECODE,243,0,243,1487.27,10.47,1
1400,DECODE,243,0,243,1488.27,10.45,1
1401,DECODE,243,0,243,1489.27,10.48,1
1402,DECODE,243,0,243,1490.27,10.42,1
1403,DECODE,243,0,243,1491.27,10.35,1
1404,DECODE,243,0,243,1492.27,10.43,1
1405,DECODE,243,0,243,1493.27,10.48,1
1406,DECODE,243,0,243,1494.27,10.43,1
1407,DECODE,243,0,243,1495.27,10.57,1
1408,DECODE,243,0,243,1496.27,10.88,1
1409,DECODE,243,0,243,1497.27,10.62,1
1410,DECODE,243,0,243,1498.27,10.86,1
1411,DECODE,243,0,243,1499.27,10.83,1
1412,DECODE,243,0,243,1500.27,10.49,1
1413,DECODE,243,0,243,1501.27,10.65,1
1414,DECODE,243,0,243,1502.27,10.85,1
1415,DECODE,243,0,243,1503.27,11.22,1
1416,DECODE,243,0,243,1504.27,10.53,1
1417,DECODE,243,0,243,1505.27,10.40,1
1418,DECODE,243,0,243,1506.27,10.48,1
1419,DECODE,243,0,243,1507.27,10.38,1
1420,DECODE,243,0,243,1508.27,10.42,1
1421,DECODE,243,0,243,1509.27,10.47,1
1422,DECODE,243,0,243,1510.27,10.41,1
1423,DECODE,243,0,243,1511.27,10.47,1
1424,DECODE,243,0,243,1512.27,10.55,1
1425,DECODE,243,0,243,1513.27,10.49,1
1426,DECODE,243,0,243,1514.27,10.46,1
1427,DECODE,243,0,243,1515.27,10.50,1
1428,DECODE,243,0,243,1516.27,10.50,1
1429,DECODE,243,0,243,1517.27,10.64,1
1430,DECODE,243,0,243,1518.27,10.48,1
1431,DECODE,243,0,243,1519.27,10.54,1
1432,DECODE,243,0,243,1520.27,10.50,1
1433,DECODE,243,0,243,1521.27,10.62,1
1434,DECODE,243,0,243,1522.27,10.55,1
1435,DECODE,243,0,243,1523.27,10.66,1
1436,DECODE,243,0,243,1524.27,10.54,1
1437,DECODE,243,0,243,1525.27,10.61,1
1438,DECODE,243,0,243,1526.27,10.58,1
1439,DECODE,242,0,242,1527.46,11.38,1
1440,DECODE,242,0,242,1528.46,10.59,1
1441,DECODE,242,0,242,1529.46,10.71,1
1442,DECODE,242,0,242,1530.46,10.59,1
1443,DECODE,242,0,242,1531.46,10.65,1
1444,DECODE,242,0,242,1532.46,10.56,1
1445,DECODE,242,0,242,1533.46,10.81,1
1446,DECODE,242,0,242,1534.46,10.57,1
1447,DECODE,242,0,242,1535.46,10.78,1
1448,DECODE,242,0,242,1536.46,10.63,1
1449,DECODE,242,0,242,1537.46,10.72,1
1450,DECODE,242,0,242,1538.46,10.59,1
1451,DECODE,242,0,242,1539.46,10.72,1
1452,DECODE,242,0,242,1540.46,10.64,1
1453,DECODE,242,0,242,1541.46,10.86,1
1454,DECODE,242,0,242,1542.46,10.56,1
1455,DECODE,242,0,242,1543.46,10.62,1
1456,DECODE,242,0,242,1544.46,10.50,1
1457,DECODE,242,0,242,1545.46,10.67,1
1458,DECODE,242,0,242,1546.46,10.61,1
1459,DECODE,242,0,242,1547.46,10.60,1
1460,DECODE,241,0,241,1548.65,10.75,1
1461,DECODE,241,0,241,1549.65,10.58,1
1462,DECODE,241,0,241,1550.65,10.56,1
1463,DECODE,241,0,241,1551.65,10.67,1
1464,DECODE,241,0,241,1552.65,10.63,1
1465,DECODE,241,0,241,1553.65,10.68,1
1466,DECODE,240,0,240,1554.70,12.57,1
1467,DECODE,240,0,240,1555.70,10.68,1
1468,DECODE,240,0,240,1556.70,10.53,1
1469,DECODE,240,0,240,1557.70,10.68,1
1470,DECODE,240,0,240,1558.70,10.48,1
1471,DECODE,240,0,240,1559.70,10.55,1
1472,DECODE,240,0,240,1560.70,10.58,1
1473,DECODE,240,0,240,1561.70,10.55,1
1474,DECODE,240,0,240,1562.70,10.47,1
1475,DECODE,240,0,240,1563.70,10.69,1
1476,DECODE,240,0,240,1564.70,10.58,1
1477,DECODE,240,0,240,1565.70,10.67,1
1478,DECODE,240,0,240,1566.70,10.63,1
1479,DECODE,240,0,240,1567.70,10.62,1
1480,DECODE,240,0,240,1568.70,10.65,1
1481,DECODE,240,0,240,1569.70,10.70,1
1482,DECODE,240,0,240,1570.70,10.57,1
1483,DECODE,240,0,240,1571.70,10.59,1
1484,DECODE,240,0,240,1572.70,10.60,1
1485,DECODE,240,0,240,1573.70,10.61,1
1486,DECODE,240,0,240,1574.70,10.63,1
1487,DECODE,240,0,240,1575.70,10.64,1
1488,DECODE,240,0,240,1576.70,9.77,1
1489,DECODE,240,0,240,1577.70,9.59,1
1490,DECODE,240,0,240,1578.70,9.75,1
1491,DECODE,240,0,240,1579.70,9.80,1
1492,DECODE,240,0,240,1580.70,9.77,1
1493,DECODE,240,0,240,1581.70,9.72,1
1494,DECODE,240,0,240,1582.70,9.75,1
1495,DECODE,240,0,240,1583.70,9.76,1
1496,DECODE,239,0,239,1584.90,9.66,1
1497,DECODE,239,0,239,1585.90,9.82,1
1498,DECODE,239,0,239,1586.90,9.70,1
1499,DECODE,239,0,239,1587.90,9.65,1
1500,DECODE,238,0,238,1589.01,9.69,1
1501,DECODE,238,0,238,1590.01,9.74,1
1502,DECODE,238,0,238,1591.01,9.68,1
1503,DECODE,238,0,238,1592.01,9.76,1
1504,DECODE,238,0,238,1593.01,9.68,1
1505,DECODE,238,0,238,1594.01,9.72,1
1506,DECODE,238,0,238,1595.01,9.54,1
1507,DECODE,238,0,238,1596.01,9.75,1
1508,DECODE,238,0,238,1597.01,9.73,1
1509,DECODE,238,0,238,1598.01,9.70,1
1510,DECODE,238,0,238,1599.01,9.68,1
1511,DECODE,238,0,238,1600.01,9.77,1
1512,DECODE,238,0,238,1601.01,9.73,1
1513,DECODE,238,0,238,1602.01,9.77,1
1514,DECODE,238,0,238,1603.01,9.83,1
1515,DECODE,238,0,238,1604.01,9.71,1
1516,DECODE,238,0,238,1605.01,9.65,1
1517,DECODE,238,0,238,1606.01,9.74,1
1518,DECODE,237,0,237,1607.12,10.39,1
1519,DECODE,237,0,237,1608.12,9.72,1
1520,DECODE,237,0,237,1609.12,9.61,1
1521,DECODE,237,0,237,1610.12,9.66,1
1522,DECODE,237,0,237,1611.12,9.66,1
1523,DECODE,237,0,237,1612.12,9.65,1
1524,DECODE,237,0,237,1613.12,9.76,1
1525,DECODE,237,0,237,1614.12,9.72,1
1526,DECODE,237,0,237,1615.12,9.66,1
1527,DECODE,237,0,237,1616.12,9.77,1
1528,DECODE,236,0,236,1617.31,9.79,1
1529,DECODE,236,0,236,1618.31,9.74,1
1530,DECODE,236,0,236,1619.31,9.84,1
1531,DECODE,236,0,236,1620.31,9.70,1
1532,DECODE,236,0,236,1621.31,9.82,1
1533,DECODE,236,0,236,1622.31,11.35,1
1534,DECODE,236,0,236,1623.31,10.20,1
1535,DECODE,236,0,236,1624.31,10.63,1
1536,DECODE,236,0,236,1625.31,10.73,1
1537,DECODE,236,0,236,1626.31,9.68,1
1538,DECODE,236,0,236,1627.31,9.65,1
1539,DECODE,236,0,236,1628.31,9.73,1
1540,DECODE,236,0,236,1629.31,9.65,1
1541,DECODE,236,0,236,1630.31,9.71,1
1542,DECODE,235,0,235,1631.43,10.42,1
1543,DECODE,235,0,235,1632.43,9.82,1
1544,DECODE,234,0,234,1633.63,10.19,1
1545,DECODE,234,0,234,1634.63,10.07,1
1546,DECODE,234,0,234,1635.63,10.08,1
1547,DECODE,234,0,234,1636.63,10.00,1
1548,DECODE,234,0,234,1637.63,10.05,1
1549,DECODE,234,0,234,1638.63,10.01,1
1550,DECODE,234,0,234,1639.63,10.05,1
1551,DECODE,234,0,234,1640.63,9.98,1
1552,DECODE,234,0,234,1641.63,10.07,1
1553,DECODE,234,0,234,1642.63,10.08,1
1554,DECODE,234,0,234,1643.63,10.05,1
1555,DECODE,234,0,234,1644.63,10.08,1
1556,DECODE,234,0,234,1645.63,10.05,1
1557,DECODE,234,0,234,1646.63,10.06,1
1558,DECODE,234,0,234,1647.63,10.05,1
1559,DECODE,234,0,234,1648.63,10.11,1
1560,DECODE,234,0,234,1649.63,10.13,1
1561,DECODE,234,0,234,1650.63,10.16,1
1562,DECODE,234,0,234,1651.63,10.16,1
1563,DECODE,234,0,234,1652.63,10.11,1
1564,DECODE,234,0,234,1653.63,10.65,1
1565,DECODE,234,0,234,1654.63,10.72,1
1566,DECODE,234,0,234,1655.63,10.76,1
1567,DECODE,234,0,234,1656.63,10.82,1
1568,DECODE,234,0,234,1657.63,10.72,1
1569,DECODE,234,0,234,1658.63,10.80,1
1570,DECODE,234,0,234,1659.63,10.86,1
1571,DECODE,234,0,234,1660.63,10.82,1
1572,DECODE,234,0,234,1661.63,10.77,1
1573,DECODE,233,0,233,1662.74,11.00,1
1574,DECODE,233,0,233,1663.74,11.01,1
1575,DECODE,233,0,233,1664.74,10.73,1
1576,DECODE,233,0,233,1665.74,10.78,1
1577,DECODE,233,0,233,1666.74,10.86,1
1578,DECODE,233,0,233,1667.74,10.74,1
1579,DECODE,233,0,233,1668.74,10.81,1
1580,DECODE,233,0,233,1669.74,10.79,1
1581,DECODE,233,0,233,1670.74,10.98,1
1582,DECODE,233,0,233,1671.74,10.81,1
1583,DECODE,233,0,233,1672.74,10.88,1
1584,DECODE,233,0,233,1673.74,11.00,1
1585,DECODE,233,0,233,1674.74,10.92,1
1586,DECODE,232,0,232,1675.93,12.88,1
1587,DECODE,232,0,232,1676.93,10.83,1
1588,DECODE,232,0,232,1677.93,10.23,1
1589,DECODE,232,0,232,1678.93,10.23,1
1590,DECODE,232,0,232,1679.93,10.26,1
1591,DECODE,232,0,232,1680.93,10.29,1
1592,DECODE,232,0,232,1681.93,10.17,1
1593,DECODE,231,0,231,1682.95,11.06,1
1594,DECODE,231,0,231,1683.95,11.57,1
1595,DECODE,231,0,231,1684.95,11.63,1
1596,DECODE,231,0,231,1685.95,11.55,1
1597,DECODE,231,0,231,1686.95,11.53,1
1598,DECODE,229,0,229,1688.15,12.15,1
1599,DECODE,229,0,229,1689.15,11.61,1
1600,DECODE,229,0,229,1690.15,11.61,1
1601,DECODE,229,0,229,1691.15,11.62,1
1602,DECODE,228,0,228,1692.39,12.01,1
1603,DECODE,228,0,228,1693.39,11.18,1
1604,DECODE,228,0,228,1694.39,10.30,1
1605,DECODE,228,0,228,1695.39,11.24,1
1606,DECODE,228,0,228,1696.39,11.33,1
1607,DECODE,228,0,228,1697.39,11.09,1
1608,DECODE,228,0,228,1698.39,10.92,1
1609,DECODE,228,0,228,1699.39,11.01,1
1610,DECODE,228,0,228,1700.39,11.00,1
1611,DECODE,228,0,228,1701.39,11.10,1
1612,DECODE,228,0,228,1702.39,11.03,1
1613,DECODE,228,0,228,1703.39,11.11,1
1614,DECODE,228,0,228,1704.39,10.98,1
1615,DECODE,228,0,228,1705.39,11.03,1
1616,DECODE,228,0,228,1706.39,11.06,1
1617,DECODE,228,0,228,1707.39,11.03,1
1618,DECODE,228,0,228,1708.39,11.03,1
1619,DECODE,228,0,228,1709.39,10.99,1
1620,DECODE,228,0,228,1710.39,11.10,1
1621,DECODE,228,0,228,1711.39,11.15,1
1622,DECODE,228,0,228,1712.39,11.77,1
1623,DECODE,228,0,228,1713.39,11.81,1
1624,DECODE,227,0,227,1714.42,10.55,1
1625,DECODE,227,0,227,1715.42,10.45,1
1626,DECODE,225,0,225,1716.83,10.58,1
1627,DECODE,225,0,225,1717.83,10.43,1
1628,DECODE,225,0,225,1718.83,10.37,1
1629,DECODE,225,0,225,1719.83,10.30,1
1630,DECODE,225,0,225,1720.83,10.33,1
1631,DECODE,225,0,225,1721.83,10.60,1
1632,DECODE,225,0,225,1722.83,10.96,1
1633,DECODE,225,0,225,1723.83,10.94,1
1634,DECODE,225,0,225,1724.83,11.02,1
1635,DECODE,225,0,225,1725.83,11.06,1
1636,DECODE,225,0,225,1726.83,11.04,1
1637,DECODE,225,0,225,1727.83,11.10,1
1638,DECODE,225,0,225,1728.83,11.00,1
1639,DECODE,225,0,225,1729.83,11.06,1
1640,DECODE,225,0,225,1730.83,11.08,1
1641,DECODE,225,0,225,1731.83,12.92,1
1642,DECODE,225,0,225,1732.83,10.99,1
1643,DECODE,225,0,225,1733.83,11.09,1
1644,DECODE,225,0,225,1734.83,11.05,1
1645,DECODE,225,0,225,1735.83,11.07,1
1646,DECODE,225,0,225,1736.83,11.05,1
1647,DECODE,225,0,225,1737.83,11.03,1
1648,DECODE,225,0,225,1738.83,11.12,1
1649,DECODE,225,0,225,1739.83,11.11,1
1650,DECODE,225,0,225,1740.83,10.70,1
1651,DECODE,225,0,225,1741.83,11.06,1
1652,DECODE,225,0,225,1742.83,10.99,1
1653,DECODE,225,0,225,1743.83,11.17,1
1654,DECODE,224,0,224,1745.04,12.79,1
1655,DECODE,224,0,224,1746.04,10.96,1
1656,DECODE,224,0,224,1747.04,10.72,1
1657,DECODE,224,0,224,1748.04,10.74,1
1658,DECODE,224,0,224,1749.04,10.77,1
1659,DECODE,224,0,224,1750.04,10.85,1
1660,DECODE,224,0,224,1751.04,10.84,1
1661,DECODE,224,0,224,1752.04,10.79,1
1662,DECODE,224,0,224,1753.04,10.76,1
1663,DECODE,224,0,224,1754.04,10.68,1
1664,DECODE,224,0,224,1755.04,10.74,1
1665,DECODE,224,0,224,1756.04,10.89,1
1666,DECODE,224,0,224,1757.04,10.97,1
1667,DECODE,224,0,224,1758.04,10.76,1
1668,DECODE,224,0,224,1759.04,10.78,1
1669,DECODE,224,0,224,1760.04,10.78,1
1670,DECODE,224,0,224,1761.04,10.90,1
1671,DECODE,224,0,224,1762.04,10.81,1
1672,DECODE,224,0,224,1763.04,10.87,1
1673,DECODE,224,0,224,1764.04,10.91,1
1674,DECODE,224,0,224,1765.04,10.70,1
1675,DECODE,224,0,224,1766.04,10.92,1
1676,DECODE,224,0,224,1767.04,10.78,1
1677,DECODE,224,0,224,1768.04,10.87,1
1678,DECODE,222,0,222,1769.08,11.33,1
1679,DECODE,222,0,222,1770.08,10.79,1
1680,DECODE,222,0,222,1771.08,10.83,1
1681,DECODE,222,0,222,1772.08,10.83,1
1682,DECODE,222,0,222,1773.08,10.79,1
1683,DECODE,222,0,222,1774.08,10.79,1
1684,DECODE,222,0,222,1775.08,10.81,1
1685,DECODE,222,0,222,1776.08,10.90,1
1686,DECODE,222,0,222,1777.08,10.80,1
1687,DECODE,222,0,222,1778.08,10.80,1
1688,DECODE,222,0,222,1779.08,10.90,1
1689,DECODE,222,0,222,1780.08,10.93,1
1690,DECODE,222,0,222,1781.08,10.87,1
1691,DECODE,222,0,222,1782.08,10.91,1
1692,DECODE,222,0,222,1783.08,10.95,1
1693,DECODE,222,0,222,1784.08,10.98,1
1694,DECODE,222,0,222,1785.08,10.90,1
1695,DECODE,222,0,222,1786.08,10.94,1
1696,DECODE,222,0,222,1787.08,10.99,1
1697,DECODE,222,0,222,1788.08,10.97,1
1698,DECODE,222,0,222,1789.08,11.03,1
1699,DECODE,222,0,222,1790.08,10.97,1
1700,DECODE,222,0,222,1791.08,11.04,1
1701,DECODE,222,0,222,1792.08,10.85,1
1702,DECODE,222,0,222,1793.08,10.98,1
1703,DECODE,222,0,222,1794.08,11.05,1
1704,DECODE,222,0,222,1795.08,11.13,1
1705,DECODE,222,0,222,1796.08,10.97,1
1706,DECODE,222,0,222,1797.08,10.99,1
1707,DECODE,222,0,222,1798.08,11.04,1
1708,DECODE,222,0,222,1799.08,10.99,1
1709,DECODE,222,0,222,1800.08,10.99,1
1710,DECODE,222,0,222,1801.08,10.91,1
1711,DECODE,222,0,222,1802.08,11.05,1
1712,DECODE,222,0,222,1803.08,11.04,1
1713,DECODE,222,0,222,1804.08,11.02,1
1714,DECODE,222,0,222,1805.08,11.00,1
1715,DECODE,222,0,222,1806.08,11.04,1
1716,DECODE,222,0,222,1807.08,11.04,1
1717,DECODE,222,0,222,1808.08,11.07,1
1718,DECODE,221,0,221,1809.25,11.26,1
1719,DECODE,220,0,220,1810.28,11.25,1
1720,DECODE,220,0,220,1811.28,11.08,1
1721,DECODE,220,0,220,1812.28,11.13,1
1722,DECODE,220,0,220,1813.28,11.02,1
1723,DECODE,220,0,220,1814.28,11.03,1
1724,DECODE,220,0,220,1815.28,10.91,1
1725,DECODE,220,0,220,1816.28,10.98,1
1726,DECODE,220,0,220,1817.28,11.04,1
1727,DECODE,220,0,220,1818.28,11.07,1
1728,DECODE,220,0,220,1819.28,11.02,1
1729,DECODE,219,0,219,1820.27,11.16,1
1730,DECODE,219,0,219,1821.27,11.01,1
1731,DECODE,219,0,219,1822.27,11.73,1
1732,DECODE,219,0,219,1823.27,10.85,1
1733,DECODE,219,0,219,1824.27,10.95,1
1734,DECODE,219,0,219,1825.27,10.96,1
1735,DECODE,219,0,219,1826.27,11.04,1
1736,DECODE,219,0,219,1827.27,10.93,1
1737,DECODE,219,0,219,1828.27,10.98,1
1738,DECODE,219,0,219,1829.27,11.01,1
1739,DECODE,219,0,219,1830.27,11.01,1
1740,DECODE,219,0,219,1831.27,10.99,1
1741,DECODE,219,0,219,1832.27,11.05,1
1742,DECODE,219,0,219,1833.27,11.06,1
1743,DECODE,219,0,219,1834.27,11.10,1
1744,DECODE,219,0,219,1835.27,11.09,1
1745,DECODE,219,0,219,1836.27,11.12,1
1746,DECODE,219,0,219,1837.27,11.09,1
1747,DECODE,219,0,219,1838.27,11.09,1
1748,DECODE,219,0,219,1839.27,11.09,1
1749,DECODE,219,0,219,1840.27,11.12,1
1750,DECODE,219,0,219,1841.27,11.12,1
1751,DECODE,219,0,219,1842.27,11.16,1
1752,DECODE,219,0,219,1843.27,11.16,1
1753,DECODE,219,0,219,1844.27,11.06,1
1754,DECODE,219,0,219,1845.27,12.00,1
1755,DECODE,218,0,218,1846.50,11.83,1
1756,DECODE,218,0,218,1847.50,11.01,1
1757,DECODE,218,0,218,1848.50,11.07,1
1758,DECODE,218,0,218,1849.50,11.10,1
1759,DECODE,218,0,218,1850.50,11.04,1
1760,DECODE,218,0,218,1851.50,11.12,1
1761,DECODE,218,0,218,1852.50,11.19,1
1762,DECODE,218,0,218,1853.50,11.08,1
1763,DECODE,218,0,218,1854.50,11.07,1
1764,DECODE,218,0,218,1855.50,11.08,1
1765,DECODE,218,0,218,1856.50,11.14,1
1766,DECODE,218,0,218,1857.50,11.05,1
1767,DECODE,218,0,218,1858.50,11.10,1
1768,DECODE,218,0,218,1859.50,11.07,1
1769,DECODE,218,0,218,1860.50,11.44,1
1770,DECODE,217,0,217,1861.71,11.40,1
1771,DECODE,217,0,217,1862.71,11.13,1
1772,DECODE,217,0,217,1863.71,11.13,1
1773,DECODE,216,0,216,1864.62,13.05,1
1774,DECODE,216,0,216,1865.62,11.01,1
1775,DECODE,216,0,216,1866.62,10.98,1
1776,DECODE,216,0,216,1867.62,11.03,1
1777,DECODE,216,0,216,1868.62,11.02,1
1778,DECODE,216,0,216,1869.62,10.73,1
1779,DECODE,216,0,216,1870.62,10.89,1
1780,DECODE,216,0,216,1871.62,11.10,1
1781,DECODE,216,0,216,1872.62,11.01,1
1782,DECODE,216,0,216,1873.62,11.11,1
1783,DECODE,216,0,216,1874.62,11.07,1
1784,DECODE,216,0,216,1875.62,11.10,1
1785,DECODE,216,0,216,1876.62,10.99,1
1786,DECODE,216,0,216,1877.62,10.98,1
1787,DECODE,216,0,216,1878.62,11.02,1
1788,DECODE,216,0,216,1879.62,11.11,1
1789,DECODE,216,0,216,1880.62,11.03,1
1790,DECODE,216,0,216,1881.62,11.10,1
1791,DECODE,216,0,216,1882.62,10.99,1
1792,DECODE,216,0,216,1883.62,11.11,1
1793,DECODE,216,0,216,1884.62,11.03,1
1794,DECODE,216,0,216,1885.62,11.10,1
1795,DECODE,216,0,216,1886.62,11.10,1
1796,DECODE,216,0,216,1887.62,11.10,1
1797,DECODE,216,0,216,1888.62,11.08,1
1798,DECODE,216,0,216,1889.62,11.07,1
1799,DECODE,216,0,216,1890.62,11.13,1
1800,DECODE,216,0,216,1891.62,11.06,1
1801,DECODE,216,0,216,1892.62,10.99,1
1802,DECODE,216,0,216,1893.62,11.04,1
1803,DECODE,216,0,216,1894.62,11.01,1
1804,DECODE,216,0,216,1895.62,11.97,1
1805,DECODE,215,0,215,1896.82,11.23,1
1806,DECODE,215,0,215,1897.82,11.13,1
1807,DECODE,215,0,215,1898.82,11.12,1
1808,DECODE,215,0,215,1899.82,11.05,1
1809,DECODE,215,0,215,1900.82,11.13,1
1810,DECODE,215,0,215,1901.82,11.13,1
1811,DECODE,215,0,215,1902.82,11.10,1
1812,DECODE,215,0,215,1903.82,11.20,1
1813,DECODE,215,0,215,1904.82,11.06,1
1814,DECODE,215,0,215,1905.82,11.14,1
1815,DECODE,215,0,215,1906.82,11.11,1
1816,DECODE,215,0,215,1907.82,11.25,1
1817,DECODE,215,0,215,1908.82,11.09,1
1818,DECODE,215,0,215,1909.82,11.38,1
1819,DECODE,215,0,215,1910.82,11.13,1
1820,DECODE,215,0,215,1911.82,11.18,1
1821,DECODE,215,0,215,1912.82,11.18,1
1822,DECODE,215,0,215,1913.82,11.28,1
1823,DECODE,215,0,215,1914.82,11.17,1
1824,DECODE,215,0,215,1915.82,11.24,1
1825,DECODE,215,0,215,1916.82,11.12,1
1826,DECODE,215,0,215,1917.82,11.32,1
1827,DECODE,215,0,215,1918.82,11.15,1
1828,DECODE,215,0,215,1919.82,11.23,1
1829,DECODE,215,0,215,1920.82,11.14,1
1830,DECODE,215,0,215,1921.82,11.29,1
1831,DECODE,215,0,215,1922.82,11.23,1
1832,DECODE,215,0,215,1923.82,11.27,1
1833,DECODE,215,0,215,1924.82,11.11,1
1834,DECODE,215,0,215,1925.82,11.29,1
1835,DECODE,215,0,215,1926.82,11.20,1
1836,DECODE,215,0,215,1927.82,11.35,1
1837,DECODE,215,0,215,1928.82,11.22,1
1838,DECODE,215,0,215,1929.82,11.30,1
1839,DECODE,214,0,214,1931.00,11.40,1
1840,DECODE,214,0,214,1932.00,11.35,1
1841,DECODE,214,0,214,1933.00,11.19,1
1842,DECODE,214,0,214,1934.00,11.30,1
1843,DECODE,214,0,214,1935.00,11.29,1
1844,DECODE,214,0,214,1936.00,13.38,1
1845,DECODE,214,0,214,1937.00,11.37,1
1846,DECODE,214,0,214,1938.00,10.84,1
1847,DECODE,214,0,214,1939.00,11.18,1
1848,DECODE,214,0,214,1940.00,11.13,1
1849,DECODE,214,0,214,1941.00,11.17,1
1850,DECODE,214,0,214,1942.00,11.13,1
1851,DECODE,214,0,214,1943.00,11.19,1
1852,DECODE,214,0,214,1944.00,11.27,1
1853,DECODE,214,0,214,1945.00,11.58,1
1854,DECODE,214,0,214,1946.00,11.19,1
1855,DECODE,214,0,214,1947.00,11.68,1
1856,DECODE,214,0,214,1948.00,11.35,1
1857,DECODE,214,0,214,1949.00,11.21,1
1858,DECODE,214,0,214,1950.00,11.29,1
1859,DECODE,214,0,214,1951.00,11.20,1
1860,DECODE,214,0,214,1952.00,11.37,1
1861,DECODE,214,0,214,1953.00,11.38,1
1862,DECODE,214,0,214,1954.00,11.35,1
1863,DECODE,214,0,214,1955.00,11.28,1
1864,DECODE,214,0,214,1956.00,11.25,1
1865,DECODE,214,0,214,1957.00,11.67,1
1866,DECODE,214,0,214,1958.00,11.57,1
1867,DECODE,214,0,214,1959.00,11.38,1
1868,DECODE,214,0,214,1960.00,11.36,1
1869,DECODE,213,0,213,1961.19,11.71,1
1870,DECODE,213,0,213,1962.19,11.67,1
1871,DECODE,213,0,213,1963.19,11.28,1
1872,DECODE,213,0,213,1964.19,11.32,1
1873,DECODE,213,0,213,1965.19,11.27,1
1874,DECODE,213,0,213,1966.19,11.36,1
1875,DECODE,213,0,213,1967.19,11.27,1
1876,DECODE,213,0,213,1968.19,11.31,1
1877,DECODE,213,0,213,1969.19,11.26,1
1878,DECODE,213,0,213,1970.19,11.25,1
1879,DECODE,213,0,213,1971.19,11.34,1
1880,DECODE,213,0,213,1972.19,11.38,1
1881,DECODE,213,0,213,1973.19,11.37,1
1882,DECODE,213,0,213,1974.19,11.28,1
1883,DECODE,213,0,213,1975.19,11.22,1
1884,DECODE,212,0,212,1976.41,11.67,1
1885,DECODE,212,0,212,1977.41,11.29,1
1886,DECODE,212,0,212,1978.41,11.46,1
1887,DECODE,212,0,212,1979.41,12.01,1
1888,DECODE,212,0,212,1980.41,11.31,1
1889,DECODE,211,0,211,1981.42,11.51,1
1890,DECODE,211,0,211,1982.42,11.23,1
1891,DECODE,211,0,211,1983.42,11.18,1
1892,DECODE,211,0,211,1984.42,11.19,1
1893,DECODE,211,0,211,1985.42,11.11,1
1894,DECODE,211,0,211,1986.42,11.19,1
1895,DECODE,211,0,211,1987.42,11.16,1
1896,DECODE,211,0,211,1988.42,11.29,1
1897,DECODE,211,0,211,1989.42,11.21,1
1898,DECODE,210,0,210,1990.65,11.45,1
1899,DECODE,210,0,210,1991.65,11.15,1
1900,DECODE,210,0,210,1992.65,11.16,1
1901,DECODE,210,0,210,1993.65,11.14,1
1902,DECODE,210,0,210,1994.65,11.12,1
1903,DECODE,210,0,210,1995.65,11.22,1
1904,DECODE,210,0,210,1996.65,11.22,1
1905,DECODE,210,0,210,1997.65,11.13,1
1906,DECODE,210,0,210,1998.65,11.28,1
1907,DECODE,210,0,210,1999.65,11.24,1
1908,DECODE,210,0,210,2000.65,11.17,1
1909,DECODE,210,0,210,2001.65,11.24,1
1910,DECODE,210,0,210,2002.65,11.27,1
1911,DECODE,210,0,210,2003.65,11.18,1
1912,DECODE,210,0,210,2004.65,11.38,1
1913,DECODE,209,0,209,2005.80,11.55,1
1914,DECODE,209,0,209,2006.80,11.36,1
1915,DECODE,209,0,209,2007.80,11.32,1
1916,DECODE,209,0,209,2008.80,11.28,1
1917,DECODE,209,0,209,2009.80,11.50,1
1918,DECODE,209,0,209,2010.80,11.29,1
1919,DECODE,209,0,209,2011.80,12.44,1
1920,DECODE,209,0,209,2012.80,11.28,1
1921,DECODE,209,0,209,2013.80,11.32,1
1922,DECODE,209,0,209,2014.80,11.24,1
1923,DECODE,209,0,209,2015.80,11.30,1
1924,DECODE,209,0,209,2016.80,11.22,1
1925,DECODE,208,0,208,2017.96,13.24,1
1926,DECODE,208,0,208,2018.96,11.52,1
1927,DECODE,208,0,208,2019.96,11.51,1
1928,DECODE,208,0,208,2020.96,11.56,1
1929,DECODE,207,0,207,2022.23,12.50,1
1930,DECODE,207,0,207,2023.23,11.93,1
1931,DECODE,207,0,207,2024.23,11.91,1
1932,DECODE,207,0,207,2025.23,12.09,1
1933,DECODE,207,0,207,2026.23,11.39,1
1934,DECODE,207,0,207,2027.23,11.55,1
1935,DECODE,207,0,207,2028.23,11.53,1
1936,DECODE,207,0,207,2029.23,11.36,1
1937,DECODE,207,0,207,2030.23,11.49,1
1938,DECODE,207,0,207,2031.23,11.57,1
1939,DECODE,207,0,207,2032.23,12.06,1
1940,DECODE,207,0,207,2033.23,11.27,1
1941,DECODE,207,0,207,2034.23,11.41,1
1942,DECODE,207,0,207,2035.23,11.41,1
1943,DECODE,207,0,207,2036.23,11.31,1
1944,DECODE,207,0,207,2037.23,11.40,1
1945,DECODE,207,0,207,2038.23,11.35,1
1946,DECODE,207,0,207,2039.23,11.36,1
1947,DECODE,207,0,207,2040.23,11.36,1
1948,DECODE,207,0,207,2041.23,11.34,1
1949,DECODE,207,0,207,2042.23,11.62,1
1950,DECODE,207,0,207,2043.23,11.49,1
1951,DECODE,207,0,207,2044.23,11.65,1
1952,DECODE,207,0,207,2045.23,11.38,1
1953,DECODE,207,0,207,2046.23,11.54,1
1954,DECODE,207,0,207,2047.23,11.32,1
1955,DECODE,207,0,207,2048.23,11.40,1
1956,DECODE,207,0,207,2049.23,11.38,1
1957,DECODE,207,0,207,2050.23,11.28,1
1958,DECODE,207,0,207,2051.23,11.58,1
1959,DECODE,207,0,207,2052.23,11.37,1
1960,DECODE,207,0,207,2053.23,11.59,1
1961,DECODE,207,0,207,2054.23,11.47,1
1962,DECODE,206,0,206,2055.42,11.44,1
1963,DECODE,206,0,206,2056.42,11.68,1
1964,DECODE,205,0,205,2057.57,11.54,1
1965,DECODE,205,0,205,2058.57,11.66,1
1966,DECODE,205,0,205,2059.57,11.46,1
1967,DECODE,205,0,205,2060.57,11.53,1
1968,DECODE,205,0,205,2061.57,11.33,1
1969,DECODE,205,0,205,2062.57,11.49,1
1970,DECODE,205,0,205,2063.57,11.59,1
1971,DECODE,205,0,205,2064.57,11.46,1
1972,DECODE,205,0,205,2065.57,11.61,1
1973,DECODE,205,0,205,2066.57,11.47,1
1974,DECODE,205,0,205,2067.57,11.43,1
1975,DECODE,205,0,205,2068.57,11.54,1
1976,DECODE,205,0,205,2069.57,11.42,1
1977,DECODE,205,0,205,2070.57,11.61,1
1978,DECODE,205,0,205,2071.57,11.41,1
1979,DECODE,205,0,205,2072.57,11.51,1
1980,DECODE,205,0,205,2073.57,11.61,1
1981,DECODE,204,0,204,2074.74,11.58,1
1982,DECODE,204,0,204,2075.74,11.63,1
1983,DECODE,204,0,204,2076.74,11.56,1
1984,DECODE,204,0,204,2077.74,11.40,1
1985,DECODE,204,0,204,2078.74,11.39,1
1986,DECODE,204,0,204,2079.74,11.39,1
1987,DECODE,204,0,204,2080.74,11.48,1
1988,DECODE,204,0,204,2081.74,11.36,1
1989,DECODE,204,0,204,2082.74,11.56,1
1990,DECODE,204,0,204,2083.74,11.31,1
1991,DECODE,204,0,204,2084.74,11.36,1
1992,DECODE,204,0,204,2085.74,11.44,1
1993,DECODE,204,0,204,2086.74,11.34,1
1994,DECODE,204,0,204,2087.74,11.50,1
1995,DECODE,204,0,204,2088.74,11.37,1
1996,DECODE,204,0,204,2089.74,11.39,1
1997,DECODE,204,0,204,2090.74,11.47,1
1998,DECODE,204,0,204,2091.74,10.70,1
1999,DECODE,204,0,204,2092.74,10.65,1
2000,DECODE,204,0,204,2093.74,10.65,1
2001,DECODE,204,0,204,2094.74,10.69,1
2002,DECODE,204,0,204,2095.74,10.69,1
2003,DECODE,204,0,204,2096.74,10.67,1
2004,DECODE,204,0,204,2097.74,10.71,1
2005,DECODE,204,0,204,2098.74,10.69,1
2006,DECODE,204,0,204,2099.74,10.97,1
2007,DECODE,204,0,204,2100.74,11.36,1
2008,DECODE,204,0,204,2101.74,11.32,1
2009,DECODE,204,0,204,2102.74,11.23,1
2010,DECODE,204,0,204,2103.74,11.26,1
2011,DECODE,204,0,204,2104.74,10.69,1
2012,DECODE,204,0,204,2105.74,10.55,1
2013,DECODE,204,0,204,2106.74,10.63,1
2014,DECODE,204,0,204,2107.74,11.51,1
2015,DECODE,204,0,204,2108.74,12.03,1
2016,DECODE,204,0,204,2109.74,11.99,1
2017,DECODE,204,0,204,2110.74,12.03,1
2018,DECODE,203,0,203,2112.00,12.36,1
2019,DECODE,203,0,203,2113.00,11.94,1
2020,DECODE,203,0,203,2114.00,11.99,1
2021,DECODE,203,0,203,2115.00,12.10,1
2022,DECODE,202,0,202,2116.23,12.67,1
2023,DECODE,202,0,202,2117.23,11.68,1
2024,DECODE,202,0,202,2118.23,12.17,1
2025,DECODE,201,0,201,2119.51,12.19,1
2026,DECODE,201,0,201,2120.51,12.22,1
2027,DECODE,201,0,201,2121.51,13.02,1
2028,DECODE,201,0,201,2122.51,12.23,1
2029,DECODE,201,0,201,2123.51,12.23,1
2030,DECODE,201,0,201,2124.51,12.24,1
2031,DECODE,200,0,200,2125.80,14.88,1
2032,DECODE,200,0,200,2126.80,12.16,1
2033,DECODE,200,0,200,2127.80,11.50,1
2034,DECODE,200,0,200,2128.80,11.37,1
2035,DECODE,200,0,200,2129.80,11.35,1
2036,DECODE,200,0,200,2130.80,11.48,1
2037,DECODE,200,0,200,2131.80,11.26,1
2038,DECODE,200,0,200,2132.80,12.13,1
2039,DECODE,200,0,200,2133.80,12.12,1
2040,DECODE,200,0,200,2134.80,12.07,1
2041,DECODE,199,0,199,2135.99,12.72,1
2042,DECODE,199,0,199,2136.99,12.20,1
2043,DECODE,199,0,199,2137.99,12.20,1
2044,DECODE,199,0,199,2138.99,12.14,1
2045,DECODE,199,0,199,2139.99,13.70,1
2046,DECODE,199,0,199,2140.99,11.74,1
2047,DECODE,199,0,199,2141.99,11.61,1
2048,DECODE,199,0,199,2142.99,11.61,1
2049,DECODE,199,0,199,2143.99,11.60,1
2050,DECODE,198,0,198,2145.29,10.98,1
2051,DECODE,198,0,198,2146.29,10.79,1
2052,DECODE,198,0,198,2147.29,10.78,1
2053,DECODE,198,0,198,2148.29,10.68,1
2054,DECODE,198,0,198,2149.29,10.73,1
2055,DECODE,198,0,198,2150.29,10.86,1
2056,DECODE,198,0,198,2151.29,11.11,1
2057,DECODE,198,0,198,2152.29,10.78,1
2058,DECODE,198,0,198,2153.29,10.82,1
2059,DECODE,198,0,198,2154.29,10.75,1
2060,DECODE,198,0,198,2155.29,10.78,1
2061,DECODE,198,0,198,2156.29,10.85,1
2062,DECODE,198,0,198,2157.29,10.91,1
2063,DECODE,197,0,197,2158.59,10.94,1
2064,DECODE,197,0,197,2159.59,10.80,1
2065,DECODE,197,0,197,2160.59,10.72,1
2066,DECODE,197,0,197,2161.59,10.78,1
2067,DECODE,197,0,197,2162.59,10.90,1
2068,DECODE,197,0,197,2163.59,10.78,1
2069,DECODE,196,0,196,2164.61,10.87,1
2070,DECODE,196,0,196,2165.61,10.84,1
2071,DECODE,196,0,196,2166.61,10.72,1
2072,DECODE,196,0,196,2167.61,10.73,1
2073,DECODE,196,0,196,2168.61,10.80,1
2074,DECODE,195,0,195,2169.53,10.86,1
2075,DECODE,195,0,195,2170.53,10.79,1
2076,DECODE,195,0,195,2171.53,10.79,1
2077,DECODE,195,0,195,2172.53,10.75,1
2078,DECODE,195,0,195,2173.53,10.73,1
2079,DECODE,195,0,195,2174.53,10.74,1
2080,DECODE,195,0,195,2175.53,10.77,1
2081,DECODE,195,0,195,2176.53,11.00,1
2082,DECODE,195,0,195,2177.53,10.82,1
2083,DECODE,195,0,195,2178.53,10.70,1
2084,DECODE,195,0,195,2179.53,10.68,1
2085,DECODE,195,0,195,2180.53,10.81,1
2086,DECODE,195,0,195,2181.53,10.80,1
2087,DECODE,195,0,195,2182.53,10.71,1
2088,DECODE,195,0,195,2183.53,10.79,1
2089,DECODE,194,0,194,2184.74,10.85,1
2090,DECODE,194,0,194,2185.74,10.77,1
2091,DECODE,194,0,194,2186.74,10.76,1
2092,DECODE,194,0,194,2187.74,10.85,1
2093,DECODE,194,0,194,2188.74,10.84,1
2094,DECODE,194,0,194,2189.74,10.77,1
2095,DECODE,194,0,194,2190.74,10.85,1
2096,DECODE,194,0,194,2191.74,10.74,1
2097,DECODE,194,0,194,2192.74,10.53,1
2098,DECODE,194,0,194,2193.74,10.76,1
2099,DECODE,194,0,194,2194.74,10.72,1
2100,DECODE,192,0,192,2196.03,12.32,1
2101,DECODE,192,0,192,2197.03,10.52,1
2102,DECODE,192,0,192,2198.03,10.46,1
2103,DECODE,192,0,192,2199.03,10.58,1
2104,DECODE,192,0,192,2200.03,10.53,1
2105,DECODE,192,0,192,2201.03,10.50,1
2106,DECODE,192,0,192,2202.03,10.67,1
2107,DECODE,192,0,192,2203.03,10.53,1
2108,DECODE,191,0,191,2204.21,10.60,1
2109,DECODE,191,0,191,2205.21,10.55,1
2110,DECODE,191,0,191,2206.21,10.51,1
2111,DECODE,191,0,191,2207.21,10.51,1
2112,DECODE,191,0,191,2208.21,10.51,1
2113,DECODE,191,0,191,2209.21,10.50,1
2114,DECODE,191,0,191,2210.21,10.41,1
2115,DECODE,191,0,191,2211.21,10.53,1
2116,DECODE,190,0,190,2212.49,10.49,1
2117,DECODE,190,0,190,2213.49,10.52,1
2118,DECODE,190,0,190,2214.49,10.63,1
2119,DECODE,190,0,190,2215.49,10.46,1
2120,DECODE,190,0,190,2216.49,10.48,1
2121,DECODE,190,0,190,2217.49,10.49,1
2122,DECODE,189,0,189,2218.67,10.67,1
2123,DECODE,189,0,189,2219.67,10.40,1
2124,DECODE,189,0,189,2220.67,10.47,1
2125,DECODE,189,0,189,2221.67,10.48,1
2126,DECODE,189,0,189,2222.67,11.34,1
2127,DECODE,189,0,189,2223.67,10.44,1
2128,DECODE,189,0,189,2224.67,10.55,1
2129,DECODE,189,0,189,2225.67,10.48,1
2130,DECODE,189,0,189,2226.67,10.51,1
2131,DECODE,189,0,189,2227.67,10.43,1
2132,DECODE,189,0,189,2228.67,10.40,1
2133,DECODE,188,0,188,2229.96,10.52,1
2134,DECODE,188,0,188,2230.96,10.47,1
2135,DECODE,188,0,188,2231.96,10.38,1
2136,DECODE,188,0,188,2232.96,10.44,1
2137,DECODE,188,0,188,2233.96,10.46,1
2138,DECODE,188,0,188,2234.96,10.51,1
2139,DECODE,188,0,188,2235.96,11.18,1
2140,DECODE,188,0,188,2236.96,10.54,1
2141,DECODE,188,0,188,2237.96,10.47,1
2142,DECODE,188,0,188,2238.96,10.48,1
2143,DECODE,188,0,188,2239.96,10.47,1
2144,DECODE,188,0,188,2240.96,10.44,1
2145,DECODE,188,0,188,2241.96,10.46,1
2146,DECODE,188,0,188,2242.96,10.21,1
2147,DECODE,188,0,188,2243.96,10.54,1
2148,DECODE,188,0,188,2244.96,10.48,1
2149,DECODE,188,0,188,2245.96,10.45,1
2150,DECODE,188,0,188,2246.96,10.38,1
2151,DECODE,188,0,188,2247.96,10.45,1
2152,DECODE,188,0,188,2248.96,10.49,1
2153,DECODE,188,0,188,2249.96,10.49,1
2154,DECODE,188,0,188,2250.96,10.49,1
2155,DECODE,188,0,188,2251.96,10.50,1
2156,DECODE,188,0,188,2252.96,10.45,1
2157,DECODE,188,0,188,2253.96,10.34,1
2158,DECODE,188,0,188,2254.96,10.44,1
2159,DECODE,188,0,188,2255.96,10.52,1
2160,DECODE,188,0,188,2256.96,10.44,1
2161,DECODE,188,0,188,2257.96,10.42,1
2162,DECODE,188,0,188,2258.96,10.47,1
2163,DECODE,188,0,188,2259.96,10.51,1
2164,DECODE,188,0,188,2260.96,10.51,1
2165,DECODE,188,0,188,2261.96,10.64,1
2166,DECODE,188,0,188,2262.96,10.51,1
2167,DECODE,188,0,188,2263.96,10.47,1
2168,DECODE,188,0,188,2264.96,10.51,1
2169,DECODE,188,0,188,2265.96,10.46,1
2170,DECODE,188,0,188,2266.96,10.49,1
2171,DECODE,188,0,188,2267.96,10.51,1
2172,DECODE,186,0,186,2268.46,10.71,1
2173,DECODE,186,0,186,2269.46,10.46,1
2174,DECODE,186,0,186,2270.46,10.40,1
2175,DECODE,186,0,186,2271.46,10.37,1
2176,DECODE,186,0,186,2272.46,10.54,1
2177,DECODE,186,0,186,2273.46,10.53,1
2178,DECODE,186,0,186,2274.46,10.46,1
2179,DECODE,186,0,186,2275.46,10.96,1
2180,DECODE,186,0,186,2276.46,10.44,1
2181,DECODE,186,0,186,2277.46,10.42,1
2182,DECODE,185,0,185,2278.68,10.60,1
2183,DECODE,185,0,185,2279.68,10.56,1
2184,DECODE,185,0,185,2280.68,10.41,1
2185,DECODE,185,0,185,2281.68,10.49,1
2186,DECODE,185,0,185,2282.68,10.41,1
2187,DECODE,185,0,185,2283.68,10.46,1
2188,DECODE,185,0,185,2284.68,10.39,1
2189,DECODE,185,0,185,2285.68,10.46,1
2190,DECODE,184,0,184,2286.90,12.14,1
2191,DECODE,184,0,184,2287.90,10.98,1
2192,DECODE,184,0,184,2288.90,10.96,1
2193,DECODE,184,0,184,2289.90,10.98,1
2194,DECODE,183,0,183,2291.09,11.16,1
2195,DECODE,183,0,183,2292.09,12.36,1
2196,DECODE,182,0,182,2293.02,11.36,1
2197,DECODE,182,0,182,2294.02,11.02,1
2198,DECODE,182,0,182,2295.02,10.35,1
2199,DECODE,182,0,182,2296.02,10.38,1
2200,DECODE,182,0,182,2297.02,10.32,1
2201,DECODE,182,0,182,2298.02,10.34,1
2202,DECODE,182,0,182,2299.02,10.50,1
2203,DECODE,181,0,181,2300.30,10.45,1
2204,DECODE,181,0,181,2301.30,10.41,1
2205,DECODE,180,0,180,2302.62,10.64,1
2206,DECODE,176,0,176,2297.77,12.25,1
2207,DECODE,176,0,176,2298.77,10.32,1
2208,DECODE,176,0,176,2299.77,10.30,1
2209,DECODE,176,0,176,2300.77,10.22,1
2210,DECODE,176,0,176,2301.77,10.69,1
2211,DECODE,176,0,176,2302.77,10.29,1
2212,DECODE,176,0,176,2303.77,10.32,1
2213,DECODE,176,0,176,2304.77,10.41,1
2214,DECODE,176,0,176,2305.77,10.23,1
2215,DECODE,176,0,176,2306.77,10.28,1
2216,DECODE,176,0,176,2307.77,10.29,1
2217,DECODE,176,0,176,2308.77,10.32,1
2218,DECODE,176,0,176,2309.77,10.27,1
2219,DECODE,176,0,176,2310.77,10.30,1
2220,DECODE,176,0,176,2311.77,10.27,1
2221,DECODE,176,0,176,2312.77,10.26,1
2222,DECODE,176,0,176,2313.77,10.25,1
2223,DECODE,176,0,176,2314.77,10.28,1
2224,DECODE,176,0,176,2315.77,10.22,1
2225,DECODE,176,0,176,2316.77,10.22,1
2226,DECODE,176,0,176,2317.77,10.21,1
2227,DECODE,176,0,176,2318.77,10.28,1
2228,DECODE,176,0,176,2319.77,10.46,1
2229,DECODE,176,0,176,2320.77,10.31,1
2230,DECODE,176,0,176,2321.77,10.35,1
2231,DECODE,175,0,175,2323.05,10.48,1
2232,DECODE,175,0,175,2324.05,10.43,1
2233,DECODE,175,0,175,2325.05,10.43,1
2234,DECODE,175,0,175,2326.05,10.42,1
2235,DECODE,175,0,175,2327.05,10.42,1
2236,DECODE,175,0,175,2328.05,10.43,1
2237,DECODE,175,0,175,2329.05,10.43,1
2238,DECODE,173,0,173,2330.28,10.62,1
2239,DECODE,173,0,173,2331.28,10.40,1
2240,DECODE,173,0,173,2332.28,10.10,1
2241,DECODE,173,0,173,2333.28,10.25,1
2242,DECODE,173,0,173,2334.28,10.23,1
2243,DECODE,173,0,173,2335.28,10.21,1
2244,DECODE,173,0,173,2336.28,10.13,1
2245,DECODE,173,0,173,2337.28,10.35,1
2246,DECODE,173,0,173,2338.28,10.18,1
2247,DECODE,173,0,173,2339.28,10.20,1
2248,DECODE,173,0,173,2340.28,10.17,1
2249,DECODE,173,0,173,2341.28,10.17,1
2250,DECODE,173,0,173,2342.28,10.15,1
2251,DECODE,173,0,173,2343.28,10.42,1
2252,DECODE,172,0,172,2344.62,10.23,1
2253,DECODE,172,0,172,2345.62,10.12,1
2254,DECODE,172,0,172,2346.62,10.10,1
2255,DECODE,172,0,172,2347.62,10.16,1
2256,DECODE,172,0,172,2348.62,10.07,1
2257,DECODE,171,0,171,2349.80,10.20,1
2258,DECODE,171,0,171,2350.80,10.26,1
2259,DECODE,171,0,171,2351.80,10.12,1
2260,DECODE,170,0,170,2352.83,10.39,1
2261,DECODE,170,0,170,2353.83,10.31,1
2262,DECODE,169,0,169,2354.72,10.65,1
2263,DECODE,169,0,169,2355.72,10.32,1
2264,DECODE,169,0,169,2356.72,10.22,1
2265,DECODE,169,0,169,2357.72,10.30,1
2266,DECODE,169,0,169,2358.72,10.30,1
2267,DECODE,169,0,169,2359.72,10.12,1
2268,DECODE,169,0,169,2360.72,10.13,1
2269,DECODE,169,0,169,2361.72,10.12,1
2270,DECODE,169,0,169,2362.72,10.87,1
2271,DECODE,169,0,169,2363.72,10.26,1
2272,DECODE,169,0,169,2364.72,10.30,1
2273,DECODE,169,0,169,2365.72,10.24,1
2274,DECODE,169,0,169,2366.72,10.15,1
2275,DECODE,168,0,168,2368.07,12.14,1
2276,DECODE,167,0,167,2369.17,10.63,1
2277,DECODE,167,0,167,2370.17,10.31,1
2278,DECODE,167,0,167,2371.17,10.35,1
2279,DECODE,167,0,167,2372.17,10.32,1
2280,DECODE,167,0,167,2373.17,10.29,1
2281,DECODE,167,0,167,2374.17,10.30,1
2282,DECODE,167,0,167,2375.17,10.38,1
2283,DECODE,167,0,167,2376.17,10.28,1
2284,DECODE,167,0,167,2377.17,10.33,1
2285,DECODE,167,0,167,2378.17,10.31,1
2286,DECODE,167,0,167,2379.17,10.35,1
2287,DECODE,167,0,167,2380.17,10.68,1
2288,DECODE,167,0,167,2381.17,10.25,1
2289,DECODE,167,0,167,2382.17,10.18,1
2290,DECODE,167,0,167,2383.17,10.37,1
2291,DECODE,163,0,163,2379.83,10.31,1
2292,DECODE,163,0,163,2380.83,9.87,1
2293,DECODE,163,0,163,2381.83,10.24,1
2294,DECODE,163,0,163,2382.83,10.26,1
2295,DECODE,163,0,163,2383.83,10.18,1
2296,DECODE,163,0,163,2384.83,10.23,1
2297,DECODE,163,0,163,2385.83,10.17,1
2298,DECODE,163,0,163,2386.83,11.17,1
2299,DECODE,163,0,163,2387.83,10.53,1
2300,DECODE,163,0,163,2388.83,10.26,1
2301,DECODE,163,0,163,2389.83,10.32,1
2302,DECODE,163,0,163,2390.83,10.44,1
2303,DECODE,163,0,163,2391.83,10.27,1
2304,DECODE,162,0,162,2393.00,10.55,1
2305,DECODE,161,0,161,2393.98,10.37,1
2306,DECODE,161,0,161,2394.98,10.31,1
2307,DECODE,161,0,161,2395.98,10.21,1
2308,DECODE,161,0,161,2396.98,10.25,1
2309,DECODE,161,0,161,2397.98,10.35,1
2310,DECODE,161,0,161,2398.98,11.24,1
2311,DECODE,161,0,161,2399.98,11.16,1
2312,DECODE,161,0,161,2400.98,10.97,1
2313,DECODE,161,0,161,2401.98,10.66,1
2314,DECODE,160,0,160,2403.28,12.76,1
2315,DECODE,160,0,160,2404.28,10.37,1
2316,DECODE,160,0,160,2405.28,10.17,1
2317,DECODE,160,0,160,2406.28,9.84,1
2318,DECODE,160,0,160,2407.28,10.05,1
2319,DECODE,160,0,160,2408.28,10.08,1
2320,DECODE,160,0,160,2409.28,10.11,1
2321,DECODE,160,0,160,2410.28,10.06,1
2322,DECODE,160,0,160,2411.28,10.08,1
2323,DECODE,160,0,160,2412.28,10.07,1
2324,DECODE,160,0,160,2413.28,10.09,1
2325,DECODE,160,0,160,2414.28,10.13,1
2326,DECODE,160,0,160,2415.28,10.34,1
2327,DECODE,160,0,160,2416.28,10.36,1
2328,DECODE,160,0,160,2417.28,10.43,1
2329,DECODE,160,0,160,2418.28,9.56,1
2330,DECODE,160,0,160,2419.28,9.36,1
2331,DECODE,160,0,160,2420.28,10.01,1
2332,DECODE,160,0,160,2421.28,9.91,1
2333,DECODE,160,0,160,2422.28,9.90,1
2334,DECODE,160,0,160,2423.28,9.92,1
2335,DECODE,160,0,160,2424.28,10.03,1
2336,DECODE,160,0,160,2425.28,10.05,1
2337,DECODE,159,0,159,2426.56,10.35,1
2338,DECODE,158,0,158,2427.35,10.25,1
2339,DECODE,158,0,158,2428.35,10.14,1
2340,DECODE,158,0,158,2429.35,10.43,1
2341,DECODE,158,0,158,2430.35,10.33,1
2342,DECODE,158,0,158,2431.35,10.21,1
2343,DECODE,158,0,158,2432.35,10.84,1
2344,DECODE,158,0,158,2433.35,10.12,1
2345,DECODE,157,0,157,2434.37,10.44,1
2346,DECODE,157,0,157,2435.37,10.27,1
2347,DECODE,157,0,157,2436.37,10.64,1
2348,DECODE,157,0,157,2437.37,10.28,1
2349,DECODE,157,0,157,2438.37,10.32,1
2350,DECODE,157,0,157,2439.37,10.29,1
2351,DECODE,157,0,157,2440.37,10.39,1
2352,DECODE,149,0,149,2434.95,12.41,1
2353,DECODE,149,0,149,2435.95,10.50,1
2354,DECODE,149,0,149,2436.95,10.30,1
2355,DECODE,149,0,149,2437.95,10.20,1
2356,DECODE,149,0,149,2438.95,10.23,1
2357,DECODE,145,0,145,2436.61,10.50,1
2358,DECODE,145,0,145,2437.61,10.22,1
2359,DECODE,145,0,145,2438.61,10.21,1
2360,DECODE,145,0,145,2439.61,10.23,1
2361,DECODE,145,0,145,2440.61,10.16,1
2362,DECODE,145,0,145,2441.61,10.10,1
2363,DECODE,145,0,145,2442.61,10.09,1
2364,DECODE,145,0,145,2443.61,10.06,1
2365,DECODE,145,0,145,2444.61,10.07,1
2366,DECODE,145,0,145,2445.61,10.07,1
2367,DECODE,145,0,145,2446.61,10.07,1
2368,DECODE,145,0,145,2447.61,10.02,1
2369,DECODE,145,0,145,2448.61,10.06,1
2370,DECODE,145,0,145,2449.61,10.29,1
2371,DECODE,145,0,145,2450.61,10.27,1
2372,DECODE,145,0,145,2451.61,10.25,1
2373,DECODE,145,0,145,2452.61,10.22,1
2374,DECODE,145,0,145,2453.61,9.58,1
2375,DECODE,145,0,145,2454.61,9.59,1
2376,DECODE,145,0,145,2455.61,9.59,1
2377,DECODE,145,0,145,2456.61,9.54,1
2378,DECODE,145,0,145,2457.61,9.56,1
2379,DECODE,145,0,145,2458.61,9.59,1
2380,DECODE,142,0,142,2457.46,11.24,1
2381,DECODE,142,0,142,2458.46,10.22,1
2382,DECODE,142,0,142,2459.46,9.84,1
2383,DECODE,142,0,142,2460.46,9.88,1
2384,DECODE,142,0,142,2461.46,9.68,1
2385,DECODE,142,0,142,2462.46,9.57,1
2386,DECODE,142,0,142,2463.46,9.51,1
2387,DECODE,142,0,142,2464.46,9.53,1
2388,DECODE,142,0,142,2465.46,9.50,1
2389,DECODE,142,0,142,2466.46,9.53,1
2390,DECODE,142,0,142,2467.46,9.50,1
2391,DECODE,142,0,142,2468.46,9.57,1
2392,DECODE,142,0,142,2469.46,9.53,1
2393,DECODE,142,0,142,2470.46,9.57,1
2394,DECODE,142,0,142,2471.46,9.56,1
2395,DECODE,141,0,141,2472.15,9.62,1
2396,DECODE,141,0,141,2473.15,9.57,1
2397,DECODE,141,0,141,2474.15,9.59,1
2398,DECODE,141,0,141,2475.15,9.77,1
2399,DECODE,141,0,141,2476.15,9.81,1
2400,DECODE,141,0,141,2477.15,10.02,1
2401,DECODE,141,0,141,2478.15,9.69,1
2402,DECODE,141,0,141,2479.15,9.57,1
2403,DECODE,141,0,141,2480.15,10.02,1
2404,DECODE,141,0,141,2481.15,9.85,1
2405,DECODE,141,0,141,2482.15,9.91,1
2406,DECODE,141,0,141,2483.15,9.99,1
2407,DECODE,141,0,141,2484.15,9.89,1
2408,DECODE,141,0,141,2485.15,9.61,1
2409,DECODE,141,0,141,2486.15,9.78,1
2410,DECODE,141,0,141,2487.15,10.30,1
2411,DECODE,141,0,141,2488.15,9.84,1
2412,DECODE,141,0,141,2489.15,9.82,1
2413,DECODE,141,0,141,2490.15,10.11,1
2414,DECODE,141,0,141,2491.15,10.14,1
2415,DECODE,141,0,141,2492.15,10.20,1
2416,DECODE,141,0,141,2493.15,10.14,1
2417,DECODE,140,0,140,2494.04,10.24,1
2418,DECODE,140,0,140,2495.04,10.21,1
2419,DECODE,140,0,140,2496.04,10.26,1
2420,DECODE,140,0,140,2497.04,10.19,1
2421,DECODE,140,0,140,2498.04,10.12,1
2422,DECODE,140,0,140,2499.04,10.15,1
2423,DECODE,140,0,140,2500.04,10.13,1
2424,DECODE,140,0,140,2501.04,10.20,1
2425,DECODE,140,0,140,2502.04,9.46,1
2426,DECODE,140,0,140,2503.04,9.86,1
2427,DECODE,140,0,140,2504.04,9.68,1
2428,DECODE,140,0,140,2505.04,9.77,1
2429,DECODE,140,0,140,2506.04,9.72,1
2430,DECODE,140,0,140,2507.04,9.85,1
2431,DECODE,140,0,140,2508.04,10.44,1
2432,DECODE,140,0,140,2509.04,9.71,1
2433,DECODE,140,0,140,2510.04,11.01,1
2434,DECODE,140,0,140,2511.04,11.02,1
2435,DECODE,140,0,140,2512.04,10.99,1
2436,DECODE,140,0,140,2513.04,11.04,1
2437,DECODE,136,0,136,2512.65,13.53,1
2438,DECODE,136,0,136,2513.65,11.06,1
2439,DECODE,134,0,134,2513.96,11.43,1
2440,DECODE,134,0,134,2514.96,11.05,1
2441,DECODE,134,0,134,2515.96,11.03,1
2442,DECODE,134,0,134,2516.96,11.00,1
2443,DECODE,134,0,134,2517.96,10.95,1
2444,DECODE,134,0,134,2518.96,9.92,1
2445,DECODE,134,0,134,2519.96,10.25,1
2446,DECODE,134,0,134,2520.96,10.30,1
2447,DECODE,134,0,134,2521.96,10.29,1
2448,DECODE,134,0,134,2522.96,10.30,1
2449,DECODE,130,0,130,2522.82,9.33,1
2450,DECODE,126,0,126,2522.64,10.84,1
2451,DECODE,118,0,118,2521.11,10.49,1
2452,DECODE,118,0,118,2522.11,8.85,1
2453,DECODE,118,0,118,2523.11,8.87,1
2454,DECODE,118,0,118,2524.11,8.84,1
2455,DECODE,111,0,111,2522.85,11.48,1
2456,DECODE,103,0,103,2520.96,10.54,1
2457,DECODE,103,0,103,2521.96,7.28,1
2458,DECODE,99,0,99,2521.42,7.26,1
2459,DECODE,99,0,99,2522.42,7.24,1
2460,DECODE,99,0,99,2523.42,7.30,1
2461,DECODE,95,0,95,2522.88,7.33,1
2462,DECODE,95,0,95,2523.88,7.06,1
2463,DECODE,95,0,95,2524.88,7.03,1
2464,DECODE,95,0,95,2525.88,7.05,1
2465,DECODE,94,0,94,2527.10,7.14,1
2466,DECODE,90,0,90,2526.63,7.05,1
2467,DECODE,90,0,90,2527.63,7.03,1
2468,DECODE,89,0,89,2528.27,8.07,1
2469,DECODE,89,0,89,2529.27,7.93,1
2470,DECODE,86,0,86,2529.20,9.76,1
2471,DECODE,86,0,86,2530.20,7.79,1
2472,DECODE,86,0,86,2531.20,7.85,1
2473,DECODE,85,0,85,2532.00,8.07,1
2474,DECODE,84,0,84,2532.67,8.03,1
2475,DECODE,84,0,84,2533.67,7.55,1
2476,DECODE,84,0,84,2534.67,7.71,1
2477,DECODE,84,0,84,2535.67,7.71,1
2478,DECODE,84,0,84,2536.67,7.73,1
2479,DECODE,84,0,84,2537.67,7.70,1
2480,DECODE,84,0,84,2538.67,7.67,1
2481,DECODE,84,0,84,2539.67,7.66,1
2482,DECODE,84,0,84,2540.67,7.84,1
2483,DECODE,72,0,72,2538.44,9.50,1
2484,DECODE,72,0,72,2539.44,7.72,1
2485,DECODE,71,0,71,2540.15,7.79,1
2486,DECODE,67,0,67,2539.97,8.33,1
2487,DECODE,67,0,67,2540.97,7.57,1
2488,DECODE,63,0,63,2540.76,8.80,1
2489,DECODE,59,0,59,2540.46,6.43,1
2490,DECODE,59,0,59,2541.46,6.15,1
2491,DECODE,55,0,55,2541.11,7.92,1
2492,DECODE,55,0,55,2542.11,6.07,1
2493,DECODE,55,0,55,2543.11,6.18,1
2494,DECODE,55,0,55,2544.11,6.10,1
2495,DECODE,55,0,55,2545.11,6.01,1
2496,DECODE,54,0,54,2546.22,6.19,1
2497,DECODE,54,0,54,2547.22,6.03,1
2498,DECODE,50,0,50,2547.20,6.09,1
2499,DECODE,41,0,41,2545.39,8.03,1
2500,DECODE,37,0,37,2544.81,6.81,1
2501,DECODE,37,0,37,2545.81,5.64,1
2502,DECODE,37,0,37,2546.81,6.29,1
2503,DECODE,37,0,37,2547.81,6.76,1
2504,DECODE,36,0,36,2548.47,5.94,1
2505,DECODE,36,0,36,2549.47,5.78,1
2506,DECODE,35,0,35,2550.17,5.89,1
2507,DECODE,31,0,31,2549.90,7.09,1
2508,DECODE,31,0,31,2550.90,5.08,1
2509,DECODE,31,0,31,2551.90,4.98,1
2510,DECODE,31,0,31,2552.90,5.05,1
2511,DECODE,31,0,31,2553.90,5.05,1
2512,DECODE,27,0,27,2554.00,5.03,1
2513,DECODE,27,0,27,2555.00,5.04,1
2514,DECODE,25,0,25,2555.60,5.33,1
2515,DECODE,25,0,25,2556.60,5.21,1
2516,DECODE,24,0,24,2557.58,6.89,1
2517,DECODE,13,0,13,2556.54,6.32,1
2518,DECODE,13,0,13,2557.54,4.54,1
2519,DECODE,5,0,5,2554.60,5.84,1
2520,DECODE,4,0,4,2554.25,5.24,1
2521,DECODE,4,0,4,2555.25,3.55,1
2522,DECODE,4,0,4,2556.25,3.72,1
2523,DECODE,4,0,4,2557.25,3.76,1
2524,DECODE,4,0,4,2558.25,3.57,1
2525,DECODE,4,0,4,2559.25,4.09,1
2526,DECODE,3,0,3,2560.00,4.03,1
2527,EXTEND,4,201,0,50.25,35.19,1
2528,EXTEND,12,971,0,80.92,37.90,1
2529,DECODE,16,0,16,74.25,3.70,1
2530,DECODE,16,0,16,75.25,3.38,1
2531,DECODE,16,0,16,76.25,3.31,1
2532,DECODE,16,0,16,77.25,3.34,1
2533,DECODE,16,0,16,78.25,3.28,1
2534,DECODE,16,0,16,79.25,3.34,1
2535,DECODE,16,0,16,80.25,3.33,1
2536,DECODE,16,0,16,81.25,3.20,1
2537,DECODE,16,0,16,82.25,3.17,1
2538,DECODE,16,0,16,83.25,3.08,1
2539,DECODE,16,0,16,84.25,3.06,1
2540,DECODE,16,0,16,85.25,3.12,1
2541,DECODE,16,0,16,86.25,3.05,1
2542,DECODE,16,0,16,87.25,3.23,1
2543,DECODE,16,0,16,88.25,3.15,1
2544,DECODE,16,0,16,89.25,3.10,1
2545,DECODE,16,0,16,90.25,3.60,1
2546,DECODE,16,0,16,91.25,3.12,1
2547,DECODE,16,0,16,92.25,3.30,1
2548,DECODE,16,0,16,93.25,3.32,1
2549,DECODE,16,0,16,94.25,3.66,1
2550,DECODE,16,0,16,95.25,3.16,1
2551,DECODE,16,0,16,96.25,3.09,1
2552,DECODE,16,0,16,97.25,3.06,1
2553,DECODE,16,0,16,98.25,3.18,1
2554,DECODE,16,0,16,99.25,3.07,1
2555,DECODE,16,0,16,100.25,3.08,1
2556,DECODE,16,0,16,101.25,3.07,1
2557,DECODE,16,0,16,102.25,3.17,1
2558,DECODE,16,0,16,103.25,3.07,1
2559,DECODE,16,0,16,104.25,3.07,1
2560,DECODE,16,0,16,105.25,3.11,1
2561,DECODE,16,0,16,106.25,3.07,1
2562,DECODE,16,0,16,107.25,3.02,1
2563,DECODE,16,0,16,108.25,3.05,1
2564,DECODE,16,0,16,109.25,3.04,1
2565,DECODE,16,0,16,110.25,3.08,1
2566,DECODE,16,0,16,111.25,3.18,1
2567,DECODE,16,0,16,112.25,3.19,1
2568,DECODE,16,0,16,113.25,3.11,1
2569,DECODE,16,0,16,114.25,3.10,1
2570,DECODE,16,0,16,115.25,3.08,1
2571,DECODE,16,0,16,116.25,3.39,1
2572,DECODE,16,0,16,117.25,3.29,1
2573,DECODE,16,0,16,118.25,3.85,1
2574,DECODE,16,0,16,119.25,3.73,1
2575,DECODE,16,0,16,120.25,3.78,1
2576,DECODE,16,0,16,121.25,3.75,1
2577,DECODE,16,0,16,122.25,3.78,1
2578,DECODE,16,0,16,123.25,3.79,1
2579,DECODE,16,0,16,124.25,3.80,1
2580,DECODE,16,0,16,125.25,4.18,1
2581,DECODE,16,0,16,126.25,3.84,1
2582,DECODE,16,0,16,127.25,3.87,1
2583,DECODE,16,0,16,128.25,3.82,1
2584,DECODE,16,0,16,129.25,3.85,1
2585,DECODE,16,0,16,130.25,3.81,1
2586,DECODE,16,0,16,131.25,3.82,1
2587,DECODE,16,0,16,132.25,3.79,1
2588,DECODE,16,0,16,133.25,3.61,1
2589,DECODE,16,0,16,134.25,3.09,1
2590,DECODE,16,0,16,135.25,3.09,1
2591,DECODE,16,0,16,136.25,3.06,1
2592,DECODE,16,0,16,137.25,3.07,1
2593,DECODE,16,0,16,138.25,3.07,1
2594,DECODE,16,0,16,139.25,3.14,1
2595,DECODE,16,0,16,140.25,3.14,1
2596,DECODE,16,0,16,141.25,3.09,1
2597,DECODE,16,0,16,142.25,3.07,1
2598,DECODE,16,0,16,143.25,3.15,1
2599,DECODE,16,0,16,144.25,3.09,1
2600,DECODE,16,0,16,145.25,3.07,1
2601,DECODE,16,0,16,146.25,3.12,1
2602,DECODE,16,0,16,147.25,3.17,1
2603,DECODE,16,0,16,148.25,3.08,1
2604,DECODE,16,0,16,149.25,3.10,1
2605,DECODE,16,0,16,150.25,3.11,1
2606,DECODE,16,0,16,151.25,3.59,1
2607,DECODE,16,0,16,152.25,3.08,1
2608,DECODE,16,0,16,153.25,3.07,1
2609,DECODE,16,0,16,154.25,3.09,1
2610,DECODE,16,0,16,155.25,3.11,1
2611,DECODE,16,0,16,156.25,3.13,1
2612,DECODE,16,0,16,157.25,3.13,1
2613,DECODE,16,0,16,158.25,3.07,1
2614,DECODE,16,0,16,159.25,3.07,1
2615,DECODE,16,0,16,160.25,3.07,1
2616,DECODE,16,0,16,161.25,3.06,1
2617,DECODE,16,0,16,162.25,3.01,1
2618,DECODE,16,0,16,163.25,3.11,1
2619,DECODE,16,0,16,164.25,3.06,1
2620,DECODE,16,0,16,165.25,3.05,1
2621,DECODE,16,0,16,166.25,3.07,1
2622,DECODE,16,0,16,167.25,3.09,1
2623,DECODE,16,0,16,168.25,3.05,1
2624,DECODE,16,0,16,169.25,3.05,1
2625,DECODE,16,0,16,170.25,3.08,1
2626,DECODE,16,0,16,171.25,3.12,1
2627,DECODE,16,0,16,172.25,3.03,1
2628,DECODE,16,0,16,173.25,3.06,1
2629,DECODE,16,0,16,174.25,3.04,1
2630,DECODE,16,0,16,175.25,3.04,1
2631,DECODE,16,0,16,176.25,3.04,1
2632,DECODE,16,0,16,177.25,3.04,1
2633,DECODE,16,0,16,178.25,3.07,1
2634,DECODE,16,0,16,179.25,3.08,1
2635,DECODE,16,0,16,180.25,3.10,1
2636,DECODE,16,0,16,181.25,3.13,1
2637,DECODE,16,0,16,182.25,3.11,1
2638,DECODE,16,0,16,183.25,3.10,1
2639,DECODE,16,0,16,184.25,3.06,1
2640,DECODE,16,0,16,185.25,3.05,1
2641,DECODE,16,0,16,186.25,3.06,1
2642,DECODE,16,0,16,187.25,3.04,1
2643,DECODE,16,0,16,188.25,3.12,1
2644,DECODE,16,0,16,189.25,3.05,1
2645,DECODE,16,0,16,190.25,3.05,1
2646,DECODE,16,0,16,191.25,3.07,1
2647,DECODE,16,0,16,192.25,3.05,1
2648,DECODE,16,0,16,193.25,3.06,1
2649,DECODE,16,0,16,194.25,3.08,1
2650,DECODE,16,0,16,195.25,3.14,1
2651,DECODE,16,0,16,196.25,3.13,1
2652,DECODE,16,0,16,197.25,3.13,1
2653,DECODE,16,0,16,198.25,3.10,1
2654,DECODE,16,0,16,199.25,3.10,1
2655,EXTEND,9,623,0,73.00,26.62,1
2656,EXTEND,96,6869,0,75.51,73.57,1
2657,EXTEND,105,8192,0,82.13,65.59,1
2658,EXTEND,118,8192,0,75.08,57.48,1
2659,EXTEND,121,8192,0,73.24,48.30,1
2660,EXTEND,125,8192,0,71.46,46.53,1
2661,EXTEND,98,8192,0,89.30,46.54,1
2662,EXTEND,92,7828,0,91.17,47.68,1
2663,DECODE,776,0,776,82.54,38.99,1
2664,DECODE,776,0,776,83.54,19.32,1
2665,DECODE,776,0,776,84.54,17.97,1
2666,DECODE,776,0,776,85.54,17.09,1
2667,DECODE,776,0,776,86.54,17.01,1
2668,DECODE,776,0,776,87.54,17.02,1
2669,DECODE,776,0,776,88.54,17.19,1
2670,DECODE,776,0,776,89.54,16.81,1
2671,DECODE,776,0,776,90.54,16.75,1
2672,DECODE,776,0,776,91.54,16.60,1
2673,DECODE,776,0,776,92.54,16.69,1
2674,DECODE,776,0,776,93.54,16.72,1
2675,DECODE,776,0,776,94.54,16.79,1
2676,DECODE,776,0,776,95.54,16.57,1
2677,DECODE,776,0,776,96.54,16.59,1
2678,DECODE,776,0,776,97.54,16.53,1
2679,DECODE,776,0,776,98.54,16.63,1
2680,DECODE,776,0,776,99.54,16.45,1
2681,DECODE,776,0,776,100.54,16.67,1
2682,DECODE,776,0,776,101.54,16.54,1
2683,DECODE,776,0,776,102.54,16.66,1
2684,DECODE,776,0,776,103.54,16.61,1
2685,DECODE,776,0,776,104.54,16.64,1
2686,DECODE,776,0,776,105.54,17.19,1
2687,DECODE,776,0,776,106.54,16.53,1
2688,DECODE,776,0,776,107.54,17.86,1
2689,DECODE,776,0,776,108.54,16.65,1
2690,DECODE,776,0,776,109.54,16.61,1
2691,DECODE,776,0,776,110.54,16.50,1
2692,DECODE,776,0,776,111.54,16.62,1
2693,DECODE,776,0,776,112.54,17.03,1
2694,DECODE,776,0,776,113.54,16.90,1
2695,DECODE,776,0,776,114.54,16.84,1
2696,DECODE,776,0,776,115.54,17.15,1
2697,DECODE,776,0,776,116.54,16.97,1
2698,DECODE,776,0,776,117.54,16.94,1
2699,DECODE,776,0,776,118.54,16.90,1
2700,DECODE,776,0,776,119.54,16.80,1
2701,DECODE,776,0,776,120.54,16.65,1
2702,DECODE,776,0,776,121.54,16.82,1
2703,DECODE,776,0,776,122.54,16.90,1
2704,DECODE,776,0,776,123.54,16.91,1
2705,DECODE,776,0,776,124.54,27.73,1
2706,DECODE,776,0,776,125.54,24.84,1
2707,DECODE,776,0,776,126.54,16.91,1
2708,DECODE,776,0,776,127.54,17.41,1
2709,DECODE,776,0,776,128.54,16.85,1
2710,DECODE,776,0,776,129.54,16.99,1
2711,DECODE,776,0,776,130.54,17.04,1
2712,DECODE,776,0,776,131.54,17.42,1
2713,DECODE,776,0,776,132.54,17.33,1
2714,DECODE,776,0,776,133.54,16.91,1
2715,DECODE,776,0,776,134.54,16.72,1
2716,DECODE,776,0,776,135.54,17.08,1
2717,DECODE,776,0,776,136.54,18.68,1
2718,DECODE,776,0,776,137.54,16.84,1
2719,DECODE,776,0,776,138.54,16.70,1
2720,DECODE,776,0,776,139.54,16.69,1
2721,DECODE,776,0,776,140.54,17.57,1
2722,DECODE,776,0,776,141.54,16.81,1
2723,DECODE,776,0,776,142.54,16.62,1
2724,DECODE,776,0,776,143.54,16.80,1
2725,DECODE,776,0,776,144.54,16.65,1
2726,DECODE,776,0,776,145.54,16.94,1
2727,DECODE,776,0,776,146.54,16.76,1
2728,DECODE,776,0,776,147.54,17.55,1
2729,DECODE,776,0,776,148.54,17.28,1
2730,DECODE,776,0,776,149.54,16.84,1
2731,DECODE,776,0,776,150.54,16.60,1
2732,DECODE,776,0,776,151.54,16.94,1
2733,DECODE,776,0,776,152.54,17.30,1
2734,DECODE,776,0,776,153.54,16.79,1
2735,DECODE,776,0,776,154.54,16.81,1
2736,DECODE,776,0,776,155.54,16.82,1
2737,DECODE,776,0,776,156.54,16.75,1
2738,DECODE,776,0,776,157.54,17.16,1
2739,DECODE,776,0,776,158.54,16.74,1
2740,DECODE,776,0,776,159.54,16.93,1
2741,DECODE,776,0,776,160.54,16.69,1
2742,DECODE,776,0,776,161.54,16.66,1
2743,DECODE,776,0,776,162.54,16.91,1
2744,DECODE,776,0,776,163.54,17.50,1
2745,DECODE,776,0,776,164.54,16.80,1
2746,DECODE,776,0,776,165.54,16.81,1
2747,DECODE,776,0,776,166.54,16.85,1
2748,DECODE,776,0,776,167.54,16.97,1
2749,DECODE,776,0,776,168.54,17.30,1
2750,DECODE,776,0,776,169.54,16.92,1
2751,DECODE,776,0,776,170.54,16.98,1
2752,DECODE,776,0,776,171.54,17.01,1
2753,DECODE,776,0,776,172.54,16.85,1
2754,DECODE,776,0,776,173.54,16.88,1
2755,DECODE,776,0,776,174.54,16.82,1
2756,DECODE,776,0,776,175.54,17.21,1
2757,DECODE,776,0,776,176.54,16.85,1
2758,DECODE,776,0,776,177.54,16.88,1
2759,DECODE,776,0,776,178.54,16.90,1
2760,DECODE,776,0,776,179.54,17.01,1
2761,DECODE,776,0,776,180.54,16.90,1
2762,DECODE,776,0,776,181.54,17.03,1
2763,DECODE,776,0,776,182.54,17.11,1
2764,DECODE,776,0,776,183.54,17.00,1
2765,DECODE,776,0,776,184.54,16.78,1
2766,DECODE,776,0,776,185.54,16.89,1
2767,DECODE,776,0,776,186.54,16.75,1
2768,DECODE,776,0,776,187.54,16.83,1
2769,DECODE,776,0,776,188.54,16.86,1
2770,DECODE,776,0,776,189.54,16.90,1
2771,DECODE,776,0,776,190.54,16.89,1
2772,DECODE,776,0,776,191.54,17.12,1
2773,DECODE,776,0,776,192.54,19.06,1
2774,DECODE,776,0,776,193.54,19.34,1
2775,DECODE,776,0,776,194.54,20.82,1
2776,DECODE,776,0,776,195.54,18.08,1
2777,DECODE,776,0,776,196.54,19.20,1
2778,DECODE,776,0,776,197.54,21.02,1
2779,DECODE,776,0,776,198.54,16.93,1
2780,DECODE,776,0,776,199.54,16.66,1
2781,DECODE,776,0,776,200.54,16.70,1
2782,DECODE,776,0,776,201.54,16.92,1
2783,DECODE,776,0,776,202.54,16.81,1
2784,DECODE,776,0,776,203.54,16.91,1
2785,DECODE,776,0,776,204.54,16.79,1
2786,DECODE,776,0,776,205.54,16.76,1
2787,DECODE,776,0,776,206.54,16.79,1
2788,DECODE,776,0,776,207.54,16.89,1
2789,DECODE,776,0,776,208.54,16.90,1
2790,DECODE,776,0,776,209.54,16.75,1
2791,DECODE,776,0,776,210.54,16.78,1
2792,DECODE,776,0,776,211.54,17.16,1
2793,DECODE,776,0,776,212.54,17.09,1
2794,DECODE,776,0,776,213.54,16.87,1
2795,DECODE,776,0,776,214.54,17.22,1
2796,DECODE,776,0,776,215.54,16.91,1
2797,DECODE,776,0,776,216.54,17.15,1
2798,DECODE,776,0,776,217.54,16.79,1
2799,DECODE,776,0,776,218.54,17.54,1
2800,DECODE,776,0,776,219.54,21.15,1
2801,DECODE,776,0,776,220.54,17.97,1
2802,DECODE,776,0,776,221.54,17.07,1
2803,DECODE,776,0,776,222.54,17.33,1
2804,DECODE,776,0,776,223.54,17.24,1
2805,DECODE,776,0,776,224.54,17.00,1
2806,DECODE,776,0,776,225.54,17.55,1
2807,DECODE,776,0,776,226.54,17.26,1
2808,DECODE,776,0,776,227.54,19.30,1
2809,DECODE,776,0,776,228.54,17.49,1
2810,DECODE,776,0,776,229.54,16.61,1
2811,DECODE,776,0,776,230.54,17.65,1
2812,DECODE,776,0,776,231.54,17.47,1
2813,DECODE,776,0,776,232.54,18.40,1
2814,DECODE,776,0,776,233.54,17.88,1
2815,DECODE,776,0,776,234.54,17.82,1
2816,DECODE,776,0,776,235.54,17.15,1
2817,DECODE,776,0,776,236.54,17.44,1
2818,DECODE,776,0,776,237.54,16.90,1
2819,DECODE,776,0,776,238.54,16.72,1
2820,DECODE,776,0,776,239.54,16.75,1
2821,DECODE,776,0,776,240.54,16.67,1
2822,DECODE,776,0,776,241.54,17.04,1
2823,DECODE,776,0,776,242.54,17.54,1
2824,DECODE,776,0,776,243.54,17.05,1
2825,DECODE,776,0,776,244.54,16.90,1
2826,DECODE,776,0,776,245.54,16.90,1
2827,DECODE,776,0,776,246.54,17.15,1
2828,DECODE,776,0,776,247.54,17.23,1
2829,DECODE,776,0,776,248.54,17.72,1
2830,DECODE,776,0,776,249.54,17.04,1
2831,DECODE,776,0,776,250.54,17.66,1
2832,DECODE,776,0,776,251.54,17.64,1
2833,DECODE,776,0,776,252.54,17.10,1
2834,DECODE,776,0,776,253.54,17.02,1
2835,DECODE,776,0,776,254.54,17.14,1
2836,DECODE,776,0,776,255.54,17.25,1
2837,DECODE,776,0,776,256.54,16.89,1
2838,DECODE,776,0,776,257.54,17.11,1
2839,DECODE,776,0,776,258.54,18.30,1
2840,DECODE,776,0,776,259.54,17.26,1
2841,DECODE,776,0,776,260.54,17.27,1
2842,DECODE,776,0,776,261.54,17.49,1
2843,DECODE,776,0,776,262.54,17.48,1
2844,DECODE,776,0,776,263.54,17.10,1
2845,DECODE,776,0,776,264.54,17.01,1
2846,DECODE,776,0,776,265.54,16.85,1
2847,DECODE,776,0,776,266.54,16.88,1
2848,DECODE,776,0,776,267.54,17.82,1
2849,DECODE,776,0,776,268.54,18.29,1
2850,DECODE,776,0,776,269.54,17.52,1
2851,DECODE,776,0,776,270.54,17.67,1
2852,DECODE,776,0,776,271.54,17.14,1
2853,DECODE,776,0,776,272.54,16.81,1
2854,DECODE,776,0,776,273.54,16.78,1
2855,DECODE,776,0,776,274.54,17.28,1
2856,DECODE,776,0,776,275.54,16.78,1
2857,DECODE,776,0,776,276.54,16.70,1
2858,DECODE,776,0,776,277.54,16.69,1
2859,DECODE,776,0,776,278.54,16.96,1
2860,DECODE,776,0,776,279.54,16.87,1
2861,DECODE,776,0,776,280.54,16.76,1
2862,DECODE,776,0,776,281.54,16.75,1
2863,DECODE,776,0,776,282.54,23.13,1
2864,DECODE,776,0,776,283.54,17.27,1
2865,DECODE,776,0,776,284.54,17.13,1
2866,DECODE,776,0,776,285.54,16.95,1
2867,DECODE,776,0,776,286.54,17.42,1
2868,DECODE,776,0,776,287.54,16.93,1
2869,DECODE,776,0,776,288.54,16.74,1
2870,DECODE,776,0,776,289.54,16.78,1
2871,DECODE,776,0,776,290.54,16.89,1
2872,DECODE,776,0,776,291.54,16.88,1
2873,DECODE,776,0,776,292.54,16.89,1
2874,DECODE,776,0,776,293.54,17.77,1
2875,DECODE,776,0,776,294.54,16.96,1
2876,DECODE,776,0,776,295.54,16.82,1
2877,DECODE,776,0,776,296.54,16.77,1
2878,DECODE,776,0,776,297.54,16.88,1
2879,DECODE,776,0,776,298.54,16.84,1
2880,DECODE,776,0,776,299.54,16.92,1
2881,DECODE,776,0,776,300.54,16.77,1
2882,DECODE,776,0,776,301.54,17.29,1
2883,DECODE,776,0,776,302.54,16.95,1
2884,DECODE,776,0,776,303.54,17.04,1
2885,DECODE,776,0,776,304.54,17.00,1
2886,DECODE,776,0,776,305.54,16.58,1
2887,DECODE,776,0,776,306.54,17.35,1
2888,DECODE,776,0,776,307.54,16.89,1
2889,DECODE,776,0,776,308.54,16.90,1
2890,DECODE,776,0,776,309.54,16.84,1
2891,DECODE,776,0,776,310.54,16.85,1
2892,DECODE,776,0,776,311.54,16.90,1
2893,DECODE,776,0,776,312.54,17.31,1
2894,DECODE,776,0,776,313.54,17.33,1
2895,DECODE,776,0,776,314.54,16.90,1
2896,DECODE,776,0,776,315.54,16.82,1
2897,DECODE,776,0,776,316.54,16.72,1
2898,DECODE,776,0,776,317.54,16.77,1
2899,DECODE,776,0,776,318.54,18.31,1
2900,DECODE,776,0,776,319.54,17.83,1
2901,DECODE,776,0,776,320.54,17.61,1
2902,DECODE,776,0,776,321.54,17.63,1
2903,DECODE,776,0,776,322.54,16.78,1
2904,DECODE,776,0,776,323.54,16.58,1
2905,DECODE,776,0,776,324.54,17.28,1
2906,DECODE,776,0,776,325.54,16.91,1
2907,DECODE,776,0,776,326.54,16.63,1
2908,DECODE,776,0,776,327.54,16.94,1
2909,DECODE,776,0,776,328.54,16.92,1
2910,DECODE,776,0,776,329.54,16.60,1
2911,DECODE,776,0,776,330.54,16.80,1
2912,DECODE,776,0,776,331.54,17.08,1
2913,DECODE,776,0,776,332.54,17.07,1
2914,DECODE,776,0,776,333.54,17.34,1
2915,DECODE,776,0,776,334.54,17.05,1
2916,DECODE,776,0,776,335.54,16.73,1
2917,DECODE,776,0,776,336.54,16.91,1
2918,DECODE,776,0,776,337.54,16.91,1
2919,DECODE,776,0,776,338.54,17.01,1
2920,DECODE,776,0,776,339.54,17.02,1
2921,DECODE,776,0,776,340.54,16.99,1
2922,DECODE,776,0,776,341.54,17.06,1
2923,DECODE,776,0,776,342.54,16.79,1
2924,DECODE,776,0,776,343.54,16.80,1
2925,DECODE,776,0,776,344.54,16.91,1
2926,DECODE,776,0,776,345.54,16.94,1
2927,DECODE,776,0,776,346.54,16.94,1
2928,DECODE,776,0,776,347.54,17.05,1
2929,DECODE,776,0,776,348.54,17.08,1
2930,DECODE,776,0,776,349.54,17.04,1
2931,DECODE,776,0,776,350.54,17.02,1
2932,DECODE,776,0,776,351.54,17.25,1
2933,DECODE,776,0,776,352.54,17.14,1
2934,DECODE,776,0,776,353.54,16.32,1
2935,DECODE,776,0,776,354.54,16.91,1
2936,DECODE,776,0,776,355.54,16.79,1
2937,DECODE,776,0,776,356.54,17.97,1
2938,DECODE,776,0,776,357.54,18.25,1
2939,DECODE,776,0,776,358.54,18.29,1
2940,DECODE,776,0,776,359.54,17.00,1
2941,DECODE,776,0,776,360.54,16.98,1
2942,DECODE,776,0,776,361.54,16.87,1
2943,DECODE,776,0,776,362.54,17.31,1
2944,DECODE,776,0,776,363.54,16.92,1
2945,DECODE,776,0,776,364.54,17.34,1
2946,DECODE,776,0,776,365.54,17.19,1
2947,DECODE,776,0,776,366.54,17.15,1
2948,DECODE,776,0,776,367.54,17.06,1
2949,DECODE,776,0,776,368.54,17.07,1
2950,DECODE,776,0,776,369.54,16.96,1
2951,DECODE,776,0,776,370.54,17.14,1
2952,DECODE,776,0,776,371.54,16.97,1
2953,DECODE,776,0,776,372.54,17.15,1
2954,DECODE,776,0,776,373.54,16.97,1
2955,DECODE,776,0,776,374.54,17.07,1
2956,DECODE,776,0,776,375.54,17.01,1
2957,DECODE,776,0,776,376.54,17.05,1
2958,DECODE,776,0,776,377.54,17.07,1
2959,DECODE,776,0,776,378.54,16.86,1
2960,DECODE,776,0,776,379.54,19.84,1
2961,DECODE,776,0,776,380.54,16.85,1
2962,DECODE,776,0,776,381.54,16.99,1
2963,DECODE,776,0,776,382.54,18.02,1
2964,DECODE,776,0,776,383.54,17.51,1
2965,DECODE,776,0,776,384.54,17.35,1
2966,DECODE,776,0,776,385.54,17.26,1
2967,DECODE,776,0,776,386.54,17.29,1
2968,DECODE,776,0,776,387.54,18.22,1
2969,DECODE,776,0,776,388.54,22.06,1
2970,DECODE,776,0,776,389.54,17.82,1
2971,DECODE,776,0,776,390.54,16.91,1
2972,DECODE,776,0,776,391.54,16.79,1
2973,DECODE,776,0,776,392.54,16.83,1
2974,DECODE,776,0,776,393.54,16.89,1
2975,DECODE,776,0,776,394.54,16.95,1
2976,DECODE,776,0,776,395.54,16.86,1
2977,DECODE,776,0,776,396.54,17.00,1
2978,DECODE,776,0,776,397.54,17.11,1
2979,DECODE,776,0,776,398.54,16.96,1
2980,DECODE,776,0,776,399.54,17.06,1
2981,DECODE,776,0,776,400.54,17.13,1
2982,DECODE,776,0,776,401.54,16.99,1
2983,DECODE,776,0,776,402.54,17.39,1
2984,DECODE,776,0,776,403.54,16.92,1
2985,DECODE,776,0,776,404.54,16.89,1
2986,DECODE,776,0,776,405.54,16.99,1
2987,DECODE,776,0,776,406.54,17.11,1
2988,DECODE,776,0,776,407.54,16.93,1
2989,DECODE,776,0,776,408.54,17.23,1
2990,DECODE,776,0,776,409.54,17.06,1
2991,DECODE,776,0,776,410.54,17.33,1
2992,DECODE,776,0,776,411.54,17.15,1
2993,DECODE,776,0,776,412.54,17.70,1
2994,DECODE,776,0,776,413.54,17.49,1
2995,DECODE,776,0,776,414.54,17.17,1
2996,DECODE,776,0,776,415.54,17.07,1
2997,DECODE,776,0,776,416.54,17.00,1
2998,DECODE,776,0,776,417.54,17.48,1
2999,DECODE,776,0,776,418.54,17.11,1
3000,DECODE,776,0,776,419.54,18.12,1
3001,DECODE,776,0,776,420.54,17.28,1
3002,DECODE,776,0,776,421.54,17.05,1
3003,DECODE,776,0,776,422.54,17.00,1
3004,DECODE,776,0,776,423.54,17.35,1
3005,DECODE,776,0,776,424.54,16.99,1
3006,DECODE,776,0,776,425.54,16.82,1
3007,DECODE,776,0,776,426.54,17.15,1
3008,DECODE,776,0,776,427.54,17.11,1
3009,DECODE,776,0,776,428.54,16.84,1
3010,DECODE,776,0,776,429.54,17.20,1
3011,DECODE,776,0,776,430.54,16.99,1
3012,DECODE,776,0,776,431.54,17.01,1
3013,DECODE,776,0,776,432.54,17.12,1
3014,DECODE,776,0,776,433.54,17.39,1
3015,DECODE,776,0,776,434.54,16.95,1
3016,DECODE,776,0,776,435.54,17.12,1
3017,DECODE,776,0,776,436.54,17.28,1
3018,DECODE,776,0,776,437.54,16.90,1
3019,DECODE,776,0,776,438.54,17.09,1
3020,DECODE,776,0,776,439.54,16.99,1
3021,DECODE,776,0,776,440.54,16.97,1
3022,DECODE,776,0,776,441.54,17.16,1
3023,DECODE,776,0,776,442.54,16.94,1
3024,DECODE,776,0,776,443.54,17.09,1
3025,DECODE,776,0,776,444.54,17.08,1
3026,DECODE,776,0,776,445.54,17.13,1
3027,DECODE,776,0,776,446.54,17.02,1
3028,DECODE,776,0,776,447.54,20.32,1
3029,DECODE,776,0,776,448.54,28.14,1
3030,DECODE,776,0,776,449.54,19.99,1
3031,DECODE,776,0,776,450.54,16.98,1
3032,DECODE,776,0,776,451.54,16.98,1
3033,DECODE,776,0,776,452.54,21.40,1
3034,DECODE,776,0,776,453.54,17.51,1
3035,DECODE,776,0,776,454.54,16.91,1
3036,DECODE,776,0,776,455.54,17.11,1
3037,DECODE,776,0,776,456.54,17.09,1
3038,DECODE,776,0,776,457.54,17.08,1
3039,DECODE,776,0,776,458.54,17.01,1
3040,DECODE,776,0,776,459.54,17.21,1
3041,DECODE,776,0,776,460.54,17.76,1
3042,DECODE,776,0,776,461.54,17.07,1
3043,DECODE,776,0,776,462.54,16.76,1
3044,DECODE,776,0,776,463.54,16.91,1
3045,DECODE,776,0,776,464.54,17.17,1
3046,DECODE,776,0,776,465.54,17.36,1
3047,DECODE,776,0,776,466.54,17.40,1
3048,DECODE,776,0,776,467.54,16.85,1
3049,DECODE,776,0,776,468.54,16.87,1
3050,DECODE,776,0,776,469.54,16.86,1
3051,DECODE,776,0,776,470.54,16.93,1
3052,DECODE,776,0,776,471.54,16.90,1
3053,DECODE,776,0,776,472.54,17.06,1
3054,DECODE,776,0,776,473.54,16.96,1
3055,DECODE,776,0,776,474.54,17.63,1
3056,DECODE,776,0,776,475.54,16.95,1
3057,DECODE,776,0,776,476.54,16.96,1
3058,DECODE,776,0,776,477.54,16.99,1
3059,DECODE,776,0,776,478.54,17.23,1
3060,DECODE,776,0,776,479.54,16.85,1
3061,DECODE,776,0,776,480.54,17.21,1
3062,DECODE,776,0,776,481.54,16.95,1
3063,DECODE,776,0,776,482.54,17.58,1
3064,DECODE,776,0,776,483.54,18.28,1
3065,DECODE,776,0,776,484.54,17.82,1
3066,DECODE,776,0,776,485.54,17.33,1
3067,DECODE,776,0,776,486.54,16.98,1
3068,DECODE,776,0,776,487.54,17.02,1
3069,DECODE,776,0,776,488.54,17.46,1
3070,DECODE,776,0,776,489.54,17.03,1
3071,DECODE,776,0,776,490.54,16.93,1
3072,DECODE,776,0,776,491.54,17.04,1
3073,DECODE,776,0,776,492.54,17.05,1
3074,DECODE,776,0,776,493.54,16.84,1
3075,DECODE,776,0,776,494.54,16.90,1
3076,DECODE,776,0,776,495.54,17.00,1
3077,DECODE,776,0,776,496.54,16.93,1
3078,DECODE,776,0,776,497.54,16.99,1
3079,DECODE,776,0,776,498.54,16.90,1
3080,DECODE,776,0,776,499.54,17.10,1
3081,DECODE,776,0,776,500.54,17.08,1
3082,DECODE,776,0,776,501.54,17.00,1
3083,DECODE,776,0,776,502.54,16.90,1
3084,DECODE,776,0,776,503.54,17.89,1
3085,DECODE,776,0,776,504.54,17.48,1
3086,DECODE,776,0,776,505.54,17.10,1
3087,DECODE,776,0,776,506.54,16.94,1
3088,DECODE,776,0,776,507.54,17.00,1
3089,DECODE,776,0,776,508.54,16.98,1
3090,DECODE,776,0,776,509.54,16.83,1
3091,DECODE,776,0,776,510.54,17.00,1
3092,DECODE,776,0,776,511.54,17.05,1
3093,DECODE,776,0,776,512.54,16.90,1
3094,DECODE,776,0,776,513.54,17.22,1
3095,DECODE,776,0,776,514.54,17.01,1
3096,DECODE,776,0,776,515.54,16.95,1
3097,DECODE,776,0,776,516.54,17.16,1
3098,DECODE,776,0,776,517.54,18.53,1
3099,DECODE,776,0,776,518.54,17.52,1
3100,DECODE,776,0,776,519.54,17.26,1
3101,DECODE,776,0,776,520.54,17.12,1
3102,DECODE,776,0,776,521.54,17.28,1
3103,DECODE,776,0,776,522.54,18.02,1
3104,DECODE,776,0,776,523.54,18.48,1
3105,DECODE,776,0,776,524.54,19.40,1
3106,DECODE,776,0,776,525.54,19.15,1
3107,DECODE,776,0,776,526.54,19.18,1
3108,DECODE,776,0,776,527.54,19.03,1
3109,DECODE,776,0,776,528.54,18.55,1
3110,DECODE,776,0,776,529.54,18.13,1
3111,DECODE,776,0,776,530.54,18.55,1
3112,DECODE,776,0,776,531.54,19.03,1
3113,DECODE,776,0,776,532.54,19.44,1
3114,DECODE,776,0,776,533.54,19.00,1
3115,DECODE,776,0,776,534.54,18.30,1
3116,DECODE,776,0,776,535.54,16.74,1
3117,DECODE,776,0,776,536.54,16.70,1
3118,DECODE,776,0,776,537.54,17.44,1
3119,DECODE,776,0,776,538.54,16.76,1
3120,DECODE,776,0,776,539.54,16.99,1
3121,DECODE,776,0,776,540.54,16.65,1
3122,DECODE,776,0,776,541.54,16.92,1
3123,DECODE,776,0,776,542.54,16.98,1
3124,DECODE,776,0,776,543.54,16.95,1
3125,DECODE,776,0,776,544.54,17.67,1
3126,DECODE,776,0,776,545.54,16.89,1
3127,DECODE,776,0,776,546.54,17.73,1
3128,DECODE,776,0,776,547.54,17.32,1
3129,DECODE,776,0,776,548.54,16.97,1
3130,DECODE,776,0,776,549.54,16.94,1
3131,DECODE,776,0,776,550.54,16.96,1
3132,DECODE,776,0,776,551.54,17.48,1
3133,DECODE,776,0,776,552.54,16.51,1
3134,DECODE,776,0,776,553.54,18.18,1
3135,DECODE,776,0,776,554.54,16.89,1
3136,DECODE,776,0,776,555.54,17.97,1
3137,DECODE,776,0,776,556.54,19.55,1
3138,DECODE,776,0,776,557.54,17.25,1
3139,DECODE,776,0,776,558.54,17.07,1
3140,DECODE,776,0,776,559.54,17.01,1
3141,DECODE,776,0,776,560.54,17.08,1
3142,DECODE,776,0,776,561.54,18.27,1
3143,DECODE,776,0,776,562.54,17.04,1
3144,DECODE,776,0,776,563.54,17.05,1
3145,DECODE,776,0,776,564.54,17.19,1
3146,DECODE,776,0,776,565.54,16.88,1
3147,DECODE,776,0,776,566.54,17.03,1
3148,DECODE,776,0,776,567.54,16.94,1
3149,DECODE,776,0,776,568.54,16.84,1
3150,DECODE,776,0,776,569.54,17.36,1
3151,DECODE,776,0,776,570.54,16.85,1
3152,DECODE,776,0,776,571.54,17.70,1
3153,DECODE,776,0,776,572.54,17.51,1
3154,DECODE,776,0,776,573.54,17.06,1
3155,DECODE,776,0,776,574.54,17.19,1
3156,DECODE,776,0,776,575.54,17.08,1
3157,DECODE,776,0,776,576.54,16.83,1
3158,DECODE,776,0,776,577.54,17.33,1
3159,DECODE,776,0,776,578.54,16.98,1
3160,DECODE,776,0,776,579.54,17.13,1
3161,DECODE,776,0,776,580.54,17.57,1
3162,DECODE,776,0,776,581.54,17.10,1
3163,DECODE,776,0,776,582.54,17.24,1
3164,DECODE,776,0,776,583.54,17.29,1
3165,DECODE,776,0,776,584.54,16.61,1
3166,DECODE,776,0,776,585.54,17.29,1
3167,DECODE,776,0,776,586.54,17.21,1
3168,DECODE,776,0,776,587.54,17.04,1
3169,DECODE,776,0,776,588.54,17.05,1
3170,DECODE,776,0,776,589.54,16.98,1
3171,DECODE,776,0,776,590.54,17.22,1
3172,DECODE,776,0,776,591.54,16.99,1
3173,DECODE,776,0,776,592.54,17.13,1
3174,DECODE,776,0,776,593.54,17.08,1
3175,DECODE,776,0,776,594.54,17.82,1
3176,DECODE,776,0,776,595.54,17.04,1
3177,DECODE,776,0,776,596.54,17.81,1
3178,DECODE,776,0,776,597.54,17.21,1
3179,DECODE,776,0,776,598.54,17.05,1
3180,DECODE,776,0,776,599.54,16.77,1
3181,DECODE,776,0,776,600.54,16.97,1
3182,DECODE,776,0,776,601.54,16.83,1
3183,DECODE,776,0,776,602.54,17.11,1
3184,DECODE,776,0,776,603.54,18.14,1
3185,DECODE,776,0,776,604.54,16.98,1
3186,DECODE,776,0,776,605.54,16.86,1
3187,DECODE,776,0,776,606.54,16.89,1
3188,DECODE,776,0,776,607.54,16.85,1
3189,DECODE,776,0,776,608.54,17.07,1
3190,DECODE,776,0,776,609.54,16.93,1
3191,DECODE,776,0,776,610.54,17.01,1
3192,DECODE,776,0,776,611.54,16.95,1
3193,DECODE,776,0,776,612.54,16.93,1
3194,DECODE,776,0,776,613.54,16.81,1
3195,DECODE,776,0,776,614.54,19.08,1
3196,DECODE,776,0,776,615.54,23.89,1
3197,DECODE,776,0,776,616.54,16.94,1
3198,DECODE,776,0,776,617.54,17.24,1
3199,DECODE,776,0,776,618.54,17.58,1
3200,DECODE,776,0,776,619.54,17.55,1
3201,DECODE,776,0,776,620.54,17.53,1
3202,DECODE,776,0,776,621.54,17.43,1
3203,DECODE,776,0,776,622.54,17.09,1
3204,DECODE,776,0,776,623.54,17.15,1
3205,DECODE,776,0,776,624.54,17.26,1
3206,DECODE,776,0,776,625.54,17.28,1
3207,DECODE,776,0,776,626.54,17.51,1
3208,DECODE,776,0,776,627.54,18.03,1
3209,DECODE,776,0,776,628.54,17.74,1
3210,DECODE,776,0,776,629.54,17.36,1
3211,DECODE,776,0,776,630.54,17.24,1
3212,DECODE,776,0,776,631.54,17.56,1
3213,DECODE,776,0,776,632.54,17.75,1
3214,DECODE,776,0,776,633.54,17.33,1
3215,DECODE,776,0,776,634.54,18.12,1
3216,DECODE,776,0,776,635.54,17.36,1
3217,DECODE,776,0,776,636.54,17.13,1
3218,DECODE,776,0,776,637.54,17.19,1
3219,DECODE,776,0,776,638.54,18.17,1
3220,DECODE,776,0,776,639.54,19.96,1
3221,DECODE,776,0,776,640.54,17.20,1
3222,DECODE,776,0,776,641.54,16.92,1
3223,DECODE,776,0,776,642.54,18.22,1
3224,DECODE,776,0,776,643.54,16.97,1
3225,DECODE,776,0,776,644.54,17.10,1
3226,DECODE,776,0,776,645.54,20.16,1
3227,DECODE,776,0,776,646.54,17.25,1
3228,DECODE,776,0,776,647.54,16.89,1
3229,DECODE,776,0,776,648.54,20.26,1
3230,DECODE,776,0,776,649.54,17.28,1
3231,DECODE,776,0,776,650.54,17.09,1
3232,DECODE,776,0,776,651.54,17.30,1
3233,DECODE,776,0,776,652.54,17.19,1
3234,DECODE,776,0,776,653.54,17.15,1
3235,DECODE,776,0,776,654.54,17.25,1
3236,DECODE,776,0,776,655.54,16.87,1
3237,DECODE,776,0,776,656.54,16.83,1
3238,DECODE,776,0,776,657.54,16.95,1
3239,DECODE,776,0,776,658.54,17.00,1
3240,DECODE,776,0,776,659.54,16.92,1
3241,DECODE,776,0,776,660.54,16.97,1
3242,DECODE,776,0,776,661.54,17.84,1
3243,DECODE,776,0,776,662.54,17.02,1
3244,DECODE,776,0,776,663.54,16.95,1
3245,DECODE,776,0,776,664.54,17.05,1
3246,DECODE,776,0,776,665.54,16.94,1
3247,DECODE,776,0,776,666.54,17.35,1
3248,DECODE,776,0,776,667.54,17.25,1
3249,DECODE,776,0,776,668.54,17.21,1
3250,DECODE,776,0,776,669.54,17.25,1
3251,DECODE,776,0,776,670.54,17.86,1
3252,DECODE,776,0,776,671.54,17.84,1
3253,DECODE,776,0,776,672.54,17.14,1
3254,DECODE,776,0,776,673.54,17.09,1
3255,DECODE,776,0,776,674.54,17.10,1
3256,DECODE,776,0,776,675.54,17.06,1
3257,DECODE,776,0,776,676.54,16.91,1
3258,DECODE,776,0,776,677.54,17.36,1
3259,DECODE,776,0,776,678.54,17.15,1
3260,DECODE,776,0,776,679.54,17.32,1
3261,DECODE,776,0,776,680.54,17.42,1
3262,DECODE,776,0,776,681.54,17.39,1
3263,DECODE,776,0,776,682.54,17.39,1
3264,DECODE,776,0,776,683.54,17.20,1
3265,DECODE,776,0,776,684.54,17.45,1
3266,DECODE,776,0,776,685.54,17.61,1
3267,DECODE,776,0,776,686.54,17.13,1
3268,DECODE,776,0,776,687.54,17.22,1
3269,DECODE,775,0,775,688.59,22.26,1
3270,EXTEND,91,8192,0,95.92,46.49,1
3271,EXTEND,99,8192,0,89.54,46.58,1
3272,EXTEND,37,2941,0,85.97,24.45,1
3273,DECODE,1000,0,1000,555.29,26.22,1
3274,DECODE,1000,0,1000,556.29,19.30,1
3275,DECODE,1000,0,1000,557.29,19.23,1
3276,DECODE,1000,0,1000,558.29,19.30,1
3277,DECODE,1000,0,1000,559.29,19.19,1
3278,DECODE,1000,0,1000,560.29,19.16,1
3279,DECODE,1000,0,1000,561.29,19.23,1
3280,DECODE,1000,0,1000,562.29,19.22,1
3281,DECODE,1000,0,1000,563.29,19.31,1
3282,DECODE,1000,0,1000,564.29,19.24,1
3283,DECODE,999,0,999,565.18,21.78,1
3284,EXTEND,1,97,0,101.00,27.34,1
3285,DECODE,1000,0,1000,565.72,19.31,1
3286,DECODE,1000,0,1000,566.72,19.23,1
3287,DECODE,1000,0,1000,567.72,19.29,1
3288,DECODE,1000,0,1000,568.72,19.46,1
3289,DECODE,1000,0,1000,569.72,19.29,1
3290,DECODE,1000,0,1000,570.72,19.38,1
3291,DECODE,1000,0,1000,571.72,19.32,1
3292,DECODE,1000,0,1000,572.72,19.43,1
3293,DECODE,1000,0,1000,573.72,19.26,1
3294,DECODE,1000,0,1000,574.72,19.45,1
3295,DECODE,1000,0,1000,575.72,19.26,1
3296,DECODE,1000,0,1000,576.72,19.51,1
3297,DECODE,1000,0,1000,577.72,19.33,1
3298,DECODE,1000,0,1000,578.72,19.53,1
3299,DECODE,1000,0,1000,579.72,19.56,1
3300,DECODE,1000,0,1000,580.72,19.46,1
3301,DECODE,1000,0,1000,581.72,19.41,1
3302,DECODE,1000,0,1000,582.72,19.46,1
3303,DECODE,1000,0,1000,583.72,19.37,1
3304,DECODE,1000,0,1000,584.72,19.49,1
3305,DECODE,1000,0,1000,585.72,19.38,1
3306,DECODE,1000,0,1000,586.72,19.52,1
3307,DECODE,1000,0,1000,587.72,19.41,1
3308,DECODE,1000,0,1000,588.72,19.62,1
3309,DECODE,1000,0,1000,589.72,19.97,1
3310,DECODE,1000,0,1000,590.72,19.93,1
3311,DECODE,1000,0,1000,591.72,19.72,1
3312,DECODE,1000,0,1000,592.72,19.49,1
3313,DECODE,1000,0,1000,593.72,19.50,1
3314,DECODE,1000,0,1000,594.72,19.79,1
3315,DECODE,1000,0,1000,595.72,19.45,1
3316,DECODE,1000,0,1000,596.72,19.57,1
3317,DECODE,1000,0,1000,597.72,22.75,1
3318,DECODE,1000,0,1000,598.72,20.48,1
3319,DECODE,1000,0,1000,599.72,19.56,1
3320,DECODE,1000,0,1000,600.72,20.04,1
3321,DECODE,1000,0,1000,601.72,19.70,1
3322,DECODE,1000,0,1000,602.72,19.74,1
3323,DECODE,1000,0,1000,603.72,19.81,1
3324,DECODE,1000,0,1000,604.72,20.51,1
3325,DECODE,1000,0,1000,605.72,19.58,1
3326,DECODE,1000,0,1000,606.72,20.26,1
3327,DECODE,1000,0,1000,607.72,19.67,1
3328,DECODE,1000,0,1000,608.72,19.68,1
3329,DECODE,1000,0,1000,609.72,19.72,1
3330,DECODE,1000,0,1000,610.72,19.58,1
3331,DECODE,1000,0,1000,611.72,19.70,1
3332,DECODE,1000,0,1000,612.72,19.64,1
3333,DECODE,1000,0,1000,613.72,19.76,1
3334,DECODE,1000,0,1000,614.72,19.64,1
3335,DECODE,1000,0,1000,615.72,19.68,1
3336,DECODE,1000,0,1000,616.72,19.79,1
3337,DECODE,1000,0,1000,617.72,19.75,1
3338,DECODE,1000,0,1000,618.72,19.64,1
3339,DECODE,1000,0,1000,619.72,19.75,1
3340,DECODE,1000,0,1000,620.72,19.79,1
3341,DECODE,1000,0,1000,621.72,19.83,1
3342,DECODE,1000,0,1000,622.72,19.66,1
3343,DECODE,1000,0,1000,623.72,19.82,1
3344,DECODE,1000,0,1000,624.72,20.41,1
3345,DECODE,1000,0,1000,625.72,20.02,1
3346,DECODE,1000,0,1000,626.72,20.01,1
3347,DECODE,1000,0,1000,627.72,21.47,1
3348,DECODE,1000,0,1000,628.72,20.15,1
3349,DECODE,1000,0,1000,629.72,19.96,1
3350,DECODE,1000,0,1000,630.72,19.87,1
3351,DECODE,1000,0,1000,631.72,19.90,1
3352,DECODE,1000,0,1000,632.72,20.19,1
3353,DECODE,1000,0,1000,633.72,20.05,1
3354,DECODE,1000,0,1000,634.72,20.20,1
3355,DECODE,1000,0,1000,635.72,20.25,1
3356,DECODE,1000,0,1000,636.72,20.08,1
3357,DECODE,1000,0,1000,637.72,20.14,1
3358,DECODE,1000,0,1000,638.72,19.92,1
3359,DECODE,1000,0,1000,639.72,20.01,1
3360,DECODE,1000,0,1000,640.72,20.13,1
3361,DECODE,1000,0,1000,641.72,20.22,1
3362,DECODE,1000,0,1000,642.72,20.18,1
3363,DECODE,1000,0,1000,643.72,20.10,1
3364,DECODE,1000,0,1000,644.72,20.13,1
3365,DECODE,1000,0,1000,645.72,20.47,1
3366,DECODE,1000,0,1000,646.72,20.23,1
3367,DECODE,1000,0,1000,647.72,21.05,1
3368,DECODE,1000,0,1000,648.72,20.39,1
3369,DECODE,1000,0,1000,649.72,20.07,1
3370,DECODE,1000,0,1000,650.72,20.15,1
3371,DECODE,1000,0,1000,651.72,20.78,1
3372,DECODE,1000,0,1000,652.72,20.25,1
3373,DECODE,1000,0,1000,653.72,20.18,1
3374,DECODE,1000,0,1000,654.72,20.21,1
3375,DECODE,1000,0,1000,655.72,20.18,1
3376,DECODE,1000,0,1000,656.72,20.41,1
3377,DECODE,999,0,999,657.60,20.68,1
3378,EXTEND,1,51,0,56.00,21.53,1
3379,DECODE,1000,0,1000,658.00,20.16,1
3380,DECODE,1000,0,1000,659.00,20.25,1
3381,DECODE,1000,0,1000,660.00,20.49,1
3382,DECODE,1000,0,1000,661.00,20.42,1
3383,DECODE,1000,0,1000,662.00,20.19,1
3384,DECODE,1000,0,1000,663.00,20.36,1
3385,DECODE,1000,0,1000,664.00,20.50,1
3386,DECODE,1000,0,1000,665.00,20.50,1
3387,DECODE,1000,0,1000,666.00,20.35,1
3388,DECODE,1000,0,1000,667.00,20.54,1
3389,DECODE,1000,0,1000,668.00,20.44,1
3390,DECODE,1000,0,1000,669.00,21.27,1
3391,DECODE,1000,0,1000,670.00,20.88,1
3392,DECODE,1000,0,1000,671.00,20.49,1
3393,DECODE,1000,0,1000,672.00,20.53,1
3394,DECODE,1000,0,1000,673.00,20.52,1
3395,DECODE,1000,0,1000,674.00,20.39,1
3396,DECODE,1000,0,1000,675.00,20.53,1
3397,DECODE,1000,0,1000,676.00,20.48,1
3398,DECODE,1000,0,1000,677.00,20.57,1
3399,DECODE,1000,0,1000,678.00,22.48,1
3400,DECODE,1000,0,1000,679.00,20.57,1
3401,DECODE,1000,0,1000,680.00,20.77,1
3402,DECODE,1000,0,1000,681.00,20.65,1
3403,DECODE,1000,0,1000,682.00,20.50,1
3404,DECODE,1000,0,1000,683.00,20.82,1
3405,DECODE,1000,0,1000,684.00,20.54,1
3406,DECODE,1000,0,1000,685.00,20.63,1
3407,DECODE,1000,0,1000,686.00,20.68,1
3408,DECODE,1000,0,1000,687.00,20.58,1
3409,DECODE,1000,0,1000,688.00,20.61,1
3410,DECODE,1000,0,1000,689.00,20.61,1
3411,DECODE,1000,0,1000,690.00,20.56,1
3412,DECODE,1000,0,1000,691.00,20.83,1
3413,DECODE,1000,0,1000,692.00,20.64,1
3414,DECODE,1000,0,1000,693.00,20.60,1
3415,DECODE,1000,0,1000,694.00,20.72,1
3416,DECODE,1000,0,1000,695.00,20.57,1
3417,DECODE,1000,0,1000,696.00,20.72,1
3418,DECODE,1000,0,1000,697.00,24.16,1
3419,DECODE,1000,0,1000,698.00,21.29,1
3420,DECODE,1000,0,1000,699.00,20.96,1
3421,DECODE,1000,0,1000,700.00,20.72,1
3422,DECODE,1000,0,1000,701.00,20.85,1
3423,DECODE,1000,0,1000,702.00,21.10,1
3424,DECODE,1000,0,1000,703.00,20.97,1
3425,DECODE,1000,0,1000,704.00,21.80,1
3426,DECODE,1000,0,1000,705.00,20.92,1
3427,DECODE,1000,0,1000,706.00,20.75,1
3428,DECODE,1000,0,1000,707.00,20.87,1
3429,DECODE,1000,0,1000,708.00,20.84,1
3430,DECODE,1000,0,1000,709.00,20.89,1
3431,DECODE,1000,0,1000,710.00,20.80,1
3432,DECODE,1000,0,1000,711.00,20.84,1
3433,DECODE,1000,0,1000,712.00,20.91,1
3434,DECODE,1000,0,1000,713.00,20.92,1
3435,DECODE,1000,0,1000,714.00,20.91,1
3436,DECODE,1000,0,1000,715.00,21.06,1
3437,DECODE,1000,0,1000,716.00,20.94,1
3438,DECODE,1000,0,1000,717.00,20.92,1
3439,DECODE,1000,0,1000,718.00,20.87,1
3440,DECODE,1000,0,1000,719.00,20.95,1
3441,DECODE,1000,0,1000,720.00,21.01,1
3442,DECODE,1000,0,1000,721.00,21.02,1
3443,DECODE,1000,0,1000,722.00,20.91,1
3444,DECODE,1000,0,1000,723.00,21.05,1
3445,DECODE,1000,0,1000,724.00,20.98,1
3446,DECODE,1000,0,1000,725.00,21.31,1
3447,DECODE,1000,0,1000,726.00,21.14,1
3448,DECODE,1000,0,1000,727.00,21.05,1
3449,DECODE,1000,0,1000,728.00,21.12,1
3450,DECODE,1000,0,1000,729.00,21.09,1
3451,DECODE,1000,0,1000,730.00,21.02,1
3452,DECODE,1000,0,1000,731.00,21.12,1
3453,DECODE,1000,0,1000,732.00,21.08,1
3454,DECODE,1000,0,1000,733.00,21.21,1
3455,DECODE,1000,0,1000,734.00,21.07,1
3456,DECODE,1000,0,1000,735.00,21.18,1
3457,DECODE,1000,0,1000,736.00,21.27,1
3458,DECODE,1000,0,1000,737.00,21.28,1
3459,DECODE,1000,0,1000,738.00,21.25,1
3460,DECODE,1000,0,1000,739.00,21.28,1
3461,DECODE,1000,0,1000,740.00,21.23,1
3462,DECODE,1000,0,1000,741.00,21.27,1
3463,DECODE,999,0,999,741.90,21.44,1
3464,EXTEND,1,38,0,45.00,20.33,1
3465,DECODE,1000,0,1000,742.21,21.29,1
3466,DECODE,1000,0,1000,743.21,22.46,1
3467,DECODE,999,0,999,744.10,21.76,1
3468,EXTEND,1,130,0,137.00,25.29,1
3469,DECODE,1000,0,1000,744.49,22.86,1
3470,DECODE,1000,0,1000,745.49,23.69,1
3471,DECODE,999,0,999,746.37,21.63,1
3472,EXTEND,1,64,0,68.00,16.40,1
3473,DECODE,1000,0,1000,746.69,21.24,1
3474,DECODE,1000,0,1000,747.69,21.22,1
3475,DECODE,1000,0,1000,748.69,21.39,1
3476,DECODE,1000,0,1000,749.69,21.54,1
3477,DECODE,1000,0,1000,750.69,21.42,1
3478,DECODE,1000,0,1000,751.69,22.39,1
3479,DECODE,1000,0,1000,752.69,21.52,1
3480,DECODE,1000,0,1000,753.69,21.36,1
3481,DECODE,1000,0,1000,754.69,22.24,1
3482,DECODE,1000,0,1000,755.69,21.21,1
3483,DECODE,1000,0,1000,756.69,21.44,1
3484,DECODE,1000,0,1000,757.69,21.31,1
3485,DECODE,1000,0,1000,758.69,21.55,1
3486,DECODE,1000,0,1000,759.69,21.35,1
3487,DECODE,1000,0,1000,760.69,21.59,1
3488,DECODE,1000,0,1000,761.69,21.40,1
3489,DECODE,1000,0,1000,762.69,21.51,1
3490,DECODE,1000,0,1000,763.69,21.39,1
3491,DECODE,1000,0,1000,764.69,21.50,1
3492,DECODE,1000,0,1000,765.69,21.59,1
3493,DECODE,1000,0,1000,766.69,21.76,1
3494,DECODE,1000,0,1000,767.69,21.52,1
3495,DECODE,1000,0,1000,768.69,21.61,1
3496,DECODE,999,0,999,769.58,21.73,1
3497,EXTEND,1,51,0,62.00,15.86,1
3498,DECODE,1000,0,1000,769.87,21.66,1
3499,DECODE,1000,0,1000,770.87,21.54,1
3500,DECODE,1000,0,1000,771.87,21.68,1
3501,DECODE,1000,0,1000,772.87,21.63,1
3502,DECODE,1000,0,1000,773.87,21.78,1
3503,DECODE,1000,0,1000,774.87,21.68,1
3504,DECODE,1000,0,1000,775.87,21.72,1
3505,DECODE,1000,0,1000,776.87,21.68,1
3506,DECODE,1000,0,1000,777.87,21.73,1
3507,DECODE,1000,0,1000,778.87,21.68,1
3508,DECODE,1000,0,1000,779.87,21.84,1
3509,DECODE,1000,0,1000,780.87,21.83,1
3510,DECODE,1000,0,1000,781.87,21.84,1
3511,DECODE,1000,0,1000,782.87,21.69,1
3512,DECODE,1000,0,1000,783.87,21.87,1
3513,DECODE,1000,0,1000,784.87,21.78,1
3514,DECODE,1000,0,1000,785.87,21.96,1
3515,DECODE,1000,0,1000,786.87,21.76,1
3516,DECODE,1000,0,1000,787.87,22.16,1
3517,DECODE,1000,0,1000,788.87,21.97,1
3518,DECODE,999,0,999,789.77,22.24,1
3519,EXTEND,1,119,0,124.00,27.87,1
3520,DECODE,1000,0,1000,790.10,22.01,1
3521,DECODE,1000,0,1000,791.10,22.02,1
3522,DECODE,1000,0,1000,792.10,21.86,1
3523,DECODE,1000,0,1000,793.10,22.10,1
3524,DECODE,1000,0,1000,794.10,21.81,1
3525,DECODE,1000,0,1000,795.10,21.81,1
3526,DECODE,1000,0,1000,796.10,21.92,1
3527,DECODE,1000,0,1000,797.10,22.00,1
3528,DECODE,999,0,999,798.00,22.08,1
3529,EXTEND,1,156,0,159.00,26.49,1
3530,DECODE,1000,0,1000,798.36,22.24,1
3531,DECODE,1000,0,1000,799.36,21.91,1
3532,DECODE,1000,0,1000,800.36,22.06,1
3533,DECODE,1000,0,1000,801.36,22.06,1
3534,DECODE,1000,0,1000,802.36,22.16,1
3535,DECODE,1000,0,1000,803.36,22.23,1
3536,DECODE,1000,0,1000,804.36,22.11,1
3537,DECODE,1000,0,1000,805.36,22.14,1
3538,DECODE,1000,0,1000,806.36,22.08,1
3539,DECODE,1000,0,1000,807.36,22.00,1
3540,DECODE,999,0,999,808.12,22.48,1
3541,EXTEND,1,39,0,45.00,21.63,1
3542,DECODE,1000,0,1000,808.36,22.53,1
3543,DECODE,1000,0,1000,809.36,21.87,1
3544,DECODE,1000,0,1000,810.36,22.07,1
3545,DECODE,1000,0,1000,811.36,22.06,1
3546,DECODE,1000,0,1000,812.36,22.04,1
3547,DECODE,1000,0,1000,813.36,22.04,1
3548,DECODE,1000,0,1000,814.36,22.01,1
3549,DECODE,1000,0,1000,815.36,22.21,1
3550,DECODE,1000,0,1000,816.36,22.24,1
3551,DECODE,1000,0,1000,817.36,22.00,1
3552,DECODE,1000,0,1000,818.36,22.21,1
3553,DECODE,1000,0,1000,819.36,22.27,1
3554,DECODE,1000,0,1000,820.36,22.26,1
3555,DECODE,1000,0,1000,821.36,22.18,1
3556,DECODE,999,0,999,822.16,22.36,1
3557,EXTEND,1,49,0,54.00,20.95,1
3558,DECODE,1000,0,1000,822.39,22.36,1
3559,DECODE,1000,0,1000,823.39,22.14,1
3560,DECODE,1000,0,1000,824.39,22.27,1
3561,DECODE,1000,0,1000,825.39,22.38,1
3562,DECODE,1000,0,1000,826.39,22.24,1
3563,DECODE,1000,0,1000,827.39,22.26,1
3564,DECODE,1000,0,1000,828.39,22.31,1
3565,DECODE,1000,0,1000,829.39,22.35,1
3566,DECODE,1000,0,1000,830.39,22.39,1
3567,DECODE,1000,0,1000,831.39,22.28,1
3568,DECODE,1000,0,1000,832.39,22.37,1
3569,DECODE,1000,0,1000,833.39,22.39,1
3570,DECODE,999,0,999,834.15,22.31,1
3571,EXTEND,1,267,0,274.00,25.76,1
3572,DECODE,1000,0,1000,834.59,22.11,1
3573,DECODE,1000,0,1000,835.59,22.24,1
3574,DECODE,1000,0,1000,836.59,23.64,1
3575,DECODE,1000,0,1000,837.59,23.23,1
3576,DECODE,1000,0,1000,838.59,22.32,1
3577,DECODE,1000,0,1000,839.59,22.45,1
3578,DECODE,1000,0,1000,840.59,22.46,1
3579,DECODE,1000,0,1000,841.59,22.46,1
3580,DECODE,1000,0,1000,842.59,22.65,1
3581,DECODE,1000,0,1000,843.59,22.53,1
3582,DECODE,1000,0,1000,844.59,22.36,1
3583,DECODE,1000,0,1000,845.59,22.49,1
3584,DECODE,1000,0,1000,846.59,22.54,1
3585,DECODE,1000,0,1000,847.59,22.30,1
3586,DECODE,1000,0,1000,848.59,22.41,1
3587,DECODE,1000,0,1000,849.59,22.44,1
3588,DECODE,1000,0,1000,850.59,22.31,1
3589,DECODE,1000,0,1000,851.59,22.49,1
3590,DECODE,1000,0,1000,852.59,22.36,1
3591,DECODE,1000,0,1000,853.59,22.57,1
3592,DECODE,1000,0,1000,854.59,22.45,1
3593,DECODE,1000,0,1000,855.59,22.92,1
3594,DECODE,1000,0,1000,856.59,22.68,1
3595,DECODE,1000,0,1000,857.59,22.75,1
3596,DECODE,1000,0,1000,858.59,22.58,1
3597,DECODE,1000,0,1000,859.59,22.60,1
3598,DECODE,1000,0,1000,860.59,22.73,1
3599,DECODE,1000,0,1000,861.59,22.78,1
3600,DECODE,1000,0,1000,862.59,22.67,1
3601,DECODE,1000,0,1000,863.59,22.73,1
3602,DECODE,1000,0,1000,864.59,22.79,1
3603,DECODE,1000,0,1000,865.59,22.80,1
3604,DECODE,1000,0,1000,866.59,22.57,1
3605,DECODE,1000,0,1000,867.59,22.66,1
3606,DECODE,1000,0,1000,868.59,22.38,1
3607,DECODE,1000,0,1000,869.59,22.37,1
3608,DECODE,1000,0,1000,870.59,22.69,1
3609,DECODE,1000,0,1000,871.59,22.80,1
3610,DECODE,1000,0,1000,872.59,22.86,1
3611,DECODE,1000,0,1000,873.59,22.75,1
3612,DECODE,1000,0,1000,874.59,22.74,1
3613,DECODE,1000,0,1000,875.59,22.76,1
3614,DECODE,1000,0,1000,876.59,22.77,1
3615,DECODE,999,0,999,877.45,23.06,1
3616,EXTEND,1,36,0,41.00,20.22,1
3617,DECODE,1000,0,1000,877.62,22.86,1
3618,DECODE,1000,0,1000,878.62,22.70,1
3619,DECODE,1000,0,1000,879.62,22.77,1
3620,DECODE,1000,0,1000,880.62,22.78,1
3621,DECODE,1000,0,1000,881.62,22.88,1
3622,DECODE,1000,0,1000,882.62,22.87,1
3623,DECODE,1000,0,1000,883.62,22.92,1
3624,DECODE,1000,0,1000,884.62,22.96,1
3625,DECODE,1000,0,1000,885.62,22.85,1
3626,DECODE,1000,0,1000,886.62,22.80,1
3627,DECODE,1000,0,1000,887.62,22.91,1
3628,DECODE,1000,0,1000,888.62,22.97,1
3629,DECODE,1000,0,1000,889.62,22.82,1
3630,DECODE,1000,0,1000,890.62,22.74,1
3631,DECODE,1000,0,1000,891.62,22.77,1
3632,DECODE,1000,0,1000,892.62,22.88,1
3633,DECODE,1000,0,1000,893.62,22.84,1
3634,DECODE,1000,0,1000,894.62,22.80,1
3635,DECODE,1000,0,1000,895.62,22.99,1
3636,DECODE,1000,0,1000,896.62,22.81,1
3637,DECODE,1000,0,1000,897.62,22.87,1
3638,DECODE,1000,0,1000,898.62,22.96,1
3639,DECODE,1000,0,1000,899.62,22.91,1
3640,DECODE,1000,0,1000,900.62,22.93,1
3641,DECODE,1000,0,1000,901.62,22.91,1
3642,DECODE,1000,0,1000,902.62,22.95,1
3643,DECODE,1000,0,1000,903.62,23.08,1
3644,DECODE,1000,0,1000,904.62,22.94,1
3645,DECODE,1000,0,1000,905.62,22.99,1
3646,DECODE,1000,0,1000,906.62,23.44,1
3647,DECODE,1000,0,1000,907.62,23.00,1
3648,DECODE,1000,0,1000,908.62,23.15,1
3649,DECODE,1000,0,1000,909.62,23.15,1
3650,DECODE,1000,0,1000,910.62,24.29,1
3651,DECODE,1000,0,1000,911.62,23.34,1
3652,DECODE,999,0,999,912.51,23.54,1
3653,EXTEND,1,71,0,78.00,27.28,1
3654,DECODE,1000,0,1000,912.67,23.05,1
3655,DECODE,1000,0,1000,913.67,23.15,1
3656,DECODE,1000,0,1000,914.67,23.15,1
3657,DECODE,1000,0,1000,915.67,23.30,1
3658,DECODE,1000,0,1000,916.67,23.23,1
3659,DECODE,1000,0,1000,917.67,23.40,1
3660,DECODE,1000,0,1000,918.67,23.43,1
3661,DECODE,1000,0,1000,919.67,23.49,1
3662,DECODE,1000,0,1000,920.67,23.25,1
3663,DECODE,1000,0,1000,921.67,23.80,1
3664,DECODE,1000,0,1000,922.67,23.24,1
3665,DECODE,1000,0,1000,923.67,23.51,1
3666,DECODE,1000,0,1000,924.67,23.28,1
3667,DECODE,1000,0,1000,925.67,23.44,1
3668,DECODE,1000,0,1000,926.67,23.44,1
3669,DECODE,1000,0,1000,927.67,23.47,1
3670,DECODE,1000,0,1000,928.67,23.39,1
3671,DECODE,1000,0,1000,929.67,23.44,1
3672,DECODE,999,0,999,930.56,23.36,1
3673,EXTEND,1,44,0,49.00,22.83,1
3674,DECODE,1000,0,1000,930.67,23.43,1
3675,DECODE,1000,0,1000,931.67,23.48,1
3676,DECODE,1000,0,1000,932.67,23.67,1
3677,DECODE,1000,0,1000,933.67,23.66,1
3678,DECODE,1000,0,1000,934.67,23.63,1
3679,DECODE,1000,0,1000,935.67,23.44,1
3680,DECODE,1000,0,1000,936.67,23.64,1
3681,DECODE,1000,0,1000,937.67,23.36,1
3682,DECODE,1000,0,1000,938.67,23.53,1
3683,DECODE,1000,0,1000,939.67,23.78,1
3684,DECODE,1000,0,1000,940.67,23.59,1
3685,DECODE,1000,0,1000,941.67,23.79,1
3686,DECODE,1000,0,1000,942.67,23.65,1
3687,DECODE,1000,0,1000,943.67,23.58,1
3688,DECODE,999,0,999,944.57,23.74,1
3689,EXTEND,1,120,0,127.00,16.54,1
3690,DECODE,999,0,999,944.62,26.67,1
3691,EXTEND,1,81,0,85.00,25.89,1
3692,DECODE,1000,0,1000,944.76,24.06,1
3693,DECODE,1000,0,1000,945.76,23.79,1
3694,DECODE,1000,0,1000,946.76,24.18,1
3695,DECODE,1000,0,1000,947.76,23.76,1
3696,DECODE,1000,0,1000,948.76,23.77,1
3697,DECODE,1000,0,1000,949.76,24.10,1
3698,DECODE,1000,0,1000,950.76,23.93,1
3699,DECODE,1000,0,1000,951.76,23.71,1
3700,DECODE,1000,0,1000,952.76,23.79,1
3701,DECODE,1000,0,1000,953.76,23.75,1
3702,DECODE,1000,0,1000,954.76,23.92,1
3703,DECODE,1000,0,1000,955.76,23.85,1
3704,DECODE,1000,0,1000,956.76,23.85,1
3705,DECODE,1000,0,1000,957.76,23.70,1
3706,DECODE,1000,0,1000,958.76,23.90,1
3707,DECODE,1000,0,1000,959.76,23.70,1
3708,DECODE,1000,0,1000,960.76,23.89,1
3709,DECODE,1000,0,1000,961.76,23.81,1
3710,DECODE,1000,0,1000,962.76,24.00,1
3711,DECODE,1000,0,1000,963.76,23.93,1
3712,DECODE,1000,0,1000,964.76,23.87,1
3713,DECODE,1000,0,1000,965.76,23.79,1
3714,DECODE,1000,0,1000,966.76,23.86,1
3715,DECODE,1000,0,1000,967.76,23.98,1
3716,DECODE,1000,0,1000,968.76,23.91,1
3717,DECODE,1000,0,1000,969.76,23.90,1
3718,DECODE,1000,0,1000,970.76,24.50,1
3719,DECODE,1000,0,1000,971.76,24.21,1
3720,DECODE,1000,0,1000,972.76,23.88,1
3721,DECODE,1000,0,1000,973.76,23.88,1
3722,DECODE,1000,0,1000,974.76,23.83,1
3723,DECODE,1000,0,1000,975.76,23.88,1
3724,DECODE,1000,0,1000,976.76,23.91,1
3725,DECODE,1000,0,1000,977.76,23.94,1
3726,DECODE,1000,0,1000,978.76,23.89,1
3727,DECODE,1000,0,1000,979.76,26.27,1
3728,DECODE,999,0,999,980.64,24.30,1
3729,EXTEND,1,144,0,149.00,16.06,1
3730,DECODE,1000,0,1000,980.81,23.93,1
3731,DECODE,1000,0,1000,981.81,23.94,1
3732,DECODE,1000,0,1000,982.81,24.03,1
3733,DECODE,1000,0,1000,983.81,24.20,1
3734,DECODE,999,0,999,984.70,24.26,1
3735,EXTEND,1,43,0,48.00,22.55,1
3736,DECODE,1000,0,1000,984.76,23.84,1
3737,DECODE,1000,0,1000,985.76,24.23,1
3738,DECODE,1000,0,1000,986.76,24.22,1
3739,DECODE,1000,0,1000,987.76,24.01,1
3740,DECODE,1000,0,1000,988.76,24.06,1
3741,DECODE,1000,0,1000,989.76,24.00,1
3742,DECODE,1000,0,1000,990.76,23.81,1
3743,DECODE,1000,0,1000,991.76,23.88,1
3744,DECODE,1000,0,1000,992.76,24.07,1
3745,DECODE,1000,0,1000,993.76,24.29,1
3746,DECODE,999,0,999,994.63,24.33,1
3747,EXTEND,1,33,0,42.00,20.79,1
3748,DECODE,1000,0,1000,994.68,24.18,1
3749,DECODE,1000,0,1000,995.68,24.27,1
3750,DECODE,1000,0,1000,996.68,24.07,1
3751,DECODE,1000,0,1000,997.68,24.15,1
3752,DECODE,1000,0,1000,998.68,24.04,1
3753,DECODE,1000,0,1000,999.68,24.21,1
3754,DECODE,1000,0,1000,1000.68,24.17,1
3755,DECODE,1000,0,1000,1001.68,24.23,1
3756,DECODE,1000,0,1000,1002.68,24.22,1
3757,DECODE,1000,0,1000,1003.68,24.28,1
3758,DECODE,1000,0,1000,1004.68,24.14,1
3759,DECODE,1000,0,1000,1005.68,24.53,1
3760,DECODE,1000,0,1000,1006.68,24.36,1
3761,DECODE,1000,0,1000,1007.68,24.25,1
3762,DECODE,1000,0,1000,1008.68,24.41,1
3763,DECODE,999,0,999,1009.56,24.59,1
3764,EXTEND,1,40,0,48.00,16.02,1
3765,DECODE,1000,0,1000,1009.60,24.67,1
3766,DECODE,1000,0,1000,1010.60,24.56,1
3767,DECODE,1000,0,1000,1011.60,24.36,1
3768,DECODE,1000,0,1000,1012.60,24.48,1
3769,DECODE,1000,0,1000,1013.60,24.32,1
3770,DECODE,1000,0,1000,1014.60,24.36,1
3771,DECODE,1000,0,1000,1015.60,24.63,1
3772,DECODE,1000,0,1000,1016.60,24.44,1
3773,DECODE,1000,0,1000,1017.60,24.47,1
3774,DECODE,1000,0,1000,1018.60,24.25,1
3775,DECODE,1000,0,1000,1019.60,24.43,1
3776,DECODE,999,0,999,1020.49,24.64,1
3777,EXTEND,1,72,0,79.00,16.27,1
3778,DECODE,1000,0,1000,1020.55,24.36,1
3779,DECODE,1000,0,1000,1021.55,24.76,1
3780,DECODE,1000,0,1000,1022.55,24.93,1
3781,DECODE,999,0,999,1023.41,24.72,1
3782,EXTEND,1,73,0,79.00,26.57,1
3783,DECODE,1000,0,1000,1023.47,24.51,1
3784,DECODE,1000,0,1000,1024.47,24.41,1
3785,DECODE,1000,0,1000,1025.47,24.56,1
3786,DECODE,1000,0,1000,1026.47,24.54,1
3787,DECODE,1000,0,1000,1027.47,24.55,1
3788,DECODE,1000,0,1000,1028.47,24.66,1
3789,DECODE,1000,0,1000,1029.47,24.82,1
3790,DECODE,1000,0,1000,1030.47,24.42,1
3791,DECODE,1000,0,1000,1031.47,24.47,1
3792,DECODE,1000,0,1000,1032.47,24.45,1
3793,DECODE,1000,0,1000,1033.47,24.60,1
3794,DECODE,1000,0,1000,1034.47,24.38,1
3795,DECODE,1000,0,1000,1035.47,24.89,1
3796,DECODE,1000,0,1000,1036.47,24.40,1
3797,DECODE,1000,0,1000,1037.47,24.88,1
3798,DECODE,1000,0,1000,1038.47,24.65,1
3799,DECODE,1000,0,1000,1039.47,24.67,1
3800,DECODE,1000,0,1000,1040.47,26.03,1
3801,DECODE,1000,0,1000,1041.47,24.87,1
3802,DECODE,1000,0,1000,1042.47,24.65,1
3803,DECODE,1000,0,1000,1043.47,24.63,1
3804,DECODE,1000,0,1000,1044.47,24.59,1
3805,DECODE,1000,0,1000,1045.47,24.81,1
3806,DECODE,1000,0,1000,1046.47,24.61,1
3807,DECODE,1000,0,1000,1047.47,24.61,1
3808,DECODE,1000,0,1000,1048.47,25.14,1
3809,DECODE,1000,0,1000,1049.47,24.60,1
3810,DECODE,1000,0,1000,1050.47,24.66,1
3811,DECODE,1000,0,1000,1051.47,24.61,1
3812,DECODE,1000,0,1000,1052.47,24.64,1
3813,DECODE,1000,0,1000,1053.47,24.84,1
3814,DECODE,1000,0,1000,1054.47,24.63,1
3815,DECODE,1000,0,1000,1055.47,24.64,1
3816,DECODE,1000,0,1000,1056.47,24.67,1
3817,DECODE,1000,0,1000,1057.47,24.71,1
3818,DECODE,1000,0,1000,1058.47,24.71,1
3819,DECODE,1000,0,1000,1059.47,24.78,1
3820,DECODE,1000,0,1000,1060.47,24.76,1
3821,DECODE,1000,0,1000,1061.47,24.87,1
3822,DECODE,1000,0,1000,1062.47,24.68,1
3823,DECODE,1000,0,1000,1063.47,24.70,1
3824,DECODE,1000,0,1000,1064.47,24.69,1
3825,DECODE,1000,0,1000,1065.47,24.83,1
3826,DECODE,1000,0,1000,1066.47,24.91,1
3827,DECODE,1000,0,1000,1067.47,24.96,1
3828,DECODE,1000,0,1000,1068.47,24.90,1
3829,DECODE,1000,0,1000,1069.47,25.11,1
3830,DECODE,1000,0,1000,1070.47,24.84,1
3831,DECODE,1000,0,1000,1071.47,24.92,1
3832,DECODE,1000,0,1000,1072.47,24.89,1
3833,DECODE,1000,0,1000,1073.47,24.94,1
3834,DECODE,1000,0,1000,1074.47,24.95,1
3835,DECODE,1000,0,1000,1075.47,24.96,1
3836,DECODE,1000,0,1000,1076.47,24.93,1
3837,DECODE,1000,0,1000,1077.47,25.17,1
3838,DECODE,1000,0,1000,1078.47,25.41,1
3839,DECODE,1000,0,1000,1079.47,25.04,1
3840,DECODE,1000,0,1000,1080.47,24.92,1
3841,DECODE,1000,0,1000,1081.47,25.02,1
3842,DECODE,1000,0,1000,1082.47,25.15,1
3843,DECODE,1000,0,1000,1083.47,25.15,1
3844,DECODE,1000,0,1000,1084.47,25.25,1
3845,DECODE,1000,0,1000,1085.47,25.80,1
3846,DECODE,1000,0,1000,1086.47,25.00,1
3847,DECODE,1000,0,1000,1087.47,25.09,1
3848,DECODE,1000,0,1000,1088.47,25.51,1
3849,DECODE,1000,0,1000,1089.47,25.22,1
3850,DECODE,1000,0,1000,1090.47,25.20,1
3851,DECODE,1000,0,1000,1091.47,25.24,1
3852,DECODE,1000,0,1000,1092.47,25.33,1
3853,DECODE,1000,0,1000,1093.47,25.38,1
3854,DECODE,1000,0,1000,1094.47,25.23,1
3855,DECODE,1000,0,1000,1095.47,25.27,1
3856,DECODE,999,0,999,1096.34,25.64,1
3857,EXTEND,1,62,0,68.00,21.21,1
3858,DECODE,1000,0,1000,1096.31,25.02,1
3859,DECODE,1000,0,1000,1097.31,25.25,1
3860,DECODE,1000,0,1000,1098.31,25.28,1
3861,DECODE,1000,0,1000,1099.31,25.44,1
3862,DECODE,1000,0,1000,1100.31,25.39,1
3863,DECODE,1000,0,1000,1101.31,25.23,1
3864,DECODE,1000,0,1000,1102.31,25.15,1
3865,DECODE,1000,0,1000,1103.31,26.60,1
3866,DECODE,1000,0,1000,1104.31,25.31,1
3867,DECODE,1000,0,1000,1105.31,25.53,1
3868,DECODE,1000,0,1000,1106.31,25.38,1
3869,DECODE,1000,0,1000,1107.31,25.47,1
3870,DECODE,1000,0,1000,1108.31,25.63,1
3871,DECODE,1000,0,1000,1109.31,25.44,1
3872,DECODE,999,0,999,1110.18,25.69,1
3873,EXTEND,1,75,0,80.00,25.56,1
3874,DECODE,1000,0,1000,1110.15,25.20,1
3875,DECODE,1000,0,1000,1111.15,25.18,1
3876,DECODE,1000,0,1000,1112.15,25.43,1
3877,DECODE,1000,0,1000,1113.15,25.53,1
3878,DECODE,1000,0,1000,1114.15,25.47,1
3879,DECODE,999,0,999,1114.99,25.85,1
3880,EXTEND,1,66,0,73.00,25.79,1
3881,EXTEND,1,95,0,102.00,25.75,1
3882,DECODE,1000,0,1000,1113.80,25.37,1
3883,DECODE,1000,0,1000,1114.80,25.42,1
3884,DECODE,1000,0,1000,1115.80,26.49,1
3885,DECODE,1000,0,1000,1116.80,25.45,1
3886,DECODE,1000,0,1000,1117.80,25.44,1
3887,DECODE,997,0,997,1118.29,27.92,1
3888,EXTEND,3,217,0,77.67,24.22,1
3889,DECODE,1000,0,1000,1116.17,25.72,1
3890,DECODE,1000,0,1000,1117.17,25.45,1
3891,DECODE,1000,0,1000,1118.17,25.23,1
3892,DECODE,1000,0,1000,1119.17,25.61,1
3893,DECODE,1000,0,1000,1120.17,25.54,1
3894,DECODE,1000,0,1000,1121.17,26.50,1
3895,DECODE,1000,0,1000,1122.17,26.05,1
3896,DECODE,1000,0,1000,1123.17,25.62,1
3897,DECODE,1000,0,1000,1124.17,25.63,1
3898,DECODE,1000,0,1000,1125.17,25.76,1
3899,DECODE,1000,0,1000,1126.17,25.60,1
3900,DECODE,999,0,999,1127.03,25.95,1
3901,DECODE,999,0,999,1128.03,26.10,1
3902,DECODE,999,0,999,1129.03,25.78,1
3903,DECODE,999,0,999,1130.03,25.85,1
3904,DECODE,999,0,999,1131.03,26.02,1
3905,DECODE,999,0,999,1132.03,25.99,1
3906,DECODE,999,0,999,1133.03,26.16,1
3907,DECODE,999,0,999,1134.03,26.38,1
3908,DECODE,999,0,999,1135.03,26.13,1
3909,DECODE,998,0,998,1135.90,28.14,1
3910,DECODE,998,0,998,1136.90,25.94,1
3911,DECODE,998,0,998,1137.90,26.08,1
3912,DECODE,998,0,998,1138.90,26.13,1
3913,DECODE,998,0,998,1139.90,26.16,1
3914,DECODE,998,0,998,1140.90,26.38,1
3915,DECODE,998,0,998,1141.90,26.28,1
3916,DECODE,998,0,998,1142.90,26.10,1
3917,DECODE,998,0,998,1143.90,26.14,1
3918,DECODE,998,0,998,1144.90,26.03,1
3919,DECODE,998,0,998,1145.90,26.05,1
3920,DECODE,997,0,997,1146.75,28.05,1
3921,DECODE,997,0,997,1147.75,26.55,1
3922,DECODE,996,0,996,1148.60,28.33,1
3923,DECODE,996,0,996,1149.60,26.03,1
3924,DECODE,996,0,996,1150.60,25.94,1
3925,DECODE,996,0,996,1151.60,26.14,1
3926,DECODE,995,0,995,1152.45,28.74,1
3927,DECODE,995,0,995,1153.45,26.54,1
3928,DECODE,995,0,995,1154.45,27.31,1
3929,DECODE,995,0,995,1155.45,26.17,1
3930,DECODE,994,0,994,1156.32,29.50,1
3931,DECODE,994,0,994,1157.32,26.43,1
3932,DECODE,994,0,994,1158.32,26.30,1
3933,DECODE,994,0,994,1159.32,26.14,1
3934,DECODE,994,0,994,1160.32,26.07,1
3935,DECODE,994,0,994,1161.32,26.05,1
3936,DECODE,994,0,994,1162.32,26.39,1
3937,DECODE,994,0,994,1163.32,26.13,1
3938,DECODE,994,0,994,1164.32,26.34,1
3939,DECODE,994,0,994,1165.32,26.01,1
3940,DECODE,993,0,993,1166.19,28.20,1
3941,DECODE,993,0,993,1167.19,26.32,1
3942,DECODE,993,0,993,1168.19,26.25,1
3943,DECODE,993,0,993,1169.19,26.31,1
3944,DECODE,993,0,993,1170.19,27.54,1
3945,DECODE,993,0,993,1171.19,26.58,1
3946,DECODE,993,0,993,1172.19,26.77,1
3947,DECODE,993,0,993,1173.19,26.20,1
3948,DECODE,992,0,992,1174.05,31.57,1
3949,DECODE,992,0,992,1175.05,26.15,1
3950,DECODE,992,0,992,1176.05,26.02,1
3951,DECODE,992,0,992,1177.05,26.27,1
3952,DECODE,992,0,992,1178.05,26.10,1
3953,DECODE,992,0,992,1179.05,26.14,1
3954,DECODE,992,0,992,1180.05,26.28,1
3955,DECODE,991,0,991,1180.92,28.30,1
3956,DECODE,991,0,991,1181.92,26.12,1
3957,DECODE,991,0,991,1182.92,26.15,1
3958,DECODE,991,0,991,1183.92,26.33,1
3959,DECODE,991,0,991,1184.92,26.23,1
3960,DECODE,991,0,991,1185.92,26.16,1
3961,DECODE,991,0,991,1186.92,26.27,1
3962,DECODE,991,0,991,1187.92,26.65,1
3963,DECODE,991,0,991,1188.92,26.22,1
3964,DECODE,991,0,991,1189.92,27.57,1
3965,DECODE,991,0,991,1190.92,26.23,1
3966,DECODE,991,0,991,1191.92,27.28,1
3967,DECODE,991,0,991,1192.92,26.22,1
3968,DECODE,991,0,991,1193.92,26.06,1
3969,DECODE,991,0,991,1194.92,26.36,1
3970,DECODE,991,0,991,1195.92,26.43,1
3971,DECODE,991,0,991,1196.92,26.29,1
3972,DECODE,991,0,991,1197.92,26.25,1
3973,DECODE,991,0,991,1198.92,26.39,1
3974,DECODE,991,0,991,1199.92,26.33,1
3975,DECODE,991,0,991,1200.92,26.35,1
3976,DECODE,991,0,991,1201.92,26.29,1
3977,DECODE,991,0,991,1202.92,28.64,1
3978,DECODE,991,0,991,1203.92,28.45,1
3979,DECODE,991,0,991,1204.92,27.73,1
3980,DECODE,991,0,991,1205.92,26.50,1
3981,DECODE,991,0,991,1206.92,26.40,1
3982,DECODE,991,0,991,1207.92,26.53,1
3983,DECODE,991,0,991,1208.92,26.44,1
3984,DECODE,991,0,991,1209.92,26.67,1
3985,DECODE,991,0,991,1210.92,26.52,1
3986,DECODE,991,0,991,1211.92,26.51,1
3987,DECODE,991,0,991,1212.92,26.41,1
3988,DECODE,991,0,991,1213.92,26.43,1
3989,DECODE,991,0,991,1214.92,26.54,1
3990,DECODE,991,0,991,1215.92,26.55,1
3991,DECODE,991,0,991,1216.92,26.53,1
3992,DECODE,991,0,991,1217.92,26.51,1
3993,DECODE,991,0,991,1218.92,26.79,1
3994,DECODE,991,0,991,1219.92,27.00,1
3995,DECODE,991,0,991,1220.92,26.41,1
3996,DECODE,991,0,991,1221.92,26.39,1
3997,DECODE,991,0,991,1222.92,26.68,1
3998,DECODE,991,0,991,1223.92,26.63,1
3999,DECODE,991,0,991,1224.92,26.73,1
4000,DECODE,991,0,991,1225.92,26.79,1
4001,DECODE,991,0,991,1226.92,26.59,1
4002,DECODE,991,0,991,1227.92,26.78,1
4003,DECODE,991,0,991,1228.92,26.62,1
4004,DECODE,991,0,991,1229.92,26.67,1
4005,DECODE,991,0,991,1230.92,26.73,1
4006,DECODE,991,0,991,1231.92,26.55,1
4007,DECODE,991,0,991,1232.92,26.78,1
4008,DECODE,991,0,991,1233.92,26.71,1
4009,DECODE,991,0,991,1234.92,26.79,1
4010,DECODE,990,0,990,1235.78,28.99,1
4011,DECODE,989,0,989,1236.64,29.03,1
4012,DECODE,989,0,989,1237.64,26.85,1
4013,DECODE,988,0,988,1238.51,28.82,1
4014,DECODE,988,0,988,1239.51,26.75,1
4015,DECODE,988,0,988,1240.51,26.59,1
4016,DECODE,988,0,988,1241.51,26.65,1
4017,DECODE,987,0,987,1242.38,28.83,1
4018,DECODE,987,0,987,1243.38,27.01,1
4019,DECODE,987,0,987,1244.38,26.93,1
4020,DECODE,987,0,987,1245.38,26.92,1
4021,DECODE,986,0,986,1246.27,29.12,1
4022,DECODE,986,0,986,1247.27,31.80,1
4023,DECODE,986,0,986,1248.27,29.70,1
4024,DECODE,986,0,986,1249.27,26.96,1
4025,DECODE,986,0,986,1250.27,26.92,1
4026,DECODE,986,0,986,1251.27,27.12,1
4027,DECODE,986,0,986,1252.27,26.99,1
4028,DECODE,986,0,986,1253.27,26.99,1
4029,DECODE,986,0,986,1254.27,27.07,1
4030,DECODE,985,0,985,1255.15,30.42,1
4031,DECODE,985,0,985,1256.15,27.08,1
4032,DECODE,985,0,985,1257.15,26.94,1
4033,DECODE,984,0,984,1258.03,29.89,1
4034,DECODE,984,0,984,1259.03,27.10,1
4035,DECODE,984,0,984,1260.03,26.77,1
4036,DECODE,984,0,984,1261.03,26.90,1
4037,DECODE,984,0,984,1262.03,27.14,1
4038,DECODE,984,0,984,1263.03,26.87,1
4039,DECODE,984,0,984,1264.03,26.97,1
4040,DECODE,984,0,984,1265.03,26.96,1
4041,DECODE,984,0,984,1266.03,26.89,1
4042,DECODE,983,0,983,1266.87,29.62,1
4043,DECODE,982,0,982,1267.71,29.47,1
4044,DECODE,981,0,981,1268.57,29.29,1
4045,DECODE,981,0,981,1269.57,26.96,1
4046,DECODE,981,0,981,1270.57,26.96,1
4047,DECODE,981,0,981,1271.57,27.23,1
4048,DECODE,981,0,981,1272.57,27.12,1
4049,DECODE,981,0,981,1273.57,27.75,1
4050,DECODE,981,0,981,1274.57,27.29,1
4051,DECODE,980,0,980,1275.44,28.93,1
4052,DECODE,979,0,979,1276.31,29.29,1
4053,DECODE,979,0,979,1277.31,27.19,1
4054,DECODE,978,0,978,1278.15,29.21,1
4055,DECODE,978,0,978,1279.15,27.19,1
4056,DECODE,978,0,978,1280.15,27.13,1
4057,DECODE,978,0,978,1281.15,27.04,1
4058,DECODE,978,0,978,1282.15,27.25,1
4059,DECODE,978,0,978,1283.15,27.29,1
4060,DECODE,978,0,978,1284.15,27.32,1
4061,DECODE,978,0,978,1285.15,27.40,1
4062,DECODE,977,0,977,1286.02,29.72,1
4063,DECODE,977,0,977,1287.02,27.36,1
4064,DECODE,977,0,977,1288.02,27.25,1
4065,DECODE,977,0,977,1289.02,27.31,1
4066,DECODE,976,0,976,1289.89,30.05,1
4067,DECODE,975,0,975,1290.70,29.28,1
4068,DECODE,974,0,974,1291.56,29.18,1
4069,DECODE,974,0,974,1292.56,27.20,1
4070,DECODE,974,0,974,1293.56,27.52,1
4071,DECODE,974,0,974,1294.56,27.26,1
4072,DECODE,974,0,974,1295.56,27.05,1
4073,DECODE,973,0,973,1296.43,29.16,1
4074,DECODE,973,0,973,1297.43,27.60,1
4075,DECODE,973,0,973,1298.43,27.24,1
4076,DECODE,973,0,973,1299.43,27.16,1
4077,DECODE,972,0,972,1301.49,29.41,1
4078,DECODE,969,0,969,1305.66,29.68,1
4079,DECODE,965,0,965,1310.82,32.38,1
4080,DECODE,963,0,963,1313.79,30.99,1
4081,DECODE,960,0,960,1317.60,34.88,1
4082,DECODE,959,0,959,1318.48,33.25,1
4083,DECODE,958,0,958,1320.37,32.13,1
4084,DECODE,956,0,956,1323.13,32.71,1
4085,DECODE,954,0,954,1325.87,32.30,1
4086,DECODE,953,0,953,1327.45,31.52,1
4087,DECODE,951,0,951,1330.05,31.88,1
4088,DECODE,950,0,950,1330.94,31.83,1
4089,DECODE,949,0,949,1332.61,32.76,1
4090,DECODE,948,0,948,1333.45,33.58,1
4091,DECODE,947,0,947,1334.31,32.14,1
4092,DECODE,946,0,946,1335.15,31.99,1
4093,DECODE,946,0,946,1336.15,27.00,1
4094,DECODE,946,0,946,1337.15,27.31,1
4095,DECODE,944,0,944,1339.59,31.72,1
4096,DECODE,943,0,943,1341.30,32.64,1
4097,DECODE,942,0,942,1342.93,32.15,1
4098,DECODE,940,0,940,1345.30,32.02,1
4099,DECODE,939,0,939,1346.78,32.08,1
4100,DECODE,938,0,938,1347.66,32.09,1
4101,DECODE,938,0,938,1348.66,26.99,1
4102,DECODE,937,0,937,1349.85,31.88,1
4103,DECODE,936,0,936,1351.06,33.99,1
4104,DECODE,935,0,935,1352.29,31.67,1
4105,DECODE,934,0,934,1353.55,31.81,1
4106,DECODE,933,0,933,1354.82,31.99,1
4107,DECODE,933,0,933,1355.82,28.03,1
4108,DECODE,932,0,932,1357.11,31.72,1
4109,DECODE,931,0,931,1358.42,31.87,1
4110,DECODE,930,0,930,1359.31,31.42,1
4111,DECODE,929,0,929,1360.63,36.67,1
4112,DECODE,929,0,929,1361.63,28.35,1
4113,DECODE,928,0,928,1362.96,32.52,1
4114,DECODE,927,0,927,1364.30,32.66,1
4115,DECODE,926,0,926,1365.64,31.97,1
4116,DECODE,925,0,925,1367.00,32.26,1
4117,DECODE,924,0,924,1368.36,32.09,1
4118,DECODE,923,0,923,1369.24,32.25,1
4119,DECODE,923,0,923,1370.24,27.37,1
4120,DECODE,922,0,922,1371.61,32.36,1
4121,DECODE,921,0,921,1372.47,32.14,1
4122,DECODE,920,0,920,1373.84,31.28,1
4123,DECODE,920,0,920,1374.84,26.80,1
4124,DECODE,919,0,919,1375.72,31.48,1
4125,DECODE,918,0,918,1376.59,31.75,1
4126,DECODE,918,0,918,1377.59,26.96,1
4127,DECODE,917,0,917,1378.97,32.79,1
4128,DECODE,916,0,916,1380.35,31.47,1
4129,DECODE,915,0,915,1381.21,31.78,1
4130,DECODE,915,0,915,1382.21,27.17,1
4131,DECODE,914,0,914,1383.59,32.70,1
4132,DECODE,913,0,913,1384.98,31.66,1
4133,DECODE,912,0,912,1386.38,34.49,1
4134,DECODE,911,0,911,1387.79,31.38,1
4135,DECODE,910,0,910,1389.20,31.80,1
4136,DECODE,909,0,909,1390.62,31.71,1
4137,DECODE,908,0,908,1392.04,31.65,1
4138,DECODE,907,0,907,1392.93,32.91,1
4139,DECODE,907,0,907,1393.93,27.37,1
4140,DECODE,906,0,906,1395.35,31.77,1
4141,DECODE,905,0,905,1396.78,31.68,1
4142,DECODE,904,0,904,1397.67,31.37,1
4143,DECODE,904,0,904,1398.67,26.45,1
4144,DECODE,903,0,903,1400.10,31.48,1
4145,DECODE,902,0,902,1401.53,31.55,1
4146,DECODE,901,0,901,1402.97,31.66,1
4147,DECODE,900,0,900,1404.41,31.36,1
4148,DECODE,899,0,899,1405.87,32.03,1
4149,DECODE,899,0,899,1406.87,26.83,1
4150,DECODE,898,0,898,1408.34,33.79,1
4151,DECODE,897,0,897,1409.21,31.48,1
4152,DECODE,896,0,896,1410.68,35.14,1
4153,DECODE,895,0,895,1412.16,31.98,1
4154,DECODE,894,0,894,1412.90,30.19,1
4155,DECODE,894,0,894,1413.90,26.86,1
4156,DECODE,893,0,893,1414.77,30.38,1
4157,DECODE,893,0,893,1415.77,26.76,1
4158,DECODE,892,0,892,1417.25,30.15,1
4159,DECODE,891,0,891,1418.74,30.52,1
4160,DECODE,890,0,890,1420.22,30.45,1
4161,DECODE,889,0,889,1421.71,30.57,1
4162,DECODE,888,0,888,1423.21,31.20,1
4163,DECODE,887,0,887,1424.10,30.51,1
4164,DECODE,886,0,886,1424.98,30.37,1
4165,DECODE,886,0,886,1425.98,26.89,1
4166,DECODE,886,0,886,1426.98,26.48,1
4167,DECODE,885,0,885,1427.86,30.66,1
4168,DECODE,885,0,885,1428.86,26.93,1
4169,DECODE,884,0,884,1429.72,30.14,1
4170,DECODE,883,0,883,1431.22,30.71,1
4171,DECODE,883,0,883,1432.22,26.91,1
4172,DECODE,882,0,882,1433.72,30.50,1
4173,DECODE,881,0,881,1435.23,30.69,1
4174,DECODE,880,0,880,1436.74,39.73,1
4175,DECODE,879,0,879,1438.25,30.53,1
4176,DECODE,878,0,878,1439.76,30.36,1
4177,DECODE,877,0,877,1441.28,30.54,1
4178,DECODE,876,0,876,1442.80,31.30,1
4179,DECODE,875,0,875,1444.33,30.73,1
4180,DECODE,875,0,875,1445.33,26.69,1
4181,DECODE,874,0,874,1446.86,30.51,1
4182,DECODE,873,0,873,1448.40,30.68,1
4183,DECODE,872,0,872,1449.93,30.80,1
4184,DECODE,871,0,871,1451.47,30.81,1
4185,DECODE,870,0,870,1452.35,30.70,1
4186,DECODE,869,0,869,1453.22,30.78,1
4187,DECODE,869,0,869,1454.22,26.74,1
4188,DECODE,869,0,869,1455.22,26.74,1
4189,DECODE,868,0,868,1456.76,30.22,1
4190,DECODE,867,0,867,1458.30,30.22,1
4191,DECODE,866,0,866,1459.17,30.52,1
4192,DECODE,865,0,865,1460.06,30.56,1
4193,DECODE,864,0,864,1460.97,34.39,1
4194,DECODE,864,0,864,1461.97,26.65,1
4195,DECODE,864,0,864,1462.97,26.26,1
4196,DECODE,863,0,863,1464.51,31.81,1
4197,DECODE,862,0,862,1466.06,31.88,1
4198,DECODE,860,0,860,1466.85,31.59,1
4199,DECODE,860,0,860,1467.85,26.52,1
4200,DECODE,860,0,860,1468.85,26.51,1
4201,DECODE,860,0,860,1469.85,26.11,1
4202,DECODE,859,0,859,1471.40,32.06,1
4203,DECODE,858,0,858,1472.95,31.83,1
4204,DECODE,857,0,857,1474.51,31.99,1
4205,DECODE,857,0,857,1475.51,26.87,1
4206,DECODE,856,0,856,1476.37,31.67,1
4207,DECODE,855,0,855,1477.93,31.99,1
4208,DECODE,855,0,855,1478.93,26.65,1
4209,DECODE,854,0,854,1480.48,31.78,1
4210,DECODE,853,0,853,1482.04,31.80,1
4211,DECODE,852,0,852,1483.60,31.63,1
4212,DECODE,851,0,851,1485.17,31.75,1
4213,DECODE,850,0,850,1486.73,31.69,1
4214,DECODE,849,0,849,1488.30,31.67,1
4215,DECODE,849,0,849,1489.30,26.65,1
4216,DECODE,848,0,848,1490.87,31.00,1
4217,DECODE,847,0,847,1492.44,31.77,1
4218,DECODE,846,0,846,1494.02,31.56,1
4219,DECODE,845,0,845,1495.59,32.36,1
4220,DECODE,844,0,844,1497.17,31.41,1
4221,DECODE,844,0,844,1498.17,26.37,1
4222,DECODE,843,0,843,1499.75,31.67,1
4223,DECODE,842,0,842,1501.33,32.28,1
4224,DECODE,841,0,841,1502.92,31.94,1
4225,DECODE,840,0,840,1503.82,31.84,1
4226,DECODE,840,0,840,1504.82,26.32,1
4227,DECODE,839,0,839,1506.41,31.97,1
4228,DECODE,838,0,838,1508.00,31.52,1
4229,DECODE,837,0,837,1509.59,31.53,1
4230,DECODE,837,0,837,1510.59,26.46,1
4231,DECODE,835,0,835,1511.31,32.71,1
4232,DECODE,834,0,834,1512.17,32.93,1
4233,DECODE,834,0,834,1513.17,26.27,1
4234,DECODE,832,0,832,1513.94,30.48,1
4235,DECODE,832,0,832,1514.94,26.33,1
4236,DECODE,832,0,832,1515.94,26.19,1
4237,DECODE,831,0,831,1516.82,30.59,1
4238,DECODE,831,0,831,1517.82,26.17,1
4239,DECODE,831,0,831,1518.82,26.27,1
4240,DECODE,830,0,830,1519.70,30.89,1
4241,DECODE,830,0,830,1520.70,26.25,1
4242,DECODE,830,0,830,1521.70,26.22,1
4243,DECODE,830,0,830,1522.70,26.44,1
4244,DECODE,829,0,829,1524.30,31.88,1
4245,DECODE,828,0,828,1525.90,30.14,1
4246,DECODE,827,0,827,1526.81,30.73,1
4247,DECODE,827,0,827,1527.81,26.47,1
4248,DECODE,827,0,827,1528.81,26.37,1
4249,DECODE,826,0,826,1530.41,30.72,1
4250,DECODE,824,0,824,1531.21,30.31,1
4251,DECODE,824,0,824,1532.21,25.85,1
4252,DECODE,824,0,824,1533.21,25.83,1
4253,DECODE,824,0,824,1534.21,26.10,1
4254,DECODE,823,0,823,1535.81,30.72,1
4255,DECODE,822,0,822,1537.42,30.89,1
4256,DECODE,821,0,821,1539.03,30.64,1
4257,DECODE,820,0,820,1539.95,30.46,1
4258,DECODE,820,0,820,1540.95,26.72,1
4259,DECODE,819,0,819,1541.84,30.67,1
4260,DECODE,819,0,819,1542.84,26.29,1
4261,DECODE,818,0,818,1544.45,30.29,1
4262,DECODE,818,0,818,1545.45,26.25,1
4263,DECODE,817,0,817,1547.07,30.43,1
4264,DECODE,816,0,816,1548.69,30.50,1
4265,DECODE,815,0,815,1550.30,30.76,1
4266,DECODE,814,0,814,1551.93,30.84,1
4267,DECODE,814,0,814,1552.93,26.38,1
4268,DECODE,813,0,813,1554.55,30.86,1
4269,DECODE,812,0,812,1556.17,30.41,1
4270,DECODE,811,0,811,1557.80,30.91,1
4271,DECODE,811,0,811,1558.80,26.55,1
4272,DECODE,810,0,810,1560.43,31.79,1
4273,DECODE,809,0,809,1561.32,30.80,1
4274,DECODE,809,0,809,1562.32,26.54,1
4275,DECODE,808,0,808,1563.95,30.27,1
4276,DECODE,807,0,807,1565.58,30.68,1
4277,DECODE,807,0,807,1566.58,26.55,1
4278,DECODE,806,0,806,1567.48,31.04,1
4279,DECODE,806,0,806,1568.48,28.02,1
4280,DECODE,805,0,805,1570.11,30.80,1
4281,DECODE,804,0,804,1571.75,31.87,1
4282,DECODE,803,0,803,1573.39,30.78,1
4283,DECODE,803,0,803,1574.39,26.36,1
4284,DECODE,802,0,802,1576.03,30.71,1
4285,DECODE,801,0,801,1577.68,31.03,1
4286,DECODE,800,0,800,1578.59,29.05,1
4287,DECODE,800,0,800,1579.59,25.79,1
4288,DECODE,799,0,799,1581.24,30.38,1
4289,DECODE,799,0,799,1582.24,26.13,1
4290,DECODE,798,0,798,1583.88,32.35,1
4291,DECODE,797,0,797,1584.80,30.53,1
4292,DECODE,797,0,797,1585.80,26.20,1
4293,DECODE,794,0,794,1586.49,30.26,1
4294,DECODE,794,0,794,1587.49,25.97,1
4295,DECODE,793,0,793,1588.42,30.02,1
4296,DECODE,792,0,792,1589.35,29.98,1
4297,DECODE,792,0,792,1590.35,25.65,1
4298,DECODE,792,0,792,1591.35,25.66,1
4299,DECODE,792,0,792,1592.35,25.72,1
4300,DECODE,792,0,792,1593.35,25.72,1
4301,DECODE,791,0,791,1594.28,30.42,1
4302,DECODE,790,0,790,1595.20,32.41,1
4303,DECODE,789,0,789,1596.13,32.26,1
4304,DECODE,788,0,788,1597.02,30.03,1
4305,DECODE,787,0,787,1597.94,30.17,1
4306,DECODE,787,0,787,1598.94,26.45,1
4307,DECODE,787,0,787,1599.94,25.71,1
4308,DECODE,787,0,787,1600.94,26.06,1
4309,DECODE,786,0,786,1601.85,30.27,1
4310,DECODE,786,0,786,1602.85,25.91,1
4311,DECODE,786,0,786,1603.85,25.89,1
4312,DECODE,786,0,786,1604.85,25.96,1
4313,DECODE,785,0,785,1605.76,30.50,1
4314,DECODE,785,0,785,1606.76,26.26,1
4315,DECODE,785,0,785,1607.76,25.97,1
4316,DECODE,784,0,784,1608.59,29.97,1
4317,DECODE,784,0,784,1609.59,25.36,1
4318,DECODE,784,0,784,1610.59,25.63,1
4319,DECODE,783,0,783,1611.51,30.66,1
4320,DECODE,783,0,783,1612.51,25.95,1
4321,DECODE,781,0,781,1613.25,30.88,1
4322,DECODE,781,0,781,1614.25,26.15,1
4323,DECODE,781,0,781,1615.25,25.95,1
4324,DECODE,781,0,781,1616.25,25.81,1
4325,DECODE,780,0,780,1617.93,31.97,1
4326,DECODE,780,0,780,1618.93,25.71,1
4327,DECODE,778,0,778,1619.75,30.51,1
4328,DECODE,778,0,778,1620.75,25.94,1
4329,DECODE,778,0,778,1621.75,26.52,1
4330,DECODE,776,0,776,1622.57,25.89,1
4331,DECODE,776,0,776,1623.57,25.65,1
4332,DECODE,776,0,776,1624.57,25.63,1
4333,DECODE,775,0,775,1625.47,26.36,1
4334,DECODE,775,0,775,1626.47,26.16,1
4335,DECODE,774,0,774,1627.34,30.32,1
4336,DECODE,774,0,774,1628.34,25.81,1
4337,DECODE,774,0,774,1629.34,25.76,1
4338,DECODE,774,0,774,1630.34,25.86,1
4339,DECODE,773,0,773,1631.19,31.10,1
4340,DECODE,772,0,772,1632.08,30.56,1
4341,DECODE,772,0,772,1633.08,25.68,1
4342,DECODE,772,0,772,1634.08,25.60,1
4343,DECODE,771,0,771,1634.97,30.67,1
4344,DECODE,771,0,771,1635.97,25.97,1
4345,DECODE,771,0,771,1636.97,25.74,1
4346,DECODE,771,0,771,1637.97,25.94,1
4347,DECODE,771,0,771,1638.97,25.94,1
4348,DECODE,770,0,770,1640.64,30.73,1
4349,DECODE,770,0,770,1641.64,25.94,1
4350,DECODE,769,0,769,1643.31,30.78,1
4351,DECODE,768,0,768,1644.99,37.53,1
4352,DECODE,767,0,767,1646.66,33.92,1
4353,DECODE,767,0,767,1647.66,25.99,1
4354,DECODE,766,0,766,1649.34,32.68,1
4355,DECODE,765,0,765,1651.03,32.37,1
4356,DECODE,765,0,765,1652.03,26.00,1
4357,DECODE,764,0,764,1653.71,32.21,1
4358,DECODE,763,0,763,1655.40,32.38,1
4359,DECODE,763,0,763,1656.40,26.81,1
4360,DECODE,762,0,762,1658.09,32.64,1
4361,DECODE,761,0,761,1659.78,32.65,1
4362,DECODE,761,0,761,1660.78,26.00,1
4363,DECODE,760,0,760,1661.70,31.75,1
4364,DECODE,760,0,760,1662.70,25.64,1
4365,DECODE,759,0,759,1664.39,32.39,1
4366,DECODE,758,0,758,1666.09,32.25,1
4367,DECODE,758,0,758,1667.09,25.72,1
4368,DECODE,757,0,757,1668.01,32.21,1
4369,DECODE,756,0,756,1668.95,31.80,1
4370,DECODE,755,0,755,1669.85,32.33,1
4371,DECODE,755,0,755,1670.85,25.98,1
4372,DECODE,755,0,755,1671.85,25.92,1
4373,DECODE,754,0,754,1672.76,32.31,1
4374,DECODE,754,0,754,1673.76,25.76,1
4375,DECODE,754,0,754,1674.76,25.76,1
4376,DECODE,754,0,754,1675.76,25.90,1
4377,DECODE,753,0,753,1677.46,32.45,1
4378,DECODE,752,0,752,1678.37,32.05,1
4379,DECODE,751,0,751,1679.29,32.32,1
4380,DECODE,750,0,750,1680.20,32.15,1
4381,DECODE,750,0,750,1681.20,25.55,1
4382,DECODE,750,0,750,1682.20,25.62,1
4383,DECODE,750,0,750,1683.20,25.62,1
4384,DECODE,750,0,750,1684.20,25.62,1
4385,DECODE,749,0,749,1685.10,33.36,1
4386,DECODE,748,0,748,1685.98,34.30,1
4387,DECODE,748,0,748,1686.98,25.51,1
4388,DECODE,747,0,747,1687.86,31.99,1
4389,DECODE,747,0,747,1688.86,25.89,1
4390,DECODE,747,0,747,1689.86,25.87,1
4391,DECODE,746,0,746,1690.81,32.00,1
4392,DECODE,746,0,746,1691.81,26.15,1
4393,DECODE,746,0,746,1692.81,25.76,1
4394,DECODE,746,0,746,1693.81,26.00,1
4395,DECODE,745,0,745,1694.74,31.93,1
4396,DECODE,745,0,745,1695.74,25.82,1
4397,DECODE,744,0,744,1697.45,31.34,1
4398,DECODE,744,0,744,1698.45,26.16,1
4399,DECODE,743,0,743,1700.17,31.75,1
4400,DECODE,742,0,742,1701.88,33.12,1
4401,DECODE,742,0,742,1702.88,25.65,1
4402,DECODE,741,0,741,1704.60,31.80,1
4403,DECODE,741,0,741,1705.60,25.84,1
4404,DECODE,740,0,740,1706.52,31.26,1
4405,DECODE,740,0,740,1707.52,25.79,1
4406,DECODE,739,0,739,1709.24,31.95,1
4407,DECODE,739,0,739,1710.24,25.97,1
4408,DECODE,738,0,738,1711.13,33.42,1
4409,DECODE,737,0,737,1712.07,31.75,1
4410,DECODE,736,0,736,1713.01,32.11,1
4411,DECODE,736,0,736,1714.01,25.63,1
4412,DECODE,736,0,736,1715.01,25.55,1
4413,DECODE,736,0,736,1716.01,25.78,1
4414,DECODE,736,0,736,1717.01,25.59,1
4415,DECODE,735,0,735,1718.74,31.90,1
4416,DECODE,734,0,734,1720.46,31.74,1
4417,DECODE,734,0,734,1721.46,25.94,1
4418,DECODE,733,0,733,1723.19,32.15,1
4419,DECODE,732,0,732,1724.09,31.55,1
4420,DECODE,731,0,731,1725.00,31.87,1
4421,DECODE,730,0,730,1725.95,31.70,1
4422,DECODE,730,0,730,1726.95,25.85,1
4423,DECODE,728,0,728,1728.65,30.97,1
4424,DECODE,728,0,728,1729.65,25.49,1
4425,DECODE,728,0,728,1730.65,25.38,1
4426,DECODE,728,0,728,1731.65,25.78,1
4427,DECODE,728,0,728,1732.65,25.51,1
4428,DECODE,728,0,728,1733.65,25.46,1
4429,DECODE,728,0,728,1734.65,25.67,1
4430,DECODE,728,0,728,1735.65,25.67,1
4431,DECODE,727,0,727,1737.39,31.75,1
4432,DECODE,726,0,726,1739.13,31.26,1
4433,DECODE,725,0,725,1740.02,31.34,1
4434,DECODE,725,0,725,1741.02,25.83,1
4435,DECODE,725,0,725,1742.02,26.01,1
4436,DECODE,725,0,725,1743.02,25.97,1
4437,DECODE,724,0,724,1744.76,31.09,1
4438,DECODE,722,0,722,1745.42,31.46,1
4439,DECODE,722,0,722,1746.42,25.62,1
4440,DECODE,721,0,721,1747.36,31.23,1
4441,DECODE,721,0,721,1748.36,25.77,1
4442,DECODE,721,0,721,1749.36,25.91,1
4443,DECODE,721,0,721,1750.36,25.73,1
4444,DECODE,721,0,721,1751.36,26.14,1
4445,DECODE,720,0,720,1752.28,31.78,1
4446,DECODE,720,0,720,1753.28,25.09,1
4447,DECODE,720,0,720,1754.28,25.12,1
4448,DECODE,719,0,719,1755.15,30.90,1
4449,DECODE,718,0,718,1756.07,30.23,1
4450,DECODE,718,0,718,1757.07,25.27,1
4451,DECODE,718,0,718,1758.07,25.20,1
4452,DECODE,718,0,718,1759.07,25.42,1
4453,DECODE,718,0,718,1760.07,26.89,1
4454,DECODE,717,0,717,1761.84,30.39,1
4455,DECODE,716,0,716,1763.59,31.01,1
4456,DECODE,716,0,716,1764.59,25.28,1
4457,DECODE,715,0,715,1766.35,32.66,1
4458,DECODE,715,0,715,1767.35,25.66,1
4459,DECODE,714,0,714,1769.10,30.16,1
4460,DECODE,713,0,713,1770.86,30.51,1
4461,DECODE,713,0,713,1771.86,25.55,1
4462,DECODE,712,0,712,1773.63,30.27,1
4463,DECODE,711,0,711,1774.58,31.50,1
4464,DECODE,711,0,711,1775.58,25.35,1
4465,DECODE,711,0,711,1776.58,25.49,1
4466,DECODE,710,0,710,1778.35,30.35,1
4467,DECODE,710,0,710,1779.35,25.14,1
4468,DECODE,709,0,709,1780.24,30.64,1
4469,DECODE,709,0,709,1781.24,25.36,1
4470,DECODE,708,0,708,1782.18,30.07,1
4471,DECODE,708,0,708,1783.18,24.89,1
4472,DECODE,708,0,708,1784.18,24.92,1
4473,DECODE,707,0,707,1785.95,30.60,1
4474,DECODE,707,0,707,1786.95,25.53,1
4475,DECODE,706,0,706,1788.72,30.27,1
4476,DECODE,706,0,706,1789.72,25.17,1
4477,DECODE,705,0,705,1791.50,30.59,1
4478,DECODE,703,0,703,1792.33,32.04,1
4479,DECODE,703,0,703,1793.33,25.17,1
4480,DECODE,703,0,703,1794.33,25.34,1
4481,DECODE,702,0,702,1796.11,30.14,1
4482,DECODE,702,0,702,1797.11,25.39,1
4483,DECODE,702,0,702,1798.11,25.10,1
4484,DECODE,702,0,702,1799.11,25.15,1
4485,DECODE,701,0,701,1800.89,30.39,1
4486,DECODE,701,0,701,1801.89,25.49,1
4487,DECODE,700,0,700,1803.67,30.34,1
4488,DECODE,700,0,700,1804.67,25.37,1
4489,DECODE,699,0,699,1806.46,30.54,1
4490,DECODE,699,0,699,1807.46,25.56,1
4491,DECODE,698,0,698,1809.25,30.78,1
4492,DECODE,698,0,698,1810.25,25.12,1
4493,DECODE,697,0,697,1812.04,30.64,1
4494,DECODE,696,0,696,1813.84,30.86,1
4495,DECODE,696,0,696,1814.84,25.23,1
4496,DECODE,695,0,695,1816.64,30.51,1
4497,DECODE,694,0,694,1817.55,30.35,1
4498,DECODE,694,0,694,1818.55,25.41,1
4499,DECODE,694,0,694,1819.55,25.32,1
4500,DECODE,694,0,694,1820.55,25.25,1
4501,DECODE,693,0,693,1822.35,31.57,1
4502,DECODE,692,0,692,1823.31,30.15,1
4503,DECODE,692,0,692,1824.31,24.98,1
4504,DECODE,691,0,691,1825.23,30.08,1
4505,DECODE,691,0,691,1826.23,24.99,1
4506,DECODE,691,0,691,1827.23,24.92,1
4507,DECODE,690,0,690,1828.17,30.04,1
4508,DECODE,690,0,690,1829.17,24.93,1
4509,DECODE,690,0,690,1830.17,24.86,1
4510,DECODE,690,0,690,1831.17,24.98,1
4511,DECODE,689,0,689,1832.98,30.12,1
4512,DECODE,688,0,688,1834.79,30.34,1
4513,DECODE,688,0,688,1835.79,24.73,1
4514,DECODE,687,0,687,1836.68,30.27,1
4515,DECODE,687,0,687,1837.68,24.99,1
4516,DECODE,686,0,686,1838.62,29.91,1
4517,DECODE,685,0,685,1839.54,30.12,1
4518,DECODE,685,0,685,1840.54,26.18,1
4519,DECODE,685,0,685,1841.54,24.95,1
4520,DECODE,684,0,684,1842.46,29.73,1
4521,DECODE,683,0,683,1843.42,30.00,1
4522,DECODE,682,0,682,1844.36,29.87,1
4523,DECODE,682,0,682,1845.36,24.75,1
4524,DECODE,681,0,681,1846.29,29.90,1
4525,DECODE,680,0,680,1847.24,30.59,1
4526,DECODE,680,0,680,1848.24,24.64,1
4527,DECODE,680,0,680,1849.24,24.59,1
4528,DECODE,680,0,680,1850.24,24.75,1
4529,DECODE,680,0,680,1851.24,24.74,1
4530,DECODE,680,0,680,1852.24,24.75,1
4531,DECODE,680,0,680,1853.24,24.68,1
4532,DECODE,680,0,680,1854.24,24.49,1
4533,DECODE,680,0,680,1855.24,24.65,1
4534,DECODE,679,0,679,1856.16,29.70,1
4535,DECODE,679,0,679,1857.16,25.01,1
4536,DECODE,678,0,678,1858.13,29.63,1
4537,DECODE,678,0,678,1859.13,25.00,1
4538,DECODE,677,0,677,1860.04,30.31,1
4539,DECODE,676,0,676,1860.99,30.41,1
4540,DECODE,676,0,676,1861.99,24.75,1
4541,DECODE,676,0,676,1862.99,24.61,1
4542,DECODE,676,0,676,1863.99,24.71,1
4543,DECODE,676,0,676,1864.99,24.84,1
4544,DECODE,676,0,676,1865.99,24.93,1
4545,DECODE,676,0,676,1866.99,24.74,1
4546,DECODE,676,0,676,1867.99,24.77,1
4547,DECODE,676,0,676,1868.99,24.59,1
4548,DECODE,675,0,675,1870.81,29.98,1
4549,DECODE,675,0,675,1871.81,25.10,1
4550,DECODE,674,0,674,1873.64,30.04,1
4551,DECODE,673,0,673,1875.47,29.84,1
4552,DECODE,673,0,673,1876.47,25.11,1
4553,DECODE,672,0,672,1877.41,33.46,1
4554,DECODE,671,0,671,1878.29,30.96,1
4555,DECODE,671,0,671,1879.29,25.10,1
4556,DECODE,671,0,671,1880.29,25.05,1
4557,DECODE,670,0,670,1881.22,30.65,1
4558,DECODE,670,0,670,1882.22,25.14,1
4559,DECODE,670,0,670,1883.22,25.04,1
4560,DECODE,669,0,669,1884.18,30.78,1
4561,DECODE,669,0,669,1885.18,25.26,1
4562,DECODE,669,0,669,1886.18,25.43,1
4563,DECODE,669,0,669,1887.18,25.14,1
4564,DECODE,669,0,669,1888.18,25.18,1
4565,DECODE,668,0,668,1890.02,30.74,1
4566,DECODE,668,0,668,1891.02,24.90,1
4567,DECODE,667,0,667,1892.86,30.94,1
4568,DECODE,667,0,667,1893.86,25.07,1
4569,DECODE,666,0,666,1895.70,30.82,1
4570,DECODE,666,0,666,1896.70,25.41,1
4571,DECODE,664,0,664,1897.60,30.66,1
4572,DECODE,664,0,664,1898.60,24.80,1
4573,DECODE,663,0,663,1899.53,30.69,1
4574,DECODE,663,0,663,1900.53,24.97,1
4575,DECODE,662,0,662,1901.50,30.41,1
4576,DECODE,662,0,662,1902.50,26.73,1
4577,DECODE,662,0,662,1903.50,24.91,1
4578,DECODE,662,0,662,1904.50,25.17,1
4579,DECODE,661,0,661,1905.47,30.45,1
4580,DECODE,661,0,661,1906.47,24.85,1
4581,DECODE,661,0,661,1907.47,24.84,1
4582,DECODE,661,0,661,1908.47,24.92,1
4583,DECODE,660,0,660,1909.42,32.44,1
4584,DECODE,660,0,660,1910.42,24.82,1
4585,DECODE,660,0,660,1911.42,24.81,1
4586,DECODE,660,0,660,1912.42,24.77,1
4587,DECODE,660,0,660,1913.42,24.72,1
4588,DECODE,659,0,659,1915.27,30.95,1
4589,DECODE,659,0,659,1916.27,24.88,1
4590,DECODE,658,0,658,1918.13,30.71,1
4591,DECODE,658,0,658,1919.13,24.67,1
4592,DECODE,657,0,657,1920.99,30.86,1
4593,DECODE,657,0,657,1921.99,25.36,1
4594,DECODE,656,0,656,1923.85,35.20,1
4595,DECODE,656,0,656,1924.85,24.90,1
4596,DECODE,655,0,655,1925.80,31.31,1
4597,DECODE,655,0,655,1926.80,24.78,1
4598,DECODE,655,0,655,1927.80,24.81,1
4599,DECODE,655,0,655,1928.80,24.85,1
4600,DECODE,654,0,654,1930.67,31.47,1
4601,DECODE,654,0,654,1931.67,25.07,1
4602,DECODE,653,0,653,1933.54,30.79,1
4603,DECODE,652,0,652,1934.47,32.25,1
4604,DECODE,651,0,651,1935.43,31.23,1
4605,DECODE,651,0,651,1936.43,24.87,1
4606,DECODE,650,0,650,1937.36,30.73,1
4607,DECODE,650,0,650,1938.36,24.92,1
4608,DECODE,649,0,649,1939.32,30.66,1
4609,DECODE,649,0,649,1940.32,24.80,1
4610,DECODE,649,0,649,1941.32,25.06,1
4611,DECODE,648,0,648,1942.26,32.58,1
4612,DECODE,648,0,648,1943.26,24.54,1
4613,DECODE,648,0,648,1944.26,24.68,1
4614,DECODE,648,0,648,1945.26,24.40,1
4615,DECODE,647,0,647,1946.24,30.12,1
4616,DECODE,647,0,647,1947.24,24.71,1
4617,DECODE,647,0,647,1948.24,24.64,1
4618,DECODE,647,0,647,1949.24,24.83,1
4619,DECODE,647,0,647,1950.24,24.79,1
4620,DECODE,646,0,646,1951.22,30.24,1
4621,DECODE,646,0,646,1952.22,24.85,1
4622,DECODE,646,0,646,1953.22,24.79,1
4623,DECODE,645,0,645,1953.98,30.21,1
4624,DECODE,645,0,645,1954.98,24.43,1
4625,DECODE,645,0,645,1955.98,24.87,1
4626,DECODE,645,0,645,1956.98,24.94,1
4627,DECODE,645,0,645,1957.98,24.76,1
4628,DECODE,644,0,644,1958.91,30.03,1
4629,DECODE,643,0,643,1959.83,30.47,1
4630,DECODE,643,0,643,1960.83,24.81,1
4631,DECODE,643,0,643,1961.83,24.82,1
4632,DECODE,643,0,643,1962.83,24.87,1
4633,DECODE,642,0,642,1963.76,32.02,1
4634,DECODE,642,0,642,1964.76,24.89,1
4635,DECODE,642,0,642,1965.76,24.72,1
4636,DECODE,641,0,641,1966.69,30.25,1
4637,DECODE,641,0,641,1967.69,25.07,1
4638,DECODE,641,0,641,1968.69,24.68,1
4639,DECODE,641,0,641,1969.69,24.52,1
4640,DECODE,641,0,641,1970.69,24.80,1
4641,DECODE,640,0,640,1971.65,34.47,1
4642,DECODE,640,0,640,1972.65,24.60,1
4643,DECODE,640,0,640,1973.65,24.36,1
4644,DECODE,639,0,639,1974.60,30.96,1
4645,DECODE,639,0,639,1975.60,24.61,1
4646,DECODE,639,0,639,1976.60,24.50,1
4647,DECODE,638,0,638,1977.58,30.98,1
4648,DECODE,638,0,638,1978.58,24.56,1
4649,DECODE,638,0,638,1979.58,24.41,1
4650,DECODE,637,0,637,1981.47,31.21,1
4651,DECODE,637,0,637,1982.47,24.29,1
4652,DECODE,636,0,636,1984.36,30.14,1
4653,DECODE,636,0,636,1985.36,24.25,1
4654,DECODE,635,0,635,1986.21,30.84,1
4655,DECODE,635,0,635,1987.21,24.55,1
4656,DECODE,634,0,634,1988.15,30.74,1
4657,DECODE,633,0,633,1989.07,30.84,1
4658,DECODE,633,0,633,1990.07,26.23,1
4659,DECODE,633,0,633,1991.07,24.47,1
4660,DECODE,633,0,633,1992.07,24.57,1
4661,DECODE,632,0,632,1993.00,30.70,1
4662,DECODE,632,0,632,1994.00,24.29,1
4663,DECODE,631,0,631,1994.96,30.79,1
4664,DECODE,631,0,631,1995.96,24.33,1
4665,DECODE,631,0,631,1996.96,24.44,1
4666,DECODE,631,0,631,1997.96,24.63,1
4667,DECODE,631,0,631,1998.96,24.80,1
4668,DECODE,631,0,631,1999.96,24.46,1
4669,DECODE,631,0,631,2000.96,24.80,1
4670,DECODE,630,0,630,2002.86,31.29,1
4671,DECODE,630,0,630,2003.86,24.40,1
4672,DECODE,630,0,630,2004.86,24.46,1
4673,DECODE,628,0,628,2005.73,32.64,1
4674,DECODE,627,0,627,2006.68,31.14,1
4675,DECODE,627,0,627,2007.68,24.64,1
4676,DECODE,627,0,627,2008.68,24.69,1
4677,DECODE,626,0,626,2009.53,30.59,1
4678,DECODE,625,0,625,2010.48,30.87,1
4679,DECODE,624,0,624,2011.41,30.00,1
4680,DECODE,624,0,624,2012.41,24.32,1
4681,DECODE,623,0,623,2013.36,24.32,1
4682,DECODE,623,0,623,2014.36,24.92,1
4683,DECODE,623,0,623,2015.36,24.39,1
4684,DECODE,622,0,622,2017.29,29.86,1
4685,DECODE,622,0,622,2018.29,24.40,1
4686,DECODE,622,0,622,2019.29,24.52,1
4687,DECODE,622,0,622,2020.29,24.54,1
4688,DECODE,622,0,622,2021.29,24.46,1
4689,DECODE,622,0,622,2022.29,24.39,1
4690,DECODE,622,0,622,2023.29,24.63,1
4691,DECODE,622,0,622,2024.29,24.43,1
4692,DECODE,622,0,622,2025.29,24.42,1
4693,DECODE,622,0,622,2026.29,24.56,1
4694,DECODE,622,0,622,2027.29,24.58,1
4695,DECODE,622,0,622,2028.29,24.52,1
4696,DECODE,621,0,621,2029.27,29.88,1
4697,DECODE,621,0,621,2030.27,24.50,1
4698,DECODE,621,0,621,2031.27,24.59,1
4699,DECODE,621,0,621,2032.27,24.59,1
4700,DECODE,620,0,620,2033.16,29.79,1
4701,DECODE,619,0,619,2033.92,29.86,1
4702,DECODE,619,0,619,2034.92,24.57,1
4703,DECODE,619,0,619,2035.92,24.52,1
4704,DECODE,619,0,619,2036.92,24.40,1
4705,DECODE,619,0,619,2037.92,24.51,1
4706,DECODE,619,0,619,2038.92,24.59,1
4707,DECODE,619,0,619,2039.92,24.43,1
4708,DECODE,618,0,618,2041.85,29.77,1
4709,DECODE,617,0,617,2043.79,29.90,1
4710,DECODE,617,0,617,2044.79,25.95,1
4711,DECODE,617,0,617,2045.79,24.73,1
4712,DECODE,617,0,617,2046.79,24.41,1
4713,DECODE,616,0,616,2048.72,32.44,1
4714,DECODE,615,0,615,2049.71,31.54,1
4715,DECODE,614,0,614,2050.65,30.30,1
4716,DECODE,614,0,614,2051.65,24.51,1
4717,DECODE,613,0,613,2052.58,30.60,1
4718,DECODE,612,0,612,2053.32,31.21,1
4719,DECODE,612,0,612,2054.32,24.34,1
4720,DECODE,612,0,612,2055.32,24.42,1
4721,DECODE,612,0,612,2056.32,24.41,1
4722,DECODE,612,0,612,2057.32,24.35,1
4723,DECODE,612,0,612,2058.32,24.29,1
4724,DECODE,612,0,612,2059.32,24.21,1
4725,DECODE,612,0,612,2060.32,24.29,1
4726,DECODE,612,0,612,2061.32,24.40,1
4727,DECODE,612,0,612,2062.32,24.46,1
4728,DECODE,612,0,612,2063.32,24.49,1
4729,DECODE,611,0,611,2065.26,30.31,1
4730,DECODE,611,0,611,2066.26,24.85,1
4731,DECODE,611,0,611,2067.26,24.57,1
4732,DECODE,610,0,610,2069.20,30.19,1
4733,DECODE,609,0,609,2070.14,30.15,1
4734,DECODE,609,0,609,2071.14,24.62,1
4735,DECODE,609,0,609,2072.14,24.53,1
4736,DECODE,609,0,609,2073.14,24.65,1
4737,DECODE,608,0,608,2075.09,31.59,1
4738,DECODE,607,0,607,2076.05,30.44,1
4739,DECODE,607,0,607,2077.05,24.62,1
4740,DECODE,606,0,606,2077.91,30.28,1
4741,DECODE,604,0,604,2078.81,31.31,1
4742,DECODE,604,0,604,2079.81,24.35,1
4743,DECODE,604,0,604,2080.81,24.37,1
4744,DECODE,604,0,604,2081.81,24.40,1
4745,DECODE,604,0,604,2082.81,24.48,1
4746,DECODE,604,0,604,2083.81,24.73,1
4747,DECODE,604,0,604,2084.81,25.40,1
4748,DECODE,604,0,604,2085.81,24.47,1
4749,DECODE,604,0,604,2086.81,24.38,1
4750,DECODE,604,0,604,2087.81,24.47,1
4751,DECODE,604,0,604,2088.81,24.47,1
4752,DECODE,604,0,604,2089.81,24.51,1
4753,DECODE,604,0,604,2090.81,24.60,1
4754,DECODE,603,0,603,2091.71,32.56,1
4755,DECODE,602,0,602,2092.67,30.45,1
4756,DECODE,601,0,601,2093.63,30.45,1
4757,DECODE,601,0,601,2094.63,24.77,1
4758,DECODE,601,0,601,2095.63,24.68,1
4759,DECODE,601,0,601,2096.63,24.75,1
4760,DECODE,601,0,601,2097.63,24.69,1
4761,DECODE,601,0,601,2098.63,24.78,1
4762,DECODE,601,0,601,2099.63,25.09,1
4763,DECODE,600,0,600,2101.61,34.12,1
4764,DECODE,600,0,600,2102.61,24.33,1
4765,DECODE,600,0,600,2103.61,24.23,1
4766,DECODE,600,0,600,2104.61,24.49,1
4767,DECODE,599,0,599,2106.57,29.65,1
4768,DECODE,599,0,599,2107.57,24.72,1
4769,DECODE,598,0,598,2108.47,29.44,1
4770,DECODE,598,0,598,2109.47,24.78,1
4771,DECODE,597,0,597,2109.72,29.52,1
4772,DECODE,597,0,597,2110.72,24.73,1
4773,DECODE,597,0,597,2111.72,24.61,1
4774,DECODE,596,0,596,2112.71,29.33,1
4775,DECODE,596,0,596,2113.71,24.51,1
4776,DECODE,595,0,595,2114.62,29.52,1
4777,DECODE,595,0,595,2115.62,24.60,1
4778,DECODE,594,0,594,2116.58,29.43,1
4779,DECODE,594,0,594,2117.58,24.53,1
4780,DECODE,593,0,593,2118.55,29.23,1
4781,DECODE,593,0,593,2119.55,24.40,1
4782,DECODE,593,0,593,2120.55,24.44,1
4783,DECODE,593,0,593,2121.55,24.40,1
4784,DECODE,593,0,593,2122.55,24.45,1
4785,DECODE,592,0,592,2123.48,30.19,1
4786,DECODE,592,0,592,2124.48,24.29,1
4787,DECODE,591,0,591,2126.50,29.41,1
4788,DECODE,591,0,591,2127.50,24.92,1
4789,DECODE,591,0,591,2128.50,24.30,1
4790,DECODE,591,0,591,2129.50,24.28,1
4791,DECODE,591,0,591,2130.50,24.37,1
4792,DECODE,591,0,591,2131.50,24.38,1
4793,DECODE,591,0,591,2132.50,24.34,1
4794,DECODE,590,0,590,2133.48,30.25,1
4795,DECODE,588,0,588,2134.40,29.70,1
4796,DECODE,588,0,588,2135.40,24.12,1
4797,DECODE,588,0,588,2136.40,24.01,1
4798,DECODE,588,0,588,2137.40,24.11,1
4799,DECODE,588,0,588,2138.40,24.23,1
4800,DECODE,587,0,587,2138.68,30.04,1
4801,DECODE,587,0,587,2139.68,24.28,1
4802,DECODE,585,0,585,2140.62,29.47,1
4803,DECODE,585,0,585,2141.62,24.30,1
4804,DECODE,585,0,585,2142.62,24.11,1
4805,DECODE,585,0,585,2143.62,24.17,1
4806,DECODE,583,0,583,2143.86,30.27,1
4807,DECODE,583,0,583,2144.86,25.61,1
4808,DECODE,583,0,583,2145.86,24.11,1
4809,DECODE,582,0,582,2147.89,28.95,1
4810,DECODE,582,0,582,2148.89,24.52,1
4811,DECODE,581,0,581,2149.18,29.13,1
4812,DECODE,581,0,581,2150.18,24.27,1
4813,DECODE,581,0,581,2151.18,24.22,1
4814,DECODE,581,0,581,2152.18,25.42,1
4815,DECODE,581,0,581,2153.18,24.33,1
4816,DECODE,580,0,580,2154.14,29.14,1
4817,DECODE,580,0,580,2155.14,24.06,1
4818,DECODE,580,0,580,2156.14,23.93,1
4819,DECODE,580,0,580,2157.14,23.95,1
4820,DECODE,580,0,580,2158.14,23.90,1
4821,DECODE,579,0,579,2159.03,29.39,1
4822,DECODE,578,0,578,2159.33,29.28,1
4823,DECODE,578,0,578,2160.33,24.38,1
4824,DECODE,578,0,578,2161.33,24.15,1
4825,DECODE,577,0,577,2162.31,29.14,1
4826,DECODE,577,0,577,2163.31,24.18,1
4827,DECODE,577,0,577,2164.31,23.85,1
4828,DECODE,577,0,577,2165.31,24.18,1
4829,DECODE,577,0,577,2166.31,24.17,1
4830,DECODE,576,0,576,2167.28,30.74,1
4831,DECODE,576,0,576,2168.28,24.03,1
4832,DECODE,576,0,576,2169.28,23.93,1
4833,DECODE,576,0,576,2170.28,24.00,1
4834,DECODE,575,0,575,2171.18,30.19,1
4835,DECODE,575,0,575,2172.18,24.21,1
4836,DECODE,575,0,575,2173.18,24.07,1
4837,DECODE,574,0,574,2174.11,30.23,1
4838,DECODE,574,0,574,2175.11,24.25,1
4839,DECODE,574,0,574,2176.11,24.22,1
4840,DECODE,573,0,573,2176.44,30.20,1
4841,DECODE,573,0,573,2177.44,24.53,1
4842,DECODE,573,0,573,2178.44,24.19,1
4843,DECODE,573,0,573,2179.44,24.40,1
4844,DECODE,573,0,573,2180.44,24.93,1
4845,DECODE,573,0,573,2181.44,24.68,1
4846,DECODE,573,0,573,2182.44,24.17,1
4847,DECODE,573,0,573,2183.44,24.09,1
4848,DECODE,573,0,573,2184.44,24.08,1
4849,DECODE,572,0,572,2185.40,30.19,1
4850,DECODE,572,0,572,2186.40,23.89,1
4851,DECODE,571,0,571,2187.38,30.13,1
4852,DECODE,570,0,570,2188.35,30.26,1
4853,DECODE,570,0,570,2189.35,24.01,1
4854,DECODE,570,0,570,2190.35,24.46,1
4855,DECODE,569,0,569,2192.36,29.96,1
4856,DECODE,569,0,569,2193.36,24.06,1
4857,DECODE,569,0,569,2194.36,24.01,1
4858,DECODE,566,0,566,2194.34,30.14,1
4859,DECODE,565,0,565,2194.69,31.24,1
4860,DECODE,565,0,565,2195.69,24.05,1
4861,DECODE,565,0,565,2196.69,23.97,1
4862,DECODE,564,0,564,2197.62,30.86,1
4863,DECODE,564,0,564,2198.62,23.67,1
4864,DECODE,564,0,564,2199.62,23.84,1
4865,DECODE,564,0,564,2200.62,23.76,1
4866,DECODE,564,0,564,2201.62,23.75,1
4867,DECODE,564,0,564,2202.62,23.82,1
4868,DECODE,564,0,564,2203.62,23.75,1
4869,DECODE,562,0,562,2204.47,30.12,1
4870,DECODE,562,0,562,2205.47,23.97,1
4871,DECODE,562,0,562,2206.47,24.10,1
4872,DECODE,562,0,562,2207.47,24.02,1
4873,DECODE,561,0,561,2207.84,36.66,1
4874,DECODE,560,0,560,2208.76,32.53,1
4875,DECODE,560,0,560,2209.76,23.59,1
4876,DECODE,560,0,560,2210.76,23.49,1
4877,DECODE,560,0,560,2211.76,23.50,1
4878,DECODE,560,0,560,2212.76,23.50,1
4879,DECODE,560,0,560,2213.76,23.50,1
4880,DECODE,560,0,560,2214.76,23.57,1
4881,DECODE,560,0,560,2215.76,23.58,1
4882,DECODE,560,0,560,2216.76,23.68,1
4883,DECODE,560,0,560,2217.76,23.55,1
4884,DECODE,560,0,560,2218.76,23.60,1
4885,DECODE,560,0,560,2219.76,23.51,1
4886,DECODE,559,0,559,2220.68,29.95,1
4887,DECODE,559,0,559,2221.68,23.97,1
4888,DECODE,559,0,559,2222.68,23.73,1
4889,DECODE,559,0,559,2223.68,23.74,1
4890,DECODE,559,0,559,2224.68,23.89,1
4891,DECODE,558,0,558,2225.08,29.78,1
4892,DECODE,558,0,558,2226.08,24.00,1
4893,DECODE,558,0,558,2227.08,24.10,1
4894,DECODE,558,0,558,2228.08,23.92,1
4895,DECODE,558,0,558,2229.08,23.64,1
4896,DECODE,558,0,558,2230.08,23.75,1
4897,DECODE,558,0,558,2231.08,23.76,1
4898,DECODE,557,0,557,2231.97,29.79,1
4899,DECODE,557,0,557,2232.97,23.98,1
4900,DECODE,557,0,557,2233.97,23.95,1
4901,DECODE,557,0,557,2234.97,23.97,1
4902,DECODE,557,0,557,2235.97,23.89,1
4903,DECODE,557,0,557,2236.97,24.00,1
4904,DECODE,557,0,557,2237.97,24.13,1
4905,DECODE,557,0,557,2238.97,23.92,1
4906,DECODE,557,0,557,2239.97,23.90,1
4907,DECODE,557,0,557,2240.97,23.82,1
4908,DECODE,557,0,557,2241.97,23.95,1
4909,DECODE,557,0,557,2242.97,23.90,1
4910,DECODE,557,0,557,2243.97,23.83,1
4911,DECODE,557,0,557,2244.97,23.94,1
4912,DECODE,557,0,557,2245.97,23.93,1
4913,DECODE,557,0,557,2246.97,24.26,1
4914,DECODE,557,0,557,2247.97,23.83,1
4915,DECODE,556,0,556,2248.91,29.79,1
4916,DECODE,556,0,556,2249.91,23.83,1
4917,DECODE,556,0,556,2250.91,23.90,1
4918,DECODE,555,0,555,2251.87,30.11,1
4919,DECODE,555,0,555,2252.87,23.97,1
4920,DECODE,555,0,555,2253.87,23.90,1
4921,DECODE,555,0,555,2254.87,23.92,1
4922,DECODE,555,0,555,2255.87,24.11,1
4923,DECODE,555,0,555,2256.87,24.19,1
4924,DECODE,554,0,554,2257.83,30.34,1
4925,DECODE,554,0,554,2258.83,24.26,1
4926,DECODE,553,0,553,2259.29,31.41,1
4927,DECODE,553,0,553,2260.29,23.85,1
4928,DECODE,553,0,553,2261.29,23.97,1
4929,DECODE,553,0,553,2262.29,24.06,1
4930,DECODE,553,0,553,2263.29,24.17,1
4931,DECODE,552,0,552,2263.75,29.75,1
4932,DECODE,551,0,551,2264.65,29.78,1
4933,DECODE,551,0,551,2265.65,23.94,1
4934,DECODE,551,0,551,2266.65,24.15,1
4935,DECODE,551,0,551,2267.65,23.87,1
4936,DECODE,550,0,550,2268.52,30.78,1
4937,DECODE,550,0,550,2269.52,24.17,1
4938,DECODE,550,0,550,2270.52,24.16,1
4939,DECODE,550,0,550,2271.52,23.99,1
4940,DECODE,550,0,550,2272.52,24.07,1
4941,DECODE,550,0,550,2273.52,24.02,1
4942,DECODE,549,0,549,2274.47,30.18,1
4943,DECODE,548,0,548,2275.41,30.04,1
4944,DECODE,547,0,547,2276.37,30.30,1
4945,DECODE,547,0,547,2277.37,23.85,1
4946,DECODE,547,0,547,2278.37,23.98,1
4947,DECODE,545,0,545,2278.79,29.74,1
4948,DECODE,544,0,544,2279.68,29.15,1
4949,DECODE,543,0,543,2281.75,30.71,1
4950,DECODE,543,0,543,2282.75,24.00,1
4951,DECODE,542,0,542,2283.68,31.45,1
4952,DECODE,542,0,542,2284.68,23.89,1
4953,DECODE,542,0,542,2285.68,23.91,1
4954,DECODE,542,0,542,2286.68,24.21,1
4955,DECODE,541,0,541,2287.18,30.90,1
4956,DECODE,540,0,540,2287.67,30.42,1
4957,DECODE,540,0,540,2288.67,23.75,1
4958,DECODE,539,0,539,2289.58,31.16,1
4959,DECODE,538,0,538,2290.07,30.69,1
4960,DECODE,538,0,538,2291.07,24.12,1
4961,DECODE,538,0,538,2292.07,24.29,1
4962,DECODE,537,0,537,2292.58,30.65,1
4963,DECODE,534,0,534,2294.41,33.04,1
4964,DECODE,533,0,533,2294.91,30.95,1
4965,DECODE,533,0,533,2295.91,24.44,1
4966,DECODE,533,0,533,2296.91,24.36,1
4967,DECODE,533,0,533,2297.91,23.98,1
4968,DECODE,533,0,533,2298.91,24.13,1
4969,DECODE,532,0,532,2299.83,30.50,1
4970,DECODE,532,0,532,2300.83,24.02,1
4971,DECODE,531,0,531,2301.73,30.97,1
4972,DECODE,531,0,531,2302.73,24.09,1
4973,DECODE,530,0,530,2303.66,31.63,1
4974,DECODE,530,0,530,2304.66,24.28,1
4975,DECODE,529,0,529,2305.59,30.67,1
4976,DECODE,529,0,529,2306.59,24.11,1
4977,DECODE,529,0,529,2307.59,24.44,1
4978,DECODE,529,0,529,2308.59,24.03,1
4979,DECODE,529,0,529,2309.59,24.11,1
4980,DECODE,529,0,529,2310.59,24.01,1
4981,DECODE,529,0,529,2311.59,23.85,1
4982,DECODE,529,0,529,2312.59,23.98,1
4983,DECODE,528,0,528,2313.55,35.36,1
4984,DECODE,528,0,528,2314.55,23.55,1
4985,DECODE,528,0,528,2315.55,23.45,1
4986,DECODE,528,0,528,2316.55,23.44,1
4987,DECODE,528,0,528,2317.55,23.53,1
4988,DECODE,527,0,527,2318.09,29.25,1
4989,DECODE,526,0,526,2319.03,30.28,1
4990,DECODE,526,0,526,2320.03,24.06,1
4991,DECODE,526,0,526,2321.03,23.50,1
4992,DECODE,526,0,526,2322.03,23.47,1
4993,DECODE,526,0,526,2323.03,23.85,1
4994,DECODE,526,0,526,2324.03,23.68,1
4995,DECODE,525,0,525,2324.58,28.95,1
4996,DECODE,524,0,524,2325.52,28.93,1
4997,DECODE,524,0,524,2326.52,23.29,1
4998,DECODE,524,0,524,2327.52,23.37,1
4999,DECODE,524,0,524,2328.52,23.32,1
5000,DECODE,524,0,524,2329.52,23.29,1
5001,DECODE,524,0,524,2330.52,23.25,1
5002,DECODE,524,0,524,2331.52,23.28,1
5003,DECODE,523,0,523,2332.08,29.16,1
5004,DECODE,521,0,521,2332.53,29.11,1
5005,DECODE,519,0,519,2334.19,30.17,1
5006,DECODE,519,0,519,2335.19,23.22,1
5007,DECODE,518,0,518,2336.11,29.67,1
5008,DECODE,518,0,518,2337.11,23.14,1
5009,DECODE,516,0,516,2338.05,27.67,1
5010,DECODE,516,0,516,2339.05,22.93,1
5011,DECODE,516,0,516,2340.05,22.88,1
5012,DECODE,516,0,516,2341.05,22.97,1
5013,DECODE,516,0,516,2342.05,22.90,1
5014,DECODE,516,0,516,2343.05,23.00,1
5015,DECODE,516,0,516,2344.05,22.96,1
5016,DECODE,516,0,516,2345.05,22.93,1
5017,DECODE,515,0,515,2345.64,27.88,1
5018,DECODE,515,0,515,2346.64,23.11,1
5019,DECODE,515,0,515,2347.64,23.08,1
5020,DECODE,514,0,514,2348.46,27.98,1
5021,DECODE,513,0,513,2349.43,27.83,1
5022,DECODE,512,0,512,2350.36,22.68,1
5023,DECODE,512,0,512,2351.36,21.98,1
5024,DECODE,511,0,511,2352.24,21.94,1
5025,DECODE,511,0,511,2353.24,22.08,1
5026,DECODE,510,0,510,2354.14,22.19,1
5027,EXTEND,1,91,0,94.00,47.27,1
5028,DECODE,510,0,510,2350.64,22.37,1
5029,EXTEND,1,102,0,107.00,29.64,1
5030,DECODE,508,0,508,2346.29,21.54,1
5031,EXTEND,3,203,0,73.00,23.68,1
5032,DECODE,511,0,511,2333.94,21.48,1
5033,DECODE,511,0,511,2334.94,21.76,1
5034,DECODE,510,0,510,2335.79,21.82,1
5035,EXTEND,2,191,0,102.50,23.54,1
5036,DECODE,511,0,511,2327.61,21.40,1
5037,EXTEND,2,126,0,70.00,28.16,1
5038,DECODE,513,0,513,2319.81,25.11,1
5039,DECODE,513,0,513,2320.81,23.82,1
5040,DECODE,513,0,513,2321.81,22.83,1
5041,DECODE,513,0,513,2322.81,22.88,1
5042,DECODE,511,0,511,2323.43,21.58,1
5043,EXTEND,3,184,0,66.33,27.21,1
5044,DECODE,513,0,513,2310.77,26.99,1
5045,EXTEND,2,225,0,117.50,23.66,1
5046,DECODE,514,0,514,2302.75,23.11,1
5047,EXTEND,2,150,0,81.50,22.57,1
5048,DECODE,515,0,515,2294.63,22.64,1
5049,EXTEND,2,319,0,163.50,22.86,1
5050,DECODE,517,0,517,2287.38,27.48,1
5051,DECODE,517,0,517,2288.38,22.80,1
5052,DECODE,517,0,517,2289.38,22.78,1
5053,DECODE,515,0,515,2289.91,22.82,1
5054,EXTEND,3,206,0,73.00,23.34,1
5055,DECODE,517,0,517,2277.52,22.96,1
5056,EXTEND,2,131,0,72.00,24.78,1
5057,DECODE,519,0,519,2270.02,22.60,1
5058,DECODE,519,0,519,2271.02,22.77,1
5059,DECODE,519,0,519,2272.02,22.91,1
5060,DECODE,519,0,519,2273.02,23.17,1
5061,DECODE,518,0,518,2273.47,22.90,1
5062,EXTEND,1,64,0,68.00,15.07,1
5063,DECODE,519,0,519,2270.22,22.75,1
5064,DECODE,519,0,519,2271.22,22.92,1
5065,DECODE,518,0,518,2271.66,22.75,1
5066,EXTEND,2,159,0,83.50,23.28,1
5067,DECODE,520,0,520,2264.25,27.85,1
5068,DECODE,520,0,520,2265.25,22.73,1
5069,DECODE,520,0,520,2266.25,22.57,1
5070,DECODE,520,0,520,2267.25,22.90,1
5071,DECODE,520,0,520,2268.25,24.18,1
5072,DECODE,520,0,520,2269.25,23.84,1
5073,DECODE,520,0,520,2270.25,22.73,1
5074,DECODE,520,0,520,2271.25,22.79,1
5075,DECODE,519,0,519,2271.87,23.06,1
5076,EXTEND,1,57,0,64.00,22.12,1
5077,DECODE,519,0,519,2268.29,23.04,1
5078,EXTEND,2,533,0,270.00,16.04,1
5079,DECODE,520,0,520,2261.29,22.52,1
5080,EXTEND,1,254,0,259.00,26.58,1
5081,DECODE,520,0,520,2257.87,22.58,1
5082,EXTEND,2,554,0,283.00,15.54,1
5083,DECODE,519,0,519,2250.01,22.63,1
5084,EXTEND,3,881,0,312.33,15.71,1
5085,DECODE,521,0,521,2239.26,22.76,1
5086,EXTEND,3,1076,0,366.00,26.12,1
5087,DECODE,523,0,523,2228.91,22.94,1
5088,EXTEND,2,864,0,437.00,15.75,1
5089,DECODE,524,0,524,2222.44,22.70,1
5090,EXTEND,2,594,0,301.00,15.78,1
5091,DECODE,525,0,525,2215.48,22.82,1
5092,EXTEND,1,502,0,509.00,21.20,1
5093,DECODE,526,0,526,2213.23,22.87,1
5094,DECODE,526,0,526,2214.23,23.01,1
5095,DECODE,526,0,526,2215.23,23.19,1
5096,DECODE,525,0,525,2215.83,23.02,1
5097,EXTEND,3,1418,0,478.33,23.18,1
5098,DECODE,526,0,526,2205.65,23.35,1
5099,EXTEND,2,1326,0,669.00,26.21,1
5100,DECODE,528,0,528,2200.83,22.83,1
5101,DECODE,528,0,528,2201.83,22.71,1
5102,DECODE,528,0,528,2202.83,22.91,1
5103,DECODE,528,0,528,2203.83,22.95,1
5104,DECODE,526,0,526,2203.48,23.08,1
5105,EXTEND,2,590,0,305.50,16.56,1
5106,DECODE,527,0,527,2196.60,22.93,1
5107,EXTEND,2,756,0,382.50,16.02,1
5108,DECODE,528,0,528,2190.04,22.65,1
5109,EXTEND,2,115,0,60.50,25.87,1
5110,DECODE,529,0,529,2182.29,22.73,1
5111,EXTEND,2,1301,0,658.50,22.32,1
5112,DECODE,530,0,530,2176.83,22.74,1
5113,EXTEND,2,1402,0,705.50,19.67,1
5114,DECODE,532,0,532,2172.30,22.53,1
5115,DECODE,532,0,532,2173.30,22.95,1
5116,DECODE,530,0,530,2173.03,22.99,1
5117,EXTEND,3,2277,0,764.33,27.30,1
5118,DECODE,532,0,532,2165.53,22.70,1
5119,EXTEND,2,1256,0,632.50,26.84,1
5120,DECODE,534,0,534,2160.79,22.72,1
5121,DECODE,534,0,534,2161.79,22.90,1
5122,DECODE,533,0,533,2162.23,23.08,1
5123,EXTEND,2,2278,0,1143.50,23.32,1
5124,DECODE,533,0,533,2157.92,22.81,1
5125,EXTEND,1,1105,0,1110.00,34.54,1
5126,DECODE,533,0,533,2156.20,22.66,1
5127,EXTEND,2,2183,0,1096.00,27.69,1
5128,DECODE,535,0,535,2153.24,29.84,1
5129,DECODE,535,0,535,2154.24,22.89,1
5130,DECODE,535,0,535,2155.24,22.87,1
5131,DECODE,535,0,535,2156.24,23.06,1
5132,DECODE,533,0,533,2155.72,22.95,1
5133,EXTEND,3,2171,0,728.67,26.78,1
5134,DECODE,535,0,535,2148.17,22.76,1
5135,EXTEND,1,1053,0,1056.00,26.42,1
5136,DECODE,536,0,536,2147.14,30.72,1
5137,DECODE,536,0,536,2148.14,22.88,1
5138,DECODE,534,0,534,2147.59,22.62,1
5139,EXTEND,3,3116,0,1043.67,23.58,1
5140,DECODE,536,0,536,2141.65,22.16,1
5141,EXTEND,1,1026,0,1031.00,24.45,1
5142,DECODE,536,0,536,2139.99,22.14,1
5143,EXTEND,2,1080,0,553.00,22.88,1
5144,DECODE,537,0,537,2134.30,22.50,1
5145,EXTEND,2,1100,0,555.00,21.81,1
5146,DECODE,538,0,538,2129.96,22.34,1
5147,EXTEND,1,40,0,45.00,15.71,1
5148,DECODE,539,0,539,2127.09,22.31,1
5149,DECODE,539,0,539,2128.09,22.36,1
5150,DECODE,539,0,539,2129.09,22.77,1
5151,DECODE,538,0,538,2129.29,23.19,1
5152,EXTEND,2,1086,0,547.00,22.01,1
5153,DECODE,538,0,538,2122.81,22.41,1
5154,EXTEND,2,1300,0,655.00,20.76,1
5155,DECODE,540,0,540,2118.38,22.17,1
5156,DECODE,540,0,540,2119.38,22.12,1
5157,DECODE,540,0,540,2120.38,22.97,1
5158,DECODE,539,0,539,2120.56,22.64,1
5159,EXTEND,3,3055,0,1026.33,22.78,1
5160,DECODE,541,0,541,2114.68,22.31,1
5161,EXTEND,1,1012,0,1015.00,19.41,1
5162,DECODE,541,0,541,2112.83,22.55,1
5163,EXTEND,1,1007,0,1012.00,21.00,1
5164,DECODE,541,0,541,2110.97,22.24,1
5165,EXTEND,1,1006,0,1011.00,20.66,1
5166,DECODE,542,0,542,2109.94,22.27,1
5167,DECODE,542,0,542,2110.94,22.29,1
5168,DECODE,542,0,542,2111.94,22.43,1
5169,DECODE,542,0,542,2112.94,22.53,1
5170,DECODE,539,0,539,2111.52,22.34,1
5171,EXTEND,4,3162,0,797.25,24.64,1
5172,DECODE,541,0,541,2101.35,22.41,1
5173,EXTEND,3,2059,0,691.67,24.36,1
5174,DECODE,543,0,543,2093.87,22.07,1
5175,EXTEND,2,2000,0,1005.50,22.46,1
5176,DECODE,545,0,545,2090.87,22.22,1
5177,DECODE,545,0,545,2091.87,22.44,1
5178,DECODE,544,0,544,2092.01,22.43,1
5179,EXTEND,2,1966,0,988.50,27.65,1
5180,DECODE,545,0,545,2088.10,22.48,1
5181,EXTEND,2,1100,0,554.50,15.89,1
5182,DECODE,546,0,546,2082.77,29.92,1
5183,EXTEND,1,979,0,983.00,16.61,1
5184,DECODE,546,0,546,2080.88,22.13,1
5185,EXTEND,2,222,0,116.50,23.84,1
5186,DECODE,546,0,546,2072.93,22.12,1
5187,EXTEND,2,1970,0,988.00,22.66,1
5188,DECODE,547,0,547,2069.08,22.17,1
5189,EXTEND,2,1958,0,984.50,23.79,1
5190,DECODE,546,0,546,2063.41,22.21,1
5191,EXTEND,4,1114,0,284.00,21.32,1
5192,DECODE,550,0,550,2051.47,22.07,1
5193,DECODE,550,0,550,2052.47,22.35,1
5194,DECODE,548,0,548,2051.62,22.02,1
5195,EXTEND,4,3057,0,768.50,22.51,1
5196,DECODE,552,0,552,2043.32,22.02,1
5197,DECODE,552,0,552,2044.32,21.95,1
5198,DECODE,552,0,552,2045.32,22.28,1
5199,DECODE,551,0,551,2045.39,22.26,1
5200,EXTEND,4,3929,0,986.75,27.26,1
5201,DECODE,548,0,548,2032.27,22.28,1
5202,EXTEND,5,4884,0,981.60,33.44,1
5203,DECODE,553,0,553,2023.77,22.46,1
5204,DECODE,553,0,553,2024.77,22.21,1
5205,DECODE,551,0,551,2023.83,22.17,1
5206,EXTEND,8,3238,0,410.50,26.11,1
5207,DECODE,556,0,556,1998.83,21.87,1
5208,EXTEND,4,2297,0,579.00,24.49,1
5209,DECODE,555,0,555,1985.85,22.47,1
5210,EXTEND,6,5054,0,851.00,31.51,1
5211,DECODE,559,0,559,1972.62,22.12,1
5212,EXTEND,4,3997,0,1003.75,26.26,1
5213,DECODE,558,0,558,1961.42,21.84,1
5214,EXTEND,6,5999,0,1006.33,35.59,1
5215,DECODE,563,0,563,1951.18,28.47,1
5216,EXTEND,4,3084,0,777.00,22.78,1
5217,DECODE,565,0,565,1941.72,22.15,1
5218,EXTEND,3,3021,0,1013.33,24.57,1
5219,DECODE,568,0,568,1937.81,27.84,1
5220,DECODE,568,0,568,1938.81,21.91,1
5221,DECODE,568,0,568,1939.81,23.62,1
5222,DECODE,565,0,565,1937.52,22.18,1
5223,EXTEND,6,446,0,79.17,23.60,1
5224,DECODE,567,0,567,1914.47,28.02,1
5225,EXTEND,6,3524,0,593.00,25.96,1
5226,DECODE,570,0,570,1898.17,21.96,1
5227,EXTEND,5,3193,0,645.00,23.33,1
5228,DECODE,573,0,573,1885.92,21.77,1
5229,EXTEND,4,3212,0,809.25,23.56,1
5230,DECODE,571,0,571,1872.31,21.68,1
5231,EXTEND,7,6299,0,905.29,38.31,1
5232,DECODE,573,0,573,1855.50,21.88,1
5233,EXTEND,7,6641,0,953.43,38.72,1
5234,DECODE,577,0,577,1841.90,22.24,1
5235,EXTEND,7,3761,0,542.00,29.16,1
5236,DECODE,581,0,581,1823.54,22.05,1
5237,EXTEND,7,680,0,103.57,16.35,1
5238,DECODE,587,0,587,1802.78,21.48,1
5239,EXTEND,5,381,0,82.00,21.80,1
5240,DECODE,590,0,590,1786.63,21.39,1
5241,EXTEND,5,584,0,122.20,20.71,1
5242,DECODE,585,0,585,1760.25,21.29,1
5243,EXTEND,11,5330,0,490.18,32.92,1
5244,DECODE,594,0,594,1735.04,21.77,1
5245,EXTEND,7,6830,0,980.86,39.30,1
5246,DECODE,598,0,598,1723.08,22.04,1
5247,EXTEND,7,4256,0,619.14,29.67,1
5248,DECODE,596,0,596,1698.52,21.00,1
5249,EXTEND,12,5537,0,467.75,43.83,1
5250,DECODE,602,0,602,1666.41,21.66,1
5251,EXTEND,11,5479,0,505.18,33.59,1
5252,DECODE,605,0,605,1634.50,27.09,1
5253,EXTEND,13,5303,0,412.85,34.44,1
5254,DECODE,611,0,611,1598.91,22.24,1
5255,EXTEND,10,8192,0,825.00,47.59,1
5256,EXTEND,10,8192,0,896.50,47.19,1
5257,EXTEND,7,5343,0,942.43,32.87,1
5258,DECODE,631,0,631,1563.63,21.21,1
5259,EXTEND,4,2675,0,674.75,23.67,1
5260,DECODE,630,0,630,1551.08,20.99,1
5261,EXTEND,8,920,0,120.25,15.98,1
5262,DECODE,631,0,631,1522.76,20.57,1
5263,EXTEND,10,4666,0,472.10,29.64,1
5264,DECODE,634,0,634,1495.75,22.89,1
5265,EXTEND,11,6070,0,559.64,36.27,1
5266,DECODE,638,0,638,1468.94,20.60,1
5267,EXTEND,12,7164,0,602.58,41.55,1
5268,DECODE,645,0,645,1445.37,22.41,1
5269,EXTEND,12,3868,0,328.33,25.28,1
5270,DECODE,651,0,651,1415.52,20.61,1
5271,EXTEND,13,2535,0,200.62,22.32,1
5272,DECODE,657,0,657,1380.30,20.74,1
5273,EXTEND,12,6927,0,582.33,40.41,1
5274,DECODE,655,0,655,1341.48,21.69,1
5275,EXTEND,21,4940,0,241.00,31.72,1
5276,DECODE,663,0,663,1283.75,21.34,1
5277,EXTEND,25,2308,0,98.60,22.78,1
5278,DECODE,676,0,676,1218.29,19.50,1
5279,EXTEND,27,2363,0,93.63,26.09,1
5280,DECODE,692,0,692,1154.09,19.82,1
5281,EXTEND,26,2606,0,105.92,22.29,1
5282,DECODE,714,0,714,1109.05,19.70,1
5283,EXTEND,20,1839,0,98.90,22.31,1
5284,DECODE,731,0,731,1076.47,20.16,1
5285,EXTEND,14,2143,0,159.64,24.38,1
5286,DECODE,740,0,740,1050.10,20.40,1
5287,EXTEND,13,1561,0,127.08,22.63,1
5288,DECODE,746,0,746,1020.86,19.94,1
5289,EXTEND,15,1775,0,123.67,27.67,1
5290,DECODE,754,0,754,989.73,28.30,1
5291,EXTEND,16,1734,0,115.62,29.54,1
5292,DECODE,764,0,764,960.10,19.46,1
5293,EXTEND,15,1708,0,121.07,23.78,1
5294,DECODE,770,0,770,926.10,19.29,1
5295,EXTEND,18,2231,0,129.83,23.91,1
5296,DECODE,783,0,783,898.36,19.98,1
5297,EXTEND,16,1048,0,73.38,21.47,1
5298,DECODE,784,0,784,850.76,18.64,1
5299,EXTEND,24,2542,0,112.00,25.37,1
5300,DECODE,800,0,800,812.51,18.96,1
5301,EXTEND,23,2527,0,120.22,22.88,1
5302,DECODE,817,0,817,781.19,19.72,1
5303,EXTEND,19,1958,0,108.84,21.39,1
5304,DECODE,823,0,823,739.33,19.17,1
5305,EXTEND,25,3098,0,129.84,21.25,1
5306,DECODE,841,0,841,707.06,18.80,1
5307,EXTEND,21,2086,0,104.95,24.00,1
5308,DECODE,852,0,852,671.49,18.37,1
5309,EXTEND,23,2331,0,106.78,22.73,1
5310,DECODE,868,0,868,642.30,23.04,1
5311,EXTEND,21,2344,0,118.48,41.52,1
5312,DECODE,886,0,886,624.40,18.98,1
5313,EXTEND,16,1557,0,104.00,18.96,1
5314,DECODE,897,0,897,606.00,18.53,1
5315,EXTEND,14,920,0,72.07,15.84,1
5316,DECODE,906,0,906,587.97,18.34,1
5317,EXTEND,14,1207,0,94.00,25.85,1
5318,DECODE,912,0,912,564.10,20.02,1
5319,EXTEND,17,1049,0,67.18,22.16,1
5320,DECODE,926,0,926,550.79,18.61,1
5321,EXTEND,13,1548,0,124.92,18.86,1
5322,DECODE,934,0,934,535.11,18.82,1
5323,EXTEND,13,1696,0,136.08,23.06,1
5324,DECODE,941,0,941,517.69,23.46,1
5325,EXTEND,14,1478,0,113.29,23.94,1
5326,DECODE,950,0,950,501.99,18.60,1
5327,EXTEND,14,1357,0,104.64,20.07,1
5328,DECODE,961,0,961,490.78,21.21,1
5329,EXTEND,12,992,0,89.17,15.81,1
5330,DECODE,972,0,972,484.69,18.16,1
5331,EXTEND,9,808,0,95.89,15.62,1
5332,DECODE,978,0,978,476.37,18.68,1
5333,EXTEND,9,1107,0,128.78,21.47,1
5334,DECODE,983,0,983,465.71,18.27,1
5335,EXTEND,9,755,0,90.89,17.47,1
5336,DECODE,990,0,990,459.08,18.36,1
5337,EXTEND,8,609,0,85.25,15.68,1
5338,DECODE,992,0,992,444.96,18.06,1
5339,EXTEND,8,1191,0,153.62,22.84,1
5340,DECODE,1000,0,1000,443.63,18.75,1
5341,DECODE,1000,0,1000,444.63,18.17,1
5342,DECODE,997,0,997,439.27,18.16,1
5343,EXTEND,3,245,0,85.67,23.83,1
5344,EXTEND,2,128,0,68.00,16.30,1
5345,EXTEND,8,693,0,92.12,15.94,1
5346,DECODE,1000,0,1000,414.49,17.97,1
5347,DECODE,1000,0,1000,415.49,17.85,1
5348,DECODE,995,0,995,407.05,18.31,1
5349,EXTEND,5,675,0,147.40,16.24,1
5350,DECODE,1000,0,1000,406.75,18.00,1
5351,DECODE,1000,0,1000,407.75,17.64,1
5352,DECODE,999,0,999,406.59,17.95,1
5353,EXTEND,1,38,0,42.00,15.82,1
5354,DECODE,1000,0,1000,407.23,17.59,1
5355,DECODE,1000,0,1000,408.23,17.97,1
5356,DECODE,1000,0,1000,409.23,17.68,1
5357,DECODE,1000,0,1000,410.23,17.79,1
5358,DECODE,1000,0,1000,411.23,17.79,1
5359,DECODE,1000,0,1000,412.23,18.00,1
5360,DECODE,1000,0,1000,413.23,17.84,1
5361,DECODE,1000,0,1000,414.23,17.87,1
5362,DECODE,1000,0,1000,415.23,17.79,1
5363,DECODE,1000,0,1000,416.23,18.13,1
5364,DECODE,1000,0,1000,417.23,17.74,1
5365,DECODE,1000,0,1000,418.23,17.92,1
5366,DECODE,1000,0,1000,419.23,17.82,1
5367,DECODE,1000,0,1000,420.23,17.74,1
5368,DECODE,1000,0,1000,421.23,18.16,1
5369,DECODE,1000,0,1000,422.23,17.97,1
5370,DECODE,1000,0,1000,423.23,20.26,1
5371,DECODE,1000,0,1000,424.23,18.13,1
5372,DECODE,1000,0,1000,425.23,17.99,1
5373,DECODE,1000,0,1000,426.23,18.68,1
5374,DECODE,1000,0,1000,427.23,31.78,1
5375,DECODE,1000,0,1000,428.23,19.74,1
5376,DECODE,1000,0,1000,429.23,18.79,1
5377,DECODE,1000,0,1000,430.23,18.51,1
5378,DECODE,1000,0,1000,431.23,18.77,1
5379,DECODE,1000,0,1000,432.23,19.87,1
5380,DECODE,1000,0,1000,433.23,18.13,1
5381,DECODE,1000,0,1000,434.23,18.13,1
5382,DECODE,1000,0,1000,435.23,18.18,1
5383,DECODE,1000,0,1000,436.23,18.04,1
5384,DECODE,1000,0,1000,437.23,18.04,1
5385,DECODE,1000,0,1000,438.23,18.37,1
5386,DECODE,1000,0,1000,439.23,19.10,1
5387,DECODE,1000,0,1000,440.23,19.33,1
5388,DECODE,1000,0,1000,441.23,18.92,1
5389,DECODE,1000,0,1000,442.23,19.67,1
5390,DECODE,1000,0,1000,443.23,20.79,1
5391,DECODE,1000,0,1000,444.23,18.91,1
5392,DECODE,1000,0,1000,445.23,19.38,1
5393,DECODE,1000,0,1000,446.23,19.20,1
5394,DECODE,1000,0,1000,447.23,19.79,1
5395,DECODE,1000,0,1000,448.23,19.22,1
5396,DECODE,1000,0,1000,449.23,19.50,1
5397,DECODE,1000,0,1000,450.23,19.66,1
5398,DECODE,1000,0,1000,451.23,19.14,1
5399,DECODE,1000,0,1000,452.23,20.17,1
5400,DECODE,1000,0,1000,453.23,19.88,1
5401,DECODE,1000,0,1000,454.23,18.63,1
5402,DECODE,1000,0,1000,455.23,18.45,1
5403,DECODE,1000,0,1000,456.23,18.54,1
5404,DECODE,1000,0,1000,457.23,19.48,1
5405,DECODE,1000,0,1000,458.23,19.02,1
5406,DECODE,1000,0,1000,459.23,20.47,1
5407,DECODE,1000,0,1000,460.23,19.66,1
5408,DECODE,1000,0,1000,461.23,18.98,1
5409,DECODE,1000,0,1000,462.23,19.35,1
5410,DECODE,999,0,999,462.12,19.38,1
5411,EXTEND,1,71,0,77.00,16.63,1
5412,DECODE,1000,0,1000,462.74,19.18,1
5413,DECODE,1000,0,1000,463.74,18.14,1
5414,DECODE,1000,0,1000,464.74,18.35,1
5415,DECODE,1000,0,1000,465.74,18.77,1
5416,DECODE,1000,0,1000,466.74,18.57,1
5417,DECODE,1000,0,1000,467.74,19.57,1
5418,DECODE,1000,0,1000,468.74,18.61,1
5419,DECODE,1000,0,1000,469.74,21.22,1
5420,DECODE,1000,0,1000,470.74,18.75,1
5421,DECODE,1000,0,1000,471.74,19.32,1
5422,DECODE,1000,0,1000,472.74,19.68,1
5423,DECODE,1000,0,1000,473.74,18.36,1
5424,DECODE,1000,0,1000,474.74,18.32,1
5425,DECODE,1000,0,1000,475.74,18.33,1
5426,DECODE,999,0,999,475.16,18.82,1
5427,EXTEND,1,74,0,80.00,26.58,1
5428,DECODE,1000,0,1000,475.77,18.46,1
5429,DECODE,1000,0,1000,476.77,18.36,1
5430,DECODE,1000,0,1000,477.77,28.55,1
5431,DECODE,1000,0,1000,478.77,18.85,1
5432,DECODE,1000,0,1000,479.77,18.37,1
5433,DECODE,1000,0,1000,480.77,18.51,1
5434,DECODE,1000,0,1000,481.77,18.71,1
5435,DECODE,1000,0,1000,482.77,18.44,1
5436,DECODE,1000,0,1000,483.77,18.40,1
5437,DECODE,1000,0,1000,484.77,18.56,1
5438,DECODE,1000,0,1000,485.77,18.74,1
5439,DECODE,1000,0,1000,486.77,18.61,1
5440,DECODE,1000,0,1000,487.77,19.05,1
5441,DECODE,1000,0,1000,488.77,19.05,1
5442,DECODE,1000,0,1000,489.77,18.51,1
5443,DECODE,1000,0,1000,490.77,19.13,1
5444,DECODE,1000,0,1000,491.77,18.48,1
5445,DECODE,1000,0,1000,492.77,18.54,1
5446,DECODE,1000,0,1000,493.77,19.02,1
5447,DECODE,1000,0,1000,494.77,20.12,1
5448,DECODE,1000,0,1000,495.77,20.02,1
5449,DECODE,1000,0,1000,496.77,18.66,1
5450,DECODE,1000,0,1000,497.77,19.38,1
5451,DECODE,1000,0,1000,498.77,19.37,1
5452,DECODE,1000,0,1000,499.77,18.73,1
5453,DECODE,1000,0,1000,500.77,19.17,1
5454,DECODE,1000,0,1000,501.77,28.96,1
5455,DECODE,1000,0,1000,502.77,18.71,1
5456,DECODE,1000,0,1000,503.77,18.64,1
5457,DECODE,1000,0,1000,504.77,19.52,1
5458,DECODE,1000,0,1000,505.77,19.01,1
5459,DECODE,1000,0,1000,506.77,19.11,1
5460,DECODE,1000,0,1000,507.77,18.70,1
5461,DECODE,999,0,999,507.19,19.77,1
5462,EXTEND,1,115,0,121.00,20.92,1
5463,DECODE,1000,0,1000,507.81,19.68,1
5464,DECODE,1000,0,1000,508.81,18.43,1
5465,DECODE,1000,0,1000,509.81,18.42,1
5466,DECODE,999,0,999,509.88,18.71,1
5467,EXTEND,1,68,0,74.00,24.53,1
5468,DECODE,1000,0,1000,510.45,18.45,1
5469,DECODE,1000,0,1000,511.45,18.53,1
5470,DECODE,1000,0,1000,512.45,19.09,1
5471,DECODE,1000,0,1000,513.45,18.65,1
5472,DECODE,1000,0,1000,514.45,18.50,1
5473,DECODE,1000,0,1000,515.45,18.63,1
5474,DECODE,1000,0,1000,516.45,18.62,1
5475,DECODE,1000,0,1000,517.45,18.58,1
5476,DECODE,1000,0,1000,518.45,18.71,1
5477,DECODE,1000,0,1000,519.45,18.57,1
5478,DECODE,1000,0,1000,520.45,18.60,1
5479,DECODE,1000,0,1000,521.45,18.59,1
5480,DECODE,1000,0,1000,522.45,18.58,1
5481,DECODE,1000,0,1000,523.45,19.59,1
5482,DECODE,1000,0,1000,524.45,18.86,1
5483,DECODE,999,0,999,524.73,18.75,1
5484,EXTEND,1,79,0,85.00,25.82,1
5485,DECODE,1000,0,1000,525.29,18.55,1
5486,DECODE,1000,0,1000,526.29,18.74,1
5487,DECODE,1000,0,1000,527.29,18.67,1
5488,DECODE,1000,0,1000,528.29,18.61,1
5489,DECODE,999,0,999,528.49,18.86,1
5490,EXTEND,1,120,0,127.00,15.86,1
5491,DECODE,1000,0,1000,529.09,18.61,1
5492,DECODE,1000,0,1000,530.09,18.62,1
5493,DECODE,1000,0,1000,531.09,19.13,1
5494,DECODE,1000,0,1000,532.09,18.59,1
5495,DECODE,1000,0,1000,533.09,18.71,1
5496,DECODE,1000,0,1000,534.09,18.72,1
5497,DECODE,1000,0,1000,535.09,18.83,1
5498,DECODE,1000,0,1000,536.09,18.71,1
5499,DECODE,1000,0,1000,537.09,18.83,1
5500,DECODE,1000,0,1000,538.09,18.67,1
5501,DECODE,1000,0,1000,539.09,18.75,1
5502,DECODE,1000,0,1000,540.09,18.87,1
5503,DECODE,1000,0,1000,541.09,19.11,1
5504,DECODE,1000,0,1000,542.09,18.76,1
5505,DECODE,1000,0,1000,543.09,20.52,1
5506,DECODE,1000,0,1000,544.09,19.42,1
5507,DECODE,1000,0,1000,545.09,18.99,1
5508,DECODE,1000,0,1000,546.09,18.95,1
5509,DECODE,1000,0,1000,547.09,18.97,1
5510,DECODE,1000,0,1000,548.09,20.19,1
5511,DECODE,1000,0,1000,549.09,18.97,1
5512,DECODE,1000,0,1000,550.09,19.01,1
5513,DECODE,1000,0,1000,551.09,19.40,1
5514,DECODE,1000,0,1000,552.09,19.76,1
5515,DECODE,1000,0,1000,553.09,19.07,1
5516,DECODE,1000,0,1000,554.09,19.37,1
5517,DECODE,1000,0,1000,555.09,19.05,1
5518,DECODE,1000,0,1000,556.09,19.33,1
5519,DECODE,1000,0,1000,557.09,19.28,1
5520,DECODE,1000,0,1000,558.09,19.16,1
5521,DECODE,1000,0,1000,559.09,19.26,1
5522,DECODE,1000,0,1000,560.09,19.05,1
5523,DECODE,1000,0,1000,561.09,19.38,1
5524,DECODE,1000,0,1000,562.09,19.13,1
5525,DECODE,1000,0,1000,563.09,19.35,1
5526,DECODE,1000,0,1000,564.09,19.20,1
5527,DECODE,999,0,999,564.11,19.43,1
5528,EXTEND,1,200,0,204.00,15.78,1
5529,DECODE,1000,0,1000,564.75,19.21,1
5530,DECODE,1000,0,1000,565.75,19.04,1
5531,DECODE,1000,0,1000,566.75,19.17,1
5532,DECODE,1000,0,1000,567.75,19.35,1
5533,DECODE,1000,0,1000,568.75,19.14,1
5534,DECODE,1000,0,1000,569.75,19.31,1
5535,DECODE,1000,0,1000,570.75,19.16,1
5536,DECODE,1000,0,1000,571.75,19.32,1
5537,DECODE,1000,0,1000,572.75,19.24,1
5538,DECODE,1000,0,1000,573.75,19.35,1
5539,DECODE,1000,0,1000,574.75,19.29,1
5540,DECODE,1000,0,1000,575.75,19.30,1
5541,DECODE,1000,0,1000,576.75,19.32,1
5542,DECODE,1000,0,1000,577.75,19.39,1
5543,DECODE,1000,0,1000,578.75,19.34,1
5544,DECODE,1000,0,1000,579.75,19.42,1
5545,DECODE,1000,0,1000,580.75,19.93,1
5546,DECODE,1000,0,1000,581.75,19.48,1
5547,DECODE,1000,0,1000,582.75,19.38,1
5548,DECODE,1000,0,1000,583.75,19.55,1
5549,DECODE,1000,0,1000,584.75,19.40,1
5550,DECODE,1000,0,1000,585.75,19.54,1
5551,DECODE,1000,0,1000,586.75,19.43,1
5552,DECODE,1000,0,1000,587.75,19.47,1
5553,DECODE,1000,0,1000,588.75,19.50,1
5554,DECODE,1000,0,1000,589.75,19.53,1
5555,DECODE,1000,0,1000,590.75,19.64,1
5556,DECODE,999,0,999,590.69,19.77,1
5557,EXTEND,1,79,0,84.00,18.70,1
5558,DECODE,1000,0,1000,591.18,20.88,1
5559,DECODE,1000,0,1000,592.18,19.73,1
5560,DECODE,1000,0,1000,593.18,19.67,1
5561,DECODE,1000,0,1000,594.18,19.90,1
5562,DECODE,1000,0,1000,595.18,19.89,1
5563,DECODE,1000,0,1000,596.18,20.01,1
5564,DECODE,1000,0,1000,597.18,19.77,1
5565,DECODE,1000,0,1000,598.18,19.75,1
5566,DECODE,1000,0,1000,599.18,19.66,1
5567,DECODE,1000,0,1000,600.18,19.65,1
5568,DECODE,1000,0,1000,601.18,19.61,1
5569,DECODE,1000,0,1000,602.18,19.66,1
5570,DECODE,1000,0,1000,603.18,19.50,1
5571,DECODE,1000,0,1000,604.18,20.45,1
5572,DECODE,1000,0,1000,605.18,19.58,1
5573,DECODE,1000,0,1000,606.18,19.86,1
5574,DECODE,1000,0,1000,607.18,19.65,1
5575,DECODE,1000,0,1000,608.18,19.68,1
5576,DECODE,1000,0,1000,609.18,19.75,1
5577,DECODE,1000,0,1000,610.18,19.67,1
5578,DECODE,999,0,999,610.37,19.94,1
5579,EXTEND,1,99,0,104.00,27.81,1
5580,DECODE,1000,0,1000,610.87,19.58,1
5581,DECODE,1000,0,1000,611.87,19.68,1
5582,DECODE,1000,0,1000,612.87,19.86,1
5583,DECODE,1000,0,1000,613.87,19.66,1
5584,DECODE,1000,0,1000,614.87,19.81,1
5585,DECODE,1000,0,1000,615.87,19.77,1
5586,DECODE,1000,0,1000,616.87,19.86,1
5587,DECODE,1000,0,1000,617.87,19.74,1
5588,DECODE,1000,0,1000,618.87,19.76,1
5589,DECODE,1000,0,1000,619.87,19.65,1
5590,DECODE,1000,0,1000,620.87,19.95,1
5591,DECODE,1000,0,1000,621.87,19.84,1
5592,DECODE,1000,0,1000,622.87,19.56,1
5593,DECODE,1000,0,1000,623.87,20.63,1
5594,DECODE,1000,0,1000,624.87,19.81,1
5595,DECODE,1000,0,1000,625.87,19.54,1
5596,DECODE,1000,0,1000,626.87,19.78,1
5597,DECODE,1000,0,1000,627.87,19.64,1
5598,DECODE,1000,0,1000,628.87,19.91,1
5599,DECODE,1000,0,1000,629.87,19.90,1
5600,DECODE,1000,0,1000,630.87,20.39,1
5601,DECODE,1000,0,1000,631.87,19.82,1
5602,DECODE,1000,0,1000,632.87,19.73,1
5603,DECODE,1000,0,1000,633.87,19.68,1
5604,DECODE,1000,0,1000,634.87,19.65,1
5605,DECODE,1000,0,1000,635.87,19.74,1
5606,DECODE,1000,0,1000,636.87,19.76,1
5607,DECODE,1000,0,1000,637.87,19.67,1
5608,DECODE,1000,0,1000,638.87,19.69,1
5609,DECODE,1000,0,1000,639.87,19.80,1
5610,DECODE,1000,0,1000,640.87,19.84,1
5611,DECODE,1000,0,1000,641.87,19.84,1
5612,DECODE,1000,0,1000,642.87,21.99,1
5613,DECODE,1000,0,1000,643.87,19.99,1
5614,DECODE,1000,0,1000,644.87,19.99,1
5615,DECODE,1000,0,1000,645.87,20.13,1
5616,DECODE,1000,0,1000,646.87,19.98,1
5617,DECODE,1000,0,1000,647.87,20.10,1
5618,DECODE,1000,0,1000,648.87,19.91,1
5619,DECODE,1000,0,1000,649.87,19.95,1
5620,DECODE,1000,0,1000,650.87,19.95,1
5621,DECODE,1000,0,1000,651.87,19.94,1
5622,DECODE,1000,0,1000,652.87,19.99,1
5623,DECODE,1000,0,1000,653.87,20.08,1
5624,DECODE,1000,0,1000,654.87,20.07,1
5625,DECODE,1000,0,1000,655.87,20.18,1
5626,DECODE,1000,0,1000,656.87,20.10,1
5627,DECODE,1000,0,1000,657.87,20.11,1
5628,DECODE,1000,0,1000,658.87,20.18,1
5629,DECODE,1000,0,1000,659.87,20.41,1
5630,DECODE,1000,0,1000,660.87,20.35,1
5631,DECODE,1000,0,1000,661.87,20.18,1
5632,DECODE,1000,0,1000,662.87,20.24,1
5633,DECODE,1000,0,1000,663.87,22.50,1
5634,DECODE,1000,0,1000,664.87,20.20,1
5635,DECODE,1000,0,1000,665.87,20.06,1
5636,DECODE,1000,0,1000,666.87,20.10,1
5637,DECODE,1000,0,1000,667.87,20.25,1
5638,DECODE,1000,0,1000,668.87,20.26,1
5639,DECODE,1000,0,1000,669.87,20.28,1
5640,DECODE,1000,0,1000,670.87,20.12,1
5641,DECODE,1000,0,1000,671.87,20.13,1
5642,DECODE,1000,0,1000,672.87,20.14,1
5643,DECODE,1000,0,1000,673.87,20.15,1
5644,DECODE,999,0,999,673.29,20.52,1
5645,EXTEND,1,51,0,55.00,16.54,1
5646,DECODE,999,0,999,672.98,20.30,1
5647,EXTEND,1,236,0,243.00,24.69,1
5648,DECODE,1000,0,1000,673.55,20.24,1
5649,DECODE,1000,0,1000,674.55,21.37,1
5650,DECODE,1000,0,1000,675.55,20.35,1
5651,DECODE,1000,0,1000,676.55,20.58,1
5652,DECODE,1000,0,1000,677.55,20.16,1
5653,DECODE,1000,0,1000,678.55,20.31,1
5654,DECODE,1000,0,1000,679.55,20.25,1
5655,DECODE,1000,0,1000,680.55,20.25,1
5656,DECODE,1000,0,1000,681.55,20.36,1
5657,DECODE,1000,0,1000,682.55,20.35,1
5658,DECODE,1000,0,1000,683.55,20.37,1
5659,DECODE,1000,0,1000,684.55,20.32,1
5660,DECODE,1000,0,1000,685.55,20.54,1
5661,DECODE,1000,0,1000,686.55,21.21,1
5662,DECODE,1000,0,1000,687.55,20.32,1
5663,DECODE,1000,0,1000,688.55,20.53,1
5664,DECODE,1000,0,1000,689.55,20.45,1
5665,DECODE,1000,0,1000,690.55,20.39,1
5666,DECODE,999,0,999,689.97,20.54,1
5667,EXTEND,1,54,0,58.00,20.32,1
5668,DECODE,1000,0,1000,690.34,20.24,1
5669,DECODE,1000,0,1000,691.34,20.29,1
5670,DECODE,1000,0,1000,692.34,20.39,1
5671,DECODE,1000,0,1000,693.34,20.33,1
5672,DECODE,1000,0,1000,694.34,21.38,1
5673,DECODE,1000,0,1000,695.34,21.07,1
5674,DECODE,1000,0,1000,696.34,20.62,1
5675,DECODE,1000,0,1000,697.34,20.65,1
5676,DECODE,1000,0,1000,698.34,20.65,1
5677,DECODE,999,0,999,698.60,20.78,1
5678,EXTEND,1,54,0,66.00,16.26,1
5679,DECODE,1000,0,1000,698.97,20.54,1
5680,DECODE,1000,0,1000,699.97,20.45,1
5681,DECODE,1000,0,1000,700.97,20.42,1
5682,DECODE,1000,0,1000,701.97,20.56,1
5683,DECODE,1000,0,1000,702.97,20.65,1
5684,DECODE,1000,0,1000,703.97,20.69,1
5685,DECODE,1000,0,1000,704.97,20.61,1
5686,DECODE,1000,0,1000,705.97,20.77,1
5687,DECODE,1000,0,1000,706.97,20.63,1
5688,DECODE,1000,0,1000,707.97,20.69,1
5689,DECODE,1000,0,1000,708.97,20.55,1
5690,DECODE,1000,0,1000,709.97,20.62,1
5691,DECODE,1000,0,1000,710.97,20.66,1
5692,DECODE,1000,0,1000,711.97,20.79,1
5693,DECODE,1000,0,1000,712.97,20.87,1
5694,DECODE,1000,0,1000,713.97,20.77,1
5695,DECODE,1000,0,1000,714.97,21.05,1
5696,DECODE,1000,0,1000,715.97,22.48,1
5697,DECODE,1000,0,1000,716.97,21.01,1
5698,DECODE,1000,0,1000,717.97,20.86,1
5699,DECODE,1000,0,1000,718.97,20.90,1
5700,DECODE,1000,0,1000,719.97,20.75,1
5701,DECODE,1000,0,1000,720.97,20.76,1
5702,DECODE,1000,0,1000,721.97,20.76,1
5703,DECODE,1000,0,1000,722.97,20.92,1
5704,DECODE,1000,0,1000,723.97,20.79,1
5705,DECODE,1000,0,1000,724.97,20.78,1
5706,DECODE,1000,0,1000,725.97,20.83,1
5707,DECODE,1000,0,1000,726.97,20.86,1
5708,DECODE,1000,0,1000,727.97,20.85,1
5709,DECODE,1000,0,1000,728.97,20.86,1
5710,DECODE,1000,0,1000,729.97,20.70,1
5711,DECODE,1000,0,1000,730.97,20.85,1
5712,DECODE,1000,0,1000,731.97,20.85,1
5713,DECODE,1000,0,1000,732.97,20.89,1
5714,DECODE,999,0,999,732.38,21.14,1
5715,EXTEND,1,79,0,83.00,16.44,1
5716,EXTEND,1,39,0,72.00,15.96,1
5717,DECODE,1000,0,1000,731.26,20.77,1
5718,DECODE,1000,0,1000,732.26,20.91,1
5719,DECODE,1000,0,1000,733.26,20.98,1
5720,DECODE,1000,0,1000,734.26,20.96,1
5721,DECODE,1000,0,1000,735.26,20.95,1
5722,DECODE,1000,0,1000,736.26,20.89,1
5723,DECODE,1000,0,1000,737.26,20.91,1
5724,DECODE,1000,0,1000,738.26,21.03,1
5725,DECODE,1000,0,1000,739.26,21.08,1
5726,DECODE,1000,0,1000,740.26,20.93,1
5727,DECODE,1000,0,1000,741.26,21.34,1
5728,DECODE,1000,0,1000,742.26,21.71,1
5729,DECODE,1000,0,1000,743.26,21.23,1
5730,DECODE,1000,0,1000,744.26,21.08,1
5731,DECODE,1000,0,1000,745.26,21.04,1
5732,DECODE,1000,0,1000,746.26,21.01,1
5733,DECODE,1000,0,1000,747.26,20.99,1
5734,DECODE,1000,0,1000,748.26,20.98,1
5735,DECODE,1000,0,1000,749.26,20.99,1
5736,DECODE,1000,0,1000,750.26,20.99,1
5737,DECODE,1000,0,1000,751.26,21.15,1
5738,DECODE,1000,0,1000,752.26,21.05,1
5739,DECODE,1000,0,1000,753.26,21.15,1
5740,DECODE,1000,0,1000,754.26,21.09,1
5741,DECODE,999,0,999,753.67,21.48,1
5742,EXTEND,1,84,0,88.00,26.02,1
5743,DECODE,1000,0,1000,754.00,20.96,1
5744,DECODE,1000,0,1000,755.00,21.26,1
5745,DECODE,1000,0,1000,756.00,21.19,1
5746,DECODE,1000,0,1000,757.00,21.12,1
5747,DECODE,1000,0,1000,758.00,21.11,1
5748,DECODE,1000,0,1000,759.00,21.30,1
5749,DECODE,1000,0,1000,760.00,21.49,1
5750,DECODE,1000,0,1000,761.00,21.37,1
5751,DECODE,1000,0,1000,762.00,22.11,1
5752,DECODE,1000,0,1000,763.00,22.05,1
5753,DECODE,1000,0,1000,764.00,21.21,1
5754,DECODE,1000,0,1000,765.00,21.23,1
5755,DECODE,1000,0,1000,766.00,22.10,1
5756,DECODE,1000,0,1000,767.00,21.23,1
5757,DECODE,1000,0,1000,768.00,21.18,1
5758,DECODE,1000,0,1000,769.00,21.20,1
5759,DECODE,1000,0,1000,770.00,21.37,1
5760,DECODE,1000,0,1000,771.00,21.12,1
5761,DECODE,1000,0,1000,772.00,21.54,1
5762,DECODE,1000,0,1000,773.00,21.28,1
5763,DECODE,1000,0,1000,774.00,21.47,1
5764,DECODE,1000,0,1000,775.00,21.42,1
5765,DECODE,1000,0,1000,776.00,21.49,1
5766,DECODE,1000,0,1000,777.00,21.42,1
5767,DECODE,1000,0,1000,778.00,21.78,1
5768,DECODE,999,0,999,778.06,21.67,1
5769,EXTEND,1,82,0,87.00,25.91,1
5770,DECODE,1000,0,1000,778.37,21.63,1
5771,DECODE,1000,0,1000,779.37,21.50,1
5772,DECODE,1000,0,1000,780.37,21.66,1
5773,DECODE,1000,0,1000,781.37,21.47,1
5774,DECODE,1000,0,1000,782.37,21.71,1
5775,DECODE,999,0,999,782.21,21.79,1
5776,EXTEND,1,71,0,75.00,15.88,1
5777,DECODE,1000,0,1000,782.50,21.52,1
5778,DECODE,1000,0,1000,783.50,21.65,1
5779,DECODE,1000,0,1000,784.50,21.56,1
5780,DECODE,1000,0,1000,785.50,21.53,1
5781,DECODE,1000,0,1000,786.50,21.64,1
5782,DECODE,1000,0,1000,787.50,21.68,1
5783,DECODE,1000,0,1000,788.50,21.78,1
5784,DECODE,1000,0,1000,789.50,21.69,1
5785,DECODE,1000,0,1000,790.50,21.75,1
5786,DECODE,1000,0,1000,791.50,21.58,1
5787,DECODE,1000,0,1000,792.50,21.69,1
5788,DECODE,1000,0,1000,793.50,21.76,1
5789,DECODE,1000,0,1000,794.50,21.61,1
5790,DECODE,999,0,999,793.90,21.79,1
5791,EXTEND,1,81,0,87.00,15.73,1
5792,DECODE,999,0,999,793.38,21.68,1
5793,EXTEND,1,65,0,69.00,25.09,1
5794,DECODE,1000,0,1000,793.66,21.76,1
5795,DECODE,1000,0,1000,794.66,21.53,1
5796,DECODE,1000,0,1000,795.66,21.60,1
5797,DECODE,1000,0,1000,796.66,21.59,1
5798,DECODE,1000,0,1000,797.66,21.58,1
5799,DECODE,1000,0,1000,798.66,21.47,1
5800,DECODE,1000,0,1000,799.66,21.63,1
5801,DECODE,1000,0,1000,800.66,21.76,1
5802,DECODE,1000,0,1000,801.66,21.73,1
5803,DECODE,1000,0,1000,802.66,21.97,1
5804,DECODE,1000,0,1000,803.66,21.51,1
5805,DECODE,1000,0,1000,804.66,21.55,1
5806,DECODE,1000,0,1000,805.66,23.29,1
5807,DECODE,1000,0,1000,806.66,21.63,1
5808,DECODE,1000,0,1000,807.66,21.67,1
5809,DECODE,1000,0,1000,808.66,22.52,1
5810,DECODE,1000,0,1000,809.66,21.72,1
5811,DECODE,1000,0,1000,810.66,22.16,1
5812,DECODE,1000,0,1000,811.66,21.81,1
5813,DECODE,1000,0,1000,812.66,21.88,1
5814,DECODE,1000,0,1000,813.66,21.66,1
5815,DECODE,1000,0,1000,814.66,21.76,1
5816,DECODE,1000,0,1000,815.66,21.93,1
5817,DECODE,1000,0,1000,816.66,21.87,1
5818,DECODE,1000,0,1000,817.66,21.70,1
5819,DECODE,1000,0,1000,818.66,21.81,1
5820,DECODE,1000,0,1000,819.66,21.83,1
5821,DECODE,1000,0,1000,820.66,21.81,1
5822,DECODE,1000,0,1000,821.66,21.71,1
5823,DECODE,1000,0,1000,822.66,21.72,1
5824,DECODE,1000,0,1000,823.66,21.84,1
5825,DECODE,1000,0,1000,824.66,21.86,1
5826,DECODE,1000,0,1000,825.66,22.06,1
5827,DECODE,1000,0,1000,826.66,21.84,1
5828,DECODE,1000,0,1000,827.66,21.87,1
5829,DECODE,999,0,999,827.07,22.06,1
5830,EXTEND,1,55,0,61.00,33.86,1
5831,DECODE,1000,0,1000,827.30,22.06,1
5832,DECODE,1000,0,1000,828.30,21.78,1
5833,DECODE,1000,0,1000,829.30,21.83,1
5834,DECODE,1000,0,1000,830.30,21.90,1
5835,DECODE,1000,0,1000,831.30,21.94,1
5836,DECODE,1000,0,1000,832.30,22.02,1
5837,DECODE,1000,0,1000,833.30,22.05,1
5838,DECODE,1000,0,1000,834.30,22.04,1
5839,DECODE,1000,0,1000,835.30,22.01,1
5840,DECODE,1000,0,1000,836.30,24.39,1
5841,DECODE,1000,0,1000,837.30,22.05,1
5842,DECODE,1000,0,1000,838.30,22.17,1
5843,DECODE,1000,0,1000,839.30,22.04,1
5844,DECODE,1000,0,1000,840.30,22.08,1
5845,DECODE,1000,0,1000,841.30,22.07,1
5846,DECODE,1000,0,1000,842.30,22.16,1
5847,DECODE,1000,0,1000,843.30,22.25,1
5848,DECODE,1000,0,1000,844.30,22.13,1
5849,DECODE,1000,0,1000,845.30,22.43,1
5850,DECODE,1000,0,1000,846.30,22.24,1
5851,DECODE,1000,0,1000,847.30,22.53,1
5852,DECODE,1000,0,1000,848.30,24.05,1
5853,DECODE,999,0,999,848.22,22.30,1
5854,EXTEND,1,261,0,267.00,24.86,1
5855,DECODE,1000,0,1000,848.64,22.13,1
5856,DECODE,1000,0,1000,849.64,22.16,1
5857,DECODE,1000,0,1000,850.64,22.24,1
5858,DECODE,1000,0,1000,851.64,22.24,1
5859,DECODE,1000,0,1000,852.64,22.24,1
5860,DECODE,1000,0,1000,853.64,23.24,1
5861,DECODE,1000,0,1000,854.64,22.19,1
5862,DECODE,1000,0,1000,855.64,22.40,1
5863,DECODE,1000,0,1000,856.64,22.26,1
5864,DECODE,1000,0,1000,857.64,22.63,1
5865,DECODE,1000,0,1000,858.64,22.60,1
5866,DECODE,1000,0,1000,859.64,22.58,1
5867,DECODE,1000,0,1000,860.64,22.61,1
5868,DECODE,1000,0,1000,861.64,22.35,1
5869,DECODE,1000,0,1000,862.64,22.48,1
5870,DECODE,1000,0,1000,863.64,22.50,1
5871,DECODE,1000,0,1000,864.64,22.48,1
5872,DECODE,1000,0,1000,865.64,22.82,1
5873,DECODE,1000,0,1000,866.64,22.94,1
5874,DECODE,1000,0,1000,867.64,22.83,1
5875,DECODE,1000,0,1000,868.64,22.75,1
5876,DECODE,1000,0,1000,869.64,22.78,1
5877,DECODE,1000,0,1000,870.64,22.59,1
5878,DECODE,1000,0,1000,871.64,22.77,1
5879,DECODE,1000,0,1000,872.64,22.68,1
5880,DECODE,1000,0,1000,873.64,23.58,1
5881,DECODE,1000,0,1000,874.64,22.78,1
5882,DECODE,1000,0,1000,875.64,22.86,1
5883,DECODE,1000,0,1000,876.64,22.74,1
5884,DECODE,1000,0,1000,877.64,22.86,1
5885,DECODE,1000,0,1000,878.64,22.80,1
5886,DECODE,1000,0,1000,879.64,22.82,1
5887,DECODE,1000,0,1000,880.64,22.89,1
5888,DECODE,1000,0,1000,881.64,22.83,1
5889,DECODE,1000,0,1000,882.64,22.97,1
5890,DECODE,1000,0,1000,883.64,22.48,1
5891,DECODE,1000,0,1000,884.64,22.74,1
5892,DECODE,1000,0,1000,885.64,22.59,1
5893,DECODE,1000,0,1000,886.64,22.89,1
5894,DECODE,1000,0,1000,887.64,23.02,1
5895,DECODE,1000,0,1000,888.64,22.83,1
5896,DECODE,1000,0,1000,889.64,22.83,1
5897,DECODE,1000,0,1000,890.64,22.80,1
5898,DECODE,1000,0,1000,891.64,22.78,1
5899,DECODE,1000,0,1000,892.64,23.01,1
5900,DECODE,1000,0,1000,893.64,22.96,1
5901,DECODE,1000,0,1000,894.64,22.94,1
5902,DECODE,1000,0,1000,895.64,22.93,1
5903,DECODE,1000,0,1000,896.64,23.14,1
5904,DECODE,1000,0,1000,897.64,23.09,1
5905,DECODE,1000,0,1000,898.64,23.02,1
5906,DECODE,1000,0,1000,899.64,24.15,1
5907,DECODE,999,0,999,900.91,23.54,1
5908,EXTEND,1,145,0,153.00,23.47,1
5909,DECODE,1000,0,1000,901.16,22.98,1
5910,DECODE,1000,0,1000,902.16,23.01,1
5911,DECODE,1000,0,1000,903.16,23.03,1
5912,DECODE,1000,0,1000,904.16,23.07,1
5913,DECODE,1000,0,1000,905.16,23.05,1
5914,DECODE,1000,0,1000,906.16,23.04,1
5915,DECODE,1000,0,1000,907.16,23.07,1
5916,DECODE,1000,0,1000,908.16,23.20,1
5917,DECODE,1000,0,1000,909.16,23.23,1
5918,DECODE,1000,0,1000,910.16,23.06,1
5919,DECODE,1000,0,1000,911.16,25.10,1
5920,DECODE,1000,0,1000,912.16,23.01,1
5921,DECODE,999,0,999,911.58,23.23,1
5922,EXTEND,1,44,0,49.00,16.46,1
5923,DECODE,1000,0,1000,911.71,23.24,1
5924,DECODE,1000,0,1000,912.71,23.18,1
5925,DECODE,1000,0,1000,913.71,23.38,1
5926,DECODE,1000,0,1000,914.71,23.01,1
5927,DECODE,1000,0,1000,915.71,23.18,1
5928,DECODE,1000,0,1000,916.71,23.22,1
5929,DECODE,1000,0,1000,917.71,23.18,1
5930,DECODE,1000,0,1000,918.71,23.29,1
5931,DECODE,1000,0,1000,919.71,23.28,1
5932,DECODE,1000,0,1000,920.71,23.33,1
5933,DECODE,1000,0,1000,921.71,23.29,1
5934,DECODE,1000,0,1000,922.71,23.32,1
5935,DECODE,1000,0,1000,923.71,23.28,1
5936,DECODE,1000,0,1000,924.71,23.38,1
5937,DECODE,1000,0,1000,925.71,23.27,1
5938,DECODE,1000,0,1000,926.71,23.28,1
5939,DECODE,1000,0,1000,927.71,23.25,1
5940,DECODE,999,0,999,927.10,23.56,1
5941,EXTEND,1,62,0,66.00,17.08,1
5942,DECODE,1000,0,1000,927.24,23.33,1
5943,DECODE,1000,0,1000,928.24,23.32,1
5944,DECODE,1000,0,1000,929.24,23.47,1
5945,DECODE,1000,0,1000,930.24,23.59,1
5946,DECODE,1000,0,1000,931.24,23.32,1
5947,DECODE,1000,0,1000,932.24,23.07,1
5948,DECODE,1000,0,1000,933.24,23.05,1
5949,DECODE,1000,0,1000,934.24,23.03,1
5950,DECODE,1000,0,1000,935.24,23.28,1
5951,DECODE,1000,0,1000,936.24,23.33,1
5952,DECODE,1000,0,1000,937.24,25.44,1
5953,DECODE,1000,0,1000,938.24,23.89,1
5954,DECODE,1000,0,1000,939.24,23.37,1
5955,DECODE,1000,0,1000,940.24,23.31,1
5956,DECODE,1000,0,1000,941.24,23.29,1
5957,DECODE,1000,0,1000,942.24,23.40,1
5958,DECODE,1000,0,1000,943.24,25.23,1
5959,DECODE,998,0,998,941.00,23.60,1
5960,EXTEND,2,268,0,137.50,25.24,1
5961,EXTEND,2,341,0,177.50,22.54,1
5962,EXTEND,1,29,0,41.00,21.89,1
5963,DECODE,1000,0,1000,933.11,23.11,1
5964,DECODE,1000,0,1000,934.11,23.32,1
5965,DECODE,996,0,996,928.58,23.57,1
5966,EXTEND,4,525,0,141.25,16.50,1
5967,EXTEND,2,121,0,66.00,29.38,1
5968,EXTEND,4,300,0,80.50,27.19,1
5969,DECODE,1000,0,1000,911.53,23.36,1
5970,DECODE,1000,0,1000,912.53,23.32,1
5971,DECODE,998,0,998,910.23,23.54,1
5972,EXTEND,2,172,0,91.50,24.02,1
5973,EXTEND,2,128,0,79.50,17.50,1
5974,EXTEND,2,197,0,106.50,23.77,1
5975,DECODE,1000,0,1000,899.73,24.62,1
5976,DECODE,1000,0,1000,900.73,23.22,1
5977,DECODE,997,0,997,896.73,23.05,1
5978,EXTEND,3,195,0,70.67,24.07,1
5979,DECODE,1000,0,1000,895.25,24.73,1
5980,DECODE,1000,0,1000,896.25,22.83,1
5981,DECODE,999,0,999,895.59,23.05,1
5982,EXTEND,1,67,0,74.00,26.23,1
5983,DECODE,1000,0,1000,895.77,22.79,1
5984,DECODE,1000,0,1000,896.77,22.77,1
5985,DECODE,1000,0,1000,897.77,22.94,1
5986,DECODE,999,0,999,897.10,23.13,1
5987,EXTEND,1,31,0,34.00,20.87,1
5988,DECODE,1000,0,1000,897.24,22.81,1
5989,DECODE,1000,0,1000,898.24,22.75,1
5990,DECODE,1000,0,1000,899.24,22.85,1
5991,DECODE,999,0,999,898.58,23.02,1
5992,EXTEND,1,140,0,148.00,23.15,1
5993,DECODE,1000,0,1000,898.83,22.76,1
5994,DECODE,1000,0,1000,899.83,22.83,1
5995,DECODE,999,0,999,899.17,23.13,1
5996,EXTEND,1,62,0,66.00,15.83,1
5997,DECODE,997,0,997,894.34,22.94,1
5998,EXTEND,3,327,0,117.00,28.72,1
5999,DECODE,1000,0,1000,893.00,23.21,1
6000,DECODE,1000,0,1000,894.00,23.03,1
6001,DECODE,1000,0,1000,895.00,23.19,1
6002,DECODE,1000,0,1000,896.00,23.10,1
6003,DECODE,1000,0,1000,897.00,23.20,1
6004,DECODE,1000,0,1000,898.00,23.33,1
6005,DECODE,1000,0,1000,899.00,22.93,1
6006,DECODE,999,0,999,900.07,23.22,1
6007,EXTEND,1,81,0,87.00,16.03,1
6008,DECODE,999,0,999,899.15,23.05,1
6009,EXTEND,1,299,0,304.00,23.37,1
6010,DECODE,1000,0,1000,899.55,22.91,1
6011,DECODE,1000,0,1000,900.55,23.12,1
6012,DECODE,1000,0,1000,901.55,23.38,1
6013,DECODE,1000,0,1000,902.55,23.16,1
6014,DECODE,1000,0,1000,903.55,23.34,1
6015,DECODE,1000,0,1000,904.55,23.49,1
6016,DECODE,1000,0,1000,905.55,23.27,1
6017,DECODE,1000,0,1000,906.55,23.17,1
6018,DECODE,1000,0,1000,907.55,23.58,1
6019,DECODE,1000,0,1000,908.55,23.20,1
6020,DECODE,1000,0,1000,909.55,23.51,1
6021,DECODE,1000,0,1000,910.55,23.22,1
6022,DECODE,999,0,999,910.75,23.46,1
6023,EXTEND,1,42,0,52.00,35.14,1
6024,DECODE,1000,0,1000,910.89,24.28,1
6025,DECODE,1000,0,1000,911.89,25.14,1
6026,DECODE,1000,0,1000,912.89,24.03,1
6027,DECODE,1000,0,1000,913.89,23.32,1
6028,DECODE,1000,0,1000,914.89,23.29,1
6029,DECODE,1000,0,1000,915.89,23.22,1
6030,DECODE,1000,0,1000,916.89,23.28,1
6031,DECODE,1000,0,1000,917.89,23.41,1
6032,DECODE,1000,0,1000,918.89,24.75,1
6033,DECODE,1000,0,1000,919.89,23.71,1
6034,DECODE,1000,0,1000,920.89,24.05,1
6035,DECODE,1000,0,1000,921.89,23.49,1
6036,DECODE,1000,0,1000,922.89,23.48,1
6037,DECODE,999,0,999,922.61,23.89,1
6038,EXTEND,1,327,0,332.00,15.32,1
6039,DECODE,1000,0,1000,923.02,23.28,1
6040,DECODE,1000,0,1000,924.02,23.52,1
6041,DECODE,1000,0,1000,925.02,23.48,1
6042,DECODE,1000,0,1000,926.02,23.55,1
6043,DECODE,1000,0,1000,927.02,23.59,1
6044,DECODE,1000,0,1000,928.02,23.56,1
6045,DECODE,1000,0,1000,929.02,23.70,1
6046,DECODE,1000,0,1000,930.02,23.65,1
6047,DECODE,1000,0,1000,931.02,23.68,1
6048,DECODE,1000,0,1000,932.02,23.65,1
6049,DECODE,1000,0,1000,933.02,23.63,1
6050,DECODE,1000,0,1000,934.02,23.65,1
6051,DECODE,1000,0,1000,935.02,23.74,1
6052,DECODE,1000,0,1000,936.02,23.75,1
6053,DECODE,1000,0,1000,937.02,23.70,1
6054,DECODE,1000,0,1000,938.02,23.81,1
6055,DECODE,1000,0,1000,939.02,23.74,1
6056,DECODE,1000,0,1000,940.02,23.64,1
6057,DECODE,999,0,999,940.19,23.77,1
6058,EXTEND,1,26,0,37.00,20.94,1
6059,DECODE,1000,0,1000,940.28,23.48,1
6060,DECODE,1000,0,1000,941.28,23.60,1
6061,DECODE,1000,0,1000,942.28,23.69,1
6062,DECODE,1000,0,1000,943.28,23.55,1
6063,DECODE,1000,0,1000,944.28,23.66,1
6064,DECODE,1000,0,1000,945.28,23.85,1
6065,DECODE,999,0,999,945.29,23.83,1
6066,EXTEND,1,61,0,66.00,20.94,1
6067,DECODE,1000,0,1000,945.41,23.67,1
6068,DECODE,1000,0,1000,946.41,23.64,1
6069,DECODE,1000,0,1000,947.41,23.83,1
6070,DECODE,999,0,999,947.50,23.98,1
6071,EXTEND,1,91,0,97.00,16.25,1
6072,DECODE,1000,0,1000,947.65,23.54,1
6073,DECODE,1000,0,1000,948.65,23.86,1
6074,DECODE,1000,0,1000,949.65,23.85,1
6075,DECODE,999,0,999,950.49,24.06,1
6076,EXTEND,1,267,0,272.00,16.11,1
6077,DECODE,1000,0,1000,950.81,23.56,1
6078,DECODE,1000,0,1000,951.81,23.85,1
6079,DECODE,1000,0,1000,952.81,23.99,1
6080,DECODE,1000,0,1000,953.81,23.93,1
6081,DECODE,1000,0,1000,954.81,24.01,1
6082,DECODE,1000,0,1000,955.81,24.03,1
6083,DECODE,1000,0,1000,956.81,23.81,1
6084,DECODE,1000,0,1000,957.81,23.75,1
6085,DECODE,1000,0,1000,958.81,24.17,1
6086,DECODE,1000,0,1000,959.81,24.05,1
6087,DECODE,1000,0,1000,960.81,23.97,1
6088,DECODE,1000,0,1000,961.81,24.37,1
6089,DECODE,1000,0,1000,962.81,24.09,1
6090,DECODE,1000,0,1000,963.81,24.02,1
6091,DECODE,1000,0,1000,964.81,24.18,1
6092,DECODE,1000,0,1000,965.81,24.07,1
6093,DECODE,1000,0,1000,966.81,23.97,1
6094,DECODE,1000,0,1000,967.81,24.06,1
6095,DECODE,1000,0,1000,968.81,23.99,1
6096,DECODE,1000,0,1000,969.81,24.20,1
6097,DECODE,1000,0,1000,970.81,24.04,1
6098,DECODE,1000,0,1000,971.81,24.15,1
6099,DECODE,1000,0,1000,972.81,24.61,1
6100,DECODE,1000,0,1000,973.81,24.55,1
6101,DECODE,1000,0,1000,974.81,24.42,1
6102,DECODE,1000,0,1000,975.81,24.47,1
6103,DECODE,1000,0,1000,976.81,24.33,1
6104,DECODE,1000,0,1000,977.81,24.39,1
6105,DECODE,1000,0,1000,978.81,24.40,1
6106,DECODE,1000,0,1000,979.81,25.13,1
6107,DECODE,1000,0,1000,980.81,24.47,1
6108,DECODE,1000,0,1000,981.81,24.64,1
6109,DECODE,1000,0,1000,982.81,24.54,1
6110,DECODE,1000,0,1000,983.81,24.93,1
6111,DECODE,1000,0,1000,984.81,24.85,1
6112,DECODE,1000,0,1000,985.81,24.98,1
6113,DECODE,1000,0,1000,986.81,24.96,1
6114,DECODE,1000,0,1000,987.81,24.98,1
6115,DECODE,1000,0,1000,988.81,24.74,1
6116,DECODE,1000,0,1000,989.81,24.68,1
6117,DECODE,1000,0,1000,990.81,24.49,1
6118,DECODE,1000,0,1000,991.81,24.64,1
6119,DECODE,1000,0,1000,992.81,25.18,1
6120,DECODE,1000,0,1000,993.81,25.04,1
6121,DECODE,1000,0,1000,994.81,25.10,1
6122,DECODE,1000,0,1000,995.81,24.75,1
6123,DECODE,1000,0,1000,996.81,24.71,1
6124,DECODE,1000,0,1000,997.81,24.58,1
6125,DECODE,1000,0,1000,998.81,24.71,1
6126,DECODE,1000,0,1000,999.81,24.94,1
6127,DECODE,1000,0,1000,1000.81,24.91,1
6128,DECODE,1000,0,1000,1001.81,25.11,1
6129,DECODE,1000,0,1000,1002.81,25.02,1
6130,DECODE,1000,0,1000,1003.81,25.08,1
6131,DECODE,1000,0,1000,1004.81,24.69,1
6132,DECODE,1000,0,1000,1005.81,24.48,1
6133,DECODE,999,0,999,1005.86,25.35,1
6134,EXTEND,1,38,0,44.00,16.80,1
6135,DECODE,1000,0,1000,1005.90,24.68,1
6136,DECODE,1000,0,1000,1006.90,25.69,1
6137,DECODE,1000,0,1000,1007.90,24.65,1
6138,DECODE,1000,0,1000,1008.90,24.55,1
6139,DECODE,1000,0,1000,1009.90,24.65,1
6140,DECODE,1000,0,1000,1010.90,24.51,1
6141,DECODE,1000,0,1000,1011.90,24.40,1
6142,DECODE,1000,0,1000,1012.90,24.41,1
6143,DECODE,1000,0,1000,1013.90,24.64,1
6144,DECODE,1000,0,1000,1014.90,24.51,1
6145,DECODE,1000,0,1000,1015.90,24.59,1
6146,DECODE,1000,0,1000,1016.90,24.61,1
6147,DECODE,1000,0,1000,1017.90,24.55,1
6148,DECODE,1000,0,1000,1018.90,24.65,1
6149,DECODE,999,0,999,1018.80,24.65,1
6150,EXTEND,1,34,0,40.00,20.49,1
6151,DECODE,1000,0,1000,1018.82,24.46,1
6152,DECODE,1000,0,1000,1019.82,24.83,1
6153,DECODE,1000,0,1000,1020.82,24.70,1
6154,DECODE,1000,0,1000,1021.82,24.73,1
6155,DECODE,1000,0,1000,1022.82,24.57,1
6156,DECODE,1000,0,1000,1023.82,24.75,1
6157,DECODE,1000,0,1000,1024.82,24.78,1
6158,DECODE,1000,0,1000,1025.82,24.65,1
6159,DECODE,1000,0,1000,1026.82,24.79,1
6160,DECODE,1000,0,1000,1027.82,24.81,1
6161,DECODE,1000,0,1000,1028.82,24.74,1
6162,DECODE,1000,0,1000,1029.82,24.91,1
6163,DECODE,1000,0,1000,1030.82,24.89,1
6164,DECODE,1000,0,1000,1031.82,24.71,1
6165,DECODE,1000,0,1000,1032.82,24.72,1
6166,DECODE,1000,0,1000,1033.82,24.67,1
6167,DECODE,1000,0,1000,1034.82,24.53,1
6168,DECODE,1000,0,1000,1035.82,24.66,1
6169,DECODE,1000,0,1000,1036.82,24.73,1
6170,DECODE,1000,0,1000,1037.82,24.69,1
6171,DECODE,1000,0,1000,1038.82,24.89,1
6172,DECODE,1000,0,1000,1039.82,24.94,1
6173,DECODE,1000,0,1000,1040.82,25.01,1
6174,DECODE,1000,0,1000,1041.82,25.01,1
6175,DECODE,1000,0,1000,1042.82,25.03,1
6176,DECODE,1000,0,1000,1043.82,25.12,1
6177,DECODE,1000,0,1000,1044.82,25.38,1
6178,DECODE,1000,0,1000,1045.82,25.18,1
6179,DECODE,1000,0,1000,1046.82,25.18,1
6180,DECODE,1000,0,1000,1047.82,24.94,1
6181,DECODE,1000,0,1000,1048.82,26.00,1
6182,DECODE,1000,0,1000,1049.82,25.12,1
6183,DECODE,1000,0,1000,1050.82,25.13,1
6184,DECODE,1000,0,1000,1051.82,25.13,1
6185,DECODE,1000,0,1000,1052.82,25.16,1
6186,DECODE,1000,0,1000,1053.82,25.13,1
6187,DECODE,1000,0,1000,1054.82,25.25,1
6188,DECODE,1000,0,1000,1055.82,26.80,1
6189,DECODE,1000,0,1000,1056.82,25.13,1
6190,DECODE,1000,0,1000,1057.82,25.02,1
6191,DECODE,1000,0,1000,1058.82,25.09,1
6192,DECODE,1000,0,1000,1059.82,25.97,1
6193,DECODE,1000,0,1000,1060.82,25.56,1
6194,DECODE,1000,0,1000,1061.82,25.18,1
6195,DECODE,1000,0,1000,1062.82,25.22,1
6196,DECODE,1000,0,1000,1063.82,25.21,1
6197,DECODE,1000,0,1000,1064.82,25.21,1
6198,DECODE,1000,0,1000,1065.82,25.11,1
6199,DECODE,1000,0,1000,1066.82,25.23,1
6200,DECODE,1000,0,1000,1067.82,25.14,1
6201,DECODE,1000,0,1000,1068.82,25.22,1
6202,DECODE,1000,0,1000,1069.82,25.19,1
6203,DECODE,1000,0,1000,1070.82,25.18,1
6204,DECODE,1000,0,1000,1071.82,25.30,1
6205,DECODE,1000,0,1000,1072.82,25.27,1
6206,DECODE,1000,0,1000,1073.82,25.20,1
6207,DECODE,1000,0,1000,1074.82,25.27,1
6208,DECODE,1000,0,1000,1075.82,25.18,1
6209,DECODE,1000,0,1000,1076.82,25.42,1
6210,DECODE,1000,0,1000,1077.82,25.39,1
6211,DECODE,1000,0,1000,1078.82,25.35,1
6212,DECODE,1000,0,1000,1079.82,25.36,1
6213,DECODE,1000,0,1000,1080.82,25.39,1
6214,DECODE,1000,0,1000,1081.82,25.49,1
6215,DECODE,1000,0,1000,1082.82,25.44,1
6216,DECODE,1000,0,1000,1083.82,25.37,1
6217,DECODE,1000,0,1000,1084.82,25.37,1
6218,DECODE,1000,0,1000,1085.82,25.42,1
6219,DECODE,1000,0,1000,1086.82,25.42,1
6220,DECODE,999,0,999,1088.03,25.59,1
6221,EXTEND,1,63,0,71.00,21.15,1
6222,DECODE,1000,0,1000,1088.01,25.10,1
6223,DECODE,1000,0,1000,1089.01,26.72,1
6224,DECODE,1000,0,1000,1090.01,25.64,1
6225,DECODE,1000,0,1000,1091.01,25.61,1
6226,DECODE,1000,0,1000,1092.01,25.63,1
6227,DECODE,1000,0,1000,1093.01,25.59,1
6228,DECODE,1000,0,1000,1094.01,25.82,1
6229,DECODE,999,0,999,1093.87,25.79,1
6230,EXTEND,1,40,0,49.00,16.08,1
6231,DECODE,1000,0,1000,1093.83,25.37,1
6232,DECODE,1000,0,1000,1094.83,25.51,1
6233,DECODE,1000,0,1000,1095.83,25.65,1
6234,DECODE,1000,0,1000,1096.83,25.72,1
6235,DECODE,1000,0,1000,1097.83,25.55,1
6236,DECODE,1000,0,1000,1098.83,25.51,1
6237,DECODE,1000,0,1000,1099.83,25.84,1
6238,DECODE,1000,0,1000,1100.83,25.84,1
6239,DECODE,1000,0,1000,1101.83,25.73,1
6240,DECODE,1000,0,1000,1102.83,25.77,1
6241,DECODE,1000,0,1000,1103.83,25.68,1
6242,DECODE,1000,0,1000,1104.83,26.50,1
6243,DECODE,1000,0,1000,1105.83,25.84,1
6244,DECODE,1000,0,1000,1106.83,25.81,1
6245,DECODE,1000,0,1000,1107.83,25.99,1
6246,DECODE,1000,0,1000,1108.83,25.84,1
6247,DECODE,1000,0,1000,1109.83,25.88,1
6248,DECODE,1000,0,1000,1110.83,25.83,1
6249,DECODE,1000,0,1000,1111.83,25.97,1
6250,DECODE,1000,0,1000,1112.83,25.90,1
6251,DECODE,1000,0,1000,1113.83,26.08,1
6252,DECODE,1000,0,1000,1114.83,25.97,1
6253,DECODE,1000,0,1000,1115.83,26.06,1
6254,DECODE,1000,0,1000,1116.83,25.95,1
6255,DECODE,1000,0,1000,1117.83,26.03,1
6256,DECODE,1000,0,1000,1118.83,25.97,1
6257,DECODE,1000,0,1000,1119.83,25.74,1
6258,DECODE,1000,0,1000,1120.83,25.98,1
6259,DECODE,1000,0,1000,1121.83,26.10,1
6260,DECODE,1000,0,1000,1122.83,26.13,1
6261,DECODE,1000,0,1000,1123.83,26.10,1
6262,DECODE,1000,0,1000,1124.83,26.02,1
6263,DECODE,1000,0,1000,1125.83,25.92,1
6264,DECODE,1000,0,1000,1126.83,26.08,1
6265,DECODE,1000,0,1000,1127.83,25.95,1
6266,DECODE,1000,0,1000,1128.83,25.89,1
6267,DECODE,1000,0,1000,1129.83,26.01,1
6268,DECODE,1000,0,1000,1130.83,25.98,1
6269,DECODE,1000,0,1000,1131.83,26.08,1
6270,DECODE,1000,0,1000,1132.83,25.96,1
6271,DECODE,1000,0,1000,1133.83,26.11,1
6272,DECODE,1000,0,1000,1134.83,25.97,1
6273,DECODE,1000,0,1000,1135.83,25.94,1
6274,DECODE,1000,0,1000,1136.83,25.95,1
6275,DECODE,1000,0,1000,1137.83,25.99,1
6276,DECODE,1000,0,1000,1138.83,25.99,1
6277,DECODE,1000,0,1000,1139.83,26.04,1
6278,DECODE,999,0,999,1141.02,26.94,1
6279,DECODE,999,0,999,1142.02,26.37,1
6280,DECODE,998,0,998,1141.98,26.56,1
6281,DECODE,998,0,998,1142.98,26.19,1
6282,DECODE,998,0,998,1143.98,26.28,1
6283,DECODE,998,0,998,1144.98,26.25,1
6284,DECODE,998,0,998,1145.98,32.24,1
6285,DECODE,998,0,998,1146.98,26.26,1
6286,DECODE,998,0,998,1147.98,26.30,1
6287,DECODE,998,0,998,1148.98,26.75,1
6288,DECODE,998,0,998,1149.98,26.56,1
6289,DECODE,998,0,998,1150.98,26.35,1
6290,DECODE,998,0,998,1151.98,26.40,1
6291,DECODE,998,0,998,1152.98,26.44,1
6292,DECODE,998,0,998,1153.98,26.24,1
6293,DECODE,998,0,998,1154.98,26.39,1
6294,DECODE,998,0,998,1155.98,26.46,1
6295,DECODE,998,0,998,1156.98,26.31,1
6296,DECODE,998,0,998,1157.98,26.36,1
6297,DECODE,998,0,998,1158.98,26.19,1
6298,DECODE,998,0,998,1159.98,26.36,1
6299,DECODE,998,0,998,1160.98,26.49,1
6300,DECODE,998,0,998,1161.98,26.60,1
6301,DECODE,998,0,998,1162.98,26.52,1
6302,DECODE,998,0,998,1163.98,26.81,1
6303,DECODE,998,0,998,1164.98,26.66,1
6304,DECODE,998,0,998,1165.98,26.57,1
6305,DECODE,998,0,998,1166.98,26.59,1
6306,DECODE,998,0,998,1167.98,26.56,1
6307,DECODE,998,0,998,1168.98,26.73,1
6308,DECODE,998,0,998,1169.98,26.51,1
6309,DECODE,998,0,998,1170.98,27.78,1
6310,DECODE,998,0,998,1171.98,27.09,1
6311,DECODE,998,0,998,1172.98,26.72,1
6312,DECODE,998,0,998,1173.98,26.66,1
6313,DECODE,998,0,998,1174.98,26.92,1
6314,DECODE,998,0,998,1175.98,26.96,1
6315,DECODE,998,0,998,1176.98,27.01,1
6316,DECODE,998,0,998,1177.98,26.67,1
6317,DECODE,998,0,998,1178.98,26.99,1
6318,DECODE,998,0,998,1179.98,26.78,1
6319,DECODE,998,0,998,1180.98,26.76,1
6320,DECODE,998,0,998,1181.98,27.01,1
6321,DECODE,998,0,998,1182.98,26.93,1
6322,DECODE,998,0,998,1183.98,26.82,1
6323,DECODE,998,0,998,1184.98,27.08,1
6324,DECODE,998,0,998,1185.98,26.77,1
6325,DECODE,998,0,998,1186.98,27.03,1
6326,DECODE,998,0,998,1187.98,26.79,1
6327,DECODE,998,0,998,1188.98,27.31,1
6328,DECODE,998,0,998,1189.98,27.07,1
6329,DECODE,998,0,998,1190.98,27.17,1
6330,DECODE,998,0,998,1191.98,26.84,1
6331,DECODE,998,0,998,1192.98,26.86,1
6332,DECODE,998,0,998,1193.98,27.09,1
6333,DECODE,998,0,998,1194.98,26.99,1
6334,DECODE,998,0,998,1195.98,26.83,1
6335,DECODE,998,0,998,1196.98,26.83,1
6336,DECODE,998,0,998,1197.98,26.83,1
6337,DECODE,998,0,998,1198.98,26.88,1
6338,DECODE,998,0,998,1199.98,26.86,1
6339,DECODE,998,0,998,1200.98,27.02,1
6340,DECODE,998,0,998,1201.98,26.73,1
6341,DECODE,998,0,998,1202.98,28.78,1
6342,DECODE,998,0,998,1203.98,29.07,1
6343,DECODE,998,0,998,1204.98,27.07,1
6344,DECODE,998,0,998,1205.98,26.99,1
6345,DECODE,998,0,998,1206.98,32.11,1
6346,DECODE,997,0,997,1207.61,28.41,1
6347,DECODE,997,0,997,1208.61,27.54,1
6348,DECODE,997,0,997,1209.61,27.29,1
6349,DECODE,997,0,997,1210.61,27.11,1
6350,DECODE,997,0,997,1211.61,27.06,1
6351,DECODE,997,0,997,1212.61,27.09,1
6352,DECODE,997,0,997,1213.61,27.24,1
6353,DECODE,997,0,997,1214.61,26.99,1
6354,DECODE,997,0,997,1215.61,27.34,1
6355,DECODE,997,0,997,1216.61,27.03,1
6356,DECODE,997,0,997,1217.61,27.26,1
6357,DECODE,997,0,997,1218.61,27.25,1
6358,DECODE,997,0,997,1219.61,27.31,1
6359,DECODE,997,0,997,1220.61,27.27,1
6360,DECODE,997,0,997,1221.61,27.31,1
6361,DECODE,997,0,997,1222.61,27.11,1
6362,DECODE,997,0,997,1223.61,27.29,1
6363,DECODE,997,0,997,1224.61,27.35,1
6364,DECODE,997,0,997,1225.61,27.38,1
6365,DECODE,997,0,997,1226.61,27.38,1
6366,DECODE,997,0,997,1227.61,27.50,1
6367,DECODE,997,0,997,1228.61,27.77,1
6368,DECODE,997,0,997,1229.61,27.75,1
6369,DECODE,997,0,997,1230.61,27.81,1
6370,DECODE,997,0,997,1231.61,27.80,1
6371,DECODE,997,0,997,1232.61,27.70,1
6372,DECODE,997,0,997,1233.61,27.64,1
6373,DECODE,997,0,997,1234.61,27.54,1
6374,DECODE,997,0,997,1235.61,27.65,1
6375,DECODE,997,0,997,1236.61,29.52,1
6376,DECODE,996,0,996,1236.56,28.20,1
6377,DECODE,996,0,996,1237.56,28.28,1
6378,DECODE,996,0,996,1238.56,27.57,1
6379,DECODE,995,0,995,1238.46,27.57,1
6380,DECODE,995,0,995,1239.46,27.35,1
6381,DECODE,995,0,995,1240.46,27.55,1
6382,DECODE,995,0,995,1241.46,27.80,1
6383,DECODE,995,0,995,1242.46,27.96,1
6384,DECODE,994,0,994,1243.41,28.01,1
6385,DECODE,994,0,994,1244.41,27.96,1
6386,DECODE,994,0,994,1245.41,27.49,1
6387,DECODE,994,0,994,1246.41,27.82,1
6388,DECODE,994,0,994,1247.41,28.12,1
6389,DECODE,994,0,994,1248.41,28.36,1
6390,DECODE,994,0,994,1249.41,27.97,1
6391,DECODE,994,0,994,1250.41,28.05,1
6392,DECODE,994,0,994,1251.41,28.06,1
6393,DECODE,994,0,994,1252.41,28.09,1
6394,DECODE,994,0,994,1253.41,28.10,1
6395,DECODE,994,0,994,1254.41,27.87,1
6396,DECODE,994,0,994,1255.41,27.87,1
6397,DECODE,994,0,994,1256.41,27.76,1
6398,DECODE,994,0,994,1257.41,27.34,1
6399,DECODE,994,0,994,1258.41,27.74,1
6400,DECODE,994,0,994,1259.41,27.57,1
6401,DECODE,993,0,993,1260.60,28.01,1
6402,DECODE,993,0,993,1261.60,27.69,1
6403,DECODE,993,0,993,1262.60,27.52,1
6404,DECODE,993,0,993,1263.60,27.60,1
6405,DECODE,993,0,993,1264.60,27.72,1
6406,DECODE,993,0,993,1265.60,27.54,1
6407,DECODE,993,0,993,1266.60,27.92,1
6408,DECODE,993,0,993,1267.60,27.63,1
6409,DECODE,993,0,993,1268.60,29.82,1
6410,DECODE,993,0,993,1269.60,27.73,1
6411,DECODE,993,0,993,1270.60,27.89,1
6412,DECODE,993,0,993,1271.60,27.90,1
6413,DECODE,993,0,993,1272.60,27.80,1
6414,DECODE,993,0,993,1273.60,27.82,1
6415,DECODE,993,0,993,1274.60,28.01,1
6416,DECODE,989,0,989,1279.61,28.10,1
6417,DECODE,987,0,987,1282.15,28.21,1
6418,DECODE,984,0,984,1285.53,27.56,1
6419,DECODE,983,0,983,1287.39,28.03,1
6420,DECODE,981,0,981,1289.80,27.81,1
6421,DECODE,979,0,979,1292.30,28.09,1
6422,DECODE,977,0,977,1294.98,28.04,1
6423,DECODE,975,0,975,1297.59,27.92,1
6424,DECODE,973,0,973,1300.22,27.90,1
6425,DECODE,971,0,971,1302.88,27.74,1
6426,DECODE,970,0,970,1304.63,29.92,1
6427,DECODE,968,0,968,1307.24,31.45,1
6428,DECODE,966,0,966,1309.88,30.44,1
6429,DECODE,964,0,964,1312.32,30.48,1
6430,DECODE,963,0,963,1312.02,28.04,1
6431,DECODE,963,0,963,1313.02,27.74,1
6432,DECODE,963,0,963,1314.02,28.64,1
6433,DECODE,961,0,961,1316.61,28.16,1
6434,DECODE,959,0,959,1319.25,27.71,1
6435,DECODE,957,0,957,1321.92,33.83,1
6436,DECODE,956,0,956,1321.62,27.48,1
6437,DECODE,956,0,956,1322.62,27.27,1
6438,DECODE,956,0,956,1323.62,27.21,1
6439,DECODE,954,0,954,1326.32,27.60,1
6440,DECODE,952,0,952,1328.82,32.75,1
6441,DECODE,951,0,951,1330.06,27.67,1
6442,DECODE,950,0,950,1331.76,27.62,1
6443,DECODE,948,0,948,1334.43,27.55,1
6444,DECODE,946,0,946,1337.16,27.85,1
6445,DECODE,944,0,944,1339.72,27.51,1
6446,DECODE,943,0,943,1341.26,27.87,1
6447,DECODE,942,0,942,1343.00,27.53,1
6448,DECODE,940,0,940,1345.36,27.89,1
6449,DECODE,939,0,939,1345.54,28.36,1
6450,DECODE,939,0,939,1346.54,28.12,1
6451,DECODE,938,0,938,1348.21,28.19,1
6452,DECODE,937,0,937,1349.87,27.88,1
6453,DECODE,936,0,936,1351.50,27.75,1
6454,DECODE,935,0,935,1353.10,27.71,1
6455,DECODE,933,0,933,1355.32,27.77,1
6456,DECODE,932,0,932,1356.90,27.84,1
6457,DECODE,931,0,931,1356.61,27.73,1
6458,DECODE,931,0,931,1357.61,27.70,1
6459,DECODE,931,0,931,1358.61,27.61,1
6460,DECODE,930,0,930,1359.98,27.97,1
6461,DECODE,929,0,929,1361.56,27.78,1
6462,DECODE,928,0,928,1363.01,27.75,1
6463,DECODE,927,0,927,1364.46,28.01,1
6464,DECODE,926,0,926,1365.75,29.36,1
6465,DECODE,925,0,925,1367.09,28.05,1
6466,DECODE,924,0,924,1368.46,27.38,1
6467,DECODE,923,0,923,1369.83,27.41,1
6468,DECODE,922,0,922,1371.15,27.53,1
6469,DECODE,922,0,922,1372.15,27.46,1
6470,DECODE,921,0,921,1372.29,27.27,1
6471,DECODE,921,0,921,1373.29,27.29,1
6472,DECODE,920,0,920,1374.61,26.93,1
6473,DECODE,919,0,919,1375.92,27.26,1
6474,DECODE,918,0,918,1377.21,28.20,1
6475,DECODE,917,0,917,1378.29,27.32,1
6476,DECODE,917,0,917,1379.29,27.51,1
6477,DECODE,916,0,916,1380.41,27.03,1
6478,DECODE,915,0,915,1381.59,27.30,1
6479,DECODE,915,0,915,1382.59,27.24,1
6480,DECODE,914,0,914,1383.82,27.26,1
6481,DECODE,913,0,913,1385.08,27.22,1
6482,DECODE,912,0,912,1386.09,26.88,1
6483,DECODE,912,0,912,1387.09,26.60,1
6484,DECODE,911,0,911,1388.31,27.25,1
6485,DECODE,910,0,910,1389.54,27.14,1
6486,DECODE,909,0,909,1390.79,27.12,1
6487,DECODE,908,0,908,1392.04,26.48,1
6488,DECODE,908,0,908,1393.04,26.85,1
6489,DECODE,907,0,907,1394.29,27.44,1
6490,DECODE,906,0,906,1395.55,27.01,1
6491,DECODE,905,0,905,1396.80,27.20,1
6492,DECODE,905,0,905,1397.80,27.51,1
6493,DECODE,904,0,904,1397.52,26.88,1
6494,DECODE,903,0,903,1398.76,28.22,1
6495,DECODE,903,0,903,1399.76,27.16,1
6496,DECODE,903,0,903,1400.76,27.05,1
6497,DECODE,902,0,902,1402.03,27.52,1
6498,DECODE,901,0,901,1403.27,27.60,1
6499,DECODE,900,0,900,1404.54,27.01,1
6500,DECODE,900,0,900,1405.54,27.16,1
6501,DECODE,899,0,899,1406.77,27.11,1
6502,DECODE,898,0,898,1408.04,27.21,1
6503,DECODE,897,0,897,1409.34,27.52,1
6504,DECODE,896,0,896,1410.64,26.98,1
6505,DECODE,896,0,896,1411.64,26.72,1
6506,DECODE,895,0,895,1412.47,27.37,1
6507,DECODE,894,0,894,1413.63,27.18,1
6508,DECODE,894,0,894,1414.63,27.19,1
6509,DECODE,893,0,893,1415.81,27.29,1
6510,DECODE,892,0,892,1417.01,27.33,1
6511,DECODE,892,0,892,1418.01,26.91,1
6512,DECODE,891,0,891,1419.27,27.38,1
6513,DECODE,890,0,890,1420.49,27.19,1
6514,DECODE,889,0,889,1421.72,27.19,1
6515,DECODE,889,0,889,1422.72,27.16,1
6516,DECODE,888,0,888,1423.97,26.93,1
6517,DECODE,887,0,887,1425.25,27.14,1
6518,DECODE,886,0,886,1426.37,27.36,1
6519,DECODE,886,0,886,1427.37,27.17,1
6520,DECODE,885,0,885,1428.60,29.68,1
6521,DECODE,884,0,884,1429.83,26.85,1
6522,DECODE,884,0,884,1430.83,26.75,1
6523,DECODE,882,0,882,1432.28,26.93,1
6524,DECODE,882,0,882,1433.28,26.93,1
6525,DECODE,881,0,881,1434.53,27.05,1
6526,DECODE,881,0,881,1435.53,27.47,1
6527,DECODE,880,0,880,1436.80,26.67,1
6528,DECODE,879,0,879,1438.08,27.22,1
6529,DECODE,878,0,878,1439.38,26.72,1
6530,DECODE,878,0,878,1440.38,26.76,1
6531,DECODE,877,0,877,1441.69,26.62,1
6532,DECODE,876,0,876,1442.78,26.57,1
6533,DECODE,876,0,876,1443.78,26.43,1
6534,DECODE,875,0,875,1444.98,27.11,1
6535,DECODE,874,0,874,1446.23,26.76,1
6536,DECODE,873,0,873,1447.49,27.07,1
6537,DECODE,873,0,873,1448.49,26.96,1
6538,DECODE,872,0,872,1449.75,26.69,1
6539,DECODE,871,0,871,1449.65,27.08,1
6540,DECODE,871,0,871,1450.65,26.83,1
6541,DECODE,871,0,871,1451.65,26.87,1
6542,DECODE,870,0,870,1452.92,27.14,1
6543,DECODE,869,0,869,1454.19,26.90,1
6544,DECODE,868,0,868,1455.47,26.61,1
6545,DECODE,867,0,867,1456.74,26.99,1
6546,DECODE,867,0,867,1457.74,26.92,1
6547,DECODE,867,0,867,1458.74,26.70,1
6548,DECODE,866,0,866,1460.02,27.07,1
6549,DECODE,865,0,865,1461.31,27.12,1
6550,DECODE,864,0,864,1462.61,27.57,1
6551,DECODE,863,0,863,1462.68,27.10,1
6552,DECODE,863,0,863,1463.68,26.92,1
6553,DECODE,863,0,863,1464.68,26.82,1
6554,DECODE,862,0,862,1465.50,26.93,1
6555,DECODE,862,0,862,1466.50,26.96,1
6556,DECODE,861,0,861,1467.56,32.41,1
6557,DECODE,861,0,861,1468.56,26.63,1
6558,DECODE,860,0,860,1469.81,26.95,1
6559,DECODE,859,0,859,1469.54,27.14,1
6560,DECODE,859,0,859,1470.54,27.56,1
6561,DECODE,859,0,859,1471.54,27.05,1
6562,DECODE,858,0,858,1472.78,26.79,1
6563,DECODE,858,0,858,1473.78,26.70,1
6564,DECODE,857,0,857,1475.03,26.98,1
6565,DECODE,856,0,856,1474.77,26.40,1
6566,DECODE,856,0,856,1475.77,26.66,1
6567,DECODE,856,0,856,1476.77,26.43,1
6568,DECODE,855,0,855,1478.03,26.50,1
6569,DECODE,855,0,855,1479.03,27.07,1
6570,DECODE,854,0,854,1478.76,27.28,1
6571,DECODE,854,0,854,1479.76,26.80,1
6572,DECODE,854,0,854,1480.76,26.60,1
6573,DECODE,853,0,853,1482.04,26.92,1
6574,DECODE,852,0,852,1483.33,26.53,1
6575,DECODE,852,0,852,1484.33,26.85,1
6576,DECODE,851,0,851,1485.63,27.03,1
6577,DECODE,850,0,850,1486.94,26.92,1
6578,DECODE,849,0,849,1488.07,27.33,1
6579,DECODE,849,0,849,1489.07,26.84,1
6580,DECODE,848,0,848,1490.21,26.59,1
6581,DECODE,848,0,848,1491.21,26.66,1
6582,DECODE,847,0,847,1491.74,26.76,1
6583,DECODE,846,0,846,1492.99,27.17,1
6584,DECODE,846,0,846,1493.99,26.86,1
6585,DECODE,845,0,845,1495.24,26.74,1
6586,DECODE,844,0,844,1496.45,26.52,1
6587,DECODE,844,0,844,1497.45,26.47,1
6588,DECODE,844,0,844,1498.45,26.50,1
6589,DECODE,843,0,843,1499.71,27.21,1
6590,DECODE,842,0,842,1500.98,26.73,1
6591,DECODE,842,0,842,1501.98,26.96,1
6592,DECODE,841,0,841,1501.72,26.90,1
6593,DECODE,841,0,841,1502.72,26.92,1
6594,DECODE,841,0,841,1503.72,26.64,1
6595,DECODE,840,0,840,1504.99,26.68,1
6596,DECODE,838,0,838,1506.52,27.02,1
6597,DECODE,838,0,838,1507.52,26.73,1
6598,DECODE,838,0,838,1508.52,26.44,1
6599,DECODE,837,0,837,1509.80,26.91,1
6600,DECODE,837,0,837,1510.80,26.89,1
6601,DECODE,836,0,836,1512.10,32.01,1
6602,DECODE,835,0,835,1513.36,26.97,1
6603,DECODE,835,0,835,1514.36,26.75,1
6604,DECODE,834,0,834,1515.67,27.09,1
6605,DECODE,833,0,833,1515.42,32.99,1
6606,DECODE,833,0,833,1516.42,27.29,1
6607,DECODE,832,0,832,1516.17,27.21,1
6608,DECODE,832,0,832,1517.17,27.10,1
6609,DECODE,832,0,832,1518.17,26.82,1
6610,DECODE,832,0,832,1519.17,26.81,1
6611,DECODE,831,0,831,1520.19,26.90,1
6612,DECODE,831,0,831,1521.19,26.79,1
6613,DECODE,830,0,830,1522.40,26.74,1
6614,DECODE,830,0,830,1523.40,27.37,1
6615,DECODE,829,0,829,1524.65,28.24,1
6616,DECODE,828,0,828,1525.91,27.62,1
6617,DECODE,828,0,828,1526.91,26.74,1
6618,DECODE,827,0,827,1528.18,27.36,1
6619,DECODE,826,0,826,1529.45,28.16,1
6620,DECODE,825,0,825,1529.49,31.56,1
6621,DECODE,825,0,825,1530.49,27.28,1
6622,DECODE,825,0,825,1531.49,26.92,1
6623,DECODE,825,0,825,1532.49,26.87,1
6624,DECODE,824,0,824,1533.77,26.61,1
6625,DECODE,823,0,823,1535.05,26.77,1
6626,DECODE,823,0,823,1536.05,27.87,1
6627,DECODE,822,0,822,1536.49,27.17,1
6628,DECODE,822,0,822,1537.49,27.28,1
6629,DECODE,821,0,821,1538.78,27.39,1
6630,DECODE,821,0,821,1539.78,27.13,1
6631,DECODE,820,0,820,1541.07,27.13,1
6632,DECODE,819,0,819,1542.32,26.72,1
6633,DECODE,819,0,819,1543.32,26.50,1
6634,DECODE,818,0,818,1544.62,26.97,1
6635,DECODE,817,0,817,1545.52,26.75,1
6636,DECODE,817,0,817,1546.52,26.72,1
6637,DECODE,817,0,817,1547.52,26.60,1
6638,DECODE,816,0,816,1548.85,26.45,1
6639,DECODE,815,0,815,1550.18,26.81,1
6640,DECODE,815,0,815,1551.18,26.75,1
6641,DECODE,814,0,814,1552.06,26.87,1
6642,DECODE,814,0,814,1553.06,26.85,1
6643,DECODE,813,0,813,1554.25,26.60,1
6644,DECODE,813,0,813,1555.25,26.54,1
6645,DECODE,812,0,812,1556.49,26.33,1
6646,DECODE,811,0,811,1557.72,26.65,1
6647,DECODE,811,0,811,1558.72,27.61,1
6648,DECODE,810,0,810,1559.98,27.32,1
6649,DECODE,810,0,810,1560.98,26.91,1
6650,DECODE,809,0,809,1562.23,27.15,1
6651,DECODE,808,0,808,1562.00,26.23,1
6652,DECODE,808,0,808,1563.00,28.29,1
6653,DECODE,808,0,808,1564.00,26.38,1
6654,DECODE,807,0,807,1565.26,27.09,1
6655,DECODE,806,0,806,1565.03,26.74,1
6656,DECODE,806,0,806,1566.03,27.37,1
6657,DECODE,805,0,805,1565.79,27.24,1
6658,DECODE,804,0,804,1565.56,26.49,1
6659,DECODE,803,0,803,1566.83,26.58,1
6660,DECODE,803,0,803,1567.83,26.54,1
6661,DECODE,802,0,802,1569.06,26.60,1
6662,DECODE,802,0,802,1570.06,26.65,1
6663,DECODE,801,0,801,1569.83,26.81,1
6664,DECODE,801,0,801,1570.83,27.14,1
6665,DECODE,798,0,798,1568.37,26.24,1
6666,DECODE,798,0,798,1569.37,27.03,1
6667,DECODE,798,0,798,1570.37,26.61,1
6668,DECODE,798,0,798,1571.37,27.12,1
6669,DECODE,798,0,798,1572.37,26.17,1
6670,DECODE,798,0,798,1573.37,26.23,1
6671,DECODE,798,0,798,1574.37,26.17,1
6672,DECODE,798,0,798,1575.37,26.47,1
6673,DECODE,796,0,796,1575.22,30.40,1
6674,DECODE,796,0,796,1576.22,26.41,1
6675,DECODE,795,0,795,1575.99,30.57,1
6676,DECODE,795,0,795,1576.99,26.51,1
6677,DECODE,794,0,794,1576.75,26.17,1
6678,DECODE,794,0,794,1577.75,26.38,1
6679,DECODE,794,0,794,1578.75,26.21,1
6680,DECODE,794,0,794,1579.75,26.15,1
6681,DECODE,794,0,794,1580.75,26.10,1
6682,DECODE,794,0,794,1581.75,26.24,1
6683,DECODE,793,0,793,1583.02,26.85,1
6684,DECODE,792,0,792,1582.79,25.88,1
6685,DECODE,792,0,792,1583.79,25.81,1
6686,DECODE,792,0,792,1584.79,26.11,1
6687,DECODE,792,0,792,1585.79,25.62,1
6688,DECODE,791,0,791,1585.56,26.04,1
6689,DECODE,790,0,790,1585.32,25.85,1
6690,DECODE,789,0,789,1585.09,26.08,1
6691,DECODE,788,0,788,1585.06,25.80,1
6692,DECODE,787,0,787,1586.30,26.00,1
6693,DECODE,786,0,786,1586.06,25.79,1
6694,DECODE,786,0,786,1587.06,26.30,1
6695,DECODE,786,0,786,1588.06,25.77,1
6696,DECODE,786,0,786,1589.06,25.73,1
6697,DECODE,786,0,786,1590.06,26.84,1
6698,DECODE,786,0,786,1591.06,25.97,1
6699,DECODE,786,0,786,1592.06,25.67,1
6700,DECODE,785,0,785,1591.82,25.82,1
6701,DECODE,785,0,785,1592.82,26.06,1
6702,DECODE,785,0,785,1593.82,25.89,1
6703,DECODE,785,0,785,1594.82,26.25,1
6704,DECODE,784,0,784,1595.87,25.62,1
6705,DECODE,783,0,783,1595.74,26.43,1
6706,DECODE,783,0,783,1596.74,26.26,1
6707,DECODE,783,0,783,1597.74,25.87,1
6708,DECODE,783,0,783,1598.74,25.93,1
6709,DECODE,782,0,782,1598.51,31.26,1
6710,DECODE,782,0,782,1599.51,25.90,1
6711,DECODE,782,0,782,1600.51,25.76,1
6712,DECODE,782,0,782,1601.51,25.74,1
6713,DECODE,782,0,782,1602.51,25.83,1
6714,DECODE,781,0,781,1602.28,25.85,1
6715,DECODE,780,0,780,1602.06,25.88,1
6716,DECODE,780,0,780,1603.06,25.61,1
6717,DECODE,780,0,780,1604.06,25.58,1
6718,DECODE,780,0,780,1605.06,25.48,1
6719,DECODE,780,0,780,1606.06,25.52,1
6720,DECODE,780,0,780,1607.06,25.57,1
6721,DECODE,780,0,780,1608.06,25.49,1
6722,DECODE,780,0,780,1609.06,25.56,1
6723,DECODE,779,0,779,1610.33,30.56,1
6724,DECODE,779,0,779,1611.33,26.28,1
6725,DECODE,779,0,779,1612.33,26.02,1
6726,DECODE,779,0,779,1613.33,25.83,1
6727,DECODE,777,0,777,1611.90,30.80,1
6728,DECODE,776,0,776,1611.68,25.82,1
6729,DECODE,776,0,776,1612.68,25.58,1
6730,DECODE,776,0,776,1613.68,25.38,1
6731,DECODE,776,0,776,1614.68,25.49,1
6732,DECODE,774,0,774,1616.20,25.93,1
6733,DECODE,774,0,774,1617.20,25.80,1
6734,DECODE,774,0,774,1618.20,25.58,1
6735,DECODE,773,0,773,1617.98,25.80,1
6736,DECODE,773,0,773,1618.98,25.67,1
6737,DECODE,773,0,773,1619.98,25.85,1
6738,DECODE,772,0,772,1619.76,25.59,1
6739,DECODE,772,0,772,1620.76,25.76,1
6740,DECODE,772,0,772,1621.76,25.60,1
6741,DECODE,771,0,771,1621.55,26.04,1
6742,DECODE,771,0,771,1622.55,26.03,1
6743,DECODE,769,0,769,1622.59,25.95,1
6744,DECODE,769,0,769,1623.59,25.87,1
6745,DECODE,768,0,768,1623.38,25.40,1
6746,DECODE,767,0,767,1624.63,25.91,1
6747,DECODE,767,0,767,1625.63,25.78,1
6748,DECODE,767,0,767,1626.63,25.80,1
6749,DECODE,765,0,765,1626.60,25.71,1
6750,DECODE,765,0,765,1627.60,25.84,1
6751,DECODE,763,0,763,1629.08,25.76,1
6752,DECODE,763,0,763,1630.08,25.87,1
6753,DECODE,763,0,763,1631.08,25.79,1
6754,DECODE,763,0,763,1632.08,25.82,1
6755,DECODE,763,0,763,1633.08,25.79,1
6756,DECODE,763,0,763,1634.08,25.91,1
6757,DECODE,763,0,763,1635.08,26.08,1
6758,DECODE,762,0,762,1635.05,26.44,1
6759,DECODE,762,0,762,1636.05,25.60,1
6760,DECODE,762,0,762,1637.05,25.96,1
6761,DECODE,762,0,762,1638.05,25.78,1
6762,DECODE,761,0,761,1639.32,25.90,1
6763,DECODE,761,0,761,1640.32,25.83,1
6764,DECODE,761,0,761,1641.32,25.90,1
6765,DECODE,761,0,761,1642.32,25.97,1
6766,DECODE,761,0,761,1643.32,25.85,1
6767,DECODE,761,0,761,1644.32,25.80,1
6768,DECODE,760,0,760,1645.57,25.44,1
6769,DECODE,760,0,760,1646.57,25.51,1
6770,DECODE,760,0,760,1647.57,25.43,1
6771,DECODE,760,0,760,1648.57,25.68,1
6772,DECODE,760,0,760,1649.57,25.65,1
6773,DECODE,760,0,760,1650.57,25.56,1
6774,DECODE,760,0,760,1651.57,25.41,1
6775,DECODE,759,0,759,1651.37,26.47,1
6776,DECODE,758,0,758,1652.55,25.96,1
6777,DECODE,757,0,757,1652.35,25.88,1
6778,DECODE,757,0,757,1653.35,25.97,1
6779,DECODE,757,0,757,1654.35,25.91,1
6780,DECODE,756,0,756,1655.60,25.53,1
6781,DECODE,755,0,755,1655.54,25.89,1
6782,DECODE,754,0,754,1655.34,26.00,1
6783,DECODE,753,0,753,1655.14,25.73,1
6784,DECODE,753,0,753,1656.14,25.78,1
6785,DECODE,751,0,751,1654.73,25.64,1
6786,DECODE,749,0,749,1653.31,25.71,1
6787,DECODE,749,0,749,1654.31,25.69,1
6788,DECODE,746,0,746,1653.09,25.46,1
6789,DECODE,746,0,746,1654.09,25.39,1
6790,DECODE,746,0,746,1655.09,25.60,1
6791,DECODE,746,0,746,1656.09,25.35,1
6792,DECODE,746,0,746,1657.09,25.42,1
6793,DECODE,745,0,745,1656.88,26.07,1
6794,DECODE,745,0,745,1657.88,25.76,1
6795,DECODE,745,0,745,1658.88,25.69,1
6796,DECODE,745,0,745,1659.88,25.72,1
6797,DECODE,745,0,745,1660.88,25.97,1
6798,DECODE,745,0,745,1661.88,25.61,1
6799,DECODE,745,0,745,1662.88,25.65,1
6800,DECODE,745,0,745,1663.88,25.66,1
6801,DECODE,745,0,745,1664.88,25.75,1
6802,DECODE,745,0,745,1665.88,25.68,1
6803,DECODE,744,0,744,1665.67,25.29,1
6804,DECODE,744,0,744,1666.67,25.55,1
6805,DECODE,744,0,744,1667.67,25.36,1
6806,DECODE,744,0,744,1668.67,25.42,1
6807,DECODE,744,0,744,1669.67,25.28,1
6808,DECODE,743,0,743,1669.52,25.82,1
6809,DECODE,743,0,743,1670.52,25.88,1
6810,DECODE,742,0,742,1670.40,25.49,1
6811,DECODE,742,0,742,1671.40,25.61,1
6812,DECODE,742,0,742,1672.40,25.99,1
6813,DECODE,742,0,742,1673.40,25.57,1
6814,DECODE,741,0,741,1673.20,25.66,1
6815,DECODE,741,0,741,1674.20,25.94,1
6816,DECODE,741,0,741,1675.20,25.69,1
6817,DECODE,740,0,740,1675.00,25.24,1
6818,DECODE,739,0,739,1674.91,25.56,1
6819,DECODE,739,0,739,1675.91,25.77,1
6820,DECODE,739,0,739,1676.91,25.71,1
6821,DECODE,738,0,738,1676.72,25.47,1
6822,DECODE,738,0,738,1677.72,25.71,1
6823,DECODE,738,0,738,1678.72,25.66,1
6824,DECODE,736,0,736,1678.72,25.39,1
6825,DECODE,735,0,735,1678.52,26.25,1
6826,DECODE,734,0,734,1678.32,25.58,1
6827,DECODE,734,0,734,1679.32,25.80,1
6828,DECODE,732,0,732,1679.39,25.24,1
6829,DECODE,732,0,732,1680.39,25.22,1
6830,DECODE,732,0,732,1681.39,25.24,1
6831,DECODE,732,0,732,1682.39,26.69,1
6832,DECODE,732,0,732,1683.39,25.21,1
6833,DECODE,732,0,732,1684.39,25.39,1
6834,DECODE,732,0,732,1685.39,25.40,1
6835,DECODE,731,0,731,1685.19,25.84,1
6836,DECODE,731,0,731,1686.19,25.52,1
6837,DECODE,731,0,731,1687.19,25.72,1
6838,DECODE,730,0,730,1686.99,25.61,1
6839,DECODE,729,0,729,1688.17,33.28,1
6840,DECODE,729,0,729,1689.17,25.62,1
6841,DECODE,729,0,729,1690.17,25.60,1
6842,DECODE,729,0,729,1691.17,25.77,1
6843,DECODE,729,0,729,1692.17,25.73,1
6844,DECODE,729,0,729,1693.17,25.60,1
6845,DECODE,729,0,729,1694.17,26.19,1
6846,DECODE,728,0,728,1693.98,25.53,1
6847,DECODE,726,0,726,1692.60,25.67,1
6848,DECODE,725,0,725,1692.40,27.67,1
6849,DECODE,725,0,725,1693.40,25.71,1
6850,DECODE,723,0,723,1693.42,31.03,1
6851,DECODE,722,0,722,1694.61,25.59,1
6852,DECODE,720,0,720,1693.20,24.89,1
6853,DECODE,720,0,720,1694.20,25.02,1
6854,DECODE,720,0,720,1695.20,24.66,1
6855,DECODE,719,0,719,1695.00,25.06,1
6856,DECODE,717,0,717,1695.02,25.30,1
6857,DECODE,717,0,717,1696.02,25.73,1
6858,DECODE,714,0,714,1696.11,25.24,1
6859,DECODE,712,0,712,1694.69,25.02,1
6860,DECODE,707,0,707,1689.57,25.07,1
6861,DECODE,706,0,706,1689.33,24.70,1
6862,DECODE,705,0,705,1690.47,25.40,1
6863,DECODE,705,0,705,1691.47,25.50,1
6864,DECODE,704,0,704,1691.24,32.67,1
6865,DECODE,703,0,703,1691.00,25.39,1
6866,DECODE,701,0,701,1689.58,24.79,1
6867,DECODE,700,0,700,1689.33,24.34,1
6868,DECODE,699,0,699,1690.47,24.72,1
6869,DECODE,699,0,699,1691.47,24.71,1
6870,DECODE,699,0,699,1692.47,24.54,1
6871,DECODE,698,0,698,1692.22,24.35,1
6872,DECODE,698,0,698,1693.22,24.31,1
6873,DECODE,698,0,698,1694.22,24.20,1
6874,DECODE,696,0,696,1694.11,24.11,1
6875,DECODE,696,0,696,1695.11,24.10,1
6876,DECODE,696,0,696,1696.11,24.07,1
6877,DECODE,696,0,696,1697.11,24.05,1
6878,DECODE,696,0,696,1698.11,24.17,1
6879,DECODE,696,0,696,1699.11,24.06,1
6880,DECODE,696,0,696,1700.11,24.13,1
6881,DECODE,696,0,696,1701.11,24.10,1
6882,DECODE,696,0,696,1702.11,24.19,1
6883,DECODE,694,0,694,1700.64,24.34,1
6884,DECODE,693,0,693,1700.40,24.43,1
6885,DECODE,691,0,691,1698.91,24.23,1
6886,DECODE,689,0,689,1697.42,24.07,1
6887,DECODE,687,0,687,1695.90,23.78,1
6888,DECODE,684,0,684,1693.11,23.39,1
6889,DECODE,680,0,680,1689.01,23.39,1
6890,DECODE,677,0,677,1687.62,23.56,1
6891,DECODE,676,0,676,1687.33,23.36,1
6892,DECODE,672,0,672,1684.56,23.41,1
6893,DECODE,670,0,670,1682.95,23.43,1
6894,DECODE,668,0,668,1682.77,23.32,1
6895,DECODE,665,0,665,1679.82,29.20,1
6896,DECODE,665,0,665,1680.82,23.43,1
6897,DECODE,663,0,663,1680.62,23.48,1
6898,DECODE,661,0,661,1678.96,23.51,1
6899,DECODE,659,0,659,1678.71,22.98,1
6900,DECODE,658,0,658,1678.38,22.96,1
6901,DECODE,657,0,657,1678.03,23.05,1
6902,DECODE,656,0,656,1677.69,22.74,1
6903,DECODE,655,0,655,1678.56,22.87,1
6904,DECODE,654,0,654,1678.21,24.39,1
6905,DECODE,653,0,653,1679.11,23.36,1
6906,DECODE,650,0,650,1676.04,23.91,1
6907,DECODE,648,0,648,1675.14,22.49,1
6908,DECODE,648,0,648,1676.14,22.36,1
6909,DECODE,647,0,647,1677.25,22.54,1
6910,DECODE,647,0,647,1678.25,22.79,1
6911,DECODE,647,0,647,1679.25,22.70,1
6912,DECODE,647,0,647,1680.25,22.57,1
6913,DECODE,647,0,647,1681.25,22.64,1
6914,DECODE,646,0,646,1682.39,22.68,1
6915,DECODE,646,0,646,1683.39,22.78,1
6916,DECODE,646,0,646,1684.39,22.66,1
6917,DECODE,645,0,645,1685.48,22.61,1
6918,DECODE,645,0,645,1686.48,22.93,1
6919,DECODE,645,0,645,1687.48,22.65,1
6920,DECODE,645,0,645,1688.48,24.00,1
6921,DECODE,645,0,645,1689.48,22.63,1
6922,DECODE,645,0,645,1690.48,22.77,1
6923,DECODE,644,0,644,1691.60,22.52,1
6924,DECODE,644,0,644,1692.60,22.56,1
6925,DECODE,644,0,644,1693.60,22.47,1
6926,DECODE,644,0,644,1694.60,22.42,1
6927,DECODE,644,0,644,1695.60,22.57,1
6928,DECODE,644,0,644,1696.60,22.49,1
6929,DECODE,644,0,644,1697.60,22.58,1
6930,DECODE,644,0,644,1698.60,22.45,1
6931,DECODE,644,0,644,1699.60,22.54,1
6932,DECODE,644,0,644,1700.60,22.62,1
6933,DECODE,644,0,644,1701.60,22.57,1
6934,DECODE,644,0,644,1702.60,22.50,1
6935,DECODE,644,0,644,1703.60,22.59,1
6936,DECODE,644,0,644,1704.60,22.47,1
6937,DECODE,644,0,644,1705.60,22.54,1
6938,DECODE,644,0,644,1706.60,22.94,1
6939,DECODE,643,0,643,1707.74,23.86,1
6940,DECODE,643,0,643,1708.74,22.88,1
6941,DECODE,643,0,643,1709.74,22.81,1
6942,DECODE,643,0,643,1710.74,23.33,1
6943,DECODE,642,0,642,1710.41,22.95,1
6944,DECODE,642,0,642,1711.41,22.88,1
6945,DECODE,642,0,642,1712.41,22.74,1
6946,DECODE,642,0,642,1713.41,22.90,1
6947,DECODE,642,0,642,1714.41,23.09,1
6948,DECODE,642,0,642,1715.41,22.96,1
6949,DECODE,642,0,642,1716.41,23.04,1
6950,DECODE,642,0,642,1717.41,22.95,1
6951,DECODE,642,0,642,1718.41,22.93,1
6952,DECODE,642,0,642,1719.41,22.86,1
6953,DECODE,642,0,642,1720.41,22.96,1
6954,DECODE,642,0,642,1721.41,22.95,1
6955,DECODE,642,0,642,1722.41,23.01,1
6956,DECODE,642,0,642,1723.41,22.93,1
6957,DECODE,642,0,642,1724.41,22.98,1
6958,DECODE,642,0,642,1725.41,22.92,1
6959,DECODE,642,0,642,1726.41,24.51,1
6960,DECODE,642,0,642,1727.41,22.98,1
6961,DECODE,641,0,641,1728.00,23.03,1
6962,DECODE,640,0,640,1729.11,22.74,1
6963,DECODE,640,0,640,1730.11,22.30,1
6964,DECODE,640,0,640,1731.11,22.47,1
6965,DECODE,640,0,640,1732.11,22.45,1
6966,DECODE,640,0,640,1733.11,22.51,1
6967,DECODE,640,0,640,1734.11,22.49,1
6968,DECODE,640,0,640,1735.11,22.73,1
6969,DECODE,640,0,640,1736.11,22.65,1
6970,DECODE,640,0,640,1737.11,22.66,1
6971,DECODE,640,0,640,1738.11,22.71,1
6972,DECODE,639,0,639,1739.21,22.78,1
6973,EXTEND,2,311,0,161.50,22.62,1
6974,DECODE,640,0,640,1735.43,22.37,1
6975,EXTEND,1,149,0,153.00,22.81,1
6976,DECODE,639,0,639,1734.27,22.55,1
6977,EXTEND,2,322,0,171.00,24.42,1
6978,DECODE,641,0,641,1730.39,22.86,1
6979,DECODE,641,0,641,1731.39,22.89,1
6980,DECODE,641,0,641,1732.39,23.01,1
6981,DECODE,641,0,641,1733.39,22.92,1
6982,DECODE,641,0,641,1734.39,22.85,1
6983,DECODE,641,0,641,1735.39,22.81,1
6984,DECODE,641,0,641,1736.39,23.00,1
6985,DECODE,640,0,640,1737.46,22.54,1
6986,EXTEND,3,504,0,177.00,22.25,1
6987,DECODE,643,0,643,1731.18,23.09,1
6988,DECODE,643,0,643,1732.18,23.08,1
6989,DECODE,643,0,643,1733.18,23.04,1
6990,DECODE,643,0,643,1734.18,22.98,1
6991,DECODE,643,0,643,1735.18,23.09,1
6992,DECODE,643,0,643,1736.18,22.99,1
6993,DECODE,643,0,643,1737.18,23.11,1
6994,DECODE,643,0,643,1738.18,23.02,1
6995,DECODE,643,0,643,1739.18,23.14,1
6996,DECODE,643,0,643,1740.18,23.04,1
6997,DECODE,642,0,642,1741.29,23.14,1
6998,EXTEND,3,871,0,296.33,16.12,1
6999,DECODE,645,0,645,1735.56,22.83,1
7000,DECODE,645,0,645,1736.56,22.85,1
7001,DECODE,645,0,645,1737.56,23.12,1
7002,DECODE,645,0,645,1738.56,23.02,1
7003,DECODE,645,0,645,1739.56,23.00,1
7004,DECODE,644,0,644,1740.67,22.98,1
7005,EXTEND,2,1036,0,522.50,21.16,1
7006,DECODE,645,0,645,1737.51,22.90,1
7007,EXTEND,2,784,0,400.00,15.72,1
7008,DECODE,647,0,647,1734.38,23.04,1
7009,DECODE,647,0,647,1735.38,23.24,1
7010,DECODE,647,0,647,1736.38,23.00,1
7011,DECODE,647,0,647,1737.38,23.16,1
7012,DECODE,647,0,647,1738.38,23.11,1
7013,DECODE,647,0,647,1739.38,23.07,1
7014,DECODE,647,0,647,1740.38,23.14,1
7015,DECODE,647,0,647,1741.38,23.13,1
7016,DECODE,647,0,647,1742.38,23.21,1
7017,DECODE,647,0,647,1743.38,23.13,1
7018,DECODE,647,0,647,1744.38,23.15,1
7019,DECODE,647,0,647,1745.38,23.41,1
7020,DECODE,646,0,646,1746.27,23.24,1
7021,EXTEND,3,1825,0,615.00,23.47,1
7022,DECODE,649,0,649,1742.04,23.10,1
7023,DECODE,649,0,649,1743.04,23.34,1
7024,DECODE,649,0,649,1744.04,23.17,1
7025,DECODE,649,0,649,1745.04,23.18,1
7026,DECODE,649,0,649,1746.04,23.21,1
7027,DECODE,649,0,649,1747.04,23.26,1
7028,DECODE,649,0,649,1748.04,23.14,1
7029,DECODE,649,0,649,1749.04,23.24,1
7030,DECODE,649,0,649,1750.04,23.24,1
7031,DECODE,649,0,649,1751.04,23.28,1
7032,DECODE,649,0,649,1752.04,23.21,1
7033,DECODE,649,0,649,1753.04,23.42,1
7034,DECODE,649,0,649,1754.04,23.21,1
7035,DECODE,649,0,649,1755.04,23.24,1
7036,DECODE,649,0,649,1756.04,23.17,1
7037,DECODE,649,0,649,1757.04,23.29,1
7038,DECODE,649,0,649,1758.04,23.32,1
7039,DECODE,649,0,649,1759.04,23.73,1
7040,DECODE,649,0,649,1760.04,23.31,1
7041,DECODE,649,0,649,1761.04,23.22,1
7042,DECODE,649,0,649,1762.04,23.35,1
7043,DECODE,649,0,649,1763.04,23.41,1
7044,DECODE,649,0,649,1764.04,23.65,1
7045,DECODE,649,0,649,1765.04,23.21,1
7046,DECODE,649,0,649,1766.04,23.44,1
7047,DECODE,648,0,648,1767.05,23.13,1
7048,EXTEND,2,1089,0,551.00,21.76,1
7049,DECODE,650,0,650,1764.31,23.15,1
7050,DECODE,650,0,650,1765.31,23.60,1
7051,DECODE,650,0,650,1766.31,23.42,1
7052,DECODE,650,0,650,1767.31,23.29,1
7053,DECODE,650,0,650,1768.31,23.60,1
7054,DECODE,650,0,650,1769.31,27.88,1
7055,DECODE,650,0,650,1770.31,27.88,1
7056,DECODE,649,0,649,1771.35,23.66,1
7057,EXTEND,4,1986,0,502.50,22.26,1
7058,DECODE,651,0,651,1763.38,23.53,1
7059,EXTEND,3,1451,0,488.00,22.68,1
7060,DECODE,654,0,654,1758.53,27.97,1
7061,DECODE,654,0,654,1759.53,29.11,1
7062,DECODE,654,0,654,1760.53,23.56,1
7063,DECODE,653,0,653,1761.60,23.42,1
7064,EXTEND,3,1542,0,521.67,19.41,1
7065,DECODE,655,0,655,1756.96,23.28,1
7066,EXTEND,2,1040,0,525.50,20.63,1
7067,DECODE,657,0,657,1754.21,23.35,1
7068,DECODE,657,0,657,1755.21,23.42,1
7069,DECODE,656,0,656,1756.25,23.31,1
7070,EXTEND,2,998,0,514.50,15.94,1
7071,DECODE,658,0,658,1753.48,23.41,1
7072,DECODE,658,0,658,1754.48,23.51,1
7073,DECODE,658,0,658,1755.48,23.45,1
7074,DECODE,658,0,658,1756.48,23.45,1
7075,DECODE,658,0,658,1757.48,23.52,1
7076,DECODE,657,0,657,1758.51,23.48,1
7077,EXTEND,2,1219,0,617.00,20.96,1
7078,DECODE,659,0,659,1756.05,23.35,1
7079,DECODE,659,0,659,1757.05,23.38,1
7080,DECODE,659,0,659,1758.05,23.54,1
7081,DECODE,659,0,659,1759.05,23.60,1
7082,DECODE,659,0,659,1760.05,23.48,1
7083,DECODE,658,0,658,1761.07,23.61,1
7084,EXTEND,2,635,0,328.50,16.75,1
7085,DECODE,660,0,660,1757.73,24.34,1
7086,DECODE,660,0,660,1758.73,23.42,1
7087,DECODE,659,0,659,1759.75,23.50,1
7088,EXTEND,2,1055,0,535.00,21.78,1
7089,DECODE,661,0,661,1757.05,23.45,1
7090,DECODE,661,0,661,1758.05,23.54,1
7091,DECODE,661,0,661,1759.05,23.35,1
7092,DECODE,661,0,661,1760.05,23.43,1
7093,DECODE,661,0,661,1761.05,23.52,1
7094,DECODE,661,0,661,1762.05,23.47,1
7095,DECODE,661,0,661,1763.05,23.63,1
7096,DECODE,661,0,661,1764.05,23.85,1
7097,DECODE,661,0,661,1765.05,23.81,1
7098,DECODE,660,0,660,1766.01,23.61,1
7099,EXTEND,3,1556,0,525.00,19.43,1
7100,DECODE,662,0,662,1760.19,23.62,1
7101,EXTEND,2,579,0,300.00,16.46,1
7102,DECODE,664,0,664,1756.79,23.29,1
7103,DECODE,664,0,664,1757.79,23.49,1
7104,DECODE,664,0,664,1758.79,23.44,1
7105,DECODE,664,0,664,1759.79,23.47,1
7106,DECODE,662,0,662,1759.55,23.64,1
7107,EXTEND,3,1710,0,575.33,24.58,1
7108,DECODE,665,0,665,1755.21,23.55,1
7109,DECODE,665,0,665,1756.21,23.62,1
7110,DECODE,665,0,665,1757.21,23.76,1
7111,DECODE,665,0,665,1758.21,23.79,1
7112,DECODE,664,0,664,1759.24,23.56,1
7113,EXTEND,3,1385,0,468.33,21.03,1
7114,DECODE,666,0,666,1754.42,23.56,1
7115,EXTEND,3,1550,0,521.33,19.15,1
7116,DECODE,669,0,669,1749.89,23.80,1
7117,DECODE,669,0,669,1750.89,24.14,1
7118,DECODE,669,0,669,1751.89,23.81,1
7119,DECODE,669,0,669,1752.89,23.84,1
7120,DECODE,669,0,669,1753.89,23.89,1
7121,DECODE,669,0,669,1754.89,23.98,1
7122,DECODE,669,0,669,1755.89,23.72,1
7123,DECODE,669,0,669,1756.89,23.91,1
7124,DECODE,669,0,669,1757.89,24.04,1
7125,DECODE,669,0,669,1758.89,24.04,1
7126,DECODE,669,0,669,1759.89,23.88,1
7127,DECODE,669,0,669,1760.89,24.00,1
7128,DECODE,669,0,669,1761.89,24.44,1
7129,DECODE,669,0,669,1762.89,24.35,1
7130,DECODE,669,0,669,1763.89,24.00,1
7131,DECODE,669,0,669,1764.89,24.07,1
7132,DECODE,668,0,668,1765.80,23.83,1
7133,EXTEND,2,1192,0,601.50,21.73,1
7134,DECODE,670,0,670,1763.32,23.73,1
7135,DECODE,670,0,670,1764.32,24.03,1
7136,DECODE,670,0,670,1765.32,27.01,1
7137,DECODE,670,0,670,1766.32,24.19,1
7138,DECODE,670,0,670,1767.32,24.44,1
7139,DECODE,670,0,670,1768.32,24.22,1
7140,DECODE,670,0,670,1769.32,24.20,1
7141,DECODE,670,0,670,1770.32,24.27,1
7142,DECODE,670,0,670,1771.32,24.11,1
7143,DECODE,670,0,670,1772.32,23.98,1
7144,DECODE,669,0,669,1773.27,24.05,1
7145,EXTEND,2,1462,0,737.00,21.54,1
7146,DECODE,671,0,671,1771.18,23.89,1
7147,DECODE,671,0,671,1772.18,24.12,1
7148,DECODE,671,0,671,1773.18,24.22,1
7149,DECODE,670,0,670,1774.15,24.18,1
7150,EXTEND,2,1391,0,700.50,21.64,1
7151,DECODE,671,0,671,1770.78,24.23,1
7152,EXTEND,2,982,0,498.50,16.31,1
7153,DECODE,673,0,673,1768.00,23.91,1
7154,DECODE,673,0,673,1769.00,24.20,1
7155,DECODE,673,0,673,1770.00,24.23,1
7156,DECODE,673,0,673,1771.00,25.65,1
7157,DECODE,673,0,673,1772.00,23.95,1
7158,DECODE,673,0,673,1773.00,26.45,1
7159,DECODE,672,0,672,1773.91,23.80,1
7160,EXTEND,2,1489,0,748.00,21.52,1
7161,DECODE,674,0,674,1771.87,24.21,1
7162,DECODE,674,0,674,1772.87,24.27,1
7163,DECODE,674,0,674,1773.87,24.05,1
7164,DECODE,674,0,674,1774.87,23.89,1
7165,DECODE,674,0,674,1775.87,23.93,1
7166,DECODE,674,0,674,1776.87,24.02,1
7167,DECODE,674,0,674,1777.87,24.29,1
7168,DECODE,674,0,674,1778.87,24.20,1
7169,DECODE,674,0,674,1779.87,24.21,1
7170,DECODE,673,0,673,1780.78,24.20,1
7171,EXTEND,2,1519,0,778.00,23.06,1
7172,DECODE,675,0,675,1778.81,23.98,1
7173,DECODE,675,0,675,1779.81,24.13,1
7174,DECODE,675,0,675,1780.81,24.12,1
7175,DECODE,675,0,675,1781.81,24.10,1
7176,DECODE,675,0,675,1782.81,24.43,1
7177,DECODE,674,0,674,1782.66,24.07,1
7178,EXTEND,3,1665,0,561.33,26.73,1
7179,DECODE,676,0,676,1777.32,23.90,1
7180,EXTEND,2,1832,0,921.00,23.58,1
7181,DECODE,678,0,678,1775.79,24.25,1
7182,DECODE,678,0,678,1776.79,24.97,1
7183,DECODE,678,0,678,1777.79,24.45,1
7184,DECODE,678,0,678,1778.79,24.21,1
7185,DECODE,678,0,678,1779.79,24.30,1
7186,DECODE,678,0,678,1780.79,24.35,1
7187,DECODE,678,0,678,1781.79,24.20,1
7188,DECODE,678,0,678,1782.79,24.28,1
7189,DECODE,678,0,678,1783.79,24.62,1
7190,DECODE,677,0,677,1783.65,24.27,1
7191,EXTEND,1,938,0,943.00,16.32,1
7192,DECODE,678,0,678,1783.41,24.31,1
7193,DECODE,678,0,678,1784.41,24.40,1
7194,DECODE,678,0,678,1785.41,24.33,1
7195,DECODE,678,0,678,1786.41,24.46,1
7196,DECODE,678,0,678,1787.41,24.45,1
7197,DECODE,677,0,677,1788.31,24.55,1
7198,DECODE,677,0,677,1789.31,24.31,1
7199,DECODE,677,0,677,1790.31,24.52,1
7200,DECODE,677,0,677,1791.31,24.62,1
7201,DECODE,677,0,677,1792.31,24.20,1
7202,DECODE,677,0,677,1793.31,24.37,1
7203,DECODE,676,0,676,1794.20,24.32,1
7204,DECODE,676,0,676,1795.20,24.41,1
7205,DECODE,676,0,676,1796.20,24.24,1
7206,DECODE,675,0,675,1797.12,24.59,1
7207,DECODE,675,0,675,1798.12,24.48,1
7208,DECODE,675,0,675,1799.12,24.58,1
7209,DECODE,674,0,674,1798.99,24.47,1
7210,DECODE,674,0,674,1799.99,24.44,1
7211,DECODE,674,0,674,1800.99,24.41,1
7212,DECODE,673,0,673,1801.91,24.84,1
7213,DECODE,673,0,673,1802.91,24.47,1
7214,DECODE,673,0,673,1803.91,24.45,1
7215,DECODE,673,0,673,1804.91,24.73,1
7216,DECODE,672,0,672,1805.84,24.30,1
7217,DECODE,672,0,672,1806.84,24.33,1
7218,DECODE,672,0,672,1807.84,24.17,1
7219,DECODE,672,0,672,1808.84,24.26,1
7220,DECODE,672,0,672,1809.84,24.37,1
7221,DECODE,671,0,671,1810.74,24.52,1
7222,DECODE,671,0,671,1811.74,24.36,1
7223,DECODE,671,0,671,1812.74,24.28,1
7224,DECODE,671,0,671,1813.74,24.55,1
7225,DECODE,671,0,671,1814.74,24.59,1
7226,DECODE,671,0,671,1815.74,24.58,1
7227,DECODE,671,0,671,1816.74,24.46,1
7228,DECODE,671,0,671,1817.74,24.90,1
7229,DECODE,671,0,671,1818.74,24.60,1
7230,DECODE,671,0,671,1819.74,24.55,1
7231,DECODE,671,0,671,1820.74,24.40,1
7232,DECODE,671,0,671,1821.74,24.56,1
7233,DECODE,670,0,670,1822.60,24.30,1
7234,DECODE,670,0,670,1823.60,24.60,1
7235,DECODE,670,0,670,1824.60,24.47,1
7236,DECODE,670,0,670,1825.60,24.70,1
7237,DECODE,670,0,670,1826.60,24.63,1
7238,DECODE,670,0,670,1827.60,24.46,1
7239,DECODE,668,0,668,1828.32,24.87,1
7240,DECODE,668,0,668,1829.32,24.10,1
7241,DECODE,668,0,668,1830.32,24.18,1
7242,DECODE,668,0,668,1831.32,24.24,1
7243,DECODE,668,0,668,1832.32,24.21,1
7244,DECODE,668,0,668,1833.32,24.60,1
7245,DECODE,667,0,667,1834.24,24.17,1
7246,DECODE,667,0,667,1835.24,24.43,1
7247,DECODE,667,0,667,1836.24,24.45,1
7248,DECODE,667,0,667,1837.24,24.35,1
7249,DECODE,667,0,667,1838.24,24.34,1
7250,DECODE,667,0,667,1839.24,24.46,1
7251,DECODE,667,0,667,1840.24,24.52,1
7252,DECODE,667,0,667,1841.24,24.54,1
7253,DECODE,667,0,667,1842.24,24.46,1
7254,DECODE,667,0,667,1843.24,24.45,1
7255,DECODE,667,0,667,1844.24,24.43,1
7256,DECODE,667,0,667,1845.24,24.69,1
7257,DECODE,667,0,667,1846.24,24.36,1
7258,DECODE,667,0,667,1847.24,24.56,1
7259,DECODE,667,0,667,1848.24,24.56,1
7260,DECODE,667,0,667,1849.24,24.81,1
7261,DECODE,667,0,667,1850.24,24.39,1
7262,DECODE,667,0,667,1851.24,24.53,1
7263,DECODE,667,0,667,1852.24,24.53,1
7264,DECODE,667,0,667,1853.24,24.52,1
7265,DECODE,667,0,667,1854.24,24.65,1
7266,DECODE,667,0,667,1855.24,24.65,1
7267,DECODE,667,0,667,1856.24,24.65,1
7268,DECODE,665,0,665,1857.02,24.84,1
7269,DECODE,665,0,665,1858.02,24.60,1
7270,DECODE,664,0,664,1858.93,24.33,1
7271,DECODE,664,0,664,1859.93,24.37,1
7272,DECODE,664,0,664,1860.93,24.55,1
7273,DECODE,664,0,664,1861.93,24.44,1
7274,DECODE,663,0,663,1862.84,24.59,1
7275,DECODE,663,0,663,1863.84,24.68,1
7276,DECODE,663,0,663,1864.84,24.59,1
7277,DECODE,663,0,663,1865.84,24.44,1
7278,DECODE,663,0,663,1866.84,24.58,1
7279,DECODE,663,0,663,1867.84,24.67,1
7280,DECODE,662,0,662,1868.79,24.52,1
7281,DECODE,661,0,661,1869.67,24.52,1
7282,DECODE,661,0,661,1870.67,24.63,1
7283,DECODE,661,0,661,1871.67,24.51,1
7284,DECODE,661,0,661,1872.67,24.65,1
7285,DECODE,659,0,659,1872.48,24.40,1
7286,DECODE,659,0,659,1873.48,24.55,1
7287,DECODE,659,0,659,1874.48,24.45,1
7288,DECODE,659,0,659,1875.48,24.38,1
7289,DECODE,659,0,659,1876.48,24.63,1
7290,DECODE,659,0,659,1877.48,24.43,1
7291,DECODE,659,0,659,1878.48,24.48,1
7292,DECODE,658,0,658,1879.36,24.34,1
7293,DECODE,658,0,658,1880.36,24.54,1
7294,DECODE,658,0,658,1881.36,24.58,1
7295,DECODE,657,0,657,1882.26,24.40,1
7296,DECODE,657,0,657,1883.26,25.62,1
7297,DECODE,657,0,657,1884.26,24.94,1
7298,DECODE,657,0,657,1885.26,24.43,1
7299,DECODE,657,0,657,1886.26,24.48,1
7300,DECODE,657,0,657,1887.26,24.42,1
7301,DECODE,657,0,657,1888.26,24.47,1
7302,DECODE,657,0,657,1889.26,24.46,1
7303,DECODE,657,0,657,1890.26,24.51,1
7304,DECODE,657,0,657,1891.26,24.35,1
7305,DECODE,657,0,657,1892.26,24.76,1
7306,DECODE,657,0,657,1893.26,24.78,1
7307,DECODE,657,0,657,1894.26,24.59,1
7308,DECODE,657,0,657,1895.26,24.53,1
7309,DECODE,657,0,657,1896.26,24.58,1
7310,DECODE,657,0,657,1897.26,24.52,1
7311,DECODE,657,0,657,1898.26,24.61,1
7312,DECODE,657,0,657,1899.26,24.55,1
7313,DECODE,657,0,657,1900.26,24.78,1
7314,DECODE,657,0,657,1901.26,24.49,1
7315,DECODE,657,0,657,1902.26,24.76,1
7316,DECODE,657,0,657,1903.26,24.57,1
7317,DECODE,657,0,657,1904.26,24.78,1
7318,DECODE,657,0,657,1905.26,24.67,1
7319,DECODE,657,0,657,1906.26,24.79,1
7320,DECODE,657,0,657,1907.26,24.41,1
7321,DECODE,657,0,657,1908.26,24.79,1
7322,DECODE,657,0,657,1909.26,24.73,1
7323,DECODE,657,0,657,1910.26,24.79,1
7324,DECODE,657,0,657,1911.26,24.63,1
7325,DECODE,657,0,657,1912.26,24.64,1
7326,DECODE,657,0,657,1913.26,24.67,1
7327,DECODE,657,0,657,1914.26,24.83,1
7328,DECODE,657,0,657,1915.26,24.72,1
7329,DECODE,657,0,657,1916.26,24.91,1
7330,DECODE,657,0,657,1917.26,24.80,1
7331,DECODE,657,0,657,1918.26,24.76,1
7332,DECODE,657,0,657,1919.26,24.82,1
7333,DECODE,657,0,657,1920.26,24.74,1
7334,DECODE,657,0,657,1921.26,25.03,1
7335,DECODE,657,0,657,1922.26,24.91,1
7336,DECODE,657,0,657,1923.26,25.02,1
7337,DECODE,655,0,655,1929.08,25.25,1
7338,DECODE,653,0,653,1934.90,25.02,1
7339,DECODE,651,0,651,1940.45,24.80,1
7340,DECODE,650,0,650,1943.86,24.88,1
7341,DECODE,649,0,649,1946.90,24.94,1
7342,DECODE,647,0,647,1952.55,24.98,1
7343,DECODE,646,0,646,1955.69,24.92,1
7344,DECODE,644,0,644,1961.19,24.71,1
7345,DECODE,643,0,643,1964.36,24.93,1
7346,DECODE,642,0,642,1967.45,24.93,1
7347,DECODE,641,0,641,1968.30,24.90,1
7348,DECODE,640,0,640,1969.20,24.46,1
7349,DECODE,640,0,640,1970.20,24.08,1
7350,DECODE,639,0,639,1970.47,24.60,1
7351,DECODE,639,0,639,1971.47,24.51,1
7352,DECODE,639,0,639,1972.47,24.45,1
7353,DECODE,638,0,638,1973.44,24.60,1
7354,DECODE,637,0,637,1973.51,24.77,1
7355,DECODE,636,0,636,1973.59,24.48,1
7356,DECODE,636,0,636,1974.59,24.41,1
7357,DECODE,636,0,636,1975.59,24.36,1
7358,DECODE,636,0,636,1976.59,24.29,1
7359,DECODE,636,0,636,1977.59,24.20,1
7360,DECODE,636,0,636,1978.59,24.42,1
7361,DECODE,635,0,635,1979.32,24.49,1
7362,DECODE,635,0,635,1980.32,24.71,1
7363,DECODE,635,0,635,1981.32,24.61,1
7364,DECODE,635,0,635,1982.32,24.41,1
7365,DECODE,635,0,635,1983.32,24.46,1
7366,DECODE,635,0,635,1984.32,27.84,1
7367,DECODE,635,0,635,1985.32,24.72,1
7368,DECODE,634,0,634,1986.29,24.33,1
7369,DECODE,634,0,634,1987.29,24.51,1
7370,DECODE,634,0,634,1988.29,24.44,1
7371,DECODE,634,0,634,1989.29,24.67,1
7372,DECODE,634,0,634,1990.29,24.50,1
7373,DECODE,634,0,634,1991.29,24.55,1
7374,DECODE,634,0,634,1992.29,24.34,1
7375,DECODE,633,0,633,1995.37,24.74,1
7376,DECODE,632,0,632,1998.02,24.69,1
7377,DECODE,632,0,632,1999.02,24.23,1
7378,DECODE,631,0,631,2001.95,24.56,1
7379,DECODE,630,0,630,2004.92,24.77,1
7380,DECODE,629,0,629,2005.04,31.35,1
7381,DECODE,629,0,629,2006.04,24.96,1
7382,DECODE,629,0,629,2007.04,24.89,1
7383,DECODE,629,0,629,2008.04,24.60,1
7384,DECODE,628,0,628,2011.06,24.32,1
7385,DECODE,627,0,627,2013.60,24.53,1
7386,DECODE,627,0,627,2014.60,24.71,1
7387,DECODE,626,0,626,2017.54,24.80,1
7388,DECODE,625,0,625,2018.52,24.96,1
7389,DECODE,625,0,625,2019.52,24.71,1
7390,DECODE,625,0,625,2020.52,24.53,1
7391,DECODE,624,0,624,2023.51,24.37,1
7392,DECODE,624,0,624,2024.51,24.25,1
7393,DECODE,623,0,623,2027.26,24.68,1
7394,DECODE,622,0,622,2030.22,24.54,1
7395,DECODE,622,0,622,2031.22,24.81,1
7396,DECODE,621,0,621,2034.18,24.82,1
7397,DECODE,620,0,620,2035.14,24.37,1
7398,DECODE,619,0,619,2036.16,24.54,1
7399,DECODE,619,0,619,2037.16,24.53,1
7400,DECODE,619,0,619,2038.16,24.44,1
7401,DECODE,619,0,619,2039.16,24.46,1
7402,DECODE,619,0,619,2040.16,24.47,1
7403,DECODE,618,0,618,2043.16,24.94,1
7404,DECODE,617,0,617,2043.32,24.56,1
7405,DECODE,617,0,617,2044.32,24.61,1
7406,DECODE,617,0,617,2045.32,24.41,1
7407,DECODE,617,0,617,2046.32,24.37,1
7408,DECODE,617,0,617,2047.32,24.55,1
7409,DECODE,616,0,616,2050.35,24.38,1
7410,DECODE,615,0,615,2053.32,24.67,1
7411,DECODE,614,0,614,2056.32,24.88,1
7412,DECODE,613,0,613,2057.31,24.63,1
7413,DECODE,612,0,612,2058.28,24.51,1
7414,DECODE,612,0,612,2059.28,24.51,1
7415,DECODE,611,0,611,2060.24,24.66,1
7416,DECODE,611,0,611,2061.24,24.75,1
7417,DECODE,611,0,611,2062.24,24.55,1
7418,DECODE,611,0,611,2063.24,24.66,1
7419,DECODE,611,0,611,2064.24,24.79,1
7420,DECODE,611,0,611,2065.24,24.65,1
7421,DECODE,611,0,611,2066.24,24.82,1
7422,DECODE,611,0,611,2067.24,25.04,1
7423,DECODE,610,0,610,2068.24,24.75,1
7424,DECODE,610,0,610,2069.24,24.71,1
7425,DECODE,609,0,609,2070.16,24.41,1
7426,DECODE,609,0,609,2071.16,24.56,1
7427,DECODE,609,0,609,2072.16,24.69,1
7428,DECODE,609,0,609,2073.16,24.51,1
7429,DECODE,609,0,609,2074.16,24.55,1
7430,DECODE,608,0,608,2077.20,24.18,1
7431,DECODE,607,0,607,2080.26,24.49,1
7432,DECODE,607,0,607,2081.26,24.52,1
7433,DECODE,606,0,606,2084.37,24.53,1
7434,DECODE,605,0,605,2085.14,24.66,1
7435,DECODE,605,0,605,2086.14,24.94,1
7436,DECODE,605,0,605,2087.14,24.49,1
7437,DECODE,604,0,604,2090.22,24.30,1
7438,DECODE,604,0,604,2091.22,24.28,1
7439,DECODE,603,0,603,2092.15,24.42,1
7440,DECODE,603,0,603,2093.15,24.56,1
7441,DECODE,603,0,603,2094.15,24.68,1
7442,DECODE,602,0,602,2095.15,24.54,1
7443,DECODE,601,0,601,2096.15,24.55,1
7444,DECODE,601,0,601,2097.15,24.46,1
7445,DECODE,601,0,601,2098.15,24.66,1
7446,DECODE,601,0,601,2099.15,24.52,1
7447,DECODE,601,0,601,2100.15,24.57,1
7448,DECODE,601,0,601,2101.15,24.60,1
7449,DECODE,600,0,600,2103.91,24.50,1
7450,DECODE,600,0,600,2104.91,24.04,1
7451,DECODE,599,0,599,2108.00,24.45,1
7452,DECODE,598,0,598,2110.95,24.33,1
7453,DECODE,598,0,598,2111.95,24.32,1
7454,DECODE,597,0,597,2112.92,24.26,1
7455,DECODE,597,0,597,2113.92,25.32,1
7456,DECODE,596,0,596,2114.92,24.40,1
7457,DECODE,596,0,596,2115.92,25.75,1
7458,DECODE,596,0,596,2116.92,24.01,1
7459,DECODE,596,0,596,2117.92,24.17,1
7460,DECODE,595,0,595,2118.18,24.12,1
7461,DECODE,595,0,595,2119.18,24.26,1
7462,DECODE,595,0,595,2120.18,24.27,1
7463,DECODE,594,0,594,2120.44,24.13,1
7464,DECODE,594,0,594,2121.44,24.19,1
7465,DECODE,593,0,593,2122.37,24.12,1
7466,DECODE,593,0,593,2123.37,24.33,1
7467,DECODE,593,0,593,2124.37,24.52,1
7468,DECODE,591,0,591,2124.65,24.39,1
7469,DECODE,591,0,591,2125.65,24.11,1
7470,DECODE,591,0,591,2126.65,24.21,1
7471,DECODE,591,0,591,2127.65,24.32,1
7472,DECODE,591,0,591,2128.65,24.33,1
7473,DECODE,591,0,591,2129.65,24.34,1
7474,DECODE,591,0,591,2130.65,24.36,1
7475,DECODE,591,0,591,2131.65,25.74,1
7476,DECODE,591,0,591,2132.65,24.37,1
7477,DECODE,591,0,591,2133.65,24.29,1
7478,DECODE,591,0,591,2134.65,24.47,1
7479,DECODE,591,0,591,2135.65,24.32,1
7480,DECODE,590,0,590,2136.37,24.59,1
7481,DECODE,590,0,590,2137.37,24.42,1
7482,DECODE,590,0,590,2138.37,24.37,1
7483,DECODE,590,0,590,2139.37,24.55,1
7484,DECODE,590,0,590,2140.37,24.37,1
7485,DECODE,589,0,589,2143.26,31.50,1
7486,DECODE,589,0,589,2144.26,24.40,1
7487,DECODE,588,0,588,2144.56,24.14,1
7488,DECODE,588,0,588,2145.56,24.04,1
7489,DECODE,588,0,588,2146.56,24.11,1
7490,DECODE,588,0,588,2147.56,24.08,1
7491,DECODE,587,0,587,2150.63,24.22,1
7492,DECODE,585,0,585,2151.67,24.59,1
7493,DECODE,584,0,584,2152.67,24.11,1
7494,DECODE,584,0,584,2153.67,23.92,1
7495,DECODE,584,0,584,2154.67,23.86,1
7496,DECODE,584,0,584,2155.67,24.15,1
7497,DECODE,584,0,584,2156.67,23.97,1
7498,DECODE,584,0,584,2157.67,23.95,1
7499,DECODE,584,0,584,2158.67,23.97,1
7500,DECODE,584,0,584,2159.67,24.15,1
7501,DECODE,583,0,583,2159.98,24.29,1
7502,DECODE,581,0,581,2160.93,24.45,1
7503,DECODE,581,0,581,2161.93,24.49,1
7504,DECODE,581,0,581,2162.93,24.28,1
7505,DECODE,581,0,581,2163.93,24.34,1
7506,DECODE,581,0,581,2164.93,24.48,1
7507,DECODE,581,0,581,2165.93,24.52,1
7508,DECODE,581,0,581,2166.93,24.86,1
7509,DECODE,580,0,580,2167.47,24.15,1
7510,DECODE,579,0,579,2168.50,24.22,1
7511,DECODE,579,0,579,2169.50,24.36,1
7512,DECODE,578,0,578,2170.49,24.16,1
7513,DECODE,578,0,578,2171.49,24.16,1
7514,DECODE,578,0,578,2172.49,24.32,1
7515,DECODE,578,0,578,2173.49,30.09,1
7516,DECODE,578,0,578,2174.49,29.22,1
7517,DECODE,578,0,578,2175.49,24.58,1
7518,DECODE,578,0,578,2176.49,24.37,1
7519,DECODE,578,0,578,2177.49,24.56,1
7520,DECODE,578,0,578,2178.49,24.26,1
7521,DECODE,578,0,578,2179.49,24.77,1
7522,DECODE,578,0,578,2180.49,24.61,1
7523,DECODE,578,0,578,2181.49,24.52,1
7524,DECODE,578,0,578,2182.49,24.41,1
7525,DECODE,578,0,578,2183.49,24.61,1
7526,DECODE,577,0,577,2186.51,24.29,1
7527,DECODE,577,0,577,2187.51,24.68,1
7528,DECODE,577,0,577,2188.51,24.48,1
7529,DECODE,576,0,576,2191.74,24.51,1
7530,DECODE,576,0,576,2192.74,24.36,1
7531,DECODE,575,0,575,2193.10,24.54,1
7532,DECODE,575,0,575,2194.10,24.85,1
7533,DECODE,574,0,574,2194.47,24.31,1
7534,DECODE,574,0,574,2195.47,24.51,1
7535,DECODE,572,0,572,2196.37,24.44,1
7536,DECODE,572,0,572,2197.37,24.13,1
7537,DECODE,571,0,571,2198.32,24.11,1
7538,DECODE,571,0,571,2199.32,24.45,1
7539,DECODE,571,0,571,2200.32,24.29,1
7540,DECODE,571,0,571,2201.32,24.30,1
7541,DECODE,570,0,570,2202.04,24.37,1
7542,DECODE,570,0,570,2203.04,24.40,1
7543,DECODE,570,0,570,2204.04,24.52,1
7544,DECODE,568,0,568,2203.78,24.25,1
7545,DECODE,568,0,568,2204.78,24.19,1
7546,DECODE,568,0,568,2205.78,24.34,1
7547,DECODE,568,0,568,2206.78,24.38,1
7548,DECODE,566,0,566,2206.54,24.43,1
7549,DECODE,566,0,566,2207.54,24.51,1
7550,DECODE,565,0,565,2208.51,24.40,1
7551,DECODE,564,0,564,2209.50,23.84,1
7552,DECODE,564,0,564,2210.50,24.04,1
7553,DECODE,564,0,564,2211.50,23.90,1
7554,DECODE,564,0,564,2212.50,24.34,1
7555,DECODE,563,0,563,2213.43,24.13,1
7556,DECODE,563,0,563,2214.43,24.24,1
7557,DECODE,562,0,562,2214.89,24.28,1
7558,DECODE,561,0,561,2215.84,23.99,1
7559,DECODE,561,0,561,2216.84,24.01,1
7560,DECODE,561,0,561,2217.84,24.10,1
7561,DECODE,561,0,561,2218.84,24.03,1
7562,DECODE,561,0,561,2219.84,24.03,1
7563,DECODE,561,0,561,2220.84,24.16,1
7564,DECODE,561,0,561,2221.84,23.98,1
7565,DECODE,561,0,561,2222.84,25.19,1
7566,DECODE,560,0,560,2223.23,23.77,1
7567,DECODE,560,0,560,2224.23,23.91,1
7568,DECODE,560,0,560,2225.23,24.23,1
7569,DECODE,558,0,558,2225.03,23.92,1
7570,DECODE,558,0,558,2226.03,23.50,1
7571,DECODE,558,0,558,2227.03,23.84,1
7572,DECODE,557,0,557,2227.44,23.67,1
7573,DECODE,557,0,557,2228.44,23.74,1
7574,DECODE,555,0,555,2229.38,23.50,1
7575,DECODE,555,0,555,2230.38,23.77,1
7576,DECODE,555,0,555,2231.38,23.63,1
7577,DECODE,554,0,554,2232.39,23.63,1
7578,DECODE,554,0,554,2233.39,23.88,1
7579,DECODE,553,0,553,2233.80,23.85,1
7580,DECODE,552,0,552,2234.21,24.92,1
7581,DECODE,551,0,551,2234.62,24.24,1
7582,DECODE,551,0,551,2235.62,24.09,1
7583,DECODE,550,0,550,2236.57,23.53,1
7584,DECODE,550,0,550,2237.57,23.54,1
7585,DECODE,549,0,549,2238.53,23.57,1
7586,DECODE,549,0,549,2239.53,23.86,1
7587,DECODE,548,0,548,2239.95,23.40,1
7588,DECODE,548,0,548,2240.95,23.42,1
7589,DECODE,548,0,548,2241.95,23.28,1
7590,DECODE,547,0,547,2244.79,23.47,1
7591,DECODE,547,0,547,2245.79,23.79,1
7592,DECODE,546,0,546,2246.21,23.40,1
7593,DECODE,546,0,546,2247.21,23.34,1
7594,DECODE,546,0,546,2248.21,23.37,1
7595,DECODE,546,0,546,2249.21,23.55,1
7596,DECODE,546,0,546,2250.21,23.79,1
7597,DECODE,545,0,545,2250.64,23.36,1
7598,DECODE,544,0,544,2251.66,23.48,1
7599,DECODE,544,0,544,2252.66,23.67,1
7600,DECODE,543,0,543,2253.09,23.29,1
7601,DECODE,543,0,543,2254.09,23.61,1
7602,DECODE,542,0,542,2254.53,23.62,1
7603,DECODE,542,0,542,2255.53,23.48,1
7604,DECODE,540,0,540,2256.46,23.30,1
7605,DECODE,540,0,540,2257.46,23.27,1
7606,DECODE,539,0,539,2258.45,23.54,1
7607,DECODE,538,0,538,2258.89,23.51,1
7608,DECODE,538,0,538,2259.89,23.51,1
7609,DECODE,537,0,537,2260.51,23.42,1
7610,DECODE,537,0,537,2261.51,23.45,1
7611,DECODE,537,0,537,2262.51,23.65,1
7612,DECODE,537,0,537,2263.51,23.53,1
7613,DECODE,537,0,537,2264.51,23.65,1
7614,DECODE,537,0,537,2265.51,23.56,1
7615,DECODE,537,0,537,2266.51,23.80,1
7616,DECODE,536,0,536,2266.96,23.33,1
7617,DECODE,536,0,536,2267.96,25.08,1
7618,DECODE,535,0,535,2268.42,23.85,1
7619,DECODE,535,0,535,2269.42,23.59,1
7620,DECODE,534,0,534,2269.87,23.46,1
7621,DECODE,534,0,534,2270.87,23.54,1
7622,DECODE,533,0,533,2271.84,23.73,1
7623,DECODE,533,0,533,2272.84,23.45,1
7624,DECODE,533,0,533,2273.84,23.44,1
7625,DECODE,532,0,532,2274.80,23.23,1
7626,DECODE,532,0,532,2275.80,23.26,1
7627,DECODE,532,0,532,2276.80,24.56,1
7628,DECODE,532,0,532,2277.80,23.36,1
7629,DECODE,532,0,532,2278.80,23.33,1
7630,DECODE,532,0,532,2279.80,23.53,1
7631,DECODE,531,0,531,2280.27,23.64,1
7632,DECODE,531,0,531,2281.27,23.80,1
7633,DECODE,529,0,529,2281.22,23.49,1
7634,DECODE,529,0,529,2282.22,23.51,1
7635,DECODE,528,0,528,2283.26,23.13,1
7636,DECODE,528,0,528,2284.26,24.76,1
7637,DECODE,527,0,527,2284.74,23.48,1
7638,DECODE,527,0,527,2285.74,23.37,1
7639,DECODE,527,0,527,2286.74,23.51,1
7640,DECODE,527,0,527,2287.74,23.25,1
7641,DECODE,527,0,527,2288.74,23.37,1
7642,DECODE,527,0,527,2289.74,23.47,1
7643,DECODE,527,0,527,2290.74,23.47,1
7644,DECODE,527,0,527,2291.74,23.53,1
7645,DECODE,525,0,525,2292.18,24.88,1
7646,DECODE,524,0,524,2292.66,24.77,1
7647,DECODE,524,0,524,2293.66,23.26,1
7648,DECODE,524,0,524,2294.66,23.10,1
7649,DECODE,523,0,523,2295.16,23.17,1
7650,DECODE,523,0,523,2296.16,27.96,1
7651,DECODE,521,0,521,2296.14,26.33,1
7652,DECODE,521,0,521,2297.14,23.27,1
7653,DECODE,520,0,520,2297.64,23.07,1
7654,DECODE,518,0,518,2298.19,23.41,1
7655,DECODE,517,0,517,2298.68,23.14,1
7656,DECODE,517,0,517,2299.68,23.32,1
7657,DECODE,517,0,517,2300.68,22.87,1
7658,DECODE,517,0,517,2301.68,23.08,1
7659,DECODE,517,0,517,2302.68,22.80,1
7660,DECODE,517,0,517,2303.68,22.95,1
7661,DECODE,517,0,517,2304.68,23.07,1
7662,DECODE,516,0,516,2305.18,22.82,1
7663,DECODE,514,0,514,2305.19,23.04,1
7664,DECODE,514,0,514,2306.19,23.25,1
7665,DECODE,513,0,513,2306.70,22.96,1
7666,DECODE,513,0,513,2307.70,27.76,1
7667,DECODE,512,0,512,2308.21,21.99,1
7668,DECODE,510,0,510,2308.22,21.93,1
7669,DECODE,508,0,508,2308.23,21.76,1
7670,DECODE,507,0,507,2308.73,21.70,1
7671,DECODE,507,0,507,2309.73,21.68,1
7672,DECODE,506,0,506,2310.24,21.72,1
7673,EXTEND,2,2030,0,1019.50,34.17,1
7674,DECODE,507,0,507,2305.65,21.48,1
7675,DECODE,507,0,507,2306.65,21.61,1
7676,DECODE,507,0,507,2307.65,21.64,1
7677,DECODE,507,0,507,2308.65,22.62,1
7678,DECODE,506,0,506,2309.15,22.35,1
7679,EXTEND,1,1048,0,1055.00,34.62,1
7680,DECODE,504,0,504,2306.18,22.84,1
7681,EXTEND,3,3105,0,1040.33,34.24,1
7682,DECODE,507,0,507,2299.69,21.53,1
7683,DECODE,507,0,507,2300.69,22.22,1
7684,DECODE,507,0,507,2301.69,22.19,1
7685,DECODE,506,0,506,2302.18,21.95,1
7686,EXTEND,2,1101,0,556.50,36.44,1
7687,DECODE,507,0,507,2295.78,21.62,1
7688,EXTEND,1,1081,0,1087.00,22.43,1
7689,DECODE,507,0,507,2293.88,21.65,1
7690,EXTEND,1,1106,0,1110.00,22.65,1
7691,DECODE,508,0,508,2292.55,21.47,1
7692,DECODE,508,0,508,2293.55,21.68,1
7693,DECODE,508,0,508,2294.55,21.73,1
7694,DECODE,506,0,506,2294.99,22.05,1
7695,EXTEND,3,3751,0,1264.33,38.96,1
7696,DECODE,507,0,507,2289.16,21.53,1
7697,EXTEND,2,2301,0,1160.00,23.37,1
7698,DECODE,507,0,507,2284.64,21.40,1
7699,EXTEND,2,2553,0,1280.50,22.92,1
7700,DECODE,509,0,509,2281.70,21.25,1
7701,DECODE,509,0,509,2282.70,21.52,1
7702,DECODE,509,0,509,2283.70,21.79,1
7703,DECODE,507,0,507,2283.61,22.07,1
7704,EXTEND,2,2339,0,1172.50,23.76,1
7705,DECODE,508,0,508,2279.69,21.78,1
7706,EXTEND,2,2314,0,1163.50,22.69,1
7707,DECODE,510,0,510,2276.31,21.12,1
7708,DECODE,510,0,510,2277.31,21.23,1
7709,DECODE,510,0,510,2278.31,21.62,1
7710,DECODE,509,0,509,2278.76,22.01,1
7711,EXTEND,1,1158,0,1162.00,34.39,1
7712,DECODE,508,0,508,2276.46,22.21,1
7713,EXTEND,2,1259,0,636.00,28.95,1
7714,DECODE,510,0,510,2271.02,22.38,1
7715,DECODE,510,0,510,2272.02,21.51,1
7716,DECODE,508,0,508,2271.89,21.28,1
7717,EXTEND,3,1351,0,457.00,32.58,1
7718,DECODE,510,0,510,2261.65,21.37,1
7719,EXTEND,1,1159,0,1163.00,22.99,1
7720,DECODE,511,0,511,2260.50,22.29,1
7721,DECODE,511,0,511,2261.50,21.39,1
7722,DECODE,511,0,511,2262.50,21.33,1
7723,DECODE,509,0,509,2262.33,21.60,1
7724,EXTEND,4,3452,0,869.25,37.34,1
7725,DECODE,511,0,511,2251.26,21.70,1
7726,EXTEND,1,1557,0,1561.00,17.49,1
7727,DECODE,511,0,511,2250.31,21.81,1
7728,EXTEND,1,1268,0,1273.00,22.74,1
7729,DECODE,512,0,512,2249.40,22.17,1
7730,DECODE,512,0,512,2250.40,21.50,1
7731,DECODE,510,0,510,2250.40,21.68,1
7732,EXTEND,3,2535,0,850.00,21.28,1
7733,DECODE,511,0,511,2241.97,21.06,1
7734,EXTEND,2,2425,0,1217.50,28.93,1
7735,DECODE,513,0,513,2238.97,22.74,1
7736,DECODE,513,0,513,2239.97,22.58,1
7737,DECODE,513,0,513,2240.97,24.65,1
7738,DECODE,512,0,512,2241.35,21.14,1
7739,EXTEND,2,2371,0,1191.00,23.62,1
7740,DECODE,512,0,512,2237.01,21.02,1
7741,EXTEND,2,2528,0,1270.50,27.30,1
7742,DECODE,513,0,513,2233.86,22.27,1
7743,EXTEND,1,1221,0,1224.00,21.89,1
7744,DECODE,514,0,514,2232.89,22.36,1
7745,DECODE,514,0,514,2233.89,22.53,1
7746,DECODE,513,0,513,2234.26,22.51,1
7747,EXTEND,2,109,0,61.00,27.96,1
7748,DECODE,515,0,515,2226.82,22.79,1
7749,DECODE,515,0,515,2227.82,22.78,1
7750,DECODE,512,0,512,2227.26,21.27,1
7751,EXTEND,3,3566,0,1200.67,25.57,1
7752,DECODE,515,0,515,2222.28,22.32,1
7753,DECODE,515,0,515,2223.28,23.01,1
7754,DECODE,515,0,515,2224.28,22.92,1
7755,DECODE,514,0,514,2224.62,22.39,1
7756,EXTEND,2,2328,0,1173.00,23.25,1
7757,DECODE,515,0,515,2220.89,22.22,1
7758,EXTEND,1,1362,0,1367.00,20.27,1
7759,DECODE,514,0,514,2218.91,22.17,1
7760,EXTEND,2,2474,0,1244.00,23.19,1
7761,DECODE,514,0,514,2214.80,22.25,1
7762,EXTEND,2,1298,0,654.50,20.58,1
7763,DECODE,515,0,515,2209.07,22.11,1
7764,EXTEND,2,1426,0,720.00,21.42,1
7765,DECODE,517,0,517,2204.31,22.21,1
7766,DECODE,517,0,517,2205.31,22.62,1
7767,DECODE,515,0,515,2204.93,22.53,1
7768,EXTEND,3,1452,0,492.00,21.36,1
7769,DECODE,514,0,514,2193.18,22.34,1
7770,EXTEND,3,3613,0,1210.00,27.41,1
7771,DECODE,517,0,517,2188.47,22.18,1
7772,DECODE,517,0,517,2189.47,22.26,1
7773,DECODE,515,0,515,2189.03,22.35,1
7774,EXTEND,4,3114,0,784.25,21.51,1
7775,DECODE,517,0,517,2178.03,21.97,1
7776,EXTEND,3,2550,0,854.00,22.76,1
7777,DECODE,520,0,520,2171.39,21.88,1
7778,DECODE,520,0,520,2172.39,22.06,1
7779,DECODE,518,0,518,2171.90,22.20,1
7780,EXTEND,4,2614,0,658.00,22.84,1
7781,DECODE,520,0,520,2159.76,21.72,1
7782,EXTEND,2,1263,0,635.50,21.58,1
7783,DECODE,522,0,522,2154.92,27.76,1
7784,DECODE,522,0,522,2155.92,22.46,1
7785,DECODE,519,0,519,2154.93,22.23,1
7786,EXTEND,3,3949,0,1323.33,25.70,1
7787,DECODE,520,0,520,2149.86,21.79,1
7788,EXTEND,3,1778,0,598.33,24.23,1
7789,DECODE,521,0,521,2140.36,22.07,1
7790,EXTEND,3,2589,0,869.00,24.77,1
7791,DECODE,523,0,523,2133.26,28.21,1
7792,EXTEND,2,1403,0,708.00,29.68,1
7793,DECODE,520,0,520,2127.34,21.93,1
7794,EXTEND,4,2630,0,663.00,22.30,1
7795,DECODE,523,0,523,2116.32,21.97,1
7796,EXTEND,3,1423,0,479.67,20.77,1
7797,DECODE,526,0,526,2107.98,21.84,1
7798,DECODE,526,0,526,2108.98,21.82,1
7799,DECODE,526,0,526,2109.98,22.11,1
7800,DECODE,524,0,524,2109.27,22.10,1
7801,EXTEND,3,2865,0,961.00,24.21,1
7802,DECODE,526,0,526,2102.86,21.93,1
7803,EXTEND,1,1306,0,1311.00,21.59,1
7804,DECODE,525,0,525,2100.85,21.83,1
7805,EXTEND,2,2600,0,1307.50,23.80,1
7806,DECODE,527,0,527,2098.84,23.62,1
7807,DECODE,527,0,527,2099.84,22.18,1
7808,DECODE,525,0,525,2099.09,22.53,1
7809,EXTEND,3,1389,0,470.00,21.08,1
7810,DECODE,528,0,528,2090.83,21.84,1
7811,DECODE,528,0,528,2091.83,21.79,1
7812,DECODE,527,0,527,2091.94,22.52,1
7813,EXTEND,6,5425,0,910.00,33.65,1
7814,DECODE,527,0,527,2074.35,22.19,1
7815,EXTEND,3,2594,0,870.33,23.47,1
7816,DECODE,530,0,530,2068.54,21.90,1
7817,DECODE,530,0,530,2069.54,22.30,1
7818,DECODE,529,0,529,2069.61,22.26,1
7819,EXTEND,3,4397,0,1470.33,28.09,1
7820,DECODE,530,0,530,2065.37,22.28,1
7821,EXTEND,2,2709,0,1358.50,22.50,1
7822,DECODE,531,0,531,2062.78,21.74,1
7823,EXTEND,1,1344,0,1352.00,19.90,1
7824,DECODE,530,0,530,2060.56,21.73,1
7825,EXTEND,2,1372,0,694.50,20.83,1
7826,DECODE,531,0,531,2055.48,22.62,1
7827,EXTEND,3,382,0,135.00,22.39,1
7828,DECODE,534,0,534,2045.69,21.92,1
7829,DECODE,534,0,534,2046.69,21.93,1
7830,DECODE,534,0,534,2047.69,22.16,1
7831,DECODE,533,0,533,2047.73,22.02,1
7832,EXTEND,3,137,0,52.00,23.44,1
7833,DECODE,534,0,534,2035.60,21.74,1
7834,EXTEND,2,116,0,62.50,25.92,1
7835,DECODE,536,0,536,2029.24,21.61,1
7836,DECODE,536,0,536,2030.24,21.74,1
7837,DECODE,536,0,536,2031.24,22.00,1
7838,DECODE,534,0,534,2030.26,22.06,1
7839,EXTEND,4,608,0,159.00,16.92,1
7840,DECODE,536,0,536,2015.32,22.02,1
7841,EXTEND,2,131,0,72.50,15.51,1
7842,DECODE,538,0,538,2009.10,21.64,1
7843,DECODE,538,0,538,2010.10,22.07,1
7844,DECODE,537,0,537,2010.07,22.51,1
7845,EXTEND,3,771,0,267.00,16.45,1
7846,DECODE,538,0,538,1999.58,21.80,1
7847,EXTEND,2,168,0,88.00,15.87,1
7848,DECODE,540,0,540,1993.50,21.55,1
7849,DECODE,540,0,540,1994.50,21.91,1
7850,DECODE,539,0,539,1994.45,21.94,1
7851,EXTEND,2,79,0,45.50,16.30,1
7852,DECODE,540,0,540,1987.19,30.31,1
7853,EXTEND,2,169,0,91.00,23.48,1
7854,DECODE,542,0,542,1981.19,21.72,1
7855,DECODE,542,0,542,1982.19,21.70,1
7856,DECODE,542,0,542,1983.19,21.70,1
7857,DECODE,540,0,540,1982.05,21.60,1
7858,EXTEND,5,302,0,66.60,24.65,1
7859,DECODE,543,0,543,1963.29,21.43,1
7860,EXTEND,2,133,0,70.50,23.29,1
7861,DECODE,545,0,545,1957.34,21.37,1
7862,DECODE,545,0,545,1958.34,21.73,1
7863,DECODE,545,0,545,1959.34,21.77,1
7864,DECODE,544,0,544,1959.24,21.83,1
7865,EXTEND,5,504,0,108.40,16.07,1
7866,DECODE,546,0,546,1939.99,21.48,1
7867,EXTEND,2,72,0,44.50,15.98,1
7868,DECODE,548,0,548,1934.07,21.23,1
7869,DECODE,548,0,548,1935.07,21.37,1
7870,DECODE,547,0,547,1935.15,22.04,1
7871,EXTEND,3,210,0,74.67,22.98,1
7872,DECODE,547,0,547,1922.61,21.95,1
7873,EXTEND,3,99,0,40.00,15.99,1
7874,DECODE,550,0,550,1913.35,21.78,1
7875,DECODE,550,0,550,1914.35,21.78,1
7876,DECODE,549,0,549,1914.17,22.01,1
7877,EXTEND,4,299,0,79.00,16.37,1
7878,DECODE,550,0,550,1898.30,21.75,1
7879,EXTEND,3,302,0,108.00,16.02,1
7880,DECODE,552,0,552,1888.38,21.41,1
7881,EXTEND,3,424,0,150.00,20.23,1
7882,DECODE,555,0,555,1879.98,21.34,1
7883,DECODE,555,0,555,1880.98,21.80,1
7884,DECODE,554,0,554,1880.75,28.58,1
7885,EXTEND,2,134,0,71.50,34.18,1
7886,DECODE,556,0,556,1875.25,21.26,1
7887,DECODE,556,0,556,1876.25,21.36,1
7888,DECODE,555,0,555,1876.01,21.44,1
7889,EXTEND,3,384,0,134.67,34.01,1
7890,DECODE,556,0,556,1865.16,21.00,1
7891,EXTEND,2,191,0,99.50,17.29,1
7892,DECODE,555,0,555,1856.05,20.94,1
7893,EXTEND,4,276,0,75.75,25.05,1
7894,DECODE,558,0,558,1843.03,20.99,1
7895,EXTEND,3,377,0,132.67,22.33,1
7896,DECODE,560,0,560,1833.58,20.80,1
7897,EXTEND,2,111,0,62.00,27.53,1
7898,DECODE,561,0,561,1826.98,21.19,1
7899,EXTEND,2,177,0,92.00,22.85,1
7900,DECODE,562,0,562,1820.50,21.13,1
7901,EXTEND,2,139,0,76.00,23.37,1
7902,DECODE,563,0,563,1813.99,21.20,1
7903,EXTEND,2,317,0,165.00,22.92,1
7904,DECODE,565,0,565,1809.15,21.28,1
7905,DECODE,565,0,565,1810.15,21.34,1
7906,DECODE,564,0,564,1809.82,21.05,1
7907,EXTEND,3,168,0,66.00,15.86,1
7908,DECODE,566,0,566,1800.33,22.94,1
7909,EXTEND,1,37,0,46.00,20.18,1
7910,DECODE,566,0,566,1796.89,20.95,1
7911,EXTEND,2,112,0,62.00,15.61,1
7912,DECODE,568,0,568,1791.79,20.81,1
7913,DECODE,568,0,568,1792.79,21.20,1
7914,DECODE,566,0,566,1791.07,21.15,1
7915,EXTEND,4,253,0,68.75,24.27,1
7916,DECODE,569,0,569,1778.62,28.52,1
7917,EXTEND,2,223,0,116.50,30.84,1
7918,DECODE,570,0,570,1772.52,21.53,1
7919,EXTEND,2,307,0,160.50,23.07,1
7920,DECODE,570,0,570,1765.10,21.46,1
7921,EXTEND,3,207,0,74.33,24.32,1
7922,DECODE,570,0,570,1753.03,21.12,1
7923,EXTEND,4,296,0,82.50,25.37,1
7924,DECODE,573,0,573,1740.96,21.08,1
7925,EXTEND,3,161,0,59.67,21.83,1
7926,DECODE,572,0,572,1727.42,20.56,1
7927,EXTEND,5,446,0,97.00,15.89,1
7928,DECODE,573,0,573,1708.39,20.73,1
7929,EXTEND,7,496,0,79.14,16.02,1
7930,DECODE,578,0,578,1686.71,20.56,1
7931,EXTEND,5,516,0,108.80,15.82,1
7932,DECODE,583,0,583,1674.18,20.79,1
7933,DECODE,583,0,583,1675.18,21.70,1
7934,DECODE,580,0,580,1671.60,21.04,1
7935,EXTEND,7,549,0,86.43,16.55,1
7936,DECODE,582,0,582,1645.91,22.45,1
7937,EXTEND,6,291,0,55.50,23.46,1
7938,DECODE,588,0,588,1630.68,20.18,1
7939,DECODE,588,0,588,1631.68,20.57,1
7940,DECODE,585,0,585,1627.92,20.49,1
7941,EXTEND,12,780,0,72.08,17.33,1
7942,DECODE,588,0,588,1582.91,20.13,1
7943,EXTEND,9,512,0,61.33,17.91,1
7944,DECODE,596,0,596,1559.29,19.97,1
7945,EXTEND,5,482,0,102.40,21.44,1
7946,DECODE,595,0,595,1538.11,19.92,1
7947,EXTEND,8,489,0,68.12,21.41,1
7948,DECODE,599,0,599,1512.66,20.34,1
7949,EXTEND,8,496,0,66.88,16.27,1
7950,DECODE,604,0,604,1489.31,20.81,1
7951,EXTEND,7,685,0,103.86,15.87,1
7952,DECODE,610,0,610,1472.66,20.10,1
7953,EXTEND,4,268,0,71.75,15.54,1
7954,DECODE,611,0,611,1459.15,19.87,1
7955,EXTEND,5,245,0,55.00,15.83,1
7956,DECODE,615,0,615,1446.95,19.90,1
7957,EXTEND,4,279,0,73.75,23.34,1
7958,DECODE,618,0,618,1437.26,19.69,1
7959,EXTEND,3,205,0,73.00,22.97,1
7960,DECODE,615,0,615,1420.66,19.84,1
7961,EXTEND,7,628,0,95.71,16.00,1
7962,DECODE,620,0,620,1403.03,19.40,1
7963,EXTEND,6,579,0,105.50,15.31,1
7964,DECODE,624,0,624,1387.85,19.35,1
7965,EXTEND,4,332,0,88.25,22.44,1
7966,DECODE,624,0,624,1373.01,30.32,1
7967,EXTEND,7,412,0,66.43,38.90,1
7968,DECODE,630,0,630,1357.61,19.87,1
7969,EXTEND,4,238,0,65.00,51.43,1
7970,DECODE,634,0,634,1350.46,20.07,1
7971,DECODE,634,0,634,1351.46,19.83,1
7972,DECODE,630,0,630,1344.78,19.78,1
7973,EXTEND,8,3235,0,413.00,23.56,1
7974,DECODE,634,0,634,1326.40,19.53,1
7975,EXTEND,5,2438,0,493.80,23.07,1
7976,DECODE,634,0,634,1311.11,19.54,1
7977,EXTEND,7,1457,0,214.71,21.89,1
7978,DECODE,639,0,639,1296.20,19.71,1
7979,EXTEND,6,2548,0,430.83,22.36,1
7980,DECODE,642,0,642,1283.21,19.94,1
7981,EXTEND,5,3441,0,694.40,24.84,1
7982,DECODE,642,0,642,1269.69,19.59,1
7983,EXTEND,7,3649,0,526.86,25.37,1
7984,DECODE,644,0,644,1252.60,19.36,1
7985,EXTEND,7,3493,0,504.29,23.39,1
7986,DECODE,647,0,647,1237.43,19.51,1
7987,EXTEND,8,3520,0,446.25,23.86,1
7988,DECODE,652,0,652,1222.64,19.13,1
7989,EXTEND,6,2996,0,506.00,23.52,1
7990,DECODE,657,0,657,1215.06,19.14,1
7991,EXTEND,5,329,0,71.20,22.44,1
7992,DECODE,658,0,658,1199.20,19.26,1
7993,EXTEND,6,2212,0,376.33,23.57,1
7994,DECODE,657,0,657,1178.20,19.15,1
7995,EXTEND,10,588,0,68.90,15.78,1
7996,DECODE,667,0,667,1162.57,19.25,1
7997,DECODE,667,0,667,1163.57,19.19,1
7998,DECODE,661,0,661,1151.89,19.08,1
7999,EXTEND,17,2041,0,126.82,25.72,1
8000,DECODE,666,0,666,1101.41,19.25,1
8001,EXTEND,15,1035,0,76.47,21.43,1
8002,DECODE,678,0,678,1073.29,18.97,1
8003,EXTEND,10,1176,0,122.80,20.92,1
8004,DECODE,686,0,686,1056.10,18.94,1
8005,EXTEND,7,568,0,88.00,15.87,1
8006,DECODE,691,0,691,1042.95,28.52,1
8007,EXTEND,6,669,0,116.83,27.87,1
8008,DECODE,694,0,694,1029.38,19.18,1
8009,EXTEND,6,333,0,66.50,23.77,1
8010,DECODE,693,0,693,1006.60,18.93,1
8011,EXTEND,10,742,0,80.50,15.72,1
8012,DECODE,697,0,697,980.95,18.76,1
8013,EXTEND,11,778,0,78.73,16.00,1
8014,DECODE,703,0,703,956.61,18.39,1
8015,EXTEND,11,701,0,69.09,17.90,1
8016,DECODE,711,0,711,937.11,19.57,1
8017,EXTEND,9,999,0,118.44,16.54,1
8018,DECODE,717,0,717,921.05,19.39,1
8019,EXTEND,7,386,0,60.43,21.64,1
8020,DECODE,721,0,721,906.88,18.91,1
8021,EXTEND,7,394,0,63.86,21.68,1
8022,DECODE,725,0,725,892.90,18.61,1
8023,EXTEND,7,398,0,62.43,21.21,1
8024,DECODE,727,0,727,876.12,18.40,1
8025,EXTEND,8,700,0,94.62,15.87,1
8026,DECODE,728,0,728,852.35,18.40,1
8027,EXTEND,12,682,0,63.83,17.49,1
8028,DECODE,735,0,735,828.86,19.68,1
8029,EXTEND,11,691,0,69.36,17.49,1
8030,DECODE,741,0,741,806.91,18.49,1
8031,EXTEND,11,964,0,95.00,16.38,1
8032,DECODE,748,0,748,788.08,18.04,1
8033,EXTEND,9,611,0,73.56,15.77,1
8034,DECODE,755,0,755,775.87,18.84,1
8035,EXTEND,7,357,0,58.43,23.53,1
8036,DECODE,759,0,759,763.20,18.67,1
8037,EXTEND,7,489,0,77.43,15.83,1
8038,DECODE,762,0,762,748.48,17.78,1
8039,EXTEND,8,525,0,72.38,16.53,1
8040,DECODE,766,0,766,732.96,17.96,1
8041,EXTEND,8,748,0,101.00,16.01,1
8042,DECODE,770,0,770,717.91,17.69,1
8043,EXTEND,9,919,0,108.44,18.82,1
8044,DECODE,774,0,774,699.93,17.48,1
8045,EXTEND,10,749,0,83.80,16.06,1
8046,DECODE,779,0,779,681.09,17.71,1
8047,EXTEND,10,669,0,73.90,15.95,1
8048,DECODE,784,0,784,662.37,16.98,1
8049,EXTEND,11,726,0,73.55,16.83,1
8050,DECODE,791,0,791,645.59,17.32,1
8051,EXTEND,10,666,0,74.30,16.87,1
8052,DECODE,797,0,797,629.82,18.10,1
8053,EXTEND,9,654,0,81.33,15.61,1
8054,DECODE,803,0,803,617.46,17.42,1
8055,EXTEND,8,776,0,102.88,15.81,1
8056,DECODE,805,0,805,598.88,17.46,1
8057,EXTEND,11,776,0,77.64,15.85,1
8058,DECODE,814,0,814,588.02,17.76,1
8059,EXTEND,8,455,0,68.38,22.84,1
8060,DECODE,820,0,820,579.14,17.42,1
8061,EXTEND,6,420,0,75.67,21.19,1
8062,DECODE,821,0,821,564.40,18.31,1
8063,EXTEND,9,547,0,67.67,16.05,1
8064,DECODE,826,0,826,550.33,17.85,1
8065,EXTEND,9,590,0,75.00,17.24,1
8066,DECODE,835,0,835,546.21,18.81,1
8067,DECODE,835,0,835,547.21,19.07,1
8068,DECODE,832,0,832,540.95,17.84,1
8069,EXTEND,12,742,0,70.33,16.43,1
8070,DECODE,837,0,837,518.32,17.72,1
8071,EXTEND,11,1322,0,126.91,20.93,1
8072,DECODE,844,0,844,504.55,18.16,1
8073,EXTEND,10,701,0,76.30,15.93,1
8074,DECODE,849,0,849,488.41,17.68,1
8075,EXTEND,10,1174,0,123.60,21.22,1
8076,DECODE,852,0,852,468.12,19.18,1
8077,EXTEND,13,747,0,63.46,16.41,1
8078,DECODE,864,0,864,460.61,18.28,1
8079,EXTEND,8,629,0,87.88,16.38,1
8080,DECODE,868,0,868,448.50,19.16,1
8081,EXTEND,9,545,0,68.11,17.22,1
8082,DECODE,876,0,876,443.18,51.17,1
8083,EXTEND,6,745,0,130.50,16.38,1
8084,DECODE,878,0,878,432.41,18.51,1
8085,EXTEND,8,406,0,60.50,25.31,1
8086,DECODE,885,0,885,427.64,19.01,1
8087,EXTEND,6,741,0,128.33,17.01,1
8088,DECODE,883,0,883,407.30,18.90,1
8089,EXTEND,11,574,0,62.82,18.34,1
8090,DECODE,889,0,889,391.94,22.31,1
8091,EXTEND,12,1113,0,99.25,21.86,1
8092,DECODE,899,0,899,384.21,18.43,1
8093,EXTEND,8,565,0,77.75,15.87,1
8094,DECODE,902,0,902,370.43,18.41,1
8095,EXTEND,10,866,0,91.40,15.81,1
8096,DECODE,912,0,912,368.38,17.14,1
8097,DECODE,912,0,912,369.38,17.77,1
8098,DECODE,908,0,908,360.72,18.95,1
8099,EXTEND,13,893,0,75.62,18.31,1
8100,DECODE,917,0,917,348.09,17.94,1
8101,EXTEND,10,630,0,70.10,16.31,1
8102,DECODE,925,0,925,341.31,18.29,1
8103,EXTEND,8,493,0,70.12,23.54,1
8104,DECODE,932,0,932,337.60,18.30,1
8105,EXTEND,5,552,0,118.40,15.99,1
8106,DECODE,937,0,937,337.43,18.10,1
8107,DECODE,937,0,937,338.43,17.34,1
8108,DECODE,937,0,937,339.43,17.67,1
8109,DECODE,937,0,937,340.43,17.58,1
8110,DECODE,937,0,937,341.43,17.78,1
8111,DECODE,937,0,937,342.43,17.53,1
8112,DECODE,936,0,936,341.06,17.54,1
8113,EXTEND,8,538,0,74.75,15.78,1
8114,DECODE,944,0,944,339.80,17.36,1
8115,DECODE,944,0,944,340.80,17.42,1
8116,DECODE,944,0,944,341.80,17.50,1
8117,DECODE,944,0,944,342.80,17.55,1
8118,DECODE,944,0,944,343.80,17.54,1
8119,DECODE,944,0,944,344.80,17.44,1
8120,DECODE,944,0,944,345.80,17.94,1
8121,DECODE,944,0,944,346.80,17.39,1
8122,DECODE,944,0,944,347.80,17.49,1
8123,DECODE,943,0,943,346.46,17.54,1
8124,EXTEND,12,759,0,71.17,15.94,1
8125,DECODE,954,0,954,342.73,29.20,1
8126,EXTEND,8,549,0,75.62,27.18,1
8127,DECODE,962,0,962,341.51,20.50,1
8128,DECODE,962,0,962,342.51,17.63,1
8129,DECODE,962,0,962,343.51,17.71,1
8130,DECODE,961,0,961,343.35,17.65,1
8131,EXTEND,8,564,0,78.50,15.88,1
8132,DECODE,969,0,969,342.17,17.80,1
8133,DECODE,969,0,969,343.17,18.45,1
8134,DECODE,969,0,969,344.17,18.00,1
8135,DECODE,969,0,969,345.17,18.00,1
8136,DECODE,969,0,969,346.17,18.11,1
8137,DECODE,969,0,969,347.17,18.07,1
8138,DECODE,969,0,969,348.17,18.01,1
8139,DECODE,969,0,969,349.17,17.45,1
8140,DECODE,969,0,969,350.17,18.08,1
8141,DECODE,969,0,969,351.17,18.06,1
8142,DECODE,969,0,969,352.17,18.79,1
8143,DECODE,969,0,969,353.17,17.93,1
8144,DECODE,969,0,969,354.17,17.83,1
8145,DECODE,969,0,969,355.17,19.17,1
8146,DECODE,969,0,969,356.17,17.95,1
8147,DECODE,969,0,969,357.17,18.00,1
8148,DECODE,969,0,969,358.17,17.85,1
8149,DECODE,969,0,969,359.17,17.77,1
8150,DECODE,969,0,969,360.17,17.73,1
8151,DECODE,969,0,969,361.17,17.73,1
8152,DECODE,969,0,969,362.17,17.78,1
8153,DECODE,969,0,969,363.17,17.58,1
8154,DECODE,969,0,969,364.17,17.84,1
8155,DECODE,969,0,969,365.17,17.91,1
8156,DECODE,969,0,969,366.17,17.81,1
8157,DECODE,969,0,969,367.17,17.76,1
8158,DECODE,969,0,969,368.17,17.90,1
8159,DECODE,969,0,969,369.17,17.93,1
8160,DECODE,969,0,969,370.17,17.79,1
8161,DECODE,969,0,969,371.17,17.67,1
8162,DECODE,969,0,969,372.17,17.84,1
8163,DECODE,969,0,969,373.17,17.73,1
8164,DECODE,969,0,969,374.17,17.60,1
8165,DECODE,969,0,969,375.17,17.82,1
8166,DECODE,969,0,969,376.17,17.73,1
8167,DECODE,969,0,969,377.17,17.54,1
8168,DECODE,969,0,969,378.17,17.52,1
8169,DECODE,969,0,969,379.17,17.61,1
8170,DECODE,969,0,969,380.17,17.86,1
8171,DECODE,969,0,969,381.17,17.64,1
8172,DECODE,969,0,969,382.17,17.70,1
8173,DECODE,969,0,969,383.17,17.97,1
8174,DECODE,969,0,969,384.17,18.06,1
8175,DECODE,969,0,969,385.17,17.83,1
8176,DECODE,969,0,969,386.17,17.79,1
8177,DECODE,969,0,969,387.17,17.98,1
8178,DECODE,969,0,969,388.17,18.09,1
8179,DECODE,969,0,969,389.17,17.90,1
8180,DECODE,969,0,969,390.17,17.92,1
8181,DECODE,969,0,969,391.17,17.84,1
8182,DECODE,969,0,969,392.17,17.74,1
8183,DECODE,969,0,969,393.17,17.88,1
8184,DECODE,969,0,969,394.17,17.81,1
8185,DECODE,969,0,969,395.17,17.79,1
8186,DECODE,969,0,969,396.17,17.81,1
8187,DECODE,969,0,969,397.17,18.07,1
8188,DECODE,969,0,969,398.17,17.80,1
8189,DECODE,969,0,969,399.17,17.92,1
8190,DECODE,969,0,969,400.17,17.84,1
8191,DECODE,969,0,969,401.17,17.73,1
8192,DECODE,969,0,969,402.17,18.07,1
8193,DECODE,969,0,969,403.17,19.15,1
8194,DECODE,969,0,969,404.17,18.06,1
8195,DECODE,969,0,969,405.17,17.85,1
8196,DECODE,969,0,969,406.17,17.80,1
8197,DECODE,969,0,969,407.17,18.73,1
8198,DECODE,969,0,969,408.17,18.07,1
8199,DECODE,969,0,969,409.17,17.81,1
8200,DECODE,969,0,969,410.17,17.91,1
8201,DECODE,969,0,969,411.17,17.89,1
8202,DECODE,969,0,969,412.17,17.78,1
8203,DECODE,969,0,969,413.17,17.85,1
8204,DECODE,969,0,969,414.17,17.95,1
8205,DECODE,969,0,969,415.17,18.54,1
8206,DECODE,969,0,969,416.17,18.28,1
8207,DECODE,969,0,969,417.17,17.77,1
8208,DECODE,969,0,969,418.17,17.70,1
8209,DECODE,969,0,969,419.17,17.73,1
8210,DECODE,969,0,969,420.17,17.83,1
8211,DECODE,969,0,969,421.17,17.83,1
8212,DECODE,969,0,969,422.17,17.80,1
8213,DECODE,969,0,969,423.17,17.97,1
8214,DECODE,969,0,969,424.17,17.75,1
8215,DECODE,969,0,969,425.17,17.76,1
8216,DECODE,969,0,969,426.17,17.86,1
8217,DECODE,969,0,969,427.17,17.85,1
8218,DECODE,969,0,969,428.17,17.90,1
8219,DECODE,969,0,969,429.17,17.96,1
8220,DECODE,969,0,969,430.17,18.04,1
8221,DECODE,969,0,969,431.17,18.00,1
8222,DECODE,969,0,969,432.17,17.97,1
8223,DECODE,969,0,969,433.17,17.92,1
8224,DECODE,969,0,969,434.17,17.97,1
8225,DECODE,969,0,969,435.17,17.90,1
8226,DECODE,969,0,969,436.17,18.13,1
8227,DECODE,969,0,969,437.17,18.02,1
8228,DECODE,969,0,969,438.17,18.03,1
8229,DECODE,969,0,969,439.17,17.92,1
8230,DECODE,969,0,969,440.17,17.93,1
8231,DECODE,969,0,969,441.17,18.26,1
8232,DECODE,968,0,968,441.06,18.01,1
8233,EXTEND,32,2342,0,81.38,22.91,1
8234,DECODE,1000,0,1000,430.55,18.54,1
8235,DECODE,1000,0,1000,431.55,18.11,1
8236,DECODE,1000,0,1000,432.55,18.18,1
8237,DECODE,1000,0,1000,433.55,17.99,1
8238,DECODE,1000,0,1000,434.55,18.07,1
8239,DECODE,1000,0,1000,435.55,18.03,1
8240,DECODE,1000,0,1000,436.55,17.97,1
8241,DECODE,1000,0,1000,437.55,18.21,1
8242,DECODE,1000,0,1000,438.55,18.41,1
8243,DECODE,1000,0,1000,439.55,18.34,1
8244,DECODE,1000,0,1000,440.55,18.25,1
8245,DECODE,1000,0,1000,441.55,18.17,1
8246,DECODE,1000,0,1000,442.55,18.27,1
8247,DECODE,1000,0,1000,443.55,18.31,1
8248,DECODE,1000,0,1000,444.55,18.40,1
8249,DECODE,1000,0,1000,445.55,18.19,1
8250,DECODE,1000,0,1000,446.55,18.68,1
8251,DECODE,1000,0,1000,447.55,18.80,1
8252,DECODE,1000,0,1000,448.55,18.70,1
8253,DECODE,1000,0,1000,449.55,20.50,1
8254,DECODE,1000,0,1000,450.55,18.74,1
8255,DECODE,1000,0,1000,451.55,18.61,1
8256,DECODE,1000,0,1000,452.55,18.15,1
8257,DECODE,1000,0,1000,453.55,18.37,1
8258,DECODE,1000,0,1000,454.55,18.40,1
8259,DECODE,1000,0,1000,455.55,18.29,1
8260,DECODE,1000,0,1000,456.55,18.38,1
8261,DECODE,1000,0,1000,457.55,18.20,1
8262,DECODE,1000,0,1000,458.55,18.51,1
8263,DECODE,1000,0,1000,459.55,18.16,1
8264,DECODE,1000,0,1000,460.55,18.37,1
8265,DECODE,1000,0,1000,461.55,18.40,1
8266,DECODE,1000,0,1000,462.55,18.37,1
8267,DECODE,1000,0,1000,463.55,18.34,1
8268,DECODE,1000,0,1000,464.55,18.33,1
8269,DECODE,1000,0,1000,465.55,18.36,1
8270,DECODE,1000,0,1000,466.55,18.53,1
8271,DECODE,1000,0,1000,467.55,19.69,1
8272,DECODE,1000,0,1000,468.55,18.80,1
8273,DECODE,1000,0,1000,469.55,19.13,1
8274,DECODE,1000,0,1000,470.55,28.32,1
8275,DECODE,999,0,999,470.46,25.07,1
8276,EXTEND,1,121,0,128.00,17.91,1
8277,DECODE,1000,0,1000,471.12,28.37,1
8278,DECODE,1000,0,1000,472.12,24.40,1
8279,DECODE,1000,0,1000,473.12,18.53,1
8280,DECODE,1000,0,1000,474.12,18.37,1
8281,DECODE,1000,0,1000,475.12,18.37,1
8282,DECODE,1000,0,1000,476.12,18.77,1
8283,DECODE,1000,0,1000,477.12,18.33,1
8284,DECODE,1000,0,1000,478.12,18.28,1
8285,DECODE,999,0,999,478.46,18.56,1
8286,EXTEND,1,212,0,219.00,22.72,1
8287,DECODE,1000,0,1000,479.20,18.40,1
8288,DECODE,1000,0,1000,480.20,28.41,1
8289,DECODE,1000,0,1000,481.20,24.41,1
8290,DECODE,1000,0,1000,482.20,18.55,1
8291,DECODE,1000,0,1000,483.20,18.50,1
8292,DECODE,1000,0,1000,484.20,18.41,1
8293,DECODE,1000,0,1000,485.20,18.53,1
8294,DECODE,999,0,999,485.64,18.63,1
8295,EXTEND,1,81,0,88.00,16.02,1
8296,DECODE,1000,0,1000,486.24,18.75,1
8297,DECODE,1000,0,1000,487.24,18.74,1
8298,DECODE,1000,0,1000,488.24,18.50,1
8299,DECODE,1000,0,1000,489.24,18.47,1
8300,DECODE,1000,0,1000,490.24,18.44,1
8301,DECODE,1000,0,1000,491.24,18.57,1
8302,DECODE,1000,0,1000,492.24,18.93,1
8303,DECODE,1000,0,1000,493.24,18.59,1
8304,DECODE,1000,0,1000,494.24,18.68,1
8305,DECODE,1000,0,1000,495.24,18.91,1
8306,DECODE,1000,0,1000,496.24,18.78,1
8307,DECODE,1000,0,1000,497.24,18.84,1
8308,DECODE,1000,0,1000,498.24,18.79,1
8309,DECODE,1000,0,1000,499.24,18.81,1
8310,DECODE,1000,0,1000,500.24,18.82,1
8311,DECODE,1000,0,1000,501.24,18.86,1
8312,DECODE,1000,0,1000,502.24,18.84,1
8313,DECODE,1000,0,1000,503.24,18.84,1
8314,DECODE,1000,0,1000,504.24,18.80,1
8315,DECODE,1000,0,1000,505.24,18.94,1
8316,DECODE,1000,0,1000,506.24,18.84,1
8317,DECODE,1000,0,1000,507.24,18.87,1
8318,DECODE,1000,0,1000,508.24,18.80,1
8319,DECODE,1000,0,1000,509.24,18.92,1
8320,DECODE,1000,0,1000,510.24,18.87,1
8321,DECODE,1000,0,1000,511.24,18.89,1
8322,DECODE,1000,0,1000,512.24,18.83,1
8323,DECODE,1000,0,1000,513.24,18.82,1
8324,DECODE,1000,0,1000,514.24,18.83,1
8325,DECODE,1000,0,1000,515.24,18.91,1
8326,DECODE,999,0,999,515.15,19.07,1
8327,EXTEND,1,192,0,198.00,15.94,1
8328,DECODE,1000,0,1000,515.83,18.86,1
8329,DECODE,1000,0,1000,516.83,19.06,1
8330,DECODE,1000,0,1000,517.83,18.98,1
8331,DECODE,1000,0,1000,518.83,20.70,1
8332,DECODE,1000,0,1000,519.83,19.12,1
8333,DECODE,1000,0,1000,520.83,19.00,1
8334,DECODE,1000,0,1000,521.83,18.99,1
8335,DECODE,1000,0,1000,522.83,19.61,1
8336,DECODE,1000,0,1000,523.83,18.99,1
8337,DECODE,1000,0,1000,524.83,19.07,1
8338,DECODE,1000,0,1000,525.83,19.08,1
8339,DECODE,1000,0,1000,526.83,19.06,1
8340,DECODE,1000,0,1000,527.83,19.06,1
8341,DECODE,1000,0,1000,528.83,19.17,1
8342,DECODE,1000,0,1000,529.83,19.04,1
8343,DECODE,1000,0,1000,530.83,19.19,1
8344,DECODE,1000,0,1000,531.83,19.11,1
8345,DECODE,999,0,999,531.80,19.60,1
8346,EXTEND,1,35,0,45.00,20.17,1
8347,DECODE,1000,0,1000,532.31,18.87,1
8348,DECODE,1000,0,1000,533.31,19.04,1
8349,DECODE,1000,0,1000,534.31,19.12,1
8350,DECODE,1000,0,1000,535.31,19.00,1
8351,DECODE,999,0,999,535.20,19.27,1
8352,EXTEND,1,48,0,57.00,15.91,1
8353,DECODE,1000,0,1000,535.73,19.02,1
8354,DECODE,1000,0,1000,536.73,19.18,1
8355,DECODE,1000,0,1000,537.73,21.14,1
8356,DECODE,1000,0,1000,538.73,19.38,1
8357,DECODE,999,0,999,539.16,19.57,1
8358,EXTEND,1,89,0,98.00,26.21,1
8359,DECODE,1000,0,1000,539.71,20.10,1
8360,DECODE,1000,0,1000,540.71,19.44,1
8361,DECODE,1000,0,1000,541.71,29.77,1
8362,DECODE,1000,0,1000,542.71,19.38,1
8363,DECODE,1000,0,1000,543.71,19.23,1
8364,DECODE,1000,0,1000,544.71,19.48,1
8365,DECODE,1000,0,1000,545.71,19.47,1
8366,DECODE,1000,0,1000,546.71,19.52,1
8367,DECODE,1000,0,1000,547.71,19.79,1
8368,DECODE,1000,0,1000,548.71,19.68,1
8369,DECODE,1000,0,1000,549.71,19.66,1
8370,DECODE,1000,0,1000,550.71,19.42,1
8371,DECODE,1000,0,1000,551.71,19.24,1
8372,DECODE,1000,0,1000,552.71,19.19,1
8373,DECODE,1000,0,1000,553.71,19.19,1
8374,DECODE,1000,0,1000,554.71,19.17,1
8375,DECODE,1000,0,1000,555.71,19.24,1
8376,DECODE,1000,0,1000,556.71,19.20,1
8377,DECODE,1000,0,1000,557.71,20.04,1
8378,DECODE,1000,0,1000,558.71,19.73,1
8379,DECODE,1000,0,1000,559.71,19.44,1
8380,DECODE,1000,0,1000,560.71,19.35,1
8381,DECODE,1000,0,1000,561.71,19.41,1
8382,DECODE,1000,0,1000,562.71,19.48,1
8383,DECODE,1000,0,1000,563.71,19.54,1
8384,DECODE,1000,0,1000,564.71,19.47,1
8385,DECODE,1000,0,1000,565.71,19.46,1
8386,DECODE,1000,0,1000,566.71,19.49,1
8387,DECODE,1000,0,1000,567.71,19.43,1
8388,DECODE,1000,0,1000,568.71,19.44,1
8389,DECODE,1000,0,1000,569.71,19.48,1
8390,DECODE,1000,0,1000,570.71,19.53,1
8391,DECODE,1000,0,1000,571.71,19.75,1
8392,DECODE,1000,0,1000,572.71,19.58,1
8393,DECODE,1000,0,1000,573.71,19.61,1
8394,DECODE,1000,0,1000,574.71,19.55,1
8395,DECODE,1000,0,1000,575.71,19.67,1
8396,DECODE,1000,0,1000,576.71,19.53,1
8397,DECODE,1000,0,1000,577.71,19.57,1
8398,DECODE,1000,0,1000,578.71,19.59,1
8399,DECODE,1000,0,1000,579.71,19.74,1
8400,DECODE,1000,0,1000,580.71,19.91,1
8401,DECODE,1000,0,1000,581.71,19.53,1
8402,DECODE,1000,0,1000,582.71,19.64,1
8403,DECODE,1000,0,1000,583.71,19.67,1
8404,DECODE,1000,0,1000,584.71,19.69,1
8405,DECODE,1000,0,1000,585.71,19.73,1
8406,DECODE,1000,0,1000,586.71,19.73,1
8407,DECODE,1000,0,1000,587.71,19.74,1
8408,DECODE,1000,0,1000,588.71,19.83,1
8409,DECODE,1000,0,1000,589.71,19.77,1
8410,DECODE,1000,0,1000,590.71,19.71,1
8411,DECODE,1000,0,1000,591.71,19.78,1
8412,DECODE,1000,0,1000,592.71,19.88,1
8413,DECODE,1000,0,1000,593.71,20.15,1
8414,DECODE,1000,0,1000,594.71,20.36,1
8415,DECODE,1000,0,1000,595.71,19.98,1
8416,DECODE,1000,0,1000,596.71,19.87,1
8417,DECODE,1000,0,1000,597.71,19.84,1
8418,DECODE,1000,0,1000,598.71,19.84,1
8419,DECODE,999,0,999,598.67,20.33,1
8420,EXTEND,1,83,0,86.00,25.83,1
8421,DECODE,1000,0,1000,599.15,19.82,1
8422,DECODE,1000,0,1000,600.15,19.71,1
8423,DECODE,1000,0,1000,601.15,19.82,1
8424,DECODE,1000,0,1000,602.15,19.82,1
8425,DECODE,1000,0,1000,603.15,19.81,1
8426,DECODE,1000,0,1000,604.15,19.92,1
8427,DECODE,1000,0,1000,605.15,20.03,1
8428,DECODE,1000,0,1000,606.15,20.02,1
8429,DECODE,1000,0,1000,607.15,20.03,1
8430,DECODE,1000,0,1000,608.15,19.76,1
8431,DECODE,1000,0,1000,609.15,19.84,1
8432,DECODE,1000,0,1000,610.15,19.74,1
8433,DECODE,1000,0,1000,611.15,19.82,1
8434,DECODE,1000,0,1000,612.15,19.80,1
8435,DECODE,1000,0,1000,613.15,19.91,1
8436,DECODE,1000,0,1000,614.15,19.88,1
8437,DECODE,1000,0,1000,615.15,19.96,1
8438,DECODE,1000,0,1000,616.15,19.97,1
8439,DECODE,1000,0,1000,617.15,19.99,1
8440,DECODE,1000,0,1000,618.15,20.12,1
8441,DECODE,1000,0,1000,619.15,20.38,1
8442,DECODE,1000,0,1000,620.15,20.10,1
8443,DECODE,1000,0,1000,621.15,20.02,1
8444,DECODE,1000,0,1000,622.15,20.06,1
8445,DECODE,1000,0,1000,623.15,20.14,1
8446,DECODE,1000,0,1000,624.15,20.03,1
8447,DECODE,1000,0,1000,625.15,20.17,1
8448,DECODE,1000,0,1000,626.15,22.72,1
8449,DECODE,1000,0,1000,627.15,20.59,1
8450,DECODE,1000,0,1000,628.15,20.95,1
8451,DECODE,1000,0,1000,629.15,21.40,1
8452,DECODE,1000,0,1000,630.15,21.08,1
8453,DECODE,1000,0,1000,631.15,20.30,1
8454,DECODE,1000,0,1000,632.15,20.33,1
8455,DECODE,1000,0,1000,633.15,20.23,1
8456,DECODE,1000,0,1000,634.15,20.26,1
8457,DECODE,1000,0,1000,635.15,20.28,1
8458,DECODE,1000,0,1000,636.15,20.23,1
8459,DECODE,1000,0,1000,637.15,20.15,1
8460,DECODE,1000,0,1000,638.15,20.21,1
8461,DECODE,1000,0,1000,639.15,20.34,1
8462,DECODE,1000,0,1000,640.15,20.17,1
8463,DECODE,1000,0,1000,641.15,20.37,1
8464,DECODE,1000,0,1000,642.15,20.39,1
8465,DECODE,1000,0,1000,643.15,20.92,1
8466,DECODE,1000,0,1000,644.15,20.74,1
8467,DECODE,1000,0,1000,645.15,20.85,1
8468,DECODE,1000,0,1000,646.15,20.67,1
8469,DECODE,1000,0,1000,647.15,20.47,1
8470,DECODE,999,0,999,647.00,20.57,1
8471,EXTEND,1,33,0,41.00,15.90,1
8472,DECODE,1000,0,1000,647.39,20.41,1
8473,DECODE,1000,0,1000,648.39,20.44,1
8474,DECODE,1000,0,1000,649.39,20.48,1
8475,DECODE,1000,0,1000,650.39,20.41,1
8476,DECODE,1000,0,1000,651.39,20.49,1
8477,DECODE,1000,0,1000,652.39,20.41,1
8478,DECODE,1000,0,1000,653.39,20.46,1
8479,DECODE,1000,0,1000,654.39,20.66,1
8480,DECODE,1000,0,1000,655.39,20.89,1
8481,DECODE,1000,0,1000,656.39,20.64,1
8482,DECODE,1000,0,1000,657.39,20.59,1
8483,DECODE,1000,0,1000,658.39,20.44,1
8484,DECODE,1000,0,1000,659.39,20.42,1
8485,DECODE,1000,0,1000,660.39,20.59,1
8486,DECODE,1000,0,1000,661.39,20.50,1
8487,DECODE,1000,0,1000,662.39,20.55,1
8488,DECODE,1000,0,1000,663.39,20.48,1
8489,DECODE,1000,0,1000,664.39,20.69,1
8490,DECODE,1000,0,1000,665.39,20.58,1
8491,DECODE,1000,0,1000,666.39,20.51,1
8492,DECODE,1000,0,1000,667.39,20.47,1
8493,DECODE,1000,0,1000,668.39,20.56,1
8494,DECODE,1000,0,1000,669.39,20.69,1
8495,DECODE,1000,0,1000,670.39,20.51,1
8496,DECODE,1000,0,1000,671.39,20.65,1
8497,DECODE,1000,0,1000,672.39,20.81,1
8498,DECODE,1000,0,1000,673.39,20.76,1
8499,DECODE,1000,0,1000,674.39,20.85,1
8500,DECODE,1000,0,1000,675.39,20.78,1
8501,DECODE,1000,0,1000,676.39,21.94,1
8502,DECODE,1000,0,1000,677.39,20.67,1
8503,DECODE,1000,0,1000,678.39,20.64,1
8504,DECODE,999,0,999,679.04,20.84,1
8505,EXTEND,1,52,0,58.00,20.02,1
8506,DECODE,1000,0,1000,679.42,20.43,1
8507,DECODE,1000,0,1000,680.42,20.56,1
8508,DECODE,1000,0,1000,681.42,20.54,1
8509,DECODE,1000,0,1000,682.42,20.61,1
8510,DECODE,1000,0,1000,683.42,20.60,1
8511,DECODE,1000,0,1000,684.42,20.64,1
8512,DECODE,1000,0,1000,685.42,20.62,1
8513,DECODE,1000,0,1000,686.42,20.71,1
8514,DECODE,1000,0,1000,687.42,20.67,1
8515,DECODE,1000,0,1000,688.42,20.76,1
8516,DECODE,1000,0,1000,689.42,20.71,1
8517,DECODE,1000,0,1000,690.42,20.70,1
8518,DECODE,1000,0,1000,691.42,20.75,1
8519,DECODE,1000,0,1000,692.42,20.86,1
8520,DECODE,1000,0,1000,693.42,20.83,1
8521,DECODE,1000,0,1000,694.42,20.89,1
8522,DECODE,1000,0,1000,695.42,20.91,1
8523,DECODE,1000,0,1000,696.42,20.97,1
8524,DECODE,1000,0,1000,697.42,20.89,1
8525,DECODE,999,0,999,697.38,21.17,1
8526,EXTEND,1,52,0,59.00,16.19,1
8527,DECODE,1000,0,1000,697.75,21.58,1
8528,DECODE,1000,0,1000,698.75,21.57,1
8529,DECODE,1000,0,1000,699.75,21.01,1
8530,DECODE,1000,0,1000,700.75,21.22,1
8531,DECODE,1000,0,1000,701.75,21.13,1
8532,DECODE,1000,0,1000,702.75,21.06,1
8533,DECODE,1000,0,1000,703.75,21.10,1
8534,DECODE,1000,0,1000,704.75,21.07,1
8535,DECODE,1000,0,1000,705.75,21.16,1
8536,DECODE,1000,0,1000,706.75,21.16,1
8537,DECODE,1000,0,1000,707.75,21.09,1
8538,DECODE,1000,0,1000,708.75,21.15,1
8539,DECODE,1000,0,1000,709.75,21.17,1
8540,DECODE,1000,0,1000,710.75,21.14,1
8541,DECODE,1000,0,1000,711.75,21.16,1
8542,DECODE,1000,0,1000,712.75,21.18,1
8543,DECODE,1000,0,1000,713.75,21.23,1
8544,DECODE,1000,0,1000,714.75,21.34,1
8545,DECODE,1000,0,1000,715.75,21.27,1
8546,DECODE,1000,0,1000,716.75,21.26,1
8547,DECODE,1000,0,1000,717.75,21.27,1
8548,DECODE,1000,0,1000,718.75,21.30,1
8549,DECODE,1000,0,1000,719.75,21.62,1
8550,DECODE,1000,0,1000,720.75,21.44,1
8551,DECODE,1000,0,1000,721.75,21.26,1
8552,DECODE,1000,0,1000,722.75,21.26,1
8553,DECODE,1000,0,1000,723.75,21.23,1
8554,DECODE,1000,0,1000,724.75,21.21,1
8555,DECODE,1000,0,1000,725.75,21.17,1
8556,DECODE,1000,0,1000,726.75,21.29,1
8557,DECODE,1000,0,1000,727.75,21.26,1
8558,DECODE,999,0,999,727.67,21.71,1
8559,EXTEND,1,73,0,78.00,17.07,1
8560,DECODE,1000,0,1000,728.02,20.96,1
8561,DECODE,1000,0,1000,729.02,21.14,1
8562,DECODE,1000,0,1000,730.02,21.42,1
8563,DECODE,1000,0,1000,731.02,21.33,1
8564,DECODE,999,0,999,730.90,21.46,1
8565,EXTEND,1,64,0,72.00,16.51,1
8566,DECODE,1000,0,1000,731.24,21.23,1
8567,DECODE,1000,0,1000,732.24,21.22,1
8568,DECODE,1000,0,1000,733.24,21.19,1
8569,DECODE,1000,0,1000,734.24,25.99,1
8570,DECODE,1000,0,1000,735.24,21.44,1
8571,DECODE,1000,0,1000,736.24,21.20,1
8572,DECODE,1000,0,1000,737.24,21.20,1
8573,DECODE,1000,0,1000,738.24,21.30,1
8574,DECODE,1000,0,1000,739.24,21.42,1
8575,DECODE,1000,0,1000,740.24,21.65,1
8576,DECODE,1000,0,1000,741.24,21.50,1
8577,DECODE,1000,0,1000,742.24,21.32,1
8578,DECODE,1000,0,1000,743.24,21.46,1
8579,DECODE,1000,0,1000,744.24,21.43,1
8580,DECODE,1000,0,1000,745.24,21.46,1
8581,DECODE,1000,0,1000,746.24,28.23,1
8582,DECODE,1000,0,1000,747.24,24.00,1
8583,DECODE,1000,0,1000,748.24,21.36,1
8584,DECODE,1000,0,1000,749.24,21.52,1
8585,DECODE,1000,0,1000,750.24,28.54,1
8586,DECODE,1000,0,1000,751.24,26.92,1
8587,DECODE,1000,0,1000,752.24,21.46,1
8588,DECODE,1000,0,1000,753.24,21.30,1
8589,DECODE,1000,0,1000,754.24,21.28,1
8590,DECODE,1000,0,1000,755.24,21.27,1
8591,DECODE,1000,0,1000,756.24,21.22,1
8592,DECODE,1000,0,1000,757.24,21.26,1
8593,DECODE,1000,0,1000,758.24,21.18,1
8594,DECODE,999,0,999,758.06,21.42,1
8595,EXTEND,1,68,0,76.00,16.22,1
8596,DECODE,1000,0,1000,758.37,21.26,1
8597,DECODE,1000,0,1000,759.37,21.21,1
8598,DECODE,1000,0,1000,760.37,21.29,1
8599,DECODE,1000,0,1000,761.37,21.32,1
8600,DECODE,1000,0,1000,762.37,21.29,1
8601,DECODE,1000,0,1000,763.37,21.31,1
8602,DECODE,1000,0,1000,764.37,21.68,1
8603,DECODE,1000,0,1000,765.37,21.47,1
8604,DECODE,1000,0,1000,766.37,22.10,1
8605,DECODE,999,0,999,766.35,21.54,1
8606,EXTEND,1,48,0,56.00,16.02,1
8607,DECODE,1000,0,1000,766.64,21.35,1
8608,DECODE,1000,0,1000,767.64,21.34,1
8609,DECODE,1000,0,1000,768.64,22.68,1
8610,DECODE,1000,0,1000,769.64,21.38,1
8611,DECODE,1000,0,1000,770.64,24.11,1
8612,DECODE,1000,0,1000,771.64,21.71,1
8613,DECODE,1000,0,1000,772.64,21.62,1
8614,DECODE,1000,0,1000,773.64,21.70,1
8615,DECODE,1000,0,1000,774.64,21.59,1
8616,DECODE,1000,0,1000,775.64,21.67,1
8617,DECODE,1000,0,1000,776.64,21.57,1
8618,DECODE,1000,0,1000,777.64,21.75,1
8619,DECODE,1000,0,1000,778.64,21.78,1
8620,DECODE,1000,0,1000,779.64,21.43,1
8621,DECODE,1000,0,1000,780.64,21.82,1
8622,DECODE,1000,0,1000,781.64,21.86,1
8623,DECODE,1000,0,1000,782.64,21.82,1
8624,DECODE,1000,0,1000,783.64,21.97,1
8625,DECODE,1000,0,1000,784.64,21.71,1
8626,DECODE,1000,0,1000,785.64,21.75,1
8627,DECODE,1000,0,1000,786.64,21.84,1
8628,DECODE,1000,0,1000,787.64,21.81,1
8629,DECODE,1000,0,1000,788.64,21.87,1
8630,DECODE,1000,0,1000,789.64,21.91,1
8631,DECODE,1000,0,1000,790.64,22.09,1
8632,DECODE,1000,0,1000,791.64,23.01,1
8633,DECODE,1000,0,1000,792.64,21.97,1
8634,DECODE,1000,0,1000,793.64,21.97,1
8635,DECODE,1000,0,1000,794.64,21.91,1
8636,DECODE,1000,0,1000,795.64,21.88,1
8637,DECODE,1000,0,1000,796.64,21.84,1
8638,DECODE,1000,0,1000,797.64,21.88,1
8639,DECODE,1000,0,1000,798.64,21.94,1
8640,DECODE,1000,0,1000,799.64,22.21,1
8641,DECODE,1000,0,1000,800.64,21.96,1
8642,DECODE,1000,0,1000,801.64,22.15,1
8643,DECODE,1000,0,1000,802.64,22.28,1
8644,DECODE,1000,0,1000,803.64,22.21,1
8645,DECODE,1000,0,1000,804.64,22.51,1
8646,DECODE,1000,0,1000,805.64,22.38,1
8647,DECODE,1000,0,1000,806.64,27.78,1
8648,DECODE,1000,0,1000,807.64,27.99,1
8649,DECODE,1000,0,1000,808.64,22.33,1
8650,DECODE,1000,0,1000,809.64,21.65,1
8651,DECODE,1000,0,1000,810.64,21.82,1
8652,DECODE,1000,0,1000,811.64,21.84,1
8653,DECODE,1000,0,1000,812.64,21.73,1
8654,DECODE,1000,0,1000,813.64,21.82,1
8655,DECODE,1000,0,1000,814.64,21.84,1
8656,DECODE,1000,0,1000,815.64,21.93,1
8657,DECODE,1000,0,1000,816.64,21.96,1
8658,DECODE,1000,0,1000,817.64,21.89,1
8659,DECODE,1000,0,1000,818.64,22.00,1
8660,DECODE,1000,0,1000,819.64,21.95,1
8661,DECODE,1000,0,1000,820.64,22.14,1
8662,DECODE,1000,0,1000,821.64,22.11,1
8663,DECODE,1000,0,1000,822.64,22.12,1
8664,DECODE,1000,0,1000,823.64,22.25,1
8665,DECODE,1000,0,1000,824.64,22.17,1
8666,DECODE,1000,0,1000,825.64,22.34,1
8667,DECODE,1000,0,1000,826.64,22.21,1
8668,DECODE,1000,0,1000,827.64,22.22,1
8669,DECODE,1000,0,1000,828.64,22.24,1
8670,DECODE,1000,0,1000,829.64,22.28,1
8671,DECODE,1000,0,1000,830.64,22.25,1
8672,DECODE,1000,0,1000,831.64,22.24,1
8673,DECODE,1000,0,1000,832.64,22.18,1
8674,DECODE,1000,0,1000,833.64,22.48,1
8675,DECODE,1000,0,1000,834.64,22.29,1
8676,DECODE,1000,0,1000,835.64,22.22,1
8677,DECODE,1000,0,1000,836.64,22.27,1
8678,DECODE,1000,0,1000,837.64,22.29,1
8679,DECODE,1000,0,1000,838.64,22.42,1
8680,DECODE,1000,0,1000,839.64,22.42,1
8681,DECODE,1000,0,1000,840.64,22.32,1
8682,DECODE,1000,0,1000,841.64,22.32,1
8683,DECODE,1000,0,1000,842.64,22.43,1
8684,DECODE,1000,0,1000,843.64,22.38,1
8685,DECODE,1000,0,1000,844.64,22.39,1
8686,DECODE,1000,0,1000,845.64,22.25,1
8687,DECODE,1000,0,1000,846.64,22.26,1
8688,DECODE,1000,0,1000,847.64,22.30,1
8689,DECODE,1000,0,1000,848.64,22.45,1
8690,DECODE,1000,0,1000,849.64,22.44,1
8691,DECODE,1000,0,1000,850.64,22.39,1
8692,DECODE,1000,0,1000,851.64,22.34,1
8693,DECODE,1000,0,1000,852.64,22.39,1
8694,DECODE,1000,0,1000,853.64,22.40,1
8695,DECODE,1000,0,1000,854.64,22.42,1
8696,DECODE,1000,0,1000,855.64,22.39,1
8697,DECODE,1000,0,1000,856.64,22.43,1
8698,DECODE,1000,0,1000,857.64,22.25,1
8699,DECODE,1000,0,1000,858.64,22.39,1
8700,DECODE,1000,0,1000,859.64,22.36,1
8701,DECODE,999,0,999,859.49,22.74,1
8702,EXTEND,1,38,0,44.00,16.00,1
8703,DECODE,1000,0,1000,859.67,22.27,1
8704,DECODE,1000,0,1000,860.67,22.45,1
8705,DECODE,1000,0,1000,861.67,22.42,1
8706,DECODE,1000,0,1000,862.67,22.54,1
8707,DECODE,1000,0,1000,863.67,22.55,1
8708,DECODE,1000,0,1000,864.67,22.67,1
8709,DECODE,1000,0,1000,865.67,22.58,1
8710,DECODE,1000,0,1000,866.67,22.71,1
8711,DECODE,1000,0,1000,867.67,22.58,1
8712,DECODE,1000,0,1000,868.67,22.59,1
8713,DECODE,1000,0,1000,869.67,22.68,1
8714,DECODE,1000,0,1000,870.67,22.64,1
8715,DECODE,1000,0,1000,871.67,22.67,1
8716,DECODE,1000,0,1000,872.67,22.75,1
8717,DECODE,1000,0,1000,873.67,22.66,1
8718,DECODE,1000,0,1000,874.67,22.78,1
8719,DECODE,1000,0,1000,875.67,22.73,1
8720,DECODE,1000,0,1000,876.67,24.59,1
8721,DECODE,1000,0,1000,877.67,22.71,1
8722,DECODE,1000,0,1000,878.67,22.55,1
8723,DECODE,1000,0,1000,879.67,22.59,1
8724,DECODE,1000,0,1000,880.67,22.68,1
8725,DECODE,1000,0,1000,881.67,22.53,1
8726,DECODE,1000,0,1000,882.67,22.58,1
8727,DECODE,1000,0,1000,883.67,22.63,1
8728,DECODE,1000,0,1000,884.67,22.68,1
8729,DECODE,999,0,999,885.09,22.78,1
8730,EXTEND,1,84,0,87.00,16.12,1
8731,DECODE,1000,0,1000,885.29,22.58,1
8732,DECODE,1000,0,1000,886.29,22.85,1
8733,DECODE,999,0,999,886.58,23.10,1
8734,EXTEND,1,31,0,39.00,16.02,1
8735,DECODE,1000,0,1000,886.73,22.68,1
8736,DECODE,1000,0,1000,887.73,22.95,1
8737,DECODE,1000,0,1000,888.73,22.77,1
8738,DECODE,1000,0,1000,889.73,23.03,1
8739,DECODE,1000,0,1000,890.73,23.03,1
8740,DECODE,1000,0,1000,891.73,23.00,1
8741,DECODE,1000,0,1000,892.73,22.75,1
8742,DECODE,1000,0,1000,893.73,23.04,1
8743,DECODE,1000,0,1000,894.73,22.89,1
8744,DECODE,1000,0,1000,895.73,23.03,1
8745,DECODE,1000,0,1000,896.73,22.89,1
8746,DECODE,1000,0,1000,897.73,22.77,1
8747,DECODE,1000,0,1000,898.73,22.89,1
8748,DECODE,1000,0,1000,899.73,22.83,1
8749,DECODE,1000,0,1000,900.73,22.98,1
8750,DECODE,1000,0,1000,901.73,23.11,1
8751,DECODE,1000,0,1000,902.73,23.09,1
8752,DECODE,1000,0,1000,903.73,24.12,1
8753,DECODE,1000,0,1000,904.73,23.12,1
8754,DECODE,1000,0,1000,905.73,23.17,1
8755,DECODE,1000,0,1000,906.73,23.32,1
8756,DECODE,999,0,999,906.68,23.29,1
8757,EXTEND,1,68,0,72.00,16.01,1
8758,DECODE,1000,0,1000,906.84,22.97,1
8759,DECODE,1000,0,1000,907.84,23.05,1
8760,DECODE,1000,0,1000,908.84,23.11,1
8761,DECODE,1000,0,1000,909.84,23.15,1
8762,DECODE,1000,0,1000,910.84,23.46,1
8763,DECODE,1000,0,1000,911.84,23.18,1
8764,DECODE,1000,0,1000,912.84,23.19,1
8765,DECODE,1000,0,1000,913.84,23.17,1
8766,DECODE,1000,0,1000,914.84,23.23,1
8767,DECODE,1000,0,1000,915.84,23.23,1
8768,DECODE,1000,0,1000,916.84,23.23,1
8769,DECODE,1000,0,1000,917.84,23.24,1
8770,DECODE,1000,0,1000,918.84,23.26,1
8771,DECODE,1000,0,1000,919.84,23.37,1
8772,DECODE,1000,0,1000,920.84,23.53,1
8773,DECODE,1000,0,1000,921.84,23.27,1
8774,DECODE,1000,0,1000,922.84,23.30,1
8775,DECODE,1000,0,1000,923.84,23.21,1
8776,DECODE,1000,0,1000,924.84,23.20,1
8777,DECODE,1000,0,1000,925.84,23.26,1
8778,DECODE,1000,0,1000,926.84,23.42,1
8779,DECODE,1000,0,1000,927.84,23.39,1
8780,DECODE,1000,0,1000,928.84,23.28,1
8781,DECODE,1000,0,1000,929.84,23.09,1
8782,DECODE,1000,0,1000,930.84,23.22,1
8783,DECODE,1000,0,1000,931.84,23.10,1
8784,DECODE,1000,0,1000,932.84,23.10,1
8785,DECODE,1000,0,1000,933.84,23.16,1
8786,DECODE,1000,0,1000,934.84,23.19,1
8787,DECODE,1000,0,1000,935.84,23.37,1
8788,DECODE,1000,0,1000,936.84,23.20,1
8789,DECODE,1000,0,1000,937.84,23.31,1
8790,DECODE,1000,0,1000,938.84,23.43,1
8791,DECODE,1000,0,1000,939.84,23.44,1
8792,DECODE,1000,0,1000,940.84,23.54,1
8793,DECODE,1000,0,1000,941.84,23.79,1
8794,DECODE,1000,0,1000,942.84,23.73,1
8795,DECODE,1000,0,1000,943.84,23.53,1
8796,DECODE,1000,0,1000,944.84,23.46,1
8797,DECODE,1000,0,1000,945.84,23.66,1
8798,DECODE,1000,0,1000,946.84,23.74,1
8799,DECODE,1000,0,1000,947.84,23.68,1
8800,DECODE,1000,0,1000,948.84,23.69,1
8801,DECODE,1000,0,1000,949.84,23.81,1
8802,DECODE,1000,0,1000,950.84,23.79,1
8803,DECODE,1000,0,1000,951.84,23.77,1
8804,DECODE,1000,0,1000,952.84,23.55,1
8805,DECODE,1000,0,1000,953.84,23.69,1
8806,DECODE,999,0,999,953.65,24.40,1
8807,EXTEND,1,55,0,73.00,16.26,1
8808,DECODE,1000,0,1000,953.77,23.69,1
8809,DECODE,1000,0,1000,954.77,23.67,1
8810,DECODE,1000,0,1000,955.77,24.18,1
8811,DECODE,1000,0,1000,956.77,23.85,1
8812,DECODE,1000,0,1000,957.77,24.06,1
8813,DECODE,1000,0,1000,958.77,23.84,1
8814,DECODE,1000,0,1000,959.77,23.82,1
8815,DECODE,1000,0,1000,960.77,23.74,1
8816,DECODE,1000,0,1000,961.77,23.65,1
8817,DECODE,1000,0,1000,962.77,23.62,1
8818,DECODE,1000,0,1000,963.77,23.74,1
8819,DECODE,1000,0,1000,964.77,23.97,1
8820,DECODE,1000,0,1000,965.77,23.75,1
8821,DECODE,1000,0,1000,966.77,23.66,1
8822,DECODE,1000,0,1000,967.77,23.96,1
8823,DECODE,1000,0,1000,968.77,23.97,1
8824,DECODE,1000,0,1000,969.77,23.94,1
8825,DECODE,1000,0,1000,970.77,23.92,1
8826,DECODE,1000,0,1000,971.77,23.93,1
8827,DECODE,1000,0,1000,972.77,24.34,1
8828,DECODE,1000,0,1000,973.77,23.97,1
8829,DECODE,1000,0,1000,974.77,24.13,1
8830,DECODE,1000,0,1000,975.77,23.99,1
8831,DECODE,1000,0,1000,976.77,23.96,1
8832,DECODE,1000,0,1000,977.77,23.85,1
8833,DECODE,1000,0,1000,978.77,23.75,1
8834,DECODE,1000,0,1000,979.77,23.90,1
8835,DECODE,1000,0,1000,980.77,23.83,1
8836,DECODE,1000,0,1000,981.77,24.09,1
8837,DECODE,1000,0,1000,982.77,23.74,1
8838,DECODE,1000,0,1000,983.77,23.67,1
8839,DECODE,1000,0,1000,984.77,23.92,1
8840,DECODE,999,0,999,985.88,24.35,1
8841,EXTEND,1,98,0,104.00,27.49,1
8842,DECODE,1000,0,1000,986.00,23.85,1
8843,DECODE,1000,0,1000,987.00,23.78,1
8844,DECODE,1000,0,1000,988.00,23.88,1
8845,DECODE,1000,0,1000,989.00,24.03,1
8846,DECODE,1000,0,1000,990.00,24.02,1
8847,DECODE,1000,0,1000,991.00,24.00,1
8848,DECODE,1000,0,1000,992.00,24.18,1
8849,DECODE,1000,0,1000,993.00,24.12,1
8850,DECODE,1000,0,1000,994.00,24.17,1
8851,DECODE,1000,0,1000,995.00,24.00,1
8852,DECODE,1000,0,1000,996.00,24.11,1
8853,DECODE,1000,0,1000,997.00,24.18,1
8854,DECODE,999,0,999,996.81,24.50,1
8855,EXTEND,1,50,0,54.00,36.01,1
8856,DECODE,1000,0,1000,996.87,30.73,1
8857,DECODE,1000,0,1000,997.87,27.37,1
8858,DECODE,1000,0,1000,998.87,24.67,1
8859,DECODE,1000,0,1000,999.87,24.40,1
8860,DECODE,1000,0,1000,1000.87,24.35,1
8861,DECODE,1000,0,1000,1001.87,24.14,1
8862,DECODE,1000,0,1000,1002.87,24.20,1
8863,DECODE,1000,0,1000,1003.87,24.51,1
8864,DECODE,1000,0,1000,1004.87,24.34,1
8865,DECODE,1000,0,1000,1005.87,24.27,1
8866,DECODE,1000,0,1000,1006.87,24.28,1
8867,DECODE,1000,0,1000,1007.87,24.22,1
8868,DECODE,1000,0,1000,1008.87,24.41,1
8869,DECODE,1000,0,1000,1009.87,24.43,1
8870,DECODE,1000,0,1000,1010.87,24.34,1
8871,DECODE,1000,0,1000,1011.87,24.31,1
8872,DECODE,1000,0,1000,1012.87,24.29,1
8873,DECODE,1000,0,1000,1013.87,24.24,1
8874,DECODE,1000,0,1000,1014.87,24.53,1
8875,DECODE,1000,0,1000,1015.87,24.71,1
8876,DECODE,1000,0,1000,1016.87,24.52,1
8877,DECODE,1000,0,1000,1017.87,24.30,1
8878,DECODE,1000,0,1000,1018.87,24.46,1
8879,DECODE,1000,0,1000,1019.87,24.43,1
8880,DECODE,1000,0,1000,1020.87,24.39,1
8881,DECODE,999,0,999,1020.33,24.59,1
8882,EXTEND,1,105,0,109.00,27.61,1
8883,DECODE,1000,0,1000,1020.42,25.92,1
8884,DECODE,1000,0,1000,1021.42,24.26,1
8885,DECODE,1000,0,1000,1022.42,24.45,1
8886,DECODE,999,0,999,1021.88,24.73,1
8887,EXTEND,1,59,0,64.00,21.37,1
8888,DECODE,1000,0,1000,1021.92,24.46,1
8889,DECODE,1000,0,1000,1022.92,24.45,1
8890,DECODE,1000,0,1000,1023.92,24.60,1
8891,DECODE,1000,0,1000,1024.92,24.51,1
8892,DECODE,1000,0,1000,1025.92,24.86,1
8893,DECODE,1000,0,1000,1026.92,24.75,1
8894,DECODE,1000,0,1000,1027.92,24.77,1
8895,DECODE,1000,0,1000,1028.92,24.56,1
8896,DECODE,1000,0,1000,1029.92,24.77,1
8897,DECODE,1000,0,1000,1030.92,24.67,1
8898,DECODE,1000,0,1000,1031.92,24.68,1
8899,DECODE,1000,0,1000,1032.92,24.74,1
8900,DECODE,1000,0,1000,1033.92,24.72,1
8901,DECODE,1000,0,1000,1034.92,24.58,1
8902,DECODE,1000,0,1000,1035.92,24.68,1
8903,DECODE,1000,0,1000,1036.92,24.74,1
8904,DECODE,1000,0,1000,1037.92,24.78,1
8905,DECODE,1000,0,1000,1038.92,24.87,1
8906,DECODE,999,0,999,1038.74,25.26,1
8907,EXTEND,1,76,0,80.00,26.63,1
8908,DECODE,1000,0,1000,1038.78,24.82,1
8909,DECODE,1000,0,1000,1039.78,24.65,1
8910,DECODE,1000,0,1000,1040.78,24.52,1
8911,DECODE,999,0,999,1040.26,25.08,1
8912,EXTEND,1,174,0,185.00,23.48,1
8913,DECODE,1000,0,1000,1040.41,24.84,1
8914,DECODE,1000,0,1000,1041.41,26.06,1
8915,DECODE,1000,0,1000,1042.41,25.41,1
8916,DECODE,1000,0,1000,1043.41,24.61,1
8917,DECODE,1000,0,1000,1044.41,24.70,1
8918,DECODE,1000,0,1000,1045.41,24.92,1
8919,DECODE,1000,0,1000,1046.41,24.60,1
8920,DECODE,1000,0,1000,1047.41,24.80,1
8921,DECODE,1000,0,1000,1048.41,24.53,1
8922,DECODE,1000,0,1000,1049.41,24.38,1
8923,DECODE,999,0,999,1050.54,25.09,1
8924,EXTEND,1,60,0,64.00,21.25,1
8925,DECODE,1000,0,1000,1050.55,24.87,1
8926,DECODE,1000,0,1000,1051.55,24.80,1
8927,DECODE,1000,0,1000,1052.55,24.68,1
8928,DECODE,1000,0,1000,1053.55,24.77,1
8929,DECODE,1000,0,1000,1054.55,24.79,1
8930,DECODE,1000,0,1000,1055.55,24.86,1
8931,DECODE,1000,0,1000,1056.55,24.93,1
8932,DECODE,999,0,999,1056.05,25.00,1
8933,EXTEND,1,50,0,54.00,18.66,1
8934,DECODE,1000,0,1000,1056.04,25.05,1
8935,DECODE,1000,0,1000,1057.04,25.07,1
8936,DECODE,1000,0,1000,1058.04,24.89,1
8937,DECODE,1000,0,1000,1059.04,25.05,1
8938,DECODE,1000,0,1000,1060.04,25.03,1
8939,DECODE,1000,0,1000,1061.04,25.47,1
8940,DECODE,1000,0,1000,1062.04,25.03,1
8941,DECODE,1000,0,1000,1063.04,24.97,1
8942,DECODE,1000,0,1000,1064.04,25.05,1
8943,DECODE,1000,0,1000,1065.04,24.94,1
8944,DECODE,1000,0,1000,1066.04,26.86,1
8945,DECODE,1000,0,1000,1067.04,25.08,1
8946,DECODE,1000,0,1000,1068.04,24.97,1
8947,DECODE,1000,0,1000,1069.04,25.02,1
8948,DECODE,1000,0,1000,1070.04,25.06,1
8949,DECODE,1000,0,1000,1071.04,24.91,1
8950,DECODE,1000,0,1000,1072.04,24.90,1
8951,DECODE,1000,0,1000,1073.04,24.96,1
8952,DECODE,1000,0,1000,1074.04,24.97,1
8953,DECODE,1000,0,1000,1075.04,24.83,1
8954,DECODE,1000,0,1000,1076.04,24.80,1
8955,DECODE,1000,0,1000,1077.04,25.17,1
8956,DECODE,1000,0,1000,1078.04,25.13,1
8957,DECODE,1000,0,1000,1079.04,25.03,1
8958,DECODE,999,0,999,1079.50,25.39,1
8959,EXTEND,1,47,0,83.00,22.55,1
8960,DECODE,1000,0,1000,1079.50,24.75,1
8961,DECODE,1000,0,1000,1080.50,24.87,1
8962,DECODE,1000,0,1000,1081.50,24.94,1
8963,DECODE,1000,0,1000,1082.50,24.83,1
8964,DECODE,1000,0,1000,1083.50,24.89,1
8965,DECODE,1000,0,1000,1084.50,24.97,1
8966,DECODE,1000,0,1000,1085.50,24.96,1
8967,DECODE,1000,0,1000,1086.50,25.07,1
8968,DECODE,1000,0,1000,1087.50,24.95,1
8969,DECODE,1000,0,1000,1088.50,25.07,1
8970,DECODE,1000,0,1000,1089.50,24.99,1
8971,DECODE,1000,0,1000,1090.50,25.03,1
8972,DECODE,1000,0,1000,1091.50,24.99,1
8973,DECODE,1000,0,1000,1092.50,25.04,1
8974,DECODE,1000,0,1000,1093.50,25.01,1
8975,DECODE,999,0,999,1093.36,25.23,1
8976,EXTEND,1,280,0,284.00,23.76,1
8977,DECODE,1000,0,1000,1093.56,24.84,1
8978,DECODE,1000,0,1000,1094.56,25.25,1
8979,DECODE,1000,0,1000,1095.56,25.24,1
8980,DECODE,1000,0,1000,1096.56,25.24,1
8981,DECODE,999,0,999,1096.35,25.24,1
8982,EXTEND,1,57,0,65.00,15.95,1
8983,DECODE,1000,0,1000,1096.32,24.88,1
8984,DECODE,1000,0,1000,1097.32,24.90,1
8985,DECODE,1000,0,1000,1098.32,26.45,1
8986,DECODE,1000,0,1000,1099.32,25.22,1
8987,DECODE,1000,0,1000,1100.32,25.16,1
8988,DECODE,1000,0,1000,1101.32,25.23,1
8989,DECODE,1000,0,1000,1102.32,25.22,1
8990,DECODE,1000,0,1000,1103.32,25.31,1
8991,DECODE,1000,0,1000,1104.32,26.88,1
8992,DECODE,1000,0,1000,1105.32,25.56,1
8993,DECODE,1000,0,1000,1106.32,25.30,1
8994,DECODE,1000,0,1000,1107.32,25.40,1
8995,DECODE,1000,0,1000,1108.32,25.30,1
8996,DECODE,1000,0,1000,1109.32,25.34,1
8997,DECODE,1000,0,1000,1110.32,25.28,1
8998,DECODE,1000,0,1000,1111.32,25.22,1
8999,DECODE,1000,0,1000,1112.32,25.28,1
9000,DECODE,1000,0,1000,1113.32,27.31,1
9001,DECODE,1000,0,1000,1114.32,25.38,1
9002,DECODE,1000,0,1000,1115.32,25.28,1
9003,DECODE,1000,0,1000,1116.32,25.39,1
9004,DECODE,1000,0,1000,1117.32,25.24,1
9005,DECODE,1000,0,1000,1118.32,25.33,1
9006,DECODE,1000,0,1000,1119.32,25.48,1
9007,DECODE,1000,0,1000,1120.32,25.38,1
9008,DECODE,1000,0,1000,1121.32,25.34,1
9009,DECODE,1000,0,1000,1122.32,25.97,1
9010,DECODE,1000,0,1000,1123.32,25.58,1
9011,DECODE,1000,0,1000,1124.32,25.56,1
9012,DECODE,1000,0,1000,1125.32,25.60,1
9013,DECODE,1000,0,1000,1126.32,25.57,1
9014,DECODE,1000,0,1000,1127.32,26.19,1
9015,DECODE,1000,0,1000,1128.32,27.39,1
9016,DECODE,1000,0,1000,1129.32,25.34,1
9017,DECODE,999,0,999,1128.88,26.18,1
9018,DECODE,999,0,999,1129.88,25.92,1
9019,DECODE,999,0,999,1130.88,25.72,1
9020,DECODE,999,0,999,1131.88,25.77,1
9021,DECODE,999,0,999,1132.88,25.71,1
9022,DECODE,999,0,999,1133.88,25.74,1
9023,DECODE,999,0,999,1134.88,25.73,1
9024,DECODE,999,0,999,1135.88,25.78,1
9025,DECODE,999,0,999,1136.88,25.86,1
9026,DECODE,998,0,998,1138.04,25.91,1
9027,DECODE,998,0,998,1139.04,25.80,1
9028,DECODE,997,0,997,1138.61,25.91,1
9029,DECODE,997,0,997,1139.61,25.76,1
9030,DECODE,997,0,997,1140.61,25.76,1
9031,DECODE,997,0,997,1141.61,25.74,1
9032,DECODE,997,0,997,1142.61,26.47,1
9033,DECODE,997,0,997,1143.61,26.14,1
9034,DECODE,997,0,997,1144.61,25.87,1
9035,DECODE,997,0,997,1145.61,25.94,1
9036,DECODE,997,0,997,1146.61,28.40,1
9037,DECODE,997,0,997,1147.61,25.84,1
9038,DECODE,997,0,997,1148.61,25.75,1
9039,DECODE,997,0,997,1149.61,25.75,1
9040,DECODE,997,0,997,1150.61,25.73,1
9041,DECODE,997,0,997,1151.61,25.88,1
9042,DECODE,997,0,997,1152.61,25.93,1
9043,DECODE,997,0,997,1153.61,25.99,1
9044,DECODE,997,0,997,1154.61,25.78,1
9045,DECODE,997,0,997,1155.61,26.11,1
9046,DECODE,997,0,997,1156.61,25.92,1
9047,DECODE,997,0,997,1157.61,25.93,1
9048,DECODE,997,0,997,1158.61,25.80,1
9049,DECODE,997,0,997,1159.61,25.95,1
9050,DECODE,997,0,997,1160.61,25.99,1
9051,DECODE,997,0,997,1161.61,25.86,1
9052,DECODE,997,0,997,1162.61,25.90,1
9053,DECODE,997,0,997,1163.61,25.92,1
9054,DECODE,997,0,997,1164.61,25.95,1
9055,DECODE,997,0,997,1165.61,26.06,1
9056,DECODE,997,0,997,1166.61,25.99,1
9057,DECODE,997,0,997,1167.61,26.12,1
9058,DECODE,997,0,997,1168.61,26.10,1
9059,DECODE,997,0,997,1169.61,26.04,1
9060,DECODE,997,0,997,1170.61,26.00,1
9061,DECODE,997,0,997,1171.61,25.97,1
9062,DECODE,997,0,997,1172.61,26.01,1
9063,DECODE,997,0,997,1173.61,26.08,1
9064,DECODE,996,0,996,1174.74,26.40,1
9065,DECODE,996,0,996,1175.74,25.86,1
9066,DECODE,996,0,996,1176.74,26.08,1
9067,DECODE,996,0,996,1177.74,25.87,1
9068,DECODE,996,0,996,1178.74,26.01,1
9069,DECODE,996,0,996,1179.74,26.06,1
9070,DECODE,995,0,995,1179.42,26.15,1
9071,DECODE,995,0,995,1180.42,26.16,1
9072,DECODE,995,0,995,1181.42,26.26,1
9073,DECODE,995,0,995,1182.42,26.31,1
9074,DECODE,995,0,995,1183.42,26.19,1
9075,DECODE,995,0,995,1184.42,26.14,1
9076,DECODE,995,0,995,1185.42,26.17,1
9077,DECODE,995,0,995,1186.42,26.12,1
9078,DECODE,994,0,994,1187.57,26.24,1
9079,DECODE,994,0,994,1188.57,26.47,1
9080,DECODE,994,0,994,1189.57,26.37,1
9081,DECODE,994,0,994,1190.57,26.56,1
9082,DECODE,994,0,994,1191.57,26.31,1
9083,DECODE,994,0,994,1192.57,26.58,1
9084,DECODE,994,0,994,1193.57,26.49,1
9085,DECODE,994,0,994,1194.57,26.50,1
9086,DECODE,994,0,994,1195.57,26.40,1
9087,DECODE,994,0,994,1196.57,26.54,1
9088,DECODE,994,0,994,1197.57,26.53,1
9089,DECODE,993,0,993,1197.20,26.51,1
9090,DECODE,993,0,993,1198.20,26.63,1
9091,DECODE,993,0,993,1199.20,26.54,1
9092,DECODE,993,0,993,1200.20,26.45,1
9093,DECODE,992,0,992,1199.83,26.28,1
9094,DECODE,992,0,992,1200.83,26.44,1
9095,DECODE,992,0,992,1201.83,26.08,1
9096,DECODE,991,0,991,1201.46,26.60,1
9097,DECODE,990,0,990,1201.33,26.36,1
9098,DECODE,990,0,990,1202.33,26.26,1
9099,DECODE,990,0,990,1203.33,26.55,1
9100,DECODE,990,0,990,1204.33,26.98,1
9101,DECODE,990,0,990,1205.33,26.48,1
9102,DECODE,990,0,990,1206.33,26.21,1
9103,DECODE,990,0,990,1207.33,26.22,1
9104,DECODE,990,0,990,1208.33,26.24,1
9105,DECODE,989,0,989,1209.42,26.36,1
9106,DECODE,989,0,989,1210.42,26.47,1
9107,DECODE,989,0,989,1211.42,26.34,1
9108,DECODE,989,0,989,1212.42,26.34,1
9109,DECODE,988,0,988,1212.06,26.16,1
9110,DECODE,988,0,988,1213.06,26.63,1
9111,DECODE,988,0,988,1214.06,26.09,1
9112,DECODE,988,0,988,1215.06,26.17,1
9113,DECODE,988,0,988,1216.06,26.61,1
9114,DECODE,988,0,988,1217.06,26.18,1
9115,DECODE,988,0,988,1218.06,26.19,1
9116,DECODE,988,0,988,1219.06,26.21,1
9117,DECODE,988,0,988,1220.06,26.26,1
9118,DECODE,988,0,988,1221.06,26.30,1
9119,DECODE,988,0,988,1222.06,26.47,1
9120,DECODE,988,0,988,1223.06,26.51,1
9121,DECODE,988,0,988,1224.06,26.48,1
9122,DECODE,988,0,988,1225.06,26.53,1
9123,DECODE,988,0,988,1226.06,26.49,1
9124,DECODE,988,0,988,1227.06,26.46,1
9125,DECODE,988,0,988,1228.06,26.41,1
9126,DECODE,988,0,988,1229.06,26.35,1
9127,DECODE,988,0,988,1230.06,26.34,1
9128,DECODE,988,0,988,1231.06,26.38,1
9129,DECODE,988,0,988,1232.06,26.41,1
9130,DECODE,988,0,988,1233.06,26.57,1
9131,DECODE,988,0,988,1234.06,26.41,1
9132,DECODE,987,0,987,1233.72,26.52,1
9133,DECODE,986,0,986,1233.37,26.81,1
9134,DECODE,986,0,986,1234.37,26.68,1
9135,DECODE,986,0,986,1235.37,26.69,1
9136,DECODE,986,0,986,1236.37,26.82,1
9137,DECODE,986,0,986,1237.37,26.92,1
9138,DECODE,986,0,986,1238.37,26.69,1
9139,DECODE,986,0,986,1239.37,26.67,1
9140,DECODE,986,0,986,1240.37,26.71,1
9141,DECODE,985,0,985,1240.03,26.76,1
9142,DECODE,985,0,985,1241.03,26.63,1
9143,DECODE,984,0,984,1240.69,26.93,1
9144,DECODE,983,0,983,1241.04,27.18,1
9145,DECODE,983,0,983,1242.04,26.75,1
9146,DECODE,981,0,981,1241.86,26.63,1
9147,DECODE,979,0,979,1240.16,27.52,1
9148,DECODE,979,0,979,1241.16,27.33,1
9149,DECODE,978,0,978,1242.36,26.78,1
9150,DECODE,977,0,977,1243.52,27.08,1
9151,DECODE,977,0,977,1244.52,26.91,1
9152,DECODE,977,0,977,1245.52,26.90,1
9153,DECODE,977,0,977,1246.52,27.14,1
9154,DECODE,977,0,977,1247.52,26.71,1
9155,DECODE,977,0,977,1248.52,28.99,1
9156,DECODE,977,0,977,1249.52,27.19,1
9157,DECODE,975,0,975,1250.88,27.27,1
9158,DECODE,975,0,975,1251.88,27.08,1
9159,DECODE,975,0,975,1252.88,26.85,1
9160,DECODE,974,0,974,1252.54,26.90,1
9161,DECODE,974,0,974,1253.54,26.99,1
9162,DECODE,974,0,974,1254.54,26.58,1
9163,DECODE,973,0,973,1255.70,26.88,1
9164,DECODE,973,0,973,1256.70,26.93,1
9165,DECODE,973,0,973,1257.70,27.07,1
9166,DECODE,973,0,973,1258.70,27.25,1
9167,DECODE,973,0,973,1259.70,27.25,1
9168,DECODE,973,0,973,1260.70,27.08,1
9169,DECODE,972,0,972,1261.81,27.09,1
9170,DECODE,971,0,971,1261.48,28.26,1
9171,DECODE,970,0,970,1261.14,28.23,1
9172,DECODE,970,0,970,1262.14,27.41,1
9173,DECODE,970,0,970,1263.14,27.25,1
9174,DECODE,970,0,970,1264.14,27.04,1
9175,DECODE,970,0,970,1265.14,27.73,1
9176,DECODE,967,0,967,1262.22,32.53,1
9177,DECODE,966,0,966,1261.87,28.41,1
9178,DECODE,966,0,966,1262.87,28.67,1
9179,DECODE,966,0,966,1263.87,26.97,1
9180,DECODE,966,0,966,1264.87,27.12,1
9181,DECODE,966,0,966,1265.87,27.19,1
9182,DECODE,966,0,966,1266.87,27.01,1
9183,DECODE,966,0,966,1267.87,26.98,1
9184,DECODE,966,0,966,1268.87,26.97,1
9185,DECODE,966,0,966,1269.87,26.98,1
9186,DECODE,965,0,965,1269.54,27.02,1
9187,DECODE,965,0,965,1270.54,27.09,1
9188,DECODE,965,0,965,1271.54,27.23,1
9189,DECODE,963,0,963,1269.86,27.13,1
9190,DECODE,962,0,962,1271.02,27.05,1
9191,DECODE,962,0,962,1272.02,26.96,1
9192,DECODE,962,0,962,1273.02,27.11,1
9193,DECODE,962,0,962,1274.02,26.83,1
9194,DECODE,962,0,962,1275.02,26.81,1
9195,DECODE,961,0,961,1274.68,26.99,1
9196,DECODE,961,0,961,1275.68,26.98,1
9197,DECODE,961,0,961,1276.68,26.87,1
9198,DECODE,960,0,960,1277.76,26.66,1
9199,DECODE,959,0,959,1277.42,26.69,1
9200,DECODE,959,0,959,1278.42,26.60,1
9201,DECODE,959,0,959,1279.42,26.62,1
9202,DECODE,959,0,959,1280.42,26.74,1
9203,DECODE,959,0,959,1281.42,26.85,1
9204,DECODE,959,0,959,1282.42,26.83,1
9205,DECODE,959,0,959,1283.42,27.07,1
9206,DECODE,957,0,957,1283.27,27.04,1
9207,DECODE,957,0,957,1284.27,29.32,1
9208,DECODE,957,0,957,1285.27,26.99,1
9209,DECODE,957,0,957,1286.27,27.24,1
9210,DECODE,957,0,957,1287.27,27.50,1
9211,DECODE,956,0,956,1286.94,27.19,1
9212,DECODE,956,0,956,1287.94,27.39,1
9213,DECODE,956,0,956,1288.94,26.67,1
9214,DECODE,956,0,956,1289.94,26.75,1
9215,DECODE,955,0,955,1289.61,31.39,1
9216,DECODE,955,0,955,1290.61,27.19,1
9217,DECODE,954,0,954,1290.27,27.12,1
9218,DECODE,954,0,954,1291.27,27.26,1
9219,DECODE,954,0,954,1292.27,26.85,1
9220,DECODE,954,0,954,1293.27,27.06,1
9221,DECODE,953,0,953,1292.95,27.80,1
9222,DECODE,952,0,952,1292.61,26.81,1
9223,DECODE,952,0,952,1293.61,26.76,1
9224,DECODE,952,0,952,1294.61,26.90,1
9225,DECODE,951,0,951,1294.28,27.24,1
9226,DECODE,950,0,950,1293.95,27.42,1
9227,DECODE,948,0,948,1293.70,26.89,1
9228,DECODE,948,0,948,1294.70,26.87,1
9229,DECODE,948,0,948,1295.70,26.76,1
9230,DECODE,947,0,947,1296.43,26.97,1
9231,DECODE,947,0,947,1297.43,26.99,1
9232,DECODE,947,0,947,1298.43,27.36,1
9233,DECODE,945,0,945,1296.76,31.88,1
9234,DECODE,945,0,945,1297.76,27.55,1
9235,DECODE,945,0,945,1298.76,27.32,1
9236,DECODE,943,0,943,1297.08,26.89,1
9237,DECODE,943,0,943,1298.08,26.88,1
9238,DECODE,943,0,943,1299.08,26.69,1
9239,DECODE,943,0,943,1300.08,26.69,1
9240,DECODE,943,0,943,1301.08,26.97,1
9241,DECODE,943,0,943,1302.08,26.73,1
9242,DECODE,943,0,943,1303.08,26.79,1
9243,DECODE,943,0,943,1304.08,26.95,1
9244,DECODE,940,0,940,1301.08,26.80,1
9245,DECODE,939,0,939,1300.74,26.82,1
9246,DECODE,939,0,939,1301.74,26.53,1
9247,DECODE,939,0,939,1302.74,26.87,1
9248,DECODE,938,0,938,1302.40,26.58,1
9249,DECODE,938,0,938,1303.40,26.85,1
9250,DECODE,937,0,937,1303.05,27.95,1
9251,DECODE,937,0,937,1304.05,26.83,1
9252,DECODE,937,0,937,1305.05,26.54,1
9253,DECODE,937,0,937,1306.05,26.47,1
9254,DECODE,937,0,937,1307.05,26.50,1
9255,DECODE,937,0,937,1308.05,26.67,1
9256,DECODE,936,0,936,1307.72,26.45,1
9257,DECODE,936,0,936,1308.72,26.50,1
9258,DECODE,936,0,936,1309.72,26.45,1
9259,DECODE,935,0,935,1309.38,26.51,1
9260,DECODE,935,0,935,1310.38,26.96,1
9261,DECODE,935,0,935,1311.38,28.39,1
9262,DECODE,934,0,934,1311.04,26.86,1
9263,DECODE,934,0,934,1312.04,27.08,1
9264,DECODE,933,0,933,1311.77,27.08,1
9265,DECODE,931,0,931,1310.09,27.69,1
9266,DECODE,931,0,931,1311.09,27.23,1
9267,DECODE,930,0,930,1310.75,26.58,1
9268,DECODE,929,0,929,1310.40,26.81,1
9269,DECODE,929,0,929,1311.40,26.63,1
9270,DECODE,929,0,929,1312.40,26.38,1
9271,DECODE,929,0,929,1313.40,26.43,1
9272,DECODE,929,0,929,1314.40,26.92,1
9273,DECODE,929,0,929,1315.40,28.42,1
9274,DECODE,928,0,928,1315.06,26.17,1
9275,DECODE,928,0,928,1316.06,26.17,1
9276,DECODE,928,0,928,1317.06,26.13,1
9277,DECODE,928,0,928,1318.06,26.12,1
9278,DECODE,928,0,928,1319.06,26.20,1
9279,DECODE,927,0,927,1318.72,26.42,1
9280,DECODE,927,0,927,1319.72,26.39,1
9281,DECODE,926,0,926,1319.38,26.32,1
9282,DECODE,926,0,926,1320.38,26.60,1
9283,DECODE,926,0,926,1321.38,26.44,1
9284,DECODE,926,0,926,1322.38,26.44,1
9285,DECODE,926,0,926,1323.38,26.36,1
9286,DECODE,924,0,924,1321.71,26.23,1
9287,DECODE,922,0,922,1320.02,26.46,1
9288,DECODE,921,0,921,1319.67,26.24,1
9289,DECODE,919,0,919,1317.97,26.20,1
9290,DECODE,919,0,919,1318.97,26.22,1
9291,DECODE,919,0,919,1319.97,26.19,1
9292,DECODE,919,0,919,1320.97,26.21,1
9293,DECODE,919,0,919,1321.97,25.97,1
9294,DECODE,917,0,917,1320.27,26.22,1
9295,DECODE,917,0,917,1321.27,26.43,1
9296,DECODE,916,0,916,1322.32,25.95,1
9297,DECODE,915,0,915,1323.43,26.58,1
9298,DECODE,915,0,915,1324.43,26.33,1
9299,DECODE,915,0,915,1325.43,26.09,1
9300,DECODE,913,0,913,1323.72,25.96,1
9301,DECODE,912,0,912,1323.37,25.67,1
9302,DECODE,911,0,911,1324.44,25.98,1
9303,DECODE,911,0,911,1325.44,26.01,1
9304,DECODE,910,0,910,1325.08,25.93,1
9305,DECODE,910,0,910,1326.08,25.82,1
9306,DECODE,909,0,909,1325.72,25.79,1
9307,DECODE,908,0,908,1325.36,25.68,1
9308,DECODE,907,0,907,1325.00,25.92,1
9309,DECODE,906,0,906,1324.64,26.32,1
9310,DECODE,906,0,906,1325.64,25.74,1
9311,DECODE,906,0,906,1326.64,25.72,1
9312,DECODE,906,0,906,1327.64,25.87,1
9313,DECODE,906,0,906,1328.64,25.64,1
9314,DECODE,906,0,906,1329.64,25.76,1
9315,DECODE,906,0,906,1330.64,25.80,1
9316,DECODE,906,0,906,1331.64,25.71,1
9317,DECODE,906,0,906,1332.64,25.78,1
9318,DECODE,906,0,906,1333.64,26.40,1
9319,DECODE,905,0,905,1334.62,26.42,1
9320,DECODE,905,0,905,1335.62,26.11,1
9321,DECODE,905,0,905,1336.62,25.85,1
9322,DECODE,904,0,904,1336.27,25.79,1
9323,DECODE,903,0,903,1337.33,26.06,1
9324,DECODE,903,0,903,1338.33,25.88,1
9325,DECODE,903,0,903,1339.33,25.78,1
9326,DECODE,903,0,903,1340.33,25.90,1
9327,DECODE,902,0,902,1341.44,25.90,1
9328,DECODE,902,0,902,1342.44,25.95,1
9329,DECODE,901,0,901,1342.09,26.00,1
9330,DECODE,899,0,899,1341.67,28.41,1
9331,DECODE,899,0,899,1342.67,26.21,1
9332,DECODE,899,0,899,1343.67,25.87,1
9333,DECODE,899,0,899,1344.67,26.28,1
9334,DECODE,899,0,899,1345.67,25.89,1
9335,DECODE,898,0,898,1345.32,26.37,1
9336,DECODE,898,0,898,1346.32,26.06,1
9337,DECODE,896,0,896,1344.61,25.62,1
9338,DECODE,896,0,896,1345.61,29.35,1
9339,DECODE,894,0,894,1346.62,26.87,1
9340,DECODE,894,0,894,1347.62,25.96,1
9341,DECODE,894,0,894,1348.62,25.89,1
9342,DECODE,894,0,894,1349.62,25.88,1
9343,DECODE,894,0,894,1350.62,25.93,1
9344,DECODE,894,0,894,1351.62,25.86,1
9345,DECODE,894,0,894,1352.62,26.05,1
9346,DECODE,893,0,893,1352.27,25.98,1
9347,DECODE,892,0,892,1351.91,28.34,1
9348,DECODE,892,0,892,1352.91,25.73,1
9349,DECODE,891,0,891,1352.56,25.90,1
9350,DECODE,891,0,891,1353.56,25.98,1
9351,DECODE,891,0,891,1354.56,26.11,1
9352,DECODE,890,0,890,1354.20,25.67,1
9353,DECODE,890,0,890,1355.20,26.00,1
9354,DECODE,890,0,890,1356.20,26.00,1
9355,DECODE,889,0,889,1357.27,26.07,1
9356,DECODE,889,0,889,1358.27,26.12,1
9357,DECODE,888,0,888,1357.92,25.67,1
9358,DECODE,888,0,888,1358.92,25.63,1
9359,DECODE,888,0,888,1359.92,25.61,1
9360,DECODE,887,0,887,1359.56,26.05,1
9361,DECODE,887,0,887,1360.56,26.16,1
9362,DECODE,887,0,887,1361.56,25.90,1
9363,DECODE,887,0,887,1362.56,26.10,1
9364,DECODE,887,0,887,1363.56,26.64,1
9365,DECODE,887,0,887,1364.56,26.89,1
9366,DECODE,887,0,887,1365.56,26.33,1
9367,DECODE,887,0,887,1366.56,26.15,1
9368,DECODE,887,0,887,1367.56,26.07,1
9369,DECODE,887,0,887,1368.56,25.94,1
9370,DECODE,886,0,886,1368.22,25.81,1
9371,DECODE,886,0,886,1369.22,25.81,1
9372,DECODE,886,0,886,1370.22,25.87,1
9373,DECODE,886,0,886,1371.22,25.95,1
9374,DECODE,886,0,886,1372.22,25.76,1
9375,DECODE,885,0,885,1371.88,26.00,1
9376,DECODE,885,0,885,1372.88,26.14,1
9377,DECODE,885,0,885,1373.88,25.95,1
9378,DECODE,885,0,885,1374.88,25.98,1
9379,DECODE,884,0,884,1375.96,25.79,1
9380,DECODE,884,0,884,1376.96,25.88,1
9381,DECODE,883,0,883,1377.96,26.21,1
9382,DECODE,883,0,883,1378.96,26.27,1
9383,DECODE,883,0,883,1379.96,26.28,1
9384,DECODE,883,0,883,1380.96,26.36,1
9385,DECODE,883,0,883,1381.96,26.50,1
9386,DECODE,883,0,883,1382.96,26.35,1
9387,DECODE,883,0,883,1383.96,26.27,1
9388,DECODE,883,0,883,1384.96,26.13,1
9389,DECODE,880,0,880,1385.89,25.76,1
9390,DECODE,880,0,880,1386.89,25.83,1
9391,DECODE,880,0,880,1387.89,25.62,1
9392,DECODE,880,0,880,1388.89,25.75,1
9393,DECODE,880,0,880,1389.89,25.74,1
9394,DECODE,879,0,879,1390.97,26.07,1
9395,DECODE,878,0,878,1391.92,25.98,1
9396,DECODE,878,0,878,1392.92,25.94,1
9397,DECODE,878,0,878,1393.92,25.86,1
9398,DECODE,878,0,878,1394.92,25.98,1
9399,DECODE,878,0,878,1395.92,25.85,1
9400,DECODE,878,0,878,1396.92,25.98,1
9401,DECODE,878,0,878,1397.92,26.01,1
9402,DECODE,878,0,878,1398.92,25.90,1
9403,DECODE,878,0,878,1399.92,25.90,1
9404,DECODE,876,0,876,1401.05,25.70,1
9405,DECODE,876,0,876,1402.05,25.85,1
9406,DECODE,875,0,875,1402.92,26.15,1
9407,DECODE,875,0,875,1403.92,26.10,1
9408,DECODE,874,0,874,1404.88,26.03,1
9409,DECODE,874,0,874,1405.88,26.15,1
9410,DECODE,874,0,874,1406.88,26.26,1
9411,DECODE,873,0,873,1407.77,26.09,1
9412,DECODE,873,0,873,1408.77,26.03,1
9413,DECODE,873,0,873,1409.77,26.07,1
9414,DECODE,873,0,873,1410.77,26.19,1
9415,DECODE,873,0,873,1411.77,26.23,1
9416,DECODE,873,0,873,1412.77,26.12,1
9417,DECODE,872,0,872,1413.78,26.12,1
9418,DECODE,872,0,872,1414.78,25.96,1
9419,DECODE,872,0,872,1415.78,25.62,1
9420,DECODE,872,0,872,1416.78,25.70,1
9421,DECODE,872,0,872,1417.78,25.75,1
9422,DECODE,871,0,871,1417.47,26.06,1
9423,DECODE,871,0,871,1418.47,26.08,1
9424,DECODE,871,0,871,1419.47,26.06,1
9425,DECODE,871,0,871,1420.47,26.18,1
9426,DECODE,871,0,871,1421.47,26.19,1
9427,DECODE,870,0,870,1422.50,26.02,1
9428,DECODE,869,0,869,1422.20,26.30,1
9429,DECODE,869,0,869,1423.20,26.20,1
9430,DECODE,869,0,869,1424.20,27.19,1
9431,DECODE,869,0,869,1425.20,26.43,1
9432,DECODE,869,0,869,1426.20,26.05,1
9433,DECODE,869,0,869,1427.20,26.41,1
9434,DECODE,869,0,869,1428.20,26.24,1
9435,DECODE,869,0,869,1429.20,26.34,1
9436,DECODE,868,0,868,1430.30,25.87,1
9437,DECODE,868,0,868,1431.30,25.98,1
9438,DECODE,868,0,868,1432.30,25.89,1
9439,DECODE,867,0,867,1432.66,26.50,1
9440,DECODE,867,0,867,1433.66,26.99,1
9441,DECODE,867,0,867,1434.66,26.22,1
9442,DECODE,867,0,867,1435.66,26.21,1
9443,DECODE,867,0,867,1436.66,26.26,1
9444,DECODE,867,0,867,1437.66,27.84,1
9445,DECODE,867,0,867,1438.66,26.07,1
9446,DECODE,867,0,867,1439.66,26.19,1
9447,DECODE,867,0,867,1440.66,26.41,1
9448,DECODE,867,0,867,1441.66,26.31,1
9449,DECODE,867,0,867,1442.66,26.17,1
9450,DECODE,867,0,867,1443.66,26.20,1
9451,DECODE,867,0,867,1444.66,26.26,1
9452,DECODE,867,0,867,1445.66,26.17,1
9453,DECODE,866,0,866,1446.45,25.99,1
9454,DECODE,866,0,866,1447.45,26.02,1
9455,DECODE,865,0,865,1448.53,26.21,1
9456,DECODE,864,0,864,1449.41,25.96,1
9457,DECODE,864,0,864,1450.41,26.13,1
9458,DECODE,864,0,864,1451.41,26.02,1
9459,DECODE,864,0,864,1452.41,25.87,1
9460,DECODE,864,0,864,1453.41,25.94,1
9461,DECODE,864,0,864,1454.41,25.90,1
9462,DECODE,864,0,864,1455.41,26.05,1
9463,DECODE,864,0,864,1456.41,26.09,1
9464,DECODE,864,0,864,1457.41,26.07,1
9465,DECODE,864,0,864,1458.41,25.96,1
9466,DECODE,864,0,864,1459.41,26.00,1
9467,DECODE,864,0,864,1460.41,25.97,1
9468,DECODE,864,0,864,1461.41,26.44,1
9469,DECODE,863,0,863,1462.93,26.04,1
9470,DECODE,862,0,862,1463.86,25.96,1
9471,DECODE,862,0,862,1464.86,25.98,1
9472,DECODE,862,0,862,1465.86,26.06,1
9473,DECODE,862,0,862,1466.86,26.10,1
9474,DECODE,861,0,861,1468.92,26.12,1
9475,DECODE,860,0,860,1470.72,25.79,1
9476,DECODE,859,0,859,1472.74,26.24,1
9477,DECODE,857,0,857,1475.77,26.16,1
9478,DECODE,856,0,856,1477.62,25.74,1
9479,DECODE,855,0,855,1478.63,26.22,1
9480,DECODE,855,0,855,1479.63,26.33,1
9481,DECODE,853,0,853,1482.58,26.27,1
9482,DECODE,852,0,852,1484.50,25.92,1
9483,DECODE,851,0,851,1485.48,26.44,1
9484,DECODE,851,0,851,1486.48,26.28,1
9485,DECODE,849,0,849,1489.32,26.26,1
9486,DECODE,848,0,848,1491.20,25.96,1
9487,DECODE,847,0,847,1493.03,26.22,1
9488,DECODE,846,0,846,1494.06,26.20,1
9489,DECODE,846,0,846,1495.06,26.21,1
9490,DECODE,845,0,845,1496.90,26.11,1
9491,DECODE,844,0,844,1498.69,25.85,1
9492,DECODE,843,0,843,1500.49,26.15,1
9493,DECODE,842,0,842,1501.59,26.88,1
9494,DECODE,841,0,841,1503.28,26.92,1
9495,DECODE,840,0,840,1504.93,25.97,1
9496,DECODE,839,0,839,1504.67,26.34,1
9497,DECODE,839,0,839,1505.67,26.26,1
9498,DECODE,838,0,838,1506.67,26.03,1
9499,DECODE,838,0,838,1507.67,26.04,1
9500,DECODE,838,0,838,1508.67,26.06,1
9501,DECODE,837,0,837,1510.29,26.17,1
9502,DECODE,836,0,836,1511.38,25.95,1
9503,DECODE,836,0,836,1512.38,25.92,1
9504,DECODE,835,0,835,1513.99,26.15,1
9505,DECODE,834,0,834,1515.58,26.00,1
9506,DECODE,834,0,834,1516.58,26.15,1
9507,DECODE,833,0,833,1518.16,26.18,1
9508,DECODE,832,0,832,1519.60,26.02,1
9509,DECODE,831,0,831,1520.95,26.13,1
9510,DECODE,831,0,831,1521.95,26.12,1
9511,DECODE,830,0,830,1523.35,25.97,1
9512,DECODE,829,0,829,1524.43,26.13,1
9513,DECODE,829,0,829,1525.43,26.21,1
9514,DECODE,828,0,828,1526.84,25.75,1
9515,DECODE,827,0,827,1527.80,26.27,1
9516,DECODE,827,0,827,1528.80,26.40,1
9517,DECODE,826,0,826,1530.01,26.02,1
9518,DECODE,826,0,826,1531.01,26.72,1
9519,DECODE,825,0,825,1532.31,26.16,1
9520,DECODE,824,0,824,1533.44,25.88,1
9521,DECODE,824,0,824,1534.44,25.99,1
9522,DECODE,823,0,823,1535.57,26.33,1
9523,DECODE,823,0,823,1536.57,26.08,1
9524,DECODE,822,0,822,1537.81,25.97,1
9525,DECODE,822,0,822,1538.81,26.19,1
9526,DECODE,821,0,821,1539.93,26.25,1
9527,DECODE,820,0,820,1541.07,25.99,1
9528,DECODE,820,0,820,1542.07,26.04,1
9529,DECODE,819,0,819,1543.22,26.16,1
9530,DECODE,818,0,818,1544.30,26.41,1
9531,DECODE,818,0,818,1545.30,26.15,1
9532,DECODE,818,0,818,1546.30,26.11,1
9533,DECODE,817,0,817,1547.48,26.10,1
9534,DECODE,816,0,816,1548.69,25.89,1
9535,DECODE,816,0,816,1549.69,25.92,1
9536,DECODE,815,0,815,1550.90,26.33,1
9537,DECODE,813,0,813,1552.26,26.20,1
9538,DECODE,813,0,813,1553.26,26.28,1
9539,DECODE,813,0,813,1554.26,28.54,1
9540,DECODE,813,0,813,1555.26,27.96,1
9541,DECODE,812,0,812,1556.23,26.11,1
9542,DECODE,812,0,812,1557.23,26.19,1
9543,DECODE,811,0,811,1558.44,26.96,1
9544,DECODE,811,0,811,1559.44,26.43,1
9545,DECODE,810,0,810,1560.54,26.24,1
9546,DECODE,809,0,809,1561.76,25.98,1
9547,DECODE,809,0,809,1562.76,26.33,1
9548,DECODE,808,0,808,1563.98,26.12,1
9549,DECODE,808,0,808,1564.98,25.97,1
9550,DECODE,807,0,807,1566.21,26.22,1
9551,DECODE,807,0,807,1567.21,26.28,1
9552,DECODE,806,0,806,1568.45,26.92,1
9553,DECODE,805,0,805,1569.54,27.09,1
9554,DECODE,804,0,804,1570.55,26.48,1
9555,DECODE,803,0,803,1571.13,26.87,1
9556,DECODE,803,0,803,1572.13,27.09,1
9557,DECODE,803,0,803,1573.13,26.76,1
9558,DECODE,803,0,803,1574.13,26.33,1
9559,DECODE,802,0,802,1575.37,25.94,1
9560,DECODE,802,0,802,1576.37,26.14,1
9561,DECODE,801,0,801,1577.62,26.33,1
9562,DECODE,801,0,801,1578.62,26.18,1
9563,DECODE,800,0,800,1579.88,25.66,1
9564,DECODE,800,0,800,1580.88,25.76,1
9565,DECODE,799,0,799,1582.13,25.80,1
9566,DECODE,798,0,798,1583.40,25.91,1
9567,DECODE,797,0,797,1584.40,26.11,1
9568,DECODE,797,0,797,1585.40,25.84,1
9569,DECODE,797,0,797,1586.40,26.07,1
9570,DECODE,796,0,796,1587.49,25.68,1
9571,DECODE,796,0,796,1588.49,25.60,1
9572,DECODE,795,0,795,1589.76,26.08,1
9573,DECODE,795,0,795,1590.76,26.19,1
9574,DECODE,793,0,793,1591.99,25.86,1
9575,DECODE,793,0,793,1592.99,26.05,1
9576,DECODE,793,0,793,1593.99,25.96,1
9577,DECODE,792,0,792,1595.26,25.58,1
9578,DECODE,792,0,792,1596.26,25.75,1
9579,DECODE,791,0,791,1597.31,25.97,1
9580,DECODE,791,0,791,1598.31,25.77,1
9581,DECODE,790,0,790,1599.59,25.61,1
9582,DECODE,790,0,790,1600.59,25.78,1
9583,DECODE,789,0,789,1601.87,25.80,1
9584,DECODE,789,0,789,1602.87,25.80,1
9585,DECODE,788,0,788,1604.15,25.49,1
9586,DECODE,787,0,787,1605.43,25.78,1
9587,DECODE,787,0,787,1606.43,25.75,1
9588,DECODE,786,0,786,1607.72,25.62,1
9589,DECODE,785,0,785,1608.81,25.90,1
9590,DECODE,785,0,785,1609.81,25.78,1
9591,DECODE,785,0,785,1610.81,25.81,1
9592,DECODE,784,0,784,1611.07,25.43,1
9593,DECODE,784,0,784,1612.07,25.26,1
9594,DECODE,783,0,783,1611.86,25.53,1
9595,DECODE,783,0,783,1612.86,25.66,1
9596,DECODE,783,0,783,1613.86,25.76,1
9597,DECODE,783,0,783,1614.86,25.86,1
9598,DECODE,782,0,782,1616.15,25.51,1
9599,DECODE,782,0,782,1617.15,25.67,1
9600,DECODE,781,0,781,1616.94,25.86,1
9601,DECODE,781,0,781,1617.94,25.89,1
9602,DECODE,781,0,781,1618.94,25.75,1
9603,DECODE,780,0,780,1620.23,25.75,1
9604,DECODE,778,0,778,1621.61,25.85,1
9605,DECODE,778,0,778,1622.61,25.53,1
9606,DECODE,778,0,778,1623.61,25.76,1
9607,DECODE,778,0,778,1624.61,25.58,1
9608,DECODE,777,0,777,1625.90,25.61,1
9609,DECODE,777,0,777,1626.90,25.89,1
9610,DECODE,776,0,776,1628.03,25.40,1
9611,DECODE,776,0,776,1629.03,25.30,1
9612,DECODE,775,0,775,1630.33,25.67,1
9613,DECODE,774,0,774,1631.34,25.50,1
9614,DECODE,774,0,774,1632.34,25.87,1
9615,DECODE,772,0,772,1632.17,25.32,1
9616,DECODE,771,0,771,1633.34,26.01,1
9617,DECODE,771,0,771,1634.34,25.58,1
9618,DECODE,771,0,771,1635.34,25.71,1
9619,DECODE,771,0,771,1636.34,25.70,1
9620,DECODE,771,0,771,1637.34,25.91,1
9621,DECODE,770,0,770,1638.32,25.61,1
9622,DECODE,770,0,770,1639.32,25.73,1
9623,DECODE,769,0,769,1640.46,25.88,1
9624,DECODE,767,0,767,1641.56,25.76,1
9625,DECODE,767,0,767,1642.56,25.47,1
9626,DECODE,766,0,766,1643.67,25.35,1
9627,DECODE,765,0,765,1644.80,25.74,1
9628,DECODE,765,0,765,1645.80,25.53,1
9629,DECODE,765,0,765,1646.80,25.55,1
9630,DECODE,765,0,765,1647.80,25.58,1
9631,DECODE,765,0,765,1648.80,25.74,1
9632,DECODE,764,0,764,1649.90,25.13,1
9633,DECODE,764,0,764,1650.90,25.39,1
9634,DECODE,764,0,764,1651.90,25.28,1
9635,DECODE,764,0,764,1652.90,25.51,1
9636,DECODE,764,0,764,1653.90,25.36,1
9637,DECODE,764,0,764,1654.90,25.51,1
9638,DECODE,763,0,763,1656.20,25.77,1
9639,DECODE,763,0,763,1657.20,25.64,1
9640,DECODE,762,0,762,1658.52,25.53,1
9641,DECODE,760,0,760,1659.70,25.63,1
9642,DECODE,760,0,760,1660.70,25.47,1
9643,DECODE,760,0,760,1661.70,25.32,1
9644,DECODE,760,0,760,1662.70,25.52,1
9645,DECODE,760,0,760,1663.70,25.40,1
9646,DECODE,759,0,759,1665.03,25.69,1
9647,DECODE,758,0,758,1666.08,25.38,1
9648,DECODE,758,0,758,1667.08,25.93,1
9649,DECODE,758,0,758,1668.08,28.51,1
9650,DECODE,757,0,757,1669.11,25.75,1
9651,DECODE,757,0,757,1670.11,26.13,1
9652,DECODE,756,0,756,1671.21,25.49,1
9653,DECODE,756,0,756,1672.21,25.51,1
9654,DECODE,755,0,755,1673.34,25.90,1
9655,DECODE,755,0,755,1674.34,26.20,1
9656,DECODE,754,0,754,1675.49,25.87,1
9657,DECODE,754,0,754,1676.49,26.02,1
9658,DECODE,753,0,753,1677.65,25.97,1
9659,DECODE,752,0,752,1678.77,25.57,1
9660,DECODE,752,0,752,1679.77,25.14,1
9661,DECODE,752,0,752,1680.77,25.39,1
9662,DECODE,751,0,751,1681.94,25.88,1
9663,DECODE,751,0,751,1682.94,27.39,1
9664,DECODE,750,0,750,1683.75,25.78,1
9665,DECODE,750,0,750,1684.75,31.12,1
9666,DECODE,750,0,750,1685.75,27.79,1
9667,DECODE,749,0,749,1686.93,26.01,1
9668,DECODE,749,0,749,1687.93,25.86,1
9669,DECODE,748,0,748,1689.10,25.47,1
9670,DECODE,748,0,748,1690.10,25.36,1
9671,DECODE,747,0,747,1691.13,25.69,1
9672,DECODE,747,0,747,1692.13,26.09,1
9673,DECODE,746,0,746,1693.24,25.85,1
9674,DECODE,746,0,746,1694.24,25.69,1
9675,DECODE,745,0,745,1695.36,25.63,1
9676,DECODE,745,0,745,1696.36,25.81,1
9677,DECODE,744,0,744,1697.27,25.39,1
9678,DECODE,744,0,744,1698.27,25.55,1
9679,DECODE,744,0,744,1699.27,25.53,1
9680,DECODE,743,0,743,1700.40,26.02,1
9681,DECODE,743,0,743,1701.40,25.86,1
9682,DECODE,742,0,742,1702.53,26.15,1
9683,DECODE,740,0,740,1702.32,26.14,1
9684,DECODE,739,0,739,1703.44,26.18,1
9685,DECODE,738,0,738,1704.57,26.24,1
9686,DECODE,738,0,738,1705.57,25.76,1
9687,DECODE,738,0,738,1706.57,25.82,1
9688,DECODE,738,0,738,1707.57,25.63,1
9689,DECODE,738,0,738,1708.57,25.80,1
9690,DECODE,738,0,738,1709.57,25.68,1
9691,DECODE,738,0,738,1710.57,25.58,1
9692,DECODE,738,0,738,1711.57,25.66,1
9693,DECODE,738,0,738,1712.57,25.71,1
9694,DECODE,737,0,737,1713.70,25.74,1
9695,DECODE,737,0,737,1714.70,25.92,1
9696,DECODE,736,0,736,1715.85,25.80,1
9697,DECODE,736,0,736,1716.85,25.41,1
9698,DECODE,735,0,735,1718.01,25.73,1
9699,DECODE,734,0,734,1719.08,25.82,1
9700,DECODE,734,0,734,1720.08,25.60,1
9701,DECODE,731,0,731,1721.32,26.07,1
9702,DECODE,731,0,731,1722.32,25.80,1
9703,DECODE,730,0,730,1723.40,25.87,1
9704,DECODE,729,0,729,1723.25,26.01,1
9705,DECODE,728,0,728,1724.35,25.29,1
9706,DECODE,728,0,728,1725.35,25.47,1
9707,DECODE,728,0,728,1726.35,25.14,1
9708,DECODE,728,0,728,1727.35,26.54,1
9709,DECODE,728,0,728,1728.35,25.29,1
9710,DECODE,728,0,728,1729.35,25.26,1
9711,DECODE,728,0,728,1730.35,25.30,1
9712,DECODE,728,0,728,1731.35,25.28,1
9713,DECODE,728,0,728,1732.35,25.23,1
9714,DECODE,728,0,728,1733.35,25.67,1
9715,DECODE,727,0,727,1733.21,25.99,1
9716,DECODE,727,0,727,1734.21,25.66,1
9717,DECODE,727,0,727,1735.21,25.80,1
9718,DECODE,727,0,727,1736.21,26.04,1
9719,DECODE,726,0,726,1737.36,25.65,1
9720,DECODE,726,0,726,1738.36,25.49,1
9721,DECODE,726,0,726,1739.36,25.57,1
9722,DECODE,726,0,726,1740.36,25.66,1
9723,DECODE,726,0,726,1741.36,25.60,1
9724,DECODE,725,0,725,1742.54,25.51,1
9725,DECODE,725,0,725,1743.54,25.81,1
9726,DECODE,724,0,724,1744.51,25.22,1
9727,DECODE,724,0,724,1745.51,25.23,1
9728,DECODE,723,0,723,1746.64,25.60,1
9729,DECODE,723,0,723,1747.64,25.50,1
9730,DECODE,722,0,722,1748.66,25.54,1
9731,DECODE,722,0,722,1749.66,25.37,1
9732,DECODE,722,0,722,1750.66,25.52,1
9733,DECODE,721,0,721,1751.80,25.60,1
9734,DECODE,721,0,721,1752.80,25.50,1
9735,DECODE,720,0,720,1753.70,25.09,1
9736,DECODE,720,0,720,1754.70,25.08,1
9737,DECODE,720,0,720,1755.70,25.08,1
9738,DECODE,719,0,719,1756.45,25.30,1
9739,DECODE,719,0,719,1757.45,25.43,1
9740,DECODE,718,0,718,1758.60,25.25,1
9741,DECODE,718,0,718,1759.60,25.28,1
9742,DECODE,718,0,718,1760.60,25.22,1
9743,DECODE,717,0,717,1761.76,25.45,1
9744,DECODE,716,0,716,1762.77,25.16,1
9745,DECODE,715,0,715,1763.78,25.38,1
9746,DECODE,715,0,715,1764.78,25.29,1
9747,DECODE,715,0,715,1765.78,25.39,1
9748,DECODE,715,0,715,1766.78,25.38,1
9749,DECODE,715,0,715,1767.78,25.36,1
9750,DECODE,714,0,714,1768.95,25.34,1
9751,DECODE,714,0,714,1769.95,25.32,1
9752,DECODE,713,0,713,1771.12,25.33,1
9753,DECODE,713,0,713,1772.12,25.38,1
9754,DECODE,712,0,712,1773.13,25.15,1
9755,DECODE,712,0,712,1774.13,24.82,1
9756,DECODE,712,0,712,1775.13,24.79,1
9757,DECODE,711,0,711,1776.26,25.30,1
9758,DECODE,711,0,711,1777.26,25.22,1
9759,DECODE,710,0,710,1778.44,24.90,1
9760,DECODE,710,0,710,1779.44,25.00,1
9761,DECODE,709,0,709,1780.61,25.13,1
9762,DECODE,708,0,708,1781.68,24.82,1
9763,DECODE,708,0,708,1782.68,24.90,1
9764,DECODE,708,0,708,1783.68,24.78,1
9765,DECODE,707,0,707,1784.79,25.22,1
9766,DECODE,707,0,707,1785.79,25.36,1
9767,DECODE,706,0,706,1786.87,25.08,1
9768,DECODE,706,0,706,1787.87,25.19,1
9769,DECODE,706,0,706,1788.87,25.01,1
9770,DECODE,706,0,706,1789.87,25.02,1
9771,DECODE,705,0,705,1791.05,25.20,1
9772,DECODE,705,0,705,1792.05,25.21,1
9773,DECODE,704,0,704,1793.24,25.27,1
9774,DECODE,704,0,704,1794.24,25.09,1
9775,DECODE,703,0,703,1795.29,25.28,1
9776,DECODE,703,0,703,1796.29,25.24,1
9777,DECODE,703,0,703,1797.29,25.64,1
9778,DECODE,702,0,702,1798.34,25.09,1
9779,DECODE,701,0,701,1799.37,25.17,1
9780,DECODE,700,0,700,1800.42,24.84,1
9781,DECODE,700,0,700,1801.42,25.04,1
9782,DECODE,700,0,700,1802.42,24.95,1
9783,DECODE,698,0,698,1802.36,25.08,1
9784,DECODE,698,0,698,1803.36,25.13,1
9785,DECODE,698,0,698,1804.36,25.43,1
9786,DECODE,698,0,698,1805.36,25.17,1
9787,DECODE,697,0,697,1806.43,25.40,1
9788,DECODE,697,0,697,1807.43,25.57,1
9789,DECODE,697,0,697,1808.43,25.22,1
9790,DECODE,697,0,697,1809.43,25.27,1
9791,DECODE,696,0,696,1810.56,24.91,1
9792,DECODE,696,0,696,1811.56,25.43,1
9793,DECODE,696,0,696,1812.56,25.09,1
9794,DECODE,696,0,696,1813.56,25.38,1
9795,DECODE,696,0,696,1814.56,25.15,1
9796,DECODE,696,0,696,1815.56,25.03,1
9797,DECODE,695,0,695,1816.68,25.38,1
9798,DECODE,695,0,695,1817.68,25.48,1
9799,DECODE,695,0,695,1818.68,25.49,1
9800,DECODE,694,0,694,1818.61,25.32,1
9801,DECODE,694,0,694,1819.61,25.28,1
9802,DECODE,694,0,694,1820.61,25.27,1
9803,DECODE,693,0,693,1821.74,25.74,1
9804,DECODE,692,0,692,1821.67,25.04,1
9805,DECODE,691,0,691,1821.60,25.08,1
9806,DECODE,691,0,691,1822.60,25.06,1
9807,DECODE,690,0,690,1823.62,24.97,1
9808,DECODE,690,0,690,1824.62,25.04,1
9809,DECODE,690,0,690,1825.62,25.05,1
9810,DECODE,690,0,690,1826.62,25.01,1
9811,DECODE,690,0,690,1827.62,25.01,1
9812,DECODE,690,0,690,1828.62,25.05,1
9813,DECODE,689,0,689,1828.56,25.16,1
9814,DECODE,689,0,689,1829.56,25.08,1
9815,DECODE,689,0,689,1830.56,24.94,1
9816,DECODE,689,0,689,1831.56,24.94,1
9817,DECODE,688,0,688,1831.50,24.93,1
9818,DECODE,688,0,688,1832.50,24.91,1
9819,DECODE,688,0,688,1833.50,24.77,1
9820,DECODE,688,0,688,1834.50,24.81,1
9821,DECODE,688,0,688,1835.50,24.90,1
9822,DECODE,688,0,688,1836.50,24.90,1
9823,DECODE,687,0,687,1837.63,25.19,1
9824,DECODE,687,0,687,1838.63,25.17,1
9825,DECODE,687,0,687,1839.63,25.04,1
9826,DECODE,686,0,686,1839.58,25.09,1
9827,DECODE,686,0,686,1840.58,25.15,1
9828,DECODE,686,0,686,1841.58,25.17,1
9829,DECODE,685,0,685,1842.72,25.19,1
9830,DECODE,685,0,685,1843.72,25.19,1
9831,DECODE,685,0,685,1844.72,25.35,1
9832,DECODE,684,0,684,1845.88,24.93,1
9833,DECODE,683,0,683,1845.83,24.93,1
9834,DECODE,682,0,682,1846.85,25.01,1
9835,DECODE,682,0,682,1847.85,25.11,1
9836,DECODE,682,0,682,1848.85,24.97,1
9837,DECODE,681,0,681,1849.84,25.10,1
9838,DECODE,681,0,681,1850.84,25.26,1
9839,DECODE,680,0,680,1851.91,24.92,1
9840,DECODE,680,0,680,1852.91,24.86,1
9841,DECODE,680,0,680,1853.91,24.92,1
9842,DECODE,679,0,679,1855.03,25.11,1
9843,DECODE,679,0,679,1856.03,25.40,1
9844,DECODE,679,0,679,1857.03,25.20,1
9845,DECODE,678,0,678,1858.12,25.22,1
9846,DECODE,678,0,678,1859.12,31.92,1
9847,DECODE,678,0,678,1860.12,25.43,1
9848,DECODE,678,0,678,1861.12,25.42,1
9849,DECODE,678,0,678,1862.12,26.92,1
9850,DECODE,678,0,678,1863.12,25.26,1
9851,DECODE,678,0,678,1864.12,25.44,1
9852,DECODE,677,0,677,1864.09,25.30,1
9853,DECODE,677,0,677,1865.09,24.86,1
9854,DECODE,677,0,677,1866.09,25.34,1
9855,DECODE,676,0,676,1867.27,25.18,1
9856,DECODE,675,0,675,1868.37,25.55,1
9857,DECODE,674,0,674,1868.34,25.01,1
9858,DECODE,674,0,674,1869.34,25.29,1
9859,DECODE,673,0,673,1870.40,25.16,1
9860,DECODE,673,0,673,1871.40,25.22,1
9861,DECODE,673,0,673,1872.40,25.14,1
9862,DECODE,673,0,673,1873.40,26.46,1
9863,DECODE,673,0,673,1874.40,25.55,1
9864,DECODE,673,0,673,1875.40,25.45,1
9865,DECODE,673,0,673,1876.40,25.24,1
9866,DECODE,673,0,673,1877.40,25.28,1
9867,DECODE,672,0,672,1878.51,25.21,1
9868,DECODE,672,0,672,1879.51,25.16,1
9869,DECODE,672,0,672,1880.51,25.01,1
9870,DECODE,671,0,671,1881.64,25.35,1
9871,DECODE,671,0,671,1882.64,25.38,1
9872,DECODE,670,0,670,1883.76,25.37,1
9873,DECODE,670,0,670,1884.76,25.24,1
9874,DECODE,670,0,670,1885.76,25.15,1
9875,DECODE,669,0,669,1886.89,25.37,1
9876,DECODE,669,0,669,1887.89,27.14,1
9877,DECODE,669,0,669,1888.89,25.17,1
9878,DECODE,668,0,668,1890.05,25.11,1
9879,DECODE,667,0,667,1890.05,25.40,1
9880,DECODE,666,0,666,1891.20,25.26,1
9881,DECODE,665,0,665,1892.25,25.30,1
9882,DECODE,665,0,665,1893.25,25.16,1
9883,DECODE,665,0,665,1894.25,25.24,1
9884,DECODE,665,0,665,1895.25,25.02,1
9885,DECODE,665,0,665,1896.25,25.33,1
9886,DECODE,665,0,665,1897.25,25.20,1
9887,DECODE,665,0,665,1898.25,25.02,1
9888,DECODE,665,0,665,1899.25,24.96,1
9889,DECODE,664,0,664,1900.27,24.81,1
9890,DECODE,664,0,664,1901.27,24.98,1
9891,DECODE,664,0,664,1902.27,24.88,1
9892,DECODE,664,0,664,1903.27,24.78,1
9893,DECODE,663,0,663,1904.44,25.40,1
9894,DECODE,663,0,663,1905.44,25.20,1
9895,DECODE,662,0,662,1906.40,25.06,1
9896,DECODE,662,0,662,1907.40,24.96,1
9897,DECODE,661,0,661,1908.37,24.99,1
9898,DECODE,661,0,661,1909.37,25.06,1
9899,DECODE,661,0,661,1910.37,25.05,1
9900,DECODE,661,0,661,1911.37,25.27,1
9901,DECODE,660,0,660,1912.50,24.82,1
9902,DECODE,660,0,660,1913.50,24.75,1
9903,DECODE,660,0,660,1914.50,24.81,1
9904,DECODE,659,0,659,1915.64,25.04,1
9905,DECODE,659,0,659,1916.64,24.87,1
9906,DECODE,659,0,659,1917.64,24.88,1
9907,DECODE,658,0,658,1918.78,25.00,1
9908,DECODE,658,0,658,1919.78,24.82,1
9909,DECODE,657,0,657,1920.93,24.87,1
9910,DECODE,657,0,657,1921.93,24.92,1
9911,DECODE,656,0,656,1923.04,24.57,1
9912,DECODE,656,0,656,1924.04,24.50,1
9913,DECODE,655,0,655,1925.07,24.79,1
9914,DECODE,655,0,655,1926.07,24.80,1
9915,DECODE,655,0,655,1927.07,24.85,1
9916,DECODE,655,0,655,1928.07,24.87,1
9917,DECODE,654,0,654,1929.05,24.91,1
9918,DECODE,654,0,654,1930.05,24.80,1
9919,DECODE,654,0,654,1931.05,24.67,1
9920,DECODE,654,0,654,1932.05,24.68,1
9921,DECODE,653,0,653,1933.20,24.74,1
9922,DECODE,653,0,653,1934.20,24.82,1
9923,DECODE,653,0,653,1935.20,24.70,1
9924,DECODE,652,0,652,1936.36,24.77,1
9925,DECODE,651,0,651,1937.38,24.91,1
9926,DECODE,651,0,651,1938.38,24.84,1
9927,DECODE,651,0,651,1939.38,24.73,1
9928,DECODE,651,0,651,1940.38,24.92,1
9929,DECODE,650,0,650,1941.28,24.98,1
9930,DECODE,650,0,650,1942.28,25.09,1
9931,DECODE,650,0,650,1943.28,24.68,1
9932,DECODE,649,0,649,1944.40,24.82,1
9933,DECODE,649,0,649,1945.40,24.79,1
9934,DECODE,649,0,649,1946.40,24.68,1
9935,DECODE,648,0,648,1947.54,24.51,1
9936,DECODE,648,0,648,1948.54,24.53,1
9937,DECODE,648,0,648,1949.54,24.48,1
9938,DECODE,647,0,647,1950.68,24.93,1
9939,DECODE,647,0,647,1951.68,24.76,1
9940,DECODE,647,0,647,1952.68,24.68,1
9941,DECODE,645,0,645,1953.90,25.07,1
9942,DECODE,645,0,645,1954.90,25.78,1
9943,DECODE,644,0,644,1955.89,24.52,1
9944,DECODE,644,0,644,1956.89,24.68,1
9945,DECODE,644,0,644,1957.89,24.56,1
9946,DECODE,644,0,644,1958.89,24.45,1
9947,DECODE,644,0,644,1959.89,24.53,1
9948,DECODE,644,0,644,1960.89,24.58,1
9949,DECODE,643,0,643,1961.86,26.40,1
9950,DECODE,643,0,643,1962.86,24.89,1
9951,DECODE,643,0,643,1963.86,24.85,1
9952,DECODE,643,0,643,1964.86,24.81,1
9953,DECODE,642,0,642,1966.01,24.62,1
9954,DECODE,642,0,642,1967.01,24.73,1
9955,DECODE,642,0,642,1968.01,24.81,1
9956,DECODE,641,0,641,1969.17,24.73,1
9957,DECODE,641,0,641,1970.17,24.76,1
9958,DECODE,641,0,641,1971.17,24.68,1
9959,DECODE,640,0,640,1972.33,24.21,1
9960,DECODE,640,0,640,1973.33,24.31,1
9961,DECODE,640,0,640,1974.33,24.28,1
9962,DECODE,639,0,639,1975.49,24.97,1
9963,DECODE,639,0,639,1976.49,24.53,1
9964,DECODE,639,0,639,1977.49,24.63,1
9965,DECODE,638,0,638,1978.66,24.76,1
9966,DECODE,637,0,637,1979.66,24.60,1
9967,DECODE,637,0,637,1980.66,24.67,1
9968,DECODE,637,0,637,1981.66,24.71,1
9969,DECODE,637,0,637,1982.66,24.69,1
9970,DECODE,637,0,637,1983.66,24.62,1
9971,DECODE,636,0,636,1984.63,25.24,1
9972,DECODE,636,0,636,1985.63,24.45,1
9973,DECODE,636,0,636,1986.63,24.53,1
9974,DECODE,635,0,635,1987.71,24.63,1
9975,DECODE,635,0,635,1988.71,24.63,1
9976,DECODE,635,0,635,1989.71,24.51,1
9977,DECODE,634,0,634,1990.78,24.71,1
9978,DECODE,634,0,634,1991.78,24.50,1
9979,DECODE,634,0,634,1992.78,24.71,1
9980,DECODE,633,0,633,1993.85,24.85,1
9981,DECODE,631,0,631,1995.13,24.70,1
9982,DECODE,631,0,631,1996.13,24.50,1
9983,DECODE,631,0,631,1997.13,24.48,1
9984,DECODE,631,0,631,1998.13,24.49,1
9985,DECODE,631,0,631,1999.13,24.70,1
9986,DECODE,631,0,631,2000.13,24.65,1
9987,DECODE,631,0,631,2001.13,24.64,1
9988,DECODE,631,0,631,2002.13,24.79,1
9989,DECODE,630,0,630,2003.21,25.01,1
9990,DECODE,630,0,630,2004.21,24.74,1
9991,DECODE,630,0,630,2005.21,24.46,1
9992,DECODE,629,0,629,2006.34,24.57,1
9993,DECODE,629,0,629,2007.34,26.34,1
9994,DECODE,629,0,629,2008.34,24.43,1
9995,DECODE,628,0,628,2009.30,24.11,1
9996,DECODE,628,0,628,2010.30,24.13,1
9997,DECODE,628,0,628,2011.30,24.19,1
9998,DECODE,627,0,627,2012.44,24.29,1
9999,DECODE,627,0,627,2013.44,24.42,1
10000,DECODE,627,0,627,2014.44,24.65,1
10001,DECODE,626,0,626,2015.51,24.60,1
10002,DECODE,626,0,626,2016.51,24.49,1
10003,DECODE,626,0,626,2017.51,24.97,1
10004,DECODE,625,0,625,2018.65,25.04,1
10005,DECODE,625,0,625,2019.65,24.68,1
10006,DECODE,624,0,624,2020.78,24.52,1
10007,DECODE,624,0,624,2021.78,24.35,1
10008,DECODE,624,0,624,2022.78,24.43,1
10009,DECODE,624,0,624,2023.78,24.36,1
10010,DECODE,624,0,624,2024.78,24.45,1
10011,DECODE,623,0,623,2025.96,24.50,1
10012,DECODE,622,0,622,2027.04,24.79,1
10013,DECODE,622,0,622,2028.04,24.63,1
10014,DECODE,620,0,620,2028.22,24.47,1
10015,DECODE,620,0,620,2029.22,24.35,1
10016,DECODE,619,0,619,2030.30,24.49,1
10017,DECODE,619,0,619,2031.30,24.52,1
10018,DECODE,619,0,619,2032.30,24.43,1
10019,DECODE,619,0,619,2033.30,24.51,1
10020,DECODE,619,0,619,2034.30,24.55,1
10021,DECODE,619,0,619,2035.30,24.45,1
10022,DECODE,619,0,619,2036.30,24.63,1
10023,DECODE,619,0,619,2037.30,24.59,1
10024,DECODE,618,0,618,2038.14,24.58,1
10025,DECODE,618,0,618,2039.14,24.52,1
10026,DECODE,618,0,618,2040.14,24.45,1
10027,DECODE,618,0,618,2041.14,24.52,1
10028,DECODE,618,0,618,2042.14,24.64,1
10029,DECODE,618,0,618,2043.14,24.63,1
10030,DECODE,617,0,617,2044.22,24.42,1
10031,DECODE,617,0,617,2045.22,24.62,1
10032,DECODE,617,0,617,2046.22,24.46,1
10033,DECODE,617,0,617,2047.22,24.55,1
10034,DECODE,616,0,616,2048.41,24.47,1
10035,DECODE,616,0,616,2049.41,24.57,1
10036,DECODE,614,0,614,2050.52,24.62,1
10037,DECODE,614,0,614,2051.52,24.78,1
10038,DECODE,614,0,614,2052.52,24.88,1
10039,DECODE,614,0,614,2053.52,24.77,1
10040,DECODE,614,0,614,2054.52,24.93,1
10041,DECODE,614,0,614,2055.52,25.12,1
10042,DECODE,614,0,614,2056.52,24.90,1
10043,DECODE,614,0,614,2057.52,24.83,1
10044,DECODE,613,0,613,2058.46,24.84,1
10045,DECODE,613,0,613,2059.46,24.88,1
10046,DECODE,613,0,613,2060.46,24.94,1
10047,DECODE,612,0,612,2061.55,24.67,1
10048,DECODE,612,0,612,2062.55,24.58,1
10049,DECODE,612,0,612,2063.55,24.59,1
10050,DECODE,611,0,611,2064.64,24.93,1
10051,DECODE,611,0,611,2065.64,24.94,1
10052,DECODE,611,0,611,2066.64,24.79,1
10053,DECODE,611,0,611,2067.64,24.98,1
10054,DECODE,610,0,610,2068.68,25.10,1
10055,DECODE,610,0,610,2069.68,24.92,1
10056,DECODE,610,0,610,2070.68,24.71,1
10057,DECODE,609,0,609,2071.74,24.74,1
10058,DECODE,609,0,609,2072.74,24.75,1
10059,DECODE,609,0,609,2073.74,25.09,1
10060,DECODE,608,0,608,2074.83,24.52,1
10061,DECODE,608,0,608,2075.83,24.53,1
10062,DECODE,608,0,608,2076.83,24.53,1
10063,DECODE,607,0,607,2077.03,24.97,1
10064,DECODE,606,0,606,2077.23,24.64,1
10065,DECODE,606,0,606,2078.23,24.73,1
10066,DECODE,606,0,606,2079.23,24.76,1
10067,DECODE,606,0,606,2080.23,24.87,1
10068,DECODE,606,0,606,2081.23,25.00,1
10069,DECODE,606,0,606,2082.23,25.17,1
10070,DECODE,605,0,605,2082.44,24.85,1
10071,DECODE,604,0,604,2083.46,24.84,1
10072,DECODE,602,0,602,2084.66,24.88,1
10073,DECODE,602,0,602,2085.66,24.82,1
10074,DECODE,602,0,602,2086.66,24.79,1
10075,DECODE,602,0,602,2087.66,25.09,1
10076,DECODE,602,0,602,2088.66,24.83,1
10077,DECODE,602,0,602,2089.66,24.77,1
10078,DECODE,602,0,602,2090.66,25.02,1
10079,DECODE,602,0,602,2091.66,24.91,1
10080,DECODE,602,0,602,2092.66,24.90,1
10081,DECODE,602,0,602,2093.66,24.85,1
10082,DECODE,602,0,602,2094.66,24.96,1
10083,DECODE,600,0,600,2095.85,24.88,1
10084,DECODE,599,0,599,2096.90,24.61,1
10085,DECODE,599,0,599,2097.90,24.76,1
10086,DECODE,599,0,599,2098.90,24.72,1
10087,DECODE,599,0,599,2099.90,24.74,1
10088,DECODE,598,0,598,2100.91,24.78,1
10089,DECODE,598,0,598,2101.91,24.76,1
10090,DECODE,598,0,598,2102.91,24.76,1
10091,DECODE,598,0,598,2103.91,25.01,1
10092,DECODE,596,0,596,2104.20,24.45,1
10093,DECODE,596,0,596,2105.20,24.40,1
10094,DECODE,595,0,595,2106.29,25.05,1
10095,DECODE,595,0,595,2107.29,24.82,1
10096,DECODE,595,0,595,2108.29,24.66,1
10097,DECODE,595,0,595,2109.29,24.61,1
10098,DECODE,595,0,595,2110.29,28.73,1
10099,DECODE,594,0,594,2111.39,28.26,1
10100,DECODE,594,0,594,2112.39,26.07,1
10101,DECODE,594,0,594,2113.39,24.15,1
10102,DECODE,594,0,594,2114.39,27.29,1
10103,DECODE,594,0,594,2115.39,24.61,1
10104,DECODE,594,0,594,2116.39,24.46,1
10105,DECODE,594,0,594,2117.39,24.53,1
10106,DECODE,594,0,594,2118.39,24.46,1
10107,DECODE,594,0,594,2119.39,24.60,1
10108,DECODE,594,0,594,2120.39,24.30,1
10109,DECODE,594,0,594,2121.39,24.49,1
10110,DECODE,594,0,594,2122.39,24.54,1
10111,DECODE,593,0,593,2122.65,25.86,1
10112,DECODE,592,0,592,2123.78,24.40,1
10113,DECODE,592,0,592,2124.78,24.38,1
10114,DECODE,592,0,592,2125.78,24.25,1
10115,DECODE,592,0,592,2126.78,24.20,1
10116,DECODE,592,0,592,2127.78,24.15,1
10117,DECODE,591,0,591,2128.69,24.26,1
10118,DECODE,591,0,591,2129.69,24.24,1
10119,DECODE,591,0,591,2130.69,24.33,1
10120,DECODE,591,0,591,2131.69,24.27,1
10121,DECODE,590,0,590,2132.79,24.24,1
10122,DECODE,590,0,590,2133.79,24.19,1
10123,DECODE,590,0,590,2134.79,24.30,1
10124,DECODE,590,0,590,2135.79,24.42,1
10125,DECODE,590,0,590,2136.79,24.15,1
10126,DECODE,590,0,590,2137.79,24.31,1
10127,DECODE,590,0,590,2138.79,24.32,1
10128,DECODE,590,0,590,2139.79,24.30,1
10129,DECODE,590,0,590,2140.79,24.35,1
10130,DECODE,589,0,589,2141.91,24.29,1
10131,DECODE,589,0,589,2142.91,24.30,1
10132,DECODE,588,0,588,2143.98,23.93,1
10133,DECODE,588,0,588,2144.98,24.04,1
10134,DECODE,588,0,588,2145.98,23.90,1
10135,DECODE,588,0,588,2146.98,24.10,1
10136,DECODE,586,0,586,2147.89,30.63,1
10137,DECODE,585,0,585,2148.18,24.34,1
10138,DECODE,585,0,585,2149.18,24.32,1
10139,DECODE,585,0,585,2150.18,24.30,1
10140,DECODE,585,0,585,2151.18,24.42,1
10141,DECODE,585,0,585,2152.18,24.36,1
10142,DECODE,585,0,585,2153.18,24.35,1
10143,DECODE,585,0,585,2154.18,24.44,1
10144,DECODE,582,0,582,2154.65,24.15,1
10145,DECODE,582,0,582,2155.65,24.40,1
10146,DECODE,582,0,582,2156.65,24.47,1
10147,DECODE,582,0,582,2157.65,24.46,1
10148,DECODE,582,0,582,2158.65,24.28,1
10149,DECODE,582,0,582,2159.65,24.29,1
10150,DECODE,582,0,582,2160.65,24.38,1
10151,DECODE,582,0,582,2161.65,24.48,1
10152,DECODE,582,0,582,2162.65,24.58,1
10153,DECODE,582,0,582,2163.65,24.35,1
10154,DECODE,582,0,582,2164.65,24.23,1
10155,DECODE,582,0,582,2165.65,24.44,1
10156,DECODE,582,0,582,2166.65,24.22,1
10157,DECODE,581,0,581,2167.81,24.42,1
10158,DECODE,580,0,580,2168.83,24.24,1
10159,DECODE,580,0,580,2169.83,24.16,1
10160,DECODE,580,0,580,2170.83,24.65,1
10161,DECODE,580,0,580,2171.83,24.16,1
10162,DECODE,580,0,580,2172.83,24.16,1
10163,DECODE,579,0,579,2173.87,24.48,1
10164,DECODE,579,0,579,2174.87,24.34,1
10165,DECODE,578,0,578,2175.98,24.28,1
10166,DECODE,578,0,578,2176.98,24.42,1
10167,DECODE,578,0,578,2177.98,24.23,1
10168,DECODE,577,0,577,2179.13,24.22,1
10169,DECODE,577,0,577,2180.13,24.47,1
10170,DECODE,577,0,577,2181.13,24.35,1
10171,DECODE,576,0,576,2182.02,24.21,1
10172,DECODE,575,0,575,2182.37,26.49,1
10173,DECODE,574,0,574,2183.22,24.42,1
10174,DECODE,574,0,574,2184.22,24.27,1
10175,DECODE,574,0,574,2185.22,24.25,1
10176,DECODE,574,0,574,2186.22,24.37,1
10177,DECODE,574,0,574,2187.22,24.37,1
10178,DECODE,574,0,574,2188.22,24.48,1
10179,DECODE,574,0,574,2189.22,24.22,1
10180,DECODE,573,0,573,2190.28,24.31,1
10181,DECODE,572,0,572,2191.35,24.22,1
10182,DECODE,572,0,572,2192.35,24.11,1
10183,DECODE,572,0,572,2193.35,23.97,1
10184,DECODE,572,0,572,2194.35,24.12,1
10185,DECODE,572,0,572,2195.35,24.20,1
10186,DECODE,572,0,572,2196.35,24.16,1
10187,DECODE,571,0,571,2197.17,24.25,1
10188,DECODE,571,0,571,2198.17,24.54,1
10189,DECODE,571,0,571,2199.17,24.20,1
10190,DECODE,571,0,571,2200.17,24.25,1
10191,DECODE,571,0,571,2201.17,24.40,1
10192,DECODE,571,0,571,2202.17,24.19,1
10193,DECODE,570,0,570,2203.30,24.28,1
10194,DECODE,570,0,570,2204.30,24.47,1
10195,DECODE,570,0,570,2205.30,24.82,1
10196,DECODE,570,0,570,2206.30,24.22,1
10197,DECODE,570,0,570,2207.30,24.34,1
10198,DECODE,569,0,569,2208.14,24.24,1
10199,DECODE,569,0,569,2209.14,24.51,1
10200,DECODE,569,0,569,2210.14,24.23,1
10201,DECODE,569,0,569,2211.14,24.27,1
10202,DECODE,569,0,569,2212.14,24.31,1
10203,DECODE,569,0,569,2213.14,24.33,1
10204,DECODE,568,0,568,2214.19,24.10,1
10205,DECODE,568,0,568,2215.19,24.10,1
10206,DECODE,568,0,568,2216.19,24.18,1
10207,DECODE,568,0,568,2217.19,24.09,1
10208,DECODE,568,0,568,2218.19,24.01,1
10209,DECODE,568,0,568,2219.19,24.35,1
10210,DECODE,568,0,568,2220.19,24.17,1
10211,DECODE,568,0,568,2221.19,24.17,1
10212,DECODE,568,0,568,2222.19,24.11,1
10213,DECODE,568,0,568,2223.19,24.21,1
10214,DECODE,567,0,567,2224.32,24.41,1
10215,DECODE,567,0,567,2225.32,24.44,1
10216,DECODE,567,0,567,2226.32,24.28,1
10217,DECODE,566,0,566,2227.39,24.47,1
10218,DECODE,566,0,566,2228.39,24.31,1
10219,DECODE,566,0,566,2229.39,24.31,1
10220,DECODE,566,0,566,2230.39,24.38,1
10221,DECODE,565,0,565,2231.48,24.40,1
10222,DECODE,565,0,565,2232.48,24.46,1
10223,DECODE,565,0,565,2233.48,24.34,1
10224,DECODE,565,0,565,2234.48,24.58,1
10225,DECODE,565,0,565,2235.48,24.43,1
10226,DECODE,563,0,563,2235.87,24.32,1
10227,DECODE,563,0,563,2236.87,24.91,1
10228,DECODE,562,0,562,2237.29,24.11,1
10229,DECODE,561,0,561,2238.27,24.31,1
10230,DECODE,561,0,561,2239.27,24.31,1
10231,DECODE,560,0,560,2240.38,23.90,1
10232,DECODE,560,0,560,2241.38,23.90,1
10233,DECODE,560,0,560,2242.38,24.02,1
10234,DECODE,560,0,560,2243.38,24.40,1
10235,DECODE,560,0,560,2244.38,23.97,1
10236,DECODE,560,0,560,2245.38,23.94,1
10237,DECODE,560,0,560,2246.38,23.94,1
10238,DECODE,560,0,560,2247.38,23.92,1
10239,DECODE,560,0,560,2248.38,23.94,1
10240,DECODE,560,0,560,2249.38,23.96,1
10241,DECODE,560,0,560,2250.38,25.25,1
10242,DECODE,559,0,559,2250.82,24.20,1
10243,DECODE,559,0,559,2251.82,24.07,1
10244,DECODE,559,0,559,2252.82,24.12,1
10245,DECODE,558,0,558,2253.89,24.25,1
10246,DECODE,558,0,558,2254.89,24.56,1
10247,DECODE,557,0,557,2255.34,24.39,1
10248,DECODE,557,0,557,2256.34,24.03,1
10249,DECODE,556,0,556,2257.35,24.28,1
10250,DECODE,556,0,556,2258.35,23.98,1
10251,DECODE,556,0,556,2259.35,23.96,1
10252,DECODE,556,0,556,2260.35,23.87,1
10253,DECODE,556,0,556,2261.35,23.91,1
10254,DECODE,556,0,556,2262.35,24.19,1
10255,DECODE,555,0,555,2262.81,24.32,1
10256,DECODE,553,0,553,2263.33,24.30,1
10257,DECODE,553,0,553,2264.33,24.36,1
10258,DECODE,553,0,553,2265.33,24.01,1
10259,DECODE,553,0,553,2266.33,24.18,1
10260,DECODE,553,0,553,2267.33,24.21,1
10261,DECODE,553,0,553,2268.33,24.27,1
10262,DECODE,553,0,553,2269.33,24.17,1
10263,DECODE,552,0,552,2269.81,23.99,1
10264,DECODE,551,0,551,2270.95,24.04,1
10265,DECODE,551,0,551,2271.95,23.93,1
10266,DECODE,551,0,551,2272.95,24.03,1
10267,DECODE,551,0,551,2273.95,24.00,1
10268,DECODE,551,0,551,2274.95,23.82,1
10269,DECODE,551,0,551,2275.95,24.04,1
10270,DECODE,551,0,551,2276.95,24.05,1
10271,DECODE,550,0,550,2277.79,24.17,1
10272,DECODE,550,0,550,2278.79,23.99,1
10273,DECODE,549,0,549,2279.57,23.91,1
10274,DECODE,549,0,549,2280.57,23.95,1
10275,DECODE,549,0,549,2281.57,23.91,1
10276,DECODE,548,0,548,2282.61,23.79,1
10277,DECODE,548,0,548,2283.61,23.72,1
10278,DECODE,548,0,548,2284.61,23.68,1
10279,DECODE,548,0,548,2285.61,24.05,1
10280,DECODE,547,0,547,2286.11,23.98,1
10281,DECODE,547,0,547,2287.11,24.02,1
10282,DECODE,546,0,546,2288.24,24.06,1
10283,DECODE,546,0,546,2289.24,24.06,1
10284,DECODE,545,0,545,2290.26,24.11,1
10285,DECODE,543,0,543,2290.27,24.16,1
10286,DECODE,541,0,541,2290.70,24.07,1
10287,DECODE,541,0,541,2291.70,24.01,1
10288,DECODE,541,0,541,2292.70,24.01,1
10289,DECODE,540,0,540,2293.54,23.65,1
10290,DECODE,540,0,540,2294.54,24.26,1
10291,DECODE,539,0,539,2295.05,25.75,1
10292,DECODE,539,0,539,2296.05,26.01,1
10293,DECODE,539,0,539,2297.05,25.22,1
10294,DECODE,539,0,539,2298.05,24.76,1
10295,DECODE,539,0,539,2299.05,24.40,1
10296,DECODE,536,0,536,2299.68,23.93,1
10297,DECODE,536,0,536,2300.68,24.07,1
10298,DECODE,536,0,536,2301.68,23.87,1
10299,DECODE,535,0,535,2302.65,24.08,1
10300,DECODE,535,0,535,2303.65,24.08,1
10301,DECODE,533,0,533,2303.69,24.16,1
10302,DECODE,533,0,533,2304.69,24.25,1
10303,DECODE,533,0,533,2305.69,24.05,1
10304,DECODE,533,0,533,2306.69,24.07,1
10305,DECODE,533,0,533,2307.69,24.13,1
10306,DECODE,533,0,533,2308.69,24.26,1
10307,DECODE,533,0,533,2309.69,24.07,1
10308,DECODE,533,0,533,2310.69,24.06,1
10309,DECODE,533,0,533,2311.69,24.11,1
10310,DECODE,533,0,533,2312.69,24.57,1
10311,DECODE,530,0,530,2312.70,24.68,1
10312,DECODE,530,0,530,2313.70,24.55,1
10313,DECODE,530,0,530,2314.70,24.29,1
10314,DECODE,530,0,530,2315.70,24.08,1
10315,DECODE,529,0,529,2316.75,24.04,1
10316,DECODE,529,0,529,2317.75,23.92,1
10317,DECODE,529,0,529,2318.75,23.87,1
10318,DECODE,529,0,529,2319.75,24.01,1
10319,DECODE,529,0,529,2320.75,24.38,1
10320,DECODE,528,0,528,2321.30,23.57,1
10321,DECODE,527,0,527,2322.41,23.80,1
10322,DECODE,527,0,527,2323.41,23.62,1
10323,DECODE,527,0,527,2324.41,23.57,1
10324,DECODE,526,0,526,2324.96,23.76,1
10325,DECODE,526,0,526,2325.96,23.78,1
10326,DECODE,524,0,524,2326.07,23.25,1
10327,DECODE,524,0,524,2327.07,23.53,1
10328,DECODE,524,0,524,2328.07,23.38,1
10329,DECODE,523,0,523,2328.63,23.55,1
10330,DECODE,521,0,521,2329.18,23.51,1
10331,DECODE,521,0,521,2330.18,23.26,1
10332,DECODE,521,0,521,2331.18,23.38,1
10333,DECODE,519,0,519,2331.87,23.13,1
10334,DECODE,519,0,519,2332.87,23.38,1
10335,DECODE,518,0,518,2333.43,23.19,1
10336,DECODE,518,0,518,2334.43,23.16,1
10337,DECODE,518,0,518,2335.43,23.18,1
10338,DECODE,518,0,518,2336.43,23.25,1
10339,DECODE,518,0,518,2337.43,23.20,1
10340,DECODE,517,0,517,2338.44,23.26,1
10341,DECODE,517,0,517,2339.44,23.22,1
10342,DECODE,517,0,517,2340.44,23.24,1
10343,DECODE,517,0,517,2341.44,23.10,1
10344,DECODE,517,0,517,2342.44,23.17,1
10345,DECODE,517,0,517,2343.44,23.21,1
10346,DECODE,517,0,517,2344.44,23.50,1
10347,DECODE,517,0,517,2345.44,23.17,1
10348,DECODE,517,0,517,2346.44,23.23,1
10349,DECODE,516,0,516,2347.02,23.22,1
10350,DECODE,516,0,516,2348.02,24.84,1
10351,DECODE,516,0,516,2349.02,23.07,1
10352,DECODE,516,0,516,2350.02,23.11,1
10353,DECODE,516,0,516,2351.02,23.17,1
10354,DECODE,515,0,515,2352.09,23.25,1
10355,DECODE,515,0,515,2353.09,23.38,1
10356,DECODE,515,0,515,2354.09,23.33,1
10357,DECODE,515,0,515,2355.09,23.34,1
10358,DECODE,515,0,515,2356.09,23.33,1
10359,DECODE,514,0,514,2356.69,23.17,1
10360,DECODE,512,0,512,2357.72,22.07,1
10361,DECODE,512,0,512,2358.72,22.13,1
10362,DECODE,512,0,512,2359.72,21.95,1
10363,DECODE,512,0,512,2360.72,21.92,1
10364,DECODE,512,0,512,2361.72,21.97,1
10365,DECODE,512,0,512,2362.72,23.01,1
10366,DECODE,512,0,512,2363.72,22.79,1
10367,DECODE,512,0,512,2364.72,23.13,1
10368,DECODE,512,0,512,2365.72,23.61,1
10369,DECODE,512,0,512,2366.72,23.16,1
10370,DECODE,512,0,512,2367.72,23.32,1
10371,DECODE,512,0,512,2368.72,23.24,1
10372,DECODE,512,0,512,2369.72,23.29,1
10373,DECODE,512,0,512,2370.72,23.33,1
10374,DECODE,511,0,511,2371.72,23.80,1
10375,DECODE,511,0,511,2372.72,23.53,1
10376,DECODE,511,0,511,2373.72,23.14,1
10377,DECODE,511,0,511,2374.72,23.22,1
10378,DECODE,510,0,510,2375.36,23.80,1
10379,DECODE,508,0,508,2376.36,24.00,1
10380,DECODE,508,0,508,2377.36,23.85,1
10381,DECODE,506,0,506,2377.63,23.53,1
10382,DECODE,506,0,506,2378.63,23.61,1
10383,DECODE,506,0,506,2379.63,23.24,1
10384,DECODE,505,0,505,2380.28,23.55,1
10385,DECODE,505,0,505,2381.28,23.70,1
10386,DECODE,505,0,505,2382.28,23.06,1
10387,DECODE,504,0,504,2383.12,23.34,1
10388,DECODE,504,0,504,2384.12,23.71,1
10389,DECODE,503,0,503,2384.78,23.02,1
10390,DECODE,503,0,503,2385.78,23.46,1
10391,DECODE,503,0,503,2386.78,23.26,1
10392,DECODE,503,0,503,2387.78,22.95,1
10393,DECODE,503,0,503,2388.78,23.18,1
10394,DECODE,503,0,503,2389.78,23.05,1
10395,DECODE,503,0,503,2390.78,23.14,1
10396,DECODE,502,0,502,2391.44,23.50,1
10397,EXTEND,2,85,0,49.00,49.93,1
10398,DECODE,502,0,502,2382.78,21.96,1
10399,EXTEND,2,119,0,65.00,23.35,1
10400,DECODE,504,0,504,2374.59,21.76,1
10401,DECODE,504,0,504,2375.59,22.16,1
10402,DECODE,504,0,504,2376.59,22.17,1
10403,DECODE,503,0,503,2377.47,23.32,1
10404,EXTEND,1,43,0,52.00,35.30,1
10405,DECODE,503,0,503,2373.67,22.97,1
10406,EXTEND,1,76,0,80.00,28.38,1
10407,DECODE,504,0,504,2370.12,21.78,1
10408,DECODE,504,0,504,2371.12,21.80,1
10409,DECODE,504,0,504,2372.12,21.93,1
10410,DECODE,504,0,504,2373.12,22.15,1
10411,DECODE,504,0,504,2374.12,22.73,1
10412,DECODE,503,0,503,2374.75,23.72,1
10413,EXTEND,3,133,0,51.00,34.93,1
10414,DECODE,505,0,505,2361.58,21.79,1
10415,DECODE,505,0,505,2362.58,22.79,1
10416,DECODE,505,0,505,2363.58,22.79,1
10417,DECODE,504,0,504,2364.19,23.37,1
10418,EXTEND,1,283,0,290.00,48.09,1
10419,DECODE,505,0,505,2361.08,21.87,1
10420,DECODE,505,0,505,2362.08,21.81,1
10421,DECODE,503,0,503,2362.98,22.88,1
10422,EXTEND,3,108,0,43.00,44.77,1
10423,DECODE,504,0,504,2349.39,21.70,1
10424,EXTEND,3,229,0,82.33,24.79,1
10425,DECODE,507,0,507,2336.98,21.56,1
10426,DECODE,507,0,507,2337.98,21.71,1
10427,DECODE,507,0,507,2338.98,22.12,1
10428,DECODE,507,0,507,2339.98,22.31,1
10429,DECODE,506,0,506,2340.55,23.11,1
10430,EXTEND,1,129,0,135.00,43.15,1
10431,DECODE,506,0,506,2337.18,22.39,1
10432,EXTEND,2,144,0,85.50,16.87,1
10433,DECODE,508,0,508,2329.31,21.59,1
10434,DECODE,508,0,508,2330.31,21.90,1
10435,DECODE,508,0,508,2331.31,22.35,1
10436,DECODE,506,0,506,2331.41,22.40,1
10437,EXTEND,4,285,0,76.00,44.89,1
10438,DECODE,508,0,508,2314.28,21.95,1
10439,EXTEND,1,46,0,54.00,23.08,1
10440,DECODE,509,0,509,2310.84,21.62,1
10441,DECODE,509,0,509,2311.84,21.74,1
10442,DECODE,507,0,507,2312.51,21.98,1
10443,EXTEND,4,324,0,89.50,32.84,1
10444,DECODE,508,0,508,2295.43,21.93,1
10445,EXTEND,3,190,0,69.00,24.27,1
10446,DECODE,511,0,511,2283.36,21.59,1
10447,DECODE,511,0,511,2284.36,21.72,1
10448,DECODE,511,0,511,2285.36,22.09,1
10449,DECODE,510,0,510,2285.82,21.85,1
10450,EXTEND,2,202,0,107.00,37.16,1
10451,DECODE,512,0,512,2278.31,21.70,1
10452,DECODE,512,0,512,2279.31,22.90,1
10453,DECODE,512,0,512,2280.31,22.30,1
10454,DECODE,511,0,511,2280.77,23.36,1
10455,EXTEND,2,101,0,59.50,46.95,1
10456,DECODE,513,0,513,2273.11,22.93,1
10457,DECODE,513,0,513,2274.11,22.93,1
10458,DECODE,513,0,513,2275.11,23.14,1
10459,DECODE,512,0,512,2275.55,21.72,1
10460,EXTEND,2,356,0,186.50,22.38,1
10461,DECODE,512,0,512,2267.28,21.55,1
10462,EXTEND,2,249,0,129.00,24.16,1
10463,DECODE,514,0,514,2259.96,22.75,1
10464,DECODE,514,0,514,2260.96,23.15,1
10465,DECODE,513,0,513,2261.38,22.93,1
10466,EXTEND,1,44,0,50.00,15.64,1
10467,DECODE,512,0,512,2257.05,21.57,1
10468,EXTEND,3,258,0,90.67,23.17,1
10469,DECODE,513,0,513,2244.33,22.73,1
10470,EXTEND,3,419,0,144.67,21.14,1
10471,DECODE,516,0,516,2233.12,22.58,1
10472,DECODE,516,0,516,2234.12,22.69,1
10473,DECODE,515,0,515,2234.71,23.16,1
10474,EXTEND,3,240,0,84.33,15.73,1
10475,DECODE,516,0,516,2221.95,22.40,1
10476,EXTEND,2,134,0,82.00,15.68,1
10477,DECODE,516,0,516,2213.56,22.84,1
10478,EXTEND,3,181,0,64.00,22.71,1
10479,DECODE,519,0,519,2202.14,22.57,1
10480,DECODE,519,0,519,2203.14,22.89,1
10481,DECODE,518,0,518,2203.45,22.72,1
10482,EXTEND,2,113,0,63.50,29.46,1
10483,DECODE,518,0,518,2194.95,22.25,1
10484,EXTEND,2,121,0,66.50,16.15,1
10485,DECODE,520,0,520,2187.77,21.95,1
10486,DECODE,520,0,520,2188.77,22.18,1
10487,DECODE,520,0,520,2189.77,22.27,1
10488,DECODE,520,0,520,2190.77,22.16,1
10489,DECODE,518,0,518,2190.34,22.45,1
10490,EXTEND,3,325,0,115.67,23.33,1
10491,DECODE,519,0,519,2177.93,22.05,1
10492,EXTEND,3,202,0,71.00,15.87,1
10493,DECODE,521,0,521,2166.06,22.15,1
10494,EXTEND,2,122,0,65.50,28.50,1
10495,DECODE,521,0,521,2157.49,22.31,1
10496,EXTEND,3,460,0,158.33,22.70,1
10497,DECODE,523,0,523,2146.26,22.06,1
10498,EXTEND,2,84,0,46.50,16.04,1
10499,DECODE,524,0,524,2138.45,21.87,1
10500,EXTEND,2,474,0,241.50,22.26,1
10501,DECODE,524,0,524,2130.81,21.86,1
10502,EXTEND,3,364,0,127.00,22.32,1
10503,DECODE,525,0,525,2118.73,22.08,1
10504,EXTEND,3,259,0,90.67,23.21,1
10505,DECODE,528,0,528,2108.20,21.82,1
10506,DECODE,528,0,528,2109.20,22.03,1
10507,DECODE,528,0,528,2110.20,22.02,1
10508,DECODE,526,0,526,2109.49,22.32,1
10509,EXTEND,4,194,0,52.25,22.73,1
10510,DECODE,528,0,528,2093.39,21.84,1
10511,EXTEND,2,126,0,71.50,15.82,1
10512,DECODE,530,0,530,2086.76,22.09,1
10513,DECODE,530,0,530,2087.76,22.21,1
10514,DECODE,529,0,529,2087.87,22.30,1
10515,EXTEND,2,108,0,60.00,15.87,1
10516,DECODE,531,0,531,2081.23,22.03,1
10517,DECODE,531,0,531,2082.23,22.18,1
10518,DECODE,531,0,531,2083.23,23.45,1
10519,DECODE,528,0,528,2081.66,22.26,1
10520,EXTEND,5,851,0,175.00,16.32,1
10521,DECODE,531,0,531,2062.91,22.05,1
10522,EXTEND,3,289,0,101.00,23.85,1
10523,DECODE,534,0,534,2052.88,22.00,1
10524,DECODE,534,0,534,2053.88,22.03,1
10525,DECODE,534,0,534,2054.88,22.12,1
10526,DECODE,531,0,531,2053.03,21.97,1
10527,EXTEND,4,292,0,78.00,23.71,1
10528,DECODE,533,0,533,2037.31,21.99,1
10529,EXTEND,4,475,0,128.00,22.49,1
10530,DECODE,536,0,536,2023.09,21.64,1
10531,EXTEND,2,131,0,71.00,16.06,1
10532,DECODE,538,0,538,2016.83,21.81,1
10533,DECODE,538,0,538,2017.83,22.38,1
10534,DECODE,536,0,536,2016.81,32.99,1
10535,EXTEND,7,524,0,80.57,16.42,1
10536,DECODE,539,0,539,1988.63,21.87,1
10537,EXTEND,3,143,0,52.33,23.41,1
10538,DECODE,541,0,541,1977.84,21.60,1
10539,EXTEND,2,213,0,111.50,26.60,1
10540,DECODE,543,0,543,1971.97,21.55,1
10541,DECODE,543,0,543,1972.97,21.65,1
10542,DECODE,542,0,542,1972.88,21.78,1
10543,EXTEND,2,209,0,110.50,22.77,1
10544,DECODE,544,0,544,1967.03,21.66,1
10545,DECODE,544,0,544,1968.03,21.66,1
10546,DECODE,544,0,544,1969.03,21.76,1
10547,DECODE,542,0,542,1968.03,21.64,1
10548,EXTEND,3,241,0,87.67,23.84,1
10549,DECODE,543,0,543,1956.47,21.39,1
10550,EXTEND,3,523,0,179.67,15.69,1
10551,DECODE,544,0,544,1945.45,21.38,1
10552,EXTEND,4,220,0,68.75,23.67,1
10553,DECODE,546,0,546,1930.46,21.39,1
10554,EXTEND,3,267,0,92.33,15.79,1
10555,DECODE,545,0,545,1916.73,21.27,1
10556,EXTEND,5,360,0,81.20,21.77,1
10557,DECODE,550,0,550,1901.04,21.30,1
10558,DECODE,550,0,550,1902.04,21.40,1
10559,DECODE,548,0,548,1900.64,21.33,1
10560,EXTEND,5,2579,0,521.40,23.02,1
10561,DECODE,551,0,551,1886.73,21.27,1
10562,EXTEND,3,1402,0,471.67,16.22,1
10563,DECODE,551,0,551,1876.37,21.25,1
10564,EXTEND,4,2111,0,533.25,24.35,1
10565,DECODE,555,0,555,1867.69,21.24,1
10566,DECODE,555,0,555,1868.69,21.54,1
10567,DECODE,554,0,554,1868.44,21.62,1
10568,EXTEND,5,2991,0,605.40,23.29,1
10569,DECODE,555,0,555,1853.08,21.33,1
10570,EXTEND,3,2414,0,810.67,23.31,1
10571,DECODE,555,0,555,1844.63,21.15,1
10572,EXTEND,4,1961,0,497.25,23.33,1
10573,DECODE,558,0,558,1834.69,21.06,1
10574,EXTEND,3,1105,0,375.00,19.24,1
10575,DECODE,560,0,560,1826.58,20.95,1
10576,EXTEND,2,2008,0,1010.00,23.76,1
10577,DECODE,560,0,560,1822.04,21.62,1
10578,EXTEND,2,2179,0,1094.00,23.36,1
10579,DECODE,561,0,561,1819.13,21.08,1
10580,EXTEND,2,2396,0,1207.00,23.86,1
10581,DECODE,561,0,561,1815.31,20.94,1
10582,EXTEND,3,1272,0,432.33,22.18,1
10583,DECODE,561,0,561,1805.01,21.09,1
10584,EXTEND,3,4044,0,1355.33,26.16,1
10585,DECODE,562,0,562,1800.92,21.09,1
10586,EXTEND,3,2806,0,944.67,22.64,1
10587,DECODE,563,0,563,1794.67,20.94,1
10588,EXTEND,3,2880,0,966.67,25.56,1
10589,DECODE,565,0,565,1789.92,21.04,1
10590,EXTEND,2,2746,0,1389.50,23.55,1
10591,DECODE,566,0,566,1788.14,21.18,1
10592,EXTEND,2,1418,0,716.00,16.64,1
10593,DECODE,567,0,567,1784.00,21.36,1
10594,EXTEND,2,254,0,136.50,15.96,1
10595,DECODE,566,0,566,1775.07,20.79,1
10596,EXTEND,3,2792,0,943.00,22.59,1
10597,DECODE,568,0,568,1770.30,20.64,1
10598,EXTEND,2,2753,0,1382.50,21.79,1
10599,DECODE,565,0,565,1762.95,20.92,1
10600,EXTEND,5,2976,0,604.00,25.78,1
10601,DECODE,568,0,568,1750.94,20.55,1
10602,EXTEND,3,4103,0,1376.00,26.45,1
10603,DECODE,568,0,568,1745.69,20.68,1
10604,EXTEND,5,2952,0,596.80,23.02,1
10605,DECODE,569,0,569,1730.88,25.64,1
10606,EXTEND,5,4235,0,852.00,29.13,1
10607,DECODE,572,0,572,1721.30,21.71,1
10608,EXTEND,3,4120,0,1381.67,26.28,1
10609,DECODE,573,0,573,1717.60,20.62,1
10610,EXTEND,4,1732,0,442.25,23.72,1
10611,DECODE,575,0,575,1706.95,20.63,1
10612,EXTEND,4,1825,0,461.75,19.91,1
10613,DECODE,576,0,576,1694.86,20.44,1
10614,EXTEND,4,2936,0,741.75,23.33,1
10615,DECODE,578,0,578,1686.28,22.43,1
10616,EXTEND,4,207,0,56.00,15.87,1
10617,DECODE,582,0,582,1676.07,21.99,1
10618,DECODE,582,0,582,1677.07,21.01,1
10619,DECODE,580,0,580,1675.03,22.73,1
10620,EXTEND,5,299,0,67.20,21.71,1
10621,DECODE,582,0,582,1657.66,22.15,1
10622,EXTEND,4,2994,0,754.75,23.23,1
10623,DECODE,584,0,584,1649.39,20.20,1
10624,EXTEND,3,3096,0,1041.33,21.71,1
10625,DECODE,585,0,585,1644.31,20.59,1
10626,EXTEND,3,3226,0,1081.67,23.36,1
10627,DECODE,587,0,587,1640.88,20.58,1
10628,EXTEND,2,3105,0,1559.50,20.51,1
10629,DECODE,587,0,587,1638.47,20.45,1
10630,EXTEND,3,1658,0,560.00,23.52,1
10631,DECODE,586,0,586,1627.67,20.50,1
10632,EXTEND,4,4784,0,1203.00,30.06,1
10633,DECODE,586,0,586,1619.41,20.73,1
10634,EXTEND,5,4922,0,989.80,31.52,1
10635,DECODE,588,0,588,1610.26,20.32,1
10636,EXTEND,5,3497,0,708.00,24.82,1
10637,DECODE,590,0,590,1598.79,20.42,1
10638,EXTEND,5,1869,0,379.20,24.71,1
10639,DECODE,595,0,595,1589.54,20.29,1
10640,DECODE,595,0,595,1590.54,20.78,1
10641,DECODE,593,0,593,1588.30,20.53,1
10642,EXTEND,9,5345,0,601.22,32.60,1
10643,DECODE,590,0,590,1554.49,20.41,1
10644,EXTEND,9,8192,0,918.00,47.44,1
10645,EXTEND,10,7120,0,860.20,42.17,1
10646,DECODE,602,0,602,1524.65,20.52,1
10647,EXTEND,5,1977,0,403.40,21.82,1
10648,DECODE,603,0,603,1509.49,20.23,1
10649,EXTEND,6,3727,0,627.17,24.64,1
10650,DECODE,609,0,609,1501.80,20.27,1
10651,DECODE,609,0,609,1502.80,20.51,1
10652,DECODE,606,0,606,1498.56,20.39,1
10653,EXTEND,7,2171,0,315.71,20.20,1
10654,DECODE,607,0,607,1475.44,20.10,1
10655,EXTEND,7,3780,0,547.00,26.44,1
10656,DECODE,605,0,605,1449.67,19.74,1
10657,EXTEND,10,7616,0,768.50,45.65,1
10658,DECODE,609,0,609,1428.55,19.98,1
10659,EXTEND,10,8062,0,815.00,46.42,1
10660,DECODE,616,0,616,1414.09,20.15,1
10661,EXTEND,7,7516,0,1079.00,43.37,1
10662,DECODE,620,0,620,1405.85,20.03,1
10663,EXTEND,5,7623,0,1535.60,44.15,1
10664,DECODE,621,0,621,1400.47,20.44,1
10665,EXTEND,6,3946,0,663.50,25.49,1
10666,DECODE,623,0,623,1386.93,19.62,1
10667,EXTEND,5,7709,0,1547.40,44.37,1
10668,DECODE,625,0,625,1383.59,28.40,1
10669,EXTEND,4,5862,0,1473.25,36.01,1
10670,DECODE,627,0,627,1381.41,19.65,1
10671,EXTEND,4,4061,0,1023.25,26.95,1
10672,DECODE,628,0,628,1374.50,19.65,1
10673,EXTEND,4,3987,0,1003.00,26.21,1
10674,DECODE,628,0,628,1365.59,19.42,1
10675,EXTEND,6,2380,0,402.50,25.24,1
10676,DECODE,632,0,632,1353.67,19.35,1
10677,EXTEND,5,4157,0,835.60,28.00,1
10678,DECODE,632,0,632,1341.04,19.70,1
10679,EXTEND,5,6202,0,1244.60,38.27,1
10680,DECODE,635,0,635,1337.44,20.13,1
10681,EXTEND,6,445,0,82.33,22.72,1
10682,DECODE,637,0,637,1318.95,19.31,1
10683,EXTEND,7,366,0,58.29,30.18,1
10684,DECODE,643,0,643,1304.30,20.38,1
10685,EXTEND,5,786,0,162.60,15.96,1
10686,DECODE,645,0,645,1290.61,19.95,1
10687,EXTEND,4,2256,0,573.00,23.12,1
10688,DECODE,647,0,647,1283.25,19.64,1
10689,EXTEND,5,559,0,120.00,16.01,1
10690,DECODE,648,0,648,1267.40,19.24,1
10691,EXTEND,6,723,0,127.00,16.73,1
10692,DECODE,652,0,652,1253.95,19.18,1
10693,EXTEND,5,291,0,63.80,15.69,1
10694,DECODE,653,0,653,1237.84,19.33,1
10695,EXTEND,6,2862,0,483.33,23.11,1
10696,DECODE,650,0,650,1213.58,19.06,1
10697,EXTEND,13,1322,0,112.00,15.75,1
10698,DECODE,658,0,658,1182.59,19.95,1
10699,EXTEND,11,884,0,86.18,15.63,1
10700,DECODE,660,0,660,1147.87,19.91,1
10701,EXTEND,14,1257,0,96.71,21.22,1
10702,DECODE,667,0,667,1112.00,19.03,1
10703,EXTEND,14,1072,0,83.00,20.76,1
10704,DECODE,673,0,673,1074.40,18.79,1
10705,EXTEND,15,1257,0,89.73,16.96,1
10706,DECODE,684,0,684,1045.12,18.90,1
10707,EXTEND,12,885,0,79.17,15.87,1
10708,DECODE,695,0,695,1027.26,18.86,1
10709,EXTEND,7,457,0,71.71,22.41,1
10710,DECODE,697,0,697,1007.68,18.76,1
10711,EXTEND,9,724,0,86.89,15.64,1
10712,DECODE,701,0,701,985.79,18.60,1
10713,EXTEND,9,771,0,91.44,15.71,1
10714,DECODE,704,0,704,961.95,18.33,1
10715,EXTEND,11,705,0,72.27,15.61,1
10716,DECODE,708,0,708,933.34,18.02,1
10717,EXTEND,13,981,0,87.00,16.08,1
10718,DECODE,717,0,717,909.92,18.28,1
10719,EXTEND,10,557,0,62.10,15.88,1
10720,DECODE,721,0,721,885.44,18.52,1
10721,EXTEND,12,761,0,70.75,15.78,1
10722,DECODE,727,0,727,859.18,18.28,1
10723,EXTEND,12,820,0,76.67,15.88,1
10724,DECODE,739,0,739,847.47,18.34,1
10725,DECODE,739,0,739,848.47,18.41,1
10726,DECODE,735,0,735,840.16,18.33,1
10727,EXTEND,17,1478,0,95.06,16.06,1
10728,DECODE,744,0,744,805.65,17.81,1
10729,EXTEND,11,822,0,83.27,15.61,1
10730,DECODE,751,0,751,786.73,17.91,1
10731,EXTEND,10,542,0,61.70,15.64,1
10732,DECODE,758,0,758,771.15,17.84,1
10733,EXTEND,8,645,0,86.25,16.80,1
10734,DECODE,762,0,762,756.99,18.83,1
10735,EXTEND,8,745,0,99.88,15.65,1
10736,DECODE,766,0,766,741.72,17.59,1
10737,EXTEND,9,637,0,77.78,17.00,1
10738,DECODE,773,0,773,730.29,17.71,1
10739,EXTEND,6,692,0,124.83,15.39,1
10740,DECODE,772,0,772,710.00,17.21,1
10741,EXTEND,11,1129,0,109.09,20.13,1
10742,DECODE,779,0,779,693.02,17.47,1
10743,EXTEND,10,600,0,68.40,15.54,1
10744,DECODE,785,0,785,676.56,17.51,1
10745,EXTEND,9,698,0,84.89,15.94,1
10746,DECODE,790,0,790,661.29,17.30,1
10747,EXTEND,9,613,0,75.44,15.83,1
10748,DECODE,799,0,799,655.69,17.59,1
10749,DECODE,799,0,799,656.69,17.44,1
10750,DECODE,796,0,796,650.51,17.23,1
10751,EXTEND,12,752,0,69.33,15.70,1
10752,DECODE,800,0,800,623.71,17.20,1
10753,EXTEND,12,931,0,85.50,15.97,1
10754,DECODE,807,0,807,604.71,17.67,1
10755,EXTEND,11,936,0,91.27,15.91,1
10756,DECODE,816,0,816,594.00,17.19,1
10757,EXTEND,8,525,0,73.75,16.07,1
10758,DECODE,820,0,820,580.34,17.40,1
10759,EXTEND,9,750,0,91.11,15.84,1
10760,DECODE,826,0,826,568.82,17.42,1
10761,EXTEND,8,599,0,81.12,15.89,1
10762,DECODE,832,0,832,560.35,17.26,1
10763,EXTEND,6,597,0,105.17,15.67,1
10764,DECODE,836,0,836,553.30,17.21,1
10765,EXTEND,6,761,0,133.17,15.84,1
10766,DECODE,839,0,839,544.13,17.35,1
10767,EXTEND,7,445,0,72.86,15.80,1
10768,DECODE,843,0,843,534.04,19.45,1
10769,EXTEND,7,459,0,70.71,24.01,1
10770,DECODE,847,0,847,524.04,17.45,1
10771,EXTEND,7,584,0,90.43,15.45,1
10772,DECODE,853,0,853,519.10,17.33,1
10773,EXTEND,5,812,0,168.60,15.42,1
10774,DECODE,856,0,856,513.28,17.20,1
10775,EXTEND,5,295,0,65.40,23.17,1
10776,DECODE,858,0,858,504.52,17.33,1
10777,EXTEND,6,384,0,70.17,17.49,1
10778,DECODE,862,0,862,497.73,17.31,1
10779,EXTEND,6,517,0,92.83,15.63,1
10780,DECODE,865,0,865,488.77,17.36,1
10781,EXTEND,6,389,0,72.00,21.24,1
10782,DECODE,870,0,870,484.52,17.27,1
10783,EXTEND,5,221,0,54.20,23.73,1
10784,DECODE,873,0,873,478.30,17.38,1
10785,EXTEND,5,358,0,80.40,21.37,1
10786,DECODE,877,0,877,474.66,17.52,1
10787,EXTEND,4,239,0,66.50,23.87,1
10788,DECODE,879,0,879,469.06,17.34,1
10789,EXTEND,5,274,0,61.60,23.28,1
10790,DECODE,882,0,882,463.01,17.21,1
10791,EXTEND,5,274,0,60.20,15.59,1
10792,DECODE,879,0,879,442.65,17.42,1
10793,EXTEND,11,942,0,93.73,15.93,1
10794,DECODE,888,0,888,434.56,17.25,1
10795,EXTEND,9,927,0,110.78,15.73,1
10796,DECODE,894,0,894,425.17,17.59,1
10797,EXTEND,8,904,0,121.12,16.08,1
10798,DECODE,897,0,897,411.56,17.35,1
10799,EXTEND,10,1113,0,117.80,17.32,1
10800,DECODE,907,0,907,409.32,17.15,1
10801,DECODE,907,0,907,410.32,17.19,1
10802,DECODE,905,0,905,406.57,17.15,1
10803,EXTEND,12,828,0,75.92,15.80,1
10804,DECODE,914,0,914,396.16,17.41,1
10805,EXTEND,7,402,0,68.57,22.65,1
10806,DECODE,920,0,920,392.32,17.34,1
10807,EXTEND,5,317,0,71.80,15.95,1
10808,DECODE,922,0,922,384.53,17.49,1
10809,EXTEND,6,379,0,69.67,23.54,1
10810,DECODE,927,0,927,381.15,17.45,1
10811,EXTEND,5,287,0,63.40,23.85,1
10812,DECODE,931,0,931,378.10,17.45,1
10813,EXTEND,5,274,0,62.60,15.76,1
10814,DECODE,934,0,934,372.74,17.45,1
10815,EXTEND,5,673,0,140.00,15.85,1
10816,DECODE,939,0,939,372.50,17.73,1
10817,DECODE,939,0,939,373.50,18.02,1
10818,DECODE,939,0,939,374.50,17.78,1
10819,DECODE,939,0,939,375.50,17.67,1
10820,DECODE,939,0,939,376.50,17.33,1
10821,DECODE,937,0,937,372.84,17.79,1
10822,EXTEND,8,868,0,114.00,15.70,1
10823,DECODE,943,0,943,367.01,17.47,1
10824,EXTEND,7,373,0,62.29,23.79,1
10825,DECODE,950,0,950,365.77,17.80,1
10826,DECODE,950,0,950,366.77,47.90,1
10827,DECODE,949,0,949,365.45,18.14,1
10828,EXTEND,7,672,0,102.00,17.51,1
10829,DECODE,956,0,956,364.53,17.45,1
10830,DECODE,956,0,956,365.53,17.14,1
10831,DECODE,956,0,956,366.53,17.40,1
10832,DECODE,956,0,956,367.53,17.37,1
10833,DECODE,956,0,956,368.53,17.31,1
10834,DECODE,956,0,956,369.53,17.22,1
10835,DECODE,955,0,955,368.23,17.27,1
10836,EXTEND,10,745,0,83.00,15.79,1
10837,DECODE,964,0,964,364.00,17.31,1
10838,EXTEND,6,448,0,80.17,15.86,1
10839,DECODE,970,0,970,363.24,17.43,1
10840,DECODE,970,0,970,364.24,17.36,1
10841,DECODE,970,0,970,365.24,17.60,1
10842,DECODE,970,0,970,366.24,17.37,1
10843,DECODE,970,0,970,367.24,17.46,1
10844,DECODE,970,0,970,368.24,17.66,1
10845,DECODE,970,0,970,369.24,17.47,1
10846,DECODE,970,0,970,370.24,17.44,1
10847,DECODE,970,0,970,371.24,17.53,1
10848,DECODE,970,0,970,372.24,17.59,1
10849,DECODE,970,0,970,373.24,17.40,1
10850,DECODE,970,0,970,374.24,17.72,1
10851,DECODE,970,0,970,375.24,17.39,1
10852,DECODE,970,0,970,376.24,17.48,1
10853,DECODE,970,0,970,377.24,17.33,1
10854,DECODE,970,0,970,378.24,17.43,1
10855,DECODE,970,0,970,379.24,17.44,1
10856,DECODE,970,0,970,380.24,17.57,1
10857,DECODE,970,0,970,381.24,17.37,1
10858,DECODE,970,0,970,382.24,17.43,1
10859,DECODE,970,0,970,383.24,17.53,1
10860,DECODE,969,0,969,382.63,17.53,1
10861,EXTEND,18,1152,0,69.94,21.71,1
10862,DECODE,987,0,987,377.92,17.87,1
10863,DECODE,987,0,987,378.92,17.90,1
10864,DECODE,987,0,987,379.92,17.68,1
10865,DECODE,987,0,987,380.92,17.65,1
10866,DECODE,987,0,987,381.92,17.77,1
10867,DECODE,987,0,987,382.92,17.87,1
10868,DECODE,987,0,987,383.92,17.77,1
10869,DECODE,987,0,987,384.92,17.71,1
10870,DECODE,987,0,987,385.92,18.67,1
10871,DECODE,987,0,987,386.92,18.81,1
10872,DECODE,986,0,986,386.59,18.76,1
10873,EXTEND,14,997,0,78.43,16.26,1
10874,DECODE,1000,0,1000,383.28,17.56,1
10875,DECODE,1000,0,1000,384.28,17.84,1
10876,DECODE,1000,0,1000,385.28,17.71,1
10877,DECODE,1000,0,1000,386.28,17.78,1
10878,DECODE,1000,0,1000,387.28,17.57,1
10879,DECODE,1000,0,1000,388.28,17.41,1
10880,DECODE,1000,0,1000,389.28,17.65,1
10881,DECODE,1000,0,1000,390.28,17.49,1
10882,DECODE,999,0,999,390.06,18.00,1
10883,EXTEND,1,43,0,55.00,15.70,1
10884,DECODE,1000,0,1000,390.73,17.62,1
10885,DECODE,1000,0,1000,391.73,17.33,1
10886,DECODE,1000,0,1000,392.73,17.63,1
10887,DECODE,999,0,999,392.40,17.79,1
10888,EXTEND,1,31,0,45.00,15.65,1
10889,DECODE,1000,0,1000,393.05,17.47,1
10890,DECODE,1000,0,1000,394.05,17.59,1
10891,DECODE,1000,0,1000,395.05,17.91,1
10892,DECODE,1000,0,1000,396.05,17.53,1
10893,DECODE,1000,0,1000,397.05,17.46,1
10894,DECODE,1000,0,1000,398.05,17.56,1
10895,DECODE,1000,0,1000,399.05,17.44,1
10896,DECODE,1000,0,1000,400.05,17.60,1
10897,DECODE,1000,0,1000,401.05,17.58,1
10898,DECODE,1000,0,1000,402.05,17.63,1
10899,DECODE,1000,0,1000,403.05,17.64,1
10900,DECODE,1000,0,1000,404.05,17.66,1
10901,DECODE,1000,0,1000,405.05,17.72,1
10902,DECODE,1000,0,1000,406.05,19.00,1
10903,DECODE,1000,0,1000,407.05,18.29,1
10904,DECODE,1000,0,1000,408.05,17.82,1
10905,DECODE,1000,0,1000,409.05,17.68,1
10906,DECODE,1000,0,1000,410.05,17.65,1
10907,DECODE,1000,0,1000,411.05,17.74,1
10908,DECODE,1000,0,1000,412.05,17.85,1
10909,DECODE,1000,0,1000,413.05,17.89,1
10910,DECODE,1000,0,1000,414.05,17.86,1
10911,DECODE,1000,0,1000,415.05,17.84,1
10912,DECODE,1000,0,1000,416.05,17.65,1
10913,DECODE,1000,0,1000,417.05,17.68,1
10914,DECODE,1000,0,1000,418.05,17.70,1
10915,DECODE,1000,0,1000,419.05,17.61,1
10916,DECODE,1000,0,1000,420.05,17.61,1
10917,DECODE,1000,0,1000,421.05,17.77,1
10918,DECODE,1000,0,1000,422.05,17.58,1
10919,DECODE,1000,0,1000,423.05,18.00,1
10920,DECODE,1000,0,1000,424.05,17.64,1
10921,DECODE,1000,0,1000,425.05,17.72,1
10922,DECODE,1000,0,1000,426.05,17.54,1
10923,DECODE,1000,0,1000,427.05,17.69,1
10924,DECODE,1000,0,1000,428.05,17.82,1
10925,DECODE,1000,0,1000,429.05,17.64,1
10926,DECODE,1000,0,1000,430.05,17.73,1
10927,DECODE,1000,0,1000,431.05,17.75,1
10928,DECODE,1000,0,1000,432.05,17.94,1
10929,DECODE,1000,0,1000,433.05,17.79,1
10930,DECODE,1000,0,1000,434.05,17.98,1
10931,DECODE,1000,0,1000,435.05,17.63,1
10932,DECODE,999,0,999,434.88,17.92,1
10933,EXTEND,1,223,0,226.00,15.81,1
10934,DECODE,1000,0,1000,435.67,17.66,1
10935,DECODE,1000,0,1000,436.67,17.65,1
10936,DECODE,1000,0,1000,437.67,17.90,1
10937,DECODE,1000,0,1000,438.67,17.73,1
10938,DECODE,1000,0,1000,439.67,18.20,1
10939,DECODE,1000,0,1000,440.67,18.04,1
10940,DECODE,1000,0,1000,441.67,18.13,1
10941,DECODE,1000,0,1000,442.67,17.96,1
10942,DECODE,1000,0,1000,443.67,17.84,1
10943,DECODE,1000,0,1000,444.67,17.87,1
10944,DECODE,1000,0,1000,445.67,17.73,1
10945,DECODE,1000,0,1000,446.67,17.70,1
10946,DECODE,1000,0,1000,447.67,17.76,1
10947,DECODE,1000,0,1000,448.67,17.74,1
10948,DECODE,1000,0,1000,449.67,17.89,1
10949,DECODE,1000,0,1000,450.67,17.83,1
10950,DECODE,1000,0,1000,451.67,17.86,1
10951,DECODE,1000,0,1000,452.67,17.85,1
10952,DECODE,1000,0,1000,453.67,17.99,1
10953,DECODE,999,0,999,453.09,18.28,1
10954,EXTEND,1,58,0,66.00,20.99,1
10955,DECODE,1000,0,1000,453.70,17.82,1
10956,DECODE,1000,0,1000,454.70,17.91,1
10957,DECODE,1000,0,1000,455.70,17.84,1
10958,DECODE,1000,0,1000,456.70,17.89,1
10959,DECODE,999,0,999,456.34,18.33,1
10960,EXTEND,1,91,0,100.00,15.81,1
10961,DECODE,1000,0,1000,456.98,17.87,1
10962,DECODE,1000,0,1000,457.98,17.92,1
10963,DECODE,1000,0,1000,458.98,17.83,1
10964,DECODE,1000,0,1000,459.98,17.86,1
10965,DECODE,999,0,999,459.30,18.12,1
10966,EXTEND,1,49,0,73.00,15.74,1
10967,DECODE,1000,0,1000,459.91,17.88,1
10968,DECODE,1000,0,1000,460.91,17.95,1
10969,DECODE,1000,0,1000,461.91,19.99,1
10970,DECODE,1000,0,1000,462.91,18.12,1
10971,DECODE,1000,0,1000,463.91,18.05,1
10972,DECODE,1000,0,1000,464.91,17.94,1
10973,DECODE,1000,0,1000,465.91,17.91,1
10974,DECODE,1000,0,1000,466.91,17.99,1
10975,DECODE,1000,0,1000,467.91,17.95,1
10976,DECODE,1000,0,1000,468.91,18.00,1
10977,DECODE,1000,0,1000,469.91,18.06,1
10978,DECODE,1000,0,1000,470.91,18.01,1
10979,DECODE,1000,0,1000,471.91,18.06,1
10980,DECODE,1000,0,1000,472.91,18.27,1
10981,DECODE,1000,0,1000,473.91,18.08,1
10982,DECODE,1000,0,1000,474.91,18.09,1
10983,DECODE,1000,0,1000,475.91,18.15,1
10984,DECODE,1000,0,1000,476.91,18.59,1
10985,DECODE,1000,0,1000,477.91,19.58,1
10986,DECODE,1000,0,1000,478.91,18.06,1
10987,DECODE,1000,0,1000,479.91,18.42,1
10988,DECODE,1000,0,1000,480.91,18.18,1
10989,DECODE,1000,0,1000,481.91,18.14,1
10990,DECODE,1000,0,1000,482.91,18.31,1
10991,DECODE,1000,0,1000,483.91,18.22,1
10992,DECODE,1000,0,1000,484.91,18.28,1
10993,DECODE,1000,0,1000,485.91,18.21,1
10994,DECODE,1000,0,1000,486.91,18.19,1
10995,DECODE,1000,0,1000,487.91,18.33,1
10996,DECODE,1000,0,1000,488.91,18.16,1
10997,DECODE,1000,0,1000,489.91,18.21,1
10998,DECODE,1000,0,1000,490.91,18.21,1
10999,DECODE,1000,0,1000,491.91,18.32,1
11000,DECODE,1000,0,1000,492.91,18.25,1
11001,DECODE,1000,0,1000,493.91,18.17,1
11002,DECODE,1000,0,1000,494.91,18.23,1
11003,DECODE,1000,0,1000,495.91,18.40,1
11004,DECODE,1000,0,1000,496.91,18.32,1
11005,DECODE,1000,0,1000,497.91,18.26,1
11006,DECODE,1000,0,1000,498.91,18.28,1
11007,DECODE,1000,0,1000,499.91,18.26,1
11008,DECODE,1000,0,1000,500.91,18.32,1
11009,DECODE,1000,0,1000,501.91,18.30,1
11010,DECODE,1000,0,1000,502.91,18.31,1
11011,DECODE,1000,0,1000,503.91,18.41,1
11012,DECODE,1000,0,1000,504.91,18.42,1
11013,DECODE,1000,0,1000,505.91,18.49,1
11014,DECODE,1000,0,1000,506.91,18.40,1
11015,DECODE,1000,0,1000,507.91,18.41,1
11016,DECODE,1000,0,1000,508.91,18.32,1
11017,DECODE,1000,0,1000,509.91,18.50,1
11018,DECODE,1000,0,1000,510.91,18.54,1
11019,DECODE,1000,0,1000,511.91,18.62,1
11020,DECODE,1000,0,1000,512.91,18.58,1
11021,DECODE,1000,0,1000,513.91,18.42,1
11022,DECODE,1000,0,1000,514.91,18.50,1
11023,DECODE,1000,0,1000,515.91,18.47,1
11024,DECODE,1000,0,1000,516.91,18.49,1
11025,DECODE,998,0,998,514.92,19.13,1
11026,EXTEND,2,218,0,117.00,23.81,1
11027,DECODE,1000,0,1000,515.12,18.39,1
11028,DECODE,1000,0,1000,516.12,18.35,1
11029,DECODE,1000,0,1000,517.12,18.51,1
11030,DECODE,1000,0,1000,518.12,18.49,1
11031,DECODE,999,0,999,518.12,19.20,1
11032,EXTEND,1,32,0,37.00,15.49,1
11033,DECODE,1000,0,1000,518.64,18.42,1
11034,DECODE,1000,0,1000,519.64,18.48,1
11035,DECODE,1000,0,1000,520.64,18.59,1
11036,DECODE,1000,0,1000,521.64,18.58,1
11037,DECODE,1000,0,1000,522.64,18.53,1
11038,DECODE,1000,0,1000,523.64,18.52,1
11039,DECODE,1000,0,1000,524.64,18.52,1
11040,DECODE,1000,0,1000,525.64,18.51,1
11041,DECODE,1000,0,1000,526.64,18.50,1
11042,DECODE,1000,0,1000,527.64,18.53,1
11043,DECODE,1000,0,1000,528.64,18.56,1
11044,DECODE,1000,0,1000,529.64,18.49,1
11045,DECODE,999,0,999,529.01,18.71,1
11046,EXTEND,1,105,0,110.00,15.71,1
11047,DECODE,1000,0,1000,529.59,18.52,1
11048,DECODE,1000,0,1000,530.59,18.48,1
11049,DECODE,1000,0,1000,531.59,18.67,1
11050,DECODE,1000,0,1000,532.59,18.57,1
11051,DECODE,1000,0,1000,533.59,18.58,1
11052,DECODE,1000,0,1000,534.59,18.59,1
11053,DECODE,1000,0,1000,535.59,18.82,1
11054,DECODE,1000,0,1000,536.59,18.83,1
11055,DECODE,1000,0,1000,537.59,18.61,1
11056,DECODE,1000,0,1000,538.59,18.86,1
11057,DECODE,1000,0,1000,539.59,18.94,1
11058,DECODE,1000,0,1000,540.59,18.87,1
11059,DECODE,1000,0,1000,541.59,18.64,1
11060,DECODE,1000,0,1000,542.59,18.65,1
11061,DECODE,1000,0,1000,543.59,18.68,1
11062,DECODE,1000,0,1000,544.59,18.75,1
11063,DECODE,1000,0,1000,545.59,18.69,1
11064,DECODE,1000,0,1000,546.59,18.98,1
11065,DECODE,1000,0,1000,547.59,18.86,1
11066,DECODE,1000,0,1000,548.59,18.71,1
11067,DECODE,1000,0,1000,549.59,18.74,1
11068,DECODE,999,0,999,549.39,18.92,1
11069,EXTEND,1,85,0,101.00,15.95,1
11070,DECODE,1000,0,1000,549.94,18.69,1
11071,DECODE,1000,0,1000,550.94,18.64,1
11072,DECODE,1000,0,1000,551.94,18.69,1
11073,DECODE,1000,0,1000,552.94,18.94,1
11074,DECODE,1000,0,1000,553.94,18.73,1
11075,DECODE,1000,0,1000,554.94,18.69,1
11076,DECODE,1000,0,1000,555.94,18.82,1
11077,DECODE,1000,0,1000,556.94,18.78,1
11078,DECODE,1000,0,1000,557.94,18.72,1
11079,DECODE,1000,0,1000,558.94,19.57,1
11080,DECODE,1000,0,1000,559.94,20.37,1
11081,DECODE,1000,0,1000,560.94,18.73,1
11082,DECODE,1000,0,1000,561.94,18.82,1
11083,DECODE,1000,0,1000,562.94,18.74,1
11084,DECODE,1000,0,1000,563.94,18.82,1
11085,DECODE,1000,0,1000,564.94,18.90,1
11086,DECODE,1000,0,1000,565.94,18.85,1
11087,DECODE,1000,0,1000,566.94,18.87,1
11088,DECODE,1000,0,1000,567.94,18.95,1
11089,DECODE,1000,0,1000,568.94,18.85,1
11090,DECODE,1000,0,1000,569.94,18.93,1
11091,DECODE,1000,0,1000,570.94,18.85,1
11092,DECODE,1000,0,1000,571.94,18.86,1
11093,DECODE,1000,0,1000,572.94,18.94,1
11094,DECODE,1000,0,1000,573.94,18.98,1
11095,DECODE,1000,0,1000,574.94,18.97,1
11096,DECODE,1000,0,1000,575.94,18.96,1
11097,DECODE,1000,0,1000,576.94,19.03,1
11098,DECODE,1000,0,1000,577.94,18.99,1
11099,DECODE,1000,0,1000,578.94,19.06,1
11100,DECODE,1000,0,1000,579.94,19.01,1
11101,DECODE,999,0,999,579.37,19.18,1
11102,EXTEND,1,30,0,36.00,21.30,1
11103,DECODE,1000,0,1000,579.83,18.97,1
11104,DECODE,1000,0,1000,580.83,19.00,1
11105,DECODE,1000,0,1000,581.83,19.01,1
11106,DECODE,1000,0,1000,582.83,19.03,1
11107,DECODE,1000,0,1000,583.83,19.09,1
11108,DECODE,1000,0,1000,584.83,19.26,1
11109,DECODE,1000,0,1000,585.83,19.08,1
11110,DECODE,999,0,999,585.32,19.39,1
11111,EXTEND,1,57,0,63.00,17.22,1
11112,DECODE,1000,0,1000,585.79,19.19,1
11113,DECODE,1000,0,1000,586.79,19.06,1
11114,DECODE,1000,0,1000,587.79,19.42,1
11115,DECODE,1000,0,1000,588.79,19.22,1
11116,DECODE,1000,0,1000,589.79,19.26,1
11117,DECODE,1000,0,1000,590.79,19.24,1
11118,DECODE,1000,0,1000,591.79,19.17,1
11119,DECODE,1000,0,1000,592.79,19.66,1
11120,DECODE,1000,0,1000,593.79,19.12,1
11121,DECODE,1000,0,1000,594.79,19.17,1
11122,DECODE,1000,0,1000,595.79,19.23,1
11123,DECODE,1000,0,1000,596.79,19.19,1
11124,DECODE,1000,0,1000,597.79,19.12,1
11125,DECODE,1000,0,1000,598.79,19.11,1
11126,DECODE,1000,0,1000,599.79,19.12,1
11127,DECODE,1000,0,1000,600.79,19.14,1
11128,DECODE,1000,0,1000,601.79,19.17,1
11129,DECODE,1000,0,1000,602.79,19.18,1
11130,DECODE,1000,0,1000,603.79,19.22,1
11131,DECODE,1000,0,1000,604.79,19.24,1
11132,DECODE,1000,0,1000,605.79,19.26,1
11133,DECODE,1000,0,1000,606.79,19.21,1
11134,DECODE,1000,0,1000,607.79,19.25,1
11135,DECODE,1000,0,1000,608.79,19.31,1
11136,DECODE,1000,0,1000,609.79,19.83,1
11137,DECODE,1000,0,1000,610.79,20.25,1
11138,DECODE,1000,0,1000,611.79,19.80,1
11139,DECODE,1000,0,1000,612.79,19.56,1
11140,DECODE,998,0,998,610.51,19.54,1
11141,EXTEND,2,140,0,76.00,15.88,1
11142,DECODE,1000,0,1000,610.44,19.31,1
11143,DECODE,1000,0,1000,611.44,21.18,1
11144,DECODE,1000,0,1000,612.44,19.86,1
11145,DECODE,1000,0,1000,613.44,19.61,1
11146,DECODE,1000,0,1000,614.44,19.37,1
11147,DECODE,1000,0,1000,615.44,19.38,1
11148,DECODE,1000,0,1000,616.44,19.38,1
11149,DECODE,1000,0,1000,617.44,19.40,1
11150,DECODE,1000,0,1000,618.44,19.46,1
11151,DECODE,1000,0,1000,619.44,19.48,1
11152,DECODE,1000,0,1000,620.44,19.48,1
11153,DECODE,1000,0,1000,621.44,19.56,1
11154,DECODE,1000,0,1000,622.44,19.58,1
11155,DECODE,1000,0,1000,623.44,19.52,1
11156,DECODE,1000,0,1000,624.44,19.51,1
11157,DECODE,1000,0,1000,625.44,19.49,1
11158,DECODE,1000,0,1000,626.44,19.58,1
11159,DECODE,1000,0,1000,627.44,19.38,1
11160,DECODE,999,0,999,627.09,20.00,1
11161,EXTEND,1,46,0,60.00,16.61,1
11162,DECODE,1000,0,1000,627.52,19.59,1
11163,DECODE,1000,0,1000,628.52,19.46,1
11164,DECODE,999,0,999,628.11,19.70,1
11165,EXTEND,1,77,0,92.00,26.13,1
11166,DECODE,999,0,999,628.63,19.73,1
11167,EXTEND,1,118,0,122.00,25.99,1
11168,DECODE,1000,0,1000,629.12,19.55,1
11169,DECODE,1000,0,1000,630.12,19.74,1
11170,DECODE,1000,0,1000,631.12,19.46,1
11171,DECODE,1000,0,1000,632.12,28.32,1
11172,DECODE,1000,0,1000,633.12,24.54,1
11173,DECODE,1000,0,1000,634.12,19.80,1
11174,DECODE,1000,0,1000,635.12,19.63,1
11175,DECODE,1000,0,1000,636.12,19.60,1
11176,DECODE,1000,0,1000,637.12,19.67,1
11177,DECODE,1000,0,1000,638.12,19.67,1
11178,DECODE,1000,0,1000,639.12,19.60,1
11179,DECODE,1000,0,1000,640.12,19.59,1
11180,DECODE,1000,0,1000,641.12,20.59,1
11181,DECODE,1000,0,1000,642.12,19.77,1
11182,DECODE,1000,0,1000,643.12,19.68,1
11183,DECODE,1000,0,1000,644.12,20.46,1
11184,DECODE,1000,0,1000,645.12,19.83,1
11185,DECODE,1000,0,1000,646.12,19.67,1
11186,DECODE,1000,0,1000,647.12,19.67,1
11187,DECODE,999,0,999,646.20,19.85,1
11188,EXTEND,1,53,0,57.00,19.63,1
11189,DECODE,1000,0,1000,646.62,19.62,1
11190,DECODE,1000,0,1000,647.62,19.60,1
11191,DECODE,1000,0,1000,648.62,19.75,1
11192,DECODE,1000,0,1000,649.62,19.75,1
11193,DECODE,1000,0,1000,650.62,20.12,1
11194,DECODE,1000,0,1000,651.62,19.76,1
11195,DECODE,1000,0,1000,652.62,19.77,1
11196,DECODE,1000,0,1000,653.62,19.81,1
11197,DECODE,1000,0,1000,654.62,19.76,1
11198,DECODE,1000,0,1000,655.62,19.72,1
11199,DECODE,1000,0,1000,656.62,19.78,1
11200,DECODE,1000,0,1000,657.62,19.76,1
11201,DECODE,1000,0,1000,658.62,19.83,1
11202,DECODE,1000,0,1000,659.62,19.83,1
11203,DECODE,1000,0,1000,660.62,19.79,1
11204,DECODE,1000,0,1000,661.62,19.81,1
11205,DECODE,1000,0,1000,662.62,19.86,1
11206,DECODE,1000,0,1000,663.62,19.92,1
11207,DECODE,1000,0,1000,664.62,19.84,1
11208,DECODE,1000,0,1000,665.62,19.78,1
11209,DECODE,1000,0,1000,666.62,19.87,1
11210,DECODE,1000,0,1000,667.62,19.82,1
11211,DECODE,1000,0,1000,668.62,19.87,1
11212,DECODE,1000,0,1000,669.62,19.89,1
11213,DECODE,1000,0,1000,670.62,19.85,1
11214,DECODE,1000,0,1000,671.62,19.83,1
11215,DECODE,1000,0,1000,672.62,19.98,1
11216,DECODE,1000,0,1000,673.62,19.94,1
11217,DECODE,1000,0,1000,674.62,19.97,1
11218,DECODE,1000,0,1000,675.62,19.90,1
11219,DECODE,1000,0,1000,676.62,20.00,1
11220,DECODE,1000,0,1000,677.62,20.03,1
11221,DECODE,1000,0,1000,678.62,19.99,1
11222,DECODE,1000,0,1000,679.62,20.06,1
11223,DECODE,1000,0,1000,680.62,20.25,1
11224,DECODE,999,0,999,680.99,20.15,1
11225,EXTEND,1,28,0,34.00,20.92,1
11226,DECODE,1000,0,1000,681.35,20.01,1
11227,DECODE,1000,0,1000,682.35,20.13,1
11228,DECODE,1000,0,1000,683.35,20.06,1
11229,DECODE,1000,0,1000,684.35,20.04,1
11230,DECODE,1000,0,1000,685.35,20.00,1
11231,DECODE,999,0,999,684.47,20.38,1
11232,EXTEND,1,120,0,129.00,15.82,1
11233,DECODE,1000,0,1000,684.91,20.09,1
11234,DECODE,1000,0,1000,685.91,20.04,1
11235,DECODE,1000,0,1000,686.91,20.16,1
11236,DECODE,1000,0,1000,687.91,20.36,1
11237,DECODE,1000,0,1000,688.91,20.28,1
11238,DECODE,1000,0,1000,689.91,20.29,1
11239,DECODE,1000,0,1000,690.91,22.19,1
11240,DECODE,1000,0,1000,691.91,29.24,1
11241,DECODE,1000,0,1000,692.91,28.46,1
11242,DECODE,1000,0,1000,693.91,23.10,1
11243,DECODE,1000,0,1000,694.91,20.57,1
11244,DECODE,1000,0,1000,695.91,20.23,1
11245,DECODE,1000,0,1000,696.91,20.34,1
11246,DECODE,1000,0,1000,697.91,20.38,1
11247,DECODE,1000,0,1000,698.91,20.35,1
11248,DECODE,1000,0,1000,699.91,20.45,1
11249,DECODE,1000,0,1000,700.91,20.39,1
11250,DECODE,1000,0,1000,701.91,21.50,1
11251,DECODE,1000,0,1000,702.91,20.46,1
11252,DECODE,1000,0,1000,703.91,20.38,1
11253,DECODE,1000,0,1000,704.91,20.48,1
11254,DECODE,1000,0,1000,705.91,20.55,1
11255,DECODE,1000,0,1000,706.91,20.73,1
11256,DECODE,1000,0,1000,707.91,20.94,1
11257,DECODE,1000,0,1000,708.91,20.76,1
11258,DECODE,1000,0,1000,709.91,20.73,1
11259,DECODE,1000,0,1000,710.91,20.62,1
11260,DECODE,1000,0,1000,711.91,20.55,1
11261,DECODE,1000,0,1000,712.91,20.64,1
11262,DECODE,1000,0,1000,713.91,20.61,1
11263,DECODE,1000,0,1000,714.91,20.58,1
11264,DECODE,1000,0,1000,715.91,20.53,1
11265,DECODE,1000,0,1000,716.91,20.58,1
11266,DECODE,1000,0,1000,717.91,20.62,1
11267,DECODE,1000,0,1000,718.91,20.54,1
11268,DECODE,1000,0,1000,719.91,20.79,1
11269,DECODE,1000,0,1000,720.91,22.72,1
11270,DECODE,1000,0,1000,721.91,20.54,1
11271,DECODE,1000,0,1000,722.91,20.56,1
11272,DECODE,1000,0,1000,723.91,20.59,1
11273,DECODE,1000,0,1000,724.91,20.68,1
11274,DECODE,1000,0,1000,725.91,20.63,1
11275,DECODE,1000,0,1000,726.91,20.68,1
11276,DECODE,1000,0,1000,727.91,20.63,1
11277,DECODE,1000,0,1000,728.91,20.63,1
11278,DECODE,1000,0,1000,729.91,20.71,1
11279,DECODE,1000,0,1000,730.91,20.63,1
11280,DECODE,1000,0,1000,731.91,20.67,1
11281,DECODE,1000,0,1000,732.91,20.68,1
11282,DECODE,1000,0,1000,733.91,20.67,1
11283,DECODE,1000,0,1000,734.91,20.70,1
11284,DECODE,1000,0,1000,735.91,20.79,1
11285,DECODE,1000,0,1000,736.91,20.73,1
11286,DECODE,1000,0,1000,737.91,20.72,1
11287,DECODE,1000,0,1000,738.91,20.73,1
11288,DECODE,1000,0,1000,739.91,20.75,1
11289,DECODE,1000,0,1000,740.91,21.00,1
11290,DECODE,1000,0,1000,741.91,20.74,1
11291,DECODE,998,0,998,740.33,21.18,1
11292,EXTEND,2,61,0,39.50,15.89,1
11293,DECODE,1000,0,1000,739.93,20.67,1
11294,DECODE,1000,0,1000,740.93,20.83,1
11295,DECODE,1000,0,1000,741.93,20.90,1
11296,DECODE,999,0,999,741.11,21.07,1
11297,EXTEND,1,58,0,66.00,17.70,1
11298,DECODE,1000,0,1000,741.43,20.70,1
11299,DECODE,1000,0,1000,742.43,20.81,1
11300,DECODE,1000,0,1000,743.43,20.79,1
11301,DECODE,1000,0,1000,744.43,20.80,1
11302,DECODE,1000,0,1000,745.43,20.83,1
11303,DECODE,1000,0,1000,746.43,20.83,1
11304,DECODE,1000,0,1000,747.43,22.87,1
11305,DECODE,1000,0,1000,748.43,21.07,1
11306,DECODE,1000,0,1000,749.43,20.93,1
11307,DECODE,1000,0,1000,750.43,20.96,1
11308,DECODE,1000,0,1000,751.43,20.98,1
11309,DECODE,1000,0,1000,752.43,21.00,1
11310,DECODE,999,0,999,752.02,21.24,1
11311,EXTEND,1,48,0,61.00,15.98,1
11312,DECODE,999,0,999,750.52,21.22,1
11313,EXTEND,1,91,0,97.00,15.97,1
11314,DECODE,1000,0,1000,750.86,20.94,1
11315,DECODE,1000,0,1000,751.86,20.91,1
11316,DECODE,1000,0,1000,752.86,20.93,1
11317,DECODE,1000,0,1000,753.86,20.93,1
11318,DECODE,1000,0,1000,754.86,20.95,1
11319,DECODE,1000,0,1000,755.86,20.93,1
11320,DECODE,1000,0,1000,756.86,20.97,1
11321,DECODE,1000,0,1000,757.86,21.91,1
11322,DECODE,1000,0,1000,758.86,21.42,1
11323,DECODE,1000,0,1000,759.86,20.93,1
11324,DECODE,999,0,999,759.06,21.28,1
11325,EXTEND,1,266,0,269.00,24.45,1
11326,DECODE,1000,0,1000,759.57,21.02,1
11327,DECODE,1000,0,1000,760.57,21.76,1
11328,DECODE,1000,0,1000,761.57,21.05,1
11329,DECODE,999,0,999,760.77,21.35,1
11330,EXTEND,1,63,0,68.00,16.21,1
11331,DECODE,1000,0,1000,761.08,21.05,1
11332,DECODE,1000,0,1000,762.08,21.25,1
11333,DECODE,1000,0,1000,763.08,21.29,1
11334,DECODE,1000,0,1000,764.08,21.21,1
11335,DECODE,1000,0,1000,765.08,21.30,1
11336,DECODE,1000,0,1000,766.08,21.25,1
11337,DECODE,1000,0,1000,767.08,21.27,1
11338,DECODE,1000,0,1000,768.08,21.26,1
11339,DECODE,1000,0,1000,769.08,22.06,1
11340,DECODE,1000,0,1000,770.08,21.25,1
11341,DECODE,1000,0,1000,771.08,21.23,1
11342,DECODE,1000,0,1000,772.08,21.25,1
11343,DECODE,1000,0,1000,773.08,21.19,1
11344,DECODE,1000,0,1000,774.08,21.22,1
11345,DECODE,1000,0,1000,775.08,21.16,1
11346,DECODE,1000,0,1000,776.08,21.17,1
11347,DECODE,1000,0,1000,777.08,21.19,1
11348,DECODE,1000,0,1000,778.08,21.26,1
11349,DECODE,1000,0,1000,779.08,21.36,1
11350,DECODE,1000,0,1000,780.08,21.27,1
11351,DECODE,1000,0,1000,781.08,21.31,1
11352,DECODE,1000,0,1000,782.08,21.34,1
11353,DECODE,1000,0,1000,783.08,21.51,1
11354,DECODE,1000,0,1000,784.08,21.41,1
11355,DECODE,1000,0,1000,785.08,21.29,1
11356,DECODE,1000,0,1000,786.08,21.35,1
11357,DECODE,1000,0,1000,787.08,21.20,1
11358,DECODE,1000,0,1000,788.08,21.54,1
11359,DECODE,1000,0,1000,789.08,21.40,1
11360,DECODE,1000,0,1000,790.08,21.43,1
11361,DECODE,1000,0,1000,791.08,21.37,1
11362,DECODE,1000,0,1000,792.08,21.50,1
11363,DECODE,1000,0,1000,793.08,21.42,1
11364,DECODE,1000,0,1000,794.08,21.99,1
11365,DECODE,1000,0,1000,795.08,21.45,1
11366,DECODE,1000,0,1000,796.08,21.51,1
11367,DECODE,1000,0,1000,797.08,21.73,1
11368,DECODE,1000,0,1000,798.08,21.70,1
11369,DECODE,1000,0,1000,799.08,21.75,1
11370,DECODE,1000,0,1000,800.08,21.83,1
11371,DECODE,1000,0,1000,801.08,21.76,1
11372,DECODE,1000,0,1000,802.08,21.95,1
11373,DECODE,1000,0,1000,803.08,21.73,1
11374,DECODE,1000,0,1000,804.08,21.82,1
11375,DECODE,1000,0,1000,805.08,21.70,1
11376,DECODE,1000,0,1000,806.08,21.93,1
11377,DECODE,1000,0,1000,807.08,21.81,1
11378,DECODE,1000,0,1000,808.08,21.89,1
11379,DECODE,1000,0,1000,809.08,21.97,1
11380,DECODE,1000,0,1000,810.08,21.91,1
11381,DECODE,1000,0,1000,811.08,21.85,1
11382,DECODE,1000,0,1000,812.08,21.82,1
11383,DECODE,1000,0,1000,813.08,21.89,1
11384,DECODE,1000,0,1000,814.08,21.88,1
11385,DECODE,999,0,999,813.33,22.75,1
11386,EXTEND,1,53,0,57.00,15.92,1
11387,DECODE,999,0,999,811.82,21.79,1
11388,EXTEND,1,64,0,69.00,15.92,1
11389,DECODE,1000,0,1000,812.08,21.73,1
11390,DECODE,1000,0,1000,813.08,22.00,1
11391,DECODE,999,0,999,812.33,22.23,1
11392,EXTEND,1,90,0,94.00,26.22,1
11393,DECODE,999,0,999,810.87,21.98,1
11394,EXTEND,1,58,0,64.00,15.90,1
11395,DECODE,1000,0,1000,811.12,21.89,1
11396,DECODE,1000,0,1000,812.12,21.95,1
11397,DECODE,1000,0,1000,813.12,21.98,1
11398,DECODE,1000,0,1000,814.12,22.03,1
11399,DECODE,999,0,999,813.37,22.44,1
11400,EXTEND,1,58,0,63.00,15.96,1
11401,DECODE,1000,0,1000,813.62,22.21,1
11402,DECODE,1000,0,1000,814.62,21.83,1
11403,DECODE,1000,0,1000,815.62,22.00,1
11404,DECODE,1000,0,1000,816.62,21.98,1
11405,DECODE,1000,0,1000,817.62,21.98,1
11406,DECODE,1000,0,1000,818.62,21.93,1
11407,DECODE,1000,0,1000,819.62,22.01,1
11408,DECODE,1000,0,1000,820.62,22.17,1
11409,DECODE,1000,0,1000,821.62,22.16,1
11410,DECODE,999,0,999,820.88,22.20,1
11411,EXTEND,1,219,0,222.00,23.93,1
11412,DECODE,1000,0,1000,821.28,21.84,1
11413,DECODE,1000,0,1000,822.28,21.95,1
11414,DECODE,999,0,999,821.54,22.32,1
11415,EXTEND,1,96,0,102.00,16.04,1
11416,DECODE,999,0,999,820.08,21.91,1
11417,EXTEND,1,67,0,74.00,15.87,1
11418,DECODE,1000,0,1000,820.34,21.90,1
11419,DECODE,1000,0,1000,821.34,22.06,1
11420,DECODE,1000,0,1000,822.34,22.01,1
11421,DECODE,1000,0,1000,823.34,22.08,1
11422,DECODE,1000,0,1000,824.34,22.18,1
11423,DECODE,1000,0,1000,825.34,21.99,1
11424,DECODE,1000,0,1000,826.34,22.24,1
11425,DECODE,1000,0,1000,827.34,22.08,1
11426,DECODE,1000,0,1000,828.34,22.18,1
11427,DECODE,1000,0,1000,829.34,22.23,1
11428,DECODE,1000,0,1000,830.34,22.38,1
11429,DECODE,1000,0,1000,831.34,22.28,1
11430,DECODE,1000,0,1000,832.34,22.71,1
11431,DECODE,1000,0,1000,833.34,22.26,1
11432,DECODE,1000,0,1000,834.34,22.29,1
11433,DECODE,1000,0,1000,835.34,22.20,1
11434,DECODE,1000,0,1000,836.34,22.24,1
11435,DECODE,1000,0,1000,837.34,22.18,1
11436,DECODE,1000,0,1000,838.34,22.18,1
11437,DECODE,1000,0,1000,839.34,22.20,1
11438,DECODE,1000,0,1000,840.34,22.21,1
11439,DECODE,1000,0,1000,841.34,22.14,1
11440,DECODE,1000,0,1000,842.34,22.24,1
11441,DECODE,1000,0,1000,843.34,22.30,1
11442,DECODE,1000,0,1000,844.34,22.33,1
11443,DECODE,1000,0,1000,845.34,22.24,1
11444,DECODE,1000,0,1000,846.34,22.23,1
11445,DECODE,1000,0,1000,847.34,22.65,1
11446,DECODE,1000,0,1000,848.34,22.80,1
11447,DECODE,1000,0,1000,849.34,22.53,1
11448,DECODE,1000,0,1000,850.34,22.32,1
11449,DECODE,1000,0,1000,851.34,22.38,1
11450,DECODE,1000,0,1000,852.34,22.45,1
11451,DECODE,999,0,999,853.39,22.58,1
11452,EXTEND,1,65,0,69.00,15.85,1
11453,DECODE,1000,0,1000,853.60,22.33,1
11454,DECODE,1000,0,1000,854.60,24.06,1
11455,DECODE,1000,0,1000,855.60,22.50,1
11456,DECODE,1000,0,1000,856.60,22.21,1
11457,DECODE,1000,0,1000,857.60,22.34,1
11458,DECODE,1000,0,1000,858.60,22.37,1
11459,DECODE,1000,0,1000,859.60,22.34,1
11460,DECODE,1000,0,1000,860.60,22.31,1
11461,DECODE,1000,0,1000,861.60,22.29,1
11462,DECODE,1000,0,1000,862.60,22.31,1
11463,DECODE,1000,0,1000,863.60,22.25,1
11464,DECODE,1000,0,1000,864.60,22.27,1
11465,DECODE,1000,0,1000,865.60,22.31,1
11466,DECODE,1000,0,1000,866.60,22.25,1
11467,DECODE,1000,0,1000,867.60,22.35,1
11468,DECODE,1000,0,1000,868.60,22.47,1
11469,DECODE,999,0,999,867.91,22.69,1
11470,EXTEND,1,74,0,77.00,16.01,1
11471,EXTEND,1,45,0,53.00,22.65,1
11472,EXTEND,1,28,0,33.00,15.69,1
11473,DECODE,1000,0,1000,863.09,22.39,1
11474,DECODE,1000,0,1000,864.09,25.49,1
11475,DECODE,999,0,999,863.39,22.86,1
11476,EXTEND,1,125,0,130.00,28.25,1
11477,DECODE,999,0,999,861.96,22.57,1
11478,EXTEND,1,40,0,44.00,16.07,1
11479,DECODE,1000,0,1000,862.14,22.44,1
11480,DECODE,1000,0,1000,863.14,22.60,1
11481,DECODE,1000,0,1000,864.14,22.58,1
11482,DECODE,1000,0,1000,865.14,23.16,1
11483,DECODE,999,0,999,864.44,23.67,1
11484,EXTEND,1,55,0,59.00,15.99,1
11485,EXTEND,1,76,0,83.00,15.67,1
11486,DECODE,1000,0,1000,862.16,22.57,1
11487,DECODE,1000,0,1000,863.16,22.68,1
11488,DECODE,1000,0,1000,864.16,22.57,1
11489,DECODE,1000,0,1000,865.16,22.83,1
11490,DECODE,1000,0,1000,866.16,22.60,1
11491,DECODE,1000,0,1000,867.16,22.51,1
11492,DECODE,1000,0,1000,868.16,22.54,1
11493,DECODE,1000,0,1000,869.16,22.67,1
11494,DECODE,1000,0,1000,870.16,22.53,1
11495,DECODE,1000,0,1000,871.16,22.47,1
11496,DECODE,1000,0,1000,872.16,22.55,1
11497,DECODE,1000,0,1000,873.16,22.64,1
11498,DECODE,1000,0,1000,874.16,22.66,1
11499,DECODE,1000,0,1000,875.16,22.71,1
11500,DECODE,1000,0,1000,876.16,22.75,1
11501,DECODE,1000,0,1000,877.16,22.66,1
11502,DECODE,1000,0,1000,878.16,22.63,1
11503,DECODE,1000,0,1000,879.16,22.70,1
11504,DECODE,1000,0,1000,880.16,22.76,1
11505,DECODE,1000,0,1000,881.16,22.73,1
11506,DECODE,1000,0,1000,882.16,22.86,1
11507,DECODE,1000,0,1000,883.16,22.72,1
11508,DECODE,1000,0,1000,884.16,22.71,1
11509,DECODE,1000,0,1000,885.16,22.81,1
11510,DECODE,999,0,999,884.48,22.88,1
11511,EXTEND,1,80,0,84.00,15.93,1
11512,DECODE,1000,0,1000,884.68,22.56,1
11513,DECODE,1000,0,1000,885.68,22.64,1
11514,DECODE,1000,0,1000,886.68,22.67,1
11515,DECODE,1000,0,1000,887.68,22.72,1
11516,DECODE,1000,0,1000,888.68,22.87,1
11517,DECODE,999,0,999,888.04,23.00,1
11518,EXTEND,1,46,0,60.00,16.51,1
11519,EXTEND,1,40,0,97.00,17.55,1
11520,DECODE,1000,0,1000,887.58,23.02,1
11521,DECODE,1000,0,1000,888.58,22.72,1
11522,DECODE,1000,0,1000,889.58,22.94,1
11523,DECODE,999,0,999,888.91,23.03,1
11524,EXTEND,1,33,0,42.00,16.23,1
11525,EXTEND,1,47,0,57.00,15.81,1
11526,DECODE,1000,0,1000,886.56,22.79,1
11527,DECODE,1000,0,1000,887.56,22.61,1
11528,DECODE,1000,0,1000,888.56,22.67,1
11529,DECODE,1000,0,1000,889.56,22.71,1
11530,DECODE,1000,0,1000,890.56,22.77,1
11531,DECODE,1000,0,1000,891.56,22.76,1
11532,DECODE,1000,0,1000,892.56,22.80,1
11533,DECODE,1000,0,1000,893.56,23.00,1
11534,DECODE,1000,0,1000,894.56,23.00,1
11535,DECODE,1000,0,1000,895.56,22.82,1
11536,DECODE,1000,0,1000,896.56,22.84,1
11537,DECODE,1000,0,1000,897.56,22.86,1
11538,DECODE,1000,0,1000,898.56,22.83,1
11539,DECODE,1000,0,1000,899.56,22.83,1
11540,DECODE,1000,0,1000,900.56,23.01,1
11541,DECODE,1000,0,1000,901.56,23.14,1
11542,DECODE,1000,0,1000,902.56,23.35,1
11543,DECODE,999,0,999,901.90,23.12,1
11544,EXTEND,1,47,0,54.00,15.94,1
11545,DECODE,1000,0,1000,902.05,23.18,1
11546,DECODE,1000,0,1000,903.05,22.93,1
11547,DECODE,1000,0,1000,904.05,22.98,1
11548,DECODE,1000,0,1000,905.05,23.01,1
11549,DECODE,1000,0,1000,906.05,23.07,1
11550,DECODE,1000,0,1000,907.05,23.22,1
11551,DECODE,999,0,999,906.40,23.27,1
11552,EXTEND,1,91,0,99.00,16.09,1
11553,DECODE,1000,0,1000,906.59,22.85,1
11554,DECODE,1000,0,1000,907.59,23.02,1
11555,DECODE,1000,0,1000,908.59,22.94,1
11556,DECODE,1000,0,1000,909.59,22.98,1
11557,DECODE,1000,0,1000,910.59,23.01,1
11558,DECODE,998,0,998,910.44,23.06,1
11559,EXTEND,2,137,0,73.50,16.19,1
11560,DECODE,1000,0,1000,909.76,22.91,1
11561,DECODE,1000,0,1000,910.76,23.03,1
11562,DECODE,1000,0,1000,911.76,23.23,1
11563,DECODE,1000,0,1000,912.76,23.57,1
11564,DECODE,1000,0,1000,913.76,23.12,1
11565,DECODE,1000,0,1000,914.76,23.00,1
11566,DECODE,999,0,999,915.73,23.60,1
11567,EXTEND,1,47,0,52.00,16.88,1
11568,DECODE,1000,0,1000,915.87,22.99,1
11569,DECODE,1000,0,1000,916.87,23.06,1
11570,DECODE,1000,0,1000,917.87,23.16,1
11571,DECODE,1000,0,1000,918.87,23.25,1
11572,DECODE,1000,0,1000,919.87,23.54,1
11573,DECODE,999,0,999,919.23,23.76,1
11574,EXTEND,1,111,0,128.00,16.16,1
11575,DECODE,1000,0,1000,919.43,23.12,1
11576,DECODE,1000,0,1000,920.43,23.20,1
11577,DECODE,999,0,999,921.53,23.40,1
11578,EXTEND,1,38,0,45.00,16.00,1
11579,DECODE,1000,0,1000,921.66,23.01,1
11580,DECODE,1000,0,1000,922.66,23.03,1
11581,DECODE,1000,0,1000,923.66,23.25,1
11582,DECODE,1000,0,1000,924.66,23.23,1
11583,DECODE,1000,0,1000,925.66,23.18,1
11584,DECODE,1000,0,1000,926.66,23.37,1
11585,DECODE,999,0,999,926.02,23.48,1
11586,EXTEND,1,48,0,56.00,15.88,1
11587,DECODE,1000,0,1000,926.15,22.99,1
11588,DECODE,1000,0,1000,927.15,22.96,1
11589,DECODE,1000,0,1000,928.15,23.20,1
11590,DECODE,1000,0,1000,929.15,28.40,1
11591,DECODE,1000,0,1000,930.15,26.79,1
11592,DECODE,1000,0,1000,931.15,23.19,1
11593,DECODE,1000,0,1000,932.15,23.36,1
11594,DECODE,1000,0,1000,933.15,23.25,1
11595,DECODE,1000,0,1000,934.15,23.26,1
11596,DECODE,999,0,999,934.56,23.72,1
11597,EXTEND,1,212,0,221.00,16.54,1
11598,DECODE,1000,0,1000,934.85,23.09,1
11599,DECODE,1000,0,1000,935.85,23.00,1
11600,DECODE,999,0,999,936.98,23.23,1
11601,EXTEND,1,32,0,43.00,15.69,1
11602,DECODE,1000,0,1000,937.09,23.02,1
11603,DECODE,1000,0,1000,938.09,23.16,1
11604,DECODE,999,0,999,937.81,23.25,1
11605,EXTEND,1,80,0,89.00,15.85,1
11606,DECODE,1000,0,1000,937.96,23.01,1
11607,DECODE,1000,0,1000,938.96,23.26,1
11608,DECODE,1000,0,1000,939.96,23.35,1
11609,DECODE,999,0,999,939.34,23.31,1
11610,EXTEND,1,78,0,82.00,25.99,1
11611,DECODE,999,0,999,937.86,23.15,1
11612,EXTEND,1,72,0,93.00,15.92,1
11613,DECODE,999,0,999,936.39,23.10,1
11614,EXTEND,1,116,0,119.00,15.39,1
11615,DECODE,1000,0,1000,936.58,22.86,1
11616,DECODE,1000,0,1000,937.58,22.96,1
11617,DECODE,1000,0,1000,938.58,25.04,1
11618,DECODE,1000,0,1000,939.58,23.02,1
11619,DECODE,1000,0,1000,940.58,22.99,1
11620,DECODE,1000,0,1000,941.58,22.96,1
11621,DECODE,1000,0,1000,942.58,22.98,1
11622,DECODE,1000,0,1000,943.58,22.97,1
11623,DECODE,999,0,999,942.96,23.39,1
11624,EXTEND,1,54,0,63.00,16.50,1
11625,EXTEND,1,127,0,131.00,27.94,1
11626,DECODE,1000,0,1000,940.65,23.23,1
11627,DECODE,1000,0,1000,941.65,23.49,1
11628,DECODE,1000,0,1000,942.65,22.97,1
11629,DECODE,1000,0,1000,943.65,23.07,1
11630,DECODE,1000,0,1000,944.65,23.30,1
11631,DECODE,1000,0,1000,945.65,29.28,1
11632,DECODE,1000,0,1000,946.65,24.22,1
11633,DECODE,1000,0,1000,947.65,23.25,1
11634,DECODE,1000,0,1000,948.65,23.18,1
11635,DECODE,1000,0,1000,949.65,23.10,1
11636,DECODE,1000,0,1000,950.65,23.12,1
11637,DECODE,1000,0,1000,951.65,23.28,1
11638,DECODE,1000,0,1000,952.65,23.22,1
11639,DECODE,1000,0,1000,953.65,23.31,1
11640,DECODE,1000,0,1000,954.65,23.36,1
11641,DECODE,1000,0,1000,955.65,23.39,1
11642,DECODE,999,0,999,955.94,23.53,1
11643,EXTEND,1,34,0,41.00,16.05,1
11644,DECODE,1000,0,1000,956.02,23.11,1
11645,DECODE,1000,0,1000,957.02,23.27,1
11646,DECODE,1000,0,1000,958.02,23.45,1
11647,DECODE,1000,0,1000,959.02,23.43,1
11648,DECODE,1000,0,1000,960.02,23.35,1
11649,DECODE,1000,0,1000,961.02,23.20,1
11650,DECODE,1000,0,1000,962.02,23.49,1
11651,DECODE,1000,0,1000,963.02,23.48,1
11652,DECODE,1000,0,1000,964.02,23.46,1
11653,DECODE,1000,0,1000,965.02,23.49,1
11654,DECODE,1000,0,1000,966.02,23.44,1
11655,DECODE,1000,0,1000,967.02,23.38,1
11656,DECODE,1000,0,1000,968.02,23.39,1
11657,DECODE,1000,0,1000,969.02,23.52,1
11658,DECODE,1000,0,1000,970.02,23.46,1
11659,DECODE,1000,0,1000,971.02,23.43,1
11660,DECODE,1000,0,1000,972.02,23.54,1
11661,DECODE,1000,0,1000,973.02,24.99,1
11662,DECODE,999,0,999,974.06,24.00,1
11663,EXTEND,1,65,0,70.00,15.51,1
11664,DECODE,1000,0,1000,974.16,23.40,1
11665,DECODE,1000,0,1000,975.16,23.65,1
11666,DECODE,1000,0,1000,976.16,23.79,1
11667,DECODE,1000,0,1000,977.16,23.64,1
11668,DECODE,1000,0,1000,978.16,23.70,1
11669,DECODE,1000,0,1000,979.16,23.68,1
11670,DECODE,1000,0,1000,980.16,23.74,1
11671,DECODE,1000,0,1000,981.16,23.90,1
11672,DECODE,1000,0,1000,982.16,23.72,1
11673,DECODE,1000,0,1000,983.16,23.84,1
11674,DECODE,1000,0,1000,984.16,23.96,1
11675,DECODE,1000,0,1000,985.16,24.01,1
11676,DECODE,1000,0,1000,986.16,23.77,1
11677,DECODE,1000,0,1000,987.16,23.90,1
11678,DECODE,1000,0,1000,988.16,23.80,1
11679,DECODE,1000,0,1000,989.16,23.91,1
11680,DECODE,1000,0,1000,990.16,23.86,1
11681,DECODE,1000,0,1000,991.16,23.61,1
11682,DECODE,1000,0,1000,992.16,23.79,1
11683,DECODE,1000,0,1000,993.16,23.89,1
11684,DECODE,1000,0,1000,994.16,23.83,1
11685,DECODE,1000,0,1000,995.16,24.04,1
11686,DECODE,1000,0,1000,996.16,23.88,1
11687,DECODE,1000,0,1000,997.16,23.97,1
11688,DECODE,1000,0,1000,998.16,23.93,1
11689,DECODE,1000,0,1000,999.16,23.99,1
11690,DECODE,1000,0,1000,1000.16,23.96,1
11691,DECODE,1000,0,1000,1001.16,24.14,1
11692,DECODE,1000,0,1000,1002.16,24.11,1
11693,DECODE,1000,0,1000,1003.16,24.08,1
11694,DECODE,999,0,999,1002.60,24.26,1
11695,EXTEND,1,53,0,60.00,16.08,1
11696,DECODE,1000,0,1000,1002.65,24.28,1
11697,DECODE,1000,0,1000,1003.65,24.00,1
11698,DECODE,1000,0,1000,1004.65,24.03,1
11699,DECODE,1000,0,1000,1005.65,24.03,1
11700,DECODE,1000,0,1000,1006.65,24.21,1
11701,DECODE,1000,0,1000,1007.65,24.06,1
11702,DECODE,999,0,999,1007.10,24.29,1
11703,EXTEND,1,59,0,65.00,15.92,1
11704,EXTEND,1,44,0,50.00,15.54,1
11705,DECODE,1000,0,1000,1004.65,23.85,1
11706,DECODE,1000,0,1000,1005.65,26.38,1
11707,DECODE,1000,0,1000,1006.65,25.78,1
11708,DECODE,998,0,998,1004.54,24.19,1
11709,EXTEND,2,145,0,76.50,15.99,1
11710,DECODE,1000,0,1000,1003.68,23.74,1
11711,DECODE,1000,0,1000,1004.68,23.94,1
11712,DECODE,998,0,998,1002.56,26.37,1
11713,EXTEND,2,78,0,47.50,16.58,1
11714,EXTEND,1,58,0,64.00,15.92,1
11715,DECODE,1000,0,1000,999.16,23.61,1
11716,DECODE,1000,0,1000,1000.16,23.99,1
11717,DECODE,1000,0,1000,1001.16,24.21,1
11718,DECODE,1000,0,1000,1002.16,24.21,1
11719,DECODE,999,0,999,1001.60,24.12,1
11720,EXTEND,1,42,0,50.00,15.95,1
11721,DECODE,1000,0,1000,1001.65,23.75,1
11722,DECODE,1000,0,1000,1002.65,24.04,1
11723,DECODE,1000,0,1000,1003.65,24.07,1
11724,DECODE,1000,0,1000,1004.65,24.08,1
11725,DECODE,1000,0,1000,1005.65,24.05,1
11726,DECODE,999,0,999,1005.09,24.46,1
11727,EXTEND,1,48,0,55.00,19.56,1
11728,DECODE,1000,0,1000,1005.14,24.88,1
11729,DECODE,1000,0,1000,1006.14,23.84,1
11730,DECODE,1000,0,1000,1007.14,23.98,1
11731,DECODE,1000,0,1000,1008.14,24.54,1
11732,DECODE,1000,0,1000,1009.14,25.89,1
11733,DECODE,1000,0,1000,1010.14,23.93,1
11734,DECODE,1000,0,1000,1011.14,24.13,1
11735,DECODE,1000,0,1000,1012.14,23.98,1
11736,DECODE,1000,0,1000,1013.14,24.07,1
11737,DECODE,1000,0,1000,1014.14,24.15,1
11738,DECODE,1000,0,1000,1015.14,24.42,1
11739,DECODE,1000,0,1000,1016.14,26.09,1
11740,DECODE,1000,0,1000,1017.14,25.51,1
11741,DECODE,1000,0,1000,1018.14,23.96,1
11742,DECODE,1000,0,1000,1019.14,23.89,1
11743,DECODE,1000,0,1000,1020.14,23.91,1
11744,DECODE,999,0,999,1021.24,28.89,1
11745,EXTEND,1,52,0,58.00,16.53,1
11746,DECODE,1000,0,1000,1021.27,23.94,1
11747,DECODE,1000,0,1000,1022.27,24.06,1
11748,DECODE,1000,0,1000,1023.27,23.95,1
11749,DECODE,999,0,999,1024.28,24.15,1
11750,EXTEND,1,58,0,62.00,15.98,1
11751,DECODE,1000,0,1000,1024.31,23.99,1
11752,DECODE,1000,0,1000,1025.31,23.95,1
11753,DECODE,1000,0,1000,1026.31,23.99,1
11754,DECODE,998,0,998,1024.24,24.16,1
11755,EXTEND,2,132,0,72.00,23.47,1
11756,DECODE,998,0,998,1020.26,24.06,1
11757,EXTEND,2,98,0,56.00,15.89,1
11758,DECODE,1000,0,1000,1019.33,23.89,1
11759,DECODE,1000,0,1000,1020.33,23.85,1
11760,DECODE,1000,0,1000,1021.33,23.88,1
11761,DECODE,999,0,999,1022.29,24.08,1
11762,EXTEND,1,92,0,106.00,25.87,1
11763,EXTEND,1,53,0,59.00,15.81,1
11764,DECODE,1000,0,1000,1019.87,23.81,1
11765,DECODE,1000,0,1000,1020.87,23.77,1
11766,DECODE,999,0,999,1020.33,24.07,1
11767,EXTEND,1,66,0,70.00,15.97,1
11768,DECODE,1000,0,1000,1020.38,23.84,1
11769,DECODE,1000,0,1000,1021.38,23.87,1
11770,DECODE,1000,0,1000,1022.38,23.98,1
11771,DECODE,1000,0,1000,1023.38,23.87,1
11772,DECODE,1000,0,1000,1024.38,23.94,1
11773,DECODE,1000,0,1000,1025.38,24.02,1
11774,DECODE,1000,0,1000,1026.38,23.96,1
11775,DECODE,1000,0,1000,1027.38,25.13,1
11776,DECODE,1000,0,1000,1028.38,24.00,1
11777,DECODE,1000,0,1000,1029.38,24.04,1
11778,DECODE,1000,0,1000,1030.38,24.14,1
11779,DECODE,1000,0,1000,1031.38,24.10,1
11780,DECODE,1000,0,1000,1032.38,24.20,1
11781,DECODE,1000,0,1000,1033.38,24.07,1
11782,DECODE,999,0,999,1033.59,24.42,1
11783,EXTEND,1,54,0,62.00,16.11,1
11784,DECODE,1000,0,1000,1033.61,23.96,1
11785,DECODE,1000,0,1000,1034.61,24.07,1
11786,DECODE,1000,0,1000,1035.61,24.15,1
11787,DECODE,1000,0,1000,1036.61,24.17,1
11788,DECODE,1000,0,1000,1037.61,24.25,1
11789,DECODE,999,0,999,1038.62,24.43,1
11790,EXTEND,1,32,0,40.00,15.91,1
11791,EXTEND,1,67,0,76.00,15.72,1
11792,DECODE,1000,0,1000,1036.14,24.01,1
11793,DECODE,1000,0,1000,1037.14,24.29,1
11794,DECODE,1000,0,1000,1038.14,24.24,1
11795,DECODE,1000,0,1000,1039.14,24.40,1
11796,DECODE,1000,0,1000,1040.14,24.31,1
11797,DECODE,999,0,999,1041.20,24.47,1
11798,EXTEND,1,78,0,84.00,16.05,1
11799,DECODE,1000,0,1000,1041.24,24.02,1
11800,DECODE,1000,0,1000,1042.24,24.15,1
11801,DECODE,1000,0,1000,1043.24,24.19,1
11802,DECODE,1000,0,1000,1044.24,24.37,1
11803,DECODE,1000,0,1000,1045.24,24.20,1
11804,DECODE,1000,0,1000,1046.24,24.18,1
11805,DECODE,1000,0,1000,1047.24,24.16,1
11806,DECODE,1000,0,1000,1048.24,24.23,1
11807,DECODE,1000,0,1000,1049.24,24.26,1
11808,DECODE,1000,0,1000,1050.24,24.16,1
11809,DECODE,1000,0,1000,1051.24,24.30,1
11810,DECODE,999,0,999,1050.73,24.53,1
11811,EXTEND,1,47,0,53.00,15.90,1
11812,DECODE,1000,0,1000,1050.73,24.25,1
11813,DECODE,1000,0,1000,1051.73,24.16,1
11814,DECODE,1000,0,1000,1052.73,24.40,1
11815,DECODE,999,0,999,1052.23,24.58,1
11816,EXTEND,1,33,0,40.00,16.07,1
11817,DECODE,1000,0,1000,1052.21,24.24,1
11818,DECODE,1000,0,1000,1053.21,24.23,1
11819,DECODE,1000,0,1000,1054.21,24.36,1
11820,DECODE,1000,0,1000,1055.21,24.37,1
11821,DECODE,1000,0,1000,1056.21,24.33,1
11822,DECODE,1000,0,1000,1057.21,24.36,1
11823,DECODE,1000,0,1000,1058.21,24.40,1
11824,DECODE,1000,0,1000,1059.21,24.42,1
11825,DECODE,1000,0,1000,1060.21,24.49,1
11826,DECODE,1000,0,1000,1061.21,24.42,1
11827,DECODE,1000,0,1000,1062.21,24.48,1
11828,DECODE,1000,0,1000,1063.21,24.37,1
11829,DECODE,1000,0,1000,1064.21,24.48,1
11830,DECODE,1000,0,1000,1065.21,24.35,1
11831,DECODE,1000,0,1000,1066.21,24.44,1
11832,DECODE,999,0,999,1067.22,24.70,1
11833,EXTEND,1,34,0,48.00,15.71,1
11834,DECODE,1000,0,1000,1067.20,24.39,1
11835,DECODE,1000,0,1000,1068.20,24.49,1
11836,DECODE,1000,0,1000,1069.20,24.64,1
11837,DECODE,1000,0,1000,1070.20,24.57,1
11838,DECODE,1000,0,1000,1071.20,24.68,1
11839,DECODE,1000,0,1000,1072.20,24.60,1
11840,DECODE,1000,0,1000,1073.20,24.67,1
11841,DECODE,1000,0,1000,1074.20,24.71,1
11842,DECODE,1000,0,1000,1075.20,24.67,1
11843,DECODE,1000,0,1000,1076.20,24.69,1
11844,DECODE,1000,0,1000,1077.20,24.71,1
11845,DECODE,1000,0,1000,1078.20,24.67,1
11846,DECODE,1000,0,1000,1079.20,24.73,1
11847,DECODE,1000,0,1000,1080.20,24.73,1
11848,DECODE,1000,0,1000,1081.20,24.69,1
11849,DECODE,1000,0,1000,1082.20,24.84,1
11850,DECODE,1000,0,1000,1083.20,24.78,1
11851,DECODE,1000,0,1000,1084.20,24.81,1
11852,DECODE,1000,0,1000,1085.20,24.79,1
11853,DECODE,1000,0,1000,1086.20,24.70,1
11854,DECODE,1000,0,1000,1087.20,24.67,1
11855,DECODE,1000,0,1000,1088.20,24.91,1
11856,DECODE,1000,0,1000,1089.20,24.72,1
11857,DECODE,1000,0,1000,1090.20,24.78,1
11858,DECODE,1000,0,1000,1091.20,24.83,1
11859,DECODE,1000,0,1000,1092.20,24.85,1
11860,DECODE,1000,0,1000,1093.20,24.94,1
11861,DECODE,1000,0,1000,1094.20,24.85,1
11862,DECODE,1000,0,1000,1095.20,25.08,1
11863,DECODE,1000,0,1000,1096.20,25.00,1
11864,DECODE,1000,0,1000,1097.20,24.96,1
11865,DECODE,1000,0,1000,1098.20,24.94,1
11866,DECODE,1000,0,1000,1099.20,24.95,1
11867,DECODE,1000,0,1000,1100.20,24.96,1
11868,DECODE,1000,0,1000,1101.20,24.86,1
11869,DECODE,1000,0,1000,1102.20,24.93,1
11870,DECODE,1000,0,1000,1103.20,25.06,1
11871,DECODE,1000,0,1000,1104.20,24.97,1
11872,DECODE,1000,0,1000,1105.20,24.98,1
11873,DECODE,1000,0,1000,1106.20,24.96,1
11874,DECODE,1000,0,1000,1107.20,24.94,1
11875,DECODE,1000,0,1000,1108.20,24.99,1
11876,DECODE,1000,0,1000,1109.20,24.96,1
11877,DECODE,1000,0,1000,1110.20,24.97,1
11878,DECODE,1000,0,1000,1111.20,25.02,1
11879,DECODE,1000,0,1000,1112.20,24.95,1
11880,DECODE,1000,0,1000,1113.20,24.98,1
11881,DECODE,1000,0,1000,1114.20,25.05,1
11882,DECODE,1000,0,1000,1115.20,25.04,1
11883,DECODE,1000,0,1000,1116.20,25.06,1
11884,DECODE,1000,0,1000,1117.20,25.09,1
11885,DECODE,999,0,999,1118.25,25.31,1
11886,EXTEND,1,47,0,53.00,15.96,1
11887,DECODE,999,0,999,1118.16,25.10,1
11888,EXTEND,1,80,0,93.00,15.86,1
11889,DECODE,1000,0,1000,1118.13,24.92,1
11890,DECODE,1000,0,1000,1119.13,24.97,1
11891,DECODE,1000,0,1000,1120.13,25.39,1
11892,DECODE,1000,0,1000,1121.13,25.09,1
11893,DECODE,1000,0,1000,1122.13,25.59,1
11894,DECODE,1000,0,1000,1123.13,25.26,1
11895,DECODE,1000,0,1000,1124.13,25.14,1
11896,DECODE,1000,0,1000,1125.13,25.28,1
11897,DECODE,1000,0,1000,1126.13,25.27,1
11898,DECODE,1000,0,1000,1127.13,25.34,1
11899,DECODE,1000,0,1000,1128.13,25.52,1
11900,DECODE,1000,0,1000,1129.13,25.17,1
11901,DECODE,1000,0,1000,1130.13,25.19,1
11902,DECODE,1000,0,1000,1131.13,25.21,1
11903,DECODE,1000,0,1000,1132.13,25.20,1
11904,DECODE,1000,0,1000,1133.13,25.29,1
11905,DECODE,1000,0,1000,1134.13,26.96,1
11906,DECODE,1000,0,1000,1135.13,25.27,1
11907,DECODE,1000,0,1000,1136.13,25.32,1
11908,DECODE,1000,0,1000,1137.13,25.24,1
11909,DECODE,1000,0,1000,1138.13,25.46,1
11910,DECODE,1000,0,1000,1139.13,25.23,1
11911,DECODE,1000,0,1000,1140.13,28.83,1
11912,DECODE,1000,0,1000,1141.13,29.73,1
11913,DECODE,1000,0,1000,1142.13,25.28,1
11914,DECODE,999,0,999,1141.71,25.46,1
11915,DECODE,998,0,998,1142.65,28.71,1
11916,DECODE,998,0,998,1143.65,25.57,1
11917,DECODE,998,0,998,1144.65,25.54,1
11918,DECODE,998,0,998,1145.65,25.52,1
11919,DECODE,998,0,998,1146.65,25.70,1
11920,DECODE,998,0,998,1147.65,25.63,1
11921,DECODE,998,0,998,1148.65,25.57,1
11922,DECODE,998,0,998,1149.65,25.61,1
11923,DECODE,998,0,998,1150.65,25.63,1
11924,DECODE,998,0,998,1151.65,25.76,1
11925,DECODE,998,0,998,1152.65,25.62,1
11926,DECODE,997,0,997,1152.24,25.53,1
11927,DECODE,997,0,997,1153.24,25.77,1
11928,DECODE,996,0,996,1152.82,25.48,1
11929,DECODE,996,0,996,1153.82,25.37,1
11930,DECODE,996,0,996,1154.82,25.51,1
11931,DECODE,996,0,996,1155.82,25.42,1
11932,DECODE,996,0,996,1156.82,27.36,1
11933,DECODE,996,0,996,1157.82,25.51,1
11934,DECODE,996,0,996,1158.82,27.43,1
11935,DECODE,996,0,996,1159.82,26.79,1
11936,DECODE,996,0,996,1160.82,25.47,1
11937,DECODE,996,0,996,1161.82,25.44,1
11938,DECODE,996,0,996,1162.82,28.55,1
11939,DECODE,994,0,994,1163.68,30.93,1
11940,DECODE,994,0,994,1164.68,25.73,1
11941,DECODE,994,0,994,1165.68,29.02,1
11942,DECODE,994,0,994,1166.68,27.94,1
11943,DECODE,994,0,994,1167.68,25.62,1
11944,DECODE,993,0,993,1168.53,25.70,1
11945,DECODE,992,0,992,1169.51,25.55,1
11946,DECODE,992,0,992,1170.51,25.53,1
11947,DECODE,991,0,991,1171.60,25.69,1
11948,DECODE,990,0,990,1171.20,25.59,1
11949,DECODE,990,0,990,1172.20,25.50,1
11950,DECODE,989,0,989,1171.80,25.64,1
11951,DECODE,988,0,988,1172.81,25.51,1
11952,DECODE,988,0,988,1173.81,25.44,1
11953,DECODE,988,0,988,1174.81,25.43,1
11954,DECODE,988,0,988,1175.81,25.41,1
11955,DECODE,987,0,987,1176.73,26.40,1
11956,DECODE,987,0,987,1177.73,25.80,1
11957,DECODE,986,0,986,1178.70,25.59,1
11958,DECODE,986,0,986,1179.70,25.90,1
11959,DECODE,986,0,986,1180.70,25.65,1
11960,DECODE,986,0,986,1181.70,25.63,1
11961,DECODE,986,0,986,1182.70,25.61,1
11962,DECODE,986,0,986,1183.70,25.78,1
11963,DECODE,986,0,986,1184.70,25.71,1
11964,DECODE,986,0,986,1185.70,25.67,1
11965,DECODE,985,0,985,1185.30,25.67,1
11966,DECODE,984,0,984,1186.36,25.45,1
11967,DECODE,983,0,983,1185.96,25.65,1
11968,DECODE,983,0,983,1186.96,25.59,1
11969,DECODE,982,0,982,1186.56,25.70,1
11970,DECODE,982,0,982,1187.56,25.72,1
11971,DECODE,981,0,981,1187.16,25.54,1
11972,DECODE,979,0,979,1185.36,25.64,1
11973,DECODE,979,0,979,1186.36,25.77,1
11974,DECODE,977,0,977,1185.93,25.83,1
11975,DECODE,976,0,976,1185.52,25.66,1
11976,DECODE,976,0,976,1186.52,25.54,1
11977,DECODE,976,0,976,1187.52,25.39,1
11978,DECODE,975,0,975,1187.11,25.55,1
11979,DECODE,973,0,973,1185.29,25.49,1
11980,DECODE,972,0,972,1184.88,25.29,1
11981,DECODE,970,0,970,1183.04,25.49,1
11982,DECODE,967,0,967,1179.77,25.47,1
11983,DECODE,966,0,966,1179.34,25.40,1
11984,DECODE,966,0,966,1180.34,25.40,1
11985,DECODE,966,0,966,1181.34,25.43,1
11986,DECODE,966,0,966,1182.34,25.40,1
11987,DECODE,965,0,965,1181.92,25.40,1
11988,DECODE,965,0,965,1182.92,25.63,1
11989,DECODE,964,0,964,1182.49,25.25,1
11990,DECODE,964,0,964,1183.49,25.29,1
11991,DECODE,964,0,964,1184.49,25.21,1
11992,DECODE,964,0,964,1185.49,25.33,1
11993,DECODE,964,0,964,1186.49,25.23,1
11994,DECODE,964,0,964,1187.49,25.24,1
11995,DECODE,963,0,963,1187.82,25.54,1
11996,DECODE,963,0,963,1188.82,25.62,1
11997,DECODE,963,0,963,1189.82,25.43,1
11998,DECODE,963,0,963,1190.82,25.43,1
11999,DECODE,963,0,963,1191.82,25.53,1
12000,DECODE,963,0,963,1192.82,25.60,1
12001,DECODE,962,0,962,1193.83,25.68,1
12002,DECODE,962,0,962,1194.83,25.46,1
12003,DECODE,962,0,962,1195.83,25.53,1
12004,DECODE,962,0,962,1196.83,25.56,1
12005,DECODE,961,0,961,1196.42,25.56,1
12006,DECODE,961,0,961,1197.42,25.46,1
12007,DECODE,961,0,961,1198.42,25.59,1
12008,DECODE,961,0,961,1199.42,25.54,1
12009,DECODE,961,0,961,1200.42,25.52,1
12010,DECODE,961,0,961,1201.42,25.50,1
12011,DECODE,961,0,961,1202.42,25.56,1
12012,DECODE,961,0,961,1203.42,25.56,1
12013,DECODE,961,0,961,1204.42,25.57,1
12014,DECODE,961,0,961,1205.42,25.56,1
12015,DECODE,961,0,961,1206.42,25.64,1
12016,DECODE,961,0,961,1207.42,25.64,1
12017,DECODE,960,0,960,1208.44,25.34,1
12018,DECODE,960,0,960,1209.44,25.51,1
12019,DECODE,960,0,960,1210.44,25.31,1
12020,DECODE,960,0,960,1211.44,25.34,1
12021,DECODE,960,0,960,1212.44,25.36,1
12022,DECODE,959,0,959,1213.41,25.64,1
12023,DECODE,959,0,959,1214.41,25.73,1
12024,DECODE,959,0,959,1215.41,25.75,1
12025,DECODE,959,0,959,1216.41,25.63,1
12026,DECODE,959,0,959,1217.41,25.62,1
12027,DECODE,959,0,959,1218.41,25.65,1
12028,DECODE,959,0,959,1219.41,25.57,1
12029,DECODE,959,0,959,1220.41,25.55,1
12030,DECODE,959,0,959,1221.41,25.61,1
12031,DECODE,959,0,959,1222.41,25.64,1
12032,DECODE,959,0,959,1223.41,25.59,1
12033,DECODE,959,0,959,1224.41,25.65,1
12034,DECODE,959,0,959,1225.41,25.68,1
12035,DECODE,959,0,959,1226.41,25.70,1
12036,DECODE,959,0,959,1227.41,25.62,1
12037,DECODE,959,0,959,1228.41,25.69,1
12038,DECODE,958,0,958,1229.36,25.75,1
12039,DECODE,957,0,957,1230.33,25.80,1
12040,DECODE,957,0,957,1231.33,25.76,1
12041,DECODE,957,0,957,1232.33,25.82,1
12042,DECODE,957,0,957,1233.33,25.74,1
12043,DECODE,957,0,957,1234.33,25.78,1
12044,DECODE,957,0,957,1235.33,25.72,1
12045,DECODE,957,0,957,1236.33,25.84,1
12046,DECODE,957,0,957,1237.33,25.84,1
12047,DECODE,957,0,957,1238.33,25.84,1
12048,DECODE,957,0,957,1239.33,25.79,1
12049,DECODE,957,0,957,1240.33,25.86,1
12050,DECODE,957,0,957,1241.33,25.83,1
12051,DECODE,957,0,957,1242.33,25.89,1
12052,DECODE,957,0,957,1243.33,25.78,1
12053,DECODE,957,0,957,1244.33,25.81,1
12054,DECODE,957,0,957,1245.33,25.82,1
12055,DECODE,957,0,957,1246.33,26.64,1
12056,DECODE,957,0,957,1247.33,28.73,1
12057,DECODE,957,0,957,1248.33,25.90,1
12058,DECODE,956,0,956,1249.33,25.71,1
12059,DECODE,956,0,956,1250.33,25.91,1
12060,DECODE,956,0,956,1251.33,25.63,1
12061,DECODE,956,0,956,1252.33,27.41,1
12062,DECODE,955,0,955,1253.38,25.93,1
12063,DECODE,955,0,955,1254.38,25.99,1
12064,DECODE,955,0,955,1255.38,25.88,1
12065,DECODE,955,0,955,1256.38,25.90,1
12066,DECODE,954,0,954,1256.01,26.30,1
12067,DECODE,953,0,953,1256.95,26.28,1
12068,DECODE,953,0,953,1257.95,26.15,1
12069,DECODE,953,0,953,1258.95,26.09,1
12070,DECODE,953,0,953,1259.95,26.13,1
12071,DECODE,953,0,953,1260.95,26.10,1
12072,DECODE,953,0,953,1261.95,26.00,1
12073,DECODE,953,0,953,1262.95,26.05,1
12074,DECODE,953,0,953,1263.95,26.21,1
12075,DECODE,953,0,953,1264.95,26.11,1
12076,DECODE,953,0,953,1265.95,26.04,1
12077,DECODE,953,0,953,1266.95,26.04,1
12078,DECODE,953,0,953,1267.95,26.15,1
12079,DECODE,953,0,953,1268.95,26.12,1
12080,DECODE,952,0,952,1269.99,25.83,1
12081,DECODE,952,0,952,1270.99,26.22,1
12082,DECODE,952,0,952,1271.99,26.23,1
12083,DECODE,952,0,952,1272.99,26.18,1
12084,DECODE,952,0,952,1273.99,26.16,1
12085,DECODE,952,0,952,1274.99,26.15,1
12086,DECODE,952,0,952,1275.99,26.06,1
12087,DECODE,952,0,952,1276.99,26.21,1
12088,DECODE,952,0,952,1277.99,26.21,1
12089,DECODE,952,0,952,1278.99,26.13,1
12090,DECODE,952,0,952,1279.99,26.23,1
12091,DECODE,952,0,952,1280.99,26.15,1
12092,DECODE,951,0,951,1281.91,26.18,1
12093,DECODE,951,0,951,1282.91,26.45,1
12094,DECODE,951,0,951,1283.91,26.29,1
12095,DECODE,951,0,951,1284.91,26.22,1
12096,DECODE,951,0,951,1285.91,26.40,1
12097,DECODE,951,0,951,1286.91,26.23,1
12098,DECODE,951,0,951,1287.91,26.53,1
12099,DECODE,951,0,951,1288.91,26.50,1
12100,DECODE,951,0,951,1289.91,26.44,1
12101,DECODE,951,0,951,1290.91,26.39,1
12102,DECODE,951,0,951,1291.91,26.45,1
12103,DECODE,951,0,951,1292.91,26.47,1
12104,DECODE,951,0,951,1293.91,26.44,1
12105,DECODE,949,0,949,1294.57,26.48,1
12106,DECODE,949,0,949,1295.57,26.55,1
12107,DECODE,949,0,949,1296.57,26.28,1
12108,DECODE,949,0,949,1297.57,26.35,1
12109,DECODE,948,0,948,1298.44,26.08,1
12110,DECODE,948,0,948,1299.44,26.29,1
12111,DECODE,948,0,948,1300.44,26.12,1
12112,DECODE,948,0,948,1301.44,26.24,1
12113,DECODE,948,0,948,1302.44,26.36,1
12114,DECODE,948,0,948,1303.44,26.20,1
12115,DECODE,948,0,948,1304.44,26.26,1
12116,DECODE,948,0,948,1305.44,26.20,1
12117,DECODE,948,0,948,1306.44,26.17,1
12118,DECODE,947,0,947,1307.48,26.40,1
12119,DECODE,947,0,947,1308.48,26.70,1
12120,DECODE,947,0,947,1309.48,26.40,1
12121,DECODE,947,0,947,1310.48,26.46,1
12122,DECODE,947,0,947,1311.48,26.53,1
12123,DECODE,946,0,946,1311.16,26.39,1
12124,DECODE,946,0,946,1312.16,26.54,1
12125,DECODE,946,0,946,1313.16,26.56,1
12126,DECODE,946,0,946,1314.16,26.68,1
12127,DECODE,946,0,946,1315.16,26.50,1
12128,DECODE,946,0,946,1316.16,26.47,1
12129,DECODE,946,0,946,1317.16,26.80,1
12130,DECODE,946,0,946,1318.16,26.73,1
12131,DECODE,946,0,946,1319.16,26.78,1
12132,DECODE,946,0,946,1320.16,26.65,1
12133,DECODE,946,0,946,1321.16,26.77,1
12134,DECODE,945,0,945,1322.06,26.78,1
12135,DECODE,945,0,945,1323.06,26.83,1
12136,DECODE,945,0,945,1324.06,26.55,1
12137,DECODE,945,0,945,1325.06,26.70,1
12138,DECODE,945,0,945,1326.06,26.71,1
12139,DECODE,945,0,945,1327.06,26.77,1
12140,DECODE,945,0,945,1328.06,26.78,1
12141,DECODE,945,0,945,1329.06,26.86,1
12142,DECODE,945,0,945,1330.06,26.99,1
12143,DECODE,944,0,944,1331.00,26.63,1
12144,DECODE,944,0,944,1332.00,26.84,1
12145,DECODE,944,0,944,1333.00,26.56,1
12146,DECODE,944,0,944,1334.00,26.59,1
12147,DECODE,944,0,944,1335.00,26.70,1
12148,DECODE,944,0,944,1336.00,26.93,1
12149,DECODE,944,0,944,1337.00,26.47,1
12150,DECODE,944,0,944,1338.00,26.55,1
12151,DECODE,944,0,944,1339.00,26.64,1
12152,DECODE,944,0,944,1340.00,26.70,1
12153,DECODE,943,0,943,1342.05,26.91,1
12154,DECODE,940,0,940,1346.20,26.69,1
12155,DECODE,938,0,938,1349.19,26.94,1
12156,DECODE,936,0,936,1352.19,26.83,1
12157,DECODE,933,0,933,1356.07,27.09,1
12158,DECODE,931,0,931,1359.02,27.05,1
12159,DECODE,929,0,929,1361.97,27.23,1
12160,DECODE,927,0,927,1364.93,26.71,1
12161,DECODE,925,0,925,1367.87,27.07,1
12162,DECODE,923,0,923,1367.61,27.04,1
12163,DECODE,923,0,923,1368.61,26.84,1
12164,DECODE,923,0,923,1369.61,26.93,1
12165,DECODE,923,0,923,1370.61,28.47,1
12166,DECODE,922,0,922,1372.58,26.92,1
12167,DECODE,921,0,921,1373.55,26.94,1
12168,DECODE,920,0,920,1374.52,26.31,1
12169,DECODE,919,0,919,1375.46,26.87,1
12170,DECODE,919,0,919,1376.46,26.57,1
12171,DECODE,918,0,918,1378.41,26.59,1
12172,DECODE,916,0,916,1381.36,26.37,1
12173,DECODE,914,0,914,1384.24,26.49,1
12174,DECODE,912,0,912,1387.17,26.13,1
12175,DECODE,911,0,911,1389.13,26.52,1
12176,DECODE,909,0,909,1391.97,26.37,1
12177,DECODE,908,0,908,1393.05,26.39,1
12178,DECODE,907,0,907,1394.86,26.77,1
12179,DECODE,906,0,906,1396.75,26.40,1
12180,DECODE,904,0,904,1399.42,26.10,1
12181,DECODE,903,0,903,1401.28,26.63,1
12182,DECODE,901,0,901,1404.03,26.64,1
12183,DECODE,900,0,900,1405.73,26.25,1
12184,DECODE,898,0,898,1408.49,26.33,1
12185,DECODE,897,0,897,1409.51,26.41,1
12186,DECODE,897,0,897,1410.51,28.23,1
12187,DECODE,895,0,895,1413.17,26.70,1
12188,DECODE,894,0,894,1414.99,26.64,1
12189,DECODE,893,0,893,1416.85,26.51,1
12190,DECODE,891,0,891,1419.51,26.60,1
12191,DECODE,890,0,890,1421.34,26.34,1
12192,DECODE,889,0,889,1423.19,27.20,1
12193,DECODE,887,0,887,1425.80,31.30,1
12194,DECODE,886,0,886,1427.59,26.47,1
12195,DECODE,885,0,885,1429.36,26.59,1
12196,DECODE,884,0,884,1429.08,31.93,1
12197,DECODE,884,0,884,1430.08,30.04,1
12198,DECODE,884,0,884,1431.08,26.16,1
12199,DECODE,882,0,882,1433.70,26.79,1
12200,DECODE,881,0,881,1435.41,33.75,1
12201,DECODE,880,0,880,1437.18,30.77,1
12202,DECODE,879,0,879,1438.99,26.27,1
12203,DECODE,878,0,878,1440.81,26.63,1
12204,DECODE,877,0,877,1442.58,26.86,1
12205,DECODE,875,0,875,1445.00,26.47,1
12206,DECODE,874,0,874,1446.55,26.59,1
12207,DECODE,874,0,874,1447.55,26.42,1
12208,DECODE,872,0,872,1450.00,26.13,1
12209,DECODE,871,0,871,1451.69,26.34,1
12210,DECODE,870,0,870,1453.41,30.06,1
12211,DECODE,869,0,869,1455.13,28.59,1
12212,DECODE,868,0,868,1456.79,26.75,1
12213,DECODE,867,0,867,1458.21,26.93,1
12214,DECODE,867,0,867,1459.21,26.44,1
12215,DECODE,866,0,866,1460.82,26.24,1
12216,DECODE,865,0,865,1462.46,26.30,1
12217,DECODE,864,0,864,1464.09,26.26,1
12218,DECODE,863,0,863,1465.74,26.37,1
12219,DECODE,862,0,862,1467.41,26.48,1
12220,DECODE,861,0,861,1468.89,26.57,1
12221,DECODE,860,0,860,1470.49,26.19,1
12222,DECODE,859,0,859,1472.01,26.40,1
12223,DECODE,858,0,858,1473.44,26.35,1
12224,DECODE,857,0,857,1474.48,26.50,1
12225,DECODE,856,0,856,1475.94,26.07,1
12226,DECODE,856,0,856,1476.94,26.03,1
12227,DECODE,855,0,855,1478.41,26.31,1
12228,DECODE,855,0,855,1479.41,26.37,1
12229,DECODE,854,0,854,1480.47,27.29,1
12230,DECODE,853,0,853,1481.97,26.66,1
12231,DECODE,853,0,853,1482.97,26.29,1
12232,DECODE,852,0,852,1484.42,26.07,1
12233,DECODE,851,0,851,1485.89,26.44,1
12234,DECODE,850,0,850,1487.33,26.17,1
12235,DECODE,849,0,849,1488.68,26.34,1
12236,DECODE,849,0,849,1489.68,26.29,1
12237,DECODE,848,0,848,1491.00,26.05,1
12238,DECODE,847,0,847,1492.39,28.90,1
12239,DECODE,847,0,847,1493.39,26.53,1
12240,DECODE,846,0,846,1494.67,26.09,1
12241,DECODE,845,0,845,1495.96,26.57,1
12242,DECODE,845,0,845,1496.96,26.29,1
12243,DECODE,844,0,844,1498.23,26.33,1
12244,DECODE,843,0,843,1499.18,26.58,1
12245,DECODE,843,0,843,1500.18,26.60,1
12246,DECODE,842,0,842,1501.41,28.47,1
12247,DECODE,841,0,841,1502.68,26.82,1
12248,DECODE,841,0,841,1503.68,26.64,1
12249,DECODE,840,0,840,1504.73,26.36,1
12250,DECODE,840,0,840,1505.73,26.42,1
12251,DECODE,839,0,839,1506.79,26.71,1
12252,DECODE,838,0,838,1507.67,26.53,1
12253,DECODE,837,0,837,1508.52,26.72,1
12254,DECODE,837,0,837,1509.52,26.58,1
12255,DECODE,837,0,837,1510.52,26.37,1
12256,DECODE,836,0,836,1511.74,26.30,1
12257,DECODE,836,0,836,1512.74,26.19,1
12258,DECODE,835,0,835,1513.87,26.65,1
12259,DECODE,834,0,834,1515.07,26.82,1
12260,DECODE,834,0,834,1516.07,26.37,1
12261,DECODE,833,0,833,1516.79,26.35,1
12262,DECODE,833,0,833,1517.79,26.51,1
12263,DECODE,832,0,832,1518.87,26.37,1
12264,DECODE,832,0,832,1519.87,26.26,1
12265,DECODE,831,0,831,1520.98,26.38,1
12266,DECODE,831,0,831,1521.98,26.24,1
12267,DECODE,830,0,830,1523.08,26.14,1
12268,DECODE,829,0,829,1524.22,26.28,1
12269,DECODE,829,0,829,1525.22,26.28,1
12270,DECODE,828,0,828,1526.37,26.37,1
12271,DECODE,828,0,828,1527.37,26.01,1
12272,DECODE,827,0,827,1528.43,26.99,1
12273,DECODE,827,0,827,1529.43,26.40,1
12274,DECODE,826,0,826,1530.60,26.37,1
12275,DECODE,825,0,825,1531.69,27.44,1
12276,DECODE,825,0,825,1532.69,26.41,1
12277,DECODE,824,0,824,1533.87,26.40,1
12278,DECODE,824,0,824,1534.87,26.53,1
12279,DECODE,823,0,823,1535.92,26.50,1
12280,DECODE,822,0,822,1537.10,26.51,1
12281,DECODE,822,0,822,1538.10,26.35,1
12282,DECODE,821,0,821,1539.29,26.35,1
12283,DECODE,821,0,821,1540.29,26.26,1
12284,DECODE,820,0,820,1541.48,26.07,1
12285,DECODE,820,0,820,1542.48,26.05,1
12286,DECODE,819,0,819,1543.68,26.42,1
12287,DECODE,818,0,818,1544.90,26.27,1
12288,DECODE,817,0,817,1545.99,26.43,1
12289,DECODE,817,0,817,1546.99,26.08,1
12290,DECODE,817,0,817,1547.99,26.42,1
12291,DECODE,816,0,816,1549.20,26.19,1
12292,DECODE,814,0,814,1550.16,26.26,1
12293,DECODE,813,0,813,1551.24,26.46,1
12294,DECODE,813,0,813,1552.24,26.30,1
12295,DECODE,813,0,813,1553.24,26.20,1
12296,DECODE,813,0,813,1554.24,26.25,1
12297,DECODE,813,0,813,1555.24,26.36,1
12298,DECODE,812,0,812,1556.47,26.04,1
12299,DECODE,812,0,812,1557.47,26.20,1
12300,DECODE,811,0,811,1558.58,26.35,1
12301,DECODE,810,0,810,1559.70,26.27,1
12302,DECODE,810,0,810,1560.70,26.13,1
12303,DECODE,809,0,809,1561.82,26.29,1
12304,DECODE,809,0,809,1562.82,26.30,1
12305,DECODE,808,0,808,1563.95,25.92,1
12306,DECODE,808,0,808,1564.95,25.91,1
12307,DECODE,807,0,807,1565.97,26.41,1
12308,DECODE,806,0,806,1565.74,26.13,1
12309,DECODE,806,0,806,1566.74,26.12,1
12310,DECODE,806,0,806,1567.74,26.11,1
12311,DECODE,806,0,806,1568.74,26.38,1
12312,DECODE,805,0,805,1569.88,26.40,1
12313,DECODE,805,0,805,1570.88,26.28,1
12314,DECODE,804,0,804,1572.02,25.92,1
12315,DECODE,804,0,804,1573.02,26.13,1
12316,DECODE,803,0,803,1574.19,26.36,1
12317,DECODE,802,0,802,1575.12,26.21,1
12318,DECODE,802,0,802,1576.12,26.00,1
12319,DECODE,801,0,801,1577.30,27.09,1
12320,DECODE,801,0,801,1578.30,26.18,1
12321,DECODE,800,0,800,1579.18,25.60,1
12322,DECODE,800,0,800,1580.18,26.17,1
12323,DECODE,799,0,799,1581.36,25.95,1
12324,DECODE,799,0,799,1582.36,25.84,1
12325,DECODE,798,0,798,1583.54,26.02,1
12326,DECODE,798,0,798,1584.54,26.07,1
12327,DECODE,797,0,797,1585.73,26.35,1
12328,DECODE,796,0,796,1585.50,25.65,1
12329,DECODE,796,0,796,1586.50,25.62,1
12330,DECODE,796,0,796,1587.50,25.72,1
12331,DECODE,796,0,796,1588.50,25.59,1
12332,DECODE,795,0,795,1589.69,25.87,1
12333,DECODE,795,0,795,1590.69,26.12,1
12334,DECODE,794,0,794,1591.89,25.98,1
12335,DECODE,793,0,793,1593.09,25.79,1
12336,DECODE,793,0,793,1594.09,25.73,1
12337,DECODE,792,0,792,1595.30,25.51,1
12338,DECODE,792,0,792,1596.30,25.69,1
12339,DECODE,791,0,791,1597.51,25.83,1
12340,DECODE,790,0,790,1598.48,25.89,1
12341,DECODE,790,0,790,1599.48,27.83,1
12342,DECODE,789,0,789,1599.26,26.08,1
12343,DECODE,788,0,788,1600.28,26.15,1
12344,DECODE,788,0,788,1601.28,26.03,1
12345,DECODE,788,0,788,1602.28,25.86,1
12346,DECODE,788,0,788,1603.28,25.85,1
12347,DECODE,788,0,788,1604.28,25.97,1
12348,DECODE,787,0,787,1605.50,26.89,1
12349,DECODE,787,0,787,1606.50,26.34,1
12350,DECODE,786,0,786,1607.72,26.50,1
12351,DECODE,785,0,785,1608.79,26.98,1
12352,DECODE,785,0,785,1609.79,26.01,1
12353,DECODE,785,0,785,1610.79,26.12,1
12354,DECODE,784,0,784,1611.82,26.04,1
12355,DECODE,783,0,783,1611.60,26.29,1
12356,DECODE,783,0,783,1612.60,26.21,1
12357,DECODE,782,0,782,1613.65,26.12,1
12358,DECODE,782,0,782,1614.65,26.22,1
12359,DECODE,782,0,782,1615.65,26.06,1
12360,DECODE,782,0,782,1616.65,25.97,1
12361,DECODE,781,0,781,1617.77,28.51,1
12362,DECODE,781,0,781,1618.77,26.45,1
12363,DECODE,780,0,780,1619.87,26.29,1
12364,DECODE,780,0,780,1620.87,26.24,1
12365,DECODE,779,0,779,1622.03,26.70,1
12366,DECODE,779,0,779,1623.03,25.66,1
12367,DECODE,778,0,778,1624.19,25.91,1
12368,DECODE,778,0,778,1625.19,25.98,1
12369,DECODE,777,0,777,1626.37,25.88,1
12370,DECODE,777,0,777,1627.37,26.13,1
12371,DECODE,776,0,776,1628.24,25.35,1
12372,DECODE,776,0,776,1629.24,25.87,1
12373,DECODE,775,0,775,1630.21,26.24,1
12374,DECODE,775,0,775,1631.21,26.28,1
12375,DECODE,774,0,774,1632.28,25.96,1
12376,DECODE,774,0,774,1633.28,25.89,1
12377,DECODE,773,0,773,1634.40,26.04,1
12378,DECODE,771,0,771,1635.39,26.15,1
12379,DECODE,771,0,771,1636.39,25.97,1
12380,DECODE,771,0,771,1637.39,25.87,1
12381,DECODE,770,0,770,1638.44,25.95,1
12382,DECODE,770,0,770,1639.44,25.89,1
12383,DECODE,770,0,770,1640.44,25.55,1
12384,DECODE,770,0,770,1641.44,25.90,1
12385,DECODE,769,0,769,1641.24,25.93,1
12386,DECODE,768,0,768,1642.33,25.48,1
12387,DECODE,768,0,768,1643.33,25.49,1
12388,DECODE,768,0,768,1644.33,25.68,1
12389,DECODE,767,0,767,1645.41,26.08,1
12390,DECODE,766,0,766,1646.52,26.15,1
12391,DECODE,766,0,766,1647.52,25.85,1
12392,DECODE,766,0,766,1648.52,25.73,1
12393,DECODE,766,0,766,1649.52,25.67,1
12394,DECODE,764,0,764,1650.34,25.58,1
12395,DECODE,764,0,764,1651.34,25.77,1
12396,DECODE,763,0,763,1652.38,26.33,1
12397,DECODE,763,0,763,1653.38,26.36,1
12398,DECODE,763,0,763,1654.38,25.87,1
12399,DECODE,763,0,763,1655.38,25.77,1
12400,DECODE,763,0,763,1656.38,25.92,1
12401,DECODE,762,0,762,1657.51,25.82,1
12402,DECODE,762,0,762,1658.51,25.79,1
12403,DECODE,761,0,761,1659.65,25.94,1
12404,DECODE,761,0,761,1660.65,26.00,1
12405,DECODE,760,0,760,1661.80,27.60,1
12406,DECODE,760,0,760,1662.80,25.58,1
12407,DECODE,759,0,759,1663.98,29.43,1
12408,DECODE,759,0,759,1664.98,28.74,1
12409,DECODE,758,0,758,1666.15,26.50,1
12410,DECODE,758,0,758,1667.15,25.75,1
12411,DECODE,757,0,757,1668.34,26.10,1
12412,DECODE,757,0,757,1669.34,25.99,1
12413,DECODE,756,0,756,1670.53,25.87,1
12414,DECODE,756,0,756,1671.53,26.38,1
12415,DECODE,755,0,755,1672.49,26.01,1
12416,DECODE,755,0,755,1673.49,26.00,1
12417,DECODE,755,0,755,1674.49,25.91,1
12418,DECODE,754,0,754,1675.56,25.94,1
12419,DECODE,753,0,753,1676.64,26.07,1
12420,DECODE,753,0,753,1677.64,26.30,1
12421,DECODE,753,0,753,1678.64,26.09,1
12422,DECODE,752,0,752,1679.73,27.55,1
12423,DECODE,752,0,752,1680.73,25.68,1
12424,DECODE,751,0,751,1681.86,25.91,1
12425,DECODE,750,0,750,1683.00,25.85,1
12426,DECODE,750,0,750,1684.00,25.84,1
12427,DECODE,750,0,750,1685.00,25.74,1
12428,DECODE,749,0,749,1686.13,25.82,1
12429,DECODE,749,0,749,1687.13,25.90,1
12430,DECODE,748,0,748,1688.28,25.55,1
12431,DECODE,748,0,748,1689.28,25.38,1
12432,DECODE,747,0,747,1690.37,25.77,1
12433,DECODE,747,0,747,1691.37,25.92,1
12434,DECODE,747,0,747,1692.37,25.83,1
12435,DECODE,746,0,746,1693.55,25.62,1
12436,DECODE,746,0,746,1694.55,25.90,1
12437,DECODE,745,0,745,1695.67,25.92,1
12438,DECODE,745,0,745,1696.67,26.02,1
12439,DECODE,744,0,744,1697.79,28.15,1
12440,DECODE,743,0,743,1698.87,28.33,1
12441,DECODE,743,0,743,1699.87,26.03,1
12442,DECODE,743,0,743,1700.87,25.84,1
12443,DECODE,742,0,742,1701.99,25.73,1
12444,DECODE,741,0,741,1703.06,26.29,1
12445,DECODE,741,0,741,1704.06,26.02,1
12446,DECODE,741,0,741,1705.06,25.86,1
12447,DECODE,740,0,740,1705.99,25.59,1
12448,DECODE,740,0,740,1706.99,25.65,1
12449,DECODE,740,0,740,1707.99,25.63,1
12450,DECODE,739,0,739,1709.14,25.77,1
12451,DECODE,739,0,739,1710.14,25.90,1
12452,DECODE,738,0,738,1711.32,26.00,1
12453,DECODE,738,0,738,1712.32,25.75,1
12454,DECODE,737,0,737,1713.51,25.89,1
12455,DECODE,737,0,737,1714.51,25.77,1
12456,DECODE,736,0,736,1715.69,25.52,1
12457,DECODE,735,0,735,1716.78,25.84,1
12458,DECODE,735,0,735,1717.78,25.72,1
12459,DECODE,735,0,735,1718.78,25.78,1
12460,DECODE,735,0,735,1719.78,26.01,1
12461,DECODE,734,0,734,1720.54,25.70,1
12462,DECODE,734,0,734,1721.54,25.60,1
12463,DECODE,733,0,733,1722.58,25.99,1
12464,DECODE,733,0,733,1723.58,25.88,1
12465,DECODE,733,0,733,1724.58,25.67,1
12466,DECODE,732,0,732,1725.70,25.59,1
12467,DECODE,732,0,732,1726.70,25.36,1
12468,DECODE,731,0,731,1727.83,25.95,1
12469,DECODE,731,0,731,1728.83,25.94,1
12470,DECODE,730,0,730,1729.98,25.80,1
12471,DECODE,729,0,729,1730.79,25.98,1
12472,DECODE,728,0,728,1731.91,25.86,1
12473,DECODE,728,0,728,1732.91,25.77,1
12474,DECODE,728,0,728,1733.91,25.65,1
12475,DECODE,727,0,727,1734.90,26.06,1
12476,DECODE,726,0,726,1735.79,26.00,1
12477,DECODE,726,0,726,1736.79,26.15,1
12478,DECODE,726,0,726,1737.79,26.80,1
12479,DECODE,726,0,726,1738.79,26.06,1
12480,DECODE,726,0,726,1739.79,26.13,1
12481,DECODE,726,0,726,1740.79,25.64,1
12482,DECODE,725,0,725,1741.95,25.93,1
12483,DECODE,725,0,725,1742.95,25.78,1
12484,DECODE,724,0,724,1744.08,25.42,1
12485,DECODE,724,0,724,1745.08,25.23,1
12486,DECODE,723,0,723,1746.17,25.65,1
12487,DECODE,723,0,723,1747.17,25.59,1
12488,DECODE,722,0,722,1748.22,25.50,1
12489,DECODE,722,0,722,1749.22,25.54,1
12490,DECODE,722,0,722,1750.22,25.51,1
12491,DECODE,721,0,721,1751.40,25.61,1
12492,DECODE,720,0,720,1752.37,24.98,1
12493,DECODE,720,0,720,1753.37,24.97,1
12494,DECODE,720,0,720,1754.37,24.89,1
12495,DECODE,720,0,720,1755.37,24.94,1
12496,DECODE,719,0,719,1756.53,25.31,1
12497,DECODE,718,0,718,1757.67,25.36,1
12498,DECODE,718,0,718,1758.67,25.25,1
12499,DECODE,718,0,718,1759.67,25.55,1
12500,DECODE,718,0,718,1760.67,25.61,1
12501,DECODE,717,0,717,1761.80,25.60,1
12502,DECODE,717,0,717,1762.80,25.82,1
12503,DECODE,716,0,716,1763.53,25.56,1
12504,DECODE,716,0,716,1764.53,25.48,1
12505,DECODE,715,0,715,1765.64,25.61,1
12506,DECODE,715,0,715,1766.64,25.78,1
12507,DECODE,715,0,715,1767.64,28.75,1
12508,DECODE,714,0,714,1768.66,29.16,1
12509,DECODE,713,0,713,1768.55,25.68,1
12510,DECODE,713,0,713,1769.55,25.25,1
12511,DECODE,713,0,713,1770.55,25.34,1
12512,DECODE,713,0,713,1771.55,27.10,1
12513,DECODE,712,0,712,1772.58,25.30,1
12514,DECODE,712,0,712,1773.58,25.63,1
12515,DECODE,712,0,712,1774.58,25.60,1
12516,DECODE,711,0,711,1775.72,26.09,1
12517,DECODE,711,0,711,1776.72,25.76,1
12518,DECODE,711,0,711,1777.72,25.63,1
12519,DECODE,710,0,710,1778.87,25.63,1
12520,DECODE,710,0,710,1779.87,25.54,1
12521,DECODE,709,0,709,1781.05,25.66,1
12522,DECODE,709,0,709,1782.05,25.64,1
12523,DECODE,708,0,708,1783.14,25.39,1
12524,DECODE,708,0,708,1784.14,25.34,1
12525,DECODE,708,0,708,1785.14,25.11,1
12526,DECODE,707,0,707,1786.29,27.68,1
12527,DECODE,707,0,707,1787.29,25.52,1
12528,DECODE,706,0,706,1788.46,25.36,1
12529,DECODE,706,0,706,1789.46,25.53,1
12530,DECODE,706,0,706,1790.46,25.34,1
12531,DECODE,705,0,705,1791.64,25.66,1
12532,DECODE,705,0,705,1792.64,25.88,1
12533,DECODE,704,0,704,1793.76,25.51,1
12534,DECODE,703,0,703,1794.85,25.48,1
12535,DECODE,703,0,703,1795.85,25.64,1
12536,DECODE,703,0,703,1796.85,25.43,1
12537,DECODE,703,0,703,1797.85,25.39,1
12538,DECODE,702,0,702,1798.99,25.47,1
12539,DECODE,702,0,702,1799.99,25.30,1
12540,DECODE,701,0,701,1801.12,25.49,1
12541,DECODE,700,0,700,1802.30,25.32,1
12542,DECODE,700,0,700,1803.30,25.38,1
12543,DECODE,700,0,700,1804.30,25.11,1
12544,DECODE,699,0,699,1805.46,25.66,1
12545,DECODE,699,0,699,1806.46,25.46,1
12546,DECODE,699,0,699,1807.46,25.54,1
12547,DECODE,698,0,698,1808.63,25.36,1
12548,DECODE,698,0,698,1809.63,25.38,1
12549,DECODE,698,0,698,1810.63,25.28,1
12550,DECODE,697,0,697,1811.82,25.25,1
12551,DECODE,696,0,696,1812.89,25.64,1
12552,DECODE,696,0,696,1813.89,25.07,1
12553,DECODE,696,0,696,1814.89,25.15,1
12554,DECODE,696,0,696,1815.89,25.26,1
12555,DECODE,695,0,695,1815.82,25.54,1
12556,DECODE,695,0,695,1816.82,25.77,1
12557,DECODE,695,0,695,1817.82,25.58,1
12558,DECODE,695,0,695,1818.82,25.54,1
12559,DECODE,694,0,694,1819.91,25.53,1
12560,DECODE,694,0,694,1820.91,25.44,1
12561,DECODE,693,0,693,1822.04,25.75,1
12562,DECODE,692,0,692,1823.16,25.28,1
12563,DECODE,692,0,692,1824.16,25.71,1
12564,DECODE,692,0,692,1825.16,25.13,1
12565,DECODE,692,0,692,1826.16,25.15,1
12566,DECODE,691,0,691,1827.30,25.04,1
12567,DECODE,691,0,691,1828.30,25.23,1
12568,DECODE,690,0,690,1829.37,25.26,1
12569,DECODE,690,0,690,1830.37,25.28,1
12570,DECODE,690,0,690,1831.37,25.14,1
12571,DECODE,689,0,689,1832.52,25.10,1
12572,DECODE,689,0,689,1833.52,25.26,1
12573,DECODE,689,0,689,1834.52,25.21,1
12574,DECODE,688,0,688,1835.72,25.19,1
12575,DECODE,688,0,688,1836.72,25.27,1
12576,DECODE,687,0,687,1837.83,25.51,1
12577,DECODE,687,0,687,1838.83,25.09,1
12578,DECODE,687,0,687,1839.83,25.18,1
12579,DECODE,686,0,686,1840.95,25.31,1
12580,DECODE,685,0,685,1841.79,25.55,1
12581,DECODE,685,0,685,1842.79,25.38,1
12582,DECODE,685,0,685,1843.79,25.53,1
12583,DECODE,685,0,685,1844.79,25.45,1
12584,DECODE,684,0,684,1845.91,27.09,1
12585,DECODE,684,0,684,1846.91,24.98,1
12586,DECODE,684,0,684,1847.91,24.99,1
12587,DECODE,683,0,683,1849.07,25.08,1
12588,DECODE,683,0,683,1850.07,25.10,1
12589,DECODE,682,0,682,1851.25,25.09,1
12590,DECODE,682,0,682,1852.25,25.21,1
12591,DECODE,682,0,682,1853.25,25.37,1
12592,DECODE,681,0,681,1853.21,25.58,1
12593,DECODE,681,0,681,1854.21,27.03,1
12594,DECODE,681,0,681,1855.21,25.11,1
12595,DECODE,680,0,680,1856.27,24.78,1
12596,DECODE,680,0,680,1857.27,24.86,1
12597,DECODE,679,0,679,1858.34,25.19,1
12598,DECODE,677,0,677,1859.46,24.91,1
12599,DECODE,677,0,677,1860.46,24.86,1
12600,DECODE,677,0,677,1861.46,25.06,1
12601,DECODE,676,0,676,1861.43,24.77,1
12602,DECODE,676,0,676,1862.43,24.80,1
12603,DECODE,676,0,676,1863.43,25.00,1
12604,DECODE,675,0,675,1863.39,24.98,1
12605,DECODE,675,0,675,1864.39,25.07,1
12606,DECODE,674,0,674,1865.54,25.06,1
12607,DECODE,674,0,674,1866.54,25.09,1
12608,DECODE,673,0,673,1867.63,25.06,1
12609,DECODE,672,0,672,1868.65,24.70,1
12610,DECODE,671,0,671,1869.77,24.94,1
12611,DECODE,670,0,670,1870.70,24.77,1
12612,DECODE,670,0,670,1871.70,24.88,1
12613,DECODE,670,0,670,1872.70,25.58,1
12614,DECODE,670,0,670,1873.70,24.98,1
12615,DECODE,670,0,670,1874.70,24.88,1
12616,DECODE,670,0,670,1875.70,24.95,1
12617,DECODE,670,0,670,1876.70,28.99,1
12618,DECODE,670,0,670,1877.70,30.26,1
12619,DECODE,670,0,670,1878.70,25.35,1
12620,DECODE,670,0,670,1879.70,25.24,1
12621,DECODE,670,0,670,1880.70,25.47,1
12622,DECODE,670,0,670,1881.70,27.83,1
12623,DECODE,670,0,670,1882.70,25.15,1
12624,DECODE,670,0,670,1883.70,26.08,1
12625,DECODE,670,0,670,1884.70,25.33,1
12626,DECODE,670,0,670,1885.70,25.44,1
12627,DECODE,669,0,669,1886.83,25.30,1
12628,DECODE,669,0,669,1887.83,27.40,1
12629,DECODE,669,0,669,1888.83,25.95,1
12630,DECODE,668,0,668,1889.96,25.40,1
12631,DECODE,668,0,668,1890.96,25.01,1
12632,DECODE,668,0,668,1891.96,25.09,1
12633,DECODE,667,0,667,1893.08,25.53,1
12634,DECODE,667,0,667,1894.08,25.88,1
12635,DECODE,666,0,666,1895.21,25.36,1
12636,DECODE,665,0,665,1896.29,24.88,1
12637,DECODE,665,0,665,1897.29,25.36,1
12638,DECODE,664,0,664,1897.29,25.01,1
12639,DECODE,664,0,664,1898.29,25.36,1
12640,DECODE,664,0,664,1899.29,24.92,1
12641,DECODE,664,0,664,1900.29,24.97,1
12642,DECODE,664,0,664,1901.29,25.12,1
12643,DECODE,663,0,663,1902.17,25.78,1
12644,DECODE,663,0,663,1903.17,25.25,1
12645,DECODE,663,0,663,1904.17,25.17,1
12646,DECODE,663,0,663,1905.17,25.37,1
12647,DECODE,663,0,663,1906.17,25.80,1
12648,DECODE,662,0,662,1907.17,25.24,1
12649,DECODE,662,0,662,1908.17,25.18,1
12650,DECODE,661,0,661,1909.15,25.02,1
12651,DECODE,661,0,661,1910.15,25.40,1
12652,DECODE,661,0,661,1911.15,25.22,1
12653,DECODE,660,0,660,1912.15,24.81,1
12654,DECODE,660,0,660,1913.15,24.90,1
12655,DECODE,659,0,659,1914.01,24.84,1
12656,DECODE,659,0,659,1915.01,25.06,1
12657,DECODE,659,0,659,1916.01,24.73,1
12658,DECODE,659,0,659,1917.01,24.93,1
12659,DECODE,658,0,658,1918.20,24.92,1
12660,DECODE,658,0,658,1919.20,25.04,1
12661,DECODE,658,0,658,1920.20,24.86,1
12662,DECODE,657,0,657,1921.39,25.69,1
12663,DECODE,657,0,657,1922.39,25.03,1
12664,DECODE,657,0,657,1923.39,24.96,1
12665,DECODE,656,0,656,1924.58,25.02,1
12666,DECODE,656,0,656,1925.58,25.40,1
12667,DECODE,655,0,655,1926.62,24.83,1
12668,DECODE,655,0,655,1927.62,24.91,1
12669,DECODE,654,0,654,1928.68,25.05,1
12670,DECODE,653,0,653,1929.74,25.20,1
12671,DECODE,653,0,653,1930.74,24.80,1
12672,DECODE,653,0,653,1931.74,26.02,1
12673,DECODE,652,0,652,1932.85,24.58,1
12674,DECODE,652,0,652,1933.85,24.68,1
12675,DECODE,652,0,652,1934.85,24.67,1
12676,DECODE,652,0,652,1935.85,24.69,1
12677,DECODE,652,0,652,1936.85,24.62,1
12678,DECODE,652,0,652,1937.85,24.62,1
12679,DECODE,651,0,651,1938.94,25.01,1
12680,DECODE,651,0,651,1939.94,24.94,1
12681,DECODE,651,0,651,1940.94,24.75,1
12682,DECODE,650,0,650,1942.03,24.93,1
12683,DECODE,650,0,650,1943.03,24.95,1
12684,DECODE,650,0,650,1944.03,24.83,1
12685,DECODE,649,0,649,1945.14,24.80,1
12686,DECODE,649,0,649,1946.14,24.81,1
12687,DECODE,649,0,649,1947.14,25.00,1
12688,DECODE,647,0,647,1947.35,25.44,1
12689,DECODE,646,0,646,1948.41,25.62,1
12690,DECODE,645,0,645,1949.33,24.80,1
12691,DECODE,644,0,644,1949.38,24.65,1
12692,DECODE,644,0,644,1950.38,26.38,1
12693,DECODE,643,0,643,1951.56,25.20,1
12694,DECODE,643,0,643,1952.56,25.17,1
12695,DECODE,643,0,643,1953.56,26.81,1
12696,DECODE,643,0,643,1954.56,24.75,1
12697,DECODE,643,0,643,1955.56,24.88,1
12698,DECODE,643,0,643,1956.56,24.76,1
12699,DECODE,643,0,643,1957.56,24.61,1
12700,DECODE,643,0,643,1958.56,24.67,1
12701,DECODE,643,0,643,1959.56,24.95,1
12702,DECODE,643,0,643,1960.56,24.83,1
12703,DECODE,643,0,643,1961.56,24.88,1
12704,DECODE,643,0,643,1962.56,24.88,1
12705,DECODE,643,0,643,1963.56,25.02,1
12706,DECODE,643,0,643,1964.56,25.02,1
12707,DECODE,642,0,642,1965.68,25.80,1
12708,DECODE,642,0,642,1966.68,24.88,1
12709,DECODE,642,0,642,1967.68,24.91,1
12710,DECODE,641,0,641,1968.82,25.01,1
12711,DECODE,641,0,641,1969.82,24.72,1
12712,DECODE,640,0,640,1970.67,24.30,1
12713,DECODE,639,0,639,1971.65,26.11,1
12714,DECODE,639,0,639,1972.65,24.56,1
12715,DECODE,639,0,639,1973.65,24.58,1
12716,DECODE,639,0,639,1974.65,24.96,1
12717,DECODE,638,0,638,1975.73,24.72,1
12718,DECODE,638,0,638,1976.73,24.60,1
12719,DECODE,638,0,638,1977.73,24.63,1
12720,DECODE,638,0,638,1978.73,24.63,1
12721,DECODE,637,0,637,1979.80,25.87,1
12722,DECODE,637,0,637,1980.80,24.66,1
12723,DECODE,637,0,637,1981.80,24.60,1
12724,DECODE,636,0,636,1982.68,24.53,1
12725,DECODE,635,0,635,1983.80,24.67,1
12726,DECODE,635,0,635,1984.80,24.63,1
12727,DECODE,635,0,635,1985.80,24.64,1
12728,DECODE,635,0,635,1986.80,24.57,1
12729,DECODE,635,0,635,1987.80,24.55,1
12730,DECODE,635,0,635,1988.80,24.59,1
12731,DECODE,634,0,634,1989.73,24.72,1
12732,DECODE,634,0,634,1990.73,24.91,1
12733,DECODE,634,0,634,1991.73,24.54,1
12734,DECODE,634,0,634,1992.73,24.76,1
12735,DECODE,633,0,633,1993.88,25.01,1
12736,DECODE,633,0,633,1994.88,24.73,1
12737,DECODE,633,0,633,1995.88,24.58,1
12738,DECODE,632,0,632,1997.04,25.21,1
12739,DECODE,630,0,630,1997.28,24.43,1
12740,DECODE,630,0,630,1998.28,24.34,1
12741,DECODE,630,0,630,1999.28,24.59,1
12742,DECODE,629,0,629,1999.38,25.12,1
12743,DECODE,629,0,629,2000.38,24.85,1
12744,DECODE,629,0,629,2001.38,24.61,1
12745,DECODE,628,0,628,2002.49,24.36,1
12746,DECODE,627,0,627,2003.37,24.59,1
12747,DECODE,627,0,627,2004.37,24.55,1
12748,DECODE,627,0,627,2005.37,24.50,1
12749,DECODE,627,0,627,2006.37,24.69,1
12750,DECODE,627,0,627,2007.37,24.72,1
12751,DECODE,627,0,627,2008.37,24.65,1
12752,DECODE,627,0,627,2009.37,24.63,1
12753,DECODE,627,0,627,2010.37,24.86,1
12754,DECODE,627,0,627,2011.37,24.82,1
12755,DECODE,627,0,627,2012.37,24.79,1
12756,DECODE,627,0,627,2013.37,24.62,1
12757,DECODE,627,0,627,2014.37,24.77,1
12758,DECODE,626,0,626,2015.53,24.77,1
12759,DECODE,626,0,626,2016.53,24.67,1
12760,DECODE,626,0,626,2017.53,24.68,1
12761,DECODE,625,0,625,2018.71,24.85,1
12762,DECODE,625,0,625,2019.71,24.68,1
12763,DECODE,625,0,625,2020.71,24.65,1
12764,DECODE,624,0,624,2021.91,24.37,1
12765,DECODE,624,0,624,2022.91,24.44,1
12766,DECODE,623,0,623,2023.85,24.58,1
12767,DECODE,623,0,623,2024.85,24.79,1
12768,DECODE,623,0,623,2025.85,24.82,1
12769,DECODE,623,0,623,2026.85,24.69,1
12770,DECODE,623,0,623,2027.85,24.91,1
12771,DECODE,622,0,622,2028.59,25.05,1
12772,DECODE,622,0,622,2029.59,24.85,1
12773,DECODE,622,0,622,2030.59,24.57,1
12774,DECODE,621,0,621,2031.69,24.70,1
12775,DECODE,621,0,621,2032.69,24.58,1
12776,DECODE,621,0,621,2033.69,24.59,1
12777,DECODE,620,0,620,2034.48,24.93,1
12778,DECODE,619,0,619,2035.60,25.39,1
12779,DECODE,619,0,619,2036.60,25.37,1
12780,DECODE,618,0,618,2036.75,24.85,1
12781,DECODE,618,0,618,2037.75,24.74,1
12782,DECODE,618,0,618,2038.75,24.89,1
12783,DECODE,618,0,618,2039.75,24.80,1
12784,DECODE,618,0,618,2040.75,24.70,1
12785,DECODE,618,0,618,2041.75,24.95,1
12786,DECODE,618,0,618,2042.75,24.96,1
12787,DECODE,618,0,618,2043.75,24.77,1
12788,DECODE,617,0,617,2044.67,24.94,1
12789,DECODE,617,0,617,2045.67,24.87,1
12790,DECODE,615,0,615,2046.99,24.86,1
12791,DECODE,615,0,615,2047.99,25.26,1
12792,DECODE,615,0,615,2048.99,25.27,1
12793,DECODE,615,0,615,2049.99,25.24,1
12794,DECODE,615,0,615,2050.99,26.78,1
12795,DECODE,614,0,614,2052.03,25.17,1
12796,DECODE,614,0,614,2053.03,25.18,1
12797,DECODE,613,0,613,2054.12,24.63,1
12798,DECODE,612,0,612,2054.94,24.40,1
12799,DECODE,612,0,612,2055.94,24.60,1
12800,DECODE,612,0,612,2056.94,24.52,1
12801,DECODE,612,0,612,2057.94,24.77,1
12802,DECODE,612,0,612,2058.94,24.58,1
12803,DECODE,612,0,612,2059.94,24.65,1
12804,DECODE,611,0,611,2060.98,25.90,1
12805,DECODE,611,0,611,2061.98,25.23,1
12806,DECODE,611,0,611,2062.98,24.87,1
12807,DECODE,611,0,611,2063.98,24.81,1
12808,DECODE,611,0,611,2064.98,24.97,1
12809,DECODE,610,0,610,2065.91,25.14,1
12810,DECODE,610,0,610,2066.91,27.68,1
12811,DECODE,610,0,610,2067.91,24.87,1
12812,DECODE,610,0,610,2068.91,24.87,1
12813,DECODE,610,0,610,2069.91,24.94,1
12814,DECODE,609,0,609,2071.10,24.83,1
12815,DECODE,608,0,608,2072.13,24.63,1
12816,DECODE,608,0,608,2073.13,24.68,1
12817,DECODE,608,0,608,2074.13,24.75,1
12818,DECODE,608,0,608,2075.13,24.59,1
12819,DECODE,608,0,608,2076.13,24.63,1
12820,DECODE,608,0,608,2077.13,24.59,1
12821,DECODE,607,0,607,2078.20,25.51,1
12822,DECODE,607,0,607,2079.20,25.55,1
12823,DECODE,607,0,607,2080.20,25.19,1
12824,DECODE,607,0,607,2081.20,25.35,1
12825,DECODE,606,0,606,2082.32,25.57,1
12826,DECODE,606,0,606,2083.32,25.29,1
12827,DECODE,606,0,606,2084.32,25.04,1
12828,DECODE,605,0,605,2085.43,25.13,1
12829,DECODE,605,0,605,2086.43,25.21,1
12830,DECODE,605,0,605,2087.43,25.12,1
12831,DECODE,604,0,604,2088.57,24.88,1
12832,DECODE,604,0,604,2089.57,24.89,1
12833,DECODE,604,0,604,2090.57,25.01,1
12834,DECODE,604,0,604,2091.57,24.74,1
12835,DECODE,603,0,603,2092.72,25.01,1
12836,DECODE,603,0,603,2093.72,24.97,1
12837,DECODE,603,0,603,2094.72,24.99,1
12838,DECODE,602,0,602,2095.74,25.12,1
12839,DECODE,602,0,602,2096.74,25.13,1
12840,DECODE,602,0,602,2097.74,24.97,1
12841,DECODE,601,0,601,2098.90,25.50,1
12842,DECODE,600,0,600,2099.13,24.93,1
12843,DECODE,600,0,600,2100.13,24.67,1
12844,DECODE,600,0,600,2101.13,24.58,1
12845,DECODE,600,0,600,2102.13,24.63,1
12846,DECODE,600,0,600,2103.13,24.61,1
12847,DECODE,600,0,600,2104.13,24.82,1
12848,DECODE,600,0,600,2105.13,24.66,1
12849,DECODE,599,0,599,2106.05,24.93,1
12850,DECODE,599,0,599,2107.05,24.88,1
12851,DECODE,598,0,598,2108.15,24.83,1
12852,DECODE,598,0,598,2109.15,24.90,1
12853,DECODE,597,0,597,2109.96,24.77,1
12854,DECODE,597,0,597,2110.96,24.98,1
12855,DECODE,597,0,597,2111.96,25.12,1
12856,DECODE,597,0,597,2112.96,24.90,1
12857,DECODE,597,0,597,2113.96,24.85,1
12858,DECODE,597,0,597,2114.96,24.82,1
12859,DECODE,597,0,597,2115.96,24.89,1
12860,DECODE,596,0,596,2116.92,24.77,1
12861,DECODE,595,0,595,2118.03,24.79,1
12862,DECODE,595,0,595,2119.03,24.76,1
12863,DECODE,594,0,594,2120.14,24.56,1
12864,DECODE,594,0,594,2121.14,24.56,1
12865,DECODE,594,0,594,2122.14,24.35,1
12866,DECODE,594,0,594,2123.14,24.66,1
12867,DECODE,594,0,594,2124.14,24.59,1
12868,DECODE,594,0,594,2125.14,24.65,1
12869,DECODE,593,0,593,2126.23,24.39,1
12870,DECODE,593,0,593,2127.23,24.70,1
12871,DECODE,593,0,593,2128.23,24.30,1
12872,DECODE,592,0,592,2129.29,24.29,1
12873,DECODE,592,0,592,2130.29,24.01,1
12874,DECODE,592,0,592,2131.29,24.07,1
12875,DECODE,592,0,592,2132.29,24.12,1
12876,DECODE,592,0,592,2133.29,24.02,1
12877,DECODE,591,0,591,2134.32,24.56,1
12878,DECODE,591,0,591,2135.32,24.35,1
12879,DECODE,591,0,591,2136.32,24.35,1
12880,DECODE,588,0,588,2136.63,23.95,1
12881,DECODE,588,0,588,2137.63,23.91,1
12882,DECODE,588,0,588,2138.63,23.93,1
12883,DECODE,588,0,588,2139.63,24.05,1
12884,DECODE,588,0,588,2140.63,24.10,1
12885,DECODE,588,0,588,2141.63,24.21,1
12886,DECODE,588,0,588,2142.63,24.06,1
12887,DECODE,586,0,586,2143.91,24.38,1
12888,DECODE,586,0,586,2144.91,24.42,1
12889,DECODE,586,0,586,2145.91,24.26,1
12890,DECODE,586,0,586,2146.91,24.41,1
12891,DECODE,586,0,586,2147.91,24.32,1
12892,DECODE,586,0,586,2148.91,24.19,1
12893,DECODE,586,0,586,2149.91,24.21,1
12894,DECODE,586,0,586,2150.91,24.47,1
12895,DECODE,586,0,586,2151.91,24.35,1
12896,DECODE,586,0,586,2152.91,24.36,1
12897,DECODE,586,0,586,2153.91,24.29,1
12898,DECODE,586,0,586,2154.91,24.50,1
12899,DECODE,585,0,585,2156.00,24.26,1
12900,DECODE,585,0,585,2157.00,24.15,1
12901,DECODE,585,0,585,2158.00,24.09,1
12902,DECODE,585,0,585,2159.00,24.47,1
12903,DECODE,584,0,584,2159.32,24.11,1
12904,DECODE,584,0,584,2160.32,24.18,1
12905,DECODE,584,0,584,2161.32,24.11,1
12906,DECODE,584,0,584,2162.32,24.06,1
12907,DECODE,583,0,583,2163.31,24.51,1
12908,DECODE,583,0,583,2164.31,24.14,1
12909,DECODE,583,0,583,2165.31,24.43,1
12910,DECODE,583,0,583,2166.31,24.49,1
12911,DECODE,582,0,582,2167.40,24.42,1
12912,DECODE,582,0,582,2168.40,24.45,1
12913,DECODE,582,0,582,2169.40,24.71,1
12914,DECODE,582,0,582,2170.40,24.52,1
12915,DECODE,581,0,581,2171.49,24.65,1
12916,DECODE,581,0,581,2172.49,25.77,1
12917,DECODE,581,0,581,2173.49,24.40,1
12918,DECODE,580,0,580,2174.61,24.06,1
12919,DECODE,580,0,580,2175.61,24.15,1
12920,DECODE,580,0,580,2176.61,24.16,1
12921,DECODE,580,0,580,2177.61,24.11,1
12922,DECODE,579,0,579,2178.74,24.37,1
12923,DECODE,579,0,579,2179.74,24.37,1
12924,DECODE,578,0,578,2180.83,25.51,1
12925,DECODE,578,0,578,2181.83,24.38,1
12926,DECODE,578,0,578,2182.83,24.28,1
12927,DECODE,578,0,578,2183.83,24.29,1
12928,DECODE,578,0,578,2184.83,24.23,1
12929,DECODE,577,0,577,2185.72,24.06,1
12930,DECODE,577,0,577,2186.72,24.22,1
12931,DECODE,577,0,577,2187.72,24.12,1
12932,DECODE,576,0,576,2188.67,23.95,1
12933,DECODE,576,0,576,2189.67,23.96,1
12934,DECODE,576,0,576,2190.67,23.97,1
12935,DECODE,576,0,576,2191.67,23.98,1
12936,DECODE,576,0,576,2192.67,23.99,1
12937,DECODE,575,0,575,2193.81,24.12,1
12938,DECODE,575,0,575,2194.81,24.27,1
12939,DECODE,574,0,574,2195.96,24.13,1
12940,DECODE,574,0,574,2196.96,24.13,1
12941,DECODE,574,0,574,2197.96,24.23,1
12942,DECODE,574,0,574,2198.96,24.16,1
12943,DECODE,574,0,574,2199.96,24.15,1
12944,DECODE,573,0,573,2200.63,24.03,1
12945,DECODE,572,0,572,2201.70,23.96,1
12946,DECODE,572,0,572,2202.70,23.91,1
12947,DECODE,571,0,571,2203.89,24.48,1
12948,DECODE,570,0,570,2204.81,24.27,1
12949,DECODE,570,0,570,2205.81,24.48,1
12950,DECODE,568,0,568,2205.98,23.86,1
12951,DECODE,568,0,568,2206.98,23.89,1
12952,DECODE,568,0,568,2207.98,23.96,1
12953,DECODE,568,0,568,2208.98,24.15,1
12954,DECODE,567,0,567,2209.86,24.08,1
12955,DECODE,567,0,567,2210.86,24.20,1
12956,DECODE,567,0,567,2211.86,24.18,1
12957,DECODE,567,0,567,2212.86,24.06,1
12958,DECODE,567,0,567,2213.86,24.03,1
12959,DECODE,567,0,567,2214.86,25.83,1
12960,DECODE,567,0,567,2215.86,25.08,1
12961,DECODE,567,0,567,2216.86,24.27,1
12962,DECODE,567,0,567,2217.86,24.41,1
12963,DECODE,567,0,567,2218.86,24.33,1
12964,DECODE,567,0,567,2219.86,24.95,1
12965,DECODE,567,0,567,2220.86,25.34,1
12966,DECODE,567,0,567,2221.86,24.37,1
12967,DECODE,567,0,567,2222.86,24.40,1
12968,DECODE,567,0,567,2223.86,25.69,1
12969,DECODE,567,0,567,2224.86,24.49,1
12970,DECODE,567,0,567,2225.86,24.37,1
12971,DECODE,567,0,567,2226.86,25.98,1
12972,DECODE,566,0,566,2227.71,25.21,1
12973,DECODE,566,0,566,2228.71,24.57,1
12974,DECODE,566,0,566,2229.71,24.72,1
12975,DECODE,566,0,566,2230.71,24.57,1
12976,DECODE,566,0,566,2231.71,24.50,1
12977,DECODE,565,0,565,2232.62,24.62,1
12978,DECODE,565,0,565,2233.62,24.42,1
12979,DECODE,565,0,565,2234.62,24.35,1
12980,DECODE,564,0,564,2235.68,24.26,1
12981,DECODE,564,0,564,2236.68,24.16,1
12982,DECODE,564,0,564,2237.68,24.11,1
12983,DECODE,564,0,564,2238.68,25.81,1
12984,DECODE,563,0,563,2239.73,24.91,1
12985,DECODE,563,0,563,2240.73,24.45,1
12986,DECODE,563,0,563,2241.73,24.35,1
12987,DECODE,563,0,563,2242.73,24.75,1
12988,DECODE,562,0,562,2243.87,24.80,1
12989,DECODE,562,0,562,2244.87,24.37,1
12990,DECODE,562,0,562,2245.87,24.31,1
12991,DECODE,562,0,562,2246.87,24.36,1
12992,DECODE,561,0,561,2248.03,24.60,1
12993,DECODE,561,0,561,2249.03,24.37,1
12994,DECODE,561,0,561,2250.03,24.33,1
12995,DECODE,561,0,561,2251.03,24.40,1
12996,DECODE,560,0,560,2252.21,24.15,1
12997,DECODE,559,0,559,2252.66,24.20,1
12998,DECODE,559,0,559,2253.66,24.35,1
12999,DECODE,559,0,559,2254.66,24.13,1
13000,DECODE,559,0,559,2255.66,24.10,1
13001,DECODE,558,0,558,2256.60,24.23,1
13002,DECODE,558,0,558,2257.60,24.12,1
13003,DECODE,558,0,558,2258.60,24.23,1
13004,DECODE,558,0,558,2259.60,24.24,1
13005,DECODE,558,0,558,2260.60,24.05,1
13006,DECODE,558,0,558,2261.60,24.24,1
13007,DECODE,557,0,557,2262.06,24.16,1
13008,DECODE,557,0,557,2263.06,24.18,1
13009,DECODE,557,0,557,2264.06,24.24,1
13010,DECODE,557,0,557,2265.06,24.29,1
13011,DECODE,556,0,556,2265.53,24.05,1
13012,DECODE,555,0,555,2266.64,24.56,1
13013,DECODE,554,0,554,2267.67,24.52,1
13014,DECODE,554,0,554,2268.67,24.29,1
13015,DECODE,554,0,554,2269.67,24.36,1
13016,DECODE,553,0,553,2270.74,24.27,1
13017,DECODE,553,0,553,2271.74,24.35,1
13018,DECODE,553,0,553,2272.74,24.31,1
13019,DECODE,553,0,553,2273.74,24.42,1
13020,DECODE,553,0,553,2274.74,24.46,1
13021,DECODE,553,0,553,2275.74,24.51,1
13022,DECODE,553,0,553,2276.74,24.60,1
13023,DECODE,553,0,553,2277.74,24.49,1
13024,DECODE,553,0,553,2278.74,24.57,1
13025,DECODE,553,0,553,2279.74,24.38,1
13026,DECODE,551,0,551,2280.95,24.47,1
13027,DECODE,549,0,549,2281.95,24.59,1
13028,DECODE,549,0,549,2282.95,24.47,1
13029,DECODE,549,0,549,2283.95,24.30,1
13030,DECODE,549,0,549,2284.95,24.45,1
13031,DECODE,549,0,549,2285.95,24.58,1
13032,DECODE,548,0,548,2286.45,24.44,1
13033,DECODE,547,0,547,2286.95,24.78,1
13034,DECODE,546,0,546,2287.45,24.44,1
13035,DECODE,545,0,545,2288.50,24.64,1
13036,DECODE,545,0,545,2289.50,24.52,1
13037,DECODE,545,0,545,2290.50,24.44,1
13038,DECODE,545,0,545,2291.50,24.42,1
13039,DECODE,543,0,543,2292.68,24.38,1
13040,DECODE,543,0,543,2293.68,24.55,1
13041,DECODE,543,0,543,2294.68,24.39,1
13042,DECODE,543,0,543,2295.68,24.40,1
13043,DECODE,543,0,543,2296.68,24.76,1
13044,DECODE,542,0,542,2297.19,25.10,1
13045,DECODE,542,0,542,2298.19,25.39,1
13046,DECODE,542,0,542,2299.19,24.75,1
13047,DECODE,542,0,542,2300.19,24.72,1
13048,DECODE,542,0,542,2301.19,24.61,1
13049,DECODE,542,0,542,2302.19,24.53,1
13050,DECODE,542,0,542,2303.19,24.26,1
13051,DECODE,542,0,542,2304.19,24.39,1
13052,DECODE,541,0,541,2305.25,24.68,1
13053,DECODE,541,0,541,2306.25,25.58,1
13054,DECODE,541,0,541,2307.25,26.07,1
13055,DECODE,541,0,541,2308.25,24.90,1
13056,DECODE,541,0,541,2309.25,24.24,1
13057,DECODE,541,0,541,2310.25,24.26,1
13058,DECODE,541,0,541,2311.25,24.38,1
13059,DECODE,541,0,541,2312.25,24.30,1
13060,DECODE,541,0,541,2313.25,24.85,1
13061,DECODE,541,0,541,2314.25,24.40,1
13062,DECODE,540,0,540,2314.80,24.27,1
13063,DECODE,539,0,539,2315.34,24.57,1
13064,DECODE,539,0,539,2316.34,24.35,1
13065,DECODE,538,0,538,2317.43,24.37,1
13066,DECODE,538,0,538,2318.43,24.39,1
13067,DECODE,538,0,538,2319.43,24.36,1
13068,DECODE,538,0,538,2320.43,24.26,1
13069,DECODE,538,0,538,2321.43,24.31,1
13070,DECODE,537,0,537,2322.54,24.65,1
13071,DECODE,537,0,537,2323.54,24.67,1
13072,DECODE,537,0,537,2324.54,24.48,1
13073,DECODE,537,0,537,2325.54,24.36,1
13074,DECODE,537,0,537,2326.54,24.35,1
13075,DECODE,537,0,537,2327.54,24.47,1
13076,DECODE,537,0,537,2328.54,24.44,1
13077,DECODE,537,0,537,2329.54,24.45,1
13078,DECODE,537,0,537,2330.54,24.61,1
13079,DECODE,537,0,537,2331.54,24.78,1
13080,DECODE,537,0,537,2332.54,24.60,1
13081,DECODE,536,0,536,2333.45,24.47,1
13082,DECODE,536,0,536,2334.45,24.46,1
13083,DECODE,536,0,536,2335.45,24.27,1
13084,DECODE,535,0,535,2336.30,24.66,1
13085,DECODE,535,0,535,2337.30,24.41,1
13086,DECODE,535,0,535,2338.30,24.30,1
13087,DECODE,534,0,534,2339.14,24.68,1
13088,DECODE,534,0,534,2340.14,25.73,1
13089,DECODE,534,0,534,2341.14,24.39,1
13090,DECODE,533,0,533,2342.24,24.33,1
13091,DECODE,533,0,533,2343.24,24.31,1
13092,DECODE,533,0,533,2344.24,24.39,1
13093,DECODE,533,0,533,2345.24,24.49,1
13094,DECODE,533,0,533,2346.24,24.29,1
13095,DECODE,533,0,533,2347.24,24.82,1
13096,DECODE,532,0,532,2347.84,24.29,1
13097,DECODE,532,0,532,2348.84,24.24,1
13098,DECODE,532,0,532,2349.84,24.17,1
13099,DECODE,532,0,532,2350.84,24.19,1
13100,DECODE,532,0,532,2351.84,24.11,1
13101,DECODE,532,0,532,2352.84,24.26,1
13102,DECODE,532,0,532,2353.84,24.20,1
13103,DECODE,531,0,531,2354.89,26.24,1
13104,DECODE,530,0,530,2355.51,25.18,1
13105,DECODE,528,0,528,2355.73,23.84,1
13106,DECODE,527,0,527,2356.34,23.95,1
13107,DECODE,527,0,527,2357.34,24.16,1
13108,DECODE,526,0,526,2357.96,23.96,1
13109,DECODE,525,0,525,2358.57,24.18,1
13110,DECODE,525,0,525,2359.57,23.77,1
13111,DECODE,524,0,524,2360.66,23.87,1
13112,DECODE,524,0,524,2361.66,24.14,1
13113,DECODE,523,0,523,2362.28,23.66,1
13114,DECODE,522,0,522,2362.90,23.75,1
13115,DECODE,522,0,522,2363.90,23.83,1
13116,DECODE,521,0,521,2364.53,23.99,1
13117,DECODE,521,0,521,2365.53,23.94,1
13118,DECODE,520,0,520,2366.15,23.46,1
13119,DECODE,520,0,520,2367.15,24.85,1
13120,DECODE,520,0,520,2368.15,24.08,1
13121,DECODE,520,0,520,2369.15,23.27,1
13122,DECODE,519,0,519,2370.14,23.71,1
13123,DECODE,518,0,518,2370.77,23.53,1
13124,DECODE,517,0,517,2371.41,23.28,1
13125,DECODE,517,0,517,2372.41,23.17,1
13126,DECODE,517,0,517,2373.41,23.38,1
13127,DECODE,515,0,515,2373.68,23.54,1
13128,DECODE,515,0,515,2374.68,23.27,1
13129,DECODE,515,0,515,2375.68,23.24,1
13130,DECODE,515,0,515,2376.68,23.24,1
13131,DECODE,515,0,515,2377.68,23.77,1
13132,DECODE,515,0,515,2378.68,23.21,1
13133,DECODE,515,0,515,2379.68,23.25,1
13134,DECODE,515,0,515,2380.68,23.30,1
13135,DECODE,515,0,515,2381.68,23.23,1
13136,DECODE,515,0,515,2382.68,23.32,1
13137,DECODE,513,0,513,2382.99,23.45,1
13138,DECODE,513,0,513,2383.99,23.30,1
13139,DECODE,513,0,513,2384.99,23.17,1
13140,DECODE,513,0,513,2385.99,23.31,1
13141,DECODE,512,0,512,2386.65,22.16,1
13142,DECODE,510,0,510,2387.18,21.95,1
13143,DECODE,509,0,509,2387.84,22.37,1
13144,DECODE,508,0,508,2388.50,23.78,1
13145,DECODE,508,0,508,2389.50,23.49,1
13146,DECODE,508,0,508,2390.50,23.06,1
13147,DECODE,508,0,508,2391.50,23.26,1
13148,DECODE,508,0,508,2392.50,23.22,1
13149,DECODE,508,0,508,2393.50,23.00,1
13150,DECODE,507,0,507,2394.18,23.38,1
13151,DECODE,506,0,506,2394.85,23.82,1
13152,DECODE,506,0,506,2395.85,23.53,1
13153,DECODE,506,0,506,2396.85,23.10,1
13154,DECODE,505,0,505,2397.52,23.65,1
13155,DECODE,505,0,505,2398.52,23.51,1
13156,DECODE,505,0,505,2399.52,23.86,1
13157,DECODE,505,0,505,2400.52,24.07,1
13158,DECODE,504,0,504,2401.58,24.16,1
13159,DECODE,503,0,503,2402.27,24.67,1
13160,DECODE,501,0,501,2402.64,24.30,1
13161,DECODE,501,0,501,2403.64,23.69,1
13162,DECODE,500,0,500,2404.32,23.65,1
13163,EXTEND,1,92,0,101.00,41.51,1
13164,DECODE,501,0,501,2400.73,21.80,1
13165,DECODE,501,0,501,2401.73,22.18,1
13166,DECODE,501,0,501,2402.73,22.69,1
13167,DECODE,501,0,501,2403.73,24.80,1
13168,DECODE,499,0,499,2404.39,23.67,1
13169,EXTEND,3,248,0,86.00,37.54,1
13170,DECODE,502,0,502,2391.54,21.94,1
13171,DECODE,502,0,502,2392.54,23.48,1
13172,DECODE,501,0,501,2393.20,22.98,1
13173,EXTEND,1,72,0,85.00,36.38,1
13174,DECODE,502,0,502,2389.61,22.52,1
13175,DECODE,502,0,502,2390.61,21.71,1
13176,DECODE,501,0,501,2391.54,22.89,1
13177,EXTEND,2,88,0,49.00,35.65,1
13178,DECODE,499,0,499,2382.30,21.71,1
13179,EXTEND,4,334,0,91.25,36.14,1
13180,DECODE,501,0,501,2364.71,21.59,1
13181,EXTEND,3,180,0,66.67,23.93,1
13182,DECODE,504,0,504,2352.03,21.54,1
13183,DECODE,504,0,504,2353.03,21.66,1
13184,DECODE,503,0,503,2353.62,22.05,1
13185,EXTEND,2,197,0,104.50,28.58,1
13186,DECODE,504,0,504,2345.28,21.56,1
13187,EXTEND,1,91,0,95.00,18.25,1
13188,DECODE,505,0,505,2341.83,21.54,1
13189,DECODE,505,0,505,2342.83,21.63,1
13190,DECODE,503,0,503,2342.96,21.92,1
13191,EXTEND,3,158,0,57.33,39.13,1
13192,DECODE,506,0,506,2330.41,21.65,1
13193,DECODE,506,0,506,2331.41,21.86,1
13194,DECODE,505,0,505,2331.96,21.97,1
13195,EXTEND,2,295,0,153.00,29.30,1
13196,DECODE,504,0,504,2322.96,21.83,1
13197,EXTEND,3,135,0,52.33,40.84,1
13198,DECODE,506,0,506,2310.03,21.58,1
13199,EXTEND,2,195,0,107.00,26.96,1
13200,DECODE,508,0,508,2302.36,21.63,1
13201,DECODE,508,0,508,2303.36,21.68,1
13202,DECODE,507,0,507,2303.85,21.93,1
13203,EXTEND,3,330,0,125.00,38.64,1
13204,DECODE,509,0,509,2291.51,21.55,1
13205,DECODE,509,0,509,2292.51,21.45,1
13206,DECODE,508,0,508,2292.98,21.53,1
13207,EXTEND,3,252,0,93.33,26.04,1
13208,DECODE,507,0,507,2279.11,21.46,1
13209,EXTEND,3,237,0,89.00,24.94,1
13210,DECODE,509,0,509,2266.65,21.43,1
13211,EXTEND,2,95,0,56.00,16.68,1
13212,DECODE,510,0,510,2258.41,21.43,1
13213,EXTEND,2,313,0,160.50,23.92,1
13214,DECODE,512,0,512,2251.22,21.47,1
13215,DECODE,512,0,512,2252.22,21.51,1
13216,DECODE,512,0,512,2253.22,21.74,1
13217,DECODE,511,0,511,2253.62,21.84,1
13218,EXTEND,3,253,0,89.00,27.72,1
13219,DECODE,510,0,510,2239.81,21.66,1
13220,EXTEND,3,196,0,72.67,39.94,1
13221,DECODE,512,0,512,2227.49,21.52,1
13222,EXTEND,2,167,0,94.00,38.24,1
13223,DECODE,514,0,514,2220.19,22.94,1
13224,DECODE,514,0,514,2221.19,22.95,1
13225,DECODE,511,0,511,2220.52,22.38,1
13226,EXTEND,5,249,0,55.40,17.10,1
13227,DECODE,514,0,514,2199.14,22.35,1
13228,EXTEND,3,300,0,105.33,16.41,1
13229,DECODE,517,0,517,2187.99,22.53,1
13230,DECODE,517,0,517,2188.99,22.23,1
13231,DECODE,517,0,517,2189.99,22.32,1
13232,DECODE,516,0,516,2190.27,22.04,1
13233,EXTEND,3,1009,0,347.33,19.17,1
13234,DECODE,514,0,514,2176.92,22.29,1
13235,EXTEND,4,1610,0,408.75,19.74,1
13236,DECODE,517,0,517,2163.50,22.05,1
13237,EXTEND,2,813,0,412.50,16.07,1
13238,DECODE,519,0,519,2157.76,22.67,1
13239,DECODE,519,0,519,2158.76,22.00,1
13240,DECODE,518,0,518,2158.98,22.06,1
13241,EXTEND,3,1358,0,460.67,20.65,1
13242,DECODE,519,0,519,2148.62,22.01,1
13243,EXTEND,2,876,0,444.50,16.09,1
13244,DECODE,519,0,519,2141.47,21.79,1
13245,EXTEND,2,913,0,462.50,16.24,1
13246,DECODE,521,0,521,2136.03,22.05,1
13247,DECODE,521,0,521,2137.03,22.16,1
13248,DECODE,520,0,520,2137.21,21.67,1
13249,EXTEND,4,1470,0,372.50,21.96,1
13250,DECODE,519,0,519,2120.55,21.80,1
13251,EXTEND,4,693,0,177.25,17.38,1
13252,DECODE,522,0,522,2105.81,21.91,1
13253,EXTEND,3,1099,0,374.33,21.20,1
13254,DECODE,524,0,524,2096.04,21.62,1
13255,EXTEND,1,474,0,478.00,15.92,1
13256,DECODE,525,0,525,2093.95,21.84,1
13257,DECODE,525,0,525,2094.95,21.86,1
13258,DECODE,524,0,524,2095.07,21.72,1
13259,EXTEND,3,1539,0,517.33,19.30,1
13260,DECODE,525,0,525,2085.28,21.89,1
13261,EXTEND,2,1001,0,507.00,19.72,1
13262,DECODE,526,0,526,2079.38,21.88,1
13263,EXTEND,1,553,0,558.00,16.17,1
13264,DECODE,527,0,527,2077.49,21.81,1
13265,DECODE,527,0,527,2078.49,21.93,1
13266,DECODE,525,0,525,2077.66,21.95,1
13267,EXTEND,3,1251,0,421.67,24.98,1
13268,DECODE,527,0,527,2068.32,22.33,1
13269,EXTEND,1,581,0,590.00,16.26,1
13270,DECODE,527,0,527,2065.58,21.90,1
13271,EXTEND,2,1276,0,643.50,21.63,1
13272,DECODE,528,0,528,2060.26,21.61,1
13273,EXTEND,1,618,0,622.00,16.20,1
13274,DECODE,529,0,529,2058.54,21.79,1
13275,DECODE,529,0,529,2059.54,21.84,1
13276,DECODE,529,0,529,2060.54,22.00,1
13277,DECODE,528,0,528,2060.86,21.80,1
13278,EXTEND,2,1208,0,612.50,21.59,1
13279,DECODE,529,0,529,2055.44,21.94,1
13280,EXTEND,1,764,0,773.00,16.24,1
13281,DECODE,529,0,529,2053.07,21.75,1
13282,EXTEND,2,1219,0,617.00,16.17,1
13283,DECODE,531,0,531,2048.66,21.84,1
13284,DECODE,531,0,531,2049.66,21.92,1
13285,DECODE,529,0,529,2048.82,21.95,1
13286,EXTEND,4,2040,0,517.25,22.48,1
13287,DECODE,530,0,530,2035.37,21.80,1
13288,EXTEND,2,1336,0,674.00,21.44,1
13289,DECODE,531,0,531,2030.26,21.73,1
13290,EXTEND,2,1323,0,670.00,21.07,1
13291,DECODE,531,0,531,2024.15,21.83,1
13292,EXTEND,2,1331,0,697.00,21.21,1
13293,DECODE,533,0,533,2020.17,21.76,1
13294,DECODE,533,0,533,2021.17,21.90,1
13295,DECODE,532,0,532,2021.15,21.65,1
13296,EXTEND,2,1403,0,705.50,16.35,1
13297,DECODE,533,0,533,2016.21,21.61,1
13298,EXTEND,2,774,0,395.00,16.24,1
13299,DECODE,532,0,532,2008.05,21.35,1
13300,EXTEND,3,2233,0,748.67,23.24,1
13301,DECODE,535,0,535,2001.99,21.54,1
13302,DECODE,535,0,535,2002.99,21.81,1
13303,DECODE,533,0,533,2001.90,21.81,1
13304,EXTEND,3,2183,0,733.33,21.52,1
13305,DECODE,535,0,535,1994.74,21.52,1
13306,EXTEND,2,1563,0,787.00,36.44,1
13307,DECODE,536,0,536,1990.18,21.45,1
13308,EXTEND,2,1787,0,898.00,26.43,1
13309,DECODE,535,0,535,1983.91,21.75,1
13310,EXTEND,3,2468,0,827.67,23.41,1
13311,DECODE,538,0,538,1978.46,21.53,1
13312,DECODE,538,0,538,1979.46,21.85,1
13313,DECODE,536,0,536,1978.30,21.78,1
13314,EXTEND,4,3614,0,907.50,25.44,1
13315,DECODE,534,0,534,1964.90,21.52,1
13316,EXTEND,5,4517,0,909.80,27.86,1
13317,DECODE,539,0,539,1956.11,21.63,1
13318,DECODE,539,0,539,1957.11,21.80,1
13319,DECODE,537,0,537,1955.86,21.85,1
13320,EXTEND,5,4215,0,848.80,28.65,1
13321,DECODE,540,0,540,1944.37,21.18,1
13322,EXTEND,3,1189,0,404.33,21.91,1
13323,DECODE,539,0,539,1932.24,21.19,1
13324,EXTEND,4,4318,0,1087.50,29.38,1
13325,DECODE,542,0,542,1925.85,21.17,1
13326,EXTEND,2,2374,0,1205.50,22.73,1
13327,DECODE,543,0,543,1923.03,21.04,1
13328,EXTEND,2,2412,0,1209.50,23.78,1
13329,DECODE,545,0,545,1921.41,21.21,1
13330,DECODE,545,0,545,1922.41,21.19,1
13331,DECODE,545,0,545,1923.41,21.50,1
13332,DECODE,544,0,544,1923.24,21.19,1
13333,EXTEND,2,2489,0,1256.50,23.39,1
13334,DECODE,546,0,546,1921.80,21.18,1
13335,DECODE,546,0,546,1922.80,21.49,1
13336,DECODE,541,0,541,1917.91,21.51,1
13337,EXTEND,6,4270,0,717.50,27.78,1
13338,DECODE,542,0,542,1899.70,21.06,1
13339,EXTEND,6,4312,0,725.67,27.91,1
13340,DECODE,548,0,548,1887.85,20.90,1
13341,DECODE,548,0,548,1888.85,21.22,1
13342,DECODE,545,0,545,1886.25,21.13,1
13343,EXTEND,4,5661,0,1419.50,34.91,1
13344,DECODE,545,0,545,1878.88,21.16,1
13345,EXTEND,5,2953,0,596.40,22.99,1
13346,DECODE,549,0,549,1866.97,20.90,1
13347,EXTEND,3,4131,0,1385.00,28.14,1
13348,DECODE,551,0,551,1864.09,21.00,1
13349,EXTEND,2,2725,0,1369.00,23.33,1
13350,DECODE,552,0,552,1862.03,20.63,1
13351,EXTEND,2,1408,0,710.50,19.46,1
13352,DECODE,552,0,552,1856.34,20.71,1
13353,EXTEND,3,150,0,55.33,15.94,1
13354,DECODE,552,0,552,1843.73,20.50,1
13355,EXTEND,3,4295,0,1435.00,27.59,1
13356,DECODE,554,0,554,1841.43,20.93,1
13357,EXTEND,2,2908,0,1458.50,22.22,1
13358,DECODE,553,0,553,1837.15,20.86,1
13359,EXTEND,3,1633,0,550.00,19.68,1
13360,DECODE,554,0,554,1830.71,20.90,1
13361,EXTEND,3,2962,0,993.00,23.61,1
13362,DECODE,554,0,554,1823.23,21.01,1
13363,EXTEND,3,2949,0,989.00,24.17,1
13364,DECODE,554,0,554,1815.73,20.62,1
13365,EXTEND,4,4404,0,1106.50,28.47,1
13366,DECODE,555,0,555,1807.60,20.86,1
13367,EXTEND,4,5699,0,1431.75,34.89,1
13368,DECODE,558,0,558,1804.56,20.90,1
13369,EXTEND,3,248,0,89.33,16.02,1
13370,DECODE,558,0,558,1792.28,20.54,1
13371,EXTEND,3,2923,0,979.00,23.20,1
13372,DECODE,561,0,561,1788.93,20.99,1
13373,DECODE,561,0,561,1789.93,21.13,1
13374,DECODE,560,0,560,1789.56,20.76,1
13375,EXTEND,6,4794,0,805.67,30.65,1
13376,DECODE,560,0,560,1771.77,20.53,1
13377,EXTEND,4,4643,0,1168.00,29.46,1
13378,DECODE,561,0,561,1764.25,21.00,1
13379,EXTEND,4,3204,0,807.75,23.21,1
13380,DECODE,562,0,562,1754.20,20.62,1
13381,EXTEND,5,329,0,71.40,16.26,1
13382,DECODE,566,0,566,1738.91,20.62,1
13383,EXTEND,4,1698,0,430.50,24.11,1
13384,DECODE,567,0,567,1726.34,20.57,1
13385,EXTEND,3,4605,0,1543.33,29.03,1
13386,DECODE,565,0,565,1719.00,20.61,1
13387,EXTEND,4,6257,0,1570.75,37.11,1
13388,DECODE,566,0,566,1714.50,21.05,1
13389,EXTEND,5,4957,0,996.00,31.70,1
13390,DECODE,570,0,570,1707.72,20.59,1
13391,EXTEND,3,3194,0,1072.67,23.03,1
13392,DECODE,573,0,573,1705.39,20.68,1
13393,DECODE,573,0,573,1706.39,20.88,1
13394,DECODE,570,0,570,1702.90,20.82,1
13395,EXTEND,5,6437,0,1293.40,37.70,1
13396,DECODE,571,0,571,1694.31,20.96,1
13397,EXTEND,4,3295,0,828.50,22.50,1
13398,DECODE,568,0,568,1678.56,20.59,1
13399,EXTEND,6,8192,0,1370.83,46.92,1
13400,EXTEND,5,3566,0,996.80,23.42,1
13401,DECODE,577,0,577,1669.42,21.19,1
13402,EXTEND,3,1708,0,574.67,19.94,1
13403,DECODE,574,0,574,1655.40,20.63,1
13404,EXTEND,6,2219,0,376.00,23.63,1
13405,DECODE,580,0,580,1643.16,20.20,1
13406,DECODE,580,0,580,1644.16,20.29,1
13407,DECODE,577,0,577,1640.49,20.61,1
13408,EXTEND,8,5770,0,728.12,34.87,1
13409,DECODE,578,0,578,1617.73,20.56,1
13410,EXTEND,5,8192,0,1644.60,46.97,1
13411,EXTEND,5,5288,0,1363.80,33.66,1
13412,DECODE,584,0,584,1612.15,20.25,1
13413,EXTEND,3,1925,0,645.67,21.51,1
13414,DECODE,586,0,586,1606.58,20.25,1
13415,EXTEND,2,3355,0,1683.50,24.35,1
13416,DECODE,586,0,586,1604.60,20.33,1
13417,EXTEND,3,1838,0,619.00,22.22,1
13418,DECODE,589,0,589,1600.58,20.65,1
13419,DECODE,589,0,589,1601.58,20.51,1
13420,DECODE,585,0,585,1596.02,20.62,1
13421,EXTEND,5,5300,0,1065.60,32.56,1
13422,DECODE,588,0,588,1589.23,20.24,1
13423,EXTEND,3,5198,0,1739.00,32.11,1
13424,DECODE,589,0,589,1587.70,20.40,1
13425,EXTEND,3,3582,0,1200.33,25.09,1
13426,DECODE,588,0,588,1580.12,19.91,1
13427,EXTEND,4,3670,0,927.25,24.84,1
13428,DECODE,588,0,588,1570.02,19.94,1
13429,EXTEND,7,469,0,73.43,22.15,1
13430,DECODE,593,0,593,1550.02,20.02,1
13431,EXTEND,4,1935,0,490.00,21.88,1
13432,DECODE,593,0,593,1537.06,19.93,1
13433,EXTEND,5,3716,0,757.20,25.16,1
13434,DECODE,595,0,595,1526.36,20.01,1
13435,EXTEND,5,2065,0,420.20,22.73,1
13436,DECODE,596,0,596,1511.15,19.67,1
13437,EXTEND,5,5611,0,1129.80,34.18,1
13438,DECODE,599,0,599,1505.46,20.25,1
13439,EXTEND,4,5700,0,1429.50,34.90,1
13440,DECODE,600,0,600,1500.69,20.26,1
13441,EXTEND,6,382,0,70.33,15.98,1
13442,DECODE,601,0,601,1478.61,20.04,1
13443,EXTEND,6,4162,0,701.67,27.64,1
13444,DECODE,600,0,600,1459.23,19.50,1
13445,EXTEND,9,4170,0,469.78,37.63,1
13446,DECODE,606,0,606,1440.09,19.99,1
13447,EXTEND,6,8015,0,1341.67,47.59,1
13448,DECODE,607,0,607,1430.90,20.10,1
13449,EXTEND,8,2748,0,348.88,23.16,1
13450,DECODE,609,0,609,1406.57,20.36,1
13451,EXTEND,8,4484,0,566.50,28.23,1
13452,DECODE,614,0,614,1391.00,20.50,1
13453,EXTEND,5,8044,0,1614.20,46.86,1
13454,DECODE,612,0,612,1381.89,21.41,1
13455,EXTEND,9,4751,0,533.44,29.77,1
13456,DECODE,614,0,614,1357.04,19.64,1
13457,EXTEND,10,6880,0,693.70,40.30,1
13458,DECODE,618,0,618,1335.63,19.49,1
13459,EXTEND,9,8192,0,917.78,47.00,1
13460,EXTEND,9,3579,0,583.44,25.26,1
13461,DECODE,632,0,632,1313.72,19.30,1
13462,EXTEND,3,4432,0,1488.33,28.51,1
13463,DECODE,630,0,630,1305.67,19.35,1
13464,EXTEND,5,4529,0,911.20,28.14,1
13465,DECODE,627,0,627,1287.53,20.21,1
13466,EXTEND,11,672,0,66.09,15.84,1
13467,DECODE,635,0,635,1261.37,19.84,1
13468,EXTEND,8,514,0,70.25,15.78,1
13469,DECODE,639,0,639,1239.33,18.98,1
13470,EXTEND,8,514,0,71.00,16.75,1
13471,DECODE,643,0,643,1217.59,20.97,1
13472,EXTEND,8,573,0,78.50,16.01,1
13473,DECODE,644,0,644,1189.86,19.50,1
13474,EXTEND,11,689,0,69.36,20.81,1
13475,DECODE,648,0,648,1157.05,18.68,1
13476,EXTEND,12,669,0,64.33,15.93,1
13477,DECODE,655,0,655,1127.33,19.59,1
13478,EXTEND,11,871,0,87.55,15.79,1
13479,DECODE,664,0,664,1106.79,18.63,1
13480,EXTEND,7,424,0,69.86,15.60,1
13481,DECODE,669,0,669,1092.60,18.82,1
13482,EXTEND,6,446,0,80.50,15.86,1
13483,DECODE,669,0,669,1071.37,18.59,1
13484,EXTEND,9,592,0,73.89,15.79,1
13485,DECODE,671,0,671,1043.52,19.17,1
13486,EXTEND,11,823,0,81.45,16.00,1
13487,DECODE,677,0,677,1017.70,18.35,1
13488,EXTEND,10,926,0,97.60,15.86,1
13489,DECODE,683,0,683,996.20,19.13,1
13490,EXTEND,9,732,0,89.78,29.72,1
13491,DECODE,691,0,691,983.13,22.79,1
13492,EXTEND,6,454,0,82.17,22.29,1
13493,DECODE,691,0,691,962.63,18.22,1
13494,EXTEND,9,515,0,63.11,16.22,1
13495,DECODE,694,0,694,938.23,18.21,1
13496,EXTEND,10,883,0,95.30,16.06,1
13497,DECODE,699,0,699,915.58,18.21,1
13498,EXTEND,10,775,0,83.80,15.94,1
13499,DECODE,705,0,705,895.46,18.26,1
13500,EXTEND,9,504,0,63.00,15.80,1
13501,DECODE,711,0,711,878.90,18.12,1
13502,EXTEND,8,600,0,80.00,15.66,1
13503,DECODE,715,0,715,861.56,18.01,1
13504,EXTEND,8,700,0,95.12,15.76,1
13505,DECODE,719,0,719,844.59,18.06,1
13506,EXTEND,8,929,0,122.50,15.86,1
13507,DECODE,725,0,725,832.89,18.14,1
13508,EXTEND,6,335,0,63.83,25.55,1
13509,DECODE,729,0,729,822.83,18.24,1
13510,EXTEND,5,423,0,93.60,21.33,1
13511,DECODE,728,0,728,804.51,17.51,1
13512,EXTEND,9,867,0,106.89,15.88,1
13513,DECODE,733,0,733,787.37,17.86,1
13514,EXTEND,9,524,0,67.33,15.75,1
13515,DECODE,738,0,738,769.99,17.72,1
13516,EXTEND,8,858,0,114.25,15.93,1
13517,DECODE,746,0,746,763.96,17.74,1
13518,DECODE,746,0,746,764.96,17.81,1
13519,DECODE,741,0,741,753.84,17.70,1
13520,EXTEND,15,1132,0,81.73,20.49,1
13521,DECODE,748,0,748,723.67,17.42,1
13522,EXTEND,11,633,0,64.00,16.04,1
13523,DECODE,755,0,755,706.19,17.52,1
13524,EXTEND,9,621,0,76.00,15.72,1
13525,DECODE,761,0,761,692.43,17.64,1
13526,EXTEND,8,724,0,98.88,16.21,1
13527,DECODE,765,0,765,677.46,18.43,1
13528,EXTEND,8,544,0,75.50,17.73,1
13529,DECODE,769,0,769,662.41,18.67,1
13530,EXTEND,8,602,0,81.88,15.89,1
13531,DECODE,775,0,775,652.53,17.86,1
13532,EXTEND,7,498,0,76.43,21.34,1
13533,DECODE,779,0,779,641.01,17.52,1
13534,EXTEND,7,548,0,84.43,15.65,1
13535,DECODE,783,0,783,629.68,17.40,1
13536,EXTEND,6,431,0,78.00,21.20,1
13537,DECODE,788,0,788,624.03,17.15,1
13538,EXTEND,5,304,0,67.40,15.68,1
13539,DECODE,791,0,791,616.62,17.50,1
13540,EXTEND,5,423,0,90.80,15.83,1
13541,DECODE,796,0,796,614.32,17.08,1
13542,DECODE,796,0,796,615.32,17.10,1
13543,DECODE,794,0,794,611.42,17.67,1
13544,EXTEND,8,436,0,60.88,20.72,1
13545,DECODE,800,0,800,602.04,17.32,1
13546,EXTEND,4,230,0,62.50,23.75,1
13547,DECODE,798,0,798,585.63,18.45,1
13548,EXTEND,8,541,0,75.62,15.94,1
13549,DECODE,805,0,805,579.11,17.37,1
13550,EXTEND,6,425,0,77.00,20.96,1
13551,DECODE,809,0,809,571.49,18.06,1
13552,EXTEND,5,336,0,73.80,15.76,1
13553,DECODE,811,0,811,562.07,17.34,1
13554,EXTEND,6,431,0,78.00,17.81,1
13555,DECODE,816,0,816,557.06,17.42,1
13556,EXTEND,5,238,0,54.60,15.75,1
13557,DECODE,820,0,820,552.56,18.36,1
13558,EXTEND,4,256,0,75.50,15.74,1
13559,DECODE,820,0,820,541.44,18.23,1
13560,EXTEND,6,339,0,62.33,22.75,1
13561,DECODE,825,0,825,536.51,17.59,1
13562,EXTEND,5,491,0,106.00,21.50,1
13563,DECODE,825,0,825,522.64,20.68,1
13564,EXTEND,8,545,0,76.25,16.36,1
13565,DECODE,831,0,831,514.45,17.59,1
13566,EXTEND,6,497,0,89.00,21.37,1
13567,DECODE,836,0,836,509.95,17.37,1
13568,EXTEND,5,468,0,106.00,21.76,1
13569,DECODE,841,0,841,508.55,17.48,1
13570,DECODE,841,0,841,509.55,17.33,1
13571,DECODE,840,0,840,508.10,17.56,1
13572,EXTEND,6,675,0,118.33,16.11,1
13573,DECODE,844,0,844,501.47,17.62,1
13574,EXTEND,4,225,0,62.25,15.99,1
13575,DECODE,847,0,847,497.97,18.04,1
13576,EXTEND,4,272,0,78.00,16.42,1
13577,DECODE,849,0,849,492.14,18.35,1
13578,EXTEND,4,238,0,64.75,16.68,1
13579,DECODE,851,0,851,486.27,18.57,1
13580,EXTEND,5,468,0,97.60,16.47,1
13581,DECODE,855,0,855,482.57,18.09,1
13582,EXTEND,4,222,0,61.50,15.86,1
13583,DECODE,859,0,859,481.61,17.49,1
13584,DECODE,859,0,859,482.61,17.35,1
13585,DECODE,859,0,859,483.61,17.35,1
13586,DECODE,859,0,859,484.61,17.51,1
13587,DECODE,859,0,859,485.61,17.43,1
13588,DECODE,858,0,858,484.19,19.28,1
13589,EXTEND,6,811,0,143.00,16.03,1
13590,DECODE,864,0,864,482.82,17.45,1
13591,DECODE,864,0,864,483.82,17.44,1
13592,DECODE,864,0,864,484.82,17.43,1
13593,DECODE,864,0,864,485.82,17.28,1
13594,DECODE,864,0,864,486.82,17.52,1
13595,DECODE,863,0,863,485.42,17.71,1
13596,EXTEND,7,552,0,85.14,16.06,1
13597,DECODE,870,0,870,483.20,17.66,1
13598,DECODE,870,0,870,484.20,17.47,1
13599,DECODE,870,0,870,485.20,17.52,1
13600,DECODE,869,0,869,484.77,17.78,1
13601,EXTEND,8,954,0,125.00,16.42,1
13602,DECODE,875,0,875,478.38,17.82,1
13603,EXTEND,5,247,0,56.20,23.74,1
13604,DECODE,880,0,880,476.98,17.53,1
13605,DECODE,880,0,880,477.98,17.17,1
13606,DECODE,880,0,880,478.98,17.43,1
13607,DECODE,880,0,880,479.98,18.44,1
13608,DECODE,880,0,880,480.98,17.51,1
13609,DECODE,880,0,880,481.98,17.51,1
13610,DECODE,880,0,880,482.98,17.42,1
13611,DECODE,880,0,880,483.98,17.43,1
13612,DECODE,880,0,880,484.98,17.45,1
13613,DECODE,880,0,880,485.98,17.55,1
13614,DECODE,880,0,880,486.98,17.63,1
13615,DECODE,880,0,880,487.98,17.26,1
13616,DECODE,880,0,880,488.98,17.47,1
13617,DECODE,880,0,880,489.98,17.35,1
13618,DECODE,880,0,880,490.98,17.44,1
13619,DECODE,880,0,880,491.98,17.57,1
13620,DECODE,880,0,880,492.98,18.06,1
13621,DECODE,880,0,880,493.98,17.35,1
13622,DECODE,880,0,880,494.98,17.29,1
13623,DECODE,880,0,880,495.98,17.39,1
13624,DECODE,880,0,880,496.98,17.38,1
13625,DECODE,880,0,880,497.98,17.66,1
13626,DECODE,880,0,880,498.98,18.32,1
13627,DECODE,879,0,879,498.60,17.28,1
13628,EXTEND,16,1540,0,102.31,18.74,1
13629,DECODE,895,0,895,492.52,17.70,1
13630,DECODE,895,0,895,493.52,17.63,1
13631,DECODE,895,0,895,494.52,17.37,1
13632,DECODE,895,0,895,495.52,17.76,1
13633,DECODE,895,0,895,496.52,17.53,1
13634,DECODE,895,0,895,497.52,17.64,1
13635,DECODE,895,0,895,498.52,17.54,1
13636,DECODE,895,0,895,499.52,17.67,1
13637,DECODE,895,0,895,500.52,17.56,1
13638,DECODE,895,0,895,501.52,17.48,1
13639,DECODE,895,0,895,502.52,17.87,1
13640,DECODE,895,0,895,503.52,17.97,1
13641,DECODE,895,0,895,504.52,17.60,1
13642,DECODE,895,0,895,505.52,17.89,1
13643,DECODE,895,0,895,506.52,17.65,1
13644,DECODE,895,0,895,507.52,17.49,1
13645,DECODE,895,0,895,508.52,17.81,1
13646,DECODE,895,0,895,509.52,17.69,1
13647,DECODE,895,0,895,510.52,17.57,1
13648,DECODE,895,0,895,511.52,17.58,1
13649,DECODE,895,0,895,512.52,17.62,1
13650,DECODE,895,0,895,513.52,17.79,1
13651,DECODE,895,0,895,514.52,17.77,1
13652,DECODE,895,0,895,515.52,18.00,1
13653,DECODE,895,0,895,516.52,17.61,1
13654,DECODE,895,0,895,517.52,17.55,1
13655,DECODE,895,0,895,518.52,25.20,1
13656,DECODE,895,0,895,519.52,18.55,1
13657,DECODE,895,0,895,520.52,19.32,1
13658,DECODE,895,0,895,521.52,20.58,1
13659,DECODE,894,0,894,521.15,18.46,1
13660,EXTEND,26,1640,0,72.92,25.04,1
13661,DECODE,920,0,920,509.48,18.96,1
13662,DECODE,920,0,920,510.48,18.56,1
13663,DECODE,920,0,920,511.48,17.87,1
13664,DECODE,920,0,920,512.48,18.00,1
13665,DECODE,920,0,920,513.48,17.92,1
13666,DECODE,920,0,920,514.48,17.86,1
13667,DECODE,920,0,920,515.48,17.86,1
13668,DECODE,920,0,920,516.48,17.81,1
13669,DECODE,920,0,920,517.48,17.82,1
13670,DECODE,920,0,920,518.48,17.83,1
13671,DECODE,920,0,920,519.48,17.91,1
13672,DECODE,920,0,920,520.48,17.86,1
13673,DECODE,920,0,920,521.48,17.90,1
13674,DECODE,920,0,920,522.48,17.83,1
13675,DECODE,920,0,920,523.48,17.82,1
13676,DECODE,920,0,920,524.48,18.05,1
13677,DECODE,920,0,920,525.48,17.92,1
13678,DECODE,920,0,920,526.48,17.83,1
13679,DECODE,920,0,920,527.48,17.86,1
13680,DECODE,920,0,920,528.48,17.83,1
13681,DECODE,920,0,920,529.48,17.83,1
13682,DECODE,920,0,920,530.48,17.77,1
13683,DECODE,919,0,919,530.33,18.10,1
13684,EXTEND,28,1945,0,76.29,23.03,1
13685,DECODE,947,0,947,517.91,18.54,1
13686,DECODE,947,0,947,518.91,18.33,1
13687,DECODE,947,0,947,519.91,18.32,1
13688,DECODE,947,0,947,520.91,18.44,1
13689,DECODE,947,0,947,521.91,18.42,1
13690,DECODE,947,0,947,522.91,18.43,1
13691,DECODE,947,0,947,523.91,18.70,1
13692,DECODE,947,0,947,524.91,18.56,1
13693,DECODE,947,0,947,525.91,18.45,1
13694,DECODE,947,0,947,526.91,18.45,1
13695,DECODE,947,0,947,527.91,18.58,1
13696,DECODE,947,0,947,528.91,18.55,1
13697,DECODE,946,0,946,527.76,18.49,1
13698,EXTEND,25,1836,0,80.84,22.77,1
13699,DECODE,971,0,971,517.25,18.96,1
13700,DECODE,971,0,971,518.25,18.86,1
13701,DECODE,971,0,971,519.25,18.94,1
13702,DECODE,971,0,971,520.25,18.80,1
13703,DECODE,971,0,971,521.25,18.96,1
13704,DECODE,971,0,971,522.25,18.95,1
13705,DECODE,971,0,971,523.25,18.84,1
13706,DECODE,971,0,971,524.25,19.79,1
13707,DECODE,971,0,971,525.25,19.90,1
13708,DECODE,971,0,971,526.25,19.92,1
13709,DECODE,971,0,971,527.25,19.90,1
13710,DECODE,971,0,971,528.25,18.97,1
13711,DECODE,971,0,971,529.25,18.99,1
13712,DECODE,971,0,971,530.25,18.97,1
13713,DECODE,971,0,971,531.25,18.89,1
13714,DECODE,970,0,970,530.74,19.55,1
13715,EXTEND,24,2030,0,90.00,19.81,1
13716,DECODE,994,0,994,521.10,19.18,1
13717,DECODE,994,0,994,522.10,19.28,1
13718,DECODE,994,0,994,523.10,19.23,1
13719,DECODE,994,0,994,524.10,19.09,1
13720,DECODE,994,0,994,525.10,19.18,1
13721,DECODE,994,0,994,526.10,19.17,1
13722,DECODE,994,0,994,527.10,19.27,1
13723,DECODE,994,0,994,528.10,19.20,1
13724,DECODE,994,0,994,529.10,19.30,1
13725,DECODE,994,0,994,530.10,19.21,1
13726,DECODE,994,0,994,531.10,19.38,1
13727,DECODE,994,0,994,532.10,19.33,1
13728,DECODE,994,0,994,533.10,19.33,1
13729,DECODE,994,0,994,534.10,19.37,1
13730,DECODE,994,0,994,535.10,19.37,1
13731,DECODE,994,0,994,536.10,19.32,1
13732,DECODE,994,0,994,537.10,19.33,1
13733,DECODE,994,0,994,538.10,19.39,1
13734,DECODE,994,0,994,539.10,19.43,1
13735,DECODE,994,0,994,540.10,19.26,1
13736,DECODE,994,0,994,541.10,19.26,1
13737,DECODE,994,0,994,542.10,19.47,1
13738,DECODE,994,0,994,543.10,19.49,1
13739,DECODE,994,0,994,544.10,19.40,1
13740,DECODE,993,0,993,543.97,19.48,1
13741,EXTEND,7,757,0,114.43,15.74,1
13742,DECODE,1000,0,1000,541.96,19.22,1
13743,DECODE,1000,0,1000,542.96,19.27,1
13744,DECODE,1000,0,1000,543.96,21.09,1
13745,DECODE,1000,0,1000,544.96,19.39,1
13746,DECODE,1000,0,1000,545.96,19.51,1
13747,DECODE,1000,0,1000,546.96,19.65,1
13748,DECODE,1000,0,1000,547.96,19.65,1
13749,DECODE,1000,0,1000,548.96,19.61,1
13750,DECODE,1000,0,1000,549.96,19.61,1
13751,DECODE,1000,0,1000,550.96,19.58,1
13752,DECODE,1000,0,1000,551.96,19.66,1
13753,DECODE,1000,0,1000,552.96,19.55,1
13754,DECODE,1000,0,1000,553.96,24.86,1
13755,DECODE,1000,0,1000,554.96,21.00,1
13756,DECODE,1000,0,1000,555.96,20.47,1
13757,DECODE,1000,0,1000,556.96,19.95,1
13758,DECODE,1000,0,1000,557.96,19.84,1
13759,DECODE,1000,0,1000,558.96,19.79,1
13760,DECODE,1000,0,1000,559.96,20.10,1
13761,DECODE,1000,0,1000,560.96,19.84,1
13762,DECODE,1000,0,1000,561.96,19.96,1
13763,DECODE,1000,0,1000,562.96,19.79,1
13764,DECODE,1000,0,1000,563.96,21.48,1
13765,DECODE,1000,0,1000,564.96,22.41,1
13766,DECODE,1000,0,1000,565.96,20.07,1
13767,DECODE,1000,0,1000,566.96,19.54,1
13768,DECODE,1000,0,1000,567.96,19.62,1
13769,DECODE,1000,0,1000,568.96,19.78,1
13770,DECODE,1000,0,1000,569.96,19.61,1
13771,DECODE,1000,0,1000,570.96,19.63,1
13772,DECODE,1000,0,1000,571.96,19.81,1
13773,DECODE,1000,0,1000,572.96,19.62,1
13774,DECODE,1000,0,1000,573.96,20.02,1
13775,DECODE,1000,0,1000,574.96,19.89,1
13776,DECODE,1000,0,1000,575.96,19.77,1
13777,DECODE,1000,0,1000,576.96,19.67,1
13778,DECODE,1000,0,1000,577.96,19.64,1
13779,DECODE,1000,0,1000,578.96,19.56,1
13780,DECODE,1000,0,1000,579.96,19.77,1
13781,DECODE,1000,0,1000,580.96,19.53,1
13782,DECODE,1000,0,1000,581.96,19.66,1
13783,DECODE,1000,0,1000,582.96,19.65,1
13784,DECODE,1000,0,1000,583.96,19.83,1
13785,DECODE,1000,0,1000,584.96,20.38,1
13786,DECODE,1000,0,1000,585.96,19.95,1
13787,DECODE,1000,0,1000,586.96,19.68,1
13788,DECODE,1000,0,1000,587.96,19.78,1
13789,DECODE,1000,0,1000,588.96,19.80,1
13790,DECODE,1000,0,1000,589.96,19.74,1
13791,DECODE,1000,0,1000,590.96,20.27,1
13792,DECODE,1000,0,1000,591.96,22.32,1
13793,DECODE,1000,0,1000,592.96,19.73,1
13794,DECODE,1000,0,1000,593.96,19.97,1
13795,DECODE,1000,0,1000,594.96,20.03,1
13796,DECODE,1000,0,1000,595.96,20.15,1
13797,DECODE,1000,0,1000,596.96,20.47,1
13798,DECODE,1000,0,1000,597.96,20.76,1
13799,DECODE,1000,0,1000,598.96,20.09,1
13800,DECODE,1000,0,1000,599.96,20.31,1
13801,DECODE,1000,0,1000,600.96,20.05,1
13802,DECODE,1000,0,1000,601.96,20.67,1
13803,DECODE,1000,0,1000,602.96,20.75,1
13804,DECODE,1000,0,1000,603.96,20.19,1
13805,DECODE,1000,0,1000,604.96,20.51,1
13806,DECODE,999,0,999,604.00,20.81,1
13807,EXTEND,1,64,0,72.00,17.38,1
13808,DECODE,1000,0,1000,604.47,20.19,1
13809,DECODE,1000,0,1000,605.47,20.41,1
13810,DECODE,1000,0,1000,606.47,20.00,1
13811,DECODE,999,0,999,605.90,20.45,1
13812,EXTEND,1,63,0,68.00,17.21,1
13813,DECODE,1000,0,1000,606.37,19.98,1
13814,DECODE,1000,0,1000,607.37,20.02,1
13815,DECODE,1000,0,1000,608.37,20.29,1
13816,DECODE,1000,0,1000,609.37,20.11,1
13817,DECODE,1000,0,1000,610.37,20.67,1
13818,DECODE,1000,0,1000,611.37,20.28,1
13819,DECODE,1000,0,1000,612.37,20.18,1
13820,DECODE,1000,0,1000,613.37,20.41,1
13821,DECODE,1000,0,1000,614.37,20.15,1
13822,DECODE,1000,0,1000,615.37,20.20,1
13823,DECODE,1000,0,1000,616.37,20.79,1
13824,DECODE,1000,0,1000,617.37,20.60,1
13825,DECODE,1000,0,1000,618.37,20.44,1
13826,DECODE,1000,0,1000,619.37,20.19,1
13827,DECODE,1000,0,1000,620.37,21.86,1
13828,DECODE,1000,0,1000,621.37,20.56,1
13829,DECODE,1000,0,1000,622.37,20.23,1
13830,DECODE,1000,0,1000,623.37,20.26,1
13831,DECODE,1000,0,1000,624.37,20.31,1
13832,DECODE,1000,0,1000,625.37,20.26,1
13833,DECODE,1000,0,1000,626.37,20.27,1
13834,DECODE,1000,0,1000,627.37,20.24,1
13835,DECODE,1000,0,1000,628.37,20.65,1
13836,DECODE,1000,0,1000,629.37,20.27,1
13837,DECODE,1000,0,1000,630.37,20.31,1
13838,DECODE,1000,0,1000,631.37,20.38,1
13839,DECODE,1000,0,1000,632.37,20.23,1
13840,DECODE,1000,0,1000,633.37,20.28,1
13841,DECODE,1000,0,1000,634.37,20.30,1
13842,DECODE,1000,0,1000,635.37,20.67,1
13843,DECODE,1000,0,1000,636.37,20.47,1
13844,DECODE,1000,0,1000,637.37,20.47,1
13845,DECODE,1000,0,1000,638.37,20.56,1
13846,DECODE,1000,0,1000,639.37,20.50,1
13847,DECODE,1000,0,1000,640.37,20.54,1
13848,DECODE,1000,0,1000,641.37,20.55,1
13849,DECODE,1000,0,1000,642.37,20.67,1
13850,DECODE,1000,0,1000,643.37,20.46,1
13851,DECODE,1000,0,1000,644.37,20.54,1
13852,DECODE,1000,0,1000,645.37,20.62,1
13853,DECODE,1000,0,1000,646.37,20.71,1
13854,DECODE,1000,0,1000,647.37,20.76,1
13855,DECODE,1000,0,1000,648.37,20.84,1
13856,DECODE,1000,0,1000,649.37,20.67,1
13857,DECODE,1000,0,1000,650.37,23.69,1
13858,DECODE,1000,0,1000,651.37,21.08,1
13859,DECODE,1000,0,1000,652.37,22.07,1
13860,DECODE,1000,0,1000,653.37,21.41,1
13861,DECODE,1000,0,1000,654.37,21.06,1
13862,DECODE,1000,0,1000,655.37,20.96,1
13863,DECODE,1000,0,1000,656.37,20.77,1
13864,DECODE,1000,0,1000,657.37,20.91,1
13865,DECODE,1000,0,1000,658.37,20.85,1
13866,DECODE,1000,0,1000,659.37,20.84,1
13867,DECODE,1000,0,1000,660.37,20.75,1
13868,DECODE,1000,0,1000,661.37,20.99,1
13869,DECODE,1000,0,1000,662.37,20.86,1
13870,DECODE,1000,0,1000,663.37,20.94,1
13871,DECODE,1000,0,1000,664.37,21.07,1
13872,DECODE,1000,0,1000,665.37,21.22,1
13873,DECODE,1000,0,1000,666.37,21.47,1
13874,DECODE,1000,0,1000,667.37,21.00,1
13875,DECODE,1000,0,1000,668.37,20.91,1
13876,DECODE,1000,0,1000,669.37,21.70,1
13877,DECODE,1000,0,1000,670.37,20.92,1
13878,DECODE,1000,0,1000,671.37,21.01,1
13879,DECODE,999,0,999,670.47,21.39,1
13880,EXTEND,1,88,0,98.00,17.30,1
13881,DECODE,1000,0,1000,670.90,21.42,1
13882,DECODE,1000,0,1000,671.90,22.53,1
13883,DECODE,1000,0,1000,672.90,20.93,1
13884,DECODE,1000,0,1000,673.90,20.91,1
13885,DECODE,1000,0,1000,674.90,21.33,1
13886,DECODE,1000,0,1000,675.90,20.92,1
13887,DECODE,1000,0,1000,676.90,20.99,1
13888,DECODE,1000,0,1000,677.90,21.85,1
13889,DECODE,1000,0,1000,678.90,20.86,1
13890,DECODE,1000,0,1000,679.90,21.65,1
13891,DECODE,1000,0,1000,680.90,20.92,1
13892,DECODE,1000,0,1000,681.90,21.40,1
13893,DECODE,1000,0,1000,682.90,20.93,1
13894,DECODE,1000,0,1000,683.90,21.27,1
13895,DECODE,1000,0,1000,684.90,21.92,1
13896,DECODE,1000,0,1000,685.90,21.00,1
13897,DECODE,999,0,999,685.03,21.31,1
13898,EXTEND,1,32,0,39.00,16.43,1
13899,EXTEND,1,33,0,38.00,15.86,1
13900,DECODE,1000,0,1000,684.48,20.68,1
13901,DECODE,1000,0,1000,685.48,21.94,1
13902,DECODE,1000,0,1000,686.48,21.14,1
13903,DECODE,1000,0,1000,687.48,21.15,1
13904,DECODE,1000,0,1000,688.48,21.01,1
13905,DECODE,1000,0,1000,689.48,20.99,1
13906,DECODE,1000,0,1000,690.48,21.10,1
13907,DECODE,1000,0,1000,691.48,20.89,1
13908,DECODE,1000,0,1000,692.48,21.21,1
13909,DECODE,1000,0,1000,693.48,21.16,1
13910,DECODE,1000,0,1000,694.48,21.10,1
13911,DECODE,1000,0,1000,695.48,20.97,1
13912,DECODE,1000,0,1000,696.48,21.08,1
13913,DECODE,1000,0,1000,697.48,21.01,1
13914,DECODE,1000,0,1000,698.48,21.10,1
13915,DECODE,1000,0,1000,699.48,21.60,1
13916,DECODE,1000,0,1000,700.48,21.24,1
13917,DECODE,1000,0,1000,701.48,21.18,1
13918,DECODE,1000,0,1000,702.48,21.13,1
13919,DECODE,1000,0,1000,703.48,21.02,1
13920,DECODE,1000,0,1000,704.48,20.83,1
13921,DECODE,1000,0,1000,705.48,20.84,1
13922,DECODE,1000,0,1000,706.48,21.03,1
13923,DECODE,1000,0,1000,707.48,21.03,1
13924,DECODE,1000,0,1000,708.48,21.87,1
13925,DECODE,1000,0,1000,709.48,21.44,1
13926,DECODE,999,0,999,708.62,21.57,1
13927,EXTEND,1,100,0,111.00,28.43,1
13928,DECODE,1000,0,1000,709.03,21.04,1
13929,DECODE,1000,0,1000,710.03,21.60,1
13930,DECODE,1000,0,1000,711.03,21.35,1
13931,DECODE,999,0,999,710.18,21.60,1
13932,EXTEND,1,64,0,69.00,16.64,1
13933,DECODE,1000,0,1000,710.53,21.18,1
13934,DECODE,1000,0,1000,711.53,20.96,1
13935,DECODE,1000,0,1000,712.53,21.19,1
13936,DECODE,1000,0,1000,713.53,21.19,1
13937,DECODE,1000,0,1000,714.53,21.56,1
13938,DECODE,1000,0,1000,715.53,23.08,1
13939,DECODE,1000,0,1000,716.53,21.26,1
13940,DECODE,1000,0,1000,717.53,21.36,1
13941,DECODE,999,0,999,716.69,21.48,1
13942,EXTEND,1,35,0,42.00,15.89,1
13943,DECODE,999,0,999,715.32,21.24,1
13944,EXTEND,1,101,0,108.00,15.89,1
13945,DECODE,1000,0,1000,715.71,21.13,1
13946,DECODE,1000,0,1000,716.71,21.25,1
13947,DECODE,999,0,999,715.86,21.44,1
13948,EXTEND,1,242,0,247.00,24.03,1
13949,DECODE,1000,0,1000,716.40,21.23,1
13950,DECODE,1000,0,1000,717.40,21.22,1
13951,DECODE,1000,0,1000,718.40,21.49,1
13952,DECODE,1000,0,1000,719.40,22.04,1
13953,DECODE,1000,0,1000,720.40,21.50,1
13954,DECODE,1000,0,1000,721.40,21.26,1
13955,DECODE,1000,0,1000,722.40,21.31,1
13956,DECODE,1000,0,1000,723.40,21.47,1
13957,DECODE,1000,0,1000,724.40,21.47,1
13958,DECODE,1000,0,1000,725.40,21.47,1
13959,DECODE,1000,0,1000,726.40,21.59,1
13960,DECODE,999,0,999,725.56,21.62,1
13961,EXTEND,1,46,0,52.00,16.15,1
13962,DECODE,1000,0,1000,725.89,21.32,1
13963,DECODE,1000,0,1000,726.89,21.34,1
13964,DECODE,1000,0,1000,727.89,21.47,1
13965,DECODE,999,0,999,727.44,21.47,1
13966,EXTEND,1,60,0,69.00,15.75,1
13967,DECODE,1000,0,1000,727.78,21.34,1
13968,DECODE,1000,0,1000,728.78,21.83,1
13969,DECODE,1000,0,1000,729.78,21.59,1
13970,DECODE,1000,0,1000,730.78,21.46,1
13971,DECODE,1000,0,1000,731.78,21.55,1
13972,DECODE,1000,0,1000,732.78,21.46,1
13973,DECODE,1000,0,1000,733.78,21.43,1
13974,DECODE,1000,0,1000,734.78,21.44,1
13975,DECODE,1000,0,1000,735.78,21.42,1
13976,DECODE,1000,0,1000,736.78,22.29,1
13977,DECODE,1000,0,1000,737.78,21.38,1
13978,DECODE,1000,0,1000,738.78,21.20,1
13979,DECODE,1000,0,1000,739.78,21.48,1
13980,DECODE,1000,0,1000,740.78,21.36,1
13981,DECODE,1000,0,1000,741.78,21.49,1
13982,DECODE,1000,0,1000,742.78,21.39,1
13983,DECODE,1000,0,1000,743.78,22.31,1
13984,DECODE,998,0,998,741.14,22.30,1
13985,EXTEND,2,112,0,60.50,16.34,1
13986,DECODE,1000,0,1000,740.78,21.38,1
13987,DECODE,1000,0,1000,741.78,21.48,1
13988,DECODE,1000,0,1000,742.78,21.72,1
13989,DECODE,999,0,999,741.96,21.76,1
13990,EXTEND,1,77,0,80.00,17.08,1
13991,DECODE,1000,0,1000,742.30,21.54,1
13992,DECODE,1000,0,1000,743.30,22.89,1
13993,DECODE,1000,0,1000,744.30,22.37,1
13994,DECODE,1000,0,1000,745.30,21.34,1
13995,DECODE,1000,0,1000,746.30,21.40,1
13996,DECODE,1000,0,1000,747.30,21.84,1
13997,DECODE,1000,0,1000,748.30,21.62,1
13998,DECODE,1000,0,1000,749.30,21.91,1
13999,DECODE,1000,0,1000,750.30,21.77,1
14000,DECODE,998,0,998,747.67,22.51,1
14001,EXTEND,2,132,0,72.50,16.40,1
14002,EXTEND,1,73,0,79.00,16.16,1
14003,DECODE,1000,0,1000,744.84,21.65,1
14004,DECODE,1000,0,1000,745.84,21.51,1
14005,DECODE,1000,0,1000,746.84,21.91,1
14006,DECODE,1000,0,1000,747.84,23.20,1
14007,DECODE,1000,0,1000,748.84,21.52,1
14008,DECODE,1000,0,1000,749.84,22.02,1
14009,DECODE,1000,0,1000,750.84,24.16,1
14010,DECODE,1000,0,1000,751.84,21.77,1
14011,DECODE,1000,0,1000,752.84,21.83,1
14012,DECODE,1000,0,1000,753.84,21.70,1
14013,DECODE,1000,0,1000,754.84,21.77,1
14014,DECODE,1000,0,1000,755.84,21.73,1
14015,DECODE,1000,0,1000,756.84,21.64,1
14016,DECODE,1000,0,1000,757.84,21.82,1
14017,DECODE,1000,0,1000,758.84,21.83,1
14018,DECODE,1000,0,1000,759.84,21.92,1
14019,DECODE,1000,0,1000,760.84,21.75,1
14020,DECODE,1000,0,1000,761.84,21.81,1
14021,DECODE,1000,0,1000,762.84,21.92,1
14022,DECODE,1000,0,1000,763.84,22.15,1
14023,DECODE,1000,0,1000,764.84,22.13,1
14024,DECODE,1000,0,1000,765.84,22.38,1
14025,DECODE,1000,0,1000,766.84,21.92,1
14026,DECODE,1000,0,1000,767.84,22.06,1
14027,DECODE,1000,0,1000,768.84,21.90,1
14028,DECODE,1000,0,1000,769.84,22.00,1
14029,DECODE,1000,0,1000,770.84,22.00,1
14030,DECODE,1000,0,1000,771.84,22.00,1
14031,DECODE,1000,0,1000,772.84,21.96,1
14032,DECODE,1000,0,1000,773.84,23.01,1
14033,DECODE,1000,0,1000,774.84,22.11,1
14034,DECODE,1000,0,1000,775.84,21.95,1
14035,DECODE,1000,0,1000,776.84,21.91,1
14036,DECODE,1000,0,1000,777.84,22.16,1
14037,DECODE,1000,0,1000,778.84,22.13,1
14038,DECODE,1000,0,1000,779.84,22.09,1
14039,DECODE,1000,0,1000,780.84,22.17,1
14040,DECODE,1000,0,1000,781.84,22.12,1
14041,DECODE,1000,0,1000,782.84,22.06,1
14042,DECODE,1000,0,1000,783.84,22.38,1
14043,DECODE,1000,0,1000,784.84,22.16,1
14044,DECODE,1000,0,1000,785.84,22.12,1
14045,DECODE,1000,0,1000,786.84,22.19,1
14046,DECODE,1000,0,1000,787.84,22.17,1
14047,DECODE,1000,0,1000,788.84,22.17,1
14048,DECODE,1000,0,1000,789.84,22.14,1
14049,DECODE,1000,0,1000,790.84,22.13,1
14050,DECODE,1000,0,1000,791.84,22.15,1
14051,DECODE,1000,0,1000,792.84,22.29,1
14052,DECODE,1000,0,1000,793.84,23.54,1
14053,DECODE,1000,0,1000,794.84,22.37,1
14054,DECODE,1000,0,1000,795.84,22.10,1
14055,DECODE,1000,0,1000,796.84,22.08,1
14056,DECODE,1000,0,1000,797.84,22.46,1
14057,DECODE,1000,0,1000,798.84,22.21,1
14058,DECODE,999,0,999,798.56,22.59,1
14059,EXTEND,1,44,0,49.00,16.64,1
14060,DECODE,1000,0,1000,798.81,22.15,1
14061,DECODE,1000,0,1000,799.81,22.24,1
14062,DECODE,1000,0,1000,800.81,22.65,1
14063,DECODE,1000,0,1000,801.81,22.22,1
14064,DECODE,1000,0,1000,802.81,22.08,1
14065,DECODE,1000,0,1000,803.81,22.10,1
14066,DECODE,1000,0,1000,804.81,21.96,1
14067,DECODE,1000,0,1000,805.81,22.70,1
14068,DECODE,1000,0,1000,806.81,22.68,1
14069,DECODE,1000,0,1000,807.81,24.66,1
14070,DECODE,1000,0,1000,808.81,22.54,1
14071,DECODE,999,0,999,808.05,22.69,1
14072,EXTEND,1,52,0,57.00,16.02,1
14073,DECODE,1000,0,1000,808.30,22.18,1
14074,DECODE,1000,0,1000,809.30,22.13,1
14075,DECODE,1000,0,1000,810.30,22.15,1
14076,DECODE,1000,0,1000,811.30,22.20,1
14077,DECODE,1000,0,1000,812.30,22.24,1
14078,DECODE,1000,0,1000,813.30,22.59,1
14079,DECODE,1000,0,1000,814.30,22.86,1
14080,DECODE,1000,0,1000,815.30,22.62,1
14081,DECODE,999,0,999,815.35,23.13,1
14082,EXTEND,1,84,0,88.00,16.40,1
14083,DECODE,1000,0,1000,815.62,22.17,1
14084,DECODE,1000,0,1000,816.62,22.24,1
14085,DECODE,1000,0,1000,817.62,22.37,1
14086,DECODE,1000,0,1000,818.62,22.43,1
14087,DECODE,1000,0,1000,819.62,22.49,1
14088,DECODE,1000,0,1000,820.62,22.52,1
14089,DECODE,1000,0,1000,821.62,22.43,1
14090,DECODE,1000,0,1000,822.62,22.59,1
14091,DECODE,999,0,999,821.88,23.46,1
14092,EXTEND,1,44,0,53.00,16.59,1
14093,EXTEND,1,154,0,157.00,27.91,1
14094,DECODE,1000,0,1000,819.71,22.40,1
14095,DECODE,1000,0,1000,820.71,23.15,1
14096,DECODE,1000,0,1000,821.71,22.41,1
14097,DECODE,1000,0,1000,822.71,22.82,1
14098,DECODE,1000,0,1000,823.71,24.36,1
14099,DECODE,1000,0,1000,824.71,26.29,1
14100,DECODE,1000,0,1000,825.71,22.85,1
14101,DECODE,1000,0,1000,826.71,22.83,1
14102,DECODE,999,0,999,825.97,23.02,1
14103,EXTEND,1,65,0,69.00,16.54,1
14104,DECODE,1000,0,1000,826.22,23.02,1
14105,DECODE,1000,0,1000,827.22,23.02,1
14106,DECODE,1000,0,1000,828.22,22.75,1
14107,DECODE,999,0,999,827.48,22.85,1
14108,EXTEND,1,240,0,246.00,16.36,1
14109,DECODE,1000,0,1000,827.90,22.34,1
14110,DECODE,1000,0,1000,828.90,22.56,1
14111,DECODE,1000,0,1000,829.90,23.09,1
14112,DECODE,1000,0,1000,830.90,22.78,1
14113,DECODE,1000,0,1000,831.90,22.62,1
14114,DECODE,1000,0,1000,832.90,22.74,1
14115,DECODE,1000,0,1000,833.90,22.57,1
14116,DECODE,1000,0,1000,834.90,22.68,1
14117,DECODE,1000,0,1000,835.90,22.59,1
14118,DECODE,1000,0,1000,836.90,22.86,1
14119,DECODE,1000,0,1000,837.90,22.68,1
14120,DECODE,1000,0,1000,838.90,23.80,1
14121,DECODE,1000,0,1000,839.90,24.38,1
14122,DECODE,1000,0,1000,840.90,22.56,1
14123,DECODE,1000,0,1000,841.90,23.40,1
14124,DECODE,1000,0,1000,842.90,23.58,1
14125,DECODE,1000,0,1000,843.90,22.94,1
14126,DECODE,1000,0,1000,844.90,23.00,1
14127,DECODE,1000,0,1000,845.90,22.95,1
14128,DECODE,999,0,999,845.19,22.77,1
14129,EXTEND,1,53,0,59.00,16.70,1
14130,DECODE,1000,0,1000,845.40,23.83,1
14131,DECODE,1000,0,1000,846.40,22.71,1
14132,DECODE,1000,0,1000,847.40,23.06,1
14133,DECODE,1000,0,1000,848.40,22.64,1
14134,DECODE,1000,0,1000,849.40,22.73,1
14135,DECODE,1000,0,1000,850.40,22.94,1
14136,DECODE,1000,0,1000,851.40,22.74,1
14137,DECODE,1000,0,1000,852.40,22.82,1
14138,DECODE,1000,0,1000,853.40,22.82,1
14139,DECODE,1000,0,1000,854.40,23.11,1
14140,DECODE,1000,0,1000,855.40,22.94,1
14141,DECODE,1000,0,1000,856.40,22.67,1
14142,DECODE,1000,0,1000,857.40,22.71,1
14143,DECODE,1000,0,1000,858.40,22.83,1
14144,DECODE,1000,0,1000,859.40,22.87,1
14145,DECODE,1000,0,1000,860.40,22.88,1
14146,DECODE,1000,0,1000,861.40,23.03,1
14147,DECODE,1000,0,1000,862.40,22.80,1
14148,DECODE,1000,0,1000,863.40,23.13,1
14149,DECODE,1000,0,1000,864.40,23.20,1
14150,DECODE,1000,0,1000,865.40,23.15,1
14151,DECODE,1000,0,1000,866.40,22.87,1
14152,DECODE,1000,0,1000,867.40,22.99,1
14153,DECODE,1000,0,1000,868.40,22.96,1
14154,DECODE,1000,0,1000,869.40,23.07,1
14155,DECODE,1000,0,1000,870.40,22.97,1
14156,DECODE,1000,0,1000,871.40,23.01,1
14157,DECODE,1000,0,1000,872.40,23.04,1
14158,DECODE,1000,0,1000,873.40,23.19,1
14159,DECODE,1000,0,1000,874.40,23.42,1
14160,DECODE,1000,0,1000,875.40,23.41,1
14161,DECODE,1000,0,1000,876.40,23.20,1
14162,DECODE,1000,0,1000,877.40,23.40,1
14163,DECODE,1000,0,1000,878.40,23.20,1
14164,DECODE,1000,0,1000,879.40,23.20,1
14165,DECODE,1000,0,1000,880.40,23.18,1
14166,DECODE,1000,0,1000,881.40,23.27,1
14167,DECODE,1000,0,1000,882.40,22.92,1
14168,DECODE,1000,0,1000,883.40,23.54,1
14169,DECODE,1000,0,1000,884.40,23.10,1
14170,DECODE,1000,0,1000,885.40,23.28,1
14171,DECODE,1000,0,1000,886.40,23.14,1
14172,DECODE,1000,0,1000,887.40,24.87,1
14173,DECODE,1000,0,1000,888.40,23.82,1
14174,DECODE,1000,0,1000,889.40,23.27,1
14175,DECODE,1000,0,1000,890.40,23.09,1
14176,DECODE,1000,0,1000,891.40,23.47,1
14177,DECODE,1000,0,1000,892.40,23.22,1
14178,DECODE,1000,0,1000,893.40,23.64,1
14179,DECODE,1000,0,1000,894.40,23.53,1
14180,DECODE,1000,0,1000,895.40,23.66,1
14181,DECODE,1000,0,1000,896.40,23.37,1
14182,DECODE,1000,0,1000,897.40,23.36,1
14183,DECODE,1000,0,1000,898.40,23.36,1
14184,DECODE,1000,0,1000,899.40,23.26,1
14185,DECODE,1000,0,1000,900.40,23.19,1
14186,DECODE,1000,0,1000,901.40,23.60,1
14187,DECODE,999,0,999,900.74,23.51,1
14188,EXTEND,1,117,0,127.00,26.96,1
14189,DECODE,1000,0,1000,900.97,24.91,1
14190,DECODE,1000,0,1000,901.97,23.19,1
14191,DECODE,1000,0,1000,902.97,23.83,1
14192,DECODE,1000,0,1000,903.97,23.57,1
14193,DECODE,1000,0,1000,904.97,23.54,1
14194,DECODE,1000,0,1000,905.97,23.41,1
14195,DECODE,1000,0,1000,906.97,23.52,1
14196,DECODE,1000,0,1000,907.97,23.48,1
14197,DECODE,1000,0,1000,908.97,23.55,1
14198,DECODE,1000,0,1000,909.97,25.39,1
14199,DECODE,1000,0,1000,910.97,23.88,1
14200,DECODE,999,0,999,910.32,23.85,1
14201,EXTEND,1,47,0,52.00,18.01,1
14202,DECODE,1000,0,1000,910.46,23.58,1
14203,DECODE,1000,0,1000,911.46,23.42,1
14204,DECODE,1000,0,1000,912.46,23.49,1
14205,DECODE,999,0,999,911.81,23.56,1
14206,EXTEND,1,88,0,106.00,16.23,1
14207,DECODE,1000,0,1000,912.00,23.16,1
14208,DECODE,1000,0,1000,913.00,23.29,1
14209,DECODE,1000,0,1000,914.00,23.60,1
14210,DECODE,1000,0,1000,915.00,23.63,1
14211,DECODE,1000,0,1000,916.00,23.75,1
14212,DECODE,999,0,999,915.36,23.97,1
14213,EXTEND,1,25,0,33.00,21.83,1
14214,DECODE,999,0,999,913.83,23.73,1
14215,EXTEND,1,120,0,146.00,16.03,1
14216,DECODE,999,0,999,912.41,23.60,1
14217,EXTEND,1,49,0,57.00,15.78,1
14218,DECODE,1000,0,1000,912.56,23.32,1
14219,DECODE,1000,0,1000,913.56,23.63,1
14220,DECODE,1000,0,1000,914.56,23.61,1
14221,DECODE,1000,0,1000,915.56,23.72,1
14222,DECODE,1000,0,1000,916.56,23.77,1
14223,DECODE,1000,0,1000,917.56,23.54,1
14224,DECODE,1000,0,1000,918.56,23.55,1
14225,DECODE,1000,0,1000,919.56,23.94,1
14226,DECODE,998,0,998,918.39,23.99,1
14227,EXTEND,2,175,0,92.50,23.54,1
14228,DECODE,1000,0,1000,917.74,23.56,1
14229,DECODE,1000,0,1000,918.74,23.69,1
14230,DECODE,999,0,999,918.10,23.89,1
14231,EXTEND,1,66,0,70.00,16.09,1
14232,DECODE,1000,0,1000,918.25,23.57,1
14233,DECODE,1000,0,1000,919.25,23.55,1
14234,DECODE,1000,0,1000,920.25,24.59,1
14235,DECODE,1000,0,1000,921.25,23.91,1
14236,DECODE,999,0,999,920.61,23.73,1
14237,EXTEND,1,41,0,46.00,23.81,1
14238,DECODE,1000,0,1000,920.73,23.68,1
14239,DECODE,1000,0,1000,921.73,23.69,1
14240,DECODE,1000,0,1000,922.73,24.42,1
14241,DECODE,1000,0,1000,923.73,23.66,1
14242,DECODE,1000,0,1000,924.73,23.40,1
14243,DECODE,1000,0,1000,925.73,23.53,1
14244,DECODE,1000,0,1000,926.73,24.26,1
14245,DECODE,1000,0,1000,927.73,23.84,1
14246,DECODE,1000,0,1000,928.73,23.54,1
14247,DECODE,1000,0,1000,929.73,23.47,1
14248,DECODE,1000,0,1000,930.73,23.51,1
14249,DECODE,1000,0,1000,931.73,23.72,1
14250,DECODE,1000,0,1000,932.73,23.82,1
14251,DECODE,1000,0,1000,933.73,24.01,1
14252,DECODE,1000,0,1000,934.73,23.79,1
14253,DECODE,1000,0,1000,935.73,23.84,1
14254,DECODE,1000,0,1000,936.73,23.75,1
14255,DECODE,1000,0,1000,937.73,24.04,1
14256,DECODE,1000,0,1000,938.73,23.84,1
14257,DECODE,1000,0,1000,939.73,25.74,1
14258,DECODE,1000,0,1000,940.73,24.04,1
14259,DECODE,1000,0,1000,941.73,24.20,1
14260,DECODE,1000,0,1000,942.73,23.84,1
14261,DECODE,1000,0,1000,943.73,23.75,1
14262,DECODE,1000,0,1000,944.73,23.85,1
14263,DECODE,1000,0,1000,945.73,23.83,1
14264,DECODE,1000,0,1000,946.73,23.84,1
14265,DECODE,1000,0,1000,947.73,23.83,1
14266,DECODE,1000,0,1000,948.73,23.69,1
14267,DECODE,999,0,999,948.31,24.17,1
14268,EXTEND,1,100,0,108.00,16.61,1
14269,DECODE,1000,0,1000,948.47,23.63,1
14270,DECODE,1000,0,1000,949.47,23.75,1
14271,DECODE,1000,0,1000,950.47,24.70,1
14272,DECODE,1000,0,1000,951.47,24.04,1
14273,DECODE,1000,0,1000,952.47,23.74,1
14274,DECODE,1000,0,1000,953.47,23.73,1
14275,DECODE,1000,0,1000,954.47,23.92,1
14276,DECODE,1000,0,1000,955.47,24.16,1
14277,DECODE,1000,0,1000,956.47,24.18,1
14278,DECODE,1000,0,1000,957.47,24.51,1
14279,DECODE,1000,0,1000,958.47,24.35,1
14280,DECODE,1000,0,1000,959.47,23.97,1
14281,DECODE,1000,0,1000,960.47,24.78,1
14282,DECODE,1000,0,1000,961.47,24.43,1
14283,DECODE,1000,0,1000,962.47,23.86,1
14284,DECODE,1000,0,1000,963.47,23.94,1
14285,DECODE,1000,0,1000,964.47,23.69,1
14286,DECODE,1000,0,1000,965.47,23.82,1
14287,DECODE,1000,0,1000,966.47,23.73,1
14288,DECODE,1000,0,1000,967.47,23.80,1
14289,DECODE,1000,0,1000,968.47,23.79,1
14290,DECODE,1000,0,1000,969.47,24.00,1
14291,DECODE,1000,0,1000,970.47,24.66,1
14292,DECODE,1000,0,1000,971.47,24.34,1
14293,DECODE,999,0,999,970.88,24.44,1
14294,EXTEND,1,91,0,96.00,17.38,1
14295,EXTEND,1,58,0,63.00,16.66,1
14296,DECODE,1000,0,1000,968.62,23.96,1
14297,DECODE,1000,0,1000,969.62,23.88,1
14298,DECODE,1000,0,1000,970.62,24.01,1
14299,DECODE,1000,0,1000,971.62,23.96,1
14300,DECODE,1000,0,1000,972.62,24.19,1
14301,DECODE,1000,0,1000,973.62,23.98,1
14302,DECODE,1000,0,1000,974.62,23.86,1
14303,DECODE,1000,0,1000,975.62,24.17,1
14304,DECODE,999,0,999,975.04,24.44,1
14305,EXTEND,1,53,0,60.00,16.96,1
14306,EXTEND,1,67,0,74.00,16.41,1
14307,EXTEND,1,106,0,110.00,28.00,1
14308,DECODE,1000,0,1000,970.19,23.83,1
14309,DECODE,1000,0,1000,971.19,24.18,1
14310,DECODE,1000,0,1000,972.19,25.12,1
14311,DECODE,1000,0,1000,973.19,24.17,1
14312,DECODE,1000,0,1000,974.19,24.23,1
14313,DECODE,1000,0,1000,975.19,24.67,1
14314,DECODE,1000,0,1000,976.19,24.15,1
14315,DECODE,999,0,999,975.84,24.42,1
14316,EXTEND,1,63,0,68.00,16.67,1
14317,DECODE,999,0,999,974.57,24.22,1
14318,EXTEND,1,52,0,80.00,16.22,1
14319,DECODE,1000,0,1000,974.68,23.99,1
14320,DECODE,1000,0,1000,975.68,24.30,1
14321,DECODE,999,0,999,975.09,24.47,1
14322,EXTEND,1,35,0,42.00,15.96,1
14323,DECODE,999,0,999,973.57,25.21,1
14324,EXTEND,1,165,0,172.00,22.41,1
14325,DECODE,1000,0,1000,973.77,24.25,1
14326,DECODE,1000,0,1000,974.77,24.02,1
14327,DECODE,1000,0,1000,975.77,24.27,1
14328,DECODE,1000,0,1000,976.77,24.24,1
14329,DECODE,1000,0,1000,977.77,24.22,1
14330,DECODE,1000,0,1000,978.77,24.27,1
14331,DECODE,1000,0,1000,979.77,24.28,1
14332,DECODE,1000,0,1000,980.77,24.24,1
14333,DECODE,1000,0,1000,981.77,24.39,1
14334,DECODE,1000,0,1000,982.77,24.28,1
14335,DECODE,1000,0,1000,983.77,24.42,1
14336,DECODE,1000,0,1000,984.77,24.33,1
14337,DECODE,1000,0,1000,985.77,24.65,1
14338,DECODE,1000,0,1000,986.77,24.37,1
14339,DECODE,1000,0,1000,987.77,24.33,1
14340,DECODE,1000,0,1000,988.77,24.15,1
14341,DECODE,1000,0,1000,989.77,24.57,1
14342,DECODE,1000,0,1000,990.77,24.27,1
14343,DECODE,1000,0,1000,991.77,24.31,1
14344,DECODE,1000,0,1000,992.77,24.41,1
14345,DECODE,1000,0,1000,993.77,24.44,1
14346,DECODE,1000,0,1000,994.77,24.44,1
14347,DECODE,1000,0,1000,995.77,24.49,1
14348,DECODE,1000,0,1000,996.77,24.40,1
14349,DECODE,1000,0,1000,997.77,24.59,1
14350,DECODE,999,0,999,997.21,24.79,1
14351,EXTEND,1,102,0,107.00,16.27,1
14352,DECODE,1000,0,1000,997.32,24.26,1
14353,DECODE,1000,0,1000,998.32,24.36,1
14354,DECODE,999,0,999,997.75,24.44,1
14355,EXTEND,1,35,0,42.00,15.90,1
14356,DECODE,999,0,999,996.23,24.36,1
14357,EXTEND,1,34,0,43.00,15.70,1
14358,DECODE,999,0,999,994.71,24.31,1
14359,EXTEND,1,57,0,64.00,15.91,1
14360,DECODE,999,0,999,993.22,24.32,1
14361,EXTEND,1,93,0,108.00,26.01,1
14362,DECODE,1000,0,1000,993.33,24.10,1
14363,DECODE,1000,0,1000,994.33,24.46,1
14364,DECODE,1000,0,1000,995.33,24.84,1
14365,DECODE,1000,0,1000,996.33,24.38,1
14366,DECODE,1000,0,1000,997.33,24.26,1
14367,DECODE,1000,0,1000,998.33,24.26,1
14368,DECODE,1000,0,1000,999.33,24.34,1
14369,DECODE,1000,0,1000,1000.33,24.39,1
14370,DECODE,1000,0,1000,1001.33,24.41,1
14371,DECODE,1000,0,1000,1002.33,24.43,1
14372,DECODE,1000,0,1000,1003.33,24.46,1
14373,DECODE,1000,0,1000,1004.33,24.44,1
14374,DECODE,1000,0,1000,1005.33,24.57,1
14375,DECODE,1000,0,1000,1006.33,24.70,1
14376,DECODE,1000,0,1000,1007.33,24.67,1
14377,DECODE,1000,0,1000,1008.33,24.64,1
14378,DECODE,1000,0,1000,1009.33,24.47,1
14379,DECODE,1000,0,1000,1010.33,24.54,1
14380,DECODE,1000,0,1000,1011.33,24.54,1
14381,DECODE,1000,0,1000,1012.33,24.44,1
14382,DECODE,1000,0,1000,1013.33,24.51,1
14383,DECODE,1000,0,1000,1014.33,24.92,1
14384,DECODE,1000,0,1000,1015.33,24.71,1
14385,DECODE,999,0,999,1014.79,25.23,1
14386,EXTEND,1,87,0,93.00,25.94,1
14387,EXTEND,1,98,0,102.00,15.87,1
14388,DECODE,1000,0,1000,1012.41,24.78,1
14389,DECODE,1000,0,1000,1013.41,24.54,1
14390,DECODE,1000,0,1000,1014.41,24.79,1
14391,DECODE,999,0,999,1013.86,24.61,1
14392,EXTEND,1,122,0,126.00,16.34,1
14393,EXTEND,1,54,0,62.00,15.86,1
14394,DECODE,1000,0,1000,1011.47,24.34,1
14395,DECODE,1000,0,1000,1012.47,24.33,1
14396,DECODE,1000,0,1000,1013.47,24.53,1
14397,DECODE,1000,0,1000,1014.47,24.34,1
14398,DECODE,1000,0,1000,1015.47,24.49,1
14399,DECODE,1000,0,1000,1016.47,26.38,1
14400,DECODE,999,0,999,1015.93,25.02,1
14401,EXTEND,1,35,0,40.00,16.17,1
14402,DECODE,1000,0,1000,1015.95,24.99,1
14403,DECODE,1000,0,1000,1016.95,25.85,1
14404,DECODE,999,0,999,1016.41,25.45,1
14405,EXTEND,1,87,0,93.00,16.81,1
14406,DECODE,1000,0,1000,1016.48,24.66,1
14407,DECODE,1000,0,1000,1017.48,24.90,1
14408,DECODE,999,0,999,1016.94,25.10,1
14409,EXTEND,1,32,0,39.00,16.26,1
14410,DECODE,1000,0,1000,1016.96,25.13,1
14411,DECODE,1000,0,1000,1017.96,24.70,1
14412,DECODE,1000,0,1000,1018.96,24.81,1
14413,DECODE,1000,0,1000,1019.96,24.80,1
14414,DECODE,1000,0,1000,1020.96,24.88,1
14415,DECODE,999,0,999,1020.42,25.09,1
14416,EXTEND,1,45,0,50.00,16.56,1
14417,EXTEND,1,97,0,103.00,15.93,1
14418,DECODE,1000,0,1000,1017.99,24.77,1
14419,DECODE,1000,0,1000,1018.99,24.74,1
14420,DECODE,1000,0,1000,1019.99,24.82,1
14421,DECODE,1000,0,1000,1020.99,24.96,1
14422,DECODE,1000,0,1000,1021.99,25.05,1
14423,DECODE,999,0,999,1021.45,25.21,1
14424,EXTEND,1,52,0,60.00,16.13,1
14425,DECODE,1000,0,1000,1021.49,24.90,1
14426,DECODE,1000,0,1000,1022.49,24.95,1
14427,DECODE,999,0,999,1021.95,25.22,1
14428,EXTEND,1,55,0,59.00,16.92,1
14429,DECODE,1000,0,1000,1021.99,24.62,1
14430,DECODE,1000,0,1000,1022.99,24.85,1
14431,DECODE,1000,0,1000,1023.99,24.78,1
14432,DECODE,1000,0,1000,1024.99,24.90,1
14433,DECODE,1000,0,1000,1025.99,24.74,1
14434,DECODE,1000,0,1000,1026.99,24.79,1
14435,DECODE,1000,0,1000,1027.99,24.86,1
14436,DECODE,1000,0,1000,1028.99,24.87,1
14437,DECODE,1000,0,1000,1029.99,24.84,1
14438,DECODE,1000,0,1000,1030.99,25.08,1
14439,DECODE,999,0,999,1030.46,25.09,1
14440,EXTEND,1,53,0,57.00,16.10,1
14441,DECODE,1000,0,1000,1030.49,24.98,1
14442,DECODE,1000,0,1000,1031.49,25.28,1
14443,DECODE,1000,0,1000,1032.49,25.31,1
14444,DECODE,999,0,999,1031.96,25.63,1
14445,EXTEND,1,103,0,107.00,27.80,1
14446,EXTEND,1,181,0,185.00,15.73,1
14447,EXTEND,1,56,0,67.00,15.79,1
14448,DECODE,1000,0,1000,1028.06,24.60,1
14449,DECODE,1000,0,1000,1029.06,24.86,1
14450,DECODE,1000,0,1000,1030.06,25.28,1
14451,DECODE,1000,0,1000,1031.06,24.95,1
14452,DECODE,1000,0,1000,1032.06,25.04,1
14453,DECODE,1000,0,1000,1033.06,25.17,1
14454,DECODE,999,0,999,1032.53,25.40,1
14455,EXTEND,1,42,0,48.00,16.16,1
14456,DECODE,1000,0,1000,1032.55,24.87,1
14457,DECODE,1000,0,1000,1033.55,25.32,1
14458,DECODE,1000,0,1000,1034.55,26.00,1
14459,DECODE,1000,0,1000,1035.55,25.05,1
14460,DECODE,1000,0,1000,1036.55,25.19,1
14461,DECODE,999,0,999,1036.02,25.50,1
14462,EXTEND,1,43,0,49.00,16.06,1
14463,DECODE,1000,0,1000,1036.03,25.00,1
14464,DECODE,1000,0,1000,1037.03,25.37,1
14465,DECODE,1000,0,1000,1038.03,25.16,1
14466,DECODE,1000,0,1000,1039.03,25.19,1
14467,DECODE,1000,0,1000,1040.03,27.74,1
14468,DECODE,1000,0,1000,1041.03,25.24,1
14469,DECODE,1000,0,1000,1042.03,25.12,1
14470,DECODE,1000,0,1000,1043.03,25.00,1
14471,DECODE,1000,0,1000,1044.03,25.23,1
14472,DECODE,1000,0,1000,1045.03,25.18,1
14473,DECODE,999,0,999,1044.52,25.23,1
14474,EXTEND,1,122,0,130.00,16.30,1
14475,DECODE,1000,0,1000,1044.60,24.81,1
14476,DECODE,1000,0,1000,1045.60,25.08,1
14477,DECODE,1000,0,1000,1046.60,24.99,1
14478,DECODE,1000,0,1000,1047.60,25.06,1
14479,DECODE,1000,0,1000,1048.60,24.99,1
14480,DECODE,1000,0,1000,1049.60,24.92,1
14481,DECODE,999,0,999,1050.79,25.16,1
14482,EXTEND,1,99,0,102.00,16.67,1
14483,DECODE,1000,0,1000,1050.84,25.05,1
14484,DECODE,1000,0,1000,1051.84,25.46,1
14485,DECODE,1000,0,1000,1052.84,25.38,1
14486,DECODE,1000,0,1000,1053.84,25.53,1
14487,DECODE,1000,0,1000,1054.84,25.35,1
14488,DECODE,1000,0,1000,1055.84,24.99,1
14489,DECODE,1000,0,1000,1056.84,24.99,1
14490,DECODE,1000,0,1000,1057.84,25.03,1
14491,DECODE,999,0,999,1059.00,25.27,1
14492,EXTEND,1,40,0,49.00,15.90,1
14493,EXTEND,1,131,0,136.00,15.76,1
14494,EXTEND,1,75,0,78.00,15.63,1
14495,DECODE,1000,0,1000,1054.08,24.81,1
14496,DECODE,1000,0,1000,1055.08,25.05,1
14497,DECODE,1000,0,1000,1056.08,25.10,1
14498,DECODE,1000,0,1000,1057.08,25.43,1
14499,DECODE,1000,0,1000,1058.08,27.32,1
14500,DECODE,1000,0,1000,1059.08,25.12,1
14501,DECODE,1000,0,1000,1060.08,25.03,1
14502,DECODE,1000,0,1000,1061.08,24.92,1
14503,DECODE,1000,0,1000,1062.08,25.06,1
14504,DECODE,1000,0,1000,1063.08,25.04,1
14505,DECODE,1000,0,1000,1064.08,25.21,1
14506,DECODE,1000,0,1000,1065.08,25.09,1
14507,DECODE,1000,0,1000,1066.08,25.53,1
14508,DECODE,998,0,998,1064.09,25.21,1
14509,EXTEND,2,120,0,68.00,16.41,1
14510,DECODE,1000,0,1000,1063.10,24.98,1
14511,DECODE,1000,0,1000,1064.10,25.25,1
14512,DECODE,1000,0,1000,1065.10,25.45,1
14513,DECODE,999,0,999,1064.60,25.19,1
14514,EXTEND,1,58,0,63.00,16.13,1
14515,DECODE,1000,0,1000,1064.60,25.08,1
14516,DECODE,1000,0,1000,1065.60,25.49,1
14517,DECODE,999,0,999,1065.10,25.49,1
14518,EXTEND,1,64,0,71.00,16.26,1
14519,DECODE,1000,0,1000,1065.11,24.99,1
14520,DECODE,1000,0,1000,1066.11,25.26,1
14521,DECODE,1000,0,1000,1067.11,25.89,1
14522,DECODE,999,0,999,1066.61,25.63,1
14523,EXTEND,1,33,0,40.00,16.19,1
14524,EXTEND,1,76,0,83.00,16.01,1
14525,DECODE,1000,0,1000,1064.11,24.97,1
14526,DECODE,1000,0,1000,1065.11,25.14,1
14527,DECODE,1000,0,1000,1066.11,25.22,1
14528,DECODE,1000,0,1000,1067.11,25.64,1
14529,DECODE,998,0,998,1065.84,25.42,1
14530,EXTEND,2,125,0,70.00,16.62,1
14531,DECODE,1000,0,1000,1064.85,25.06,1
14532,DECODE,1000,0,1000,1065.85,25.09,1
14533,DECODE,1000,0,1000,1066.85,25.03,1
14534,DECODE,1000,0,1000,1067.85,25.21,1
14535,DECODE,1000,0,1000,1068.85,25.18,1
14536,DECODE,1000,0,1000,1069.85,25.29,1
14537,DECODE,1000,0,1000,1070.85,25.31,1
14538,DECODE,1000,0,1000,1071.85,25.49,1
14539,DECODE,1000,0,1000,1072.85,25.66,1
14540,DECODE,999,0,999,1072.36,25.64,1
14541,EXTEND,1,68,0,72.00,16.02,1
14542,DECODE,999,0,999,1070.96,25.13,1
14543,EXTEND,1,222,0,226.00,16.10,1
14544,DECODE,1000,0,1000,1071.12,25.00,1
14545,DECODE,1000,0,1000,1072.12,25.40,1
14546,DECODE,998,0,998,1070.13,25.43,1
14547,EXTEND,2,140,0,77.50,16.99,1
14548,DECODE,1000,0,1000,1069.15,25.10,1
14549,DECODE,1000,0,1000,1070.15,25.15,1
14550,DECODE,1000,0,1000,1071.15,25.20,1
14551,DECODE,1000,0,1000,1072.15,25.56,1
14552,DECODE,999,0,999,1071.66,25.97,1
14553,EXTEND,1,43,0,50.00,16.49,1
14554,EXTEND,1,44,0,55.00,15.88,1
14555,DECODE,1000,0,1000,1069.13,24.87,1
14556,DECODE,1000,0,1000,1070.13,24.99,1
14557,DECODE,1000,0,1000,1071.13,25.02,1
14558,DECODE,1000,0,1000,1072.13,24.90,1
14559,DECODE,999,0,999,1071.83,25.26,1
14560,EXTEND,1,38,0,45.00,16.96,1
14561,DECODE,999,0,999,1072.05,24.92,1
14562,EXTEND,1,60,0,70.00,16.04,1
14563,DECODE,999,0,999,1070.56,24.96,1
14564,EXTEND,1,41,0,48.00,16.00,1
14565,DECODE,1000,0,1000,1070.53,24.77,1
14566,DECODE,1000,0,1000,1071.53,25.01,1
14567,DECODE,1000,0,1000,1072.53,25.06,1
14568,DECODE,1000,0,1000,1073.53,25.01,1
14569,DECODE,999,0,999,1074.06,25.23,1
14570,EXTEND,1,119,0,124.00,16.57,1
14571,DECODE,1000,0,1000,1074.11,24.77,1
14572,DECODE,1000,0,1000,1075.11,24.85,1
14573,DECODE,1000,0,1000,1076.11,26.89,1
14574,DECODE,1000,0,1000,1077.11,25.09,1
14575,DECODE,1000,0,1000,1078.11,25.26,1
14576,DECODE,999,0,999,1077.62,25.24,1
14577,EXTEND,1,116,0,119.00,16.35,1
14578,DECODE,1000,0,1000,1077.66,24.83,1
14579,DECODE,1000,0,1000,1078.66,24.95,1
14580,DECODE,1000,0,1000,1079.66,25.20,1
14581,DECODE,999,0,999,1079.18,25.35,1
14582,EXTEND,1,52,0,59.00,16.46,1
14583,DECODE,1000,0,1000,1079.16,24.83,1
14584,DECODE,1000,0,1000,1080.16,25.66,1
14585,DECODE,999,0,999,1079.68,25.03,1
14586,EXTEND,1,136,0,140.00,16.46,1
14587,EXTEND,1,60,0,64.00,15.79,1
14588,DECODE,1000,0,1000,1077.74,24.77,1
14589,DECODE,1000,0,1000,1078.74,25.00,1
14590,DECODE,1000,0,1000,1079.74,25.02,1
14591,DECODE,1000,0,1000,1080.74,25.00,1
14592,DECODE,1000,0,1000,1081.74,25.09,1
14593,DECODE,1000,0,1000,1082.74,25.42,1
14594,DECODE,1000,0,1000,1083.74,25.01,1
14595,DECODE,1000,0,1000,1084.74,25.04,1
14596,DECODE,1000,0,1000,1085.74,24.97,1
14597,DECODE,1000,0,1000,1086.74,24.94,1
14598,DECODE,1000,0,1000,1087.74,24.95,1
14599,DECODE,1000,0,1000,1088.74,24.88,1
14600,DECODE,1000,0,1000,1089.74,24.94,1
14601,DECODE,1000,0,1000,1090.74,25.29,1
14602,DECODE,1000,0,1000,1091.74,25.19,1
14603,DECODE,1000,0,1000,1092.74,25.01,1
14604,DECODE,1000,0,1000,1093.74,25.01,1
14605,DECODE,1000,0,1000,1094.74,25.32,1
14606,DECODE,1000,0,1000,1095.74,25.72,1
14607,DECODE,1000,0,1000,1096.74,25.10,1
14608,DECODE,1000,0,1000,1097.74,25.10,1
14609,DECODE,1000,0,1000,1098.74,25.39,1
14610,DECODE,998,0,998,1096.81,25.29,1
14611,EXTEND,2,121,0,67.00,15.93,1
14612,DECODE,999,0,999,1094.28,25.26,1
14613,EXTEND,1,80,0,96.00,16.20,1
14614,DECODE,1000,0,1000,1094.29,25.05,1
14615,DECODE,1000,0,1000,1095.29,24.97,1
14616,DECODE,1000,0,1000,1096.29,25.06,1
14617,DECODE,1000,0,1000,1097.29,25.07,1
14618,DECODE,1000,0,1000,1098.29,25.10,1
14619,DECODE,1000,0,1000,1099.29,25.40,1
14620,DECODE,999,0,999,1098.82,25.39,1
14621,EXTEND,1,41,0,48.00,17.26,1
14622,DECODE,1000,0,1000,1098.77,26.01,1
14623,DECODE,1000,0,1000,1099.77,25.19,1
14624,DECODE,1000,0,1000,1100.77,25.44,1
14625,DECODE,1000,0,1000,1101.77,25.14,1
14626,DECODE,1000,0,1000,1102.77,25.43,1
14627,DECODE,998,0,998,1103.21,25.52,1
14628,EXTEND,2,77,0,45.00,16.16,1
14629,DECODE,1000,0,1000,1102.09,25.21,1
14630,DECODE,1000,0,1000,1103.09,25.25,1
14631,DECODE,1000,0,1000,1104.09,25.35,1
14632,DECODE,1000,0,1000,1105.09,25.29,1
14633,DECODE,1000,0,1000,1106.09,25.38,1
14634,DECODE,1000,0,1000,1107.09,25.33,1
14635,DECODE,1000,0,1000,1108.09,25.55,1
14636,DECODE,999,0,999,1107.64,25.57,1
14637,EXTEND,1,25,0,32.00,16.39,1
14638,EXTEND,1,70,0,74.00,24.58,1
14639,DECODE,1000,0,1000,1106.57,25.19,1
14640,DECODE,1000,0,1000,1107.57,25.46,1
14641,DECODE,1000,0,1000,1108.57,25.28,1
14642,DECODE,1000,0,1000,1109.57,25.24,1
14643,DECODE,1000,0,1000,1110.57,25.38,1
14644,DECODE,999,0,999,1111.64,25.70,1
14645,EXTEND,1,42,0,50.00,16.01,1
14646,DECODE,1000,0,1000,1111.58,25.25,1
14647,DECODE,1000,0,1000,1112.58,25.31,1
14648,DECODE,1000,0,1000,1113.58,25.52,1
14649,DECODE,1000,0,1000,1114.58,25.69,1
14650,DECODE,1000,0,1000,1115.58,25.64,1
14651,DECODE,1000,0,1000,1116.58,25.45,1
14652,DECODE,1000,0,1000,1117.58,25.49,1
14653,DECODE,1000,0,1000,1118.58,26.63,1
14654,DECODE,1000,0,1000,1119.58,25.82,1
14655,DECODE,1000,0,1000,1120.58,25.82,1
14656,DECODE,999,0,999,1121.62,26.14,1
14657,EXTEND,1,60,0,63.00,16.21,1
14658,EXTEND,1,86,0,110.00,25.65,1
14659,EXTEND,1,110,0,114.00,27.36,1
14660,DECODE,1000,0,1000,1118.14,25.38,1
14661,DECODE,1000,0,1000,1119.14,25.30,1
14662,DECODE,1000,0,1000,1120.14,25.47,1
14663,DECODE,1000,0,1000,1121.14,25.71,1
14664,DECODE,998,0,998,1120.78,25.80,1
14665,EXTEND,2,171,0,91.50,23.68,1
14666,EXTEND,1,121,0,128.00,16.23,1
14667,EXTEND,1,72,0,75.00,16.80,1
14668,DECODE,1000,0,1000,1114.82,25.33,1
14669,DECODE,1000,0,1000,1115.82,25.22,1
14670,DECODE,1000,0,1000,1116.82,25.82,1
14671,DECODE,999,0,999,1117.89,25.55,1
14672,EXTEND,1,45,0,56.00,16.26,1
14673,DECODE,1000,0,1000,1117.83,25.79,1
14674,DECODE,1000,0,1000,1118.83,26.19,1
14675,DECODE,999,0,999,1118.38,26.05,1
14676,EXTEND,1,108,0,116.00,16.82,1
14677,DECODE,998,0,998,1116.97,25.78,1
14678,EXTEND,2,110,0,60.50,15.76,1
14679,DECODE,1000,0,1000,1115.85,25.34,1
14680,DECODE,1000,0,1000,1116.85,25.44,1
14681,DECODE,1000,0,1000,1117.85,25.74,1
14682,DECODE,999,0,999,1117.41,25.72,1
14683,EXTEND,1,48,0,54.00,15.87,1
14684,DECODE,999,0,999,1115.90,25.56,1
14685,EXTEND,1,44,0,51.00,15.57,1
14686,DECODE,1000,0,1000,1115.84,25.36,1
14687,DECODE,1000,0,1000,1116.84,25.51,1
14688,DECODE,1000,0,1000,1117.84,25.49,1
14689,DECODE,1000,0,1000,1118.84,25.76,1
14690,DECODE,1000,0,1000,1119.84,26.34,1
14691,DECODE,998,0,998,1119.43,25.63,1
14692,EXTEND,2,288,0,149.50,16.13,1
14693,DECODE,1000,0,1000,1118.49,25.66,1
14694,DECODE,1000,0,1000,1119.49,25.44,1
14695,DECODE,1000,0,1000,1120.49,25.43,1
14696,DECODE,999,0,999,1121.61,25.69,1
14697,EXTEND,1,39,0,44.00,15.92,1
14698,DECODE,1000,0,1000,1121.53,25.40,1
14699,DECODE,1000,0,1000,1122.53,25.94,1
14700,DECODE,1000,0,1000,1123.53,25.59,1
14701,DECODE,1000,0,1000,1124.53,25.46,1
14702,DECODE,1000,0,1000,1125.53,25.79,1
14703,DECODE,999,0,999,1125.10,25.70,1
14704,DECODE,999,0,999,1126.10,25.88,1
14705,DECODE,998,0,998,1125.66,25.77,1
14706,EXTEND,1,38,0,44.00,15.85,1
14707,DECODE,998,0,998,1124.14,25.51,1
14708,EXTEND,1,35,0,40.00,16.14,1
14709,DECODE,999,0,999,1124.06,25.61,1
14710,DECODE,999,0,999,1125.06,25.74,1
14711,DECODE,998,0,998,1124.62,25.79,1
14712,EXTEND,2,196,0,102.00,15.94,1
14713,EXTEND,1,87,0,90.00,15.60,1
14714,EXTEND,1,38,0,44.00,15.50,1
14715,DECODE,1000,0,1000,1118.59,25.33,1
14716,DECODE,1000,0,1000,1119.59,25.67,1
14717,DECODE,998,0,998,1117.70,25.72,1
14718,EXTEND,2,215,0,110.50,23.12,1
14719,DECODE,999,0,999,1115.24,25.59,1
14720,EXTEND,1,41,0,52.00,15.77,1
14721,DECODE,999,0,999,1113.73,25.57,1
14722,EXTEND,1,103,0,107.00,16.26,1
14723,DECODE,999,0,999,1112.28,25.59,1
14724,EXTEND,1,46,0,52.00,15.70,1
14725,DECODE,999,0,999,1110.77,25.50,1
14726,EXTEND,1,65,0,78.00,15.96,1
14727,DECODE,999,0,999,1109.28,25.50,1
14728,EXTEND,1,174,0,180.00,15.90,1
14729,DECODE,1000,0,1000,1109.36,25.26,1
14730,DECODE,1000,0,1000,1110.36,25.45,1
14731,DECODE,1000,0,1000,1111.36,25.55,1
14732,DECODE,999,0,999,1110.90,25.49,1
14733,EXTEND,1,82,0,86.00,15.88,1
14734,DECODE,999,0,999,1109.43,25.55,1
14735,EXTEND,1,49,0,59.00,16.01,1
14736,DECODE,999,0,999,1109.47,25.62,1
14737,EXTEND,1,58,0,63.00,16.13,1
14738,DECODE,1000,0,1000,1109.42,25.37,1
14739,DECODE,1000,0,1000,1110.42,25.26,1
14740,DECODE,1000,0,1000,1111.42,25.31,1
14741,DECODE,1000,0,1000,1112.42,25.32,1
14742,DECODE,1000,0,1000,1113.42,25.30,1
14743,DECODE,1000,0,1000,1114.42,25.46,1
14744,DECODE,1000,0,1000,1115.42,25.99,1
14745,DECODE,1000,0,1000,1116.42,25.40,1
14746,DECODE,1000,0,1000,1117.42,25.58,1
14747,DECODE,1000,0,1000,1118.42,25.34,1
14748,DECODE,1000,0,1000,1119.42,25.39,1
14749,DECODE,1000,0,1000,1120.42,25.39,1
14750,DECODE,1000,0,1000,1121.42,25.38,1
14751,DECODE,1000,0,1000,1122.42,25.45,1
14752,DECODE,1000,0,1000,1123.42,25.42,1
14753,DECODE,1000,0,1000,1124.42,25.54,1
14754,DECODE,1000,0,1000,1125.42,25.82,1
14755,DECODE,1000,0,1000,1126.42,25.49,1
14756,DECODE,1000,0,1000,1127.42,25.53,1
14757,DECODE,1000,0,1000,1128.42,25.49,1
14758,DECODE,1000,0,1000,1129.42,25.55,1
14759,DECODE,1000,0,1000,1130.42,25.51,1
14760,DECODE,1000,0,1000,1131.42,25.55,1
14761,DECODE,1000,0,1000,1132.42,25.56,1
14762,DECODE,1000,0,1000,1133.42,25.69,1
14763,DECODE,999,0,999,1133.00,25.69,1
14764,DECODE,999,0,999,1134.00,28.33,1
14765,DECODE,999,0,999,1135.00,27.67,1
14766,DECODE,999,0,999,1136.00,26.08,1
14767,DECODE,998,0,998,1135.57,26.10,1
14768,DECODE,997,0,997,1135.14,26.13,1
14769,DECODE,996,0,996,1134.71,25.93,1
14770,DECODE,994,0,994,1133.47,26.19,1
14771,DECODE,993,0,993,1134.44,26.42,1
14772,DECODE,993,0,993,1135.44,26.11,1
14773,DECODE,993,0,993,1136.44,25.99,1
14774,DECODE,993,0,993,1137.44,26.15,1
14775,DECODE,993,0,993,1138.44,25.79,1
14776,DECODE,993,0,993,1139.44,25.79,1
14777,DECODE,993,0,993,1140.44,25.81,1
14778,DECODE,993,0,993,1141.44,25.75,1
14779,DECODE,993,0,993,1142.44,25.70,1
14780,DECODE,993,0,993,1143.44,25.95,1
14781,DECODE,993,0,993,1144.44,27.13,1
14782,DECODE,993,0,993,1145.44,25.79,1
14783,DECODE,993,0,993,1146.44,26.26,1
14784,DECODE,992,0,992,1146.02,25.64,1
14785,DECODE,992,0,992,1147.02,26.55,1
14786,DECODE,992,0,992,1148.02,25.75,1
14787,DECODE,992,0,992,1149.02,25.72,1
14788,DECODE,991,0,991,1150.17,25.87,1
14789,DECODE,991,0,991,1151.17,25.72,1
14790,DECODE,991,0,991,1152.17,25.69,1
14791,DECODE,991,0,991,1153.17,25.64,1
14792,DECODE,991,0,991,1154.17,25.77,1
14793,DECODE,991,0,991,1155.17,25.93,1
14794,DECODE,991,0,991,1156.17,25.86,1
14795,DECODE,990,0,990,1157.18,26.64,1
14796,DECODE,990,0,990,1158.18,25.93,1
14797,DECODE,989,0,989,1158.87,25.81,1
14798,DECODE,989,0,989,1159.87,25.66,1
14799,DECODE,987,0,987,1160.95,25.85,1
14800,DECODE,987,0,987,1161.95,28.95,1
14801,DECODE,987,0,987,1162.95,30.13,1
14802,DECODE,987,0,987,1163.95,26.56,1
14803,DECODE,987,0,987,1164.95,26.17,1
14804,DECODE,986,0,986,1164.53,26.56,1
14805,DECODE,986,0,986,1165.53,26.12,1
14806,DECODE,986,0,986,1166.53,25.70,1
14807,DECODE,986,0,986,1167.53,26.28,1
14808,DECODE,986,0,986,1168.53,25.79,1
14809,DECODE,986,0,986,1169.53,25.86,1
14810,DECODE,986,0,986,1170.53,25.84,1
14811,DECODE,986,0,986,1171.53,26.09,1
14812,DECODE,986,0,986,1172.53,26.19,1
14813,DECODE,986,0,986,1173.53,26.22,1
14814,DECODE,986,0,986,1174.53,26.06,1
14815,DECODE,986,0,986,1175.53,26.19,1
14816,DECODE,986,0,986,1176.53,26.06,1
14817,DECODE,986,0,986,1177.53,26.23,1
14818,DECODE,986,0,986,1178.53,26.52,1
14819,DECODE,986,0,986,1179.53,26.39,1
14820,DECODE,986,0,986,1180.53,26.42,1
14821,DECODE,985,0,985,1180.13,26.52,1
14822,DECODE,985,0,985,1181.13,26.83,1
14823,DECODE,985,0,985,1182.13,26.42,1
14824,DECODE,984,0,984,1182.15,26.28,1
14825,DECODE,983,0,983,1183.16,27.06,1
14826,DECODE,983,0,983,1184.16,26.46,1
14827,DECODE,983,0,983,1185.16,26.32,1
14828,DECODE,983,0,983,1186.16,26.57,1
14829,DECODE,982,0,982,1187.11,26.16,1
14830,DECODE,982,0,982,1188.11,26.33,1
14831,DECODE,982,0,982,1189.11,26.18,1
14832,DECODE,982,0,982,1190.11,31.42,1
14833,DECODE,982,0,982,1191.11,27.12,1
14834,DECODE,981,0,981,1192.22,26.22,1
14835,DECODE,981,0,981,1193.22,26.40,1
14836,DECODE,981,0,981,1194.22,26.37,1
14837,DECODE,980,0,980,1195.14,25.97,1
14838,DECODE,980,0,980,1196.14,26.17,1
14839,DECODE,980,0,980,1197.14,26.13,1
14840,DECODE,980,0,980,1198.14,26.09,1
14841,DECODE,980,0,980,1199.14,26.31,1
14842,DECODE,979,0,979,1200.05,26.71,1
14843,DECODE,979,0,979,1201.05,27.13,1
14844,DECODE,978,0,978,1200.66,26.37,1
14845,DECODE,978,0,978,1201.66,27.37,1
14846,DECODE,978,0,978,1202.66,26.43,1
14847,DECODE,978,0,978,1203.66,26.57,1
14848,DECODE,978,0,978,1204.66,26.34,1
14849,DECODE,978,0,978,1205.66,26.21,1
14850,DECODE,978,0,978,1206.66,26.85,1
14851,DECODE,978,0,978,1207.66,27.50,1
14852,DECODE,978,0,978,1208.66,26.35,1
14853,DECODE,978,0,978,1209.66,26.38,1
14854,DECODE,978,0,978,1210.66,26.30,1
14855,DECODE,978,0,978,1211.66,26.53,1
14856,DECODE,978,0,978,1212.66,26.49,1
14857,DECODE,978,0,978,1213.66,26.37,1
14858,DECODE,978,0,978,1214.66,26.43,1
14859,DECODE,978,0,978,1215.66,26.48,1
14860,DECODE,978,0,978,1216.66,26.37,1
14861,DECODE,978,0,978,1217.66,26.85,1
14862,DECODE,978,0,978,1218.66,26.54,1
14863,DECODE,978,0,978,1219.66,26.83,1
14864,DECODE,978,0,978,1220.66,26.52,1
14865,DECODE,978,0,978,1221.66,26.67,1
14866,DECODE,978,0,978,1222.66,26.48,1
14867,DECODE,978,0,978,1223.66,26.62,1
14868,DECODE,978,0,978,1224.66,26.48,1
14869,DECODE,978,0,978,1225.66,26.65,1
14870,DECODE,978,0,978,1226.66,26.63,1
14871,DECODE,978,0,978,1227.66,27.08,1
14872,DECODE,977,0,977,1227.30,26.48,1
14873,DECODE,977,0,977,1228.30,26.83,1
14874,DECODE,977,0,977,1229.30,26.68,1
14875,DECODE,977,0,977,1230.30,26.90,1
14876,DECODE,976,0,976,1229.93,26.53,1
14877,DECODE,976,0,976,1230.93,26.50,1
14878,DECODE,976,0,976,1231.93,26.73,1
14879,DECODE,976,0,976,1232.93,26.42,1
14880,DECODE,976,0,976,1233.93,26.54,1
14881,DECODE,976,0,976,1234.93,26.55,1
14882,DECODE,976,0,976,1235.93,26.59,1
14883,DECODE,975,0,975,1235.88,26.87,1
14884,DECODE,974,0,974,1235.52,27.13,1
14885,DECODE,974,0,974,1236.52,27.12,1
14886,DECODE,974,0,974,1237.52,26.92,1
14887,DECODE,974,0,974,1238.52,26.78,1
14888,DECODE,974,0,974,1239.52,26.53,1
14889,DECODE,974,0,974,1240.52,26.80,1
14890,DECODE,974,0,974,1241.52,26.97,1
14891,DECODE,973,0,973,1242.49,26.66,1
14892,DECODE,972,0,972,1243.54,26.55,1
14893,DECODE,972,0,972,1244.54,26.42,1
14894,DECODE,972,0,972,1245.54,26.56,1
14895,DECODE,972,0,972,1246.54,26.58,1
14896,DECODE,972,0,972,1247.54,26.80,1
14897,DECODE,972,0,972,1248.54,26.52,1
14898,DECODE,972,0,972,1249.54,26.92,1
14899,DECODE,971,0,971,1249.19,27.95,1
14900,DECODE,971,0,971,1250.19,27.03,1
14901,DECODE,971,0,971,1251.19,26.84,1
14902,DECODE,971,0,971,1252.19,26.67,1
14903,DECODE,971,0,971,1253.19,26.79,1
14904,DECODE,971,0,971,1254.19,26.81,1
14905,DECODE,971,0,971,1255.19,26.88,1
14906,DECODE,971,0,971,1256.19,26.72,1
14907,DECODE,971,0,971,1257.19,26.78,1
14908,DECODE,971,0,971,1258.19,28.09,1
14909,DECODE,970,0,970,1259.15,27.23,1
14910,DECODE,970,0,970,1260.15,26.83,1
14911,DECODE,970,0,970,1261.15,26.76,1
14912,DECODE,970,0,970,1262.15,26.81,1
14913,DECODE,970,0,970,1263.15,26.89,1
14914,DECODE,970,0,970,1264.15,26.72,1
14915,DECODE,970,0,970,1265.15,26.95,1
14916,DECODE,970,0,970,1266.15,27.37,1
14917,DECODE,969,0,969,1265.82,27.45,1
14918,DECODE,969,0,969,1266.82,27.15,1
14919,DECODE,969,0,969,1267.82,28.20,1
14920,DECODE,969,0,969,1268.82,27.19,1
14921,DECODE,969,0,969,1269.82,27.17,1
14922,DECODE,969,0,969,1270.82,27.04,1
14923,DECODE,969,0,969,1271.82,26.92,1
14924,DECODE,969,0,969,1272.82,27.15,1
14925,DECODE,969,0,969,1273.82,27.39,1
14926,DECODE,969,0,969,1274.82,27.12,1
14927,DECODE,969,0,969,1275.82,27.92,1
14928,DECODE,969,0,969,1276.82,27.51,1
14929,DECODE,969,0,969,1277.82,27.38,1
14930,DECODE,969,0,969,1278.82,27.21,1
14931,DECODE,969,0,969,1279.82,27.14,1
14932,DECODE,969,0,969,1280.82,27.27,1
14933,DECODE,969,0,969,1281.82,28.39,1
14934,DECODE,969,0,969,1282.82,26.95,1
14935,DECODE,969,0,969,1283.82,27.22,1
14936,DECODE,968,0,968,1284.73,27.13,1
14937,DECODE,968,0,968,1285.73,27.23,1
14938,DECODE,968,0,968,1286.73,27.04,1
14939,DECODE,968,0,968,1287.73,27.14,1
14940,DECODE,968,0,968,1288.73,26.98,1
14941,DECODE,968,0,968,1289.73,27.28,1
14942,DECODE,968,0,968,1290.73,27.11,1
14943,DECODE,968,0,968,1291.73,27.13,1
14944,DECODE,967,0,967,1292.67,27.38,1
14945,DECODE,967,0,967,1293.67,28.10,1
14946,DECODE,967,0,967,1294.67,27.35,1
14947,DECODE,967,0,967,1295.67,27.41,1
14948,DECODE,965,0,965,1296.79,28.36,1
14949,DECODE,965,0,965,1297.79,27.91,1
14950,DECODE,963,0,963,1297.59,27.46,1
14951,DECODE,963,0,963,1298.59,29.07,1
14952,DECODE,963,0,963,1299.59,27.92,1
14953,DECODE,963,0,963,1300.59,27.50,1
14954,DECODE,963,0,963,1301.59,27.31,1
14955,DECODE,963,0,963,1302.59,27.73,1
14956,DECODE,962,0,962,1302.86,27.30,1
14957,DECODE,962,0,962,1303.86,27.42,1
14958,DECODE,962,0,962,1304.86,27.31,1
14959,DECODE,961,0,961,1305.82,27.31,1
14960,DECODE,961,0,961,1306.82,27.44,1
14961,DECODE,961,0,961,1307.82,27.45,1
14962,DECODE,961,0,961,1308.82,27.43,1
14963,DECODE,961,0,961,1309.82,27.51,1
14964,DECODE,960,0,960,1310.73,27.06,1
14965,DECODE,959,0,959,1311.65,27.46,1
14966,DECODE,959,0,959,1312.65,27.37,1
14967,DECODE,959,0,959,1313.65,27.28,1
14968,DECODE,959,0,959,1314.65,27.21,1
14969,DECODE,959,0,959,1315.65,27.91,1
14970,DECODE,958,0,958,1316.44,27.26,1
14971,DECODE,958,0,958,1317.44,27.75,1
14972,DECODE,958,0,958,1318.44,27.41,1
14973,DECODE,958,0,958,1319.44,27.42,1
14974,DECODE,958,0,958,1320.44,27.21,1
14975,DECODE,956,0,956,1323.58,27.31,1
14976,DECODE,954,0,954,1326.57,27.46,1
14977,DECODE,951,0,951,1330.73,27.12,1
14978,DECODE,950,0,950,1331.59,27.54,1
14979,DECODE,948,0,948,1334.67,27.47,1
14980,DECODE,947,0,947,1335.47,27.32,1
14981,DECODE,946,0,946,1337.53,27.29,1
14982,DECODE,944,0,944,1340.60,27.39,1
14983,DECODE,941,0,941,1344.86,27.92,1
14984,DECODE,938,0,938,1348.96,27.36,1
14985,DECODE,937,0,937,1349.96,27.11,1
14986,DECODE,936,0,936,1352.03,27.22,1
14987,DECODE,935,0,935,1352.97,27.60,1
14988,DECODE,933,0,933,1356.15,27.49,1
14989,DECODE,930,0,930,1360.32,27.59,1
14990,DECODE,928,0,928,1363.41,27.10,1
14991,DECODE,926,0,926,1366.50,27.38,1
14992,DECODE,923,0,923,1370.63,27.25,1
14993,DECODE,921,0,921,1373.80,27.21,1
14994,DECODE,918,0,918,1378.04,27.23,1
14995,DECODE,916,0,916,1381.22,27.11,1
14996,DECODE,914,0,914,1384.28,27.07,1
14997,DECODE,912,0,912,1387.30,26.63,1
14998,DECODE,910,0,910,1390.39,28.76,1
14999,DECODE,908,0,908,1393.33,27.04,1
15000,DECODE,907,0,907,1394.36,27.24,1
15001,DECODE,906,0,906,1396.41,27.17,1
15002,DECODE,904,0,904,1399.48,27.00,1
15003,DECODE,902,0,902,1402.57,27.27,1
15004,DECODE,900,0,900,1405.60,27.03,1
15005,DECODE,898,0,898,1408.47,26.86,1
15006,DECODE,897,0,897,1410.47,27.22,1
15007,DECODE,896,0,896,1411.64,26.88,1
15008,DECODE,894,0,894,1414.67,27.11,1
15009,DECODE,893,0,893,1416.73,27.41,1
15010,DECODE,891,0,891,1419.76,27.23,1
15011,DECODE,889,0,889,1422.79,27.09,1
15012,DECODE,888,0,888,1424.72,26.67,1
15013,DECODE,886,0,886,1427.74,27.03,1
15014,DECODE,884,0,884,1430.63,26.47,1
15015,DECODE,883,0,883,1432.63,26.80,1
15016,DECODE,881,0,881,1435.48,27.04,1
15017,DECODE,880,0,880,1436.48,26.36,1
15018,DECODE,879,0,879,1436.71,27.25,1
15019,DECODE,879,0,879,1437.71,27.14,1
15020,DECODE,879,0,879,1438.71,26.66,1
15021,DECODE,878,0,878,1440.64,26.76,1
15022,DECODE,876,0,876,1443.61,27.34,1
15023,DECODE,875,0,875,1445.59,26.81,1
15024,DECODE,873,0,873,1448.48,26.93,1
15025,DECODE,871,0,871,1449.62,26.86,1
15026,DECODE,871,0,871,1450.62,26.88,1
15027,DECODE,871,0,871,1451.62,26.86,1
15028,DECODE,870,0,870,1451.35,26.76,1
15029,DECODE,870,0,870,1452.35,28.15,1
15030,DECODE,869,0,869,1452.08,26.59,1
15031,DECODE,869,0,869,1453.08,26.75,1
15032,DECODE,869,0,869,1454.08,26.71,1
15033,DECODE,868,0,868,1455.17,26.37,1
15034,DECODE,868,0,868,1456.17,26.51,1
15035,DECODE,868,0,868,1457.17,26.05,1
15036,DECODE,866,0,866,1460.15,27.26,1
15037,DECODE,865,0,865,1459.88,26.38,1
15038,DECODE,864,0,864,1460.90,26.79,1
15039,DECODE,863,0,863,1460.63,26.63,1
15040,DECODE,861,0,861,1461.62,26.56,1
15041,DECODE,861,0,861,1462.62,26.50,1
15042,DECODE,861,0,861,1463.62,26.46,1
15043,DECODE,860,0,860,1464.88,26.81,1
15044,DECODE,859,0,859,1465.97,27.35,1
15045,DECODE,859,0,859,1466.97,26.92,1
15046,DECODE,858,0,858,1468.03,26.41,1
15047,DECODE,858,0,858,1469.03,26.61,1
15048,DECODE,858,0,858,1470.03,26.52,1
15049,DECODE,858,0,858,1471.03,26.44,1
15050,DECODE,858,0,858,1472.03,27.65,1
15051,DECODE,858,0,858,1473.03,26.81,1
15052,DECODE,858,0,858,1474.03,26.64,1
15053,DECODE,857,0,857,1475.97,26.76,1
15054,DECODE,856,0,856,1475.70,25.84,1
15055,DECODE,855,0,855,1476.75,26.96,1
15056,DECODE,854,0,854,1476.48,26.66,1
15057,DECODE,854,0,854,1477.48,26.36,1
15058,DECODE,854,0,854,1478.48,26.56,1
15059,DECODE,854,0,854,1479.48,26.47,1
15060,DECODE,854,0,854,1480.48,26.49,1
15061,DECODE,853,0,853,1482.48,26.34,1
15062,DECODE,852,0,852,1484.37,26.15,1
15063,DECODE,851,0,851,1486.34,26.61,1
15064,DECODE,849,0,849,1489.19,26.62,1
15065,DECODE,848,0,848,1491.08,26.45,1
15066,DECODE,847,0,847,1493.02,26.44,1
15067,DECODE,846,0,846,1494.98,26.59,1
15068,DECODE,844,0,844,1497.84,26.38,1
15069,DECODE,843,0,843,1499.63,26.53,1
15070,DECODE,842,0,842,1501.57,26.34,1
15071,DECODE,841,0,841,1503.46,26.60,1
15072,DECODE,840,0,840,1505.37,26.36,1
15073,DECODE,839,0,839,1507.22,26.65,1
15074,DECODE,838,0,838,1509.12,26.55,1
15075,DECODE,837,0,837,1511.04,27.74,1
15076,DECODE,836,0,836,1512.06,26.54,1
15077,DECODE,835,0,835,1513.92,26.52,1
15078,DECODE,834,0,834,1515.83,26.53,1
15079,DECODE,833,0,833,1517.65,26.59,1
15080,DECODE,832,0,832,1519.52,26.50,1
15081,DECODE,831,0,831,1521.35,26.67,1
15082,DECODE,830,0,830,1523.11,26.63,1
15083,DECODE,828,0,828,1523.07,26.24,1
15084,DECODE,828,0,828,1524.07,26.17,1
15085,DECODE,828,0,828,1525.07,26.14,1
15086,DECODE,828,0,828,1526.07,26.04,1
15087,DECODE,828,0,828,1527.07,26.25,1
15088,DECODE,827,0,827,1526.82,26.45,1
15089,DECODE,827,0,827,1527.82,26.49,1
15090,DECODE,826,0,826,1528.94,26.26,1
15091,DECODE,825,0,825,1529.98,26.50,1
15092,DECODE,825,0,825,1530.98,26.49,1
15093,DECODE,825,0,825,1531.98,26.34,1
15094,DECODE,825,0,825,1532.98,26.71,1
15095,DECODE,824,0,824,1534.83,26.24,1
15096,DECODE,823,0,823,1536.67,26.47,1
15097,DECODE,822,0,822,1538.41,26.44,1
15098,DECODE,821,0,821,1540.28,26.43,1
15099,DECODE,820,0,820,1542.06,26.17,1
15100,DECODE,819,0,819,1543.90,26.80,1
15101,DECODE,818,0,818,1545.63,26.79,1
15102,DECODE,817,0,817,1547.39,26.75,1
15103,DECODE,816,0,816,1548.88,26.30,1
15104,DECODE,815,0,815,1550.60,26.50,1
15105,DECODE,815,0,815,1551.60,26.47,1
15106,DECODE,814,0,814,1553.19,26.27,1
15107,DECODE,813,0,813,1554.92,26.20,1
15108,DECODE,812,0,812,1556.59,26.25,1
15109,DECODE,811,0,811,1558.29,26.22,1
15110,DECODE,811,0,811,1559.29,26.61,1
15111,DECODE,810,0,810,1560.99,26.65,1
15112,DECODE,809,0,809,1562.58,26.45,1
15113,DECODE,808,0,808,1564.17,26.18,1
15114,DECODE,807,0,807,1565.79,26.35,1
15115,DECODE,807,0,807,1566.79,26.29,1
15116,DECODE,806,0,806,1567.86,26.25,1
15117,DECODE,806,0,806,1568.86,26.05,1
15118,DECODE,805,0,805,1570.44,26.37,1
15119,DECODE,804,0,804,1572.02,26.11,1
15120,DECODE,803,0,803,1573.66,26.35,1
15121,DECODE,803,0,803,1574.66,26.33,1
15122,DECODE,802,0,802,1576.23,26.06,1
15123,DECODE,801,0,801,1577.83,26.36,1
15124,DECODE,800,0,800,1579.16,25.97,1
15125,DECODE,800,0,800,1580.16,25.85,1
15126,DECODE,799,0,799,1581.67,26.21,1
15127,DECODE,799,0,799,1582.67,26.23,1
15128,DECODE,798,0,798,1584.26,25.93,1
15129,DECODE,797,0,797,1585.81,25.95,1
15130,DECODE,796,0,796,1587.30,25.70,1
15131,DECODE,796,0,796,1588.30,26.27,1
15132,DECODE,795,0,795,1589.84,26.13,1
15133,DECODE,794,0,794,1591.39,26.02,1
15134,DECODE,794,0,794,1592.39,26.04,1
15135,DECODE,793,0,793,1593.85,26.31,1
15136,DECODE,792,0,792,1595.26,26.11,1
15137,DECODE,792,0,792,1596.26,26.29,1
15138,DECODE,791,0,791,1597.66,26.01,1
15139,DECODE,791,0,791,1598.66,25.96,1
15140,DECODE,790,0,790,1599.80,26.08,1
15141,DECODE,789,0,789,1600.88,25.99,1
15142,DECODE,789,0,789,1601.88,25.95,1
15143,DECODE,788,0,788,1603.09,25.82,1
15144,DECODE,788,0,788,1604.09,25.65,1
15145,DECODE,787,0,787,1605.37,26.72,1
15146,DECODE,787,0,787,1606.37,27.01,1
15147,DECODE,786,0,786,1607.67,26.12,1
15148,DECODE,786,0,786,1608.67,25.93,1
15149,DECODE,785,0,785,1609.73,26.21,1
15150,DECODE,785,0,785,1610.73,26.11,1
15151,DECODE,784,0,784,1612.03,25.98,1
15152,DECODE,783,0,783,1613.34,26.25,1
15153,DECODE,783,0,783,1614.34,26.07,1
15154,DECODE,782,0,782,1615.47,26.32,1
15155,DECODE,782,0,782,1616.47,25.95,1
15156,DECODE,781,0,781,1617.64,26.24,1
15157,DECODE,780,0,780,1618.75,25.79,1
15158,DECODE,779,0,779,1619.91,26.18,1
15159,DECODE,779,0,779,1620.91,26.12,1
15160,DECODE,779,0,779,1621.91,26.33,1
15161,DECODE,779,0,779,1622.91,26.13,1
15162,DECODE,778,0,778,1624.09,25.82,1
15163,DECODE,778,0,778,1625.09,26.16,1
15164,DECODE,777,0,777,1626.28,26.31,1
15165,DECODE,777,0,777,1627.28,26.09,1
15166,DECODE,776,0,776,1628.49,25.75,1
15167,DECODE,775,0,775,1629.71,26.18,1
15168,DECODE,774,0,774,1629.51,25.97,1
15169,DECODE,774,0,774,1630.51,25.94,1
15170,DECODE,774,0,774,1631.51,25.91,1
15171,DECODE,774,0,774,1632.51,25.86,1
15172,DECODE,774,0,774,1633.51,25.91,1
15173,DECODE,773,0,773,1634.75,25.92,1
15174,DECODE,772,0,772,1635.66,25.90,1
15175,DECODE,772,0,772,1636.66,25.71,1
15176,DECODE,772,0,772,1637.66,25.57,1
15177,DECODE,771,0,771,1638.91,26.86,1
15178,DECODE,771,0,771,1639.91,26.00,1
15179,DECODE,770,0,770,1641.18,26.05,1
15180,DECODE,769,0,769,1642.46,26.23,1
15181,DECODE,769,0,769,1643.46,26.90,1
15182,DECODE,768,0,768,1644.74,25.86,1
15183,DECODE,767,0,767,1645.81,26.84,1
15184,DECODE,767,0,767,1646.81,26.29,1
15185,DECODE,767,0,767,1647.81,25.97,1
15186,DECODE,766,0,766,1648.88,26.13,1
15187,DECODE,766,0,766,1649.88,25.86,1
15188,DECODE,765,0,765,1651.18,25.90,1
15189,DECODE,765,0,765,1652.18,25.98,1
15190,DECODE,764,0,764,1653.48,25.76,1
15191,DECODE,764,0,764,1654.48,26.05,1
15192,DECODE,763,0,763,1655.79,25.80,1
15193,DECODE,763,0,763,1656.79,25.93,1
15194,DECODE,762,0,762,1658.10,25.79,1
15195,DECODE,761,0,761,1658.91,25.97,1
15196,DECODE,760,0,760,1659.98,25.57,1
15197,DECODE,759,0,759,1661.13,25.80,1
15198,DECODE,758,0,758,1662.15,25.78,1
15199,DECODE,756,0,756,1661.86,25.50,1
15200,DECODE,756,0,756,1662.86,25.60,1
15201,DECODE,756,0,756,1663.86,25.56,1
15202,DECODE,756,0,756,1664.86,25.64,1
15203,DECODE,756,0,756,1665.86,25.84,1
15204,DECODE,755,0,755,1666.96,26.09,1
15205,DECODE,755,0,755,1667.96,26.00,1
15206,DECODE,755,0,755,1668.96,25.92,1
15207,DECODE,753,0,753,1670.08,25.98,1
15208,DECODE,753,0,753,1671.08,25.76,1
15209,DECODE,753,0,753,1672.08,25.75,1
15210,DECODE,753,0,753,1673.08,26.05,1
15211,DECODE,753,0,753,1674.08,25.84,1
15212,DECODE,753,0,753,1675.08,25.88,1
15213,DECODE,753,0,753,1676.08,25.97,1
15214,DECODE,752,0,752,1675.91,25.56,1
15215,DECODE,751,0,751,1677.00,25.98,1
15216,DECODE,751,0,751,1678.00,26.00,1
15217,DECODE,751,0,751,1679.00,26.00,1
15218,DECODE,751,0,751,1680.00,25.97,1
15219,DECODE,751,0,751,1681.00,25.99,1
15220,DECODE,750,0,750,1682.09,25.93,1
15221,DECODE,750,0,750,1683.09,26.03,1
15222,DECODE,750,0,750,1684.09,25.92,1
15223,DECODE,750,0,750,1685.09,25.81,1
15224,DECODE,749,0,749,1686.41,26.02,1
15225,DECODE,748,0,748,1687.53,25.65,1
15226,DECODE,748,0,748,1688.53,25.49,1
15227,DECODE,747,0,747,1689.62,26.34,1
15228,DECODE,746,0,746,1690.67,25.96,1
15229,DECODE,745,0,745,1691.82,26.24,1
15230,DECODE,744,0,744,1691.65,25.46,1
15231,DECODE,744,0,744,1692.65,25.42,1
15232,DECODE,744,0,744,1693.65,25.55,1
15233,DECODE,744,0,744,1694.65,25.55,1
15234,DECODE,744,0,744,1695.65,25.61,1
15235,DECODE,744,0,744,1696.65,25.54,1
15236,DECODE,744,0,744,1697.65,25.69,1
15237,DECODE,743,0,743,1699.00,26.08,1
15238,DECODE,743,0,743,1700.00,25.99,1
15239,DECODE,743,0,743,1701.00,26.08,1
15240,DECODE,742,0,742,1700.84,26.05,1
15241,DECODE,742,0,742,1701.84,25.87,1
15242,DECODE,742,0,742,1702.84,25.75,1
15243,DECODE,742,0,742,1703.84,25.69,1
15244,DECODE,741,0,741,1705.16,26.29,1
15245,DECODE,740,0,740,1705.00,25.68,1
15246,DECODE,740,0,740,1706.00,26.03,1
15247,DECODE,740,0,740,1707.00,25.60,1
15248,DECODE,740,0,740,1708.00,25.61,1
15249,DECODE,739,0,739,1709.33,26.08,1
15250,DECODE,738,0,738,1710.53,25.79,1
15251,DECODE,738,0,738,1711.53,25.79,1
15252,DECODE,738,0,738,1712.53,25.88,1
15253,DECODE,737,0,737,1713.87,26.30,1
15254,DECODE,737,0,737,1714.87,26.27,1
15255,DECODE,736,0,736,1716.22,25.71,1
15256,DECODE,736,0,736,1717.22,25.34,1
15257,DECODE,735,0,735,1718.56,26.13,1
15258,DECODE,735,0,735,1719.56,26.89,1
15259,DECODE,734,0,734,1719.50,25.84,1
15260,DECODE,734,0,734,1720.50,25.72,1
15261,DECODE,734,0,734,1721.50,25.79,1
15262,DECODE,733,0,733,1722.86,26.14,1
15263,DECODE,732,0,732,1723.99,25.64,1
15264,DECODE,732,0,732,1724.99,25.47,1
15265,DECODE,732,0,732,1725.99,25.48,1
15266,DECODE,731,0,731,1727.08,25.80,1
15267,DECODE,731,0,731,1728.08,25.98,1
15268,DECODE,731,0,731,1729.08,26.03,1
15269,DECODE,730,0,730,1729.45,25.95,1
15270,DECODE,730,0,730,1730.45,25.69,1
15271,DECODE,729,0,729,1731.35,25.79,1
15272,DECODE,729,0,729,1732.35,25.87,1
15273,DECODE,729,0,729,1733.35,25.84,1
15274,DECODE,728,0,728,1734.71,25.41,1
15275,DECODE,728,0,728,1735.71,25.48,1
15276,DECODE,727,0,727,1736.81,25.95,1
15277,DECODE,727,0,727,1737.81,26.23,1
15278,DECODE,726,0,726,1737.68,25.96,1
15279,DECODE,726,0,726,1738.68,26.42,1
15280,DECODE,726,0,726,1739.68,25.73,1
15281,DECODE,726,0,726,1740.68,27.11,1
15282,DECODE,725,0,725,1741.80,26.12,1
15283,DECODE,725,0,725,1742.80,25.86,1
15284,DECODE,724,0,724,1743.93,25.86,1
15285,DECODE,724,0,724,1744.93,25.46,1
15286,DECODE,724,0,724,1745.93,25.59,1
15287,DECODE,723,0,723,1747.17,26.15,1
15288,DECODE,723,0,723,1748.17,26.37,1
15289,DECODE,722,0,722,1749.26,26.28,1
15290,DECODE,722,0,722,1750.26,25.91,1
15291,DECODE,721,0,721,1751.53,26.06,1
15292,DECODE,720,0,720,1751.40,25.21,1
15293,DECODE,720,0,720,1752.40,25.21,1
15294,DECODE,720,0,720,1753.40,24.90,1
15295,DECODE,720,0,720,1754.40,25.19,1
15296,DECODE,720,0,720,1755.40,25.38,1
15297,DECODE,719,0,719,1756.66,25.58,1
15298,DECODE,719,0,719,1757.66,25.62,1
15299,DECODE,718,0,718,1758.93,25.33,1
15300,DECODE,718,0,718,1759.93,25.55,1
15301,DECODE,717,0,717,1761.20,25.72,1
15302,DECODE,717,0,717,1762.20,25.65,1
15303,DECODE,716,0,716,1763.48,24.83,1
15304,DECODE,716,0,716,1764.48,31.10,1
15305,DECODE,715,0,715,1765.78,26.72,1
15306,DECODE,715,0,715,1766.78,25.97,1
15307,DECODE,715,0,715,1767.78,25.95,1
15308,DECODE,714,0,714,1769.07,25.79,1
15309,DECODE,714,0,714,1770.07,25.27,1
15310,DECODE,713,0,713,1769.97,25.62,1
15311,DECODE,713,0,713,1770.97,25.71,1
15312,DECODE,712,0,712,1770.86,25.68,1
15313,DECODE,712,0,712,1771.86,25.84,1
15314,DECODE,712,0,712,1772.86,25.47,1
15315,DECODE,712,0,712,1773.86,26.15,1
15316,DECODE,711,0,711,1773.75,25.85,1
15317,DECODE,711,0,711,1774.75,25.53,1
15318,DECODE,711,0,711,1775.75,25.46,1
15319,DECODE,710,0,710,1775.65,25.53,1
15320,DECODE,710,0,710,1776.65,26.12,1
15321,DECODE,709,0,709,1777.81,25.80,1
15322,DECODE,709,0,709,1778.81,25.66,1
15323,DECODE,709,0,709,1779.81,25.73,1
15324,DECODE,709,0,709,1780.81,25.53,1
15325,DECODE,709,0,709,1781.81,25.76,1
15326,DECODE,709,0,709,1782.81,26.09,1
15327,DECODE,708,0,708,1784.10,26.54,1
15328,DECODE,707,0,707,1785.22,25.87,1
15329,DECODE,707,0,707,1786.22,25.96,1
15330,DECODE,707,0,707,1787.22,25.75,1
15331,DECODE,706,0,706,1788.53,25.58,1
15332,DECODE,706,0,706,1789.53,25.52,1
15333,DECODE,705,0,705,1790.84,25.73,1
15334,DECODE,705,0,705,1791.84,25.61,1
15335,DECODE,704,0,704,1791.85,25.83,1
15336,DECODE,703,0,703,1792.98,25.82,1
15337,DECODE,703,0,703,1793.98,25.83,1
15338,DECODE,702,0,702,1793.89,25.64,1
15339,DECODE,702,0,702,1794.89,25.64,1
15340,DECODE,702,0,702,1795.89,25.55,1
15341,DECODE,702,0,702,1796.89,25.50,1
15342,DECODE,702,0,702,1797.89,25.25,1
15343,DECODE,701,0,701,1799.03,25.48,1
15344,DECODE,701,0,701,1800.03,25.78,1
15345,DECODE,701,0,701,1801.03,25.44,1
15346,DECODE,699,0,699,1802.39,25.44,1
15347,DECODE,699,0,699,1803.39,25.49,1
15348,DECODE,699,0,699,1804.39,25.43,1
15349,DECODE,699,0,699,1805.39,25.62,1
15350,DECODE,699,0,699,1806.39,25.50,1
15351,DECODE,699,0,699,1807.39,25.53,1
15352,DECODE,698,0,698,1808.48,25.29,1
15353,DECODE,697,0,697,1809.70,25.43,1
15354,DECODE,697,0,697,1810.70,25.56,1
15355,DECODE,696,0,696,1811.78,25.02,1
15356,DECODE,696,0,696,1812.78,25.18,1
15357,DECODE,696,0,696,1813.78,25.75,1
15358,DECODE,696,0,696,1814.78,25.41,1
15359,DECODE,696,0,696,1815.78,27.37,1
15360,DECODE,695,0,695,1815.71,25.70,1
15361,DECODE,695,0,695,1816.71,25.93,1
15362,DECODE,693,0,693,1818.16,26.44,1
15363,DECODE,693,0,693,1819.16,25.85,1
15364,DECODE,692,0,692,1820.36,24.93,1
15365,DECODE,692,0,692,1821.36,25.56,1
15366,DECODE,692,0,692,1822.36,25.08,1
15367,DECODE,692,0,692,1823.36,25.04,1
15368,DECODE,692,0,692,1824.36,24.95,1
15369,DECODE,692,0,692,1825.36,25.04,1
15370,DECODE,692,0,692,1826.36,25.02,1
15371,DECODE,691,0,691,1826.30,25.02,1
15372,DECODE,691,0,691,1827.30,24.98,1
15373,DECODE,691,0,691,1828.30,25.11,1
15374,DECODE,689,0,689,1828.25,25.03,1
15375,DECODE,689,0,689,1829.25,25.15,1
15376,DECODE,688,0,688,1829.18,25.25,1
15377,DECODE,688,0,688,1830.18,25.11,1
15378,DECODE,687,0,687,1831.34,25.02,1
15379,DECODE,686,0,686,1832.47,25.20,1
15380,DECODE,685,0,685,1832.50,24.78,1
15381,DECODE,685,0,685,1833.50,25.00,1
15382,DECODE,685,0,685,1834.50,25.89,1
15383,DECODE,685,0,685,1835.50,25.24,1
15384,DECODE,685,0,685,1836.50,25.22,1
15385,DECODE,685,0,685,1837.50,25.29,1
15386,DECODE,684,0,684,1838.58,24.90,1
15387,DECODE,684,0,684,1839.58,25.02,1
15388,DECODE,684,0,684,1840.58,24.83,1
15389,DECODE,684,0,684,1841.58,25.04,1
15390,DECODE,684,0,684,1842.58,24.84,1
15391,DECODE,683,0,683,1842.53,25.06,1
15392,DECODE,682,0,682,1843.65,25.13,1
15393,DECODE,682,0,682,1844.65,25.10,1
15394,DECODE,681,0,681,1844.60,25.06,1
15395,DECODE,681,0,681,1845.60,25.52,1
15396,DECODE,679,0,679,1846.76,25.10,1
15397,DECODE,679,0,679,1847.76,25.10,1
15398,DECODE,679,0,679,1848.76,25.16,1
15399,DECODE,679,0,679,1849.76,25.12,1
15400,DECODE,679,0,679,1850.76,24.89,1
15401,DECODE,679,0,679,1851.76,25.61,1
15402,DECODE,679,0,679,1852.76,25.33,1
15403,DECODE,679,0,679,1853.76,25.36,1
15404,DECODE,679,0,679,1854.76,24.96,1
15405,DECODE,678,0,678,1855.82,25.08,1
15406,DECODE,677,0,677,1856.91,25.33,1
15407,DECODE,676,0,676,1857.97,25.04,1
15408,DECODE,676,0,676,1858.97,25.07,1
15409,DECODE,675,0,675,1860.07,25.08,1
15410,DECODE,675,0,675,1861.07,25.05,1
15411,DECODE,674,0,674,1861.03,25.40,1
15412,DECODE,674,0,674,1862.03,25.37,1
15413,DECODE,672,0,672,1862.13,24.78,1
15414,DECODE,672,0,672,1863.13,24.74,1
15415,DECODE,671,0,671,1863.18,25.13,1
15416,DECODE,670,0,670,1864.19,25.30,1
15417,DECODE,670,0,670,1865.19,25.02,1
15418,DECODE,670,0,670,1866.19,25.07,1
15419,DECODE,669,0,669,1866.16,25.11,1
15420,DECODE,669,0,669,1867.16,25.08,1
15421,DECODE,669,0,669,1868.16,24.92,1
15422,DECODE,669,0,669,1869.16,25.11,1
15423,DECODE,669,0,669,1870.16,25.02,1
15424,DECODE,669,0,669,1871.16,25.11,1
15425,DECODE,669,0,669,1872.16,25.20,1
15426,DECODE,669,0,669,1873.16,25.17,1
15427,DECODE,668,0,668,1874.36,24.78,1
15428,DECODE,668,0,668,1875.36,24.95,1
15429,DECODE,667,0,667,1876.21,25.02,1
15430,DECODE,667,0,667,1877.21,25.07,1
15431,DECODE,666,0,666,1877.19,24.96,1
15432,DECODE,666,0,666,1878.19,25.02,1
15433,DECODE,666,0,666,1879.19,24.97,1
15434,DECODE,666,0,666,1880.19,24.96,1
15435,DECODE,666,0,666,1881.19,25.13,1
15436,DECODE,665,0,665,1881.17,24.93,1
15437,DECODE,665,0,665,1882.17,25.22,1
15438,DECODE,665,0,665,1883.17,25.18,1
15439,DECODE,664,0,664,1884.28,24.95,1
15440,DECODE,664,0,664,1885.28,24.68,1
15441,DECODE,664,0,664,1886.28,24.71,1
15442,DECODE,662,0,662,1886.52,24.94,1
15443,DECODE,662,0,662,1887.52,25.67,1
15444,DECODE,662,0,662,1888.52,24.84,1
15445,DECODE,662,0,662,1889.52,25.23,1
15446,DECODE,661,0,661,1889.51,24.93,1
15447,DECODE,660,0,660,1890.58,24.73,1
15448,DECODE,659,0,659,1891.67,24.91,1
15449,DECODE,659,0,659,1892.67,24.71,1
15450,DECODE,659,0,659,1893.67,24.51,1
15451,DECODE,658,0,658,1893.66,24.65,1
15452,DECODE,657,0,657,1894.75,24.67,1
15453,DECODE,657,0,657,1895.75,24.71,1
15454,DECODE,656,0,656,1895.95,25.14,1
15455,DECODE,656,0,656,1896.95,24.68,1
15456,DECODE,656,0,656,1897.95,24.61,1
15457,DECODE,656,0,656,1898.95,24.48,1
15458,DECODE,655,0,655,1898.94,24.54,1
15459,DECODE,655,0,655,1899.94,24.72,1
15460,DECODE,655,0,655,1900.94,24.63,1
15461,DECODE,655,0,655,1901.94,24.68,1
15462,DECODE,655,0,655,1902.94,24.57,1
15463,DECODE,655,0,655,1903.94,24.57,1
15464,DECODE,655,0,655,1904.94,24.71,1
15465,DECODE,655,0,655,1905.94,24.80,1
15466,DECODE,654,0,654,1907.04,24.60,1
15467,DECODE,653,0,653,1908.24,24.48,1
15468,DECODE,653,0,653,1909.24,24.61,1
15469,DECODE,653,0,653,1910.24,24.60,1
15470,DECODE,653,0,653,1911.24,24.53,1
15471,DECODE,653,0,653,1912.24,24.55,1
15472,DECODE,653,0,653,1913.24,24.70,1
15473,DECODE,653,0,653,1914.24,24.86,1
15474,DECODE,653,0,653,1915.24,24.78,1
15475,DECODE,653,0,653,1916.24,24.76,1
15476,DECODE,652,0,652,1916.26,24.27,1
15477,DECODE,652,0,652,1917.26,24.73,1
15478,DECODE,652,0,652,1918.26,25.24,1
15479,DECODE,652,0,652,1919.26,24.47,1
15480,DECODE,652,0,652,1920.26,24.48,1
15481,DECODE,652,0,652,1921.26,24.70,1
15482,DECODE,651,0,651,1921.62,24.83,1
15483,DECODE,651,0,651,1922.62,24.78,1
15484,DECODE,650,0,650,1922.64,24.67,1
15485,DECODE,650,0,650,1923.64,25.75,1
15486,DECODE,650,0,650,1924.64,24.74,1
15487,DECODE,650,0,650,1925.64,24.67,1
15488,DECODE,650,0,650,1926.64,24.73,1
15489,DECODE,650,0,650,1927.64,25.03,1
15490,DECODE,650,0,650,1928.64,24.78,1
15491,DECODE,650,0,650,1929.64,24.68,1
15492,DECODE,650,0,650,1930.64,24.84,1
15493,DECODE,649,0,649,1930.67,24.73,1
15494,DECODE,648,0,648,1931.76,24.45,1
15495,DECODE,648,0,648,1932.76,24.13,1
15496,DECODE,648,0,648,1933.76,24.21,1
15497,DECODE,647,0,647,1933.80,24.67,1
15498,DECODE,647,0,647,1934.80,24.74,1
15499,DECODE,646,0,646,1935.93,24.64,1
15500,DECODE,646,0,646,1936.93,25.23,1
15501,DECODE,646,0,646,1937.93,24.91,1
15502,DECODE,646,0,646,1938.93,24.56,1
15503,DECODE,646,0,646,1939.93,24.70,1
15504,DECODE,646,0,646,1940.93,24.57,1
15505,DECODE,646,0,646,1941.93,24.81,1
15506,DECODE,646,0,646,1942.93,24.78,1
15507,DECODE,646,0,646,1943.93,24.76,1
15508,DECODE,646,0,646,1944.93,25.29,1
15509,DECODE,646,0,646,1945.93,24.76,1
15510,DECODE,646,0,646,1946.93,24.78,1
15511,DECODE,645,0,645,1948.13,24.84,1
15512,DECODE,645,0,645,1949.13,25.05,1
15513,DECODE,645,0,645,1950.13,24.71,1
15514,DECODE,644,0,644,1950.19,24.59,1
15515,DECODE,644,0,644,1951.19,26.80,1
15516,DECODE,644,0,644,1952.19,24.77,1
15517,DECODE,644,0,644,1953.19,24.49,1
15518,DECODE,644,0,644,1954.19,24.54,1
15519,DECODE,644,0,644,1955.19,24.59,1
15520,DECODE,644,0,644,1956.19,24.43,1
15521,DECODE,644,0,644,1957.19,24.61,1
15522,DECODE,644,0,644,1958.19,24.68,1
15523,DECODE,643,0,643,1959.25,24.85,1
15524,DECODE,643,0,643,1960.25,24.87,1
15525,DECODE,643,0,643,1961.25,25.40,1
15526,DECODE,643,0,643,1962.25,25.13,1
15527,DECODE,641,0,641,1963.76,24.74,1
15528,DECODE,641,0,641,1964.76,24.87,1
15529,DECODE,641,0,641,1965.76,24.69,1
15530,DECODE,641,0,641,1966.76,25.04,1
15531,DECODE,640,0,640,1967.79,24.32,1
15532,DECODE,640,0,640,1968.79,24.48,1
15533,DECODE,640,0,640,1969.79,24.42,1
15534,DECODE,640,0,640,1970.79,24.33,1
15535,DECODE,640,0,640,1971.79,24.54,1
15536,DECODE,639,0,639,1972.92,24.56,1
15537,DECODE,639,0,639,1973.92,24.72,1
15538,DECODE,639,0,639,1974.92,24.68,1
15539,DECODE,639,0,639,1975.92,24.61,1
15540,DECODE,638,0,638,1976.97,24.67,1
15541,DECODE,638,0,638,1977.97,24.77,1
15542,DECODE,638,0,638,1978.97,24.53,1
15543,DECODE,637,0,637,1980.05,24.53,1
15544,DECODE,636,0,636,1981.12,24.66,1
15545,DECODE,636,0,636,1982.12,24.37,1
15546,DECODE,635,0,635,1983.44,24.62,1
15547,DECODE,635,0,635,1984.44,24.64,1
15548,DECODE,635,0,635,1985.44,24.60,1
15549,DECODE,635,0,635,1986.44,24.49,1
15550,DECODE,635,0,635,1987.44,26.03,1
15551,DECODE,634,0,634,1988.49,24.61,1
15552,DECODE,634,0,634,1989.49,24.46,1
15553,DECODE,634,0,634,1990.49,24.33,1
15554,DECODE,634,0,634,1991.49,24.39,1
15555,DECODE,633,0,633,1991.59,24.41,1
15556,DECODE,632,0,632,1992.68,24.21,1
15557,DECODE,632,0,632,1993.68,24.18,1
15558,DECODE,632,0,632,1994.68,24.23,1
15559,DECODE,631,0,631,1995.74,24.46,1
15560,DECODE,631,0,631,1996.74,24.39,1
15561,DECODE,631,0,631,1997.74,24.46,1
15562,DECODE,630,0,630,1998.69,24.42,1
15563,DECODE,630,0,630,1999.69,24.26,1
15564,DECODE,630,0,630,2000.69,24.50,1
15565,DECODE,630,0,630,2001.69,24.43,1
15566,DECODE,630,0,630,2002.69,24.44,1
15567,DECODE,630,0,630,2003.69,24.44,1
15568,DECODE,630,0,630,2004.69,24.46,1
15569,DECODE,629,0,629,2005.69,24.59,1
15570,DECODE,629,0,629,2006.69,24.46,1
15571,DECODE,629,0,629,2007.69,24.35,1
15572,DECODE,629,0,629,2008.69,24.66,1
15573,DECODE,628,0,628,2010.01,25.08,1
15574,DECODE,628,0,628,2011.01,24.33,1
15575,DECODE,627,0,627,2012.34,24.51,1
15576,DECODE,627,0,627,2013.34,24.57,1
15577,DECODE,627,0,627,2014.34,24.45,1
15578,DECODE,626,0,626,2015.68,24.53,1
15579,DECODE,626,0,626,2016.68,24.54,1
15580,DECODE,626,0,626,2017.68,24.55,1
15581,DECODE,625,0,625,2019.03,24.58,1
15582,DECODE,625,0,625,2020.03,24.65,1
15583,DECODE,623,0,623,2020.34,24.49,1
15584,DECODE,623,0,623,2021.34,24.52,1
15585,DECODE,622,0,622,2021.47,24.35,1
15586,DECODE,622,0,622,2022.47,24.39,1
15587,DECODE,622,0,622,2023.47,24.41,1
15588,DECODE,622,0,622,2024.47,24.53,1
15589,DECODE,622,0,622,2025.47,24.31,1
15590,DECODE,622,0,622,2026.47,26.02,1
15591,DECODE,622,0,622,2027.47,24.47,1
15592,DECODE,621,0,621,2027.61,24.45,1
15593,DECODE,621,0,621,2028.61,24.27,1
15594,DECODE,621,0,621,2029.61,24.53,1
15595,DECODE,621,0,621,2030.61,24.42,1
15596,DECODE,620,0,620,2031.61,24.24,1
15597,DECODE,620,0,620,2032.61,24.52,1
15598,DECODE,619,0,619,2032.76,24.39,1
15599,DECODE,618,0,618,2032.91,24.60,1
15600,DECODE,618,0,618,2033.91,24.40,1
15601,DECODE,616,0,616,2034.37,24.63,1
15602,DECODE,616,0,616,2035.37,24.68,1
15603,DECODE,616,0,616,2036.37,24.31,1
15604,DECODE,616,0,616,2037.37,24.41,1
15605,DECODE,616,0,616,2038.37,24.88,1
15606,DECODE,615,0,615,2039.18,24.89,1
15607,DECODE,614,0,614,2040.25,24.65,1
15608,DECODE,614,0,614,2041.25,24.55,1
15609,DECODE,614,0,614,2042.25,24.38,1
15610,DECODE,614,0,614,2043.25,25.58,1
15611,DECODE,614,0,614,2044.25,24.63,1
15612,DECODE,614,0,614,2045.25,24.76,1
15613,DECODE,614,0,614,2046.25,24.52,1
15614,DECODE,614,0,614,2047.25,25.16,1
15615,DECODE,613,0,613,2047.42,24.71,1
15616,DECODE,612,0,612,2048.52,24.24,1
15617,DECODE,611,0,611,2049.66,24.42,1
15618,DECODE,611,0,611,2050.66,24.80,1
15619,DECODE,610,0,610,2051.92,24.83,1
15620,DECODE,609,0,609,2052.08,24.38,1
15621,DECODE,607,0,607,2053.26,24.66,1
15622,DECODE,605,0,605,2053.46,24.79,1
15623,DECODE,603,0,603,2054.75,24.45,1
15624,DECODE,603,0,603,2055.75,24.52,1
15625,DECODE,603,0,603,2056.75,24.60,1
15626,DECODE,603,0,603,2057.75,24.61,1
15627,DECODE,601,0,601,2058.68,24.66,1
15628,DECODE,601,0,601,2059.68,25.75,1
15629,DECODE,601,0,601,2060.68,24.52,1
15630,DECODE,601,0,601,2061.68,24.85,1
15631,DECODE,600,0,600,2061.85,23.97,1
15632,DECODE,600,0,600,2062.85,24.38,1
15633,DECODE,600,0,600,2063.85,24.56,1
15634,DECODE,598,0,598,2063.82,24.98,1
15635,DECODE,597,0,597,2063.99,24.51,1
15636,DECODE,596,0,596,2064.15,23.96,1
15637,DECODE,596,0,596,2065.15,24.25,1
15638,DECODE,596,0,596,2066.15,24.14,1
15639,DECODE,596,0,596,2067.15,24.36,1
15640,DECODE,596,0,596,2068.15,24.04,1
15641,DECODE,596,0,596,2069.15,24.19,1
15642,DECODE,596,0,596,2070.15,24.11,1
15643,DECODE,596,0,596,2071.15,24.18,1
15644,DECODE,596,0,596,2072.15,24.12,1
15645,DECODE,596,0,596,2073.15,24.11,1
15646,DECODE,596,0,596,2074.15,24.23,1
15647,DECODE,595,0,595,2075.22,24.65,1
15648,DECODE,594,0,594,2075.40,24.09,1
15649,DECODE,593,0,593,2075.58,23.86,1
15650,DECODE,593,0,593,2076.58,24.15,1
15651,DECODE,592,0,592,2076.77,23.72,1
15652,DECODE,592,0,592,2077.77,23.81,1
15653,DECODE,592,0,592,2078.77,23.81,1
15654,DECODE,591,0,591,2079.89,23.81,1
15655,DECODE,591,0,591,2080.89,23.96,1
15656,DECODE,591,0,591,2081.89,24.01,1
15657,DECODE,590,0,590,2082.08,24.03,1
15658,DECODE,590,0,590,2083.08,24.36,1
15659,DECODE,590,0,590,2084.08,23.96,1
15660,DECODE,590,0,590,2085.08,23.92,1
15661,DECODE,590,0,590,2086.08,24.01,1
15662,DECODE,590,0,590,2087.08,24.00,1
15663,DECODE,590,0,590,2088.08,24.07,1
15664,DECODE,590,0,590,2089.08,24.04,1
15665,DECODE,590,0,590,2090.08,24.16,1
15666,DECODE,590,0,590,2091.08,24.05,1
15667,DECODE,590,0,590,2092.08,24.13,1
15668,DECODE,590,0,590,2093.08,23.99,1
15669,DECODE,590,0,590,2094.08,24.05,1
15670,DECODE,589,0,589,2095.18,24.07,1
15671,DECODE,589,0,589,2096.18,23.97,1
15672,DECODE,588,0,588,2097.20,23.76,1
15673,DECODE,588,0,588,2098.20,23.85,1
15674,DECODE,588,0,588,2099.20,23.75,1
15675,DECODE,588,0,588,2100.20,23.81,1
15676,DECODE,587,0,587,2101.24,23.99,1
15677,DECODE,586,0,586,2102.34,23.98,1
15678,DECODE,586,0,586,2103.34,24.03,1
15679,DECODE,586,0,586,2104.34,24.07,1
15680,DECODE,586,0,586,2105.34,23.96,1
15681,DECODE,586,0,586,2106.34,24.18,1
15682,DECODE,586,0,586,2107.34,24.05,1
15683,DECODE,586,0,586,2108.34,24.03,1
15684,DECODE,585,0,585,2109.25,23.85,1
15685,DECODE,585,0,585,2110.25,24.27,1
15686,DECODE,584,0,584,2110.48,23.75,1
15687,DECODE,584,0,584,2111.48,23.74,1
15688,DECODE,584,0,584,2112.48,23.70,1
15689,DECODE,584,0,584,2113.48,23.82,1
15690,DECODE,584,0,584,2114.48,23.78,1
15691,DECODE,583,0,583,2114.72,23.92,1
15692,DECODE,583,0,583,2115.72,24.44,1
15693,DECODE,583,0,583,2116.72,24.15,1
15694,DECODE,583,0,583,2117.72,24.01,1
15695,DECODE,583,0,583,2118.72,23.98,1
15696,DECODE,583,0,583,2119.72,24.06,1
15697,DECODE,583,0,583,2120.72,24.12,1
15698,DECODE,582,0,582,2121.66,30.10,1
15699,DECODE,582,0,582,2122.66,27.91,1
15700,DECODE,582,0,582,2123.66,24.64,1
15701,DECODE,582,0,582,2124.66,24.01,1
15702,DECODE,582,0,582,2125.66,23.94,1
15703,DECODE,582,0,582,2126.66,24.08,1
15704,DECODE,582,0,582,2127.66,25.63,1
15705,DECODE,582,0,582,2128.66,24.24,1
15706,DECODE,582,0,582,2129.66,23.96,1
15707,DECODE,582,0,582,2130.66,24.15,1
15708,DECODE,582,0,582,2131.66,24.50,1
15709,DECODE,582,0,582,2132.66,24.07,1
15710,DECODE,582,0,582,2133.66,24.07,1
15711,DECODE,582,0,582,2134.66,24.06,1
15712,DECODE,582,0,582,2135.66,24.17,1
15713,DECODE,582,0,582,2136.66,24.24,1
15714,DECODE,581,0,581,2137.78,24.70,1
15715,DECODE,581,0,581,2138.78,24.05,1
15716,DECODE,580,0,580,2139.05,23.89,1
15717,DECODE,580,0,580,2140.05,24.10,1
15718,DECODE,580,0,580,2141.05,23.74,1
15719,DECODE,580,0,580,2142.05,23.93,1
15720,DECODE,580,0,580,2143.05,23.89,1
15721,DECODE,580,0,580,2144.05,23.84,1
15722,DECODE,580,0,580,2145.05,24.00,1
15723,DECODE,580,0,580,2146.05,24.05,1
15724,DECODE,580,0,580,2147.05,28.19,1
15725,DECODE,579,0,579,2147.34,27.77,1
15726,DECODE,579,0,579,2148.34,24.20,1
15727,DECODE,579,0,579,2149.34,24.17,1
15728,DECODE,579,0,579,2150.34,24.18,1
15729,DECODE,579,0,579,2151.34,24.03,1
15730,DECODE,578,0,578,2152.50,24.00,1
15731,DECODE,578,0,578,2153.50,24.18,1
15732,DECODE,578,0,578,2154.50,24.09,1
15733,DECODE,578,0,578,2155.50,24.13,1
15734,DECODE,578,0,578,2156.50,24.12,1
15735,DECODE,578,0,578,2157.50,24.08,1
15736,DECODE,578,0,578,2158.50,24.18,1
15737,DECODE,578,0,578,2159.50,24.54,1
15738,DECODE,578,0,578,2160.50,24.63,1
15739,DECODE,578,0,578,2161.50,24.40,1
15740,DECODE,578,0,578,2162.50,24.17,1
15741,DECODE,578,0,578,2163.50,24.19,1
15742,DECODE,577,0,577,2164.60,24.10,1
15743,DECODE,577,0,577,2165.60,24.44,1
15744,DECODE,577,0,577,2166.60,24.45,1
15745,DECODE,577,0,577,2167.60,24.29,1
15746,DECODE,577,0,577,2168.60,25.75,1
15747,DECODE,577,0,577,2169.60,24.58,1
15748,DECODE,577,0,577,2170.60,24.90,1
15749,DECODE,577,0,577,2171.60,24.28,1
15750,DECODE,577,0,577,2172.60,24.27,1
15751,DECODE,577,0,577,2173.60,24.46,1
15752,DECODE,577,0,577,2174.60,24.25,1
15753,DECODE,576,0,576,2175.58,24.13,1
15754,DECODE,576,0,576,2176.58,24.34,1
15755,DECODE,576,0,576,2177.58,24.18,1
15756,DECODE,576,0,576,2178.58,24.13,1
15757,DECODE,576,0,576,2179.58,23.98,1
15758,DECODE,576,0,576,2180.58,24.06,1
15759,DECODE,576,0,576,2181.58,25.40,1
15760,DECODE,576,0,576,2182.58,23.98,1
15761,DECODE,576,0,576,2183.58,24.11,1
15762,DECODE,576,0,576,2184.58,24.04,1
15763,DECODE,574,0,574,2185.10,24.40,1
15764,DECODE,574,0,574,2186.10,24.37,1
15765,DECODE,574,0,574,2187.10,24.23,1
15766,DECODE,574,0,574,2188.10,24.38,1
15767,DECODE,574,0,574,2189.10,24.25,1
15768,DECODE,574,0,574,2190.10,24.25,1
15769,DECODE,574,0,574,2191.10,24.21,1
15770,DECODE,574,0,574,2192.10,24.50,1
15771,DECODE,574,0,574,2193.10,24.33,1
15772,DECODE,574,0,574,2194.10,24.35,1
15773,DECODE,573,0,573,2195.27,24.35,1
15774,DECODE,573,0,573,2196.27,24.36,1
15775,DECODE,573,0,573,2197.27,24.28,1
15776,DECODE,573,0,573,2198.27,24.23,1
15777,DECODE,573,0,573,2199.27,24.41,1
15778,DECODE,573,0,573,2200.27,24.29,1
15779,DECODE,573,0,573,2201.27,24.30,1
15780,DECODE,572,0,572,2202.13,24.24,1
15781,DECODE,572,0,572,2203.13,24.53,1
15782,DECODE,572,0,572,2204.13,24.14,1
15783,DECODE,572,0,572,2205.13,24.01,1
15784,DECODE,572,0,572,2206.13,24.11,1
15785,DECODE,572,0,572,2207.13,24.06,1
15786,DECODE,572,0,572,2208.13,24.10,1
15787,DECODE,571,0,571,2209.49,24.58,1
15788,DECODE,571,0,571,2210.49,24.68,1
15789,DECODE,571,0,571,2211.49,24.26,1
15790,DECODE,570,0,570,2212.59,24.26,1
15791,DECODE,570,0,570,2213.59,24.38,1
15792,DECODE,570,0,570,2214.59,24.13,1
15793,DECODE,570,0,570,2215.59,24.20,1
15794,DECODE,569,0,569,2216.95,24.42,1
15795,DECODE,569,0,569,2217.95,24.45,1
15796,DECODE,569,0,569,2218.95,24.47,1
15797,DECODE,568,0,568,2219.35,24.19,1
15798,DECODE,568,0,568,2220.35,24.18,1
15799,DECODE,568,0,568,2221.35,24.04,1
15800,DECODE,568,0,568,2222.35,24.25,1
15801,DECODE,568,0,568,2223.35,24.22,1
15802,DECODE,567,0,567,2224.32,24.50,1
15803,DECODE,567,0,567,2225.32,24.34,1
15804,DECODE,567,0,567,2226.32,24.10,1
15805,DECODE,566,0,566,2227.20,24.30,1
15806,DECODE,566,0,566,2228.20,24.46,1
15807,DECODE,566,0,566,2229.20,24.17,1
15808,DECODE,566,0,566,2230.20,24.45,1
15809,DECODE,566,0,566,2231.20,24.38,1
15810,DECODE,565,0,565,2232.57,24.48,1
15811,DECODE,565,0,565,2233.57,24.41,1
15812,DECODE,565,0,565,2234.57,24.25,1
15813,DECODE,564,0,564,2235.94,24.15,1
15814,DECODE,564,0,564,2236.94,24.16,1
15815,DECODE,564,0,564,2237.94,24.12,1
15816,DECODE,564,0,564,2238.94,24.42,1
15817,DECODE,563,0,563,2239.94,24.68,1
15818,DECODE,563,0,563,2240.94,24.60,1
15819,DECODE,563,0,563,2241.94,24.27,1
15820,DECODE,563,0,563,2242.94,24.22,1
15821,DECODE,562,0,562,2244.14,24.43,1
15822,DECODE,562,0,562,2245.14,24.41,1
15823,DECODE,561,0,561,2246.34,24.21,1
15824,DECODE,561,0,561,2247.34,24.25,1
15825,DECODE,560,0,560,2247.78,23.90,1
15826,DECODE,560,0,560,2248.78,24.04,1
15827,DECODE,560,0,560,2249.78,25.89,1
15828,DECODE,560,0,560,2250.78,23.98,1
15829,DECODE,559,0,559,2251.23,24.08,1
15830,DECODE,559,0,559,2252.23,24.03,1
15831,DECODE,559,0,559,2253.23,24.18,1
15832,DECODE,559,0,559,2254.23,24.00,1
15833,DECODE,559,0,559,2255.23,24.25,1
15834,DECODE,559,0,559,2256.23,24.11,1
15835,DECODE,559,0,559,2257.23,24.31,1
15836,DECODE,558,0,558,2257.69,23.96,1
15837,DECODE,558,0,558,2258.69,24.10,1
15838,DECODE,557,0,557,2259.59,24.24,1
15839,DECODE,556,0,556,2260.60,23.99,1
15840,DECODE,555,0,555,2261.67,24.34,1
15841,DECODE,554,0,554,2262.70,24.22,1
15842,DECODE,554,0,554,2263.70,24.21,1
15843,DECODE,554,0,554,2264.70,24.03,1
15844,DECODE,553,0,553,2265.46,24.21,1
15845,DECODE,553,0,553,2266.46,24.08,1
15846,DECODE,553,0,553,2267.46,23.95,1
15847,DECODE,553,0,553,2268.46,23.99,1
15848,DECODE,553,0,553,2269.46,24.14,1
15849,DECODE,553,0,553,2270.46,24.10,1
15850,DECODE,552,0,552,2271.40,24.04,1
15851,DECODE,551,0,551,2271.88,24.04,1
15852,DECODE,551,0,551,2272.88,24.02,1
15853,DECODE,550,0,550,2273.93,23.97,1
15854,DECODE,550,0,550,2274.93,24.18,1
15855,DECODE,550,0,550,2275.93,24.03,1
15856,DECODE,550,0,550,2276.93,24.15,1
15857,DECODE,550,0,550,2277.93,24.00,1
15858,DECODE,550,0,550,2278.93,24.10,1
15859,DECODE,550,0,550,2279.93,24.18,1
15860,DECODE,550,0,550,2280.93,24.18,1
15861,DECODE,550,0,550,2281.93,24.06,1
15862,DECODE,550,0,550,2282.93,24.22,1
15863,DECODE,550,0,550,2283.93,24.24,1
15864,DECODE,550,0,550,2284.93,24.16,1
15865,DECODE,550,0,550,2285.93,24.12,1
15866,DECODE,549,0,549,2287.07,24.05,1
15867,DECODE,549,0,549,2288.07,24.28,1
15868,DECODE,549,0,549,2289.07,24.60,1
15869,DECODE,548,0,548,2290.16,24.24,1
15870,DECODE,548,0,548,2291.16,24.18,1
15871,DECODE,548,0,548,2292.16,23.93,1
15872,DECODE,548,0,548,2293.16,23.98,1
15873,DECODE,548,0,548,2294.16,23.94,1
15874,DECODE,548,0,548,2295.16,24.11,1
15875,DECODE,548,0,548,2296.16,23.98,1
15876,DECODE,548,0,548,2297.16,24.16,1
15877,DECODE,548,0,548,2298.16,24.00,1
15878,DECODE,548,0,548,2299.16,24.32,1
15879,DECODE,547,0,547,2299.69,24.42,1
15880,DECODE,547,0,547,2300.69,24.33,1
15881,DECODE,545,0,545,2302.10,24.17,1
15882,DECODE,545,0,545,2303.10,24.51,1
15883,DECODE,545,0,545,2304.10,24.15,1
15884,DECODE,545,0,545,2305.10,24.06,1
15885,DECODE,545,0,545,2306.10,24.19,1
15886,DECODE,545,0,545,2307.10,24.23,1
15887,DECODE,545,0,545,2308.10,24.11,1
15888,DECODE,545,0,545,2309.10,24.13,1
15889,DECODE,545,0,545,2310.10,24.30,1
15890,DECODE,545,0,545,2311.10,24.46,1
15891,DECODE,545,0,545,2312.10,24.21,1
15892,DECODE,545,0,545,2313.10,24.17,1
15893,DECODE,545,0,545,2314.10,24.23,1
15894,DECODE,545,0,545,2315.10,24.32,1
15895,DECODE,545,0,545,2316.10,24.26,1
15896,DECODE,545,0,545,2317.10,24.11,1
15897,DECODE,544,0,544,2318.33,24.30,1
15898,DECODE,543,0,543,2319.52,24.52,1
15899,DECODE,543,0,543,2320.52,24.07,1
15900,DECODE,543,0,543,2321.52,24.20,1
15901,DECODE,543,0,543,2322.52,24.20,1
15902,DECODE,543,0,543,2323.52,24.29,1
15903,DECODE,543,0,543,2324.52,28.34,1
15904,DECODE,542,0,542,2325.54,24.56,1
15905,DECODE,542,0,542,2326.54,24.50,1
15906,DECODE,542,0,542,2327.54,24.55,1
15907,DECODE,542,0,542,2328.54,24.35,1
15908,DECODE,542,0,542,2329.54,24.37,1
15909,DECODE,541,0,541,2330.78,24.40,1
15910,DECODE,541,0,541,2331.78,24.34,1
15911,DECODE,541,0,541,2332.78,24.38,1
15912,DECODE,540,0,540,2333.81,24.02,1
15913,DECODE,540,0,540,2334.81,24.01,1
15914,DECODE,540,0,540,2335.81,24.27,1
15915,DECODE,540,0,540,2336.81,24.03,1
15916,DECODE,540,0,540,2337.81,24.21,1
15917,DECODE,539,0,539,2339.05,24.36,1
15918,DECODE,539,0,539,2340.05,24.38,1
15919,DECODE,538,0,538,2341.14,24.35,1
15920,DECODE,538,0,538,2342.14,24.50,1
15921,DECODE,538,0,538,2343.14,24.45,1
15922,DECODE,538,0,538,2344.14,24.63,1
15923,DECODE,537,0,537,2344.73,24.54,1
15924,DECODE,537,0,537,2345.73,24.50,1
15925,DECODE,537,0,537,2346.73,24.36,1
15926,DECODE,537,0,537,2347.73,24.75,1
15927,DECODE,536,0,536,2348.34,24.16,1
15928,DECODE,536,0,536,2349.34,24.23,1
15929,DECODE,536,0,536,2350.34,24.52,1
15930,DECODE,535,0,535,2350.95,24.61,1
15931,DECODE,534,0,534,2351.55,24.39,1
15932,DECODE,534,0,534,2352.55,25.26,1
15933,DECODE,532,0,532,2353.11,24.42,1
15934,DECODE,531,0,531,2353.72,24.76,1
15935,DECODE,527,0,527,2354.00,23.91,1
15936,DECODE,527,0,527,2355.00,23.69,1
15937,DECODE,527,0,527,2356.00,23.71,1
15938,DECODE,526,0,526,2356.61,23.71,1
15939,DECODE,525,0,525,2357.23,23.85,1
15940,DECODE,525,0,525,2358.23,23.84,1
15941,DECODE,523,0,523,2358.46,23.73,1
15942,DECODE,521,0,521,2359.40,23.54,1
15943,DECODE,520,0,520,2360.37,23.69,1
15944,DECODE,520,0,520,2361.37,23.40,1
15945,DECODE,520,0,520,2362.37,24.58,1
15946,DECODE,520,0,520,2363.37,23.00,1
15947,DECODE,520,0,520,2364.37,23.27,1
15948,DECODE,520,0,520,2365.37,23.25,1
15949,DECODE,519,0,519,2365.99,23.65,1
15950,DECODE,519,0,519,2366.99,25.19,1
15951,DECODE,519,0,519,2367.99,23.30,1
15952,DECODE,519,0,519,2368.99,23.29,1
15953,DECODE,518,0,518,2369.62,23.29,1
15954,DECODE,518,0,518,2370.62,23.60,1
15955,DECODE,518,0,518,2371.62,23.29,1
15956,DECODE,518,0,518,2372.62,23.38,1
15957,DECODE,516,0,516,2372.90,23.34,1
15958,DECODE,516,0,516,2373.90,23.13,1
15959,DECODE,516,0,516,2374.90,23.08,1
15960,DECODE,515,0,515,2375.91,23.48,1
15961,DECODE,515,0,515,2376.91,23.27,1
15962,DECODE,514,0,514,2377.55,23.32,1
15963,DECODE,513,0,513,2378.61,23.30,1
15964,DECODE,513,0,513,2379.61,23.31,1
15965,DECODE,512,0,512,2380.26,22.12,1
15966,DECODE,512,0,512,2381.26,22.02,1
15967,DECODE,512,0,512,2382.26,22.18,1
15968,DECODE,510,0,510,2382.80,22.20,1
15969,DECODE,509,0,509,2383.46,22.36,1
15970,DECODE,509,0,509,2384.46,22.21,1
15971,DECODE,507,0,507,2384.76,22.08,1
15972,DECODE,507,0,507,2385.76,22.12,1
15973,DECODE,507,0,507,2386.76,22.00,1
15974,DECODE,507,0,507,2387.76,22.02,1
15975,DECODE,507,0,507,2388.76,22.03,1
15976,DECODE,506,0,506,2389.42,21.86,1
15977,DECODE,504,0,504,2389.75,21.70,1
15978,DECODE,503,0,503,2390.41,21.77,1
15979,DECODE,502,0,502,2391.07,21.75,1
15980,DECODE,499,0,499,2391.31,21.75,1
15981,DECODE,498,0,498,2391.97,23.56,1
15982,DECODE,498,0,498,2392.97,23.25,1
15983,DECODE,498,0,498,2393.97,23.09,1
15984,DECODE,498,0,498,2394.97,22.83,1
15985,DECODE,497,0,497,2396.03,23.28,1
15986,DECODE,497,0,497,2397.03,23.45,1
15987,DECODE,495,0,495,2397.37,24.93,1
15988,EXTEND,3,255,0,89.33,46.38,1
15989,DECODE,496,0,496,2383.76,21.29,1
15990,EXTEND,2,142,0,76.00,34.61,1
15991,DECODE,498,0,498,2375.49,21.60,1
15992,DECODE,498,0,498,2376.49,22.11,1
15993,DECODE,496,0,496,2376.75,23.09,1
15994,EXTEND,2,109,0,61.00,29.19,1
15995,DECODE,496,0,496,2367.68,21.34,1
15996,EXTEND,3,354,0,123.67,31.02,1
15997,DECODE,499,0,499,2355.19,21.52,1
15998,DECODE,499,0,499,2356.19,21.61,1
15999,DECODE,498,0,498,2356.78,22.16,1
16000,EXTEND,1,117,0,121.00,27.45,1
16001,DECODE,499,0,499,2353.30,21.67,1
16002,DECODE,499,0,499,2354.30,21.64,1
16003,DECODE,498,0,498,2354.88,21.93,1
16004,EXTEND,1,45,0,55.00,32.81,1
16005,DECODE,498,0,498,2350.86,21.46,1
16006,EXTEND,1,101,0,106.00,23.00,1
16007,DECODE,498,0,498,2346.93,21.45,1
16008,EXTEND,2,292,0,150.00,16.35,1
16009,DECODE,499,0,499,2339.06,21.41,1
16010,EXTEND,1,153,0,158.00,23.64,1
16011,DECODE,500,0,500,2335.70,21.40,1
16012,DECODE,500,0,500,2336.70,21.63,1
16013,DECODE,497,0,497,2336.68,21.83,1
16014,EXTEND,3,467,0,161.00,24.30,1
16015,DECODE,499,0,499,2324.15,21.48,1
16016,EXTEND,2,94,0,52.00,26.80,1
16017,DECODE,500,0,500,2315.59,21.47,1
16018,EXTEND,1,27,0,34.00,21.36,1
16019,DECODE,501,0,501,2312.04,21.57,1
16020,DECODE,501,0,501,2313.04,21.71,1
16021,DECODE,501,0,501,2314.04,22.83,1
16022,DECODE,501,0,501,2315.04,22.90,1
16023,DECODE,499,0,499,2315.06,22.45,1
16024,EXTEND,4,239,0,64.75,30.57,1
16025,DECODE,500,0,500,2297.33,21.73,1
16026,EXTEND,2,124,0,66.50,30.81,1
16027,DECODE,502,0,502,2289.44,21.42,1
16028,DECODE,502,0,502,2290.44,22.83,1
16029,DECODE,502,0,502,2291.44,21.81,1
16030,DECODE,500,0,500,2291.36,21.95,1
16031,EXTEND,3,245,0,86.33,17.55,1
16032,DECODE,502,0,502,2278.65,21.64,1
16033,EXTEND,1,67,0,72.00,16.55,1
16034,DECODE,502,0,502,2274.97,21.52,1
16035,EXTEND,1,88,0,95.00,16.12,1
16036,DECODE,503,0,503,2271.63,21.42,1
16037,DECODE,503,0,503,2272.63,21.69,1
16038,DECODE,502,0,502,2273.63,22.06,1
16039,EXTEND,1,47,0,55.00,19.09,1
16040,DECODE,503,0,503,2270.22,21.80,1
16041,DECODE,503,0,503,2271.22,21.75,1
16042,DECODE,502,0,502,2271.65,21.79,1
16043,EXTEND,1,154,0,159.00,28.57,1
16044,DECODE,502,0,502,2267.86,21.79,1
16045,EXTEND,2,111,0,59.50,16.76,1
16046,DECODE,503,0,503,2259.50,21.54,1
16047,EXTEND,1,50,0,57.00,16.41,1
16048,DECODE,504,0,504,2256.13,21.63,1
16049,DECODE,504,0,504,2257.13,21.77,1
16050,DECODE,503,0,503,2257.53,21.90,1
16051,EXTEND,2,75,0,43.50,16.99,1
16052,DECODE,504,0,504,2249.15,21.75,1
16053,EXTEND,1,60,0,65.00,16.34,1
16054,DECODE,504,0,504,2245.20,21.66,1
16055,EXTEND,1,187,0,191.00,23.43,1
16056,DECODE,505,0,505,2242.13,21.59,1
16057,DECODE,505,0,505,2243.13,21.66,1
16058,DECODE,505,0,505,2244.13,22.15,1
16059,DECODE,503,0,503,2244.09,21.13,1
16060,EXTEND,3,904,0,307.67,17.24,1
16061,DECODE,505,0,505,2233.20,20.64,1
16062,EXTEND,1,418,0,424.00,16.50,1
16063,DECODE,505,0,505,2229.97,20.63,1
16064,EXTEND,1,311,0,324.00,16.60,1
16065,DECODE,503,0,503,2225.22,20.86,1
16066,EXTEND,3,686,0,234.33,16.95,1
16067,DECODE,506,0,506,2214.41,20.45,1
16068,DECODE,506,0,506,2215.41,20.88,1
16069,DECODE,504,0,504,2215.05,21.41,1
16070,EXTEND,3,705,0,241.00,17.41,1
16071,DECODE,505,0,505,2203.14,20.56,1
16072,EXTEND,2,699,0,353.00,18.06,1
16073,DECODE,506,0,506,2196.12,20.61,1
16074,EXTEND,2,696,0,351.50,16.38,1
16075,DECODE,508,0,508,2189.86,20.60,1
16076,DECODE,508,0,508,2190.86,21.64,1
16077,DECODE,506,0,506,2190.40,20.94,1
16078,EXTEND,3,897,0,304.33,17.26,1
16079,DECODE,508,0,508,2179.54,20.47,1
16080,EXTEND,1,311,0,316.00,16.50,1
16081,DECODE,507,0,507,2175.36,20.39,1
16082,EXTEND,2,546,0,279.50,16.33,1
16083,DECODE,508,0,508,2168.14,20.39,1
16084,EXTEND,1,349,0,355.00,24.68,1
16085,DECODE,509,0,509,2165.58,20.46,1
16086,DECODE,509,0,509,2166.58,20.56,1
16087,DECODE,508,0,508,2166.81,20.72,1
16088,EXTEND,3,701,0,239.00,17.32,1
16089,DECODE,510,0,510,2155.70,20.43,1
16090,DECODE,510,0,510,2156.70,20.51,1
16091,DECODE,509,0,509,2156.90,21.49,1
16092,EXTEND,2,694,0,352.50,16.82,1
16093,DECODE,508,0,508,2148.66,20.28,1
16094,EXTEND,3,1170,0,397.00,21.49,1
16095,DECODE,511,0,511,2139.37,20.31,1
16096,DECODE,511,0,511,2140.37,20.46,1
16097,DECODE,510,0,510,2140.55,20.51,1
16098,EXTEND,1,411,0,415.00,24.49,1
16099,DECODE,510,0,510,2137.35,20.19,1
16100,EXTEND,2,743,0,375.00,16.83,1
16101,DECODE,511,0,511,2130.62,20.27,1
16102,EXTEND,1,418,0,422.00,16.74,1
16103,DECODE,512,0,512,2128.29,20.20,1
16104,DECODE,512,0,512,2129.29,20.37,1
16105,DECODE,511,0,511,2129.44,20.55,1
16106,EXTEND,1,410,0,418.00,23.82,1
16107,DECODE,512,0,512,2127.10,20.24,1
16108,DECODE,512,0,512,2128.10,20.34,1
16109,DECODE,511,0,511,2128.25,20.49,1
16110,EXTEND,2,733,0,371.00,16.93,1
16111,DECODE,510,0,510,2120.12,20.23,1
16112,EXTEND,3,1130,0,382.33,22.92,1
16113,DECODE,513,0,513,2110.96,21.65,1
16114,DECODE,513,0,513,2111.96,21.77,1
16115,DECODE,513,0,513,2112.96,21.95,1
16116,DECODE,513,0,513,2113.96,21.66,1
16117,DECODE,513,0,513,2114.96,21.81,1
16118,DECODE,511,0,511,2114.22,20.49,1
16119,EXTEND,3,1191,0,403.33,16.94,1
16120,DECODE,514,0,514,2105.23,21.56,1
16121,DECODE,514,0,514,2106.23,21.85,1
16122,DECODE,513,0,513,2106.35,21.87,1
16123,EXTEND,3,1336,0,450.67,16.20,1
16124,DECODE,512,0,512,2094.24,20.08,1
16125,EXTEND,3,1367,0,460.33,20.11,1
16126,DECODE,515,0,515,2085.73,21.52,1
16127,DECODE,515,0,515,2086.73,21.75,1
16128,DECODE,514,0,514,2086.81,21.69,1
16129,EXTEND,4,1499,0,382.00,20.94,1
16130,DECODE,514,0,514,2070.86,21.42,1
16131,EXTEND,3,1338,0,454.00,21.54,1
16132,DECODE,517,0,517,2062.48,21.45,1
16133,DECODE,517,0,517,2063.48,21.96,1
16134,DECODE,514,0,514,2061.95,21.43,1
16135,EXTEND,3,1602,0,540.33,20.64,1
16136,DECODE,516,0,516,2053.14,21.18,1
16137,EXTEND,2,985,0,499.00,16.20,1
16138,DECODE,517,0,517,2047.15,21.45,1
16139,EXTEND,2,655,0,339.50,16.19,1
16140,DECODE,516,0,516,2038.55,21.24,1
16141,EXTEND,3,1486,0,502.00,21.15,1
16142,DECODE,518,0,518,2029.65,21.15,1
16143,EXTEND,2,1020,0,516.00,18.93,1
16144,DECODE,516,0,516,2020.68,20.95,1
16145,EXTEND,4,2143,0,541.50,20.99,1
16146,DECODE,516,0,516,2006.18,21.36,1
16147,EXTEND,5,2947,0,594.80,23.64,1
16148,DECODE,517,0,517,1989.26,20.93,1
16149,EXTEND,5,1855,0,376.00,23.72,1
16150,DECODE,520,0,520,1972.55,20.50,1
16151,EXTEND,3,1808,0,608.67,24.94,1
16152,DECODE,521,0,521,1963.45,20.88,1
16153,EXTEND,3,281,0,98.67,24.81,1
16154,DECODE,523,0,523,1952.61,20.78,1
16155,EXTEND,2,99,0,57.50,15.63,1
16156,DECODE,522,0,522,1942.87,20.79,1
16157,EXTEND,3,1257,0,424.33,16.62,1
16158,DECODE,523,0,523,1932.80,20.87,1
16159,EXTEND,3,297,0,102.67,23.42,1
16160,DECODE,518,0,518,1913.53,20.36,1
16161,EXTEND,9,1763,0,202.56,23.74,1
16162,DECODE,526,0,526,1884.03,20.54,1
16163,EXTEND,3,2075,0,696.00,24.08,1
16164,DECODE,528,0,528,1877.16,20.31,1
16165,EXTEND,2,1419,0,716.00,21.11,1
16166,DECODE,530,0,530,1873.78,20.51,1
16167,DECODE,530,0,530,1874.78,20.99,1
16168,DECODE,527,0,527,1871.88,20.90,1
16169,EXTEND,5,3590,0,725.00,26.21,1
16170,DECODE,528,0,528,1856.81,20.16,1
16171,EXTEND,3,2161,0,732.67,24.16,1
16172,DECODE,531,0,531,1851.46,20.32,1
16173,DECODE,531,0,531,1852.46,20.50,1
16174,DECODE,531,0,531,1853.46,20.65,1
16175,DECODE,528,0,528,1850.45,20.58,1
16176,EXTEND,4,2310,0,584.00,22.44,1
16177,DECODE,529,0,529,1837.98,20.31,1
16178,EXTEND,4,3153,0,793.75,23.15,1
16179,DECODE,527,0,527,1822.85,20.34,1
16180,EXTEND,7,2547,0,368.71,24.39,1
16181,DECODE,530,0,530,1799.09,20.36,1
16182,EXTEND,5,4271,0,866.20,27.18,1
16183,DECODE,534,0,534,1789.93,20.14,1
16184,EXTEND,3,2706,0,908.67,22.13,1
16185,DECODE,535,0,535,1783.11,20.64,1
16186,EXTEND,2,2098,0,1054.00,25.17,1
16187,DECODE,537,0,537,1781.40,20.19,1
16188,DECODE,537,0,537,1782.40,20.39,1
16189,DECODE,535,0,535,1780.49,20.32,1
16190,EXTEND,4,4007,0,1007.00,25.66,1
16191,DECODE,535,0,535,1769.89,20.25,1
16192,EXTEND,3,3146,0,1053.33,22.85,1
16193,DECODE,535,0,535,1762.50,19.96,1
16194,EXTEND,4,3303,0,840.50,22.53,1
16195,DECODE,536,0,536,1752.17,19.78,1
16196,EXTEND,4,4563,0,1146.75,28.28,1
16197,DECODE,537,0,537,1744.15,20.83,1
16198,EXTEND,3,3418,0,1145.33,24.06,1
16199,DECODE,539,0,539,1740.30,20.12,1
16200,EXTEND,2,2335,0,1174.50,22.98,1
16201,DECODE,537,0,537,1733.10,19.92,1
16202,EXTEND,4,4909,0,1233.75,30.95,1
16203,DECODE,539,0,539,1727.37,20.50,1
16204,EXTEND,3,2949,0,994.33,20.24,1
16205,DECODE,538,0,538,1718.22,20.55,1
16206,EXTEND,4,4174,0,1047.50,26.32,1
16207,DECODE,541,0,541,1712.70,21.76,1
16208,EXTEND,3,4353,0,1455.67,28.33,1
16209,DECODE,542,0,542,1709.16,20.09,1
16210,EXTEND,3,1616,0,542.67,18.83,1
16211,DECODE,545,0,545,1703.74,19.82,1
16212,DECODE,545,0,545,1704.74,19.91,1
16213,DECODE,545,0,545,1705.74,20.05,1
16214,DECODE,544,0,544,1705.17,20.55,1
16215,EXTEND,4,4458,0,1119.00,30.25,1
16216,DECODE,544,0,544,1695.57,19.76,1
16217,EXTEND,3,3021,0,1012.00,21.71,1
16218,DECODE,543,0,543,1686.43,20.28,1
16219,EXTEND,3,4269,0,1427.67,27.90,1
16220,DECODE,543,0,543,1681.18,19.79,1
16221,EXTEND,4,2968,0,747.25,25.83,1
16222,DECODE,543,0,543,1668.84,19.95,1
16223,EXTEND,5,3000,0,613.80,23.67,1
16224,DECODE,545,0,545,1655.26,19.80,1
16225,EXTEND,6,332,0,61.00,15.86,1
16226,DECODE,546,0,546,1630.46,19.36,1
16227,EXTEND,6,1897,0,321.17,25.26,1
16228,DECODE,549,0,549,1612.08,20.03,1
16229,EXTEND,5,303,0,66.00,24.37,1
16230,DECODE,553,0,553,1597.39,19.41,1
16231,EXTEND,2,1507,0,758.50,21.13,1
16232,DECODE,555,0,555,1595.37,19.40,1
16233,DECODE,555,0,555,1596.37,19.55,1
16234,DECODE,549,0,549,1586.87,19.56,1
16235,EXTEND,9,7652,0,856.33,44.17,1
16236,DECODE,550,0,550,1561.77,19.84,1
16237,EXTEND,7,6556,0,942.43,38.70,1
16238,DECODE,553,0,553,1547.72,19.65,1
16239,EXTEND,6,6423,0,1077.17,37.77,1
16240,DECODE,557,0,557,1540.02,19.56,1
16241,EXTEND,3,4665,0,1559.33,29.34,1
16242,DECODE,555,0,555,1531.94,19.35,1
16243,EXTEND,6,1757,0,300.67,23.87,1
16244,DECODE,558,0,558,1514.18,19.05,1
16245,EXTEND,4,4742,0,1194.50,30.02,1
16246,DECODE,554,0,554,1497.79,19.50,1
16247,EXTEND,11,837,0,84.36,16.24,1
16248,DECODE,561,0,561,1463.51,19.25,1
16249,EXTEND,7,585,0,96.14,15.84,1
16250,DECODE,565,0,565,1441.75,18.91,1
16251,EXTEND,5,426,0,90.40,21.17,1
16252,DECODE,567,0,567,1424.92,18.85,1
16253,EXTEND,5,735,0,157.80,15.72,1
16254,DECODE,567,0,567,1404.75,18.88,1
16255,EXTEND,7,651,0,97.86,16.26,1
16256,DECODE,569,0,569,1379.63,18.75,1
16257,EXTEND,7,514,0,80.14,15.92,1
16258,DECODE,570,0,570,1352.26,18.43,1
16259,EXTEND,9,584,0,73.44,16.36,1
16260,DECODE,576,0,576,1326.99,18.48,1
16261,EXTEND,6,526,0,97.00,16.02,1
16262,DECODE,578,0,578,1306.74,18.29,1
16263,EXTEND,6,1014,0,177.00,19.08,1
16264,DECODE,580,0,580,1287.41,17.98,1
16265,EXTEND,6,404,0,73.50,21.77,1
16266,DECODE,584,0,584,1271.59,17.85,1
16267,EXTEND,4,262,0,71.75,22.61,1
16268,DECODE,586,0,586,1260.00,18.06,1
16269,EXTEND,3,361,0,126.67,22.67,1
16270,DECODE,585,0,585,1246.31,18.18,1
16271,EXTEND,3,5388,0,1803.33,32.76,1
16272,DECODE,584,0,584,1241.18,18.34,1
16273,EXTEND,6,2166,0,389.17,23.70,1
16274,DECODE,587,0,587,1226.73,17.90,1
16275,EXTEND,6,374,0,71.00,22.23,1
16276,DECODE,588,0,588,1204.61,18.18,1
16277,EXTEND,7,465,0,73.57,24.52,1
16278,DECODE,591,0,591,1183.05,18.39,1
16279,EXTEND,6,608,0,111.50,16.49,1
16280,DECODE,593,0,593,1163.93,18.12,1
16281,EXTEND,7,584,0,94.86,15.80,1
16282,DECODE,599,0,599,1150.10,17.67,1
16283,EXTEND,3,179,0,67.00,22.63,1
16284,DECODE,597,0,597,1133.86,18.12,1
16285,EXTEND,6,401,0,72.00,22.11,1
16286,DECODE,602,0,602,1121.91,17.77,1
16287,EXTEND,3,184,0,67.67,15.87,1
16288,DECODE,596,0,596,1095.90,17.34,1
16289,EXTEND,11,2693,0,251.64,22.58,1
16290,DECODE,603,0,603,1071.80,17.46,1
16291,EXTEND,6,4410,0,742.67,30.15,1
16292,DECODE,605,0,605,1059.70,17.87,1
16293,EXTEND,5,4391,0,890.80,27.86,1
16294,DECODE,607,0,607,1051.90,17.50,1
16295,EXTEND,6,667,0,116.67,15.73,1
16296,DECODE,610,0,610,1036.29,17.32,1
16297,EXTEND,6,384,0,69.50,16.01,1
16298,DECODE,615,0,615,1025.38,17.39,1
16299,EXTEND,3,236,0,87.33,15.47,1
16300,DECODE,614,0,614,1011.80,17.38,1
16301,EXTEND,4,4553,0,1147.00,28.11,1
16302,DECODE,616,0,616,1008.66,17.38,1
16303,EXTEND,3,2354,0,790.00,22.69,1
16304,DECODE,613,0,613,993.41,17.54,1
16305,EXTEND,8,717,0,97.00,16.24,1
16306,DECODE,617,0,617,972.64,17.33,1
16307,EXTEND,7,579,0,91.00,15.72,1
16308,DECODE,619,0,619,950.86,17.25,1
16309,EXTEND,8,812,0,113.38,15.96,1
16310,DECODE,622,0,622,928.16,17.53,1
16311,EXTEND,8,564,0,76.00,15.89,1
16312,DECODE,626,0,626,907.85,17.20,1
16313,EXTEND,7,498,0,76.29,15.66,1
16314,DECODE,630,0,630,891.75,17.11,1
16315,EXTEND,5,669,0,138.20,15.68,1
16316,DECODE,635,0,635,886.81,17.10,1
16317,DECODE,635,0,635,887.81,16.92,1
16318,DECODE,633,0,633,883.53,17.34,1
16319,EXTEND,8,763,0,101.75,16.01,1
16320,DECODE,634,0,634,856.16,17.16,1
16321,EXTEND,7,736,0,110.14,15.65,1
16322,DECODE,639,0,639,843.66,17.64,1
16323,DECODE,639,0,639,844.66,17.31,1
16324,DECODE,634,0,634,832.13,17.06,1
16325,DECODE,631,0,631,824.92,17.08,1
16326,DECODE,626,0,626,812.06,17.22,1
16327,DECODE,623,0,623,804.64,17.22,1
16328,DECODE,621,0,621,799.99,17.02,1
16329,DECODE,617,0,617,789.58,17.12,1
16330,DECODE,613,0,613,779.02,17.63,1
16331,DECODE,610,0,610,771.27,17.34,1
16332,DECODE,610,0,610,772.27,17.21,1
16333,DECODE,608,0,608,767.38,16.83,1
16334,DECODE,604,0,604,756.51,17.53,1
16335,DECODE,600,0,600,745.49,17.20,1
16336,DECODE,596,0,596,734.31,17.09,1
16337,DECODE,589,0,589,713.61,17.18,1
16338,DECODE,589,0,589,714.61,17.67,1
16339,DECODE,589,0,589,715.61,17.80,1
16340,DECODE,587,0,587,710.33,16.77,1
16341,DECODE,585,0,585,705.01,16.94,1
16342,DECODE,583,0,583,699.64,16.89,1
16343,DECODE,582,0,582,697.45,17.12,1
16344,DECODE,579,0,579,688.80,16.96,1
16345,DECODE,576,0,576,680.05,16.79,1
16346,DECODE,575,0,575,677.78,17.06,1
16347,DECODE,572,0,572,668.91,16.82,1
16348,DECODE,570,0,570,663.27,17.01,1
16349,DECODE,570,0,570,664.27,17.02,1
16350,DECODE,569,0,569,661.94,16.99,1
16351,DECODE,567,0,567,656.25,16.97,1
16352,DECODE,565,0,565,650.61,17.45,1
16353,DECODE,564,0,564,648.23,16.51,1
16354,DECODE,563,0,563,645.83,18.03,1
16355,DECODE,562,0,562,643.43,17.14,1
16356,DECODE,560,0,560,637.58,16.95,1
16357,DECODE,559,0,559,635.14,16.71,1
16358,DECODE,557,0,557,629.23,17.00,1
16359,DECODE,557,0,557,630.23,16.76,1
16360,DECODE,555,0,555,624.28,16.74,1
16361,DECODE,554,0,554,621.78,16.71,1
16362,DECODE,553,0,553,619.28,16.90,1
16363,DECODE,553,0,553,620.28,16.80,1
16364,DECODE,553,0,553,621.28,16.98,1
16365,DECODE,553,0,553,622.28,16.81,1
16366,DECODE,552,0,552,619.77,16.80,1
16367,DECODE,552,0,552,620.77,16.76,1
16368,DECODE,552,0,552,621.77,16.66,1
16369,DECODE,552,0,552,622.77,16.71,1
16370,DECODE,552,0,552,623.77,16.81,1
16371,DECODE,551,0,551,622.11,17.85,1
16372,DECODE,551,0,551,623.11,17.02,1
16373,DECODE,551,0,551,624.11,16.90,1
16374,DECODE,551,0,551,625.11,16.74,1
16375,DECODE,551,0,551,626.11,16.93,1
16376,DECODE,551,0,551,627.11,16.94,1
16377,DECODE,551,0,551,628.11,16.73,1
16378,DECODE,549,0,549,622.07,17.08,1
16379,DECODE,547,0,547,615.98,17.40,1
16380,DECODE,546,0,546,613.42,16.70,1
16381,DECODE,546,0,546,614.42,16.68,1
16382,DECODE,546,0,546,615.42,16.61,1
16383,DECODE,545,0,545,612.85,16.80,1
16384,DECODE,545,0,545,613.85,16.83,1
16385,DECODE,544,0,544,611.28,16.82,1
16386,DECODE,544,0,544,612.28,16.80,1
16387,DECODE,544,0,544,613.28,18.00,1
16388,DECODE,544,0,544,614.28,16.89,1
16389,DECODE,544,0,544,615.28,16.85,1
16390,DECODE,543,0,543,612.69,16.83,1
16391,DECODE,543,0,543,613.69,16.91,1
16392,DECODE,543,0,543,614.69,16.97,1
16393,DECODE,543,0,543,615.69,16.64,1
16394,DECODE,543,0,543,616.69,16.99,1
16395,DECODE,542,0,542,614.11,16.81,1
16396,DECODE,541,0,541,611.51,17.02,1
16397,DECODE,541,0,541,612.51,16.93,1
16398,DECODE,541,0,541,613.51,16.94,1
16399,DECODE,541,0,541,614.51,17.02,1
16400,DECODE,541,0,541,615.51,16.82,1
16401,DECODE,541,0,541,616.51,16.91,1
16402,DECODE,541,0,541,617.51,16.78,1
16403,DECODE,541,0,541,618.51,16.90,1
16404,DECODE,541,0,541,619.51,17.16,1
16405,DECODE,541,0,541,620.51,16.74,1
16406,DECODE,541,0,541,621.51,16.78,1
16407,DECODE,541,0,541,622.51,18.59,1
16408,DECODE,540,0,540,619.92,16.87,1
16409,DECODE,540,0,540,620.92,16.79,1
16410,DECODE,540,0,540,621.92,16.73,1
16411,DECODE,540,0,540,622.92,16.65,1
16412,DECODE,540,0,540,623.92,16.51,1
16413,DECODE,539,0,539,621.33,16.91,1
16414,DECODE,539,0,539,622.33,16.73,1
16415,DECODE,538,0,538,619.73,16.83,1
16416,DECODE,538,0,538,620.73,16.94,1
16417,DECODE,538,0,538,621.73,16.95,1
16418,DECODE,537,0,537,619.12,16.92,1
16419,DECODE,536,0,536,616.50,16.76,1
16420,DECODE,536,0,536,617.50,16.68,1
16421,DECODE,536,0,536,618.50,16.71,1
16422,DECODE,536,0,536,619.50,16.57,1
16423,DECODE,536,0,536,620.50,16.71,1
16424,DECODE,534,0,534,614.24,16.87,1
16425,DECODE,532,0,532,610.55,17.26,1
16426,DECODE,530,0,530,604.20,17.10,1
16427,DECODE,530,0,530,605.20,17.10,1
16428,DECODE,528,0,528,598.79,17.26,1
16429,DECODE,528,0,528,599.79,16.79,1
16430,DECODE,526,0,526,596.44,16.77,1
16431,DECODE,526,0,526,597.44,17.68,1
16432,DECODE,526,0,526,598.44,16.75,1
16433,DECODE,525,0,525,595.70,16.80,1
16434,DECODE,524,0,524,592.96,16.62,1
16435,DECODE,524,0,524,593.96,17.88,1
16436,DECODE,523,0,523,591.20,18.73,1
16437,DECODE,523,0,523,592.20,17.42,1
16438,DECODE,523,0,523,593.20,17.07,1
16439,DECODE,522,0,522,590.43,16.92,1
16440,DECODE,522,0,522,591.43,16.79,1
16441,DECODE,522,0,522,592.43,16.98,1
16442,DECODE,521,0,521,589.65,16.83,1
16443,DECODE,521,0,521,590.65,16.92,1
16444,DECODE,521,0,521,591.65,16.82,1
16445,DECODE,521,0,521,592.65,17.65,1
16446,DECODE,521,0,521,593.65,17.25,1
16447,DECODE,521,0,521,594.65,17.51,1
16448,DECODE,521,0,521,595.65,16.97,1
16449,DECODE,521,0,521,596.65,18.17,1
16450,DECODE,520,0,520,593.88,17.12,1
16451,DECODE,519,0,519,591.09,17.72,1
16452,DECODE,519,0,519,592.09,17.04,1
16453,DECODE,519,0,519,593.09,16.92,1
16454,DECODE,519,0,519,594.09,16.95,1
16455,DECODE,519,0,519,595.09,17.17,1
16456,DECODE,519,0,519,596.09,17.64,1
16457,DECODE,519,0,519,597.09,18.21,1
16458,DECODE,519,0,519,598.09,18.60,1
16459,DECODE,519,0,519,599.09,18.55,1
16460,DECODE,518,0,518,596.30,18.27,1
16461,DECODE,518,0,518,597.30,18.57,1
16462,DECODE,518,0,518,598.30,17.00,1
16463,DECODE,518,0,518,599.30,17.20,1
16464,DECODE,518,0,518,600.30,17.20,1
16465,DECODE,518,0,518,601.30,17.32,1
16466,DECODE,517,0,517,598.51,17.30,1
16467,DECODE,517,0,517,599.51,19.29,1
16468,DECODE,517,0,517,600.51,16.87,1
16469,DECODE,517,0,517,601.51,16.90,1
16470,DECODE,517,0,517,602.51,16.80,1
16471,DECODE,517,0,517,603.51,17.12,1
16472,DECODE,517,0,517,604.51,16.96,1
16473,DECODE,517,0,517,605.51,17.17,1
16474,DECODE,517,0,517,606.51,17.48,1
16475,DECODE,517,0,517,607.51,17.42,1
16476,DECODE,517,0,517,608.51,17.21,1
16477,DECODE,517,0,517,609.51,17.03,1
16478,DECODE,517,0,517,610.51,17.25,1
16479,DECODE,517,0,517,611.51,17.56,1
16480,DECODE,517,0,517,612.51,17.05,1
16481,DECODE,517,0,517,613.51,16.64,1
16482,DECODE,517,0,517,614.51,16.90,1
16483,DECODE,517,0,517,615.51,16.71,1
16484,DECODE,517,0,517,616.51,16.58,1
16485,DECODE,517,0,517,617.51,16.90,1
16486,DECODE,517,0,517,618.51,16.83,1
16487,DECODE,517,0,517,619.51,17.28,1
16488,DECODE,517,0,517,620.51,16.96,1
16489,DECODE,517,0,517,621.51,16.69,1
16490,DECODE,517,0,517,622.51,17.13,1
16491,DECODE,517,0,517,623.51,16.96,1
16492,DECODE,517,0,517,624.51,17.10,1
16493,DECODE,517,0,517,625.51,16.82,1
16494,DECODE,517,0,517,626.51,16.90,1
16495,DECODE,517,0,517,627.51,17.02,1
16496,DECODE,517,0,517,628.51,16.82,1
16497,DECODE,517,0,517,629.51,17.05,1
16498,DECODE,517,0,517,630.51,16.67,1
16499,DECODE,517,0,517,631.51,17.10,1
16500,DECODE,517,0,517,632.51,16.94,1
16501,DECODE,517,0,517,633.51,16.70,1
16502,DECODE,517,0,517,634.51,16.78,1
16503,DECODE,516,0,516,632.85,16.52,1
16504,DECODE,516,0,516,633.85,18.77,1
16505,DECODE,516,0,516,634.85,17.02,1
16506,DECODE,516,0,516,635.85,16.69,1
16507,DECODE,516,0,516,636.85,17.58,1
16508,DECODE,516,0,516,637.85,18.55,1
16509,DECODE,516,0,516,638.85,18.14,1
16510,DECODE,516,0,516,639.85,16.93,1
16511,DECODE,516,0,516,640.85,16.67,1
16512,DECODE,516,0,516,641.85,16.75,1
16513,DECODE,516,0,516,642.85,16.65,1
16514,DECODE,516,0,516,643.85,16.80,1
16515,DECODE,516,0,516,644.85,16.76,1
16516,DECODE,516,0,516,645.85,16.45,1
16517,DECODE,516,0,516,646.85,16.77,1
16518,DECODE,516,0,516,647.85,16.67,1
16519,DECODE,516,0,516,648.85,16.64,1
16520,DECODE,516,0,516,649.85,16.87,1
16521,DECODE,516,0,516,650.85,16.69,1
16522,DECODE,515,0,515,649.59,16.90,1
16523,DECODE,515,0,515,650.59,16.98,1
16524,DECODE,515,0,515,651.59,17.29,1
16525,DECODE,515,0,515,652.59,17.74,1
16526,DECODE,515,0,515,653.59,17.02,1
16527,DECODE,515,0,515,654.59,17.76,1
16528,DECODE,515,0,515,655.59,17.09,1
16529,DECODE,514,0,514,654.60,17.99,1
16530,DECODE,514,0,514,655.60,17.18,1
16531,DECODE,514,0,514,656.60,16.81,1
16532,DECODE,514,0,514,657.60,17.15,1
16533,DECODE,514,0,514,658.60,17.03,1
16534,DECODE,514,0,514,659.60,16.93,1
16535,DECODE,514,0,514,660.60,16.72,1
16536,DECODE,514,0,514,661.60,16.92,1
16537,DECODE,514,0,514,662.60,16.74,1
16538,DECODE,513,0,513,660.50,16.97,1
16539,DECODE,513,0,513,661.50,16.84,1
16540,DECODE,513,0,513,662.50,16.95,1
16541,DECODE,513,0,513,663.50,16.85,1
16542,DECODE,513,0,513,664.50,16.94,1
16543,DECODE,513,0,513,665.50,16.75,1
16544,DECODE,513,0,513,666.50,16.70,1
16545,DECODE,513,0,513,667.50,16.83,1
16546,DECODE,513,0,513,668.50,16.76,1
16547,DECODE,513,0,513,669.50,16.90,1
16548,DECODE,513,0,513,670.50,16.67,1
16549,DECODE,513,0,513,671.50,16.93,1
16550,DECODE,513,0,513,672.50,16.84,1
16551,DECODE,513,0,513,673.50,16.76,1
16552,DECODE,513,0,513,674.50,16.77,1
16553,DECODE,513,0,513,675.50,16.78,1
16554,DECODE,513,0,513,676.50,16.79,1
16555,DECODE,513,0,513,677.50,16.92,1
16556,DECODE,513,0,513,678.50,17.16,1
16557,DECODE,513,0,513,679.50,16.75,1
16558,DECODE,513,0,513,680.50,17.14,1
16559,DECODE,513,0,513,681.50,17.24,1
16560,DECODE,513,0,513,682.50,17.45,1
16561,DECODE,513,0,513,683.50,16.99,1
16562,DECODE,513,0,513,684.50,16.70,1
16563,DECODE,513,0,513,685.50,16.75,1
16564,DECODE,513,0,513,686.50,16.61,1
16565,DECODE,513,0,513,687.50,16.66,1
16566,DECODE,513,0,513,688.50,16.82,1
16567,DECODE,513,0,513,689.50,16.84,1
16568,DECODE,513,0,513,690.50,16.82,1
16569,DECODE,513,0,513,691.50,17.53,1
16570,DECODE,513,0,513,692.50,17.14,1
16571,DECODE,513,0,513,693.50,16.95,1
16572,DECODE,513,0,513,694.50,16.78,1
16573,DECODE,512,0,512,694.06,11.94,1
16574,DECODE,512,0,512,695.06,12.04,1
16575,DECODE,512,0,512,696.06,12.30,1
16576,DECODE,512,0,512,697.06,12.08,1
16577,DECODE,512,0,512,698.06,11.82,1
16578,DECODE,512,0,512,699.06,11.88,1
16579,DECODE,512,0,512,700.06,11.88,1
16580,DECODE,512,0,512,701.06,13.09,1
16581,DECODE,512,0,512,702.06,12.45,1
16582,DECODE,512,0,512,703.06,12.72,1
16583,DECODE,512,0,512,704.06,12.91,1
16584,DECODE,512,0,512,705.06,12.56,1
16585,DECODE,512,0,512,706.06,13.14,1
16586,DECODE,512,0,512,707.06,12.84,1
16587,DECODE,512,0,512,708.06,12.96,1
16588,DECODE,512,0,512,709.06,12.80,1
16589,DECODE,512,0,512,710.06,13.05,1
16590,DECODE,512,0,512,711.06,12.82,1
16591,DECODE,512,0,512,712.06,12.85,1
16592,DECODE,512,0,512,713.06,12.92,1
16593,DECODE,512,0,512,714.06,12.87,1
16594,DECODE,512,0,512,715.06,12.96,1
16595,DECODE,512,0,512,716.06,12.83,1
16596,DECODE,512,0,512,717.06,12.80,1
16597,DECODE,512,0,512,718.06,12.82,1
16598,DECODE,512,0,512,719.06,12.88,1
16599,DECODE,512,0,512,720.06,13.16,1
16600,DECODE,512,0,512,721.06,13.06,1
16601,DECODE,512,0,512,722.06,12.92,1
16602,DECODE,512,0,512,723.06,12.87,1
16603,DECODE,512,0,512,724.06,13.37,1
16604,DECODE,512,0,512,725.06,13.49,1
16605,DECODE,512,0,512,726.06,12.97,1
16606,DECODE,512,0,512,727.06,12.99,1
16607,DECODE,512,0,512,728.06,12.97,1
16608,DECODE,512,0,512,729.06,13.00,1
16609,DECODE,512,0,512,730.06,13.17,1
16610,DECODE,512,0,512,731.06,13.03,1
16611,DECODE,512,0,512,732.06,13.16,1
16612,DECODE,512,0,512,733.06,13.82,1
16613,DECODE,512,0,512,734.06,12.80,1
16614,DECODE,512,0,512,735.06,13.24,1
16615,DECODE,512,0,512,736.06,12.94,1
16616,DECODE,512,0,512,737.06,12.95,1
16617,DECODE,512,0,512,738.06,12.95,1
16618,DECODE,512,0,512,739.06,13.02,1
16619,DECODE,512,0,512,740.06,13.39,1
16620,DECODE,512,0,512,741.06,13.04,1
16621,DECODE,512,0,512,742.06,13.03,1
16622,DECODE,512,0,512,743.06,13.09,1
16623,DECODE,512,0,512,744.06,13.07,1
16624,DECODE,512,0,512,745.06,13.33,1
16625,DECODE,512,0,512,746.06,13.18,1
16626,DECODE,512,0,512,747.06,13.24,1
16627,DECODE,512,0,512,748.06,13.14,1
16628,DECODE,512,0,512,749.06,13.07,1
16629,DECODE,512,0,512,750.06,13.32,1
16630,DECODE,512,0,512,751.06,13.15,1
16631,DECODE,512,0,512,752.06,13.16,1
16632,DECODE,512,0,512,753.06,13.11,1
16633,DECODE,512,0,512,754.06,13.24,1
16634,DECODE,512,0,512,755.06,13.19,1
16635,DECODE,512,0,512,756.06,13.07,1
16636,DECODE,512,0,512,757.06,13.06,1
16637,DECODE,512,0,512,758.06,13.11,1
16638,DECODE,512,0,512,759.06,13.14,1
16639,DECODE,512,0,512,760.06,13.28,1
16640,DECODE,512,0,512,761.06,13.90,1
16641,DECODE,512,0,512,762.06,13.14,1
16642,DECODE,512,0,512,763.06,13.11,1
16643,DECODE,512,0,512,764.06,12.92,1
16644,DECODE,512,0,512,765.06,14.19,1
16645,DECODE,512,0,512,766.06,13.06,1
16646,DECODE,512,0,512,767.06,13.02,1
16647,DECODE,512,0,512,768.06,13.03,1
16648,DECODE,512,0,512,769.06,12.97,1
16649,DECODE,512,0,512,770.06,13.74,1
16650,DECODE,512,0,512,771.06,13.07,1
16651,DECODE,512,0,512,772.06,13.25,1
16652,DECODE,512,0,512,773.06,12.98,1
16653,DECODE,512,0,512,774.06,13.10,1
16654,DECODE,512,0,512,775.06,13.70,1
16655,DECODE,512,0,512,776.06,13.10,1
16656,DECODE,512,0,512,777.06,13.11,1
16657,DECODE,512,0,512,778.06,13.10,1
16658,DECODE,512,0,512,779.06,13.18,1
16659,DECODE,511,0,511,777.98,13.78,1
16660,DECODE,511,0,511,778.98,13.26,1
16661,DECODE,511,0,511,779.98,13.12,1
16662,DECODE,511,0,511,780.98,13.26,1
16663,DECODE,510,0,510,778.49,13.23,1
16664,DECODE,510,0,510,779.49,13.49,1
16665,DECODE,510,0,510,780.49,13.10,1
16666,DECODE,510,0,510,781.49,13.36,1
16667,DECODE,510,0,510,782.49,13.34,1
16668,DECODE,509,0,509,780.00,13.68,1
16669,DECODE,509,0,509,781.00,13.49,1
16670,DECODE,509,0,509,782.00,13.34,1
16671,DECODE,509,0,509,783.00,14.56,1
16672,DECODE,509,0,509,784.00,13.32,1
16673,DECODE,509,0,509,785.00,13.43,1
16674,DECODE,509,0,509,786.00,13.64,1
16675,DECODE,509,0,509,787.00,13.43,1
16676,DECODE,509,0,509,788.00,13.46,1
16677,DECODE,509,0,509,789.00,13.39,1
16678,DECODE,508,0,508,786.52,13.54,1
16679,DECODE,508,0,508,787.52,13.54,1
16680,DECODE,508,0,508,788.52,13.25,1
16681,DECODE,508,0,508,789.52,13.22,1
16682,DECODE,508,0,508,790.52,13.24,1
16683,DECODE,508,0,508,791.52,13.39,1
16684,DECODE,508,0,508,792.52,13.45,1
16685,DECODE,508,0,508,793.52,13.64,1
16686,DECODE,508,0,508,794.52,13.35,1
16687,DECODE,508,0,508,795.52,13.31,1
16688,DECODE,508,0,508,796.52,13.27,1
16689,DECODE,508,0,508,797.52,13.44,1
16690,DECODE,508,0,508,798.52,13.28,1
16691,DECODE,508,0,508,799.52,13.39,1
16692,DECODE,508,0,508,800.52,13.35,1
16693,DECODE,508,0,508,801.52,12.33,1
16694,DECODE,508,0,508,802.52,12.33,1
16695,DECODE,508,0,508,803.52,12.35,1
16696,DECODE,508,0,508,804.52,12.35,1
16697,DECODE,508,0,508,805.52,12.31,1
16698,DECODE,508,0,508,806.52,12.36,1
16699,DECODE,508,0,508,807.52,12.35,1
16700,DECODE,508,0,508,808.52,12.45,1
16701,DECODE,508,0,508,809.52,12.36,1
16702,DECODE,508,0,508,810.52,12.42,1
16703,DECODE,508,0,508,811.52,12.40,1
16704,DECODE,508,0,508,812.52,12.43,1
16705,DECODE,508,0,508,813.52,12.36,1
16706,DECODE,508,0,508,814.52,12.38,1
16707,DECODE,508,0,508,815.52,12.36,1
16708,DECODE,508,0,508,816.52,12.37,1
16709,DECODE,508,0,508,817.52,12.43,1
16710,DECODE,508,0,508,818.52,12.45,1
16711,DECODE,508,0,508,819.52,12.57,1
16712,DECODE,508,0,508,820.52,13.89,1
16713,DECODE,508,0,508,821.52,12.63,1
16714,DECODE,508,0,508,822.52,12.57,1
16715,DECODE,508,0,508,823.52,12.63,1
16716,DECODE,508,0,508,824.52,12.58,1
16717,DECODE,508,0,508,825.52,12.63,1
16718,DECODE,508,0,508,826.52,12.70,1
16719,DECODE,508,0,508,827.52,12.69,1
16720,DECODE,508,0,508,828.52,12.60,1
16721,DECODE,508,0,508,829.52,12.65,1
16722,DECODE,508,0,508,830.52,13.60,1
16723,DECODE,508,0,508,831.52,14.54,1
16724,DECODE,508,0,508,832.52,16.58,1
16725,DECODE,508,0,508,833.52,13.80,1
16726,DECODE,508,0,508,834.52,13.85,1
16727,DECODE,508,0,508,835.52,13.85,1
16728,DECODE,508,0,508,836.52,13.87,1
16729,DECODE,508,0,508,837.52,14.53,1
16730,DECODE,508,0,508,838.52,13.88,1
16731,DECODE,508,0,508,839.52,13.93,1
16732,DECODE,508,0,508,840.52,13.93,1
16733,DECODE,508,0,508,841.52,13.81,1
16734,DECODE,508,0,508,842.52,14.16,1
16735,DECODE,508,0,508,843.52,13.85,1
16736,DECODE,508,0,508,844.52,13.86,1
16737,DECODE,508,0,508,845.52,13.87,1
16738,DECODE,507,0,507,843.13,14.32,1
16739,DECODE,507,0,507,844.13,14.28,1
16740,DECODE,507,0,507,845.13,14.11,1
16741,DECODE,507,0,507,846.13,14.18,1
16742,DECODE,507,0,507,847.13,14.21,1
16743,DECODE,507,0,507,848.13,13.95,1
16744,DECODE,507,0,507,849.13,14.46,1
16745,DECODE,507,0,507,850.13,13.97,1
16746,DECODE,507,0,507,851.13,13.99,1
16747,DECODE,507,0,507,852.13,14.01,1
16748,DECODE,507,0,507,853.13,14.17,1
16749,DECODE,507,0,507,854.13,14.28,1
16750,DECODE,507,0,507,855.13,14.06,1
16751,DECODE,507,0,507,856.13,14.09,1
16752,DECODE,507,0,507,857.13,14.10,1
16753,DECODE,507,0,507,858.13,14.04,1
16754,DECODE,507,0,507,859.13,14.23,1
16755,DECODE,506,0,506,858.07,16.27,1
16756,DECODE,506,0,506,859.07,14.18,1
16757,DECODE,506,0,506,860.07,14.03,1
16758,DECODE,506,0,506,861.07,14.00,1
16759,DECODE,506,0,506,862.07,14.20,1
16760,DECODE,506,0,506,863.07,13.94,1
16761,DECODE,506,0,506,864.07,13.99,1
16762,DECODE,506,0,506,865.07,14.09,1
16763,DECODE,505,0,505,864.67,14.41,1
16764,DECODE,505,0,505,865.67,14.08,1
16765,DECODE,505,0,505,866.67,14.07,1
16766,DECODE,505,0,505,867.67,13.95,1
16767,DECODE,505,0,505,868.67,13.93,1
16768,DECODE,505,0,505,869.67,13.91,1
16769,DECODE,505,0,505,870.67,14.17,1
16770,DECODE,505,0,505,871.67,14.33,1
16771,DECODE,505,0,505,872.67,13.95,1
16772,DECODE,505,0,505,873.67,14.08,1
16773,DECODE,505,0,505,874.67,13.91,1
16774,DECODE,505,0,505,875.67,14.08,1
16775,DECODE,505,0,505,876.67,13.85,1
16776,DECODE,505,0,505,877.67,13.84,1
16777,DECODE,505,0,505,878.67,13.87,1
16778,DECODE,505,0,505,879.67,13.94,1
16779,DECODE,505,0,505,880.67,14.16,1
16780,DECODE,505,0,505,881.67,13.85,1
16781,DECODE,505,0,505,882.67,13.95,1
16782,DECODE,505,0,505,883.67,13.63,1
16783,DECODE,505,0,505,884.67,13.53,1
16784,DECODE,505,0,505,885.67,13.70,1
16785,DECODE,505,0,505,886.67,13.49,1
16786,DECODE,505,0,505,887.67,13.38,1
16787,DECODE,505,0,505,888.67,13.43,1
16788,DECODE,505,0,505,889.67,13.36,1
16789,DECODE,505,0,505,890.67,13.85,1
16790,DECODE,505,0,505,891.67,13.82,1
16791,DECODE,505,0,505,892.67,13.86,1
16792,DECODE,505,0,505,893.67,13.94,1
16793,DECODE,505,0,505,894.67,13.95,1
16794,DECODE,505,0,505,895.67,14.11,1
16795,DECODE,505,0,505,896.67,13.97,1
16796,DECODE,505,0,505,897.67,13.99,1
16797,DECODE,505,0,505,898.67,14.00,1
16798,DECODE,505,0,505,899.67,14.08,1
16799,DECODE,505,0,505,900.67,12.97,1
16800,DECODE,505,0,505,901.67,13.02,1
16801,DECODE,505,0,505,902.67,12.87,1
16802,DECODE,505,0,505,903.67,14.30,1
16803,DECODE,505,0,505,904.67,13.87,1
16804,DECODE,505,0,505,905.67,13.67,1
16805,DECODE,504,0,504,906.55,13.80,1
16806,DECODE,504,0,504,907.55,14.23,1
16807,DECODE,504,0,504,908.55,13.39,1
16808,DECODE,504,0,504,909.55,13.03,1
16809,DECODE,504,0,504,910.55,13.01,1
16810,DECODE,504,0,504,911.55,12.97,1
16811,DECODE,504,0,504,912.55,13.02,1
16812,DECODE,503,0,503,912.32,13.03,1
16813,DECODE,503,0,503,913.32,13.04,1
16814,DECODE,503,0,503,914.32,13.00,1
16815,DECODE,503,0,503,915.32,13.15,1
16816,DECODE,503,0,503,916.32,13.91,1
16817,DECODE,503,0,503,917.32,13.14,1
16818,DECODE,503,0,503,918.32,12.93,1
16819,DECODE,503,0,503,919.32,13.71,1
16820,DECODE,503,0,503,920.32,13.03,1
16821,DECODE,503,0,503,921.32,12.85,1
16822,DECODE,503,0,503,922.32,12.94,1
16823,DECODE,503,0,503,923.32,13.62,1
16824,DECODE,503,0,503,924.32,14.11,1
16825,DECODE,503,0,503,925.32,14.40,1
16826,DECODE,503,0,503,926.32,14.19,1
16827,DECODE,503,0,503,927.32,14.23,1
16828,DECODE,503,0,503,928.32,14.20,1
16829,DECODE,503,0,503,929.32,14.31,1
16830,DECODE,503,0,503,930.32,14.28,1
16831,DECODE,503,0,503,931.32,14.21,1
16832,DECODE,503,0,503,932.32,14.15,1
16833,DECODE,503,0,503,933.32,14.20,1
16834,DECODE,503,0,503,934.32,14.27,1
16835,DECODE,503,0,503,935.32,14.46,1
16836,DECODE,503,0,503,936.32,14.16,1
16837,DECODE,503,0,503,937.32,14.19,1
16838,DECODE,503,0,503,938.32,14.32,1
16839,DECODE,503,0,503,939.32,14.31,1
16840,DECODE,503,0,503,940.32,14.44,1
16841,DECODE,503,0,503,941.32,14.62,1
16842,DECODE,503,0,503,942.32,14.26,1
16843,DECODE,503,0,503,943.32,14.25,1
16844,DECODE,503,0,503,944.32,14.26,1
16845,DECODE,503,0,503,945.32,14.41,1
16846,DECODE,503,0,503,946.32,14.40,1
16847,DECODE,503,0,503,947.32,14.25,1
16848,DECODE,503,0,503,948.32,14.26,1
16849,DECODE,503,0,503,949.32,14.28,1
16850,DECODE,503,0,503,950.32,14.50,1
16851,DECODE,503,0,503,951.32,14.38,1
16852,DECODE,503,0,503,952.32,14.37,1
16853,DECODE,503,0,503,953.32,14.31,1
16854,DECODE,503,0,503,954.32,14.38,1
16855,DECODE,501,0,501,951.17,14.23,1
16856,DECODE,501,0,501,952.17,14.37,1
16857,DECODE,501,0,501,953.17,14.28,1
16858,DECODE,501,0,501,954.17,14.56,1
16859,DECODE,501,0,501,955.17,14.22,1
16860,DECODE,500,0,500,952.96,15.13,1
16861,DECODE,500,0,500,953.96,14.38,1
16862,DECODE,500,0,500,954.96,14.33,1
16863,DECODE,500,0,500,955.96,14.31,1
16864,DECODE,500,0,500,956.96,14.43,1
16865,DECODE,500,0,500,957.96,14.65,1
16866,DECODE,500,0,500,958.96,14.29,1
16867,DECODE,500,0,500,959.96,14.23,1
16868,DECODE,499,0,499,958.11,14.67,1
16869,DECODE,499,0,499,959.11,14.53,1
16870,DECODE,499,0,499,960.11,14.82,1
16871,DECODE,499,0,499,961.11,14.39,1
16872,DECODE,498,0,498,959.73,14.82,1
16873,DECODE,498,0,498,960.73,14.61,1
16874,DECODE,498,0,498,961.73,14.40,1
16875,DECODE,498,0,498,962.73,14.54,1
16876,DECODE,498,0,498,963.73,14.64,1
16877,DECODE,498,0,498,964.73,14.39,1
16878,DECODE,498,0,498,965.73,14.51,1
16879,DECODE,498,0,498,966.73,14.66,1
16880,DECODE,498,0,498,967.73,13.44,1
16881,DECODE,498,0,498,968.73,13.32,1
16882,DECODE,498,0,498,969.73,13.46,1
16883,DECODE,498,0,498,970.73,13.34,1
16884,DECODE,498,0,498,971.73,13.34,1
16885,DECODE,498,0,498,972.73,13.30,1
16886,DECODE,497,0,497,972.71,13.35,1
16887,DECODE,497,0,497,973.71,13.33,1
16888,DECODE,497,0,497,974.71,13.34,1
16889,DECODE,497,0,497,975.71,13.26,1
16890,DECODE,497,0,497,976.71,14.20,1
16891,DECODE,497,0,497,977.71,14.66,1
16892,DECODE,497,0,497,978.71,14.48,1
16893,DECODE,497,0,497,979.71,14.35,1
16894,DECODE,497,0,497,980.71,14.54,1
16895,DECODE,497,0,497,981.71,13.33,1
16896,DECODE,497,0,497,982.71,13.24,1
16897,DECODE,497,0,497,983.71,13.31,1
16898,DECODE,497,0,497,984.71,13.29,1
16899,DECODE,497,0,497,985.71,13.28,1
16900,DECODE,497,0,497,986.71,13.33,1
16901,DECODE,497,0,497,987.71,14.26,1
16902,DECODE,497,0,497,988.71,14.43,1
16903,DECODE,497,0,497,989.71,14.56,1
16904,DECODE,497,0,497,990.71,14.58,1
16905,DECODE,496,0,496,989.50,14.73,1
16906,DECODE,496,0,496,990.50,14.63,1
16907,DECODE,496,0,496,991.50,14.29,1
16908,DECODE,496,0,496,992.50,14.31,1
16909,DECODE,496,0,496,993.50,14.22,1
16910,DECODE,496,0,496,994.50,14.18,1
16911,DECODE,496,0,496,995.50,14.46,1
16912,DECODE,495,0,495,996.03,14.66,1
16913,DECODE,495,0,495,997.03,14.28,1
16914,DECODE,495,0,495,998.03,14.52,1
16915,DECODE,495,0,495,999.03,13.87,1
16916,DECODE,495,0,495,1000.03,13.35,1
16917,DECODE,494,0,494,1000.42,13.46,1
16918,DECODE,494,0,494,1001.42,13.30,1
16919,DECODE,494,0,494,1002.42,13.35,1
16920,DECODE,494,0,494,1003.42,13.59,1
16921,DECODE,494,0,494,1004.42,13.34,1
16922,DECODE,494,0,494,1005.42,13.40,1
16923,DECODE,493,0,493,1003.98,13.63,1
16924,DECODE,493,0,493,1004.98,13.70,1
16925,DECODE,493,0,493,1005.98,13.56,1
16926,DECODE,493,0,493,1006.98,13.49,1
16927,DECODE,493,0,493,1007.98,13.53,1
16928,DECODE,493,0,493,1008.98,13.43,1
16929,DECODE,493,0,493,1009.98,13.58,1
16930,DECODE,493,0,493,1010.98,13.27,1
16931,DECODE,493,0,493,1011.98,13.42,1
16932,DECODE,492,0,492,1010.76,13.39,1
16933,DECODE,492,0,492,1011.76,13.92,1
16934,DECODE,492,0,492,1012.76,13.43,1
16935,DECODE,492,0,492,1013.76,15.71,1
16936,DECODE,491,0,491,1012.29,14.85,1
16937,DECODE,491,0,491,1013.29,14.75,1
16938,DECODE,491,0,491,1014.29,14.45,1
16939,DECODE,491,0,491,1015.29,14.46,1
16940,DECODE,491,0,491,1016.29,14.36,1
16941,DECODE,491,0,491,1017.29,14.18,1
16942,DECODE,491,0,491,1018.29,14.44,1
16943,DECODE,491,0,491,1019.29,14.26,1
16944,DECODE,491,0,491,1020.29,14.28,1
16945,DECODE,491,0,491,1021.29,14.29,1
16946,DECODE,491,0,491,1022.29,14.28,1
16947,DECODE,491,0,491,1023.29,14.21,1
16948,DECODE,491,0,491,1024.29,14.51,1
16949,DECODE,491,0,491,1025.29,14.38,1
16950,DECODE,491,0,491,1026.29,14.26,1
16951,DECODE,491,0,491,1027.29,14.29,1
16952,DECODE,491,0,491,1028.29,14.31,1
16953,DECODE,491,0,491,1029.29,14.56,1
16954,DECODE,491,0,491,1030.29,14.45,1
16955,DECODE,491,0,491,1031.29,14.38,1
16956,DECODE,491,0,491,1032.29,14.32,1
16957,DECODE,491,0,491,1033.29,14.35,1
16958,DECODE,491,0,491,1034.29,14.87,1
16959,DECODE,491,0,491,1035.29,14.58,1
16960,DECODE,491,0,491,1036.29,14.65,1
16961,DECODE,490,0,490,1036.64,14.99,1
16962,DECODE,489,0,489,1036.34,15.07,1
16963,DECODE,489,0,489,1037.34,14.69,1
16964,DECODE,489,0,489,1038.34,14.58,1
16965,DECODE,489,0,489,1039.34,14.58,1
16966,DECODE,489,0,489,1040.34,14.81,1
16967,DECODE,489,0,489,1041.34,14.55,1
16968,DECODE,489,0,489,1042.34,14.62,1
16969,DECODE,489,0,489,1043.34,15.09,1
16970,DECODE,488,0,488,1043.36,15.18,1
16971,DECODE,488,0,488,1044.36,14.59,1
16972,DECODE,488,0,488,1045.36,14.57,1
16973,DECODE,488,0,488,1046.36,15.12,1
16974,DECODE,488,0,488,1047.36,14.88,1
16975,DECODE,488,0,488,1048.36,14.45,1
16976,DECODE,488,0,488,1049.36,14.72,1
16977,DECODE,488,0,488,1050.36,14.54,1
16978,DECODE,488,0,488,1051.36,14.64,1
16979,DECODE,488,0,488,1052.36,14.20,1
16980,DECODE,488,0,488,1053.36,14.05,1
16981,DECODE,488,0,488,1054.36,14.32,1
16982,DECODE,488,0,488,1055.36,14.17,1
16983,DECODE,488,0,488,1056.36,14.37,1
16984,DECODE,488,0,488,1057.36,14.33,1
16985,DECODE,488,0,488,1058.36,14.79,1
16986,DECODE,488,0,488,1059.36,14.63,1
16987,DECODE,488,0,488,1060.36,15.95,1
16988,DECODE,488,0,488,1061.36,14.63,1
16989,DECODE,488,0,488,1062.36,14.56,1
16990,DECODE,488,0,488,1063.36,14.63,1
16991,DECODE,488,0,488,1064.36,15.16,1
16992,DECODE,488,0,488,1065.36,15.01,1
16993,DECODE,488,0,488,1066.36,14.96,1
16994,DECODE,488,0,488,1067.36,14.98,1
16995,DECODE,488,0,488,1068.36,15.12,1
16996,DECODE,488,0,488,1069.36,14.90,1
16997,DECODE,488,0,488,1070.36,14.94,1
16998,DECODE,488,0,488,1071.36,15.14,1
16999,DECODE,488,0,488,1072.36,14.97,1
17000,DECODE,488,0,488,1073.36,15.39,1
17001,DECODE,488,0,488,1074.36,15.03,1
17002,DECODE,488,0,488,1075.36,14.99,1
17003,DECODE,488,0,488,1076.36,15.05,1
17004,DECODE,488,0,488,1077.36,14.92,1
17005,DECODE,488,0,488,1078.36,15.23,1
17006,DECODE,488,0,488,1079.36,15.00,1
17007,DECODE,488,0,488,1080.36,15.03,1
17008,DECODE,488,0,488,1081.36,15.06,1
17009,DECODE,487,0,487,1080.22,15.62,1
17010,DECODE,487,0,487,1081.22,15.23,1
17011,DECODE,486,0,486,1081.99,15.53,1
17012,DECODE,486,0,486,1082.99,15.02,1
17013,DECODE,486,0,486,1083.99,15.19,1
17014,DECODE,485,0,485,1084.16,15.61,1
17015,DECODE,485,0,485,1085.16,15.16,1
17016,DECODE,485,0,485,1086.16,15.02,1
17017,DECODE,485,0,485,1087.16,14.88,1
17018,DECODE,485,0,485,1088.16,14.92,1
17019,DECODE,484,0,484,1088.73,15.13,1
17020,DECODE,484,0,484,1089.73,14.83,1
17021,DECODE,484,0,484,1090.73,15.02,1
17022,DECODE,484,0,484,1091.73,14.77,1
17023,DECODE,484,0,484,1092.73,14.91,1
17024,DECODE,484,0,484,1093.73,14.87,1
17025,DECODE,484,0,484,1094.73,14.87,1
17026,DECODE,483,0,483,1096.08,15.50,1
17027,DECODE,483,0,483,1097.08,14.92,1
17028,DECODE,483,0,483,1098.08,14.93,1
17029,DECODE,483,0,483,1099.08,13.88,1
17030,DECODE,483,0,483,1100.08,13.85,1
17031,DECODE,483,0,483,1101.08,13.82,1
17032,DECODE,483,0,483,1102.08,13.87,1
17033,DECODE,483,0,483,1103.08,13.87,1
17034,DECODE,483,0,483,1104.08,13.89,1
17035,DECODE,483,0,483,1105.08,13.95,1
17036,DECODE,483,0,483,1106.08,13.88,1
17037,DECODE,483,0,483,1107.08,13.85,1
17038,DECODE,483,0,483,1108.08,13.93,1
17039,DECODE,483,0,483,1109.08,13.94,1
17040,DECODE,483,0,483,1110.08,13.93,1
17041,DECODE,483,0,483,1111.08,14.96,1
17042,DECODE,483,0,483,1112.08,15.04,1
17043,DECODE,482,0,482,1110.75,15.34,1
17044,DECODE,482,0,482,1111.75,14.99,1
17045,DECODE,482,0,482,1112.75,15.02,1
17046,DECODE,482,0,482,1113.75,15.03,1
17047,DECODE,482,0,482,1114.75,14.95,1
17048,DECODE,481,0,481,1115.36,15.59,1
17049,DECODE,481,0,481,1116.36,15.06,1
17050,DECODE,481,0,481,1117.36,14.23,1
17051,DECODE,481,0,481,1118.36,13.96,1
17052,DECODE,481,0,481,1119.36,13.91,1
17053,DECODE,481,0,481,1120.36,15.17,1
17054,DECODE,480,0,480,1118.36,17.00,1
17055,DECODE,480,0,480,1119.36,14.82,1
17056,DECODE,479,0,479,1119.48,15.21,1
17057,DECODE,477,0,477,1115.10,15.25,1
17058,DECODE,477,0,477,1116.10,14.97,1
17059,DECODE,477,0,477,1117.10,14.67,1
17060,DECODE,477,0,477,1118.10,15.35,1
17061,DECODE,475,0,475,1117.92,15.10,1
17062,DECODE,475,0,475,1118.92,14.78,1
17063,DECODE,475,0,475,1119.92,14.76,1
17064,DECODE,475,0,475,1120.92,14.93,1
17065,DECODE,475,0,475,1121.92,14.78,1
17066,DECODE,475,0,475,1122.92,14.73,1
17067,DECODE,475,0,475,1123.92,14.66,1
17068,DECODE,475,0,475,1124.92,14.91,1
17069,DECODE,475,0,475,1125.92,14.99,1
17070,DECODE,475,0,475,1126.92,14.80,1
17071,DECODE,475,0,475,1127.92,14.75,1
17072,DECODE,474,0,474,1127.81,15.12,1
17073,DECODE,474,0,474,1128.81,14.77,1
17074,DECODE,474,0,474,1129.81,14.89,1
17075,DECODE,474,0,474,1130.81,14.74,1
17076,DECODE,474,0,474,1131.81,14.76,1
17077,DECODE,474,0,474,1132.81,14.76,1
17078,DECODE,474,0,474,1133.81,14.66,1
17079,DECODE,474,0,474,1134.81,14.77,1
17080,DECODE,474,0,474,1135.81,14.82,1
17081,DECODE,474,0,474,1136.81,14.72,1
17082,DECODE,474,0,474,1137.81,14.79,1
17083,DECODE,474,0,474,1138.81,14.76,1
17084,DECODE,474,0,474,1139.81,14.71,1
17085,DECODE,474,0,474,1140.81,15.04,1
17086,DECODE,474,0,474,1141.81,14.84,1
17087,DECODE,474,0,474,1142.81,14.78,1
17088,DECODE,474,0,474,1143.81,14.84,1
17089,DECODE,474,0,474,1144.81,14.78,1
17090,DECODE,474,0,474,1145.81,15.05,1
17091,DECODE,474,0,474,1146.81,14.88,1
17092,DECODE,474,0,474,1147.81,14.84,1
17093,DECODE,474,0,474,1148.81,14.79,1
17094,DECODE,473,0,473,1149.16,15.12,1
17095,DECODE,473,0,473,1150.16,14.91,1
17096,DECODE,473,0,473,1151.16,15.17,1
17097,DECODE,473,0,473,1152.16,14.71,1
17098,DECODE,473,0,473,1153.16,14.92,1
17099,DECODE,473,0,473,1154.16,14.77,1
17100,DECODE,473,0,473,1155.16,14.77,1
17101,DECODE,473,0,473,1156.16,15.03,1
17102,DECODE,473,0,473,1157.16,14.70,1
17103,DECODE,473,0,473,1158.16,14.83,1
17104,DECODE,473,0,473,1159.16,14.86,1
17105,DECODE,473,0,473,1160.16,14.74,1
17106,DECODE,473,0,473,1161.16,14.76,1
17107,DECODE,473,0,473,1162.16,14.46,1
17108,DECODE,473,0,473,1163.16,14.20,1
17109,DECODE,473,0,473,1164.16,14.26,1
17110,DECODE,473,0,473,1165.16,14.12,1
17111,DECODE,473,0,473,1166.16,13.99,1
17112,DECODE,473,0,473,1167.16,14.88,1
17113,DECODE,473,0,473,1168.16,14.75,1
17114,DECODE,473,0,473,1169.16,14.74,1
17115,DECODE,472,0,472,1167.81,15.57,1
17116,DECODE,472,0,472,1168.81,14.76,1
17117,DECODE,472,0,472,1169.81,14.98,1
17118,DECODE,472,0,472,1170.81,14.64,1
17119,DECODE,472,0,472,1171.81,14.77,1
17120,DECODE,472,0,472,1172.81,14.73,1
17121,DECODE,472,0,472,1173.81,14.75,1
17122,DECODE,472,0,472,1174.81,14.82,1
17123,DECODE,472,0,472,1175.81,15.43,1
17124,DECODE,472,0,472,1176.81,14.81,1
17125,DECODE,472,0,472,1177.81,15.00,1
17126,DECODE,472,0,472,1178.81,14.88,1
17127,DECODE,471,0,471,1180.44,15.34,1
17128,DECODE,470,0,470,1178.82,15.52,1
17129,DECODE,470,0,470,1179.82,14.99,1
17130,DECODE,470,0,470,1180.82,14.86,1
17131,DECODE,470,0,470,1181.82,14.89,1
17132,DECODE,468,0,468,1179.18,15.42,1
17133,DECODE,468,0,468,1180.18,14.96,1
17134,DECODE,468,0,468,1181.18,15.17,1
17135,DECODE,468,0,468,1182.18,14.98,1
17136,DECODE,468,0,468,1183.18,14.96,1
17137,DECODE,468,0,468,1184.18,15.02,1
17138,DECODE,468,0,468,1185.18,15.00,1
17139,DECODE,467,0,467,1186.81,15.50,1
17140,DECODE,467,0,467,1187.81,15.09,1
17141,DECODE,467,0,467,1188.81,15.02,1
17142,DECODE,467,0,467,1189.81,14.93,1
17143,DECODE,466,0,466,1189.82,15.79,1
17144,DECODE,466,0,466,1190.82,15.09,1
17145,DECODE,466,0,466,1191.82,15.16,1
17146,DECODE,466,0,466,1192.82,14.96,1
17147,DECODE,466,0,466,1193.82,15.08,1
17148,DECODE,466,0,466,1194.82,15.01,1
17149,DECODE,466,0,466,1195.82,15.11,1
17150,DECODE,466,0,466,1196.82,15.21,1
17151,DECODE,466,0,466,1197.82,16.73,1
17152,DECODE,466,0,466,1198.82,15.20,1
17153,DECODE,466,0,466,1199.82,15.10,1
17154,DECODE,466,0,466,1200.82,15.06,1
17155,DECODE,466,0,466,1201.82,15.05,1
17156,DECODE,466,0,466,1202.82,15.37,1
17157,DECODE,466,0,466,1203.82,15.05,1
17158,DECODE,466,0,466,1204.82,15.21,1
17159,DECODE,466,0,466,1205.82,15.02,1
17160,DECODE,466,0,466,1206.82,15.12,1
17161,DECODE,466,0,466,1207.82,15.27,1
17162,DECODE,466,0,466,1208.82,15.06,1
17163,DECODE,466,0,466,1209.82,15.04,1
17164,DECODE,466,0,466,1210.82,15.01,1
17165,DECODE,466,0,466,1211.82,15.07,1
17166,DECODE,466,0,466,1212.82,15.13,1
17167,DECODE,466,0,466,1213.82,15.30,1
17168,DECODE,466,0,466,1214.82,15.07,1
17169,DECODE,466,0,466,1215.82,15.03,1
17170,DECODE,466,0,466,1216.82,15.11,1
17171,DECODE,466,0,466,1217.82,15.09,1
17172,DECODE,466,0,466,1218.82,15.43,1
17173,DECODE,466,0,466,1219.82,15.10,1
17174,DECODE,466,0,466,1220.82,15.24,1
17175,DECODE,465,0,465,1218.94,15.73,1
17176,DECODE,465,0,465,1219.94,15.47,1
17177,DECODE,465,0,465,1220.94,15.22,1
17178,DECODE,465,0,465,1221.94,15.39,1
17179,DECODE,465,0,465,1222.94,15.72,1
17180,DECODE,465,0,465,1223.94,15.22,1
17181,DECODE,465,0,465,1224.94,15.23,1
17182,DECODE,465,0,465,1225.94,15.17,1
17183,DECODE,465,0,465,1226.94,15.45,1
17184,DECODE,465,0,465,1227.94,15.18,1
17185,DECODE,465,0,465,1228.94,15.26,1
17186,DECODE,464,0,464,1227.07,17.17,1
17187,DECODE,464,0,464,1228.07,15.09,1
17188,DECODE,464,0,464,1229.07,14.97,1
17189,DECODE,463,0,463,1230.47,15.54,1
17190,DECODE,463,0,463,1231.47,15.09,1
17191,DECODE,463,0,463,1232.47,15.06,1
17192,DECODE,462,0,462,1230.59,15.28,1
17193,DECODE,462,0,462,1231.59,15.15,1
17194,DECODE,462,0,462,1232.59,14.93,1
17195,DECODE,462,0,462,1233.59,14.80,1
17196,DECODE,462,0,462,1234.59,14.69,1
17197,DECODE,462,0,462,1235.59,14.80,1
17198,DECODE,462,0,462,1236.59,14.84,1
17199,DECODE,462,0,462,1237.59,14.85,1
17200,DECODE,462,0,462,1238.59,15.08,1
17201,DECODE,462,0,462,1239.59,16.23,1
17202,DECODE,462,0,462,1240.59,14.88,1
17203,DECODE,462,0,462,1241.59,14.98,1
17204,DECODE,462,0,462,1242.59,14.89,1
17205,DECODE,461,0,461,1242.89,15.52,1
17206,DECODE,461,0,461,1243.89,14.86,1
17207,DECODE,461,0,461,1244.89,14.92,1
17208,DECODE,461,0,461,1245.89,14.76,1
17209,DECODE,461,0,461,1246.89,14.87,1
17210,DECODE,461,0,461,1247.89,14.88,1
17211,DECODE,461,0,461,1248.89,15.05,1
17212,DECODE,461,0,461,1249.89,14.90,1
17213,DECODE,461,0,461,1250.89,14.90,1
17214,DECODE,460,0,460,1251.20,15.34,1
17215,DECODE,460,0,460,1252.20,14.86,1
17216,DECODE,460,0,460,1253.20,15.11,1
17217,DECODE,460,0,460,1254.20,14.96,1
17218,DECODE,460,0,460,1255.20,14.88,1
17219,DECODE,460,0,460,1256.20,14.99,1
17220,DECODE,460,0,460,1257.20,14.85,1
17221,DECODE,460,0,460,1258.20,14.94,1
17222,DECODE,460,0,460,1259.20,15.13,1
17223,DECODE,460,0,460,1260.20,14.85,1
17224,DECODE,460,0,460,1261.20,14.86,1
17225,DECODE,460,0,460,1262.20,14.92,1
17226,DECODE,460,0,460,1263.20,14.97,1
17227,DECODE,460,0,460,1264.20,14.73,1
17228,DECODE,460,0,460,1265.20,16.22,1
17229,DECODE,460,0,460,1266.20,15.00,1
17230,DECODE,460,0,460,1267.20,14.86,1
17231,DECODE,460,0,460,1268.20,14.88,1
17232,DECODE,460,0,460,1269.20,14.92,1
17233,DECODE,460,0,460,1270.20,15.15,1
17234,DECODE,460,0,460,1271.20,14.82,1
17235,DECODE,460,0,460,1272.20,14.79,1
17236,DECODE,460,0,460,1273.20,14.96,1
17237,DECODE,460,0,460,1274.20,14.79,1
17238,DECODE,460,0,460,1275.20,14.86,1
17239,DECODE,460,0,460,1276.20,15.00,1
17240,DECODE,460,0,460,1277.20,14.91,1
17241,DECODE,460,0,460,1278.20,14.96,1
17242,DECODE,460,0,460,1279.20,14.91,1
17243,DECODE,460,0,460,1280.20,14.86,1
17244,DECODE,460,0,460,1281.20,15.15,1
17245,DECODE,460,0,460,1282.20,14.98,1
17246,DECODE,460,0,460,1283.20,15.05,1
17247,DECODE,460,0,460,1284.20,14.97,1
17248,DECODE,460,0,460,1285.20,15.03,1
17249,DECODE,460,0,460,1286.20,15.00,1
17250,DECODE,460,0,460,1287.20,15.24,1
17251,DECODE,460,0,460,1288.20,15.06,1
17252,DECODE,460,0,460,1289.20,14.51,1
17253,DECODE,460,0,460,1290.20,14.96,1
17254,DECODE,460,0,460,1291.20,15.07,1
17255,DECODE,460,0,460,1292.20,15.29,1
17256,DECODE,460,0,460,1293.20,14.93,1
17257,DECODE,460,0,460,1294.20,15.10,1
17258,DECODE,460,0,460,1295.20,15.24,1
17259,DECODE,460,0,460,1296.20,15.31,1
17260,DECODE,460,0,460,1297.20,15.30,1
17261,DECODE,460,0,460,1298.20,15.51,1
17262,DECODE,460,0,460,1299.20,15.31,1
17263,DECODE,460,0,460,1300.20,15.37,1
17264,DECODE,460,0,460,1301.20,15.40,1
17265,DECODE,460,0,460,1302.20,15.35,1
17266,DECODE,460,0,460,1303.20,15.29,1
17267,DECODE,460,0,460,1304.20,15.52,1
17268,DECODE,459,0,459,1302.46,15.74,1
17269,DECODE,459,0,459,1303.46,15.13,1
17270,DECODE,459,0,459,1304.46,15.07,1
17271,DECODE,458,0,458,1304.78,15.49,1
17272,DECODE,457,0,457,1303.04,15.58,1
17273,DECODE,456,0,456,1301.28,15.38,1
17274,DECODE,456,0,456,1302.28,15.06,1
17275,DECODE,456,0,456,1303.28,15.10,1
17276,DECODE,454,0,454,1301.28,15.29,1
17277,DECODE,454,0,454,1302.28,14.90,1
17278,DECODE,454,0,454,1303.28,15.13,1
17279,DECODE,454,0,454,1304.28,14.97,1
17280,DECODE,454,0,454,1305.28,15.10,1
17281,DECODE,454,0,454,1306.28,15.01,1
17282,DECODE,454,0,454,1307.28,14.97,1
17283,DECODE,454,0,454,1308.28,15.22,1
17284,DECODE,453,0,453,1306.52,15.32,1
17285,DECODE,453,0,453,1307.52,14.94,1
17286,DECODE,453,0,453,1308.52,14.99,1
17287,DECODE,452,0,452,1306.75,15.29,1
17288,DECODE,452,0,452,1307.75,14.99,1
17289,DECODE,452,0,452,1308.75,15.10,1
17290,DECODE,452,0,452,1309.75,15.41,1
17291,DECODE,452,0,452,1310.75,15.09,1
17292,DECODE,452,0,452,1311.75,14.92,1
17293,DECODE,452,0,452,1312.75,15.01,1
17294,DECODE,451,0,451,1313.98,14.06,1
17295,DECODE,451,0,451,1314.98,14.00,1
17296,DECODE,451,0,451,1315.98,14.00,1
17297,DECODE,451,0,451,1316.98,13.95,1
17298,DECODE,451,0,451,1317.98,13.64,1
17299,DECODE,451,0,451,1318.98,13.98,1
17300,DECODE,451,0,451,1319.98,14.11,1
17301,DECODE,451,0,451,1320.98,14.02,1
17302,DECODE,451,0,451,1321.98,13.93,1
17303,DECODE,451,0,451,1322.98,13.94,1
17304,DECODE,451,0,451,1323.98,16.05,1
17305,DECODE,451,0,451,1324.98,14.98,1
17306,DECODE,451,0,451,1325.98,15.33,1
17307,DECODE,451,0,451,1326.98,14.03,1
17308,DECODE,451,0,451,1327.98,13.98,1
17309,DECODE,451,0,451,1328.98,14.03,1
17310,DECODE,451,0,451,1329.98,13.99,1
17311,DECODE,450,0,450,1328.25,13.84,1
17312,DECODE,450,0,450,1329.25,14.07,1
17313,DECODE,450,0,450,1330.25,14.10,1
17314,DECODE,450,0,450,1331.25,13.92,1
17315,DECODE,450,0,450,1332.25,15.21,1
17316,DECODE,449,0,449,1332.96,15.26,1
17317,DECODE,449,0,449,1333.96,15.41,1
17318,DECODE,449,0,449,1334.96,15.01,1
17319,DECODE,449,0,449,1335.96,15.22,1
17320,DECODE,449,0,449,1336.96,15.07,1
17321,DECODE,449,0,449,1337.96,15.03,1
17322,DECODE,449,0,449,1338.96,15.15,1
17323,DECODE,449,0,449,1339.96,15.32,1
17324,DECODE,448,0,448,1340.62,17.51,1
17325,DECODE,448,0,448,1341.62,15.02,1
17326,DECODE,447,0,447,1343.10,15.51,1
17327,DECODE,447,0,447,1344.10,15.18,1
17328,DECODE,447,0,447,1345.10,15.02,1
17329,DECODE,447,0,447,1346.10,15.38,1
17330,DECODE,447,0,447,1347.10,14.98,1
17331,DECODE,446,0,446,1346.24,15.73,1
17332,DECODE,446,0,446,1347.24,15.22,1
17333,DECODE,446,0,446,1348.24,15.00,1
17334,DECODE,445,0,445,1346.52,15.56,1
17335,DECODE,445,0,445,1347.52,15.26,1
17336,DECODE,443,0,443,1343.79,15.65,1
17337,DECODE,443,0,443,1344.79,15.03,1
17338,DECODE,443,0,443,1345.79,14.86,1
17339,DECODE,443,0,443,1346.79,14.90,1
17340,DECODE,443,0,443,1347.79,15.17,1
17341,DECODE,443,0,443,1348.79,15.06,1
17342,DECODE,443,0,443,1349.79,14.99,1
17343,DECODE,442,0,442,1351.21,15.68,1
17344,DECODE,442,0,442,1352.21,15.08,1
17345,DECODE,442,0,442,1353.21,14.96,1
17346,DECODE,441,0,441,1351.48,15.39,1
17347,DECODE,441,0,441,1352.48,14.92,1
17348,DECODE,441,0,441,1353.48,14.84,1
17349,DECODE,441,0,441,1354.48,14.94,1
17350,DECODE,441,0,441,1355.48,14.93,1
17351,DECODE,441,0,441,1356.48,14.96,1
17352,DECODE,441,0,441,1357.48,15.08,1
17353,DECODE,441,0,441,1358.48,14.97,1
17354,DECODE,441,0,441,1359.48,14.99,1
17355,DECODE,441,0,441,1360.48,14.96,1
17356,DECODE,441,0,441,1361.48,15.01,1
17357,DECODE,441,0,441,1362.48,14.94,1
17358,DECODE,441,0,441,1363.48,15.02,1
17359,DECODE,441,0,441,1364.48,14.99,1
17360,DECODE,441,0,441,1365.48,14.90,1
17361,DECODE,441,0,441,1366.48,14.88,1
17362,DECODE,441,0,441,1367.48,16.00,1
17363,DECODE,441,0,441,1368.48,15.15,1
17364,DECODE,441,0,441,1369.48,15.10,1
17365,DECODE,441,0,441,1370.48,15.10,1
17366,DECODE,437,0,437,1361.27,15.33,1
17367,DECODE,437,0,437,1362.27,15.00,1
17368,DECODE,436,0,436,1360.53,15.48,1
17369,DECODE,436,0,436,1361.53,15.19,1
17370,DECODE,436,0,436,1362.53,15.26,1
17371,DECODE,436,0,436,1363.53,14.99,1
17372,DECODE,436,0,436,1364.53,14.96,1
17373,DECODE,436,0,436,1365.53,15.06,1
17374,DECODE,436,0,436,1366.53,14.99,1
17375,DECODE,436,0,436,1367.53,15.25,1
17376,DECODE,436,0,436,1368.53,15.09,1
17377,DECODE,436,0,436,1369.53,15.53,1
17378,DECODE,435,0,435,1367.79,15.38,1
17379,DECODE,435,0,435,1368.79,15.11,1
17380,DECODE,434,0,434,1369.03,15.27,1
17381,DECODE,432,0,432,1366.16,16.67,1
17382,DECODE,432,0,432,1367.16,14.67,1
17383,DECODE,431,0,431,1365.39,15.35,1
17384,DECODE,431,0,431,1366.39,15.26,1
17385,DECODE,431,0,431,1367.39,14.65,1
17386,DECODE,430,0,430,1365.62,15.07,1
17387,DECODE,430,0,430,1366.62,15.00,1
17388,DECODE,430,0,430,1367.62,14.76,1
17389,DECODE,430,0,430,1368.62,14.77,1
17390,DECODE,430,0,430,1369.62,14.70,1
17391,DECODE,430,0,430,1370.62,14.77,1
17392,DECODE,429,0,429,1368.86,15.08,1
17393,DECODE,429,0,429,1369.86,15.04,1
17394,DECODE,429,0,429,1370.86,14.74,1
17395,DECODE,429,0,429,1371.86,14.84,1
17396,DECODE,429,0,429,1372.86,14.82,1
17397,DECODE,429,0,429,1373.86,14.70,1
17398,DECODE,428,0,428,1372.44,15.14,1
17399,DECODE,428,0,428,1373.44,15.11,1
17400,DECODE,428,0,428,1374.44,14.73,1
17401,DECODE,428,0,428,1375.44,14.77,1
17402,DECODE,428,0,428,1376.44,13.71,1
17403,DECODE,428,0,428,1377.44,13.71,1
17404,DECODE,428,0,428,1378.44,15.60,1
17405,DECODE,427,0,427,1378.21,13.77,1
17406,DECODE,427,0,427,1379.21,14.89,1
17407,DECODE,426,0,426,1377.44,14.65,1
17408,DECODE,426,0,426,1378.44,14.06,1
17409,DECODE,426,0,426,1379.44,13.76,1
17410,DECODE,425,0,425,1377.66,13.47,1
17411,DECODE,424,0,424,1375.88,14.30,1
17412,DECODE,424,0,424,1376.88,13.99,1
17413,DECODE,424,0,424,1377.88,13.85,1
17414,DECODE,424,0,424,1378.88,13.75,1
17415,DECODE,424,0,424,1379.88,13.79,1
17416,DECODE,424,0,424,1380.88,13.77,1
17417,DECODE,424,0,424,1381.88,13.80,1
17418,DECODE,424,0,424,1382.88,13.82,1
17419,DECODE,424,0,424,1383.88,13.86,1
17420,DECODE,424,0,424,1384.88,13.81,1
17421,DECODE,424,0,424,1385.88,13.75,1
17422,DECODE,424,0,424,1386.88,13.85,1
17423,DECODE,424,0,424,1387.88,13.86,1
17424,DECODE,424,0,424,1388.88,13.86,1
17425,DECODE,424,0,424,1389.88,14.42,1
17426,DECODE,424,0,424,1390.88,14.69,1
17427,DECODE,424,0,424,1391.88,14.83,1
17428,DECODE,424,0,424,1392.88,14.92,1
17429,DECODE,424,0,424,1393.88,15.00,1
17430,DECODE,424,0,424,1394.88,14.81,1
17431,DECODE,424,0,424,1395.88,14.86,1
17432,DECODE,424,0,424,1396.88,14.71,1
17433,DECODE,424,0,424,1397.88,14.94,1
17434,DECODE,424,0,424,1398.88,15.00,1
17435,DECODE,424,0,424,1399.88,15.04,1
17436,DECODE,424,0,424,1400.88,14.76,1
17437,DECODE,424,0,424,1401.88,15.12,1
17438,DECODE,424,0,424,1402.88,15.10,1
17439,DECODE,424,0,424,1403.88,15.04,1
17440,DECODE,424,0,424,1404.88,14.84,1
17441,DECODE,424,0,424,1405.88,15.31,1
17442,DECODE,424,0,424,1406.88,14.93,1
17443,DECODE,423,0,423,1405.15,15.42,1
17444,DECODE,423,0,423,1406.15,14.95,1
17445,DECODE,422,0,422,1404.41,16.40,1
17446,DECODE,422,0,422,1405.41,14.91,1
17447,DECODE,422,0,422,1406.41,15.10,1
17448,DECODE,422,0,422,1407.41,14.77,1
17449,DECODE,422,0,422,1408.41,14.92,1
17450,DECODE,422,0,422,1409.41,15.13,1
17451,DECODE,421,0,421,1409.94,15.71,1
17452,DECODE,421,0,421,1410.94,14.70,1
17453,DECODE,421,0,421,1411.94,14.99,1
17454,DECODE,420,0,420,1410.20,15.33,1
17455,DECODE,420,0,420,1411.20,14.85,1
17456,DECODE,420,0,420,1412.20,18.20,1
17457,DECODE,420,0,420,1413.20,15.13,1
17458,DECODE,420,0,420,1414.20,14.98,1
17459,DECODE,420,0,420,1415.20,15.47,1
17460,DECODE,420,0,420,1416.20,14.94,1
17461,DECODE,420,0,420,1417.20,14.95,1
17462,DECODE,420,0,420,1418.20,14.96,1
17463,DECODE,420,0,420,1419.20,14.92,1
17464,DECODE,420,0,420,1420.20,14.96,1
17465,DECODE,420,0,420,1421.20,14.31,1
17466,DECODE,420,0,420,1422.20,13.82,1
17467,DECODE,420,0,420,1423.20,13.85,1
17468,DECODE,420,0,420,1424.20,13.87,1
17469,DECODE,420,0,420,1425.20,13.83,1
17470,DECODE,420,0,420,1426.20,13.85,1
17471,DECODE,420,0,420,1427.20,14.04,1
17472,DECODE,419,0,419,1427.52,13.94,1
17473,DECODE,418,0,418,1428.96,14.09,1
17474,DECODE,418,0,418,1429.96,13.87,1
17475,DECODE,418,0,418,1430.96,13.93,1
17476,DECODE,418,0,418,1431.96,13.96,1
17477,DECODE,418,0,418,1432.96,13.94,1
17478,DECODE,418,0,418,1433.96,13.86,1
17479,DECODE,418,0,418,1434.96,13.91,1
17480,DECODE,418,0,418,1435.96,13.94,1
17481,DECODE,418,0,418,1436.96,14.00,1
17482,DECODE,418,0,418,1437.96,14.01,1
17483,DECODE,418,0,418,1438.96,13.91,1
17484,DECODE,418,0,418,1439.96,13.90,1
17485,DECODE,418,0,418,1440.96,13.93,1
17486,DECODE,418,0,418,1441.96,13.89,1
17487,DECODE,418,0,418,1442.96,13.97,1
17488,DECODE,418,0,418,1443.96,13.89,1
17489,DECODE,418,0,418,1444.96,14.04,1
17490,DECODE,418,0,418,1445.96,14.11,1
17491,DECODE,418,0,418,1446.96,13.92,1
17492,DECODE,418,0,418,1447.96,14.45,1
17493,DECODE,418,0,418,1448.96,14.90,1
17494,DECODE,418,0,418,1449.96,14.90,1
17495,DECODE,417,0,417,1450.57,15.31,1
17496,DECODE,417,0,417,1451.57,14.98,1
17497,DECODE,417,0,417,1452.57,14.11,1
17498,DECODE,417,0,417,1453.57,14.14,1
17499,DECODE,417,0,417,1454.57,14.50,1
17500,DECODE,417,0,417,1455.57,14.27,1
17501,DECODE,417,0,417,1456.57,14.31,1
17502,DECODE,417,0,417,1457.57,14.17,1
17503,DECODE,417,0,417,1458.57,14.12,1
17504,DECODE,417,0,417,1459.57,14.09,1
17505,DECODE,417,0,417,1460.57,14.14,1
17506,DECODE,417,0,417,1461.57,15.39,1
17507,DECODE,416,0,416,1459.93,15.55,1
17508,DECODE,416,0,416,1460.93,14.56,1
17509,DECODE,416,0,416,1461.93,14.45,1
17510,DECODE,416,0,416,1462.93,14.41,1
17511,DECODE,416,0,416,1463.93,14.51,1
17512,DECODE,416,0,416,1464.93,14.45,1
17513,DECODE,416,0,416,1465.93,14.46,1
17514,DECODE,416,0,416,1466.93,14.49,1
17515,DECODE,416,0,416,1467.93,14.22,1
17516,DECODE,416,0,416,1468.93,14.40,1
17517,DECODE,416,0,416,1469.93,14.46,1
17518,DECODE,416,0,416,1470.93,14.25,1
17519,DECODE,416,0,416,1471.93,14.47,1
17520,DECODE,416,0,416,1472.93,14.52,1
17521,DECODE,416,0,416,1473.93,14.59,1
17522,DECODE,416,0,416,1474.93,14.51,1
17523,DECODE,416,0,416,1475.93,14.61,1
17524,DECODE,416,0,416,1476.93,14.39,1
17525,DECODE,416,0,416,1477.93,15.48,1
17526,DECODE,416,0,416,1478.93,15.58,1
17527,DECODE,416,0,416,1479.93,15.91,1
17528,DECODE,416,0,416,1480.93,15.49,1
17529,DECODE,416,0,416,1481.93,16.80,1
17530,DECODE,416,0,416,1482.93,15.63,1
17531,DECODE,416,0,416,1483.93,15.61,1
17532,DECODE,416,0,416,1484.93,15.56,1
17533,DECODE,416,0,416,1485.93,16.84,1
17534,DECODE,416,0,416,1486.93,15.90,1
17535,DECODE,416,0,416,1487.93,15.50,1
17536,DECODE,415,0,415,1489.37,16.10,1
17537,DECODE,415,0,415,1490.37,15.63,1
17538,DECODE,415,0,415,1491.37,15.57,1
17539,DECODE,414,0,414,1489.79,17.52,1
17540,DECODE,414,0,414,1490.79,15.70,1
17541,DECODE,414,0,414,1491.79,15.69,1
17542,DECODE,414,0,414,1492.79,15.67,1
17543,DECODE,414,0,414,1493.79,15.70,1
17544,DECODE,414,0,414,1494.79,15.63,1
17545,DECODE,414,0,414,1495.79,16.08,1
17546,DECODE,414,0,414,1496.79,15.58,1
17547,DECODE,414,0,414,1497.79,15.81,1
17548,DECODE,414,0,414,1498.79,15.69,1
17549,DECODE,414,0,414,1499.79,15.67,1
17550,DECODE,414,0,414,1500.79,16.87,1
17551,DECODE,414,0,414,1501.79,17.36,1
17552,DECODE,414,0,414,1502.79,15.82,1
17553,DECODE,414,0,414,1503.79,15.67,1
17554,DECODE,414,0,414,1504.79,15.82,1
17555,DECODE,414,0,414,1505.79,15.67,1
17556,DECODE,414,0,414,1506.79,15.71,1
17557,DECODE,414,0,414,1507.79,16.57,1
17558,DECODE,414,0,414,1508.79,15.62,1
17559,DECODE,414,0,414,1509.79,15.68,1
17560,DECODE,413,0,413,1511.32,15.89,1
17561,DECODE,413,0,413,1512.32,15.74,1
17562,DECODE,413,0,413,1513.32,16.69,1
17563,DECODE,413,0,413,1514.32,16.37,1
17564,DECODE,413,0,413,1515.32,15.68,1
17565,DECODE,413,0,413,1516.32,15.87,1
17566,DECODE,413,0,413,1517.32,15.65,1
17567,DECODE,413,0,413,1518.32,15.66,1
17568,DECODE,413,0,413,1519.32,15.71,1
17569,DECODE,413,0,413,1520.32,15.79,1
17570,DECODE,413,0,413,1521.32,17.15,1
17571,DECODE,413,0,413,1522.32,15.65,1
17572,DECODE,413,0,413,1523.32,15.65,1
17573,DECODE,413,0,413,1524.32,15.87,1
17574,DECODE,413,0,413,1525.32,15.70,1
17575,DECODE,413,0,413,1526.32,15.73,1
17576,DECODE,413,0,413,1527.32,16.04,1
17577,DECODE,413,0,413,1528.32,18.19,1
17578,DECODE,413,0,413,1529.32,15.96,1
17579,DECODE,413,0,413,1530.32,15.76,1
17580,DECODE,413,0,413,1531.32,15.95,1
17581,DECODE,413,0,413,1532.32,15.04,1
17582,DECODE,413,0,413,1533.32,17.47,1
17583,DECODE,413,0,413,1534.32,14.58,1
17584,DECODE,412,0,412,1535.78,16.12,1
17585,DECODE,412,0,412,1536.78,15.01,1
17586,DECODE,411,0,411,1538.14,16.34,1
17587,DECODE,410,0,410,1536.65,16.24,1
17588,DECODE,410,0,410,1537.65,16.52,1
17589,DECODE,410,0,410,1538.65,14.59,1
17590,DECODE,410,0,410,1539.65,15.75,1
17591,DECODE,410,0,410,1540.65,15.73,1
17592,DECODE,410,0,410,1541.65,15.83,1
17593,DECODE,410,0,410,1542.65,16.49,1
17594,DECODE,410,0,410,1543.65,15.94,1
17595,DECODE,410,0,410,1544.65,16.48,1
17596,DECODE,410,0,410,1545.65,15.84,1
17597,DECODE,410,0,410,1546.65,17.31,1
17598,DECODE,410,0,410,1547.65,16.10,1
17599,DECODE,410,0,410,1548.65,15.50,1
17600,DECODE,410,0,410,1549.65,17.49,1
17601,DECODE,409,0,409,1549.62,17.23,1
17602,DECODE,409,0,409,1550.62,15.85,1
17603,DECODE,409,0,409,1551.62,15.76,1
17604,DECODE,409,0,409,1552.62,15.85,1
17605,DECODE,409,0,409,1553.62,15.77,1
17606,DECODE,409,0,409,1554.62,15.76,1
17607,DECODE,409,0,409,1555.62,16.41,1
17608,DECODE,409,0,409,1556.62,15.79,1
17609,DECODE,409,0,409,1557.62,15.74,1
17610,DECODE,409,0,409,1558.62,15.81,1
17611,DECODE,409,0,409,1559.62,15.73,1
17612,DECODE,409,0,409,1560.62,15.85,1
17613,DECODE,409,0,409,1561.62,16.03,1
17614,DECODE,409,0,409,1562.62,15.75,1
17615,DECODE,409,0,409,1563.62,15.84,1
17616,DECODE,409,0,409,1564.62,15.74,1
17617,DECODE,409,0,409,1565.62,15.71,1
17618,DECODE,409,0,409,1566.62,15.81,1
17619,DECODE,409,0,409,1567.62,17.10,1
17620,DECODE,408,0,408,1569.12,16.81,1
17621,DECODE,408,0,408,1570.12,15.84,1
17622,DECODE,407,0,407,1568.68,16.27,1
17623,DECODE,407,0,407,1569.68,15.87,1
17624,DECODE,407,0,407,1570.68,15.82,1
17625,DECODE,407,0,407,1571.68,17.09,1
17626,DECODE,407,0,407,1572.68,16.12,1
17627,DECODE,407,0,407,1573.68,15.87,1
17628,DECODE,407,0,407,1574.68,15.85,1
17629,DECODE,407,0,407,1575.68,15.99,1
17630,DECODE,407,0,407,1576.68,15.92,1
17631,DECODE,407,0,407,1577.68,15.88,1
17632,DECODE,407,0,407,1578.68,16.10,1
17633,DECODE,407,0,407,1579.68,15.82,1
17634,DECODE,407,0,407,1580.68,15.96,1
17635,DECODE,407,0,407,1581.68,15.76,1
17636,DECODE,407,0,407,1582.68,15.84,1
17637,DECODE,407,0,407,1583.68,15.90,1
17638,DECODE,407,0,407,1584.68,16.15,1
17639,DECODE,406,0,406,1585.73,16.25,1
17640,DECODE,406,0,406,1586.73,15.96,1
17641,DECODE,406,0,406,1587.73,15.97,1
17642,DECODE,405,0,405,1586.33,16.28,1
17643,DECODE,405,0,405,1587.33,16.00,1
17644,DECODE,405,0,405,1588.33,16.02,1
17645,DECODE,405,0,405,1589.33,16.26,1
17646,DECODE,405,0,405,1590.33,15.92,1
17647,DECODE,405,0,405,1591.33,16.23,1
17648,DECODE,405,0,405,1592.33,16.00,1
17649,DECODE,405,0,405,1593.33,16.22,1
17650,DECODE,405,0,405,1594.33,15.82,1
17651,DECODE,405,0,405,1595.33,15.97,1
17652,DECODE,405,0,405,1596.33,16.12,1
17653,DECODE,405,0,405,1597.33,16.06,1
17654,DECODE,405,0,405,1598.33,16.20,1
17655,DECODE,405,0,405,1599.33,15.99,1
17656,DECODE,405,0,405,1600.33,16.09,1
17657,DECODE,405,0,405,1601.33,16.34,1
17658,DECODE,405,0,405,1602.33,15.86,1
17659,DECODE,405,0,405,1603.33,16.16,1
17660,DECODE,405,0,405,1604.33,15.81,1
17661,DECODE,405,0,405,1605.33,16.12,1
17662,DECODE,405,0,405,1606.33,16.07,1
17663,DECODE,405,0,405,1607.33,16.06,1
17664,DECODE,405,0,405,1608.33,16.12,1
17665,DECODE,405,0,405,1609.33,15.97,1
17666,DECODE,405,0,405,1610.33,16.15,1
17667,DECODE,405,0,405,1611.33,16.09,1
17668,DECODE,405,0,405,1612.33,15.95,1
17669,DECODE,405,0,405,1613.33,16.85,1
17670,DECODE,404,0,404,1611.99,16.29,1
17671,DECODE,404,0,404,1612.99,16.32,1
17672,DECODE,404,0,404,1613.99,15.12,1
17673,DECODE,404,0,404,1614.99,16.08,1
17674,DECODE,404,0,404,1615.99,15.98,1
17675,DECODE,404,0,404,1616.99,16.11,1
17676,DECODE,404,0,404,1617.99,15.72,1
17677,DECODE,404,0,404,1618.99,16.05,1
17678,DECODE,404,0,404,1619.99,16.27,1
17679,DECODE,404,0,404,1620.99,16.03,1
17680,DECODE,404,0,404,1621.99,16.11,1
17681,DECODE,404,0,404,1622.99,16.10,1
17682,DECODE,404,0,404,1623.99,16.00,1
17683,DECODE,404,0,404,1624.99,15.84,1
17684,DECODE,404,0,404,1625.99,16.56,1
17685,DECODE,404,0,404,1626.99,16.18,1
17686,DECODE,404,0,404,1627.99,16.19,1
17687,DECODE,404,0,404,1628.99,16.12,1
17688,DECODE,404,0,404,1629.99,16.06,1
17689,DECODE,404,0,404,1630.99,16.07,1
17690,DECODE,404,0,404,1631.99,16.17,1
17691,DECODE,404,0,404,1632.99,16.13,1
17692,DECODE,404,0,404,1633.99,16.12,1
17693,DECODE,404,0,404,1634.99,16.17,1
17694,DECODE,404,0,404,1635.99,16.01,1
17695,DECODE,404,0,404,1636.99,16.08,1
17696,DECODE,404,0,404,1637.99,15.09,1
17697,DECODE,404,0,404,1638.99,15.13,1
17698,DECODE,404,0,404,1639.99,15.10,1
17699,DECODE,404,0,404,1640.99,15.16,1
17700,DECODE,404,0,404,1641.99,15.41,1
17701,DECODE,404,0,404,1642.99,16.23,1
17702,DECODE,403,0,403,1644.43,16.28,1
17703,DECODE,402,0,402,1643.15,16.54,1
17704,DECODE,402,0,402,1644.15,16.25,1
17705,DECODE,402,0,402,1645.15,16.04,1
17706,DECODE,402,0,402,1646.15,16.24,1
17707,DECODE,402,0,402,1647.15,16.16,1
17708,DECODE,402,0,402,1648.15,16.25,1
17709,DECODE,402,0,402,1649.15,16.10,1
17710,DECODE,402,0,402,1650.15,16.24,1
17711,DECODE,401,0,401,1648.88,16.95,1
17712,DECODE,401,0,401,1649.88,16.27,1
17713,DECODE,401,0,401,1650.88,16.20,1
17714,DECODE,401,0,401,1651.88,16.25,1
17715,DECODE,401,0,401,1652.88,16.29,1
17716,DECODE,401,0,401,1653.88,16.17,1
17717,DECODE,400,0,400,1652.62,17.88,1
17718,DECODE,400,0,400,1653.62,15.35,1
17719,DECODE,400,0,400,1654.62,15.69,1
17720,DECODE,400,0,400,1655.62,15.84,1
17721,DECODE,400,0,400,1656.62,15.86,1
17722,DECODE,400,0,400,1657.62,15.63,1
17723,DECODE,400,0,400,1658.62,15.74,1
17724,DECODE,400,0,400,1659.62,15.78,1
17725,DECODE,400,0,400,1660.62,15.76,1
17726,DECODE,400,0,400,1661.62,15.84,1
17727,DECODE,400,0,400,1662.62,15.93,1
17728,DECODE,400,0,400,1663.62,15.71,1
17729,DECODE,400,0,400,1664.62,15.76,1
17730,DECODE,399,0,399,1663.37,16.11,1
17731,DECODE,398,0,398,1664.43,16.23,1
17732,DECODE,396,0,396,1661.70,15.75,1
17733,DECODE,396,0,396,1662.70,15.36,1
17734,DECODE,396,0,396,1663.70,15.52,1
17735,DECODE,396,0,396,1664.70,15.33,1
17736,DECODE,396,0,396,1665.70,15.35,1
17737,DECODE,395,0,395,1667.10,16.20,1
17738,DECODE,395,0,395,1668.10,15.56,1
17739,DECODE,395,0,395,1669.10,15.30,1
17740,DECODE,395,0,395,1670.10,15.45,1
17741,DECODE,395,0,395,1671.10,15.32,1
17742,DECODE,395,0,395,1672.10,15.32,1
17743,DECODE,394,0,394,1673.44,15.69,1
17744,DECODE,394,0,394,1674.44,15.36,1
17745,DECODE,394,0,394,1675.44,15.26,1
17746,DECODE,393,0,393,1674.19,15.78,1
17747,DECODE,393,0,393,1675.19,15.57,1
17748,DECODE,392,0,392,1673.93,15.47,1
17749,DECODE,392,0,392,1674.93,15.30,1
17750,DECODE,391,0,391,1676.20,15.49,1
17751,DECODE,391,0,391,1677.20,15.32,1
17752,DECODE,391,0,391,1678.20,15.17,1
17753,DECODE,391,0,391,1679.20,15.51,1
17754,DECODE,390,0,390,1678.84,15.50,1
17755,DECODE,390,0,390,1679.84,15.49,1
17756,DECODE,389,0,389,1680.96,15.46,1
17757,DECODE,389,0,389,1681.96,15.27,1
17758,DECODE,389,0,389,1682.96,14.99,1
17759,DECODE,389,0,389,1683.96,15.43,1
17760,DECODE,389,0,389,1684.96,15.59,1
17761,DECODE,389,0,389,1685.96,15.53,1
17762,DECODE,389,0,389,1686.96,15.30,1
17763,DECODE,388,0,388,1687.28,16.35,1
17764,DECODE,388,0,388,1688.28,15.31,1
17765,DECODE,388,0,388,1689.28,15.23,1
17766,DECODE,388,0,388,1690.28,15.31,1
17767,DECODE,388,0,388,1691.28,15.26,1
17768,DECODE,388,0,388,1692.28,14.17,1
17769,DECODE,388,0,388,1693.28,15.65,1
17770,DECODE,388,0,388,1694.28,15.22,1
17771,DECODE,388,0,388,1695.28,15.28,1
17772,DECODE,388,0,388,1696.28,15.16,1
17773,DECODE,388,0,388,1697.28,15.49,1
17774,DECODE,388,0,388,1698.28,15.08,1
17775,DECODE,387,0,387,1698.67,15.32,1
17776,DECODE,387,0,387,1699.67,15.09,1
17777,DECODE,387,0,387,1700.67,15.15,1
17778,DECODE,387,0,387,1701.67,15.18,1
17779,DECODE,387,0,387,1702.67,15.22,1
17780,DECODE,387,0,387,1703.67,15.13,1
17781,DECODE,386,0,386,1705.09,15.58,1
17782,DECODE,385,0,385,1705.49,15.46,1
17783,DECODE,385,0,385,1706.49,15.20,1
17784,DECODE,385,0,385,1707.49,15.12,1
17785,DECODE,385,0,385,1708.49,15.09,1
17786,DECODE,385,0,385,1709.49,15.31,1
17787,DECODE,385,0,385,1710.49,15.13,1
17788,DECODE,385,0,385,1711.49,15.18,1
17789,DECODE,385,0,385,1712.49,15.07,1
17790,DECODE,385,0,385,1713.49,15.24,1
17791,DECODE,385,0,385,1714.49,15.09,1
17792,DECODE,385,0,385,1715.49,15.18,1
17793,DECODE,385,0,385,1716.49,15.33,1
17794,DECODE,385,0,385,1717.49,15.14,1
17795,DECODE,385,0,385,1718.49,15.34,1
17796,DECODE,385,0,385,1719.49,15.26,1
17797,DECODE,385,0,385,1720.49,14.33,1
17798,DECODE,384,0,384,1720.85,17.11,1
17799,DECODE,383,0,383,1722.11,14.81,1
17800,DECODE,383,0,383,1723.11,15.19,1
17801,DECODE,383,0,383,1724.11,15.08,1
17802,DECODE,383,0,383,1725.11,15.02,1
17803,DECODE,383,0,383,1726.11,15.07,1
17804,DECODE,382,0,382,1724.93,15.40,1
17805,DECODE,381,0,381,1726.24,15.40,1
17806,DECODE,381,0,381,1727.24,14.90,1
17807,DECODE,381,0,381,1728.24,14.04,1
17808,DECODE,381,0,381,1729.24,14.82,1
17809,DECODE,380,0,380,1730.43,14.94,1
17810,DECODE,380,0,380,1731.43,14.67,1
17811,DECODE,380,0,380,1732.43,14.76,1
17812,DECODE,380,0,380,1733.43,14.71,1
17813,DECODE,380,0,380,1734.43,15.02,1
17814,DECODE,380,0,380,1735.43,17.21,1
17815,DECODE,380,0,380,1736.43,15.11,1
17816,DECODE,379,0,379,1736.52,15.29,1
17817,DECODE,379,0,379,1737.52,14.57,1
17818,DECODE,379,0,379,1738.52,14.48,1
17819,DECODE,379,0,379,1739.52,15.74,1
17820,DECODE,378,0,378,1738.35,14.65,1
17821,DECODE,378,0,378,1739.35,14.49,1
17822,DECODE,378,0,378,1740.35,15.06,1
17823,DECODE,378,0,378,1741.35,16.69,1
17824,DECODE,378,0,378,1742.35,15.15,1
17825,DECODE,377,0,377,1743.39,14.22,1
17826,DECODE,377,0,377,1744.39,14.08,1
17827,DECODE,377,0,377,1745.39,13.99,1
17828,DECODE,377,0,377,1746.39,14.14,1
17829,DECODE,376,0,376,1746.83,14.14,1
17830,DECODE,376,0,376,1747.83,14.11,1
17831,DECODE,376,0,376,1748.83,14.12,1
17832,DECODE,376,0,376,1749.83,14.11,1
17833,DECODE,376,0,376,1750.83,14.00,1
17834,DECODE,376,0,376,1751.83,14.18,1
17835,DECODE,375,0,375,1750.86,16.46,1
17836,DECODE,375,0,375,1751.86,14.55,1
17837,DECODE,375,0,375,1752.86,14.33,1
17838,DECODE,375,0,375,1753.86,14.21,1
17839,DECODE,375,0,375,1754.86,14.47,1
17840,DECODE,375,0,375,1755.86,14.51,1
17841,DECODE,375,0,375,1756.86,14.48,1
17842,DECODE,374,0,374,1758.15,14.62,1
17843,DECODE,373,0,373,1759.47,14.69,1
17844,DECODE,373,0,373,1760.47,14.32,1
17845,DECODE,373,0,373,1761.47,14.39,1
17846,DECODE,373,0,373,1762.47,14.36,1
17847,DECODE,373,0,373,1763.47,14.53,1
17848,DECODE,373,0,373,1764.47,14.40,1
17849,DECODE,372,0,372,1765.53,14.60,1
17850,DECODE,372,0,372,1766.53,14.45,1
17851,DECODE,372,0,372,1767.53,15.72,1
17852,DECODE,372,0,372,1768.53,15.89,1
17853,DECODE,372,0,372,1769.53,14.44,1
17854,DECODE,372,0,372,1770.53,14.44,1
17855,DECODE,372,0,372,1771.53,15.94,1
17856,DECODE,372,0,372,1772.53,14.36,1
17857,DECODE,371,0,371,1773.92,14.56,1
17858,DECODE,371,0,371,1774.92,14.35,1
17859,DECODE,371,0,371,1775.92,14.38,1
17860,DECODE,371,0,371,1776.92,14.73,1
17861,DECODE,371,0,371,1777.92,14.56,1
17862,DECODE,371,0,371,1778.92,14.53,1
17863,DECODE,371,0,371,1779.92,15.33,1
17864,DECODE,369,0,369,1780.36,14.58,1
17865,DECODE,369,0,369,1781.36,14.50,1
17866,DECODE,369,0,369,1782.36,14.44,1
17867,DECODE,369,0,369,1783.36,14.57,1
17868,DECODE,367,0,367,1780.37,15.77,1
17869,DECODE,367,0,367,1781.37,14.45,1
17870,DECODE,367,0,367,1782.37,14.37,1
17871,DECODE,366,0,366,1783.59,14.63,1
17872,DECODE,366,0,366,1784.59,14.42,1
17873,DECODE,366,0,366,1785.59,15.22,1
17874,DECODE,366,0,366,1786.59,15.31,1
17875,DECODE,365,0,365,1785.47,15.42,1
17876,DECODE,365,0,365,1786.47,15.11,1
17877,DECODE,364,0,364,1785.35,15.31,1
17878,DECODE,364,0,364,1786.35,15.11,1
17879,DECODE,364,0,364,1787.35,15.16,1
17880,DECODE,364,0,364,1788.35,15.95,1
17881,DECODE,363,0,363,1788.75,15.73,1
17882,DECODE,363,0,363,1789.75,16.08,1
17883,DECODE,363,0,363,1790.75,15.54,1
17884,DECODE,363,0,363,1791.75,15.91,1
17885,DECODE,363,0,363,1792.75,15.63,1
17886,DECODE,362,0,362,1793.70,16.65,1
17887,DECODE,362,0,362,1794.70,15.97,1
17888,DECODE,362,0,362,1795.70,15.27,1
17889,DECODE,362,0,362,1796.70,15.89,1
17890,DECODE,362,0,362,1797.70,15.24,1
17891,DECODE,361,0,361,1799.09,15.37,1
17892,DECODE,361,0,361,1800.09,15.11,1
17893,DECODE,361,0,361,1801.09,15.21,1
17894,DECODE,361,0,361,1802.09,15.07,1
17895,DECODE,361,0,361,1803.09,15.37,1
17896,DECODE,361,0,361,1804.09,15.08,1
17897,DECODE,360,0,360,1805.43,15.53,1
17898,DECODE,360,0,360,1806.43,15.15,1
17899,DECODE,360,0,360,1807.43,15.07,1
17900,DECODE,360,0,360,1808.43,15.15,1
17901,DECODE,360,0,360,1809.43,15.11,1
17902,DECODE,360,0,360,1810.43,15.31,1
17903,DECODE,360,0,360,1811.43,15.14,1
17904,DECODE,360,0,360,1812.43,15.18,1
17905,DECODE,360,0,360,1813.43,15.15,1
17906,DECODE,360,0,360,1814.43,15.18,1
17907,DECODE,360,0,360,1815.43,15.11,1
17908,DECODE,360,0,360,1816.43,15.11,1
17909,DECODE,360,0,360,1817.43,15.22,1
17910,DECODE,360,0,360,1818.43,15.14,1
17911,DECODE,360,0,360,1819.43,15.17,1
17912,DECODE,360,0,360,1820.43,15.10,1
17913,DECODE,360,0,360,1821.43,15.12,1
17914,DECODE,360,0,360,1822.43,15.15,1
17915,DECODE,360,0,360,1823.43,15.67,1
17916,DECODE,360,0,360,1824.43,14.89,1
17917,DECODE,359,0,359,1823.38,15.35,1
17918,DECODE,359,0,359,1824.38,14.96,1
17919,DECODE,359,0,359,1825.38,15.01,1
17920,DECODE,358,0,358,1826.84,15.37,1
17921,DECODE,358,0,358,1827.84,15.07,1
17922,DECODE,358,0,358,1828.84,15.13,1
17923,DECODE,358,0,358,1829.84,15.15,1
17924,DECODE,358,0,358,1830.84,15.26,1
17925,DECODE,358,0,358,1831.84,15.29,1
17926,DECODE,358,0,358,1832.84,15.13,1
17927,DECODE,358,0,358,1833.84,15.22,1
17928,DECODE,358,0,358,1834.84,15.12,1
17929,DECODE,358,0,358,1835.84,14.23,1
17930,DECODE,358,0,358,1836.84,14.11,1
17931,DECODE,358,0,358,1837.84,15.37,1
17932,DECODE,358,0,358,1838.84,15.15,1
17933,DECODE,358,0,358,1839.84,15.14,1
17934,DECODE,358,0,358,1840.84,15.25,1
17935,DECODE,358,0,358,1841.84,15.27,1
17936,DECODE,358,0,358,1842.84,15.09,1
17937,DECODE,358,0,358,1843.84,15.25,1
17938,DECODE,358,0,358,1844.84,15.36,1
17939,DECODE,358,0,358,1845.84,15.46,1
17940,DECODE,358,0,358,1846.84,14.82,1
17941,DECODE,358,0,358,1847.84,15.23,1
17942,DECODE,358,0,358,1848.84,15.18,1
17943,DECODE,358,0,358,1849.84,15.39,1
17944,DECODE,358,0,358,1850.84,15.32,1
17945,DECODE,358,0,358,1851.84,15.53,1
17946,DECODE,357,0,357,1852.86,15.58,1
17947,DECODE,357,0,357,1853.86,15.34,1
17948,DECODE,357,0,357,1854.86,15.30,1
17949,DECODE,357,0,357,1855.86,15.35,1
17950,DECODE,357,0,357,1856.86,15.29,1
17951,DECODE,357,0,357,1857.86,15.33,1
17952,DECODE,357,0,357,1858.86,15.49,1
17953,DECODE,357,0,357,1859.86,15.36,1
17954,DECODE,357,0,357,1860.86,15.43,1
17955,DECODE,357,0,357,1861.86,14.57,1
17956,DECODE,357,0,357,1862.86,15.31,1
17957,DECODE,357,0,357,1863.86,15.53,1
17958,DECODE,356,0,356,1865.26,18.43,1
17959,DECODE,356,0,356,1866.26,17.28,1
17960,DECODE,356,0,356,1867.26,15.67,1
17961,DECODE,356,0,356,1868.26,15.38,1
17962,DECODE,356,0,356,1869.26,15.54,1
17963,DECODE,356,0,356,1870.26,15.58,1
17964,DECODE,355,0,355,1869.32,15.60,1
17965,DECODE,355,0,355,1870.32,15.44,1
17966,DECODE,355,0,355,1871.32,15.29,1
17967,DECODE,355,0,355,1872.32,15.70,1
17968,DECODE,355,0,355,1873.32,15.34,1
17969,DECODE,355,0,355,1874.32,15.40,1
17970,DECODE,355,0,355,1875.32,15.48,1
17971,DECODE,355,0,355,1876.32,15.47,1
17972,DECODE,355,0,355,1877.32,15.38,1
17973,DECODE,355,0,355,1878.32,15.45,1
17974,DECODE,354,0,354,1879.66,15.94,1
17975,DECODE,354,0,354,1880.66,15.56,1
17976,DECODE,354,0,354,1881.66,15.38,1
17977,DECODE,352,0,352,1881.17,17.42,1
17978,DECODE,352,0,352,1882.17,15.40,1
17979,DECODE,352,0,352,1883.17,15.25,1
17980,DECODE,352,0,352,1884.17,15.15,1
17981,DECODE,352,0,352,1885.17,15.51,1
17982,DECODE,352,0,352,1886.17,15.34,1
17983,DECODE,352,0,352,1887.17,15.66,1
17984,DECODE,352,0,352,1888.17,15.32,1
17985,DECODE,352,0,352,1889.17,16.63,1
17986,DECODE,352,0,352,1890.17,15.51,1
17987,DECODE,352,0,352,1891.17,15.80,1
17988,DECODE,352,0,352,1892.17,16.09,1
17989,DECODE,352,0,352,1893.17,15.51,1
17990,DECODE,352,0,352,1894.17,15.68,1
17991,DECODE,352,0,352,1895.17,15.53,1
17992,DECODE,351,0,351,1896.68,16.29,1
17993,DECODE,351,0,351,1897.68,15.78,1
17994,DECODE,350,0,350,1898.71,15.96,1
17995,DECODE,348,0,348,1898.52,16.11,1
17996,DECODE,348,0,348,1899.52,15.91,1
17997,DECODE,348,0,348,1900.52,15.39,1
17998,DECODE,347,0,347,1901.76,15.57,1
17999,DECODE,347,0,347,1902.76,15.44,1
18000,DECODE,347,0,347,1903.76,15.28,1
18001,DECODE,347,0,347,1904.76,15.43,1
18002,DECODE,347,0,347,1905.76,15.29,1
18003,DECODE,347,0,347,1906.76,15.33,1
18004,DECODE,347,0,347,1907.76,15.37,1
18005,DECODE,347,0,347,1908.76,15.37,1
18006,DECODE,347,0,347,1909.76,14.97,1
18007,DECODE,347,0,347,1910.76,15.57,1
18008,DECODE,347,0,347,1911.76,15.52,1
18009,DECODE,347,0,347,1912.76,15.49,1
18010,DECODE,347,0,347,1913.76,15.69,1
18011,DECODE,347,0,347,1914.76,15.54,1
18012,DECODE,347,0,347,1915.76,15.34,1
18013,DECODE,347,0,347,1916.76,15.38,1
18014,DECODE,346,0,346,1915.90,15.66,1
18015,DECODE,346,0,346,1916.90,15.39,1
18016,DECODE,345,0,345,1916.03,15.51,1
18017,DECODE,345,0,345,1917.03,15.40,1
18018,DECODE,345,0,345,1918.03,15.52,1
18019,DECODE,345,0,345,1919.03,15.30,1
18020,DECODE,345,0,345,1920.03,15.39,1
18021,DECODE,345,0,345,1921.03,15.42,1
18022,DECODE,345,0,345,1922.03,15.12,1
18023,DECODE,345,0,345,1923.03,15.33,1
18024,DECODE,345,0,345,1924.03,15.29,1
18025,DECODE,345,0,345,1925.03,15.73,1
18026,DECODE,345,0,345,1926.03,15.41,1
18027,DECODE,345,0,345,1927.03,15.46,1
18028,DECODE,344,0,344,1928.06,15.54,1
18029,DECODE,344,0,344,1929.06,15.52,1
18030,DECODE,343,0,343,1929.11,15.67,1
18031,DECODE,343,0,343,1930.11,15.47,1
18032,DECODE,343,0,343,1931.11,15.77,1
18033,DECODE,343,0,343,1932.11,15.64,1
18034,DECODE,343,0,343,1933.11,15.39,1
18035,DECODE,343,0,343,1934.11,15.28,1
18036,DECODE,343,0,343,1935.11,15.46,1
18037,DECODE,343,0,343,1936.11,14.42,1
18038,DECODE,343,0,343,1937.11,15.34,1
18039,DECODE,343,0,343,1938.11,14.71,1
18040,DECODE,343,0,343,1939.11,14.89,1
18041,DECODE,343,0,343,1940.11,14.81,1
18042,DECODE,343,0,343,1941.11,14.90,1
18043,DECODE,343,0,343,1942.11,15.33,1
18044,DECODE,343,0,343,1943.11,14.89,1
18045,DECODE,343,0,343,1944.11,15.44,1
18046,DECODE,343,0,343,1945.11,15.44,1
18047,DECODE,343,0,343,1946.11,15.42,1
18048,DECODE,343,0,343,1947.11,15.35,1
18049,DECODE,343,0,343,1948.11,15.39,1
18050,DECODE,343,0,343,1949.11,15.41,1
18051,DECODE,342,0,342,1948.32,15.69,1
18052,DECODE,342,0,342,1949.32,15.41,1
18053,DECODE,342,0,342,1950.32,15.36,1
18054,DECODE,342,0,342,1951.32,15.36,1
18055,DECODE,342,0,342,1952.32,15.51,1
18056,DECODE,341,0,341,1951.54,15.98,1
18057,DECODE,341,0,341,1952.54,15.42,1
18058,DECODE,341,0,341,1953.54,15.36,1
18059,DECODE,341,0,341,1954.54,15.32,1
18060,DECODE,341,0,341,1955.54,15.45,1
18061,DECODE,340,0,340,1954.76,15.81,1
18062,DECODE,340,0,340,1955.76,15.57,1
18063,DECODE,340,0,340,1956.76,14.62,1
18064,DECODE,340,0,340,1957.76,14.67,1
18065,DECODE,340,0,340,1958.76,14.61,1
18066,DECODE,340,0,340,1959.76,14.59,1
18067,DECODE,340,0,340,1960.76,14.74,1
18068,DECODE,340,0,340,1961.76,14.62,1
18069,DECODE,340,0,340,1962.76,14.71,1
18070,DECODE,340,0,340,1963.76,14.60,1
18071,DECODE,340,0,340,1964.76,15.33,1
18072,DECODE,340,0,340,1965.76,15.24,1
18073,DECODE,340,0,340,1966.76,15.27,1
18074,DECODE,340,0,340,1967.76,15.37,1
18075,DECODE,340,0,340,1968.76,15.30,1
18076,DECODE,340,0,340,1969.76,15.39,1
18077,DECODE,340,0,340,1970.76,15.44,1
18078,DECODE,340,0,340,1971.76,15.22,1
18079,DECODE,340,0,340,1972.76,15.46,1
18080,DECODE,340,0,340,1973.76,15.33,1
18081,DECODE,340,0,340,1974.76,15.33,1
18082,DECODE,340,0,340,1975.76,15.25,1
18083,DECODE,340,0,340,1976.76,15.33,1
18084,DECODE,339,0,339,1978.04,15.54,1
18085,DECODE,339,0,339,1979.04,15.90,1
18086,DECODE,339,0,339,1980.04,15.71,1
18087,DECODE,339,0,339,1981.04,15.67,1
18088,DECODE,339,0,339,1982.04,15.72,1
18089,DECODE,339,0,339,1983.04,15.82,1
18090,DECODE,339,0,339,1984.04,15.76,1
18091,DECODE,339,0,339,1985.04,15.80,1
18092,DECODE,339,0,339,1986.04,17.83,1
18093,DECODE,339,0,339,1987.04,15.72,1
18094,DECODE,339,0,339,1988.04,15.69,1
18095,DECODE,338,0,338,1987.35,14.72,1
18096,DECODE,338,0,338,1988.35,15.02,1
18097,DECODE,338,0,338,1989.35,15.03,1
18098,DECODE,338,0,338,1990.35,15.04,1
18099,DECODE,338,0,338,1991.35,15.04,1
18100,DECODE,338,0,338,1992.35,16.14,1
18101,DECODE,338,0,338,1993.35,15.77,1
18102,DECODE,338,0,338,1994.35,15.76,1
18103,DECODE,338,0,338,1995.35,15.79,1
18104,DECODE,338,0,338,1996.35,15.82,1
18105,DECODE,338,0,338,1997.35,15.55,1
18106,DECODE,337,0,337,1996.68,16.22,1
18107,DECODE,337,0,337,1997.68,15.70,1
18108,DECODE,337,0,337,1998.68,16.26,1
18109,DECODE,337,0,337,1999.68,15.83,1
18110,DECODE,337,0,337,2000.68,15.73,1
18111,DECODE,337,0,337,2001.68,15.78,1
18112,DECODE,337,0,337,2002.68,15.77,1
18113,DECODE,337,0,337,2003.68,15.66,1
18114,DECODE,337,0,337,2004.68,15.83,1
18115,DECODE,337,0,337,2005.68,16.05,1
18116,DECODE,336,0,336,2006.88,17.90,1
18117,DECODE,336,0,336,2007.88,16.05,1
18118,DECODE,336,0,336,2008.88,16.09,1
18119,DECODE,336,0,336,2009.88,15.41,1
18120,DECODE,336,0,336,2010.88,15.45,1
18121,DECODE,336,0,336,2011.88,15.47,1
18122,DECODE,336,0,336,2012.88,15.66,1
18123,DECODE,336,0,336,2013.88,16.72,1
18124,DECODE,334,0,334,2011.61,16.23,1
18125,DECODE,334,0,334,2012.61,15.69,1
18126,DECODE,334,0,334,2013.61,15.43,1
18127,DECODE,334,0,334,2014.61,15.27,1
18128,DECODE,334,0,334,2015.61,14.71,1
18129,DECODE,334,0,334,2016.61,14.67,1
18130,DECODE,334,0,334,2017.61,14.74,1
18131,DECODE,334,0,334,2018.61,14.78,1
18132,DECODE,334,0,334,2019.61,14.76,1
18133,DECODE,334,0,334,2020.61,14.83,1
18134,DECODE,334,0,334,2021.61,14.89,1
18135,DECODE,334,0,334,2022.61,14.85,1
18136,DECODE,333,0,333,2022.00,14.92,1
18137,DECODE,333,0,333,2023.00,14.84,1
18138,DECODE,333,0,333,2024.00,14.86,1
18139,DECODE,333,0,333,2025.00,15.02,1
18140,DECODE,332,0,332,2024.39,14.82,1
18141,DECODE,332,0,332,2025.39,14.93,1
18142,DECODE,332,0,332,2026.39,15.66,1
18143,DECODE,332,0,332,2027.39,15.38,1
18144,DECODE,332,0,332,2028.39,15.32,1
18145,DECODE,332,0,332,2029.39,15.30,1
18146,DECODE,332,0,332,2030.39,15.41,1
18147,DECODE,331,0,331,2029.79,15.61,1
18148,DECODE,331,0,331,2030.79,15.46,1
18149,DECODE,331,0,331,2031.79,15.36,1
18150,DECODE,331,0,331,2032.79,15.51,1
18151,DECODE,331,0,331,2033.79,15.40,1
18152,DECODE,331,0,331,2034.79,15.50,1
18153,DECODE,330,0,330,2036.05,15.04,1
18154,DECODE,330,0,330,2037.05,14.79,1
18155,DECODE,330,0,330,2038.05,14.91,1
18156,DECODE,330,0,330,2039.05,14.80,1
18157,DECODE,330,0,330,2040.05,14.89,1
18158,DECODE,330,0,330,2041.05,14.86,1
18159,DECODE,330,0,330,2042.05,14.96,1
18160,DECODE,330,0,330,2043.05,14.82,1
18161,DECODE,330,0,330,2044.05,14.83,1
18162,DECODE,330,0,330,2045.05,15.04,1
18163,DECODE,330,0,330,2046.05,15.02,1
18164,DECODE,330,0,330,2047.05,15.07,1
18165,DECODE,330,0,330,2048.05,15.17,1
18166,DECODE,330,0,330,2049.05,14.93,1
18167,DECODE,330,0,330,2050.05,14.68,1
18168,DECODE,330,0,330,2051.05,14.86,1
18169,DECODE,329,0,329,2050.50,14.55,1
18170,DECODE,329,0,329,2051.50,14.47,1
18171,DECODE,328,0,328,2052.93,14.78,1
18172,DECODE,328,0,328,2053.93,14.65,1
18173,DECODE,328,0,328,2054.93,14.60,1
18174,DECODE,328,0,328,2055.93,14.67,1
18175,DECODE,328,0,328,2056.93,14.84,1
18176,DECODE,328,0,328,2057.93,14.83,1
18177,DECODE,328,0,328,2058.93,14.64,1
18178,DECODE,328,0,328,2059.93,16.08,1
18179,DECODE,328,0,328,2060.93,15.03,1
18180,DECODE,328,0,328,2061.93,14.94,1
18181,DECODE,328,0,328,2062.93,15.22,1
18182,DECODE,328,0,328,2063.93,15.02,1
18183,DECODE,328,0,328,2064.93,15.12,1
18184,DECODE,328,0,328,2065.93,15.11,1
18185,DECODE,328,0,328,2066.93,14.96,1
18186,DECODE,328,0,328,2067.93,15.03,1
18187,DECODE,326,0,326,2067.72,15.33,1
18188,DECODE,326,0,326,2068.72,14.98,1
18189,DECODE,326,0,326,2069.72,14.97,1
18190,DECODE,325,0,325,2071.22,15.10,1
18191,DECODE,325,0,325,2072.22,14.98,1
18192,DECODE,325,0,325,2073.22,16.72,1
18193,DECODE,325,0,325,2074.22,15.69,1
18194,DECODE,325,0,325,2075.22,15.63,1
18195,DECODE,325,0,325,2076.22,15.69,1
18196,DECODE,325,0,325,2077.22,15.74,1
18197,DECODE,325,0,325,2078.22,15.03,1
18198,DECODE,325,0,325,2079.22,15.01,1
18199,DECODE,325,0,325,2080.22,15.06,1
18200,DECODE,323,0,323,2081.78,16.57,1
18201,DECODE,322,0,322,2081.30,15.58,1
18202,DECODE,321,0,321,2081.36,15.52,1
18203,DECODE,321,0,321,2082.36,14.98,1
18204,DECODE,321,0,321,2083.36,14.93,1
18205,DECODE,321,0,321,2084.36,14.95,1
18206,DECODE,320,0,320,2085.71,17.08,1
18207,DECODE,320,0,320,2086.71,15.15,1
18208,DECODE,319,0,319,2087.72,15.11,1
18209,DECODE,319,0,319,2088.72,15.14,1
18210,DECODE,319,0,319,2089.72,15.07,1
18211,DECODE,318,0,318,2089.25,15.31,1
18212,DECODE,318,0,318,2090.25,14.96,1
18213,DECODE,318,0,318,2091.25,14.88,1
18214,DECODE,318,0,318,2092.25,15.10,1
18215,DECODE,318,0,318,2093.25,14.96,1
18216,DECODE,318,0,318,2094.25,15.10,1
18217,DECODE,318,0,318,2095.25,16.22,1
18218,DECODE,318,0,318,2096.25,14.08,1
18219,DECODE,318,0,318,2097.25,13.89,1
18220,DECODE,318,0,318,2098.25,13.80,1
18221,DECODE,318,0,318,2099.25,13.99,1
18222,DECODE,318,0,318,2100.25,14.93,1
18223,DECODE,318,0,318,2101.25,14.99,1
18224,DECODE,318,0,318,2102.25,15.13,1
18225,DECODE,318,0,318,2103.25,14.99,1
18226,DECODE,318,0,318,2104.25,14.99,1
18227,DECODE,318,0,318,2105.25,15.04,1
18228,DECODE,318,0,318,2106.25,15.01,1
18229,DECODE,317,0,317,2107.69,15.30,1
18230,DECODE,317,0,317,2108.69,14.96,1
18231,DECODE,317,0,317,2109.69,14.99,1
18232,DECODE,317,0,317,2110.69,15.23,1
18233,DECODE,317,0,317,2111.69,15.03,1
18234,DECODE,317,0,317,2112.69,15.04,1
18235,DECODE,317,0,317,2113.69,15.04,1
18236,DECODE,317,0,317,2114.69,15.13,1
18237,DECODE,317,0,317,2115.69,15.08,1
18238,DECODE,317,0,317,2116.69,15.02,1
18239,DECODE,317,0,317,2117.69,15.03,1
18240,DECODE,317,0,317,2118.69,15.22,1
18241,DECODE,317,0,317,2119.69,15.09,1
18242,DECODE,317,0,317,2120.69,14.79,1
18243,DECODE,317,0,317,2121.69,15.01,1
18244,DECODE,317,0,317,2122.69,15.10,1
18245,DECODE,316,0,316,2122.30,15.27,1
18246,DECODE,316,0,316,2123.30,15.08,1
18247,DECODE,314,0,314,2122.55,15.32,1
18248,DECODE,314,0,314,2123.55,15.29,1
18249,DECODE,314,0,314,2124.55,14.15,1
18250,DECODE,314,0,314,2125.55,15.14,1
18251,DECODE,314,0,314,2126.55,15.66,1
18252,DECODE,314,0,314,2127.55,14.92,1
18253,DECODE,314,0,314,2128.55,15.14,1
18254,DECODE,314,0,314,2129.55,14.92,1
18255,DECODE,314,0,314,2130.55,15.13,1
18256,DECODE,314,0,314,2131.55,14.95,1
18257,DECODE,314,0,314,2132.55,15.53,1
18258,DECODE,314,0,314,2133.55,15.09,1
18259,DECODE,313,0,313,2133.19,15.62,1
18260,DECODE,313,0,313,2134.19,15.16,1
18261,DECODE,312,0,312,2133.83,15.59,1
18262,DECODE,312,0,312,2134.83,15.28,1
18263,DECODE,312,0,312,2135.83,15.17,1
18264,DECODE,311,0,311,2135.46,15.62,1
18265,DECODE,311,0,311,2136.46,14.44,1
18266,DECODE,311,0,311,2137.46,14.18,1
18267,DECODE,310,0,310,2137.10,14.71,1
18268,DECODE,310,0,310,2138.10,14.37,1
18269,DECODE,310,0,310,2139.10,14.32,1
18270,DECODE,310,0,310,2140.10,14.30,1
18271,DECODE,310,0,310,2141.10,14.37,1
18272,DECODE,309,0,309,2140.74,14.46,1
18273,DECODE,308,0,308,2140.38,14.05,1
18274,DECODE,307,0,307,2140.02,14.00,1
18275,DECODE,307,0,307,2141.02,14.02,1
18276,DECODE,307,0,307,2142.02,13.88,1
18277,DECODE,307,0,307,2143.02,13.95,1
18278,DECODE,307,0,307,2144.02,13.91,1
18279,DECODE,305,0,305,2142.29,13.75,1
18280,DECODE,304,0,304,2143.17,16.47,1
18281,DECODE,304,0,304,2144.17,14.44,1
18282,DECODE,304,0,304,2145.17,14.60,1
18283,DECODE,304,0,304,2146.17,15.33,1
18284,DECODE,304,0,304,2147.17,14.70,1
18285,DECODE,304,0,304,2148.17,14.67,1
18286,DECODE,303,0,303,2149.60,14.98,1
18287,DECODE,303,0,303,2150.60,14.74,1
18288,DECODE,303,0,303,2151.60,14.91,1
18289,DECODE,303,0,303,2152.60,15.26,1
18290,DECODE,303,0,303,2153.60,15.11,1
18291,DECODE,303,0,303,2154.60,14.73,1
18292,DECODE,303,0,303,2155.60,14.81,1
18293,DECODE,303,0,303,2156.60,14.79,1
18294,DECODE,302,0,302,2156.26,15.02,1
18295,DECODE,302,0,302,2157.26,14.79,1
18296,DECODE,302,0,302,2158.26,14.89,1
18297,DECODE,301,0,301,2159.60,15.02,1
18298,DECODE,301,0,301,2160.60,15.02,1
18299,DECODE,301,0,301,2161.60,14.80,1
18300,DECODE,301,0,301,2162.60,14.80,1
18301,DECODE,301,0,301,2163.60,14.77,1
18302,DECODE,301,0,301,2164.60,14.71,1
18303,DECODE,301,0,301,2165.60,14.80,1
18304,DECODE,301,0,301,2166.60,14.73,1
18305,DECODE,301,0,301,2167.60,14.81,1
18306,DECODE,300,0,300,2168.86,15.21,1
18307,DECODE,300,0,300,2169.86,14.81,1
18308,DECODE,300,0,300,2170.86,14.68,1
18309,DECODE,296,0,296,2168.23,15.06,1
18310,DECODE,296,0,296,2169.23,14.66,1
18311,DECODE,296,0,296,2170.23,14.69,1
18312,DECODE,296,0,296,2171.23,14.68,1
18313,DECODE,295,0,295,2172.38,14.79,1
18314,DECODE,295,0,295,2173.38,14.56,1
18315,DECODE,295,0,295,2174.38,14.74,1
18316,DECODE,294,0,294,2175.78,14.76,1
18317,DECODE,294,0,294,2176.78,14.64,1
18318,DECODE,294,0,294,2177.78,14.56,1
18319,DECODE,294,0,294,2178.78,14.74,1
18320,DECODE,294,0,294,2179.78,14.61,1
18321,DECODE,294,0,294,2180.78,14.69,1
18322,DECODE,294,0,294,2181.78,14.71,1
18323,DECODE,293,0,293,2181.49,15.12,1
18324,DECODE,292,0,292,2181.19,15.14,1
18325,DECODE,291,0,291,2180.89,15.08,1
18326,DECODE,290,0,290,2182.18,15.10,1
18327,DECODE,290,0,290,2183.18,14.86,1
18328,DECODE,290,0,290,2184.18,14.85,1
18329,DECODE,290,0,290,2185.18,14.90,1
18330,DECODE,290,0,290,2186.18,14.81,1
18331,DECODE,290,0,290,2187.18,14.83,1
18332,DECODE,289,0,289,2188.62,15.05,1
18333,DECODE,288,0,288,2188.33,16.69,1
18334,DECODE,287,0,287,2188.04,14.95,1
18335,DECODE,286,0,286,2187.74,14.82,1
18336,DECODE,286,0,286,2188.74,14.59,1
18337,DECODE,285,0,285,2188.44,14.81,1
18338,DECODE,285,0,285,2189.44,14.49,1
18339,DECODE,285,0,285,2190.44,14.57,1
18340,DECODE,285,0,285,2191.44,14.50,1
18341,DECODE,284,0,284,2191.14,14.80,1
18342,DECODE,284,0,284,2192.14,15.24,1
18343,DECODE,283,0,283,2191.84,14.85,1
18344,DECODE,281,0,281,2190.22,14.91,1
18345,DECODE,281,0,281,2191.22,14.51,1
18346,DECODE,281,0,281,2192.22,14.48,1
18347,DECODE,281,0,281,2193.22,14.50,1
18348,DECODE,281,0,281,2194.22,14.52,1
18349,DECODE,281,0,281,2195.22,14.48,1
18350,DECODE,280,0,280,2195.88,14.70,1
18351,DECODE,279,0,279,2195.58,15.07,1
18352,DECODE,278,0,278,2196.49,14.77,1
18353,DECODE,278,0,278,2197.49,14.80,1
18354,DECODE,277,0,277,2198.77,14.49,1
18355,DECODE,277,0,277,2199.77,14.40,1
18356,DECODE,277,0,277,2200.77,14.42,1
18357,DECODE,276,0,276,2200.47,14.31,1
18358,DECODE,276,0,276,2201.47,14.42,1
18359,DECODE,276,0,276,2202.47,14.38,1
18360,DECODE,275,0,275,2202.17,14.87,1
18361,DECODE,275,0,275,2203.17,14.51,1
18362,DECODE,275,0,275,2204.17,14.51,1
18363,DECODE,275,0,275,2205.17,14.51,1
18364,DECODE,274,0,274,2204.87,14.61,1
18365,DECODE,274,0,274,2205.87,14.42,1
18366,DECODE,274,0,274,2206.87,14.58,1
18367,DECODE,273,0,273,2206.58,14.65,1
18368,DECODE,273,0,273,2207.58,14.48,1
18369,DECODE,273,0,273,2208.58,14.54,1
18370,DECODE,273,0,273,2209.58,15.66,1
18371,DECODE,273,0,273,2210.58,14.52,1
18372,DECODE,273,0,273,2211.58,16.11,1
18373,DECODE,273,0,273,2212.58,14.66,1
18374,DECODE,273,0,273,2213.58,14.65,1
18375,DECODE,273,0,273,2214.58,14.42,1
18376,DECODE,273,0,273,2215.58,14.60,1
18377,DECODE,273,0,273,2216.58,14.93,1
18378,DECODE,273,0,273,2217.58,14.62,1
18379,DECODE,273,0,273,2218.58,15.00,1
18380,DECODE,271,0,271,2217.06,16.70,1
18381,DECODE,270,0,270,2218.41,15.00,1
18382,DECODE,270,0,270,2219.41,14.58,1
18383,DECODE,269,0,269,2220.55,14.79,1
18384,DECODE,268,0,268,2220.28,14.85,1
18385,DECODE,267,0,267,2220.01,14.83,1
18386,DECODE,266,0,266,2219.73,14.89,1
18387,DECODE,266,0,266,2220.73,14.45,1
18388,DECODE,266,0,266,2221.73,14.73,1
18389,DECODE,266,0,266,2222.73,14.44,1
18390,DECODE,266,0,266,2223.73,14.63,1
18391,DECODE,265,0,265,2223.46,14.75,1
18392,DECODE,264,0,264,2223.19,14.03,1
18393,DECODE,264,0,264,2224.19,13.69,1
18394,DECODE,264,0,264,2225.19,13.76,1
18395,DECODE,264,0,264,2226.19,13.63,1
18396,DECODE,264,0,264,2227.19,13.88,1
18397,DECODE,264,0,264,2228.19,13.69,1
18398,DECODE,263,0,263,2229.37,14.30,1
18399,DECODE,263,0,263,2230.37,13.63,1
18400,DECODE,263,0,263,2231.37,13.78,1
18401,DECODE,263,0,263,2232.37,13.62,1
18402,DECODE,263,0,263,2233.37,13.77,1
18403,DECODE,263,0,263,2234.37,13.61,1
18404,DECODE,263,0,263,2235.37,13.75,1
18405,DECODE,263,0,263,2236.37,13.55,1
18406,DECODE,262,0,262,2236.14,13.99,1
18407,DECODE,261,0,261,2237.39,13.90,1
18408,DECODE,260,0,260,2237.15,14.12,1
18409,DECODE,260,0,260,2238.15,13.66,1
18410,DECODE,259,0,259,2237.91,13.99,1
18411,DECODE,259,0,259,2238.91,13.61,1
18412,DECODE,258,0,258,2238.67,14.81,1
18413,DECODE,257,0,257,2239.95,13.80,1
18414,DECODE,257,0,257,2240.95,13.99,1
18415,DECODE,257,0,257,2241.95,13.60,1
18416,DECODE,257,0,257,2242.95,13.66,1
18417,DECODE,257,0,257,2243.95,13.75,1
18418,DECODE,257,0,257,2244.95,13.61,1
18419,DECODE,257,0,257,2245.95,13.50,1
18420,DECODE,257,0,257,2246.95,13.53,1
18421,DECODE,257,0,257,2247.95,13.57,1
18422,DECODE,257,0,257,2248.95,13.49,1
18423,DECODE,257,0,257,2249.95,13.51,1
18424,DECODE,257,0,257,2250.95,13.02,1
18425,DECODE,257,0,257,2251.95,13.52,1
18426,DECODE,257,0,257,2252.95,13.56,1
18427,DECODE,257,0,257,2253.95,12.44,1
18428,DECODE,257,0,257,2254.95,13.60,1
18429,DECODE,257,0,257,2255.95,13.67,1
18430,DECODE,257,0,257,2256.95,13.55,1
18431,DECODE,257,0,257,2257.95,13.56,1
18432,DECODE,257,0,257,2258.95,13.58,1
18433,DECODE,257,0,257,2259.95,13.65,1
18434,DECODE,257,0,257,2260.95,13.64,1
18435,DECODE,254,0,254,2258.41,13.78,1
18436,DECODE,254,0,254,2259.41,13.45,1
18437,DECODE,254,0,254,2260.41,13.36,1
18438,DECODE,254,0,254,2261.41,13.34,1
18439,DECODE,254,0,254,2262.41,13.32,1
18440,DECODE,253,0,253,2262.24,13.58,1
18441,DECODE,253,0,253,2263.24,13.42,1
18442,DECODE,253,0,253,2264.24,13.39,1
18443,DECODE,253,0,253,2265.24,13.38,1
18444,DECODE,253,0,253,2266.24,13.41,1
18445,DECODE,253,0,253,2267.24,13.41,1
18446,DECODE,253,0,253,2268.24,13.34,1
18447,DECODE,253,0,253,2269.24,13.39,1
18448,DECODE,252,0,252,2270.56,13.21,1
18449,DECODE,252,0,252,2271.56,13.42,1
18450,DECODE,252,0,252,2272.56,13.44,1
18451,DECODE,252,0,252,2273.56,13.69,1
18452,DECODE,252,0,252,2274.56,13.56,1
18453,DECODE,252,0,252,2275.56,13.28,1
18454,DECODE,252,0,252,2276.56,13.31,1
18455,DECODE,252,0,252,2277.56,13.28,1
18456,DECODE,252,0,252,2278.56,13.33,1
18457,DECODE,252,0,252,2279.56,13.36,1
18458,DECODE,252,0,252,2280.56,13.30,1
18459,DECODE,252,0,252,2281.56,13.34,1
18460,DECODE,252,0,252,2282.56,13.38,1
18461,DECODE,252,0,252,2283.56,13.29,1
18462,DECODE,252,0,252,2284.56,13.39,1
18463,DECODE,251,0,251,2284.47,13.65,1
18464,DECODE,251,0,251,2285.47,13.32,1
18465,DECODE,251,0,251,2286.47,13.39,1
18466,DECODE,251,0,251,2287.47,13.30,1
18467,DECODE,250,0,250,2287.38,13.72,1
18468,DECODE,250,0,250,2288.38,13.36,1
18469,DECODE,250,0,250,2289.38,13.32,1
18470,DECODE,250,0,250,2290.38,13.41,1
18471,DECODE,250,0,250,2291.38,13.43,1
18472,DECODE,250,0,250,2292.38,13.47,1
18473,DECODE,250,0,250,2293.38,13.34,1
18474,DECODE,250,0,250,2294.38,13.43,1
18475,DECODE,250,0,250,2295.38,13.40,1
18476,DECODE,250,0,250,2296.38,13.48,1
18477,DECODE,250,0,250,2297.38,13.40,1
18478,DECODE,250,0,250,2298.38,13.61,1
18479,DECODE,250,0,250,2299.38,13.32,1
18480,DECODE,250,0,250,2300.38,13.48,1
18481,DECODE,250,0,250,2301.38,13.58,1
18482,DECODE,250,0,250,2302.38,13.69,1
18483,DECODE,250,0,250,2303.38,13.47,1
18484,DECODE,250,0,250,2304.38,13.68,1
18485,DECODE,250,0,250,2305.38,13.77,1
18486,DECODE,250,0,250,2306.38,13.92,1
18487,DECODE,250,0,250,2307.38,13.72,1
18488,DECODE,250,0,250,2308.38,14.71,1
18489,DECODE,250,0,250,2309.38,13.56,1
18490,DECODE,248,0,248,2309.51,15.63,1
18491,DECODE,248,0,248,2310.51,14.26,1
18492,DECODE,248,0,248,2311.51,13.71,1
18493,DECODE,248,0,248,2312.51,13.59,1
18494,DECODE,248,0,248,2313.51,13.49,1
18495,DECODE,248,0,248,2314.51,13.54,1
18496,DECODE,247,0,247,2315.67,13.95,1
18497,DECODE,247,0,247,2316.67,13.76,1
18498,DECODE,247,0,247,2317.67,13.74,1
18499,DECODE,247,0,247,2318.67,13.59,1
18500,DECODE,247,0,247,2319.67,13.56,1
18501,DECODE,247,0,247,2320.67,13.59,1
18502,DECODE,247,0,247,2321.67,13.49,1
18503,DECODE,247,0,247,2322.67,13.76,1
18504,DECODE,247,0,247,2323.67,13.50,1
18505,DECODE,246,0,246,2323.71,14.23,1
18506,DECODE,245,0,245,2324.19,14.14,1
18507,DECODE,245,0,245,2325.19,13.53,1
18508,DECODE,245,0,245,2326.19,13.63,1
18509,DECODE,245,0,245,2327.19,13.82,1
18510,DECODE,245,0,245,2328.19,13.44,1
18511,DECODE,245,0,245,2329.19,13.53,1
18512,DECODE,245,0,245,2330.19,13.46,1
18513,DECODE,245,0,245,2331.19,13.63,1
18514,DECODE,245,0,245,2332.19,13.64,1
18515,DECODE,245,0,245,2333.19,13.61,1
18516,DECODE,245,0,245,2334.19,13.61,1
18517,DECODE,245,0,245,2335.19,13.63,1
18518,DECODE,244,0,244,2336.56,14.06,1
18519,DECODE,244,0,244,2337.56,13.58,1
18520,DECODE,244,0,244,2338.56,13.41,1
18521,DECODE,244,0,244,2339.56,13.51,1
18522,DECODE,244,0,244,2340.56,13.70,1
18523,DECODE,244,0,244,2341.56,13.11,1
18524,DECODE,244,0,244,2342.56,13.66,1
18525,DECODE,244,0,244,2343.56,13.40,1
18526,DECODE,244,0,244,2344.56,14.09,1
18527,DECODE,243,0,243,2345.51,13.79,1
18528,DECODE,243,0,243,2346.51,13.59,1
18529,DECODE,243,0,243,2347.51,14.86,1
18530,DECODE,243,0,243,2348.51,13.52,1
18531,DECODE,243,0,243,2349.51,13.49,1
18532,DECODE,242,0,242,2350.30,14.01,1
18533,DECODE,241,0,241,2350.43,13.88,1
18534,DECODE,241,0,241,2351.43,13.67,1
18535,DECODE,241,0,241,2352.43,13.67,1
18536,DECODE,241,0,241,2353.43,13.46,1
18537,DECODE,240,0,240,2353.57,13.98,1
18538,DECODE,240,0,240,2354.57,13.68,1
18539,DECODE,240,0,240,2355.57,13.53,1
18540,DECODE,239,0,239,2355.71,14.30,1
18541,DECODE,239,0,239,2356.71,13.49,1
18542,DECODE,239,0,239,2357.71,13.46,1
18543,DECODE,238,0,238,2358.88,13.91,1
18544,DECODE,238,0,238,2359.88,13.43,1
18545,DECODE,238,0,238,2360.88,13.32,1
18546,DECODE,238,0,238,2361.88,13.35,1
18547,DECODE,238,0,238,2362.88,13.38,1
18548,DECODE,238,0,238,2363.88,13.52,1
18549,DECODE,238,0,238,2364.88,13.22,1
18550,DECODE,238,0,238,2365.88,13.21,1
18551,DECODE,238,0,238,2366.88,13.46,1
18552,DECODE,238,0,238,2367.88,13.27,1
18553,DECODE,238,0,238,2368.88,13.02,1
18554,DECODE,237,0,237,2369.07,13.47,1
18555,DECODE,237,0,237,2370.07,13.18,1
18556,DECODE,237,0,237,2371.07,13.21,1
18557,DECODE,237,0,237,2372.07,13.18,1
18558,DECODE,237,0,237,2373.07,13.09,1
18559,DECODE,236,0,236,2373.28,13.43,1
18560,DECODE,236,0,236,2374.28,13.27,1
18561,DECODE,236,0,236,2375.28,13.14,1
18562,DECODE,235,0,235,2375.49,13.76,1
18563,DECODE,235,0,235,2376.49,13.75,1
18564,DECODE,235,0,235,2377.49,13.14,1
18565,DECODE,235,0,235,2378.49,13.17,1
18566,DECODE,235,0,235,2379.49,13.10,1
18567,DECODE,235,0,235,2380.49,13.10,1
18568,DECODE,235,0,235,2381.49,13.17,1
18569,DECODE,235,0,235,2382.49,13.14,1
18570,DECODE,235,0,235,2383.49,13.26,1
18571,DECODE,235,0,235,2384.49,13.12,1
18572,DECODE,235,0,235,2385.49,13.53,1
18573,DECODE,234,0,234,2386.89,13.62,1
18574,DECODE,234,0,234,2387.89,13.18,1
18575,DECODE,234,0,234,2388.89,13.11,1
18576,DECODE,234,0,234,2389.89,13.19,1
18577,DECODE,233,0,233,2390.16,13.20,1
18578,DECODE,232,0,232,2390.43,13.61,1
18579,DECODE,232,0,232,2391.43,13.18,1
18580,DECODE,232,0,232,2392.43,13.14,1
18581,DECODE,232,0,232,2393.43,13.08,1
18582,DECODE,232,0,232,2394.43,14.14,1
18583,DECODE,232,0,232,2395.43,13.45,1
18584,DECODE,231,0,231,2395.72,13.53,1
18585,DECODE,231,0,231,2396.72,13.09,1
18586,DECODE,229,0,229,2398.27,13.06,1
18587,DECODE,228,0,228,2398.56,13.29,1
18588,DECODE,228,0,228,2399.56,12.91,1
18589,DECODE,228,0,228,2400.56,12.89,1
18590,DECODE,227,0,227,2400.86,13.13,1
18591,DECODE,227,0,227,2401.86,12.92,1
18592,DECODE,227,0,227,2402.86,12.84,1
18593,DECODE,226,0,226,2403.16,13.05,1
18594,DECODE,225,0,225,2403.47,13.22,1
18595,DECODE,224,0,224,2403.77,13.34,1
18596,DECODE,224,0,224,2404.77,12.70,1
18597,DECODE,224,0,224,2405.77,12.66,1
18598,DECODE,224,0,224,2406.77,12.59,1
18599,DECODE,224,0,224,2407.77,12.70,1
18600,DECODE,224,0,224,2408.77,12.63,1
18601,DECODE,224,0,224,2409.77,12.69,1
18602,DECODE,224,0,224,2410.77,14.56,1
18603,DECODE,224,0,224,2411.77,12.74,1
18604,DECODE,223,0,223,2412.10,12.90,1
18605,DECODE,223,0,223,2413.10,12.91,1
18606,DECODE,223,0,223,2414.10,13.10,1
18607,DECODE,222,0,222,2414.45,12.82,1
18608,DECODE,222,0,222,2415.45,12.79,1
18609,DECODE,222,0,222,2416.45,12.88,1
18610,DECODE,222,0,222,2417.45,12.80,1
18611,DECODE,222,0,222,2418.45,12.93,1
18612,DECODE,221,0,221,2418.81,13.17,1
18613,DECODE,221,0,221,2419.81,12.96,1
18614,DECODE,221,0,221,2420.81,12.99,1
18615,DECODE,221,0,221,2421.81,13.59,1
18616,DECODE,219,0,219,2421.54,15.30,1
18617,DECODE,218,0,218,2421.91,13.20,1
18618,DECODE,216,0,216,2421.63,13.32,1
18619,DECODE,216,0,216,2422.63,12.71,1
18620,DECODE,215,0,215,2422.99,13.10,1
18621,DECODE,215,0,215,2423.99,11.92,1
18622,DECODE,215,0,215,2424.99,12.63,1
18623,DECODE,215,0,215,2425.99,12.71,1
18624,DECODE,214,0,214,2426.36,12.79,1
18625,DECODE,214,0,214,2427.36,12.70,1
18626,DECODE,213,0,213,2427.74,13.06,1
18627,DECODE,213,0,213,2428.74,12.87,1
18628,DECODE,213,0,213,2429.74,12.78,1
18629,DECODE,213,0,213,2430.74,12.55,1
18630,DECODE,213,0,213,2431.74,12.60,1
18631,DECODE,213,0,213,2432.74,12.57,1
18632,DECODE,213,0,213,2433.74,12.65,1
18633,DECODE,212,0,212,2434.15,13.14,1
18634,DECODE,212,0,212,2435.15,12.61,1
18635,DECODE,212,0,212,2436.15,12.72,1
18636,DECODE,212,0,212,2437.15,12.75,1
18637,DECODE,212,0,212,2438.15,12.54,1
18638,DECODE,211,0,211,2438.57,12.83,1
18639,DECODE,210,0,210,2438.99,13.52,1
18640,DECODE,208,0,208,2438.83,14.03,1
18641,DECODE,208,0,208,2439.83,12.93,1
18642,DECODE,207,0,207,2440.25,12.93,1
18643,DECODE,206,0,206,2440.67,13.12,1
18644,DECODE,205,0,205,2441.08,12.94,1
18645,DECODE,204,0,204,2441.50,13.04,1
18646,DECODE,204,0,204,2442.50,12.90,1
18647,DECODE,204,0,204,2443.50,12.68,1
18648,DECODE,204,0,204,2444.50,12.73,1
18649,DECODE,204,0,204,2445.50,12.63,1
18650,DECODE,204,0,204,2446.50,12.69,1
18651,DECODE,204,0,204,2447.50,12.75,1
18652,DECODE,204,0,204,2448.50,12.97,1
18653,DECODE,204,0,204,2449.50,12.77,1
18654,DECODE,204,0,204,2450.50,12.67,1
18655,DECODE,204,0,204,2451.50,12.65,1
18656,DECODE,204,0,204,2452.50,12.85,1
18657,DECODE,203,0,203,2452.97,12.93,1
18658,DECODE,203,0,203,2453.97,12.76,1
18659,DECODE,203,0,203,2454.97,12.71,1
18660,DECODE,201,0,201,2454.93,12.96,1
18661,DECODE,201,0,201,2455.93,12.62,1
18662,DECODE,200,0,200,2456.41,12.91,1
18663,DECODE,199,0,199,2456.88,12.91,1
18664,DECODE,197,0,197,2457.97,12.13,1
18665,DECODE,197,0,197,2458.97,11.72,1
18666,DECODE,196,0,196,2459.45,11.96,1
18667,DECODE,196,0,196,2460.45,11.70,1
18668,DECODE,196,0,196,2461.45,11.65,1
18669,DECODE,196,0,196,2462.45,11.62,1
18670,DECODE,196,0,196,2463.45,11.52,1
18671,DECODE,195,0,195,2463.96,11.92,1
18672,DECODE,194,0,194,2464.46,11.85,1
18673,DECODE,192,0,192,2465.10,11.66,1
18674,DECODE,192,0,192,2466.10,11.34,1
18675,DECODE,192,0,192,2467.10,11.34,1
18676,DECODE,189,0,189,2466.62,11.78,1
18677,DECODE,189,0,189,2467.62,12.21,1
18678,DECODE,187,0,187,2467.64,11.49,1
18679,DECODE,187,0,187,2468.64,11.38,1
18680,DECODE,187,0,187,2469.64,11.12,1
18681,DECODE,186,0,186,2470.15,11.40,1
18682,DECODE,185,0,185,2470.66,11.35,1
18683,DECODE,183,0,183,2471.35,11.40,1
18684,DECODE,182,0,182,2471.86,11.36,1
18685,DECODE,182,0,182,2472.86,11.15,1
18686,DECODE,182,0,182,2473.86,11.02,1
18687,DECODE,182,0,182,2474.86,10.99,1
18688,DECODE,181,0,181,2475.39,11.29,1
18689,DECODE,181,0,181,2476.39,11.00,1
18690,DECODE,181,0,181,2477.39,10.98,1
18691,DECODE,180,0,180,2477.93,11.58,1
18692,DECODE,180,0,180,2478.93,11.05,1
18693,DECODE,180,0,180,2479.93,11.01,1
18694,DECODE,179,0,179,2480.49,11.22,1
18695,DECODE,178,0,178,2481.04,11.22,1
18696,DECODE,177,0,177,2481.59,11.15,1
18697,DECODE,177,0,177,2482.59,10.97,1
18698,DECODE,177,0,177,2483.59,10.89,1
18699,DECODE,177,0,177,2484.59,10.96,1
18700,DECODE,176,0,176,2485.16,11.20,1
18701,DECODE,174,0,174,2485.87,11.13,1
18702,DECODE,174,0,174,2486.87,11.03,1
18703,DECODE,174,0,174,2487.87,10.84,1
18704,DECODE,174,0,174,2488.87,10.52,1
18705,DECODE,174,0,174,2489.87,10.72,1
18706,DECODE,173,0,173,2490.99,11.31,1
18707,DECODE,172,0,172,2491.59,11.18,1
18708,DECODE,172,0,172,2492.59,10.89,1
18709,DECODE,172,0,172,2493.59,10.72,1
18710,DECODE,172,0,172,2494.59,10.68,1
18711,DECODE,171,0,171,2495.20,11.01,1
18712,DECODE,170,0,170,2495.82,10.97,1
18713,DECODE,169,0,169,2496.44,11.15,1
18714,DECODE,169,0,169,2497.44,10.70,1
18715,DECODE,168,0,168,2498.07,11.05,1
18716,DECODE,168,0,168,2499.07,10.73,1
18717,DECODE,168,0,168,2500.07,10.79,1
18718,DECODE,168,0,168,2501.07,10.74,1
18719,DECODE,166,0,166,2501.36,11.03,1
18720,DECODE,166,0,166,2502.36,10.84,1
18721,DECODE,166,0,166,2503.36,11.00,1
18722,DECODE,163,0,163,2503.96,11.00,1
18723,DECODE,161,0,161,2504.27,11.12,1
18724,DECODE,161,0,161,2505.27,10.78,1
18725,DECODE,159,0,159,2505.58,10.74,1
18726,DECODE,158,0,158,2506.23,10.81,1
18727,DECODE,157,0,157,2506.89,10.77,1
18728,DECODE,154,0,154,2507.30,10.73,1
18729,DECODE,153,0,153,2507.95,10.81,1
18730,DECODE,153,0,153,2508.95,10.48,1
18731,DECODE,153,0,153,2509.95,10.46,1
18732,DECODE,152,0,152,2510.62,10.94,1
18733,DECODE,151,0,151,2511.30,11.32,1
18734,DECODE,149,0,149,2511.64,11.07,1
18735,DECODE,149,0,149,2512.64,9.77,1
18736,DECODE,149,0,149,2513.64,9.72,1
18737,DECODE,147,0,147,2514.01,9.85,1
18738,DECODE,145,0,145,2514.38,9.79,1
18739,DECODE,142,0,142,2514.42,9.74,1
18740,DECODE,142,0,142,2515.42,9.49,1
18741,DECODE,141,0,141,2516.10,9.51,1
18742,DECODE,141,0,141,2517.10,9.48,1
18743,DECODE,140,0,140,2517.79,9.45,1
18744,DECODE,140,0,140,2518.79,9.48,1
18745,DECODE,139,0,139,2519.50,9.51,1
18746,DECODE,138,0,138,2520.20,9.71,1
18747,DECODE,137,0,137,2520.91,9.46,1
18748,DECODE,136,0,136,2521.62,9.46,1
18749,DECODE,134,0,134,2522.05,9.41,1
18750,DECODE,134,0,134,2523.05,9.62,1
18751,DECODE,134,0,134,2524.05,9.47,1
18752,DECODE,131,0,131,2524.23,8.30,1
18753,DECODE,130,0,130,2524.95,8.27,1
18754,DECODE,127,0,127,2525.13,7.98,1
18755,DECODE,124,0,124,2525.60,8.05,1
18756,DECODE,120,0,120,2525.46,8.17,1
18757,DECODE,120,0,120,2526.46,7.76,1
18758,DECODE,120,0,120,2527.46,8.04,1
18759,DECODE,118,0,118,2528.09,8.11,1
18760,DECODE,117,0,117,2528.82,8.11,1
18761,DECODE,117,0,117,2529.82,7.85,1
18762,DECODE,116,0,116,2530.56,7.98,1
18763,DECODE,115,0,115,2531.30,7.91,1
18764,DECODE,115,0,115,2532.30,7.74,1
18765,DECODE,115,0,115,2533.30,7.81,1
18766,DECODE,111,0,111,2533.34,7.83,1
18767,DECODE,110,0,110,2534.10,7.69,1
18768,DECODE,107,0,107,2534.37,7.70,1
18769,DECODE,104,0,104,2534.63,7.66,1
18770,DECODE,102,0,102,2535.14,7.62,1
18771,DECODE,99,0,99,2535.63,7.56,1
18772,DECODE,98,0,98,2536.38,7.51,1
18773,DECODE,95,0,95,2536.63,7.43,1
18774,DECODE,91,0,91,2536.60,7.60,1
18775,DECODE,89,0,89,2537.08,7.52,1
18776,DECODE,88,0,88,2537.82,7.43,1
18777,DECODE,87,0,87,2538.56,7.05,1
18778,DECODE,86,0,86,2539.31,6.88,1
18779,DECODE,85,0,85,2540.07,6.90,1
18780,DECODE,85,0,85,2541.07,6.95,1
18781,DECODE,82,0,82,2541.38,6.86,1
18782,DECODE,79,0,79,2541.67,7.94,1
18783,DECODE,77,0,77,2542.19,6.96,1
18784,DECODE,72,0,72,2541.96,6.85,1
18785,DECODE,71,0,71,2542.70,6.91,1
18786,DECODE,70,0,70,2543.46,6.94,1
18787,DECODE,67,0,67,2543.72,6.92,1
18788,DECODE,65,0,65,2544.22,5.62,1
18789,DECODE,63,0,63,2544.71,5.66,1
18790,DECODE,55,0,55,2543.55,5.45,1
18791,DECODE,54,0,54,2544.24,5.33,1
18792,DECODE,52,0,52,2544.63,5.24,1
18793,DECODE,49,0,49,2544.69,5.21,1
18794,DECODE,44,0,44,2543.95,5.19,1
18795,DECODE,44,0,44,2544.95,5.16,1
18796,DECODE,42,0,42,2545.24,5.04,1
18797,DECODE,41,0,41,2545.88,5.11,1
18798,DECODE,38,0,38,2545.76,5.04,1
18799,DECODE,36,0,36,2545.97,4.95,1
18800,DECODE,33,0,33,2545.70,4.45,1
18801,DECODE,32,0,32,2546.25,4.28,1
18802,DECODE,30,0,30,2546.33,4.29,1
18803,DECODE,27,0,27,2545.81,4.10,1
18804,DECODE,23,0,23,2544.35,4.43,1
18805,DECODE,23,0,23,2545.35,4.22,1
18806,DECODE,23,0,23,2546.35,4.44,1
18807,DECODE,22,0,22,2546.73,4.04,1
18808,DECODE,21,0,21,2547.10,3.84,1
18809,DECODE,21,0,21,2548.10,3.84,1
18810,DECODE,21,0,21,2549.10,3.84,1
18811,DECODE,21,0,21,2550.10,3.85,1
18812,DECODE,20,0,20,2550.60,3.80,1
18813,DECODE,18,0,18,2550.56,3.78,1
18814,DECODE,15,0,15,2549.67,3.79,1
18815,DECODE,14,0,14,2549.93,3.63,1
18816,DECODE,13,0,13,2550.15,3.82,1
18817,DECODE,12,0,12,2550.33,4.49,1
18818,DECODE,10,0,10,2549.40,3.46,1
18819,DECODE,10,0,10,2550.40,3.48,1
18820,DECODE,10,0,10,2551.40,3.44,1
18821,DECODE,8,0,8,2550.25,3.29,1
18822,DECODE,7,0,7,2549.86,3.24,1
18823,DECODE,7,0,7,2550.86,3.29,1
18824,DECODE,7,0,7,2551.86,3.23,1
18825,DECODE,6,0,6,2551.50,3.25,1
18826,DECODE,6,0,6,2552.50,3.21,1
18827,DECODE,5,0,5,2552.00,3.20,1
18828,DECODE,5,0,5,2553.00,3.18,1
18829,DECODE,5,0,5,2554.00,3.20,1
18830,DECODE,5,0,5,2555.00,3.14,1
18831,DECODE,5,0,5,2556.00,3.16,1
18832,DECODE,5,0,5,2557.00,3.16,1
18833,DECODE,5,0,5,2558.00,3.15,1
18834,DECODE,5,0,5,2559.00,3.15,1
18835,DECODE,3,0,3,2559.33,3.09,1
18836,DECODE,1,0,1,2559.00,4.10,1
18837,DECODE,1,0,1,2560.00,2.97,1
