pass_id,mode,batch_size,prefill_tokens,decode_tokens,avg_seq_len,forward_time_ms,global_step
1,EXTEND,5,1091,0,218.20,1823.05,1
2,EXTEND,49,8192,0,167.18,83.16,1
3,EXTEND,43,4191,0,186.70,41.08,1
4,DECODE,96,0,96,180.08,27.49,1
5,DECODE,96,0,96,181.08,4.61,1
6,DECODE,96,0,96,182.08,4.60,1
7,DECODE,96,0,96,183.08,4.50,1
8,DECODE,96,0,96,184.08,4.58,1
9,DECODE,96,0,96,185.08,4.44,1
10,DECODE,96,0,96,186.08,4.51,1
11,DECODE,96,0,96,187.08,4.48,1
12,DECODE,96,0,96,188.08,4.51,1
13,DECODE,96,0,96,189.08,4.52,1
14,DECODE,96,0,96,190.08,4.51,1
15,DECODE,96,0,96,191.08,4.63,1
16,DECODE,96,0,96,192.08,4.61,1
17,DECODE,96,0,96,193.08,4.54,1
18,DECODE,96,0,96,194.08,4.54,1
19,DECODE,96,0,96,195.08,5.35,1
20,DECODE,96,0,96,196.08,4.53,1
21,DECODE,95,0,95,195.85,4.62,1
22,DECODE,92,0,92,193.32,4.61,1
23,DECODE,91,0,91,193.30,4.61,1
24,DECODE,89,0,89,192.92,4.68,1
25,DECODE,87,0,87,194.95,6.51,1
26,DECODE,85,0,85,197.04,5.23,1
27,DECODE,82,0,82,199.61,5.18,1
28,DECODE,80,0,80,198.29,6.62,1
29,DECODE,76,0,76,199.96,5.22,1
30,DECODE,74,0,74,202.31,5.24,1
31,DECODE,71,0,71,203.32,6.32,1
32,DECODE,69,0,69,204.88,5.09,1
33,DECODE,64,0,64,205.08,5.82,1
34,DECODE,59,0,59,209.15,5.03,1
35,DECODE,57,0,57,208.28,5.51,1
36,DECODE,54,0,54,206.19,6.58,1
37,DECODE,51,0,51,209.49,5.04,1
38,DECODE,49,0,49,207.51,5.13,1
39,DECODE,49,0,49,208.51,5.50,1
40,DECODE,48,0,48,210.42,6.50,1
41,DECODE,47,0,47,209.13,5.60,1
42,DECODE,46,0,46,206.26,4.90,1
43,DECODE,45,0,45,208.33,4.95,1
44,DECODE,44,0,44,209.80,4.82,1
45,DECODE,43,0,43,210.12,4.82,1
46,DECODE,43,0,43,211.12,4.98,1
47,DECODE,43,0,43,212.12,4.63,1
48,DECODE,40,0,40,212.88,5.64,1
49,DECODE,38,0,38,214.08,4.89,1
50,DECODE,34,0,34,216.03,4.95,1
51,DECODE,33,0,33,217.67,4.90,1
52,DECODE,33,0,33,218.67,4.66,1
53,DECODE,32,0,32,218.84,6.31,1
54,DECODE,32,0,32,219.84,4.84,1
55,DECODE,32,0,32,220.84,4.54,1
56,DECODE,32,0,32,221.84,4.59,1
57,DECODE,32,0,32,222.84,4.57,1
58,DECODE,31,0,31,224.52,4.79,1
59,DECODE,30,0,30,226.37,4.73,1
60,DECODE,30,0,30,227.37,4.64,1
61,DECODE,30,0,30,228.37,4.69,1
62,DECODE,28,0,28,230.96,4.76,1
63,DECODE,28,0,28,231.96,4.53,1
64,DECODE,28,0,28,232.96,4.56,1
65,DECODE,28,0,28,233.96,4.51,1
66,DECODE,28,0,28,234.96,4.59,1
67,DECODE,28,0,28,235.96,4.52,1
68,DECODE,28,0,28,236.96,4.51,1
69,DECODE,28,0,28,237.96,4.55,1
70,DECODE,28,0,28,238.96,4.50,1
71,DECODE,28,0,28,239.96,4.56,1
72,DECODE,28,0,28,240.96,4.56,1
73,EXTEND,7,398,0,147.14,36.52,1
74,EXTEND,25,2194,0,174.64,23.66,1
75,DECODE,57,0,57,203.60,4.72,1
76,DECODE,57,0,57,204.60,4.31,1
77,DECODE,57,0,57,205.60,4.26,1
78,DECODE,57,0,57,206.60,4.27,1
79,DECODE,57,0,57,207.60,4.62,1
80,DECODE,57,0,57,208.60,4.28,1
81,DECODE,56,0,56,209.59,3.92,1
82,DECODE,56,0,56,210.59,3.88,1
83,DECODE,56,0,56,211.59,3.89,1
84,EXTEND,12,840,0,158.33,17.69,1
85,EXTEND,20,1352,0,154.40,20.33,1
86,DECODE,86,0,86,190.24,4.87,1
87,EXTEND,12,840,0,157.17,13.37,1
88,EXTEND,20,1644,0,170.30,21.13,1
89,DECODE,118,0,118,184.50,5.43,1
90,DECODE,118,0,118,185.50,4.75,1
91,DECODE,118,0,118,186.50,4.78,1
92,DECODE,118,0,118,187.50,4.85,1
93,DECODE,117,0,117,188.13,4.82,1
94,DECODE,117,0,117,189.13,4.78,1
95,DECODE,117,0,117,190.13,4.72,1
96,EXTEND,9,1679,0,273.00,19.14,1
97,EXTEND,23,1473,0,151.09,21.39,1
98,DECODE,149,0,149,190.11,6.69,1
99,DECODE,149,0,149,191.11,5.34,1
100,DECODE,149,0,149,192.11,5.38,1
101,DECODE,148,0,148,192.40,5.63,1
102,DECODE,145,0,145,192.83,5.31,1
103,DECODE,145,0,145,193.83,5.33,1
104,DECODE,145,0,145,194.83,5.31,1
105,DECODE,144,0,144,196.12,5.97,1
106,EXTEND,2,98,0,136.00,24.33,1
107,EXTEND,30,2226,0,161.60,23.88,1
108,DECODE,173,0,173,190.86,6.61,1
109,DECODE,172,0,172,192.22,5.47,1
110,DECODE,172,0,172,193.22,5.45,1
111,DECODE,170,0,170,194.47,5.41,1
112,DECODE,167,0,167,196.14,6.20,1
113,DECODE,166,0,166,197.36,5.41,1
114,DECODE,165,0,165,198.58,5.45,1
115,DECODE,164,0,164,199.18,5.50,1
116,DECODE,164,0,164,200.18,5.39,1
117,DECODE,160,0,160,201.03,6.20,1
118,DECODE,160,0,160,202.03,5.73,1
119,DECODE,159,0,159,202.40,5.40,1
120,DECODE,155,0,155,203.70,5.35,1
121,DECODE,155,0,155,204.70,6.05,1
122,DECODE,153,0,153,205.75,6.25,1
123,DECODE,148,0,148,207.01,5.89,1
124,DECODE,147,0,147,207.97,6.09,1
125,DECODE,142,0,142,210.89,5.79,1
126,DECODE,140,0,140,212.60,6.32,1
127,DECODE,138,0,138,214.02,5.72,1
128,DECODE,137,0,137,214.31,5.91,1
129,DECODE,136,0,136,215.26,7.52,1
130,DECODE,136,0,136,216.26,5.55,1
131,DECODE,135,0,135,217.38,5.72,1
132,DECODE,132,0,132,218.97,5.96,1
133,DECODE,128,0,128,219.34,7.46,1
134,DECODE,127,0,127,220.70,6.55,1
135,DECODE,127,0,127,221.70,5.65,1
136,DECODE,126,0,126,223.01,5.79,1
137,DECODE,122,0,122,223.90,5.83,1
138,DECODE,122,0,122,224.90,5.64,1
139,DECODE,119,0,119,225.91,5.88,1
140,DECODE,116,0,116,227.45,5.87,1
141,DECODE,114,0,114,228.12,6.30,1
142,DECODE,109,0,109,229.15,7.10,1
143,DECODE,109,0,109,230.15,5.55,1
144,DECODE,109,0,109,231.15,5.45,1
145,DECODE,108,0,108,232.49,5.86,1
146,DECODE,106,0,106,230.74,5.94,1
147,DECODE,105,0,105,230.79,5.63,1
148,DECODE,101,0,101,233.55,7.10,1
149,DECODE,99,0,99,235.42,5.70,1
150,DECODE,99,0,99,236.42,5.44,1
151,DECODE,99,0,99,237.42,5.48,1
152,DECODE,97,0,97,238.80,5.70,1
153,DECODE,96,0,96,240.50,5.66,1
154,DECODE,95,0,95,241.21,5.65,1
155,DECODE,94,0,94,242.54,5.60,1
156,DECODE,94,0,94,243.54,5.37,1
157,DECODE,93,0,93,245.06,5.57,1
158,DECODE,93,0,93,246.06,5.48,1
159,DECODE,92,0,92,247.41,5.62,1
160,DECODE,88,0,88,248.99,5.46,1
161,DECODE,86,0,86,247.70,5.57,1
162,DECODE,84,0,84,249.18,5.51,1
163,DECODE,83,0,83,250.63,5.52,1
164,DECODE,83,0,83,251.63,5.30,1
165,DECODE,83,0,83,252.63,5.39,1
166,DECODE,82,0,82,253.73,5.68,1
167,DECODE,80,0,80,256.43,5.50,1
168,DECODE,78,0,78,256.28,5.53,1
169,DECODE,78,0,78,257.28,5.49,1
170,DECODE,76,0,76,257.49,5.48,1
171,DECODE,75,0,75,258.91,6.56,1
172,DECODE,73,0,73,260.70,5.65,1
173,DECODE,72,0,72,261.46,5.44,1
174,DECODE,71,0,71,263.06,5.52,1
175,DECODE,70,0,70,264.76,5.58,1
176,DECODE,70,0,70,265.76,5.32,1
177,DECODE,70,0,70,266.76,5.38,1
178,DECODE,69,0,69,268.46,5.56,1
179,DECODE,69,0,69,269.46,5.46,1
180,DECODE,68,0,68,271.47,5.52,1
181,DECODE,68,0,68,272.47,5.32,1
182,DECODE,67,0,67,274.30,5.49,1
183,DECODE,67,0,67,275.30,5.47,1
184,DECODE,67,0,67,276.30,5.28,1
185,DECODE,67,0,67,277.30,5.27,1
186,DECODE,67,0,67,278.30,5.30,1
187,DECODE,66,0,66,280.15,5.48,1
188,DECODE,65,0,65,279.45,5.50,1
189,DECODE,65,0,65,280.45,5.29,1
190,DECODE,65,0,65,281.45,5.42,1
191,DECODE,63,0,63,283.75,5.49,1
192,DECODE,63,0,63,284.75,5.61,1
193,DECODE,63,0,63,285.75,5.42,1
194,DECODE,63,0,63,286.75,5.39,1
195,DECODE,63,0,63,287.75,5.43,1
196,DECODE,63,0,63,288.75,5.39,1
197,DECODE,63,0,63,289.75,5.43,1
198,DECODE,63,0,63,290.75,5.35,1
199,DECODE,62,0,62,292.47,5.62,1
200,DECODE,58,0,58,296.22,6.27,1
201,DECODE,58,0,58,297.22,6.18,1
202,DECODE,58,0,58,298.22,5.25,1
203,DECODE,58,0,58,299.22,5.55,1
204,DECODE,58,0,58,300.22,5.32,1
205,DECODE,57,0,57,300.28,5.43,1
206,DECODE,57,0,57,301.28,5.25,1
207,DECODE,57,0,57,302.28,5.27,1
208,DECODE,56,0,56,304.12,5.05,1
209,DECODE,56,0,56,305.12,4.86,1
210,DECODE,54,0,54,307.61,5.15,1
211,DECODE,53,0,53,309.34,5.13,1
212,DECODE,52,0,52,311.00,5.13,1
213,DECODE,51,0,51,312.39,5.18,1
214,DECODE,49,0,49,310.86,5.21,1
215,DECODE,48,0,48,312.69,5.00,1
216,DECODE,47,0,47,313.68,5.05,1
217,DECODE,46,0,46,314.67,5.04,1
218,DECODE,46,0,46,315.67,4.83,1
219,DECODE,46,0,46,316.67,4.90,1
220,DECODE,45,0,45,318.31,5.01,1
221,DECODE,45,0,45,319.31,5.29,1
222,DECODE,45,0,45,320.31,4.57,1
223,DECODE,45,0,45,321.31,4.84,1
224,DECODE,45,0,45,322.31,4.81,1
225,DECODE,45,0,45,323.31,4.86,1
226,DECODE,45,0,45,324.31,5.27,1
227,DECODE,44,0,44,324.14,5.41,1
228,DECODE,43,0,43,324.72,5.04,1
229,DECODE,43,0,43,325.72,4.88,1
230,DECODE,43,0,43,326.72,4.83,1
231,DECODE,43,0,43,327.72,4.87,1
232,DECODE,43,0,43,328.72,4.84,1
233,DECODE,43,0,43,329.72,4.95,1
234,DECODE,42,0,42,331.83,5.04,1
235,DECODE,42,0,42,332.83,4.86,1
236,DECODE,42,0,42,333.83,4.80,1
237,DECODE,42,0,42,334.83,4.77,1
238,DECODE,42,0,42,335.83,4.73,1
239,DECODE,42,0,42,336.83,4.83,1
240,DECODE,41,0,41,338.83,5.00,1
241,DECODE,41,0,41,339.83,4.85,1
242,DECODE,40,0,40,341.88,5.14,1
243,DECODE,40,0,40,342.88,4.91,1
244,DECODE,40,0,40,343.88,4.74,1
245,DECODE,40,0,40,344.88,4.83,1
246,DECODE,40,0,40,345.88,4.78,1
247,DECODE,40,0,40,346.88,4.83,1
248,DECODE,40,0,40,347.88,4.80,1
249,DECODE,40,0,40,348.88,4.74,1
250,DECODE,40,0,40,349.88,4.78,1
251,DECODE,39,0,39,350.92,5.01,1
252,DECODE,39,0,39,351.92,4.75,1
253,DECODE,37,0,37,354.00,4.97,1
254,DECODE,37,0,37,355.00,4.76,1
255,DECODE,36,0,36,349.28,5.07,1
256,DECODE,36,0,36,350.28,4.86,1
257,DECODE,35,0,35,349.46,5.03,1
258,DECODE,35,0,35,350.46,4.79,1
259,DECODE,35,0,35,351.46,4.89,1
260,DECODE,35,0,35,352.46,4.85,1
261,DECODE,35,0,35,353.46,4.79,1
262,DECODE,35,0,35,354.46,4.81,1
263,DECODE,35,0,35,355.46,4.83,1
264,DECODE,35,0,35,356.46,4.80,1
265,DECODE,35,0,35,357.46,4.79,1
266,DECODE,35,0,35,358.46,4.90,1
267,DECODE,35,0,35,359.46,4.91,1
268,DECODE,35,0,35,360.46,4.85,1
269,DECODE,35,0,35,361.46,4.86,1
270,DECODE,35,0,35,362.46,4.83,1
271,DECODE,35,0,35,363.46,4.81,1
272,DECODE,35,0,35,364.46,4.84,1
273,DECODE,35,0,35,365.46,4.95,1
274,DECODE,35,0,35,366.46,4.84,1
275,DECODE,34,0,34,367.41,5.10,1
276,DECODE,34,0,34,368.41,4.82,1
277,DECODE,33,0,33,367.42,5.52,1
278,DECODE,33,0,33,368.42,5.07,1
279,DECODE,33,0,33,369.42,3.98,1
280,DECODE,33,0,33,370.42,4.76,1
281,DECODE,32,0,32,373.34,4.90,1
282,DECODE,31,0,31,376.00,4.87,1
283,DECODE,31,0,31,377.00,4.71,1
284,DECODE,31,0,31,378.00,5.21,1
285,DECODE,31,0,31,379.00,4.69,1
286,DECODE,31,0,31,380.00,4.62,1
287,DECODE,31,0,31,381.00,4.61,1
288,DECODE,31,0,31,382.00,4.68,1
289,DECODE,31,0,31,383.00,4.84,1
290,DECODE,31,0,31,384.00,4.71,1
291,DECODE,31,0,31,385.00,4.67,1
292,DECODE,31,0,31,386.00,4.69,1
293,DECODE,31,0,31,387.00,4.61,1
294,DECODE,31,0,31,388.00,4.65,1
295,DECODE,31,0,31,389.00,4.64,1
296,DECODE,31,0,31,390.00,4.69,1
297,DECODE,31,0,31,391.00,4.71,1
298,DECODE,31,0,31,392.00,4.60,1
299,DECODE,31,0,31,393.00,4.70,1
300,DECODE,31,0,31,394.00,4.66,1
301,DECODE,31,0,31,395.00,4.56,1
302,DECODE,31,0,31,396.00,4.60,1
303,DECODE,30,0,30,397.13,4.79,1
304,DECODE,30,0,30,398.13,4.71,1
305,DECODE,30,0,30,399.13,4.58,1
306,DECODE,30,0,30,400.13,4.67,1
307,DECODE,29,0,29,401.93,4.92,1
308,DECODE,29,0,29,402.93,4.69,1
309,DECODE,29,0,29,403.93,4.66,1
310,DECODE,29,0,29,404.93,4.70,1
311,DECODE,29,0,29,405.93,4.64,1
312,DECODE,29,0,29,406.93,4.67,1
313,DECODE,29,0,29,407.93,4.72,1
314,DECODE,29,0,29,408.93,4.79,1
315,DECODE,28,0,28,411.21,4.93,1
316,DECODE,28,0,28,412.21,4.59,1
317,DECODE,28,0,28,413.21,4.49,1
318,DECODE,28,0,28,414.21,4.56,1
319,DECODE,28,0,28,415.21,4.75,1
320,DECODE,26,0,26,408.50,4.85,1
321,DECODE,26,0,26,409.50,4.75,1
322,DECODE,25,0,25,410.84,4.80,1
323,DECODE,25,0,25,411.84,4.69,1
324,DECODE,25,0,25,412.84,4.60,1
325,DECODE,25,0,25,413.84,4.59,1
326,DECODE,25,0,25,414.84,4.65,1
327,DECODE,25,0,25,415.84,4.60,1
328,DECODE,25,0,25,416.84,4.53,1
329,DECODE,25,0,25,417.84,4.61,1
330,DECODE,25,0,25,418.84,4.57,1
331,DECODE,25,0,25,419.84,4.61,1
332,DECODE,25,0,25,420.84,4.50,1
333,DECODE,25,0,25,421.84,4.62,1
334,DECODE,24,0,24,422.46,6.24,1
335,DECODE,22,0,22,427.18,4.70,1
336,DECODE,22,0,22,428.18,4.40,1
337,DECODE,21,0,21,430.76,4.79,1
338,DECODE,21,0,21,431.76,4.59,1
339,DECODE,21,0,21,432.76,4.04,1
340,DECODE,21,0,21,433.76,4.51,1
341,DECODE,21,0,21,434.76,4.46,1
342,DECODE,21,0,21,435.76,4.46,1
343,DECODE,21,0,21,436.76,4.89,1
344,DECODE,21,0,21,437.76,4.62,1
345,DECODE,21,0,21,438.76,4.50,1
346,DECODE,21,0,21,439.76,4.60,1
347,DECODE,21,0,21,440.76,4.47,1
348,DECODE,21,0,21,441.76,4.48,1
349,DECODE,21,0,21,442.76,4.49,1
350,DECODE,21,0,21,443.76,4.58,1
351,DECODE,20,0,20,444.95,4.67,1
352,DECODE,20,0,20,445.95,4.60,1
353,DECODE,20,0,20,446.95,4.51,1
354,DECODE,20,0,20,447.95,4.61,1
355,DECODE,20,0,20,448.95,4.51,1
356,DECODE,20,0,20,449.95,4.50,1
357,DECODE,20,0,20,450.95,4.50,1
358,DECODE,20,0,20,451.95,4.34,1
359,DECODE,20,0,20,452.95,4.61,1
360,DECODE,20,0,20,453.95,4.52,1
361,DECODE,20,0,20,454.95,4.65,1
362,DECODE,20,0,20,455.95,4.46,1
363,DECODE,20,0,20,456.95,4.53,1
364,DECODE,20,0,20,457.95,4.48,1
365,DECODE,20,0,20,458.95,4.42,1
366,DECODE,20,0,20,459.95,4.51,1
367,DECODE,20,0,20,460.95,4.49,1
368,DECODE,19,0,19,463.16,4.71,1
369,DECODE,19,0,19,464.16,4.45,1
370,DECODE,19,0,19,465.16,4.63,1
371,DECODE,19,0,19,466.16,4.47,1
372,DECODE,19,0,19,467.16,4.51,1
373,DECODE,19,0,19,468.16,3.98,1
374,DECODE,19,0,19,469.16,4.46,1
375,DECODE,19,0,19,470.16,4.61,1
376,DECODE,19,0,19,471.16,4.44,1
377,DECODE,19,0,19,472.16,4.50,1
378,DECODE,19,0,19,473.16,4.46,1
379,DECODE,19,0,19,474.16,4.49,1
380,DECODE,19,0,19,475.16,4.54,1
381,DECODE,19,0,19,476.16,4.50,1
382,DECODE,19,0,19,477.16,4.51,1
383,DECODE,19,0,19,478.16,4.37,1
384,DECODE,19,0,19,479.16,4.44,1
385,DECODE,19,0,19,480.16,4.41,1
386,DECODE,19,0,19,481.16,4.36,1
387,DECODE,19,0,19,482.16,4.49,1
388,DECODE,19,0,19,483.16,4.47,1
389,DECODE,19,0,19,484.16,4.50,1
390,DECODE,19,0,19,485.16,5.07,1
391,DECODE,19,0,19,486.16,4.49,1
392,DECODE,19,0,19,487.16,4.53,1
393,DECODE,19,0,19,488.16,4.53,1
394,DECODE,19,0,19,489.16,4.55,1
395,DECODE,19,0,19,490.16,4.48,1
396,DECODE,19,0,19,491.16,4.59,1
397,DECODE,19,0,19,492.16,4.52,1
398,DECODE,19,0,19,493.16,4.46,1
399,DECODE,19,0,19,494.16,4.45,1
400,DECODE,19,0,19,495.16,4.45,1
401,DECODE,19,0,19,496.16,4.43,1
402,DECODE,19,0,19,497.16,4.47,1
403,DECODE,19,0,19,498.16,4.45,1
404,DECODE,19,0,19,499.16,4.53,1
405,DECODE,19,0,19,500.16,4.41,1
406,DECODE,19,0,19,501.16,4.45,1
407,DECODE,18,0,18,503.89,5.07,1
408,DECODE,18,0,18,504.89,7.36,1
409,DECODE,18,0,18,505.89,4.78,1
410,DECODE,17,0,17,506.35,4.76,1
411,DECODE,17,0,17,507.35,4.52,1
412,DECODE,17,0,17,508.35,4.48,1
413,DECODE,17,0,17,509.35,4.60,1
414,DECODE,17,0,17,510.35,4.29,1
415,DECODE,16,0,16,514.25,6.47,1
416,DECODE,16,0,16,515.25,4.60,1
417,DECODE,16,0,16,516.25,4.48,1
418,DECODE,16,0,16,517.25,4.59,1
419,DECODE,16,0,16,518.25,4.45,1
420,DECODE,16,0,16,519.25,4.47,1
421,DECODE,16,0,16,520.25,4.46,1
422,DECODE,16,0,16,521.25,4.50,1
423,DECODE,16,0,16,522.25,4.54,1
424,DECODE,16,0,16,523.25,4.51,1
425,DECODE,16,0,16,524.25,4.46,1
426,DECODE,16,0,16,525.25,4.48,1
427,DECODE,16,0,16,526.25,4.43,1
428,DECODE,16,0,16,527.25,4.67,1
429,DECODE,16,0,16,528.25,4.46,1
430,DECODE,16,0,16,529.25,4.53,1
431,DECODE,16,0,16,530.25,4.47,1
432,DECODE,16,0,16,531.25,4.50,1
433,DECODE,16,0,16,532.25,4.49,1
434,DECODE,16,0,16,533.25,4.47,1
435,DECODE,16,0,16,534.25,4.50,1
436,DECODE,16,0,16,535.25,4.52,1
437,DECODE,16,0,16,536.25,4.49,1
438,DECODE,16,0,16,537.25,4.50,1
439,DECODE,16,0,16,538.25,4.42,1
440,DECODE,15,0,15,539.87,4.75,1
441,DECODE,15,0,15,540.87,4.49,1
442,DECODE,15,0,15,541.87,4.53,1
443,DECODE,15,0,15,542.87,4.45,1
444,DECODE,15,0,15,543.87,4.58,1
445,DECODE,15,0,15,544.87,4.47,1
446,DECODE,15,0,15,545.87,4.58,1
447,DECODE,15,0,15,546.87,4.48,1
448,DECODE,15,0,15,547.87,4.54,1
449,DECODE,15,0,15,548.87,4.51,1
450,DECODE,15,0,15,549.87,4.67,1
451,DECODE,15,0,15,550.87,4.53,1
452,DECODE,15,0,15,551.87,4.54,1
453,DECODE,15,0,15,552.87,4.63,1
454,DECODE,15,0,15,553.87,4.56,1
455,DECODE,15,0,15,554.87,4.48,1
456,DECODE,15,0,15,555.87,4.47,1
457,DECODE,15,0,15,556.87,4.49,1
458,DECODE,15,0,15,557.87,4.57,1
459,DECODE,15,0,15,558.87,4.45,1
460,DECODE,15,0,15,559.87,4.53,1
461,DECODE,15,0,15,560.87,4.46,1
462,DECODE,15,0,15,561.87,4.47,1
463,DECODE,15,0,15,562.87,4.52,1
464,DECODE,15,0,15,563.87,4.62,1
465,DECODE,15,0,15,564.87,4.51,1
466,DECODE,15,0,15,565.87,4.49,1
467,DECODE,15,0,15,566.87,4.48,1
468,DECODE,15,0,15,567.87,4.77,1
469,DECODE,15,0,15,568.87,4.56,1
470,DECODE,15,0,15,569.87,4.93,1
471,DECODE,15,0,15,570.87,4.53,1
472,DECODE,13,0,13,573.08,4.75,1
473,DECODE,13,0,13,574.08,4.62,1
474,DECODE,13,0,13,575.08,4.56,1
475,DECODE,13,0,13,576.08,4.46,1
476,DECODE,13,0,13,577.08,4.58,1
477,DECODE,13,0,13,578.08,4.50,1
478,DECODE,12,0,12,558.92,6.31,1
479,DECODE,12,0,12,559.92,4.39,1
480,DECODE,12,0,12,560.92,4.42,1
481,DECODE,12,0,12,561.92,4.36,1
482,DECODE,12,0,12,562.92,4.38,1
483,DECODE,12,0,12,563.92,4.35,1
484,DECODE,12,0,12,564.92,4.34,1
485,DECODE,12,0,12,565.92,4.41,1
486,DECODE,12,0,12,566.92,4.41,1
487,DECODE,12,0,12,567.92,4.32,1
488,DECODE,12,0,12,568.92,4.32,1
489,DECODE,12,0,12,569.92,4.35,1
490,DECODE,12,0,12,570.92,4.44,1
491,DECODE,12,0,12,571.92,4.37,1
492,DECODE,12,0,12,572.92,4.37,1
493,DECODE,12,0,12,573.92,4.39,1
494,DECODE,12,0,12,574.92,4.43,1
495,DECODE,12,0,12,575.92,4.38,1
496,DECODE,12,0,12,576.92,4.37,1
497,DECODE,12,0,12,577.92,4.36,1
498,DECODE,12,0,12,578.92,4.47,1
499,DECODE,12,0,12,579.92,4.35,1
500,DECODE,12,0,12,580.92,4.37,1
501,DECODE,12,0,12,581.92,4.30,1
502,DECODE,12,0,12,582.92,4.41,1
503,DECODE,12,0,12,583.92,4.41,1
504,DECODE,11,0,11,589.00,4.59,1
505,DECODE,11,0,11,590.00,4.46,1
506,DECODE,11,0,11,591.00,4.43,1
507,DECODE,11,0,11,592.00,4.41,1
508,DECODE,11,0,11,593.00,4.48,1
509,DECODE,10,0,10,591.50,4.55,1
510,DECODE,10,0,10,592.50,4.49,1
511,DECODE,10,0,10,593.50,4.40,1
512,DECODE,10,0,10,594.50,4.52,1
513,DECODE,10,0,10,595.50,4.50,1
514,DECODE,10,0,10,596.50,4.53,1
515,DECODE,10,0,10,597.50,4.44,1
516,DECODE,10,0,10,598.50,4.43,1
517,DECODE,10,0,10,599.50,4.44,1
518,DECODE,10,0,10,600.50,4.50,1
519,DECODE,10,0,10,601.50,4.42,1
520,DECODE,10,0,10,602.50,4.47,1
521,DECODE,10,0,10,603.50,4.42,1
522,DECODE,10,0,10,604.50,4.50,1
523,DECODE,10,0,10,605.50,4.46,1
524,DECODE,10,0,10,606.50,4.50,1
525,DECODE,10,0,10,607.50,4.45,1
526,DECODE,10,0,10,608.50,5.29,1
527,DECODE,10,0,10,609.50,4.43,1
528,DECODE,10,0,10,610.50,4.70,1
529,DECODE,10,0,10,611.50,4.50,1
530,DECODE,10,0,10,612.50,4.51,1
531,DECODE,10,0,10,613.50,4.51,1
532,DECODE,10,0,10,614.50,4.46,1
533,DECODE,10,0,10,615.50,4.50,1
534,DECODE,10,0,10,616.50,4.49,1
535,DECODE,10,0,10,617.50,4.49,1
536,DECODE,10,0,10,618.50,4.54,1
537,DECODE,10,0,10,619.50,4.60,1
538,DECODE,10,0,10,620.50,4.45,1
539,DECODE,10,0,10,621.50,4.42,1
540,DECODE,10,0,10,622.50,4.58,1
541,DECODE,10,0,10,623.50,4.46,1
542,DECODE,10,0,10,624.50,4.58,1
543,DECODE,10,0,10,625.50,4.52,1
544,DECODE,10,0,10,626.50,4.52,1
545,DECODE,10,0,10,627.50,4.47,1
546,DECODE,10,0,10,628.50,4.50,1
547,DECODE,10,0,10,629.50,4.48,1
548,DECODE,10,0,10,630.50,4.49,1
549,DECODE,10,0,10,631.50,4.47,1
550,DECODE,10,0,10,632.50,4.54,1
551,DECODE,10,0,10,633.50,4.46,1
552,DECODE,10,0,10,634.50,4.50,1
553,DECODE,10,0,10,635.50,4.46,1
554,DECODE,10,0,10,636.50,4.49,1
555,DECODE,10,0,10,637.50,4.53,1
556,DECODE,10,0,10,638.50,4.47,1
557,DECODE,9,0,9,636.44,4.58,1
558,DECODE,9,0,9,637.44,4.46,1
559,DECODE,9,0,9,638.44,4.42,1
560,DECODE,9,0,9,639.44,4.49,1
561,DECODE,9,0,9,640.44,4.45,1
562,DECODE,9,0,9,641.44,4.48,1
563,DECODE,9,0,9,642.44,4.46,1
564,DECODE,9,0,9,643.44,4.49,1
565,DECODE,9,0,9,644.44,4.53,1
566,DECODE,9,0,9,645.44,4.38,1
567,DECODE,9,0,9,646.44,4.34,1
568,DECODE,9,0,9,647.44,4.37,1
569,DECODE,9,0,9,648.44,4.31,1
570,DECODE,9,0,9,649.44,4.37,1
571,DECODE,9,0,9,650.44,4.50,1
572,DECODE,9,0,9,651.44,4.36,1
573,DECODE,9,0,9,652.44,4.36,1
574,DECODE,9,0,9,653.44,4.55,1
575,DECODE,9,0,9,654.44,4.48,1
576,DECODE,9,0,9,655.44,4.49,1
577,DECODE,9,0,9,656.44,4.51,1
578,DECODE,9,0,9,657.44,4.51,1
579,DECODE,9,0,9,658.44,4.35,1
580,DECODE,9,0,9,659.44,4.36,1
581,DECODE,9,0,9,660.44,4.30,1
582,DECODE,9,0,9,661.44,4.52,1
583,DECODE,9,0,9,662.44,4.38,1
584,DECODE,9,0,9,663.44,4.34,1
585,DECODE,9,0,9,664.44,4.27,1
586,DECODE,9,0,9,665.44,4.30,1
587,DECODE,9,0,9,666.44,4.34,1
588,DECODE,9,0,9,667.44,4.28,1
589,DECODE,9,0,9,668.44,4.30,1
590,DECODE,9,0,9,669.44,4.28,1
591,DECODE,9,0,9,670.44,4.26,1
592,DECODE,9,0,9,671.44,4.30,1
593,DECODE,9,0,9,672.44,4.27,1
594,DECODE,9,0,9,673.44,4.28,1
595,DECODE,9,0,9,674.44,4.32,1
596,DECODE,9,0,9,675.44,4.31,1
597,DECODE,9,0,9,676.44,4.32,1
598,DECODE,9,0,9,677.44,4.44,1
599,DECODE,8,0,8,679.62,5.99,1
600,DECODE,8,0,8,680.62,4.26,1
601,DECODE,8,0,8,681.62,4.15,1
602,DECODE,8,0,8,682.62,4.18,1
603,DECODE,8,0,8,683.62,4.16,1
604,DECODE,8,0,8,684.62,4.19,1
605,DECODE,8,0,8,685.62,4.17,1
606,DECODE,8,0,8,686.62,4.21,1
607,DECODE,8,0,8,687.62,4.15,1
608,DECODE,8,0,8,688.62,4.15,1
609,DECODE,8,0,8,689.62,4.19,1
610,DECODE,8,0,8,690.62,4.19,1
611,DECODE,8,0,8,691.62,4.18,1
612,DECODE,8,0,8,692.62,4.22,1
613,DECODE,8,0,8,693.62,4.14,1
614,DECODE,8,0,8,694.62,4.16,1
615,DECODE,8,0,8,695.62,4.16,1
616,DECODE,8,0,8,696.62,4.17,1
617,DECODE,7,0,7,699.29,4.39,1
618,DECODE,7,0,7,700.29,4.27,1
619,DECODE,7,0,7,701.29,4.16,1
620,DECODE,7,0,7,702.29,4.24,1
621,DECODE,6,0,6,705.33,4.42,1
622,DECODE,6,0,6,706.33,4.41,1
623,DECODE,6,0,6,707.33,4.22,1
624,DECODE,6,0,6,708.33,4.27,1
625,DECODE,5,0,5,707.80,4.41,1
626,DECODE,5,0,5,708.80,4.27,1
627,DECODE,5,0,5,709.80,4.17,1
628,DECODE,5,0,5,710.80,4.23,1
629,DECODE,5,0,5,711.80,4.15,1
630,DECODE,5,0,5,712.80,4.19,1
631,DECODE,5,0,5,713.80,4.15,1
632,DECODE,5,0,5,714.80,4.19,1
633,DECODE,5,0,5,715.80,4.19,1
634,DECODE,5,0,5,716.80,4.20,1
635,DECODE,5,0,5,717.80,4.22,1
636,DECODE,5,0,5,718.80,4.22,1
637,DECODE,5,0,5,719.80,4.15,1
638,DECODE,5,0,5,720.80,4.20,1
639,DECODE,5,0,5,721.80,4.17,1
640,DECODE,5,0,5,722.80,4.16,1
641,DECODE,5,0,5,723.80,4.18,1
642,DECODE,5,0,5,724.80,4.17,1
643,DECODE,5,0,5,725.80,4.17,1
644,DECODE,5,0,5,726.80,4.20,1
645,DECODE,5,0,5,727.80,4.16,1
646,DECODE,5,0,5,728.80,4.25,1
647,DECODE,5,0,5,729.80,4.14,1
648,DECODE,5,0,5,730.80,4.16,1
649,DECODE,5,0,5,731.80,4.20,1
650,DECODE,5,0,5,732.80,4.13,1
651,DECODE,5,0,5,733.80,4.13,1
652,DECODE,5,0,5,734.80,4.14,1
653,DECODE,5,0,5,735.80,4.16,1
654,DECODE,5,0,5,736.80,4.16,1
655,DECODE,5,0,5,737.80,4.15,1
656,DECODE,5,0,5,738.80,4.15,1
657,DECODE,5,0,5,739.80,4.12,1
658,DECODE,5,0,5,740.80,4.13,1
659,DECODE,5,0,5,741.80,4.14,1
660,DECODE,5,0,5,742.80,4.17,1
661,DECODE,5,0,5,743.80,4.13,1
662,DECODE,5,0,5,744.80,4.12,1
663,DECODE,5,0,5,745.80,4.16,1
664,DECODE,5,0,5,746.80,4.13,1
665,DECODE,5,0,5,747.80,4.16,1
666,DECODE,5,0,5,748.80,4.11,1
667,DECODE,5,0,5,749.80,4.16,1
668,DECODE,5,0,5,750.80,4.11,1
669,DECODE,5,0,5,751.80,4.12,1
670,DECODE,5,0,5,752.80,4.14,1
671,DECODE,5,0,5,753.80,4.12,1
672,DECODE,5,0,5,754.80,4.11,1
673,DECODE,5,0,5,755.80,4.18,1
674,DECODE,5,0,5,756.80,4.12,1
675,DECODE,5,0,5,757.80,4.13,1
676,DECODE,5,0,5,758.80,4.14,1
677,DECODE,5,0,5,759.80,4.19,1
678,DECODE,5,0,5,760.80,4.22,1
679,DECODE,5,0,5,761.80,4.22,1
680,DECODE,5,0,5,762.80,4.22,1
681,DECODE,5,0,5,763.80,4.16,1
682,DECODE,5,0,5,764.80,4.22,1
683,DECODE,5,0,5,765.80,4.24,1
684,DECODE,5,0,5,766.80,4.16,1
685,DECODE,5,0,5,767.80,4.15,1
686,DECODE,5,0,5,768.80,4.32,1
687,DECODE,5,0,5,769.80,4.18,1
688,DECODE,5,0,5,770.80,4.18,1
689,DECODE,5,0,5,771.80,4.19,1
690,DECODE,5,0,5,772.80,4.19,1
691,DECODE,5,0,5,773.80,4.20,1
692,DECODE,5,0,5,774.80,4.23,1
693,DECODE,5,0,5,775.80,4.19,1
694,DECODE,5,0,5,776.80,4.20,1
695,DECODE,5,0,5,777.80,4.19,1
696,DECODE,5,0,5,778.80,4.16,1
697,DECODE,5,0,5,779.80,4.17,1
698,DECODE,5,0,5,780.80,4.23,1
699,DECODE,5,0,5,781.80,4.29,1
700,DECODE,5,0,5,782.80,3.62,1
701,DECODE,5,0,5,783.80,4.27,1
702,DECODE,5,0,5,784.80,4.24,1
703,DECODE,5,0,5,785.80,4.22,1
704,DECODE,5,0,5,786.80,4.26,1
705,DECODE,5,0,5,787.80,4.23,1
706,DECODE,5,0,5,788.80,4.22,1
707,DECODE,5,0,5,789.80,4.26,1
708,DECODE,5,0,5,790.80,4.21,1
709,DECODE,5,0,5,791.80,4.21,1
710,DECODE,5,0,5,792.80,4.29,1
711,DECODE,5,0,5,793.80,4.23,1
712,DECODE,5,0,5,794.80,4.25,1
713,DECODE,5,0,5,795.80,4.24,1
714,DECODE,5,0,5,796.80,4.25,1
715,DECODE,5,0,5,797.80,4.21,1
716,DECODE,5,0,5,798.80,4.26,1
717,DECODE,5,0,5,799.80,4.21,1
718,DECODE,5,0,5,800.80,4.26,1
719,DECODE,5,0,5,801.80,4.14,1
720,DECODE,5,0,5,802.80,4.12,1
721,DECODE,5,0,5,803.80,4.38,1
722,DECODE,5,0,5,804.80,4.26,1
723,DECODE,5,0,5,805.80,4.20,1
724,DECODE,5,0,5,806.80,4.25,1
725,DECODE,4,0,4,801.00,5.50,1
726,DECODE,4,0,4,802.00,4.06,1
727,DECODE,4,0,4,803.00,4.08,1
728,DECODE,4,0,4,804.00,4.06,1
729,DECODE,4,0,4,805.00,4.03,1
730,DECODE,4,0,4,806.00,4.02,1
731,DECODE,4,0,4,807.00,4.01,1
732,DECODE,4,0,4,808.00,3.97,1
733,DECODE,4,0,4,809.00,3.96,1
734,DECODE,4,0,4,810.00,4.12,1
735,DECODE,4,0,4,811.00,4.07,1
736,DECODE,4,0,4,812.00,3.98,1
737,DECODE,4,0,4,813.00,4.07,1
738,DECODE,4,0,4,814.00,3.98,1
739,DECODE,4,0,4,815.00,4.03,1
740,DECODE,4,0,4,816.00,3.98,1
741,DECODE,4,0,4,817.00,4.03,1
742,DECODE,4,0,4,818.00,4.01,1
743,DECODE,4,0,4,819.00,4.01,1
744,DECODE,4,0,4,820.00,4.01,1
745,DECODE,4,0,4,821.00,4.00,1
746,DECODE,4,0,4,822.00,3.96,1
747,DECODE,4,0,4,823.00,4.00,1
748,DECODE,4,0,4,824.00,4.04,1
749,DECODE,4,0,4,825.00,4.03,1
750,DECODE,4,0,4,826.00,3.96,1
751,DECODE,4,0,4,827.00,4.54,1
752,DECODE,4,0,4,828.00,4.47,1
753,DECODE,4,0,4,829.00,4.12,1
754,DECODE,4,0,4,830.00,4.50,1
755,DECODE,4,0,4,831.00,4.08,1
756,DECODE,4,0,4,832.00,4.04,1
757,DECODE,4,0,4,833.00,4.12,1
758,DECODE,4,0,4,834.00,4.04,1
759,DECODE,4,0,4,835.00,4.08,1
760,DECODE,4,0,4,836.00,4.12,1
761,DECODE,4,0,4,837.00,4.13,1
762,DECODE,4,0,4,838.00,4.05,1
763,DECODE,4,0,4,839.00,3.47,1
764,DECODE,4,0,4,840.00,3.31,1
765,DECODE,4,0,4,841.00,3.41,1
766,DECODE,4,0,4,842.00,3.28,1
767,DECODE,4,0,4,843.00,3.36,1
768,DECODE,4,0,4,844.00,3.29,1
769,DECODE,4,0,4,845.00,3.36,1
770,DECODE,4,0,4,846.00,3.30,1
771,DECODE,4,0,4,847.00,3.37,1
772,DECODE,4,0,4,848.00,3.32,1
773,DECODE,4,0,4,849.00,3.39,1
774,DECODE,4,0,4,850.00,3.30,1
775,DECODE,4,0,4,851.00,3.34,1
776,DECODE,4,0,4,852.00,3.26,1
777,DECODE,4,0,4,853.00,3.27,1
778,DECODE,4,0,4,854.00,3.30,1
779,DECODE,4,0,4,855.00,3.29,1
780,DECODE,4,0,4,856.00,3.32,1
781,DECODE,4,0,4,857.00,3.27,1
782,DECODE,4,0,4,858.00,3.32,1
783,DECODE,4,0,4,859.00,3.28,1
784,DECODE,4,0,4,860.00,3.33,1
785,DECODE,4,0,4,861.00,3.29,1
786,DECODE,4,0,4,862.00,3.32,1
787,DECODE,4,0,4,863.00,3.34,1
788,DECODE,4,0,4,864.00,3.32,1
789,DECODE,4,0,4,865.00,3.35,1
790,DECODE,4,0,4,866.00,3.27,1
791,DECODE,4,0,4,867.00,3.29,1
792,DECODE,4,0,4,868.00,3.28,1
793,DECODE,4,0,4,869.00,3.42,1
794,DECODE,3,0,3,864.67,3.85,1
795,DECODE,3,0,3,865.67,3.45,1
796,DECODE,3,0,3,866.67,3.34,1
797,DECODE,3,0,3,867.67,3.28,1
798,DECODE,3,0,3,868.67,3.54,1
799,DECODE,3,0,3,869.67,3.34,1
800,DECODE,3,0,3,870.67,3.56,1
801,DECODE,3,0,3,871.67,4.36,1
802,DECODE,3,0,3,872.67,3.56,1
803,DECODE,3,0,3,873.67,3.56,1
804,DECODE,3,0,3,874.67,3.57,1
805,DECODE,3,0,3,875.67,4.68,1
806,DECODE,3,0,3,876.67,3.52,1
807,DECODE,3,0,3,877.67,3.58,1
808,DECODE,3,0,3,878.67,3.35,1
809,DECODE,3,0,3,879.67,3.31,1
810,DECODE,3,0,3,880.67,3.31,1
811,DECODE,3,0,3,881.67,3.31,1
812,DECODE,3,0,3,882.67,3.30,1
813,DECODE,3,0,3,883.67,3.29,1
814,DECODE,3,0,3,884.67,3.29,1
815,DECODE,3,0,3,885.67,3.30,1
816,DECODE,3,0,3,886.67,3.29,1
817,DECODE,3,0,3,887.67,3.31,1
818,DECODE,3,0,3,888.67,3.30,1
819,DECODE,3,0,3,889.67,3.31,1
820,DECODE,3,0,3,890.67,3.31,1
821,DECODE,3,0,3,891.67,3.31,1
822,DECODE,3,0,3,892.67,3.31,1
823,DECODE,3,0,3,893.67,3.29,1
824,DECODE,3,0,3,894.67,3.28,1
825,DECODE,3,0,3,895.67,3.32,1
826,DECODE,3,0,3,896.67,3.31,1
827,DECODE,3,0,3,897.67,3.31,1
828,DECODE,2,0,2,898.50,4.22,1
829,DECODE,2,0,2,899.50,3.27,1
830,DECODE,2,0,2,900.50,3.25,1
831,DECODE,2,0,2,901.50,3.25,1
832,DECODE,2,0,2,902.50,3.24,1
833,DECODE,2,0,2,903.50,3.26,1
834,DECODE,2,0,2,904.50,3.25,1
835,DECODE,2,0,2,905.50,3.95,1
836,DECODE,2,0,2,906.50,3.29,1
837,DECODE,2,0,2,907.50,3.79,1
838,DECODE,2,0,2,908.50,3.28,1
839,DECODE,2,0,2,909.50,3.28,1
840,DECODE,2,0,2,910.50,3.82,1
841,DECODE,2,0,2,911.50,4.05,1
842,DECODE,2,0,2,912.50,3.99,1
843,DECODE,2,0,2,913.50,3.96,1
844,DECODE,2,0,2,914.50,3.97,1
845,DECODE,2,0,2,915.50,3.96,1
846,DECODE,2,0,2,916.50,4.00,1
847,DECODE,2,0,2,917.50,3.98,1
848,DECODE,2,0,2,918.50,4.04,1
849,DECODE,2,0,2,919.50,4.03,1
850,DECODE,2,0,2,920.50,4.02,1
851,DECODE,2,0,2,921.50,3.99,1
852,DECODE,2,0,2,922.50,4.00,1
853,DECODE,2,0,2,923.50,3.98,1
854,DECODE,2,0,2,924.50,4.00,1
855,DECODE,2,0,2,925.50,3.97,1
856,DECODE,2,0,2,926.50,4.02,1
857,DECODE,2,0,2,927.50,3.95,1
858,DECODE,2,0,2,928.50,4.01,1
859,DECODE,2,0,2,929.50,3.99,1
860,DECODE,2,0,2,930.50,4.02,1
861,DECODE,2,0,2,931.50,3.96,1
862,DECODE,2,0,2,932.50,4.04,1
863,DECODE,2,0,2,933.50,3.99,1
864,DECODE,2,0,2,934.50,4.00,1
865,DECODE,2,0,2,935.50,3.97,1
866,DECODE,2,0,2,936.50,4.05,1
867,DECODE,2,0,2,937.50,4.06,1
868,DECODE,2,0,2,938.50,4.00,1
869,DECODE,2,0,2,939.50,3.98,1
870,DECODE,2,0,2,940.50,4.00,1
871,DECODE,2,0,2,941.50,4.01,1
872,DECODE,2,0,2,942.50,4.05,1
873,DECODE,2,0,2,943.50,4.08,1
874,DECODE,2,0,2,944.50,4.52,1
875,DECODE,2,0,2,945.50,4.15,1
876,DECODE,2,0,2,946.50,4.06,1
877,DECODE,2,0,2,947.50,4.04,1
878,DECODE,2,0,2,948.50,4.03,1
879,DECODE,2,0,2,949.50,4.06,1
880,DECODE,2,0,2,950.50,4.07,1
881,DECODE,2,0,2,951.50,4.03,1
882,DECODE,2,0,2,952.50,3.39,1
883,DECODE,2,0,2,953.50,3.37,1
884,DECODE,2,0,2,954.50,3.42,1
885,DECODE,2,0,2,955.50,3.41,1
886,DECODE,2,0,2,956.50,3.43,1
887,DECODE,2,0,2,957.50,3.44,1
888,DECODE,2,0,2,958.50,3.45,1
889,DECODE,2,0,2,959.50,3.41,1
890,DECODE,2,0,2,960.50,3.41,1
891,DECODE,2,0,2,961.50,3.42,1
892,DECODE,2,0,2,962.50,3.46,1
893,DECODE,2,0,2,963.50,3.44,1
894,DECODE,2,0,2,964.50,3.44,1
895,DECODE,2,0,2,965.50,3.46,1
896,DECODE,2,0,2,966.50,3.42,1
897,DECODE,2,0,2,967.50,3.44,1
898,DECODE,2,0,2,968.50,3.43,1
899,DECODE,2,0,2,969.50,3.41,1
900,DECODE,2,0,2,970.50,3.30,1
901,DECODE,2,0,2,971.50,3.28,1
902,DECODE,2,0,2,972.50,3.27,1
903,DECODE,2,0,2,973.50,3.27,1
904,DECODE,2,0,2,974.50,3.26,1
905,DECODE,2,0,2,975.50,3.26,1
906,DECODE,2,0,2,976.50,3.30,1
907,DECODE,2,0,2,977.50,4.81,1
908,DECODE,2,0,2,978.50,4.13,1
909,DECODE,2,0,2,979.50,3.97,1
910,DECODE,2,0,2,980.50,4.15,1
911,DECODE,2,0,2,981.50,4.14,1
912,DECODE,2,0,2,982.50,4.15,1
913,DECODE,2,0,2,983.50,4.11,1
914,DECODE,2,0,2,984.50,4.13,1
915,DECODE,2,0,2,985.50,4.02,1
916,DECODE,2,0,2,986.50,4.14,1
917,DECODE,2,0,2,987.50,4.14,1
918,DECODE,2,0,2,988.50,4.17,1
919,DECODE,2,0,2,989.50,4.15,1
920,DECODE,2,0,2,990.50,4.13,1
921,DECODE,2,0,2,991.50,4.14,1
922,DECODE,2,0,2,992.50,4.08,1
923,DECODE,2,0,2,993.50,4.12,1
924,DECODE,2,0,2,994.50,4.15,1
925,DECODE,2,0,2,995.50,4.16,1
926,DECODE,2,0,2,996.50,4.14,1
927,DECODE,2,0,2,997.50,4.11,1
928,DECODE,2,0,2,998.50,4.13,1
929,DECODE,2,0,2,999.50,4.15,1
930,DECODE,2,0,2,1000.50,4.14,1
931,DECODE,2,0,2,1001.50,4.14,1
932,DECODE,2,0,2,1002.50,4.27,1
933,DECODE,2,0,2,1003.50,4.23,1
934,DECODE,2,0,2,1004.50,4.13,1
935,DECODE,2,0,2,1005.50,4.10,1
936,DECODE,2,0,2,1006.50,4.12,1
937,DECODE,2,0,2,1007.50,4.12,1
938,DECODE,2,0,2,1008.50,4.13,1
939,DECODE,2,0,2,1009.50,4.14,1
940,DECODE,2,0,2,1010.50,4.24,1
941,DECODE,2,0,2,1011.50,4.10,1
942,DECODE,2,0,2,1012.50,5.16,1
943,DECODE,2,0,2,1013.50,4.11,1
944,DECODE,2,0,2,1014.50,4.16,1
945,DECODE,2,0,2,1015.50,4.14,1
946,DECODE,2,0,2,1016.50,4.12,1
947,DECODE,2,0,2,1017.50,4.20,1
948,DECODE,2,0,2,1018.50,4.17,1
949,DECODE,2,0,2,1019.50,4.10,1
950,DECODE,2,0,2,1020.50,4.14,1
951,DECODE,2,0,2,1021.50,4.22,1
952,DECODE,2,0,2,1022.50,4.17,1
953,DECODE,2,0,2,1023.50,4.25,1
954,DECODE,2,0,2,1024.50,4.19,1
955,DECODE,2,0,2,1025.50,4.12,1
956,DECODE,2,0,2,1026.50,4.17,1
957,DECODE,2,0,2,1027.50,4.22,1
958,DECODE,2,0,2,1028.50,4.19,1
959,DECODE,2,0,2,1029.50,4.18,1
960,DECODE,2,0,2,1030.50,4.26,1
961,DECODE,2,0,2,1031.50,4.19,1
962,DECODE,2,0,2,1032.50,4.15,1
963,DECODE,2,0,2,1033.50,4.17,1
964,DECODE,2,0,2,1034.50,4.17,1
965,DECODE,2,0,2,1035.50,4.05,1
966,DECODE,2,0,2,1036.50,4.15,1
967,DECODE,2,0,2,1037.50,4.25,1
968,DECODE,2,0,2,1038.50,4.21,1
969,DECODE,2,0,2,1039.50,3.38,1
970,DECODE,2,0,2,1040.50,3.33,1
971,DECODE,2,0,2,1041.50,3.39,1
972,DECODE,2,0,2,1042.50,3.35,1
973,DECODE,2,0,2,1043.50,3.35,1
974,DECODE,2,0,2,1044.50,4.19,1
975,DECODE,2,0,2,1045.50,4.07,1
976,DECODE,2,0,2,1046.50,4.03,1
977,DECODE,2,0,2,1047.50,4.02,1
978,DECODE,2,0,2,1048.50,4.03,1
979,DECODE,2,0,2,1049.50,4.04,1
980,DECODE,2,0,2,1050.50,4.09,1
981,DECODE,2,0,2,1051.50,4.07,1
982,DECODE,2,0,2,1052.50,4.09,1
983,DECODE,2,0,2,1053.50,4.05,1
984,DECODE,2,0,2,1054.50,4.07,1
985,DECODE,2,0,2,1055.50,3.38,1
986,DECODE,2,0,2,1056.50,3.32,1
987,DECODE,2,0,2,1057.50,3.38,1
988,DECODE,2,0,2,1058.50,3.31,1
989,DECODE,2,0,2,1059.50,3.32,1
990,DECODE,2,0,2,1060.50,3.29,1
991,DECODE,2,0,2,1061.50,3.37,1
992,DECODE,2,0,2,1062.50,4.13,1
993,DECODE,2,0,2,1063.50,4.05,1
994,DECODE,2,0,2,1064.50,4.01,1
995,DECODE,2,0,2,1065.50,4.05,1
996,DECODE,2,0,2,1066.50,3.96,1
997,DECODE,2,0,2,1067.50,4.04,1
998,DECODE,2,0,2,1068.50,4.07,1
999,DECODE,2,0,2,1069.50,4.00,1
1000,DECODE,2,0,2,1070.50,3.92,1
1001,DECODE,2,0,2,1071.50,4.00,1
1002,DECODE,2,0,2,1072.50,3.92,1
1003,DECODE,2,0,2,1073.50,3.98,1
1004,DECODE,2,0,2,1074.50,3.95,1
1005,DECODE,2,0,2,1075.50,3.98,1
1006,DECODE,2,0,2,1076.50,3.97,1
1007,DECODE,2,0,2,1077.50,3.97,1
1008,DECODE,2,0,2,1078.50,4.01,1
1009,DECODE,2,0,2,1079.50,3.96,1
1010,DECODE,2,0,2,1080.50,4.00,1
1011,DECODE,2,0,2,1081.50,4.08,1
1012,DECODE,2,0,2,1082.50,4.03,1
1013,DECODE,2,0,2,1083.50,4.13,1
1014,DECODE,2,0,2,1084.50,4.00,1
1015,DECODE,2,0,2,1085.50,4.10,1
1016,DECODE,2,0,2,1086.50,4.01,1
1017,DECODE,2,0,2,1087.50,4.00,1
1018,DECODE,2,0,2,1088.50,4.00,1
1019,DECODE,2,0,2,1089.50,4.01,1
1020,DECODE,2,0,2,1090.50,3.93,1
1021,DECODE,2,0,2,1091.50,3.94,1
1022,DECODE,2,0,2,1092.50,5.59,1
1023,DECODE,2,0,2,1093.50,4.53,1
1024,DECODE,2,0,2,1094.50,4.02,1
1025,DECODE,2,0,2,1095.50,3.96,1
1026,DECODE,2,0,2,1096.50,3.95,1
1027,DECODE,2,0,2,1097.50,4.00,1
1028,DECODE,2,0,2,1098.50,4.04,1
1029,DECODE,2,0,2,1099.50,3.99,1
1030,DECODE,2,0,2,1100.50,3.95,1
1031,DECODE,2,0,2,1101.50,4.16,1
1032,DECODE,2,0,2,1102.50,3.96,1
1033,DECODE,2,0,2,1103.50,4.27,1
1034,DECODE,2,0,2,1104.50,4.22,1
1035,DECODE,2,0,2,1105.50,4.12,1
1036,DECODE,2,0,2,1106.50,4.05,1
1037,DECODE,2,0,2,1107.50,4.07,1
1038,DECODE,2,0,2,1108.50,3.97,1
1039,DECODE,2,0,2,1109.50,3.33,1
1040,DECODE,2,0,2,1110.50,3.27,1
1041,DECODE,2,0,2,1111.50,3.26,1
1042,DECODE,2,0,2,1112.50,3.23,1
1043,DECODE,2,0,2,1113.50,3.27,1
1044,DECODE,2,0,2,1114.50,3.25,1
1045,DECODE,2,0,2,1115.50,3.27,1
1046,DECODE,2,0,2,1116.50,3.25,1
1047,DECODE,2,0,2,1117.50,3.60,1
1048,DECODE,2,0,2,1118.50,3.34,1
1049,DECODE,2,0,2,1119.50,3.36,1
1050,DECODE,2,0,2,1120.50,3.38,1
1051,DECODE,2,0,2,1121.50,4.21,1
1052,DECODE,2,0,2,1122.50,4.12,1
1053,DECODE,2,0,2,1123.50,4.03,1
1054,DECODE,2,0,2,1124.50,4.04,1
1055,DECODE,2,0,2,1125.50,3.98,1
1056,DECODE,2,0,2,1126.50,4.17,1
1057,DECODE,2,0,2,1127.50,4.23,1
1058,DECODE,2,0,2,1128.50,4.03,1
1059,DECODE,2,0,2,1129.50,4.06,1
1060,DECODE,2,0,2,1130.50,3.99,1
1061,DECODE,2,0,2,1131.50,4.01,1
1062,DECODE,2,0,2,1132.50,3.98,1
1063,DECODE,2,0,2,1133.50,4.26,1
1064,DECODE,2,0,2,1134.50,4.18,1
1065,DECODE,2,0,2,1135.50,4.15,1
1066,DECODE,2,0,2,1136.50,4.21,1
1067,DECODE,2,0,2,1137.50,4.13,1
1068,DECODE,2,0,2,1138.50,4.11,1
1069,DECODE,2,0,2,1139.50,4.17,1
1070,DECODE,2,0,2,1140.50,4.09,1
1071,DECODE,2,0,2,1141.50,4.16,1
1072,DECODE,2,0,2,1142.50,4.03,1
1073,DECODE,2,0,2,1143.50,4.14,1
1074,DECODE,2,0,2,1144.50,4.10,1
1075,DECODE,2,0,2,1145.50,4.17,1
1076,DECODE,2,0,2,1146.50,4.19,1
1077,DECODE,2,0,2,1147.50,4.16,1
1078,DECODE,2,0,2,1148.50,4.14,1
1079,DECODE,2,0,2,1149.50,4.18,1
1080,DECODE,2,0,2,1150.50,4.12,1
1081,DECODE,2,0,2,1151.50,4.16,1
1082,DECODE,2,0,2,1152.50,4.18,1
1083,DECODE,2,0,2,1153.50,4.18,1
1084,DECODE,2,0,2,1154.50,4.14,1
1085,DECODE,2,0,2,1155.50,4.15,1
1086,DECODE,2,0,2,1156.50,5.09,1
1087,DECODE,2,0,2,1157.50,4.13,1
1088,DECODE,2,0,2,1158.50,4.17,1
1089,DECODE,2,0,2,1159.50,4.14,1
1090,DECODE,2,0,2,1160.50,4.14,1
1091,DECODE,2,0,2,1161.50,4.14,1
1092,DECODE,2,0,2,1162.50,4.16,1
1093,DECODE,2,0,2,1163.50,5.04,1
1094,DECODE,2,0,2,1164.50,4.19,1
1095,DECODE,2,0,2,1165.50,4.16,1
1096,DECODE,2,0,2,1166.50,4.11,1
1097,DECODE,2,0,2,1167.50,4.20,1
1098,DECODE,2,0,2,1168.50,4.17,1
1099,DECODE,2,0,2,1169.50,4.15,1
1100,DECODE,2,0,2,1170.50,4.12,1
1101,DECODE,2,0,2,1171.50,4.31,1
1102,DECODE,2,0,2,1172.50,4.15,1
1103,DECODE,2,0,2,1173.50,3.96,1
1104,DECODE,2,0,2,1174.50,3.84,1
1105,DECODE,2,0,2,1175.50,3.81,1
1106,DECODE,2,0,2,1176.50,3.82,1
1107,DECODE,2,0,2,1177.50,3.80,1
1108,DECODE,2,0,2,1178.50,4.49,1
1109,DECODE,2,0,2,1179.50,3.83,1
1110,DECODE,2,0,2,1180.50,3.82,1
1111,DECODE,2,0,2,1181.50,3.83,1
1112,DECODE,2,0,2,1182.50,3.82,1
1113,DECODE,2,0,2,1183.50,3.85,1
1114,DECODE,2,0,2,1184.50,3.82,1
1115,DECODE,2,0,2,1185.50,3.87,1
1116,DECODE,2,0,2,1186.50,3.81,1
1117,DECODE,2,0,2,1187.50,3.83,1
1118,DECODE,2,0,2,1188.50,3.86,1
1119,DECODE,2,0,2,1189.50,3.85,1
1120,DECODE,2,0,2,1190.50,3.85,1
1121,DECODE,2,0,2,1191.50,4.12,1
1122,DECODE,2,0,2,1192.50,4.12,1
1123,DECODE,2,0,2,1193.50,4.09,1
1124,DECODE,2,0,2,1194.50,4.09,1
1125,DECODE,2,0,2,1195.50,4.13,1
1126,DECODE,2,0,2,1196.50,4.11,1
1127,DECODE,2,0,2,1197.50,4.09,1
1128,DECODE,2,0,2,1198.50,4.13,1
1129,DECODE,2,0,2,1199.50,4.09,1
1130,DECODE,2,0,2,1200.50,4.12,1
1131,DECODE,2,0,2,1201.50,4.10,1
1132,DECODE,2,0,2,1202.50,4.35,1
1133,DECODE,2,0,2,1203.50,4.15,1
1134,DECODE,2,0,2,1204.50,4.11,1
1135,DECODE,2,0,2,1205.50,4.16,1
1136,DECODE,2,0,2,1206.50,4.16,1
1137,DECODE,2,0,2,1207.50,4.12,1
1138,DECODE,2,0,2,1208.50,4.11,1
1139,DECODE,2,0,2,1209.50,4.12,1
1140,DECODE,2,0,2,1210.50,4.12,1
1141,DECODE,2,0,2,1211.50,4.30,1
1142,DECODE,2,0,2,1212.50,4.29,1
1143,DECODE,2,0,2,1213.50,4.03,1
1144,DECODE,2,0,2,1214.50,3.94,1
1145,DECODE,2,0,2,1215.50,3.99,1
1146,DECODE,2,0,2,1216.50,3.95,1
1147,DECODE,2,0,2,1217.50,4.21,1
1148,DECODE,2,0,2,1218.50,3.82,1
1149,DECODE,2,0,2,1219.50,3.93,1
1150,DECODE,2,0,2,1220.50,4.07,1
1151,DECODE,2,0,2,1221.50,4.09,1
1152,DECODE,2,0,2,1222.50,4.11,1
1153,DECODE,2,0,2,1223.50,4.09,1
1154,DECODE,2,0,2,1224.50,4.06,1
1155,DECODE,2,0,2,1225.50,4.12,1
1156,DECODE,2,0,2,1226.50,4.10,1
1157,DECODE,2,0,2,1227.50,4.10,1
1158,DECODE,2,0,2,1228.50,4.11,1
1159,DECODE,2,0,2,1229.50,4.14,1
1160,DECODE,2,0,2,1230.50,4.13,1
1161,DECODE,2,0,2,1231.50,4.17,1
1162,DECODE,2,0,2,1232.50,4.23,1
1163,DECODE,2,0,2,1233.50,4.09,1
1164,DECODE,2,0,2,1234.50,4.06,1
1165,DECODE,2,0,2,1235.50,4.05,1
1166,DECODE,2,0,2,1236.50,4.08,1
1167,DECODE,2,0,2,1237.50,4.08,1
1168,DECODE,2,0,2,1238.50,4.03,1
1169,DECODE,2,0,2,1239.50,4.06,1
1170,DECODE,2,0,2,1240.50,4.05,1
1171,DECODE,2,0,2,1241.50,4.14,1
1172,DECODE,2,0,2,1242.50,4.17,1
1173,DECODE,2,0,2,1243.50,5.36,1
1174,DECODE,2,0,2,1244.50,4.10,1
1175,DECODE,2,0,2,1245.50,4.03,1
1176,DECODE,2,0,2,1246.50,4.07,1
1177,DECODE,2,0,2,1247.50,4.05,1
1178,DECODE,2,0,2,1248.50,4.02,1
1179,DECODE,2,0,2,1249.50,4.06,1
1180,DECODE,2,0,2,1250.50,3.65,1
1181,DECODE,2,0,2,1251.50,3.32,1
1182,DECODE,2,0,2,1252.50,3.36,1
1183,DECODE,2,0,2,1253.50,3.31,1
1184,DECODE,2,0,2,1254.50,3.32,1
1185,DECODE,2,0,2,1255.50,3.27,1
1186,DECODE,2,0,2,1256.50,3.25,1
1187,DECODE,2,0,2,1257.50,3.25,1
1188,DECODE,2,0,2,1258.50,3.33,1
1189,DECODE,2,0,2,1259.50,3.55,1
1190,DECODE,2,0,2,1260.50,3.83,1
1191,DECODE,2,0,2,1261.50,3.94,1
1192,DECODE,2,0,2,1262.50,3.88,1
1193,DECODE,2,0,2,1263.50,3.91,1
1194,DECODE,2,0,2,1264.50,3.75,1
1195,DECODE,2,0,2,1265.50,3.76,1
1196,DECODE,2,0,2,1266.50,3.85,1
1197,DECODE,2,0,2,1267.50,3.88,1
1198,DECODE,2,0,2,1268.50,3.75,1
1199,DECODE,2,0,2,1269.50,3.89,1
1200,DECODE,2,0,2,1270.50,3.86,1
1201,DECODE,2,0,2,1271.50,3.76,1
1202,DECODE,2,0,2,1272.50,3.86,1
1203,DECODE,2,0,2,1273.50,4.18,1
1204,DECODE,2,0,2,1274.50,4.08,1
1205,DECODE,2,0,2,1275.50,3.88,1
1206,DECODE,2,0,2,1276.50,3.71,1
1207,DECODE,2,0,2,1277.50,3.81,1
1208,DECODE,2,0,2,1278.50,3.73,1
1209,DECODE,2,0,2,1279.50,3.64,1
1210,DECODE,2,0,2,1280.50,3.72,1
1211,DECODE,2,0,2,1281.50,3.77,1
1212,DECODE,2,0,2,1282.50,3.75,1
1213,DECODE,2,0,2,1283.50,3.61,1
1214,DECODE,2,0,2,1284.50,3.94,1
1215,DECODE,2,0,2,1285.50,3.70,1
1216,DECODE,2,0,2,1286.50,3.71,1
1217,DECODE,2,0,2,1287.50,3.63,1
1218,DECODE,2,0,2,1288.50,3.55,1
1219,DECODE,2,0,2,1289.50,3.66,1
1220,DECODE,1,0,1,1291.00,11.25,1
1221,DECODE,1,0,1,1292.00,3.58,1
1222,DECODE,1,0,1,1293.00,3.14,1
1223,DECODE,1,0,1,1294.00,3.14,1
1224,DECODE,1,0,1,1295.00,3.26,1
1225,DECODE,1,0,1,1296.00,3.19,1
1226,DECODE,1,0,1,1297.00,3.18,1
1227,DECODE,1,0,1,1298.00,3.42,1
1228,DECODE,1,0,1,1299.00,3.40,1
1229,DECODE,1,0,1,1300.00,3.32,1
1230,DECODE,1,0,1,1301.00,3.28,1
1231,DECODE,1,0,1,1302.00,3.27,1
1232,DECODE,1,0,1,1303.00,3.24,1
1233,DECODE,1,0,1,1304.00,3.29,1
1234,DECODE,1,0,1,1305.00,3.54,1
1235,DECODE,1,0,1,1306.00,3.16,1
1236,DECODE,1,0,1,1307.00,3.71,1
1237,DECODE,1,0,1,1308.00,3.39,1
1238,DECODE,1,0,1,1309.00,3.26,1
1239,DECODE,1,0,1,1310.00,3.61,1
1240,DECODE,1,0,1,1311.00,3.30,1
1241,DECODE,1,0,1,1312.00,3.29,1
1242,DECODE,1,0,1,1313.00,3.74,1
1243,DECODE,1,0,1,1314.00,3.67,1
1244,DECODE,1,0,1,1315.00,3.60,1
1245,DECODE,1,0,1,1316.00,3.60,1
1246,DECODE,1,0,1,1317.00,3.91,1
1247,DECODE,1,0,1,1318.00,3.88,1
1248,DECODE,1,0,1,1319.00,3.75,1
1249,DECODE,1,0,1,1320.00,3.77,1
1250,DECODE,1,0,1,1321.00,3.86,1
1251,DECODE,1,0,1,1322.00,3.84,1
1252,DECODE,1,0,1,1323.00,3.66,1
1253,DECODE,1,0,1,1324.00,3.57,1
1254,DECODE,1,0,1,1325.00,3.64,1
1255,DECODE,1,0,1,1326.00,3.57,1
1256,DECODE,1,0,1,1327.00,3.64,1
1257,DECODE,1,0,1,1328.00,3.30,1
1258,DECODE,1,0,1,1329.00,3.30,1
1259,DECODE,1,0,1,1330.00,3.32,1
1260,DECODE,1,0,1,1331.00,3.23,1
1261,DECODE,1,0,1,1332.00,3.32,1
1262,DECODE,1,0,1,1333.00,3.25,1
1263,DECODE,1,0,1,1334.00,3.32,1
1264,DECODE,1,0,1,1335.00,3.22,1
1265,DECODE,1,0,1,1336.00,3.29,1
1266,DECODE,1,0,1,1337.00,3.23,1
1267,DECODE,1,0,1,1338.00,3.29,1
1268,DECODE,1,0,1,1339.00,3.24,1
1269,DECODE,1,0,1,1340.00,3.31,1
1270,DECODE,1,0,1,1341.00,3.22,1
1271,DECODE,1,0,1,1342.00,3.32,1
1272,DECODE,1,0,1,1343.00,3.25,1
1273,DECODE,1,0,1,1344.00,3.33,1
1274,DECODE,1,0,1,1345.00,3.23,1
1275,DECODE,1,0,1,1346.00,3.32,1
1276,DECODE,1,0,1,1347.00,3.32,1
1277,DECODE,1,0,1,1348.00,3.31,1
1278,DECODE,1,0,1,1349.00,3.31,1
1279,DECODE,1,0,1,1350.00,3.33,1
1280,DECODE,1,0,1,1351.00,3.32,1
1281,DECODE,1,0,1,1352.00,3.32,1
1282,DECODE,1,0,1,1353.00,3.91,1
1283,DECODE,1,0,1,1354.00,3.84,1
1284,DECODE,1,0,1,1355.00,3.72,1
1285,DECODE,1,0,1,1356.00,3.82,1
1286,DECODE,1,0,1,1357.00,3.83,1
1287,DECODE,1,0,1,1358.00,3.95,1
1288,DECODE,1,0,1,1359.00,3.93,1
1289,DECODE,1,0,1,1360.00,3.80,1
1290,DECODE,1,0,1,1361.00,3.92,1
1291,DECODE,1,0,1,1362.00,3.94,1
1292,DECODE,1,0,1,1363.00,3.96,1
1293,DECODE,1,0,1,1364.00,3.96,1
1294,DECODE,1,0,1,1365.00,3.93,1
1295,DECODE,1,0,1,1366.00,3.95,1
1296,DECODE,1,0,1,1367.00,4.04,1
1297,DECODE,1,0,1,1368.00,3.85,1
1298,DECODE,1,0,1,1369.00,3.75,1
1299,DECODE,1,0,1,1370.00,3.68,1
1300,DECODE,1,0,1,1371.00,3.68,1
1301,DECODE,1,0,1,1372.00,3.70,1
1302,DECODE,1,0,1,1373.00,3.64,1
1303,DECODE,1,0,1,1374.00,3.70,1
1304,DECODE,1,0,1,1375.00,3.81,1
1305,DECODE,1,0,1,1376.00,3.86,1
1306,DECODE,1,0,1,1377.00,3.82,1
1307,DECODE,1,0,1,1378.00,3.84,1
1308,DECODE,1,0,1,1379.00,3.86,1
1309,DECODE,1,0,1,1380.00,3.94,1
1310,DECODE,1,0,1,1381.00,3.85,1
1311,DECODE,1,0,1,1382.00,3.87,1
1312,DECODE,1,0,1,1383.00,3.82,1
1313,DECODE,1,0,1,1384.00,4.26,1
1314,DECODE,1,0,1,1385.00,3.69,1
1315,DECODE,1,0,1,1386.00,3.61,1
1316,DECODE,1,0,1,1387.00,3.56,1
1317,DECODE,1,0,1,1388.00,3.60,1
1318,DECODE,1,0,1,1389.00,3.80,1
1319,DECODE,1,0,1,1390.00,3.87,1
1320,DECODE,1,0,1,1391.00,3.83,1
1321,DECODE,1,0,1,1392.00,3.84,1
1322,DECODE,1,0,1,1393.00,3.88,1
1323,DECODE,1,0,1,1394.00,3.86,1
1324,DECODE,1,0,1,1395.00,3.86,1
1325,DECODE,1,0,1,1396.00,3.88,1
1326,DECODE,1,0,1,1397.00,3.90,1
1327,DECODE,1,0,1,1398.00,3.90,1
1328,DECODE,1,0,1,1399.00,3.86,1
1329,DECODE,1,0,1,1400.00,3.95,1
1330,DECODE,1,0,1,1401.00,4.01,1
1331,DECODE,1,0,1,1402.00,3.94,1
1332,DECODE,1,0,1,1403.00,3.84,1
1333,DECODE,1,0,1,1404.00,3.86,1
1334,DECODE,1,0,1,1405.00,3.83,1
1335,DECODE,1,0,1,1406.00,3.79,1
1336,DECODE,1,0,1,1407.00,3.81,1
1337,DECODE,1,0,1,1408.00,3.82,1
1338,DECODE,1,0,1,1409.00,3.83,1
1339,DECODE,1,0,1,1410.00,3.79,1
1340,DECODE,1,0,1,1411.00,3.83,1
1341,DECODE,1,0,1,1412.00,3.84,1
1342,DECODE,1,0,1,1413.00,3.87,1
1343,DECODE,1,0,1,1414.00,3.92,1
1344,DECODE,1,0,1,1415.00,4.08,1
1345,DECODE,1,0,1,1416.00,3.98,1
1346,DECODE,1,0,1,1417.00,4.00,1
1347,DECODE,1,0,1,1418.00,4.03,1
1348,DECODE,1,0,1,1419.00,4.04,1
1349,DECODE,1,0,1,1420.00,4.00,1
1350,DECODE,1,0,1,1421.00,4.02,1
1351,DECODE,1,0,1,1422.00,3.95,1
1352,DECODE,1,0,1,1423.00,4.49,1
1353,DECODE,1,0,1,1424.00,3.89,1
1354,DECODE,1,0,1,1425.00,3.88,1
1355,DECODE,1,0,1,1426.00,3.87,1
1356,DECODE,1,0,1,1427.00,3.84,1
1357,DECODE,1,0,1,1428.00,3.80,1
1358,DECODE,1,0,1,1429.00,3.92,1
1359,DECODE,1,0,1,1430.00,3.92,1
1360,DECODE,1,0,1,1431.00,4.04,1
1361,DECODE,1,0,1,1432.00,4.05,1
1362,DECODE,1,0,1,1433.00,4.07,1
1363,DECODE,1,0,1,1434.00,4.02,1
1364,DECODE,1,0,1,1435.00,3.96,1
1365,DECODE,1,0,1,1436.00,4.05,1
1366,DECODE,1,0,1,1437.00,4.07,1
1367,DECODE,1,0,1,1438.00,4.05,1
1368,DECODE,1,0,1,1439.00,3.96,1
1369,DECODE,1,0,1,1440.00,4.01,1
1370,DECODE,1,0,1,1441.00,3.98,1
1371,DECODE,1,0,1,1442.00,3.90,1
1372,DECODE,1,0,1,1443.00,3.95,1
1373,DECODE,1,0,1,1444.00,4.00,1
1374,DECODE,1,0,1,1445.00,4.09,1
1375,DECODE,1,0,1,1446.00,3.97,1
1376,DECODE,1,0,1,1447.00,3.99,1
1377,DECODE,1,0,1,1448.00,3.95,1
1378,DECODE,1,0,1,1449.00,3.91,1
1379,DECODE,1,0,1,1450.00,3.91,1
1380,DECODE,1,0,1,1451.00,3.98,1
1381,DECODE,1,0,1,1452.00,3.96,1
1382,DECODE,1,0,1,1453.00,3.96,1
1383,DECODE,1,0,1,1454.00,3.96,1
1384,DECODE,1,0,1,1455.00,3.99,1
1385,DECODE,1,0,1,1456.00,3.96,1
1386,DECODE,1,0,1,1457.00,3.94,1
1387,DECODE,1,0,1,1458.00,4.00,1
1388,DECODE,1,0,1,1459.00,3.93,1
1389,DECODE,1,0,1,1460.00,3.88,1
1390,DECODE,1,0,1,1461.00,3.93,1
1391,DECODE,1,0,1,1462.00,3.90,1
1392,DECODE,1,0,1,1463.00,3.91,1
1393,DECODE,1,0,1,1464.00,3.91,1
1394,DECODE,1,0,1,1465.00,4.05,1
1395,DECODE,1,0,1,1466.00,4.05,1
1396,DECODE,1,0,1,1467.00,4.02,1
1397,DECODE,1,0,1,1468.00,4.00,1
1398,DECODE,1,0,1,1469.00,3.97,1
1399,DECODE,1,0,1,1470.00,3.93,1
1400,DECODE,1,0,1,1471.00,3.78,1
1401,DECODE,1,0,1,1472.00,3.77,1
1402,DECODE,1,0,1,1473.00,3.81,1
1403,DECODE,1,0,1,1474.00,3.77,1
1404,DECODE,1,0,1,1475.00,3.74,1
1405,DECODE,1,0,1,1476.00,4.04,1
1406,DECODE,1,0,1,1477.00,3.97,1
1407,DECODE,1,0,1,1478.00,3.89,1
1408,DECODE,1,0,1,1479.00,3.97,1
1409,DECODE,1,0,1,1480.00,3.95,1
1410,DECODE,1,0,1,1481.00,3.84,1
1411,DECODE,1,0,1,1482.00,3.98,1
1412,DECODE,1,0,1,1483.00,3.96,1
1413,DECODE,1,0,1,1484.00,3.94,1
1414,DECODE,1,0,1,1485.00,3.97,1
1415,DECODE,1,0,1,1486.00,4.08,1
1416,DECODE,1,0,1,1487.00,4.04,1
1417,DECODE,1,0,1,1488.00,4.05,1
1418,DECODE,1,0,1,1489.00,4.04,1
1419,DECODE,1,0,1,1490.00,4.03,1
1420,DECODE,1,0,1,1491.00,4.06,1
1421,DECODE,1,0,1,1492.00,4.06,1
1422,DECODE,1,0,1,1493.00,3.95,1
1423,DECODE,1,0,1,1494.00,3.96,1
1424,DECODE,1,0,1,1495.00,3.78,1
1425,DECODE,1,0,1,1496.00,3.77,1
1426,DECODE,1,0,1,1497.00,3.76,1
1427,DECODE,1,0,1,1498.00,3.76,1
1428,DECODE,1,0,1,1499.00,3.98,1
1429,DECODE,1,0,1,1500.00,3.98,1
1430,DECODE,1,0,1,1501.00,3.96,1
1431,DECODE,1,0,1,1502.00,3.95,1
1432,DECODE,1,0,1,1503.00,3.98,1
1433,DECODE,1,0,1,1504.00,3.91,1
1434,DECODE,1,0,1,1505.00,4.05,1
1435,DECODE,1,0,1,1506.00,4.07,1
1436,DECODE,1,0,1,1507.00,3.99,1
1437,DECODE,1,0,1,1508.00,4.01,1
1438,DECODE,1,0,1,1509.00,3.95,1
1439,DECODE,1,0,1,1510.00,4.02,1
1440,DECODE,1,0,1,1511.00,3.97,1
1441,DECODE,1,0,1,1512.00,4.01,1
1442,DECODE,1,0,1,1513.00,3.92,1
1443,DECODE,1,0,1,1514.00,4.03,1
1444,DECODE,1,0,1,1515.00,3.98,1
1445,DECODE,1,0,1,1516.00,4.04,1
1446,DECODE,1,0,1,1517.00,3.94,1
1447,DECODE,1,0,1,1518.00,4.02,1
1448,DECODE,1,0,1,1519.00,4.81,1
1449,DECODE,1,0,1,1520.00,4.04,1
1450,DECODE,1,0,1,1521.00,3.96,1
1451,DECODE,1,0,1,1522.00,4.00,1
1452,DECODE,1,0,1,1523.00,4.00,1
1453,DECODE,1,0,1,1524.00,3.94,1
1454,DECODE,1,0,1,1525.00,3.97,1
1455,DECODE,1,0,1,1526.00,3.96,1
1456,DECODE,1,0,1,1527.00,3.99,1
1457,DECODE,1,0,1,1528.00,3.94,1
1458,DECODE,1,0,1,1529.00,3.95,1
1459,DECODE,1,0,1,1530.00,3.98,1
1460,DECODE,1,0,1,1531.00,4.03,1
1461,DECODE,1,0,1,1532.00,3.98,1
1462,DECODE,1,0,1,1533.00,3.96,1
1463,DECODE,1,0,1,1534.00,3.95,1
1464,DECODE,1,0,1,1535.00,4.03,1
1465,DECODE,1,0,1,1536.00,4.17,1
1466,DECODE,1,0,1,1537.00,4.08,1
1467,DECODE,1,0,1,1538.00,4.17,1
1468,DECODE,1,0,1,1539.00,4.01,1
1469,DECODE,1,0,1,1540.00,4.03,1
1470,DECODE,1,0,1,1541.00,4.01,1
1471,DECODE,1,0,1,1542.00,4.40,1
1472,DECODE,1,0,1,1543.00,4.14,1
1473,DECODE,1,0,1,1544.00,4.01,1
1474,DECODE,1,0,1,1545.00,3.98,1
1475,DECODE,1,0,1,1546.00,4.26,1
1476,DECODE,1,0,1,1547.00,4.03,1
1477,DECODE,1,0,1,1548.00,3.96,1
1478,DECODE,1,0,1,1549.00,4.16,1
1479,DECODE,1,0,1,1550.00,4.08,1
1480,DECODE,1,0,1,1551.00,4.07,1
1481,DECODE,1,0,1,1552.00,3.98,1
1482,DECODE,1,0,1,1553.00,4.02,1
1483,DECODE,1,0,1,1554.00,3.97,1
1484,DECODE,1,0,1,1555.00,4.09,1
1485,DECODE,1,0,1,1556.00,4.06,1
1486,DECODE,1,0,1,1557.00,4.00,1
1487,DECODE,1,0,1,1558.00,4.08,1
1488,DECODE,1,0,1,1559.00,4.80,1
1489,DECODE,1,0,1,1560.00,4.10,1
1490,DECODE,1,0,1,1561.00,4.06,1
1491,DECODE,1,0,1,1562.00,4.05,1
1492,DECODE,1,0,1,1563.00,4.36,1
1493,DECODE,1,0,1,1564.00,4.14,1
1494,DECODE,1,0,1,1565.00,3.94,1
1495,DECODE,1,0,1,1566.00,3.79,1
1496,DECODE,1,0,1,1567.00,3.84,1
1497,DECODE,1,0,1,1568.00,3.81,1
1498,DECODE,1,0,1,1569.00,3.75,1
1499,DECODE,1,0,1,1570.00,3.77,1
1500,DECODE,1,0,1,1571.00,3.76,1
1501,DECODE,1,0,1,1572.00,3.98,1
1502,DECODE,1,0,1,1573.00,3.97,1
1503,DECODE,1,0,1,1574.00,3.96,1
1504,DECODE,1,0,1,1575.00,4.13,1
1505,DECODE,1,0,1,1576.00,4.14,1
1506,DECODE,1,0,1,1577.00,4.09,1
1507,DECODE,1,0,1,1578.00,4.02,1
1508,DECODE,1,0,1,1579.00,4.18,1
1509,DECODE,1,0,1,1580.00,4.07,1
1510,DECODE,1,0,1,1581.00,3.92,1
1511,DECODE,1,0,1,1582.00,3.90,1
1512,DECODE,1,0,1,1583.00,3.79,1
1513,DECODE,1,0,1,1584.00,3.83,1
1514,DECODE,1,0,1,1585.00,3.94,1
1515,DECODE,1,0,1,1586.00,4.01,1
1516,DECODE,1,0,1,1587.00,4.01,1
1517,DECODE,1,0,1,1588.00,3.96,1
1518,DECODE,1,0,1,1589.00,4.00,1
1519,DECODE,1,0,1,1590.00,3.96,1
1520,DECODE,1,0,1,1591.00,3.93,1
1521,DECODE,1,0,1,1592.00,3.99,1
1522,DECODE,1,0,1,1593.00,3.97,1
1523,DECODE,1,0,1,1594.00,3.88,1
1524,EXTEND,1,154,0,154.00,33.23,1
1525,EXTEND,37,8192,0,221.41,72.21,1
1526,EXTEND,76,8192,0,196.51,72.11,1
1527,EXTEND,59,8192,0,228.24,71.25,1
1528,EXTEND,59,6915,0,208.47,61.07,1
1529,DECODE,229,0,229,211.95,14.34,1
1530,DECODE,229,0,229,212.95,6.46,1
1531,DECODE,229,0,229,213.95,6.79,1
1532,DECODE,229,0,229,214.95,6.81,1
1533,DECODE,229,0,229,215.95,6.91,1
1534,DECODE,229,0,229,216.95,6.90,1
1535,DECODE,229,0,229,217.95,6.89,1
1536,DECODE,229,0,229,218.95,6.92,1
1537,DECODE,229,0,229,219.95,7.01,1
1538,DECODE,229,0,229,220.95,6.99,1
1539,DECODE,229,0,229,221.95,7.01,1
1540,DECODE,229,0,229,222.95,6.95,1
1541,DECODE,229,0,229,223.95,7.00,1
1542,DECODE,228,0,228,225.21,7.13,1
1543,DECODE,228,0,228,226.21,7.04,1
1544,DECODE,228,0,228,227.21,7.10,1
1545,DECODE,228,0,228,228.21,7.02,1
1546,DECODE,228,0,228,229.21,6.96,1
1547,DECODE,226,0,226,229.13,7.38,1
1548,DECODE,222,0,222,230.84,9.12,1
1549,DECODE,220,0,220,232.35,7.26,1
1550,DECODE,220,0,220,233.35,6.80,1
1551,EXTEND,9,623,0,156.67,41.90,1
1552,EXTEND,77,8192,0,195.73,75.40,1
1553,EXTEND,114,8192,0,161.49,87.73,1
1554,EXTEND,98,8192,0,174.51,72.51,1
1555,EXTEND,118,8192,0,158.22,70.85,1
1556,EXTEND,113,8192,0,161.77,71.69,1
1557,EXTEND,112,8192,0,163.15,70.37,1
1558,EXTEND,106,8192,0,166.78,72.05,1
1559,EXTEND,45,3174,0,160.58,36.86,1
1560,DECODE,1000,0,1000,182.69,21.10,1
1561,DECODE,1000,0,1000,183.69,17.24,1
1562,DECODE,989,0,989,184.27,18.54,1
1563,EXTEND,11,773,0,158.82,17.71,1
1564,EXTEND,4,393,0,199.00,19.49,1
1565,EXTEND,4,272,0,157.75,13.23,1
1566,DECODE,1000,0,1000,184.54,17.08,1
1567,DECODE,1000,0,1000,185.54,17.98,1
1568,DECODE,997,0,997,186.54,18.94,1
1569,EXTEND,3,367,0,216.33,18.60,1
1570,EXTEND,1,82,0,169.00,22.12,1
1571,EXTEND,4,391,0,186.50,18.92,1
1572,DECODE,1000,0,1000,187.10,17.02,1
1573,DECODE,1000,0,1000,188.10,17.09,1
1574,DECODE,992,0,992,188.88,18.87,1
1575,EXTEND,8,447,0,145.75,21.46,1
1576,EXTEND,5,286,0,146.20,22.98,1
1577,DECODE,1000,0,1000,188.90,17.12,1
1578,DECODE,1000,0,1000,189.90,16.96,1
1579,DECODE,1000,0,1000,190.90,17.19,1
1580,DECODE,1000,0,1000,191.90,17.10,1
1581,DECODE,999,0,999,192.90,19.23,1
1582,EXTEND,1,170,0,257.00,19.05,1
1583,EXTEND,2,92,0,134.50,22.10,1
1584,EXTEND,1,89,0,176.00,21.20,1
1585,DECODE,1000,0,1000,193.66,17.07,1
1586,DECODE,1000,0,1000,194.66,17.31,1
1587,DECODE,997,0,997,195.43,17.70,1
1588,EXTEND,3,325,0,196.67,18.28,1
1589,EXTEND,7,664,0,183.57,17.46,1
1590,EXTEND,7,440,0,151.14,18.60,1
1591,DECODE,1000,0,1000,196.56,17.00,1
1592,DECODE,1000,0,1000,197.56,17.05,1
1593,DECODE,986,0,986,198.81,20.50,1
1594,EXTEND,14,1117,0,169.21,22.43,1
1595,EXTEND,7,426,0,148.86,20.22,1
1596,EXTEND,2,132,0,155.50,18.92,1
1597,DECODE,1000,0,1000,199.07,17.12,1
1598,DECODE,1000,0,1000,200.07,17.26,1
1599,DECODE,995,0,995,200.63,19.71,1
1600,EXTEND,5,311,0,156.00,21.31,1
1601,EXTEND,19,1144,0,150.16,22.08,1
1602,EXTEND,5,265,0,142.40,19.23,1
1603,DECODE,988,0,988,200.84,18.85,1
1604,EXTEND,12,1074,0,179.00,19.95,1
1605,DECODE,973,0,973,202.29,22.33,1
1606,EXTEND,27,1769,0,156.07,23.24,1
1607,DECODE,983,0,983,202.16,20.45,1
1608,EXTEND,17,1068,0,153.35,19.70,1
1609,DECODE,990,0,990,202.34,19.53,1
1610,EXTEND,10,680,0,158.30,17.80,1
1611,DECODE,991,0,991,203.09,19.33,1
1612,EXTEND,9,688,0,170.56,16.24,1
1613,DECODE,975,0,975,204.44,21.09,1
1614,EXTEND,25,2039,0,172.32,23.68,1
1615,DECODE,980,0,980,205.37,19.87,1
1616,EXTEND,20,1579,0,168.10,22.16,1
1617,DECODE,979,0,979,206.41,20.89,1
1618,EXTEND,21,1428,0,156.10,21.77,1
1619,DECODE,987,0,987,206.78,19.05,1
1620,EXTEND,13,738,0,147.31,19.56,1
1621,DECODE,990,0,990,207.36,17.14,1
1622,EXTEND,10,894,0,178.90,19.62,1
1623,DECODE,993,0,993,208.30,18.85,1
1624,EXTEND,7,825,0,205.43,16.67,1
1625,DECODE,988,0,988,209.64,17.23,1
1626,EXTEND,12,660,0,146.50,15.81,1
1627,DECODE,986,0,986,210.09,17.11,1
1628,EXTEND,14,806,0,147.21,15.64,1
1629,DECODE,994,0,994,210.40,19.00,1
1630,EXTEND,6,394,0,156.83,19.17,1
1631,DECODE,988,0,988,211.26,17.82,1
1632,EXTEND,12,756,0,154.17,15.41,1
1633,DECODE,989,0,989,211.49,17.12,1
1634,EXTEND,11,724,0,156.45,15.79,1
1635,DECODE,992,0,992,212.08,17.32,1
1636,EXTEND,8,556,0,158.75,19.25,1
1637,DECODE,994,0,994,212.48,17.12,1
1638,EXTEND,6,357,0,153.50,17.16,1
1639,DECODE,994,0,994,212.92,17.78,1
1640,EXTEND,6,364,0,151.83,18.74,1
1641,DECODE,991,0,991,213.85,17.20,1
1642,EXTEND,9,797,0,179.22,17.65,1
1643,DECODE,992,0,992,214.78,17.24,1
1644,EXTEND,8,502,0,151.12,21.35,1
1645,DECODE,994,0,994,215.22,17.16,1
1646,EXTEND,6,433,0,161.50,19.69,1
1647,DECODE,993,0,993,215.96,17.30,1
1648,EXTEND,7,488,0,158.14,22.04,1
1649,DECODE,993,0,993,216.79,18.62,1
1650,EXTEND,7,426,0,152.00,14.87,1
1651,DECODE,987,0,987,217.92,18.20,1
1652,EXTEND,13,963,0,163.54,17.23,1
1653,DECODE,992,0,992,218.31,17.21,1
1654,EXTEND,8,766,0,186.38,16.36,1
1655,DECODE,985,0,985,219.22,20.33,1
1656,EXTEND,15,829,0,145.00,17.83,1
1657,DECODE,988,0,988,219.22,18.47,1
1658,EXTEND,12,1071,0,179.25,18.85,1
1659,DECODE,991,0,991,219.71,17.10,1
1660,EXTEND,9,627,0,160.78,17.83,1
1661,DECODE,990,0,990,220.49,17.22,1
1662,EXTEND,10,781,0,167.60,15.54,1
1663,DECODE,996,0,996,221.14,19.10,1
1664,EXTEND,4,336,0,173.00,13.23,1
1665,DECODE,996,0,996,222.01,17.17,1
1666,EXTEND,4,236,0,149.25,21.86,1
1667,DECODE,992,0,992,223.17,17.30,1
1668,EXTEND,8,485,0,150.38,17.97,1
1669,DECODE,991,0,991,223.74,17.45,1
1670,EXTEND,9,488,0,145.22,13.63,1
1671,DECODE,993,0,993,224.24,17.16,1
1672,EXTEND,7,435,0,152.00,19.19,1
1673,DECODE,996,0,996,224.86,17.20,1
1674,EXTEND,4,274,0,158.50,18.08,1
1675,DECODE,995,0,995,225.77,17.20,1
1676,EXTEND,5,263,0,142.60,19.50,1
1677,DECODE,993,0,993,226.54,17.34,1
1678,EXTEND,7,461,0,155.43,18.50,1
1679,DECODE,991,0,991,227.42,17.22,1
1680,EXTEND,9,555,0,153.00,17.42,1
1681,DECODE,996,0,996,227.97,18.16,1
1682,EXTEND,4,555,0,226.00,13.35,1
1683,DECODE,993,0,993,229.08,17.30,1
1684,EXTEND,7,360,0,141.00,17.36,1
1685,DECODE,991,0,991,229.57,17.23,1
1686,EXTEND,9,874,0,189.33,15.50,1
1687,DECODE,998,0,998,230.37,18.95,1
1688,EXTEND,2,70,0,124.50,21.54,1
1689,DECODE,986,0,986,231.54,17.50,1
1690,EXTEND,14,878,0,152.50,15.43,1
1691,DECODE,995,0,995,231.62,17.26,1
1692,EXTEND,5,468,0,182.80,17.74,1
1693,DECODE,990,0,990,232.55,17.34,1
1694,EXTEND,10,647,0,153.90,17.49,1
1695,DECODE,989,0,989,233.02,17.34,1
1696,EXTEND,11,687,0,152.18,16.83,1
1697,DECODE,992,0,992,233.54,17.51,1
1698,EXTEND,8,427,0,142.62,18.11,1
1699,DECODE,994,0,994,234.03,17.34,1
1700,EXTEND,6,423,0,160.33,18.23,1
1701,DECODE,986,0,986,235.08,17.36,1
1702,EXTEND,14,1196,0,175.79,20.96,1
1703,DECODE,993,0,993,235.44,17.28,1
1704,EXTEND,7,689,0,189.14,15.94,1
1705,DECODE,994,0,994,236.28,18.37,1
1706,EXTEND,6,410,0,158.83,20.61,1
1707,DECODE,994,0,994,237.06,17.43,1
1708,EXTEND,6,370,0,149.83,18.46,1
1709,DECODE,999,0,999,237.50,17.26,1
1710,EXTEND,1,57,0,146.00,20.83,1
1711,DECODE,993,0,993,238.59,17.41,1
1712,EXTEND,7,605,0,174.86,20.06,1
1713,DECODE,995,0,995,239.16,17.26,1
1714,EXTEND,5,191,0,135.40,18.26,1
1715,DECODE,995,0,995,239.96,17.27,1
1716,EXTEND,5,341,0,158.20,17.28,1
1717,DECODE,990,0,990,240.92,17.15,1
1718,EXTEND,10,988,0,188.00,14.02,1
1719,DECODE,991,0,991,241.68,17.17,1
1720,EXTEND,9,627,0,159.33,14.08,1
1721,DECODE,993,0,993,242.20,17.70,1
1722,EXTEND,7,402,0,146.57,19.73,1
1723,DECODE,997,0,997,242.56,17.34,1
1724,EXTEND,3,598,0,287.67,20.17,1
1725,DECODE,980,0,980,244.47,17.12,1
1726,EXTEND,20,1354,0,156.80,19.43,1
1727,DECODE,997,0,997,243.84,17.46,1
1728,EXTEND,3,220,0,161.67,21.76,1
1729,DECODE,993,0,993,244.86,17.38,1
1730,EXTEND,7,588,0,173.57,17.32,1
1731,DECODE,992,0,992,245.60,17.45,1
1732,EXTEND,8,413,0,141.50,18.64,1
1733,DECODE,993,0,993,246.09,17.82,1
1734,EXTEND,7,496,0,161.14,17.68,1
1735,DECODE,995,0,995,246.63,17.83,1
1736,EXTEND,5,293,0,148.20,16.69,1
1737,DECODE,990,0,990,247.53,17.27,1
1738,EXTEND,10,594,0,150.60,16.99,1
1739,DECODE,991,0,991,248.17,17.19,1
1740,EXTEND,9,650,0,160.89,15.99,1
1741,DECODE,993,0,993,248.48,17.45,1
1742,EXTEND,7,349,0,143.29,17.37,1
1743,DECODE,995,0,995,249.05,17.93,1
1744,EXTEND,5,292,0,147.80,17.47,1
1745,DECODE,996,0,996,249.73,17.46,1
1746,EXTEND,4,457,0,202.75,19.39,1
1747,DECODE,994,0,994,250.97,17.35,1
1748,EXTEND,6,338,0,144.83,17.30,1
1749,DECODE,996,0,996,251.41,17.77,1
1750,EXTEND,4,318,0,171.75,17.83,1
1751,DECODE,994,0,994,252.43,17.44,1
1752,EXTEND,6,301,0,144.17,17.45,1
1753,DECODE,991,0,991,252.99,17.35,1
1754,EXTEND,9,657,0,163.89,16.66,1
1755,DECODE,993,0,993,253.63,17.38,1
1756,EXTEND,7,464,0,154.71,13.27,1
1757,DECODE,997,0,997,254.20,17.33,1
1758,EXTEND,3,374,0,217.33,18.86,1
1759,DECODE,994,0,994,255.28,17.53,1
1760,EXTEND,6,432,0,163.67,16.24,1
1761,DECODE,994,0,994,256.04,19.05,1
1762,EXTEND,6,333,0,144.33,18.60,1
1763,DECODE,996,0,996,256.51,17.52,1
1764,EXTEND,4,227,0,146.75,20.23,1
1765,DECODE,996,0,996,257.27,17.57,1
1766,EXTEND,4,217,0,146.00,20.89,1
1767,DECODE,992,0,992,258.01,17.49,1
1768,EXTEND,8,523,0,158.00,22.76,1
1769,DECODE,989,0,989,258.63,19.67,1
1770,EXTEND,11,670,0,149.64,15.46,1
1771,DECODE,996,0,996,258.59,17.86,1
1772,EXTEND,4,282,0,162.25,17.90,1
1773,DECODE,997,0,997,259.25,17.84,1
1774,EXTEND,3,176,0,149.00,14.91,1
1775,DECODE,992,0,992,260.30,17.74,1
1776,EXTEND,8,443,0,146.12,19.60,1
1777,DECODE,992,0,992,260.88,17.85,1
1778,EXTEND,8,476,0,150.25,17.78,1
1779,DECODE,993,0,993,261.36,17.88,1
1780,EXTEND,7,581,0,175.29,19.06,1
1781,DECODE,997,0,997,261.91,17.73,1
1782,EXTEND,3,154,0,140.33,13.11,1
1783,DECODE,995,0,995,262.79,17.63,1
1784,EXTEND,5,271,0,143.40,18.36,1
1785,DECODE,992,0,992,263.34,17.67,1
1786,EXTEND,8,623,0,171.25,13.36,1
1787,DECODE,993,0,993,263.80,17.52,1
1788,EXTEND,7,382,0,146.86,18.64,1
1789,DECODE,992,0,992,264.03,17.50,1
1790,EXTEND,8,798,0,188.88,16.58,1
1791,DECODE,996,0,996,264.61,17.62,1
1792,EXTEND,4,308,0,167.00,17.84,1
1793,DECODE,993,0,993,265.50,17.74,1
1794,EXTEND,7,804,0,206.14,15.53,1
1795,DECODE,995,0,995,266.12,17.58,1
1796,EXTEND,5,389,0,166.20,19.17,1
1797,DECODE,994,0,994,266.73,18.34,1
1798,EXTEND,6,454,0,166.00,18.23,1
1799,DECODE,998,0,998,267.34,17.48,1
1800,EXTEND,2,109,0,146.00,22.02,1
1801,DECODE,993,0,993,268.36,18.16,1
1802,EXTEND,7,358,0,142.57,17.47,1
1803,DECODE,996,0,996,268.58,17.82,1
1804,EXTEND,4,369,0,184.00,18.17,1
1805,DECODE,993,0,993,269.30,18.03,1
1806,EXTEND,7,456,0,155.14,26.68,1
1807,DECODE,990,0,990,269.76,18.07,1
1808,EXTEND,10,751,0,164.10,15.32,1
1809,DECODE,990,0,990,270.40,17.65,1
1810,EXTEND,10,656,0,154.50,16.71,1
1811,DECODE,999,0,999,270.37,17.72,1
1812,EXTEND,1,75,0,164.00,25.19,1
1813,DECODE,991,0,991,271.82,17.41,1
1814,EXTEND,9,523,0,148.56,13.64,1
1815,DECODE,993,0,993,272.21,18.79,1
1816,EXTEND,7,501,0,161.86,19.00,1
1817,DECODE,1000,0,1000,272.44,17.72,1
1818,DECODE,1000,0,1000,273.44,17.60,1
1819,DECODE,992,0,992,274.88,17.83,1
1820,EXTEND,8,593,0,166.12,18.31,1
1821,EXTEND,2,106,0,155.00,22.58,1
1822,EXTEND,5,667,0,222.60,15.52,1
1823,DECODE,1000,0,1000,274.52,17.82,1
1824,DECODE,1000,0,1000,275.52,17.96,1
1825,DECODE,988,0,988,277.26,17.81,1
1826,EXTEND,12,636,0,142.42,16.46,1
1827,EXTEND,8,527,0,157.12,17.69,1
1828,EXTEND,5,320,0,152.80,13.16,1
1829,DECODE,1000,0,1000,275.86,17.79,1
1830,DECODE,1000,0,1000,276.86,18.05,1
1831,DECODE,992,0,992,278.18,19.49,1
1832,EXTEND,8,718,0,180.00,18.45,1
1833,EXTEND,5,351,0,163.60,19.48,1
1834,EXTEND,6,334,0,147.17,17.56,1
1835,DECODE,1000,0,1000,277.53,17.86,1
1836,DECODE,1000,0,1000,278.53,17.84,1
1837,DECODE,995,0,995,279.47,17.85,1
1838,EXTEND,5,276,0,149.00,19.55,1
1839,EXTEND,6,423,0,159.67,14.53,1
1840,EXTEND,7,536,0,165.71,19.00,1
1841,DECODE,1000,0,1000,278.61,17.99,1
1842,DECODE,1000,0,1000,279.61,17.96,1
1843,DECODE,998,0,998,280.63,17.91,1
1844,EXTEND,2,66,0,124.00,23.81,1
1845,EXTEND,10,625,0,152.90,17.23,1
1846,EXTEND,6,330,0,144.67,17.98,1
1847,DECODE,1000,0,1000,279.71,18.86,1
1848,DECODE,1000,0,1000,280.71,17.90,1
1849,DECODE,994,0,994,281.80,17.97,1
1850,EXTEND,6,336,0,147.33,13.68,1
1851,EXTEND,4,194,0,137.25,20.51,1
1852,EXTEND,6,439,0,163.50,18.66,1
1853,DECODE,1000,0,1000,281.24,17.90,1
1854,DECODE,1000,0,1000,282.24,17.98,1
1855,DECODE,996,0,996,283.38,18.13,1
1856,EXTEND,4,279,0,156.75,18.77,1
1857,EXTEND,6,393,0,154.83,14.49,1
1858,EXTEND,10,781,0,168.20,13.05,1
1859,DECODE,1000,0,1000,282.08,18.11,1
1860,DECODE,1000,0,1000,283.08,18.14,1
1861,DECODE,994,0,994,284.17,18.01,1
1862,EXTEND,6,403,0,156.00,19.76,1
1863,EXTEND,6,338,0,146.33,13.75,1
1864,EXTEND,4,251,0,154.25,24.57,1
1865,DECODE,1000,0,1000,283.28,18.08,1
1866,DECODE,1000,0,1000,284.28,17.92,1
1867,DECODE,997,0,997,285.33,18.02,1
1868,EXTEND,3,222,0,161.67,21.82,1
1869,EXTEND,3,188,0,152.67,18.76,1
1870,EXTEND,4,188,0,143.00,13.46,1
1871,DECODE,993,0,993,285.23,17.99,1
1872,DECODE,993,0,993,286.23,18.02,1
1873,DECODE,982,0,982,287.71,19.58,1
1874,DECODE,975,0,975,288.76,17.89,1
1875,DECODE,968,0,968,290.25,19.32,1
1876,DECODE,959,0,959,291.23,21.29,1
1877,DECODE,954,0,954,292.24,19.47,1
1878,DECODE,948,0,948,293.50,19.70,1
1879,DECODE,940,0,940,294.88,21.56,1
1880,DECODE,937,0,937,295.98,19.54,1
1881,DECODE,931,0,931,297.40,19.95,1
1882,DECODE,927,0,927,298.74,19.86,1
1883,DECODE,921,0,921,300.14,19.78,1
1884,DECODE,913,0,913,301.73,19.51,1
1885,DECODE,909,0,909,303.10,19.20,1
1886,DECODE,901,0,901,305.17,19.38,1
1887,DECODE,895,0,895,305.95,19.35,1
1888,DECODE,890,0,890,307.33,19.22,1
1889,EXTEND,7,314,0,135.86,18.13,1
1890,EXTEND,25,1663,0,157.52,19.58,1
1891,EXTEND,87,6273,0,163.32,53.87,1
1892,DECODE,1000,0,1000,291.28,19.26,1
1893,DECODE,1000,0,1000,292.28,18.12,1
1894,DECODE,995,0,995,293.64,17.96,1
1895,EXTEND,5,358,0,161.40,13.54,1
1896,EXTEND,5,333,0,154.80,13.37,1
1897,EXTEND,5,435,0,177.60,12.90,1
1898,DECODE,1000,0,1000,293.33,17.84,1
1899,DECODE,1000,0,1000,294.33,17.82,1
1900,DECODE,994,0,994,295.63,18.21,1
1901,EXTEND,6,701,0,206.50,15.78,1
1902,DECODE,998,0,998,296.09,18.09,1
1903,EXTEND,2,149,0,163.50,19.80,1
1904,DECODE,996,0,996,296.96,17.99,1
1905,EXTEND,4,373,0,185.00,18.58,1
1906,DECODE,997,0,997,297.43,17.89,1
1907,EXTEND,3,210,0,159.67,27.29,1
1908,DECODE,996,0,996,298.26,17.95,1
1909,EXTEND,4,329,0,170.75,17.52,1
1910,DECODE,998,0,998,298.64,17.95,1
1911,EXTEND,2,199,0,189.50,19.50,1
1912,DECODE,993,0,993,299.71,17.86,1
1913,EXTEND,7,920,0,220.00,16.02,1
1914,DECODE,994,0,994,300.39,17.91,1
1915,EXTEND,6,362,0,150.00,18.70,1
1916,DECODE,994,0,994,300.57,17.96,1
1917,EXTEND,6,273,0,137.50,18.01,1
1918,DECODE,995,0,995,300.49,17.88,1
1919,EXTEND,5,532,0,199.80,17.42,1
1920,DECODE,996,0,996,301.31,17.99,1
1921,EXTEND,4,219,0,147.25,21.63,1
1922,DECODE,994,0,994,301.97,17.94,1
1923,EXTEND,6,260,0,132.33,17.71,1
1924,DECODE,994,0,994,302.08,17.92,1
1925,EXTEND,6,324,0,142.17,17.59,1
1926,DECODE,994,0,994,302.63,18.07,1
1927,EXTEND,6,429,0,163.50,18.08,1
1928,DECODE,996,0,996,302.84,17.96,1
1929,EXTEND,4,241,0,149.25,22.00,1
1930,DECODE,995,0,995,303.52,17.99,1
1931,EXTEND,5,408,0,170.40,18.76,1
1932,DECODE,996,0,996,303.84,17.84,1
1933,EXTEND,4,231,0,148.00,21.17,1
1934,DECODE,993,0,993,304.89,17.97,1
1935,EXTEND,7,382,0,145.14,13.37,1
1936,DECODE,995,0,995,304.79,17.93,1
1937,EXTEND,5,321,0,152.80,17.57,1
1938,DECODE,995,0,995,305.01,18.01,1
1939,EXTEND,5,391,0,168.40,13.29,1
1940,DECODE,998,0,998,305.39,18.09,1
1941,EXTEND,2,95,0,141.00,21.49,1
1942,DECODE,996,0,996,306.43,18.07,1
1943,EXTEND,4,201,0,140.75,21.25,1
1944,DECODE,996,0,996,306.89,18.00,1
1945,EXTEND,4,548,0,226.75,17.20,1
1946,DECODE,992,0,992,308.26,18.26,1
1947,EXTEND,8,770,0,186.50,14.89,1
1948,DECODE,993,0,993,308.34,17.95,1
1949,EXTEND,7,487,0,159.14,18.48,1
1950,DECODE,998,0,998,308.06,17.98,1
1951,EXTEND,2,129,0,154.50,19.13,1
1952,DECODE,999,0,999,308.82,17.95,1
1953,EXTEND,1,66,0,155.00,13.55,1
1954,DECODE,994,0,994,310.19,17.93,1
1955,EXTEND,6,335,0,144.33,17.43,1
1956,DECODE,995,0,995,310.37,18.41,1
1957,EXTEND,5,484,0,188.00,18.44,1
1958,DECODE,997,0,997,310.72,18.19,1
1959,EXTEND,3,219,0,166.00,13.28,1
1960,DECODE,993,0,993,311.84,17.99,1
1961,EXTEND,7,501,0,163.14,14.06,1
1962,DECODE,998,0,998,311.87,18.04,1
1963,EXTEND,2,256,0,215.50,13.11,1
1964,DECODE,994,0,994,313.45,18.10,1
1965,EXTEND,6,664,0,199.83,13.64,1
1966,DECODE,994,0,994,314.05,18.03,1
1967,EXTEND,6,802,0,225.33,15.38,1
1968,DECODE,996,0,996,314.46,18.01,1
1969,EXTEND,4,172,0,135.00,19.09,1
1970,DECODE,995,0,995,314.86,17.90,1
1971,EXTEND,5,284,0,147.60,18.76,1
1972,DECODE,993,0,993,315.45,18.07,1
1973,EXTEND,7,349,0,138.86,13.37,1
1974,DECODE,994,0,994,315.43,17.88,1
1975,EXTEND,6,572,0,184.67,20.85,1
1976,DECODE,995,0,995,316.35,18.25,1
1977,EXTEND,5,449,0,178.60,18.31,1
1978,DECODE,992,0,992,317.56,18.13,1
1979,EXTEND,8,434,0,145.50,21.07,1
1980,DECODE,996,0,996,317.32,17.95,1
1981,EXTEND,4,354,0,181.75,21.82,1
1982,DECODE,992,0,992,318.85,18.19,1
1983,EXTEND,8,450,0,145.38,18.47,1
1984,DECODE,995,0,995,318.87,17.97,1
1985,EXTEND,5,488,0,187.40,13.42,1
1986,DECODE,994,0,994,319.64,18.16,1
1987,EXTEND,6,669,0,203.00,15.58,1
1988,DECODE,995,0,995,320.14,18.08,1
1989,EXTEND,5,335,0,155.60,13.11,1
1990,DECODE,997,0,997,320.38,18.04,1
1991,EXTEND,3,248,0,173.67,13.14,1
1992,DECODE,995,0,995,321.01,18.15,1
1993,EXTEND,5,395,0,167.40,20.07,1
1994,DECODE,992,0,992,321.88,18.09,1
1995,EXTEND,8,660,0,173.38,13.61,1
1996,DECODE,996,0,996,322.20,18.46,1
1997,EXTEND,4,255,0,154.75,22.71,1
1998,DECODE,998,0,998,322.55,18.11,1
1999,EXTEND,2,124,0,151.00,23.53,1
2000,DECODE,990,0,990,323.74,18.28,1
2001,EXTEND,10,647,0,157.60,13.92,1
2002,DECODE,998,0,998,323.33,18.74,1
2003,EXTEND,2,107,0,149.00,23.17,1
2004,DECODE,996,0,996,324.03,18.69,1
2005,EXTEND,4,443,0,201.75,17.43,1
2006,DECODE,994,0,994,324.85,18.70,1
2007,EXTEND,6,417,0,159.50,18.92,1
2008,DECODE,995,0,995,324.89,18.99,1
2009,EXTEND,5,437,0,178.20,19.18,1
2010,DECODE,997,0,997,325.08,18.36,1
2011,EXTEND,3,124,0,131.33,18.73,1
2012,DECODE,992,0,992,326.14,19.79,1
2013,EXTEND,8,973,0,210.50,14.68,1
2014,DECODE,997,0,997,326.27,18.55,1
2015,EXTEND,3,139,0,138.00,20.81,1
2016,DECODE,996,0,996,326.99,18.38,1
2017,EXTEND,4,222,0,143.25,13.77,1
2018,DECODE,992,0,992,327.49,18.59,1
2019,EXTEND,8,724,0,180.25,13.88,1
2020,DECODE,997,0,997,327.13,18.36,1
2021,EXTEND,3,159,0,144.67,20.41,1
2022,DECODE,997,0,997,327.48,18.61,1
2023,EXTEND,3,305,0,196.33,17.79,1
2024,DECODE,995,0,995,328.34,18.42,1
2025,EXTEND,5,582,0,206.40,18.19,1
2026,DECODE,994,0,994,329.26,19.04,1
2027,EXTEND,6,855,0,231.33,16.78,1
2028,DECODE,995,0,995,329.75,18.21,1
2029,EXTEND,5,268,0,145.40,18.24,1
2030,DECODE,991,0,991,330.84,18.48,1
2031,EXTEND,9,723,0,169.22,15.51,1
2032,DECODE,997,0,997,330.38,18.33,1
2033,EXTEND,3,226,0,170.00,23.88,1
2034,DECODE,994,0,994,331.32,18.70,1
2035,EXTEND,6,371,0,152.00,18.50,1
2036,DECODE,991,0,991,331.90,18.08,1
2037,EXTEND,9,549,0,150.00,17.37,1
2038,DECODE,995,0,995,331.76,18.56,1
2039,EXTEND,5,362,0,165.80,13.60,1
2040,DECODE,993,0,993,332.27,18.35,1
2041,EXTEND,7,392,0,145.29,19.16,1
2042,DECODE,998,0,998,332.23,18.37,1
2043,EXTEND,2,111,0,146.00,22.38,1
2044,DECODE,994,0,994,333.23,18.24,1
2045,EXTEND,6,471,0,167.50,19.84,1
2046,DECODE,997,0,997,333.59,18.26,1
2047,EXTEND,3,247,0,170.00,22.39,1
2048,DECODE,996,0,996,334.27,18.25,1
2049,EXTEND,4,321,0,170.00,13.43,1
2050,DECODE,997,0,997,334.72,18.34,1
2051,EXTEND,3,182,0,149.33,18.51,1
2052,DECODE,995,0,995,335.22,18.29,1
2053,EXTEND,5,495,0,190.80,18.21,1
2054,DECODE,996,0,996,335.72,18.35,1
2055,EXTEND,4,342,0,172.25,18.17,1
2056,DECODE,994,0,994,336.85,18.25,1
2057,EXTEND,6,423,0,158.17,13.51,1
2058,DECODE,994,0,994,337.72,18.54,1
2059,EXTEND,6,388,0,154.17,20.58,1
2060,DECODE,986,0,986,338.20,20.53,1
2061,EXTEND,14,1143,0,171.43,20.29,1
2062,DECODE,994,0,994,336.44,19.59,1
2063,EXTEND,6,560,0,192.00,17.98,1
2064,DECODE,995,0,995,336.89,19.48,1
2065,EXTEND,5,214,0,138.00,21.01,1
2066,DECODE,998,0,998,336.93,18.79,1
2067,EXTEND,2,99,0,140.00,22.16,1
2068,DECODE,988,0,988,337.87,19.65,1
2069,EXTEND,12,599,0,141.08,18.33,1
2070,DECODE,994,0,994,336.43,18.52,1
2071,EXTEND,6,505,0,172.67,20.38,1
2072,DECODE,996,0,996,336.54,18.43,1
2073,EXTEND,4,276,0,159.00,13.59,1
2074,DECODE,992,0,992,337.20,18.47,1
2075,EXTEND,8,498,0,154.88,21.36,1
2076,DECODE,995,0,995,337.16,20.20,1
2077,EXTEND,5,337,0,163.20,18.17,1
2078,DECODE,995,0,995,337.62,18.20,1
2079,EXTEND,5,355,0,165.60,17.31,1
2080,DECODE,996,0,996,338.12,19.89,1
2081,EXTEND,4,217,0,147.25,22.30,1
2082,DECODE,992,0,992,339.11,19.24,1
2083,EXTEND,8,491,0,151.88,18.54,1
2084,DECODE,993,0,993,339.36,18.19,1
2085,EXTEND,7,446,0,152.86,20.97,1
2086,DECODE,995,0,995,339.15,18.34,1
2087,EXTEND,5,270,0,142.60,17.94,1
2088,DECODE,993,0,993,339.77,18.26,1
2089,EXTEND,7,611,0,178.57,16.25,1
2090,DECODE,990,0,990,340.44,18.24,1
2091,EXTEND,10,722,0,162.10,15.83,1
2092,DECODE,995,0,995,340.03,18.36,1
2093,EXTEND,5,635,0,216.00,15.76,1
2094,DECODE,997,0,997,340.66,18.40,1
2095,EXTEND,3,138,0,135.00,19.34,1
2096,DECODE,997,0,997,341.57,18.81,1
2097,EXTEND,3,244,0,169.00,23.60,1
2098,DECODE,996,0,996,342.27,18.47,1
2099,EXTEND,4,529,0,225.50,17.07,1
2100,DECODE,995,0,995,343.32,18.26,1
2101,EXTEND,5,202,0,131.20,21.64,1
2102,DECODE,988,0,988,344.21,18.32,1
2103,EXTEND,12,770,0,153.33,13.62,1
2104,DECODE,994,0,994,343.51,18.39,1
2105,EXTEND,6,419,0,162.00,24.68,1
2106,DECODE,993,0,993,343.68,18.64,1
2107,EXTEND,7,406,0,148.86,18.76,1
2108,DECODE,995,0,995,343.70,18.42,1
2109,EXTEND,5,305,0,149.00,13.30,1
2110,DECODE,992,0,992,344.18,18.28,1
2111,EXTEND,8,583,0,162.12,18.91,1
2112,DECODE,997,0,997,344.10,18.53,1
2113,EXTEND,3,124,0,177.00,13.46,1
2114,DECODE,997,0,997,345.13,18.39,1
2115,EXTEND,3,350,0,210.67,18.26,1
2116,DECODE,993,0,993,346.27,18.41,1
2117,EXTEND,7,433,0,150.14,13.23,1
2118,DECODE,996,0,996,346.26,18.37,1
2119,EXTEND,4,266,0,165.25,18.16,1
2120,DECODE,991,0,991,347.07,18.23,1
2121,EXTEND,9,742,0,171.11,16.18,1
2122,DECODE,987,0,987,347.21,18.22,1
2123,EXTEND,13,861,0,157.08,16.16,1
2124,DECODE,993,0,993,346.78,18.22,1
2125,EXTEND,7,428,0,150.43,18.40,1
2126,DECODE,996,0,996,347.01,18.82,1
2127,EXTEND,4,291,0,160.75,17.31,1
2128,DECODE,996,0,996,347.65,18.49,1
2129,EXTEND,4,272,0,157.00,13.20,1
2130,DECODE,989,0,989,348.83,18.31,1
2131,EXTEND,11,793,0,161.27,15.70,1
2132,DECODE,999,0,999,347.80,18.47,1
2133,EXTEND,1,54,0,144.00,17.30,1
2134,DECODE,998,0,998,348.78,18.45,1
2135,EXTEND,2,267,0,223.00,18.27,1
2136,DECODE,994,0,994,349.98,18.56,1
2137,EXTEND,6,310,0,141.33,16.96,1
2138,DECODE,999,0,999,349.90,18.51,1
2139,EXTEND,1,64,0,151.00,13.43,1
2140,DECODE,989,0,989,352.27,19.03,1
2141,EXTEND,11,1006,0,180.27,17.88,1
2142,DECODE,999,0,999,351.38,18.90,1
2143,EXTEND,1,55,0,142.00,19.71,1
2144,DECODE,997,0,997,352.67,18.93,1
2145,EXTEND,3,139,0,136.00,15.64,1
2146,DECODE,998,0,998,353.19,19.64,1
2147,EXTEND,2,121,0,150.50,22.06,1
2148,DECODE,995,0,995,354.26,18.43,1
2149,EXTEND,5,293,0,147.60,13.54,1
2150,DECODE,995,0,995,354.88,18.66,1
2151,EXTEND,5,410,0,176.60,13.26,1
2152,DECODE,996,0,996,355.67,18.47,1
2153,EXTEND,4,280,0,160.00,18.63,1
2154,DECODE,994,0,994,355.16,18.85,1
2155,EXTEND,6,416,0,159.67,13.39,1
2156,DECODE,987,0,987,356.63,18.47,1
2157,EXTEND,13,1165,0,180.77,19.01,1
2158,DECODE,995,0,995,355.77,18.97,1
2159,EXTEND,5,196,0,131.00,21.45,1
2160,DECODE,996,0,996,356.02,18.65,1
2161,EXTEND,4,355,0,179.00,13.04,1
2162,DECODE,993,0,993,357.14,18.61,1
2163,EXTEND,7,435,0,152.71,13.33,1
2164,DECODE,995,0,995,356.82,20.29,1
2165,EXTEND,5,551,0,209.60,17.17,1
2166,DECODE,993,0,993,358.10,18.47,1
2167,EXTEND,7,547,0,169.86,17.54,1
2168,DECODE,992,0,992,358.80,18.70,1
2169,EXTEND,8,761,0,185.00,15.67,1
2170,DECODE,991,0,991,359.24,18.51,1
2171,EXTEND,9,570,0,157.89,17.52,1
2172,DECODE,994,0,994,358.71,18.50,1
2173,EXTEND,6,737,0,211.17,15.60,1
2174,DECODE,996,0,996,358.69,18.70,1
2175,EXTEND,4,358,0,180.75,13.56,1
2176,DECODE,996,0,996,358.74,18.47,1
2177,EXTEND,4,198,0,140.75,19.97,1
2178,DECODE,992,0,992,359.61,18.57,1
2179,EXTEND,8,502,0,152.50,13.50,1
2180,DECODE,991,0,991,360.02,18.34,1
2181,EXTEND,9,660,0,163.89,14.30,1
2182,DECODE,997,0,997,359.77,18.68,1
2183,EXTEND,3,385,0,219.67,20.34,1
2184,DECODE,995,0,995,360.31,18.55,1
2185,EXTEND,5,597,0,209.40,17.62,1
2186,DECODE,994,0,994,360.96,18.84,1
2187,EXTEND,6,548,0,178.50,15.28,1
2188,DECODE,995,0,995,360.80,18.79,1
2189,EXTEND,5,1118,0,313.20,19.10,1
2190,DECODE,995,0,995,361.91,20.08,1
2191,EXTEND,5,223,0,133.80,21.75,1
2192,DECODE,995,0,995,362.18,18.50,1
2193,EXTEND,5,205,0,130.40,38.05,1
2194,DECODE,992,0,992,362.92,24.79,1
2195,EXTEND,8,394,0,141.75,17.47,1
2196,DECODE,998,0,998,362.46,18.46,1
2197,EXTEND,2,137,0,155.00,21.18,1
2198,DECODE,996,0,996,363.61,18.98,1
2199,EXTEND,4,461,0,205.50,13.33,1
2200,DECODE,988,0,988,364.84,18.50,1
2201,EXTEND,12,1217,0,191.08,23.93,1
2202,DECODE,996,0,996,364.22,20.05,1
2203,EXTEND,4,188,0,140.00,14.34,1
2204,DECODE,995,0,995,364.79,18.54,1
2205,EXTEND,5,545,0,197.60,18.09,1
2206,DECODE,991,0,991,366.02,19.05,1
2207,EXTEND,9,651,0,165.78,15.84,1
2208,DECODE,992,0,992,365.97,18.73,1
2209,EXTEND,8,778,0,188.00,21.80,1
2210,DECODE,994,0,994,365.54,18.89,1
2211,EXTEND,6,286,0,137.83,23.45,1
2212,DECODE,997,0,997,365.74,22.44,1
2213,EXTEND,3,402,0,224.67,13.13,1
2214,DECODE,996,0,996,366.99,18.45,1
2215,EXTEND,4,304,0,164.00,14.61,1
2216,DECODE,994,0,994,367.42,18.80,1
2217,EXTEND,6,564,0,187.17,17.74,1
2218,DECODE,995,0,995,367.58,18.81,1
2219,EXTEND,5,558,0,201.00,17.00,1
2220,DECODE,993,0,993,368.12,18.61,1
2221,EXTEND,7,547,0,169.86,13.05,1
2222,DECODE,993,0,993,368.31,18.60,1
2223,EXTEND,7,870,0,212.71,15.88,1
2224,DECODE,994,0,994,368.57,18.90,1
2225,EXTEND,6,591,0,188.33,18.27,1
2226,DECODE,988,0,988,369.70,18.58,1
2227,EXTEND,12,792,0,157.08,16.68,1
2228,DECODE,992,0,992,368.04,18.60,1
2229,EXTEND,8,630,0,168.50,29.01,1
2230,DECODE,995,0,995,367.66,19.09,1
2231,EXTEND,5,496,0,191.20,22.32,1
2232,DECODE,993,0,993,368.32,21.11,1
2233,EXTEND,7,857,0,212.43,16.15,1
2234,DECODE,997,0,997,368.60,18.66,1
2235,EXTEND,3,165,0,149.67,18.91,1
2236,DECODE,994,0,994,369.32,18.89,1
2237,EXTEND,6,583,0,187.33,12.67,1
2238,DECODE,994,0,994,369.66,18.55,1
2239,EXTEND,6,562,0,183.67,17.78,1
2240,DECODE,993,0,993,370.32,18.60,1
2241,EXTEND,7,424,0,152.71,19.13,1
2242,DECODE,996,0,996,370.43,18.73,1
2243,EXTEND,4,372,0,188.25,18.72,1
2244,DECODE,992,0,992,371.30,18.71,1
2245,EXTEND,8,439,0,143.75,13.24,1
2246,DECODE,994,0,994,371.34,18.57,1
2247,EXTEND,6,333,0,145.50,13.13,1
2248,DECODE,995,0,995,370.78,18.52,1
2249,EXTEND,5,175,0,126.40,21.28,1
2250,DECODE,994,0,994,370.83,18.85,1
2251,EXTEND,6,426,0,159.67,13.09,1
2252,DECODE,991,0,991,371.41,18.42,1
2253,EXTEND,9,801,0,177.22,15.17,1
2254,DECODE,993,0,993,371.07,18.75,1
2255,EXTEND,7,547,0,167.86,13.80,1
2256,DECODE,997,0,997,370.87,18.70,1
2257,EXTEND,3,187,0,155.33,18.33,1
2258,DECODE,997,0,997,371.45,18.70,1
2259,EXTEND,3,361,0,212.67,18.15,1
2260,DECODE,997,0,997,372.13,18.68,1
2261,EXTEND,3,198,0,153.67,13.33,1
2262,DECODE,997,0,997,372.78,18.82,1
2263,EXTEND,3,287,0,185.33,18.86,1
2264,DECODE,993,0,993,373.04,18.98,1
2265,EXTEND,7,698,0,188.29,15.20,1
2266,DECODE,995,0,995,373.18,18.87,1
2267,EXTEND,5,424,0,176.00,13.20,1
2268,DECODE,996,0,996,373.59,18.66,1
2269,EXTEND,4,265,0,157.50,13.46,1
2270,DECODE,997,0,997,374.02,18.70,1
2271,EXTEND,3,489,0,250.00,18.46,1
2272,DECODE,996,0,996,374.72,18.60,1
2273,EXTEND,4,277,0,157.50,17.78,1
2274,DECODE,993,0,993,375.47,18.58,1
2275,EXTEND,7,807,0,204.71,16.73,1
2276,DECODE,988,0,988,376.12,18.50,1
2277,EXTEND,12,865,0,161.33,16.80,1
2278,DECODE,998,0,998,374.13,19.12,1
2279,EXTEND,2,107,0,142.00,13.95,1
2280,DECODE,994,0,994,375.06,18.91,1
2281,EXTEND,6,414,0,161.33,18.98,1
2282,DECODE,993,0,993,375.09,18.62,1
2283,EXTEND,7,350,0,140.14,13.18,1
2284,DECODE,995,0,995,375.27,18.87,1
2285,EXTEND,5,239,0,139.00,20.30,1
2286,DECODE,996,0,996,375.55,18.76,1
2287,EXTEND,4,431,0,197.00,17.78,1
2288,DECODE,996,0,996,376.37,18.77,1
2289,EXTEND,4,221,0,147.00,21.25,1
2290,DECODE,991,0,991,377.45,18.49,1
2291,EXTEND,9,1000,0,202.11,13.40,1
2292,DECODE,993,0,993,377.18,18.71,1
2293,EXTEND,7,374,0,142.43,13.33,1
2294,DECODE,995,0,995,376.62,18.97,1
2295,EXTEND,5,526,0,194.80,19.67,1
2296,DECODE,997,0,997,377.22,18.82,1
2297,EXTEND,3,231,0,170.33,13.05,1
2298,DECODE,997,0,997,378.04,18.61,1
2299,EXTEND,3,268,0,178.00,13.10,1
2300,DECODE,995,0,995,378.68,18.73,1
2301,EXTEND,5,255,0,141.40,13.03,1
2302,DECODE,997,0,997,378.95,18.59,1
2303,EXTEND,3,163,0,143.67,18.85,1
2304,DECODE,995,0,995,380.03,18.61,1
2305,EXTEND,5,311,0,151.00,13.06,1
2306,DECODE,994,0,994,380.80,18.82,1
2307,EXTEND,6,339,0,148.50,19.31,1
2308,DECODE,994,0,994,380.28,18.83,1
2309,EXTEND,6,596,0,186.67,17.66,1
2310,DECODE,994,0,994,380.65,18.76,1
2311,EXTEND,6,533,0,178.50,18.07,1
2312,DECODE,992,0,992,381.17,18.95,1
2313,EXTEND,8,849,0,196.12,17.28,1
2314,DECODE,995,0,995,381.67,18.85,1
2315,EXTEND,5,401,0,169.80,19.54,1
2316,DECODE,992,0,992,382.79,18.80,1
2317,EXTEND,8,444,0,146.50,21.38,1
2318,DECODE,995,0,995,382.75,18.87,1
2319,EXTEND,5,382,0,165.00,13.52,1
2320,DECODE,995,0,995,383.28,18.88,1
2321,EXTEND,5,310,0,153.40,13.22,1
2322,DECODE,995,0,995,383.76,18.86,1
2323,EXTEND,5,420,0,174.60,18.04,1
2324,DECODE,994,0,994,383.28,18.84,1
2325,EXTEND,6,285,0,137.33,18.61,1
2326,DECODE,992,0,992,383.38,18.78,1
2327,EXTEND,8,670,0,172.62,12.78,1
2328,DECODE,996,0,996,382.91,19.18,1
2329,EXTEND,4,420,0,196.75,12.95,1
2330,DECODE,997,0,997,383.47,18.71,1
2331,EXTEND,3,425,0,231.33,17.73,1
2332,DECODE,996,0,996,384.82,19.04,1
2333,EXTEND,4,301,0,165.50,14.16,1
2334,DECODE,993,0,993,385.50,18.96,1
2335,EXTEND,7,517,0,162.86,18.09,1
2336,DECODE,996,0,996,385.45,18.86,1
2337,EXTEND,4,345,0,175.50,17.66,1
2338,DECODE,994,0,994,386.10,18.85,1
2339,EXTEND,6,363,0,149.50,17.84,1
2340,DECODE,991,0,991,386.51,19.16,1
2341,EXTEND,9,785,0,185.22,16.21,1
2342,DECODE,995,0,995,386.44,19.11,1
2343,EXTEND,5,520,0,193.40,18.27,1
2344,DECODE,993,0,993,387.88,18.90,1
2345,EXTEND,7,373,0,145.29,16.29,1
2346,DECODE,996,0,996,387.68,18.86,1
2347,EXTEND,4,339,0,174.25,13.66,1
2348,DECODE,994,0,994,388.70,19.40,1
2349,EXTEND,6,535,0,176.83,17.30,1
2350,DECODE,994,0,994,388.98,18.96,1
2351,EXTEND,6,643,0,196.17,16.36,1
2352,DECODE,994,0,994,389.84,18.99,1
2353,EXTEND,6,349,0,147.17,13.30,1
2354,DECODE,993,0,993,389.99,19.05,1
2355,EXTEND,7,404,0,148.57,19.19,1
2356,DECODE,992,0,992,389.25,18.96,1
2357,EXTEND,8,630,0,167.12,13.40,1
2358,DECODE,994,0,994,388.73,18.90,1
2359,EXTEND,6,745,0,213.50,15.09,1
2360,DECODE,997,0,997,389.32,19.02,1
2361,EXTEND,3,179,0,147.67,19.23,1
2362,DECODE,992,0,992,390.57,19.02,1
2363,EXTEND,8,425,0,141.25,13.77,1
2364,DECODE,994,0,994,389.87,19.04,1
2365,EXTEND,6,670,0,203.67,13.54,1
2366,DECODE,998,0,998,390.25,19.28,1
2367,EXTEND,2,90,0,159.00,23.27,1
2368,DECODE,996,0,996,391.40,19.04,1
2369,EXTEND,4,539,0,224.00,17.71,1
2370,DECODE,997,0,997,391.95,19.12,1
2371,EXTEND,3,175,0,149.33,13.85,1
2372,DECODE,998,0,998,392.63,19.14,1
2373,EXTEND,2,139,0,158.00,13.27,1
2374,DECODE,993,0,993,393.67,19.00,1
2375,EXTEND,7,437,0,153.14,13.62,1
2376,DECODE,997,0,997,393.59,19.00,1
2377,EXTEND,3,149,0,140.00,13.19,1
2378,DECODE,992,0,992,394.99,19.12,1
2379,EXTEND,8,657,0,173.00,13.49,1
2380,DECODE,993,0,993,394.82,18.99,1
2381,EXTEND,7,427,0,153.43,13.55,1
2382,DECODE,996,0,996,394.50,19.00,1
2383,EXTEND,4,282,0,162.25,13.18,1
2384,DECODE,994,0,994,395.35,18.92,1
2385,EXTEND,6,659,0,200.33,15.39,1
2386,DECODE,998,0,998,395.20,19.08,1
2387,EXTEND,2,140,0,160.50,19.51,1
2388,DECODE,995,0,995,396.17,18.86,1
2389,EXTEND,1,34,0,124.00,17.98,1
2390,EXTEND,4,248,0,154.00,13.82,1
2391,EXTEND,8,1111,0,228.88,19.72,1
2392,DECODE,1000,0,1000,396.00,19.02,1
2393,DECODE,1000,0,1000,397.00,19.09,1
2394,DECODE,995,0,995,398.05,19.29,1
2395,EXTEND,5,453,0,181.60,19.22,1
2396,EXTEND,4,408,0,193.50,13.69,1
2397,EXTEND,3,260,0,179.00,13.66,1
2398,DECODE,1000,0,1000,397.35,18.91,1
2399,DECODE,1000,0,1000,398.35,18.96,1
2400,DECODE,993,0,993,400.78,19.13,1
2401,EXTEND,7,524,0,163.00,18.63,1
2402,EXTEND,5,240,0,137.20,13.37,1
2403,EXTEND,7,374,0,144.14,13.81,1
2404,DECODE,1000,0,1000,398.62,19.11,1
2405,DECODE,1000,0,1000,399.62,18.91,1
2406,DECODE,996,0,996,400.43,19.20,1
2407,EXTEND,4,247,0,150.75,13.15,1
2408,EXTEND,5,249,0,143.80,24.51,1
2409,EXTEND,6,730,0,211.50,15.58,1
2410,DECODE,1000,0,1000,398.43,18.95,1
2411,DECODE,1000,0,1000,399.43,19.03,1
2412,DECODE,995,0,995,401.03,19.52,1
2413,EXTEND,5,275,0,147.00,18.80,1
2414,EXTEND,5,316,0,152.80,17.65,1
2415,EXTEND,1,46,0,133.00,18.00,1
2416,DECODE,1000,0,1000,400.22,19.04,1
2417,DECODE,1000,0,1000,401.22,18.97,1
2418,DECODE,993,0,993,402.74,19.13,1
2419,EXTEND,7,543,0,169.14,17.80,1
2420,EXTEND,6,578,0,185.00,17.24,1
2421,EXTEND,1,258,0,349.00,17.32,1
2422,DECODE,1000,0,1000,402.15,19.03,1
2423,DECODE,1000,0,1000,403.15,19.02,1
2424,DECODE,995,0,995,404.70,19.17,1
2425,EXTEND,5,326,0,154.20,17.92,1
2426,EXTEND,9,936,0,193.56,16.32,1
2427,EXTEND,4,287,0,162.25,20.47,1
2428,DECODE,1000,0,1000,403.52,18.99,1
2429,DECODE,1000,0,1000,404.52,19.08,1
2430,DECODE,998,0,998,405.97,19.11,1
2431,EXTEND,2,126,0,152.00,22.64,1
2432,EXTEND,5,274,0,149.00,13.39,1
2433,DECODE,1000,0,1000,405.32,18.88,1
2434,DECODE,1000,0,1000,406.32,19.05,1
2435,DECODE,994,0,994,406.56,19.25,1
2436,EXTEND,6,390,0,156.50,19.22,1
2437,EXTEND,6,440,0,163.83,13.57,1
2438,EXTEND,5,562,0,202.40,13.16,1
2439,DECODE,1000,0,1000,405.00,19.18,1
2440,DECODE,1000,0,1000,406.00,18.88,1
2441,DECODE,993,0,993,408.66,19.35,1
2442,EXTEND,7,830,0,208.71,15.39,1
2443,EXTEND,5,884,0,265.80,16.61,1
2444,EXTEND,4,256,0,153.75,13.70,1
2445,DECODE,1000,0,1000,407.44,18.99,1
2446,DECODE,1000,0,1000,408.44,19.10,1
2447,DECODE,998,0,998,408.76,19.04,1
2448,EXTEND,2,130,0,152.50,19.49,1
2449,EXTEND,10,685,0,159.40,16.27,1
2450,EXTEND,4,336,0,172.75,13.16,1
2451,DECODE,1000,0,1000,406.29,18.90,1
2452,DECODE,1000,0,1000,407.29,19.20,1
2453,DECODE,994,0,994,409.43,19.28,1
2454,EXTEND,6,607,0,190.50,18.41,1
2455,EXTEND,6,506,0,175.00,18.93,1
2456,EXTEND,5,351,0,160.00,13.71,1
2457,DECODE,1000,0,1000,407.06,19.55,1
2458,DECODE,1000,0,1000,408.06,20.18,1
2459,DECODE,993,0,993,409.58,19.55,1
2460,EXTEND,7,1063,0,244.29,19.38,1
2461,EXTEND,1,82,0,172.00,13.80,1
2462,EXTEND,5,243,0,140.00,22.23,1
2463,DECODE,1000,0,1000,408.55,19.04,1
2464,DECODE,1000,0,1000,409.55,20.12,1
2465,DECODE,994,0,994,410.84,19.19,1
2466,EXTEND,6,730,0,216.00,13.24,1
2467,EXTEND,6,510,0,176.83,19.00,1
2468,EXTEND,5,1007,0,291.20,15.90,1
2469,DECODE,1000,0,1000,410.12,19.18,1
2470,DECODE,1000,0,1000,411.12,19.40,1
2471,DECODE,994,0,994,412.03,19.43,1
2472,EXTEND,6,834,0,228.83,16.23,1
2473,EXTEND,1,64,0,156.00,13.47,1
2474,EXTEND,3,240,0,169.67,13.07,1
2475,DECODE,1000,0,1000,411.36,19.10,1
2476,DECODE,1000,0,1000,412.36,19.12,1
2477,DECODE,998,0,998,412.86,19.39,1
2478,EXTEND,2,278,0,228.50,18.52,1
2479,EXTEND,8,1210,0,239.75,20.06,1
2480,EXTEND,1,199,0,288.00,13.11,1
2481,DECODE,1000,0,1000,412.73,19.26,1
2482,DECODE,1000,0,1000,413.73,19.24,1
2483,DECODE,995,0,995,414.81,19.46,1
2484,EXTEND,5,366,0,164.80,18.69,1
2485,EXTEND,3,792,0,354.67,13.25,1
2486,DECODE,1000,0,1000,414.37,19.26,1
2487,DECODE,1000,0,1000,415.37,19.93,1
2488,DECODE,995,0,995,416.95,19.39,1
2489,EXTEND,5,235,0,138.60,21.27,1
2490,EXTEND,3,133,0,133.67,18.99,1
2491,EXTEND,4,171,0,142.50,19.03,1
2492,DECODE,1000,0,1000,415.14,19.11,1
2493,DECODE,1000,0,1000,416.14,19.11,1
2494,DECODE,996,0,996,417.41,19.51,1
2495,EXTEND,4,227,0,147.25,13.66,1
2496,EXTEND,7,686,0,187.14,16.17,1
2497,EXTEND,4,316,0,169.75,13.22,1
2498,DECODE,1000,0,1000,415.56,18.98,1
2499,DECODE,1000,0,1000,416.56,19.22,1
2500,DECODE,996,0,996,417.00,19.36,1
2501,EXTEND,4,309,0,167.25,17.78,1
2502,DECODE,994,0,994,417.36,19.15,1
2503,EXTEND,6,270,0,135.50,13.47,1
2504,DECODE,998,0,998,417.12,19.14,1
2505,EXTEND,2,110,0,144.00,24.39,1
2506,DECODE,997,0,997,417.25,19.25,1
2507,EXTEND,3,258,0,176.67,13.54,1
2508,DECODE,995,0,995,418.12,19.19,1
2509,EXTEND,5,361,0,161.40,13.50,1
2510,DECODE,995,0,995,418.22,18.99,1
2511,EXTEND,5,348,0,159.20,17.60,1
2512,DECODE,994,0,994,419.21,19.33,1
2513,EXTEND,6,277,0,137.67,13.28,1
2514,DECODE,996,0,996,419.00,19.16,1
2515,EXTEND,4,194,0,139.00,13.44,1
2516,DECODE,998,0,998,418.65,19.16,1
2517,EXTEND,2,510,0,347.00,13.54,1
2518,DECODE,990,0,990,419.18,18.93,1
2519,EXTEND,10,575,0,147.50,22.46,1
2520,DECODE,997,0,997,417.97,19.23,1
2521,EXTEND,3,194,0,155.00,13.24,1
2522,DECODE,996,0,996,419.00,19.34,1
2523,EXTEND,4,223,0,144.00,14.04,1
2524,DECODE,997,0,997,418.90,19.19,1
2525,EXTEND,3,266,0,177.67,13.93,1
2526,DECODE,995,0,995,419.74,19.21,1
2527,EXTEND,5,385,0,172.00,14.07,1
2528,DECODE,995,0,995,420.26,19.27,1
2529,EXTEND,5,291,0,149.20,13.27,1
2530,DECODE,993,0,993,420.28,19.25,1
2531,EXTEND,7,370,0,142.14,13.46,1
2532,DECODE,994,0,994,419.36,19.01,1
2533,EXTEND,6,704,0,207.50,16.43,1
2534,DECODE,994,0,994,419.67,20.91,1
2535,EXTEND,6,309,0,142.33,14.34,1
2536,DECODE,995,0,995,419.51,19.30,1
2537,EXTEND,5,289,0,147.60,16.81,1
2538,DECODE,992,0,992,420.05,19.33,1
2539,EXTEND,8,407,0,141.00,19.14,1
2540,DECODE,997,0,997,419.22,19.28,1
2541,EXTEND,3,186,0,150.67,18.90,1
2542,DECODE,997,0,997,419.01,19.25,1
2543,EXTEND,3,261,0,176.00,17.71,1
2544,DECODE,997,0,997,419.76,19.25,1
2545,EXTEND,3,166,0,142.67,19.67,1
2546,DECODE,999,0,999,420.13,19.54,1
2547,EXTEND,1,39,0,137.00,22.32,1
2548,DECODE,996,0,996,421.19,19.27,1
2549,EXTEND,4,232,0,145.25,14.42,1
2550,DECODE,1000,0,1000,421.08,19.06,1
2551,DECODE,1000,0,1000,422.08,19.17,1
2552,DECODE,997,0,997,423.24,19.26,1
2553,EXTEND,3,132,0,136.33,13.30,1
2554,EXTEND,1,47,0,137.00,18.81,1
2555,EXTEND,9,898,0,189.33,24.43,1
2556,DECODE,1000,0,1000,422.10,19.16,1
2557,DECODE,1000,0,1000,423.10,19.23,1
2558,DECODE,997,0,997,424.60,19.23,1
2559,EXTEND,3,553,0,272.67,17.14,1
2560,EXTEND,8,879,0,200.62,15.51,1
2561,DECODE,1000,0,1000,424.00,19.73,1
2562,DECODE,1000,0,1000,425.00,19.11,1
2563,DECODE,992,0,992,426.62,19.38,1
2564,EXTEND,8,560,0,159.75,13.34,1
2565,EXTEND,4,270,0,156.75,13.13,1
2566,EXTEND,2,118,0,149.00,23.29,1
2567,DECODE,1000,0,1000,424.76,18.99,1
2568,DECODE,1000,0,1000,425.76,19.10,1
2569,DECODE,995,0,995,427.32,19.25,1
2570,EXTEND,5,303,0,151.20,18.22,1
2571,EXTEND,5,379,0,166.60,20.01,1
2572,EXTEND,3,323,0,196.67,17.91,1
2573,DECODE,1000,0,1000,426.00,19.31,1
2574,DECODE,1000,0,1000,427.00,19.12,1
2575,DECODE,995,0,995,428.12,19.33,1
2576,EXTEND,5,251,0,145.80,13.53,1
2577,EXTEND,10,968,0,188.20,12.85,1
2578,EXTEND,4,214,0,142.75,13.13,1
2579,DECODE,1000,0,1000,425.80,19.07,1
2580,DECODE,1000,0,1000,426.80,19.16,1
2581,DECODE,996,0,996,427.50,19.32,1
2582,EXTEND,4,353,0,179.75,17.30,1
2583,EXTEND,5,356,0,164.40,16.80,1
2584,EXTEND,4,218,0,145.50,20.85,1
2585,DECODE,1000,0,1000,425.36,19.00,1
2586,DECODE,1000,0,1000,426.36,19.14,1
2587,DECODE,992,0,992,427.45,19.18,1
2588,EXTEND,8,602,0,164.62,18.83,1
2589,EXTEND,7,501,0,162.00,13.62,1
2590,EXTEND,5,305,0,150.80,12.94,1
2591,DECODE,1000,0,1000,422.47,18.97,1
2592,DECODE,1000,0,1000,423.47,19.06,1
2593,DECODE,993,0,993,425.97,19.16,1
2594,EXTEND,7,359,0,143.14,17.88,1
2595,EXTEND,6,576,0,184.50,17.98,1
2596,EXTEND,5,338,0,161.80,12.94,1
2597,DECODE,1000,0,1000,423.97,19.53,1
2598,DECODE,1000,0,1000,424.97,19.11,1
2599,DECODE,993,0,993,426.72,19.26,1
2600,EXTEND,7,603,0,178.71,17.98,1
2601,EXTEND,6,533,0,177.83,13.24,1
2602,EXTEND,4,310,0,166.25,13.66,1
2603,DECODE,1000,0,1000,424.75,18.97,1
2604,DECODE,1000,0,1000,425.75,19.16,1
2605,DECODE,995,0,995,426.77,19.24,1
2606,EXTEND,5,274,0,146.20,13.17,1
2607,EXTEND,2,90,0,135.00,14.46,1
2608,EXTEND,5,393,0,167.20,12.91,1
2609,DECODE,1000,0,1000,425.54,19.09,1
2610,DECODE,1000,0,1000,426.54,19.11,1
2611,DECODE,997,0,997,428.30,19.26,1
2612,EXTEND,3,234,0,167.67,20.79,1
2613,EXTEND,1,52,0,141.00,16.81,1
2614,EXTEND,2,175,0,177.50,17.09,1
2615,DECODE,1000,0,1000,427.49,19.14,1
2616,DECODE,1000,0,1000,428.49,19.29,1
2617,DECODE,995,0,995,429.30,19.26,1
2618,EXTEND,5,412,0,178.80,21.59,1
2619,EXTEND,5,414,0,178.60,13.90,1
2620,EXTEND,3,241,0,171.67,13.40,1
2621,EXTEND,9,823,0,179.56,15.04,1
2622,DECODE,1000,0,1000,425.31,19.08,1
2623,DECODE,1000,0,1000,426.31,19.19,1
2624,DECODE,995,0,995,428.33,19.31,1
2625,EXTEND,5,356,0,161.40,13.38,1
2626,EXTEND,9,442,0,141.56,19.44,1
2627,EXTEND,4,261,0,153.75,13.13,1
2628,DECODE,1000,0,1000,425.92,19.24,1
2629,DECODE,1000,0,1000,426.92,19.16,1
2630,DECODE,998,0,998,428.09,19.36,1
2631,EXTEND,2,90,0,134.50,13.18,1
2632,EXTEND,6,553,0,183.17,13.23,1
2633,EXTEND,2,173,0,178.00,18.59,1
2634,DECODE,1000,0,1000,428.18,19.58,1
2635,DECODE,1000,0,1000,429.18,19.32,1
2636,DECODE,994,0,994,430.80,19.32,1
2637,EXTEND,6,624,0,193.17,18.52,1
2638,EXTEND,4,274,0,160.50,13.19,1
2639,EXTEND,4,177,0,134.00,18.32,1
2640,DECODE,1000,0,1000,429.70,19.31,1
2641,DECODE,1000,0,1000,430.70,19.23,1
2642,DECODE,995,0,995,432.12,19.34,1
2643,EXTEND,5,291,0,149.40,14.77,1
2644,EXTEND,2,101,0,142.50,25.37,1
2645,EXTEND,1,47,0,138.00,12.92,1
2646,DECODE,1000,0,1000,431.24,19.11,1
2647,DECODE,1000,0,1000,432.24,19.30,1
2648,DECODE,993,0,993,433.21,19.40,1
2649,EXTEND,7,524,0,164.00,14.05,1
2650,EXTEND,3,442,0,244.00,13.06,1
2651,EXTEND,8,593,0,163.62,12.87,1
2652,DECODE,1000,0,1000,431.22,19.31,1
2653,DECODE,1000,0,1000,432.22,19.28,1
2654,DECODE,994,0,994,434.11,19.82,1
2655,EXTEND,6,463,0,167.00,20.17,1
2656,EXTEND,2,87,0,132.00,21.43,1
2657,EXTEND,7,441,0,152.29,19.60,1
2658,DECODE,1000,0,1000,432.21,19.40,1
2659,DECODE,1000,0,1000,433.21,19.29,1
2660,DECODE,998,0,998,434.74,19.44,1
2661,EXTEND,2,369,0,287.50,13.42,1
2662,EXTEND,2,130,0,154.00,13.04,1
2663,EXTEND,8,693,0,177.38,15.89,1
2664,DECODE,1000,0,1000,433.44,19.33,1
2665,DECODE,1000,0,1000,434.44,19.38,1
2666,DECODE,995,0,995,435.53,19.49,1
2667,EXTEND,5,329,0,156.80,13.59,1
2668,EXTEND,3,692,0,324.67,15.25,1
2669,EXTEND,7,556,0,177.86,13.15,1
2670,DECODE,1000,0,1000,433.23,19.30,1
2671,DECODE,1000,0,1000,434.23,19.51,1
2672,DECODE,997,0,997,435.92,25.48,1
2673,EXTEND,3,209,0,164.33,29.68,1
2674,EXTEND,1,65,0,153.00,21.72,1
2675,EXTEND,4,192,0,136.50,13.53,1
2676,DECODE,1000,0,1000,434.64,19.38,1
2677,DECODE,1000,0,1000,435.64,19.37,1
2678,DECODE,998,0,998,437.18,19.89,1
2679,EXTEND,2,129,0,159.00,15.27,1
2680,EXTEND,4,236,0,154.00,13.43,1
2681,EXTEND,3,180,0,151.33,20.57,1
2682,DECODE,1000,0,1000,435.85,19.28,1
2683,DECODE,1000,0,1000,436.85,19.30,1
2684,DECODE,995,0,995,438.86,19.42,1
2685,EXTEND,5,358,0,162.60,15.48,1
2686,EXTEND,1,65,0,164.00,14.81,1
2687,EXTEND,4,485,0,210.75,13.21,1
2688,DECODE,1000,0,1000,437.91,19.19,1
2689,DECODE,1000,0,1000,438.91,19.41,1
2690,DECODE,998,0,998,440.38,19.51,1
2691,EXTEND,2,114,0,152.00,30.66,1
2692,EXTEND,7,578,0,173.57,13.57,1
2693,DECODE,1000,0,1000,439.56,19.28,1
2694,DECODE,1000,0,1000,440.56,19.24,1
2695,DECODE,992,0,992,442.03,19.85,1
2696,EXTEND,8,459,0,146.62,19.15,1
2697,EXTEND,6,378,0,153.00,19.29,1
2698,EXTEND,4,254,0,153.50,22.08,1
2699,DECODE,1000,0,1000,439.89,19.20,1
2700,DECODE,1000,0,1000,440.89,19.26,1
2701,DECODE,1000,0,1000,441.89,19.50,1
2702,DECODE,998,0,998,443.06,19.38,1
2703,EXTEND,2,144,0,163.50,13.66,1
2704,EXTEND,7,336,0,137.86,13.26,1
2705,EXTEND,3,202,0,156.33,13.34,1
2706,DECODE,1000,0,1000,442.02,19.44,1
2707,DECODE,1000,0,1000,443.02,20.32,1
2708,DECODE,997,0,997,444.36,27.70,1
2709,EXTEND,3,208,0,160.67,13.68,1
2710,EXTEND,6,483,0,170.33,18.32,1
2711,EXTEND,1,31,0,124.00,19.22,1
2712,DECODE,1000,0,1000,442.99,19.31,1
2713,DECODE,1000,0,1000,443.99,19.35,1
2714,DECODE,992,0,992,446.29,19.46,1
2715,EXTEND,8,506,0,153.12,13.61,1
2716,EXTEND,2,82,0,131.50,13.22,1
2717,EXTEND,6,525,0,177.67,18.00,1
2718,DECODE,1000,0,1000,444.48,19.37,1
2719,DECODE,1000,0,1000,445.48,19.55,1
2720,DECODE,994,0,994,447.35,19.67,1
2721,EXTEND,6,413,0,159.50,14.16,1
2722,EXTEND,7,417,0,150.43,13.93,1
2723,EXTEND,2,130,0,160.50,13.11,1
2724,DECODE,1000,0,1000,444.79,19.33,1
2725,DECODE,1000,0,1000,445.79,19.39,1
2726,DECODE,999,0,999,446.45,19.38,1
2727,EXTEND,1,39,0,129.00,19.86,1
2728,EXTEND,5,402,0,171.40,13.68,1
2729,EXTEND,2,103,0,145.00,21.62,1
2730,DECODE,1000,0,1000,446.06,19.34,1
2731,DECODE,1000,0,1000,447.06,19.56,1
2732,DECODE,994,0,994,448.38,19.61,1
2733,EXTEND,6,400,0,158.33,13.57,1
2734,DECODE,993,0,993,447.65,19.45,1
2735,EXTEND,7,474,0,158.29,17.94,1
2736,DECODE,994,0,994,447.02,19.33,1
2737,EXTEND,6,326,0,146.00,13.26,1
2738,DECODE,998,0,998,446.26,19.87,1
2739,EXTEND,2,90,0,136.00,13.38,1
2740,DECODE,993,0,993,447.61,20.64,1
2741,EXTEND,7,396,0,147.14,19.56,1
2742,DECODE,998,0,998,446.54,19.57,1
2743,EXTEND,2,141,0,163.50,20.61,1
2744,DECODE,997,0,997,447.62,19.64,1
2745,EXTEND,3,374,0,214.67,13.34,1
2746,DECODE,996,0,996,447.19,19.55,1
2747,EXTEND,4,359,0,184.25,14.35,1
2748,DECODE,994,0,994,447.86,19.86,1
2749,EXTEND,6,395,0,157.00,17.62,1
2750,DECODE,996,0,996,447.76,20.88,1
2751,EXTEND,4,543,0,235.50,14.84,1
2752,DECODE,987,0,987,448.18,19.24,1
2753,EXTEND,13,1084,0,174.54,19.99,1
2754,DECODE,996,0,996,446.39,19.62,1
2755,EXTEND,4,269,0,156.25,18.16,1
2756,DECODE,991,0,991,446.41,19.33,1
2757,EXTEND,9,887,0,192.00,17.85,1
2758,DECODE,995,0,995,445.06,19.49,1
2759,EXTEND,5,379,0,165.80,13.38,1
2760,DECODE,998,0,998,444.94,19.59,1
2761,EXTEND,2,349,0,282.00,13.84,1
2762,DECODE,994,0,994,446.60,19.43,1
2763,EXTEND,6,399,0,160.67,19.69,1
2764,DECODE,996,0,996,446.35,19.46,1
2765,EXTEND,4,211,0,142.25,22.33,1
2766,DECODE,995,0,995,446.58,19.51,1
2767,EXTEND,5,263,0,141.60,13.04,1
2768,DECODE,997,0,997,445.71,19.38,1
2769,EXTEND,3,356,0,209.33,13.17,1
2770,DECODE,994,0,994,446.51,19.59,1
2771,EXTEND,6,661,0,199.33,17.66,1
2772,DECODE,997,0,997,445.99,19.58,1
2773,EXTEND,3,276,0,179.33,13.14,1
2774,DECODE,995,0,995,446.87,19.49,1
2775,EXTEND,5,269,0,144.20,14.01,1
2776,DECODE,995,0,995,446.46,19.62,1
2777,EXTEND,5,344,0,162.00,17.50,1
2778,DECODE,996,0,996,446.72,19.56,1
2779,EXTEND,4,252,0,157.75,24.00,1
2780,DECODE,997,0,997,446.22,19.36,1
2781,EXTEND,3,247,0,173.33,13.24,1
2782,DECODE,993,0,993,447.32,19.64,1
2783,EXTEND,7,595,0,179.57,17.21,1
2784,DECODE,994,0,994,446.53,19.68,1
2785,EXTEND,6,412,0,160.67,14.43,1
2786,DECODE,996,0,996,446.30,19.43,1
2787,EXTEND,4,262,0,157.00,18.30,1
2788,DECODE,995,0,995,446.83,19.65,1
2789,EXTEND,5,347,0,157.80,17.80,1
2790,DECODE,992,0,992,446.89,19.41,1
2791,EXTEND,8,559,0,158.62,17.29,1
2792,DECODE,999,0,999,445.85,19.66,1
2793,EXTEND,1,76,0,165.00,22.60,1
2794,DECODE,990,0,990,448.07,19.46,1
2795,EXTEND,10,727,0,162.50,15.76,1
2796,DECODE,997,0,997,446.94,19.51,1
2797,EXTEND,3,199,0,167.67,16.51,1
2798,DECODE,992,0,992,446.24,19.47,1
2799,EXTEND,8,581,0,164.50,13.36,1
2800,DECODE,996,0,996,445.81,21.05,1
2801,EXTEND,4,301,0,168.75,13.81,1
2802,DECODE,996,0,996,446.14,19.58,1
2803,EXTEND,4,320,0,169.50,13.73,1
2804,DECODE,995,0,995,446.89,19.41,1
2805,EXTEND,5,318,0,155.80,15.51,1
2806,DECODE,994,0,994,446.62,19.61,1
2807,EXTEND,6,385,0,155.33,15.06,1
2808,DECODE,996,0,996,446.47,19.72,1
2809,EXTEND,4,192,0,143.75,14.97,1
2810,DECODE,996,0,996,446.56,19.62,1
2811,EXTEND,4,255,0,156.75,13.95,1
2812,DECODE,995,0,995,447.22,19.24,1
2813,EXTEND,5,431,0,180.60,15.09,1
2814,DECODE,997,0,997,447.50,19.60,1
2815,EXTEND,3,172,0,150.67,14.94,1
2816,DECODE,997,0,997,448.32,19.89,1
2817,EXTEND,3,132,0,132.67,13.42,1
2818,DECODE,998,0,998,448.59,19.52,1
2819,EXTEND,2,199,0,187.50,12.96,1
2820,DECODE,998,0,998,449.30,19.54,1
2821,EXTEND,2,89,0,136.00,13.14,1
2822,DECODE,998,0,998,450.14,19.64,1
2823,EXTEND,2,153,0,177.50,19.59,1
2824,DECODE,994,0,994,450.56,19.75,1
2825,EXTEND,6,420,0,162.67,13.23,1
2826,DECODE,995,0,995,450.59,19.54,1
2827,EXTEND,5,321,0,158.20,12.92,1
2828,DECODE,993,0,993,451.18,19.42,1
2829,EXTEND,7,513,0,165.71,18.16,1
2830,DECODE,993,0,993,450.93,19.84,1
2831,EXTEND,7,517,0,162.29,13.36,1
2832,DECODE,995,0,995,450.53,19.57,1
2833,EXTEND,5,683,0,226.40,16.03,1
2834,DECODE,992,0,992,451.04,19.91,1
2835,EXTEND,8,461,0,148.62,13.02,1
2836,DECODE,996,0,996,450.46,19.68,1
2837,EXTEND,4,252,0,154.00,13.24,1
2838,DECODE,996,0,996,450.82,19.41,1
2839,EXTEND,4,256,0,153.50,12.96,1
2840,DECODE,999,0,999,450.20,19.43,1
2841,EXTEND,1,36,0,133.00,17.16,1
2842,DECODE,996,0,996,451.74,19.60,1
2843,EXTEND,4,206,0,144.50,20.99,1
2844,DECODE,994,0,994,452.98,19.51,1
2845,EXTEND,6,799,0,230.17,16.84,1
2846,DECODE,996,0,996,453.57,21.02,1
2847,EXTEND,4,254,0,153.00,13.41,1
2848,DECODE,999,0,999,453.63,19.55,1
2849,EXTEND,1,53,0,144.00,17.87,1
2850,DECODE,994,0,994,454.52,19.60,1
2851,EXTEND,6,455,0,171.33,18.36,1
2852,DECODE,994,0,994,454.07,22.18,1
2853,EXTEND,6,396,0,158.33,13.46,1
2854,DECODE,997,0,997,453.97,19.56,1
2855,EXTEND,3,138,0,144.67,13.47,1
2856,DECODE,997,0,997,453.94,20.72,1
2857,EXTEND,3,154,0,143.33,13.44,1
2858,DECODE,998,0,998,454.27,19.68,1
2859,EXTEND,2,111,0,149.00,13.08,1
2860,DECODE,997,0,997,455.28,19.57,1
2861,EXTEND,3,245,0,171.00,22.50,1
2862,DECODE,994,0,994,456.34,19.61,1
2863,EXTEND,6,402,0,158.67,13.46,1
2864,DECODE,998,0,998,455.76,19.58,1
2865,EXTEND,2,102,0,140.00,22.01,1
2866,DECODE,998,0,998,456.70,19.69,1
2867,EXTEND,2,167,0,177.00,18.70,1
2868,DECODE,995,0,995,457.72,19.56,1
2869,EXTEND,5,452,0,181.60,18.19,1
2870,DECODE,995,0,995,458.31,19.69,1
2871,EXTEND,5,272,0,143.80,13.26,1
2872,DECODE,996,0,996,458.14,19.57,1
2873,EXTEND,4,282,0,160.25,13.06,1
2874,DECODE,999,0,999,458.18,20.17,1
2875,EXTEND,1,174,0,262.00,21.67,1
2876,DECODE,992,0,992,460.43,20.19,1
2877,EXTEND,8,719,0,182.38,16.11,1
2878,DECODE,995,0,995,459.82,19.48,1
2879,EXTEND,5,454,0,180.60,13.34,1
2880,DECODE,995,0,995,460.43,19.55,1
2881,EXTEND,5,427,0,175.00,14.06,1
2882,DECODE,998,0,998,460.58,19.60,1
2883,EXTEND,2,77,0,129.00,24.98,1
2884,DECODE,997,0,997,460.75,19.62,1
2885,EXTEND,3,196,0,156.33,13.42,1
2886,DECODE,994,0,994,461.12,19.77,1
2887,EXTEND,6,536,0,180.00,13.15,1
2888,DECODE,998,0,998,460.83,19.95,1
2889,EXTEND,2,148,0,169.50,18.89,1
2890,DECODE,996,0,996,461.31,19.80,1
2891,EXTEND,4,322,0,172.50,17.49,1
2892,DECODE,996,0,996,461.63,19.60,1
2893,EXTEND,4,241,0,149.75,13.30,1
2894,DECODE,992,0,992,462.30,19.56,1
2895,EXTEND,8,492,0,151.12,18.36,1
2896,DECODE,996,0,996,461.72,19.53,1
2897,EXTEND,4,308,0,176.25,13.79,1
2898,DECODE,995,0,995,462.42,19.64,1
2899,EXTEND,5,439,0,176.20,14.44,1
2900,DECODE,991,0,991,463.64,19.31,1
2901,EXTEND,6,331,0,151.67,17.83,1
2902,EXTEND,3,172,0,147.33,13.06,1
2903,EXTEND,2,223,0,199.50,13.00,1
2904,DECODE,1000,0,1000,461.72,19.49,1
2905,DECODE,1000,0,1000,462.72,19.70,1
2906,DECODE,998,0,998,464.35,20.95,1
2907,EXTEND,2,158,0,166.00,20.03,1
2908,EXTEND,4,292,0,161.00,13.15,1
2909,EXTEND,7,797,0,203.29,12.48,1
2910,DECODE,1000,0,1000,462.23,19.52,1
2911,DECODE,1000,0,1000,463.23,19.74,1
2912,DECODE,998,0,998,464.50,19.83,1
2913,EXTEND,2,171,0,174.00,13.10,1
2914,DECODE,991,0,991,466.00,19.40,1
2915,DECODE,991,0,991,467.00,19.35,1
2916,DECODE,984,0,984,469.23,21.12,1
2917,DECODE,981,0,981,470.95,21.28,1
2918,DECODE,978,0,978,472.04,21.22,1
2919,DECODE,972,0,972,474.05,21.21,1
2920,DECODE,963,0,963,474.84,19.41,1
2921,DECODE,957,0,957,477.10,21.60,1
2922,DECODE,955,0,955,477.91,21.28,1
2923,DECODE,953,0,953,479.56,21.37,1
2924,DECODE,951,0,951,480.93,21.62,1
2925,DECODE,945,0,945,482.08,21.34,1
2926,DECODE,942,0,942,483.80,21.41,1
2927,DECODE,938,0,938,485.48,21.23,1
2928,DECODE,932,0,932,487.34,21.60,1
2929,DECODE,929,0,929,489.02,21.54,1
2930,DECODE,924,0,924,491.50,26.28,1
2931,EXTEND,16,1310,0,172.12,21.55,1
2932,EXTEND,62,4867,0,171.90,44.49,1
2933,EXTEND,2,261,0,222.50,14.21,1
2934,DECODE,1000,0,1000,467.94,19.86,1
2935,DECODE,1000,0,1000,468.94,19.94,1
2936,DECODE,992,0,992,471.45,20.55,1
2937,EXTEND,8,1001,0,221.50,15.67,1
2938,EXTEND,1,195,0,284.00,19.78,1
2939,EXTEND,3,233,0,168.33,20.34,1
2940,DECODE,1000,0,1000,468.87,20.03,1
2941,DECODE,1000,0,1000,469.87,20.44,1
2942,DECODE,996,0,996,471.10,20.24,1
2943,EXTEND,4,305,0,166.75,13.57,1
2944,DECODE,997,0,997,471.36,19.73,1
2945,EXTEND,3,230,0,167.00,21.18,1
2946,DECODE,997,0,997,471.99,19.88,1
2947,EXTEND,3,329,0,214.33,13.15,1
2948,DECODE,995,0,995,473.00,19.84,1
2949,EXTEND,5,631,0,217.20,17.25,1
2950,DECODE,994,0,994,473.13,21.30,1
2951,EXTEND,6,601,0,191.17,17.65,1
2952,DECODE,996,0,996,472.34,27.77,1
2953,EXTEND,4,252,0,188.00,13.29,1
2954,DECODE,998,0,998,472.57,19.99,1
2955,EXTEND,2,155,0,172.50,20.29,1
2956,DECODE,998,0,998,472.61,19.87,1
2957,EXTEND,2,165,0,174.00,13.17,1
2958,DECODE,995,0,995,473.66,19.96,1
2959,EXTEND,5,530,0,199.60,17.12,1
2960,DECODE,991,0,991,474.71,19.74,1
2961,EXTEND,9,723,0,173.67,13.37,1
2962,DECODE,997,0,997,472.87,19.79,1
2963,EXTEND,3,204,0,160.33,21.34,1
2964,DECODE,994,0,994,473.46,19.83,1
2965,EXTEND,6,421,0,163.00,19.33,1
2966,DECODE,998,0,998,472.85,20.22,1
2967,EXTEND,2,185,0,193.50,18.63,1
2968,DECODE,993,0,993,473.92,19.85,1
2969,EXTEND,7,732,0,195.86,15.41,1
2970,DECODE,997,0,997,473.28,22.33,1
2971,EXTEND,3,240,0,173.33,13.25,1
2972,DECODE,997,0,997,474.09,19.82,1
2973,EXTEND,3,385,0,224.00,13.05,1
2974,DECODE,998,0,998,474.78,19.97,1
2975,EXTEND,2,139,0,163.50,13.05,1
2976,DECODE,996,0,996,475.72,20.28,1
2977,EXTEND,4,511,0,224.75,18.78,1
2978,DECODE,997,0,997,476.60,20.12,1
2979,EXTEND,3,418,0,240.00,18.94,1
2980,DECODE,998,0,998,477.50,20.06,1
2981,EXTEND,2,2,0,130.50,13.52,1
2982,DECODE,995,0,995,478.23,19.86,1
2983,EXTEND,1,1,0,140.00,77.41,1
2984,DECODE,991,0,991,479.27,20.69,1
2985,DECODE,991,0,991,480.27,19.76,1
2986,DECODE,990,0,990,481.53,20.06,1
2987,DECODE,984,0,984,483.50,19.87,1
2988,DECODE,976,0,976,485.80,21.57,1
2989,DECODE,971,0,971,487.09,22.61,1
2990,DECODE,965,0,965,489.17,22.10,1
2991,DECODE,963,0,963,490.15,19.62,1
2992,DECODE,957,0,957,492.48,19.61,1
2993,DECODE,954,0,954,494.37,19.59,1
2994,DECODE,951,0,951,495.77,19.32,1
2995,DECODE,948,0,948,497.53,19.81,1
2996,DECODE,947,0,947,498.68,21.57,1
2997,DECODE,942,0,942,500.79,19.27,1
2998,DECODE,937,0,937,502.42,19.62,1
2999,DECODE,933,0,933,504.12,22.17,1
3000,DECODE,929,0,929,506.11,19.33,1
3001,DECODE,927,0,927,507.42,19.28,1
3002,DECODE,924,0,924,508.29,19.20,1
3003,DECODE,922,0,922,509.17,22.01,1
3004,DECODE,919,0,919,511.03,21.67,1
3005,DECODE,918,0,918,512.22,21.65,1
3006,DECODE,917,0,917,513.02,23.01,1
3007,DECODE,915,0,915,514.62,21.65,1
3008,DECODE,913,0,913,515.14,19.09,1
3009,DECODE,908,0,908,516.88,23.25,1
3010,DECODE,903,0,903,519.27,21.90,1
3011,DECODE,898,0,898,520.61,19.07,1
3012,DECODE,893,0,893,521.75,21.42,1
3013,DECODE,888,0,888,523.33,24.83,1
3014,DECODE,883,0,883,524.92,21.45,1
3015,DECODE,880,0,880,526.32,22.59,1
3016,DECODE,878,0,878,526.66,18.74,1
3017,DECODE,875,0,875,527.99,20.97,1
3018,DECODE,872,0,872,529.16,20.93,1
3019,DECODE,866,0,866,531.37,21.08,1
3020,DECODE,863,0,863,533.24,21.64,1
3021,DECODE,859,0,859,535.41,21.55,1
3022,DECODE,856,0,856,536.93,21.38,1
3023,DECODE,853,0,853,537.92,21.37,1
3024,DECODE,850,0,850,539.83,21.49,1
3025,DECODE,845,0,845,541.51,24.04,1
3026,DECODE,843,0,843,543.07,22.05,1
3027,DECODE,842,0,842,544.28,21.59,1
3028,DECODE,838,0,838,545.37,20.70,1
3029,DECODE,837,0,837,546.56,20.57,1
3030,DECODE,836,0,836,547.84,20.78,1
3031,DECODE,831,0,831,549.38,19.90,1
3032,DECODE,830,0,830,550.31,18.03,1
3033,DECODE,826,0,826,551.77,19.64,1
3034,DECODE,823,0,823,553.46,18.07,1
3035,DECODE,822,0,822,554.77,19.59,1
3036,DECODE,820,0,820,556.21,19.47,1
3037,DECODE,819,0,819,557.00,19.61,1
3038,DECODE,815,0,815,558.61,20.25,1
3039,DECODE,814,0,814,559.42,20.04,1
3040,DECODE,813,0,813,560.37,19.96,1
3041,DECODE,813,0,813,561.37,17.88,1
3042,DECODE,813,0,813,562.37,17.82,1
3043,DECODE,808,0,808,563.53,19.90,1
3044,DECODE,808,0,808,564.53,17.64,1
3045,DECODE,803,0,803,566.33,20.05,1
3046,DECODE,799,0,799,567.57,17.44,1
3047,DECODE,798,0,798,568.58,17.51,1
3048,DECODE,797,0,797,569.18,17.32,1
3049,DECODE,792,0,792,569.96,17.87,1
3050,DECODE,790,0,790,570.92,19.86,1
3051,DECODE,789,0,789,571.59,19.98,1
3052,DECODE,789,0,789,572.59,17.69,1
3053,DECODE,784,0,784,575.19,19.33,1
3054,DECODE,782,0,782,576.03,19.35,1
3055,DECODE,776,0,776,578.75,19.43,1
3056,DECODE,775,0,775,580.16,19.27,1
3057,DECODE,773,0,773,581.02,17.69,1
3058,DECODE,768,0,768,582.61,21.55,1
3059,DECODE,766,0,766,583.68,17.71,1
3060,DECODE,766,0,766,584.68,17.15,1
3061,DECODE,764,0,764,585.17,19.60,1
3062,DECODE,762,0,762,585.99,19.57,1
3063,DECODE,760,0,760,587.54,19.16,1
3064,DECODE,757,0,757,589.58,19.16,1
3065,DECODE,756,0,756,590.60,17.21,1
3066,DECODE,755,0,755,591.36,19.24,1
3067,DECODE,754,0,754,592.18,19.11,1
3068,DECODE,752,0,752,592.93,19.28,1
3069,DECODE,751,0,751,594.33,17.38,1
3070,DECODE,748,0,748,595.78,19.21,1
3071,DECODE,747,0,747,597.14,20.28,1
3072,DECODE,743,0,743,597.61,18.94,1
3073,DECODE,742,0,742,598.95,17.93,1
3074,DECODE,740,0,740,599.81,19.44,1
3075,DECODE,737,0,737,601.84,17.49,1
3076,DECODE,735,0,735,602.26,19.39,1
3077,DECODE,734,0,734,603.42,19.28,1
3078,DECODE,733,0,733,604.70,19.30,1
3079,DECODE,731,0,731,605.57,19.34,1
3080,DECODE,729,0,729,606.50,19.46,1
3081,DECODE,727,0,727,607.78,17.40,1
3082,DECODE,724,0,724,608.71,17.29,1
3083,DECODE,722,0,722,610.27,17.33,1
3084,DECODE,720,0,720,611.90,19.53,1
3085,DECODE,717,0,717,612.63,19.58,1
3086,DECODE,716,0,716,613.90,19.45,1
3087,DECODE,716,0,716,614.90,17.22,1
3088,DECODE,714,0,714,615.43,19.71,1
3089,DECODE,711,0,711,616.48,19.61,1
3090,DECODE,711,0,711,617.48,17.34,1
3091,DECODE,708,0,708,618.85,19.46,1
3092,DECODE,707,0,707,619.98,19.37,1
3093,DECODE,703,0,703,621.57,19.76,1
3094,DECODE,701,0,701,622.70,17.46,1
3095,DECODE,698,0,698,624.90,17.49,1
3096,DECODE,697,0,697,626.31,19.39,1
3097,DECODE,696,0,696,627.74,19.68,1
3098,DECODE,695,0,695,629.12,20.51,1
3099,DECODE,693,0,693,630.34,17.47,1
3100,DECODE,693,0,693,631.34,17.17,1
3101,DECODE,690,0,690,633.02,19.88,1
3102,DECODE,688,0,688,634.48,17.35,1
3103,DECODE,687,0,687,635.83,17.37,1
3104,DECODE,684,0,684,637.36,20.80,1
3105,DECODE,683,0,683,638.29,17.28,1
3106,DECODE,683,0,683,639.29,17.19,1
3107,DECODE,683,0,683,640.29,17.21,1
3108,DECODE,680,0,680,642.48,17.01,1
3109,DECODE,680,0,680,643.48,17.42,1
3110,DECODE,680,0,680,644.48,16.85,1
3111,DECODE,677,0,677,645.42,21.65,1
3112,DECODE,675,0,675,646.10,19.56,1
3113,DECODE,674,0,674,647.42,19.05,1
3114,DECODE,673,0,673,648.46,19.10,1
3115,DECODE,668,0,668,650.49,19.36,1
3116,DECODE,667,0,667,651.00,16.27,1
3117,DECODE,665,0,665,652.00,18.27,1
3118,DECODE,664,0,664,653.23,16.25,1
3119,DECODE,661,0,661,655.38,16.06,1
3120,DECODE,658,0,658,656.13,19.38,1
3121,DECODE,657,0,657,656.96,16.06,1
3122,DECODE,654,0,654,658.51,18.34,1
3123,DECODE,653,0,653,658.86,19.22,1
3124,DECODE,651,0,651,660.19,16.05,1
3125,DECODE,647,0,647,662.54,16.79,1
3126,DECODE,645,0,645,663.38,19.03,1
3127,DECODE,642,0,642,665.69,19.10,1
3128,DECODE,641,0,641,666.65,18.95,1
3129,DECODE,640,0,640,667.95,18.76,1
3130,DECODE,639,0,639,669.34,18.09,1
3131,DECODE,637,0,637,670.71,18.49,1
3132,DECODE,636,0,636,672.15,15.75,1
3133,DECODE,634,0,634,673.47,22.63,1
3134,DECODE,633,0,633,673.88,18.46,1
3135,DECODE,632,0,632,675.46,20.14,1
3136,DECODE,630,0,630,675.95,16.28,1
3137,DECODE,628,0,628,677.82,18.78,1
3138,DECODE,627,0,627,678.37,15.74,1
3139,DECODE,624,0,624,678.42,15.54,1
3140,DECODE,621,0,621,680.30,18.61,1
3141,DECODE,620,0,620,681.26,18.50,1
3142,DECODE,618,0,618,681.42,19.15,1
3143,DECODE,617,0,617,682.60,19.01,1
3144,DECODE,616,0,616,684.00,18.92,1
3145,DECODE,614,0,614,685.74,19.39,1
3146,DECODE,613,0,613,686.28,18.96,1
3147,DECODE,613,0,613,687.28,15.64,1
3148,DECODE,612,0,612,688.15,18.99,1
3149,DECODE,609,0,609,689.24,18.95,1
3150,DECODE,607,0,607,690.60,15.64,1
3151,DECODE,605,0,605,692.73,15.58,1
3152,DECODE,604,0,604,693.81,19.85,1
3153,DECODE,601,0,601,695.06,15.45,1
3154,DECODE,599,0,599,696.01,17.09,1
3155,DECODE,597,0,597,697.74,15.28,1
3156,DECODE,597,0,597,698.74,15.22,1
3157,DECODE,596,0,596,699.80,15.25,1
3158,DECODE,595,0,595,700.94,17.27,1
3159,DECODE,594,0,594,702.34,15.49,1
3160,DECODE,592,0,592,704.42,20.43,1
3161,DECODE,591,0,591,705.23,15.51,1
3162,DECODE,590,0,590,706.03,19.29,1
3163,DECODE,589,0,589,707.23,19.31,1
3164,DECODE,588,0,588,707.79,15.36,1
3165,DECODE,588,0,588,708.79,16.11,1
3166,DECODE,586,0,586,709.22,20.25,1
3167,DECODE,585,0,585,710.48,19.89,1
3168,DECODE,583,0,583,712.37,14.90,1
3169,DECODE,581,0,581,714.22,14.98,1
3170,DECODE,578,0,578,716.51,15.30,1
3171,DECODE,577,0,577,717.21,19.07,1
3172,DECODE,577,0,577,718.21,14.99,1
3173,DECODE,577,0,577,719.21,14.96,1
3174,DECODE,576,0,576,720.73,15.00,1
3175,DECODE,576,0,576,721.73,14.97,1
3176,DECODE,573,0,573,723.29,19.26,1
3177,DECODE,573,0,573,724.29,16.82,1
3178,DECODE,573,0,573,725.29,14.81,1
3179,DECODE,570,0,570,726.57,14.81,1
3180,DECODE,567,0,567,728.55,19.23,1
3181,DECODE,563,0,563,729.77,19.16,1
3182,DECODE,561,0,561,731.73,19.12,1
3183,DECODE,560,0,560,733.24,14.65,1
3184,DECODE,559,0,559,734.39,14.59,1
3185,DECODE,558,0,558,736.03,14.50,1
3186,DECODE,556,0,556,737.53,14.44,1
3187,DECODE,555,0,555,738.94,14.51,1
3188,DECODE,555,0,555,739.94,14.41,1
3189,DECODE,554,0,554,741.51,19.38,1
3190,DECODE,554,0,554,742.51,14.64,1
3191,DECODE,552,0,552,743.58,18.31,1
3192,DECODE,551,0,551,744.57,14.68,1
3193,DECODE,550,0,550,745.97,18.14,1
3194,DECODE,550,0,550,746.97,14.33,1
3195,DECODE,550,0,550,747.97,14.34,1
3196,DECODE,548,0,548,748.57,14.73,1
3197,DECODE,548,0,548,749.57,14.41,1
3198,DECODE,548,0,548,750.57,14.42,1
3199,DECODE,547,0,547,751.76,14.63,1
3200,DECODE,547,0,547,752.76,14.43,1
3201,DECODE,547,0,547,753.76,14.50,1
3202,DECODE,547,0,547,754.76,14.69,1
3203,DECODE,547,0,547,755.76,15.20,1
3204,DECODE,547,0,547,756.76,14.28,1
3205,DECODE,547,0,547,757.76,14.86,1
3206,DECODE,547,0,547,758.76,15.00,1
3207,DECODE,545,0,545,760.07,15.38,1
3208,DECODE,545,0,545,761.07,14.51,1
3209,DECODE,544,0,544,762.43,22.03,1
3210,DECODE,543,0,543,763.33,14.51,1
3211,DECODE,540,0,540,764.32,18.49,1
3212,DECODE,537,0,537,766.80,18.55,1
3213,DECODE,536,0,536,768.43,14.46,1
3214,DECODE,536,0,536,769.43,14.35,1
3215,DECODE,536,0,536,770.43,14.52,1
3216,DECODE,535,0,535,771.20,14.49,1
3217,DECODE,535,0,535,772.20,14.46,1
3218,DECODE,533,0,533,773.57,14.50,1
3219,DECODE,532,0,532,774.92,14.57,1
3220,DECODE,531,0,531,776.49,18.55,1
3221,DECODE,529,0,529,777.87,17.19,1
3222,DECODE,528,0,528,778.85,19.12,1
3223,DECODE,527,0,527,780.48,14.56,1
3224,DECODE,526,0,526,782.21,14.53,1
3225,DECODE,525,0,525,783.90,14.51,1
3226,DECODE,523,0,523,785.35,14.72,1
3227,DECODE,523,0,523,786.35,14.34,1
3228,DECODE,521,0,521,788.02,19.03,1
3229,DECODE,519,0,519,788.68,19.81,1
3230,DECODE,516,0,516,791.15,19.66,1
3231,DECODE,515,0,515,791.32,19.43,1
3232,DECODE,515,0,515,792.32,14.29,1
3233,DECODE,514,0,514,793.38,19.10,1
3234,DECODE,512,0,512,795.71,14.47,1
3235,DECODE,511,0,511,797.16,12.65,1
3236,DECODE,510,0,510,798.20,12.87,1
3237,DECODE,510,0,510,799.20,12.77,1
3238,DECODE,508,0,508,800.27,12.88,1
3239,DECODE,507,0,507,801.58,12.86,1
3240,DECODE,503,0,503,803.00,12.90,1
3241,DECODE,502,0,502,803.70,14.90,1
3242,DECODE,501,0,501,804.86,13.44,1
3243,DECODE,501,0,501,805.86,13.67,1
3244,DECODE,501,0,501,806.86,13.63,1
3245,DECODE,501,0,501,807.86,13.74,1
3246,DECODE,499,0,499,810.19,14.13,1
3247,DECODE,498,0,498,811.71,14.24,1
3248,DECODE,498,0,498,812.71,14.08,1
3249,DECODE,496,0,496,814.41,16.22,1
3250,DECODE,496,0,496,815.41,13.93,1
3251,DECODE,494,0,494,816.34,15.55,1
3252,DECODE,491,0,491,817.65,14.91,1
3253,DECODE,490,0,490,819.31,14.35,1
3254,DECODE,490,0,490,820.31,13.98,1
3255,DECODE,489,0,489,820.99,14.46,1
3256,DECODE,489,0,489,821.99,14.10,1
3257,DECODE,489,0,489,822.99,14.01,1
3258,DECODE,489,0,489,823.99,14.34,1
3259,DECODE,488,0,488,825.62,14.41,1
3260,DECODE,487,0,487,826.94,14.61,1
3261,DECODE,486,0,486,828.64,14.41,1
3262,DECODE,486,0,486,829.64,13.93,1
3263,DECODE,484,0,484,829.92,14.56,1
3264,DECODE,483,0,483,831.34,14.60,1
3265,DECODE,481,0,481,832.44,14.35,1
3266,DECODE,479,0,479,833.83,15.63,1
3267,DECODE,478,0,478,834.29,14.14,1
3268,DECODE,477,0,477,835.88,14.14,1
3269,DECODE,476,0,476,837.22,14.09,1
3270,DECODE,476,0,476,838.22,13.70,1
3271,DECODE,476,0,476,839.22,13.74,1
3272,DECODE,476,0,476,840.22,13.76,1
3273,DECODE,475,0,475,841.45,14.12,1
3274,DECODE,475,0,475,842.45,13.80,1
3275,DECODE,473,0,473,843.73,14.13,1
3276,DECODE,473,0,473,844.73,13.78,1
3277,DECODE,473,0,473,845.73,13.37,1
3278,DECODE,472,0,472,847.17,14.07,1
3279,DECODE,469,0,469,848.89,14.07,1
3280,DECODE,469,0,469,849.89,13.70,1
3281,DECODE,468,0,468,850.74,14.19,1
3282,DECODE,466,0,466,852.42,14.26,1
3283,DECODE,465,0,465,853.63,14.35,1
3284,DECODE,464,0,464,855.47,15.76,1
3285,DECODE,461,0,461,857.13,13.68,1
3286,DECODE,460,0,460,858.76,13.66,1
3287,DECODE,459,0,459,859.88,13.74,1
3288,DECODE,459,0,459,860.88,13.37,1
3289,DECODE,459,0,459,861.88,13.21,1
3290,DECODE,457,0,457,862.89,15.97,1
3291,DECODE,454,0,454,865.17,13.70,1
3292,DECODE,452,0,452,867.03,13.60,1
3293,DECODE,451,0,451,867.57,12.08,1
3294,DECODE,450,0,450,867.84,12.11,1
3295,DECODE,449,0,449,868.11,12.05,1
3296,DECODE,448,0,448,868.96,13.43,1
3297,DECODE,448,0,448,869.96,12.58,1
3298,DECODE,447,0,447,871.16,12.69,1
3299,DECODE,446,0,446,872.78,12.68,1
3300,DECODE,446,0,446,873.78,12.63,1
3301,DECODE,446,0,446,874.78,12.56,1
3302,DECODE,444,0,444,875.65,12.59,1
3303,DECODE,444,0,444,876.65,12.63,1
3304,DECODE,444,0,444,877.65,12.64,1
3305,DECODE,444,0,444,878.65,12.59,1
3306,DECODE,444,0,444,879.65,12.60,1
3307,DECODE,444,0,444,880.65,12.62,1
3308,DECODE,443,0,443,881.88,12.59,1
3309,DECODE,441,0,441,883.65,12.63,1
3310,DECODE,439,0,439,885.23,12.64,1
3311,DECODE,439,0,439,886.23,12.56,1
3312,DECODE,439,0,439,887.23,12.62,1
3313,DECODE,438,0,438,888.86,12.60,1
3314,DECODE,437,0,437,890.24,12.68,1
3315,DECODE,437,0,437,891.24,12.58,1
3316,DECODE,436,0,436,893.08,12.63,1
3317,DECODE,436,0,436,894.08,12.62,1
3318,DECODE,434,0,434,895.06,12.68,1
3319,DECODE,432,0,432,895.46,12.44,1
3320,DECODE,431,0,431,896.56,11.63,1
3321,DECODE,429,0,429,898.87,11.60,1
3322,DECODE,428,0,428,900.56,11.46,1
3323,DECODE,426,0,426,902.70,11.61,1
3324,DECODE,424,0,424,903.98,11.65,1
3325,DECODE,423,0,423,905.90,11.63,1
3326,DECODE,421,0,421,908.32,11.73,1
3327,DECODE,419,0,419,908.65,11.64,1
3328,DECODE,419,0,419,909.65,11.65,1
3329,DECODE,419,0,419,910.65,11.69,1
3330,DECODE,418,0,418,912.12,11.66,1
3331,DECODE,417,0,417,912.29,11.78,1
3332,DECODE,417,0,417,913.29,11.67,1
3333,DECODE,417,0,417,914.29,11.74,1
3334,DECODE,417,0,417,915.29,11.72,1
3335,DECODE,416,0,416,916.04,12.64,1
3336,DECODE,414,0,414,918.55,11.91,1
3337,DECODE,413,0,413,919.60,11.86,1
3338,DECODE,412,0,412,920.85,11.92,1
3339,DECODE,412,0,412,921.85,11.85,1
3340,DECODE,411,0,411,923.33,11.85,1
3341,DECODE,410,0,410,924.27,11.91,1
3342,DECODE,410,0,410,925.27,11.83,1
3343,DECODE,408,0,408,926.65,12.96,1
3344,DECODE,408,0,408,927.65,13.10,1
3345,DECODE,408,0,408,928.65,12.65,1
3346,DECODE,408,0,408,929.65,11.76,1
3347,DECODE,408,0,408,930.65,11.84,1
3348,DECODE,408,0,408,931.65,11.93,1
3349,DECODE,406,0,406,933.53,11.79,1
3350,DECODE,406,0,406,934.53,11.83,1
3351,DECODE,404,0,404,936.41,11.80,1
3352,DECODE,404,0,404,937.41,12.00,1
3353,DECODE,404,0,404,938.41,11.79,1
3354,DECODE,402,0,402,939.14,20.37,1
3355,DECODE,402,0,402,940.14,11.80,1
3356,DECODE,400,0,400,942.32,12.32,1
3357,DECODE,400,0,400,943.32,11.44,1
3358,DECODE,399,0,399,945.23,11.32,1
3359,DECODE,399,0,399,946.23,11.51,1
3360,DECODE,399,0,399,947.23,11.39,1
3361,DECODE,399,0,399,948.23,11.93,1
3362,DECODE,399,0,399,949.23,12.59,1
3363,DECODE,398,0,398,949.99,13.00,1
3364,DECODE,398,0,398,950.99,12.52,1
3365,DECODE,395,0,395,952.56,12.85,1
3366,DECODE,395,0,395,953.56,12.40,1
3367,DECODE,392,0,392,954.53,12.90,1
3368,DECODE,392,0,392,955.53,12.40,1
3369,DECODE,391,0,391,957.27,12.94,1
3370,DECODE,391,0,391,958.27,12.21,1
3371,DECODE,390,0,390,959.92,12.73,1
3372,DECODE,390,0,390,960.92,12.20,1
3373,DECODE,388,0,388,962.57,12.53,1
3374,DECODE,387,0,387,963.26,12.93,1
3375,DECODE,387,0,387,964.26,12.28,1
3376,DECODE,387,0,387,965.26,12.32,1
3377,DECODE,387,0,387,966.26,12.11,1
3378,DECODE,387,0,387,967.26,12.13,1
3379,DECODE,386,0,386,968.96,12.62,1
3380,DECODE,383,0,383,971.29,13.71,1
3381,DECODE,383,0,383,972.29,12.20,1
3382,DECODE,383,0,383,973.29,11.86,1
3383,DECODE,383,0,383,974.29,13.91,1
3384,DECODE,382,0,382,974.47,13.47,1
3385,DECODE,382,0,382,975.47,12.03,1
3386,DECODE,382,0,382,976.47,11.90,1
3387,DECODE,382,0,382,977.47,11.93,1
3388,DECODE,380,0,380,978.48,12.51,1
3389,DECODE,380,0,380,979.48,11.94,1
3390,DECODE,380,0,380,980.48,11.92,1
3391,DECODE,379,0,379,980.93,12.56,1
3392,DECODE,379,0,379,981.93,11.96,1
3393,DECODE,379,0,379,982.93,12.25,1
3394,DECODE,379,0,379,983.93,11.90,1
3395,DECODE,378,0,378,984.92,12.31,1
3396,DECODE,378,0,378,985.92,11.94,1
3397,DECODE,375,0,375,986.80,12.29,1
3398,DECODE,375,0,375,987.80,12.13,1
3399,DECODE,374,0,374,988.81,12.18,1
3400,DECODE,374,0,374,989.81,12.05,1
3401,DECODE,374,0,374,990.81,11.86,1
3402,DECODE,374,0,374,991.81,11.90,1
3403,DECODE,373,0,373,992.78,12.47,1
3404,DECODE,373,0,373,993.78,11.84,1
3405,DECODE,373,0,373,994.78,12.05,1
3406,DECODE,373,0,373,995.78,11.81,1
3407,DECODE,371,0,371,997.79,12.31,1
3408,DECODE,370,0,370,999.53,12.45,1
3409,DECODE,368,0,368,1001.79,13.55,1
3410,DECODE,367,0,367,1003.83,12.37,1
3411,DECODE,365,0,365,1006.94,12.37,1
3412,DECODE,364,0,364,1008.20,12.27,1
3413,DECODE,364,0,364,1009.20,11.91,1
3414,DECODE,364,0,364,1010.20,11.92,1
3415,DECODE,363,0,363,1012.17,12.37,1
3416,DECODE,363,0,363,1013.17,11.82,1
3417,DECODE,362,0,362,1014.02,12.34,1
3418,DECODE,361,0,361,1015.99,13.33,1
3419,DECODE,360,0,360,1016.21,13.24,1
3420,DECODE,360,0,360,1017.21,12.68,1
3421,DECODE,359,0,359,1019.17,12.89,1
3422,DECODE,359,0,359,1020.17,11.82,1
3423,DECODE,358,0,358,1021.49,13.46,1
3424,DECODE,358,0,358,1022.49,12.67,1
3425,DECODE,358,0,358,1023.49,12.62,1
3426,DECODE,358,0,358,1024.49,12.61,1
3427,DECODE,358,0,358,1025.49,12.60,1
3428,DECODE,356,0,356,1025.75,12.17,1
3429,DECODE,355,0,355,1027.60,12.17,1
3430,DECODE,354,0,354,1029.35,12.19,1
3431,DECODE,354,0,354,1030.35,11.89,1
3432,DECODE,353,0,353,1030.58,12.13,1
3433,DECODE,353,0,353,1031.58,11.93,1
3434,DECODE,353,0,353,1032.58,12.27,1
3435,DECODE,352,0,352,1034.54,14.68,1
3436,DECODE,350,0,350,1035.05,12.59,1
3437,DECODE,349,0,349,1035.85,12.42,1
3438,DECODE,347,0,347,1037.97,12.15,1
3439,DECODE,347,0,347,1038.97,11.95,1
3440,DECODE,347,0,347,1039.97,11.93,1
3441,DECODE,347,0,347,1040.97,11.87,1
3442,DECODE,346,0,346,1042.60,12.12,1
3443,DECODE,345,0,345,1044.55,12.17,1
3444,DECODE,344,0,344,1046.49,12.26,1
3445,DECODE,343,0,343,1047.85,12.18,1
3446,DECODE,343,0,343,1048.85,11.87,1
3447,DECODE,342,0,342,1050.68,12.11,1
3448,DECODE,340,0,340,1050.54,12.19,1
3449,DECODE,340,0,340,1051.54,11.85,1
3450,DECODE,340,0,340,1052.54,11.74,1
3451,DECODE,340,0,340,1053.54,12.63,1
3452,DECODE,340,0,340,1054.54,11.78,1
3453,DECODE,340,0,340,1055.54,11.84,1
3454,DECODE,340,0,340,1056.54,11.83,1
3455,DECODE,340,0,340,1057.54,11.84,1
3456,DECODE,339,0,339,1057.82,12.15,1
3457,DECODE,339,0,339,1058.82,11.99,1
3458,DECODE,339,0,339,1059.82,11.93,1
3459,DECODE,339,0,339,1060.82,11.87,1
3460,DECODE,339,0,339,1061.82,11.86,1
3461,DECODE,339,0,339,1062.82,11.88,1
3462,DECODE,338,0,338,1064.70,12.29,1
3463,DECODE,338,0,338,1065.70,12.07,1
3464,DECODE,338,0,338,1066.70,11.85,1
3465,DECODE,338,0,338,1067.70,12.02,1
3466,DECODE,338,0,338,1068.70,11.87,1
3467,DECODE,338,0,338,1069.70,12.02,1
3468,DECODE,337,0,337,1071.63,12.12,1
3469,DECODE,336,0,336,1072.58,13.75,1
3470,DECODE,336,0,336,1073.58,11.88,1
3471,DECODE,336,0,336,1074.58,11.86,1
3472,DECODE,336,0,336,1075.58,11.83,1
3473,DECODE,336,0,336,1076.58,11.79,1
3474,DECODE,335,0,335,1077.08,12.22,1
3475,DECODE,334,0,334,1079.22,12.25,1
3476,DECODE,334,0,334,1080.22,11.87,1
3477,DECODE,334,0,334,1081.22,11.95,1
3478,DECODE,333,0,333,1082.26,12.28,1
3479,DECODE,332,0,332,1084.17,12.17,1
3480,DECODE,332,0,332,1085.17,12.02,1
3481,DECODE,332,0,332,1086.17,11.96,1
3482,DECODE,332,0,332,1087.17,11.96,1
3483,DECODE,331,0,331,1089.39,12.19,1
3484,DECODE,331,0,331,1090.39,12.00,1
3485,DECODE,328,0,328,1094.21,12.07,1
3486,DECODE,328,0,328,1095.21,11.50,1
3487,DECODE,328,0,328,1096.21,11.48,1
3488,DECODE,328,0,328,1097.21,11.72,1
3489,DECODE,328,0,328,1098.21,11.54,1
3490,DECODE,327,0,327,1099.22,11.84,1
3491,DECODE,327,0,327,1100.22,11.63,1
3492,DECODE,324,0,324,1104.78,11.57,1
3493,DECODE,324,0,324,1105.78,11.70,1
3494,DECODE,323,0,323,1108.07,11.85,1
3495,DECODE,323,0,323,1109.07,11.86,1
3496,DECODE,323,0,323,1110.07,11.69,1
3497,DECODE,323,0,323,1111.07,11.56,1
3498,DECODE,322,0,322,1112.96,11.95,1
3499,DECODE,321,0,321,1114.16,12.00,1
3500,DECODE,320,0,320,1116.12,13.05,1
3501,DECODE,319,0,319,1118.07,11.25,1
3502,DECODE,319,0,319,1119.07,11.13,1
3503,DECODE,317,0,317,1121.76,11.55,1
3504,DECODE,317,0,317,1122.76,11.22,1
3505,DECODE,317,0,317,1123.76,11.28,1
3506,DECODE,316,0,316,1124.39,11.75,1
3507,DECODE,316,0,316,1125.39,11.32,1
3508,DECODE,316,0,316,1126.39,11.15,1
3509,DECODE,315,0,315,1128.32,11.56,1
3510,DECODE,315,0,315,1129.32,11.23,1
3511,DECODE,315,0,315,1130.32,11.26,1
3512,DECODE,315,0,315,1131.32,11.25,1
3513,DECODE,315,0,315,1132.32,11.49,1
3514,DECODE,315,0,315,1133.32,11.45,1
3515,DECODE,315,0,315,1134.32,11.23,1
3516,DECODE,314,0,314,1136.06,11.70,1
3517,DECODE,314,0,314,1137.06,11.21,1
3518,DECODE,314,0,314,1138.06,11.98,1
3519,DECODE,313,0,313,1139.90,11.17,1
3520,DECODE,313,0,313,1140.90,11.04,1
3521,DECODE,312,0,312,1140.91,11.05,1
3522,DECODE,312,0,312,1141.91,11.08,1
3523,DECODE,312,0,312,1142.91,12.25,1
3524,DECODE,311,0,311,1145.33,11.30,1
3525,DECODE,310,0,310,1147.16,11.10,1
3526,DECODE,310,0,310,1148.16,11.07,1
3527,DECODE,310,0,310,1149.16,11.15,1
3528,DECODE,310,0,310,1150.16,11.36,1
3529,DECODE,310,0,310,1151.16,11.16,1
3530,DECODE,310,0,310,1152.16,11.25,1
3531,DECODE,310,0,310,1153.16,11.32,1
3532,DECODE,310,0,310,1154.16,11.31,1
3533,DECODE,310,0,310,1155.16,11.29,1
3534,DECODE,309,0,309,1155.58,11.55,1
3535,DECODE,309,0,309,1156.58,11.31,1
3536,DECODE,308,0,308,1158.47,11.56,1
3537,DECODE,308,0,308,1159.47,11.50,1
3538,DECODE,308,0,308,1160.47,11.57,1
3539,DECODE,308,0,308,1161.47,11.55,1
3540,DECODE,307,0,307,1163.46,12.20,1
3541,DECODE,307,0,307,1164.46,11.53,1
3542,DECODE,307,0,307,1165.46,11.64,1
3543,DECODE,307,0,307,1166.46,11.54,1
3544,DECODE,307,0,307,1167.46,11.54,1
3545,DECODE,307,0,307,1168.46,11.59,1
3546,DECODE,306,0,306,1170.12,11.96,1
3547,DECODE,306,0,306,1171.12,11.74,1
3548,DECODE,306,0,306,1172.12,11.57,1
3549,DECODE,306,0,306,1173.12,11.60,1
3550,DECODE,306,0,306,1174.12,11.32,1
3551,DECODE,306,0,306,1175.12,11.33,1
3552,DECODE,306,0,306,1176.12,11.34,1
3553,DECODE,306,0,306,1177.12,11.33,1
3554,DECODE,306,0,306,1178.12,11.50,1
3555,DECODE,306,0,306,1179.12,11.36,1
3556,DECODE,306,0,306,1180.12,10.31,1
3557,DECODE,306,0,306,1181.12,10.33,1
3558,DECODE,304,0,304,1181.09,12.28,1
3559,DECODE,304,0,304,1182.09,10.38,1
3560,DECODE,302,0,302,1183.26,10.70,1
3561,DECODE,302,0,302,1184.26,10.46,1
3562,DECODE,301,0,301,1186.47,10.25,1
3563,DECODE,301,0,301,1187.47,10.36,1
3564,DECODE,301,0,301,1188.47,10.15,1
3565,DECODE,301,0,301,1189.47,10.26,1
3566,DECODE,301,0,301,1190.47,10.19,1
3567,DECODE,301,0,301,1191.47,10.20,1
3568,DECODE,300,0,300,1192.63,10.11,1
3569,DECODE,300,0,300,1193.63,10.27,1
3570,DECODE,299,0,299,1195.37,10.27,1
3571,DECODE,299,0,299,1196.37,10.31,1
3572,DECODE,299,0,299,1197.37,10.32,1
3573,DECODE,299,0,299,1198.37,10.30,1
3574,DECODE,299,0,299,1199.37,10.38,1
3575,DECODE,297,0,297,1202.30,10.34,1
3576,DECODE,296,0,296,1204.68,10.98,1
3577,DECODE,296,0,296,1205.68,10.29,1
3578,DECODE,295,0,295,1208.22,10.29,1
3579,DECODE,295,0,295,1209.22,10.20,1
3580,DECODE,295,0,295,1210.22,10.34,1
3581,DECODE,295,0,295,1211.22,11.16,1
3582,DECODE,295,0,295,1212.22,11.44,1
3583,DECODE,295,0,295,1213.22,10.24,1
3584,DECODE,295,0,295,1214.22,10.28,1
3585,DECODE,295,0,295,1215.22,10.27,1
3586,DECODE,295,0,295,1216.22,10.25,1
3587,DECODE,295,0,295,1217.22,10.22,1
3588,DECODE,294,0,294,1219.61,10.33,1
3589,DECODE,293,0,293,1221.83,10.27,1
3590,DECODE,293,0,293,1222.83,10.24,1
3591,DECODE,293,0,293,1223.83,10.50,1
3592,DECODE,293,0,293,1224.83,10.36,1
3593,DECODE,293,0,293,1225.83,10.33,1
3594,DECODE,293,0,293,1226.83,10.32,1
3595,DECODE,293,0,293,1227.83,10.40,1
3596,DECODE,293,0,293,1228.83,10.40,1
3597,DECODE,292,0,292,1229.38,10.35,1
3598,DECODE,292,0,292,1230.38,10.32,1
3599,DECODE,291,0,291,1232.62,10.25,1
3600,DECODE,291,0,291,1233.62,10.28,1
3601,DECODE,291,0,291,1234.62,11.24,1
3602,DECODE,291,0,291,1235.62,11.33,1
3603,DECODE,290,0,290,1235.78,11.52,1
3604,DECODE,290,0,290,1236.78,11.23,1
3605,DECODE,290,0,290,1237.78,11.34,1
3606,DECODE,289,0,289,1238.79,11.53,1
3607,DECODE,289,0,289,1239.79,11.32,1
3608,DECODE,289,0,289,1240.79,11.38,1
3609,DECODE,287,0,287,1242.40,13.28,1
3610,DECODE,287,0,287,1243.40,11.00,1
3611,DECODE,287,0,287,1244.40,11.03,1
3612,DECODE,287,0,287,1245.40,11.09,1
3613,DECODE,287,0,287,1246.40,11.03,1
3614,DECODE,287,0,287,1247.40,11.02,1
3615,DECODE,287,0,287,1248.40,11.00,1
3616,DECODE,286,0,286,1250.60,11.65,1
3617,DECODE,286,0,286,1251.60,11.11,1
3618,DECODE,285,0,285,1254.19,11.35,1
3619,DECODE,285,0,285,1255.19,11.11,1
3620,DECODE,284,0,284,1257.69,11.36,1
3621,DECODE,284,0,284,1258.69,11.09,1
3622,DECODE,284,0,284,1259.69,11.21,1
3623,DECODE,284,0,284,1260.69,11.08,1
3624,DECODE,284,0,284,1261.69,11.12,1
3625,DECODE,284,0,284,1262.69,11.13,1
3626,DECODE,284,0,284,1263.69,11.08,1
3627,DECODE,284,0,284,1264.69,11.05,1
3628,DECODE,284,0,284,1265.69,11.05,1
3629,DECODE,284,0,284,1266.69,11.12,1
3630,DECODE,284,0,284,1267.69,11.10,1
3631,DECODE,284,0,284,1268.69,11.19,1
3632,DECODE,284,0,284,1269.69,11.81,1
3633,DECODE,284,0,284,1270.69,11.01,1
3634,DECODE,284,0,284,1271.69,11.07,1
3635,DECODE,284,0,284,1272.69,11.03,1
3636,DECODE,284,0,284,1273.69,10.75,1
3637,DECODE,283,0,283,1275.51,10.81,1
3638,DECODE,281,0,281,1278.91,11.67,1
3639,DECODE,281,0,281,1279.91,11.15,1
3640,DECODE,280,0,280,1282.39,11.37,1
3641,DECODE,280,0,280,1283.39,11.14,1
3642,DECODE,280,0,280,1284.39,11.13,1
3643,DECODE,280,0,280,1285.39,11.09,1
3644,DECODE,280,0,280,1286.39,11.30,1
3645,DECODE,280,0,280,1287.39,12.35,1
3646,DECODE,280,0,280,1288.39,11.11,1
3647,DECODE,280,0,280,1289.39,11.18,1
3648,DECODE,280,0,280,1290.39,11.20,1
3649,DECODE,280,0,280,1291.39,11.13,1
3650,DECODE,280,0,280,1292.39,11.12,1
3651,DECODE,280,0,280,1293.39,11.18,1
3652,DECODE,280,0,280,1294.39,11.16,1
3653,DECODE,279,0,279,1296.58,11.56,1
3654,DECODE,279,0,279,1297.58,11.56,1
3655,DECODE,279,0,279,1298.58,11.33,1
3656,DECODE,279,0,279,1299.58,11.31,1
3657,DECODE,279,0,279,1300.58,11.33,1
3658,DECODE,278,0,278,1302.93,11.68,1
3659,DECODE,278,0,278,1303.93,11.27,1
3660,DECODE,278,0,278,1304.93,11.61,1
3661,DECODE,278,0,278,1305.93,11.43,1
3662,DECODE,278,0,278,1306.93,11.41,1
3663,DECODE,278,0,278,1307.93,11.49,1
3664,DECODE,278,0,278,1308.93,11.42,1
3665,DECODE,278,0,278,1309.93,11.30,1
3666,DECODE,278,0,278,1310.93,11.42,1
3667,DECODE,278,0,278,1311.93,11.34,1
3668,DECODE,278,0,278,1312.93,11.29,1
3669,DECODE,278,0,278,1313.93,11.38,1
3670,DECODE,277,0,277,1316.06,11.56,1
3671,DECODE,277,0,277,1317.06,11.24,1
3672,DECODE,277,0,277,1318.06,11.19,1
3673,DECODE,277,0,277,1319.06,11.15,1
3674,DECODE,277,0,277,1320.06,11.25,1
3675,DECODE,277,0,277,1321.06,11.37,1
3676,DECODE,277,0,277,1322.06,11.43,1
3677,DECODE,277,0,277,1323.06,11.12,1
3678,DECODE,277,0,277,1324.06,11.22,1
3679,DECODE,277,0,277,1325.06,11.19,1
3680,DECODE,277,0,277,1326.06,11.22,1
3681,DECODE,276,0,276,1328.14,11.50,1
3682,DECODE,276,0,276,1329.14,11.41,1
3683,DECODE,276,0,276,1330.14,11.26,1
3684,DECODE,276,0,276,1331.14,11.22,1
3685,DECODE,276,0,276,1332.14,11.23,1
3686,DECODE,276,0,276,1333.14,11.32,1
3687,DECODE,276,0,276,1334.14,11.20,1
3688,DECODE,276,0,276,1335.14,11.30,1
3689,DECODE,276,0,276,1336.14,11.48,1
3690,DECODE,276,0,276,1337.14,11.10,1
3691,DECODE,276,0,276,1338.14,11.25,1
3692,DECODE,275,0,275,1339.97,11.59,1
3693,DECODE,275,0,275,1340.97,11.33,1
3694,DECODE,275,0,275,1341.97,11.30,1
3695,DECODE,274,0,274,1344.34,11.61,1
3696,DECODE,274,0,274,1345.34,11.37,1
3697,DECODE,274,0,274,1346.34,11.39,1
3698,DECODE,273,0,273,1348.79,11.77,1
3699,DECODE,273,0,273,1349.79,11.26,1
3700,DECODE,273,0,273,1350.79,11.35,1
3701,DECODE,273,0,273,1351.79,11.23,1
3702,DECODE,273,0,273,1352.79,11.36,1
3703,DECODE,273,0,273,1353.79,11.26,1
3704,DECODE,273,0,273,1354.79,11.39,1
3705,DECODE,273,0,273,1355.79,11.31,1
3706,DECODE,273,0,273,1356.79,11.42,1
3707,DECODE,273,0,273,1357.79,11.27,1
3708,DECODE,273,0,273,1358.79,11.47,1
3709,DECODE,273,0,273,1359.79,11.28,1
3710,DECODE,273,0,273,1360.79,11.41,1
3711,DECODE,273,0,273,1361.79,11.36,1
3712,DECODE,272,0,272,1363.90,12.98,1
3713,DECODE,272,0,272,1364.90,11.15,1
3714,DECODE,272,0,272,1365.90,11.21,1
3715,DECODE,272,0,272,1366.90,11.24,1
3716,DECODE,270,0,270,1370.80,11.60,1
3717,DECODE,270,0,270,1371.80,11.21,1
3718,DECODE,270,0,270,1372.80,11.26,1
3719,DECODE,270,0,270,1373.80,11.22,1
3720,DECODE,270,0,270,1374.80,11.22,1
3721,DECODE,269,0,269,1377.51,11.40,1
3722,DECODE,268,0,268,1380.32,11.47,1
3723,DECODE,268,0,268,1381.32,11.21,1
3724,DECODE,268,0,268,1382.32,11.17,1
3725,DECODE,267,0,267,1381.75,11.53,1
3726,DECODE,266,0,266,1384.54,11.41,1
3727,DECODE,266,0,266,1385.54,11.15,1
3728,DECODE,266,0,266,1386.54,11.20,1
3729,DECODE,266,0,266,1387.54,11.20,1
3730,DECODE,266,0,266,1388.54,11.19,1
3731,DECODE,266,0,266,1389.54,11.20,1
3732,DECODE,266,0,266,1390.54,11.28,1
3733,DECODE,266,0,266,1391.54,11.23,1
3734,DECODE,266,0,266,1392.54,11.24,1
3735,DECODE,266,0,266,1393.54,11.20,1
3736,DECODE,266,0,266,1394.54,11.08,1
3737,DECODE,265,0,265,1397.34,11.45,1
3738,DECODE,265,0,265,1398.34,11.27,1
3739,DECODE,265,0,265,1399.34,11.39,1
3740,DECODE,265,0,265,1400.34,11.26,1
3741,DECODE,265,0,265,1401.34,11.35,1
3742,DECODE,265,0,265,1402.34,11.30,1
3743,DECODE,265,0,265,1403.34,11.38,1
3744,DECODE,265,0,265,1404.34,11.30,1
3745,DECODE,265,0,265,1405.34,11.71,1
3746,DECODE,265,0,265,1406.34,11.31,1
3747,DECODE,265,0,265,1407.34,11.38,1
3748,DECODE,265,0,265,1408.34,11.44,1
3749,DECODE,265,0,265,1409.34,11.31,1
3750,DECODE,265,0,265,1410.34,11.39,1
3751,DECODE,265,0,265,1411.34,11.20,1
3752,DECODE,265,0,265,1412.34,11.52,1
3753,DECODE,265,0,265,1413.34,11.28,1
3754,DECODE,265,0,265,1414.34,11.26,1
3755,DECODE,264,0,264,1416.56,11.32,1
3756,DECODE,264,0,264,1417.56,11.09,1
3757,DECODE,264,0,264,1418.56,10.93,1
3758,DECODE,264,0,264,1419.56,11.00,1
3759,DECODE,263,0,263,1422.17,11.28,1
3760,DECODE,262,0,262,1424.05,11.32,1
3761,DECODE,262,0,262,1425.05,10.98,1
3762,DECODE,262,0,262,1426.05,10.97,1
3763,DECODE,262,0,262,1427.05,10.91,1
3764,DECODE,262,0,262,1428.05,11.04,1
3765,DECODE,262,0,262,1429.05,11.04,1
3766,DECODE,262,0,262,1430.05,11.03,1
3767,DECODE,262,0,262,1431.05,10.91,1
3768,DECODE,262,0,262,1432.05,11.09,1
3769,DECODE,262,0,262,1433.05,11.02,1
3770,DECODE,262,0,262,1434.05,11.18,1
3771,DECODE,262,0,262,1435.05,11.02,1
3772,DECODE,262,0,262,1436.05,11.07,1
3773,DECODE,262,0,262,1437.05,11.01,1
3774,DECODE,262,0,262,1438.05,11.11,1
3775,DECODE,262,0,262,1439.05,11.02,1
3776,DECODE,261,0,261,1441.52,11.23,1
3777,DECODE,260,0,260,1443.35,11.31,1
3778,DECODE,260,0,260,1444.35,10.98,1
3779,DECODE,260,0,260,1445.35,10.96,1
3780,DECODE,260,0,260,1446.35,11.07,1
3781,DECODE,260,0,260,1447.35,10.99,1
3782,DECODE,260,0,260,1448.35,11.08,1
3783,DECODE,260,0,260,1449.35,11.06,1
3784,DECODE,260,0,260,1450.35,10.97,1
3785,DECODE,260,0,260,1451.35,11.09,1
3786,DECODE,260,0,260,1452.35,11.08,1
3787,DECODE,260,0,260,1453.35,10.77,1
3788,DECODE,260,0,260,1454.35,10.79,1
3789,DECODE,260,0,260,1455.35,12.06,1
3790,DECODE,260,0,260,1456.35,11.03,1
3791,DECODE,260,0,260,1457.35,11.17,1
3792,DECODE,260,0,260,1458.35,10.99,1
3793,DECODE,260,0,260,1459.35,11.22,1
3794,DECODE,260,0,260,1460.35,10.47,1
3795,DECODE,260,0,260,1461.35,11.03,1
3796,DECODE,260,0,260,1462.35,11.17,1
3797,DECODE,259,0,259,1463.38,11.38,1
3798,DECODE,259,0,259,1464.38,11.17,1
3799,DECODE,258,0,258,1465.31,11.21,1
3800,DECODE,258,0,258,1466.31,11.03,1
3801,DECODE,258,0,258,1467.31,11.07,1
3802,DECODE,258,0,258,1468.31,10.95,1
3803,DECODE,258,0,258,1469.31,11.02,1
3804,DECODE,258,0,258,1470.31,11.06,1
3805,DECODE,258,0,258,1471.31,11.04,1
3806,DECODE,258,0,258,1472.31,11.12,1
3807,DECODE,258,0,258,1473.31,11.00,1
3808,DECODE,258,0,258,1474.31,10.48,1
3809,DECODE,258,0,258,1475.31,11.01,1
3810,DECODE,257,0,257,1475.30,11.25,1
3811,DECODE,257,0,257,1476.30,11.17,1
3812,DECODE,257,0,257,1477.30,10.98,1
3813,DECODE,257,0,257,1478.30,11.15,1
3814,DECODE,257,0,257,1479.30,11.10,1
3815,DECODE,257,0,257,1480.30,11.05,1
3816,DECODE,257,0,257,1481.30,10.99,1
3817,DECODE,257,0,257,1482.30,10.91,1
3818,DECODE,257,0,257,1483.30,11.09,1
3819,DECODE,257,0,257,1484.30,10.90,1
3820,DECODE,257,0,257,1485.30,11.13,1
3821,DECODE,257,0,257,1486.30,10.94,1
3822,DECODE,257,0,257,1487.30,11.03,1
3823,DECODE,257,0,257,1488.30,11.04,1
3824,DECODE,256,0,256,1490.96,12.48,1
3825,DECODE,256,0,256,1491.96,10.79,1
3826,DECODE,256,0,256,1492.96,10.76,1
3827,DECODE,256,0,256,1493.96,10.73,1
3828,DECODE,256,0,256,1494.96,10.86,1
3829,DECODE,256,0,256,1495.96,10.70,1
3830,DECODE,255,0,255,1497.42,11.34,1
3831,DECODE,255,0,255,1498.42,10.71,1
3832,DECODE,255,0,255,1499.42,10.75,1
3833,DECODE,255,0,255,1500.42,10.80,1
3834,DECODE,255,0,255,1501.42,10.77,1
3835,DECODE,255,0,255,1502.42,10.89,1
3836,DECODE,255,0,255,1503.42,10.80,1
3837,DECODE,255,0,255,1504.42,10.87,1
3838,DECODE,255,0,255,1505.42,10.80,1
3839,DECODE,255,0,255,1506.42,10.81,1
3840,DECODE,255,0,255,1507.42,10.91,1
3841,DECODE,255,0,255,1508.42,10.83,1
3842,DECODE,255,0,255,1509.42,10.99,1
3843,DECODE,255,0,255,1510.42,10.63,1
3844,DECODE,255,0,255,1511.42,10.82,1
3845,DECODE,255,0,255,1512.42,10.61,1
3846,DECODE,255,0,255,1513.42,10.93,1
3847,DECODE,254,0,254,1515.94,11.03,1
3848,DECODE,254,0,254,1516.94,10.75,1
3849,DECODE,254,0,254,1517.94,10.71,1
3850,DECODE,254,0,254,1518.94,10.76,1
3851,DECODE,254,0,254,1519.94,10.74,1
3852,DECODE,254,0,254,1520.94,10.88,1
3853,DECODE,254,0,254,1521.94,10.74,1
3854,DECODE,254,0,254,1522.94,10.79,1
3855,DECODE,254,0,254,1523.94,10.00,1
3856,DECODE,254,0,254,1524.94,10.05,1
3857,DECODE,253,0,253,1527.04,10.14,1
3858,DECODE,253,0,253,1528.04,10.01,1
3859,DECODE,253,0,253,1529.04,10.00,1
3860,DECODE,253,0,253,1530.04,10.05,1
3861,DECODE,252,0,252,1532.68,10.11,1
3862,DECODE,252,0,252,1533.68,10.06,1
3863,DECODE,252,0,252,1534.68,10.00,1
3864,DECODE,251,0,251,1536.84,10.18,1
3865,DECODE,251,0,251,1537.84,10.00,1
3866,DECODE,251,0,251,1538.84,10.10,1
3867,DECODE,251,0,251,1539.84,10.76,1
3868,DECODE,251,0,251,1540.84,10.81,1
3869,DECODE,251,0,251,1541.84,10.78,1
3870,DECODE,251,0,251,1542.84,10.81,1
3871,DECODE,251,0,251,1543.84,10.75,1
3872,DECODE,251,0,251,1544.84,10.78,1
3873,DECODE,251,0,251,1545.84,10.48,1
3874,DECODE,251,0,251,1546.84,10.03,1
3875,DECODE,251,0,251,1547.84,10.01,1
3876,DECODE,251,0,251,1548.84,10.13,1
3877,DECODE,251,0,251,1549.84,10.08,1
3878,DECODE,250,0,250,1552.02,10.24,1
3879,DECODE,250,0,250,1553.02,10.03,1
3880,DECODE,250,0,250,1554.02,10.11,1
3881,DECODE,250,0,250,1555.02,10.07,1
3882,DECODE,250,0,250,1556.02,10.08,1
3883,DECODE,249,0,249,1558.92,10.15,1
3884,DECODE,249,0,249,1559.92,10.10,1
3885,DECODE,249,0,249,1560.92,10.08,1
3886,DECODE,249,0,249,1561.92,10.02,1
3887,DECODE,249,0,249,1562.92,10.09,1
3888,DECODE,249,0,249,1563.92,10.06,1
3889,DECODE,249,0,249,1564.92,10.09,1
3890,DECODE,249,0,249,1565.92,10.03,1
3891,DECODE,249,0,249,1566.92,10.04,1
3892,DECODE,249,0,249,1567.92,10.09,1
3893,DECODE,249,0,249,1568.92,10.05,1
3894,DECODE,249,0,249,1569.92,10.06,1
3895,DECODE,249,0,249,1570.92,10.07,1
3896,DECODE,249,0,249,1571.92,10.04,1
3897,DECODE,249,0,249,1572.92,10.12,1
3898,DECODE,249,0,249,1573.92,10.11,1
3899,DECODE,249,0,249,1574.92,10.09,1
3900,DECODE,249,0,249,1575.92,10.09,1
3901,DECODE,249,0,249,1576.92,9.78,1
3902,DECODE,249,0,249,1577.92,10.81,1
3903,DECODE,249,0,249,1578.92,11.27,1
3904,DECODE,249,0,249,1579.92,10.45,1
3905,DECODE,249,0,249,1580.92,10.78,1
3906,DECODE,249,0,249,1581.92,10.81,1
3907,DECODE,249,0,249,1582.92,10.81,1
3908,DECODE,248,0,248,1585.84,12.52,1
3909,DECODE,248,0,248,1586.84,10.72,1
3910,DECODE,248,0,248,1587.84,10.77,1
3911,DECODE,247,0,247,1590.04,11.13,1
3912,DECODE,247,0,247,1591.04,10.91,1
3913,DECODE,246,0,246,1593.33,10.98,1
3914,DECODE,246,0,246,1594.33,10.76,1
3915,DECODE,246,0,246,1595.33,10.77,1
3916,DECODE,246,0,246,1596.33,10.76,1
3917,DECODE,246,0,246,1597.33,10.82,1
3918,DECODE,246,0,246,1598.33,10.78,1
3919,DECODE,246,0,246,1599.33,10.81,1
3920,DECODE,246,0,246,1600.33,10.75,1
3921,DECODE,246,0,246,1601.33,10.80,1
3922,DECODE,246,0,246,1602.33,10.78,1
3923,DECODE,246,0,246,1603.33,10.83,1
3924,DECODE,246,0,246,1604.33,10.84,1
3925,DECODE,246,0,246,1605.33,10.83,1
3926,DECODE,246,0,246,1606.33,10.79,1
3927,DECODE,246,0,246,1607.33,10.82,1
3928,DECODE,246,0,246,1608.33,10.81,1
3929,DECODE,246,0,246,1609.33,10.79,1
3930,DECODE,246,0,246,1610.33,10.82,1
3931,DECODE,246,0,246,1611.33,10.82,1
3932,DECODE,246,0,246,1612.33,10.87,1
3933,DECODE,246,0,246,1613.33,10.80,1
3934,DECODE,246,0,246,1614.33,10.83,1
3935,DECODE,246,0,246,1615.33,10.81,1
3936,DECODE,246,0,246,1616.33,10.81,1
3937,DECODE,246,0,246,1617.33,10.92,1
3938,DECODE,245,0,245,1617.47,11.08,1
3939,DECODE,245,0,245,1618.47,10.88,1
3940,DECODE,245,0,245,1619.47,10.79,1
3941,DECODE,245,0,245,1620.47,10.80,1
3942,DECODE,245,0,245,1621.47,10.85,1
3943,DECODE,245,0,245,1622.47,10.83,1
3944,DECODE,245,0,245,1623.47,10.82,1
3945,DECODE,245,0,245,1624.47,10.87,1
3946,DECODE,244,0,244,1624.30,11.06,1
3947,DECODE,244,0,244,1625.30,10.83,1
3948,DECODE,244,0,244,1626.30,10.89,1
3949,DECODE,244,0,244,1627.30,10.94,1
3950,DECODE,244,0,244,1628.30,10.95,1
3951,DECODE,243,0,243,1630.36,11.03,1
3952,DECODE,243,0,243,1631.36,10.81,1
3953,DECODE,243,0,243,1632.36,10.78,1
3954,DECODE,243,0,243,1633.36,10.81,1
3955,DECODE,243,0,243,1634.36,10.85,1
3956,DECODE,242,0,242,1634.33,11.05,1
3957,DECODE,242,0,242,1635.33,10.85,1
3958,DECODE,242,0,242,1636.33,10.93,1
3959,DECODE,242,0,242,1637.33,10.86,1
3960,DECODE,242,0,242,1638.33,10.85,1
3961,DECODE,242,0,242,1639.33,10.89,1
3962,DECODE,242,0,242,1640.33,10.84,1
3963,DECODE,242,0,242,1641.33,10.41,1
3964,DECODE,242,0,242,1642.33,10.78,1
3965,DECODE,242,0,242,1643.33,10.89,1
3966,DECODE,242,0,242,1644.33,10.87,1
3967,DECODE,242,0,242,1645.33,10.87,1
3968,DECODE,242,0,242,1646.33,10.81,1
3969,DECODE,242,0,242,1647.33,10.84,1
3970,DECODE,241,0,241,1648.95,11.13,1
3971,DECODE,241,0,241,1649.95,10.93,1
3972,DECODE,241,0,241,1650.95,10.56,1
3973,DECODE,241,0,241,1651.95,11.00,1
3974,DECODE,241,0,241,1652.95,10.81,1
3975,DECODE,241,0,241,1653.95,10.78,1
3976,DECODE,241,0,241,1654.95,10.83,1
3977,DECODE,241,0,241,1655.95,10.82,1
3978,DECODE,241,0,241,1656.95,10.85,1
3979,DECODE,241,0,241,1657.95,10.86,1
3980,DECODE,241,0,241,1658.95,10.86,1
3981,DECODE,241,0,241,1659.95,10.86,1
3982,DECODE,241,0,241,1660.95,10.84,1
3983,DECODE,241,0,241,1661.95,11.01,1
3984,DECODE,241,0,241,1662.95,10.96,1
3985,DECODE,241,0,241,1663.95,10.90,1
3986,DECODE,241,0,241,1664.95,10.82,1
3987,DECODE,241,0,241,1665.95,10.88,1
3988,DECODE,241,0,241,1666.95,10.88,1
3989,DECODE,241,0,241,1667.95,10.86,1
3990,DECODE,241,0,241,1668.95,10.89,1
3991,DECODE,241,0,241,1669.95,10.90,1
3992,DECODE,240,0,240,1670.40,12.50,1
3993,DECODE,240,0,240,1671.40,11.17,1
3994,DECODE,240,0,240,1672.40,10.95,1
3995,DECODE,240,0,240,1673.40,10.09,1
3996,DECODE,240,0,240,1674.40,9.80,1
3997,DECODE,240,0,240,1675.40,9.79,1
3998,DECODE,240,0,240,1676.40,9.79,1
3999,DECODE,240,0,240,1677.40,9.77,1
4000,DECODE,240,0,240,1678.40,9.76,1
4001,DECODE,240,0,240,1679.40,10.21,1
4002,DECODE,240,0,240,1680.40,10.64,1
4003,DECODE,240,0,240,1681.40,10.73,1
4004,DECODE,240,0,240,1682.40,10.64,1
4005,DECODE,240,0,240,1683.40,10.79,1
4006,DECODE,240,0,240,1684.40,10.69,1
4007,DECODE,240,0,240,1685.40,10.90,1
4008,DECODE,240,0,240,1686.40,10.82,1
4009,DECODE,240,0,240,1687.40,10.97,1
4010,DECODE,240,0,240,1688.40,10.85,1
4011,DECODE,239,0,239,1689.09,11.13,1
4012,DECODE,239,0,239,1690.09,10.80,1
4013,DECODE,239,0,239,1691.09,10.85,1
4014,DECODE,239,0,239,1692.09,10.77,1
4015,DECODE,239,0,239,1693.09,10.75,1
4016,DECODE,239,0,239,1694.09,10.69,1
4017,DECODE,239,0,239,1695.09,10.77,1
4018,DECODE,239,0,239,1696.09,10.71,1
4019,DECODE,239,0,239,1697.09,10.79,1
4020,DECODE,239,0,239,1698.09,10.94,1
4021,DECODE,239,0,239,1699.09,10.78,1
4022,DECODE,239,0,239,1700.09,10.79,1
4023,DECODE,239,0,239,1701.09,10.73,1
4024,DECODE,239,0,239,1702.09,10.74,1
4025,DECODE,239,0,239,1703.09,10.78,1
4026,DECODE,239,0,239,1704.09,10.77,1
4027,DECODE,239,0,239,1705.09,10.87,1
4028,DECODE,239,0,239,1706.09,10.83,1
4029,DECODE,239,0,239,1707.09,10.37,1
4030,DECODE,239,0,239,1708.09,10.80,1
4031,DECODE,239,0,239,1709.09,10.92,1
4032,DECODE,239,0,239,1710.09,10.83,1
4033,DECODE,239,0,239,1711.09,10.81,1
4034,DECODE,239,0,239,1712.09,10.80,1
4035,DECODE,239,0,239,1713.09,10.76,1
4036,DECODE,239,0,239,1714.09,10.81,1
4037,DECODE,239,0,239,1715.09,10.84,1
4038,DECODE,239,0,239,1716.09,10.78,1
4039,DECODE,239,0,239,1717.09,10.84,1
4040,DECODE,239,0,239,1718.09,10.69,1
4041,DECODE,239,0,239,1719.09,10.81,1
4042,DECODE,239,0,239,1720.09,11.62,1
4043,DECODE,239,0,239,1721.09,11.60,1
4044,DECODE,239,0,239,1722.09,11.54,1
4045,DECODE,239,0,239,1723.09,11.59,1
4046,DECODE,239,0,239,1724.09,10.88,1
4047,DECODE,239,0,239,1725.09,10.89,1
4048,DECODE,239,0,239,1726.09,10.86,1
4049,DECODE,239,0,239,1727.09,10.45,1
4050,DECODE,239,0,239,1728.09,10.88,1
4051,DECODE,239,0,239,1729.09,10.98,1
4052,DECODE,239,0,239,1730.09,10.88,1
4053,DECODE,239,0,239,1731.09,10.90,1
4054,DECODE,239,0,239,1732.09,10.83,1
4055,DECODE,239,0,239,1733.09,10.90,1
4056,DECODE,239,0,239,1734.09,11.23,1
4057,DECODE,239,0,239,1735.09,10.86,1
4058,DECODE,239,0,239,1736.09,10.91,1
4059,DECODE,239,0,239,1737.09,10.86,1
4060,DECODE,239,0,239,1738.09,10.89,1
4061,DECODE,239,0,239,1739.09,10.79,1
4062,DECODE,239,0,239,1740.09,10.94,1
4063,DECODE,239,0,239,1741.09,10.92,1
4064,DECODE,239,0,239,1742.09,11.05,1
4065,DECODE,239,0,239,1743.09,10.91,1
4066,DECODE,239,0,239,1744.09,10.92,1
4067,DECODE,239,0,239,1745.09,11.03,1
4068,DECODE,239,0,239,1746.09,10.94,1
4069,DECODE,239,0,239,1747.09,11.01,1
4070,DECODE,239,0,239,1748.09,10.96,1
4071,DECODE,239,0,239,1749.09,10.88,1
4072,DECODE,239,0,239,1750.09,10.96,1
4073,DECODE,239,0,239,1751.09,10.95,1
4074,DECODE,239,0,239,1752.09,10.98,1
4075,DECODE,239,0,239,1753.09,10.97,1
4076,DECODE,239,0,239,1754.09,10.94,1
4077,DECODE,239,0,239,1755.09,11.02,1
4078,DECODE,239,0,239,1756.09,10.90,1
4079,DECODE,239,0,239,1757.09,10.96,1
4080,DECODE,238,0,238,1757.56,11.24,1
4081,DECODE,238,0,238,1758.56,10.98,1
4082,DECODE,238,0,238,1759.56,11.19,1
4083,DECODE,238,0,238,1760.56,10.97,1
4084,DECODE,238,0,238,1761.56,10.99,1
4085,DECODE,238,0,238,1762.56,10.92,1
4086,DECODE,238,0,238,1763.56,10.97,1
4087,DECODE,238,0,238,1764.56,10.94,1
4088,DECODE,238,0,238,1765.56,11.03,1
4089,DECODE,238,0,238,1766.56,10.99,1
4090,DECODE,238,0,238,1767.56,11.01,1
4091,DECODE,238,0,238,1768.56,10.92,1
4092,DECODE,238,0,238,1769.56,11.03,1
4093,DECODE,238,0,238,1770.56,10.85,1
4094,DECODE,238,0,238,1771.56,10.94,1
4095,DECODE,238,0,238,1772.56,11.11,1
4096,DECODE,238,0,238,1773.56,10.94,1
4097,DECODE,238,0,238,1774.56,11.06,1
4098,DECODE,238,0,238,1775.56,10.97,1
4099,DECODE,238,0,238,1776.56,11.06,1
4100,DECODE,238,0,238,1777.56,11.03,1
4101,DECODE,238,0,238,1778.56,10.96,1
4102,DECODE,237,0,237,1778.44,11.24,1
4103,DECODE,237,0,237,1779.44,11.19,1
4104,DECODE,237,0,237,1780.44,11.14,1
4105,DECODE,237,0,237,1781.44,10.97,1
4106,DECODE,237,0,237,1782.44,10.97,1
4107,DECODE,237,0,237,1783.44,10.97,1
4108,DECODE,237,0,237,1784.44,11.05,1
4109,DECODE,237,0,237,1785.44,10.98,1
4110,DECODE,237,0,237,1786.44,10.99,1
4111,DECODE,237,0,237,1787.44,11.01,1
4112,DECODE,237,0,237,1788.44,11.04,1
4113,DECODE,237,0,237,1789.44,11.02,1
4114,DECODE,237,0,237,1790.44,10.90,1
4115,DECODE,237,0,237,1791.44,11.02,1
4116,DECODE,237,0,237,1792.44,11.07,1
4117,DECODE,236,0,236,1792.74,11.35,1
4118,DECODE,235,0,235,1791.96,11.47,1
4119,DECODE,235,0,235,1792.96,10.92,1
4120,DECODE,235,0,235,1793.96,11.00,1
4121,DECODE,235,0,235,1794.96,10.95,1
4122,DECODE,235,0,235,1795.96,10.99,1
4123,DECODE,235,0,235,1796.96,10.91,1
4124,DECODE,235,0,235,1797.96,10.98,1
4125,DECODE,235,0,235,1798.96,10.97,1
4126,DECODE,235,0,235,1799.96,11.04,1
4127,DECODE,235,0,235,1800.96,11.01,1
4128,DECODE,235,0,235,1801.96,11.06,1
4129,DECODE,235,0,235,1802.96,11.10,1
4130,DECODE,235,0,235,1803.96,10.98,1
4131,DECODE,235,0,235,1804.96,11.03,1
4132,DECODE,235,0,235,1805.96,10.99,1
4133,DECODE,235,0,235,1806.96,11.00,1
4134,DECODE,235,0,235,1807.96,10.98,1
4135,DECODE,235,0,235,1808.96,11.05,1
4136,DECODE,235,0,235,1809.96,11.07,1
4137,DECODE,235,0,235,1810.96,11.12,1
4138,DECODE,235,0,235,1811.96,10.93,1
4139,DECODE,235,0,235,1812.96,10.24,1
4140,DECODE,235,0,235,1813.96,10.30,1
4141,DECODE,235,0,235,1814.96,10.48,1
4142,DECODE,235,0,235,1815.96,10.39,1
4143,DECODE,235,0,235,1816.96,10.41,1
4144,DECODE,235,0,235,1817.96,10.41,1
4145,DECODE,235,0,235,1818.96,10.44,1
4146,DECODE,235,0,235,1819.96,10.46,1
4147,DECODE,235,0,235,1820.96,10.41,1
4148,DECODE,235,0,235,1821.96,10.40,1
4149,DECODE,235,0,235,1822.96,10.44,1
4150,DECODE,235,0,235,1823.96,10.46,1
4151,DECODE,235,0,235,1824.96,10.40,1
4152,DECODE,235,0,235,1825.96,10.41,1
4153,DECODE,235,0,235,1826.96,10.47,1
4154,DECODE,235,0,235,1827.96,10.45,1
4155,DECODE,235,0,235,1828.96,10.51,1
4156,DECODE,235,0,235,1829.96,10.47,1
4157,DECODE,235,0,235,1830.96,10.56,1
4158,DECODE,235,0,235,1831.96,10.54,1
4159,DECODE,235,0,235,1832.96,10.57,1
4160,DECODE,235,0,235,1833.96,10.37,1
4161,DECODE,235,0,235,1834.96,10.60,1
4162,DECODE,235,0,235,1835.96,10.48,1
4163,DECODE,235,0,235,1836.96,10.58,1
4164,DECODE,235,0,235,1837.96,10.48,1
4165,DECODE,235,0,235,1838.96,10.55,1
4166,DECODE,234,0,234,1838.99,10.63,1
4167,DECODE,234,0,234,1839.99,10.54,1
4168,DECODE,234,0,234,1840.99,10.49,1
4169,DECODE,234,0,234,1841.99,10.58,1
4170,DECODE,233,0,233,1844.28,10.66,1
4171,DECODE,233,0,233,1845.28,10.57,1
4172,DECODE,233,0,233,1846.28,10.45,1
4173,DECODE,233,0,233,1847.28,10.62,1
4174,DECODE,233,0,233,1848.28,10.48,1
4175,DECODE,233,0,233,1849.28,10.58,1
4176,DECODE,233,0,233,1850.28,10.46,1
4177,DECODE,233,0,233,1851.28,10.59,1
4178,DECODE,233,0,233,1852.28,10.48,1
4179,DECODE,233,0,233,1853.28,10.55,1
4180,DECODE,233,0,233,1854.28,10.53,1
4181,DECODE,233,0,233,1855.28,10.58,1
4182,DECODE,233,0,233,1856.28,10.54,1
4183,DECODE,233,0,233,1857.28,10.50,1
4184,DECODE,233,0,233,1858.28,11.07,1
4185,DECODE,233,0,233,1859.28,11.03,1
4186,DECODE,233,0,233,1860.28,11.06,1
4187,DECODE,233,0,233,1861.28,11.03,1
4188,DECODE,233,0,233,1862.28,11.07,1
4189,DECODE,233,0,233,1863.28,11.05,1
4190,DECODE,233,0,233,1864.28,10.99,1
4191,DECODE,233,0,233,1865.28,11.10,1
4192,DECODE,233,0,233,1866.28,11.08,1
4193,DECODE,232,0,232,1869.09,11.46,1
4194,DECODE,232,0,232,1870.09,11.18,1
4195,DECODE,232,0,232,1871.09,11.14,1
4196,DECODE,232,0,232,1872.09,11.10,1
4197,DECODE,232,0,232,1873.09,11.08,1
4198,DECODE,232,0,232,1874.09,11.05,1
4199,DECODE,232,0,232,1875.09,11.07,1
4200,DECODE,232,0,232,1876.09,11.14,1
4201,DECODE,232,0,232,1877.09,11.16,1
4202,DECODE,232,0,232,1878.09,11.06,1
4203,DECODE,232,0,232,1879.09,11.08,1
4204,DECODE,232,0,232,1880.09,11.06,1
4205,DECODE,232,0,232,1881.09,11.10,1
4206,DECODE,232,0,232,1882.09,10.57,1
4207,DECODE,232,0,232,1883.09,10.56,1
4208,DECODE,232,0,232,1884.09,10.57,1
4209,DECODE,232,0,232,1885.09,10.60,1
4210,DECODE,232,0,232,1886.09,10.61,1
4211,DECODE,232,0,232,1887.09,10.60,1
4212,DECODE,232,0,232,1888.09,10.60,1
4213,DECODE,232,0,232,1889.09,10.66,1
4214,DECODE,232,0,232,1890.09,10.57,1
4215,DECODE,232,0,232,1891.09,10.61,1
4216,DECODE,232,0,232,1892.09,10.61,1
4217,DECODE,232,0,232,1893.09,10.60,1
4218,DECODE,232,0,232,1894.09,10.64,1
4219,DECODE,232,0,232,1895.09,10.61,1
4220,DECODE,232,0,232,1896.09,10.60,1
4221,DECODE,232,0,232,1897.09,10.68,1
4222,DECODE,232,0,232,1898.09,10.63,1
4223,DECODE,232,0,232,1899.09,10.63,1
4224,DECODE,232,0,232,1900.09,10.63,1
4225,DECODE,232,0,232,1901.09,10.60,1
4226,DECODE,232,0,232,1902.09,10.70,1
4227,DECODE,232,0,232,1903.09,10.84,1
4228,DECODE,232,0,232,1904.09,10.84,1
4229,DECODE,232,0,232,1905.09,10.25,1
4230,DECODE,232,0,232,1906.09,10.86,1
4231,DECODE,231,0,231,1908.69,11.07,1
4232,DECODE,231,0,231,1909.69,10.79,1
4233,DECODE,231,0,231,1910.69,10.82,1
4234,DECODE,231,0,231,1911.69,10.85,1
4235,DECODE,231,0,231,1912.69,10.82,1
4236,DECODE,230,0,230,1913.53,11.00,1
4237,DECODE,229,0,229,1913.46,10.81,1
4238,DECODE,229,0,229,1914.46,10.82,1
4239,DECODE,229,0,229,1915.46,10.83,1
4240,DECODE,229,0,229,1916.46,10.79,1
4241,DECODE,229,0,229,1917.46,10.81,1
4242,DECODE,229,0,229,1918.46,10.81,1
4243,DECODE,229,0,229,1919.46,10.81,1
4244,DECODE,229,0,229,1920.46,10.48,1
4245,DECODE,229,0,229,1921.46,10.37,1
4246,DECODE,229,0,229,1922.46,10.45,1
4247,DECODE,229,0,229,1923.46,10.41,1
4248,DECODE,229,0,229,1924.46,10.37,1
4249,DECODE,229,0,229,1925.46,10.46,1
4250,DECODE,229,0,229,1926.46,10.38,1
4251,DECODE,229,0,229,1927.46,10.44,1
4252,DECODE,229,0,229,1928.46,11.55,1
4253,DECODE,229,0,229,1929.46,10.84,1
4254,DECODE,229,0,229,1930.46,10.63,1
4255,DECODE,229,0,229,1931.46,11.43,1
4256,DECODE,229,0,229,1932.46,11.23,1
4257,DECODE,229,0,229,1933.46,11.01,1
4258,DECODE,229,0,229,1934.46,11.20,1
4259,DECODE,229,0,229,1935.46,11.24,1
4260,DECODE,229,0,229,1936.46,11.42,1
4261,DECODE,229,0,229,1937.46,11.32,1
4262,DECODE,229,0,229,1938.46,11.36,1
4263,DECODE,229,0,229,1939.46,11.27,1
4264,DECODE,229,0,229,1940.46,11.32,1
4265,DECODE,229,0,229,1941.46,11.38,1
4266,DECODE,229,0,229,1942.46,11.26,1
4267,DECODE,229,0,229,1943.46,11.43,1
4268,DECODE,229,0,229,1944.46,11.33,1
4269,DECODE,229,0,229,1945.46,11.21,1
4270,DECODE,229,0,229,1946.46,11.38,1
4271,DECODE,229,0,229,1947.46,11.15,1
4272,DECODE,229,0,229,1948.46,11.44,1
4273,DECODE,229,0,229,1949.46,11.31,1
4274,DECODE,229,0,229,1950.46,11.48,1
4275,DECODE,229,0,229,1951.46,11.24,1
4276,DECODE,229,0,229,1952.46,11.31,1
4277,DECODE,229,0,229,1953.46,11.45,1
4278,DECODE,229,0,229,1954.46,11.38,1
4279,DECODE,229,0,229,1955.46,11.99,1
4280,DECODE,229,0,229,1956.46,11.49,1
4281,DECODE,229,0,229,1957.46,11.37,1
4282,DECODE,229,0,229,1958.46,11.61,1
4283,DECODE,229,0,229,1959.46,11.35,1
4284,DECODE,229,0,229,1960.46,11.54,1
4285,DECODE,229,0,229,1961.46,11.55,1
4286,DECODE,229,0,229,1962.46,11.42,1
4287,DECODE,229,0,229,1963.46,11.46,1
4288,DECODE,229,0,229,1964.46,11.30,1
4289,DECODE,229,0,229,1965.46,11.63,1
4290,DECODE,229,0,229,1966.46,11.31,1
4291,DECODE,229,0,229,1967.46,11.51,1
4292,DECODE,229,0,229,1968.46,11.49,1
4293,DECODE,229,0,229,1969.46,11.44,1
4294,DECODE,229,0,229,1970.46,11.48,1
4295,DECODE,229,0,229,1971.46,11.47,1
4296,DECODE,229,0,229,1972.46,11.41,1
4297,DECODE,229,0,229,1973.46,11.53,1
4298,DECODE,229,0,229,1974.46,11.32,1
4299,DECODE,229,0,229,1975.46,14.13,1
4300,DECODE,229,0,229,1976.46,12.11,1
4301,DECODE,229,0,229,1977.46,12.19,1
4302,DECODE,229,0,229,1978.46,12.13,1
4303,DECODE,229,0,229,1979.46,12.12,1
4304,DECODE,229,0,229,1980.46,12.14,1
4305,DECODE,229,0,229,1981.46,12.17,1
4306,DECODE,229,0,229,1982.46,11.42,1
4307,DECODE,228,0,228,1985.11,11.75,1
4308,DECODE,228,0,228,1986.11,11.38,1
4309,DECODE,228,0,228,1987.11,10.95,1
4310,DECODE,228,0,228,1988.11,11.22,1
4311,DECODE,228,0,228,1989.11,11.61,1
4312,DECODE,228,0,228,1990.11,11.44,1
4313,DECODE,228,0,228,1991.11,12.07,1
4314,DECODE,228,0,228,1992.11,12.16,1
4315,DECODE,228,0,228,1993.11,12.15,1
4316,DECODE,228,0,228,1994.11,12.07,1
4317,DECODE,228,0,228,1995.11,12.15,1
4318,DECODE,228,0,228,1996.11,12.14,1
4319,DECODE,228,0,228,1997.11,12.12,1
4320,DECODE,228,0,228,1998.11,12.14,1
4321,DECODE,228,0,228,1999.11,12.17,1
4322,DECODE,228,0,228,2000.11,12.15,1
4323,DECODE,228,0,228,2001.11,12.14,1
4324,DECODE,228,0,228,2002.11,12.13,1
4325,DECODE,228,0,228,2003.11,12.22,1
4326,DECODE,228,0,228,2004.11,12.16,1
4327,DECODE,228,0,228,2005.11,12.19,1
4328,DECODE,228,0,228,2006.11,12.14,1
4329,DECODE,228,0,228,2007.11,12.20,1
4330,DECODE,228,0,228,2008.11,12.20,1
4331,DECODE,228,0,228,2009.11,12.20,1
4332,DECODE,228,0,228,2010.11,12.14,1
4333,DECODE,228,0,228,2011.11,11.54,1
4334,DECODE,228,0,228,2012.11,11.55,1
4335,DECODE,228,0,228,2013.11,11.51,1
4336,DECODE,228,0,228,2014.11,11.53,1
4337,DECODE,228,0,228,2015.11,11.56,1
4338,DECODE,228,0,228,2016.11,11.44,1
4339,DECODE,228,0,228,2017.11,11.51,1
4340,DECODE,228,0,228,2018.11,11.52,1
4341,DECODE,228,0,228,2019.11,11.63,1
4342,DECODE,228,0,228,2020.11,11.54,1
4343,DECODE,228,0,228,2021.11,11.57,1
4344,DECODE,228,0,228,2022.11,11.63,1
4345,DECODE,228,0,228,2023.11,11.54,1
4346,DECODE,228,0,228,2024.11,11.55,1
4347,DECODE,228,0,228,2025.11,11.64,1
4348,DECODE,228,0,228,2026.11,11.62,1
4349,DECODE,228,0,228,2027.11,11.55,1
4350,DECODE,228,0,228,2028.11,11.57,1
4351,DECODE,227,0,227,2030.44,11.75,1
4352,DECODE,226,0,226,2033.59,11.79,1
4353,DECODE,226,0,226,2034.59,11.63,1
4354,DECODE,226,0,226,2035.59,11.56,1
4355,DECODE,226,0,226,2036.59,11.56,1
4356,DECODE,226,0,226,2037.59,11.60,1
4357,DECODE,226,0,226,2038.59,11.54,1
4358,DECODE,226,0,226,2039.59,11.53,1
4359,DECODE,226,0,226,2040.59,11.54,1
4360,DECODE,226,0,226,2041.59,11.51,1
4361,DECODE,226,0,226,2042.59,11.67,1
4362,DECODE,226,0,226,2043.59,11.54,1
4363,DECODE,226,0,226,2044.59,11.75,1
4364,DECODE,226,0,226,2045.59,11.53,1
4365,DECODE,226,0,226,2046.59,11.64,1
4366,DECODE,226,0,226,2047.59,11.64,1
4367,DECODE,226,0,226,2048.59,11.69,1
4368,DECODE,226,0,226,2049.59,11.61,1
4369,DECODE,226,0,226,2050.59,11.66,1
4370,DECODE,226,0,226,2051.59,11.63,1
4371,DECODE,226,0,226,2052.59,11.63,1
4372,DECODE,226,0,226,2053.59,11.65,1
4373,DECODE,226,0,226,2054.59,11.64,1
4374,DECODE,226,0,226,2055.59,11.70,1
4375,DECODE,226,0,226,2056.59,11.75,1
4376,DECODE,226,0,226,2057.59,11.60,1
4377,DECODE,226,0,226,2058.59,11.60,1
4378,DECODE,226,0,226,2059.59,13.66,1
4379,DECODE,226,0,226,2060.59,11.79,1
4380,DECODE,226,0,226,2061.59,11.71,1
4381,DECODE,226,0,226,2062.59,11.75,1
4382,DECODE,226,0,226,2063.59,11.57,1
4383,DECODE,226,0,226,2064.59,11.70,1
4384,DECODE,226,0,226,2065.59,11.65,1
4385,DECODE,226,0,226,2066.59,11.81,1
4386,DECODE,226,0,226,2067.59,11.69,1
4387,DECODE,226,0,226,2068.59,11.74,1
4388,DECODE,226,0,226,2069.59,11.63,1
4389,DECODE,226,0,226,2070.59,11.71,1
4390,DECODE,226,0,226,2071.59,11.74,1
4391,DECODE,226,0,226,2072.59,11.75,1
4392,DECODE,225,0,225,2075.40,12.09,1
4393,DECODE,225,0,225,2076.40,11.74,1
4394,DECODE,225,0,225,2077.40,11.74,1
4395,DECODE,225,0,225,2078.40,11.73,1
4396,DECODE,225,0,225,2079.40,11.84,1
4397,DECODE,225,0,225,2080.40,11.92,1
4398,DECODE,225,0,225,2081.40,11.84,1
4399,DECODE,225,0,225,2082.40,11.77,1
4400,DECODE,225,0,225,2083.40,11.73,1
4401,DECODE,225,0,225,2084.40,11.75,1
4402,DECODE,225,0,225,2085.40,11.73,1
4403,DECODE,225,0,225,2086.40,11.76,1
4404,DECODE,225,0,225,2087.40,11.75,1
4405,DECODE,225,0,225,2088.40,11.69,1
4406,DECODE,225,0,225,2089.40,11.89,1
4407,DECODE,225,0,225,2090.40,11.94,1
4408,DECODE,225,0,225,2091.40,11.99,1
4409,DECODE,225,0,225,2092.40,11.74,1
4410,DECODE,225,0,225,2093.40,11.87,1
4411,DECODE,225,0,225,2094.40,11.86,1
4412,DECODE,225,0,225,2095.40,11.86,1
4413,DECODE,225,0,225,2096.40,11.91,1
4414,DECODE,225,0,225,2097.40,11.70,1
4415,DECODE,225,0,225,2098.40,11.74,1
4416,DECODE,225,0,225,2099.40,11.88,1
4417,DECODE,224,0,224,2098.35,11.93,1
4418,DECODE,224,0,224,2099.35,11.78,1
4419,DECODE,223,0,223,2098.28,11.92,1
4420,DECODE,223,0,223,2099.28,11.83,1
4421,DECODE,223,0,223,2100.28,11.66,1
4422,DECODE,223,0,223,2101.28,11.65,1
4423,DECODE,223,0,223,2102.28,11.90,1
4424,DECODE,223,0,223,2103.28,11.65,1
4425,DECODE,223,0,223,2104.28,11.82,1
4426,DECODE,223,0,223,2105.28,11.67,1
4427,DECODE,223,0,223,2106.28,11.54,1
4428,DECODE,223,0,223,2107.28,11.56,1
4429,DECODE,223,0,223,2108.28,11.48,1
4430,DECODE,223,0,223,2109.28,11.63,1
4431,DECODE,223,0,223,2110.28,11.47,1
4432,DECODE,223,0,223,2111.28,11.68,1
4433,DECODE,222,0,222,2110.26,11.77,1
4434,DECODE,222,0,222,2111.26,11.58,1
4435,DECODE,221,0,221,2110.23,11.02,1
4436,DECODE,221,0,221,2111.23,11.56,1
4437,DECODE,221,0,221,2112.23,11.70,1
4438,DECODE,221,0,221,2113.23,11.61,1
4439,DECODE,221,0,221,2114.23,10.87,1
4440,DECODE,220,0,220,2113.20,10.76,1
4441,DECODE,220,0,220,2114.20,10.68,1
4442,DECODE,220,0,220,2115.20,10.64,1
4443,DECODE,220,0,220,2116.20,10.74,1
4444,DECODE,220,0,220,2117.20,10.69,1
4445,DECODE,220,0,220,2118.20,11.78,1
4446,DECODE,220,0,220,2119.20,10.67,1
4447,DECODE,219,0,219,2122.16,10.73,1
4448,DECODE,219,0,219,2123.16,10.62,1
4449,DECODE,219,0,219,2124.16,10.71,1
4450,DECODE,219,0,219,2125.16,10.75,1
4451,DECODE,219,0,219,2126.16,10.65,1
4452,DECODE,219,0,219,2127.16,10.65,1
4453,DECODE,219,0,219,2128.16,10.82,1
4454,DECODE,219,0,219,2129.16,10.69,1
4455,DECODE,219,0,219,2130.16,10.81,1
4456,DECODE,219,0,219,2131.16,10.75,1
4457,DECODE,219,0,219,2132.16,10.88,1
4458,DECODE,219,0,219,2133.16,10.68,1
4459,DECODE,219,0,219,2134.16,10.76,1
4460,DECODE,219,0,219,2135.16,10.77,1
4461,DECODE,219,0,219,2136.16,10.82,1
4462,DECODE,219,0,219,2137.16,10.80,1
4463,DECODE,219,0,219,2138.16,10.80,1
4464,DECODE,219,0,219,2139.16,10.71,1
4465,DECODE,219,0,219,2140.16,10.85,1
4466,DECODE,219,0,219,2141.16,10.73,1
4467,DECODE,219,0,219,2142.16,10.84,1
4468,DECODE,219,0,219,2143.16,10.78,1
4469,DECODE,219,0,219,2144.16,10.86,1
4470,DECODE,219,0,219,2145.16,10.76,1
4471,DECODE,219,0,219,2146.16,10.80,1
4472,DECODE,219,0,219,2147.16,10.74,1
4473,DECODE,219,0,219,2148.16,10.86,1
4474,DECODE,219,0,219,2149.16,10.72,1
4475,DECODE,219,0,219,2150.16,10.86,1
4476,DECODE,219,0,219,2151.16,10.80,1
4477,DECODE,219,0,219,2152.16,10.86,1
4478,DECODE,219,0,219,2153.16,11.50,1
4479,DECODE,219,0,219,2154.16,11.65,1
4480,DECODE,219,0,219,2155.16,11.58,1
4481,DECODE,219,0,219,2156.16,11.64,1
4482,DECODE,219,0,219,2157.16,11.66,1
4483,DECODE,219,0,219,2158.16,11.67,1
4484,DECODE,219,0,219,2159.16,11.58,1
4485,DECODE,219,0,219,2160.16,11.65,1
4486,DECODE,219,0,219,2161.16,11.68,1
4487,DECODE,219,0,219,2162.16,11.68,1
4488,DECODE,219,0,219,2163.16,11.65,1
4489,DECODE,219,0,219,2164.16,11.74,1
4490,DECODE,219,0,219,2165.16,11.74,1
4491,DECODE,219,0,219,2166.16,11.74,1
4492,DECODE,219,0,219,2167.16,11.67,1
4493,DECODE,219,0,219,2168.16,11.70,1
4494,DECODE,219,0,219,2169.16,11.66,1
4495,DECODE,219,0,219,2170.16,11.69,1
4496,DECODE,219,0,219,2171.16,11.52,1
4497,DECODE,219,0,219,2172.16,11.84,1
4498,DECODE,219,0,219,2173.16,11.67,1
4499,DECODE,219,0,219,2174.16,11.72,1
4500,DECODE,219,0,219,2175.16,11.86,1
4501,DECODE,219,0,219,2176.16,11.80,1
4502,DECODE,219,0,219,2177.16,11.22,1
4503,DECODE,219,0,219,2178.16,11.71,1
4504,DECODE,219,0,219,2179.16,11.67,1
4505,DECODE,219,0,219,2180.16,11.75,1
4506,DECODE,219,0,219,2181.16,11.70,1
4507,DECODE,219,0,219,2182.16,11.64,1
4508,DECODE,219,0,219,2183.16,11.65,1
4509,DECODE,219,0,219,2184.16,11.79,1
4510,DECODE,219,0,219,2185.16,12.01,1
4511,DECODE,219,0,219,2186.16,11.82,1
4512,DECODE,219,0,219,2187.16,11.71,1
4513,DECODE,219,0,219,2188.16,11.62,1
4514,DECODE,219,0,219,2189.16,11.74,1
4515,DECODE,218,0,218,2188.46,12.01,1
4516,DECODE,218,0,218,2189.46,10.89,1
4517,DECODE,218,0,218,2190.46,10.84,1
4518,DECODE,218,0,218,2191.46,10.74,1
4519,DECODE,218,0,218,2192.46,10.85,1
4520,DECODE,218,0,218,2193.46,10.83,1
4521,DECODE,218,0,218,2194.46,10.98,1
4522,DECODE,218,0,218,2195.46,10.84,1
4523,DECODE,218,0,218,2196.46,10.82,1
4524,DECODE,218,0,218,2197.46,11.76,1
4525,DECODE,218,0,218,2198.46,11.76,1
4526,DECODE,218,0,218,2199.46,11.82,1
4527,DECODE,218,0,218,2200.46,11.73,1
4528,DECODE,218,0,218,2201.46,11.82,1
4529,DECODE,218,0,218,2202.46,11.69,1
4530,DECODE,218,0,218,2203.46,11.85,1
4531,DECODE,218,0,218,2204.46,11.76,1
4532,DECODE,218,0,218,2205.46,11.79,1
4533,DECODE,218,0,218,2206.46,11.89,1
4534,DECODE,218,0,218,2207.46,11.94,1
4535,DECODE,218,0,218,2208.46,11.82,1
4536,DECODE,218,0,218,2209.46,11.83,1
4537,DECODE,218,0,218,2210.46,11.81,1
4538,DECODE,218,0,218,2211.46,11.78,1
4539,DECODE,218,0,218,2212.46,11.76,1
4540,DECODE,218,0,218,2213.46,11.79,1
4541,DECODE,217,0,217,2212.87,10.89,1
4542,DECODE,217,0,217,2213.87,10.93,1
4543,DECODE,217,0,217,2214.87,10.83,1
4544,DECODE,216,0,216,2214.27,11.60,1
4545,DECODE,216,0,216,2215.27,10.67,1
4546,DECODE,216,0,216,2216.27,10.73,1
4547,DECODE,216,0,216,2217.27,10.76,1
4548,DECODE,216,0,216,2218.27,10.72,1
4549,DECODE,216,0,216,2219.27,10.77,1
4550,DECODE,216,0,216,2220.27,10.75,1
4551,DECODE,216,0,216,2221.27,10.87,1
4552,DECODE,216,0,216,2222.27,10.81,1
4553,DECODE,216,0,216,2223.27,10.87,1
4554,DECODE,216,0,216,2224.27,10.78,1
4555,DECODE,216,0,216,2225.27,10.88,1
4556,DECODE,216,0,216,2226.27,10.84,1
4557,DECODE,216,0,216,2227.27,10.87,1
4558,DECODE,216,0,216,2228.27,10.80,1
4559,DECODE,216,0,216,2229.27,11.86,1
4560,DECODE,216,0,216,2230.27,11.77,1
4561,DECODE,216,0,216,2231.27,11.81,1
4562,DECODE,216,0,216,2232.27,11.66,1
4563,DECODE,216,0,216,2233.27,11.79,1
4564,DECODE,216,0,216,2234.27,11.74,1
4565,DECODE,216,0,216,2235.27,11.73,1
4566,DECODE,216,0,216,2236.27,11.76,1
4567,DECODE,216,0,216,2237.27,11.41,1
4568,DECODE,216,0,216,2238.27,11.75,1
4569,DECODE,215,0,215,2237.77,12.04,1
4570,DECODE,215,0,215,2238.77,12.49,1
4571,DECODE,215,0,215,2239.77,12.55,1
4572,DECODE,215,0,215,2240.77,12.45,1
4573,DECODE,214,0,214,2240.28,13.07,1
4574,DECODE,214,0,214,2241.28,12.60,1
4575,DECODE,214,0,214,2242.28,12.65,1
4576,DECODE,214,0,214,2243.28,12.56,1
4577,DECODE,214,0,214,2244.28,11.84,1
4578,DECODE,214,0,214,2245.28,11.99,1
4579,DECODE,214,0,214,2246.28,11.76,1
4580,DECODE,214,0,214,2247.28,11.91,1
4581,DECODE,214,0,214,2248.28,11.89,1
4582,DECODE,214,0,214,2249.28,11.90,1
4583,DECODE,214,0,214,2250.28,11.21,1
4584,DECODE,214,0,214,2251.28,11.13,1
4585,DECODE,214,0,214,2252.28,11.15,1
4586,DECODE,213,0,213,2255.04,11.31,1
4587,DECODE,213,0,213,2256.04,11.13,1
4588,DECODE,213,0,213,2257.04,11.14,1
4589,DECODE,213,0,213,2258.04,11.15,1
4590,DECODE,213,0,213,2259.04,11.14,1
4591,DECODE,213,0,213,2260.04,11.15,1
4592,DECODE,212,0,212,2259.62,11.27,1
4593,DECODE,211,0,211,2259.20,11.31,1
4594,DECODE,210,0,210,2258.77,11.26,1
4595,DECODE,210,0,210,2259.77,11.12,1
4596,DECODE,210,0,210,2260.77,11.14,1
4597,DECODE,210,0,210,2261.77,11.13,1
4598,DECODE,209,0,209,2261.34,11.24,1
4599,DECODE,209,0,209,2262.34,11.12,1
4600,DECODE,209,0,209,2263.34,11.14,1
4601,DECODE,209,0,209,2264.34,11.13,1
4602,DECODE,209,0,209,2265.34,10.94,1
4603,DECODE,209,0,209,2266.34,10.91,1
4604,DECODE,209,0,209,2267.34,11.04,1
4605,DECODE,209,0,209,2268.34,10.89,1
4606,DECODE,209,0,209,2269.34,10.92,1
4607,DECODE,209,0,209,2270.34,10.95,1
4608,DECODE,209,0,209,2271.34,11.00,1
4609,DECODE,209,0,209,2272.34,10.89,1
4610,DECODE,208,0,208,2274.66,11.85,1
4611,DECODE,208,0,208,2275.66,10.82,1
4612,DECODE,208,0,208,2276.66,10.93,1
4613,DECODE,208,0,208,2277.66,10.92,1
4614,DECODE,208,0,208,2278.66,10.97,1
4615,DECODE,208,0,208,2279.66,11.03,1
4616,DECODE,208,0,208,2280.66,10.95,1
4617,DECODE,208,0,208,2281.66,11.17,1
4618,DECODE,208,0,208,2282.66,11.18,1
4619,DECODE,208,0,208,2283.66,11.21,1
4620,DECODE,208,0,208,2284.66,11.19,1
4621,DECODE,207,0,207,2284.33,11.42,1
4622,DECODE,207,0,207,2285.33,11.20,1
4623,DECODE,206,0,206,2285.00,11.37,1
4624,DECODE,204,0,204,2283.30,11.33,1
4625,DECODE,203,0,203,2282.94,11.38,1
4626,DECODE,202,0,202,2282.56,11.40,1
4627,DECODE,202,0,202,2283.56,11.19,1
4628,DECODE,200,0,200,2281.80,12.34,1
4629,DECODE,200,0,200,2282.80,10.94,1
4630,DECODE,197,0,197,2279.58,10.61,1
4631,DECODE,197,0,197,2280.58,10.55,1
4632,DECODE,196,0,196,2280.15,10.61,1
4633,DECODE,196,0,196,2281.15,10.60,1
4634,DECODE,195,0,195,2280.72,10.64,1
4635,DECODE,195,0,195,2281.72,10.49,1
4636,DECODE,194,0,194,2281.29,10.44,1
4637,DECODE,194,0,194,2282.29,10.36,1
4638,DECODE,192,0,192,2280.40,11.25,1
4639,DECODE,191,0,191,2279.93,10.35,1
4640,DECODE,190,0,190,2279.46,10.20,1
4641,DECODE,189,0,189,2278.97,10.29,1
4642,DECODE,189,0,189,2279.97,9.87,1
4643,DECODE,189,0,189,2280.97,9.87,1
4644,DECODE,188,0,188,2280.49,11.12,1
4645,DECODE,187,0,187,2279.99,11.04,1
4646,DECODE,186,0,186,2279.49,11.03,1
4647,DECODE,185,0,185,2278.97,10.94,1
4648,DECODE,182,0,182,2275.34,12.47,1
4649,DECODE,180,0,180,2273.18,10.95,1
4650,DECODE,179,0,179,2272.58,10.98,1
4651,DECODE,179,0,179,2273.58,11.59,1
4652,DECODE,179,0,179,2274.58,10.53,1
4653,DECODE,178,0,178,2273.97,10.87,1
4654,DECODE,177,0,177,2273.36,10.81,1
4655,DECODE,177,0,177,2274.36,10.60,1
4656,DECODE,177,0,177,2275.36,10.51,1
4657,DECODE,176,0,176,2274.74,10.58,1
4658,DECODE,175,0,175,2274.11,10.54,1
4659,DECODE,174,0,174,2273.47,10.57,1
4660,DECODE,174,0,174,2274.47,10.23,1
4661,DECODE,174,0,174,2275.47,10.22,1
4662,DECODE,173,0,173,2274.82,10.43,1
4663,DECODE,173,0,173,2275.82,10.28,1
4664,DECODE,172,0,172,2275.17,10.47,1
4665,DECODE,169,0,169,2271.11,10.47,1
4666,DECODE,169,0,169,2272.11,9.28,1
4667,DECODE,168,0,168,2271.40,9.41,1
4668,DECODE,167,0,167,2270.67,9.25,1
4669,DECODE,167,0,167,2271.67,9.30,1
4670,DECODE,166,0,166,2270.93,10.36,1
4671,DECODE,166,0,166,2271.93,12.76,1
4672,DECODE,166,0,166,2272.93,10.20,1
4673,DECODE,166,0,166,2273.93,10.24,1
4674,DECODE,164,0,164,2271.45,10.73,1
4675,DECODE,163,0,163,2270.67,10.71,1
4676,DECODE,163,0,163,2271.67,10.08,1
4677,DECODE,163,0,163,2272.67,9.20,1
4678,DECODE,163,0,163,2273.67,9.24,1
4679,DECODE,161,0,161,2271.12,10.59,1
4680,DECODE,158,0,158,2266.63,10.68,1
4681,DECODE,156,0,156,2263.87,10.44,1
4682,DECODE,156,0,156,2264.87,10.07,1
4683,DECODE,154,0,154,2262.04,10.21,1
4684,DECODE,154,0,154,2263.04,10.21,1
4685,DECODE,154,0,154,2264.04,9.96,1
4686,DECODE,154,0,154,2265.04,10.03,1
4687,DECODE,154,0,154,2266.04,9.92,1
4688,DECODE,153,0,153,2265.12,10.31,1
4689,DECODE,153,0,153,2266.12,10.18,1
4690,DECODE,153,0,153,2267.12,10.19,1
4691,DECODE,152,0,152,2266.19,10.21,1
4692,DECODE,152,0,152,2267.19,10.09,1
4693,DECODE,152,0,152,2268.19,9.92,1
4694,DECODE,152,0,152,2269.19,10.04,1
4695,DECODE,152,0,152,2270.19,9.92,1
4696,DECODE,152,0,152,2271.19,10.00,1
4697,DECODE,152,0,152,2272.19,9.92,1
4698,DECODE,151,0,151,2271.28,10.22,1
4699,DECODE,150,0,150,2271.94,10.19,1
4700,DECODE,150,0,150,2272.94,9.98,1
4701,DECODE,150,0,150,2273.94,9.88,1
4702,DECODE,149,0,149,2273.02,9.98,1
4703,DECODE,148,0,148,2272.08,10.15,1
4704,DECODE,148,0,148,2273.08,9.97,1
4705,DECODE,148,0,148,2274.08,10.03,1
4706,DECODE,147,0,147,2273.14,10.04,1
4707,DECODE,147,0,147,2274.14,10.00,1
4708,DECODE,147,0,147,2275.14,10.29,1
4709,DECODE,147,0,147,2276.14,10.30,1
4710,DECODE,147,0,147,2277.14,9.99,1
4711,DECODE,146,0,146,2276.20,10.26,1
4712,DECODE,146,0,146,2277.20,10.02,1
4713,DECODE,145,0,145,2276.25,10.21,1
4714,DECODE,144,0,144,2275.28,10.00,1
4715,DECODE,143,0,143,2274.29,9.88,1
4716,DECODE,143,0,143,2275.29,9.68,1
4717,DECODE,143,0,143,2276.29,9.80,1
4718,DECODE,143,0,143,2277.29,9.69,1
4719,DECODE,143,0,143,2278.29,9.58,1
4720,DECODE,143,0,143,2279.29,9.76,1
4721,DECODE,143,0,143,2280.29,9.75,1
4722,DECODE,143,0,143,2281.29,9.70,1
4723,DECODE,143,0,143,2282.29,9.71,1
4724,DECODE,142,0,142,2281.33,9.94,1
4725,DECODE,142,0,142,2282.33,9.82,1
4726,DECODE,142,0,142,2283.33,9.78,1
4727,DECODE,141,0,141,2282.37,9.89,1
4728,DECODE,139,0,139,2279.37,9.87,1
4729,DECODE,139,0,139,2280.37,9.63,1
4730,DECODE,139,0,139,2281.37,9.59,1
4731,DECODE,138,0,138,2280.36,9.88,1
4732,DECODE,137,0,137,2279.31,9.82,1
4733,DECODE,137,0,137,2280.31,9.65,1
4734,DECODE,137,0,137,2281.31,9.57,1
4735,DECODE,136,0,136,2280.26,9.75,1
4736,DECODE,134,0,134,2277.09,9.91,1
4737,DECODE,134,0,134,2278.09,9.60,1
4738,DECODE,133,0,133,2276.97,9.83,1
4739,DECODE,133,0,133,2277.97,9.45,1
4740,DECODE,133,0,133,2278.97,9.41,1
4741,DECODE,131,0,131,2275.68,9.74,1
4742,DECODE,130,0,130,2274.49,9.20,1
4743,DECODE,130,0,130,2275.49,8.79,1
4744,DECODE,130,0,130,2276.49,8.77,1
4745,DECODE,129,0,129,2275.29,8.96,1
4746,DECODE,129,0,129,2276.29,8.85,1
4747,DECODE,128,0,128,2275.08,8.91,1
4748,DECODE,128,0,128,2276.08,8.67,1
4749,DECODE,128,0,128,2277.08,8.52,1
4750,DECODE,127,0,127,2275.85,8.84,1
4751,DECODE,127,0,127,2276.85,8.60,1
4752,DECODE,126,0,126,2275.60,8.79,1
4753,DECODE,124,0,124,2272.02,8.74,1
4754,DECODE,124,0,124,2273.02,8.57,1
4755,DECODE,124,0,124,2274.02,8.50,1
4756,DECODE,124,0,124,2275.02,8.44,1
4757,DECODE,123,0,123,2273.70,8.65,1
4758,DECODE,122,0,122,2272.35,8.77,1
4759,DECODE,122,0,122,2273.35,9.24,1
4760,DECODE,121,0,121,2271.98,9.05,1
4761,DECODE,121,0,121,2272.98,8.85,1
4762,DECODE,121,0,121,2273.98,7.83,1
4763,DECODE,121,0,121,2274.98,7.53,1
4764,DECODE,121,0,121,2275.98,7.59,1
4765,DECODE,121,0,121,2276.98,7.60,1
4766,DECODE,121,0,121,2277.98,7.56,1
4767,DECODE,121,0,121,2278.98,7.62,1
4768,DECODE,121,0,121,2279.98,7.57,1
4769,DECODE,119,0,119,2276.28,7.53,1
4770,DECODE,119,0,119,2277.28,7.49,1
4771,DECODE,118,0,118,2275.88,7.41,1
4772,DECODE,118,0,118,2276.88,7.44,1
4773,DECODE,117,0,117,2275.46,7.37,1
4774,DECODE,117,0,117,2276.46,7.43,1
4775,DECODE,116,0,116,2275.02,7.53,1
4776,DECODE,116,0,116,2276.02,7.37,1
4777,DECODE,116,0,116,2277.02,7.53,1
4778,DECODE,114,0,114,2273.05,7.37,1
4779,DECODE,114,0,114,2274.05,7.55,1
4780,DECODE,114,0,114,2275.05,8.00,1
4781,DECODE,114,0,114,2276.05,8.71,1
4782,DECODE,114,0,114,2277.05,7.88,1
4783,DECODE,114,0,114,2278.05,8.21,1
4784,DECODE,114,0,114,2279.05,8.24,1
4785,DECODE,113,0,113,2277.57,8.39,1
4786,DECODE,113,0,113,2278.57,8.18,1
4787,DECODE,113,0,113,2279.57,8.22,1
4788,DECODE,113,0,113,2280.57,8.35,1
4789,DECODE,113,0,113,2281.57,8.29,1
4790,DECODE,111,0,111,2277.55,8.32,1
4791,DECODE,111,0,111,2278.55,8.14,1
4792,DECODE,111,0,111,2279.55,8.08,1
4793,DECODE,110,0,110,2278.00,8.26,1
4794,DECODE,110,0,110,2279.00,8.13,1
4795,DECODE,109,0,109,2277.42,8.45,1
4796,DECODE,108,0,108,2275.81,8.38,1
4797,DECODE,108,0,108,2276.81,8.18,1
4798,DECODE,108,0,108,2277.81,8.19,1
4799,DECODE,108,0,108,2278.81,8.23,1
4800,DECODE,108,0,108,2279.81,8.16,1
4801,DECODE,107,0,107,2278.19,8.41,1
4802,DECODE,107,0,107,2279.19,8.12,1
4803,DECODE,106,0,106,2277.54,8.39,1
4804,DECODE,106,0,106,2278.54,8.10,1
4805,DECODE,106,0,106,2279.54,8.23,1
4806,DECODE,106,0,106,2280.54,8.13,1
4807,DECODE,106,0,106,2281.54,8.13,1
4808,DECODE,106,0,106,2282.54,8.23,1
4809,DECODE,106,0,106,2283.54,8.20,1
4810,DECODE,106,0,106,2284.54,8.05,1
4811,DECODE,106,0,106,2285.54,8.18,1
4812,DECODE,105,0,105,2283.92,8.32,1
4813,DECODE,105,0,105,2284.92,8.17,1
4814,DECODE,104,0,104,2283.28,8.33,1
4815,DECODE,104,0,104,2284.28,8.21,1
4816,DECODE,104,0,104,2285.28,8.05,1
4817,DECODE,103,0,103,2283.61,8.39,1
4818,DECODE,103,0,103,2284.61,8.70,1
4819,DECODE,103,0,103,2285.61,8.17,1
4820,DECODE,103,0,103,2286.61,8.06,1
4821,DECODE,103,0,103,2287.61,7.97,1
4822,DECODE,101,0,101,2283.22,9.03,1
4823,DECODE,101,0,101,2284.22,8.08,1
4824,DECODE,100,0,100,2282.46,8.16,1
4825,DECODE,99,0,99,2280.66,8.14,1
4826,DECODE,98,0,98,2278.81,8.12,1
4827,DECODE,98,0,98,2279.81,7.94,1
4828,DECODE,98,0,98,2280.81,7.86,1
4829,DECODE,98,0,98,2281.81,7.83,1
4830,DECODE,97,0,97,2279.94,8.19,1
4831,DECODE,97,0,97,2280.94,8.03,1
4832,DECODE,97,0,97,2281.94,7.84,1
4833,DECODE,97,0,97,2282.94,8.19,1
4834,DECODE,97,0,97,2283.94,8.10,1
4835,DECODE,97,0,97,2284.94,8.04,1
4836,DECODE,96,0,96,2283.07,8.45,1
4837,DECODE,96,0,96,2284.07,7.98,1
4838,DECODE,96,0,96,2285.07,8.00,1
4839,DECODE,95,0,95,2283.18,8.39,1
4840,DECODE,95,0,95,2284.18,8.10,1
4841,DECODE,95,0,95,2285.18,8.06,1
4842,DECODE,94,0,94,2283.26,8.28,1
4843,DECODE,94,0,94,2284.26,8.16,1
4844,DECODE,94,0,94,2285.26,7.74,1
4845,DECODE,93,0,93,2283.30,8.39,1
4846,DECODE,93,0,93,2284.30,8.01,1
4847,DECODE,93,0,93,2285.30,7.82,1
4848,DECODE,93,0,93,2286.30,8.05,1
4849,DECODE,93,0,93,2287.30,7.93,1
4850,DECODE,93,0,93,2288.30,7.81,1
4851,DECODE,92,0,92,2286.35,8.14,1
4852,DECODE,92,0,92,2287.35,8.11,1
4853,DECODE,92,0,92,2288.35,8.01,1
4854,DECODE,91,0,91,2286.36,8.32,1
4855,DECODE,91,0,91,2287.36,8.03,1
4856,DECODE,91,0,91,2288.36,7.97,1
4857,DECODE,91,0,91,2289.36,7.98,1
4858,DECODE,91,0,91,2290.36,7.96,1
4859,DECODE,90,0,90,2288.37,8.22,1
4860,DECODE,90,0,90,2289.37,7.79,1
4861,DECODE,90,0,90,2290.37,7.82,1
4862,DECODE,90,0,90,2291.37,8.01,1
4863,DECODE,89,0,89,2289.35,8.09,1
4864,DECODE,89,0,89,2290.35,7.96,1
4865,DECODE,89,0,89,2291.35,7.98,1
4866,DECODE,88,0,88,2289.30,8.05,1
4867,DECODE,88,0,88,2290.30,7.77,1
4868,DECODE,88,0,88,2291.30,7.66,1
4869,DECODE,88,0,88,2292.30,7.69,1
4870,DECODE,87,0,87,2290.22,7.80,1
4871,DECODE,86,0,86,2288.08,8.10,1
4872,DECODE,86,0,86,2289.08,7.73,1
4873,DECODE,86,0,86,2290.08,7.15,1
4874,DECODE,86,0,86,2291.08,7.80,1
4875,DECODE,86,0,86,2292.08,7.76,1
4876,DECODE,86,0,86,2293.08,7.64,1
4877,DECODE,86,0,86,2294.08,7.76,1
4878,DECODE,86,0,86,2295.08,7.73,1
4879,DECODE,86,0,86,2296.08,7.74,1
4880,DECODE,86,0,86,2297.08,7.69,1
4881,DECODE,86,0,86,2298.08,7.80,1
4882,DECODE,86,0,86,2299.08,7.77,1
4883,DECODE,85,0,85,2297.01,7.97,1
4884,DECODE,85,0,85,2298.01,7.89,1
4885,DECODE,85,0,85,2299.01,7.68,1
4886,DECODE,85,0,85,2300.01,7.94,1
4887,DECODE,85,0,85,2301.01,7.82,1
4888,DECODE,85,0,85,2302.01,7.79,1
4889,DECODE,84,0,84,2299.94,8.01,1
4890,DECODE,83,0,83,2297.81,8.93,1
4891,DECODE,83,0,83,2298.81,8.09,1
4892,DECODE,83,0,83,2299.81,7.75,1
4893,DECODE,83,0,83,2300.81,7.81,1
4894,DECODE,83,0,83,2301.81,7.81,1
4895,DECODE,83,0,83,2302.81,7.77,1
4896,DECODE,83,0,83,2303.81,7.74,1
4897,DECODE,83,0,83,2304.81,7.80,1
4898,DECODE,83,0,83,2305.81,7.95,1
4899,DECODE,83,0,83,2306.81,7.79,1
4900,DECODE,82,0,82,2304.72,8.18,1
4901,DECODE,81,0,81,2302.57,8.17,1
4902,DECODE,81,0,81,2303.57,7.78,1
4903,DECODE,81,0,81,2304.57,8.42,1
4904,DECODE,81,0,81,2305.57,7.77,1
4905,DECODE,81,0,81,2306.57,7.69,1
4906,DECODE,81,0,81,2307.57,7.62,1
4907,DECODE,81,0,81,2308.57,7.73,1
4908,DECODE,81,0,81,2309.57,7.89,1
4909,DECODE,81,0,81,2310.57,7.65,1
4910,DECODE,81,0,81,2311.57,7.68,1
4911,DECODE,81,0,81,2312.57,7.69,1
4912,DECODE,81,0,81,2313.57,7.80,1
4913,DECODE,81,0,81,2314.57,8.65,1
4914,DECODE,81,0,81,2315.57,7.75,1
4915,DECODE,81,0,81,2316.57,7.76,1
4916,DECODE,81,0,81,2317.57,7.78,1
4917,DECODE,81,0,81,2318.57,7.74,1
4918,DECODE,81,0,81,2319.57,7.77,1
4919,DECODE,81,0,81,2320.57,7.73,1
4920,DECODE,81,0,81,2321.57,7.83,1
4921,DECODE,81,0,81,2322.57,7.68,1
4922,DECODE,81,0,81,2323.57,7.71,1
4923,DECODE,81,0,81,2324.57,7.68,1
4924,DECODE,81,0,81,2325.57,7.73,1
4925,DECODE,80,0,80,2323.64,7.94,1
4926,DECODE,79,0,79,2321.65,7.94,1
4927,DECODE,79,0,79,2322.65,7.72,1
4928,DECODE,79,0,79,2323.65,7.70,1
4929,DECODE,79,0,79,2324.65,7.69,1
4930,DECODE,79,0,79,2325.65,7.70,1
4931,DECODE,78,0,78,2323.64,7.90,1
4932,DECODE,78,0,78,2324.64,7.68,1
4933,DECODE,78,0,78,2325.64,7.56,1
4934,DECODE,78,0,78,2326.64,7.61,1
4935,DECODE,78,0,78,2327.64,7.68,1
4936,DECODE,78,0,78,2328.64,7.63,1
4937,DECODE,78,0,78,2329.64,7.58,1
4938,DECODE,78,0,78,2330.64,7.64,1
4939,DECODE,77,0,77,2328.66,7.87,1
4940,DECODE,77,0,77,2329.66,7.71,1
4941,DECODE,77,0,77,2330.66,7.64,1
4942,DECODE,77,0,77,2331.66,7.64,1
4943,DECODE,76,0,76,2329.66,7.87,1
4944,DECODE,76,0,76,2330.66,7.36,1
4945,DECODE,75,0,75,2328.60,7.93,1
4946,DECODE,75,0,75,2329.60,7.68,1
4947,DECODE,75,0,75,2330.60,7.71,1
4948,DECODE,74,0,74,2328.50,7.88,1
4949,DECODE,74,0,74,2329.50,7.64,1
4950,DECODE,74,0,74,2330.50,7.60,1
4951,DECODE,74,0,74,2331.50,7.61,1
4952,DECODE,73,0,73,2329.37,7.23,1
4953,DECODE,73,0,73,2330.37,7.60,1
4954,DECODE,73,0,73,2331.37,7.63,1
4955,DECODE,73,0,73,2332.37,7.56,1
4956,DECODE,73,0,73,2333.37,7.64,1
4957,DECODE,73,0,73,2334.37,7.65,1
4958,DECODE,73,0,73,2335.37,7.75,1
4959,DECODE,73,0,73,2336.37,7.81,1
4960,DECODE,73,0,73,2337.37,7.64,1
4961,DECODE,73,0,73,2338.37,7.55,1
4962,DECODE,72,0,72,2336.29,8.14,1
4963,DECODE,72,0,72,2337.29,7.47,1
4964,DECODE,72,0,72,2338.29,7.47,1
4965,DECODE,72,0,72,2339.29,7.44,1
4966,DECODE,72,0,72,2340.29,7.44,1
4967,DECODE,71,0,71,2338.20,7.97,1
4968,DECODE,71,0,71,2339.20,7.62,1
4969,DECODE,71,0,71,2340.20,7.62,1
4970,DECODE,70,0,70,2338.06,8.01,1
4971,DECODE,69,0,69,2335.84,8.12,1
4972,DECODE,69,0,69,2336.84,7.74,1
4973,DECODE,69,0,69,2337.84,7.59,1
4974,DECODE,68,0,68,2335.57,7.70,1
4975,DECODE,68,0,68,2336.57,7.54,1
4976,DECODE,68,0,68,2337.57,7.44,1
4977,DECODE,68,0,68,2338.57,7.46,1
4978,DECODE,68,0,68,2339.57,7.40,1
4979,DECODE,67,0,67,2337.28,7.38,1
4980,DECODE,67,0,67,2338.28,7.30,1
4981,DECODE,67,0,67,2339.28,7.33,1
4982,DECODE,67,0,67,2340.28,7.22,1
4983,DECODE,67,0,67,2341.28,7.25,1
4984,DECODE,66,0,66,2338.97,6.70,1
4985,DECODE,66,0,66,2339.97,6.62,1
4986,DECODE,65,0,65,2337.58,6.46,1
4987,DECODE,65,0,65,2338.58,6.58,1
4988,DECODE,63,0,63,2332.56,6.71,1
4989,DECODE,63,0,63,2333.56,6.57,1
4990,DECODE,63,0,63,2334.56,6.58,1
4991,DECODE,63,0,63,2335.56,6.69,1
4992,DECODE,63,0,63,2336.56,6.41,1
4993,DECODE,63,0,63,2337.56,6.33,1
4994,DECODE,63,0,63,2338.56,6.27,1
4995,DECODE,63,0,63,2339.56,6.55,1
4996,DECODE,63,0,63,2340.56,6.47,1
4997,DECODE,62,0,62,2338.02,6.50,1
4998,DECODE,62,0,62,2339.02,6.49,1
4999,DECODE,61,0,61,2336.39,6.60,1
5000,DECODE,61,0,61,2337.39,6.50,1
5001,DECODE,61,0,61,2338.39,6.58,1
5002,DECODE,61,0,61,2339.39,6.48,1
5003,DECODE,61,0,61,2340.39,6.43,1
5004,DECODE,61,0,61,2341.39,6.48,1
5005,DECODE,61,0,61,2342.39,6.44,1
5006,DECODE,61,0,61,2343.39,6.42,1
5007,DECODE,61,0,61,2344.39,6.42,1
5008,DECODE,61,0,61,2345.39,6.47,1
5009,DECODE,61,0,61,2346.39,6.71,1
5010,DECODE,61,0,61,2347.39,8.89,1
5011,DECODE,61,0,61,2348.39,6.93,1
5012,DECODE,61,0,61,2349.39,6.73,1
5013,DECODE,61,0,61,2350.39,6.64,1
5014,DECODE,61,0,61,2351.39,6.66,1
5015,DECODE,61,0,61,2352.39,6.57,1
5016,DECODE,61,0,61,2353.39,6.65,1
5017,DECODE,61,0,61,2354.39,6.64,1
5018,DECODE,61,0,61,2355.39,6.63,1
5019,DECODE,61,0,61,2356.39,6.66,1
5020,DECODE,61,0,61,2357.39,6.73,1
5021,DECODE,61,0,61,2358.39,6.66,1
5022,DECODE,61,0,61,2359.39,6.77,1
5023,DECODE,61,0,61,2360.39,6.69,1
5024,DECODE,61,0,61,2361.39,6.67,1
5025,DECODE,61,0,61,2362.39,6.58,1
5026,DECODE,61,0,61,2363.39,6.66,1
5027,DECODE,61,0,61,2364.39,6.62,1
5028,DECODE,61,0,61,2365.39,6.61,1
5029,DECODE,61,0,61,2366.39,6.57,1
5030,DECODE,61,0,61,2367.39,6.72,1
5031,DECODE,61,0,61,2368.39,6.60,1
5032,DECODE,61,0,61,2369.39,6.45,1
5033,DECODE,61,0,61,2370.39,6.44,1
5034,DECODE,61,0,61,2371.39,6.40,1
5035,DECODE,61,0,61,2372.39,6.41,1
5036,DECODE,61,0,61,2373.39,6.59,1
5037,DECODE,61,0,61,2374.39,6.57,1
5038,DECODE,61,0,61,2375.39,6.58,1
5039,DECODE,61,0,61,2376.39,6.56,1
5040,DECODE,61,0,61,2377.39,6.57,1
5041,DECODE,61,0,61,2378.39,6.71,1
5042,DECODE,61,0,61,2379.39,6.71,1
5043,DECODE,61,0,61,2380.39,6.68,1
5044,DECODE,60,0,60,2378.40,6.89,1
5045,DECODE,60,0,60,2379.40,6.68,1
5046,DECODE,60,0,60,2380.40,6.77,1
5047,DECODE,60,0,60,2381.40,6.63,1
5048,DECODE,60,0,60,2382.40,6.64,1
5049,DECODE,60,0,60,2383.40,7.24,1
5050,DECODE,58,0,58,2378.31,7.74,1
5051,DECODE,58,0,58,2379.31,7.37,1
5052,DECODE,58,0,58,2380.31,7.28,1
5053,DECODE,57,0,57,2378.16,7.67,1
5054,DECODE,57,0,57,2379.16,7.32,1
5055,DECODE,57,0,57,2380.16,6.48,1
5056,DECODE,57,0,57,2381.16,6.47,1
5057,DECODE,57,0,57,2382.16,6.39,1
5058,DECODE,56,0,56,2379.98,6.47,1
5059,DECODE,56,0,56,2380.98,6.09,1
5060,DECODE,56,0,56,2381.98,6.02,1
5061,DECODE,55,0,55,2379.75,6.14,1
5062,DECODE,55,0,55,2380.75,6.03,1
5063,DECODE,55,0,55,2381.75,6.66,1
5064,DECODE,54,0,54,2379.44,6.80,1
5065,DECODE,54,0,54,2380.44,6.47,1
5066,DECODE,54,0,54,2381.44,6.47,1
5067,DECODE,54,0,54,2382.44,6.38,1
5068,DECODE,54,0,54,2383.44,6.40,1
5069,DECODE,54,0,54,2384.44,6.28,1
5070,DECODE,54,0,54,2385.44,6.29,1
5071,DECODE,54,0,54,2386.44,6.27,1
5072,DECODE,54,0,54,2387.44,6.35,1
5073,DECODE,54,0,54,2388.44,6.33,1
5074,DECODE,54,0,54,2389.44,6.31,1
5075,DECODE,54,0,54,2390.44,6.38,1
5076,DECODE,54,0,54,2391.44,6.33,1
5077,DECODE,54,0,54,2392.44,6.22,1
5078,DECODE,54,0,54,2393.44,6.22,1
5079,DECODE,54,0,54,2394.44,6.24,1
5080,DECODE,54,0,54,2395.44,6.22,1
5081,DECODE,54,0,54,2396.44,6.36,1
5082,DECODE,54,0,54,2397.44,6.35,1
5083,DECODE,54,0,54,2398.44,6.28,1
5084,DECODE,53,0,53,2396.40,6.38,1
5085,DECODE,53,0,53,2397.40,6.30,1
5086,DECODE,53,0,53,2398.40,6.22,1
5087,DECODE,52,0,52,2396.29,6.49,1
5088,DECODE,52,0,52,2397.29,6.25,1
5089,DECODE,52,0,52,2398.29,6.21,1
5090,DECODE,52,0,52,2399.29,6.12,1
5091,DECODE,52,0,52,2400.29,6.37,1
5092,DECODE,52,0,52,2401.29,6.30,1
5093,DECODE,52,0,52,2402.29,6.26,1
5094,DECODE,52,0,52,2403.29,6.24,1
5095,DECODE,51,0,51,2401.22,6.32,1
5096,DECODE,51,0,51,2402.22,6.17,1
5097,DECODE,51,0,51,2403.22,6.28,1
5098,DECODE,51,0,51,2404.22,6.28,1
5099,DECODE,51,0,51,2405.22,6.26,1
5100,DECODE,51,0,51,2406.22,6.14,1
5101,DECODE,51,0,51,2407.22,6.35,1
5102,DECODE,50,0,50,2405.16,6.35,1
5103,DECODE,50,0,50,2406.16,6.29,1
5104,DECODE,50,0,50,2407.16,6.18,1
5105,DECODE,50,0,50,2408.16,6.26,1
5106,DECODE,50,0,50,2409.16,6.16,1
5107,DECODE,50,0,50,2410.16,6.35,1
5108,DECODE,50,0,50,2411.16,6.36,1
5109,DECODE,50,0,50,2412.16,6.33,1
5110,DECODE,50,0,50,2413.16,6.32,1
5111,DECODE,50,0,50,2414.16,6.34,1
5112,DECODE,50,0,50,2415.16,6.24,1
5113,DECODE,50,0,50,2416.16,6.27,1
5114,DECODE,50,0,50,2417.16,6.04,1
5115,DECODE,49,0,49,2415.24,6.46,1
5116,DECODE,49,0,49,2416.24,6.34,1
5117,DECODE,49,0,49,2417.24,6.09,1
5118,DECODE,49,0,49,2418.24,6.28,1
5119,DECODE,49,0,49,2419.24,6.28,1
5120,DECODE,49,0,49,2420.24,6.14,1
5121,DECODE,49,0,49,2421.24,6.20,1
5122,DECODE,49,0,49,2422.24,6.21,1
5123,DECODE,49,0,49,2423.24,6.17,1
5124,DECODE,49,0,49,2424.24,6.10,1
5125,DECODE,49,0,49,2425.24,6.29,1
5126,DECODE,49,0,49,2426.24,6.35,1
5127,DECODE,49,0,49,2427.24,6.19,1
5128,DECODE,48,0,48,2425.48,6.47,1
5129,DECODE,48,0,48,2426.48,6.10,1
5130,DECODE,48,0,48,2427.48,6.01,1
5131,DECODE,48,0,48,2428.48,6.02,1
5132,DECODE,47,0,47,2426.68,6.21,1
5133,DECODE,47,0,47,2427.68,6.08,1
5134,DECODE,47,0,47,2428.68,6.10,1
5135,DECODE,47,0,47,2429.68,6.03,1
5136,DECODE,47,0,47,2430.68,6.18,1
5137,DECODE,47,0,47,2431.68,6.15,1
5138,DECODE,47,0,47,2432.68,5.94,1
5139,DECODE,47,0,47,2433.68,5.98,1
5140,DECODE,47,0,47,2434.68,5.97,1
5141,DECODE,47,0,47,2435.68,5.95,1
5142,DECODE,47,0,47,2436.68,6.08,1
5143,DECODE,47,0,47,2437.68,5.97,1
5144,DECODE,46,0,46,2436.02,6.18,1
5145,DECODE,46,0,46,2437.02,6.04,1
5146,DECODE,46,0,46,2438.02,6.12,1
5147,DECODE,45,0,45,2436.31,6.19,1
5148,DECODE,45,0,45,2437.31,6.01,1
5149,DECODE,45,0,45,2438.31,6.11,1
5150,DECODE,45,0,45,2439.31,6.14,1
5151,DECODE,44,0,44,2437.57,6.28,1
5152,DECODE,43,0,43,2435.72,6.29,1
5153,DECODE,43,0,43,2436.72,6.17,1
5154,DECODE,43,0,43,2437.72,5.98,1
5155,DECODE,43,0,43,2438.72,6.06,1
5156,DECODE,43,0,43,2439.72,6.10,1
5157,DECODE,43,0,43,2440.72,6.13,1
5158,DECODE,43,0,43,2441.72,6.13,1
5159,DECODE,43,0,43,2442.72,6.11,1
5160,DECODE,43,0,43,2443.72,6.11,1
5161,DECODE,43,0,43,2444.72,6.05,1
5162,DECODE,43,0,43,2445.72,6.22,1
5163,DECODE,42,0,42,2444.00,6.25,1
5164,DECODE,42,0,42,2445.00,6.17,1
5165,DECODE,42,0,42,2446.00,6.06,1
5166,DECODE,42,0,42,2447.00,6.12,1
5167,DECODE,42,0,42,2448.00,5.95,1
5168,DECODE,42,0,42,2449.00,6.24,1
5169,DECODE,41,0,41,2447.29,6.36,1
5170,DECODE,41,0,41,2448.29,5.97,1
5171,DECODE,41,0,41,2449.29,6.10,1
5172,DECODE,41,0,41,2450.29,6.12,1
5173,DECODE,41,0,41,2451.29,6.11,1
5174,DECODE,41,0,41,2452.29,6.14,1
5175,DECODE,41,0,41,2453.29,6.08,1
5176,DECODE,41,0,41,2454.29,6.11,1
5177,DECODE,41,0,41,2455.29,6.13,1
5178,DECODE,41,0,41,2456.29,6.13,1
5179,DECODE,41,0,41,2457.29,6.11,1
5180,DECODE,41,0,41,2458.29,6.11,1
5181,DECODE,41,0,41,2459.29,6.08,1
5182,DECODE,41,0,41,2460.29,6.09,1
5183,DECODE,41,0,41,2461.29,6.13,1
5184,DECODE,41,0,41,2462.29,6.14,1
5185,DECODE,41,0,41,2463.29,6.11,1
5186,DECODE,41,0,41,2464.29,6.10,1
5187,DECODE,41,0,41,2465.29,6.04,1
5188,DECODE,41,0,41,2466.29,6.06,1
5189,DECODE,41,0,41,2467.29,6.01,1
5190,DECODE,40,0,40,2465.97,5.94,1
5191,DECODE,39,0,39,2464.56,5.94,1
5192,DECODE,39,0,39,2465.56,5.80,1
5193,DECODE,39,0,39,2466.56,5.81,1
5194,DECODE,38,0,38,2465.11,6.50,1
5195,DECODE,38,0,38,2466.11,6.15,1
5196,DECODE,38,0,38,2467.11,6.07,1
5197,DECODE,38,0,38,2468.11,6.13,1
5198,DECODE,37,0,37,2466.62,6.39,1
5199,DECODE,36,0,36,2465.03,6.39,1
5200,DECODE,36,0,36,2466.03,6.13,1
5201,DECODE,36,0,36,2467.03,6.12,1
5202,DECODE,36,0,36,2468.03,5.96,1
5203,DECODE,35,0,35,2466.40,6.41,1
5204,DECODE,35,0,35,2467.40,6.08,1
5205,DECODE,35,0,35,2468.40,6.07,1
5206,DECODE,35,0,35,2469.40,6.09,1
5207,DECODE,35,0,35,2470.40,6.08,1
5208,DECODE,35,0,35,2471.40,6.58,1
5209,DECODE,35,0,35,2472.40,6.58,1
5210,DECODE,35,0,35,2473.40,6.57,1
5211,DECODE,35,0,35,2474.40,6.59,1
5212,DECODE,35,0,35,2475.40,6.58,1
5213,DECODE,35,0,35,2476.40,6.60,1
5214,DECODE,35,0,35,2477.40,6.56,1
5215,DECODE,35,0,35,2478.40,6.60,1
5216,DECODE,35,0,35,2479.40,6.54,1
5217,DECODE,35,0,35,2480.40,6.55,1
5218,DECODE,35,0,35,2481.40,6.54,1
5219,DECODE,35,0,35,2482.40,6.55,1
5220,DECODE,34,0,34,2481.12,6.93,1
5221,DECODE,34,0,34,2482.12,6.61,1
5222,DECODE,34,0,34,2483.12,6.00,1
5223,DECODE,34,0,34,2484.12,6.03,1
5224,DECODE,34,0,34,2485.12,5.89,1
5225,DECODE,33,0,33,2483.85,5.65,1
5226,DECODE,32,0,32,2482.47,5.57,1
5227,DECODE,32,0,32,2483.47,5.16,1
5228,DECODE,31,0,31,2482.00,5.33,1
5229,DECODE,30,0,30,2480.40,5.43,1
5230,DECODE,30,0,30,2481.40,5.22,1
5231,DECODE,30,0,30,2482.40,5.14,1
5232,DECODE,30,0,30,2483.40,5.17,1
5233,DECODE,30,0,30,2484.40,5.36,1
5234,DECODE,29,0,29,2482.79,5.28,1
5235,DECODE,28,0,28,2481.04,5.26,1
5236,DECODE,28,0,28,2482.04,5.14,1
5237,DECODE,28,0,28,2483.04,5.04,1
5238,DECODE,28,0,28,2484.04,5.05,1
5239,DECODE,28,0,28,2485.04,5.07,1
5240,DECODE,28,0,28,2486.04,5.06,1
5241,DECODE,28,0,28,2487.04,5.03,1
5242,DECODE,28,0,28,2488.04,5.01,1
5243,DECODE,28,0,28,2489.04,4.96,1
5244,DECODE,27,0,27,2487.41,5.15,1
5245,DECODE,27,0,27,2488.41,5.01,1
5246,DECODE,27,0,27,2489.41,4.69,1
5247,DECODE,27,0,27,2490.41,4.65,1
5248,DECODE,27,0,27,2491.41,4.72,1
5249,DECODE,27,0,27,2492.41,4.90,1
5250,DECODE,26,0,26,2490.81,5.26,1
5251,DECODE,26,0,26,2491.81,5.07,1
5252,DECODE,26,0,26,2492.81,4.90,1
5253,DECODE,25,0,25,2491.12,4.96,1
5254,DECODE,25,0,25,2492.12,4.96,1
5255,DECODE,25,0,25,2493.12,4.91,1
5256,DECODE,24,0,24,2491.33,4.91,1
5257,DECODE,24,0,24,2492.33,4.78,1
5258,DECODE,24,0,24,2493.33,4.79,1
5259,DECODE,24,0,24,2494.33,4.75,1
5260,DECODE,24,0,24,2495.33,4.78,1
5261,DECODE,24,0,24,2496.33,4.77,1
5262,DECODE,24,0,24,2497.33,4.80,1
5263,DECODE,24,0,24,2498.33,4.76,1
5264,DECODE,22,0,22,2493.73,4.53,1
5265,DECODE,22,0,22,2494.73,4.55,1
5266,DECODE,22,0,22,2495.73,5.14,1
5267,DECODE,21,0,21,2493.67,5.25,1
5268,DECODE,20,0,20,2491.35,5.13,1
5269,DECODE,20,0,20,2492.35,5.00,1
5270,DECODE,20,0,20,2493.35,4.97,1
5271,DECODE,20,0,20,2494.35,4.97,1
5272,DECODE,20,0,20,2495.35,4.92,1
5273,DECODE,20,0,20,2496.35,4.92,1
5274,DECODE,20,0,20,2497.35,4.92,1
5275,DECODE,20,0,20,2498.35,4.59,1
5276,DECODE,20,0,20,2499.35,4.76,1
5277,DECODE,20,0,20,2500.35,4.93,1
5278,DECODE,20,0,20,2501.35,4.95,1
5279,DECODE,20,0,20,2502.35,4.95,1
5280,DECODE,20,0,20,2503.35,4.98,1
5281,DECODE,20,0,20,2504.35,5.44,1
5282,DECODE,19,0,19,2502.42,5.48,1
5283,DECODE,19,0,19,2503.42,5.11,1
5284,DECODE,19,0,19,2504.42,5.11,1
5285,DECODE,19,0,19,2505.42,5.12,1
5286,DECODE,18,0,18,2503.39,5.46,1
5287,DECODE,18,0,18,2504.39,5.29,1
5288,DECODE,18,0,18,2505.39,5.14,1
5289,DECODE,18,0,18,2506.39,5.12,1
5290,DECODE,18,0,18,2507.39,5.04,1
5291,DECODE,18,0,18,2508.39,5.17,1
5292,DECODE,18,0,18,2509.39,5.00,1
5293,DECODE,18,0,18,2510.39,5.00,1
5294,DECODE,18,0,18,2511.39,5.02,1
5295,DECODE,16,0,16,2506.31,5.23,1
5296,DECODE,16,0,16,2507.31,4.89,1
5297,DECODE,16,0,16,2508.31,4.91,1
5298,DECODE,16,0,16,2509.31,4.95,1
5299,DECODE,16,0,16,2510.31,5.34,1
5300,DECODE,16,0,16,2511.31,4.97,1
5301,DECODE,16,0,16,2512.31,5.01,1
5302,DECODE,16,0,16,2513.31,4.96,1
5303,DECODE,15,0,15,2511.20,5.20,1
5304,DECODE,15,0,15,2512.20,5.00,1
5305,DECODE,15,0,15,2513.20,5.00,1
5306,DECODE,15,0,15,2514.20,4.93,1
5307,DECODE,15,0,15,2515.20,4.98,1
5308,DECODE,14,0,14,2513.00,5.02,1
5309,DECODE,14,0,14,2514.00,4.99,1
5310,DECODE,14,0,14,2515.00,4.90,1
5311,DECODE,14,0,14,2516.00,4.95,1
5312,DECODE,14,0,14,2517.00,4.96,1
5313,DECODE,14,0,14,2518.00,4.94,1
5314,DECODE,14,0,14,2519.00,4.95,1
5315,DECODE,14,0,14,2520.00,5.03,1
5316,DECODE,13,0,13,2517.92,5.24,1
5317,DECODE,13,0,13,2518.92,5.03,1
5318,DECODE,13,0,13,2519.92,4.96,1
5319,DECODE,13,0,13,2520.92,4.99,1
5320,DECODE,13,0,13,2521.92,4.91,1
5321,DECODE,13,0,13,2522.92,4.80,1
5322,DECODE,13,0,13,2523.92,4.76,1
5323,DECODE,13,0,13,2524.92,4.78,1
5324,DECODE,12,0,12,2523.00,4.92,1
5325,DECODE,12,0,12,2524.00,4.67,1
5326,DECODE,12,0,12,2525.00,4.64,1
5327,DECODE,12,0,12,2526.00,4.79,1
5328,DECODE,12,0,12,2527.00,4.84,1
5329,DECODE,12,0,12,2528.00,4.76,1
5330,DECODE,12,0,12,2529.00,4.80,1
5331,DECODE,12,0,12,2530.00,4.80,1
5332,DECODE,12,0,12,2531.00,4.86,1
5333,DECODE,12,0,12,2532.00,4.72,1
5334,DECODE,12,0,12,2533.00,4.71,1
5335,DECODE,11,0,11,2531.55,4.96,1
5336,DECODE,11,0,11,2532.55,4.82,1
5337,DECODE,11,0,11,2533.55,4.83,1
5338,DECODE,11,0,11,2534.55,4.73,1
5339,DECODE,11,0,11,2535.55,4.68,1
5340,DECODE,11,0,11,2536.55,4.66,1
5341,DECODE,10,0,10,2535.20,4.81,1
5342,DECODE,10,0,10,2536.20,4.79,1
5343,DECODE,10,0,10,2537.20,4.90,1
5344,DECODE,10,0,10,2538.20,4.95,1
5345,DECODE,10,0,10,2539.20,4.71,1
5346,DECODE,8,0,8,2535.00,4.74,1
5347,DECODE,8,0,8,2536.00,4.55,1
5348,DECODE,8,0,8,2537.00,4.48,1
5349,DECODE,8,0,8,2538.00,4.39,1
5350,DECODE,8,0,8,2539.00,4.33,1
5351,DECODE,8,0,8,2540.00,4.44,1
5352,DECODE,7,0,7,2538.14,4.55,1
5353,DECODE,7,0,7,2539.14,4.46,1
5354,DECODE,7,0,7,2540.14,4.43,1
5355,DECODE,7,0,7,2541.14,4.54,1
5356,DECODE,7,0,7,2542.14,4.55,1
5357,DECODE,7,0,7,2543.14,4.72,1
5358,DECODE,7,0,7,2544.14,4.65,1
5359,DECODE,6,0,6,2542.50,4.84,1
5360,DECODE,6,0,6,2543.50,4.63,1
5361,DECODE,6,0,6,2544.50,4.66,1
5362,DECODE,6,0,6,2545.50,4.59,1
5363,DECODE,6,0,6,2546.50,4.62,1
5364,DECODE,6,0,6,2547.50,4.56,1
5365,DECODE,6,0,6,2548.50,4.66,1
5366,DECODE,6,0,6,2549.50,4.56,1
5367,DECODE,6,0,6,2550.50,4.65,1
5368,DECODE,6,0,6,2551.50,4.56,1
5369,DECODE,6,0,6,2552.50,4.63,1
5370,DECODE,4,0,4,2549.75,4.74,1
5371,DECODE,4,0,4,2550.75,4.49,1
5372,DECODE,4,0,4,2551.75,4.52,1
5373,DECODE,4,0,4,2552.75,4.48,1
5374,DECODE,4,0,4,2553.75,4.47,1
5375,DECODE,4,0,4,2554.75,4.40,1
5376,DECODE,3,0,3,2554.00,4.68,1
5377,DECODE,2,0,2,2552.00,4.73,1
5378,DECODE,1,0,1,2545.00,4.59,1
5379,DECODE,1,0,1,2546.00,4.28,1
5380,DECODE,1,0,1,2547.00,4.28,1
5381,DECODE,1,0,1,2548.00,4.22,1
5382,DECODE,1,0,1,2549.00,4.07,1
5383,DECODE,1,0,1,2550.00,4.08,1
5384,DECODE,1,0,1,2551.00,4.03,1
5385,DECODE,1,0,1,2552.00,4.21,1
5386,DECODE,1,0,1,2553.00,4.11,1
5387,DECODE,1,0,1,2554.00,4.28,1
5388,DECODE,1,0,1,2555.00,4.24,1
5389,DECODE,1,0,1,2556.00,4.24,1
5390,DECODE,1,0,1,2557.00,4.18,1
5391,DECODE,1,0,1,2558.00,4.30,1
5392,DECODE,1,0,1,2559.00,4.20,1
5393,DECODE,1,0,1,2560.00,4.26,1
