pass_id,mode,batch_size,prefill_tokens,decode_tokens,avg_seq_len,forward_time_ms,global_step
1,EXTEND,1,182,0,182.00,2215.59,1
2,EXTEND,51,8192,0,160.63,88.22,1
3,EXTEND,89,8192,0,177.19,69.65,1
4,EXTEND,93,8192,0,175.19,73.75,1
5,EXTEND,25,1510,0,160.72,31.38,1
6,DECODE,256,0,256,172.56,27.36,1
7,DECODE,256,0,256,173.56,6.23,1
8,DECODE,256,0,256,174.56,5.94,1
9,DECODE,256,0,256,175.56,5.94,1
10,DECODE,256,0,256,176.56,5.96,1
11,DECODE,256,0,256,177.56,5.96,1
12,DECODE,256,0,256,178.56,5.94,1
13,DECODE,256,0,256,179.56,5.95,1
14,DECODE,256,0,256,180.56,6.76,1
15,DECODE,256,0,256,181.56,5.97,1
16,DECODE,256,0,256,182.56,5.96,1
17,DECODE,256,0,256,183.56,5.93,1
18,DECODE,256,0,256,184.56,6.04,1
19,DECODE,255,0,255,185.47,5.98,1
20,DECODE,255,0,255,186.47,5.97,1
21,DECODE,255,0,255,187.47,5.94,1
22,DECODE,255,0,255,188.47,5.99,1
23,DECODE,252,0,252,189.76,5.98,1
24,DECODE,245,0,245,190.76,7.00,1
25,DECODE,234,0,234,191.64,6.89,1
26,DECODE,230,0,230,191.96,7.91,1
27,DECODE,226,0,226,193.44,6.94,1
28,DECODE,223,0,223,194.80,8.41,1
29,DECODE,219,0,219,196.57,6.98,1
30,DECODE,214,0,214,197.80,8.44,1
31,DECODE,202,0,202,197.77,8.34,1
32,DECODE,193,0,193,198.62,8.26,1
33,DECODE,189,0,189,200.38,8.24,1
34,DECODE,184,0,184,200.81,8.14,1
35,DECODE,177,0,177,201.81,6.61,1
36,DECODE,173,0,173,203.90,7.68,1
37,DECODE,170,0,170,204.59,6.34,1
38,DECODE,163,0,163,206.40,8.01,1
39,DECODE,160,0,160,207.91,7.78,1
40,DECODE,152,0,152,208.39,7.11,1
41,DECODE,147,0,147,208.11,6.31,1
42,DECODE,145,0,145,208.79,5.57,1
43,DECODE,140,0,140,210.18,6.79,1
44,DECODE,137,0,137,211.87,5.86,1
45,DECODE,135,0,135,213.50,7.82,1
46,DECODE,131,0,131,214.41,5.79,1
47,DECODE,128,0,128,215.12,6.82,1
48,DECODE,127,0,127,216.09,5.94,1
49,DECODE,125,0,125,216.75,5.71,1
50,DECODE,123,0,123,217.53,5.60,1
51,DECODE,121,0,121,219.11,5.84,1
52,DECODE,116,0,116,220.81,6.98,1
53,DECODE,114,0,114,222.32,5.58,1
54,DECODE,112,0,112,223.38,7.26,1
55,DECODE,111,0,111,224.67,5.72,1
56,DECODE,107,0,107,226.31,5.52,1
57,DECODE,105,0,105,227.55,5.70,1
58,DECODE,101,0,101,228.77,6.95,1
59,DECODE,100,0,100,230.07,5.54,1
60,DECODE,100,0,100,231.07,5.33,1
61,DECODE,97,0,97,232.52,5.62,1
62,DECODE,97,0,97,233.52,4.95,1
63,DECODE,97,0,97,234.52,5.01,1
64,DECODE,95,0,95,236.45,6.31,1
65,DECODE,94,0,94,237.77,5.10,1
66,DECODE,92,0,92,239.51,5.14,1
67,DECODE,90,0,90,241.52,4.57,1
68,DECODE,89,0,89,242.71,5.06,1
69,DECODE,89,0,89,243.71,4.91,1
70,DECODE,87,0,87,245.69,6.49,1
71,DECODE,85,0,85,246.48,5.24,1
72,DECODE,83,0,83,248.25,5.08,1
73,DECODE,83,0,83,249.25,4.95,1
74,DECODE,81,0,81,251.42,5.46,1
75,DECODE,81,0,81,252.42,6.23,1
76,DECODE,81,0,81,253.42,5.26,1
77,DECODE,81,0,81,254.42,5.60,1
78,DECODE,81,0,81,255.42,5.30,1
79,DECODE,79,0,79,256.65,7.13,1
80,DECODE,79,0,79,257.65,5.43,1
81,DECODE,79,0,79,258.65,5.98,1
82,DECODE,78,0,78,258.32,6.26,1
83,DECODE,76,0,76,260.38,6.01,1
84,DECODE,76,0,76,261.38,6.00,1
85,DECODE,75,0,75,262.84,5.81,1
86,DECODE,75,0,75,263.84,5.78,1
87,DECODE,72,0,72,265.10,6.74,1
88,DECODE,72,0,72,266.10,5.47,1
89,DECODE,72,0,72,267.10,5.11,1
90,DECODE,70,0,70,267.94,6.02,1
91,DECODE,69,0,69,269.04,5.39,1
92,DECODE,68,0,68,270.96,5.28,1
93,DECODE,68,0,68,271.96,5.14,1
94,DECODE,67,0,67,273.48,5.32,1
95,DECODE,66,0,66,274.08,5.42,1
96,DECODE,66,0,66,275.08,4.76,1
97,DECODE,64,0,64,277.62,5.25,1
98,DECODE,62,0,62,280.18,4.37,1
99,DECODE,61,0,61,279.56,4.34,1
100,DECODE,61,0,61,280.56,4.31,1
101,DECODE,61,0,61,281.56,4.33,1
102,DECODE,61,0,61,282.56,4.37,1
103,DECODE,61,0,61,283.56,5.25,1
104,DECODE,60,0,60,285.07,5.38,1
105,DECODE,59,0,59,286.20,5.40,1
106,DECODE,59,0,59,287.20,5.26,1
107,DECODE,59,0,59,288.20,5.69,1
108,DECODE,59,0,59,289.20,5.35,1
109,DECODE,59,0,59,290.20,5.01,1
110,DECODE,59,0,59,291.20,5.19,1
111,DECODE,59,0,59,292.20,5.19,1
112,DECODE,59,0,59,293.20,5.08,1
113,DECODE,59,0,59,294.20,5.19,1
114,DECODE,58,0,58,295.74,5.25,1
115,DECODE,57,0,57,297.44,5.44,1
116,DECODE,55,0,55,297.20,6.20,1
117,DECODE,55,0,55,298.20,4.91,1
118,DECODE,55,0,55,299.20,4.89,1
119,DECODE,54,0,54,301.28,4.20,1
120,DECODE,54,0,54,302.28,4.81,1
121,DECODE,54,0,54,303.28,5.00,1
122,DECODE,54,0,54,304.28,4.73,1
123,DECODE,53,0,53,306.04,4.98,1
124,DECODE,52,0,52,306.65,4.95,1
125,DECODE,52,0,52,307.65,4.89,1
126,DECODE,51,0,51,309.82,4.65,1
127,DECODE,50,0,50,311.08,4.61,1
128,DECODE,49,0,49,312.02,4.64,1
129,DECODE,48,0,48,314.31,5.82,1
130,DECODE,47,0,47,315.91,4.56,1
131,DECODE,47,0,47,316.91,4.45,1
132,DECODE,46,0,46,319.07,4.50,1
133,DECODE,46,0,46,320.07,4.41,1
134,DECODE,46,0,46,321.07,4.43,1
135,DECODE,46,0,46,322.07,4.44,1
136,DECODE,46,0,46,323.07,4.43,1
137,DECODE,46,0,46,324.07,4.42,1
138,DECODE,46,0,46,325.07,4.50,1
139,DECODE,46,0,46,326.07,4.44,1
140,DECODE,46,0,46,327.07,4.43,1
141,DECODE,46,0,46,328.07,4.81,1
142,DECODE,44,0,44,329.61,5.43,1
143,DECODE,44,0,44,330.61,4.80,1
144,DECODE,43,0,43,332.12,4.55,1
145,DECODE,43,0,43,333.12,4.72,1
146,DECODE,42,0,42,334.64,4.56,1
147,DECODE,41,0,41,337.20,4.55,1
148,DECODE,41,0,41,338.20,4.97,1
149,DECODE,39,0,39,337.72,5.82,1
150,DECODE,39,0,39,338.72,4.40,1
151,DECODE,38,0,38,339.34,4.56,1
152,DECODE,37,0,37,340.24,4.59,1
153,DECODE,37,0,37,341.24,4.51,1
154,DECODE,37,0,37,342.24,4.41,1
155,DECODE,37,0,37,343.24,4.40,1
156,DECODE,37,0,37,344.24,5.35,1
157,DECODE,37,0,37,345.24,4.58,1
158,DECODE,37,0,37,346.24,3.97,1
159,DECODE,36,0,36,348.75,3.97,1
160,DECODE,36,0,36,349.75,3.92,1
161,DECODE,35,0,35,352.03,3.96,1
162,DECODE,35,0,35,353.03,4.43,1
163,DECODE,35,0,35,354.03,4.37,1
164,DECODE,35,0,35,355.03,4.42,1
165,DECODE,35,0,35,356.03,4.37,1
166,DECODE,35,0,35,357.03,4.36,1
167,DECODE,35,0,35,358.03,4.40,1
168,DECODE,35,0,35,359.03,4.66,1
169,DECODE,33,0,33,362.48,4.89,1
170,DECODE,32,0,32,365.34,5.84,1
171,DECODE,32,0,32,366.34,4.47,1
172,DECODE,32,0,32,367.34,4.42,1
173,DECODE,32,0,32,368.34,4.46,1
174,DECODE,32,0,32,369.34,4.56,1
175,DECODE,31,0,31,370.61,4.86,1
176,DECODE,31,0,31,371.61,4.55,1
177,DECODE,31,0,31,372.61,4.49,1
178,DECODE,31,0,31,373.61,4.43,1
179,DECODE,31,0,31,374.61,4.45,1
180,DECODE,31,0,31,375.61,4.44,1
181,DECODE,31,0,31,376.61,4.43,1
182,DECODE,30,0,30,378.60,4.66,1
183,DECODE,29,0,29,381.38,4.68,1
184,DECODE,29,0,29,382.38,4.54,1
185,DECODE,28,0,28,384.82,4.67,1
186,DECODE,28,0,28,385.82,4.50,1
187,DECODE,27,0,27,389.37,4.64,1
188,DECODE,27,0,27,390.37,4.49,1
189,DECODE,26,0,26,391.77,4.75,1
190,DECODE,26,0,26,392.77,4.47,1
191,DECODE,26,0,26,393.77,4.43,1
192,DECODE,26,0,26,394.77,4.47,1
193,DECODE,25,0,25,396.48,4.65,1
194,DECODE,25,0,25,397.48,4.47,1
195,DECODE,25,0,25,398.48,4.46,1
196,DECODE,25,0,25,399.48,4.63,1
197,DECODE,25,0,25,400.48,4.56,1
198,DECODE,25,0,25,401.48,4.62,1
199,DECODE,25,0,25,402.48,4.97,1
200,DECODE,25,0,25,403.48,5.08,1
201,DECODE,25,0,25,404.48,4.84,1
202,DECODE,25,0,25,405.48,4.99,1
203,DECODE,24,0,24,406.96,6.11,1
204,DECODE,23,0,23,409.61,4.53,1
205,DECODE,23,0,23,410.61,4.67,1
206,DECODE,23,0,23,411.61,4.37,1
207,DECODE,22,0,22,413.68,4.91,1
208,DECODE,22,0,22,414.68,4.38,1
209,DECODE,21,0,21,416.38,4.48,1
210,DECODE,21,0,21,417.38,4.82,1
211,DECODE,21,0,21,418.38,4.31,1
212,DECODE,21,0,21,419.38,4.47,1
213,DECODE,20,0,20,422.85,4.62,1
214,DECODE,20,0,20,423.85,4.48,1
215,DECODE,19,0,19,412.89,4.48,1
216,DECODE,19,0,19,413.89,4.46,1
217,DECODE,19,0,19,414.89,4.30,1
218,DECODE,19,0,19,415.89,4.36,1
219,DECODE,19,0,19,416.89,4.30,1
220,DECODE,19,0,19,417.89,4.37,1
221,DECODE,19,0,19,418.89,4.34,1
222,DECODE,19,0,19,419.89,4.38,1
223,DECODE,19,0,19,420.89,4.33,1
224,DECODE,19,0,19,421.89,4.35,1
225,DECODE,19,0,19,422.89,4.36,1
226,DECODE,19,0,19,423.89,4.38,1
227,DECODE,19,0,19,424.89,4.33,1
228,DECODE,18,0,18,426.50,4.56,1
229,DECODE,18,0,18,427.50,4.38,1
230,DECODE,17,0,17,423.06,4.70,1
231,DECODE,17,0,17,424.06,4.78,1
232,DECODE,17,0,17,425.06,4.42,1
233,DECODE,17,0,17,426.06,4.35,1
234,DECODE,17,0,17,427.06,4.37,1
235,DECODE,17,0,17,428.06,4.36,1
236,DECODE,17,0,17,429.06,4.50,1
237,DECODE,17,0,17,430.06,4.36,1
238,DECODE,17,0,17,431.06,4.35,1
239,DECODE,17,0,17,432.06,4.34,1
240,DECODE,17,0,17,433.06,4.32,1
241,DECODE,17,0,17,434.06,4.31,1
242,DECODE,17,0,17,435.06,4.48,1
243,DECODE,17,0,17,436.06,4.40,1
244,DECODE,17,0,17,437.06,4.37,1
245,DECODE,17,0,17,438.06,4.45,1
246,DECODE,17,0,17,439.06,4.45,1
247,DECODE,17,0,17,440.06,4.38,1
248,DECODE,17,0,17,441.06,4.35,1
249,DECODE,17,0,17,442.06,4.49,1
250,DECODE,17,0,17,443.06,4.33,1
251,DECODE,17,0,17,444.06,4.35,1
252,DECODE,17,0,17,445.06,4.37,1
253,DECODE,17,0,17,446.06,4.33,1
254,DECODE,16,0,16,450.06,6.45,1
255,DECODE,16,0,16,451.06,4.94,1
256,DECODE,16,0,16,452.06,5.26,1
257,DECODE,16,0,16,453.06,5.70,1
258,DECODE,16,0,16,454.06,3.76,1
259,DECODE,16,0,16,455.06,3.70,1
260,DECODE,16,0,16,456.06,3.63,1
261,DECODE,15,0,15,457.33,3.71,1
262,DECODE,15,0,15,458.33,4.10,1
263,DECODE,15,0,15,459.33,3.65,1
264,DECODE,15,0,15,460.33,3.59,1
265,DECODE,15,0,15,461.33,3.86,1
266,DECODE,15,0,15,462.33,3.60,1
267,DECODE,15,0,15,463.33,3.63,1
268,DECODE,15,0,15,464.33,3.62,1
269,DECODE,15,0,15,465.33,3.61,1
270,DECODE,15,0,15,466.33,3.58,1
271,DECODE,15,0,15,467.33,3.66,1
272,DECODE,15,0,15,468.33,3.66,1
273,DECODE,15,0,15,469.33,3.67,1
274,DECODE,15,0,15,470.33,3.65,1
275,DECODE,15,0,15,471.33,3.64,1
276,DECODE,15,0,15,472.33,3.59,1
277,DECODE,15,0,15,473.33,3.64,1
278,DECODE,15,0,15,474.33,4.21,1
279,DECODE,15,0,15,475.33,3.65,1
280,DECODE,15,0,15,476.33,3.94,1
281,DECODE,14,0,14,481.00,3.79,1
282,DECODE,14,0,14,482.00,4.13,1
283,DECODE,14,0,14,483.00,4.01,1
284,DECODE,14,0,14,484.00,3.83,1
285,DECODE,14,0,14,485.00,3.65,1
286,DECODE,14,0,14,486.00,3.99,1
287,DECODE,14,0,14,487.00,3.65,1
288,DECODE,14,0,14,488.00,3.97,1
289,DECODE,14,0,14,489.00,3.96,1
290,DECODE,14,0,14,490.00,3.61,1
291,DECODE,14,0,14,491.00,3.65,1
292,DECODE,14,0,14,492.00,4.04,1
293,DECODE,14,0,14,493.00,3.73,1
294,DECODE,14,0,14,494.00,3.65,1
295,DECODE,14,0,14,495.00,3.70,1
296,DECODE,14,0,14,496.00,3.69,1
297,DECODE,14,0,14,497.00,3.68,1
298,DECODE,14,0,14,498.00,3.62,1
299,DECODE,14,0,14,499.00,3.76,1
300,DECODE,14,0,14,500.00,3.67,1
301,DECODE,14,0,14,501.00,3.65,1
302,DECODE,14,0,14,502.00,3.62,1
303,DECODE,14,0,14,503.00,3.63,1
304,DECODE,14,0,14,504.00,3.61,1
305,DECODE,14,0,14,505.00,3.63,1
306,DECODE,14,0,14,506.00,3.65,1
307,DECODE,14,0,14,507.00,3.67,1
308,DECODE,14,0,14,508.00,3.68,1
309,DECODE,14,0,14,509.00,3.67,1
310,DECODE,14,0,14,510.00,3.68,1
311,DECODE,14,0,14,511.00,3.66,1
312,DECODE,14,0,14,512.00,4.22,1
313,DECODE,14,0,14,513.00,3.68,1
314,DECODE,14,0,14,514.00,3.70,1
315,DECODE,14,0,14,515.00,3.82,1
316,DECODE,14,0,14,516.00,3.67,1
317,DECODE,14,0,14,517.00,3.65,1
318,DECODE,14,0,14,518.00,3.64,1
319,DECODE,14,0,14,519.00,3.64,1
320,DECODE,14,0,14,520.00,3.73,1
321,DECODE,14,0,14,521.00,3.67,1
322,DECODE,14,0,14,522.00,3.63,1
323,DECODE,14,0,14,523.00,3.65,1
324,DECODE,14,0,14,524.00,3.66,1
325,DECODE,13,0,13,525.62,3.64,1
326,DECODE,13,0,13,526.62,3.64,1
327,DECODE,13,0,13,527.62,3.65,1
328,DECODE,13,0,13,528.62,3.65,1
329,DECODE,12,0,12,530.75,4.39,1
330,DECODE,12,0,12,531.75,3.61,1
331,DECODE,11,0,11,539.18,3.57,1
332,DECODE,11,0,11,540.18,3.55,1
333,DECODE,11,0,11,541.18,3.53,1
334,DECODE,11,0,11,542.18,3.62,1
335,DECODE,11,0,11,543.18,3.54,1
336,DECODE,11,0,11,544.18,4.52,1
337,DECODE,11,0,11,545.18,4.32,1
338,DECODE,11,0,11,546.18,4.32,1
339,DECODE,11,0,11,547.18,4.30,1
340,DECODE,11,0,11,548.18,3.65,1
341,DECODE,10,0,10,555.00,3.53,1
342,DECODE,10,0,10,556.00,4.38,1
343,DECODE,10,0,10,557.00,4.25,1
344,DECODE,10,0,10,558.00,4.27,1
345,DECODE,10,0,10,559.00,4.30,1
346,DECODE,10,0,10,560.00,4.36,1
347,DECODE,10,0,10,561.00,4.28,1
348,DECODE,10,0,10,562.00,4.24,1
349,DECODE,10,0,10,563.00,4.26,1
350,DECODE,10,0,10,564.00,4.25,1
351,DECODE,10,0,10,565.00,4.25,1
352,DECODE,10,0,10,566.00,5.14,1
353,DECODE,9,0,9,559.56,4.52,1
354,DECODE,9,0,9,560.56,4.31,1
355,DECODE,9,0,9,561.56,4.31,1
356,DECODE,9,0,9,562.56,4.33,1
357,DECODE,9,0,9,563.56,4.27,1
358,DECODE,9,0,9,564.56,4.43,1
359,DECODE,9,0,9,565.56,4.47,1
360,DECODE,9,0,9,566.56,4.40,1
361,DECODE,9,0,9,567.56,4.31,1
362,DECODE,9,0,9,568.56,4.33,1
363,DECODE,9,0,9,569.56,4.30,1
364,DECODE,9,0,9,570.56,4.28,1
365,DECODE,9,0,9,571.56,4.30,1
366,DECODE,9,0,9,572.56,4.28,1
367,DECODE,9,0,9,573.56,4.27,1
368,DECODE,9,0,9,574.56,4.35,1
369,DECODE,9,0,9,575.56,4.40,1
370,DECODE,9,0,9,576.56,4.33,1
371,DECODE,9,0,9,577.56,4.29,1
372,DECODE,9,0,9,578.56,4.42,1
373,DECODE,9,0,9,579.56,4.39,1
374,DECODE,9,0,9,580.56,4.45,1
375,DECODE,9,0,9,581.56,4.47,1
376,DECODE,9,0,9,582.56,4.36,1
377,DECODE,9,0,9,583.56,4.31,1
378,DECODE,9,0,9,584.56,4.28,1
379,DECODE,8,0,8,585.62,5.40,1
380,DECODE,8,0,8,586.62,4.21,1
381,DECODE,8,0,8,587.62,4.24,1
382,DECODE,8,0,8,588.62,4.19,1
383,DECODE,8,0,8,589.62,4.22,1
384,DECODE,8,0,8,590.62,4.13,1
385,DECODE,8,0,8,591.62,4.10,1
386,DECODE,8,0,8,592.62,4.07,1
387,DECODE,8,0,8,593.62,4.06,1
388,DECODE,8,0,8,594.62,4.12,1
389,DECODE,8,0,8,595.62,4.09,1
390,DECODE,8,0,8,596.62,4.10,1
391,DECODE,8,0,8,597.62,4.07,1
392,DECODE,8,0,8,598.62,3.88,1
393,DECODE,8,0,8,599.62,3.81,1
394,DECODE,8,0,8,600.62,3.80,1
395,DECODE,8,0,8,601.62,4.18,1
396,DECODE,8,0,8,602.62,4.17,1
397,DECODE,8,0,8,603.62,4.06,1
398,DECODE,8,0,8,604.62,4.06,1
399,DECODE,8,0,8,605.62,4.21,1
400,DECODE,8,0,8,606.62,4.17,1
401,DECODE,8,0,8,607.62,3.92,1
402,DECODE,8,0,8,608.62,3.90,1
403,DECODE,8,0,8,609.62,3.84,1
404,DECODE,8,0,8,610.62,3.55,1
405,DECODE,8,0,8,611.62,3.40,1
406,DECODE,8,0,8,612.62,3.39,1
407,DECODE,8,0,8,613.62,3.40,1
408,DECODE,8,0,8,614.62,3.37,1
409,DECODE,8,0,8,615.62,3.39,1
410,DECODE,8,0,8,616.62,3.38,1
411,DECODE,8,0,8,617.62,3.41,1
412,DECODE,8,0,8,618.62,3.36,1
413,DECODE,8,0,8,619.62,3.38,1
414,DECODE,8,0,8,620.62,3.35,1
415,DECODE,8,0,8,621.62,3.37,1
416,DECODE,8,0,8,622.62,3.36,1
417,DECODE,8,0,8,623.62,3.34,1
418,DECODE,8,0,8,624.62,3.38,1
419,DECODE,8,0,8,625.62,3.35,1
420,DECODE,8,0,8,626.62,3.38,1
421,DECODE,8,0,8,627.62,3.34,1
422,DECODE,8,0,8,628.62,3.35,1
423,DECODE,8,0,8,629.62,3.39,1
424,DECODE,8,0,8,630.62,3.41,1
425,DECODE,8,0,8,631.62,3.34,1
426,DECODE,8,0,8,632.62,3.38,1
427,DECODE,8,0,8,633.62,3.35,1
428,DECODE,8,0,8,634.62,3.35,1
429,DECODE,8,0,8,635.62,3.38,1
430,DECODE,8,0,8,636.62,3.36,1
431,DECODE,8,0,8,637.62,3.35,1
432,DECODE,8,0,8,638.62,3.36,1
433,DECODE,8,0,8,639.62,3.33,1
434,DECODE,8,0,8,640.62,3.35,1
435,DECODE,8,0,8,641.62,3.37,1
436,DECODE,8,0,8,642.62,3.37,1
437,DECODE,8,0,8,643.62,3.35,1
438,DECODE,8,0,8,644.62,3.38,1
439,DECODE,8,0,8,645.62,3.37,1
440,DECODE,8,0,8,646.62,3.38,1
441,DECODE,8,0,8,647.62,3.35,1
442,DECODE,8,0,8,648.62,4.25,1
443,DECODE,8,0,8,649.62,4.15,1
444,DECODE,8,0,8,650.62,4.14,1
445,DECODE,8,0,8,651.62,4.08,1
446,DECODE,8,0,8,652.62,4.12,1
447,DECODE,8,0,8,653.62,4.10,1
448,DECODE,8,0,8,654.62,4.09,1
449,DECODE,8,0,8,655.62,4.09,1
450,DECODE,8,0,8,656.62,4.10,1
451,DECODE,8,0,8,657.62,3.47,1
452,DECODE,8,0,8,658.62,3.33,1
453,DECODE,8,0,8,659.62,3.32,1
454,DECODE,8,0,8,660.62,3.38,1
455,DECODE,8,0,8,661.62,3.38,1
456,DECODE,8,0,8,662.62,4.34,1
457,DECODE,8,0,8,663.62,4.27,1
458,DECODE,8,0,8,664.62,4.17,1
459,DECODE,8,0,8,665.62,4.12,1
460,DECODE,8,0,8,666.62,4.17,1
461,DECODE,8,0,8,667.62,4.28,1
462,DECODE,8,0,8,668.62,4.16,1
463,DECODE,8,0,8,669.62,4.15,1
464,DECODE,7,0,7,637.71,4.31,1
465,DECODE,7,0,7,638.71,4.21,1
466,DECODE,7,0,7,639.71,4.12,1
467,DECODE,7,0,7,640.71,4.08,1
468,DECODE,7,0,7,641.71,4.13,1
469,DECODE,7,0,7,642.71,4.16,1
470,DECODE,7,0,7,643.71,4.06,1
471,DECODE,7,0,7,644.71,4.26,1
472,DECODE,7,0,7,645.71,4.34,1
473,DECODE,7,0,7,646.71,4.09,1
474,DECODE,7,0,7,647.71,4.11,1
475,DECODE,7,0,7,648.71,4.10,1
476,DECODE,7,0,7,649.71,4.14,1
477,DECODE,7,0,7,650.71,4.12,1
478,DECODE,7,0,7,651.71,4.18,1
479,DECODE,7,0,7,652.71,4.16,1
480,DECODE,7,0,7,653.71,4.16,1
481,DECODE,7,0,7,654.71,4.16,1
482,DECODE,7,0,7,655.71,4.18,1
483,DECODE,7,0,7,656.71,4.12,1
484,DECODE,7,0,7,657.71,4.12,1
485,DECODE,7,0,7,658.71,4.07,1
486,DECODE,7,0,7,659.71,4.19,1
487,DECODE,7,0,7,660.71,4.10,1
488,DECODE,7,0,7,661.71,4.22,1
489,DECODE,7,0,7,662.71,4.26,1
490,DECODE,7,0,7,663.71,4.41,1
491,DECODE,7,0,7,664.71,4.29,1
492,DECODE,7,0,7,665.71,4.29,1
493,DECODE,7,0,7,666.71,4.22,1
494,DECODE,7,0,7,667.71,4.29,1
495,DECODE,7,0,7,668.71,4.20,1
496,DECODE,7,0,7,669.71,4.38,1
497,DECODE,6,0,6,673.50,4.51,1
498,DECODE,6,0,6,674.50,4.39,1
499,DECODE,6,0,6,675.50,4.30,1
500,DECODE,6,0,6,676.50,4.40,1
501,DECODE,6,0,6,677.50,4.29,1
502,DECODE,6,0,6,678.50,4.26,1
503,DECODE,6,0,6,679.50,4.37,1
504,DECODE,6,0,6,680.50,4.28,1
505,DECODE,6,0,6,681.50,4.27,1
506,DECODE,6,0,6,682.50,4.26,1
507,DECODE,6,0,6,683.50,4.29,1
508,DECODE,6,0,6,684.50,4.37,1
509,DECODE,6,0,6,685.50,4.33,1
510,DECODE,6,0,6,686.50,4.39,1
511,DECODE,6,0,6,687.50,4.34,1
512,DECODE,6,0,6,688.50,4.85,1
513,DECODE,6,0,6,689.50,4.55,1
514,DECODE,6,0,6,690.50,4.38,1
515,DECODE,6,0,6,691.50,4.38,1
516,DECODE,6,0,6,692.50,4.31,1
517,DECODE,6,0,6,693.50,4.24,1
518,DECODE,6,0,6,694.50,4.28,1
519,DECODE,5,0,5,693.60,4.46,1
520,DECODE,5,0,5,694.60,4.42,1
521,DECODE,4,0,4,699.75,5.95,1
522,DECODE,4,0,4,700.75,4.34,1
523,DECODE,4,0,4,701.75,4.27,1
524,DECODE,4,0,4,702.75,4.28,1
525,DECODE,4,0,4,703.75,4.39,1
526,DECODE,4,0,4,704.75,4.43,1
527,DECODE,4,0,4,705.75,4.25,1
528,DECODE,4,0,4,706.75,4.33,1
529,DECODE,4,0,4,707.75,4.23,1
530,DECODE,4,0,4,708.75,4.22,1
531,DECODE,4,0,4,709.75,4.19,1
532,DECODE,4,0,4,710.75,4.26,1
533,DECODE,4,0,4,711.75,4.17,1
534,DECODE,4,0,4,712.75,4.33,1
535,DECODE,4,0,4,713.75,4.20,1
536,DECODE,4,0,4,714.75,4.25,1
537,DECODE,4,0,4,715.75,4.20,1
538,DECODE,4,0,4,716.75,4.19,1
539,DECODE,4,0,4,717.75,4.20,1
540,DECODE,4,0,4,718.75,4.22,1
541,DECODE,4,0,4,719.75,4.18,1
542,DECODE,4,0,4,720.75,4.17,1
543,DECODE,4,0,4,721.75,4.17,1
544,DECODE,4,0,4,722.75,4.25,1
545,DECODE,4,0,4,723.75,4.20,1
546,DECODE,4,0,4,724.75,4.17,1
547,DECODE,4,0,4,725.75,4.22,1
548,DECODE,4,0,4,726.75,4.18,1
549,DECODE,4,0,4,727.75,4.17,1
550,DECODE,4,0,4,728.75,4.24,1
551,DECODE,4,0,4,729.75,4.27,1
552,DECODE,4,0,4,730.75,4.20,1
553,DECODE,4,0,4,731.75,4.11,1
554,DECODE,4,0,4,732.75,4.18,1
555,DECODE,4,0,4,733.75,4.17,1
556,DECODE,4,0,4,734.75,4.20,1
557,DECODE,4,0,4,735.75,4.21,1
558,DECODE,4,0,4,736.75,4.15,1
559,DECODE,4,0,4,737.75,4.16,1
560,DECODE,4,0,4,738.75,4.19,1
561,DECODE,4,0,4,739.75,4.18,1
562,DECODE,4,0,4,740.75,4.15,1
563,DECODE,4,0,4,741.75,4.18,1
564,DECODE,4,0,4,742.75,4.17,1
565,DECODE,4,0,4,743.75,4.07,1
566,DECODE,4,0,4,744.75,4.03,1
567,DECODE,4,0,4,745.75,4.00,1
568,DECODE,4,0,4,746.75,4.18,1
569,DECODE,4,0,4,747.75,4.15,1
570,DECODE,4,0,4,748.75,4.09,1
571,DECODE,4,0,4,749.75,4.08,1
572,DECODE,4,0,4,750.75,4.22,1
573,DECODE,4,0,4,751.75,4.17,1
574,DECODE,4,0,4,752.75,4.15,1
575,DECODE,4,0,4,753.75,4.08,1
576,DECODE,4,0,4,754.75,4.18,1
577,DECODE,4,0,4,755.75,4.15,1
578,DECODE,4,0,4,756.75,4.19,1
579,DECODE,4,0,4,757.75,4.03,1
580,DECODE,4,0,4,758.75,4.10,1
581,DECODE,4,0,4,759.75,4.02,1
582,DECODE,4,0,4,760.75,4.20,1
583,DECODE,4,0,4,761.75,4.01,1
584,DECODE,4,0,4,762.75,4.02,1
585,DECODE,4,0,4,763.75,3.86,1
586,DECODE,4,0,4,764.75,4.04,1
587,DECODE,4,0,4,765.75,4.02,1
588,DECODE,4,0,4,766.75,4.07,1
589,DECODE,4,0,4,767.75,4.03,1
590,DECODE,4,0,4,768.75,4.12,1
591,DECODE,4,0,4,769.75,3.99,1
592,DECODE,4,0,4,770.75,4.07,1
593,DECODE,4,0,4,771.75,4.01,1
594,DECODE,4,0,4,772.75,4.01,1
595,DECODE,4,0,4,773.75,4.08,1
596,DECODE,4,0,4,774.75,4.13,1
597,DECODE,4,0,4,775.75,4.09,1
598,DECODE,4,0,4,776.75,4.07,1
599,DECODE,4,0,4,777.75,3.99,1
600,DECODE,4,0,4,778.75,4.05,1
601,DECODE,4,0,4,779.75,4.03,1
602,DECODE,4,0,4,780.75,4.05,1
603,DECODE,4,0,4,781.75,4.00,1
604,DECODE,4,0,4,782.75,4.03,1
605,DECODE,4,0,4,783.75,4.06,1
606,DECODE,3,0,3,782.33,4.32,1
607,DECODE,3,0,3,783.33,4.04,1
608,DECODE,3,0,3,784.33,4.09,1
609,DECODE,3,0,3,785.33,4.04,1
610,DECODE,3,0,3,786.33,4.10,1
611,DECODE,3,0,3,787.33,4.01,1
612,DECODE,3,0,3,788.33,3.92,1
613,DECODE,3,0,3,789.33,4.00,1
614,DECODE,3,0,3,790.33,4.09,1
615,DECODE,3,0,3,791.33,4.04,1
616,DECODE,3,0,3,792.33,4.09,1
617,DECODE,3,0,3,793.33,4.02,1
618,DECODE,3,0,3,794.33,4.21,1
619,DECODE,3,0,3,795.33,4.02,1
620,DECODE,3,0,3,796.33,4.22,1
621,DECODE,3,0,3,797.33,4.18,1
622,DECODE,3,0,3,798.33,4.25,1
623,DECODE,3,0,3,799.33,4.20,1
624,DECODE,3,0,3,800.33,4.17,1
625,DECODE,3,0,3,801.33,4.20,1
626,DECODE,3,0,3,802.33,4.24,1
627,DECODE,3,0,3,803.33,4.19,1
628,DECODE,3,0,3,804.33,4.23,1
629,DECODE,3,0,3,805.33,4.25,1
630,DECODE,3,0,3,806.33,4.18,1
631,DECODE,3,0,3,807.33,3.34,1
632,DECODE,3,0,3,808.33,3.32,1
633,DECODE,3,0,3,809.33,3.37,1
634,DECODE,3,0,3,810.33,3.32,1
635,DECODE,3,0,3,811.33,3.37,1
636,DECODE,3,0,3,812.33,3.36,1
637,DECODE,3,0,3,813.33,3.46,1
638,DECODE,3,0,3,814.33,3.39,1
639,DECODE,3,0,3,815.33,3.38,1
640,DECODE,3,0,3,816.33,3.41,1
641,DECODE,3,0,3,817.33,3.25,1
642,DECODE,3,0,3,818.33,3.36,1
643,DECODE,3,0,3,819.33,3.37,1
644,DECODE,3,0,3,820.33,3.36,1
645,DECODE,3,0,3,821.33,3.33,1
646,DECODE,3,0,3,822.33,3.33,1
647,DECODE,3,0,3,823.33,3.36,1
648,DECODE,3,0,3,824.33,3.68,1
649,DECODE,3,0,3,825.33,3.26,1
650,DECODE,3,0,3,826.33,3.38,1
651,DECODE,3,0,3,827.33,3.37,1
652,DECODE,3,0,3,828.33,3.38,1
653,DECODE,3,0,3,829.33,3.35,1
654,DECODE,3,0,3,830.33,3.35,1
655,DECODE,3,0,3,831.33,3.38,1
656,DECODE,3,0,3,832.33,3.39,1
657,DECODE,3,0,3,833.33,3.29,1
658,DECODE,3,0,3,834.33,3.37,1
659,DECODE,3,0,3,835.33,3.35,1
660,DECODE,3,0,3,836.33,3.36,1
661,DECODE,3,0,3,837.33,3.33,1
662,DECODE,3,0,3,838.33,3.38,1
663,DECODE,3,0,3,839.33,3.34,1
664,DECODE,3,0,3,840.33,3.33,1
665,DECODE,3,0,3,841.33,3.31,1
666,DECODE,3,0,3,842.33,3.32,1
667,DECODE,3,0,3,843.33,3.32,1
668,DECODE,3,0,3,844.33,3.47,1
669,DECODE,3,0,3,845.33,3.28,1
670,DECODE,3,0,3,846.33,3.32,1
671,DECODE,3,0,3,847.33,3.31,1
672,DECODE,3,0,3,848.33,3.63,1
673,DECODE,3,0,3,849.33,3.25,1
674,DECODE,3,0,3,850.33,3.34,1
675,DECODE,3,0,3,851.33,3.31,1
676,DECODE,3,0,3,852.33,3.30,1
677,DECODE,3,0,3,853.33,3.32,1
678,DECODE,3,0,3,854.33,3.41,1
679,DECODE,3,0,3,855.33,3.84,1
680,DECODE,3,0,3,856.33,3.30,1
681,DECODE,3,0,3,857.33,3.24,1
682,DECODE,3,0,3,858.33,3.32,1
683,DECODE,3,0,3,859.33,3.27,1
684,DECODE,3,0,3,860.33,3.25,1
685,DECODE,3,0,3,861.33,3.29,1
686,DECODE,3,0,3,862.33,3.28,1
687,DECODE,3,0,3,863.33,3.33,1
688,DECODE,3,0,3,864.33,3.29,1
689,DECODE,3,0,3,865.33,3.33,1
690,DECODE,3,0,3,866.33,3.30,1
691,DECODE,3,0,3,867.33,3.29,1
692,DECODE,3,0,3,868.33,3.32,1
693,DECODE,3,0,3,869.33,3.30,1
694,DECODE,3,0,3,870.33,3.30,1
695,DECODE,3,0,3,871.33,3.32,1
696,DECODE,3,0,3,872.33,3.39,1
697,DECODE,3,0,3,873.33,3.29,1
698,DECODE,3,0,3,874.33,3.32,1
699,DECODE,3,0,3,875.33,3.36,1
700,DECODE,3,0,3,876.33,3.35,1
701,DECODE,3,0,3,877.33,3.43,1
702,DECODE,3,0,3,878.33,3.36,1
703,DECODE,3,0,3,879.33,3.34,1
704,DECODE,3,0,3,880.33,3.98,1
705,DECODE,3,0,3,881.33,3.26,1
706,DECODE,3,0,3,882.33,3.34,1
707,DECODE,3,0,3,883.33,3.35,1
708,DECODE,3,0,3,884.33,3.34,1
709,DECODE,3,0,3,885.33,3.33,1
710,DECODE,3,0,3,886.33,3.38,1
711,DECODE,3,0,3,887.33,3.45,1
712,DECODE,3,0,3,888.33,3.37,1
713,DECODE,3,0,3,889.33,3.34,1
714,DECODE,3,0,3,890.33,3.35,1
715,DECODE,3,0,3,891.33,3.34,1
716,DECODE,3,0,3,892.33,3.33,1
717,DECODE,3,0,3,893.33,3.30,1
718,DECODE,3,0,3,894.33,3.30,1
719,DECODE,3,0,3,895.33,3.28,1
720,DECODE,3,0,3,896.33,3.31,1
721,DECODE,3,0,3,897.33,3.31,1
722,DECODE,3,0,3,898.33,3.30,1
723,DECODE,3,0,3,899.33,3.27,1
724,DECODE,3,0,3,900.33,3.31,1
725,DECODE,3,0,3,901.33,3.26,1
726,DECODE,3,0,3,902.33,3.32,1
727,DECODE,3,0,3,903.33,3.29,1
728,DECODE,3,0,3,904.33,3.29,1
729,DECODE,3,0,3,905.33,3.27,1
730,DECODE,3,0,3,906.33,3.28,1
731,DECODE,3,0,3,907.33,3.26,1
732,DECODE,3,0,3,908.33,3.28,1
733,DECODE,3,0,3,909.33,3.28,1
734,DECODE,3,0,3,910.33,3.28,1
735,DECODE,3,0,3,911.33,3.32,1
736,DECODE,3,0,3,912.33,3.33,1
737,DECODE,3,0,3,913.33,3.29,1
738,DECODE,3,0,3,914.33,3.27,1
739,DECODE,3,0,3,915.33,3.29,1
740,DECODE,3,0,3,916.33,3.29,1
741,DECODE,3,0,3,917.33,3.30,1
742,DECODE,3,0,3,918.33,3.34,1
743,DECODE,3,0,3,919.33,3.30,1
744,DECODE,3,0,3,920.33,3.35,1
745,DECODE,3,0,3,921.33,3.37,1
746,DECODE,3,0,3,922.33,3.35,1
747,DECODE,3,0,3,923.33,3.34,1
748,DECODE,3,0,3,924.33,3.30,1
749,DECODE,3,0,3,925.33,3.35,1
750,DECODE,3,0,3,926.33,3.30,1
751,DECODE,3,0,3,927.33,3.30,1
752,DECODE,3,0,3,928.33,3.32,1
753,DECODE,3,0,3,929.33,3.32,1
754,DECODE,3,0,3,930.33,3.31,1
755,DECODE,3,0,3,931.33,3.35,1
756,DECODE,3,0,3,932.33,3.28,1
757,DECODE,3,0,3,933.33,3.32,1
758,DECODE,3,0,3,934.33,3.30,1
759,DECODE,3,0,3,935.33,3.35,1
760,DECODE,3,0,3,936.33,3.28,1
761,DECODE,3,0,3,937.33,3.35,1
762,DECODE,3,0,3,938.33,3.30,1
763,DECODE,3,0,3,939.33,3.35,1
764,DECODE,3,0,3,940.33,3.29,1
765,DECODE,3,0,3,941.33,3.36,1
766,DECODE,3,0,3,942.33,3.29,1
767,DECODE,3,0,3,943.33,3.36,1
768,DECODE,3,0,3,944.33,3.38,1
769,DECODE,3,0,3,945.33,3.43,1
770,DECODE,3,0,3,946.33,3.30,1
771,DECODE,3,0,3,947.33,3.35,1
772,DECODE,3,0,3,948.33,3.35,1
773,DECODE,3,0,3,949.33,3.37,1
774,DECODE,3,0,3,950.33,3.33,1
775,DECODE,2,0,2,961.00,4.17,1
776,DECODE,2,0,2,962.00,3.30,1
777,DECODE,2,0,2,963.00,3.30,1
778,DECODE,2,0,2,964.00,3.29,1
779,DECODE,2,0,2,965.00,3.27,1
780,DECODE,2,0,2,966.00,3.25,1
781,DECODE,2,0,2,967.00,3.29,1
782,DECODE,2,0,2,968.00,3.28,1
783,DECODE,2,0,2,969.00,3.33,1
784,DECODE,2,0,2,970.00,3.60,1
785,DECODE,2,0,2,971.00,3.47,1
786,DECODE,2,0,2,972.00,3.49,1
787,DECODE,2,0,2,973.00,3.48,1
788,DECODE,2,0,2,974.00,3.53,1
789,DECODE,2,0,2,975.00,3.51,1
790,DECODE,2,0,2,976.00,3.48,1
791,DECODE,2,0,2,977.00,3.45,1
792,DECODE,2,0,2,978.00,3.61,1
793,DECODE,2,0,2,979.00,3.52,1
794,DECODE,2,0,2,980.00,3.50,1
795,DECODE,2,0,2,981.00,3.48,1
796,DECODE,2,0,2,982.00,3.49,1
797,DECODE,2,0,2,983.00,4.64,1
798,DECODE,2,0,2,984.00,4.62,1
799,DECODE,2,0,2,985.00,4.65,1
800,DECODE,2,0,2,986.00,4.64,1
801,DECODE,2,0,2,987.00,3.62,1
802,DECODE,2,0,2,988.00,4.26,1
803,DECODE,2,0,2,989.00,4.16,1
804,DECODE,2,0,2,990.00,4.18,1
805,DECODE,2,0,2,991.00,4.23,1
806,DECODE,2,0,2,992.00,4.25,1
807,DECODE,2,0,2,993.00,4.25,1
808,DECODE,2,0,2,994.00,4.17,1
809,DECODE,2,0,2,995.00,4.29,1
810,DECODE,2,0,2,996.00,4.28,1
811,DECODE,2,0,2,997.00,4.28,1
812,DECODE,2,0,2,998.00,4.17,1
813,DECODE,2,0,2,999.00,4.32,1
814,DECODE,2,0,2,1000.00,4.20,1
815,DECODE,2,0,2,1001.00,4.45,1
816,DECODE,2,0,2,1002.00,4.19,1
817,DECODE,2,0,2,1003.00,4.35,1
818,DECODE,2,0,2,1004.00,4.59,1
819,DECODE,2,0,2,1005.00,4.09,1
820,DECODE,2,0,2,1006.00,4.22,1
821,DECODE,2,0,2,1007.00,4.19,1
822,DECODE,2,0,2,1008.00,4.24,1
823,DECODE,2,0,2,1009.00,4.16,1
824,DECODE,2,0,2,1010.00,4.24,1
825,DECODE,2,0,2,1011.00,4.22,1
826,DECODE,2,0,2,1012.00,4.14,1
827,DECODE,2,0,2,1013.00,4.15,1
828,DECODE,2,0,2,1014.00,4.10,1
829,DECODE,2,0,2,1015.00,4.11,1
830,DECODE,2,0,2,1016.00,4.03,1
831,DECODE,2,0,2,1017.00,3.99,1
832,DECODE,2,0,2,1018.00,4.96,1
833,DECODE,2,0,2,1019.00,4.77,1
834,DECODE,2,0,2,1020.00,4.28,1
835,DECODE,2,0,2,1021.00,4.09,1
836,DECODE,2,0,2,1022.00,4.11,1
837,DECODE,2,0,2,1023.00,4.09,1
838,DECODE,2,0,2,1024.00,3.45,1
839,DECODE,2,0,2,1025.00,4.12,1
840,DECODE,2,0,2,1026.00,3.72,1
841,DECODE,2,0,2,1027.00,4.08,1
842,DECODE,2,0,2,1028.00,4.18,1
843,DECODE,2,0,2,1029.00,4.19,1
844,DECODE,2,0,2,1030.00,4.22,1
845,DECODE,2,0,2,1031.00,4.04,1
846,DECODE,2,0,2,1032.00,4.08,1
847,DECODE,2,0,2,1033.00,4.06,1
848,DECODE,2,0,2,1034.00,4.17,1
849,DECODE,2,0,2,1035.00,4.31,1
850,DECODE,2,0,2,1036.00,4.20,1
851,DECODE,2,0,2,1037.00,4.16,1
852,DECODE,2,0,2,1038.00,4.07,1
853,DECODE,2,0,2,1039.00,4.23,1
854,DECODE,2,0,2,1040.00,4.05,1
855,DECODE,2,0,2,1041.00,4.27,1
856,DECODE,2,0,2,1042.00,4.17,1
857,DECODE,2,0,2,1043.00,4.16,1
858,DECODE,2,0,2,1044.00,3.97,1
859,DECODE,2,0,2,1045.00,4.06,1
860,DECODE,2,0,2,1046.00,4.16,1
861,DECODE,2,0,2,1047.00,5.01,1
862,DECODE,1,0,1,1048.00,5.76,1
863,DECODE,1,0,1,1049.00,3.50,1
864,DECODE,1,0,1,1050.00,3.25,1
865,DECODE,1,0,1,1051.00,3.19,1
866,DECODE,1,0,1,1052.00,3.19,1
867,DECODE,1,0,1,1053.00,3.23,1
868,DECODE,1,0,1,1054.00,3.25,1
869,DECODE,1,0,1,1055.00,3.16,1
870,DECODE,1,0,1,1056.00,3.18,1
871,DECODE,1,0,1,1057.00,3.14,1
872,DECODE,1,0,1,1058.00,3.14,1
873,DECODE,1,0,1,1059.00,3.15,1
874,DECODE,1,0,1,1060.00,3.13,1
875,DECODE,1,0,1,1061.00,3.17,1
876,DECODE,1,0,1,1062.00,3.15,1
877,DECODE,1,0,1,1063.00,3.14,1
878,DECODE,1,0,1,1064.00,3.15,1
879,DECODE,1,0,1,1065.00,3.14,1
880,DECODE,1,0,1,1066.00,3.13,1
881,DECODE,1,0,1,1067.00,3.14,1
882,DECODE,1,0,1,1068.00,3.16,1
883,DECODE,1,0,1,1069.00,3.18,1
884,DECODE,1,0,1,1070.00,3.17,1
885,DECODE,1,0,1,1071.00,3.18,1
886,DECODE,1,0,1,1072.00,3.16,1
887,DECODE,1,0,1,1073.00,3.18,1
888,DECODE,1,0,1,1074.00,3.16,1
889,DECODE,1,0,1,1075.00,3.18,1
890,DECODE,1,0,1,1076.00,3.18,1
891,DECODE,1,0,1,1077.00,3.09,1
892,DECODE,1,0,1,1078.00,3.13,1
893,DECODE,1,0,1,1079.00,3.15,1
894,DECODE,1,0,1,1080.00,3.16,1
895,DECODE,1,0,1,1081.00,3.18,1
896,DECODE,1,0,1,1082.00,3.16,1
897,DECODE,1,0,1,1083.00,3.15,1
898,DECODE,1,0,1,1084.00,3.17,1
899,DECODE,1,0,1,1085.00,3.14,1
900,DECODE,1,0,1,1086.00,3.15,1
901,DECODE,1,0,1,1087.00,3.12,1
902,DECODE,1,0,1,1088.00,3.17,1
903,DECODE,1,0,1,1089.00,3.43,1
904,DECODE,1,0,1,1090.00,3.40,1
905,DECODE,1,0,1,1091.00,3.57,1
906,DECODE,1,0,1,1092.00,3.40,1
907,DECODE,1,0,1,1093.00,3.42,1
908,DECODE,1,0,1,1094.00,3.37,1
909,DECODE,1,0,1,1095.00,3.36,1
910,DECODE,1,0,1,1096.00,3.38,1
911,DECODE,1,0,1,1097.00,3.38,1
912,DECODE,1,0,1,1098.00,3.37,1
913,DECODE,1,0,1,1099.00,3.38,1
914,DECODE,1,0,1,1100.00,3.31,1
915,DECODE,1,0,1,1101.00,3.39,1
916,DECODE,1,0,1,1102.00,3.42,1
917,DECODE,1,0,1,1103.00,3.32,1
918,DECODE,1,0,1,1104.00,3.39,1
919,DECODE,1,0,1,1105.00,3.39,1
920,DECODE,1,0,1,1106.00,3.36,1
921,DECODE,1,0,1,1107.00,3.32,1
922,DECODE,1,0,1,1108.00,3.25,1
923,DECODE,1,0,1,1109.00,3.34,1
924,DECODE,1,0,1,1110.00,3.35,1
925,DECODE,1,0,1,1111.00,3.37,1
926,DECODE,1,0,1,1112.00,3.37,1
927,DECODE,1,0,1,1113.00,3.39,1
928,DECODE,1,0,1,1114.00,3.38,1
929,DECODE,1,0,1,1115.00,3.35,1
930,DECODE,1,0,1,1116.00,3.37,1
931,DECODE,1,0,1,1117.00,3.39,1
932,DECODE,1,0,1,1118.00,3.38,1
933,DECODE,1,0,1,1119.00,3.35,1
934,DECODE,1,0,1,1120.00,3.39,1
935,DECODE,1,0,1,1121.00,3.36,1
936,DECODE,1,0,1,1122.00,3.38,1
937,DECODE,1,0,1,1123.00,3.42,1
938,DECODE,1,0,1,1124.00,3.50,1
939,DECODE,1,0,1,1125.00,3.35,1
940,DECODE,1,0,1,1126.00,3.43,1
941,DECODE,1,0,1,1127.00,3.42,1
942,DECODE,1,0,1,1128.00,3.43,1
943,DECODE,1,0,1,1129.00,3.41,1
944,DECODE,1,0,1,1130.00,3.22,1
945,DECODE,1,0,1,1131.00,3.19,1
946,DECODE,1,0,1,1132.00,3.21,1
947,DECODE,1,0,1,1133.00,3.18,1
948,DECODE,1,0,1,1134.00,3.20,1
949,DECODE,1,0,1,1135.00,3.19,1
950,DECODE,1,0,1,1136.00,3.17,1
951,DECODE,1,0,1,1137.00,3.18,1
952,DECODE,1,0,1,1138.00,3.16,1
953,DECODE,1,0,1,1139.00,3.17,1
954,DECODE,1,0,1,1140.00,3.08,1
955,DECODE,1,0,1,1141.00,3.15,1
956,DECODE,1,0,1,1142.00,3.19,1
957,DECODE,1,0,1,1143.00,3.23,1
958,DECODE,1,0,1,1144.00,3.12,1
959,DECODE,1,0,1,1145.00,3.13,1
960,DECODE,1,0,1,1146.00,3.15,1
961,DECODE,1,0,1,1147.00,3.15,1
962,DECODE,1,0,1,1148.00,3.19,1
963,DECODE,1,0,1,1149.00,3.15,1
964,DECODE,1,0,1,1150.00,3.15,1
965,DECODE,1,0,1,1151.00,3.15,1
966,DECODE,1,0,1,1152.00,3.21,1
967,DECODE,1,0,1,1153.00,3.71,1
968,DECODE,1,0,1,1154.00,3.23,1
969,DECODE,1,0,1,1155.00,3.17,1
970,DECODE,1,0,1,1156.00,3.16,1
971,DECODE,1,0,1,1157.00,3.16,1
972,DECODE,1,0,1,1158.00,3.19,1
973,DECODE,1,0,1,1159.00,3.16,1
974,DECODE,1,0,1,1160.00,3.20,1
975,DECODE,1,0,1,1161.00,3.19,1
976,DECODE,1,0,1,1162.00,3.20,1
977,DECODE,1,0,1,1163.00,3.23,1
978,DECODE,1,0,1,1164.00,3.26,1
979,DECODE,1,0,1,1165.00,3.15,1
980,DECODE,1,0,1,1166.00,3.17,1
981,DECODE,1,0,1,1167.00,3.15,1
982,DECODE,1,0,1,1168.00,3.15,1
983,DECODE,1,0,1,1169.00,3.24,1
984,DECODE,1,0,1,1170.00,3.19,1
985,DECODE,1,0,1,1171.00,3.18,1
986,DECODE,1,0,1,1172.00,3.20,1
987,DECODE,1,0,1,1173.00,3.16,1
988,DECODE,1,0,1,1174.00,3.17,1
989,DECODE,1,0,1,1175.00,3.19,1
990,DECODE,1,0,1,1176.00,3.15,1
991,DECODE,1,0,1,1177.00,3.20,1
992,DECODE,1,0,1,1178.00,3.18,1
993,DECODE,1,0,1,1179.00,3.15,1
994,DECODE,1,0,1,1180.00,3.17,1
995,DECODE,1,0,1,1181.00,3.18,1
996,DECODE,1,0,1,1182.00,3.17,1
997,DECODE,1,0,1,1183.00,3.14,1
998,DECODE,1,0,1,1184.00,3.18,1
999,DECODE,1,0,1,1185.00,3.17,1
1000,DECODE,1,0,1,1186.00,3.16,1
1001,DECODE,1,0,1,1187.00,3.15,1
1002,DECODE,1,0,1,1188.00,3.17,1
1003,DECODE,1,0,1,1189.00,3.17,1
1004,DECODE,1,0,1,1190.00,3.18,1
1005,DECODE,1,0,1,1191.00,3.16,1
1006,DECODE,1,0,1,1192.00,3.20,1
1007,DECODE,1,0,1,1193.00,3.20,1
1008,DECODE,1,0,1,1194.00,3.17,1
1009,DECODE,1,0,1,1195.00,3.07,1
1010,DECODE,1,0,1,1196.00,3.14,1
1011,DECODE,1,0,1,1197.00,3.15,1
1012,DECODE,1,0,1,1198.00,3.14,1
1013,DECODE,1,0,1,1199.00,3.21,1
1014,DECODE,1,0,1,1200.00,3.15,1
1015,DECODE,1,0,1,1201.00,3.17,1
1016,DECODE,1,0,1,1202.00,3.14,1
1017,DECODE,1,0,1,1203.00,3.15,1
1018,DECODE,1,0,1,1204.00,3.20,1
1019,DECODE,1,0,1,1205.00,3.21,1
1020,DECODE,1,0,1,1206.00,3.12,1
1021,DECODE,1,0,1,1207.00,3.14,1
1022,DECODE,1,0,1,1208.00,3.14,1
1023,DECODE,1,0,1,1209.00,3.16,1
1024,DECODE,1,0,1,1210.00,3.15,1
1025,DECODE,1,0,1,1211.00,3.19,1
1026,DECODE,1,0,1,1212.00,3.20,1
1027,DECODE,1,0,1,1213.00,3.20,1
1028,DECODE,1,0,1,1214.00,3.16,1
1029,DECODE,1,0,1,1215.00,3.16,1
1030,DECODE,1,0,1,1216.00,3.13,1
1031,DECODE,1,0,1,1217.00,3.15,1
1032,DECODE,1,0,1,1218.00,3.13,1
1033,DECODE,1,0,1,1219.00,3.11,1
1034,DECODE,1,0,1,1220.00,3.13,1
1035,DECODE,1,0,1,1221.00,3.13,1
1036,DECODE,1,0,1,1222.00,3.13,1
1037,DECODE,1,0,1,1223.00,3.16,1
1038,DECODE,1,0,1,1224.00,3.13,1
1039,DECODE,1,0,1,1225.00,3.18,1
1040,DECODE,1,0,1,1226.00,3.16,1
1041,DECODE,1,0,1,1227.00,3.14,1
1042,DECODE,1,0,1,1228.00,3.18,1
1043,DECODE,1,0,1,1229.00,3.21,1
1044,DECODE,1,0,1,1230.00,3.16,1
1045,DECODE,1,0,1,1231.00,3.18,1
1046,DECODE,1,0,1,1232.00,3.16,1
1047,DECODE,1,0,1,1233.00,3.20,1
1048,DECODE,1,0,1,1234.00,3.16,1
1049,DECODE,1,0,1,1235.00,3.10,1
1050,DECODE,1,0,1,1236.00,3.26,1
1051,DECODE,1,0,1,1237.00,3.15,1
1052,DECODE,1,0,1,1238.00,3.18,1
1053,DECODE,1,0,1,1239.00,3.16,1
1054,DECODE,1,0,1,1240.00,3.18,1
1055,DECODE,1,0,1,1241.00,3.17,1
1056,DECODE,1,0,1,1242.00,3.25,1
1057,DECODE,1,0,1,1243.00,3.22,1
1058,DECODE,1,0,1,1244.00,3.20,1
1059,DECODE,1,0,1,1245.00,3.28,1
1060,DECODE,1,0,1,1246.00,3.17,1
1061,DECODE,1,0,1,1247.00,3.16,1
1062,DECODE,1,0,1,1248.00,3.18,1
1063,DECODE,1,0,1,1249.00,3.19,1
1064,DECODE,1,0,1,1250.00,3.18,1
1065,DECODE,1,0,1,1251.00,3.17,1
1066,DECODE,1,0,1,1252.00,3.17,1
1067,DECODE,1,0,1,1253.00,3.24,1
1068,DECODE,1,0,1,1254.00,3.14,1
1069,DECODE,1,0,1,1255.00,3.16,1
1070,DECODE,1,0,1,1256.00,3.23,1
1071,DECODE,1,0,1,1257.00,3.74,1
1072,DECODE,1,0,1,1258.00,3.19,1
1073,DECODE,1,0,1,1259.00,3.16,1
1074,DECODE,1,0,1,1260.00,3.39,1
1075,DECODE,1,0,1,1261.00,3.21,1
1076,DECODE,1,0,1,1262.00,3.19,1
1077,DECODE,1,0,1,1263.00,3.22,1
1078,DECODE,1,0,1,1264.00,3.16,1
1079,DECODE,1,0,1,1265.00,3.19,1
1080,DECODE,1,0,1,1266.00,3.19,1
1081,DECODE,1,0,1,1267.00,3.17,1
1082,DECODE,1,0,1,1268.00,3.18,1
1083,DECODE,1,0,1,1269.00,3.15,1
1084,DECODE,1,0,1,1270.00,3.15,1
1085,DECODE,1,0,1,1271.00,3.19,1
1086,DECODE,1,0,1,1272.00,3.16,1
1087,DECODE,1,0,1,1273.00,3.23,1
1088,DECODE,1,0,1,1274.00,3.17,1
1089,DECODE,1,0,1,1275.00,3.12,1
1090,DECODE,1,0,1,1276.00,3.16,1
1091,DECODE,1,0,1,1277.00,3.17,1
1092,DECODE,1,0,1,1278.00,3.17,1
1093,DECODE,1,0,1,1279.00,3.15,1
1094,DECODE,1,0,1,1280.00,3.13,1
1095,DECODE,1,0,1,1281.00,3.14,1
1096,DECODE,1,0,1,1282.00,3.13,1
1097,DECODE,1,0,1,1283.00,3.12,1
1098,DECODE,1,0,1,1284.00,3.13,1
1099,DECODE,1,0,1,1285.00,3.13,1
1100,DECODE,1,0,1,1286.00,3.13,1
1101,DECODE,1,0,1,1287.00,3.14,1
1102,DECODE,1,0,1,1288.00,3.15,1
1103,DECODE,1,0,1,1289.00,3.17,1
1104,DECODE,1,0,1,1290.00,3.15,1
1105,DECODE,1,0,1,1291.00,3.16,1
1106,DECODE,1,0,1,1292.00,3.14,1
1107,DECODE,1,0,1,1293.00,3.16,1
1108,DECODE,1,0,1,1294.00,3.99,1
1109,DECODE,1,0,1,1295.00,3.81,1
1110,DECODE,1,0,1,1296.00,3.60,1
1111,DECODE,1,0,1,1297.00,3.63,1
1112,DECODE,1,0,1,1298.00,3.59,1
1113,DECODE,1,0,1,1299.00,3.59,1
1114,DECODE,1,0,1,1300.00,3.65,1
1115,DECODE,1,0,1,1301.00,3.62,1
1116,DECODE,1,0,1,1302.00,3.62,1
1117,DECODE,1,0,1,1303.00,3.59,1
1118,DECODE,1,0,1,1304.00,3.60,1
1119,DECODE,1,0,1,1305.00,3.62,1
1120,DECODE,1,0,1,1306.00,3.62,1
1121,DECODE,1,0,1,1307.00,3.64,1
1122,DECODE,1,0,1,1308.00,3.60,1
1123,DECODE,1,0,1,1309.00,3.63,1
1124,DECODE,1,0,1,1310.00,3.67,1
1125,DECODE,1,0,1,1311.00,3.63,1
1126,DECODE,1,0,1,1312.00,3.68,1
1127,DECODE,1,0,1,1313.00,3.52,1
1128,DECODE,1,0,1,1314.00,3.62,1
1129,DECODE,1,0,1,1315.00,3.63,1
1130,DECODE,1,0,1,1316.00,3.61,1
1131,DECODE,1,0,1,1317.00,3.63,1
1132,DECODE,1,0,1,1318.00,3.57,1
1133,DECODE,1,0,1,1319.00,3.64,1
1134,DECODE,1,0,1,1320.00,3.65,1
1135,DECODE,1,0,1,1321.00,3.61,1
1136,DECODE,1,0,1,1322.00,3.65,1
1137,DECODE,1,0,1,1323.00,3.66,1
1138,DECODE,1,0,1,1324.00,3.17,1
1139,DECODE,1,0,1,1325.00,3.98,1
1140,DECODE,1,0,1,1326.00,3.86,1
1141,DECODE,1,0,1,1327.00,3.87,1
1142,DECODE,1,0,1,1328.00,3.84,1
1143,DECODE,1,0,1,1329.00,3.83,1
1144,DECODE,1,0,1,1330.00,3.50,1
1145,DECODE,1,0,1,1331.00,3.29,1
1146,DECODE,1,0,1,1332.00,3.78,1
1147,DECODE,1,0,1,1333.00,3.68,1
1148,DECODE,1,0,1,1334.00,3.65,1
1149,DECODE,1,0,1,1335.00,3.69,1
1150,DECODE,1,0,1,1336.00,3.34,1
1151,DECODE,1,0,1,1337.00,3.31,1
1152,DECODE,1,0,1,1338.00,3.31,1
1153,DECODE,1,0,1,1339.00,3.33,1
1154,DECODE,1,0,1,1340.00,3.32,1
1155,DECODE,1,0,1,1341.00,3.97,1
1156,DECODE,1,0,1,1342.00,3.96,1
1157,DECODE,1,0,1,1343.00,3.91,1
1158,DECODE,1,0,1,1344.00,3.94,1
1159,DECODE,1,0,1,1345.00,3.95,1
1160,DECODE,1,0,1,1346.00,3.99,1
1161,DECODE,1,0,1,1347.00,5.32,1
1162,DECODE,1,0,1,1348.00,3.64,1
1163,DECODE,1,0,1,1349.00,3.97,1
1164,DECODE,1,0,1,1350.00,3.96,1
1165,DECODE,1,0,1,1351.00,3.64,1
1166,DECODE,1,0,1,1352.00,3.99,1
1167,DECODE,1,0,1,1353.00,3.96,1
1168,DECODE,1,0,1,1354.00,3.95,1
1169,DECODE,1,0,1,1355.00,3.95,1
1170,DECODE,1,0,1,1356.00,3.94,1
1171,DECODE,1,0,1,1357.00,3.88,1
1172,DECODE,1,0,1,1358.00,3.22,1
1173,DECODE,1,0,1,1359.00,3.21,1
1174,DECODE,1,0,1,1360.00,3.17,1
1175,DECODE,1,0,1,1361.00,3.18,1
1176,DECODE,1,0,1,1362.00,3.14,1
1177,DECODE,1,0,1,1363.00,3.17,1
1178,DECODE,1,0,1,1364.00,3.18,1
1179,DECODE,1,0,1,1365.00,3.15,1
1180,DECODE,1,0,1,1366.00,3.13,1
1181,DECODE,1,0,1,1367.00,3.17,1
1182,DECODE,1,0,1,1368.00,3.14,1
1183,DECODE,1,0,1,1369.00,3.16,1
1184,DECODE,1,0,1,1370.00,3.17,1
1185,DECODE,1,0,1,1371.00,3.18,1
1186,DECODE,1,0,1,1372.00,3.19,1
1187,DECODE,1,0,1,1373.00,3.17,1
1188,DECODE,1,0,1,1374.00,3.21,1
1189,DECODE,1,0,1,1375.00,3.18,1
1190,DECODE,1,0,1,1376.00,3.19,1
1191,DECODE,1,0,1,1377.00,3.21,1
1192,DECODE,1,0,1,1378.00,3.21,1
1193,DECODE,1,0,1,1379.00,3.20,1
1194,DECODE,1,0,1,1380.00,3.22,1
1195,DECODE,1,0,1,1381.00,3.22,1
1196,DECODE,1,0,1,1382.00,3.21,1
1197,DECODE,1,0,1,1383.00,3.18,1
1198,DECODE,1,0,1,1384.00,3.25,1
1199,DECODE,1,0,1,1385.00,3.20,1
1200,DECODE,1,0,1,1386.00,3.11,1
1201,DECODE,1,0,1,1387.00,3.20,1
1202,DECODE,1,0,1,1388.00,3.27,1
1203,DECODE,1,0,1,1389.00,3.23,1
1204,DECODE,1,0,1,1390.00,3.17,1
1205,DECODE,1,0,1,1391.00,3.22,1
1206,DECODE,1,0,1,1392.00,3.22,1
1207,DECODE,1,0,1,1393.00,3.18,1
1208,DECODE,1,0,1,1394.00,3.21,1
1209,DECODE,1,0,1,1395.00,3.25,1
1210,DECODE,1,0,1,1396.00,3.21,1
1211,DECODE,1,0,1,1397.00,3.13,1
1212,DECODE,1,0,1,1398.00,3.17,1
1213,DECODE,1,0,1,1399.00,3.13,1
1214,DECODE,1,0,1,1400.00,4.12,1
1215,DECODE,1,0,1,1401.00,4.01,1
1216,DECODE,1,0,1,1402.00,4.06,1
1217,DECODE,1,0,1,1403.00,4.00,1
1218,DECODE,1,0,1,1404.00,4.13,1
1219,DECODE,1,0,1,1405.00,4.00,1
1220,DECODE,1,0,1,1406.00,3.95,1
1221,DECODE,1,0,1,1407.00,3.89,1
1222,DECODE,1,0,1,1408.00,3.93,1
1223,DECODE,1,0,1,1409.00,3.82,1
1224,DECODE,1,0,1,1410.00,3.89,1
1225,DECODE,1,0,1,1411.00,3.83,1
1226,DECODE,1,0,1,1412.00,3.95,1
1227,DECODE,1,0,1,1413.00,3.85,1
1228,DECODE,1,0,1,1414.00,3.89,1
1229,DECODE,1,0,1,1415.00,3.79,1
1230,DECODE,1,0,1,1416.00,3.87,1
1231,DECODE,1,0,1,1417.00,3.89,1
1232,DECODE,1,0,1,1418.00,3.88,1
1233,DECODE,1,0,1,1419.00,3.76,1
1234,DECODE,1,0,1,1420.00,3.84,1
1235,DECODE,1,0,1,1421.00,3.85,1
1236,DECODE,1,0,1,1422.00,3.88,1
1237,DECODE,1,0,1,1423.00,3.17,1
1238,DECODE,1,0,1,1424.00,3.96,1
1239,DECODE,1,0,1,1425.00,3.83,1
1240,DECODE,1,0,1,1426.00,3.92,1
1241,DECODE,1,0,1,1427.00,3.86,1
1242,DECODE,1,0,1,1428.00,3.90,1
1243,DECODE,1,0,1,1429.00,3.79,1
1244,DECODE,1,0,1,1430.00,3.25,1
1245,DECODE,1,0,1,1431.00,3.24,1
1246,DECODE,1,0,1,1432.00,3.15,1
1247,DECODE,1,0,1,1433.00,3.12,1
1248,DECODE,1,0,1,1434.00,3.22,1
1249,DECODE,1,0,1,1435.00,3.14,1
1250,DECODE,1,0,1,1436.00,3.22,1
1251,DECODE,1,0,1,1437.00,3.17,1
1252,DECODE,1,0,1,1438.00,3.21,1
1253,DECODE,1,0,1,1439.00,3.17,1
1254,DECODE,1,0,1,1440.00,3.22,1
1255,DECODE,1,0,1,1441.00,3.15,1
1256,DECODE,1,0,1,1442.00,3.20,1
1257,DECODE,1,0,1,1443.00,3.19,1
1258,DECODE,1,0,1,1444.00,3.18,1
1259,DECODE,1,0,1,1445.00,3.18,1
1260,DECODE,1,0,1,1446.00,3.20,1
1261,DECODE,1,0,1,1447.00,3.08,1
1262,DECODE,1,0,1,1448.00,3.20,1
1263,DECODE,1,0,1,1449.00,3.24,1
1264,DECODE,1,0,1,1450.00,3.24,1
1265,DECODE,1,0,1,1451.00,3.16,1
1266,DECODE,1,0,1,1452.00,3.24,1
1267,DECODE,1,0,1,1453.00,3.17,1
1268,DECODE,1,0,1,1454.00,3.22,1
1269,DECODE,1,0,1,1455.00,3.14,1
1270,DECODE,1,0,1,1456.00,3.23,1
1271,DECODE,1,0,1,1457.00,3.12,1
1272,DECODE,1,0,1,1458.00,3.24,1
1273,DECODE,1,0,1,1459.00,3.24,1
1274,DECODE,1,0,1,1460.00,3.20,1
1275,DECODE,1,0,1,1461.00,3.12,1
1276,DECODE,1,0,1,1462.00,3.24,1
1277,DECODE,1,0,1,1463.00,3.17,1
1278,DECODE,1,0,1,1464.00,3.21,1
1279,DECODE,1,0,1,1465.00,3.16,1
1280,DECODE,1,0,1,1466.00,3.30,1
1281,DECODE,1,0,1,1467.00,3.21,1
1282,DECODE,1,0,1,1468.00,3.21,1
1283,DECODE,1,0,1,1469.00,3.19,1
1284,DECODE,1,0,1,1470.00,3.24,1
1285,DECODE,1,0,1,1471.00,3.25,1
1286,DECODE,1,0,1,1472.00,3.28,1
1287,DECODE,1,0,1,1473.00,3.16,1
1288,DECODE,1,0,1,1474.00,3.28,1
1289,DECODE,1,0,1,1475.00,3.35,1
1290,DECODE,1,0,1,1476.00,3.24,1
1291,DECODE,1,0,1,1477.00,3.19,1
1292,DECODE,1,0,1,1478.00,3.20,1
1293,DECODE,1,0,1,1479.00,3.17,1
1294,DECODE,1,0,1,1480.00,3.20,1
1295,DECODE,1,0,1,1481.00,3.16,1
1296,DECODE,1,0,1,1482.00,3.19,1
1297,DECODE,1,0,1,1483.00,3.11,1
1298,DECODE,1,0,1,1484.00,3.16,1
1299,DECODE,1,0,1,1485.00,3.14,1
1300,DECODE,1,0,1,1486.00,3.17,1
1301,DECODE,1,0,1,1487.00,3.18,1
1302,DECODE,1,0,1,1488.00,3.18,1
1303,DECODE,1,0,1,1489.00,3.18,1
1304,DECODE,1,0,1,1490.00,3.19,1
1305,DECODE,1,0,1,1491.00,3.16,1
1306,DECODE,1,0,1,1492.00,3.17,1
1307,DECODE,1,0,1,1493.00,3.16,1
1308,DECODE,1,0,1,1494.00,3.26,1
1309,DECODE,1,0,1,1495.00,3.18,1
1310,DECODE,1,0,1,1496.00,3.19,1
1311,DECODE,1,0,1,1497.00,3.16,1
1312,DECODE,1,0,1,1498.00,3.19,1
1313,DECODE,1,0,1,1499.00,3.15,1
1314,DECODE,1,0,1,1500.00,3.17,1
1315,DECODE,1,0,1,1501.00,3.13,1
1316,DECODE,1,0,1,1502.00,3.20,1
1317,DECODE,1,0,1,1503.00,3.17,1
1318,DECODE,1,0,1,1504.00,3.14,1
1319,DECODE,1,0,1,1505.00,3.21,1
1320,DECODE,1,0,1,1506.00,3.16,1
1321,DECODE,1,0,1,1507.00,3.24,1
1322,DECODE,1,0,1,1508.00,3.18,1
1323,DECODE,1,0,1,1509.00,3.23,1
1324,DECODE,1,0,1,1510.00,3.17,1
1325,DECODE,1,0,1,1511.00,3.30,1
1326,DECODE,1,0,1,1512.00,3.18,1
1327,DECODE,1,0,1,1513.00,3.16,1
1328,DECODE,1,0,1,1514.00,3.24,1
1329,DECODE,1,0,1,1515.00,3.27,1
1330,DECODE,1,0,1,1516.00,3.27,1
1331,DECODE,1,0,1,1517.00,3.21,1
1332,DECODE,1,0,1,1518.00,3.16,1
1333,DECODE,1,0,1,1519.00,3.17,1
1334,DECODE,1,0,1,1520.00,3.17,1
1335,DECODE,1,0,1,1521.00,3.18,1
1336,DECODE,1,0,1,1522.00,3.18,1
1337,DECODE,1,0,1,1523.00,3.14,1
1338,DECODE,1,0,1,1524.00,3.12,1
1339,DECODE,1,0,1,1525.00,3.15,1
1340,DECODE,1,0,1,1526.00,3.19,1
1341,DECODE,1,0,1,1527.00,3.14,1
1342,DECODE,1,0,1,1528.00,3.15,1
1343,DECODE,1,0,1,1529.00,3.17,1
1344,DECODE,1,0,1,1530.00,3.17,1
1345,DECODE,1,0,1,1531.00,3.19,1
1346,DECODE,1,0,1,1532.00,3.16,1
1347,DECODE,1,0,1,1533.00,3.20,1
1348,DECODE,1,0,1,1534.00,3.14,1
1349,DECODE,1,0,1,1535.00,3.19,1
1350,DECODE,1,0,1,1536.00,3.18,1
1351,DECODE,1,0,1,1537.00,3.26,1
1352,DECODE,1,0,1,1538.00,3.33,1
1353,DECODE,1,0,1,1539.00,3.15,1
1354,DECODE,1,0,1,1540.00,3.18,1
1355,DECODE,1,0,1,1541.00,3.17,1
1356,DECODE,1,0,1,1542.00,3.14,1
1357,DECODE,1,0,1,1543.00,3.27,1
1358,DECODE,1,0,1,1544.00,3.15,1
1359,DECODE,1,0,1,1545.00,3.15,1
1360,DECODE,1,0,1,1546.00,3.14,1
1361,DECODE,1,0,1,1547.00,3.24,1
1362,DECODE,1,0,1,1548.00,3.17,1
1363,DECODE,1,0,1,1549.00,3.17,1
1364,DECODE,1,0,1,1550.00,3.19,1
1365,DECODE,1,0,1,1551.00,3.20,1
1366,DECODE,1,0,1,1552.00,3.15,1
1367,DECODE,1,0,1,1553.00,3.19,1
1368,DECODE,1,0,1,1554.00,3.14,1
1369,DECODE,1,0,1,1555.00,3.17,1
1370,DECODE,1,0,1,1556.00,3.16,1
1371,DECODE,1,0,1,1557.00,3.21,1
1372,DECODE,1,0,1,1558.00,3.14,1
1373,DECODE,1,0,1,1559.00,3.17,1
1374,DECODE,1,0,1,1560.00,3.17,1
1375,DECODE,1,0,1,1561.00,3.14,1
1376,DECODE,1,0,1,1562.00,3.21,1
1377,DECODE,1,0,1,1563.00,3.16,1
1378,DECODE,1,0,1,1564.00,3.17,1
1379,DECODE,1,0,1,1565.00,3.21,1
1380,DECODE,1,0,1,1566.00,3.18,1
1381,DECODE,1,0,1,1567.00,3.16,1
1382,DECODE,1,0,1,1568.00,3.16,1
1383,DECODE,1,0,1,1569.00,3.16,1
1384,DECODE,1,0,1,1570.00,3.32,1
1385,DECODE,1,0,1,1571.00,3.20,1
1386,DECODE,1,0,1,1572.00,3.13,1
1387,DECODE,1,0,1,1573.00,3.19,1
1388,DECODE,1,0,1,1574.00,3.14,1
1389,DECODE,1,0,1,1575.00,3.17,1
1390,DECODE,1,0,1,1576.00,3.12,1
1391,DECODE,1,0,1,1577.00,3.17,1
1392,DECODE,1,0,1,1578.00,3.14,1
1393,DECODE,1,0,1,1579.00,3.14,1
1394,DECODE,1,0,1,1580.00,3.16,1
1395,DECODE,1,0,1,1581.00,3.14,1
1396,DECODE,1,0,1,1582.00,3.16,1
1397,DECODE,1,0,1,1583.00,3.15,1
1398,DECODE,1,0,1,1584.00,3.17,1
1399,DECODE,1,0,1,1585.00,3.17,1
1400,DECODE,1,0,1,1586.00,3.11,1
1401,DECODE,1,0,1,1587.00,3.15,1
1402,DECODE,1,0,1,1588.00,3.15,1
1403,DECODE,1,0,1,1589.00,3.22,1
1404,DECODE,1,0,1,1590.00,3.16,1
1405,DECODE,1,0,1,1591.00,3.19,1
1406,DECODE,1,0,1,1592.00,3.16,1
1407,DECODE,1,0,1,1593.00,3.14,1
1408,DECODE,1,0,1,1594.00,3.17,1
1409,DECODE,1,0,1,1595.00,3.16,1
1410,DECODE,1,0,1,1596.00,3.13,1
1411,DECODE,1,0,1,1597.00,3.15,1
1412,DECODE,1,0,1,1598.00,3.18,1
1413,DECODE,1,0,1,1599.00,3.16,1
1414,DECODE,1,0,1,1600.00,3.14,1
1415,DECODE,1,0,1,1601.00,3.17,1
1416,DECODE,1,0,1,1602.00,3.14,1
1417,DECODE,1,0,1,1603.00,3.15,1
1418,DECODE,1,0,1,1604.00,3.16,1
1419,DECODE,1,0,1,1605.00,3.14,1
1420,DECODE,1,0,1,1606.00,3.19,1
1421,DECODE,1,0,1,1607.00,3.13,1
1422,DECODE,1,0,1,1608.00,3.15,1
1423,DECODE,1,0,1,1609.00,3.14,1
1424,DECODE,1,0,1,1610.00,3.17,1
1425,DECODE,1,0,1,1611.00,3.14,1
1426,DECODE,1,0,1,1612.00,3.17,1
1427,DECODE,1,0,1,1613.00,3.21,1
1428,DECODE,1,0,1,1614.00,3.15,1
1429,DECODE,1,0,1,1615.00,3.14,1
1430,DECODE,1,0,1,1616.00,3.16,1
1431,DECODE,1,0,1,1617.00,3.12,1
1432,DECODE,1,0,1,1618.00,3.20,1
1433,DECODE,1,0,1,1619.00,3.14,1
1434,DECODE,1,0,1,1620.00,3.15,1
1435,DECODE,1,0,1,1621.00,3.16,1
1436,DECODE,1,0,1,1622.00,3.17,1
1437,DECODE,1,0,1,1623.00,3.16,1
1438,DECODE,1,0,1,1624.00,3.16,1
1439,DECODE,1,0,1,1625.00,3.15,1
1440,DECODE,1,0,1,1626.00,3.16,1
1441,DECODE,1,0,1,1627.00,3.15,1
1442,DECODE,1,0,1,1628.00,3.16,1
1443,DECODE,1,0,1,1629.00,3.15,1
1444,DECODE,1,0,1,1630.00,3.18,1
1445,DECODE,1,0,1,1631.00,3.15,1
1446,DECODE,1,0,1,1632.00,3.18,1
1447,DECODE,1,0,1,1633.00,3.14,1
1448,DECODE,1,0,1,1634.00,3.18,1
1449,DECODE,1,0,1,1635.00,3.14,1
1450,DECODE,1,0,1,1636.00,3.16,1
1451,DECODE,1,0,1,1637.00,3.21,1
1452,DECODE,1,0,1,1638.00,3.14,1
1453,DECODE,1,0,1,1639.00,3.15,1
1454,DECODE,1,0,1,1640.00,3.18,1
1455,DECODE,1,0,1,1641.00,3.18,1
1456,DECODE,1,0,1,1642.00,3.17,1
1457,DECODE,1,0,1,1643.00,3.13,1
1458,DECODE,1,0,1,1644.00,3.15,1
1459,DECODE,1,0,1,1645.00,3.13,1
1460,DECODE,1,0,1,1646.00,3.12,1
1461,DECODE,1,0,1,1647.00,3.15,1
1462,DECODE,1,0,1,1648.00,3.16,1
1463,DECODE,1,0,1,1649.00,3.16,1
1464,DECODE,1,0,1,1650.00,3.12,1
1465,DECODE,1,0,1,1651.00,3.13,1
1466,DECODE,1,0,1,1652.00,3.13,1
1467,DECODE,1,0,1,1653.00,3.20,1
1468,DECODE,1,0,1,1654.00,3.15,1
1469,DECODE,1,0,1,1655.00,3.12,1
1470,DECODE,1,0,1,1656.00,3.15,1
1471,DECODE,1,0,1,1657.00,3.14,1
1472,DECODE,1,0,1,1658.00,3.17,1
1473,DECODE,1,0,1,1659.00,3.16,1
1474,DECODE,1,0,1,1660.00,3.16,1
1475,DECODE,1,0,1,1661.00,3.20,1
1476,DECODE,1,0,1,1662.00,3.17,1
1477,DECODE,1,0,1,1663.00,3.26,1
1478,DECODE,1,0,1,1664.00,3.18,1
1479,DECODE,1,0,1,1665.00,3.23,1
1480,DECODE,1,0,1,1666.00,3.16,1
1481,DECODE,1,0,1,1667.00,3.22,1
1482,DECODE,1,0,1,1668.00,3.16,1
1483,DECODE,1,0,1,1669.00,3.23,1
1484,DECODE,1,0,1,1670.00,3.13,1
1485,DECODE,1,0,1,1671.00,3.20,1
1486,DECODE,1,0,1,1672.00,3.19,1
1487,DECODE,1,0,1,1673.00,3.19,1
1488,DECODE,1,0,1,1674.00,3.14,1
1489,DECODE,1,0,1,1675.00,3.18,1
1490,DECODE,1,0,1,1676.00,3.10,1
1491,DECODE,1,0,1,1677.00,3.25,1
1492,DECODE,1,0,1,1678.00,3.13,1
1493,DECODE,1,0,1,1679.00,3.21,1
1494,DECODE,1,0,1,1680.00,3.15,1
1495,DECODE,1,0,1,1681.00,3.19,1
1496,DECODE,1,0,1,1682.00,3.14,1
1497,DECODE,1,0,1,1683.00,3.24,1
1498,DECODE,1,0,1,1684.00,3.15,1
1499,DECODE,1,0,1,1685.00,3.21,1
1500,DECODE,1,0,1,1686.00,3.13,1
1501,DECODE,1,0,1,1687.00,3.20,1
1502,DECODE,1,0,1,1688.00,3.15,1
1503,DECODE,1,0,1,1689.00,3.19,1
1504,DECODE,1,0,1,1690.00,3.18,1
1505,DECODE,1,0,1,1691.00,3.16,1
1506,DECODE,1,0,1,1692.00,3.12,1
1507,DECODE,1,0,1,1693.00,3.14,1
1508,DECODE,1,0,1,1694.00,3.08,1
1509,DECODE,1,0,1,1695.00,3.16,1
1510,DECODE,1,0,1,1696.00,3.12,1
1511,DECODE,1,0,1,1697.00,3.15,1
1512,DECODE,1,0,1,1698.00,3.16,1
1513,DECODE,1,0,1,1699.00,3.16,1
1514,DECODE,1,0,1,1700.00,3.14,1
1515,DECODE,1,0,1,1701.00,3.15,1
1516,DECODE,1,0,1,1702.00,3.14,1
1517,DECODE,1,0,1,1703.00,3.21,1
1518,DECODE,1,0,1,1704.00,3.15,1
1519,DECODE,1,0,1,1705.00,3.20,1
1520,DECODE,1,0,1,1706.00,3.15,1
1521,DECODE,1,0,1,1707.00,3.24,1
1522,DECODE,1,0,1,1708.00,3.20,1
1523,DECODE,1,0,1,1709.00,3.20,1
1524,DECODE,1,0,1,1710.00,3.21,1
1525,DECODE,1,0,1,1711.00,3.24,1
1526,DECODE,1,0,1,1712.00,3.20,1
1527,DECODE,1,0,1,1713.00,3.18,1
1528,DECODE,1,0,1,1714.00,3.09,1
1529,DECODE,1,0,1,1715.00,3.18,1
1530,DECODE,1,0,1,1716.00,3.15,1
1531,DECODE,1,0,1,1717.00,3.16,1
1532,DECODE,1,0,1,1718.00,3.18,1
1533,DECODE,1,0,1,1719.00,3.19,1
1534,DECODE,1,0,1,1720.00,3.21,1
1535,DECODE,1,0,1,1721.00,3.14,1
1536,DECODE,1,0,1,1722.00,3.19,1
1537,DECODE,1,0,1,1723.00,3.17,1
1538,DECODE,1,0,1,1724.00,3.24,1
1539,DECODE,1,0,1,1725.00,3.14,1
1540,DECODE,1,0,1,1726.00,3.20,1
1541,DECODE,1,0,1,1727.00,3.23,1
1542,DECODE,1,0,1,1728.00,3.19,1
1543,DECODE,1,0,1,1729.00,3.25,1
1544,DECODE,1,0,1,1730.00,3.20,1
1545,DECODE,1,0,1,1731.00,3.25,1
1546,DECODE,1,0,1,1732.00,3.15,1
1547,DECODE,1,0,1,1733.00,3.09,1
1548,DECODE,1,0,1,1734.00,3.13,1
1549,DECODE,1,0,1,1735.00,3.13,1
1550,DECODE,1,0,1,1736.00,3.18,1
1551,DECODE,1,0,1,1737.00,3.15,1
1552,DECODE,1,0,1,1738.00,3.18,1
1553,DECODE,1,0,1,1739.00,3.19,1
1554,DECODE,1,0,1,1740.00,3.17,1
1555,DECODE,1,0,1,1741.00,3.18,1
1556,DECODE,1,0,1,1742.00,3.21,1
1557,DECODE,1,0,1,1743.00,3.21,1
1558,DECODE,1,0,1,1744.00,3.22,1
1559,DECODE,1,0,1,1745.00,3.19,1
1560,DECODE,1,0,1,1746.00,3.17,1
1561,DECODE,1,0,1,1747.00,3.18,1
1562,DECODE,1,0,1,1748.00,3.16,1
1563,DECODE,1,0,1,1749.00,3.15,1
1564,DECODE,1,0,1,1750.00,3.17,1
1565,DECODE,1,0,1,1751.00,3.16,1
1566,DECODE,1,0,1,1752.00,3.25,1
1567,DECODE,1,0,1,1753.00,3.18,1
1568,DECODE,1,0,1,1754.00,3.16,1
1569,DECODE,1,0,1,1755.00,3.09,1
1570,DECODE,1,0,1,1756.00,3.13,1
1571,DECODE,1,0,1,1757.00,3.14,1
1572,DECODE,1,0,1,1758.00,3.16,1
1573,DECODE,1,0,1,1759.00,3.22,1
1574,DECODE,1,0,1,1760.00,3.18,1
1575,DECODE,1,0,1,1761.00,3.13,1
1576,DECODE,1,0,1,1762.00,3.15,1
1577,DECODE,1,0,1,1763.00,3.14,1
1578,DECODE,1,0,1,1764.00,3.22,1
1579,DECODE,1,0,1,1765.00,3.16,1
1580,DECODE,1,0,1,1766.00,3.16,1
1581,DECODE,1,0,1,1767.00,3.28,1
1582,DECODE,1,0,1,1768.00,3.16,1
1583,DECODE,1,0,1,1769.00,3.18,1
1584,DECODE,1,0,1,1770.00,3.17,1
1585,DECODE,1,0,1,1771.00,3.17,1
1586,DECODE,1,0,1,1772.00,3.15,1
1587,DECODE,1,0,1,1773.00,3.18,1
1588,DECODE,1,0,1,1774.00,3.16,1
1589,DECODE,1,0,1,1775.00,3.14,1
1590,DECODE,1,0,1,1776.00,3.16,1
1591,DECODE,1,0,1,1777.00,3.16,1
1592,DECODE,1,0,1,1778.00,3.21,1
1593,DECODE,1,0,1,1779.00,3.15,1
1594,DECODE,1,0,1,1780.00,3.20,1
1595,DECODE,1,0,1,1781.00,3.15,1
1596,DECODE,1,0,1,1782.00,3.15,1
1597,DECODE,1,0,1,1783.00,3.16,1
1598,DECODE,1,0,1,1784.00,3.15,1
1599,DECODE,1,0,1,1785.00,3.16,1
1600,DECODE,1,0,1,1786.00,3.15,1
1601,DECODE,1,0,1,1787.00,3.15,1
1602,DECODE,1,0,1,1788.00,3.15,1
1603,DECODE,1,0,1,1789.00,3.17,1
1604,DECODE,1,0,1,1790.00,3.19,1
1605,DECODE,1,0,1,1791.00,3.16,1
1606,DECODE,1,0,1,1792.00,3.14,1
1607,DECODE,1,0,1,1793.00,3.17,1
1608,DECODE,1,0,1,1794.00,3.26,1
1609,DECODE,1,0,1,1795.00,3.15,1
1610,DECODE,1,0,1,1796.00,3.27,1
1611,DECODE,1,0,1,1797.00,3.16,1
1612,DECODE,1,0,1,1798.00,3.20,1
1613,DECODE,1,0,1,1799.00,3.15,1
1614,DECODE,1,0,1,1800.00,3.21,1
1615,DECODE,1,0,1,1801.00,3.23,1
1616,DECODE,1,0,1,1802.00,3.24,1
1617,DECODE,1,0,1,1803.00,3.17,1
1618,DECODE,1,0,1,1804.00,3.19,1
1619,DECODE,1,0,1,1805.00,3.20,1
1620,DECODE,1,0,1,1806.00,3.19,1
1621,DECODE,1,0,1,1807.00,3.20,1
1622,DECODE,1,0,1,1808.00,3.21,1
1623,DECODE,1,0,1,1809.00,3.19,1
1624,DECODE,1,0,1,1810.00,3.21,1
1625,DECODE,1,0,1,1811.00,3.20,1
1626,DECODE,1,0,1,1812.00,3.21,1
1627,DECODE,1,0,1,1813.00,3.24,1
1628,DECODE,1,0,1,1814.00,3.25,1
1629,DECODE,1,0,1,1815.00,3.23,1
1630,DECODE,1,0,1,1816.00,3.21,1
1631,DECODE,1,0,1,1817.00,3.38,1
1632,DECODE,1,0,1,1818.00,3.25,1
1633,DECODE,1,0,1,1819.00,3.22,1
1634,DECODE,1,0,1,1820.00,3.25,1
1635,DECODE,1,0,1,1821.00,3.21,1
1636,DECODE,1,0,1,1822.00,3.21,1
1637,DECODE,1,0,1,1823.00,3.22,1
1638,DECODE,1,0,1,1824.00,3.20,1
1639,DECODE,1,0,1,1825.00,3.20,1
1640,DECODE,1,0,1,1826.00,3.23,1
1641,DECODE,1,0,1,1827.00,3.21,1
1642,DECODE,1,0,1,1828.00,3.18,1
1643,DECODE,1,0,1,1829.00,3.22,1
1644,DECODE,1,0,1,1830.00,3.20,1
1645,DECODE,1,0,1,1831.00,3.20,1
1646,DECODE,1,0,1,1832.00,3.27,1
1647,DECODE,1,0,1,1833.00,3.27,1
1648,DECODE,1,0,1,1834.00,3.23,1
1649,DECODE,1,0,1,1835.00,3.23,1
1650,DECODE,1,0,1,1836.00,3.22,1
1651,DECODE,1,0,1,1837.00,3.29,1
1652,DECODE,1,0,1,1838.00,3.24,1
1653,DECODE,1,0,1,1839.00,3.26,1
1654,DECODE,1,0,1,1840.00,3.26,1
1655,DECODE,1,0,1,1841.00,3.27,1
1656,DECODE,1,0,1,1842.00,3.24,1
1657,DECODE,1,0,1,1843.00,3.26,1
1658,DECODE,1,0,1,1844.00,3.26,1
1659,DECODE,1,0,1,1845.00,3.31,1
1660,DECODE,1,0,1,1846.00,3.31,1
1661,DECODE,1,0,1,1847.00,3.31,1
1662,DECODE,1,0,1,1848.00,3.29,1
1663,DECODE,1,0,1,1849.00,3.24,1
1664,DECODE,1,0,1,1850.00,3.26,1
1665,DECODE,1,0,1,1851.00,3.19,1
1666,DECODE,1,0,1,1852.00,3.26,1
1667,DECODE,1,0,1,1853.00,3.22,1
1668,DECODE,1,0,1,1854.00,3.20,1
1669,DECODE,1,0,1,1855.00,3.44,1
1670,DECODE,1,0,1,1856.00,3.24,1
1671,DECODE,1,0,1,1857.00,3.19,1
1672,DECODE,1,0,1,1858.00,3.20,1
1673,DECODE,1,0,1,1859.00,3.24,1
1674,DECODE,1,0,1,1860.00,3.25,1
1675,DECODE,1,0,1,1861.00,3.28,1
1676,DECODE,1,0,1,1862.00,3.25,1
1677,DECODE,1,0,1,1863.00,3.21,1
1678,DECODE,1,0,1,1864.00,3.24,1
1679,DECODE,1,0,1,1865.00,3.23,1
1680,DECODE,1,0,1,1866.00,3.21,1
1681,DECODE,1,0,1,1867.00,3.26,1
1682,DECODE,1,0,1,1868.00,3.21,1
1683,DECODE,1,0,1,1869.00,3.23,1
1684,DECODE,1,0,1,1870.00,3.25,1
1685,DECODE,1,0,1,1871.00,3.28,1
1686,DECODE,1,0,1,1872.00,3.24,1
1687,DECODE,1,0,1,1873.00,3.26,1
1688,DECODE,1,0,1,1874.00,3.24,1
1689,DECODE,1,0,1,1875.00,3.19,1
1690,DECODE,1,0,1,1876.00,3.34,1
1691,DECODE,1,0,1,1877.00,3.25,1
1692,DECODE,1,0,1,1878.00,3.28,1
1693,DECODE,1,0,1,1879.00,3.24,1
1694,DECODE,1,0,1,1880.00,3.28,1
1695,DECODE,1,0,1,1881.00,3.25,1
1696,DECODE,1,0,1,1882.00,3.28,1
1697,DECODE,1,0,1,1883.00,3.28,1
1698,DECODE,1,0,1,1884.00,3.27,1
1699,DECODE,1,0,1,1885.00,3.27,1
1700,DECODE,1,0,1,1886.00,3.28,1
1701,DECODE,1,0,1,1887.00,3.25,1
1702,DECODE,1,0,1,1888.00,3.30,1
1703,DECODE,1,0,1,1889.00,3.32,1
1704,DECODE,1,0,1,1890.00,3.20,1
1705,DECODE,1,0,1,1891.00,3.26,1
1706,DECODE,1,0,1,1892.00,3.20,1
1707,DECODE,1,0,1,1893.00,3.19,1
1708,DECODE,1,0,1,1894.00,3.11,1
1709,DECODE,1,0,1,1895.00,3.19,1
1710,DECODE,1,0,1,1896.00,3.16,1
1711,DECODE,1,0,1,1897.00,3.17,1
1712,DECODE,1,0,1,1898.00,3.18,1
1713,DECODE,1,0,1,1899.00,3.16,1
1714,DECODE,1,0,1,1900.00,3.17,1
1715,DECODE,1,0,1,1901.00,3.18,1
1716,DECODE,1,0,1,1902.00,3.16,1
1717,DECODE,1,0,1,1903.00,3.15,1
1718,DECODE,1,0,1,1904.00,3.15,1
1719,DECODE,1,0,1,1905.00,3.19,1
1720,DECODE,1,0,1,1906.00,3.17,1
1721,DECODE,1,0,1,1907.00,3.17,1
1722,DECODE,1,0,1,1908.00,3.15,1
1723,DECODE,1,0,1,1909.00,3.17,1
1724,DECODE,1,0,1,1910.00,3.21,1
1725,DECODE,1,0,1,1911.00,3.18,1
1726,DECODE,1,0,1,1912.00,3.19,1
1727,DECODE,1,0,1,1913.00,3.15,1
1728,DECODE,1,0,1,1914.00,3.17,1
1729,DECODE,1,0,1,1915.00,3.15,1
1730,DECODE,1,0,1,1916.00,3.16,1
1731,DECODE,1,0,1,1917.00,3.18,1
1732,DECODE,1,0,1,1918.00,3.18,1
1733,DECODE,1,0,1,1919.00,3.17,1
1734,DECODE,1,0,1,1920.00,3.17,1
1735,DECODE,1,0,1,1921.00,3.17,1
1736,DECODE,1,0,1,1922.00,3.16,1
1737,DECODE,1,0,1,1923.00,3.16,1
1738,DECODE,1,0,1,1924.00,3.19,1
1739,DECODE,1,0,1,1925.00,3.16,1
1740,DECODE,1,0,1,1926.00,3.18,1
1741,DECODE,1,0,1,1927.00,3.17,1
1742,DECODE,1,0,1,1928.00,3.18,1
1743,DECODE,1,0,1,1929.00,3.16,1
1744,DECODE,1,0,1,1930.00,3.18,1
1745,DECODE,1,0,1,1931.00,3.15,1
1746,DECODE,1,0,1,1932.00,3.22,1
1747,DECODE,1,0,1,1933.00,3.18,1
1748,DECODE,1,0,1,1934.00,3.24,1
1749,DECODE,1,0,1,1935.00,3.15,1
1750,DECODE,1,0,1,1936.00,3.19,1
1751,DECODE,1,0,1,1937.00,3.16,1
1752,DECODE,1,0,1,1938.00,3.22,1
1753,DECODE,1,0,1,1939.00,3.17,1
1754,DECODE,1,0,1,1940.00,3.21,1
1755,DECODE,1,0,1,1941.00,3.18,1
1756,DECODE,1,0,1,1942.00,3.22,1
1757,DECODE,1,0,1,1943.00,3.26,1
1758,DECODE,1,0,1,1944.00,3.20,1
1759,DECODE,1,0,1,1945.00,3.22,1
1760,DECODE,1,0,1,1946.00,3.20,1
1761,DECODE,1,0,1,1947.00,3.27,1
1762,DECODE,1,0,1,1948.00,3.20,1
1763,DECODE,1,0,1,1949.00,3.27,1
1764,DECODE,1,0,1,1950.00,3.20,1
1765,DECODE,1,0,1,1951.00,3.27,1
1766,DECODE,1,0,1,1952.00,3.21,1
1767,DECODE,1,0,1,1953.00,3.28,1
1768,DECODE,1,0,1,1954.00,3.38,1
1769,DECODE,1,0,1,1955.00,3.26,1
1770,DECODE,1,0,1,1956.00,3.27,1
1771,DECODE,1,0,1,1957.00,3.25,1
1772,DECODE,1,0,1,1958.00,3.30,1
1773,DECODE,1,0,1,1959.00,3.27,1
1774,DECODE,1,0,1,1960.00,3.29,1
1775,DECODE,1,0,1,1961.00,3.24,1
1776,DECODE,1,0,1,1962.00,3.30,1
1777,DECODE,1,0,1,1963.00,3.28,1
1778,DECODE,1,0,1,1964.00,3.28,1
1779,DECODE,1,0,1,1965.00,3.34,1
1780,DECODE,1,0,1,1966.00,3.25,1
1781,DECODE,1,0,1,1967.00,3.27,1
1782,DECODE,1,0,1,1968.00,3.23,1
1783,DECODE,1,0,1,1969.00,3.26,1
1784,DECODE,1,0,1,1970.00,3.26,1
1785,DECODE,1,0,1,1971.00,3.28,1
1786,DECODE,1,0,1,1972.00,3.25,1
1787,DECODE,1,0,1,1973.00,3.23,1
1788,DECODE,1,0,1,1974.00,3.24,1
1789,DECODE,1,0,1,1975.00,3.25,1
1790,DECODE,1,0,1,1976.00,3.22,1
1791,DECODE,1,0,1,1977.00,3.28,1
1792,DECODE,1,0,1,1978.00,3.26,1
1793,DECODE,1,0,1,1979.00,3.22,1
1794,DECODE,1,0,1,1980.00,3.27,1
1795,DECODE,1,0,1,1981.00,3.25,1
1796,DECODE,1,0,1,1982.00,3.21,1
1797,DECODE,1,0,1,1983.00,3.22,1
1798,DECODE,1,0,1,1984.00,3.23,1
1799,DECODE,1,0,1,1985.00,3.22,1
1800,DECODE,1,0,1,1986.00,3.19,1
1801,DECODE,1,0,1,1987.00,3.18,1
1802,DECODE,1,0,1,1988.00,3.37,1
1803,DECODE,1,0,1,1989.00,3.40,1
1804,DECODE,1,0,1,1990.00,3.40,1
1805,DECODE,1,0,1,1991.00,3.40,1
1806,DECODE,1,0,1,1992.00,3.40,1
1807,DECODE,1,0,1,1993.00,3.38,1
1808,DECODE,1,0,1,1994.00,4.53,1
1809,DECODE,1,0,1,1995.00,3.70,1
1810,DECODE,1,0,1,1996.00,3.81,1
1811,DECODE,1,0,1,1997.00,3.89,1
1812,DECODE,1,0,1,1998.00,3.91,1
1813,DECODE,1,0,1,1999.00,3.92,1
1814,DECODE,1,0,1,2000.00,3.91,1
1815,DECODE,1,0,1,2001.00,3.90,1
1816,DECODE,1,0,1,2002.00,3.88,1
1817,DECODE,1,0,1,2003.00,3.90,1
1818,DECODE,1,0,1,2004.00,3.90,1
1819,DECODE,1,0,1,2005.00,3.88,1
1820,DECODE,1,0,1,2006.00,3.89,1
1821,DECODE,1,0,1,2007.00,3.88,1
1822,DECODE,1,0,1,2008.00,3.89,1
1823,DECODE,1,0,1,2009.00,3.88,1
1824,DECODE,1,0,1,2010.00,3.92,1
1825,DECODE,1,0,1,2011.00,3.85,1
1826,DECODE,1,0,1,2012.00,3.88,1
1827,DECODE,1,0,1,2013.00,3.88,1
1828,DECODE,1,0,1,2014.00,3.88,1
1829,DECODE,1,0,1,2015.00,3.90,1
1830,DECODE,1,0,1,2016.00,3.95,1
1831,DECODE,1,0,1,2017.00,3.96,1
1832,DECODE,1,0,1,2018.00,3.94,1
1833,DECODE,1,0,1,2019.00,3.84,1
1834,DECODE,1,0,1,2020.00,3.90,1
1835,DECODE,1,0,1,2021.00,3.89,1
1836,DECODE,1,0,1,2022.00,3.92,1
1837,DECODE,1,0,1,2023.00,3.91,1
1838,DECODE,1,0,1,2024.00,3.91,1
1839,DECODE,1,0,1,2025.00,3.89,1
1840,DECODE,1,0,1,2026.00,3.90,1
1841,DECODE,1,0,1,2027.00,3.88,1
1842,DECODE,1,0,1,2028.00,3.88,1
1843,DECODE,1,0,1,2029.00,3.90,1
1844,DECODE,1,0,1,2030.00,3.88,1
1845,DECODE,1,0,1,2031.00,3.89,1
1846,DECODE,1,0,1,2032.00,3.92,1
1847,DECODE,1,0,1,2033.00,3.87,1
1848,DECODE,1,0,1,2034.00,4.13,1
1849,DECODE,1,0,1,2035.00,3.93,1
1850,DECODE,1,0,1,2036.00,3.91,1
1851,DECODE,1,0,1,2037.00,3.88,1
1852,DECODE,1,0,1,2038.00,3.95,1
1853,DECODE,1,0,1,2039.00,3.78,1
1854,DECODE,1,0,1,2040.00,4.01,1
1855,DECODE,1,0,1,2041.00,4.02,1
1856,DECODE,1,0,1,2042.00,3.95,1
1857,DECODE,1,0,1,2043.00,3.97,1
1858,DECODE,1,0,1,2044.00,3.88,1
1859,DECODE,1,0,1,2045.00,3.89,1
1860,DECODE,1,0,1,2046.00,3.86,1
1861,DECODE,1,0,1,2047.00,3.90,1
1862,DECODE,1,0,1,2048.00,3.91,1
1863,DECODE,1,0,1,2049.00,3.89,1
1864,DECODE,1,0,1,2050.00,3.90,1
1865,DECODE,1,0,1,2051.00,3.88,1
1866,DECODE,1,0,1,2052.00,3.28,1
1867,DECODE,1,0,1,2053.00,3.25,1
1868,DECODE,1,0,1,2054.00,3.27,1
1869,DECODE,1,0,1,2055.00,3.69,1
1870,DECODE,1,0,1,2056.00,3.17,1
1871,DECODE,1,0,1,2057.00,3.21,1
1872,DECODE,1,0,1,2058.00,3.19,1
1873,DECODE,1,0,1,2059.00,3.20,1
1874,DECODE,1,0,1,2060.00,3.21,1
1875,DECODE,1,0,1,2061.00,3.18,1
1876,DECODE,1,0,1,2062.00,3.39,1
1877,DECODE,1,0,1,2063.00,3.21,1
1878,DECODE,1,0,1,2064.00,3.20,1
1879,DECODE,1,0,1,2065.00,3.21,1
1880,DECODE,1,0,1,2066.00,3.18,1
1881,DECODE,1,0,1,2067.00,3.78,1
1882,DECODE,1,0,1,2068.00,3.25,1
1883,DECODE,1,0,1,2069.00,3.22,1
1884,DECODE,1,0,1,2070.00,3.24,1
1885,DECODE,1,0,1,2071.00,3.19,1
1886,DECODE,1,0,1,2072.00,3.22,1
1887,DECODE,1,0,1,2073.00,3.19,1
1888,DECODE,1,0,1,2074.00,3.20,1
1889,DECODE,1,0,1,2075.00,3.20,1
1890,DECODE,1,0,1,2076.00,3.20,1
1891,DECODE,1,0,1,2077.00,3.19,1
1892,DECODE,1,0,1,2078.00,3.18,1
1893,DECODE,1,0,1,2079.00,3.17,1
1894,DECODE,1,0,1,2080.00,4.00,1
1895,DECODE,1,0,1,2081.00,3.92,1
1896,DECODE,1,0,1,2082.00,3.91,1
1897,DECODE,1,0,1,2083.00,3.91,1
1898,DECODE,1,0,1,2084.00,3.85,1
1899,DECODE,1,0,1,2085.00,3.82,1
1900,DECODE,1,0,1,2086.00,3.89,1
1901,DECODE,1,0,1,2087.00,3.86,1
1902,DECODE,1,0,1,2088.00,3.81,1
1903,DECODE,1,0,1,2089.00,3.91,1
1904,DECODE,1,0,1,2090.00,3.85,1
1905,DECODE,1,0,1,2091.00,3.85,1
1906,DECODE,1,0,1,2092.00,3.79,1
1907,DECODE,1,0,1,2093.00,3.81,1
1908,DECODE,1,0,1,2094.00,3.77,1
1909,DECODE,1,0,1,2095.00,3.80,1
1910,DECODE,1,0,1,2096.00,3.84,1
1911,DECODE,1,0,1,2097.00,3.68,1
1912,DECODE,1,0,1,2098.00,3.19,1
1913,DECODE,1,0,1,2099.00,4.31,1
1914,DECODE,1,0,1,2100.00,4.04,1
1915,DECODE,1,0,1,2101.00,3.99,1
1916,DECODE,1,0,1,2102.00,3.96,1
1917,DECODE,1,0,1,2103.00,3.96,1
1918,DECODE,1,0,1,2104.00,3.95,1
1919,DECODE,1,0,1,2105.00,3.97,1
1920,DECODE,1,0,1,2106.00,3.94,1
1921,DECODE,1,0,1,2107.00,3.92,1
1922,DECODE,1,0,1,2108.00,3.91,1
1923,DECODE,1,0,1,2109.00,3.92,1
1924,DECODE,1,0,1,2110.00,3.91,1
1925,DECODE,1,0,1,2111.00,3.95,1
1926,DECODE,1,0,1,2112.00,3.91,1
1927,DECODE,1,0,1,2113.00,3.93,1
1928,DECODE,1,0,1,2114.00,3.95,1
1929,DECODE,1,0,1,2115.00,3.97,1
1930,DECODE,1,0,1,2116.00,4.00,1
1931,DECODE,1,0,1,2117.00,3.96,1
1932,DECODE,1,0,1,2118.00,3.96,1
1933,DECODE,1,0,1,2119.00,3.95,1
1934,DECODE,1,0,1,2120.00,4.00,1
1935,DECODE,1,0,1,2121.00,3.94,1
1936,DECODE,1,0,1,2122.00,3.93,1
1937,DECODE,1,0,1,2123.00,3.96,1
1938,DECODE,1,0,1,2124.00,3.92,1
1939,DECODE,1,0,1,2125.00,3.95,1
1940,DECODE,1,0,1,2126.00,3.90,1
1941,DECODE,1,0,1,2127.00,3.93,1
1942,DECODE,1,0,1,2128.00,3.92,1
1943,DECODE,1,0,1,2129.00,3.94,1
1944,DECODE,1,0,1,2130.00,3.92,1
1945,DECODE,1,0,1,2131.00,3.92,1
1946,DECODE,1,0,1,2132.00,3.98,1
1947,DECODE,1,0,1,2133.00,3.93,1
1948,DECODE,1,0,1,2134.00,4.02,1
1949,DECODE,1,0,1,2135.00,3.94,1
1950,DECODE,1,0,1,2136.00,4.02,1
1951,DECODE,1,0,1,2137.00,3.91,1
1952,DECODE,1,0,1,2138.00,3.99,1
1953,DECODE,1,0,1,2139.00,4.00,1
1954,DECODE,1,0,1,2140.00,4.08,1
1955,DECODE,1,0,1,2141.00,4.00,1
1956,DECODE,1,0,1,2142.00,4.10,1
1957,DECODE,1,0,1,2143.00,3.81,1
1958,DECODE,1,0,1,2144.00,3.95,1
1959,DECODE,1,0,1,2145.00,3.99,1
1960,DECODE,1,0,1,2146.00,4.04,1
1961,DECODE,1,0,1,2147.00,4.04,1
1962,DECODE,1,0,1,2148.00,3.96,1
1963,DECODE,1,0,1,2149.00,4.02,1
1964,DECODE,1,0,1,2150.00,4.02,1
1965,DECODE,1,0,1,2151.00,3.92,1
1966,DECODE,1,0,1,2152.00,4.02,1
1967,DECODE,1,0,1,2153.00,3.90,1
1968,DECODE,1,0,1,2154.00,4.00,1
1969,DECODE,1,0,1,2155.00,3.92,1
1970,DECODE,1,0,1,2156.00,4.02,1
1971,DECODE,1,0,1,2157.00,3.94,1
1972,DECODE,1,0,1,2158.00,3.96,1
1973,DECODE,1,0,1,2159.00,3.91,1
1974,DECODE,1,0,1,2160.00,3.99,1
1975,DECODE,1,0,1,2161.00,3.92,1
1976,DECODE,1,0,1,2162.00,4.00,1
1977,DECODE,1,0,1,2163.00,3.94,1
1978,DECODE,1,0,1,2164.00,4.18,1
1979,DECODE,1,0,1,2165.00,3.96,1
1980,DECODE,1,0,1,2166.00,4.00,1
1981,DECODE,1,0,1,2167.00,3.92,1
1982,DECODE,1,0,1,2168.00,3.99,1
1983,DECODE,1,0,1,2169.00,3.94,1
1984,DECODE,1,0,1,2170.00,3.94,1
1985,DECODE,1,0,1,2171.00,3.94,1
1986,DECODE,1,0,1,2172.00,4.03,1
1987,DECODE,1,0,1,2173.00,3.96,1
1988,DECODE,1,0,1,2174.00,3.97,1
1989,DECODE,1,0,1,2175.00,3.93,1
1990,DECODE,1,0,1,2176.00,3.99,1
1991,DECODE,1,0,1,2177.00,4.38,1
1992,DECODE,1,0,1,2178.00,3.91,1
1993,DECODE,1,0,1,2179.00,3.85,1
1994,DECODE,1,0,1,2180.00,3.91,1
1995,DECODE,1,0,1,2181.00,3.89,1
1996,DECODE,1,0,1,2182.00,3.86,1
1997,DECODE,1,0,1,2183.00,3.87,1
1998,DECODE,1,0,1,2184.00,3.86,1
1999,DECODE,1,0,1,2185.00,3.85,1
2000,DECODE,1,0,1,2186.00,3.88,1
2001,DECODE,1,0,1,2187.00,3.87,1
2002,DECODE,1,0,1,2188.00,3.86,1
2003,DECODE,1,0,1,2189.00,3.87,1
2004,DECODE,1,0,1,2190.00,3.40,1
2005,DECODE,1,0,1,2191.00,3.41,1
2006,DECODE,1,0,1,2192.00,3.39,1
2007,DECODE,1,0,1,2193.00,3.35,1
2008,DECODE,1,0,1,2194.00,3.33,1
2009,DECODE,1,0,1,2195.00,3.41,1
2010,DECODE,1,0,1,2196.00,3.48,1
2011,DECODE,1,0,1,2197.00,3.43,1
2012,DECODE,1,0,1,2198.00,3.23,1
2013,DECODE,1,0,1,2199.00,3.15,1
2014,DECODE,1,0,1,2200.00,3.17,1
2015,DECODE,1,0,1,2201.00,3.12,1
2016,DECODE,1,0,1,2202.00,3.29,1
2017,DECODE,1,0,1,2203.00,3.23,1
2018,DECODE,1,0,1,2204.00,3.25,1
2019,DECODE,1,0,1,2205.00,3.22,1
2020,DECODE,1,0,1,2206.00,3.23,1
2021,DECODE,1,0,1,2207.00,3.24,1
2022,DECODE,1,0,1,2208.00,3.19,1
2023,DECODE,1,0,1,2209.00,3.21,1
2024,DECODE,1,0,1,2210.00,3.21,1
2025,DECODE,1,0,1,2211.00,3.21,1
2026,DECODE,1,0,1,2212.00,3.22,1
2027,DECODE,1,0,1,2213.00,3.21,1
2028,DECODE,1,0,1,2214.00,3.20,1
2029,DECODE,1,0,1,2215.00,3.21,1
2030,DECODE,1,0,1,2216.00,3.23,1
2031,DECODE,1,0,1,2217.00,3.21,1
2032,DECODE,1,0,1,2218.00,3.20,1
2033,DECODE,1,0,1,2219.00,3.22,1
2034,DECODE,1,0,1,2220.00,3.18,1
2035,DECODE,1,0,1,2221.00,3.15,1
2036,DECODE,1,0,1,2222.00,3.17,1
2037,DECODE,1,0,1,2223.00,3.16,1
2038,DECODE,1,0,1,2224.00,3.17,1
2039,DECODE,1,0,1,2225.00,3.15,1
2040,DECODE,1,0,1,2226.00,3.21,1
2041,DECODE,1,0,1,2227.00,3.16,1
2042,DECODE,1,0,1,2228.00,3.20,1
2043,DECODE,1,0,1,2229.00,3.15,1
2044,DECODE,1,0,1,2230.00,3.18,1
2045,DECODE,1,0,1,2231.00,3.19,1
2046,DECODE,1,0,1,2232.00,3.19,1
2047,DECODE,1,0,1,2233.00,3.32,1
2048,DECODE,1,0,1,2234.00,3.21,1
2049,DECODE,1,0,1,2235.00,3.20,1
2050,DECODE,1,0,1,2236.00,3.25,1
2051,DECODE,1,0,1,2237.00,3.18,1
2052,DECODE,1,0,1,2238.00,3.22,1
2053,DECODE,1,0,1,2239.00,3.10,1
2054,DECODE,1,0,1,2240.00,3.13,1
2055,DECODE,1,0,1,2241.00,3.13,1
2056,DECODE,1,0,1,2242.00,3.14,1
2057,DECODE,1,0,1,2243.00,3.12,1
2058,DECODE,1,0,1,2244.00,3.12,1
2059,DECODE,1,0,1,2245.00,3.11,1
2060,DECODE,1,0,1,2246.00,3.12,1
2061,DECODE,1,0,1,2247.00,3.15,1
2062,DECODE,1,0,1,2248.00,3.13,1
2063,DECODE,1,0,1,2249.00,3.10,1
2064,DECODE,1,0,1,2250.00,3.13,1
2065,DECODE,1,0,1,2251.00,3.15,1
2066,DECODE,1,0,1,2252.00,3.45,1
2067,DECODE,1,0,1,2253.00,3.79,1
2068,DECODE,1,0,1,2254.00,3.18,1
2069,DECODE,1,0,1,2255.00,3.12,1
2070,DECODE,1,0,1,2256.00,3.14,1
2071,DECODE,1,0,1,2257.00,3.13,1
2072,DECODE,1,0,1,2258.00,3.56,1
2073,DECODE,1,0,1,2259.00,4.05,1
2074,DECODE,1,0,1,2260.00,4.02,1
2075,DECODE,1,0,1,2261.00,3.17,1
2076,DECODE,1,0,1,2262.00,3.15,1
2077,DECODE,1,0,1,2263.00,3.97,1
2078,DECODE,1,0,1,2264.00,4.02,1
2079,DECODE,1,0,1,2265.00,3.80,1
2080,DECODE,1,0,1,2266.00,3.98,1
2081,DECODE,1,0,1,2267.00,4.07,1
2082,DECODE,1,0,1,2268.00,4.02,1
2083,DECODE,1,0,1,2269.00,3.95,1
2084,DECODE,1,0,1,2270.00,3.95,1
2085,DECODE,1,0,1,2271.00,4.17,1
2086,DECODE,1,0,1,2272.00,3.94,1
2087,DECODE,1,0,1,2273.00,3.90,1
2088,DECODE,1,0,1,2274.00,3.98,1
2089,DECODE,1,0,1,2275.00,3.93,1
2090,DECODE,1,0,1,2276.00,4.03,1
2091,DECODE,1,0,1,2277.00,4.17,1
2092,DECODE,1,0,1,2278.00,3.95,1
2093,DECODE,1,0,1,2279.00,3.95,1
2094,DECODE,1,0,1,2280.00,3.89,1
2095,DECODE,1,0,1,2281.00,3.89,1
2096,DECODE,1,0,1,2282.00,3.86,1
2097,DECODE,1,0,1,2283.00,4.01,1
2098,DECODE,1,0,1,2284.00,3.88,1
2099,DECODE,1,0,1,2285.00,3.92,1
2100,DECODE,1,0,1,2286.00,3.93,1
2101,DECODE,1,0,1,2287.00,3.96,1
2102,DECODE,1,0,1,2288.00,3.88,1
2103,DECODE,1,0,1,2289.00,3.94,1
2104,DECODE,1,0,1,2290.00,3.90,1
2105,DECODE,1,0,1,2291.00,3.91,1
2106,DECODE,1,0,1,2292.00,3.96,1
2107,DECODE,1,0,1,2293.00,3.89,1
2108,DECODE,1,0,1,2294.00,3.96,1
2109,DECODE,1,0,1,2295.00,3.93,1
2110,DECODE,1,0,1,2296.00,4.00,1
2111,DECODE,1,0,1,2297.00,4.11,1
2112,DECODE,1,0,1,2298.00,3.89,1
2113,DECODE,1,0,1,2299.00,3.84,1
2114,DECODE,1,0,1,2300.00,3.95,1
2115,DECODE,1,0,1,2301.00,3.94,1
2116,DECODE,1,0,1,2302.00,3.98,1
2117,DECODE,1,0,1,2303.00,3.87,1
2118,DECODE,1,0,1,2304.00,3.88,1
2119,DECODE,1,0,1,2305.00,3.80,1
2120,DECODE,1,0,1,2306.00,3.82,1
2121,DECODE,1,0,1,2307.00,3.88,1
2122,DECODE,1,0,1,2308.00,3.86,1
2123,DECODE,1,0,1,2309.00,3.90,1
2124,DECODE,1,0,1,2310.00,3.87,1
2125,DECODE,1,0,1,2311.00,3.76,1
2126,DECODE,1,0,1,2312.00,3.21,1
2127,DECODE,1,0,1,2313.00,3.15,1
2128,DECODE,1,0,1,2314.00,3.16,1
2129,DECODE,1,0,1,2315.00,3.10,1
2130,DECODE,1,0,1,2316.00,3.18,1
2131,DECODE,1,0,1,2317.00,3.10,1
2132,DECODE,1,0,1,2318.00,3.24,1
2133,DECODE,1,0,1,2319.00,3.26,1
2134,DECODE,1,0,1,2320.00,3.18,1
2135,DECODE,1,0,1,2321.00,3.22,1
2136,DECODE,1,0,1,2322.00,3.20,1
2137,DECODE,1,0,1,2323.00,3.16,1
2138,DECODE,1,0,1,2324.00,3.20,1
2139,DECODE,1,0,1,2325.00,3.23,1
2140,DECODE,1,0,1,2326.00,3.22,1
2141,DECODE,1,0,1,2327.00,3.19,1
2142,DECODE,1,0,1,2328.00,3.20,1
2143,DECODE,1,0,1,2329.00,3.20,1
2144,DECODE,1,0,1,2330.00,3.19,1
2145,DECODE,1,0,1,2331.00,3.23,1
2146,DECODE,1,0,1,2332.00,3.19,1
2147,DECODE,1,0,1,2333.00,3.19,1
2148,DECODE,1,0,1,2334.00,3.19,1
2149,DECODE,1,0,1,2335.00,3.22,1
2150,DECODE,1,0,1,2336.00,3.18,1
2151,DECODE,1,0,1,2337.00,3.23,1
2152,DECODE,1,0,1,2338.00,3.21,1
2153,DECODE,1,0,1,2339.00,3.19,1
2154,DECODE,1,0,1,2340.00,3.19,1
2155,DECODE,1,0,1,2341.00,3.18,1
2156,DECODE,1,0,1,2342.00,3.19,1
2157,DECODE,1,0,1,2343.00,3.24,1
2158,DECODE,1,0,1,2344.00,3.20,1
2159,DECODE,1,0,1,2345.00,3.21,1
2160,DECODE,1,0,1,2346.00,3.22,1
2161,DECODE,1,0,1,2347.00,3.20,1
2162,DECODE,1,0,1,2348.00,3.20,1
2163,DECODE,1,0,1,2349.00,3.19,1
2164,DECODE,1,0,1,2350.00,3.14,1
2165,DECODE,1,0,1,2351.00,3.23,1
2166,DECODE,1,0,1,2352.00,3.20,1
2167,DECODE,1,0,1,2353.00,3.18,1
2168,DECODE,1,0,1,2354.00,3.20,1
2169,DECODE,1,0,1,2355.00,3.20,1
2170,DECODE,1,0,1,2356.00,3.18,1
2171,DECODE,1,0,1,2357.00,3.21,1
2172,DECODE,1,0,1,2358.00,3.15,1
2173,DECODE,1,0,1,2359.00,3.18,1
2174,DECODE,1,0,1,2360.00,3.22,1
2175,DECODE,1,0,1,2361.00,3.19,1
2176,DECODE,1,0,1,2362.00,3.19,1
2177,DECODE,1,0,1,2363.00,3.18,1
2178,DECODE,1,0,1,2364.00,3.16,1
2179,DECODE,1,0,1,2365.00,3.18,1
2180,DECODE,1,0,1,2366.00,3.35,1
2181,DECODE,1,0,1,2367.00,3.23,1
2182,DECODE,1,0,1,2368.00,3.22,1
2183,DECODE,1,0,1,2369.00,3.26,1
2184,DECODE,1,0,1,2370.00,3.15,1
2185,DECODE,1,0,1,2371.00,3.29,1
2186,DECODE,1,0,1,2372.00,3.85,1
2187,DECODE,1,0,1,2373.00,3.82,1
2188,DECODE,1,0,1,2374.00,3.84,1
2189,DECODE,1,0,1,2375.00,3.93,1
2190,DECODE,1,0,1,2376.00,3.82,1
2191,DECODE,1,0,1,2377.00,3.86,1
2192,DECODE,1,0,1,2378.00,3.86,1
2193,DECODE,1,0,1,2379.00,3.86,1
2194,DECODE,1,0,1,2380.00,3.89,1
2195,DECODE,1,0,1,2381.00,3.86,1
2196,DECODE,1,0,1,2382.00,3.84,1
2197,DECODE,1,0,1,2383.00,3.82,1
2198,DECODE,1,0,1,2384.00,3.90,1
2199,DECODE,1,0,1,2385.00,3.87,1
2200,DECODE,1,0,1,2386.00,3.86,1
2201,DECODE,1,0,1,2387.00,3.86,1
2202,DECODE,1,0,1,2388.00,3.76,1
2203,DECODE,1,0,1,2389.00,3.86,1
2204,DECODE,1,0,1,2390.00,3.86,1
2205,DECODE,1,0,1,2391.00,3.89,1
2206,DECODE,1,0,1,2392.00,3.86,1
2207,DECODE,1,0,1,2393.00,3.89,1
2208,DECODE,1,0,1,2394.00,3.86,1
2209,DECODE,1,0,1,2395.00,3.96,1
2210,DECODE,1,0,1,2396.00,3.87,1
2211,DECODE,1,0,1,2397.00,3.92,1
2212,DECODE,1,0,1,2398.00,3.90,1
2213,DECODE,1,0,1,2399.00,3.86,1
2214,DECODE,1,0,1,2400.00,3.90,1
2215,DECODE,1,0,1,2401.00,3.84,1
2216,DECODE,1,0,1,2402.00,3.94,1
2217,DECODE,1,0,1,2403.00,3.81,1
2218,DECODE,1,0,1,2404.00,3.91,1
2219,DECODE,1,0,1,2405.00,3.88,1
2220,DECODE,1,0,1,2406.00,3.91,1
2221,DECODE,1,0,1,2407.00,3.88,1
2222,DECODE,1,0,1,2408.00,3.83,1
2223,DECODE,1,0,1,2409.00,3.85,1
2224,DECODE,1,0,1,2410.00,3.90,1
2225,DECODE,1,0,1,2411.00,3.89,1
2226,DECODE,1,0,1,2412.00,3.85,1
2227,DECODE,1,0,1,2413.00,3.85,1
2228,DECODE,1,0,1,2414.00,3.84,1
2229,DECODE,1,0,1,2415.00,3.86,1
2230,DECODE,1,0,1,2416.00,3.93,1
2231,DECODE,1,0,1,2417.00,3.88,1
2232,DECODE,1,0,1,2418.00,3.82,1
2233,DECODE,1,0,1,2419.00,3.84,1
2234,DECODE,1,0,1,2420.00,3.83,1
2235,DECODE,1,0,1,2421.00,3.88,1
2236,DECODE,1,0,1,2422.00,3.90,1
2237,DECODE,1,0,1,2423.00,3.84,1
2238,DECODE,1,0,1,2424.00,3.79,1
2239,DECODE,1,0,1,2425.00,3.88,1
2240,DECODE,1,0,1,2426.00,3.91,1
2241,DECODE,1,0,1,2427.00,3.96,1
2242,DECODE,1,0,1,2428.00,3.89,1
2243,DECODE,1,0,1,2429.00,4.42,1
2244,DECODE,1,0,1,2430.00,4.15,1
2245,DECODE,1,0,1,2431.00,3.91,1
2246,DECODE,1,0,1,2432.00,3.83,1
2247,DECODE,1,0,1,2433.00,3.89,1
2248,DECODE,1,0,1,2434.00,3.82,1
2249,DECODE,1,0,1,2435.00,3.93,1
2250,DECODE,1,0,1,2436.00,3.90,1
2251,DECODE,1,0,1,2437.00,3.97,1
2252,DECODE,1,0,1,2438.00,3.95,1
2253,DECODE,1,0,1,2439.00,3.94,1
2254,DECODE,1,0,1,2440.00,3.93,1
2255,DECODE,1,0,1,2441.00,4.14,1
2256,DECODE,1,0,1,2442.00,3.95,1
2257,DECODE,1,0,1,2443.00,3.97,1
2258,DECODE,1,0,1,2444.00,3.80,1
2259,DECODE,1,0,1,2445.00,3.87,1
2260,DECODE,1,0,1,2446.00,3.88,1
2261,DECODE,1,0,1,2447.00,3.86,1
2262,DECODE,1,0,1,2448.00,3.90,1
2263,DECODE,1,0,1,2449.00,3.88,1
2264,DECODE,1,0,1,2450.00,3.13,1
2265,DECODE,1,0,1,2451.00,3.18,1
2266,DECODE,1,0,1,2452.00,3.18,1
2267,DECODE,1,0,1,2453.00,3.16,1
2268,DECODE,1,0,1,2454.00,3.17,1
2269,DECODE,1,0,1,2455.00,3.16,1
2270,DECODE,1,0,1,2456.00,4.00,1
2271,DECODE,1,0,1,2457.00,4.20,1
2272,DECODE,1,0,1,2458.00,3.94,1
2273,DECODE,1,0,1,2459.00,3.96,1
2274,DECODE,1,0,1,2460.00,3.90,1
2275,DECODE,1,0,1,2461.00,3.87,1
2276,DECODE,1,0,1,2462.00,3.88,1
2277,DECODE,1,0,1,2463.00,3.84,1
2278,DECODE,1,0,1,2464.00,4.25,1
2279,DECODE,1,0,1,2465.00,4.23,1
2280,DECODE,1,0,1,2466.00,3.91,1
2281,DECODE,1,0,1,2467.00,3.89,1
2282,DECODE,1,0,1,2468.00,4.05,1
2283,DECODE,1,0,1,2469.00,4.10,1
2284,DECODE,1,0,1,2470.00,4.28,1
2285,DECODE,1,0,1,2471.00,4.14,1
2286,DECODE,1,0,1,2472.00,4.17,1
2287,DECODE,1,0,1,2473.00,4.10,1
2288,DECODE,1,0,1,2474.00,4.00,1
2289,DECODE,1,0,1,2475.00,3.90,1
2290,DECODE,1,0,1,2476.00,3.95,1
2291,DECODE,1,0,1,2477.00,4.29,1
2292,DECODE,1,0,1,2478.00,4.00,1
2293,DECODE,1,0,1,2479.00,3.98,1
2294,DECODE,1,0,1,2480.00,3.89,1
2295,DECODE,1,0,1,2481.00,3.98,1
2296,DECODE,1,0,1,2482.00,3.93,1
2297,DECODE,1,0,1,2483.00,3.92,1
2298,DECODE,1,0,1,2484.00,4.06,1
2299,DECODE,1,0,1,2485.00,3.97,1
2300,DECODE,1,0,1,2486.00,3.99,1
2301,DECODE,1,0,1,2487.00,3.88,1
2302,DECODE,1,0,1,2488.00,3.96,1
2303,DECODE,1,0,1,2489.00,4.01,1
2304,DECODE,1,0,1,2490.00,3.91,1
2305,DECODE,1,0,1,2491.00,3.97,1
2306,DECODE,1,0,1,2492.00,3.92,1
2307,DECODE,1,0,1,2493.00,4.00,1
2308,DECODE,1,0,1,2494.00,3.97,1
2309,DECODE,1,0,1,2495.00,4.06,1
2310,DECODE,1,0,1,2496.00,4.00,1
2311,DECODE,1,0,1,2497.00,4.02,1
2312,DECODE,1,0,1,2498.00,3.95,1
2313,DECODE,1,0,1,2499.00,3.97,1
2314,DECODE,1,0,1,2500.00,3.91,1
2315,DECODE,1,0,1,2501.00,4.00,1
2316,DECODE,1,0,1,2502.00,3.97,1
2317,DECODE,1,0,1,2503.00,3.96,1
2318,DECODE,1,0,1,2504.00,3.98,1
2319,DECODE,1,0,1,2505.00,3.95,1
2320,DECODE,1,0,1,2506.00,4.11,1
2321,DECODE,1,0,1,2507.00,3.87,1
2322,DECODE,1,0,1,2508.00,3.93,1
2323,DECODE,1,0,1,2509.00,3.97,1
2324,DECODE,1,0,1,2510.00,4.03,1
2325,DECODE,1,0,1,2511.00,4.03,1
2326,DECODE,1,0,1,2512.00,4.00,1
2327,DECODE,1,0,1,2513.00,3.96,1
2328,DECODE,1,0,1,2514.00,4.02,1
2329,DECODE,1,0,1,2515.00,3.95,1
2330,DECODE,1,0,1,2516.00,4.00,1
2331,DECODE,1,0,1,2517.00,3.99,1
2332,DECODE,1,0,1,2518.00,4.00,1
2333,DECODE,1,0,1,2519.00,4.05,1
2334,DECODE,1,0,1,2520.00,4.01,1
2335,DECODE,1,0,1,2521.00,4.03,1
2336,DECODE,1,0,1,2522.00,4.16,1
2337,DECODE,1,0,1,2523.00,4.09,1
2338,DECODE,1,0,1,2524.00,4.07,1
2339,DECODE,1,0,1,2525.00,4.11,1
2340,DECODE,1,0,1,2526.00,4.12,1
2341,DECODE,1,0,1,2527.00,4.04,1
2342,DECODE,1,0,1,2528.00,4.00,1
2343,DECODE,1,0,1,2529.00,3.96,1
2344,DECODE,1,0,1,2530.00,4.13,1
2345,DECODE,1,0,1,2531.00,4.12,1
2346,DECODE,1,0,1,2532.00,4.05,1
2347,DECODE,1,0,1,2533.00,4.07,1
2348,DECODE,1,0,1,2534.00,3.96,1
2349,DECODE,1,0,1,2535.00,3.96,1
2350,DECODE,1,0,1,2536.00,3.93,1
2351,DECODE,1,0,1,2537.00,3.97,1
2352,DECODE,1,0,1,2538.00,3.98,1
2353,DECODE,1,0,1,2539.00,4.02,1
2354,DECODE,1,0,1,2540.00,3.94,1
2355,DECODE,1,0,1,2541.00,3.94,1
2356,DECODE,1,0,1,2542.00,3.97,1
2357,DECODE,1,0,1,2543.00,3.92,1
2358,DECODE,1,0,1,2544.00,3.91,1
2359,DECODE,1,0,1,2545.00,4.04,1
2360,DECODE,1,0,1,2546.00,3.96,1
2361,DECODE,1,0,1,2547.00,3.98,1
2362,DECODE,1,0,1,2548.00,3.91,1
2363,DECODE,1,0,1,2549.00,3.91,1
2364,DECODE,1,0,1,2550.00,3.91,1
2365,DECODE,1,0,1,2551.00,3.95,1
2366,DECODE,1,0,1,2552.00,3.88,1
2367,DECODE,1,0,1,2553.00,3.92,1
2368,DECODE,1,0,1,2554.00,3.85,1
2369,DECODE,1,0,1,2555.00,3.92,1
2370,DECODE,1,0,1,2556.00,3.88,1
2371,DECODE,1,0,1,2557.00,3.89,1
2372,DECODE,1,0,1,2558.00,3.86,1
2373,DECODE,1,0,1,2559.00,3.88,1
2374,DECODE,1,0,1,2560.00,3.92,1
2375,EXTEND,2,512,0,256.00,26.00,1
2376,EXTEND,47,8192,0,174.30,72.88,1
2377,EXTEND,97,6869,0,157.39,64.79,1
2378,DECODE,145,0,145,165.34,6.05,1
2379,DECODE,145,0,145,166.34,5.15,1
2380,DECODE,145,0,145,167.34,5.78,1
2381,DECODE,145,0,145,168.34,5.45,1
2382,DECODE,145,0,145,169.34,5.95,1
2383,DECODE,145,0,145,170.34,5.70,1
2384,DECODE,145,0,145,171.34,5.29,1
2385,DECODE,145,0,145,172.34,5.70,1
2386,DECODE,145,0,145,173.34,5.78,1
2387,DECODE,145,0,145,174.34,5.84,1
2388,DECODE,145,0,145,175.34,5.93,1
2389,DECODE,145,0,145,176.34,6.03,1
2390,DECODE,145,0,145,177.34,6.00,1
2391,DECODE,145,0,145,178.34,6.53,1
2392,DECODE,145,0,145,179.34,5.84,1
2393,DECODE,145,0,145,180.34,5.91,1
2394,DECODE,145,0,145,181.34,5.90,1
2395,DECODE,143,0,143,182.49,5.84,1
2396,DECODE,140,0,140,184.13,5.75,1
2397,DECODE,138,0,138,185.54,5.77,1
2398,DECODE,137,0,137,186.48,5.73,1
2399,DECODE,135,0,135,185.76,5.80,1
2400,DECODE,134,0,134,184.38,5.27,1
2401,DECODE,132,0,132,185.41,5.62,1
2402,DECODE,129,0,129,186.02,5.64,1
2403,DECODE,126,0,126,187.87,5.56,1
2404,DECODE,124,0,124,189.19,5.60,1
2405,DECODE,121,0,121,190.46,5.56,1
2406,DECODE,119,0,119,191.67,5.53,1
2407,DECODE,111,0,111,192.73,5.45,1
2408,DECODE,108,0,108,193.44,5.34,1
2409,DECODE,99,0,99,192.42,5.35,1
2410,DECODE,95,0,95,193.98,5.36,1
2411,DECODE,92,0,92,195.29,5.20,1
2412,DECODE,89,0,89,197.30,5.31,1
2413,DECODE,84,0,84,199.29,5.28,1
2414,DECODE,79,0,79,201.51,5.30,1
2415,DECODE,73,0,73,202.05,5.24,1
2416,DECODE,70,0,70,204.04,5.11,1
2417,DECODE,68,0,68,205.78,5.22,1
2418,DECODE,66,0,66,207.71,5.13,1
2419,DECODE,63,0,63,209.51,5.05,1
2420,DECODE,63,0,63,210.51,5.01,1
2421,DECODE,62,0,62,211.92,5.11,1
2422,DECODE,61,0,61,213.26,5.02,1
2423,DECODE,59,0,59,211.81,5.08,1
2424,DECODE,59,0,59,212.81,4.97,1
2425,DECODE,58,0,58,214.31,5.03,1
2426,DECODE,57,0,57,215.09,4.92,1
2427,DECODE,55,0,55,217.73,5.03,1
2428,DECODE,55,0,55,218.73,4.68,1
2429,DECODE,55,0,55,219.73,4.73,1
2430,DECODE,54,0,54,221.20,4.75,1
2431,DECODE,53,0,53,223.09,4.78,1
2432,DECODE,53,0,53,224.09,4.65,1
2433,DECODE,53,0,53,225.09,4.85,1
2434,DECODE,53,0,53,226.09,4.60,1
2435,DECODE,52,0,52,226.52,4.75,1
2436,DECODE,52,0,52,227.52,4.62,1
2437,DECODE,52,0,52,228.52,4.71,1
2438,DECODE,52,0,52,229.52,4.64,1
2439,DECODE,51,0,51,231.00,4.67,1
2440,DECODE,51,0,51,232.00,4.69,1
2441,DECODE,51,0,51,233.00,4.67,1
2442,DECODE,50,0,50,233.58,4.77,1
2443,EXTEND,11,1352,0,211.09,36.87,1
2444,EXTEND,97,6765,0,157.82,60.89,1
2445,EXTEND,129,8192,0,151.71,84.15,1
2446,EXTEND,98,8192,0,171.62,79.22,1
2447,EXTEND,121,8192,0,156.54,70.68,1
2448,EXTEND,113,8192,0,161.65,73.69,1
2449,EXTEND,112,8192,0,161.76,70.04,1
2450,EXTEND,79,5593,0,159.85,49.32,1
2451,DECODE,803,0,803,166.07,39.24,1
2452,EXTEND,29,1944,0,155.69,30.84,1
2453,DECODE,828,0,828,166.56,23.12,1
2454,EXTEND,14,941,0,157.00,19.07,1
2455,DECODE,842,0,842,167.40,19.31,1
2456,DECODE,842,0,842,168.40,14.96,1
2457,DECODE,841,0,841,169.37,19.11,1
2458,EXTEND,8,418,0,141.38,19.98,1
2459,DECODE,846,0,846,169.99,19.06,1
2460,EXTEND,5,287,0,147.20,38.61,1
2461,DECODE,851,0,851,170.86,21.14,1
2462,DECODE,851,0,851,171.86,15.56,1
2463,DECODE,851,0,851,172.86,15.08,1
2464,DECODE,849,0,849,173.78,18.08,1
2465,EXTEND,6,291,0,137.67,18.36,1
2466,DECODE,855,0,855,174.52,34.41,1
2467,DECODE,855,0,855,175.52,18.08,1
2468,DECODE,855,0,855,176.52,19.39,1
2469,DECODE,854,0,854,177.46,18.08,1
2470,EXTEND,6,379,0,151.67,20.17,1
2471,DECODE,860,0,860,178.28,18.16,1
2472,DECODE,860,0,860,179.28,23.91,1
2473,DECODE,860,0,860,180.28,16.20,1
2474,DECODE,846,0,846,181.08,15.27,1
2475,EXTEND,14,963,0,157.57,17.02,1
2476,DECODE,830,0,830,181.91,16.66,1
2477,EXTEND,24,1692,0,160.50,19.77,1
2478,DECODE,842,0,842,182.36,15.44,1
2479,EXTEND,18,1116,0,151.39,23.14,1
2480,DECODE,854,0,854,182.70,15.31,1
2481,EXTEND,11,738,0,157.27,18.76,1
2482,DECODE,863,0,863,183.40,18.70,1
2483,EXTEND,6,365,0,150.17,17.89,1
2484,DECODE,845,0,845,184.97,19.26,1
2485,EXTEND,18,1206,0,157.50,19.85,1
2486,DECODE,833,0,833,185.02,18.39,1
2487,EXTEND,26,1793,0,158.42,23.04,1
2488,DECODE,815,0,815,186.04,19.09,1
2489,EXTEND,38,2298,0,149.89,25.50,1
2490,DECODE,838,0,838,185.19,17.66,1
2491,EXTEND,25,2093,0,173.36,24.38,1
2492,DECODE,845,0,845,186.27,16.88,1
2493,EXTEND,21,1594,0,164.95,23.86,1
2494,DECODE,858,0,858,186.73,18.13,1
2495,EXTEND,14,799,0,147.00,28.70,1
2496,DECODE,849,0,849,186.97,24.45,1
2497,EXTEND,20,1263,0,152.40,19.62,1
2498,DECODE,839,0,839,186.53,18.26,1
2499,EXTEND,27,2272,0,174.96,34.23,1
2500,DECODE,836,0,836,187.21,20.53,1
2501,EXTEND,30,1568,0,141.77,21.99,1
2502,DECODE,837,0,837,186.86,17.25,1
2503,EXTEND,30,2231,0,163.87,23.65,1
2504,DECODE,843,0,843,186.75,18.02,1
2505,EXTEND,27,1840,0,157.00,23.40,1
2506,DECODE,856,0,856,186.51,18.27,1
2507,EXTEND,20,1526,0,165.80,30.38,1
2508,DECODE,856,0,856,186.77,24.85,1
2509,EXTEND,21,1291,0,150.90,20.89,1
2510,DECODE,860,0,860,186.84,15.32,1
2511,EXTEND,19,1315,0,160.11,18.23,1
2512,DECODE,868,0,868,187.10,24.20,1
2513,EXTEND,15,1085,0,164.00,25.83,1
2514,DECODE,869,0,869,187.66,18.38,1
2515,EXTEND,15,1199,0,168.93,21.05,1
2516,DECODE,869,0,869,188.44,16.03,1
2517,EXTEND,16,923,0,147.38,16.93,1
2518,DECODE,873,0,873,188.57,17.98,1
2519,EXTEND,14,1056,0,164.07,20.91,1
2520,DECODE,875,0,875,189.13,17.79,1
2521,EXTEND,14,1090,0,167.50,19.22,1
2522,DECODE,878,0,878,189.91,17.72,1
2523,EXTEND,13,847,0,153.69,15.97,1
2524,DECODE,885,0,885,190.44,18.88,1
2525,EXTEND,9,972,0,196.67,15.60,1
2526,DECODE,879,0,879,191.33,18.92,1
2527,EXTEND,13,826,0,152.62,15.03,1
2528,DECODE,883,0,883,191.10,18.66,1
2529,EXTEND,12,724,0,149.67,15.61,1
2530,DECODE,879,0,879,191.57,15.52,1
2531,EXTEND,15,1133,0,164.40,19.42,1
2532,DECODE,884,0,884,192.19,18.37,1
2533,EXTEND,13,660,0,143.15,17.36,1
2534,DECODE,887,0,887,192.71,18.21,1
2535,EXTEND,12,637,0,142.50,19.32,1
2536,DECODE,889,0,889,192.75,20.91,1
2537,EXTEND,11,772,0,159.09,17.26,1
2538,DECODE,884,0,884,193.32,15.55,1
2539,EXTEND,15,979,0,154.13,15.02,1
2540,DECODE,887,0,887,193.94,15.46,1
2541,EXTEND,14,1446,0,192.57,20.84,1
2542,DECODE,890,0,890,195.08,19.00,1
2543,EXTEND,13,762,0,147.77,15.67,1
2544,DECODE,889,0,889,195.61,16.83,1
2545,EXTEND,14,923,0,155.14,16.07,1
2546,DECODE,894,0,894,195.99,22.06,1
2547,EXTEND,12,806,0,159.67,18.27,1
2548,DECODE,887,0,887,196.66,15.71,1
2549,EXTEND,17,1159,0,158.24,20.30,1
2550,DECODE,893,0,893,197.31,19.10,1
2551,EXTEND,14,751,0,144.43,15.42,1
2552,DECODE,894,0,894,197.74,15.44,1
2553,EXTEND,15,885,0,150.60,13.42,1
2554,DECODE,895,0,895,198.16,18.80,1
2555,EXTEND,15,822,0,144.93,15.06,1
2556,DECODE,897,0,897,198.52,18.34,1
2557,EXTEND,14,754,0,144.36,15.44,1
2558,DECODE,896,0,896,198.94,23.76,1
2559,EXTEND,16,785,0,139.19,16.44,1
2560,DECODE,901,0,901,199.02,19.27,1
2561,EXTEND,14,1140,0,169.93,19.77,1
2562,DECODE,896,0,896,199.77,16.06,1
2563,EXTEND,17,1440,0,175.00,20.39,1
2564,DECODE,891,0,891,200.23,19.04,1
2565,EXTEND,21,2473,0,207.38,25.61,1
2566,DECODE,894,0,894,201.29,16.51,1
2567,EXTEND,20,1518,0,165.90,19.54,1
2568,DECODE,903,0,903,201.37,19.53,1
2569,EXTEND,16,1689,0,195.75,19.38,1
2570,DECODE,897,0,897,202.57,15.88,1
2571,EXTEND,20,1219,0,151.80,18.70,1
2572,DECODE,902,0,902,202.24,18.52,1
2573,EXTEND,18,1568,0,178.83,17.29,1
2574,DECODE,912,0,912,202.68,21.29,1
2575,EXTEND,13,756,0,149.85,15.40,1
2576,DECODE,914,0,914,203.17,18.95,1
2577,EXTEND,12,903,0,165.58,13.62,1
2578,DECODE,912,0,912,203.40,16.65,1
2579,EXTEND,14,722,0,140.43,16.43,1
2580,DECODE,911,0,911,203.35,19.89,1
2581,EXTEND,16,1064,0,156.69,18.41,1
2582,DECODE,909,0,909,203.67,20.56,1
2583,EXTEND,18,1013,0,147.56,14.52,1
2584,DECODE,908,0,908,203.74,20.50,1
2585,EXTEND,19,1382,0,162.37,18.21,1
2586,DECODE,920,0,920,203.97,19.69,1
2587,EXTEND,13,967,0,162.46,15.12,1
2588,DECODE,920,0,920,204.38,16.01,1
2589,EXTEND,14,1337,0,184.86,19.07,1
2590,DECODE,920,0,920,205.02,16.00,1
2591,EXTEND,15,1495,0,189.33,18.98,1
2592,DECODE,926,0,926,205.94,18.93,1
2593,EXTEND,12,965,0,171.92,14.80,1
2594,DECODE,931,0,931,206.29,18.91,1
2595,EXTEND,10,747,0,167.20,15.79,1
2596,DECODE,930,0,930,206.95,19.12,1
2597,EXTEND,11,648,0,148.09,19.32,1
2598,DECODE,931,0,931,207.40,16.21,1
2599,EXTEND,5,366,0,163.60,18.18,1
2600,DECODE,921,0,921,208.11,18.83,1
2601,DECODE,921,0,921,209.11,15.98,1
2602,DECODE,903,0,903,210.32,15.81,1
2603,DECODE,895,0,895,211.51,15.55,1
2604,DECODE,883,0,883,212.71,15.52,1
2605,DECODE,861,0,861,214.12,18.23,1
2606,DECODE,849,0,849,215.37,15.73,1
2607,DECODE,834,0,834,215.93,17.86,1
2608,DECODE,826,0,826,217.42,15.09,1
2609,EXTEND,1,52,0,144.00,19.38,1
2610,EXTEND,13,813,0,152.54,16.09,1
2611,EXTEND,22,1863,0,175.00,27.47,1
2612,EXTEND,59,5211,0,178.05,48.78,1
2613,DECODE,890,0,890,213.80,16.76,1
2614,EXTEND,43,3138,0,162.70,29.85,1
2615,DECODE,914,0,914,212.62,16.31,1
2616,EXTEND,30,1827,0,151.60,22.54,1
2617,DECODE,928,0,928,211.97,20.68,1
2618,EXTEND,23,1941,0,175.17,21.88,1
2619,DECODE,934,0,934,212.42,25.48,1
2620,EXTEND,20,1497,0,177.50,19.17,1
2621,DECODE,935,0,935,212.76,19.14,1
2622,EXTEND,21,1559,0,164.43,18.47,1
2623,DECODE,937,0,937,212.97,18.68,1
2624,EXTEND,20,1402,0,159.45,18.01,1
2625,DECODE,945,0,945,213.20,21.77,1
2626,EXTEND,17,1666,0,188.18,20.94,1
2627,DECODE,951,0,951,213.89,20.50,1
2628,EXTEND,14,1266,0,180.43,19.36,1
2629,DECODE,953,0,953,214.69,18.78,1
2630,EXTEND,14,1094,0,167.50,19.54,1
2631,DECODE,961,0,961,215.00,19.31,1
2632,EXTEND,10,775,0,167.00,15.06,1
2633,DECODE,963,0,963,215.29,16.92,1
2634,EXTEND,10,785,0,167.30,14.62,1
2635,DECODE,963,0,963,216.06,18.25,1
2636,EXTEND,11,568,0,142.73,20.94,1
2637,DECODE,962,0,962,216.50,20.00,1
2638,EXTEND,12,1116,0,186.17,16.78,1
2639,DECODE,959,0,959,217.17,18.54,1
2640,EXTEND,15,1047,0,161.80,18.84,1
2641,DECODE,966,0,966,217.48,18.86,1
2642,EXTEND,12,792,0,156.17,15.04,1
2643,DECODE,968,0,968,217.68,19.67,1
2644,EXTEND,11,827,0,165.36,14.91,1
2645,DECODE,967,0,967,217.63,18.13,1
2646,EXTEND,13,1091,0,173.00,19.84,1
2647,DECODE,966,0,966,218.31,18.71,1
2648,EXTEND,14,972,0,158.57,13.30,1
2649,DECODE,967,0,967,218.16,19.63,1
2650,EXTEND,15,834,0,146.33,13.97,1
2651,DECODE,974,0,974,218.38,20.81,1
2652,EXTEND,12,887,0,163.83,13.45,1
2653,DECODE,977,0,977,218.80,19.69,1
2654,EXTEND,11,894,0,170.82,13.44,1
2655,DECODE,978,0,978,219.43,19.92,1
2656,EXTEND,11,1172,0,195.45,18.67,1
2657,DECODE,973,0,973,220.19,18.79,1
2658,EXTEND,15,754,0,139.40,13.26,1
2659,DECODE,978,0,978,220.12,17.42,1
2660,EXTEND,13,1017,0,167.46,14.94,1
2661,DECODE,969,0,969,220.56,19.53,1
2662,EXTEND,19,1343,0,161.42,18.67,1
2663,DECODE,978,0,978,220.18,16.83,1
2664,EXTEND,15,1768,0,207.53,22.36,1
2665,DECODE,974,0,974,221.17,16.93,1
2666,EXTEND,18,1143,0,153.33,19.53,1
2667,DECODE,983,0,983,221.09,19.64,1
2668,EXTEND,14,1146,0,171.14,19.51,1
2669,DECODE,981,0,981,221.73,18.60,1
2670,EXTEND,16,1272,0,169.12,19.82,1
2671,DECODE,986,0,986,221.98,24.91,1
2672,EXTEND,14,800,0,148.64,15.54,1
2673,DECODE,992,0,992,222.02,19.83,1
2674,EXTEND,8,820,0,192.00,18.66,1
2675,DECODE,986,0,986,223.27,18.08,1
2676,EXTEND,14,902,0,154.07,13.74,1
2677,DECODE,987,0,987,223.28,18.62,1
2678,EXTEND,2,138,0,156.50,19.85,1
2679,EXTEND,11,1026,0,184.09,19.27,1
2680,EXTEND,10,566,0,147.00,17.44,1
2681,DECODE,992,0,992,223.05,16.89,1
2682,EXTEND,8,603,0,168.12,20.73,1
2683,DECODE,989,0,989,223.65,18.59,1
2684,EXTEND,11,949,0,179.45,15.39,1
2685,DECODE,989,0,989,224.53,16.97,1
2686,EXTEND,11,627,0,148.73,16.29,1
2687,DECODE,990,0,990,225.02,19.01,1
2688,EXTEND,10,844,0,176.00,16.22,1
2689,DECODE,990,0,990,225.21,16.93,1
2690,EXTEND,10,734,0,162.40,15.36,1
2691,DECODE,987,0,987,225.16,16.87,1
2692,EXTEND,13,1149,0,177.85,19.35,1
2693,DECODE,982,0,982,225.08,18.56,1
2694,EXTEND,18,1269,0,161.50,19.27,1
2695,DECODE,988,0,988,224.76,18.86,1
2696,EXTEND,12,1040,0,175.33,18.78,1
2697,DECODE,984,0,984,225.49,19.05,1
2698,EXTEND,16,1168,0,163.19,18.93,1
2699,DECODE,991,0,991,225.58,19.52,1
2700,EXTEND,9,743,0,171.78,15.11,1
2701,DECODE,988,0,988,225.95,16.98,1
2702,EXTEND,12,1003,0,172.00,15.40,1
2703,DECODE,985,0,985,226.64,18.70,1
2704,EXTEND,15,1297,0,176.47,18.91,1
2705,DECODE,986,0,986,227.17,16.98,1
2706,EXTEND,14,931,0,156.79,13.02,1
2707,DECODE,989,0,989,227.16,17.30,1
2708,EXTEND,11,567,0,144.91,17.09,1
2709,DECODE,991,0,991,227.37,16.88,1
2710,EXTEND,9,832,0,185.22,16.45,1
2711,DECODE,984,0,984,228.27,16.94,1
2712,EXTEND,16,1052,0,155.69,18.80,1
2713,DECODE,986,0,986,228.09,16.96,1
2714,EXTEND,14,1269,0,181.79,16.74,1
2715,DECODE,989,0,989,229.02,16.92,1
2716,EXTEND,11,638,0,147.45,15.96,1
2717,DECODE,985,0,985,228.86,17.00,1
2718,EXTEND,15,1030,0,158.93,19.01,1
2719,DECODE,980,0,980,229.17,19.04,1
2720,EXTEND,20,1813,0,180.35,20.43,1
2721,DECODE,988,0,988,229.26,17.12,1
2722,EXTEND,12,906,0,164.92,15.64,1
2723,DECODE,985,0,985,229.69,16.86,1
2724,EXTEND,15,868,0,147.13,13.43,1
2725,DECODE,983,0,983,229.49,16.95,1
2726,EXTEND,17,1113,0,154.82,19.12,1
2727,DECODE,982,0,982,229.27,16.99,1
2728,EXTEND,18,1195,0,156.61,20.81,1
2729,DECODE,987,0,987,229.53,18.29,1
2730,EXTEND,13,1001,0,166.00,15.49,1
2731,DECODE,983,0,983,229.24,16.99,1
2732,EXTEND,10,504,0,157.90,19.06,1
2733,EXTEND,7,502,0,165.00,22.34,1
2734,EXTEND,8,477,0,148.25,18.30,1
2735,DECODE,1000,0,1000,228.60,19.17,1
2736,DECODE,1000,0,1000,229.60,18.22,1
2737,DECODE,985,0,985,230.63,17.12,1
2738,EXTEND,15,1087,0,164.73,19.42,1
2739,EXTEND,11,647,0,149.73,16.46,1
2740,EXTEND,6,339,0,146.83,16.97,1
2741,DECODE,1000,0,1000,229.37,17.06,1
2742,DECODE,1000,0,1000,230.37,17.15,1
2743,DECODE,990,0,990,231.18,17.12,1
2744,EXTEND,10,968,0,191.90,15.42,1
2745,EXTEND,19,1657,0,180.11,18.70,1
2746,EXTEND,5,175,0,125.60,18.35,1
2747,DECODE,995,0,995,229.82,18.96,1
2748,EXTEND,5,290,0,145.60,16.37,1
2749,DECODE,988,0,988,230.25,16.97,1
2750,EXTEND,12,1075,0,178.75,19.86,1
2751,DECODE,988,0,988,230.71,16.83,1
2752,EXTEND,12,883,0,165.58,13.24,1
2753,DECODE,994,0,994,231.18,19.00,1
2754,EXTEND,6,427,0,162.67,18.07,1
2755,DECODE,989,0,989,231.88,16.93,1
2756,EXTEND,11,1125,0,191.18,18.77,1
2757,DECODE,992,0,992,232.19,17.27,1
2758,EXTEND,8,940,0,205.62,15.43,1
2759,DECODE,991,0,991,232.97,16.92,1
2760,EXTEND,9,546,0,149.33,16.87,1
2761,DECODE,991,0,991,233.51,17.12,1
2762,EXTEND,9,1111,0,213.11,18.95,1
2763,DECODE,987,0,987,234.53,16.92,1
2764,EXTEND,13,1460,0,204.15,19.70,1
2765,DECODE,987,0,987,235.12,16.95,1
2766,EXTEND,13,1020,0,169.15,14.58,1
2767,DECODE,986,0,986,235.52,16.96,1
2768,EXTEND,14,1274,0,184.79,24.59,1
2769,DECODE,994,0,994,235.97,17.43,1
2770,EXTEND,6,312,0,144.00,20.64,1
2771,DECODE,980,0,980,237.08,16.95,1
2772,EXTEND,19,1697,0,180.42,19.56,1
2773,EXTEND,1,81,0,175.00,21.02,1
2774,EXTEND,19,1843,0,188.16,20.91,1
2775,DECODE,1000,0,1000,235.86,17.27,1
2776,DECODE,1000,0,1000,236.86,17.17,1
2777,DECODE,992,0,992,238.21,17.24,1
2778,EXTEND,8,477,0,149.75,13.42,1
2779,EXTEND,14,1483,0,196.64,18.68,1
2780,EXTEND,10,665,0,157.90,15.39,1
2781,DECODE,993,0,993,236.95,18.88,1
2782,EXTEND,7,804,0,208.57,15.09,1
2783,DECODE,991,0,991,238.15,16.98,1
2784,EXTEND,9,1022,0,203.56,14.65,1
2785,DECODE,989,0,989,238.78,16.95,1
2786,EXTEND,11,668,0,148.91,27.03,1
2787,DECODE,991,0,991,238.83,25.74,1
2788,EXTEND,9,628,0,158.78,16.04,1
2789,DECODE,984,0,984,239.80,16.85,1
2790,EXTEND,16,1337,0,173.50,17.08,1
2791,DECODE,989,0,989,239.84,17.12,1
2792,EXTEND,11,934,0,175.27,14.27,1
2793,DECODE,984,0,984,240.54,17.66,1
2794,EXTEND,16,1153,0,163.19,20.08,1
2795,DECODE,989,0,989,240.34,17.08,1
2796,EXTEND,11,1090,0,192.45,19.13,1
2797,DECODE,991,0,991,241.02,17.89,1
2798,EXTEND,9,839,0,184.56,13.58,1
2799,DECODE,987,0,987,241.75,16.87,1
2800,EXTEND,13,1323,0,190.85,19.14,1
2801,DECODE,981,0,981,242.37,17.36,1
2802,EXTEND,19,1807,0,185.16,20.55,1
2803,DECODE,988,0,988,242.25,17.50,1
2804,EXTEND,12,1117,0,183.50,19.21,1
2805,DECODE,989,0,989,242.71,17.21,1
2806,EXTEND,11,904,0,172.00,16.02,1
2807,DECODE,989,0,989,243.04,17.27,1
2808,EXTEND,11,993,0,184.64,13.41,1
2809,DECODE,987,0,987,243.88,21.56,1
2810,EXTEND,13,1097,0,186.38,19.74,1
2811,DECODE,988,0,988,244.40,17.18,1
2812,EXTEND,12,1171,0,187.83,18.69,1
2813,DECODE,987,0,987,244.74,17.39,1
2814,EXTEND,13,1150,0,181.85,24.24,1
2815,DECODE,989,0,989,245.52,17.39,1
2816,EXTEND,11,1324,0,210.45,19.09,1
2817,DECODE,989,0,989,246.24,17.28,1
2818,EXTEND,11,891,0,171.36,13.47,1
2819,DECODE,992,0,992,246.65,17.43,1
2820,EXTEND,8,693,0,178.38,18.78,1
2821,DECODE,987,0,987,247.61,17.26,1
2822,EXTEND,13,1094,0,175.69,18.40,1
2823,DECODE,982,0,982,248.24,17.40,1
2824,EXTEND,18,1574,0,179.33,19.32,1
2825,DECODE,983,0,983,248.68,17.48,1
2826,EXTEND,17,1581,0,182.06,19.41,1
2827,DECODE,992,0,992,248.68,17.42,1
2828,EXTEND,8,688,0,177.12,16.06,1
2829,DECODE,991,0,991,249.45,17.03,1
2830,EXTEND,9,1654,0,272.56,19.42,1
2831,DECODE,988,0,988,250.94,17.15,1
2832,EXTEND,12,656,0,146.25,16.15,1
2833,DECODE,988,0,988,250.79,17.03,1
2834,EXTEND,12,827,0,159.75,12.94,1
2835,DECODE,985,0,985,250.84,17.01,1
2836,EXTEND,15,1441,0,187.13,19.27,1
2837,DECODE,989,0,989,250.38,17.20,1
2838,EXTEND,11,1005,0,185.09,15.25,1
2839,DECODE,986,0,986,251.14,17.05,1
2840,EXTEND,14,1299,0,182.07,18.26,1
2841,DECODE,990,0,990,251.71,17.30,1
2842,EXTEND,10,717,0,160.50,15.19,1
2843,DECODE,986,0,986,252.58,17.10,1
2844,EXTEND,13,1379,0,196.54,19.14,1
2845,EXTEND,1,111,0,212.00,28.04,1
2846,EXTEND,13,1664,0,217.23,23.51,1
2847,DECODE,1000,0,1000,251.96,17.35,1
2848,DECODE,1000,0,1000,252.96,17.30,1
2849,DECODE,985,0,985,254.70,17.31,1
2850,EXTEND,15,1217,0,172.13,18.86,1
2851,EXTEND,12,1547,0,217.75,18.37,1
2852,EXTEND,12,947,0,168.08,15.67,1
2853,DECODE,999,0,999,253.47,18.95,1
2854,EXTEND,1,194,0,283.00,20.04,1
2855,DECODE,991,0,991,254.68,17.04,1
2856,EXTEND,9,935,0,197.11,13.10,1
2857,DECODE,983,0,983,255.86,17.19,1
2858,EXTEND,17,2077,0,216.82,22.89,1
2859,DECODE,996,0,996,256.18,19.23,1
2860,EXTEND,4,185,0,138.00,18.28,1
2861,DECODE,990,0,990,257.24,17.18,1
2862,EXTEND,10,880,0,179.30,15.80,1
2863,DECODE,990,0,990,257.53,17.19,1
2864,EXTEND,10,761,0,171.30,15.59,1
2865,DECODE,991,0,991,257.47,17.71,1
2866,EXTEND,9,584,0,161.44,20.62,1
2867,DECODE,987,0,987,258.20,17.18,1
2868,EXTEND,13,958,0,165.23,15.16,1
2869,DECODE,987,0,987,257.90,17.37,1
2870,EXTEND,13,1065,0,171.92,18.38,1
2871,DECODE,992,0,992,258.04,17.35,1
2872,EXTEND,8,854,0,195.88,13.09,1
2873,DECODE,986,0,986,259.06,17.94,1
2874,EXTEND,14,992,0,160.50,13.59,1
2875,DECODE,984,0,984,258.95,17.13,1
2876,EXTEND,16,1504,0,187.94,18.56,1
2877,DECODE,992,0,992,258.80,17.49,1
2878,EXTEND,8,734,0,184.75,13.02,1
2879,DECODE,985,0,985,259.59,17.16,1
2880,EXTEND,12,1173,0,189.50,19.88,1
2881,EXTEND,3,185,0,164.33,15.77,1
2882,EXTEND,7,754,0,199.14,14.59,1
2883,DECODE,1000,0,1000,258.95,17.44,1
2884,DECODE,1000,0,1000,259.95,17.57,1
2885,DECODE,992,0,992,260.85,17.48,1
2886,EXTEND,8,971,0,213.25,15.24,1
2887,EXTEND,11,525,0,138.27,21.71,1
2888,EXTEND,13,1941,0,239.15,19.77,1
2889,DECODE,991,0,991,260.69,17.25,1
2890,EXTEND,9,524,0,147.56,18.04,1
2891,DECODE,987,0,987,260.74,17.28,1
2892,EXTEND,13,807,0,154.77,15.57,1
2893,DECODE,990,0,990,260.34,17.33,1
2894,EXTEND,10,859,0,175.40,16.13,1
2895,DECODE,983,0,983,260.51,17.32,1
2896,EXTEND,17,1570,0,182.53,19.32,1
2897,DECODE,988,0,988,259.92,17.28,1
2898,EXTEND,12,1090,0,182.67,17.56,1
2899,DECODE,991,0,991,260.42,17.22,1
2900,EXTEND,9,1182,0,220.33,20.15,1
2901,DECODE,992,0,992,261.55,17.48,1
2902,EXTEND,8,945,0,209.12,13.18,1
2903,DECODE,986,0,986,262.24,17.33,1
2904,EXTEND,1,107,0,194.00,22.23,1
2905,DECODE,974,0,974,263.15,17.18,1
2906,DECODE,974,0,974,264.15,18.30,1
2907,DECODE,966,0,966,265.32,17.20,1
2908,DECODE,961,0,961,266.39,18.02,1
2909,DECODE,956,0,956,267.08,18.91,1
2910,DECODE,945,0,945,268.54,16.93,1
2911,DECODE,934,0,934,269.91,16.68,1
2912,DECODE,920,0,920,271.39,16.62,1
2913,DECODE,915,0,915,272.40,19.07,1
2914,DECODE,904,0,904,273.70,16.62,1
2915,DECODE,891,0,891,274.81,16.10,1
2916,DECODE,880,0,880,276.10,17.03,1
2917,DECODE,874,0,874,277.53,18.61,1
2918,DECODE,862,0,862,278.23,18.72,1
2919,DECODE,854,0,854,279.63,15.79,1
2920,DECODE,846,0,846,281.14,15.79,1
2921,DECODE,831,0,831,282.77,17.16,1
2922,DECODE,823,0,823,284.00,18.69,1
2923,DECODE,811,0,811,284.59,17.98,1
2924,DECODE,801,0,801,286.18,17.65,1
2925,DECODE,787,0,787,288.20,17.41,1
2926,DECODE,783,0,783,289.29,16.97,1
2927,DECODE,769,0,769,291.22,16.87,1
2928,EXTEND,13,925,0,160.15,16.07,1
2929,DECODE,773,0,773,290.61,17.02,1
2930,EXTEND,13,1256,0,187.23,19.32,1
2931,DECODE,772,0,772,290.40,15.13,1
2932,EXTEND,81,8192,0,192.19,69.53,1
2933,EXTEND,82,8192,0,190.87,74.22,1
2934,EXTEND,73,7111,0,191.03,61.74,1
2935,DECODE,1000,0,1000,268.57,18.40,1
2936,DECODE,1000,0,1000,269.57,17.71,1
2937,DECODE,997,0,997,270.65,19.40,1
2938,EXTEND,3,545,0,273.00,16.67,1
2939,EXTEND,13,1219,0,183.54,16.47,1
2940,EXTEND,9,1423,0,249.22,18.68,1
2941,DECODE,1000,0,1000,270.78,17.73,1
2942,DECODE,1000,0,1000,271.78,17.70,1
2943,DECODE,987,0,987,272.66,17.50,1
2944,EXTEND,13,1278,0,191.69,20.20,1
2945,EXTEND,11,880,0,171.00,13.97,1
2946,EXTEND,4,270,0,159.00,17.75,1
2947,DECODE,1000,0,1000,271.10,17.88,1
2948,DECODE,1000,0,1000,272.10,17.67,1
2949,DECODE,988,0,988,273.30,17.42,1
2950,EXTEND,12,774,0,159.67,15.39,1
2951,EXTEND,6,380,0,152.83,24.70,1
2952,EXTEND,15,1287,0,179.40,18.67,1
2953,DECODE,1000,0,1000,271.30,17.63,1
2954,DECODE,1000,0,1000,272.30,17.53,1
2955,DECODE,992,0,992,273.03,17.73,1
2956,EXTEND,8,603,0,167.38,14.05,1
2957,EXTEND,7,569,0,172.00,18.63,1
2958,EXTEND,11,620,0,147.36,18.53,1
2959,DECODE,1000,0,1000,271.11,17.63,1
2960,DECODE,1000,0,1000,272.11,17.61,1
2961,DECODE,991,0,991,273.06,17.47,1
2962,EXTEND,9,721,0,172.67,16.99,1
2963,EXTEND,10,824,0,173.40,15.33,1
2964,EXTEND,7,584,0,173.29,13.00,1
2965,DECODE,1000,0,1000,271.81,17.70,1
2966,DECODE,1000,0,1000,272.81,17.71,1
2967,DECODE,982,0,982,273.69,17.51,1
2968,EXTEND,18,1347,0,167.11,19.68,1
2969,EXTEND,8,601,0,168.62,18.05,1
2970,EXTEND,9,749,0,174.56,15.38,1
2971,DECODE,1000,0,1000,271.19,17.65,1
2972,DECODE,1000,0,1000,272.19,17.57,1
2973,DECODE,991,0,991,273.35,17.53,1
2974,EXTEND,9,593,0,158.78,18.55,1
2975,EXTEND,6,385,0,159.50,20.55,1
2976,EXTEND,4,251,0,154.75,24.35,1
2977,DECODE,1000,0,1000,272.64,17.84,1
2978,DECODE,1000,0,1000,273.64,17.69,1
2979,DECODE,985,0,985,275.57,17.72,1
2980,EXTEND,15,1333,0,181.93,20.16,1
2981,EXTEND,13,868,0,157.54,14.87,1
2982,EXTEND,10,609,0,157.90,17.38,1
2983,DECODE,1000,0,1000,273.66,17.72,1
2984,DECODE,1000,0,1000,274.66,17.47,1
2985,DECODE,984,0,984,275.80,17.50,1
2986,EXTEND,16,1662,0,195.25,19.89,1
2987,EXTEND,9,563,0,158.22,20.27,1
2988,EXTEND,11,1255,0,206.00,31.60,1
2989,DECODE,1000,0,1000,274.16,22.88,1
2990,DECODE,1000,0,1000,275.16,18.05,1
2991,DECODE,991,0,991,276.03,17.67,1
2992,EXTEND,9,529,0,151.22,20.43,1
2993,EXTEND,15,1598,0,199.60,19.26,1
2994,EXTEND,6,523,0,179.00,17.79,1
2995,DECODE,1000,0,1000,274.03,17.62,1
2996,DECODE,1000,0,1000,275.03,17.71,1
2997,DECODE,989,0,989,275.72,17.55,1
2998,EXTEND,11,800,0,163.82,19.66,1
2999,EXTEND,7,479,0,159.43,17.96,1
3000,EXTEND,15,1633,0,204.20,20.32,1
3001,DECODE,1000,0,1000,274.88,18.26,1
3002,DECODE,1000,0,1000,275.88,17.73,1
3003,DECODE,994,0,994,277.29,18.36,1
3004,EXTEND,6,472,0,170.00,19.68,1
3005,EXTEND,9,781,0,180.00,17.16,1
3006,EXTEND,8,719,0,180.38,16.02,1
3007,DECODE,1000,0,1000,275.77,17.70,1
3008,DECODE,1000,0,1000,276.77,17.55,1
3009,DECODE,989,0,989,277.33,17.66,1
3010,EXTEND,11,725,0,160.00,16.06,1
3011,EXTEND,11,898,0,171.82,15.88,1
3012,EXTEND,7,711,0,201.29,15.51,1
3013,DECODE,1000,0,1000,275.81,17.70,1
3014,DECODE,1000,0,1000,276.81,17.48,1
3015,DECODE,992,0,992,277.74,17.79,1
3016,EXTEND,8,601,0,168.62,13.60,1
3017,EXTEND,9,917,0,192.78,15.85,1
3018,EXTEND,5,351,0,159.00,18.97,1
3019,DECODE,1000,0,1000,276.53,17.69,1
3020,DECODE,1000,0,1000,277.53,17.53,1
3021,DECODE,994,0,994,278.36,17.61,1
3022,EXTEND,6,359,0,155.33,17.65,1
3023,EXTEND,8,496,0,157.12,13.50,1
3024,EXTEND,10,652,0,160.40,16.22,1
3025,DECODE,1000,0,1000,275.93,17.74,1
3026,DECODE,1000,0,1000,276.93,17.70,1
3027,DECODE,988,0,988,278.23,17.41,1
3028,EXTEND,12,886,0,170.33,16.72,1
3029,EXTEND,12,884,0,166.75,13.56,1
3030,EXTEND,10,920,0,183.00,13.49,1
3031,DECODE,1000,0,1000,276.09,17.64,1
3032,DECODE,1000,0,1000,277.09,17.67,1
3033,DECODE,995,0,995,278.44,18.03,1
3034,EXTEND,5,488,0,188.00,21.07,1
3035,EXTEND,4,284,0,164.25,19.11,1
3036,EXTEND,8,495,0,154.25,17.97,1
3037,DECODE,1000,0,1000,277.62,17.55,1
3038,DECODE,1000,0,1000,278.62,17.62,1
3039,DECODE,990,0,990,278.97,17.34,1
3040,EXTEND,10,1127,0,202.50,20.68,1
3041,EXTEND,7,626,0,179.57,17.73,1
3042,EXTEND,9,526,0,152.56,17.84,1
3043,DECODE,1000,0,1000,277.84,17.55,1
3044,DECODE,1000,0,1000,278.84,17.76,1
3045,DECODE,994,0,994,279.70,17.87,1
3046,EXTEND,6,377,0,160.50,19.09,1
3047,EXTEND,6,553,0,185.00,17.94,1
3048,EXTEND,7,475,0,164.43,17.77,1
3049,DECODE,1000,0,1000,279.18,17.47,1
3050,DECODE,1000,0,1000,280.18,17.66,1
3051,DECODE,990,0,990,281.35,18.03,1
3052,EXTEND,10,681,0,160.60,18.11,1
3053,EXTEND,9,577,0,159.44,18.91,1
3054,EXTEND,10,600,0,152.70,17.22,1
3055,DECODE,1000,0,1000,279.17,17.42,1
3056,DECODE,1000,0,1000,280.17,17.65,1
3057,DECODE,994,0,994,281.45,17.94,1
3058,EXTEND,6,625,0,197.67,17.54,1
3059,EXTEND,10,738,0,165.60,14.06,1
3060,EXTEND,7,396,0,147.71,18.77,1
3061,DECODE,1000,0,1000,278.69,17.54,1
3062,DECODE,1000,0,1000,279.69,17.54,1
3063,DECODE,996,0,996,280.70,17.76,1
3064,EXTEND,4,525,0,227.25,13.75,1
3065,EXTEND,6,548,0,185.67,16.90,1
3066,EXTEND,7,389,0,153.86,20.67,1
3067,DECODE,1000,0,1000,280.56,17.57,1
3068,DECODE,1000,0,1000,281.56,17.79,1
3069,DECODE,991,0,991,283.16,17.55,1
3070,EXTEND,9,763,0,176.89,15.86,1
3071,EXTEND,4,292,0,167.75,17.86,1
3072,EXTEND,15,1183,0,173.07,20.43,1
3073,DECODE,1000,0,1000,280.83,24.76,1
3074,DECODE,1000,0,1000,281.83,18.42,1
3075,DECODE,996,0,996,283.09,17.95,1
3076,EXTEND,4,450,0,204.00,19.00,1
3077,EXTEND,4,264,0,161.25,25.01,1
3078,EXTEND,7,583,0,178.57,23.45,1
3079,DECODE,1000,0,1000,282.25,17.88,1
3080,DECODE,1000,0,1000,283.25,17.73,1
3081,DECODE,991,0,991,283.44,17.51,1
3082,EXTEND,9,653,0,163.11,16.17,1
3083,EXTEND,7,513,0,167.43,18.54,1
3084,EXTEND,7,416,0,154.00,13.33,1
3085,DECODE,1000,0,1000,281.85,17.64,1
3086,DECODE,1000,0,1000,282.85,17.63,1
3087,DECODE,994,0,994,283.74,18.30,1
3088,EXTEND,6,787,0,221.17,16.16,1
3089,EXTEND,11,751,0,162.45,13.23,1
3090,EXTEND,8,510,0,159.62,19.00,1
3091,DECODE,1000,0,1000,282.12,17.72,1
3092,DECODE,1000,0,1000,283.12,18.74,1
3093,DECODE,996,0,996,284.48,17.98,1
3094,EXTEND,4,459,0,206.50,18.73,1
3095,EXTEND,7,600,0,177.14,16.43,1
3096,EXTEND,8,478,0,151.62,18.61,1
3097,DECODE,1000,0,1000,283.56,17.76,1
3098,DECODE,1000,0,1000,284.56,17.79,1
3099,DECODE,993,0,993,286.17,18.23,1
3100,EXTEND,7,413,0,150.71,20.75,1
3101,EXTEND,7,500,0,163.43,18.09,1
3102,EXTEND,5,271,0,147.40,18.39,1
3103,DECODE,1000,0,1000,284.67,17.94,1
3104,DECODE,1000,0,1000,285.67,17.69,1
3105,DECODE,992,0,992,287.23,18.25,1
3106,EXTEND,8,396,0,139.62,13.44,1
3107,EXTEND,7,590,0,175.57,17.21,1
3108,EXTEND,8,463,0,147.38,18.53,1
3109,DECODE,1000,0,1000,285.48,17.65,1
3110,DECODE,1000,0,1000,286.48,17.60,1
3111,DECODE,993,0,993,287.72,17.95,1
3112,EXTEND,7,515,0,163.57,19.05,1
3113,EXTEND,9,679,0,167.11,15.73,1
3114,EXTEND,9,557,0,152.33,17.02,1
3115,DECODE,1000,0,1000,285.18,17.69,1
3116,DECODE,1000,0,1000,286.18,17.71,1
3117,DECODE,993,0,993,287.37,17.84,1
3118,EXTEND,5,348,0,158.80,17.99,1
3119,DECODE,982,0,982,288.15,17.36,1
3120,DECODE,982,0,982,289.15,17.57,1
3121,DECODE,971,0,971,290.40,17.27,1
3122,DECODE,962,0,962,291.81,17.15,1
3123,DECODE,953,0,953,293.06,17.20,1
3124,DECODE,944,0,944,294.28,19.15,1
3125,DECODE,939,0,939,295.29,19.13,1
3126,DECODE,926,0,926,296.77,16.73,1
3127,DECODE,924,0,924,297.85,21.57,1
3128,DECODE,913,0,913,298.70,19.26,1
3129,DECODE,905,0,905,300.23,19.03,1
3130,DECODE,902,0,902,301.28,16.54,1
3131,DECODE,892,0,892,302.72,19.05,1
3132,DECODE,884,0,884,304.47,16.20,1
3133,DECODE,879,0,879,305.84,16.39,1
3134,DECODE,874,0,874,307.57,17.05,1
3135,DECODE,863,0,863,309.62,16.28,1
3136,DECODE,854,0,854,311.27,15.98,1
3137,DECODE,848,0,848,312.59,19.94,1
3138,DECODE,840,0,840,314.43,18.98,1
3139,DECODE,835,0,835,315.87,19.70,1
3140,DECODE,828,0,828,317.02,15.65,1
3141,DECODE,822,0,822,318.04,15.60,1
3142,DECODE,809,0,809,319.86,17.65,1
3143,DECODE,799,0,799,321.85,15.31,1
3144,DECODE,794,0,794,323.20,17.36,1
3145,DECODE,791,0,791,324.46,18.36,1
3146,DECODE,787,0,787,325.75,15.63,1
3147,DECODE,775,0,775,327.74,15.48,1
3148,DECODE,769,0,769,329.39,15.57,1
3149,DECODE,763,0,763,330.54,15.08,1
3150,DECODE,758,0,758,332.07,17.35,1
3151,DECODE,748,0,748,333.41,17.17,1
3152,DECODE,744,0,744,334.85,19.03,1
3153,DECODE,738,0,738,335.99,15.35,1
3154,DECODE,735,0,735,336.33,17.16,1
3155,DECODE,730,0,730,337.68,16.99,1
3156,DECODE,723,0,723,338.21,17.52,1
3157,DECODE,717,0,717,339.36,15.09,1
3158,DECODE,715,0,715,340.60,17.11,1
3159,DECODE,714,0,714,341.76,16.97,1
3160,DECODE,707,0,707,343.22,17.07,1
3161,DECODE,703,0,703,344.31,17.12,1
3162,DECODE,701,0,701,345.54,17.12,1
3163,DECODE,701,0,701,346.54,14.94,1
3164,DECODE,693,0,693,348.30,14.99,1
3165,DECODE,692,0,692,349.43,17.34,1
3166,DECODE,690,0,690,350.75,17.38,1
3167,DECODE,685,0,685,352.18,17.29,1
3168,DECODE,683,0,683,353.37,17.45,1
3169,DECODE,677,0,677,354.81,17.06,1
3170,DECODE,675,0,675,355.94,17.39,1
3171,DECODE,671,0,671,357.06,16.60,1
3172,DECODE,668,0,668,358.42,14.33,1
3173,DECODE,664,0,664,359.74,16.67,1
3174,DECODE,655,0,655,361.25,17.64,1
3175,DECODE,654,0,654,362.50,16.49,1
3176,DECODE,650,0,650,363.68,16.72,1
3177,DECODE,645,0,645,365.26,16.82,1
3178,DECODE,643,0,643,366.53,16.98,1
3179,DECODE,640,0,640,367.15,18.72,1
3180,DECODE,635,0,635,369.17,17.59,1
3181,DECODE,626,0,626,370.78,14.48,1
3182,DECODE,623,0,623,371.87,17.68,1
3183,DECODE,621,0,621,373.02,17.45,1
3184,DECODE,620,0,620,374.20,14.45,1
3185,DECODE,616,0,616,375.46,17.56,1
3186,DECODE,611,0,611,376.30,17.67,1
3187,DECODE,607,0,607,377.86,18.49,1
3188,DECODE,605,0,605,378.94,18.81,1
3189,DECODE,603,0,603,380.33,14.29,1
3190,DECODE,597,0,597,382.31,18.99,1
3191,DECODE,593,0,593,383.16,14.57,1
3192,DECODE,588,0,588,384.92,18.36,1
3193,DECODE,584,0,584,386.23,14.58,1
3194,DECODE,583,0,583,387.45,14.41,1
3195,DECODE,578,0,578,388.86,18.23,1
3196,DECODE,576,0,576,389.86,19.69,1
3197,DECODE,572,0,572,391.55,18.90,1
3198,DECODE,565,0,565,393.36,18.90,1
3199,DECODE,562,0,562,394.12,18.71,1
3200,DECODE,558,0,558,394.71,18.17,1
3201,DECODE,550,0,550,396.36,17.92,1
3202,DECODE,546,0,546,397.99,14.34,1
3203,DECODE,543,0,543,399.36,18.46,1
3204,DECODE,538,0,538,400.57,18.51,1
3205,DECODE,532,0,532,401.98,18.23,1
3206,DECODE,529,0,529,403.56,14.09,1
3207,DECODE,525,0,525,404.91,13.93,1
3208,DECODE,523,0,523,406.18,14.28,1
3209,DECODE,517,0,517,407.94,18.98,1
3210,DECODE,516,0,516,409.26,19.12,1
3211,DECODE,512,0,512,410.63,11.38,1
3212,DECODE,509,0,509,411.81,10.56,1
3213,DECODE,506,0,506,413.28,10.59,1
3214,DECODE,506,0,506,414.28,10.44,1
3215,DECODE,504,0,504,415.42,10.45,1
3216,DECODE,503,0,503,416.56,10.49,1
3217,DECODE,502,0,502,417.68,10.58,1
3218,DECODE,497,0,497,419.80,10.54,1
3219,DECODE,490,0,490,422.43,11.24,1
3220,DECODE,487,0,487,423.10,10.09,1
3221,DECODE,485,0,485,424.53,10.45,1
3222,DECODE,480,0,480,426.25,11.71,1
3223,DECODE,477,0,477,426.91,11.17,1
3224,DECODE,476,0,476,428.14,11.22,1
3225,DECODE,475,0,475,429.38,11.09,1
3226,DECODE,475,0,475,430.38,11.16,1
3227,DECODE,473,0,473,431.83,11.54,1
3228,DECODE,472,0,472,433.24,11.47,1
3229,DECODE,472,0,472,434.24,11.15,1
3230,DECODE,469,0,469,435.52,11.59,1
3231,DECODE,464,0,464,437.23,10.82,1
3232,DECODE,463,0,463,438.45,9.85,1
3233,DECODE,461,0,461,439.43,9.89,1
3234,DECODE,461,0,461,440.43,11.07,1
3235,DECODE,457,0,457,440.70,10.78,1
3236,DECODE,453,0,453,442.28,11.50,1
3237,DECODE,452,0,452,443.58,11.28,1
3238,DECODE,449,0,449,444.98,11.33,1
3239,DECODE,445,0,445,446.77,13.27,1
3240,DECODE,442,0,442,447.34,11.99,1
3241,DECODE,438,0,438,449.08,11.90,1
3242,DECODE,436,0,436,449.80,11.83,1
3243,DECODE,435,0,435,451.08,11.68,1
3244,DECODE,433,0,433,452.43,11.78,1
3245,DECODE,431,0,431,453.76,12.25,1
3246,DECODE,428,0,428,455.23,10.85,1
3247,DECODE,426,0,426,456.84,10.79,1
3248,DECODE,424,0,424,457.98,10.83,1
3249,DECODE,423,0,423,459.13,10.84,1
3250,DECODE,419,0,419,460.63,9.41,1
3251,DECODE,419,0,419,461.63,9.35,1
3252,DECODE,417,0,417,463.17,11.01,1
3253,DECODE,416,0,416,464.47,12.41,1
3254,DECODE,413,0,413,466.19,9.59,1
3255,DECODE,411,0,411,466.65,9.55,1
3256,DECODE,410,0,410,467.95,9.52,1
3257,DECODE,410,0,410,468.95,9.52,1
3258,DECODE,408,0,408,470.37,9.52,1
3259,DECODE,406,0,406,471.24,9.53,1
3260,DECODE,406,0,406,472.24,9.59,1
3261,DECODE,405,0,405,473.37,10.20,1
3262,DECODE,402,0,402,475.21,10.96,1
3263,DECODE,400,0,400,476.35,11.79,1
3264,DECODE,396,0,396,478.04,10.42,1
3265,DECODE,396,0,396,479.04,10.18,1
3266,DECODE,394,0,394,480.52,10.57,1
3267,DECODE,391,0,391,481.96,10.76,1
3268,DECODE,391,0,391,482.96,10.23,1
3269,DECODE,390,0,390,484.23,10.38,1
3270,DECODE,390,0,390,485.23,10.21,1
3271,DECODE,387,0,387,485.88,10.37,1
3272,DECODE,386,0,386,486.84,10.54,1
3273,DECODE,385,0,385,488.11,10.65,1
3274,DECODE,385,0,385,489.11,10.08,1
3275,DECODE,382,0,382,490.89,9.51,1
3276,DECODE,381,0,381,492.35,8.75,1
3277,DECODE,380,0,380,493.04,8.75,1
3278,DECODE,377,0,377,494.93,9.85,1
3279,DECODE,375,0,375,496.22,9.91,1
3280,DECODE,372,0,372,497.31,9.96,1
3281,DECODE,370,0,370,498.96,9.96,1
3282,DECODE,370,0,370,499.96,9.88,1
3283,DECODE,369,0,369,501.32,9.98,1
3284,DECODE,367,0,367,503.05,10.75,1
3285,DECODE,367,0,367,504.05,9.59,1
3286,DECODE,365,0,365,505.29,9.98,1
3287,DECODE,364,0,364,506.48,9.85,1
3288,DECODE,362,0,362,508.16,10.28,1
3289,DECODE,361,0,361,509.37,10.10,1
3290,DECODE,360,0,360,510.23,10.12,1
3291,DECODE,360,0,360,511.23,9.90,1
3292,DECODE,359,0,359,512.51,10.06,1
3293,DECODE,359,0,359,513.51,9.95,1
3294,DECODE,358,0,358,514.16,10.04,1
3295,DECODE,357,0,357,515.53,10.07,1
3296,DECODE,357,0,357,516.53,9.98,1
3297,DECODE,355,0,355,518.23,10.12,1
3298,DECODE,355,0,355,519.23,9.98,1
3299,DECODE,355,0,355,520.23,9.81,1
3300,DECODE,355,0,355,521.23,9.77,1
3301,DECODE,352,0,352,523.36,12.01,1
3302,DECODE,351,0,351,524.13,10.06,1
3303,DECODE,350,0,350,524.39,10.13,1
3304,DECODE,346,0,346,525.52,10.32,1
3305,DECODE,345,0,345,526.72,10.10,1
3306,DECODE,345,0,345,527.72,10.36,1
3307,DECODE,344,0,344,528.94,10.43,1
3308,DECODE,341,0,341,530.04,10.13,1
3309,DECODE,339,0,339,531.24,9.73,1
3310,DECODE,339,0,339,532.24,9.72,1
3311,DECODE,338,0,338,533.59,10.03,1
3312,DECODE,337,0,337,535.00,10.16,1
3313,DECODE,337,0,337,536.00,9.72,1
3314,DECODE,337,0,337,537.00,9.80,1
3315,DECODE,336,0,336,538.31,11.55,1
3316,DECODE,336,0,336,539.31,9.68,1
3317,DECODE,333,0,333,541.12,10.01,1
3318,DECODE,333,0,333,542.12,9.69,1
3319,DECODE,332,0,332,543.68,9.97,1
3320,DECODE,330,0,330,545.28,10.12,1
3321,DECODE,329,0,329,546.64,10.28,1
3322,DECODE,329,0,329,547.64,9.74,1
3323,DECODE,328,0,328,548.58,10.21,1
3324,DECODE,326,0,326,549.75,10.01,1
3325,DECODE,326,0,326,550.75,9.60,1
3326,DECODE,324,0,324,551.70,9.98,1
3327,DECODE,324,0,324,552.70,9.72,1
3328,DECODE,324,0,324,553.70,9.65,1
3329,DECODE,324,0,324,554.70,9.65,1
3330,DECODE,324,0,324,555.70,9.66,1
3331,DECODE,324,0,324,556.70,9.67,1
3332,DECODE,324,0,324,557.70,9.60,1
3333,DECODE,321,0,321,558.98,9.97,1
3334,DECODE,321,0,321,559.98,9.81,1
3335,DECODE,320,0,320,560.86,11.27,1
3336,DECODE,320,0,320,561.86,10.29,1
3337,DECODE,319,0,319,563.02,9.86,1
3338,DECODE,317,0,317,564.76,9.71,1
3339,DECODE,315,0,315,565.96,9.83,1
3340,DECODE,315,0,315,566.96,9.43,1
3341,DECODE,315,0,315,567.96,9.32,1
3342,DECODE,315,0,315,568.96,9.46,1
3343,DECODE,314,0,314,570.37,9.62,1
3344,DECODE,313,0,313,571.91,9.73,1
3345,DECODE,310,0,310,573.20,9.72,1
3346,DECODE,310,0,310,574.20,9.36,1
3347,DECODE,310,0,310,575.20,9.26,1
3348,DECODE,309,0,309,576.18,9.76,1
3349,DECODE,308,0,308,576.74,9.60,1
3350,DECODE,308,0,308,577.74,9.79,1
3351,DECODE,307,0,307,579.34,9.37,1
3352,DECODE,306,0,306,580.50,9.55,1
3353,DECODE,306,0,306,581.50,9.25,1
3354,DECODE,305,0,305,582.84,9.64,1
3355,DECODE,304,0,304,583.13,10.78,1
3356,DECODE,304,0,304,584.13,9.16,1
3357,DECODE,304,0,304,585.13,9.10,1
3358,DECODE,303,0,303,586.63,9.46,1
3359,DECODE,303,0,303,587.63,9.12,1
3360,DECODE,302,0,302,589.07,9.40,1
3361,DECODE,302,0,302,590.07,9.16,1
3362,DECODE,300,0,300,591.40,9.47,1
3363,DECODE,300,0,300,592.40,9.21,1
3364,DECODE,300,0,300,593.40,9.12,1
3365,DECODE,298,0,298,594.68,9.61,1
3366,DECODE,298,0,298,595.68,9.39,1
3367,DECODE,297,0,297,597.13,9.40,1
3368,DECODE,297,0,297,598.13,9.08,1
3369,DECODE,297,0,297,599.13,9.14,1
3370,DECODE,297,0,297,600.13,9.20,1
3371,DECODE,297,0,297,601.13,9.23,1
3372,DECODE,297,0,297,602.13,9.20,1
3373,DECODE,297,0,297,603.13,9.20,1
3374,DECODE,296,0,296,604.24,9.61,1
3375,DECODE,296,0,296,605.24,9.26,1
3376,DECODE,294,0,294,606.74,9.43,1
3377,DECODE,292,0,292,608.76,9.45,1
3378,DECODE,291,0,291,610.30,9.77,1
3379,DECODE,291,0,291,611.30,9.05,1
3380,DECODE,288,0,288,613.62,10.60,1
3381,DECODE,287,0,287,614.88,9.18,1
3382,DECODE,286,0,286,615.59,9.13,1
3383,DECODE,284,0,284,617.56,9.23,1
3384,DECODE,284,0,284,618.56,8.90,1
3385,DECODE,284,0,284,619.56,8.77,1
3386,DECODE,283,0,283,619.51,9.13,1
3387,DECODE,281,0,281,620.84,9.11,1
3388,DECODE,281,0,281,621.84,8.88,1
3389,DECODE,280,0,280,623.44,9.11,1
3390,DECODE,280,0,280,624.44,9.00,1
3391,DECODE,280,0,280,625.44,8.81,1
3392,DECODE,278,0,278,626.36,9.30,1
3393,DECODE,276,0,276,628.49,9.08,1
3394,DECODE,276,0,276,629.49,8.83,1
3395,DECODE,275,0,275,630.27,9.12,1
3396,DECODE,275,0,275,631.27,8.89,1
3397,DECODE,274,0,274,631.64,8.77,1
3398,DECODE,273,0,273,633.16,9.09,1
3399,DECODE,271,0,271,634.87,10.53,1
3400,DECODE,270,0,270,636.51,9.00,1
3401,DECODE,270,0,270,637.51,8.74,1
3402,DECODE,268,0,268,639.02,9.03,1
3403,DECODE,268,0,268,640.02,8.77,1
3404,DECODE,266,0,266,640.16,9.01,1
3405,DECODE,266,0,266,641.16,8.59,1
3406,DECODE,265,0,265,642.24,10.33,1
3407,DECODE,265,0,265,643.24,8.62,1
3408,DECODE,264,0,264,644.14,8.91,1
3409,DECODE,264,0,264,645.14,8.47,1
3410,DECODE,263,0,263,646.75,8.79,1
3411,DECODE,263,0,263,647.75,8.50,1
3412,DECODE,263,0,263,648.75,8.51,1
3413,DECODE,263,0,263,649.75,8.57,1
3414,DECODE,262,0,262,651.41,9.18,1
3415,DECODE,261,0,261,653.01,8.76,1
3416,DECODE,261,0,261,654.01,8.68,1
3417,DECODE,261,0,261,655.01,8.55,1
3418,DECODE,261,0,261,656.01,9.07,1
3419,DECODE,260,0,260,656.68,8.86,1
3420,DECODE,260,0,260,657.68,8.55,1
3421,DECODE,259,0,259,658.49,8.73,1
3422,DECODE,259,0,259,659.49,8.87,1
3423,DECODE,258,0,258,661.11,8.96,1
3424,DECODE,258,0,258,662.11,8.60,1
3425,DECODE,257,0,257,663.72,8.96,1
3426,DECODE,256,0,256,665.31,9.18,1
3427,DECODE,256,0,256,666.31,8.38,1
3428,DECODE,255,0,255,667.22,8.83,1
3429,DECODE,254,0,254,668.47,9.01,1
3430,DECODE,252,0,252,670.43,9.00,1
3431,DECODE,252,0,252,671.43,8.49,1
3432,DECODE,251,0,251,671.49,8.57,1
3433,DECODE,247,0,247,672.51,8.62,1
3434,DECODE,247,0,247,673.51,8.31,1
3435,DECODE,247,0,247,674.51,8.28,1
3436,DECODE,247,0,247,675.51,8.28,1
3437,DECODE,247,0,247,676.51,8.08,1
3438,DECODE,246,0,246,677.07,9.08,1
3439,DECODE,246,0,246,678.07,8.64,1
3440,DECODE,246,0,246,679.07,8.64,1
3441,DECODE,246,0,246,680.07,8.54,1
3442,DECODE,246,0,246,681.07,8.78,1
3443,DECODE,246,0,246,682.07,8.58,1
3444,DECODE,245,0,245,682.70,9.23,1
3445,DECODE,245,0,245,683.70,8.51,1
3446,DECODE,244,0,244,684.98,9.32,1
3447,DECODE,244,0,244,685.98,8.75,1
3448,DECODE,244,0,244,686.98,8.27,1
3449,DECODE,244,0,244,687.98,8.36,1
3450,DECODE,243,0,243,687.18,8.46,1
3451,DECODE,240,0,240,689.29,8.39,1
3452,DECODE,240,0,240,690.29,8.34,1
3453,DECODE,240,0,240,691.29,8.15,1
3454,DECODE,240,0,240,692.29,8.01,1
3455,DECODE,240,0,240,693.29,8.11,1
3456,DECODE,238,0,238,694.61,8.22,1
3457,DECODE,237,0,237,695.30,8.35,1
3458,DECODE,236,0,236,696.78,8.28,1
3459,DECODE,236,0,236,697.78,8.11,1
3460,DECODE,235,0,235,697.97,8.28,1
3461,DECODE,235,0,235,698.97,8.29,1
3462,DECODE,235,0,235,699.97,8.16,1
3463,DECODE,235,0,235,700.97,8.08,1
3464,DECODE,235,0,235,701.97,7.97,1
3465,DECODE,234,0,234,702.03,8.18,1
3466,DECODE,234,0,234,703.03,8.05,1
3467,DECODE,233,0,233,704.64,8.38,1
3468,DECODE,233,0,233,705.64,8.11,1
3469,DECODE,233,0,233,706.64,8.09,1
3470,DECODE,233,0,233,707.64,8.20,1
3471,DECODE,231,0,231,709.46,8.51,1
3472,DECODE,230,0,230,710.86,8.41,1
3473,DECODE,230,0,230,711.86,8.28,1
3474,DECODE,230,0,230,712.86,8.16,1
3475,DECODE,230,0,230,713.86,8.37,1
3476,DECODE,230,0,230,714.86,8.29,1
3477,DECODE,230,0,230,715.86,8.21,1
3478,DECODE,229,0,229,717.21,8.54,1
3479,DECODE,228,0,228,718.16,8.63,1
3480,DECODE,227,0,227,719.69,8.53,1
3481,DECODE,227,0,227,720.69,8.27,1
3482,DECODE,225,0,225,722.86,8.38,1
3483,DECODE,225,0,225,723.86,8.22,1
3484,DECODE,223,0,223,725.91,8.37,1
3485,DECODE,223,0,223,726.91,8.16,1
3486,DECODE,222,0,222,728.39,8.25,1
3487,DECODE,222,0,222,729.39,8.71,1
3488,DECODE,222,0,222,730.39,8.05,1
3489,DECODE,222,0,222,731.39,8.14,1
3490,DECODE,222,0,222,732.39,8.11,1
3491,DECODE,222,0,222,733.39,8.08,1
3492,DECODE,222,0,222,734.39,8.38,1
3493,DECODE,221,0,221,736.04,8.51,1
3494,DECODE,221,0,221,737.04,8.17,1
3495,DECODE,221,0,221,738.04,8.11,1
3496,DECODE,220,0,220,738.29,8.29,1
3497,DECODE,220,0,220,739.29,8.23,1
3498,DECODE,220,0,220,740.29,8.04,1
3499,DECODE,220,0,220,741.29,8.16,1
3500,DECODE,220,0,220,742.29,8.12,1
3501,DECODE,219,0,219,743.94,8.41,1
3502,DECODE,219,0,219,744.94,8.17,1
3503,DECODE,219,0,219,745.94,8.20,1
3504,DECODE,219,0,219,746.94,8.07,1
3505,DECODE,219,0,219,747.94,7.78,1
3506,DECODE,219,0,219,748.94,8.20,1
3507,DECODE,219,0,219,749.94,8.18,1
3508,DECODE,219,0,219,750.94,8.13,1
3509,DECODE,219,0,219,751.94,8.18,1
3510,DECODE,219,0,219,752.94,7.92,1
3511,DECODE,219,0,219,753.94,7.96,1
3512,DECODE,219,0,219,754.94,8.17,1
3513,DECODE,218,0,218,755.73,8.38,1
3514,DECODE,217,0,217,755.79,8.39,1
3515,DECODE,215,0,215,757.54,8.12,1
3516,DECODE,214,0,214,759.08,8.35,1
3517,DECODE,214,0,214,760.08,8.12,1
3518,DECODE,214,0,214,761.08,8.07,1
3519,DECODE,214,0,214,762.08,8.22,1
3520,DECODE,214,0,214,763.08,8.10,1
3521,DECODE,214,0,214,764.08,7.92,1
3522,DECODE,214,0,214,765.08,8.18,1
3523,DECODE,214,0,214,766.08,8.05,1
3524,DECODE,214,0,214,767.08,8.10,1
3525,DECODE,214,0,214,768.08,8.13,1
3526,DECODE,212,0,212,770.29,8.38,1
3527,DECODE,212,0,212,771.29,8.02,1
3528,DECODE,211,0,211,772.83,8.17,1
3529,DECODE,211,0,211,773.83,7.93,1
3530,DECODE,210,0,210,775.03,8.13,1
3531,DECODE,210,0,210,776.03,7.99,1
3532,DECODE,210,0,210,777.03,7.97,1
3533,DECODE,210,0,210,778.03,8.09,1
3534,DECODE,210,0,210,779.03,8.15,1
3535,DECODE,210,0,210,780.03,8.10,1
3536,DECODE,209,0,209,781.44,8.40,1
3537,DECODE,209,0,209,782.44,8.28,1
3538,DECODE,209,0,209,783.44,8.02,1
3539,DECODE,209,0,209,784.44,8.08,1
3540,DECODE,209,0,209,785.44,8.16,1
3541,DECODE,208,0,208,787.15,8.36,1
3542,DECODE,208,0,208,788.15,8.14,1
3543,DECODE,208,0,208,789.15,8.04,1
3544,DECODE,208,0,208,790.15,8.05,1
3545,DECODE,208,0,208,791.15,7.97,1
3546,DECODE,208,0,208,792.15,8.01,1
3547,DECODE,208,0,208,793.15,8.25,1
3548,DECODE,208,0,208,794.15,8.07,1
3549,DECODE,208,0,208,795.15,8.07,1
3550,DECODE,208,0,208,796.15,8.21,1
3551,DECODE,208,0,208,797.15,8.14,1
3552,DECODE,208,0,208,798.15,8.09,1
3553,DECODE,208,0,208,799.15,8.09,1
3554,DECODE,208,0,208,800.15,8.10,1
3555,DECODE,208,0,208,801.15,8.13,1
3556,DECODE,208,0,208,802.15,8.16,1
3557,DECODE,208,0,208,803.15,8.22,1
3558,DECODE,208,0,208,804.15,8.26,1
3559,DECODE,207,0,207,805.76,8.52,1
3560,DECODE,207,0,207,806.76,8.17,1
3561,DECODE,207,0,207,807.76,8.22,1
3562,DECODE,206,0,206,808.39,8.53,1
3563,DECODE,205,0,205,810.09,8.60,1
3564,DECODE,205,0,205,811.09,8.21,1
3565,DECODE,205,0,205,812.09,8.24,1
3566,DECODE,203,0,203,812.27,8.34,1
3567,DECODE,202,0,202,814.26,8.11,1
3568,DECODE,202,0,202,815.26,8.11,1
3569,DECODE,202,0,202,816.26,8.16,1
3570,DECODE,202,0,202,817.26,8.17,1
3571,DECODE,202,0,202,818.26,8.34,1
3572,DECODE,202,0,202,819.26,8.06,1
3573,DECODE,202,0,202,820.26,8.10,1
3574,DECODE,202,0,202,821.26,8.16,1
3575,DECODE,202,0,202,822.26,8.23,1
3576,DECODE,202,0,202,823.26,8.09,1
3577,DECODE,202,0,202,824.26,8.09,1
3578,DECODE,202,0,202,825.26,8.09,1
3579,DECODE,202,0,202,826.26,8.21,1
3580,DECODE,202,0,202,827.26,8.22,1
3581,DECODE,201,0,201,829.35,8.39,1
3582,DECODE,201,0,201,830.35,8.20,1
3583,DECODE,200,0,200,830.43,8.64,1
3584,DECODE,200,0,200,831.43,8.05,1
3585,DECODE,200,0,200,832.43,8.13,1
3586,DECODE,200,0,200,833.43,8.19,1
3587,DECODE,200,0,200,834.43,8.16,1
3588,DECODE,200,0,200,835.43,8.14,1
3589,DECODE,199,0,199,836.05,8.02,1
3590,DECODE,199,0,199,837.05,8.22,1
3591,DECODE,199,0,199,838.05,8.13,1
3592,DECODE,197,0,197,839.69,8.27,1
3593,DECODE,197,0,197,840.69,8.04,1
3594,DECODE,197,0,197,841.69,7.98,1
3595,DECODE,197,0,197,842.69,7.88,1
3596,DECODE,197,0,197,843.69,8.02,1
3597,DECODE,197,0,197,844.69,8.03,1
3598,DECODE,197,0,197,845.69,7.98,1
3599,DECODE,197,0,197,846.69,7.95,1
3600,DECODE,197,0,197,847.69,7.22,1
3601,DECODE,197,0,197,848.69,7.22,1
3602,DECODE,197,0,197,849.69,7.29,1
3603,DECODE,194,0,194,851.43,7.28,1
3604,DECODE,194,0,194,852.43,7.22,1
3605,DECODE,193,0,193,853.04,7.23,1
3606,DECODE,193,0,193,854.04,7.16,1
3607,DECODE,193,0,193,855.04,7.14,1
3608,DECODE,193,0,193,856.04,7.17,1
3609,DECODE,193,0,193,857.04,7.17,1
3610,DECODE,192,0,192,857.98,7.23,1
3611,DECODE,192,0,192,858.98,7.10,1
3612,DECODE,192,0,192,859.98,7.13,1
3613,DECODE,192,0,192,860.98,6.94,1
3614,DECODE,192,0,192,861.98,7.14,1
3615,DECODE,192,0,192,862.98,7.07,1
3616,DECODE,192,0,192,863.98,7.10,1
3617,DECODE,192,0,192,864.98,7.08,1
3618,DECODE,191,0,191,866.55,7.17,1
3619,DECODE,191,0,191,867.55,7.08,1
3620,DECODE,191,0,191,868.55,7.11,1
3621,DECODE,191,0,191,869.55,7.09,1
3622,DECODE,191,0,191,870.55,7.10,1
3623,DECODE,191,0,191,871.55,7.12,1
3624,DECODE,191,0,191,872.55,7.18,1
3625,DECODE,191,0,191,873.55,7.09,1
3626,DECODE,190,0,190,873.79,7.24,1
3627,DECODE,190,0,190,874.79,7.08,1
3628,DECODE,190,0,190,875.79,7.16,1
3629,DECODE,188,0,188,876.89,7.17,1
3630,DECODE,188,0,188,877.89,8.70,1
3631,DECODE,188,0,188,878.89,7.98,1
3632,DECODE,187,0,187,879.33,8.23,1
3633,DECODE,187,0,187,880.33,7.89,1
3634,DECODE,187,0,187,881.33,7.88,1
3635,DECODE,187,0,187,882.33,7.71,1
3636,DECODE,187,0,187,883.33,7.70,1
3637,DECODE,187,0,187,884.33,7.67,1
3638,DECODE,187,0,187,885.33,7.72,1
3639,DECODE,187,0,187,886.33,7.78,1
3640,DECODE,187,0,187,887.33,7.79,1
3641,DECODE,187,0,187,888.33,7.77,1
3642,DECODE,187,0,187,889.33,7.80,1
3643,DECODE,186,0,186,891.06,8.16,1
3644,DECODE,186,0,186,892.06,7.79,1
3645,DECODE,186,0,186,893.06,7.86,1
3646,DECODE,186,0,186,894.06,7.87,1
3647,DECODE,186,0,186,895.06,7.59,1
3648,DECODE,186,0,186,896.06,7.77,1
3649,DECODE,186,0,186,897.06,7.35,1
3650,DECODE,186,0,186,898.06,7.77,1
3651,DECODE,186,0,186,899.06,7.81,1
3652,DECODE,186,0,186,900.06,7.72,1
3653,DECODE,186,0,186,901.06,7.78,1
3654,DECODE,186,0,186,902.06,7.77,1
3655,DECODE,186,0,186,903.06,7.81,1
3656,DECODE,186,0,186,904.06,8.97,1
3657,DECODE,186,0,186,905.06,7.94,1
3658,DECODE,186,0,186,906.06,7.97,1
3659,DECODE,186,0,186,907.06,8.05,1
3660,DECODE,186,0,186,908.06,7.98,1
3661,DECODE,186,0,186,909.06,8.04,1
3662,DECODE,186,0,186,910.06,8.10,1
3663,DECODE,186,0,186,911.06,7.93,1
3664,DECODE,186,0,186,912.06,7.98,1
3665,DECODE,186,0,186,913.06,8.01,1
3666,DECODE,186,0,186,914.06,7.94,1
3667,DECODE,186,0,186,915.06,8.08,1
3668,DECODE,186,0,186,916.06,7.95,1
3669,DECODE,186,0,186,917.06,8.09,1
3670,DECODE,186,0,186,918.06,7.99,1
3671,DECODE,186,0,186,919.06,8.01,1
3672,DECODE,186,0,186,920.06,7.99,1
3673,DECODE,186,0,186,921.06,8.08,1
3674,DECODE,186,0,186,922.06,7.86,1
3675,DECODE,185,0,185,923.71,8.19,1
3676,DECODE,185,0,185,924.71,8.07,1
3677,DECODE,185,0,185,925.71,8.00,1
3678,DECODE,185,0,185,926.71,8.04,1
3679,DECODE,185,0,185,927.71,8.02,1
3680,DECODE,185,0,185,928.71,8.08,1
3681,DECODE,185,0,185,929.71,7.98,1
3682,DECODE,185,0,185,930.71,8.10,1
3683,DECODE,185,0,185,931.71,7.93,1
3684,DECODE,185,0,185,932.71,7.96,1
3685,DECODE,185,0,185,933.71,8.05,1
3686,DECODE,185,0,185,934.71,8.02,1
3687,DECODE,185,0,185,935.71,8.04,1
3688,DECODE,185,0,185,936.71,8.00,1
3689,DECODE,185,0,185,937.71,8.00,1
3690,DECODE,185,0,185,938.71,8.01,1
3691,DECODE,184,0,184,939.16,8.34,1
3692,DECODE,183,0,183,940.57,8.31,1
3693,DECODE,183,0,183,941.57,8.04,1
3694,DECODE,183,0,183,942.57,8.03,1
3695,DECODE,183,0,183,943.57,8.09,1
3696,DECODE,183,0,183,944.57,7.91,1
3697,DECODE,183,0,183,945.57,7.93,1
3698,DECODE,183,0,183,946.57,7.97,1
3699,DECODE,183,0,183,947.57,7.99,1
3700,DECODE,183,0,183,948.57,8.07,1
3701,DECODE,183,0,183,949.57,8.07,1
3702,DECODE,183,0,183,950.57,8.06,1
3703,DECODE,183,0,183,951.57,7.96,1
3704,DECODE,182,0,182,951.18,8.37,1
3705,DECODE,182,0,182,952.18,8.01,1
3706,DECODE,182,0,182,953.18,7.95,1
3707,DECODE,181,0,181,954.65,8.30,1
3708,DECODE,181,0,181,955.65,7.91,1
3709,DECODE,181,0,181,956.65,8.09,1
3710,DECODE,180,0,180,958.30,8.16,1
3711,DECODE,180,0,180,959.30,7.99,1
3712,DECODE,180,0,180,960.30,7.96,1
3713,DECODE,180,0,180,961.30,8.06,1
3714,DECODE,180,0,180,962.30,8.08,1
3715,DECODE,180,0,180,963.30,7.99,1
3716,DECODE,180,0,180,964.30,7.93,1
3717,DECODE,179,0,179,966.08,8.31,1
3718,DECODE,179,0,179,967.08,7.97,1
3719,DECODE,179,0,179,968.08,8.11,1
3720,DECODE,179,0,179,969.08,7.96,1
3721,DECODE,179,0,179,970.08,8.59,1
3722,DECODE,179,0,179,971.08,8.04,1
3723,DECODE,179,0,179,972.08,8.05,1
3724,DECODE,179,0,179,973.08,8.08,1
3725,DECODE,179,0,179,974.08,8.03,1
3726,DECODE,179,0,179,975.08,8.05,1
3727,DECODE,178,0,178,975.43,8.30,1
3728,DECODE,178,0,178,976.43,8.08,1
3729,DECODE,178,0,178,977.43,8.08,1
3730,DECODE,178,0,178,978.43,8.03,1
3731,DECODE,178,0,178,979.43,8.09,1
3732,DECODE,177,0,177,980.48,8.31,1
3733,DECODE,177,0,177,981.48,7.98,1
3734,DECODE,177,0,177,982.48,8.00,1
3735,DECODE,177,0,177,983.48,8.00,1
3736,DECODE,177,0,177,984.48,8.05,1
3737,DECODE,177,0,177,985.48,8.08,1
3738,DECODE,177,0,177,986.48,8.05,1
3739,DECODE,177,0,177,987.48,8.05,1
3740,DECODE,177,0,177,988.48,8.00,1
3741,DECODE,177,0,177,989.48,8.14,1
3742,DECODE,177,0,177,990.48,8.01,1
3743,DECODE,177,0,177,991.48,8.01,1
3744,DECODE,177,0,177,992.48,8.00,1
3745,DECODE,177,0,177,993.48,8.05,1
3746,DECODE,177,0,177,994.48,8.13,1
3747,DECODE,177,0,177,995.48,8.23,1
3748,DECODE,177,0,177,996.48,8.10,1
3749,DECODE,177,0,177,997.48,8.21,1
3750,DECODE,177,0,177,998.48,8.03,1
3751,DECODE,177,0,177,999.48,8.16,1
3752,DECODE,177,0,177,1000.48,8.73,1
3753,DECODE,177,0,177,1001.48,8.68,1
3754,DECODE,176,0,176,1003.51,9.20,1
3755,DECODE,176,0,176,1004.51,8.70,1
3756,DECODE,176,0,176,1005.51,8.70,1
3757,DECODE,176,0,176,1006.51,8.71,1
3758,DECODE,176,0,176,1007.51,7.99,1
3759,DECODE,176,0,176,1008.51,7.97,1
3760,DECODE,176,0,176,1009.51,7.95,1
3761,DECODE,176,0,176,1010.51,7.94,1
3762,DECODE,176,0,176,1011.51,8.01,1
3763,DECODE,176,0,176,1012.51,7.91,1
3764,DECODE,176,0,176,1013.51,7.94,1
3765,DECODE,176,0,176,1014.51,7.93,1
3766,DECODE,176,0,176,1015.51,8.06,1
3767,DECODE,176,0,176,1016.51,7.98,1
3768,DECODE,176,0,176,1017.51,8.10,1
3769,DECODE,176,0,176,1018.51,8.00,1
3770,DECODE,176,0,176,1019.51,7.96,1
3771,DECODE,176,0,176,1020.51,7.90,1
3772,DECODE,176,0,176,1021.51,7.72,1
3773,DECODE,176,0,176,1022.51,8.03,1
3774,DECODE,176,0,176,1023.51,8.03,1
3775,DECODE,176,0,176,1024.51,7.93,1
3776,DECODE,176,0,176,1025.51,9.95,1
3777,DECODE,176,0,176,1026.51,8.26,1
3778,DECODE,176,0,176,1027.51,8.00,1
3779,DECODE,176,0,176,1028.51,8.06,1
3780,DECODE,176,0,176,1029.51,7.99,1
3781,DECODE,176,0,176,1030.51,8.06,1
3782,DECODE,176,0,176,1031.51,8.00,1
3783,DECODE,176,0,176,1032.51,8.02,1
3784,DECODE,176,0,176,1033.51,8.13,1
3785,DECODE,176,0,176,1034.51,7.89,1
3786,DECODE,176,0,176,1035.51,7.85,1
3787,DECODE,176,0,176,1036.51,7.82,1
3788,DECODE,176,0,176,1037.51,7.91,1
3789,DECODE,176,0,176,1038.51,7.91,1
3790,DECODE,176,0,176,1039.51,7.91,1
3791,DECODE,175,0,175,1041.57,8.15,1
3792,DECODE,175,0,175,1042.57,7.92,1
3793,DECODE,175,0,175,1043.57,7.94,1
3794,DECODE,175,0,175,1044.57,7.86,1
3795,DECODE,175,0,175,1045.57,7.92,1
3796,DECODE,175,0,175,1046.57,8.00,1
3797,DECODE,175,0,175,1047.57,7.93,1
3798,DECODE,174,0,174,1049.47,8.19,1
3799,DECODE,174,0,174,1050.47,7.98,1
3800,DECODE,174,0,174,1051.47,7.93,1
3801,DECODE,174,0,174,1052.47,7.94,1
3802,DECODE,174,0,174,1053.47,7.93,1
3803,DECODE,174,0,174,1054.47,7.98,1
3804,DECODE,174,0,174,1055.47,7.97,1
3805,DECODE,174,0,174,1056.47,7.98,1
3806,DECODE,174,0,174,1057.47,7.88,1
3807,DECODE,174,0,174,1058.47,7.97,1
3808,DECODE,174,0,174,1059.47,7.83,1
3809,DECODE,174,0,174,1060.47,8.06,1
3810,DECODE,174,0,174,1061.47,8.01,1
3811,DECODE,173,0,173,1063.01,8.24,1
3812,DECODE,173,0,173,1064.01,8.03,1
3813,DECODE,173,0,173,1065.01,7.96,1
3814,DECODE,173,0,173,1066.01,7.95,1
3815,DECODE,173,0,173,1067.01,7.95,1
3816,DECODE,173,0,173,1068.01,8.03,1
3817,DECODE,173,0,173,1069.01,7.99,1
3818,DECODE,173,0,173,1070.01,7.91,1
3819,DECODE,173,0,173,1071.01,8.04,1
3820,DECODE,173,0,173,1072.01,8.04,1
3821,DECODE,173,0,173,1073.01,8.09,1
3822,DECODE,173,0,173,1074.01,8.07,1
3823,DECODE,173,0,173,1075.01,8.13,1
3824,DECODE,173,0,173,1076.01,7.96,1
3825,DECODE,173,0,173,1077.01,8.02,1
3826,DECODE,173,0,173,1078.01,7.99,1
3827,DECODE,173,0,173,1079.01,7.94,1
3828,DECODE,173,0,173,1080.01,8.02,1
3829,DECODE,173,0,173,1081.01,8.01,1
3830,DECODE,173,0,173,1082.01,8.03,1
3831,DECODE,173,0,173,1083.01,8.05,1
3832,DECODE,173,0,173,1084.01,8.21,1
3833,DECODE,173,0,173,1085.01,8.10,1
3834,DECODE,173,0,173,1086.01,8.09,1
3835,DECODE,173,0,173,1087.01,8.21,1
3836,DECODE,173,0,173,1088.01,8.16,1
3837,DECODE,172,0,172,1089.04,8.56,1
3838,DECODE,172,0,172,1090.04,8.35,1
3839,DECODE,172,0,172,1091.04,8.11,1
3840,DECODE,172,0,172,1092.04,8.11,1
3841,DECODE,172,0,172,1093.04,8.06,1
3842,DECODE,172,0,172,1094.04,8.22,1
3843,DECODE,172,0,172,1095.04,8.14,1
3844,DECODE,172,0,172,1096.04,8.05,1
3845,DECODE,172,0,172,1097.04,8.20,1
3846,DECODE,171,0,171,1098.82,8.44,1
3847,DECODE,171,0,171,1099.82,8.04,1
3848,DECODE,171,0,171,1100.82,8.04,1
3849,DECODE,170,0,170,1101.94,8.42,1
3850,DECODE,170,0,170,1102.94,8.20,1
3851,DECODE,170,0,170,1103.94,7.91,1
3852,DECODE,170,0,170,1104.94,7.91,1
3853,DECODE,170,0,170,1105.94,8.01,1
3854,DECODE,170,0,170,1106.94,8.05,1
3855,DECODE,169,0,169,1108.69,8.25,1
3856,DECODE,169,0,169,1109.69,8.06,1
3857,DECODE,169,0,169,1110.69,8.10,1
3858,DECODE,169,0,169,1111.69,8.01,1
3859,DECODE,169,0,169,1112.69,8.12,1
3860,DECODE,169,0,169,1113.69,8.11,1
3861,DECODE,169,0,169,1114.69,8.04,1
3862,DECODE,169,0,169,1115.69,8.06,1
3863,DECODE,169,0,169,1116.69,8.07,1
3864,DECODE,169,0,169,1117.69,8.08,1
3865,DECODE,169,0,169,1118.69,8.05,1
3866,DECODE,169,0,169,1119.69,8.10,1
3867,DECODE,169,0,169,1120.69,8.03,1
3868,DECODE,169,0,169,1121.69,8.14,1
3869,DECODE,168,0,168,1122.98,8.38,1
3870,DECODE,168,0,168,1123.98,8.14,1
3871,DECODE,168,0,168,1124.98,7.99,1
3872,DECODE,168,0,168,1125.98,8.05,1
3873,DECODE,168,0,168,1126.98,8.00,1
3874,DECODE,168,0,168,1127.98,7.50,1
3875,DECODE,168,0,168,1128.98,7.78,1
3876,DECODE,168,0,168,1129.98,8.05,1
3877,DECODE,168,0,168,1130.98,8.05,1
3878,DECODE,168,0,168,1131.98,8.22,1
3879,DECODE,168,0,168,1132.98,8.08,1
3880,DECODE,167,0,167,1135.04,8.95,1
3881,DECODE,167,0,167,1136.04,8.23,1
3882,DECODE,167,0,167,1137.04,8.24,1
3883,DECODE,167,0,167,1138.04,8.10,1
3884,DECODE,167,0,167,1139.04,8.21,1
3885,DECODE,167,0,167,1140.04,8.46,1
3886,DECODE,167,0,167,1141.04,8.18,1
3887,DECODE,166,0,166,1142.41,8.59,1
3888,DECODE,166,0,166,1143.41,8.43,1
3889,DECODE,166,0,166,1144.41,8.00,1
3890,DECODE,166,0,166,1145.41,8.00,1
3891,DECODE,166,0,166,1146.41,7.96,1
3892,DECODE,166,0,166,1147.41,8.11,1
3893,DECODE,166,0,166,1148.41,9.12,1
3894,DECODE,166,0,166,1149.41,8.09,1
3895,DECODE,166,0,166,1150.41,8.15,1
3896,DECODE,166,0,166,1151.41,8.19,1
3897,DECODE,166,0,166,1152.41,8.11,1
3898,DECODE,166,0,166,1153.41,8.10,1
3899,DECODE,166,0,166,1154.41,8.06,1
3900,DECODE,166,0,166,1155.41,8.11,1
3901,DECODE,166,0,166,1156.41,8.18,1
3902,DECODE,166,0,166,1157.41,8.18,1
3903,DECODE,166,0,166,1158.41,8.20,1
3904,DECODE,166,0,166,1159.41,8.14,1
3905,DECODE,166,0,166,1160.41,8.16,1
3906,DECODE,166,0,166,1161.41,8.17,1
3907,DECODE,166,0,166,1162.41,8.12,1
3908,DECODE,166,0,166,1163.41,8.17,1
3909,DECODE,166,0,166,1164.41,8.12,1
3910,DECODE,166,0,166,1165.41,8.17,1
3911,DECODE,166,0,166,1166.41,8.06,1
3912,DECODE,166,0,166,1167.41,8.15,1
3913,DECODE,166,0,166,1168.41,8.13,1
3914,DECODE,166,0,166,1169.41,8.36,1
3915,DECODE,166,0,166,1170.41,8.19,1
3916,DECODE,166,0,166,1171.41,8.25,1
3917,DECODE,166,0,166,1172.41,8.16,1
3918,DECODE,166,0,166,1173.41,8.18,1
3919,DECODE,166,0,166,1174.41,8.14,1
3920,DECODE,166,0,166,1175.41,8.18,1
3921,DECODE,166,0,166,1176.41,8.12,1
3922,DECODE,166,0,166,1177.41,8.06,1
3923,DECODE,166,0,166,1178.41,7.91,1
3924,DECODE,166,0,166,1179.41,8.06,1
3925,DECODE,166,0,166,1180.41,7.90,1
3926,DECODE,166,0,166,1181.41,8.08,1
3927,DECODE,166,0,166,1182.41,7.97,1
3928,DECODE,166,0,166,1183.41,8.15,1
3929,DECODE,166,0,166,1184.41,8.05,1
3930,DECODE,166,0,166,1185.41,8.14,1
3931,DECODE,166,0,166,1186.41,7.99,1
3932,DECODE,166,0,166,1187.41,8.04,1
3933,DECODE,166,0,166,1188.41,8.10,1
3934,DECODE,166,0,166,1189.41,8.03,1
3935,DECODE,166,0,166,1190.41,7.99,1
3936,DECODE,166,0,166,1191.41,8.19,1
3937,DECODE,166,0,166,1192.41,8.09,1
3938,DECODE,166,0,166,1193.41,8.11,1
3939,DECODE,166,0,166,1194.41,8.04,1
3940,DECODE,166,0,166,1195.41,8.03,1
3941,DECODE,166,0,166,1196.41,8.07,1
3942,DECODE,166,0,166,1197.41,8.06,1
3943,DECODE,166,0,166,1198.41,8.07,1
3944,DECODE,166,0,166,1199.41,8.06,1
3945,DECODE,166,0,166,1200.41,8.10,1
3946,DECODE,166,0,166,1201.41,8.06,1
3947,DECODE,166,0,166,1202.41,8.13,1
3948,DECODE,166,0,166,1203.41,8.11,1
3949,DECODE,166,0,166,1204.41,7.99,1
3950,DECODE,166,0,166,1205.41,8.12,1
3951,DECODE,166,0,166,1206.41,8.23,1
3952,DECODE,166,0,166,1207.41,8.15,1
3953,DECODE,166,0,166,1208.41,8.13,1
3954,DECODE,166,0,166,1209.41,8.08,1
3955,DECODE,166,0,166,1210.41,8.11,1
3956,DECODE,166,0,166,1211.41,7.95,1
3957,DECODE,166,0,166,1212.41,8.14,1
3958,DECODE,166,0,166,1213.41,8.15,1
3959,DECODE,166,0,166,1214.41,8.16,1
3960,DECODE,166,0,166,1215.41,8.27,1
3961,DECODE,166,0,166,1216.41,8.30,1
3962,DECODE,166,0,166,1217.41,8.31,1
3963,DECODE,166,0,166,1218.41,8.25,1
3964,DECODE,166,0,166,1219.41,8.33,1
3965,DECODE,166,0,166,1220.41,8.28,1
3966,DECODE,166,0,166,1221.41,8.32,1
3967,DECODE,166,0,166,1222.41,8.27,1
3968,DECODE,166,0,166,1223.41,8.27,1
3969,DECODE,166,0,166,1224.41,8.28,1
3970,DECODE,166,0,166,1225.41,8.10,1
3971,DECODE,166,0,166,1226.41,8.26,1
3972,DECODE,166,0,166,1227.41,8.22,1
3973,DECODE,166,0,166,1228.41,8.25,1
3974,DECODE,165,0,165,1230.25,8.55,1
3975,DECODE,165,0,165,1231.25,8.28,1
3976,DECODE,165,0,165,1232.25,8.23,1
3977,DECODE,165,0,165,1233.25,8.28,1
3978,DECODE,165,0,165,1234.25,8.20,1
3979,DECODE,165,0,165,1235.25,8.30,1
3980,DECODE,165,0,165,1236.25,8.29,1
3981,DECODE,165,0,165,1237.25,8.22,1
3982,DECODE,165,0,165,1238.25,8.47,1
3983,DECODE,165,0,165,1239.25,8.30,1
3984,DECODE,165,0,165,1240.25,8.31,1
3985,DECODE,165,0,165,1241.25,8.16,1
3986,DECODE,165,0,165,1242.25,8.16,1
3987,DECODE,165,0,165,1243.25,8.14,1
3988,DECODE,165,0,165,1244.25,8.13,1
3989,DECODE,165,0,165,1245.25,8.10,1
3990,DECODE,165,0,165,1246.25,8.09,1
3991,DECODE,165,0,165,1247.25,8.11,1
3992,DECODE,165,0,165,1248.25,8.12,1
3993,DECODE,165,0,165,1249.25,7.47,1
3994,DECODE,165,0,165,1250.25,7.37,1
3995,DECODE,165,0,165,1251.25,7.42,1
3996,DECODE,165,0,165,1252.25,7.39,1
3997,DECODE,165,0,165,1253.25,7.44,1
3998,DECODE,165,0,165,1254.25,7.45,1
3999,DECODE,165,0,165,1255.25,7.46,1
4000,DECODE,165,0,165,1256.25,7.39,1
4001,DECODE,165,0,165,1257.25,7.43,1
4002,DECODE,165,0,165,1258.25,7.42,1
4003,DECODE,164,0,164,1259.15,7.47,1
4004,DECODE,164,0,164,1260.15,7.38,1
4005,DECODE,164,0,164,1261.15,7.44,1
4006,DECODE,164,0,164,1262.15,7.43,1
4007,DECODE,164,0,164,1263.15,7.52,1
4008,DECODE,164,0,164,1264.15,7.46,1
4009,DECODE,164,0,164,1265.15,7.46,1
4010,DECODE,164,0,164,1266.15,7.50,1
4011,DECODE,164,0,164,1267.15,7.54,1
4012,DECODE,163,0,163,1269.18,8.45,1
4013,DECODE,163,0,163,1270.18,8.41,1
4014,DECODE,163,0,163,1271.18,8.19,1
4015,DECODE,163,0,163,1272.18,8.15,1
4016,DECODE,163,0,163,1273.18,7.38,1
4017,DECODE,163,0,163,1274.18,8.69,1
4018,DECODE,163,0,163,1275.18,8.32,1
4019,DECODE,162,0,162,1276.84,8.50,1
4020,DECODE,162,0,162,1277.84,7.82,1
4021,DECODE,162,0,162,1278.84,8.28,1
4022,DECODE,162,0,162,1279.84,7.73,1
4023,DECODE,162,0,162,1280.84,8.27,1
4024,DECODE,162,0,162,1281.84,8.23,1
4025,DECODE,162,0,162,1282.84,8.26,1
4026,DECODE,162,0,162,1283.84,8.30,1
4027,DECODE,161,0,161,1286.07,8.51,1
4028,DECODE,161,0,161,1287.07,8.25,1
4029,DECODE,160,0,160,1288.69,8.42,1
4030,DECODE,160,0,160,1289.69,8.12,1
4031,DECODE,160,0,160,1290.69,8.21,1
4032,DECODE,160,0,160,1291.69,8.19,1
4033,DECODE,160,0,160,1292.69,8.12,1
4034,DECODE,160,0,160,1293.69,7.33,1
4035,DECODE,160,0,160,1294.69,7.34,1
4036,DECODE,160,0,160,1295.69,7.35,1
4037,DECODE,160,0,160,1296.69,8.27,1
4038,DECODE,160,0,160,1297.69,8.22,1
4039,DECODE,160,0,160,1298.69,8.24,1
4040,DECODE,160,0,160,1299.69,8.28,1
4041,DECODE,160,0,160,1300.69,8.26,1
4042,DECODE,159,0,159,1302.96,8.15,1
4043,DECODE,159,0,159,1303.96,7.37,1
4044,DECODE,159,0,159,1304.96,7.36,1
4045,DECODE,159,0,159,1305.96,7.37,1
4046,DECODE,159,0,159,1306.96,7.40,1
4047,DECODE,159,0,159,1307.96,7.37,1
4048,DECODE,159,0,159,1308.96,7.45,1
4049,DECODE,159,0,159,1309.96,7.35,1
4050,DECODE,159,0,159,1310.96,7.56,1
4051,DECODE,159,0,159,1311.96,7.57,1
4052,DECODE,159,0,159,1312.96,7.48,1
4053,DECODE,159,0,159,1313.96,7.45,1
4054,DECODE,159,0,159,1314.96,7.47,1
4055,DECODE,159,0,159,1315.96,7.47,1
4056,DECODE,159,0,159,1316.96,7.46,1
4057,DECODE,159,0,159,1317.96,7.46,1
4058,DECODE,159,0,159,1318.96,7.49,1
4059,DECODE,159,0,159,1319.96,7.49,1
4060,DECODE,159,0,159,1320.96,7.50,1
4061,DECODE,158,0,158,1322.66,7.43,1
4062,DECODE,158,0,158,1323.66,8.20,1
4063,DECODE,158,0,158,1324.66,8.11,1
4064,DECODE,158,0,158,1325.66,8.13,1
4065,DECODE,158,0,158,1326.66,8.10,1
4066,DECODE,158,0,158,1327.66,8.12,1
4067,DECODE,158,0,158,1328.66,8.15,1
4068,DECODE,158,0,158,1329.66,8.13,1
4069,DECODE,158,0,158,1330.66,8.09,1
4070,DECODE,158,0,158,1331.66,7.52,1
4071,DECODE,158,0,158,1332.66,7.45,1
4072,DECODE,158,0,158,1333.66,7.51,1
4073,DECODE,158,0,158,1334.66,8.28,1
4074,DECODE,158,0,158,1335.66,7.48,1
4075,DECODE,158,0,158,1336.66,8.25,1
4076,DECODE,158,0,158,1337.66,8.16,1
4077,DECODE,158,0,158,1338.66,8.25,1
4078,DECODE,158,0,158,1339.66,8.16,1
4079,DECODE,158,0,158,1340.66,8.37,1
4080,DECODE,158,0,158,1341.66,8.27,1
4081,DECODE,158,0,158,1342.66,8.22,1
4082,DECODE,158,0,158,1343.66,8.32,1
4083,DECODE,158,0,158,1344.66,8.23,1
4084,DECODE,158,0,158,1345.66,8.33,1
4085,DECODE,158,0,158,1346.66,8.20,1
4086,DECODE,158,0,158,1347.66,8.21,1
4087,DECODE,158,0,158,1348.66,8.16,1
4088,DECODE,158,0,158,1349.66,8.29,1
4089,DECODE,158,0,158,1350.66,8.21,1
4090,DECODE,158,0,158,1351.66,8.37,1
4091,DECODE,158,0,158,1352.66,8.27,1
4092,DECODE,158,0,158,1353.66,8.36,1
4093,DECODE,158,0,158,1354.66,8.18,1
4094,DECODE,157,0,157,1356.45,8.58,1
4095,DECODE,157,0,157,1357.45,8.30,1
4096,DECODE,157,0,157,1358.45,8.30,1
4097,DECODE,157,0,157,1359.45,8.26,1
4098,DECODE,157,0,157,1360.45,8.23,1
4099,DECODE,157,0,157,1361.45,8.50,1
4100,DECODE,157,0,157,1362.45,7.55,1
4101,DECODE,157,0,157,1363.45,8.37,1
4102,DECODE,157,0,157,1364.45,8.40,1
4103,DECODE,157,0,157,1365.45,9.02,1
4104,DECODE,157,0,157,1366.45,8.50,1
4105,DECODE,157,0,157,1367.45,8.27,1
4106,DECODE,157,0,157,1368.45,8.26,1
4107,DECODE,157,0,157,1369.45,8.18,1
4108,DECODE,157,0,157,1370.45,8.22,1
4109,DECODE,157,0,157,1371.45,8.18,1
4110,DECODE,157,0,157,1372.45,8.23,1
4111,DECODE,157,0,157,1373.45,8.21,1
4112,DECODE,157,0,157,1374.45,8.42,1
4113,DECODE,157,0,157,1375.45,8.29,1
4114,DECODE,157,0,157,1376.45,8.41,1
4115,DECODE,157,0,157,1377.45,8.24,1
4116,DECODE,157,0,157,1378.45,8.39,1
4117,DECODE,157,0,157,1379.45,8.32,1
4118,DECODE,157,0,157,1380.45,9.41,1
4119,DECODE,157,0,157,1381.45,8.53,1
4120,DECODE,157,0,157,1382.45,8.55,1
4121,DECODE,157,0,157,1383.45,8.34,1
4122,DECODE,157,0,157,1384.45,9.31,1
4123,DECODE,157,0,157,1385.45,8.59,1
4124,DECODE,157,0,157,1386.45,8.54,1
4125,DECODE,157,0,157,1387.45,8.40,1
4126,DECODE,157,0,157,1388.45,8.68,1
4127,DECODE,157,0,157,1389.45,8.48,1
4128,DECODE,156,0,156,1391.62,8.70,1
4129,DECODE,156,0,156,1392.62,8.41,1
4130,DECODE,156,0,156,1393.62,8.52,1
4131,DECODE,156,0,156,1394.62,9.30,1
4132,DECODE,156,0,156,1395.62,8.56,1
4133,DECODE,156,0,156,1396.62,8.55,1
4134,DECODE,156,0,156,1397.62,8.39,1
4135,DECODE,156,0,156,1398.62,8.41,1
4136,DECODE,156,0,156,1399.62,8.49,1
4137,DECODE,156,0,156,1400.62,8.47,1
4138,DECODE,156,0,156,1401.62,10.56,1
4139,DECODE,156,0,156,1402.62,8.31,1
4140,DECODE,156,0,156,1403.62,8.45,1
4141,DECODE,156,0,156,1404.62,8.51,1
4142,DECODE,156,0,156,1405.62,8.46,1
4143,DECODE,156,0,156,1406.62,8.47,1
4144,DECODE,156,0,156,1407.62,8.40,1
4145,DECODE,156,0,156,1408.62,8.56,1
4146,DECODE,156,0,156,1409.62,8.23,1
4147,DECODE,156,0,156,1410.62,8.35,1
4148,DECODE,156,0,156,1411.62,8.48,1
4149,DECODE,156,0,156,1412.62,8.32,1
4150,DECODE,156,0,156,1413.62,8.48,1
4151,DECODE,156,0,156,1414.62,8.39,1
4152,DECODE,156,0,156,1415.62,8.43,1
4153,DECODE,156,0,156,1416.62,8.43,1
4154,DECODE,156,0,156,1417.62,8.41,1
4155,DECODE,156,0,156,1418.62,8.45,1
4156,DECODE,156,0,156,1419.62,8.52,1
4157,DECODE,156,0,156,1420.62,8.46,1
4158,DECODE,156,0,156,1421.62,8.57,1
4159,DECODE,156,0,156,1422.62,8.48,1
4160,DECODE,156,0,156,1423.62,8.49,1
4161,DECODE,156,0,156,1424.62,8.44,1
4162,DECODE,156,0,156,1425.62,8.46,1
4163,DECODE,156,0,156,1426.62,8.51,1
4164,DECODE,156,0,156,1427.62,8.58,1
4165,DECODE,156,0,156,1428.62,8.50,1
4166,DECODE,156,0,156,1429.62,8.44,1
4167,DECODE,156,0,156,1430.62,8.41,1
4168,DECODE,156,0,156,1431.62,8.44,1
4169,DECODE,156,0,156,1432.62,8.41,1
4170,DECODE,156,0,156,1433.62,8.55,1
4171,DECODE,156,0,156,1434.62,8.41,1
4172,DECODE,156,0,156,1435.62,8.42,1
4173,DECODE,156,0,156,1436.62,8.43,1
4174,DECODE,156,0,156,1437.62,8.49,1
4175,DECODE,156,0,156,1438.62,8.38,1
4176,DECODE,156,0,156,1439.62,8.33,1
4177,DECODE,156,0,156,1440.62,8.46,1
4178,DECODE,156,0,156,1441.62,8.64,1
4179,DECODE,156,0,156,1442.62,8.59,1
4180,DECODE,156,0,156,1443.62,8.48,1
4181,DECODE,156,0,156,1444.62,8.60,1
4182,DECODE,156,0,156,1445.62,8.61,1
4183,DECODE,156,0,156,1446.62,8.57,1
4184,DECODE,156,0,156,1447.62,8.56,1
4185,DECODE,156,0,156,1448.62,8.57,1
4186,DECODE,155,0,155,1448.97,8.89,1
4187,DECODE,155,0,155,1449.97,8.54,1
4188,DECODE,155,0,155,1450.97,8.63,1
4189,DECODE,155,0,155,1451.97,8.59,1
4190,DECODE,155,0,155,1452.97,8.62,1
4191,DECODE,155,0,155,1453.97,8.54,1
4192,DECODE,155,0,155,1454.97,8.63,1
4193,DECODE,155,0,155,1455.97,8.67,1
4194,DECODE,155,0,155,1456.97,8.50,1
4195,DECODE,155,0,155,1457.97,8.59,1
4196,DECODE,155,0,155,1458.97,8.68,1
4197,DECODE,155,0,155,1459.97,8.67,1
4198,DECODE,155,0,155,1460.97,8.68,1
4199,DECODE,155,0,155,1461.97,8.59,1
4200,DECODE,155,0,155,1462.97,8.67,1
4201,DECODE,155,0,155,1463.97,8.65,1
4202,DECODE,155,0,155,1464.97,8.65,1
4203,DECODE,155,0,155,1465.97,8.49,1
4204,DECODE,155,0,155,1466.97,8.64,1
4205,DECODE,155,0,155,1467.97,8.59,1
4206,DECODE,155,0,155,1468.97,8.63,1
4207,DECODE,155,0,155,1469.97,8.66,1
4208,DECODE,155,0,155,1470.97,8.68,1
4209,DECODE,155,0,155,1471.97,8.66,1
4210,DECODE,155,0,155,1472.97,8.73,1
4211,DECODE,155,0,155,1473.97,8.58,1
4212,DECODE,155,0,155,1474.97,8.06,1
4213,DECODE,155,0,155,1475.97,8.56,1
4214,DECODE,155,0,155,1476.97,8.60,1
4215,DECODE,155,0,155,1477.97,8.63,1
4216,DECODE,155,0,155,1478.97,8.72,1
4217,DECODE,155,0,155,1479.97,8.58,1
4218,DECODE,155,0,155,1480.97,8.64,1
4219,DECODE,155,0,155,1481.97,8.53,1
4220,DECODE,155,0,155,1482.97,8.58,1
4221,DECODE,154,0,154,1483.54,8.90,1
4222,DECODE,154,0,154,1484.54,8.64,1
4223,DECODE,154,0,154,1485.54,8.62,1
4224,DECODE,154,0,154,1486.54,8.43,1
4225,DECODE,154,0,154,1487.54,9.25,1
4226,DECODE,154,0,154,1488.54,8.73,1
4227,DECODE,154,0,154,1489.54,8.68,1
4228,DECODE,154,0,154,1490.54,8.74,1
4229,DECODE,154,0,154,1491.54,8.64,1
4230,DECODE,154,0,154,1492.54,8.70,1
4231,DECODE,154,0,154,1493.54,8.71,1
4232,DECODE,154,0,154,1494.54,8.68,1
4233,DECODE,154,0,154,1495.54,8.66,1
4234,DECODE,154,0,154,1496.54,8.72,1
4235,DECODE,154,0,154,1497.54,8.71,1
4236,DECODE,154,0,154,1498.54,8.66,1
4237,DECODE,154,0,154,1499.54,8.65,1
4238,DECODE,154,0,154,1500.54,8.76,1
4239,DECODE,154,0,154,1501.54,8.75,1
4240,DECODE,154,0,154,1502.54,8.75,1
4241,DECODE,154,0,154,1503.54,8.69,1
4242,DECODE,154,0,154,1504.54,8.78,1
4243,DECODE,154,0,154,1505.54,8.71,1
4244,DECODE,154,0,154,1506.54,8.77,1
4245,DECODE,154,0,154,1507.54,8.72,1
4246,DECODE,154,0,154,1508.54,8.84,1
4247,DECODE,154,0,154,1509.54,8.74,1
4248,DECODE,154,0,154,1510.54,8.77,1
4249,DECODE,154,0,154,1511.54,8.72,1
4250,DECODE,154,0,154,1512.54,8.88,1
4251,DECODE,154,0,154,1513.54,8.67,1
4252,DECODE,154,0,154,1514.54,8.88,1
4253,DECODE,154,0,154,1515.54,8.77,1
4254,DECODE,154,0,154,1516.54,8.78,1
4255,DECODE,154,0,154,1517.54,8.83,1
4256,DECODE,154,0,154,1518.54,8.79,1
4257,DECODE,154,0,154,1519.54,8.79,1
4258,DECODE,154,0,154,1520.54,8.79,1
4259,DECODE,154,0,154,1521.54,8.75,1
4260,DECODE,154,0,154,1522.54,8.92,1
4261,DECODE,154,0,154,1523.54,8.67,1
4262,DECODE,154,0,154,1524.54,8.82,1
4263,DECODE,154,0,154,1525.54,8.81,1
4264,DECODE,154,0,154,1526.54,8.93,1
4265,DECODE,154,0,154,1527.54,8.75,1
4266,DECODE,154,0,154,1528.54,8.91,1
4267,DECODE,154,0,154,1529.54,8.78,1
4268,DECODE,154,0,154,1530.54,8.91,1
4269,DECODE,154,0,154,1531.54,8.70,1
4270,DECODE,154,0,154,1532.54,8.77,1
4271,DECODE,154,0,154,1533.54,8.80,1
4272,DECODE,154,0,154,1534.54,8.90,1
4273,DECODE,154,0,154,1535.54,8.72,1
4274,DECODE,154,0,154,1536.54,8.86,1
4275,DECODE,154,0,154,1537.54,8.78,1
4276,DECODE,154,0,154,1538.54,8.82,1
4277,DECODE,154,0,154,1539.54,8.82,1
4278,DECODE,154,0,154,1540.54,8.79,1
4279,DECODE,154,0,154,1541.54,8.89,1
4280,DECODE,154,0,154,1542.54,9.02,1
4281,DECODE,154,0,154,1543.54,8.80,1
4282,DECODE,154,0,154,1544.54,8.95,1
4283,DECODE,154,0,154,1545.54,8.73,1
4284,DECODE,154,0,154,1546.54,8.94,1
4285,DECODE,154,0,154,1547.54,8.78,1
4286,DECODE,154,0,154,1548.54,8.89,1
4287,DECODE,154,0,154,1549.54,8.80,1
4288,DECODE,154,0,154,1550.54,8.86,1
4289,DECODE,154,0,154,1551.54,8.92,1
4290,DECODE,154,0,154,1552.54,8.84,1
4291,DECODE,154,0,154,1553.54,8.86,1
4292,DECODE,154,0,154,1554.54,8.80,1
4293,DECODE,154,0,154,1555.54,8.80,1
4294,DECODE,154,0,154,1556.54,8.82,1
4295,DECODE,154,0,154,1557.54,8.82,1
4296,DECODE,154,0,154,1558.54,8.83,1
4297,DECODE,154,0,154,1559.54,8.80,1
4298,DECODE,154,0,154,1560.54,8.81,1
4299,DECODE,154,0,154,1561.54,8.84,1
4300,DECODE,154,0,154,1562.54,8.85,1
4301,DECODE,154,0,154,1563.54,8.78,1
4302,DECODE,154,0,154,1564.54,8.79,1
4303,DECODE,154,0,154,1565.54,8.76,1
4304,DECODE,154,0,154,1566.54,8.92,1
4305,DECODE,154,0,154,1567.54,8.88,1
4306,DECODE,154,0,154,1568.54,8.94,1
4307,DECODE,154,0,154,1569.54,8.70,1
4308,DECODE,154,0,154,1570.54,8.85,1
4309,DECODE,154,0,154,1571.54,8.85,1
4310,DECODE,154,0,154,1572.54,8.84,1
4311,DECODE,154,0,154,1573.54,8.86,1
4312,DECODE,154,0,154,1574.54,8.85,1
4313,DECODE,154,0,154,1575.54,8.87,1
4314,DECODE,154,0,154,1576.54,8.74,1
4315,DECODE,154,0,154,1577.54,8.82,1
4316,DECODE,154,0,154,1578.54,8.64,1
4317,DECODE,154,0,154,1579.54,8.84,1
4318,DECODE,154,0,154,1580.54,8.83,1
4319,DECODE,154,0,154,1581.54,8.78,1
4320,DECODE,154,0,154,1582.54,8.83,1
4321,DECODE,154,0,154,1583.54,8.78,1
4322,DECODE,154,0,154,1584.54,8.73,1
4323,DECODE,154,0,154,1585.54,8.90,1
4324,DECODE,154,0,154,1586.54,8.79,1
4325,DECODE,154,0,154,1587.54,8.87,1
4326,DECODE,154,0,154,1588.54,8.87,1
4327,DECODE,154,0,154,1589.54,8.89,1
4328,DECODE,154,0,154,1590.54,8.82,1
4329,DECODE,154,0,154,1591.54,8.83,1
4330,DECODE,154,0,154,1592.54,8.94,1
4331,DECODE,154,0,154,1593.54,8.82,1
4332,DECODE,154,0,154,1594.54,8.88,1
4333,DECODE,154,0,154,1595.54,8.81,1
4334,DECODE,154,0,154,1596.54,8.88,1
4335,DECODE,154,0,154,1597.54,8.86,1
4336,DECODE,154,0,154,1598.54,8.88,1
4337,DECODE,154,0,154,1599.54,8.89,1
4338,DECODE,154,0,154,1600.54,8.95,1
4339,DECODE,154,0,154,1601.54,8.92,1
4340,DECODE,154,0,154,1602.54,8.92,1
4341,DECODE,154,0,154,1603.54,8.87,1
4342,DECODE,154,0,154,1604.54,8.96,1
4343,DECODE,154,0,154,1605.54,8.77,1
4344,DECODE,154,0,154,1606.54,9.53,1
4345,DECODE,154,0,154,1607.54,8.98,1
4346,DECODE,154,0,154,1608.54,8.89,1
4347,DECODE,154,0,154,1609.54,9.04,1
4348,DECODE,154,0,154,1610.54,8.81,1
4349,DECODE,154,0,154,1611.54,8.76,1
4350,DECODE,154,0,154,1612.54,9.06,1
4351,DECODE,154,0,154,1613.54,8.90,1
4352,DECODE,154,0,154,1614.54,9.02,1
4353,DECODE,154,0,154,1615.54,9.02,1
4354,DECODE,154,0,154,1616.54,8.92,1
4355,DECODE,154,0,154,1617.54,8.90,1
4356,DECODE,154,0,154,1618.54,8.96,1
4357,DECODE,154,0,154,1619.54,8.93,1
4358,DECODE,154,0,154,1620.54,9.06,1
4359,DECODE,154,0,154,1621.54,9.03,1
4360,DECODE,154,0,154,1622.54,8.91,1
4361,DECODE,154,0,154,1623.54,8.97,1
4362,DECODE,154,0,154,1624.54,8.86,1
4363,DECODE,154,0,154,1625.54,8.77,1
4364,DECODE,154,0,154,1626.54,8.89,1
4365,DECODE,154,0,154,1627.54,8.83,1
4366,DECODE,154,0,154,1628.54,8.79,1
4367,DECODE,154,0,154,1629.54,8.88,1
4368,DECODE,154,0,154,1630.54,8.97,1
4369,DECODE,154,0,154,1631.54,8.58,1
4370,DECODE,154,0,154,1632.54,8.87,1
4371,DECODE,154,0,154,1633.54,9.03,1
4372,DECODE,154,0,154,1634.54,8.91,1
4373,DECODE,154,0,154,1635.54,8.86,1
4374,DECODE,154,0,154,1636.54,8.88,1
4375,DECODE,154,0,154,1637.54,8.94,1
4376,DECODE,154,0,154,1638.54,8.91,1
4377,DECODE,154,0,154,1639.54,8.90,1
4378,DECODE,154,0,154,1640.54,8.89,1
4379,DECODE,154,0,154,1641.54,8.90,1
4380,DECODE,154,0,154,1642.54,8.95,1
4381,DECODE,154,0,154,1643.54,8.98,1
4382,DECODE,154,0,154,1644.54,8.89,1
4383,DECODE,154,0,154,1645.54,8.95,1
4384,DECODE,154,0,154,1646.54,8.89,1
4385,DECODE,154,0,154,1647.54,8.91,1
4386,DECODE,154,0,154,1648.54,9.01,1
4387,DECODE,154,0,154,1649.54,8.84,1
4388,DECODE,154,0,154,1650.54,8.85,1
4389,DECODE,154,0,154,1651.54,9.01,1
4390,DECODE,154,0,154,1652.54,8.84,1
4391,DECODE,154,0,154,1653.54,8.97,1
4392,DECODE,154,0,154,1654.54,8.93,1
4393,DECODE,153,0,153,1656.56,9.12,1
4394,DECODE,153,0,153,1657.56,9.00,1
4395,DECODE,153,0,153,1658.56,8.80,1
4396,DECODE,153,0,153,1659.56,8.84,1
4397,DECODE,153,0,153,1660.56,9.73,1
4398,DECODE,153,0,153,1661.56,9.73,1
4399,DECODE,153,0,153,1662.56,9.02,1
4400,DECODE,153,0,153,1663.56,8.94,1
4401,DECODE,153,0,153,1664.56,8.91,1
4402,DECODE,153,0,153,1665.56,9.00,1
4403,DECODE,153,0,153,1666.56,9.18,1
4404,DECODE,153,0,153,1667.56,8.85,1
4405,DECODE,153,0,153,1668.56,8.97,1
4406,DECODE,153,0,153,1669.56,8.99,1
4407,DECODE,153,0,153,1670.56,9.03,1
4408,DECODE,153,0,153,1671.56,9.08,1
4409,DECODE,153,0,153,1672.56,9.04,1
4410,DECODE,153,0,153,1673.56,8.92,1
4411,DECODE,153,0,153,1674.56,8.94,1
4412,DECODE,153,0,153,1675.56,9.02,1
4413,DECODE,153,0,153,1676.56,9.05,1
4414,DECODE,153,0,153,1677.56,9.04,1
4415,DECODE,153,0,153,1678.56,9.06,1
4416,DECODE,153,0,153,1679.56,9.07,1
4417,DECODE,153,0,153,1680.56,9.01,1
4418,DECODE,153,0,153,1681.56,8.96,1
4419,DECODE,153,0,153,1682.56,8.97,1
4420,DECODE,153,0,153,1683.56,8.90,1
4421,DECODE,153,0,153,1684.56,9.05,1
4422,DECODE,153,0,153,1685.56,9.08,1
4423,DECODE,153,0,153,1686.56,8.94,1
4424,DECODE,153,0,153,1687.56,8.82,1
4425,DECODE,153,0,153,1688.56,9.02,1
4426,DECODE,153,0,153,1689.56,9.07,1
4427,DECODE,153,0,153,1690.56,8.98,1
4428,DECODE,153,0,153,1691.56,9.00,1
4429,DECODE,153,0,153,1692.56,9.06,1
4430,DECODE,153,0,153,1693.56,9.03,1
4431,DECODE,153,0,153,1694.56,9.11,1
4432,DECODE,153,0,153,1695.56,9.07,1
4433,DECODE,153,0,153,1696.56,9.18,1
4434,DECODE,153,0,153,1697.56,9.15,1
4435,DECODE,153,0,153,1698.56,9.04,1
4436,DECODE,153,0,153,1699.56,9.39,1
4437,DECODE,153,0,153,1700.56,9.16,1
4438,DECODE,153,0,153,1701.56,9.10,1
4439,DECODE,153,0,153,1702.56,9.06,1
4440,DECODE,153,0,153,1703.56,9.16,1
4441,DECODE,153,0,153,1704.56,9.14,1
4442,DECODE,153,0,153,1705.56,9.12,1
4443,DECODE,153,0,153,1706.56,8.85,1
4444,DECODE,153,0,153,1707.56,9.28,1
4445,DECODE,153,0,153,1708.56,9.16,1
4446,DECODE,153,0,153,1709.56,9.03,1
4447,DECODE,153,0,153,1710.56,9.06,1
4448,DECODE,153,0,153,1711.56,9.03,1
4449,DECODE,153,0,153,1712.56,9.11,1
4450,DECODE,153,0,153,1713.56,9.17,1
4451,DECODE,153,0,153,1714.56,9.09,1
4452,DECODE,153,0,153,1715.56,8.92,1
4453,DECODE,153,0,153,1716.56,9.07,1
4454,DECODE,153,0,153,1717.56,9.03,1
4455,DECODE,153,0,153,1718.56,8.95,1
4456,DECODE,153,0,153,1719.56,9.02,1
4457,DECODE,153,0,153,1720.56,8.95,1
4458,DECODE,153,0,153,1721.56,8.98,1
4459,DECODE,153,0,153,1722.56,8.98,1
4460,DECODE,153,0,153,1723.56,9.82,1
4461,DECODE,153,0,153,1724.56,9.22,1
4462,DECODE,153,0,153,1725.56,9.13,1
4463,DECODE,153,0,153,1726.56,9.19,1
4464,DECODE,153,0,153,1727.56,8.99,1
4465,DECODE,153,0,153,1728.56,9.88,1
4466,DECODE,153,0,153,1729.56,8.96,1
4467,DECODE,153,0,153,1730.56,8.95,1
4468,DECODE,153,0,153,1731.56,8.98,1
4469,DECODE,153,0,153,1732.56,8.89,1
4470,DECODE,153,0,153,1733.56,8.96,1
4471,DECODE,153,0,153,1734.56,9.03,1
4472,DECODE,153,0,153,1735.56,8.71,1
4473,DECODE,153,0,153,1736.56,8.94,1
4474,DECODE,153,0,153,1737.56,9.00,1
4475,DECODE,153,0,153,1738.56,8.91,1
4476,DECODE,153,0,153,1739.56,8.90,1
4477,DECODE,153,0,153,1740.56,8.87,1
4478,DECODE,153,0,153,1741.56,8.89,1
4479,DECODE,153,0,153,1742.56,9.75,1
4480,DECODE,153,0,153,1743.56,9.11,1
4481,DECODE,153,0,153,1744.56,9.12,1
4482,DECODE,153,0,153,1745.56,9.07,1
4483,DECODE,153,0,153,1746.56,9.24,1
4484,DECODE,153,0,153,1747.56,9.09,1
4485,DECODE,153,0,153,1748.56,9.18,1
4486,DECODE,153,0,153,1749.56,9.09,1
4487,DECODE,153,0,153,1750.56,9.00,1
4488,DECODE,153,0,153,1751.56,8.59,1
4489,DECODE,153,0,153,1752.56,9.07,1
4490,DECODE,153,0,153,1753.56,9.01,1
4491,DECODE,153,0,153,1754.56,8.73,1
4492,DECODE,153,0,153,1755.56,8.99,1
4493,DECODE,153,0,153,1756.56,8.96,1
4494,DECODE,153,0,153,1757.56,9.08,1
4495,DECODE,153,0,153,1758.56,9.01,1
4496,DECODE,153,0,153,1759.56,9.00,1
4497,DECODE,153,0,153,1760.56,9.06,1
4498,DECODE,153,0,153,1761.56,9.17,1
4499,DECODE,153,0,153,1762.56,9.11,1
4500,DECODE,153,0,153,1763.56,9.19,1
4501,DECODE,153,0,153,1764.56,8.98,1
4502,DECODE,153,0,153,1765.56,9.10,1
4503,DECODE,153,0,153,1766.56,8.98,1
4504,DECODE,153,0,153,1767.56,8.97,1
4505,DECODE,153,0,153,1768.56,9.00,1
4506,DECODE,153,0,153,1769.56,8.99,1
4507,DECODE,153,0,153,1770.56,9.03,1
4508,DECODE,153,0,153,1771.56,8.99,1
4509,DECODE,153,0,153,1772.56,9.01,1
4510,DECODE,153,0,153,1773.56,9.09,1
4511,DECODE,153,0,153,1774.56,9.19,1
4512,DECODE,153,0,153,1775.56,9.07,1
4513,DECODE,153,0,153,1776.56,9.90,1
4514,DECODE,153,0,153,1777.56,9.79,1
4515,DECODE,153,0,153,1778.56,9.35,1
4516,DECODE,153,0,153,1779.56,9.01,1
4517,DECODE,153,0,153,1780.56,9.05,1
4518,DECODE,153,0,153,1781.56,8.98,1
4519,DECODE,153,0,153,1782.56,9.04,1
4520,DECODE,153,0,153,1783.56,8.97,1
4521,DECODE,153,0,153,1784.56,9.09,1
4522,DECODE,153,0,153,1785.56,8.49,1
4523,DECODE,153,0,153,1786.56,8.76,1
4524,DECODE,153,0,153,1787.56,8.85,1
4525,DECODE,153,0,153,1788.56,8.85,1
4526,DECODE,153,0,153,1789.56,8.89,1
4527,DECODE,153,0,153,1790.56,8.87,1
4528,DECODE,153,0,153,1791.56,8.86,1
4529,DECODE,153,0,153,1792.56,8.81,1
4530,DECODE,153,0,153,1793.56,8.82,1
4531,DECODE,153,0,153,1794.56,9.12,1
4532,DECODE,153,0,153,1795.56,9.33,1
4533,DECODE,153,0,153,1796.56,8.98,1
4534,DECODE,153,0,153,1797.56,8.97,1
4535,DECODE,153,0,153,1798.56,8.77,1
4536,DECODE,153,0,153,1799.56,9.14,1
4537,DECODE,153,0,153,1800.56,8.24,1
4538,DECODE,153,0,153,1801.56,8.21,1
4539,DECODE,153,0,153,1802.56,8.23,1
4540,DECODE,153,0,153,1803.56,8.17,1
4541,DECODE,153,0,153,1804.56,8.29,1
4542,DECODE,152,0,152,1806.37,8.16,1
4543,DECODE,152,0,152,1807.37,8.11,1
4544,DECODE,152,0,152,1808.37,8.12,1
4545,DECODE,152,0,152,1809.37,8.12,1
4546,DECODE,152,0,152,1810.37,8.12,1
4547,DECODE,152,0,152,1811.37,8.11,1
4548,DECODE,152,0,152,1812.37,8.10,1
4549,DECODE,152,0,152,1813.37,8.15,1
4550,DECODE,152,0,152,1814.37,8.07,1
4551,DECODE,152,0,152,1815.37,8.11,1
4552,DECODE,152,0,152,1816.37,8.98,1
4553,DECODE,152,0,152,1817.37,8.89,1
4554,DECODE,152,0,152,1818.37,8.84,1
4555,DECODE,152,0,152,1819.37,9.05,1
4556,DECODE,152,0,152,1820.37,8.99,1
4557,DECODE,152,0,152,1821.37,9.00,1
4558,DECODE,152,0,152,1822.37,9.01,1
4559,DECODE,152,0,152,1823.37,8.99,1
4560,DECODE,152,0,152,1824.37,8.98,1
4561,DECODE,152,0,152,1825.37,9.07,1
4562,DECODE,152,0,152,1826.37,8.96,1
4563,DECODE,152,0,152,1827.37,8.97,1
4564,DECODE,152,0,152,1828.37,9.09,1
4565,DECODE,152,0,152,1829.37,8.96,1
4566,DECODE,152,0,152,1830.37,8.93,1
4567,DECODE,152,0,152,1831.37,8.96,1
4568,DECODE,152,0,152,1832.37,9.01,1
4569,DECODE,152,0,152,1833.37,8.91,1
4570,DECODE,152,0,152,1834.37,9.06,1
4571,DECODE,152,0,152,1835.37,9.09,1
4572,DECODE,152,0,152,1836.37,9.08,1
4573,DECODE,152,0,152,1837.37,8.99,1
4574,DECODE,152,0,152,1838.37,8.93,1
4575,DECODE,152,0,152,1839.37,8.98,1
4576,DECODE,152,0,152,1840.37,8.26,1
4577,DECODE,152,0,152,1841.37,9.08,1
4578,DECODE,152,0,152,1842.37,9.08,1
4579,DECODE,152,0,152,1843.37,9.04,1
4580,DECODE,152,0,152,1844.37,9.02,1
4581,DECODE,152,0,152,1845.37,9.20,1
4582,DECODE,152,0,152,1846.37,9.12,1
4583,DECODE,152,0,152,1847.37,8.98,1
4584,DECODE,152,0,152,1848.37,8.99,1
4585,DECODE,152,0,152,1849.37,8.99,1
4586,DECODE,152,0,152,1850.37,9.09,1
4587,DECODE,152,0,152,1851.37,9.06,1
4588,DECODE,152,0,152,1852.37,9.10,1
4589,DECODE,152,0,152,1853.37,9.19,1
4590,DECODE,152,0,152,1854.37,9.07,1
4591,DECODE,152,0,152,1855.37,9.02,1
4592,DECODE,152,0,152,1856.37,9.00,1
4593,DECODE,152,0,152,1857.37,8.99,1
4594,DECODE,152,0,152,1858.37,9.07,1
4595,DECODE,152,0,152,1859.37,9.07,1
4596,DECODE,152,0,152,1860.37,9.04,1
4597,DECODE,152,0,152,1861.37,9.00,1
4598,DECODE,152,0,152,1862.37,9.06,1
4599,DECODE,152,0,152,1863.37,9.32,1
4600,DECODE,152,0,152,1864.37,9.34,1
4601,DECODE,152,0,152,1865.37,9.16,1
4602,DECODE,152,0,152,1866.37,9.16,1
4603,DECODE,152,0,152,1867.37,9.07,1
4604,DECODE,152,0,152,1868.37,9.02,1
4605,DECODE,152,0,152,1869.37,9.09,1
4606,DECODE,152,0,152,1870.37,9.17,1
4607,DECODE,152,0,152,1871.37,9.02,1
4608,DECODE,152,0,152,1872.37,9.09,1
4609,DECODE,152,0,152,1873.37,9.17,1
4610,DECODE,152,0,152,1874.37,9.13,1
4611,DECODE,152,0,152,1875.37,8.90,1
4612,DECODE,152,0,152,1876.37,9.04,1
4613,DECODE,152,0,152,1877.37,9.26,1
4614,DECODE,152,0,152,1878.37,9.29,1
4615,DECODE,152,0,152,1879.37,9.18,1
4616,DECODE,152,0,152,1880.37,9.40,1
4617,DECODE,152,0,152,1881.37,9.28,1
4618,DECODE,152,0,152,1882.37,9.25,1
4619,DECODE,152,0,152,1883.37,9.11,1
4620,DECODE,152,0,152,1884.37,9.13,1
4621,DECODE,152,0,152,1885.37,9.01,1
4622,DECODE,152,0,152,1886.37,9.09,1
4623,DECODE,152,0,152,1887.37,9.04,1
4624,DECODE,152,0,152,1888.37,9.08,1
4625,DECODE,152,0,152,1889.37,9.20,1
4626,DECODE,152,0,152,1890.37,9.07,1
4627,DECODE,152,0,152,1891.37,9.08,1
4628,DECODE,152,0,152,1892.37,9.09,1
4629,DECODE,152,0,152,1893.37,9.17,1
4630,DECODE,152,0,152,1894.37,9.09,1
4631,DECODE,152,0,152,1895.37,9.08,1
4632,DECODE,152,0,152,1896.37,9.17,1
4633,DECODE,152,0,152,1897.37,9.18,1
4634,DECODE,152,0,152,1898.37,9.22,1
4635,DECODE,152,0,152,1899.37,9.12,1
4636,DECODE,152,0,152,1900.37,9.19,1
4637,DECODE,152,0,152,1901.37,9.26,1
4638,DECODE,152,0,152,1902.37,9.06,1
4639,DECODE,152,0,152,1903.37,9.03,1
4640,DECODE,152,0,152,1904.37,9.27,1
4641,DECODE,152,0,152,1905.37,9.04,1
4642,DECODE,152,0,152,1906.37,9.08,1
4643,DECODE,152,0,152,1907.37,9.08,1
4644,DECODE,152,0,152,1908.37,9.09,1
4645,DECODE,152,0,152,1909.37,9.06,1
4646,DECODE,152,0,152,1910.37,9.08,1
4647,DECODE,152,0,152,1911.37,9.02,1
4648,DECODE,152,0,152,1912.37,9.13,1
4649,DECODE,152,0,152,1913.37,9.15,1
4650,DECODE,152,0,152,1914.37,9.13,1
4651,DECODE,152,0,152,1915.37,9.04,1
4652,DECODE,152,0,152,1916.37,9.18,1
4653,DECODE,152,0,152,1917.37,9.10,1
4654,DECODE,152,0,152,1918.37,9.16,1
4655,DECODE,152,0,152,1919.37,9.16,1
4656,DECODE,152,0,152,1920.37,9.47,1
4657,DECODE,152,0,152,1921.37,9.20,1
4658,DECODE,152,0,152,1922.37,8.28,1
4659,DECODE,152,0,152,1923.37,8.31,1
4660,DECODE,152,0,152,1924.37,9.19,1
4661,DECODE,152,0,152,1925.37,9.18,1
4662,DECODE,152,0,152,1926.37,9.16,1
4663,DECODE,151,0,151,1928.30,9.45,1
4664,DECODE,151,0,151,1929.30,9.42,1
4665,DECODE,151,0,151,1930.30,9.35,1
4666,DECODE,151,0,151,1931.30,9.24,1
4667,DECODE,151,0,151,1932.30,9.31,1
4668,DECODE,151,0,151,1933.30,9.37,1
4669,DECODE,151,0,151,1934.30,9.29,1
4670,DECODE,151,0,151,1935.30,9.24,1
4671,DECODE,151,0,151,1936.30,9.29,1
4672,DECODE,151,0,151,1937.30,9.23,1
4673,DECODE,151,0,151,1938.30,9.21,1
4674,DECODE,151,0,151,1939.30,9.47,1
4675,DECODE,151,0,151,1940.30,9.34,1
4676,DECODE,151,0,151,1941.30,9.30,1
4677,DECODE,151,0,151,1942.30,9.43,1
4678,DECODE,151,0,151,1943.30,9.18,1
4679,DECODE,151,0,151,1944.30,9.31,1
4680,DECODE,151,0,151,1945.30,9.37,1
4681,DECODE,151,0,151,1946.30,9.20,1
4682,DECODE,151,0,151,1947.30,9.19,1
4683,DECODE,151,0,151,1948.30,9.26,1
4684,DECODE,151,0,151,1949.30,9.22,1
4685,DECODE,151,0,151,1950.30,9.20,1
4686,DECODE,151,0,151,1951.30,9.24,1
4687,DECODE,151,0,151,1952.30,9.30,1
4688,DECODE,151,0,151,1953.30,9.26,1
4689,DECODE,151,0,151,1954.30,9.23,1
4690,DECODE,151,0,151,1955.30,9.37,1
4691,DECODE,151,0,151,1956.30,9.35,1
4692,DECODE,151,0,151,1957.30,9.19,1
4693,DECODE,151,0,151,1958.30,9.33,1
4694,DECODE,151,0,151,1959.30,9.21,1
4695,DECODE,151,0,151,1960.30,9.34,1
4696,DECODE,151,0,151,1961.30,9.27,1
4697,DECODE,151,0,151,1962.30,9.22,1
4698,DECODE,151,0,151,1963.30,9.28,1
4699,DECODE,150,0,150,1964.41,9.48,1
4700,DECODE,150,0,150,1965.41,9.30,1
4701,DECODE,150,0,150,1966.41,9.36,1
4702,DECODE,150,0,150,1967.41,9.39,1
4703,DECODE,150,0,150,1968.41,9.35,1
4704,DECODE,150,0,150,1969.41,9.21,1
4705,DECODE,150,0,150,1970.41,9.26,1
4706,DECODE,150,0,150,1971.41,9.25,1
4707,DECODE,150,0,150,1972.41,9.24,1
4708,DECODE,150,0,150,1973.41,9.39,1
4709,DECODE,150,0,150,1974.41,9.51,1
4710,DECODE,150,0,150,1975.41,9.38,1
4711,DECODE,150,0,150,1976.41,9.25,1
4712,DECODE,150,0,150,1977.41,9.40,1
4713,DECODE,150,0,150,1978.41,9.23,1
4714,DECODE,150,0,150,1979.41,9.18,1
4715,DECODE,150,0,150,1980.41,9.38,1
4716,DECODE,150,0,150,1981.41,9.37,1
4717,DECODE,150,0,150,1982.41,10.01,1
4718,DECODE,150,0,150,1983.41,9.98,1
4719,DECODE,150,0,150,1984.41,9.95,1
4720,DECODE,150,0,150,1985.41,9.99,1
4721,DECODE,150,0,150,1986.41,8.54,1
4722,DECODE,150,0,150,1987.41,9.99,1
4723,DECODE,150,0,150,1988.41,9.99,1
4724,DECODE,150,0,150,1989.41,9.92,1
4725,DECODE,150,0,150,1990.41,9.19,1
4726,DECODE,150,0,150,1991.41,9.32,1
4727,DECODE,150,0,150,1992.41,9.34,1
4728,DECODE,150,0,150,1993.41,9.47,1
4729,DECODE,150,0,150,1994.41,9.29,1
4730,DECODE,150,0,150,1995.41,9.41,1
4731,DECODE,150,0,150,1996.41,9.36,1
4732,DECODE,150,0,150,1997.41,9.43,1
4733,DECODE,150,0,150,1998.41,9.40,1
4734,DECODE,150,0,150,1999.41,9.37,1
4735,DECODE,150,0,150,2000.41,9.29,1
4736,DECODE,150,0,150,2001.41,9.38,1
4737,DECODE,150,0,150,2002.41,9.31,1
4738,DECODE,150,0,150,2003.41,9.42,1
4739,DECODE,150,0,150,2004.41,9.34,1
4740,DECODE,150,0,150,2005.41,10.01,1
4741,DECODE,150,0,150,2006.41,9.95,1
4742,DECODE,150,0,150,2007.41,9.99,1
4743,DECODE,150,0,150,2008.41,9.93,1
4744,DECODE,150,0,150,2009.41,9.78,1
4745,DECODE,150,0,150,2010.41,9.95,1
4746,DECODE,150,0,150,2011.41,9.97,1
4747,DECODE,150,0,150,2012.41,10.02,1
4748,DECODE,150,0,150,2013.41,9.41,1
4749,DECODE,150,0,150,2014.41,9.40,1
4750,DECODE,150,0,150,2015.41,9.33,1
4751,DECODE,150,0,150,2016.41,9.34,1
4752,DECODE,150,0,150,2017.41,10.07,1
4753,DECODE,150,0,150,2018.41,9.97,1
4754,DECODE,150,0,150,2019.41,10.03,1
4755,DECODE,150,0,150,2020.41,10.00,1
4756,DECODE,150,0,150,2021.41,9.63,1
4757,DECODE,150,0,150,2022.41,9.34,1
4758,DECODE,150,0,150,2023.41,9.34,1
4759,DECODE,150,0,150,2024.41,9.28,1
4760,DECODE,150,0,150,2025.41,9.18,1
4761,DECODE,150,0,150,2026.41,9.20,1
4762,DECODE,150,0,150,2027.41,9.26,1
4763,DECODE,150,0,150,2028.41,9.57,1
4764,DECODE,150,0,150,2029.41,9.56,1
4765,DECODE,150,0,150,2030.41,9.70,1
4766,DECODE,150,0,150,2031.41,10.47,1
4767,DECODE,150,0,150,2032.41,9.34,1
4768,DECODE,150,0,150,2033.41,9.34,1
4769,DECODE,150,0,150,2034.41,9.32,1
4770,DECODE,150,0,150,2035.41,9.40,1
4771,DECODE,150,0,150,2036.41,9.24,1
4772,DECODE,150,0,150,2037.41,9.35,1
4773,DECODE,150,0,150,2038.41,9.38,1
4774,DECODE,150,0,150,2039.41,9.31,1
4775,DECODE,150,0,150,2040.41,8.59,1
4776,DECODE,150,0,150,2041.41,8.54,1
4777,DECODE,150,0,150,2042.41,8.58,1
4778,DECODE,150,0,150,2043.41,8.60,1
4779,DECODE,150,0,150,2044.41,8.58,1
4780,DECODE,150,0,150,2045.41,8.47,1
4781,DECODE,150,0,150,2046.41,9.42,1
4782,DECODE,150,0,150,2047.41,9.42,1
4783,DECODE,150,0,150,2048.41,9.30,1
4784,DECODE,150,0,150,2049.41,9.38,1
4785,DECODE,150,0,150,2050.41,9.25,1
4786,DECODE,150,0,150,2051.41,9.36,1
4787,DECODE,150,0,150,2052.41,9.39,1
4788,DECODE,150,0,150,2053.41,9.51,1
4789,DECODE,150,0,150,2054.41,9.51,1
4790,DECODE,150,0,150,2055.41,8.55,1
4791,DECODE,150,0,150,2056.41,8.60,1
4792,DECODE,150,0,150,2057.41,8.59,1
4793,DECODE,150,0,150,2058.41,8.60,1
4794,DECODE,150,0,150,2059.41,8.58,1
4795,DECODE,150,0,150,2060.41,8.58,1
4796,DECODE,150,0,150,2061.41,8.59,1
4797,DECODE,150,0,150,2062.41,8.59,1
4798,DECODE,150,0,150,2063.41,8.60,1
4799,DECODE,150,0,150,2064.41,8.55,1
4800,DECODE,150,0,150,2065.41,8.60,1
4801,DECODE,150,0,150,2066.41,8.61,1
4802,DECODE,150,0,150,2067.41,8.62,1
4803,DECODE,150,0,150,2068.41,8.55,1
4804,DECODE,150,0,150,2069.41,8.63,1
4805,DECODE,150,0,150,2070.41,9.39,1
4806,DECODE,150,0,150,2071.41,9.52,1
4807,DECODE,150,0,150,2072.41,9.61,1
4808,DECODE,150,0,150,2073.41,8.95,1
4809,DECODE,150,0,150,2074.41,9.08,1
4810,DECODE,150,0,150,2075.41,9.24,1
4811,DECODE,150,0,150,2076.41,9.09,1
4812,DECODE,150,0,150,2077.41,9.19,1
4813,DECODE,150,0,150,2078.41,9.24,1
4814,DECODE,150,0,150,2079.41,8.58,1
4815,DECODE,150,0,150,2080.41,8.54,1
4816,DECODE,150,0,150,2081.41,10.34,1
4817,DECODE,150,0,150,2082.41,9.40,1
4818,DECODE,150,0,150,2083.41,9.44,1
4819,DECODE,150,0,150,2084.41,9.63,1
4820,DECODE,150,0,150,2085.41,9.45,1
4821,DECODE,150,0,150,2086.41,8.84,1
4822,DECODE,150,0,150,2087.41,8.71,1
4823,DECODE,150,0,150,2088.41,8.66,1
4824,DECODE,150,0,150,2089.41,8.69,1
4825,DECODE,150,0,150,2090.41,8.64,1
4826,DECODE,150,0,150,2091.41,8.68,1
4827,DECODE,150,0,150,2092.41,9.73,1
4828,DECODE,150,0,150,2093.41,9.70,1
4829,DECODE,150,0,150,2094.41,9.45,1
4830,DECODE,150,0,150,2095.41,9.73,1
4831,DECODE,150,0,150,2096.41,9.52,1
4832,DECODE,150,0,150,2097.41,9.43,1
4833,DECODE,150,0,150,2098.41,9.70,1
4834,DECODE,150,0,150,2099.41,9.45,1
4835,DECODE,150,0,150,2100.41,9.38,1
4836,DECODE,150,0,150,2101.41,9.46,1
4837,DECODE,150,0,150,2102.41,9.30,1
4838,DECODE,150,0,150,2103.41,9.27,1
4839,DECODE,150,0,150,2104.41,9.58,1
4840,DECODE,150,0,150,2105.41,9.32,1
4841,DECODE,150,0,150,2106.41,9.32,1
4842,DECODE,150,0,150,2107.41,9.51,1
4843,DECODE,150,0,150,2108.41,9.44,1
4844,DECODE,150,0,150,2109.41,9.44,1
4845,DECODE,150,0,150,2110.41,9.48,1
4846,DECODE,150,0,150,2111.41,9.29,1
4847,DECODE,150,0,150,2112.41,9.72,1
4848,DECODE,150,0,150,2113.41,9.58,1
4849,DECODE,150,0,150,2114.41,9.50,1
4850,DECODE,150,0,150,2115.41,10.56,1
4851,DECODE,150,0,150,2116.41,9.63,1
4852,DECODE,150,0,150,2117.41,9.50,1
4853,DECODE,150,0,150,2118.41,9.58,1
4854,DECODE,150,0,150,2119.41,9.56,1
4855,DECODE,150,0,150,2120.41,8.82,1
4856,DECODE,150,0,150,2121.41,8.83,1
4857,DECODE,150,0,150,2122.41,8.81,1
4858,DECODE,150,0,150,2123.41,8.83,1
4859,DECODE,150,0,150,2124.41,9.70,1
4860,DECODE,150,0,150,2125.41,8.67,1
4861,DECODE,150,0,150,2126.41,8.85,1
4862,DECODE,150,0,150,2127.41,9.79,1
4863,DECODE,150,0,150,2128.41,8.81,1
4864,DECODE,150,0,150,2129.41,8.83,1
4865,DECODE,150,0,150,2130.41,8.85,1
4866,DECODE,150,0,150,2131.41,8.84,1
4867,DECODE,150,0,150,2132.41,8.87,1
4868,DECODE,150,0,150,2133.41,8.77,1
4869,DECODE,150,0,150,2134.41,9.67,1
4870,DECODE,150,0,150,2135.41,8.67,1
4871,DECODE,150,0,150,2136.41,8.91,1
4872,DECODE,150,0,150,2137.41,8.70,1
4873,DECODE,150,0,150,2138.41,8.65,1
4874,DECODE,150,0,150,2139.41,8.72,1
4875,DECODE,150,0,150,2140.41,8.72,1
4876,DECODE,150,0,150,2141.41,8.77,1
4877,DECODE,150,0,150,2142.41,8.70,1
4878,DECODE,150,0,150,2143.41,8.69,1
4879,DECODE,150,0,150,2144.41,8.74,1
4880,DECODE,150,0,150,2145.41,8.83,1
4881,DECODE,150,0,150,2146.41,9.73,1
4882,DECODE,150,0,150,2147.41,9.74,1
4883,DECODE,150,0,150,2148.41,9.68,1
4884,DECODE,150,0,150,2149.41,9.50,1
4885,DECODE,150,0,150,2150.41,9.45,1
4886,DECODE,150,0,150,2151.41,9.61,1
4887,DECODE,150,0,150,2152.41,9.51,1
4888,DECODE,150,0,150,2153.41,9.49,1
4889,DECODE,150,0,150,2154.41,9.52,1
4890,DECODE,150,0,150,2155.41,9.58,1
4891,DECODE,150,0,150,2156.41,9.48,1
4892,DECODE,150,0,150,2157.41,9.53,1
4893,DECODE,150,0,150,2158.41,9.49,1
4894,DECODE,150,0,150,2159.41,9.53,1
4895,DECODE,150,0,150,2160.41,9.70,1
4896,DECODE,150,0,150,2161.41,9.59,1
4897,DECODE,150,0,150,2162.41,10.58,1
4898,DECODE,150,0,150,2163.41,9.88,1
4899,DECODE,150,0,150,2164.41,9.64,1
4900,DECODE,150,0,150,2165.41,9.65,1
4901,DECODE,150,0,150,2166.41,9.58,1
4902,DECODE,150,0,150,2167.41,9.64,1
4903,DECODE,150,0,150,2168.41,9.57,1
4904,DECODE,150,0,150,2169.41,9.70,1
4905,DECODE,150,0,150,2170.41,9.60,1
4906,DECODE,150,0,150,2171.41,9.67,1
4907,DECODE,150,0,150,2172.41,9.71,1
4908,DECODE,150,0,150,2173.41,9.64,1
4909,DECODE,150,0,150,2174.41,10.41,1
4910,DECODE,149,0,149,2174.62,9.92,1
4911,DECODE,149,0,149,2175.62,9.63,1
4912,DECODE,149,0,149,2176.62,9.57,1
4913,DECODE,149,0,149,2177.62,9.66,1
4914,DECODE,149,0,149,2178.62,9.68,1
4915,DECODE,149,0,149,2179.62,9.68,1
4916,DECODE,149,0,149,2180.62,9.72,1
4917,DECODE,149,0,149,2181.62,9.60,1
4918,DECODE,149,0,149,2182.62,9.76,1
4919,DECODE,149,0,149,2183.62,9.77,1
4920,DECODE,149,0,149,2184.62,9.67,1
4921,DECODE,149,0,149,2185.62,9.55,1
4922,DECODE,149,0,149,2186.62,9.59,1
4923,DECODE,149,0,149,2187.62,9.66,1
4924,DECODE,149,0,149,2188.62,9.53,1
4925,DECODE,149,0,149,2189.62,9.59,1
4926,DECODE,149,0,149,2190.62,9.47,1
4927,DECODE,149,0,149,2191.62,9.53,1
4928,DECODE,149,0,149,2192.62,9.53,1
4929,DECODE,149,0,149,2193.62,9.57,1
4930,DECODE,149,0,149,2194.62,9.49,1
4931,DECODE,149,0,149,2195.62,9.58,1
4932,DECODE,149,0,149,2196.62,9.74,1
4933,DECODE,149,0,149,2197.62,9.63,1
4934,DECODE,149,0,149,2198.62,9.58,1
4935,DECODE,149,0,149,2199.62,9.67,1
4936,DECODE,149,0,149,2200.62,9.60,1
4937,DECODE,149,0,149,2201.62,9.71,1
4938,DECODE,149,0,149,2202.62,9.50,1
4939,DECODE,149,0,149,2203.62,9.54,1
4940,DECODE,149,0,149,2204.62,9.57,1
4941,DECODE,149,0,149,2205.62,9.54,1
4942,DECODE,149,0,149,2206.62,9.60,1
4943,DECODE,149,0,149,2207.62,9.66,1
4944,DECODE,149,0,149,2208.62,9.62,1
4945,DECODE,149,0,149,2209.62,9.61,1
4946,DECODE,149,0,149,2210.62,9.65,1
4947,DECODE,149,0,149,2211.62,9.73,1
4948,DECODE,149,0,149,2212.62,9.55,1
4949,DECODE,149,0,149,2213.62,9.66,1
4950,DECODE,149,0,149,2214.62,9.60,1
4951,DECODE,149,0,149,2215.62,9.70,1
4952,DECODE,149,0,149,2216.62,9.63,1
4953,DECODE,149,0,149,2217.62,9.55,1
4954,DECODE,149,0,149,2218.62,9.51,1
4955,DECODE,149,0,149,2219.62,10.02,1
4956,DECODE,149,0,149,2220.62,9.73,1
4957,DECODE,149,0,149,2221.62,9.64,1
4958,DECODE,149,0,149,2222.62,9.64,1
4959,DECODE,149,0,149,2223.62,9.78,1
4960,DECODE,149,0,149,2224.62,9.56,1
4961,DECODE,149,0,149,2225.62,9.55,1
4962,DECODE,149,0,149,2226.62,9.68,1
4963,DECODE,149,0,149,2227.62,9.63,1
4964,DECODE,149,0,149,2228.62,9.68,1
4965,DECODE,149,0,149,2229.62,9.69,1
4966,DECODE,149,0,149,2230.62,9.73,1
4967,DECODE,149,0,149,2231.62,9.72,1
4968,DECODE,149,0,149,2232.62,9.64,1
4969,DECODE,149,0,149,2233.62,10.09,1
4970,DECODE,149,0,149,2234.62,9.85,1
4971,DECODE,149,0,149,2235.62,9.65,1
4972,DECODE,149,0,149,2236.62,9.70,1
4973,DECODE,149,0,149,2237.62,9.93,1
4974,DECODE,149,0,149,2238.62,9.77,1
4975,DECODE,148,0,148,2240.98,10.14,1
4976,DECODE,148,0,148,2241.98,9.76,1
4977,DECODE,148,0,148,2242.98,9.73,1
4978,DECODE,148,0,148,2243.98,9.77,1
4979,DECODE,148,0,148,2244.98,9.80,1
4980,DECODE,148,0,148,2245.98,9.80,1
4981,DECODE,148,0,148,2246.98,9.72,1
4982,DECODE,148,0,148,2247.98,9.75,1
4983,DECODE,148,0,148,2248.98,9.71,1
4984,DECODE,148,0,148,2249.98,9.78,1
4985,DECODE,148,0,148,2250.98,9.83,1
4986,DECODE,148,0,148,2251.98,10.68,1
4987,DECODE,148,0,148,2252.98,9.83,1
4988,DECODE,148,0,148,2253.98,9.93,1
4989,DECODE,148,0,148,2254.98,9.80,1
4990,DECODE,148,0,148,2255.98,9.79,1
4991,DECODE,148,0,148,2256.98,9.80,1
4992,DECODE,148,0,148,2257.98,9.95,1
4993,DECODE,148,0,148,2258.98,9.62,1
4994,DECODE,148,0,148,2259.98,9.89,1
4995,DECODE,148,0,148,2260.98,9.91,1
4996,DECODE,148,0,148,2261.98,9.86,1
4997,DECODE,148,0,148,2262.98,9.82,1
4998,DECODE,148,0,148,2263.98,10.00,1
4999,DECODE,148,0,148,2264.98,9.93,1
5000,DECODE,148,0,148,2265.98,10.04,1
5001,DECODE,148,0,148,2266.98,9.91,1
5002,DECODE,148,0,148,2267.98,9.89,1
5003,DECODE,148,0,148,2268.98,10.19,1
5004,DECODE,148,0,148,2269.98,9.95,1
5005,DECODE,148,0,148,2270.98,9.92,1
5006,DECODE,148,0,148,2271.98,10.06,1
5007,DECODE,148,0,148,2272.98,10.12,1
5008,DECODE,148,0,148,2273.98,10.19,1
5009,DECODE,148,0,148,2274.98,10.06,1
5010,DECODE,148,0,148,2275.98,10.21,1
5011,DECODE,148,0,148,2276.98,10.18,1
5012,DECODE,148,0,148,2277.98,10.11,1
5013,DECODE,148,0,148,2278.98,10.13,1
5014,DECODE,148,0,148,2279.98,10.12,1
5015,DECODE,148,0,148,2280.98,9.88,1
5016,DECODE,148,0,148,2281.98,9.94,1
5017,DECODE,148,0,148,2282.98,9.93,1
5018,DECODE,148,0,148,2283.98,9.86,1
5019,DECODE,148,0,148,2284.98,9.86,1
5020,DECODE,148,0,148,2285.98,9.86,1
5021,DECODE,148,0,148,2286.98,9.86,1
5022,DECODE,148,0,148,2287.98,9.88,1
5023,DECODE,148,0,148,2288.98,9.95,1
5024,DECODE,148,0,148,2289.98,10.12,1
5025,DECODE,148,0,148,2290.98,9.99,1
5026,DECODE,148,0,148,2291.98,10.02,1
5027,DECODE,148,0,148,2292.98,9.83,1
5028,DECODE,148,0,148,2293.98,9.85,1
5029,DECODE,148,0,148,2294.98,10.53,1
5030,DECODE,148,0,148,2295.98,10.55,1
5031,DECODE,148,0,148,2296.98,10.18,1
5032,DECODE,148,0,148,2297.98,10.53,1
5033,DECODE,148,0,148,2298.98,10.50,1
5034,DECODE,148,0,148,2299.98,10.07,1
5035,DECODE,148,0,148,2300.98,10.05,1
5036,DECODE,148,0,148,2301.98,9.96,1
5037,DECODE,148,0,148,2302.98,9.99,1
5038,DECODE,148,0,148,2303.98,9.72,1
5039,DECODE,148,0,148,2304.98,9.76,1
5040,DECODE,148,0,148,2305.98,10.03,1
5041,DECODE,148,0,148,2306.98,9.77,1
5042,DECODE,148,0,148,2307.98,9.95,1
5043,DECODE,148,0,148,2308.98,9.92,1
5044,DECODE,148,0,148,2309.98,9.98,1
5045,DECODE,148,0,148,2310.98,9.98,1
5046,DECODE,148,0,148,2311.98,9.91,1
5047,DECODE,148,0,148,2312.98,9.94,1
5048,DECODE,148,0,148,2313.98,10.09,1
5049,DECODE,148,0,148,2314.98,10.04,1
5050,DECODE,148,0,148,2315.98,10.06,1
5051,DECODE,148,0,148,2316.98,10.18,1
5052,DECODE,147,0,147,2319.01,10.57,1
5053,DECODE,147,0,147,2320.01,9.95,1
5054,DECODE,146,0,146,2319.37,10.12,1
5055,DECODE,146,0,146,2320.37,10.04,1
5056,DECODE,146,0,146,2321.37,9.14,1
5057,DECODE,146,0,146,2322.37,9.80,1
5058,DECODE,146,0,146,2323.37,9.76,1
5059,DECODE,146,0,146,2324.37,11.27,1
5060,DECODE,146,0,146,2325.37,10.58,1
5061,DECODE,146,0,146,2326.37,10.05,1
5062,DECODE,146,0,146,2327.37,10.50,1
5063,DECODE,146,0,146,2328.37,10.07,1
5064,DECODE,146,0,146,2329.37,9.94,1
5065,DECODE,146,0,146,2330.37,9.91,1
5066,DECODE,146,0,146,2331.37,9.90,1
5067,DECODE,146,0,146,2332.37,9.86,1
5068,DECODE,146,0,146,2333.37,9.97,1
5069,DECODE,146,0,146,2334.37,10.03,1
5070,DECODE,146,0,146,2335.37,10.03,1
5071,DECODE,146,0,146,2336.37,10.38,1
5072,DECODE,146,0,146,2337.37,9.98,1
5073,DECODE,146,0,146,2338.37,9.91,1
5074,DECODE,145,0,145,2337.84,11.78,1
5075,DECODE,145,0,145,2338.84,9.96,1
5076,DECODE,145,0,145,2339.84,10.02,1
5077,DECODE,145,0,145,2340.84,9.93,1
5078,DECODE,145,0,145,2341.84,9.83,1
5079,DECODE,145,0,145,2342.84,9.79,1
5080,DECODE,145,0,145,2343.84,9.94,1
5081,DECODE,145,0,145,2344.84,10.05,1
5082,DECODE,145,0,145,2345.84,10.07,1
5083,DECODE,145,0,145,2346.84,10.16,1
5084,DECODE,145,0,145,2347.84,10.02,1
5085,DECODE,145,0,145,2348.84,10.10,1
5086,DECODE,145,0,145,2349.84,9.99,1
5087,DECODE,145,0,145,2350.84,10.02,1
5088,DECODE,145,0,145,2351.84,10.08,1
5089,DECODE,145,0,145,2352.84,10.03,1
5090,DECODE,144,0,144,2352.40,10.15,1
5091,DECODE,144,0,144,2353.40,9.87,1
5092,DECODE,144,0,144,2354.40,9.82,1
5093,DECODE,144,0,144,2355.40,9.74,1
5094,DECODE,144,0,144,2356.40,9.82,1
5095,DECODE,143,0,143,2355.98,10.16,1
5096,DECODE,143,0,143,2356.98,10.00,1
5097,DECODE,143,0,143,2357.98,9.72,1
5098,DECODE,143,0,143,2358.98,9.77,1
5099,DECODE,143,0,143,2359.98,9.70,1
5100,DECODE,143,0,143,2360.98,9.72,1
5101,DECODE,143,0,143,2361.98,9.73,1
5102,DECODE,143,0,143,2362.98,9.77,1
5103,DECODE,143,0,143,2363.98,9.87,1
5104,DECODE,143,0,143,2364.98,9.73,1
5105,DECODE,143,0,143,2365.98,9.70,1
5106,DECODE,143,0,143,2366.98,9.91,1
5107,DECODE,143,0,143,2367.98,9.71,1
5108,DECODE,143,0,143,2368.98,9.73,1
5109,DECODE,143,0,143,2369.98,9.63,1
5110,DECODE,143,0,143,2370.98,9.80,1
5111,DECODE,143,0,143,2371.98,9.71,1
5112,DECODE,143,0,143,2372.98,9.75,1
5113,DECODE,143,0,143,2373.98,9.69,1
5114,DECODE,143,0,143,2374.98,9.78,1
5115,DECODE,143,0,143,2375.98,9.86,1
5116,DECODE,143,0,143,2376.98,9.58,1
5117,DECODE,142,0,142,2376.69,9.81,1
5118,DECODE,142,0,142,2377.69,9.68,1
5119,DECODE,142,0,142,2378.69,9.65,1
5120,DECODE,141,0,141,2378.40,9.78,1
5121,DECODE,141,0,141,2379.40,9.55,1
5122,DECODE,141,0,141,2380.40,9.61,1
5123,DECODE,141,0,141,2381.40,9.67,1
5124,DECODE,141,0,141,2382.40,9.57,1
5125,DECODE,141,0,141,2383.40,9.65,1
5126,DECODE,141,0,141,2384.40,9.62,1
5127,DECODE,140,0,140,2384.15,10.15,1
5128,DECODE,140,0,140,2385.15,9.68,1
5129,DECODE,140,0,140,2386.15,9.67,1
5130,DECODE,140,0,140,2387.15,9.63,1
5131,DECODE,140,0,140,2388.15,9.50,1
5132,DECODE,140,0,140,2389.15,9.68,1
5133,DECODE,140,0,140,2390.15,9.55,1
5134,DECODE,140,0,140,2391.15,9.49,1
5135,DECODE,140,0,140,2392.15,9.45,1
5136,DECODE,139,0,139,2391.94,9.72,1
5137,DECODE,139,0,139,2392.94,9.63,1
5138,DECODE,138,0,138,2392.73,9.68,1
5139,DECODE,136,0,136,2391.27,9.66,1
5140,DECODE,135,0,135,2391.02,9.56,1
5141,DECODE,134,0,134,2390.76,9.52,1
5142,DECODE,134,0,134,2391.76,9.44,1
5143,DECODE,134,0,134,2392.76,9.57,1
5144,DECODE,134,0,134,2393.76,9.47,1
5145,DECODE,134,0,134,2394.76,9.02,1
5146,DECODE,133,0,133,2394.52,9.61,1
5147,DECODE,133,0,133,2395.52,9.46,1
5148,DECODE,132,0,132,2395.27,9.03,1
5149,DECODE,132,0,132,2396.27,8.67,1
5150,DECODE,132,0,132,2397.27,8.69,1
5151,DECODE,132,0,132,2398.27,8.71,1
5152,DECODE,132,0,132,2399.27,8.76,1
5153,DECODE,131,0,131,2399.05,8.68,1
5154,DECODE,130,0,130,2398.81,8.86,1
5155,DECODE,129,0,129,2398.56,8.80,1
5156,DECODE,129,0,129,2399.56,8.70,1
5157,DECODE,129,0,129,2400.56,8.58,1
5158,DECODE,129,0,129,2401.56,8.55,1
5159,DECODE,129,0,129,2402.56,8.97,1
5160,DECODE,129,0,129,2403.56,8.84,1
5161,DECODE,129,0,129,2404.56,8.52,1
5162,DECODE,129,0,129,2405.56,8.61,1
5163,DECODE,128,0,128,2405.35,8.71,1
5164,DECODE,128,0,128,2406.35,8.57,1
5165,DECODE,128,0,128,2407.35,8.44,1
5166,DECODE,127,0,127,2407.15,8.65,1
5167,DECODE,127,0,127,2408.15,8.49,1
5168,DECODE,127,0,127,2409.15,8.46,1
5169,DECODE,127,0,127,2410.15,8.37,1
5170,DECODE,127,0,127,2411.15,8.51,1
5171,DECODE,126,0,126,2410.97,8.60,1
5172,DECODE,126,0,126,2411.97,8.32,1
5173,DECODE,125,0,125,2411.78,8.85,1
5174,DECODE,124,0,124,2411.59,8.67,1
5175,DECODE,123,0,123,2411.38,8.93,1
5176,DECODE,123,0,123,2412.38,8.50,1
5177,DECODE,123,0,123,2413.38,8.43,1
5178,DECODE,123,0,123,2414.38,8.74,1
5179,DECODE,123,0,123,2415.38,8.49,1
5180,DECODE,123,0,123,2416.38,8.45,1
5181,DECODE,123,0,123,2417.38,8.48,1
5182,DECODE,122,0,122,2417.21,8.93,1
5183,DECODE,122,0,122,2418.21,8.58,1
5184,DECODE,122,0,122,2419.21,8.44,1
5185,DECODE,121,0,121,2419.05,8.89,1
5186,DECODE,120,0,120,2418.88,8.84,1
5187,DECODE,120,0,120,2419.88,8.41,1
5188,DECODE,120,0,120,2420.88,8.34,1
5189,DECODE,120,0,120,2421.88,8.34,1
5190,DECODE,120,0,120,2422.88,8.30,1
5191,DECODE,119,0,119,2422.72,8.85,1
5192,DECODE,119,0,119,2423.72,8.33,1
5193,DECODE,117,0,117,2422.39,8.85,1
5194,DECODE,116,0,116,2422.21,8.86,1
5195,DECODE,114,0,114,2420.79,8.39,1
5196,DECODE,114,0,114,2421.79,8.17,1
5197,DECODE,113,0,113,2421.57,8.30,1
5198,DECODE,113,0,113,2422.57,8.17,1
5199,DECODE,113,0,113,2423.57,8.13,1
5200,DECODE,112,0,112,2423.35,8.24,1
5201,DECODE,112,0,112,2424.35,7.97,1
5202,DECODE,112,0,112,2425.35,7.95,1
5203,DECODE,112,0,112,2426.35,8.25,1
5204,DECODE,111,0,111,2426.14,8.36,1
5205,DECODE,109,0,109,2424.69,8.50,1
5206,DECODE,109,0,109,2425.69,8.07,1
5207,DECODE,109,0,109,2426.69,8.08,1
5208,DECODE,109,0,109,2427.69,8.08,1
5209,DECODE,106,0,106,2424.94,8.45,1
5210,DECODE,105,0,105,2424.66,8.38,1
5211,DECODE,105,0,105,2425.66,8.03,1
5212,DECODE,105,0,105,2426.66,7.98,1
5213,DECODE,104,0,104,2426.38,8.28,1
5214,DECODE,104,0,104,2427.38,7.93,1
5215,DECODE,103,0,103,2427.09,8.13,1
5216,DECODE,103,0,103,2428.09,8.06,1
5217,DECODE,102,0,102,2427.79,8.09,1
5218,DECODE,102,0,102,2428.79,7.92,1
5219,DECODE,101,0,101,2428.50,8.11,1
5220,DECODE,101,0,101,2429.50,7.94,1
5221,DECODE,99,0,99,2427.86,8.13,1
5222,DECODE,99,0,99,2428.86,7.94,1
5223,DECODE,98,0,98,2428.52,8.19,1
5224,DECODE,98,0,98,2429.52,7.96,1
5225,DECODE,98,0,98,2430.52,7.98,1
5226,DECODE,98,0,98,2431.52,7.97,1
5227,DECODE,98,0,98,2432.52,7.86,1
5228,DECODE,97,0,97,2432.21,7.85,1
5229,DECODE,96,0,96,2431.88,8.11,1
5230,DECODE,96,0,96,2432.88,7.91,1
5231,DECODE,95,0,95,2432.54,8.10,1
5232,DECODE,95,0,95,2433.54,7.88,1
5233,DECODE,94,0,94,2433.19,8.16,1
5234,DECODE,94,0,94,2434.19,7.98,1
5235,DECODE,94,0,94,2435.19,7.81,1
5236,DECODE,93,0,93,2434.85,8.15,1
5237,DECODE,93,0,93,2435.85,7.82,1
5238,DECODE,93,0,93,2436.85,7.76,1
5239,DECODE,93,0,93,2437.85,8.63,1
5240,DECODE,93,0,93,2438.85,7.94,1
5241,DECODE,93,0,93,2439.85,7.90,1
5242,DECODE,92,0,92,2439.54,7.91,1
5243,DECODE,92,0,92,2440.54,7.88,1
5244,DECODE,91,0,91,2440.23,8.19,1
5245,DECODE,91,0,91,2441.23,7.87,1
5246,DECODE,90,0,90,2440.91,8.20,1
5247,DECODE,89,0,89,2440.57,8.20,1
5248,DECODE,89,0,89,2441.57,7.94,1
5249,DECODE,89,0,89,2442.57,7.77,1
5250,DECODE,89,0,89,2443.57,7.94,1
5251,DECODE,89,0,89,2444.57,7.78,1
5252,DECODE,88,0,88,2444.26,8.12,1
5253,DECODE,88,0,88,2445.26,7.84,1
5254,DECODE,88,0,88,2446.26,7.85,1
5255,DECODE,88,0,88,2447.26,7.74,1
5256,DECODE,88,0,88,2448.26,7.83,1
5257,DECODE,88,0,88,2449.26,7.80,1
5258,DECODE,87,0,87,2448.99,8.06,1
5259,DECODE,87,0,87,2449.99,7.80,1
5260,DECODE,87,0,87,2450.99,7.97,1
5261,DECODE,87,0,87,2451.99,7.76,1
5262,DECODE,85,0,85,2450.45,8.05,1
5263,DECODE,83,0,83,2448.81,8.03,1
5264,DECODE,83,0,83,2449.81,7.90,1
5265,DECODE,83,0,83,2450.81,7.85,1
5266,DECODE,81,0,81,2449.11,8.09,1
5267,DECODE,81,0,81,2450.11,7.86,1
5268,DECODE,81,0,81,2451.11,7.95,1
5269,DECODE,81,0,81,2452.11,8.00,1
5270,DECODE,80,0,80,2451.76,8.12,1
5271,DECODE,80,0,80,2452.76,8.02,1
5272,DECODE,79,0,79,2452.41,8.27,1
5273,DECODE,78,0,78,2452.03,8.12,1
5274,DECODE,78,0,78,2453.03,8.07,1
5275,DECODE,78,0,78,2454.03,7.73,1
5276,DECODE,77,0,77,2453.65,7.99,1
5277,DECODE,76,0,76,2453.25,7.97,1
5278,DECODE,76,0,76,2454.25,7.92,1
5279,DECODE,76,0,76,2455.25,7.75,1
5280,DECODE,75,0,75,2454.85,8.52,1
5281,DECODE,75,0,75,2455.85,7.84,1
5282,DECODE,73,0,73,2454.00,8.16,1
5283,DECODE,72,0,72,2453.53,8.03,1
5284,DECODE,72,0,72,2454.53,7.79,1
5285,DECODE,72,0,72,2455.53,7.76,1
5286,DECODE,71,0,71,2455.06,8.05,1
5287,DECODE,70,0,70,2454.56,7.97,1
5288,DECODE,70,0,70,2455.56,7.73,1
5289,DECODE,69,0,69,2455.04,7.98,1
5290,DECODE,69,0,69,2456.04,7.68,1
5291,DECODE,69,0,69,2457.04,7.73,1
5292,DECODE,69,0,69,2458.04,7.71,1
5293,DECODE,67,0,67,2456.00,7.86,1
5294,DECODE,67,0,67,2457.00,7.70,1
5295,DECODE,67,0,67,2458.00,7.68,1
5296,DECODE,67,0,67,2459.00,7.73,1
5297,DECODE,67,0,67,2460.00,7.63,1
5298,DECODE,67,0,67,2461.00,7.73,1
5299,DECODE,67,0,67,2462.00,7.63,1
5300,DECODE,66,0,66,2461.52,7.18,1
5301,DECODE,66,0,66,2462.52,6.71,1
5302,DECODE,66,0,66,2463.52,6.86,1
5303,DECODE,65,0,65,2463.03,6.96,1
5304,DECODE,64,0,64,2462.52,7.11,1
5305,DECODE,64,0,64,2463.52,6.68,1
5306,DECODE,64,0,64,2464.52,6.68,1
5307,DECODE,64,0,64,2465.52,6.65,1
5308,DECODE,64,0,64,2466.52,6.40,1
5309,DECODE,64,0,64,2467.52,5.78,1
5310,DECODE,64,0,64,2468.52,6.68,1
5311,DECODE,62,0,62,2466.56,6.77,1
5312,DECODE,62,0,62,2467.56,6.61,1
5313,DECODE,62,0,62,2468.56,6.97,1
5314,DECODE,62,0,62,2469.56,6.25,1
5315,DECODE,61,0,61,2469.08,6.75,1
5316,DECODE,61,0,61,2470.08,6.69,1
5317,DECODE,59,0,59,2468.03,5.68,1
5318,DECODE,58,0,58,2467.45,5.77,1
5319,DECODE,58,0,58,2468.45,5.67,1
5320,DECODE,58,0,58,2469.45,5.57,1
5321,DECODE,58,0,58,2470.45,5.68,1
5322,DECODE,58,0,58,2471.45,5.70,1
5323,DECODE,58,0,58,2472.45,5.66,1
5324,DECODE,58,0,58,2473.45,5.71,1
5325,DECODE,58,0,58,2474.45,5.70,1
5326,DECODE,57,0,57,2473.95,5.81,1
5327,DECODE,57,0,57,2474.95,5.68,1
5328,DECODE,57,0,57,2475.95,5.76,1
5329,DECODE,56,0,56,2475.45,5.52,1
5330,DECODE,55,0,55,2474.91,5.55,1
5331,DECODE,53,0,53,2472.70,5.54,1
5332,DECODE,52,0,52,2472.02,6.34,1
5333,DECODE,52,0,52,2473.02,6.03,1
5334,DECODE,52,0,52,2474.02,5.90,1
5335,DECODE,52,0,52,2475.02,5.89,1
5336,DECODE,50,0,50,2472.62,6.13,1
5337,DECODE,50,0,50,2473.62,5.97,1
5338,DECODE,50,0,50,2474.62,5.85,1
5339,DECODE,50,0,50,2475.62,6.04,1
5340,DECODE,50,0,50,2476.62,6.92,1
5341,DECODE,50,0,50,2477.62,6.39,1
5342,DECODE,50,0,50,2478.62,6.32,1
5343,DECODE,49,0,49,2477.96,6.45,1
5344,DECODE,49,0,49,2478.96,6.24,1
5345,DECODE,46,0,46,2474.67,6.45,1
5346,DECODE,44,0,44,2471.80,6.52,1
5347,DECODE,44,0,44,2472.80,6.34,1
5348,DECODE,42,0,42,2469.64,6.05,1
5349,DECODE,42,0,42,2470.64,5.74,1
5350,DECODE,42,0,42,2471.64,5.70,1
5351,DECODE,42,0,42,2472.64,5.80,1
5352,DECODE,42,0,42,2473.64,5.82,1
5353,DECODE,42,0,42,2474.64,5.75,1
5354,DECODE,42,0,42,2475.64,5.48,1
5355,DECODE,42,0,42,2476.64,5.47,1
5356,DECODE,42,0,42,2477.64,5.90,1
5357,DECODE,41,0,41,2476.63,5.39,1
5358,DECODE,40,0,40,2475.55,5.43,1
5359,DECODE,39,0,39,2474.38,5.30,1
5360,DECODE,38,0,38,2473.13,5.35,1
5361,DECODE,38,0,38,2474.13,5.15,1
5362,DECODE,38,0,38,2475.13,5.18,1
5363,DECODE,38,0,38,2476.13,5.18,1
5364,DECODE,38,0,38,2477.13,5.17,1
5365,DECODE,38,0,38,2478.13,5.17,1
5366,DECODE,38,0,38,2479.13,5.16,1
5367,DECODE,38,0,38,2480.13,5.18,1
5368,DECODE,37,0,37,2478.97,5.22,1
5369,DECODE,37,0,37,2479.97,6.05,1
5370,DECODE,36,0,36,2478.75,6.09,1
5371,DECODE,36,0,36,2479.75,5.88,1
5372,DECODE,36,0,36,2480.75,5.91,1
5373,DECODE,35,0,35,2479.49,6.16,1
5374,DECODE,35,0,35,2480.49,5.95,1
5375,DECODE,35,0,35,2481.49,5.95,1
5376,DECODE,35,0,35,2482.49,5.98,1
5377,DECODE,35,0,35,2483.49,5.91,1
5378,DECODE,35,0,35,2484.49,5.99,1
5379,DECODE,35,0,35,2485.49,5.89,1
5380,DECODE,35,0,35,2486.49,5.92,1
5381,DECODE,35,0,35,2487.49,5.90,1
5382,DECODE,35,0,35,2488.49,5.96,1
5383,DECODE,35,0,35,2489.49,5.93,1
5384,DECODE,35,0,35,2490.49,5.98,1
5385,DECODE,35,0,35,2491.49,5.96,1
5386,DECODE,35,0,35,2492.49,5.94,1
5387,DECODE,35,0,35,2493.49,5.93,1
5388,DECODE,34,0,34,2492.53,6.06,1
5389,DECODE,34,0,34,2493.53,5.97,1
5390,DECODE,34,0,34,2494.53,6.08,1
5391,DECODE,34,0,34,2495.53,5.98,1
5392,DECODE,34,0,34,2496.53,5.93,1
5393,DECODE,34,0,34,2497.53,5.99,1
5394,DECODE,33,0,33,2496.64,5.74,1
5395,DECODE,33,0,33,2497.64,5.57,1
5396,DECODE,33,0,33,2498.64,5.59,1
5397,DECODE,33,0,33,2499.64,5.51,1
5398,DECODE,32,0,32,2498.75,5.61,1
5399,DECODE,32,0,32,2499.75,5.32,1
5400,DECODE,31,0,31,2498.81,5.51,1
5401,DECODE,31,0,31,2499.81,5.37,1
5402,DECODE,31,0,31,2500.81,5.61,1
5403,DECODE,31,0,31,2501.81,5.42,1
5404,DECODE,31,0,31,2502.81,5.43,1
5405,DECODE,31,0,31,2503.81,5.40,1
5406,DECODE,31,0,31,2504.81,5.40,1
5407,DECODE,31,0,31,2505.81,5.50,1
5408,DECODE,31,0,31,2506.81,5.37,1
5409,DECODE,31,0,31,2507.81,5.38,1
5410,DECODE,31,0,31,2508.81,5.41,1
5411,DECODE,30,0,30,2508.10,5.59,1
5412,DECODE,30,0,30,2509.10,5.38,1
5413,DECODE,30,0,30,2510.10,5.40,1
5414,DECODE,30,0,30,2511.10,5.35,1
5415,DECODE,29,0,29,2510.41,5.55,1
5416,DECODE,29,0,29,2511.41,5.21,1
5417,DECODE,29,0,29,2512.41,5.38,1
5418,DECODE,29,0,29,2513.41,5.38,1
5419,DECODE,29,0,29,2514.41,5.32,1
5420,DECODE,29,0,29,2515.41,5.39,1
5421,DECODE,29,0,29,2516.41,5.33,1
5422,DECODE,29,0,29,2517.41,5.39,1
5423,DECODE,29,0,29,2518.41,5.36,1
5424,DECODE,29,0,29,2519.41,5.46,1
5425,DECODE,29,0,29,2520.41,5.38,1
5426,DECODE,29,0,29,2521.41,5.39,1
5427,DECODE,29,0,29,2522.41,5.37,1
5428,DECODE,27,0,27,2520.63,5.47,1
5429,DECODE,26,0,26,2520.12,5.68,1
5430,DECODE,26,0,26,2521.12,5.52,1
5431,DECODE,26,0,26,2522.12,5.50,1
5432,DECODE,26,0,26,2523.12,5.53,1
5433,DECODE,26,0,26,2524.12,5.56,1
5434,DECODE,26,0,26,2525.12,5.52,1
5435,DECODE,26,0,26,2526.12,5.51,1
5436,DECODE,26,0,26,2527.12,5.52,1
5437,DECODE,26,0,26,2528.12,5.54,1
5438,DECODE,26,0,26,2529.12,5.56,1
5439,DECODE,25,0,25,2528.88,5.71,1
5440,DECODE,25,0,25,2529.88,5.48,1
5441,DECODE,25,0,25,2530.88,5.52,1
5442,DECODE,21,0,21,2526.33,5.34,1
5443,DECODE,21,0,21,2527.33,5.06,1
5444,DECODE,21,0,21,2528.33,5.09,1
5445,DECODE,21,0,21,2529.33,4.77,1
5446,DECODE,20,0,20,2528.80,5.11,1
5447,DECODE,18,0,18,2526.33,5.10,1
5448,DECODE,17,0,17,2525.35,5.36,1
5449,DECODE,16,0,16,2524.19,5.05,1
5450,DECODE,15,0,15,2522.80,4.99,1
5451,DECODE,14,0,14,2521.14,4.93,1
5452,DECODE,14,0,14,2522.14,4.86,1
5453,DECODE,13,0,13,2520.23,4.19,1
5454,DECODE,13,0,13,2521.23,4.02,1
5455,DECODE,11,0,11,2515.18,4.12,1
5456,DECODE,11,0,11,2516.18,3.85,1
5457,DECODE,11,0,11,2517.18,3.85,1
5458,DECODE,10,0,10,2513.90,3.93,1
5459,DECODE,10,0,10,2514.90,3.79,1
5460,DECODE,10,0,10,2515.90,3.80,1
5461,DECODE,10,0,10,2516.90,3.76,1
5462,DECODE,10,0,10,2517.90,3.77,1
5463,DECODE,10,0,10,2518.90,3.77,1
5464,DECODE,10,0,10,2519.90,3.79,1
5465,DECODE,10,0,10,2520.90,3.77,1
5466,DECODE,9,0,9,2517.56,3.90,1
5467,DECODE,9,0,9,2518.56,3.71,1
5468,DECODE,9,0,9,2519.56,3.73,1
5469,DECODE,9,0,9,2520.56,3.76,1
5470,DECODE,8,0,8,2516.62,3.75,1
5471,DECODE,8,0,8,2517.62,3.56,1
5472,DECODE,8,0,8,2518.62,3.58,1
5473,DECODE,8,0,8,2519.62,3.58,1
5474,DECODE,8,0,8,2520.62,3.57,1
5475,DECODE,8,0,8,2521.62,3.55,1
5476,DECODE,8,0,8,2522.62,3.56,1
5477,DECODE,8,0,8,2523.62,3.56,1
5478,DECODE,8,0,8,2524.62,3.58,1
5479,DECODE,8,0,8,2525.62,3.62,1
5480,DECODE,8,0,8,2526.62,3.69,1
5481,DECODE,8,0,8,2527.62,4.25,1
5482,DECODE,8,0,8,2528.62,5.09,1
5483,DECODE,8,0,8,2529.62,3.71,1
5484,DECODE,7,0,7,2526.29,3.67,1
5485,DECODE,7,0,7,2527.29,3.55,1
5486,DECODE,7,0,7,2528.29,3.60,1
5487,DECODE,7,0,7,2529.29,3.61,1
5488,DECODE,7,0,7,2530.29,3.60,1
5489,DECODE,7,0,7,2531.29,3.57,1
5490,DECODE,7,0,7,2532.29,3.60,1
5491,DECODE,7,0,7,2533.29,3.58,1
5492,DECODE,7,0,7,2534.29,3.61,1
5493,DECODE,7,0,7,2535.29,3.58,1
5494,DECODE,7,0,7,2536.29,3.57,1
5495,DECODE,7,0,7,2537.29,3.61,1
5496,DECODE,7,0,7,2538.29,3.53,1
5497,DECODE,7,0,7,2539.29,3.59,1
5498,DECODE,7,0,7,2540.29,4.15,1
5499,DECODE,6,0,6,2538.00,4.48,1
5500,DECODE,6,0,6,2539.00,4.37,1
5501,DECODE,6,0,6,2540.00,4.26,1
5502,DECODE,6,0,6,2541.00,4.36,1
5503,DECODE,5,0,5,2538.20,4.52,1
5504,DECODE,5,0,5,2539.20,4.33,1
5505,DECODE,5,0,5,2540.20,4.36,1
5506,DECODE,5,0,5,2541.20,4.35,1
5507,DECODE,5,0,5,2542.20,4.34,1
5508,DECODE,5,0,5,2543.20,4.29,1
5509,DECODE,5,0,5,2544.20,4.37,1
5510,DECODE,4,0,4,2541.25,5.13,1
5511,DECODE,4,0,4,2542.25,4.29,1
5512,DECODE,4,0,4,2543.25,4.20,1
5513,DECODE,4,0,4,2544.25,4.15,1
5514,DECODE,3,0,3,2540.00,4.52,1
5515,DECODE,3,0,3,2541.00,4.19,1
5516,DECODE,2,0,2,2532.50,4.34,1
5517,DECODE,2,0,2,2533.50,4.14,1
5518,DECODE,2,0,2,2534.50,4.09,1
5519,DECODE,2,0,2,2535.50,4.05,1
5520,DECODE,2,0,2,2536.50,3.40,1
5521,DECODE,2,0,2,2537.50,3.33,1
5522,DECODE,2,0,2,2538.50,3.31,1
5523,DECODE,2,0,2,2539.50,3.35,1
5524,DECODE,2,0,2,2540.50,3.30,1
5525,DECODE,2,0,2,2541.50,3.32,1
5526,DECODE,2,0,2,2542.50,3.32,1
5527,DECODE,2,0,2,2543.50,3.36,1
5528,DECODE,2,0,2,2544.50,3.37,1
5529,DECODE,2,0,2,2545.50,3.36,1
5530,DECODE,2,0,2,2546.50,3.36,1
5531,DECODE,2,0,2,2547.50,3.34,1
5532,DECODE,2,0,2,2548.50,3.35,1
5533,DECODE,2,0,2,2549.50,3.34,1
5534,DECODE,2,0,2,2550.50,3.31,1
5535,DECODE,2,0,2,2551.50,3.36,1
5536,DECODE,2,0,2,2552.50,3.35,1
5537,DECODE,2,0,2,2553.50,3.35,1
5538,DECODE,2,0,2,2554.50,3.34,1
5539,DECODE,2,0,2,2555.50,3.36,1
5540,DECODE,2,0,2,2556.50,3.40,1
5541,DECODE,2,0,2,2557.50,3.34,1
5542,DECODE,2,0,2,2558.50,3.32,1
5543,DECODE,1,0,1,2558.00,3.28,1
5544,DECODE,1,0,1,2559.00,3.20,1
5545,DECODE,1,0,1,2560.00,3.22,1
