pass_id,mode,batch_size,prefill_tokens,decode_tokens,avg_seq_len,forward_time_ms,global_step
1,EXTEND,3,201,0,67.00,1866.98,1
2,EXTEND,93,7947,0,85.45,53.93,1
3,DECODE,96,0,96,85.88,17.70,1
4,DECODE,96,0,96,86.88,3.88,1
5,DECODE,96,0,96,87.88,3.85,1
6,DECODE,96,0,96,88.88,3.80,1
7,DECODE,96,0,96,89.88,3.77,1
8,DECODE,96,0,96,90.88,3.79,1
9,DECODE,96,0,96,91.88,3.75,1
10,DECODE,96,0,96,92.88,3.77,1
11,DECODE,96,0,96,93.88,3.77,1
12,DECODE,96,0,96,94.88,3.79,1
13,DECODE,96,0,96,95.88,4.62,1
14,DECODE,96,0,96,96.88,3.72,1
15,DECODE,96,0,96,97.88,3.78,1
16,DECODE,96,0,96,98.88,3.81,1
17,DECODE,96,0,96,99.88,3.77,1
18,DECODE,96,0,96,100.88,3.80,1
19,DECODE,96,0,96,101.88,3.85,1
20,DECODE,96,0,96,102.88,3.79,1
21,DECODE,96,0,96,103.88,3.83,1
22,DECODE,96,0,96,104.88,3.79,1
23,DECODE,96,0,96,105.88,3.80,1
24,DECODE,96,0,96,106.88,3.78,1
25,DECODE,96,0,96,107.88,3.79,1
26,DECODE,96,0,96,108.88,3.78,1
27,DECODE,96,0,96,109.88,4.35,1
28,DECODE,96,0,96,110.88,4.28,1
29,DECODE,96,0,96,111.88,4.42,1
30,DECODE,96,0,96,112.88,4.27,1
31,DECODE,96,0,96,113.88,4.26,1
32,DECODE,96,0,96,114.88,4.61,1
33,DECODE,96,0,96,115.88,4.56,1
34,DECODE,96,0,96,116.88,4.63,1
35,DECODE,96,0,96,117.88,4.54,1
36,DECODE,96,0,96,118.88,4.68,1
37,DECODE,96,0,96,119.88,4.63,1
38,DECODE,96,0,96,120.88,4.63,1
39,DECODE,96,0,96,121.88,4.62,1
40,DECODE,96,0,96,122.88,4.57,1
41,DECODE,96,0,96,123.88,4.88,1
42,DECODE,96,0,96,124.88,4.60,1
43,DECODE,96,0,96,125.88,4.69,1
44,DECODE,96,0,96,126.88,4.59,1
45,DECODE,96,0,96,127.88,4.62,1
46,DECODE,96,0,96,128.88,4.53,1
47,DECODE,96,0,96,129.88,4.58,1
48,DECODE,96,0,96,130.88,4.61,1
49,DECODE,96,0,96,131.88,4.72,1
50,DECODE,96,0,96,132.88,4.59,1
51,DECODE,96,0,96,133.88,4.63,1
52,DECODE,96,0,96,134.88,4.57,1
53,DECODE,96,0,96,135.88,4.69,1
54,DECODE,96,0,96,136.88,4.65,1
55,DECODE,96,0,96,137.88,4.60,1
56,DECODE,96,0,96,138.88,4.62,1
57,EXTEND,2,218,0,112.00,41.46,1
58,EXTEND,30,2850,0,99.20,24.83,1
59,DECODE,128,0,128,130.16,5.35,1
60,DECODE,128,0,128,131.16,4.28,1
61,DECODE,128,0,128,132.16,4.25,1
62,DECODE,128,0,128,133.16,4.23,1
63,DECODE,128,0,128,134.16,4.33,1
64,DECODE,128,0,128,135.16,4.27,1
65,DECODE,128,0,128,136.16,4.25,1
66,DECODE,128,0,128,137.16,4.31,1
67,DECODE,128,0,128,138.16,4.32,1
68,DECODE,128,0,128,139.16,4.34,1
69,DECODE,128,0,128,140.16,4.69,1
70,DECODE,128,0,128,141.16,4.32,1
71,DECODE,128,0,128,142.16,4.86,1
72,DECODE,128,0,128,143.16,4.83,1
73,DECODE,128,0,128,144.16,4.92,1
74,DECODE,128,0,128,145.16,4.74,1
75,DECODE,128,0,128,146.16,4.80,1
76,DECODE,128,0,128,147.16,4.73,1
77,DECODE,128,0,128,148.16,4.95,1
78,DECODE,128,0,128,149.16,4.85,1
79,DECODE,128,0,128,150.16,5.01,1
80,DECODE,128,0,128,151.16,5.00,1
81,DECODE,128,0,128,152.16,5.00,1
82,DECODE,128,0,128,153.16,5.01,1
83,DECODE,128,0,128,154.16,5.03,1
84,DECODE,128,0,128,155.16,4.52,1
85,DECODE,128,0,128,156.16,5.03,1
86,DECODE,128,0,128,157.16,4.98,1
87,DECODE,128,0,128,158.16,4.99,1
88,DECODE,128,0,128,159.16,5.00,1
89,DECODE,128,0,128,160.16,6.40,1
90,DECODE,128,0,128,161.16,5.61,1
91,DECODE,128,0,128,162.16,5.05,1
92,DECODE,128,0,128,163.16,5.11,1
93,DECODE,128,0,128,164.16,5.13,1
94,DECODE,128,0,128,165.16,5.03,1
95,DECODE,128,0,128,166.16,5.06,1
96,DECODE,128,0,128,167.16,5.03,1
97,DECODE,128,0,128,168.16,5.06,1
98,DECODE,128,0,128,169.16,5.05,1
99,DECODE,128,0,128,170.16,5.01,1
100,DECODE,128,0,128,171.16,5.08,1
101,DECODE,128,0,128,172.16,5.01,1
102,DECODE,128,0,128,173.16,5.02,1
103,DECODE,128,0,128,174.16,5.03,1
104,DECODE,128,0,128,175.16,5.03,1
105,DECODE,128,0,128,176.16,5.06,1
106,DECODE,128,0,128,177.16,5.09,1
107,DECODE,128,0,128,178.16,5.03,1
108,DECODE,128,0,128,179.16,5.10,1
109,DECODE,128,0,128,180.16,5.03,1
110,DECODE,128,0,128,181.16,5.06,1
111,DECODE,128,0,128,182.16,5.07,1
112,DECODE,128,0,128,183.16,4.97,1
113,DECODE,128,0,128,184.16,5.05,1
114,DECODE,128,0,128,185.16,5.05,1
115,DECODE,128,0,128,186.16,5.06,1
116,DECODE,128,0,128,187.16,5.07,1
117,DECODE,128,0,128,188.16,5.07,1
118,DECODE,128,0,128,189.16,5.08,1
119,EXTEND,13,1713,0,137.08,42.73,1
120,EXTEND,19,1483,0,83.05,24.36,1
121,DECODE,160,0,160,173.32,5.68,1
122,DECODE,160,0,160,174.32,4.68,1
123,DECODE,160,0,160,175.32,4.63,1
124,DECODE,160,0,160,176.32,4.64,1
125,DECODE,160,0,160,177.32,4.57,1
126,DECODE,160,0,160,178.32,4.61,1
127,DECODE,160,0,160,179.32,4.60,1
128,DECODE,160,0,160,180.32,4.98,1
129,DECODE,160,0,160,181.32,5.03,1
130,DECODE,160,0,160,182.32,4.79,1
131,DECODE,160,0,160,183.32,5.07,1
132,DECODE,160,0,160,184.32,5.13,1
133,DECODE,160,0,160,185.32,5.12,1
134,DECODE,160,0,160,186.32,5.21,1
135,DECODE,160,0,160,187.32,5.16,1
136,DECODE,160,0,160,188.32,5.18,1
137,DECODE,160,0,160,189.32,5.13,1
138,DECODE,160,0,160,190.32,5.16,1
139,DECODE,160,0,160,191.32,5.17,1
140,DECODE,160,0,160,192.32,5.24,1
141,DECODE,160,0,160,193.32,5.39,1
142,DECODE,160,0,160,194.32,5.42,1
143,DECODE,160,0,160,195.32,5.39,1
144,DECODE,160,0,160,196.32,5.39,1
145,DECODE,160,0,160,197.32,5.48,1
146,DECODE,160,0,160,198.32,5.47,1
147,DECODE,160,0,160,199.32,5.48,1
148,DECODE,160,0,160,200.32,5.45,1
149,DECODE,160,0,160,201.32,5.49,1
150,DECODE,160,0,160,202.32,5.49,1
151,DECODE,160,0,160,203.32,5.55,1
152,DECODE,160,0,160,204.32,5.48,1
153,DECODE,160,0,160,205.32,5.52,1
154,DECODE,160,0,160,206.32,5.59,1
155,DECODE,160,0,160,207.32,5.52,1
156,DECODE,160,0,160,208.32,4.78,1
157,DECODE,160,0,160,209.32,4.76,1
158,DECODE,160,0,160,210.32,4.74,1
159,DECODE,160,0,160,211.32,4.79,1
160,DECODE,160,0,160,212.32,4.77,1
161,DECODE,160,0,160,213.32,4.81,1
162,DECODE,160,0,160,214.32,4.78,1
163,DECODE,160,0,160,215.32,4.74,1
164,DECODE,160,0,160,216.32,4.82,1
165,DECODE,160,0,160,217.32,4.73,1
166,DECODE,160,0,160,218.32,4.73,1
167,DECODE,160,0,160,219.32,4.84,1
168,DECODE,160,0,160,220.32,4.76,1
169,DECODE,160,0,160,221.32,4.74,1
170,EXTEND,1,78,0,82.00,27.81,1
171,EXTEND,31,2458,0,83.42,24.78,1
172,DECODE,192,0,192,199.33,6.20,1
173,DECODE,192,0,192,200.33,4.89,1
174,DECODE,192,0,192,201.33,4.88,1
175,DECODE,192,0,192,202.33,4.88,1
176,DECODE,192,0,192,203.33,4.87,1
177,DECODE,192,0,192,204.33,4.99,1
178,DECODE,192,0,192,205.33,4.91,1
179,DECODE,192,0,192,206.33,4.83,1
180,DECODE,192,0,192,207.33,4.97,1
181,DECODE,192,0,192,208.33,4.92,1
182,DECODE,192,0,192,209.33,4.91,1
183,DECODE,192,0,192,210.33,5.03,1
184,DECODE,192,0,192,211.33,4.96,1
185,DECODE,192,0,192,212.33,4.80,1
186,DECODE,192,0,192,213.33,4.88,1
187,DECODE,192,0,192,214.33,4.85,1
188,DECODE,192,0,192,215.33,4.93,1
189,DECODE,192,0,192,216.33,4.88,1
190,DECODE,192,0,192,217.33,4.86,1
191,DECODE,192,0,192,218.33,4.93,1
192,EXTEND,8,562,0,75.38,26.24,1
193,EXTEND,24,1642,0,73.38,28.22,1
194,DECODE,224,0,224,198.70,6.33,1
195,DECODE,224,0,224,199.70,5.32,1
196,DECODE,224,0,224,200.70,5.34,1
197,DECODE,224,0,224,201.70,5.37,1
198,DECODE,224,0,224,202.70,5.41,1
199,EXTEND,2,99,0,53.50,28.32,1
200,EXTEND,30,3069,0,106.17,24.08,1
201,DECODE,256,0,256,191.22,6.92,1
202,DECODE,256,0,256,192.22,5.86,1
203,DECODE,256,0,256,193.22,5.81,1
204,DECODE,256,0,256,194.22,5.79,1
205,DECODE,256,0,256,195.22,5.82,1
206,DECODE,256,0,256,196.22,5.79,1
207,DECODE,256,0,256,197.22,5.79,1
208,DECODE,256,0,256,198.22,5.79,1
209,DECODE,256,0,256,199.22,5.77,1
210,DECODE,256,0,256,200.22,5.84,1
211,DECODE,256,0,256,201.22,5.82,1
212,DECODE,256,0,256,202.22,5.81,1
213,DECODE,256,0,256,203.22,5.70,1
214,DECODE,256,0,256,204.22,6.29,1
215,DECODE,256,0,256,205.22,6.71,1
216,DECODE,256,0,256,206.22,6.60,1
217,DECODE,256,0,256,207.22,6.75,1
218,DECODE,256,0,256,208.22,5.97,1
219,DECODE,256,0,256,209.22,6.01,1
220,DECODE,256,0,256,210.22,6.01,1
221,DECODE,256,0,256,211.22,6.03,1
222,DECODE,256,0,256,212.22,5.99,1
223,DECODE,256,0,256,213.22,6.03,1
224,DECODE,256,0,256,214.22,6.00,1
225,DECODE,256,0,256,215.22,6.06,1
226,DECODE,256,0,256,216.22,6.02,1
227,DECODE,256,0,256,217.22,6.07,1
228,DECODE,256,0,256,218.22,6.10,1
229,DECODE,256,0,256,219.22,6.08,1
230,DECODE,256,0,256,220.22,6.07,1
231,DECODE,256,0,256,221.22,6.15,1
232,DECODE,256,0,256,222.22,6.14,1
233,DECODE,256,0,256,223.22,6.04,1
234,DECODE,256,0,256,224.22,6.69,1
235,DECODE,256,0,256,225.22,6.55,1
236,DECODE,256,0,256,226.22,6.53,1
237,DECODE,256,0,256,227.22,6.60,1
238,DECODE,256,0,256,228.22,6.91,1
239,DECODE,256,0,256,229.22,6.87,1
240,DECODE,256,0,256,230.22,6.84,1
241,DECODE,256,0,256,231.22,7.01,1
242,DECODE,256,0,256,232.22,6.92,1
243,DECODE,256,0,256,233.22,6.83,1
244,DECODE,256,0,256,234.22,6.87,1
245,DECODE,256,0,256,235.22,6.88,1
246,DECODE,256,0,256,236.22,6.94,1
247,DECODE,256,0,256,237.22,6.78,1
248,DECODE,256,0,256,238.22,6.85,1
249,DECODE,256,0,256,239.22,6.77,1
250,DECODE,256,0,256,240.22,6.85,1
251,DECODE,256,0,256,241.22,6.99,1
252,DECODE,256,0,256,242.22,6.94,1
253,DECODE,256,0,256,243.22,6.87,1
254,DECODE,256,0,256,244.22,6.90,1
255,DECODE,256,0,256,245.22,6.93,1
256,DECODE,256,0,256,246.22,6.78,1
257,DECODE,256,0,256,247.22,6.89,1
258,DECODE,256,0,256,248.22,6.88,1
259,DECODE,256,0,256,249.22,6.84,1
260,DECODE,256,0,256,250.22,7.01,1
261,DECODE,256,0,256,251.22,6.90,1
262,DECODE,256,0,256,252.22,6.93,1
263,DECODE,256,0,256,253.22,6.92,1
264,DECODE,256,0,256,254.22,6.91,1
265,DECODE,256,0,256,255.22,6.82,1
266,DECODE,256,0,256,256.22,6.88,1
267,DECODE,256,0,256,257.22,6.88,1
268,DECODE,256,0,256,258.22,6.83,1
269,DECODE,256,0,256,259.22,6.84,1
270,DECODE,256,0,256,260.22,6.81,1
271,DECODE,256,0,256,261.22,6.76,1
272,DECODE,256,0,256,262.22,6.79,1
273,DECODE,256,0,256,263.22,6.87,1
274,DECODE,256,0,256,264.22,6.83,1
275,DECODE,256,0,256,265.22,6.87,1
276,DECODE,256,0,256,266.22,6.85,1
277,DECODE,256,0,256,267.22,6.86,1
278,DECODE,256,0,256,268.22,6.89,1
279,DECODE,256,0,256,269.22,6.89,1
280,DECODE,256,0,256,270.22,6.93,1
281,DECODE,256,0,256,271.22,6.95,1
282,DECODE,256,0,256,272.22,6.92,1
283,DECODE,256,0,256,273.22,6.96,1
284,DECODE,256,0,256,274.22,6.89,1
285,DECODE,256,0,256,275.22,6.82,1
286,DECODE,256,0,256,276.22,6.84,1
287,DECODE,256,0,256,277.22,6.91,1
288,DECODE,256,0,256,278.22,7.11,1
289,DECODE,256,0,256,279.22,6.91,1
290,DECODE,256,0,256,280.22,6.96,1
291,DECODE,256,0,256,281.22,6.96,1
292,DECODE,256,0,256,282.22,6.91,1
293,DECODE,256,0,256,283.22,6.90,1
294,DECODE,256,0,256,284.22,6.93,1
295,DECODE,256,0,256,285.22,7.01,1
296,DECODE,256,0,256,286.22,7.04,1
297,DECODE,256,0,256,287.22,7.00,1
298,DECODE,256,0,256,288.22,7.01,1
299,DECODE,256,0,256,289.22,6.93,1
300,DECODE,256,0,256,290.22,7.00,1
301,DECODE,256,0,256,291.22,6.96,1
302,DECODE,256,0,256,292.22,7.00,1
303,DECODE,256,0,256,293.22,6.99,1
304,DECODE,256,0,256,294.22,7.11,1
305,DECODE,256,0,256,295.22,7.08,1
306,DECODE,256,0,256,296.22,6.94,1
307,DECODE,256,0,256,297.22,6.91,1
308,DECODE,256,0,256,298.22,6.95,1
309,DECODE,256,0,256,299.22,7.02,1
310,DECODE,256,0,256,300.22,7.03,1
311,DECODE,256,0,256,301.22,6.92,1
312,DECODE,256,0,256,302.22,6.94,1
313,DECODE,256,0,256,303.22,6.95,1
314,DECODE,256,0,256,304.22,6.98,1
315,DECODE,256,0,256,305.22,6.93,1
316,DECODE,256,0,256,306.22,6.95,1
317,DECODE,256,0,256,307.22,6.93,1
318,DECODE,256,0,256,308.22,6.93,1
319,DECODE,256,0,256,309.22,6.93,1
320,DECODE,256,0,256,310.22,6.92,1
321,DECODE,256,0,256,311.22,6.97,1
322,DECODE,256,0,256,312.22,6.97,1
323,DECODE,256,0,256,313.22,6.97,1
324,DECODE,256,0,256,314.22,6.92,1
325,DECODE,256,0,256,315.22,6.90,1
326,DECODE,256,0,256,316.22,7.52,1
327,DECODE,256,0,256,317.22,7.54,1
328,DECODE,256,0,256,318.22,7.11,1
329,DECODE,256,0,256,319.22,6.98,1
330,DECODE,256,0,256,320.22,6.96,1
331,DECODE,256,0,256,321.22,7.00,1
332,DECODE,256,0,256,322.22,7.02,1
333,DECODE,256,0,256,323.22,7.04,1
334,DECODE,256,0,256,324.22,6.99,1
335,DECODE,256,0,256,325.22,7.08,1
336,DECODE,256,0,256,326.22,6.99,1
337,DECODE,256,0,256,327.22,7.05,1
338,DECODE,256,0,256,328.22,10.30,1
339,DECODE,256,0,256,329.22,7.12,1
340,DECODE,256,0,256,330.22,7.12,1
341,DECODE,256,0,256,331.22,7.09,1
342,DECODE,256,0,256,332.22,7.09,1
343,DECODE,256,0,256,333.22,7.11,1
344,DECODE,256,0,256,334.22,7.07,1
345,DECODE,256,0,256,335.22,7.10,1
346,DECODE,256,0,256,336.22,6.91,1
347,DECODE,256,0,256,337.22,7.00,1
348,DECODE,256,0,256,338.22,7.04,1
349,DECODE,256,0,256,339.22,7.16,1
350,DECODE,256,0,256,340.22,7.07,1
351,DECODE,256,0,256,341.22,6.94,1
352,DECODE,256,0,256,342.22,7.02,1
353,DECODE,256,0,256,343.22,7.11,1
354,DECODE,256,0,256,344.22,7.09,1
355,DECODE,256,0,256,345.22,7.06,1
356,DECODE,256,0,256,346.22,7.19,1
357,DECODE,256,0,256,347.22,7.22,1
358,DECODE,256,0,256,348.22,7.22,1
359,DECODE,256,0,256,349.22,7.11,1
360,DECODE,256,0,256,350.22,7.10,1
361,DECODE,256,0,256,351.22,7.09,1
362,DECODE,256,0,256,352.22,7.08,1
363,DECODE,256,0,256,353.22,7.00,1
364,DECODE,256,0,256,354.22,7.10,1
365,DECODE,256,0,256,355.22,7.16,1
366,DECODE,256,0,256,356.22,7.25,1
367,DECODE,256,0,256,357.22,7.00,1
368,DECODE,256,0,256,358.22,7.09,1
369,DECODE,256,0,256,359.22,7.12,1
370,DECODE,256,0,256,360.22,6.89,1
371,DECODE,256,0,256,361.22,7.13,1
372,DECODE,256,0,256,362.22,6.24,1
373,DECODE,256,0,256,363.22,6.22,1
374,DECODE,256,0,256,364.22,6.25,1
375,DECODE,256,0,256,365.22,6.29,1
376,DECODE,256,0,256,366.22,6.35,1
377,DECODE,256,0,256,367.22,6.28,1
378,DECODE,256,0,256,368.22,6.28,1
379,DECODE,256,0,256,369.22,6.24,1
380,DECODE,256,0,256,370.22,6.28,1
381,DECODE,256,0,256,371.22,6.28,1
382,DECODE,256,0,256,372.22,6.29,1
383,DECODE,256,0,256,373.22,6.36,1
384,DECODE,256,0,256,374.22,6.32,1
385,DECODE,256,0,256,375.22,6.33,1
386,DECODE,256,0,256,376.22,6.31,1
387,DECODE,256,0,256,377.22,6.32,1
388,DECODE,256,0,256,378.22,6.33,1
389,DECODE,256,0,256,379.22,6.28,1
390,DECODE,256,0,256,380.22,6.30,1
391,DECODE,256,0,256,381.22,6.30,1
392,DECODE,256,0,256,382.22,6.32,1
393,DECODE,256,0,256,383.22,6.31,1
394,DECODE,256,0,256,384.22,6.33,1
395,DECODE,256,0,256,385.22,6.26,1
396,DECODE,256,0,256,386.22,6.35,1
397,DECODE,256,0,256,387.22,6.37,1
398,DECODE,256,0,256,388.22,6.36,1
399,DECODE,256,0,256,389.22,6.39,1
400,DECODE,256,0,256,390.22,6.41,1
401,DECODE,256,0,256,391.22,6.41,1
402,DECODE,256,0,256,392.22,6.37,1
403,DECODE,256,0,256,393.22,6.36,1
404,DECODE,256,0,256,394.22,6.40,1
405,DECODE,256,0,256,395.22,6.39,1
406,DECODE,256,0,256,396.22,6.42,1
407,DECODE,256,0,256,397.22,6.42,1
408,DECODE,256,0,256,398.22,6.42,1
409,DECODE,256,0,256,399.22,6.49,1
410,DECODE,256,0,256,400.22,6.43,1
411,DECODE,256,0,256,401.22,6.45,1
412,DECODE,256,0,256,402.22,6.49,1
413,DECODE,256,0,256,403.22,6.38,1
414,DECODE,256,0,256,404.22,6.46,1
415,DECODE,256,0,256,405.22,6.44,1
416,DECODE,256,0,256,406.22,6.45,1
417,DECODE,256,0,256,407.22,6.46,1
418,DECODE,256,0,256,408.22,7.34,1
419,DECODE,256,0,256,409.22,7.03,1
420,DECODE,256,0,256,410.22,7.35,1
421,DECODE,256,0,256,411.22,7.36,1
422,DECODE,256,0,256,412.22,7.45,1
423,DECODE,256,0,256,413.22,7.25,1
424,DECODE,256,0,256,414.22,7.29,1
425,DECODE,256,0,256,415.22,7.23,1
426,DECODE,256,0,256,416.22,7.32,1
427,DECODE,256,0,256,417.22,7.38,1
428,DECODE,256,0,256,418.22,7.39,1
429,DECODE,256,0,256,419.22,7.36,1
430,DECODE,256,0,256,420.22,7.49,1
431,DECODE,256,0,256,421.22,7.42,1
432,DECODE,256,0,256,422.22,7.40,1
433,DECODE,256,0,256,423.22,7.41,1
434,DECODE,256,0,256,424.22,7.34,1
435,DECODE,256,0,256,425.22,7.35,1
436,DECODE,256,0,256,426.22,7.30,1
437,DECODE,256,0,256,427.22,7.37,1
438,DECODE,256,0,256,428.22,7.39,1
439,DECODE,256,0,256,429.22,7.37,1
440,DECODE,256,0,256,430.22,7.49,1
441,DECODE,256,0,256,431.22,7.15,1
442,DECODE,256,0,256,432.22,7.38,1
443,DECODE,256,0,256,433.22,7.36,1
444,DECODE,256,0,256,434.22,7.31,1
445,DECODE,256,0,256,435.22,7.36,1
446,DECODE,256,0,256,436.22,7.43,1
447,DECODE,256,0,256,437.22,7.38,1
448,DECODE,256,0,256,438.22,7.37,1
449,DECODE,256,0,256,439.22,7.43,1
450,DECODE,256,0,256,440.22,7.46,1
451,DECODE,256,0,256,441.22,7.87,1
452,DECODE,256,0,256,442.22,7.51,1
453,DECODE,256,0,256,443.22,7.47,1
454,DECODE,256,0,256,444.22,7.53,1
455,DECODE,256,0,256,445.22,7.50,1
456,DECODE,256,0,256,446.22,7.53,1
457,DECODE,256,0,256,447.22,7.51,1
458,DECODE,256,0,256,448.22,7.56,1
459,DECODE,256,0,256,449.22,7.51,1
460,DECODE,256,0,256,450.22,7.52,1
461,DECODE,256,0,256,451.22,7.53,1
462,DECODE,256,0,256,452.22,7.45,1
463,DECODE,256,0,256,453.22,8.06,1
464,DECODE,256,0,256,454.22,7.57,1
465,DECODE,256,0,256,455.22,7.52,1
466,DECODE,256,0,256,456.22,7.54,1
467,DECODE,256,0,256,457.22,7.98,1
468,DECODE,256,0,256,458.22,7.57,1
469,DECODE,256,0,256,459.22,7.57,1
470,DECODE,256,0,256,460.22,7.55,1
471,DECODE,256,0,256,461.22,7.57,1
472,DECODE,256,0,256,462.22,7.61,1
473,DECODE,256,0,256,463.22,7.57,1
474,DECODE,256,0,256,464.22,7.61,1
475,DECODE,256,0,256,465.22,7.55,1
476,DECODE,256,0,256,466.22,7.59,1
477,DECODE,256,0,256,467.22,7.57,1
478,DECODE,256,0,256,468.22,7.76,1
479,DECODE,256,0,256,469.22,7.60,1
480,DECODE,256,0,256,470.22,7.70,1
481,DECODE,256,0,256,471.22,7.65,1
482,DECODE,256,0,256,472.22,7.56,1
483,DECODE,256,0,256,473.22,7.59,1
484,DECODE,256,0,256,474.22,7.56,1
485,DECODE,256,0,256,475.22,7.63,1
486,DECODE,256,0,256,476.22,7.58,1
487,DECODE,256,0,256,477.22,7.36,1
488,DECODE,256,0,256,478.22,7.51,1
489,DECODE,256,0,256,479.22,7.62,1
490,DECODE,256,0,256,480.22,7.72,1
491,DECODE,256,0,256,481.22,7.61,1
492,DECODE,256,0,256,482.22,7.63,1
493,DECODE,256,0,256,483.22,8.44,1
494,DECODE,256,0,256,484.22,7.62,1
495,DECODE,256,0,256,485.22,7.74,1
496,DECODE,256,0,256,486.22,7.59,1
497,DECODE,256,0,256,487.22,7.57,1
498,DECODE,256,0,256,488.22,7.64,1
499,DECODE,256,0,256,489.22,7.65,1
500,DECODE,256,0,256,490.22,7.62,1
501,DECODE,256,0,256,491.22,7.68,1
502,DECODE,256,0,256,492.22,7.60,1
503,DECODE,256,0,256,493.22,7.66,1
504,DECODE,256,0,256,494.22,7.67,1
505,DECODE,256,0,256,495.22,7.62,1
506,DECODE,256,0,256,496.22,7.63,1
507,DECODE,256,0,256,497.22,7.68,1
508,DECODE,256,0,256,498.22,7.65,1
509,DECODE,256,0,256,499.22,7.61,1
510,DECODE,256,0,256,500.22,7.67,1
511,DECODE,256,0,256,501.22,7.75,1
512,DECODE,256,0,256,502.22,7.49,1
513,DECODE,256,0,256,503.22,7.61,1
514,DECODE,256,0,256,504.22,7.62,1
515,DECODE,256,0,256,505.22,7.68,1
516,DECODE,256,0,256,506.22,7.68,1
517,DECODE,256,0,256,507.22,7.62,1
518,DECODE,256,0,256,508.22,7.65,1
519,DECODE,256,0,256,509.22,7.71,1
520,DECODE,256,0,256,510.22,7.68,1
521,DECODE,256,0,256,511.22,7.66,1
522,DECODE,256,0,256,512.22,7.62,1
523,DECODE,256,0,256,513.22,7.63,1
524,DECODE,256,0,256,514.22,7.68,1
525,DECODE,256,0,256,515.22,7.67,1
526,DECODE,256,0,256,516.22,7.69,1
527,DECODE,256,0,256,517.22,7.69,1
528,DECODE,256,0,256,518.22,7.61,1
529,DECODE,256,0,256,519.22,7.62,1
530,DECODE,256,0,256,520.22,7.68,1
531,DECODE,256,0,256,521.22,7.86,1
532,DECODE,256,0,256,522.22,7.50,1
533,DECODE,256,0,256,523.22,7.32,1
534,DECODE,256,0,256,524.22,7.69,1
535,DECODE,256,0,256,525.22,7.63,1
536,DECODE,256,0,256,526.22,7.64,1
537,DECODE,256,0,256,527.22,7.61,1
538,DECODE,256,0,256,528.22,7.63,1
539,DECODE,256,0,256,529.22,7.69,1
540,DECODE,256,0,256,530.22,7.59,1
541,DECODE,256,0,256,531.22,7.63,1
542,DECODE,256,0,256,532.22,7.63,1
543,DECODE,256,0,256,533.22,7.66,1
544,DECODE,256,0,256,534.22,7.60,1
545,DECODE,256,0,256,535.22,7.69,1
546,DECODE,256,0,256,536.22,7.63,1
547,DECODE,256,0,256,537.22,7.67,1
548,DECODE,256,0,256,538.22,7.83,1
549,DECODE,256,0,256,539.22,7.73,1
550,DECODE,256,0,256,540.22,7.74,1
551,DECODE,256,0,256,541.22,7.67,1
552,DECODE,256,0,256,542.22,7.71,1
553,DECODE,256,0,256,543.22,7.81,1
554,DECODE,256,0,256,544.22,7.69,1
555,DECODE,256,0,256,545.22,7.67,1
556,DECODE,256,0,256,546.22,7.73,1
557,DECODE,256,0,256,547.22,7.68,1
558,DECODE,256,0,256,548.22,7.74,1
559,DECODE,256,0,256,549.22,7.71,1
560,DECODE,256,0,256,550.22,7.72,1
561,DECODE,256,0,256,551.22,7.67,1
562,DECODE,256,0,256,552.22,8.44,1
563,DECODE,256,0,256,553.22,7.72,1
564,DECODE,256,0,256,554.22,7.67,1
565,DECODE,256,0,256,555.22,7.70,1
566,DECODE,256,0,256,556.22,7.72,1
567,DECODE,256,0,256,557.22,7.75,1
568,DECODE,256,0,256,558.22,7.69,1
569,DECODE,256,0,256,559.22,7.76,1
570,DECODE,256,0,256,560.22,7.71,1
571,DECODE,256,0,256,561.22,7.73,1
572,DECODE,256,0,256,562.22,7.71,1
573,DECODE,256,0,256,563.22,7.78,1
574,DECODE,256,0,256,564.22,7.68,1
575,DECODE,256,0,256,565.22,7.83,1
576,DECODE,256,0,256,566.22,7.95,1
577,DECODE,256,0,256,567.22,7.97,1
578,DECODE,256,0,256,568.22,7.82,1
579,DECODE,256,0,256,569.22,7.88,1
580,DECODE,256,0,256,570.22,7.89,1
581,DECODE,256,0,256,571.22,7.91,1
582,DECODE,256,0,256,572.22,7.94,1
583,DECODE,256,0,256,573.22,7.89,1
584,DECODE,256,0,256,574.22,7.87,1
585,DECODE,256,0,256,575.22,7.94,1
586,DECODE,256,0,256,576.22,7.89,1
587,DECODE,256,0,256,577.22,7.84,1
588,DECODE,256,0,256,578.22,7.84,1
589,DECODE,256,0,256,579.22,7.95,1
590,DECODE,256,0,256,580.22,7.86,1
591,DECODE,256,0,256,581.22,7.96,1
592,DECODE,256,0,256,582.22,8.04,1
593,DECODE,256,0,256,583.22,7.90,1
594,DECODE,256,0,256,584.22,7.97,1
595,DECODE,256,0,256,585.22,8.01,1
596,DECODE,256,0,256,586.22,8.01,1
597,DECODE,256,0,256,587.22,7.93,1
598,DECODE,256,0,256,588.22,7.99,1
599,DECODE,256,0,256,589.22,7.95,1
600,DECODE,256,0,256,590.22,8.02,1
601,DECODE,256,0,256,591.22,8.03,1
602,DECODE,256,0,256,592.22,7.95,1
603,DECODE,256,0,256,593.22,7.82,1
604,DECODE,256,0,256,594.22,7.84,1
605,DECODE,256,0,256,595.22,7.83,1
606,DECODE,256,0,256,596.22,8.00,1
607,DECODE,256,0,256,597.22,7.82,1
608,DECODE,256,0,256,598.22,7.92,1
609,DECODE,256,0,256,599.22,7.84,1
610,DECODE,256,0,256,600.22,8.02,1
611,DECODE,256,0,256,601.22,7.75,1
612,DECODE,256,0,256,602.22,7.82,1
613,DECODE,256,0,256,603.22,8.02,1
614,DECODE,256,0,256,604.22,7.85,1
615,DECODE,256,0,256,605.22,7.83,1
616,DECODE,256,0,256,606.22,8.36,1
617,DECODE,256,0,256,607.22,7.87,1
618,DECODE,256,0,256,608.22,7.88,1
619,DECODE,256,0,256,609.22,7.93,1
620,DECODE,256,0,256,610.22,7.81,1
621,DECODE,256,0,256,611.22,7.88,1
622,DECODE,256,0,256,612.22,7.86,1
623,DECODE,256,0,256,613.22,8.03,1
624,DECODE,256,0,256,614.22,7.96,1
625,DECODE,256,0,256,615.22,7.89,1
626,DECODE,256,0,256,616.22,8.00,1
627,DECODE,256,0,256,617.22,7.91,1
628,DECODE,256,0,256,618.22,7.94,1
629,DECODE,256,0,256,619.22,7.99,1
630,DECODE,256,0,256,620.22,8.06,1
631,DECODE,256,0,256,621.22,7.93,1
632,DECODE,256,0,256,622.22,7.99,1
633,DECODE,256,0,256,623.22,8.05,1
634,DECODE,256,0,256,624.22,7.99,1
635,DECODE,256,0,256,625.22,8.00,1
636,DECODE,256,0,256,626.22,8.11,1
637,DECODE,256,0,256,627.22,7.85,1
638,DECODE,256,0,256,628.22,7.91,1
639,DECODE,256,0,256,629.22,8.07,1
640,DECODE,256,0,256,630.22,8.11,1
641,DECODE,256,0,256,631.22,8.01,1
642,DECODE,256,0,256,632.22,7.89,1
643,DECODE,256,0,256,633.22,8.06,1
644,DECODE,256,0,256,634.22,7.99,1
645,DECODE,256,0,256,635.22,7.90,1
646,DECODE,256,0,256,636.22,8.10,1
647,DECODE,256,0,256,637.22,8.09,1
648,DECODE,256,0,256,638.22,8.03,1
649,DECODE,256,0,256,639.22,8.04,1
650,DECODE,256,0,256,640.22,8.13,1
651,DECODE,256,0,256,641.22,8.16,1
652,DECODE,256,0,256,642.22,7.96,1
653,DECODE,256,0,256,643.22,8.06,1
654,DECODE,256,0,256,644.22,8.20,1
655,DECODE,256,0,256,645.22,8.05,1
656,DECODE,256,0,256,646.22,7.99,1
657,DECODE,256,0,256,647.22,8.24,1
658,DECODE,256,0,256,648.22,8.15,1
659,DECODE,256,0,256,649.22,8.07,1
660,DECODE,256,0,256,650.22,8.06,1
661,DECODE,256,0,256,651.22,8.02,1
662,DECODE,256,0,256,652.22,8.07,1
663,DECODE,256,0,256,653.22,8.13,1
664,DECODE,256,0,256,654.22,8.06,1
665,DECODE,256,0,256,655.22,8.21,1
666,DECODE,256,0,256,656.22,8.06,1
667,DECODE,256,0,256,657.22,8.09,1
668,DECODE,256,0,256,658.22,8.11,1
669,DECODE,256,0,256,659.22,8.19,1
670,DECODE,256,0,256,660.22,8.12,1
671,DECODE,256,0,256,661.22,8.08,1
672,DECODE,256,0,256,662.22,8.84,1
673,DECODE,256,0,256,663.22,8.15,1
674,DECODE,256,0,256,664.22,8.14,1
675,DECODE,256,0,256,665.22,8.18,1
676,DECODE,256,0,256,666.22,8.16,1
677,DECODE,256,0,256,667.22,8.16,1
678,DECODE,256,0,256,668.22,8.12,1
679,DECODE,256,0,256,669.22,8.13,1
680,DECODE,256,0,256,670.22,8.14,1
681,DECODE,256,0,256,671.22,8.30,1
682,DECODE,256,0,256,672.22,8.26,1
683,DECODE,256,0,256,673.22,8.65,1
684,DECODE,256,0,256,674.22,8.62,1
685,DECODE,256,0,256,675.22,8.53,1
686,DECODE,256,0,256,676.22,8.41,1
687,DECODE,256,0,256,677.22,8.80,1
688,DECODE,256,0,256,678.22,8.51,1
689,DECODE,256,0,256,679.22,8.53,1
690,DECODE,256,0,256,680.22,8.41,1
691,DECODE,256,0,256,681.22,8.53,1
692,DECODE,256,0,256,682.22,8.54,1
693,DECODE,256,0,256,683.22,8.31,1
694,DECODE,256,0,256,684.22,8.22,1
695,DECODE,256,0,256,685.22,8.28,1
696,DECODE,256,0,256,686.22,8.13,1
697,DECODE,256,0,256,687.22,8.19,1
698,DECODE,256,0,256,688.22,8.17,1
699,DECODE,256,0,256,689.22,8.21,1
700,DECODE,256,0,256,690.22,9.16,1
701,DECODE,256,0,256,691.22,8.46,1
702,DECODE,256,0,256,692.22,8.27,1
703,DECODE,256,0,256,693.22,7.38,1
704,DECODE,256,0,256,694.22,7.33,1
705,DECODE,256,0,256,695.22,7.36,1
706,DECODE,256,0,256,696.22,7.29,1
707,DECODE,256,0,256,697.22,7.24,1
708,DECODE,256,0,256,698.22,8.16,1
709,DECODE,256,0,256,699.22,8.12,1
710,DECODE,256,0,256,700.22,7.43,1
711,DECODE,256,0,256,701.22,7.41,1
712,DECODE,256,0,256,702.22,7.31,1
713,DECODE,256,0,256,703.22,7.49,1
714,DECODE,256,0,256,704.22,7.40,1
715,DECODE,256,0,256,705.22,7.53,1
716,DECODE,256,0,256,706.22,7.40,1
717,DECODE,256,0,256,707.22,7.37,1
718,DECODE,256,0,256,708.22,7.53,1
719,DECODE,256,0,256,709.22,8.35,1
720,DECODE,256,0,256,710.22,7.66,1
721,DECODE,256,0,256,711.22,7.69,1
722,DECODE,256,0,256,712.22,7.69,1
723,DECODE,256,0,256,713.22,7.70,1
724,DECODE,256,0,256,714.22,7.67,1
725,DECODE,256,0,256,715.22,7.74,1
726,DECODE,256,0,256,716.22,7.67,1
727,DECODE,256,0,256,717.22,7.69,1
728,DECODE,256,0,256,718.22,8.12,1
729,DECODE,256,0,256,719.22,8.36,1
730,DECODE,256,0,256,720.22,8.28,1
731,DECODE,256,0,256,721.22,7.71,1
732,DECODE,256,0,256,722.22,7.68,1
733,DECODE,256,0,256,723.22,7.70,1
734,DECODE,256,0,256,724.22,7.71,1
735,DECODE,256,0,256,725.22,7.74,1
736,DECODE,256,0,256,726.22,7.70,1
737,DECODE,256,0,256,727.22,7.78,1
738,DECODE,256,0,256,728.22,7.84,1
739,DECODE,256,0,256,729.22,7.83,1
740,DECODE,256,0,256,730.22,7.69,1
741,DECODE,256,0,256,731.22,7.72,1
742,DECODE,256,0,256,732.22,7.71,1
743,DECODE,256,0,256,733.22,7.72,1
744,DECODE,256,0,256,734.22,7.72,1
745,DECODE,256,0,256,735.22,7.75,1
746,DECODE,256,0,256,736.22,7.80,1
747,DECODE,256,0,256,737.22,7.76,1
748,DECODE,256,0,256,738.22,7.72,1
749,DECODE,256,0,256,739.22,8.72,1
750,DECODE,256,0,256,740.22,7.82,1
751,DECODE,256,0,256,741.22,7.65,1
752,DECODE,256,0,256,742.22,7.56,1
753,DECODE,256,0,256,743.22,8.28,1
754,DECODE,256,0,256,744.22,8.21,1
755,DECODE,256,0,256,745.22,8.27,1
756,DECODE,256,0,256,746.22,8.14,1
757,DECODE,256,0,256,747.22,8.23,1
758,DECODE,256,0,256,748.22,8.26,1
759,DECODE,256,0,256,749.22,8.22,1
760,DECODE,256,0,256,750.22,8.20,1
761,DECODE,256,0,256,751.22,8.75,1
762,DECODE,256,0,256,752.22,8.41,1
763,DECODE,256,0,256,753.22,8.29,1
764,DECODE,256,0,256,754.22,8.20,1
765,DECODE,256,0,256,755.22,8.39,1
766,DECODE,256,0,256,756.22,8.43,1
767,DECODE,256,0,256,757.22,8.50,1
768,DECODE,256,0,256,758.22,8.48,1
769,DECODE,256,0,256,759.22,8.43,1
770,DECODE,256,0,256,760.22,8.43,1
771,DECODE,256,0,256,761.22,8.48,1
772,DECODE,256,0,256,762.22,8.38,1
773,DECODE,256,0,256,763.22,8.44,1
774,DECODE,256,0,256,764.22,8.57,1
775,DECODE,256,0,256,765.22,8.33,1
776,DECODE,256,0,256,766.22,8.31,1
777,DECODE,256,0,256,767.22,8.87,1
778,DECODE,256,0,256,768.22,8.42,1
779,DECODE,256,0,256,769.22,8.11,1
780,DECODE,256,0,256,770.22,9.32,1
781,DECODE,256,0,256,771.22,9.10,1
782,DECODE,256,0,256,772.22,8.50,1
783,DECODE,256,0,256,773.22,8.61,1
784,DECODE,256,0,256,774.22,8.57,1
785,DECODE,256,0,256,775.22,8.65,1
786,DECODE,256,0,256,776.22,8.75,1
787,DECODE,256,0,256,777.22,8.49,1
788,DECODE,256,0,256,778.22,10.55,1
789,DECODE,256,0,256,779.22,8.79,1
790,DECODE,256,0,256,780.22,8.54,1
791,DECODE,256,0,256,781.22,8.65,1
792,DECODE,256,0,256,782.22,8.62,1
793,DECODE,256,0,256,783.22,8.88,1
794,DECODE,256,0,256,784.22,8.64,1
795,DECODE,256,0,256,785.22,8.56,1
796,DECODE,256,0,256,786.22,8.78,1
797,DECODE,256,0,256,787.22,8.74,1
798,DECODE,256,0,256,788.22,8.62,1
799,DECODE,256,0,256,789.22,8.60,1
800,DECODE,256,0,256,790.22,8.62,1
801,DECODE,256,0,256,791.22,8.55,1
802,DECODE,256,0,256,792.22,8.74,1
803,DECODE,256,0,256,793.22,8.62,1
804,DECODE,256,0,256,794.22,8.74,1
805,DECODE,256,0,256,795.22,8.64,1
806,DECODE,256,0,256,796.22,8.72,1
807,DECODE,256,0,256,797.22,8.75,1
808,DECODE,256,0,256,798.22,8.61,1
809,DECODE,256,0,256,799.22,8.74,1
810,DECODE,256,0,256,800.22,8.93,1
811,DECODE,256,0,256,801.22,8.64,1
812,DECODE,256,0,256,802.22,8.72,1
813,DECODE,256,0,256,803.22,8.76,1
814,DECODE,256,0,256,804.22,8.75,1
815,DECODE,256,0,256,805.22,8.66,1
816,DECODE,256,0,256,806.22,8.66,1
817,DECODE,256,0,256,807.22,8.76,1
818,DECODE,256,0,256,808.22,8.94,1
819,DECODE,256,0,256,809.22,9.01,1
820,DECODE,256,0,256,810.22,8.76,1
821,DECODE,256,0,256,811.22,8.67,1
822,DECODE,256,0,256,812.22,8.62,1
823,DECODE,256,0,256,813.22,8.92,1
824,DECODE,256,0,256,814.22,8.74,1
825,DECODE,256,0,256,815.22,8.75,1
826,DECODE,256,0,256,816.22,9.03,1
827,DECODE,256,0,256,817.22,8.95,1
828,DECODE,256,0,256,818.22,8.51,1
829,DECODE,256,0,256,819.22,8.63,1
830,DECODE,256,0,256,820.22,8.58,1
831,DECODE,256,0,256,821.22,8.59,1
832,DECODE,256,0,256,822.22,8.58,1
833,DECODE,256,0,256,823.22,8.55,1
834,DECODE,256,0,256,824.22,8.67,1
835,DECODE,256,0,256,825.22,8.69,1
836,DECODE,256,0,256,826.22,8.59,1
837,DECODE,256,0,256,827.22,8.78,1
838,DECODE,256,0,256,828.22,8.81,1
839,DECODE,256,0,256,829.22,8.76,1
840,DECODE,256,0,256,830.22,8.69,1
841,DECODE,256,0,256,831.22,8.65,1
842,DECODE,256,0,256,832.22,8.72,1
843,DECODE,256,0,256,833.22,10.28,1
844,DECODE,256,0,256,834.22,9.18,1
845,DECODE,256,0,256,835.22,8.68,1
846,DECODE,256,0,256,836.22,8.71,1
847,DECODE,256,0,256,837.22,8.69,1
848,DECODE,256,0,256,838.22,8.78,1
849,DECODE,256,0,256,839.22,8.67,1
850,DECODE,256,0,256,840.22,8.85,1
851,DECODE,256,0,256,841.22,8.78,1
852,DECODE,256,0,256,842.22,8.94,1
853,DECODE,256,0,256,843.22,8.82,1
854,DECODE,256,0,256,844.22,8.68,1
855,DECODE,256,0,256,845.22,9.60,1
856,DECODE,256,0,256,846.22,8.76,1
857,DECODE,256,0,256,847.22,8.70,1
858,DECODE,256,0,256,848.22,8.66,1
859,DECODE,256,0,256,849.22,8.84,1
860,DECODE,256,0,256,850.22,8.77,1
861,DECODE,256,0,256,851.22,8.77,1
862,DECODE,256,0,256,852.22,8.78,1
863,DECODE,256,0,256,853.22,8.75,1
864,DECODE,256,0,256,854.22,8.82,1
865,DECODE,256,0,256,855.22,8.83,1
866,DECODE,256,0,256,856.22,8.79,1
867,DECODE,255,0,255,857.51,9.33,1
868,DECODE,255,0,255,858.51,8.78,1
869,DECODE,255,0,255,859.51,8.84,1
870,DECODE,255,0,255,860.51,8.84,1
871,DECODE,255,0,255,861.51,8.79,1
872,DECODE,255,0,255,862.51,8.98,1
873,DECODE,255,0,255,863.51,8.79,1
874,DECODE,255,0,255,864.51,8.81,1
875,DECODE,255,0,255,865.51,8.85,1
876,DECODE,255,0,255,866.51,8.73,1
877,DECODE,255,0,255,867.51,8.69,1
878,DECODE,255,0,255,868.51,8.87,1
879,DECODE,255,0,255,869.51,8.86,1
880,DECODE,255,0,255,870.51,8.84,1
881,DECODE,255,0,255,871.51,8.80,1
882,DECODE,255,0,255,872.51,8.89,1
883,DECODE,255,0,255,873.51,8.89,1
884,DECODE,255,0,255,874.51,8.95,1
885,DECODE,255,0,255,875.51,8.83,1
886,DECODE,255,0,255,876.51,8.83,1
887,DECODE,255,0,255,877.51,8.88,1
888,DECODE,255,0,255,878.51,8.80,1
889,DECODE,255,0,255,879.51,8.85,1
890,DECODE,255,0,255,880.51,8.84,1
891,DECODE,255,0,255,881.51,8.83,1
892,DECODE,255,0,255,882.51,8.81,1
893,DECODE,255,0,255,883.51,8.83,1
894,DECODE,255,0,255,884.51,8.85,1
895,DECODE,255,0,255,885.51,8.86,1
896,DECODE,255,0,255,886.51,8.80,1
897,DECODE,255,0,255,887.51,8.80,1
898,DECODE,255,0,255,888.51,11.12,1
899,DECODE,255,0,255,889.51,8.96,1
900,DECODE,255,0,255,890.51,8.89,1
901,DECODE,255,0,255,891.51,8.93,1
902,DECODE,255,0,255,892.51,8.91,1
903,DECODE,255,0,255,893.51,8.97,1
904,DECODE,255,0,255,894.51,8.85,1
905,DECODE,255,0,255,895.51,9.02,1
906,DECODE,255,0,255,896.51,8.96,1
907,DECODE,255,0,255,897.51,8.85,1
908,DECODE,255,0,255,898.51,8.93,1
909,DECODE,255,0,255,899.51,8.97,1
910,DECODE,255,0,255,900.51,9.04,1
911,DECODE,255,0,255,901.51,9.00,1
912,DECODE,255,0,255,902.51,8.87,1
913,DECODE,255,0,255,903.51,8.82,1
914,DECODE,255,0,255,904.51,9.00,1
915,DECODE,255,0,255,905.51,8.98,1
916,DECODE,255,0,255,906.51,8.99,1
917,DECODE,255,0,255,907.51,8.92,1
918,DECODE,255,0,255,908.51,9.43,1
919,DECODE,255,0,255,909.51,8.96,1
920,DECODE,255,0,255,910.51,9.00,1
921,DECODE,255,0,255,911.51,8.91,1
922,DECODE,255,0,255,912.51,8.98,1
923,DECODE,255,0,255,913.51,8.97,1
924,DECODE,255,0,255,914.51,9.00,1
925,DECODE,255,0,255,915.51,8.94,1
926,DECODE,255,0,255,916.51,9.01,1
927,DECODE,255,0,255,917.51,9.05,1
928,DECODE,255,0,255,918.51,9.02,1
929,DECODE,255,0,255,919.51,8.97,1
930,DECODE,255,0,255,920.51,9.00,1
931,DECODE,255,0,255,921.51,8.92,1
932,DECODE,255,0,255,922.51,9.04,1
933,DECODE,255,0,255,923.51,8.97,1
934,DECODE,255,0,255,924.51,8.95,1
935,DECODE,255,0,255,925.51,8.97,1
936,DECODE,255,0,255,926.51,8.98,1
937,DECODE,255,0,255,927.51,8.95,1
938,DECODE,255,0,255,928.51,8.92,1
939,DECODE,255,0,255,929.51,9.15,1
940,DECODE,255,0,255,930.51,9.17,1
941,DECODE,255,0,255,931.51,8.97,1
942,DECODE,255,0,255,932.51,9.03,1
943,DECODE,255,0,255,933.51,9.06,1
944,DECODE,255,0,255,934.51,9.00,1
945,DECODE,255,0,255,935.51,9.07,1
946,DECODE,255,0,255,936.51,9.06,1
947,DECODE,255,0,255,937.51,8.96,1
948,DECODE,255,0,255,938.51,9.02,1
949,DECODE,255,0,255,939.51,9.09,1
950,DECODE,255,0,255,940.51,9.00,1
951,DECODE,255,0,255,941.51,8.95,1
952,DECODE,255,0,255,942.51,9.03,1
953,DECODE,255,0,255,943.51,9.01,1
954,DECODE,255,0,255,944.51,9.01,1
955,DECODE,255,0,255,945.51,8.98,1
956,DECODE,255,0,255,946.51,9.04,1
957,DECODE,255,0,255,947.51,9.03,1
958,DECODE,255,0,255,948.51,9.26,1
959,DECODE,255,0,255,949.51,9.03,1
960,DECODE,255,0,255,950.51,8.86,1
961,DECODE,255,0,255,951.51,8.96,1
962,DECODE,255,0,255,952.51,8.97,1
963,DECODE,255,0,255,953.51,9.02,1
964,DECODE,255,0,255,954.51,9.00,1
965,DECODE,255,0,255,955.51,8.99,1
966,DECODE,255,0,255,956.51,8.98,1
967,DECODE,255,0,255,957.51,9.01,1
968,DECODE,255,0,255,958.51,9.05,1
969,DECODE,255,0,255,959.51,9.02,1
970,DECODE,255,0,255,960.51,9.24,1
971,DECODE,255,0,255,961.51,9.08,1
972,DECODE,255,0,255,962.51,9.05,1
973,DECODE,255,0,255,963.51,9.14,1
974,DECODE,255,0,255,964.51,9.11,1
975,DECODE,255,0,255,965.51,9.22,1
976,DECODE,255,0,255,966.51,9.09,1
977,DECODE,255,0,255,967.51,9.17,1
978,DECODE,255,0,255,968.51,9.67,1
979,DECODE,255,0,255,969.51,9.44,1
980,DECODE,255,0,255,970.51,8.84,1
981,DECODE,255,0,255,971.51,9.16,1
982,DECODE,255,0,255,972.51,9.16,1
983,DECODE,255,0,255,973.51,9.06,1
984,DECODE,255,0,255,974.51,9.26,1
985,DECODE,255,0,255,975.51,9.02,1
986,DECODE,255,0,255,976.51,9.10,1
987,DECODE,255,0,255,977.51,9.04,1
988,DECODE,255,0,255,978.51,9.10,1
989,DECODE,255,0,255,979.51,9.16,1
990,DECODE,255,0,255,980.51,9.16,1
991,DECODE,255,0,255,981.51,9.10,1
992,DECODE,255,0,255,982.51,9.07,1
993,DECODE,255,0,255,983.51,9.07,1
994,DECODE,255,0,255,984.51,9.07,1
995,DECODE,255,0,255,985.51,9.17,1
996,DECODE,255,0,255,986.51,9.19,1
997,DECODE,255,0,255,987.51,9.29,1
998,DECODE,255,0,255,988.51,9.08,1
999,DECODE,255,0,255,989.51,9.16,1
1000,DECODE,255,0,255,990.51,9.19,1
1001,DECODE,255,0,255,991.51,9.18,1
1002,DECODE,255,0,255,992.51,9.26,1
1003,DECODE,255,0,255,993.51,9.13,1
1004,DECODE,255,0,255,994.51,9.17,1
1005,DECODE,255,0,255,995.51,9.15,1
1006,DECODE,255,0,255,996.51,9.14,1
1007,DECODE,255,0,255,997.51,9.09,1
1008,DECODE,255,0,255,998.51,9.53,1
1009,DECODE,255,0,255,999.51,9.30,1
1010,DECODE,255,0,255,1000.51,9.11,1
1011,DECODE,255,0,255,1001.51,9.33,1
1012,DECODE,255,0,255,1002.51,9.18,1
1013,DECODE,255,0,255,1003.51,9.25,1
1014,DECODE,255,0,255,1004.51,8.26,1
1015,DECODE,255,0,255,1005.51,8.23,1
1016,DECODE,255,0,255,1006.51,8.75,1
1017,DECODE,255,0,255,1007.51,9.29,1
1018,DECODE,255,0,255,1008.51,9.22,1
1019,DECODE,255,0,255,1009.51,9.10,1
1020,DECODE,255,0,255,1010.51,9.16,1
1021,DECODE,255,0,255,1011.51,9.17,1
1022,DECODE,255,0,255,1012.51,9.23,1
1023,DECODE,255,0,255,1013.51,9.31,1
1024,DECODE,255,0,255,1014.51,9.20,1
1025,DECODE,255,0,255,1015.51,9.31,1
1026,DECODE,255,0,255,1016.51,9.93,1
1027,DECODE,255,0,255,1017.51,9.56,1
1028,DECODE,255,0,255,1018.51,9.58,1
1029,DECODE,255,0,255,1019.51,9.28,1
1030,DECODE,255,0,255,1020.51,9.26,1
1031,DECODE,255,0,255,1021.51,9.36,1
1032,DECODE,255,0,255,1022.51,9.19,1
1033,DECODE,255,0,255,1023.51,9.14,1
1034,DECODE,255,0,255,1024.51,9.15,1
1035,DECODE,255,0,255,1025.51,9.21,1
1036,DECODE,255,0,255,1026.51,9.18,1
1037,DECODE,255,0,255,1027.51,9.17,1
1038,DECODE,255,0,255,1028.51,9.19,1
1039,DECODE,255,0,255,1029.51,9.13,1
1040,DECODE,255,0,255,1030.51,9.28,1
1041,DECODE,255,0,255,1031.51,9.16,1
1042,DECODE,255,0,255,1032.51,9.15,1
1043,DECODE,255,0,255,1033.51,9.24,1
1044,DECODE,255,0,255,1034.51,9.22,1
1045,DECODE,255,0,255,1035.51,9.11,1
1046,DECODE,255,0,255,1036.51,9.18,1
1047,DECODE,255,0,255,1037.51,9.21,1
1048,DECODE,255,0,255,1038.51,9.22,1
1049,DECODE,255,0,255,1039.51,9.24,1
1050,DECODE,255,0,255,1040.51,9.43,1
1051,DECODE,255,0,255,1041.51,9.17,1
1052,DECODE,255,0,255,1042.51,9.27,1
1053,DECODE,255,0,255,1043.51,9.23,1
1054,DECODE,255,0,255,1044.51,9.30,1
1055,DECODE,255,0,255,1045.51,9.23,1
1056,DECODE,255,0,255,1046.51,9.28,1
1057,DECODE,255,0,255,1047.51,9.24,1
1058,DECODE,255,0,255,1048.51,9.24,1
1059,DECODE,255,0,255,1049.51,9.25,1
1060,DECODE,255,0,255,1050.51,9.30,1
1061,DECODE,255,0,255,1051.51,9.25,1
1062,DECODE,255,0,255,1052.51,8.73,1
1063,DECODE,255,0,255,1053.51,9.39,1
1064,DECODE,255,0,255,1054.51,9.26,1
1065,DECODE,255,0,255,1055.51,9.30,1
1066,DECODE,255,0,255,1056.51,9.30,1
1067,DECODE,255,0,255,1057.51,9.33,1
1068,DECODE,255,0,255,1058.51,9.30,1
1069,DECODE,255,0,255,1059.51,9.32,1
1070,DECODE,255,0,255,1060.51,9.33,1
1071,DECODE,255,0,255,1061.51,9.37,1
1072,DECODE,255,0,255,1062.51,9.32,1
1073,DECODE,255,0,255,1063.51,9.32,1
1074,DECODE,255,0,255,1064.51,9.34,1
1075,DECODE,255,0,255,1065.51,9.30,1
1076,DECODE,255,0,255,1066.51,9.33,1
1077,DECODE,255,0,255,1067.51,9.28,1
1078,DECODE,255,0,255,1068.51,9.34,1
1079,DECODE,255,0,255,1069.51,9.59,1
1080,DECODE,255,0,255,1070.51,9.36,1
1081,DECODE,255,0,255,1071.51,9.28,1
1082,DECODE,255,0,255,1072.51,9.31,1
1083,DECODE,255,0,255,1073.51,9.66,1
1084,DECODE,255,0,255,1074.51,9.78,1
1085,DECODE,255,0,255,1075.51,9.54,1
1086,DECODE,254,0,254,1076.80,9.91,1
1087,DECODE,254,0,254,1077.80,9.65,1
1088,DECODE,254,0,254,1078.80,9.40,1
1089,DECODE,254,0,254,1079.80,9.50,1
1090,DECODE,254,0,254,1080.80,9.48,1
1091,DECODE,254,0,254,1081.80,9.58,1
1092,DECODE,254,0,254,1082.80,9.57,1
1093,DECODE,254,0,254,1083.80,9.69,1
1094,DECODE,254,0,254,1084.80,9.83,1
1095,DECODE,254,0,254,1085.80,9.62,1
1096,DECODE,254,0,254,1086.80,9.45,1
1097,DECODE,254,0,254,1087.80,9.94,1
1098,DECODE,254,0,254,1088.80,9.84,1
1099,DECODE,254,0,254,1089.80,9.84,1
1100,DECODE,254,0,254,1090.80,9.46,1
1101,DECODE,254,0,254,1091.80,9.62,1
1102,DECODE,254,0,254,1092.80,9.76,1
1103,DECODE,254,0,254,1093.80,9.57,1
1104,DECODE,254,0,254,1094.80,9.47,1
1105,DECODE,254,0,254,1095.80,9.55,1
1106,DECODE,254,0,254,1096.80,9.51,1
1107,DECODE,254,0,254,1097.80,9.43,1
1108,DECODE,254,0,254,1098.80,9.45,1
1109,DECODE,254,0,254,1099.80,9.44,1
1110,DECODE,254,0,254,1100.80,9.71,1
1111,DECODE,254,0,254,1101.80,9.75,1
1112,DECODE,254,0,254,1102.80,9.31,1
1113,DECODE,254,0,254,1103.80,9.54,1
1114,DECODE,254,0,254,1104.80,9.49,1
1115,DECODE,254,0,254,1105.80,9.57,1
1116,DECODE,254,0,254,1106.80,9.46,1
1117,DECODE,254,0,254,1107.80,9.48,1
1118,DECODE,254,0,254,1108.80,9.50,1
1119,DECODE,254,0,254,1109.80,9.57,1
1120,DECODE,254,0,254,1110.80,9.59,1
1121,DECODE,254,0,254,1111.80,9.57,1
1122,DECODE,254,0,254,1112.80,9.49,1
1123,DECODE,254,0,254,1113.80,9.64,1
1124,DECODE,254,0,254,1114.80,9.54,1
1125,DECODE,254,0,254,1115.80,9.56,1
1126,DECODE,254,0,254,1116.80,9.51,1
1127,DECODE,254,0,254,1117.80,9.56,1
1128,DECODE,254,0,254,1118.80,9.60,1
1129,DECODE,254,0,254,1119.80,9.93,1
1130,DECODE,254,0,254,1120.80,9.72,1
1131,DECODE,254,0,254,1121.80,10.28,1
1132,DECODE,254,0,254,1122.80,10.27,1
1133,DECODE,254,0,254,1123.80,10.25,1
1134,DECODE,254,0,254,1124.80,10.21,1
1135,DECODE,254,0,254,1125.80,10.98,1
1136,DECODE,254,0,254,1126.80,9.15,1
1137,DECODE,254,0,254,1127.80,9.64,1
1138,DECODE,254,0,254,1128.80,9.43,1
1139,DECODE,254,0,254,1129.80,9.58,1
1140,DECODE,254,0,254,1130.80,9.60,1
1141,DECODE,254,0,254,1131.80,9.60,1
1142,DECODE,254,0,254,1132.80,8.79,1
1143,DECODE,254,0,254,1133.80,8.78,1
1144,DECODE,254,0,254,1134.80,8.73,1
1145,DECODE,254,0,254,1135.80,9.81,1
1146,DECODE,254,0,254,1136.80,9.65,1
1147,DECODE,254,0,254,1137.80,9.65,1
1148,DECODE,254,0,254,1138.80,9.69,1
1149,DECODE,254,0,254,1139.80,9.53,1
1150,DECODE,254,0,254,1140.80,9.65,1
1151,DECODE,254,0,254,1141.80,9.70,1
1152,DECODE,254,0,254,1142.80,10.07,1
1153,DECODE,254,0,254,1143.80,9.75,1
1154,DECODE,254,0,254,1144.80,9.79,1
1155,DECODE,254,0,254,1145.80,8.88,1
1156,DECODE,253,0,253,1146.66,10.48,1
1157,DECODE,253,0,253,1147.66,9.64,1
1158,DECODE,253,0,253,1148.66,9.64,1
1159,DECODE,253,0,253,1149.66,9.69,1
1160,DECODE,253,0,253,1150.66,9.59,1
1161,DECODE,253,0,253,1151.66,9.56,1
1162,DECODE,253,0,253,1152.66,9.74,1
1163,DECODE,253,0,253,1153.66,9.69,1
1164,DECODE,253,0,253,1154.66,9.79,1
1165,DECODE,253,0,253,1155.66,9.76,1
1166,DECODE,253,0,253,1156.66,9.43,1
1167,DECODE,253,0,253,1157.66,9.75,1
1168,DECODE,253,0,253,1158.66,9.63,1
1169,DECODE,253,0,253,1159.66,9.68,1
1170,DECODE,253,0,253,1160.66,9.72,1
1171,DECODE,253,0,253,1161.66,9.56,1
1172,DECODE,253,0,253,1162.66,9.73,1
1173,DECODE,253,0,253,1163.66,9.72,1
1174,DECODE,253,0,253,1164.66,9.62,1
1175,DECODE,253,0,253,1165.66,9.73,1
1176,DECODE,253,0,253,1166.66,9.65,1
1177,DECODE,253,0,253,1167.66,9.89,1
1178,DECODE,253,0,253,1168.66,9.61,1
1179,DECODE,253,0,253,1169.66,8.75,1
1180,DECODE,253,0,253,1170.66,9.81,1
1181,DECODE,253,0,253,1171.66,9.82,1
1182,DECODE,253,0,253,1172.66,9.79,1
1183,DECODE,253,0,253,1173.66,9.71,1
1184,DECODE,253,0,253,1174.66,9.69,1
1185,DECODE,253,0,253,1175.66,9.75,1
1186,DECODE,253,0,253,1176.66,9.77,1
1187,DECODE,253,0,253,1177.66,9.73,1
1188,DECODE,253,0,253,1178.66,9.68,1
1189,DECODE,252,0,252,1179.51,9.92,1
1190,DECODE,252,0,252,1180.51,12.18,1
1191,DECODE,252,0,252,1181.51,9.74,1
1192,DECODE,252,0,252,1182.51,9.65,1
1193,DECODE,252,0,252,1183.51,9.66,1
1194,DECODE,252,0,252,1184.51,9.67,1
1195,DECODE,252,0,252,1185.51,9.60,1
1196,DECODE,252,0,252,1186.51,9.71,1
1197,DECODE,252,0,252,1187.51,9.67,1
1198,DECODE,252,0,252,1188.51,9.68,1
1199,DECODE,252,0,252,1189.51,9.67,1
1200,DECODE,251,0,251,1190.80,9.89,1
1201,DECODE,251,0,251,1191.80,9.70,1
1202,DECODE,251,0,251,1192.80,9.74,1
1203,DECODE,251,0,251,1193.80,9.67,1
1204,DECODE,251,0,251,1194.80,9.72,1
1205,DECODE,251,0,251,1195.80,9.74,1
1206,DECODE,251,0,251,1196.80,9.76,1
1207,DECODE,251,0,251,1197.80,9.70,1
1208,DECODE,251,0,251,1198.80,9.74,1
1209,DECODE,251,0,251,1199.80,9.67,1
1210,DECODE,251,0,251,1200.80,9.66,1
1211,DECODE,251,0,251,1201.80,9.70,1
1212,DECODE,251,0,251,1202.80,9.66,1
1213,DECODE,251,0,251,1203.80,9.75,1
1214,DECODE,251,0,251,1204.80,9.67,1
1215,DECODE,251,0,251,1205.80,9.68,1
1216,DECODE,251,0,251,1206.80,10.23,1
1217,DECODE,251,0,251,1207.80,9.77,1
1218,DECODE,251,0,251,1208.80,9.70,1
1219,DECODE,251,0,251,1209.80,9.78,1
1220,DECODE,251,0,251,1210.80,9.71,1
1221,DECODE,250,0,250,1212.10,10.01,1
1222,DECODE,250,0,250,1213.10,9.84,1
1223,DECODE,249,0,249,1213.96,9.76,1
1224,DECODE,249,0,249,1214.96,9.67,1
1225,DECODE,249,0,249,1215.96,9.71,1
1226,DECODE,249,0,249,1216.96,9.89,1
1227,DECODE,249,0,249,1217.96,9.79,1
1228,DECODE,249,0,249,1218.96,9.85,1
1229,DECODE,249,0,249,1219.96,9.86,1
1230,DECODE,249,0,249,1220.96,9.77,1
1231,DECODE,249,0,249,1221.96,9.79,1
1232,DECODE,249,0,249,1222.96,9.77,1
1233,DECODE,249,0,249,1223.96,9.81,1
1234,DECODE,249,0,249,1224.96,9.69,1
1235,DECODE,249,0,249,1225.96,9.65,1
1236,DECODE,249,0,249,1226.96,9.67,1
1237,DECODE,249,0,249,1227.96,9.76,1
1238,DECODE,249,0,249,1228.96,9.90,1
1239,DECODE,249,0,249,1229.96,9.88,1
1240,DECODE,249,0,249,1230.96,9.87,1
1241,DECODE,249,0,249,1231.96,9.93,1
1242,DECODE,249,0,249,1232.96,9.79,1
1243,DECODE,249,0,249,1233.96,9.79,1
1244,DECODE,249,0,249,1234.96,9.80,1
1245,DECODE,249,0,249,1235.96,9.52,1
1246,DECODE,249,0,249,1236.96,9.77,1
1247,DECODE,249,0,249,1237.96,9.84,1
1248,DECODE,249,0,249,1238.96,9.79,1
1249,DECODE,249,0,249,1239.96,9.81,1
1250,DECODE,249,0,249,1240.96,9.81,1
1251,DECODE,249,0,249,1241.96,9.82,1
1252,DECODE,249,0,249,1242.96,9.81,1
1253,DECODE,249,0,249,1243.96,9.76,1
1254,DECODE,249,0,249,1244.96,9.83,1
1255,DECODE,249,0,249,1245.96,9.88,1
1256,DECODE,249,0,249,1246.96,10.08,1
1257,DECODE,249,0,249,1247.96,9.09,1
1258,DECODE,249,0,249,1248.96,9.08,1
1259,DECODE,249,0,249,1249.96,9.10,1
1260,DECODE,249,0,249,1250.96,9.10,1
1261,DECODE,249,0,249,1251.96,9.11,1
1262,DECODE,249,0,249,1252.96,9.11,1
1263,DECODE,249,0,249,1253.96,9.13,1
1264,DECODE,249,0,249,1254.96,9.13,1
1265,DECODE,249,0,249,1255.96,9.83,1
1266,DECODE,249,0,249,1256.96,9.12,1
1267,DECODE,249,0,249,1257.96,9.15,1
1268,DECODE,249,0,249,1258.96,9.49,1
1269,DECODE,249,0,249,1259.96,9.12,1
1270,DECODE,249,0,249,1260.96,9.13,1
1271,DECODE,249,0,249,1261.96,9.13,1
1272,DECODE,249,0,249,1262.96,9.13,1
1273,DECODE,249,0,249,1263.96,9.83,1
1274,DECODE,249,0,249,1264.96,9.78,1
1275,DECODE,249,0,249,1265.96,9.90,1
1276,DECODE,249,0,249,1266.96,9.87,1
1277,DECODE,249,0,249,1267.96,9.87,1
1278,DECODE,249,0,249,1268.96,9.97,1
1279,DECODE,249,0,249,1269.96,9.86,1
1280,DECODE,248,0,248,1270.59,12.23,1
1281,DECODE,248,0,248,1271.59,9.89,1
1282,DECODE,248,0,248,1272.59,9.74,1
1283,DECODE,248,0,248,1273.59,9.83,1
1284,DECODE,248,0,248,1274.59,10.04,1
1285,DECODE,248,0,248,1275.59,9.95,1
1286,DECODE,248,0,248,1276.59,9.79,1
1287,DECODE,248,0,248,1277.59,9.88,1
1288,DECODE,248,0,248,1278.59,9.86,1
1289,DECODE,248,0,248,1279.59,9.87,1
1290,DECODE,248,0,248,1280.59,9.89,1
1291,DECODE,248,0,248,1281.59,9.80,1
1292,DECODE,248,0,248,1282.59,9.63,1
1293,DECODE,248,0,248,1283.59,9.62,1
1294,DECODE,248,0,248,1284.59,9.68,1
1295,DECODE,248,0,248,1285.59,9.67,1
1296,DECODE,248,0,248,1286.59,9.86,1
1297,DECODE,248,0,248,1287.59,9.12,1
1298,DECODE,248,0,248,1288.59,9.09,1
1299,DECODE,248,0,248,1289.59,9.09,1
1300,DECODE,248,0,248,1290.59,9.06,1
1301,DECODE,248,0,248,1291.59,9.12,1
1302,DECODE,248,0,248,1292.59,9.10,1
1303,DECODE,248,0,248,1293.59,9.15,1
1304,DECODE,248,0,248,1294.59,9.46,1
1305,DECODE,248,0,248,1295.59,9.10,1
1306,DECODE,248,0,248,1296.59,9.69,1
1307,DECODE,248,0,248,1297.59,9.10,1
1308,DECODE,248,0,248,1298.59,9.02,1
1309,DECODE,248,0,248,1299.59,9.67,1
1310,DECODE,248,0,248,1300.59,9.63,1
1311,DECODE,248,0,248,1301.59,9.56,1
1312,DECODE,248,0,248,1302.59,9.34,1
1313,DECODE,248,0,248,1303.59,9.79,1
1314,DECODE,248,0,248,1304.59,9.78,1
1315,DECODE,248,0,248,1305.59,9.79,1
1316,DECODE,248,0,248,1306.59,9.04,1
1317,DECODE,248,0,248,1307.59,9.06,1
1318,DECODE,248,0,248,1308.59,9.02,1
1319,DECODE,248,0,248,1309.59,9.12,1
1320,DECODE,248,0,248,1310.59,9.09,1
1321,DECODE,248,0,248,1311.59,9.07,1
1322,DECODE,248,0,248,1312.59,9.87,1
1323,DECODE,248,0,248,1313.59,9.80,1
1324,DECODE,248,0,248,1314.59,9.76,1
1325,DECODE,248,0,248,1315.59,9.82,1
1326,DECODE,248,0,248,1316.59,9.73,1
1327,DECODE,248,0,248,1317.59,9.91,1
1328,DECODE,247,0,247,1318.44,10.16,1
1329,DECODE,246,0,246,1319.22,10.13,1
1330,DECODE,246,0,246,1320.22,9.93,1
1331,DECODE,246,0,246,1321.22,9.88,1
1332,DECODE,246,0,246,1322.22,9.98,1
1333,DECODE,246,0,246,1323.22,9.92,1
1334,DECODE,246,0,246,1324.22,9.88,1
1335,DECODE,246,0,246,1325.22,9.89,1
1336,DECODE,246,0,246,1326.22,9.91,1
1337,DECODE,246,0,246,1327.22,9.91,1
1338,DECODE,246,0,246,1328.22,9.92,1
1339,DECODE,246,0,246,1329.22,9.86,1
1340,DECODE,246,0,246,1330.22,9.88,1
1341,DECODE,245,0,245,1330.84,10.20,1
1342,DECODE,245,0,245,1331.84,9.98,1
1343,DECODE,245,0,245,1332.84,9.88,1
1344,DECODE,245,0,245,1333.84,9.90,1
1345,DECODE,245,0,245,1334.84,9.98,1
1346,DECODE,245,0,245,1335.84,9.95,1
1347,DECODE,245,0,245,1336.84,10.44,1
1348,DECODE,245,0,245,1337.84,10.00,1
1349,DECODE,245,0,245,1338.84,9.95,1
1350,DECODE,245,0,245,1339.84,9.92,1
1351,DECODE,245,0,245,1340.84,10.03,1
1352,DECODE,245,0,245,1341.84,9.98,1
1353,DECODE,245,0,245,1342.84,10.01,1
1354,DECODE,245,0,245,1343.84,10.16,1
1355,DECODE,245,0,245,1344.84,10.11,1
1356,DECODE,245,0,245,1345.84,10.03,1
1357,DECODE,245,0,245,1346.84,10.22,1
1358,DECODE,245,0,245,1347.84,10.21,1
1359,DECODE,245,0,245,1348.84,10.09,1
1360,DECODE,245,0,245,1349.84,10.10,1
1361,DECODE,245,0,245,1350.84,10.07,1
1362,DECODE,245,0,245,1351.84,10.18,1
1363,DECODE,244,0,244,1352.59,10.69,1
1364,DECODE,244,0,244,1353.59,10.28,1
1365,DECODE,244,0,244,1354.59,10.16,1
1366,DECODE,244,0,244,1355.59,10.17,1
1367,DECODE,244,0,244,1356.59,10.09,1
1368,DECODE,244,0,244,1357.59,10.12,1
1369,DECODE,244,0,244,1358.59,10.12,1
1370,DECODE,244,0,244,1359.59,10.09,1
1371,DECODE,244,0,244,1360.59,10.05,1
1372,DECODE,244,0,244,1361.59,10.00,1
1373,DECODE,244,0,244,1362.59,10.15,1
1374,DECODE,244,0,244,1363.59,10.12,1
1375,DECODE,244,0,244,1364.59,10.09,1
1376,DECODE,244,0,244,1365.59,10.12,1
1377,DECODE,244,0,244,1366.59,10.17,1
1378,DECODE,244,0,244,1367.59,10.09,1
1379,DECODE,244,0,244,1368.59,10.11,1
1380,DECODE,244,0,244,1369.59,10.12,1
1381,DECODE,244,0,244,1370.59,10.14,1
1382,DECODE,244,0,244,1371.59,10.15,1
1383,DECODE,244,0,244,1372.59,10.12,1
1384,DECODE,244,0,244,1373.59,10.15,1
1385,DECODE,244,0,244,1374.59,10.15,1
1386,DECODE,244,0,244,1375.59,10.11,1
1387,DECODE,244,0,244,1376.59,10.11,1
1388,DECODE,244,0,244,1377.59,10.13,1
1389,DECODE,244,0,244,1378.59,10.20,1
1390,DECODE,244,0,244,1379.59,10.26,1
1391,DECODE,244,0,244,1380.59,10.14,1
1392,DECODE,244,0,244,1381.59,10.17,1
1393,DECODE,244,0,244,1382.59,10.09,1
1394,DECODE,244,0,244,1383.59,10.07,1
1395,DECODE,244,0,244,1384.59,10.11,1
1396,DECODE,244,0,244,1385.59,10.08,1
1397,DECODE,244,0,244,1386.59,10.12,1
1398,DECODE,244,0,244,1387.59,10.11,1
1399,DECODE,244,0,244,1388.59,10.25,1
1400,DECODE,244,0,244,1389.59,10.14,1
1401,DECODE,244,0,244,1390.59,10.19,1
1402,DECODE,244,0,244,1391.59,10.15,1
1403,DECODE,244,0,244,1392.59,10.12,1
1404,DECODE,244,0,244,1393.59,10.22,1
1405,DECODE,244,0,244,1394.59,10.15,1
1406,DECODE,244,0,244,1395.59,10.17,1
1407,DECODE,244,0,244,1396.59,10.15,1
1408,DECODE,244,0,244,1397.59,10.12,1
1409,DECODE,244,0,244,1398.59,10.20,1
1410,DECODE,244,0,244,1399.59,10.25,1
1411,DECODE,244,0,244,1400.59,10.19,1
1412,DECODE,244,0,244,1401.59,10.20,1
1413,DECODE,244,0,244,1402.59,10.44,1
1414,DECODE,244,0,244,1403.59,10.23,1
1415,DECODE,244,0,244,1404.59,10.27,1
1416,DECODE,244,0,244,1405.59,10.24,1
1417,DECODE,244,0,244,1406.59,10.27,1
1418,DECODE,244,0,244,1407.59,10.28,1
1419,DECODE,244,0,244,1408.59,10.34,1
1420,DECODE,244,0,244,1409.59,10.32,1
1421,DECODE,244,0,244,1410.59,10.31,1
1422,DECODE,244,0,244,1411.59,10.24,1
1423,DECODE,244,0,244,1412.59,10.25,1
1424,DECODE,243,0,243,1413.36,10.57,1
1425,DECODE,243,0,243,1414.36,9.17,1
1426,DECODE,243,0,243,1415.36,10.21,1
1427,DECODE,243,0,243,1416.36,10.28,1
1428,DECODE,243,0,243,1417.36,10.46,1
1429,DECODE,243,0,243,1418.36,10.25,1
1430,DECODE,243,0,243,1419.36,10.18,1
1431,DECODE,243,0,243,1420.36,10.21,1
1432,DECODE,243,0,243,1421.36,10.25,1
1433,DECODE,243,0,243,1422.36,10.19,1
1434,DECODE,242,0,242,1423.09,10.53,1
1435,DECODE,242,0,242,1424.09,10.21,1
1436,DECODE,242,0,242,1425.09,10.29,1
1437,DECODE,242,0,242,1426.09,10.29,1
1438,DECODE,242,0,242,1427.09,10.34,1
1439,DECODE,242,0,242,1428.09,10.40,1
1440,DECODE,242,0,242,1429.09,10.15,1
1441,DECODE,242,0,242,1430.09,10.19,1
1442,DECODE,242,0,242,1431.09,10.15,1
1443,DECODE,242,0,242,1432.09,10.23,1
1444,DECODE,242,0,242,1433.09,10.28,1
1445,DECODE,242,0,242,1434.09,10.24,1
1446,DECODE,242,0,242,1435.09,10.15,1
1447,DECODE,242,0,242,1436.09,10.24,1
1448,DECODE,242,0,242,1437.09,10.19,1
1449,DECODE,242,0,242,1438.09,10.11,1
1450,DECODE,242,0,242,1439.09,10.32,1
1451,DECODE,242,0,242,1440.09,10.30,1
1452,DECODE,242,0,242,1441.09,10.22,1
1453,DECODE,242,0,242,1442.09,10.01,1
1454,DECODE,242,0,242,1443.09,10.02,1
1455,DECODE,242,0,242,1444.09,10.10,1
1456,DECODE,242,0,242,1445.09,10.27,1
1457,DECODE,242,0,242,1446.09,10.21,1
1458,DECODE,242,0,242,1447.09,10.22,1
1459,DECODE,242,0,242,1448.09,10.22,1
1460,DECODE,242,0,242,1449.09,10.34,1
1461,DECODE,242,0,242,1450.09,10.26,1
1462,DECODE,242,0,242,1451.09,10.27,1
1463,DECODE,242,0,242,1452.09,10.23,1
1464,DECODE,242,0,242,1453.09,10.26,1
1465,DECODE,242,0,242,1454.09,10.49,1
1466,DECODE,242,0,242,1455.09,9.60,1
1467,DECODE,242,0,242,1456.09,10.17,1
1468,DECODE,242,0,242,1457.09,10.23,1
1469,DECODE,242,0,242,1458.09,10.28,1
1470,DECODE,241,0,241,1458.95,10.49,1
1471,DECODE,241,0,241,1459.95,10.21,1
1472,DECODE,241,0,241,1460.95,10.21,1
1473,DECODE,241,0,241,1461.95,10.21,1
1474,DECODE,241,0,241,1462.95,10.25,1
1475,DECODE,241,0,241,1463.95,10.22,1
1476,DECODE,241,0,241,1464.95,9.37,1
1477,DECODE,241,0,241,1465.95,9.45,1
1478,DECODE,241,0,241,1466.95,9.53,1
1479,DECODE,240,0,240,1468.22,12.00,1
1480,DECODE,240,0,240,1469.22,10.22,1
1481,DECODE,240,0,240,1470.22,9.61,1
1482,DECODE,240,0,240,1471.22,10.32,1
1483,DECODE,240,0,240,1472.22,10.10,1
1484,DECODE,240,0,240,1473.22,10.19,1
1485,DECODE,240,0,240,1474.22,10.38,1
1486,DECODE,240,0,240,1475.22,10.14,1
1487,DECODE,240,0,240,1476.22,10.45,1
1488,DECODE,239,0,239,1476.99,10.31,1
1489,DECODE,239,0,239,1477.99,10.48,1
1490,DECODE,239,0,239,1478.99,10.25,1
1491,DECODE,239,0,239,1479.99,10.46,1
1492,DECODE,239,0,239,1480.99,10.80,1
1493,DECODE,239,0,239,1481.99,10.10,1
1494,DECODE,239,0,239,1482.99,10.39,1
1495,DECODE,239,0,239,1483.99,10.15,1
1496,DECODE,239,0,239,1484.99,10.19,1
1497,DECODE,239,0,239,1485.99,10.18,1
1498,DECODE,239,0,239,1486.99,10.28,1
1499,DECODE,239,0,239,1487.99,10.28,1
1500,DECODE,239,0,239,1488.99,10.26,1
1501,DECODE,239,0,239,1489.99,10.24,1
1502,DECODE,238,0,238,1490.79,10.43,1
1503,DECODE,238,0,238,1491.79,10.31,1
1504,DECODE,238,0,238,1492.79,10.24,1
1505,DECODE,238,0,238,1493.79,10.22,1
1506,DECODE,238,0,238,1494.79,10.15,1
1507,DECODE,238,0,238,1495.79,10.28,1
1508,DECODE,238,0,238,1496.79,9.49,1
1509,DECODE,238,0,238,1497.79,10.17,1
1510,DECODE,238,0,238,1498.79,10.11,1
1511,DECODE,238,0,238,1499.79,10.21,1
1512,DECODE,238,0,238,1500.79,10.17,1
1513,DECODE,237,0,237,1501.51,10.39,1
1514,DECODE,237,0,237,1502.51,10.19,1
1515,DECODE,237,0,237,1503.51,10.23,1
1516,DECODE,237,0,237,1504.51,10.14,1
1517,DECODE,237,0,237,1505.51,10.17,1
1518,DECODE,237,0,237,1506.51,10.36,1
1519,DECODE,237,0,237,1507.51,10.17,1
1520,DECODE,237,0,237,1508.51,10.17,1
1521,DECODE,237,0,237,1509.51,10.11,1
1522,DECODE,237,0,237,1510.51,10.18,1
1523,DECODE,237,0,237,1511.51,10.26,1
1524,DECODE,237,0,237,1512.51,10.16,1
1525,DECODE,237,0,237,1513.51,10.12,1
1526,DECODE,237,0,237,1514.51,10.12,1
1527,DECODE,237,0,237,1515.51,10.13,1
1528,DECODE,237,0,237,1516.51,10.16,1
1529,DECODE,237,0,237,1517.51,10.22,1
1530,DECODE,237,0,237,1518.51,10.24,1
1531,DECODE,237,0,237,1519.51,10.15,1
1532,DECODE,237,0,237,1520.51,10.12,1
1533,DECODE,237,0,237,1521.51,10.30,1
1534,DECODE,237,0,237,1522.51,10.23,1
1535,DECODE,236,0,236,1523.32,10.39,1
1536,DECODE,236,0,236,1524.32,10.28,1
1537,DECODE,236,0,236,1525.32,10.20,1
1538,DECODE,236,0,236,1526.32,10.29,1
1539,DECODE,236,0,236,1527.32,10.26,1
1540,DECODE,236,0,236,1528.32,10.20,1
1541,DECODE,236,0,236,1529.32,10.22,1
1542,DECODE,236,0,236,1530.32,9.98,1
1543,DECODE,236,0,236,1531.32,10.22,1
1544,DECODE,236,0,236,1532.32,10.21,1
1545,DECODE,235,0,235,1533.89,10.39,1
1546,DECODE,235,0,235,1534.89,12.19,1
1547,DECODE,235,0,235,1535.89,10.29,1
1548,DECODE,235,0,235,1536.89,10.16,1
1549,DECODE,235,0,235,1537.89,10.21,1
1550,DECODE,235,0,235,1538.89,10.22,1
1551,DECODE,235,0,235,1539.89,10.20,1
1552,DECODE,235,0,235,1540.89,10.20,1
1553,DECODE,235,0,235,1541.89,10.24,1
1554,DECODE,235,0,235,1542.89,10.24,1
1555,DECODE,235,0,235,1543.89,10.23,1
1556,DECODE,235,0,235,1544.89,10.23,1
1557,DECODE,235,0,235,1545.89,10.42,1
1558,DECODE,235,0,235,1546.89,10.45,1
1559,DECODE,235,0,235,1547.89,10.46,1
1560,DECODE,235,0,235,1548.89,10.45,1
1561,DECODE,235,0,235,1549.89,10.47,1
1562,DECODE,235,0,235,1550.89,10.42,1
1563,DECODE,235,0,235,1551.89,10.44,1
1564,DECODE,235,0,235,1552.89,10.37,1
1565,DECODE,235,0,235,1553.89,10.51,1
1566,DECODE,235,0,235,1554.89,10.48,1
1567,DECODE,235,0,235,1555.89,10.52,1
1568,DECODE,235,0,235,1556.89,10.45,1
1569,DECODE,235,0,235,1557.89,10.45,1
1570,DECODE,235,0,235,1558.89,10.32,1
1571,DECODE,235,0,235,1559.89,10.42,1
1572,DECODE,235,0,235,1560.89,10.24,1
1573,DECODE,235,0,235,1561.89,10.50,1
1574,DECODE,235,0,235,1562.89,10.27,1
1575,DECODE,235,0,235,1563.89,10.42,1
1576,DECODE,235,0,235,1564.89,10.41,1
1577,DECODE,235,0,235,1565.89,10.34,1
1578,DECODE,235,0,235,1566.89,10.30,1
1579,DECODE,235,0,235,1567.89,10.57,1
1580,DECODE,235,0,235,1568.89,10.44,1
1581,DECODE,235,0,235,1569.89,10.65,1
1582,DECODE,235,0,235,1570.89,10.60,1
1583,DECODE,235,0,235,1571.89,10.47,1
1584,DECODE,234,0,234,1572.69,9.76,1
1585,DECODE,234,0,234,1573.69,9.75,1
1586,DECODE,234,0,234,1574.69,9.72,1
1587,DECODE,234,0,234,1575.69,9.71,1
1588,DECODE,234,0,234,1576.69,9.78,1
1589,DECODE,234,0,234,1577.69,9.77,1
1590,DECODE,234,0,234,1578.69,9.69,1
1591,DECODE,234,0,234,1579.69,9.68,1
1592,DECODE,234,0,234,1580.69,10.76,1
1593,DECODE,234,0,234,1581.69,10.35,1
1594,DECODE,234,0,234,1582.69,10.25,1
1595,DECODE,234,0,234,1583.69,10.73,1
1596,DECODE,234,0,234,1584.69,10.58,1
1597,DECODE,234,0,234,1585.69,10.79,1
1598,DECODE,234,0,234,1586.69,10.82,1
1599,DECODE,234,0,234,1587.69,10.76,1
1600,DECODE,234,0,234,1588.69,10.79,1
1601,DECODE,234,0,234,1589.69,10.56,1
1602,DECODE,234,0,234,1590.69,10.67,1
1603,DECODE,234,0,234,1591.69,10.70,1
1604,DECODE,233,0,233,1592.48,10.92,1
1605,DECODE,233,0,233,1593.48,10.89,1
1606,DECODE,233,0,233,1594.48,10.63,1
1607,DECODE,233,0,233,1595.48,10.54,1
1608,DECODE,232,0,232,1596.52,12.53,1
1609,DECODE,232,0,232,1597.52,10.30,1
1610,DECODE,232,0,232,1598.52,10.47,1
1611,DECODE,232,0,232,1599.52,10.41,1
1612,DECODE,232,0,232,1600.52,10.41,1
1613,DECODE,232,0,232,1601.52,10.70,1
1614,DECODE,232,0,232,1602.52,10.48,1
1615,DECODE,232,0,232,1603.52,10.66,1
1616,DECODE,232,0,232,1604.52,10.40,1
1617,DECODE,232,0,232,1605.52,10.65,1
1618,DECODE,232,0,232,1606.52,10.75,1
1619,DECODE,232,0,232,1607.52,10.61,1
1620,DECODE,232,0,232,1608.52,10.70,1
1621,DECODE,232,0,232,1609.52,10.66,1
1622,DECODE,232,0,232,1610.52,10.65,1
1623,DECODE,232,0,232,1611.52,10.74,1
1624,DECODE,232,0,232,1612.52,10.72,1
1625,DECODE,232,0,232,1613.52,10.95,1
1626,DECODE,232,0,232,1614.52,10.65,1
1627,DECODE,232,0,232,1615.52,10.55,1
1628,DECODE,232,0,232,1616.52,10.69,1
1629,DECODE,232,0,232,1617.52,10.58,1
1630,DECODE,232,0,232,1618.52,10.57,1
1631,DECODE,232,0,232,1619.52,10.51,1
1632,DECODE,232,0,232,1620.52,10.74,1
1633,DECODE,232,0,232,1621.52,10.08,1
1634,DECODE,232,0,232,1622.52,10.12,1
1635,DECODE,232,0,232,1623.52,10.04,1
1636,DECODE,232,0,232,1624.52,10.14,1
1637,DECODE,232,0,232,1625.52,10.05,1
1638,DECODE,232,0,232,1626.52,10.16,1
1639,DECODE,232,0,232,1627.52,10.10,1
1640,DECODE,232,0,232,1628.52,10.07,1
1641,DECODE,232,0,232,1629.52,9.93,1
1642,DECODE,231,0,231,1630.25,10.47,1
1643,DECODE,231,0,231,1631.25,10.17,1
1644,DECODE,231,0,231,1632.25,10.21,1
1645,DECODE,231,0,231,1633.25,11.27,1
1646,DECODE,231,0,231,1634.25,11.67,1
1647,DECODE,231,0,231,1635.25,10.58,1
1648,DECODE,231,0,231,1636.25,10.64,1
1649,DECODE,231,0,231,1637.25,10.69,1
1650,DECODE,231,0,231,1638.25,10.74,1
1651,DECODE,231,0,231,1639.25,10.77,1
1652,DECODE,231,0,231,1640.25,10.72,1
1653,DECODE,231,0,231,1641.25,10.76,1
1654,DECODE,231,0,231,1642.25,10.79,1
1655,DECODE,231,0,231,1643.25,10.57,1
1656,DECODE,231,0,231,1644.25,10.81,1
1657,DECODE,231,0,231,1645.25,10.76,1
1658,DECODE,231,0,231,1646.25,10.75,1
1659,DECODE,231,0,231,1647.25,10.71,1
1660,DECODE,231,0,231,1648.25,10.82,1
1661,DECODE,231,0,231,1649.25,10.76,1
1662,DECODE,231,0,231,1650.25,10.08,1
1663,DECODE,230,0,230,1650.96,11.06,1
1664,DECODE,230,0,230,1651.96,10.75,1
1665,DECODE,230,0,230,1652.96,10.74,1
1666,DECODE,230,0,230,1653.96,10.76,1
1667,DECODE,230,0,230,1654.96,10.64,1
1668,DECODE,229,0,229,1655.76,11.04,1
1669,DECODE,229,0,229,1656.76,10.78,1
1670,DECODE,228,0,228,1657.54,11.02,1
1671,DECODE,228,0,228,1658.54,10.92,1
1672,DECODE,228,0,228,1659.54,10.63,1
1673,DECODE,228,0,228,1660.54,10.76,1
1674,DECODE,228,0,228,1661.54,10.78,1
1675,DECODE,228,0,228,1662.54,10.71,1
1676,DECODE,228,0,228,1663.54,10.41,1
1677,DECODE,228,0,228,1664.54,10.71,1
1678,DECODE,228,0,228,1665.54,10.82,1
1679,DECODE,228,0,228,1666.54,10.81,1
1680,DECODE,228,0,228,1667.54,10.83,1
1681,DECODE,228,0,228,1668.54,10.71,1
1682,DECODE,228,0,228,1669.54,10.81,1
1683,DECODE,228,0,228,1670.54,10.78,1
1684,DECODE,228,0,228,1671.54,10.88,1
1685,DECODE,228,0,228,1672.54,10.77,1
1686,DECODE,228,0,228,1673.54,10.85,1
1687,DECODE,228,0,228,1674.54,10.75,1
1688,DECODE,228,0,228,1675.54,10.85,1
1689,DECODE,228,0,228,1676.54,10.97,1
1690,DECODE,228,0,228,1677.54,10.91,1
1691,DECODE,228,0,228,1678.54,10.76,1
1692,DECODE,228,0,228,1679.54,10.78,1
1693,DECODE,228,0,228,1680.54,10.89,1
1694,DECODE,228,0,228,1681.54,10.85,1
1695,DECODE,228,0,228,1682.54,10.95,1
1696,DECODE,228,0,228,1683.54,10.86,1
1697,DECODE,228,0,228,1684.54,10.83,1
1698,DECODE,228,0,228,1685.54,10.97,1
1699,DECODE,228,0,228,1686.54,10.87,1
1700,DECODE,228,0,228,1687.54,10.93,1
1701,DECODE,228,0,228,1688.54,10.79,1
1702,DECODE,228,0,228,1689.54,10.90,1
1703,DECODE,228,0,228,1690.54,10.84,1
1704,DECODE,228,0,228,1691.54,10.72,1
1705,DECODE,228,0,228,1692.54,10.78,1
1706,DECODE,228,0,228,1693.54,11.17,1
1707,DECODE,228,0,228,1694.54,10.85,1
1708,DECODE,228,0,228,1695.54,10.83,1
1709,DECODE,228,0,228,1696.54,11.01,1
1710,DECODE,228,0,228,1697.54,10.88,1
1711,DECODE,228,0,228,1698.54,10.84,1
1712,DECODE,228,0,228,1699.54,10.78,1
1713,DECODE,228,0,228,1700.54,10.82,1
1714,DECODE,228,0,228,1701.54,10.79,1
1715,DECODE,228,0,228,1702.54,10.82,1
1716,DECODE,228,0,228,1703.54,10.83,1
1717,DECODE,228,0,228,1704.54,10.83,1
1718,DECODE,228,0,228,1705.54,10.85,1
1719,DECODE,228,0,228,1706.54,10.87,1
1720,DECODE,228,0,228,1707.54,10.82,1
1721,DECODE,228,0,228,1708.54,10.86,1
1722,DECODE,228,0,228,1709.54,10.82,1
1723,DECODE,228,0,228,1710.54,10.85,1
1724,DECODE,228,0,228,1711.54,10.80,1
1725,DECODE,228,0,228,1712.54,10.89,1
1726,DECODE,228,0,228,1713.54,12.27,1
1727,DECODE,228,0,228,1714.54,11.08,1
1728,DECODE,228,0,228,1715.54,10.78,1
1729,DECODE,228,0,228,1716.54,10.91,1
1730,DECODE,228,0,228,1717.54,10.85,1
1731,DECODE,227,0,227,1719.19,11.04,1
1732,DECODE,227,0,227,1720.19,10.76,1
1733,DECODE,227,0,227,1721.19,10.73,1
1734,DECODE,226,0,226,1722.84,10.91,1
1735,DECODE,225,0,225,1723.57,11.12,1
1736,DECODE,225,0,225,1724.57,10.72,1
1737,DECODE,225,0,225,1725.57,10.77,1
1738,DECODE,225,0,225,1726.57,10.66,1
1739,DECODE,225,0,225,1727.57,10.81,1
1740,DECODE,225,0,225,1728.57,10.70,1
1741,DECODE,225,0,225,1729.57,10.82,1
1742,DECODE,225,0,225,1730.57,10.92,1
1743,DECODE,225,0,225,1731.57,10.96,1
1744,DECODE,224,0,224,1732.28,11.29,1
1745,DECODE,224,0,224,1733.28,10.76,1
1746,DECODE,223,0,223,1734.07,11.03,1
1747,DECODE,223,0,223,1735.07,10.76,1
1748,DECODE,223,0,223,1736.07,10.60,1
1749,DECODE,223,0,223,1737.07,10.72,1
1750,DECODE,223,0,223,1738.07,10.88,1
1751,DECODE,222,0,222,1738.80,11.00,1
1752,DECODE,222,0,222,1739.80,10.84,1
1753,DECODE,222,0,222,1740.80,10.83,1
1754,DECODE,221,0,221,1742.09,11.02,1
1755,DECODE,221,0,221,1743.09,10.86,1
1756,DECODE,221,0,221,1744.09,10.21,1
1757,DECODE,221,0,221,1745.09,10.83,1
1758,DECODE,221,0,221,1746.09,10.92,1
1759,DECODE,221,0,221,1747.09,10.94,1
1760,DECODE,221,0,221,1748.09,10.79,1
1761,DECODE,221,0,221,1749.09,10.90,1
1762,DECODE,221,0,221,1750.09,10.88,1
1763,DECODE,221,0,221,1751.09,10.85,1
1764,DECODE,221,0,221,1752.09,10.81,1
1765,DECODE,221,0,221,1753.09,10.82,1
1766,DECODE,221,0,221,1754.09,10.93,1
1767,DECODE,221,0,221,1755.09,10.82,1
1768,DECODE,221,0,221,1756.09,10.80,1
1769,DECODE,221,0,221,1757.09,10.96,1
1770,DECODE,220,0,220,1757.88,11.10,1
1771,DECODE,220,0,220,1758.88,10.84,1
1772,DECODE,218,0,218,1760.06,10.97,1
1773,DECODE,218,0,218,1761.06,10.92,1
1774,DECODE,218,0,218,1762.06,10.82,1
1775,DECODE,218,0,218,1763.06,10.96,1
1776,DECODE,218,0,218,1764.06,10.82,1
1777,DECODE,218,0,218,1765.06,10.76,1
1778,DECODE,218,0,218,1766.06,10.81,1
1779,DECODE,218,0,218,1767.06,10.85,1
1780,DECODE,218,0,218,1768.06,11.03,1
1781,DECODE,218,0,218,1769.06,10.89,1
1782,DECODE,218,0,218,1770.06,10.89,1
1783,DECODE,218,0,218,1771.06,10.82,1
1784,DECODE,218,0,218,1772.06,11.03,1
1785,DECODE,218,0,218,1773.06,10.82,1
1786,DECODE,218,0,218,1774.06,11.83,1
1787,DECODE,218,0,218,1775.06,10.86,1
1788,DECODE,218,0,218,1776.06,10.85,1
1789,DECODE,218,0,218,1777.06,10.79,1
1790,DECODE,217,0,217,1777.85,11.04,1
1791,DECODE,217,0,217,1778.85,10.80,1
1792,DECODE,217,0,217,1779.85,10.81,1
1793,DECODE,217,0,217,1780.85,10.83,1
1794,DECODE,217,0,217,1781.85,10.79,1
1795,DECODE,217,0,217,1782.85,10.79,1
1796,DECODE,217,0,217,1783.85,10.89,1
1797,DECODE,217,0,217,1784.85,10.86,1
1798,DECODE,217,0,217,1785.85,10.78,1
1799,DECODE,217,0,217,1786.85,11.71,1
1800,DECODE,217,0,217,1787.85,10.85,1
1801,DECODE,217,0,217,1788.85,10.95,1
1802,DECODE,217,0,217,1789.85,10.90,1
1803,DECODE,217,0,217,1790.85,10.93,1
1804,DECODE,217,0,217,1791.85,10.85,1
1805,DECODE,217,0,217,1792.85,10.91,1
1806,DECODE,217,0,217,1793.85,10.78,1
1807,DECODE,217,0,217,1794.85,10.89,1
1808,DECODE,217,0,217,1795.85,10.89,1
1809,DECODE,217,0,217,1796.85,10.93,1
1810,DECODE,217,0,217,1797.85,10.93,1
1811,DECODE,217,0,217,1798.85,10.93,1
1812,DECODE,217,0,217,1799.85,10.85,1
1813,DECODE,217,0,217,1800.85,10.79,1
1814,DECODE,217,0,217,1801.85,10.83,1
1815,DECODE,217,0,217,1802.85,10.92,1
1816,DECODE,217,0,217,1803.85,10.79,1
1817,DECODE,217,0,217,1804.85,10.86,1
1818,DECODE,217,0,217,1805.85,10.78,1
1819,DECODE,217,0,217,1806.85,10.81,1
1820,DECODE,217,0,217,1807.85,10.76,1
1821,DECODE,217,0,217,1808.85,10.83,1
1822,DECODE,217,0,217,1809.85,10.83,1
1823,DECODE,217,0,217,1810.85,10.81,1
1824,DECODE,217,0,217,1811.85,10.77,1
1825,DECODE,217,0,217,1812.85,10.81,1
1826,DECODE,217,0,217,1813.85,10.87,1
1827,DECODE,217,0,217,1814.85,10.84,1
1828,DECODE,216,0,216,1815.56,12.80,1
1829,DECODE,216,0,216,1816.56,10.82,1
1830,DECODE,216,0,216,1817.56,10.72,1
1831,DECODE,216,0,216,1818.56,10.33,1
1832,DECODE,216,0,216,1819.56,10.91,1
1833,DECODE,216,0,216,1820.56,10.76,1
1834,DECODE,216,0,216,1821.56,10.72,1
1835,DECODE,216,0,216,1822.56,10.74,1
1836,DECODE,215,0,215,1824.13,10.97,1
1837,DECODE,214,0,214,1824.92,11.09,1
1838,DECODE,213,0,213,1825.48,11.18,1
1839,DECODE,213,0,213,1826.48,10.86,1
1840,DECODE,213,0,213,1827.48,10.55,1
1841,DECODE,213,0,213,1828.48,10.02,1
1842,DECODE,213,0,213,1829.48,9.95,1
1843,DECODE,213,0,213,1830.48,9.89,1
1844,DECODE,213,0,213,1831.48,9.91,1
1845,DECODE,213,0,213,1832.48,9.96,1
1846,DECODE,213,0,213,1833.48,10.71,1
1847,DECODE,213,0,213,1834.48,10.74,1
1848,DECODE,213,0,213,1835.48,10.69,1
1849,DECODE,213,0,213,1836.48,10.88,1
1850,DECODE,213,0,213,1837.48,10.71,1
1851,DECODE,213,0,213,1838.48,10.70,1
1852,DECODE,213,0,213,1839.48,9.90,1
1853,DECODE,213,0,213,1840.48,9.91,1
1854,DECODE,213,0,213,1841.48,9.90,1
1855,DECODE,213,0,213,1842.48,9.91,1
1856,DECODE,213,0,213,1843.48,9.87,1
1857,DECODE,213,0,213,1844.48,9.92,1
1858,DECODE,213,0,213,1845.48,9.96,1
1859,DECODE,213,0,213,1846.48,9.92,1
1860,DECODE,213,0,213,1847.48,9.96,1
1861,DECODE,213,0,213,1848.48,9.90,1
1862,DECODE,213,0,213,1849.48,9.92,1
1863,DECODE,213,0,213,1850.48,9.92,1
1864,DECODE,213,0,213,1851.48,9.91,1
1865,DECODE,213,0,213,1852.48,9.91,1
1866,DECODE,213,0,213,1853.48,9.94,1
1867,DECODE,213,0,213,1854.48,9.98,1
1868,DECODE,212,0,212,1855.19,9.96,1
1869,DECODE,212,0,212,1856.19,9.95,1
1870,DECODE,212,0,212,1857.19,9.94,1
1871,DECODE,212,0,212,1858.19,10.88,1
1872,DECODE,212,0,212,1859.19,10.82,1
1873,DECODE,212,0,212,1860.19,10.79,1
1874,DECODE,211,0,211,1861.13,11.10,1
1875,DECODE,211,0,211,1862.13,10.90,1
1876,DECODE,211,0,211,1863.13,12.90,1
1877,DECODE,211,0,211,1864.13,10.90,1
1878,DECODE,211,0,211,1865.13,10.93,1
1879,DECODE,211,0,211,1866.13,10.89,1
1880,DECODE,211,0,211,1867.13,10.90,1
1881,DECODE,211,0,211,1868.13,10.94,1
1882,DECODE,211,0,211,1869.13,10.88,1
1883,DECODE,211,0,211,1870.13,10.95,1
1884,DECODE,211,0,211,1871.13,10.91,1
1885,DECODE,211,0,211,1872.13,10.90,1
1886,DECODE,211,0,211,1873.13,10.93,1
1887,DECODE,211,0,211,1874.13,10.88,1
1888,DECODE,211,0,211,1875.13,10.88,1
1889,DECODE,210,0,210,1876.76,11.18,1
1890,DECODE,210,0,210,1877.76,11.00,1
1891,DECODE,210,0,210,1878.76,10.90,1
1892,DECODE,210,0,210,1879.76,10.94,1
1893,DECODE,210,0,210,1880.76,10.90,1
1894,DECODE,210,0,210,1881.76,10.87,1
1895,DECODE,210,0,210,1882.76,10.97,1
1896,DECODE,210,0,210,1883.76,10.89,1
1897,DECODE,209,0,209,1884.49,10.75,1
1898,DECODE,208,0,208,1885.19,12.97,1
1899,DECODE,208,0,208,1886.19,10.86,1
1900,DECODE,208,0,208,1887.19,10.85,1
1901,DECODE,208,0,208,1888.19,10.84,1
1902,DECODE,208,0,208,1889.19,10.86,1
1903,DECODE,208,0,208,1890.19,10.93,1
1904,DECODE,208,0,208,1891.19,11.18,1
1905,DECODE,207,0,207,1891.97,11.26,1
1906,DECODE,207,0,207,1892.97,11.08,1
1907,DECODE,207,0,207,1893.97,11.15,1
1908,DECODE,207,0,207,1894.97,11.07,1
1909,DECODE,207,0,207,1895.97,11.02,1
1910,DECODE,207,0,207,1896.97,10.99,1
1911,DECODE,207,0,207,1897.97,11.16,1
1912,DECODE,207,0,207,1898.97,11.05,1
1913,DECODE,207,0,207,1899.97,11.27,1
1914,DECODE,207,0,207,1900.97,11.07,1
1915,DECODE,207,0,207,1901.97,11.08,1
1916,DECODE,207,0,207,1902.97,11.15,1
1917,DECODE,206,0,206,1903.65,11.47,1
1918,DECODE,206,0,206,1904.65,11.17,1
1919,DECODE,206,0,206,1905.65,11.06,1
1920,DECODE,206,0,206,1906.65,11.02,1
1921,DECODE,206,0,206,1907.65,11.13,1
1922,DECODE,206,0,206,1908.65,11.07,1
1923,DECODE,206,0,206,1909.65,11.21,1
1924,DECODE,206,0,206,1910.65,12.44,1
1925,DECODE,205,0,205,1912.15,11.47,1
1926,DECODE,205,0,205,1913.15,11.19,1
1927,DECODE,205,0,205,1914.15,11.93,1
1928,DECODE,205,0,205,1915.15,10.95,1
1929,DECODE,205,0,205,1916.15,11.17,1
1930,DECODE,205,0,205,1917.15,11.15,1
1931,DECODE,205,0,205,1918.15,11.22,1
1932,DECODE,205,0,205,1919.15,11.08,1
1933,DECODE,205,0,205,1920.15,11.14,1
1934,DECODE,205,0,205,1921.15,11.10,1
1935,DECODE,205,0,205,1922.15,11.12,1
1936,DECODE,205,0,205,1923.15,11.14,1
1937,DECODE,205,0,205,1924.15,11.22,1
1938,DECODE,205,0,205,1925.15,11.11,1
1939,DECODE,205,0,205,1926.15,11.09,1
1940,DECODE,205,0,205,1927.15,11.11,1
1941,DECODE,205,0,205,1928.15,11.13,1
1942,DECODE,205,0,205,1929.15,11.06,1
1943,DECODE,205,0,205,1930.15,11.17,1
1944,DECODE,205,0,205,1931.15,11.07,1
1945,DECODE,205,0,205,1932.15,11.15,1
1946,DECODE,205,0,205,1933.15,11.11,1
1947,DECODE,205,0,205,1934.15,11.15,1
1948,DECODE,205,0,205,1935.15,11.08,1
1949,DECODE,205,0,205,1936.15,11.18,1
1950,DECODE,204,0,204,1937.46,11.36,1
1951,DECODE,204,0,204,1938.46,11.16,1
1952,DECODE,204,0,204,1939.46,11.13,1
1953,DECODE,203,0,203,1941.11,11.82,1
1954,DECODE,203,0,203,1942.11,11.17,1
1955,DECODE,203,0,203,1943.11,11.20,1
1956,DECODE,203,0,203,1944.11,11.12,1
1957,DECODE,203,0,203,1945.11,11.03,1
1958,DECODE,202,0,202,1945.81,11.21,1
1959,DECODE,202,0,202,1946.81,11.03,1
1960,DECODE,201,0,201,1947.50,11.24,1
1961,DECODE,201,0,201,1948.50,11.06,1
1962,DECODE,201,0,201,1949.50,10.97,1
1963,DECODE,201,0,201,1950.50,11.02,1
1964,DECODE,201,0,201,1951.50,11.01,1
1965,DECODE,201,0,201,1952.50,10.83,1
1966,DECODE,201,0,201,1953.50,11.01,1
1967,DECODE,201,0,201,1954.50,11.01,1
1968,DECODE,201,0,201,1955.50,11.19,1
1969,DECODE,201,0,201,1956.50,11.35,1
1970,DECODE,199,0,199,1957.85,12.14,1
1971,DECODE,199,0,199,1958.85,11.19,1
1972,DECODE,198,0,198,1960.17,10.59,1
1973,DECODE,198,0,198,1961.17,10.43,1
1974,DECODE,198,0,198,1962.17,10.26,1
1975,DECODE,198,0,198,1963.17,10.41,1
1976,DECODE,197,0,197,1964.91,10.53,1
1977,DECODE,197,0,197,1965.91,10.36,1
1978,DECODE,197,0,197,1966.91,10.28,1
1979,DECODE,197,0,197,1967.91,10.40,1
1980,DECODE,197,0,197,1968.91,10.35,1
1981,DECODE,197,0,197,1969.91,10.40,1
1982,DECODE,197,0,197,1970.91,10.30,1
1983,DECODE,197,0,197,1971.91,10.39,1
1984,DECODE,197,0,197,1972.91,10.35,1
1985,DECODE,197,0,197,1973.91,10.35,1
1986,DECODE,197,0,197,1974.91,10.28,1
1987,DECODE,197,0,197,1975.91,10.40,1
1988,DECODE,197,0,197,1976.91,10.42,1
1989,DECODE,197,0,197,1977.91,10.37,1
1990,DECODE,197,0,197,1978.91,10.79,1
1991,DECODE,197,0,197,1979.91,10.27,1
1992,DECODE,197,0,197,1980.91,10.27,1
1993,DECODE,197,0,197,1981.91,10.27,1
1994,DECODE,197,0,197,1982.91,10.19,1
1995,DECODE,197,0,197,1983.91,10.29,1
1996,DECODE,197,0,197,1984.91,10.22,1
1997,DECODE,197,0,197,1985.91,10.26,1
1998,DECODE,197,0,197,1986.91,10.26,1
1999,DECODE,197,0,197,1987.91,10.16,1
2000,DECODE,197,0,197,1988.91,10.29,1
2001,DECODE,197,0,197,1989.91,10.34,1
2002,DECODE,197,0,197,1990.91,10.26,1
2003,DECODE,197,0,197,1991.91,10.22,1
2004,DECODE,197,0,197,1992.91,10.35,1
2005,DECODE,197,0,197,1993.91,10.21,1
2006,DECODE,197,0,197,1994.91,10.31,1
2007,DECODE,197,0,197,1995.91,10.36,1
2008,DECODE,197,0,197,1996.91,10.32,1
2009,DECODE,197,0,197,1997.91,10.37,1
2010,DECODE,197,0,197,1998.91,10.44,1
2011,DECODE,196,0,196,1999.68,10.62,1
2012,DECODE,195,0,195,2000.72,11.64,1
2013,DECODE,195,0,195,2001.72,10.45,1
2014,DECODE,195,0,195,2002.72,10.34,1
2015,DECODE,195,0,195,2003.72,10.27,1
2016,DECODE,195,0,195,2004.72,10.12,1
2017,DECODE,195,0,195,2005.72,10.45,1
2018,DECODE,195,0,195,2006.72,12.12,1
2019,DECODE,195,0,195,2007.72,10.34,1
2020,DECODE,195,0,195,2008.72,10.41,1
2021,DECODE,195,0,195,2009.72,10.32,1
2022,DECODE,195,0,195,2010.72,10.30,1
2023,DECODE,195,0,195,2011.72,10.40,1
2024,DECODE,195,0,195,2012.72,10.56,1
2025,DECODE,195,0,195,2013.72,10.45,1
2026,DECODE,195,0,195,2014.72,10.52,1
2027,DECODE,195,0,195,2015.72,10.06,1
2028,DECODE,195,0,195,2016.72,10.15,1
2029,DECODE,195,0,195,2017.72,10.26,1
2030,DECODE,195,0,195,2018.72,10.09,1
2031,DECODE,194,0,194,2019.48,10.57,1
2032,DECODE,193,0,193,2021.12,10.25,1
2033,DECODE,193,0,193,2022.12,10.27,1
2034,DECODE,193,0,193,2023.12,10.29,1
2035,DECODE,193,0,193,2024.12,10.24,1
2036,DECODE,193,0,193,2025.12,10.51,1
2037,DECODE,193,0,193,2026.12,10.27,1
2038,DECODE,193,0,193,2027.12,10.19,1
2039,DECODE,193,0,193,2028.12,10.48,1
2040,DECODE,193,0,193,2029.12,10.38,1
2041,DECODE,193,0,193,2030.12,10.17,1
2042,DECODE,193,0,193,2031.12,10.30,1
2043,DECODE,193,0,193,2032.12,10.26,1
2044,DECODE,193,0,193,2033.12,10.40,1
2045,DECODE,193,0,193,2034.12,10.41,1
2046,DECODE,192,0,192,2035.31,10.37,1
2047,DECODE,192,0,192,2036.31,11.19,1
2048,DECODE,191,0,191,2037.35,10.38,1
2049,DECODE,191,0,191,2038.35,10.14,1
2050,DECODE,191,0,191,2039.35,10.19,1
2051,DECODE,190,0,190,2040.17,10.34,1
2052,DECODE,190,0,190,2041.17,10.11,1
2053,DECODE,190,0,190,2042.17,10.31,1
2054,DECODE,190,0,190,2043.17,10.13,1
2055,DECODE,190,0,190,2044.17,10.23,1
2056,DECODE,190,0,190,2045.17,10.16,1
2057,DECODE,190,0,190,2046.17,10.11,1
2058,DECODE,190,0,190,2047.17,10.18,1
2059,DECODE,190,0,190,2048.17,10.08,1
2060,DECODE,190,0,190,2049.17,10.03,1
2061,DECODE,190,0,190,2050.17,9.25,1
2062,DECODE,190,0,190,2051.17,9.16,1
2063,DECODE,190,0,190,2052.17,9.18,1
2064,DECODE,188,0,188,2054.49,9.15,1
2065,DECODE,188,0,188,2055.49,9.14,1
2066,DECODE,188,0,188,2056.49,9.11,1
2067,DECODE,188,0,188,2057.49,9.05,1
2068,DECODE,188,0,188,2058.49,9.04,1
2069,DECODE,188,0,188,2059.49,9.10,1
2070,DECODE,188,0,188,2060.49,9.17,1
2071,DECODE,188,0,188,2061.49,9.16,1
2072,DECODE,188,0,188,2062.49,9.17,1
2073,DECODE,188,0,188,2063.49,9.24,1
2074,DECODE,188,0,188,2064.49,9.15,1
2075,DECODE,188,0,188,2065.49,9.18,1
2076,DECODE,188,0,188,2066.49,9.16,1
2077,DECODE,188,0,188,2067.49,9.17,1
2078,DECODE,188,0,188,2068.49,9.12,1
2079,DECODE,188,0,188,2069.49,9.18,1
2080,DECODE,188,0,188,2070.49,9.18,1
2081,DECODE,188,0,188,2071.49,9.22,1
2082,DECODE,187,0,187,2072.18,9.16,1
2083,DECODE,187,0,187,2073.18,9.20,1
2084,DECODE,187,0,187,2074.18,9.15,1
2085,DECODE,187,0,187,2075.18,9.21,1
2086,DECODE,187,0,187,2076.18,9.15,1
2087,DECODE,187,0,187,2077.18,9.04,1
2088,DECODE,187,0,187,2078.18,9.16,1
2089,DECODE,187,0,187,2079.18,9.19,1
2090,DECODE,187,0,187,2080.18,9.12,1
2091,DECODE,187,0,187,2081.18,9.25,1
2092,DECODE,187,0,187,2082.18,9.13,1
2093,DECODE,187,0,187,2083.18,9.28,1
2094,DECODE,187,0,187,2084.18,9.15,1
2095,DECODE,187,0,187,2085.18,9.27,1
2096,DECODE,187,0,187,2086.18,9.19,1
2097,DECODE,187,0,187,2087.18,9.26,1
2098,DECODE,187,0,187,2088.18,9.17,1
2099,DECODE,187,0,187,2089.18,9.09,1
2100,DECODE,187,0,187,2090.18,9.09,1
2101,DECODE,187,0,187,2091.18,9.12,1
2102,DECODE,187,0,187,2092.18,9.13,1
2103,DECODE,187,0,187,2093.18,9.21,1
2104,DECODE,187,0,187,2094.18,9.17,1
2105,DECODE,187,0,187,2095.18,9.23,1
2106,DECODE,187,0,187,2096.18,9.21,1
2107,DECODE,187,0,187,2097.18,9.24,1
2108,DECODE,187,0,187,2098.18,9.20,1
2109,DECODE,187,0,187,2099.18,9.27,1
2110,DECODE,187,0,187,2100.18,9.20,1
2111,DECODE,187,0,187,2101.18,9.27,1
2112,DECODE,187,0,187,2102.18,9.14,1
2113,DECODE,187,0,187,2103.18,9.25,1
2114,DECODE,187,0,187,2104.18,9.19,1
2115,DECODE,186,0,186,2105.01,9.24,1
2116,DECODE,186,0,186,2106.01,9.21,1
2117,DECODE,186,0,186,2107.01,9.26,1
2118,DECODE,186,0,186,2108.01,9.24,1
2119,DECODE,186,0,186,2109.01,9.17,1
2120,DECODE,186,0,186,2110.01,9.21,1
2121,DECODE,186,0,186,2111.01,9.19,1
2122,DECODE,186,0,186,2112.01,9.13,1
2123,DECODE,186,0,186,2113.01,9.13,1
2124,DECODE,186,0,186,2114.01,9.20,1
2125,DECODE,186,0,186,2115.01,9.13,1
2126,DECODE,186,0,186,2116.01,9.19,1
2127,DECODE,186,0,186,2117.01,9.20,1
2128,DECODE,186,0,186,2118.01,9.19,1
2129,DECODE,186,0,186,2119.01,9.22,1
2130,DECODE,186,0,186,2120.01,9.36,1
2131,DECODE,186,0,186,2121.01,9.30,1
2132,DECODE,186,0,186,2122.01,9.23,1
2133,DECODE,186,0,186,2123.01,9.31,1
2134,DECODE,186,0,186,2124.01,9.28,1
2135,DECODE,186,0,186,2125.01,10.00,1
2136,DECODE,186,0,186,2126.01,10.05,1
2137,DECODE,186,0,186,2127.01,10.06,1
2138,DECODE,186,0,186,2128.01,10.66,1
2139,DECODE,186,0,186,2129.01,10.77,1
2140,DECODE,186,0,186,2130.01,10.28,1
2141,DECODE,186,0,186,2131.01,10.32,1
2142,DECODE,186,0,186,2132.01,10.43,1
2143,DECODE,186,0,186,2133.01,10.15,1
2144,DECODE,186,0,186,2134.01,10.16,1
2145,DECODE,186,0,186,2135.01,10.25,1
2146,DECODE,186,0,186,2136.01,10.20,1
2147,DECODE,186,0,186,2137.01,10.25,1
2148,DECODE,186,0,186,2138.01,10.16,1
2149,DECODE,186,0,186,2139.01,10.22,1
2150,DECODE,185,0,185,2140.41,10.47,1
2151,DECODE,185,0,185,2141.41,10.22,1
2152,DECODE,185,0,185,2142.41,10.10,1
2153,DECODE,185,0,185,2143.41,10.05,1
2154,DECODE,185,0,185,2144.41,9.22,1
2155,DECODE,185,0,185,2145.41,9.22,1
2156,DECODE,185,0,185,2146.41,9.71,1
2157,DECODE,185,0,185,2147.41,9.28,1
2158,DECODE,185,0,185,2148.41,9.35,1
2159,DECODE,185,0,185,2149.41,9.30,1
2160,DECODE,185,0,185,2150.41,9.33,1
2161,DECODE,185,0,185,2151.41,9.30,1
2162,DECODE,185,0,185,2152.41,9.33,1
2163,DECODE,185,0,185,2153.41,9.31,1
2164,DECODE,185,0,185,2154.41,9.32,1
2165,DECODE,185,0,185,2155.41,9.27,1
2166,DECODE,185,0,185,2156.41,9.26,1
2167,DECODE,185,0,185,2157.41,10.33,1
2168,DECODE,185,0,185,2158.41,10.08,1
2169,DECODE,185,0,185,2159.41,9.40,1
2170,DECODE,185,0,185,2160.41,9.27,1
2171,DECODE,185,0,185,2161.41,9.31,1
2172,DECODE,185,0,185,2162.41,9.25,1
2173,DECODE,185,0,185,2163.41,9.27,1
2174,DECODE,185,0,185,2164.41,9.26,1
2175,DECODE,185,0,185,2165.41,9.22,1
2176,DECODE,185,0,185,2166.41,9.23,1
2177,DECODE,185,0,185,2167.41,9.31,1
2178,DECODE,185,0,185,2168.41,9.22,1
2179,DECODE,185,0,185,2169.41,10.86,1
2180,DECODE,185,0,185,2170.41,10.08,1
2181,DECODE,185,0,185,2171.41,9.28,1
2182,DECODE,185,0,185,2172.41,9.26,1
2183,DECODE,185,0,185,2173.41,9.30,1
2184,DECODE,185,0,185,2174.41,9.88,1
2185,DECODE,185,0,185,2175.41,9.36,1
2186,DECODE,185,0,185,2176.41,9.25,1
2187,DECODE,185,0,185,2177.41,10.24,1
2188,DECODE,185,0,185,2178.41,10.12,1
2189,DECODE,185,0,185,2179.41,10.21,1
2190,DECODE,185,0,185,2180.41,10.17,1
2191,DECODE,184,0,184,2181.89,12.12,1
2192,DECODE,184,0,184,2182.89,10.12,1
2193,DECODE,184,0,184,2183.89,10.20,1
2194,DECODE,184,0,184,2184.89,10.11,1
2195,DECODE,184,0,184,2185.89,10.22,1
2196,DECODE,184,0,184,2186.89,10.40,1
2197,DECODE,184,0,184,2187.89,10.10,1
2198,DECODE,184,0,184,2188.89,10.08,1
2199,DECODE,184,0,184,2189.89,10.19,1
2200,DECODE,184,0,184,2190.89,10.16,1
2201,DECODE,184,0,184,2191.89,10.24,1
2202,DECODE,184,0,184,2192.89,10.12,1
2203,DECODE,184,0,184,2193.89,10.28,1
2204,DECODE,184,0,184,2194.89,10.17,1
2205,DECODE,184,0,184,2195.89,10.27,1
2206,DECODE,184,0,184,2196.89,10.19,1
2207,DECODE,184,0,184,2197.89,10.21,1
2208,DECODE,184,0,184,2198.89,10.35,1
2209,DECODE,184,0,184,2199.89,10.27,1
2210,DECODE,184,0,184,2200.89,10.18,1
2211,DECODE,184,0,184,2201.89,10.30,1
2212,DECODE,184,0,184,2202.89,10.25,1
2213,DECODE,184,0,184,2203.89,10.29,1
2214,DECODE,184,0,184,2204.89,10.20,1
2215,DECODE,184,0,184,2205.89,10.31,1
2216,DECODE,184,0,184,2206.89,10.15,1
2217,DECODE,184,0,184,2207.89,10.18,1
2218,DECODE,184,0,184,2208.89,10.16,1
2219,DECODE,184,0,184,2209.89,10.30,1
2220,DECODE,184,0,184,2210.89,10.17,1
2221,DECODE,184,0,184,2211.89,10.25,1
2222,DECODE,184,0,184,2212.89,10.08,1
2223,DECODE,184,0,184,2213.89,10.19,1
2224,DECODE,184,0,184,2214.89,10.23,1
2225,DECODE,184,0,184,2215.89,10.24,1
2226,DECODE,184,0,184,2216.89,10.15,1
2227,DECODE,183,0,183,2218.47,10.44,1
2228,DECODE,183,0,183,2219.47,10.15,1
2229,DECODE,183,0,183,2220.47,10.10,1
2230,DECODE,183,0,183,2221.47,10.16,1
2231,DECODE,183,0,183,2222.47,10.22,1
2232,DECODE,183,0,183,2223.47,10.14,1
2233,DECODE,183,0,183,2224.47,10.25,1
2234,DECODE,182,0,182,2225.24,10.37,1
2235,DECODE,181,0,181,2225.92,10.43,1
2236,DECODE,181,0,181,2226.92,9.95,1
2237,DECODE,181,0,181,2227.92,10.16,1
2238,DECODE,181,0,181,2228.92,10.04,1
2239,DECODE,181,0,181,2229.92,10.12,1
2240,DECODE,181,0,181,2230.92,10.05,1
2241,DECODE,181,0,181,2231.92,10.16,1
2242,DECODE,181,0,181,2232.92,10.57,1
2243,DECODE,181,0,181,2233.92,10.18,1
2244,DECODE,181,0,181,2234.92,10.18,1
2245,DECODE,181,0,181,2235.92,10.32,1
2246,DECODE,181,0,181,2236.92,10.19,1
2247,DECODE,181,0,181,2237.92,10.33,1
2248,DECODE,181,0,181,2238.92,10.33,1
2249,DECODE,180,0,180,2240.42,10.60,1
2250,DECODE,179,0,179,2241.37,10.34,1
2251,DECODE,179,0,179,2242.37,10.29,1
2252,DECODE,179,0,179,2243.37,10.13,1
2253,DECODE,179,0,179,2244.37,10.22,1
2254,DECODE,179,0,179,2245.37,10.22,1
2255,DECODE,178,0,178,2246.12,10.50,1
2256,DECODE,178,0,178,2247.12,10.16,1
2257,DECODE,178,0,178,2248.12,10.18,1
2258,DECODE,178,0,178,2249.12,10.16,1
2259,DECODE,178,0,178,2250.12,10.27,1
2260,DECODE,178,0,178,2251.12,10.23,1
2261,DECODE,178,0,178,2252.12,10.30,1
2262,DECODE,178,0,178,2253.12,10.22,1
2263,DECODE,178,0,178,2254.12,10.33,1
2264,DECODE,178,0,178,2255.12,10.28,1
2265,DECODE,178,0,178,2256.12,10.32,1
2266,DECODE,178,0,178,2257.12,10.20,1
2267,DECODE,178,0,178,2258.12,10.26,1
2268,DECODE,178,0,178,2259.12,10.27,1
2269,DECODE,178,0,178,2260.12,10.28,1
2270,DECODE,178,0,178,2261.12,10.22,1
2271,DECODE,178,0,178,2262.12,10.30,1
2272,DECODE,178,0,178,2263.12,10.31,1
2273,DECODE,178,0,178,2264.12,10.34,1
2274,DECODE,178,0,178,2265.12,10.25,1
2275,DECODE,178,0,178,2266.12,10.29,1
2276,DECODE,178,0,178,2267.12,10.34,1
2277,DECODE,178,0,178,2268.12,10.19,1
2278,DECODE,178,0,178,2269.12,10.23,1
2279,DECODE,177,0,177,2269.76,10.50,1
2280,DECODE,177,0,177,2270.76,10.27,1
2281,DECODE,177,0,177,2271.76,10.29,1
2282,DECODE,177,0,177,2272.76,10.54,1
2283,DECODE,177,0,177,2273.76,10.46,1
2284,DECODE,177,0,177,2274.76,10.19,1
2285,DECODE,177,0,177,2275.76,10.28,1
2286,DECODE,177,0,177,2276.76,10.24,1
2287,DECODE,177,0,177,2277.76,10.36,1
2288,DECODE,177,0,177,2278.76,10.35,1
2289,DECODE,177,0,177,2279.76,10.40,1
2290,DECODE,177,0,177,2280.76,10.25,1
2291,DECODE,177,0,177,2281.76,10.29,1
2292,DECODE,177,0,177,2282.76,9.48,1
2293,DECODE,177,0,177,2283.76,10.29,1
2294,DECODE,177,0,177,2284.76,10.20,1
2295,DECODE,177,0,177,2285.76,10.28,1
2296,DECODE,177,0,177,2286.76,10.26,1
2297,DECODE,177,0,177,2287.76,10.24,1
2298,DECODE,177,0,177,2288.76,10.25,1
2299,DECODE,177,0,177,2289.76,10.29,1
2300,DECODE,177,0,177,2290.76,10.20,1
2301,DECODE,177,0,177,2291.76,10.26,1
2302,DECODE,177,0,177,2292.76,10.34,1
2303,DECODE,177,0,177,2293.76,10.30,1
2304,DECODE,177,0,177,2294.76,10.29,1
2305,DECODE,177,0,177,2295.76,10.41,1
2306,DECODE,177,0,177,2296.76,10.26,1
2307,DECODE,177,0,177,2297.76,10.28,1
2308,DECODE,177,0,177,2298.76,10.28,1
2309,DECODE,177,0,177,2299.76,10.27,1
2310,DECODE,177,0,177,2300.76,10.23,1
2311,DECODE,177,0,177,2301.76,10.29,1
2312,DECODE,176,0,176,2303.37,12.23,1
2313,DECODE,176,0,176,2304.37,10.25,1
2314,DECODE,176,0,176,2305.37,10.26,1
2315,DECODE,176,0,176,2306.37,10.30,1
2316,DECODE,176,0,176,2307.37,10.35,1
2317,DECODE,176,0,176,2308.37,10.34,1
2318,DECODE,175,0,175,2309.88,10.51,1
2319,DECODE,175,0,175,2310.88,10.26,1
2320,DECODE,175,0,175,2311.88,10.27,1
2321,DECODE,175,0,175,2312.88,10.29,1
2322,DECODE,175,0,175,2313.88,10.23,1
2323,DECODE,175,0,175,2314.88,10.30,1
2324,DECODE,175,0,175,2315.88,10.32,1
2325,DECODE,175,0,175,2316.88,10.23,1
2326,DECODE,175,0,175,2317.88,10.23,1
2327,DECODE,175,0,175,2318.88,9.60,1
2328,DECODE,175,0,175,2319.88,9.54,1
2329,DECODE,175,0,175,2320.88,9.48,1
2330,DECODE,175,0,175,2321.88,9.41,1
2331,DECODE,175,0,175,2322.88,9.48,1
2332,DECODE,175,0,175,2323.88,9.44,1
2333,DECODE,175,0,175,2324.88,9.47,1
2334,DECODE,175,0,175,2325.88,9.40,1
2335,DECODE,174,0,174,2326.93,9.40,1
2336,DECODE,173,0,173,2328.14,9.41,1
2337,DECODE,173,0,173,2329.14,9.49,1
2338,DECODE,173,0,173,2330.14,9.25,1
2339,DECODE,173,0,173,2331.14,9.45,1
2340,DECODE,173,0,173,2332.14,9.42,1
2341,DECODE,173,0,173,2333.14,9.47,1
2342,DECODE,173,0,173,2334.14,9.47,1
2343,DECODE,173,0,173,2335.14,9.43,1
2344,DECODE,173,0,173,2336.14,9.41,1
2345,DECODE,173,0,173,2337.14,9.42,1
2346,DECODE,173,0,173,2338.14,10.07,1
2347,DECODE,173,0,173,2339.14,9.51,1
2348,DECODE,173,0,173,2340.14,9.46,1
2349,DECODE,173,0,173,2341.14,9.50,1
2350,DECODE,172,0,172,2342.53,9.52,1
2351,DECODE,172,0,172,2343.53,9.40,1
2352,DECODE,172,0,172,2344.53,9.39,1
2353,DECODE,172,0,172,2345.53,9.42,1
2354,DECODE,172,0,172,2346.53,9.39,1
2355,DECODE,172,0,172,2347.53,9.39,1
2356,DECODE,172,0,172,2348.53,9.38,1
2357,DECODE,172,0,172,2349.53,9.37,1
2358,DECODE,172,0,172,2350.53,9.35,1
2359,DECODE,172,0,172,2351.53,9.51,1
2360,DECODE,168,0,168,2347.57,10.63,1
2361,DECODE,168,0,168,2348.57,9.46,1
2362,DECODE,168,0,168,2349.57,9.37,1
2363,DECODE,168,0,168,2350.57,9.38,1
2364,DECODE,168,0,168,2351.57,9.50,1
2365,DECODE,164,0,164,2347.49,10.63,1
2366,DECODE,164,0,164,2348.49,10.27,1
2367,DECODE,164,0,164,2349.49,10.32,1
2368,DECODE,164,0,164,2350.49,10.32,1
2369,DECODE,164,0,164,2351.49,10.34,1
2370,DECODE,164,0,164,2352.49,10.21,1
2371,DECODE,164,0,164,2353.49,10.50,1
2372,DECODE,164,0,164,2354.49,10.31,1
2373,DECODE,164,0,164,2355.49,10.36,1
2374,DECODE,164,0,164,2356.49,10.21,1
2375,DECODE,164,0,164,2357.49,10.34,1
2376,DECODE,163,0,163,2358.84,10.47,1
2377,DECODE,163,0,163,2359.84,10.37,1
2378,DECODE,163,0,163,2360.84,10.19,1
2379,DECODE,163,0,163,2361.84,10.36,1
2380,DECODE,163,0,163,2362.84,10.16,1
2381,DECODE,163,0,163,2363.84,10.33,1
2382,DECODE,163,0,163,2364.84,10.28,1
2383,DECODE,163,0,163,2365.84,10.33,1
2384,DECODE,163,0,163,2366.84,10.31,1
2385,DECODE,163,0,163,2367.84,10.36,1
2386,DECODE,163,0,163,2368.84,10.29,1
2387,DECODE,163,0,163,2369.84,10.58,1
2388,DECODE,162,0,162,2370.51,10.59,1
2389,DECODE,162,0,162,2371.51,10.34,1
2390,DECODE,162,0,162,2372.51,10.29,1
2391,DECODE,162,0,162,2373.51,10.34,1
2392,DECODE,162,0,162,2374.51,10.32,1
2393,DECODE,162,0,162,2375.51,10.35,1
2394,DECODE,162,0,162,2376.51,10.49,1
2395,DECODE,162,0,162,2377.51,10.35,1
2396,DECODE,162,0,162,2378.51,9.43,1
2397,DECODE,161,0,161,2380.39,10.13,1
2398,DECODE,160,0,160,2381.29,9.37,1
2399,DECODE,160,0,160,2382.29,9.31,1
2400,DECODE,160,0,160,2383.29,9.20,1
2401,DECODE,160,0,160,2384.29,9.20,1
2402,DECODE,156,0,156,2380.78,9.24,1
2403,DECODE,156,0,156,2381.78,9.25,1
2404,DECODE,156,0,156,2382.78,9.32,1
2405,DECODE,156,0,156,2383.78,9.20,1
2406,DECODE,156,0,156,2384.78,9.22,1
2407,DECODE,156,0,156,2385.78,9.19,1
2408,DECODE,156,0,156,2386.78,9.29,1
2409,DECODE,156,0,156,2387.78,9.37,1
2410,DECODE,156,0,156,2388.78,10.13,1
2411,DECODE,156,0,156,2389.78,10.29,1
2412,DECODE,156,0,156,2390.78,10.17,1
2413,DECODE,152,0,152,2387.33,12.21,1
2414,DECODE,148,0,148,2383.66,10.56,1
2415,DECODE,148,0,148,2384.66,10.46,1
2416,DECODE,148,0,148,2385.66,10.23,1
2417,DECODE,148,0,148,2386.66,10.23,1
2418,DECODE,148,0,148,2387.66,10.19,1
2419,DECODE,148,0,148,2388.66,10.25,1
2420,DECODE,148,0,148,2389.66,10.22,1
2421,DECODE,148,0,148,2390.66,10.18,1
2422,DECODE,148,0,148,2391.66,10.10,1
2423,DECODE,148,0,148,2392.66,10.21,1
2424,DECODE,148,0,148,2393.66,10.17,1
2425,DECODE,147,0,147,2395.37,10.64,1
2426,DECODE,147,0,147,2396.37,10.20,1
2427,DECODE,147,0,147,2397.37,10.20,1
2428,DECODE,147,0,147,2398.37,10.13,1
2429,DECODE,146,0,146,2399.68,10.49,1
2430,DECODE,146,0,146,2400.68,10.40,1
2431,DECODE,146,0,146,2401.68,10.21,1
2432,DECODE,146,0,146,2402.68,10.34,1
2433,DECODE,146,0,146,2403.68,10.27,1
2434,DECODE,146,0,146,2404.68,10.36,1
2435,DECODE,146,0,146,2405.68,10.29,1
2436,DECODE,146,0,146,2406.68,10.24,1
2437,DECODE,146,0,146,2407.68,10.32,1
2438,DECODE,146,0,146,2408.68,10.28,1
2439,DECODE,146,0,146,2409.68,10.26,1
2440,DECODE,146,0,146,2410.68,10.22,1
2441,DECODE,146,0,146,2411.68,10.26,1
2442,DECODE,146,0,146,2412.68,10.22,1
2443,DECODE,146,0,146,2413.68,10.07,1
2444,DECODE,146,0,146,2414.68,10.19,1
2445,DECODE,146,0,146,2415.68,10.30,1
2446,DECODE,146,0,146,2416.68,10.17,1
2447,DECODE,142,0,142,2413.64,12.36,1
2448,DECODE,142,0,142,2414.64,10.30,1
2449,DECODE,142,0,142,2415.64,10.23,1
2450,DECODE,142,0,142,2416.64,10.17,1
2451,DECODE,142,0,142,2417.64,10.18,1
2452,DECODE,142,0,142,2418.64,10.19,1
2453,DECODE,142,0,142,2419.64,10.38,1
2454,DECODE,142,0,142,2420.64,10.19,1
2455,DECODE,141,0,141,2421.06,10.70,1
2456,DECODE,141,0,141,2422.06,10.37,1
2457,DECODE,137,0,137,2419.03,10.94,1
2458,DECODE,137,0,137,2420.03,10.33,1
2459,DECODE,133,0,133,2416.82,11.20,1
2460,DECODE,133,0,133,2417.82,10.22,1
2461,DECODE,133,0,133,2418.82,10.11,1
2462,DECODE,133,0,133,2419.82,9.74,1
2463,DECODE,133,0,133,2420.82,10.15,1
2464,DECODE,129,0,129,2417.50,9.18,1
2465,DECODE,129,0,129,2418.50,9.10,1
2466,DECODE,129,0,129,2419.50,8.98,1
2467,DECODE,129,0,129,2420.50,9.05,1
2468,DECODE,129,0,129,2421.50,9.15,1
2469,DECODE,125,0,125,2418.07,9.07,1
2470,DECODE,125,0,125,2419.07,8.85,1
2471,DECODE,125,0,125,2420.07,8.60,1
2472,DECODE,124,0,124,2420.39,8.85,1
2473,DECODE,124,0,124,2421.39,8.61,1
2474,DECODE,120,0,120,2417.77,10.56,1
2475,DECODE,120,0,120,2418.77,8.62,1
2476,DECODE,120,0,120,2419.77,8.58,1
2477,DECODE,120,0,120,2420.77,8.46,1
2478,DECODE,120,0,120,2421.77,8.33,1
2479,DECODE,120,0,120,2422.77,7.52,1
2480,DECODE,120,0,120,2423.77,7.57,1
2481,DECODE,120,0,120,2424.77,7.52,1
2482,DECODE,120,0,120,2425.77,7.51,1
2483,DECODE,120,0,120,2426.77,7.55,1
2484,DECODE,120,0,120,2427.77,7.52,1
2485,DECODE,120,0,120,2428.77,7.51,1
2486,DECODE,120,0,120,2429.77,7.50,1
2487,DECODE,120,0,120,2430.77,7.53,1
2488,DECODE,119,0,119,2431.10,7.57,1
2489,DECODE,119,0,119,2432.10,7.55,1
2490,DECODE,118,0,118,2432.12,7.50,1
2491,DECODE,114,0,114,2428.63,7.48,1
2492,DECODE,114,0,114,2429.63,7.43,1
2493,DECODE,114,0,114,2430.63,7.45,1
2494,DECODE,114,0,114,2431.63,7.39,1
2495,DECODE,114,0,114,2432.63,7.41,1
2496,DECODE,114,0,114,2433.63,7.37,1
2497,DECODE,114,0,114,2434.63,7.36,1
2498,DECODE,114,0,114,2435.63,7.40,1
2499,DECODE,109,0,109,2432.74,8.27,1
2500,DECODE,109,0,109,2433.74,7.27,1
2501,DECODE,109,0,109,2434.74,7.30,1
2502,DECODE,106,0,106,2432.20,7.29,1
2503,DECODE,106,0,106,2433.20,7.25,1
2504,DECODE,106,0,106,2434.20,7.23,1
2505,DECODE,106,0,106,2435.20,7.22,1
2506,DECODE,105,0,105,2436.47,7.91,1
2507,DECODE,103,0,103,2435.07,8.52,1
2508,DECODE,103,0,103,2436.07,7.28,1
2509,DECODE,103,0,103,2437.07,7.31,1
2510,DECODE,103,0,103,2438.07,7.27,1
2511,DECODE,103,0,103,2439.07,7.21,1
2512,DECODE,99,0,99,2435.18,7.04,1
2513,DECODE,99,0,99,2436.18,7.23,1
2514,DECODE,99,0,99,2437.18,7.15,1
2515,DECODE,95,0,95,2433.01,7.04,1
2516,DECODE,95,0,95,2434.01,6.97,1
2517,DECODE,95,0,95,2435.01,6.95,1
2518,DECODE,91,0,91,2430.52,6.88,1
2519,DECODE,91,0,91,2431.52,6.89,1
2520,DECODE,87,0,87,2426.61,7.87,1
2521,DECODE,87,0,87,2427.61,6.84,1
2522,DECODE,87,0,87,2428.61,6.83,1
2523,DECODE,87,0,87,2429.61,6.83,1
2524,DECODE,87,0,87,2430.61,6.82,1
2525,DECODE,86,0,86,2430.10,6.81,1
2526,DECODE,86,0,86,2431.10,6.75,1
2527,DECODE,85,0,85,2430.59,6.82,1
2528,DECODE,84,0,84,2430.05,6.79,1
2529,DECODE,84,0,84,2431.05,6.75,1
2530,DECODE,84,0,84,2432.05,6.78,1
2531,DECODE,84,0,84,2433.05,6.74,1
2532,DECODE,84,0,84,2434.05,6.77,1
2533,DECODE,84,0,84,2435.05,8.43,1
2534,DECODE,84,0,84,2436.05,7.49,1
2535,DECODE,84,0,84,2437.05,7.79,1
2536,DECODE,84,0,84,2438.05,7.66,1
2537,DECODE,84,0,84,2439.05,7.73,1
2538,DECODE,84,0,84,2440.05,7.62,1
2539,DECODE,84,0,84,2441.05,7.70,1
2540,DECODE,84,0,84,2442.05,7.62,1
2541,DECODE,84,0,84,2443.05,7.73,1
2542,DECODE,84,0,84,2444.05,7.67,1
2543,DECODE,84,0,84,2445.05,7.64,1
2544,DECODE,84,0,84,2446.05,7.75,1
2545,DECODE,83,0,83,2446.42,7.88,1
2546,DECODE,83,0,83,2447.42,7.76,1
2547,DECODE,82,0,82,2447.78,7.63,1
2548,DECODE,82,0,82,2448.78,7.74,1
2549,DECODE,82,0,82,2449.78,7.68,1
2550,DECODE,82,0,82,2450.78,8.03,1
2551,DECODE,82,0,82,2451.78,7.54,1
2552,DECODE,82,0,82,2452.78,7.78,1
2553,DECODE,82,0,82,2453.78,7.72,1
2554,DECODE,82,0,82,2454.78,7.69,1
2555,DECODE,82,0,82,2455.78,7.79,1
2556,DECODE,82,0,82,2456.78,7.74,1
2557,DECODE,82,0,82,2457.78,7.73,1
2558,DECODE,82,0,82,2458.78,7.72,1
2559,DECODE,82,0,82,2459.78,7.88,1
2560,DECODE,82,0,82,2460.78,7.60,1
2561,DECODE,81,0,81,2460.56,7.98,1
2562,DECODE,81,0,81,2461.56,7.80,1
2563,DECODE,81,0,81,2462.56,7.66,1
2564,DECODE,81,0,81,2463.56,7.84,1
2565,DECODE,81,0,81,2464.56,7.57,1
2566,DECODE,81,0,81,2465.56,7.72,1
2567,DECODE,81,0,81,2466.56,7.73,1
2568,DECODE,81,0,81,2467.56,7.77,1
2569,DECODE,81,0,81,2468.56,7.70,1
2570,DECODE,81,0,81,2469.56,7.79,1
2571,DECODE,81,0,81,2470.56,7.58,1
2572,DECODE,81,0,81,2471.56,7.71,1
2573,DECODE,81,0,81,2472.56,7.66,1
2574,DECODE,81,0,81,2473.56,7.81,1
2575,DECODE,81,0,81,2474.56,7.80,1
2576,DECODE,81,0,81,2475.56,7.78,1
2577,DECODE,77,0,77,2473.32,9.45,1
2578,DECODE,77,0,77,2474.32,7.78,1
2579,DECODE,77,0,77,2475.32,7.66,1
2580,DECODE,77,0,77,2476.32,7.58,1
2581,DECODE,73,0,73,2472.74,8.22,1
2582,DECODE,73,0,73,2473.74,7.99,1
2583,DECODE,73,0,73,2474.74,7.64,1
2584,DECODE,73,0,73,2475.74,7.61,1
2585,DECODE,73,0,73,2476.74,7.72,1
2586,DECODE,73,0,73,2477.74,7.68,1
2587,DECODE,73,0,73,2478.74,7.63,1
2588,DECODE,73,0,73,2479.74,7.67,1
2589,DECODE,73,0,73,2480.74,7.68,1
2590,DECODE,73,0,73,2481.74,7.75,1
2591,DECODE,73,0,73,2482.74,7.62,1
2592,DECODE,73,0,73,2483.74,7.61,1
2593,DECODE,73,0,73,2484.74,7.74,1
2594,DECODE,73,0,73,2485.74,7.67,1
2595,DECODE,73,0,73,2486.74,7.71,1
2596,DECODE,73,0,73,2487.74,7.80,1
2597,DECODE,73,0,73,2488.74,7.61,1
2598,DECODE,73,0,73,2489.74,7.69,1
2599,DECODE,73,0,73,2490.74,7.67,1
2600,DECODE,73,0,73,2491.74,7.74,1
2601,DECODE,73,0,73,2492.74,7.49,1
2602,DECODE,73,0,73,2493.74,7.67,1
2603,DECODE,73,0,73,2494.74,7.61,1
2604,DECODE,73,0,73,2495.74,7.70,1
2605,DECODE,73,0,73,2496.74,7.53,1
2606,DECODE,73,0,73,2497.74,7.65,1
2607,DECODE,73,0,73,2498.74,7.65,1
2608,DECODE,69,0,69,2496.19,9.61,1
2609,DECODE,69,0,69,2497.19,7.68,1
2610,DECODE,69,0,69,2498.19,7.59,1
2611,DECODE,69,0,69,2499.19,7.62,1
2612,DECODE,69,0,69,2500.19,7.64,1
2613,DECODE,69,0,69,2501.19,7.62,1
2614,DECODE,69,0,69,2502.19,7.63,1
2615,DECODE,69,0,69,2503.19,6.79,1
2616,DECODE,69,0,69,2504.19,6.78,1
2617,DECODE,69,0,69,2505.19,6.72,1
2618,DECODE,69,0,69,2506.19,6.78,1
2619,DECODE,69,0,69,2507.19,6.83,1
2620,DECODE,69,0,69,2508.19,6.76,1
2621,DECODE,69,0,69,2509.19,6.82,1
2622,DECODE,69,0,69,2510.19,6.77,1
2623,DECODE,69,0,69,2511.19,6.81,1
2624,DECODE,69,0,69,2512.19,6.78,1
2625,DECODE,69,0,69,2513.19,6.88,1
2626,DECODE,69,0,69,2514.19,6.73,1
2627,DECODE,69,0,69,2515.19,6.85,1
2628,DECODE,69,0,69,2516.19,6.77,1
2629,DECODE,65,0,65,2514.49,5.68,1
2630,DECODE,65,0,65,2515.49,5.59,1
2631,DECODE,65,0,65,2516.49,5.64,1
2632,DECODE,65,0,65,2517.49,5.55,1
2633,DECODE,65,0,65,2518.49,5.60,1
2634,DECODE,65,0,65,2519.49,5.55,1
2635,DECODE,65,0,65,2520.49,5.61,1
2636,DECODE,65,0,65,2521.49,5.57,1
2637,DECODE,65,0,65,2522.49,5.56,1
2638,DECODE,65,0,65,2523.49,5.51,1
2639,DECODE,61,0,61,2522.10,6.41,1
2640,DECODE,61,0,61,2523.10,5.49,1
2641,DECODE,61,0,61,2524.10,5.45,1
2642,DECODE,57,0,57,2522.58,5.34,1
2643,DECODE,57,0,57,2523.58,5.31,1
2644,DECODE,57,0,57,2524.58,5.35,1
2645,DECODE,54,0,54,2523.61,6.28,1
2646,DECODE,54,0,54,2524.61,5.18,1
2647,DECODE,54,0,54,2525.61,5.23,1
2648,DECODE,54,0,54,2526.61,5.24,1
2649,DECODE,54,0,54,2527.61,5.24,1
2650,DECODE,54,0,54,2528.61,5.27,1
2651,DECODE,50,0,50,2527.10,5.16,1
2652,DECODE,50,0,50,2528.10,5.22,1
2653,DECODE,49,0,49,2529.61,5.18,1
2654,DECODE,41,0,41,2524.68,6.04,1
2655,DECODE,41,0,41,2525.68,5.11,1
2656,DECODE,41,0,41,2526.68,5.06,1
2657,DECODE,37,0,37,2524.08,5.91,1
2658,DECODE,37,0,37,2525.08,5.00,1
2659,DECODE,37,0,37,2526.08,4.94,1
2660,DECODE,37,0,37,2527.08,4.96,1
2661,DECODE,37,0,37,2528.08,4.92,1
2662,DECODE,37,0,37,2529.08,5.00,1
2663,DECODE,37,0,37,2530.08,4.92,1
2664,DECODE,37,0,37,2531.08,5.03,1
2665,DECODE,37,0,37,2532.08,4.95,1
2666,DECODE,34,0,34,2530.62,5.00,1
2667,DECODE,34,0,34,2531.62,4.89,1
2668,DECODE,34,0,34,2532.62,5.01,1
2669,DECODE,34,0,34,2533.62,4.93,1
2670,DECODE,34,0,34,2534.62,5.02,1
2671,DECODE,34,0,34,2535.62,4.87,1
2672,DECODE,34,0,34,2536.62,5.04,1
2673,DECODE,34,0,34,2537.62,4.90,1
2674,DECODE,34,0,34,2538.62,5.01,1
2675,DECODE,34,0,34,2539.62,5.49,1
2676,DECODE,34,0,34,2540.62,5.03,1
2677,DECODE,33,0,33,2541.03,4.49,1
2678,DECODE,33,0,33,2542.03,4.48,1
2679,DECODE,29,0,29,2540.55,5.15,1
2680,DECODE,25,0,25,2538.44,4.30,1
2681,DECODE,25,0,25,2539.44,4.24,1
2682,DECODE,25,0,25,2540.44,4.23,1
2683,DECODE,25,0,25,2541.44,4.34,1
2684,DECODE,25,0,25,2542.44,4.40,1
2685,DECODE,25,0,25,2543.44,4.34,1
2686,DECODE,25,0,25,2544.44,4.31,1
2687,DECODE,25,0,25,2545.44,4.27,1
2688,DECODE,25,0,25,2546.44,4.63,1
2689,DECODE,21,0,21,2544.86,4.70,1
2690,DECODE,21,0,21,2545.86,3.84,1
2691,DECODE,17,0,17,2543.53,3.90,1
2692,DECODE,17,0,17,2544.53,3.95,1
2693,DECODE,17,0,17,2545.53,3.95,1
2694,DECODE,17,0,17,2546.53,3.95,1
2695,DECODE,11,0,11,2540.18,4.35,1
2696,DECODE,11,0,11,2541.18,3.37,1
2697,DECODE,11,0,11,2542.18,3.42,1
2698,DECODE,11,0,11,2543.18,3.52,1
2699,DECODE,11,0,11,2544.18,3.40,1
2700,DECODE,11,0,11,2545.18,3.52,1
2701,DECODE,11,0,11,2546.18,3.34,1
2702,DECODE,11,0,11,2547.18,3.49,1
2703,DECODE,11,0,11,2548.18,3.39,1
2704,DECODE,11,0,11,2549.18,3.40,1
2705,DECODE,11,0,11,2550.18,3.41,1
2706,DECODE,11,0,11,2551.18,3.46,1
2707,DECODE,11,0,11,2552.18,3.39,1
2708,DECODE,11,0,11,2553.18,3.50,1
2709,DECODE,11,0,11,2554.18,3.45,1
2710,DECODE,8,0,8,2553.00,4.14,1
2711,DECODE,8,0,8,2554.00,3.25,1
2712,DECODE,8,0,8,2555.00,4.35,1
2713,DECODE,4,0,4,2551.00,4.69,1
2714,DECODE,4,0,4,2552.00,3.63,1
2715,DECODE,4,0,4,2553.00,3.58,1
2716,DECODE,4,0,4,2554.00,3.59,1
2717,DECODE,4,0,4,2555.00,3.56,1
2718,DECODE,4,0,4,2556.00,3.65,1
2719,DECODE,4,0,4,2557.00,3.55,1
2720,DECODE,4,0,4,2558.00,3.57,1
2721,DECODE,4,0,4,2559.00,3.60,1
2722,DECODE,4,0,4,2560.00,3.58,1
2723,EXTEND,4,199,0,49.75,33.99,1
2724,EXTEND,87,8192,0,94.16,66.98,1
2725,EXTEND,50,4195,0,89.04,27.73,1
2726,DECODE,140,0,140,92.14,5.04,1
2727,DECODE,140,0,140,93.14,4.60,1
2728,DECODE,140,0,140,94.14,4.60,1
2729,DECODE,140,0,140,95.14,4.59,1
2730,DECODE,140,0,140,96.14,4.57,1
2731,DECODE,140,0,140,97.14,4.57,1
2732,DECODE,140,0,140,98.14,4.54,1
2733,DECODE,140,0,140,99.14,4.57,1
2734,DECODE,140,0,140,100.14,4.55,1
2735,DECODE,140,0,140,101.14,4.59,1
2736,DECODE,140,0,140,102.14,4.60,1
2737,DECODE,140,0,140,103.14,4.60,1
2738,DECODE,140,0,140,104.14,4.61,1
2739,DECODE,140,0,140,105.14,5.10,1
2740,DECODE,140,0,140,106.14,5.06,1
2741,DECODE,140,0,140,107.14,5.24,1
2742,DECODE,140,0,140,108.14,5.11,1
2743,DECODE,140,0,140,109.14,5.12,1
2744,DECODE,140,0,140,110.14,5.36,1
2745,DECODE,140,0,140,111.14,5.32,1
2746,DECODE,140,0,140,112.14,5.43,1
2747,DECODE,140,0,140,113.14,5.39,1
2748,DECODE,140,0,140,114.14,5.47,1
2749,DECODE,140,0,140,115.14,5.45,1
2750,DECODE,140,0,140,116.14,5.38,1
2751,DECODE,140,0,140,117.14,5.44,1
2752,DECODE,140,0,140,118.14,5.45,1
2753,DECODE,140,0,140,119.14,5.39,1
2754,DECODE,140,0,140,120.14,5.39,1
2755,DECODE,140,0,140,121.14,5.50,1
2756,DECODE,140,0,140,122.14,5.40,1
2757,DECODE,140,0,140,123.14,5.38,1
2758,DECODE,140,0,140,124.14,5.46,1
2759,DECODE,140,0,140,125.14,5.43,1
2760,DECODE,140,0,140,126.14,5.38,1
2761,DECODE,140,0,140,127.14,5.49,1
2762,DECODE,140,0,140,128.14,5.43,1
2763,DECODE,140,0,140,129.14,5.42,1
2764,DECODE,140,0,140,130.14,5.47,1
2765,DECODE,140,0,140,131.14,5.37,1
2766,DECODE,140,0,140,132.14,6.46,1
2767,DECODE,140,0,140,133.14,5.30,1
2768,DECODE,140,0,140,134.14,5.50,1
2769,DECODE,140,0,140,135.14,7.24,1
2770,DECODE,140,0,140,136.14,5.70,1
2771,DECODE,140,0,140,137.14,5.68,1
2772,DECODE,140,0,140,138.14,5.68,1
2773,DECODE,140,0,140,139.14,5.90,1
2774,DECODE,140,0,140,140.14,6.14,1
2775,DECODE,140,0,140,141.14,6.15,1
2776,DECODE,140,0,140,142.14,6.13,1
2777,DECODE,140,0,140,143.14,6.12,1
2778,DECODE,140,0,140,144.14,6.16,1
2779,DECODE,140,0,140,145.14,6.12,1
2780,DECODE,140,0,140,146.14,6.21,1
2781,DECODE,140,0,140,147.14,6.21,1
2782,DECODE,140,0,140,148.14,6.22,1
2783,DECODE,140,0,140,149.14,6.17,1
2784,DECODE,140,0,140,150.14,6.21,1
2785,DECODE,140,0,140,151.14,6.22,1
2786,DECODE,140,0,140,152.14,6.82,1
2787,DECODE,140,0,140,153.14,5.69,1
2788,DECODE,140,0,140,154.14,5.62,1
2789,DECODE,140,0,140,155.14,5.55,1
2790,DECODE,140,0,140,156.14,5.51,1
2791,DECODE,140,0,140,157.14,5.53,1
2792,DECODE,140,0,140,158.14,5.62,1
2793,DECODE,140,0,140,159.14,5.54,1
2794,DECODE,140,0,140,160.14,5.51,1
2795,DECODE,140,0,140,161.14,5.62,1
2796,DECODE,140,0,140,162.14,5.68,1
2797,DECODE,140,0,140,163.14,5.48,1
2798,DECODE,140,0,140,164.14,5.59,1
2799,EXTEND,2,114,0,62.50,48.03,1
2800,EXTEND,100,8192,0,87.16,47.26,1
2801,EXTEND,104,8192,0,84.12,57.42,1
2802,EXTEND,88,8192,0,99.42,48.82,1
2803,EXTEND,44,3923,0,101.57,30.94,1
2804,DECODE,475,0,475,113.26,12.12,1
2805,DECODE,475,0,475,114.26,7.63,1
2806,DECODE,475,0,475,115.26,7.78,1
2807,DECODE,475,0,475,116.26,7.72,1
2808,DECODE,475,0,475,117.26,7.95,1
2809,DECODE,475,0,475,118.26,7.80,1
2810,DECODE,475,0,475,119.26,8.10,1
2811,DECODE,475,0,475,120.26,7.84,1
2812,DECODE,475,0,475,121.26,8.44,1
2813,DECODE,475,0,475,122.26,8.57,1
2814,DECODE,475,0,475,123.26,10.30,1
2815,DECODE,475,0,475,124.26,8.75,1
2816,DECODE,475,0,475,125.26,8.54,1
2817,DECODE,475,0,475,126.26,8.49,1
2818,DECODE,475,0,475,127.26,8.89,1
2819,DECODE,475,0,475,128.26,8.90,1
2820,DECODE,475,0,475,129.26,8.86,1
2821,DECODE,475,0,475,130.26,8.87,1
2822,DECODE,475,0,475,131.26,8.88,1
2823,DECODE,475,0,475,132.26,9.09,1
2824,DECODE,475,0,475,133.26,8.71,1
2825,DECODE,475,0,475,134.26,8.69,1
2826,DECODE,475,0,475,135.26,8.73,1
2827,DECODE,475,0,475,136.26,8.68,1
2828,DECODE,475,0,475,137.26,8.65,1
2829,DECODE,475,0,475,138.26,8.69,1
2830,DECODE,475,0,475,139.26,8.71,1
2831,DECODE,475,0,475,140.26,8.78,1
2832,DECODE,475,0,475,141.26,8.79,1
2833,DECODE,475,0,475,142.26,8.88,1
2834,DECODE,475,0,475,143.26,8.86,1
2835,DECODE,475,0,475,144.26,8.84,1
2836,DECODE,475,0,475,145.26,8.81,1
2837,DECODE,475,0,475,146.26,8.89,1
2838,DECODE,475,0,475,147.26,8.85,1
2839,DECODE,475,0,475,148.26,8.89,1
2840,DECODE,475,0,475,149.26,8.85,1
2841,DECODE,475,0,475,150.26,8.96,1
2842,DECODE,475,0,475,151.26,8.89,1
2843,DECODE,475,0,475,152.26,8.92,1
2844,DECODE,475,0,475,153.26,8.89,1
2845,DECODE,475,0,475,154.26,8.91,1
2846,DECODE,475,0,475,155.26,8.90,1
2847,DECODE,475,0,475,156.26,8.90,1
2848,DECODE,475,0,475,157.26,8.90,1
2849,DECODE,475,0,475,158.26,8.94,1
2850,DECODE,475,0,475,159.26,8.95,1
2851,DECODE,475,0,475,160.26,8.92,1
2852,DECODE,475,0,475,161.26,9.24,1
2853,DECODE,475,0,475,162.26,9.01,1
2854,DECODE,475,0,475,163.26,8.93,1
2855,DECODE,475,0,475,164.26,8.97,1
2856,DECODE,475,0,475,165.26,8.98,1
2857,DECODE,475,0,475,166.26,8.95,1
2858,DECODE,475,0,475,167.26,8.95,1
2859,DECODE,475,0,475,168.26,8.98,1
2860,DECODE,475,0,475,169.26,8.99,1
2861,DECODE,475,0,475,170.26,8.96,1
2862,DECODE,475,0,475,171.26,8.99,1
2863,DECODE,475,0,475,172.26,9.00,1
2864,DECODE,475,0,475,173.26,9.02,1
2865,DECODE,475,0,475,174.26,9.07,1
2866,DECODE,475,0,475,175.26,9.03,1
2867,DECODE,475,0,475,176.26,9.04,1
2868,DECODE,475,0,475,177.26,9.07,1
2869,DECODE,475,0,475,178.26,9.04,1
2870,DECODE,475,0,475,179.26,9.03,1
2871,DECODE,475,0,475,180.26,9.05,1
2872,DECODE,475,0,475,181.26,9.10,1
2873,DECODE,475,0,475,182.26,9.15,1
2874,DECODE,475,0,475,183.26,8.10,1
2875,DECODE,475,0,475,184.26,8.83,1
2876,DECODE,475,0,475,185.26,8.84,1
2877,DECODE,475,0,475,186.26,8.82,1
2878,DECODE,475,0,475,187.26,8.83,1
2879,DECODE,475,0,475,188.26,8.81,1
2880,DECODE,475,0,475,189.26,8.96,1
2881,DECODE,475,0,475,190.26,8.98,1
2882,DECODE,475,0,475,191.26,8.82,1
2883,DECODE,475,0,475,192.26,9.70,1
2884,DECODE,475,0,475,193.26,9.17,1
2885,DECODE,475,0,475,194.26,9.28,1
2886,DECODE,475,0,475,195.26,9.23,1
2887,DECODE,475,0,475,196.26,9.18,1
2888,DECODE,475,0,475,197.26,9.10,1
2889,DECODE,475,0,475,198.26,9.17,1
2890,DECODE,475,0,475,199.26,9.16,1
2891,DECODE,475,0,475,200.26,9.19,1
2892,DECODE,475,0,475,201.26,9.13,1
2893,DECODE,475,0,475,202.26,9.29,1
2894,DECODE,475,0,475,203.26,9.20,1
2895,DECODE,475,0,475,204.26,9.19,1
2896,DECODE,475,0,475,205.26,9.21,1
2897,DECODE,475,0,475,206.26,9.20,1
2898,DECODE,475,0,475,207.26,9.16,1
2899,DECODE,475,0,475,208.26,9.27,1
2900,DECODE,475,0,475,209.26,9.25,1
2901,DECODE,475,0,475,210.26,9.31,1
2902,DECODE,475,0,475,211.26,9.29,1
2903,DECODE,475,0,475,212.26,9.24,1
2904,DECODE,475,0,475,213.26,9.23,1
2905,DECODE,475,0,475,214.26,9.22,1
2906,DECODE,475,0,475,215.26,9.28,1
2907,DECODE,475,0,475,216.26,9.25,1
2908,DECODE,475,0,475,217.26,9.25,1
2909,DECODE,475,0,475,218.26,9.23,1
2910,DECODE,475,0,475,219.26,9.31,1
2911,DECODE,475,0,475,220.26,9.39,1
2912,DECODE,475,0,475,221.26,9.38,1
2913,DECODE,475,0,475,222.26,9.34,1
2914,DECODE,475,0,475,223.26,9.33,1
2915,DECODE,475,0,475,224.26,9.38,1
2916,DECODE,475,0,475,225.26,9.29,1
2917,DECODE,475,0,475,226.26,9.31,1
2918,DECODE,475,0,475,227.26,9.33,1
2919,DECODE,475,0,475,228.26,9.37,1
2920,DECODE,475,0,475,229.26,9.40,1
2921,DECODE,475,0,475,230.26,9.38,1
2922,DECODE,475,0,475,231.26,9.39,1
2923,DECODE,475,0,475,232.26,9.33,1
2924,DECODE,475,0,475,233.26,9.45,1
2925,DECODE,475,0,475,234.26,9.50,1
2926,DECODE,475,0,475,235.26,9.54,1
2927,DECODE,475,0,475,236.26,9.55,1
2928,DECODE,475,0,475,237.26,9.43,1
2929,DECODE,475,0,475,238.26,9.48,1
2930,DECODE,475,0,475,239.26,9.40,1
2931,DECODE,475,0,475,240.26,9.44,1
2932,DECODE,475,0,475,241.26,9.51,1
2933,DECODE,475,0,475,242.26,9.45,1
2934,DECODE,475,0,475,243.26,9.30,1
2935,DECODE,475,0,475,244.26,9.27,1
2936,DECODE,475,0,475,245.26,9.13,1
2937,DECODE,475,0,475,246.26,8.48,1
2938,DECODE,475,0,475,247.26,8.48,1
2939,DECODE,475,0,475,248.26,8.50,1
2940,DECODE,475,0,475,249.26,8.55,1
2941,DECODE,475,0,475,250.26,9.47,1
2942,DECODE,475,0,475,251.26,9.50,1
2943,DECODE,475,0,475,252.26,9.52,1
2944,DECODE,475,0,475,253.26,9.52,1
2945,DECODE,475,0,475,254.26,9.64,1
2946,DECODE,475,0,475,255.26,9.51,1
2947,DECODE,475,0,475,256.26,9.50,1
2948,DECODE,475,0,475,257.26,9.48,1
2949,DECODE,475,0,475,258.26,9.53,1
2950,DECODE,475,0,475,259.26,9.41,1
2951,DECODE,475,0,475,260.26,9.55,1
2952,DECODE,475,0,475,261.26,9.49,1
2953,DECODE,475,0,475,262.26,9.07,1
2954,DECODE,475,0,475,263.26,9.46,1
2955,DECODE,475,0,475,264.26,9.51,1
2956,DECODE,475,0,475,265.26,9.50,1
2957,DECODE,475,0,475,266.26,9.44,1
2958,DECODE,475,0,475,267.26,9.52,1
2959,DECODE,475,0,475,268.26,9.44,1
2960,DECODE,475,0,475,269.26,9.53,1
2961,DECODE,475,0,475,270.26,9.62,1
2962,DECODE,475,0,475,271.26,9.58,1
2963,DECODE,475,0,475,272.26,9.83,1
2964,DECODE,475,0,475,273.26,9.61,1
2965,DECODE,475,0,475,274.26,10.60,1
2966,DECODE,475,0,475,275.26,9.60,1
2967,DECODE,475,0,475,276.26,9.64,1
2968,DECODE,475,0,475,277.26,9.55,1
2969,DECODE,475,0,475,278.26,9.62,1
2970,DECODE,475,0,475,279.26,9.54,1
2971,DECODE,475,0,475,280.26,9.57,1
2972,DECODE,475,0,475,281.26,9.83,1
2973,DECODE,475,0,475,282.26,9.69,1
2974,DECODE,475,0,475,283.26,9.69,1
2975,DECODE,475,0,475,284.26,9.67,1
2976,DECODE,475,0,475,285.26,9.68,1
2977,DECODE,475,0,475,286.26,9.75,1
2978,DECODE,475,0,475,287.26,9.91,1
2979,DECODE,475,0,475,288.26,9.58,1
2980,DECODE,475,0,475,289.26,9.74,1
2981,DECODE,475,0,475,290.26,9.68,1
2982,DECODE,475,0,475,291.26,9.67,1
2983,DECODE,475,0,475,292.26,9.72,1
2984,DECODE,475,0,475,293.26,9.84,1
2985,DECODE,475,0,475,294.26,9.69,1
2986,DECODE,475,0,475,295.26,9.65,1
2987,DECODE,475,0,475,296.26,9.71,1
2988,DECODE,475,0,475,297.26,9.78,1
2989,DECODE,475,0,475,298.26,9.79,1
2990,DECODE,475,0,475,299.26,9.80,1
2991,DECODE,475,0,475,300.26,9.98,1
2992,DECODE,475,0,475,301.26,9.85,1
2993,DECODE,475,0,475,302.26,9.79,1
2994,DECODE,475,0,475,303.26,9.87,1
2995,DECODE,475,0,475,304.26,9.91,1
2996,DECODE,475,0,475,305.26,9.93,1
2997,DECODE,475,0,475,306.26,9.89,1
2998,DECODE,475,0,475,307.26,9.84,1
2999,DECODE,475,0,475,308.26,9.83,1
3000,DECODE,475,0,475,309.26,9.86,1
3001,DECODE,475,0,475,310.26,9.83,1
3002,DECODE,475,0,475,311.26,10.03,1
3003,DECODE,475,0,475,312.26,9.95,1
3004,DECODE,475,0,475,313.26,9.93,1
3005,DECODE,475,0,475,314.26,9.86,1
3006,DECODE,475,0,475,315.26,9.88,1
3007,DECODE,475,0,475,316.26,9.94,1
3008,DECODE,475,0,475,317.26,9.96,1
3009,DECODE,475,0,475,318.26,10.12,1
3010,DECODE,475,0,475,319.26,10.02,1
3011,DECODE,475,0,475,320.26,9.99,1
3012,DECODE,475,0,475,321.26,10.69,1
3013,DECODE,475,0,475,322.26,9.98,1
3014,DECODE,475,0,475,323.26,10.02,1
3015,DECODE,475,0,475,324.26,10.13,1
3016,DECODE,475,0,475,325.26,9.94,1
3017,DECODE,475,0,475,326.26,10.00,1
3018,DECODE,475,0,475,327.26,10.11,1
3019,DECODE,475,0,475,328.26,10.02,1
3020,DECODE,475,0,475,329.26,10.07,1
3021,DECODE,475,0,475,330.26,10.16,1
3022,DECODE,475,0,475,331.26,9.99,1
3023,DECODE,475,0,475,332.26,10.14,1
3024,DECODE,475,0,475,333.26,10.10,1
3025,DECODE,475,0,475,334.26,10.16,1
3026,DECODE,475,0,475,335.26,10.12,1
3027,DECODE,475,0,475,336.26,10.25,1
3028,DECODE,475,0,475,337.26,10.05,1
3029,DECODE,475,0,475,338.26,10.22,1
3030,DECODE,475,0,475,339.26,10.11,1
3031,DECODE,475,0,475,340.26,10.17,1
3032,DECODE,475,0,475,341.26,10.12,1
3033,DECODE,475,0,475,342.26,10.24,1
3034,DECODE,475,0,475,343.26,10.17,1
3035,DECODE,475,0,475,344.26,10.15,1
3036,DECODE,475,0,475,345.26,10.18,1
3037,DECODE,475,0,475,346.26,10.23,1
3038,DECODE,475,0,475,347.26,10.20,1
3039,DECODE,475,0,475,348.26,11.41,1
3040,DECODE,475,0,475,349.26,10.20,1
3041,DECODE,475,0,475,350.26,10.18,1
3042,DECODE,475,0,475,351.26,10.20,1
3043,DECODE,475,0,475,352.26,10.27,1
3044,DECODE,475,0,475,353.26,10.27,1
3045,DECODE,475,0,475,354.26,10.31,1
3046,DECODE,475,0,475,355.26,10.36,1
3047,DECODE,475,0,475,356.26,10.29,1
3048,DECODE,475,0,475,357.26,10.26,1
3049,DECODE,475,0,475,358.26,10.30,1
3050,DECODE,475,0,475,359.26,10.26,1
3051,DECODE,475,0,475,360.26,10.50,1
3052,DECODE,475,0,475,361.26,10.13,1
3053,DECODE,475,0,475,362.26,10.07,1
3054,DECODE,475,0,475,363.26,10.15,1
3055,DECODE,475,0,475,364.26,10.20,1
3056,DECODE,475,0,475,365.26,10.25,1
3057,DECODE,475,0,475,366.26,10.33,1
3058,DECODE,475,0,475,367.26,10.18,1
3059,DECODE,475,0,475,368.26,10.23,1
3060,DECODE,475,0,475,369.26,10.24,1
3061,DECODE,475,0,475,370.26,10.26,1
3062,DECODE,475,0,475,371.26,10.23,1
3063,DECODE,475,0,475,372.26,10.49,1
3064,DECODE,475,0,475,373.26,10.31,1
3065,DECODE,475,0,475,374.26,10.35,1
3066,DECODE,475,0,475,375.26,10.60,1
3067,DECODE,475,0,475,376.26,10.36,1
3068,DECODE,475,0,475,377.26,10.35,1
3069,DECODE,475,0,475,378.26,10.48,1
3070,DECODE,475,0,475,379.26,10.38,1
3071,DECODE,475,0,475,380.26,10.38,1
3072,DECODE,475,0,475,381.26,10.34,1
3073,DECODE,475,0,475,382.26,10.39,1
3074,DECODE,475,0,475,383.26,10.42,1
3075,DECODE,475,0,475,384.26,10.27,1
3076,DECODE,475,0,475,385.26,10.36,1
3077,DECODE,475,0,475,386.26,10.31,1
3078,DECODE,475,0,475,387.26,10.33,1
3079,DECODE,475,0,475,388.26,10.35,1
3080,DECODE,475,0,475,389.26,10.26,1
3081,DECODE,475,0,475,390.26,10.42,1
3082,DECODE,475,0,475,391.26,10.11,1
3083,DECODE,475,0,475,392.26,10.26,1
3084,DECODE,475,0,475,393.26,10.26,1
3085,DECODE,475,0,475,394.26,10.26,1
3086,DECODE,475,0,475,395.26,10.31,1
3087,DECODE,475,0,475,396.26,10.44,1
3088,DECODE,475,0,475,397.26,10.36,1
3089,DECODE,475,0,475,398.26,10.37,1
3090,DECODE,475,0,475,399.26,10.32,1
3091,DECODE,475,0,475,400.26,10.41,1
3092,DECODE,475,0,475,401.26,10.62,1
3093,DECODE,475,0,475,402.26,10.43,1
3094,DECODE,475,0,475,403.26,11.07,1
3095,DECODE,475,0,475,404.26,10.50,1
3096,DECODE,475,0,475,405.26,10.50,1
3097,DECODE,475,0,475,406.26,10.51,1
3098,DECODE,475,0,475,407.26,10.53,1
3099,DECODE,475,0,475,408.26,10.64,1
3100,DECODE,475,0,475,409.26,10.51,1
3101,DECODE,475,0,475,410.26,10.48,1
3102,DECODE,475,0,475,411.26,10.52,1
3103,DECODE,475,0,475,412.26,10.63,1
3104,DECODE,475,0,475,413.26,10.70,1
3105,DECODE,475,0,475,414.26,10.54,1
3106,DECODE,475,0,475,415.26,10.58,1
3107,DECODE,475,0,475,416.26,10.52,1
3108,DECODE,475,0,475,417.26,10.49,1
3109,DECODE,475,0,475,418.26,10.72,1
3110,DECODE,475,0,475,419.26,10.52,1
3111,DECODE,475,0,475,420.26,10.58,1
3112,DECODE,475,0,475,421.26,10.50,1
3113,DECODE,475,0,475,422.26,10.67,1
3114,DECODE,475,0,475,423.26,10.50,1
3115,DECODE,475,0,475,424.26,10.52,1
3116,DECODE,475,0,475,425.26,10.62,1
3117,DECODE,475,0,475,426.26,10.65,1
3118,DECODE,475,0,475,427.26,10.63,1
3119,DECODE,475,0,475,428.26,10.69,1
3120,DECODE,475,0,475,429.26,10.60,1
3121,DECODE,475,0,475,430.26,11.73,1
3122,DECODE,475,0,475,431.26,11.51,1
3123,DECODE,475,0,475,432.26,10.64,1
3124,DECODE,475,0,475,433.26,10.66,1
3125,DECODE,475,0,475,434.26,10.65,1
3126,DECODE,475,0,475,435.26,10.62,1
3127,DECODE,475,0,475,436.26,10.67,1
3128,DECODE,475,0,475,437.26,10.72,1
3129,DECODE,475,0,475,438.26,10.69,1
3130,DECODE,475,0,475,439.26,10.68,1
3131,DECODE,475,0,475,440.26,10.69,1
3132,DECODE,475,0,475,441.26,10.82,1
3133,DECODE,475,0,475,442.26,10.63,1
3134,DECODE,475,0,475,443.26,10.76,1
3135,DECODE,475,0,475,444.26,10.68,1
3136,DECODE,475,0,475,445.26,10.75,1
3137,DECODE,475,0,475,446.26,10.79,1
3138,DECODE,475,0,475,447.26,10.78,1
3139,DECODE,475,0,475,448.26,10.74,1
3140,DECODE,475,0,475,449.26,10.75,1
3141,DECODE,475,0,475,450.26,10.73,1
3142,DECODE,475,0,475,451.26,10.85,1
3143,DECODE,475,0,475,452.26,10.82,1
3144,DECODE,475,0,475,453.26,10.80,1
3145,DECODE,475,0,475,454.26,10.81,1
3146,DECODE,475,0,475,455.26,10.93,1
3147,DECODE,475,0,475,456.26,10.86,1
3148,DECODE,475,0,475,457.26,10.90,1
3149,DECODE,475,0,475,458.26,11.39,1
3150,DECODE,475,0,475,459.26,10.87,1
3151,DECODE,475,0,475,460.26,10.80,1
3152,DECODE,475,0,475,461.26,10.84,1
3153,DECODE,475,0,475,462.26,10.83,1
3154,DECODE,475,0,475,463.26,10.90,1
3155,DECODE,475,0,475,464.26,10.96,1
3156,DECODE,475,0,475,465.26,10.88,1
3157,DECODE,475,0,475,466.26,11.00,1
3158,DECODE,475,0,475,467.26,10.97,1
3159,DECODE,475,0,475,468.26,10.95,1
3160,DECODE,475,0,475,469.26,11.02,1
3161,DECODE,475,0,475,470.26,11.06,1
3162,DECODE,475,0,475,471.26,11.01,1
3163,DECODE,475,0,475,472.26,11.05,1
3164,DECODE,475,0,475,473.26,10.95,1
3165,DECODE,475,0,475,474.26,10.99,1
3166,DECODE,475,0,475,475.26,11.02,1
3167,DECODE,475,0,475,476.26,11.00,1
3168,DECODE,475,0,475,477.26,10.98,1
3169,DECODE,475,0,475,478.26,11.05,1
3170,DECODE,475,0,475,479.26,11.02,1
3171,DECODE,475,0,475,480.26,11.12,1
3172,DECODE,475,0,475,481.26,11.09,1
3173,DECODE,475,0,475,482.26,11.09,1
3174,DECODE,475,0,475,483.26,10.99,1
3175,DECODE,475,0,475,484.26,11.06,1
3176,DECODE,475,0,475,485.26,11.02,1
3177,DECODE,475,0,475,486.26,11.02,1
3178,DECODE,475,0,475,487.26,11.06,1
3179,DECODE,475,0,475,488.26,11.06,1
3180,DECODE,475,0,475,489.26,11.13,1
3181,DECODE,475,0,475,490.26,12.13,1
3182,DECODE,475,0,475,491.26,11.02,1
3183,DECODE,475,0,475,492.26,11.03,1
3184,DECODE,475,0,475,493.26,10.99,1
3185,DECODE,475,0,475,494.26,11.01,1
3186,DECODE,475,0,475,495.26,10.67,1
3187,DECODE,475,0,475,496.26,10.75,1
3188,DECODE,475,0,475,497.26,10.80,1
3189,DECODE,475,0,475,498.26,10.73,1
3190,DECODE,475,0,475,499.26,11.12,1
3191,DECODE,475,0,475,500.26,11.08,1
3192,DECODE,475,0,475,501.26,11.33,1
3193,DECODE,475,0,475,502.26,11.21,1
3194,DECODE,475,0,475,503.26,11.27,1
3195,DECODE,475,0,475,504.26,11.26,1
3196,DECODE,475,0,475,505.26,10.89,1
3197,DECODE,475,0,475,506.26,10.92,1
3198,DECODE,475,0,475,507.26,10.91,1
3199,DECODE,475,0,475,508.26,11.18,1
3200,DECODE,475,0,475,509.26,11.24,1
3201,DECODE,475,0,475,510.26,11.19,1
3202,DECODE,475,0,475,511.26,11.03,1
3203,DECODE,475,0,475,512.26,10.79,1
3204,DECODE,475,0,475,513.26,11.16,1
3205,DECODE,475,0,475,514.26,11.09,1
3206,DECODE,475,0,475,515.26,11.07,1
3207,DECODE,475,0,475,516.26,11.00,1
3208,DECODE,475,0,475,517.26,11.02,1
3209,DECODE,475,0,475,518.26,10.98,1
3210,DECODE,475,0,475,519.26,11.01,1
3211,DECODE,475,0,475,520.26,11.12,1
3212,DECODE,475,0,475,521.26,11.03,1
3213,DECODE,475,0,475,522.26,11.02,1
3214,DECODE,475,0,475,523.26,10.98,1
3215,DECODE,475,0,475,524.26,11.09,1
3216,DECODE,475,0,475,525.26,10.98,1
3217,DECODE,475,0,475,526.26,11.25,1
3218,DECODE,475,0,475,527.26,11.04,1
3219,DECODE,475,0,475,528.26,11.12,1
3220,DECODE,475,0,475,529.26,11.13,1
3221,DECODE,475,0,475,530.26,11.13,1
3222,DECODE,475,0,475,531.26,11.18,1
3223,DECODE,475,0,475,532.26,11.17,1
3224,DECODE,475,0,475,533.26,11.17,1
3225,DECODE,475,0,475,534.26,11.13,1
3226,DECODE,475,0,475,535.26,11.20,1
3227,DECODE,475,0,475,536.26,11.15,1
3228,DECODE,475,0,475,537.26,11.34,1
3229,DECODE,475,0,475,538.26,11.20,1
3230,DECODE,475,0,475,539.26,11.20,1
3231,DECODE,475,0,475,540.26,11.27,1
3232,DECODE,475,0,475,541.26,11.21,1
3233,DECODE,475,0,475,542.26,11.20,1
3234,DECODE,475,0,475,543.26,11.33,1
3235,DECODE,475,0,475,544.26,11.08,1
3236,DECODE,475,0,475,545.26,11.20,1
3237,DECODE,475,0,475,546.26,11.27,1
3238,DECODE,475,0,475,547.26,11.45,1
3239,DECODE,475,0,475,548.26,11.26,1
3240,DECODE,475,0,475,549.26,11.23,1
3241,DECODE,475,0,475,550.26,11.26,1
3242,DECODE,475,0,475,551.26,11.22,1
3243,DECODE,475,0,475,552.26,11.31,1
3244,DECODE,475,0,475,553.26,11.55,1
3245,DECODE,475,0,475,554.26,11.34,1
3246,DECODE,475,0,475,555.26,11.30,1
3247,DECODE,475,0,475,556.26,11.56,1
3248,DECODE,475,0,475,557.26,11.46,1
3249,DECODE,475,0,475,558.26,11.47,1
3250,DECODE,475,0,475,559.26,11.36,1
3251,DECODE,475,0,475,560.26,11.66,1
3252,DECODE,475,0,475,561.26,11.43,1
3253,DECODE,475,0,475,562.26,11.60,1
3254,DECODE,475,0,475,563.26,11.46,1
3255,DECODE,475,0,475,564.26,11.30,1
3256,DECODE,475,0,475,565.26,11.48,1
3257,DECODE,475,0,475,566.26,12.13,1
3258,DECODE,475,0,475,567.26,11.50,1
3259,DECODE,475,0,475,568.26,11.80,1
3260,DECODE,475,0,475,569.26,11.49,1
3261,DECODE,475,0,475,570.26,11.54,1
3262,DECODE,475,0,475,571.26,11.50,1
3263,DECODE,475,0,475,572.26,11.57,1
3264,DECODE,475,0,475,573.26,11.52,1
3265,DECODE,475,0,475,574.26,11.84,1
3266,DECODE,475,0,475,575.26,11.59,1
3267,DECODE,475,0,475,576.26,11.64,1
3268,DECODE,475,0,475,577.26,11.74,1
3269,DECODE,475,0,475,578.26,11.64,1
3270,DECODE,475,0,475,579.26,11.67,1
3271,DECODE,475,0,475,580.26,12.18,1
3272,DECODE,475,0,475,581.26,11.86,1
3273,DECODE,475,0,475,582.26,11.54,1
3274,DECODE,475,0,475,583.26,11.63,1
3275,DECODE,475,0,475,584.26,11.66,1
3276,DECODE,475,0,475,585.26,11.66,1
3277,DECODE,475,0,475,586.26,11.67,1
3278,DECODE,475,0,475,587.26,11.63,1
3279,DECODE,475,0,475,588.26,11.72,1
3280,DECODE,475,0,475,589.26,11.90,1
3281,DECODE,475,0,475,590.26,11.66,1
3282,DECODE,475,0,475,591.26,11.63,1
3283,DECODE,475,0,475,592.26,11.71,1
3284,DECODE,475,0,475,593.26,12.38,1
3285,DECODE,475,0,475,594.26,11.81,1
3286,DECODE,475,0,475,595.26,12.02,1
3287,DECODE,475,0,475,596.26,11.79,1
3288,DECODE,475,0,475,597.26,11.76,1
3289,DECODE,475,0,475,598.26,11.80,1
3290,DECODE,475,0,475,599.26,11.81,1
3291,DECODE,475,0,475,600.26,11.82,1
3292,DECODE,475,0,475,601.26,11.93,1
3293,DECODE,475,0,475,602.26,11.86,1
3294,DECODE,475,0,475,603.26,11.80,1
3295,DECODE,475,0,475,604.26,11.82,1
3296,DECODE,475,0,475,605.26,11.81,1
3297,DECODE,475,0,475,606.26,11.78,1
3298,DECODE,475,0,475,607.26,11.87,1
3299,DECODE,475,0,475,608.26,11.81,1
3300,DECODE,475,0,475,609.26,11.95,1
3301,DECODE,475,0,475,610.26,12.02,1
3302,DECODE,475,0,475,611.26,11.91,1
3303,DECODE,475,0,475,612.26,11.90,1
3304,DECODE,475,0,475,613.26,11.90,1
3305,DECODE,475,0,475,614.26,11.75,1
3306,DECODE,475,0,475,615.26,11.89,1
3307,DECODE,475,0,475,616.26,11.87,1
3308,DECODE,475,0,475,617.26,11.83,1
3309,DECODE,475,0,475,618.26,11.86,1
3310,DECODE,475,0,475,619.26,11.85,1
3311,DECODE,475,0,475,620.26,11.83,1
3312,DECODE,475,0,475,621.26,11.79,1
3313,DECODE,475,0,475,622.26,11.98,1
3314,DECODE,475,0,475,623.26,11.81,1
3315,DECODE,475,0,475,624.26,11.88,1
3316,DECODE,475,0,475,625.26,11.87,1
3317,DECODE,475,0,475,626.26,12.13,1
3318,DECODE,475,0,475,627.26,11.90,1
3319,DECODE,475,0,475,628.26,11.96,1
3320,DECODE,475,0,475,629.26,12.00,1
3321,DECODE,475,0,475,630.26,12.21,1
3322,DECODE,475,0,475,631.26,12.07,1
3323,DECODE,475,0,475,632.26,11.97,1
3324,DECODE,475,0,475,633.26,12.03,1
3325,DECODE,475,0,475,634.26,11.95,1
3326,DECODE,475,0,475,635.26,11.94,1
3327,DECODE,475,0,475,636.26,12.02,1
3328,DECODE,475,0,475,637.26,11.80,1
3329,DECODE,475,0,475,638.26,11.84,1
3330,DECODE,475,0,475,639.26,11.85,1
3331,DECODE,475,0,475,640.26,11.83,1
3332,DECODE,475,0,475,641.26,11.80,1
3333,DECODE,475,0,475,642.26,11.85,1
3334,DECODE,475,0,475,643.26,11.95,1
3335,DECODE,475,0,475,644.26,11.76,1
3336,DECODE,475,0,475,645.26,11.83,1
3337,DECODE,475,0,475,646.26,11.80,1
3338,DECODE,475,0,475,647.26,11.81,1
3339,DECODE,475,0,475,648.26,11.79,1
3340,DECODE,475,0,475,649.26,11.82,1
3341,DECODE,475,0,475,650.26,11.81,1
3342,DECODE,475,0,475,651.26,11.95,1
3343,DECODE,475,0,475,652.26,11.76,1
3344,DECODE,475,0,475,653.26,11.76,1
3345,DECODE,475,0,475,654.26,11.67,1
3346,DECODE,475,0,475,655.26,11.69,1
3347,DECODE,475,0,475,656.26,11.85,1
3348,DECODE,475,0,475,657.26,11.94,1
3349,DECODE,475,0,475,658.26,11.83,1
3350,DECODE,475,0,475,659.26,12.03,1
3351,DECODE,475,0,475,660.26,11.96,1
3352,DECODE,475,0,475,661.26,12.04,1
3353,DECODE,475,0,475,662.26,12.02,1
3354,DECODE,475,0,475,663.26,12.07,1
3355,DECODE,475,0,475,664.26,12.00,1
3356,DECODE,475,0,475,665.26,11.97,1
3357,DECODE,475,0,475,666.26,11.94,1
3358,DECODE,475,0,475,667.26,12.01,1
3359,DECODE,475,0,475,668.26,12.66,1
3360,DECODE,475,0,475,669.26,12.13,1
3361,DECODE,475,0,475,670.26,12.16,1
3362,DECODE,475,0,475,671.26,12.19,1
3363,DECODE,475,0,475,672.26,12.05,1
3364,DECODE,475,0,475,673.26,11.99,1
3365,DECODE,475,0,475,674.26,12.04,1
3366,DECODE,475,0,475,675.26,12.08,1
3367,DECODE,475,0,475,676.26,12.01,1
3368,DECODE,475,0,475,677.26,12.04,1
3369,DECODE,475,0,475,678.26,11.91,1
3370,DECODE,475,0,475,679.26,11.90,1
3371,DECODE,475,0,475,680.26,12.03,1
3372,DECODE,475,0,475,681.26,12.01,1
3373,DECODE,475,0,475,682.26,12.11,1
3374,DECODE,475,0,475,683.26,12.08,1
3375,DECODE,475,0,475,684.26,12.20,1
3376,DECODE,475,0,475,685.26,11.99,1
3377,DECODE,475,0,475,686.26,12.02,1
3378,DECODE,475,0,475,687.26,12.09,1
3379,DECODE,475,0,475,688.26,12.12,1
3380,DECODE,475,0,475,689.26,12.05,1
3381,DECODE,475,0,475,690.26,12.05,1
3382,DECODE,475,0,475,691.26,11.99,1
3383,DECODE,475,0,475,692.26,12.30,1
3384,DECODE,475,0,475,693.26,12.15,1
3385,DECODE,475,0,475,694.26,12.31,1
3386,DECODE,475,0,475,695.26,12.19,1
3387,DECODE,475,0,475,696.26,12.16,1
3388,DECODE,475,0,475,697.26,12.17,1
3389,DECODE,475,0,475,698.26,12.40,1
3390,DECODE,475,0,475,699.26,12.20,1
3391,DECODE,475,0,475,700.26,12.26,1
3392,DECODE,475,0,475,701.26,12.24,1
3393,DECODE,475,0,475,702.26,12.03,1
3394,DECODE,475,0,475,703.26,12.30,1
3395,DECODE,475,0,475,704.26,12.25,1
3396,DECODE,475,0,475,705.26,12.41,1
3397,DECODE,475,0,475,706.26,12.48,1
3398,DECODE,475,0,475,707.26,12.40,1
3399,DECODE,475,0,475,708.26,12.50,1
3400,DECODE,475,0,475,709.26,12.35,1
3401,DECODE,475,0,475,710.26,12.44,1
3402,DECODE,475,0,475,711.26,12.44,1
3403,DECODE,475,0,475,712.26,12.40,1
3404,DECODE,475,0,475,713.26,12.20,1
3405,DECODE,475,0,475,714.26,12.25,1
3406,DECODE,475,0,475,715.26,12.26,1
3407,DECODE,475,0,475,716.26,12.41,1
3408,DECODE,475,0,475,717.26,12.38,1
3409,DECODE,475,0,475,718.26,12.30,1
3410,DECODE,475,0,475,719.26,12.26,1
3411,DECODE,475,0,475,720.26,12.36,1
3412,DECODE,475,0,475,721.26,12.45,1
3413,DECODE,475,0,475,722.26,12.48,1
3414,DECODE,475,0,475,723.26,12.40,1
3415,DECODE,475,0,475,724.26,12.44,1
3416,DECODE,475,0,475,725.26,12.44,1
3417,DECODE,475,0,475,726.26,12.55,1
3418,DECODE,475,0,475,727.26,12.45,1
3419,DECODE,475,0,475,728.26,12.45,1
3420,DECODE,475,0,475,729.26,12.47,1
3421,DECODE,475,0,475,730.26,12.68,1
3422,DECODE,475,0,475,731.26,12.57,1
3423,DECODE,475,0,475,732.26,12.60,1
3424,DECODE,475,0,475,733.26,12.59,1
3425,DECODE,475,0,475,734.26,12.65,1
3426,DECODE,475,0,475,735.26,12.67,1
3427,DECODE,475,0,475,736.26,12.50,1
3428,DECODE,475,0,475,737.26,12.51,1
3429,DECODE,475,0,475,738.26,12.48,1
3430,DECODE,475,0,475,739.26,12.49,1
3431,DECODE,475,0,475,740.26,13.14,1
3432,DECODE,475,0,475,741.26,12.58,1
3433,DECODE,475,0,475,742.26,12.52,1
3434,DECODE,475,0,475,743.26,12.50,1
3435,DECODE,475,0,475,744.26,12.53,1
3436,DECODE,475,0,475,745.26,12.60,1
3437,DECODE,475,0,475,746.26,12.53,1
3438,DECODE,475,0,475,747.26,12.56,1
3439,DECODE,475,0,475,748.26,12.53,1
3440,DECODE,475,0,475,749.26,12.48,1
3441,DECODE,475,0,475,750.26,12.46,1
3442,DECODE,475,0,475,751.26,12.50,1
3443,DECODE,475,0,475,752.26,12.54,1
3444,DECODE,475,0,475,753.26,12.59,1
3445,DECODE,475,0,475,754.26,12.56,1
3446,DECODE,475,0,475,755.26,12.57,1
3447,DECODE,475,0,475,756.26,12.58,1
3448,DECODE,475,0,475,757.26,12.97,1
3449,DECODE,475,0,475,758.26,14.03,1
3450,DECODE,475,0,475,759.26,13.43,1
3451,DECODE,475,0,475,760.26,12.61,1
3452,DECODE,475,0,475,761.26,12.63,1
3453,DECODE,475,0,475,762.26,12.60,1
3454,DECODE,475,0,475,763.26,13.15,1
3455,DECODE,475,0,475,764.26,13.53,1
3456,DECODE,475,0,475,765.26,12.53,1
3457,DECODE,475,0,475,766.26,12.57,1
3458,DECODE,475,0,475,767.26,12.55,1
3459,DECODE,475,0,475,768.26,12.61,1
3460,DECODE,475,0,475,769.26,12.59,1
3461,DECODE,475,0,475,770.26,12.62,1
3462,DECODE,475,0,475,771.26,12.70,1
3463,DECODE,475,0,475,772.26,12.55,1
3464,DECODE,475,0,475,773.26,12.53,1
3465,DECODE,475,0,475,774.26,12.45,1
3466,DECODE,475,0,475,775.26,13.32,1
3467,DECODE,475,0,475,776.26,12.60,1
3468,DECODE,475,0,475,777.26,12.78,1
3469,DECODE,475,0,475,778.26,12.47,1
3470,DECODE,475,0,475,779.26,12.52,1
3471,DECODE,475,0,475,780.26,12.75,1
3472,DECODE,475,0,475,781.26,13.41,1
3473,DECODE,475,0,475,782.26,13.17,1
3474,DECODE,475,0,475,783.26,13.28,1
3475,DECODE,475,0,475,784.26,12.59,1
3476,DECODE,475,0,475,785.26,12.74,1
3477,DECODE,475,0,475,786.26,12.67,1
3478,DECODE,475,0,475,787.26,13.04,1
3479,DECODE,475,0,475,788.26,12.91,1
3480,DECODE,475,0,475,789.26,12.66,1
3481,DECODE,475,0,475,790.26,12.84,1
3482,DECODE,475,0,475,791.26,12.69,1
3483,DECODE,475,0,475,792.26,12.73,1
3484,DECODE,475,0,475,793.26,12.95,1
3485,DECODE,475,0,475,794.26,13.66,1
3486,DECODE,475,0,475,795.26,13.52,1
3487,DECODE,475,0,475,796.26,13.12,1
3488,DECODE,475,0,475,797.26,12.92,1
3489,DECODE,475,0,475,798.26,12.78,1
3490,DECODE,475,0,475,799.26,12.80,1
3491,DECODE,475,0,475,800.26,12.87,1
3492,DECODE,475,0,475,801.26,12.88,1
3493,DECODE,475,0,475,802.26,12.85,1
3494,DECODE,475,0,475,803.26,12.79,1
3495,DECODE,475,0,475,804.26,12.83,1
3496,DECODE,475,0,475,805.26,12.76,1
3497,DECODE,475,0,475,806.26,12.88,1
3498,DECODE,475,0,475,807.26,12.78,1
3499,DECODE,475,0,475,808.26,12.90,1
3500,DECODE,475,0,475,809.26,12.86,1
3501,DECODE,475,0,475,810.26,12.94,1
3502,DECODE,475,0,475,811.26,12.89,1
3503,DECODE,475,0,475,812.26,13.01,1
3504,DECODE,475,0,475,813.26,12.82,1
3505,DECODE,475,0,475,814.26,12.94,1
3506,DECODE,475,0,475,815.26,12.92,1
3507,DECODE,475,0,475,816.26,12.85,1
3508,DECODE,475,0,475,817.26,13.07,1
3509,DECODE,475,0,475,818.26,13.01,1
3510,DECODE,475,0,475,819.26,12.87,1
3511,DECODE,475,0,475,820.26,12.93,1
3512,DECODE,475,0,475,821.26,12.97,1
3513,DECODE,475,0,475,822.26,12.98,1
3514,DECODE,475,0,475,823.26,13.10,1
3515,DECODE,475,0,475,824.26,12.92,1
3516,DECODE,475,0,475,825.26,12.93,1
3517,DECODE,475,0,475,826.26,12.97,1
3518,DECODE,475,0,475,827.26,13.03,1
3519,DECODE,475,0,475,828.26,13.07,1
3520,DECODE,475,0,475,829.26,12.99,1
3521,DECODE,475,0,475,830.26,13.12,1
3522,DECODE,475,0,475,831.26,13.02,1
3523,DECODE,475,0,475,832.26,13.13,1
3524,DECODE,475,0,475,833.26,13.17,1
3525,DECODE,475,0,475,834.26,13.21,1
3526,DECODE,475,0,475,835.26,13.10,1
3527,DECODE,475,0,475,836.26,13.14,1
3528,DECODE,475,0,475,837.26,13.13,1
3529,DECODE,475,0,475,838.26,13.24,1
3530,DECODE,475,0,475,839.26,13.09,1
3531,DECODE,475,0,475,840.26,13.23,1
3532,DECODE,475,0,475,841.26,13.18,1
3533,DECODE,475,0,475,842.26,13.09,1
3534,DECODE,475,0,475,843.26,13.16,1
3535,DECODE,475,0,475,844.26,13.29,1
3536,DECODE,475,0,475,845.26,13.36,1
3537,DECODE,475,0,475,846.26,13.23,1
3538,DECODE,475,0,475,847.26,13.27,1
3539,DECODE,475,0,475,848.26,13.24,1
3540,DECODE,475,0,475,849.26,13.41,1
3541,DECODE,475,0,475,850.26,13.70,1
3542,DECODE,475,0,475,851.26,13.27,1
3543,DECODE,475,0,475,852.26,13.32,1
3544,DECODE,475,0,475,853.26,13.26,1
3545,DECODE,474,0,474,854.38,13.80,1
3546,EXTEND,97,8192,0,90.46,62.74,1
3547,EXTEND,97,8192,0,92.45,47.09,1
3548,EXTEND,97,8192,0,90.22,46.91,1
3549,EXTEND,95,7805,0,87.91,48.15,1
3550,DECODE,857,0,857,513.92,28.61,1
3551,DECODE,857,0,857,514.92,18.24,1
3552,DECODE,857,0,857,515.92,17.65,1
3553,DECODE,857,0,857,516.92,17.55,1
3554,DECODE,857,0,857,517.92,18.52,1
3555,DECODE,857,0,857,518.92,18.38,1
3556,DECODE,857,0,857,519.92,17.59,1
3557,DECODE,857,0,857,520.92,17.39,1
3558,DECODE,857,0,857,521.92,17.50,1
3559,DECODE,857,0,857,522.92,17.90,1
3560,DECODE,857,0,857,523.92,17.19,1
3561,DECODE,857,0,857,524.92,17.49,1
3562,DECODE,857,0,857,525.92,17.50,1
3563,DECODE,857,0,857,526.92,17.66,1
3564,DECODE,857,0,857,527.92,17.54,1
3565,DECODE,857,0,857,528.92,17.25,1
3566,DECODE,857,0,857,529.92,17.23,1
3567,DECODE,857,0,857,530.92,17.21,1
3568,DECODE,857,0,857,531.92,17.26,1
3569,DECODE,857,0,857,532.92,17.22,1
3570,DECODE,857,0,857,533.92,17.29,1
3571,DECODE,857,0,857,534.92,22.22,1
3572,DECODE,857,0,857,535.92,19.03,1
3573,DECODE,857,0,857,536.92,17.28,1
3574,DECODE,857,0,857,537.92,17.69,1
3575,DECODE,857,0,857,538.92,17.51,1
3576,DECODE,857,0,857,539.92,17.27,1
3577,DECODE,857,0,857,540.92,17.31,1
3578,DECODE,857,0,857,541.92,17.27,1
3579,DECODE,857,0,857,542.92,17.25,1
3580,DECODE,857,0,857,543.92,17.31,1
3581,DECODE,857,0,857,544.92,17.27,1
3582,DECODE,857,0,857,545.92,17.49,1
3583,DECODE,857,0,857,546.92,17.40,1
3584,DECODE,857,0,857,547.92,17.38,1
3585,DECODE,857,0,857,548.92,17.41,1
3586,DECODE,857,0,857,549.92,17.43,1
3587,DECODE,857,0,857,550.92,17.33,1
3588,DECODE,857,0,857,551.92,17.46,1
3589,DECODE,857,0,857,552.92,17.37,1
3590,DECODE,857,0,857,553.92,17.44,1
3591,DECODE,857,0,857,554.92,17.38,1
3592,DECODE,857,0,857,555.92,17.60,1
3593,DECODE,857,0,857,556.92,17.38,1
3594,DECODE,857,0,857,557.92,17.50,1
3595,DECODE,857,0,857,558.92,17.31,1
3596,DECODE,857,0,857,559.92,17.22,1
3597,DECODE,857,0,857,560.92,17.28,1
3598,DECODE,857,0,857,561.92,17.38,1
3599,DECODE,857,0,857,562.92,17.31,1
3600,DECODE,857,0,857,563.92,17.32,1
3601,DECODE,857,0,857,564.92,17.45,1
3602,DECODE,857,0,857,565.92,17.40,1
3603,DECODE,857,0,857,566.92,17.66,1
3604,DECODE,857,0,857,567.92,17.59,1
3605,DECODE,857,0,857,568.92,17.52,1
3606,DECODE,857,0,857,569.92,17.38,1
3607,DECODE,857,0,857,570.92,17.36,1
3608,DECODE,857,0,857,571.92,17.53,1
3609,DECODE,857,0,857,572.92,17.81,1
3610,DECODE,857,0,857,573.92,17.67,1
3611,DECODE,857,0,857,574.92,17.46,1
3612,DECODE,857,0,857,575.92,17.49,1
3613,DECODE,857,0,857,576.92,17.53,1
3614,DECODE,857,0,857,577.92,17.85,1
3615,DECODE,857,0,857,578.92,17.53,1
3616,DECODE,857,0,857,579.92,17.58,1
3617,DECODE,857,0,857,580.92,17.60,1
3618,DECODE,857,0,857,581.92,17.62,1
3619,DECODE,857,0,857,582.92,17.69,1
3620,DECODE,856,0,856,583.52,25.25,1
3621,EXTEND,62,4746,0,82.53,31.35,1
3622,DECODE,918,0,918,550.68,27.93,1
3623,DECODE,918,0,918,551.68,18.72,1
3624,DECODE,918,0,918,552.68,18.12,1
3625,DECODE,918,0,918,553.68,18.06,1
3626,DECODE,918,0,918,554.68,18.23,1
3627,DECODE,918,0,918,555.68,18.10,1
3628,DECODE,918,0,918,556.68,18.16,1
3629,DECODE,918,0,918,557.68,18.06,1
3630,DECODE,918,0,918,558.68,18.11,1
3631,DECODE,918,0,918,559.68,18.18,1
3632,DECODE,918,0,918,560.68,18.15,1
3633,DECODE,918,0,918,561.68,18.25,1
3634,DECODE,918,0,918,562.68,18.23,1
3635,DECODE,918,0,918,563.68,18.42,1
3636,DECODE,918,0,918,564.68,18.30,1
3637,DECODE,918,0,918,565.68,18.20,1
3638,DECODE,918,0,918,566.68,18.17,1
3639,DECODE,918,0,918,567.68,18.32,1
3640,DECODE,918,0,918,568.68,18.28,1
3641,DECODE,918,0,918,569.68,18.26,1
3642,DECODE,918,0,918,570.68,18.95,1
3643,DECODE,918,0,918,571.68,18.37,1
3644,DECODE,918,0,918,572.68,18.36,1
3645,DECODE,918,0,918,573.68,18.38,1
3646,DECODE,918,0,918,574.68,18.36,1
3647,DECODE,918,0,918,575.68,18.46,1
3648,DECODE,918,0,918,576.68,18.51,1
3649,DECODE,918,0,918,577.68,18.41,1
3650,DECODE,918,0,918,578.68,18.41,1
3651,DECODE,918,0,918,579.68,18.59,1
3652,DECODE,918,0,918,580.68,18.67,1
3653,DECODE,918,0,918,581.68,18.45,1
3654,DECODE,918,0,918,582.68,18.42,1
3655,DECODE,918,0,918,583.68,18.89,1
3656,DECODE,918,0,918,584.68,18.66,1
3657,DECODE,918,0,918,585.68,18.50,1
3658,DECODE,918,0,918,586.68,18.55,1
3659,DECODE,918,0,918,587.68,18.57,1
3660,DECODE,918,0,918,588.68,18.84,1
3661,DECODE,918,0,918,589.68,18.71,1
3662,DECODE,918,0,918,590.68,18.45,1
3663,DECODE,918,0,918,591.68,18.68,1
3664,DECODE,918,0,918,592.68,18.62,1
3665,DECODE,918,0,918,593.68,21.61,1
3666,DECODE,918,0,918,594.68,18.64,1
3667,DECODE,918,0,918,595.68,21.15,1
3668,DECODE,918,0,918,596.68,19.03,1
3669,DECODE,918,0,918,597.68,18.66,1
3670,DECODE,918,0,918,598.68,18.65,1
3671,DECODE,918,0,918,599.68,18.88,1
3672,DECODE,918,0,918,600.68,18.71,1
3673,DECODE,918,0,918,601.68,18.67,1
3674,DECODE,918,0,918,602.68,18.73,1
3675,DECODE,918,0,918,603.68,18.79,1
3676,DECODE,918,0,918,604.68,18.74,1
3677,DECODE,918,0,918,605.68,18.67,1
3678,DECODE,918,0,918,606.68,18.68,1
3679,DECODE,918,0,918,607.68,18.82,1
3680,DECODE,918,0,918,608.68,18.88,1
3681,DECODE,918,0,918,609.68,19.10,1
3682,DECODE,918,0,918,610.68,18.86,1
3683,DECODE,918,0,918,611.68,18.90,1
3684,DECODE,918,0,918,612.68,18.91,1
3685,DECODE,917,0,917,613.35,23.92,1
3686,EXTEND,34,2551,0,81.03,24.10,1
3687,DECODE,951,0,951,595.32,35.16,1
3688,DECODE,951,0,951,596.32,32.96,1
3689,DECODE,951,0,951,597.32,19.42,1
3690,DECODE,951,0,951,598.32,19.24,1
3691,DECODE,950,0,950,598.96,24.21,1
3692,EXTEND,29,2041,0,76.69,24.58,1
3693,DECODE,979,0,979,584.49,26.56,1
3694,DECODE,979,0,979,585.49,25.01,1
3695,DECODE,979,0,979,586.49,22.13,1
3696,DECODE,979,0,979,587.49,19.53,1
3697,DECODE,979,0,979,588.49,19.55,1
3698,DECODE,979,0,979,589.49,19.65,1
3699,DECODE,979,0,979,590.49,20.67,1
3700,DECODE,979,0,979,591.49,19.59,1
3701,DECODE,979,0,979,592.49,19.59,1
3702,DECODE,979,0,979,593.49,19.54,1
3703,DECODE,979,0,979,594.49,19.46,1
3704,DECODE,979,0,979,595.49,20.40,1
3705,DECODE,979,0,979,596.49,19.66,1
3706,DECODE,979,0,979,597.49,19.60,1
3707,DECODE,979,0,979,598.49,19.47,1
3708,DECODE,979,0,979,599.49,19.62,1
3709,DECODE,979,0,979,600.49,19.68,1
3710,DECODE,979,0,979,601.49,19.66,1
3711,DECODE,979,0,979,602.49,19.85,1
3712,DECODE,979,0,979,603.49,19.76,1
3713,DECODE,979,0,979,604.49,19.79,1
3714,DECODE,979,0,979,605.49,19.73,1
3715,DECODE,979,0,979,606.49,19.67,1
3716,DECODE,979,0,979,607.49,19.83,1
3717,DECODE,979,0,979,608.49,19.78,1
3718,DECODE,979,0,979,609.49,19.74,1
3719,DECODE,979,0,979,610.49,19.65,1
3720,DECODE,979,0,979,611.49,19.65,1
3721,DECODE,979,0,979,612.49,19.80,1
3722,DECODE,979,0,979,613.49,19.79,1
3723,DECODE,979,0,979,614.49,19.71,1
3724,DECODE,979,0,979,615.49,19.71,1
3725,DECODE,979,0,979,616.49,19.79,1
3726,DECODE,979,0,979,617.49,19.84,1
3727,DECODE,979,0,979,618.49,19.73,1
3728,DECODE,979,0,979,619.49,19.75,1
3729,DECODE,979,0,979,620.49,19.80,1
3730,DECODE,979,0,979,621.49,19.76,1
3731,DECODE,978,0,978,622.16,22.18,1
3732,EXTEND,12,1137,0,100.08,26.67,1
3733,DECODE,990,0,990,616.83,23.65,1
3734,DECODE,990,0,990,617.83,21.42,1
3735,DECODE,990,0,990,618.83,19.84,1
3736,DECODE,990,0,990,619.83,19.64,1
3737,DECODE,990,0,990,620.83,19.71,1
3738,DECODE,990,0,990,621.83,19.87,1
3739,DECODE,990,0,990,622.83,19.93,1
3740,DECODE,990,0,990,623.83,19.99,1
3741,DECODE,990,0,990,624.83,20.32,1
3742,DECODE,990,0,990,625.83,19.92,1
3743,DECODE,989,0,989,626.39,22.22,1
3744,EXTEND,7,440,0,69.86,28.50,1
3745,DECODE,996,0,996,623.48,25.11,1
3746,DECODE,996,0,996,624.48,20.11,1
3747,DECODE,996,0,996,625.48,20.20,1
3748,DECODE,996,0,996,626.48,21.66,1
3749,DECODE,996,0,996,627.48,21.18,1
3750,DECODE,996,0,996,628.48,20.72,1
3751,DECODE,996,0,996,629.48,19.96,1
3752,DECODE,996,0,996,630.48,20.02,1
3753,DECODE,996,0,996,631.48,20.09,1
3754,DECODE,996,0,996,632.48,20.87,1
3755,DECODE,996,0,996,633.48,20.28,1
3756,DECODE,996,0,996,634.48,20.29,1
3757,DECODE,996,0,996,635.48,20.12,1
3758,DECODE,996,0,996,636.48,20.25,1
3759,DECODE,995,0,995,637.09,22.60,1
3760,EXTEND,1,66,0,71.00,26.12,1
3761,DECODE,996,0,996,637.52,19.92,1
3762,DECODE,996,0,996,638.52,20.04,1
3763,DECODE,996,0,996,639.52,20.02,1
3764,DECODE,996,0,996,640.52,20.25,1
3765,DECODE,996,0,996,641.52,20.06,1
3766,DECODE,996,0,996,642.52,20.14,1
3767,DECODE,996,0,996,643.52,20.24,1
3768,DECODE,996,0,996,644.52,20.16,1
3769,DECODE,996,0,996,645.52,20.21,1
3770,DECODE,996,0,996,646.52,20.12,1
3771,DECODE,996,0,996,647.52,20.16,1
3772,DECODE,996,0,996,648.52,20.23,1
3773,DECODE,996,0,996,649.52,20.25,1
3774,DECODE,996,0,996,650.52,20.15,1
3775,DECODE,996,0,996,651.52,20.19,1
3776,DECODE,996,0,996,652.52,20.14,1
3777,DECODE,996,0,996,653.52,21.03,1
3778,DECODE,996,0,996,654.52,20.21,1
3779,DECODE,996,0,996,655.52,20.20,1
3780,DECODE,996,0,996,656.52,20.33,1
3781,DECODE,996,0,996,657.52,20.26,1
3782,DECODE,996,0,996,658.52,20.21,1
3783,DECODE,996,0,996,659.52,20.43,1
3784,DECODE,996,0,996,660.52,20.21,1
3785,DECODE,996,0,996,661.52,20.31,1
3786,DECODE,996,0,996,662.52,20.34,1
3787,DECODE,996,0,996,663.52,20.31,1
3788,DECODE,996,0,996,664.52,20.42,1
3789,DECODE,996,0,996,665.52,20.29,1
3790,DECODE,996,0,996,666.52,20.36,1
3791,DECODE,996,0,996,667.52,20.40,1
3792,DECODE,996,0,996,668.52,20.38,1
3793,DECODE,996,0,996,669.52,20.35,1
3794,DECODE,996,0,996,670.52,20.61,1
3795,DECODE,996,0,996,671.52,21.61,1
3796,DECODE,996,0,996,672.52,20.70,1
3797,DECODE,996,0,996,673.52,21.11,1
3798,DECODE,996,0,996,674.52,20.61,1
3799,DECODE,996,0,996,675.52,20.64,1
3800,DECODE,996,0,996,676.52,20.70,1
3801,DECODE,996,0,996,677.52,20.63,1
3802,DECODE,996,0,996,678.52,20.61,1
3803,DECODE,996,0,996,679.52,20.59,1
3804,DECODE,996,0,996,680.52,20.66,1
3805,DECODE,996,0,996,681.52,20.61,1
3806,DECODE,995,0,995,682.15,21.04,1
3807,DECODE,995,0,995,683.15,21.17,1
3808,DECODE,995,0,995,684.15,20.85,1
3809,DECODE,995,0,995,685.15,20.81,1
3810,DECODE,995,0,995,686.15,20.86,1
3811,DECODE,995,0,995,687.15,21.09,1
3812,DECODE,995,0,995,688.15,20.90,1
3813,DECODE,995,0,995,689.15,20.89,1
3814,DECODE,995,0,995,690.15,22.30,1
3815,DECODE,995,0,995,691.15,21.02,1
3816,DECODE,995,0,995,692.15,20.84,1
3817,DECODE,995,0,995,693.15,20.89,1
3818,DECODE,994,0,994,693.80,33.29,1
3819,DECODE,994,0,994,694.80,29.03,1
3820,DECODE,994,0,994,695.80,21.03,1
3821,DECODE,994,0,994,696.80,21.07,1
3822,DECODE,994,0,994,697.80,21.19,1
3823,DECODE,994,0,994,698.80,21.25,1
3824,DECODE,994,0,994,699.80,20.94,1
3825,DECODE,994,0,994,700.80,21.02,1
3826,DECODE,994,0,994,701.80,20.97,1
3827,DECODE,994,0,994,702.80,21.11,1
3828,DECODE,994,0,994,703.80,20.99,1
3829,DECODE,994,0,994,704.80,21.07,1
3830,DECODE,994,0,994,705.80,20.98,1
3831,DECODE,994,0,994,706.80,21.22,1
3832,DECODE,994,0,994,707.80,20.91,1
3833,DECODE,994,0,994,708.80,21.35,1
3834,DECODE,994,0,994,709.80,21.04,1
3835,DECODE,994,0,994,710.80,21.04,1
3836,DECODE,994,0,994,711.80,21.04,1
3837,DECODE,994,0,994,712.80,21.14,1
3838,DECODE,994,0,994,713.80,21.15,1
3839,DECODE,994,0,994,714.80,21.29,1
3840,DECODE,994,0,994,715.80,21.14,1
3841,DECODE,994,0,994,716.80,21.11,1
3842,DECODE,994,0,994,717.80,21.15,1
3843,DECODE,994,0,994,718.80,21.12,1
3844,DECODE,994,0,994,719.80,21.17,1
3845,DECODE,994,0,994,720.80,21.76,1
3846,DECODE,994,0,994,721.80,21.24,1
3847,DECODE,994,0,994,722.80,21.84,1
3848,DECODE,994,0,994,723.80,21.18,1
3849,DECODE,993,0,993,724.42,23.90,1
3850,DECODE,993,0,993,725.42,21.40,1
3851,DECODE,993,0,993,726.42,21.12,1
3852,DECODE,993,0,993,727.42,21.17,1
3853,DECODE,993,0,993,728.42,21.13,1
3854,DECODE,993,0,993,729.42,21.16,1
3855,DECODE,993,0,993,730.42,21.32,1
3856,DECODE,993,0,993,731.42,21.06,1
3857,DECODE,993,0,993,732.42,21.29,1
3858,DECODE,993,0,993,733.42,21.24,1
3859,DECODE,993,0,993,734.42,21.17,1
3860,DECODE,993,0,993,735.42,21.36,1
3861,DECODE,993,0,993,736.42,21.27,1
3862,DECODE,992,0,992,737.04,26.56,1
3863,DECODE,992,0,992,738.04,21.17,1
3864,DECODE,992,0,992,739.04,20.93,1
3865,DECODE,992,0,992,740.04,20.90,1
3866,DECODE,992,0,992,741.04,20.94,1
3867,DECODE,992,0,992,742.04,21.16,1
3868,DECODE,992,0,992,743.04,21.03,1
3869,DECODE,992,0,992,744.04,21.12,1
3870,DECODE,992,0,992,745.04,21.19,1
3871,DECODE,992,0,992,746.04,21.36,1
3872,DECODE,992,0,992,747.04,21.16,1
3873,DECODE,992,0,992,748.04,21.26,1
3874,DECODE,992,0,992,749.04,21.27,1
3875,DECODE,992,0,992,750.04,21.29,1
3876,DECODE,992,0,992,751.04,21.23,1
3877,DECODE,992,0,992,752.04,21.27,1
3878,DECODE,992,0,992,753.04,21.28,1
3879,DECODE,992,0,992,754.04,21.42,1
3880,DECODE,992,0,992,755.04,21.33,1
3881,DECODE,992,0,992,756.04,21.34,1
3882,DECODE,992,0,992,757.04,21.37,1
3883,DECODE,992,0,992,758.04,21.44,1
3884,DECODE,992,0,992,759.04,21.48,1
3885,DECODE,992,0,992,760.04,21.47,1
3886,DECODE,992,0,992,761.04,21.40,1
3887,DECODE,992,0,992,762.04,21.67,1
3888,DECODE,992,0,992,763.04,21.40,1
3889,DECODE,992,0,992,764.04,21.32,1
3890,DECODE,992,0,992,765.04,21.26,1
3891,DECODE,992,0,992,766.04,21.40,1
3892,DECODE,992,0,992,767.04,21.38,1
3893,DECODE,992,0,992,768.04,21.41,1
3894,DECODE,992,0,992,769.04,21.42,1
3895,DECODE,991,0,991,769.65,24.08,1
3896,DECODE,990,0,990,770.20,21.49,1
3897,DECODE,990,0,990,771.20,21.59,1
3898,DECODE,990,0,990,772.20,21.58,1
3899,DECODE,990,0,990,773.20,21.57,1
3900,DECODE,990,0,990,774.20,21.59,1
3901,DECODE,990,0,990,775.20,21.72,1
3902,DECODE,990,0,990,776.20,21.61,1
3903,DECODE,990,0,990,777.20,21.67,1
3904,DECODE,990,0,990,778.20,21.53,1
3905,DECODE,990,0,990,779.20,21.70,1
3906,DECODE,990,0,990,780.20,21.74,1
3907,DECODE,989,0,989,780.77,21.59,1
3908,DECODE,989,0,989,781.77,21.79,1
3909,DECODE,989,0,989,782.77,21.83,1
3910,DECODE,989,0,989,783.77,21.79,1
3911,DECODE,989,0,989,784.77,21.97,1
3912,DECODE,989,0,989,785.77,21.71,1
3913,DECODE,989,0,989,786.77,21.72,1
3914,DECODE,989,0,989,787.77,21.74,1
3915,DECODE,989,0,989,788.77,21.56,1
3916,DECODE,989,0,989,789.77,21.74,1
3917,DECODE,989,0,989,790.77,21.79,1
3918,DECODE,989,0,989,791.77,21.84,1
3919,DECODE,988,0,988,792.33,24.21,1
3920,DECODE,988,0,988,793.33,22.03,1
3921,DECODE,987,0,987,793.96,24.40,1
3922,DECODE,987,0,987,794.96,21.91,1
3923,DECODE,987,0,987,795.96,21.90,1
3924,DECODE,987,0,987,796.96,21.95,1
3925,DECODE,987,0,987,797.96,21.97,1
3926,DECODE,986,0,986,798.60,24.01,1
3927,DECODE,986,0,986,799.60,22.19,1
3928,DECODE,986,0,986,800.60,21.89,1
3929,DECODE,986,0,986,801.60,21.81,1
3930,DECODE,985,0,985,802.12,24.09,1
3931,DECODE,985,0,985,803.12,21.99,1
3932,DECODE,985,0,985,804.12,22.30,1
3933,DECODE,985,0,985,805.12,21.82,1
3934,DECODE,985,0,985,806.12,21.95,1
3935,DECODE,985,0,985,807.12,22.15,1
3936,DECODE,985,0,985,808.12,21.94,1
3937,DECODE,985,0,985,809.12,21.92,1
3938,DECODE,985,0,985,810.12,22.14,1
3939,DECODE,985,0,985,811.12,22.03,1
3940,DECODE,985,0,985,812.12,22.12,1
3941,DECODE,985,0,985,813.12,22.20,1
3942,DECODE,985,0,985,814.12,21.99,1
3943,DECODE,985,0,985,815.12,22.26,1
3944,DECODE,985,0,985,816.12,21.98,1
3945,DECODE,985,0,985,817.12,21.91,1
3946,DECODE,985,0,985,818.12,22.16,1
3947,DECODE,985,0,985,819.12,22.14,1
3948,DECODE,985,0,985,820.12,22.37,1
3949,DECODE,985,0,985,821.12,22.54,1
3950,DECODE,985,0,985,822.12,22.20,1
3951,DECODE,985,0,985,823.12,22.68,1
3952,DECODE,985,0,985,824.12,22.85,1
3953,DECODE,985,0,985,825.12,23.59,1
3954,DECODE,985,0,985,826.12,21.99,1
3955,DECODE,985,0,985,827.12,22.30,1
3956,DECODE,985,0,985,828.12,22.14,1
3957,DECODE,985,0,985,829.12,22.00,1
3958,DECODE,985,0,985,830.12,21.98,1
3959,DECODE,985,0,985,831.12,22.45,1
3960,DECODE,985,0,985,832.12,22.24,1
3961,DECODE,985,0,985,833.12,22.13,1
3962,DECODE,985,0,985,834.12,22.11,1
3963,DECODE,985,0,985,835.12,22.20,1
3964,DECODE,985,0,985,836.12,22.18,1
3965,DECODE,985,0,985,837.12,22.20,1
3966,DECODE,985,0,985,838.12,22.14,1
3967,DECODE,983,0,983,840.18,24.64,1
3968,DECODE,980,0,980,842.86,24.40,1
3969,DECODE,976,0,976,845.93,24.98,1
3970,DECODE,974,0,974,847.97,24.69,1
3971,DECODE,971,0,971,850.56,24.67,1
3972,DECODE,968,0,968,853.24,27.76,1
3973,DECODE,967,0,967,853.80,24.99,1
3974,DECODE,965,0,965,855.95,24.94,1
3975,DECODE,962,0,962,858.27,25.18,1
3976,DECODE,960,0,960,860.23,26.41,1
3977,DECODE,957,0,957,862.78,26.93,1
3978,DECODE,955,0,955,864.82,27.13,1
3979,DECODE,952,0,952,867.41,27.48,1
3980,DECODE,949,0,949,870.03,27.18,1
3981,DECODE,946,0,946,872.70,27.18,1
3982,DECODE,944,0,944,874.83,26.63,1
3983,DECODE,941,0,941,877.54,28.43,1
3984,DECODE,938,0,938,880.28,27.16,1
3985,DECODE,935,0,935,883.06,26.62,1
3986,DECODE,933,0,933,884.81,26.68,1
3987,DECODE,931,0,931,886.83,28.34,1
3988,DECODE,928,0,928,889.41,26.78,1
3989,DECODE,926,0,926,891.49,26.96,1
3990,DECODE,924,0,924,893.60,27.20,1
3991,DECODE,921,0,921,896.27,26.89,1
3992,DECODE,919,0,919,898.39,27.32,1
3993,DECODE,916,0,916,901.11,26.34,1
3994,DECODE,914,0,914,903.26,26.60,1
3995,DECODE,911,0,911,906.04,29.55,1
3996,DECODE,909,0,909,908.24,26.75,1
3997,DECODE,908,0,908,908.81,26.43,1
3998,DECODE,906,0,906,911.03,26.74,1
3999,DECODE,904,0,904,913.26,26.42,1
4000,DECODE,901,0,901,916.12,26.65,1
4001,DECODE,899,0,899,917.86,26.60,1
4002,DECODE,898,0,898,919.26,26.41,1
4003,DECODE,896,0,896,921.10,28.89,1
4004,DECODE,894,0,894,922.99,26.64,1
4005,DECODE,892,0,892,924.98,25.44,1
4006,DECODE,891,0,891,926.47,25.24,1
4007,DECODE,889,0,889,928.48,25.63,1
4008,DECODE,887,0,887,930.49,25.30,1
4009,DECODE,885,0,885,932.52,25.42,1
4010,DECODE,883,0,883,934.56,25.34,1
4011,DECODE,881,0,881,936.61,25.54,1
4012,DECODE,879,0,879,938.68,25.34,1
4013,DECODE,877,0,877,940.75,25.49,1
4014,DECODE,875,0,875,942.84,25.37,1
4015,DECODE,874,0,874,944.39,25.59,1
4016,DECODE,872,0,872,946.48,25.32,1
4017,DECODE,870,0,870,948.59,25.93,1
4018,DECODE,868,0,868,950.71,25.51,1
4019,DECODE,866,0,866,952.84,24.98,1
4020,DECODE,864,0,864,954.98,27.44,1
4021,DECODE,862,0,862,957.14,26.54,1
4022,DECODE,860,0,860,959.30,26.53,1
4023,DECODE,859,0,859,959.91,28.51,1
4024,DECODE,858,0,858,960.46,27.63,1
4025,DECODE,858,0,858,961.46,21.34,1
4026,DECODE,857,0,857,963.04,21.45,1
4027,DECODE,855,0,855,965.22,28.17,1
4028,DECODE,853,0,853,967.41,27.85,1
4029,DECODE,852,0,852,967.97,28.43,1
4030,DECODE,851,0,851,969.57,26.87,1
4031,DECODE,849,0,849,971.77,26.81,1
4032,DECODE,847,0,847,973.99,26.57,1
4033,DECODE,845,0,845,976.21,26.67,1
4034,DECODE,843,0,843,978.44,26.79,1
4035,DECODE,842,0,842,979.09,26.66,1
4036,DECODE,842,0,842,980.09,21.44,1
4037,DECODE,840,0,840,982.34,26.48,1
4038,DECODE,838,0,838,984.61,26.64,1
4039,DECODE,836,0,836,986.90,26.70,1
4040,DECODE,834,0,834,989.20,27.35,1
4041,DECODE,833,0,833,990.24,27.58,1
4042,DECODE,832,0,832,990.88,27.10,1
4043,DECODE,831,0,831,991.98,26.12,1
4044,DECODE,831,0,831,992.98,21.19,1
4045,DECODE,830,0,830,994.09,26.71,1
4046,DECODE,829,0,829,995.25,26.06,1
4047,DECODE,828,0,828,996.42,26.11,1
4048,DECODE,827,0,827,997.65,27.82,1
4049,DECODE,826,0,826,998.89,25.90,1
4050,DECODE,825,0,825,1000.14,26.39,1
4051,DECODE,823,0,823,1001.66,25.55,1
4052,DECODE,822,0,822,1002.95,25.74,1
4053,DECODE,821,0,821,1004.24,25.82,1
4054,DECODE,820,0,820,1005.55,25.83,1
4055,DECODE,819,0,819,1006.85,25.97,1
4056,DECODE,818,0,818,1008.17,26.03,1
4057,DECODE,817,0,817,1009.48,25.79,1
4058,DECODE,816,0,816,1010.80,27.60,1
4059,DECODE,815,0,815,1012.12,25.72,1
4060,DECODE,814,0,814,1012.79,25.65,1
4061,DECODE,813,0,813,1014.11,25.62,1
4062,DECODE,812,0,812,1015.44,25.54,1
4063,DECODE,811,0,811,1016.78,25.93,1
4064,DECODE,810,0,810,1018.11,25.67,1
4065,DECODE,809,0,809,1019.45,25.65,1
4066,DECODE,808,0,808,1020.80,25.86,1
4067,DECODE,807,0,807,1022.15,26.23,1
4068,DECODE,806,0,806,1023.51,25.41,1
4069,DECODE,805,0,805,1024.87,25.72,1
4070,DECODE,804,0,804,1025.52,25.41,1
4071,DECODE,803,0,803,1026.89,25.90,1
4072,DECODE,802,0,802,1028.27,25.68,1
4073,DECODE,801,0,801,1029.65,27.44,1
4074,DECODE,800,0,800,1031.03,23.92,1
4075,DECODE,799,0,799,1032.42,25.42,1
4076,DECODE,798,0,798,1033.81,25.16,1
4077,DECODE,796,0,796,1035.62,25.11,1
4078,DECODE,795,0,795,1037.03,26.17,1
4079,DECODE,794,0,794,1038.47,25.76,1
4080,DECODE,793,0,793,1038.91,25.31,1
4081,DECODE,793,0,793,1039.91,20.99,1
4082,DECODE,792,0,792,1041.34,27.21,1
4083,DECODE,791,0,791,1042.78,25.16,1
4084,DECODE,790,0,790,1044.23,25.13,1
4085,DECODE,788,0,788,1046.12,24.94,1
4086,DECODE,787,0,787,1047.58,25.07,1
4087,DECODE,786,0,786,1049.04,25.03,1
4088,DECODE,785,0,785,1050.50,25.19,1
4089,DECODE,784,0,784,1051.96,24.81,1
4090,DECODE,783,0,783,1053.43,25.48,1
4091,DECODE,781,0,781,1055.38,25.55,1
4092,DECODE,780,0,780,1056.87,26.15,1
4093,DECODE,779,0,779,1058.36,25.38,1
4094,DECODE,778,0,778,1059.85,25.84,1
4095,DECODE,777,0,777,1061.35,27.18,1
4096,DECODE,776,0,776,1062.85,26.52,1
4097,DECODE,775,0,775,1064.35,26.70,1
4098,DECODE,773,0,773,1066.36,25.48,1
4099,DECODE,772,0,772,1067.88,25.11,1
4100,DECODE,771,0,771,1069.40,26.54,1
4101,DECODE,770,0,770,1070.92,25.39,1
4102,DECODE,769,0,769,1072.44,25.37,1
4103,DECODE,768,0,768,1073.97,32.78,1
4104,DECODE,766,0,766,1076.03,28.70,1
4105,DECODE,765,0,765,1077.57,28.11,1
4106,DECODE,764,0,764,1079.11,28.92,1
4107,DECODE,763,0,763,1080.66,28.54,1
4108,DECODE,762,0,762,1082.21,28.91,1
4109,DECODE,761,0,761,1083.76,27.22,1
4110,DECODE,760,0,760,1084.32,26.49,1
4111,DECODE,759,0,759,1085.87,27.07,1
4112,DECODE,758,0,758,1087.43,26.61,1
4113,DECODE,757,0,757,1088.99,27.31,1
4114,DECODE,756,0,756,1090.55,28.00,1
4115,DECODE,755,0,755,1091.10,26.99,1
4116,DECODE,755,0,755,1092.10,20.81,1
4117,DECODE,754,0,754,1093.66,27.02,1
4118,DECODE,753,0,753,1095.23,27.03,1
4119,DECODE,751,0,751,1097.37,26.88,1
4120,DECODE,750,0,750,1098.94,26.68,1
4121,DECODE,749,0,749,1100.52,26.89,1
4122,DECODE,748,0,748,1102.10,26.50,1
4123,DECODE,747,0,747,1103.68,26.94,1
4124,DECODE,746,0,746,1105.26,26.61,1
4125,DECODE,745,0,745,1106.85,28.48,1
4126,DECODE,744,0,744,1108.44,25.99,1
4127,DECODE,742,0,742,1110.63,26.32,1
4128,DECODE,741,0,741,1112.23,26.23,1
4129,DECODE,740,0,740,1113.83,26.13,1
4130,DECODE,739,0,739,1115.43,26.36,1
4131,DECODE,738,0,738,1117.03,27.84,1
4132,DECODE,737,0,737,1118.64,26.25,1
4133,DECODE,736,0,736,1120.25,26.70,1
4134,DECODE,735,0,735,1121.86,26.17,1
4135,DECODE,734,0,734,1123.47,26.15,1
4136,DECODE,732,0,732,1125.70,25.97,1
4137,DECODE,731,0,731,1127.32,26.45,1
4138,DECODE,730,0,730,1127.86,26.34,1
4139,DECODE,730,0,730,1128.86,20.47,1
4140,DECODE,729,0,729,1130.48,26.83,1
4141,DECODE,728,0,728,1132.10,25.65,1
4142,DECODE,727,0,727,1132.79,26.09,1
4143,DECODE,727,0,727,1133.79,20.48,1
4144,DECODE,726,0,726,1135.41,25.78,1
4145,DECODE,725,0,725,1137.04,25.99,1
4146,DECODE,724,0,724,1138.67,25.50,1
4147,DECODE,723,0,723,1140.30,27.02,1
4148,DECODE,722,0,722,1141.93,25.79,1
4149,DECODE,721,0,721,1142.62,26.08,1
4150,DECODE,721,0,721,1143.62,21.16,1
4151,DECODE,720,0,720,1145.26,28.41,1
4152,DECODE,718,0,718,1147.53,25.31,1
4153,DECODE,717,0,717,1149.18,25.29,1
4154,DECODE,716,0,716,1150.82,24.91,1
4155,DECODE,715,0,715,1152.47,25.34,1
4156,DECODE,714,0,714,1154.12,25.14,1
4157,DECODE,713,0,713,1155.77,25.58,1
4158,DECODE,712,0,712,1157.43,25.15,1
4159,DECODE,711,0,711,1159.08,25.46,1
4160,DECODE,710,0,710,1160.74,25.29,1
4161,DECODE,709,0,709,1162.40,25.36,1
4162,DECODE,708,0,708,1164.07,25.92,1
4163,DECODE,707,0,707,1165.74,25.87,1
4164,DECODE,706,0,706,1167.41,25.17,1
4165,DECODE,705,0,705,1169.08,25.92,1
4166,DECODE,704,0,704,1170.76,28.82,1
4167,DECODE,703,0,703,1172.44,25.28,1
4168,DECODE,702,0,702,1174.11,27.07,1
4169,DECODE,701,0,701,1175.80,25.30,1
4170,DECODE,700,0,700,1177.48,24.90,1
4171,DECODE,699,0,699,1179.17,25.72,1
4172,DECODE,698,0,698,1180.85,25.17,1
4173,DECODE,697,0,697,1182.54,25.15,1
4174,DECODE,696,0,696,1184.24,26.40,1
4175,DECODE,695,0,695,1185.93,25.50,1
4176,DECODE,693,0,693,1186.05,25.11,1
4177,DECODE,692,0,692,1186.73,26.86,1
4178,DECODE,692,0,692,1187.73,19.78,1
4179,DECODE,692,0,692,1188.73,19.78,1
4180,DECODE,692,0,692,1189.73,19.73,1
4181,DECODE,692,0,692,1190.73,19.66,1
4182,DECODE,691,0,691,1192.43,24.94,1
4183,DECODE,690,0,690,1194.13,32.37,1
4184,DECODE,689,0,689,1195.83,24.71,1
4185,DECODE,688,0,688,1197.54,25.10,1
4186,DECODE,687,0,687,1199.24,25.08,1
4187,DECODE,686,0,686,1200.95,26.42,1
4188,DECODE,685,0,685,1202.66,24.87,1
4189,DECODE,684,0,684,1204.38,24.45,1
4190,DECODE,683,0,683,1206.09,25.53,1
4191,DECODE,682,0,682,1207.81,25.05,1
4192,DECODE,681,0,681,1209.53,24.72,1
4193,DECODE,680,0,680,1210.17,27.23,1
4194,DECODE,680,0,680,1211.17,19.83,1
4195,DECODE,680,0,680,1212.17,19.49,1
4196,DECODE,679,0,679,1213.89,24.67,1
4197,DECODE,678,0,678,1215.62,24.69,1
4198,DECODE,677,0,677,1217.35,24.52,1
4199,DECODE,676,0,676,1219.08,24.49,1
4200,DECODE,675,0,675,1220.81,24.72,1
4201,DECODE,674,0,674,1222.55,24.53,1
4202,DECODE,673,0,673,1224.29,24.70,1
4203,DECODE,672,0,672,1226.03,28.30,1
4204,DECODE,671,0,671,1227.77,25.55,1
4205,DECODE,670,0,670,1229.52,25.95,1
4206,DECODE,669,0,669,1231.26,26.28,1
4207,DECODE,668,0,668,1233.01,25.41,1
4208,DECODE,667,0,667,1234.77,25.54,1
4209,DECODE,667,0,667,1235.77,19.74,1
4210,DECODE,666,0,666,1236.46,25.62,1
4211,DECODE,666,0,666,1237.46,19.90,1
4212,DECODE,665,0,665,1239.22,25.50,1
4213,DECODE,664,0,664,1240.98,25.57,1
4214,DECODE,663,0,663,1242.74,25.66,1
4215,DECODE,662,0,662,1244.50,25.44,1
4216,DECODE,661,0,661,1246.27,25.54,1
4217,DECODE,660,0,660,1246.92,25.18,1
4218,DECODE,660,0,660,1247.92,19.41,1
4219,DECODE,659,0,659,1249.69,25.35,1
4220,DECODE,658,0,658,1250.35,25.23,1
4221,DECODE,658,0,658,1251.35,19.72,1
4222,DECODE,658,0,658,1252.35,19.52,1
4223,DECODE,657,0,657,1254.12,25.65,1
4224,DECODE,656,0,656,1255.90,25.70,1
4225,DECODE,655,0,655,1257.68,25.49,1
4226,DECODE,654,0,654,1259.46,25.40,1
4227,DECODE,653,0,653,1261.25,25.32,1
4228,DECODE,652,0,652,1263.03,25.25,1
4229,DECODE,652,0,652,1264.03,19.39,1
4230,DECODE,651,0,651,1265.82,25.32,1
4231,DECODE,650,0,650,1267.61,25.51,1
4232,DECODE,649,0,649,1269.41,26.15,1
4233,DECODE,648,0,648,1271.21,27.32,1
4234,DECODE,647,0,647,1273.01,24.89,1
4235,DECODE,646,0,646,1274.81,24.92,1
4236,DECODE,646,0,646,1275.81,19.60,1
4237,DECODE,645,0,645,1277.62,24.98,1
4238,DECODE,643,0,643,1277.90,25.10,1
4239,DECODE,643,0,643,1278.90,19.74,1
4240,DECODE,643,0,643,1279.90,19.41,1
4241,DECODE,643,0,643,1280.90,19.45,1
4242,DECODE,642,0,642,1281.59,25.64,1
4243,DECODE,642,0,642,1282.59,20.18,1
4244,DECODE,642,0,642,1283.59,19.36,1
4245,DECODE,641,0,641,1285.40,24.99,1
4246,DECODE,640,0,640,1287.21,29.01,1
4247,DECODE,639,0,639,1289.03,25.74,1
4248,DECODE,638,0,638,1290.85,25.72,1
4249,DECODE,637,0,637,1292.68,25.85,1
4250,DECODE,637,0,637,1293.68,19.22,1
4251,DECODE,636,0,636,1295.50,24.98,1
4252,DECODE,635,0,635,1297.33,26.03,1
4253,DECODE,634,0,634,1299.17,25.72,1
4254,DECODE,633,0,633,1301.00,25.77,1
4255,DECODE,632,0,632,1302.84,26.26,1
4256,DECODE,632,0,632,1303.84,19.21,1
4257,DECODE,631,0,631,1305.69,25.67,1
4258,DECODE,630,0,630,1307.53,25.77,1
4259,DECODE,629,0,629,1309.38,25.74,1
4260,DECODE,628,0,628,1310.05,27.74,1
4261,DECODE,628,0,628,1311.05,18.86,1
4262,DECODE,628,0,628,1312.05,18.94,1
4263,DECODE,627,0,627,1313.90,25.94,1
4264,DECODE,626,0,626,1315.76,25.18,1
4265,DECODE,625,0,625,1317.61,26.71,1
4266,DECODE,624,0,624,1319.47,27.33,1
4267,DECODE,624,0,624,1320.47,19.28,1
4268,DECODE,623,0,623,1322.34,24.90,1
4269,DECODE,622,0,622,1324.20,24.95,1
4270,DECODE,621,0,621,1326.07,24.92,1
4271,DECODE,620,0,620,1327.94,24.69,1
4272,DECODE,620,0,620,1328.94,19.01,1
4273,DECODE,619,0,619,1330.82,26.38,1
4274,DECODE,618,0,618,1332.70,25.41,1
4275,DECODE,617,0,617,1334.58,25.71,1
4276,DECODE,616,0,616,1336.46,27.99,1
4277,DECODE,616,0,616,1337.46,19.09,1
4278,DECODE,615,0,615,1339.35,26.49,1
4279,DECODE,614,0,614,1341.24,26.14,1
4280,DECODE,613,0,613,1341.96,26.14,1
4281,DECODE,613,0,613,1342.96,19.33,1
4282,DECODE,613,0,613,1343.96,19.24,1
4283,DECODE,612,0,612,1345.86,24.82,1
4284,DECODE,611,0,611,1347.76,25.04,1
4285,DECODE,610,0,610,1349.66,25.16,1
4286,DECODE,610,0,610,1350.66,19.32,1
4287,DECODE,609,0,609,1352.56,24.98,1
4288,DECODE,608,0,608,1354.47,25.95,1
4289,DECODE,607,0,607,1356.39,25.17,1
4290,DECODE,607,0,607,1357.39,19.23,1
4291,DECODE,606,0,606,1359.30,26.97,1
4292,DECODE,605,0,605,1361.22,25.25,1
4293,DECODE,604,0,604,1363.14,24.96,1
4294,DECODE,604,0,604,1364.14,19.23,1
4295,DECODE,603,0,603,1366.07,25.32,1
4296,DECODE,602,0,602,1366.63,25.16,1
4297,DECODE,602,0,602,1367.63,19.44,1
4298,DECODE,602,0,602,1368.63,19.30,1
4299,DECODE,601,0,601,1370.56,26.62,1
4300,DECODE,600,0,600,1372.50,27.36,1
4301,DECODE,599,0,599,1374.43,24.32,1
4302,DECODE,599,0,599,1375.43,19.19,1
4303,DECODE,598,0,598,1377.37,24.14,1
4304,DECODE,597,0,597,1379.31,24.71,1
4305,DECODE,596,0,596,1381.26,25.53,1
4306,DECODE,596,0,596,1382.26,18.98,1
4307,DECODE,595,0,595,1384.21,24.29,1
4308,DECODE,594,0,594,1386.16,24.65,1
4309,DECODE,593,0,593,1388.12,24.07,1
4310,DECODE,593,0,593,1389.12,19.02,1
4311,DECODE,592,0,592,1391.08,25.28,1
4312,DECODE,591,0,591,1393.05,24.06,1
4313,DECODE,591,0,591,1394.05,19.03,1
4314,DECODE,590,0,590,1396.02,25.07,1
4315,DECODE,589,0,589,1397.99,24.32,1
4316,DECODE,588,0,588,1399.97,24.57,1
4317,DECODE,588,0,588,1400.97,18.79,1
4318,DECODE,587,0,587,1402.95,24.43,1
4319,DECODE,586,0,586,1404.93,24.59,1
4320,DECODE,585,0,585,1406.92,24.39,1
4321,DECODE,585,0,585,1407.92,19.01,1
4322,DECODE,584,0,584,1409.91,23.85,1
4323,DECODE,583,0,583,1411.90,25.78,1
4324,DECODE,583,0,583,1412.90,19.12,1
4325,DECODE,582,0,582,1414.90,24.16,1
4326,DECODE,581,0,581,1416.90,24.20,1
4327,DECODE,581,0,581,1417.90,19.32,1
4328,DECODE,580,0,580,1419.91,23.97,1
4329,DECODE,579,0,579,1421.92,24.35,1
4330,DECODE,578,0,578,1423.93,24.63,1
4331,DECODE,578,0,578,1424.93,19.04,1
4332,DECODE,577,0,577,1426.95,24.13,1
4333,DECODE,576,0,576,1428.97,24.44,1
4334,DECODE,576,0,576,1429.97,18.77,1
4335,DECODE,575,0,575,1431.99,25.54,1
4336,DECODE,574,0,574,1434.02,25.47,1
4337,DECODE,574,0,574,1435.02,19.01,1
4338,DECODE,573,0,573,1437.05,25.17,1
4339,DECODE,572,0,572,1439.09,24.93,1
4340,DECODE,572,0,572,1440.09,18.75,1
4341,DECODE,571,0,571,1442.13,25.27,1
4342,DECODE,570,0,570,1444.18,26.45,1
4343,DECODE,570,0,570,1445.18,18.96,1
4344,DECODE,569,0,569,1447.23,25.06,1
4345,DECODE,568,0,568,1449.28,24.87,1
4346,DECODE,567,0,567,1451.34,25.09,1
4347,DECODE,567,0,567,1452.34,18.85,1
4348,DECODE,566,0,566,1454.40,25.02,1
4349,DECODE,565,0,565,1456.46,25.04,1
4350,DECODE,565,0,565,1457.46,18.89,1
4351,DECODE,564,0,564,1458.19,24.86,1
4352,DECODE,564,0,564,1459.19,28.02,1
4353,DECODE,564,0,564,1460.19,26.55,1
4354,DECODE,563,0,563,1462.26,25.27,1
4355,DECODE,562,0,562,1464.33,18.77,1
4356,DECODE,562,0,562,1465.33,19.02,1
4357,DECODE,561,0,561,1467.41,25.72,1
4358,DECODE,560,0,560,1469.49,27.36,1
4359,DECODE,560,0,560,1470.49,18.66,1
4360,DECODE,559,0,559,1471.27,26.82,1
4361,DECODE,559,0,559,1472.27,18.70,1
4362,DECODE,559,0,559,1473.27,18.97,1
4363,DECODE,558,0,558,1475.35,25.39,1
4364,DECODE,557,0,557,1477.45,26.42,1
4365,DECODE,557,0,557,1478.45,18.67,1
4366,DECODE,556,0,556,1480.54,24.80,1
4367,DECODE,555,0,555,1482.64,25.36,1
4368,DECODE,555,0,555,1483.64,18.70,1
4369,DECODE,554,0,554,1485.75,25.14,1
4370,DECODE,554,0,554,1486.75,19.15,1
4371,DECODE,553,0,553,1488.86,25.11,1
4372,DECODE,552,0,552,1490.97,24.53,1
4373,DECODE,552,0,552,1491.97,18.51,1
4374,DECODE,551,0,551,1494.08,24.66,1
4375,DECODE,550,0,550,1496.21,24.97,1
4376,DECODE,550,0,550,1497.21,28.09,1
4377,DECODE,549,0,549,1499.33,25.97,1
4378,DECODE,548,0,548,1501.46,27.41,1
4379,DECODE,548,0,548,1502.46,18.52,1
4380,DECODE,547,0,547,1504.60,24.88,1
4381,DECODE,547,0,547,1505.60,18.52,1
4382,DECODE,546,0,546,1507.73,24.68,1
4383,DECODE,545,0,545,1509.88,24.70,1
4384,DECODE,545,0,545,1510.88,18.53,1
4385,DECODE,544,0,544,1513.02,23.84,1
4386,DECODE,543,0,543,1515.17,25.35,1
4387,DECODE,543,0,543,1516.17,18.59,1
4388,DECODE,542,0,542,1518.33,25.33,1
4389,DECODE,542,0,542,1519.33,18.80,1
4390,DECODE,541,0,541,1521.49,25.55,1
4391,DECODE,540,0,540,1522.13,25.43,1
4392,DECODE,540,0,540,1523.13,18.86,1
4393,DECODE,540,0,540,1524.13,18.50,1
4394,DECODE,540,0,540,1525.13,18.53,1
4395,DECODE,539,0,539,1527.30,25.61,1
4396,DECODE,538,0,538,1528.12,25.90,1
4397,DECODE,538,0,538,1529.12,18.83,1
4398,DECODE,538,0,538,1530.12,18.84,1
4399,DECODE,537,0,537,1532.29,25.82,1
4400,DECODE,537,0,537,1533.29,18.94,1
4401,DECODE,536,0,536,1535.46,25.43,1
4402,DECODE,536,0,536,1536.46,18.76,1
4403,DECODE,535,0,535,1538.65,25.72,1
4404,DECODE,534,0,534,1540.83,25.75,1
4405,DECODE,534,0,534,1541.83,18.78,1
4406,DECODE,533,0,533,1544.02,25.71,1
4407,DECODE,533,0,533,1545.02,19.02,1
4408,DECODE,532,0,532,1547.22,25.36,1
4409,DECODE,531,0,531,1549.42,25.57,1
4410,DECODE,531,0,531,1550.42,18.90,1
4411,DECODE,530,0,530,1552.62,25.80,1
4412,DECODE,529,0,529,1553.43,25.62,1
4413,DECODE,529,0,529,1554.43,18.95,1
4414,DECODE,529,0,529,1555.43,18.89,1
4415,DECODE,529,0,529,1556.43,19.23,1
4416,DECODE,528,0,528,1558.64,30.39,1
4417,DECODE,528,0,528,1559.64,18.65,1
4418,DECODE,527,0,527,1561.86,24.71,1
4419,DECODE,526,0,526,1562.70,24.61,1
4420,DECODE,526,0,526,1563.70,18.77,1
4421,DECODE,526,0,526,1564.70,18.70,1
4422,DECODE,525,0,525,1566.92,24.48,1
4423,DECODE,525,0,525,1567.92,18.88,1
4424,DECODE,524,0,524,1570.15,25.30,1
4425,DECODE,524,0,524,1571.15,18.63,1
4426,DECODE,523,0,523,1573.39,24.51,1
4427,DECODE,522,0,522,1574.19,24.52,1
4428,DECODE,522,0,522,1575.19,18.72,1
4429,DECODE,521,0,521,1575.86,24.48,1
4430,DECODE,520,0,520,1576.66,26.52,1
4431,DECODE,520,0,520,1577.66,18.60,1
4432,DECODE,519,0,519,1578.50,23.45,1
4433,DECODE,519,0,519,1579.50,18.50,1
4434,DECODE,519,0,519,1580.50,18.38,1
4435,DECODE,518,0,518,1581.35,23.69,1
4436,DECODE,518,0,518,1582.35,18.66,1
4437,DECODE,518,0,518,1583.35,18.50,1
4438,DECODE,518,0,518,1584.35,18.48,1
4439,DECODE,518,0,518,1585.35,18.59,1
4440,DECODE,518,0,518,1586.35,18.50,1
4441,DECODE,518,0,518,1587.35,18.40,1
4442,DECODE,518,0,518,1588.35,18.44,1
4443,DECODE,518,0,518,1589.35,18.48,1
4444,DECODE,517,0,517,1591.60,23.54,1
4445,DECODE,516,0,516,1592.30,23.34,1
4446,DECODE,516,0,516,1593.30,18.48,1
4447,DECODE,516,0,516,1594.30,18.32,1
4448,DECODE,516,0,516,1595.30,18.35,1
4449,DECODE,515,0,515,1597.56,23.62,1
4450,DECODE,515,0,515,1598.56,18.56,1
4451,DECODE,514,0,514,1600.82,24.84,1
4452,DECODE,514,0,514,1601.82,18.51,1
4453,DECODE,513,0,513,1604.08,23.66,1
4454,DECODE,513,0,513,1605.08,18.51,1
4455,DECODE,512,0,512,1607.36,18.27,1
4456,DECODE,511,0,511,1609.63,17.43,1
4457,DECODE,511,0,511,1610.63,17.40,1
4458,DECODE,510,0,510,1611.46,17.60,1
4459,DECODE,510,0,510,1612.46,17.42,1
4460,DECODE,510,0,510,1613.46,17.31,1
4461,DECODE,509,0,509,1614.30,17.67,1
4462,DECODE,508,0,508,1615.12,17.32,1
4463,DECODE,508,0,508,1616.12,17.34,1
4464,DECODE,508,0,508,1617.12,17.44,1
4465,DECODE,508,0,508,1618.12,17.30,1
4466,DECODE,508,0,508,1619.12,17.35,1
4467,DECODE,508,0,508,1620.12,17.32,1
4468,DECODE,507,0,507,1622.41,17.34,1
4469,DECODE,507,0,507,1623.41,17.28,1
4470,DECODE,506,0,506,1625.70,18.51,1
4471,DECODE,505,0,505,1626.54,18.85,1
4472,DECODE,505,0,505,1627.54,17.12,1
4473,DECODE,505,0,505,1628.54,18.14,1
4474,DECODE,505,0,505,1629.54,17.16,1
4475,DECODE,504,0,504,1631.84,16.97,1
4476,DECODE,504,0,504,1632.84,17.26,1
4477,DECODE,503,0,503,1633.67,17.27,1
4478,DECODE,503,0,503,1634.67,17.26,1
4479,DECODE,503,0,503,1635.67,17.08,1
4480,DECODE,503,0,503,1636.67,18.31,1
4481,DECODE,502,0,502,1637.46,18.48,1
4482,DECODE,500,0,500,1637.96,19.01,1
4483,DECODE,500,0,500,1638.96,18.51,1
4484,DECODE,500,0,500,1639.96,18.30,1
4485,DECODE,500,0,500,1640.96,16.91,1
4486,DECODE,500,0,500,1641.96,17.20,1
4487,DECODE,500,0,500,1642.96,18.29,1
4488,DECODE,500,0,500,1643.96,18.54,1
4489,DECODE,499,0,499,1644.69,18.73,1
4490,DECODE,499,0,499,1645.69,18.65,1
4491,DECODE,499,0,499,1646.69,18.52,1
4492,DECODE,499,0,499,1647.69,18.24,1
4493,DECODE,499,0,499,1648.69,18.25,1
4494,DECODE,499,0,499,1649.69,18.27,1
4495,DECODE,498,0,498,1652.01,19.43,1
4496,DECODE,498,0,498,1653.01,18.51,1
4497,DECODE,497,0,497,1653.83,18.82,1
4498,DECODE,497,0,497,1654.83,18.71,1
4499,DECODE,497,0,497,1655.83,18.21,1
4500,DECODE,496,0,496,1656.66,20.25,1
4501,DECODE,496,0,496,1657.66,18.54,1
4502,DECODE,496,0,496,1658.66,17.97,1
4503,DECODE,496,0,496,1659.66,18.10,1
4504,DECODE,495,0,495,1661.99,18.96,1
4505,DECODE,494,0,494,1662.85,18.83,1
4506,DECODE,494,0,494,1663.85,18.46,1
4507,DECODE,494,0,494,1664.85,18.11,1
4508,DECODE,493,0,493,1665.53,18.43,1
4509,DECODE,493,0,493,1666.53,18.57,1
4510,DECODE,493,0,493,1667.53,18.13,1
4511,DECODE,492,0,492,1668.36,18.43,1
4512,DECODE,492,0,492,1669.36,18.53,1
4513,DECODE,492,0,492,1670.36,18.26,1
4514,DECODE,491,0,491,1671.17,18.47,1
4515,DECODE,491,0,491,1672.17,18.46,1
4516,DECODE,491,0,491,1673.17,18.27,1
4517,DECODE,491,0,491,1674.17,18.18,1
4518,DECODE,489,0,489,1674.82,18.48,1
4519,DECODE,489,0,489,1675.82,18.55,1
4520,DECODE,488,0,488,1676.47,18.99,1
4521,DECODE,488,0,488,1677.47,18.44,1
4522,DECODE,488,0,488,1678.47,17.86,1
4523,DECODE,488,0,488,1679.47,18.04,1
4524,DECODE,488,0,488,1680.47,18.09,1
4525,DECODE,488,0,488,1681.47,18.12,1
4526,DECODE,488,0,488,1682.47,17.89,1
4527,DECODE,488,0,488,1683.47,18.74,1
4528,DECODE,488,0,488,1684.47,18.12,1
4529,DECODE,488,0,488,1685.47,18.10,1
4530,DECODE,488,0,488,1686.47,18.04,1
4531,DECODE,487,0,487,1688.82,19.24,1
4532,DECODE,487,0,487,1689.82,18.51,1
4533,DECODE,486,0,486,1692.17,19.11,1
4534,DECODE,486,0,486,1693.17,18.03,1
4535,DECODE,485,0,485,1695.54,19.16,1
4536,DECODE,484,0,484,1696.26,18.81,1
4537,DECODE,484,0,484,1697.26,18.66,1
4538,DECODE,484,0,484,1698.26,18.20,1
4539,DECODE,483,0,483,1698.94,18.51,1
4540,DECODE,483,0,483,1699.94,18.68,1
4541,DECODE,483,0,483,1700.94,18.32,1
4542,DECODE,483,0,483,1701.94,18.23,1
4543,DECODE,483,0,483,1702.94,18.18,1
4544,DECODE,483,0,483,1703.94,18.24,1
4545,DECODE,482,0,482,1706.32,19.14,1
4546,DECODE,482,0,482,1707.32,18.48,1
4547,DECODE,481,0,481,1709.70,19.36,1
4548,DECODE,481,0,481,1710.70,18.57,1
4549,DECODE,480,0,480,1711.49,18.50,1
4550,DECODE,480,0,480,1712.49,18.42,1
4551,DECODE,480,0,480,1713.49,18.02,1
4552,DECODE,480,0,480,1714.49,18.18,1
4553,DECODE,479,0,479,1716.88,19.10,1
4554,DECODE,479,0,479,1717.88,18.54,1
4555,DECODE,478,0,478,1720.27,19.13,1
4556,DECODE,477,0,477,1721.10,18.86,1
4557,DECODE,477,0,477,1722.10,18.54,1
4558,DECODE,477,0,477,1723.10,18.23,1
4559,DECODE,477,0,477,1724.10,18.25,1
4560,DECODE,477,0,477,1725.10,18.14,1
4561,DECODE,476,0,476,1727.50,19.21,1
4562,DECODE,476,0,476,1728.50,18.47,1
4563,DECODE,475,0,475,1730.91,19.17,1
4564,DECODE,474,0,474,1733.35,18.94,1
4565,DECODE,474,0,474,1734.35,18.56,1
4566,DECODE,474,0,474,1735.35,18.42,1
4567,DECODE,474,0,474,1736.35,18.33,1
4568,DECODE,473,0,473,1738.77,19.15,1
4569,DECODE,473,0,473,1739.77,18.58,1
4570,DECODE,472,0,472,1742.20,19.22,1
4571,DECODE,472,0,472,1743.20,18.59,1
4572,DECODE,471,0,471,1745.64,19.13,1
4573,DECODE,471,0,471,1746.64,18.59,1
4574,DECODE,471,0,471,1747.64,18.23,1
4575,DECODE,470,0,470,1750.08,19.57,1
4576,DECODE,469,0,469,1750.81,18.98,1
4577,DECODE,469,0,469,1751.81,18.71,1
4578,DECODE,467,0,467,1752.39,18.66,1
4579,DECODE,466,0,466,1753.23,19.00,1
4580,DECODE,466,0,466,1754.23,18.73,1
4581,DECODE,466,0,466,1755.23,18.36,1
4582,DECODE,465,0,465,1756.05,18.78,1
4583,DECODE,465,0,465,1757.05,18.87,1
4584,DECODE,465,0,465,1758.05,18.25,1
4585,DECODE,465,0,465,1759.05,19.63,1
4586,DECODE,465,0,465,1760.05,18.36,1
4587,DECODE,465,0,465,1761.05,18.28,1
4588,DECODE,465,0,465,1762.05,18.34,1
4589,DECODE,465,0,465,1763.05,18.98,1
4590,DECODE,465,0,465,1764.05,18.36,1
4591,DECODE,465,0,465,1765.05,18.42,1
4592,DECODE,464,0,464,1765.91,20.42,1
4593,DECODE,464,0,464,1766.91,18.72,1
4594,DECODE,464,0,464,1767.91,18.26,1
4595,DECODE,464,0,464,1768.91,18.11,1
4596,DECODE,464,0,464,1769.91,18.14,1
4597,DECODE,463,0,463,1770.72,18.50,1
4598,DECODE,463,0,463,1771.72,18.54,1
4599,DECODE,462,0,462,1772.58,18.36,1
4600,DECODE,462,0,462,1773.58,18.52,1
4601,DECODE,461,0,461,1776.09,18.41,1
4602,DECODE,461,0,461,1777.09,18.67,1
4603,DECODE,461,0,461,1778.09,17.89,1
4604,DECODE,461,0,461,1779.09,17.89,1
4605,DECODE,461,0,461,1780.09,17.96,1
4606,DECODE,461,0,461,1781.09,17.91,1
4607,DECODE,461,0,461,1782.09,17.99,1
4608,DECODE,461,0,461,1783.09,17.97,1
4609,DECODE,461,0,461,1784.09,17.44,1
4610,DECODE,461,0,461,1785.09,17.47,1
4611,DECODE,460,0,460,1787.57,18.10,1
4612,DECODE,460,0,460,1788.57,17.82,1
4613,DECODE,459,0,459,1791.05,17.62,1
4614,DECODE,459,0,459,1792.05,17.83,1
4615,DECODE,459,0,459,1793.05,16.75,1
4616,DECODE,458,0,458,1793.90,16.81,1
4617,DECODE,458,0,458,1794.90,16.76,1
4618,DECODE,458,0,458,1795.90,16.67,1
4619,DECODE,458,0,458,1796.90,16.73,1
4620,DECODE,457,0,457,1799.40,16.73,1
4621,DECODE,457,0,457,1800.40,17.51,1
4622,DECODE,456,0,456,1802.90,18.30,1
4623,DECODE,456,0,456,1803.90,17.82,1
4624,DECODE,456,0,456,1804.90,17.60,1
4625,DECODE,455,0,455,1807.40,18.51,1
4626,DECODE,455,0,455,1808.40,17.89,1
4627,DECODE,454,0,454,1810.92,18.72,1
4628,DECODE,454,0,454,1811.92,18.07,1
4629,DECODE,454,0,454,1812.92,17.84,1
4630,DECODE,453,0,453,1815.44,18.53,1
4631,DECODE,453,0,453,1816.44,16.78,1
4632,DECODE,452,0,452,1818.97,16.78,1
4633,DECODE,451,0,451,1819.81,16.70,1
4634,DECODE,451,0,451,1820.81,16.90,1
4635,DECODE,451,0,451,1821.81,16.77,1
4636,DECODE,451,0,451,1822.81,16.73,1
4637,DECODE,451,0,451,1823.81,17.62,1
4638,DECODE,450,0,450,1824.63,18.05,1
4639,DECODE,450,0,450,1825.63,18.30,1
4640,DECODE,450,0,450,1826.63,17.53,1
4641,DECODE,450,0,450,1827.63,17.55,1
4642,DECODE,450,0,450,1828.63,17.57,1
4643,DECODE,449,0,449,1831.17,18.41,1
4644,DECODE,449,0,449,1832.17,17.85,1
4645,DECODE,448,0,448,1834.72,23.92,1
4646,DECODE,448,0,448,1835.72,18.03,1
4647,DECODE,448,0,448,1836.72,17.45,1
4648,DECODE,447,0,447,1839.28,18.36,1
4649,DECODE,447,0,447,1840.28,17.82,1
4650,DECODE,446,0,446,1842.85,18.92,1
4651,DECODE,446,0,446,1843.85,17.83,1
4652,DECODE,446,0,446,1844.85,17.58,1
4653,DECODE,445,0,445,1847.42,18.40,1
4654,DECODE,444,0,444,1848.15,18.14,1
4655,DECODE,444,0,444,1849.15,17.92,1
4656,DECODE,444,0,444,1850.15,17.67,1
4657,DECODE,444,0,444,1851.15,17.72,1
4658,DECODE,444,0,444,1852.15,17.61,1
4659,DECODE,444,0,444,1853.15,17.55,1
4660,DECODE,443,0,443,1855.74,18.42,1
4661,DECODE,443,0,443,1856.74,17.85,1
4662,DECODE,443,0,443,1857.74,17.47,1
4663,DECODE,442,0,442,1860.33,18.38,1
4664,DECODE,442,0,442,1861.33,17.86,1
4665,DECODE,441,0,441,1863.93,18.64,1
4666,DECODE,441,0,441,1864.93,17.77,1
4667,DECODE,441,0,441,1865.93,17.59,1
4668,DECODE,440,0,440,1868.53,18.40,1
4669,DECODE,440,0,440,1869.53,18.00,1
4670,DECODE,439,0,439,1872.15,18.43,1
4671,DECODE,439,0,439,1873.15,17.80,1
4672,DECODE,439,0,439,1874.15,17.68,1
4673,DECODE,438,0,438,1876.77,18.77,1
4674,DECODE,438,0,438,1877.77,17.99,1
4675,DECODE,438,0,438,1878.77,17.77,1
4676,DECODE,437,0,437,1881.40,18.56,1
4677,DECODE,437,0,437,1882.40,17.80,1
4678,DECODE,436,0,436,1885.04,18.43,1
4679,DECODE,436,0,436,1886.04,17.83,1
4680,DECODE,436,0,436,1887.04,17.69,1
4681,DECODE,435,0,435,1889.69,18.38,1
4682,DECODE,435,0,435,1890.69,17.94,1
4683,DECODE,435,0,435,1891.69,17.64,1
4684,DECODE,434,0,434,1894.34,18.45,1
4685,DECODE,434,0,434,1895.34,18.11,1
4686,DECODE,433,0,433,1898.00,18.46,1
4687,DECODE,433,0,433,1899.00,17.95,1
4688,DECODE,433,0,433,1900.00,19.04,1
4689,DECODE,432,0,432,1902.68,23.59,1
4690,DECODE,432,0,432,1903.68,17.79,1
4691,DECODE,432,0,432,1904.68,17.49,1
4692,DECODE,431,0,431,1907.35,18.28,1
4693,DECODE,431,0,431,1908.35,17.78,1
4694,DECODE,430,0,430,1911.04,18.28,1
4695,DECODE,430,0,430,1912.04,17.83,1
4696,DECODE,430,0,430,1913.04,17.74,1
4697,DECODE,429,0,429,1915.74,18.32,1
4698,DECODE,429,0,429,1916.74,17.74,1
4699,DECODE,429,0,429,1917.74,17.49,1
4700,DECODE,428,0,428,1918.64,17.94,1
4701,DECODE,428,0,428,1919.64,17.98,1
4702,DECODE,428,0,428,1920.64,17.45,1
4703,DECODE,428,0,428,1921.64,17.58,1
4704,DECODE,427,0,427,1922.57,17.80,1
4705,DECODE,427,0,427,1923.57,17.92,1
4706,DECODE,427,0,427,1924.57,17.44,1
4707,DECODE,427,0,427,1925.57,17.48,1
4708,DECODE,427,0,427,1926.57,17.68,1
4709,DECODE,426,0,426,1929.28,18.25,1
4710,DECODE,426,0,426,1930.28,17.73,1
4711,DECODE,426,0,426,1931.28,17.43,1
4712,DECODE,425,0,425,1932.15,17.86,1
4713,DECODE,425,0,425,1933.15,17.86,1
4714,DECODE,425,0,425,1934.15,17.50,1
4715,DECODE,425,0,425,1935.15,17.53,1
4716,DECODE,425,0,425,1936.15,17.40,1
4717,DECODE,424,0,424,1938.87,16.91,1
4718,DECODE,423,0,423,1939.56,16.61,1
4719,DECODE,422,0,422,1942.32,18.32,1
4720,DECODE,422,0,422,1943.32,17.80,1
4721,DECODE,422,0,422,1944.32,17.53,1
4722,DECODE,422,0,422,1945.32,17.47,1
4723,DECODE,421,0,421,1946.15,17.80,1
4724,DECODE,420,0,420,1946.94,18.26,1
4725,DECODE,420,0,420,1947.94,17.77,1
4726,DECODE,420,0,420,1948.94,17.46,1
4727,DECODE,420,0,420,1949.94,17.62,1
4728,DECODE,420,0,420,1950.94,17.47,1
4729,DECODE,420,0,420,1951.94,17.51,1
4730,DECODE,420,0,420,1952.94,17.45,1
4731,DECODE,420,0,420,1953.94,17.48,1
4732,DECODE,420,0,420,1954.94,17.49,1
4733,DECODE,420,0,420,1955.94,17.53,1
4734,DECODE,420,0,420,1956.94,17.45,1
4735,DECODE,420,0,420,1957.94,17.47,1
4736,DECODE,420,0,420,1958.94,17.43,1
4737,DECODE,419,0,419,1961.69,18.44,1
4738,DECODE,419,0,419,1962.69,17.65,1
4739,DECODE,419,0,419,1963.69,17.52,1
4740,DECODE,418,0,418,1966.45,18.18,1
4741,DECODE,418,0,418,1967.45,17.81,1
4742,DECODE,417,0,417,1968.41,17.96,1
4743,DECODE,417,0,417,1969.41,17.79,1
4744,DECODE,417,0,417,1970.41,17.69,1
4745,DECODE,417,0,417,1971.41,17.63,1
4746,DECODE,417,0,417,1972.41,17.66,1
4747,DECODE,416,0,416,1975.18,23.71,1
4748,DECODE,416,0,416,1976.18,18.14,1
4749,DECODE,416,0,416,1977.18,17.93,1
4750,DECODE,415,0,415,1979.96,18.84,1
4751,DECODE,415,0,415,1980.96,18.21,1
4752,DECODE,415,0,415,1981.96,17.92,1
4753,DECODE,414,0,414,1984.76,18.83,1
4754,DECODE,414,0,414,1985.76,18.24,1
4755,DECODE,414,0,414,1986.76,17.93,1
4756,DECODE,413,0,413,1989.56,18.79,1
4757,DECODE,413,0,413,1990.56,18.21,1
4758,DECODE,413,0,413,1991.56,17.96,1
4759,DECODE,412,0,412,1994.37,18.78,1
4760,DECODE,412,0,412,1995.37,18.21,1
4761,DECODE,412,0,412,1996.37,17.90,1
4762,DECODE,411,0,411,1999.18,18.71,1
4763,DECODE,411,0,411,2000.18,17.57,1
4764,DECODE,411,0,411,2001.18,17.60,1
4765,DECODE,410,0,410,2004.01,19.07,1
4766,DECODE,410,0,410,2005.01,16.98,1
4767,DECODE,410,0,410,2006.01,16.95,1
4768,DECODE,409,0,409,2008.85,17.08,1
4769,DECODE,409,0,409,2009.85,17.06,1
4770,DECODE,409,0,409,2010.85,16.91,1
4771,DECODE,408,0,408,2013.70,17.77,1
4772,DECODE,408,0,408,2014.70,17.56,1
4773,DECODE,408,0,408,2015.70,17.31,1
4774,DECODE,407,0,407,2018.55,17.95,1
4775,DECODE,407,0,407,2019.55,17.49,1
4776,DECODE,407,0,407,2020.55,17.35,1
4777,DECODE,406,0,406,2023.42,16.98,1
4778,DECODE,406,0,406,2024.42,17.04,1
4779,DECODE,404,0,404,2025.30,16.97,1
4780,DECODE,404,0,404,2026.30,17.10,1
4781,DECODE,404,0,404,2027.30,16.93,1
4782,DECODE,404,0,404,2028.30,16.95,1
4783,DECODE,404,0,404,2029.30,17.20,1
4784,DECODE,404,0,404,2030.30,17.78,1
4785,DECODE,404,0,404,2031.30,17.75,1
4786,DECODE,403,0,403,2032.25,18.26,1
4787,DECODE,403,0,403,2033.25,18.29,1
4788,DECODE,403,0,403,2034.25,17.91,1
4789,DECODE,403,0,403,2035.25,17.85,1
4790,DECODE,403,0,403,2036.25,17.84,1
4791,DECODE,403,0,403,2037.25,17.91,1
4792,DECODE,402,0,402,2038.20,18.15,1
4793,DECODE,402,0,402,2039.20,18.26,1
4794,DECODE,401,0,401,2040.25,18.23,1
4795,DECODE,401,0,401,2041.25,18.56,1
4796,DECODE,401,0,401,2042.25,17.84,1
4797,DECODE,401,0,401,2043.25,17.83,1
4798,DECODE,401,0,401,2044.25,17.73,1
4799,DECODE,401,0,401,2045.25,17.85,1
4800,DECODE,401,0,401,2046.25,18.02,1
4801,DECODE,401,0,401,2047.25,18.71,1
4802,DECODE,400,0,400,2048.17,20.61,1
4803,DECODE,400,0,400,2049.17,18.07,1
4804,DECODE,400,0,400,2050.17,17.45,1
4805,DECODE,400,0,400,2051.17,17.62,1
4806,DECODE,399,0,399,2052.18,18.04,1
4807,DECODE,399,0,399,2053.18,18.25,1
4808,DECODE,399,0,399,2054.18,17.58,1
4809,DECODE,399,0,399,2055.18,17.66,1
4810,DECODE,399,0,399,2056.18,17.55,1
4811,DECODE,399,0,399,2057.18,17.66,1
4812,DECODE,399,0,399,2058.18,17.65,1
4813,DECODE,399,0,399,2059.18,17.56,1
4814,DECODE,399,0,399,2060.18,17.67,1
4815,DECODE,399,0,399,2061.18,17.53,1
4816,DECODE,398,0,398,2062.13,17.93,1
4817,DECODE,398,0,398,2063.13,18.16,1
4818,DECODE,397,0,397,2063.94,17.79,1
4819,DECODE,397,0,397,2064.94,17.88,1
4820,DECODE,397,0,397,2065.94,17.47,1
4821,DECODE,397,0,397,2066.94,17.57,1
4822,DECODE,397,0,397,2067.94,17.55,1
4823,DECODE,396,0,396,2068.95,17.54,1
4824,DECODE,396,0,396,2069.95,17.79,1
4825,DECODE,396,0,396,2070.95,17.25,1
4826,DECODE,396,0,396,2071.95,17.19,1
4827,DECODE,396,0,396,2072.95,16.31,1
4828,DECODE,395,0,395,2073.96,16.41,1
4829,DECODE,395,0,395,2074.96,17.69,1
4830,DECODE,395,0,395,2075.96,17.39,1
4831,DECODE,395,0,395,2076.96,17.21,1
4832,DECODE,395,0,395,2077.96,17.45,1
4833,DECODE,395,0,395,2078.96,16.46,1
4834,DECODE,394,0,394,2079.94,16.52,1
4835,DECODE,394,0,394,2080.94,16.63,1
4836,DECODE,394,0,394,2081.94,16.35,1
4837,DECODE,394,0,394,2082.94,16.39,1
4838,DECODE,394,0,394,2083.94,18.19,1
4839,DECODE,394,0,394,2084.94,17.40,1
4840,DECODE,394,0,394,2085.94,17.28,1
4841,DECODE,394,0,394,2086.94,17.28,1
4842,DECODE,394,0,394,2087.94,17.26,1
4843,DECODE,393,0,393,2090.88,18.07,1
4844,DECODE,393,0,393,2091.88,17.56,1
4845,DECODE,393,0,393,2092.88,18.00,1
4846,DECODE,392,0,392,2095.82,17.98,1
4847,DECODE,392,0,392,2096.82,17.40,1
4848,DECODE,391,0,391,2096.64,17.49,1
4849,DECODE,390,0,390,2099.61,17.81,1
4850,DECODE,390,0,390,2100.61,17.39,1
4851,DECODE,390,0,390,2101.61,17.15,1
4852,DECODE,390,0,390,2102.61,17.15,1
4853,DECODE,390,0,390,2103.61,17.15,1
4854,DECODE,388,0,388,2104.42,17.42,1
4855,DECODE,388,0,388,2105.42,17.63,1
4856,DECODE,388,0,388,2106.42,17.18,1
4857,DECODE,388,0,388,2107.42,17.36,1
4858,DECODE,388,0,388,2108.42,17.15,1
4859,DECODE,387,0,387,2108.25,17.70,1
4860,DECODE,387,0,387,2109.25,17.61,1
4861,DECODE,387,0,387,2110.25,17.24,1
4862,DECODE,387,0,387,2111.25,17.25,1
4863,DECODE,386,0,386,2112.24,17.49,1
4864,DECODE,385,0,385,2113.23,19.03,1
4865,DECODE,385,0,385,2114.23,17.35,1
4866,DECODE,385,0,385,2115.23,17.25,1
4867,DECODE,385,0,385,2116.23,17.17,1
4868,DECODE,385,0,385,2117.23,17.22,1
4869,DECODE,385,0,385,2118.23,17.13,1
4870,DECODE,385,0,385,2119.23,17.33,1
4871,DECODE,385,0,385,2120.23,17.25,1
4872,DECODE,385,0,385,2121.23,17.29,1
4873,DECODE,384,0,384,2122.02,19.20,1
4874,DECODE,384,0,384,2123.02,17.39,1
4875,DECODE,384,0,384,2124.02,16.99,1
4876,DECODE,384,0,384,2125.02,17.10,1
4877,DECODE,384,0,384,2126.02,17.10,1
4878,DECODE,384,0,384,2127.02,17.03,1
4879,DECODE,384,0,384,2128.02,17.08,1
4880,DECODE,384,0,384,2129.02,17.06,1
4881,DECODE,384,0,384,2130.02,17.10,1
4882,DECODE,384,0,384,2131.02,17.23,1
4883,DECODE,384,0,384,2132.02,17.10,1
4884,DECODE,384,0,384,2133.02,17.09,1
4885,DECODE,384,0,384,2134.02,17.04,1
4886,DECODE,383,0,383,2135.03,17.26,1
4887,DECODE,383,0,383,2136.03,17.28,1
4888,DECODE,383,0,383,2137.03,16.31,1
4889,DECODE,383,0,383,2138.03,16.20,1
4890,DECODE,382,0,382,2139.04,17.67,1
4891,DECODE,381,0,381,2138.94,19.42,1
4892,DECODE,381,0,381,2139.94,17.69,1
4893,DECODE,381,0,381,2140.94,16.93,1
4894,DECODE,381,0,381,2141.94,17.28,1
4895,DECODE,381,0,381,2142.94,16.98,1
4896,DECODE,381,0,381,2143.94,17.21,1
4897,DECODE,381,0,381,2144.94,17.29,1
4898,DECODE,381,0,381,2145.94,17.10,1
4899,DECODE,381,0,381,2146.94,17.30,1
4900,DECODE,381,0,381,2147.94,16.99,1
4901,DECODE,381,0,381,2148.94,17.07,1
4902,DECODE,381,0,381,2149.94,17.27,1
4903,DECODE,380,0,380,2150.93,17.43,1
4904,DECODE,380,0,380,2151.93,17.46,1
4905,DECODE,380,0,380,2152.93,17.25,1
4906,DECODE,380,0,380,2153.93,16.97,1
4907,DECODE,380,0,380,2154.93,17.04,1
4908,DECODE,379,0,379,2155.74,17.42,1
4909,DECODE,379,0,379,2156.74,17.32,1
4910,DECODE,379,0,379,2157.74,17.20,1
4911,DECODE,379,0,379,2158.74,16.99,1
4912,DECODE,379,0,379,2159.74,17.15,1
4913,DECODE,379,0,379,2160.74,17.18,1
4914,DECODE,379,0,379,2161.74,17.26,1
4915,DECODE,379,0,379,2162.74,17.31,1
4916,DECODE,379,0,379,2163.74,17.21,1
4917,DECODE,379,0,379,2164.74,17.33,1
4918,DECODE,379,0,379,2165.74,17.31,1
4919,DECODE,379,0,379,2166.74,17.20,1
4920,DECODE,379,0,379,2167.74,17.29,1
4921,DECODE,378,0,378,2167.70,17.69,1
4922,DECODE,378,0,378,2168.70,17.67,1
4923,DECODE,378,0,378,2169.70,17.37,1
4924,DECODE,378,0,378,2170.70,17.24,1
4925,DECODE,378,0,378,2171.70,17.18,1
4926,DECODE,377,0,377,2174.73,17.89,1
4927,DECODE,376,0,376,2174.71,17.86,1
4928,DECODE,375,0,375,2175.71,17.77,1
4929,DECODE,375,0,375,2176.71,17.45,1
4930,DECODE,375,0,375,2177.71,17.14,1
4931,DECODE,375,0,375,2178.71,17.18,1
4932,DECODE,375,0,375,2179.71,17.13,1
4933,DECODE,375,0,375,2180.71,17.15,1
4934,DECODE,375,0,375,2181.71,17.22,1
4935,DECODE,375,0,375,2182.71,17.13,1
4936,DECODE,375,0,375,2183.71,17.17,1
4937,DECODE,375,0,375,2184.71,17.16,1
4938,DECODE,375,0,375,2185.71,17.20,1
4939,DECODE,375,0,375,2186.71,17.45,1
4940,DECODE,375,0,375,2187.71,17.27,1
4941,DECODE,374,0,374,2188.68,17.52,1
4942,DECODE,374,0,374,2189.68,17.47,1
4943,DECODE,373,0,373,2189.68,17.45,1
4944,DECODE,373,0,373,2190.68,17.69,1
4945,DECODE,373,0,373,2191.68,18.80,1
4946,DECODE,373,0,373,2192.68,18.00,1
4947,DECODE,373,0,373,2193.68,17.81,1
4948,DECODE,372,0,372,2194.68,18.52,1
4949,DECODE,372,0,372,2195.68,18.68,1
4950,DECODE,372,0,372,2196.68,17.82,1
4951,DECODE,372,0,372,2197.68,17.90,1
4952,DECODE,372,0,372,2198.68,18.12,1
4953,DECODE,372,0,372,2199.68,17.86,1
4954,DECODE,372,0,372,2200.68,17.81,1
4955,DECODE,372,0,372,2201.68,17.85,1
4956,DECODE,372,0,372,2202.68,17.84,1
4957,DECODE,372,0,372,2203.68,17.84,1
4958,DECODE,372,0,372,2204.68,17.99,1
4959,DECODE,372,0,372,2205.68,18.07,1
4960,DECODE,372,0,372,2206.68,17.91,1
4961,DECODE,372,0,372,2207.68,17.89,1
4962,DECODE,371,0,371,2208.66,18.77,1
4963,DECODE,371,0,371,2209.66,17.49,1
4964,DECODE,371,0,371,2210.66,17.13,1
4965,DECODE,371,0,371,2211.66,18.14,1
4966,DECODE,371,0,371,2212.66,17.98,1
4967,DECODE,371,0,371,2213.66,17.92,1
4968,DECODE,371,0,371,2214.66,17.89,1
4969,DECODE,371,0,371,2215.66,17.88,1
4970,DECODE,371,0,371,2216.66,17.94,1
4971,DECODE,370,0,370,2219.72,19.60,1
4972,DECODE,370,0,370,2220.72,18.41,1
4973,DECODE,370,0,370,2221.72,17.96,1
4974,DECODE,369,0,369,2221.80,18.68,1
4975,DECODE,369,0,369,2222.80,18.25,1
4976,DECODE,369,0,369,2223.80,16.95,1
4977,DECODE,369,0,369,2224.80,16.99,1
4978,DECODE,369,0,369,2225.80,17.06,1
4979,DECODE,368,0,368,2225.89,18.87,1
4980,DECODE,367,0,367,2225.98,17.48,1
4981,DECODE,367,0,367,2226.98,17.39,1
4982,DECODE,367,0,367,2227.98,17.08,1
4983,DECODE,367,0,367,2228.98,17.08,1
4984,DECODE,367,0,367,2229.98,17.07,1
4985,DECODE,366,0,366,2233.06,17.23,1
4986,DECODE,365,0,365,2236.16,17.48,1
4987,DECODE,364,0,364,2237.18,17.40,1
4988,DECODE,364,0,364,2238.18,17.20,1
4989,DECODE,363,0,363,2239.03,17.17,1
4990,DECODE,362,0,362,2239.97,17.68,1
4991,DECODE,362,0,362,2240.97,17.47,1
4992,DECODE,361,0,361,2242.01,17.53,1
4993,DECODE,361,0,361,2243.01,16.91,1
4994,DECODE,361,0,361,2244.01,16.91,1
4995,DECODE,361,0,361,2245.01,17.05,1
4996,DECODE,359,0,359,2248.17,17.14,1
4997,DECODE,359,0,359,2249.17,17.18,1
4998,DECODE,359,0,359,2250.17,16.83,1
4999,DECODE,359,0,359,2251.17,16.93,1
5000,DECODE,359,0,359,2252.17,17.10,1
5001,DECODE,359,0,359,2253.17,16.95,1
5002,DECODE,359,0,359,2254.17,16.90,1
5003,DECODE,358,0,358,2254.32,17.05,1
5004,DECODE,357,0,357,2254.46,17.45,1
5005,DECODE,357,0,357,2255.46,17.09,1
5006,DECODE,356,0,356,2256.30,17.06,1
5007,DECODE,356,0,356,2257.30,17.14,1
5008,DECODE,356,0,356,2258.30,17.08,1
5009,DECODE,356,0,356,2259.30,17.08,1
5010,DECODE,355,0,355,2259.46,17.53,1
5011,DECODE,355,0,355,2260.46,17.40,1
5012,DECODE,353,0,353,2259.76,17.48,1
5013,DECODE,353,0,353,2260.76,17.51,1
5014,DECODE,352,0,352,2260.91,18.89,1
5015,DECODE,352,0,352,2261.91,17.23,1
5016,DECODE,352,0,352,2262.91,16.86,1
5017,DECODE,352,0,352,2263.91,17.00,1
5018,DECODE,352,0,352,2264.91,16.98,1
5019,DECODE,352,0,352,2265.91,16.90,1
5020,DECODE,352,0,352,2266.91,16.88,1
5021,DECODE,352,0,352,2267.91,17.11,1
5022,DECODE,350,0,350,2267.93,18.03,1
5023,DECODE,350,0,350,2268.93,18.59,1
5024,DECODE,349,0,349,2269.09,17.61,1
5025,DECODE,349,0,349,2270.09,18.19,1
5026,DECODE,349,0,349,2271.09,16.85,1
5027,DECODE,349,0,349,2272.09,16.94,1
5028,DECODE,349,0,349,2273.09,16.99,1
5029,DECODE,349,0,349,2274.09,17.02,1
5030,DECODE,349,0,349,2275.09,16.85,1
5031,DECODE,349,0,349,2276.09,16.90,1
5032,DECODE,349,0,349,2277.09,16.93,1
5033,DECODE,349,0,349,2278.09,16.91,1
5034,DECODE,349,0,349,2279.09,16.94,1
5035,DECODE,348,0,348,2279.84,17.58,1
5036,DECODE,347,0,347,2280.04,18.09,1
5037,DECODE,347,0,347,2281.04,18.07,1
5038,DECODE,347,0,347,2282.04,17.59,1
5039,DECODE,347,0,347,2283.04,17.60,1
5040,DECODE,347,0,347,2284.04,17.75,1
5041,DECODE,347,0,347,2285.04,17.59,1
5042,DECODE,346,0,346,2285.24,18.17,1
5043,DECODE,346,0,346,2286.24,18.08,1
5044,DECODE,346,0,346,2287.24,16.87,1
5045,DECODE,346,0,346,2288.24,16.83,1
5046,DECODE,345,0,345,2288.46,17.22,1
5047,DECODE,345,0,345,2289.46,17.39,1
5048,DECODE,345,0,345,2290.46,16.84,1
5049,DECODE,345,0,345,2291.46,16.86,1
5050,DECODE,345,0,345,2292.46,16.91,1
5051,DECODE,345,0,345,2293.46,16.93,1
5052,DECODE,345,0,345,2294.46,16.92,1
5053,DECODE,344,0,344,2294.68,17.23,1
5054,DECODE,344,0,344,2295.68,17.48,1
5055,DECODE,344,0,344,2296.68,16.84,1
5056,DECODE,344,0,344,2297.68,16.86,1
5057,DECODE,344,0,344,2298.68,16.89,1
5058,DECODE,343,0,343,2299.45,17.21,1
5059,DECODE,343,0,343,2300.45,17.26,1
5060,DECODE,343,0,343,2301.45,16.98,1
5061,DECODE,342,0,342,2301.70,17.41,1
5062,DECODE,341,0,341,2301.94,17.71,1
5063,DECODE,341,0,341,2302.94,17.27,1
5064,DECODE,341,0,341,2303.94,16.89,1
5065,DECODE,340,0,340,2304.19,17.18,1
5066,DECODE,340,0,340,2305.19,17.30,1
5067,DECODE,340,0,340,2306.19,16.81,1
5068,DECODE,340,0,340,2307.19,16.95,1
5069,DECODE,339,0,339,2307.44,17.11,1
5070,DECODE,339,0,339,2308.44,17.09,1
5071,DECODE,339,0,339,2309.44,16.75,1
5072,DECODE,339,0,339,2310.44,16.80,1
5073,DECODE,339,0,339,2311.44,16.84,1
5074,DECODE,339,0,339,2312.44,16.95,1
5075,DECODE,338,0,338,2313.21,17.21,1
5076,DECODE,338,0,338,2314.21,17.28,1
5077,DECODE,337,0,337,2314.48,17.06,1
5078,DECODE,337,0,337,2315.48,18.04,1
5079,DECODE,336,0,336,2316.41,20.14,1
5080,DECODE,335,0,335,2316.69,24.96,1
5081,DECODE,335,0,335,2317.69,19.31,1
5082,DECODE,335,0,335,2318.69,17.22,1
5083,DECODE,335,0,335,2319.69,17.62,1
5084,DECODE,335,0,335,2320.69,18.01,1
5085,DECODE,335,0,335,2321.69,17.28,1
5086,DECODE,335,0,335,2322.69,17.29,1
5087,DECODE,334,0,334,2322.98,17.93,1
5088,DECODE,334,0,334,2323.98,17.69,1
5089,DECODE,334,0,334,2324.98,17.12,1
5090,DECODE,334,0,334,2325.98,17.26,1
5091,DECODE,333,0,333,2326.71,16.99,1
5092,DECODE,333,0,333,2327.71,16.82,1
5093,DECODE,332,0,332,2328.01,16.81,1
5094,DECODE,332,0,332,2329.01,16.99,1
5095,DECODE,332,0,332,2330.01,16.52,1
5096,DECODE,332,0,332,2331.01,16.59,1
5097,DECODE,332,0,332,2332.01,16.57,1
5098,DECODE,332,0,332,2333.01,16.59,1
5099,DECODE,332,0,332,2334.01,16.87,1
5100,DECODE,330,0,330,2333.64,16.46,1
5101,DECODE,329,0,329,2334.60,17.05,1
5102,DECODE,329,0,329,2335.60,16.32,1
5103,DECODE,329,0,329,2336.60,16.11,1
5104,DECODE,329,0,329,2337.60,16.17,1
5105,DECODE,329,0,329,2338.60,16.13,1
5106,DECODE,329,0,329,2339.60,16.17,1
5107,DECODE,328,0,328,2340.51,16.58,1
5108,DECODE,328,0,328,2341.51,16.45,1
5109,DECODE,328,0,328,2342.51,16.07,1
5110,DECODE,328,0,328,2343.51,15.99,1
5111,DECODE,328,0,328,2344.51,16.14,1
5112,DECODE,328,0,328,2345.51,16.04,1
5113,DECODE,327,0,327,2346.17,16.50,1
5114,EXTEND,1,73,0,78.00,50.46,1
5115,DECODE,328,0,328,2340.25,15.03,1
5116,DECODE,328,0,328,2341.25,15.20,1
5117,DECODE,327,0,327,2341.97,14.93,1
5118,EXTEND,1,92,0,98.00,31.76,1
5119,DECODE,328,0,328,2336.13,14.97,1
5120,DECODE,328,0,328,2337.13,14.92,1
5121,DECODE,327,0,327,2337.45,14.81,1
5122,EXTEND,2,136,0,71.00,17.01,1
5123,DECODE,329,0,329,2324.67,14.85,1
5124,DECODE,329,0,329,2325.67,14.97,1
5125,DECODE,329,0,329,2326.67,15.04,1
5126,DECODE,328,0,328,2327.38,15.12,1
5127,EXTEND,3,147,0,53.67,23.48,1
5128,DECODE,329,0,329,2306.23,14.94,1
5129,EXTEND,1,272,0,282.00,16.23,1
5130,DECODE,330,0,330,2301.09,14.97,1
5131,DECODE,330,0,330,2302.09,14.94,1
5132,DECODE,330,0,330,2303.09,15.00,1
5133,DECODE,328,0,328,2302.53,15.10,1
5134,EXTEND,2,412,0,210.00,36.39,1
5135,DECODE,330,0,330,2290.85,14.93,1
5136,DECODE,330,0,330,2291.85,14.84,1
5137,DECODE,329,0,329,2292.03,14.85,1
5138,EXTEND,2,98,0,56.50,31.40,1
5139,DECODE,331,0,331,2279.52,14.87,1
5140,DECODE,331,0,331,2280.52,14.91,1
5141,DECODE,331,0,331,2281.52,15.09,1
5142,DECODE,331,0,331,2282.52,15.08,1
5143,DECODE,331,0,331,2283.52,14.91,1
5144,DECODE,331,0,331,2284.52,15.26,1
5145,DECODE,331,0,331,2285.52,15.91,1
5146,DECODE,331,0,331,2286.52,15.72,1
5147,DECODE,331,0,331,2287.52,16.15,1
5148,DECODE,331,0,331,2288.52,16.54,1
5149,DECODE,331,0,331,2289.52,16.02,1
5150,DECODE,331,0,331,2290.52,16.13,1
5151,DECODE,331,0,331,2291.52,15.98,1
5152,DECODE,330,0,330,2291.71,16.65,1
5153,EXTEND,1,35,0,41.00,43.00,1
5154,DECODE,331,0,331,2285.91,15.06,1
5155,DECODE,331,0,331,2286.91,15.63,1
5156,DECODE,331,0,331,2287.91,15.96,1
5157,DECODE,331,0,331,2288.91,16.01,1
5158,DECODE,331,0,331,2289.91,16.06,1
5159,DECODE,331,0,331,2290.91,16.08,1
5160,DECODE,331,0,331,2291.91,15.93,1
5161,DECODE,330,0,330,2292.10,16.64,1
5162,EXTEND,3,456,0,157.67,66.95,1
5163,DECODE,332,0,332,2273.00,15.24,1
5164,DECODE,332,0,332,2274.00,14.90,1
5165,DECODE,332,0,332,2275.00,16.11,1
5166,DECODE,332,0,332,2276.00,16.00,1
5167,DECODE,331,0,331,2276.15,16.11,1
5168,EXTEND,1,355,0,358.00,42.69,1
5169,DECODE,332,0,332,2271.37,15.16,1
5170,DECODE,332,0,332,2272.37,15.81,1
5171,DECODE,331,0,331,2272.50,15.36,1
5172,EXTEND,2,576,0,293.00,30.17,1
5173,DECODE,333,0,333,2261.61,15.30,1
5174,DECODE,333,0,333,2262.61,15.04,1
5175,DECODE,333,0,333,2263.61,15.73,1
5176,DECODE,333,0,333,2264.61,15.95,1
5177,DECODE,332,0,332,2264.72,16.20,1
5178,EXTEND,1,278,0,284.00,43.32,1
5179,DECODE,333,0,333,2259.77,15.07,1
5180,DECODE,333,0,333,2260.77,14.85,1
5181,DECODE,332,0,332,2260.87,15.50,1
5182,EXTEND,3,797,0,272.33,35.59,1
5183,DECODE,333,0,333,2242.55,14.92,1
5184,EXTEND,1,532,0,538.00,16.14,1
5185,DECODE,334,0,334,2238.45,15.09,1
5186,DECODE,334,0,334,2239.45,15.15,1
5187,DECODE,333,0,333,2239.49,14.82,1
5188,EXTEND,2,673,0,341.00,16.56,1
5189,DECODE,334,0,334,2228.16,14.72,1
5190,EXTEND,1,330,0,334.00,25.75,1
5191,DECODE,335,0,335,2223.50,14.82,1
5192,DECODE,335,0,335,2224.50,14.76,1
5193,DECODE,335,0,335,2225.50,15.27,1
5194,DECODE,334,0,334,2225.91,15.35,1
5195,EXTEND,1,329,0,334.00,39.40,1
5196,DECODE,335,0,335,2221.27,14.94,1
5197,DECODE,335,0,335,2222.27,14.78,1
5198,DECODE,334,0,334,2222.25,14.78,1
5199,EXTEND,3,936,0,315.67,21.12,1
5200,DECODE,335,0,335,2204.17,14.73,1
5201,EXTEND,2,377,0,193.50,22.51,1
5202,DECODE,336,0,336,2192.14,14.56,1
5203,EXTEND,1,299,0,303.00,26.12,1
5204,DECODE,334,0,334,2184.19,14.64,1
5205,EXTEND,3,1149,0,390.67,22.59,1
5206,DECODE,337,0,337,2169.23,14.83,1
5207,DECODE,337,0,337,2170.23,14.95,1
5208,DECODE,337,0,337,2171.23,14.99,1
5209,DECODE,337,0,337,2172.23,15.25,1
5210,DECODE,335,0,335,2170.92,14.94,1
5211,EXTEND,4,1566,0,396.50,22.06,1
5212,DECODE,337,0,337,2148.72,15.30,1
5213,EXTEND,2,727,0,367.00,16.62,1
5214,DECODE,339,0,339,2139.21,14.82,1
5215,DECODE,339,0,339,2140.21,14.81,1
5216,DECODE,337,0,337,2139.16,15.28,1
5217,EXTEND,3,1078,0,364.67,26.88,1
5218,DECODE,340,0,340,2124.50,14.83,1
5219,DECODE,340,0,340,2125.50,14.91,1
5220,DECODE,340,0,340,2126.50,15.22,1
5221,DECODE,336,0,336,2122.34,15.49,1
5222,EXTEND,6,2093,0,354.50,37.17,1
5223,DECODE,340,0,340,2089.98,14.90,1
5224,EXTEND,3,1008,0,340.33,19.00,1
5225,DECODE,343,0,343,2075.67,14.82,1
5226,DECODE,343,0,343,2076.67,14.91,1
5227,DECODE,343,0,343,2077.67,15.56,1
5228,DECODE,343,0,343,2078.67,15.32,1
5229,DECODE,342,0,342,2078.27,15.67,1
5230,EXTEND,2,664,0,339.00,26.99,1
5231,DECODE,343,0,343,2067.72,14.81,1
5232,EXTEND,2,668,0,338.00,23.57,1
5233,DECODE,344,0,344,2057.24,14.90,1
5234,EXTEND,1,328,0,335.00,22.67,1
5235,DECODE,345,0,345,2053.25,14.66,1
5236,DECODE,345,0,345,2054.25,14.51,1
5237,DECODE,343,0,343,2052.30,15.07,1
5238,EXTEND,3,978,0,333.67,19.13,1
5239,DECODE,346,0,346,2038.40,14.76,1
5240,DECODE,346,0,346,2039.40,14.58,1
5241,DECODE,345,0,345,2038.89,15.31,1
5242,EXTEND,2,632,0,323.50,27.29,1
5243,DECODE,347,0,347,2030.00,14.75,1
5244,DECODE,347,0,347,2031.00,14.59,1
5245,DECODE,343,0,343,2025.83,14.74,1
5246,EXTEND,8,3424,0,433.38,35.70,1
5247,DECODE,347,0,347,1983.96,14.79,1
5248,EXTEND,3,1132,0,383.33,21.21,1
5249,DECODE,350,0,350,1971.24,14.42,1
5250,DECODE,350,0,350,1972.24,14.28,1
5251,DECODE,349,0,349,1971.56,14.27,1
5252,EXTEND,4,1497,0,381.00,24.26,1
5253,DECODE,350,0,350,1949.58,14.18,1
5254,EXTEND,2,741,0,375.00,16.12,1
5255,DECODE,352,0,352,1941.63,14.19,1
5256,DECODE,352,0,352,1942.63,14.27,1
5257,DECODE,351,0,351,1941.87,14.73,1
5258,EXTEND,3,1103,0,373.67,21.60,1
5259,DECODE,352,0,352,1926.00,14.12,1
5260,EXTEND,2,736,0,373.00,16.03,1
5261,DECODE,353,0,353,1916.41,14.20,1
5262,EXTEND,2,709,0,362.50,16.31,1
5263,DECODE,354,0,354,1906.81,14.13,1
5264,EXTEND,1,353,0,358.00,21.99,1
5265,DECODE,354,0,354,1901.60,14.11,1
5266,EXTEND,2,405,0,207.00,24.45,1
5267,DECODE,356,0,356,1893.08,14.08,1
5268,DECODE,356,0,356,1894.08,14.12,1
5269,DECODE,356,0,356,1895.08,14.07,1
5270,DECODE,354,0,354,1892.32,14.02,1
5271,EXTEND,3,1048,0,355.67,27.63,1
5272,DECODE,354,0,354,1874.64,14.07,1
5273,EXTEND,3,1050,0,355.00,21.83,1
5274,DECODE,355,0,355,1858.95,13.86,1
5275,EXTEND,4,2058,0,518.50,36.69,1
5276,DECODE,356,0,356,1838.99,13.90,1
5277,EXTEND,4,2119,0,534.00,28.71,1
5278,DECODE,359,0,359,1823.44,14.05,1
5279,EXTEND,2,926,0,482.50,18.88,1
5280,DECODE,359,0,359,1812.87,13.98,1
5281,EXTEND,3,1429,0,481.00,25.66,1
5282,DECODE,360,0,360,1798.63,13.80,1
5283,EXTEND,3,1418,0,477.67,21.25,1
5284,DECODE,361,0,361,1784.44,13.76,1
5285,EXTEND,3,1403,0,473.33,21.52,1
5286,DECODE,362,0,362,1770.29,13.77,1
5287,EXTEND,3,1391,0,470.00,21.13,1
5288,DECODE,364,0,364,1758.41,14.08,1
5289,EXTEND,2,929,0,468.00,20.62,1
5290,DECODE,365,0,365,1750.15,13.74,1
5291,EXTEND,2,922,0,466.50,21.38,1
5292,DECODE,365,0,365,1739.68,13.64,1
5293,EXTEND,2,923,0,465.00,21.39,1
5294,DECODE,366,0,366,1731.48,13.65,1
5295,EXTEND,2,920,0,466.00,22.11,1
5296,DECODE,361,0,361,1709.58,13.57,1
5297,EXTEND,7,3208,0,462.71,23.44,1
5298,DECODE,366,0,366,1682.09,13.52,1
5299,EXTEND,5,2258,0,457.60,24.98,1
5300,DECODE,369,0,369,1661.75,13.46,1
5301,EXTEND,4,1068,0,272.25,27.46,1
5302,DECODE,368,0,368,1635.45,13.30,1
5303,EXTEND,6,2344,0,394.67,27.55,1
5304,DECODE,374,0,374,1616.55,13.23,1
5305,DECODE,374,0,374,1617.55,13.32,1
5306,DECODE,373,0,373,1616.02,13.39,1
5307,EXTEND,4,1813,0,458.50,24.24,1
5308,DECODE,376,0,376,1602.20,13.32,1
5309,EXTEND,2,904,0,458.00,16.29,1
5310,DECODE,377,0,377,1594.59,13.30,1
5311,EXTEND,2,491,0,252.00,21.78,1
5312,DECODE,375,0,375,1578.20,13.52,1
5313,EXTEND,4,1784,0,451.75,27.16,1
5314,DECODE,379,0,379,1567.31,13.79,1
5315,DECODE,379,0,379,1568.31,13.31,1
5316,DECODE,377,0,377,1564.05,13.25,1
5317,EXTEND,7,3655,0,529.71,28.62,1
5318,DECODE,379,0,379,1532.81,13.18,1
5319,EXTEND,4,3412,0,857.00,23.88,1
5320,DECODE,381,0,381,1521.33,13.40,1
5321,EXTEND,4,3143,0,790.25,25.29,1
5322,DECODE,385,0,385,1514.73,13.52,1
5323,DECODE,385,0,385,1515.73,13.53,1
5324,DECODE,382,0,382,1508.53,13.29,1
5325,EXTEND,6,4497,0,756.50,28.31,1
5326,DECODE,385,0,385,1489.62,13.37,1
5327,EXTEND,3,1536,0,516.33,22.08,1
5328,DECODE,388,0,388,1483.10,13.14,1
5329,DECODE,388,0,388,1484.10,13.17,1
5330,DECODE,388,0,388,1485.10,13.22,1
5331,DECODE,386,0,386,1480.53,13.18,1
5332,EXTEND,5,3709,0,746.20,26.98,1
5333,DECODE,389,0,389,1466.67,12.98,1
5334,EXTEND,2,1462,0,735.50,21.78,1
5335,DECODE,389,0,389,1458.30,13.08,1
5336,EXTEND,3,1675,0,563.00,24.97,1
5337,DECODE,391,0,391,1449.61,12.92,1
5338,EXTEND,2,1437,0,725.50,21.92,1
5339,DECODE,393,0,393,1446.93,13.19,1
5340,DECODE,393,0,393,1447.93,13.12,1
5341,DECODE,393,0,393,1448.93,13.25,1
5342,DECODE,392,0,392,1447.09,13.12,1
5343,EXTEND,2,1438,0,723.50,21.67,1
5344,DECODE,393,0,393,1441.58,12.97,1
5345,EXTEND,2,1434,0,721.50,23.76,1
5346,DECODE,393,0,393,1433.23,13.02,1
5347,EXTEND,3,2107,0,709.33,24.89,1
5348,DECODE,395,0,395,1425.88,13.00,1
5349,EXTEND,2,727,0,368.50,16.84,1
5350,DECODE,395,0,395,1415.79,12.83,1
5351,EXTEND,2,1380,0,694.00,22.51,1
5352,DECODE,396,0,396,1410.26,12.88,1
5353,EXTEND,2,1372,0,692.50,23.20,1
5354,DECODE,397,0,397,1404.75,12.87,1
5355,EXTEND,2,1370,0,689.00,22.58,1
5356,DECODE,397,0,397,1396.33,12.82,1
5357,EXTEND,3,2046,0,686.33,21.63,1
5358,DECODE,400,0,400,1392.00,12.77,1
5359,DECODE,400,0,400,1393.00,12.84,1
5360,DECODE,398,0,398,1388.14,12.94,1
5361,EXTEND,4,2705,0,681.75,23.39,1
5362,DECODE,400,0,400,1376.22,12.78,1
5363,EXTEND,2,1340,0,674.50,24.40,1
5364,DECODE,402,0,402,1373.73,13.19,1
5365,DECODE,402,0,402,1374.73,13.30,1
5366,DECODE,401,0,401,1372.77,13.25,1
5367,EXTEND,7,4669,0,671.86,29.33,1
5368,DECODE,400,0,400,1339.76,12.77,1
5369,EXTEND,5,3311,0,667.60,22.42,1
5370,DECODE,404,0,404,1329.42,13.36,1
5371,EXTEND,3,1977,0,662.67,23.20,1
5372,DECODE,406,0,406,1322.46,13.07,1
5373,EXTEND,3,1385,0,467.33,21.23,1
5374,DECODE,408,0,408,1314.14,13.20,1
5375,EXTEND,2,1318,0,663.00,22.61,1
5376,DECODE,409,0,409,1308.92,13.32,1
5377,EXTEND,2,1319,0,664.50,20.64,1
5378,DECODE,407,0,407,1294.46,13.04,1
5379,EXTEND,4,2023,0,511.50,21.37,1
5380,DECODE,411,0,411,1287.84,13.06,1
5381,DECODE,411,0,411,1288.84,13.24,1
5382,DECODE,408,0,408,1280.50,13.05,1
5383,EXTEND,7,4640,0,667.29,30.17,1
5384,DECODE,411,0,411,1258.60,14.27,1
5385,EXTEND,4,2650,0,667.75,24.39,1
5386,DECODE,414,0,414,1250.75,13.00,1
5387,EXTEND,3,1998,0,669.67,21.92,1
5388,DECODE,416,0,416,1244.42,13.04,1
5389,EXTEND,2,1328,0,670.50,22.15,1
5390,DECODE,414,0,414,1229.94,13.02,1
5391,EXTEND,5,3338,0,672.80,23.67,1
5392,DECODE,416,0,416,1214.66,12.82,1
5393,EXTEND,5,2186,0,443.00,24.00,1
5394,DECODE,413,0,413,1180.28,12.69,1
5395,EXTEND,9,5544,0,620.11,33.88,1
5396,DECODE,417,0,417,1152.66,12.47,1
5397,EXTEND,8,5476,0,689.38,33.28,1
5398,DECODE,418,0,418,1121.24,12.54,1
5399,EXTEND,10,6895,0,694.30,44.58,1
5400,DECODE,425,0,425,1102.05,12.27,1
5401,EXTEND,7,2916,0,422.29,23.12,1
5402,DECODE,428,0,428,1078.31,11.92,1
5403,EXTEND,7,4934,0,711.14,32.85,1
5404,DECODE,433,0,433,1066.54,12.51,1
5405,EXTEND,5,2889,0,584.20,22.95,1
5406,DECODE,436,0,436,1055.16,12.18,1
5407,EXTEND,4,2871,0,722.25,24.87,1
5408,DECODE,437,0,437,1042.79,12.50,1
5409,EXTEND,4,2878,0,725.25,24.17,1
5410,DECODE,437,0,437,1027.00,12.12,1
5411,EXTEND,5,3617,0,729.00,25.29,1
5412,DECODE,437,0,437,1007.07,12.08,1
5413,EXTEND,7,3799,0,549.00,26.86,1
5414,DECODE,439,0,439,983.09,12.12,1
5415,EXTEND,8,5231,0,659.00,38.59,1
5416,DECODE,443,0,443,964.00,12.33,1
5417,EXTEND,7,5233,0,752.14,32.45,1
5418,DECODE,445,0,445,943.75,12.23,1
5419,EXTEND,8,4026,0,508.62,26.85,1
5420,DECODE,449,0,449,922.61,12.08,1
5421,EXTEND,7,4897,0,704.57,30.71,1
5422,DECODE,452,0,452,905.75,12.24,1
5423,EXTEND,6,3976,0,667.50,26.58,1
5424,DECODE,458,0,458,903.63,12.06,1
5425,DECODE,458,0,458,904.63,12.00,1
5426,DECODE,450,0,450,876.20,11.61,1
5427,EXTEND,12,8192,0,687.42,46.87,1
5428,EXTEND,12,8192,0,713.92,46.63,1
5429,EXTEND,6,4346,0,812.83,31.60,1
5430,DECODE,469,0,469,837.09,12.43,1
5431,EXTEND,3,2435,0,817.67,23.62,1
5432,DECODE,469,0,469,826.95,11.53,1
5433,EXTEND,4,3262,0,821.25,24.92,1
5434,DECODE,471,0,471,820.55,11.62,1
5435,EXTEND,3,2460,0,825.67,22.61,1
5436,DECODE,471,0,471,810.51,11.56,1
5437,EXTEND,4,3289,0,829.50,22.19,1
5438,DECODE,470,0,470,793.07,11.34,1
5439,EXTEND,6,4993,0,836.17,30.22,1
5440,DECODE,474,0,474,787.16,11.44,1
5441,EXTEND,5,4182,0,843.20,26.20,1
5442,DECODE,476,0,476,777.58,11.73,1
5443,EXTEND,5,4213,0,849.00,26.06,1
5444,DECODE,478,0,478,768.15,11.32,1
5445,EXTEND,5,3644,0,734.60,25.40,1
5446,DECODE,480,0,480,757.61,11.08,1
5447,EXTEND,5,3510,0,708.60,23.76,1
5448,DECODE,483,0,483,750.64,11.49,1
5449,EXTEND,4,3466,0,872.75,22.81,1
5450,DECODE,484,0,484,741.44,11.34,1
5451,EXTEND,4,3490,0,878.25,23.51,1
5452,DECODE,486,0,486,736.09,11.40,1
5453,EXTEND,4,3513,0,884.50,23.93,1
5454,DECODE,489,0,489,734.57,11.38,1
5455,EXTEND,3,2647,0,890.00,24.02,1
5456,DECODE,489,0,489,725.33,11.59,1
5457,EXTEND,4,1865,0,472.75,23.16,1
5458,DECODE,491,0,491,716.81,11.28,1
5459,EXTEND,3,2691,0,903.67,22.23,1
5460,DECODE,494,0,494,718.94,11.36,1
5461,DECODE,494,0,494,719.94,11.39,1
5462,DECODE,492,0,492,713.46,11.51,1
5463,EXTEND,4,3613,0,909.50,26.46,1
5464,DECODE,495,0,495,712.32,11.46,1
5465,EXTEND,3,1893,0,636.00,24.94,1
5466,DECODE,498,0,498,712.86,11.61,1
5467,DECODE,498,0,498,713.86,12.63,1
5468,DECODE,497,0,497,712.62,11.70,1
5469,EXTEND,6,3429,0,576.50,25.32,1
5470,DECODE,499,0,499,697.18,11.64,1
5471,EXTEND,4,1364,0,346.25,20.41,1
5472,DECODE,503,0,503,695.39,11.66,1
5473,DECODE,503,0,503,696.39,11.65,1
5474,DECODE,503,0,503,697.39,11.61,1
5475,DECODE,503,0,503,698.39,11.96,1
5476,DECODE,503,0,503,699.39,11.81,1
5477,DECODE,503,0,503,700.39,11.80,1
5478,DECODE,503,0,503,701.39,11.88,1
5479,DECODE,503,0,503,702.39,12.16,1
5480,DECODE,503,0,503,703.39,11.85,1
5481,DECODE,503,0,503,704.39,12.57,1
5482,DECODE,503,0,503,705.39,12.42,1
5483,DECODE,503,0,503,706.39,12.90,1
5484,DECODE,503,0,503,707.39,12.86,1
5485,DECODE,503,0,503,708.39,12.91,1
5486,DECODE,503,0,503,709.39,12.85,1
5487,DECODE,503,0,503,710.39,12.80,1
5488,DECODE,503,0,503,711.39,13.01,1
5489,DECODE,503,0,503,712.39,12.82,1
5490,DECODE,503,0,503,713.39,12.91,1
5491,DECODE,503,0,503,714.39,12.79,1
5492,DECODE,503,0,503,715.39,12.86,1
5493,DECODE,503,0,503,716.39,12.95,1
5494,DECODE,503,0,503,717.39,12.95,1
5495,DECODE,503,0,503,718.39,12.86,1
5496,DECODE,503,0,503,719.39,12.92,1
5497,DECODE,503,0,503,720.39,12.93,1
5498,DECODE,503,0,503,721.39,13.04,1
5499,DECODE,503,0,503,722.39,13.06,1
5500,DECODE,503,0,503,723.39,12.97,1
5501,DECODE,503,0,503,724.39,12.85,1
5502,DECODE,503,0,503,725.39,12.84,1
5503,DECODE,503,0,503,726.39,13.00,1
5504,DECODE,503,0,503,727.39,12.89,1
5505,DECODE,503,0,503,728.39,12.85,1
5506,DECODE,503,0,503,729.39,12.71,1
5507,DECODE,503,0,503,730.39,12.91,1
5508,DECODE,503,0,503,731.39,13.22,1
5509,DECODE,503,0,503,732.39,12.90,1
5510,DECODE,503,0,503,733.39,12.90,1
5511,DECODE,503,0,503,734.39,12.87,1
5512,DECODE,503,0,503,735.39,12.90,1
5513,DECODE,503,0,503,736.39,13.06,1
5514,DECODE,503,0,503,737.39,12.96,1
5515,DECODE,503,0,503,738.39,12.94,1
5516,DECODE,503,0,503,739.39,13.16,1
5517,DECODE,503,0,503,740.39,13.05,1
5518,DECODE,503,0,503,741.39,13.16,1
5519,DECODE,503,0,503,742.39,13.03,1
5520,DECODE,503,0,503,743.39,12.90,1
5521,DECODE,503,0,503,744.39,13.02,1
5522,DECODE,503,0,503,745.39,12.86,1
5523,DECODE,503,0,503,746.39,13.17,1
5524,DECODE,503,0,503,747.39,12.95,1
5525,DECODE,503,0,503,748.39,12.98,1
5526,DECODE,503,0,503,749.39,12.94,1
5527,DECODE,503,0,503,750.39,13.03,1
5528,DECODE,503,0,503,751.39,13.28,1
5529,DECODE,503,0,503,752.39,12.96,1
5530,DECODE,503,0,503,753.39,13.02,1
5531,DECODE,503,0,503,754.39,12.96,1
5532,DECODE,503,0,503,755.39,12.94,1
5533,DECODE,503,0,503,756.39,13.08,1
5534,DECODE,503,0,503,757.39,12.97,1
5535,DECODE,503,0,503,758.39,12.95,1
5536,DECODE,503,0,503,759.39,13.20,1
5537,DECODE,503,0,503,760.39,12.96,1
5538,DECODE,503,0,503,761.39,13.24,1
5539,DECODE,503,0,503,762.39,13.02,1
5540,DECODE,503,0,503,763.39,13.12,1
5541,DECODE,503,0,503,764.39,13.08,1
5542,DECODE,503,0,503,765.39,13.11,1
5543,DECODE,503,0,503,766.39,13.15,1
5544,DECODE,503,0,503,767.39,13.02,1
5545,DECODE,503,0,503,768.39,12.00,1
5546,DECODE,503,0,503,769.39,12.06,1
5547,DECODE,503,0,503,770.39,12.18,1
5548,DECODE,503,0,503,771.39,12.21,1
5549,DECODE,503,0,503,772.39,12.21,1
5550,DECODE,503,0,503,773.39,12.74,1
5551,DECODE,503,0,503,774.39,13.30,1
5552,DECODE,503,0,503,775.39,13.22,1
5553,DECODE,503,0,503,776.39,13.27,1
5554,DECODE,503,0,503,777.39,13.41,1
5555,DECODE,503,0,503,778.39,13.26,1
5556,DECODE,503,0,503,779.39,13.21,1
5557,DECODE,503,0,503,780.39,13.49,1
5558,DECODE,503,0,503,781.39,13.29,1
5559,DECODE,503,0,503,782.39,13.43,1
5560,DECODE,503,0,503,783.39,13.33,1
5561,DECODE,503,0,503,784.39,13.30,1
5562,DECODE,503,0,503,785.39,13.35,1
5563,DECODE,503,0,503,786.39,13.29,1
5564,DECODE,503,0,503,787.39,12.20,1
5565,DECODE,503,0,503,788.39,12.25,1
5566,DECODE,503,0,503,789.39,12.30,1
5567,DECODE,503,0,503,790.39,12.66,1
5568,DECODE,503,0,503,791.39,12.47,1
5569,DECODE,503,0,503,792.39,13.52,1
5570,DECODE,503,0,503,793.39,13.48,1
5571,DECODE,503,0,503,794.39,13.39,1
5572,DECODE,503,0,503,795.39,13.45,1
5573,DECODE,503,0,503,796.39,13.48,1
5574,DECODE,503,0,503,797.39,13.64,1
5575,DECODE,503,0,503,798.39,13.43,1
5576,DECODE,503,0,503,799.39,13.40,1
5577,DECODE,503,0,503,800.39,13.40,1
5578,DECODE,503,0,503,801.39,13.40,1
5579,DECODE,503,0,503,802.39,13.60,1
5580,DECODE,503,0,503,803.39,13.55,1
5581,DECODE,503,0,503,804.39,13.40,1
5582,DECODE,503,0,503,805.39,13.47,1
5583,DECODE,503,0,503,806.39,13.38,1
5584,DECODE,503,0,503,807.39,13.61,1
5585,DECODE,503,0,503,808.39,13.48,1
5586,DECODE,503,0,503,809.39,13.40,1
5587,DECODE,503,0,503,810.39,13.31,1
5588,DECODE,503,0,503,811.39,13.40,1
5589,DECODE,503,0,503,812.39,13.45,1
5590,DECODE,503,0,503,813.39,13.44,1
5591,DECODE,503,0,503,814.39,13.31,1
5592,DECODE,503,0,503,815.39,13.44,1
5593,DECODE,503,0,503,816.39,13.35,1
5594,DECODE,503,0,503,817.39,13.61,1
5595,DECODE,503,0,503,818.39,13.40,1
5596,DECODE,503,0,503,819.39,13.31,1
5597,DECODE,503,0,503,820.39,13.35,1
5598,DECODE,503,0,503,821.39,13.38,1
5599,DECODE,503,0,503,822.39,13.49,1
5600,DECODE,503,0,503,823.39,13.40,1
5601,DECODE,502,0,502,822.14,13.74,1
5602,EXTEND,17,8192,0,488.00,52.55,1
5603,EXTEND,20,8192,0,421.25,47.38,1
5604,EXTEND,11,8192,0,844.55,47.08,1
5605,EXTEND,12,2141,0,242.33,24.08,1
5606,DECODE,559,0,559,787.72,16.82,1
5607,DECODE,559,0,559,788.72,17.09,1
5608,DECODE,559,0,559,789.72,17.07,1
5609,DECODE,559,0,559,790.72,16.61,1
5610,DECODE,559,0,559,791.72,16.73,1
5611,DECODE,559,0,559,792.72,16.64,1
5612,DECODE,559,0,559,793.72,16.69,1
5613,DECODE,559,0,559,794.72,29.37,1
5614,DECODE,559,0,559,795.72,28.04,1
5615,DECODE,559,0,559,796.72,22.31,1
5616,DECODE,559,0,559,797.72,16.85,1
5617,DECODE,559,0,559,798.72,16.99,1
5618,DECODE,559,0,559,799.72,16.91,1
5619,DECODE,559,0,559,800.72,17.04,1
5620,DECODE,559,0,559,801.72,16.71,1
5621,DECODE,559,0,559,802.72,16.66,1
5622,DECODE,559,0,559,803.72,16.93,1
5623,DECODE,559,0,559,804.72,16.75,1
5624,DECODE,559,0,559,805.72,16.60,1
5625,DECODE,559,0,559,806.72,16.99,1
5626,DECODE,559,0,559,807.72,16.60,1
5627,DECODE,559,0,559,808.72,16.72,1
5628,DECODE,559,0,559,809.72,16.80,1
5629,DECODE,559,0,559,810.72,16.49,1
5630,DECODE,559,0,559,811.72,16.65,1
5631,DECODE,559,0,559,812.72,17.41,1
5632,DECODE,559,0,559,813.72,17.29,1
5633,DECODE,559,0,559,814.72,16.74,1
5634,DECODE,559,0,559,815.72,17.44,1
5635,DECODE,559,0,559,816.72,16.81,1
5636,DECODE,559,0,559,817.72,16.71,1
5637,DECODE,559,0,559,818.72,16.97,1
5638,DECODE,559,0,559,819.72,16.85,1
5639,DECODE,559,0,559,820.72,16.73,1
5640,DECODE,559,0,559,821.72,16.76,1
5641,DECODE,559,0,559,822.72,16.88,1
5642,DECODE,559,0,559,823.72,18.41,1
5643,DECODE,559,0,559,824.72,17.51,1
5644,DECODE,559,0,559,825.72,17.05,1
5645,DECODE,559,0,559,826.72,16.61,1
5646,DECODE,559,0,559,827.72,16.87,1
5647,DECODE,559,0,559,828.72,16.81,1
5648,DECODE,559,0,559,829.72,16.92,1
5649,DECODE,559,0,559,830.72,16.93,1
5650,DECODE,559,0,559,831.72,17.22,1
5651,DECODE,559,0,559,832.72,17.64,1
5652,DECODE,559,0,559,833.72,17.16,1
5653,DECODE,559,0,559,834.72,16.99,1
5654,DECODE,559,0,559,835.72,17.15,1
5655,DECODE,559,0,559,836.72,17.55,1
5656,DECODE,559,0,559,837.72,17.54,1
5657,DECODE,559,0,559,838.72,16.96,1
5658,DECODE,559,0,559,839.72,17.07,1
5659,DECODE,559,0,559,840.72,16.84,1
5660,DECODE,559,0,559,841.72,16.95,1
5661,DECODE,559,0,559,842.72,16.87,1
5662,DECODE,559,0,559,843.72,16.79,1
5663,DECODE,559,0,559,844.72,16.76,1
5664,DECODE,559,0,559,845.72,16.90,1
5665,DECODE,559,0,559,846.72,18.48,1
5666,DECODE,559,0,559,847.72,17.04,1
5667,DECODE,559,0,559,848.72,16.97,1
5668,DECODE,559,0,559,849.72,17.36,1
5669,DECODE,559,0,559,850.72,16.94,1
5670,DECODE,559,0,559,851.72,16.92,1
5671,DECODE,559,0,559,852.72,16.82,1
5672,DECODE,559,0,559,853.72,16.97,1
5673,DECODE,559,0,559,854.72,17.00,1
5674,DECODE,559,0,559,855.72,17.01,1
5675,DECODE,559,0,559,856.72,16.96,1
5676,DECODE,559,0,559,857.72,16.85,1
5677,DECODE,559,0,559,858.72,17.04,1
5678,DECODE,559,0,559,859.72,16.99,1
5679,DECODE,559,0,559,860.72,17.08,1
5680,DECODE,559,0,559,861.72,16.94,1
5681,DECODE,559,0,559,862.72,16.52,1
5682,DECODE,558,0,558,863.30,17.14,1
5683,EXTEND,11,8192,0,751.91,46.99,1
5684,EXTEND,9,8192,0,942.89,47.42,1
5685,EXTEND,8,8192,0,1083.75,47.35,1
5686,EXTEND,9,7831,0,935.33,46.18,1
5687,DECODE,592,0,592,869.86,18.48,1
5688,DECODE,592,0,592,870.86,17.42,1
5689,DECODE,592,0,592,871.86,16.99,1
5690,DECODE,592,0,592,872.86,17.14,1
5691,DECODE,592,0,592,873.86,17.29,1
5692,DECODE,592,0,592,874.86,16.83,1
5693,DECODE,592,0,592,875.86,16.75,1
5694,DECODE,592,0,592,876.86,16.99,1
5695,DECODE,592,0,592,877.86,17.09,1
5696,DECODE,592,0,592,878.86,16.93,1
5697,DECODE,592,0,592,879.86,17.04,1
5698,DECODE,592,0,592,880.86,17.02,1
5699,DECODE,592,0,592,881.86,17.12,1
5700,DECODE,592,0,592,882.86,16.90,1
5701,DECODE,592,0,592,883.86,16.97,1
5702,DECODE,592,0,592,884.86,17.03,1
5703,DECODE,592,0,592,885.86,17.10,1
5704,DECODE,592,0,592,886.86,16.91,1
5705,DECODE,592,0,592,887.86,16.15,1
5706,DECODE,592,0,592,888.86,17.09,1
5707,DECODE,592,0,592,889.86,16.91,1
5708,DECODE,592,0,592,890.86,16.99,1
5709,DECODE,592,0,592,891.86,17.12,1
5710,DECODE,592,0,592,892.86,17.51,1
5711,DECODE,592,0,592,893.86,16.87,1
5712,DECODE,592,0,592,894.86,17.02,1
5713,DECODE,592,0,592,895.86,17.72,1
5714,DECODE,592,0,592,896.86,17.03,1
5715,DECODE,592,0,592,897.86,17.68,1
5716,DECODE,592,0,592,898.86,16.87,1
5717,DECODE,592,0,592,899.86,17.21,1
5718,DECODE,592,0,592,900.86,18.57,1
5719,DECODE,592,0,592,901.86,17.00,1
5720,DECODE,592,0,592,902.86,17.10,1
5721,DECODE,592,0,592,903.86,16.95,1
5722,DECODE,592,0,592,904.86,17.58,1
5723,DECODE,592,0,592,905.86,18.57,1
5724,DECODE,592,0,592,906.86,16.82,1
5725,DECODE,592,0,592,907.86,16.79,1
5726,DECODE,592,0,592,908.86,16.87,1
5727,DECODE,592,0,592,909.86,16.69,1
5728,DECODE,592,0,592,910.86,16.73,1
5729,DECODE,592,0,592,911.86,16.73,1
5730,DECODE,592,0,592,912.86,16.78,1
5731,DECODE,592,0,592,913.86,16.85,1
5732,DECODE,592,0,592,914.86,16.87,1
5733,DECODE,592,0,592,915.86,16.81,1
5734,DECODE,592,0,592,916.86,16.83,1
5735,DECODE,592,0,592,917.86,16.82,1
5736,DECODE,592,0,592,918.86,16.67,1
5737,DECODE,592,0,592,919.86,16.61,1
5738,DECODE,592,0,592,920.86,16.79,1
5739,DECODE,592,0,592,921.86,16.75,1
5740,DECODE,592,0,592,922.86,16.88,1
5741,DECODE,592,0,592,923.86,16.87,1
5742,DECODE,592,0,592,924.86,16.74,1
5743,DECODE,592,0,592,925.86,17.31,1
5744,DECODE,592,0,592,926.86,16.79,1
5745,DECODE,592,0,592,927.86,16.60,1
5746,DECODE,592,0,592,928.86,17.06,1
5747,DECODE,592,0,592,929.86,16.67,1
5748,DECODE,592,0,592,930.86,16.95,1
5749,DECODE,592,0,592,931.86,16.69,1
5750,DECODE,592,0,592,932.86,16.73,1
5751,DECODE,592,0,592,933.86,16.79,1
5752,DECODE,592,0,592,934.86,16.71,1
5753,DECODE,591,0,591,933.90,17.41,1
5754,EXTEND,13,8192,0,637.77,47.45,1
5755,EXTEND,7,8192,0,1226.14,47.16,1
5756,EXTEND,12,2193,0,277.42,25.10,1
5757,DECODE,621,0,621,920.01,16.99,1
5758,DECODE,621,0,621,921.01,16.80,1
5759,DECODE,621,0,621,922.01,17.69,1
5760,DECODE,621,0,621,923.01,16.88,1
5761,DECODE,621,0,621,924.01,16.91,1
5762,DECODE,621,0,621,925.01,16.98,1
5763,DECODE,621,0,621,926.01,16.84,1
5764,DECODE,621,0,621,927.01,16.99,1
5765,DECODE,621,0,621,928.01,17.34,1
5766,DECODE,621,0,621,929.01,17.06,1
5767,DECODE,620,0,620,929.65,16.87,1
5768,EXTEND,11,3653,0,339.00,25.03,1
5769,DECODE,631,0,631,920.35,16.75,1
5770,DECODE,631,0,631,921.35,17.13,1
5771,DECODE,631,0,631,922.35,17.37,1
5772,DECODE,631,0,631,923.35,17.18,1
5773,DECODE,631,0,631,924.35,18.00,1
5774,DECODE,631,0,631,925.35,17.58,1
5775,DECODE,631,0,631,926.35,17.26,1
5776,DECODE,631,0,631,927.35,17.41,1
5777,DECODE,631,0,631,928.35,17.13,1
5778,DECODE,631,0,631,929.35,17.22,1
5779,DECODE,631,0,631,930.35,17.28,1
5780,DECODE,631,0,631,931.35,17.11,1
5781,DECODE,631,0,631,932.35,17.02,1
5782,DECODE,631,0,631,933.35,17.21,1
5783,DECODE,630,0,630,933.84,17.21,1
5784,EXTEND,12,1054,0,95.33,21.83,1
5785,DECODE,642,0,642,919.17,17.33,1
5786,DECODE,642,0,642,920.17,17.19,1
5787,DECODE,642,0,642,921.17,17.15,1
5788,DECODE,641,0,641,921.69,17.80,1
5789,EXTEND,11,2333,0,217.64,22.47,1
5790,DECODE,652,0,652,910.81,17.14,1
5791,DECODE,652,0,652,911.81,17.12,1
5792,DECODE,652,0,652,912.81,17.08,1
5793,DECODE,652,0,652,913.81,16.98,1
5794,DECODE,652,0,652,914.81,17.29,1
5795,DECODE,652,0,652,915.81,17.22,1
5796,DECODE,652,0,652,916.81,17.23,1
5797,DECODE,651,0,651,917.28,17.80,1
5798,EXTEND,11,903,0,88.45,22.55,1
5799,DECODE,662,0,662,904.51,17.91,1
5800,DECODE,662,0,662,905.51,17.39,1
5801,DECODE,662,0,662,906.51,17.40,1
5802,DECODE,662,0,662,907.51,17.76,1
5803,DECODE,662,0,662,908.51,17.69,1
5804,DECODE,662,0,662,909.51,21.67,1
5805,DECODE,662,0,662,910.51,23.87,1
5806,DECODE,662,0,662,911.51,20.81,1
5807,DECODE,662,0,662,912.51,17.78,1
5808,DECODE,662,0,662,913.51,17.45,1
5809,DECODE,662,0,662,914.51,17.33,1
5810,DECODE,662,0,662,915.51,20.15,1
5811,DECODE,662,0,662,916.51,18.02,1
5812,DECODE,662,0,662,917.51,17.33,1
5813,DECODE,662,0,662,918.51,17.74,1
5814,DECODE,662,0,662,919.51,19.16,1
5815,DECODE,662,0,662,920.51,17.84,1
5816,DECODE,662,0,662,921.51,17.41,1
5817,DECODE,662,0,662,922.51,17.28,1
5818,DECODE,662,0,662,923.51,17.23,1
5819,DECODE,662,0,662,924.51,17.00,1
5820,DECODE,662,0,662,925.51,16.96,1
5821,DECODE,662,0,662,926.51,16.77,1
5822,DECODE,662,0,662,927.51,17.06,1
5823,DECODE,662,0,662,928.51,17.05,1
5824,DECODE,662,0,662,929.51,17.14,1
5825,DECODE,662,0,662,930.51,17.22,1
5826,DECODE,662,0,662,931.51,17.21,1
5827,DECODE,662,0,662,932.51,17.15,1
5828,DECODE,662,0,662,933.51,17.16,1
5829,DECODE,662,0,662,934.51,18.10,1
5830,DECODE,662,0,662,935.51,17.57,1
5831,DECODE,662,0,662,936.51,17.55,1
5832,DECODE,662,0,662,937.51,17.21,1
5833,DECODE,662,0,662,938.51,17.00,1
5834,DECODE,662,0,662,939.51,17.12,1
5835,DECODE,662,0,662,940.51,17.33,1
5836,DECODE,662,0,662,941.51,17.11,1
5837,DECODE,662,0,662,942.51,17.14,1
5838,DECODE,662,0,662,943.51,17.40,1
5839,DECODE,662,0,662,944.51,17.21,1
5840,DECODE,662,0,662,945.51,17.22,1
5841,DECODE,662,0,662,946.51,17.07,1
5842,DECODE,662,0,662,947.51,17.20,1
5843,DECODE,662,0,662,948.51,17.37,1
5844,DECODE,662,0,662,949.51,18.63,1
5845,DECODE,662,0,662,950.51,17.35,1
5846,DECODE,662,0,662,951.51,17.31,1
5847,DECODE,662,0,662,952.51,17.31,1
5848,DECODE,662,0,662,953.51,17.31,1
5849,DECODE,662,0,662,954.51,17.27,1
5850,DECODE,662,0,662,955.51,17.26,1
5851,DECODE,662,0,662,956.51,17.36,1
5852,DECODE,662,0,662,957.51,17.30,1
5853,DECODE,662,0,662,958.51,17.23,1
5854,DECODE,662,0,662,959.51,17.36,1
5855,DECODE,662,0,662,960.51,17.29,1
5856,DECODE,662,0,662,961.51,17.39,1
5857,DECODE,662,0,662,962.51,17.28,1
5858,DECODE,662,0,662,963.51,18.59,1
5859,DECODE,662,0,662,964.51,17.61,1
5860,DECODE,662,0,662,965.51,17.31,1
5861,DECODE,662,0,662,966.51,17.34,1
5862,DECODE,662,0,662,967.51,17.44,1
5863,DECODE,662,0,662,968.51,17.44,1
5864,DECODE,662,0,662,969.51,17.25,1
5865,DECODE,662,0,662,970.51,17.25,1
5866,DECODE,662,0,662,971.51,17.29,1
5867,DECODE,661,0,661,972.15,17.44,1
5868,EXTEND,23,2392,0,110.09,25.76,1
5869,DECODE,684,0,684,944.16,17.32,1
5870,DECODE,684,0,684,945.16,17.28,1
5871,DECODE,684,0,684,946.16,17.30,1
5872,DECODE,684,0,684,947.16,17.41,1
5873,DECODE,684,0,684,948.16,17.27,1
5874,DECODE,684,0,684,949.16,17.33,1
5875,DECODE,684,0,684,950.16,17.29,1
5876,DECODE,683,0,683,950.69,17.62,1
5877,EXTEND,21,1619,0,83.29,21.13,1
5878,DECODE,704,0,704,925.81,18.00,1
5879,DECODE,704,0,704,926.81,17.89,1
5880,DECODE,704,0,704,927.81,17.88,1
5881,DECODE,704,0,704,928.81,17.97,1
5882,DECODE,704,0,704,929.81,17.93,1
5883,DECODE,703,0,703,928.98,18.04,1
5884,EXTEND,21,1504,0,78.81,20.16,1
5885,DECODE,724,0,724,905.32,18.06,1
5886,DECODE,724,0,724,906.32,18.15,1
5887,DECODE,724,0,724,907.32,18.09,1
5888,DECODE,724,0,724,908.32,18.11,1
5889,DECODE,724,0,724,909.32,18.07,1
5890,DECODE,724,0,724,910.32,18.24,1
5891,DECODE,724,0,724,911.32,18.49,1
5892,DECODE,724,0,724,912.32,18.45,1
5893,DECODE,724,0,724,913.32,18.17,1
5894,DECODE,723,0,723,912.51,18.79,1
5895,EXTEND,18,1108,0,68.00,22.42,1
5896,DECODE,741,0,741,893.00,18.60,1
5897,DECODE,741,0,741,894.00,27.53,1
5898,DECODE,741,0,741,895.00,18.87,1
5899,DECODE,741,0,741,896.00,18.57,1
5900,DECODE,741,0,741,897.00,18.59,1
5901,DECODE,741,0,741,898.00,18.66,1
5902,DECODE,741,0,741,899.00,18.71,1
5903,DECODE,740,0,740,899.67,18.29,1
5904,EXTEND,15,1104,0,79.80,21.61,1
5905,DECODE,754,0,754,883.48,18.78,1
5906,EXTEND,13,1234,0,100.69,24.29,1
5907,DECODE,767,0,767,871.21,26.38,1
5908,DECODE,767,0,767,872.21,18.66,1
5909,DECODE,767,0,767,873.21,18.79,1
5910,DECODE,767,0,767,874.21,18.75,1
5911,DECODE,766,0,766,874.53,18.62,1
5912,EXTEND,11,640,0,64.73,16.10,1
5913,DECODE,777,0,777,864.06,18.82,1
5914,DECODE,777,0,777,865.06,18.91,1
5915,DECODE,777,0,777,866.06,18.82,1
5916,DECODE,777,0,777,867.06,18.70,1
5917,DECODE,777,0,777,868.06,18.84,1
5918,DECODE,777,0,777,869.06,18.70,1
5919,DECODE,777,0,777,870.06,18.65,1
5920,DECODE,777,0,777,871.06,18.67,1
5921,DECODE,777,0,777,872.06,18.77,1
5922,DECODE,776,0,776,872.39,18.51,1
5923,EXTEND,7,742,0,110.57,16.87,1
5924,DECODE,782,0,782,866.54,23.42,1
5925,EXTEND,6,428,0,78.00,20.91,1
5926,DECODE,788,0,788,861.53,18.49,1
5927,DECODE,788,0,788,862.53,18.48,1
5928,DECODE,788,0,788,863.53,18.43,1
5929,DECODE,788,0,788,864.53,18.58,1
5930,DECODE,788,0,788,865.53,18.59,1
5931,DECODE,788,0,788,866.53,18.56,1
5932,DECODE,787,0,787,866.91,18.94,1
5933,EXTEND,4,189,0,52.50,22.79,1
5934,DECODE,791,0,791,863.79,18.88,1
5935,DECODE,791,0,791,864.79,18.95,1
5936,DECODE,791,0,791,865.79,19.01,1
5937,DECODE,791,0,791,866.79,19.09,1
5938,DECODE,791,0,791,867.79,19.03,1
5939,DECODE,791,0,791,868.79,19.07,1
5940,DECODE,791,0,791,869.79,19.04,1
5941,DECODE,791,0,791,870.79,19.04,1
5942,DECODE,791,0,791,871.79,18.95,1
5943,DECODE,791,0,791,872.79,19.14,1
5944,DECODE,791,0,791,873.79,19.32,1
5945,DECODE,791,0,791,874.79,19.09,1
5946,DECODE,791,0,791,875.79,19.20,1
5947,DECODE,791,0,791,876.79,19.27,1
5948,DECODE,791,0,791,877.79,19.27,1
5949,DECODE,791,0,791,878.79,19.20,1
5950,DECODE,791,0,791,879.79,19.26,1
5951,DECODE,791,0,791,880.79,19.30,1
5952,DECODE,791,0,791,881.79,19.40,1
5953,DECODE,791,0,791,882.79,19.09,1
5954,DECODE,791,0,791,883.79,19.25,1
5955,DECODE,791,0,791,884.79,19.23,1
5956,DECODE,791,0,791,885.79,19.56,1
5957,DECODE,791,0,791,886.79,19.34,1
5958,DECODE,791,0,791,887.79,19.32,1
5959,DECODE,791,0,791,888.79,19.21,1
5960,DECODE,791,0,791,889.79,19.21,1
5961,DECODE,790,0,790,890.20,19.01,1
5962,DECODE,790,0,790,891.20,19.11,1
5963,DECODE,790,0,790,892.20,19.12,1
5964,DECODE,790,0,790,893.20,19.18,1
5965,DECODE,790,0,790,894.20,19.31,1
5966,DECODE,789,0,789,894.50,23.77,1
5967,DECODE,789,0,789,895.50,19.39,1
5968,DECODE,789,0,789,896.50,19.39,1
5969,DECODE,789,0,789,897.50,19.15,1
5970,DECODE,789,0,789,898.50,19.25,1
5971,DECODE,789,0,789,899.50,19.27,1
5972,DECODE,789,0,789,900.50,19.42,1
5973,DECODE,789,0,789,901.50,19.35,1
5974,DECODE,789,0,789,902.50,19.38,1
5975,DECODE,789,0,789,903.50,19.73,1
5976,DECODE,789,0,789,904.50,19.51,1
5977,DECODE,789,0,789,905.50,19.46,1
5978,DECODE,788,0,788,906.01,19.15,1
5979,DECODE,788,0,788,907.01,19.16,1
5980,DECODE,788,0,788,908.01,19.04,1
5981,DECODE,788,0,788,909.01,19.07,1
5982,DECODE,788,0,788,910.01,19.11,1
5983,DECODE,788,0,788,911.01,19.07,1
5984,DECODE,788,0,788,912.01,19.00,1
5985,DECODE,788,0,788,913.01,19.16,1
5986,DECODE,788,0,788,914.01,19.26,1
5987,DECODE,788,0,788,915.01,19.19,1
5988,DECODE,788,0,788,916.01,19.13,1
5989,DECODE,788,0,788,917.01,19.28,1
5990,DECODE,788,0,788,918.01,19.35,1
5991,DECODE,788,0,788,919.01,19.16,1
5992,DECODE,788,0,788,920.01,19.19,1
5993,DECODE,788,0,788,921.01,19.19,1
5994,DECODE,787,0,787,921.33,19.46,1
5995,DECODE,785,0,785,921.41,19.67,1
5996,DECODE,785,0,785,922.41,19.68,1
5997,DECODE,785,0,785,923.41,19.55,1
5998,DECODE,785,0,785,924.41,19.47,1
5999,DECODE,785,0,785,925.41,19.63,1
6000,DECODE,785,0,785,926.41,19.57,1
6001,DECODE,785,0,785,927.41,19.59,1
6002,DECODE,785,0,785,928.41,19.60,1
6003,DECODE,784,0,784,928.80,19.15,1
6004,DECODE,784,0,784,929.80,19.35,1
6005,DECODE,784,0,784,930.80,19.25,1
6006,DECODE,784,0,784,931.80,19.27,1
6007,DECODE,784,0,784,932.80,19.31,1
6008,DECODE,784,0,784,933.80,19.28,1
6009,DECODE,784,0,784,934.80,19.30,1
6010,DECODE,784,0,784,935.80,19.27,1
6011,DECODE,784,0,784,936.80,19.24,1
6012,DECODE,783,0,783,937.34,19.53,1
6013,DECODE,782,0,782,937.80,19.64,1
6014,DECODE,782,0,782,938.80,19.55,1
6015,DECODE,782,0,782,939.80,19.49,1
6016,DECODE,782,0,782,940.80,19.55,1
6017,DECODE,782,0,782,941.80,19.43,1
6018,DECODE,782,0,782,942.80,19.43,1
6019,DECODE,782,0,782,943.80,19.42,1
6020,DECODE,782,0,782,944.80,21.06,1
6021,DECODE,782,0,782,945.80,19.55,1
6022,DECODE,782,0,782,946.80,20.00,1
6023,DECODE,782,0,782,947.80,19.50,1
6024,DECODE,782,0,782,948.80,19.51,1
6025,DECODE,782,0,782,949.80,19.45,1
6026,DECODE,781,0,781,950.72,20.00,1
6027,DECODE,781,0,781,951.72,19.74,1
6028,DECODE,781,0,781,952.72,19.68,1
6029,DECODE,781,0,781,953.72,20.06,1
6030,DECODE,781,0,781,954.72,19.62,1
6031,DECODE,781,0,781,955.72,19.72,1
6032,DECODE,780,0,780,955.99,19.23,1
6033,DECODE,780,0,780,956.99,19.34,1
6034,DECODE,780,0,780,957.99,19.36,1
6035,DECODE,780,0,780,958.99,19.47,1
6036,DECODE,780,0,780,959.99,19.37,1
6037,DECODE,780,0,780,960.99,19.49,1
6038,DECODE,780,0,780,961.99,19.40,1
6039,DECODE,780,0,780,962.99,19.41,1
6040,DECODE,780,0,780,963.99,19.53,1
6041,DECODE,780,0,780,964.99,19.45,1
6042,DECODE,780,0,780,965.99,19.46,1
6043,DECODE,780,0,780,966.99,19.44,1
6044,DECODE,780,0,780,967.99,19.54,1
6045,DECODE,780,0,780,968.99,19.66,1
6046,DECODE,780,0,780,969.99,19.53,1
6047,DECODE,780,0,780,970.99,19.57,1
6048,DECODE,780,0,780,971.99,19.49,1
6049,DECODE,780,0,780,972.99,19.56,1
6050,DECODE,780,0,780,973.99,21.45,1
6051,DECODE,780,0,780,974.99,19.44,1
6052,DECODE,780,0,780,975.99,19.72,1
6053,DECODE,780,0,780,976.99,19.61,1
6054,DECODE,780,0,780,977.99,19.71,1
6055,DECODE,780,0,780,978.99,19.42,1
6056,DECODE,780,0,780,979.99,19.41,1
6057,DECODE,779,0,779,980.61,20.25,1
6058,DECODE,779,0,779,981.61,19.97,1
6059,DECODE,779,0,779,982.61,19.76,1
6060,DECODE,779,0,779,983.61,21.65,1
6061,DECODE,779,0,779,984.61,19.99,1
6062,DECODE,779,0,779,985.61,20.25,1
6063,DECODE,779,0,779,986.61,20.00,1
6064,DECODE,778,0,778,987.05,22.02,1
6065,DECODE,778,0,778,988.05,20.02,1
6066,DECODE,778,0,778,989.05,19.87,1
6067,DECODE,778,0,778,990.05,19.77,1
6068,DECODE,778,0,778,991.05,20.03,1
6069,DECODE,778,0,778,992.05,19.99,1
6070,DECODE,778,0,778,993.05,19.98,1
6071,DECODE,778,0,778,994.05,19.88,1
6072,DECODE,777,0,777,994.41,20.07,1
6073,DECODE,777,0,777,995.41,20.22,1
6074,DECODE,777,0,777,996.41,20.14,1
6075,DECODE,777,0,777,997.41,20.04,1
6076,DECODE,777,0,777,998.41,20.10,1
6077,DECODE,777,0,777,999.41,20.31,1
6078,DECODE,777,0,777,1000.41,20.27,1
6079,DECODE,777,0,777,1001.41,20.15,1
6080,DECODE,777,0,777,1002.41,20.20,1
6081,DECODE,777,0,777,1003.41,20.22,1
6082,DECODE,777,0,777,1004.41,20.25,1
6083,DECODE,776,0,776,1004.89,19.82,1
6084,DECODE,775,0,775,1005.26,20.38,1
6085,DECODE,775,0,775,1006.26,20.32,1
6086,DECODE,774,0,774,1007.19,24.98,1
6087,DECODE,774,0,774,1008.19,20.10,1
6088,DECODE,774,0,774,1009.19,20.05,1
6089,DECODE,774,0,774,1010.19,20.06,1
6090,DECODE,773,0,773,1010.52,20.13,1
6091,DECODE,773,0,773,1011.52,20.20,1
6092,DECODE,773,0,773,1012.52,20.21,1
6093,DECODE,773,0,773,1013.52,20.25,1
6094,DECODE,773,0,773,1014.52,20.16,1
6095,DECODE,773,0,773,1015.52,20.06,1
6096,DECODE,773,0,773,1016.52,20.27,1
6097,DECODE,772,0,772,1016.78,19.80,1
6098,DECODE,772,0,772,1017.78,19.85,1
6099,DECODE,772,0,772,1018.78,19.79,1
6100,DECODE,772,0,772,1019.78,19.75,1
6101,DECODE,772,0,772,1020.78,19.94,1
6102,DECODE,772,0,772,1021.78,19.91,1
6103,DECODE,772,0,772,1022.78,19.99,1
6104,DECODE,772,0,772,1023.78,19.88,1
6105,DECODE,772,0,772,1024.78,19.94,1
6106,DECODE,772,0,772,1025.78,19.90,1
6107,DECODE,772,0,772,1026.78,20.04,1
6108,DECODE,772,0,772,1027.78,19.87,1
6109,DECODE,772,0,772,1028.78,20.12,1
6110,DECODE,772,0,772,1029.78,20.21,1
6111,DECODE,772,0,772,1030.78,20.02,1
6112,DECODE,772,0,772,1031.78,19.82,1
6113,DECODE,772,0,772,1032.78,19.98,1
6114,DECODE,772,0,772,1033.78,19.99,1
6115,DECODE,772,0,772,1034.78,20.08,1
6116,DECODE,772,0,772,1035.78,19.99,1
6117,DECODE,772,0,772,1036.78,20.20,1
6118,DECODE,772,0,772,1037.78,20.00,1
6119,DECODE,772,0,772,1038.78,20.19,1
6120,DECODE,772,0,772,1039.78,20.07,1
6121,DECODE,772,0,772,1040.78,20.11,1
6122,DECODE,772,0,772,1041.78,20.07,1
6123,DECODE,772,0,772,1042.78,20.15,1
6124,DECODE,772,0,772,1043.78,20.09,1
6125,DECODE,772,0,772,1044.78,20.26,1
6126,DECODE,772,0,772,1045.78,20.11,1
6127,DECODE,772,0,772,1046.78,20.16,1
6128,DECODE,772,0,772,1047.78,20.25,1
6129,DECODE,772,0,772,1048.78,20.21,1
6130,DECODE,772,0,772,1049.78,20.17,1
6131,DECODE,772,0,772,1050.78,20.21,1
6132,DECODE,772,0,772,1051.78,20.22,1
6133,DECODE,772,0,772,1052.78,20.47,1
6134,DECODE,772,0,772,1053.78,20.45,1
6135,DECODE,772,0,772,1054.78,21.36,1
6136,DECODE,772,0,772,1055.78,21.23,1
6137,DECODE,772,0,772,1056.78,20.75,1
6138,DECODE,772,0,772,1057.78,20.43,1
6139,DECODE,772,0,772,1058.78,20.63,1
6140,DECODE,772,0,772,1059.78,20.42,1
6141,DECODE,772,0,772,1060.78,20.97,1
6142,DECODE,772,0,772,1061.78,20.58,1
6143,DECODE,772,0,772,1062.78,20.60,1
6144,DECODE,772,0,772,1063.78,20.76,1
6145,DECODE,772,0,772,1064.78,20.86,1
6146,DECODE,771,0,771,1065.07,20.98,1
6147,DECODE,771,0,771,1066.07,20.96,1
6148,DECODE,771,0,771,1067.07,20.75,1
6149,DECODE,771,0,771,1068.07,21.05,1
6150,DECODE,770,0,770,1068.43,20.84,1
6151,DECODE,770,0,770,1069.43,21.03,1
6152,DECODE,770,0,770,1070.43,21.06,1
6153,DECODE,769,0,769,1072.46,21.27,1
6154,DECODE,766,0,766,1076.60,21.47,1
6155,DECODE,763,0,763,1080.58,21.98,1
6156,DECODE,761,0,761,1083.65,21.20,1
6157,DECODE,759,0,759,1086.42,21.33,1
6158,DECODE,758,0,758,1085.57,20.91,1
6159,DECODE,758,0,758,1086.57,21.16,1
6160,DECODE,758,0,758,1087.57,20.88,1
6161,DECODE,756,0,756,1090.55,20.35,1
6162,DECODE,754,0,754,1093.59,20.80,1
6163,DECODE,751,0,751,1097.75,20.82,1
6164,DECODE,750,0,750,1098.04,20.63,1
6165,DECODE,750,0,750,1099.04,20.73,1
6166,DECODE,748,0,748,1102.09,20.40,1
6167,DECODE,746,0,746,1105.18,20.51,1
6168,DECODE,744,0,744,1108.31,20.25,1
6169,DECODE,741,0,741,1112.57,20.69,1
6170,DECODE,739,0,739,1115.27,20.62,1
6171,DECODE,738,0,738,1117.27,20.39,1
6172,DECODE,735,0,735,1121.39,20.62,1
6173,DECODE,733,0,733,1124.54,26.89,1
6174,DECODE,731,0,731,1127.71,20.67,1
6175,DECODE,729,0,729,1130.91,20.56,1
6176,DECODE,726,0,726,1135.06,20.48,1
6177,DECODE,725,0,725,1137.08,20.52,1
6178,DECODE,723,0,723,1140.23,20.47,1
6179,DECODE,721,0,721,1143.44,20.46,1
6180,DECODE,718,0,718,1147.82,20.09,1
6181,DECODE,716,0,716,1151.09,22.17,1
6182,DECODE,714,0,714,1154.40,20.08,1
6183,DECODE,712,0,712,1157.75,19.88,1
6184,DECODE,711,0,711,1158.17,20.55,1
6185,DECODE,711,0,711,1159.17,20.40,1
6186,DECODE,709,0,709,1162.26,20.22,1
6187,DECODE,708,0,708,1164.33,19.83,1
6188,DECODE,706,0,706,1167.59,19.92,1
6189,DECODE,704,0,704,1170.89,20.32,1
6190,DECODE,703,0,703,1171.33,20.04,1
6191,DECODE,703,0,703,1172.33,20.06,1
6192,DECODE,701,0,701,1175.68,20.26,1
6193,DECODE,699,0,699,1179.05,20.11,1
6194,DECODE,697,0,697,1182.44,20.23,1
6195,DECODE,695,0,695,1185.87,20.06,1
6196,DECODE,693,0,693,1189.33,20.29,1
6197,DECODE,691,0,691,1192.53,19.78,1
6198,DECODE,690,0,690,1192.94,19.66,1
6199,DECODE,690,0,690,1193.94,19.67,1
6200,DECODE,689,0,689,1194.50,19.60,1
6201,DECODE,689,0,689,1195.50,20.08,1
6202,DECODE,688,0,688,1197.62,19.40,1
6203,DECODE,687,0,687,1199.77,19.63,1
6204,DECODE,685,0,685,1203.09,19.72,1
6205,DECODE,683,0,683,1206.45,19.80,1
6206,DECODE,682,0,682,1206.88,19.64,1
6207,DECODE,681,0,681,1207.81,19.68,1
6208,DECODE,681,0,681,1208.81,19.48,1
6209,DECODE,681,0,681,1209.81,21.12,1
6210,DECODE,680,0,680,1212.01,21.56,1
6211,DECODE,678,0,678,1215.43,19.72,1
6212,DECODE,676,0,676,1218.87,19.35,1
6213,DECODE,674,0,674,1222.32,19.66,1
6214,DECODE,673,0,673,1224.56,19.71,1
6215,DECODE,671,0,671,1228.08,19.68,1
6216,DECODE,669,0,669,1231.63,19.65,1
6217,DECODE,668,0,668,1232.00,19.35,1
6218,DECODE,668,0,668,1233.00,19.29,1
6219,DECODE,667,0,667,1232.03,19.55,1
6220,DECODE,667,0,667,1233.03,19.61,1
6221,DECODE,667,0,667,1234.03,19.56,1
6222,DECODE,667,0,667,1235.03,19.56,1
6223,DECODE,666,0,666,1237.32,19.63,1
6224,DECODE,664,0,664,1240.67,19.35,1
6225,DECODE,663,0,663,1242.79,19.56,1
6226,DECODE,661,0,661,1246.19,19.50,1
6227,DECODE,660,0,660,1248.41,21.92,1
6228,DECODE,658,0,658,1251.89,19.66,1
6229,DECODE,657,0,657,1254.14,21.87,1
6230,DECODE,655,0,655,1251.16,20.31,1
6231,DECODE,653,0,653,1248.15,19.67,1
6232,DECODE,650,0,650,1243.09,19.55,1
6233,DECODE,648,0,648,1240.03,19.28,1
6234,DECODE,647,0,647,1238.99,19.48,1
6235,DECODE,645,0,645,1235.89,19.29,1
6236,DECODE,645,0,645,1236.89,19.52,1
6237,DECODE,644,0,644,1235.84,24.98,1
6238,DECODE,643,0,643,1234.78,19.54,1
6239,DECODE,643,0,643,1235.78,19.46,1
6240,DECODE,643,0,643,1236.78,19.38,1
6241,DECODE,643,0,643,1237.78,19.36,1
6242,DECODE,642,0,642,1238.10,19.56,1
6243,DECODE,642,0,642,1239.10,19.36,1
6244,DECODE,642,0,642,1240.10,19.36,1
6245,DECODE,642,0,642,1241.10,19.43,1
6246,DECODE,642,0,642,1242.10,19.26,1
6247,DECODE,642,0,642,1243.10,19.37,1
6248,DECODE,642,0,642,1244.10,19.40,1
6249,DECODE,642,0,642,1245.10,19.70,1
6250,DECODE,642,0,642,1246.10,19.66,1
6251,DECODE,642,0,642,1247.10,19.46,1
6252,DECODE,642,0,642,1248.10,19.48,1
6253,DECODE,642,0,642,1249.10,19.34,1
6254,DECODE,642,0,642,1250.10,19.34,1
6255,DECODE,642,0,642,1251.10,19.50,1
6256,DECODE,641,0,641,1251.99,19.48,1
6257,DECODE,641,0,641,1252.99,19.35,1
6258,DECODE,641,0,641,1253.99,19.60,1
6259,DECODE,641,0,641,1254.99,19.42,1
6260,DECODE,641,0,641,1255.99,19.33,1
6261,DECODE,641,0,641,1256.99,19.23,1
6262,DECODE,641,0,641,1257.99,19.30,1
6263,DECODE,641,0,641,1258.99,19.48,1
6264,DECODE,641,0,641,1259.99,19.40,1
6265,DECODE,641,0,641,1260.99,19.25,1
6266,DECODE,641,0,641,1261.99,19.59,1
6267,DECODE,641,0,641,1262.99,19.48,1
6268,DECODE,641,0,641,1263.99,19.46,1
6269,DECODE,641,0,641,1264.99,19.42,1
6270,DECODE,641,0,641,1265.99,19.41,1
6271,DECODE,641,0,641,1266.99,19.56,1
6272,DECODE,641,0,641,1267.99,19.47,1
6273,DECODE,641,0,641,1268.99,19.43,1
6274,DECODE,641,0,641,1269.99,19.69,1
6275,DECODE,641,0,641,1270.99,19.65,1
6276,DECODE,641,0,641,1271.99,19.60,1
6277,DECODE,641,0,641,1272.99,19.63,1
6278,DECODE,641,0,641,1273.99,19.65,1
6279,DECODE,641,0,641,1274.99,19.69,1
6280,DECODE,641,0,641,1275.99,19.67,1
6281,DECODE,641,0,641,1276.99,19.69,1
6282,DECODE,641,0,641,1277.99,19.80,1
6283,DECODE,641,0,641,1278.99,19.80,1
6284,DECODE,641,0,641,1279.99,20.02,1
6285,DECODE,641,0,641,1280.99,19.67,1
6286,DECODE,641,0,641,1281.99,19.70,1
6287,DECODE,641,0,641,1282.99,19.77,1
6288,DECODE,641,0,641,1283.99,19.76,1
6289,DECODE,641,0,641,1284.99,19.74,1
6290,DECODE,640,0,640,1287.23,19.57,1
6291,DECODE,638,0,638,1290.75,19.59,1
6292,DECODE,637,0,637,1293.03,19.51,1
6293,DECODE,636,0,636,1293.94,19.32,1
6294,DECODE,636,0,636,1294.94,19.42,1
6295,DECODE,635,0,635,1297.23,19.47,1
6296,DECODE,634,0,634,1298.23,19.78,1
6297,DECODE,634,0,634,1299.23,19.51,1
6298,DECODE,633,0,633,1301.54,19.70,1
6299,DECODE,631,0,631,1305.17,19.55,1
6300,DECODE,630,0,630,1307.50,19.64,1
6301,DECODE,628,0,628,1311.17,19.29,1
6302,DECODE,627,0,627,1313.54,19.63,1
6303,DECODE,626,0,626,1315.91,19.49,1
6304,DECODE,625,0,625,1316.17,19.52,1
6305,DECODE,625,0,625,1317.17,19.53,1
6306,DECODE,624,0,624,1319.07,19.39,1
6307,DECODE,624,0,624,1320.07,19.26,1
6308,DECODE,623,0,623,1322.03,19.44,1
6309,DECODE,622,0,622,1324.17,19.68,1
6310,DECODE,621,0,621,1326.35,19.40,1
6311,DECODE,620,0,620,1327.28,19.34,1
6312,DECODE,620,0,620,1328.28,19.30,1
6313,DECODE,619,0,619,1330.49,19.52,1
6314,DECODE,618,0,618,1332.72,19.64,1
6315,DECODE,617,0,617,1334.95,19.59,1
6316,DECODE,616,0,616,1337.21,19.99,1
6317,DECODE,615,0,615,1339.49,19.73,1
6318,DECODE,613,0,613,1343.12,19.67,1
6319,DECODE,612,0,612,1345.45,19.34,1
6320,DECODE,611,0,611,1347.80,19.59,1
6321,DECODE,610,0,610,1350.15,19.62,1
6322,DECODE,609,0,609,1350.51,19.72,1
6323,DECODE,609,0,609,1351.51,19.52,1
6324,DECODE,607,0,607,1352.04,19.35,1
6325,DECODE,606,0,606,1352.39,19.40,1
6326,DECODE,605,0,605,1352.98,19.61,1
6327,DECODE,605,0,605,1353.98,19.33,1
6328,DECODE,605,0,605,1354.98,19.34,1
6329,DECODE,605,0,605,1355.98,19.51,1
6330,DECODE,605,0,605,1356.98,19.70,1
6331,DECODE,605,0,605,1357.98,19.40,1
6332,DECODE,605,0,605,1358.98,19.37,1
6333,DECODE,605,0,605,1359.98,19.46,1
6334,DECODE,604,0,604,1360.30,19.21,1
6335,DECODE,604,0,604,1361.30,19.21,1
6336,DECODE,604,0,604,1362.30,19.19,1
6337,DECODE,604,0,604,1363.30,19.24,1
6338,DECODE,603,0,603,1365.70,19.70,1
6339,DECODE,602,0,602,1368.10,19.33,1
6340,DECODE,601,0,601,1370.51,19.52,1
6341,DECODE,599,0,599,1374.34,19.48,1
6342,DECODE,598,0,598,1376.78,19.40,1
6343,DECODE,597,0,597,1379.22,19.29,1
6344,DECODE,596,0,596,1381.67,19.11,1
6345,DECODE,595,0,595,1384.15,19.35,1
6346,DECODE,594,0,594,1386.21,19.25,1
6347,DECODE,593,0,593,1388.47,19.14,1
6348,DECODE,592,0,592,1390.74,18.98,1
6349,DECODE,591,0,591,1393.03,19.13,1
6350,DECODE,590,0,590,1395.33,19.05,1
6351,DECODE,589,0,589,1397.65,19.03,1
6352,DECODE,588,0,588,1399.97,19.19,1
6353,DECODE,587,0,587,1402.32,19.35,1
6354,DECODE,586,0,586,1404.67,19.33,1
6355,DECODE,585,0,585,1405.15,19.25,1
6356,DECODE,585,0,585,1406.15,19.83,1
6357,DECODE,584,0,584,1407.27,19.10,1
6358,DECODE,584,0,584,1408.27,18.95,1
6359,DECODE,584,0,584,1409.27,18.85,1
6360,DECODE,584,0,584,1410.27,18.90,1
6361,DECODE,583,0,583,1412.65,19.25,1
6362,DECODE,582,0,582,1415.04,19.36,1
6363,DECODE,581,0,581,1416.99,19.33,1
6364,DECODE,580,0,580,1419.20,18.96,1
6365,DECODE,579,0,579,1421.51,19.16,1
6366,DECODE,578,0,578,1423.87,19.19,1
6367,DECODE,577,0,577,1424.86,19.10,1
6368,DECODE,576,0,576,1425.55,18.81,1
6369,DECODE,576,0,576,1426.55,18.84,1
6370,DECODE,576,0,576,1427.55,19.01,1
6371,DECODE,576,0,576,1428.55,18.89,1
6372,DECODE,576,0,576,1429.55,18.88,1
6373,DECODE,575,0,575,1431.92,19.01,1
6374,DECODE,574,0,574,1434.31,19.05,1
6375,DECODE,573,0,573,1436.72,19.17,1
6376,DECODE,572,0,572,1439.13,18.90,1
6377,DECODE,571,0,571,1440.23,19.03,1
6378,DECODE,571,0,571,1441.23,19.18,1
6379,DECODE,571,0,571,1442.23,19.00,1
6380,DECODE,570,0,570,1442.69,19.10,1
6381,DECODE,570,0,570,1443.69,18.98,1
6382,DECODE,570,0,570,1444.69,19.03,1
6383,DECODE,569,0,569,1447.12,19.11,1
6384,DECODE,568,0,568,1449.57,18.93,1
6385,DECODE,567,0,567,1450.22,19.00,1
6386,DECODE,567,0,567,1451.22,19.21,1
6387,DECODE,566,0,566,1451.83,19.07,1
6388,DECODE,566,0,566,1452.83,19.00,1
6389,DECODE,566,0,566,1453.83,18.94,1
6390,DECODE,566,0,566,1454.83,19.10,1
6391,DECODE,565,0,565,1456.98,19.06,1
6392,DECODE,564,0,564,1459.16,18.90,1
6393,DECODE,563,0,563,1461.50,19.06,1
6394,DECODE,563,0,563,1462.50,19.22,1
6395,DECODE,562,0,562,1464.88,18.96,1
6396,DECODE,561,0,561,1467.27,19.01,1
6397,DECODE,560,0,560,1469.68,18.97,1
6398,DECODE,559,0,559,1472.11,18.80,1
6399,DECODE,559,0,559,1473.11,18.75,1
6400,DECODE,558,0,558,1475.54,18.85,1
6401,DECODE,557,0,557,1476.56,18.94,1
6402,DECODE,557,0,557,1477.56,19.02,1
6403,DECODE,556,0,556,1480.01,18.61,1
6404,DECODE,556,0,556,1481.01,18.71,1
6405,DECODE,555,0,555,1481.46,18.84,1
6406,DECODE,555,0,555,1482.46,18.96,1
6407,DECODE,555,0,555,1483.46,18.93,1
6408,DECODE,554,0,554,1484.57,18.77,1
6409,DECODE,554,0,554,1485.57,18.79,1
6410,DECODE,553,0,553,1488.03,19.08,1
6411,DECODE,552,0,552,1490.52,18.67,1
6412,DECODE,552,0,552,1491.52,18.66,1
6413,DECODE,551,0,551,1494.02,18.98,1
6414,DECODE,550,0,550,1494.69,18.84,1
6415,DECODE,549,0,549,1496.22,20.59,1
6416,DECODE,549,0,549,1497.22,18.93,1
6417,DECODE,549,0,549,1498.22,18.89,1
6418,DECODE,549,0,549,1499.22,19.05,1
6419,DECODE,548,0,548,1501.18,18.74,1
6420,DECODE,547,0,547,1501.71,18.97,1
6421,DECODE,547,0,547,1502.71,18.95,1
6422,DECODE,547,0,547,1503.71,18.85,1
6423,DECODE,547,0,547,1504.71,18.86,1
6424,DECODE,546,0,546,1505.74,18.85,1
6425,DECODE,546,0,546,1506.74,18.86,1
6426,DECODE,546,0,546,1507.74,19.00,1
6427,DECODE,545,0,545,1509.85,19.05,1
6428,DECODE,544,0,544,1512.26,19.01,1
6429,DECODE,544,0,544,1513.26,18.81,1
6430,DECODE,543,0,543,1515.72,19.00,1
6431,DECODE,542,0,542,1518.18,19.05,1
6432,DECODE,541,0,541,1520.66,20.86,1
6433,DECODE,541,0,541,1521.66,19.00,1
6434,DECODE,540,0,540,1524.14,19.02,1
6435,DECODE,539,0,539,1526.65,19.02,1
6436,DECODE,538,0,538,1529.20,19.00,1
6437,DECODE,538,0,538,1530.20,18.91,1
6438,DECODE,537,0,537,1532.41,19.04,1
6439,DECODE,536,0,536,1534.81,19.35,1
6440,DECODE,535,0,535,1535.26,18.99,1
6441,DECODE,535,0,535,1536.26,19.06,1
6442,DECODE,535,0,535,1537.26,19.05,1
6443,DECODE,535,0,535,1538.26,19.04,1
6444,DECODE,534,0,534,1540.68,19.29,1
6445,DECODE,534,0,534,1541.68,19.01,1
6446,DECODE,533,0,533,1544.11,19.00,1
6447,DECODE,532,0,532,1546.57,19.06,1
6448,DECODE,532,0,532,1547.57,18.73,1
6449,DECODE,531,0,531,1550.04,19.00,1
6450,DECODE,530,0,530,1552.52,19.10,1
6451,DECODE,529,0,529,1555.01,19.03,1
6452,DECODE,528,0,528,1555.77,18.58,1
6453,DECODE,528,0,528,1556.77,18.42,1
6454,DECODE,528,0,528,1557.77,18.70,1
6455,DECODE,528,0,528,1558.77,18.51,1
6456,DECODE,526,0,526,1559.41,18.59,1
6457,DECODE,526,0,526,1560.41,18.70,1
6458,DECODE,526,0,526,1561.41,27.54,1
6459,DECODE,526,0,526,1562.41,19.83,1
6460,DECODE,526,0,526,1563.41,18.91,1
6461,DECODE,526,0,526,1564.41,18.81,1
6462,DECODE,525,0,525,1566.93,18.67,1
6463,DECODE,525,0,525,1567.93,18.62,1
6464,DECODE,524,0,524,1570.46,18.44,1
6465,DECODE,523,0,523,1572.99,18.69,1
6466,DECODE,523,0,523,1573.99,18.71,1
6467,DECODE,522,0,522,1576.55,18.88,1
6468,DECODE,521,0,521,1579.12,18.89,1
6469,DECODE,521,0,521,1580.12,18.76,1
6470,DECODE,520,0,520,1582.71,18.23,1
6471,DECODE,519,0,519,1585.32,18.58,1
6472,DECODE,518,0,518,1587.96,18.47,1
6473,DECODE,517,0,517,1588.50,18.50,1
6474,DECODE,516,0,516,1589.61,18.36,1
6475,DECODE,516,0,516,1590.61,18.24,1
6476,DECODE,516,0,516,1591.61,18.28,1
6477,DECODE,516,0,516,1592.61,18.25,1
6478,DECODE,516,0,516,1593.61,18.47,1
6479,DECODE,516,0,516,1594.61,18.36,1
6480,DECODE,515,0,515,1597.03,18.48,1
6481,DECODE,515,0,515,1598.03,19.21,1
6482,DECODE,514,0,514,1598.34,19.55,1
6483,DECODE,513,0,513,1599.46,18.63,1
6484,DECODE,513,0,513,1600.46,18.48,1
6485,DECODE,513,0,513,1601.46,18.64,1
6486,DECODE,513,0,513,1602.46,18.63,1
6487,DECODE,513,0,513,1603.46,18.63,1
6488,DECODE,513,0,513,1604.46,18.67,1
6489,DECODE,512,0,512,1605.68,17.52,1
6490,DECODE,512,0,512,1606.68,17.57,1
6491,DECODE,512,0,512,1607.68,17.41,1
6492,DECODE,511,0,511,1610.14,18.89,1
6493,DECODE,509,0,509,1610.21,17.97,1
6494,DECODE,509,0,509,1611.21,17.56,1
6495,DECODE,509,0,509,1612.21,17.90,1
6496,DECODE,509,0,509,1613.21,18.00,1
6497,DECODE,509,0,509,1614.21,18.52,1
6498,DECODE,509,0,509,1615.21,18.59,1
6499,DECODE,509,0,509,1616.21,18.63,1
6500,DECODE,509,0,509,1617.21,18.49,1
6501,DECODE,508,0,508,1619.69,19.97,1
6502,DECODE,507,0,507,1622.18,19.76,1
6503,DECODE,507,0,507,1623.18,17.51,1
6504,DECODE,506,0,506,1625.70,17.66,1
6505,DECODE,506,0,506,1626.70,17.55,1
6506,DECODE,505,0,505,1627.14,17.54,1
6507,DECODE,505,0,505,1628.14,17.55,1
6508,DECODE,505,0,505,1629.14,17.45,1
6509,DECODE,504,0,504,1629.50,17.48,1
6510,DECODE,504,0,504,1630.50,17.48,1
6511,DECODE,504,0,504,1631.50,17.44,1
6512,DECODE,504,0,504,1632.50,17.70,1
6513,DECODE,502,0,502,1632.70,17.82,1
6514,DECODE,502,0,502,1633.70,17.43,1
6515,DECODE,502,0,502,1634.70,17.35,1
6516,DECODE,501,0,501,1635.82,17.33,1
6517,DECODE,501,0,501,1636.82,17.37,1
6518,DECODE,501,0,501,1637.82,17.45,1
6519,DECODE,501,0,501,1638.82,17.33,1
6520,DECODE,501,0,501,1639.82,17.38,1
6521,DECODE,501,0,501,1640.82,17.36,1
6522,DECODE,501,0,501,1641.82,17.41,1
6523,DECODE,501,0,501,1642.82,17.35,1
6524,DECODE,500,0,500,1645.38,17.48,1
6525,DECODE,499,0,499,1645.89,17.69,1
6526,DECODE,499,0,499,1646.89,18.56,1
6527,DECODE,498,0,498,1647.19,17.48,1
6528,DECODE,498,0,498,1648.19,17.34,1
6529,DECODE,498,0,498,1649.19,17.34,1
6530,DECODE,498,0,498,1650.19,17.43,1
6531,DECODE,498,0,498,1651.19,17.36,1
6532,DECODE,498,0,498,1652.19,17.39,1
6533,DECODE,497,0,497,1654.14,17.42,1
6534,DECODE,497,0,497,1655.14,17.48,1
6535,DECODE,496,0,496,1657.28,17.31,1
6536,DECODE,496,0,496,1658.28,17.31,1
6537,DECODE,495,0,495,1658.69,17.28,1
6538,DECODE,495,0,495,1659.69,17.20,1
6539,DECODE,495,0,495,1660.69,17.25,1
6540,DECODE,495,0,495,1661.69,17.20,1
6541,DECODE,495,0,495,1662.69,17.30,1
6542,DECODE,494,0,494,1663.80,17.22,1
6543,DECODE,494,0,494,1664.80,18.62,1
6544,DECODE,494,0,494,1665.80,19.28,1
6545,DECODE,493,0,493,1667.99,19.35,1
6546,DECODE,493,0,493,1668.99,18.69,1
6547,DECODE,492,0,492,1671.23,19.16,1
6548,DECODE,492,0,492,1672.23,18.71,1
6549,DECODE,491,0,491,1673.51,18.64,1
6550,DECODE,491,0,491,1674.51,18.75,1
6551,DECODE,491,0,491,1675.51,18.40,1
6552,DECODE,490,0,490,1677.78,19.38,1
6553,DECODE,490,0,490,1678.78,18.76,1
6554,DECODE,489,0,489,1681.11,19.22,1
6555,DECODE,489,0,489,1682.11,18.66,1
6556,DECODE,489,0,489,1683.11,18.34,1
6557,DECODE,488,0,488,1685.45,19.29,1
6558,DECODE,488,0,488,1686.45,18.72,1
6559,DECODE,487,0,487,1688.81,19.71,1
6560,DECODE,487,0,487,1689.81,19.05,1
6561,DECODE,486,0,486,1692.17,19.64,1
6562,DECODE,486,0,486,1693.17,18.88,1
6563,DECODE,485,0,485,1695.56,19.43,1
6564,DECODE,485,0,485,1696.56,18.91,1
6565,DECODE,484,0,484,1698.98,19.72,1
6566,DECODE,484,0,484,1699.98,18.76,1
6567,DECODE,483,0,483,1702.39,19.44,1
6568,DECODE,482,0,482,1702.96,18.74,1
6569,DECODE,482,0,482,1703.96,18.64,1
6570,DECODE,482,0,482,1704.96,18.25,1
6571,DECODE,482,0,482,1705.96,18.52,1
6572,DECODE,482,0,482,1706.96,18.34,1
6573,DECODE,481,0,481,1709.39,19.02,1
6574,DECODE,481,0,481,1710.39,18.91,1
6575,DECODE,480,0,480,1711.76,18.60,1
6576,DECODE,480,0,480,1712.76,18.56,1
6577,DECODE,480,0,480,1713.76,18.20,1
6578,DECODE,479,0,479,1716.20,19.24,1
6579,DECODE,479,0,479,1717.20,18.83,1
6580,DECODE,478,0,478,1717.92,18.89,1
6581,DECODE,478,0,478,1718.92,18.65,1
6582,DECODE,478,0,478,1719.92,18.28,1
6583,DECODE,478,0,478,1720.92,18.25,1
6584,DECODE,477,0,477,1723.39,19.31,1
6585,DECODE,477,0,477,1724.39,18.52,1
6586,DECODE,476,0,476,1726.86,19.06,1
6587,DECODE,476,0,476,1727.86,18.52,1
6588,DECODE,476,0,476,1728.86,18.35,1
6589,DECODE,474,0,474,1728.96,18.87,1
6590,DECODE,474,0,474,1729.96,18.68,1
6591,DECODE,473,0,473,1730.78,18.71,1
6592,DECODE,473,0,473,1731.78,19.79,1
6593,DECODE,473,0,473,1732.78,18.30,1
6594,DECODE,472,0,472,1735.31,18.74,1
6595,DECODE,472,0,472,1736.31,19.55,1
6596,DECODE,472,0,472,1737.31,18.24,1
6597,DECODE,472,0,472,1738.31,18.36,1
6598,DECODE,472,0,472,1739.31,18.33,1
6599,DECODE,472,0,472,1740.31,18.35,1
6600,DECODE,472,0,472,1741.31,17.36,1
6601,DECODE,472,0,472,1742.31,17.36,1
6602,DECODE,472,0,472,1743.31,17.26,1
6603,DECODE,471,0,471,1745.81,17.44,1
6604,DECODE,471,0,471,1746.81,17.49,1
6605,DECODE,470,0,470,1749.31,17.38,1
6606,DECODE,470,0,470,1750.31,17.71,1
6607,DECODE,469,0,469,1751.51,17.62,1
6608,DECODE,469,0,469,1752.51,17.40,1
6609,DECODE,469,0,469,1753.51,17.37,1
6610,DECODE,469,0,469,1754.51,17.38,1
6611,DECODE,468,0,468,1757.03,17.86,1
6612,DECODE,468,0,468,1758.03,17.50,1
6613,DECODE,467,0,467,1760.55,17.50,1
6614,DECODE,467,0,467,1761.55,17.47,1
6615,DECODE,466,0,466,1764.09,17.42,1
6616,DECODE,465,0,465,1764.42,17.44,1
6617,DECODE,465,0,465,1765.42,17.45,1
6618,DECODE,465,0,465,1766.42,17.61,1
6619,DECODE,465,0,465,1767.42,17.48,1
6620,DECODE,465,0,465,1768.42,17.54,1
6621,DECODE,465,0,465,1769.42,17.44,1
6622,DECODE,464,0,464,1771.97,17.38,1
6623,DECODE,464,0,464,1772.97,18.39,1
6624,DECODE,463,0,463,1775.53,19.09,1
6625,DECODE,463,0,463,1776.53,18.41,1
6626,DECODE,462,0,462,1779.09,18.75,1
6627,DECODE,462,0,462,1780.09,18.04,1
6628,DECODE,462,0,462,1781.09,17.76,1
6629,DECODE,461,0,461,1783.67,18.73,1
6630,DECODE,460,0,460,1785.49,18.46,1
6631,DECODE,460,0,460,1786.49,18.21,1
6632,DECODE,460,0,460,1787.49,17.74,1
6633,DECODE,460,0,460,1788.49,17.84,1
6634,DECODE,459,0,459,1791.09,18.85,1
6635,DECODE,459,0,459,1792.09,18.05,1
6636,DECODE,458,0,458,1794.69,18.27,1
6637,DECODE,458,0,458,1795.69,18.22,1
6638,DECODE,458,0,458,1796.69,17.89,1
6639,DECODE,457,0,457,1799.30,18.79,1
6640,DECODE,456,0,456,1800.78,17.23,1
6641,DECODE,456,0,456,1801.78,17.01,1
6642,DECODE,456,0,456,1802.78,17.00,1
6643,DECODE,456,0,456,1803.78,16.94,1
6644,DECODE,455,0,455,1806.41,19.02,1
6645,DECODE,455,0,455,1807.41,18.25,1
6646,DECODE,454,0,454,1808.26,18.40,1
6647,DECODE,454,0,454,1809.26,18.40,1
6648,DECODE,454,0,454,1810.26,17.97,1
6649,DECODE,454,0,454,1811.26,18.00,1
6650,DECODE,454,0,454,1812.26,17.94,1
6651,DECODE,453,0,453,1814.90,18.84,1
6652,DECODE,453,0,453,1815.90,19.20,1
6653,DECODE,452,0,452,1818.57,19.42,1
6654,DECODE,452,0,452,1819.57,18.02,1
6655,DECODE,451,0,451,1822.25,18.71,1
6656,DECODE,451,0,451,1823.25,18.41,1
6657,DECODE,451,0,451,1824.25,18.15,1
6658,DECODE,450,0,450,1825.96,18.71,1
6659,DECODE,450,0,450,1826.96,18.51,1
6660,DECODE,450,0,450,1827.96,18.03,1
6661,DECODE,449,0,449,1830.33,19.28,1
6662,DECODE,449,0,449,1831.33,18.42,1
6663,DECODE,449,0,449,1832.33,17.97,1
6664,DECODE,448,0,448,1834.71,18.78,1
6665,DECODE,448,0,448,1835.71,19.31,1
6666,DECODE,447,0,447,1837.20,18.77,1
6667,DECODE,447,0,447,1838.20,18.97,1
6668,DECODE,447,0,447,1839.20,18.22,1
6669,DECODE,447,0,447,1840.20,17.46,1
6670,DECODE,446,0,446,1842.39,17.00,1
6671,DECODE,446,0,446,1843.39,17.66,1
6672,DECODE,446,0,446,1844.39,18.99,1
6673,DECODE,445,0,445,1846.65,18.67,1
6674,DECODE,445,0,445,1847.65,18.10,1
6675,DECODE,445,0,445,1848.65,17.89,1
6676,DECODE,444,0,444,1850.98,18.79,1
6677,DECODE,444,0,444,1851.98,18.31,1
6678,DECODE,444,0,444,1852.98,17.99,1
6679,DECODE,443,0,443,1855.35,18.70,1
6680,DECODE,443,0,443,1856.35,17.99,1
6681,DECODE,442,0,442,1858.77,18.83,1
6682,DECODE,442,0,442,1859.77,18.17,1
6683,DECODE,442,0,442,1860.77,17.97,1
6684,DECODE,441,0,441,1863.09,18.88,1
6685,DECODE,441,0,441,1864.09,18.22,1
6686,DECODE,441,0,441,1865.09,17.90,1
6687,DECODE,440,0,440,1867.04,18.83,1
6688,DECODE,440,0,440,1868.04,18.42,1
6689,DECODE,440,0,440,1869.04,17.78,1
6690,DECODE,439,0,439,1871.39,18.80,1
6691,DECODE,439,0,439,1872.39,18.07,1
6692,DECODE,439,0,439,1873.39,17.94,1
6693,DECODE,438,0,438,1875.76,18.74,1
6694,DECODE,437,0,437,1876.47,18.48,1
6695,DECODE,437,0,437,1877.47,18.27,1
6696,DECODE,437,0,437,1878.47,17.99,1
6697,DECODE,437,0,437,1879.47,17.93,1
6698,DECODE,437,0,437,1880.47,17.79,1
6699,DECODE,437,0,437,1881.47,18.22,1
6700,DECODE,437,0,437,1882.47,17.77,1
6701,DECODE,436,0,436,1884.71,18.78,1
6702,DECODE,436,0,436,1885.71,18.05,1
6703,DECODE,436,0,436,1886.71,17.91,1
6704,DECODE,435,0,435,1888.50,18.66,1
6705,DECODE,435,0,435,1889.50,18.16,1
6706,DECODE,435,0,435,1890.50,17.80,1
6707,DECODE,434,0,434,1890.97,18.21,1
6708,DECODE,434,0,434,1891.97,18.31,1
6709,DECODE,434,0,434,1892.97,17.85,1
6710,DECODE,434,0,434,1893.97,17.87,1
6711,DECODE,434,0,434,1894.97,17.93,1
6712,DECODE,433,0,433,1897.23,19.23,1
6713,DECODE,433,0,433,1898.23,18.22,1
6714,DECODE,433,0,433,1899.23,17.95,1
6715,DECODE,432,0,432,1901.57,18.08,1
6716,DECODE,432,0,432,1902.57,17.83,1
6717,DECODE,432,0,432,1903.57,17.55,1
6718,DECODE,431,0,431,1903.89,18.04,1
6719,DECODE,431,0,431,1904.89,18.00,1
6720,DECODE,431,0,431,1905.89,17.62,1
6721,DECODE,431,0,431,1906.89,18.00,1
6722,DECODE,431,0,431,1907.89,17.59,1
6723,DECODE,431,0,431,1908.89,17.70,1
6724,DECODE,430,0,430,1911.26,18.50,1
6725,DECODE,430,0,430,1912.26,17.98,1
6726,DECODE,430,0,430,1913.26,17.57,1
6727,DECODE,429,0,429,1915.66,18.44,1
6728,DECODE,429,0,429,1916.66,18.18,1
6729,DECODE,429,0,429,1917.66,17.77,1
6730,DECODE,428,0,428,1919.88,18.44,1
6731,DECODE,428,0,428,1920.88,17.99,1
6732,DECODE,428,0,428,1921.88,17.74,1
6733,DECODE,427,0,427,1924.34,18.70,1
6734,DECODE,427,0,427,1925.34,18.03,1
6735,DECODE,427,0,427,1926.34,17.93,1
6736,DECODE,426,0,426,1928.74,18.46,1
6737,DECODE,425,0,425,1929.64,18.51,1
6738,DECODE,425,0,425,1930.64,17.75,1
6739,DECODE,424,0,424,1932.10,18.19,1
6740,DECODE,424,0,424,1933.10,18.10,1
6741,DECODE,424,0,424,1934.10,17.79,1
6742,DECODE,424,0,424,1935.10,17.90,1
6743,DECODE,423,0,423,1935.78,18.05,1
6744,DECODE,423,0,423,1936.78,18.09,1
6745,DECODE,423,0,423,1937.78,17.72,1
6746,DECODE,423,0,423,1938.78,17.62,1
6747,DECODE,422,0,422,1939.67,18.43,1
6748,DECODE,422,0,422,1940.67,17.89,1
6749,DECODE,422,0,422,1941.67,17.69,1
6750,DECODE,422,0,422,1942.67,17.89,1
6751,DECODE,422,0,422,1943.67,17.72,1
6752,DECODE,422,0,422,1944.67,17.88,1
6753,DECODE,422,0,422,1945.67,18.66,1
6754,DECODE,422,0,422,1946.67,17.69,1
6755,DECODE,422,0,422,1947.67,17.65,1
6756,DECODE,422,0,422,1948.67,17.85,1
6757,DECODE,421,0,421,1951.08,18.88,1
6758,DECODE,421,0,421,1952.08,17.95,1
6759,DECODE,421,0,421,1953.08,17.69,1
6760,DECODE,421,0,421,1954.08,17.79,1
6761,DECODE,420,0,420,1956.51,18.48,1
6762,DECODE,420,0,420,1957.51,18.03,1
6763,DECODE,420,0,420,1958.51,17.71,1
6764,DECODE,419,0,419,1960.97,18.57,1
6765,DECODE,418,0,418,1961.41,18.37,1
6766,DECODE,418,0,418,1962.41,18.28,1
6767,DECODE,418,0,418,1963.41,17.81,1
6768,DECODE,418,0,418,1964.41,17.85,1
6769,DECODE,418,0,418,1965.41,17.87,1
6770,DECODE,418,0,418,1966.41,17.83,1
6771,DECODE,418,0,418,1967.41,17.79,1
6772,DECODE,417,0,417,1969.71,18.66,1
6773,DECODE,417,0,417,1970.71,18.27,1
6774,DECODE,417,0,417,1971.71,17.84,1
6775,DECODE,417,0,417,1972.71,18.40,1
6776,DECODE,416,0,416,1974.95,18.94,1
6777,DECODE,416,0,416,1975.95,18.35,1
6778,DECODE,416,0,416,1976.95,18.02,1
6779,DECODE,415,0,415,1979.43,18.98,1
6780,DECODE,415,0,415,1980.43,18.63,1
6781,DECODE,415,0,415,1981.43,18.09,1
6782,DECODE,414,0,414,1983.89,18.97,1
6783,DECODE,414,0,414,1984.89,18.35,1
6784,DECODE,414,0,414,1985.89,18.13,1
6785,DECODE,414,0,414,1986.89,18.13,1
6786,DECODE,413,0,413,1989.26,18.94,1
6787,DECODE,413,0,413,1990.26,18.47,1
6788,DECODE,413,0,413,1991.26,17.45,1
6789,DECODE,412,0,412,1993.69,20.06,1
6790,DECODE,412,0,412,1994.69,17.94,1
6791,DECODE,412,0,412,1995.69,17.37,1
6792,DECODE,411,0,411,1997.68,17.74,1
6793,DECODE,411,0,411,1998.68,17.50,1
6794,DECODE,411,0,411,1999.68,17.33,1
6795,DECODE,411,0,411,2000.68,17.17,1
6796,DECODE,410,0,410,2003.07,17.27,1
6797,DECODE,410,0,410,2004.07,18.43,1
6798,DECODE,410,0,410,2005.07,18.29,1
6799,DECODE,410,0,410,2006.07,18.17,1
6800,DECODE,409,0,409,2008.43,18.99,1
6801,DECODE,408,0,408,2009.41,18.80,1
6802,DECODE,408,0,408,2010.41,18.71,1
6803,DECODE,408,0,408,2011.41,18.33,1
6804,DECODE,408,0,408,2012.41,18.22,1
6805,DECODE,407,0,407,2013.74,18.58,1
6806,DECODE,407,0,407,2014.74,18.58,1
6807,DECODE,407,0,407,2015.74,18.23,1
6808,DECODE,407,0,407,2016.74,18.40,1
6809,DECODE,407,0,407,2017.74,18.22,1
6810,DECODE,407,0,407,2018.74,18.25,1
6811,DECODE,407,0,407,2019.74,18.19,1
6812,DECODE,407,0,407,2020.74,18.33,1
6813,DECODE,406,0,406,2023.14,19.04,1
6814,DECODE,406,0,406,2024.14,18.65,1
6815,DECODE,406,0,406,2025.14,19.43,1
6816,DECODE,405,0,405,2027.47,19.18,1
6817,DECODE,405,0,405,2028.47,18.54,1
6818,DECODE,405,0,405,2029.47,18.47,1
6819,DECODE,405,0,405,2030.47,18.46,1
6820,DECODE,404,0,404,2032.68,19.14,1
6821,DECODE,404,0,404,2033.68,21.69,1
6822,DECODE,404,0,404,2034.68,18.61,1
6823,DECODE,404,0,404,2035.68,18.57,1
6824,DECODE,403,0,403,2038.08,19.81,1
6825,DECODE,403,0,403,2039.08,18.56,1
6826,DECODE,402,0,402,2039.43,18.93,1
6827,DECODE,402,0,402,2040.43,18.97,1
6828,DECODE,402,0,402,2041.43,18.55,1
6829,DECODE,402,0,402,2042.43,18.54,1
6830,DECODE,402,0,402,2043.43,18.66,1
6831,DECODE,402,0,402,2044.43,18.60,1
6832,DECODE,402,0,402,2045.43,18.43,1
6833,DECODE,401,0,401,2047.77,19.71,1
6834,DECODE,401,0,401,2048.77,18.60,1
6835,DECODE,401,0,401,2049.77,18.57,1
6836,DECODE,401,0,401,2050.77,18.49,1
6837,DECODE,400,0,400,2052.93,19.05,1
6838,DECODE,400,0,400,2053.93,18.26,1
6839,DECODE,400,0,400,2054.93,18.14,1
6840,DECODE,400,0,400,2055.93,17.89,1
6841,DECODE,399,0,399,2057.88,18.93,1
6842,DECODE,399,0,399,2058.88,18.24,1
6843,DECODE,399,0,399,2059.88,18.05,1
6844,DECODE,398,0,398,2060.38,18.22,1
6845,DECODE,398,0,398,2061.38,18.46,1
6846,DECODE,397,0,397,2062.03,18.31,1
6847,DECODE,397,0,397,2063.03,18.30,1
6848,DECODE,397,0,397,2064.03,18.00,1
6849,DECODE,397,0,397,2065.03,18.73,1
6850,DECODE,397,0,397,2066.03,18.01,1
6851,DECODE,397,0,397,2067.03,18.06,1
6852,DECODE,397,0,397,2068.03,18.08,1
6853,DECODE,397,0,397,2069.03,17.95,1
6854,DECODE,397,0,397,2070.03,18.09,1
6855,DECODE,397,0,397,2071.03,17.84,1
6856,DECODE,396,0,396,2073.23,18.13,1
6857,DECODE,396,0,396,2074.23,17.48,1
6858,DECODE,396,0,396,2075.23,17.37,1
6859,DECODE,396,0,396,2076.23,17.18,1
6860,DECODE,395,0,395,2078.44,18.09,1
6861,DECODE,395,0,395,2079.44,17.37,1
6862,DECODE,395,0,395,2080.44,17.35,1
6863,DECODE,394,0,394,2081.44,17.81,1
6864,DECODE,394,0,394,2082.44,17.90,1
6865,DECODE,394,0,394,2083.44,17.30,1
6866,DECODE,394,0,394,2084.44,17.30,1
6867,DECODE,394,0,394,2085.44,17.29,1
6868,DECODE,394,0,394,2086.44,17.36,1
6869,DECODE,394,0,394,2087.44,17.33,1
6870,DECODE,393,0,393,2088.16,17.91,1
6871,DECODE,393,0,393,2089.16,17.79,1
6872,DECODE,393,0,393,2090.16,17.29,1
6873,DECODE,393,0,393,2091.16,17.36,1
6874,DECODE,393,0,393,2092.16,17.37,1
6875,DECODE,392,0,392,2094.27,18.26,1
6876,DECODE,392,0,392,2095.27,17.68,1
6877,DECODE,392,0,392,2096.27,17.37,1
6878,DECODE,392,0,392,2097.27,17.46,1
6879,DECODE,391,0,391,2099.45,18.28,1
6880,DECODE,390,0,390,2099.93,18.36,1
6881,DECODE,390,0,390,2100.93,17.85,1
6882,DECODE,390,0,390,2101.93,17.36,1
6883,DECODE,390,0,390,2102.93,17.38,1
6884,DECODE,390,0,390,2103.93,17.40,1
6885,DECODE,390,0,390,2104.93,17.35,1
6886,DECODE,390,0,390,2105.93,17.39,1
6887,DECODE,390,0,390,2106.93,17.41,1
6888,DECODE,390,0,390,2107.93,17.42,1
6889,DECODE,390,0,390,2108.93,17.43,1
6890,DECODE,389,0,389,2110.39,18.03,1
6891,DECODE,389,0,389,2111.39,17.11,1
6892,DECODE,389,0,389,2112.39,17.11,1
6893,DECODE,389,0,389,2113.39,17.18,1
6894,DECODE,388,0,388,2115.44,18.01,1
6895,DECODE,388,0,388,2116.44,18.92,1
6896,DECODE,388,0,388,2117.44,17.41,1
6897,DECODE,388,0,388,2118.44,18.12,1
6898,DECODE,388,0,388,2119.44,17.32,1
6899,DECODE,387,0,387,2121.00,18.65,1
6900,DECODE,387,0,387,2122.00,17.93,1
6901,DECODE,387,0,387,2123.00,17.43,1
6902,DECODE,387,0,387,2124.00,17.28,1
6903,DECODE,387,0,387,2125.00,17.36,1
6904,DECODE,386,0,386,2127.13,18.12,1
6905,DECODE,386,0,386,2128.13,19.04,1
6906,DECODE,386,0,386,2129.13,17.34,1
6907,DECODE,386,0,386,2130.13,17.33,1
6908,DECODE,385,0,385,2132.32,18.21,1
6909,DECODE,385,0,385,2133.32,18.31,1
6910,DECODE,385,0,385,2134.32,17.40,1
6911,DECODE,385,0,385,2135.32,17.35,1
6912,DECODE,384,0,384,2137.42,18.01,1
6913,DECODE,384,0,384,2138.42,17.41,1
6914,DECODE,384,0,384,2139.42,17.12,1
6915,DECODE,384,0,384,2140.42,17.25,1
6916,DECODE,384,0,384,2141.42,17.23,1
6917,DECODE,383,0,383,2143.46,18.14,1
6918,DECODE,383,0,383,2144.46,18.30,1
6919,DECODE,383,0,383,2145.46,17.13,1
6920,DECODE,383,0,383,2146.46,17.11,1
6921,DECODE,382,0,382,2148.55,18.86,1
6922,DECODE,382,0,382,2149.55,17.36,1
6923,DECODE,382,0,382,2150.55,17.15,1
6924,DECODE,381,0,381,2151.55,17.48,1
6925,DECODE,381,0,381,2152.55,17.48,1
6926,DECODE,381,0,381,2153.55,17.28,1
6927,DECODE,380,0,380,2155.16,17.43,1
6928,DECODE,380,0,380,2156.16,17.46,1
6929,DECODE,380,0,380,2157.16,17.05,1
6930,DECODE,380,0,380,2158.16,17.18,1
6931,DECODE,380,0,380,2159.16,17.16,1
6932,DECODE,380,0,380,2160.16,17.04,1
6933,DECODE,380,0,380,2161.16,16.99,1
6934,DECODE,380,0,380,2162.16,17.01,1
6935,DECODE,380,0,380,2163.16,17.26,1
6936,DECODE,380,0,380,2164.16,17.24,1
6937,DECODE,379,0,379,2165.85,17.89,1
6938,DECODE,379,0,379,2166.85,17.31,1
6939,DECODE,379,0,379,2167.85,17.04,1
6940,DECODE,379,0,379,2168.85,17.08,1
6941,DECODE,379,0,379,2169.85,17.81,1
6942,DECODE,378,0,378,2171.57,19.30,1
6943,DECODE,378,0,378,2172.57,18.24,1
6944,DECODE,378,0,378,2173.57,17.81,1
6945,DECODE,378,0,378,2174.57,17.84,1
6946,DECODE,378,0,378,2175.57,17.88,1
6947,DECODE,377,0,377,2177.32,17.74,1
6948,DECODE,377,0,377,2178.32,16.80,1
6949,DECODE,377,0,377,2179.32,16.82,1
6950,DECODE,377,0,377,2180.32,16.91,1
6951,DECODE,377,0,377,2181.32,17.16,1
6952,DECODE,376,0,376,2182.95,17.82,1
6953,DECODE,376,0,376,2183.95,16.24,1
6954,DECODE,376,0,376,2184.95,16.17,1
6955,DECODE,376,0,376,2185.95,16.18,1
6956,DECODE,376,0,376,2186.95,16.26,1
6957,DECODE,375,0,375,2188.66,16.29,1
6958,DECODE,375,0,375,2189.66,17.36,1
6959,DECODE,375,0,375,2190.66,17.07,1
6960,DECODE,374,0,374,2192.34,16.17,1
6961,DECODE,374,0,374,2193.34,16.26,1
6962,DECODE,374,0,374,2194.34,16.11,1
6963,DECODE,374,0,374,2195.34,16.14,1
6964,DECODE,374,0,374,2196.34,16.08,1
6965,DECODE,374,0,374,2197.34,16.15,1
6966,DECODE,374,0,374,2198.34,16.11,1
6967,DECODE,373,0,373,2200.06,16.18,1
6968,DECODE,373,0,373,2201.06,17.24,1
6969,DECODE,373,0,373,2202.06,16.11,1
6970,DECODE,372,0,372,2202.99,16.11,1
6971,DECODE,372,0,372,2203.99,16.19,1
6972,DECODE,372,0,372,2204.99,16.15,1
6973,DECODE,372,0,372,2205.99,16.13,1
6974,DECODE,372,0,372,2206.99,16.08,1
6975,DECODE,372,0,372,2207.99,16.12,1
6976,DECODE,372,0,372,2208.99,16.20,1
6977,DECODE,372,0,372,2209.99,16.11,1
6978,DECODE,371,0,371,2211.67,16.36,1
6979,DECODE,371,0,371,2212.67,16.18,1
6980,DECODE,371,0,371,2213.67,17.14,1
6981,DECODE,370,0,370,2214.60,17.39,1
6982,DECODE,370,0,370,2215.60,17.37,1
6983,DECODE,370,0,370,2216.60,17.07,1
6984,DECODE,370,0,370,2217.60,17.18,1
6985,DECODE,370,0,370,2218.60,17.26,1
6986,DECODE,370,0,370,2219.60,17.35,1
6987,DECODE,370,0,370,2220.60,17.31,1
6988,DECODE,370,0,370,2221.60,17.30,1
6989,DECODE,370,0,370,2222.60,17.24,1
6990,DECODE,369,0,369,2224.33,18.04,1
6991,DECODE,369,0,369,2225.33,17.39,1
6992,DECODE,369,0,369,2226.33,17.18,1
6993,DECODE,369,0,369,2227.33,17.18,1
6994,DECODE,369,0,369,2228.33,17.30,1
6995,DECODE,368,0,368,2230.02,17.61,1
6996,DECODE,368,0,368,2231.02,17.69,1
6997,DECODE,368,0,368,2232.02,17.32,1
6998,DECODE,368,0,368,2233.02,17.35,1
6999,DECODE,368,0,368,2234.02,17.94,1
7000,DECODE,367,0,367,2235.76,18.39,1
7001,DECODE,367,0,367,2236.76,17.57,1
7002,DECODE,367,0,367,2237.76,17.55,1
7003,DECODE,367,0,367,2238.76,17.37,1
7004,DECODE,367,0,367,2239.76,17.35,1
7005,DECODE,366,0,366,2241.48,17.66,1
7006,DECODE,366,0,366,2242.48,17.63,1
7007,DECODE,366,0,366,2243.48,17.34,1
7008,DECODE,366,0,366,2244.48,17.39,1
7009,DECODE,365,0,365,2246.20,17.80,1
7010,DECODE,365,0,365,2247.20,17.81,1
7011,DECODE,364,0,364,2247.34,17.86,1
7012,DECODE,364,0,364,2248.34,17.73,1
7013,DECODE,364,0,364,2249.34,17.41,1
7014,DECODE,363,0,363,2249.48,17.66,1
7015,DECODE,361,0,361,2251.01,18.02,1
7016,DECODE,360,0,360,2252.76,18.02,1
7017,DECODE,360,0,360,2253.76,17.55,1
7018,DECODE,359,0,359,2253.90,17.56,1
7019,DECODE,359,0,359,2254.90,17.70,1
7020,DECODE,358,0,358,2255.72,17.73,1
7021,DECODE,358,0,358,2256.72,18.60,1
7022,DECODE,358,0,358,2257.72,18.03,1
7023,DECODE,358,0,358,2258.72,17.85,1
7024,DECODE,358,0,358,2259.72,18.00,1
7025,DECODE,358,0,358,2260.72,17.96,1
7026,DECODE,358,0,358,2261.72,17.89,1
7027,DECODE,358,0,358,2262.72,16.43,1
7028,DECODE,358,0,358,2263.72,17.54,1
7029,DECODE,358,0,358,2264.72,16.24,1
7030,DECODE,358,0,358,2265.72,16.15,1
7031,DECODE,358,0,358,2266.72,16.31,1
7032,DECODE,358,0,358,2267.72,16.27,1
7033,DECODE,358,0,358,2268.72,16.17,1
7034,DECODE,358,0,358,2269.72,16.23,1
7035,DECODE,357,0,357,2270.78,16.17,1
7036,DECODE,357,0,357,2271.78,16.24,1
7037,DECODE,357,0,357,2272.78,16.28,1
7038,DECODE,357,0,357,2273.78,16.26,1
7039,DECODE,357,0,357,2274.78,16.25,1
7040,DECODE,357,0,357,2275.78,16.91,1
7041,DECODE,357,0,357,2276.78,17.32,1
7042,DECODE,357,0,357,2277.78,17.32,1
7043,DECODE,356,0,356,2279.52,17.67,1
7044,DECODE,356,0,356,2280.52,17.82,1
7045,DECODE,356,0,356,2281.52,17.10,1
7046,DECODE,356,0,356,2282.52,17.21,1
7047,DECODE,356,0,356,2283.52,17.28,1
7048,DECODE,356,0,356,2284.52,17.20,1
7049,DECODE,356,0,356,2285.52,17.13,1
7050,DECODE,356,0,356,2286.52,17.19,1
7051,DECODE,356,0,356,2287.52,17.15,1
7052,DECODE,356,0,356,2288.52,17.19,1
7053,DECODE,356,0,356,2289.52,17.21,1
7054,DECODE,356,0,356,2290.52,17.25,1
7055,DECODE,355,0,355,2292.30,17.56,1
7056,DECODE,355,0,355,2293.30,18.74,1
7057,DECODE,355,0,355,2294.30,17.27,1
7058,DECODE,355,0,355,2295.30,17.23,1
7059,DECODE,355,0,355,2296.30,18.84,1
7060,DECODE,355,0,355,2297.30,17.31,1
7061,DECODE,355,0,355,2298.30,17.24,1
7062,DECODE,355,0,355,2299.30,17.85,1
7063,DECODE,354,0,354,2299.56,16.97,1
7064,DECODE,353,0,353,2300.04,16.36,1
7065,DECODE,353,0,353,2301.04,16.41,1
7066,DECODE,352,0,352,2301.30,17.53,1
7067,DECODE,352,0,352,2302.30,17.30,1
7068,DECODE,352,0,352,2303.30,17.18,1
7069,DECODE,352,0,352,2304.30,17.04,1
7070,DECODE,350,0,350,2304.45,17.39,1
7071,DECODE,349,0,349,2305.97,17.86,1
7072,DECODE,349,0,349,2306.97,17.36,1
7073,DECODE,349,0,349,2307.97,17.24,1
7074,DECODE,348,0,348,2308.24,17.54,1
7075,DECODE,348,0,348,2309.24,17.58,1
7076,DECODE,348,0,348,2310.24,17.21,1
7077,DECODE,348,0,348,2311.24,17.23,1
7078,DECODE,347,0,347,2311.52,17.62,1
7079,DECODE,344,0,344,2311.21,18.01,1
7080,DECODE,344,0,344,2312.21,17.64,1
7081,DECODE,343,0,343,2312.49,17.64,1
7082,DECODE,343,0,343,2313.49,17.59,1
7083,DECODE,342,0,342,2313.77,17.65,1
7084,DECODE,342,0,342,2314.77,17.26,1
7085,DECODE,342,0,342,2315.77,17.37,1
7086,DECODE,341,0,341,2316.05,17.79,1
7087,DECODE,341,0,341,2317.05,17.68,1
7088,DECODE,341,0,341,2318.05,17.33,1
7089,DECODE,341,0,341,2319.05,17.39,1
7090,DECODE,341,0,341,2320.05,17.28,1
7091,DECODE,341,0,341,2321.05,17.50,1
7092,DECODE,341,0,341,2322.05,17.45,1
7093,DECODE,340,0,340,2322.35,17.80,1
7094,DECODE,340,0,340,2323.35,17.82,1
7095,DECODE,340,0,340,2324.35,17.50,1
7096,DECODE,339,0,339,2325.81,17.81,1
7097,DECODE,338,0,338,2326.42,18.18,1
7098,DECODE,337,0,337,2326.73,17.99,1
7099,DECODE,337,0,337,2327.73,17.98,1
7100,DECODE,337,0,337,2328.73,17.30,1
7101,DECODE,336,0,336,2329.04,17.44,1
7102,DECODE,336,0,336,2330.04,17.57,1
7103,DECODE,335,0,335,2330.36,17.53,1
7104,DECODE,335,0,335,2331.36,17.48,1
7105,DECODE,334,0,334,2331.67,17.49,1
7106,DECODE,334,0,334,2332.67,17.47,1
7107,DECODE,334,0,334,2333.67,17.25,1
7108,DECODE,334,0,334,2334.67,17.20,1
7109,DECODE,334,0,334,2335.67,17.28,1
7110,DECODE,333,0,333,2336.00,17.50,1
7111,DECODE,332,0,332,2336.32,17.74,1
7112,DECODE,331,0,331,2336.65,17.74,1
7113,DECODE,330,0,330,2336.97,16.81,1
7114,DECODE,330,0,330,2337.97,16.92,1
7115,DECODE,330,0,330,2338.97,16.41,1
7116,DECODE,329,0,329,2339.30,16.53,1
7117,DECODE,329,0,329,2340.30,16.57,1
7118,DECODE,328,0,328,2340.63,16.61,1
7119,DECODE,327,0,327,2340.96,16.67,1
7120,DECODE,327,0,327,2341.96,16.33,1
7121,DECODE,327,0,327,2342.96,16.26,1
7122,DECODE,325,0,325,2342.62,16.44,1
7123,EXTEND,2,101,0,55.50,51.16,1
7124,DECODE,326,0,326,2328.93,15.18,1
7125,EXTEND,2,111,0,59.50,27.84,1
7126,DECODE,327,0,327,2315.34,14.96,1
7127,EXTEND,1,55,0,60.00,21.82,1
7128,DECODE,328,0,328,2309.47,14.79,1
7129,DECODE,328,0,328,2310.47,14.97,1
7130,DECODE,327,0,327,2310.70,15.87,1
7131,EXTEND,2,154,0,81.50,24.10,1
7132,DECODE,329,0,329,2298.15,14.97,1
7133,DECODE,329,0,329,2299.15,15.23,1
7134,DECODE,328,0,328,2299.36,15.31,1
7135,EXTEND,1,82,0,85.00,26.32,1
7136,DECODE,329,0,329,2293.63,14.91,1
7137,DECODE,329,0,329,2294.63,14.98,1
7138,DECODE,329,0,329,2295.63,14.88,1
7139,DECODE,329,0,329,2296.63,16.06,1
7140,DECODE,328,0,328,2296.82,15.47,1
7141,EXTEND,1,83,0,87.00,43.60,1
7142,DECODE,329,0,329,2291.11,15.03,1
7143,DECODE,329,0,329,2292.11,15.03,1
7144,DECODE,328,0,328,2292.29,15.11,1
7145,EXTEND,2,184,0,99.50,19.53,1
7146,DECODE,330,0,330,2280.00,14.88,1
7147,DECODE,330,0,330,2281.00,14.78,1
7148,DECODE,329,0,329,2281.15,14.93,1
7149,EXTEND,2,123,0,65.50,30.53,1
7150,DECODE,328,0,328,2266.32,14.61,1
7151,EXTEND,3,158,0,59.00,23.08,1
7152,DECODE,330,0,330,2246.37,14.58,1
7153,EXTEND,1,69,0,72.00,25.06,1
7154,DECODE,330,0,330,2239.83,14.70,1
7155,EXTEND,2,139,0,85.00,23.54,1
7156,DECODE,332,0,332,2227.85,14.65,1
7157,DECODE,332,0,332,2228.85,14.82,1
7158,DECODE,331,0,331,2228.85,14.91,1
7159,EXTEND,1,54,0,60.00,20.30,1
7160,DECODE,332,0,332,2223.32,14.76,1
7161,DECODE,332,0,332,2224.32,14.59,1
7162,DECODE,332,0,332,2225.32,14.81,1
7163,DECODE,331,0,331,2225.31,14.76,1
7164,EXTEND,2,361,0,185.50,34.17,1
7165,DECODE,333,0,333,2214.05,14.82,1
7166,DECODE,333,0,333,2215.05,14.73,1
7167,DECODE,333,0,333,2216.05,15.18,1
7168,DECODE,332,0,332,2216.02,14.82,1
7169,EXTEND,1,301,0,306.00,36.24,1
7170,DECODE,330,0,330,2208.11,14.59,1
7171,EXTEND,3,186,0,66.67,23.08,1
7172,DECODE,332,0,332,2189.05,14.67,1
7173,EXTEND,2,237,0,125.00,23.70,1
7174,DECODE,332,0,332,2175.39,14.68,1
7175,EXTEND,3,211,0,75.33,23.23,1
7176,DECODE,335,0,335,2157.58,14.47,1
7177,DECODE,335,0,335,2158.58,14.64,1
7178,DECODE,334,0,334,2158.38,14.63,1
7179,EXTEND,3,566,0,193.67,16.69,1
7180,DECODE,335,0,335,2139.39,14.41,1
7181,EXTEND,1,61,0,68.00,20.99,1
7182,DECODE,336,0,336,2134.23,14.40,1
7183,DECODE,336,0,336,2135.23,14.66,1
7184,DECODE,335,0,335,2134.96,14.47,1
7185,EXTEND,3,199,0,70.00,16.86,1
7186,DECODE,337,0,337,2116.57,14.54,1
7187,EXTEND,1,67,0,74.00,26.01,1
7188,DECODE,336,0,336,2109.82,14.38,1
7189,EXTEND,2,224,0,119.50,16.09,1
7190,DECODE,338,0,338,2099.04,14.67,1
7191,DECODE,338,0,338,2100.04,14.74,1
7192,DECODE,338,0,338,2101.04,14.77,1
7193,DECODE,337,0,337,2101.85,15.09,1
7194,EXTEND,2,120,0,65.00,17.06,1
7195,DECODE,339,0,339,2090.83,14.63,1
7196,DECODE,339,0,339,2091.83,15.35,1
7197,DECODE,338,0,338,2091.44,14.67,1
7198,EXTEND,1,69,0,75.00,17.11,1
7199,DECODE,338,0,338,2085.09,14.57,1
7200,EXTEND,1,68,0,73.00,25.01,1
7201,DECODE,338,0,338,2078.74,14.54,1
7202,EXTEND,2,143,0,76.50,24.83,1
7203,DECODE,339,0,339,2066.51,14.74,1
7204,EXTEND,1,78,0,84.00,15.97,1
7205,DECODE,340,0,340,2061.68,14.71,1
7206,DECODE,340,0,340,2062.68,14.83,1
7207,DECODE,340,0,340,2063.68,15.50,1
7208,DECODE,340,0,340,2064.68,14.88,1
7209,DECODE,339,0,339,2064.22,15.52,1
7210,EXTEND,2,146,0,80.50,37.13,1
7211,DECODE,340,0,340,2052.09,14.77,1
7212,EXTEND,1,37,0,52.00,22.56,1
7213,DECODE,341,0,341,2047.23,14.61,1
7214,DECODE,341,0,341,2048.23,14.78,1
7215,DECODE,341,0,341,2049.23,15.49,1
7216,DECODE,341,0,341,2050.23,15.60,1
7217,DECODE,341,0,341,2051.23,15.13,1
7218,DECODE,339,0,339,2049.23,15.75,1
7219,EXTEND,3,423,0,148.00,40.62,1
7220,DECODE,341,0,341,2032.01,14.81,1
7221,EXTEND,2,165,0,86.50,22.17,1
7222,DECODE,342,0,342,2020.09,14.60,1
7223,EXTEND,1,71,0,77.00,28.65,1
7224,DECODE,342,0,342,2013.83,14.79,1
7225,EXTEND,2,150,0,81.50,24.49,1
7226,DECODE,342,0,342,2000.34,14.77,1
7227,EXTEND,2,151,0,80.00,24.02,1
7228,DECODE,343,0,343,1988.52,14.54,1
7229,EXTEND,2,106,0,57.00,28.14,1
7230,DECODE,344,0,344,1976.63,15.41,1
7231,EXTEND,2,121,0,65.00,28.18,1
7232,DECODE,345,0,345,1964.86,14.88,1
7233,EXTEND,1,258,0,262.00,26.40,1
7234,DECODE,346,0,346,1960.94,14.72,1
7235,DECODE,346,0,346,1961.94,14.71,1
7236,DECODE,345,0,345,1961.20,14.94,1
7237,EXTEND,2,102,0,56.00,29.71,1
7238,DECODE,347,0,347,1951.22,14.57,1
7239,DECODE,347,0,347,1952.22,14.61,1
7240,DECODE,346,0,346,1952.28,15.46,1
7241,EXTEND,3,238,0,84.00,24.70,1
7242,DECODE,347,0,347,1933.63,14.55,1
7243,EXTEND,2,96,0,55.00,16.32,1
7244,DECODE,348,0,348,1922.24,14.50,1
7245,EXTEND,1,40,0,46.00,16.21,1
7246,DECODE,349,0,349,1917.86,14.49,1
7247,DECODE,349,0,349,1918.86,14.78,1
7248,DECODE,349,0,349,1919.86,14.68,1
7249,DECODE,348,0,348,1919.02,14.86,1
7250,EXTEND,3,238,0,83.67,18.23,1
7251,DECODE,349,0,349,1900.58,14.65,1
7252,EXTEND,2,335,0,172.50,23.25,1
7253,DECODE,347,0,347,1884.03,14.48,1
7254,EXTEND,4,358,0,97.00,21.83,1
7255,DECODE,351,0,351,1864.66,14.49,1
7256,DECODE,351,0,351,1865.66,14.60,1
7257,DECODE,349,0,349,1862.68,14.65,1
7258,EXTEND,5,276,0,59.60,40.95,1
7259,DECODE,353,0,353,1836.17,14.60,1
7260,EXTEND,2,123,0,66.50,16.17,1
7261,DECODE,354,0,354,1825.13,13.78,1
7262,EXTEND,1,54,0,59.00,16.71,1
7263,DECODE,354,0,354,1819.06,13.82,1
7264,EXTEND,2,114,0,62.50,15.83,1
7265,DECODE,355,0,355,1808.08,13.80,1
7266,EXTEND,1,52,0,58.00,19.95,1
7267,DECODE,355,0,355,1802.04,13.80,1
7268,EXTEND,2,132,0,72.00,23.16,1
7269,DECODE,356,0,356,1791.19,13.75,1
7270,EXTEND,1,48,0,54.00,15.66,1
7271,DECODE,355,0,355,1782.97,13.68,1
7272,EXTEND,3,119,0,44.67,25.81,1
7273,DECODE,358,0,358,1769.41,13.66,1
7274,DECODE,358,0,358,1770.41,13.78,1
7275,DECODE,357,0,357,1769.20,13.88,1
7276,EXTEND,5,276,0,62.80,16.03,1
7277,DECODE,359,0,359,1739.82,13.55,1
7278,EXTEND,2,532,0,273.00,16.20,1
7279,DECODE,360,0,360,1730.40,13.47,1
7280,EXTEND,2,99,0,56.50,15.65,1
7281,DECODE,362,0,362,1722.15,13.50,1
7282,DECODE,362,0,362,1723.15,13.58,1
7283,DECODE,361,0,361,1721.83,13.67,1
7284,EXTEND,2,90,0,51.50,28.05,1
7285,DECODE,361,0,361,1708.94,13.42,1
7286,EXTEND,2,220,0,114.50,23.59,1
7287,DECODE,362,0,362,1698.78,13.38,1
7288,EXTEND,2,148,0,79.00,23.12,1
7289,DECODE,364,0,364,1690.88,13.44,1
7290,DECODE,364,0,364,1691.88,13.48,1
7291,DECODE,361,0,361,1685.66,13.43,1
7292,EXTEND,5,293,0,66.00,23.81,1
7293,DECODE,361,0,361,1652.13,13.15,1
7294,EXTEND,6,630,0,109.33,16.05,1
7295,DECODE,365,0,365,1622.80,13.08,1
7296,EXTEND,4,283,0,77.25,24.04,1
7297,DECODE,367,0,367,1601.86,13.03,1
7298,EXTEND,3,249,0,87.67,25.03,1
7299,DECODE,369,0,369,1587.95,13.01,1
7300,EXTEND,2,96,0,54.00,15.80,1
7301,DECODE,371,0,371,1580.68,13.03,1
7302,DECODE,371,0,371,1581.68,13.10,1
7303,DECODE,371,0,371,1582.68,13.53,1
7304,DECODE,371,0,371,1583.68,13.59,1
7305,DECODE,369,0,369,1579.39,13.47,1
7306,EXTEND,4,321,0,86.00,23.38,1
7307,DECODE,372,0,372,1561.70,12.97,1
7308,EXTEND,2,164,0,87.00,21.79,1
7309,DECODE,373,0,373,1552.12,13.02,1
7310,EXTEND,2,118,0,63.50,25.75,1
7311,DECODE,374,0,374,1542.47,12.97,1
7312,EXTEND,2,145,0,76.50,22.47,1
7313,DECODE,374,0,374,1530.19,13.02,1
7314,EXTEND,3,167,0,60.33,21.48,1
7315,DECODE,376,0,376,1516.73,13.05,1
7316,EXTEND,2,138,0,73.50,23.15,1
7317,DECODE,377,0,377,1507.31,12.93,1
7318,EXTEND,2,95,0,54.50,26.03,1
7319,DECODE,376,0,376,1492.19,12.84,1
7320,EXTEND,3,377,0,130.33,15.83,1
7321,DECODE,378,0,378,1479.56,12.81,1
7322,EXTEND,3,216,0,78.67,15.57,1
7323,DECODE,380,0,380,1466.66,12.84,1
7324,EXTEND,2,215,0,112.00,23.11,1
7325,DECODE,381,0,381,1458.38,12.77,1
7326,EXTEND,2,211,0,115.00,15.70,1
7327,DECODE,383,0,383,1452.36,12.76,1
7328,DECODE,383,0,383,1453.36,12.83,1
7329,DECODE,383,0,383,1454.36,12.93,1
7330,DECODE,382,0,382,1452.47,13.71,1
7331,EXTEND,3,415,0,143.67,23.33,1
7332,DECODE,384,0,384,1440.36,12.73,1
7333,EXTEND,1,64,0,71.00,15.87,1
7334,DECODE,385,0,385,1437.80,12.92,1
7335,DECODE,385,0,385,1438.80,12.92,1
7336,DECODE,384,0,384,1436.88,12.78,1
7337,EXTEND,3,333,0,118.00,25.00,1
7338,DECODE,385,0,385,1421.77,12.97,1
7339,EXTEND,2,124,0,66.50,28.63,1
7340,DECODE,386,0,386,1412.80,12.92,1
7341,EXTEND,2,83,0,46.00,16.74,1
7342,DECODE,385,0,385,1397.77,12.86,1
7343,EXTEND,4,454,0,119.25,21.60,1
7344,DECODE,387,0,387,1379.56,12.86,1
7345,EXTEND,3,314,0,108.67,23.23,1
7346,DECODE,388,0,388,1364.72,12.85,1
7347,EXTEND,3,123,0,48.00,16.25,1
7348,DECODE,390,0,390,1352.53,12.82,1
7349,EXTEND,3,196,0,74.33,22.90,1
7350,DECODE,392,0,392,1340.67,12.96,1
7351,EXTEND,2,112,0,62.00,15.74,1
7352,DECODE,394,0,394,1335.18,12.84,1
7353,DECODE,394,0,394,1336.18,12.94,1
7354,DECODE,394,0,394,1337.18,13.09,1
7355,DECODE,394,0,394,1338.18,13.00,1
7356,DECODE,394,0,394,1339.18,14.00,1
7357,DECODE,394,0,394,1340.18,12.97,1
7358,DECODE,394,0,394,1341.18,13.00,1
7359,DECODE,394,0,394,1342.18,12.95,1
7360,DECODE,392,0,392,1336.97,14.33,1
7361,EXTEND,5,498,0,106.80,37.13,1
7362,DECODE,396,0,396,1319.35,13.10,1
7363,EXTEND,2,173,0,90.00,26.62,1
7364,DECODE,398,0,398,1314.17,12.95,1
7365,DECODE,398,0,398,1315.17,12.89,1
7366,DECODE,398,0,398,1316.17,12.97,1
7367,DECODE,397,0,397,1314.04,13.37,1
7368,EXTEND,3,176,0,65.00,16.30,1
7369,DECODE,396,0,396,1292.99,12.45,1
7370,EXTEND,5,304,0,66.60,15.75,1
7371,DECODE,401,0,401,1278.70,12.86,1
7372,DECODE,401,0,401,1279.70,12.97,1
7373,DECODE,401,0,401,1280.70,13.02,1
7374,DECODE,399,0,399,1275.97,12.46,1
7375,EXTEND,4,209,0,59.50,23.62,1
7376,DECODE,402,0,402,1261.67,12.83,1
7377,EXTEND,3,192,0,70.33,16.13,1
7378,DECODE,405,0,405,1253.85,12.95,1
7379,DECODE,405,0,405,1254.85,12.82,1
7380,DECODE,404,0,404,1252.62,13.15,1
7381,EXTEND,3,173,0,63.33,15.88,1
7382,DECODE,406,0,406,1241.61,12.76,1
7383,EXTEND,2,113,0,62.50,26.46,1
7384,DECODE,408,0,408,1236.83,12.77,1
7385,DECODE,408,0,408,1237.83,12.79,1
7386,DECODE,408,0,408,1238.83,12.87,1
7387,DECODE,407,0,407,1236.58,12.88,1
7388,EXTEND,3,169,0,61.67,24.02,1
7389,DECODE,408,0,408,1222.46,12.86,1
7390,EXTEND,3,183,0,67.00,22.88,1
7391,DECODE,408,0,408,1205.13,12.65,1
7392,EXTEND,4,205,0,57.25,22.82,1
7393,DECODE,410,0,410,1188.33,12.53,1
7394,EXTEND,4,240,0,66.25,15.81,1
7395,DECODE,411,0,411,1168.41,12.40,1
7396,EXTEND,4,863,0,221.25,21.56,1
7397,DECODE,413,0,413,1153.50,12.41,1
7398,EXTEND,4,1194,0,305.25,23.01,1
7399,DECODE,417,0,417,1146.36,12.24,1
7400,DECODE,417,0,417,1147.36,12.40,1
7401,DECODE,417,0,417,1148.36,12.45,1
7402,DECODE,416,0,416,1145.97,12.94,1
7403,EXTEND,6,1789,0,303.33,24.39,1
7404,DECODE,417,0,417,1117.95,12.11,1
7405,EXTEND,5,1527,0,309.60,20.82,1
7406,DECODE,420,0,420,1102.46,12.04,1
7407,EXTEND,4,1033,0,264.50,24.61,1
7408,DECODE,422,0,422,1088.62,11.95,1
7409,EXTEND,3,943,0,320.00,21.18,1
7410,DECODE,422,0,422,1073.70,11.97,1
7411,EXTEND,5,1469,0,302.00,21.35,1
7412,DECODE,426,0,426,1062.15,11.95,1
7413,EXTEND,3,1404,0,473.00,22.90,1
7414,DECODE,427,0,427,1052.00,11.99,1
7415,EXTEND,3,1001,0,341.67,18.76,1
7416,DECODE,428,0,428,1040.98,11.88,1
7417,EXTEND,3,981,0,332.67,20.16,1
7418,DECODE,431,0,431,1037.05,11.87,1
7419,DECODE,431,0,431,1038.05,11.99,1
7420,DECODE,431,0,431,1039.05,12.03,1
7421,DECODE,431,0,431,1040.05,11.98,1
7422,DECODE,430,0,430,1037.52,12.00,1
7423,EXTEND,3,953,0,322.33,21.17,1
7424,DECODE,431,0,431,1026.48,11.83,1
7425,EXTEND,4,1533,0,389.00,20.65,1
7426,DECODE,433,0,433,1014.97,12.05,1
7427,EXTEND,3,1019,0,345.00,18.62,1
7428,DECODE,434,0,434,1004.22,12.08,1
7429,EXTEND,4,1317,0,335.25,20.27,1
7430,DECODE,436,0,436,991.95,12.06,1
7431,EXTEND,4,1296,0,328.75,20.08,1
7432,DECODE,440,0,440,986.92,11.99,1
7433,DECODE,440,0,440,987.92,12.07,1
7434,DECODE,439,0,439,985.34,12.18,1
7435,EXTEND,5,1591,0,324.00,21.84,1
7436,DECODE,441,0,441,968.13,12.07,1
7437,EXTEND,3,1077,0,363.33,21.53,1
7438,DECODE,443,0,443,961.45,11.86,1
7439,EXTEND,2,434,0,222.00,20.96,1
7440,DECODE,442,0,442,948.26,12.19,1
7441,EXTEND,4,1360,0,348.50,21.39,1
7442,DECODE,441,0,441,925.56,11.87,1
7443,EXTEND,7,2314,0,337.14,22.41,1
7444,DECODE,445,0,445,906.29,11.67,1
7445,EXTEND,6,1865,0,317.83,20.51,1
7446,DECODE,447,0,447,884.60,11.63,1
7447,EXTEND,6,1715,0,292.33,24.03,1
7448,DECODE,451,0,451,870.29,11.75,1
7449,EXTEND,5,1937,0,391.80,24.06,1
7450,DECODE,456,0,456,866.05,11.99,1
7451,DECODE,456,0,456,867.05,11.73,1
7452,DECODE,455,0,455,864.33,11.85,1
7453,EXTEND,6,2237,0,381.33,24.32,1
7454,DECODE,456,0,456,840.38,11.56,1
7455,EXTEND,5,1361,0,279.60,21.75,1
7456,DECODE,457,0,457,820.21,11.32,1
7457,EXTEND,6,2668,0,450.33,24.40,1
7458,DECODE,463,0,463,816.41,11.52,1
7459,DECODE,463,0,463,817.41,11.47,1
7460,DECODE,462,0,462,814.64,11.52,1
7461,EXTEND,6,720,0,125.00,17.43,1
7462,DECODE,464,0,464,791.68,11.24,1
7463,EXTEND,6,641,0,114.17,15.99,1
7464,DECODE,469,0,469,780.25,11.57,1
7465,EXTEND,4,431,0,111.25,21.51,1
7466,DECODE,469,0,469,760.37,11.20,1
7467,EXTEND,5,1988,0,404.60,25.43,1
7468,DECODE,462,0,462,710.80,10.97,1
7469,EXTEND,13,5182,0,404.23,31.99,1
7470,DECODE,468,0,468,675.64,11.50,1
7471,EXTEND,12,6398,0,538.92,37.77,1
7472,DECODE,478,0,478,665.33,11.12,1
7473,EXTEND,9,2011,0,229.22,21.64,1
7474,DECODE,487,0,487,658.27,11.11,1
7475,DECODE,487,0,487,659.27,11.16,1
7476,DECODE,487,0,487,660.27,11.16,1
7477,DECODE,486,0,486,657.36,11.51,1
7478,EXTEND,5,2570,0,520.60,22.96,1
7479,DECODE,491,0,491,656.97,11.13,1
7480,DECODE,491,0,491,657.97,11.10,1
7481,DECODE,491,0,491,658.97,11.30,1
7482,DECODE,491,0,491,659.97,11.51,1
7483,DECODE,491,0,491,660.97,11.14,1
7484,DECODE,491,0,491,661.97,11.23,1
7485,DECODE,491,0,491,662.97,11.34,1
7486,DECODE,491,0,491,663.97,11.69,1
7487,DECODE,491,0,491,664.97,12.28,1
7488,DECODE,491,0,491,665.97,12.29,1
7489,DECODE,491,0,491,666.97,12.29,1
7490,DECODE,491,0,491,667.97,12.24,1
7491,DECODE,491,0,491,668.97,11.39,1
7492,DECODE,491,0,491,669.97,11.27,1
7493,DECODE,491,0,491,670.97,11.03,1
7494,DECODE,491,0,491,671.97,11.26,1
7495,DECODE,491,0,491,672.97,11.31,1
7496,DECODE,491,0,491,673.97,11.22,1
7497,DECODE,491,0,491,674.97,12.42,1
7498,DECODE,490,0,490,672.12,13.12,1
7499,EXTEND,8,4774,0,602.00,43.84,1
7500,DECODE,498,0,498,672.00,11.76,1
7501,DECODE,498,0,498,673.00,11.78,1
7502,DECODE,498,0,498,674.00,11.58,1
7503,DECODE,497,0,497,671.54,11.59,1
7504,EXTEND,6,2543,0,428.67,22.98,1
7505,DECODE,503,0,503,669.64,12.52,1
7506,DECODE,503,0,503,670.64,11.60,1
7507,DECODE,503,0,503,671.64,11.60,1
7508,DECODE,503,0,503,672.64,11.85,1
7509,DECODE,503,0,503,673.64,11.65,1
7510,DECODE,503,0,503,674.64,11.67,1
7511,DECODE,503,0,503,675.64,11.86,1
7512,DECODE,503,0,503,676.64,12.43,1
7513,DECODE,503,0,503,677.64,12.50,1
7514,DECODE,503,0,503,678.64,12.52,1
7515,DECODE,503,0,503,679.64,12.34,1
7516,DECODE,503,0,503,680.64,12.34,1
7517,DECODE,503,0,503,681.64,12.38,1
7518,DECODE,503,0,503,682.64,12.46,1
7519,DECODE,503,0,503,683.64,12.63,1
7520,DECODE,503,0,503,684.64,13.00,1
7521,DECODE,503,0,503,685.64,12.84,1
7522,DECODE,503,0,503,686.64,12.73,1
7523,DECODE,503,0,503,687.64,12.83,1
7524,DECODE,503,0,503,688.64,12.78,1
7525,DECODE,503,0,503,689.64,12.87,1
7526,DECODE,503,0,503,690.64,12.81,1
7527,DECODE,502,0,502,687.92,13.11,1
7528,EXTEND,9,4801,0,540.33,41.67,1
7529,DECODE,511,0,511,686.32,12.50,1
7530,DECODE,511,0,511,687.32,11.77,1
7531,DECODE,511,0,511,688.32,13.09,1
7532,DECODE,511,0,511,689.32,11.75,1
7533,DECODE,511,0,511,690.32,11.76,1
7534,DECODE,511,0,511,691.32,11.87,1
7535,DECODE,509,0,509,685.17,11.77,1
7536,EXTEND,8,3336,0,422.88,23.84,1
7537,DECODE,517,0,517,682.11,16.63,1
7538,DECODE,517,0,517,683.11,16.66,1
7539,DECODE,516,0,516,680.48,16.57,1
7540,EXTEND,5,3018,0,612.00,23.28,1
7541,DECODE,521,0,521,680.82,16.40,1
7542,DECODE,521,0,521,681.82,16.44,1
7543,DECODE,521,0,521,682.82,16.47,1
7544,DECODE,521,0,521,683.82,16.84,1
7545,DECODE,521,0,521,684.82,17.39,1
7546,DECODE,521,0,521,685.82,16.82,1
7547,DECODE,521,0,521,686.82,16.74,1
7548,DECODE,521,0,521,687.82,16.65,1
7549,DECODE,521,0,521,688.82,16.81,1
7550,DECODE,521,0,521,689.82,16.95,1
7551,DECODE,521,0,521,690.82,16.75,1
7552,DECODE,521,0,521,691.82,17.13,1
7553,DECODE,521,0,521,692.82,16.68,1
7554,DECODE,521,0,521,693.82,16.80,1
7555,DECODE,521,0,521,694.82,17.52,1
7556,DECODE,521,0,521,695.82,16.97,1
7557,DECODE,521,0,521,696.82,16.82,1
7558,DECODE,521,0,521,697.82,16.73,1
7559,DECODE,521,0,521,698.82,18.11,1
7560,DECODE,521,0,521,699.82,17.49,1
7561,DECODE,520,0,520,697.24,17.12,1
7562,EXTEND,9,4239,0,478.22,31.12,1
7563,DECODE,528,0,528,690.98,16.97,1
7564,EXTEND,5,2416,0,488.60,24.09,1
7565,DECODE,533,0,533,690.08,16.77,1
7566,DECODE,533,0,533,691.08,16.98,1
7567,DECODE,533,0,533,692.08,16.98,1
7568,DECODE,532,0,532,689.57,16.50,1
7569,EXTEND,5,2706,0,548.20,22.34,1
7570,DECODE,537,0,537,689.26,17.13,1
7571,DECODE,537,0,537,690.26,16.87,1
7572,DECODE,537,0,537,691.26,17.06,1
7573,DECODE,537,0,537,692.26,16.97,1
7574,DECODE,537,0,537,693.26,21.56,1
7575,DECODE,537,0,537,694.26,17.02,1
7576,DECODE,537,0,537,695.26,16.74,1
7577,DECODE,537,0,537,696.26,16.80,1
7578,DECODE,537,0,537,697.26,16.63,1
7579,DECODE,537,0,537,698.26,16.69,1
7580,DECODE,537,0,537,699.26,16.68,1
7581,DECODE,537,0,537,700.26,17.17,1
7582,DECODE,537,0,537,701.26,16.81,1
7583,DECODE,537,0,537,702.26,16.92,1
7584,DECODE,537,0,537,703.26,16.85,1
7585,DECODE,537,0,537,704.26,16.92,1
7586,DECODE,537,0,537,705.26,16.71,1
7587,DECODE,537,0,537,706.26,16.85,1
7588,DECODE,537,0,537,707.26,16.87,1
7589,DECODE,536,0,536,705.06,16.62,1
7590,EXTEND,7,5177,0,746.71,31.62,1
7591,DECODE,543,0,543,706.59,18.78,1
7592,DECODE,543,0,543,707.59,17.27,1
7593,DECODE,543,0,543,708.59,16.77,1
7594,DECODE,543,0,543,709.59,16.81,1
7595,DECODE,543,0,543,710.59,17.03,1
7596,DECODE,543,0,543,711.59,17.30,1
7597,DECODE,543,0,543,712.59,16.94,1
7598,DECODE,543,0,543,713.59,17.06,1
7599,DECODE,543,0,543,714.59,17.22,1
7600,DECODE,543,0,543,715.59,17.27,1
7601,DECODE,543,0,543,716.59,17.50,1
7602,DECODE,543,0,543,717.59,17.48,1
7603,DECODE,543,0,543,718.59,17.10,1
7604,DECODE,543,0,543,719.59,16.86,1
7605,DECODE,543,0,543,720.59,17.22,1
7606,DECODE,542,0,542,718.20,16.51,1
7607,EXTEND,10,4926,0,497.40,30.48,1
7608,DECODE,550,0,550,708.49,17.60,1
7609,EXTEND,6,4541,0,762.67,27.71,1
7610,DECODE,555,0,555,706.74,18.39,1
7611,EXTEND,5,2443,0,494.00,24.04,1
7612,DECODE,559,0,559,702.53,17.24,1
7613,EXTEND,4,1147,0,294.25,20.97,1
7614,DECODE,562,0,562,697.32,17.32,1
7615,EXTEND,3,1199,0,409.67,21.91,1
7616,DECODE,565,0,565,696.79,17.40,1
7617,DECODE,565,0,565,697.79,17.55,1
7618,DECODE,565,0,565,698.79,17.40,1
7619,DECODE,565,0,565,699.79,17.56,1
7620,DECODE,564,0,564,697.49,17.45,1
7621,EXTEND,4,1891,0,477.75,24.52,1
7622,DECODE,567,0,567,697.02,17.42,1
7623,EXTEND,3,207,0,77.33,24.47,1
7624,DECODE,569,0,569,691.49,17.58,1
7625,EXTEND,3,1125,0,381.33,21.61,1
7626,DECODE,570,0,570,684.30,17.96,1
7627,EXTEND,3,2375,0,797.33,23.69,1
7628,DECODE,572,0,572,682.62,17.58,1
7629,EXTEND,3,2183,0,733.67,23.42,1
7630,DECODE,574,0,574,680.61,17.20,1
7631,EXTEND,3,2097,0,707.00,26.20,1
7632,DECODE,577,0,577,681.75,17.05,1
7633,DECODE,577,0,577,682.75,17.13,1
7634,DECODE,577,0,577,683.75,17.05,1
7635,DECODE,576,0,576,681.49,16.96,1
7636,EXTEND,3,3067,0,1027.00,22.23,1
7637,DECODE,578,0,578,681.04,17.44,1
7638,EXTEND,2,2019,0,1016.50,20.82,1
7639,DECODE,580,0,580,683.19,16.75,1
7640,DECODE,580,0,580,684.19,16.93,1
7641,DECODE,580,0,580,685.19,16.73,1
7642,DECODE,579,0,579,682.96,17.21,1
7643,EXTEND,3,2122,0,713.33,23.99,1
7644,DECODE,580,0,580,677.64,16.87,1
7645,EXTEND,4,2320,0,585.25,23.20,1
7646,DECODE,583,0,583,674.78,17.14,1
7647,EXTEND,3,1179,0,397.67,41.16,1
7648,DECODE,586,0,586,674.37,17.01,1
7649,DECODE,586,0,586,675.37,17.01,1
7650,DECODE,586,0,586,676.37,16.93,1
7651,DECODE,586,0,586,677.37,17.28,1
7652,DECODE,585,0,585,675.15,17.25,1
7653,EXTEND,5,2245,0,456.00,22.67,1
7654,DECODE,588,0,588,667.87,17.20,1
7655,EXTEND,3,3120,0,1044.33,21.86,1
7656,DECODE,591,0,591,670.79,16.99,1
7657,DECODE,591,0,591,671.79,17.20,1
7658,DECODE,590,0,590,669.58,17.09,1
7659,EXTEND,6,4649,0,780.33,30.07,1
7660,DECODE,589,0,589,652.45,17.00,1
7661,EXTEND,6,4398,0,737.83,27.30,1
7662,DECODE,595,0,595,654.31,17.00,1
7663,DECODE,595,0,595,655.31,17.05,1
7664,DECODE,595,0,595,656.31,16.80,1
7665,DECODE,594,0,594,654.11,16.77,1
7666,EXTEND,6,7085,0,1187.50,40.70,1
7667,DECODE,598,0,598,654.09,21.23,1
7668,EXTEND,4,5441,0,1366.00,32.94,1
7669,DECODE,602,0,602,659.82,17.10,1
7670,DECODE,602,0,602,660.82,16.97,1
7671,DECODE,602,0,602,661.82,18.42,1
7672,DECODE,602,0,602,662.82,17.00,1
7673,DECODE,601,0,601,660.66,17.18,1
7674,EXTEND,4,5169,0,1301.00,31.85,1
7675,DECODE,604,0,604,662.75,17.48,1
7676,EXTEND,2,2539,0,1274.50,22.61,1
7677,DECODE,606,0,606,665.77,17.20,1
7678,DECODE,606,0,606,666.77,17.05,1
7679,DECODE,605,0,605,664.64,16.83,1
7680,EXTEND,3,2906,0,974.00,21.66,1
7681,DECODE,607,0,607,664.05,16.97,1
7682,EXTEND,3,2782,0,935.33,22.46,1
7683,DECODE,610,0,610,666.39,17.06,1
7684,DECODE,610,0,610,667.39,16.80,1
7685,DECODE,609,0,609,665.33,16.97,1
7686,EXTEND,3,2730,0,920.00,26.18,1
7687,DECODE,611,0,611,664.48,17.25,1
7688,EXTEND,2,2678,0,1346.50,23.29,1
7689,DECODE,612,0,612,664.62,17.47,1
7690,EXTEND,2,1352,0,692.00,21.34,1
7691,DECODE,612,0,612,659.52,17.81,1
7692,EXTEND,4,1576,0,400.75,19.69,1
7693,DECODE,615,0,615,655.74,17.14,1
7694,EXTEND,3,2747,0,923.00,22.34,1
7695,DECODE,616,0,616,651.87,17.15,1
7696,EXTEND,3,4218,0,1415.67,26.61,1
7697,DECODE,619,0,619,656.57,17.16,1
7698,DECODE,619,0,619,657.57,17.03,1
7699,DECODE,619,0,619,658.57,16.98,1
7700,DECODE,619,0,619,659.57,16.96,1
7701,DECODE,619,0,619,660.57,16.95,1
7702,DECODE,619,0,619,661.57,17.69,1
7703,DECODE,618,0,618,659.50,17.37,1
7704,EXTEND,4,5760,0,1447.25,36.94,1
7705,DECODE,621,0,621,662.51,17.28,1
7706,EXTEND,3,2959,0,991.00,22.96,1
7707,DECODE,624,0,624,665.09,16.97,1
7708,DECODE,624,0,624,666.09,16.74,1
7709,DECODE,624,0,624,667.09,16.91,1
7710,DECODE,624,0,624,668.09,17.09,1
7711,DECODE,623,0,623,666.05,17.11,1
7712,EXTEND,5,5992,0,1204.60,36.26,1
7713,DECODE,626,0,626,665.31,17.67,1
7714,EXTEND,3,3104,0,1044.00,21.74,1
7715,DECODE,629,0,629,668.11,17.14,1
7716,DECODE,629,0,629,669.11,17.01,1
7717,DECODE,628,0,628,667.10,17.25,1
7718,EXTEND,4,3597,0,914.00,25.22,1
7719,DECODE,630,0,630,663.66,17.23,1
7720,EXTEND,3,1841,0,620.00,23.16,1
7721,DECODE,633,0,633,664.45,17.06,1
7722,DECODE,633,0,633,665.45,16.96,1
7723,DECODE,633,0,633,666.45,17.01,1
7724,DECODE,633,0,633,667.45,17.13,1
7725,DECODE,632,0,632,665.46,17.09,1
7726,EXTEND,4,5245,0,1316.75,32.62,1
7727,DECODE,634,0,634,664.59,17.48,1
7728,EXTEND,3,5283,0,1765.33,32.32,1
7729,DECODE,637,0,637,670.78,17.58,1
7730,DECODE,637,0,637,671.78,17.05,1
7731,DECODE,636,0,636,669.81,17.09,1
7732,EXTEND,4,6835,0,1715.00,39.27,1
7733,DECODE,636,0,636,665.49,17.48,1
7734,EXTEND,4,3950,0,992.50,25.10,1
7735,DECODE,639,0,639,665.58,17.50,1
7736,EXTEND,3,5741,0,1919.33,35.20,1
7737,DECODE,642,0,642,672.44,17.31,1
7738,DECODE,642,0,642,673.44,16.70,1
7739,DECODE,642,0,642,674.44,16.95,1
7740,DECODE,642,0,642,675.44,16.88,1
7741,DECODE,641,0,641,673.50,17.11,1
7742,EXTEND,4,4027,0,1013.25,25.62,1
7743,DECODE,644,0,644,673.68,16.89,1
7744,EXTEND,2,2064,0,1036.50,22.42,1
7745,DECODE,646,0,646,675.80,16.79,1
7746,DECODE,646,0,646,676.80,16.96,1
7747,DECODE,646,0,646,677.80,16.92,1
7748,DECODE,645,0,645,675.88,17.41,1
7749,EXTEND,5,2487,0,502.60,23.27,1
7750,DECODE,648,0,648,669.73,17.38,1
7751,EXTEND,4,165,0,48.00,15.73,1
7752,DECODE,651,0,651,664.01,17.42,1
7753,EXTEND,4,226,0,61.25,23.87,1
7754,DECODE,655,0,655,661.33,16.92,1
7755,DECODE,655,0,655,662.33,16.91,1
7756,DECODE,655,0,655,663.33,16.89,1
7757,DECODE,655,0,655,664.33,16.99,1
7758,DECODE,655,0,655,665.33,16.92,1
7759,DECODE,655,0,655,666.33,17.01,1
7760,DECODE,655,0,655,667.33,16.98,1
7761,DECODE,654,0,654,665.43,17.77,1
7762,EXTEND,7,836,0,124.43,16.05,1
7763,DECODE,659,0,659,657.14,17.96,1
7764,EXTEND,6,427,0,76.83,20.99,1
7765,DECODE,665,0,665,652.91,17.43,1
7766,DECODE,665,0,665,653.91,16.88,1
7767,DECODE,665,0,665,654.91,17.28,1
7768,DECODE,665,0,665,655.91,21.68,1
7769,DECODE,663,0,663,651.16,17.67,1
7770,EXTEND,9,938,0,110.22,15.92,1
7771,DECODE,671,0,671,642.06,17.25,1
7772,EXTEND,6,426,0,77.17,21.30,1
7773,DECODE,676,0,676,635.21,17.16,1
7774,EXTEND,5,274,0,60.60,23.00,1
7775,DECODE,680,0,680,629.16,16.96,1
7776,EXTEND,5,404,0,86.40,21.82,1
7777,DECODE,685,0,685,626.20,17.05,1
7778,DECODE,685,0,685,627.20,17.45,1
7779,DECODE,685,0,685,628.20,16.89,1
7780,DECODE,685,0,685,629.20,16.89,1
7781,DECODE,685,0,685,630.20,16.89,1
7782,DECODE,685,0,685,631.20,16.82,1
7783,DECODE,682,0,682,623.71,17.81,1
7784,EXTEND,9,654,0,80.33,15.83,1
7785,DECODE,690,0,690,614.82,17.25,1
7786,EXTEND,8,755,0,103.00,15.91,1
7787,DECODE,698,0,698,609.96,17.28,1
7788,DECODE,698,0,698,610.96,17.00,1
7789,DECODE,698,0,698,611.96,17.15,1
7790,DECODE,698,0,698,612.96,17.08,1
7791,DECODE,698,0,698,613.96,17.06,1
7792,DECODE,698,0,698,614.96,16.94,1
7793,DECODE,697,0,697,613.16,17.43,1
7794,EXTEND,8,648,0,87.00,15.57,1
7795,DECODE,705,0,705,608.19,17.24,1
7796,DECODE,705,0,705,609.19,16.92,1
7797,DECODE,705,0,705,610.19,17.03,1
7798,DECODE,705,0,705,611.19,17.00,1
7799,DECODE,704,0,704,609.43,17.57,1
7800,EXTEND,9,656,0,79.11,15.49,1
7801,DECODE,713,0,713,603.73,16.94,1
7802,DECODE,713,0,713,604.73,17.11,1
7803,DECODE,713,0,713,605.73,17.28,1
7804,DECODE,713,0,713,606.73,17.13,1
7805,DECODE,713,0,713,607.73,17.07,1
7806,DECODE,713,0,713,608.73,17.18,1
7807,DECODE,713,0,713,609.73,17.32,1
7808,DECODE,713,0,713,610.73,17.18,1
7809,DECODE,713,0,713,611.73,17.21,1
7810,DECODE,713,0,713,612.73,17.07,1
7811,DECODE,713,0,713,613.73,17.02,1
7812,DECODE,713,0,713,614.73,17.10,1
7813,DECODE,713,0,713,615.73,17.18,1
7814,DECODE,713,0,713,616.73,17.17,1
7815,DECODE,713,0,713,617.73,17.00,1
7816,DECODE,713,0,713,618.73,17.06,1
7817,DECODE,713,0,713,619.73,17.14,1
7818,DECODE,713,0,713,620.73,17.18,1
7819,DECODE,713,0,713,621.73,18.52,1
7820,DECODE,713,0,713,622.73,20.35,1
7821,DECODE,713,0,713,623.73,18.00,1
7822,DECODE,713,0,713,624.73,17.09,1
7823,DECODE,713,0,713,625.73,17.02,1
7824,DECODE,713,0,713,626.73,17.12,1
7825,DECODE,713,0,713,627.73,18.15,1
7826,DECODE,713,0,713,628.73,17.23,1
7827,DECODE,713,0,713,629.73,17.25,1
7828,DECODE,713,0,713,630.73,16.94,1
7829,DECODE,713,0,713,631.73,17.29,1
7830,DECODE,713,0,713,632.73,17.55,1
7831,DECODE,713,0,713,633.73,17.10,1
7832,DECODE,713,0,713,634.73,17.60,1
7833,DECODE,713,0,713,635.73,17.19,1
7834,DECODE,713,0,713,636.73,17.17,1
7835,DECODE,713,0,713,637.73,17.45,1
7836,DECODE,713,0,713,638.73,17.09,1
7837,DECODE,713,0,713,639.73,17.20,1
7838,DECODE,713,0,713,640.73,17.59,1
7839,DECODE,713,0,713,641.73,17.07,1
7840,DECODE,713,0,713,642.73,17.13,1
7841,DECODE,713,0,713,643.73,17.36,1
7842,DECODE,713,0,713,644.73,17.13,1
7843,DECODE,713,0,713,645.73,17.52,1
7844,DECODE,713,0,713,646.73,17.13,1
7845,DECODE,713,0,713,647.73,17.17,1
7846,DECODE,713,0,713,648.73,17.40,1
7847,DECODE,713,0,713,649.73,17.20,1
7848,DECODE,713,0,713,650.73,17.33,1
7849,DECODE,713,0,713,651.73,16.98,1
7850,DECODE,713,0,713,652.73,17.23,1
7851,DECODE,713,0,713,653.73,17.43,1
7852,DECODE,713,0,713,654.73,17.24,1
7853,DECODE,713,0,713,655.73,17.32,1
7854,DECODE,713,0,713,656.73,17.09,1
7855,DECODE,713,0,713,657.73,17.27,1
7856,DECODE,713,0,713,658.73,17.26,1
7857,DECODE,713,0,713,659.73,16.99,1
7858,DECODE,713,0,713,660.73,17.39,1
7859,DECODE,713,0,713,661.73,17.30,1
7860,DECODE,713,0,713,662.73,17.08,1
7861,DECODE,713,0,713,663.73,17.41,1
7862,DECODE,713,0,713,664.73,17.53,1
7863,DECODE,713,0,713,665.73,17.29,1
7864,DECODE,713,0,713,666.73,17.49,1
7865,DECODE,713,0,713,667.73,16.90,1
7866,DECODE,713,0,713,668.73,17.54,1
7867,DECODE,713,0,713,669.73,17.23,1
7868,DECODE,712,0,712,669.95,17.15,1
7869,EXTEND,29,2177,0,81.76,27.27,1
7870,DECODE,741,0,741,647.93,17.33,1
7871,DECODE,741,0,741,648.93,22.45,1
7872,DECODE,741,0,741,649.93,17.09,1
7873,DECODE,741,0,741,650.93,17.10,1
7874,DECODE,741,0,741,651.93,17.21,1
7875,DECODE,741,0,741,652.93,17.11,1
7876,DECODE,741,0,741,653.93,17.16,1
7877,DECODE,741,0,741,654.93,17.59,1
7878,DECODE,741,0,741,655.93,17.56,1
7879,DECODE,741,0,741,656.93,18.97,1
7880,DECODE,741,0,741,657.93,17.39,1
7881,DECODE,741,0,741,658.93,17.15,1
7882,DECODE,741,0,741,659.93,17.08,1
7883,DECODE,741,0,741,660.93,17.44,1
7884,DECODE,741,0,741,661.93,17.20,1
7885,DECODE,741,0,741,662.93,17.51,1
7886,DECODE,741,0,741,663.93,17.27,1
7887,DECODE,741,0,741,664.93,17.10,1
7888,DECODE,741,0,741,665.93,17.09,1
7889,DECODE,741,0,741,666.93,17.53,1
7890,DECODE,741,0,741,667.93,17.16,1
7891,DECODE,741,0,741,668.93,17.38,1
7892,DECODE,741,0,741,669.93,17.23,1
7893,DECODE,741,0,741,670.93,17.23,1
7894,DECODE,741,0,741,671.93,17.29,1
7895,DECODE,741,0,741,672.93,17.20,1
7896,DECODE,741,0,741,673.93,17.30,1
7897,DECODE,741,0,741,674.93,17.42,1
7898,DECODE,741,0,741,675.93,17.24,1
7899,DECODE,741,0,741,676.93,17.34,1
7900,DECODE,741,0,741,677.93,17.50,1
7901,DECODE,741,0,741,678.93,17.27,1
7902,DECODE,741,0,741,679.93,17.32,1
7903,DECODE,741,0,741,680.93,17.42,1
7904,DECODE,741,0,741,681.93,17.32,1
7905,DECODE,741,0,741,682.93,17.37,1
7906,DECODE,741,0,741,683.93,17.38,1
7907,DECODE,741,0,741,684.93,18.09,1
7908,DECODE,741,0,741,685.93,17.42,1
7909,DECODE,741,0,741,686.93,17.65,1
7910,DECODE,741,0,741,687.93,17.40,1
7911,DECODE,741,0,741,688.93,17.39,1
7912,DECODE,741,0,741,689.93,17.60,1
7913,DECODE,741,0,741,690.93,17.91,1
7914,DECODE,741,0,741,691.93,18.26,1
7915,DECODE,741,0,741,692.93,17.78,1
7916,DECODE,741,0,741,693.93,17.83,1
7917,DECODE,741,0,741,694.93,18.12,1
7918,DECODE,741,0,741,695.93,17.90,1
7919,DECODE,741,0,741,696.93,17.78,1
7920,DECODE,741,0,741,697.93,17.46,1
7921,DECODE,741,0,741,698.93,17.47,1
7922,DECODE,741,0,741,699.93,17.39,1
7923,DECODE,741,0,741,700.93,17.58,1
7924,DECODE,740,0,740,701.15,17.43,1
7925,EXTEND,40,2867,0,78.03,23.92,1
7926,DECODE,780,0,780,670.20,17.44,1
7927,DECODE,780,0,780,671.20,17.79,1
7928,DECODE,780,0,780,672.20,17.53,1
7929,DECODE,780,0,780,673.20,17.75,1
7930,DECODE,780,0,780,674.20,17.37,1
7931,DECODE,780,0,780,675.20,20.16,1
7932,DECODE,780,0,780,676.20,17.68,1
7933,DECODE,780,0,780,677.20,17.57,1
7934,DECODE,780,0,780,678.20,17.42,1
7935,DECODE,780,0,780,679.20,17.44,1
7936,DECODE,780,0,780,680.20,17.69,1
7937,DECODE,780,0,780,681.20,17.39,1
7938,DECODE,780,0,780,682.20,17.36,1
7939,DECODE,780,0,780,683.20,17.36,1
7940,DECODE,780,0,780,684.20,17.38,1
7941,DECODE,780,0,780,685.20,17.54,1
7942,DECODE,780,0,780,686.20,17.83,1
7943,DECODE,780,0,780,687.20,17.57,1
7944,DECODE,780,0,780,688.20,17.61,1
7945,DECODE,780,0,780,689.20,17.70,1
7946,DECODE,780,0,780,690.20,17.62,1
7947,DECODE,780,0,780,691.20,17.65,1
7948,DECODE,780,0,780,692.20,17.74,1
7949,DECODE,780,0,780,693.20,17.83,1
7950,DECODE,780,0,780,694.20,18.79,1
7951,DECODE,780,0,780,695.20,18.07,1
7952,DECODE,780,0,780,696.20,17.87,1
7953,DECODE,780,0,780,697.20,17.77,1
7954,DECODE,780,0,780,698.20,17.94,1
7955,DECODE,780,0,780,699.20,17.83,1
7956,DECODE,780,0,780,700.20,17.87,1
7957,DECODE,780,0,780,701.20,17.57,1
7958,DECODE,780,0,780,702.20,17.87,1
7959,DECODE,780,0,780,703.20,17.70,1
7960,DECODE,780,0,780,704.20,17.50,1
7961,DECODE,780,0,780,705.20,17.54,1
7962,DECODE,780,0,780,706.20,17.64,1
7963,DECODE,780,0,780,707.20,17.77,1
7964,DECODE,780,0,780,708.20,17.96,1
7965,DECODE,780,0,780,709.20,17.83,1
7966,DECODE,780,0,780,710.20,17.78,1
7967,DECODE,780,0,780,711.20,17.83,1
7968,DECODE,780,0,780,712.20,17.80,1
7969,DECODE,780,0,780,713.20,17.86,1
7970,DECODE,780,0,780,714.20,17.75,1
7971,DECODE,780,0,780,715.20,17.97,1
7972,DECODE,780,0,780,716.20,18.10,1
7973,DECODE,780,0,780,717.20,21.02,1
7974,DECODE,780,0,780,718.20,18.20,1
7975,DECODE,780,0,780,719.20,17.45,1
7976,DECODE,780,0,780,720.20,17.67,1
7977,DECODE,780,0,780,721.20,17.57,1
7978,DECODE,780,0,780,722.20,17.56,1
7979,DECODE,780,0,780,723.20,17.33,1
7980,DECODE,780,0,780,724.20,18.34,1
7981,DECODE,780,0,780,725.20,17.41,1
7982,DECODE,780,0,780,726.20,17.41,1
7983,DECODE,780,0,780,727.20,17.54,1
7984,DECODE,780,0,780,728.20,17.54,1
7985,DECODE,780,0,780,729.20,17.44,1
7986,DECODE,780,0,780,730.20,17.53,1
7987,DECODE,780,0,780,731.20,17.56,1
7988,DECODE,780,0,780,732.20,17.68,1
7989,DECODE,780,0,780,733.20,17.64,1
7990,DECODE,780,0,780,734.20,17.67,1
7991,DECODE,780,0,780,735.20,17.72,1
7992,DECODE,780,0,780,736.20,17.67,1
7993,DECODE,780,0,780,737.20,17.59,1
7994,DECODE,780,0,780,738.20,17.75,1
7995,DECODE,780,0,780,739.20,17.70,1
7996,DECODE,780,0,780,740.20,17.66,1
7997,DECODE,780,0,780,741.20,17.72,1
7998,DECODE,780,0,780,742.20,17.69,1
7999,DECODE,780,0,780,743.20,17.66,1
8000,DECODE,780,0,780,744.20,17.70,1
8001,DECODE,780,0,780,745.20,17.73,1
8002,DECODE,780,0,780,746.20,17.81,1
8003,DECODE,780,0,780,747.20,17.76,1
8004,DECODE,780,0,780,748.20,17.75,1
8005,DECODE,779,0,779,749.35,18.17,1
8006,EXTEND,40,2773,0,76.17,22.26,1
8007,DECODE,819,0,819,717.48,18.62,1
8008,DECODE,819,0,819,718.48,18.59,1
8009,DECODE,819,0,819,719.48,18.62,1
8010,DECODE,819,0,819,720.48,18.73,1
8011,DECODE,819,0,819,721.48,18.70,1
8012,DECODE,819,0,819,722.48,20.29,1
8013,DECODE,818,0,818,722.35,18.78,1
8014,EXTEND,34,2505,0,80.09,23.17,1
8015,DECODE,852,0,852,697.72,18.48,1
8016,DECODE,852,0,852,698.72,18.49,1
8017,DECODE,852,0,852,699.72,18.55,1
8018,DECODE,852,0,852,700.72,18.36,1
8019,DECODE,852,0,852,701.72,18.45,1
8020,DECODE,852,0,852,702.72,18.55,1
8021,DECODE,851,0,851,703.74,18.69,1
8022,EXTEND,28,2239,0,88.00,23.36,1
8023,DECODE,879,0,879,685.12,18.99,1
8024,DECODE,879,0,879,686.12,18.81,1
8025,DECODE,879,0,879,687.12,18.99,1
8026,DECODE,879,0,879,688.12,19.03,1
8027,DECODE,879,0,879,689.12,18.91,1
8028,DECODE,879,0,879,690.12,18.87,1
8029,DECODE,878,0,878,690.10,22.75,1
8030,EXTEND,23,1799,0,85.26,24.88,1
8031,DECODE,901,0,901,675.66,19.08,1
8032,DECODE,901,0,901,676.66,19.24,1
8033,DECODE,901,0,901,677.66,19.25,1
8034,DECODE,901,0,901,678.66,19.28,1
8035,DECODE,901,0,901,679.66,19.19,1
8036,DECODE,901,0,901,680.66,19.26,1
8037,DECODE,901,0,901,681.66,19.18,1
8038,DECODE,901,0,901,682.66,19.29,1
8039,DECODE,901,0,901,683.66,19.08,1
8040,DECODE,901,0,901,684.66,19.35,1
8041,DECODE,901,0,901,685.66,19.30,1
8042,DECODE,901,0,901,686.66,19.41,1
8043,DECODE,901,0,901,687.66,19.34,1
8044,DECODE,901,0,901,688.66,19.44,1
8045,DECODE,901,0,901,689.66,19.46,1
8046,DECODE,901,0,901,690.66,19.35,1
8047,DECODE,901,0,901,691.66,19.27,1
8048,DECODE,901,0,901,692.66,19.31,1
8049,DECODE,901,0,901,693.66,19.31,1
8050,DECODE,901,0,901,694.66,19.42,1
8051,DECODE,899,0,899,693.33,19.64,1
8052,EXTEND,14,914,0,71.79,16.46,1
8053,DECODE,913,0,913,684.80,24.44,1
8054,DECODE,913,0,913,685.80,19.46,1
8055,DECODE,913,0,913,686.80,19.63,1
8056,DECODE,913,0,913,687.80,19.66,1
8057,DECODE,913,0,913,688.80,19.62,1
8058,DECODE,913,0,913,689.80,19.73,1
8059,DECODE,913,0,913,690.80,19.67,1
8060,DECODE,913,0,913,691.80,19.80,1
8061,DECODE,913,0,913,692.80,19.85,1
8062,DECODE,913,0,913,693.80,19.77,1
8063,DECODE,913,0,913,694.80,19.97,1
8064,DECODE,913,0,913,695.80,19.57,1
8065,DECODE,913,0,913,696.80,19.74,1
8066,DECODE,913,0,913,697.80,19.64,1
8067,DECODE,913,0,913,698.80,19.75,1
8068,DECODE,913,0,913,699.80,19.99,1
8069,DECODE,913,0,913,700.80,19.80,1
8070,DECODE,913,0,913,701.80,19.84,1
8071,DECODE,913,0,913,702.80,19.92,1
8072,DECODE,913,0,913,703.80,19.77,1
8073,DECODE,913,0,913,704.80,19.87,1
8074,DECODE,913,0,913,705.80,19.81,1
8075,DECODE,913,0,913,706.80,19.99,1
8076,DECODE,913,0,913,707.80,20.16,1
8077,DECODE,913,0,913,708.80,20.63,1
8078,DECODE,913,0,913,709.80,19.81,1
8079,DECODE,913,0,913,710.80,19.96,1
8080,DECODE,913,0,913,711.80,19.87,1
8081,DECODE,913,0,913,712.80,19.94,1
8082,DECODE,913,0,913,713.80,23.92,1
8083,DECODE,913,0,913,714.80,22.48,1
8084,DECODE,913,0,913,715.80,19.91,1
8085,DECODE,913,0,913,716.80,19.91,1
8086,DECODE,913,0,913,717.80,19.89,1
8087,DECODE,913,0,913,718.80,21.43,1
8088,DECODE,913,0,913,719.80,19.74,1
8089,DECODE,913,0,913,720.80,19.63,1
8090,DECODE,913,0,913,721.80,19.79,1
8091,DECODE,913,0,913,722.80,19.82,1
8092,DECODE,913,0,913,723.80,20.94,1
8093,DECODE,913,0,913,724.80,19.80,1
8094,DECODE,913,0,913,725.80,19.90,1
8095,DECODE,913,0,913,726.80,19.88,1
8096,DECODE,913,0,913,727.80,19.94,1
8097,DECODE,913,0,913,728.80,19.95,1
8098,DECODE,913,0,913,729.80,20.04,1
8099,DECODE,913,0,913,730.80,20.04,1
8100,DECODE,913,0,913,731.80,20.05,1
8101,DECODE,913,0,913,732.80,21.29,1
8102,DECODE,913,0,913,733.80,20.30,1
8103,DECODE,913,0,913,734.80,20.12,1
8104,DECODE,913,0,913,735.80,19.95,1
8105,DECODE,913,0,913,736.80,20.01,1
8106,DECODE,913,0,913,737.80,20.10,1
8107,DECODE,913,0,913,738.80,20.00,1
8108,DECODE,913,0,913,739.80,20.15,1
8109,DECODE,913,0,913,740.80,20.01,1
8110,DECODE,913,0,913,741.80,21.80,1
8111,DECODE,913,0,913,742.80,21.63,1
8112,DECODE,913,0,913,743.80,20.46,1
8113,DECODE,913,0,913,744.80,20.14,1
8114,DECODE,913,0,913,745.80,20.21,1
8115,DECODE,913,0,913,746.80,20.11,1
8116,DECODE,912,0,912,746.12,24.79,1
8117,DECODE,912,0,912,747.12,19.58,1
8118,DECODE,912,0,912,748.12,19.73,1
8119,DECODE,912,0,912,749.12,20.32,1
8120,DECODE,912,0,912,750.12,19.70,1
8121,DECODE,912,0,912,751.12,19.67,1
8122,DECODE,912,0,912,752.12,19.77,1
8123,DECODE,912,0,912,753.12,20.81,1
8124,DECODE,912,0,912,754.12,19.98,1
8125,DECODE,912,0,912,755.12,19.71,1
8126,DECODE,912,0,912,756.12,19.70,1
8127,DECODE,912,0,912,757.12,19.76,1
8128,DECODE,912,0,912,758.12,21.04,1
8129,DECODE,912,0,912,759.12,19.80,1
8130,DECODE,912,0,912,760.12,19.78,1
8131,DECODE,912,0,912,761.12,19.83,1
8132,DECODE,912,0,912,762.12,20.05,1
8133,DECODE,912,0,912,763.12,19.87,1
8134,DECODE,912,0,912,764.12,19.90,1
8135,DECODE,912,0,912,765.12,20.04,1
8136,DECODE,912,0,912,766.12,19.97,1
8137,DECODE,912,0,912,767.12,21.81,1
8138,DECODE,912,0,912,768.12,20.01,1
8139,DECODE,912,0,912,769.12,20.00,1
8140,DECODE,912,0,912,770.12,20.15,1
8141,DECODE,912,0,912,771.12,20.11,1
8142,DECODE,912,0,912,772.12,21.69,1
8143,DECODE,912,0,912,773.12,20.04,1
8144,DECODE,912,0,912,774.12,20.06,1
8145,DECODE,912,0,912,775.12,20.01,1
8146,DECODE,912,0,912,776.12,20.09,1
8147,DECODE,912,0,912,777.12,20.32,1
8148,DECODE,912,0,912,778.12,20.19,1
8149,DECODE,912,0,912,779.12,20.21,1
8150,DECODE,912,0,912,780.12,20.12,1
8151,DECODE,912,0,912,781.12,21.55,1
8152,DECODE,912,0,912,782.12,20.06,1
8153,DECODE,912,0,912,783.12,20.06,1
8154,DECODE,912,0,912,784.12,20.01,1
8155,DECODE,912,0,912,785.12,20.10,1
8156,DECODE,912,0,912,786.12,20.94,1
8157,DECODE,912,0,912,787.12,20.17,1
8158,DECODE,912,0,912,788.12,20.17,1
8159,DECODE,912,0,912,789.12,20.06,1
8160,DECODE,912,0,912,790.12,21.35,1
8161,DECODE,912,0,912,791.12,20.03,1
8162,DECODE,912,0,912,792.12,20.18,1
8163,DECODE,912,0,912,793.12,20.22,1
8164,DECODE,912,0,912,794.12,20.24,1
8165,DECODE,912,0,912,795.12,20.94,1
8166,DECODE,912,0,912,796.12,20.17,1
8167,DECODE,912,0,912,797.12,20.08,1
8168,DECODE,912,0,912,798.12,20.13,1
8169,DECODE,912,0,912,799.12,21.00,1
8170,DECODE,912,0,912,800.12,20.13,1
8171,DECODE,912,0,912,801.12,20.14,1
8172,DECODE,912,0,912,802.12,20.34,1
8173,DECODE,912,0,912,803.12,20.22,1
8174,DECODE,912,0,912,804.12,21.08,1
8175,DECODE,912,0,912,805.12,20.25,1
8176,DECODE,912,0,912,806.12,20.23,1
8177,DECODE,912,0,912,807.12,20.27,1
8178,DECODE,912,0,912,808.12,21.20,1
8179,DECODE,912,0,912,809.12,20.33,1
8180,DECODE,912,0,912,810.12,20.40,1
8181,DECODE,912,0,912,811.12,20.35,1
8182,DECODE,911,0,911,811.33,20.53,1
8183,DECODE,911,0,911,812.33,21.28,1
8184,DECODE,911,0,911,813.33,20.63,1
8185,DECODE,911,0,911,814.33,20.62,1
8186,DECODE,911,0,911,815.33,20.66,1
8187,DECODE,911,0,911,816.33,21.52,1
8188,DECODE,911,0,911,817.33,20.94,1
8189,DECODE,911,0,911,818.33,20.69,1
8190,DECODE,911,0,911,819.33,20.73,1
8191,DECODE,911,0,911,820.33,20.72,1
8192,DECODE,911,0,911,821.33,20.71,1
8193,DECODE,911,0,911,822.33,20.72,1
8194,DECODE,911,0,911,823.33,21.04,1
8195,DECODE,911,0,911,824.33,20.75,1
8196,DECODE,911,0,911,825.33,21.20,1
8197,DECODE,911,0,911,826.33,20.76,1
8198,DECODE,911,0,911,827.33,20.89,1
8199,DECODE,911,0,911,828.33,20.86,1
8200,DECODE,911,0,911,829.33,20.88,1
8201,DECODE,911,0,911,830.33,20.93,1
8202,DECODE,911,0,911,831.33,20.86,1
8203,DECODE,911,0,911,832.33,20.89,1
8204,DECODE,911,0,911,833.33,21.10,1
8205,DECODE,910,0,910,832.99,25.76,1
8206,DECODE,910,0,910,833.99,20.83,1
8207,DECODE,910,0,910,834.99,20.67,1
8208,DECODE,910,0,910,835.99,20.73,1
8209,DECODE,910,0,910,836.99,20.75,1
8210,DECODE,910,0,910,837.99,20.68,1
8211,DECODE,910,0,910,838.99,20.66,1
8212,DECODE,910,0,910,839.99,20.86,1
8213,DECODE,910,0,910,840.99,20.66,1
8214,DECODE,910,0,910,841.99,20.93,1
8215,DECODE,910,0,910,842.99,20.58,1
8216,DECODE,910,0,910,843.99,20.60,1
8217,DECODE,910,0,910,844.99,20.65,1
8218,DECODE,910,0,910,845.99,20.59,1
8219,DECODE,910,0,910,846.99,20.72,1
8220,DECODE,909,0,909,848.07,21.13,1
8221,DECODE,909,0,909,849.07,20.97,1
8222,DECODE,909,0,909,850.07,20.73,1
8223,DECODE,909,0,909,851.07,20.73,1
8224,DECODE,909,0,909,852.07,20.85,1
8225,DECODE,909,0,909,853.07,20.90,1
8226,DECODE,909,0,909,854.07,20.84,1
8227,DECODE,909,0,909,855.07,20.93,1
8228,DECODE,909,0,909,856.07,21.10,1
8229,DECODE,909,0,909,857.07,20.85,1
8230,DECODE,909,0,909,858.07,20.80,1
8231,DECODE,909,0,909,859.07,20.94,1
8232,DECODE,909,0,909,860.07,20.93,1
8233,DECODE,909,0,909,861.07,21.01,1
8234,DECODE,909,0,909,862.07,21.00,1
8235,DECODE,909,0,909,863.07,20.87,1
8236,DECODE,909,0,909,864.07,21.21,1
8237,DECODE,909,0,909,865.07,20.95,1
8238,DECODE,909,0,909,866.07,21.44,1
8239,DECODE,909,0,909,867.07,21.01,1
8240,DECODE,909,0,909,868.07,21.10,1
8241,DECODE,909,0,909,869.07,21.10,1
8242,DECODE,909,0,909,870.07,21.16,1
8243,DECODE,909,0,909,871.07,22.14,1
8244,DECODE,909,0,909,872.07,21.51,1
8245,DECODE,909,0,909,873.07,21.29,1
8246,DECODE,909,0,909,874.07,21.04,1
8247,DECODE,909,0,909,875.07,21.12,1
8248,DECODE,909,0,909,876.07,21.19,1
8249,DECODE,909,0,909,877.07,21.14,1
8250,DECODE,909,0,909,878.07,21.21,1
8251,DECODE,909,0,909,879.07,21.20,1
8252,DECODE,909,0,909,880.07,21.39,1
8253,DECODE,909,0,909,881.07,21.25,1
8254,DECODE,909,0,909,882.07,21.18,1
8255,DECODE,909,0,909,883.07,21.26,1
8256,DECODE,909,0,909,884.07,21.51,1
8257,DECODE,909,0,909,885.07,21.32,1
8258,DECODE,909,0,909,886.07,21.33,1
8259,DECODE,909,0,909,887.07,21.33,1
8260,DECODE,909,0,909,888.07,21.60,1
8261,DECODE,909,0,909,889.07,21.43,1
8262,DECODE,909,0,909,890.07,21.40,1
8263,DECODE,908,0,908,890.28,21.26,1
8264,DECODE,908,0,908,891.28,21.77,1
8265,DECODE,908,0,908,892.28,21.61,1
8266,DECODE,908,0,908,893.28,21.85,1
8267,DECODE,908,0,908,894.28,21.58,1
8268,DECODE,908,0,908,895.28,21.57,1
8269,DECODE,908,0,908,896.28,21.24,1
8270,DECODE,908,0,908,897.28,21.37,1
8271,DECODE,908,0,908,898.28,21.92,1
8272,DECODE,908,0,908,899.28,21.24,1
8273,DECODE,908,0,908,900.28,21.45,1
8274,DECODE,908,0,908,901.28,21.49,1
8275,DECODE,908,0,908,902.28,21.39,1
8276,DECODE,908,0,908,903.28,21.75,1
8277,DECODE,908,0,908,904.28,21.41,1
8278,DECODE,908,0,908,905.28,21.80,1
8279,DECODE,908,0,908,906.28,21.43,1
8280,DECODE,907,0,907,907.29,26.88,1
8281,DECODE,907,0,907,908.29,22.27,1
8282,DECODE,907,0,907,909.29,21.67,1
8283,DECODE,907,0,907,910.29,21.73,1
8284,DECODE,905,0,905,912.57,26.80,1
8285,DECODE,902,0,902,915.54,27.09,1
8286,DECODE,899,0,899,918.60,21.91,1
8287,DECODE,896,0,896,921.69,21.40,1
8288,DECODE,892,0,892,925.32,21.41,1
8289,DECODE,890,0,890,927.52,25.50,1
8290,DECODE,888,0,888,929.78,25.56,1
8291,DECODE,885,0,885,932.74,21.70,1
8292,DECODE,883,0,883,935.07,21.91,1
8293,DECODE,880,0,880,938.12,25.71,1
8294,DECODE,877,0,877,941.21,22.19,1
8295,DECODE,875,0,875,943.62,21.52,1
8296,DECODE,872,0,872,946.77,21.30,1
8297,DECODE,869,0,869,949.74,25.65,1
8298,DECODE,867,0,867,951.89,25.80,1
8299,DECODE,865,0,865,954.15,25.45,1
8300,DECODE,864,0,864,954.03,21.65,1
8301,DECODE,864,0,864,955.03,21.27,1
8302,DECODE,863,0,863,956.68,21.72,1
8303,DECODE,860,0,860,959.71,21.40,1
8304,DECODE,858,0,858,962.09,21.40,1
8305,DECODE,855,0,855,965.21,21.51,1
8306,DECODE,853,0,853,967.64,21.98,1
8307,DECODE,851,0,851,970.09,21.72,1
8308,DECODE,848,0,848,973.29,28.87,1
8309,DECODE,845,0,845,976.55,23.17,1
8310,DECODE,843,0,843,979.09,22.47,1
8311,DECODE,840,0,840,982.15,21.22,1
8312,DECODE,839,0,839,983.82,26.61,1
8313,DECODE,836,0,836,986.90,21.64,1
8314,DECODE,834,0,834,989.32,21.59,1
8315,DECODE,832,0,832,991.76,21.62,1
8316,DECODE,830,0,830,994.22,21.93,1
8317,DECODE,828,0,828,996.70,21.50,1
8318,DECODE,826,0,826,999.20,21.09,1
8319,DECODE,823,0,823,1002.47,21.07,1
8320,DECODE,821,0,821,1005.01,21.02,1
8321,DECODE,819,0,819,1007.56,21.09,1
8322,DECODE,817,0,817,1010.13,21.12,1
8323,DECODE,814,0,814,1013.52,21.06,1
8324,DECODE,812,0,812,1016.13,20.88,1
8325,DECODE,810,0,810,1018.77,21.08,1
8326,DECODE,807,0,807,1022.25,21.26,1
8327,DECODE,805,0,805,1024.66,21.22,1
8328,DECODE,804,0,804,1026.40,20.85,1
8329,DECODE,802,0,802,1028.91,21.09,1
8330,DECODE,800,0,800,1031.45,20.80,1
8331,DECODE,798,0,798,1034.01,21.06,1
8332,DECODE,796,0,796,1036.58,20.78,1
8333,DECODE,794,0,794,1039.17,20.77,1
8334,DECODE,792,0,792,1041.77,20.67,1
8335,DECODE,790,0,790,1044.39,20.72,1
8336,DECODE,788,0,788,1047.02,20.60,1
8337,DECODE,786,0,786,1049.66,20.77,1
8338,DECODE,784,0,784,1052.32,20.44,1
8339,DECODE,782,0,782,1054.99,20.77,1
8340,DECODE,780,0,780,1057.68,20.68,1
8341,DECODE,778,0,778,1060.39,20.68,1
8342,DECODE,776,0,776,1063.11,20.50,1
8343,DECODE,774,0,774,1065.86,20.70,1
8344,DECODE,772,0,772,1068.62,20.45,1
8345,DECODE,770,0,770,1071.40,20.79,1
8346,DECODE,768,0,768,1074.20,20.51,1
8347,DECODE,766,0,766,1076.45,20.57,1
8348,DECODE,765,0,765,1078.11,21.50,1
8349,DECODE,763,0,763,1080.52,20.97,1
8350,DECODE,762,0,762,1081.45,20.49,1
8351,DECODE,762,0,762,1082.45,20.86,1
8352,DECODE,760,0,760,1084.93,20.37,1
8353,DECODE,759,0,759,1086.67,20.76,1
8354,DECODE,757,0,757,1089.18,20.70,1
8355,DECODE,756,0,756,1090.94,20.57,1
8356,DECODE,754,0,754,1093.47,20.89,1
8357,DECODE,753,0,753,1095.25,20.68,1
8358,DECODE,751,0,751,1097.83,22.57,1
8359,DECODE,750,0,750,1099.63,20.29,1
8360,DECODE,748,0,748,1102.24,20.51,1
8361,DECODE,747,0,747,1104.04,20.76,1
8362,DECODE,745,0,745,1106.67,20.67,1
8363,DECODE,744,0,744,1108.50,20.29,1
8364,DECODE,742,0,742,1111.15,21.07,1
8365,DECODE,741,0,741,1110.20,21.07,1
8366,DECODE,740,0,740,1109.24,20.55,1
8367,DECODE,740,0,740,1110.24,20.63,1
8368,DECODE,740,0,740,1111.24,20.28,1
8369,DECODE,740,0,740,1112.24,20.64,1
8370,DECODE,739,0,739,1111.28,20.67,1
8371,DECODE,739,0,739,1112.28,20.74,1
8372,DECODE,739,0,739,1113.28,20.93,1
8373,DECODE,739,0,739,1114.28,20.68,1
8374,DECODE,739,0,739,1115.28,20.55,1
8375,DECODE,738,0,738,1117.11,20.72,1
8376,DECODE,737,0,737,1116.15,20.91,1
8377,DECODE,737,0,737,1117.15,20.61,1
8378,DECODE,737,0,737,1118.15,20.69,1
8379,DECODE,737,0,737,1119.15,20.95,1
8380,DECODE,735,0,735,1121.81,20.52,1
8381,DECODE,734,0,734,1123.65,20.48,1
8382,DECODE,732,0,732,1126.35,20.39,1
8383,DECODE,731,0,731,1128.21,20.76,1
8384,DECODE,729,0,729,1130.93,20.90,1
8385,DECODE,728,0,728,1129.97,21.06,1
8386,DECODE,728,0,728,1130.97,20.26,1
8387,DECODE,728,0,728,1131.97,20.14,1
8388,DECODE,726,0,726,1130.96,20.41,1
8389,DECODE,726,0,726,1131.96,20.32,1
8390,DECODE,726,0,726,1132.96,20.42,1
8391,DECODE,726,0,726,1133.96,20.46,1
8392,DECODE,726,0,726,1134.96,20.42,1
8393,DECODE,726,0,726,1135.96,20.46,1
8394,DECODE,725,0,725,1135.00,20.50,1
8395,DECODE,725,0,725,1136.00,20.70,1
8396,DECODE,725,0,725,1137.00,20.74,1
8397,DECODE,724,0,724,1138.87,20.26,1
8398,DECODE,722,0,722,1141.61,20.62,1
8399,DECODE,721,0,721,1143.49,20.67,1
8400,DECODE,720,0,720,1145.38,20.14,1
8401,DECODE,718,0,718,1148.16,20.28,1
8402,DECODE,717,0,717,1149.74,20.40,1
8403,DECODE,716,0,716,1151.38,20.15,1
8404,DECODE,715,0,715,1153.05,20.46,1
8405,DECODE,714,0,714,1154.73,20.28,1
8406,DECODE,713,0,713,1156.46,20.28,1
8407,DECODE,712,0,712,1158.20,19.91,1
8408,DECODE,710,0,710,1160.70,20.17,1
8409,DECODE,709,0,709,1162.46,20.28,1
8410,DECODE,708,0,708,1164.23,19.95,1
8411,DECODE,707,0,707,1166.00,20.50,1
8412,DECODE,706,0,706,1167.78,20.27,1
8413,DECODE,704,0,704,1164.83,20.30,1
8414,DECODE,704,0,704,1165.83,20.18,1
8415,DECODE,704,0,704,1166.83,20.09,1
8416,DECODE,704,0,704,1167.83,20.05,1
8417,DECODE,704,0,704,1168.83,20.23,1
8418,DECODE,704,0,704,1169.83,20.03,1
8419,DECODE,703,0,703,1170.70,20.21,1
8420,DECODE,703,0,703,1171.70,20.38,1
8421,DECODE,703,0,703,1172.70,20.36,1
8422,DECODE,702,0,702,1171.73,20.08,1
8423,DECODE,702,0,702,1172.73,20.21,1
8424,DECODE,702,0,702,1173.73,20.31,1
8425,DECODE,701,0,701,1172.75,20.25,1
8426,DECODE,701,0,701,1173.75,20.37,1
8427,DECODE,701,0,701,1174.75,20.18,1
8428,DECODE,701,0,701,1175.75,20.31,1
8429,DECODE,700,0,700,1177.53,20.18,1
8430,DECODE,699,0,699,1179.31,20.67,1
8431,DECODE,698,0,698,1181.10,20.22,1
8432,DECODE,697,0,697,1182.90,20.40,1
8433,DECODE,695,0,695,1185.52,20.27,1
8434,DECODE,694,0,694,1185.13,25.23,1
8435,DECODE,694,0,694,1186.13,20.23,1
8436,DECODE,694,0,694,1187.13,20.00,1
8437,DECODE,693,0,693,1188.95,20.29,1
8438,DECODE,692,0,692,1190.77,19.83,1
8439,DECODE,691,0,691,1192.59,19.99,1
8440,DECODE,690,0,690,1194.42,19.82,1
8441,DECODE,689,0,689,1196.26,20.04,1
8442,DECODE,688,0,688,1198.10,19.73,1
8443,DECODE,687,0,687,1199.95,19.91,1
8444,DECODE,686,0,686,1201.80,19.89,1
8445,DECODE,684,0,684,1204.52,19.97,1
8446,DECODE,683,0,683,1206.39,19.87,1
8447,DECODE,682,0,682,1208.06,20.01,1
8448,DECODE,681,0,681,1209.75,19.99,1
8449,DECODE,680,0,680,1211.45,20.73,1
8450,DECODE,679,0,679,1213.16,20.12,1
8451,DECODE,679,0,679,1214.16,20.14,1
8452,DECODE,678,0,678,1215.89,20.00,1
8453,DECODE,677,0,677,1217.63,20.20,1
8454,DECODE,676,0,676,1219.38,19.83,1
8455,DECODE,675,0,675,1221.14,20.12,1
8456,DECODE,674,0,674,1222.91,20.09,1
8457,DECODE,673,0,673,1224.55,20.13,1
8458,DECODE,672,0,672,1226.24,20.24,1
8459,DECODE,671,0,671,1227.93,20.20,1
8460,DECODE,670,0,670,1229.65,20.44,1
8461,DECODE,669,0,669,1231.39,20.35,1
8462,DECODE,668,0,668,1233.13,19.86,1
8463,DECODE,667,0,667,1234.90,20.15,1
8464,DECODE,667,0,667,1235.90,20.15,1
8465,DECODE,666,0,666,1237.69,20.08,1
8466,DECODE,665,0,665,1239.29,20.33,1
8467,DECODE,664,0,664,1240.89,19.79,1
8468,DECODE,663,0,663,1242.56,20.06,1
8469,DECODE,662,0,662,1243.16,20.06,1
8470,DECODE,662,0,662,1244.16,20.01,1
8471,DECODE,662,0,662,1245.16,20.09,1
8472,DECODE,661,0,661,1246.84,19.96,1
8473,DECODE,660,0,660,1248.57,19.65,1
8474,DECODE,659,0,659,1250.35,19.95,1
8475,DECODE,658,0,658,1252.13,19.85,1
8476,DECODE,657,0,657,1253.94,19.64,1
8477,DECODE,656,0,656,1255.66,19.53,1
8478,DECODE,655,0,655,1257.38,19.68,1
8479,DECODE,655,0,655,1258.38,19.56,1
8480,DECODE,654,0,654,1260.11,19.61,1
8481,DECODE,653,0,653,1261.86,19.61,1
8482,DECODE,652,0,652,1263.61,19.69,1
8483,DECODE,651,0,651,1265.37,19.52,1
8484,DECODE,650,0,650,1267.15,19.68,1
8485,DECODE,649,0,649,1268.96,19.74,1
8486,DECODE,649,0,649,1269.96,19.57,1
8487,DECODE,648,0,648,1271.22,19.25,1
8488,DECODE,647,0,647,1273.03,19.68,1
8489,DECODE,646,0,646,1274.70,19.61,1
8490,DECODE,646,0,646,1275.70,19.49,1
8491,DECODE,645,0,645,1277.42,19.61,1
8492,DECODE,644,0,644,1279.18,19.45,1
8493,DECODE,643,0,643,1280.98,19.76,1
8494,DECODE,642,0,642,1282.81,20.10,1
8495,DECODE,641,0,641,1284.57,19.69,1
8496,DECODE,641,0,641,1285.57,19.59,1
8497,DECODE,640,0,640,1287.36,19.32,1
8498,DECODE,639,0,639,1289.17,19.50,1
8499,DECODE,638,0,638,1291.00,19.40,1
8500,DECODE,637,0,637,1292.85,19.34,1
8501,DECODE,636,0,636,1294.56,19.28,1
8502,DECODE,636,0,636,1295.56,19.15,1
8503,DECODE,635,0,635,1297.30,19.50,1
8504,DECODE,634,0,634,1299.12,19.35,1
8505,DECODE,633,0,633,1300.94,19.33,1
8506,DECODE,633,0,633,1301.94,19.29,1
8507,DECODE,632,0,632,1303.76,19.23,1
8508,DECODE,631,0,631,1305.61,19.37,1
8509,DECODE,630,0,630,1306.98,19.54,1
8510,DECODE,630,0,630,1307.98,19.41,1
8511,DECODE,629,0,629,1309.65,19.54,1
8512,DECODE,628,0,628,1311.32,19.21,1
8513,DECODE,627,0,627,1313.15,19.45,1
8514,DECODE,627,0,627,1314.15,19.77,1
8515,DECODE,626,0,626,1315.99,19.39,1
8516,DECODE,625,0,625,1317.83,19.37,1
8517,DECODE,624,0,624,1319.69,19.30,1
8518,DECODE,623,0,623,1321.56,19.23,1
8519,DECODE,622,0,622,1322.14,19.88,1
8520,DECODE,622,0,622,1323.14,19.37,1
8521,DECODE,622,0,622,1324.14,19.20,1
8522,DECODE,621,0,621,1326.01,19.28,1
8523,DECODE,621,0,621,1327.01,19.30,1
8524,DECODE,620,0,620,1328.76,19.17,1
8525,DECODE,619,0,619,1330.57,19.33,1
8526,DECODE,618,0,618,1332.39,19.38,1
8527,DECODE,618,0,618,1333.39,19.34,1
8528,DECODE,617,0,617,1335.22,19.46,1
8529,DECODE,616,0,616,1337.07,19.29,1
8530,DECODE,615,0,615,1338.95,19.70,1
8531,DECODE,614,0,614,1340.57,19.54,1
8532,DECODE,614,0,614,1341.57,19.52,1
8533,DECODE,613,0,613,1343.22,19.57,1
8534,DECODE,613,0,613,1344.22,19.65,1
8535,DECODE,612,0,612,1345.92,19.29,1
8536,DECODE,611,0,611,1347.73,19.61,1
8537,DECODE,610,0,610,1349.56,19.58,1
8538,DECODE,610,0,610,1350.56,19.62,1
8539,DECODE,609,0,609,1352.40,19.54,1
8540,DECODE,608,0,608,1354.27,19.20,1
8541,DECODE,608,0,608,1355.27,19.30,1
8542,DECODE,607,0,607,1357.12,19.44,1
8543,DECODE,606,0,606,1358.99,19.45,1
8544,DECODE,605,0,605,1360.86,19.70,1
8545,DECODE,605,0,605,1361.86,19.63,1
8546,DECODE,604,0,604,1363.74,19.61,1
8547,DECODE,603,0,603,1365.60,19.76,1
8548,DECODE,602,0,602,1367.50,20.01,1
8549,DECODE,602,0,602,1368.50,19.76,1
8550,DECODE,601,0,601,1370.41,19.87,1
8551,DECODE,600,0,600,1372.33,19.36,1
8552,DECODE,599,0,599,1373.98,19.51,1
8553,DECODE,599,0,599,1374.98,19.36,1
8554,DECODE,598,0,598,1376.72,19.56,1
8555,DECODE,598,0,598,1377.72,19.31,1
8556,DECODE,597,0,597,1379.54,19.45,1
8557,DECODE,596,0,596,1381.36,19.29,1
8558,DECODE,596,0,596,1382.36,19.22,1
8559,DECODE,595,0,595,1384.15,19.38,1
8560,DECODE,594,0,594,1386.00,19.44,1
8561,DECODE,594,0,594,1387.00,19.19,1
8562,DECODE,593,0,593,1388.86,19.35,1
8563,DECODE,592,0,592,1390.63,19.11,1
8564,DECODE,592,0,592,1391.63,19.05,1
8565,DECODE,591,0,591,1393.55,19.36,1
8566,DECODE,590,0,590,1395.46,19.41,1
8567,DECODE,590,0,590,1396.46,19.06,1
8568,DECODE,589,0,589,1398.14,19.18,1
8569,DECODE,588,0,588,1399.97,18.98,1
8570,DECODE,588,0,588,1400.97,19.09,1
8571,DECODE,587,0,587,1402.40,19.69,1
8572,DECODE,587,0,587,1403.40,19.58,1
8573,DECODE,586,0,586,1405.29,20.17,1
8574,DECODE,585,0,585,1404.32,20.20,1
8575,DECODE,585,0,585,1405.32,19.79,1
8576,DECODE,585,0,585,1406.32,19.48,1
8577,DECODE,585,0,585,1407.32,19.69,1
8578,DECODE,584,0,584,1409.23,19.68,1
8579,DECODE,584,0,584,1410.23,19.22,1
8580,DECODE,583,0,583,1411.76,19.45,1
8581,DECODE,583,0,583,1412.76,19.66,1
8582,DECODE,582,0,582,1414.62,20.17,1
8583,DECODE,581,0,581,1416.44,20.34,1
8584,DECODE,581,0,581,1417.44,19.61,1
8585,DECODE,580,0,580,1419.29,19.50,1
8586,DECODE,580,0,580,1420.29,19.26,1
8587,DECODE,579,0,579,1419.32,19.75,1
8588,DECODE,579,0,579,1420.32,19.85,1
8589,DECODE,579,0,579,1421.32,19.39,1
8590,DECODE,579,0,579,1422.32,19.57,1
8591,DECODE,578,0,578,1424.14,20.44,1
8592,DECODE,578,0,578,1425.14,19.73,1
8593,DECODE,577,0,577,1426.96,19.69,1
8594,DECODE,576,0,576,1428.81,19.36,1
8595,DECODE,576,0,576,1429.81,19.25,1
8596,DECODE,575,0,575,1431.69,19.86,1
8597,DECODE,574,0,574,1433.44,20.08,1
8598,DECODE,574,0,574,1434.44,19.83,1
8599,DECODE,573,0,573,1435.45,19.48,1
8600,DECODE,573,0,573,1436.45,19.84,1
8601,DECODE,573,0,573,1437.45,19.35,1
8602,DECODE,572,0,572,1439.19,19.52,1
8603,DECODE,571,0,571,1441.10,19.56,1
8604,DECODE,570,0,570,1440.14,19.36,1
8605,DECODE,570,0,570,1441.14,19.64,1
8606,DECODE,569,0,569,1440.17,19.37,1
8607,DECODE,569,0,569,1441.17,19.43,1
8608,DECODE,568,0,568,1442.46,19.05,1
8609,DECODE,567,0,567,1443.00,19.67,1
8610,DECODE,567,0,567,1444.00,19.34,1
8611,DECODE,567,0,567,1445.00,19.30,1
8612,DECODE,567,0,567,1446.00,19.34,1
8613,DECODE,567,0,567,1447.00,19.16,1
8614,DECODE,567,0,567,1448.00,19.28,1
8615,DECODE,567,0,567,1449.00,19.20,1
8616,DECODE,567,0,567,1450.00,19.29,1
8617,DECODE,567,0,567,1451.00,19.14,1
8618,DECODE,567,0,567,1452.00,19.27,1
8619,DECODE,566,0,566,1452.84,19.26,1
8620,DECODE,565,0,565,1452.93,19.34,1
8621,DECODE,565,0,565,1453.93,19.20,1
8622,DECODE,565,0,565,1454.93,19.21,1
8623,DECODE,565,0,565,1455.93,19.16,1
8624,DECODE,565,0,565,1456.93,20.45,1
8625,DECODE,564,0,564,1458.68,19.10,1
8626,DECODE,564,0,564,1459.68,19.16,1
8627,DECODE,563,0,563,1458.73,19.10,1
8628,DECODE,563,0,563,1459.73,19.30,1
8629,DECODE,562,0,562,1458.77,19.21,1
8630,DECODE,562,0,562,1459.77,19.24,1
8631,DECODE,562,0,562,1460.77,18.97,1
8632,DECODE,562,0,562,1461.77,19.03,1
8633,DECODE,562,0,562,1462.77,18.99,1
8634,DECODE,562,0,562,1463.77,19.11,1
8635,DECODE,562,0,562,1464.77,18.94,1
8636,DECODE,561,0,561,1466.60,19.34,1
8637,DECODE,561,0,561,1467.60,19.26,1
8638,DECODE,560,0,560,1468.78,19.27,1
8639,DECODE,560,0,560,1469.78,18.86,1
8640,DECODE,560,0,560,1470.78,18.99,1
8641,DECODE,559,0,559,1472.14,18.80,1
8642,DECODE,559,0,559,1473.14,19.33,1
8643,DECODE,558,0,558,1472.19,19.13,1
8644,DECODE,558,0,558,1473.19,19.35,1
8645,DECODE,558,0,558,1474.19,18.92,1
8646,DECODE,558,0,558,1475.19,19.00,1
8647,DECODE,557,0,557,1476.71,18.83,1
8648,DECODE,557,0,557,1477.71,18.77,1
8649,DECODE,557,0,557,1478.71,18.76,1
8650,DECODE,556,0,556,1480.61,18.62,1
8651,DECODE,555,0,555,1480.66,18.96,1
8652,DECODE,555,0,555,1481.66,18.79,1
8653,DECODE,554,0,554,1483.14,19.19,1
8654,DECODE,553,0,553,1482.19,18.93,1
8655,DECODE,553,0,553,1483.19,20.15,1
8656,DECODE,553,0,553,1484.19,20.10,1
8657,DECODE,552,0,552,1483.24,18.93,1
8658,DECODE,552,0,552,1484.24,18.64,1
8659,DECODE,552,0,552,1485.24,18.56,1
8660,DECODE,552,0,552,1486.24,18.72,1
8661,DECODE,551,0,551,1487.30,19.22,1
8662,DECODE,551,0,551,1488.30,18.92,1
8663,DECODE,551,0,551,1489.30,18.77,1
8664,DECODE,551,0,551,1490.30,18.70,1
8665,DECODE,551,0,551,1491.30,18.86,1
8666,DECODE,551,0,551,1492.30,18.94,1
8667,DECODE,551,0,551,1493.30,18.80,1
8668,DECODE,550,0,550,1493.37,19.02,1
8669,DECODE,550,0,550,1494.37,18.95,1
8670,DECODE,550,0,550,1495.37,18.65,1
8671,DECODE,550,0,550,1496.37,18.65,1
8672,DECODE,550,0,550,1497.37,18.63,1
8673,DECODE,549,0,549,1499.20,18.74,1
8674,DECODE,549,0,549,1500.20,18.78,1
8675,DECODE,548,0,548,1502.04,18.44,1
8676,DECODE,547,0,547,1503.88,18.76,1
8677,DECODE,547,0,547,1504.88,18.66,1
8678,DECODE,546,0,546,1506.65,18.63,1
8679,DECODE,546,0,546,1507.65,18.64,1
8680,DECODE,545,0,545,1509.49,18.74,1
8681,DECODE,545,0,545,1510.49,18.84,1
8682,DECODE,544,0,544,1512.00,18.89,1
8683,DECODE,543,0,543,1512.35,18.81,1
8684,DECODE,543,0,543,1513.35,18.79,1
8685,DECODE,543,0,543,1514.35,18.75,1
8686,DECODE,543,0,543,1515.35,18.71,1
8687,DECODE,543,0,543,1516.35,18.81,1
8688,DECODE,542,0,542,1518.23,18.93,1
8689,DECODE,542,0,542,1519.23,18.95,1
8690,DECODE,541,0,541,1520.65,19.33,1
8691,DECODE,541,0,541,1521.65,18.88,1
8692,DECODE,540,0,540,1523.43,18.57,1
8693,DECODE,540,0,540,1524.43,18.64,1
8694,DECODE,539,0,539,1526.30,18.92,1
8695,DECODE,539,0,539,1527.30,18.84,1
8696,DECODE,538,0,538,1529.15,18.74,1
8697,DECODE,538,0,538,1530.15,18.97,1
8698,DECODE,537,0,537,1531.88,19.07,1
8699,DECODE,537,0,537,1532.88,18.96,1
8700,DECODE,536,0,536,1534.47,18.62,1
8701,DECODE,536,0,536,1535.47,18.72,1
8702,DECODE,536,0,536,1536.47,18.63,1
8703,DECODE,535,0,535,1538.29,18.96,1
8704,DECODE,535,0,535,1539.29,18.87,1
8705,DECODE,534,0,534,1541.05,18.83,1
8706,DECODE,534,0,534,1542.05,27.57,1
8707,DECODE,533,0,533,1541.14,21.17,1
8708,DECODE,533,0,533,1542.14,19.00,1
8709,DECODE,532,0,532,1543.54,18.62,1
8710,DECODE,532,0,532,1544.54,18.71,1
8711,DECODE,532,0,532,1545.54,18.78,1
8712,DECODE,531,0,531,1546.08,18.95,1
8713,DECODE,531,0,531,1547.08,18.70,1
8714,DECODE,531,0,531,1548.08,18.84,1
8715,DECODE,530,0,530,1549.45,18.85,1
8716,DECODE,530,0,530,1550.45,18.90,1
8717,DECODE,530,0,530,1551.45,18.78,1
8718,DECODE,530,0,530,1552.45,19.00,1
8719,DECODE,530,0,530,1553.45,19.16,1
8720,DECODE,529,0,529,1552.55,19.20,1
8721,DECODE,529,0,529,1553.55,19.04,1
8722,DECODE,529,0,529,1554.55,18.84,1
8723,DECODE,529,0,529,1555.55,18.93,1
8724,DECODE,529,0,529,1556.55,18.96,1
8725,DECODE,528,0,528,1558.40,18.58,1
8726,DECODE,528,0,528,1559.40,18.62,1
8727,DECODE,527,0,527,1561.27,18.59,1
8728,DECODE,527,0,527,1562.27,18.64,1
8729,DECODE,526,0,526,1564.03,18.82,1
8730,DECODE,526,0,526,1565.03,18.70,1
8731,DECODE,525,0,525,1566.15,19.00,1
8732,DECODE,525,0,525,1567.15,18.58,1
8733,DECODE,525,0,525,1568.15,18.70,1
8734,DECODE,524,0,524,1569.58,18.75,1
8735,DECODE,524,0,524,1570.58,18.46,1
8736,DECODE,523,0,523,1572.41,18.69,1
8737,DECODE,523,0,523,1573.41,18.71,1
8738,DECODE,522,0,522,1572.52,18.92,1
8739,DECODE,522,0,522,1573.52,21.46,1
8740,DECODE,522,0,522,1574.52,19.23,1
8741,DECODE,522,0,522,1575.52,18.63,1
8742,DECODE,522,0,522,1576.52,18.99,1
8743,DECODE,522,0,522,1577.52,18.75,1
8744,DECODE,521,0,521,1578.88,19.45,1
8745,DECODE,521,0,521,1579.88,19.21,1
8746,DECODE,520,0,520,1580.50,19.09,1
8747,DECODE,520,0,520,1581.50,18.64,1
8748,DECODE,520,0,520,1582.50,18.41,1
8749,DECODE,520,0,520,1583.50,18.47,1
8750,DECODE,519,0,519,1584.94,18.54,1
8751,DECODE,519,0,519,1585.94,18.76,1
8752,DECODE,518,0,518,1587.39,18.64,1
8753,DECODE,518,0,518,1588.39,18.69,1
8754,DECODE,518,0,518,1589.39,18.60,1
8755,DECODE,517,0,517,1591.30,18.80,1
8756,DECODE,517,0,517,1592.30,18.67,1
8757,DECODE,516,0,516,1593.99,18.92,1
8758,DECODE,516,0,516,1594.99,18.73,1
8759,DECODE,515,0,515,1596.81,19.11,1
8760,DECODE,515,0,515,1597.81,18.55,1
8761,DECODE,514,0,514,1596.94,19.67,1
8762,DECODE,514,0,514,1597.94,20.04,1
8763,DECODE,514,0,514,1598.94,19.79,1
8764,DECODE,514,0,514,1599.94,20.24,1
8765,DECODE,514,0,514,1600.94,20.79,1
8766,DECODE,512,0,512,1599.05,17.20,1
8767,DECODE,512,0,512,1600.05,17.24,1
8768,DECODE,512,0,512,1601.05,17.10,1
8769,DECODE,512,0,512,1602.05,17.25,1
8770,DECODE,512,0,512,1603.05,18.58,1
8771,DECODE,512,0,512,1604.05,17.34,1
8772,DECODE,512,0,512,1605.05,17.23,1
8773,DECODE,512,0,512,1606.05,17.38,1
8774,DECODE,512,0,512,1607.05,18.17,1
8775,DECODE,512,0,512,1608.05,17.90,1
8776,DECODE,511,0,511,1609.91,19.53,1
8777,DECODE,511,0,511,1610.91,18.65,1
8778,DECODE,510,0,510,1612.77,19.25,1
8779,DECODE,510,0,510,1613.77,18.68,1
8780,DECODE,509,0,509,1615.66,19.41,1
8781,DECODE,508,0,508,1616.80,19.06,1
8782,DECODE,508,0,508,1617.80,17.43,1
8783,DECODE,507,0,507,1617.22,17.32,1
8784,DECODE,507,0,507,1618.22,17.30,1
8785,DECODE,506,0,506,1619.66,17.28,1
8786,DECODE,506,0,506,1620.66,17.29,1
8787,DECODE,506,0,506,1621.66,17.16,1
8788,DECODE,506,0,506,1622.66,17.29,1
8789,DECODE,506,0,506,1623.66,17.20,1
8790,DECODE,506,0,506,1624.66,17.28,1
8791,DECODE,506,0,506,1625.66,17.21,1
8792,DECODE,505,0,505,1626.45,17.24,1
8793,DECODE,505,0,505,1627.45,17.33,1
8794,DECODE,505,0,505,1628.45,17.18,1
8795,DECODE,505,0,505,1629.45,17.23,1
8796,DECODE,504,0,504,1628.60,17.23,1
8797,DECODE,504,0,504,1629.60,17.32,1
8798,DECODE,504,0,504,1630.60,17.17,1
8799,DECODE,504,0,504,1631.60,17.20,1
8800,DECODE,504,0,504,1632.60,17.27,1
8801,DECODE,504,0,504,1633.60,17.20,1
8802,DECODE,503,0,503,1634.89,17.20,1
8803,DECODE,502,0,502,1634.85,17.33,1
8804,DECODE,502,0,502,1635.85,17.26,1
8805,DECODE,502,0,502,1636.85,17.17,1
8806,DECODE,502,0,502,1637.85,16.88,1
8807,DECODE,502,0,502,1638.85,17.19,1
8808,DECODE,502,0,502,1639.85,17.21,1
8809,DECODE,501,0,501,1641.66,17.34,1
8810,DECODE,500,0,500,1642.71,18.76,1
8811,DECODE,499,0,499,1643.28,18.41,1
8812,DECODE,499,0,499,1644.28,18.61,1
8813,DECODE,499,0,499,1645.28,17.28,1
8814,DECODE,498,0,498,1646.86,18.45,1
8815,DECODE,498,0,498,1647.86,17.26,1
8816,DECODE,498,0,498,1648.86,17.26,1
8817,DECODE,497,0,497,1648.02,17.25,1
8818,DECODE,497,0,497,1649.02,17.17,1
8819,DECODE,497,0,497,1650.02,17.13,1
8820,DECODE,497,0,497,1651.02,17.57,1
8821,DECODE,497,0,497,1652.02,17.67,1
8822,DECODE,497,0,497,1653.02,17.64,1
8823,DECODE,497,0,497,1654.02,17.70,1
8824,DECODE,497,0,497,1655.02,18.44,1
8825,DECODE,497,0,497,1656.02,18.39,1
8826,DECODE,496,0,496,1657.01,18.99,1
8827,DECODE,496,0,496,1658.01,18.99,1
8828,DECODE,496,0,496,1659.01,18.30,1
8829,DECODE,495,0,495,1660.84,19.48,1
8830,DECODE,493,0,493,1658.19,19.05,1
8831,DECODE,493,0,493,1659.19,18.69,1
8832,DECODE,493,0,493,1660.19,18.41,1
8833,DECODE,492,0,492,1659.37,18.59,1
8834,DECODE,492,0,492,1660.37,18.72,1
8835,DECODE,492,0,492,1661.37,18.32,1
8836,DECODE,492,0,492,1662.37,18.29,1
8837,DECODE,492,0,492,1663.37,18.33,1
8838,DECODE,492,0,492,1664.37,18.34,1
8839,DECODE,492,0,492,1665.37,18.33,1
8840,DECODE,492,0,492,1666.37,18.20,1
8841,DECODE,491,0,491,1668.17,18.19,1
8842,DECODE,491,0,491,1669.17,17.76,1
8843,DECODE,491,0,491,1670.17,18.27,1
8844,DECODE,491,0,491,1671.17,18.23,1
8845,DECODE,490,0,490,1671.78,18.63,1
8846,DECODE,490,0,490,1672.78,17.83,1
8847,DECODE,490,0,490,1673.78,18.15,1
8848,DECODE,490,0,490,1674.78,18.41,1
8849,DECODE,490,0,490,1675.78,18.12,1
8850,DECODE,489,0,489,1674.97,18.63,1
8851,DECODE,489,0,489,1675.97,18.81,1
8852,DECODE,489,0,489,1676.97,18.21,1
8853,DECODE,489,0,489,1677.97,18.18,1
8854,DECODE,489,0,489,1678.97,18.32,1
8855,DECODE,489,0,489,1679.97,18.14,1
8856,DECODE,489,0,489,1680.97,18.23,1
8857,DECODE,489,0,489,1681.97,18.29,1
8858,DECODE,489,0,489,1682.97,18.28,1
8859,DECODE,488,0,488,1684.81,19.24,1
8860,DECODE,488,0,488,1685.81,18.60,1
8861,DECODE,488,0,488,1686.81,18.27,1
8862,DECODE,487,0,487,1688.68,19.77,1
8863,DECODE,487,0,487,1689.68,18.60,1
8864,DECODE,486,0,486,1691.00,19.30,1
8865,DECODE,486,0,486,1692.00,18.70,1
8866,DECODE,485,0,485,1691.21,18.63,1
8867,DECODE,484,0,484,1690.41,19.25,1
8868,DECODE,484,0,484,1691.41,18.56,1
8869,DECODE,484,0,484,1692.41,18.35,1
8870,DECODE,484,0,484,1693.41,18.65,1
8871,DECODE,484,0,484,1694.41,18.37,1
8872,DECODE,484,0,484,1695.41,18.32,1
8873,DECODE,484,0,484,1696.41,18.44,1
8874,DECODE,484,0,484,1697.41,18.42,1
8875,DECODE,484,0,484,1698.41,18.56,1
8876,DECODE,483,0,483,1699.97,18.70,1
8877,DECODE,482,0,482,1699.18,19.17,1
8878,DECODE,482,0,482,1700.18,18.71,1
8879,DECODE,482,0,482,1701.18,18.33,1
8880,DECODE,482,0,482,1702.18,18.56,1
8881,DECODE,482,0,482,1703.18,18.44,1
8882,DECODE,482,0,482,1704.18,18.42,1
8883,DECODE,482,0,482,1705.18,19.50,1
8884,DECODE,482,0,482,1706.18,18.38,1
8885,DECODE,482,0,482,1707.18,18.51,1
8886,DECODE,481,0,481,1708.99,19.39,1
8887,DECODE,481,0,481,1709.99,17.98,1
8888,DECODE,481,0,481,1710.99,17.77,1
8889,DECODE,480,0,480,1712.75,18.43,1
8890,DECODE,479,0,479,1713.29,19.03,1
8891,DECODE,479,0,479,1714.29,18.51,1
8892,DECODE,478,0,478,1715.82,18.50,1
8893,DECODE,477,0,477,1715.05,18.96,1
8894,DECODE,475,0,475,1712.78,18.06,1
8895,DECODE,474,0,474,1714.14,18.78,1
8896,DECODE,474,0,474,1715.14,18.65,1
8897,DECODE,474,0,474,1716.14,18.24,1
8898,DECODE,473,0,473,1717.64,18.61,1
8899,DECODE,473,0,473,1718.64,18.70,1
8900,DECODE,473,0,473,1719.64,18.03,1
8901,DECODE,473,0,473,1720.64,18.20,1
8902,DECODE,473,0,473,1721.64,17.50,1
8903,DECODE,473,0,473,1722.64,18.42,1
8904,DECODE,473,0,473,1723.64,18.46,1
8905,DECODE,473,0,473,1724.64,18.50,1
8906,DECODE,473,0,473,1725.64,18.52,1
8907,DECODE,473,0,473,1726.64,18.54,1
8908,DECODE,473,0,473,1727.64,18.55,1
8909,DECODE,473,0,473,1728.64,18.55,1
8910,DECODE,473,0,473,1729.64,18.48,1
8911,DECODE,473,0,473,1730.64,18.45,1
8912,DECODE,473,0,473,1731.64,18.06,1
8913,DECODE,472,0,472,1733.23,18.05,1
8914,DECODE,472,0,472,1734.23,18.86,1
8915,DECODE,472,0,472,1735.23,18.57,1
8916,DECODE,472,0,472,1736.23,18.36,1
8917,DECODE,472,0,472,1737.23,18.47,1
8918,DECODE,472,0,472,1738.23,19.07,1
8919,DECODE,472,0,472,1739.23,18.48,1
8920,DECODE,472,0,472,1740.23,18.61,1
8921,DECODE,470,0,470,1739.98,19.22,1
8922,DECODE,470,0,470,1740.98,19.09,1
8923,DECODE,470,0,470,1741.98,18.47,1
8924,DECODE,470,0,470,1742.98,18.59,1
8925,DECODE,470,0,470,1743.98,18.36,1
8926,DECODE,470,0,470,1744.98,17.89,1
8927,DECODE,469,0,469,1744.86,18.68,1
8928,DECODE,469,0,469,1745.86,18.77,1
8929,DECODE,469,0,469,1746.86,18.38,1
8930,DECODE,468,0,468,1746.75,18.86,1
8931,DECODE,468,0,468,1747.75,18.57,1
8932,DECODE,467,0,467,1747.01,18.47,1
8933,DECODE,466,0,466,1746.26,19.05,1
8934,DECODE,465,0,465,1746.11,18.28,1
8935,DECODE,465,0,465,1747.11,19.08,1
8936,DECODE,465,0,465,1748.11,19.03,1
8937,DECODE,465,0,465,1749.11,18.52,1
8938,DECODE,465,0,465,1750.11,18.53,1
8939,DECODE,465,0,465,1751.11,18.40,1
8940,DECODE,464,0,464,1750.36,18.93,1
8941,DECODE,464,0,464,1751.36,19.62,1
8942,DECODE,464,0,464,1752.36,18.85,1
8943,DECODE,464,0,464,1753.36,18.25,1
8944,DECODE,464,0,464,1754.36,18.70,1
8945,DECODE,464,0,464,1755.36,18.62,1
8946,DECODE,463,0,463,1756.35,18.96,1
8947,DECODE,463,0,463,1757.35,18.93,1
8948,DECODE,463,0,463,1758.35,18.87,1
8949,DECODE,463,0,463,1759.35,18.73,1
8950,DECODE,463,0,463,1760.35,18.71,1
8951,DECODE,463,0,463,1761.35,18.99,1
8952,DECODE,462,0,462,1762.69,18.72,1
8953,DECODE,462,0,462,1763.69,17.86,1
8954,DECODE,462,0,462,1764.69,18.27,1
8955,DECODE,462,0,462,1765.69,18.06,1
8956,DECODE,462,0,462,1766.69,18.05,1
8957,DECODE,462,0,462,1767.69,18.00,1
8958,DECODE,461,0,461,1766.97,18.65,1
8959,DECODE,461,0,461,1767.97,19.02,1
8960,DECODE,459,0,459,1766.98,18.77,1
8961,DECODE,459,0,459,1767.98,19.12,1
8962,DECODE,458,0,458,1768.12,18.39,1
8963,DECODE,458,0,458,1769.12,18.48,1
8964,DECODE,457,0,457,1768.39,18.40,1
8965,DECODE,457,0,457,1769.39,18.42,1
8966,DECODE,457,0,457,1770.39,17.85,1
8967,DECODE,456,0,456,1769.66,18.20,1
8968,DECODE,456,0,456,1770.66,18.17,1
8969,DECODE,456,0,456,1771.66,17.80,1
8970,DECODE,455,0,455,1770.93,18.10,1
8971,DECODE,454,0,454,1772.24,18.82,1
8972,DECODE,454,0,454,1773.24,18.19,1
8973,DECODE,454,0,454,1774.24,17.90,1
8974,DECODE,453,0,453,1774.66,18.06,1
8975,DECODE,453,0,453,1775.66,18.14,1
8976,DECODE,453,0,453,1776.66,17.59,1
8977,DECODE,453,0,453,1777.66,17.65,1
8978,DECODE,452,0,452,1776.98,18.23,1
8979,DECODE,452,0,452,1777.98,18.20,1
8980,DECODE,452,0,452,1778.98,17.73,1
8981,DECODE,452,0,452,1779.98,17.64,1
8982,DECODE,452,0,452,1780.98,17.68,1
8983,DECODE,452,0,452,1781.98,17.75,1
8984,DECODE,452,0,452,1782.98,17.73,1
8985,DECODE,452,0,452,1783.98,17.56,1
8986,DECODE,451,0,451,1783.26,18.13,1
8987,DECODE,450,0,450,1782.54,18.77,1
8988,DECODE,450,0,450,1783.54,18.03,1
8989,DECODE,450,0,450,1784.54,17.78,1
8990,DECODE,450,0,450,1785.54,17.76,1
8991,DECODE,450,0,450,1786.54,17.64,1
8992,DECODE,450,0,450,1787.54,17.73,1
8993,DECODE,450,0,450,1788.54,17.68,1
8994,DECODE,450,0,450,1789.54,17.73,1
8995,DECODE,450,0,450,1790.54,17.77,1
8996,DECODE,450,0,450,1791.54,17.66,1
8997,DECODE,449,0,449,1790.82,18.12,1
8998,DECODE,449,0,449,1791.82,18.15,1
8999,DECODE,449,0,449,1792.82,17.62,1
9000,DECODE,449,0,449,1793.82,17.72,1
9001,DECODE,449,0,449,1794.82,17.86,1
9002,DECODE,449,0,449,1795.82,17.66,1
9003,DECODE,449,0,449,1796.82,17.75,1
9004,DECODE,449,0,449,1797.82,17.71,1
9005,DECODE,449,0,449,1798.82,17.78,1
9006,DECODE,449,0,449,1799.82,17.82,1
9007,DECODE,448,0,448,1801.03,18.17,1
9008,DECODE,448,0,448,1802.03,18.13,1
9009,DECODE,447,0,447,1802.96,18.23,1
9010,DECODE,447,0,447,1803.96,18.19,1
9011,DECODE,447,0,447,1804.96,17.87,1
9012,DECODE,447,0,447,1805.96,18.01,1
9013,DECODE,447,0,447,1806.96,17.87,1
9014,DECODE,447,0,447,1807.96,17.78,1
9015,DECODE,447,0,447,1808.96,17.92,1
9016,DECODE,446,0,446,1808.27,18.24,1
9017,DECODE,446,0,446,1809.27,19.26,1
9018,DECODE,445,0,445,1810.80,17.99,1
9019,DECODE,445,0,445,1811.80,17.99,1
9020,DECODE,445,0,445,1812.80,17.73,1
9021,DECODE,445,0,445,1813.80,17.62,1
9022,DECODE,445,0,445,1814.80,17.57,1
9023,DECODE,445,0,445,1815.80,17.65,1
9024,DECODE,445,0,445,1816.80,17.79,1
9025,DECODE,445,0,445,1817.80,17.84,1
9026,DECODE,445,0,445,1818.80,17.92,1
9027,DECODE,445,0,445,1819.80,17.48,1
9028,DECODE,445,0,445,1820.80,17.89,1
9029,DECODE,445,0,445,1821.80,17.67,1
9030,DECODE,445,0,445,1822.80,17.76,1
9031,DECODE,445,0,445,1823.80,17.96,1
9032,DECODE,445,0,445,1824.80,17.84,1
9033,DECODE,445,0,445,1825.80,17.83,1
9034,DECODE,445,0,445,1826.80,17.96,1
9035,DECODE,445,0,445,1827.80,17.76,1
9036,DECODE,445,0,445,1828.80,17.84,1
9037,DECODE,445,0,445,1829.80,17.88,1
9038,DECODE,445,0,445,1830.80,17.99,1
9039,DECODE,445,0,445,1831.80,17.86,1
9040,DECODE,445,0,445,1832.80,17.96,1
9041,DECODE,445,0,445,1833.80,17.76,1
9042,DECODE,445,0,445,1834.80,17.84,1
9043,DECODE,445,0,445,1835.80,17.89,1
9044,DECODE,445,0,445,1836.80,17.97,1
9045,DECODE,445,0,445,1837.80,17.93,1
9046,DECODE,444,0,444,1837.17,18.12,1
9047,DECODE,444,0,444,1838.17,17.89,1
9048,DECODE,444,0,444,1839.17,17.82,1
9049,DECODE,444,0,444,1840.17,17.85,1
9050,DECODE,444,0,444,1841.17,18.01,1
9051,DECODE,444,0,444,1842.17,17.90,1
9052,DECODE,443,0,443,1843.54,18.07,1
9053,DECODE,443,0,443,1844.54,18.14,1
9054,DECODE,443,0,443,1845.54,17.95,1
9055,DECODE,443,0,443,1846.54,17.85,1
9056,DECODE,443,0,443,1847.54,17.78,1
9057,DECODE,442,0,442,1846.93,18.33,1
9058,DECODE,442,0,442,1847.93,18.35,1
9059,DECODE,442,0,442,1848.93,17.81,1
9060,DECODE,442,0,442,1849.93,17.20,1
9061,DECODE,441,0,441,1850.81,17.46,1
9062,DECODE,441,0,441,1851.81,17.37,1
9063,DECODE,441,0,441,1852.81,17.25,1
9064,DECODE,441,0,441,1853.81,17.19,1
9065,DECODE,441,0,441,1854.81,17.91,1
9066,DECODE,441,0,441,1855.81,17.25,1
9067,DECODE,439,0,439,1855.47,17.52,1
9068,DECODE,439,0,439,1856.47,17.40,1
9069,DECODE,439,0,439,1857.47,17.20,1
9070,DECODE,438,0,438,1857.55,17.49,1
9071,DECODE,438,0,438,1858.55,17.42,1
9072,DECODE,438,0,438,1859.55,17.11,1
9073,DECODE,437,0,437,1861.02,17.58,1
9074,DECODE,437,0,437,1862.02,17.45,1
9075,DECODE,437,0,437,1863.02,17.15,1
9076,DECODE,437,0,437,1864.02,17.19,1
9077,DECODE,437,0,437,1865.02,17.18,1
9078,DECODE,437,0,437,1866.02,17.17,1
9079,DECODE,437,0,437,1867.02,17.17,1
9080,DECODE,437,0,437,1868.02,17.23,1
9081,DECODE,437,0,437,1869.02,17.25,1
9082,DECODE,437,0,437,1870.02,17.19,1
9083,DECODE,437,0,437,1871.02,17.97,1
9084,DECODE,437,0,437,1872.02,17.21,1
9085,DECODE,437,0,437,1873.02,17.25,1
9086,DECODE,436,0,436,1874.34,18.21,1
9087,DECODE,436,0,436,1875.34,18.24,1
9088,DECODE,436,0,436,1876.34,18.02,1
9089,DECODE,436,0,436,1877.34,17.83,1
9090,DECODE,436,0,436,1878.34,17.89,1
9091,DECODE,436,0,436,1879.34,17.82,1
9092,DECODE,436,0,436,1880.34,17.86,1
9093,DECODE,436,0,436,1881.34,17.81,1
9094,DECODE,436,0,436,1882.34,17.78,1
9095,DECODE,436,0,436,1883.34,17.95,1
9096,DECODE,436,0,436,1884.34,17.74,1
9097,DECODE,436,0,436,1885.34,17.79,1
9098,DECODE,436,0,436,1886.34,17.78,1
9099,DECODE,436,0,436,1887.34,17.83,1
9100,DECODE,435,0,435,1889.17,18.67,1
9101,DECODE,435,0,435,1890.17,18.24,1
9102,DECODE,435,0,435,1891.17,17.84,1
9103,DECODE,434,0,434,1892.85,18.79,1
9104,DECODE,434,0,434,1893.85,18.11,1
9105,DECODE,434,0,434,1894.85,17.85,1
9106,DECODE,434,0,434,1895.85,17.86,1
9107,DECODE,433,0,433,1897.65,18.77,1
9108,DECODE,433,0,433,1898.65,18.10,1
9109,DECODE,433,0,433,1899.65,17.92,1
9110,DECODE,432,0,432,1901.52,18.53,1
9111,DECODE,432,0,432,1902.52,17.75,1
9112,DECODE,432,0,432,1903.52,17.43,1
9113,DECODE,432,0,432,1904.52,17.46,1
9114,DECODE,431,0,431,1906.29,18.42,1
9115,DECODE,431,0,431,1907.29,17.87,1
9116,DECODE,431,0,431,1908.29,17.51,1
9117,DECODE,431,0,431,1909.29,17.47,1
9118,DECODE,430,0,430,1910.93,18.34,1
9119,DECODE,430,0,430,1911.93,17.83,1
9120,DECODE,430,0,430,1912.93,17.58,1
9121,DECODE,429,0,429,1914.67,18.34,1
9122,DECODE,429,0,429,1915.67,17.79,1
9123,DECODE,429,0,429,1916.67,17.51,1
9124,DECODE,429,0,429,1917.67,17.53,1
9125,DECODE,428,0,428,1918.62,18.08,1
9126,DECODE,428,0,428,1919.62,18.02,1
9127,DECODE,428,0,428,1920.62,17.62,1
9128,DECODE,428,0,428,1921.62,17.61,1
9129,DECODE,428,0,428,1922.62,17.59,1
9130,DECODE,427,0,427,1923.22,18.32,1
9131,DECODE,427,0,427,1924.22,18.08,1
9132,DECODE,427,0,427,1925.22,17.47,1
9133,DECODE,427,0,427,1926.22,17.77,1
9134,DECODE,426,0,426,1927.90,18.40,1
9135,DECODE,426,0,426,1928.90,17.36,1
9136,DECODE,426,0,426,1929.90,17.53,1
9137,DECODE,426,0,426,1930.90,17.55,1
9138,DECODE,425,0,425,1932.72,18.36,1
9139,DECODE,425,0,425,1933.72,17.88,1
9140,DECODE,425,0,425,1934.72,17.70,1
9141,DECODE,425,0,425,1935.72,17.77,1
9142,DECODE,424,0,424,1937.41,18.94,1
9143,DECODE,424,0,424,1938.41,18.12,1
9144,DECODE,424,0,424,1939.41,17.97,1
9145,DECODE,423,0,423,1939.09,18.17,1
9146,DECODE,423,0,423,1940.09,18.15,1
9147,DECODE,423,0,423,1941.09,17.70,1
9148,DECODE,423,0,423,1942.09,17.60,1
9149,DECODE,423,0,423,1943.09,17.77,1
9150,DECODE,423,0,423,1944.09,17.71,1
9151,DECODE,423,0,423,1945.09,17.77,1
9152,DECODE,422,0,422,1946.89,18.62,1
9153,DECODE,421,0,421,1946.43,18.30,1
9154,DECODE,421,0,421,1947.43,18.24,1
9155,DECODE,421,0,421,1948.43,17.75,1
9156,DECODE,421,0,421,1949.43,17.78,1
9157,DECODE,421,0,421,1950.43,17.67,1
9158,DECODE,421,0,421,1951.43,17.67,1
9159,DECODE,421,0,421,1952.43,17.78,1
9160,DECODE,421,0,421,1953.43,17.69,1
9161,DECODE,421,0,421,1954.43,17.67,1
9162,DECODE,420,0,420,1955.95,18.68,1
9163,DECODE,420,0,420,1956.95,18.31,1
9164,DECODE,419,0,419,1958.58,18.05,1
9165,DECODE,419,0,419,1959.58,18.28,1
9166,DECODE,419,0,419,1960.58,17.79,1
9167,DECODE,417,0,417,1960.74,18.09,1
9168,DECODE,417,0,417,1961.74,18.36,1
9169,DECODE,417,0,417,1962.74,17.76,1
9170,DECODE,415,0,415,1964.05,18.64,1
9171,DECODE,415,0,415,1965.05,18.48,1
9172,DECODE,415,0,415,1966.05,18.16,1
9173,DECODE,415,0,415,1967.05,18.06,1
9174,DECODE,414,0,414,1967.47,18.27,1
9175,DECODE,414,0,414,1968.47,18.58,1
9176,DECODE,414,0,414,1969.47,18.01,1
9177,DECODE,414,0,414,1970.47,18.17,1
9178,DECODE,414,0,414,1971.47,17.98,1
9179,DECODE,414,0,414,1972.47,17.97,1
9180,DECODE,413,0,413,1972.81,18.40,1
9181,DECODE,413,0,413,1973.81,18.32,1
9182,DECODE,412,0,412,1973.39,19.24,1
9183,DECODE,411,0,411,1974.36,18.76,1
9184,DECODE,411,0,411,1975.36,18.34,1
9185,DECODE,411,0,411,1976.36,18.01,1
9186,DECODE,411,0,411,1977.36,18.03,1
9187,DECODE,411,0,411,1978.36,18.16,1
9188,DECODE,411,0,411,1979.36,18.50,1
9189,DECODE,411,0,411,1980.36,18.06,1
9190,DECODE,411,0,411,1981.36,18.01,1
9191,DECODE,411,0,411,1982.36,17.99,1
9192,DECODE,410,0,410,1983.61,18.31,1
9193,DECODE,410,0,410,1984.61,18.41,1
9194,DECODE,410,0,410,1985.61,17.28,1
9195,DECODE,410,0,410,1986.61,17.29,1
9196,DECODE,409,0,409,1986.21,17.49,1
9197,DECODE,409,0,409,1987.21,17.54,1
9198,DECODE,409,0,409,1988.21,17.31,1
9199,DECODE,409,0,409,1989.21,17.40,1
9200,DECODE,409,0,409,1990.21,17.24,1
9201,DECODE,409,0,409,1991.21,18.30,1
9202,DECODE,409,0,409,1992.21,18.11,1
9203,DECODE,408,0,408,1992.83,18.49,1
9204,DECODE,408,0,408,1993.83,18.80,1
9205,DECODE,408,0,408,1994.83,18.27,1
9206,DECODE,408,0,408,1995.83,18.33,1
9207,DECODE,408,0,408,1996.83,18.24,1
9208,DECODE,408,0,408,1997.83,18.35,1
9209,DECODE,408,0,408,1998.83,18.21,1
9210,DECODE,407,0,407,1998.45,18.79,1
9211,DECODE,407,0,407,1999.45,18.80,1
9212,DECODE,407,0,407,2000.45,18.19,1
9213,DECODE,405,0,405,2000.29,19.48,1
9214,DECODE,404,0,404,1999.91,19.40,1
9215,DECODE,403,0,403,2000.22,19.61,1
9216,DECODE,403,0,403,2001.22,18.96,1
9217,DECODE,403,0,403,2002.22,18.15,1
9218,DECODE,402,0,402,2001.83,18.49,1
9219,DECODE,401,0,401,2002.98,18.87,1
9220,DECODE,400,0,400,2002.58,18.54,1
9221,DECODE,399,0,399,2004.02,18.33,1
9222,DECODE,398,0,398,2003.62,18.65,1
9223,DECODE,396,0,396,2002.57,19.06,1
9224,DECODE,394,0,394,2001.39,17.99,1
9225,DECODE,393,0,393,2002.92,17.94,1
9226,DECODE,393,0,393,2003.92,17.46,1
9227,DECODE,392,0,392,2005.44,17.23,1
9228,DECODE,390,0,390,2006.36,17.69,1
9229,DECODE,389,0,389,2006.62,17.65,1
9230,DECODE,389,0,389,2007.62,17.28,1
9231,DECODE,388,0,388,2007.20,17.46,1
9232,DECODE,387,0,387,2006.77,17.62,1
9233,DECODE,387,0,387,2007.77,17.22,1
9234,DECODE,387,0,387,2008.77,16.89,1
9235,DECODE,385,0,385,2006.90,18.37,1
9236,DECODE,384,0,384,2008.59,17.68,1
9237,DECODE,384,0,384,2009.59,16.95,1
9238,DECODE,383,0,383,2009.15,17.29,1
9239,DECODE,383,0,383,2010.15,17.01,1
9240,DECODE,382,0,382,2009.71,16.94,1
9241,DECODE,381,0,381,2011.23,17.83,1
9242,DECODE,381,0,381,2012.23,17.03,1
9243,DECODE,381,0,381,2013.23,15.54,1
9244,DECODE,381,0,381,2014.23,16.60,1
9245,DECODE,381,0,381,2015.23,16.81,1
9246,DECODE,381,0,381,2016.23,16.49,1
9247,DECODE,381,0,381,2017.23,16.36,1
9248,DECODE,380,0,380,2018.74,16.82,1
9249,DECODE,380,0,380,2019.74,16.80,1
9250,DECODE,380,0,380,2020.74,16.48,1
9251,DECODE,380,0,380,2021.74,16.47,1
9252,DECODE,380,0,380,2022.74,16.51,1
9253,DECODE,380,0,380,2023.74,16.71,1
9254,DECODE,380,0,380,2024.74,17.97,1
9255,DECODE,380,0,380,2025.74,15.82,1
9256,DECODE,380,0,380,2026.74,15.62,1
9257,DECODE,379,0,379,2027.38,15.51,1
9258,DECODE,378,0,378,2028.91,15.58,1
9259,DECODE,378,0,378,2029.91,15.59,1
9260,DECODE,378,0,378,2030.91,15.51,1
9261,DECODE,378,0,378,2031.91,15.43,1
9262,DECODE,378,0,378,2032.91,15.50,1
9263,DECODE,378,0,378,2033.91,15.43,1
9264,DECODE,378,0,378,2034.91,15.46,1
9265,DECODE,378,0,378,2035.91,15.46,1
9266,DECODE,378,0,378,2036.91,15.52,1
9267,DECODE,378,0,378,2037.91,16.06,1
9268,DECODE,378,0,378,2038.91,16.45,1
9269,DECODE,378,0,378,2039.91,16.46,1
9270,DECODE,378,0,378,2040.91,15.77,1
9271,DECODE,378,0,378,2041.91,15.77,1
9272,DECODE,378,0,378,2042.91,15.73,1
9273,DECODE,378,0,378,2043.91,17.23,1
9274,DECODE,378,0,378,2044.91,17.31,1
9275,DECODE,378,0,378,2045.91,17.17,1
9276,DECODE,378,0,378,2046.91,16.48,1
9277,DECODE,378,0,378,2047.91,16.62,1
9278,DECODE,378,0,378,2048.91,17.03,1
9279,DECODE,378,0,378,2049.91,17.01,1
9280,DECODE,378,0,378,2050.91,15.57,1
9281,DECODE,378,0,378,2051.91,15.59,1
9282,DECODE,378,0,378,2052.91,15.62,1
9283,DECODE,378,0,378,2053.91,15.57,1
9284,DECODE,378,0,378,2054.91,15.57,1
9285,DECODE,378,0,378,2055.91,15.57,1
9286,DECODE,378,0,378,2056.91,15.59,1
9287,DECODE,378,0,378,2057.91,16.55,1
9288,DECODE,377,0,377,2059.27,17.00,1
9289,DECODE,376,0,376,2060.62,17.40,1
9290,DECODE,376,0,376,2061.62,16.96,1
9291,DECODE,376,0,376,2062.62,16.55,1
9292,DECODE,376,0,376,2063.62,16.47,1
9293,DECODE,376,0,376,2064.62,16.55,1
9294,DECODE,375,0,375,2064.30,16.85,1
9295,DECODE,374,0,374,2063.98,17.19,1
9296,DECODE,374,0,374,2064.98,17.19,1
9297,DECODE,374,0,374,2065.98,16.53,1
9298,DECODE,374,0,374,2066.98,16.60,1
9299,DECODE,374,0,374,2067.98,16.68,1
9300,DECODE,374,0,374,2068.98,16.69,1
9301,DECODE,374,0,374,2069.98,16.70,1
9302,DECODE,374,0,374,2070.98,15.64,1
9303,DECODE,374,0,374,2071.98,15.61,1
9304,DECODE,374,0,374,2072.98,15.64,1
9305,DECODE,374,0,374,2073.98,15.56,1
9306,DECODE,374,0,374,2074.98,15.55,1
9307,DECODE,374,0,374,2075.98,15.55,1
9308,DECODE,374,0,374,2076.98,15.66,1
9309,DECODE,374,0,374,2077.98,15.59,1
9310,DECODE,374,0,374,2078.98,15.60,1
9311,DECODE,373,0,373,2080.27,15.59,1
9312,DECODE,373,0,373,2081.27,15.65,1
9313,DECODE,373,0,373,2082.27,15.56,1
9314,DECODE,373,0,373,2083.27,15.59,1
9315,DECODE,373,0,373,2084.27,15.58,1
9316,DECODE,373,0,373,2085.27,15.61,1
9317,DECODE,372,0,372,2085.59,15.64,1
9318,DECODE,372,0,372,2086.59,16.88,1
9319,DECODE,372,0,372,2087.59,15.46,1
9320,DECODE,372,0,372,2088.59,15.45,1
9321,DECODE,372,0,372,2089.59,15.56,1
9322,DECODE,372,0,372,2090.59,15.54,1
9323,DECODE,372,0,372,2091.59,15.61,1
9324,DECODE,372,0,372,2092.59,15.66,1
9325,DECODE,371,0,371,2093.48,15.64,1
9326,DECODE,371,0,371,2094.48,15.64,1
9327,DECODE,371,0,371,2095.48,15.58,1
9328,DECODE,371,0,371,2096.48,15.55,1
9329,DECODE,371,0,371,2097.48,15.62,1
9330,DECODE,371,0,371,2098.48,15.64,1
9331,DECODE,371,0,371,2099.48,15.52,1
9332,DECODE,371,0,371,2100.48,15.67,1
9333,DECODE,371,0,371,2101.48,15.66,1
9334,DECODE,371,0,371,2102.48,15.65,1
9335,DECODE,371,0,371,2103.48,15.68,1
9336,DECODE,370,0,370,2103.24,15.64,1
9337,DECODE,370,0,370,2104.24,17.01,1
9338,DECODE,370,0,370,2105.24,15.58,1
9339,DECODE,370,0,370,2106.24,15.65,1
9340,DECODE,369,0,369,2106.76,15.69,1
9341,DECODE,369,0,369,2107.76,15.76,1
9342,DECODE,369,0,369,2108.76,15.69,1
9343,DECODE,369,0,369,2109.76,15.66,1
9344,DECODE,369,0,369,2110.76,16.62,1
9345,DECODE,369,0,369,2111.76,15.82,1
9346,DECODE,369,0,369,2112.76,15.87,1
9347,DECODE,369,0,369,2113.76,15.75,1
9348,DECODE,369,0,369,2114.76,15.82,1
9349,DECODE,369,0,369,2115.76,15.70,1
9350,DECODE,369,0,369,2116.76,15.72,1
9351,DECODE,368,0,368,2116.56,15.70,1
9352,DECODE,368,0,368,2117.56,15.72,1
9353,DECODE,368,0,368,2118.56,15.75,1
9354,DECODE,368,0,368,2119.56,15.66,1
9355,DECODE,368,0,368,2120.56,15.67,1
9356,DECODE,368,0,368,2121.56,15.63,1
9357,DECODE,368,0,368,2122.56,15.61,1
9358,DECODE,368,0,368,2123.56,15.74,1
9359,DECODE,368,0,368,2124.56,15.66,1
9360,DECODE,368,0,368,2125.56,15.59,1
9361,DECODE,368,0,368,2126.56,15.60,1
9362,DECODE,368,0,368,2127.56,15.59,1
9363,DECODE,368,0,368,2128.56,15.63,1
9364,DECODE,368,0,368,2129.56,15.52,1
9365,DECODE,368,0,368,2130.56,15.55,1
9366,DECODE,368,0,368,2131.56,15.53,1
9367,DECODE,367,0,367,2133.07,15.53,1
9368,DECODE,366,0,366,2133.30,15.53,1
9369,DECODE,364,0,364,2131.96,15.49,1
9370,DECODE,364,0,364,2132.96,15.65,1
9371,DECODE,364,0,364,2133.96,15.60,1
9372,DECODE,363,0,363,2135.37,15.52,1
9373,DECODE,363,0,363,2136.37,15.64,1
9374,DECODE,363,0,363,2137.37,15.58,1
9375,DECODE,362,0,362,2137.20,15.67,1
9376,DECODE,362,0,362,2138.20,15.66,1
9377,DECODE,361,0,361,2138.03,16.90,1
9378,DECODE,361,0,361,2139.03,16.81,1
9379,DECODE,361,0,361,2140.03,16.54,1
9380,DECODE,360,0,360,2139.86,16.89,1
9381,DECODE,359,0,359,2140.59,17.28,1
9382,DECODE,359,0,359,2141.59,16.91,1
9383,DECODE,359,0,359,2142.59,16.58,1
9384,DECODE,359,0,359,2143.59,16.60,1
9385,DECODE,359,0,359,2144.59,16.58,1
9386,DECODE,358,0,358,2144.43,16.72,1
9387,DECODE,358,0,358,2145.43,16.84,1
9388,DECODE,358,0,358,2146.43,16.63,1
9389,DECODE,357,0,357,2146.27,16.95,1
9390,DECODE,356,0,356,2147.65,17.21,1
9391,DECODE,356,0,356,2148.65,16.79,1
9392,DECODE,356,0,356,2149.65,16.58,1
9393,DECODE,356,0,356,2150.65,16.68,1
9394,DECODE,355,0,355,2150.50,16.87,1
9395,DECODE,355,0,355,2151.50,16.93,1
9396,DECODE,354,0,354,2152.39,16.90,1
9397,DECODE,354,0,354,2153.39,16.98,1
9398,DECODE,354,0,354,2154.39,16.63,1
9399,DECODE,354,0,354,2155.39,16.60,1
9400,DECODE,353,0,353,2156.84,16.97,1
9401,DECODE,353,0,353,2157.84,17.25,1
9402,DECODE,353,0,353,2158.84,16.57,1
9403,DECODE,353,0,353,2159.84,16.63,1
9404,DECODE,353,0,353,2160.84,16.64,1
9405,DECODE,353,0,353,2161.84,16.53,1
9406,DECODE,353,0,353,2162.84,16.51,1
9407,DECODE,353,0,353,2163.84,16.59,1
9408,DECODE,353,0,353,2164.84,16.63,1
9409,DECODE,353,0,353,2165.84,16.74,1
9410,DECODE,353,0,353,2166.84,16.72,1
9411,DECODE,353,0,353,2167.84,16.76,1
9412,DECODE,353,0,353,2168.84,16.70,1
9413,DECODE,353,0,353,2169.84,16.63,1
9414,DECODE,353,0,353,2170.84,16.60,1
9415,DECODE,353,0,353,2171.84,16.67,1
9416,DECODE,353,0,353,2172.84,16.62,1
9417,DECODE,353,0,353,2173.84,16.66,1
9418,DECODE,353,0,353,2174.84,16.60,1
9419,DECODE,353,0,353,2175.84,15.62,1
9420,DECODE,353,0,353,2176.84,16.65,1
9421,DECODE,353,0,353,2177.84,16.66,1
9422,DECODE,353,0,353,2178.84,15.75,1
9423,DECODE,353,0,353,2179.84,15.74,1
9424,DECODE,353,0,353,2180.84,15.73,1
9425,DECODE,353,0,353,2181.84,15.74,1
9426,DECODE,353,0,353,2182.84,15.92,1
9427,DECODE,353,0,353,2183.84,15.93,1
9428,DECODE,353,0,353,2184.84,16.06,1
9429,DECODE,353,0,353,2185.84,16.06,1
9430,DECODE,352,0,352,2186.43,16.02,1
9431,DECODE,352,0,352,2187.43,16.10,1
9432,DECODE,352,0,352,2188.43,15.97,1
9433,DECODE,352,0,352,2189.43,15.81,1
9434,DECODE,352,0,352,2190.43,15.78,1
9435,DECODE,352,0,352,2191.43,15.87,1
9436,DECODE,352,0,352,2192.43,15.83,1
9437,DECODE,351,0,351,2193.69,15.99,1
9438,DECODE,350,0,350,2193.65,15.95,1
9439,DECODE,350,0,350,2194.65,15.82,1
9440,DECODE,350,0,350,2195.65,15.95,1
9441,DECODE,350,0,350,2196.65,15.92,1
9442,DECODE,350,0,350,2197.65,15.99,1
9443,DECODE,350,0,350,2198.65,15.98,1
9444,DECODE,349,0,349,2198.61,15.91,1
9445,DECODE,349,0,349,2199.61,17.07,1
9446,DECODE,349,0,349,2200.61,15.87,1
9447,DECODE,349,0,349,2201.61,15.81,1
9448,DECODE,349,0,349,2202.61,15.76,1
9449,DECODE,348,0,348,2202.58,15.84,1
9450,DECODE,348,0,348,2203.58,16.99,1
9451,DECODE,348,0,348,2204.58,15.96,1
9452,DECODE,348,0,348,2205.58,15.96,1
9453,DECODE,347,0,347,2205.56,15.89,1
9454,DECODE,346,0,346,2207.32,15.94,1
9455,EXTEND,1,101,0,110.00,17.90,1
9456,DECODE,345,0,345,2201.08,15.83,1
9457,EXTEND,1,58,0,64.00,21.44,1
9458,DECODE,345,0,345,2194.84,15.76,1
9459,EXTEND,2,121,0,66.50,16.58,1
9460,DECODE,347,0,347,2183.58,15.93,1
9461,DECODE,347,0,347,2184.58,15.80,1
9462,DECODE,346,0,346,2185.32,15.81,1
9463,EXTEND,3,188,0,68.00,24.59,1
9464,DECODE,347,0,347,2165.96,15.83,1
9465,EXTEND,2,185,0,96.50,23.07,1
9466,DECODE,349,0,349,2155.10,15.65,1
9467,DECODE,349,0,349,2156.10,15.72,1
9468,DECODE,349,0,349,2157.10,15.82,1
9469,DECODE,349,0,349,2158.10,15.87,1
9470,DECODE,346,0,346,2155.62,16.56,1
9471,EXTEND,5,333,0,71.40,27.49,1
9472,DECODE,350,0,350,2125.69,15.77,1
9473,EXTEND,3,263,0,93.67,23.41,1
9474,DECODE,353,0,353,2109.42,15.68,1
9475,DECODE,353,0,353,2110.42,15.79,1
9476,DECODE,352,0,352,2110.14,16.12,1
9477,EXTEND,2,172,0,90.00,24.43,1
9478,DECODE,354,0,354,2099.73,15.78,1
9479,DECODE,354,0,354,2100.73,15.80,1
9480,DECODE,353,0,353,2100.43,15.99,1
9481,EXTEND,2,89,0,49.00,30.32,1
9482,DECODE,354,0,354,2088.54,15.83,1
9483,EXTEND,3,245,0,86.67,24.10,1
9484,DECODE,356,0,356,2071.35,15.77,1
9485,EXTEND,2,382,0,197.50,22.74,1
9486,DECODE,358,0,358,2061.88,15.71,1
9487,DECODE,358,0,358,2062.88,15.68,1
9488,DECODE,358,0,358,2063.88,15.71,1
9489,DECODE,358,0,358,2064.88,16.83,1
9490,DECODE,358,0,358,2065.88,16.34,1
9491,DECODE,358,0,358,2066.88,15.73,1
9492,DECODE,358,0,358,2067.88,15.92,1
9493,DECODE,358,0,358,2068.88,16.48,1
9494,DECODE,357,0,357,2068.51,17.32,1
9495,EXTEND,2,121,0,66.00,35.99,1
9496,DECODE,359,0,359,2058.35,15.93,1
9497,DECODE,359,0,359,2059.35,16.54,1
9498,DECODE,359,0,359,2060.35,16.47,1
9499,DECODE,359,0,359,2061.35,16.86,1
9500,DECODE,359,0,359,2062.35,16.94,1
9501,DECODE,359,0,359,2063.35,16.83,1
9502,DECODE,359,0,359,2064.35,16.76,1
9503,DECODE,359,0,359,2065.35,16.95,1
9504,DECODE,358,0,358,2064.97,16.61,1
9505,EXTEND,3,191,0,68.33,44.23,1
9506,DECODE,360,0,360,2049.49,15.42,1
9507,EXTEND,2,192,0,100.00,17.01,1
9508,DECODE,362,0,362,2039.72,15.19,1
9509,DECODE,362,0,362,2040.72,15.20,1
9510,DECODE,361,0,361,2040.29,15.33,1
9511,EXTEND,2,126,0,70.50,28.71,1
9512,DECODE,363,0,363,2030.43,15.05,1
9513,DECODE,363,0,363,2031.43,15.15,1
9514,DECODE,363,0,363,2032.43,15.12,1
9515,DECODE,363,0,363,2033.43,15.05,1
9516,DECODE,363,0,363,2034.43,15.15,1
9517,DECODE,363,0,363,2035.43,15.06,1
9518,DECODE,363,0,363,2036.43,15.10,1
9519,DECODE,362,0,362,2035.99,14.99,1
9520,EXTEND,3,216,0,76.33,17.31,1
9521,DECODE,363,0,363,2017.91,15.05,1
9522,EXTEND,2,95,0,54.00,16.87,1
9523,DECODE,363,0,363,2005.80,14.97,1
9524,EXTEND,4,233,0,76.00,25.11,1
9525,DECODE,367,0,367,1985.77,14.90,1
9526,DECODE,367,0,367,1986.77,15.03,1
9527,DECODE,367,0,367,1987.77,14.94,1
9528,DECODE,367,0,367,1988.77,14.97,1
9529,DECODE,367,0,367,1989.77,14.90,1
9530,DECODE,366,0,366,1990.39,14.90,1
9531,EXTEND,3,259,0,92.67,24.08,1
9532,DECODE,369,0,369,1975.96,14.89,1
9533,DECODE,369,0,369,1976.96,14.92,1
9534,DECODE,369,0,369,1977.96,14.97,1
9535,DECODE,369,0,369,1978.96,14.88,1
9536,DECODE,366,0,366,1975.20,14.85,1
9537,EXTEND,5,385,0,81.40,23.14,1
9538,DECODE,369,0,369,1947.37,14.85,1
9539,EXTEND,4,197,0,54.50,23.70,1
9540,DECODE,373,0,373,1928.07,14.82,1
9541,DECODE,373,0,373,1929.07,14.75,1
9542,DECODE,372,0,372,1928.37,14.75,1
9543,EXTEND,5,332,0,72.20,23.95,1
9544,DECODE,376,0,376,1903.01,14.67,1
9545,EXTEND,3,218,0,78.33,16.85,1
9546,DECODE,379,0,379,1889.57,14.67,1
9547,DECODE,379,0,379,1890.57,14.81,1
9548,DECODE,379,0,379,1891.57,15.16,1
9549,DECODE,379,0,379,1892.57,15.20,1
9550,DECODE,379,0,379,1893.57,15.19,1
9551,DECODE,378,0,378,1892.80,16.18,1
9552,EXTEND,3,213,0,75.67,24.85,1
9553,DECODE,380,0,380,1877.70,14.66,1
9554,EXTEND,2,174,0,92.50,24.18,1
9555,DECODE,381,0,381,1867.54,14.50,1
9556,EXTEND,2,93,0,51.00,26.45,1
9557,DECODE,383,0,383,1859.06,14.57,1
9558,DECODE,383,0,383,1860.06,14.69,1
9559,DECODE,383,0,383,1861.06,14.80,1
9560,DECODE,381,0,381,1858.39,14.69,1
9561,EXTEND,4,635,0,163.00,17.15,1
9562,DECODE,384,0,384,1839.90,14.44,1
9563,EXTEND,3,343,0,121.67,22.54,1
9564,DECODE,387,0,387,1827.58,14.71,1
9565,DECODE,387,0,387,1828.58,14.85,1
9566,DECODE,386,0,386,1827.69,14.97,1
9567,EXTEND,3,289,0,105.33,24.02,1
9568,DECODE,388,0,388,1813.49,14.68,1
9569,EXTEND,2,121,0,64.00,16.28,1
9570,DECODE,389,0,389,1803.58,14.71,1
9571,EXTEND,3,219,0,78.33,24.65,1
9572,DECODE,392,0,392,1791.37,14.65,1
9573,DECODE,392,0,392,1792.37,14.82,1
9574,DECODE,392,0,392,1793.37,14.88,1
9575,DECODE,392,0,392,1794.37,14.78,1
9576,DECODE,392,0,392,1795.37,14.91,1
9577,DECODE,392,0,392,1796.37,14.87,1
9578,DECODE,391,0,391,1795.42,16.19,1
9579,EXTEND,3,313,0,112.33,24.21,1
9580,DECODE,394,0,394,1783.60,14.68,1
9581,DECODE,394,0,394,1784.60,14.69,1
9582,DECODE,393,0,393,1784.60,15.02,1
9583,EXTEND,3,228,0,84.00,24.54,1
9584,DECODE,395,0,395,1770.72,14.75,1
9585,EXTEND,2,568,0,288.00,16.22,1
9586,DECODE,397,0,397,1764.25,14.77,1
9587,DECODE,397,0,397,1765.25,14.87,1
9588,DECODE,397,0,397,1766.25,15.15,1
9589,DECODE,397,0,397,1767.25,15.38,1
9590,DECODE,395,0,395,1764.24,15.16,1
9591,EXTEND,3,953,0,326.33,26.45,1
9592,DECODE,398,0,398,1754.40,15.88,1
9593,DECODE,398,0,398,1755.40,15.80,1
9594,DECODE,398,0,398,1756.40,15.32,1
9595,DECODE,398,0,398,1757.40,15.96,1
9596,DECODE,398,0,398,1758.40,15.60,1
9597,DECODE,397,0,397,1757.38,15.63,1
9598,EXTEND,3,898,0,304.00,34.20,1
9599,DECODE,400,0,400,1747.48,14.97,1
9600,DECODE,400,0,400,1748.48,15.01,1
9601,DECODE,399,0,399,1747.45,15.66,1
9602,EXTEND,3,872,0,295.67,28.36,1
9603,DECODE,402,0,402,1737.61,15.33,1
9604,DECODE,402,0,402,1738.61,15.17,1
9605,DECODE,402,0,402,1739.61,15.25,1
9606,DECODE,402,0,402,1740.61,15.20,1
9607,DECODE,402,0,402,1741.61,15.29,1
9608,DECODE,402,0,402,1742.61,15.27,1
9609,DECODE,402,0,402,1743.61,15.39,1
9610,DECODE,401,0,401,1742.58,16.09,1
9611,EXTEND,3,859,0,291.00,37.66,1
9612,DECODE,404,0,404,1732.80,15.36,1
9613,DECODE,404,0,404,1733.80,15.19,1
9614,DECODE,403,0,403,1732.75,15.61,1
9615,EXTEND,3,1140,0,386.00,21.75,1
9616,DECODE,406,0,406,1723.80,15.02,1
9617,DECODE,406,0,406,1724.80,15.22,1
9618,DECODE,405,0,405,1724.43,14.94,1
9619,EXTEND,3,1106,0,373.67,22.28,1
9620,DECODE,407,0,407,1713.42,16.46,1
9621,EXTEND,2,683,0,352.00,17.44,1
9622,DECODE,409,0,409,1707.76,15.28,1
9623,DECODE,409,0,409,1708.76,15.35,1
9624,DECODE,409,0,409,1709.76,15.21,1
9625,DECODE,409,0,409,1710.76,15.29,1
9626,DECODE,409,0,409,1711.76,15.21,1
9627,DECODE,407,0,407,1708.59,15.24,1
9628,EXTEND,4,1357,0,346.25,21.06,1
9629,DECODE,410,0,410,1694.22,15.11,1
9630,EXTEND,3,972,0,329.33,18.58,1
9631,DECODE,413,0,413,1685.31,15.04,1
9632,DECODE,413,0,413,1686.31,15.01,1
9633,DECODE,413,0,413,1687.31,15.50,1
9634,DECODE,412,0,412,1686.19,15.11,1
9635,EXTEND,3,962,0,325.33,16.60,1
9636,DECODE,415,0,415,1677.35,14.99,1
9637,DECODE,415,0,415,1678.35,15.03,1
9638,DECODE,415,0,415,1679.35,16.10,1
9639,DECODE,415,0,415,1680.35,16.25,1
9640,DECODE,414,0,414,1679.23,16.36,1
9641,EXTEND,2,635,0,322.50,33.35,1
9642,DECODE,416,0,416,1673.71,15.11,1
9643,DECODE,416,0,416,1674.71,15.27,1
9644,DECODE,416,0,416,1675.71,17.30,1
9645,DECODE,416,0,416,1676.71,16.12,1
9646,DECODE,415,0,415,1675.58,16.26,1
9647,EXTEND,4,1245,0,317.25,39.86,1
9648,DECODE,418,0,418,1661.46,14.92,1
9649,EXTEND,2,964,0,485.00,18.91,1
9650,DECODE,420,0,420,1656.86,14.78,1
9651,DECODE,420,0,420,1657.86,14.85,1
9652,DECODE,420,0,420,1658.86,15.24,1
9653,DECODE,420,0,420,1659.86,15.01,1
9654,DECODE,420,0,420,1660.86,14.87,1
9655,DECODE,420,0,420,1661.86,15.98,1
9656,DECODE,420,0,420,1662.86,15.63,1
9657,DECODE,420,0,420,1663.86,15.99,1
9658,DECODE,420,0,420,1664.86,16.13,1
9659,DECODE,420,0,420,1665.86,15.92,1
9660,DECODE,420,0,420,1666.86,15.96,1
9661,DECODE,419,0,419,1665.73,16.66,1
9662,EXTEND,3,1229,0,413.67,35.97,1
9663,DECODE,422,0,422,1657.83,14.94,1
9664,DECODE,422,0,422,1658.83,15.96,1
9665,DECODE,422,0,422,1659.83,14.99,1
9666,DECODE,422,0,422,1660.83,15.44,1
9667,DECODE,420,0,420,1657.55,15.96,1
9668,EXTEND,4,1129,0,301.50,33.96,1
9669,DECODE,424,0,424,1645.75,14.97,1
9670,DECODE,424,0,424,1646.75,14.85,1
9671,DECODE,424,0,424,1647.75,16.04,1
9672,DECODE,424,0,424,1648.75,15.87,1
9673,DECODE,424,0,424,1649.75,15.68,1
9674,DECODE,423,0,423,1648.60,16.65,1
9675,EXTEND,3,1093,0,370.00,42.00,1
9676,DECODE,426,0,426,1640.60,15.14,1
9677,DECODE,426,0,426,1641.60,15.03,1
9678,DECODE,425,0,425,1641.33,15.33,1
9679,EXTEND,4,1409,0,357.25,33.09,1
9680,DECODE,427,0,427,1626.00,15.18,1
9681,EXTEND,4,1377,0,350.50,35.45,1
9682,DECODE,431,0,431,1615.16,14.93,1
9683,DECODE,431,0,431,1616.16,15.05,1
9684,DECODE,431,0,431,1617.16,15.06,1
9685,DECODE,431,0,431,1618.16,15.19,1
9686,DECODE,431,0,431,1619.16,15.11,1
9687,DECODE,431,0,431,1620.16,15.18,1
9688,DECODE,428,0,428,1614.57,14.98,1
9689,EXTEND,6,1990,0,339.50,34.73,1
9690,DECODE,433,0,433,1595.72,15.27,1
9691,EXTEND,4,1507,0,382.00,36.00,1
9692,DECODE,436,0,436,1583.38,15.23,1
9693,EXTEND,3,1208,0,413.67,24.16,1
9694,DECODE,439,0,439,1576.38,15.14,1
9695,DECODE,439,0,439,1577.38,16.47,1
9696,DECODE,438,0,438,1576.14,16.08,1
9697,EXTEND,3,1169,0,395.67,22.75,1
9698,DECODE,441,0,441,1569.11,15.37,1
9699,DECODE,441,0,441,1570.11,15.82,1
9700,DECODE,441,0,441,1571.11,15.86,1
9701,DECODE,441,0,441,1572.11,15.92,1
9702,DECODE,440,0,440,1571.62,15.74,1
9703,EXTEND,3,1145,0,387.67,34.07,1
9704,DECODE,443,0,443,1564.60,15.84,1
9705,DECODE,443,0,443,1565.60,15.79,1
9706,DECODE,443,0,443,1566.60,15.83,1
9707,DECODE,442,0,442,1565.36,16.05,1
9708,EXTEND,4,1511,0,381.75,32.78,1
9709,DECODE,444,0,444,1551.21,15.91,1
9710,EXTEND,4,1485,0,376.25,21.96,1
9711,DECODE,448,0,448,1541.72,15.36,1
9712,DECODE,448,0,448,1542.72,15.48,1
9713,DECODE,448,0,448,1543.72,15.82,1
9714,DECODE,448,0,448,1544.72,15.90,1
9715,DECODE,448,0,448,1545.72,15.63,1
9716,DECODE,448,0,448,1546.72,16.10,1
9717,DECODE,448,0,448,1547.72,15.97,1
9718,DECODE,448,0,448,1548.72,16.17,1
9719,DECODE,448,0,448,1549.72,16.46,1
9720,DECODE,448,0,448,1550.72,15.68,1
9721,DECODE,448,0,448,1551.72,15.70,1
9722,DECODE,448,0,448,1552.72,15.42,1
9723,DECODE,448,0,448,1553.72,16.52,1
9724,DECODE,447,0,447,1553.12,16.77,1
9725,EXTEND,5,1824,0,369.60,48.21,1
9726,DECODE,450,0,450,1536.50,15.37,1
9727,EXTEND,4,1424,0,363.00,20.74,1
9728,DECODE,452,0,452,1522.59,15.13,1
9729,EXTEND,5,1747,0,355.80,22.98,1
9730,DECODE,457,0,457,1510.82,15.08,1
9731,DECODE,457,0,457,1511.82,15.25,1
9732,DECODE,457,0,457,1512.82,15.35,1
9733,DECODE,457,0,457,1513.82,16.32,1
9734,DECODE,457,0,457,1514.82,15.55,1
9735,DECODE,456,0,456,1513.53,15.69,1
9736,EXTEND,5,2012,0,407.60,34.97,1
9737,DECODE,460,0,460,1500.24,15.45,1
9738,EXTEND,4,1645,0,417.00,22.85,1
9739,DECODE,464,0,464,1491.90,15.18,1
9740,DECODE,464,0,464,1492.90,15.20,1
9741,DECODE,464,0,464,1493.90,15.33,1
9742,DECODE,464,0,464,1494.90,15.67,1
9743,DECODE,464,0,464,1495.90,16.42,1
9744,DECODE,464,0,464,1496.90,16.49,1
9745,DECODE,464,0,464,1497.90,16.08,1
9746,DECODE,464,0,464,1498.90,16.02,1
9747,DECODE,463,0,463,1497.61,16.21,1
9748,EXTEND,4,1594,0,408.50,34.09,1
9749,DECODE,464,0,464,1482.80,15.95,1
9750,EXTEND,5,1986,0,405.40,28.78,1
9751,DECODE,468,0,468,1469.99,15.62,1
9752,EXTEND,4,1587,0,402.25,22.31,1
9753,DECODE,472,0,472,1461.94,15.91,1
9754,DECODE,472,0,472,1462.94,15.79,1
9755,DECODE,472,0,472,1463.94,15.73,1
9756,DECODE,472,0,472,1464.94,15.74,1
9757,DECODE,472,0,472,1465.94,15.59,1
9758,DECODE,472,0,472,1466.94,15.56,1
9759,DECODE,471,0,471,1465.62,15.72,1
9760,EXTEND,4,1580,0,400.50,20.08,1
9761,DECODE,473,0,473,1452.99,15.35,1
9762,EXTEND,5,1938,0,395.20,22.81,1
9763,DECODE,478,0,478,1442.92,15.39,1
9764,DECODE,478,0,478,1443.92,15.38,1
9765,DECODE,478,0,478,1444.92,15.51,1
9766,DECODE,478,0,478,1445.92,15.98,1
9767,DECODE,477,0,477,1444.59,15.67,1
9768,EXTEND,5,1919,0,388.60,33.68,1
9769,DECODE,480,0,480,1429.94,15.57,1
9770,EXTEND,5,1890,0,382.40,25.11,1
9771,DECODE,485,0,485,1420.14,15.47,1
9772,DECODE,485,0,485,1421.14,15.56,1
9773,DECODE,485,0,485,1422.14,15.71,1
9774,DECODE,481,0,481,1413.68,15.67,1
9775,EXTEND,8,3970,0,501.88,26.60,1
9776,DECODE,487,0,487,1395.51,15.53,1
9777,EXTEND,6,3067,0,515.33,20.92,1
9778,DECODE,493,0,493,1385.80,15.39,1
9779,DECODE,493,0,493,1386.80,15.43,1
9780,DECODE,491,0,491,1383.02,15.50,1
9781,EXTEND,6,2972,0,501.67,23.35,1
9782,DECODE,497,0,497,1373.38,15.60,1
9783,DECODE,497,0,497,1374.38,15.59,1
9784,DECODE,497,0,497,1375.38,15.77,1
9785,DECODE,496,0,496,1373.99,15.55,1
9786,EXTEND,5,2452,0,496.20,23.16,1
9787,DECODE,499,0,499,1361.49,15.64,1
9788,EXTEND,6,1415,0,241.17,21.21,1
9789,DECODE,505,0,505,1349.18,15.84,1
9790,DECODE,505,0,505,1350.18,16.24,1
9791,DECODE,505,0,505,1351.18,15.99,1
9792,DECODE,505,0,505,1352.18,15.60,1
9793,DECODE,505,0,505,1353.18,15.74,1
9794,DECODE,503,0,503,1349.39,15.81,1
9795,EXTEND,6,2994,0,504.50,24.43,1
9796,DECODE,508,0,508,1338.03,15.41,1
9797,EXTEND,6,1229,0,210.83,16.69,1
9798,DECODE,514,0,514,1325.87,17.26,1
9799,DECODE,514,0,514,1326.87,17.62,1
9800,DECODE,514,0,514,1327.87,17.42,1
9801,DECODE,513,0,513,1326.47,17.47,1
9802,EXTEND,7,3499,0,507.00,23.79,1
9803,DECODE,517,0,517,1309.21,17.49,1
9804,EXTEND,5,3374,0,680.00,23.62,1
9805,DECODE,521,0,521,1301.78,17.26,1
9806,EXTEND,5,3089,0,624.20,21.11,1
9807,DECODE,525,0,525,1294.35,17.62,1
9808,EXTEND,4,1421,0,362.25,21.14,1
9809,DECODE,529,0,529,1288.30,17.37,1
9810,DECODE,529,0,529,1289.30,17.06,1
9811,DECODE,529,0,529,1290.30,17.11,1
9812,DECODE,529,0,529,1291.30,17.30,1
9813,DECODE,528,0,528,1289.90,17.32,1
9814,EXTEND,6,2086,0,354.17,24.93,1
9815,DECODE,531,0,531,1273.15,18.22,1
9816,EXTEND,5,2492,0,506.40,22.91,1
9817,DECODE,535,0,535,1264.59,16.98,1
9818,EXTEND,5,3071,0,619.00,21.97,1
9819,DECODE,539,0,539,1257.19,19.46,1
9820,EXTEND,4,2435,0,615.75,20.51,1
9821,DECODE,543,0,543,1253.47,16.95,1
9822,DECODE,543,0,543,1254.47,18.59,1
9823,DECODE,543,0,543,1255.47,18.84,1
9824,DECODE,542,0,542,1254.06,18.84,1
9825,EXTEND,4,2806,0,706.75,22.63,1
9826,DECODE,545,0,545,1249.04,17.40,1
9827,EXTEND,3,2146,0,722.00,23.29,1
9828,DECODE,543,0,543,1235.56,18.11,1
9829,EXTEND,6,4400,0,739.50,28.81,1
9830,DECODE,547,0,547,1226.28,17.05,1
9831,EXTEND,6,4453,0,747.67,28.02,1
9832,DECODE,551,0,551,1217.23,17.31,1
9833,EXTEND,6,3936,0,664.83,26.89,1
9834,DECODE,555,0,555,1207.42,17.47,1
9835,EXTEND,5,3773,0,760.00,28.67,1
9836,DECODE,560,0,560,1204.42,17.07,1
9837,DECODE,560,0,560,1205.42,16.98,1
9838,DECODE,559,0,559,1204.00,17.23,1
9839,EXTEND,6,3836,0,647.67,26.96,1
9840,DECODE,564,0,564,1196.68,17.55,1
9841,EXTEND,4,3161,0,796.25,23.80,1
9842,DECODE,567,0,567,1192.45,17.37,1
9843,EXTEND,3,2289,0,769.00,23.56,1
9844,DECODE,569,0,569,1188.82,17.64,1
9845,EXTEND,3,2298,0,770.00,22.67,1
9846,DECODE,571,0,571,1185.22,17.53,1
9847,EXTEND,3,2400,0,805.33,22.72,1
9848,DECODE,574,0,574,1184.23,17.45,1
9849,DECODE,574,0,574,1185.23,17.50,1
9850,DECODE,573,0,573,1183.83,17.52,1
9851,EXTEND,4,3083,0,777.50,21.15,1
9852,DECODE,574,0,574,1174.81,17.57,1
9853,EXTEND,4,3618,0,910.00,25.68,1
9854,DECODE,577,0,577,1171.58,17.50,1
9855,EXTEND,4,3118,0,784.75,21.55,1
9856,DECODE,581,0,581,1169.91,17.48,1
9857,DECODE,581,0,581,1170.91,17.74,1
9858,DECODE,580,0,580,1169.52,17.46,1
9859,EXTEND,4,2525,0,636.25,22.38,1
9860,DECODE,584,0,584,1166.87,17.31,1
9861,DECODE,584,0,584,1167.87,17.19,1
9862,DECODE,583,0,583,1166.97,17.85,1
9863,EXTEND,4,3224,0,812.50,23.20,1
9864,DECODE,584,0,584,1158.39,17.72,1
9865,EXTEND,4,3649,0,916.50,24.70,1
9866,DECODE,588,0,588,1157.74,17.40,1
9867,DECODE,588,0,588,1158.74,17.25,1
9868,DECODE,587,0,587,1157.65,23.95,1
9869,EXTEND,5,4149,0,835.60,26.06,1
9870,DECODE,590,0,590,1151.17,17.53,1
9871,EXTEND,4,3306,0,833.00,21.68,1
9872,DECODE,593,0,593,1147.65,17.34,1
9873,EXTEND,3,2601,0,872.67,22.35,1
9874,DECODE,596,0,596,1147.27,17.47,1
9875,DECODE,596,0,596,1148.27,17.16,1
9876,DECODE,596,0,596,1149.27,17.17,1
9877,DECODE,596,0,596,1150.27,17.41,1
9878,DECODE,593,0,593,1144.14,17.83,1
9879,EXTEND,6,5345,0,897.00,32.14,1
9880,DECODE,598,0,598,1140.29,17.52,1
9881,EXTEND,4,3611,0,908.75,24.94,1
9882,DECODE,602,0,602,1139.75,17.60,1
9883,DECODE,602,0,602,1140.75,17.47,1
9884,DECODE,602,0,602,1141.75,17.89,1
9885,DECODE,601,0,601,1140.39,17.96,1
9886,EXTEND,5,3857,0,777.20,24.65,1
9887,DECODE,604,0,604,1133.69,17.56,1
9888,EXTEND,4,2799,0,708.50,22.08,1
9889,DECODE,607,0,607,1129.89,17.66,1
9890,EXTEND,4,2857,0,722.00,24.16,1
9891,DECODE,611,0,611,1128.22,17.57,1
9892,DECODE,611,0,611,1129.22,17.86,1
9893,DECODE,610,0,610,1127.88,18.17,1
9894,EXTEND,4,3145,0,794.25,22.68,1
9895,DECODE,613,0,613,1124.36,18.48,1
9896,EXTEND,4,1115,0,284.00,20.98,1
9897,DECODE,617,0,617,1119.92,17.63,1
9898,DECODE,617,0,617,1120.92,17.73,1
9899,DECODE,615,0,615,1117.24,17.59,1
9900,EXTEND,5,1265,0,258.80,22.94,1
9901,DECODE,620,0,620,1111.31,17.26,1
9902,DECODE,620,0,620,1112.31,17.33,1
9903,DECODE,620,0,620,1113.31,17.72,1
9904,DECODE,619,0,619,1111.98,17.56,1
9905,EXTEND,5,2601,0,526.40,19.91,1
9906,DECODE,624,0,624,1108.28,17.37,1
9907,DECODE,624,0,624,1109.28,17.24,1
9908,DECODE,624,0,624,1110.28,17.57,1
9909,DECODE,624,0,624,1111.28,17.40,1
9910,DECODE,624,0,624,1112.28,17.65,1
9911,DECODE,624,0,624,1113.28,17.45,1
9912,DECODE,624,0,624,1114.28,17.68,1
9913,DECODE,622,0,622,1110.85,17.62,1
9914,EXTEND,7,1353,0,202.57,21.77,1
9915,DECODE,629,0,629,1101.74,19.44,1
9916,DECODE,629,0,629,1102.74,17.73,1
9917,DECODE,629,0,629,1103.74,17.56,1
9918,DECODE,629,0,629,1104.74,17.70,1
9919,DECODE,629,0,629,1105.74,17.65,1
9920,DECODE,628,0,628,1104.73,17.54,1
9921,EXTEND,6,5301,0,890.33,33.28,1
9922,DECODE,634,0,634,1103.70,18.12,1
9923,DECODE,634,0,634,1104.70,17.96,1
9924,DECODE,634,0,634,1105.70,18.06,1
9925,DECODE,633,0,633,1104.40,17.96,1
9926,EXTEND,6,4599,0,771.33,28.16,1
9927,DECODE,638,0,638,1099.99,18.00,1
9928,EXTEND,4,4496,0,1131.25,30.40,1
9929,DECODE,640,0,640,1096.62,17.98,1
9930,EXTEND,6,1516,0,261.00,20.88,1
9931,DECODE,646,0,646,1089.86,18.06,1
9932,DECODE,646,0,646,1090.86,18.33,1
9933,DECODE,645,0,645,1089.59,18.03,1
9934,EXTEND,5,3410,0,691.00,24.28,1
9935,DECODE,650,0,650,1087.52,18.17,1
9936,DECODE,650,0,650,1088.52,18.32,1
9937,DECODE,648,0,648,1084.98,17.77,1
9938,EXTEND,6,2741,0,463.33,22.81,1
9939,DECODE,652,0,652,1075.74,18.22,1
9940,EXTEND,6,3757,0,631.50,26.66,1
9941,DECODE,658,0,658,1072.69,18.25,1
9942,DECODE,658,0,658,1073.69,18.11,1
9943,DECODE,658,0,658,1074.69,18.19,1
9944,DECODE,658,0,658,1075.69,18.37,1
9945,DECODE,657,0,657,1074.43,18.44,1
9946,EXTEND,7,3736,0,539.71,25.73,1
9947,DECODE,663,0,663,1067.54,18.22,1
9948,EXTEND,6,1569,0,268.83,19.34,1
9949,DECODE,666,0,666,1054.63,18.20,1
9950,EXTEND,8,1996,0,255.38,21.97,1
9951,DECODE,674,0,674,1046.14,18.17,1
9952,DECODE,674,0,674,1047.14,18.32,1
9953,DECODE,674,0,674,1048.14,18.23,1
9954,DECODE,674,0,674,1049.14,18.47,1
9955,DECODE,673,0,673,1047.89,18.50,1
9956,EXTEND,7,4384,0,632.71,28.48,1
9957,DECODE,678,0,678,1040.15,18.30,1
9958,EXTEND,6,2900,0,491.50,21.60,1
9959,DECODE,684,0,684,1036.34,18.18,1
9960,DECODE,684,0,684,1037.34,18.37,1
9961,DECODE,684,0,684,1038.34,18.84,1
9962,DECODE,683,0,683,1037.25,18.59,1
9963,EXTEND,7,389,0,63.29,21.56,1
9964,DECODE,687,0,687,1021.67,18.19,1
9965,EXTEND,7,585,0,88.71,17.99,1
9966,DECODE,694,0,694,1013.26,18.47,1
9967,DECODE,694,0,694,1014.26,18.39,1
9968,DECODE,694,0,694,1015.26,18.44,1
9969,DECODE,694,0,694,1016.26,18.67,1
9970,DECODE,693,0,693,1015.04,18.87,1
9971,EXTEND,6,488,0,88.67,21.17,1
9972,DECODE,699,0,699,1008.08,18.58,1
9973,DECODE,699,0,699,1009.08,18.73,1
9974,DECODE,699,0,699,1010.08,18.73,1
9975,DECODE,699,0,699,1011.08,19.52,1
9976,DECODE,696,0,696,1005.41,18.24,1
9977,EXTEND,8,584,0,80.25,15.70,1
9978,DECODE,702,0,702,991.53,18.51,1
9979,EXTEND,8,585,0,78.88,15.78,1
9980,DECODE,710,0,710,982.24,18.81,1
9981,DECODE,710,0,710,983.24,18.54,1
9982,DECODE,709,0,709,982.02,19.08,1
9983,EXTEND,7,1918,0,280.00,22.94,1
9984,DECODE,713,0,713,969.49,18.65,1
9985,EXTEND,5,7851,0,1575.60,45.34,1
9986,DECODE,717,0,717,972.50,19.16,1
9987,EXTEND,5,4933,0,994.80,31.40,1
9988,DECODE,722,0,722,973.66,20.75,1
9989,DECODE,722,0,722,974.66,18.88,1
9990,DECODE,722,0,722,975.66,19.04,1
9991,DECODE,722,0,722,976.66,19.03,1
9992,DECODE,722,0,722,977.66,19.23,1
9993,DECODE,720,0,720,974.26,20.81,1
9994,EXTEND,5,5064,0,1018.60,31.38,1
9995,DECODE,723,0,723,971.18,20.90,1
9996,EXTEND,3,472,0,161.67,26.72,1
9997,DECODE,726,0,726,968.83,19.80,1
9998,DECODE,726,0,726,969.83,18.99,1
9999,DECODE,726,0,726,970.83,19.18,1
10000,DECODE,725,0,725,969.64,19.51,1
10001,EXTEND,4,343,0,98.00,16.40,1
10002,DECODE,725,0,725,957.06,19.37,1
10003,EXTEND,6,390,0,73.83,21.87,1
10004,DECODE,730,0,730,948.61,19.17,1
10005,EXTEND,6,614,0,109.00,16.23,1
10006,DECODE,734,0,734,938.36,19.31,1
10007,EXTEND,7,415,0,66.43,16.30,1
10008,DECODE,739,0,739,926.71,19.62,1
10009,EXTEND,8,665,0,88.12,16.48,1
10010,DECODE,745,0,745,914.33,19.62,1
10011,EXTEND,9,968,0,114.22,17.89,1
10012,DECODE,753,0,753,903.58,19.53,1
10013,EXTEND,8,678,0,92.12,17.51,1
10014,DECODE,761,0,761,896.05,19.51,1
10015,DECODE,761,0,761,897.05,19.59,1
10016,DECODE,759,0,759,893.67,20.18,1
10017,EXTEND,8,595,0,80.12,16.18,1
10018,DECODE,766,0,766,884.00,19.27,1
10019,EXTEND,8,651,0,87.12,16.48,1
10020,DECODE,773,0,773,874.58,19.69,1
10021,EXTEND,8,459,0,62.25,22.99,1
10022,DECODE,781,0,781,867.26,19.52,1
10023,DECODE,781,0,781,868.26,19.42,1
10024,DECODE,781,0,781,869.26,19.62,1
10025,DECODE,781,0,781,870.26,19.92,1
10026,DECODE,781,0,781,871.26,19.78,1
10027,DECODE,780,0,780,870.10,19.13,1
10028,EXTEND,9,636,0,76.00,16.50,1
10029,DECODE,786,0,786,855.55,19.72,1
10030,EXTEND,8,724,0,96.38,16.67,1
10031,DECODE,793,0,793,846.75,19.49,1
10032,EXTEND,8,638,0,84.75,16.39,1
10033,DECODE,801,0,801,840.14,19.56,1
10034,DECODE,801,0,801,841.14,20.64,1
10035,DECODE,801,0,801,842.14,21.59,1
10036,DECODE,801,0,801,843.14,20.00,1
10037,DECODE,800,0,800,841.99,19.64,1
10038,EXTEND,7,350,0,56.57,24.04,1
10039,DECODE,805,0,805,831.89,20.32,1
10040,EXTEND,7,508,0,77.57,22.13,1
10041,DECODE,812,0,812,826.39,19.48,1
10042,DECODE,812,0,812,827.39,19.63,1
10043,DECODE,810,0,810,824.11,20.01,1
10044,EXTEND,8,797,0,106.62,17.32,1
10045,DECODE,816,0,816,813.82,19.95,1
10046,EXTEND,8,572,0,77.62,17.18,1
10047,DECODE,822,0,822,803.41,19.85,1
10048,EXTEND,9,574,0,70.00,16.79,1
10049,DECODE,831,0,831,796.47,19.56,1
10050,DECODE,831,0,831,797.47,19.73,1
10051,DECODE,830,0,830,796.35,19.71,1
10052,EXTEND,9,653,0,79.44,16.88,1
10053,DECODE,837,0,837,785.43,25.58,1
10054,EXTEND,8,544,0,74.75,17.09,1
10055,DECODE,844,0,844,777.59,24.89,1
10056,EXTEND,8,463,0,63.00,23.47,1
10057,DECODE,852,0,852,771.88,19.34,1
10058,DECODE,852,0,852,772.88,19.22,1
10059,DECODE,849,0,849,767.56,19.55,1
10060,EXTEND,9,819,0,99.67,17.73,1
10061,DECODE,857,0,857,759.46,19.68,1
10062,EXTEND,9,590,0,72.11,16.36,1
10063,DECODE,866,0,866,753.32,19.37,1
10064,DECODE,866,0,866,754.32,19.27,1
10065,DECODE,866,0,866,755.32,19.36,1
10066,DECODE,866,0,866,756.32,19.32,1
10067,DECODE,866,0,866,757.32,19.33,1
10068,DECODE,866,0,866,758.32,19.30,1
10069,DECODE,866,0,866,759.32,22.74,1
10070,DECODE,865,0,865,758.23,19.42,1
10071,EXTEND,6,556,0,100.00,15.88,1
10072,DECODE,868,0,868,748.46,18.84,1
10073,EXTEND,8,555,0,73.75,15.70,1
10074,DECODE,876,0,876,743.30,24.00,1
10075,DECODE,876,0,876,744.30,18.90,1
10076,DECODE,876,0,876,745.30,20.25,1
10077,DECODE,873,0,873,740.06,23.21,1
10078,EXTEND,9,622,0,74.89,16.04,1
10079,DECODE,882,0,882,734.27,23.17,1
10080,DECODE,882,0,882,735.27,19.55,1
10081,DECODE,882,0,882,736.27,20.29,1
10082,DECODE,880,0,880,733.13,19.16,1
10083,EXTEND,11,805,0,79.82,16.18,1
10084,DECODE,889,0,889,721.94,19.46,1
10085,EXTEND,9,580,0,70.11,17.14,1
10086,DECODE,896,0,896,712.29,18.87,1
10087,EXTEND,9,636,0,76.78,15.88,1
10088,DECODE,904,0,904,704.92,18.97,1
10089,EXTEND,9,624,0,75.78,15.97,1
10090,DECODE,912,0,912,697.68,19.22,1
10091,EXTEND,9,640,0,76.89,15.47,1
10092,DECODE,920,0,920,690.58,19.21,1
10093,EXTEND,8,576,0,77.00,15.55,1
10094,DECODE,927,0,927,684.27,24.92,1
10095,EXTEND,8,552,0,75.50,18.93,1
10096,DECODE,935,0,935,680.06,19.97,1
10097,DECODE,935,0,935,681.06,19.66,1
10098,DECODE,935,0,935,682.06,19.71,1
10099,DECODE,935,0,935,683.06,19.99,1
10100,DECODE,934,0,934,682.05,28.39,1
10101,EXTEND,7,671,0,101.43,16.06,1
10102,DECODE,940,0,940,676.73,24.49,1
10103,EXTEND,6,346,0,64.83,21.82,1
10104,DECODE,944,0,944,669.85,19.52,1
10105,EXTEND,7,518,0,82.00,36.68,1
10106,DECODE,951,0,951,666.53,20.16,1
10107,DECODE,951,0,951,667.53,19.75,1
10108,DECODE,949,0,949,664.54,19.95,1
10109,EXTEND,9,474,0,62.22,24.57,1
10110,DECODE,956,0,956,655.90,24.38,1
10111,EXTEND,8,472,0,66.38,15.69,1
10112,DECODE,963,0,963,650.03,22.91,1
10113,EXTEND,7,552,0,85.43,15.81,1
10114,DECODE,968,0,968,643.00,19.79,1
10115,EXTEND,8,562,0,77.75,16.10,1
10116,DECODE,975,0,975,637.40,22.28,1
10117,EXTEND,8,564,0,79.00,16.08,1
10118,DECODE,982,0,982,631.89,22.30,1
10119,EXTEND,7,616,0,95.86,15.52,1
10120,DECODE,988,0,988,627.14,19.98,1
10121,EXTEND,7,486,0,75.14,21.18,1
10122,DECODE,991,0,991,616.53,20.09,1
10123,EXTEND,9,774,0,100.22,15.79,1
10124,DECODE,996,0,996,605.06,20.07,1
10125,EXTEND,4,431,0,112.25,15.95,1
10126,DECODE,1000,0,1000,604.09,26.06,1
10127,DECODE,1000,0,1000,605.09,20.32,1
10128,DECODE,997,0,997,600.21,22.73,1
10129,EXTEND,3,179,0,65.00,22.79,1
10130,DECODE,1000,0,1000,599.60,20.10,1
10131,DECODE,1000,0,1000,600.60,20.23,1
10132,DECODE,998,0,998,597.67,22.61,1
10133,EXTEND,2,216,0,115.00,16.27,1
10134,EXTEND,2,273,0,144.00,24.48,1
10135,EXTEND,2,134,0,73.50,23.04,1
10136,DECODE,1000,0,1000,589.21,21.42,1
10137,DECODE,1000,0,1000,590.21,19.73,1
10138,DECODE,1000,0,1000,591.21,19.80,1
10139,DECODE,1000,0,1000,592.21,20.00,1
10140,DECODE,997,0,997,587.36,19.75,1
10141,EXTEND,3,143,0,52.67,16.73,1
10142,EXTEND,2,154,0,88.00,16.20,1
10143,DECODE,1000,0,1000,581.81,19.23,1
10144,DECODE,1000,0,1000,582.81,19.33,1
10145,DECODE,999,0,999,581.83,21.85,1
10146,EXTEND,1,107,0,112.00,26.87,1
10147,EXTEND,1,65,0,70.00,23.86,1
10148,DECODE,1000,0,1000,579.87,19.22,1
10149,DECODE,1000,0,1000,580.87,19.18,1
10150,DECODE,1000,0,1000,581.87,19.42,1
10151,DECODE,1000,0,1000,582.87,19.31,1
10152,DECODE,999,0,999,581.89,19.55,1
10153,EXTEND,1,45,0,50.00,23.13,1
10154,EXTEND,2,109,0,62.00,29.75,1
10155,DECODE,1000,0,1000,577.36,19.25,1
10156,DECODE,1000,0,1000,578.36,19.21,1
10157,DECODE,997,0,997,574.93,19.33,1
10158,EXTEND,3,205,0,72.33,15.72,1
10159,DECODE,999,0,999,572.43,19.27,1
10160,EXTEND,1,64,0,69.00,16.29,1
10161,DECODE,999,0,999,570.94,19.51,1
10162,EXTEND,1,88,0,92.00,17.61,1
10163,DECODE,1000,0,1000,571.46,19.20,1
10164,DECODE,1000,0,1000,572.46,19.22,1
10165,DECODE,997,0,997,567.48,19.32,1
10166,EXTEND,3,138,0,53.00,15.73,1
10167,DECODE,999,0,999,564.94,19.46,1
10168,EXTEND,1,89,0,115.00,15.47,1
10169,DECODE,999,0,999,563.50,19.27,1
10170,EXTEND,1,160,0,165.00,15.50,1
10171,DECODE,999,0,999,562.10,19.26,1
10172,EXTEND,1,48,0,63.00,15.51,1
10173,DECODE,1000,0,1000,562.60,19.22,1
10174,DECODE,1000,0,1000,563.60,19.18,1
10175,DECODE,999,0,999,562.60,19.47,1
10176,EXTEND,1,51,0,55.00,19.82,1
10177,DECODE,1000,0,1000,563.10,19.10,1
10178,DECODE,1000,0,1000,564.10,19.25,1
10179,DECODE,1000,0,1000,565.10,19.30,1
10180,DECODE,999,0,999,564.10,19.49,1
10181,EXTEND,1,64,0,68.00,15.77,1
10182,EXTEND,1,48,0,55.00,14.93,1
10183,DECODE,1000,0,1000,562.10,19.20,1
10184,DECODE,1000,0,1000,563.10,19.11,1
10185,DECODE,1000,0,1000,564.10,19.40,1
10186,DECODE,999,0,999,563.10,19.56,1
10187,EXTEND,1,72,0,77.00,15.64,1
10188,DECODE,1000,0,1000,563.61,19.54,1
10189,DECODE,1000,0,1000,564.61,19.30,1
10190,DECODE,1000,0,1000,565.61,21.22,1
10191,DECODE,1000,0,1000,566.61,19.85,1
10192,DECODE,1000,0,1000,567.61,21.20,1
10193,DECODE,999,0,999,566.62,20.51,1
10194,EXTEND,1,97,0,101.00,27.16,1
10195,DECODE,999,0,999,565.16,19.39,1
10196,EXTEND,1,176,0,179.00,16.26,1
10197,DECODE,998,0,998,561.78,19.31,1
10198,EXTEND,2,279,0,146.50,25.45,1
10199,DECODE,999,0,999,560.76,19.38,1
10200,EXTEND,1,66,0,71.00,15.36,1
10201,DECODE,1000,0,1000,561.27,19.16,1
10202,DECODE,1000,0,1000,562.27,19.25,1
10203,DECODE,1000,0,1000,563.27,19.36,1
10204,DECODE,999,0,999,562.27,19.53,1
10205,EXTEND,1,290,0,298.00,26.32,1
10206,EXTEND,2,118,0,64.00,15.68,1
10207,DECODE,1000,0,1000,558.02,20.59,1
10208,DECODE,1000,0,1000,559.02,19.34,1
10209,DECODE,999,0,999,558.01,19.53,1
10210,EXTEND,1,44,0,49.00,21.99,1
10211,DECODE,999,0,999,556.50,19.35,1
10212,EXTEND,1,77,0,87.00,25.88,1
10213,DECODE,999,0,999,555.03,19.45,1
10214,EXTEND,1,145,0,151.00,15.53,1
10215,DECODE,998,0,998,551.61,19.37,1
10216,EXTEND,2,157,0,83.00,22.71,1
10217,DECODE,1000,0,1000,551.67,19.17,1
10218,DECODE,1000,0,1000,552.67,19.24,1
10219,DECODE,999,0,999,551.66,19.45,1
10220,EXTEND,1,25,0,31.00,20.87,1
10221,EXTEND,2,194,0,101.00,23.93,1
10222,DECODE,1000,0,1000,547.22,19.07,1
10223,DECODE,1000,0,1000,548.22,19.04,1
10224,DECODE,1000,0,1000,549.22,19.13,1
10225,DECODE,1000,0,1000,550.22,19.24,1
10226,DECODE,1000,0,1000,551.22,19.33,1
10227,DECODE,998,0,998,549.07,19.32,1
10228,EXTEND,2,125,0,68.50,27.13,1
10229,EXTEND,1,59,0,82.00,20.76,1
10230,EXTEND,2,119,0,66.00,15.41,1
10231,DECODE,1000,0,1000,541.64,18.91,1
10232,DECODE,1000,0,1000,542.64,18.89,1
10233,DECODE,1000,0,1000,543.64,19.06,1
10234,DECODE,1000,0,1000,544.64,18.99,1
10235,DECODE,1000,0,1000,545.64,19.23,1
10236,DECODE,999,0,999,544.63,19.29,1
10237,EXTEND,1,163,0,167.00,21.74,1
10238,DECODE,999,0,999,543.23,19.16,1
10239,EXTEND,1,71,0,75.00,15.55,1
10240,DECODE,999,0,999,541.75,19.09,1
10241,EXTEND,1,54,0,59.00,15.68,1
10242,DECODE,999,0,999,540.25,19.10,1
10243,EXTEND,1,37,0,45.00,15.50,1
10244,DECODE,1000,0,1000,540.75,18.95,1
10245,DECODE,1000,0,1000,541.75,18.93,1
10246,DECODE,1000,0,1000,542.75,20.21,1
10247,DECODE,1000,0,1000,543.75,19.08,1
10248,DECODE,999,0,999,542.73,19.22,1
10249,EXTEND,1,94,0,99.00,25.92,1
10250,DECODE,999,0,999,541.27,19.02,1
10251,EXTEND,1,41,0,49.00,38.43,1
10252,DECODE,1000,0,1000,541.78,19.36,1
10253,DECODE,1000,0,1000,542.78,19.05,1
10254,DECODE,1000,0,1000,543.78,19.09,1
10255,DECODE,999,0,999,542.76,20.99,1
10256,EXTEND,1,56,0,60.00,15.59,1
10257,DECODE,1000,0,1000,543.28,19.40,1
10258,DECODE,1000,0,1000,544.28,18.99,1
10259,DECODE,1000,0,1000,545.28,19.19,1
10260,DECODE,998,0,998,542.24,19.58,1
10261,EXTEND,2,226,0,117.50,16.11,1
10262,DECODE,1000,0,1000,542.39,18.92,1
10263,DECODE,1000,0,1000,543.39,19.15,1
10264,DECODE,999,0,999,542.37,20.54,1
10265,EXTEND,1,60,0,77.00,20.90,1
10266,DECODE,1000,0,1000,542.90,18.97,1
10267,DECODE,1000,0,1000,543.90,18.96,1
10268,DECODE,1000,0,1000,544.90,19.10,1
10269,DECODE,1000,0,1000,545.90,21.48,1
10270,DECODE,1000,0,1000,546.90,19.15,1
10271,DECODE,1000,0,1000,547.90,19.08,1
10272,DECODE,1000,0,1000,548.90,19.18,1
10273,DECODE,1000,0,1000,549.90,19.21,1
10274,DECODE,1000,0,1000,550.90,20.05,1
10275,DECODE,1000,0,1000,551.90,19.25,1
10276,DECODE,999,0,999,550.89,19.26,1
10277,EXTEND,1,27,0,36.00,20.90,1
10278,DECODE,1000,0,1000,551.38,21.19,1
10279,DECODE,1000,0,1000,552.38,19.16,1
10280,DECODE,1000,0,1000,553.38,19.21,1
10281,DECODE,1000,0,1000,554.38,19.07,1
10282,DECODE,1000,0,1000,555.38,19.11,1
10283,DECODE,1000,0,1000,556.38,20.77,1
10284,DECODE,999,0,999,555.37,20.02,1
10285,EXTEND,1,43,0,48.00,22.38,1
10286,DECODE,1000,0,1000,555.87,19.17,1
10287,DECODE,1000,0,1000,556.87,20.67,1
10288,DECODE,1000,0,1000,557.87,19.22,1
10289,DECODE,1000,0,1000,558.87,19.38,1
10290,DECODE,999,0,999,557.86,19.66,1
10291,EXTEND,1,65,0,70.00,16.07,1
10292,DECODE,999,0,999,556.37,21.70,1
10293,EXTEND,1,70,0,79.00,24.33,1
10294,DECODE,1000,0,1000,556.89,19.22,1
10295,DECODE,1000,0,1000,557.89,19.07,1
10296,DECODE,1000,0,1000,558.89,19.41,1
10297,DECODE,1000,0,1000,559.89,20.32,1
10298,DECODE,1000,0,1000,560.89,19.22,1
10299,DECODE,1000,0,1000,561.89,19.29,1
10300,DECODE,1000,0,1000,562.89,19.51,1
10301,DECODE,1000,0,1000,563.89,22.84,1
10302,DECODE,1000,0,1000,564.89,19.37,1
10303,DECODE,999,0,999,565.05,19.52,1
10304,EXTEND,1,50,0,56.00,20.58,1
10305,DECODE,1000,0,1000,565.54,19.34,1
10306,DECODE,1000,0,1000,566.54,20.75,1
10307,DECODE,1000,0,1000,567.54,19.43,1
10308,DECODE,1000,0,1000,568.54,19.46,1
10309,DECODE,1000,0,1000,569.54,19.40,1
10310,DECODE,1000,0,1000,570.54,19.58,1
10311,DECODE,1000,0,1000,571.54,19.40,1
10312,DECODE,1000,0,1000,572.54,19.64,1
10313,DECODE,1000,0,1000,573.54,19.65,1
10314,DECODE,1000,0,1000,574.54,19.75,1
10315,DECODE,1000,0,1000,575.54,19.53,1
10316,DECODE,1000,0,1000,576.54,19.51,1
10317,DECODE,1000,0,1000,577.54,19.52,1
10318,DECODE,1000,0,1000,578.54,19.58,1
10319,DECODE,1000,0,1000,579.54,19.83,1
10320,DECODE,1000,0,1000,580.54,19.69,1
10321,DECODE,1000,0,1000,581.54,19.66,1
10322,DECODE,1000,0,1000,582.54,19.75,1
10323,DECODE,1000,0,1000,583.54,19.62,1
10324,DECODE,1000,0,1000,584.54,19.65,1
10325,DECODE,1000,0,1000,585.54,19.78,1
10326,DECODE,1000,0,1000,586.54,19.71,1
10327,DECODE,1000,0,1000,587.54,19.58,1
10328,DECODE,1000,0,1000,588.54,19.53,1
10329,DECODE,1000,0,1000,589.54,19.55,1
10330,DECODE,1000,0,1000,590.54,19.72,1
10331,DECODE,1000,0,1000,591.54,19.71,1
10332,DECODE,1000,0,1000,592.54,19.76,1
10333,DECODE,1000,0,1000,593.54,19.80,1
10334,DECODE,1000,0,1000,594.54,19.81,1
10335,DECODE,1000,0,1000,595.54,19.77,1
10336,DECODE,1000,0,1000,596.54,19.79,1
10337,DECODE,1000,0,1000,597.54,19.83,1
10338,DECODE,1000,0,1000,598.54,19.90,1
10339,DECODE,999,0,999,598.97,19.98,1
10340,EXTEND,1,53,0,63.00,20.08,1
10341,DECODE,1000,0,1000,599.43,19.81,1
10342,DECODE,1000,0,1000,600.43,19.66,1
10343,DECODE,1000,0,1000,601.43,20.64,1
10344,DECODE,1000,0,1000,602.43,20.01,1
10345,DECODE,999,0,999,603.14,20.86,1
10346,EXTEND,1,180,0,194.00,23.75,1
10347,DECODE,1000,0,1000,603.73,21.04,1
10348,DECODE,1000,0,1000,604.73,20.10,1
10349,DECODE,1000,0,1000,605.73,20.14,1
10350,DECODE,1000,0,1000,606.73,19.80,1
10351,DECODE,1000,0,1000,607.73,19.90,1
10352,DECODE,1000,0,1000,608.73,20.00,1
10353,DECODE,1000,0,1000,609.73,19.96,1
10354,DECODE,1000,0,1000,610.73,20.19,1
10355,DECODE,1000,0,1000,611.73,20.24,1
10356,DECODE,1000,0,1000,612.73,20.26,1
10357,DECODE,1000,0,1000,613.73,19.99,1
10358,DECODE,1000,0,1000,614.73,20.16,1
10359,DECODE,1000,0,1000,615.73,20.22,1
10360,DECODE,1000,0,1000,616.73,20.26,1
10361,DECODE,1000,0,1000,617.73,20.48,1
10362,DECODE,1000,0,1000,618.73,20.47,1
10363,DECODE,1000,0,1000,619.73,20.13,1
10364,DECODE,1000,0,1000,620.73,20.13,1
10365,DECODE,1000,0,1000,621.73,20.87,1
10366,DECODE,1000,0,1000,622.73,20.33,1
10367,DECODE,1000,0,1000,623.73,20.51,1
10368,DECODE,1000,0,1000,624.73,20.71,1
10369,DECODE,1000,0,1000,625.73,20.53,1
10370,DECODE,1000,0,1000,626.73,20.42,1
10371,DECODE,1000,0,1000,627.73,20.45,1
10372,DECODE,1000,0,1000,628.73,20.39,1
10373,DECODE,1000,0,1000,629.73,20.17,1
10374,DECODE,1000,0,1000,630.73,20.10,1
10375,DECODE,1000,0,1000,631.73,19.92,1
10376,DECODE,1000,0,1000,632.73,19.83,1
10377,DECODE,1000,0,1000,633.73,19.94,1
10378,DECODE,1000,0,1000,634.73,19.97,1
10379,DECODE,1000,0,1000,635.73,19.87,1
10380,DECODE,1000,0,1000,636.73,20.03,1
10381,DECODE,1000,0,1000,637.73,19.84,1
10382,DECODE,1000,0,1000,638.73,19.91,1
10383,DECODE,1000,0,1000,639.73,19.93,1
10384,DECODE,1000,0,1000,640.73,20.01,1
10385,DECODE,1000,0,1000,641.73,19.98,1
10386,DECODE,1000,0,1000,642.73,20.06,1
10387,DECODE,1000,0,1000,643.73,19.92,1
10388,DECODE,1000,0,1000,644.73,20.07,1
10389,DECODE,1000,0,1000,645.73,19.92,1
10390,DECODE,1000,0,1000,646.73,19.96,1
10391,DECODE,1000,0,1000,647.73,20.05,1
10392,DECODE,1000,0,1000,648.73,20.00,1
10393,DECODE,1000,0,1000,649.73,19.98,1
10394,DECODE,1000,0,1000,650.73,20.11,1
10395,DECODE,1000,0,1000,651.73,21.14,1
10396,DECODE,1000,0,1000,652.73,20.55,1
10397,DECODE,1000,0,1000,653.73,20.91,1
10398,DECODE,1000,0,1000,654.73,20.28,1
10399,DECODE,1000,0,1000,655.73,20.19,1
10400,DECODE,1000,0,1000,656.73,20.22,1
10401,DECODE,1000,0,1000,657.73,20.43,1
10402,DECODE,1000,0,1000,658.73,20.41,1
10403,DECODE,1000,0,1000,659.73,20.40,1
10404,DECODE,1000,0,1000,660.73,20.43,1
10405,DECODE,1000,0,1000,661.73,20.40,1
10406,DECODE,1000,0,1000,662.73,20.47,1
10407,DECODE,1000,0,1000,663.73,20.42,1
10408,DECODE,1000,0,1000,664.73,20.43,1
10409,DECODE,1000,0,1000,665.73,20.50,1
10410,DECODE,999,0,999,666.51,20.99,1
10411,DECODE,999,0,999,667.51,20.99,1
10412,DECODE,999,0,999,668.51,21.00,1
10413,DECODE,999,0,999,669.51,20.90,1
10414,DECODE,999,0,999,670.51,20.86,1
10415,DECODE,999,0,999,671.51,20.79,1
10416,DECODE,999,0,999,672.51,20.85,1
10417,DECODE,999,0,999,673.51,20.82,1
10418,DECODE,999,0,999,674.51,20.70,1
10419,DECODE,999,0,999,675.51,20.77,1
10420,DECODE,999,0,999,676.51,21.05,1
10421,DECODE,999,0,999,677.51,20.79,1
10422,DECODE,999,0,999,678.51,20.79,1
10423,DECODE,999,0,999,679.51,20.93,1
10424,DECODE,999,0,999,680.51,20.91,1
10425,DECODE,999,0,999,681.51,20.88,1
10426,DECODE,999,0,999,682.51,20.93,1
10427,DECODE,999,0,999,683.51,20.94,1
10428,DECODE,999,0,999,684.51,21.26,1
10429,DECODE,999,0,999,685.51,21.50,1
10430,DECODE,999,0,999,686.51,21.55,1
10431,DECODE,999,0,999,687.51,21.50,1
10432,DECODE,999,0,999,688.51,21.35,1
10433,DECODE,999,0,999,689.51,21.03,1
10434,DECODE,999,0,999,690.51,21.05,1
10435,DECODE,999,0,999,691.51,20.98,1
10436,DECODE,999,0,999,692.51,21.27,1
10437,DECODE,999,0,999,693.51,21.07,1
10438,DECODE,999,0,999,694.51,21.04,1
10439,DECODE,999,0,999,695.51,21.05,1
10440,DECODE,999,0,999,696.51,21.41,1
10441,DECODE,999,0,999,697.51,21.24,1
10442,DECODE,999,0,999,698.51,21.20,1
10443,DECODE,999,0,999,699.51,21.19,1
10444,DECODE,999,0,999,700.51,21.49,1
10445,DECODE,999,0,999,701.51,21.37,1
10446,DECODE,999,0,999,702.51,21.30,1
10447,DECODE,999,0,999,703.51,21.23,1
10448,DECODE,999,0,999,704.51,21.23,1
10449,DECODE,999,0,999,705.51,21.23,1
10450,DECODE,999,0,999,706.51,21.33,1
10451,DECODE,999,0,999,707.51,21.18,1
10452,DECODE,999,0,999,708.51,21.47,1
10453,DECODE,999,0,999,709.51,21.34,1
10454,DECODE,999,0,999,710.51,23.16,1
10455,DECODE,999,0,999,711.51,21.41,1
10456,DECODE,999,0,999,712.51,21.73,1
10457,DECODE,999,0,999,713.51,21.08,1
10458,DECODE,999,0,999,714.51,21.35,1
10459,DECODE,999,0,999,715.51,21.19,1
10460,DECODE,999,0,999,716.51,21.38,1
10461,DECODE,999,0,999,717.51,21.47,1
10462,DECODE,999,0,999,718.51,21.32,1
10463,DECODE,999,0,999,719.51,21.38,1
10464,DECODE,999,0,999,720.51,21.45,1
10465,DECODE,999,0,999,721.51,21.33,1
10466,DECODE,999,0,999,722.51,21.45,1
10467,DECODE,999,0,999,723.51,21.41,1
10468,DECODE,999,0,999,724.51,21.62,1
10469,DECODE,999,0,999,725.51,21.61,1
10470,DECODE,999,0,999,726.51,21.46,1
10471,DECODE,999,0,999,727.51,21.49,1
10472,DECODE,999,0,999,728.51,21.58,1
10473,DECODE,999,0,999,729.51,21.45,1
10474,DECODE,999,0,999,730.51,21.53,1
10475,DECODE,999,0,999,731.51,21.54,1
10476,DECODE,999,0,999,732.51,21.78,1
10477,DECODE,999,0,999,733.51,21.64,1
10478,DECODE,999,0,999,734.51,21.45,1
10479,DECODE,999,0,999,735.51,21.60,1
10480,DECODE,999,0,999,736.51,21.50,1
10481,DECODE,999,0,999,737.51,21.51,1
10482,DECODE,999,0,999,738.51,21.56,1
10483,DECODE,999,0,999,739.51,21.47,1
10484,DECODE,999,0,999,740.51,21.69,1
10485,DECODE,999,0,999,741.51,21.72,1
10486,DECODE,999,0,999,742.51,21.50,1
10487,DECODE,999,0,999,743.51,21.61,1
10488,DECODE,999,0,999,744.51,21.69,1
10489,DECODE,999,0,999,745.51,21.66,1
10490,DECODE,999,0,999,746.51,21.69,1
10491,DECODE,999,0,999,747.51,21.66,1
10492,DECODE,999,0,999,748.51,21.97,1
10493,DECODE,999,0,999,749.51,21.77,1
10494,DECODE,999,0,999,750.51,21.67,1
10495,DECODE,999,0,999,751.51,21.64,1
10496,DECODE,999,0,999,752.51,21.71,1
10497,DECODE,998,0,998,753.02,21.67,1
10498,DECODE,998,0,998,754.02,21.72,1
10499,DECODE,998,0,998,755.02,21.55,1
10500,DECODE,998,0,998,756.02,21.86,1
10501,DECODE,998,0,998,757.02,21.74,1
10502,DECODE,998,0,998,758.02,21.60,1
10503,DECODE,998,0,998,759.02,21.63,1
10504,DECODE,998,0,998,760.02,21.70,1
10505,DECODE,998,0,998,761.02,21.80,1
10506,DECODE,998,0,998,762.02,21.73,1
10507,DECODE,998,0,998,763.02,21.74,1
10508,DECODE,998,0,998,764.02,21.94,1
10509,DECODE,998,0,998,765.02,21.84,1
10510,DECODE,998,0,998,766.02,21.71,1
10511,DECODE,998,0,998,767.02,21.66,1
10512,DECODE,998,0,998,768.02,21.88,1
10513,DECODE,998,0,998,769.02,22.07,1
10514,DECODE,998,0,998,770.02,21.73,1
10515,DECODE,998,0,998,771.02,21.75,1
10516,DECODE,998,0,998,772.02,21.94,1
10517,DECODE,998,0,998,773.02,21.87,1
10518,DECODE,998,0,998,774.02,21.73,1
10519,DECODE,998,0,998,775.02,21.68,1
10520,DECODE,997,0,997,775.62,24.09,1
10521,DECODE,997,0,997,776.62,22.11,1
10522,DECODE,997,0,997,777.62,21.74,1
10523,DECODE,997,0,997,778.62,21.85,1
10524,DECODE,997,0,997,779.62,22.18,1
10525,DECODE,997,0,997,780.62,22.01,1
10526,DECODE,997,0,997,781.62,22.03,1
10527,DECODE,997,0,997,782.62,22.00,1
10528,DECODE,997,0,997,783.62,21.95,1
10529,DECODE,997,0,997,784.62,22.28,1
10530,DECODE,997,0,997,785.62,22.20,1
10531,DECODE,997,0,997,786.62,22.11,1
10532,DECODE,997,0,997,787.62,22.24,1
10533,DECODE,997,0,997,788.62,22.13,1
10534,DECODE,997,0,997,789.62,22.08,1
10535,DECODE,997,0,997,790.62,24.03,1
10536,DECODE,997,0,997,791.62,22.17,1
10537,DECODE,997,0,997,792.62,22.08,1
10538,DECODE,997,0,997,793.62,22.50,1
10539,DECODE,997,0,997,794.62,22.12,1
10540,DECODE,997,0,997,795.62,22.28,1
10541,DECODE,997,0,997,796.62,22.26,1
10542,DECODE,997,0,997,797.62,22.23,1
10543,DECODE,997,0,997,798.62,21.99,1
10544,DECODE,997,0,997,799.62,22.25,1
10545,DECODE,997,0,997,800.62,22.18,1
10546,DECODE,997,0,997,801.62,22.10,1
10547,DECODE,997,0,997,802.62,22.14,1
10548,DECODE,997,0,997,803.62,22.46,1
10549,DECODE,997,0,997,804.62,22.26,1
10550,DECODE,997,0,997,805.62,22.32,1
10551,DECODE,997,0,997,806.62,22.26,1
10552,DECODE,997,0,997,807.62,22.36,1
10553,DECODE,997,0,997,808.62,22.21,1
10554,DECODE,997,0,997,809.62,22.32,1
10555,DECODE,997,0,997,810.62,22.41,1
10556,DECODE,997,0,997,811.62,22.82,1
10557,DECODE,997,0,997,812.62,22.62,1
10558,DECODE,997,0,997,813.62,22.23,1
10559,DECODE,997,0,997,814.62,22.28,1
10560,DECODE,997,0,997,815.62,22.28,1
10561,DECODE,997,0,997,816.62,22.22,1
10562,DECODE,997,0,997,817.62,22.16,1
10563,DECODE,997,0,997,818.62,22.24,1
10564,DECODE,997,0,997,819.62,22.57,1
10565,DECODE,997,0,997,820.62,22.45,1
10566,DECODE,997,0,997,821.62,22.37,1
10567,DECODE,997,0,997,822.62,22.25,1
10568,DECODE,997,0,997,823.62,22.32,1
10569,DECODE,997,0,997,824.62,22.32,1
10570,DECODE,997,0,997,825.62,22.46,1
10571,DECODE,997,0,997,826.62,22.46,1
10572,DECODE,997,0,997,827.62,22.66,1
10573,DECODE,997,0,997,828.62,22.58,1
10574,DECODE,995,0,995,830.57,22.62,1
10575,DECODE,992,0,992,833.04,22.38,1
10576,DECODE,989,0,989,835.52,22.44,1
10577,DECODE,986,0,986,837.82,22.29,1
10578,DECODE,984,0,984,839.73,26.19,1
10579,DECODE,981,0,981,842.12,22.36,1
10580,DECODE,979,0,979,843.91,22.44,1
10581,DECODE,977,0,977,845.79,24.49,1
10582,DECODE,974,0,974,848.09,22.33,1
10583,DECODE,972,0,972,850.05,22.10,1
10584,DECODE,969,0,969,852.29,25.09,1
10585,DECODE,967,0,967,854.19,22.22,1
10586,DECODE,965,0,965,855.84,22.20,1
10587,DECODE,963,0,963,857.74,22.12,1
10588,DECODE,961,0,961,859.47,25.10,1
10589,DECODE,959,0,959,861.21,26.70,1
10590,DECODE,957,0,957,863.08,22.17,1
10591,DECODE,955,0,955,864.98,22.07,1
10592,DECODE,953,0,953,866.75,22.06,1
10593,DECODE,951,0,951,868.56,22.10,1
10594,DECODE,949,0,949,870.48,22.10,1
10595,DECODE,947,0,947,872.32,26.99,1
10596,DECODE,945,0,945,874.16,27.15,1
10597,DECODE,943,0,943,876.04,22.10,1
10598,DECODE,941,0,941,877.93,22.13,1
10599,DECODE,939,0,939,879.74,27.01,1
10600,DECODE,937,0,937,881.55,26.91,1
10601,DECODE,935,0,935,883.43,22.14,1
10602,DECODE,933,0,933,885.21,22.08,1
10603,DECODE,931,0,931,886.90,22.32,1
10604,DECODE,929,0,929,888.73,22.22,1
10605,DECODE,927,0,927,890.61,22.14,1
10606,DECODE,926,0,926,892.04,22.38,1
10607,DECODE,924,0,924,893.70,21.86,1
10608,DECODE,922,0,922,895.57,24.18,1
10609,DECODE,920,0,920,897.20,21.90,1
10610,DECODE,919,0,919,898.47,22.10,1
10611,DECODE,917,0,917,900.31,22.39,1
10612,DECODE,915,0,915,902.21,27.84,1
10613,DECODE,913,0,913,904.13,22.53,1
10614,DECODE,911,0,911,905.96,22.05,1
10615,DECODE,910,0,910,907.37,22.06,1
10616,DECODE,908,0,908,909.24,21.89,1
10617,DECODE,906,0,906,911.15,21.99,1
10618,DECODE,904,0,904,912.97,21.81,1
10619,DECODE,903,0,903,914.36,21.87,1
10620,DECODE,901,0,901,916.18,22.13,1
10621,DECODE,899,0,899,918.08,22.06,1
10622,DECODE,898,0,898,919.54,21.93,1
10623,DECODE,896,0,896,921.32,21.82,1
10624,DECODE,894,0,894,923.17,22.13,1
10625,DECODE,893,0,893,924.63,25.85,1
10626,DECODE,891,0,891,926.57,22.29,1
10627,DECODE,889,0,889,928.43,22.17,1
10628,DECODE,888,0,888,929.83,21.93,1
10629,DECODE,886,0,886,931.68,25.76,1
10630,DECODE,884,0,884,933.64,25.63,1
10631,DECODE,882,0,882,935.64,22.48,1
10632,DECODE,881,0,881,936.96,22.74,1
10633,DECODE,879,0,879,938.85,22.73,1
10634,DECODE,878,0,878,940.31,22.52,1
10635,DECODE,876,0,876,942.27,21.84,1
10636,DECODE,874,0,874,944.19,22.20,1
10637,DECODE,873,0,873,944.80,22.06,1
10638,DECODE,872,0,872,946.26,22.13,1
10639,DECODE,871,0,871,947.72,26.93,1
10640,DECODE,869,0,869,949.69,23.19,1
10641,DECODE,867,0,867,951.67,22.88,1
10642,DECODE,866,0,866,953.17,22.06,1
10643,DECODE,864,0,864,955.07,21.82,1
10644,DECODE,863,0,863,956.55,22.35,1
10645,DECODE,861,0,861,958.53,27.94,1
10646,DECODE,859,0,859,960.54,23.20,1
10647,DECODE,858,0,858,962.05,22.77,1
10648,DECODE,856,0,856,963.92,21.96,1
10649,DECODE,855,0,855,965.37,21.87,1
10650,DECODE,853,0,853,967.34,21.97,1
10651,DECODE,852,0,852,968.84,22.01,1
10652,DECODE,850,0,850,970.85,28.17,1
10653,DECODE,848,0,848,972.80,22.73,1
10654,DECODE,847,0,847,974.30,22.43,1
10655,DECODE,846,0,846,974.64,27.36,1
10656,DECODE,846,0,846,975.64,21.82,1
10657,DECODE,844,0,844,977.66,21.94,1
10658,DECODE,842,0,842,979.52,22.32,1
10659,DECODE,841,0,841,980.94,27.21,1
10660,DECODE,840,0,840,981.98,21.67,1
10661,DECODE,839,0,839,983.41,21.74,1
10662,DECODE,838,0,838,984.85,21.71,1
10663,DECODE,836,0,836,986.89,21.54,1
10664,DECODE,835,0,835,988.44,26.88,1
10665,DECODE,833,0,833,990.32,21.70,1
10666,DECODE,832,0,832,991.81,21.27,1
10667,DECODE,830,0,830,993.82,21.24,1
10668,DECODE,829,0,829,995.33,21.82,1
10669,DECODE,827,0,827,997.38,21.54,1
10670,DECODE,826,0,826,998.84,21.17,1
10671,DECODE,825,0,825,1000.30,21.20,1
10672,DECODE,823,0,823,1002.28,21.70,1
10673,DECODE,822,0,822,1003.79,21.58,1
10674,DECODE,820,0,820,1005.84,21.35,1
10675,DECODE,819,0,819,1007.38,21.52,1
10676,DECODE,818,0,818,1008.74,21.62,1
10677,DECODE,816,0,816,1010.73,21.46,1
10678,DECODE,815,0,815,1012.26,21.54,1
10679,DECODE,814,0,814,1013.78,21.26,1
10680,DECODE,812,0,812,1015.85,20.97,1
10681,DECODE,811,0,811,1017.39,21.26,1
10682,DECODE,809,0,809,1019.41,21.35,1
10683,DECODE,808,0,808,1020.89,21.04,1
10684,DECODE,807,0,807,1022.38,21.43,1
10685,DECODE,805,0,805,1024.42,21.32,1
10686,DECODE,804,0,804,1025.97,21.01,1
10687,DECODE,803,0,803,1027.53,21.20,1
10688,DECODE,801,0,801,1029.65,21.30,1
10689,DECODE,800,0,800,1031.12,21.04,1
10690,DECODE,799,0,799,1032.61,21.13,1
10691,DECODE,797,0,797,1034.64,21.06,1
10692,DECODE,796,0,796,1036.18,20.86,1
10693,DECODE,795,0,795,1037.73,21.19,1
10694,DECODE,793,0,793,1039.85,21.18,1
10695,DECODE,792,0,792,1041.42,20.66,1
10696,DECODE,791,0,791,1042.90,20.91,1
10697,DECODE,789,0,789,1044.96,20.95,1
10698,DECODE,788,0,788,1046.50,20.68,1
10699,DECODE,787,0,787,1048.06,21.05,1
10700,DECODE,786,0,786,1049.63,21.01,1
10701,DECODE,784,0,784,1051.78,20.63,1
10702,DECODE,783,0,783,1053.37,20.93,1
10703,DECODE,782,0,782,1054.86,20.87,1
10704,DECODE,781,0,781,1056.35,20.80,1
10705,DECODE,779,0,779,1058.39,20.95,1
10706,DECODE,778,0,778,1059.95,20.86,1
10707,DECODE,777,0,777,1061.52,21.02,1
10708,DECODE,776,0,776,1063.09,20.70,1
10709,DECODE,774,0,774,1065.25,21.11,1
10710,DECODE,773,0,773,1065.99,20.88,1
10711,DECODE,773,0,773,1066.99,21.03,1
10712,DECODE,772,0,772,1068.57,20.65,1
10713,DECODE,770,0,770,1070.70,20.76,1
10714,DECODE,769,0,769,1072.24,20.95,1
10715,DECODE,768,0,768,1073.79,20.63,1
10716,DECODE,767,0,767,1075.35,21.07,1
10717,DECODE,766,0,766,1076.92,20.69,1
10718,DECODE,764,0,764,1079.07,20.53,1
10719,DECODE,763,0,763,1080.66,20.84,1
10720,DECODE,762,0,762,1082.25,20.37,1
10721,DECODE,761,0,761,1083.77,20.77,1
10722,DECODE,760,0,760,1085.31,20.52,1
10723,DECODE,758,0,758,1087.41,20.70,1
10724,DECODE,757,0,757,1088.99,21.03,1
10725,DECODE,756,0,756,1090.59,20.69,1
10726,DECODE,755,0,755,1092.22,20.86,1
10727,DECODE,754,0,754,1093.85,20.76,1
10728,DECODE,753,0,753,1094.14,20.94,1
10729,DECODE,753,0,753,1095.14,21.00,1
10730,DECODE,752,0,752,1096.48,28.72,1
10731,DECODE,751,0,751,1098.02,21.06,1
10732,DECODE,750,0,750,1099.57,20.81,1
10733,DECODE,749,0,749,1101.18,20.87,1
10734,DECODE,747,0,747,1103.44,20.77,1
10735,DECODE,746,0,746,1104.28,20.74,1
10736,DECODE,746,0,746,1105.28,20.81,1
10737,DECODE,745,0,745,1106.79,20.77,1
10738,DECODE,744,0,744,1108.32,20.50,1
10739,DECODE,743,0,743,1109.86,27.55,1
10740,DECODE,742,0,742,1111.46,21.15,1
10741,DECODE,741,0,741,1110.94,20.97,1
10742,DECODE,741,0,741,1111.94,20.89,1
10743,DECODE,741,0,741,1112.94,20.90,1
10744,DECODE,740,0,740,1114.54,20.53,1
10745,DECODE,738,0,738,1116.78,20.78,1
10746,DECODE,737,0,737,1118.41,20.84,1
10747,DECODE,736,0,736,1120.04,20.34,1
10748,DECODE,735,0,735,1121.45,21.01,1
10749,DECODE,734,0,734,1122.96,20.71,1
10750,DECODE,733,0,733,1124.47,20.67,1
10751,DECODE,732,0,732,1126.01,20.49,1
10752,DECODE,731,0,731,1127.57,20.84,1
10753,DECODE,730,0,730,1129.18,20.65,1
10754,DECODE,729,0,729,1130.81,20.78,1
10755,DECODE,728,0,728,1132.45,20.40,1
10756,DECODE,727,0,727,1134.10,20.95,1
10757,DECODE,726,0,726,1135.69,20.53,1
10758,DECODE,725,0,725,1137.29,20.71,1
10759,DECODE,724,0,724,1138.90,20.39,1
10760,DECODE,723,0,723,1140.52,20.67,1
10761,DECODE,722,0,722,1142.14,20.60,1
10762,DECODE,720,0,720,1144.42,20.04,1
10763,DECODE,719,0,719,1146.08,25.72,1
10764,DECODE,718,0,718,1147.65,20.49,1
10765,DECODE,717,0,717,1149.22,20.47,1
10766,DECODE,716,0,716,1150.81,20.05,1
10767,DECODE,715,0,715,1152.42,20.39,1
10768,DECODE,714,0,714,1154.05,20.68,1
10769,DECODE,713,0,713,1155.69,20.28,1
10770,DECODE,712,0,712,1157.34,20.21,1
10771,DECODE,711,0,711,1159.02,22.64,1
10772,DECODE,710,0,710,1160.56,25.18,1
10773,DECODE,709,0,709,1162.12,20.77,1
10774,DECODE,708,0,708,1163.72,20.06,1
10775,DECODE,707,0,707,1165.34,20.24,1
10776,DECODE,706,0,706,1166.97,20.18,1
10777,DECODE,705,0,705,1168.62,20.64,1
10778,DECODE,704,0,704,1170.28,20.24,1
10779,DECODE,703,0,703,1170.72,20.15,1
10780,DECODE,703,0,703,1171.72,20.48,1
10781,DECODE,703,0,703,1172.72,20.15,1
10782,DECODE,702,0,702,1174.39,20.09,1
10783,DECODE,701,0,701,1176.08,20.17,1
10784,DECODE,700,0,700,1177.66,19.84,1
10785,DECODE,699,0,699,1179.27,20.15,1
10786,DECODE,698,0,698,1180.88,20.00,1
10787,DECODE,697,0,697,1182.54,20.29,1
10788,DECODE,696,0,696,1184.20,20.18,1
10789,DECODE,695,0,695,1185.86,20.27,1
10790,DECODE,694,0,694,1187.54,20.19,1
10791,DECODE,693,0,693,1189.23,20.30,1
10792,DECODE,692,0,692,1190.93,19.93,1
10793,DECODE,691,0,691,1192.54,19.98,1
10794,DECODE,690,0,690,1194.15,19.93,1
10795,DECODE,689,0,689,1195.76,19.84,1
10796,DECODE,688,0,688,1197.39,20.02,1
10797,DECODE,687,0,687,1199.06,19.77,1
10798,DECODE,687,0,687,1200.06,19.86,1
10799,DECODE,686,0,686,1201.74,19.83,1
10800,DECODE,685,0,685,1203.45,20.00,1
10801,DECODE,684,0,684,1205.16,19.68,1
10802,DECODE,683,0,683,1206.60,19.89,1
10803,DECODE,682,0,682,1208.08,19.97,1
10804,DECODE,681,0,681,1209.73,20.08,1
10805,DECODE,680,0,680,1211.37,19.79,1
10806,DECODE,679,0,679,1213.04,19.94,1
10807,DECODE,679,0,679,1214.04,19.91,1
10808,DECODE,678,0,678,1215.74,19.83,1
10809,DECODE,677,0,677,1217.44,20.30,1
10810,DECODE,676,0,676,1219.16,19.87,1
10811,DECODE,675,0,675,1220.72,19.94,1
10812,DECODE,674,0,674,1222.35,20.17,1
10813,DECODE,673,0,673,1224.04,20.23,1
10814,DECODE,672,0,672,1225.74,19.82,1
10815,DECODE,671,0,671,1227.44,19.93,1
10816,DECODE,671,0,671,1228.44,19.90,1
10817,DECODE,670,0,670,1230.17,19.84,1
10818,DECODE,669,0,669,1231.91,20.44,1
10819,DECODE,668,0,668,1233.59,19.70,1
10820,DECODE,667,0,667,1235.30,20.22,1
10821,DECODE,666,0,666,1237.01,19.87,1
10822,DECODE,665,0,665,1238.72,19.86,1
10823,DECODE,664,0,664,1240.46,19.58,1
10824,DECODE,663,0,663,1242.21,19.86,1
10825,DECODE,663,0,663,1243.21,19.82,1
10826,DECODE,662,0,662,1244.97,19.74,1
10827,DECODE,661,0,661,1246.45,19.81,1
10828,DECODE,660,0,660,1248.12,19.65,1
10829,DECODE,659,0,659,1249.80,19.71,1
10830,DECODE,659,0,659,1250.80,19.74,1
10831,DECODE,658,0,658,1252.51,19.70,1
10832,DECODE,657,0,657,1254.23,19.59,1
10833,DECODE,656,0,656,1255.95,19.40,1
10834,DECODE,655,0,655,1257.70,19.71,1
10835,DECODE,654,0,654,1259.48,19.55,1
10836,DECODE,653,0,653,1260.90,19.81,1
10837,DECODE,653,0,653,1261.90,19.70,1
10838,DECODE,652,0,652,1263.53,19.57,1
10839,DECODE,651,0,651,1264.34,19.62,1
10840,DECODE,651,0,651,1265.34,19.68,1
10841,DECODE,650,0,650,1267.05,19.59,1
10842,DECODE,650,0,650,1268.05,19.58,1
10843,DECODE,649,0,649,1269.77,19.57,1
10844,DECODE,648,0,648,1271.50,19.44,1
10845,DECODE,647,0,647,1273.25,19.55,1
10846,DECODE,646,0,646,1275.00,19.68,1
10847,DECODE,645,0,645,1276.78,19.58,1
10848,DECODE,645,0,645,1277.78,19.55,1
10849,DECODE,644,0,644,1279.47,19.32,1
10850,DECODE,643,0,643,1281.17,19.68,1
10851,DECODE,642,0,642,1282.88,19.57,1
10852,DECODE,641,0,641,1284.62,19.67,1
10853,DECODE,641,0,641,1285.62,19.64,1
10854,DECODE,640,0,640,1287.35,19.18,1
10855,DECODE,639,0,639,1289.09,19.42,1
10856,DECODE,638,0,638,1290.84,19.35,1
10857,DECODE,637,0,637,1292.62,19.39,1
10858,DECODE,637,0,637,1293.62,19.34,1
10859,DECODE,636,0,636,1295.40,19.18,1
10860,DECODE,635,0,635,1297.11,19.50,1
10861,DECODE,634,0,634,1298.86,19.36,1
10862,DECODE,634,0,634,1299.86,19.35,1
10863,DECODE,633,0,633,1301.61,19.40,1
10864,DECODE,632,0,632,1303.37,19.40,1
10865,DECODE,631,0,631,1305.14,19.33,1
10866,DECODE,630,0,630,1306.93,19.50,1
10867,DECODE,630,0,630,1307.93,19.36,1
10868,DECODE,629,0,629,1309.73,19.40,1
10869,DECODE,628,0,628,1311.54,19.03,1
10870,DECODE,627,0,627,1313.15,19.28,1
10871,DECODE,627,0,627,1314.15,19.27,1
10872,DECODE,626,0,626,1315.86,19.45,1
10873,DECODE,625,0,625,1317.59,21.81,1
10874,DECODE,624,0,624,1319.34,19.31,1
10875,DECODE,624,0,624,1320.34,19.12,1
10876,DECODE,623,0,623,1322.12,19.34,1
10877,DECODE,622,0,622,1323.90,19.18,1
10878,DECODE,622,0,622,1324.90,19.30,1
10879,DECODE,621,0,621,1326.70,19.16,1
10880,DECODE,620,0,620,1328.51,19.05,1
10881,DECODE,619,0,619,1330.17,19.24,1
10882,DECODE,619,0,619,1331.17,19.36,1
10883,DECODE,618,0,618,1332.85,19.40,1
10884,DECODE,617,0,617,1334.60,19.43,1
10885,DECODE,617,0,617,1335.60,19.24,1
10886,DECODE,616,0,616,1337.39,19.27,1
10887,DECODE,615,0,615,1339.20,19.31,1
10888,DECODE,614,0,614,1341.01,19.41,1
10889,DECODE,614,0,614,1342.01,19.37,1
10890,DECODE,613,0,613,1343.86,19.41,1
10891,DECODE,612,0,612,1345.71,19.26,1
10892,DECODE,611,0,611,1347.29,19.66,1
10893,DECODE,611,0,611,1348.29,19.43,1
10894,DECODE,610,0,610,1350.04,19.31,1
10895,DECODE,609,0,609,1351.81,19.29,1
10896,DECODE,609,0,609,1352.81,19.55,1
10897,DECODE,608,0,608,1354.59,19.04,1
10898,DECODE,607,0,607,1356.39,19.45,1
10899,DECODE,607,0,607,1357.39,19.77,1
10900,DECODE,606,0,606,1359.21,19.61,1
10901,DECODE,605,0,605,1361.04,19.24,1
10902,DECODE,604,0,604,1362.88,19.19,1
10903,DECODE,604,0,604,1363.88,19.13,1
10904,DECODE,603,0,603,1365.37,19.31,1
10905,DECODE,603,0,603,1366.37,19.47,1
10906,DECODE,602,0,602,1368.05,19.49,1
10907,DECODE,601,0,601,1369.74,19.32,1
10908,DECODE,600,0,600,1370.61,19.26,1
10909,DECODE,600,0,600,1371.61,19.23,1
10910,DECODE,600,0,600,1372.61,18.97,1
10911,DECODE,599,0,599,1374.33,19.06,1
10912,DECODE,599,0,599,1375.33,22.35,1
10913,DECODE,598,0,598,1377.14,21.93,1
10914,DECODE,597,0,597,1378.97,19.31,1
10915,DECODE,597,0,597,1379.97,19.20,1
10916,DECODE,596,0,596,1381.81,19.06,1
10917,DECODE,595,0,595,1380.83,19.42,1
10918,DECODE,595,0,595,1381.83,19.42,1
10919,DECODE,595,0,595,1382.83,19.11,1
10920,DECODE,595,0,595,1383.83,19.15,1
10921,DECODE,594,0,594,1385.68,19.02,1
10922,DECODE,594,0,594,1386.68,19.09,1
10923,DECODE,593,0,593,1388.55,18.96,1
10924,DECODE,592,0,592,1390.22,18.80,1
10925,DECODE,592,0,592,1391.22,18.84,1
10926,DECODE,591,0,591,1392.96,19.04,1
10927,DECODE,591,0,591,1393.96,19.09,1
10928,DECODE,590,0,590,1395.78,19.05,1
10929,DECODE,589,0,589,1397.60,18.94,1
10930,DECODE,589,0,589,1398.60,18.97,1
10931,DECODE,588,0,588,1400.43,18.76,1
10932,DECODE,587,0,587,1402.30,20.11,1
10933,DECODE,587,0,587,1403.30,19.08,1
10934,DECODE,586,0,586,1405.18,19.21,1
10935,DECODE,585,0,585,1407.09,19.09,1
10936,DECODE,585,0,585,1408.09,19.05,1
10937,DECODE,584,0,584,1409.92,18.78,1
10938,DECODE,583,0,583,1411.75,19.29,1
10939,DECODE,583,0,583,1412.75,19.51,1
10940,DECODE,582,0,582,1414.59,19.49,1
10941,DECODE,581,0,581,1415.45,19.15,1
10942,DECODE,581,0,581,1416.45,27.77,1
10943,DECODE,581,0,581,1417.45,27.62,1
10944,DECODE,580,0,580,1419.33,23.53,1
10945,DECODE,580,0,580,1420.33,18.89,1
10946,DECODE,579,0,579,1422.23,18.92,1
10947,DECODE,578,0,578,1424.16,19.05,1
10948,DECODE,577,0,577,1425.46,18.96,1
10949,DECODE,577,0,577,1426.46,18.98,1
10950,DECODE,577,0,577,1427.46,19.08,1
10951,DECODE,576,0,576,1429.39,21.00,1
10952,DECODE,575,0,575,1431.13,19.31,1
10953,DECODE,575,0,575,1432.13,18.93,1
10954,DECODE,574,0,574,1433.92,28.29,1
10955,DECODE,574,0,574,1434.92,26.15,1
10956,DECODE,573,0,573,1436.71,20.74,1
10957,DECODE,572,0,572,1438.50,18.69,1
10958,DECODE,572,0,572,1439.50,19.03,1
10959,DECODE,571,0,571,1441.39,29.33,1
10960,DECODE,571,0,571,1442.39,20.88,1
10961,DECODE,570,0,570,1444.32,18.95,1
10962,DECODE,569,0,569,1446.05,18.92,1
10963,DECODE,569,0,569,1447.05,18.92,1
10964,DECODE,568,0,568,1448.92,18.67,1
10965,DECODE,567,0,567,1449.80,19.36,1
10966,DECODE,567,0,567,1450.80,19.06,1
10967,DECODE,567,0,567,1451.80,19.02,1
10968,DECODE,566,0,566,1453.73,18.95,1
10969,DECODE,566,0,566,1454.73,19.01,1
10970,DECODE,565,0,565,1456.68,19.02,1
10971,DECODE,565,0,565,1457.68,19.08,1
10972,DECODE,564,0,564,1459.60,19.00,1
10973,DECODE,563,0,563,1461.56,19.01,1
10974,DECODE,563,0,563,1462.56,19.09,1
10975,DECODE,562,0,562,1464.54,19.04,1
10976,DECODE,562,0,562,1465.54,18.99,1
10977,DECODE,561,0,561,1467.25,30.50,1
10978,DECODE,560,0,560,1469.09,22.14,1
10979,DECODE,560,0,560,1470.09,18.75,1
10980,DECODE,559,0,559,1470.98,19.33,1
10981,DECODE,559,0,559,1471.98,19.05,1
10982,DECODE,559,0,559,1472.98,18.90,1
10983,DECODE,558,0,558,1474.95,18.70,1
10984,DECODE,558,0,558,1475.95,18.81,1
10985,DECODE,557,0,557,1477.94,18.80,1
10986,DECODE,556,0,556,1479.36,18.57,1
10987,DECODE,556,0,556,1480.36,18.93,1
10988,DECODE,555,0,555,1481.26,19.64,1
10989,DECODE,555,0,555,1482.26,18.95,1
10990,DECODE,555,0,555,1483.26,19.14,1
10991,DECODE,554,0,554,1485.16,19.11,1
10992,DECODE,554,0,554,1486.16,18.89,1
10993,DECODE,553,0,553,1488.14,19.01,1
10994,DECODE,553,0,553,1489.14,18.95,1
10995,DECODE,552,0,552,1491.10,18.84,1
10996,DECODE,551,0,551,1492.49,18.92,1
10997,DECODE,551,0,551,1493.49,19.07,1
10998,DECODE,551,0,551,1494.49,19.19,1
10999,DECODE,550,0,550,1496.47,18.98,1
11000,DECODE,550,0,550,1497.47,19.10,1
11001,DECODE,549,0,549,1499.38,19.09,1
11002,DECODE,548,0,548,1501.31,18.85,1
11003,DECODE,548,0,548,1502.31,18.88,1
11004,DECODE,547,0,547,1504.20,19.09,1
11005,DECODE,547,0,547,1505.20,19.02,1
11006,DECODE,546,0,546,1507.09,19.08,1
11007,DECODE,545,0,545,1506.16,19.13,1
11008,DECODE,545,0,545,1507.16,19.19,1
11009,DECODE,545,0,545,1508.16,18.93,1
11010,DECODE,545,0,545,1509.16,19.00,1
11011,DECODE,545,0,545,1510.16,19.07,1
11012,DECODE,545,0,545,1511.16,19.19,1
11013,DECODE,543,0,543,1508.30,18.95,1
11014,DECODE,542,0,542,1509.30,19.11,1
11015,DECODE,542,0,542,1510.30,19.09,1
11016,DECODE,542,0,542,1511.30,19.01,1
11017,DECODE,542,0,542,1512.30,19.02,1
11018,DECODE,542,0,542,1513.30,18.90,1
11019,DECODE,542,0,542,1514.30,19.07,1
11020,DECODE,542,0,542,1515.30,19.02,1
11021,DECODE,542,0,542,1516.30,19.12,1
11022,DECODE,542,0,542,1517.30,18.94,1
11023,DECODE,542,0,542,1518.30,19.03,1
11024,DECODE,542,0,542,1519.30,19.06,1
11025,DECODE,541,0,541,1521.25,19.11,1
11026,DECODE,541,0,541,1522.25,18.95,1
11027,DECODE,540,0,540,1524.21,18.86,1
11028,DECODE,539,0,539,1526.17,19.38,1
11029,DECODE,539,0,539,1527.17,19.09,1
11030,DECODE,538,0,538,1529.15,19.04,1
11031,DECODE,538,0,538,1530.15,19.05,1
11032,DECODE,537,0,537,1531.95,19.03,1
11033,DECODE,537,0,537,1532.95,19.05,1
11034,DECODE,536,0,536,1534.84,18.75,1
11035,DECODE,536,0,536,1535.84,18.92,1
11036,DECODE,535,0,535,1537.77,19.16,1
11037,DECODE,535,0,535,1538.77,19.39,1
11038,DECODE,533,0,533,1539.34,19.05,1
11039,DECODE,533,0,533,1540.34,19.08,1
11040,DECODE,533,0,533,1541.34,18.96,1
11041,DECODE,532,0,532,1541.63,18.81,1
11042,DECODE,532,0,532,1542.63,18.87,1
11043,DECODE,532,0,532,1543.63,18.79,1
11044,DECODE,532,0,532,1544.63,18.79,1
11045,DECODE,532,0,532,1545.63,18.99,1
11046,DECODE,530,0,530,1544.61,18.93,1
11047,DECODE,530,0,530,1545.61,19.12,1
11048,DECODE,530,0,530,1546.61,19.05,1
11049,DECODE,530,0,530,1547.61,18.77,1
11050,DECODE,530,0,530,1548.61,18.91,1
11051,DECODE,530,0,530,1549.61,19.04,1
11052,DECODE,529,0,529,1548.70,18.92,1
11053,DECODE,528,0,528,1550.08,19.30,1
11054,DECODE,528,0,528,1551.08,18.61,1
11055,DECODE,528,0,528,1552.08,18.59,1
11056,DECODE,528,0,528,1553.08,18.65,1
11057,DECODE,528,0,528,1554.08,18.65,1
11058,DECODE,528,0,528,1555.08,19.59,1
11059,DECODE,528,0,528,1556.08,18.56,1
11060,DECODE,528,0,528,1557.08,18.63,1
11061,DECODE,528,0,528,1558.08,18.61,1
11062,DECODE,528,0,528,1559.08,18.80,1
11063,DECODE,527,0,527,1561.04,19.87,1
11064,DECODE,527,0,527,1562.04,18.97,1
11065,DECODE,526,0,526,1564.01,18.95,1
11066,DECODE,526,0,526,1565.01,18.86,1
11067,DECODE,525,0,525,1567.01,18.70,1
11068,DECODE,525,0,525,1568.01,19.72,1
11069,DECODE,524,0,524,1570.02,18.60,1
11070,DECODE,524,0,524,1571.02,18.87,1
11071,DECODE,523,0,523,1570.13,18.87,1
11072,DECODE,523,0,523,1571.13,19.00,1
11073,DECODE,523,0,523,1572.13,19.78,1
11074,DECODE,523,0,523,1573.13,18.73,1
11075,DECODE,523,0,523,1574.13,18.74,1
11076,DECODE,522,0,522,1576.16,18.78,1
11077,DECODE,522,0,522,1577.16,18.66,1
11078,DECODE,521,0,521,1578.99,19.63,1
11079,DECODE,521,0,521,1579.99,18.88,1
11080,DECODE,520,0,520,1581.91,18.45,1
11081,DECODE,520,0,520,1582.91,18.39,1
11082,DECODE,519,0,519,1584.85,18.80,1
11083,DECODE,519,0,519,1585.85,19.61,1
11084,DECODE,518,0,518,1587.82,18.51,1
11085,DECODE,518,0,518,1588.82,18.73,1
11086,DECODE,517,0,517,1590.83,18.61,1
11087,DECODE,517,0,517,1591.83,18.66,1
11088,DECODE,516,0,516,1593.85,19.45,1
11089,DECODE,516,0,516,1594.85,18.38,1
11090,DECODE,515,0,515,1596.89,18.61,1
11091,DECODE,514,0,514,1596.01,18.62,1
11092,DECODE,514,0,514,1597.01,18.63,1
11093,DECODE,514,0,514,1598.01,19.94,1
11094,DECODE,514,0,514,1599.01,18.50,1
11095,DECODE,514,0,514,1600.01,18.53,1
11096,DECODE,514,0,514,1601.01,18.59,1
11097,DECODE,513,0,513,1602.72,18.44,1
11098,DECODE,513,0,513,1603.72,20.46,1
11099,DECODE,512,0,512,1602.85,17.26,1
11100,DECODE,512,0,512,1603.85,17.67,1
11101,DECODE,512,0,512,1604.85,17.21,1
11102,DECODE,512,0,512,1605.85,17.31,1
11103,DECODE,512,0,512,1606.85,17.32,1
11104,DECODE,512,0,512,1607.85,17.25,1
11105,DECODE,511,0,511,1609.81,17.78,1
11106,DECODE,511,0,511,1610.81,17.43,1
11107,DECODE,510,0,510,1612.82,17.46,1
11108,DECODE,510,0,510,1613.82,17.42,1
11109,DECODE,509,0,509,1615.85,17.39,1
11110,DECODE,509,0,509,1616.85,17.30,1
11111,DECODE,508,0,508,1617.35,18.47,1
11112,DECODE,508,0,508,1618.35,17.92,1
11113,DECODE,508,0,508,1619.35,17.11,1
11114,DECODE,508,0,508,1620.35,17.17,1
11115,DECODE,507,0,507,1622.39,17.20,1
11116,DECODE,507,0,507,1623.39,17.32,1
11117,DECODE,506,0,506,1625.44,17.29,1
11118,DECODE,506,0,506,1626.44,18.58,1
11119,DECODE,505,0,505,1628.17,19.73,1
11120,DECODE,505,0,505,1629.17,18.67,1
11121,DECODE,504,0,504,1629.37,19.05,1
11122,DECODE,504,0,504,1630.37,19.58,1
11123,DECODE,503,0,503,1629.52,18.20,1
11124,DECODE,503,0,503,1630.52,18.61,1
11125,DECODE,503,0,503,1631.52,18.39,1
11126,DECODE,503,0,503,1632.52,17.32,1
11127,DECODE,503,0,503,1633.52,18.52,1
11128,DECODE,502,0,502,1634.60,17.54,1
11129,DECODE,502,0,502,1635.60,17.56,1
11130,DECODE,502,0,502,1636.60,17.39,1
11131,DECODE,502,0,502,1637.60,17.42,1
11132,DECODE,502,0,502,1638.60,17.40,1
11133,DECODE,502,0,502,1639.60,17.54,1
11134,DECODE,501,0,501,1641.55,17.64,1
11135,DECODE,500,0,500,1641.86,17.60,1
11136,DECODE,500,0,500,1642.86,17.36,1
11137,DECODE,500,0,500,1643.86,17.43,1
11138,DECODE,500,0,500,1644.86,17.39,1
11139,DECODE,500,0,500,1645.86,17.36,1
11140,DECODE,499,0,499,1647.86,17.45,1
11141,DECODE,498,0,498,1648.98,17.64,1
11142,DECODE,498,0,498,1649.98,17.52,1
11143,DECODE,498,0,498,1650.98,17.38,1
11144,DECODE,498,0,498,1651.98,17.70,1
11145,DECODE,498,0,498,1652.98,17.49,1
11146,DECODE,497,0,497,1655.01,17.60,1
11147,DECODE,497,0,497,1656.01,17.59,1
11148,DECODE,496,0,496,1658.05,17.66,1
11149,DECODE,495,0,495,1659.28,17.56,1
11150,DECODE,495,0,495,1660.28,18.95,1
11151,DECODE,495,0,495,1661.28,18.80,1
11152,DECODE,495,0,495,1662.28,18.19,1
11153,DECODE,494,0,494,1664.34,19.14,1
11154,DECODE,494,0,494,1665.34,18.55,1
11155,DECODE,494,0,494,1666.34,18.31,1
11156,DECODE,493,0,493,1668.41,19.19,1
11157,DECODE,493,0,493,1669.41,18.55,1
11158,DECODE,492,0,492,1671.35,19.29,1
11159,DECODE,492,0,492,1672.35,18.70,1
11160,DECODE,491,0,491,1674.37,19.32,1
11161,DECODE,490,0,490,1675.50,19.07,1
11162,DECODE,490,0,490,1676.50,18.76,1
11163,DECODE,490,0,490,1677.50,18.38,1
11164,DECODE,489,0,489,1678.58,18.84,1
11165,DECODE,489,0,489,1679.58,18.84,1
11166,DECODE,489,0,489,1680.58,18.34,1
11167,DECODE,489,0,489,1681.58,18.33,1
11168,DECODE,489,0,489,1682.58,18.42,1
11169,DECODE,488,0,488,1684.64,19.38,1
11170,DECODE,488,0,488,1685.64,18.56,1
11171,DECODE,488,0,488,1686.64,18.35,1
11172,DECODE,487,0,487,1687.37,18.75,1
11173,DECODE,487,0,487,1688.37,18.76,1
11174,DECODE,487,0,487,1689.37,18.42,1
11175,DECODE,487,0,487,1690.37,18.24,1
11176,DECODE,486,0,486,1690.81,18.95,1
11177,DECODE,486,0,486,1691.81,18.95,1
11178,DECODE,486,0,486,1692.81,18.40,1
11179,DECODE,486,0,486,1693.81,18.29,1
11180,DECODE,485,0,485,1695.91,19.29,1
11181,DECODE,484,0,484,1697.06,19.00,1
11182,DECODE,484,0,484,1698.06,19.03,1
11183,DECODE,484,0,484,1699.06,18.50,1
11184,DECODE,484,0,484,1700.06,18.63,1
11185,DECODE,483,0,483,1702.17,19.59,1
11186,DECODE,483,0,483,1703.17,18.96,1
11187,DECODE,483,0,483,1704.17,19.09,1
11188,DECODE,482,0,482,1706.29,19.62,1
11189,DECODE,482,0,482,1707.29,18.97,1
11190,DECODE,481,0,481,1708.43,18.81,1
11191,DECODE,481,0,481,1709.43,19.10,1
11192,DECODE,481,0,481,1710.43,18.48,1
11193,DECODE,481,0,481,1711.43,18.49,1
11194,DECODE,480,0,480,1712.57,18.63,1
11195,DECODE,480,0,480,1713.57,18.70,1
11196,DECODE,480,0,480,1714.57,18.32,1
11197,DECODE,479,0,479,1714.90,18.82,1
11198,DECODE,479,0,479,1715.90,18.82,1
11199,DECODE,479,0,479,1716.90,18.32,1
11200,DECODE,479,0,479,1717.90,18.21,1
11201,DECODE,478,0,478,1720.05,19.38,1
11202,DECODE,478,0,478,1721.05,18.94,1
11203,DECODE,478,0,478,1722.05,18.56,1
11204,DECODE,477,0,477,1724.08,19.66,1
11205,DECODE,477,0,477,1725.08,18.84,1
11206,DECODE,476,0,476,1727.13,19.54,1
11207,DECODE,476,0,476,1728.13,19.01,1
11208,DECODE,475,0,475,1729.16,18.95,1
11209,DECODE,475,0,475,1730.16,19.00,1
11210,DECODE,474,0,474,1730.65,19.03,1
11211,DECODE,474,0,474,1731.65,18.95,1
11212,DECODE,474,0,474,1732.65,18.55,1
11213,DECODE,474,0,474,1733.65,18.34,1
11214,DECODE,473,0,473,1734.60,18.80,1
11215,DECODE,473,0,473,1735.60,18.93,1
11216,DECODE,472,0,472,1735.91,18.84,1
11217,DECODE,472,0,472,1736.91,18.95,1
11218,DECODE,472,0,472,1737.91,18.33,1
11219,DECODE,472,0,472,1738.91,18.33,1
11220,DECODE,472,0,472,1739.91,18.44,1
11221,DECODE,472,0,472,1740.91,18.35,1
11222,DECODE,471,0,471,1740.17,18.75,1
11223,DECODE,471,0,471,1741.17,18.91,1
11224,DECODE,471,0,471,1742.17,18.38,1
11225,DECODE,470,0,470,1741.43,19.35,1
11226,DECODE,470,0,470,1742.43,18.82,1
11227,DECODE,470,0,470,1743.43,18.35,1
11228,DECODE,470,0,470,1744.43,18.37,1
11229,DECODE,470,0,470,1745.43,18.31,1
11230,DECODE,470,0,470,1746.43,20.41,1
11231,DECODE,470,0,470,1747.43,17.49,1
11232,DECODE,470,0,470,1748.43,17.48,1
11233,DECODE,468,0,468,1749.42,18.02,1
11234,DECODE,468,0,468,1750.42,18.44,1
11235,DECODE,468,0,468,1751.42,18.09,1
11236,DECODE,467,0,467,1752.45,18.72,1
11237,DECODE,467,0,467,1753.45,18.97,1
11238,DECODE,467,0,467,1754.45,18.53,1
11239,DECODE,467,0,467,1755.45,18.44,1
11240,DECODE,467,0,467,1756.45,18.46,1
11241,DECODE,467,0,467,1757.45,18.46,1
11242,DECODE,467,0,467,1758.45,18.53,1
11243,DECODE,466,0,466,1760.21,18.92,1
11244,DECODE,466,0,466,1761.21,18.84,1
11245,DECODE,466,0,466,1762.21,18.48,1
11246,DECODE,465,0,465,1764.01,18.88,1
11247,DECODE,465,0,465,1765.01,18.91,1
11248,DECODE,465,0,465,1766.01,18.49,1
11249,DECODE,465,0,465,1767.01,18.55,1
11250,DECODE,465,0,465,1768.01,18.43,1
11251,DECODE,465,0,465,1769.01,18.45,1
11252,DECODE,465,0,465,1770.01,18.57,1
11253,DECODE,464,0,464,1770.34,18.82,1
11254,DECODE,464,0,464,1771.34,18.94,1
11255,DECODE,464,0,464,1772.34,18.40,1
11256,DECODE,464,0,464,1773.34,18.32,1
11257,DECODE,463,0,463,1775.44,19.65,1
11258,DECODE,463,0,463,1776.44,18.80,1
11259,DECODE,462,0,462,1778.35,18.29,1
11260,DECODE,462,0,462,1779.35,18.55,1
11261,DECODE,462,0,462,1780.35,18.03,1
11262,DECODE,462,0,462,1781.35,18.04,1
11263,DECODE,461,0,461,1783.54,19.25,1
11264,DECODE,461,0,461,1784.54,18.23,1
11265,DECODE,460,0,460,1786.56,18.89,1
11266,DECODE,460,0,460,1787.56,18.27,1
11267,DECODE,460,0,460,1788.56,17.92,1
11268,DECODE,459,0,459,1790.61,19.03,1
11269,DECODE,459,0,459,1791.61,18.21,1
11270,DECODE,458,0,458,1793.06,18.26,1
11271,DECODE,456,0,456,1793.94,18.84,1
11272,DECODE,456,0,456,1794.94,18.14,1
11273,DECODE,456,0,456,1795.94,17.51,1
11274,DECODE,456,0,456,1796.94,17.91,1
11275,DECODE,456,0,456,1797.94,17.85,1
11276,DECODE,456,0,456,1798.94,17.86,1
11277,DECODE,456,0,456,1799.94,17.92,1
11278,DECODE,456,0,456,1800.94,17.99,1
11279,DECODE,456,0,456,1801.94,17.96,1
11280,DECODE,456,0,456,1802.94,17.88,1
11281,DECODE,456,0,456,1803.94,17.84,1
11282,DECODE,455,0,455,1803.27,18.12,1
11283,DECODE,455,0,455,1804.27,18.44,1
11284,DECODE,455,0,455,1805.27,17.80,1
11285,DECODE,455,0,455,1806.27,17.81,1
11286,DECODE,455,0,455,1807.27,17.93,1
11287,DECODE,455,0,455,1808.27,18.01,1
11288,DECODE,454,0,454,1810.38,18.87,1
11289,DECODE,454,0,454,1811.38,18.23,1
11290,DECODE,453,0,453,1813.47,18.27,1
11291,DECODE,453,0,453,1814.47,18.34,1
11292,DECODE,453,0,453,1815.47,17.83,1
11293,DECODE,453,0,453,1816.47,18.13,1
11294,DECODE,452,0,452,1818.65,17.93,1
11295,DECODE,452,0,452,1819.65,17.67,1
11296,DECODE,451,0,451,1819.58,17.72,1
11297,DECODE,451,0,451,1820.58,18.20,1
11298,DECODE,451,0,451,1821.58,17.51,1
11299,DECODE,451,0,451,1822.58,17.70,1
11300,DECODE,451,0,451,1823.58,17.74,1
11301,DECODE,451,0,451,1824.58,17.54,1
11302,DECODE,450,0,450,1826.37,17.00,1
11303,DECODE,450,0,450,1827.37,16.89,1
11304,DECODE,449,0,449,1829.53,16.87,1
11305,DECODE,449,0,449,1830.53,16.97,1
11306,DECODE,448,0,448,1829.90,16.90,1
11307,DECODE,448,0,448,1830.90,16.78,1
11308,DECODE,448,0,448,1831.90,16.76,1
11309,DECODE,448,0,448,1832.90,16.80,1
11310,DECODE,448,0,448,1833.90,17.80,1
11311,DECODE,448,0,448,1834.90,17.87,1
11312,DECODE,448,0,448,1835.90,17.77,1
11313,DECODE,448,0,448,1836.90,17.75,1
11314,DECODE,447,0,447,1838.90,18.79,1
11315,DECODE,447,0,447,1839.90,18.12,1
11316,DECODE,447,0,447,1840.90,17.80,1
11317,DECODE,446,0,446,1842.96,18.75,1
11318,DECODE,446,0,446,1843.96,18.08,1
11319,DECODE,446,0,446,1844.96,17.83,1
11320,DECODE,445,0,445,1847.05,18.81,1
11321,DECODE,445,0,445,1848.05,18.07,1
11322,DECODE,445,0,445,1849.05,17.77,1
11323,DECODE,444,0,444,1851.18,18.72,1
11324,DECODE,444,0,444,1852.18,18.14,1
11325,DECODE,444,0,444,1853.18,17.77,1
11326,DECODE,443,0,443,1855.35,18.75,1
11327,DECODE,443,0,443,1856.35,18.83,1
11328,DECODE,442,0,442,1857.46,18.45,1
11329,DECODE,442,0,442,1858.46,19.36,1
11330,DECODE,442,0,442,1859.46,18.63,1
11331,DECODE,442,0,442,1860.46,18.70,1
11332,DECODE,442,0,442,1861.46,18.69,1
11333,DECODE,441,0,441,1863.65,20.41,1
11334,DECODE,441,0,441,1864.65,19.08,1
11335,DECODE,441,0,441,1865.65,18.64,1
11336,DECODE,440,0,440,1867.73,20.40,1
11337,DECODE,440,0,440,1868.73,19.13,1
11338,DECODE,439,0,439,1869.20,19.46,1
11339,DECODE,439,0,439,1870.20,19.34,1
11340,DECODE,438,0,438,1871.37,19.47,1
11341,DECODE,438,0,438,1872.37,19.22,1
11342,DECODE,438,0,438,1873.37,18.74,1
11343,DECODE,438,0,438,1874.37,18.57,1
11344,DECODE,438,0,438,1875.37,18.79,1
11345,DECODE,438,0,438,1876.37,18.66,1
11346,DECODE,438,0,438,1877.37,18.64,1
11347,DECODE,438,0,438,1878.37,18.77,1
11348,DECODE,437,0,437,1880.52,20.48,1
11349,DECODE,437,0,437,1881.52,19.12,1
11350,DECODE,437,0,437,1882.52,18.28,1
11351,DECODE,436,0,436,1884.72,20.34,1
11352,DECODE,436,0,436,1885.72,19.04,1
11353,DECODE,435,0,435,1885.17,18.54,1
11354,DECODE,435,0,435,1886.17,18.56,1
11355,DECODE,435,0,435,1887.17,18.07,1
11356,DECODE,435,0,435,1888.17,17.02,1
11357,DECODE,435,0,435,1889.17,17.07,1
11358,DECODE,433,0,433,1888.72,17.74,1
11359,DECODE,432,0,432,1890.20,18.96,1
11360,DECODE,430,0,430,1891.14,17.07,1
11361,DECODE,430,0,430,1892.14,16.78,1
11362,DECODE,429,0,429,1894.30,16.49,1
11363,DECODE,429,0,429,1895.30,16.86,1
11364,DECODE,429,0,429,1896.30,16.68,1
11365,DECODE,429,0,429,1897.30,16.67,1
11366,DECODE,429,0,429,1898.30,16.60,1
11367,DECODE,429,0,429,1899.30,16.62,1
11368,DECODE,429,0,429,1900.30,16.43,1
11369,DECODE,428,0,428,1899.76,17.92,1
11370,DECODE,428,0,428,1900.76,18.20,1
11371,DECODE,427,0,427,1900.21,17.94,1
11372,DECODE,427,0,427,1901.21,17.86,1
11373,DECODE,425,0,425,1902.82,17.88,1
11374,DECODE,423,0,423,1903.73,19.98,1
11375,DECODE,423,0,423,1904.73,18.05,1
11376,DECODE,423,0,423,1905.73,17.52,1
11377,DECODE,423,0,423,1906.73,18.18,1
11378,DECODE,422,0,422,1906.18,18.95,1
11379,DECODE,422,0,422,1907.18,18.18,1
11380,DECODE,422,0,422,1908.18,17.43,1
11381,DECODE,422,0,422,1909.18,17.61,1
11382,DECODE,422,0,422,1910.18,17.51,1
11383,DECODE,422,0,422,1911.18,17.44,1
11384,DECODE,422,0,422,1912.18,17.48,1
11385,DECODE,420,0,420,1910.10,18.02,1
11386,DECODE,420,0,420,1911.10,18.16,1
11387,DECODE,420,0,420,1912.10,17.72,1
11388,DECODE,420,0,420,1913.10,17.56,1
11389,DECODE,420,0,420,1914.10,17.73,1
11390,DECODE,420,0,420,1915.10,17.79,1
11391,DECODE,420,0,420,1916.10,17.71,1
11392,DECODE,420,0,420,1917.10,17.83,1
11393,DECODE,420,0,420,1918.10,17.60,1
11394,DECODE,420,0,420,1919.10,17.63,1
11395,DECODE,420,0,420,1920.10,17.70,1
11396,DECODE,420,0,420,1921.10,17.55,1
11397,DECODE,420,0,420,1922.10,17.78,1
11398,DECODE,420,0,420,1923.10,17.61,1
11399,DECODE,420,0,420,1924.10,17.60,1
11400,DECODE,420,0,420,1925.10,17.66,1
11401,DECODE,420,0,420,1926.10,17.61,1
11402,DECODE,420,0,420,1927.10,17.67,1
11403,DECODE,420,0,420,1928.10,17.78,1
11404,DECODE,420,0,420,1929.10,17.61,1
11405,DECODE,420,0,420,1930.10,17.62,1
11406,DECODE,419,0,419,1931.17,18.07,1
11407,DECODE,419,0,419,1932.17,18.17,1
11408,DECODE,419,0,419,1933.17,17.58,1
11409,DECODE,418,0,418,1932.91,18.03,1
11410,DECODE,418,0,418,1933.91,18.92,1
11411,DECODE,418,0,418,1934.91,17.61,1
11412,DECODE,418,0,418,1935.91,17.85,1
11413,DECODE,418,0,418,1936.91,17.69,1
11414,DECODE,418,0,418,1937.91,17.72,1
11415,DECODE,418,0,418,1938.91,17.68,1
11416,DECODE,418,0,418,1939.91,17.79,1
11417,DECODE,417,0,417,1941.92,18.12,1
11418,DECODE,417,0,417,1942.92,18.18,1
11419,DECODE,417,0,417,1943.92,17.67,1
11420,DECODE,417,0,417,1944.92,17.76,1
11421,DECODE,417,0,417,1945.92,17.74,1
11422,DECODE,415,0,415,1945.85,18.54,1
11423,DECODE,415,0,415,1946.85,18.57,1
11424,DECODE,415,0,415,1947.85,18.12,1
11425,DECODE,415,0,415,1948.85,18.00,1
11426,DECODE,415,0,415,1949.85,18.13,1
11427,DECODE,415,0,415,1950.85,17.96,1
11428,DECODE,415,0,415,1951.85,17.97,1
11429,DECODE,415,0,415,1952.85,18.08,1
11430,DECODE,415,0,415,1953.85,18.05,1
11431,DECODE,415,0,415,1954.85,18.08,1
11432,DECODE,415,0,415,1955.85,18.26,1
11433,DECODE,415,0,415,1956.85,18.05,1
11434,DECODE,415,0,415,1957.85,18.18,1
11435,DECODE,415,0,415,1958.85,18.12,1
11436,DECODE,414,0,414,1959.99,18.45,1
11437,DECODE,414,0,414,1960.99,18.60,1
11438,DECODE,413,0,413,1963.25,18.50,1
11439,DECODE,413,0,413,1964.25,18.52,1
11440,DECODE,413,0,413,1965.25,18.10,1
11441,DECODE,412,0,412,1964.81,18.48,1
11442,DECODE,412,0,412,1965.81,18.56,1
11443,DECODE,412,0,412,1966.81,18.22,1
11444,DECODE,412,0,412,1967.81,18.07,1
11445,DECODE,412,0,412,1968.81,18.23,1
11446,DECODE,410,0,410,1966.93,18.48,1
11447,DECODE,410,0,410,1967.93,18.67,1
11448,DECODE,410,0,410,1968.93,18.11,1
11449,DECODE,410,0,410,1969.93,18.28,1
11450,DECODE,410,0,410,1970.93,18.10,1
11451,DECODE,409,0,409,1970.49,18.48,1
11452,DECODE,409,0,409,1971.49,18.50,1
11453,DECODE,409,0,409,1972.49,18.09,1
11454,DECODE,409,0,409,1973.49,18.00,1
11455,DECODE,409,0,409,1974.49,18.05,1
11456,DECODE,409,0,409,1975.49,17.90,1
11457,DECODE,409,0,409,1976.49,17.86,1
11458,DECODE,408,0,408,1977.15,18.22,1
11459,DECODE,408,0,408,1978.15,17.00,1
11460,DECODE,407,0,407,1979.42,16.93,1
11461,DECODE,407,0,407,1980.42,16.95,1
11462,DECODE,407,0,407,1981.42,16.87,1
11463,DECODE,407,0,407,1982.42,17.99,1
11464,DECODE,406,0,406,1983.49,18.23,1
11465,DECODE,406,0,406,1984.49,16.91,1
11466,DECODE,406,0,406,1985.49,16.92,1
11467,DECODE,405,0,405,1985.07,17.80,1
11468,DECODE,405,0,405,1986.07,16.98,1
11469,DECODE,404,0,404,1987.65,19.10,1
11470,DECODE,404,0,404,1988.65,18.32,1
11471,DECODE,404,0,404,1989.65,19.85,1
11472,DECODE,402,0,402,1987.82,18.25,1
11473,DECODE,401,0,401,1987.95,18.26,1
11474,DECODE,401,0,401,1988.95,17.07,1
11475,DECODE,401,0,401,1989.95,17.04,1
11476,DECODE,399,0,399,1989.71,16.55,1
11477,DECODE,399,0,399,1990.71,16.73,1
11478,DECODE,399,0,399,1991.71,16.61,1
11479,DECODE,398,0,398,1992.73,16.59,1
11480,DECODE,398,0,398,1993.73,16.54,1
11481,DECODE,398,0,398,1994.73,16.55,1
11482,DECODE,398,0,398,1995.73,16.57,1
11483,DECODE,398,0,398,1996.73,16.62,1
11484,DECODE,398,0,398,1997.73,16.59,1
11485,DECODE,397,0,397,1998.84,16.72,1
11486,DECODE,397,0,397,1999.84,16.70,1
11487,DECODE,397,0,397,2000.84,16.66,1
11488,DECODE,397,0,397,2001.84,16.61,1
11489,DECODE,397,0,397,2002.84,16.45,1
11490,DECODE,397,0,397,2003.84,16.59,1
11491,DECODE,397,0,397,2004.84,16.53,1
11492,DECODE,397,0,397,2005.84,16.60,1
11493,DECODE,397,0,397,2006.84,16.41,1
11494,DECODE,397,0,397,2007.84,16.59,1
11495,DECODE,397,0,397,2008.84,16.56,1
11496,DECODE,397,0,397,2009.84,16.62,1
11497,DECODE,397,0,397,2010.84,16.47,1
11498,DECODE,397,0,397,2011.84,17.42,1
11499,DECODE,397,0,397,2012.84,17.44,1
11500,DECODE,397,0,397,2013.84,17.47,1
11501,DECODE,396,0,396,2013.46,17.02,1
11502,DECODE,395,0,395,2013.08,17.48,1
11503,DECODE,394,0,394,2014.15,17.60,1
11504,DECODE,394,0,394,2015.15,17.28,1
11505,DECODE,394,0,394,2016.15,16.79,1
11506,DECODE,394,0,394,2017.15,16.90,1
11507,DECODE,394,0,394,2018.15,17.80,1
11508,DECODE,393,0,393,2019.30,17.12,1
11509,DECODE,392,0,392,2018.92,17.78,1
11510,DECODE,392,0,392,2019.92,17.26,1
11511,DECODE,392,0,392,2020.92,16.82,1
11512,DECODE,392,0,392,2021.92,16.79,1
11513,DECODE,391,0,391,2022.99,17.10,1
11514,DECODE,391,0,391,2023.99,17.20,1
11515,DECODE,390,0,390,2023.62,17.12,1
11516,DECODE,390,0,390,2024.62,17.31,1
11517,DECODE,390,0,390,2025.62,15.77,1
11518,DECODE,390,0,390,2026.62,15.76,1
11519,DECODE,390,0,390,2027.62,15.92,1
11520,DECODE,390,0,390,2028.62,15.92,1
11521,DECODE,390,0,390,2029.62,16.06,1
11522,DECODE,390,0,390,2030.62,16.07,1
11523,DECODE,390,0,390,2031.62,16.11,1
11524,DECODE,390,0,390,2032.62,15.97,1
11525,DECODE,390,0,390,2033.62,15.99,1
11526,DECODE,390,0,390,2034.62,15.93,1
11527,DECODE,390,0,390,2035.62,15.95,1
11528,DECODE,390,0,390,2036.62,16.03,1
11529,DECODE,390,0,390,2037.62,16.05,1
11530,DECODE,390,0,390,2038.62,16.07,1
11531,DECODE,390,0,390,2039.62,16.01,1
11532,DECODE,390,0,390,2040.62,15.99,1
11533,DECODE,390,0,390,2041.62,16.03,1
11534,DECODE,390,0,390,2042.62,16.06,1
11535,DECODE,390,0,390,2043.62,16.08,1
11536,DECODE,390,0,390,2044.62,16.07,1
11537,DECODE,389,0,389,2045.68,16.08,1
11538,DECODE,389,0,389,2046.68,16.16,1
11539,DECODE,389,0,389,2047.68,16.20,1
11540,DECODE,389,0,389,2048.68,16.05,1
11541,DECODE,389,0,389,2049.68,16.02,1
11542,DECODE,389,0,389,2050.68,16.09,1
11543,DECODE,389,0,389,2051.68,16.08,1
11544,DECODE,389,0,389,2052.68,15.99,1
11545,DECODE,389,0,389,2053.68,16.07,1
11546,DECODE,388,0,388,2053.37,16.04,1
11547,DECODE,388,0,388,2054.37,16.16,1
11548,DECODE,388,0,388,2055.37,16.06,1
11549,DECODE,388,0,388,2056.37,15.99,1
11550,DECODE,387,0,387,2056.07,16.01,1
11551,DECODE,387,0,387,2057.07,16.07,1
11552,DECODE,387,0,387,2058.07,16.07,1
11553,DECODE,387,0,387,2059.07,16.08,1
11554,DECODE,387,0,387,2060.07,17.91,1
11555,DECODE,387,0,387,2061.07,17.22,1
11556,DECODE,386,0,386,2063.15,17.54,1
11557,DECODE,386,0,386,2064.15,16.26,1
11558,DECODE,384,0,384,2062.57,16.91,1
11559,DECODE,383,0,383,2063.55,17.77,1
11560,DECODE,383,0,383,2064.55,15.98,1
11561,DECODE,383,0,383,2065.55,15.86,1
11562,DECODE,382,0,382,2065.25,15.47,1
11563,DECODE,382,0,382,2066.25,15.95,1
11564,DECODE,381,0,381,2065.96,15.79,1
11565,DECODE,381,0,381,2066.96,15.77,1
11566,DECODE,380,0,380,2066.66,17.82,1
11567,DECODE,380,0,380,2067.66,17.06,1
11568,DECODE,380,0,380,2068.66,16.29,1
11569,DECODE,380,0,380,2069.66,16.44,1
11570,DECODE,380,0,380,2070.66,15.91,1
11571,DECODE,380,0,380,2071.66,16.03,1
11572,DECODE,380,0,380,2072.66,15.90,1
11573,DECODE,380,0,380,2073.66,15.90,1
11574,DECODE,379,0,379,2073.37,16.13,1
11575,DECODE,379,0,379,2074.37,16.58,1
11576,DECODE,378,0,378,2075.82,15.86,1
11577,DECODE,378,0,378,2076.82,16.06,1
11578,DECODE,378,0,378,2077.82,15.78,1
11579,DECODE,377,0,377,2077.54,15.66,1
11580,DECODE,377,0,377,2078.54,15.81,1
11581,DECODE,377,0,377,2079.54,15.75,1
11582,DECODE,376,0,376,2079.26,15.70,1
11583,DECODE,376,0,376,2080.26,16.53,1
11584,DECODE,376,0,376,2081.26,16.67,1
11585,DECODE,375,0,375,2080.98,17.05,1
11586,DECODE,375,0,375,2081.98,16.93,1
11587,DECODE,375,0,375,2082.98,16.71,1
11588,DECODE,375,0,375,2083.98,16.73,1
11589,DECODE,375,0,375,2084.98,16.86,1
11590,DECODE,375,0,375,2085.98,16.91,1
11591,DECODE,375,0,375,2086.98,16.76,1
11592,DECODE,375,0,375,2087.98,16.73,1
11593,DECODE,375,0,375,2088.98,16.81,1
11594,DECODE,375,0,375,2089.98,16.60,1
11595,DECODE,375,0,375,2090.98,16.81,1
11596,DECODE,375,0,375,2091.98,16.81,1
11597,DECODE,375,0,375,2092.98,16.72,1
11598,DECODE,375,0,375,2093.98,16.91,1
11599,DECODE,375,0,375,2094.98,16.74,1
11600,DECODE,375,0,375,2095.98,16.74,1
11601,DECODE,375,0,375,2096.98,16.90,1
11602,DECODE,375,0,375,2097.98,16.70,1
11603,DECODE,374,0,374,2097.75,17.18,1
11604,DECODE,374,0,374,2098.75,17.34,1
11605,DECODE,374,0,374,2099.75,16.63,1
11606,DECODE,374,0,374,2100.75,16.85,1
11607,DECODE,374,0,374,2101.75,16.77,1
11608,DECODE,374,0,374,2102.75,16.76,1
11609,DECODE,374,0,374,2103.75,16.88,1
11610,DECODE,374,0,374,2104.75,16.73,1
11611,DECODE,374,0,374,2105.75,16.68,1
11612,DECODE,372,0,372,2104.31,17.44,1
11613,DECODE,372,0,372,2105.31,17.08,1
11614,DECODE,372,0,372,2106.31,16.61,1
11615,DECODE,372,0,372,2107.31,16.74,1
11616,DECODE,372,0,372,2108.31,16.66,1
11617,DECODE,372,0,372,2109.31,16.87,1
11618,DECODE,372,0,372,2110.31,16.63,1
11619,DECODE,372,0,372,2111.31,16.73,1
11620,DECODE,372,0,372,2112.31,16.89,1
11621,DECODE,372,0,372,2113.31,16.70,1
11622,DECODE,371,0,371,2113.10,17.01,1
11623,DECODE,370,0,370,2112.89,17.57,1
11624,DECODE,370,0,370,2113.89,16.87,1
11625,DECODE,370,0,370,2114.89,16.79,1
11626,DECODE,370,0,370,2115.89,16.76,1
11627,DECODE,370,0,370,2116.89,16.71,1
11628,DECODE,370,0,370,2117.89,16.82,1
11629,DECODE,369,0,369,2118.04,16.90,1
11630,DECODE,369,0,369,2119.04,16.91,1
11631,DECODE,369,0,369,2120.04,16.84,1
11632,DECODE,369,0,369,2121.04,16.61,1
11633,DECODE,368,0,368,2120.84,17.05,1
11634,DECODE,368,0,368,2121.84,17.02,1
11635,DECODE,367,0,367,2121.65,16.93,1
11636,DECODE,367,0,367,2122.65,16.88,1
11637,DECODE,367,0,367,2123.65,16.52,1
11638,DECODE,365,0,365,2122.26,16.85,1
11639,DECODE,365,0,365,2123.26,17.21,1
11640,DECODE,365,0,365,2124.26,16.63,1
11641,DECODE,365,0,365,2125.26,16.60,1
11642,DECODE,365,0,365,2126.26,16.62,1
11643,DECODE,365,0,365,2127.26,16.65,1
11644,DECODE,364,0,364,2127.07,16.87,1
11645,DECODE,363,0,363,2128.27,17.28,1
11646,DECODE,363,0,363,2129.27,16.98,1
11647,DECODE,363,0,363,2130.27,16.78,1
11648,DECODE,363,0,363,2131.27,16.60,1
11649,DECODE,362,0,362,2132.58,16.89,1
11650,DECODE,362,0,362,2133.58,16.91,1
11651,DECODE,362,0,362,2134.58,16.56,1
11652,DECODE,362,0,362,2135.58,16.60,1
11653,DECODE,362,0,362,2136.58,16.58,1
11654,DECODE,361,0,361,2136.41,16.91,1
11655,DECODE,361,0,361,2137.41,17.01,1
11656,DECODE,360,0,360,2137.23,16.86,1
11657,DECODE,359,0,359,2138.29,17.26,1
11658,DECODE,359,0,359,2139.29,16.80,1
11659,DECODE,359,0,359,2140.29,16.61,1
11660,DECODE,359,0,359,2141.29,16.62,1
11661,DECODE,359,0,359,2142.29,16.56,1
11662,DECODE,358,0,358,2142.12,16.87,1
11663,DECODE,358,0,358,2143.12,16.97,1
11664,DECODE,358,0,358,2144.12,16.59,1
11665,DECODE,356,0,356,2142.78,16.15,1
11666,DECODE,355,0,355,2143.76,16.88,1
11667,EXTEND,1,42,0,48.00,44.00,1
11668,DECODE,354,0,354,2138.07,15.85,1
11669,EXTEND,1,115,0,119.00,45.99,1
11670,DECODE,354,0,354,2133.18,15.50,1
11671,EXTEND,1,66,0,73.00,17.07,1
11672,DECODE,355,0,355,2128.38,15.48,1
11673,DECODE,355,0,355,2129.38,15.56,1
11674,DECODE,355,0,355,2130.38,15.67,1
11675,DECODE,355,0,355,2131.38,15.79,1
11676,DECODE,355,0,355,2132.38,16.10,1
11677,DECODE,355,0,355,2133.38,16.32,1
11678,DECODE,355,0,355,2134.38,16.46,1
11679,DECODE,355,0,355,2135.38,16.60,1
11680,DECODE,355,0,355,2136.38,16.58,1
11681,DECODE,354,0,354,2136.18,16.93,1
11682,EXTEND,1,418,0,421.00,43.09,1
11683,DECODE,354,0,354,2132.75,15.87,1
11684,EXTEND,2,606,0,309.50,22.43,1
11685,DECODE,356,0,356,2123.51,15.57,1
11686,DECODE,356,0,356,2124.51,15.59,1
11687,DECODE,356,0,356,2125.51,15.65,1
11688,DECODE,356,0,356,2126.51,15.70,1
11689,DECODE,356,0,356,2127.51,16.35,1
11690,DECODE,356,0,356,2128.51,16.41,1
11691,DECODE,356,0,356,2129.51,16.63,1
11692,DECODE,356,0,356,2130.51,16.66,1
11693,DECODE,355,0,355,2130.30,16.66,1
11694,EXTEND,3,1020,0,346.33,39.81,1
11695,DECODE,356,0,356,2115.03,15.73,1
11696,EXTEND,2,682,0,354.00,25.27,1
11697,DECODE,357,0,357,2104.92,15.46,1
11698,EXTEND,2,829,0,424.50,18.64,1
11699,DECODE,359,0,359,2096.55,15.68,1
11700,DECODE,359,0,359,2097.55,15.65,1
11701,DECODE,357,0,357,2097.57,15.76,1
11702,EXTEND,4,1500,0,380.00,21.54,1
11703,DECODE,360,0,360,2078.20,15.52,1
11704,EXTEND,2,774,0,391.50,26.98,1
11705,DECODE,362,0,362,2069.88,15.90,1
11706,DECODE,362,0,362,2070.88,15.82,1
11707,DECODE,362,0,362,2071.88,15.85,1
11708,DECODE,362,0,362,2072.88,15.86,1
11709,DECODE,362,0,362,2073.88,15.89,1
11710,DECODE,362,0,362,2074.88,15.89,1
11711,DECODE,361,0,361,2074.53,16.06,1
11712,EXTEND,2,905,0,456.00,27.76,1
11713,DECODE,362,0,362,2065.25,15.73,1
11714,EXTEND,2,797,0,414.00,17.39,1
11715,DECODE,364,0,364,2057.18,15.50,1
11716,DECODE,364,0,364,2058.18,16.12,1
11717,DECODE,364,0,364,2059.18,15.67,1
11718,DECODE,364,0,364,2060.18,15.98,1
11719,DECODE,362,0,362,2058.47,16.11,1
11720,EXTEND,3,1260,0,425.33,32.55,1
11721,DECODE,365,0,365,2046.05,15.56,1
11722,DECODE,365,0,365,2047.05,15.58,1
11723,DECODE,364,0,364,2046.64,17.12,1
11724,EXTEND,2,747,0,379.00,28.29,1
11725,DECODE,366,0,366,2038.53,15.77,1
11726,DECODE,366,0,366,2039.53,15.88,1
11727,DECODE,366,0,366,2040.53,16.14,1
11728,DECODE,366,0,366,2041.53,16.39,1
11729,DECODE,366,0,366,2042.53,16.43,1
11730,DECODE,365,0,365,2042.11,17.04,1
11731,EXTEND,2,849,0,429.00,33.93,1
11732,DECODE,367,0,367,2034.32,15.52,1
11733,DECODE,367,0,367,2035.32,16.52,1
11734,DECODE,366,0,366,2034.89,16.57,1
11735,EXTEND,3,1312,0,444.33,40.68,1
11736,DECODE,368,0,368,2021.49,15.57,1
11737,EXTEND,2,1062,0,537.00,37.81,1
11738,DECODE,370,0,370,2014.47,15.53,1
11739,DECODE,370,0,370,2015.47,15.67,1
11740,DECODE,370,0,370,2016.47,15.65,1
11741,DECODE,370,0,370,2017.47,16.30,1
11742,DECODE,370,0,370,2018.47,16.23,1
11743,DECODE,370,0,370,2019.47,16.32,1
11744,DECODE,369,0,369,2019.10,16.97,1
11745,EXTEND,2,834,0,422.50,36.52,1
11746,DECODE,371,0,371,2011.50,16.88,1
11747,DECODE,371,0,371,2012.50,16.19,1
11748,DECODE,371,0,371,2013.50,16.58,1
11749,DECODE,371,0,371,2014.50,16.53,1
11750,DECODE,370,0,370,2014.02,17.01,1
11751,EXTEND,3,1540,0,519.00,39.76,1
11752,DECODE,371,0,371,1999.99,15.62,1
11753,EXTEND,2,904,0,456.50,26.27,1
11754,DECODE,372,0,372,1991.19,14.97,1
11755,EXTEND,2,864,0,437.00,15.87,1
11756,DECODE,374,0,374,1983.88,15.00,1
11757,DECODE,374,0,374,1984.88,15.03,1
11758,DECODE,372,0,372,1983.74,15.05,1
11759,EXTEND,3,1419,0,477.33,22.24,1
11760,DECODE,375,0,375,1972.69,15.03,1
11761,DECODE,375,0,375,1973.69,15.06,1
11762,DECODE,373,0,373,1971.55,15.45,1
11763,EXTEND,4,1780,0,456.75,23.65,1
11764,DECODE,375,0,375,1953.26,14.86,1
11765,EXTEND,4,1884,0,475.50,24.46,1
11766,DECODE,379,0,379,1938.66,14.91,1
11767,DECODE,379,0,379,1939.66,14.98,1
11768,DECODE,378,0,378,1939.83,15.15,1
11769,EXTEND,3,1359,0,459.00,21.55,1
11770,DECODE,379,0,379,1925.84,14.86,1
11771,EXTEND,3,1433,0,482.33,21.30,1
11772,DECODE,381,0,381,1913.81,14.81,1
11773,EXTEND,3,1447,0,491.33,23.22,1
11774,DECODE,383,0,383,1901.98,14.87,1
11775,EXTEND,3,1491,0,502.67,20.93,1
11776,DECODE,386,0,386,1892.11,15.10,1
11777,DECODE,386,0,386,1893.11,15.10,1
11778,DECODE,386,0,386,1894.11,15.27,1
11779,DECODE,386,0,386,1895.11,16.11,1
11780,DECODE,386,0,386,1896.11,15.22,1
11781,DECODE,385,0,385,1895.38,16.34,1
11782,EXTEND,2,1111,0,563.00,35.83,1
11783,DECODE,387,0,387,1889.50,15.13,1
11784,DECODE,387,0,387,1890.50,15.46,1
11785,DECODE,386,0,386,1889.76,15.26,1
11786,EXTEND,3,1449,0,489.00,31.92,1
11787,DECODE,388,0,388,1878.21,15.05,1
11788,EXTEND,2,983,0,496.00,16.90,1
11789,DECODE,390,0,390,1872.12,15.00,1
11790,DECODE,390,0,390,1873.12,15.52,1
11791,DECODE,387,0,387,1870.11,16.22,1
11792,EXTEND,5,2625,0,529.40,23.54,1
11793,DECODE,391,0,391,1852.20,15.00,1
11794,EXTEND,3,1853,0,627.67,23.99,1
11795,DECODE,394,0,394,1843.88,14.96,1
11796,DECODE,394,0,394,1844.88,15.09,1
11797,DECODE,394,0,394,1845.88,15.10,1
11798,DECODE,393,0,393,1845.06,16.24,1
11799,EXTEND,2,997,0,503.50,16.97,1
11800,DECODE,395,0,395,1839.27,14.99,1
11801,DECODE,395,0,395,1840.27,14.98,1
11802,DECODE,393,0,393,1837.61,15.37,1
11803,EXTEND,4,1896,0,481.00,32.78,1
11804,DECODE,394,0,394,1819.34,14.92,1
11805,EXTEND,4,2117,0,535.00,24.66,1
11806,DECODE,398,0,398,1807.43,14.93,1
11807,DECODE,398,0,398,1808.43,14.95,1
11808,DECODE,397,0,397,1807.54,15.15,1
11809,EXTEND,4,2049,0,517.00,24.95,1
11810,DECODE,398,0,398,1789.90,14.87,1
11811,EXTEND,5,2641,0,535.60,23.29,1
11812,DECODE,401,0,401,1771.93,15.84,1
11813,EXTEND,4,2156,0,547.00,24.48,1
11814,DECODE,404,0,404,1758.85,15.40,1
11815,EXTEND,4,2031,0,515.50,21.84,1
11816,DECODE,408,0,408,1747.66,15.35,1
11817,DECODE,408,0,408,1748.66,15.35,1
11818,DECODE,408,0,408,1749.66,15.51,1
11819,DECODE,408,0,408,1750.66,16.10,1
11820,DECODE,408,0,408,1751.66,15.45,1
11821,DECODE,407,0,407,1750.68,15.93,1
11822,EXTEND,3,1626,0,553.67,33.37,1
11823,DECODE,410,0,410,1742.92,15.94,1
11824,DECODE,410,0,410,1743.92,15.72,1
11825,DECODE,409,0,409,1742.92,15.96,1
11826,EXTEND,4,2101,0,530.50,41.12,1
11827,DECODE,412,0,412,1730.17,15.36,1
11828,EXTEND,2,977,0,493.00,16.53,1
11829,DECODE,413,0,413,1723.17,15.26,1
11830,EXTEND,2,1202,0,608.50,21.38,1
11831,DECODE,414,0,414,1716.77,15.26,1
11832,EXTEND,2,1053,0,531.50,22.25,1
11833,DECODE,416,0,416,1712.07,15.19,1
11834,DECODE,416,0,416,1713.07,15.35,1
11835,DECODE,416,0,416,1714.07,15.38,1
11836,DECODE,416,0,416,1715.07,15.26,1
11837,DECODE,416,0,416,1716.07,15.57,1
11838,DECODE,416,0,416,1717.07,16.44,1
11839,DECODE,416,0,416,1718.07,15.73,1
11840,DECODE,415,0,415,1717.04,16.23,1
11841,EXTEND,3,1533,0,517.33,30.53,1
11842,DECODE,418,0,418,1709.43,15.17,1
11843,DECODE,418,0,418,1710.43,16.04,1
11844,DECODE,417,0,417,1709.39,14.92,1
11845,EXTEND,5,2227,0,450.80,24.34,1
11846,DECODE,418,0,418,1688.34,15.07,1
11847,EXTEND,4,2060,0,522.00,23.65,1
11848,DECODE,421,0,421,1676.19,14.96,1
11849,EXTEND,3,1650,0,557.67,24.26,1
11850,DECODE,423,0,423,1667.17,14.90,1
11851,EXTEND,3,1567,0,531.33,20.61,1
11852,DECODE,425,0,425,1658.05,15.04,1
11853,EXTEND,3,1552,0,523.33,20.10,1
11854,DECODE,427,0,427,1648.97,14.99,1
11855,EXTEND,3,1771,0,595.67,24.32,1
11856,DECODE,430,0,430,1642.62,15.17,1
11857,DECODE,430,0,430,1643.62,15.13,1
11858,DECODE,430,0,430,1644.62,15.09,1
11859,DECODE,430,0,430,1645.62,15.15,1
11860,DECODE,430,0,430,1646.62,15.25,1
11861,DECODE,430,0,430,1647.62,15.30,1
11862,DECODE,430,0,430,1648.62,15.15,1
11863,DECODE,429,0,429,1647.99,16.03,1
11864,EXTEND,3,1616,0,545.67,34.13,1
11865,DECODE,432,0,432,1641.34,15.20,1
11866,DECODE,432,0,432,1642.34,15.21,1
11867,DECODE,432,0,432,1643.34,15.17,1
11868,DECODE,431,0,431,1642.21,15.14,1
11869,EXTEND,4,2193,0,555.50,31.80,1
11870,DECODE,432,0,432,1628.01,15.72,1
11871,EXTEND,4,1649,0,419.50,23.71,1
11872,DECODE,436,0,436,1617.92,15.46,1
11873,DECODE,436,0,436,1618.92,15.42,1
11874,DECODE,436,0,436,1619.92,15.57,1
11875,DECODE,435,0,435,1618.76,15.48,1
11876,EXTEND,3,1365,0,459.67,31.79,1
11877,DECODE,437,0,437,1609.65,15.43,1
11878,EXTEND,3,1775,0,596.00,23.97,1
11879,DECODE,440,0,440,1603.74,15.49,1
11880,DECODE,440,0,440,1604.74,15.46,1
11881,DECODE,440,0,440,1605.74,16.12,1
11882,DECODE,440,0,440,1606.74,16.42,1
11883,DECODE,440,0,440,1607.74,16.51,1
11884,DECODE,440,0,440,1608.74,16.12,1
11885,DECODE,439,0,439,1607.57,16.58,1
11886,EXTEND,3,1693,0,571.00,41.71,1
11887,DECODE,441,0,441,1599.37,15.56,1
11888,EXTEND,3,1748,0,589.00,25.23,1
11889,DECODE,443,0,443,1592.23,15.40,1
11890,EXTEND,3,1686,0,567.33,25.69,1
11891,DECODE,446,0,446,1586.34,15.49,1
11892,DECODE,446,0,446,1587.34,15.39,1
11893,DECODE,444,0,444,1583.95,15.77,1
11894,EXTEND,4,2373,0,601.00,25.07,1
11895,DECODE,447,0,447,1574.15,15.64,1
11896,EXTEND,3,1725,0,583.00,23.94,1
11897,DECODE,450,0,450,1568.54,15.44,1
11898,DECODE,450,0,450,1569.54,15.72,1
11899,DECODE,449,0,449,1568.83,15.72,1
11900,EXTEND,3,1827,0,614.00,23.65,1
11901,DECODE,452,0,452,1563.50,15.39,1
11902,DECODE,452,0,452,1564.50,15.45,1
11903,DECODE,452,0,452,1565.50,15.51,1
11904,DECODE,452,0,452,1566.50,15.92,1
11905,DECODE,452,0,452,1567.50,15.54,1
11906,DECODE,452,0,452,1568.50,16.47,1
11907,DECODE,452,0,452,1569.50,16.25,1
11908,DECODE,451,0,451,1568.79,16.48,1
11909,EXTEND,3,1778,0,598.00,43.11,1
11910,DECODE,453,0,453,1561.17,15.75,1
11911,EXTEND,2,1154,0,583.50,22.38,1
11912,DECODE,455,0,455,1557.87,15.48,1
11913,DECODE,455,0,455,1558.87,15.37,1
11914,DECODE,455,0,455,1559.87,15.63,1
11915,DECODE,455,0,455,1560.87,16.65,1
11916,DECODE,455,0,455,1561.87,15.83,1
11917,DECODE,455,0,455,1562.87,15.78,1
11918,DECODE,455,0,455,1563.87,16.29,1
11919,DECODE,455,0,455,1564.87,16.46,1
11920,DECODE,455,0,455,1565.87,16.90,1
11921,DECODE,455,0,455,1566.87,16.94,1
11922,DECODE,455,0,455,1567.87,16.83,1
11923,DECODE,454,0,454,1566.69,17.01,1
11924,EXTEND,3,1694,0,569.67,45.29,1
11925,DECODE,457,0,457,1561.14,15.67,1
11926,DECODE,457,0,457,1562.14,15.58,1
11927,DECODE,457,0,457,1563.14,16.09,1
11928,DECODE,457,0,457,1564.14,15.61,1
11929,DECODE,456,0,456,1563.47,16.76,1
11930,EXTEND,3,1903,0,638.67,43.31,1
11931,DECODE,459,0,459,1558.42,15.62,1
11932,DECODE,459,0,459,1559.42,15.65,1
11933,DECODE,459,0,459,1560.42,15.66,1
11934,DECODE,459,0,459,1561.42,15.82,1
11935,DECODE,459,0,459,1562.42,15.86,1
11936,DECODE,459,0,459,1563.42,16.39,1
11937,DECODE,459,0,459,1564.42,16.75,1
11938,DECODE,459,0,459,1565.42,16.86,1
11939,DECODE,459,0,459,1566.42,16.76,1
11940,DECODE,459,0,459,1567.42,16.86,1
11941,DECODE,459,0,459,1568.42,16.70,1
11942,DECODE,458,0,458,1567.26,17.34,1
11943,EXTEND,3,1773,0,595.67,46.12,1
11944,DECODE,461,0,461,1561.94,15.60,1
11945,DECODE,461,0,461,1562.94,15.82,1
11946,DECODE,461,0,461,1563.94,15.97,1
11947,DECODE,461,0,461,1564.94,16.64,1
11948,DECODE,461,0,461,1565.94,16.50,1
11949,DECODE,461,0,461,1566.94,16.86,1
11950,DECODE,460,0,460,1565.78,17.08,1
11951,EXTEND,3,1710,0,578.00,45.89,1
11952,DECODE,463,0,463,1560.38,15.66,1
11953,DECODE,463,0,463,1561.38,15.67,1
11954,DECODE,463,0,463,1562.38,16.10,1
11955,DECODE,463,0,463,1563.38,16.94,1
11956,DECODE,463,0,463,1564.38,16.48,1
11957,DECODE,463,0,463,1565.38,16.67,1
11958,DECODE,463,0,463,1566.38,16.70,1
11959,DECODE,463,0,463,1567.38,16.88,1
11960,DECODE,463,0,463,1568.38,16.87,1
11961,DECODE,463,0,463,1569.38,16.82,1
11962,DECODE,462,0,462,1568.61,17.22,1
11963,EXTEND,3,1902,0,639.33,46.09,1
11964,DECODE,462,0,462,1557.15,15.89,1
11965,EXTEND,5,2982,0,602.00,22.96,1
11966,DECODE,467,0,467,1547.92,15.62,1
11967,DECODE,467,0,467,1548.92,15.79,1
11968,DECODE,467,0,467,1549.92,16.01,1
11969,DECODE,466,0,466,1548.76,17.31,1
11970,EXTEND,7,4293,0,618.57,36.07,1
11971,DECODE,470,0,470,1529.45,15.96,1
11972,EXTEND,4,2436,0,614.00,23.32,1
11973,DECODE,474,0,474,1522.72,15.59,1
11974,DECODE,474,0,474,1523.72,15.87,1
11975,DECODE,473,0,473,1522.76,15.74,1
11976,EXTEND,6,3799,0,638.83,24.63,1
11977,DECODE,476,0,476,1506.08,15.54,1
11978,EXTEND,5,2481,0,504.00,25.04,1
11979,DECODE,481,0,481,1496.67,15.80,1
11980,DECODE,481,0,481,1497.67,15.74,1
11981,DECODE,479,0,479,1494.23,15.62,1
11982,EXTEND,7,4476,0,645.00,28.54,1
11983,DECODE,483,0,483,1476.98,15.82,1
11984,EXTEND,5,3268,0,658.40,21.65,1
11985,DECODE,487,0,487,1467.36,15.64,1
11986,EXTEND,5,3157,0,636.00,22.62,1
11987,DECODE,492,0,492,1459.91,15.81,1
11988,DECODE,492,0,492,1460.91,15.88,1
11989,DECODE,492,0,492,1461.91,16.09,1
11990,DECODE,491,0,491,1460.67,16.60,1
11991,EXTEND,5,2885,0,584.00,24.41,1
11992,DECODE,494,0,494,1448.35,15.95,1
11993,EXTEND,4,2034,0,514.50,21.87,1
11994,DECODE,496,0,496,1437.54,16.05,1
11995,EXTEND,5,2792,0,564.60,22.89,1
11996,DECODE,501,0,501,1429.83,16.07,1
11997,DECODE,501,0,501,1430.83,16.13,1
11998,DECODE,501,0,501,1431.83,16.22,1
11999,DECODE,501,0,501,1432.83,16.36,1
12000,DECODE,501,0,501,1433.83,16.30,1
12001,DECODE,501,0,501,1434.83,16.61,1
12002,DECODE,501,0,501,1435.83,16.23,1
12003,DECODE,499,0,499,1432.32,16.19,1
12004,EXTEND,5,3359,0,688.60,43.00,1
12005,DECODE,504,0,504,1425.94,16.33,1
12006,DECODE,504,0,504,1426.94,16.33,1
12007,DECODE,504,0,504,1427.94,17.28,1
12008,DECODE,504,0,504,1428.94,16.42,1
12009,DECODE,503,0,503,1427.69,17.78,1
12010,EXTEND,5,3597,0,723.60,36.05,1
12011,DECODE,508,0,508,1421.76,16.36,1
12012,DECODE,508,0,508,1422.76,16.27,1
12013,DECODE,508,0,508,1423.76,16.64,1
12014,DECODE,508,0,508,1424.76,16.31,1
12015,DECODE,508,0,508,1425.76,16.77,1
12016,DECODE,508,0,508,1426.76,17.06,1
12017,DECODE,508,0,508,1427.76,17.29,1
12018,DECODE,508,0,508,1428.76,17.88,1
12019,DECODE,508,0,508,1429.76,17.34,1
12020,DECODE,508,0,508,1430.76,17.72,1
12021,DECODE,508,0,508,1431.76,17.47,1
12022,DECODE,508,0,508,1432.76,17.61,1
12023,DECODE,507,0,507,1431.54,18.29,1
12024,EXTEND,5,3375,0,680.60,44.34,1
12025,DECODE,512,0,512,1425.21,16.53,1
12026,DECODE,512,0,512,1426.21,16.97,1
12027,DECODE,512,0,512,1427.21,17.48,1
12028,DECODE,512,0,512,1428.21,17.35,1
12029,DECODE,512,0,512,1429.21,17.07,1
12030,DECODE,512,0,512,1430.21,17.04,1
12031,DECODE,512,0,512,1431.21,17.57,1
12032,DECODE,512,0,512,1432.21,17.87,1
12033,DECODE,512,0,512,1433.21,17.86,1
12034,DECODE,512,0,512,1434.21,17.97,1
12035,DECODE,512,0,512,1435.21,17.79,1
12036,DECODE,512,0,512,1436.21,17.91,1
12037,DECODE,512,0,512,1437.21,17.81,1
12038,DECODE,512,0,512,1438.21,17.54,1
12039,DECODE,512,0,512,1439.21,17.53,1
12040,DECODE,512,0,512,1440.21,17.53,1
12041,DECODE,512,0,512,1441.21,17.64,1
12042,DECODE,512,0,512,1442.21,17.73,1
12043,DECODE,512,0,512,1443.21,17.57,1
12044,DECODE,512,0,512,1444.21,17.64,1
12045,DECODE,512,0,512,1445.21,17.62,1
12046,DECODE,512,0,512,1446.21,17.81,1
12047,DECODE,512,0,512,1447.21,17.64,1
12048,DECODE,510,0,510,1443.90,18.06,1
12049,EXTEND,6,4088,0,686.17,44.98,1
12050,DECODE,516,0,516,1436.09,17.64,1
12051,DECODE,516,0,516,1437.09,17.39,1
12052,DECODE,516,0,516,1438.09,17.62,1
12053,DECODE,516,0,516,1439.09,17.47,1
12054,DECODE,516,0,516,1440.09,17.45,1
12055,DECODE,516,0,516,1441.09,17.51,1
12056,DECODE,516,0,516,1442.09,17.69,1
12057,DECODE,516,0,516,1443.09,17.53,1
12058,DECODE,516,0,516,1444.09,17.55,1
12059,DECODE,516,0,516,1445.09,17.49,1
12060,DECODE,516,0,516,1446.09,17.76,1
12061,DECODE,515,0,515,1444.93,18.65,1
12062,EXTEND,6,4279,0,719.50,28.84,1
12063,DECODE,519,0,519,1433.24,18.08,1
12064,EXTEND,5,3612,0,728.60,25.06,1
12065,DECODE,524,0,524,1427.52,17.83,1
12066,DECODE,524,0,524,1428.52,17.92,1
12067,DECODE,523,0,523,1427.36,18.39,1
12068,EXTEND,6,3573,0,601.17,24.73,1
12069,DECODE,526,0,526,1412.48,17.87,1
12070,EXTEND,6,4379,0,735.50,27.19,1
12071,DECODE,532,0,532,1405.84,17.91,1
12072,DECODE,532,0,532,1406.84,17.98,1
12073,DECODE,530,0,530,1403.49,18.07,1
12074,EXTEND,6,4361,0,732.67,27.91,1
12075,DECODE,535,0,535,1394.81,18.05,1
12076,EXTEND,5,3699,0,744.20,24.50,1
12077,DECODE,540,0,540,1389.78,17.83,1
12078,DECODE,540,0,540,1390.78,17.77,1
12079,DECODE,540,0,540,1391.78,17.82,1
12080,DECODE,540,0,540,1392.78,17.86,1
12081,DECODE,539,0,539,1391.62,18.24,1
12082,EXTEND,4,3240,0,817.25,24.79,1
12083,DECODE,541,0,541,1384.05,29.06,1
12084,EXTEND,4,2972,0,751.75,29.86,1
12085,DECODE,545,0,545,1380.41,18.03,1
12086,DECODE,545,0,545,1381.41,17.82,1
12087,DECODE,545,0,545,1382.41,18.11,1
12088,DECODE,545,0,545,1383.41,17.91,1
12089,DECODE,545,0,545,1384.41,17.98,1
12090,DECODE,544,0,544,1383.25,17.91,1
12091,EXTEND,2,1561,0,785.50,19.74,1
12092,DECODE,545,0,545,1380.22,18.79,1
12093,EXTEND,2,1548,0,779.50,32.05,1
12094,DECODE,547,0,547,1379.02,27.53,1
12095,DECODE,547,0,547,1380.02,20.83,1
12096,DECODE,546,0,546,1378.86,18.26,1
12097,EXTEND,3,2226,0,748.67,23.54,1
12098,DECODE,547,0,547,1372.09,18.96,1
12099,EXTEND,3,2258,0,759.00,20.14,1
12100,DECODE,550,0,550,1369.75,17.89,1
12101,DECODE,550,0,550,1370.75,18.27,1
12102,DECODE,550,0,550,1371.75,18.01,1
12103,DECODE,549,0,549,1370.58,18.09,1
12104,EXTEND,3,2260,0,757.67,22.84,1
12105,DECODE,550,0,550,1363.91,18.81,1
12106,EXTEND,3,2393,0,803.33,23.59,1
12107,DECODE,552,0,552,1359.70,17.91,1
12108,EXTEND,2,1592,0,800.50,21.98,1
12109,DECODE,553,0,553,1356.51,17.90,1
12110,EXTEND,2,1554,0,783.00,20.49,1
12111,DECODE,553,0,553,1351.09,17.96,1
12112,EXTEND,3,2279,0,765.67,22.73,1
12113,DECODE,555,0,555,1346.75,17.87,1
12114,EXTEND,3,1907,0,639.67,23.75,1
12115,DECODE,557,0,557,1341.76,17.91,1
12116,EXTEND,3,2381,0,799.67,23.44,1
12117,DECODE,559,0,559,1337.68,17.96,1
12118,EXTEND,2,1565,0,788.00,19.66,1
12119,DECODE,560,0,560,1334.53,17.82,1
12120,EXTEND,3,2424,0,812.33,23.59,1
12121,DECODE,562,0,562,1330.57,18.05,1
12122,EXTEND,2,1623,0,817.50,30.19,1
12123,DECODE,564,0,564,1329.75,18.00,1
12124,DECODE,564,0,564,1330.75,18.07,1
12125,DECODE,563,0,563,1329.56,18.10,1
12126,EXTEND,2,1623,0,815.50,16.44,1
12127,DECODE,564,0,564,1326.56,18.09,1
12128,EXTEND,2,1591,0,802.50,16.33,1
12129,DECODE,565,0,565,1323.52,17.98,1
12130,EXTEND,2,1623,0,819.00,16.22,1
12131,DECODE,567,0,567,1322.74,18.20,1
12132,DECODE,567,0,567,1323.74,18.16,1
12133,DECODE,567,0,567,1324.74,18.42,1
12134,DECODE,566,0,566,1323.56,18.25,1
12135,EXTEND,2,1642,0,826.00,19.95,1
12136,DECODE,567,0,567,1320.63,18.69,1
12137,EXTEND,2,1627,0,818.50,20.35,1
12138,DECODE,569,0,569,1319.86,18.26,1
12139,DECODE,569,0,569,1320.86,18.21,1
12140,DECODE,569,0,569,1321.86,18.59,1
12141,DECODE,568,0,568,1320.68,17.96,1
12142,EXTEND,1,804,0,808.00,16.05,1
12143,DECODE,569,0,569,1320.78,18.11,1
12144,DECODE,569,0,569,1321.78,18.11,1
12145,DECODE,569,0,569,1322.78,18.39,1
12146,DECODE,567,0,567,1319.42,18.38,1
12147,EXTEND,3,2520,0,845.33,22.85,1
12148,DECODE,569,0,569,1315.74,18.05,1
12149,EXTEND,1,862,0,865.00,15.86,1
12150,DECODE,570,0,570,1315.95,18.19,1
12151,DECODE,570,0,570,1316.95,18.19,1
12152,DECODE,569,0,569,1315.76,18.27,1
12153,EXTEND,3,2532,0,849.00,22.92,1
12154,DECODE,568,0,568,1305.54,17.88,1
12155,EXTEND,3,2469,0,829.67,23.32,1
12156,DECODE,569,0,569,1300.04,17.83,1
12157,EXTEND,4,3533,0,888.00,23.49,1
12158,DECODE,572,0,572,1295.95,17.65,1
12159,EXTEND,3,2482,0,833.33,35.88,1
12160,DECODE,574,0,574,1292.33,21.56,1
12161,EXTEND,3,2677,0,901.00,23.01,1
12162,DECODE,577,0,577,1291.30,18.13,1
12163,DECODE,577,0,577,1292.30,18.42,1
12164,DECODE,576,0,576,1291.10,18.05,1
12165,EXTEND,2,1753,0,881.50,23.35,1
12166,DECODE,578,0,578,1290.68,17.98,1
12167,DECODE,578,0,578,1291.68,18.05,1
12168,DECODE,578,0,578,1292.68,18.25,1
12169,DECODE,577,0,577,1291.49,18.29,1
12170,EXTEND,2,1716,0,863.00,23.87,1
12171,DECODE,578,0,578,1288.81,17.97,1
12172,EXTEND,2,1701,0,857.50,23.67,1
12173,DECODE,580,0,580,1288.32,17.75,1
12174,DECODE,580,0,580,1289.32,17.90,1
12175,DECODE,580,0,580,1290.32,18.15,1
12176,DECODE,578,0,578,1286.93,18.39,1
12177,EXTEND,4,3001,0,756.25,24.13,1
12178,DECODE,579,0,579,1277.67,18.01,1
12179,EXTEND,3,2695,0,904.33,22.72,1
12180,DECODE,581,0,581,1274.54,17.92,1
12181,EXTEND,3,1808,0,609.67,24.07,1
12182,DECODE,583,0,583,1269.91,17.99,1
12183,EXTEND,3,2802,0,938.00,22.06,1
12184,DECODE,586,0,586,1269.21,18.01,1
12185,DECODE,586,0,586,1270.21,17.90,1
12186,DECODE,586,0,586,1271.21,18.30,1
12187,DECODE,584,0,584,1267.80,18.02,1
12188,EXTEND,3,2719,0,911.33,22.30,1
12189,DECODE,585,0,585,1262.55,17.93,1
12190,EXTEND,3,2634,0,883.33,21.82,1
12191,DECODE,586,0,586,1257.45,17.87,1
12192,EXTEND,3,2764,0,926.00,22.12,1
12193,DECODE,588,0,588,1254.54,17.69,1
12194,EXTEND,3,1860,0,624.33,22.87,1
12195,DECODE,591,0,591,1252.35,17.95,1
12196,DECODE,591,0,591,1253.35,18.35,1
12197,DECODE,589,0,589,1249.91,18.21,1
12198,EXTEND,4,2837,0,715.50,24.69,1
12199,DECODE,592,0,592,1245.09,17.78,1
12200,EXTEND,3,2925,0,981.33,22.14,1
12201,DECODE,592,0,592,1238.09,17.71,1
12202,EXTEND,4,3802,0,957.25,26.43,1
12203,DECODE,594,0,594,1232.75,17.96,1
12204,EXTEND,4,1940,0,491.25,22.66,1
12205,DECODE,595,0,595,1222.08,17.86,1
12206,EXTEND,5,3909,0,791.40,24.70,1
12207,DECODE,597,0,597,1212.76,17.97,1
12208,EXTEND,6,5120,0,858.50,32.39,1
12209,DECODE,603,0,603,1210.23,18.29,1
12210,DECODE,603,0,603,1211.23,18.22,1
12211,DECODE,600,0,600,1205.49,17.74,1
12212,EXTEND,6,4960,0,832.83,31.08,1
12213,DECODE,606,0,606,1202.80,18.61,1
12214,DECODE,606,0,606,1203.80,18.18,1
12215,DECODE,604,0,604,1200.37,17.78,1
12216,EXTEND,6,2211,0,376.00,23.29,1
12217,DECODE,608,0,608,1188.76,17.72,1
12218,EXTEND,5,5135,0,1033.60,30.70,1
12219,DECODE,611,0,611,1184.01,18.40,1
12220,EXTEND,6,1356,0,232.83,20.41,1
12221,DECODE,617,0,617,1175.76,17.92,1
12222,DECODE,617,0,617,1176.76,18.12,1
12223,DECODE,616,0,616,1175.51,17.90,1
12224,EXTEND,5,3263,0,658.20,23.20,1
12225,DECODE,621,0,621,1172.35,18.05,1
12226,DECODE,621,0,621,1173.35,18.12,1
12227,DECODE,619,0,619,1169.87,18.01,1
12228,EXTEND,4,3382,0,850.75,23.94,1
12229,DECODE,619,0,619,1159.83,18.07,1
12230,EXTEND,6,6432,0,1079.00,37.36,1
12231,DECODE,624,0,624,1157.81,18.08,1
12232,EXTEND,5,3593,0,725.20,25.06,1
12233,DECODE,629,0,629,1155.37,18.16,1
12234,DECODE,629,0,629,1156.37,18.02,1
12235,DECODE,629,0,629,1157.37,18.01,1
12236,DECODE,629,0,629,1158.37,18.36,1
12237,DECODE,627,0,627,1154.90,27.91,1
12238,EXTEND,5,4567,0,919.80,31.28,1
12239,DECODE,629,0,629,1147.39,18.26,1
12240,EXTEND,5,1599,0,323.80,20.82,1
12241,DECODE,633,0,633,1139.65,18.00,1
12242,EXTEND,4,3583,0,902.75,24.78,1
12243,DECODE,635,0,635,1134.72,17.94,1
12244,EXTEND,4,3535,0,891.50,23.78,1
12245,DECODE,638,0,638,1131.96,17.97,1
12246,EXTEND,4,2534,0,638.00,22.53,1
12247,DECODE,640,0,640,1125.42,17.80,1
12248,EXTEND,5,2534,0,513.80,20.02,1
12249,DECODE,644,0,644,1119.44,18.00,1
12250,EXTEND,4,1350,0,346.00,20.67,1
12251,DECODE,647,0,647,1113.71,18.25,1
12252,EXTEND,3,3586,0,1207.00,25.03,1
12253,DECODE,650,0,650,1115.14,18.33,1
12254,DECODE,650,0,650,1116.14,18.43,1
12255,DECODE,649,0,649,1114.92,18.50,1
12256,EXTEND,4,207,0,59.50,15.73,1
12257,DECODE,650,0,650,1102.75,18.24,1
12258,EXTEND,5,258,0,67.40,15.80,1
12259,DECODE,655,0,655,1095.85,18.30,1
12260,DECODE,655,0,655,1096.85,18.31,1
12261,DECODE,653,0,653,1093.37,18.22,1
12262,EXTEND,6,2840,0,484.00,23.37,1
12263,DECODE,658,0,658,1086.59,18.16,1
12264,EXTEND,4,2752,0,695.25,21.45,1
12265,DECODE,661,0,661,1082.99,18.11,1
12266,EXTEND,4,1608,0,408.25,20.19,1
12267,DECODE,664,0,664,1077.70,18.02,1
12268,EXTEND,3,2811,0,942.67,22.31,1
12269,DECODE,666,0,666,1075.87,18.22,1
12270,EXTEND,3,1516,0,509.67,16.04,1
12271,DECODE,669,0,669,1074.33,18.21,1
12272,DECODE,669,0,669,1075.33,18.29,1
12273,DECODE,668,0,668,1074.72,18.09,1
12274,EXTEND,2,2709,0,1363.50,36.97,1
12275,DECODE,670,0,670,1076.59,21.26,1
12276,DECODE,670,0,670,1077.59,18.50,1
12277,DECODE,669,0,669,1076.52,18.90,1
12278,EXTEND,2,2671,0,1340.00,23.01,1
12279,DECODE,669,0,669,1073.87,18.80,1
12280,EXTEND,2,1365,0,690.50,16.29,1
12281,DECODE,671,0,671,1073.73,18.39,1
12282,DECODE,671,0,671,1074.73,18.42,1
12283,DECODE,671,0,671,1075.73,18.50,1
12284,DECODE,670,0,670,1074.52,18.51,1
12285,EXTEND,2,1448,0,728.00,21.17,1
12286,DECODE,672,0,672,1074.49,18.08,1
12287,DECODE,672,0,672,1075.49,18.11,1
12288,DECODE,672,0,672,1076.49,18.09,1
12289,DECODE,672,0,672,1077.49,18.32,1
12290,DECODE,671,0,671,1076.28,18.58,1
12291,EXTEND,1,217,0,222.00,23.71,1
12292,DECODE,672,0,672,1076.00,18.18,1
12293,DECODE,672,0,672,1077.00,18.20,1
12294,DECODE,672,0,672,1078.00,18.17,1
12295,DECODE,672,0,672,1079.00,18.18,1
12296,DECODE,672,0,672,1080.00,21.91,1
12297,DECODE,671,0,671,1079.45,32.09,1
12298,EXTEND,1,1368,0,1377.00,34.60,1
12299,DECODE,672,0,672,1080.90,18.38,1
12300,DECODE,672,0,672,1081.90,18.33,1
12301,DECODE,672,0,672,1082.90,18.21,1
12302,DECODE,672,0,672,1083.90,18.20,1
12303,DECODE,672,0,672,1084.90,18.21,1
12304,DECODE,672,0,672,1085.90,18.34,1
12305,DECODE,670,0,670,1082.61,18.76,1
12306,EXTEND,1,1353,0,1358.00,17.39,1
12307,DECODE,670,0,670,1081.82,18.81,1
12308,EXTEND,1,53,0,61.00,16.02,1
12309,DECODE,671,0,671,1081.30,18.60,1
12310,DECODE,671,0,671,1082.30,18.51,1
12311,DECODE,671,0,671,1083.30,18.48,1
12312,DECODE,671,0,671,1084.30,18.47,1
12313,DECODE,670,0,670,1083.10,18.46,1
12314,DECODE,670,0,670,1084.10,18.69,1
12315,DECODE,670,0,670,1085.10,18.44,1
12316,DECODE,670,0,670,1086.10,18.25,1
12317,DECODE,670,0,670,1087.10,18.45,1
12318,DECODE,670,0,670,1088.10,18.44,1
12319,DECODE,670,0,670,1089.10,18.40,1
12320,DECODE,670,0,670,1090.10,18.40,1
12321,DECODE,669,0,669,1089.01,18.85,1
12322,DECODE,669,0,669,1090.01,18.71,1
12323,DECODE,667,0,667,1086.66,18.42,1
12324,EXTEND,1,84,0,88.00,26.40,1
12325,DECODE,667,0,667,1084.11,18.52,1
12326,EXTEND,1,43,0,46.00,15.97,1
12327,DECODE,668,0,668,1083.56,18.16,1
12328,DECODE,668,0,668,1084.56,18.08,1
12329,DECODE,667,0,667,1085.26,18.37,1
12330,EXTEND,1,67,0,79.00,16.09,1
12331,DECODE,668,0,668,1084.75,18.05,1
12332,DECODE,668,0,668,1085.75,18.25,1
12333,DECODE,668,0,668,1086.75,18.32,1
12334,DECODE,668,0,668,1087.75,18.96,1
12335,DECODE,668,0,668,1088.75,18.15,1
12336,DECODE,667,0,667,1087.55,18.69,1
12337,EXTEND,1,69,0,76.00,17.48,1
12338,DECODE,666,0,666,1082.61,19.16,1
12339,EXTEND,2,101,0,65.50,16.30,1
12340,DECODE,668,0,668,1080.56,18.22,1
12341,DECODE,668,0,668,1081.56,18.19,1
12342,DECODE,667,0,667,1080.35,18.57,1
12343,EXTEND,2,76,0,54.50,26.27,1
12344,DECODE,669,0,669,1078.28,18.49,1
12345,DECODE,669,0,669,1079.28,19.13,1
12346,DECODE,669,0,669,1080.28,18.79,1
12347,DECODE,668,0,668,1079.06,18.88,1
12348,EXTEND,2,112,0,60.50,16.81,1
12349,DECODE,670,0,670,1077.02,18.68,1
12350,DECODE,670,0,670,1078.02,18.56,1
12351,DECODE,670,0,670,1079.02,19.37,1
12352,DECODE,670,0,670,1080.02,18.62,1
12353,DECODE,670,0,670,1081.02,19.06,1
12354,DECODE,669,0,669,1079.81,19.13,1
12355,EXTEND,1,52,0,56.00,17.04,1
12356,DECODE,670,0,670,1079.29,19.02,1
12357,DECODE,670,0,670,1080.29,18.48,1
12358,DECODE,670,0,670,1081.29,19.11,1
12359,DECODE,670,0,670,1082.29,18.62,1
12360,DECODE,669,0,669,1081.08,18.68,1
12361,EXTEND,1,46,0,49.00,22.56,1
12362,DECODE,670,0,670,1080.54,18.75,1
12363,DECODE,670,0,670,1081.54,18.85,1
12364,DECODE,668,0,668,1078.11,18.57,1
12365,EXTEND,2,101,0,58.50,16.54,1
12366,DECODE,669,0,669,1073.85,18.63,1
12367,EXTEND,3,215,0,79.67,16.09,1
12368,DECODE,672,0,672,1070.41,18.23,1
12369,DECODE,672,0,672,1071.41,18.32,1
12370,DECODE,672,0,672,1072.41,18.36,1
12371,DECODE,672,0,672,1073.41,18.88,1
12372,DECODE,672,0,672,1074.41,18.53,1
12373,DECODE,672,0,672,1075.41,18.28,1
12374,DECODE,671,0,671,1074.20,18.73,1
12375,EXTEND,2,127,0,79.00,27.91,1
12376,DECODE,673,0,673,1072.24,18.51,1
12377,DECODE,673,0,673,1073.24,18.56,1
12378,DECODE,673,0,673,1074.24,18.52,1
12379,DECODE,672,0,672,1073.03,18.42,1
12380,EXTEND,3,265,0,93.00,24.41,1
12381,DECODE,673,0,673,1065.32,18.71,1
12382,EXTEND,3,246,0,87.33,23.72,1
12383,DECODE,676,0,676,1061.98,18.26,1
12384,DECODE,676,0,676,1062.98,18.32,1
12385,DECODE,674,0,674,1059.54,18.47,1
12386,EXTEND,4,169,0,49.00,15.58,1
12387,DECODE,678,0,678,1054.58,18.40,1
12388,DECODE,678,0,678,1055.58,18.41,1
12389,DECODE,678,0,678,1056.58,18.39,1
12390,DECODE,677,0,677,1057.58,18.49,1
12391,EXTEND,6,422,0,76.17,24.15,1
12392,DECODE,680,0,680,1043.30,18.68,1
12393,EXTEND,5,207,0,46.20,15.60,1
12394,DECODE,682,0,682,1030.32,18.38,1
12395,EXTEND,7,357,0,57.86,21.15,1
12396,DECODE,688,0,688,1019.20,18.03,1
12397,EXTEND,7,768,0,116.43,21.61,1
12398,DECODE,695,0,695,1011.11,18.72,1
12399,DECODE,695,0,695,1012.11,18.66,1
12400,DECODE,695,0,695,1013.11,18.74,1
12401,DECODE,695,0,695,1014.11,18.78,1
12402,DECODE,695,0,695,1015.11,18.70,1
12403,DECODE,695,0,695,1016.11,18.70,1
12404,DECODE,695,0,695,1017.11,18.68,1
12405,DECODE,695,0,695,1018.11,18.78,1
12406,DECODE,694,0,694,1016.89,18.56,1
12407,EXTEND,5,327,0,70.00,22.41,1
12408,DECODE,698,0,698,1008.90,18.62,1
12409,EXTEND,5,411,0,87.80,22.46,1
12410,DECODE,702,0,702,1001.13,18.66,1
12411,EXTEND,5,330,0,72.60,17.13,1
12412,DECODE,706,0,706,993.35,18.55,1
12413,EXTEND,5,395,0,84.60,21.93,1
12414,DECODE,711,0,711,987.95,18.62,1
12415,DECODE,711,0,711,988.95,18.87,1
12416,DECODE,711,0,711,989.95,18.70,1
12417,DECODE,711,0,711,990.95,18.72,1
12418,DECODE,711,0,711,991.95,18.77,1
12419,DECODE,709,0,709,988.53,18.99,1
12420,EXTEND,5,302,0,65.80,23.78,1
12421,DECODE,714,0,714,983.07,18.82,1
12422,DECODE,714,0,714,984.07,19.00,1
12423,DECODE,713,0,713,982.86,18.88,1
12424,EXTEND,5,294,0,65.00,26.75,1
12425,DECODE,718,0,718,977.47,18.68,1
12426,DECODE,718,0,718,978.47,18.90,1
12427,DECODE,717,0,717,977.26,18.97,1
12428,EXTEND,5,558,0,116.20,15.99,1
12429,DECODE,722,0,722,972.30,19.06,1
12430,DECODE,722,0,722,973.30,18.94,1
12431,DECODE,722,0,722,974.30,19.17,1
12432,DECODE,721,0,721,973.10,20.29,1
12433,EXTEND,4,211,0,59.25,16.63,1
12434,DECODE,724,0,724,966.86,19.64,1
12435,EXTEND,4,549,0,143.50,15.65,1
12436,DECODE,727,0,727,961.14,19.11,1
12437,EXTEND,4,441,0,114.75,20.88,1
12438,DECODE,731,0,731,957.51,19.19,1
12439,DECODE,731,0,731,958.51,19.20,1
12440,DECODE,731,0,731,959.51,19.07,1
12441,DECODE,731,0,731,960.51,19.29,1
12442,DECODE,731,0,731,961.51,19.35,1
12443,DECODE,731,0,731,962.51,19.17,1
12444,DECODE,731,0,731,963.51,19.25,1
12445,DECODE,731,0,731,964.51,19.37,1
12446,DECODE,730,0,730,963.34,19.19,1
12447,EXTEND,2,138,0,74.00,15.97,1
12448,DECODE,732,0,732,961.91,18.81,1
12449,DECODE,732,0,732,962.91,18.92,1
12450,DECODE,732,0,732,963.91,18.94,1
12451,DECODE,732,0,732,964.91,20.31,1
12452,DECODE,732,0,732,965.91,18.98,1
12453,DECODE,732,0,732,966.91,18.99,1
12454,DECODE,732,0,732,967.91,19.16,1
12455,DECODE,731,0,731,966.74,19.62,1
12456,EXTEND,3,295,0,102.67,24.82,1
12457,DECODE,730,0,730,955.46,18.77,1
12458,EXTEND,4,563,0,146.00,16.14,1
12459,DECODE,734,0,734,952.05,18.95,1
12460,DECODE,734,0,734,953.05,18.97,1
12461,DECODE,734,0,734,954.05,18.93,1
12462,DECODE,734,0,734,955.05,18.93,1
12463,DECODE,734,0,734,956.05,19.09,1
12464,DECODE,733,0,733,954.86,19.29,1
12465,EXTEND,3,452,0,158.00,21.27,1
12466,DECODE,735,0,735,950.42,19.06,1
12467,EXTEND,4,305,0,83.50,22.32,1
12468,DECODE,737,0,737,942.35,18.87,1
12469,EXTEND,5,450,0,97.00,20.95,1
12470,DECODE,742,0,742,937.66,18.94,1
12471,DECODE,742,0,742,938.66,18.86,1
12472,DECODE,742,0,742,939.66,18.99,1
12473,DECODE,741,0,741,938.47,18.97,1
12474,EXTEND,4,224,0,61.25,15.87,1
12475,DECODE,745,0,745,934.76,18.97,1
12476,DECODE,745,0,745,935.76,18.82,1
12477,DECODE,745,0,745,936.76,19.05,1
12478,DECODE,744,0,744,935.58,18.49,1
12479,EXTEND,4,455,0,119.75,21.15,1
12480,DECODE,747,0,747,932.00,19.28,1
12481,EXTEND,3,166,0,62.00,21.70,1
12482,DECODE,749,0,749,927.34,19.11,1
12483,EXTEND,4,639,0,166.00,15.94,1
12484,DECODE,753,0,753,924.30,18.99,1
12485,DECODE,753,0,753,925.30,19.17,1
12486,DECODE,753,0,753,926.30,18.96,1
12487,DECODE,753,0,753,927.30,18.85,1
12488,DECODE,753,0,753,928.30,19.31,1
12489,DECODE,752,0,752,927.13,18.59,1
12490,EXTEND,3,245,0,89.67,16.63,1
12491,DECODE,754,0,754,922.63,18.71,1
12492,EXTEND,3,205,0,74.67,16.93,1
12493,DECODE,757,0,757,920.27,18.86,1
12494,DECODE,757,0,757,921.27,18.87,1
12495,DECODE,757,0,757,922.27,19.17,1
12496,DECODE,757,0,757,923.27,19.09,1
12497,DECODE,757,0,757,924.27,19.64,1
12498,DECODE,756,0,756,923.11,18.73,1
12499,EXTEND,2,255,0,135.50,24.21,1
12500,DECODE,758,0,758,922.03,19.28,1
12501,DECODE,758,0,758,923.03,18.93,1
12502,DECODE,758,0,758,924.03,18.98,1
12503,DECODE,757,0,757,922.87,19.05,1
12504,EXTEND,1,219,0,222.00,16.00,1
12505,DECODE,758,0,758,922.94,18.92,1
12506,DECODE,758,0,758,923.94,19.00,1
12507,DECODE,758,0,758,924.94,18.98,1
12508,DECODE,758,0,758,925.94,19.09,1
12509,DECODE,758,0,758,926.94,18.97,1
12510,DECODE,758,0,758,927.94,18.99,1
12511,DECODE,758,0,758,928.94,18.91,1
12512,DECODE,757,0,757,929.68,19.18,1
12513,DECODE,757,0,757,930.68,19.26,1
12514,DECODE,757,0,757,931.68,19.07,1
12515,DECODE,757,0,757,932.68,19.31,1
12516,DECODE,756,0,756,931.53,18.87,1
12517,DECODE,756,0,756,932.53,18.87,1
12518,DECODE,756,0,756,933.53,18.80,1
12519,DECODE,755,0,755,932.66,19.11,1
12520,DECODE,755,0,755,933.66,19.07,1
12521,DECODE,755,0,755,934.66,19.11,1
12522,DECODE,755,0,755,935.66,19.11,1
12523,DECODE,755,0,755,936.66,19.08,1
12524,DECODE,755,0,755,937.66,19.20,1
12525,DECODE,755,0,755,938.66,19.13,1
12526,DECODE,755,0,755,939.66,19.12,1
12527,DECODE,755,0,755,940.66,19.13,1
12528,DECODE,755,0,755,941.66,19.09,1
12529,DECODE,755,0,755,942.66,19.19,1
12530,DECODE,755,0,755,943.66,19.04,1
12531,DECODE,755,0,755,944.66,19.09,1
12532,DECODE,755,0,755,945.66,19.13,1
12533,DECODE,755,0,755,946.66,19.31,1
12534,DECODE,755,0,755,947.66,19.09,1
12535,DECODE,755,0,755,948.66,19.00,1
12536,DECODE,755,0,755,949.66,19.09,1
12537,DECODE,755,0,755,950.66,19.26,1
12538,DECODE,755,0,755,951.66,19.27,1
12539,DECODE,755,0,755,952.66,19.28,1
12540,DECODE,755,0,755,953.66,19.28,1
12541,DECODE,755,0,755,954.66,19.35,1
12542,DECODE,755,0,755,955.66,19.29,1
12543,DECODE,755,0,755,956.66,19.31,1
12544,DECODE,755,0,755,957.66,19.30,1
12545,DECODE,755,0,755,958.66,21.34,1
12546,DECODE,755,0,755,959.66,19.22,1
12547,DECODE,755,0,755,960.66,19.24,1
12548,DECODE,755,0,755,961.66,19.24,1
12549,DECODE,754,0,754,960.54,19.20,1
12550,DECODE,754,0,754,961.54,19.12,1
12551,DECODE,754,0,754,962.54,19.07,1
12552,DECODE,754,0,754,963.54,19.16,1
12553,DECODE,754,0,754,964.54,19.14,1
12554,DECODE,754,0,754,965.54,19.16,1
12555,DECODE,754,0,754,966.54,19.11,1
12556,DECODE,754,0,754,967.54,19.03,1
12557,DECODE,754,0,754,968.54,19.11,1
12558,DECODE,754,0,754,969.54,19.14,1
12559,DECODE,754,0,754,970.54,19.09,1
12560,DECODE,754,0,754,971.54,19.15,1
12561,DECODE,754,0,754,972.54,19.10,1
12562,DECODE,754,0,754,973.54,19.20,1
12563,DECODE,754,0,754,974.54,19.14,1
12564,DECODE,754,0,754,975.54,19.28,1
12565,DECODE,754,0,754,976.54,19.24,1
12566,DECODE,754,0,754,977.54,19.22,1
12567,DECODE,753,0,753,978.27,19.24,1
12568,DECODE,753,0,753,979.27,19.45,1
12569,DECODE,752,0,752,978.17,19.10,1
12570,DECODE,752,0,752,979.17,18.96,1
12571,DECODE,752,0,752,980.17,18.82,1
12572,DECODE,752,0,752,981.17,19.26,1
12573,DECODE,752,0,752,982.17,18.86,1
12574,DECODE,752,0,752,983.17,18.93,1
12575,DECODE,752,0,752,984.17,18.84,1
12576,DECODE,752,0,752,985.17,19.10,1
12577,DECODE,751,0,751,984.07,19.35,1
12578,DECODE,751,0,751,985.07,19.54,1
12579,DECODE,751,0,751,986.07,19.37,1
12580,DECODE,751,0,751,987.07,19.35,1
12581,DECODE,751,0,751,988.07,19.61,1
12582,DECODE,751,0,751,989.07,19.45,1
12583,DECODE,750,0,750,989.66,19.52,1
12584,DECODE,750,0,750,990.66,19.31,1
12585,DECODE,750,0,750,991.66,19.30,1
12586,DECODE,750,0,750,992.66,19.38,1
12587,DECODE,750,0,750,993.66,19.14,1
12588,DECODE,750,0,750,994.66,19.28,1
12589,DECODE,750,0,750,995.66,19.39,1
12590,DECODE,749,0,749,994.57,19.78,1
12591,DECODE,749,0,749,995.57,19.57,1
12592,DECODE,749,0,749,996.57,19.32,1
12593,DECODE,749,0,749,997.57,19.40,1
12594,DECODE,749,0,749,998.57,19.37,1
12595,DECODE,749,0,749,999.57,19.34,1
12596,DECODE,749,0,749,1000.57,19.47,1
12597,DECODE,749,0,749,1001.57,19.43,1
12598,DECODE,749,0,749,1002.57,19.49,1
12599,DECODE,749,0,749,1003.57,19.29,1
12600,DECODE,749,0,749,1004.57,19.38,1
12601,DECODE,749,0,749,1005.57,19.38,1
12602,DECODE,748,0,748,1006.12,19.08,1
12603,DECODE,748,0,748,1007.12,19.21,1
12604,DECODE,748,0,748,1008.12,19.21,1
12605,DECODE,748,0,748,1009.12,19.14,1
12606,DECODE,748,0,748,1010.12,19.13,1
12607,DECODE,748,0,748,1011.12,19.11,1
12608,DECODE,748,0,748,1012.12,19.21,1
12609,DECODE,748,0,748,1013.12,19.16,1
12610,DECODE,748,0,748,1014.12,19.13,1
12611,DECODE,748,0,748,1015.12,19.11,1
12612,DECODE,748,0,748,1016.12,19.30,1
12613,DECODE,748,0,748,1017.12,19.32,1
12614,DECODE,748,0,748,1018.12,19.22,1
12615,DECODE,748,0,748,1019.12,19.27,1
12616,DECODE,748,0,748,1020.12,19.31,1
12617,DECODE,748,0,748,1021.12,19.22,1
12618,DECODE,748,0,748,1022.12,19.19,1
12619,DECODE,748,0,748,1023.12,19.21,1
12620,DECODE,748,0,748,1024.12,19.31,1
12621,DECODE,748,0,748,1025.12,19.26,1
12622,DECODE,748,0,748,1026.12,19.25,1
12623,DECODE,748,0,748,1027.12,19.27,1
12624,DECODE,748,0,748,1028.12,19.28,1
12625,DECODE,748,0,748,1029.12,19.23,1
12626,DECODE,748,0,748,1030.12,19.22,1
12627,DECODE,748,0,748,1031.12,19.24,1
12628,DECODE,748,0,748,1032.12,19.36,1
12629,DECODE,748,0,748,1033.12,22.15,1
12630,DECODE,748,0,748,1034.12,19.73,1
12631,DECODE,748,0,748,1035.12,19.35,1
12632,DECODE,748,0,748,1036.12,19.33,1
12633,DECODE,748,0,748,1037.12,19.55,1
12634,DECODE,748,0,748,1038.12,20.57,1
12635,DECODE,748,0,748,1039.12,19.91,1
12636,DECODE,748,0,748,1040.12,19.47,1
12637,DECODE,748,0,748,1041.12,19.36,1
12638,DECODE,748,0,748,1042.12,19.44,1
12639,DECODE,748,0,748,1043.12,19.57,1
12640,DECODE,747,0,747,1042.16,19.96,1
12641,DECODE,747,0,747,1043.16,19.93,1
12642,DECODE,747,0,747,1044.16,19.74,1
12643,DECODE,747,0,747,1045.16,20.12,1
12644,DECODE,747,0,747,1046.16,19.91,1
12645,DECODE,745,0,745,1043.09,22.09,1
12646,DECODE,745,0,745,1044.09,19.90,1
12647,DECODE,745,0,745,1045.09,19.74,1
12648,DECODE,745,0,745,1046.09,20.25,1
12649,DECODE,744,0,744,1045.06,19.63,1
12650,DECODE,744,0,744,1046.06,19.49,1
12651,DECODE,743,0,743,1045.02,19.77,1
12652,DECODE,743,0,743,1046.02,19.73,1
12653,DECODE,743,0,743,1047.02,19.76,1
12654,DECODE,743,0,743,1048.02,19.85,1
12655,DECODE,743,0,743,1049.02,19.66,1
12656,DECODE,743,0,743,1050.02,19.79,1
12657,DECODE,743,0,743,1051.02,19.77,1
12658,DECODE,742,0,742,1049.99,19.68,1
12659,DECODE,741,0,741,1048.95,19.69,1
12660,DECODE,741,0,741,1049.95,19.80,1
12661,DECODE,739,0,739,1048.71,20.07,1
12662,DECODE,739,0,739,1049.71,19.78,1
12663,DECODE,739,0,739,1050.71,19.68,1
12664,DECODE,739,0,739,1051.71,19.67,1
12665,DECODE,739,0,739,1052.71,19.93,1
12666,DECODE,739,0,739,1053.71,19.84,1
12667,DECODE,739,0,739,1054.71,19.88,1
12668,DECODE,739,0,739,1055.71,19.81,1
12669,DECODE,739,0,739,1056.71,19.79,1
12670,DECODE,739,0,739,1057.71,19.81,1
12671,DECODE,739,0,739,1058.71,19.80,1
12672,DECODE,739,0,739,1059.71,19.74,1
12673,DECODE,738,0,738,1058.82,19.68,1
12674,DECODE,736,0,736,1055.74,19.38,1
12675,DECODE,736,0,736,1056.74,19.27,1
12676,DECODE,736,0,736,1057.74,19.66,1
12677,DECODE,736,0,736,1058.74,19.58,1
12678,DECODE,736,0,736,1059.74,19.59,1
12679,DECODE,736,0,736,1060.74,19.53,1
12680,DECODE,736,0,736,1061.74,19.28,1
12681,DECODE,736,0,736,1062.74,19.44,1
12682,DECODE,736,0,736,1063.74,19.67,1
12683,DECODE,734,0,734,1062.06,19.75,1
12684,DECODE,734,0,734,1063.06,20.00,1
12685,DECODE,734,0,734,1064.06,19.95,1
12686,DECODE,734,0,734,1065.06,19.75,1
12687,DECODE,733,0,733,1064.02,19.67,1
12688,DECODE,733,0,733,1065.02,19.68,1
12689,DECODE,733,0,733,1066.02,19.64,1
12690,DECODE,733,0,733,1067.02,19.87,1
12691,DECODE,733,0,733,1068.02,20.05,1
12692,DECODE,733,0,733,1069.02,20.08,1
12693,DECODE,733,0,733,1070.02,19.99,1
12694,DECODE,732,0,732,1068.98,19.57,1
12695,DECODE,732,0,732,1069.98,19.64,1
12696,DECODE,731,0,731,1068.94,19.64,1
12697,DECODE,731,0,731,1069.94,19.64,1
12698,DECODE,730,0,730,1068.90,19.44,1
12699,DECODE,730,0,730,1069.90,19.99,1
12700,DECODE,729,0,729,1070.71,19.63,1
12701,DECODE,727,0,727,1067.67,19.70,1
12702,DECODE,727,0,727,1068.67,19.60,1
12703,DECODE,727,0,727,1069.67,19.57,1
12704,DECODE,727,0,727,1070.67,19.52,1
12705,DECODE,726,0,726,1071.00,21.35,1
12706,DECODE,726,0,726,1072.00,20.67,1
12707,DECODE,726,0,726,1073.00,19.47,1
12708,DECODE,726,0,726,1074.00,19.43,1
12709,DECODE,725,0,725,1072.95,19.68,1
12710,DECODE,724,0,724,1071.90,19.38,1
12711,DECODE,724,0,724,1072.90,19.24,1
12712,DECODE,724,0,724,1073.90,19.19,1
12713,DECODE,724,0,724,1074.90,19.33,1
12714,DECODE,724,0,724,1075.90,19.33,1
12715,DECODE,723,0,723,1074.84,20.13,1
12716,DECODE,723,0,723,1075.84,19.79,1
12717,DECODE,723,0,723,1076.84,19.71,1
12718,DECODE,723,0,723,1077.84,19.79,1
12719,DECODE,723,0,723,1078.84,21.55,1
12720,DECODE,722,0,722,1079.55,19.63,1
12721,DECODE,722,0,722,1080.55,19.77,1
12722,DECODE,722,0,722,1081.55,19.61,1
12723,DECODE,721,0,721,1080.50,19.81,1
12724,DECODE,720,0,720,1079.44,19.14,1
12725,DECODE,720,0,720,1080.44,19.03,1
12726,DECODE,719,0,719,1079.39,19.39,1
12727,DECODE,719,0,719,1080.39,19.46,1
12728,DECODE,719,0,719,1081.39,19.50,1
12729,DECODE,719,0,719,1082.39,19.43,1
12730,DECODE,718,0,718,1081.33,19.26,1
12731,DECODE,717,0,717,1080.26,19.54,1
12732,DECODE,715,0,715,1077.13,19.41,1
12733,DECODE,714,0,714,1076.05,19.13,1
12734,DECODE,714,0,714,1077.05,19.37,1
12735,DECODE,714,0,714,1078.05,19.18,1
12736,DECODE,714,0,714,1079.05,19.27,1
12737,DECODE,712,0,712,1075.89,18.88,1
12738,DECODE,712,0,712,1076.89,19.05,1
12739,DECODE,712,0,712,1077.89,20.36,1
12740,DECODE,710,0,710,1074.71,19.39,1
12741,DECODE,709,0,709,1073.62,19.49,1
12742,DECODE,709,0,709,1074.62,19.28,1
12743,DECODE,708,0,708,1075.38,18.93,1
12744,DECODE,708,0,708,1076.38,18.96,1
12745,DECODE,708,0,708,1077.38,19.04,1
12746,DECODE,708,0,708,1078.38,19.02,1
12747,DECODE,708,0,708,1079.38,19.04,1
12748,DECODE,707,0,707,1078.28,19.42,1
12749,DECODE,707,0,707,1079.28,19.34,1
12750,DECODE,707,0,707,1080.28,19.39,1
12751,DECODE,707,0,707,1081.28,19.39,1
12752,DECODE,707,0,707,1082.28,19.47,1
12753,DECODE,707,0,707,1083.28,19.44,1
12754,DECODE,706,0,706,1083.98,19.31,1
12755,DECODE,705,0,705,1082.89,19.51,1
12756,DECODE,705,0,705,1083.89,19.44,1
12757,DECODE,705,0,705,1084.89,19.40,1
12758,DECODE,704,0,704,1083.79,19.31,1
12759,DECODE,703,0,703,1084.53,19.26,1
12760,DECODE,703,0,703,1085.53,19.77,1
12761,DECODE,702,0,702,1084.43,19.28,1
12762,DECODE,701,0,701,1083.32,19.90,1
12763,DECODE,700,0,700,1084.02,19.15,1
12764,DECODE,700,0,700,1085.02,19.26,1
12765,DECODE,700,0,700,1086.02,19.15,1
12766,DECODE,699,0,699,1084.91,19.78,1
12767,DECODE,699,0,699,1085.91,19.50,1
12768,DECODE,698,0,698,1086.62,19.32,1
12769,DECODE,698,0,698,1087.62,19.16,1
12770,DECODE,698,0,698,1088.62,19.28,1
12771,DECODE,698,0,698,1089.62,19.38,1
12772,DECODE,697,0,697,1088.51,19.43,1
12773,DECODE,697,0,697,1089.51,19.46,1
12774,DECODE,696,0,696,1088.40,19.07,1
12775,DECODE,696,0,696,1089.40,19.13,1
12776,DECODE,696,0,696,1090.40,18.86,1
12777,DECODE,696,0,696,1091.40,19.11,1
12778,DECODE,696,0,696,1092.40,18.96,1
12779,DECODE,696,0,696,1093.40,18.97,1
12780,DECODE,696,0,696,1094.40,18.87,1
12781,DECODE,696,0,696,1095.40,19.11,1
12782,DECODE,695,0,695,1094.29,19.44,1
12783,DECODE,694,0,694,1094.97,19.22,1
12784,DECODE,694,0,694,1095.97,19.33,1
12785,DECODE,694,0,694,1096.97,19.12,1
12786,DECODE,694,0,694,1097.97,19.46,1
12787,DECODE,694,0,694,1098.97,19.39,1
12788,DECODE,693,0,693,1097.86,19.73,1
12789,DECODE,693,0,693,1098.86,19.48,1
12790,DECODE,693,0,693,1099.86,19.45,1
12791,DECODE,692,0,692,1100.61,19.05,1
12792,DECODE,692,0,692,1101.61,19.09,1
12793,DECODE,692,0,692,1102.61,19.07,1
12794,DECODE,692,0,692,1103.61,19.13,1
12795,DECODE,692,0,692,1104.61,19.12,1
12796,DECODE,692,0,692,1105.61,19.24,1
12797,DECODE,692,0,692,1106.61,19.18,1
12798,DECODE,692,0,692,1107.61,19.24,1
12799,DECODE,692,0,692,1108.61,19.23,1
12800,DECODE,692,0,692,1109.61,19.14,1
12801,DECODE,691,0,691,1110.30,19.17,1
12802,DECODE,691,0,691,1111.30,19.19,1
12803,DECODE,691,0,691,1112.30,19.12,1
12804,DECODE,691,0,691,1113.30,19.26,1
12805,DECODE,691,0,691,1114.30,19.24,1
12806,DECODE,691,0,691,1115.30,19.25,1
12807,DECODE,691,0,691,1116.30,19.22,1
12808,DECODE,691,0,691,1117.30,19.37,1
12809,DECODE,691,0,691,1118.30,19.23,1
12810,DECODE,691,0,691,1119.30,19.31,1
12811,DECODE,691,0,691,1120.30,19.28,1
12812,DECODE,691,0,691,1121.30,19.24,1
12813,DECODE,691,0,691,1122.30,19.36,1
12814,DECODE,691,0,691,1123.30,19.33,1
12815,DECODE,691,0,691,1124.30,19.42,1
12816,DECODE,691,0,691,1125.30,19.42,1
12817,DECODE,691,0,691,1126.30,19.37,1
12818,DECODE,690,0,690,1126.95,19.28,1
12819,DECODE,690,0,690,1127.95,19.32,1
12820,DECODE,690,0,690,1128.95,19.28,1
12821,DECODE,690,0,690,1129.95,19.33,1
12822,DECODE,690,0,690,1130.95,19.38,1
12823,DECODE,690,0,690,1131.95,19.20,1
12824,DECODE,690,0,690,1132.95,19.48,1
12825,DECODE,690,0,690,1133.95,19.45,1
12826,DECODE,690,0,690,1134.95,19.44,1
12827,DECODE,690,0,690,1135.95,19.34,1
12828,DECODE,690,0,690,1136.95,19.40,1
12829,DECODE,690,0,690,1137.95,19.44,1
12830,DECODE,690,0,690,1138.95,19.43,1
12831,DECODE,690,0,690,1139.95,19.42,1
12832,DECODE,690,0,690,1140.95,19.53,1
12833,DECODE,690,0,690,1141.95,19.47,1
12834,DECODE,690,0,690,1142.95,19.56,1
12835,DECODE,690,0,690,1143.95,19.37,1
12836,DECODE,690,0,690,1144.95,19.46,1
12837,DECODE,690,0,690,1145.95,19.57,1
12838,DECODE,690,0,690,1146.95,19.69,1
12839,DECODE,690,0,690,1147.95,19.69,1
12840,DECODE,690,0,690,1148.95,19.64,1
12841,DECODE,690,0,690,1149.95,19.37,1
12842,DECODE,690,0,690,1150.95,19.40,1
12843,DECODE,690,0,690,1151.95,19.42,1
12844,DECODE,690,0,690,1152.95,19.49,1
12845,DECODE,690,0,690,1153.95,19.67,1
12846,DECODE,690,0,690,1154.95,20.48,1
12847,DECODE,690,0,690,1155.95,19.64,1
12848,DECODE,690,0,690,1156.95,19.70,1
12849,DECODE,690,0,690,1157.95,19.60,1
12850,DECODE,690,0,690,1158.95,19.60,1
12851,DECODE,690,0,690,1159.95,19.66,1
12852,DECODE,690,0,690,1160.95,19.40,1
12853,DECODE,690,0,690,1161.95,19.41,1
12854,DECODE,690,0,690,1162.95,19.61,1
12855,DECODE,690,0,690,1163.95,19.53,1
12856,DECODE,690,0,690,1164.95,19.70,1
12857,DECODE,690,0,690,1165.95,19.46,1
12858,DECODE,690,0,690,1166.95,19.82,1
12859,DECODE,690,0,690,1167.95,19.35,1
12860,DECODE,690,0,690,1168.95,19.64,1
12861,DECODE,690,0,690,1169.95,19.67,1
12862,DECODE,690,0,690,1170.95,19.54,1
12863,DECODE,690,0,690,1171.95,19.65,1
12864,DECODE,690,0,690,1172.95,19.55,1
12865,DECODE,690,0,690,1173.95,19.63,1
12866,DECODE,689,0,689,1174.62,19.58,1
12867,DECODE,689,0,689,1175.62,19.47,1
12868,DECODE,689,0,689,1176.62,19.41,1
12869,DECODE,689,0,689,1177.62,19.68,1
12870,DECODE,689,0,689,1178.62,19.53,1
12871,DECODE,689,0,689,1179.62,19.72,1
12872,DECODE,689,0,689,1180.62,19.68,1
12873,DECODE,689,0,689,1181.62,19.58,1
12874,DECODE,689,0,689,1182.62,19.69,1
12875,DECODE,689,0,689,1183.62,19.80,1
12876,DECODE,689,0,689,1184.62,19.70,1
12877,DECODE,689,0,689,1185.62,19.70,1
12878,DECODE,689,0,689,1186.62,19.80,1
12879,DECODE,689,0,689,1187.62,19.61,1
12880,DECODE,689,0,689,1188.62,19.88,1
12881,DECODE,689,0,689,1189.62,19.87,1
12882,DECODE,689,0,689,1190.62,19.87,1
12883,DECODE,689,0,689,1191.62,19.77,1
12884,DECODE,689,0,689,1192.62,19.70,1
12885,DECODE,689,0,689,1193.62,19.85,1
12886,DECODE,689,0,689,1194.62,19.85,1
12887,DECODE,689,0,689,1195.62,19.67,1
12888,DECODE,689,0,689,1196.62,19.78,1
12889,DECODE,688,0,688,1198.48,19.48,1
12890,DECODE,686,0,686,1201.45,19.68,1
12891,DECODE,685,0,685,1203.47,19.81,1
12892,DECODE,683,0,683,1206.66,19.96,1
12893,DECODE,682,0,682,1208.64,19.88,1
12894,DECODE,681,0,681,1210.72,19.80,1
12895,DECODE,680,0,680,1211.33,19.52,1
12896,DECODE,679,0,679,1211.70,19.94,1
12897,DECODE,679,0,679,1212.70,19.87,1
12898,DECODE,679,0,679,1213.70,19.97,1
12899,DECODE,678,0,678,1215.81,19.93,1
12900,DECODE,677,0,677,1217.42,19.98,1
12901,DECODE,676,0,676,1219.42,19.68,1
12902,DECODE,675,0,675,1221.48,20.74,1
12903,DECODE,673,0,673,1224.67,20.35,1
12904,DECODE,672,0,672,1226.79,19.89,1
12905,DECODE,670,0,670,1229.72,19.93,1
12906,DECODE,669,0,669,1231.76,19.95,1
12907,DECODE,668,0,668,1233.90,19.56,1
12908,DECODE,667,0,667,1236.06,19.84,1
12909,DECODE,665,0,665,1239.27,19.84,1
12910,DECODE,664,0,664,1241.41,19.59,1
12911,DECODE,662,0,662,1244.44,19.82,1
12912,DECODE,661,0,661,1246.55,19.90,1
12913,DECODE,660,0,660,1248.68,19.48,1
12914,DECODE,659,0,659,1250.82,21.40,1
12915,DECODE,657,0,657,1254.05,19.72,1
12916,DECODE,656,0,656,1256.15,19.60,1
12917,DECODE,655,0,655,1258.28,19.91,1
12918,DECODE,654,0,654,1260.45,19.61,1
12919,DECODE,653,0,653,1262.19,19.93,1
12920,DECODE,652,0,652,1264.34,20.20,1
12921,DECODE,650,0,650,1267.33,20.10,1
12922,DECODE,649,0,649,1269.36,19.80,1
12923,DECODE,648,0,648,1271.46,19.45,1
12924,DECODE,647,0,647,1271.91,19.74,1
12925,DECODE,647,0,647,1272.91,19.83,1
12926,DECODE,646,0,646,1273.67,19.66,1
12927,DECODE,646,0,646,1274.67,19.56,1
12928,DECODE,646,0,646,1275.67,19.57,1
12929,DECODE,645,0,645,1276.46,19.35,1
12930,DECODE,645,0,645,1277.46,19.47,1
12931,DECODE,644,0,644,1278.23,19.22,1
12932,DECODE,644,0,644,1279.23,19.32,1
12933,DECODE,643,0,643,1281.40,19.52,1
12934,DECODE,642,0,642,1283.48,19.47,1
12935,DECODE,641,0,641,1285.58,19.48,1
12936,DECODE,640,0,640,1287.75,19.17,1
12937,DECODE,639,0,639,1289.88,19.16,1
12938,DECODE,637,0,637,1293.08,19.18,1
12939,DECODE,636,0,636,1295.12,19.04,1
12940,DECODE,635,0,635,1297.26,19.22,1
12941,DECODE,634,0,634,1299.42,19.21,1
12942,DECODE,633,0,633,1301.24,19.26,1
12943,DECODE,632,0,632,1303.24,19.32,1
12944,DECODE,631,0,631,1305.43,19.77,1
12945,DECODE,630,0,630,1307.64,19.17,1
12946,DECODE,629,0,629,1309.78,19.32,1
12947,DECODE,628,0,628,1311.98,19.16,1
12948,DECODE,627,0,627,1314.20,19.29,1
12949,DECODE,626,0,626,1316.45,19.23,1
12950,DECODE,625,0,625,1318.32,19.73,1
12951,DECODE,624,0,624,1320.47,19.00,1
12952,DECODE,623,0,623,1322.66,19.83,1
12953,DECODE,622,0,622,1324.85,19.27,1
12954,DECODE,621,0,621,1327.05,19.25,1
12955,DECODE,620,0,620,1329.15,19.09,1
12956,DECODE,619,0,619,1331.38,19.36,1
12957,DECODE,618,0,618,1333.61,19.47,1
12958,DECODE,616,0,616,1337.14,19.24,1
12959,DECODE,615,0,615,1339.33,19.46,1
12960,DECODE,614,0,614,1341.54,19.83,1
12961,DECODE,613,0,613,1343.77,19.68,1
12962,DECODE,612,0,612,1346.03,19.39,1
12963,DECODE,611,0,611,1348.30,20.09,1
12964,DECODE,610,0,610,1350.43,20.05,1
12965,DECODE,609,0,609,1352.62,19.49,1
12966,DECODE,608,0,608,1354.83,19.10,1
12967,DECODE,607,0,607,1355.72,19.34,1
12968,DECODE,607,0,607,1356.72,19.74,1
12969,DECODE,606,0,606,1358.98,19.93,1
12970,DECODE,605,0,605,1361.25,19.61,1
12971,DECODE,604,0,604,1363.45,19.41,1
12972,DECODE,603,0,603,1365.66,19.56,1
12973,DECODE,602,0,602,1367.90,19.24,1
12974,DECODE,602,0,602,1368.90,19.35,1
12975,DECODE,600,0,600,1372.51,18.98,1
12976,DECODE,599,0,599,1374.73,19.52,1
12977,DECODE,599,0,599,1375.73,19.30,1
12978,DECODE,598,0,598,1376.57,19.27,1
12979,DECODE,598,0,598,1377.57,19.35,1
12980,DECODE,597,0,597,1379.80,19.24,1
12981,DECODE,596,0,596,1382.03,19.17,1
12982,DECODE,595,0,595,1384.28,19.45,1
12983,DECODE,594,0,594,1386.58,19.42,1
12984,DECODE,593,0,593,1387.34,19.23,1
12985,DECODE,593,0,593,1388.34,19.22,1
12986,DECODE,592,0,592,1389.13,18.93,1
12987,DECODE,592,0,592,1390.13,19.00,1
12988,DECODE,592,0,592,1391.13,18.82,1
12989,DECODE,591,0,591,1393.39,19.13,1
12990,DECODE,590,0,590,1395.68,19.11,1
12991,DECODE,589,0,589,1397.98,18.91,1
12992,DECODE,589,0,589,1398.98,19.08,1
12993,DECODE,588,0,588,1401.30,18.94,1
12994,DECODE,587,0,587,1403.63,19.45,1
12995,DECODE,586,0,586,1405.58,19.51,1
12996,DECODE,585,0,585,1407.71,19.42,1
12997,DECODE,584,0,584,1409.94,19.23,1
12998,DECODE,584,0,584,1410.94,19.24,1
12999,DECODE,583,0,583,1413.23,19.40,1
13000,DECODE,582,0,582,1415.55,19.67,1
13001,DECODE,581,0,581,1417.90,19.50,1
13002,DECODE,580,0,580,1418.81,19.02,1
13003,DECODE,580,0,580,1419.81,19.01,1
13004,DECODE,579,0,579,1422.17,19.22,1
13005,DECODE,578,0,578,1424.43,19.47,1
13006,DECODE,578,0,578,1425.43,19.49,1
13007,DECODE,577,0,577,1427.78,19.34,1
13008,DECODE,576,0,576,1430.13,19.24,1
13009,DECODE,575,0,575,1432.51,19.20,1
13010,DECODE,574,0,574,1433.33,19.37,1
13011,DECODE,574,0,574,1434.33,19.16,1
13012,DECODE,574,0,574,1435.33,19.77,1
13013,DECODE,573,0,573,1437.72,19.57,1
13014,DECODE,572,0,572,1440.12,19.95,1
13015,DECODE,571,0,571,1442.54,19.43,1
13016,DECODE,570,0,570,1444.93,19.48,1
13017,DECODE,569,0,569,1447.33,19.14,1
13018,DECODE,568,0,568,1449.73,18.60,1
13019,DECODE,567,0,567,1450.37,18.86,1
13020,DECODE,567,0,567,1451.37,18.99,1
13021,DECODE,567,0,567,1452.37,19.09,1
13022,DECODE,566,0,566,1454.80,19.25,1
13023,DECODE,565,0,565,1457.25,19.20,1
13024,DECODE,564,0,564,1459.57,19.21,1
13025,DECODE,564,0,564,1460.57,19.05,1
13026,DECODE,563,0,563,1462.92,19.20,1
13027,DECODE,562,0,562,1465.32,18.96,1
13028,DECODE,561,0,561,1467.73,19.10,1
13029,DECODE,560,0,560,1470.15,18.49,1
13030,DECODE,560,0,560,1471.15,18.47,1
13031,DECODE,559,0,559,1473.58,18.89,1
13032,DECODE,558,0,558,1475.99,18.89,1
13033,DECODE,557,0,557,1478.46,18.67,1
13034,DECODE,556,0,556,1480.93,18.64,1
13035,DECODE,555,0,555,1483.40,18.76,1
13036,DECODE,554,0,554,1485.76,18.76,1
13037,DECODE,554,0,554,1486.76,18.86,1
13038,DECODE,553,0,553,1489.16,18.83,1
13039,DECODE,552,0,552,1491.60,18.58,1
13040,DECODE,551,0,551,1493.87,19.62,1
13041,DECODE,551,0,551,1494.87,19.17,1
13042,DECODE,550,0,550,1497.33,18.97,1
13043,DECODE,549,0,549,1499.81,18.89,1
13044,DECODE,548,0,548,1502.22,18.75,1
13045,DECODE,548,0,548,1503.22,18.62,1
13046,DECODE,547,0,547,1505.67,18.91,1
13047,DECODE,546,0,546,1508.05,18.90,1
13048,DECODE,545,0,545,1510.47,19.01,1
13049,DECODE,544,0,544,1512.97,18.87,1
13050,DECODE,544,0,544,1513.97,18.88,1
13051,DECODE,543,0,543,1516.44,18.74,1
13052,DECODE,542,0,542,1518.93,18.94,1
13053,DECODE,541,0,541,1521.43,25.87,1
13054,DECODE,540,0,540,1522.43,26.37,1
13055,DECODE,540,0,540,1523.43,18.82,1
13056,DECODE,540,0,540,1524.43,18.70,1
13057,DECODE,539,0,539,1526.92,18.68,1
13058,DECODE,539,0,539,1527.92,18.68,1
13059,DECODE,538,0,538,1530.36,18.70,1
13060,DECODE,537,0,537,1532.88,18.81,1
13061,DECODE,537,0,537,1533.88,18.98,1
13062,DECODE,536,0,536,1536.34,18.69,1
13063,DECODE,535,0,535,1538.86,18.70,1
13064,DECODE,534,0,534,1539.70,19.08,1
13065,DECODE,534,0,534,1540.70,18.76,1
13066,DECODE,534,0,534,1541.70,18.79,1
13067,DECODE,533,0,533,1544.14,18.86,1
13068,DECODE,533,0,533,1545.14,18.87,1
13069,DECODE,532,0,532,1547.66,18.60,1
13070,DECODE,531,0,531,1550.12,18.76,1
13071,DECODE,530,0,530,1552.58,18.77,1
13072,DECODE,530,0,530,1553.58,18.98,1
13073,DECODE,529,0,529,1556.09,18.71,1
13074,DECODE,528,0,528,1557.02,18.49,1
13075,DECODE,528,0,528,1558.02,18.49,1
13076,DECODE,528,0,528,1559.02,18.51,1
13077,DECODE,527,0,527,1561.46,18.74,1
13078,DECODE,527,0,527,1562.46,18.62,1
13079,DECODE,526,0,526,1564.93,18.59,1
13080,DECODE,525,0,525,1567.08,18.86,1
13081,DECODE,525,0,525,1568.08,18.64,1
13082,DECODE,524,0,524,1570.51,18.48,1
13083,DECODE,524,0,524,1571.51,18.50,1
13084,DECODE,523,0,523,1573.99,18.70,1
13085,DECODE,520,0,520,1574.91,18.30,1
13086,DECODE,520,0,520,1575.91,18.26,1
13087,DECODE,520,0,520,1576.91,18.19,1
13088,DECODE,519,0,519,1577.82,18.48,1
13089,DECODE,519,0,519,1578.82,18.36,1
13090,DECODE,519,0,519,1579.82,18.35,1
13091,DECODE,519,0,519,1580.82,18.45,1
13092,DECODE,519,0,519,1581.82,18.44,1
13093,DECODE,519,0,519,1582.82,18.37,1
13094,DECODE,519,0,519,1583.82,18.41,1
13095,DECODE,519,0,519,1584.82,18.50,1
13096,DECODE,518,0,518,1585.80,18.54,1
13097,DECODE,518,0,518,1586.80,18.45,1
13098,DECODE,518,0,518,1587.80,18.38,1
13099,DECODE,518,0,518,1588.80,18.89,1
13100,DECODE,518,0,518,1589.80,18.59,1
13101,DECODE,517,0,517,1592.23,18.36,1
13102,DECODE,516,0,516,1594.68,18.28,1
13103,DECODE,516,0,516,1595.68,18.29,1
13104,DECODE,515,0,515,1598.11,18.52,1
13105,DECODE,515,0,515,1599.11,18.53,1
13106,DECODE,514,0,514,1601.28,18.83,1
13107,DECODE,513,0,513,1603.73,18.51,1
13108,DECODE,513,0,513,1604.73,18.40,1
13109,DECODE,512,0,512,1607.24,17.21,1
13110,DECODE,512,0,512,1608.24,17.27,1
13111,DECODE,511,0,511,1610.67,17.52,1
13112,DECODE,510,0,510,1613.13,18.14,1
13113,DECODE,510,0,510,1614.13,18.47,1
13114,DECODE,509,0,509,1616.35,17.43,1
13115,DECODE,509,0,509,1617.35,17.54,1
13116,DECODE,508,0,508,1619.81,19.15,1
13117,DECODE,508,0,508,1620.81,18.12,1
13118,DECODE,507,0,507,1623.29,19.07,1
13119,DECODE,506,0,506,1625.79,19.34,1
13120,DECODE,506,0,506,1626.79,18.48,1
13121,DECODE,505,0,505,1629.25,19.16,1
13122,DECODE,505,0,505,1630.25,18.42,1
13123,DECODE,504,0,504,1632.73,19.10,1
13124,DECODE,503,0,503,1633.73,18.80,1
13125,DECODE,503,0,503,1634.73,18.83,1
13126,DECODE,503,0,503,1635.73,18.23,1
13127,DECODE,503,0,503,1636.73,18.10,1
13128,DECODE,502,0,502,1639.23,17.26,1
13129,DECODE,502,0,502,1640.23,17.23,1
13130,DECODE,501,0,501,1642.76,17.26,1
13131,DECODE,500,0,500,1645.31,19.65,1
13132,DECODE,499,0,499,1646.32,19.10,1
13133,DECODE,499,0,499,1647.32,18.78,1
13134,DECODE,499,0,499,1648.32,18.47,1
13135,DECODE,499,0,499,1649.32,18.39,1
13136,DECODE,498,0,498,1651.83,19.44,1
13137,DECODE,498,0,498,1652.83,18.76,1
13138,DECODE,497,0,497,1655.38,19.37,1
13139,DECODE,497,0,497,1656.38,18.76,1
13140,DECODE,496,0,496,1658.95,19.31,1
13141,DECODE,496,0,496,1659.95,18.58,1
13142,DECODE,495,0,495,1662.53,19.54,1
13143,DECODE,494,0,494,1665.04,19.44,1
13144,DECODE,494,0,494,1666.04,18.49,1
13145,DECODE,493,0,493,1668.57,19.21,1
13146,DECODE,493,0,493,1669.57,20.10,1
13147,DECODE,492,0,492,1672.14,20.89,1
13148,DECODE,492,0,492,1673.14,18.51,1
13149,DECODE,491,0,491,1675.65,19.18,1
13150,DECODE,491,0,491,1676.65,18.47,1
13151,DECODE,490,0,490,1677.61,18.62,1
13152,DECODE,489,0,489,1678.65,19.08,1
13153,DECODE,489,0,489,1679.65,18.87,1
13154,DECODE,489,0,489,1680.65,18.22,1
13155,DECODE,489,0,489,1681.65,18.29,1
13156,DECODE,489,0,489,1682.65,18.24,1
13157,DECODE,489,0,489,1683.65,18.25,1
13158,DECODE,488,0,488,1686.20,19.17,1
13159,DECODE,487,0,487,1687.26,19.00,1
13160,DECODE,487,0,487,1688.26,18.27,1
13161,DECODE,487,0,487,1689.26,17.93,1
13162,DECODE,487,0,487,1690.26,18.11,1
13163,DECODE,486,0,486,1692.83,18.59,1
13164,DECODE,486,0,486,1693.83,18.16,1
13165,DECODE,485,0,485,1696.25,18.50,1
13166,DECODE,485,0,485,1697.25,18.22,1
13167,DECODE,484,0,484,1699.84,18.52,1
13168,DECODE,484,0,484,1700.84,18.50,1
13169,DECODE,483,0,483,1703.41,18.53,1
13170,DECODE,483,0,483,1704.41,18.23,1
13171,DECODE,482,0,482,1706.75,18.55,1
13172,DECODE,481,0,481,1707.49,18.25,1
13173,DECODE,481,0,481,1708.49,18.07,1
13174,DECODE,481,0,481,1709.49,18.05,1
13175,DECODE,481,0,481,1710.49,17.87,1
13176,DECODE,481,0,481,1711.49,17.88,1
13177,DECODE,480,0,480,1713.88,18.27,1
13178,DECODE,480,0,480,1714.88,17.94,1
13179,DECODE,479,0,479,1717.42,18.27,1
13180,DECODE,479,0,479,1718.42,18.44,1
13181,DECODE,478,0,478,1720.96,19.12,1
13182,DECODE,478,0,478,1721.96,18.39,1
13183,DECODE,477,0,477,1724.57,18.99,1
13184,DECODE,477,0,477,1725.57,18.35,1
13185,DECODE,476,0,476,1728.21,18.94,1
13186,DECODE,475,0,475,1728.79,18.76,1
13187,DECODE,475,0,475,1729.79,18.36,1
13188,DECODE,474,0,474,1730.88,18.51,1
13189,DECODE,474,0,474,1731.88,18.54,1
13190,DECODE,474,0,474,1732.88,18.11,1
13191,DECODE,474,0,474,1733.88,18.05,1
13192,DECODE,474,0,474,1734.88,18.05,1
13193,DECODE,474,0,474,1735.88,18.13,1
13194,DECODE,473,0,473,1738.45,18.99,1
13195,DECODE,473,0,473,1739.45,18.38,1
13196,DECODE,472,0,472,1742.08,19.01,1
13197,DECODE,472,0,472,1743.08,18.49,1
13198,DECODE,472,0,472,1744.08,18.11,1
13199,DECODE,471,0,471,1746.47,19.20,1
13200,DECODE,471,0,471,1747.47,18.44,1
13201,DECODE,470,0,470,1748.54,18.68,1
13202,DECODE,470,0,470,1749.54,18.55,1
13203,DECODE,470,0,470,1750.54,18.27,1
13204,DECODE,469,0,469,1753.16,19.48,1
13205,DECODE,469,0,469,1754.16,18.46,1
13206,DECODE,469,0,469,1755.16,18.57,1
13207,DECODE,468,0,468,1757.82,19.30,1
13208,DECODE,468,0,468,1758.82,18.68,1
13209,DECODE,467,0,467,1761.44,19.63,1
13210,DECODE,467,0,467,1762.44,18.70,1
13211,DECODE,466,0,466,1763.56,19.12,1
13212,DECODE,466,0,466,1764.56,20.33,1
13213,DECODE,466,0,466,1765.56,18.73,1
13214,DECODE,465,0,465,1766.06,18.87,1
13215,DECODE,465,0,465,1767.06,19.98,1
13216,DECODE,465,0,465,1768.06,18.51,1
13217,DECODE,465,0,465,1769.06,18.28,1
13218,DECODE,465,0,465,1770.06,18.15,1
13219,DECODE,464,0,464,1772.69,19.00,1
13220,DECODE,464,0,464,1773.69,18.37,1
13221,DECODE,463,0,463,1776.36,18.96,1
13222,DECODE,463,0,463,1777.36,18.33,1
13223,DECODE,462,0,462,1778.17,18.33,1
13224,DECODE,462,0,462,1779.17,18.04,1
13225,DECODE,462,0,462,1780.17,17.95,1
13226,DECODE,462,0,462,1781.17,17.77,1
13227,DECODE,461,0,461,1783.86,18.69,1
13228,DECODE,461,0,461,1784.86,18.09,1
13229,DECODE,460,0,460,1787.59,18.78,1
13230,DECODE,460,0,460,1788.59,18.15,1
13231,DECODE,459,0,459,1791.28,18.85,1
13232,DECODE,459,0,459,1792.28,18.20,1
13233,DECODE,459,0,459,1793.28,17.91,1
13234,DECODE,458,0,458,1795.99,18.76,1
13235,DECODE,458,0,458,1796.99,18.13,1
13236,DECODE,457,0,457,1799.73,18.74,1
13237,DECODE,456,0,456,1800.81,18.45,1
13238,DECODE,456,0,456,1801.81,18.20,1
13239,DECODE,456,0,456,1802.81,17.77,1
13240,DECODE,455,0,455,1803.89,18.15,1
13241,DECODE,455,0,455,1804.89,18.24,1
13242,DECODE,455,0,455,1805.89,17.84,1
13243,DECODE,455,0,455,1806.89,17.72,1
13244,DECODE,455,0,455,1807.89,17.82,1
13245,DECODE,455,0,455,1808.89,17.76,1
13246,DECODE,454,0,454,1811.67,18.91,1
13247,DECODE,453,0,453,1811.83,18.44,1
13248,DECODE,453,0,453,1812.83,19.57,1
13249,DECODE,452,0,452,1813.99,18.46,1
13250,DECODE,452,0,452,1814.99,17.74,1
13251,DECODE,452,0,452,1815.99,17.88,1
13252,DECODE,452,0,452,1816.99,17.93,1
13253,DECODE,452,0,452,1817.99,17.92,1
13254,DECODE,452,0,452,1818.99,17.85,1
13255,DECODE,452,0,452,1819.99,17.68,1
13256,DECODE,452,0,452,1820.99,16.83,1
13257,DECODE,451,0,451,1823.69,16.95,1
13258,DECODE,450,0,450,1824.86,16.71,1
13259,DECODE,449,0,449,1825.79,16.92,1
13260,DECODE,449,0,449,1826.79,16.76,1
13261,DECODE,448,0,448,1827.71,18.16,1
13262,DECODE,448,0,448,1828.71,18.36,1
13263,DECODE,448,0,448,1829.71,17.75,1
13264,DECODE,448,0,448,1830.71,17.73,1
13265,DECODE,448,0,448,1831.71,18.81,1
13266,DECODE,448,0,448,1832.71,17.33,1
13267,DECODE,448,0,448,1833.71,16.78,1
13268,DECODE,448,0,448,1834.71,16.82,1
13269,DECODE,448,0,448,1835.71,16.80,1
13270,DECODE,447,0,447,1836.83,16.91,1
13271,DECODE,447,0,447,1837.83,16.91,1
13272,DECODE,447,0,447,1838.83,16.77,1
13273,DECODE,447,0,447,1839.83,16.82,1
13274,DECODE,447,0,447,1840.83,16.79,1
13275,DECODE,446,0,446,1843.47,16.99,1
13276,DECODE,446,0,446,1844.47,16.82,1
13277,DECODE,446,0,446,1845.47,16.83,1
13278,DECODE,445,0,445,1848.24,16.79,1
13279,DECODE,445,0,445,1849.24,18.20,1
13280,DECODE,444,0,444,1852.00,18.86,1
13281,DECODE,444,0,444,1853.00,18.08,1
13282,DECODE,443,0,443,1855.81,18.85,1
13283,DECODE,443,0,443,1856.81,18.07,1
13284,DECODE,443,0,443,1857.81,17.70,1
13285,DECODE,442,0,442,1857.93,18.25,1
13286,DECODE,442,0,442,1858.93,18.30,1
13287,DECODE,442,0,442,1859.93,17.94,1
13288,DECODE,442,0,442,1860.93,17.80,1
13289,DECODE,442,0,442,1861.93,17.90,1
13290,DECODE,441,0,441,1864.68,18.72,1
13291,DECODE,441,0,441,1865.68,18.17,1
13292,DECODE,440,0,440,1868.45,18.74,1
13293,DECODE,440,0,440,1869.45,18.12,1
13294,DECODE,440,0,440,1870.45,18.05,1
13295,DECODE,439,0,439,1873.21,18.63,1
13296,DECODE,439,0,439,1874.21,18.20,1
13297,DECODE,438,0,438,1877.01,18.70,1
13298,DECODE,438,0,438,1878.01,18.18,1
13299,DECODE,438,0,438,1879.01,17.82,1
13300,DECODE,437,0,437,1881.66,18.71,1
13301,DECODE,437,0,437,1882.66,18.38,1
13302,DECODE,436,0,436,1885.31,18.75,1
13303,DECODE,436,0,436,1886.31,17.88,1
13304,DECODE,436,0,436,1887.31,17.82,1
13305,DECODE,435,0,435,1889.78,18.74,1
13306,DECODE,435,0,435,1890.78,18.13,1
13307,DECODE,434,0,434,1891.91,18.27,1
13308,DECODE,434,0,434,1892.91,18.25,1
13309,DECODE,434,0,434,1893.91,17.83,1
13310,DECODE,434,0,434,1894.91,17.75,1
13311,DECODE,434,0,434,1895.91,17.82,1
13312,DECODE,433,0,433,1898.39,18.74,1
13313,DECODE,432,0,432,1899.54,18.77,1
13314,DECODE,432,0,432,1900.54,17.80,1
13315,DECODE,432,0,432,1901.54,17.47,1
13316,DECODE,432,0,432,1902.54,17.57,1
13317,DECODE,432,0,432,1903.54,17.42,1
13318,DECODE,432,0,432,1904.54,17.33,1
13319,DECODE,431,0,431,1905.42,17.84,1
13320,DECODE,431,0,431,1906.42,17.92,1
13321,DECODE,430,0,430,1907.59,17.80,1
13322,DECODE,430,0,430,1908.59,17.94,1
13323,DECODE,430,0,430,1909.59,17.48,1
13324,DECODE,430,0,430,1910.59,16.50,1
13325,DECODE,430,0,430,1911.59,16.41,1
13326,DECODE,430,0,430,1912.59,16.50,1
13327,DECODE,430,0,430,1913.59,16.41,1
13328,DECODE,429,0,429,1916.10,16.52,1
13329,DECODE,429,0,429,1917.10,16.51,1
13330,DECODE,428,0,428,1918.38,16.55,1
13331,DECODE,428,0,428,1919.38,18.19,1
13332,DECODE,428,0,428,1920.38,17.56,1
13333,DECODE,428,0,428,1921.38,17.60,1
13334,DECODE,428,0,428,1922.38,17.68,1
13335,DECODE,427,0,427,1924.88,19.52,1
13336,DECODE,427,0,427,1925.88,18.82,1
13337,DECODE,427,0,427,1926.88,17.75,1
13338,DECODE,426,0,426,1929.19,18.58,1
13339,DECODE,426,0,426,1930.19,18.09,1
13340,DECODE,426,0,426,1931.19,17.59,1
13341,DECODE,425,0,425,1933.55,18.48,1
13342,DECODE,425,0,425,1934.55,17.88,1
13343,DECODE,425,0,425,1935.55,17.59,1
13344,DECODE,424,0,424,1937.82,18.42,1
13345,DECODE,423,0,423,1938.87,18.85,1
13346,DECODE,423,0,423,1939.87,18.26,1
13347,DECODE,423,0,423,1940.87,17.68,1
13348,DECODE,423,0,423,1941.87,17.65,1
13349,DECODE,422,0,422,1943.05,17.96,1
13350,DECODE,421,0,421,1944.22,18.62,1
13351,DECODE,421,0,421,1945.22,18.18,1
13352,DECODE,421,0,421,1946.22,17.79,1
13353,DECODE,420,0,420,1946.66,18.22,1
13354,DECODE,420,0,420,1947.66,17.95,1
13355,DECODE,420,0,420,1948.66,17.72,1
13356,DECODE,420,0,420,1949.66,17.54,1
13357,DECODE,420,0,420,1950.66,17.70,1
13358,DECODE,420,0,420,1951.66,18.50,1
13359,DECODE,420,0,420,1952.66,17.63,1
13360,DECODE,420,0,420,1953.66,17.57,1
13361,DECODE,420,0,420,1954.66,17.71,1
13362,DECODE,420,0,420,1955.66,17.92,1
13363,DECODE,420,0,420,1956.66,17.65,1
13364,DECODE,419,0,419,1957.86,19.04,1
13365,DECODE,419,0,419,1958.86,18.91,1
13366,DECODE,419,0,419,1959.86,17.72,1
13367,DECODE,419,0,419,1960.86,17.69,1
13368,DECODE,419,0,419,1961.86,17.74,1
13369,DECODE,419,0,419,1962.86,17.70,1
13370,DECODE,419,0,419,1963.86,17.63,1
13371,DECODE,418,0,418,1964.84,17.89,1
13372,DECODE,418,0,418,1965.84,18.03,1
13373,DECODE,418,0,418,1966.84,17.65,1
13374,DECODE,418,0,418,1967.84,17.63,1
13375,DECODE,417,0,417,1969.80,18.56,1
13376,DECODE,417,0,417,1970.80,17.92,1
13377,DECODE,417,0,417,1971.80,17.68,1
13378,DECODE,417,0,417,1972.80,17.65,1
13379,DECODE,416,0,416,1974.65,18.98,1
13380,DECODE,416,0,416,1975.65,18.28,1
13381,DECODE,416,0,416,1976.65,17.97,1
13382,DECODE,416,0,416,1977.65,17.89,1
13383,DECODE,415,0,415,1979.68,18.97,1
13384,DECODE,415,0,415,1980.68,18.32,1
13385,DECODE,415,0,415,1981.68,17.22,1
13386,DECODE,415,0,415,1982.68,17.65,1
13387,DECODE,414,0,414,1983.83,18.09,1
13388,DECODE,413,0,413,1985.09,17.65,1
13389,DECODE,413,0,413,1986.09,18.29,1
13390,DECODE,413,0,413,1987.09,18.17,1
13391,DECODE,413,0,413,1988.09,18.06,1
13392,DECODE,413,0,413,1989.09,18.09,1
13393,DECODE,413,0,413,1990.09,18.05,1
13394,DECODE,413,0,413,1991.09,18.21,1
13395,DECODE,413,0,413,1992.09,18.27,1
13396,DECODE,412,0,412,1993.55,20.31,1
13397,DECODE,412,0,412,1994.55,19.44,1
13398,DECODE,412,0,412,1995.55,17.50,1
13399,DECODE,412,0,412,1996.55,17.53,1
13400,DECODE,411,0,411,1997.95,18.93,1
13401,DECODE,411,0,411,1998.95,18.26,1
13402,DECODE,411,0,411,1999.95,17.98,1
13403,DECODE,411,0,411,2000.95,18.00,1
13404,DECODE,411,0,411,2001.95,17.96,1
13405,DECODE,410,0,410,2003.29,18.81,1
13406,DECODE,410,0,410,2004.29,18.51,1
13407,DECODE,410,0,410,2005.29,18.03,1
13408,DECODE,410,0,410,2006.29,18.06,1
13409,DECODE,409,0,409,2005.94,18.65,1
13410,DECODE,409,0,409,2006.94,18.67,1
13411,DECODE,409,0,409,2007.94,18.16,1
13412,DECODE,408,0,408,2009.12,18.65,1
13413,DECODE,408,0,408,2010.12,18.54,1
13414,DECODE,407,0,407,2011.44,18.55,1
13415,DECODE,407,0,407,2012.44,18.60,1
13416,DECODE,407,0,407,2013.44,18.26,1
13417,DECODE,407,0,407,2014.44,18.43,1
13418,DECODE,407,0,407,2015.44,18.39,1
13419,DECODE,407,0,407,2016.44,18.25,1
13420,DECODE,407,0,407,2017.44,18.34,1
13421,DECODE,407,0,407,2018.44,18.16,1
13422,DECODE,407,0,407,2019.44,18.08,1
13423,DECODE,407,0,407,2020.44,18.21,1
13424,DECODE,407,0,407,2021.44,18.22,1
13425,DECODE,406,0,406,2022.81,18.94,1
13426,DECODE,406,0,406,2023.81,18.49,1
13427,DECODE,406,0,406,2024.81,18.19,1
13428,DECODE,406,0,406,2025.81,18.15,1
13429,DECODE,405,0,405,2027.21,19.17,1
13430,DECODE,405,0,405,2028.21,18.31,1
13431,DECODE,404,0,404,2028.57,18.52,1
13432,DECODE,404,0,404,2029.57,18.58,1
13433,DECODE,404,0,404,2030.57,18.12,1
13434,DECODE,404,0,404,2031.57,18.19,1
13435,DECODE,404,0,404,2032.57,18.44,1
13436,DECODE,404,0,404,2033.57,17.05,1
13437,DECODE,404,0,404,2034.57,17.06,1
13438,DECODE,404,0,404,2035.57,17.08,1
13439,DECODE,403,0,403,2036.76,17.16,1
13440,DECODE,403,0,403,2037.76,17.19,1
13441,DECODE,403,0,403,2038.76,17.48,1
13442,DECODE,403,0,403,2039.76,17.22,1
13443,DECODE,403,0,403,2040.76,17.16,1
13444,DECODE,403,0,403,2041.76,17.29,1
13445,DECODE,402,0,402,2043.02,17.20,1
13446,DECODE,402,0,402,2044.02,17.29,1
13447,DECODE,402,0,402,2045.02,17.50,1
13448,DECODE,402,0,402,2046.02,17.14,1
13449,DECODE,401,0,401,2047.17,17.19,1
13450,DECODE,401,0,401,2048.17,17.10,1
13451,DECODE,401,0,401,2049.17,17.11,1
13452,DECODE,401,0,401,2050.17,17.08,1
13453,DECODE,401,0,401,2051.17,18.12,1
13454,DECODE,400,0,400,2052.59,18.55,1
13455,DECODE,400,0,400,2053.59,17.88,1
13456,DECODE,400,0,400,2054.59,17.70,1
13457,DECODE,400,0,400,2055.59,17.68,1
13458,DECODE,400,0,400,2056.59,17.87,1
13459,DECODE,399,0,399,2057.89,18.49,1
13460,DECODE,399,0,399,2058.89,18.07,1
13461,DECODE,399,0,399,2059.89,17.71,1
13462,DECODE,399,0,399,2060.89,17.82,1
13463,DECODE,399,0,399,2061.89,17.68,1
13464,DECODE,398,0,398,2062.89,18.76,1
13465,DECODE,397,0,397,2063.92,18.32,1
13466,DECODE,397,0,397,2064.92,18.21,1
13467,DECODE,397,0,397,2065.92,17.80,1
13468,DECODE,397,0,397,2066.92,17.81,1
13469,DECODE,397,0,397,2067.92,17.89,1
13470,DECODE,397,0,397,2068.92,17.84,1
13471,DECODE,397,0,397,2069.92,17.89,1
13472,DECODE,397,0,397,2070.92,17.88,1
13473,DECODE,397,0,397,2071.92,17.98,1
13474,DECODE,396,0,396,2073.30,18.17,1
13475,DECODE,396,0,396,2074.30,17.57,1
13476,DECODE,396,0,396,2075.30,17.36,1
13477,DECODE,396,0,396,2076.30,17.37,1
13478,DECODE,396,0,396,2077.30,17.33,1
13479,DECODE,395,0,395,2078.65,18.15,1
13480,DECODE,395,0,395,2079.65,17.49,1
13481,DECODE,395,0,395,2080.65,17.24,1
13482,DECODE,395,0,395,2081.65,17.20,1
13483,DECODE,395,0,395,2082.65,17.30,1
13484,DECODE,394,0,394,2083.88,18.00,1
13485,DECODE,394,0,394,2084.88,17.52,1
13486,DECODE,393,0,393,2086.16,17.53,1
13487,DECODE,393,0,393,2087.16,17.56,1
13488,DECODE,393,0,393,2088.16,16.19,1
13489,DECODE,393,0,393,2089.16,16.24,1
13490,DECODE,393,0,393,2090.16,16.25,1
13491,DECODE,392,0,392,2089.96,16.13,1
13492,DECODE,392,0,392,2090.96,17.81,1
13493,DECODE,392,0,392,2091.96,17.45,1
13494,DECODE,392,0,392,2092.96,17.48,1
13495,DECODE,392,0,392,2093.96,17.37,1
13496,DECODE,392,0,392,2094.96,17.38,1
13497,DECODE,392,0,392,2095.96,17.51,1
13498,DECODE,392,0,392,2096.96,17.57,1
13499,DECODE,392,0,392,2097.96,17.44,1
13500,DECODE,391,0,391,2099.00,18.56,1
13501,DECODE,391,0,391,2100.00,17.69,1
13502,DECODE,391,0,391,2101.00,17.28,1
13503,DECODE,391,0,391,2102.00,17.25,1
13504,DECODE,391,0,391,2103.00,17.24,1
13505,DECODE,390,0,390,2102.83,17.61,1
13506,DECODE,390,0,390,2103.83,17.70,1
13507,DECODE,390,0,390,2104.83,17.26,1
13508,DECODE,390,0,390,2105.83,17.20,1
13509,DECODE,389,0,389,2106.74,17.66,1
13510,DECODE,389,0,389,2107.74,17.48,1
13511,DECODE,389,0,389,2108.74,17.17,1
13512,DECODE,389,0,389,2109.74,17.28,1
13513,DECODE,389,0,389,2110.74,17.27,1
13514,DECODE,389,0,389,2111.74,17.55,1
13515,DECODE,389,0,389,2112.74,17.45,1
13516,DECODE,389,0,389,2113.74,17.44,1
13517,DECODE,388,0,388,2113.59,17.33,1
13518,DECODE,388,0,388,2114.59,17.72,1
13519,DECODE,388,0,388,2115.59,17.01,1
13520,DECODE,388,0,388,2116.59,16.27,1
13521,DECODE,388,0,388,2117.59,16.61,1
13522,DECODE,388,0,388,2118.59,16.13,1
13523,DECODE,388,0,388,2119.59,16.51,1
13524,DECODE,387,0,387,2120.66,16.46,1
13525,DECODE,387,0,387,2121.66,16.60,1
13526,DECODE,385,0,385,2121.66,16.10,1
13527,DECODE,384,0,384,2121.52,16.04,1
13528,DECODE,384,0,384,2122.52,16.94,1
13529,DECODE,384,0,384,2123.52,15.94,1
13530,DECODE,384,0,384,2124.52,16.00,1
13531,DECODE,384,0,384,2125.52,15.89,1
13532,DECODE,384,0,384,2126.52,15.96,1
13533,DECODE,384,0,384,2127.52,15.91,1
13534,DECODE,384,0,384,2128.52,15.98,1
13535,DECODE,384,0,384,2129.52,15.96,1
13536,DECODE,384,0,384,2130.52,16.00,1
13537,DECODE,384,0,384,2131.52,15.97,1
13538,DECODE,384,0,384,2132.52,15.93,1
13539,DECODE,384,0,384,2133.52,15.92,1
13540,DECODE,384,0,384,2134.52,15.90,1
13541,DECODE,383,0,383,2134.41,15.83,1
13542,DECODE,383,0,383,2135.41,16.07,1
13543,DECODE,383,0,383,2136.41,16.06,1
13544,DECODE,383,0,383,2137.41,16.00,1
13545,DECODE,383,0,383,2138.41,16.13,1
13546,DECODE,383,0,383,2139.41,16.02,1
13547,DECODE,383,0,383,2140.41,16.06,1
13548,DECODE,383,0,383,2141.41,16.02,1
13549,DECODE,383,0,383,2142.41,16.09,1
13550,DECODE,382,0,382,2142.31,16.03,1
13551,DECODE,382,0,382,2143.31,16.08,1
13552,DECODE,382,0,382,2144.31,15.87,1
13553,DECODE,381,0,381,2144.22,15.90,1
13554,DECODE,381,0,381,2145.22,15.96,1
13555,DECODE,380,0,380,2145.13,16.00,1
13556,DECODE,380,0,380,2146.13,16.14,1
13557,DECODE,380,0,380,2147.13,16.00,1
13558,DECODE,380,0,380,2148.13,16.06,1
13559,DECODE,380,0,380,2149.13,16.02,1
13560,DECODE,380,0,380,2150.13,16.09,1
13561,DECODE,380,0,380,2151.13,16.01,1
13562,DECODE,380,0,380,2152.13,16.11,1
13563,DECODE,379,0,379,2152.06,17.30,1
13564,DECODE,378,0,378,2153.08,16.03,1
13565,DECODE,377,0,377,2154.29,16.07,1
13566,DECODE,377,0,377,2155.29,16.01,1
13567,DECODE,377,0,377,2156.29,16.08,1
13568,DECODE,377,0,377,2157.29,15.99,1
13569,DECODE,377,0,377,2158.29,16.06,1
13570,DECODE,377,0,377,2159.29,16.02,1
13571,DECODE,377,0,377,2160.29,16.11,1
13572,DECODE,376,0,376,2160.22,16.02,1
13573,DECODE,376,0,376,2161.22,16.00,1
13574,DECODE,375,0,375,2161.16,16.41,1
13575,DECODE,375,0,375,2162.16,17.43,1
13576,DECODE,373,0,373,2163.01,17.34,1
13577,DECODE,373,0,373,2164.01,17.26,1
13578,DECODE,373,0,373,2165.01,16.90,1
13579,DECODE,373,0,373,2166.01,17.01,1
13580,DECODE,373,0,373,2167.01,17.14,1
13581,DECODE,373,0,373,2168.01,16.96,1
13582,DECODE,373,0,373,2169.01,16.94,1
13583,DECODE,373,0,373,2170.01,16.88,1
13584,DECODE,373,0,373,2171.01,17.00,1
13585,DECODE,373,0,373,2172.01,16.98,1
13586,DECODE,373,0,373,2173.01,17.06,1
13587,DECODE,373,0,373,2174.01,17.03,1
13588,DECODE,373,0,373,2175.01,17.04,1
13589,DECODE,373,0,373,2176.01,16.93,1
13590,DECODE,373,0,373,2177.01,16.88,1
13591,DECODE,373,0,373,2178.01,16.97,1
13592,DECODE,373,0,373,2179.01,17.03,1
13593,DECODE,373,0,373,2180.01,17.10,1
13594,DECODE,373,0,373,2181.01,17.06,1
13595,DECODE,373,0,373,2182.01,17.05,1
13596,DECODE,373,0,373,2183.01,17.13,1
13597,DECODE,373,0,373,2184.01,17.16,1
13598,DECODE,373,0,373,2185.01,17.04,1
13599,DECODE,373,0,373,2186.01,17.18,1
13600,DECODE,373,0,373,2187.01,17.25,1
13601,DECODE,373,0,373,2188.01,17.19,1
13602,DECODE,372,0,372,2188.01,17.44,1
13603,DECODE,370,0,370,2188.08,17.63,1
13604,DECODE,370,0,370,2189.08,17.36,1
13605,DECODE,370,0,370,2190.08,16.96,1
13606,DECODE,370,0,370,2191.08,16.94,1
13607,DECODE,370,0,370,2192.08,17.01,1
13608,DECODE,370,0,370,2193.08,17.10,1
13609,DECODE,370,0,370,2194.08,17.06,1
13610,DECODE,369,0,369,2195.27,17.34,1
13611,DECODE,368,0,368,2196.46,17.68,1
13612,DECODE,368,0,368,2197.46,17.40,1
13613,DECODE,368,0,368,2198.46,17.08,1
13614,DECODE,368,0,368,2199.46,17.15,1
13615,DECODE,368,0,368,2200.46,17.13,1
13616,DECODE,368,0,368,2201.46,16.98,1
13617,DECODE,368,0,368,2202.46,17.15,1
13618,DECODE,368,0,368,2203.46,17.05,1
13619,DECODE,367,0,367,2203.49,17.51,1
13620,DECODE,367,0,367,2204.49,16.02,1
13621,DECODE,367,0,367,2205.49,16.01,1
13622,DECODE,367,0,367,2206.49,15.95,1
13623,DECODE,367,0,367,2207.49,16.15,1
13624,DECODE,367,0,367,2208.49,15.85,1
13625,DECODE,366,0,366,2209.13,16.84,1
13626,DECODE,366,0,366,2210.13,15.94,1
13627,DECODE,366,0,366,2211.13,15.93,1
13628,DECODE,366,0,366,2212.13,15.97,1
13629,DECODE,366,0,366,2213.13,16.64,1
13630,DECODE,366,0,366,2214.13,16.16,1
13631,DECODE,366,0,366,2215.13,16.03,1
13632,DECODE,365,0,365,2216.28,15.94,1
13633,DECODE,364,0,364,2217.33,16.33,1
13634,DECODE,364,0,364,2218.33,16.14,1
13635,DECODE,363,0,363,2219.44,16.11,1
13636,DECODE,363,0,363,2220.44,16.06,1
13637,DECODE,361,0,361,2220.68,15.94,1
13638,DECODE,361,0,361,2221.68,16.04,1
13639,DECODE,361,0,361,2222.68,16.83,1
13640,DECODE,361,0,361,2223.68,16.84,1
13641,DECODE,360,0,360,2224.86,17.57,1
13642,DECODE,359,0,359,2226.01,18.07,1
13643,DECODE,359,0,359,2227.01,17.28,1
13644,DECODE,359,0,359,2228.01,16.98,1
13645,DECODE,359,0,359,2229.01,17.17,1
13646,DECODE,359,0,359,2230.01,16.96,1
13647,DECODE,358,0,358,2231.20,17.53,1
13648,DECODE,358,0,358,2232.20,17.50,1
13649,DECODE,357,0,357,2232.28,17.41,1
13650,DECODE,357,0,357,2233.28,16.09,1
13651,DECODE,357,0,357,2234.28,16.05,1
13652,DECODE,357,0,357,2235.28,16.99,1
13653,DECODE,357,0,357,2236.28,17.18,1
13654,DECODE,357,0,357,2237.28,17.07,1
13655,DECODE,356,0,356,2238.56,17.72,1
13656,DECODE,356,0,356,2239.56,17.49,1
13657,DECODE,355,0,355,2240.73,17.26,1
13658,DECODE,354,0,354,2240.82,18.64,1
13659,DECODE,354,0,354,2241.82,17.82,1
13660,DECODE,354,0,354,2242.82,17.26,1
13661,DECODE,354,0,354,2243.82,17.28,1
13662,DECODE,354,0,354,2244.82,17.17,1
13663,DECODE,354,0,354,2245.82,17.17,1
13664,DECODE,354,0,354,2246.82,17.22,1
13665,DECODE,354,0,354,2247.82,17.50,1
13666,DECODE,354,0,354,2248.82,17.29,1
13667,DECODE,353,0,353,2250.01,16.87,1
13668,DECODE,352,0,352,2250.88,17.86,1
13669,DECODE,352,0,352,2251.88,16.22,1
13670,DECODE,352,0,352,2252.88,16.64,1
13671,DECODE,352,0,352,2253.88,16.83,1
13672,DECODE,352,0,352,2254.88,17.13,1
13673,DECODE,352,0,352,2255.88,18.00,1
13674,DECODE,352,0,352,2256.88,16.88,1
13675,DECODE,352,0,352,2257.88,16.27,1
13676,DECODE,351,0,351,2259.11,18.92,1
13677,DECODE,351,0,351,2260.11,17.97,1
13678,DECODE,351,0,351,2261.11,17.14,1
13679,DECODE,351,0,351,2262.11,17.20,1
13680,DECODE,351,0,351,2263.11,17.09,1
13681,DECODE,351,0,351,2264.11,16.88,1
13682,DECODE,351,0,351,2265.11,18.55,1
13683,DECODE,350,0,350,2266.06,16.36,1
13684,DECODE,350,0,350,2267.06,16.33,1
13685,DECODE,350,0,350,2268.06,16.17,1
13686,DECODE,350,0,350,2269.06,17.14,1
13687,DECODE,350,0,350,2270.06,17.10,1
13688,DECODE,350,0,350,2271.06,17.02,1
13689,DECODE,350,0,350,2272.06,17.06,1
13690,DECODE,349,0,349,2272.52,18.11,1
13691,DECODE,348,0,348,2273.67,18.32,1
13692,DECODE,348,0,348,2274.67,17.37,1
13693,DECODE,348,0,348,2275.67,16.24,1
13694,DECODE,348,0,348,2276.67,16.18,1
13695,DECODE,348,0,348,2277.67,16.39,1
13696,DECODE,348,0,348,2278.67,17.10,1
13697,DECODE,348,0,348,2279.67,17.44,1
13698,DECODE,348,0,348,2280.67,17.30,1
13699,DECODE,348,0,348,2281.67,17.34,1
13700,DECODE,347,0,347,2281.87,18.27,1
13701,DECODE,347,0,347,2282.87,17.59,1
13702,DECODE,347,0,347,2283.87,17.22,1
13703,DECODE,346,0,346,2284.07,18.08,1
13704,DECODE,346,0,346,2285.07,17.58,1
13705,DECODE,345,0,345,2285.28,18.19,1
13706,DECODE,344,0,344,2285.48,18.60,1
13707,DECODE,344,0,344,2286.48,18.31,1
13708,DECODE,344,0,344,2287.48,17.09,1
13709,DECODE,344,0,344,2288.48,17.23,1
13710,DECODE,344,0,344,2289.48,17.06,1
13711,DECODE,344,0,344,2290.48,17.10,1
13712,DECODE,344,0,344,2291.48,17.17,1
13713,DECODE,344,0,344,2292.48,17.50,1
13714,DECODE,344,0,344,2293.48,17.22,1
13715,DECODE,344,0,344,2294.48,17.35,1
13716,DECODE,343,0,343,2294.70,18.08,1
13717,DECODE,342,0,342,2295.33,18.15,1
13718,DECODE,342,0,342,2296.33,17.73,1
13719,DECODE,342,0,342,2297.33,16.31,1
13720,DECODE,342,0,342,2298.33,16.14,1
13721,DECODE,342,0,342,2299.33,16.21,1
13722,DECODE,342,0,342,2300.33,16.11,1
13723,DECODE,341,0,341,2300.57,16.48,1
13724,DECODE,341,0,341,2301.57,16.35,1
13725,DECODE,340,0,340,2301.81,16.56,1
13726,DECODE,340,0,340,2302.81,16.41,1
13727,DECODE,339,0,339,2303.80,16.47,1
13728,DECODE,338,0,338,2304.04,16.58,1
13729,DECODE,338,0,338,2305.04,16.39,1
13730,DECODE,337,0,337,2305.28,16.64,1
13731,DECODE,337,0,337,2306.28,16.33,1
13732,DECODE,337,0,337,2307.28,15.95,1
13733,DECODE,337,0,337,2308.28,16.29,1
13734,DECODE,337,0,337,2309.28,16.43,1
13735,DECODE,337,0,337,2310.28,16.41,1
13736,DECODE,337,0,337,2311.28,16.57,1
13737,DECODE,337,0,337,2312.28,16.44,1
13738,DECODE,336,0,336,2313.44,16.54,1
13739,DECODE,335,0,335,2314.23,16.21,1
13740,DECODE,335,0,335,2315.23,17.31,1
13741,DECODE,334,0,334,2316.12,17.29,1
13742,DECODE,334,0,334,2317.12,16.15,1
13743,DECODE,333,0,333,2317.39,16.01,1
13744,EXTEND,1,115,0,119.00,16.82,1
13745,DECODE,333,0,333,2311.60,16.15,1
13746,DECODE,333,0,333,2312.60,15.91,1
13747,DECODE,333,0,333,2313.60,15.99,1
13748,DECODE,332,0,332,2313.86,16.07,1
13749,EXTEND,1,101,0,109.00,16.62,1
13750,DECODE,333,0,333,2308.24,15.93,1
13751,DECODE,333,0,333,2309.24,16.02,1
13752,DECODE,333,0,333,2310.24,16.01,1
13753,DECODE,333,0,333,2311.24,15.84,1
13754,DECODE,333,0,333,2312.24,16.03,1
13755,DECODE,332,0,332,2313.45,15.27,1
13756,EXTEND,2,115,0,64.00,16.63,1
13757,DECODE,334,0,334,2300.99,15.24,1
13758,DECODE,334,0,334,2301.99,15.25,1
13759,DECODE,333,0,333,2302.92,15.46,1
13760,EXTEND,2,245,0,128.00,22.40,1
13761,DECODE,334,0,334,2290.13,15.28,1
13762,EXTEND,1,46,0,59.00,16.11,1
13763,DECODE,334,0,334,2283.64,14.94,1
13764,EXTEND,1,41,0,44.00,16.02,1
13765,DECODE,334,0,334,2277.11,15.10,1
13766,EXTEND,2,170,0,90.00,24.44,1
13767,DECODE,336,0,336,2265.10,14.95,1
13768,DECODE,336,0,336,2266.10,15.01,1
13769,DECODE,336,0,336,2267.10,15.78,1
13770,DECODE,334,0,334,2267.14,15.27,1
13771,EXTEND,2,149,0,78.00,24.05,1
13772,DECODE,336,0,336,2255.11,15.10,1
13773,DECODE,336,0,336,2256.11,15.13,1
13774,DECODE,336,0,336,2257.11,15.58,1
13775,DECODE,336,0,336,2258.11,15.91,1
13776,DECODE,336,0,336,2259.11,15.15,1
13777,DECODE,336,0,336,2260.11,15.63,1
13778,DECODE,336,0,336,2261.11,15.63,1
13779,DECODE,335,0,335,2261.22,15.90,1
13780,EXTEND,3,194,0,69.67,35.04,1
13781,DECODE,337,0,337,2241.82,15.23,1
13782,EXTEND,1,53,0,57.00,25.81,1
13783,DECODE,338,0,338,2236.36,15.58,1
13784,DECODE,338,0,338,2237.36,15.39,1
13785,DECODE,337,0,337,2237.40,15.03,1
13786,EXTEND,2,68,0,39.00,17.06,1
13787,DECODE,339,0,339,2225.43,15.18,1
13788,DECODE,339,0,339,2226.43,15.23,1
13789,DECODE,339,0,339,2227.43,15.20,1
13790,DECODE,338,0,338,2227.45,15.54,1
13791,EXTEND,1,111,0,116.00,25.55,1
13792,DECODE,338,0,338,2221.55,15.28,1
13793,EXTEND,2,189,0,102.00,17.02,1
13794,DECODE,340,0,340,2210.09,15.05,1
13795,DECODE,340,0,340,2211.09,15.07,1
13796,DECODE,340,0,340,2212.09,15.05,1
13797,DECODE,340,0,340,2213.09,15.47,1
13798,DECODE,340,0,340,2214.09,15.90,1
13799,DECODE,340,0,340,2215.09,15.83,1
13800,DECODE,340,0,340,2216.09,15.98,1
13801,DECODE,339,0,339,2216.07,16.38,1
13802,EXTEND,2,340,0,174.00,42.03,1
13803,DECODE,341,0,341,2205.09,15.37,1
13804,DECODE,341,0,341,2206.09,15.20,1
13805,DECODE,341,0,341,2207.09,15.17,1
13806,DECODE,341,0,341,2208.09,15.94,1
13807,DECODE,341,0,341,2209.09,15.72,1
13808,DECODE,340,0,340,2209.06,15.34,1
13809,EXTEND,1,60,0,66.00,16.71,1
13810,DECODE,340,0,340,2203.57,15.38,1
13811,EXTEND,2,372,0,191.50,22.79,1
13812,DECODE,342,0,342,2192.80,15.16,1
13813,DECODE,342,0,342,2193.80,16.04,1
13814,DECODE,341,0,341,2194.18,15.02,1
13815,EXTEND,2,381,0,194.00,22.49,1
13816,DECODE,340,0,340,2180.19,15.22,1
13817,EXTEND,3,348,0,122.00,23.58,1
13818,DECODE,343,0,343,2163.19,14.97,1
13819,DECODE,343,0,343,2164.19,15.16,1
13820,DECODE,343,0,343,2165.19,15.00,1
13821,DECODE,343,0,343,2166.19,15.04,1
13822,DECODE,342,0,342,2166.04,14.97,1
13823,EXTEND,3,167,0,61.33,16.51,1
13824,DECODE,345,0,345,2148.73,14.98,1
13825,DECODE,345,0,345,2149.73,14.97,1
13826,DECODE,345,0,345,2150.73,15.17,1
13827,DECODE,345,0,345,2151.73,14.96,1
13828,DECODE,345,0,345,2152.73,15.73,1
13829,DECODE,344,0,344,2152.55,16.08,1
13830,EXTEND,2,271,0,140.00,44.96,1
13831,DECODE,344,0,344,2140.17,15.09,1
13832,EXTEND,3,320,0,112.33,17.39,1
13833,DECODE,346,0,346,2122.38,14.99,1
13834,EXTEND,2,231,0,120.00,25.82,1
13835,DECODE,348,0,348,2111.87,14.93,1
13836,DECODE,348,0,348,2112.87,14.98,1
13837,DECODE,348,0,348,2113.87,15.57,1
13838,DECODE,348,0,348,2114.87,16.01,1
13839,DECODE,347,0,347,2115.12,15.15,1
13840,EXTEND,2,118,0,65.50,26.50,1
13841,DECODE,348,0,348,2103.06,15.11,1
13842,EXTEND,2,303,0,156.50,31.28,1
13843,DECODE,350,0,350,2092.94,14.94,1
13844,DECODE,350,0,350,2093.94,14.92,1
13845,DECODE,350,0,350,2094.94,14.96,1
13846,DECODE,350,0,350,2095.94,16.05,1
13847,DECODE,350,0,350,2096.94,16.56,1
13848,DECODE,350,0,350,2097.94,15.66,1
13849,DECODE,350,0,350,2098.94,15.90,1
13850,DECODE,350,0,350,2099.94,15.91,1
13851,DECODE,350,0,350,2100.94,15.84,1
13852,DECODE,350,0,350,2101.94,15.98,1
13853,DECODE,350,0,350,2102.94,16.02,1
13854,DECODE,349,0,349,2102.63,17.07,1
13855,EXTEND,2,145,0,77.00,36.65,1
13856,DECODE,351,0,351,2092.09,15.35,1
13857,DECODE,351,0,351,2093.09,15.85,1
13858,DECODE,350,0,350,2092.75,16.19,1
13859,EXTEND,3,169,0,61.00,29.73,1
13860,DECODE,351,0,351,2073.72,15.17,1
13861,EXTEND,2,123,0,66.50,23.62,1
13862,DECODE,352,0,352,2061.94,14.83,1
13863,EXTEND,2,186,0,98.00,17.24,1
13864,DECODE,354,0,354,2051.84,15.05,1
13865,DECODE,354,0,354,2052.84,14.92,1
13866,DECODE,354,0,354,2053.84,15.28,1
13867,DECODE,353,0,353,2053.75,15.72,1
13868,EXTEND,3,193,0,71.00,34.25,1
13869,DECODE,354,0,354,2035.69,14.99,1
13870,EXTEND,2,183,0,102.00,17.43,1
13871,DECODE,356,0,356,2025.83,14.76,1
13872,DECODE,356,0,356,2026.83,14.79,1
13873,DECODE,356,0,356,2027.83,15.03,1
13874,DECODE,355,0,355,2027.33,16.25,1
13875,EXTEND,3,295,0,104.00,16.67,1
13876,DECODE,356,0,356,2009.13,14.80,1
13877,EXTEND,2,135,0,72.00,41.01,1
13878,DECODE,357,0,357,1997.74,14.81,1
13879,EXTEND,2,105,0,61.50,36.63,1
13880,DECODE,358,0,358,1986.84,15.22,1
13881,EXTEND,2,362,0,190.00,22.84,1
13882,DECODE,360,0,360,1977.86,14.88,1
13883,DECODE,360,0,360,1978.86,15.34,1
13884,DECODE,360,0,360,1979.86,15.00,1
13885,DECODE,359,0,359,1979.25,16.53,1
13886,EXTEND,3,462,0,157.67,39.73,1
13887,DECODE,361,0,361,1963.50,15.26,1
13888,EXTEND,2,505,0,260.00,37.97,1
13889,DECODE,362,0,362,1953.44,15.25,1
13890,EXTEND,2,140,0,75.50,40.97,1
13891,DECODE,363,0,363,1942.43,15.11,1
13892,EXTEND,2,114,0,62.50,27.31,1
13893,DECODE,365,0,365,1933.13,15.11,1
13894,DECODE,365,0,365,1934.13,14.86,1
13895,DECODE,365,0,365,1935.13,14.84,1
13896,DECODE,365,0,365,1936.13,14.84,1
13897,DECODE,364,0,364,1935.41,14.88,1
13898,EXTEND,2,123,0,71.00,19.05,1
13899,DECODE,365,0,365,1924.70,14.80,1
13900,EXTEND,2,147,0,77.50,16.44,1
13901,DECODE,367,0,367,1915.64,14.81,1
13902,DECODE,367,0,367,1916.64,14.76,1
13903,DECODE,367,0,367,1917.64,15.57,1
13904,DECODE,366,0,366,1916.88,15.31,1
13905,EXTEND,2,132,0,71.00,25.84,1
13906,DECODE,368,0,368,1907.85,15.65,1
13907,DECODE,368,0,368,1908.85,14.94,1
13908,DECODE,368,0,368,1909.85,14.92,1
13909,DECODE,368,0,368,1910.85,15.07,1
13910,DECODE,366,0,366,1908.70,16.59,1
13911,EXTEND,3,459,0,157.67,33.20,1
13912,DECODE,369,0,369,1895.47,15.00,1
13913,DECODE,369,0,369,1896.47,15.14,1
13914,DECODE,367,0,367,1894.13,15.83,1
13915,EXTEND,3,216,0,76.67,31.84,1
13916,DECODE,370,0,370,1880.39,14.93,1
13917,DECODE,370,0,370,1881.39,15.84,1
13918,DECODE,370,0,370,1882.39,15.21,1
13919,DECODE,368,0,368,1879.71,15.81,1
13920,EXTEND,4,258,0,68.50,29.05,1
13921,DECODE,372,0,372,1861.24,14.82,1
13922,DECODE,372,0,372,1862.24,15.35,1
13923,DECODE,372,0,372,1863.24,14.90,1
13924,DECODE,372,0,372,1864.24,15.05,1
13925,DECODE,372,0,372,1865.24,14.88,1
13926,DECODE,372,0,372,1866.24,15.11,1
13927,DECODE,370,0,370,1863.96,14.84,1
13928,EXTEND,6,433,0,77.17,29.05,1
13929,DECODE,374,0,374,1832.72,14.97,1
13930,EXTEND,3,243,0,90.00,57.58,1
13931,DECODE,376,0,376,1817.89,14.88,1
13932,EXTEND,3,363,0,125.67,22.84,1
13933,DECODE,378,0,378,1803.50,14.82,1
13934,EXTEND,2,125,0,69.00,16.36,1
13935,DECODE,380,0,380,1795.37,14.73,1
13936,DECODE,380,0,380,1796.37,14.80,1
13937,DECODE,379,0,379,1795.35,15.39,1
13938,EXTEND,4,445,0,116.00,24.04,1
13939,DECODE,381,0,381,1775.12,14.69,1
13940,EXTEND,3,183,0,67.00,16.02,1
13941,DECODE,383,0,383,1761.11,14.69,1
13942,EXTEND,2,95,0,52.50,16.01,1
13943,DECODE,385,0,385,1753.24,14.86,1
13944,DECODE,385,0,385,1754.24,14.99,1
13945,DECODE,385,0,385,1755.24,14.95,1
13946,DECODE,385,0,385,1756.24,15.04,1
13947,DECODE,385,0,385,1757.24,15.64,1
13948,DECODE,385,0,385,1758.24,15.48,1
13949,DECODE,385,0,385,1759.24,14.78,1
13950,DECODE,384,0,384,1758.15,16.09,1
13951,EXTEND,3,198,0,71.33,45.83,1
13952,DECODE,386,0,386,1743.97,15.20,1
13953,EXTEND,2,239,0,123.50,25.22,1
13954,DECODE,388,0,388,1736.61,14.95,1
13955,DECODE,388,0,388,1737.61,14.95,1
13956,DECODE,387,0,387,1736.49,15.03,1
13957,EXTEND,3,201,0,73.33,16.52,1
13958,DECODE,389,0,389,1722.54,14.98,1
13959,EXTEND,2,139,0,74.50,16.27,1
13960,DECODE,391,0,391,1715.12,14.96,1
13961,DECODE,391,0,391,1716.12,15.03,1
13962,DECODE,390,0,390,1714.95,14.69,1
13963,EXTEND,3,161,0,60.00,22.59,1
13964,DECODE,390,0,390,1696.73,14.34,1
13965,EXTEND,4,473,0,123.50,22.47,1
13966,DECODE,394,0,394,1681.75,14.28,1
13967,DECODE,394,0,394,1682.75,14.42,1
13968,DECODE,393,0,393,1681.52,14.40,1
13969,EXTEND,3,168,0,61.00,16.95,1
13970,DECODE,395,0,395,1667.99,14.27,1
13971,EXTEND,3,327,0,113.67,16.86,1
13972,DECODE,397,0,397,1655.43,16.30,1
13973,EXTEND,2,396,0,202.00,22.33,1
13974,DECODE,399,0,399,1649.14,14.16,1
13975,DECODE,399,0,399,1650.14,14.69,1
13976,DECODE,398,0,398,1648.86,14.28,1
13977,EXTEND,3,492,0,170.67,22.58,1
13978,DECODE,400,0,400,1636.49,14.32,1
13979,EXTEND,2,255,0,132.50,16.38,1
13980,DECODE,402,0,402,1630.01,14.57,1
13981,DECODE,402,0,402,1631.01,14.64,1
13982,DECODE,402,0,402,1632.01,14.82,1
13983,DECODE,401,0,401,1630.70,14.73,1
13984,EXTEND,4,238,0,65.75,16.66,1
13985,DECODE,403,0,403,1612.08,14.60,1
13986,EXTEND,3,152,0,57.00,16.20,1
13987,DECODE,406,0,406,1601.59,14.54,1
13988,DECODE,406,0,406,1602.59,14.58,1
13989,DECODE,406,0,406,1603.59,14.72,1
13990,DECODE,406,0,406,1604.59,15.06,1
13991,DECODE,404,0,404,1600.86,14.64,1
13992,EXTEND,5,481,0,101.80,23.01,1
13993,DECODE,407,0,407,1578.93,14.54,1
13994,EXTEND,4,483,0,127.75,21.72,1
13995,DECODE,410,0,410,1563.39,14.49,1
13996,EXTEND,3,221,0,79.00,24.13,1
13997,DECODE,412,0,412,1551.16,14.44,1
13998,EXTEND,3,248,0,87.33,15.89,1
13999,DECODE,415,0,415,1541.58,14.42,1
14000,DECODE,415,0,415,1542.58,14.51,1
14001,DECODE,415,0,415,1543.58,14.67,1
14002,DECODE,415,0,415,1544.58,14.62,1
14003,DECODE,415,0,415,1545.58,14.60,1
14004,DECODE,415,0,415,1546.58,14.85,1
14005,DECODE,413,0,413,1542.67,14.57,1
14006,EXTEND,6,440,0,79.17,27.99,1
14007,DECODE,417,0,417,1517.73,14.40,1
14008,EXTEND,3,198,0,71.67,16.25,1
14009,DECODE,420,0,420,1508.40,14.17,1
14010,DECODE,420,0,420,1509.40,15.20,1
14011,DECODE,419,0,419,1507.90,15.49,1
14012,EXTEND,4,492,0,127.75,18.18,1
14013,DECODE,421,0,421,1490.79,14.29,1
14014,EXTEND,4,311,0,87.00,26.48,1
14015,DECODE,425,0,425,1478.58,14.13,1
14016,DECODE,425,0,425,1479.58,14.11,1
14017,DECODE,425,0,425,1480.58,14.14,1
14018,DECODE,424,0,424,1479.03,15.56,1
14019,EXTEND,3,190,0,69.33,23.49,1
14020,DECODE,426,0,426,1467.57,14.05,1
14021,EXTEND,3,203,0,73.33,22.97,1
14022,DECODE,428,0,428,1456.25,14.08,1
14023,EXTEND,3,179,0,65.33,16.08,1
14024,DECODE,429,0,429,1442.44,14.00,1
14025,EXTEND,4,220,0,61.50,17.88,1
14026,DECODE,433,0,433,1430.68,14.44,1
14027,DECODE,433,0,433,1431.68,14.35,1
14028,DECODE,432,0,432,1430.23,14.09,1
14029,EXTEND,4,199,0,55.75,16.52,1
14030,DECODE,434,0,434,1413.36,14.33,1
14031,EXTEND,4,276,0,76.00,15.80,1
14032,DECODE,438,0,438,1402.15,14.24,1
14033,DECODE,438,0,438,1403.15,14.26,1
14034,DECODE,438,0,438,1404.15,14.38,1
14035,DECODE,438,0,438,1405.15,14.19,1
14036,DECODE,436,0,436,1400.85,15.04,1
14037,EXTEND,5,779,0,163.20,16.69,1
14038,DECODE,439,0,439,1382.48,14.39,1
14039,EXTEND,4,510,0,132.75,37.94,1
14040,DECODE,443,0,443,1372.19,14.41,1
14041,DECODE,443,0,443,1373.19,14.42,1
14042,DECODE,441,0,441,1368.81,14.64,1
14043,EXTEND,5,491,0,103.40,17.10,1
14044,DECODE,446,0,446,1355.62,14.11,1
14045,DECODE,446,0,446,1356.62,14.04,1
14046,DECODE,445,0,445,1354.92,14.27,1
14047,EXTEND,5,317,0,68.20,24.60,1
14048,DECODE,448,0,448,1336.18,15.80,1
14049,EXTEND,4,506,0,130.50,22.34,1
14050,DECODE,450,0,450,1321.03,14.04,1
14051,EXTEND,5,603,0,126.20,17.01,1
14052,DECODE,454,0,454,1306.14,13.97,1
14053,EXTEND,4,289,0,77.75,16.74,1
14054,DECODE,455,0,455,1288.08,14.09,1
14055,EXTEND,5,461,0,98.80,23.82,1
14056,DECODE,460,0,460,1276.16,14.21,1
14057,DECODE,460,0,460,1277.16,13.96,1
14058,DECODE,457,0,457,1269.74,13.91,1
14059,EXTEND,9,616,0,73.22,16.77,1
14060,DECODE,463,0,463,1239.12,14.23,1
14061,EXTEND,6,334,0,62.33,25.85,1
14062,DECODE,468,0,468,1222.21,13.80,1
14063,EXTEND,5,307,0,69.00,22.45,1
14064,DECODE,470,0,470,1202.42,13.84,1
14065,EXTEND,6,521,0,93.17,16.16,1
14066,DECODE,476,0,476,1189.44,13.90,1
14067,DECODE,476,0,476,1190.44,13.98,1
14068,DECODE,474,0,474,1185.81,13.95,1
14069,EXTEND,9,601,0,73.00,16.75,1
14070,DECODE,478,0,478,1151.48,14.48,1
14071,EXTEND,8,894,0,117.38,18.02,1
14072,DECODE,486,0,486,1135.46,14.15,1
14073,DECODE,486,0,486,1136.46,14.44,1
14074,DECODE,483,0,483,1128.62,13.99,1
14075,EXTEND,10,1169,0,123.20,16.75,1
14076,DECODE,488,0,488,1094.47,13.66,1
14077,EXTEND,9,788,0,96.00,16.38,1
14078,DECODE,494,0,494,1068.39,13.53,1
14079,EXTEND,9,2105,0,239.33,25.28,1
14080,DECODE,503,0,503,1054.55,13.66,1
14081,DECODE,503,0,503,1055.55,13.98,1
14082,DECODE,501,0,501,1050.55,13.76,1
14083,EXTEND,8,3219,0,410.88,23.11,1
14084,DECODE,507,0,507,1035.50,14.62,1
14085,EXTEND,5,2786,0,563.20,22.51,1
14086,DECODE,508,0,508,1019.92,13.60,1
14087,EXTEND,7,3561,0,515.00,24.81,1
14088,DECODE,513,0,513,1008.03,17.32,1
14089,EXTEND,6,3091,0,521.33,21.57,1
14090,DECODE,518,0,518,1000.40,17.37,1
14091,EXTEND,4,2047,0,517.25,21.51,1
14092,DECODE,521,0,521,994.69,17.12,1
14093,EXTEND,3,1766,0,595.67,23.86,1
14094,DECODE,522,0,522,987.41,17.14,1
14095,EXTEND,4,2322,0,586.25,22.36,1
14096,DECODE,526,0,526,985.36,16.70,1
14097,DECODE,526,0,526,986.36,16.80,1
14098,DECODE,521,0,521,972.26,17.07,1
14099,EXTEND,9,3286,0,373.89,22.21,1
14100,DECODE,527,0,527,954.00,17.24,1
14101,EXTEND,6,3483,0,585.00,23.61,1
14102,DECODE,531,0,531,944.79,17.02,1
14103,EXTEND,6,3652,0,615.50,25.14,1
14104,DECODE,533,0,533,929.96,16.82,1
14105,EXTEND,6,3574,0,601.67,25.07,1
14106,DECODE,536,0,536,918.17,17.05,1
14107,EXTEND,7,4040,0,583.14,25.92,1
14108,DECODE,542,0,542,911.82,17.16,1
14109,EXTEND,5,2949,0,596.20,23.35,1
14110,DECODE,546,0,546,906.91,16.83,1
14111,EXTEND,4,2005,0,505.75,22.47,1
14112,DECODE,547,0,547,895.92,17.05,1
14113,EXTEND,5,3033,0,612.80,22.79,1
14114,DECODE,552,0,552,894.35,16.85,1
14115,DECODE,552,0,552,895.35,16.86,1
14116,DECODE,550,0,550,890.30,17.25,1
14117,EXTEND,7,3832,0,553.00,29.74,1
14118,DECODE,550,0,550,865.76,17.44,1
14119,EXTEND,8,4063,0,513.50,25.54,1
14120,DECODE,558,0,558,861.71,16.98,1
14121,DECODE,558,0,558,862.71,16.55,1
14122,DECODE,556,0,556,857.61,16.96,1
14123,EXTEND,8,4811,0,608.00,29.32,1
14124,DECODE,562,0,562,849.00,17.30,1
14125,EXTEND,6,3214,0,543.17,23.52,1
14126,DECODE,566,0,566,840.71,17.18,1
14127,EXTEND,5,2594,0,524.00,23.17,1
14128,DECODE,569,0,569,832.89,17.19,1
14129,EXTEND,5,3338,0,674.00,21.49,1
14130,DECODE,572,0,572,826.47,16.90,1
14131,EXTEND,5,3338,0,673.00,22.01,1
14132,DECODE,575,0,575,820.10,17.31,1
14133,EXTEND,4,2743,0,691.50,22.22,1
14134,DECODE,579,0,579,820.22,17.05,1
14135,DECODE,579,0,579,821.22,16.86,1
14136,DECODE,579,0,579,822.22,17.32,1
14137,DECODE,576,0,576,814.16,16.98,1
14138,EXTEND,7,4998,0,722.14,30.51,1
14139,DECODE,580,0,580,805.03,17.06,1
14140,EXTEND,5,3526,0,711.20,26.32,1
14141,DECODE,584,0,584,802.22,16.95,1
14142,EXTEND,5,3006,0,613.80,22.88,1
14143,DECODE,588,0,588,798.63,16.99,1
14144,EXTEND,4,2344,0,591.25,21.27,1
14145,DECODE,590,0,590,792.26,17.06,1
14146,EXTEND,4,2336,0,590.25,22.97,1
14147,DECODE,593,0,593,788.91,17.07,1
14148,EXTEND,3,2533,0,850.00,22.93,1
14149,DECODE,591,0,591,775.25,17.24,1
14150,EXTEND,7,1943,0,282.71,22.29,1
14151,DECODE,596,0,596,764.48,16.87,1
14152,EXTEND,5,4383,0,881.40,27.62,1
14153,DECODE,598,0,598,757.45,17.15,1
14154,EXTEND,6,5271,0,886.00,32.10,1
14155,DECODE,599,0,599,744.70,17.63,1
14156,EXTEND,7,5597,0,806.14,33.90,1
14157,DECODE,605,0,605,743.41,17.48,1
14158,EXTEND,6,4529,0,764.17,27.92,1
14159,DECODE,610,0,610,741.64,17.45,1
14160,EXTEND,4,2777,0,702.00,21.80,1
14161,DECODE,612,0,612,736.44,16.97,1
14162,EXTEND,5,2956,0,596.00,24.14,1
14163,DECODE,617,0,617,736.31,17.15,1
14164,DECODE,617,0,617,737.31,16.65,1
14165,DECODE,616,0,616,735.35,16.95,1
14166,EXTEND,8,6922,0,872.12,39.88,1
14167,DECODE,614,0,614,708.42,18.41,1
14168,EXTEND,9,6129,0,690.11,36.87,1
14169,DECODE,621,0,621,703.19,17.55,1
14170,EXTEND,7,4293,0,620.00,26.41,1
14171,DECODE,626,0,626,697.33,17.98,1
14172,EXTEND,6,4108,0,691.83,26.30,1
14173,DECODE,631,0,631,695.33,17.31,1
14174,EXTEND,5,2490,0,504.00,23.78,1
14175,DECODE,631,0,631,680.05,17.22,1
14176,EXTEND,7,4460,0,644.71,28.37,1
14177,DECODE,636,0,636,674.75,17.37,1
14178,EXTEND,6,5551,0,930.17,40.84,1
14179,DECODE,639,0,639,669.30,22.81,1
14180,EXTEND,6,3806,0,647.50,31.59,1
14181,DECODE,643,0,643,664.22,23.59,1
14182,EXTEND,5,4116,0,831.00,26.53,1
14183,DECODE,646,0,646,660.65,17.46,1
14184,EXTEND,6,3021,0,509.17,24.79,1
14185,DECODE,647,0,647,645.57,17.61,1
14186,EXTEND,7,6965,0,1003.29,40.36,1
14187,DECODE,654,0,654,650.40,17.83,1
14188,DECODE,654,0,654,651.40,17.24,1
14189,DECODE,653,0,653,649.48,17.31,1
14190,EXTEND,8,8192,0,1031.75,46.96,1
14191,EXTEND,7,5298,0,853.71,33.36,1
14192,DECODE,661,0,661,639.95,17.61,1
14193,EXTEND,4,5936,0,1497.50,35.73,1
14194,DECODE,658,0,658,625.74,18.03,1
14195,EXTEND,8,6482,0,816.25,38.43,1
14196,DECODE,661,0,661,614.43,18.58,1
14197,EXTEND,11,920,0,89.64,16.19,1
14198,DECODE,670,0,670,601.01,17.40,1
14199,EXTEND,10,713,0,78.50,15.89,1
14200,DECODE,676,0,676,584.86,17.64,1
14201,EXTEND,11,1349,0,128.64,20.71,1
14202,DECODE,685,0,685,572.77,17.82,1
14203,EXTEND,9,876,0,104.33,16.24,1
14204,DECODE,690,0,690,556.14,17.36,1
14205,EXTEND,11,835,0,82.73,16.06,1
14206,DECODE,699,0,699,543.96,17.35,1
14207,EXTEND,10,678,0,74.90,18.69,1
14208,DECODE,707,0,707,532.63,18.46,1
14209,EXTEND,9,569,0,67.78,16.12,1
14210,DECODE,715,0,715,524.94,17.56,1
14211,EXTEND,7,527,0,81.00,16.11,1
14212,DECODE,719,0,719,513.13,17.86,1
14213,EXTEND,8,804,0,106.62,15.92,1
14214,DECODE,724,0,724,501.17,17.37,1
14215,EXTEND,9,608,0,74.00,16.12,1
14216,DECODE,732,0,732,494.10,17.03,1
14217,EXTEND,8,637,0,88.00,15.90,1
14218,DECODE,737,0,737,482.29,17.64,1
14219,EXTEND,9,1012,0,118.11,18.57,1
14220,DECODE,745,0,745,476.10,17.16,1
14221,EXTEND,7,661,0,99.71,15.78,1
14222,DECODE,751,0,751,470.82,17.61,1
14223,EXTEND,6,747,0,135.33,16.20,1
14224,DECODE,757,0,757,469.16,17.26,1
14225,DECODE,757,0,757,470.16,17.40,1
14226,DECODE,752,0,752,457.27,17.28,1
14227,EXTEND,11,867,0,86.82,16.31,1
14228,DECODE,762,0,762,450.16,17.45,1
14229,EXTEND,9,865,0,103.67,15.98,1
14230,DECODE,770,0,770,444.37,17.44,1
14231,EXTEND,7,328,0,52.71,16.68,1
14232,DECODE,776,0,776,439.11,17.27,1
14233,EXTEND,7,438,0,71.43,20.51,1
14234,DECODE,783,0,783,436.83,17.28,1
14235,DECODE,783,0,783,437.83,17.23,1
14236,DECODE,783,0,783,438.83,17.41,1
14237,DECODE,783,0,783,439.83,17.45,1
14238,DECODE,780,0,780,432.67,17.46,1
14239,EXTEND,12,1355,0,119.17,20.48,1
14240,DECODE,789,0,789,420.82,17.51,1
14241,EXTEND,9,557,0,69.44,16.04,1
14242,DECODE,798,0,798,417.85,17.40,1
14243,DECODE,798,0,798,418.85,17.64,1
14244,DECODE,798,0,798,419.85,17.37,1
14245,DECODE,798,0,798,420.85,17.69,1
14246,DECODE,796,0,796,416.48,17.75,1
14247,EXTEND,11,568,0,59.36,16.31,1
14248,DECODE,807,0,807,412.61,17.60,1
14249,DECODE,807,0,807,413.61,17.45,1
14250,DECODE,807,0,807,414.61,17.61,1
14251,DECODE,806,0,806,412.95,17.47,1
14252,EXTEND,11,1068,0,103.09,15.79,1
14253,DECODE,817,0,817,409.78,17.48,1
14254,DECODE,817,0,817,410.78,17.48,1
14255,DECODE,817,0,817,411.78,17.68,1
14256,DECODE,817,0,817,412.78,16.98,1
14257,DECODE,817,0,817,413.78,17.31,1
14258,DECODE,816,0,816,412.15,17.14,1
14259,EXTEND,11,1258,0,122.64,21.19,1
14260,DECODE,826,0,826,406.69,17.47,1
14261,EXTEND,9,665,0,80.56,15.96,1
14262,DECODE,835,0,835,404.18,17.39,1
14263,DECODE,835,0,835,405.18,17.15,1
14264,DECODE,835,0,835,406.18,17.40,1
14265,DECODE,835,0,835,407.18,17.34,1
14266,DECODE,835,0,835,408.18,17.46,1
14267,DECODE,834,0,834,406.60,17.23,1
14268,EXTEND,11,1446,0,138.45,21.26,1
14269,DECODE,845,0,845,404.11,20.26,1
14270,DECODE,845,0,845,405.11,18.23,1
14271,DECODE,845,0,845,406.11,17.22,1
14272,DECODE,845,0,845,407.11,17.21,1
14273,DECODE,845,0,845,408.11,17.36,1
14274,DECODE,845,0,845,409.11,17.55,1
14275,DECODE,844,0,844,408.25,17.27,1
14276,EXTEND,11,1385,0,132.45,15.86,1
14277,DECODE,855,0,855,405.70,17.47,1
14278,DECODE,855,0,855,406.70,18.18,1
14279,DECODE,855,0,855,407.70,17.54,1
14280,DECODE,855,0,855,408.70,17.68,1
14281,DECODE,855,0,855,409.70,17.61,1
14282,DECODE,855,0,855,410.70,17.78,1
14283,DECODE,855,0,855,411.70,17.65,1
14284,DECODE,855,0,855,412.70,17.52,1
14285,DECODE,855,0,855,413.70,17.60,1
14286,DECODE,854,0,854,413.52,23.29,1
14287,EXTEND,14,1155,0,88.93,21.04,1
14288,DECODE,868,0,868,409.28,17.62,1
14289,DECODE,868,0,868,410.28,17.43,1
14290,DECODE,868,0,868,411.28,17.65,1
14291,DECODE,868,0,868,412.28,17.76,1
14292,DECODE,868,0,868,413.28,17.47,1
14293,DECODE,868,0,868,414.28,17.56,1
14294,DECODE,868,0,868,415.28,17.30,1
14295,DECODE,868,0,868,416.28,17.52,1
14296,DECODE,868,0,868,417.28,17.42,1
14297,DECODE,868,0,868,418.28,17.49,1
14298,DECODE,868,0,868,419.28,17.47,1
14299,DECODE,868,0,868,420.28,17.36,1
14300,DECODE,868,0,868,421.28,17.41,1
14301,DECODE,868,0,868,422.28,17.49,1
14302,DECODE,868,0,868,423.28,17.32,1
14303,DECODE,868,0,868,424.28,17.62,1
14304,DECODE,868,0,868,425.28,17.32,1
14305,DECODE,868,0,868,426.28,17.49,1
14306,DECODE,868,0,868,427.28,17.65,1
14307,DECODE,868,0,868,428.28,17.57,1
14308,DECODE,868,0,868,429.28,17.38,1
14309,DECODE,868,0,868,430.28,17.90,1
14310,DECODE,867,0,867,429.51,18.13,1
14311,EXTEND,22,2088,0,102.82,24.85,1
14312,DECODE,889,0,889,422.42,17.62,1
14313,DECODE,889,0,889,423.42,17.69,1
14314,DECODE,889,0,889,424.42,17.91,1
14315,DECODE,889,0,889,425.42,17.92,1
14316,DECODE,889,0,889,426.42,17.75,1
14317,DECODE,889,0,889,427.42,17.78,1
14318,DECODE,889,0,889,428.42,18.18,1
14319,DECODE,889,0,889,429.42,17.57,1
14320,DECODE,889,0,889,430.42,17.66,1
14321,DECODE,889,0,889,431.42,17.67,1
14322,DECODE,889,0,889,432.42,17.63,1
14323,DECODE,889,0,889,433.42,17.91,1
14324,DECODE,889,0,889,434.42,17.69,1
14325,DECODE,889,0,889,435.42,17.81,1
14326,DECODE,889,0,889,436.42,17.59,1
14327,DECODE,889,0,889,437.42,17.86,1
14328,DECODE,889,0,889,438.42,17.63,1
14329,DECODE,889,0,889,439.42,17.96,1
14330,DECODE,889,0,889,440.42,17.71,1
14331,DECODE,889,0,889,441.42,17.89,1
14332,DECODE,889,0,889,442.42,17.98,1
14333,DECODE,889,0,889,443.42,17.79,1
14334,DECODE,889,0,889,444.42,17.78,1
14335,DECODE,889,0,889,445.42,17.56,1
14336,DECODE,889,0,889,446.42,17.79,1
14337,DECODE,889,0,889,447.42,17.61,1
14338,DECODE,889,0,889,448.42,17.60,1
14339,DECODE,889,0,889,449.42,17.65,1
14340,DECODE,889,0,889,450.42,17.68,1
14341,DECODE,889,0,889,451.42,17.80,1
14342,DECODE,889,0,889,452.42,17.53,1
14343,DECODE,889,0,889,453.42,17.31,1
14344,DECODE,889,0,889,454.42,17.54,1
14345,DECODE,889,0,889,455.42,17.69,1
14346,DECODE,889,0,889,456.42,17.87,1
14347,DECODE,889,0,889,457.42,17.75,1
14348,DECODE,889,0,889,458.42,17.70,1
14349,DECODE,889,0,889,459.42,17.82,1
14350,DECODE,889,0,889,460.42,17.76,1
14351,DECODE,889,0,889,461.42,17.82,1
14352,DECODE,889,0,889,462.42,17.66,1
14353,DECODE,889,0,889,463.42,18.05,1
14354,DECODE,889,0,889,464.42,17.79,1
14355,DECODE,889,0,889,465.42,17.88,1
14356,DECODE,889,0,889,466.42,17.56,1
14357,DECODE,889,0,889,467.42,17.77,1
14358,DECODE,889,0,889,468.42,17.56,1
14359,DECODE,889,0,889,469.42,17.78,1
14360,DECODE,889,0,889,470.42,17.63,1
14361,DECODE,889,0,889,471.42,17.60,1
14362,DECODE,889,0,889,472.42,17.54,1
14363,DECODE,889,0,889,473.42,17.74,1
14364,DECODE,889,0,889,474.42,18.18,1
14365,DECODE,889,0,889,475.42,18.00,1
14366,DECODE,889,0,889,476.42,17.57,1
14367,DECODE,889,0,889,477.42,17.81,1
14368,DECODE,889,0,889,478.42,17.56,1
14369,DECODE,889,0,889,479.42,17.69,1
14370,DECODE,889,0,889,480.42,17.76,1
14371,DECODE,889,0,889,481.42,17.90,1
14372,DECODE,889,0,889,482.42,17.66,1
14373,DECODE,889,0,889,483.42,17.83,1
14374,DECODE,889,0,889,484.42,17.56,1
14375,DECODE,889,0,889,485.42,17.64,1
14376,DECODE,889,0,889,486.42,19.17,1
14377,DECODE,889,0,889,487.42,17.49,1
14378,DECODE,889,0,889,488.42,17.64,1
14379,DECODE,889,0,889,489.42,17.61,1
14380,DECODE,889,0,889,490.42,17.47,1
14381,DECODE,889,0,889,491.42,17.46,1
14382,DECODE,889,0,889,492.42,17.57,1
14383,DECODE,889,0,889,493.42,17.73,1
14384,DECODE,889,0,889,494.42,17.45,1
14385,DECODE,889,0,889,495.42,17.52,1
14386,DECODE,889,0,889,496.42,17.60,1
14387,DECODE,889,0,889,497.42,17.75,1
14388,DECODE,889,0,889,498.42,17.45,1
14389,DECODE,889,0,889,499.42,17.78,1
14390,DECODE,889,0,889,500.42,17.62,1
14391,DECODE,889,0,889,501.42,17.62,1
14392,DECODE,889,0,889,502.42,17.85,1
14393,DECODE,889,0,889,503.42,17.77,1
14394,DECODE,889,0,889,504.42,17.62,1
14395,DECODE,889,0,889,505.42,17.72,1
14396,DECODE,889,0,889,506.42,17.55,1
14397,DECODE,889,0,889,507.42,17.59,1
14398,DECODE,889,0,889,508.42,17.54,1
14399,DECODE,889,0,889,509.42,19.62,1
14400,DECODE,889,0,889,510.42,17.70,1
14401,DECODE,889,0,889,511.42,17.82,1
14402,DECODE,889,0,889,512.42,17.39,1
14403,DECODE,889,0,889,513.42,18.36,1
14404,DECODE,889,0,889,514.42,17.82,1
14405,DECODE,889,0,889,515.42,17.53,1
14406,DECODE,889,0,889,516.42,17.76,1
14407,DECODE,889,0,889,517.42,17.93,1
14408,DECODE,889,0,889,518.42,17.67,1
14409,DECODE,889,0,889,519.42,17.58,1
14410,DECODE,889,0,889,520.42,17.81,1
14411,DECODE,889,0,889,521.42,17.69,1
14412,DECODE,889,0,889,522.42,17.69,1
14413,DECODE,889,0,889,523.42,17.60,1
14414,DECODE,889,0,889,524.42,17.59,1
14415,DECODE,889,0,889,525.42,17.62,1
14416,DECODE,889,0,889,526.42,17.67,1
14417,DECODE,889,0,889,527.42,17.65,1
14418,DECODE,889,0,889,528.42,17.57,1
14419,DECODE,889,0,889,529.42,17.79,1
14420,DECODE,889,0,889,530.42,17.50,1
14421,DECODE,889,0,889,531.42,17.66,1
14422,DECODE,889,0,889,532.42,17.53,1
14423,DECODE,889,0,889,533.42,17.72,1
14424,DECODE,889,0,889,534.42,17.56,1
14425,DECODE,889,0,889,535.42,17.57,1
14426,DECODE,889,0,889,536.42,17.58,1
14427,DECODE,889,0,889,537.42,17.75,1
14428,DECODE,889,0,889,538.42,17.69,1
14429,DECODE,889,0,889,539.42,20.56,1
14430,DECODE,889,0,889,540.42,18.00,1
14431,DECODE,889,0,889,541.42,17.80,1
14432,DECODE,889,0,889,542.42,17.75,1
14433,DECODE,889,0,889,543.42,18.01,1
14434,DECODE,889,0,889,544.42,17.93,1
14435,DECODE,889,0,889,545.42,17.96,1
14436,DECODE,889,0,889,546.42,17.83,1
14437,DECODE,889,0,889,547.42,17.94,1
14438,DECODE,889,0,889,548.42,17.91,1
14439,DECODE,889,0,889,549.42,17.98,1
14440,DECODE,889,0,889,550.42,17.76,1
14441,DECODE,889,0,889,551.42,18.03,1
14442,DECODE,889,0,889,552.42,18.02,1
14443,DECODE,889,0,889,553.42,17.98,1
14444,DECODE,889,0,889,554.42,17.87,1
14445,DECODE,889,0,889,555.42,17.87,1
14446,DECODE,889,0,889,556.42,17.90,1
14447,DECODE,889,0,889,557.42,17.95,1
14448,DECODE,889,0,889,558.42,17.82,1
14449,DECODE,889,0,889,559.42,18.05,1
14450,DECODE,889,0,889,560.42,17.95,1
14451,DECODE,889,0,889,561.42,18.03,1
14452,DECODE,889,0,889,562.42,17.81,1
14453,DECODE,889,0,889,563.42,17.95,1
14454,DECODE,889,0,889,564.42,17.94,1
14455,DECODE,889,0,889,565.42,18.23,1
14456,DECODE,889,0,889,566.42,18.30,1
14457,DECODE,889,0,889,567.42,18.16,1
14458,DECODE,889,0,889,568.42,18.22,1
14459,DECODE,889,0,889,569.42,18.22,1
14460,DECODE,889,0,889,570.42,18.03,1
14461,DECODE,889,0,889,571.42,18.10,1
14462,DECODE,889,0,889,572.42,18.06,1
14463,DECODE,889,0,889,573.42,18.12,1
14464,DECODE,889,0,889,574.42,18.36,1
14465,DECODE,889,0,889,575.42,18.36,1
14466,DECODE,889,0,889,576.42,17.90,1
14467,DECODE,889,0,889,577.42,20.81,1
14468,DECODE,889,0,889,578.42,18.23,1
14469,DECODE,889,0,889,579.42,18.50,1
14470,DECODE,889,0,889,580.42,18.18,1
14471,DECODE,889,0,889,581.42,18.24,1
14472,DECODE,889,0,889,582.42,19.70,1
14473,DECODE,889,0,889,583.42,18.02,1
14474,DECODE,888,0,888,583.92,17.72,1
14475,EXTEND,53,4463,0,90.64,28.49,1
14476,DECODE,941,0,941,557.14,20.61,1
14477,DECODE,941,0,941,558.14,18.58,1
14478,DECODE,941,0,941,559.14,18.64,1
14479,DECODE,941,0,941,560.14,18.60,1
14480,DECODE,941,0,941,561.14,18.63,1
14481,DECODE,941,0,941,562.14,18.77,1
14482,DECODE,941,0,941,563.14,18.70,1
14483,DECODE,941,0,941,564.14,18.65,1
14484,DECODE,941,0,941,565.14,18.91,1
14485,DECODE,941,0,941,566.14,18.58,1
14486,DECODE,941,0,941,567.14,18.43,1
14487,DECODE,941,0,941,568.14,18.49,1
14488,DECODE,941,0,941,569.14,18.56,1
14489,DECODE,941,0,941,570.14,18.61,1
14490,DECODE,941,0,941,571.14,18.55,1
14491,DECODE,941,0,941,572.14,18.57,1
14492,DECODE,941,0,941,573.14,18.60,1
14493,DECODE,941,0,941,574.14,18.61,1
14494,DECODE,941,0,941,575.14,18.67,1
14495,DECODE,941,0,941,576.14,18.54,1
14496,DECODE,941,0,941,577.14,18.59,1
14497,DECODE,941,0,941,578.14,18.76,1
14498,DECODE,941,0,941,579.14,18.97,1
14499,DECODE,941,0,941,580.14,18.61,1
14500,DECODE,941,0,941,581.14,18.70,1
14501,DECODE,941,0,941,582.14,20.06,1
14502,DECODE,941,0,941,583.14,18.72,1
14503,DECODE,941,0,941,584.14,18.64,1
14504,DECODE,941,0,941,585.14,18.76,1
14505,DECODE,941,0,941,586.14,18.75,1
14506,DECODE,941,0,941,587.14,18.62,1
14507,DECODE,941,0,941,588.14,18.51,1
14508,DECODE,941,0,941,589.14,18.71,1
14509,DECODE,941,0,941,590.14,18.71,1
14510,DECODE,941,0,941,591.14,18.75,1
14511,DECODE,941,0,941,592.14,18.60,1
14512,DECODE,941,0,941,593.14,18.75,1
14513,DECODE,941,0,941,594.14,18.77,1
14514,DECODE,941,0,941,595.14,18.73,1
14515,DECODE,941,0,941,596.14,18.75,1
14516,DECODE,941,0,941,597.14,18.82,1
14517,DECODE,941,0,941,598.14,18.79,1
14518,DECODE,941,0,941,599.14,18.72,1
14519,DECODE,941,0,941,600.14,18.77,1
14520,DECODE,941,0,941,601.14,18.91,1
14521,DECODE,941,0,941,602.14,18.86,1
14522,DECODE,941,0,941,603.14,18.88,1
14523,DECODE,941,0,941,604.14,18.82,1
14524,DECODE,941,0,941,605.14,18.97,1
14525,DECODE,941,0,941,606.14,21.25,1
14526,DECODE,941,0,941,607.14,18.87,1
14527,DECODE,941,0,941,608.14,19.01,1
14528,DECODE,941,0,941,609.14,19.16,1
14529,DECODE,941,0,941,610.14,19.25,1
14530,DECODE,941,0,941,611.14,19.20,1
14531,DECODE,941,0,941,612.14,19.09,1
14532,DECODE,941,0,941,613.14,19.19,1
14533,DECODE,941,0,941,614.14,19.28,1
14534,DECODE,941,0,941,615.14,19.17,1
14535,DECODE,941,0,941,616.14,19.10,1
14536,DECODE,941,0,941,617.14,19.21,1
14537,DECODE,941,0,941,618.14,19.10,1
14538,DECODE,941,0,941,619.14,19.17,1
14539,DECODE,941,0,941,620.14,19.17,1
14540,DECODE,941,0,941,621.14,19.29,1
14541,DECODE,941,0,941,622.14,19.52,1
14542,DECODE,941,0,941,623.14,19.25,1
14543,DECODE,941,0,941,624.14,19.12,1
14544,DECODE,941,0,941,625.14,19.30,1
14545,DECODE,941,0,941,626.14,19.19,1
14546,DECODE,941,0,941,627.14,19.10,1
14547,DECODE,941,0,941,628.14,19.12,1
14548,DECODE,941,0,941,629.14,19.20,1
14549,DECODE,941,0,941,630.14,19.15,1
14550,DECODE,941,0,941,631.14,19.14,1
14551,DECODE,941,0,941,632.14,19.25,1
14552,DECODE,941,0,941,633.14,19.29,1
14553,DECODE,941,0,941,634.14,19.15,1
14554,DECODE,941,0,941,635.14,19.22,1
14555,DECODE,941,0,941,636.14,19.27,1
14556,DECODE,941,0,941,637.14,19.33,1
14557,DECODE,941,0,941,638.14,19.33,1
14558,DECODE,941,0,941,639.14,19.35,1
14559,DECODE,941,0,941,640.14,19.48,1
14560,DECODE,941,0,941,641.14,19.61,1
14561,DECODE,941,0,941,642.14,19.40,1
14562,DECODE,941,0,941,643.14,19.39,1
14563,DECODE,941,0,941,644.14,19.90,1
14564,DECODE,941,0,941,645.14,19.43,1
14565,DECODE,940,0,940,645.30,19.35,1
14566,EXTEND,17,1336,0,92.59,23.96,1
14567,DECODE,957,0,957,636.48,19.77,1
14568,DECODE,957,0,957,637.48,19.53,1
14569,DECODE,957,0,957,638.48,19.60,1
14570,DECODE,957,0,957,639.48,19.56,1
14571,DECODE,957,0,957,640.48,20.09,1
14572,DECODE,957,0,957,641.48,19.68,1
14573,DECODE,957,0,957,642.48,19.53,1
14574,DECODE,957,0,957,643.48,19.60,1
14575,DECODE,957,0,957,644.48,19.66,1
14576,DECODE,957,0,957,645.48,19.59,1
14577,DECODE,957,0,957,646.48,19.66,1
14578,DECODE,957,0,957,647.48,19.64,1
14579,DECODE,957,0,957,648.48,19.62,1
14580,DECODE,957,0,957,649.48,19.56,1
14581,DECODE,957,0,957,650.48,20.77,1
14582,DECODE,957,0,957,651.48,19.72,1
14583,DECODE,957,0,957,652.48,20.02,1
14584,DECODE,957,0,957,653.48,19.68,1
14585,DECODE,957,0,957,654.48,19.61,1
14586,DECODE,957,0,957,655.48,19.53,1
14587,DECODE,957,0,957,656.48,19.63,1
14588,DECODE,957,0,957,657.48,19.76,1
14589,DECODE,957,0,957,658.48,19.66,1
14590,DECODE,957,0,957,659.48,19.73,1
14591,DECODE,957,0,957,660.48,19.89,1
14592,DECODE,957,0,957,661.48,19.85,1
14593,DECODE,957,0,957,662.48,19.87,1
14594,DECODE,957,0,957,663.48,19.76,1
14595,DECODE,957,0,957,664.48,19.98,1
14596,DECODE,957,0,957,665.48,20.06,1
14597,DECODE,957,0,957,666.48,19.89,1
14598,DECODE,957,0,957,667.48,19.92,1
14599,DECODE,957,0,957,668.48,20.06,1
14600,DECODE,957,0,957,669.48,20.11,1
14601,DECODE,957,0,957,670.48,20.04,1
14602,DECODE,957,0,957,671.48,19.86,1
14603,DECODE,957,0,957,672.48,20.09,1
14604,DECODE,957,0,957,673.48,19.91,1
14605,DECODE,957,0,957,674.48,19.96,1
14606,DECODE,957,0,957,675.48,20.17,1
14607,DECODE,957,0,957,676.48,20.06,1
14608,DECODE,957,0,957,677.48,20.00,1
14609,DECODE,956,0,956,677.73,20.20,1
14610,DECODE,956,0,956,678.73,19.87,1
14611,DECODE,956,0,956,679.73,19.78,1
14612,DECODE,956,0,956,680.73,19.83,1
14613,DECODE,956,0,956,681.73,19.79,1
14614,DECODE,956,0,956,682.73,19.99,1
14615,DECODE,956,0,956,683.73,19.86,1
14616,DECODE,956,0,956,684.73,21.00,1
14617,DECODE,956,0,956,685.73,19.88,1
14618,DECODE,956,0,956,686.73,19.88,1
14619,DECODE,956,0,956,687.73,20.08,1
14620,DECODE,956,0,956,688.73,19.86,1
14621,DECODE,956,0,956,689.73,19.87,1
14622,DECODE,956,0,956,690.73,19.94,1
14623,DECODE,956,0,956,691.73,19.94,1
14624,DECODE,956,0,956,692.73,19.97,1
14625,DECODE,956,0,956,693.73,19.95,1
14626,DECODE,956,0,956,694.73,19.94,1
14627,DECODE,956,0,956,695.73,19.97,1
14628,DECODE,956,0,956,696.73,20.16,1
14629,DECODE,956,0,956,697.73,20.07,1
14630,DECODE,956,0,956,698.73,20.04,1
14631,DECODE,956,0,956,699.73,19.95,1
14632,DECODE,956,0,956,700.73,19.99,1
14633,DECODE,956,0,956,701.73,19.95,1
14634,DECODE,956,0,956,702.73,20.18,1
14635,DECODE,956,0,956,703.73,19.92,1
14636,DECODE,956,0,956,704.73,19.87,1
14637,DECODE,956,0,956,705.73,20.26,1
14638,DECODE,956,0,956,706.73,20.63,1
14639,DECODE,956,0,956,707.73,20.19,1
14640,DECODE,956,0,956,708.73,20.04,1
14641,DECODE,956,0,956,709.73,20.00,1
14642,DECODE,956,0,956,710.73,20.02,1
14643,DECODE,956,0,956,711.73,20.05,1
14644,DECODE,956,0,956,712.73,20.08,1
14645,DECODE,956,0,956,713.73,20.08,1
14646,DECODE,956,0,956,714.73,20.19,1
14647,DECODE,956,0,956,715.73,20.02,1
14648,DECODE,956,0,956,716.73,20.05,1
14649,DECODE,956,0,956,717.73,20.03,1
14650,DECODE,956,0,956,718.73,20.07,1
14651,DECODE,956,0,956,719.73,20.08,1
14652,DECODE,956,0,956,720.73,20.14,1
14653,DECODE,956,0,956,721.73,20.15,1
14654,DECODE,956,0,956,722.73,20.26,1
14655,DECODE,956,0,956,723.73,20.29,1
14656,DECODE,956,0,956,724.73,20.19,1
14657,DECODE,956,0,956,725.73,20.25,1
14658,DECODE,956,0,956,726.73,20.10,1
14659,DECODE,956,0,956,727.73,20.37,1
14660,DECODE,956,0,956,728.73,20.35,1
14661,DECODE,956,0,956,729.73,20.37,1
14662,DECODE,956,0,956,730.73,20.39,1
14663,DECODE,956,0,956,731.73,20.44,1
14664,DECODE,956,0,956,732.73,20.44,1
14665,DECODE,956,0,956,733.73,20.47,1
14666,DECODE,956,0,956,734.73,20.45,1
14667,DECODE,956,0,956,735.73,20.47,1
14668,DECODE,956,0,956,736.73,20.51,1
14669,DECODE,956,0,956,737.73,20.57,1
14670,DECODE,956,0,956,738.73,20.48,1
14671,DECODE,956,0,956,739.73,20.53,1
14672,DECODE,956,0,956,740.73,20.48,1
14673,DECODE,956,0,956,741.73,20.60,1
14674,DECODE,956,0,956,742.73,20.41,1
14675,DECODE,956,0,956,743.73,20.48,1
14676,DECODE,956,0,956,744.73,20.48,1
14677,DECODE,956,0,956,745.73,20.38,1
14678,DECODE,956,0,956,746.73,20.30,1
14679,DECODE,956,0,956,747.73,20.37,1
14680,DECODE,956,0,956,748.73,20.43,1
14681,DECODE,956,0,956,749.73,20.51,1
14682,DECODE,956,0,956,750.73,20.47,1
14683,DECODE,956,0,956,751.73,20.53,1
14684,DECODE,956,0,956,752.73,20.47,1
14685,DECODE,956,0,956,753.73,20.42,1
14686,DECODE,956,0,956,754.73,20.59,1
14687,DECODE,956,0,956,755.73,20.55,1
14688,DECODE,956,0,956,756.73,20.65,1
14689,DECODE,956,0,956,757.73,20.70,1
14690,DECODE,956,0,956,758.73,20.57,1
14691,DECODE,956,0,956,759.73,20.66,1
14692,DECODE,956,0,956,760.73,20.66,1
14693,DECODE,956,0,956,761.73,20.61,1
14694,DECODE,955,0,955,761.71,20.77,1
14695,DECODE,954,0,954,760.83,27.11,1
14696,DECODE,953,0,953,760.66,21.18,1
14697,DECODE,953,0,953,761.66,20.89,1
14698,DECODE,953,0,953,762.66,20.96,1
14699,DECODE,953,0,953,763.66,20.94,1
14700,DECODE,953,0,953,764.66,22.74,1
14701,DECODE,953,0,953,765.66,21.02,1
14702,DECODE,953,0,953,766.66,21.06,1
14703,DECODE,953,0,953,767.66,21.08,1
14704,DECODE,953,0,953,768.66,21.19,1
14705,DECODE,952,0,952,767.78,20.63,1
14706,DECODE,952,0,952,768.78,20.53,1
14707,DECODE,952,0,952,769.78,20.62,1
14708,DECODE,952,0,952,770.78,20.51,1
14709,DECODE,952,0,952,771.78,20.68,1
14710,DECODE,952,0,952,772.78,20.55,1
14711,DECODE,952,0,952,773.78,20.66,1
14712,DECODE,952,0,952,774.78,20.58,1
14713,DECODE,952,0,952,775.78,20.69,1
14714,DECODE,952,0,952,776.78,20.68,1
14715,DECODE,952,0,952,777.78,20.66,1
14716,DECODE,952,0,952,778.78,22.66,1
14717,DECODE,952,0,952,779.78,20.99,1
14718,DECODE,952,0,952,780.78,20.96,1
14719,DECODE,952,0,952,781.78,21.03,1
14720,DECODE,952,0,952,782.78,21.09,1
14721,DECODE,952,0,952,783.78,21.09,1
14722,DECODE,951,0,951,782.91,21.43,1
14723,DECODE,951,0,951,783.91,21.48,1
14724,DECODE,951,0,951,784.91,21.25,1
14725,DECODE,951,0,951,785.91,21.25,1
14726,DECODE,951,0,951,786.91,21.33,1
14727,DECODE,951,0,951,787.91,21.42,1
14728,DECODE,951,0,951,788.91,21.23,1
14729,DECODE,951,0,951,789.91,21.55,1
14730,DECODE,951,0,951,790.91,21.45,1
14731,DECODE,951,0,951,791.91,21.47,1
14732,DECODE,951,0,951,792.91,21.40,1
14733,DECODE,951,0,951,793.91,21.56,1
14734,DECODE,951,0,951,794.91,21.47,1
14735,DECODE,951,0,951,795.91,21.40,1
14736,DECODE,950,0,950,796.44,21.48,1
14737,DECODE,950,0,950,797.44,21.73,1
14738,DECODE,950,0,950,798.44,21.47,1
14739,DECODE,950,0,950,799.44,21.37,1
14740,DECODE,950,0,950,800.44,21.48,1
14741,DECODE,950,0,950,801.44,21.49,1
14742,DECODE,950,0,950,802.44,22.92,1
14743,DECODE,950,0,950,803.44,21.79,1
14744,DECODE,950,0,950,804.44,21.19,1
14745,DECODE,950,0,950,805.44,21.30,1
14746,DECODE,950,0,950,806.44,21.20,1
14747,DECODE,950,0,950,807.44,21.20,1
14748,DECODE,950,0,950,808.44,21.27,1
14749,DECODE,950,0,950,809.44,21.41,1
14750,DECODE,950,0,950,810.44,21.54,1
14751,DECODE,950,0,950,811.44,22.35,1
14752,DECODE,950,0,950,812.44,21.38,1
14753,DECODE,950,0,950,813.44,21.38,1
14754,DECODE,950,0,950,814.44,21.47,1
14755,DECODE,950,0,950,815.44,21.33,1
14756,DECODE,950,0,950,816.44,21.34,1
14757,DECODE,950,0,950,817.44,21.43,1
14758,DECODE,950,0,950,818.44,21.53,1
14759,DECODE,950,0,950,819.44,21.42,1
14760,DECODE,950,0,950,820.44,21.36,1
14761,DECODE,950,0,950,821.44,21.44,1
14762,DECODE,950,0,950,822.44,21.57,1
14763,DECODE,950,0,950,823.44,28.65,1
14764,DECODE,950,0,950,824.44,30.06,1
14765,DECODE,950,0,950,825.44,21.60,1
14766,DECODE,950,0,950,826.44,21.50,1
14767,DECODE,950,0,950,827.44,21.31,1
14768,DECODE,950,0,950,828.44,21.26,1
14769,DECODE,950,0,950,829.44,21.35,1
14770,DECODE,950,0,950,830.44,21.33,1
14771,DECODE,950,0,950,831.44,21.32,1
14772,DECODE,950,0,950,832.44,21.70,1
14773,DECODE,950,0,950,833.44,21.46,1
14774,DECODE,950,0,950,834.44,21.55,1
14775,DECODE,950,0,950,835.44,21.44,1
14776,DECODE,950,0,950,836.44,21.34,1
14777,DECODE,950,0,950,837.44,30.98,1
14778,DECODE,950,0,950,838.44,27.56,1
14779,DECODE,950,0,950,839.44,21.61,1
14780,DECODE,950,0,950,840.44,21.64,1
14781,DECODE,950,0,950,841.44,21.72,1
14782,DECODE,950,0,950,842.44,21.87,1
14783,DECODE,950,0,950,843.44,21.73,1
14784,DECODE,949,0,949,843.38,21.80,1
14785,DECODE,949,0,949,844.38,22.12,1
14786,DECODE,949,0,949,845.38,29.08,1
14787,DECODE,949,0,949,846.38,26.37,1
14788,DECODE,949,0,949,847.38,21.99,1
14789,DECODE,949,0,949,848.38,22.01,1
14790,DECODE,949,0,949,849.38,22.08,1
14791,DECODE,948,0,948,848.58,26.84,1
14792,DECODE,948,0,948,849.58,22.12,1
14793,DECODE,948,0,948,850.58,21.86,1
14794,DECODE,948,0,948,851.58,21.90,1
14795,DECODE,948,0,948,852.58,21.92,1
14796,DECODE,948,0,948,853.58,21.93,1
14797,DECODE,948,0,948,854.58,22.09,1
14798,DECODE,948,0,948,855.58,21.88,1
14799,DECODE,948,0,948,856.58,21.77,1
14800,DECODE,948,0,948,857.58,21.68,1
14801,DECODE,948,0,948,858.58,21.83,1
14802,DECODE,948,0,948,859.58,21.81,1
14803,DECODE,948,0,948,860.58,21.90,1
14804,DECODE,948,0,948,861.58,21.85,1
14805,DECODE,948,0,948,862.58,21.92,1
14806,DECODE,948,0,948,863.58,21.83,1
14807,DECODE,948,0,948,864.58,21.81,1
14808,DECODE,948,0,948,865.58,21.87,1
14809,DECODE,948,0,948,866.58,22.03,1
14810,DECODE,948,0,948,867.58,22.37,1
14811,DECODE,948,0,948,868.58,21.85,1
14812,DECODE,948,0,948,869.58,21.68,1
14813,DECODE,948,0,948,870.58,21.80,1
14814,DECODE,948,0,948,871.58,21.77,1
14815,DECODE,945,0,945,874.01,22.34,1
14816,DECODE,943,0,943,876.08,22.07,1
14817,DECODE,940,0,940,878.78,22.30,1
14818,DECODE,937,0,937,881.56,22.10,1
14819,DECODE,936,0,936,881.90,21.82,1
14820,DECODE,935,0,935,883.51,22.52,1
14821,DECODE,932,0,932,886.35,27.51,1
14822,DECODE,929,0,929,888.78,21.99,1
14823,DECODE,928,0,928,889.97,21.86,1
14824,DECODE,926,0,926,891.68,22.08,1
14825,DECODE,925,0,925,893.09,27.43,1
14826,DECODE,923,0,923,894.94,21.99,1
14827,DECODE,921,0,921,896.88,21.76,1
14828,DECODE,919,0,919,898.84,21.69,1
14829,DECODE,917,0,917,900.82,22.01,1
14830,DECODE,915,0,915,902.82,21.98,1
14831,DECODE,912,0,912,905.34,21.54,1
14832,DECODE,910,0,910,907.37,21.82,1
14833,DECODE,908,0,908,909.41,21.54,1
14834,DECODE,906,0,906,911.46,21.57,1
14835,DECODE,904,0,904,913.52,21.59,1
14836,DECODE,902,0,902,915.59,21.66,1
14837,DECODE,900,0,900,917.68,27.19,1
14838,DECODE,898,0,898,919.78,21.81,1
14839,DECODE,895,0,895,922.44,26.42,1
14840,DECODE,893,0,893,924.55,21.50,1
14841,DECODE,891,0,891,926.68,21.52,1
14842,DECODE,889,0,889,928.82,21.58,1
14843,DECODE,887,0,887,930.97,21.66,1
14844,DECODE,885,0,885,933.14,21.65,1
14845,DECODE,883,0,883,935.32,22.45,1
14846,DECODE,881,0,881,932.63,21.74,1
14847,DECODE,881,0,881,933.63,21.60,1
14848,DECODE,881,0,881,934.63,21.59,1
14849,DECODE,881,0,881,935.63,21.67,1
14850,DECODE,881,0,881,936.63,21.70,1
14851,DECODE,880,0,880,938.22,21.29,1
14852,DECODE,878,0,878,940.41,21.43,1
14853,DECODE,876,0,876,942.62,21.43,1
14854,DECODE,874,0,874,944.26,21.57,1
14855,DECODE,873,0,873,945.41,21.56,1
14856,DECODE,872,0,872,946.62,21.34,1
14857,DECODE,871,0,871,947.91,21.52,1
14858,DECODE,869,0,869,949.58,21.51,1
14859,DECODE,868,0,868,950.93,21.12,1
14860,DECODE,867,0,867,952.30,21.38,1
14861,DECODE,865,0,865,954.07,21.56,1
14862,DECODE,864,0,864,955.45,21.48,1
14863,DECODE,863,0,863,954.59,21.48,1
14864,DECODE,863,0,863,955.59,21.41,1
14865,DECODE,863,0,863,956.59,21.44,1
14866,DECODE,861,0,861,958.36,21.76,1
14867,DECODE,860,0,860,959.76,21.21,1
14868,DECODE,859,0,859,961.17,21.63,1
14869,DECODE,857,0,857,962.99,21.58,1
14870,DECODE,856,0,856,964.40,21.18,1
14871,DECODE,854,0,854,966.24,21.36,1
14872,DECODE,853,0,853,966.81,21.58,1
14873,DECODE,853,0,853,967.81,21.53,1
14874,DECODE,851,0,851,969.67,21.68,1
14875,DECODE,850,0,850,970.77,21.56,1
14876,DECODE,849,0,849,972.06,21.51,1
14877,DECODE,848,0,848,973.38,21.26,1
14878,DECODE,847,0,847,974.73,21.57,1
14879,DECODE,845,0,845,976.47,21.47,1
14880,DECODE,844,0,844,977.84,21.21,1
14881,DECODE,843,0,843,979.22,21.51,1
14882,DECODE,841,0,841,981.00,21.44,1
14883,DECODE,840,0,840,982.39,21.26,1
14884,DECODE,839,0,839,983.80,21.55,1
14885,DECODE,837,0,837,985.63,21.57,1
14886,DECODE,836,0,836,986.67,21.25,1
14887,DECODE,835,0,835,987.86,21.49,1
14888,DECODE,834,0,834,989.08,21.42,1
14889,DECODE,833,0,833,990.40,21.46,1
14890,DECODE,832,0,832,991.72,21.42,1
14891,DECODE,831,0,831,993.05,21.27,1
14892,DECODE,830,0,830,994.38,21.27,1
14893,DECODE,829,0,829,995.73,21.54,1
14894,DECODE,827,0,827,997.52,21.35,1
14895,DECODE,826,0,826,998.94,21.16,1
14896,DECODE,825,0,825,999.98,21.14,1
14897,DECODE,824,0,824,1001.11,25.24,1
14898,DECODE,823,0,823,1002.26,21.31,1
14899,DECODE,822,0,822,1003.54,21.27,1
14900,DECODE,821,0,821,1004.87,21.29,1
14901,DECODE,820,0,820,1006.24,21.03,1
14902,DECODE,819,0,819,1007.61,21.23,1
14903,DECODE,818,0,818,1008.99,21.22,1
14904,DECODE,816,0,816,1010.76,20.89,1
14905,DECODE,815,0,815,1012.16,21.14,1
14906,DECODE,814,0,814,1013.47,21.11,1
14907,DECODE,813,0,813,1014.79,21.06,1
14908,DECODE,812,0,812,1016.12,20.74,1
14909,DECODE,811,0,811,1017.48,21.31,1
14910,DECODE,809,0,809,1016.06,21.23,1
14911,DECODE,809,0,809,1017.06,21.17,1
14912,DECODE,809,0,809,1018.06,21.10,1
14913,DECODE,809,0,809,1019.06,21.32,1
14914,DECODE,809,0,809,1020.06,21.25,1
14915,DECODE,808,0,808,1021.42,20.85,1
14916,DECODE,806,0,806,1023.18,21.34,1
14917,DECODE,805,0,805,1024.59,21.03,1
14918,DECODE,804,0,804,1026.00,20.88,1
14919,DECODE,803,0,803,1026.89,21.14,1
14920,DECODE,802,0,802,1028.09,21.06,1
14921,DECODE,801,0,801,1028.38,21.19,1
14922,DECODE,799,0,799,1025.55,20.98,1
14923,DECODE,799,0,799,1026.55,21.02,1
14924,DECODE,799,0,799,1027.55,20.94,1
14925,DECODE,799,0,799,1028.55,20.73,1
14926,DECODE,799,0,799,1029.55,20.90,1
14927,DECODE,799,0,799,1030.55,20.85,1
14928,DECODE,799,0,799,1031.55,20.76,1
14929,DECODE,799,0,799,1032.55,20.98,1
14930,DECODE,798,0,798,1033.83,20.94,1
14931,DECODE,797,0,797,1035.13,21.11,1
14932,DECODE,796,0,796,1036.49,20.85,1
14933,DECODE,795,0,795,1037.86,21.15,1
14934,DECODE,794,0,794,1039.24,21.18,1
14935,DECODE,793,0,793,1040.63,21.14,1
14936,DECODE,791,0,791,1042.48,21.16,1
14937,DECODE,790,0,790,1043.91,21.01,1
14938,DECODE,789,0,789,1044.36,21.15,1
14939,DECODE,789,0,789,1045.36,21.10,1
14940,DECODE,788,0,788,1046.56,20.51,1
14941,DECODE,787,0,787,1047.80,22.82,1
14942,DECODE,786,0,786,1049.11,20.92,1
14943,DECODE,785,0,785,1049.66,21.04,1
14944,DECODE,785,0,785,1050.66,20.97,1
14945,DECODE,784,0,784,1051.99,20.47,1
14946,DECODE,783,0,783,1053.33,20.83,1
14947,DECODE,782,0,782,1054.69,20.65,1
14948,DECODE,781,0,781,1056.06,20.83,1
14949,DECODE,780,0,780,1057.44,20.55,1
14950,DECODE,779,0,779,1058.83,20.83,1
14951,DECODE,778,0,778,1057.90,20.89,1
14952,DECODE,778,0,778,1058.90,20.74,1
14953,DECODE,778,0,778,1059.90,20.57,1
14954,DECODE,777,0,777,1061.29,20.72,1
14955,DECODE,776,0,776,1062.70,20.44,1
14956,DECODE,775,0,775,1064.05,20.74,1
14957,DECODE,774,0,774,1065.42,20.52,1
14958,DECODE,773,0,773,1066.79,20.87,1
14959,DECODE,772,0,772,1068.16,20.49,1
14960,DECODE,771,0,771,1069.56,20.88,1
14961,DECODE,770,0,770,1070.96,20.66,1
14962,DECODE,769,0,769,1072.37,21.01,1
14963,DECODE,768,0,768,1073.79,20.40,1
14964,DECODE,767,0,767,1075.21,20.82,1
14965,DECODE,766,0,766,1075.87,20.59,1
14966,DECODE,766,0,766,1076.87,20.59,1
14967,DECODE,765,0,765,1078.30,20.87,1
14968,DECODE,764,0,764,1079.74,20.44,1
14969,DECODE,763,0,763,1081.06,20.85,1
14970,DECODE,762,0,762,1082.40,20.61,1
14971,DECODE,761,0,761,1083.78,20.79,1
14972,DECODE,760,0,760,1085.15,20.33,1
14973,DECODE,759,0,759,1086.55,20.77,1
14974,DECODE,758,0,758,1087.96,20.59,1
14975,DECODE,757,0,757,1089.38,20.82,1
14976,DECODE,756,0,756,1090.80,20.35,1
14977,DECODE,755,0,755,1092.23,21.24,1
14978,DECODE,754,0,754,1093.32,20.74,1
14979,DECODE,753,0,753,1094.56,20.74,1
14980,DECODE,753,0,753,1095.56,20.64,1
14981,DECODE,752,0,752,1096.80,20.46,1
14982,DECODE,751,0,751,1098.10,20.74,1
14983,DECODE,750,0,750,1099.46,20.84,1
14984,DECODE,749,0,749,1098.51,20.78,1
14985,DECODE,749,0,749,1099.51,23.10,1
14986,DECODE,749,0,749,1100.51,20.83,1
14987,DECODE,748,0,748,1101.88,20.32,1
14988,DECODE,748,0,748,1102.88,20.39,1
14989,DECODE,747,0,747,1104.26,20.78,1
14990,DECODE,746,0,746,1105.64,20.76,1
14991,DECODE,745,0,745,1107.02,20.79,1
14992,DECODE,744,0,744,1108.41,20.42,1
14993,DECODE,743,0,743,1109.82,20.95,1
14994,DECODE,742,0,742,1111.24,20.72,1
14995,DECODE,741,0,741,1112.62,20.82,1
14996,DECODE,740,0,740,1114.01,20.48,1
14997,DECODE,739,0,739,1115.40,20.84,1
14998,DECODE,738,0,738,1116.80,20.67,1
14999,DECODE,737,0,737,1118.20,20.83,1
15000,DECODE,737,0,737,1119.20,20.99,1
15001,DECODE,736,0,736,1120.60,20.73,1
15002,DECODE,735,0,735,1122.01,20.89,1
15003,DECODE,734,0,734,1123.40,22.80,1
15004,DECODE,733,0,733,1124.82,20.96,1
15005,DECODE,732,0,732,1126.24,20.66,1
15006,DECODE,731,0,731,1127.67,20.97,1
15007,DECODE,730,0,730,1129.11,20.89,1
15008,DECODE,729,0,729,1129.60,20.82,1
15009,DECODE,729,0,729,1130.60,21.01,1
15010,DECODE,728,0,728,1132.04,21.03,1
15011,DECODE,727,0,727,1133.49,20.96,1
15012,DECODE,726,0,726,1134.15,20.68,1
15013,DECODE,726,0,726,1135.15,20.77,1
15014,DECODE,725,0,725,1136.43,20.72,1
15015,DECODE,725,0,725,1137.43,20.78,1
15016,DECODE,724,0,724,1138.72,20.44,1
15017,DECODE,723,0,723,1140.03,21.00,1
15018,DECODE,722,0,722,1141.36,20.67,1
15019,DECODE,721,0,721,1142.72,20.80,1
15020,DECODE,721,0,721,1143.72,20.80,1
15021,DECODE,720,0,720,1145.12,20.15,1
15022,DECODE,719,0,719,1146.53,20.54,1
15023,DECODE,718,0,718,1147.97,32.81,1
15024,DECODE,717,0,717,1149.44,30.10,1
15025,DECODE,716,0,716,1150.72,21.08,1
15026,DECODE,716,0,716,1151.72,20.73,1
15027,DECODE,715,0,715,1153.03,21.15,1
15028,DECODE,714,0,714,1154.39,21.03,1
15029,DECODE,713,0,713,1155.76,21.33,1
15030,DECODE,712,0,712,1157.13,20.81,1
15031,DECODE,712,0,712,1158.13,20.42,1
15032,DECODE,711,0,711,1159.53,21.02,1
15033,DECODE,710,0,710,1160.96,20.99,1
15034,DECODE,709,0,709,1162.40,21.03,1
15035,DECODE,708,0,708,1163.85,20.76,1
15036,DECODE,707,0,707,1165.33,21.14,1
15037,DECODE,707,0,707,1166.33,20.77,1
15038,DECODE,706,0,706,1167.81,23.91,1
15039,DECODE,705,0,705,1169.02,20.78,1
15040,DECODE,704,0,704,1170.26,20.52,1
15041,DECODE,704,0,704,1171.26,20.50,1
15042,DECODE,703,0,703,1172.52,20.44,1
15043,DECODE,702,0,702,1173.90,20.31,1
15044,DECODE,701,0,701,1175.35,20.73,1
15045,DECODE,700,0,700,1176.81,20.35,1
15046,DECODE,700,0,700,1177.81,20.23,1
15047,DECODE,699,0,699,1179.01,20.76,1
15048,DECODE,698,0,698,1180.39,20.80,1
15049,DECODE,697,0,697,1181.80,21.38,1
15050,DECODE,697,0,697,1182.80,21.75,1
15051,DECODE,696,0,696,1184.23,22.00,1
15052,DECODE,695,0,695,1185.66,21.91,1
15053,DECODE,694,0,694,1187.10,21.32,1
15054,DECODE,694,0,694,1188.10,20.88,1
15055,DECODE,693,0,693,1189.54,21.09,1
15056,DECODE,692,0,692,1190.69,20.57,1
15057,DECODE,691,0,691,1191.96,20.83,1
15058,DECODE,690,0,690,1192.99,20.48,1
15059,DECODE,690,0,690,1193.99,20.69,1
15060,DECODE,690,0,690,1194.99,20.60,1
15061,DECODE,689,0,689,1196.27,21.05,1
15062,DECODE,688,0,688,1197.61,20.51,1
15063,DECODE,687,0,687,1199.06,19.93,1
15064,DECODE,687,0,687,1200.06,19.98,1
15065,DECODE,686,0,686,1201.51,20.78,1
15066,DECODE,685,0,685,1202.96,21.20,1
15067,DECODE,684,0,684,1204.43,21.36,1
15068,DECODE,683,0,683,1205.91,21.99,1
15069,DECODE,683,0,683,1206.91,20.48,1
15070,DECODE,682,0,682,1208.12,20.50,1
15071,DECODE,681,0,681,1209.52,20.52,1
15072,DECODE,681,0,681,1210.52,20.39,1
15073,DECODE,680,0,680,1211.95,20.42,1
15074,DECODE,679,0,679,1213.38,21.31,1
15075,DECODE,678,0,678,1214.84,21.09,1
15076,DECODE,678,0,678,1215.84,20.68,1
15077,DECODE,677,0,677,1217.30,20.98,1
15078,DECODE,676,0,676,1218.79,20.56,1
15079,DECODE,675,0,675,1220.29,20.55,1
15080,DECODE,675,0,675,1221.29,20.29,1
15081,DECODE,674,0,674,1222.71,20.66,1
15082,DECODE,673,0,673,1224.14,20.54,1
15083,DECODE,672,0,672,1225.58,21.01,1
15084,DECODE,672,0,672,1226.58,21.76,1
15085,DECODE,671,0,671,1228.02,20.38,1
15086,DECODE,670,0,670,1229.47,20.28,1
15087,DECODE,670,0,670,1230.47,20.21,1
15088,DECODE,669,0,669,1231.92,20.14,1
15089,DECODE,668,0,668,1233.38,20.42,1
15090,DECODE,667,0,667,1234.86,20.51,1
15091,DECODE,667,0,667,1235.86,20.28,1
15092,DECODE,666,0,666,1237.38,21.69,1
15093,DECODE,665,0,665,1238.50,20.51,1
15094,DECODE,665,0,665,1239.50,20.29,1
15095,DECODE,664,0,664,1240.75,20.36,1
15096,DECODE,663,0,663,1242.06,20.42,1
15097,DECODE,663,0,663,1243.06,20.55,1
15098,DECODE,662,0,662,1244.53,20.17,1
15099,DECODE,661,0,661,1246.00,20.21,1
15100,DECODE,661,0,661,1247.00,20.41,1
15101,DECODE,660,0,660,1248.50,20.19,1
15102,DECODE,659,0,659,1249.99,20.49,1
15103,DECODE,658,0,658,1251.50,20.07,1
15104,DECODE,658,0,658,1252.50,19.92,1
15105,DECODE,657,0,657,1254.02,19.91,1
15106,DECODE,656,0,656,1255.38,19.72,1
15107,DECODE,656,0,656,1256.38,19.57,1
15108,DECODE,655,0,655,1257.74,20.22,1
15109,DECODE,654,0,654,1259.15,20.87,1
15110,DECODE,654,0,654,1260.15,19.81,1
15111,DECODE,653,0,653,1261.64,19.98,1
15112,DECODE,652,0,652,1263.13,19.73,1
15113,DECODE,652,0,652,1264.13,19.66,1
15114,DECODE,651,0,651,1265.62,19.78,1
15115,DECODE,650,0,650,1267.12,19.71,1
15116,DECODE,650,0,650,1268.12,19.94,1
15117,DECODE,649,0,649,1269.63,19.81,1
15118,DECODE,648,0,648,1271.07,19.41,1
15119,DECODE,647,0,647,1271.36,19.68,1
15120,DECODE,647,0,647,1272.36,19.62,1
15121,DECODE,647,0,647,1273.36,19.77,1
15122,DECODE,646,0,646,1274.81,19.76,1
15123,DECODE,646,0,646,1275.81,19.69,1
15124,DECODE,645,0,645,1276.36,19.53,1
15125,DECODE,645,0,645,1277.36,19.67,1
15126,DECODE,644,0,644,1278.82,19.47,1
15127,DECODE,643,0,643,1280.00,19.73,1
15128,DECODE,643,0,643,1281.00,19.61,1
15129,DECODE,642,0,642,1282.50,19.89,1
15130,DECODE,642,0,642,1283.50,19.76,1
15131,DECODE,641,0,641,1285.00,19.73,1
15132,DECODE,640,0,640,1286.51,19.31,1
15133,DECODE,640,0,640,1287.51,19.11,1
15134,DECODE,639,0,639,1289.03,19.35,1
15135,DECODE,638,0,638,1290.56,19.51,1
15136,DECODE,638,0,638,1291.56,19.45,1
15137,DECODE,637,0,637,1293.11,19.68,1
15138,DECODE,636,0,636,1294.52,19.33,1
15139,DECODE,636,0,636,1295.52,19.30,1
15140,DECODE,635,0,635,1296.97,19.40,1
15141,DECODE,635,0,635,1297.97,19.51,1
15142,DECODE,634,0,634,1299.43,19.50,1
15143,DECODE,633,0,633,1300.06,19.54,1
15144,DECODE,633,0,633,1301.06,19.49,1
15145,DECODE,633,0,633,1302.06,19.58,1
15146,DECODE,632,0,632,1303.56,19.35,1
15147,DECODE,631,0,631,1305.06,19.42,1
15148,DECODE,631,0,631,1306.06,19.56,1
15149,DECODE,630,0,630,1307.58,19.54,1
15150,DECODE,629,0,629,1309.10,19.53,1
15151,DECODE,629,0,629,1310.10,19.55,1
15152,DECODE,628,0,628,1311.62,19.38,1
15153,DECODE,627,0,627,1313.15,19.61,1
15154,DECODE,626,0,626,1313.34,19.47,1
15155,DECODE,625,0,625,1314.11,19.44,1
15156,DECODE,625,0,625,1315.11,19.40,1
15157,DECODE,625,0,625,1316.11,19.35,1
15158,DECODE,625,0,625,1317.11,20.03,1
15159,DECODE,625,0,625,1318.11,20.09,1
15160,DECODE,624,0,624,1319.67,19.41,1
15161,DECODE,624,0,624,1320.67,19.40,1
15162,DECODE,623,0,623,1319.68,19.48,1
15163,DECODE,623,0,623,1320.68,19.40,1
15164,DECODE,623,0,623,1321.68,19.55,1
15165,DECODE,623,0,623,1322.68,19.55,1
15166,DECODE,622,0,622,1324.03,19.51,1
15167,DECODE,621,0,621,1325.51,19.44,1
15168,DECODE,621,0,621,1326.51,19.48,1
15169,DECODE,620,0,620,1327.99,19.34,1
15170,DECODE,620,0,620,1328.99,19.30,1
15171,DECODE,619,0,619,1330.49,19.48,1
15172,DECODE,618,0,618,1331.99,19.73,1
15173,DECODE,618,0,618,1332.99,19.55,1
15174,DECODE,617,0,617,1334.50,19.56,1
15175,DECODE,617,0,617,1335.50,19.43,1
15176,DECODE,616,0,616,1337.01,19.40,1
15177,DECODE,615,0,615,1338.53,20.09,1
15178,DECODE,615,0,615,1339.53,19.79,1
15179,DECODE,614,0,614,1341.01,19.75,1
15180,DECODE,614,0,614,1342.01,19.83,1
15181,DECODE,613,0,613,1343.54,19.66,1
15182,DECODE,612,0,612,1345.09,19.53,1
15183,DECODE,612,0,612,1346.09,19.47,1
15184,DECODE,611,0,611,1347.65,19.72,1
15185,DECODE,611,0,611,1348.65,19.61,1
15186,DECODE,610,0,610,1349.85,19.72,1
15187,DECODE,610,0,610,1350.85,19.55,1
15188,DECODE,609,0,609,1352.22,19.75,1
15189,DECODE,608,0,608,1353.68,19.22,1
15190,DECODE,608,0,608,1354.68,19.21,1
15191,DECODE,607,0,607,1356.18,19.67,1
15192,DECODE,607,0,607,1357.18,19.49,1
15193,DECODE,606,0,606,1358.70,19.57,1
15194,DECODE,606,0,606,1359.70,19.71,1
15195,DECODE,605,0,605,1361.25,19.89,1
15196,DECODE,604,0,604,1361.78,19.71,1
15197,DECODE,604,0,604,1362.78,19.47,1
15198,DECODE,604,0,604,1363.78,19.26,1
15199,DECODE,603,0,603,1365.34,19.88,1
15200,DECODE,603,0,603,1366.34,19.56,1
15201,DECODE,602,0,602,1367.91,19.58,1
15202,DECODE,601,0,601,1369.50,19.81,1
15203,DECODE,601,0,601,1370.50,19.81,1
15204,DECODE,600,0,600,1371.57,19.54,1
15205,DECODE,600,0,600,1372.57,19.32,1
15206,DECODE,599,0,599,1373.09,19.56,1
15207,DECODE,599,0,599,1374.09,19.60,1
15208,DECODE,598,0,598,1373.44,19.40,1
15209,DECODE,598,0,598,1374.44,19.60,1
15210,DECODE,598,0,598,1375.44,19.53,1
15211,DECODE,598,0,598,1376.44,19.50,1
15212,DECODE,598,0,598,1377.44,19.68,1
15213,DECODE,597,0,597,1376.46,19.55,1
15214,DECODE,596,0,596,1377.93,19.46,1
15215,DECODE,596,0,596,1378.93,19.25,1
15216,DECODE,596,0,596,1379.93,19.34,1
15217,DECODE,596,0,596,1380.93,19.33,1
15218,DECODE,596,0,596,1381.93,19.33,1
15219,DECODE,595,0,595,1383.09,19.67,1
15220,DECODE,595,0,595,1384.09,19.64,1
15221,DECODE,594,0,594,1385.53,19.50,1
15222,DECODE,593,0,593,1385.97,19.23,1
15223,DECODE,593,0,593,1386.97,19.71,1
15224,DECODE,593,0,593,1387.97,19.25,1
15225,DECODE,593,0,593,1388.97,19.51,1
15226,DECODE,592,0,592,1390.43,19.07,1
15227,DECODE,592,0,592,1391.43,19.16,1
15228,DECODE,591,0,591,1390.45,19.20,1
15229,DECODE,591,0,591,1391.45,19.30,1
15230,DECODE,591,0,591,1392.45,19.41,1
15231,DECODE,590,0,590,1393.99,19.23,1
15232,DECODE,590,0,590,1394.99,19.25,1
15233,DECODE,590,0,590,1395.99,19.27,1
15234,DECODE,589,0,589,1397.48,19.08,1
15235,DECODE,589,0,589,1398.48,19.57,1
15236,DECODE,588,0,588,1399.99,18.81,1
15237,DECODE,587,0,587,1399.49,19.08,1
15238,DECODE,587,0,587,1400.49,19.34,1
15239,DECODE,587,0,587,1401.49,19.19,1
15240,DECODE,587,0,587,1402.49,19.13,1
15241,DECODE,587,0,587,1403.49,19.42,1
15242,DECODE,586,0,586,1405.01,19.30,1
15243,DECODE,585,0,585,1406.56,19.28,1
15244,DECODE,585,0,585,1407.56,19.18,1
15245,DECODE,584,0,584,1408.79,19.02,1
15246,DECODE,584,0,584,1409.79,19.03,1
15247,DECODE,583,0,583,1411.36,19.23,1
15248,DECODE,583,0,583,1412.36,19.33,1
15249,DECODE,582,0,582,1413.93,19.42,1
15250,DECODE,582,0,582,1414.93,19.29,1
15251,DECODE,581,0,581,1416.53,19.13,1
15252,DECODE,581,0,581,1417.53,19.33,1
15253,DECODE,580,0,580,1419.01,19.05,1
15254,DECODE,580,0,580,1420.01,18.91,1
15255,DECODE,579,0,579,1421.50,19.23,1
15256,DECODE,579,0,579,1422.50,19.24,1
15257,DECODE,578,0,578,1424.02,19.24,1
15258,DECODE,578,0,578,1425.02,19.09,1
15259,DECODE,577,0,577,1426.55,19.92,1
15260,DECODE,577,0,577,1427.55,19.23,1
15261,DECODE,576,0,576,1429.10,19.04,1
15262,DECODE,576,0,576,1430.10,19.04,1
15263,DECODE,575,0,575,1431.66,19.16,1
15264,DECODE,575,0,575,1432.66,19.25,1
15265,DECODE,574,0,574,1434.23,19.23,1
15266,DECODE,574,0,574,1435.23,19.38,1
15267,DECODE,573,0,573,1436.83,19.11,1
15268,DECODE,572,0,572,1438.46,18.81,1
15269,DECODE,572,0,572,1439.46,18.85,1
15270,DECODE,571,0,571,1440.71,18.96,1
15271,DECODE,570,0,570,1440.54,18.98,1
15272,DECODE,570,0,570,1441.54,19.20,1
15273,DECODE,570,0,570,1442.54,19.77,1
15274,DECODE,570,0,570,1443.54,19.14,1
15275,DECODE,570,0,570,1444.54,19.04,1
15276,DECODE,569,0,569,1445.16,19.04,1
15277,DECODE,569,0,569,1446.16,19.24,1
15278,DECODE,569,0,569,1447.16,19.10,1
15279,DECODE,568,0,568,1448.66,18.96,1
15280,DECODE,568,0,568,1449.66,18.93,1
15281,DECODE,567,0,567,1451.22,19.19,1
15282,DECODE,567,0,567,1452.22,19.08,1
15283,DECODE,566,0,566,1453.77,19.20,1
15284,DECODE,566,0,566,1454.77,19.32,1
15285,DECODE,565,0,565,1456.34,19.12,1
15286,DECODE,564,0,564,1456.65,18.90,1
15287,DECODE,564,0,564,1457.65,18.97,1
15288,DECODE,564,0,564,1458.65,18.98,1
15289,DECODE,564,0,564,1459.65,18.99,1
15290,DECODE,563,0,563,1460.97,19.13,1
15291,DECODE,563,0,563,1461.97,19.16,1
15292,DECODE,563,0,563,1462.97,19.08,1
15293,DECODE,562,0,562,1464.35,19.14,1
15294,DECODE,562,0,562,1465.35,21.11,1
15295,DECODE,561,0,561,1466.92,19.10,1
15296,DECODE,561,0,561,1467.92,19.03,1
15297,DECODE,560,0,560,1469.50,18.84,1
15298,DECODE,560,0,560,1470.50,18.77,1
15299,DECODE,559,0,559,1472.09,18.86,1
15300,DECODE,559,0,559,1473.09,18.72,1
15301,DECODE,558,0,558,1474.71,18.89,1
15302,DECODE,558,0,558,1475.71,18.94,1
15303,DECODE,557,0,557,1477.32,18.87,1
15304,DECODE,557,0,557,1478.32,18.81,1
15305,DECODE,556,0,556,1479.95,18.76,1
15306,DECODE,556,0,556,1480.95,18.72,1
15307,DECODE,555,0,555,1482.47,18.82,1
15308,DECODE,555,0,555,1483.47,18.93,1
15309,DECODE,554,0,554,1485.03,18.91,1
15310,DECODE,554,0,554,1486.03,19.01,1
15311,DECODE,553,0,553,1487.64,19.09,1
15312,DECODE,553,0,553,1488.64,19.01,1
15313,DECODE,552,0,552,1490.25,19.01,1
15314,DECODE,552,0,552,1491.25,18.86,1
15315,DECODE,551,0,551,1492.92,19.68,1
15316,DECODE,551,0,551,1493.92,19.44,1
15317,DECODE,551,0,551,1494.92,19.04,1
15318,DECODE,550,0,550,1496.53,18.97,1
15319,DECODE,550,0,550,1497.53,18.97,1
15320,DECODE,549,0,549,1499.04,18.84,1
15321,DECODE,549,0,549,1500.04,19.19,1
15322,DECODE,548,0,548,1501.62,18.81,1
15323,DECODE,548,0,548,1502.62,18.76,1
15324,DECODE,547,0,547,1504.05,18.91,1
15325,DECODE,547,0,547,1505.05,18.99,1
15326,DECODE,546,0,546,1506.64,19.03,1
15327,DECODE,546,0,546,1507.64,19.05,1
15328,DECODE,545,0,545,1509.25,18.95,1
15329,DECODE,545,0,545,1510.25,19.15,1
15330,DECODE,545,0,545,1511.25,18.98,1
15331,DECODE,544,0,544,1512.88,19.08,1
15332,DECODE,543,0,543,1513.40,18.99,1
15333,DECODE,543,0,543,1514.40,18.97,1
15334,DECODE,543,0,543,1515.40,19.23,1
15335,DECODE,543,0,543,1516.40,19.00,1
15336,DECODE,542,0,542,1518.03,19.02,1
15337,DECODE,542,0,542,1519.03,19.27,1
15338,DECODE,541,0,541,1520.67,18.99,1
15339,DECODE,541,0,541,1521.67,19.13,1
15340,DECODE,540,0,540,1522.99,20.64,1
15341,DECODE,540,0,540,1523.99,18.94,1
15342,DECODE,539,0,539,1525.51,19.10,1
15343,DECODE,539,0,539,1526.51,20.25,1
15344,DECODE,539,0,539,1527.51,19.29,1
15345,DECODE,538,0,538,1528.90,19.32,1
15346,DECODE,538,0,538,1529.90,19.09,1
15347,DECODE,538,0,538,1530.90,19.13,1
15348,DECODE,537,0,537,1532.47,19.55,1
15349,DECODE,537,0,537,1533.47,19.44,1
15350,DECODE,536,0,536,1535.09,19.24,1
15351,DECODE,536,0,536,1536.09,19.22,1
15352,DECODE,535,0,535,1537.61,19.38,1
15353,DECODE,534,0,534,1538.36,19.67,1
15354,DECODE,534,0,534,1539.36,19.22,1
15355,DECODE,534,0,534,1540.36,19.12,1
15356,DECODE,533,0,533,1541.45,19.12,1
15357,DECODE,533,0,533,1542.45,19.20,1
15358,DECODE,533,0,533,1543.45,19.16,1
15359,DECODE,533,0,533,1544.45,29.23,1
15360,DECODE,532,0,532,1546.06,23.83,1
15361,DECODE,532,0,532,1547.06,19.19,1
15362,DECODE,532,0,532,1548.06,18.97,1
15363,DECODE,531,0,531,1549.71,19.07,1
15364,DECODE,531,0,531,1550.71,19.15,1
15365,DECODE,530,0,530,1552.40,19.23,1
15366,DECODE,530,0,530,1553.40,19.13,1
15367,DECODE,529,0,529,1554.79,19.09,1
15368,DECODE,529,0,529,1555.79,19.10,1
15369,DECODE,529,0,529,1556.79,19.31,1
15370,DECODE,528,0,528,1558.48,18.80,1
15371,DECODE,528,0,528,1559.48,18.69,1
15372,DECODE,527,0,527,1561.09,19.02,1
15373,DECODE,527,0,527,1562.09,18.89,1
15374,DECODE,526,0,526,1563.72,18.89,1
15375,DECODE,526,0,526,1564.72,18.79,1
15376,DECODE,525,0,525,1566.38,18.73,1
15377,DECODE,525,0,525,1567.38,19.68,1
15378,DECODE,525,0,525,1568.38,20.05,1
15379,DECODE,524,0,524,1570.03,18.55,1
15380,DECODE,524,0,524,1571.03,18.66,1
15381,DECODE,523,0,523,1571.50,18.65,1
15382,DECODE,523,0,523,1572.50,18.75,1
15383,DECODE,522,0,522,1572.35,18.78,1
15384,DECODE,522,0,522,1573.35,18.77,1
15385,DECODE,522,0,522,1574.35,18.72,1
15386,DECODE,521,0,521,1575.72,19.46,1
15387,DECODE,520,0,520,1577.21,18.41,1
15388,DECODE,520,0,520,1578.21,20.20,1
15389,DECODE,520,0,520,1579.21,18.33,1
15390,DECODE,520,0,520,1580.21,18.39,1
15391,DECODE,520,0,520,1581.21,18.32,1
15392,DECODE,520,0,520,1582.21,18.46,1
15393,DECODE,520,0,520,1583.21,18.42,1
15394,DECODE,519,0,519,1584.82,18.58,1
15395,DECODE,519,0,519,1585.82,18.51,1
15396,DECODE,518,0,518,1587.45,18.62,1
15397,DECODE,518,0,518,1588.45,18.60,1
15398,DECODE,518,0,518,1589.45,21.57,1
15399,DECODE,517,0,517,1591.13,19.65,1
15400,DECODE,517,0,517,1592.13,18.67,1
15401,DECODE,516,0,516,1593.32,18.77,1
15402,DECODE,516,0,516,1594.32,18.44,1
15403,DECODE,516,0,516,1595.32,18.54,1
15404,DECODE,515,0,515,1596.95,18.56,1
15405,DECODE,514,0,514,1598.50,18.58,1
15406,DECODE,513,0,513,1598.94,18.80,1
15407,DECODE,513,0,513,1599.94,18.53,1
15408,DECODE,513,0,513,1600.94,18.51,1
15409,DECODE,513,0,513,1601.94,18.72,1
15410,DECODE,513,0,513,1602.94,18.69,1
15411,DECODE,513,0,513,1603.94,18.58,1
15412,DECODE,513,0,513,1604.94,18.68,1
15413,DECODE,512,0,512,1606.59,17.46,1
15414,DECODE,512,0,512,1607.59,17.68,1
15415,DECODE,511,0,511,1609.22,17.42,1
15416,DECODE,511,0,511,1610.22,17.36,1
15417,DECODE,511,0,511,1611.22,17.36,1
15418,DECODE,510,0,510,1612.92,17.80,1
15419,DECODE,510,0,510,1613.92,17.21,1
15420,DECODE,509,0,509,1615.43,18.62,1
15421,DECODE,509,0,509,1616.43,18.28,1
15422,DECODE,509,0,509,1617.43,18.04,1
15423,DECODE,508,0,508,1619.03,19.43,1
15424,DECODE,508,0,508,1620.03,18.83,1
15425,DECODE,507,0,507,1621.70,19.44,1
15426,DECODE,507,0,507,1622.70,18.78,1
15427,DECODE,507,0,507,1623.70,18.47,1
15428,DECODE,506,0,506,1625.25,19.55,1
15429,DECODE,506,0,506,1626.25,18.84,1
15430,DECODE,506,0,506,1627.25,18.50,1
15431,DECODE,505,0,505,1628.93,19.63,1
15432,DECODE,505,0,505,1629.93,18.98,1
15433,DECODE,504,0,504,1631.64,19.70,1
15434,DECODE,504,0,504,1632.64,18.92,1
15435,DECODE,504,0,504,1633.64,18.54,1
15436,DECODE,503,0,503,1635.27,19.73,1
15437,DECODE,503,0,503,1636.27,18.72,1
15438,DECODE,502,0,502,1637.96,19.71,1
15439,DECODE,502,0,502,1638.96,18.75,1
15440,DECODE,502,0,502,1639.96,18.54,1
15441,DECODE,501,0,501,1641.66,19.36,1
15442,DECODE,501,0,501,1642.66,18.88,1
15443,DECODE,500,0,500,1644.34,19.50,1
15444,DECODE,499,0,499,1645.79,19.30,1
15445,DECODE,499,0,499,1646.79,18.97,1
15446,DECODE,499,0,499,1647.79,18.64,1
15447,DECODE,499,0,499,1648.79,18.53,1
15448,DECODE,499,0,499,1649.79,18.43,1
15449,DECODE,498,0,498,1651.35,19.33,1
15450,DECODE,498,0,498,1652.35,18.67,1
15451,DECODE,497,0,497,1653.40,19.36,1
15452,DECODE,497,0,497,1654.40,18.69,1
15453,DECODE,497,0,497,1655.40,18.46,1
15454,DECODE,497,0,497,1656.40,18.44,1
15455,DECODE,496,0,496,1657.97,19.18,1
15456,DECODE,496,0,496,1658.97,18.49,1
15457,DECODE,495,0,495,1660.61,19.24,1
15458,DECODE,495,0,495,1661.61,18.53,1
15459,DECODE,495,0,495,1662.61,18.26,1
15460,DECODE,494,0,494,1662.52,18.73,1
15461,DECODE,494,0,494,1663.52,18.78,1
15462,DECODE,494,0,494,1664.52,18.29,1
15463,DECODE,494,0,494,1665.52,18.34,1
15464,DECODE,494,0,494,1666.52,18.30,1
15465,DECODE,493,0,493,1668.20,19.42,1
15466,DECODE,492,0,492,1669.58,19.47,1
15467,DECODE,491,0,491,1669.93,19.23,1
15468,DECODE,491,0,491,1670.93,18.78,1
15469,DECODE,491,0,491,1671.93,18.31,1
15470,DECODE,491,0,491,1672.93,19.44,1
15471,DECODE,491,0,491,1673.93,18.45,1
15472,DECODE,491,0,491,1674.93,18.34,1
15473,DECODE,491,0,491,1675.93,19.37,1
15474,DECODE,490,0,490,1677.66,19.50,1
15475,DECODE,490,0,490,1678.66,18.20,1
15476,DECODE,490,0,490,1679.66,17.98,1
15477,DECODE,489,0,489,1681.40,19.09,1
15478,DECODE,489,0,489,1682.40,18.54,1
15479,DECODE,489,0,489,1683.40,18.06,1
15480,DECODE,488,0,488,1683.91,19.01,1
15481,DECODE,488,0,488,1684.91,18.43,1
15482,DECODE,488,0,488,1685.91,18.12,1
15483,DECODE,488,0,488,1686.91,17.91,1
15484,DECODE,487,0,487,1688.46,18.74,1
15485,DECODE,487,0,487,1689.46,18.20,1
15486,DECODE,487,0,487,1690.46,17.94,1
15487,DECODE,486,0,486,1692.02,18.69,1
15488,DECODE,486,0,486,1693.02,19.96,1
15489,DECODE,485,0,485,1694.75,19.44,1
15490,DECODE,485,0,485,1695.75,18.69,1
15491,DECODE,485,0,485,1696.75,18.77,1
15492,DECODE,484,0,484,1698.45,20.71,1
15493,DECODE,484,0,484,1699.45,18.81,1
15494,DECODE,484,0,484,1700.45,18.58,1
15495,DECODE,483,0,483,1701.92,19.44,1
15496,DECODE,483,0,483,1702.92,18.83,1
15497,DECODE,483,0,483,1703.92,19.45,1
15498,DECODE,482,0,482,1705.62,19.20,1
15499,DECODE,482,0,482,1706.62,18.76,1
15500,DECODE,482,0,482,1707.62,18.45,1
15501,DECODE,481,0,481,1709.32,20.75,1
15502,DECODE,481,0,481,1710.32,18.93,1
15503,DECODE,480,0,480,1711.88,18.84,1
15504,DECODE,480,0,480,1712.88,18.84,1
15505,DECODE,480,0,480,1713.88,18.59,1
15506,DECODE,480,0,480,1714.88,18.37,1
15507,DECODE,479,0,479,1716.48,19.37,1
15508,DECODE,479,0,479,1717.48,18.71,1
15509,DECODE,479,0,479,1718.48,18.47,1
15510,DECODE,478,0,478,1719.84,19.47,1
15511,DECODE,478,0,478,1720.84,18.69,1
15512,DECODE,478,0,478,1721.84,19.35,1
15513,DECODE,477,0,477,1723.21,19.46,1
15514,DECODE,477,0,477,1724.21,18.81,1
15515,DECODE,477,0,477,1725.21,18.39,1
15516,DECODE,476,0,476,1726.86,19.32,1
15517,DECODE,476,0,476,1727.86,18.93,1
15518,DECODE,476,0,476,1728.86,18.44,1
15519,DECODE,475,0,475,1730.49,20.06,1
15520,DECODE,475,0,475,1731.49,18.86,1
15521,DECODE,475,0,475,1732.49,18.47,1
15522,DECODE,474,0,474,1734.14,19.48,1
15523,DECODE,474,0,474,1735.14,18.77,1
15524,DECODE,474,0,474,1736.14,19.64,1
15525,DECODE,473,0,473,1737.38,19.45,1
15526,DECODE,473,0,473,1738.38,18.88,1
15527,DECODE,472,0,472,1739.19,18.98,1
15528,DECODE,472,0,472,1740.19,19.18,1
15529,DECODE,472,0,472,1741.19,18.66,1
15530,DECODE,471,0,471,1740.45,18.90,1
15531,DECODE,471,0,471,1741.45,19.00,1
15532,DECODE,471,0,471,1742.45,18.51,1
15533,DECODE,470,0,470,1742.68,18.87,1
15534,DECODE,469,0,469,1742.86,19.23,1
15535,DECODE,468,0,468,1743.46,19.33,1
15536,DECODE,468,0,468,1744.46,18.98,1
15537,DECODE,468,0,468,1745.46,18.53,1
15538,DECODE,468,0,468,1746.46,18.78,1
15539,DECODE,468,0,468,1747.46,18.48,1
15540,DECODE,468,0,468,1748.46,18.50,1
15541,DECODE,468,0,468,1749.46,18.61,1
15542,DECODE,468,0,468,1750.46,18.79,1
15543,DECODE,467,0,467,1751.94,18.85,1
15544,DECODE,467,0,467,1752.94,17.57,1
15545,DECODE,467,0,467,1753.94,17.53,1
15546,DECODE,467,0,467,1754.94,17.47,1
15547,DECODE,467,0,467,1755.94,18.61,1
15548,DECODE,467,0,467,1756.94,18.48,1
15549,DECODE,467,0,467,1757.94,18.47,1
15550,DECODE,467,0,467,1758.94,18.60,1
15551,DECODE,466,0,466,1759.52,18.89,1
15552,DECODE,466,0,466,1760.52,18.82,1
15553,DECODE,465,0,465,1761.80,18.90,1
15554,DECODE,465,0,465,1762.80,19.06,1
15555,DECODE,465,0,465,1763.80,18.57,1
15556,DECODE,465,0,465,1764.80,18.70,1
15557,DECODE,465,0,465,1765.80,18.65,1
15558,DECODE,465,0,465,1766.80,18.64,1
15559,DECODE,465,0,465,1767.80,18.62,1
15560,DECODE,465,0,465,1768.80,18.63,1
15561,DECODE,465,0,465,1769.80,18.64,1
15562,DECODE,464,0,464,1771.30,19.53,1
15563,DECODE,464,0,464,1772.30,18.96,1
15564,DECODE,464,0,464,1773.30,18.49,1
15565,DECODE,463,0,463,1774.79,19.39,1
15566,DECODE,463,0,463,1775.79,18.94,1
15567,DECODE,463,0,463,1776.79,18.49,1
15568,DECODE,463,0,463,1777.79,18.51,1
15569,DECODE,462,0,462,1779.35,18.95,1
15570,DECODE,462,0,462,1780.35,18.44,1
15571,DECODE,462,0,462,1781.35,18.08,1
15572,DECODE,461,0,461,1782.91,18.97,1
15573,DECODE,461,0,461,1783.91,18.30,1
15574,DECODE,461,0,461,1784.91,17.99,1
15575,DECODE,460,0,460,1786.59,19.21,1
15576,DECODE,460,0,460,1787.59,18.24,1
15577,DECODE,460,0,460,1788.59,18.01,1
15578,DECODE,459,0,459,1790.32,18.87,1
15579,DECODE,459,0,459,1791.32,18.31,1
15580,DECODE,459,0,459,1792.32,18.20,1
15581,DECODE,458,0,458,1793.68,18.88,1
15582,DECODE,458,0,458,1794.68,18.35,1
15583,DECODE,457,0,457,1796.04,18.45,1
15584,DECODE,456,0,456,1796.61,18.98,1
15585,DECODE,456,0,456,1797.61,18.52,1
15586,DECODE,456,0,456,1798.61,17.94,1
15587,DECODE,456,0,456,1799.61,17.91,1
15588,DECODE,456,0,456,1800.61,18.09,1
15589,DECODE,456,0,456,1801.61,18.14,1
15590,DECODE,456,0,456,1802.61,18.02,1
15591,DECODE,456,0,456,1803.61,18.10,1
15592,DECODE,456,0,456,1804.61,18.04,1
15593,DECODE,455,0,455,1806.01,18.96,1
15594,DECODE,455,0,455,1807.01,18.31,1
15595,DECODE,455,0,455,1808.01,17.92,1
15596,DECODE,455,0,455,1809.01,18.07,1
15597,DECODE,454,0,454,1810.62,18.85,1
15598,DECODE,454,0,454,1811.62,18.23,1
15599,DECODE,454,0,454,1812.62,18.03,1
15600,DECODE,453,0,453,1814.25,18.68,1
15601,DECODE,453,0,453,1815.25,18.21,1
15602,DECODE,453,0,453,1816.25,17.95,1
15603,DECODE,452,0,452,1817.90,18.99,1
15604,DECODE,452,0,452,1818.90,18.19,1
15605,DECODE,452,0,452,1819.90,17.94,1
15606,DECODE,452,0,452,1820.90,17.96,1
15607,DECODE,451,0,451,1822.39,18.41,1
15608,DECODE,451,0,451,1823.39,18.40,1
15609,DECODE,451,0,451,1824.39,18.02,1
15610,DECODE,450,0,450,1826.05,18.93,1
15611,DECODE,450,0,450,1827.05,18.28,1
15612,DECODE,450,0,450,1828.05,17.96,1
15613,DECODE,449,0,449,1829.77,18.95,1
15614,DECODE,449,0,449,1830.77,18.22,1
15615,DECODE,448,0,448,1830.14,18.30,1
15616,DECODE,448,0,448,1831.14,18.51,1
15617,DECODE,446,0,446,1831.23,18.33,1
15618,DECODE,446,0,446,1832.23,18.31,1
15619,DECODE,446,0,446,1833.23,17.96,1
15620,DECODE,446,0,446,1834.23,17.90,1
15621,DECODE,446,0,446,1835.23,17.86,1
15622,DECODE,446,0,446,1836.23,17.86,1
15623,DECODE,446,0,446,1837.23,17.87,1
15624,DECODE,446,0,446,1838.23,17.89,1
15625,DECODE,446,0,446,1839.23,18.05,1
15626,DECODE,446,0,446,1840.23,18.03,1
15627,DECODE,445,0,445,1840.18,18.21,1
15628,DECODE,445,0,445,1841.18,18.44,1
15629,DECODE,445,0,445,1842.18,17.87,1
15630,DECODE,445,0,445,1843.18,17.93,1
15631,DECODE,445,0,445,1844.18,17.87,1
15632,DECODE,445,0,445,1845.18,18.06,1
15633,DECODE,445,0,445,1846.18,18.63,1
15634,DECODE,445,0,445,1847.18,18.15,1
15635,DECODE,445,0,445,1848.18,18.05,1
15636,DECODE,445,0,445,1849.18,17.97,1
15637,DECODE,444,0,444,1850.93,19.17,1
15638,DECODE,444,0,444,1851.93,18.44,1
15639,DECODE,444,0,444,1852.93,17.96,1
15640,DECODE,443,0,443,1854.69,18.79,1
15641,DECODE,443,0,443,1855.69,18.25,1
15642,DECODE,443,0,443,1856.69,17.91,1
15643,DECODE,443,0,443,1857.69,18.23,1
15644,DECODE,442,0,442,1858.94,19.13,1
15645,DECODE,442,0,442,1859.94,18.50,1
15646,DECODE,442,0,442,1860.94,18.16,1
15647,DECODE,442,0,442,1861.94,18.16,1
15648,DECODE,441,0,441,1863.30,19.14,1
15649,DECODE,441,0,441,1864.30,18.44,1
15650,DECODE,441,0,441,1865.30,18.15,1
15651,DECODE,440,0,440,1866.86,21.00,1
15652,DECODE,440,0,440,1867.86,18.42,1
15653,DECODE,439,0,439,1867.61,17.90,1
15654,DECODE,439,0,439,1868.61,18.49,1
15655,DECODE,439,0,439,1869.61,16.94,1
15656,DECODE,439,0,439,1870.61,17.49,1
15657,DECODE,439,0,439,1871.61,16.78,1
15658,DECODE,439,0,439,1872.61,17.04,1
15659,DECODE,438,0,438,1873.11,17.10,1
15660,DECODE,438,0,438,1874.11,17.03,1
15661,DECODE,437,0,437,1875.65,17.04,1
15662,DECODE,437,0,437,1876.65,16.99,1
15663,DECODE,437,0,437,1877.65,17.86,1
15664,DECODE,437,0,437,1878.65,17.87,1
15665,DECODE,437,0,437,1879.65,17.90,1
15666,DECODE,435,0,435,1878.89,18.25,1
15667,DECODE,435,0,435,1879.89,19.86,1
15668,DECODE,435,0,435,1880.89,18.30,1
15669,DECODE,435,0,435,1881.89,18.42,1
15670,DECODE,435,0,435,1882.89,18.36,1
15671,DECODE,435,0,435,1883.89,18.38,1
15672,DECODE,435,0,435,1884.89,18.23,1
15673,DECODE,435,0,435,1885.89,18.44,1
15674,DECODE,435,0,435,1886.89,18.38,1
15675,DECODE,435,0,435,1887.89,18.35,1
15676,DECODE,435,0,435,1888.89,18.56,1
15677,DECODE,434,0,434,1889.29,18.74,1
15678,DECODE,431,0,431,1889.83,19.05,1
15679,DECODE,431,0,431,1890.83,18.54,1
15680,DECODE,431,0,431,1891.83,18.27,1
15681,DECODE,431,0,431,1892.83,17.55,1
15682,DECODE,431,0,431,1893.83,17.75,1
15683,DECODE,431,0,431,1894.83,17.59,1
15684,DECODE,431,0,431,1895.83,17.59,1
15685,DECODE,430,0,430,1895.29,17.96,1
15686,DECODE,430,0,430,1896.29,18.01,1
15687,DECODE,430,0,430,1897.29,18.49,1
15688,DECODE,430,0,430,1898.29,17.59,1
15689,DECODE,430,0,430,1899.29,17.56,1
15690,DECODE,429,0,429,1898.75,17.98,1
15691,DECODE,429,0,429,1899.75,18.03,1
15692,DECODE,429,0,429,1900.75,17.55,1
15693,DECODE,429,0,429,1901.75,17.63,1
15694,DECODE,429,0,429,1902.75,17.63,1
15695,DECODE,429,0,429,1903.75,17.68,1
15696,DECODE,429,0,429,1904.75,17.58,1
15697,DECODE,429,0,429,1905.75,17.88,1
15698,DECODE,429,0,429,1906.75,17.68,1
15699,DECODE,429,0,429,1907.75,17.87,1
15700,DECODE,429,0,429,1908.75,17.26,1
15701,DECODE,429,0,429,1909.75,17.88,1
15702,DECODE,429,0,429,1910.75,17.62,1
15703,DECODE,429,0,429,1911.75,17.78,1
15704,DECODE,429,0,429,1912.75,17.70,1
15705,DECODE,429,0,429,1913.75,17.74,1
15706,DECODE,429,0,429,1914.75,17.58,1
15707,DECODE,428,0,428,1914.24,18.19,1
15708,DECODE,428,0,428,1915.24,17.98,1
15709,DECODE,428,0,428,1916.24,17.80,1
15710,DECODE,428,0,428,1917.24,17.65,1
15711,DECODE,428,0,428,1918.24,17.77,1
15712,DECODE,428,0,428,1919.24,17.59,1
15713,DECODE,428,0,428,1920.24,17.58,1
15714,DECODE,428,0,428,1921.24,17.65,1
15715,DECODE,427,0,427,1920.74,18.08,1
15716,DECODE,427,0,427,1921.74,18.02,1
15717,DECODE,427,0,427,1922.74,17.68,1
15718,DECODE,427,0,427,1923.74,17.59,1
15719,DECODE,427,0,427,1924.74,17.64,1
15720,DECODE,427,0,427,1925.74,17.63,1
15721,DECODE,427,0,427,1926.74,17.59,1
15722,DECODE,426,0,426,1926.26,17.92,1
15723,DECODE,425,0,425,1927.48,18.28,1
15724,DECODE,424,0,424,1926.99,18.29,1
15725,DECODE,424,0,424,1927.99,17.83,1
15726,DECODE,424,0,424,1928.99,17.65,1
15727,DECODE,423,0,423,1928.49,18.03,1
15728,DECODE,423,0,423,1929.49,18.02,1
15729,DECODE,423,0,423,1930.49,17.68,1
15730,DECODE,422,0,422,1931.10,17.91,1
15731,DECODE,422,0,422,1932.10,18.01,1
15732,DECODE,422,0,422,1933.10,17.78,1
15733,DECODE,422,0,422,1934.10,17.63,1
15734,DECODE,422,0,422,1935.10,17.70,1
15735,DECODE,422,0,422,1936.10,17.66,1
15736,DECODE,422,0,422,1937.10,17.81,1
15737,DECODE,421,0,421,1936.70,18.00,1
15738,DECODE,421,0,421,1937.70,18.19,1
15739,DECODE,421,0,421,1938.70,17.66,1
15740,DECODE,421,0,421,1939.70,17.67,1
15741,DECODE,421,0,421,1940.70,17.77,1
15742,DECODE,421,0,421,1941.70,17.83,1
15743,DECODE,421,0,421,1942.70,17.76,1
15744,DECODE,421,0,421,1943.70,17.81,1
15745,DECODE,421,0,421,1944.70,17.75,1
15746,DECODE,421,0,421,1945.70,17.76,1
15747,DECODE,421,0,421,1946.70,17.70,1
15748,DECODE,421,0,421,1947.70,17.77,1
15749,DECODE,421,0,421,1948.70,17.82,1
15750,DECODE,421,0,421,1949.70,17.77,1
15751,DECODE,421,0,421,1950.70,17.75,1
15752,DECODE,421,0,421,1951.70,17.84,1
15753,DECODE,421,0,421,1952.70,17.80,1
15754,DECODE,421,0,421,1953.70,17.77,1
15755,DECODE,420,0,420,1955.26,18.59,1
15756,DECODE,420,0,420,1956.26,17.98,1
15757,DECODE,420,0,420,1957.26,17.76,1
15758,DECODE,420,0,420,1958.26,17.79,1
15759,DECODE,419,0,419,1959.84,18.58,1
15760,DECODE,418,0,418,1959.40,18.49,1
15761,DECODE,417,0,417,1958.96,16.91,1
15762,DECODE,416,0,416,1958.52,16.78,1
15763,DECODE,416,0,416,1959.52,16.92,1
15764,DECODE,415,0,415,1959.07,18.50,1
15765,DECODE,414,0,414,1958.62,18.55,1
15766,DECODE,414,0,414,1959.62,18.42,1
15767,DECODE,414,0,414,1960.62,18.21,1
15768,DECODE,413,0,413,1960.17,18.54,1
15769,DECODE,413,0,413,1961.17,18.57,1
15770,DECODE,413,0,413,1962.17,18.21,1
15771,DECODE,412,0,412,1961.72,18.20,1
15772,DECODE,412,0,412,1962.72,18.43,1
15773,DECODE,411,0,411,1962.27,18.57,1
15774,DECODE,411,0,411,1963.27,18.52,1
15775,DECODE,410,0,410,1963.52,18.19,1
15776,DECODE,410,0,410,1964.52,18.65,1
15777,DECODE,410,0,410,1965.52,18.06,1
15778,DECODE,409,0,409,1965.07,18.20,1
15779,DECODE,409,0,409,1966.07,18.47,1
15780,DECODE,408,0,408,1967.55,18.34,1
15781,DECODE,407,0,407,1967.41,18.62,1
15782,DECODE,406,0,406,1966.95,19.07,1
15783,DECODE,406,0,406,1967.95,18.35,1
15784,DECODE,406,0,406,1968.95,17.91,1
15785,DECODE,405,0,405,1968.49,18.36,1
15786,DECODE,404,0,404,1969.76,18.58,1
15787,DECODE,404,0,404,1970.76,18.13,1
15788,DECODE,404,0,404,1971.76,18.09,1
15789,DECODE,403,0,403,1971.30,17.75,1
15790,DECODE,402,0,402,1970.84,18.93,1
15791,DECODE,402,0,402,1971.84,16.92,1
15792,DECODE,402,0,402,1972.84,16.83,1
15793,DECODE,402,0,402,1973.84,16.83,1
15794,DECODE,402,0,402,1974.84,16.89,1
15795,DECODE,402,0,402,1975.84,16.97,1
15796,DECODE,402,0,402,1976.84,16.90,1
15797,DECODE,401,0,401,1976.38,16.90,1
15798,DECODE,400,0,400,1977.98,16.46,1
15799,DECODE,399,0,399,1979.63,16.49,1
15800,DECODE,398,0,398,1979.18,16.42,1
15801,DECODE,398,0,398,1980.18,16.44,1
15802,DECODE,398,0,398,1981.18,16.46,1
15803,DECODE,398,0,398,1982.18,16.46,1
15804,DECODE,398,0,398,1983.18,16.44,1
15805,DECODE,398,0,398,1984.18,16.47,1
15806,DECODE,398,0,398,1985.18,16.51,1
15807,DECODE,397,0,397,1986.77,16.53,1
15808,DECODE,397,0,397,1987.77,17.60,1
15809,DECODE,397,0,397,1988.77,17.36,1
15810,DECODE,397,0,397,1989.77,17.38,1
15811,DECODE,397,0,397,1990.77,16.55,1
15812,DECODE,397,0,397,1991.77,16.54,1
15813,DECODE,397,0,397,1992.77,16.53,1
15814,DECODE,397,0,397,1993.77,16.52,1
15815,DECODE,397,0,397,1994.77,16.58,1
15816,DECODE,397,0,397,1995.77,16.56,1
15817,DECODE,397,0,397,1996.77,17.63,1
15818,DECODE,397,0,397,1997.77,17.90,1
15819,DECODE,397,0,397,1998.77,17.63,1
15820,DECODE,397,0,397,1999.77,17.84,1
15821,DECODE,396,0,396,2001.40,17.34,1
15822,DECODE,396,0,396,2002.40,17.44,1
15823,DECODE,396,0,396,2003.40,17.08,1
15824,DECODE,396,0,396,2004.40,17.07,1
15825,DECODE,396,0,396,2005.40,17.18,1
15826,DECODE,396,0,396,2006.40,17.03,1
15827,DECODE,396,0,396,2007.40,16.99,1
15828,DECODE,394,0,394,2005.60,18.20,1
15829,DECODE,394,0,394,2006.60,17.64,1
15830,DECODE,394,0,394,2007.60,17.00,1
15831,DECODE,394,0,394,2008.60,17.14,1
15832,DECODE,394,0,394,2009.60,17.10,1
15833,DECODE,394,0,394,2010.60,16.94,1
15834,DECODE,394,0,394,2011.60,17.06,1
15835,DECODE,394,0,394,2012.60,17.00,1
15836,DECODE,393,0,393,2012.21,17.46,1
15837,DECODE,392,0,392,2013.86,17.93,1
15838,DECODE,392,0,392,2014.86,17.31,1
15839,DECODE,391,0,391,2014.47,17.24,1
15840,DECODE,391,0,391,2015.47,17.51,1
15841,DECODE,390,0,390,2015.07,18.69,1
15842,DECODE,390,0,390,2016.07,17.49,1
15843,DECODE,390,0,390,2017.07,17.00,1
15844,DECODE,389,0,389,2016.68,17.61,1
15845,DECODE,389,0,389,2017.68,17.34,1
15846,DECODE,388,0,388,2019.16,17.31,1
15847,DECODE,388,0,388,2020.16,17.57,1
15848,DECODE,388,0,388,2021.16,17.04,1
15849,DECODE,387,0,387,2022.32,17.33,1
15850,DECODE,386,0,386,2021.93,16.87,1
15851,DECODE,386,0,386,2022.93,17.02,1
15852,DECODE,386,0,386,2023.93,17.37,1
15853,DECODE,385,0,385,2023.54,17.30,1
15854,DECODE,385,0,385,2024.54,17.25,1
15855,DECODE,385,0,385,2025.54,16.99,1
15856,DECODE,385,0,385,2026.54,17.02,1
15857,DECODE,385,0,385,2027.54,17.01,1
15858,DECODE,385,0,385,2028.54,16.77,1
15859,DECODE,385,0,385,2029.54,16.88,1
15860,DECODE,385,0,385,2030.54,16.91,1
15861,DECODE,385,0,385,2031.54,15.97,1
15862,DECODE,385,0,385,2032.54,15.97,1
15863,DECODE,385,0,385,2033.54,15.87,1
15864,DECODE,384,0,384,2033.98,15.74,1
15865,DECODE,384,0,384,2034.98,15.76,1
15866,DECODE,383,0,383,2035.06,15.74,1
15867,DECODE,383,0,383,2036.06,15.86,1
15868,DECODE,382,0,382,2035.69,15.76,1
15869,DECODE,382,0,382,2036.69,17.07,1
15870,DECODE,381,0,381,2036.32,16.94,1
15871,DECODE,381,0,381,2037.32,16.92,1
15872,DECODE,381,0,381,2038.32,16.67,1
15873,DECODE,381,0,381,2039.32,16.54,1
15874,DECODE,381,0,381,2040.32,16.57,1
15875,DECODE,381,0,381,2041.32,16.75,1
15876,DECODE,381,0,381,2042.32,16.59,1
15877,DECODE,381,0,381,2043.32,16.64,1
15878,DECODE,381,0,381,2044.32,16.94,1
15879,DECODE,380,0,380,2043.96,18.56,1
15880,DECODE,380,0,380,2044.96,18.22,1
15881,DECODE,380,0,380,2045.96,16.68,1
15882,DECODE,380,0,380,2046.96,16.75,1
15883,DECODE,380,0,380,2047.96,16.69,1
15884,DECODE,380,0,380,2048.96,16.78,1
15885,DECODE,379,0,379,2048.61,16.96,1
15886,DECODE,378,0,378,2048.26,15.70,1
15887,DECODE,377,0,377,2047.90,17.11,1
15888,DECODE,376,0,376,2047.54,17.12,1
15889,DECODE,375,0,375,2048.95,17.32,1
15890,DECODE,375,0,375,2049.95,16.83,1
15891,DECODE,375,0,375,2050.95,16.55,1
15892,DECODE,375,0,375,2051.95,16.44,1
15893,DECODE,375,0,375,2052.95,16.60,1
15894,DECODE,374,0,374,2054.04,16.85,1
15895,DECODE,374,0,374,2055.04,17.09,1
15896,DECODE,372,0,372,2053.32,17.01,1
15897,DECODE,371,0,371,2052.96,17.33,1
15898,DECODE,369,0,369,2051.21,17.09,1
15899,DECODE,369,0,369,2052.21,16.86,1
15900,DECODE,369,0,369,2053.21,16.62,1
15901,DECODE,368,0,368,2053.37,16.73,1
15902,DECODE,368,0,368,2054.37,16.81,1
15903,DECODE,368,0,368,2055.37,16.55,1
15904,DECODE,368,0,368,2056.37,16.48,1
15905,DECODE,368,0,368,2057.37,16.41,1
15906,DECODE,367,0,367,2057.00,16.81,1
15907,DECODE,367,0,367,2058.00,16.87,1
15908,DECODE,367,0,367,2059.00,16.45,1
15909,DECODE,367,0,367,2060.00,16.37,1
15910,DECODE,366,0,366,2061.25,16.60,1
15911,DECODE,366,0,366,2062.25,16.59,1
15912,DECODE,366,0,366,2063.25,16.71,1
15913,DECODE,366,0,366,2064.25,16.74,1
15914,DECODE,365,0,365,2063.89,16.98,1
15915,DECODE,363,0,363,2062.64,17.23,1
15916,DECODE,363,0,363,2063.64,23.38,1
15917,DECODE,363,0,363,2064.64,16.53,1
15918,DECODE,362,0,362,2064.28,17.13,1
15919,DECODE,362,0,362,2065.28,16.53,1
15920,DECODE,362,0,362,2066.28,15.99,1
15921,DECODE,362,0,362,2067.28,17.24,1
15922,DECODE,362,0,362,2068.28,16.44,1
15923,DECODE,362,0,362,2069.28,16.55,1
15924,DECODE,362,0,362,2070.28,16.47,1
15925,DECODE,362,0,362,2071.28,16.51,1
15926,DECODE,362,0,362,2072.28,16.94,1
15927,DECODE,362,0,362,2073.28,16.50,1
15928,DECODE,362,0,362,2074.28,17.03,1
15929,DECODE,362,0,362,2075.28,16.51,1
15930,DECODE,361,0,361,2074.93,17.32,1
15931,DECODE,361,0,361,2075.93,16.96,1
15932,DECODE,361,0,361,2076.93,16.47,1
15933,DECODE,361,0,361,2077.93,16.79,1
15934,DECODE,361,0,361,2078.93,16.56,1
15935,DECODE,361,0,361,2079.93,16.55,1
15936,DECODE,360,0,360,2080.97,16.80,1
15937,DECODE,360,0,360,2081.97,18.13,1
15938,DECODE,359,0,359,2082.50,16.94,1
15939,DECODE,359,0,359,2083.50,16.77,1
15940,DECODE,359,0,359,2084.50,16.62,1
15941,DECODE,359,0,359,2085.50,16.39,1
15942,DECODE,359,0,359,2086.50,16.46,1
15943,DECODE,359,0,359,2087.50,16.45,1
15944,DECODE,359,0,359,2088.50,17.35,1
15945,DECODE,359,0,359,2089.50,16.58,1
15946,DECODE,359,0,359,2090.50,16.61,1
15947,DECODE,359,0,359,2091.50,16.94,1
15948,DECODE,358,0,358,2091.20,17.04,1
15949,DECODE,358,0,358,2092.20,16.57,1
15950,DECODE,358,0,358,2093.20,16.53,1
15951,DECODE,358,0,358,2094.20,16.54,1
15952,DECODE,358,0,358,2095.20,16.91,1
15953,DECODE,357,0,357,2094.89,17.34,1
15954,DECODE,357,0,357,2095.89,16.88,1
15955,DECODE,357,0,357,2096.89,17.60,1
15956,DECODE,357,0,357,2097.89,16.56,1
15957,DECODE,357,0,357,2098.89,16.68,1
15958,DECODE,356,0,356,2098.93,16.86,1
15959,DECODE,356,0,356,2099.93,15.19,1
15960,DECODE,356,0,356,2100.93,16.31,1
15961,DECODE,356,0,356,2101.93,16.39,1
15962,DECODE,356,0,356,2102.93,15.19,1
15963,DECODE,354,0,354,2101.55,15.55,1
15964,DECODE,354,0,354,2102.55,16.81,1
15965,DECODE,353,0,353,2102.26,16.57,1
15966,DECODE,353,0,353,2103.26,15.61,1
15967,DECODE,352,0,352,2102.96,15.84,1
15968,DECODE,352,0,352,2103.96,17.68,1
15969,DECODE,352,0,352,2104.96,16.48,1
15970,DECODE,352,0,352,2105.96,16.38,1
15971,DECODE,352,0,352,2106.96,16.27,1
15972,DECODE,352,0,352,2107.96,16.37,1
15973,DECODE,351,0,351,2107.67,16.65,1
15974,DECODE,350,0,350,2107.78,17.07,1
15975,DECODE,350,0,350,2108.78,16.68,1
15976,DECODE,350,0,350,2109.78,16.37,1
15977,DECODE,350,0,350,2110.78,16.48,1
15978,DECODE,350,0,350,2111.78,16.38,1
15979,DECODE,350,0,350,2112.78,16.27,1
15980,DECODE,350,0,350,2113.78,15.44,1
15981,DECODE,349,0,349,2113.50,15.46,1
15982,DECODE,349,0,349,2114.50,15.44,1
15983,DECODE,349,0,349,2115.50,15.30,1
15984,DECODE,348,0,348,2115.22,15.43,1
15985,EXTEND,1,81,0,85.00,26.50,1
15986,DECODE,348,0,348,2110.95,15.39,1
15987,EXTEND,1,101,0,104.00,15.95,1
15988,DECODE,349,0,349,2106.19,15.26,1
15989,DECODE,349,0,349,2107.19,15.43,1
15990,DECODE,349,0,349,2108.19,15.65,1
15991,DECODE,349,0,349,2109.19,15.63,1
15992,DECODE,349,0,349,2110.19,15.51,1
15993,DECODE,348,0,348,2111.72,16.38,1
15994,EXTEND,1,104,0,108.00,30.45,1
15995,DECODE,349,0,349,2106.97,15.45,1
15996,DECODE,349,0,349,2107.97,16.47,1
15997,DECODE,349,0,349,2108.97,16.34,1
15998,DECODE,349,0,349,2109.97,16.21,1
15999,DECODE,349,0,349,2110.97,16.52,1
16000,DECODE,347,0,347,2110.54,16.85,1
16001,EXTEND,3,355,0,122.33,35.56,1
16002,DECODE,348,0,348,2094.87,15.74,1
16003,EXTEND,3,149,0,54.00,27.08,1
16004,DECODE,351,0,351,2078.43,15.48,1
16005,DECODE,351,0,351,2079.43,15.41,1
16006,DECODE,351,0,351,2080.43,16.38,1
16007,DECODE,350,0,350,2080.06,16.83,1
16008,EXTEND,2,241,0,127.50,43.10,1
16009,DECODE,352,0,352,2069.96,15.44,1
16010,DECODE,352,0,352,2070.96,15.45,1
16011,DECODE,352,0,352,2071.96,15.64,1
16012,DECODE,351,0,351,2071.57,16.00,1
16013,EXTEND,4,458,0,119.75,38.39,1
16014,DECODE,353,0,353,2047.69,15.90,1
16015,EXTEND,2,108,0,60.00,27.83,1
16016,DECODE,355,0,355,2037.49,15.37,1
16017,DECODE,355,0,355,2038.49,15.40,1
16018,DECODE,355,0,355,2039.49,15.46,1
16019,DECODE,355,0,355,2040.49,15.81,1
16020,DECODE,354,0,354,2041.74,15.67,1
16021,EXTEND,2,80,0,45.00,29.45,1
16022,DECODE,356,0,356,2031.53,15.38,1
16023,DECODE,356,0,356,2032.53,15.64,1
16024,DECODE,356,0,356,2033.53,15.59,1
16025,DECODE,356,0,356,2034.53,16.58,1
16026,DECODE,356,0,356,2035.53,16.59,1
16027,DECODE,356,0,356,2036.53,16.74,1
16028,DECODE,356,0,356,2037.53,16.79,1
16029,DECODE,355,0,355,2037.05,16.91,1
16030,EXTEND,2,73,0,42.00,34.94,1
16031,DECODE,357,0,357,2026.88,15.29,1
16032,DECODE,357,0,357,2027.88,15.98,1
16033,DECODE,356,0,356,2027.38,16.71,1
16034,EXTEND,2,162,0,86.00,40.73,1
16035,DECODE,358,0,358,2017.54,15.60,1
16036,DECODE,358,0,358,2018.54,15.82,1
16037,DECODE,358,0,358,2019.54,15.60,1
16038,DECODE,358,0,358,2020.54,16.30,1
16039,DECODE,358,0,358,2021.54,16.39,1
16040,DECODE,357,0,357,2021.03,17.14,1
16041,EXTEND,3,384,0,134.33,32.27,1
16042,DECODE,359,0,359,2005.89,15.77,1
16043,EXTEND,1,57,0,61.00,32.18,1
16044,DECODE,360,0,360,2001.49,15.36,1
16045,DECODE,360,0,360,2002.49,15.31,1
16046,DECODE,359,0,359,2001.94,15.49,1
16047,EXTEND,2,364,0,187.00,23.29,1
16048,DECODE,361,0,361,1992.88,15.40,1
16049,DECODE,361,0,361,1993.88,15.46,1
16050,DECODE,360,0,360,1993.31,15.68,1
16051,EXTEND,2,147,0,78.50,16.83,1
16052,DECODE,362,0,362,1983.73,15.38,1
16053,DECODE,362,0,362,1984.73,15.48,1
16054,DECODE,362,0,362,1985.73,16.17,1
16055,DECODE,362,0,362,1986.73,15.59,1
16056,DECODE,362,0,362,1987.73,16.32,1
16057,DECODE,361,0,361,1987.15,16.28,1
16058,EXTEND,2,221,0,116.50,36.11,1
16059,DECODE,363,0,363,1977.84,15.00,1
16060,DECODE,363,0,363,1978.84,14.79,1
16061,DECODE,362,0,362,1978.23,15.89,1
16062,EXTEND,2,394,0,202.00,50.28,1
16063,DECODE,364,0,364,1969.48,15.91,1
16064,DECODE,364,0,364,1970.48,15.15,1
16065,DECODE,363,0,363,1969.85,15.38,1
16066,EXTEND,2,314,0,164.00,23.78,1
16067,DECODE,365,0,365,1960.96,15.53,1
16068,DECODE,365,0,365,1961.96,15.39,1
16069,DECODE,364,0,364,1961.31,14.82,1
16070,EXTEND,2,371,0,194.00,22.72,1
16071,DECODE,366,0,366,1952.66,14.56,1
16072,DECODE,366,0,366,1953.66,14.70,1
16073,DECODE,365,0,365,1952.99,14.76,1
16074,EXTEND,2,251,0,133.50,24.54,1
16075,DECODE,367,0,367,1944.08,14.60,1
16076,DECODE,367,0,367,1945.08,14.72,1
16077,DECODE,367,0,367,1946.08,14.74,1
16078,DECODE,366,0,366,1945.40,14.81,1
16079,EXTEND,2,222,0,118.50,24.90,1
16080,DECODE,366,0,366,1934.69,14.55,1
16081,EXTEND,3,155,0,57.67,23.05,1
16082,DECODE,368,0,368,1918.70,14.51,1
16083,EXTEND,2,179,0,94.00,16.05,1
16084,DECODE,370,0,370,1909.83,14.55,1
16085,DECODE,370,0,370,1910.83,14.60,1
16086,DECODE,369,0,369,1910.07,14.55,1
16087,EXTEND,2,147,0,77.50,16.40,1
16088,DECODE,371,0,371,1901.19,14.56,1
16089,DECODE,371,0,371,1902.19,14.62,1
16090,DECODE,370,0,370,1901.42,14.87,1
16091,EXTEND,3,604,0,206.00,27.17,1
16092,DECODE,373,0,373,1888.78,14.68,1
16093,DECODE,373,0,373,1889.78,14.86,1
16094,DECODE,373,0,373,1890.78,14.93,1
16095,DECODE,373,0,373,1891.78,14.87,1
16096,DECODE,373,0,373,1892.78,14.88,1
16097,DECODE,373,0,373,1893.78,14.95,1
16098,DECODE,373,0,373,1894.78,14.75,1
16099,DECODE,373,0,373,1895.78,14.98,1
16100,DECODE,372,0,372,1894.99,14.85,1
16101,EXTEND,3,1172,0,395.33,36.71,1
16102,DECODE,374,0,374,1883.10,14.73,1
16103,EXTEND,1,351,0,360.00,22.58,1
16104,DECODE,375,0,375,1880.03,14.59,1
16105,DECODE,375,0,375,1881.03,14.59,1
16106,DECODE,374,0,374,1880.22,14.67,1
16107,EXTEND,2,683,0,348.00,16.38,1
16108,DECODE,376,0,376,1873.07,14.51,1
16109,DECODE,376,0,376,1874.07,14.67,1
16110,DECODE,375,0,375,1873.24,14.66,1
16111,EXTEND,2,656,0,334.00,16.38,1
16112,DECODE,377,0,377,1866.07,14.55,1
16113,DECODE,377,0,377,1867.07,14.55,1
16114,DECODE,377,0,377,1868.07,14.69,1
16115,DECODE,377,0,377,1869.07,14.59,1
16116,DECODE,377,0,377,1870.07,14.79,1
16117,DECODE,377,0,377,1871.07,15.53,1
16118,DECODE,376,0,376,1870.24,15.62,1
16119,EXTEND,2,627,0,319.50,34.20,1
16120,DECODE,376,0,376,1859.33,14.72,1
16121,EXTEND,3,670,0,228.00,25.07,1
16122,DECODE,379,0,379,1847.42,14.60,1
16123,DECODE,379,0,379,1848.42,14.71,1
16124,DECODE,379,0,379,1849.42,15.14,1
16125,DECODE,378,0,378,1848.54,14.76,1
16126,EXTEND,3,911,0,308.33,28.69,1
16127,DECODE,380,0,380,1836.80,14.54,1
16128,EXTEND,2,1020,0,514.00,16.50,1
16129,DECODE,382,0,382,1830.87,14.44,1
16130,DECODE,382,0,382,1831.87,14.58,1
16131,DECODE,381,0,381,1830.96,15.40,1
16132,EXTEND,4,2334,0,587.50,23.13,1
16133,DECODE,382,0,382,1813.22,14.46,1
16134,EXTEND,3,1432,0,488.67,20.71,1
16135,DECODE,382,0,382,1797.96,14.24,1
16136,EXTEND,4,1805,0,455.50,23.07,1
16137,DECODE,385,0,385,1783.03,14.42,1
16138,EXTEND,3,1310,0,445.00,20.41,1
16139,DECODE,388,0,388,1773.69,14.54,1
16140,DECODE,388,0,388,1774.69,14.53,1
16141,DECODE,388,0,388,1775.69,14.62,1
16142,DECODE,388,0,388,1776.69,14.68,1
16143,DECODE,386,0,386,1773.63,14.64,1
16144,EXTEND,4,1732,0,438.50,24.05,1
16145,DECODE,390,0,390,1760.94,14.45,1
16146,DECODE,390,0,390,1761.94,14.89,1
16147,DECODE,388,0,388,1758.82,14.61,1
16148,EXTEND,5,2148,0,435.60,26.27,1
16149,DECODE,391,0,391,1738.81,14.68,1
16150,EXTEND,3,1270,0,431.33,21.28,1
16151,DECODE,393,0,393,1727.74,14.43,1
16152,EXTEND,3,1265,0,426.67,15.95,1
16153,DECODE,396,0,396,1718.88,14.36,1
16154,DECODE,396,0,396,1719.88,14.53,1
16155,DECODE,395,0,395,1720.08,14.50,1
16156,EXTEND,3,1263,0,425.67,21.53,1
16157,DECODE,396,0,396,1707.03,15.46,1
16158,EXTEND,3,1248,0,423.67,21.22,1
16159,DECODE,398,0,398,1696.22,14.30,1
16160,EXTEND,2,841,0,424.00,15.97,1
16161,DECODE,400,0,400,1690.86,14.33,1
16162,DECODE,400,0,400,1691.86,14.39,1
16163,DECODE,400,0,400,1692.86,14.43,1
16164,DECODE,400,0,400,1693.86,14.84,1
16165,DECODE,400,0,400,1694.86,15.08,1
16166,DECODE,399,0,399,1693.69,14.83,1
16167,EXTEND,3,1250,0,421.00,37.00,1
16168,DECODE,401,0,401,1683.01,15.45,1
16169,EXTEND,2,823,0,417.50,15.80,1
16170,DECODE,403,0,403,1677.73,14.75,1
16171,DECODE,403,0,403,1678.73,14.78,1
16172,DECODE,403,0,403,1679.73,15.11,1
16173,DECODE,403,0,403,1680.73,15.34,1
16174,DECODE,403,0,403,1681.73,14.93,1
16175,DECODE,402,0,402,1680.54,15.88,1
16176,EXTEND,2,823,0,416.00,29.35,1
16177,DECODE,404,0,404,1675.28,14.95,1
16178,DECODE,404,0,404,1676.28,14.84,1
16179,DECODE,404,0,404,1677.28,15.74,1
16180,DECODE,402,0,402,1673.89,16.19,1
16181,EXTEND,4,969,0,247.25,29.74,1
16182,DECODE,406,0,406,1660.83,15.49,1
16183,DECODE,406,0,406,1661.83,14.85,1
16184,DECODE,406,0,406,1662.83,15.00,1
16185,DECODE,406,0,406,1663.83,15.61,1
16186,DECODE,406,0,406,1664.83,15.89,1
16187,DECODE,406,0,406,1665.83,15.99,1
16188,DECODE,405,0,405,1664.63,16.60,1
16189,EXTEND,3,1233,0,416.00,42.26,1
16190,DECODE,408,0,408,1656.45,15.10,1
16191,DECODE,408,0,408,1657.45,15.12,1
16192,DECODE,406,0,406,1654.00,15.65,1
16193,EXTEND,4,2121,0,536.25,36.95,1
16194,DECODE,409,0,409,1641.86,14.94,1
16195,EXTEND,3,2264,0,758.33,23.54,1
16196,DECODE,412,0,412,1636.42,14.79,1
16197,DECODE,412,0,412,1637.42,15.08,1
16198,DECODE,412,0,412,1638.42,15.02,1
16199,DECODE,412,0,412,1639.42,15.28,1
16200,DECODE,411,0,411,1638.18,15.24,1
16201,EXTEND,2,1308,0,658.00,31.39,1
16202,DECODE,411,0,411,1630.91,14.96,1
16203,EXTEND,3,1866,0,631.00,23.74,1
16204,DECODE,414,0,414,1624.66,14.74,1
16205,DECODE,414,0,414,1625.66,14.94,1
16206,DECODE,412,0,412,1623.03,15.21,1
16207,EXTEND,4,1946,0,491.00,25.05,1
16208,DECODE,416,0,416,1613.15,15.10,1
16209,DECODE,416,0,416,1614.15,14.80,1
16210,DECODE,414,0,414,1610.58,14.96,1
16211,EXTEND,4,2437,0,614.75,23.54,1
16212,DECODE,417,0,417,1599.75,14.50,1
16213,EXTEND,3,1807,0,608.33,23.77,1
16214,DECODE,420,0,420,1593.67,14.48,1
16215,DECODE,420,0,420,1594.67,14.48,1
16216,DECODE,419,0,419,1594.21,15.57,1
16217,EXTEND,3,1251,0,423.00,22.93,1
16218,DECODE,422,0,422,1586.89,14.62,1
16219,DECODE,422,0,422,1587.89,15.34,1
16220,DECODE,421,0,421,1586.58,14.57,1
16221,EXTEND,2,1473,0,742.50,22.05,1
16222,DECODE,423,0,423,1583.59,14.60,1
16223,DECODE,423,0,423,1584.59,14.58,1
16224,DECODE,422,0,422,1583.27,14.41,1
16225,EXTEND,2,1420,0,714.50,23.31,1
16226,DECODE,424,0,424,1580.18,14.45,1
16227,DECODE,424,0,424,1581.18,14.67,1
16228,DECODE,421,0,421,1576.30,14.64,1
16229,EXTEND,4,2630,0,664.75,24.65,1
16230,DECODE,423,0,423,1564.03,14.54,1
16231,EXTEND,4,2579,0,653.25,23.08,1
16232,DECODE,427,0,427,1556.50,14.56,1
16233,DECODE,427,0,427,1557.50,14.59,1
16234,DECODE,427,0,427,1558.50,14.57,1
16235,DECODE,427,0,427,1559.50,14.88,1
16236,DECODE,426,0,426,1558.15,14.87,1
16237,EXTEND,3,1896,0,637.33,20.96,1
16238,DECODE,429,0,429,1552.71,14.53,1
16239,DECODE,429,0,429,1553.71,14.86,1
16240,DECODE,427,0,427,1551.12,15.12,1
16241,EXTEND,4,3284,0,828.00,33.89,1
16242,DECODE,431,0,431,1545.41,15.48,1
16243,DECODE,431,0,431,1546.41,14.60,1
16244,DECODE,431,0,431,1547.41,14.57,1
16245,DECODE,431,0,431,1548.41,14.71,1
16246,DECODE,430,0,430,1547.97,14.72,1
16247,EXTEND,4,2841,0,715.75,23.84,1
16248,DECODE,433,0,433,1538.94,14.89,1
16249,EXTEND,2,1322,0,667.50,21.22,1
16250,DECODE,434,0,434,1533.58,14.79,1
16251,EXTEND,2,1605,0,807.50,35.52,1
16252,DECODE,435,0,435,1529.47,15.31,1
16253,EXTEND,2,1765,0,886.00,37.81,1
16254,DECODE,436,0,436,1525.16,15.47,1
16255,EXTEND,2,1489,0,752.50,21.33,1
16256,DECODE,438,0,438,1522.63,15.21,1
16257,DECODE,438,0,438,1523.63,14.78,1
16258,DECODE,437,0,437,1522.26,15.33,1
16259,EXTEND,2,1389,0,701.50,21.61,1
16260,DECODE,438,0,438,1517.15,14.67,1
16261,EXTEND,2,1370,0,697.50,16.45,1
16262,DECODE,440,0,440,1514.42,14.69,1
16263,DECODE,440,0,440,1515.42,14.80,1
16264,DECODE,439,0,439,1514.04,15.14,1
16265,EXTEND,2,1369,0,691.50,22.90,1
16266,DECODE,441,0,441,1511.31,14.79,1
16267,DECODE,441,0,441,1512.31,14.79,1
16268,DECODE,440,0,440,1511.68,14.96,1
16269,EXTEND,2,1498,0,754.50,23.50,1
16270,DECODE,442,0,442,1509.26,15.58,1
16271,DECODE,442,0,442,1510.26,15.03,1
16272,DECODE,441,0,441,1508.88,15.32,1
16273,EXTEND,3,1516,0,512.67,18.09,1
16274,DECODE,441,0,441,1496.40,14.89,1
16275,EXTEND,4,2208,0,556.00,24.59,1
16276,DECODE,445,0,445,1488.95,14.77,1
16277,DECODE,445,0,445,1489.95,14.89,1
16278,DECODE,445,0,445,1490.95,14.95,1
16279,DECODE,445,0,445,1491.95,15.04,1
16280,DECODE,445,0,445,1492.95,15.21,1
16281,DECODE,445,0,445,1493.95,15.04,1
16282,DECODE,444,0,444,1492.55,16.02,1
16283,EXTEND,3,2479,0,832.33,42.01,1
16284,DECODE,447,0,447,1489.12,14.98,1
16285,DECODE,447,0,447,1490.12,14.86,1
16286,DECODE,447,0,447,1491.12,16.20,1
16287,DECODE,447,0,447,1492.12,15.75,1
16288,DECODE,447,0,447,1493.12,15.88,1
16289,DECODE,447,0,447,1494.12,15.62,1
16290,DECODE,446,0,446,1492.73,16.43,1
16291,EXTEND,4,996,0,254.00,37.01,1
16292,DECODE,448,0,448,1478.87,15.47,1
16293,EXTEND,4,3047,0,774.25,32.90,1
16294,DECODE,451,0,451,1471.22,14.87,1
16295,EXTEND,3,2151,0,722.33,24.30,1
16296,DECODE,453,0,453,1465.74,14.85,1
16297,EXTEND,2,1398,0,704.50,20.91,1
16298,DECODE,454,0,454,1460.98,14.86,1
16299,EXTEND,3,1811,0,608.33,24.27,1
16300,DECODE,456,0,456,1453.96,14.85,1
16301,EXTEND,2,893,0,457.00,44.25,1
16302,DECODE,458,0,458,1450.60,15.12,1
16303,DECODE,458,0,458,1451.60,14.98,1
16304,DECODE,457,0,457,1450.86,15.27,1
16305,EXTEND,3,2337,0,782.67,23.28,1
16306,DECODE,459,0,459,1445.08,14.87,1
16307,EXTEND,2,1515,0,763.50,21.31,1
16308,DECODE,460,0,460,1440.70,14.91,1
16309,EXTEND,2,953,0,482.00,16.38,1
16310,DECODE,460,0,460,1432.67,14.76,1
16311,EXTEND,3,2266,0,762.33,22.89,1
16312,DECODE,463,0,463,1429.32,14.78,1
16313,DECODE,463,0,463,1430.32,14.94,1
16314,DECODE,463,0,463,1431.32,14.97,1
16315,DECODE,463,0,463,1432.32,14.96,1
16316,DECODE,462,0,462,1430.88,15.03,1
16317,EXTEND,4,3071,0,775.50,20.99,1
16318,DECODE,465,0,465,1423.82,15.01,1
16319,EXTEND,2,1498,0,758.00,16.56,1
16320,DECODE,467,0,467,1421.96,14.96,1
16321,DECODE,467,0,467,1422.96,15.03,1
16322,DECODE,466,0,466,1421.53,15.13,1
16323,EXTEND,2,1491,0,750.00,16.92,1
16324,DECODE,468,0,468,1419.66,14.96,1
16325,DECODE,468,0,468,1420.66,15.08,1
16326,DECODE,468,0,468,1421.66,15.25,1
16327,DECODE,468,0,468,1422.66,15.20,1
16328,DECODE,468,0,468,1423.66,15.12,1
16329,DECODE,468,0,468,1424.66,14.96,1
16330,DECODE,467,0,467,1423.23,15.10,1
16331,EXTEND,3,1536,0,516.33,17.00,1
16332,DECODE,470,0,470,1418.44,15.02,1
16333,DECODE,470,0,470,1419.44,15.08,1
16334,DECODE,470,0,470,1420.44,15.12,1
16335,DECODE,470,0,470,1421.44,15.96,1
16336,DECODE,470,0,470,1422.44,16.25,1
16337,DECODE,469,0,469,1421.01,16.06,1
16338,EXTEND,3,2425,0,817.00,42.98,1
16339,DECODE,472,0,472,1418.17,15.31,1
16340,DECODE,472,0,472,1419.17,15.68,1
16341,DECODE,472,0,472,1420.17,16.21,1
16342,DECODE,471,0,471,1418.75,16.12,1
16343,EXTEND,3,2337,0,785.00,37.69,1
16344,DECODE,474,0,474,1415.74,15.26,1
16345,DECODE,474,0,474,1416.74,15.23,1
16346,DECODE,473,0,473,1415.33,15.21,1
16347,EXTEND,3,2292,0,769.33,34.33,1
16348,DECODE,475,0,475,1409.84,15.31,1
16349,EXTEND,2,1929,0,968.50,22.39,1
16350,DECODE,476,0,476,1406.57,15.03,1
16351,EXTEND,2,1780,0,894.50,21.27,1
16352,DECODE,478,0,478,1405.42,15.16,1
16353,DECODE,478,0,478,1406.42,15.15,1
16354,DECODE,478,0,478,1407.42,15.50,1
16355,DECODE,477,0,477,1406.01,15.35,1
16356,EXTEND,3,1696,0,570.67,25.88,1
16357,DECODE,479,0,479,1399.37,15.21,1
16358,EXTEND,2,1632,0,821.50,18.92,1
16359,DECODE,481,0,481,1397.97,15.21,1
16360,DECODE,481,0,481,1398.97,15.65,1
16361,DECODE,481,0,481,1399.97,15.76,1
16362,DECODE,481,0,481,1400.97,15.61,1
16363,DECODE,481,0,481,1401.97,15.36,1
16364,DECODE,481,0,481,1402.97,15.49,1
16365,DECODE,480,0,480,1402.21,16.28,1
16366,EXTEND,3,2414,0,813.33,47.34,1
16367,DECODE,482,0,482,1397.55,15.26,1
16368,EXTEND,2,1588,0,813.50,20.85,1
16369,DECODE,484,0,484,1396.14,15.24,1
16370,DECODE,484,0,484,1397.14,15.23,1
16371,DECODE,482,0,482,1393.31,15.46,1
16372,EXTEND,3,2462,0,824.33,23.33,1
16373,DECODE,485,0,485,1390.79,15.33,1
16374,DECODE,485,0,485,1391.79,15.43,1
16375,DECODE,485,0,485,1392.79,16.12,1
16376,DECODE,485,0,485,1393.79,15.27,1
16377,DECODE,485,0,485,1394.79,15.73,1
16378,DECODE,485,0,485,1395.79,16.29,1
16379,DECODE,484,0,484,1394.39,16.75,1
16380,EXTEND,3,2422,0,821.33,38.96,1
16381,DECODE,485,0,485,1387.04,15.44,1
16382,EXTEND,4,3250,0,819.50,23.61,1
16383,DECODE,489,0,489,1383.40,15.34,1
16384,DECODE,489,0,489,1384.40,15.45,1
16385,DECODE,489,0,489,1385.40,15.66,1
16386,DECODE,489,0,489,1386.40,15.52,1
16387,DECODE,489,0,489,1387.40,15.57,1
16388,DECODE,489,0,489,1388.40,15.51,1
16389,DECODE,489,0,489,1389.40,16.71,1
16390,DECODE,489,0,489,1390.40,16.15,1
16391,DECODE,489,0,489,1391.40,16.21,1
16392,DECODE,489,0,489,1392.40,16.31,1
16393,DECODE,489,0,489,1393.40,16.30,1
16394,DECODE,489,0,489,1394.40,16.48,1
16395,DECODE,489,0,489,1395.40,17.48,1
16396,DECODE,489,0,489,1396.40,16.64,1
16397,DECODE,489,0,489,1397.40,16.57,1
16398,DECODE,489,0,489,1398.40,16.46,1
16399,DECODE,489,0,489,1399.40,16.89,1
16400,DECODE,488,0,488,1398.02,17.03,1
16401,EXTEND,4,2455,0,620.00,43.92,1
16402,DECODE,492,0,492,1392.69,16.28,1
16403,DECODE,492,0,492,1393.69,15.51,1
16404,DECODE,492,0,492,1394.69,16.07,1
16405,DECODE,492,0,492,1395.69,15.61,1
16406,DECODE,492,0,492,1396.69,15.62,1
16407,DECODE,492,0,492,1397.69,15.57,1
16408,DECODE,492,0,492,1398.69,15.65,1
16409,DECODE,492,0,492,1399.69,17.06,1
16410,DECODE,492,0,492,1400.69,16.78,1
16411,DECODE,492,0,492,1401.69,17.08,1
16412,DECODE,492,0,492,1402.69,16.85,1
16413,DECODE,491,0,491,1401.34,17.09,1
16414,EXTEND,5,3720,0,751.40,45.06,1
16415,DECODE,496,0,496,1395.78,15.76,1
16416,DECODE,496,0,496,1396.78,15.85,1
16417,DECODE,496,0,496,1397.78,15.71,1
16418,DECODE,496,0,496,1398.78,16.19,1
16419,DECODE,496,0,496,1399.78,16.60,1
16420,DECODE,496,0,496,1400.78,16.66,1
16421,DECODE,496,0,496,1401.78,16.84,1
16422,DECODE,495,0,495,1400.44,17.09,1
16423,EXTEND,4,3380,0,854.50,44.48,1
16424,DECODE,499,0,499,1397.07,15.98,1
16425,DECODE,499,0,499,1398.07,15.89,1
16426,DECODE,499,0,499,1399.07,16.67,1
16427,DECODE,499,0,499,1400.07,16.76,1
16428,DECODE,499,0,499,1401.07,16.71,1
16429,DECODE,499,0,499,1402.07,16.88,1
16430,DECODE,499,0,499,1403.07,17.10,1
16431,DECODE,499,0,499,1404.07,16.96,1
16432,DECODE,499,0,499,1405.07,17.22,1
16433,DECODE,499,0,499,1406.07,17.05,1
16434,DECODE,499,0,499,1407.07,17.09,1
16435,DECODE,499,0,499,1408.07,16.98,1
16436,DECODE,499,0,499,1409.07,18.18,1
16437,DECODE,499,0,499,1410.07,17.12,1
16438,DECODE,499,0,499,1411.07,17.21,1
16439,DECODE,498,0,498,1410.08,15.95,1
16440,EXTEND,4,3562,0,896.25,25.04,1
16441,DECODE,502,0,502,1406.99,15.91,1
16442,DECODE,502,0,502,1407.99,15.92,1
16443,DECODE,502,0,502,1408.99,15.96,1
16444,DECODE,501,0,501,1407.69,15.96,1
16445,EXTEND,4,3481,0,878.50,31.39,1
16446,DECODE,504,0,504,1402.21,16.39,1
16447,EXTEND,3,2493,0,839.00,38.28,1
16448,DECODE,507,0,507,1399.88,16.22,1
16449,DECODE,507,0,507,1400.88,16.35,1
16450,DECODE,507,0,507,1401.88,16.28,1
16451,DECODE,507,0,507,1402.88,16.55,1
16452,DECODE,507,0,507,1403.88,16.68,1
16453,DECODE,506,0,506,1402.59,16.55,1
16454,EXTEND,3,2829,0,949.33,40.84,1
16455,DECODE,509,0,509,1400.92,16.03,1
16456,DECODE,509,0,509,1401.92,16.08,1
16457,DECODE,509,0,509,1402.92,16.22,1
16458,DECODE,509,0,509,1403.92,16.04,1
16459,DECODE,509,0,509,1404.92,16.32,1
16460,DECODE,508,0,508,1403.65,17.02,1
16461,EXTEND,3,2711,0,917.67,40.19,1
16462,DECODE,511,0,511,1401.79,16.24,1
16463,DECODE,511,0,511,1402.79,17.09,1
16464,DECODE,511,0,511,1403.79,16.10,1
16465,DECODE,511,0,511,1404.79,16.76,1
16466,DECODE,511,0,511,1405.79,16.84,1
16467,DECODE,511,0,511,1406.79,16.72,1
16468,DECODE,511,0,511,1407.79,17.10,1
16469,DECODE,511,0,511,1408.79,17.36,1
16470,DECODE,510,0,510,1407.54,17.59,1
16471,EXTEND,3,2778,0,933.67,39.14,1
16472,DECODE,513,0,513,1405.76,17.46,1
16473,DECODE,513,0,513,1406.76,17.55,1
16474,DECODE,511,0,511,1403.25,15.89,1
16475,EXTEND,4,3525,0,886.75,24.11,1
16476,DECODE,515,0,515,1400.24,18.12,1
16477,DECODE,515,0,515,1401.24,17.92,1
16478,DECODE,515,0,515,1402.24,17.25,1
16479,DECODE,515,0,515,1403.24,27.70,1
16480,DECODE,515,0,515,1404.24,17.40,1
16481,DECODE,515,0,515,1405.24,27.60,1
16482,DECODE,515,0,515,1406.24,17.34,1
16483,DECODE,515,0,515,1407.24,17.26,1
16484,DECODE,515,0,515,1408.24,17.25,1
16485,DECODE,515,0,515,1409.24,17.52,1
16486,DECODE,514,0,514,1408.00,17.30,1
16487,EXTEND,4,3051,0,766.50,21.98,1
16488,DECODE,518,0,518,1404.05,17.55,1
16489,DECODE,518,0,518,1405.05,17.52,1
16490,DECODE,517,0,517,1403.81,17.27,1
16491,EXTEND,3,2832,0,951.00,23.97,1
16492,DECODE,520,0,520,1402.20,17.22,1
16493,DECODE,520,0,520,1403.20,17.18,1
16494,DECODE,520,0,520,1404.20,17.18,1
16495,DECODE,520,0,520,1405.20,17.10,1
16496,DECODE,520,0,520,1406.20,17.12,1
16497,DECODE,520,0,520,1407.20,17.15,1
16498,DECODE,520,0,520,1408.20,17.34,1
16499,DECODE,519,0,519,1406.98,17.30,1
16500,EXTEND,4,3525,0,885.75,22.06,1
16501,DECODE,522,0,522,1404.89,17.73,1
16502,EXTEND,3,2902,0,971.67,21.66,1
16503,DECODE,525,0,525,1403.42,17.68,1
16504,DECODE,525,0,525,1404.42,17.81,1
16505,DECODE,524,0,524,1403.21,17.73,1
16506,EXTEND,3,2710,0,909.00,22.77,1
16507,DECODE,524,0,524,1394.90,17.63,1
16508,EXTEND,4,3616,0,909.00,24.80,1
16509,DECODE,528,0,528,1392.22,17.61,1
16510,DECODE,528,0,528,1393.22,17.42,1
16511,DECODE,528,0,528,1394.22,17.74,1
16512,DECODE,527,0,527,1393.01,17.98,1
16513,EXTEND,4,3696,0,929.25,25.24,1
16514,DECODE,529,0,529,1386.62,17.92,1
16515,EXTEND,3,2708,0,909.33,22.13,1
16516,DECODE,531,0,531,1382.72,17.89,1
16517,EXTEND,3,2277,0,765.00,35.95,1
16518,DECODE,534,0,534,1380.25,26.34,1
16519,DECODE,534,0,534,1381.25,17.67,1
16520,DECODE,534,0,534,1382.25,17.77,1
16521,DECODE,534,0,534,1383.25,17.81,1
16522,DECODE,534,0,534,1384.25,17.72,1
16523,DECODE,534,0,534,1385.25,17.68,1
16524,DECODE,534,0,534,1386.25,17.77,1
16525,DECODE,534,0,534,1387.25,17.74,1
16526,DECODE,534,0,534,1388.25,18.01,1
16527,DECODE,533,0,533,1387.55,17.75,1
16528,EXTEND,4,3686,0,927.00,24.08,1
16529,DECODE,537,0,537,1385.12,17.81,1
16530,DECODE,537,0,537,1386.12,17.74,1
16531,DECODE,537,0,537,1387.12,17.99,1
16532,DECODE,537,0,537,1388.12,17.85,1
16533,DECODE,537,0,537,1389.12,17.82,1
16534,DECODE,537,0,537,1390.12,17.84,1
16535,DECODE,537,0,537,1391.12,18.15,1
16536,DECODE,535,0,535,1388.21,17.84,1
16537,EXTEND,4,2858,0,721.00,24.10,1
16538,DECODE,539,0,539,1384.26,18.66,1
16539,DECODE,539,0,539,1385.26,18.20,1
16540,DECODE,538,0,538,1384.07,18.44,1
16541,EXTEND,5,4727,0,951.40,29.11,1
16542,DECODE,541,0,541,1376.73,17.81,1
16543,EXTEND,4,2924,0,740.50,26.38,1
16544,DECODE,545,0,545,1373.06,19.30,1
16545,DECODE,545,0,545,1374.06,18.30,1
16546,DECODE,545,0,545,1375.06,17.94,1
16547,DECODE,544,0,544,1373.88,17.85,1
16548,EXTEND,4,2083,0,526.25,24.37,1
16549,DECODE,548,0,548,1368.69,20.33,1
16550,DECODE,548,0,548,1369.69,21.14,1
16551,DECODE,548,0,548,1370.69,18.02,1
16552,DECODE,548,0,548,1371.69,17.56,1
16553,DECODE,548,0,548,1372.69,17.82,1
16554,DECODE,547,0,547,1371.52,17.98,1
16555,EXTEND,3,2861,0,958.33,23.92,1
16556,DECODE,548,0,548,1368.87,17.60,1
16557,EXTEND,3,2913,0,976.00,22.08,1
16558,DECODE,551,0,551,1367.73,17.77,1
16559,DECODE,551,0,551,1368.73,17.82,1
16560,DECODE,551,0,551,1369.73,18.01,1
16561,DECODE,549,0,549,1366.40,17.92,1
16562,EXTEND,3,2093,0,703.00,20.31,1
16563,DECODE,551,0,551,1361.62,17.63,1
16564,EXTEND,2,1959,0,985.50,25.51,1
16565,DECODE,553,0,553,1361.26,17.98,1
16566,DECODE,553,0,553,1362.26,17.62,1
16567,DECODE,553,0,553,1363.26,17.72,1
16568,DECODE,553,0,553,1364.26,17.74,1
16569,DECODE,553,0,553,1365.26,17.82,1
16570,DECODE,553,0,553,1366.26,27.69,1
16571,DECODE,553,0,553,1367.26,26.49,1
16572,DECODE,552,0,552,1366.10,17.83,1
16573,EXTEND,1,976,0,982.00,17.98,1
16574,DECODE,553,0,553,1366.40,18.04,1
16575,DECODE,553,0,553,1367.40,17.92,1
16576,DECODE,553,0,553,1368.40,17.81,1
16577,DECODE,553,0,553,1369.40,18.05,1
16578,DECODE,552,0,552,1368.25,17.62,1
16579,EXTEND,1,976,0,981.00,16.43,1
16580,DECODE,553,0,553,1368.55,17.87,1
16581,DECODE,553,0,553,1369.55,17.82,1
16582,DECODE,553,0,553,1370.55,18.08,1
16583,DECODE,552,0,552,1369.39,17.63,1
16584,EXTEND,1,974,0,981.00,16.26,1
16585,DECODE,553,0,553,1369.69,17.75,1
16586,DECODE,553,0,553,1370.69,17.91,1
16587,DECODE,553,0,553,1371.69,18.20,1
16588,DECODE,551,0,551,1368.38,18.35,1
16589,EXTEND,1,974,0,980.00,16.43,1
16590,DECODE,552,0,552,1368.67,17.59,1
16591,DECODE,552,0,552,1369.67,17.65,1
16592,DECODE,552,0,552,1370.67,17.84,1
16593,DECODE,552,0,552,1371.67,17.57,1
16594,DECODE,552,0,552,1372.67,20.07,1
16595,DECODE,552,0,552,1373.67,18.11,1
16596,DECODE,552,0,552,1374.67,17.98,1
16597,DECODE,551,0,551,1373.52,18.13,1
16598,EXTEND,2,147,0,78.00,16.27,1
16599,DECODE,551,0,551,1365.51,17.69,1
16600,EXTEND,2,1026,0,522.50,20.95,1
16601,DECODE,551,0,551,1359.12,17.73,1
16602,EXTEND,3,3143,0,1052.67,20.44,1
16603,DECODE,552,0,552,1354.11,17.52,1
16604,EXTEND,3,3047,0,1021.33,20.03,1
16605,DECODE,553,0,553,1348.95,17.65,1
16606,EXTEND,4,3114,0,786.75,22.01,1
16607,DECODE,557,0,557,1345.91,17.80,1
16608,DECODE,557,0,557,1346.91,17.74,1
16609,DECODE,557,0,557,1347.91,17.88,1
16610,DECODE,557,0,557,1348.91,17.84,1
16611,DECODE,557,0,557,1349.91,17.91,1
16612,DECODE,555,0,555,1346.55,17.68,1
16613,EXTEND,3,3227,0,1080.00,23.51,1
16614,DECODE,557,0,557,1343.94,17.77,1
16615,EXTEND,2,2190,0,1099.00,23.85,1
16616,DECODE,559,0,559,1344.06,17.70,1
16617,DECODE,559,0,559,1345.06,17.82,1
16618,DECODE,559,0,559,1346.06,18.05,1
16619,DECODE,558,0,558,1344.88,18.00,1
16620,EXTEND,3,3098,0,1039.00,21.18,1
16621,DECODE,558,0,558,1337.71,17.70,1
16622,EXTEND,3,2102,0,709.67,25.06,1
16623,DECODE,561,0,561,1335.35,17.99,1
16624,DECODE,561,0,561,1336.35,18.25,1
16625,DECODE,559,0,559,1332.97,18.08,1
16626,EXTEND,5,2878,0,582.20,19.63,1
16627,DECODE,562,0,562,1323.22,18.05,1
16628,EXTEND,3,2459,0,826.00,24.26,1
16629,DECODE,565,0,565,1321.58,18.39,1
16630,DECODE,565,0,565,1322.58,17.95,1
16631,DECODE,563,0,563,1319.19,17.84,1
16632,EXTEND,4,1282,0,325.25,20.57,1
16633,DECODE,566,0,566,1310.97,17.82,1
16634,EXTEND,4,3444,0,866.50,23.88,1
16635,DECODE,568,0,568,1304.45,17.76,1
16636,EXTEND,4,3279,0,825.00,22.32,1
16637,DECODE,572,0,572,1302.09,17.81,1
16638,DECODE,572,0,572,1303.09,17.79,1
16639,DECODE,572,0,572,1304.09,17.75,1
16640,DECODE,572,0,572,1305.09,17.86,1
16641,DECODE,571,0,571,1303.90,17.99,1
16642,EXTEND,2,2196,0,1102.00,23.47,1
16643,DECODE,573,0,573,1304.19,18.14,1
16644,DECODE,573,0,573,1305.19,18.23,1
16645,DECODE,572,0,572,1304.00,18.21,1
16646,EXTEND,3,3355,0,1126.67,24.73,1
16647,DECODE,573,0,573,1299.69,18.06,1
16648,EXTEND,2,2201,0,1109.00,23.97,1
16649,DECODE,575,0,575,1300.02,18.32,1
16650,DECODE,575,0,575,1301.02,18.00,1
16651,DECODE,575,0,575,1302.02,18.11,1
16652,DECODE,575,0,575,1303.02,18.23,1
16653,DECODE,575,0,575,1304.02,19.81,1
16654,DECODE,575,0,575,1305.02,18.07,1
16655,DECODE,575,0,575,1306.02,17.97,1
16656,DECODE,575,0,575,1307.02,17.97,1
16657,DECODE,575,0,575,1308.02,18.22,1
16658,DECODE,574,0,574,1306.84,18.08,1
16659,EXTEND,1,1095,0,1103.00,21.32,1
16660,DECODE,575,0,575,1307.49,18.05,1
16661,DECODE,575,0,575,1308.49,18.23,1
16662,DECODE,574,0,574,1307.31,18.25,1
16663,EXTEND,1,1081,0,1090.00,21.53,1
16664,DECODE,574,0,574,1305.75,18.07,1
16665,EXTEND,1,1070,0,1078.00,21.59,1
16666,DECODE,575,0,575,1306.35,18.10,1
16667,DECODE,575,0,575,1307.35,18.12,1
16668,DECODE,574,0,574,1306.17,18.09,1
16669,EXTEND,1,1291,0,1295.00,20.42,1
16670,DECODE,574,0,574,1304.97,18.07,1
16671,EXTEND,1,62,0,67.00,20.78,1
16672,DECODE,575,0,575,1303.81,18.10,1
16673,DECODE,575,0,575,1304.81,18.16,1
16674,DECODE,574,0,574,1303.63,18.09,1
16675,EXTEND,1,37,0,45.00,15.49,1
16676,DECODE,572,0,572,1295.84,17.68,1
16677,EXTEND,3,3399,0,1144.67,23.66,1
16678,DECODE,575,0,575,1296.05,18.10,1
16679,DECODE,575,0,575,1297.05,18.17,1
16680,DECODE,574,0,574,1295.85,18.57,1
16681,EXTEND,3,1226,0,414.00,21.27,1
16682,DECODE,577,0,577,1292.27,18.23,1
16683,DECODE,577,0,577,1293.27,18.19,1
16684,DECODE,577,0,577,1294.27,18.13,1
16685,DECODE,577,0,577,1295.27,18.11,1
16686,DECODE,577,0,577,1296.27,18.16,1
16687,DECODE,577,0,577,1297.27,18.40,1
16688,DECODE,576,0,576,1296.08,17.92,1
16689,EXTEND,2,1264,0,638.00,21.48,1
16690,DECODE,576,0,576,1290.41,17.88,1
16691,EXTEND,2,2275,0,1141.50,22.64,1
16692,DECODE,578,0,578,1290.89,18.19,1
16693,DECODE,578,0,578,1291.89,18.32,1
16694,DECODE,576,0,576,1288.49,18.15,1
16695,EXTEND,4,4557,0,1146.00,28.10,1
16696,DECODE,575,0,575,1280.63,18.19,1
16697,EXTEND,4,4562,0,1149.25,28.19,1
16698,DECODE,578,0,578,1278.51,18.32,1
16699,EXTEND,3,3543,0,1187.33,25.30,1
16700,DECODE,580,0,580,1276.83,18.52,1
16701,EXTEND,3,2446,0,826.00,22.85,1
16702,DECODE,582,0,582,1273.30,18.30,1
16703,EXTEND,3,2400,0,805.00,20.55,1
16704,DECODE,582,0,582,1265.26,18.15,1
16705,EXTEND,4,2557,0,644.75,22.82,1
16706,DECODE,585,0,585,1259.81,18.11,1
16707,EXTEND,3,3664,0,1229.00,26.37,1
16708,DECODE,588,0,588,1260.65,17.68,1
16709,DECODE,588,0,588,1261.65,17.54,1
16710,DECODE,588,0,588,1262.65,17.64,1
16711,DECODE,588,0,588,1263.65,17.96,1
16712,DECODE,586,0,586,1260.28,17.86,1
16713,EXTEND,3,1335,0,451.67,20.93,1
16714,DECODE,589,0,589,1257.16,17.72,1
16715,DECODE,589,0,589,1258.16,17.84,1
16716,DECODE,589,0,589,1259.16,18.45,1
16717,DECODE,589,0,589,1260.16,19.09,1
16718,DECODE,588,0,588,1258.95,18.84,1
16719,EXTEND,3,3719,0,1244.67,26.31,1
16720,DECODE,590,0,590,1257.67,18.23,1
16721,EXTEND,2,2414,0,1216.50,21.04,1
16722,DECODE,592,0,592,1258.53,17.71,1
16723,DECODE,592,0,592,1259.53,17.92,1
16724,DECODE,590,0,590,1256.12,18.00,1
16725,EXTEND,3,3657,0,1224.00,24.99,1
16726,DECODE,592,0,592,1254.76,17.71,1
16727,EXTEND,2,156,0,84.00,24.03,1
16728,DECODE,593,0,593,1249.61,17.91,1
16729,EXTEND,2,163,0,86.00,15.69,1
16730,DECODE,595,0,595,1246.70,17.84,1
16731,DECODE,595,0,595,1247.70,18.02,1
16732,DECODE,594,0,594,1246.49,18.14,1
16733,EXTEND,2,2513,0,1263.00,22.07,1
16734,DECODE,595,0,595,1245.34,17.81,1
16735,EXTEND,2,2719,0,1366.50,19.90,1
16736,DECODE,597,0,597,1246.74,18.03,1
16737,DECODE,597,0,597,1247.74,17.99,1
16738,DECODE,596,0,596,1246.54,17.84,1
16739,EXTEND,1,1268,0,1274.00,21.07,1
16740,DECODE,597,0,597,1247.59,17.84,1
16741,DECODE,597,0,597,1248.59,17.91,1
16742,DECODE,597,0,597,1249.59,18.03,1
16743,DECODE,593,0,593,1241.75,17.93,1
16744,EXTEND,5,3942,0,793.80,25.33,1
16745,DECODE,594,0,594,1230.19,17.89,1
16746,EXTEND,4,5245,0,1323.00,31.10,1
16747,DECODE,597,0,597,1229.59,18.79,1
16748,EXTEND,3,3844,0,1291.67,25.90,1
16749,DECODE,600,0,600,1230.90,17.74,1
16750,DECODE,600,0,600,1231.90,17.83,1
16751,DECODE,599,0,599,1230.68,17.85,1
16752,EXTEND,2,2570,0,1289.50,20.32,1
16753,DECODE,600,0,600,1229.66,17.65,1
16754,EXTEND,2,1595,0,801.50,20.60,1
16755,DECODE,602,0,602,1229.24,18.05,1
16756,DECODE,602,0,602,1230.24,18.03,1
16757,DECODE,602,0,602,1231.24,18.16,1
16758,DECODE,602,0,602,1232.24,18.76,1
16759,DECODE,598,0,598,1224.36,17.97,1
16760,EXTEND,5,5757,0,1157.80,35.11,1
16761,DECODE,601,0,601,1220.36,18.37,1
16762,EXTEND,4,2754,0,693.50,21.76,1
16763,DECODE,603,0,603,1213.42,18.07,1
16764,EXTEND,3,2789,0,935.00,22.01,1
16765,DECODE,606,0,606,1213.05,17.93,1
16766,DECODE,606,0,606,1214.05,18.05,1
16767,DECODE,605,0,605,1212.82,18.00,1
16768,EXTEND,3,4098,0,1371.33,26.58,1
16769,DECODE,606,0,606,1210.16,18.11,1
16770,EXTEND,3,4196,0,1404.33,26.61,1
16771,DECODE,608,0,608,1209.90,17.82,1
16772,EXTEND,2,1606,0,808.50,19.85,1
16773,DECODE,609,0,609,1207.37,18.06,1
16774,EXTEND,2,3082,0,1547.00,21.75,1
16775,DECODE,610,0,610,1207.27,18.05,1
16776,EXTEND,2,1459,0,737.00,21.43,1
16777,DECODE,612,0,612,1206.73,17.92,1
16778,DECODE,612,0,612,1207.73,18.14,1
16779,DECODE,611,0,611,1206.52,18.44,1
16780,EXTEND,1,1423,0,1427.00,21.65,1
16781,DECODE,612,0,612,1207.88,17.90,1
16782,DECODE,612,0,612,1208.88,17.92,1
16783,DECODE,610,0,610,1205.45,21.79,1
16784,EXTEND,3,1998,0,671.67,20.19,1
16785,DECODE,611,0,611,1199.39,18.17,1
16786,EXTEND,3,498,0,171.67,15.89,1
16787,DECODE,612,0,612,1190.91,17.82,1
16788,EXTEND,4,1801,0,459.00,23.44,1
16789,DECODE,616,0,616,1187.16,17.92,1
16790,DECODE,616,0,616,1188.16,17.79,1
16791,DECODE,616,0,616,1189.16,17.99,1
16792,DECODE,615,0,615,1187.93,18.19,1
16793,EXTEND,4,6037,0,1514.50,36.22,1
16794,DECODE,614,0,614,1179.89,18.57,1
16795,EXTEND,5,4867,0,979.60,30.49,1
16796,DECODE,617,0,617,1174.80,18.06,1
16797,EXTEND,4,4814,0,1214.00,29.53,1
16798,DECODE,621,0,621,1176.05,18.37,1
16799,DECODE,621,0,621,1177.05,18.20,1
16800,DECODE,621,0,621,1178.05,18.21,1
16801,DECODE,618,0,618,1172.34,18.24,1
16802,EXTEND,6,3388,0,570.17,24.21,1
16803,DECODE,619,0,619,1156.30,18.22,1
16804,EXTEND,6,8105,0,1358.33,45.82,1
16805,DECODE,625,0,625,1159.24,20.62,1
16806,DECODE,625,0,625,1160.24,20.95,1
16807,DECODE,619,0,619,1147.69,18.45,1
16808,EXTEND,12,842,0,76.67,16.23,1
16809,DECODE,627,0,627,1119.18,17.81,1
16810,EXTEND,12,4279,0,362.67,26.39,1
16811,DECODE,639,0,639,1105.98,18.20,1
16812,DECODE,639,0,639,1106.98,18.03,1
16813,DECODE,636,0,636,1103.42,17.67,1
16814,EXTEND,12,1612,0,139.42,19.41,1
16815,DECODE,648,0,648,1086.57,17.69,1
16816,DECODE,648,0,648,1087.57,17.72,1
16817,DECODE,648,0,648,1088.57,17.97,1
16818,DECODE,646,0,646,1085.02,18.04,1
16819,EXTEND,12,838,0,75.08,16.82,1
16820,DECODE,657,0,657,1065.32,18.76,1
16821,EXTEND,11,753,0,75.09,17.00,1
16822,DECODE,667,0,667,1047.75,18.43,1
16823,EXTEND,10,1010,0,108.00,20.87,1
16824,DECODE,675,0,675,1030.35,18.36,1
16825,EXTEND,10,695,0,75.10,27.43,1
16826,DECODE,682,0,682,1010.62,18.08,1
16827,EXTEND,12,1212,0,106.83,21.25,1
16828,DECODE,690,0,690,986.93,18.04,1
16829,EXTEND,14,1622,0,121.64,19.78,1
16830,DECODE,703,0,703,968.46,19.63,1
16831,EXTEND,13,914,0,77.00,17.00,1
16832,DECODE,716,0,716,953.28,18.51,1
16833,DECODE,716,0,716,954.28,18.56,1
16834,DECODE,716,0,716,955.28,18.26,1
16835,DECODE,716,0,716,956.28,18.22,1
16836,DECODE,715,0,715,956.98,18.65,1
16837,EXTEND,13,1180,0,95.85,21.52,1
16838,DECODE,724,0,724,933.67,18.36,1
16839,EXTEND,13,1027,0,85.15,21.07,1
16840,DECODE,736,0,736,917.47,18.32,1
16841,EXTEND,12,1279,0,113.00,20.98,1
16842,DECODE,746,0,746,901.13,18.54,1
16843,EXTEND,12,1002,0,88.92,18.66,1
16844,DECODE,758,0,758,889.27,18.55,1
16845,DECODE,758,0,758,890.27,18.50,1
16846,DECODE,756,0,756,886.85,19.50,1
16847,EXTEND,13,775,0,65.46,16.25,1
16848,DECODE,765,0,765,865.15,18.72,1
16849,EXTEND,14,1166,0,92.00,21.12,1
16850,DECODE,778,0,778,850.06,18.58,1
16851,EXTEND,13,1659,0,136.85,22.67,1
16852,DECODE,790,0,790,839.19,18.58,1
16853,EXTEND,11,563,0,57.45,16.04,1
16854,DECODE,800,0,800,827.29,18.60,1
16855,EXTEND,10,882,0,94.10,16.00,1
16856,DECODE,808,0,808,814.93,18.69,1
16857,EXTEND,11,1196,0,114.73,21.50,1
16858,DECODE,817,0,817,802.24,19.13,1
16859,EXTEND,11,905,0,91.73,16.19,1
16860,DECODE,825,0,825,787.38,19.03,1
16861,EXTEND,12,1411,0,124.25,20.67,1
16862,DECODE,837,0,837,778.87,19.13,1
16863,DECODE,837,0,837,779.87,20.12,1
16864,DECODE,836,0,836,778.74,19.00,1
16865,EXTEND,12,1120,0,100.92,20.57,1
16866,DECODE,845,0,845,763.79,19.17,1
16867,EXTEND,12,1126,0,101.33,20.94,1
16868,DECODE,857,0,857,755.52,19.19,1
16869,DECODE,857,0,857,756.52,19.17,1
16870,DECODE,856,0,856,755.41,19.22,1
16871,EXTEND,12,1973,0,171.17,22.81,1
16872,DECODE,865,0,865,742.05,19.17,1
16873,EXTEND,11,903,0,90.00,15.80,1
16874,DECODE,876,0,876,734.86,19.09,1
16875,DECODE,876,0,876,735.86,19.07,1
16876,DECODE,874,0,874,732.68,19.58,1
16877,EXTEND,11,1133,0,107.82,20.56,1
16878,DECODE,884,0,884,723.84,19.07,1
16879,EXTEND,10,767,0,83.50,15.80,1
16880,DECODE,893,0,893,715.62,19.47,1
16881,EXTEND,9,1240,0,144.56,22.27,1
16882,DECODE,901,0,901,708.87,19.48,1
16883,EXTEND,9,839,0,99.33,15.66,1
16884,DECODE,909,0,909,701.80,19.50,1
16885,EXTEND,8,516,0,75.62,15.69,1
16886,DECODE,917,0,917,697.33,19.63,1
16887,DECODE,917,0,917,698.33,19.67,1
16888,DECODE,916,0,916,697.30,19.50,1
16889,EXTEND,8,561,0,78.75,41.34,1
16890,DECODE,923,0,923,690.92,20.10,1
16891,EXTEND,7,599,0,96.14,16.13,1
16892,DECODE,930,0,930,687.45,24.56,1
16893,DECODE,930,0,930,688.45,19.98,1
16894,DECODE,930,0,930,689.45,20.08,1
16895,DECODE,930,0,930,690.45,20.06,1
16896,DECODE,930,0,930,691.45,20.21,1
16897,DECODE,930,0,930,692.45,20.24,1
16898,DECODE,930,0,930,693.45,20.33,1
16899,DECODE,929,0,929,692.44,20.14,1
16900,EXTEND,5,423,0,92.20,15.79,1
16901,DECODE,933,0,933,688.22,20.07,1
16902,EXTEND,5,340,0,73.40,15.75,1
16903,DECODE,937,0,937,685.72,19.98,1
16904,EXTEND,4,210,0,57.75,22.71,1
16905,DECODE,941,0,941,684.05,19.94,1
16906,DECODE,941,0,941,685.05,20.44,1
16907,DECODE,941,0,941,686.05,20.38,1
16908,DECODE,941,0,941,687.05,20.57,1
16909,DECODE,941,0,941,688.05,20.21,1
16910,DECODE,941,0,941,689.05,20.25,1
16911,DECODE,940,0,940,688.06,20.05,1
16912,EXTEND,2,143,0,75.50,15.77,1
16913,DECODE,942,0,942,687.76,26.83,1
16914,DECODE,942,0,942,688.76,20.19,1
16915,DECODE,942,0,942,689.76,20.20,1
16916,DECODE,941,0,941,690.25,20.22,1
16917,EXTEND,1,47,0,55.00,22.11,1
16918,DECODE,942,0,942,690.58,20.05,1
16919,DECODE,942,0,942,691.58,20.21,1
16920,DECODE,942,0,942,692.58,20.28,1
16921,DECODE,942,0,942,693.58,20.33,1
16922,DECODE,942,0,942,694.58,20.30,1
16923,DECODE,942,0,942,695.58,20.25,1
16924,DECODE,942,0,942,696.58,20.29,1
16925,DECODE,942,0,942,697.58,20.34,1
16926,DECODE,942,0,942,698.58,20.28,1
16927,DECODE,942,0,942,699.58,20.31,1
16928,DECODE,942,0,942,700.58,20.40,1
16929,DECODE,942,0,942,701.58,20.56,1
16930,DECODE,942,0,942,702.58,20.42,1
16931,DECODE,942,0,942,703.58,20.88,1
16932,DECODE,942,0,942,704.58,20.26,1
16933,DECODE,942,0,942,705.58,20.60,1
16934,DECODE,942,0,942,706.58,20.56,1
16935,DECODE,942,0,942,707.58,21.99,1
16936,DECODE,942,0,942,708.58,20.43,1
16937,DECODE,942,0,942,709.58,20.47,1
16938,DECODE,942,0,942,710.58,20.41,1
16939,DECODE,942,0,942,711.58,20.43,1
16940,DECODE,942,0,942,712.58,20.55,1
16941,DECODE,942,0,942,713.58,20.40,1
16942,DECODE,942,0,942,714.58,20.39,1
16943,DECODE,942,0,942,715.58,21.12,1
16944,DECODE,942,0,942,716.58,20.49,1
16945,DECODE,942,0,942,717.58,20.64,1
16946,DECODE,942,0,942,718.58,20.54,1
16947,DECODE,942,0,942,719.58,20.47,1
16948,DECODE,942,0,942,720.58,20.59,1
16949,DECODE,942,0,942,721.58,21.00,1
16950,DECODE,942,0,942,722.58,20.46,1
16951,DECODE,942,0,942,723.58,20.55,1
16952,DECODE,942,0,942,724.58,20.61,1
16953,DECODE,942,0,942,725.58,20.78,1
16954,DECODE,942,0,942,726.58,20.56,1
16955,DECODE,942,0,942,727.58,20.57,1
16956,DECODE,942,0,942,728.58,20.60,1
16957,DECODE,942,0,942,729.58,20.63,1
16958,DECODE,942,0,942,730.58,20.58,1
16959,DECODE,942,0,942,731.58,20.67,1
16960,DECODE,942,0,942,732.58,20.67,1
16961,DECODE,942,0,942,733.58,20.75,1
16962,DECODE,942,0,942,734.58,20.65,1
16963,DECODE,942,0,942,735.58,20.72,1
16964,DECODE,942,0,942,736.58,20.67,1
16965,DECODE,942,0,942,737.58,20.72,1
16966,DECODE,942,0,942,738.58,20.70,1
16967,DECODE,942,0,942,739.58,20.81,1
16968,DECODE,942,0,942,740.58,20.92,1
16969,DECODE,942,0,942,741.58,20.94,1
16970,DECODE,942,0,942,742.58,20.73,1
16971,DECODE,942,0,942,743.58,20.85,1
16972,DECODE,942,0,942,744.58,20.75,1
16973,DECODE,942,0,942,745.58,20.76,1
16974,DECODE,942,0,942,746.58,20.69,1
16975,DECODE,942,0,942,747.58,20.73,1
16976,DECODE,942,0,942,748.58,20.73,1
16977,DECODE,942,0,942,749.58,20.88,1
16978,DECODE,942,0,942,750.58,20.73,1
16979,DECODE,942,0,942,751.58,20.75,1
16980,DECODE,942,0,942,752.58,20.84,1
16981,DECODE,942,0,942,753.58,20.87,1
16982,DECODE,942,0,942,754.58,20.82,1
16983,DECODE,942,0,942,755.58,20.86,1
16984,DECODE,942,0,942,756.58,21.21,1
16985,DECODE,942,0,942,757.58,20.98,1
16986,DECODE,942,0,942,758.58,20.83,1
16987,DECODE,942,0,942,759.58,20.78,1
16988,DECODE,942,0,942,760.58,20.93,1
16989,DECODE,942,0,942,761.58,20.94,1
16990,DECODE,942,0,942,762.58,21.56,1
16991,DECODE,942,0,942,763.58,21.13,1
16992,DECODE,942,0,942,764.58,21.14,1
16993,DECODE,942,0,942,765.58,21.27,1
16994,DECODE,942,0,942,766.58,21.14,1
16995,DECODE,942,0,942,767.58,21.13,1
16996,DECODE,942,0,942,768.58,21.32,1
16997,DECODE,942,0,942,769.58,21.23,1
16998,DECODE,942,0,942,770.58,21.09,1
16999,DECODE,942,0,942,771.58,21.10,1
17000,DECODE,941,0,941,772.01,21.08,1
17001,DECODE,941,0,941,773.01,21.18,1
17002,DECODE,941,0,941,774.01,21.17,1
17003,DECODE,941,0,941,775.01,21.18,1
17004,DECODE,941,0,941,776.01,21.25,1
17005,DECODE,941,0,941,777.01,21.19,1
17006,DECODE,941,0,941,778.01,21.33,1
17007,DECODE,941,0,941,779.01,21.22,1
17008,DECODE,941,0,941,780.01,21.33,1
17009,DECODE,941,0,941,781.01,21.35,1
17010,DECODE,941,0,941,782.01,21.36,1
17011,DECODE,941,0,941,783.01,21.26,1
17012,DECODE,941,0,941,784.01,21.42,1
17013,DECODE,941,0,941,785.01,21.34,1
17014,DECODE,941,0,941,786.01,21.39,1
17015,DECODE,941,0,941,787.01,21.31,1
17016,DECODE,941,0,941,788.01,23.38,1
17017,DECODE,940,0,940,788.45,21.27,1
17018,DECODE,940,0,940,789.45,21.20,1
17019,DECODE,939,0,939,789.89,21.32,1
17020,DECODE,939,0,939,790.89,28.88,1
17021,DECODE,939,0,939,791.89,27.58,1
17022,DECODE,939,0,939,792.89,21.50,1
17023,DECODE,939,0,939,793.89,21.40,1
17024,DECODE,939,0,939,794.89,21.35,1
17025,DECODE,939,0,939,795.89,21.40,1
17026,DECODE,939,0,939,796.89,21.36,1
17027,DECODE,939,0,939,797.89,21.35,1
17028,DECODE,939,0,939,798.89,21.32,1
17029,DECODE,939,0,939,799.89,21.36,1
17030,DECODE,939,0,939,800.89,21.71,1
17031,DECODE,939,0,939,801.89,21.45,1
17032,DECODE,939,0,939,802.89,21.40,1
17033,DECODE,939,0,939,803.89,21.47,1
17034,DECODE,939,0,939,804.89,21.51,1
17035,DECODE,939,0,939,805.89,21.52,1
17036,DECODE,939,0,939,806.89,21.52,1
17037,DECODE,939,0,939,807.89,21.51,1
17038,DECODE,938,0,938,808.22,21.51,1
17039,DECODE,938,0,938,809.22,21.55,1
17040,DECODE,938,0,938,810.22,21.51,1
17041,DECODE,938,0,938,811.22,21.58,1
17042,DECODE,938,0,938,812.22,21.67,1
17043,DECODE,938,0,938,813.22,21.64,1
17044,DECODE,938,0,938,814.22,21.60,1
17045,DECODE,938,0,938,815.22,21.61,1
17046,DECODE,938,0,938,816.22,21.65,1
17047,DECODE,938,0,938,817.22,21.70,1
17048,DECODE,938,0,938,818.22,21.71,1
17049,DECODE,938,0,938,819.22,21.62,1
17050,DECODE,938,0,938,820.22,21.72,1
17051,DECODE,938,0,938,821.22,21.68,1
17052,DECODE,938,0,938,822.22,21.67,1
17053,DECODE,937,0,937,822.90,21.71,1
17054,DECODE,936,0,936,823.41,21.56,1
17055,DECODE,936,0,936,824.41,21.55,1
17056,DECODE,936,0,936,825.41,21.67,1
17057,DECODE,936,0,936,826.41,21.55,1
17058,DECODE,936,0,936,827.41,21.52,1
17059,DECODE,936,0,936,828.41,21.52,1
17060,DECODE,936,0,936,829.41,21.62,1
17061,DECODE,936,0,936,830.41,21.56,1
17062,DECODE,936,0,936,831.41,21.50,1
17063,DECODE,936,0,936,832.41,21.67,1
17064,DECODE,936,0,936,833.41,24.32,1
17065,DECODE,935,0,935,834.19,22.35,1
17066,DECODE,935,0,935,835.19,21.84,1
17067,DECODE,934,0,934,835.63,21.93,1
17068,DECODE,934,0,934,836.63,21.97,1
17069,DECODE,934,0,934,837.63,21.84,1
17070,DECODE,934,0,934,838.63,21.94,1
17071,DECODE,934,0,934,839.63,22.05,1
17072,DECODE,934,0,934,840.63,22.05,1
17073,DECODE,933,0,933,841.08,21.88,1
17074,DECODE,933,0,933,842.08,21.86,1
17075,DECODE,933,0,933,843.08,21.94,1
17076,DECODE,933,0,933,844.08,21.88,1
17077,DECODE,933,0,933,845.08,21.76,1
17078,DECODE,933,0,933,846.08,21.76,1
17079,DECODE,933,0,933,847.08,21.97,1
17080,DECODE,933,0,933,848.08,21.99,1
17081,DECODE,933,0,933,849.08,21.95,1
17082,DECODE,933,0,933,850.08,21.98,1
17083,DECODE,933,0,933,851.08,22.11,1
17084,DECODE,933,0,933,852.08,21.92,1
17085,DECODE,932,0,932,852.18,22.06,1
17086,DECODE,932,0,932,853.18,21.98,1
17087,DECODE,932,0,932,854.18,21.87,1
17088,DECODE,932,0,932,855.18,21.78,1
17089,DECODE,932,0,932,856.18,21.90,1
17090,DECODE,932,0,932,857.18,21.87,1
17091,DECODE,932,0,932,858.18,21.84,1
17092,DECODE,932,0,932,859.18,21.86,1
17093,DECODE,932,0,932,860.18,21.81,1
17094,DECODE,932,0,932,861.18,21.91,1
17095,DECODE,932,0,932,862.18,21.79,1
17096,DECODE,932,0,932,863.18,21.78,1
17097,DECODE,932,0,932,864.18,22.03,1
17098,DECODE,932,0,932,865.18,21.95,1
17099,DECODE,932,0,932,866.18,21.82,1
17100,DECODE,932,0,932,867.18,21.98,1
17101,DECODE,932,0,932,868.18,21.87,1
17102,DECODE,932,0,932,869.18,22.03,1
17103,DECODE,932,0,932,870.18,21.97,1
17104,DECODE,931,0,931,870.46,22.23,1
17105,DECODE,931,0,931,871.46,22.25,1
17106,DECODE,931,0,931,872.46,22.26,1
17107,DECODE,931,0,931,873.46,22.24,1
17108,DECODE,931,0,931,874.46,22.17,1
17109,DECODE,931,0,931,875.46,22.43,1
17110,DECODE,931,0,931,876.46,22.20,1
17111,DECODE,931,0,931,877.46,22.10,1
17112,DECODE,931,0,931,878.46,22.15,1
17113,DECODE,931,0,931,879.46,22.13,1
17114,DECODE,931,0,931,880.46,22.00,1
17115,DECODE,931,0,931,881.46,22.27,1
17116,DECODE,931,0,931,882.46,22.35,1
17117,DECODE,931,0,931,883.46,22.54,1
17118,DECODE,931,0,931,884.46,23.76,1
17119,DECODE,931,0,931,885.46,22.97,1
17120,DECODE,931,0,931,886.46,22.40,1
17121,DECODE,930,0,930,888.14,22.56,1
17122,DECODE,927,0,927,891.08,22.31,1
17123,DECODE,924,0,924,894.11,22.24,1
17124,DECODE,921,0,921,897.04,22.25,1
17125,DECODE,917,0,917,900.60,22.10,1
17126,DECODE,916,0,916,901.30,21.82,1
17127,DECODE,914,0,914,903.62,22.02,1
17128,DECODE,911,0,911,906.45,22.03,1
17129,DECODE,909,0,909,908.72,21.81,1
17130,DECODE,905,0,905,912.36,22.18,1
17131,DECODE,904,0,904,912.84,21.72,1
17132,DECODE,903,0,903,914.44,21.83,1
17133,DECODE,900,0,900,917.45,21.77,1
17134,DECODE,897,0,897,920.58,26.75,1
17135,DECODE,895,0,895,922.80,21.98,1
17136,DECODE,892,0,892,925.86,21.66,1
17137,DECODE,888,0,888,929.39,21.66,1
17138,DECODE,887,0,887,929.84,21.91,1
17139,DECODE,887,0,887,930.84,21.96,1
17140,DECODE,885,0,885,933.04,21.96,1
17141,DECODE,882,0,882,936.20,21.92,1
17142,DECODE,879,0,879,939.43,21.87,1
17143,DECODE,877,0,877,941.43,21.79,1
17144,DECODE,875,0,875,943.64,21.80,1
17145,DECODE,872,0,872,946.61,21.61,1
17146,DECODE,870,0,870,949.04,21.60,1
17147,DECODE,868,0,868,951.31,21.41,1
17148,DECODE,865,0,865,954.43,21.69,1
17149,DECODE,862,0,862,957.61,21.56,1
17150,DECODE,859,0,859,960.58,21.66,1
17151,DECODE,858,0,858,962.23,21.51,1
17152,DECODE,855,0,855,965.30,21.54,1
17153,DECODE,853,0,853,967.73,21.55,1
17154,DECODE,850,0,850,970.98,21.40,1
17155,DECODE,848,0,848,973.35,21.15,1
17156,DECODE,846,0,846,975.74,21.31,1
17157,DECODE,843,0,843,978.95,21.34,1
17158,DECODE,841,0,841,981.46,21.35,1
17159,DECODE,838,0,838,984.81,21.21,1
17160,DECODE,837,0,837,986.16,21.27,1
17161,DECODE,835,0,835,988.17,21.29,1
17162,DECODE,834,0,834,989.79,28.08,1
17163,DECODE,832,0,832,992.09,23.84,1
17164,DECODE,830,0,830,994.48,21.14,1
17165,DECODE,827,0,827,997.83,21.11,1
17166,DECODE,825,0,825,1000.23,21.39,1
17167,DECODE,823,0,823,1002.57,21.31,1
17168,DECODE,821,0,821,1005.02,21.30,1
17169,DECODE,819,0,819,1007.56,21.36,1
17170,DECODE,817,0,817,1010.17,21.32,1
17171,DECODE,814,0,814,1013.68,21.10,1
17172,DECODE,812,0,812,1015.94,20.88,1
17173,DECODE,811,0,811,1016.40,21.20,1
17174,DECODE,811,0,811,1017.40,21.19,1
17175,DECODE,809,0,809,1019.85,21.06,1
17176,DECODE,807,0,807,1022.42,24.56,1
17177,DECODE,805,0,805,1025.04,21.51,1
17178,DECODE,803,0,803,1027.73,21.52,1
17179,DECODE,802,0,802,1028.21,21.23,1
17180,DECODE,801,0,801,1030.06,21.33,1
17181,DECODE,799,0,799,1032.25,21.44,1
17182,DECODE,798,0,798,1033.79,21.36,1
17183,DECODE,796,0,796,1036.29,21.29,1
17184,DECODE,794,0,794,1038.92,21.02,1
17185,DECODE,792,0,792,1041.60,20.73,1
17186,DECODE,790,0,790,1044.33,20.71,1
17187,DECODE,788,0,788,1047.11,20.78,1
17188,DECODE,786,0,786,1049.43,20.73,1
17189,DECODE,784,0,784,1052.02,20.54,1
17190,DECODE,782,0,782,1054.76,20.91,1
17191,DECODE,780,0,780,1057.52,20.76,1
17192,DECODE,778,0,778,1060.32,20.93,1
17193,DECODE,776,0,776,1062.70,20.80,1
17194,DECODE,775,0,775,1064.37,21.04,1
17195,DECODE,773,0,773,1067.04,21.09,1
17196,DECODE,771,0,771,1069.77,21.01,1
17197,DECODE,769,0,769,1072.55,21.07,1
17198,DECODE,767,0,767,1075.36,21.03,1
17199,DECODE,765,0,765,1077.93,21.07,1
17200,DECODE,764,0,764,1079.67,20.62,1
17201,DECODE,762,0,762,1082.39,20.92,1
17202,DECODE,760,0,760,1085.20,20.55,1
17203,DECODE,759,0,759,1085.69,20.93,1
17204,DECODE,759,0,759,1086.69,20.85,1
17205,DECODE,757,0,757,1089.55,21.10,1
17206,DECODE,755,0,755,1092.47,21.42,1
17207,DECODE,753,0,753,1095.27,21.04,1
17208,DECODE,751,0,751,1098.14,20.77,1
17209,DECODE,749,0,749,1101.03,21.09,1
17210,DECODE,747,0,747,1103.93,21.05,1
17211,DECODE,745,0,745,1106.87,20.70,1
17212,DECODE,743,0,743,1109.44,20.83,1
17213,DECODE,742,0,742,1111.09,20.89,1
17214,DECODE,741,0,741,1112.76,20.97,1
17215,DECODE,740,0,740,1114.60,20.80,1
17216,DECODE,738,0,738,1117.34,20.94,1
17217,DECODE,737,0,737,1117.83,21.08,1
17218,DECODE,737,0,737,1118.83,20.96,1
17219,DECODE,735,0,735,1121.71,21.01,1
17220,DECODE,734,0,734,1123.66,20.82,1
17221,DECODE,732,0,732,1126.60,20.62,1
17222,DECODE,730,0,730,1129.59,20.71,1
17223,DECODE,728,0,728,1132.14,20.50,1
17224,DECODE,727,0,727,1134.00,20.88,1
17225,DECODE,726,0,726,1135.95,20.78,1
17226,DECODE,724,0,724,1138.89,20.39,1
17227,DECODE,722,0,722,1141.88,20.68,1
17228,DECODE,720,0,720,1144.89,20.03,1
17229,DECODE,719,0,719,1146.90,20.53,1
17230,DECODE,717,0,717,1149.97,20.43,1
17231,DECODE,715,0,715,1152.97,20.48,1
17232,DECODE,714,0,714,1154.94,20.40,1
17233,DECODE,712,0,712,1157.96,20.30,1
17234,DECODE,710,0,710,1161.00,20.38,1
17235,DECODE,709,0,709,1163.04,20.58,1
17236,DECODE,707,0,707,1166.13,20.54,1
17237,DECODE,705,0,705,1169.26,20.47,1
17238,DECODE,703,0,703,1172.43,20.36,1
17239,DECODE,702,0,702,1174.21,20.40,1
17240,DECODE,701,0,701,1176.04,20.48,1
17241,DECODE,699,0,699,1179.08,20.65,1
17242,DECODE,698,0,698,1179.35,20.30,1
17243,DECODE,697,0,697,1179.67,20.96,1
17244,DECODE,697,0,697,1180.67,20.57,1
17245,DECODE,696,0,696,1181.17,20.07,1
17246,DECODE,696,0,696,1182.17,20.15,1
17247,DECODE,696,0,696,1183.17,20.05,1
17248,DECODE,696,0,696,1184.17,20.04,1
17249,DECODE,695,0,695,1186.23,20.53,1
17250,DECODE,693,0,693,1189.38,20.64,1
17251,DECODE,692,0,692,1191.46,20.07,1
17252,DECODE,690,0,690,1194.66,20.02,1
17253,DECODE,688,0,688,1197.91,19.90,1
17254,DECODE,687,0,687,1199.73,20.10,1
17255,DECODE,686,0,686,1201.64,20.09,1
17256,DECODE,685,0,685,1203.55,20.07,1
17257,DECODE,683,0,683,1206.48,20.22,1
17258,DECODE,682,0,682,1208.56,20.07,1
17259,DECODE,680,0,680,1211.75,19.80,1
17260,DECODE,679,0,679,1213.87,20.14,1
17261,DECODE,677,0,677,1217.13,20.09,1
17262,DECODE,676,0,676,1219.29,20.35,1
17263,DECODE,675,0,675,1220.53,20.21,1
17264,DECODE,674,0,674,1222.40,24.33,1
17265,DECODE,673,0,673,1224.46,24.94,1
17266,DECODE,672,0,672,1226.53,19.94,1
17267,DECODE,670,0,670,1229.74,19.96,1
17268,DECODE,669,0,669,1231.86,19.99,1
17269,DECODE,668,0,668,1234.01,19.61,1
17270,DECODE,666,0,666,1237.31,20.29,1
17271,DECODE,665,0,665,1239.47,20.52,1
17272,DECODE,663,0,663,1242.81,20.22,1
17273,DECODE,662,0,662,1245.02,20.17,1
17274,DECODE,661,0,661,1246.84,19.99,1
17275,DECODE,660,0,660,1248.87,19.58,1
17276,DECODE,658,0,658,1252.06,19.55,1
17277,DECODE,657,0,657,1254.18,19.76,1
17278,DECODE,656,0,656,1256.34,19.43,1
17279,DECODE,655,0,655,1256.85,19.69,1
17280,DECODE,655,0,655,1257.85,19.71,1
17281,DECODE,654,0,654,1260.03,19.82,1
17282,DECODE,653,0,653,1262.21,19.76,1
17283,DECODE,651,0,651,1265.63,19.72,1
17284,DECODE,650,0,650,1267.87,19.78,1
17285,DECODE,648,0,648,1271.36,19.56,1
17286,DECODE,647,0,647,1273.40,19.81,1
17287,DECODE,646,0,646,1275.56,19.68,1
17288,DECODE,645,0,645,1277.71,19.85,1
17289,DECODE,643,0,643,1281.10,19.71,1
17290,DECODE,642,0,642,1282.01,19.60,1
17291,DECODE,642,0,642,1283.01,19.68,1
17292,DECODE,641,0,641,1285.21,19.47,1
17293,DECODE,640,0,640,1287.44,19.21,1
17294,DECODE,639,0,639,1289.67,19.45,1
17295,DECODE,637,0,637,1293.17,19.47,1
17296,DECODE,636,0,636,1295.44,19.36,1
17297,DECODE,635,0,635,1297.73,19.65,1
17298,DECODE,633,0,633,1300.66,19.51,1
17299,DECODE,633,0,633,1301.66,19.41,1
17300,DECODE,632,0,632,1303.72,19.15,1
17301,DECODE,631,0,631,1305.84,19.33,1
17302,DECODE,630,0,630,1308.04,19.15,1
17303,DECODE,628,0,628,1311.45,19.00,1
17304,DECODE,627,0,627,1313.68,19.14,1
17305,DECODE,626,0,626,1315.94,19.43,1
17306,DECODE,625,0,625,1318.20,19.46,1
17307,DECODE,624,0,624,1318.86,19.20,1
17308,DECODE,624,0,624,1319.86,19.16,1
17309,DECODE,623,0,623,1322.14,19.36,1
17310,DECODE,622,0,622,1322.68,19.29,1
17311,DECODE,622,0,622,1323.68,19.35,1
17312,DECODE,622,0,622,1324.68,19.29,1
17313,DECODE,621,0,621,1326.98,19.67,1
17314,DECODE,619,0,619,1330.59,19.27,1
17315,DECODE,618,0,618,1332.91,19.26,1
17316,DECODE,617,0,617,1333.13,19.27,1
17317,DECODE,616,0,616,1333.68,19.21,1
17318,DECODE,616,0,616,1334.68,19.27,1
17319,DECODE,615,0,615,1334.88,19.37,1
17320,DECODE,615,0,615,1335.88,19.31,1
17321,DECODE,615,0,615,1336.88,19.41,1
17322,DECODE,615,0,615,1337.88,19.37,1
17323,DECODE,615,0,615,1338.88,19.41,1
17324,DECODE,615,0,615,1339.88,19.38,1
17325,DECODE,614,0,614,1341.55,19.48,1
17326,DECODE,613,0,613,1343.56,19.56,1
17327,DECODE,612,0,612,1345.87,19.27,1
17328,DECODE,611,0,611,1348.18,19.49,1
17329,DECODE,610,0,610,1350.51,19.68,1
17330,DECODE,609,0,609,1352.86,19.65,1
17331,DECODE,608,0,608,1355.22,19.19,1
17332,DECODE,606,0,606,1358.95,19.66,1
17333,DECODE,605,0,605,1361.34,19.38,1
17334,DECODE,604,0,604,1363.73,19.32,1
17335,DECODE,603,0,603,1366.12,19.65,1
17336,DECODE,602,0,602,1368.38,19.66,1
17337,DECODE,601,0,601,1370.64,19.78,1
17338,DECODE,600,0,600,1372.95,19.34,1
17339,DECODE,599,0,599,1375.27,19.37,1
17340,DECODE,598,0,598,1377.67,19.31,1
17341,DECODE,597,0,597,1380.07,19.25,1
17342,DECODE,595,0,595,1383.92,19.47,1
17343,DECODE,594,0,594,1386.36,19.30,1
17344,DECODE,593,0,593,1388.82,19.16,1
17345,DECODE,592,0,592,1390.86,19.14,1
17346,DECODE,591,0,591,1393.07,19.22,1
17347,DECODE,591,0,591,1394.07,19.08,1
17348,DECODE,590,0,590,1396.28,19.17,1
17349,DECODE,589,0,589,1398.68,19.20,1
17350,DECODE,588,0,588,1401.10,18.95,1
17351,DECODE,587,0,587,1403.53,19.10,1
17352,DECODE,585,0,585,1407.44,19.29,1
17353,DECODE,584,0,584,1409.91,19.10,1
17354,DECODE,583,0,583,1412.40,19.36,1
17355,DECODE,582,0,582,1414.70,19.40,1
17356,DECODE,581,0,581,1417.10,19.40,1
17357,DECODE,580,0,580,1419.54,19.12,1
17358,DECODE,579,0,579,1421.98,19.29,1
17359,DECODE,578,0,578,1424.43,19.25,1
17360,DECODE,577,0,577,1426.91,19.17,1
17361,DECODE,576,0,576,1429.39,19.17,1
17362,DECODE,575,0,575,1431.90,19.29,1
17363,DECODE,574,0,574,1434.42,19.18,1
17364,DECODE,573,0,573,1436.96,19.22,1
17365,DECODE,572,0,572,1439.50,19.05,1
17366,DECODE,571,0,571,1441.89,19.20,1
17367,DECODE,570,0,570,1444.33,19.26,1
17368,DECODE,569,0,569,1446.82,19.31,1
17369,DECODE,568,0,568,1449.32,18.95,1
17370,DECODE,567,0,567,1451.83,19.12,1
17371,DECODE,566,0,566,1454.35,19.10,1
17372,DECODE,566,0,566,1455.35,19.18,1
17373,DECODE,565,0,565,1457.87,19.03,1
17374,DECODE,564,0,564,1458.54,18.92,1
17375,DECODE,564,0,564,1459.54,19.00,1
17376,DECODE,563,0,563,1462.09,18.98,1
17377,DECODE,563,0,563,1463.09,19.20,1
17378,DECODE,562,0,562,1465.66,19.00,1
17379,DECODE,561,0,561,1468.23,18.97,1
17380,DECODE,560,0,560,1470.82,18.76,1
17381,DECODE,559,0,559,1471.84,18.91,1
17382,DECODE,559,0,559,1472.84,18.89,1
17383,DECODE,558,0,558,1475.46,18.86,1
17384,DECODE,557,0,557,1476.24,18.80,1
17385,DECODE,556,0,556,1476.77,18.83,1
17386,DECODE,556,0,556,1477.77,18.59,1
17387,DECODE,556,0,556,1478.77,18.72,1
17388,DECODE,556,0,556,1479.77,18.74,1
17389,DECODE,556,0,556,1480.77,18.55,1
17390,DECODE,555,0,555,1482.86,19.02,1
17391,DECODE,555,0,555,1483.86,18.87,1
17392,DECODE,554,0,554,1485.95,18.84,1
17393,DECODE,553,0,553,1488.21,19.22,1
17394,DECODE,553,0,553,1489.21,18.88,1
17395,DECODE,552,0,552,1491.69,18.59,1
17396,DECODE,551,0,551,1494.18,19.10,1
17397,DECODE,550,0,550,1496.69,18.83,1
17398,DECODE,549,0,549,1498.25,18.84,1
17399,DECODE,549,0,549,1499.25,18.82,1
17400,DECODE,549,0,549,1500.25,18.75,1
17401,DECODE,548,0,548,1502.78,18.79,1
17402,DECODE,547,0,547,1505.32,18.93,1
17403,DECODE,546,0,546,1507.97,18.69,1
17404,DECODE,545,0,545,1510.64,19.10,1
17405,DECODE,544,0,544,1513.32,18.84,1
17406,DECODE,543,0,543,1514.02,18.90,1
17407,DECODE,543,0,543,1515.02,18.91,1
17408,DECODE,543,0,543,1516.02,18.96,1
17409,DECODE,542,0,542,1518.73,19.12,1
17410,DECODE,541,0,541,1521.11,19.19,1
17411,DECODE,541,0,541,1522.11,19.10,1
17412,DECODE,540,0,540,1524.57,18.94,1
17413,DECODE,539,0,539,1527.15,18.96,1
17414,DECODE,538,0,538,1529.77,22.19,1
17415,DECODE,538,0,538,1530.77,19.60,1
17416,DECODE,537,0,537,1533.42,19.05,1
17417,DECODE,536,0,536,1534.58,19.14,1
17418,DECODE,536,0,536,1535.58,18.77,1
17419,DECODE,535,0,535,1538.24,18.81,1
17420,DECODE,534,0,534,1538.57,18.82,1
17421,DECODE,534,0,534,1539.57,19.05,1
17422,DECODE,534,0,534,1540.57,18.76,1
17423,DECODE,534,0,534,1541.57,18.87,1
17424,DECODE,533,0,533,1544.26,18.71,1
17425,DECODE,532,0,532,1546.98,18.93,1
17426,DECODE,532,0,532,1547.98,18.58,1
17427,DECODE,531,0,531,1550.72,18.75,1
17428,DECODE,530,0,530,1553.47,18.68,1
17429,DECODE,529,0,529,1555.94,18.66,1
17430,DECODE,528,0,528,1558.58,18.39,1
17431,DECODE,528,0,528,1559.58,18.48,1
17432,DECODE,527,0,527,1562.24,18.58,1
17433,DECODE,526,0,526,1564.92,18.75,1
17434,DECODE,525,0,525,1567.65,18.75,1
17435,DECODE,524,0,524,1570.39,18.60,1
17436,DECODE,524,0,524,1571.39,18.47,1
17437,DECODE,523,0,523,1574.15,18.56,1
17438,DECODE,522,0,522,1576.92,18.61,1
17439,DECODE,521,0,521,1579.71,18.73,1
17440,DECODE,520,0,520,1582.51,18.48,1
17441,DECODE,520,0,520,1583.51,18.89,1
17442,DECODE,519,0,519,1586.34,18.46,1
17443,DECODE,518,0,518,1589.17,18.39,1
17444,DECODE,517,0,517,1591.99,18.40,1
17445,DECODE,516,0,516,1594.63,18.18,1
17446,DECODE,516,0,516,1595.63,18.19,1
17447,DECODE,515,0,515,1598.37,18.46,1
17448,DECODE,514,0,514,1601.13,18.35,1
17449,DECODE,513,0,513,1603.94,18.51,1
17450,DECODE,513,0,513,1604.94,18.43,1
17451,DECODE,512,0,512,1605.47,17.34,1
17452,DECODE,512,0,512,1606.47,17.45,1
17453,DECODE,511,0,511,1607.21,17.30,1
17454,DECODE,511,0,511,1608.21,18.72,1
17455,DECODE,511,0,511,1609.21,17.22,1
17456,DECODE,511,0,511,1610.21,17.58,1
17457,DECODE,511,0,511,1611.21,18.41,1
17458,DECODE,510,0,510,1613.62,18.66,1
17459,DECODE,509,0,509,1614.49,19.19,1
17460,DECODE,509,0,509,1615.49,18.75,1
17461,DECODE,509,0,509,1616.49,18.40,1
17462,DECODE,509,0,509,1617.49,18.69,1
17463,DECODE,508,0,508,1619.17,18.84,1
17464,DECODE,507,0,507,1619.84,19.06,1
17465,DECODE,507,0,507,1620.84,18.89,1
17466,DECODE,507,0,507,1621.84,18.28,1
17467,DECODE,507,0,507,1622.84,18.38,1
17468,DECODE,507,0,507,1623.84,18.41,1
17469,DECODE,506,0,506,1626.55,19.39,1
17470,DECODE,505,0,505,1629.39,19.60,1
17471,DECODE,504,0,504,1630.58,19.22,1
17472,DECODE,504,0,504,1631.58,18.95,1
17473,DECODE,504,0,504,1632.58,18.50,1
17474,DECODE,504,0,504,1633.58,18.44,1
17475,DECODE,503,0,503,1634.37,18.93,1
17476,DECODE,503,0,503,1635.37,18.96,1
17477,DECODE,503,0,503,1636.37,18.77,1
17478,DECODE,502,0,502,1638.93,19.37,1
17479,DECODE,502,0,502,1639.93,18.73,1
17480,DECODE,501,0,501,1642.82,19.38,1
17481,DECODE,500,0,500,1645.72,19.65,1
17482,DECODE,500,0,500,1646.72,18.81,1
17483,DECODE,499,0,499,1648.92,19.39,1
17484,DECODE,499,0,499,1649.92,18.64,1
17485,DECODE,498,0,498,1652.78,19.44,1
17486,DECODE,497,0,497,1655.68,19.57,1
17487,DECODE,496,0,496,1658.14,19.49,1
17488,DECODE,496,0,496,1659.14,18.62,1
17489,DECODE,495,0,495,1661.32,18.71,1
17490,DECODE,495,0,495,1662.32,18.60,1
17491,DECODE,495,0,495,1663.32,18.31,1
17492,DECODE,494,0,494,1664.06,19.09,1
17493,DECODE,494,0,494,1665.06,18.60,1
17494,DECODE,494,0,494,1666.06,18.35,1
17495,DECODE,493,0,493,1668.86,19.27,1
17496,DECODE,493,0,493,1669.86,18.67,1
17497,DECODE,492,0,492,1672.79,19.25,1
17498,DECODE,491,0,491,1675.43,19.95,1
17499,DECODE,491,0,491,1676.43,18.61,1
17500,DECODE,490,0,490,1679.31,19.23,1
17501,DECODE,489,0,489,1682.17,19.52,1
17502,DECODE,489,0,489,1683.17,18.63,1
17503,DECODE,488,0,488,1683.73,18.74,1
17504,DECODE,488,0,488,1684.73,18.75,1
17505,DECODE,488,0,488,1685.73,18.63,1
17506,DECODE,488,0,488,1686.73,18.34,1
17507,DECODE,487,0,487,1689.70,19.27,1
17508,DECODE,486,0,486,1692.60,19.56,1
17509,DECODE,486,0,486,1693.60,18.74,1
17510,DECODE,485,0,485,1694.50,18.81,1
17511,DECODE,485,0,485,1695.50,18.80,1
17512,DECODE,485,0,485,1696.50,18.49,1
17513,DECODE,485,0,485,1697.50,18.45,1
17514,DECODE,484,0,484,1699.93,19.30,1
17515,DECODE,483,0,483,1700.75,19.06,1
17516,DECODE,483,0,483,1701.75,19.08,1
17517,DECODE,483,0,483,1702.75,18.42,1
17518,DECODE,483,0,483,1703.75,18.44,1
17519,DECODE,482,0,482,1706.58,19.40,1
17520,DECODE,482,0,482,1707.58,17.10,1
17521,DECODE,481,0,481,1710.53,19.30,1
17522,DECODE,481,0,481,1711.53,18.86,1
17523,DECODE,480,0,480,1714.35,19.23,1
17524,DECODE,479,0,479,1717.27,19.55,1
17525,DECODE,479,0,479,1718.27,18.66,1
17526,DECODE,478,0,478,1721.05,19.97,1
17527,DECODE,478,0,478,1722.05,18.71,1
17528,DECODE,477,0,477,1725.05,19.35,1
17529,DECODE,476,0,476,1727.90,19.52,1
17530,DECODE,476,0,476,1728.90,18.69,1
17531,DECODE,475,0,475,1731.88,19.31,1
17532,DECODE,475,0,475,1732.88,18.87,1
17533,DECODE,474,0,474,1735.83,19.26,1
17534,DECODE,473,0,473,1738.82,19.56,1
17535,DECODE,472,0,472,1739.73,19.15,1
17536,DECODE,472,0,472,1740.73,18.78,1
17537,DECODE,472,0,472,1741.73,18.46,1
17538,DECODE,472,0,472,1742.73,17.31,1
17539,DECODE,471,0,471,1744.08,17.30,1
17540,DECODE,471,0,471,1745.08,17.29,1
17541,DECODE,471,0,471,1746.08,17.20,1
17542,DECODE,471,0,471,1747.08,17.07,1
17543,DECODE,470,0,470,1750.02,17.10,1
17544,DECODE,470,0,470,1751.02,17.28,1
17545,DECODE,469,0,469,1753.85,17.29,1
17546,DECODE,468,0,468,1754.64,17.29,1
17547,DECODE,467,0,467,1754.93,17.24,1
17548,DECODE,466,0,466,1755.34,17.23,1
17549,DECODE,466,0,466,1756.34,17.16,1
17550,DECODE,466,0,466,1757.34,17.15,1
17551,DECODE,466,0,466,1758.34,17.18,1
17552,DECODE,465,0,465,1759.01,17.17,1
17553,DECODE,465,0,465,1760.01,17.19,1
17554,DECODE,465,0,465,1761.01,17.08,1
17555,DECODE,465,0,465,1762.01,18.24,1
17556,DECODE,465,0,465,1763.01,18.17,1
17557,DECODE,465,0,465,1764.01,18.24,1
17558,DECODE,465,0,465,1765.01,18.14,1
17559,DECODE,465,0,465,1766.01,18.23,1
17560,DECODE,464,0,464,1765.98,18.47,1
17561,DECODE,463,0,463,1766.89,18.86,1
17562,DECODE,462,0,462,1767.79,18.57,1
17563,DECODE,462,0,462,1768.79,18.10,1
17564,DECODE,462,0,462,1769.79,18.02,1
17565,DECODE,462,0,462,1770.79,17.75,1
17566,DECODE,462,0,462,1771.79,17.78,1
17567,DECODE,462,0,462,1772.79,17.76,1
17568,DECODE,462,0,462,1773.79,17.75,1
17569,DECODE,462,0,462,1774.79,18.74,1
17570,DECODE,461,0,461,1775.51,18.06,1
17571,DECODE,461,0,461,1776.51,18.47,1
17572,DECODE,460,0,460,1778.14,18.05,1
17573,DECODE,460,0,460,1779.14,18.19,1
17574,DECODE,460,0,460,1780.14,17.79,1
17575,DECODE,460,0,460,1781.14,17.77,1
17576,DECODE,460,0,460,1782.14,17.77,1
17577,DECODE,460,0,460,1783.14,17.76,1
17578,DECODE,460,0,460,1784.14,17.85,1
17579,DECODE,460,0,460,1785.14,17.66,1
17580,DECODE,460,0,460,1786.14,17.84,1
17581,DECODE,460,0,460,1787.14,17.83,1
17582,DECODE,460,0,460,1788.14,17.76,1
17583,DECODE,460,0,460,1789.14,17.82,1
17584,DECODE,459,0,459,1791.97,18.64,1
17585,DECODE,459,0,459,1792.97,18.13,1
17586,DECODE,458,0,458,1795.94,18.70,1
17587,DECODE,458,0,458,1796.94,18.35,1
17588,DECODE,457,0,457,1799.97,18.55,1
17589,DECODE,456,0,456,1800.61,18.47,1
17590,DECODE,456,0,456,1801.61,18.29,1
17591,DECODE,456,0,456,1802.61,17.77,1
17592,DECODE,456,0,456,1803.61,17.85,1
17593,DECODE,456,0,456,1804.61,17.82,1
17594,DECODE,455,0,455,1807.63,18.69,1
17595,DECODE,455,0,455,1808.63,18.18,1
17596,DECODE,454,0,454,1811.61,18.60,1
17597,DECODE,454,0,454,1812.61,18.16,1
17598,DECODE,453,0,453,1813.93,18.26,1
17599,DECODE,453,0,453,1814.93,18.21,1
17600,DECODE,453,0,453,1815.93,17.84,1
17601,DECODE,453,0,453,1816.93,17.87,1
17602,DECODE,452,0,452,1819.88,18.73,1
17603,DECODE,452,0,452,1820.88,18.11,1
17604,DECODE,451,0,451,1823.61,18.68,1
17605,DECODE,451,0,451,1824.61,18.06,1
17606,DECODE,450,0,450,1827.50,18.83,1
17607,DECODE,450,0,450,1828.50,18.27,1
17608,DECODE,449,0,449,1831.47,18.76,1
17609,DECODE,449,0,449,1832.47,18.27,1
17610,DECODE,448,0,448,1835.51,18.82,1
17611,DECODE,448,0,448,1836.51,18.26,1
17612,DECODE,447,0,447,1839.49,18.82,1
17613,DECODE,447,0,447,1840.49,18.24,1
17614,DECODE,446,0,446,1842.77,18.89,1
17615,DECODE,446,0,446,1843.77,18.25,1
17616,DECODE,446,0,446,1844.77,17.98,1
17617,DECODE,445,0,445,1847.67,18.85,1
17618,DECODE,445,0,445,1848.67,18.33,1
17619,DECODE,444,0,444,1851.60,18.87,1
17620,DECODE,444,0,444,1852.60,18.29,1
17621,DECODE,444,0,444,1853.60,17.98,1
17622,DECODE,443,0,443,1856.57,18.76,1
17623,DECODE,443,0,443,1857.57,18.24,1
17624,DECODE,441,0,441,1858.88,18.36,1
17625,DECODE,441,0,441,1859.88,18.43,1
17626,DECODE,441,0,441,1860.88,18.06,1
17627,DECODE,441,0,441,1861.88,17.96,1
17628,DECODE,441,0,441,1862.88,18.06,1
17629,DECODE,441,0,441,1863.88,18.02,1
17630,DECODE,441,0,441,1864.88,18.03,1
17631,DECODE,440,0,440,1865.49,18.49,1
17632,DECODE,440,0,440,1866.49,18.73,1
17633,DECODE,440,0,440,1867.49,18.22,1
17634,DECODE,440,0,440,1868.49,17.99,1
17635,DECODE,440,0,440,1869.49,18.05,1
17636,DECODE,440,0,440,1870.49,18.00,1
17637,DECODE,439,0,439,1873.42,18.91,1
17638,DECODE,439,0,439,1874.42,18.28,1
17639,DECODE,438,0,438,1877.38,18.83,1
17640,DECODE,437,0,437,1878.32,18.62,1
17641,DECODE,435,0,435,1878.47,20.03,1
17642,DECODE,435,0,435,1879.47,18.36,1
17643,DECODE,435,0,435,1880.47,17.91,1
17644,DECODE,435,0,435,1881.47,17.99,1
17645,DECODE,435,0,435,1882.47,17.83,1
17646,DECODE,435,0,435,1883.47,17.96,1
17647,DECODE,435,0,435,1884.47,18.07,1
17648,DECODE,435,0,435,1885.47,17.86,1
17649,DECODE,435,0,435,1886.47,16.67,1
17650,DECODE,435,0,435,1887.47,16.82,1
17651,DECODE,435,0,435,1888.47,17.62,1
17652,DECODE,435,0,435,1889.47,16.86,1
17653,DECODE,435,0,435,1890.47,18.66,1
17654,DECODE,435,0,435,1891.47,17.63,1
17655,DECODE,434,0,434,1894.41,18.11,1
17656,DECODE,433,0,433,1895.30,18.34,1
17657,DECODE,433,0,433,1896.30,18.11,1
17658,DECODE,432,0,432,1895.76,17.61,1
17659,DECODE,432,0,432,1896.76,17.68,1
17660,DECODE,432,0,432,1897.76,17.50,1
17661,DECODE,432,0,432,1898.76,17.63,1
17662,DECODE,432,0,432,1899.76,17.40,1
17663,DECODE,432,0,432,1900.76,17.39,1
17664,DECODE,432,0,432,1901.76,17.59,1
17665,DECODE,432,0,432,1902.76,17.73,1
17666,DECODE,432,0,432,1903.76,17.47,1
17667,DECODE,432,0,432,1904.76,17.61,1
17668,DECODE,431,0,431,1907.79,18.43,1
17669,DECODE,431,0,431,1908.79,18.00,1
17670,DECODE,430,0,430,1911.68,17.96,1
17671,DECODE,430,0,430,1912.68,17.78,1
17672,DECODE,430,0,430,1913.68,17.62,1
17673,DECODE,429,0,429,1916.58,17.96,1
17674,DECODE,429,0,429,1917.58,16.77,1
17675,DECODE,428,0,428,1920.52,17.66,1
17676,DECODE,428,0,428,1921.52,16.80,1
17677,DECODE,428,0,428,1922.52,17.49,1
17678,DECODE,427,0,427,1925.49,17.90,1
17679,DECODE,427,0,427,1926.49,17.56,1
17680,DECODE,426,0,426,1929.50,17.87,1
17681,DECODE,426,0,426,1930.50,17.63,1
17682,DECODE,425,0,425,1932.98,17.63,1
17683,DECODE,425,0,425,1933.98,17.66,1
17684,DECODE,425,0,425,1934.98,17.36,1
17685,DECODE,425,0,425,1935.98,17.32,1
17686,DECODE,424,0,424,1938.92,17.84,1
17687,DECODE,424,0,424,1939.92,17.42,1
17688,DECODE,423,0,423,1939.45,18.30,1
17689,DECODE,423,0,423,1940.45,19.02,1
17690,DECODE,423,0,423,1941.45,18.53,1
17691,DECODE,423,0,423,1942.45,18.25,1
17692,DECODE,423,0,423,1943.45,18.22,1
17693,DECODE,422,0,422,1942.99,19.20,1
17694,DECODE,422,0,422,1943.99,17.78,1
17695,DECODE,422,0,422,1944.99,17.49,1
17696,DECODE,422,0,422,1945.99,18.27,1
17697,DECODE,422,0,422,1946.99,17.64,1
17698,DECODE,421,0,421,1946.54,17.83,1
17699,DECODE,420,0,420,1947.85,18.31,1
17700,DECODE,420,0,420,1948.85,18.92,1
17701,DECODE,420,0,420,1949.85,18.34,1
17702,DECODE,420,0,420,1950.85,18.32,1
17703,DECODE,420,0,420,1951.85,18.57,1
17704,DECODE,420,0,420,1952.85,18.37,1
17705,DECODE,420,0,420,1953.85,18.44,1
17706,DECODE,420,0,420,1954.85,18.39,1
17707,DECODE,420,0,420,1955.85,18.58,1
17708,DECODE,420,0,420,1956.85,18.35,1
17709,DECODE,420,0,420,1957.85,18.42,1
17710,DECODE,420,0,420,1958.85,18.47,1
17711,DECODE,419,0,419,1961.68,20.20,1
17712,DECODE,419,0,419,1962.68,18.77,1
17713,DECODE,419,0,419,1963.68,18.36,1
17714,DECODE,418,0,418,1966.40,20.04,1
17715,DECODE,418,0,418,1967.40,18.89,1
17716,DECODE,418,0,418,1968.40,18.44,1
17717,DECODE,417,0,417,1971.15,20.11,1
17718,DECODE,417,0,417,1972.15,18.92,1
17719,DECODE,417,0,417,1973.15,18.49,1
17720,DECODE,416,0,416,1975.81,18.83,1
17721,DECODE,416,0,416,1976.81,18.20,1
17722,DECODE,416,0,416,1977.81,18.20,1
17723,DECODE,415,0,415,1980.45,18.73,1
17724,DECODE,415,0,415,1981.45,18.27,1
17725,DECODE,415,0,415,1982.45,18.21,1
17726,DECODE,414,0,414,1984.68,19.02,1
17727,DECODE,414,0,414,1985.68,18.30,1
17728,DECODE,414,0,414,1986.68,18.04,1
17729,DECODE,413,0,413,1989.14,18.90,1
17730,DECODE,413,0,413,1990.14,18.40,1
17731,DECODE,413,0,413,1991.14,17.99,1
17732,DECODE,413,0,413,1992.14,18.10,1
17733,DECODE,412,0,412,1994.68,18.82,1
17734,DECODE,412,0,412,1995.68,18.47,1
17735,DECODE,412,0,412,1996.68,18.15,1
17736,DECODE,411,0,411,1999.32,18.95,1
17737,DECODE,411,0,411,2000.32,18.28,1
17738,DECODE,410,0,410,2002.48,18.71,1
17739,DECODE,410,0,410,2003.48,18.10,1
17740,DECODE,410,0,410,2004.48,17.80,1
17741,DECODE,410,0,410,2005.48,17.93,1
17742,DECODE,410,0,410,2006.48,17.97,1
17743,DECODE,409,0,409,2009.04,19.19,1
17744,DECODE,409,0,409,2010.04,18.08,1
17745,DECODE,409,0,409,2011.04,17.94,1
17746,DECODE,408,0,408,2013.60,18.34,1
17747,DECODE,408,0,408,2014.60,18.14,1
17748,DECODE,407,0,407,2014.26,17.99,1
17749,DECODE,407,0,407,2015.26,18.43,1
17750,DECODE,406,0,406,2016.20,18.20,1
17751,DECODE,406,0,406,2017.20,18.17,1
17752,DECODE,406,0,406,2018.20,17.99,1
17753,DECODE,406,0,406,2019.20,18.04,1
17754,DECODE,406,0,406,2020.20,17.92,1
17755,DECODE,406,0,406,2021.20,18.09,1
17756,DECODE,405,0,405,2022.65,18.12,1
17757,DECODE,405,0,405,2023.65,18.31,1
17758,DECODE,405,0,405,2024.65,18.23,1
17759,DECODE,405,0,405,2025.65,18.28,1
17760,DECODE,405,0,405,2026.65,18.19,1
17761,DECODE,405,0,405,2027.65,18.37,1
17762,DECODE,405,0,405,2028.65,18.45,1
17763,DECODE,405,0,405,2029.65,18.21,1
17764,DECODE,405,0,405,2030.65,18.33,1
17765,DECODE,404,0,404,2033.15,19.09,1
17766,DECODE,404,0,404,2034.15,18.56,1
17767,DECODE,404,0,404,2035.15,18.35,1
17768,DECODE,404,0,404,2036.15,18.43,1
17769,DECODE,402,0,402,2034.55,18.60,1
17770,DECODE,402,0,402,2035.55,18.69,1
17771,DECODE,402,0,402,2036.55,18.30,1
17772,DECODE,402,0,402,2037.55,18.23,1
17773,DECODE,402,0,402,2038.55,18.29,1
17774,DECODE,401,0,401,2038.25,18.47,1
17775,DECODE,401,0,401,2039.25,18.98,1
17776,DECODE,401,0,401,2040.25,18.18,1
17777,DECODE,401,0,401,2041.25,18.20,1
17778,DECODE,401,0,401,2042.25,18.37,1
17779,DECODE,401,0,401,2043.25,18.28,1
17780,DECODE,401,0,401,2044.25,18.28,1
17781,DECODE,401,0,401,2045.25,18.25,1
17782,DECODE,400,0,400,2045.56,18.26,1
17783,DECODE,400,0,400,2046.56,18.08,1
17784,DECODE,400,0,400,2047.56,17.82,1
17785,DECODE,400,0,400,2048.56,17.82,1
17786,DECODE,399,0,399,2048.28,19.08,1
17787,DECODE,399,0,399,2049.28,18.17,1
17788,DECODE,399,0,399,2050.28,17.84,1
17789,DECODE,399,0,399,2051.28,17.74,1
17790,DECODE,399,0,399,2052.28,17.66,1
17791,DECODE,399,0,399,2053.28,17.71,1
17792,DECODE,399,0,399,2054.28,17.82,1
17793,DECODE,399,0,399,2055.28,17.84,1
17794,DECODE,399,0,399,2056.28,18.15,1
17795,DECODE,399,0,399,2057.28,17.76,1
17796,DECODE,399,0,399,2058.28,17.78,1
17797,DECODE,399,0,399,2059.28,17.76,1
17798,DECODE,399,0,399,2060.28,17.75,1
17799,DECODE,399,0,399,2061.28,17.78,1
17800,DECODE,398,0,398,2063.67,19.20,1
17801,DECODE,397,0,397,2064.68,18.42,1
17802,DECODE,397,0,397,2065.68,18.23,1
17803,DECODE,397,0,397,2066.68,17.80,1
17804,DECODE,397,0,397,2067.68,17.92,1
17805,DECODE,397,0,397,2068.68,17.90,1
17806,DECODE,397,0,397,2069.68,18.05,1
17807,DECODE,397,0,397,2070.68,17.85,1
17808,DECODE,397,0,397,2071.68,17.89,1
17809,DECODE,396,0,396,2074.01,18.15,1
17810,DECODE,396,0,396,2075.01,17.48,1
17811,DECODE,396,0,396,2076.01,17.20,1
17812,DECODE,396,0,396,2077.01,17.33,1
17813,DECODE,395,0,395,2079.46,18.09,1
17814,DECODE,395,0,395,2080.46,17.44,1
17815,DECODE,395,0,395,2081.46,17.18,1
17816,DECODE,395,0,395,2082.46,17.31,1
17817,DECODE,394,0,394,2084.82,17.98,1
17818,DECODE,394,0,394,2085.82,17.48,1
17819,DECODE,394,0,394,2086.82,17.15,1
17820,DECODE,394,0,394,2087.82,17.20,1
17821,DECODE,393,0,393,2090.01,17.97,1
17822,DECODE,393,0,393,2091.01,17.46,1
17823,DECODE,393,0,393,2092.01,17.30,1
17824,DECODE,393,0,393,2093.01,17.30,1
17825,DECODE,392,0,392,2095.30,18.07,1
17826,DECODE,392,0,392,2096.30,17.57,1
17827,DECODE,392,0,392,2097.30,17.18,1
17828,DECODE,391,0,391,2098.10,17.53,1
17829,DECODE,391,0,391,2099.10,17.71,1
17830,DECODE,391,0,391,2100.10,17.30,1
17831,DECODE,391,0,391,2101.10,17.23,1
17832,DECODE,391,0,391,2102.10,17.28,1
17833,DECODE,391,0,391,2103.10,17.20,1
17834,DECODE,391,0,391,2104.10,17.23,1
17835,DECODE,390,0,390,2103.93,17.56,1
17836,DECODE,390,0,390,2104.93,17.52,1
17837,DECODE,388,0,388,2104.12,17.47,1
17838,DECODE,388,0,388,2105.12,17.23,1
17839,DECODE,387,0,387,2106.63,16.70,1
17840,DECODE,387,0,387,2107.63,16.57,1
17841,DECODE,387,0,387,2108.63,16.63,1
17842,DECODE,386,0,386,2108.92,17.20,1
17843,DECODE,386,0,386,2109.92,18.51,1
17844,DECODE,386,0,386,2110.92,21.14,1
17845,DECODE,386,0,386,2111.92,17.75,1
17846,DECODE,385,0,385,2113.30,18.60,1
17847,DECODE,385,0,385,2114.30,18.40,1
17848,DECODE,385,0,385,2115.30,18.52,1
17849,DECODE,385,0,385,2116.30,17.91,1
17850,DECODE,385,0,385,2117.30,18.66,1
17851,DECODE,385,0,385,2118.30,17.85,1
17852,DECODE,385,0,385,2119.30,17.91,1
17853,DECODE,384,0,384,2119.15,18.51,1
17854,DECODE,383,0,383,2119.00,19.39,1
17855,DECODE,383,0,383,2120.00,18.28,1
17856,DECODE,383,0,383,2121.00,17.73,1
17857,DECODE,383,0,383,2122.00,17.76,1
17858,DECODE,383,0,383,2123.00,17.88,1
17859,DECODE,383,0,383,2124.00,17.88,1
17860,DECODE,383,0,383,2125.00,17.71,1
17861,DECODE,383,0,383,2126.00,17.88,1
17862,DECODE,383,0,383,2127.00,17.70,1
17863,DECODE,382,0,382,2126.86,18.26,1
17864,DECODE,380,0,380,2126.66,19.05,1
17865,DECODE,380,0,380,2127.66,18.58,1
17866,DECODE,379,0,379,2128.35,18.43,1
17867,DECODE,378,0,378,2129.29,17.37,1
17868,DECODE,378,0,378,2130.29,17.23,1
17869,DECODE,378,0,378,2131.29,16.93,1
17870,DECODE,378,0,378,2132.29,17.05,1
17871,DECODE,378,0,378,2133.29,16.95,1
17872,DECODE,378,0,378,2134.29,17.00,1
17873,DECODE,375,0,375,2131.89,17.40,1
17874,DECODE,374,0,374,2131.74,19.12,1
17875,DECODE,374,0,374,2132.74,17.28,1
17876,DECODE,374,0,374,2133.74,16.98,1
17877,DECODE,374,0,374,2134.74,17.11,1
17878,DECODE,374,0,374,2135.74,16.84,1
17879,DECODE,374,0,374,2136.74,16.81,1
17880,DECODE,374,0,374,2137.74,17.08,1
17881,DECODE,374,0,374,2138.74,17.04,1
17882,DECODE,374,0,374,2139.74,16.99,1
17883,DECODE,374,0,374,2140.74,16.93,1
17884,DECODE,374,0,374,2141.74,16.93,1
17885,DECODE,374,0,374,2142.74,16.99,1
17886,DECODE,373,0,373,2142.62,16.85,1
17887,DECODE,373,0,373,2143.62,17.38,1
17888,DECODE,372,0,372,2143.51,17.56,1
17889,DECODE,370,0,370,2145.16,16.84,1
17890,DECODE,369,0,369,2145.04,16.86,1
17891,DECODE,369,0,369,2146.04,17.37,1
17892,DECODE,369,0,369,2147.04,16.92,1
17893,DECODE,369,0,369,2148.04,17.87,1
17894,DECODE,369,0,369,2149.04,17.07,1
17895,DECODE,369,0,369,2150.04,16.81,1
17896,DECODE,368,0,368,2149.93,17.09,1
17897,DECODE,368,0,368,2150.93,17.07,1
17898,DECODE,368,0,368,2151.93,16.85,1
17899,DECODE,368,0,368,2152.93,16.92,1
17900,DECODE,368,0,368,2153.93,16.77,1
17901,DECODE,368,0,368,2154.93,16.82,1
17902,DECODE,368,0,368,2155.93,16.98,1
17903,DECODE,368,0,368,2156.93,16.93,1
17904,DECODE,367,0,367,2157.59,17.09,1
17905,DECODE,367,0,367,2158.59,17.09,1
17906,DECODE,365,0,365,2159.54,17.19,1
17907,DECODE,365,0,365,2160.54,17.28,1
17908,DECODE,365,0,365,2161.54,16.79,1
17909,DECODE,364,0,364,2161.45,17.13,1
17910,DECODE,364,0,364,2162.45,17.20,1
17911,DECODE,364,0,364,2163.45,16.73,1
17912,DECODE,364,0,364,2164.45,16.78,1
17913,DECODE,364,0,364,2165.45,16.79,1
17914,DECODE,364,0,364,2166.45,16.79,1
17915,DECODE,364,0,364,2167.45,16.99,1
17916,DECODE,364,0,364,2168.45,16.90,1
17917,DECODE,364,0,364,2169.45,16.81,1
17918,DECODE,364,0,364,2170.45,16.98,1
17919,DECODE,364,0,364,2171.45,16.84,1
17920,DECODE,364,0,364,2172.45,16.87,1
17921,DECODE,364,0,364,2173.45,16.83,1
17922,DECODE,364,0,364,2174.45,16.97,1
17923,DECODE,364,0,364,2175.45,16.81,1
17924,DECODE,364,0,364,2176.45,16.91,1
17925,DECODE,364,0,364,2177.45,17.02,1
17926,DECODE,363,0,363,2178.88,17.25,1
17927,DECODE,362,0,362,2178.82,17.52,1
17928,DECODE,362,0,362,2179.82,17.16,1
17929,DECODE,362,0,362,2180.82,16.89,1
17930,DECODE,362,0,362,2181.82,17.09,1
17931,DECODE,362,0,362,2182.82,16.79,1
17932,DECODE,361,0,361,2183.76,17.27,1
17933,DECODE,361,0,361,2184.76,17.42,1
17934,DECODE,361,0,361,2185.76,16.81,1
17935,DECODE,361,0,361,2186.76,16.84,1
17936,DECODE,361,0,361,2187.76,16.83,1
17937,DECODE,361,0,361,2188.76,16.90,1
17938,DECODE,361,0,361,2189.76,16.78,1
17939,DECODE,361,0,361,2190.76,17.01,1
17940,DECODE,361,0,361,2191.76,16.89,1
17941,DECODE,360,0,360,2191.74,17.24,1
17942,DECODE,360,0,360,2192.74,17.21,1
17943,DECODE,360,0,360,2193.74,16.85,1
17944,DECODE,360,0,360,2194.74,17.11,1
17945,DECODE,360,0,360,2195.74,16.93,1
17946,DECODE,360,0,360,2196.74,16.92,1
17947,DECODE,360,0,360,2197.74,17.03,1
17948,DECODE,360,0,360,2198.74,16.99,1
17949,DECODE,360,0,360,2199.74,16.77,1
17950,DECODE,360,0,360,2200.74,16.89,1
17951,DECODE,360,0,360,2201.74,16.96,1
17952,DECODE,360,0,360,2202.74,16.89,1
17953,DECODE,359,0,359,2202.74,17.17,1
17954,DECODE,359,0,359,2203.74,17.09,1
17955,DECODE,358,0,358,2205.27,17.42,1
17956,DECODE,358,0,358,2206.27,17.26,1
17957,DECODE,357,0,357,2206.27,17.21,1
17958,DECODE,357,0,357,2207.27,17.31,1
17959,DECODE,355,0,355,2206.98,17.18,1
17960,DECODE,354,0,354,2206.98,17.58,1
17961,DECODE,353,0,353,2207.91,17.92,1
17962,DECODE,352,0,352,2210.12,17.47,1
17963,DECODE,352,0,352,2211.12,16.71,1
17964,DECODE,352,0,352,2212.12,16.78,1
17965,DECODE,351,0,351,2212.13,17.12,1
17966,DECODE,351,0,351,2213.13,17.32,1
17967,DECODE,351,0,351,2214.13,16.64,1
17968,DECODE,351,0,351,2215.13,16.65,1
17969,DECODE,351,0,351,2216.13,16.64,1
17970,DECODE,351,0,351,2217.13,16.74,1
17971,DECODE,351,0,351,2218.13,17.25,1
17972,DECODE,351,0,351,2219.13,16.75,1
17973,DECODE,351,0,351,2220.13,16.73,1
17974,DECODE,351,0,351,2221.13,16.57,1
17975,DECODE,351,0,351,2222.13,16.82,1
17976,DECODE,351,0,351,2223.13,16.83,1
17977,DECODE,351,0,351,2224.13,17.52,1
17978,DECODE,351,0,351,2225.13,16.81,1
17979,DECODE,351,0,351,2226.13,16.74,1
17980,DECODE,351,0,351,2227.13,16.92,1
17981,DECODE,351,0,351,2228.13,16.87,1
17982,DECODE,350,0,350,2228.24,17.17,1
17983,DECODE,350,0,350,2229.24,17.74,1
17984,DECODE,350,0,350,2230.24,17.14,1
17985,DECODE,350,0,350,2231.24,16.82,1
17986,DECODE,350,0,350,2232.24,16.74,1
17987,DECODE,350,0,350,2233.24,16.96,1
17988,DECODE,350,0,350,2234.24,16.77,1
17989,DECODE,349,0,349,2234.31,17.16,1
17990,DECODE,349,0,349,2235.31,17.96,1
17991,DECODE,349,0,349,2236.31,16.86,1
17992,DECODE,348,0,348,2237.33,17.26,1
17993,DECODE,348,0,348,2238.33,17.29,1
17994,DECODE,348,0,348,2239.33,17.05,1
17995,DECODE,348,0,348,2240.33,16.88,1
17996,DECODE,348,0,348,2241.33,16.88,1
17997,DECODE,348,0,348,2242.33,17.05,1
17998,DECODE,348,0,348,2243.33,16.99,1
17999,DECODE,348,0,348,2244.33,16.95,1
18000,DECODE,347,0,347,2244.42,18.40,1
18001,DECODE,346,0,346,2244.51,17.61,1
18002,DECODE,346,0,346,2245.51,17.04,1
18003,DECODE,345,0,345,2246.24,17.30,1
18004,DECODE,345,0,345,2247.24,17.33,1
18005,DECODE,345,0,345,2248.24,16.93,1
18006,DECODE,345,0,345,2249.24,17.06,1
18007,DECODE,345,0,345,2250.24,16.86,1
18008,DECODE,345,0,345,2251.24,17.05,1
18009,DECODE,344,0,344,2251.34,18.08,1
18010,DECODE,344,0,344,2252.34,17.97,1
18011,DECODE,344,0,344,2253.34,17.01,1
18012,DECODE,342,0,342,2252.55,17.91,1
18013,DECODE,341,0,341,2254.11,17.85,1
18014,DECODE,341,0,341,2255.11,17.15,1
18015,DECODE,341,0,341,2256.11,17.10,1
18016,DECODE,341,0,341,2257.11,17.30,1
18017,DECODE,340,0,340,2257.21,17.98,1
18018,DECODE,340,0,340,2258.21,17.20,1
18019,DECODE,340,0,340,2259.21,17.09,1
18020,DECODE,339,0,339,2259.33,17.83,1
18021,DECODE,339,0,339,2260.33,17.02,1
18022,DECODE,338,0,338,2260.44,17.09,1
18023,DECODE,338,0,338,2261.44,17.24,1
18024,DECODE,338,0,338,2262.44,16.77,1
18025,DECODE,338,0,338,2263.44,16.86,1
18026,DECODE,338,0,338,2264.44,17.07,1
18027,DECODE,338,0,338,2265.44,17.12,1
18028,DECODE,338,0,338,2266.44,17.10,1
18029,DECODE,337,0,337,2266.57,17.95,1
18030,DECODE,336,0,336,2266.70,18.49,1
18031,DECODE,336,0,336,2267.70,17.17,1
18032,DECODE,336,0,336,2268.70,16.74,1
18033,DECODE,335,0,335,2268.83,17.70,1
18034,EXTEND,1,154,0,159.00,36.90,1
18035,DECODE,335,0,335,2264.20,16.56,1
18036,EXTEND,1,55,0,58.00,29.15,1
18037,DECODE,336,0,336,2258.63,15.60,1
18038,DECODE,336,0,336,2259.63,15.71,1
18039,DECODE,336,0,336,2260.63,16.06,1
18040,DECODE,335,0,335,2260.74,17.32,1
18041,EXTEND,1,186,0,191.00,34.82,1
18042,DECODE,335,0,335,2254.67,15.50,1
18043,EXTEND,2,78,0,43.50,25.09,1
18044,DECODE,337,0,337,2242.55,15.72,1
18045,DECODE,337,0,337,2243.55,15.70,1
18046,DECODE,337,0,337,2244.55,15.91,1
18047,DECODE,337,0,337,2245.55,16.84,1
18048,DECODE,337,0,337,2246.55,16.61,1
18049,DECODE,337,0,337,2247.55,16.80,1
18050,DECODE,337,0,337,2248.55,16.96,1
18051,DECODE,336,0,336,2248.62,16.92,1
18052,EXTEND,1,230,0,234.00,47.49,1
18053,DECODE,335,0,335,2242.44,14.78,1
18054,EXTEND,3,286,0,99.67,24.53,1
18055,DECODE,337,0,337,2224.02,14.93,1
18056,EXTEND,2,383,0,195.00,22.23,1
18057,DECODE,339,0,339,2213.05,14.99,1
18058,DECODE,339,0,339,2214.05,15.06,1
18059,DECODE,339,0,339,2215.05,15.39,1
18060,DECODE,339,0,339,2216.05,15.52,1
18061,DECODE,339,0,339,2217.05,15.60,1
18062,DECODE,339,0,339,2218.05,15.21,1
18063,DECODE,339,0,339,2219.05,15.59,1
18064,DECODE,339,0,339,2220.05,15.96,1
18065,DECODE,339,0,339,2221.05,16.31,1
18066,DECODE,339,0,339,2222.05,16.21,1
18067,DECODE,339,0,339,2223.05,16.20,1
18068,DECODE,339,0,339,2224.05,16.19,1
18069,DECODE,339,0,339,2225.05,16.28,1
18070,DECODE,339,0,339,2226.05,16.20,1
18071,DECODE,339,0,339,2227.05,16.26,1
18072,DECODE,339,0,339,2228.05,16.24,1
18073,DECODE,339,0,339,2229.05,16.31,1
18074,DECODE,339,0,339,2230.05,16.27,1
18075,DECODE,338,0,338,2230.07,16.47,1
18076,EXTEND,1,52,0,56.00,36.04,1
18077,DECODE,339,0,339,2224.66,15.78,1
18078,DECODE,339,0,339,2225.66,15.98,1
18079,DECODE,339,0,339,2226.66,15.85,1
18080,DECODE,339,0,339,2227.66,16.28,1
18081,DECODE,338,0,338,2228.49,16.64,1
18082,EXTEND,2,163,0,86.00,35.87,1
18083,DECODE,340,0,340,2216.88,15.13,1
18084,DECODE,340,0,340,2217.88,15.96,1
18085,DECODE,339,0,339,2217.87,16.87,1
18086,EXTEND,1,58,0,68.00,38.85,1
18087,DECODE,339,0,339,2211.53,15.16,1
18088,EXTEND,2,162,0,85.50,16.44,1
18089,DECODE,340,0,340,2199.00,14.89,1
18090,EXTEND,2,104,0,57.00,16.36,1
18091,DECODE,342,0,342,2187.47,14.89,1
18092,DECODE,342,0,342,2188.47,14.95,1
18093,DECODE,341,0,341,2188.38,15.01,1
18094,EXTEND,1,206,0,209.00,24.18,1
18095,DECODE,342,0,342,2183.59,14.97,1
18096,DECODE,342,0,342,2184.59,15.00,1
18097,DECODE,342,0,342,2185.59,15.11,1
18098,DECODE,341,0,341,2185.50,15.06,1
18099,EXTEND,3,157,0,60.00,26.14,1
18100,DECODE,340,0,340,2163.34,15.43,1
18101,EXTEND,4,295,0,78.50,16.48,1
18102,DECODE,344,0,344,2140.10,14.77,1
18103,DECODE,344,0,344,2141.10,14.90,1
18104,DECODE,344,0,344,2142.10,15.26,1
18105,DECODE,344,0,344,2143.10,14.92,1
18106,DECODE,344,0,344,2144.10,14.94,1
18107,DECODE,344,0,344,2145.10,14.87,1
18108,DECODE,343,0,343,2144.89,14.90,1
18109,EXTEND,3,366,0,126.33,23.99,1
18110,DECODE,345,0,345,2127.14,14.83,1
18111,EXTEND,2,166,0,91.00,28.56,1
18112,DECODE,347,0,347,2116.40,14.79,1
18113,DECODE,347,0,347,2117.40,15.78,1
18114,DECODE,347,0,347,2118.40,15.04,1
18115,DECODE,347,0,347,2119.40,15.17,1
18116,DECODE,346,0,346,2119.13,15.10,1
18117,EXTEND,2,485,0,247.00,34.71,1
18118,DECODE,348,0,348,2109.37,14.98,1
18119,DECODE,348,0,348,2110.37,14.82,1
18120,DECODE,347,0,347,2111.18,14.93,1
18121,EXTEND,2,83,0,46.50,16.15,1
18122,DECODE,349,0,349,2100.34,14.75,1
18123,DECODE,349,0,349,2101.34,14.78,1
18124,DECODE,349,0,349,2102.34,14.88,1
18125,DECODE,348,0,348,2102.44,15.37,1
18126,EXTEND,2,193,0,101.50,16.56,1
18127,DECODE,349,0,349,2090.66,14.76,1
18128,EXTEND,1,495,0,499.00,23.95,1
18129,DECODE,348,0,348,2084.40,16.21,1
18130,EXTEND,3,282,0,99.00,25.81,1
18131,DECODE,351,0,351,2068.43,14.71,1
18132,DECODE,351,0,351,2069.43,14.76,1
18133,DECODE,350,0,350,2070.05,14.86,1
18134,EXTEND,2,245,0,127.00,16.85,1
18135,DECODE,352,0,352,2060.01,14.67,1
18136,DECODE,352,0,352,2061.01,14.72,1
18137,DECODE,352,0,352,2062.01,15.80,1
18138,DECODE,352,0,352,2063.01,14.98,1
18139,DECODE,351,0,351,2062.60,16.01,1
18140,EXTEND,4,404,0,106.25,28.75,1
18141,DECODE,353,0,353,2038.61,14.75,1
18142,EXTEND,2,118,0,63.00,24.39,1
18143,DECODE,355,0,355,2028.48,14.83,1
18144,DECODE,355,0,355,2029.48,14.79,1
18145,DECODE,354,0,354,2028.98,15.48,1
18146,EXTEND,2,91,0,53.50,36.11,1
18147,DECODE,355,0,355,2017.36,14.71,1
18148,EXTEND,2,117,0,62.50,26.36,1
18149,DECODE,356,0,356,2005.85,14.59,1
18150,EXTEND,2,169,0,91.50,16.06,1
18151,DECODE,356,0,356,1992.99,14.56,1
18152,EXTEND,3,232,0,81.67,16.17,1
18153,DECODE,358,0,358,1976.39,14.56,1
18154,EXTEND,2,164,0,91.00,16.20,1
18155,DECODE,359,0,359,1965.27,14.55,1
18156,EXTEND,2,157,0,87.50,16.09,1
18157,DECODE,361,0,361,1955.86,14.58,1
18158,DECODE,361,0,361,1956.86,14.61,1
18159,DECODE,361,0,361,1957.86,14.77,1
18160,DECODE,360,0,360,1958.93,15.58,1
18161,EXTEND,2,176,0,93.50,18.14,1
18162,DECODE,362,0,362,1949.62,14.56,1
18163,DECODE,362,0,362,1950.62,14.60,1
18164,DECODE,362,0,362,1951.62,15.01,1
18165,DECODE,361,0,361,1950.94,14.79,1
18166,EXTEND,2,139,0,73.50,27.49,1
18167,DECODE,362,0,362,1940.23,14.60,1
18168,EXTEND,2,192,0,104.50,16.21,1
18169,DECODE,363,0,363,1929.41,14.49,1
18170,EXTEND,2,533,0,272.00,17.10,1
18171,DECODE,365,0,365,1921.33,14.50,1
18172,DECODE,365,0,365,1922.33,14.52,1
18173,DECODE,365,0,365,1923.33,15.35,1
18174,DECODE,364,0,364,1922.58,14.93,1
18175,EXTEND,4,1091,0,277.75,31.43,1
18176,DECODE,365,0,365,1900.32,14.55,1
18177,EXTEND,2,564,0,287.50,16.19,1
18178,DECODE,367,0,367,1892.53,14.45,1
18179,DECODE,367,0,367,1893.53,14.48,1
18180,DECODE,367,0,367,1894.53,15.36,1
18181,DECODE,366,0,366,1894.09,15.84,1
18182,EXTEND,4,1129,0,287.00,24.20,1
18183,DECODE,368,0,368,1874.00,14.46,1
18184,EXTEND,2,682,0,346.50,16.12,1
18185,DECODE,369,0,369,1864.87,14.46,1
18186,EXTEND,2,341,0,177.50,22.63,1
18187,DECODE,371,0,371,1856.77,14.44,1
18188,DECODE,371,0,371,1857.77,14.51,1
18189,DECODE,369,0,369,1854.96,15.03,1
18190,EXTEND,4,1317,0,336.50,17.91,1
18191,DECODE,372,0,372,1837.74,14.43,1
18192,EXTEND,2,641,0,325.50,16.28,1
18193,DECODE,374,0,374,1830.66,14.45,1
18194,DECODE,374,0,374,1831.66,14.55,1
18195,DECODE,374,0,374,1832.66,15.34,1
18196,DECODE,372,0,372,1829.74,14.55,1
18197,EXTEND,4,1228,0,313.00,23.50,1
18198,DECODE,374,0,374,1810.62,14.40,1
18199,EXTEND,3,719,0,250.67,16.94,1
18200,DECODE,377,0,377,1799.21,14.40,1
18201,DECODE,377,0,377,1800.21,14.49,1
18202,DECODE,375,0,375,1797.15,14.73,1
18203,EXTEND,4,1142,0,290.25,21.68,1
18204,DECODE,375,0,375,1775.69,15.29,1
18205,EXTEND,5,1577,0,329.60,20.45,1
18206,DECODE,380,0,380,1757.66,14.44,1
18207,DECODE,380,0,380,1758.66,14.62,1
18208,DECODE,380,0,380,1759.66,14.49,1
18209,DECODE,378,0,378,1756.83,14.30,1
18210,EXTEND,5,1733,0,352.20,24.26,1
18211,DECODE,382,0,382,1737.34,14.60,1
18212,EXTEND,3,899,0,304.33,23.34,1
18213,DECODE,385,0,385,1727.17,14.59,1
18214,DECODE,385,0,385,1728.17,14.78,1
18215,DECODE,384,0,384,1727.01,14.33,1
18216,EXTEND,2,590,0,299.50,16.96,1
18217,DECODE,386,0,386,1720.61,14.66,1
18218,DECODE,386,0,386,1721.61,14.74,1
18219,DECODE,386,0,386,1722.61,14.73,1
18220,DECODE,386,0,386,1723.61,14.81,1
18221,DECODE,384,0,384,1720.25,15.69,1
18222,EXTEND,5,1653,0,337.20,23.91,1
18223,DECODE,387,0,387,1699.04,14.71,1
18224,EXTEND,3,1262,0,428.00,22.05,1
18225,DECODE,389,0,389,1688.03,14.37,1
18226,EXTEND,2,738,0,373.50,16.87,1
18227,DECODE,390,0,390,1680.06,14.31,1
18228,EXTEND,2,675,0,344.00,16.48,1
18229,DECODE,391,0,391,1671.98,14.23,1
18230,EXTEND,2,744,0,379.50,16.44,1
18231,DECODE,391,0,391,1661.83,14.06,1
18232,EXTEND,3,1017,0,346.33,19.45,1
18233,DECODE,394,0,394,1652.81,14.04,1
18234,DECODE,394,0,394,1653.81,14.03,1
18235,DECODE,394,0,394,1654.81,14.14,1
18236,DECODE,392,0,392,1651.19,14.15,1
18237,EXTEND,4,1301,0,332.25,21.22,1
18238,DECODE,394,0,394,1634.20,14.09,1
18239,EXTEND,3,1168,0,393.67,22.78,1
18240,DECODE,393,0,393,1616.31,14.08,1
18241,EXTEND,6,2202,0,370.67,24.03,1
18242,DECODE,399,0,399,1598.58,13.86,1
18243,DECODE,399,0,399,1599.58,14.24,1
18244,DECODE,399,0,399,1600.58,14.11,1
18245,DECODE,398,0,398,1599.17,14.06,1
18246,EXTEND,5,1742,0,353.80,28.07,1
18247,DECODE,401,0,401,1579.85,15.44,1
18248,EXTEND,3,1099,0,380.33,21.95,1
18249,DECODE,403,0,403,1569.49,14.36,1
18250,EXTEND,3,1029,0,348.33,21.63,1
18251,DECODE,406,0,406,1561.47,14.33,1
18252,DECODE,406,0,406,1562.47,14.46,1
18253,DECODE,405,0,405,1561.29,14.45,1
18254,EXTEND,3,986,0,333.00,17.05,1
18255,DECODE,405,0,405,1547.21,14.16,1
18256,EXTEND,4,2113,0,533.75,24.64,1
18257,DECODE,409,0,409,1538.30,14.38,1
18258,DECODE,409,0,409,1539.30,14.46,1
18259,DECODE,408,0,408,1537.80,14.41,1
18260,EXTEND,4,1767,0,449.50,24.46,1
18261,DECODE,410,0,410,1523.58,14.31,1
18262,EXTEND,3,1097,0,369.67,21.84,1
18263,DECODE,411,0,411,1511.11,14.20,1
18264,EXTEND,3,1158,0,391.00,21.31,1
18265,DECODE,414,0,414,1504.00,14.25,1
18266,DECODE,414,0,414,1505.00,14.26,1
18267,DECODE,414,0,414,1506.00,14.39,1
18268,DECODE,412,0,412,1501.88,14.31,1
18269,EXTEND,5,2024,0,419.20,21.85,1
18270,DECODE,415,0,415,1484.90,14.22,1
18271,EXTEND,3,1048,0,355.00,17.12,1
18272,DECODE,418,0,418,1477.79,13.94,1
18273,DECODE,418,0,418,1478.79,13.97,1
18274,DECODE,415,0,415,1472.04,15.44,1
18275,EXTEND,6,2150,0,365.50,24.75,1
18276,DECODE,419,0,419,1452.00,13.80,1
18277,EXTEND,4,1596,0,409.00,21.77,1
18278,DECODE,423,0,423,1443.14,13.89,1
18279,DECODE,423,0,423,1444.14,13.91,1
18280,DECODE,423,0,423,1445.14,13.92,1
18281,DECODE,423,0,423,1446.14,13.90,1
18282,DECODE,423,0,423,1447.14,13.91,1
18283,DECODE,423,0,423,1448.14,13.94,1
18284,DECODE,422,0,422,1446.50,13.98,1
18285,EXTEND,4,1410,0,357.25,23.50,1
18286,DECODE,424,0,424,1431.98,13.81,1
18287,EXTEND,4,1509,0,383.75,35.95,1
18288,DECODE,428,0,428,1423.18,14.13,1
18289,DECODE,428,0,428,1424.18,14.45,1
18290,DECODE,427,0,427,1422.52,14.41,1
18291,EXTEND,3,1461,0,492.00,37.11,1
18292,DECODE,430,0,430,1417.03,13.87,1
18293,DECODE,430,0,430,1418.03,13.89,1
18294,DECODE,430,0,430,1419.03,13.95,1
18295,DECODE,430,0,430,1420.03,13.95,1
18296,DECODE,430,0,430,1421.03,13.90,1
18297,DECODE,429,0,429,1420.74,14.00,1
18298,EXTEND,5,1854,0,378.80,23.92,1
18299,DECODE,432,0,432,1404.42,14.03,1
18300,EXTEND,2,680,0,346.50,17.29,1
18301,DECODE,433,0,433,1397.87,14.36,1
18302,EXTEND,2,862,0,437.50,16.81,1
18303,DECODE,434,0,434,1391.77,14.24,1
18304,EXTEND,3,1334,0,459.67,21.21,1
18305,DECODE,437,0,437,1386.37,14.25,1
18306,DECODE,437,0,437,1387.37,14.25,1
18307,DECODE,436,0,436,1385.68,14.07,1
18308,EXTEND,3,1089,0,369.67,21.77,1
18309,DECODE,437,0,437,1374.33,14.44,1
18310,EXTEND,3,1064,0,360.00,23.48,1
18311,DECODE,439,0,439,1365.70,14.27,1
18312,EXTEND,3,1579,0,531.33,20.90,1
18313,DECODE,442,0,442,1361.04,14.15,1
18314,DECODE,442,0,442,1362.04,14.02,1
18315,DECODE,439,0,439,1354.85,14.24,1
18316,EXTEND,8,3130,0,396.25,22.87,1
18317,DECODE,442,0,442,1324.87,14.21,1
18318,EXTEND,5,2275,0,462.00,21.02,1
18319,DECODE,444,0,444,1307.82,14.05,1
18320,EXTEND,6,1964,0,334.67,24.51,1
18321,DECODE,449,0,449,1293.03,13.89,1
18322,EXTEND,4,1567,0,397.00,16.26,1
18323,DECODE,452,0,452,1283.30,14.02,1
18324,EXTEND,3,1158,0,391.00,16.44,1
18325,DECODE,452,0,452,1269.91,13.93,1
18326,EXTEND,5,1890,0,384.40,20.31,1
18327,DECODE,456,0,456,1258.37,13.92,1
18328,EXTEND,3,1885,0,636.00,24.79,1
18329,DECODE,458,0,458,1252.45,13.94,1
18330,EXTEND,3,1424,0,480.00,20.63,1
18331,DECODE,459,0,459,1242.71,14.24,1
18332,EXTEND,4,1352,0,342.75,16.56,1
18333,DECODE,458,0,458,1221.48,13.44,1
18334,EXTEND,6,2696,0,460.50,23.19,1
18335,DECODE,461,0,461,1203.87,13.67,1
18336,EXTEND,6,2572,0,443.33,22.82,1
18337,DECODE,462,0,462,1180.33,13.55,1
18338,EXTEND,8,3339,0,423.75,23.74,1
18339,DECODE,466,0,466,1156.51,13.77,1
18340,EXTEND,8,3388,0,429.50,23.74,1
18341,DECODE,472,0,472,1139.24,13.78,1
18342,EXTEND,7,3326,0,480.29,22.13,1
18343,DECODE,478,0,478,1127.62,13.50,1
18344,EXTEND,5,1101,0,224.20,21.68,1
18345,DECODE,483,0,483,1119.27,13.72,1
18346,DECODE,483,0,483,1120.27,13.69,1
18347,DECODE,483,0,483,1121.27,13.79,1
18348,DECODE,482,0,482,1119.29,14.00,1
18349,EXTEND,4,1722,0,436.00,24.16,1
18350,DECODE,482,0,482,1103.71,13.75,1
18351,EXTEND,6,3016,0,531.00,23.71,1
18352,DECODE,488,0,488,1097.67,13.56,1
18353,DECODE,488,0,488,1098.67,13.62,1
18354,DECODE,486,0,486,1093.66,13.75,1
18355,EXTEND,7,3242,0,468.43,25.26,1
18356,DECODE,491,0,491,1079.77,13.60,1
18357,EXTEND,5,2104,0,426.00,24.46,1
18358,DECODE,496,0,496,1074.18,13.69,1
18359,DECODE,496,0,496,1075.18,13.69,1
18360,DECODE,494,0,494,1070.17,13.62,1
18361,EXTEND,7,3271,0,473.71,22.32,1
18362,DECODE,495,0,495,1044.68,13.53,1
18363,EXTEND,7,3667,0,528.43,25.03,1
18364,DECODE,500,0,500,1032.40,13.64,1
18365,EXTEND,6,2590,0,436.50,22.77,1
18366,DECODE,503,0,503,1017.18,13.58,1
18367,EXTEND,6,2929,0,494.67,23.31,1
18368,DECODE,507,0,507,1005.92,13.58,1
18369,EXTEND,5,2472,0,502.20,23.54,1
18370,DECODE,509,0,509,992.82,13.49,1
18371,EXTEND,6,2905,0,492.00,22.54,1
18372,DECODE,514,0,514,984.92,17.62,1
18373,EXTEND,4,2576,0,650.50,22.49,1
18374,DECODE,515,0,515,974.16,17.00,1
18375,EXTEND,5,2696,0,543.60,20.58,1
18376,DECODE,518,0,518,964.88,17.30,1
18377,EXTEND,5,1723,0,349.20,23.58,1
18378,DECODE,521,0,521,953.85,16.88,1
18379,EXTEND,5,1721,0,349.20,23.93,1
18380,DECODE,523,0,523,939.86,17.00,1
18381,EXTEND,6,3344,0,562.67,23.90,1
18382,DECODE,529,0,529,936.59,16.70,1
18383,DECODE,529,0,529,937.59,16.75,1
18384,DECODE,526,0,526,929.33,16.96,1
18385,EXTEND,7,3638,0,525.14,25.09,1
18386,DECODE,530,0,530,915.77,17.66,1
18387,EXTEND,6,3438,0,578.00,23.64,1
18388,DECODE,534,0,534,906.82,17.19,1
18389,EXTEND,5,2850,0,576.80,24.93,1
18390,DECODE,537,0,537,899.26,17.10,1
18391,EXTEND,5,3027,0,611.00,23.03,1
18392,DECODE,541,0,541,894.53,16.95,1
18393,EXTEND,4,2167,0,549.00,24.75,1
18394,DECODE,545,0,545,892.99,17.56,1
18395,DECODE,545,0,545,893.99,16.64,1
18396,DECODE,542,0,542,885.77,17.90,1
18397,EXTEND,7,4100,0,592.86,26.74,1
18398,DECODE,545,0,545,870.72,17.18,1
18399,EXTEND,5,2848,0,575.00,25.32,1
18400,DECODE,549,0,549,865.95,16.88,1
18401,EXTEND,4,2388,0,601.75,23.84,1
18402,DECODE,552,0,552,861.97,17.03,1
18403,EXTEND,4,1966,0,496.75,22.48,1
18404,DECODE,555,0,555,857.28,16.89,1
18405,EXTEND,3,1727,0,581.00,24.45,1
18406,DECODE,557,0,557,853.74,16.81,1
18407,EXTEND,3,716,0,244.67,17.62,1
18408,DECODE,559,0,559,848.85,17.50,1
18409,EXTEND,3,1809,0,609.33,24.84,1
18410,DECODE,562,0,562,848.57,16.74,1
18411,DECODE,562,0,562,849.57,16.71,1
18412,DECODE,562,0,562,850.57,16.77,1
18413,DECODE,562,0,562,851.57,16.73,1
18414,DECODE,559,0,559,843.40,16.82,1
18415,EXTEND,8,4745,0,598.00,29.01,1
18416,DECODE,564,0,564,831.79,17.00,1
18417,EXTEND,5,2598,0,524.80,22.88,1
18418,DECODE,569,0,569,830.09,17.00,1
18419,DECODE,569,0,569,831.09,16.74,1
18420,DECODE,567,0,567,826.00,16.86,1
18421,EXTEND,6,3347,0,566.00,24.26,1
18422,DECODE,571,0,571,818.19,17.42,1
18423,EXTEND,4,1925,0,486.00,22.34,1
18424,DECODE,574,0,574,813.84,16.97,1
18425,EXTEND,3,2072,0,696.33,23.05,1
18426,DECODE,576,0,576,811.20,16.91,1
18427,EXTEND,3,1990,0,672.33,21.90,1
18428,DECODE,578,0,578,808.46,17.04,1
18429,EXTEND,3,1942,0,652.33,22.08,1
18430,DECODE,581,0,581,808.65,16.91,1
18431,DECODE,581,0,581,809.65,17.05,1
18432,DECODE,581,0,581,810.65,17.01,1
18433,DECODE,581,0,581,811.65,16.70,1
18434,DECODE,579,0,579,806.61,17.29,1
18435,EXTEND,5,3184,0,642.40,24.95,1
18436,DECODE,582,0,582,800.18,17.46,1
18437,EXTEND,4,2790,0,702.75,22.11,1
18438,DECODE,585,0,585,797.50,17.24,1
18439,EXTEND,4,1060,0,271.00,22.06,1
18440,DECODE,589,0,589,794.93,17.28,1
18441,DECODE,589,0,589,795.93,17.11,1
18442,DECODE,589,0,589,796.93,17.00,1
18443,DECODE,589,0,589,797.93,17.12,1
18444,DECODE,588,0,588,795.93,17.35,1
18445,EXTEND,4,1681,0,426.00,25.60,1
18446,DECODE,592,0,592,794.43,17.31,1
18447,DECODE,592,0,592,795.43,17.06,1
18448,DECODE,590,0,590,790.45,18.30,1
18449,EXTEND,8,4787,0,605.50,30.12,1
18450,DECODE,595,0,595,780.04,17.45,1
18451,EXTEND,5,2598,0,526.00,20.01,1
18452,DECODE,598,0,598,772.97,17.21,1
18453,EXTEND,4,2438,0,614.00,22.88,1
18454,DECODE,602,0,602,772.91,17.28,1
18455,DECODE,602,0,602,773.91,17.44,1
18456,DECODE,602,0,602,774.91,17.23,1
18457,DECODE,602,0,602,775.91,17.23,1
18458,DECODE,602,0,602,776.91,17.28,1
18459,DECODE,601,0,601,774.95,16.93,1
18460,EXTEND,6,3637,0,611.00,25.32,1
18461,DECODE,606,0,606,771.38,17.24,1
18462,EXTEND,3,2388,0,800.33,21.04,1
18463,DECODE,609,0,609,772.52,17.15,1
18464,DECODE,609,0,609,773.52,17.09,1
18465,DECODE,609,0,609,774.52,17.19,1
18466,DECODE,609,0,609,775.52,17.09,1
18467,DECODE,607,0,607,770.64,17.16,1
18468,EXTEND,5,4046,0,815.40,25.97,1
18469,DECODE,612,0,612,772.00,17.21,1
18470,DECODE,612,0,612,773.00,17.08,1
18471,DECODE,612,0,612,774.00,16.86,1
18472,DECODE,612,0,612,775.00,17.04,1
18473,DECODE,612,0,612,776.00,17.01,1
18474,DECODE,612,0,612,777.00,16.90,1
18475,DECODE,612,0,612,778.00,17.35,1
18476,DECODE,612,0,612,779.00,16.82,1
18477,DECODE,611,0,611,777.09,17.28,1
18478,EXTEND,6,2642,0,448.83,23.81,1
18479,DECODE,617,0,617,774.90,17.23,1
18480,DECODE,617,0,617,775.90,17.04,1
18481,DECODE,617,0,617,776.90,17.13,1
18482,DECODE,617,0,617,777.90,17.17,1
18483,DECODE,616,0,616,776.00,16.86,1
18484,EXTEND,6,513,0,92.00,15.66,1
18485,DECODE,620,0,620,764.63,17.05,1
18486,EXTEND,6,2894,0,488.00,22.01,1
18487,DECODE,626,0,626,762.98,17.40,1
18488,DECODE,626,0,626,763.98,17.14,1
18489,DECODE,626,0,626,764.98,17.26,1
18490,DECODE,626,0,626,765.98,17.14,1
18491,DECODE,625,0,625,764.11,17.33,1
18492,EXTEND,5,3792,0,764.40,26.67,1
18493,DECODE,629,0,629,762.26,18.25,1
18494,EXTEND,4,3763,0,947.75,27.57,1
18495,DECODE,633,0,633,764.43,17.91,1
18496,DECODE,633,0,633,765.43,17.49,1
18497,DECODE,632,0,632,764.20,17.55,1
18498,EXTEND,4,4222,0,1060.25,26.54,1
18499,DECODE,636,0,636,767.07,17.68,1
18500,DECODE,636,0,636,768.07,17.33,1
18501,DECODE,636,0,636,769.07,17.15,1
18502,DECODE,636,0,636,770.07,16.98,1
18503,DECODE,636,0,636,771.07,17.02,1
18504,DECODE,635,0,635,769.25,18.94,1
18505,EXTEND,5,2162,0,438.60,26.37,1
18506,DECODE,640,0,640,767.67,17.57,1
18507,DECODE,640,0,640,768.67,17.49,1
18508,DECODE,640,0,640,769.67,17.07,1
18509,DECODE,640,0,640,770.67,17.09,1
18510,DECODE,640,0,640,771.67,16.94,1
18511,DECODE,640,0,640,772.67,17.02,1
18512,DECODE,640,0,640,773.67,16.94,1
18513,DECODE,640,0,640,774.67,17.06,1
18514,DECODE,640,0,640,775.67,16.92,1
18515,DECODE,640,0,640,776.67,16.97,1
18516,DECODE,640,0,640,777.67,17.11,1
18517,DECODE,640,0,640,778.67,17.07,1
18518,DECODE,640,0,640,779.67,16.93,1
18519,DECODE,639,0,639,778.51,17.58,1
18520,EXTEND,7,2316,0,336.71,23.07,1
18521,DECODE,645,0,645,771.96,17.22,1
18522,EXTEND,5,5390,0,1086.80,32.90,1
18523,DECODE,650,0,650,775.38,17.40,1
18524,DECODE,650,0,650,776.38,17.75,1
18525,DECODE,650,0,650,777.38,17.90,1
18526,DECODE,650,0,650,778.38,19.81,1
18527,DECODE,650,0,650,779.38,17.13,1
18528,DECODE,650,0,650,780.38,17.11,1
18529,DECODE,650,0,650,781.38,17.17,1
18530,DECODE,650,0,650,782.38,16.98,1
18531,DECODE,650,0,650,783.38,17.21,1
18532,DECODE,650,0,650,784.38,17.06,1
18533,DECODE,650,0,650,785.38,17.14,1
18534,DECODE,649,0,649,783.65,17.01,1
18535,EXTEND,7,2739,0,406.14,22.62,1
18536,DECODE,656,0,656,780.62,16.94,1
18537,DECODE,656,0,656,781.62,16.86,1
18538,DECODE,656,0,656,782.62,16.75,1
18539,DECODE,656,0,656,783.62,16.80,1
18540,DECODE,656,0,656,784.62,17.20,1
18541,DECODE,656,0,656,785.62,16.79,1
18542,DECODE,656,0,656,786.62,16.77,1
18543,DECODE,656,0,656,787.62,16.97,1
18544,DECODE,656,0,656,788.62,16.81,1
18545,DECODE,656,0,656,789.62,16.99,1
18546,DECODE,656,0,656,790.62,16.92,1
18547,DECODE,656,0,656,791.62,16.85,1
18548,DECODE,656,0,656,792.62,16.87,1
18549,DECODE,656,0,656,793.62,16.80,1
18550,DECODE,656,0,656,794.62,16.86,1
18551,DECODE,656,0,656,795.62,16.87,1
18552,DECODE,656,0,656,796.62,16.87,1
18553,DECODE,656,0,656,797.62,16.97,1
18554,DECODE,656,0,656,798.62,16.95,1
18555,DECODE,656,0,656,799.62,16.98,1
18556,DECODE,656,0,656,800.62,17.03,1
18557,DECODE,656,0,656,801.62,17.10,1
18558,DECODE,656,0,656,802.62,17.13,1
18559,DECODE,656,0,656,803.62,17.15,1
18560,DECODE,656,0,656,804.62,17.00,1
18561,DECODE,655,0,655,802.94,17.12,1
18562,EXTEND,7,8192,0,1176.29,46.88,1
18563,EXTEND,8,5396,0,719.50,33.08,1
18564,DECODE,668,0,668,804.96,17.11,1
18565,EXTEND,6,1874,0,317.50,24.18,1
18566,DECODE,674,0,674,801.62,16.98,1
18567,DECODE,674,0,674,802.62,17.05,1
18568,DECODE,674,0,674,803.62,17.21,1
18569,DECODE,674,0,674,804.62,16.99,1
18570,DECODE,674,0,674,805.62,17.45,1
18571,DECODE,674,0,674,806.62,17.46,1
18572,DECODE,674,0,674,807.62,17.33,1
18573,DECODE,673,0,673,806.25,17.43,1
18574,EXTEND,6,7720,0,1294.67,44.51,1
18575,DECODE,679,0,679,811.57,17.88,1
18576,DECODE,679,0,679,812.57,17.49,1
18577,DECODE,678,0,678,810.99,17.50,1
18578,EXTEND,5,1788,0,367.80,23.84,1
18579,DECODE,683,0,683,808.75,17.10,1
18580,DECODE,683,0,683,809.75,17.83,1
18581,DECODE,683,0,683,810.75,17.52,1
18582,DECODE,683,0,683,811.75,17.17,1
18583,DECODE,683,0,683,812.75,17.40,1
18584,DECODE,683,0,683,813.75,17.40,1
18585,DECODE,683,0,683,814.75,17.19,1
18586,DECODE,683,0,683,815.75,17.68,1
18587,DECODE,683,0,683,816.75,17.29,1
18588,DECODE,683,0,683,817.75,19.82,1
18589,DECODE,683,0,683,818.75,17.30,1
18590,DECODE,683,0,683,819.75,17.10,1
18591,DECODE,683,0,683,820.75,17.09,1
18592,DECODE,682,0,682,819.20,17.25,1
18593,EXTEND,9,621,0,75.44,15.99,1
18594,DECODE,691,0,691,810.51,17.15,1
18595,DECODE,691,0,691,811.51,17.22,1
18596,DECODE,691,0,691,812.51,17.10,1
18597,DECODE,691,0,691,813.51,17.06,1
18598,DECODE,691,0,691,814.51,17.09,1
18599,DECODE,690,0,690,812.98,17.36,1
18600,EXTEND,10,580,0,66.80,15.83,1
18601,DECODE,699,0,699,800.80,17.54,1
18602,EXTEND,9,973,0,119.56,18.20,1
18603,DECODE,708,0,708,793.14,17.47,1
18604,DECODE,708,0,708,794.14,17.12,1
18605,DECODE,708,0,708,795.14,17.28,1
18606,DECODE,708,0,708,796.14,17.40,1
18607,DECODE,708,0,708,797.14,17.37,1
18608,DECODE,708,0,708,798.14,17.15,1
18609,DECODE,707,0,707,796.65,17.53,1
18610,EXTEND,10,885,0,97.80,17.34,1
18611,DECODE,715,0,715,782.95,17.94,1
18612,EXTEND,9,555,0,70.00,21.42,1
18613,DECODE,724,0,724,775.08,17.35,1
18614,DECODE,724,0,724,776.08,17.20,1
18615,DECODE,724,0,724,777.08,17.29,1
18616,DECODE,724,0,724,778.08,17.32,1
18617,DECODE,724,0,724,779.08,17.44,1
18618,DECODE,723,0,723,780.36,18.09,1
18619,EXTEND,12,914,0,82.92,15.88,1
18620,DECODE,733,0,733,765.12,17.83,1
18621,EXTEND,9,1150,0,137.56,20.57,1
18622,DECODE,742,0,742,758.51,17.59,1
18623,DECODE,742,0,742,759.51,17.52,1
18624,DECODE,742,0,742,760.51,17.54,1
18625,DECODE,742,0,742,761.51,17.65,1
18626,DECODE,742,0,742,762.51,17.69,1
18627,DECODE,741,0,741,761.08,17.79,1
18628,EXTEND,11,1008,0,99.45,16.07,1
18629,DECODE,751,0,751,750.00,17.75,1
18630,EXTEND,9,522,0,65.22,15.90,1
18631,DECODE,759,0,759,740.49,17.85,1
18632,EXTEND,9,732,0,89.22,15.67,1
18633,DECODE,766,0,766,729.09,17.64,1
18634,EXTEND,9,827,0,97.00,16.35,1
18635,DECODE,775,0,775,722.75,17.68,1
18636,DECODE,775,0,775,723.75,17.66,1
18637,DECODE,775,0,775,724.75,17.73,1
18638,DECODE,773,0,773,721.01,17.32,1
18639,EXTEND,11,839,0,81.45,18.28,1
18640,DECODE,783,0,783,710.67,18.89,1
18641,EXTEND,10,694,0,76.50,15.79,1
18642,DECODE,793,0,793,703.68,17.68,1
18643,DECODE,793,0,793,704.68,17.69,1
18644,DECODE,793,0,793,705.68,17.66,1
18645,DECODE,793,0,793,706.68,17.65,1
18646,DECODE,793,0,793,707.68,17.81,1
18647,DECODE,793,0,793,708.68,17.77,1
18648,DECODE,792,0,792,707.34,17.39,1
18649,EXTEND,11,959,0,92.45,16.12,1
18650,DECODE,803,0,803,699.92,17.95,1
18651,DECODE,803,0,803,700.92,18.01,1
18652,DECODE,803,0,803,701.92,17.94,1
18653,DECODE,803,0,803,702.92,18.09,1
18654,DECODE,802,0,802,701.60,17.91,1
18655,EXTEND,12,815,0,74.17,16.83,1
18656,DECODE,812,0,812,688.75,18.26,1
18657,EXTEND,12,729,0,66.92,18.46,1
18658,DECODE,823,0,823,678.41,18.92,1
18659,EXTEND,11,728,0,73.55,16.09,1
18660,DECODE,834,0,834,671.44,18.11,1
18661,DECODE,834,0,834,672.44,17.92,1
18662,DECODE,834,0,834,673.44,18.21,1
18663,DECODE,833,0,833,672.17,18.38,1
18664,EXTEND,13,841,0,72.77,16.25,1
18665,DECODE,845,0,845,661.72,18.24,1
18666,EXTEND,11,630,0,64.82,16.17,1
18667,DECODE,856,0,856,655.05,18.04,1
18668,DECODE,856,0,856,656.05,18.07,1
18669,DECODE,855,0,855,654.82,18.29,1
18670,EXTEND,11,659,0,66.36,16.49,1
18671,DECODE,866,0,866,648.34,18.37,1
18672,DECODE,866,0,866,649.34,18.51,1
18673,DECODE,866,0,866,650.34,18.17,1
18674,DECODE,866,0,866,651.34,18.10,1
18675,DECODE,865,0,865,651.27,18.44,1
18676,EXTEND,13,1063,0,89.69,22.03,1
18677,DECODE,876,0,876,639.58,18.03,1
18678,EXTEND,12,964,0,86.67,16.99,1
18679,DECODE,888,0,888,633.10,22.19,1
18680,DECODE,888,0,888,634.10,23.40,1
18681,DECODE,888,0,888,635.10,19.92,1
18682,DECODE,888,0,888,636.10,18.49,1
18683,DECODE,887,0,887,634.94,19.13,1
18684,EXTEND,13,938,0,78.00,17.63,1
18685,DECODE,900,0,900,627.89,18.61,1
18686,DECODE,900,0,900,628.89,18.56,1
18687,DECODE,900,0,900,629.89,18.30,1
18688,DECODE,900,0,900,630.89,18.45,1
18689,DECODE,900,0,900,631.89,18.65,1
18690,DECODE,899,0,899,630.75,18.52,1
18691,EXTEND,14,970,0,76.43,18.37,1
18692,DECODE,913,0,913,623.25,18.74,1
18693,DECODE,913,0,913,624.25,18.65,1
18694,DECODE,913,0,913,625.25,18.86,1
18695,DECODE,913,0,913,626.25,18.81,1
18696,DECODE,913,0,913,627.25,18.92,1
18697,DECODE,913,0,913,628.25,19.10,1
18698,DECODE,912,0,912,627.13,18.57,1
18699,EXTEND,16,930,0,65.69,16.47,1
18700,DECODE,927,0,927,616.35,19.35,1
18701,EXTEND,14,789,0,64.57,16.00,1
18702,DECODE,941,0,941,609.14,19.03,1
18703,DECODE,941,0,941,610.14,18.82,1
18704,DECODE,941,0,941,611.14,19.05,1
18705,DECODE,941,0,941,612.14,19.02,1
18706,DECODE,941,0,941,613.14,18.95,1
18707,DECODE,941,0,941,614.14,19.04,1
18708,DECODE,939,0,939,611.00,19.04,1
18709,EXTEND,17,1050,0,69.35,16.18,1
18710,DECODE,956,0,956,602.37,18.91,1
18711,DECODE,956,0,956,603.37,18.87,1
18712,DECODE,956,0,956,604.37,18.89,1
18713,DECODE,956,0,956,605.37,18.91,1
18714,DECODE,956,0,956,606.37,18.93,1
18715,DECODE,956,0,956,607.37,18.90,1
18716,DECODE,956,0,956,608.37,18.96,1
18717,DECODE,956,0,956,609.37,18.88,1
18718,DECODE,956,0,956,610.37,18.95,1
18719,DECODE,956,0,956,611.37,18.84,1
18720,DECODE,956,0,956,612.37,18.87,1
18721,DECODE,956,0,956,613.37,18.91,1
18722,DECODE,955,0,955,612.33,19.25,1
18723,EXTEND,21,1742,0,90.57,20.12,1
18724,DECODE,976,0,976,602.10,19.13,1
18725,DECODE,976,0,976,603.10,19.99,1
18726,DECODE,976,0,976,604.10,19.39,1
18727,DECODE,976,0,976,605.10,19.30,1
18728,DECODE,976,0,976,606.10,19.31,1
18729,DECODE,976,0,976,607.10,19.30,1
18730,DECODE,976,0,976,608.10,19.38,1
18731,DECODE,976,0,976,609.10,19.41,1
18732,DECODE,976,0,976,610.10,19.42,1
18733,DECODE,976,0,976,611.10,19.44,1
18734,DECODE,976,0,976,612.10,19.49,1
18735,DECODE,976,0,976,613.10,19.44,1
18736,DECODE,976,0,976,614.10,19.53,1
18737,DECODE,976,0,976,615.10,19.45,1
18738,DECODE,976,0,976,616.10,19.50,1
18739,DECODE,976,0,976,617.10,19.55,1
18740,DECODE,976,0,976,618.10,20.96,1
18741,DECODE,976,0,976,619.10,19.50,1
18742,DECODE,976,0,976,620.10,19.47,1
18743,DECODE,976,0,976,621.10,19.46,1
18744,DECODE,976,0,976,622.10,19.56,1
18745,DECODE,976,0,976,623.10,19.57,1
18746,DECODE,976,0,976,624.10,19.51,1
18747,DECODE,976,0,976,625.10,19.64,1
18748,DECODE,975,0,975,624.12,19.66,1
18749,EXTEND,16,937,0,66.06,16.04,1
18750,DECODE,987,0,987,608.23,19.61,1
18751,EXTEND,13,1441,0,115.69,21.18,1
18752,DECODE,1000,0,1000,602.82,19.53,1
18753,DECODE,1000,0,1000,603.82,19.68,1
18754,DECODE,999,0,999,602.87,19.79,1
18755,EXTEND,1,57,0,61.00,16.00,1
18756,DECODE,1000,0,1000,603.32,19.61,1
18757,DECODE,1000,0,1000,604.32,19.45,1
18758,DECODE,1000,0,1000,605.32,19.68,1
18759,DECODE,1000,0,1000,606.32,19.58,1
18760,DECODE,1000,0,1000,607.32,19.86,1
18761,DECODE,1000,0,1000,608.32,19.68,1
18762,DECODE,1000,0,1000,609.32,19.55,1
18763,DECODE,1000,0,1000,610.32,19.64,1
18764,DECODE,999,0,999,609.37,19.79,1
18765,EXTEND,1,63,0,67.00,21.18,1
18766,DECODE,1000,0,1000,609.83,19.59,1
18767,DECODE,1000,0,1000,610.83,19.53,1
18768,DECODE,1000,0,1000,611.83,19.68,1
18769,DECODE,1000,0,1000,612.83,19.65,1
18770,DECODE,1000,0,1000,613.83,19.73,1
18771,DECODE,1000,0,1000,614.83,19.66,1
18772,DECODE,1000,0,1000,615.83,19.87,1
18773,DECODE,1000,0,1000,616.83,19.76,1
18774,DECODE,1000,0,1000,617.83,19.86,1
18775,DECODE,1000,0,1000,618.83,19.77,1
18776,DECODE,1000,0,1000,619.83,19.93,1
18777,DECODE,1000,0,1000,620.83,19.84,1
18778,DECODE,1000,0,1000,621.83,19.92,1
18779,DECODE,1000,0,1000,622.83,19.97,1
18780,DECODE,999,0,999,622.85,20.13,1
18781,EXTEND,1,52,0,58.00,15.83,1
18782,DECODE,1000,0,1000,623.28,22.62,1
18783,DECODE,1000,0,1000,624.28,20.30,1
18784,DECODE,1000,0,1000,625.28,19.84,1
18785,DECODE,1000,0,1000,626.28,19.99,1
18786,DECODE,1000,0,1000,627.28,19.87,1
18787,DECODE,1000,0,1000,628.28,20.09,1
18788,DECODE,1000,0,1000,629.28,19.80,1
18789,DECODE,1000,0,1000,630.28,20.02,1
18790,DECODE,1000,0,1000,631.28,19.93,1
18791,DECODE,1000,0,1000,632.28,30.89,1
18792,DECODE,1000,0,1000,633.28,28.69,1
18793,DECODE,1000,0,1000,634.28,20.33,1
18794,DECODE,1000,0,1000,635.28,20.22,1
18795,DECODE,1000,0,1000,636.28,20.27,1
18796,DECODE,1000,0,1000,637.28,20.30,1
18797,DECODE,1000,0,1000,638.28,20.59,1
18798,DECODE,1000,0,1000,639.28,20.26,1
18799,DECODE,1000,0,1000,640.28,20.24,1
18800,DECODE,999,0,999,639.36,20.42,1
18801,DECODE,999,0,999,640.36,20.58,1
18802,DECODE,999,0,999,641.36,20.22,1
18803,DECODE,999,0,999,642.36,20.49,1
18804,DECODE,999,0,999,643.36,20.59,1
18805,DECODE,999,0,999,644.36,20.48,1
18806,DECODE,999,0,999,645.36,20.53,1
18807,DECODE,999,0,999,646.36,20.51,1
18808,DECODE,999,0,999,647.36,20.54,1
18809,DECODE,999,0,999,648.36,20.52,1
18810,DECODE,999,0,999,649.36,20.50,1
18811,DECODE,999,0,999,650.36,20.22,1
18812,DECODE,999,0,999,651.36,20.48,1
18813,DECODE,999,0,999,652.36,20.57,1
18814,DECODE,999,0,999,653.36,20.45,1
18815,DECODE,999,0,999,654.36,20.61,1
18816,DECODE,999,0,999,655.36,20.47,1
18817,DECODE,999,0,999,656.36,20.60,1
18818,DECODE,999,0,999,657.36,21.44,1
18819,DECODE,999,0,999,658.36,20.84,1
18820,DECODE,999,0,999,659.36,20.68,1
18821,DECODE,999,0,999,660.36,20.48,1
18822,DECODE,999,0,999,661.36,20.73,1
18823,DECODE,999,0,999,662.36,20.85,1
18824,DECODE,999,0,999,663.36,21.86,1
18825,DECODE,999,0,999,664.36,21.00,1
18826,DECODE,999,0,999,665.36,20.68,1
18827,DECODE,999,0,999,666.36,20.41,1
18828,DECODE,999,0,999,667.36,20.55,1
18829,DECODE,999,0,999,668.36,20.61,1
18830,DECODE,998,0,998,667.56,20.51,1
18831,DECODE,998,0,998,668.56,20.67,1
18832,DECODE,998,0,998,669.56,20.65,1
18833,DECODE,998,0,998,670.56,20.53,1
18834,DECODE,998,0,998,671.56,20.46,1
18835,DECODE,998,0,998,672.56,20.42,1
18836,DECODE,998,0,998,673.56,20.45,1
18837,DECODE,998,0,998,674.56,20.46,1
18838,DECODE,998,0,998,675.56,20.66,1
18839,DECODE,998,0,998,676.56,20.61,1
18840,DECODE,998,0,998,677.56,20.57,1
18841,DECODE,998,0,998,678.56,20.55,1
18842,DECODE,998,0,998,679.56,21.16,1
18843,DECODE,998,0,998,680.56,20.54,1
18844,DECODE,998,0,998,681.56,22.32,1
18845,DECODE,998,0,998,682.56,20.45,1
18846,DECODE,998,0,998,683.56,20.48,1
18847,DECODE,998,0,998,684.56,22.29,1
18848,DECODE,998,0,998,685.56,20.79,1
18849,DECODE,998,0,998,686.56,20.82,1
18850,DECODE,997,0,997,685.68,21.07,1
18851,DECODE,996,0,996,684.80,20.73,1
18852,DECODE,996,0,996,685.80,20.74,1
18853,DECODE,995,0,995,685.93,20.83,1
18854,DECODE,995,0,995,686.93,21.06,1
18855,DECODE,995,0,995,687.93,20.81,1
18856,DECODE,995,0,995,688.93,21.16,1
18857,DECODE,994,0,994,689.49,20.92,1
18858,DECODE,994,0,994,690.49,23.23,1
18859,DECODE,994,0,994,691.49,20.54,1
18860,DECODE,994,0,994,692.49,20.92,1
18861,DECODE,994,0,994,693.49,20.59,1
18862,DECODE,994,0,994,694.49,20.63,1
18863,DECODE,993,0,993,693.61,20.74,1
18864,DECODE,993,0,993,694.61,20.94,1
18865,DECODE,992,0,992,693.73,20.61,1
18866,DECODE,992,0,992,694.73,20.56,1
18867,DECODE,991,0,991,693.85,20.58,1
18868,DECODE,991,0,991,694.85,20.61,1
18869,DECODE,991,0,991,695.85,20.51,1
18870,DECODE,991,0,991,696.85,20.63,1
18871,DECODE,991,0,991,697.85,20.49,1
18872,DECODE,991,0,991,698.85,20.54,1
18873,DECODE,991,0,991,699.85,20.58,1
18874,DECODE,991,0,991,700.85,20.61,1
18875,DECODE,991,0,991,701.85,20.64,1
18876,DECODE,991,0,991,702.85,22.32,1
18877,DECODE,991,0,991,703.85,20.76,1
18878,DECODE,991,0,991,704.85,20.80,1
18879,DECODE,991,0,991,705.85,20.92,1
18880,DECODE,991,0,991,706.85,20.83,1
18881,DECODE,991,0,991,707.85,20.80,1
18882,DECODE,991,0,991,708.85,20.90,1
18883,DECODE,990,0,990,707.98,20.89,1
18884,DECODE,990,0,990,708.98,21.05,1
18885,DECODE,989,0,989,708.86,20.84,1
18886,DECODE,988,0,988,707.98,20.97,1
18887,DECODE,987,0,987,708.06,21.17,1
18888,DECODE,987,0,987,709.06,21.10,1
18889,DECODE,987,0,987,710.06,20.96,1
18890,DECODE,987,0,987,711.06,21.01,1
18891,DECODE,987,0,987,712.06,20.78,1
18892,DECODE,987,0,987,713.06,20.87,1
18893,DECODE,987,0,987,714.06,20.91,1
18894,DECODE,986,0,986,713.19,21.01,1
18895,DECODE,986,0,986,714.19,21.11,1
18896,DECODE,986,0,986,715.19,28.96,1
18897,DECODE,986,0,986,716.19,21.03,1
18898,DECODE,986,0,986,717.19,20.99,1
18899,DECODE,985,0,985,716.32,21.20,1
18900,DECODE,985,0,985,717.32,21.25,1
18901,DECODE,983,0,983,714.57,30.68,1
18902,DECODE,983,0,983,715.57,28.77,1
18903,DECODE,983,0,983,716.57,21.05,1
18904,DECODE,983,0,983,717.57,20.87,1
18905,DECODE,983,0,983,718.57,21.00,1
18906,DECODE,983,0,983,719.57,21.00,1
18907,DECODE,983,0,983,720.57,20.94,1
18908,DECODE,982,0,982,719.70,21.43,1
18909,DECODE,982,0,982,720.70,21.19,1
18910,DECODE,982,0,982,721.70,20.98,1
18911,DECODE,982,0,982,722.70,20.93,1
18912,DECODE,982,0,982,723.70,20.98,1
18913,DECODE,982,0,982,724.70,21.07,1
18914,DECODE,982,0,982,725.70,21.08,1
18915,DECODE,982,0,982,726.70,20.99,1
18916,DECODE,982,0,982,727.70,20.97,1
18917,DECODE,981,0,981,726.83,20.75,1
18918,DECODE,981,0,981,727.83,21.19,1
18919,DECODE,980,0,980,726.96,20.86,1
18920,DECODE,979,0,979,726.09,21.39,1
18921,DECODE,979,0,979,727.09,21.27,1
18922,DECODE,979,0,979,728.09,20.87,1
18923,DECODE,978,0,978,727.22,21.17,1
18924,DECODE,978,0,978,728.22,21.15,1
18925,DECODE,978,0,978,729.22,21.06,1
18926,DECODE,978,0,978,730.22,20.96,1
18927,DECODE,977,0,977,729.34,21.28,1
18928,DECODE,975,0,975,726.59,21.00,1
18929,DECODE,975,0,975,727.59,21.06,1
18930,DECODE,975,0,975,728.59,20.66,1
18931,DECODE,975,0,975,729.59,20.66,1
18932,DECODE,975,0,975,730.59,20.73,1
18933,DECODE,975,0,975,731.59,20.81,1
18934,DECODE,975,0,975,732.59,20.79,1
18935,DECODE,975,0,975,733.59,20.70,1
18936,DECODE,975,0,975,734.59,20.99,1
18937,DECODE,975,0,975,735.59,21.05,1
18938,DECODE,975,0,975,736.59,20.98,1
18939,DECODE,975,0,975,737.59,21.04,1
18940,DECODE,975,0,975,738.59,21.40,1
18941,DECODE,975,0,975,739.59,21.18,1
18942,DECODE,975,0,975,740.59,21.03,1
18943,DECODE,974,0,974,740.95,20.91,1
18944,DECODE,974,0,974,741.95,21.14,1
18945,DECODE,974,0,974,742.95,21.13,1
18946,DECODE,974,0,974,743.95,20.87,1
18947,DECODE,973,0,973,743.09,23.26,1
18948,DECODE,973,0,973,744.09,21.61,1
18949,DECODE,973,0,973,745.09,21.45,1
18950,DECODE,973,0,973,746.09,21.37,1
18951,DECODE,972,0,972,746.81,21.35,1
18952,DECODE,971,0,971,747.80,21.73,1
18953,DECODE,971,0,971,748.80,21.55,1
18954,DECODE,971,0,971,749.80,21.45,1
18955,DECODE,969,0,969,747.06,21.55,1
18956,DECODE,969,0,969,748.06,21.80,1
18957,DECODE,969,0,969,749.06,21.40,1
18958,DECODE,968,0,968,748.19,21.12,1
18959,DECODE,968,0,968,749.19,21.48,1
18960,DECODE,968,0,968,750.19,21.08,1
18961,DECODE,968,0,968,751.19,21.10,1
18962,DECODE,968,0,968,752.19,21.19,1
18963,DECODE,968,0,968,753.19,21.07,1
18964,DECODE,967,0,967,752.32,21.35,1
18965,DECODE,967,0,967,753.32,21.58,1
18966,DECODE,967,0,967,754.32,21.65,1
18967,DECODE,966,0,966,753.45,24.66,1
18968,DECODE,966,0,966,754.45,21.66,1
18969,DECODE,966,0,966,755.45,21.39,1
18970,DECODE,966,0,966,756.45,21.36,1
18971,DECODE,966,0,966,757.45,21.42,1
18972,DECODE,965,0,965,756.59,21.37,1
18973,DECODE,965,0,965,757.59,21.64,1
18974,DECODE,964,0,964,756.72,21.65,1
18975,DECODE,964,0,964,757.72,21.51,1
18976,DECODE,964,0,964,758.72,21.24,1
18977,DECODE,964,0,964,759.72,21.22,1
18978,DECODE,964,0,964,760.72,21.17,1
18979,DECODE,964,0,964,761.72,21.14,1
18980,DECODE,964,0,964,762.72,21.24,1
18981,DECODE,964,0,964,763.72,21.33,1
18982,DECODE,964,0,964,764.72,21.35,1
18983,DECODE,963,0,963,763.85,21.53,1
18984,DECODE,962,0,962,762.98,21.78,1
18985,DECODE,962,0,962,763.98,21.81,1
18986,DECODE,962,0,962,764.98,21.49,1
18987,DECODE,962,0,962,765.98,21.41,1
18988,DECODE,962,0,962,766.98,23.43,1
18989,DECODE,962,0,962,767.98,21.28,1
18990,DECODE,962,0,962,768.98,21.20,1
18991,DECODE,962,0,962,769.98,21.41,1
18992,DECODE,962,0,962,770.98,21.29,1
18993,DECODE,962,0,962,771.98,21.24,1
18994,DECODE,962,0,962,772.98,21.28,1
18995,DECODE,962,0,962,773.98,21.22,1
18996,DECODE,962,0,962,774.98,21.31,1
18997,DECODE,962,0,962,775.98,21.34,1
18998,DECODE,962,0,962,776.98,21.15,1
18999,DECODE,962,0,962,777.98,21.23,1
19000,DECODE,962,0,962,778.98,21.38,1
19001,DECODE,962,0,962,779.98,21.30,1
19002,DECODE,962,0,962,780.98,21.26,1
19003,DECODE,962,0,962,781.98,21.23,1
19004,DECODE,962,0,962,782.98,21.40,1
19005,DECODE,962,0,962,783.98,21.38,1
19006,DECODE,960,0,960,784.39,21.06,1
19007,DECODE,960,0,960,785.39,21.30,1
19008,DECODE,959,0,959,785.89,21.24,1
19009,DECODE,959,0,959,786.89,21.37,1
19010,DECODE,959,0,959,787.89,21.64,1
19011,DECODE,959,0,959,788.89,21.26,1
19012,DECODE,959,0,959,789.89,21.39,1
19013,DECODE,959,0,959,790.89,21.49,1
19014,DECODE,958,0,958,791.71,26.95,1
19015,DECODE,958,0,958,792.71,21.74,1
19016,DECODE,958,0,958,793.71,21.28,1
19017,DECODE,958,0,958,794.71,21.81,1
19018,DECODE,958,0,958,795.71,21.46,1
19019,DECODE,958,0,958,796.71,21.66,1
19020,DECODE,958,0,958,797.71,21.43,1
19021,DECODE,958,0,958,798.71,21.44,1
19022,DECODE,958,0,958,799.71,21.50,1
19023,DECODE,958,0,958,800.71,21.69,1
19024,DECODE,958,0,958,801.71,21.58,1
19025,DECODE,958,0,958,802.71,21.62,1
19026,DECODE,958,0,958,803.71,21.77,1
19027,DECODE,958,0,958,804.71,22.16,1
19028,DECODE,958,0,958,805.71,21.81,1
19029,DECODE,957,0,957,805.93,21.24,1
19030,DECODE,957,0,957,806.93,21.48,1
19031,DECODE,957,0,957,807.93,21.40,1
19032,DECODE,957,0,957,808.93,21.40,1
19033,DECODE,957,0,957,809.93,21.49,1
19034,DECODE,957,0,957,810.93,21.69,1
19035,DECODE,956,0,956,811.41,21.12,1
19036,DECODE,956,0,956,812.41,21.17,1
19037,DECODE,955,0,955,813.31,21.52,1
19038,DECODE,955,0,955,814.31,21.73,1
19039,DECODE,955,0,955,815.31,21.68,1
19040,DECODE,955,0,955,816.31,21.63,1
19041,DECODE,955,0,955,817.31,21.79,1
19042,DECODE,955,0,955,818.31,21.73,1
19043,DECODE,955,0,955,819.31,21.58,1
19044,DECODE,955,0,955,820.31,21.72,1
19045,DECODE,955,0,955,821.31,21.68,1
19046,DECODE,955,0,955,822.31,21.61,1
19047,DECODE,954,0,954,823.11,21.73,1
19048,DECODE,954,0,954,824.11,22.12,1
19049,DECODE,954,0,954,825.11,21.72,1
19050,DECODE,954,0,954,826.11,21.87,1
19051,DECODE,953,0,953,826.76,21.78,1
19052,DECODE,953,0,953,827.76,21.82,1
19053,DECODE,953,0,953,828.76,21.77,1
19054,DECODE,953,0,953,829.76,21.80,1
19055,DECODE,953,0,953,830.76,21.80,1
19056,DECODE,953,0,953,831.76,21.80,1
19057,DECODE,953,0,953,832.76,21.85,1
19058,DECODE,953,0,953,833.76,21.88,1
19059,DECODE,953,0,953,834.76,21.71,1
19060,DECODE,953,0,953,835.76,21.79,1
19061,DECODE,953,0,953,836.76,21.82,1
19062,DECODE,953,0,953,837.76,21.72,1
19063,DECODE,953,0,953,838.76,21.77,1
19064,DECODE,953,0,953,839.76,22.15,1
19065,DECODE,953,0,953,840.76,22.00,1
19066,DECODE,953,0,953,841.76,22.00,1
19067,DECODE,953,0,953,842.76,21.75,1
19068,DECODE,953,0,953,843.76,21.69,1
19069,DECODE,953,0,953,844.76,21.66,1
19070,DECODE,953,0,953,845.76,21.64,1
19071,DECODE,953,0,953,846.76,21.62,1
19072,DECODE,952,0,952,847.41,21.41,1
19073,DECODE,952,0,952,848.41,21.64,1
19074,DECODE,952,0,952,849.41,21.70,1
19075,DECODE,952,0,952,850.41,21.57,1
19076,DECODE,952,0,952,851.41,21.56,1
19077,DECODE,952,0,952,852.41,21.55,1
19078,DECODE,952,0,952,853.41,21.65,1
19079,DECODE,952,0,952,854.41,21.84,1
19080,DECODE,952,0,952,855.41,21.70,1
19081,DECODE,952,0,952,856.41,21.64,1
19082,DECODE,952,0,952,857.41,21.91,1
19083,DECODE,952,0,952,858.41,21.79,1
19084,DECODE,952,0,952,859.41,21.77,1
19085,DECODE,952,0,952,860.41,21.88,1
19086,DECODE,952,0,952,861.41,22.04,1
19087,DECODE,952,0,952,862.41,21.71,1
19088,DECODE,951,0,951,862.42,21.84,1
19089,DECODE,951,0,951,863.42,22.06,1
19090,DECODE,951,0,951,864.42,22.27,1
19091,DECODE,951,0,951,865.42,21.92,1
19092,DECODE,951,0,951,866.42,22.06,1
19093,DECODE,951,0,951,867.42,22.11,1
19094,DECODE,951,0,951,868.42,22.09,1
19095,DECODE,950,0,950,869.94,22.29,1
19096,DECODE,947,0,947,872.13,22.32,1
19097,DECODE,946,0,946,873.43,22.19,1
19098,DECODE,944,0,944,875.18,22.12,1
19099,DECODE,942,0,942,877.14,22.14,1
19100,DECODE,940,0,940,879.13,21.96,1
19101,DECODE,938,0,938,881.12,22.06,1
19102,DECODE,935,0,935,883.70,22.14,1
19103,DECODE,933,0,933,885.62,22.04,1
19104,DECODE,931,0,931,887.58,22.15,1
19105,DECODE,929,0,929,889.57,21.88,1
19106,DECODE,927,0,927,891.12,22.05,1
19107,DECODE,925,0,925,893.14,22.00,1
19108,DECODE,923,0,923,895.20,21.96,1
19109,DECODE,921,0,921,897.27,21.80,1
19110,DECODE,918,0,918,899.90,21.90,1
19111,DECODE,917,0,917,901.14,22.19,1
19112,DECODE,915,0,915,902.88,22.24,1
19113,DECODE,913,0,913,904.78,22.16,1
19114,DECODE,911,0,911,906.73,22.04,1
19115,DECODE,910,0,910,906.75,21.89,1
19116,DECODE,910,0,910,907.75,21.86,1
19117,DECODE,908,0,908,909.73,21.57,1
19118,DECODE,906,0,906,911.72,21.88,1
19119,DECODE,904,0,904,913.72,21.56,1
19120,DECODE,902,0,902,915.74,21.76,1
19121,DECODE,900,0,900,917.78,21.45,1
19122,DECODE,898,0,898,919.83,21.80,1
19123,DECODE,896,0,896,921.92,21.46,1
19124,DECODE,894,0,894,923.77,21.66,1
19125,DECODE,892,0,892,925.74,21.36,1
19126,DECODE,891,0,891,927.24,21.67,1
19127,DECODE,889,0,889,929.25,21.55,1
19128,DECODE,887,0,887,931.27,21.66,1
19129,DECODE,885,0,885,933.31,21.64,1
19130,DECODE,883,0,883,935.36,21.73,1
19131,DECODE,881,0,881,937.42,21.45,1
19132,DECODE,879,0,879,939.52,21.31,1
19133,DECODE,878,0,878,939.72,21.25,1
19134,DECODE,878,0,878,940.72,21.19,1
19135,DECODE,876,0,876,942.69,21.04,1
19136,DECODE,874,0,874,944.68,21.35,1
19137,DECODE,873,0,873,946.19,21.28,1
19138,DECODE,871,0,871,948.23,21.34,1
19139,DECODE,869,0,869,950.29,21.24,1
19140,DECODE,867,0,867,952.36,21.74,1
19141,DECODE,865,0,865,954.46,21.23,1
19142,DECODE,863,0,863,956.49,21.15,1
19143,DECODE,862,0,862,957.98,20.88,1
19144,DECODE,860,0,860,960.03,20.85,1
19145,DECODE,858,0,858,962.09,21.10,1
19146,DECODE,857,0,857,963.62,21.29,1
19147,DECODE,855,0,855,965.71,21.63,1
19148,DECODE,853,0,853,967.80,21.17,1
19149,DECODE,851,0,851,969.92,21.21,1
19150,DECODE,850,0,850,971.48,21.13,1
19151,DECODE,848,0,848,973.60,20.95,1
19152,DECODE,847,0,847,974.96,21.19,1
19153,DECODE,845,0,845,976.92,21.30,1
19154,DECODE,844,0,844,977.49,20.98,1
19155,DECODE,843,0,843,979.02,21.29,1
19156,DECODE,842,0,842,980.57,21.13,1
19157,DECODE,840,0,840,982.67,21.11,1
19158,DECODE,839,0,839,984.22,21.21,1
19159,DECODE,837,0,837,986.34,21.37,1
19160,DECODE,835,0,835,988.48,24.22,1
19161,DECODE,834,0,834,990.07,21.19,1
19162,DECODE,832,0,832,991.90,21.01,1
19163,DECODE,831,0,831,993.41,21.35,1
19164,DECODE,829,0,829,995.50,21.19,1
19165,DECODE,828,0,828,997.06,20.96,1
19166,DECODE,826,0,826,999.19,21.14,1
19167,DECODE,825,0,825,1000.76,21.33,1
19168,DECODE,823,0,823,1002.93,21.08,1
19169,DECODE,821,0,821,1005.12,21.18,1
19170,DECODE,820,0,820,1006.73,20.90,1
19171,DECODE,819,0,819,1008.11,21.12,1
19172,DECODE,817,0,817,1010.09,21.31,1
19173,DECODE,816,0,816,1011.62,21.15,1
19174,DECODE,815,0,815,1012.47,21.10,1
19175,DECODE,814,0,814,1014.01,21.13,1
19176,DECODE,813,0,813,1014.80,21.13,1
19177,DECODE,812,0,812,1016.35,21.04,1
19178,DECODE,811,0,811,1017.93,21.30,1
19179,DECODE,809,0,809,1020.10,21.16,1
19180,DECODE,808,0,808,1021.69,20.93,1
19181,DECODE,806,0,806,1023.90,20.97,1
19182,DECODE,805,0,805,1025.10,21.13,1
19183,DECODE,804,0,804,1026.63,20.92,1
19184,DECODE,802,0,802,1028.74,21.25,1
19185,DECODE,801,0,801,1030.31,21.30,1
19186,DECODE,800,0,800,1031.90,20.80,1
19187,DECODE,798,0,798,1034.08,20.73,1
19188,DECODE,797,0,797,1035.68,21.16,1
19189,DECODE,795,0,795,1037.90,21.05,1
19190,DECODE,794,0,794,1039.51,20.44,1
19191,DECODE,792,0,792,1041.67,20.29,1
19192,DECODE,791,0,791,1043.24,20.56,1
19193,DECODE,790,0,790,1044.82,23.54,1
19194,DECODE,788,0,788,1046.98,20.35,1
19195,DECODE,787,0,787,1048.58,21.34,1
19196,DECODE,786,0,786,1049.47,22.02,1
19197,DECODE,785,0,785,1051.07,20.98,1
19198,DECODE,784,0,784,1052.68,20.32,1
19199,DECODE,782,0,782,1054.94,20.56,1
19200,DECODE,781,0,781,1056.58,20.68,1
19201,DECODE,780,0,780,1058.04,20.43,1
19202,DECODE,778,0,778,1060.25,20.64,1
19203,DECODE,777,0,777,1061.86,20.77,1
19204,DECODE,776,0,776,1063.48,20.72,1
19205,DECODE,774,0,774,1065.72,20.76,1
19206,DECODE,773,0,773,1067.36,20.85,1
19207,DECODE,772,0,772,1069.01,20.51,1
19208,DECODE,770,0,770,1071.32,20.70,1
19209,DECODE,769,0,769,1072.89,20.59,1
19210,DECODE,768,0,768,1074.46,20.56,1
19211,DECODE,766,0,766,1076.63,20.50,1
19212,DECODE,765,0,765,1078.23,20.62,1
19213,DECODE,764,0,764,1079.84,20.28,1
19214,DECODE,763,0,763,1081.47,20.52,1
19215,DECODE,761,0,761,1083.75,20.57,1
19216,DECODE,760,0,760,1085.39,20.16,1
19217,DECODE,759,0,759,1086.20,20.77,1
19218,DECODE,759,0,759,1087.20,20.70,1
19219,DECODE,757,0,757,1089.51,20.64,1
19220,DECODE,756,0,756,1091.19,20.47,1
19221,DECODE,755,0,755,1092.69,20.72,1
19222,DECODE,754,0,754,1094.28,20.66,1
19223,DECODE,752,0,752,1096.53,20.35,1
19224,DECODE,751,0,751,1098.16,20.99,1
19225,DECODE,750,0,750,1099.81,20.76,1
19226,DECODE,749,0,749,1101.47,21.19,1
19227,DECODE,748,0,748,1103.13,20.52,1
19228,DECODE,746,0,746,1105.48,20.92,1
19229,DECODE,745,0,745,1107.17,20.83,1
19230,DECODE,744,0,744,1108.77,20.54,1
19231,DECODE,743,0,743,1110.38,20.95,1
19232,DECODE,742,0,742,1111.98,20.90,1
19233,DECODE,740,0,740,1114.25,22.07,1
19234,DECODE,739,0,739,1115.92,21.25,1
19235,DECODE,738,0,738,1117.60,23.46,1
19236,DECODE,737,0,737,1119.28,21.03,1
19237,DECODE,736,0,736,1120.98,20.54,1
19238,DECODE,735,0,735,1121.36,21.17,1
19239,DECODE,735,0,735,1122.36,20.79,1
19240,DECODE,734,0,734,1124.07,20.84,1
19241,DECODE,732,0,732,1126.50,20.58,1
19242,DECODE,731,0,731,1128.08,21.06,1
19243,DECODE,730,0,730,1129.71,20.57,1
19244,DECODE,729,0,729,1131.35,20.81,1
19245,DECODE,728,0,728,1133.00,20.44,1
19246,DECODE,727,0,727,1134.67,20.72,1
19247,DECODE,726,0,726,1136.35,20.59,1
19248,DECODE,724,0,724,1138.74,20.22,1
19249,DECODE,723,0,723,1140.44,20.66,1
19250,DECODE,722,0,722,1142.14,20.62,1
19251,DECODE,721,0,721,1143.85,20.76,1
19252,DECODE,720,0,720,1145.57,20.01,1
19253,DECODE,719,0,719,1147.02,20.41,1
19254,DECODE,718,0,718,1148.58,20.23,1
19255,DECODE,717,0,717,1150.20,20.30,1
19256,DECODE,716,0,716,1151.86,19.97,1
19257,DECODE,715,0,715,1153.53,20.67,1
19258,DECODE,714,0,714,1155.20,20.47,1
19259,DECODE,713,0,713,1156.92,20.15,1
19260,DECODE,712,0,712,1158.64,19.71,1
19261,DECODE,710,0,710,1161.10,19.92,1
19262,DECODE,709,0,709,1162.85,20.10,1
19263,DECODE,708,0,708,1164.44,19.90,1
19264,DECODE,707,0,707,1166.10,20.49,1
19265,DECODE,706,0,706,1166.80,20.17,1
19266,DECODE,706,0,706,1167.80,20.04,1
19267,DECODE,705,0,705,1169.46,20.12,1
19268,DECODE,704,0,704,1171.15,20.07,1
19269,DECODE,703,0,703,1172.84,20.30,1
19270,DECODE,702,0,702,1174.54,20.17,1
19271,DECODE,701,0,701,1175.11,20.22,1
19272,DECODE,701,0,701,1176.11,20.37,1
19273,DECODE,700,0,700,1177.05,19.80,1
19274,DECODE,700,0,700,1178.05,20.03,1
19275,DECODE,699,0,699,1179.76,20.32,1
19276,DECODE,698,0,698,1181.49,20.14,1
19277,DECODE,697,0,697,1183.25,20.21,1
19278,DECODE,696,0,696,1185.01,19.83,1
19279,DECODE,695,0,695,1186.64,20.36,1
19280,DECODE,694,0,694,1188.30,20.07,1
19281,DECODE,693,0,693,1189.97,20.44,1
19282,DECODE,692,0,692,1191.65,20.16,1
19283,DECODE,691,0,691,1193.36,21.80,1
19284,DECODE,690,0,690,1195.07,20.01,1
19285,DECODE,689,0,689,1196.80,19.98,1
19286,DECODE,688,0,688,1197.73,19.84,1
19287,DECODE,688,0,688,1198.73,19.82,1
19288,DECODE,687,0,687,1200.46,19.98,1
19289,DECODE,686,0,686,1202.20,19.96,1
19290,DECODE,685,0,685,1203.97,20.14,1
19291,DECODE,684,0,684,1205.75,19.66,1
19292,DECODE,683,0,683,1207.21,19.85,1
19293,DECODE,682,0,682,1208.89,19.86,1
19294,DECODE,681,0,681,1210.60,19.82,1
19295,DECODE,680,0,680,1211.87,19.78,1
19296,DECODE,680,0,680,1212.87,19.54,1
19297,DECODE,679,0,679,1213.73,20.21,1
19298,DECODE,678,0,678,1215.45,19.96,1
19299,DECODE,678,0,678,1216.45,19.83,1
19300,DECODE,677,0,677,1218.19,20.01,1
19301,DECODE,676,0,676,1219.94,19.61,1
19302,DECODE,675,0,675,1221.69,19.79,1
19303,DECODE,674,0,674,1223.45,20.27,1
19304,DECODE,673,0,673,1225.21,20.32,1
19305,DECODE,672,0,672,1226.71,20.04,1
19306,DECODE,671,0,671,1228.42,20.38,1
19307,DECODE,670,0,670,1230.14,20.23,1
19308,DECODE,669,0,669,1231.88,20.10,1
19309,DECODE,668,0,668,1233.11,19.93,1
19310,DECODE,668,0,668,1234.11,19.64,1
19311,DECODE,667,0,667,1235.86,19.96,1
19312,DECODE,666,0,666,1237.64,20.00,1
19313,DECODE,665,0,665,1239.42,19.99,1
19314,DECODE,664,0,664,1241.23,19.85,1
19315,DECODE,663,0,663,1243.05,19.91,1
19316,DECODE,662,0,662,1244.79,20.02,1
19317,DECODE,661,0,661,1246.54,20.00,1
19318,DECODE,661,0,661,1247.54,19.75,1
19319,DECODE,660,0,660,1249.29,19.63,1
19320,DECODE,659,0,659,1251.07,19.81,1
19321,DECODE,658,0,658,1252.86,19.72,1
19322,DECODE,657,0,657,1254.67,19.95,1
19323,DECODE,656,0,656,1256.48,19.60,1
19324,DECODE,655,0,655,1258.32,19.66,1
19325,DECODE,654,0,654,1260.16,19.95,1
19326,DECODE,653,0,653,1261.09,19.76,1
19327,DECODE,653,0,653,1262.09,19.54,1
19328,DECODE,652,0,652,1263.64,19.32,1
19329,DECODE,652,0,652,1264.64,19.37,1
19330,DECODE,651,0,651,1266.29,19.64,1
19331,DECODE,650,0,650,1268.00,19.76,1
19332,DECODE,649,0,649,1269.72,19.68,1
19333,DECODE,648,0,648,1271.49,20.08,1
19334,DECODE,647,0,647,1272.21,20.68,1
19335,DECODE,647,0,647,1273.21,20.77,1
19336,DECODE,647,0,647,1274.21,19.71,1
19337,DECODE,646,0,646,1276.01,19.49,1
19338,DECODE,645,0,645,1277.82,19.84,1
19339,DECODE,644,0,644,1279.65,19.31,1
19340,DECODE,643,0,643,1281.49,19.52,1
19341,DECODE,642,0,642,1283.33,19.46,1
19342,DECODE,641,0,641,1285.18,19.98,1
19343,DECODE,641,0,641,1286.18,19.51,1
19344,DECODE,640,0,640,1287.50,19.12,1
19345,DECODE,639,0,639,1289.06,19.19,1
19346,DECODE,639,0,639,1290.06,19.35,1
19347,DECODE,638,0,638,1291.73,19.22,1
19348,DECODE,637,0,637,1293.50,19.43,1
19349,DECODE,636,0,636,1295.29,19.15,1
19350,DECODE,636,0,636,1296.29,19.14,1
19351,DECODE,635,0,635,1298.10,19.13,1
19352,DECODE,634,0,634,1299.10,19.21,1
19353,DECODE,633,0,633,1300.04,19.16,1
19354,DECODE,633,0,633,1301.04,19.33,1
19355,DECODE,633,0,633,1302.04,19.32,1
19356,DECODE,632,0,632,1303.86,19.04,1
19357,DECODE,631,0,631,1305.70,19.31,1
19358,DECODE,630,0,630,1307.57,19.38,1
19359,DECODE,629,0,629,1308.81,19.17,1
19360,DECODE,629,0,629,1309.81,19.23,1
19361,DECODE,628,0,628,1311.44,19.08,1
19362,DECODE,627,0,627,1312.35,19.42,1
19363,DECODE,627,0,627,1313.35,19.36,1
19364,DECODE,627,0,627,1314.35,19.38,1
19365,DECODE,626,0,626,1316.04,19.27,1
19366,DECODE,625,0,625,1317.85,19.32,1
19367,DECODE,623,0,623,1318.68,19.27,1
19368,DECODE,623,0,623,1319.68,19.41,1
19369,DECODE,623,0,623,1320.68,19.31,1
19370,DECODE,623,0,623,1321.68,19.35,1
19371,DECODE,623,0,623,1322.68,19.22,1
19372,DECODE,622,0,622,1324.51,19.30,1
19373,DECODE,620,0,620,1325.42,19.81,1
19374,DECODE,620,0,620,1326.42,19.24,1
19375,DECODE,620,0,620,1327.42,19.24,1
19376,DECODE,619,0,619,1327.78,19.50,1
19377,DECODE,618,0,618,1328.81,19.63,1
19378,DECODE,618,0,618,1329.81,19.54,1
19379,DECODE,618,0,618,1330.81,19.27,1
19380,DECODE,618,0,618,1331.81,19.30,1
19381,DECODE,618,0,618,1332.81,19.33,1
19382,DECODE,617,0,617,1333.55,19.60,1
19383,DECODE,617,0,617,1334.55,19.11,1
19384,DECODE,617,0,617,1335.55,19.33,1
19385,DECODE,616,0,616,1337.40,19.29,1
19386,DECODE,615,0,615,1338.42,19.73,1
19387,DECODE,615,0,615,1339.42,19.39,1
19388,DECODE,614,0,614,1341.29,19.59,1
19389,DECODE,614,0,614,1342.29,19.44,1
19390,DECODE,613,0,613,1344.17,19.42,1
19391,DECODE,612,0,612,1346.05,19.31,1
19392,DECODE,611,0,611,1347.95,19.64,1
19393,DECODE,611,0,611,1348.95,19.30,1
19394,DECODE,610,0,610,1350.00,19.71,1
19395,DECODE,610,0,610,1351.00,19.36,1
19396,DECODE,609,0,609,1352.90,19.34,1
19397,DECODE,608,0,608,1354.81,19.07,1
19398,DECODE,607,0,607,1356.73,19.44,1
19399,DECODE,607,0,607,1357.73,19.34,1
19400,DECODE,606,0,606,1359.55,19.42,1
19401,DECODE,605,0,605,1361.39,19.46,1
19402,DECODE,605,0,605,1362.39,19.56,1
19403,DECODE,604,0,604,1364.24,19.12,1
19404,DECODE,603,0,603,1366.11,19.32,1
19405,DECODE,602,0,602,1367.99,19.28,1
19406,DECODE,602,0,602,1368.99,19.37,1
19407,DECODE,601,0,601,1370.88,19.34,1
19408,DECODE,600,0,600,1372.79,19.10,1
19409,DECODE,599,0,599,1374.74,19.22,1
19410,DECODE,598,0,598,1375.63,19.60,1
19411,DECODE,598,0,598,1376.63,19.05,1
19412,DECODE,597,0,597,1377.44,19.36,1
19413,DECODE,596,0,596,1378.27,19.25,1
19414,DECODE,596,0,596,1379.27,18.99,1
19415,DECODE,596,0,596,1380.27,18.99,1
19416,DECODE,596,0,596,1381.27,19.08,1
19417,DECODE,596,0,596,1382.27,19.02,1
19418,DECODE,595,0,595,1384.22,19.43,1
19419,DECODE,594,0,594,1385.06,19.61,1
19420,DECODE,594,0,594,1386.06,19.31,1
19421,DECODE,593,0,593,1386.97,19.52,1
19422,DECODE,593,0,593,1387.97,19.25,1
19423,DECODE,593,0,593,1388.97,19.22,1
19424,DECODE,592,0,592,1390.66,18.96,1
19425,DECODE,591,0,591,1391.98,19.42,1
19426,DECODE,591,0,591,1392.98,19.18,1
19427,DECODE,590,0,590,1393.82,19.27,1
19428,DECODE,590,0,590,1394.82,19.07,1
19429,DECODE,590,0,590,1395.82,19.36,1
19430,DECODE,590,0,590,1396.82,19.30,1
19431,DECODE,589,0,589,1398.63,19.07,1
19432,DECODE,588,0,588,1400.47,18.88,1
19433,DECODE,588,0,588,1401.47,18.87,1
19434,DECODE,587,0,587,1403.32,18.97,1
19435,DECODE,586,0,586,1405.22,19.08,1
19436,DECODE,586,0,586,1406.22,19.07,1
19437,DECODE,585,0,585,1407.28,19.40,1
19438,DECODE,585,0,585,1408.28,19.21,1
19439,DECODE,584,0,584,1410.18,19.11,1
19440,DECODE,583,0,583,1412.10,19.00,1
19441,DECODE,583,0,583,1413.10,18.99,1
19442,DECODE,582,0,582,1415.03,19.41,1
19443,DECODE,581,0,581,1416.97,19.37,1
19444,DECODE,581,0,581,1417.97,19.07,1
19445,DECODE,580,0,580,1419.93,18.96,1
19446,DECODE,579,0,579,1421.54,19.09,1
19447,DECODE,579,0,579,1422.54,19.11,1
19448,DECODE,578,0,578,1424.35,19.11,1
19449,DECODE,578,0,578,1425.35,19.03,1
19450,DECODE,577,0,577,1426.95,19.25,1
19451,DECODE,576,0,576,1427.67,18.89,1
19452,DECODE,576,0,576,1428.67,18.89,1
19453,DECODE,576,0,576,1429.67,18.80,1
19454,DECODE,575,0,575,1431.49,19.03,1
19455,DECODE,575,0,575,1432.49,19.20,1
19456,DECODE,574,0,574,1434.34,19.07,1
19457,DECODE,574,0,574,1435.34,18.99,1
19458,DECODE,573,0,573,1436.35,18.94,1
19459,DECODE,573,0,573,1437.35,19.22,1
19460,DECODE,572,0,572,1439.22,18.84,1
19461,DECODE,572,0,572,1440.22,18.99,1
19462,DECODE,571,0,571,1442.12,19.05,1
19463,DECODE,570,0,570,1444.06,18.89,1
19464,DECODE,570,0,570,1445.06,18.86,1
19465,DECODE,569,0,569,1446.85,18.95,1
19466,DECODE,569,0,569,1447.85,19.35,1
19467,DECODE,568,0,568,1449.80,19.31,1
19468,DECODE,567,0,567,1451.77,19.36,1
19469,DECODE,567,0,567,1452.77,19.43,1
19470,DECODE,566,0,566,1454.66,19.10,1
19471,DECODE,566,0,566,1455.66,18.86,1
19472,DECODE,565,0,565,1456.47,18.88,1
19473,DECODE,565,0,565,1457.47,19.06,1
19474,DECODE,564,0,564,1458.51,18.75,1
19475,DECODE,564,0,564,1459.51,18.69,1
19476,DECODE,564,0,564,1460.51,18.70,1
19477,DECODE,563,0,563,1462.44,19.31,1
19478,DECODE,562,0,562,1464.38,18.87,1
19479,DECODE,562,0,562,1465.38,18.86,1
19480,DECODE,561,0,561,1467.34,18.88,1
19481,DECODE,561,0,561,1468.34,19.03,1
19482,DECODE,560,0,560,1470.33,18.73,1
19483,DECODE,559,0,559,1472.34,18.93,1
19484,DECODE,559,0,559,1473.34,20.44,1
19485,DECODE,558,0,558,1474.37,18.92,1
19486,DECODE,558,0,558,1475.37,18.80,1
19487,DECODE,558,0,558,1476.37,18.73,1
19488,DECODE,557,0,557,1478.39,18.87,1
19489,DECODE,556,0,556,1480.42,18.67,1
19490,DECODE,556,0,556,1481.42,18.80,1
19491,DECODE,555,0,555,1483.46,18.87,1
19492,DECODE,554,0,554,1485.52,18.94,1
19493,DECODE,554,0,554,1486.52,18.86,1
19494,DECODE,553,0,553,1488.43,18.92,1
19495,DECODE,553,0,553,1489.43,18.92,1
19496,DECODE,552,0,552,1491.39,18.76,1
19497,DECODE,552,0,552,1492.39,18.66,1
19498,DECODE,551,0,551,1493.30,18.93,1
19499,DECODE,551,0,551,1494.30,18.84,1
19500,DECODE,550,0,550,1496.28,18.85,1
19501,DECODE,550,0,550,1497.28,18.96,1
19502,DECODE,549,0,549,1499.28,18.77,1
19503,DECODE,549,0,549,1500.28,18.85,1
19504,DECODE,548,0,548,1502.28,18.66,1
19505,DECODE,547,0,547,1504.30,18.85,1
19506,DECODE,547,0,547,1505.30,18.91,1
19507,DECODE,546,0,546,1507.32,19.00,1
19508,DECODE,546,0,546,1508.32,18.91,1
19509,DECODE,545,0,545,1510.36,18.92,1
19510,DECODE,545,0,545,1511.36,18.82,1
19511,DECODE,544,0,544,1513.41,19.23,1
19512,DECODE,543,0,543,1515.38,18.90,1
19513,DECODE,542,0,542,1515.24,19.00,1
19514,DECODE,542,0,542,1516.24,19.09,1
19515,DECODE,541,0,541,1517.31,18.87,1
19516,DECODE,541,0,541,1518.31,18.70,1
19517,DECODE,541,0,541,1519.31,18.73,1
19518,DECODE,541,0,541,1520.31,18.84,1
19519,DECODE,541,0,541,1521.31,18.94,1
19520,DECODE,540,0,540,1522.19,18.67,1
19521,DECODE,540,0,540,1523.19,18.70,1
19522,DECODE,539,0,539,1524.28,18.94,1
19523,DECODE,539,0,539,1525.28,18.80,1
19524,DECODE,539,0,539,1526.28,18.82,1
19525,DECODE,539,0,539,1527.28,18.87,1
19526,DECODE,538,0,538,1529.29,18.82,1
19527,DECODE,538,0,538,1530.29,18.84,1
19528,DECODE,537,0,537,1532.33,18.90,1
19529,DECODE,536,0,536,1533.24,18.67,1
19530,DECODE,536,0,536,1534.24,18.76,1
19531,DECODE,536,0,536,1535.24,18.52,1
19532,DECODE,536,0,536,1536.24,18.54,1
19533,DECODE,535,0,535,1538.32,18.73,1
19534,DECODE,535,0,535,1539.32,18.83,1
19535,DECODE,534,0,534,1541.39,18.65,1
19536,DECODE,533,0,533,1542.47,18.82,1
19537,DECODE,533,0,533,1543.47,18.92,1
19538,DECODE,533,0,533,1544.47,18.94,1
19539,DECODE,532,0,532,1546.35,18.71,1
19540,DECODE,530,0,530,1547.03,18.74,1
19541,DECODE,529,0,529,1546.39,18.80,1
19542,DECODE,529,0,529,1547.39,18.77,1
19543,DECODE,529,0,529,1548.39,18.86,1
19544,DECODE,528,0,528,1549.47,18.42,1
19545,DECODE,528,0,528,1550.47,18.51,1
19546,DECODE,528,0,528,1551.47,18.70,1
19547,DECODE,526,0,526,1550.55,18.59,1
19548,DECODE,526,0,526,1551.55,18.83,1
19549,DECODE,526,0,526,1552.55,18.84,1
19550,DECODE,526,0,526,1553.55,18.61,1
19551,DECODE,526,0,526,1554.55,18.80,1
19552,DECODE,526,0,526,1555.55,18.77,1
19553,DECODE,526,0,526,1556.55,18.84,1
19554,DECODE,526,0,526,1557.55,18.75,1
19555,DECODE,526,0,526,1558.55,18.99,1
19556,DECODE,526,0,526,1559.55,18.75,1
19557,DECODE,526,0,526,1560.55,18.76,1
19558,DECODE,526,0,526,1561.55,18.72,1
19559,DECODE,526,0,526,1562.55,18.64,1
19560,DECODE,525,0,525,1563.08,18.80,1
19561,DECODE,525,0,525,1564.08,18.89,1
19562,DECODE,525,0,525,1565.08,18.68,1
19563,DECODE,525,0,525,1566.08,18.93,1
19564,DECODE,525,0,525,1567.08,18.78,1
19565,DECODE,525,0,525,1568.08,18.75,1
19566,DECODE,524,0,524,1569.99,18.57,1
19567,DECODE,524,0,524,1570.99,18.64,1
19568,DECODE,523,0,523,1572.99,18.68,1
19569,DECODE,523,0,523,1573.99,18.81,1
19570,DECODE,522,0,522,1576.00,18.80,1
19571,DECODE,522,0,522,1577.00,18.81,1
19572,DECODE,521,0,521,1579.05,18.75,1
19573,DECODE,521,0,521,1580.05,18.58,1
19574,DECODE,520,0,520,1581.97,18.39,1
19575,DECODE,519,0,519,1582.02,18.52,1
19576,DECODE,519,0,519,1583.02,18.49,1
19577,DECODE,519,0,519,1584.02,18.68,1
19578,DECODE,519,0,519,1585.02,18.48,1
19579,DECODE,519,0,519,1586.02,18.53,1
19580,DECODE,518,0,518,1587.98,18.51,1
19581,DECODE,518,0,518,1588.98,18.65,1
19582,DECODE,517,0,517,1591.05,18.55,1
19583,DECODE,517,0,517,1592.05,18.58,1
19584,DECODE,516,0,516,1594.14,18.29,1
19585,DECODE,516,0,516,1595.14,18.44,1
19586,DECODE,515,0,515,1594.27,18.51,1
19587,DECODE,515,0,515,1595.27,18.66,1
19588,DECODE,515,0,515,1596.27,18.66,1
19589,DECODE,515,0,515,1597.27,18.51,1
19590,DECODE,515,0,515,1598.27,18.56,1
19591,DECODE,514,0,514,1600.03,18.37,1
19592,DECODE,514,0,514,1601.03,18.57,1
19593,DECODE,514,0,514,1602.03,18.53,1
19594,DECODE,513,0,513,1603.96,18.63,1
19595,DECODE,513,0,513,1604.96,18.61,1
19596,DECODE,512,0,512,1606.04,17.40,1
19597,DECODE,512,0,512,1607.04,17.73,1
19598,DECODE,512,0,512,1608.04,17.48,1
19599,DECODE,511,0,511,1609.98,17.87,1
19600,DECODE,511,0,511,1610.98,18.72,1
19601,DECODE,510,0,510,1612.97,17.57,1
19602,DECODE,510,0,510,1613.97,17.46,1
19603,DECODE,509,0,509,1616.00,17.61,1
19604,DECODE,508,0,508,1617.00,17.37,1
19605,DECODE,508,0,508,1618.00,17.43,1
19606,DECODE,508,0,508,1619.00,17.34,1
19607,DECODE,508,0,508,1620.00,18.52,1
19608,DECODE,508,0,508,1621.00,18.35,1
19609,DECODE,507,0,507,1622.99,19.75,1
19610,DECODE,506,0,506,1624.13,19.10,1
19611,DECODE,505,0,505,1625.91,19.22,1
19612,DECODE,505,0,505,1626.91,18.71,1
19613,DECODE,505,0,505,1627.91,18.45,1
19614,DECODE,505,0,505,1628.91,18.40,1
19615,DECODE,504,0,504,1630.01,18.87,1
19616,DECODE,504,0,504,1631.01,18.86,1
19617,DECODE,504,0,504,1632.01,18.43,1
19618,DECODE,504,0,504,1633.01,18.39,1
19619,DECODE,503,0,503,1635.02,19.31,1
19620,DECODE,503,0,503,1636.02,17.41,1
19621,DECODE,503,0,503,1637.02,17.41,1
19622,DECODE,502,0,502,1639.04,17.33,1
19623,DECODE,501,0,501,1638.21,17.45,1
19624,DECODE,501,0,501,1639.21,20.11,1
19625,DECODE,501,0,501,1640.21,18.32,1
19626,DECODE,501,0,501,1641.21,18.30,1
19627,DECODE,501,0,501,1642.21,18.35,1
19628,DECODE,501,0,501,1643.21,18.27,1
19629,DECODE,500,0,500,1645.27,19.36,1
19630,DECODE,500,0,500,1646.27,18.67,1
19631,DECODE,499,0,499,1648.35,19.10,1
19632,DECODE,498,0,498,1648.55,19.06,1
19633,DECODE,498,0,498,1649.55,17.40,1
19634,DECODE,498,0,498,1650.55,17.38,1
19635,DECODE,498,0,498,1651.55,17.35,1
19636,DECODE,498,0,498,1652.55,17.38,1
19637,DECODE,497,0,497,1652.81,17.41,1
19638,DECODE,497,0,497,1653.81,17.45,1
19639,DECODE,497,0,497,1654.81,17.32,1
19640,DECODE,497,0,497,1655.81,17.38,1
19641,DECODE,496,0,496,1657.77,17.40,1
19642,DECODE,496,0,496,1658.77,17.27,1
19643,DECODE,494,0,494,1660.29,17.24,1
19644,DECODE,493,0,493,1660.36,19.19,1
19645,DECODE,493,0,493,1661.36,18.61,1
19646,DECODE,493,0,493,1662.36,18.17,1
19647,DECODE,493,0,493,1663.36,18.20,1
19648,DECODE,493,0,493,1664.36,18.18,1
19649,DECODE,493,0,493,1665.36,18.25,1
19650,DECODE,493,0,493,1666.36,18.14,1
19651,DECODE,493,0,493,1667.36,18.21,1
19652,DECODE,493,0,493,1668.36,18.16,1
19653,DECODE,493,0,493,1669.36,18.19,1
19654,DECODE,492,0,492,1671.43,18.96,1
19655,DECODE,491,0,491,1671.64,17.18,1
19656,DECODE,491,0,491,1672.64,17.37,1
19657,DECODE,491,0,491,1673.64,17.23,1
19658,DECODE,491,0,491,1674.64,17.22,1
19659,DECODE,491,0,491,1675.64,17.17,1
19660,DECODE,491,0,491,1676.64,17.29,1
19661,DECODE,490,0,490,1677.78,17.27,1
19662,DECODE,489,0,489,1676.98,17.41,1
19663,DECODE,488,0,488,1678.40,17.32,1
19664,DECODE,488,0,488,1679.40,17.23,1
19665,DECODE,487,0,487,1681.36,19.29,1
19666,DECODE,487,0,487,1682.36,18.51,1
19667,DECODE,487,0,487,1683.36,17.98,1
19668,DECODE,487,0,487,1684.36,17.97,1
19669,DECODE,487,0,487,1685.36,19.26,1
19670,DECODE,487,0,487,1686.36,18.83,1
19671,DECODE,486,0,486,1688.21,18.80,1
19672,DECODE,486,0,486,1689.21,18.49,1
19673,DECODE,486,0,486,1690.21,18.07,1
19674,DECODE,486,0,486,1691.21,18.23,1
19675,DECODE,486,0,486,1692.21,18.63,1
19676,DECODE,486,0,486,1693.21,18.41,1
19677,DECODE,485,0,485,1695.30,19.37,1
19678,DECODE,485,0,485,1696.30,18.54,1
19679,DECODE,485,0,485,1697.30,18.44,1
19680,DECODE,484,0,484,1699.33,19.71,1
19681,DECODE,484,0,484,1700.33,18.77,1
19682,DECODE,483,0,483,1702.33,19.22,1
19683,DECODE,482,0,482,1703.46,19.47,1
19684,DECODE,482,0,482,1704.46,18.59,1
19685,DECODE,480,0,480,1705.05,18.23,1
19686,DECODE,479,0,479,1706.10,19.48,1
19687,DECODE,479,0,479,1707.10,18.55,1
19688,DECODE,479,0,479,1708.10,18.32,1
19689,DECODE,479,0,479,1709.10,18.41,1
19690,DECODE,479,0,479,1710.10,17.89,1
19691,DECODE,479,0,479,1711.10,18.54,1
19692,DECODE,479,0,479,1712.10,18.18,1
19693,DECODE,479,0,479,1713.10,18.27,1
19694,DECODE,479,0,479,1714.10,18.21,1
19695,DECODE,479,0,479,1715.10,18.34,1
19696,DECODE,479,0,479,1716.10,17.99,1
19697,DECODE,479,0,479,1717.10,18.39,1
19698,DECODE,479,0,479,1718.10,18.45,1
19699,DECODE,478,0,478,1720.10,19.63,1
19700,DECODE,478,0,478,1721.10,18.30,1
19701,DECODE,477,0,477,1722.03,18.49,1
19702,DECODE,477,0,477,1723.03,18.97,1
19703,DECODE,477,0,477,1724.03,18.37,1
19704,DECODE,477,0,477,1725.03,18.33,1
19705,DECODE,477,0,477,1726.03,18.21,1
19706,DECODE,476,0,476,1727.65,18.66,1
19707,DECODE,476,0,476,1728.65,17.15,1
19708,DECODE,476,0,476,1729.65,17.23,1
19709,DECODE,475,0,475,1731.65,17.33,1
19710,DECODE,475,0,475,1732.65,17.25,1
19711,DECODE,474,0,474,1734.68,18.87,1
19712,DECODE,474,0,474,1735.68,17.19,1
19713,DECODE,474,0,474,1736.68,17.12,1
19714,DECODE,473,0,473,1738.73,17.24,1
19715,DECODE,473,0,473,1739.73,17.68,1
19716,DECODE,472,0,472,1741.78,19.13,1
19717,DECODE,472,0,472,1742.78,18.52,1
19718,DECODE,471,0,471,1743.92,18.59,1
19719,DECODE,471,0,471,1744.92,18.59,1
19720,DECODE,471,0,471,1745.92,17.95,1
19721,DECODE,470,0,470,1747.89,18.61,1
19722,DECODE,470,0,470,1748.89,18.31,1
19723,DECODE,470,0,470,1749.89,17.93,1
19724,DECODE,470,0,470,1750.89,18.27,1
19725,DECODE,469,0,469,1752.99,19.20,1
19726,DECODE,469,0,469,1753.99,18.59,1
19727,DECODE,469,0,469,1754.99,18.56,1
19728,DECODE,468,0,468,1757.04,19.47,1
19729,DECODE,468,0,468,1758.04,18.91,1
19730,DECODE,468,0,468,1759.04,18.67,1
19731,DECODE,467,0,467,1761.12,19.51,1
19732,DECODE,466,0,466,1762.72,19.35,1
19733,DECODE,466,0,466,1763.72,19.22,1
19734,DECODE,466,0,466,1764.72,18.44,1
19735,DECODE,466,0,466,1765.72,18.52,1
19736,DECODE,465,0,465,1766.75,19.00,1
19737,DECODE,465,0,465,1767.75,18.79,1
19738,DECODE,465,0,465,1768.75,18.59,1
19739,DECODE,465,0,465,1769.75,18.59,1
19740,DECODE,464,0,464,1771.26,19.40,1
19741,DECODE,464,0,464,1772.26,18.51,1
19742,DECODE,463,0,463,1772.52,18.52,1
19743,DECODE,463,0,463,1773.52,18.72,1
19744,DECODE,463,0,463,1774.52,18.10,1
19745,DECODE,463,0,463,1775.52,18.19,1
19746,DECODE,463,0,463,1776.52,18.23,1
19747,DECODE,463,0,463,1777.52,18.27,1
19748,DECODE,462,0,462,1779.60,18.78,1
19749,DECODE,462,0,462,1780.60,18.16,1
19750,DECODE,461,0,461,1781.80,18.11,1
19751,DECODE,461,0,461,1782.80,18.13,1
19752,DECODE,461,0,461,1783.80,17.85,1
19753,DECODE,461,0,461,1784.80,17.78,1
19754,DECODE,460,0,460,1786.82,18.70,1
19755,DECODE,460,0,460,1787.82,18.03,1
19756,DECODE,460,0,460,1788.82,17.82,1
19757,DECODE,459,0,459,1790.71,18.73,1
19758,DECODE,457,0,457,1791.70,17.09,1
19759,DECODE,456,0,456,1792.89,16.95,1
19760,DECODE,456,0,456,1793.89,16.83,1
19761,DECODE,456,0,456,1794.89,17.34,1
19762,DECODE,456,0,456,1795.89,16.95,1
19763,DECODE,455,0,455,1796.95,18.00,1
19764,DECODE,455,0,455,1797.95,17.62,1
19765,DECODE,455,0,455,1798.95,17.33,1
19766,DECODE,455,0,455,1799.95,17.35,1
19767,DECODE,455,0,455,1800.95,17.34,1
19768,DECODE,455,0,455,1801.95,17.31,1
19769,DECODE,455,0,455,1802.95,17.60,1
19770,DECODE,455,0,455,1803.95,17.44,1
19771,DECODE,455,0,455,1804.95,17.56,1
19772,DECODE,455,0,455,1805.95,17.49,1
19773,DECODE,455,0,455,1806.95,17.01,1
19774,DECODE,455,0,455,1807.95,17.43,1
19775,DECODE,455,0,455,1808.95,17.36,1
19776,DECODE,454,0,454,1810.98,17.91,1
19777,DECODE,453,0,453,1810.32,18.27,1
19778,DECODE,453,0,453,1811.32,18.23,1
19779,DECODE,453,0,453,1812.32,17.91,1
19780,DECODE,453,0,453,1813.32,17.72,1
19781,DECODE,453,0,453,1814.32,17.82,1
19782,DECODE,453,0,453,1815.32,17.84,1
19783,DECODE,453,0,453,1816.32,17.44,1
19784,DECODE,452,0,452,1817.56,18.56,1
19785,DECODE,452,0,452,1818.56,18.11,1
19786,DECODE,452,0,452,1819.56,17.77,1
19787,DECODE,451,0,451,1818.92,18.43,1
19788,DECODE,451,0,451,1819.92,18.31,1
19789,DECODE,451,0,451,1820.92,17.75,1
19790,DECODE,451,0,451,1821.92,17.73,1
19791,DECODE,450,0,450,1821.28,18.18,1
19792,DECODE,450,0,450,1822.28,18.19,1
19793,DECODE,450,0,450,1823.28,17.76,1
19794,DECODE,450,0,450,1824.28,17.81,1
19795,DECODE,450,0,450,1825.28,17.94,1
19796,DECODE,450,0,450,1826.28,17.87,1
19797,DECODE,450,0,450,1827.28,17.75,1
19798,DECODE,450,0,450,1828.28,17.84,1
19799,DECODE,449,0,449,1829.51,18.09,1
19800,DECODE,449,0,449,1830.51,17.82,1
19801,DECODE,449,0,449,1831.51,17.35,1
19802,DECODE,448,0,448,1830.88,17.75,1
19803,DECODE,448,0,448,1831.88,17.67,1
19804,DECODE,448,0,448,1832.88,17.39,1
19805,DECODE,448,0,448,1833.88,17.30,1
19806,DECODE,448,0,448,1834.88,17.72,1
19807,DECODE,448,0,448,1835.88,17.43,1
19808,DECODE,448,0,448,1836.88,17.53,1
19809,DECODE,447,0,447,1838.92,18.13,1
19810,DECODE,447,0,447,1839.92,17.63,1
19811,DECODE,447,0,447,1840.92,17.47,1
19812,DECODE,446,0,446,1842.98,18.58,1
19813,DECODE,446,0,446,1843.98,18.22,1
19814,DECODE,446,0,446,1844.98,17.72,1
19815,DECODE,445,0,445,1846.72,17.38,1
19816,DECODE,445,0,445,1847.72,17.27,1
19817,DECODE,445,0,445,1848.72,18.06,1
19818,DECODE,445,0,445,1849.72,17.50,1
19819,DECODE,444,0,444,1849.77,18.59,1
19820,DECODE,444,0,444,1850.77,18.61,1
19821,DECODE,444,0,444,1851.77,18.07,1
19822,DECODE,444,0,444,1852.77,18.00,1
19823,DECODE,444,0,444,1853.77,17.99,1
19824,DECODE,443,0,443,1854.93,17.99,1
19825,DECODE,443,0,443,1855.93,19.17,1
19826,DECODE,443,0,443,1856.93,16.86,1
19827,DECODE,443,0,443,1857.93,16.85,1
19828,DECODE,442,0,442,1860.02,17.11,1
19829,DECODE,442,0,442,1861.02,17.02,1
19830,DECODE,442,0,442,1862.02,16.87,1
19831,DECODE,441,0,441,1864.00,17.05,1
19832,DECODE,441,0,441,1865.00,18.28,1
19833,DECODE,441,0,441,1866.00,19.32,1
19834,DECODE,440,0,440,1868.08,20.08,1
19835,DECODE,440,0,440,1869.08,18.86,1
19836,DECODE,440,0,440,1870.08,18.26,1
19837,DECODE,439,0,439,1872.18,19.17,1
19838,DECODE,439,0,439,1873.18,18.37,1
19839,DECODE,439,0,439,1874.18,18.00,1
19840,DECODE,438,0,438,1876.25,19.27,1
19841,DECODE,438,0,438,1877.25,18.49,1
19842,DECODE,438,0,438,1878.25,18.18,1
19843,DECODE,437,0,437,1880.33,19.65,1
19844,DECODE,437,0,437,1881.33,18.76,1
19845,DECODE,437,0,437,1882.33,18.19,1
19846,DECODE,437,0,437,1883.33,17.68,1
19847,DECODE,436,0,436,1885.03,18.78,1
19848,DECODE,436,0,436,1886.03,18.67,1
19849,DECODE,436,0,436,1887.03,18.10,1
19850,DECODE,435,0,435,1887.10,18.54,1
19851,DECODE,434,0,434,1888.28,18.88,1
19852,DECODE,434,0,434,1889.28,18.43,1
19853,DECODE,434,0,434,1890.28,18.10,1
19854,DECODE,434,0,434,1891.28,18.28,1
19855,DECODE,433,0,433,1891.31,18.57,1
19856,DECODE,433,0,433,1892.31,18.56,1
19857,DECODE,433,0,433,1893.31,18.00,1
19858,DECODE,433,0,433,1894.31,18.05,1
19859,DECODE,433,0,433,1895.31,18.22,1
19860,DECODE,433,0,433,1896.31,17.98,1
19861,DECODE,432,0,432,1897.36,18.09,1
19862,DECODE,432,0,432,1898.36,17.80,1
19863,DECODE,431,0,431,1899.46,18.23,1
19864,DECODE,431,0,431,1900.46,18.17,1
19865,DECODE,431,0,431,1901.46,17.83,1
19866,DECODE,431,0,431,1902.46,17.67,1
19867,DECODE,431,0,431,1903.46,17.67,1
19868,DECODE,431,0,431,1904.46,17.69,1
19869,DECODE,431,0,431,1905.46,17.85,1
19870,DECODE,431,0,431,1906.46,17.74,1
19871,DECODE,431,0,431,1907.46,17.74,1
19872,DECODE,431,0,431,1908.46,17.66,1
19873,DECODE,431,0,431,1909.46,17.78,1
19874,DECODE,430,0,430,1911.49,18.86,1
19875,DECODE,430,0,430,1912.49,18.16,1
19876,DECODE,430,0,430,1913.49,17.71,1
19877,DECODE,429,0,429,1915.55,18.69,1
19878,DECODE,429,0,429,1916.55,17.86,1
19879,DECODE,429,0,429,1917.55,17.61,1
19880,DECODE,428,0,428,1919.47,19.03,1
19881,DECODE,428,0,428,1920.47,18.17,1
19882,DECODE,428,0,428,1921.47,17.66,1
19883,DECODE,428,0,428,1922.47,17.60,1
19884,DECODE,427,0,427,1924.16,18.59,1
19885,DECODE,427,0,427,1925.16,17.93,1
19886,DECODE,427,0,427,1926.16,17.69,1
19887,DECODE,427,0,427,1927.16,17.69,1
19888,DECODE,426,0,426,1929.09,18.56,1
19889,DECODE,425,0,425,1930.31,18.21,1
19890,DECODE,425,0,425,1931.31,17.99,1
19891,DECODE,424,0,424,1932.11,17.95,1
19892,DECODE,424,0,424,1933.11,18.07,1
19893,DECODE,424,0,424,1934.11,17.72,1
19894,DECODE,424,0,424,1935.11,17.79,1
19895,DECODE,424,0,424,1936.11,17.78,1
19896,DECODE,424,0,424,1937.11,17.63,1
19897,DECODE,424,0,424,1938.11,17.61,1
19898,DECODE,424,0,424,1939.11,17.61,1
19899,DECODE,424,0,424,1940.11,17.75,1
19900,DECODE,423,0,423,1942.04,18.69,1
19901,DECODE,423,0,423,1943.04,17.96,1
19902,DECODE,423,0,423,1944.04,17.57,1
19903,DECODE,423,0,423,1945.04,17.54,1
19904,DECODE,422,0,422,1946.99,18.44,1
19905,DECODE,422,0,422,1947.99,17.85,1
19906,DECODE,421,0,421,1948.95,18.70,1
19907,DECODE,421,0,421,1949.95,18.35,1
19908,DECODE,421,0,421,1950.95,17.66,1
19909,DECODE,421,0,421,1951.95,17.64,1
19910,DECODE,420,0,420,1953.19,18.03,1
19911,DECODE,420,0,420,1954.19,18.13,1
19912,DECODE,420,0,420,1955.19,17.71,1
19913,DECODE,420,0,420,1956.19,17.71,1
19914,DECODE,420,0,420,1957.19,17.64,1
19915,DECODE,420,0,420,1958.19,17.73,1
19916,DECODE,418,0,418,1957.98,18.04,1
19917,DECODE,418,0,418,1958.98,18.13,1
19918,DECODE,418,0,418,1959.98,17.59,1
19919,DECODE,418,0,418,1960.98,17.71,1
19920,DECODE,418,0,418,1961.98,17.72,1
19921,DECODE,417,0,417,1961.55,18.02,1
19922,DECODE,417,0,417,1962.55,18.16,1
19923,DECODE,417,0,417,1963.55,17.85,1
19924,DECODE,417,0,417,1964.55,17.89,1
19925,DECODE,417,0,417,1965.55,17.80,1
19926,DECODE,416,0,416,1966.75,18.23,1
19927,DECODE,416,0,416,1967.75,18.47,1
19928,DECODE,416,0,416,1968.75,18.14,1
19929,DECODE,416,0,416,1969.75,18.26,1
19930,DECODE,416,0,416,1970.75,18.08,1
19931,DECODE,416,0,416,1971.75,18.55,1
19932,DECODE,416,0,416,1972.75,17.95,1
19933,DECODE,415,0,415,1973.96,18.21,1
19934,DECODE,415,0,415,1974.96,18.31,1
19935,DECODE,415,0,415,1975.96,17.27,1
19936,DECODE,415,0,415,1976.96,17.21,1
19937,DECODE,415,0,415,1977.96,17.04,1
19938,DECODE,414,0,414,1979.19,17.00,1
19939,DECODE,414,0,414,1980.19,16.95,1
19940,DECODE,414,0,414,1981.19,16.96,1
19941,DECODE,414,0,414,1982.19,16.90,1
19942,DECODE,414,0,414,1983.19,17.01,1
19943,DECODE,414,0,414,1984.19,17.01,1
19944,DECODE,413,0,413,1985.35,17.11,1
19945,DECODE,413,0,413,1986.35,17.22,1
19946,DECODE,413,0,413,1987.35,17.88,1
19947,DECODE,413,0,413,1988.35,17.01,1
19948,DECODE,413,0,413,1989.35,17.33,1
19949,DECODE,413,0,413,1990.35,17.43,1
19950,DECODE,413,0,413,1991.35,18.88,1
19951,DECODE,413,0,413,1992.35,18.81,1
19952,DECODE,412,0,412,1994.37,20.57,1
19953,DECODE,412,0,412,1995.37,19.38,1
19954,DECODE,412,0,412,1996.37,18.12,1
19955,DECODE,412,0,412,1997.37,18.07,1
19956,DECODE,411,0,411,1998.48,18.93,1
19957,DECODE,411,0,411,1999.48,18.37,1
19958,DECODE,410,0,410,2000.74,18.48,1
19959,DECODE,410,0,410,2001.74,18.50,1
19960,DECODE,410,0,410,2002.74,18.24,1
19961,DECODE,410,0,410,2003.74,18.14,1
19962,DECODE,409,0,409,2004.81,18.49,1
19963,DECODE,408,0,408,2005.95,18.78,1
19964,DECODE,408,0,408,2006.95,19.62,1
19965,DECODE,407,0,407,2008.21,19.72,1
19966,DECODE,407,0,407,2009.21,19.60,1
19967,DECODE,407,0,407,2010.21,18.27,1
19968,DECODE,407,0,407,2011.21,18.08,1
19969,DECODE,407,0,407,2012.21,18.14,1
19970,DECODE,407,0,407,2013.21,18.28,1
19971,DECODE,407,0,407,2014.21,18.11,1
19972,DECODE,407,0,407,2015.21,18.20,1
19973,DECODE,406,0,406,2016.39,18.49,1
19974,DECODE,406,0,406,2017.39,18.67,1
19975,DECODE,406,0,406,2018.39,18.30,1
19976,DECODE,406,0,406,2019.39,18.18,1
19977,DECODE,406,0,406,2020.39,18.47,1
19978,DECODE,406,0,406,2021.39,18.60,1
19979,DECODE,406,0,406,2022.39,18.42,1
19980,DECODE,405,0,405,2022.78,18.53,1
19981,DECODE,405,0,405,2023.78,19.64,1
19982,DECODE,405,0,405,2024.78,18.86,1
19983,DECODE,405,0,405,2025.78,19.07,1
19984,DECODE,405,0,405,2026.78,18.31,1
19985,DECODE,405,0,405,2027.78,18.22,1
19986,DECODE,405,0,405,2028.78,18.20,1
19987,DECODE,405,0,405,2029.78,18.29,1
19988,DECODE,404,0,404,2031.45,18.67,1
19989,DECODE,404,0,404,2032.45,18.60,1
19990,DECODE,404,0,404,2033.45,18.42,1
19991,DECODE,404,0,404,2034.45,18.20,1
19992,DECODE,404,0,404,2035.45,18.04,1
19993,DECODE,404,0,404,2036.45,17.99,1
19994,DECODE,403,0,403,2038.32,18.55,1
19995,DECODE,403,0,403,2039.32,18.15,1
19996,DECODE,403,0,403,2040.32,18.35,1
19997,DECODE,403,0,403,2041.32,18.25,1
19998,DECODE,402,0,402,2043.42,19.17,1
19999,DECODE,402,0,402,2044.42,18.60,1
20000,DECODE,402,0,402,2045.42,18.31,1
20001,DECODE,402,0,402,2046.42,18.30,1
20002,DECODE,401,0,401,2048.36,19.31,1
20003,DECODE,401,0,401,2049.36,18.55,1
20004,DECODE,401,0,401,2050.36,18.41,1
20005,DECODE,401,0,401,2051.36,18.38,1
20006,DECODE,400,0,400,2053.39,19.04,1
20007,DECODE,400,0,400,2054.39,18.07,1
20008,DECODE,399,0,399,2055.29,18.38,1
20009,DECODE,399,0,399,2056.29,18.38,1
20010,DECODE,399,0,399,2057.29,18.01,1
20011,DECODE,399,0,399,2058.29,17.85,1
20012,DECODE,399,0,399,2059.29,17.82,1
20013,DECODE,399,0,399,2060.29,17.90,1
20014,DECODE,399,0,399,2061.29,17.79,1
20015,DECODE,399,0,399,2062.29,17.80,1
20016,DECODE,398,0,398,2062.04,18.27,1
20017,DECODE,398,0,398,2063.04,18.27,1
20018,DECODE,398,0,398,2064.04,17.26,1
20019,DECODE,398,0,398,2065.04,17.10,1
20020,DECODE,397,0,397,2064.79,17.32,1
20021,DECODE,397,0,397,2065.79,18.30,1
20022,DECODE,397,0,397,2066.79,17.19,1
20023,DECODE,396,0,396,2066.54,18.85,1
20024,DECODE,396,0,396,2067.54,17.27,1
20025,DECODE,395,0,395,2067.30,16.25,1
20026,DECODE,395,0,395,2068.30,18.57,1
20027,DECODE,395,0,395,2069.30,17.16,1
20028,DECODE,395,0,395,2070.30,17.21,1
20029,DECODE,395,0,395,2071.30,17.21,1
20030,DECODE,395,0,395,2072.30,17.18,1
20031,DECODE,394,0,394,2073.43,17.58,1
20032,DECODE,394,0,394,2074.43,17.66,1
20033,DECODE,393,0,393,2074.79,17.51,1
20034,DECODE,393,0,393,2075.79,17.49,1
20035,DECODE,393,0,393,2076.79,17.24,1
20036,DECODE,393,0,393,2077.79,17.15,1
20037,DECODE,393,0,393,2078.79,18.17,1
20038,DECODE,393,0,393,2079.79,17.26,1
20039,DECODE,392,0,392,2079.57,17.69,1
20040,DECODE,392,0,392,2080.57,17.20,1
20041,DECODE,392,0,392,2081.57,17.35,1
20042,DECODE,391,0,391,2082.46,17.65,1
20043,DECODE,390,0,390,2082.91,18.05,1
20044,DECODE,390,0,390,2083.91,17.40,1
20045,DECODE,390,0,390,2084.91,17.20,1
20046,DECODE,390,0,390,2085.91,17.27,1
20047,DECODE,389,0,389,2087.45,17.60,1
20048,DECODE,389,0,389,2088.45,17.57,1
20049,DECODE,389,0,389,2089.45,17.23,1
20050,DECODE,389,0,389,2090.45,17.19,1
20051,DECODE,389,0,389,2091.45,17.28,1
20052,DECODE,389,0,389,2092.45,17.22,1
20053,DECODE,389,0,389,2093.45,17.33,1
20054,DECODE,389,0,389,2094.45,17.22,1
20055,DECODE,389,0,389,2095.45,17.39,1
20056,DECODE,388,0,388,2097.12,17.80,1
20057,DECODE,388,0,388,2098.12,17.65,1
20058,DECODE,388,0,388,2099.12,17.18,1
20059,DECODE,388,0,388,2100.12,17.42,1
20060,DECODE,388,0,388,2101.12,17.25,1
20061,DECODE,387,0,387,2102.03,17.73,1
20062,DECODE,387,0,387,2103.03,17.74,1
20063,DECODE,387,0,387,2104.03,17.31,1
20064,DECODE,387,0,387,2105.03,17.30,1
20065,DECODE,387,0,387,2106.03,17.33,1
20066,DECODE,385,0,385,2105.15,17.70,1
20067,DECODE,385,0,385,2106.15,17.65,1
20068,DECODE,385,0,385,2107.15,17.29,1
20069,DECODE,385,0,385,2108.15,17.28,1
20070,DECODE,385,0,385,2109.15,17.38,1
20071,DECODE,385,0,385,2110.15,17.56,1
20072,DECODE,384,0,384,2110.88,17.74,1
20073,DECODE,384,0,384,2111.88,17.67,1
20074,DECODE,383,0,383,2111.71,17.33,1
20075,DECODE,383,0,383,2112.71,17.83,1
20076,DECODE,383,0,383,2113.71,17.39,1
20077,DECODE,383,0,383,2114.71,17.18,1
20078,DECODE,383,0,383,2115.71,16.90,1
20079,DECODE,383,0,383,2116.71,16.98,1
20080,DECODE,383,0,383,2117.71,17.23,1
20081,DECODE,383,0,383,2118.71,17.15,1
20082,DECODE,383,0,383,2119.71,17.06,1
20083,DECODE,383,0,383,2120.71,17.55,1
20084,DECODE,383,0,383,2121.71,17.48,1
20085,DECODE,383,0,383,2122.71,17.10,1
20086,DECODE,383,0,383,2123.71,17.15,1
20087,DECODE,383,0,383,2124.71,16.98,1
20088,DECODE,383,0,383,2125.71,16.95,1
20089,DECODE,383,0,383,2126.71,16.97,1
20090,DECODE,383,0,383,2127.71,17.14,1
20091,DECODE,381,0,381,2126.44,17.24,1
20092,DECODE,380,0,380,2126.30,17.73,1
20093,DECODE,380,0,380,2127.30,17.11,1
20094,DECODE,380,0,380,2128.30,16.57,1
20095,DECODE,378,0,378,2129.54,17.21,1
20096,DECODE,377,0,377,2130.33,19.14,1
20097,DECODE,377,0,377,2131.33,18.16,1
20098,DECODE,376,0,376,2133.10,17.21,1
20099,DECODE,376,0,376,2134.10,17.26,1
20100,DECODE,376,0,376,2135.10,16.77,1
20101,DECODE,375,0,375,2135.69,17.09,1
20102,DECODE,375,0,375,2136.69,17.10,1
20103,DECODE,375,0,375,2137.69,16.84,1
20104,DECODE,375,0,375,2138.69,16.99,1
20105,DECODE,374,0,374,2139.63,17.08,1
20106,DECODE,373,0,373,2140.33,17.45,1
20107,DECODE,373,0,373,2141.33,17.03,1
20108,DECODE,373,0,373,2142.33,16.82,1
20109,DECODE,373,0,373,2143.33,16.82,1
20110,DECODE,373,0,373,2144.33,16.81,1
20111,DECODE,373,0,373,2145.33,16.76,1
20112,DECODE,373,0,373,2146.33,16.93,1
20113,DECODE,373,0,373,2147.33,16.84,1
20114,DECODE,373,0,373,2148.33,16.83,1
20115,DECODE,373,0,373,2149.33,16.88,1
20116,DECODE,373,0,373,2150.33,16.94,1
20117,DECODE,373,0,373,2151.33,16.98,1
20118,DECODE,373,0,373,2152.33,16.98,1
20119,DECODE,373,0,373,2153.33,16.89,1
20120,DECODE,373,0,373,2154.33,16.90,1
20121,DECODE,373,0,373,2155.33,16.83,1
20122,DECODE,372,0,372,2156.12,17.21,1
20123,DECODE,372,0,372,2157.12,18.47,1
20124,DECODE,370,0,370,2155.94,17.14,1
20125,DECODE,370,0,370,2156.94,17.28,1
20126,DECODE,370,0,370,2157.94,16.82,1
20127,DECODE,370,0,370,2158.94,17.14,1
20128,DECODE,368,0,368,2158.92,17.57,1
20129,DECODE,368,0,368,2159.92,17.14,1
20130,DECODE,368,0,368,2160.92,16.79,1
20131,DECODE,368,0,368,2161.92,16.74,1
20132,DECODE,368,0,368,2162.92,16.87,1
20133,DECODE,368,0,368,2163.92,16.77,1
20134,DECODE,368,0,368,2164.92,16.82,1
20135,DECODE,368,0,368,2165.92,16.88,1
20136,DECODE,368,0,368,2166.92,16.88,1
20137,DECODE,368,0,368,2167.92,16.91,1
20138,DECODE,368,0,368,2168.92,16.95,1
20139,DECODE,368,0,368,2169.92,16.92,1
20140,DECODE,368,0,368,2170.92,17.00,1
20141,DECODE,368,0,368,2171.92,17.05,1
20142,DECODE,368,0,368,2172.92,17.42,1
20143,DECODE,368,0,368,2173.92,16.55,1
20144,DECODE,368,0,368,2174.92,17.08,1
20145,DECODE,368,0,368,2175.92,17.08,1
20146,DECODE,368,0,368,2176.92,17.12,1
20147,DECODE,368,0,368,2177.92,16.97,1
20148,DECODE,368,0,368,2178.92,17.19,1
20149,DECODE,368,0,368,2179.92,17.08,1
20150,DECODE,367,0,367,2181.65,17.42,1
20151,DECODE,367,0,367,2182.65,17.65,1
20152,DECODE,367,0,367,2183.65,16.99,1
20153,DECODE,367,0,367,2184.65,17.22,1
20154,DECODE,367,0,367,2185.65,17.26,1
20155,DECODE,366,0,366,2185.63,17.42,1
20156,DECODE,366,0,366,2186.63,17.38,1
20157,DECODE,366,0,366,2187.63,17.11,1
20158,DECODE,365,0,365,2188.72,17.48,1
20159,DECODE,364,0,364,2189.92,18.04,1
20160,DECODE,363,0,363,2189.90,17.83,1
20161,DECODE,363,0,363,2190.90,17.40,1
20162,DECODE,363,0,363,2191.90,17.06,1
20163,DECODE,362,0,362,2191.89,17.99,1
20164,DECODE,361,0,361,2191.87,17.63,1
20165,DECODE,361,0,361,2192.87,17.51,1
20166,DECODE,361,0,361,2193.87,17.14,1
20167,DECODE,361,0,361,2194.87,17.52,1
20168,DECODE,361,0,361,2195.87,17.14,1
20169,DECODE,361,0,361,2196.87,17.28,1
20170,DECODE,361,0,361,2197.87,16.98,1
20171,DECODE,361,0,361,2198.87,17.07,1
20172,DECODE,361,0,361,2199.87,16.97,1
20173,DECODE,361,0,361,2200.87,17.27,1
20174,DECODE,361,0,361,2201.87,17.01,1
20175,DECODE,361,0,361,2202.87,16.94,1
20176,DECODE,361,0,361,2203.87,17.01,1
20177,DECODE,361,0,361,2204.87,17.05,1
20178,DECODE,361,0,361,2205.87,17.05,1
20179,DECODE,361,0,361,2206.87,17.06,1
20180,DECODE,360,0,360,2207.44,17.44,1
20181,DECODE,360,0,360,2208.44,17.29,1
20182,DECODE,360,0,360,2209.44,16.78,1
20183,DECODE,360,0,360,2210.44,17.05,1
20184,DECODE,360,0,360,2211.44,16.89,1
20185,DECODE,360,0,360,2212.44,16.94,1
20186,DECODE,360,0,360,2213.44,16.94,1
20187,DECODE,360,0,360,2214.44,17.06,1
20188,DECODE,360,0,360,2215.44,16.95,1
20189,DECODE,360,0,360,2216.44,16.94,1
20190,DECODE,360,0,360,2217.44,16.84,1
20191,DECODE,360,0,360,2218.44,17.35,1
20192,DECODE,360,0,360,2219.44,16.02,1
20193,DECODE,359,0,359,2219.49,16.13,1
20194,DECODE,359,0,359,2220.49,16.11,1
20195,DECODE,359,0,359,2221.49,16.12,1
20196,DECODE,359,0,359,2222.49,16.31,1
20197,DECODE,359,0,359,2223.49,16.09,1
20198,DECODE,359,0,359,2224.49,16.24,1
20199,DECODE,358,0,358,2224.55,16.11,1
20200,DECODE,356,0,356,2223.67,16.10,1
20201,DECODE,355,0,355,2224.90,16.01,1
20202,DECODE,355,0,355,2225.90,16.23,1
20203,DECODE,355,0,355,2226.90,16.04,1
20204,DECODE,355,0,355,2227.90,16.09,1
20205,DECODE,355,0,355,2228.90,16.08,1
20206,DECODE,355,0,355,2229.90,16.10,1
20207,DECODE,354,0,354,2229.97,16.13,1
20208,DECODE,353,0,353,2230.04,16.14,1
20209,DECODE,353,0,353,2231.04,15.99,1
20210,DECODE,353,0,353,2232.04,16.03,1
20211,DECODE,353,0,353,2233.04,15.99,1
20212,DECODE,353,0,353,2234.04,15.97,1
20213,DECODE,353,0,353,2235.04,16.05,1
20214,DECODE,353,0,353,2236.04,16.05,1
20215,DECODE,353,0,353,2237.04,16.09,1
20216,DECODE,352,0,352,2237.86,16.02,1
20217,DECODE,352,0,352,2238.86,15.97,1
20218,DECODE,352,0,352,2239.86,15.99,1
20219,DECODE,351,0,351,2241.05,16.08,1
20220,DECODE,351,0,351,2242.05,16.03,1
20221,DECODE,351,0,351,2243.05,16.06,1
20222,DECODE,351,0,351,2244.05,16.02,1
20223,DECODE,351,0,351,2245.05,16.11,1
20224,DECODE,351,0,351,2246.05,16.12,1
20225,DECODE,351,0,351,2247.05,16.19,1
20226,DECODE,351,0,351,2248.05,16.09,1
20227,DECODE,351,0,351,2249.05,16.26,1
20228,DECODE,351,0,351,2250.05,16.10,1
20229,DECODE,351,0,351,2251.05,16.08,1
20230,DECODE,351,0,351,2252.05,15.98,1
20231,DECODE,351,0,351,2253.05,16.16,1
20232,DECODE,351,0,351,2254.05,16.03,1
20233,DECODE,350,0,350,2254.18,16.17,1
20234,DECODE,349,0,349,2254.30,16.26,1
20235,DECODE,349,0,349,2255.30,16.15,1
20236,DECODE,349,0,349,2256.30,16.15,1
20237,DECODE,349,0,349,2257.30,16.21,1
20238,DECODE,349,0,349,2258.30,16.16,1
20239,DECODE,349,0,349,2259.30,16.07,1
20240,DECODE,349,0,349,2260.30,16.15,1
20241,DECODE,349,0,349,2261.30,16.22,1
20242,DECODE,349,0,349,2262.30,16.20,1
20243,DECODE,349,0,349,2263.30,16.10,1
20244,DECODE,349,0,349,2264.30,16.11,1
20245,DECODE,349,0,349,2265.30,16.17,1
20246,DECODE,349,0,349,2266.30,16.21,1
20247,DECODE,349,0,349,2267.30,16.03,1
20248,DECODE,349,0,349,2268.30,16.10,1
20249,DECODE,348,0,348,2270.00,16.08,1
20250,DECODE,345,0,345,2268.48,16.13,1
20251,DECODE,345,0,345,2269.48,16.07,1
20252,DECODE,345,0,345,2270.48,16.14,1
20253,DECODE,345,0,345,2271.48,16.12,1
20254,DECODE,345,0,345,2272.48,16.20,1
20255,DECODE,344,0,344,2272.64,16.02,1
20256,DECODE,344,0,344,2273.64,15.90,1
20257,DECODE,344,0,344,2274.64,16.13,1
20258,DECODE,344,0,344,2275.64,16.20,1
20259,DECODE,344,0,344,2276.64,16.23,1
20260,DECODE,343,0,343,2278.26,17.48,1
20261,DECODE,343,0,343,2279.26,17.41,1
20262,DECODE,343,0,343,2280.26,17.11,1
20263,DECODE,343,0,343,2281.26,17.12,1
20264,DECODE,342,0,342,2282.45,17.46,1
20265,DECODE,342,0,342,2283.45,17.60,1
20266,DECODE,342,0,342,2284.45,17.24,1
20267,DECODE,342,0,342,2285.45,17.31,1
20268,DECODE,342,0,342,2286.45,17.39,1
20269,DECODE,342,0,342,2287.45,17.19,1
20270,DECODE,342,0,342,2288.45,17.13,1
20271,DECODE,342,0,342,2289.45,17.19,1
20272,DECODE,340,0,340,2289.26,17.57,1
20273,DECODE,340,0,340,2290.26,17.52,1
20274,DECODE,340,0,340,2291.26,17.21,1
20275,DECODE,339,0,339,2291.94,17.30,1
20276,DECODE,339,0,339,2292.94,17.42,1
20277,DECODE,338,0,338,2293.88,17.47,1
20278,DECODE,337,0,337,2294.09,17.84,1
20279,DECODE,337,0,337,2295.09,17.49,1
20280,DECODE,337,0,337,2296.09,17.28,1
20281,DECODE,336,0,336,2296.30,17.27,1
20282,EXTEND,1,91,0,94.00,38.92,1
20283,DECODE,336,0,336,2290.84,15.65,1
20284,EXTEND,2,119,0,65.50,16.43,1
20285,DECODE,337,0,337,2277.84,16.05,1
20286,EXTEND,2,88,0,49.00,16.27,1
20287,DECODE,339,0,339,2265.69,16.00,1
20288,DECODE,339,0,339,2266.69,16.15,1
20289,DECODE,339,0,339,2267.69,16.21,1
20290,DECODE,339,0,339,2268.69,16.19,1
20291,DECODE,339,0,339,2269.69,16.60,1
20292,DECODE,339,0,339,2270.69,17.09,1
20293,DECODE,339,0,339,2271.69,17.20,1
20294,DECODE,339,0,339,2272.69,17.32,1
20295,DECODE,339,0,339,2273.69,17.17,1
20296,DECODE,339,0,339,2274.69,17.25,1
20297,DECODE,339,0,339,2275.69,17.32,1
20298,DECODE,339,0,339,2276.69,17.37,1
20299,DECODE,339,0,339,2277.69,17.52,1
20300,DECODE,338,0,338,2277.85,17.60,1
20301,EXTEND,1,71,0,77.00,36.48,1
20302,DECODE,338,0,338,2271.51,16.94,1
20303,EXTEND,2,297,0,154.50,36.97,1
20304,DECODE,339,0,339,2260.42,16.09,1
20305,EXTEND,1,85,0,89.00,26.82,1
20306,DECODE,340,0,340,2255.04,16.07,1
20307,DECODE,340,0,340,2256.04,16.06,1
20308,DECODE,340,0,340,2257.04,16.21,1
20309,DECODE,340,0,340,2258.04,16.15,1
20310,DECODE,339,0,339,2258.14,15.58,1
20311,EXTEND,2,106,0,62.00,23.55,1
20312,DECODE,341,0,341,2246.26,15.31,1
20313,DECODE,341,0,341,2247.26,15.98,1
20314,DECODE,341,0,341,2248.26,15.37,1
20315,DECODE,341,0,341,2249.26,16.05,1
20316,DECODE,341,0,341,2250.26,16.05,1
20317,DECODE,340,0,340,2250.35,16.75,1
20318,EXTEND,3,153,0,57.33,36.29,1
20319,DECODE,341,0,341,2230.25,15.07,1
20320,EXTEND,2,277,0,143.00,40.92,1
20321,DECODE,342,0,342,2218.08,15.09,1
20322,EXTEND,2,117,0,63.00,16.73,1
20323,DECODE,344,0,344,2206.55,15.00,1
20324,DECODE,344,0,344,2207.55,15.14,1
20325,DECODE,344,0,344,2208.55,15.26,1
20326,DECODE,344,0,344,2209.55,15.19,1
20327,DECODE,344,0,344,2210.55,16.29,1
20328,DECODE,343,0,343,2210.53,15.19,1
20329,EXTEND,2,85,0,47.50,33.49,1
20330,DECODE,345,0,345,2198.99,15.55,1
20331,DECODE,345,0,345,2199.99,16.00,1
20332,DECODE,345,0,345,2200.99,15.85,1
20333,DECODE,345,0,345,2201.99,15.87,1
20334,DECODE,345,0,345,2202.99,16.19,1
20335,DECODE,345,0,345,2203.99,16.26,1
20336,DECODE,344,0,344,2203.96,16.44,1
20337,EXTEND,2,108,0,58.50,35.42,1
20338,DECODE,346,0,346,2192.55,15.61,1
20339,DECODE,346,0,346,2193.55,16.01,1
20340,DECODE,346,0,346,2194.55,15.86,1
20341,DECODE,346,0,346,2195.55,16.11,1
20342,DECODE,345,0,345,2195.94,16.25,1
20343,EXTEND,2,148,0,80.50,34.64,1
20344,DECODE,347,0,347,2184.75,15.70,1
20345,DECODE,347,0,347,2185.75,16.36,1
20346,DECODE,346,0,346,2186.51,15.39,1
20347,EXTEND,1,67,0,71.00,27.52,1
20348,DECODE,347,0,347,2181.41,15.24,1
20349,DECODE,347,0,347,2182.41,15.30,1
20350,DECODE,347,0,347,2183.41,16.27,1
20351,DECODE,346,0,346,2183.90,16.37,1
20352,EXTEND,2,227,0,118.50,36.15,1
20353,DECODE,348,0,348,2173.03,15.21,1
20354,DECODE,348,0,348,2174.03,15.17,1
20355,DECODE,348,0,348,2175.03,15.42,1
20356,DECODE,348,0,348,2176.03,15.34,1
20357,DECODE,347,0,347,2175.92,16.46,1
20358,EXTEND,2,118,0,63.00,35.12,1
20359,DECODE,348,0,348,2163.68,15.25,1
20360,EXTEND,2,204,0,106.00,34.08,1
20361,DECODE,349,0,349,2151.75,15.35,1
20362,EXTEND,2,87,0,49.00,26.21,1
20363,DECODE,351,0,351,2140.77,15.19,1
20364,DECODE,351,0,351,2141.77,15.13,1
20365,DECODE,351,0,351,2142.77,15.30,1
20366,DECODE,351,0,351,2143.77,15.19,1
20367,DECODE,350,0,350,2143.58,15.35,1
20368,EXTEND,2,127,0,70.00,16.67,1
20369,DECODE,350,0,350,2130.36,15.44,1
20370,EXTEND,3,568,0,194.00,16.34,1
20371,DECODE,353,0,353,2114.90,15.16,1
20372,DECODE,353,0,353,2115.90,15.20,1
20373,DECODE,353,0,353,2116.90,15.34,1
20374,DECODE,353,0,353,2117.90,15.51,1
20375,DECODE,353,0,353,2118.90,16.77,1
20376,DECODE,352,0,352,2118.65,15.77,1
20377,EXTEND,2,120,0,67.00,30.14,1
20378,DECODE,353,0,353,2106.78,15.48,1
20379,EXTEND,2,90,0,56.00,16.70,1
20380,DECODE,355,0,355,2096.23,15.16,1
20381,DECODE,355,0,355,2097.23,15.21,1
20382,DECODE,355,0,355,2098.23,15.52,1
20383,DECODE,355,0,355,2099.23,15.22,1
20384,DECODE,354,0,354,2098.92,16.87,1
20385,EXTEND,2,125,0,68.50,17.00,1
20386,DECODE,355,0,355,2087.19,15.17,1
20387,EXTEND,2,178,0,95.00,22.97,1
20388,DECODE,354,0,354,2072.94,15.26,1
20389,EXTEND,4,534,0,139.00,16.85,1
20390,DECODE,357,0,357,2051.05,15.25,1
20391,EXTEND,3,1467,0,493.33,22.61,1
20392,DECODE,358,0,358,2036.16,15.16,1
20393,EXTEND,4,2046,0,516.25,20.65,1
20394,DECODE,361,0,361,2018.87,15.10,1
20395,EXTEND,2,819,0,413.50,16.37,1
20396,DECODE,363,0,363,2011.02,14.93,1
20397,DECODE,363,0,363,2012.02,15.09,1
20398,DECODE,360,0,360,2008.46,15.16,1
20399,EXTEND,4,1617,0,408.75,20.38,1
20400,DECODE,362,0,362,1988.74,15.21,1
20401,EXTEND,4,1663,0,420.75,23.03,1
20402,DECODE,366,0,366,1972.60,14.87,1
20403,DECODE,366,0,366,1973.60,14.94,1
20404,DECODE,366,0,366,1974.60,15.48,1
20405,DECODE,366,0,366,1975.60,15.07,1
20406,DECODE,364,0,364,1973.39,16.27,1
20407,EXTEND,6,2171,0,366.17,25.20,1
20408,DECODE,367,0,367,1944.03,15.21,1
20409,EXTEND,4,1620,0,410.50,20.95,1
20410,DECODE,371,0,371,1928.50,15.00,1
20411,DECODE,371,0,371,1929.50,14.92,1
20412,DECODE,371,0,371,1930.50,14.92,1
20413,DECODE,370,0,370,1929.80,15.37,1
20414,EXTEND,4,1589,0,401.75,24.79,1
20415,DECODE,373,0,373,1913.34,14.91,1
20416,EXTEND,2,1057,0,536.50,21.95,1
20417,DECODE,374,0,374,1905.25,14.87,1
20418,EXTEND,2,1115,0,563.50,16.75,1
20419,DECODE,376,0,376,1899.11,14.71,1
20420,DECODE,376,0,376,1900.11,14.82,1
20421,DECODE,375,0,375,1899.35,15.84,1
20422,EXTEND,2,975,0,492.50,17.28,1
20423,DECODE,376,0,376,1891.11,14.65,1
20424,EXTEND,2,932,0,471.50,16.31,1
20425,DECODE,378,0,378,1884.60,14.82,1
20426,DECODE,378,0,378,1885.60,14.88,1
20427,DECODE,377,0,377,1884.81,15.02,1
20428,EXTEND,3,971,0,328.33,17.31,1
20429,DECODE,379,0,379,1871.71,14.78,1
20430,EXTEND,1,458,0,462.00,16.60,1
20431,DECODE,380,0,380,1869.00,14.76,1
20432,DECODE,380,0,380,1870.00,15.24,1
20433,DECODE,380,0,380,1871.00,14.96,1
20434,DECODE,379,0,379,1870.18,15.08,1
20435,EXTEND,2,897,0,460.00,17.04,1
20436,DECODE,381,0,381,1863.78,14.78,1
20437,DECODE,381,0,381,1864.78,14.89,1
20438,DECODE,380,0,380,1864.19,15.01,1
20439,EXTEND,2,887,0,455.00,16.90,1
20440,DECODE,381,0,381,1855.97,14.96,1
20441,EXTEND,2,883,0,450.00,17.20,1
20442,DECODE,380,0,380,1844.02,14.68,1
20443,EXTEND,4,1747,0,444.50,20.25,1
20444,DECODE,384,0,384,1830.44,14.79,1
20445,DECODE,384,0,384,1831.44,14.77,1
20446,DECODE,384,0,384,1832.44,14.86,1
20447,DECODE,383,0,383,1832.09,14.92,1
20448,EXTEND,4,1983,0,502.00,23.01,1
20449,DECODE,386,0,386,1817.42,14.92,1
20450,EXTEND,2,953,0,483.50,17.29,1
20451,DECODE,387,0,387,1809.61,15.08,1
20452,EXTEND,2,949,0,478.50,16.53,1
20453,DECODE,389,0,389,1803.77,14.79,1
20454,DECODE,389,0,389,1804.77,14.98,1
20455,DECODE,389,0,389,1805.77,15.21,1
20456,DECODE,387,0,387,1802.87,16.30,1
20457,EXTEND,3,1410,0,474.33,17.84,1
20458,DECODE,390,0,390,1793.65,14.94,1
20459,DECODE,390,0,390,1794.65,14.95,1
20460,DECODE,390,0,390,1795.65,15.06,1
20461,DECODE,387,0,387,1790.73,15.34,1
20462,EXTEND,7,3209,0,465.57,33.81,1
20463,DECODE,390,0,390,1761.04,14.88,1
20464,EXTEND,5,2078,0,424.60,36.69,1
20465,DECODE,393,0,393,1740.98,15.07,1
20466,EXTEND,4,1955,0,495.00,35.88,1
20467,DECODE,396,0,396,1727.33,14.83,1
20468,EXTEND,3,1434,0,484.33,27.27,1
20469,DECODE,398,0,398,1717.18,14.80,1
20470,EXTEND,3,1407,0,477.67,33.79,1
20471,DECODE,401,0,401,1708.91,15.25,1
20472,DECODE,401,0,401,1709.91,15.25,1
20473,DECODE,400,0,400,1709.20,14.70,1
20474,EXTEND,2,1054,0,537.00,27.97,1
20475,DECODE,402,0,402,1704.37,15.05,1
20476,DECODE,402,0,402,1705.37,15.16,1
20477,DECODE,401,0,401,1704.23,15.17,1
20478,EXTEND,2,1003,0,510.00,32.31,1
20479,DECODE,403,0,403,1699.31,15.05,1
20480,DECODE,403,0,403,1700.31,15.12,1
20481,DECODE,403,0,403,1701.31,15.29,1
20482,DECODE,402,0,402,1700.17,15.18,1
20483,EXTEND,3,1496,0,504.00,35.71,1
20484,DECODE,404,0,404,1690.52,14.98,1
20485,EXTEND,2,985,0,501.00,27.10,1
20486,DECODE,406,0,406,1685.66,14.98,1
20487,DECODE,406,0,406,1686.66,15.07,1
20488,DECODE,405,0,405,1685.50,16.55,1
20489,EXTEND,3,1477,0,496.67,21.98,1
20490,DECODE,407,0,407,1676.00,14.88,1
20491,EXTEND,2,974,0,493.50,16.13,1
20492,DECODE,408,0,408,1669.04,14.87,1
20493,EXTEND,2,974,0,493.50,16.11,1
20494,DECODE,409,0,409,1662.12,14.78,1
20495,EXTEND,2,1241,0,623.50,28.57,1
20496,DECODE,409,0,409,1653.65,15.49,1
20497,EXTEND,3,1157,0,391.67,25.15,1
20498,DECODE,411,0,411,1643.24,15.00,1
20499,EXTEND,3,1546,0,519.67,19.76,1
20500,DECODE,413,0,413,1633.86,14.87,1
20501,EXTEND,2,1023,0,518.50,44.82,1
20502,DECODE,414,0,414,1627.24,15.03,1
20503,EXTEND,2,1014,0,513.50,19.84,1
20504,DECODE,415,0,415,1620.62,14.81,1
20505,EXTEND,2,992,0,501.50,17.04,1
20506,DECODE,415,0,415,1611.71,14.59,1
20507,EXTEND,3,1841,0,618.67,20.63,1
20508,DECODE,417,0,417,1603.29,14.69,1
20509,EXTEND,3,1607,0,539.33,19.93,1
20510,DECODE,419,0,419,1594.39,14.45,1
20511,EXTEND,2,1051,0,529.50,22.69,1
20512,DECODE,419,0,419,1586.01,14.94,1
20513,EXTEND,3,1543,0,522.33,19.85,1
20514,DECODE,422,0,422,1579.45,14.42,1
20515,DECODE,422,0,422,1580.45,14.50,1
20516,DECODE,421,0,421,1579.12,14.71,1
20517,EXTEND,3,1520,0,512.67,24.00,1
20518,DECODE,423,0,423,1570.24,14.37,1
20519,EXTEND,3,1890,0,635.00,20.11,1
20520,DECODE,425,0,425,1562.31,14.57,1
20521,EXTEND,2,636,0,323.50,16.66,1
20522,DECODE,427,0,427,1557.51,14.36,1
20523,DECODE,427,0,427,1558.51,14.52,1
20524,DECODE,426,0,426,1557.16,14.96,1
20525,EXTEND,3,1225,0,412.67,21.98,1
20526,DECODE,427,0,427,1545.42,14.30,1
20527,EXTEND,3,1624,0,547.67,20.59,1
20528,DECODE,429,0,429,1537.08,14.32,1
20529,EXTEND,3,1591,0,537.00,16.57,1
20530,DECODE,432,0,432,1531.14,14.31,1
20531,DECODE,432,0,432,1532.14,14.80,1
20532,DECODE,432,0,432,1533.14,14.43,1
20533,DECODE,431,0,431,1531.75,14.50,1
20534,EXTEND,3,2035,0,682.33,22.24,1
20535,DECODE,434,0,434,1526.88,14.65,1
20536,DECODE,434,0,434,1527.88,14.69,1
20537,DECODE,434,0,434,1528.88,14.82,1
20538,DECODE,433,0,433,1527.50,14.81,1
20539,EXTEND,3,1684,0,569.33,24.51,1
20540,DECODE,435,0,435,1519.52,15.21,1
20541,EXTEND,2,1110,0,559.50,21.19,1
20542,DECODE,437,0,437,1516.13,14.73,1
20543,DECODE,437,0,437,1517.13,14.77,1
20544,DECODE,432,0,432,1506.06,14.48,1
20545,EXTEND,6,3341,0,561.83,25.34,1
20546,DECODE,436,0,436,1489.23,14.58,1
20547,EXTEND,5,2885,0,584.80,20.84,1
20548,DECODE,440,0,440,1477.52,14.47,1
20549,EXTEND,4,1757,0,445.25,23.20,1
20550,DECODE,443,0,443,1466.76,14.57,1
20551,EXTEND,3,1789,0,603.00,21.06,1
20552,DECODE,445,0,445,1459.48,14.59,1
20553,EXTEND,3,1746,0,587.67,23.37,1
20554,DECODE,448,0,448,1454.64,14.62,1
20555,DECODE,448,0,448,1455.64,14.66,1
20556,DECODE,448,0,448,1456.64,14.78,1
20557,DECODE,447,0,447,1455.17,14.91,1
20558,EXTEND,3,1724,0,582.33,26.15,1
20559,DECODE,448,0,448,1445.40,14.97,1
20560,EXTEND,3,1687,0,567.67,25.31,1
20561,DECODE,449,0,449,1435.57,15.05,1
20562,EXTEND,4,2440,0,614.75,23.00,1
20563,DECODE,453,0,453,1429.33,14.60,1
20564,DECODE,453,0,453,1430.33,14.73,1
20565,DECODE,452,0,452,1428.83,14.97,1
20566,EXTEND,3,1808,0,617.67,21.58,1
20567,DECODE,453,0,453,1419.47,14.63,1
20568,EXTEND,4,2346,0,595.75,22.86,1
20569,DECODE,457,0,457,1413.26,14.83,1
20570,DECODE,457,0,457,1414.26,14.64,1
20571,DECODE,455,0,455,1410.22,14.86,1
20572,EXTEND,6,3157,0,531.17,31.67,1
20573,DECODE,459,0,459,1394.72,14.78,1
20574,EXTEND,3,1839,0,622.00,23.28,1
20575,DECODE,462,0,462,1390.70,14.67,1
20576,DECODE,462,0,462,1391.70,14.65,1
20577,DECODE,461,0,461,1390.17,14.80,1
20578,EXTEND,5,2999,0,605.00,24.12,1
20579,DECODE,463,0,463,1375.11,14.58,1
20580,EXTEND,4,2556,0,643.00,22.97,1
20581,DECODE,467,0,467,1369.84,14.64,1
20582,DECODE,467,0,467,1370.84,14.73,1
20583,DECODE,466,0,466,1369.29,14.84,1
20584,EXTEND,4,2496,0,630.00,25.09,1
20585,DECODE,466,0,466,1353.94,14.78,1
20586,EXTEND,5,2451,0,497.20,23.02,1
20587,DECODE,469,0,469,1340.91,14.56,1
20588,EXTEND,5,3268,0,658.20,21.22,1
20589,DECODE,473,0,473,1332.12,14.90,1
20590,EXTEND,4,2537,0,639.00,22.99,1
20591,DECODE,474,0,474,1319.50,14.63,1
20592,EXTEND,5,3298,0,669.00,22.05,1
20593,DECODE,479,0,479,1313.71,14.66,1
20594,DECODE,479,0,479,1314.71,14.83,1
20595,DECODE,478,0,478,1313.11,15.78,1
20596,EXTEND,4,2783,0,699.50,23.91,1
20597,DECODE,478,0,478,1298.55,14.56,1
20598,EXTEND,5,3216,0,649.20,23.14,1
20599,DECODE,483,0,483,1292.82,14.68,1
20600,DECODE,483,0,483,1293.82,14.85,1
20601,DECODE,483,0,483,1294.82,16.39,1
20602,DECODE,482,0,482,1293.20,14.82,1
20603,EXTEND,6,3447,0,582.17,34.98,1
20604,DECODE,485,0,485,1278.14,14.85,1
20605,EXTEND,5,2184,0,441.40,31.42,1
20606,DECODE,488,0,488,1265.32,14.68,1
20607,EXTEND,5,3433,0,690.80,23.97,1
20608,DECODE,493,0,493,1260.49,14.64,1
20609,DECODE,493,0,493,1261.49,14.64,1
20610,DECODE,493,0,493,1262.49,14.67,1
20611,DECODE,493,0,493,1263.49,15.30,1
20612,DECODE,493,0,493,1264.49,15.08,1
20613,DECODE,493,0,493,1265.49,15.15,1
20614,DECODE,491,0,491,1261.22,16.67,1
20615,EXTEND,6,3613,0,606.33,34.84,1
20616,DECODE,496,0,496,1251.68,14.57,1
20617,EXTEND,4,2711,0,684.00,20.57,1
20618,DECODE,499,0,499,1245.51,14.66,1
20619,EXTEND,3,2345,0,786.33,22.63,1
20620,DECODE,501,0,501,1241.14,14.75,1
20621,EXTEND,3,811,0,275.33,16.82,1
20622,DECODE,504,0,504,1236.39,14.61,1
20623,DECODE,504,0,504,1237.39,14.63,1
20624,DECODE,504,0,504,1238.39,15.10,1
20625,DECODE,504,0,504,1239.39,14.92,1
20626,DECODE,503,0,503,1237.76,15.72,1
20627,EXTEND,4,2826,0,712.25,35.73,1
20628,DECODE,505,0,505,1229.36,14.75,1
20629,EXTEND,3,2328,0,784.33,24.76,1
20630,DECODE,507,0,507,1225.11,14.66,1
20631,EXTEND,3,1499,0,507.67,21.09,1
20632,DECODE,510,0,510,1221.89,14.51,1
20633,DECODE,510,0,510,1222.89,14.61,1
20634,DECODE,508,0,508,1218.62,14.64,1
20635,EXTEND,4,2819,0,717.25,25.20,1
20636,DECODE,512,0,512,1215.71,14.58,1
20637,DECODE,512,0,512,1216.71,14.56,1
20638,DECODE,511,0,511,1215.08,15.21,1
20639,EXTEND,4,2916,0,738.50,22.44,1
20640,DECODE,512,0,512,1204.64,14.80,1
20641,EXTEND,4,2872,0,726.75,24.11,1
20642,DECODE,515,0,515,1199.30,18.64,1
20643,EXTEND,4,2422,0,611.50,21.18,1
20644,DECODE,519,0,519,1195.77,17.04,1
20645,DECODE,519,0,519,1196.77,17.02,1
20646,DECODE,516,0,516,1189.84,18.39,1
20647,EXTEND,7,4741,0,683.71,30.22,1
20648,DECODE,520,0,520,1176.69,16.98,1
20649,EXTEND,5,4013,0,810.20,25.35,1
20650,DECODE,525,0,525,1174.20,17.02,1
20651,DECODE,525,0,525,1175.20,16.82,1
20652,DECODE,523,0,523,1170.97,16.79,1
20653,EXTEND,5,4099,0,832.80,26.22,1
20654,DECODE,528,0,528,1168.76,16.78,1
20655,DECODE,528,0,528,1169.76,16.70,1
20656,DECODE,527,0,527,1168.13,18.18,1
20657,EXTEND,7,3313,0,478.14,22.85,1
20658,DECODE,530,0,530,1149.51,28.76,1
20659,EXTEND,6,2618,0,442.17,31.59,1
20660,DECODE,535,0,535,1139.94,17.44,1
20661,EXTEND,5,543,0,114.80,16.10,1
20662,DECODE,540,0,540,1131.45,16.99,1
20663,DECODE,540,0,540,1132.45,16.94,1
20664,DECODE,540,0,540,1133.45,17.15,1
20665,DECODE,540,0,540,1134.45,16.93,1
20666,DECODE,537,0,537,1127.49,17.11,1
20667,EXTEND,8,4968,0,628.38,31.30,1
20668,DECODE,543,0,543,1115.86,17.61,1
20669,EXTEND,5,4125,0,831.40,26.33,1
20670,DECODE,547,0,547,1111.62,18.13,1
20671,EXTEND,4,3304,0,833.50,22.54,1
20672,DECODE,549,0,549,1105.32,16.96,1
20673,EXTEND,4,1058,0,270.50,22.59,1
20674,DECODE,553,0,553,1100.28,17.06,1
20675,DECODE,553,0,553,1101.28,16.80,1
20676,DECODE,552,0,552,1099.64,17.12,1
20677,EXTEND,5,1981,0,402.20,30.23,1
20678,DECODE,556,0,556,1091.74,16.90,1
20679,EXTEND,3,1833,0,625.33,25.43,1
20680,DECODE,558,0,558,1087.60,17.81,1
20681,EXTEND,3,1806,0,611.33,23.53,1
20682,DECODE,560,0,560,1083.42,16.86,1
20683,EXTEND,3,2610,0,875.00,22.82,1
20684,DECODE,563,0,563,1083.31,17.34,1
20685,DECODE,563,0,563,1084.31,17.43,1
20686,DECODE,559,0,559,1074.75,17.24,1
20687,EXTEND,6,3816,0,643.83,38.56,1
20688,DECODE,562,0,562,1063.23,22.50,1
20689,EXTEND,6,4686,0,790.83,32.88,1
20690,DECODE,567,0,567,1058.71,17.30,1
20691,EXTEND,5,2910,0,594.20,22.33,1
20692,DECODE,571,0,571,1053.01,17.22,1
20693,EXTEND,4,2808,0,711.00,22.30,1
20694,DECODE,573,0,573,1046.37,17.23,1
20695,EXTEND,4,2738,0,693.00,23.60,1
20696,DECODE,577,0,577,1044.92,17.26,1
20697,DECODE,577,0,577,1045.92,17.02,1
20698,DECODE,576,0,576,1044.29,17.15,1
20699,EXTEND,6,4685,0,786.83,28.56,1
20700,DECODE,577,0,577,1029.48,17.24,1
20701,EXTEND,5,4713,0,949.00,29.74,1
20702,DECODE,579,0,579,1021.86,17.59,1
20703,EXTEND,7,3093,0,447.43,21.40,1
20704,DECODE,585,0,585,1013.36,17.13,1
20705,EXTEND,5,3893,0,787.60,24.61,1
20706,DECODE,588,0,588,1007.19,17.15,1
20707,EXTEND,6,1411,0,240.00,16.21,1
20708,DECODE,592,0,592,995.17,17.02,1
20709,EXTEND,6,3331,0,561.00,23.84,1
20710,DECODE,596,0,596,986.55,17.00,1
20711,EXTEND,5,4288,0,865.40,27.46,1
20712,DECODE,601,0,601,986.54,17.10,1
20713,DECODE,601,0,601,987.54,17.14,1
20714,DECODE,600,0,600,985.92,16.72,1
20715,EXTEND,4,3343,0,852.75,23.87,1
20716,DECODE,602,0,602,980.81,17.20,1
20717,EXTEND,5,3399,0,690.40,21.67,1
20718,DECODE,606,0,606,976.81,17.10,1
20719,EXTEND,4,1346,0,341.75,21.07,1
20720,DECODE,610,0,610,973.64,17.09,1
20721,DECODE,610,0,610,974.64,17.00,1
20722,DECODE,608,0,608,970.43,17.14,1
20723,EXTEND,5,4490,0,903.40,27.68,1
20724,DECODE,612,0,612,968.28,17.27,1
20725,EXTEND,4,1368,0,346.75,16.31,1
20726,DECODE,616,0,616,965.25,16.84,1
20727,DECODE,616,0,616,966.25,16.77,1
20728,DECODE,615,0,615,964.66,17.07,1
20729,EXTEND,8,1577,0,201.38,16.34,1
20730,DECODE,619,0,619,945.48,17.47,1
20731,EXTEND,6,3949,0,663.00,25.24,1
20732,DECODE,624,0,624,941.18,17.28,1
20733,EXTEND,5,2950,0,598.00,22.98,1
20734,DECODE,627,0,627,934.29,17.09,1
20735,EXTEND,4,4959,0,1245.75,30.98,1
20736,DECODE,629,0,629,932.10,17.61,1
20737,EXTEND,5,3820,0,771.20,27.38,1
20738,DECODE,631,0,631,924.09,17.03,1
20739,EXTEND,6,2963,0,500.00,22.60,1
20740,DECODE,634,0,634,913.34,17.40,1
20741,EXTEND,7,4319,0,622.14,27.96,1
20742,DECODE,638,0,638,903.41,17.41,1
20743,EXTEND,8,3123,0,397.38,22.16,1
20744,DECODE,644,0,644,892.98,17.34,1
20745,EXTEND,6,5836,0,977.33,35.09,1
20746,DECODE,648,0,648,889.62,17.26,1
20747,EXTEND,5,4330,0,872.60,27.35,1
20748,DECODE,649,0,649,880.20,17.43,1
20749,EXTEND,7,4645,0,669.29,29.12,1
20750,DECODE,654,0,654,873.81,17.14,1
20751,EXTEND,6,6401,0,1071.67,37.66,1
20752,DECODE,657,0,657,868.92,17.58,1
20753,EXTEND,8,568,0,77.25,15.87,1
20754,DECODE,664,0,664,857.84,17.03,1
20755,EXTEND,6,3765,0,632.67,26.27,1
20756,DECODE,670,0,670,856.82,17.54,1
20757,DECODE,670,0,670,857.82,17.30,1
20758,DECODE,669,0,669,856.28,17.36,1
20759,EXTEND,7,5199,0,749.43,31.74,1
20760,DECODE,672,0,672,846.02,17.36,1
20761,EXTEND,7,1961,0,284.86,22.98,1
20762,DECODE,678,0,678,838.70,17.24,1
20763,EXTEND,7,372,0,58.29,16.32,1
20764,DECODE,684,0,684,829.20,17.52,1
20765,EXTEND,7,513,0,80.14,16.00,1
20766,DECODE,690,0,690,820.10,17.09,1
20767,EXTEND,6,417,0,75.33,22.79,1
20768,DECODE,695,0,695,812.16,17.44,1
20769,EXTEND,6,379,0,70.33,21.83,1
20770,DECODE,700,0,700,804.31,17.22,1
20771,EXTEND,6,316,0,58.33,22.65,1
20772,DECODE,702,0,702,788.94,17.28,1
20773,EXTEND,9,496,0,60.44,16.21,1
20774,DECODE,711,0,711,780.71,17.69,1
20775,DECODE,711,0,711,781.71,18.72,1
20776,DECODE,711,0,711,782.71,17.46,1
20777,DECODE,711,0,711,783.71,17.55,1
20778,DECODE,710,0,710,782.21,17.42,1
20779,EXTEND,10,624,0,69.10,15.93,1
20780,DECODE,720,0,720,773.31,17.32,1
20781,DECODE,720,0,720,774.31,17.09,1
20782,DECODE,718,0,718,770.33,17.80,1
20783,EXTEND,10,700,0,76.00,15.82,1
20784,DECODE,727,0,727,759.32,17.72,1
20785,EXTEND,9,581,0,70.00,15.91,1
20786,DECODE,735,0,735,749.43,17.73,1
20787,EXTEND,9,596,0,71.67,15.68,1
20788,DECODE,744,0,744,742.24,17.52,1
20789,DECODE,744,0,744,743.24,17.21,1
20790,DECODE,742,0,742,739.34,17.52,1
20791,EXTEND,11,940,0,92.00,16.06,1
20792,DECODE,751,0,751,726.01,18.08,1
20793,EXTEND,10,695,0,76.90,27.43,1
20794,DECODE,761,0,761,718.48,25.71,1
20795,DECODE,761,0,761,719.48,17.46,1
20796,DECODE,759,0,759,715.63,19.12,1
20797,EXTEND,13,816,0,68.00,16.33,1
20798,DECODE,770,0,770,700.91,22.03,1
20799,EXTEND,10,697,0,79.00,16.36,1
20800,DECODE,779,0,779,691.54,17.38,1
20801,EXTEND,10,500,0,57.90,22.47,1
20802,DECODE,788,0,788,682.13,19.07,1
20803,EXTEND,9,518,0,62.89,24.04,1
20804,DECODE,797,0,797,676.13,18.19,1
20805,DECODE,797,0,797,677.13,17.90,1
20806,DECODE,796,0,796,675.77,18.07,1
20807,EXTEND,9,579,0,74.33,24.07,1
20808,DECODE,803,0,803,665.34,19.23,1
20809,EXTEND,10,684,0,73.30,16.85,1
20810,DECODE,813,0,813,659.05,18.74,1
20811,DECODE,813,0,813,660.05,19.25,1
20812,DECODE,812,0,812,658.71,19.69,1
20813,EXTEND,10,937,0,100.30,17.39,1
20814,DECODE,822,0,822,652.92,19.17,1
20815,DECODE,822,0,822,653.92,19.42,1
20816,DECODE,822,0,822,654.92,18.57,1
20817,DECODE,822,0,822,655.92,18.35,1
20818,DECODE,822,0,822,656.92,17.63,1
20819,DECODE,822,0,822,657.92,17.63,1
20820,DECODE,822,0,822,658.92,17.56,1
20821,DECODE,822,0,822,659.92,17.64,1
20822,DECODE,822,0,822,660.92,17.58,1
20823,DECODE,822,0,822,661.92,17.89,1
20824,DECODE,822,0,822,662.92,17.68,1
20825,DECODE,822,0,822,663.92,17.77,1
20826,DECODE,822,0,822,664.92,18.67,1
20827,DECODE,822,0,822,665.92,18.04,1
20828,DECODE,822,0,822,666.92,17.68,1
20829,DECODE,822,0,822,667.92,17.84,1
20830,DECODE,822,0,822,668.92,17.83,1
20831,DECODE,822,0,822,669.92,17.92,1
20832,DECODE,822,0,822,670.92,17.79,1
20833,DECODE,822,0,822,671.92,18.01,1
20834,DECODE,822,0,822,672.92,17.93,1
20835,DECODE,821,0,821,671.62,17.94,1
20836,EXTEND,16,956,0,67.06,15.96,1
20837,DECODE,837,0,837,661.07,18.14,1
20838,DECODE,837,0,837,662.07,18.06,1
20839,DECODE,837,0,837,663.07,18.12,1
20840,DECODE,836,0,836,661.80,19.86,1
20841,EXTEND,16,1137,0,76.44,15.61,1
20842,DECODE,852,0,852,651.80,17.79,1
20843,DECODE,852,0,852,652.80,18.00,1
20844,DECODE,852,0,852,653.80,17.84,1
20845,DECODE,852,0,852,654.80,17.98,1
20846,DECODE,852,0,852,655.80,17.93,1
20847,DECODE,852,0,852,656.80,17.93,1
20848,DECODE,852,0,852,657.80,17.92,1
20849,DECODE,852,0,852,658.80,17.94,1
20850,DECODE,852,0,852,659.80,17.91,1
20851,DECODE,852,0,852,660.80,17.89,1
20852,DECODE,852,0,852,661.80,18.31,1
20853,DECODE,852,0,852,662.80,18.08,1
20854,DECODE,851,0,851,661.57,18.16,1
20855,EXTEND,19,1215,0,68.53,20.94,1
20856,DECODE,868,0,868,645.41,18.00,1
20857,EXTEND,18,1628,0,95.28,21.10,1
20858,DECODE,886,0,886,635.23,18.59,1
20859,DECODE,886,0,886,636.23,18.60,1
20860,DECODE,886,0,886,637.23,18.55,1
20861,DECODE,886,0,886,638.23,18.64,1
20862,DECODE,886,0,886,639.23,18.32,1
20863,DECODE,886,0,886,640.23,18.39,1
20864,DECODE,886,0,886,641.23,18.31,1
20865,DECODE,886,0,886,642.23,18.45,1
20866,DECODE,886,0,886,643.23,18.45,1
20867,DECODE,886,0,886,644.23,18.46,1
20868,DECODE,886,0,886,645.23,18.41,1
20869,DECODE,886,0,886,646.23,18.61,1
20870,DECODE,886,0,886,647.23,18.49,1
20871,DECODE,886,0,886,648.23,18.35,1
20872,DECODE,886,0,886,649.23,18.48,1
20873,DECODE,886,0,886,650.23,18.90,1
20874,DECODE,886,0,886,651.23,18.57,1
20875,DECODE,886,0,886,652.23,18.61,1
20876,DECODE,886,0,886,653.23,18.47,1
20877,DECODE,886,0,886,654.23,18.60,1
20878,DECODE,886,0,886,655.23,18.57,1
20879,DECODE,886,0,886,656.23,18.45,1
20880,DECODE,886,0,886,657.23,18.57,1
20881,DECODE,886,0,886,658.23,18.64,1
20882,DECODE,886,0,886,659.23,18.67,1
20883,DECODE,886,0,886,660.23,18.57,1
20884,DECODE,886,0,886,661.23,18.60,1
20885,DECODE,886,0,886,662.23,18.65,1
20886,DECODE,886,0,886,663.23,18.53,1
20887,DECODE,886,0,886,664.23,18.54,1
20888,DECODE,886,0,886,665.23,18.56,1
20889,DECODE,886,0,886,666.23,18.67,1
20890,DECODE,885,0,885,667.01,18.71,1
20891,EXTEND,15,1499,0,105.67,16.23,1
20892,DECODE,900,0,900,658.65,18.40,1
20893,DECODE,900,0,900,659.65,18.39,1
20894,DECODE,900,0,900,660.65,18.43,1
20895,DECODE,900,0,900,661.65,18.52,1
20896,DECODE,900,0,900,662.65,19.03,1
20897,DECODE,900,0,900,663.65,18.71,1
20898,DECODE,900,0,900,664.65,18.43,1
20899,DECODE,900,0,900,665.65,18.64,1
20900,DECODE,899,0,899,664.54,18.73,1
20901,DECODE,899,0,899,665.54,18.84,1
20902,DECODE,899,0,899,666.54,19.35,1
20903,DECODE,899,0,899,667.54,19.46,1
20904,DECODE,899,0,899,668.54,18.88,1
20905,DECODE,899,0,899,669.54,19.02,1
20906,DECODE,897,0,897,666.33,18.82,1
20907,DECODE,897,0,897,667.33,18.88,1
20908,DECODE,897,0,897,668.33,18.76,1
20909,DECODE,897,0,897,669.33,18.86,1
20910,DECODE,897,0,897,670.33,18.90,1
20911,DECODE,896,0,896,669.22,18.46,1
20912,DECODE,896,0,896,670.22,18.54,1
20913,DECODE,896,0,896,671.22,18.87,1
20914,DECODE,895,0,895,670.11,19.10,1
20915,DECODE,895,0,895,671.11,19.05,1
20916,DECODE,895,0,895,672.11,19.82,1
20917,DECODE,894,0,894,671.00,18.60,1
20918,DECODE,894,0,894,672.00,18.67,1
20919,DECODE,894,0,894,673.00,18.71,1
20920,DECODE,893,0,893,671.88,18.76,1
20921,DECODE,893,0,893,672.88,18.73,1
20922,DECODE,893,0,893,673.88,18.67,1
20923,DECODE,892,0,892,674.62,18.52,1
20924,DECODE,892,0,892,675.62,18.73,1
20925,DECODE,891,0,891,674.50,19.12,1
20926,DECODE,891,0,891,675.50,20.96,1
20927,DECODE,891,0,891,676.50,18.87,1
20928,DECODE,890,0,890,675.39,18.77,1
20929,DECODE,889,0,889,674.27,18.91,1
20930,DECODE,888,0,888,673.14,18.65,1
20931,DECODE,888,0,888,674.14,18.52,1
20932,DECODE,888,0,888,675.14,18.59,1
20933,DECODE,888,0,888,676.14,18.52,1
20934,DECODE,888,0,888,677.14,18.65,1
20935,DECODE,888,0,888,678.14,18.55,1
20936,DECODE,887,0,887,677.02,19.34,1
20937,DECODE,887,0,887,678.02,20.15,1
20938,DECODE,887,0,887,679.02,18.84,1
20939,DECODE,887,0,887,680.02,18.89,1
20940,DECODE,886,0,886,678.90,18.81,1
20941,DECODE,885,0,885,677.77,18.76,1
20942,DECODE,885,0,885,678.77,19.16,1
20943,DECODE,885,0,885,679.77,18.80,1
20944,DECODE,885,0,885,680.77,21.23,1
20945,DECODE,884,0,884,679.65,18.51,1
20946,DECODE,884,0,884,680.65,18.41,1
20947,DECODE,884,0,884,681.65,18.50,1
20948,DECODE,883,0,883,680.52,18.74,1
20949,DECODE,882,0,882,679.39,18.79,1
20950,DECODE,881,0,881,678.25,18.71,1
20951,DECODE,881,0,881,679.25,18.70,1
20952,DECODE,880,0,880,678.12,18.58,1
20953,DECODE,879,0,879,676.98,18.64,1
20954,DECODE,879,0,879,677.98,18.55,1
20955,DECODE,879,0,879,678.98,18.50,1
20956,DECODE,879,0,879,679.98,18.65,1
20957,DECODE,879,0,879,680.98,18.57,1
20958,DECODE,879,0,879,681.98,18.52,1
20959,DECODE,878,0,878,680.84,18.55,1
20960,DECODE,878,0,878,681.84,18.59,1
20961,DECODE,878,0,878,682.84,20.77,1
20962,DECODE,878,0,878,683.84,18.49,1
20963,DECODE,877,0,877,682.70,19.64,1
20964,DECODE,875,0,875,679.41,19.37,1
20965,DECODE,875,0,875,680.41,18.86,1
20966,DECODE,875,0,875,681.41,18.96,1
20967,DECODE,875,0,875,682.41,21.61,1
20968,DECODE,875,0,875,683.41,19.61,1
20969,DECODE,875,0,875,684.41,18.87,1
20970,DECODE,875,0,875,685.41,18.79,1
20971,DECODE,875,0,875,686.41,18.79,1
20972,DECODE,873,0,873,683.11,18.86,1
20973,DECODE,872,0,872,681.96,18.44,1
20974,DECODE,871,0,871,680.81,18.68,1
20975,DECODE,871,0,871,681.81,18.70,1
20976,DECODE,871,0,871,682.81,18.78,1
20977,DECODE,871,0,871,683.81,18.77,1
20978,DECODE,871,0,871,684.81,18.86,1
20979,DECODE,870,0,870,683.65,18.78,1
20980,DECODE,869,0,869,682.49,18.81,1
20981,DECODE,869,0,869,683.49,18.72,1
20982,DECODE,869,0,869,684.49,18.78,1
20983,DECODE,869,0,869,685.49,18.96,1
20984,DECODE,868,0,868,684.33,18.66,1
20985,DECODE,868,0,868,685.33,18.61,1
20986,DECODE,867,0,867,684.17,18.94,1
20987,DECODE,866,0,866,683.00,19.03,1
20988,DECODE,866,0,866,684.00,18.77,1
20989,DECODE,866,0,866,685.00,18.66,1
20990,DECODE,866,0,866,686.00,18.67,1
20991,DECODE,866,0,866,687.00,18.80,1
20992,DECODE,866,0,866,688.00,19.55,1
20993,DECODE,866,0,866,689.00,18.96,1
20994,DECODE,866,0,866,690.00,18.70,1
20995,DECODE,866,0,866,691.00,18.81,1
20996,DECODE,865,0,865,689.84,18.99,1
20997,DECODE,865,0,865,690.84,18.86,1
20998,DECODE,865,0,865,691.84,18.87,1
20999,DECODE,865,0,865,692.84,18.86,1
21000,DECODE,865,0,865,693.84,18.94,1
21001,DECODE,865,0,865,694.84,18.88,1
21002,DECODE,865,0,865,695.84,18.99,1
21003,DECODE,864,0,864,694.69,18.66,1
21004,DECODE,864,0,864,695.69,18.62,1
21005,DECODE,864,0,864,696.69,18.86,1
21006,DECODE,864,0,864,697.69,18.74,1
21007,DECODE,864,0,864,698.69,18.66,1
21008,DECODE,864,0,864,699.69,18.70,1
21009,DECODE,864,0,864,700.69,18.72,1
21010,DECODE,864,0,864,701.69,18.81,1
21011,DECODE,864,0,864,702.69,18.73,1
21012,DECODE,864,0,864,703.69,18.73,1
21013,DECODE,864,0,864,704.69,18.75,1
21014,DECODE,863,0,863,704.87,18.86,1
21015,DECODE,863,0,863,705.87,18.88,1
21016,DECODE,863,0,863,706.87,19.41,1
21017,DECODE,863,0,863,707.87,18.94,1
21018,DECODE,863,0,863,708.87,18.95,1
21019,DECODE,863,0,863,709.87,18.92,1
21020,DECODE,863,0,863,710.87,19.11,1
21021,DECODE,863,0,863,711.87,18.99,1
21022,DECODE,863,0,863,712.87,18.94,1
21023,DECODE,862,0,862,713.56,18.70,1
21024,DECODE,861,0,861,713.89,18.84,1
21025,DECODE,860,0,860,712.74,18.54,1
21026,DECODE,860,0,860,713.74,18.49,1
21027,DECODE,860,0,860,714.74,18.48,1
21028,DECODE,859,0,859,715.50,18.86,1
21029,DECODE,859,0,859,716.50,19.01,1
21030,DECODE,859,0,859,717.50,18.96,1
21031,DECODE,859,0,859,718.50,18.97,1
21032,DECODE,859,0,859,719.50,18.93,1
21033,DECODE,859,0,859,720.50,18.96,1
21034,DECODE,859,0,859,721.50,19.32,1
21035,DECODE,859,0,859,722.50,19.15,1
21036,DECODE,859,0,859,723.50,19.09,1
21037,DECODE,859,0,859,724.50,19.08,1
21038,DECODE,859,0,859,725.50,19.58,1
21039,DECODE,859,0,859,726.50,21.09,1
21040,DECODE,859,0,859,727.50,19.08,1
21041,DECODE,859,0,859,728.50,19.12,1
21042,DECODE,859,0,859,729.50,19.15,1
21043,DECODE,859,0,859,730.50,19.19,1
21044,DECODE,859,0,859,731.50,19.11,1
21045,DECODE,859,0,859,732.50,19.13,1
21046,DECODE,859,0,859,733.50,19.43,1
21047,DECODE,859,0,859,734.50,19.35,1
21048,DECODE,858,0,858,733.38,19.27,1
21049,DECODE,858,0,858,734.38,19.32,1
21050,DECODE,858,0,858,735.38,19.25,1
21051,DECODE,858,0,858,736.38,19.14,1
21052,DECODE,858,0,858,737.38,19.13,1
21053,DECODE,858,0,858,738.38,19.16,1
21054,DECODE,858,0,858,739.38,19.10,1
21055,DECODE,858,0,858,740.38,19.17,1
21056,DECODE,858,0,858,741.38,19.06,1
21057,DECODE,858,0,858,742.38,19.19,1
21058,DECODE,858,0,858,743.38,19.10,1
21059,DECODE,857,0,857,744.20,19.37,1
21060,DECODE,857,0,857,745.20,19.30,1
21061,DECODE,857,0,857,746.20,19.15,1
21062,DECODE,857,0,857,747.20,19.39,1
21063,DECODE,857,0,857,748.20,19.28,1
21064,DECODE,856,0,856,747.08,18.91,1
21065,DECODE,856,0,856,748.08,18.83,1
21066,DECODE,856,0,856,749.08,18.93,1
21067,DECODE,856,0,856,750.08,19.02,1
21068,DECODE,856,0,856,751.08,18.89,1
21069,DECODE,856,0,856,752.08,18.90,1
21070,DECODE,856,0,856,753.08,18.91,1
21071,DECODE,856,0,856,754.08,19.45,1
21072,DECODE,856,0,856,755.08,19.18,1
21073,DECODE,856,0,856,756.08,18.94,1
21074,DECODE,856,0,856,757.08,19.12,1
21075,DECODE,856,0,856,758.08,19.00,1
21076,DECODE,856,0,856,759.08,18.94,1
21077,DECODE,856,0,856,760.08,19.02,1
21078,DECODE,856,0,856,761.08,19.00,1
21079,DECODE,856,0,856,762.08,19.41,1
21080,DECODE,854,0,854,760.07,19.11,1
21081,DECODE,854,0,854,761.07,19.36,1
21082,DECODE,854,0,854,762.07,19.27,1
21083,DECODE,854,0,854,763.07,19.26,1
21084,DECODE,854,0,854,764.07,19.18,1
21085,DECODE,853,0,853,762.97,19.39,1
21086,DECODE,853,0,853,763.97,19.43,1
21087,DECODE,853,0,853,764.97,19.33,1
21088,DECODE,853,0,853,765.97,19.50,1
21089,DECODE,852,0,852,766.63,19.09,1
21090,DECODE,852,0,852,767.63,19.07,1
21091,DECODE,852,0,852,768.63,18.98,1
21092,DECODE,852,0,852,769.63,19.06,1
21093,DECODE,852,0,852,770.63,19.01,1
21094,DECODE,850,0,850,770.71,19.25,1
21095,DECODE,850,0,850,771.71,19.18,1
21096,DECODE,850,0,850,772.71,19.32,1
21097,DECODE,849,0,849,772.90,19.50,1
21098,DECODE,849,0,849,773.90,19.52,1
21099,DECODE,849,0,849,774.90,19.64,1
21100,DECODE,849,0,849,775.90,19.71,1
21101,DECODE,849,0,849,776.90,19.49,1
21102,DECODE,849,0,849,777.90,19.59,1
21103,DECODE,849,0,849,778.90,19.51,1
21104,DECODE,849,0,849,779.90,19.59,1
21105,DECODE,849,0,849,780.90,19.62,1
21106,DECODE,848,0,848,781.50,19.32,1
21107,DECODE,848,0,848,782.50,19.28,1
21108,DECODE,848,0,848,783.50,19.41,1
21109,DECODE,847,0,847,783.42,20.03,1
21110,DECODE,847,0,847,784.42,19.59,1
21111,DECODE,847,0,847,785.42,19.56,1
21112,DECODE,847,0,847,786.42,19.55,1
21113,DECODE,847,0,847,787.42,19.36,1
21114,DECODE,847,0,847,788.42,19.53,1
21115,DECODE,847,0,847,789.42,19.70,1
21116,DECODE,847,0,847,790.42,19.66,1
21117,DECODE,847,0,847,791.42,19.65,1
21118,DECODE,847,0,847,792.42,20.37,1
21119,DECODE,847,0,847,793.42,19.85,1
21120,DECODE,847,0,847,794.42,19.66,1
21121,DECODE,847,0,847,795.42,19.68,1
21122,DECODE,847,0,847,796.42,19.72,1
21123,DECODE,847,0,847,797.42,19.96,1
21124,DECODE,846,0,846,797.96,19.70,1
21125,DECODE,846,0,846,798.96,19.73,1
21126,DECODE,846,0,846,799.96,19.61,1
21127,DECODE,846,0,846,800.96,19.57,1
21128,DECODE,846,0,846,801.96,19.54,1
21129,DECODE,846,0,846,802.96,19.48,1
21130,DECODE,846,0,846,803.96,19.55,1
21131,DECODE,845,0,845,803.50,19.62,1
21132,DECODE,843,0,843,803.66,19.73,1
21133,DECODE,843,0,843,804.66,19.56,1
21134,DECODE,843,0,843,805.66,19.60,1
21135,DECODE,842,0,842,806.14,19.54,1
21136,DECODE,842,0,842,807.14,19.62,1
21137,DECODE,842,0,842,808.14,19.44,1
21138,DECODE,842,0,842,809.14,19.57,1
21139,DECODE,842,0,842,810.14,19.51,1
21140,DECODE,842,0,842,811.14,19.68,1
21141,DECODE,842,0,842,812.14,19.55,1
21142,DECODE,842,0,842,813.14,19.73,1
21143,DECODE,842,0,842,814.14,19.52,1
21144,DECODE,841,0,841,814.71,19.54,1
21145,DECODE,841,0,841,815.71,19.52,1
21146,DECODE,841,0,841,816.71,19.62,1
21147,DECODE,840,0,840,817.14,19.33,1
21148,DECODE,840,0,840,818.14,19.48,1
21149,DECODE,840,0,840,819.14,19.34,1
21150,DECODE,840,0,840,820.14,19.68,1
21151,DECODE,840,0,840,821.14,19.36,1
21152,DECODE,840,0,840,822.14,19.30,1
21153,DECODE,840,0,840,823.14,19.28,1
21154,DECODE,840,0,840,824.14,19.35,1
21155,DECODE,840,0,840,825.14,19.34,1
21156,DECODE,840,0,840,826.14,19.46,1
21157,DECODE,840,0,840,827.14,19.35,1
21158,DECODE,840,0,840,828.14,19.32,1
21159,DECODE,840,0,840,829.14,19.38,1
21160,DECODE,840,0,840,830.14,19.30,1
21161,DECODE,840,0,840,831.14,19.28,1
21162,DECODE,840,0,840,832.14,19.25,1
21163,DECODE,840,0,840,833.14,19.23,1
21164,DECODE,840,0,840,834.14,19.36,1
21165,DECODE,840,0,840,835.14,19.30,1
21166,DECODE,840,0,840,836.14,19.41,1
21167,DECODE,840,0,840,837.14,19.35,1
21168,DECODE,838,0,838,837.28,19.44,1
21169,DECODE,838,0,838,838.28,19.43,1
21170,DECODE,838,0,838,839.28,19.45,1
21171,DECODE,838,0,838,840.28,19.55,1
21172,DECODE,838,0,838,841.28,19.58,1
21173,DECODE,838,0,838,842.28,19.52,1
21174,DECODE,838,0,838,843.28,19.61,1
21175,DECODE,838,0,838,844.28,19.50,1
21176,DECODE,838,0,838,845.28,19.70,1
21177,DECODE,837,0,837,845.69,19.65,1
21178,DECODE,837,0,837,846.69,19.71,1
21179,DECODE,837,0,837,847.69,19.88,1
21180,DECODE,837,0,837,848.69,19.59,1
21181,DECODE,837,0,837,849.69,19.61,1
21182,DECODE,837,0,837,850.69,19.63,1
21183,DECODE,837,0,837,851.69,19.63,1
21184,DECODE,837,0,837,852.69,19.53,1
21185,DECODE,837,0,837,853.69,19.59,1
21186,DECODE,837,0,837,854.69,19.64,1
21187,DECODE,837,0,837,855.69,19.66,1
21188,DECODE,836,0,836,856.05,19.57,1
21189,DECODE,836,0,836,857.05,19.34,1
21190,DECODE,836,0,836,858.05,19.38,1
21191,DECODE,836,0,836,859.05,19.33,1
21192,DECODE,836,0,836,860.05,19.41,1
21193,DECODE,836,0,836,861.05,19.38,1
21194,DECODE,836,0,836,862.05,19.44,1
21195,DECODE,836,0,836,863.05,19.42,1
21196,DECODE,836,0,836,864.05,19.46,1
21197,DECODE,836,0,836,865.05,19.44,1
21198,DECODE,836,0,836,866.05,19.47,1
21199,DECODE,836,0,836,867.05,19.53,1
21200,DECODE,836,0,836,868.05,19.47,1
21201,DECODE,836,0,836,869.05,19.58,1
21202,DECODE,836,0,836,870.05,19.68,1
21203,DECODE,836,0,836,871.05,19.63,1
21204,DECODE,836,0,836,872.05,19.82,1
21205,DECODE,836,0,836,873.05,19.68,1
21206,DECODE,836,0,836,874.05,19.77,1
21207,DECODE,836,0,836,875.05,19.66,1
21208,DECODE,836,0,836,876.05,19.68,1
21209,DECODE,836,0,836,877.05,19.68,1
21210,DECODE,836,0,836,878.05,19.69,1
21211,DECODE,836,0,836,879.05,19.74,1
21212,DECODE,836,0,836,880.05,19.81,1
21213,DECODE,836,0,836,881.05,19.78,1
21214,DECODE,836,0,836,882.05,19.83,1
21215,DECODE,836,0,836,883.05,19.75,1
21216,DECODE,836,0,836,884.05,19.84,1
21217,DECODE,836,0,836,885.05,19.84,1
21218,DECODE,836,0,836,886.05,19.78,1
21219,DECODE,836,0,836,887.05,19.82,1
21220,DECODE,836,0,836,888.05,20.04,1
21221,DECODE,836,0,836,889.05,19.86,1
21222,DECODE,836,0,836,890.05,19.83,1
21223,DECODE,836,0,836,891.05,21.91,1
21224,DECODE,836,0,836,892.05,20.05,1
21225,DECODE,836,0,836,893.05,19.90,1
21226,DECODE,836,0,836,894.05,19.91,1
21227,DECODE,836,0,836,895.05,19.96,1
21228,DECODE,835,0,835,895.09,20.24,1
21229,DECODE,835,0,835,896.09,20.21,1
21230,DECODE,835,0,835,897.09,20.17,1
21231,DECODE,835,0,835,898.09,20.13,1
21232,DECODE,835,0,835,899.09,20.21,1
21233,DECODE,835,0,835,900.09,20.26,1
21234,DECODE,835,0,835,901.09,20.35,1
21235,DECODE,835,0,835,902.09,20.56,1
21236,DECODE,835,0,835,903.09,20.50,1
21237,DECODE,835,0,835,904.09,20.54,1
21238,DECODE,834,0,834,904.77,20.80,1
21239,DECODE,834,0,834,905.77,20.40,1
21240,DECODE,834,0,834,906.77,20.49,1
21241,DECODE,834,0,834,907.77,20.41,1
21242,DECODE,834,0,834,908.77,20.50,1
21243,DECODE,833,0,833,909.19,20.47,1
21244,DECODE,833,0,833,910.19,20.58,1
21245,DECODE,832,0,832,910.45,20.39,1
21246,DECODE,832,0,832,911.45,20.47,1
21247,DECODE,832,0,832,912.45,22.61,1
21248,DECODE,832,0,832,913.45,21.17,1
21249,DECODE,832,0,832,914.45,20.52,1
21250,DECODE,832,0,832,915.45,20.58,1
21251,DECODE,832,0,832,916.45,20.42,1
21252,DECODE,832,0,832,917.45,20.64,1
21253,DECODE,832,0,832,918.45,20.42,1
21254,DECODE,832,0,832,919.45,20.49,1
21255,DECODE,832,0,832,920.45,20.78,1
21256,DECODE,832,0,832,921.45,20.43,1
21257,DECODE,832,0,832,922.45,20.46,1
21258,DECODE,832,0,832,923.45,20.49,1
21259,DECODE,832,0,832,924.45,20.62,1
21260,DECODE,832,0,832,925.45,20.65,1
21261,DECODE,832,0,832,926.45,20.52,1
21262,DECODE,832,0,832,927.45,20.42,1
21263,DECODE,832,0,832,928.45,20.39,1
21264,DECODE,832,0,832,929.45,20.42,1
21265,DECODE,832,0,832,930.45,20.42,1
21266,DECODE,832,0,832,931.45,20.43,1
21267,DECODE,832,0,832,932.45,20.47,1
21268,DECODE,832,0,832,933.45,20.66,1
21269,DECODE,832,0,832,934.45,20.55,1
21270,DECODE,832,0,832,935.45,20.58,1
21271,DECODE,832,0,832,936.45,20.69,1
21272,DECODE,832,0,832,937.45,20.68,1
21273,DECODE,832,0,832,938.45,20.63,1
21274,DECODE,831,0,831,938.97,20.72,1
21275,DECODE,831,0,831,939.97,20.74,1
21276,DECODE,831,0,831,940.97,20.91,1
21277,DECODE,831,0,831,941.97,20.84,1
21278,DECODE,831,0,831,942.97,20.71,1
21279,DECODE,831,0,831,943.97,20.81,1
21280,DECODE,831,0,831,944.97,20.80,1
21281,DECODE,831,0,831,945.97,20.93,1
21282,DECODE,831,0,831,946.97,20.76,1
21283,DECODE,831,0,831,947.97,20.83,1
21284,DECODE,831,0,831,948.97,20.81,1
21285,DECODE,831,0,831,949.97,20.78,1
21286,DECODE,831,0,831,950.97,20.70,1
21287,DECODE,831,0,831,951.97,20.82,1
21288,DECODE,831,0,831,952.97,20.86,1
21289,DECODE,830,0,830,953.68,21.19,1
21290,DECODE,830,0,830,954.68,20.86,1
21291,DECODE,830,0,830,955.68,20.83,1
21292,DECODE,830,0,830,956.68,20.74,1
21293,DECODE,830,0,830,957.68,20.79,1
21294,DECODE,830,0,830,958.68,20.57,1
21295,DECODE,830,0,830,959.68,20.67,1
21296,DECODE,830,0,830,960.68,20.66,1
21297,DECODE,829,0,829,961.27,20.77,1
21298,DECODE,829,0,829,962.27,20.63,1
21299,DECODE,828,0,828,962.31,20.35,1
21300,DECODE,828,0,828,963.31,20.43,1
21301,DECODE,828,0,828,964.31,20.43,1
21302,DECODE,827,0,827,963.91,20.71,1
21303,DECODE,827,0,827,964.91,20.62,1
21304,DECODE,827,0,827,965.91,20.76,1
21305,DECODE,827,0,827,966.91,20.82,1
21306,DECODE,827,0,827,967.91,20.77,1
21307,DECODE,827,0,827,968.91,20.74,1
21308,DECODE,827,0,827,969.91,20.85,1
21309,DECODE,827,0,827,970.91,20.78,1
21310,DECODE,827,0,827,971.91,20.81,1
21311,DECODE,827,0,827,972.91,20.67,1
21312,DECODE,827,0,827,973.91,20.81,1
21313,DECODE,827,0,827,974.91,21.22,1
21314,DECODE,827,0,827,975.91,20.64,1
21315,DECODE,826,0,826,976.66,20.65,1
21316,DECODE,826,0,826,977.66,20.68,1
21317,DECODE,826,0,826,978.66,21.00,1
21318,DECODE,826,0,826,979.66,20.52,1
21319,DECODE,826,0,826,980.66,20.50,1
21320,DECODE,826,0,826,981.66,20.53,1
21321,DECODE,826,0,826,982.66,20.55,1
21322,DECODE,826,0,826,983.66,20.65,1
21323,DECODE,825,0,825,984.30,20.62,1
21324,DECODE,825,0,825,985.30,20.78,1
21325,DECODE,825,0,825,986.30,20.74,1
21326,DECODE,825,0,825,987.30,21.49,1
21327,DECODE,825,0,825,988.30,20.83,1
21328,DECODE,825,0,825,989.30,21.00,1
21329,DECODE,825,0,825,990.30,20.96,1
21330,DECODE,825,0,825,991.30,20.92,1
21331,DECODE,825,0,825,992.30,20.93,1
21332,DECODE,825,0,825,993.30,21.04,1
21333,DECODE,825,0,825,994.30,21.04,1
21334,DECODE,825,0,825,995.30,21.03,1
21335,DECODE,825,0,825,996.30,20.90,1
21336,DECODE,825,0,825,997.30,21.12,1
21337,DECODE,825,0,825,998.30,21.18,1
21338,DECODE,825,0,825,999.30,21.15,1
21339,DECODE,825,0,825,1000.30,21.03,1
21340,DECODE,824,0,824,1001.62,20.85,1
21341,DECODE,822,0,822,1003.45,20.94,1
21342,DECODE,821,0,821,1004.05,20.86,1
21343,DECODE,821,0,821,1005.05,20.92,1
21344,DECODE,819,0,819,1007.09,21.03,1
21345,DECODE,818,0,818,1008.63,20.98,1
21346,DECODE,817,0,817,1010.21,20.99,1
21347,DECODE,815,0,815,1012.41,20.84,1
21348,DECODE,813,0,813,1014.64,21.18,1
21349,DECODE,812,0,812,1016.27,20.58,1
21350,DECODE,810,0,810,1018.54,20.77,1
21351,DECODE,808,0,808,1020.32,20.56,1
21352,DECODE,808,0,808,1021.32,20.65,1
21353,DECODE,806,0,806,1023.25,20.84,1
21354,DECODE,805,0,805,1024.78,21.01,1
21355,DECODE,804,0,804,1026.33,20.49,1
21356,DECODE,802,0,802,1028.43,20.86,1
21357,DECODE,801,0,801,1029.99,20.94,1
21358,DECODE,800,0,800,1031.55,20.24,1
21359,DECODE,798,0,798,1033.72,20.37,1
21360,DECODE,797,0,797,1035.31,20.74,1
21361,DECODE,795,0,795,1037.51,20.62,1
21362,DECODE,794,0,794,1039.13,20.56,1
21363,DECODE,792,0,792,1041.38,20.18,1
21364,DECODE,791,0,791,1043.01,20.66,1
21365,DECODE,790,0,790,1044.56,20.39,1
21366,DECODE,788,0,788,1046.70,20.24,1
21367,DECODE,787,0,787,1048.28,20.50,1
21368,DECODE,785,0,785,1050.45,20.51,1
21369,DECODE,784,0,784,1052.04,20.12,1
21370,DECODE,783,0,783,1053.63,20.53,1
21371,DECODE,781,0,781,1055.83,20.45,1
21372,DECODE,780,0,780,1057.43,20.41,1
21373,DECODE,779,0,779,1059.03,20.56,1
21374,DECODE,777,0,777,1061.27,20.64,1
21375,DECODE,776,0,776,1062.91,20.35,1
21376,DECODE,775,0,775,1064.54,20.57,1
21377,DECODE,773,0,773,1066.85,20.55,1
21378,DECODE,772,0,772,1068.51,20.60,1
21379,DECODE,771,0,771,1068.93,20.55,1
21380,DECODE,771,0,771,1069.93,20.74,1
21381,DECODE,770,0,770,1071.39,20.58,1
21382,DECODE,769,0,769,1072.96,20.63,1
21383,DECODE,767,0,767,1075.13,20.45,1
21384,DECODE,766,0,766,1076.73,20.38,1
21385,DECODE,765,0,765,1078.33,20.55,1
21386,DECODE,764,0,764,1079.93,20.35,1
21387,DECODE,762,0,762,1082.17,20.35,1
21388,DECODE,761,0,761,1083.79,20.75,1
21389,DECODE,760,0,760,1082.85,20.11,1
21390,DECODE,760,0,760,1083.85,20.11,1
21391,DECODE,760,0,760,1084.85,20.11,1
21392,DECODE,759,0,759,1086.48,20.50,1
21393,DECODE,758,0,758,1088.11,20.52,1
21394,DECODE,757,0,757,1089.74,20.73,1
21395,DECODE,755,0,755,1092.03,20.68,1
21396,DECODE,754,0,754,1093.68,20.48,1
21397,DECODE,753,0,753,1095.25,20.48,1
21398,DECODE,752,0,752,1096.82,20.41,1
21399,DECODE,751,0,751,1098.40,20.54,1
21400,DECODE,750,0,750,1098.96,20.41,1
21401,DECODE,749,0,749,1099.52,20.52,1
21402,DECODE,749,0,749,1100.52,20.64,1
21403,DECODE,748,0,748,1100.28,20.37,1
21404,DECODE,747,0,747,1101.04,20.73,1
21405,DECODE,747,0,747,1102.04,20.60,1
21406,DECODE,747,0,747,1103.04,20.64,1
21407,DECODE,746,0,746,1103.75,20.43,1
21408,DECODE,746,0,746,1104.75,20.50,1
21409,DECODE,746,0,746,1105.75,20.40,1
21410,DECODE,744,0,744,1107.97,20.20,1
21411,DECODE,743,0,743,1109.61,20.71,1
21412,DECODE,742,0,742,1111.25,20.45,1
21413,DECODE,741,0,741,1112.89,20.68,1
21414,DECODE,740,0,740,1114.53,20.49,1
21415,DECODE,739,0,739,1116.18,20.64,1
21416,DECODE,737,0,737,1118.51,20.67,1
21417,DECODE,736,0,736,1119.21,20.16,1
21418,DECODE,736,0,736,1120.21,20.14,1
21419,DECODE,735,0,735,1121.88,20.78,1
21420,DECODE,734,0,734,1123.56,20.40,1
21421,DECODE,733,0,733,1125.25,20.55,1
21422,DECODE,731,0,731,1127.13,20.65,1
21423,DECODE,731,0,731,1128.13,20.57,1
21424,DECODE,730,0,730,1129.64,20.32,1
21425,DECODE,729,0,729,1131.25,20.44,1
21426,DECODE,728,0,728,1132.09,19.92,1
21427,DECODE,727,0,727,1133.71,20.65,1
21428,DECODE,726,0,726,1135.35,20.26,1
21429,DECODE,725,0,725,1137.00,20.36,1
21430,DECODE,724,0,724,1138.65,20.15,1
21431,DECODE,723,0,723,1140.30,20.32,1
21432,DECODE,722,0,722,1141.97,20.16,1
21433,DECODE,721,0,721,1143.64,20.36,1
21434,DECODE,720,0,720,1145.21,19.79,1
21435,DECODE,719,0,719,1146.79,20.12,1
21436,DECODE,718,0,718,1148.40,20.00,1
21437,DECODE,717,0,717,1150.02,19.98,1
21438,DECODE,716,0,716,1149.57,19.73,1
21439,DECODE,716,0,716,1150.57,19.68,1
21440,DECODE,716,0,716,1151.57,19.76,1
21441,DECODE,715,0,715,1153.19,20.04,1
21442,DECODE,714,0,714,1154.84,19.92,1
21443,DECODE,713,0,713,1156.50,20.13,1
21444,DECODE,712,0,712,1158.17,19.71,1
21445,DECODE,711,0,711,1159.84,20.15,1
21446,DECODE,710,0,710,1161.54,19.90,1
21447,DECODE,709,0,709,1163.13,19.92,1
21448,DECODE,708,0,708,1164.73,19.69,1
21449,DECODE,707,0,707,1166.34,20.01,1
21450,DECODE,706,0,706,1167.98,20.06,1
21451,DECODE,705,0,705,1169.64,20.35,1
21452,DECODE,704,0,704,1171.31,20.21,1
21453,DECODE,703,0,703,1172.99,20.01,1
21454,DECODE,702,0,702,1174.68,20.01,1
21455,DECODE,701,0,701,1176.38,20.07,1
21456,DECODE,700,0,700,1177.99,19.66,1
21457,DECODE,699,0,699,1178.84,20.00,1
21458,DECODE,698,0,698,1180.47,19.86,1
21459,DECODE,697,0,697,1182.14,20.14,1
21460,DECODE,696,0,696,1183.82,19.71,1
21461,DECODE,696,0,696,1184.82,19.68,1
21462,DECODE,695,0,695,1186.51,20.03,1
21463,DECODE,694,0,694,1188.20,19.94,1
21464,DECODE,693,0,693,1189.90,20.09,1
21465,DECODE,692,0,692,1191.62,19.72,1
21466,DECODE,691,0,691,1193.34,19.67,1
21467,DECODE,690,0,690,1193.87,19.85,1
21468,DECODE,690,0,690,1194.87,19.66,1
21469,DECODE,689,0,689,1196.51,19.67,1
21470,DECODE,688,0,688,1198.18,19.51,1
21471,DECODE,687,0,687,1199.87,19.57,1
21472,DECODE,686,0,686,1201.57,19.75,1
21473,DECODE,685,0,685,1203.28,19.69,1
21474,DECODE,684,0,684,1205.00,19.81,1
21475,DECODE,683,0,683,1206.72,20.65,1
21476,DECODE,682,0,682,1206.37,19.76,1
21477,DECODE,681,0,681,1206.87,20.13,1
21478,DECODE,681,0,681,1207.87,20.01,1
21479,DECODE,681,0,681,1208.87,19.72,1
21480,DECODE,681,0,681,1209.87,19.95,1
21481,DECODE,680,0,680,1211.59,19.46,1
21482,DECODE,679,0,679,1213.33,20.18,1
21483,DECODE,678,0,678,1215.07,19.93,1
21484,DECODE,678,0,678,1216.07,19.74,1
21485,DECODE,677,0,677,1217.69,19.68,1
21486,DECODE,676,0,676,1219.33,19.61,1
21487,DECODE,675,0,675,1221.00,19.67,1
21488,DECODE,674,0,674,1222.68,19.65,1
21489,DECODE,673,0,673,1224.36,19.96,1
21490,DECODE,672,0,672,1226.07,19.74,1
21491,DECODE,671,0,671,1227.79,19.98,1
21492,DECODE,670,0,670,1229.51,19.81,1
21493,DECODE,669,0,669,1231.24,19.93,1
21494,DECODE,669,0,669,1232.24,19.93,1
21495,DECODE,668,0,668,1233.99,19.56,1
21496,DECODE,667,0,667,1235.64,19.89,1
21497,DECODE,666,0,666,1237.34,19.81,1
21498,DECODE,665,0,665,1239.04,19.67,1
21499,DECODE,664,0,664,1240.76,19.73,1
21500,DECODE,663,0,663,1242.47,20.00,1
21501,DECODE,662,0,662,1244.19,19.79,1
21502,DECODE,662,0,662,1245.19,19.84,1
21503,DECODE,661,0,661,1246.92,20.01,1
21504,DECODE,660,0,660,1248.66,19.58,1
21505,DECODE,659,0,659,1250.41,19.78,1
21506,DECODE,658,0,658,1252.17,19.67,1
21507,DECODE,657,0,657,1253.94,19.69,1
21508,DECODE,656,0,656,1255.71,19.49,1
21509,DECODE,655,0,655,1257.49,19.64,1
21510,DECODE,655,0,655,1258.49,19.70,1
21511,DECODE,654,0,654,1260.15,19.57,1
21512,DECODE,653,0,653,1261.83,19.67,1
21513,DECODE,652,0,652,1263.54,19.55,1
21514,DECODE,651,0,651,1265.27,19.57,1
21515,DECODE,650,0,650,1267.01,19.72,1
21516,DECODE,650,0,650,1268.01,19.77,1
21517,DECODE,649,0,649,1269.76,19.65,1
21518,DECODE,648,0,648,1271.51,19.37,1
21519,DECODE,647,0,647,1273.30,19.70,1
21520,DECODE,646,0,646,1275.09,19.66,1
21521,DECODE,645,0,645,1276.88,19.62,1
21522,DECODE,645,0,645,1277.88,19.46,1
21523,DECODE,644,0,644,1279.37,19.41,1
21524,DECODE,643,0,643,1281.04,19.68,1
21525,DECODE,642,0,642,1282.74,19.39,1
21526,DECODE,642,0,642,1283.74,20.45,1
21527,DECODE,641,0,641,1285.45,19.76,1
21528,DECODE,640,0,640,1287.20,19.32,1
21529,DECODE,639,0,639,1288.96,19.44,1
21530,DECODE,638,0,638,1290.74,19.37,1
21531,DECODE,638,0,638,1291.74,19.50,1
21532,DECODE,637,0,637,1293.54,19.41,1
21533,DECODE,636,0,636,1295.35,19.19,1
21534,DECODE,635,0,635,1297.17,19.44,1
21535,DECODE,634,0,634,1299.00,19.37,1
21536,DECODE,634,0,634,1300.00,19.58,1
21537,DECODE,633,0,633,1301.68,19.44,1
21538,DECODE,632,0,632,1302.42,19.24,1
21539,DECODE,632,0,632,1303.42,19.43,1
21540,DECODE,631,0,631,1305.16,19.46,1
21541,DECODE,631,0,631,1306.16,19.43,1
21542,DECODE,630,0,630,1307.95,19.62,1
21543,DECODE,629,0,629,1309.74,19.46,1
21544,DECODE,628,0,628,1311.53,19.29,1
21545,DECODE,627,0,627,1313.33,19.43,1
21546,DECODE,627,0,627,1314.33,19.41,1
21547,DECODE,626,0,626,1316.16,19.46,1
21548,DECODE,625,0,625,1318.00,19.40,1
21549,DECODE,624,0,624,1318.50,19.25,1
21550,DECODE,624,0,624,1319.50,19.16,1
21551,DECODE,623,0,623,1319.16,19.37,1
21552,DECODE,623,0,623,1320.16,19.30,1
21553,DECODE,623,0,623,1321.16,19.29,1
21554,DECODE,623,0,623,1322.16,19.33,1
21555,DECODE,622,0,622,1324.02,19.55,1
21556,DECODE,621,0,621,1325.78,19.39,1
21557,DECODE,621,0,621,1326.78,19.07,1
21558,DECODE,620,0,620,1328.55,18.93,1
21559,DECODE,619,0,619,1330.32,19.17,1
21560,DECODE,618,0,618,1331.06,19.06,1
21561,DECODE,618,0,618,1332.06,19.16,1
21562,DECODE,618,0,618,1333.06,19.23,1
21563,DECODE,617,0,617,1334.85,19.39,1
21564,DECODE,616,0,616,1336.67,19.23,1
21565,DECODE,616,0,616,1337.67,19.20,1
21566,DECODE,615,0,615,1339.49,19.53,1
21567,DECODE,614,0,614,1341.33,19.56,1
21568,DECODE,613,0,613,1342.17,19.30,1
21569,DECODE,613,0,613,1343.17,19.35,1
21570,DECODE,613,0,613,1344.17,19.47,1
21571,DECODE,612,0,612,1346.04,19.25,1
21572,DECODE,611,0,611,1347.92,19.33,1
21573,DECODE,610,0,610,1349.60,19.50,1
21574,DECODE,610,0,610,1350.60,19.51,1
21575,DECODE,609,0,609,1352.37,19.54,1
21576,DECODE,608,0,608,1354.15,19.15,1
21577,DECODE,608,0,608,1355.15,19.11,1
21578,DECODE,607,0,607,1356.96,19.53,1
21579,DECODE,606,0,606,1357.69,19.30,1
21580,DECODE,605,0,605,1358.53,19.17,1
21581,DECODE,605,0,605,1359.53,19.24,1
21582,DECODE,605,0,605,1360.53,19.21,1
21583,DECODE,605,0,605,1361.53,19.15,1
21584,DECODE,604,0,604,1363.38,19.02,1
21585,DECODE,603,0,603,1365.24,19.28,1
21586,DECODE,602,0,602,1366.11,19.25,1
21587,DECODE,602,0,602,1367.11,19.36,1
21588,DECODE,602,0,602,1368.11,19.31,1
21589,DECODE,601,0,601,1369.98,19.33,1
21590,DECODE,601,0,601,1370.98,19.34,1
21591,DECODE,600,0,600,1372.86,18.97,1
21592,DECODE,599,0,599,1374.75,19.15,1
21593,DECODE,598,0,598,1376.67,19.06,1
21594,DECODE,597,0,597,1375.82,19.03,1
21595,DECODE,597,0,597,1376.82,19.25,1
21596,DECODE,597,0,597,1377.82,19.10,1
21597,DECODE,596,0,596,1378.55,19.37,1
21598,DECODE,596,0,596,1379.55,18.93,1
21599,DECODE,594,0,594,1380.03,18.90,1
21600,DECODE,594,0,594,1381.03,18.96,1
21601,DECODE,593,0,593,1381.80,20.13,1
21602,DECODE,593,0,593,1382.80,19.34,1
21603,DECODE,593,0,593,1383.80,18.92,1
21604,DECODE,593,0,593,1384.80,19.07,1
21605,DECODE,593,0,593,1385.80,19.01,1
21606,DECODE,593,0,593,1386.80,19.03,1
21607,DECODE,593,0,593,1387.80,18.89,1
21608,DECODE,593,0,593,1388.80,19.00,1
21609,DECODE,592,0,592,1390.62,18.77,1
21610,DECODE,592,0,592,1391.62,18.82,1
21611,DECODE,591,0,591,1393.46,19.23,1
21612,DECODE,590,0,590,1395.31,18.95,1
21613,DECODE,590,0,590,1396.31,19.03,1
21614,DECODE,589,0,589,1398.16,19.00,1
21615,DECODE,588,0,588,1400.03,18.65,1
21616,DECODE,588,0,588,1401.03,18.84,1
21617,DECODE,587,0,587,1402.90,18.91,1
21618,DECODE,586,0,586,1404.79,18.94,1
21619,DECODE,586,0,586,1405.79,18.91,1
21620,DECODE,585,0,585,1407.68,18.85,1
21621,DECODE,584,0,584,1409.59,18.66,1
21622,DECODE,584,0,584,1410.59,18.60,1
21623,DECODE,583,0,583,1412.51,18.90,1
21624,DECODE,582,0,582,1414.37,18.92,1
21625,DECODE,582,0,582,1415.37,18.91,1
21626,DECODE,581,0,581,1417.25,18.89,1
21627,DECODE,580,0,580,1419.13,18.67,1
21628,DECODE,580,0,580,1420.13,18.73,1
21629,DECODE,579,0,579,1422.03,18.84,1
21630,DECODE,578,0,578,1423.93,18.90,1
21631,DECODE,578,0,578,1424.93,18.82,1
21632,DECODE,577,0,577,1425.73,18.94,1
21633,DECODE,577,0,577,1426.73,18.87,1
21634,DECODE,577,0,577,1427.73,18.87,1
21635,DECODE,576,0,576,1429.64,18.70,1
21636,DECODE,575,0,575,1430.36,18.88,1
21637,DECODE,575,0,575,1431.36,18.82,1
21638,DECODE,575,0,575,1432.36,18.86,1
21639,DECODE,574,0,574,1434.28,18.83,1
21640,DECODE,574,0,574,1435.28,18.99,1
21641,DECODE,573,0,573,1437.23,18.88,1
21642,DECODE,572,0,572,1439.19,18.70,1
21643,DECODE,572,0,572,1440.19,18.93,1
21644,DECODE,571,0,571,1442.09,18.92,1
21645,DECODE,570,0,570,1443.99,18.90,1
21646,DECODE,569,0,569,1444.50,18.92,1
21647,DECODE,569,0,569,1445.50,18.91,1
21648,DECODE,569,0,569,1446.50,18.87,1
21649,DECODE,569,0,569,1447.50,19.02,1
21650,DECODE,568,0,568,1449.42,18.92,1
21651,DECODE,568,0,568,1450.42,18.76,1
21652,DECODE,567,0,567,1452.37,18.96,1
21653,DECODE,566,0,566,1454.33,19.09,1
21654,DECODE,566,0,566,1455.33,19.07,1
21655,DECODE,565,0,565,1457.31,18.98,1
21656,DECODE,564,0,564,1459.13,18.86,1
21657,DECODE,563,0,563,1460.73,18.94,1
21658,DECODE,563,0,563,1461.73,18.83,1
21659,DECODE,563,0,563,1462.73,18.94,1
21660,DECODE,562,0,562,1464.63,19.00,1
21661,DECODE,562,0,562,1465.63,18.86,1
21662,DECODE,561,0,561,1466.52,18.86,1
21663,DECODE,561,0,561,1467.52,19.06,1
21664,DECODE,560,0,560,1469.46,18.83,1
21665,DECODE,560,0,560,1470.46,18.70,1
21666,DECODE,559,0,559,1472.44,18.77,1
21667,DECODE,559,0,559,1473.44,18.72,1
21668,DECODE,558,0,558,1475.42,18.69,1
21669,DECODE,557,0,557,1477.42,18.88,1
21670,DECODE,557,0,557,1478.42,18.77,1
21671,DECODE,556,0,556,1479.34,18.50,1
21672,DECODE,556,0,556,1480.34,18.64,1
21673,DECODE,556,0,556,1481.34,18.61,1
21674,DECODE,555,0,555,1483.20,21.43,1
21675,DECODE,555,0,555,1484.20,19.04,1
21676,DECODE,554,0,554,1486.12,18.91,1
21677,DECODE,553,0,553,1488.07,18.89,1
21678,DECODE,553,0,553,1489.07,19.01,1
21679,DECODE,552,0,552,1491.04,18.64,1
21680,DECODE,552,0,552,1492.04,18.68,1
21681,DECODE,551,0,551,1494.02,18.82,1
21682,DECODE,550,0,550,1496.02,18.86,1
21683,DECODE,550,0,550,1497.02,18.94,1
21684,DECODE,549,0,549,1498.81,18.79,1
21685,DECODE,549,0,549,1499.81,19.01,1
21686,DECODE,548,0,548,1500.49,18.82,1
21687,DECODE,548,0,548,1501.49,18.77,1
21688,DECODE,548,0,548,1502.49,18.78,1
21689,DECODE,547,0,547,1504.45,18.91,1
21690,DECODE,547,0,547,1505.45,18.93,1
21691,DECODE,546,0,546,1507.42,18.77,1
21692,DECODE,546,0,546,1508.42,18.92,1
21693,DECODE,545,0,545,1510.39,18.76,1
21694,DECODE,544,0,544,1512.38,18.80,1
21695,DECODE,544,0,544,1513.38,18.88,1
21696,DECODE,543,0,543,1515.39,19.00,1
21697,DECODE,543,0,543,1516.39,18.84,1
21698,DECODE,542,0,542,1518.42,18.98,1
21699,DECODE,542,0,542,1519.42,18.99,1
21700,DECODE,541,0,541,1521.38,18.92,1
21701,DECODE,541,0,541,1522.38,18.88,1
21702,DECODE,540,0,540,1524.37,18.61,1
21703,DECODE,539,0,539,1525.18,18.95,1
21704,DECODE,539,0,539,1526.18,18.92,1
21705,DECODE,538,0,538,1525.26,19.00,1
21706,DECODE,538,0,538,1526.26,18.95,1
21707,DECODE,537,0,537,1528.21,19.11,1
21708,DECODE,537,0,537,1529.21,18.95,1
21709,DECODE,537,0,537,1530.21,18.96,1
21710,DECODE,537,0,537,1531.21,19.05,1
21711,DECODE,537,0,537,1532.21,19.10,1
21712,DECODE,536,0,536,1531.30,18.98,1
21713,DECODE,536,0,536,1532.30,18.57,1
21714,DECODE,536,0,536,1533.30,18.63,1
21715,DECODE,536,0,536,1534.30,18.62,1
21716,DECODE,536,0,536,1535.30,18.90,1
21717,DECODE,536,0,536,1536.30,18.63,1
21718,DECODE,534,0,534,1537.06,18.83,1
21719,DECODE,534,0,534,1538.06,18.72,1
21720,DECODE,534,0,534,1539.06,18.92,1
21721,DECODE,534,0,534,1540.06,18.89,1
21722,DECODE,534,0,534,1541.06,18.86,1
21723,DECODE,534,0,534,1542.06,18.78,1
21724,DECODE,533,0,533,1544.09,19.43,1
21725,DECODE,533,0,533,1545.09,18.89,1
21726,DECODE,532,0,532,1547.12,18.68,1
21727,DECODE,532,0,532,1548.12,18.70,1
21728,DECODE,531,0,531,1550.18,18.93,1
21729,DECODE,530,0,530,1552.24,18.88,1
21730,DECODE,530,0,530,1553.24,19.02,1
21731,DECODE,529,0,529,1555.31,18.84,1
21732,DECODE,529,0,529,1556.31,18.91,1
21733,DECODE,528,0,528,1558.31,18.56,1
21734,DECODE,528,0,528,1559.31,18.63,1
21735,DECODE,527,0,527,1561.34,18.62,1
21736,DECODE,527,0,527,1562.34,18.78,1
21737,DECODE,526,0,526,1564.39,18.68,1
21738,DECODE,526,0,526,1565.39,18.62,1
21739,DECODE,525,0,525,1567.45,18.60,1
21740,DECODE,525,0,525,1568.45,18.73,1
21741,DECODE,524,0,524,1570.53,18.45,1
21742,DECODE,524,0,524,1571.53,18.55,1
21743,DECODE,523,0,523,1573.63,18.69,1
21744,DECODE,523,0,523,1574.63,18.74,1
21745,DECODE,522,0,522,1576.58,18.62,1
21746,DECODE,521,0,521,1577.40,18.83,1
21747,DECODE,521,0,521,1578.40,18.72,1
21748,DECODE,521,0,521,1579.40,18.65,1
21749,DECODE,521,0,521,1580.40,18.73,1
21750,DECODE,520,0,520,1582.47,18.75,1
21751,DECODE,520,0,520,1583.47,18.27,1
21752,DECODE,519,0,519,1585.54,18.56,1
21753,DECODE,519,0,519,1586.54,18.50,1
21754,DECODE,518,0,518,1588.63,18.33,1
21755,DECODE,518,0,518,1589.63,18.35,1
21756,DECODE,517,0,517,1591.62,18.48,1
21757,DECODE,517,0,517,1592.62,18.47,1
21758,DECODE,516,0,516,1594.66,18.31,1
21759,DECODE,515,0,515,1595.35,18.38,1
21760,DECODE,515,0,515,1596.35,18.58,1
21761,DECODE,515,0,515,1597.35,18.43,1
21762,DECODE,515,0,515,1598.35,18.52,1
21763,DECODE,514,0,514,1600.46,18.43,1
21764,DECODE,514,0,514,1601.46,18.43,1
21765,DECODE,513,0,513,1603.59,18.41,1
21766,DECODE,513,0,513,1604.59,18.41,1
21767,DECODE,512,0,512,1606.57,17.12,1
21768,DECODE,512,0,512,1607.57,17.36,1
21769,DECODE,510,0,510,1606.60,17.32,1
21770,DECODE,510,0,510,1607.60,17.29,1
21771,DECODE,509,0,509,1608.53,17.22,1
21772,DECODE,509,0,509,1609.53,17.25,1
21773,DECODE,509,0,509,1610.53,17.57,1
21774,DECODE,509,0,509,1611.53,17.57,1
21775,DECODE,509,0,509,1612.53,18.20,1
21776,DECODE,509,0,509,1613.53,18.62,1
21777,DECODE,509,0,509,1614.53,18.68,1
21778,DECODE,509,0,509,1615.53,18.72,1
21779,DECODE,509,0,509,1616.53,18.57,1
21780,DECODE,509,0,509,1617.53,18.72,1
21781,DECODE,508,0,508,1619.55,19.96,1
21782,DECODE,508,0,508,1620.55,19.10,1
21783,DECODE,507,0,507,1622.58,19.66,1
21784,DECODE,507,0,507,1623.58,18.65,1
21785,DECODE,506,0,506,1625.63,19.05,1
21786,DECODE,506,0,506,1626.63,18.75,1
21787,DECODE,505,0,505,1628.72,19.23,1
21788,DECODE,505,0,505,1629.72,18.68,1
21789,DECODE,504,0,504,1631.84,19.51,1
21790,DECODE,504,0,504,1632.84,18.69,1
21791,DECODE,503,0,503,1634.99,19.23,1
21792,DECODE,502,0,502,1634.15,19.46,1
21793,DECODE,502,0,502,1635.15,18.88,1
21794,DECODE,502,0,502,1636.15,19.35,1
21795,DECODE,502,0,502,1637.15,18.34,1
21796,DECODE,502,0,502,1638.15,18.40,1
21797,DECODE,502,0,502,1639.15,18.28,1
21798,DECODE,501,0,501,1638.31,18.98,1
21799,DECODE,501,0,501,1639.31,20.19,1
21800,DECODE,500,0,500,1640.00,18.98,1
21801,DECODE,500,0,500,1641.00,18.71,1
21802,DECODE,500,0,500,1642.00,18.48,1
21803,DECODE,500,0,500,1643.00,18.49,1
21804,DECODE,499,0,499,1642.17,18.90,1
21805,DECODE,499,0,499,1643.17,18.62,1
21806,DECODE,499,0,499,1644.17,18.63,1
21807,DECODE,499,0,499,1645.17,18.38,1
21808,DECODE,499,0,499,1646.17,18.38,1
21809,DECODE,499,0,499,1647.17,18.49,1
21810,DECODE,499,0,499,1648.17,18.26,1
21811,DECODE,499,0,499,1649.17,18.20,1
21812,DECODE,498,0,498,1651.32,19.55,1
21813,DECODE,498,0,498,1652.32,18.85,1
21814,DECODE,497,0,497,1651.49,19.03,1
21815,DECODE,496,0,496,1652.39,19.40,1
21816,DECODE,496,0,496,1653.39,20.34,1
21817,DECODE,496,0,496,1654.39,18.44,1
21818,DECODE,496,0,496,1655.39,18.36,1
21819,DECODE,496,0,496,1656.39,19.27,1
21820,DECODE,496,0,496,1657.39,18.39,1
21821,DECODE,495,0,495,1656.57,18.88,1
21822,DECODE,495,0,495,1657.57,18.63,1
21823,DECODE,495,0,495,1658.57,18.22,1
21824,DECODE,495,0,495,1659.57,18.32,1
21825,DECODE,495,0,495,1660.57,18.33,1
21826,DECODE,495,0,495,1661.57,18.31,1
21827,DECODE,494,0,494,1662.43,18.98,1
21828,DECODE,494,0,494,1663.43,18.72,1
21829,DECODE,494,0,494,1664.43,18.27,1
21830,DECODE,494,0,494,1665.43,18.17,1
21831,DECODE,494,0,494,1666.43,18.22,1
21832,DECODE,493,0,493,1668.41,19.21,1
21833,DECODE,493,0,493,1669.41,18.63,1
21834,DECODE,492,0,492,1671.56,18.85,1
21835,DECODE,492,0,492,1672.56,18.50,1
21836,DECODE,491,0,491,1674.66,19.08,1
21837,DECODE,491,0,491,1675.66,18.59,1
21838,DECODE,491,0,491,1676.66,18.35,1
21839,DECODE,490,0,490,1678.78,19.22,1
21840,DECODE,490,0,490,1679.78,19.70,1
21841,DECODE,489,0,489,1681.93,21.00,1
21842,DECODE,489,0,489,1682.93,19.62,1
21843,DECODE,488,0,488,1685.12,19.29,1
21844,DECODE,488,0,488,1686.12,18.62,1
21845,DECODE,488,0,488,1687.12,18.30,1
21846,DECODE,487,0,487,1689.15,19.36,1
21847,DECODE,487,0,487,1690.15,18.61,1
21848,DECODE,486,0,486,1692.33,19.30,1
21849,DECODE,486,0,486,1693.33,18.72,1
21850,DECODE,485,0,485,1695.45,19.24,1
21851,DECODE,485,0,485,1696.45,18.61,1
21852,DECODE,485,0,485,1697.45,18.35,1
21853,DECODE,484,0,484,1699.57,19.18,1
21854,DECODE,484,0,484,1700.57,18.66,1
21855,DECODE,483,0,483,1702.61,19.24,1
21856,DECODE,483,0,483,1703.61,18.68,1
21857,DECODE,483,0,483,1704.61,18.31,1
21858,DECODE,482,0,482,1706.68,19.27,1
21859,DECODE,482,0,482,1707.68,18.58,1
21860,DECODE,481,0,481,1709.83,19.31,1
21861,DECODE,481,0,481,1710.83,18.63,1
21862,DECODE,480,0,480,1713.03,19.19,1
21863,DECODE,480,0,480,1714.03,18.55,1
21864,DECODE,480,0,480,1715.03,18.32,1
21865,DECODE,479,0,479,1717.24,19.22,1
21866,DECODE,479,0,479,1718.24,18.66,1
21867,DECODE,478,0,478,1720.46,19.06,1
21868,DECODE,477,0,477,1721.36,20.50,1
21869,DECODE,477,0,477,1722.36,19.80,1
21870,DECODE,477,0,477,1723.36,19.13,1
21871,DECODE,477,0,477,1724.36,19.02,1
21872,DECODE,477,0,477,1725.36,19.21,1
21873,DECODE,476,0,476,1724.61,20.00,1
21874,DECODE,476,0,476,1725.61,19.74,1
21875,DECODE,476,0,476,1726.61,19.17,1
21876,DECODE,476,0,476,1727.61,19.09,1
21877,DECODE,476,0,476,1728.61,19.07,1
21878,DECODE,475,0,475,1730.62,21.02,1
21879,DECODE,475,0,475,1731.62,19.76,1
21880,DECODE,475,0,475,1732.62,19.12,1
21881,DECODE,474,0,474,1734.80,20.92,1
21882,DECODE,474,0,474,1735.80,19.67,1
21883,DECODE,471,0,471,1736.09,20.05,1
21884,DECODE,471,0,471,1737.09,19.86,1
21885,DECODE,471,0,471,1738.09,19.11,1
21886,DECODE,471,0,471,1739.09,19.28,1
21887,DECODE,471,0,471,1740.09,19.19,1
21888,DECODE,471,0,471,1741.09,19.13,1
21889,DECODE,471,0,471,1742.09,19.30,1
21890,DECODE,470,0,470,1743.03,20.00,1
21891,DECODE,470,0,470,1744.03,19.74,1
21892,DECODE,469,0,469,1744.54,18.84,1
21893,DECODE,469,0,469,1745.54,18.79,1
21894,DECODE,469,0,469,1746.54,18.47,1
21895,DECODE,469,0,469,1747.54,18.38,1
21896,DECODE,469,0,469,1748.54,18.37,1
21897,DECODE,469,0,469,1749.54,18.46,1
21898,DECODE,469,0,469,1750.54,18.45,1
21899,DECODE,468,0,468,1751.48,18.78,1
21900,DECODE,467,0,467,1750.75,19.32,1
21901,DECODE,466,0,466,1751.66,19.20,1
21902,DECODE,466,0,466,1752.66,18.74,1
21903,DECODE,466,0,466,1753.66,18.42,1
21904,DECODE,466,0,466,1754.66,19.27,1
21905,DECODE,465,0,465,1755.56,18.69,1
21906,DECODE,465,0,465,1756.56,18.76,1
21907,DECODE,465,0,465,1757.56,18.42,1
21908,DECODE,464,0,464,1758.54,18.85,1
21909,DECODE,464,0,464,1759.54,18.50,1
21910,DECODE,464,0,464,1760.54,18.25,1
21911,DECODE,463,0,463,1761.44,18.59,1
21912,DECODE,463,0,463,1762.44,18.64,1
21913,DECODE,463,0,463,1763.44,18.21,1
21914,DECODE,463,0,463,1764.44,18.28,1
21915,DECODE,463,0,463,1765.44,18.10,1
21916,DECODE,463,0,463,1766.44,18.70,1
21917,DECODE,463,0,463,1767.44,18.61,1
21918,DECODE,462,0,462,1768.09,19.01,1
21919,DECODE,462,0,462,1769.09,18.46,1
21920,DECODE,461,0,461,1769.93,18.74,1
21921,DECODE,461,0,461,1770.93,18.07,1
21922,DECODE,461,0,461,1771.93,17.81,1
21923,DECODE,461,0,461,1772.93,17.91,1
21924,DECODE,461,0,461,1773.93,17.91,1
21925,DECODE,461,0,461,1774.93,17.83,1
21926,DECODE,461,0,461,1775.93,17.87,1
21927,DECODE,461,0,461,1776.93,17.87,1
21928,DECODE,461,0,461,1777.93,18.17,1
21929,DECODE,461,0,461,1778.93,18.09,1
21930,DECODE,460,0,460,1779.86,18.58,1
21931,DECODE,460,0,460,1780.86,18.49,1
21932,DECODE,460,0,460,1781.86,19.01,1
21933,DECODE,460,0,460,1782.86,18.24,1
21934,DECODE,459,0,459,1782.17,18.82,1
21935,DECODE,459,0,459,1783.17,18.48,1
21936,DECODE,459,0,459,1784.17,18.02,1
21937,DECODE,459,0,459,1785.17,18.10,1
21938,DECODE,459,0,459,1786.17,18.12,1
21939,DECODE,459,0,459,1787.17,18.25,1
21940,DECODE,459,0,459,1788.17,18.14,1
21941,DECODE,459,0,459,1789.17,17.92,1
21942,DECODE,459,0,459,1790.17,17.90,1
21943,DECODE,459,0,459,1791.17,17.87,1
21944,DECODE,459,0,459,1792.17,17.95,1
21945,DECODE,459,0,459,1793.17,17.80,1
21946,DECODE,458,0,458,1792.50,18.30,1
21947,DECODE,458,0,458,1793.50,18.24,1
21948,DECODE,457,0,457,1792.82,18.32,1
21949,DECODE,457,0,457,1793.82,18.27,1
21950,DECODE,457,0,457,1794.82,17.86,1
21951,DECODE,456,0,456,1794.57,18.39,1
21952,DECODE,456,0,456,1795.57,18.16,1
21953,DECODE,456,0,456,1796.57,18.18,1
21954,DECODE,454,0,454,1797.86,18.61,1
21955,DECODE,454,0,454,1798.86,18.36,1
21956,DECODE,454,0,454,1799.86,17.85,1
21957,DECODE,453,0,453,1799.19,18.26,1
21958,DECODE,453,0,453,1800.19,18.85,1
21959,DECODE,453,0,453,1801.19,17.83,1
21960,DECODE,453,0,453,1802.19,18.19,1
21961,DECODE,453,0,453,1803.19,18.17,1
21962,DECODE,452,0,452,1802.51,18.67,1
21963,DECODE,451,0,451,1803.45,18.68,1
21964,DECODE,451,0,451,1804.45,18.21,1
21965,DECODE,451,0,451,1805.45,18.05,1
21966,DECODE,451,0,451,1806.45,18.20,1
21967,DECODE,451,0,451,1807.45,18.19,1
21968,DECODE,451,0,451,1808.45,18.17,1
21969,DECODE,451,0,451,1809.45,18.05,1
21970,DECODE,451,0,451,1810.45,18.14,1
21971,DECODE,451,0,451,1811.45,18.26,1
21972,DECODE,451,0,451,1812.45,18.18,1
21973,DECODE,451,0,451,1813.45,18.25,1
21974,DECODE,451,0,451,1814.45,17.67,1
21975,DECODE,451,0,451,1815.45,18.24,1
21976,DECODE,451,0,451,1816.45,18.30,1
21977,DECODE,451,0,451,1817.45,18.21,1
21978,DECODE,450,0,450,1818.41,18.67,1
21979,DECODE,450,0,450,1819.41,18.51,1
21980,DECODE,450,0,450,1820.41,18.32,1
21981,DECODE,450,0,450,1821.41,18.69,1
21982,DECODE,450,0,450,1822.41,18.18,1
21983,DECODE,450,0,450,1823.41,18.23,1
21984,DECODE,450,0,450,1824.41,18.48,1
21985,DECODE,450,0,450,1825.41,18.24,1
21986,DECODE,450,0,450,1826.41,18.21,1
21987,DECODE,450,0,450,1827.41,23.24,1
21988,DECODE,450,0,450,1828.41,16.91,1
21989,DECODE,449,0,449,1830.66,17.05,1
21990,DECODE,449,0,449,1831.66,18.41,1
21991,DECODE,449,0,449,1832.66,17.76,1
21992,DECODE,448,0,448,1834.91,18.77,1
21993,DECODE,448,0,448,1835.91,18.05,1
21994,DECODE,447,0,447,1835.29,18.30,1
21995,DECODE,447,0,447,1836.29,18.34,1
21996,DECODE,446,0,446,1838.49,18.32,1
21997,DECODE,446,0,446,1839.49,18.11,1
21998,DECODE,446,0,446,1840.49,17.94,1
21999,DECODE,446,0,446,1841.49,17.98,1
22000,DECODE,446,0,446,1842.49,17.96,1
22001,DECODE,446,0,446,1843.49,18.08,1
22002,DECODE,444,0,444,1842.83,18.26,1
22003,DECODE,444,0,444,1843.83,18.34,1
22004,DECODE,444,0,444,1844.83,18.00,1
22005,DECODE,444,0,444,1845.83,17.85,1
22006,DECODE,443,0,443,1846.67,18.33,1
22007,DECODE,443,0,443,1847.67,18.23,1
22008,DECODE,443,0,443,1848.67,17.86,1
22009,DECODE,443,0,443,1849.67,17.98,1
22010,DECODE,443,0,443,1850.67,17.89,1
22011,DECODE,443,0,443,1851.67,17.83,1
22012,DECODE,443,0,443,1852.67,18.00,1
22013,DECODE,443,0,443,1853.67,17.88,1
22014,DECODE,443,0,443,1854.67,18.10,1
22015,DECODE,443,0,443,1855.67,17.88,1
22016,DECODE,442,0,442,1856.29,16.87,1
22017,DECODE,442,0,442,1857.29,16.89,1
22018,DECODE,442,0,442,1858.29,16.81,1
22019,DECODE,440,0,440,1857.49,16.84,1
22020,DECODE,440,0,440,1858.49,16.88,1
22021,DECODE,439,0,439,1859.05,16.82,1
22022,DECODE,439,0,439,1860.05,16.90,1
22023,DECODE,439,0,439,1861.05,16.85,1
22024,DECODE,439,0,439,1862.05,16.87,1
22025,DECODE,439,0,439,1863.05,16.82,1
22026,DECODE,438,0,438,1865.20,17.64,1
22027,DECODE,438,0,438,1866.20,18.21,1
22028,DECODE,438,0,438,1867.20,17.97,1
22029,DECODE,438,0,438,1868.20,17.81,1
22030,DECODE,437,0,437,1868.85,18.20,1
22031,DECODE,436,0,436,1868.37,18.59,1
22032,DECODE,436,0,436,1869.37,18.21,1
22033,DECODE,435,0,435,1870.18,18.36,1
22034,DECODE,435,0,435,1871.18,18.10,1
22035,DECODE,435,0,435,1872.18,17.94,1
22036,DECODE,435,0,435,1873.18,17.87,1
22037,DECODE,435,0,435,1874.18,17.82,1
22038,DECODE,435,0,435,1875.18,17.77,1
22039,DECODE,435,0,435,1876.18,17.67,1
22040,DECODE,435,0,435,1877.18,18.13,1
22041,DECODE,435,0,435,1878.18,17.96,1
22042,DECODE,435,0,435,1879.18,18.00,1
22043,DECODE,435,0,435,1880.18,18.02,1
22044,DECODE,435,0,435,1881.18,18.05,1
22045,DECODE,435,0,435,1882.18,18.01,1
22046,DECODE,435,0,435,1883.18,19.16,1
22047,DECODE,434,0,434,1884.85,18.38,1
22048,DECODE,434,0,434,1885.85,18.44,1
22049,DECODE,433,0,433,1888.02,18.60,1
22050,DECODE,433,0,433,1889.02,18.26,1
22051,DECODE,432,0,432,1889.48,17.97,1
22052,DECODE,431,0,431,1888.93,18.70,1
22053,DECODE,431,0,431,1889.93,17.84,1
22054,DECODE,431,0,431,1890.93,17.60,1
22055,DECODE,431,0,431,1891.93,18.12,1
22056,DECODE,431,0,431,1892.93,17.53,1
22057,DECODE,431,0,431,1893.93,17.88,1
22058,DECODE,431,0,431,1894.93,17.73,1
22059,DECODE,431,0,431,1895.93,17.62,1
22060,DECODE,431,0,431,1896.93,17.66,1
22061,DECODE,431,0,431,1897.93,17.57,1
22062,DECODE,431,0,431,1898.93,17.78,1
22063,DECODE,431,0,431,1899.93,17.64,1
22064,DECODE,431,0,431,1900.93,17.62,1
22065,DECODE,431,0,431,1901.93,17.73,1
22066,DECODE,431,0,431,1902.93,17.76,1
22067,DECODE,430,0,430,1905.15,18.15,1
22068,DECODE,430,0,430,1906.15,18.15,1
22069,DECODE,430,0,430,1907.15,17.60,1
22070,DECODE,430,0,430,1908.15,17.75,1
22071,DECODE,430,0,430,1909.15,17.63,1
22072,DECODE,429,0,429,1908.64,17.97,1
22073,DECODE,428,0,428,1909.08,18.26,1
22074,DECODE,428,0,428,1910.08,17.69,1
22075,DECODE,428,0,428,1911.08,17.53,1
22076,DECODE,427,0,427,1910.56,18.95,1
22077,DECODE,427,0,427,1911.56,17.79,1
22078,DECODE,427,0,427,1912.56,17.53,1
22079,DECODE,427,0,427,1913.56,17.58,1
22080,DECODE,427,0,427,1914.56,17.51,1
22081,DECODE,427,0,427,1915.56,17.50,1
22082,DECODE,427,0,427,1916.56,17.69,1
22083,DECODE,426,0,426,1917.40,17.88,1
22084,DECODE,425,0,425,1919.12,18.26,1
22085,DECODE,424,0,424,1919.98,18.13,1
22086,DECODE,424,0,424,1920.98,17.97,1
22087,DECODE,424,0,424,1921.98,16.78,1
22088,DECODE,423,0,423,1921.48,16.87,1
22089,DECODE,422,0,422,1923.14,18.54,1
22090,DECODE,421,0,421,1922.62,16.84,1
22091,DECODE,421,0,421,1923.62,16.75,1
22092,DECODE,420,0,420,1923.37,16.66,1
22093,DECODE,420,0,420,1924.37,16.71,1
22094,DECODE,420,0,420,1925.37,16.62,1
22095,DECODE,420,0,420,1926.37,16.56,1
22096,DECODE,420,0,420,1927.37,16.61,1
22097,DECODE,420,0,420,1928.37,16.63,1
22098,DECODE,420,0,420,1929.37,16.65,1
22099,DECODE,420,0,420,1930.37,16.69,1
22100,DECODE,420,0,420,1931.37,16.72,1
22101,DECODE,420,0,420,1932.37,16.65,1
22102,DECODE,420,0,420,1933.37,17.15,1
22103,DECODE,420,0,420,1934.37,16.63,1
22104,DECODE,420,0,420,1935.37,16.68,1
22105,DECODE,420,0,420,1936.37,16.90,1
22106,DECODE,420,0,420,1937.37,16.67,1
22107,DECODE,420,0,420,1938.37,17.68,1
22108,DECODE,419,0,419,1940.03,19.00,1
22109,DECODE,419,0,419,1941.03,17.88,1
22110,DECODE,419,0,419,1942.03,17.72,1
22111,DECODE,419,0,419,1943.03,17.96,1
22112,DECODE,419,0,419,1944.03,17.66,1
22113,DECODE,418,0,418,1943.56,17.95,1
22114,DECODE,418,0,418,1944.56,17.86,1
22115,DECODE,418,0,418,1945.56,17.57,1
22116,DECODE,418,0,418,1946.56,17.58,1
22117,DECODE,418,0,418,1947.56,17.86,1
22118,DECODE,418,0,418,1948.56,16.68,1
22119,DECODE,418,0,418,1949.56,16.62,1
22120,DECODE,418,0,418,1950.56,16.62,1
22121,DECODE,418,0,418,1951.56,16.72,1
22122,DECODE,418,0,418,1952.56,16.78,1
22123,DECODE,418,0,418,1953.56,16.73,1
22124,DECODE,418,0,418,1954.56,16.77,1
22125,DECODE,418,0,418,1955.56,16.81,1
22126,DECODE,418,0,418,1956.56,17.63,1
22127,DECODE,418,0,418,1957.56,18.73,1
22128,DECODE,418,0,418,1958.56,17.77,1
22129,DECODE,418,0,418,1959.56,17.82,1
22130,DECODE,418,0,418,1960.56,17.78,1
22131,DECODE,418,0,418,1961.56,17.68,1
22132,DECODE,417,0,417,1961.12,18.26,1
22133,DECODE,417,0,417,1962.12,18.25,1
22134,DECODE,416,0,416,1964.37,18.38,1
22135,DECODE,416,0,416,1965.37,18.53,1
22136,DECODE,416,0,416,1966.37,18.34,1
22137,DECODE,416,0,416,1967.37,18.20,1
22138,DECODE,415,0,415,1969.11,18.42,1
22139,DECODE,414,0,414,1971.14,18.93,1
22140,DECODE,414,0,414,1972.14,20.67,1
22141,DECODE,414,0,414,1973.14,18.77,1
22142,DECODE,414,0,414,1974.14,18.93,1
22143,DECODE,414,0,414,1975.14,18.83,1
22144,DECODE,414,0,414,1976.14,18.91,1
22145,DECODE,413,0,413,1977.08,19.61,1
22146,DECODE,413,0,413,1978.08,19.41,1
22147,DECODE,413,0,413,1979.08,18.82,1
22148,DECODE,413,0,413,1980.08,18.98,1
22149,DECODE,412,0,412,1980.94,19.49,1
22150,DECODE,412,0,412,1981.94,19.86,1
22151,DECODE,412,0,412,1982.94,18.85,1
22152,DECODE,412,0,412,1983.94,18.99,1
22153,DECODE,411,0,411,1984.92,20.58,1
22154,DECODE,411,0,411,1985.92,19.40,1
22155,DECODE,411,0,411,1986.92,18.72,1
22156,DECODE,411,0,411,1987.92,18.97,1
22157,DECODE,411,0,411,1988.92,18.71,1
22158,DECODE,411,0,411,1989.92,18.71,1
22159,DECODE,411,0,411,1990.92,18.73,1
22160,DECODE,411,0,411,1991.92,18.95,1
22161,DECODE,411,0,411,1992.92,18.36,1
22162,DECODE,411,0,411,1993.92,17.95,1
22163,DECODE,411,0,411,1994.92,21.15,1
22164,DECODE,411,0,411,1995.92,18.22,1
22165,DECODE,411,0,411,1996.92,18.44,1
22166,DECODE,410,0,410,1997.55,18.62,1
22167,DECODE,410,0,410,1998.55,18.67,1
22168,DECODE,410,0,410,1999.55,18.14,1
22169,DECODE,410,0,410,2000.55,18.12,1
22170,DECODE,410,0,410,2001.55,18.12,1
22171,DECODE,410,0,410,2002.55,18.07,1
22172,DECODE,410,0,410,2003.55,18.07,1
22173,DECODE,410,0,410,2004.55,18.08,1
22174,DECODE,410,0,410,2005.55,18.00,1
22175,DECODE,410,0,410,2006.55,18.13,1
22176,DECODE,409,0,409,2007.42,18.63,1
22177,DECODE,409,0,409,2008.42,18.29,1
22178,DECODE,409,0,409,2009.42,18.06,1
22179,DECODE,409,0,409,2010.42,18.01,1
22180,DECODE,408,0,408,2010.61,18.44,1
22181,DECODE,407,0,407,2012.67,18.68,1
22182,DECODE,407,0,407,2013.67,18.28,1
22183,DECODE,407,0,407,2014.67,18.12,1
22184,DECODE,406,0,406,2016.41,18.31,1
22185,DECODE,406,0,406,2017.41,18.43,1
22186,DECODE,406,0,406,2018.41,18.25,1
22187,DECODE,404,0,404,2017.95,18.49,1
22188,DECODE,404,0,404,2018.95,18.54,1
22189,DECODE,404,0,404,2019.95,18.10,1
22190,DECODE,404,0,404,2020.95,18.53,1
22191,DECODE,404,0,404,2021.95,18.14,1
22192,DECODE,401,0,401,2022.58,18.33,1
22193,DECODE,398,0,398,2022.73,18.33,1
22194,DECODE,397,0,397,2022.37,18.09,1
22195,DECODE,397,0,397,2023.37,17.89,1
22196,DECODE,396,0,396,2024.27,17.46,1
22197,DECODE,396,0,396,2025.27,17.28,1
22198,DECODE,396,0,396,2026.27,17.17,1
22199,DECODE,396,0,396,2027.27,17.03,1
22200,DECODE,396,0,396,2028.27,16.98,1
22201,DECODE,396,0,396,2029.27,17.12,1
22202,DECODE,396,0,396,2030.27,17.05,1
22203,DECODE,396,0,396,2031.27,17.09,1
22204,DECODE,395,0,395,2030.93,17.24,1
22205,DECODE,394,0,394,2032.65,18.68,1
22206,DECODE,393,0,393,2033.47,17.54,1
22207,DECODE,393,0,393,2034.47,17.65,1
22208,DECODE,393,0,393,2035.47,16.86,1
22209,DECODE,393,0,393,2036.47,16.91,1
22210,DECODE,392,0,392,2037.28,17.36,1
22211,DECODE,392,0,392,2038.28,17.24,1
22212,DECODE,392,0,392,2039.28,16.89,1
22213,DECODE,390,0,390,2038.53,17.23,1
22214,DECODE,389,0,389,2038.19,17.93,1
22215,DECODE,388,0,388,2037.84,17.36,1
22216,DECODE,388,0,388,2038.84,17.03,1
22217,DECODE,388,0,388,2039.84,17.06,1
22218,DECODE,388,0,388,2040.84,16.92,1
22219,DECODE,388,0,388,2041.84,16.79,1
22220,DECODE,388,0,388,2042.84,16.83,1
22221,DECODE,388,0,388,2043.84,16.84,1
22222,DECODE,388,0,388,2044.84,16.80,1
22223,DECODE,388,0,388,2045.84,16.85,1
22224,DECODE,388,0,388,2046.84,16.78,1
22225,DECODE,388,0,388,2047.84,16.84,1
22226,DECODE,387,0,387,2047.52,17.09,1
22227,DECODE,387,0,387,2048.52,17.24,1
22228,DECODE,387,0,387,2049.52,17.14,1
22229,DECODE,386,0,386,2049.35,17.16,1
22230,DECODE,386,0,386,2050.35,17.15,1
22231,DECODE,385,0,385,2051.00,17.10,1
22232,DECODE,384,0,384,2050.67,17.30,1
22233,DECODE,384,0,384,2051.67,16.98,1
22234,DECODE,383,0,383,2051.35,16.78,1
22235,DECODE,383,0,383,2052.35,17.00,1
22236,DECODE,382,0,382,2052.02,17.02,1
22237,DECODE,382,0,382,2053.02,16.88,1
22238,DECODE,382,0,382,2054.02,16.49,1
22239,DECODE,382,0,382,2055.02,16.65,1
22240,DECODE,382,0,382,2056.02,16.59,1
22241,DECODE,381,0,381,2055.70,16.77,1
22242,DECODE,380,0,380,2056.45,17.28,1
22243,DECODE,379,0,379,2058.89,17.29,1
22244,DECODE,379,0,379,2059.89,16.83,1
22245,DECODE,379,0,379,2060.89,16.55,1
22246,DECODE,379,0,379,2061.89,16.65,1
22247,DECODE,379,0,379,2062.89,16.54,1
22248,DECODE,379,0,379,2063.89,16.52,1
22249,DECODE,379,0,379,2064.89,16.53,1
22250,DECODE,379,0,379,2065.89,16.62,1
22251,DECODE,378,0,378,2066.18,16.90,1
22252,DECODE,378,0,378,2067.18,16.83,1
22253,DECODE,378,0,378,2068.18,16.48,1
22254,DECODE,378,0,378,2069.18,16.60,1
22255,DECODE,378,0,378,2070.18,16.61,1
22256,DECODE,378,0,378,2071.18,16.54,1
22257,DECODE,378,0,378,2072.18,16.62,1
22258,DECODE,378,0,378,2073.18,16.58,1
22259,DECODE,377,0,377,2075.53,16.84,1
22260,DECODE,377,0,377,2076.53,16.77,1
22261,DECODE,377,0,377,2077.53,16.59,1
22262,DECODE,377,0,377,2078.53,16.67,1
22263,DECODE,375,0,375,2080.53,16.91,1
22264,DECODE,375,0,375,2081.53,16.95,1
22265,DECODE,374,0,374,2083.94,16.84,1
22266,DECODE,374,0,374,2084.94,16.72,1
22267,DECODE,374,0,374,2085.94,16.69,1
22268,DECODE,373,0,373,2085.67,16.81,1
22269,DECODE,373,0,373,2086.67,16.90,1
22270,DECODE,373,0,373,2087.67,16.64,1
22271,DECODE,372,0,372,2087.40,16.79,1
22272,DECODE,372,0,372,2088.40,16.81,1
22273,DECODE,372,0,372,2089.40,16.54,1
22274,DECODE,371,0,371,2091.16,16.74,1
22275,DECODE,371,0,371,2092.16,16.81,1
22276,DECODE,371,0,371,2093.16,16.45,1
22277,DECODE,371,0,371,2094.16,16.74,1
22278,DECODE,371,0,371,2095.16,16.67,1
22279,DECODE,371,0,371,2096.16,16.64,1
22280,DECODE,371,0,371,2097.16,16.56,1
22281,DECODE,370,0,370,2098.86,16.90,1
22282,DECODE,370,0,370,2099.86,16.84,1
22283,DECODE,370,0,370,2100.86,16.58,1
22284,DECODE,370,0,370,2101.86,16.53,1
22285,DECODE,370,0,370,2102.86,16.69,1
22286,DECODE,370,0,370,2103.86,16.69,1
22287,DECODE,370,0,370,2104.86,16.75,1
22288,DECODE,370,0,370,2105.86,16.82,1
22289,DECODE,370,0,370,2106.86,16.62,1
22290,DECODE,370,0,370,2107.86,16.66,1
22291,DECODE,370,0,370,2108.86,16.75,1
22292,DECODE,370,0,370,2109.86,16.57,1
22293,DECODE,370,0,370,2110.86,16.59,1
22294,DECODE,370,0,370,2111.86,16.68,1
22295,DECODE,370,0,370,2112.86,16.63,1
22296,DECODE,370,0,370,2113.86,16.69,1
22297,DECODE,370,0,370,2114.86,16.64,1
22298,DECODE,370,0,370,2115.86,16.67,1
22299,DECODE,369,0,369,2116.51,16.75,1
22300,DECODE,368,0,368,2117.43,17.41,1
22301,DECODE,368,0,368,2118.43,16.88,1
22302,DECODE,368,0,368,2119.43,16.56,1
22303,DECODE,368,0,368,2120.43,16.58,1
22304,DECODE,368,0,368,2121.43,16.85,1
22305,DECODE,368,0,368,2122.43,17.90,1
22306,DECODE,368,0,368,2123.43,16.85,1
22307,DECODE,368,0,368,2124.43,16.95,1
22308,DECODE,367,0,367,2125.04,16.25,1
22309,DECODE,366,0,366,2125.70,17.17,1
22310,DECODE,366,0,366,2126.70,17.01,1
22311,DECODE,366,0,366,2127.70,15.68,1
22312,DECODE,366,0,366,2128.70,15.68,1
22313,DECODE,366,0,366,2129.70,15.69,1
22314,DECODE,366,0,366,2130.70,15.67,1
22315,DECODE,366,0,366,2131.70,16.39,1
22316,DECODE,366,0,366,2132.70,16.39,1
22317,DECODE,365,0,365,2132.53,15.83,1
22318,DECODE,365,0,365,2133.53,15.83,1
22319,DECODE,365,0,365,2134.53,16.47,1
22320,DECODE,365,0,365,2135.53,16.49,1
22321,DECODE,365,0,365,2136.53,16.44,1
22322,DECODE,365,0,365,2137.53,15.80,1
22323,DECODE,365,0,365,2138.53,15.74,1
22324,DECODE,365,0,365,2139.53,16.76,1
22325,DECODE,365,0,365,2140.53,16.78,1
22326,DECODE,365,0,365,2141.53,16.73,1
22327,DECODE,364,0,364,2142.32,17.13,1
22328,DECODE,363,0,363,2144.70,17.31,1
22329,DECODE,361,0,361,2143.40,15.72,1
22330,DECODE,361,0,361,2144.40,16.28,1
22331,DECODE,361,0,361,2145.40,16.25,1
22332,DECODE,360,0,360,2147.08,15.91,1
22333,DECODE,360,0,360,2148.08,16.20,1
22334,DECODE,360,0,360,2149.08,15.91,1
22335,DECODE,359,0,359,2149.48,15.87,1
22336,DECODE,359,0,359,2150.48,17.22,1
22337,DECODE,359,0,359,2151.48,16.79,1
22338,DECODE,359,0,359,2152.48,16.84,1
22339,DECODE,359,0,359,2153.48,16.76,1
22340,DECODE,359,0,359,2154.48,16.75,1
22341,DECODE,358,0,358,2155.23,17.11,1
22342,DECODE,357,0,357,2155.10,17.50,1
22343,EXTEND,1,732,0,736.00,17.52,1
22344,DECODE,357,0,357,2150.99,15.52,1
22345,DECODE,357,0,357,2151.99,15.64,1
22346,DECODE,355,0,355,2150.69,15.68,1
22347,EXTEND,2,1314,0,661.00,22.25,1
22348,DECODE,357,0,357,2143.34,15.53,1
22349,DECODE,357,0,357,2144.34,15.68,1
22350,DECODE,357,0,357,2145.34,15.61,1
22351,DECODE,356,0,356,2145.18,15.66,1
22352,EXTEND,3,1715,0,576.33,21.41,1
22353,DECODE,358,0,358,2131.87,15.54,1
22354,EXTEND,1,530,0,534.00,18.15,1
22355,DECODE,359,0,359,2128.42,15.59,1
22356,DECODE,359,0,359,2129.42,15.63,1
22357,DECODE,358,0,358,2129.22,15.71,1
22358,EXTEND,2,1028,0,519.50,22.21,1
22359,DECODE,359,0,359,2120.82,15.51,1
22360,EXTEND,2,1019,0,513.50,16.66,1
22361,DECODE,361,0,361,2112.91,15.38,1
22362,DECODE,361,0,361,2113.91,15.47,1
22363,DECODE,360,0,360,2113.68,15.53,1
22364,EXTEND,2,999,0,504.00,18.01,1
22365,DECODE,361,0,361,2104.52,15.39,1
22366,EXTEND,2,989,0,500.50,20.19,1
22367,DECODE,363,0,363,2096.68,16.21,1
22368,DECODE,363,0,363,2097.68,15.49,1
22369,DECODE,362,0,362,2097.41,15.86,1
22370,EXTEND,3,2183,0,731.67,21.74,1
22371,DECODE,363,0,363,2084.57,15.37,1
22372,EXTEND,2,1177,0,592.50,22.41,1
22373,DECODE,365,0,365,2077.39,15.53,1
22374,DECODE,365,0,365,2078.39,15.61,1
22375,DECODE,364,0,364,2078.07,15.58,1
22376,EXTEND,3,1736,0,583.00,24.72,1
22377,DECODE,365,0,365,2066.62,15.38,1
22378,EXTEND,2,1144,0,575.50,21.22,1
22379,DECODE,367,0,367,2059.49,15.39,1
22380,DECODE,367,0,367,2060.49,15.60,1
22381,DECODE,367,0,367,2061.49,15.56,1
22382,DECODE,363,0,363,2057.00,15.60,1
22383,EXTEND,5,2757,0,556.60,23.13,1
22384,DECODE,364,0,364,2034.17,15.38,1
22385,EXTEND,6,3387,0,571.50,23.72,1
22386,DECODE,370,0,370,2011.45,15.40,1
22387,DECODE,370,0,370,2012.45,15.41,1
22388,DECODE,370,0,370,2013.45,15.52,1
22389,DECODE,368,0,368,2011.48,15.44,1
22390,EXTEND,5,2923,0,589.80,25.64,1
22391,DECODE,373,0,373,1993.42,15.39,1
22392,DECODE,373,0,373,1994.42,15.46,1
22393,DECODE,373,0,373,1995.42,16.11,1
22394,DECODE,371,0,371,1995.84,16.60,1
22395,EXTEND,4,2327,0,586.50,24.16,1
22396,DECODE,375,0,375,1981.81,15.13,1
22397,DECODE,375,0,375,1982.81,15.14,1
22398,DECODE,375,0,375,1983.81,15.39,1
22399,DECODE,374,0,374,1983.27,15.35,1
22400,EXTEND,3,1708,0,574.67,26.82,1
22401,DECODE,377,0,377,1973.06,15.13,1
22402,DECODE,377,0,377,1974.06,15.25,1
22403,DECODE,377,0,377,1975.06,15.18,1
22404,DECODE,377,0,377,1976.06,15.28,1
22405,DECODE,377,0,377,1977.06,15.28,1
22406,DECODE,377,0,377,1978.06,15.43,1
22407,DECODE,377,0,377,1979.06,16.47,1
22408,DECODE,377,0,377,1980.06,16.31,1
22409,DECODE,375,0,375,1977.97,16.77,1
22410,EXTEND,5,2936,0,592.40,43.66,1
22411,DECODE,379,0,379,1959.15,15.37,1
22412,EXTEND,3,1869,0,626.67,23.88,1
22413,DECODE,382,0,382,1949.69,15.06,1
22414,DECODE,382,0,382,1950.69,15.17,1
22415,DECODE,382,0,382,1951.69,15.09,1
22416,DECODE,381,0,381,1952.73,15.44,1
22417,EXTEND,2,1223,0,619.00,22.13,1
22418,DECODE,381,0,381,1943.54,15.12,1
22419,EXTEND,3,1825,0,612.00,23.99,1
22420,DECODE,384,0,384,1934.14,15.08,1
22421,DECODE,384,0,384,1935.14,15.19,1
22422,DECODE,383,0,383,1934.51,15.09,1
22423,EXTEND,3,1809,0,607.33,22.20,1
22424,DECODE,384,0,384,1921.89,14.93,1
22425,EXTEND,3,1802,0,606.33,26.68,1
22426,DECODE,385,0,385,1909.42,15.18,1
22427,EXTEND,3,1901,0,642.00,26.61,1
22428,DECODE,388,0,388,1900.62,15.20,1
22429,DECODE,388,0,388,1901.62,15.31,1
22430,DECODE,388,0,388,1902.62,15.42,1
22431,DECODE,388,0,388,1903.62,15.27,1
22432,DECODE,388,0,388,1904.62,15.57,1
22433,DECODE,387,0,387,1904.33,15.38,1
22434,EXTEND,3,1954,0,655.33,36.26,1
22435,DECODE,390,0,390,1895.72,15.30,1
22436,DECODE,390,0,390,1896.72,15.24,1
22437,DECODE,389,0,389,1896.62,15.45,1
22438,EXTEND,3,1889,0,635.33,25.94,1
22439,DECODE,392,0,392,1887.97,15.17,1
22440,DECODE,392,0,392,1888.97,15.29,1
22441,DECODE,391,0,391,1890.27,15.29,1
22442,EXTEND,2,1258,0,635.50,17.09,1
22443,DECODE,392,0,392,1883.16,15.33,1
22444,EXTEND,2,1242,0,627.50,22.05,1
22445,DECODE,394,0,394,1877.79,15.32,1
22446,DECODE,394,0,394,1878.79,15.29,1
22447,DECODE,393,0,393,1878.06,15.31,1
22448,EXTEND,3,1848,0,622.33,26.72,1
22449,DECODE,395,0,395,1867.79,15.24,1
22450,EXTEND,2,1598,0,804.00,23.52,1
22451,DECODE,397,0,397,1863.43,15.23,1
22452,DECODE,397,0,397,1864.43,15.33,1
22453,DECODE,395,0,395,1863.39,15.74,1
22454,EXTEND,3,2103,0,705.67,25.56,1
22455,DECODE,397,0,397,1853.89,15.18,1
22456,EXTEND,2,1328,0,669.00,16.49,1
22457,DECODE,399,0,399,1848.95,15.21,1
22458,DECODE,399,0,399,1849.95,15.50,1
22459,DECODE,399,0,399,1850.95,15.70,1
22460,DECODE,399,0,399,1851.95,15.32,1
22461,DECODE,398,0,398,1851.80,16.75,1
22462,EXTEND,2,1321,0,665.00,22.26,1
22463,DECODE,399,0,399,1845.08,15.07,1
22464,EXTEND,2,1307,0,660.50,20.80,1
22465,DECODE,401,0,401,1840.17,15.55,1
22466,DECODE,401,0,401,1841.17,15.68,1
22467,DECODE,400,0,400,1840.38,15.39,1
22468,EXTEND,2,1448,0,729.00,17.06,1
22469,DECODE,402,0,402,1835.85,15.68,1
22470,DECODE,402,0,402,1836.85,15.65,1
22471,DECODE,401,0,401,1836.04,15.81,1
22472,EXTEND,2,1405,0,706.00,21.29,1
22473,DECODE,403,0,403,1831.44,15.61,1
22474,DECODE,403,0,403,1832.44,15.69,1
22475,DECODE,402,0,402,1831.63,15.69,1
22476,EXTEND,2,1384,0,698.00,23.69,1
22477,DECODE,403,0,403,1825.20,15.84,1
22478,EXTEND,2,1354,0,682.50,20.69,1
22479,DECODE,403,0,403,1817.15,15.98,1
22480,EXTEND,3,2070,0,694.67,24.43,1
22481,DECODE,406,0,406,1809.86,15.65,1
22482,DECODE,406,0,406,1810.86,15.71,1
22483,DECODE,406,0,406,1811.86,15.66,1
22484,DECODE,406,0,406,1812.86,15.84,1
22485,DECODE,406,0,406,1813.86,15.77,1
22486,DECODE,406,0,406,1814.86,15.86,1
22487,DECODE,405,0,405,1814.02,15.59,1
22488,EXTEND,3,2171,0,728.67,35.53,1
22489,DECODE,408,0,408,1807.04,15.75,1
22490,DECODE,408,0,408,1808.04,15.75,1
22491,DECODE,408,0,408,1809.04,15.83,1
22492,DECODE,407,0,407,1809.59,16.90,1
22493,EXTEND,2,1385,0,702.00,30.70,1
22494,DECODE,409,0,409,1805.17,15.77,1
22495,DECODE,409,0,409,1806.17,15.74,1
22496,DECODE,409,0,409,1807.17,16.81,1
22497,DECODE,408,0,408,1806.33,17.15,1
22498,EXTEND,3,2042,0,688.00,35.01,1
22499,DECODE,411,0,411,1799.17,15.76,1
22500,DECODE,411,0,411,1800.17,15.84,1
22501,DECODE,411,0,411,1801.17,15.81,1
22502,DECODE,410,0,410,1800.31,15.54,1
22503,EXTEND,2,1479,0,743.50,35.49,1
22504,DECODE,412,0,412,1796.18,15.72,1
22505,DECODE,412,0,412,1797.18,15.81,1
22506,DECODE,412,0,412,1798.18,15.87,1
22507,DECODE,412,0,412,1799.18,16.65,1
22508,DECODE,412,0,412,1800.18,16.91,1
22509,DECODE,412,0,412,1801.18,16.49,1
22510,DECODE,412,0,412,1802.18,16.93,1
22511,DECODE,412,0,412,1803.18,16.91,1
22512,DECODE,411,0,411,1802.34,15.60,1
22513,EXTEND,2,1413,0,711.00,20.93,1
22514,DECODE,413,0,413,1798.06,15.95,1
22515,DECODE,413,0,413,1799.06,15.75,1
22516,DECODE,413,0,413,1800.06,16.23,1
22517,DECODE,412,0,412,1799.21,16.68,1
22518,EXTEND,2,1406,0,708.00,22.96,1
22519,DECODE,414,0,414,1794.94,15.71,1
22520,DECODE,414,0,414,1795.94,15.77,1
22521,DECODE,414,0,414,1796.94,15.76,1
22522,DECODE,414,0,414,1797.94,15.86,1
22523,DECODE,414,0,414,1798.94,15.81,1
22524,DECODE,414,0,414,1799.94,16.33,1
22525,DECODE,414,0,414,1800.94,16.64,1
22526,DECODE,413,0,413,1800.10,17.15,1
22527,EXTEND,3,2070,0,695.33,39.41,1
22528,DECODE,415,0,415,1791.74,15.93,1
22529,EXTEND,2,1479,0,744.50,16.84,1
22530,DECODE,416,0,416,1786.14,15.80,1
22531,EXTEND,2,1435,0,724.50,21.52,1
22532,DECODE,418,0,418,1782.06,15.54,1
22533,DECODE,418,0,418,1783.06,15.56,1
22534,DECODE,417,0,417,1782.20,15.59,1
22535,EXTEND,2,1412,0,713.50,21.86,1
22536,DECODE,419,0,419,1778.10,15.58,1
22537,DECODE,419,0,419,1779.10,15.51,1
22538,DECODE,419,0,419,1780.10,15.69,1
22539,DECODE,417,0,417,1778.93,16.65,1
22540,EXTEND,3,2119,0,714.00,20.56,1
22541,DECODE,420,0,420,1772.32,15.40,1
22542,DECODE,420,0,420,1773.32,15.49,1
22543,DECODE,420,0,420,1774.32,15.60,1
22544,DECODE,419,0,419,1773.45,15.67,1
22545,EXTEND,4,3041,0,765.25,25.65,1
22546,DECODE,422,0,422,1763.03,15.55,1
22547,EXTEND,2,1516,0,762.50,16.94,1
22548,DECODE,423,0,423,1757.41,15.64,1
22549,EXTEND,2,1485,0,747.00,16.59,1
22550,DECODE,423,0,423,1749.85,15.58,1
22551,EXTEND,3,2198,0,739.33,25.52,1
22552,DECODE,426,0,426,1743.73,15.58,1
22553,DECODE,426,0,426,1744.73,16.20,1
22554,DECODE,425,0,425,1743.81,15.88,1
22555,EXTEND,3,2324,0,779.00,23.89,1
22556,DECODE,427,0,427,1736.12,15.35,1
22557,EXTEND,3,2286,0,765.67,22.91,1
22558,DECODE,428,0,428,1726.48,15.55,1
22559,EXTEND,3,2262,0,759.00,24.11,1
22560,DECODE,429,0,429,1717.13,15.56,1
22561,EXTEND,4,2961,0,747.25,25.15,1
22562,DECODE,433,0,433,1709.17,15.85,1
22563,DECODE,433,0,433,1710.17,15.87,1
22564,DECODE,433,0,433,1711.17,16.04,1
22565,DECODE,432,0,432,1710.21,15.66,1
22566,EXTEND,3,2422,0,814.00,23.48,1
22567,DECODE,435,0,435,1705.03,15.89,1
22568,DECODE,435,0,435,1706.03,15.86,1
22569,DECODE,435,0,435,1707.03,16.05,1
22570,DECODE,434,0,434,1707.76,15.93,1
22571,EXTEND,3,2331,0,785.33,23.92,1
22572,DECODE,437,0,437,1702.43,15.72,1
22573,DECODE,437,0,437,1703.43,15.88,1
22574,DECODE,436,0,436,1702.46,16.01,1
22575,EXTEND,3,2285,0,769.33,23.59,1
22576,DECODE,438,0,438,1695.11,15.82,1
22577,EXTEND,2,1715,0,863.50,22.88,1
22578,DECODE,438,0,438,1688.37,15.68,1
22579,EXTEND,3,2490,0,835.67,21.33,1
22580,DECODE,441,0,441,1683.57,15.86,1
22581,DECODE,441,0,441,1684.57,15.85,1
22582,DECODE,441,0,441,1685.57,15.96,1
22583,DECODE,439,0,439,1682.59,15.96,1
22584,EXTEND,5,3898,0,792.40,25.28,1
22585,DECODE,441,0,441,1667.53,15.83,1
22586,EXTEND,4,3227,0,812.25,21.33,1
22587,DECODE,444,0,444,1658.81,15.71,1
22588,EXTEND,4,3222,0,811.00,23.17,1
22589,DECODE,448,0,448,1652.24,15.84,1
22590,DECODE,448,0,448,1653.24,15.81,1
22591,DECODE,448,0,448,1654.24,15.88,1
22592,DECODE,448,0,448,1655.24,16.92,1
22593,DECODE,448,0,448,1656.24,15.77,1
22594,DECODE,448,0,448,1657.24,15.95,1
22595,DECODE,448,0,448,1658.24,15.93,1
22596,DECODE,448,0,448,1659.24,16.10,1
22597,DECODE,447,0,447,1658.23,17.76,1
22598,EXTEND,3,2364,0,793.00,43.22,1
22599,DECODE,450,0,450,1653.46,16.02,1
22600,DECODE,450,0,450,1654.46,15.87,1
22601,DECODE,450,0,450,1655.46,16.41,1
22602,DECODE,446,0,446,1648.35,16.80,1
22603,EXTEND,6,5024,0,842.17,40.50,1
22604,DECODE,450,0,450,1634.55,15.82,1
22605,EXTEND,5,4228,0,851.60,27.55,1
22606,DECODE,453,0,453,1622.83,15.77,1
22607,EXTEND,5,4232,0,855.00,28.14,1
22608,DECODE,456,0,456,1612.86,15.79,1
22609,EXTEND,4,3385,0,852.00,24.43,1
22610,DECODE,460,0,460,1607.25,15.69,1
22611,DECODE,460,0,460,1608.25,15.72,1
22612,DECODE,459,0,459,1607.49,15.62,1
22613,EXTEND,4,3551,0,893.25,25.50,1
22614,DECODE,463,0,463,1602.32,15.78,1
22615,DECODE,463,0,463,1603.32,15.90,1
22616,DECODE,463,0,463,1604.32,16.17,1
22617,DECODE,463,0,463,1605.32,16.00,1
22618,DECODE,463,0,463,1606.32,15.90,1
22619,DECODE,462,0,462,1606.81,17.06,1
22620,EXTEND,3,2632,0,884.33,36.00,1
22621,DECODE,465,0,465,1603.15,15.90,1
22622,DECODE,465,0,465,1604.15,17.01,1
22623,DECODE,463,0,463,1601.02,16.12,1
22624,EXTEND,5,4430,0,894.60,28.79,1
22625,DECODE,463,0,463,1584.04,15.98,1
22626,EXTEND,6,5357,0,898.33,35.14,1
22627,DECODE,469,0,469,1576.27,16.35,1
22628,DECODE,469,0,469,1577.27,16.35,1
22629,DECODE,469,0,469,1578.27,16.43,1
22630,DECODE,469,0,469,1579.27,16.27,1
22631,DECODE,467,0,467,1576.07,16.53,1
22632,EXTEND,6,5469,0,917.17,33.62,1
22633,DECODE,472,0,472,1566.63,16.12,1
22634,EXTEND,4,3800,0,955.00,27.60,1
22635,DECODE,475,0,475,1561.90,16.12,1
22636,EXTEND,3,2823,0,949.00,26.91,1
22637,DECODE,477,0,477,1556.95,16.21,1
22638,EXTEND,3,2874,0,963.67,24.04,1
22639,DECODE,480,0,480,1554.25,16.02,1
22640,DECODE,480,0,480,1555.25,16.06,1
22641,DECODE,479,0,479,1554.15,16.11,1
22642,EXTEND,5,4883,0,982.40,32.15,1
22643,DECODE,481,0,481,1543.01,16.38,1
22644,EXTEND,3,2902,0,972.33,22.85,1
22645,DECODE,482,0,482,1536.24,16.83,1
22646,EXTEND,4,3918,0,984.75,25.28,1
22647,DECODE,486,0,486,1532.70,16.24,1
22648,DECODE,486,0,486,1533.70,16.23,1
22649,DECODE,486,0,486,1534.70,16.94,1
22650,DECODE,485,0,485,1535.05,16.49,1
22651,EXTEND,3,2953,0,990.00,24.24,1
22652,DECODE,488,0,488,1532.69,16.22,1
22653,DECODE,488,0,488,1533.69,16.60,1
22654,DECODE,487,0,487,1532.59,16.50,1
22655,EXTEND,3,3017,0,1011.00,25.20,1
22656,DECODE,488,0,488,1526.17,16.59,1
22657,EXTEND,3,3006,0,1007.00,22.35,1
22658,DECODE,491,0,491,1524.00,16.02,1
22659,DECODE,491,0,491,1525.00,16.07,1
22660,DECODE,490,0,490,1523.89,16.47,1
22661,EXTEND,3,3077,0,1033.67,22.40,1
22662,DECODE,492,0,492,1519.80,16.09,1
22663,EXTEND,2,2034,0,1023.50,20.41,1
22664,DECODE,494,0,494,1518.79,15.96,1
22665,DECODE,494,0,494,1519.79,16.17,1
22666,DECODE,493,0,493,1518.68,16.66,1
22667,EXTEND,3,3145,0,1053.67,21.29,1
22668,DECODE,495,0,495,1514.76,16.08,1
22669,EXTEND,2,2113,0,1064.00,20.15,1
22670,DECODE,496,0,496,1511.83,16.01,1
22671,EXTEND,2,2190,0,1100.00,32.05,1
22672,DECODE,498,0,498,1511.18,16.61,1
22673,DECODE,498,0,498,1512.18,16.27,1
22674,DECODE,498,0,498,1513.18,16.36,1
22675,DECODE,497,0,497,1512.07,16.47,1
22676,EXTEND,3,3212,0,1077.33,25.42,1
22677,DECODE,498,0,498,1506.25,16.30,1
22678,EXTEND,3,3293,0,1103.33,22.01,1
22679,DECODE,501,0,501,1504.84,16.22,1
22680,DECODE,501,0,501,1505.84,16.34,1
22681,DECODE,501,0,501,1506.84,16.41,1
22682,DECODE,501,0,501,1507.84,16.80,1
22683,DECODE,501,0,501,1508.84,16.49,1
22684,DECODE,501,0,501,1509.84,16.58,1
22685,DECODE,501,0,501,1510.84,16.50,1
22686,DECODE,500,0,500,1509.74,16.51,1
22687,EXTEND,3,3342,0,1120.67,41.02,1
22688,DECODE,500,0,500,1503.01,16.67,1
22689,EXTEND,4,4488,0,1131.00,28.30,1
22690,DECODE,503,0,503,1498.96,16.43,1
22691,EXTEND,3,3487,0,1167.33,25.46,1
22692,DECODE,506,0,506,1497.99,16.41,1
22693,DECODE,506,0,506,1498.99,16.51,1
22694,DECODE,506,0,506,1499.99,17.16,1
22695,DECODE,506,0,506,1500.99,16.80,1
22696,DECODE,505,0,505,1499.89,17.78,1
22697,EXTEND,4,4591,0,1154.00,36.83,1
22698,DECODE,507,0,507,1493.98,17.60,1
22699,EXTEND,3,3537,0,1184.67,25.54,1
22700,DECODE,508,0,508,1488.96,16.95,1
22701,EXTEND,2,2529,0,1269.50,24.01,1
22702,DECODE,510,0,510,1489.10,16.43,1
22703,DECODE,510,0,510,1490.10,16.44,1
22704,DECODE,510,0,510,1491.10,16.93,1
22705,DECODE,509,0,509,1490.00,17.28,1
22706,DECODE,507,0,507,1486.78,18.05,1
22707,DECODE,507,0,507,1487.78,17.57,1
22708,DECODE,505,0,505,1484.53,17.57,1
22709,DECODE,505,0,505,1485.53,17.53,1
22710,DECODE,505,0,505,1486.53,17.78,1
22711,DECODE,503,0,503,1483.27,17.98,1
22712,DECODE,503,0,503,1484.27,17.47,1
22713,DECODE,502,0,502,1483.99,17.84,1
22714,DECODE,501,0,501,1482.84,17.88,1
22715,DECODE,501,0,501,1483.84,17.84,1
22716,DECODE,500,0,500,1482.69,17.73,1
22717,DECODE,498,0,498,1479.36,17.76,1
22718,DECODE,498,0,498,1480.36,17.44,1
22719,DECODE,497,0,497,1479.19,17.09,1
22720,DECODE,494,0,494,1473.63,16.82,1
22721,DECODE,493,0,493,1472.42,16.21,1
22722,DECODE,490,0,490,1470.30,16.06,1
22723,DECODE,489,0,489,1469.07,16.03,1
22724,DECODE,488,0,488,1467.83,16.07,1
22725,DECODE,487,0,487,1466.59,16.00,1
22726,DECODE,486,0,486,1465.34,16.02,1
22727,DECODE,484,0,484,1461.82,17.57,1
22728,DECODE,482,0,482,1458.26,17.37,1
22729,DECODE,480,0,480,1454.67,17.19,1
22730,DECODE,480,0,480,1455.67,16.54,1
22731,DECODE,479,0,479,1454.36,16.55,1
22732,DECODE,477,0,477,1450.73,15.52,1
22733,DECODE,476,0,476,1449.40,15.42,1
22734,DECODE,474,0,474,1445.71,15.39,1
22735,DECODE,472,0,472,1441.99,15.28,1
22736,DECODE,471,0,471,1440.62,15.36,1
22737,DECODE,471,0,471,1441.62,15.71,1
22738,DECODE,470,0,470,1440.24,15.64,1
22739,DECODE,470,0,470,1441.24,15.51,1
22740,DECODE,470,0,470,1442.24,15.32,1
22741,DECODE,468,0,468,1438.46,16.58,1
22742,DECODE,467,0,467,1437.06,16.63,1
22743,DECODE,467,0,467,1438.06,16.18,1
22744,DECODE,465,0,465,1434.32,16.62,1
22745,DECODE,463,0,463,1430.45,16.38,1
22746,DECODE,460,0,460,1424.09,16.44,1
22747,DECODE,458,0,458,1423.86,16.32,1
22748,DECODE,457,0,457,1422.37,16.27,1
22749,DECODE,456,0,456,1420.88,16.12,1
22750,DECODE,456,0,456,1421.88,15.75,1
22751,DECODE,452,0,452,1412.90,16.11,1
22752,DECODE,452,0,452,1413.90,15.84,1
22753,DECODE,450,0,450,1409.81,16.09,1
22754,DECODE,449,0,449,1408.25,16.03,1
22755,DECODE,448,0,448,1406.68,15.64,1
22756,DECODE,447,0,447,1405.10,15.65,1
22757,DECODE,445,0,445,1400.91,16.10,1
22758,DECODE,444,0,444,1399.30,15.94,1
22759,DECODE,442,0,442,1395.04,16.50,1
22760,DECODE,439,0,439,1388.08,15.25,1
22761,DECODE,437,0,437,1386.53,15.62,1
22762,DECODE,434,0,434,1379.42,16.33,1
22763,DECODE,433,0,433,1377.70,15.43,1
22764,DECODE,433,0,433,1378.70,14.74,1
22765,DECODE,432,0,432,1376.96,15.06,1
22766,DECODE,432,0,432,1377.96,14.66,1
22767,DECODE,429,0,429,1370.69,15.25,1
22768,DECODE,429,0,429,1371.69,14.83,1
22769,DECODE,427,0,427,1367.13,15.26,1
22770,DECODE,425,0,425,1365.76,15.71,1
22771,DECODE,425,0,425,1366.76,14.87,1
22772,DECODE,424,0,424,1364.95,15.04,1
22773,DECODE,423,0,423,1363.12,15.26,1
22774,DECODE,420,0,420,1355.59,14.96,1
22775,DECODE,420,0,420,1356.59,14.67,1
22776,DECODE,418,0,418,1351.83,14.74,1
22777,DECODE,417,0,417,1349.94,14.86,1
22778,DECODE,414,0,414,1342.17,15.01,1
22779,DECODE,414,0,414,1343.17,14.99,1
22780,DECODE,414,0,414,1344.17,14.55,1
22781,DECODE,413,0,413,1342.22,15.02,1
22782,DECODE,411,0,411,1337.30,14.98,1
22783,DECODE,410,0,410,1335.31,15.15,1
22784,DECODE,410,0,410,1336.31,14.60,1
22785,DECODE,410,0,410,1337.31,14.71,1
22786,DECODE,408,0,408,1332.32,14.84,1
22787,DECODE,407,0,407,1330.30,15.06,1
22788,DECODE,407,0,407,1331.30,14.56,1
22789,DECODE,407,0,407,1332.30,14.53,1
22790,DECODE,407,0,407,1333.30,14.47,1
22791,DECODE,405,0,405,1328.89,14.05,1
22792,DECODE,403,0,403,1323.78,14.31,1
22793,DECODE,402,0,402,1321.71,14.45,1
22794,DECODE,402,0,402,1322.71,14.22,1
22795,DECODE,402,0,402,1323.71,14.17,1
22796,DECODE,401,0,401,1321.63,14.21,1
22797,DECODE,401,0,401,1322.63,14.15,1
22798,DECODE,401,0,401,1323.63,14.10,1
22799,DECODE,401,0,401,1324.63,14.11,1
22800,DECODE,401,0,401,1325.63,14.21,1
22801,DECODE,397,0,397,1314.93,13.71,1
22802,DECODE,396,0,396,1312.79,13.60,1
22803,DECODE,396,0,396,1313.79,13.57,1
22804,DECODE,394,0,394,1308.46,13.40,1
22805,DECODE,394,0,394,1309.46,13.33,1
22806,DECODE,394,0,394,1310.46,13.97,1
22807,DECODE,394,0,394,1311.46,12.76,1
22808,DECODE,394,0,394,1312.46,12.54,1
22809,DECODE,393,0,393,1310.29,12.51,1
22810,DECODE,393,0,393,1311.29,12.57,1
22811,DECODE,392,0,392,1310.44,12.56,1
22812,DECODE,392,0,392,1311.44,12.38,1
22813,DECODE,391,0,391,1309.25,12.48,1
22814,DECODE,391,0,391,1310.25,13.43,1
22815,DECODE,391,0,391,1311.25,13.37,1
22816,DECODE,389,0,389,1305.83,13.80,1
22817,DECODE,389,0,389,1306.83,13.45,1
22818,DECODE,389,0,389,1307.83,13.47,1
22819,DECODE,389,0,389,1308.83,13.49,1
22820,DECODE,387,0,387,1303.36,13.80,1
22821,DECODE,387,0,387,1304.36,13.54,1
22822,DECODE,387,0,387,1305.36,13.43,1
22823,DECODE,387,0,387,1306.36,13.54,1
22824,DECODE,387,0,387,1307.36,13.32,1
22825,DECODE,386,0,386,1305.12,12.45,1
22826,DECODE,386,0,386,1306.12,12.45,1
22827,DECODE,386,0,386,1307.12,12.42,1
22828,DECODE,386,0,386,1308.12,12.45,1
22829,DECODE,385,0,385,1305.87,12.45,1
22830,DECODE,385,0,385,1306.87,13.23,1
22831,DECODE,384,0,384,1304.60,12.34,1
22832,DECODE,384,0,384,1305.60,13.15,1
22833,DECODE,384,0,384,1306.60,12.22,1
22834,DECODE,384,0,384,1307.60,12.21,1
22835,DECODE,384,0,384,1308.60,13.01,1
22836,DECODE,384,0,384,1309.60,13.19,1
22837,DECODE,384,0,384,1310.60,13.13,1
22838,DECODE,384,0,384,1311.60,13.26,1
22839,DECODE,384,0,384,1312.60,13.38,1
22840,DECODE,384,0,384,1313.60,13.33,1
22841,DECODE,384,0,384,1314.60,13.46,1
22842,DECODE,384,0,384,1315.60,13.16,1
22843,DECODE,384,0,384,1316.60,13.35,1
22844,DECODE,384,0,384,1317.60,13.19,1
22845,DECODE,384,0,384,1318.60,13.39,1
22846,DECODE,383,0,383,1317.23,13.87,1
22847,DECODE,383,0,383,1318.23,13.45,1
22848,DECODE,383,0,383,1319.23,13.18,1
22849,DECODE,383,0,383,1320.23,13.36,1
22850,DECODE,383,0,383,1321.23,13.28,1
22851,DECODE,383,0,383,1322.23,13.45,1
22852,DECODE,383,0,383,1323.23,13.30,1
22853,DECODE,383,0,383,1324.23,13.34,1
22854,DECODE,383,0,383,1325.23,13.26,1
22855,DECODE,383,0,383,1326.23,13.45,1
22856,DECODE,383,0,383,1327.23,13.40,1
22857,DECODE,383,0,383,1328.23,13.39,1
22858,DECODE,383,0,383,1329.23,13.41,1
22859,DECODE,383,0,383,1330.23,13.42,1
22860,DECODE,383,0,383,1331.23,13.27,1
22861,DECODE,383,0,383,1332.23,13.59,1
22862,DECODE,383,0,383,1333.23,13.33,1
22863,DECODE,383,0,383,1334.23,13.43,1
22864,DECODE,383,0,383,1335.23,13.36,1
22865,DECODE,383,0,383,1336.23,13.69,1
22866,DECODE,383,0,383,1337.23,13.35,1
22867,DECODE,383,0,383,1338.23,13.51,1
22868,DECODE,382,0,382,1339.55,13.85,1
22869,DECODE,382,0,382,1340.55,13.60,1
22870,DECODE,382,0,382,1341.55,13.46,1
22871,DECODE,382,0,382,1342.55,13.75,1
22872,DECODE,382,0,382,1343.55,13.46,1
22873,DECODE,382,0,382,1344.55,13.47,1
22874,DECODE,382,0,382,1345.55,13.48,1
22875,DECODE,382,0,382,1346.55,13.32,1
22876,DECODE,382,0,382,1347.55,13.41,1
22877,DECODE,381,0,381,1345.37,13.81,1
22878,DECODE,380,0,380,1347.24,13.99,1
22879,DECODE,380,0,380,1348.24,13.56,1
22880,DECODE,380,0,380,1349.24,13.43,1
22881,DECODE,380,0,380,1350.24,13.48,1
22882,DECODE,380,0,380,1351.24,13.53,1
22883,DECODE,380,0,380,1352.24,13.63,1
22884,DECODE,380,0,380,1353.24,13.46,1
22885,DECODE,380,0,380,1354.24,13.68,1
22886,DECODE,380,0,380,1355.24,13.48,1
22887,DECODE,380,0,380,1356.24,13.48,1
22888,DECODE,380,0,380,1357.24,13.55,1
22889,DECODE,380,0,380,1358.24,13.47,1
22890,DECODE,380,0,380,1359.24,13.54,1
22891,DECODE,380,0,380,1360.24,13.57,1
22892,DECODE,380,0,380,1361.24,13.48,1
22893,DECODE,380,0,380,1362.24,13.57,1
22894,DECODE,380,0,380,1363.24,13.47,1
22895,DECODE,380,0,380,1364.24,13.44,1
22896,DECODE,380,0,380,1365.24,13.56,1
22897,DECODE,380,0,380,1366.24,13.60,1
22898,DECODE,380,0,380,1367.24,13.70,1
22899,DECODE,379,0,379,1369.16,13.94,1
22900,DECODE,379,0,379,1370.16,13.55,1
22901,DECODE,379,0,379,1371.16,13.56,1
22902,DECODE,378,0,378,1369.63,13.84,1
22903,DECODE,377,0,377,1368.10,13.78,1
22904,DECODE,377,0,377,1369.10,13.51,1
22905,DECODE,377,0,377,1370.10,13.54,1
22906,DECODE,377,0,377,1371.10,13.50,1
22907,DECODE,377,0,377,1372.10,13.43,1
22908,DECODE,377,0,377,1373.10,13.49,1
22909,DECODE,376,0,376,1370.94,13.85,1
22910,DECODE,376,0,376,1371.94,13.62,1
22911,DECODE,376,0,376,1372.94,13.44,1
22912,DECODE,376,0,376,1373.94,13.40,1
22913,DECODE,376,0,376,1374.94,13.43,1
22914,DECODE,376,0,376,1375.94,13.41,1
22915,DECODE,376,0,376,1376.94,13.49,1
22916,DECODE,376,0,376,1377.94,13.54,1
22917,DECODE,376,0,376,1378.94,13.63,1
22918,DECODE,376,0,376,1379.94,13.39,1
22919,DECODE,376,0,376,1380.94,13.43,1
22920,DECODE,376,0,376,1381.94,14.12,1
22921,DECODE,376,0,376,1382.94,13.50,1
22922,DECODE,376,0,376,1383.94,13.48,1
22923,DECODE,376,0,376,1384.94,13.43,1
22924,DECODE,376,0,376,1385.94,13.49,1
22925,DECODE,376,0,376,1386.94,13.52,1
22926,DECODE,376,0,376,1387.94,13.26,1
22927,DECODE,376,0,376,1388.94,13.35,1
22928,DECODE,376,0,376,1389.94,13.28,1
22929,DECODE,376,0,376,1390.94,13.41,1
22930,DECODE,376,0,376,1391.94,13.39,1
22931,DECODE,376,0,376,1392.94,13.49,1
22932,DECODE,376,0,376,1393.94,13.28,1
22933,DECODE,376,0,376,1394.94,13.33,1
22934,DECODE,376,0,376,1395.94,13.60,1
22935,DECODE,376,0,376,1396.94,13.49,1
22936,DECODE,376,0,376,1397.94,13.42,1
22937,DECODE,376,0,376,1398.94,13.44,1
22938,DECODE,375,0,375,1400.29,14.10,1
22939,DECODE,375,0,375,1401.29,13.42,1
22940,DECODE,375,0,375,1402.29,13.42,1
22941,DECODE,375,0,375,1403.29,13.91,1
22942,DECODE,375,0,375,1404.29,13.66,1
22943,DECODE,375,0,375,1405.29,13.62,1
22944,DECODE,375,0,375,1406.29,13.69,1
22945,DECODE,375,0,375,1407.29,13.58,1
22946,DECODE,375,0,375,1408.29,13.60,1
22947,DECODE,375,0,375,1409.29,13.53,1
22948,DECODE,375,0,375,1410.29,13.38,1
22949,DECODE,375,0,375,1411.29,13.42,1
22950,DECODE,375,0,375,1412.29,13.44,1
22951,DECODE,375,0,375,1413.29,13.58,1
22952,DECODE,375,0,375,1414.29,13.50,1
22953,DECODE,375,0,375,1415.29,13.45,1
22954,DECODE,375,0,375,1416.29,13.41,1
22955,DECODE,375,0,375,1417.29,13.41,1
22956,DECODE,375,0,375,1418.29,13.33,1
22957,DECODE,375,0,375,1419.29,13.48,1
22958,DECODE,375,0,375,1420.29,13.88,1
22959,DECODE,375,0,375,1421.29,13.89,1
22960,DECODE,375,0,375,1422.29,14.11,1
22961,DECODE,375,0,375,1423.29,14.05,1
22962,DECODE,375,0,375,1424.29,13.99,1
22963,DECODE,375,0,375,1425.29,13.47,1
22964,DECODE,375,0,375,1426.29,13.46,1
22965,DECODE,375,0,375,1427.29,13.57,1
22966,DECODE,375,0,375,1428.29,13.51,1
22967,DECODE,375,0,375,1429.29,13.53,1
22968,DECODE,375,0,375,1430.29,13.64,1
22969,DECODE,375,0,375,1431.29,13.62,1
22970,DECODE,375,0,375,1432.29,13.61,1
22971,DECODE,375,0,375,1433.29,13.68,1
22972,DECODE,375,0,375,1434.29,13.81,1
22973,DECODE,374,0,374,1433.04,14.23,1
22974,DECODE,374,0,374,1434.04,13.71,1
22975,DECODE,374,0,374,1435.04,13.65,1
22976,DECODE,374,0,374,1436.04,13.65,1
22977,DECODE,374,0,374,1437.04,13.87,1
22978,DECODE,374,0,374,1438.04,13.94,1
22979,DECODE,374,0,374,1439.04,13.73,1
22980,DECODE,374,0,374,1440.04,13.68,1
22981,DECODE,374,0,374,1441.04,13.86,1
22982,DECODE,374,0,374,1442.04,13.76,1
22983,DECODE,374,0,374,1443.04,13.81,1
22984,DECODE,373,0,373,1441.95,14.27,1
22985,DECODE,373,0,373,1442.95,13.78,1
22986,DECODE,373,0,373,1443.95,13.65,1
22987,DECODE,373,0,373,1444.95,13.67,1
22988,DECODE,372,0,372,1442.95,14.32,1
22989,DECODE,371,0,371,1443.86,14.18,1
22990,DECODE,371,0,371,1444.86,13.58,1
22991,DECODE,371,0,371,1445.86,13.74,1
22992,DECODE,371,0,371,1446.86,13.57,1
22993,DECODE,371,0,371,1447.86,13.67,1
22994,DECODE,371,0,371,1448.86,13.70,1
22995,DECODE,371,0,371,1449.86,13.59,1
22996,DECODE,371,0,371,1450.86,13.48,1
22997,DECODE,371,0,371,1451.86,13.54,1
22998,DECODE,371,0,371,1452.86,13.70,1
22999,DECODE,371,0,371,1453.86,13.69,1
23000,DECODE,371,0,371,1454.86,15.01,1
23001,DECODE,371,0,371,1455.86,13.76,1
23002,DECODE,371,0,371,1456.86,13.36,1
23003,DECODE,371,0,371,1457.86,13.72,1
23004,DECODE,371,0,371,1458.86,13.87,1
23005,DECODE,370,0,370,1457.88,14.03,1
23006,DECODE,370,0,370,1458.88,13.81,1
23007,DECODE,370,0,370,1459.88,13.76,1
23008,DECODE,370,0,370,1460.88,13.93,1
23009,DECODE,370,0,370,1461.88,13.66,1
23010,DECODE,370,0,370,1462.88,13.88,1
23011,DECODE,370,0,370,1463.88,13.76,1
23012,DECODE,370,0,370,1464.88,13.81,1
23013,DECODE,370,0,370,1465.88,13.66,1
23014,DECODE,370,0,370,1466.88,13.80,1
23015,DECODE,370,0,370,1467.88,13.86,1
23016,DECODE,370,0,370,1468.88,13.80,1
23017,DECODE,370,0,370,1469.88,13.77,1
23018,DECODE,370,0,370,1470.88,13.92,1
23019,DECODE,369,0,369,1471.95,14.01,1
23020,DECODE,369,0,369,1472.95,13.75,1
23021,DECODE,368,0,368,1474.49,14.07,1
23022,DECODE,368,0,368,1475.49,13.79,1
23023,DECODE,368,0,368,1476.49,13.74,1
23024,DECODE,368,0,368,1477.49,13.70,1
23025,DECODE,368,0,368,1478.49,13.76,1
23026,DECODE,368,0,368,1479.49,13.72,1
23027,DECODE,368,0,368,1480.49,13.81,1
23028,DECODE,368,0,368,1481.49,13.69,1
23029,DECODE,368,0,368,1482.49,13.82,1
23030,DECODE,368,0,368,1483.49,13.73,1
23031,DECODE,368,0,368,1484.49,13.63,1
23032,DECODE,368,0,368,1485.49,13.69,1
23033,DECODE,367,0,367,1483.56,13.89,1
23034,DECODE,367,0,367,1484.56,13.87,1
23035,DECODE,367,0,367,1485.56,13.57,1
23036,DECODE,367,0,367,1486.56,13.87,1
23037,DECODE,367,0,367,1487.56,13.80,1
23038,DECODE,367,0,367,1488.56,13.72,1
23039,DECODE,367,0,367,1489.56,13.83,1
23040,DECODE,367,0,367,1490.56,13.90,1
23041,DECODE,366,0,366,1488.64,14.24,1
23042,DECODE,366,0,366,1489.64,14.05,1
23043,DECODE,365,0,365,1491.38,14.50,1
23044,DECODE,365,0,365,1492.38,13.86,1
23045,DECODE,365,0,365,1493.38,13.81,1
23046,DECODE,365,0,365,1494.38,13.78,1
23047,DECODE,365,0,365,1495.38,13.76,1
23048,DECODE,365,0,365,1496.38,14.20,1
23049,DECODE,365,0,365,1497.38,13.81,1
23050,DECODE,365,0,365,1498.38,14.07,1
23051,DECODE,363,0,363,1497.07,14.20,1
23052,DECODE,363,0,363,1498.07,13.87,1
23053,DECODE,363,0,363,1499.07,13.84,1
23054,DECODE,363,0,363,1500.07,13.84,1
23055,DECODE,363,0,363,1501.07,13.99,1
23056,DECODE,363,0,363,1502.07,13.77,1
23057,DECODE,363,0,363,1503.07,13.92,1
23058,DECODE,363,0,363,1504.07,13.88,1
23059,DECODE,363,0,363,1505.07,13.76,1
23060,DECODE,363,0,363,1506.07,13.72,1
23061,DECODE,363,0,363,1507.07,13.67,1
23062,DECODE,363,0,363,1508.07,14.10,1
23063,DECODE,361,0,361,1506.37,14.04,1
23064,DECODE,361,0,361,1507.37,14.32,1
23065,DECODE,359,0,359,1502.50,14.71,1
23066,DECODE,358,0,358,1501.46,13.76,1
23067,DECODE,357,0,357,1499.49,13.75,1
23068,DECODE,357,0,357,1500.49,13.52,1
23069,DECODE,357,0,357,1501.49,13.55,1
23070,DECODE,357,0,357,1502.49,13.60,1
23071,DECODE,357,0,357,1503.49,13.64,1
23072,DECODE,357,0,357,1504.49,13.49,1
23073,DECODE,357,0,357,1505.49,13.51,1
23074,DECODE,355,0,355,1500.55,13.83,1
23075,DECODE,355,0,355,1501.55,13.60,1
23076,DECODE,355,0,355,1502.55,13.49,1
23077,DECODE,355,0,355,1503.55,13.68,1
23078,DECODE,355,0,355,1504.55,13.62,1
23079,DECODE,355,0,355,1505.55,13.55,1
23080,DECODE,355,0,355,1506.55,13.54,1
23081,DECODE,354,0,354,1504.58,13.88,1
23082,DECODE,354,0,354,1505.58,13.67,1
23083,DECODE,354,0,354,1506.58,13.59,1
23084,DECODE,353,0,353,1504.78,14.03,1
23085,DECODE,353,0,353,1505.78,13.78,1
23086,DECODE,352,0,352,1503.79,13.80,1
23087,DECODE,352,0,352,1504.79,13.71,1
23088,DECODE,352,0,352,1505.79,13.62,1
23089,DECODE,352,0,352,1506.79,13.52,1
23090,DECODE,352,0,352,1507.79,13.53,1
23091,DECODE,352,0,352,1508.79,13.61,1
23092,DECODE,352,0,352,1509.79,13.60,1
23093,DECODE,352,0,352,1510.79,13.58,1
23094,DECODE,352,0,352,1511.79,13.59,1
23095,DECODE,352,0,352,1512.79,13.65,1
23096,DECODE,352,0,352,1513.79,13.61,1
23097,DECODE,351,0,351,1515.25,13.86,1
23098,DECODE,351,0,351,1516.25,13.68,1
23099,DECODE,351,0,351,1517.25,13.70,1
23100,DECODE,350,0,350,1518.89,13.85,1
23101,DECODE,349,0,349,1516.91,13.73,1
23102,DECODE,349,0,349,1517.91,13.73,1
23103,DECODE,349,0,349,1518.91,13.69,1
23104,DECODE,348,0,348,1516.92,13.94,1
23105,DECODE,348,0,348,1517.92,13.83,1
23106,DECODE,348,0,348,1518.92,13.80,1
23107,DECODE,348,0,348,1519.92,13.97,1
23108,DECODE,348,0,348,1520.92,13.86,1
23109,DECODE,347,0,347,1518.93,14.07,1
23110,DECODE,346,0,346,1520.32,13.98,1
23111,DECODE,346,0,346,1521.32,13.86,1
23112,DECODE,346,0,346,1522.32,13.66,1
23113,DECODE,345,0,345,1520.31,13.95,1
23114,DECODE,345,0,345,1521.31,13.69,1
23115,DECODE,345,0,345,1522.31,13.71,1
23116,DECODE,345,0,345,1523.31,13.71,1
23117,DECODE,345,0,345,1524.31,13.70,1
23118,DECODE,344,0,344,1522.30,13.89,1
23119,DECODE,344,0,344,1523.30,13.81,1
23120,DECODE,344,0,344,1524.30,13.77,1
23121,DECODE,343,0,343,1526.12,14.04,1
23122,DECODE,343,0,343,1527.12,13.75,1
23123,DECODE,343,0,343,1528.12,13.71,1
23124,DECODE,343,0,343,1529.12,13.82,1
23125,DECODE,343,0,343,1530.12,13.65,1
23126,DECODE,343,0,343,1531.12,13.71,1
23127,DECODE,342,0,342,1532.36,14.11,1
23128,DECODE,342,0,342,1533.36,13.88,1
23129,DECODE,341,0,341,1531.35,13.95,1
23130,DECODE,341,0,341,1532.35,13.88,1
23131,DECODE,341,0,341,1533.35,13.77,1
23132,DECODE,341,0,341,1534.35,13.71,1
23133,DECODE,341,0,341,1535.35,13.56,1
23134,DECODE,341,0,341,1536.35,13.68,1
23135,DECODE,340,0,340,1534.34,13.89,1
23136,DECODE,340,0,340,1535.34,13.83,1
23137,DECODE,340,0,340,1536.34,13.80,1
23138,DECODE,340,0,340,1537.34,13.60,1
23139,DECODE,340,0,340,1538.34,13.63,1
23140,DECODE,340,0,340,1539.34,13.54,1
23141,DECODE,340,0,340,1540.34,13.58,1
23142,DECODE,339,0,339,1538.33,13.83,1
23143,DECODE,337,0,337,1537.05,13.77,1
23144,DECODE,337,0,337,1538.05,13.49,1
23145,DECODE,337,0,337,1539.05,13.51,1
23146,DECODE,337,0,337,1540.05,13.50,1
23147,DECODE,337,0,337,1541.05,13.59,1
23148,DECODE,336,0,336,1539.02,13.61,1
23149,DECODE,336,0,336,1540.02,13.14,1
23150,DECODE,336,0,336,1541.02,13.38,1
23151,DECODE,335,0,335,1542.58,13.58,1
23152,DECODE,335,0,335,1543.58,13.54,1
23153,DECODE,335,0,335,1544.58,13.42,1
23154,DECODE,335,0,335,1545.58,13.55,1
23155,DECODE,335,0,335,1546.58,13.37,1
23156,DECODE,335,0,335,1547.58,13.35,1
23157,DECODE,334,0,334,1545.54,13.66,1
23158,DECODE,334,0,334,1546.54,13.43,1
23159,DECODE,334,0,334,1547.54,13.30,1
23160,DECODE,334,0,334,1548.54,13.38,1
23161,DECODE,333,0,333,1549.74,13.71,1
23162,DECODE,333,0,333,1550.74,13.62,1
23163,DECODE,333,0,333,1551.74,13.43,1
23164,DECODE,333,0,333,1552.74,13.36,1
23165,DECODE,333,0,333,1553.74,13.35,1
23166,DECODE,333,0,333,1554.74,13.65,1
23167,DECODE,333,0,333,1555.74,13.50,1
23168,DECODE,333,0,333,1556.74,13.77,1
23169,DECODE,332,0,332,1554.72,14.25,1
23170,DECODE,331,0,331,1552.68,14.10,1
23171,DECODE,331,0,331,1553.68,13.73,1
23172,DECODE,331,0,331,1554.68,13.64,1
23173,DECODE,331,0,331,1555.68,13.68,1
23174,DECODE,331,0,331,1556.68,13.40,1
23175,DECODE,331,0,331,1557.68,13.69,1
23176,DECODE,331,0,331,1558.68,13.02,1
23177,DECODE,331,0,331,1559.68,13.19,1
23178,DECODE,331,0,331,1560.68,13.18,1
23179,DECODE,331,0,331,1561.68,13.08,1
23180,DECODE,331,0,331,1562.68,13.27,1
23181,DECODE,331,0,331,1563.68,13.27,1
23182,DECODE,331,0,331,1564.68,13.23,1
23183,DECODE,331,0,331,1565.68,13.13,1
23184,DECODE,330,0,330,1563.67,13.45,1
23185,DECODE,330,0,330,1564.67,13.02,1
23186,DECODE,330,0,330,1565.67,12.73,1
23187,DECODE,330,0,330,1566.67,12.93,1
23188,DECODE,330,0,330,1567.67,12.99,1
23189,DECODE,330,0,330,1568.67,13.28,1
23190,DECODE,330,0,330,1569.67,13.03,1
23191,DECODE,329,0,329,1567.66,13.13,1
23192,DECODE,329,0,329,1568.66,12.90,1
23193,DECODE,329,0,329,1569.66,12.73,1
23194,DECODE,329,0,329,1570.66,12.88,1
23195,DECODE,329,0,329,1571.66,12.96,1
23196,DECODE,328,0,328,1569.65,13.07,1
23197,DECODE,328,0,328,1570.65,13.00,1
23198,DECODE,328,0,328,1571.65,13.00,1
23199,DECODE,328,0,328,1572.65,12.74,1
23200,DECODE,328,0,328,1573.65,12.98,1
23201,DECODE,328,0,328,1574.65,13.13,1
23202,DECODE,327,0,327,1576.38,13.28,1
23203,DECODE,327,0,327,1577.38,13.10,1
23204,DECODE,327,0,327,1578.38,13.22,1
23205,DECODE,327,0,327,1579.38,13.25,1
23206,DECODE,327,0,327,1580.38,13.36,1
23207,DECODE,327,0,327,1581.38,13.14,1
23208,DECODE,327,0,327,1582.38,13.19,1
23209,DECODE,327,0,327,1583.38,13.28,1
23210,DECODE,327,0,327,1584.38,13.04,1
23211,DECODE,327,0,327,1585.38,13.00,1
23212,DECODE,327,0,327,1586.38,13.05,1
23213,DECODE,327,0,327,1587.38,12.93,1
23214,DECODE,327,0,327,1588.38,13.20,1
23215,DECODE,326,0,326,1586.80,13.59,1
23216,DECODE,326,0,326,1587.80,13.00,1
23217,DECODE,326,0,326,1588.80,12.92,1
23218,DECODE,326,0,326,1589.80,12.93,1
23219,DECODE,326,0,326,1590.80,12.89,1
23220,DECODE,326,0,326,1591.80,13.00,1
23221,DECODE,326,0,326,1592.80,12.99,1
23222,DECODE,326,0,326,1593.80,13.01,1
23223,DECODE,326,0,326,1594.80,13.11,1
23224,DECODE,326,0,326,1595.80,13.04,1
23225,DECODE,326,0,326,1596.80,12.81,1
23226,DECODE,325,0,325,1594.84,13.41,1
23227,DECODE,325,0,325,1595.84,12.98,1
23228,DECODE,325,0,325,1596.84,13.04,1
23229,DECODE,325,0,325,1597.84,13.02,1
23230,DECODE,325,0,325,1598.84,13.03,1
23231,DECODE,325,0,325,1599.84,12.98,1
23232,DECODE,325,0,325,1600.84,13.31,1
23233,DECODE,325,0,325,1601.84,13.14,1
23234,DECODE,325,0,325,1602.84,13.12,1
23235,DECODE,325,0,325,1603.84,13.09,1
23236,DECODE,325,0,325,1604.84,13.75,1
23237,DECODE,325,0,325,1605.84,13.12,1
23238,DECODE,325,0,325,1606.84,13.17,1
23239,DECODE,325,0,325,1607.84,13.28,1
23240,DECODE,324,0,324,1605.90,13.52,1
23241,DECODE,323,0,323,1603.94,13.47,1
23242,DECODE,323,0,323,1604.94,13.16,1
23243,DECODE,323,0,323,1605.94,12.97,1
23244,DECODE,323,0,323,1606.94,13.02,1
23245,DECODE,323,0,323,1607.94,12.99,1
23246,DECODE,323,0,323,1608.94,13.24,1
23247,DECODE,322,0,322,1606.99,13.42,1
23248,DECODE,321,0,321,1605.02,13.58,1
23249,DECODE,321,0,321,1606.02,13.06,1
23250,DECODE,320,0,320,1604.04,15.28,1
23251,DECODE,320,0,320,1605.04,13.22,1
23252,DECODE,320,0,320,1606.04,13.06,1
23253,DECODE,320,0,320,1607.04,12.99,1
23254,DECODE,320,0,320,1608.04,13.08,1
23255,DECODE,320,0,320,1609.04,12.96,1
23256,DECODE,320,0,320,1610.04,13.14,1
23257,DECODE,320,0,320,1611.04,13.27,1
23258,DECODE,320,0,320,1612.04,13.07,1
23259,DECODE,320,0,320,1613.04,12.38,1
23260,DECODE,320,0,320,1614.04,12.33,1
23261,DECODE,320,0,320,1615.04,12.39,1
23262,DECODE,320,0,320,1616.04,12.37,1
23263,DECODE,319,0,319,1614.08,12.41,1
23264,DECODE,319,0,319,1615.08,12.45,1
23265,DECODE,319,0,319,1616.08,12.30,1
23266,DECODE,319,0,319,1617.08,12.27,1
23267,DECODE,318,0,318,1618.68,12.40,1
23268,DECODE,318,0,318,1619.68,12.35,1
23269,DECODE,317,0,317,1617.94,12.44,1
23270,DECODE,317,0,317,1618.94,13.31,1
23271,DECODE,317,0,317,1619.94,13.10,1
23272,DECODE,317,0,317,1620.94,13.24,1
23273,DECODE,316,0,316,1618.97,14.21,1
23274,DECODE,316,0,316,1619.97,14.03,1
23275,DECODE,316,0,316,1620.97,13.90,1
23276,DECODE,316,0,316,1621.97,12.50,1
23277,DECODE,316,0,316,1622.97,12.50,1
23278,DECODE,315,0,315,1624.58,12.60,1
23279,DECODE,315,0,315,1625.58,12.53,1
23280,DECODE,315,0,315,1626.58,12.45,1
23281,DECODE,315,0,315,1627.58,12.56,1
23282,DECODE,315,0,315,1628.58,12.38,1
23283,DECODE,315,0,315,1629.58,12.39,1
23284,DECODE,315,0,315,1630.58,12.36,1
23285,DECODE,315,0,315,1631.58,12.34,1
23286,DECODE,315,0,315,1632.58,13.26,1
23287,DECODE,315,0,315,1633.58,13.15,1
23288,DECODE,315,0,315,1634.58,13.25,1
23289,DECODE,315,0,315,1635.58,13.13,1
23290,DECODE,314,0,314,1633.64,13.67,1
23291,DECODE,314,0,314,1634.64,13.21,1
23292,DECODE,313,0,313,1635.94,13.36,1
23293,DECODE,313,0,313,1636.94,13.06,1
23294,DECODE,313,0,313,1637.94,13.07,1
23295,DECODE,313,0,313,1638.94,13.11,1
23296,DECODE,313,0,313,1639.94,13.07,1
23297,DECODE,311,0,311,1635.02,13.26,1
23298,DECODE,311,0,311,1636.02,13.06,1
23299,DECODE,311,0,311,1637.02,13.05,1
23300,DECODE,311,0,311,1638.02,13.07,1
23301,DECODE,311,0,311,1639.02,13.03,1
23302,DECODE,311,0,311,1640.02,13.91,1
23303,DECODE,311,0,311,1641.02,13.19,1
23304,DECODE,311,0,311,1642.02,13.15,1
23305,DECODE,310,0,310,1640.06,13.24,1
23306,DECODE,310,0,310,1641.06,13.09,1
23307,DECODE,310,0,310,1642.06,13.29,1
23308,DECODE,310,0,310,1643.06,13.32,1
23309,DECODE,310,0,310,1644.06,13.19,1
23310,DECODE,310,0,310,1645.06,13.31,1
23311,DECODE,310,0,310,1646.06,13.26,1
23312,DECODE,309,0,309,1644.10,13.95,1
23313,DECODE,308,0,308,1645.93,13.69,1
23314,DECODE,308,0,308,1646.93,12.98,1
23315,DECODE,308,0,308,1647.93,12.89,1
23316,DECODE,308,0,308,1648.93,12.88,1
23317,DECODE,307,0,307,1646.96,13.45,1
23318,DECODE,307,0,307,1647.96,12.94,1
23319,DECODE,307,0,307,1648.96,12.96,1
23320,DECODE,306,0,306,1646.98,13.48,1
23321,DECODE,306,0,306,1647.98,13.10,1
23322,DECODE,305,0,305,1645.99,13.37,1
23323,DECODE,304,0,304,1643.98,14.89,1
23324,DECODE,302,0,302,1638.92,13.13,1
23325,DECODE,300,0,300,1633.78,13.33,1
23326,DECODE,300,0,300,1634.78,12.80,1
23327,DECODE,300,0,300,1635.78,12.71,1
23328,DECODE,300,0,300,1636.78,12.81,1
23329,DECODE,299,0,299,1634.69,13.54,1
23330,DECODE,298,0,298,1632.58,13.43,1
23331,DECODE,297,0,297,1630.46,13.20,1
23332,DECODE,296,0,296,1628.32,12.92,1
23333,DECODE,296,0,296,1629.32,12.61,1
23334,DECODE,295,0,295,1627.17,12.92,1
23335,DECODE,294,0,294,1624.99,12.83,1
23336,DECODE,292,0,292,1619.59,12.88,1
23337,DECODE,290,0,290,1614.10,12.74,1
23338,DECODE,290,0,290,1615.10,12.89,1
23339,DECODE,288,0,288,1609.54,12.89,1
23340,DECODE,288,0,288,1610.54,12.09,1
23341,DECODE,288,0,288,1611.54,12.03,1
23342,DECODE,287,0,287,1609.24,12.41,1
23343,DECODE,287,0,287,1610.24,12.07,1
23344,DECODE,287,0,287,1611.24,12.18,1
23345,DECODE,286,0,286,1608.92,13.47,1
23346,DECODE,286,0,286,1609.92,12.92,1
23347,DECODE,286,0,286,1610.92,13.06,1
23348,DECODE,286,0,286,1611.92,12.90,1
23349,DECODE,285,0,285,1609.59,13.54,1
23350,DECODE,284,0,284,1607.25,13.60,1
23351,DECODE,283,0,283,1604.88,12.35,1
23352,DECODE,283,0,283,1605.88,12.21,1
23353,DECODE,283,0,283,1606.88,12.17,1
23354,DECODE,283,0,283,1607.88,12.26,1
23355,DECODE,282,0,282,1605.50,12.45,1
23356,DECODE,282,0,282,1606.50,12.30,1
23357,DECODE,282,0,282,1607.50,12.14,1
23358,DECODE,280,0,280,1607.69,12.48,1
23359,DECODE,279,0,279,1605.28,12.52,1
23360,DECODE,278,0,278,1602.84,12.54,1
23361,DECODE,277,0,277,1600.39,12.44,1
23362,DECODE,277,0,277,1601.39,12.18,1
23363,DECODE,277,0,277,1602.39,12.23,1
23364,DECODE,277,0,277,1603.39,12.13,1
23365,DECODE,277,0,277,1604.39,12.25,1
23366,DECODE,276,0,276,1601.92,12.43,1
23367,DECODE,275,0,275,1599.44,12.49,1
23368,DECODE,275,0,275,1600.44,12.21,1
23369,DECODE,275,0,275,1601.44,12.19,1
23370,DECODE,275,0,275,1602.44,12.17,1
23371,DECODE,272,0,272,1592.88,14.07,1
23372,DECODE,271,0,271,1594.31,12.61,1
23373,DECODE,268,0,268,1588.22,12.39,1
23374,DECODE,268,0,268,1589.22,12.15,1
23375,DECODE,268,0,268,1590.22,12.09,1
23376,DECODE,268,0,268,1591.22,12.05,1
23377,DECODE,268,0,268,1592.22,12.20,1
23378,DECODE,267,0,267,1593.51,12.58,1
23379,DECODE,267,0,267,1594.51,12.23,1
23380,DECODE,267,0,267,1595.51,12.07,1
23381,DECODE,267,0,267,1596.51,12.14,1
23382,DECODE,267,0,267,1597.51,12.21,1
23383,DECODE,266,0,266,1594.89,12.78,1
23384,DECODE,265,0,265,1596.14,12.74,1
23385,DECODE,265,0,265,1597.14,12.10,1
23386,DECODE,264,0,264,1594.50,12.12,1
23387,DECODE,264,0,264,1595.50,11.73,1
23388,DECODE,264,0,264,1596.50,11.58,1
23389,DECODE,264,0,264,1597.50,11.80,1
23390,DECODE,264,0,264,1598.50,11.58,1
23391,DECODE,264,0,264,1599.50,11.53,1
23392,DECODE,264,0,264,1600.50,11.62,1
23393,DECODE,264,0,264,1601.50,11.50,1
23394,DECODE,264,0,264,1602.50,11.67,1
23395,DECODE,264,0,264,1603.50,11.60,1
23396,DECODE,264,0,264,1604.50,11.61,1
23397,DECODE,264,0,264,1605.50,11.68,1
23398,DECODE,264,0,264,1606.50,11.62,1
23399,DECODE,264,0,264,1607.50,11.67,1
23400,DECODE,264,0,264,1608.50,11.56,1
23401,DECODE,263,0,263,1609.81,12.05,1
23402,DECODE,263,0,263,1610.81,11.46,1
23403,DECODE,263,0,263,1611.81,11.51,1
23404,DECODE,263,0,263,1612.81,11.48,1
23405,DECODE,263,0,263,1613.81,11.53,1
23406,DECODE,263,0,263,1614.81,11.49,1
23407,DECODE,263,0,263,1615.81,11.62,1
23408,DECODE,263,0,263,1616.81,11.57,1
23409,DECODE,263,0,263,1617.81,11.58,1
23410,DECODE,263,0,263,1618.81,11.61,1
23411,DECODE,263,0,263,1619.81,11.50,1
23412,DECODE,263,0,263,1620.81,11.56,1
23413,DECODE,263,0,263,1621.81,11.44,1
23414,DECODE,263,0,263,1622.81,11.52,1
23415,DECODE,263,0,263,1623.81,11.46,1
23416,DECODE,263,0,263,1624.81,11.53,1
23417,DECODE,263,0,263,1625.81,11.52,1
23418,DECODE,263,0,263,1626.81,11.67,1
23419,DECODE,263,0,263,1627.81,11.57,1
23420,DECODE,263,0,263,1628.81,11.42,1
23421,DECODE,263,0,263,1629.81,11.17,1
23422,DECODE,263,0,263,1630.81,11.84,1
23423,DECODE,262,0,262,1632.07,11.75,1
23424,DECODE,262,0,262,1633.07,11.64,1
23425,DECODE,262,0,262,1634.07,11.64,1
23426,DECODE,262,0,262,1635.07,11.95,1
23427,DECODE,262,0,262,1636.07,11.78,1
23428,DECODE,262,0,262,1637.07,11.69,1
23429,DECODE,261,0,261,1638.46,12.13,1
23430,DECODE,261,0,261,1639.46,11.67,1
23431,DECODE,261,0,261,1640.46,11.75,1
23432,DECODE,261,0,261,1641.46,11.74,1
23433,DECODE,261,0,261,1642.46,12.57,1
23434,DECODE,261,0,261,1643.46,11.72,1
23435,DECODE,261,0,261,1644.46,11.70,1
23436,DECODE,261,0,261,1645.46,11.95,1
23437,DECODE,261,0,261,1646.46,11.65,1
23438,DECODE,261,0,261,1647.46,11.94,1
23439,DECODE,261,0,261,1648.46,11.69,1
23440,DECODE,261,0,261,1649.46,11.78,1
23441,DECODE,261,0,261,1650.46,11.66,1
23442,DECODE,261,0,261,1651.46,11.65,1
23443,DECODE,261,0,261,1652.46,13.19,1
23444,DECODE,261,0,261,1653.46,12.29,1
23445,DECODE,261,0,261,1654.46,12.40,1
23446,DECODE,261,0,261,1655.46,12.23,1
23447,DECODE,261,0,261,1656.46,12.58,1
23448,DECODE,261,0,261,1657.46,12.40,1
23449,DECODE,261,0,261,1658.46,12.31,1
23450,DECODE,260,0,260,1659.40,12.86,1
23451,DECODE,260,0,260,1660.40,12.36,1
23452,DECODE,260,0,260,1661.40,12.27,1
23453,DECODE,260,0,260,1662.40,12.34,1
23454,DECODE,260,0,260,1663.40,12.38,1
23455,DECODE,260,0,260,1664.40,12.50,1
23456,DECODE,260,0,260,1665.40,11.86,1
23457,DECODE,259,0,259,1665.44,12.17,1
23458,DECODE,259,0,259,1666.44,11.87,1
23459,DECODE,259,0,259,1667.44,11.66,1
23460,DECODE,259,0,259,1668.44,11.58,1
23461,DECODE,259,0,259,1669.44,11.81,1
23462,DECODE,259,0,259,1670.44,11.72,1
23463,DECODE,259,0,259,1671.44,11.90,1
23464,DECODE,259,0,259,1672.44,11.48,1
23465,DECODE,259,0,259,1673.44,11.64,1
23466,DECODE,259,0,259,1674.44,11.37,1
23467,DECODE,259,0,259,1675.44,11.67,1
23468,DECODE,259,0,259,1676.44,11.75,1
23469,DECODE,259,0,259,1677.44,11.64,1
23470,DECODE,259,0,259,1678.44,12.83,1
23471,DECODE,259,0,259,1679.44,11.64,1
23472,DECODE,259,0,259,1680.44,11.87,1
23473,DECODE,259,0,259,1681.44,11.63,1
23474,DECODE,259,0,259,1682.44,11.64,1
23475,DECODE,259,0,259,1683.44,11.91,1
23476,DECODE,259,0,259,1684.44,11.67,1
23477,DECODE,259,0,259,1685.44,12.36,1
23478,DECODE,259,0,259,1686.44,11.67,1
23479,DECODE,258,0,258,1687.77,11.90,1
23480,DECODE,258,0,258,1688.77,11.69,1
23481,DECODE,258,0,258,1689.77,11.71,1
23482,DECODE,258,0,258,1690.77,11.67,1
23483,DECODE,258,0,258,1691.77,11.79,1
23484,DECODE,258,0,258,1692.77,11.81,1
23485,DECODE,258,0,258,1693.77,11.86,1
23486,DECODE,258,0,258,1694.77,11.60,1
23487,DECODE,258,0,258,1695.77,11.91,1
23488,DECODE,258,0,258,1696.77,11.71,1
23489,DECODE,258,0,258,1697.77,11.76,1
23490,DECODE,258,0,258,1698.77,11.82,1
23491,DECODE,258,0,258,1699.77,11.82,1
23492,DECODE,258,0,258,1700.77,11.80,1
23493,DECODE,258,0,258,1701.77,10.78,1
23494,DECODE,258,0,258,1702.77,10.72,1
23495,DECODE,258,0,258,1703.77,10.82,1
23496,DECODE,258,0,258,1704.77,10.70,1
23497,DECODE,257,0,257,1706.09,10.73,1
23498,DECODE,257,0,257,1707.09,10.74,1
23499,DECODE,257,0,257,1708.09,10.78,1
23500,DECODE,257,0,257,1709.09,10.71,1
23501,DECODE,257,0,257,1710.09,10.81,1
23502,DECODE,257,0,257,1711.09,10.73,1
23503,DECODE,257,0,257,1712.09,10.82,1
23504,DECODE,257,0,257,1713.09,11.05,1
23505,DECODE,257,0,257,1714.09,11.74,1
23506,DECODE,257,0,257,1715.09,11.77,1
23507,DECODE,257,0,257,1716.09,11.71,1
23508,DECODE,257,0,257,1717.09,11.68,1
23509,DECODE,257,0,257,1718.09,11.87,1
23510,DECODE,257,0,257,1719.09,11.67,1
23511,DECODE,257,0,257,1720.09,11.94,1
23512,DECODE,257,0,257,1721.09,11.87,1
23513,DECODE,257,0,257,1722.09,11.91,1
23514,DECODE,257,0,257,1723.09,11.72,1
23515,DECODE,257,0,257,1724.09,11.75,1
23516,DECODE,257,0,257,1725.09,11.72,1
23517,DECODE,257,0,257,1726.09,11.78,1
23518,DECODE,257,0,257,1727.09,11.86,1
23519,DECODE,257,0,257,1728.09,11.87,1
23520,DECODE,257,0,257,1729.09,11.91,1
23521,DECODE,257,0,257,1730.09,11.91,1
23522,DECODE,257,0,257,1731.09,11.81,1
23523,DECODE,257,0,257,1732.09,11.87,1
23524,DECODE,257,0,257,1733.09,11.85,1
23525,DECODE,257,0,257,1734.09,11.85,1
23526,DECODE,257,0,257,1735.09,11.77,1
23527,DECODE,257,0,257,1736.09,11.90,1
23528,DECODE,257,0,257,1737.09,12.48,1
23529,DECODE,257,0,257,1738.09,11.92,1
23530,DECODE,257,0,257,1739.09,11.80,1
23531,DECODE,257,0,257,1740.09,12.05,1
23532,DECODE,257,0,257,1741.09,11.93,1
23533,DECODE,257,0,257,1742.09,11.83,1
23534,DECODE,257,0,257,1743.09,11.95,1
23535,DECODE,257,0,257,1744.09,11.87,1
23536,DECODE,257,0,257,1745.09,11.89,1
23537,DECODE,257,0,257,1746.09,11.99,1
23538,DECODE,257,0,257,1747.09,12.07,1
23539,DECODE,257,0,257,1748.09,12.22,1
23540,DECODE,257,0,257,1749.09,11.94,1
23541,DECODE,257,0,257,1750.09,12.14,1
23542,DECODE,257,0,257,1751.09,11.98,1
23543,DECODE,257,0,257,1752.09,12.12,1
23544,DECODE,257,0,257,1753.09,11.90,1
23545,DECODE,257,0,257,1754.09,11.88,1
23546,DECODE,257,0,257,1755.09,11.89,1
23547,DECODE,257,0,257,1756.09,11.81,1
23548,DECODE,257,0,257,1757.09,11.92,1
23549,DECODE,257,0,257,1758.09,12.16,1
23550,DECODE,257,0,257,1759.09,11.90,1
23551,DECODE,257,0,257,1760.09,11.91,1
23552,DECODE,257,0,257,1761.09,11.94,1
23553,DECODE,257,0,257,1762.09,11.88,1
23554,DECODE,257,0,257,1763.09,12.02,1
23555,DECODE,257,0,257,1764.09,11.83,1
23556,DECODE,257,0,257,1765.09,11.90,1
23557,DECODE,257,0,257,1766.09,11.88,1
23558,DECODE,257,0,257,1767.09,12.04,1
23559,DECODE,257,0,257,1768.09,12.06,1
23560,DECODE,257,0,257,1769.09,11.97,1
23561,DECODE,257,0,257,1770.09,12.05,1
23562,DECODE,256,0,256,1771.09,12.00,1
23563,DECODE,256,0,256,1772.09,11.79,1
23564,DECODE,256,0,256,1773.09,11.67,1
23565,DECODE,256,0,256,1774.09,11.69,1
23566,DECODE,256,0,256,1775.09,11.64,1
23567,DECODE,256,0,256,1776.09,11.72,1
23568,DECODE,256,0,256,1777.09,11.74,1
23569,DECODE,256,0,256,1778.09,11.82,1
23570,DECODE,256,0,256,1779.09,11.73,1
23571,DECODE,256,0,256,1780.09,11.76,1
23572,DECODE,256,0,256,1781.09,11.75,1
23573,DECODE,256,0,256,1782.09,11.97,1
23574,DECODE,256,0,256,1783.09,11.77,1
23575,DECODE,256,0,256,1784.09,11.76,1
23576,DECODE,256,0,256,1785.09,11.66,1
23577,DECODE,256,0,256,1786.09,11.69,1
23578,DECODE,256,0,256,1787.09,12.09,1
23579,DECODE,256,0,256,1788.09,11.90,1
23580,DECODE,256,0,256,1789.09,11.77,1
23581,DECODE,256,0,256,1790.09,11.85,1
23582,DECODE,256,0,256,1791.09,11.70,1
23583,DECODE,255,0,255,1792.21,11.95,1
23584,DECODE,255,0,255,1793.21,12.07,1
23585,DECODE,255,0,255,1794.21,11.92,1
23586,DECODE,255,0,255,1795.21,11.83,1
23587,DECODE,255,0,255,1796.21,11.91,1
23588,DECODE,255,0,255,1797.21,11.83,1
23589,DECODE,255,0,255,1798.21,11.90,1
23590,DECODE,255,0,255,1799.21,11.79,1
23591,DECODE,255,0,255,1800.21,12.08,1
23592,DECODE,255,0,255,1801.21,11.95,1
23593,DECODE,255,0,255,1802.21,11.87,1
23594,DECODE,255,0,255,1803.21,11.89,1
23595,DECODE,255,0,255,1804.21,11.83,1
23596,DECODE,255,0,255,1805.21,11.86,1
23597,DECODE,255,0,255,1806.21,11.87,1
23598,DECODE,255,0,255,1807.21,12.04,1
23599,DECODE,255,0,255,1808.21,12.71,1
23600,DECODE,255,0,255,1809.21,12.55,1
23601,DECODE,255,0,255,1810.21,12.78,1
23602,DECODE,255,0,255,1811.21,12.51,1
23603,DECODE,255,0,255,1812.21,11.87,1
23604,DECODE,255,0,255,1813.21,11.80,1
23605,DECODE,255,0,255,1814.21,11.81,1
23606,DECODE,255,0,255,1815.21,11.92,1
23607,DECODE,255,0,255,1816.21,11.82,1
23608,DECODE,255,0,255,1817.21,12.09,1
23609,DECODE,255,0,255,1818.21,11.96,1
23610,DECODE,255,0,255,1819.21,12.56,1
23611,DECODE,255,0,255,1820.21,12.09,1
23612,DECODE,255,0,255,1821.21,11.88,1
23613,DECODE,255,0,255,1822.21,11.84,1
23614,DECODE,255,0,255,1823.21,11.82,1
23615,DECODE,255,0,255,1824.21,11.82,1
23616,DECODE,254,0,254,1825.47,12.15,1
23617,DECODE,254,0,254,1826.47,11.99,1
23618,DECODE,254,0,254,1827.47,11.88,1
23619,DECODE,253,0,253,1828.75,12.46,1
23620,DECODE,253,0,253,1829.75,11.93,1
23621,DECODE,253,0,253,1830.75,11.93,1
23622,DECODE,253,0,253,1831.75,11.86,1
23623,DECODE,253,0,253,1832.75,11.84,1
23624,DECODE,253,0,253,1833.75,11.86,1
23625,DECODE,253,0,253,1834.75,11.87,1
23626,DECODE,253,0,253,1835.75,11.86,1
23627,DECODE,253,0,253,1836.75,11.86,1
23628,DECODE,253,0,253,1837.75,11.85,1
23629,DECODE,253,0,253,1838.75,11.99,1
23630,DECODE,253,0,253,1839.75,11.98,1
23631,DECODE,253,0,253,1840.75,12.06,1
23632,DECODE,252,0,252,1841.57,12.28,1
23633,DECODE,252,0,252,1842.57,11.97,1
23634,DECODE,252,0,252,1843.57,11.90,1
23635,DECODE,251,0,251,1844.86,12.23,1
23636,DECODE,251,0,251,1845.86,11.87,1
23637,DECODE,251,0,251,1846.86,11.91,1
23638,DECODE,251,0,251,1847.86,11.87,1
23639,DECODE,251,0,251,1848.86,11.91,1
23640,DECODE,251,0,251,1849.86,11.94,1
23641,DECODE,251,0,251,1850.86,12.01,1
23642,DECODE,251,0,251,1851.86,11.94,1
23643,DECODE,251,0,251,1852.86,11.93,1
23644,DECODE,251,0,251,1853.86,11.95,1
23645,DECODE,251,0,251,1854.86,11.82,1
23646,DECODE,251,0,251,1855.86,11.83,1
23647,DECODE,251,0,251,1856.86,11.89,1
23648,DECODE,251,0,251,1857.86,11.95,1
23649,DECODE,250,0,250,1858.89,12.22,1
23650,DECODE,249,0,249,1859.33,15.83,1
23651,DECODE,249,0,249,1860.33,12.08,1
23652,DECODE,249,0,249,1861.33,11.26,1
23653,DECODE,249,0,249,1862.33,11.92,1
23654,DECODE,249,0,249,1863.33,11.01,1
23655,DECODE,249,0,249,1864.33,11.05,1
23656,DECODE,249,0,249,1865.33,11.08,1
23657,DECODE,249,0,249,1866.33,11.94,1
23658,DECODE,249,0,249,1867.33,12.00,1
23659,DECODE,249,0,249,1868.33,11.82,1
23660,DECODE,249,0,249,1869.33,11.93,1
23661,DECODE,249,0,249,1870.33,11.90,1
23662,DECODE,249,0,249,1871.33,12.11,1
23663,DECODE,249,0,249,1872.33,11.93,1
23664,DECODE,249,0,249,1873.33,11.99,1
23665,DECODE,249,0,249,1874.33,11.97,1
23666,DECODE,249,0,249,1875.33,11.94,1
23667,DECODE,249,0,249,1876.33,11.98,1
23668,DECODE,249,0,249,1877.33,12.04,1
23669,DECODE,249,0,249,1878.33,11.96,1
23670,DECODE,249,0,249,1879.33,11.91,1
23671,DECODE,249,0,249,1880.33,12.04,1
23672,DECODE,249,0,249,1881.33,12.06,1
23673,DECODE,249,0,249,1882.33,12.08,1
23674,DECODE,249,0,249,1883.33,11.94,1
23675,DECODE,249,0,249,1884.33,12.03,1
23676,DECODE,249,0,249,1885.33,12.03,1
23677,DECODE,249,0,249,1886.33,11.92,1
23678,DECODE,249,0,249,1887.33,12.04,1
23679,DECODE,249,0,249,1888.33,12.01,1
23680,DECODE,249,0,249,1889.33,12.13,1
23681,DECODE,249,0,249,1890.33,12.08,1
23682,DECODE,249,0,249,1891.33,12.13,1
23683,DECODE,249,0,249,1892.33,11.99,1
23684,DECODE,249,0,249,1893.33,12.07,1
23685,DECODE,249,0,249,1894.33,12.01,1
23686,DECODE,249,0,249,1895.33,12.08,1
23687,DECODE,249,0,249,1896.33,11.92,1
23688,DECODE,249,0,249,1897.33,11.17,1
23689,DECODE,249,0,249,1898.33,11.15,1
23690,DECODE,249,0,249,1899.33,11.28,1
23691,DECODE,249,0,249,1900.33,11.33,1
23692,DECODE,249,0,249,1901.33,11.17,1
23693,DECODE,249,0,249,1902.33,11.22,1
23694,DECODE,249,0,249,1903.33,11.22,1
23695,DECODE,249,0,249,1904.33,11.15,1
23696,DECODE,248,0,248,1905.55,11.17,1
23697,DECODE,247,0,247,1907.12,11.06,1
23698,DECODE,247,0,247,1908.12,11.09,1
23699,DECODE,247,0,247,1909.12,11.08,1
23700,DECODE,247,0,247,1910.12,11.10,1
23701,DECODE,247,0,247,1911.12,11.03,1
23702,DECODE,247,0,247,1912.12,11.88,1
23703,DECODE,247,0,247,1913.12,11.93,1
23704,DECODE,247,0,247,1914.12,11.95,1
23705,DECODE,247,0,247,1915.12,11.95,1
23706,DECODE,246,0,246,1916.35,12.18,1
23707,DECODE,246,0,246,1917.35,11.94,1
23708,DECODE,246,0,246,1918.35,11.82,1
23709,DECODE,246,0,246,1919.35,11.86,1
23710,DECODE,246,0,246,1920.35,12.02,1
23711,DECODE,246,0,246,1921.35,11.85,1
23712,DECODE,246,0,246,1922.35,11.94,1
23713,DECODE,246,0,246,1923.35,13.02,1
23714,DECODE,245,0,245,1924.29,12.26,1
23715,DECODE,245,0,245,1925.29,11.96,1
23716,DECODE,244,0,244,1925.41,12.22,1
23717,DECODE,244,0,244,1926.41,11.98,1
23718,DECODE,244,0,244,1927.41,11.86,1
23719,DECODE,244,0,244,1928.41,11.89,1
23720,DECODE,243,0,243,1929.66,12.19,1
23721,DECODE,243,0,243,1930.66,13.17,1
23722,DECODE,243,0,243,1931.66,12.18,1
23723,DECODE,243,0,243,1932.66,12.11,1
23724,DECODE,243,0,243,1933.66,11.92,1
23725,DECODE,242,0,242,1934.91,12.10,1
23726,DECODE,242,0,242,1935.91,11.89,1
23727,DECODE,242,0,242,1936.91,11.88,1
23728,DECODE,242,0,242,1937.91,11.94,1
23729,DECODE,242,0,242,1938.91,11.94,1
23730,DECODE,242,0,242,1939.91,11.94,1
23731,DECODE,242,0,242,1940.91,11.98,1
23732,DECODE,242,0,242,1941.91,11.98,1
23733,DECODE,242,0,242,1942.91,12.08,1
23734,DECODE,242,0,242,1943.91,11.96,1
23735,DECODE,241,0,241,1945.29,12.17,1
23736,DECODE,241,0,241,1946.29,13.49,1
23737,DECODE,241,0,241,1947.29,10.97,1
23738,DECODE,241,0,241,1948.29,10.92,1
23739,DECODE,241,0,241,1949.29,10.89,1
23740,DECODE,241,0,241,1950.29,10.90,1
23741,DECODE,241,0,241,1951.29,10.99,1
23742,DECODE,241,0,241,1952.29,10.97,1
23743,DECODE,241,0,241,1953.29,11.00,1
23744,DECODE,241,0,241,1954.29,11.03,1
23745,DECODE,240,0,240,1955.54,12.14,1
23746,DECODE,240,0,240,1956.54,11.17,1
23747,DECODE,240,0,240,1957.54,11.06,1
23748,DECODE,240,0,240,1958.54,11.04,1
23749,DECODE,240,0,240,1959.54,11.08,1
23750,DECODE,240,0,240,1960.54,11.08,1
23751,DECODE,240,0,240,1961.54,11.94,1
23752,DECODE,240,0,240,1962.54,11.11,1
23753,DECODE,240,0,240,1963.54,11.10,1
23754,DECODE,240,0,240,1964.54,11.25,1
23755,DECODE,239,0,239,1965.95,11.24,1
23756,DECODE,238,0,238,1967.23,11.28,1
23757,DECODE,238,0,238,1968.23,11.91,1
23758,DECODE,238,0,238,1969.23,11.14,1
23759,DECODE,238,0,238,1970.23,11.89,1
23760,DECODE,238,0,238,1971.23,11.73,1
23761,DECODE,238,0,238,1972.23,11.12,1
23762,DECODE,238,0,238,1973.23,11.10,1
23763,DECODE,238,0,238,1974.23,11.15,1
23764,DECODE,238,0,238,1975.23,11.14,1
23765,DECODE,238,0,238,1976.23,11.03,1
23766,DECODE,237,0,237,1977.48,11.24,1
23767,DECODE,237,0,237,1978.48,11.15,1
23768,DECODE,237,0,237,1979.48,10.92,1
23769,DECODE,237,0,237,1980.48,11.22,1
23770,DECODE,237,0,237,1981.48,11.18,1
23771,DECODE,237,0,237,1982.48,11.16,1
23772,DECODE,237,0,237,1983.48,11.01,1
23773,DECODE,237,0,237,1984.48,10.99,1
23774,DECODE,237,0,237,1985.48,11.56,1
23775,DECODE,237,0,237,1986.48,11.03,1
23776,DECODE,237,0,237,1987.48,11.10,1
23777,DECODE,237,0,237,1988.48,11.09,1
23778,DECODE,237,0,237,1989.48,11.15,1
23779,DECODE,237,0,237,1990.48,11.12,1
23780,DECODE,237,0,237,1991.48,11.16,1
23781,DECODE,237,0,237,1992.48,11.15,1
23782,DECODE,237,0,237,1993.48,11.21,1
23783,DECODE,237,0,237,1994.48,11.11,1
23784,DECODE,237,0,237,1995.48,11.20,1
23785,DECODE,237,0,237,1996.48,11.19,1
23786,DECODE,237,0,237,1997.48,11.21,1
23787,DECODE,237,0,237,1998.48,11.17,1
23788,DECODE,237,0,237,1999.48,11.01,1
23789,DECODE,237,0,237,2000.48,11.94,1
23790,DECODE,237,0,237,2001.48,11.29,1
23791,DECODE,237,0,237,2002.48,12.04,1
23792,DECODE,237,0,237,2003.48,11.29,1
23793,DECODE,237,0,237,2004.48,11.24,1
23794,DECODE,237,0,237,2005.48,11.30,1
23795,DECODE,237,0,237,2006.48,11.23,1
23796,DECODE,237,0,237,2007.48,11.38,1
23797,DECODE,237,0,237,2008.48,11.21,1
23798,DECODE,237,0,237,2009.48,11.33,1
23799,DECODE,237,0,237,2010.48,11.26,1
23800,DECODE,237,0,237,2011.48,11.23,1
23801,DECODE,237,0,237,2012.48,11.24,1
23802,DECODE,237,0,237,2013.48,11.25,1
23803,DECODE,237,0,237,2014.48,11.28,1
23804,DECODE,237,0,237,2015.48,11.23,1
23805,DECODE,237,0,237,2016.48,11.36,1
23806,DECODE,237,0,237,2017.48,11.13,1
23807,DECODE,237,0,237,2018.48,11.31,1
23808,DECODE,237,0,237,2019.48,11.23,1
23809,DECODE,236,0,236,2020.03,11.35,1
23810,DECODE,235,0,235,2021.35,11.59,1
23811,DECODE,235,0,235,2022.35,12.10,1
23812,DECODE,235,0,235,2023.35,11.29,1
23813,DECODE,235,0,235,2024.35,11.21,1
23814,DECODE,235,0,235,2025.35,11.15,1
23815,DECODE,235,0,235,2026.35,11.26,1
23816,DECODE,234,0,234,2027.82,11.39,1
23817,DECODE,234,0,234,2028.82,11.24,1
23818,DECODE,234,0,234,2029.82,11.33,1
23819,DECODE,234,0,234,2030.82,11.24,1
23820,DECODE,234,0,234,2031.82,11.11,1
23821,DECODE,234,0,234,2032.82,11.26,1
23822,DECODE,234,0,234,2033.82,11.27,1
23823,DECODE,234,0,234,2034.82,11.84,1
23824,DECODE,234,0,234,2035.82,11.23,1
23825,DECODE,234,0,234,2036.82,11.28,1
23826,DECODE,234,0,234,2037.82,11.35,1
23827,DECODE,234,0,234,2038.82,11.27,1
23828,DECODE,234,0,234,2039.82,11.21,1
23829,DECODE,234,0,234,2040.82,11.25,1
23830,DECODE,234,0,234,2041.82,11.25,1
23831,DECODE,234,0,234,2042.82,11.27,1
23832,DECODE,234,0,234,2043.82,11.24,1
23833,DECODE,234,0,234,2044.82,11.25,1
23834,DECODE,234,0,234,2045.82,11.28,1
23835,DECODE,234,0,234,2046.82,11.27,1
23836,DECODE,234,0,234,2047.82,11.35,1
23837,DECODE,234,0,234,2048.82,11.34,1
23838,DECODE,234,0,234,2049.82,12.19,1
23839,DECODE,234,0,234,2050.82,11.19,1
23840,DECODE,234,0,234,2051.82,11.24,1
23841,DECODE,234,0,234,2052.82,11.15,1
23842,DECODE,234,0,234,2053.82,11.99,1
23843,DECODE,234,0,234,2054.82,11.56,1
23844,DECODE,234,0,234,2055.82,11.30,1
23845,DECODE,234,0,234,2056.82,11.26,1
23846,DECODE,234,0,234,2057.82,11.16,1
23847,DECODE,234,0,234,2058.82,11.33,1
23848,DECODE,234,0,234,2059.82,11.37,1
23849,DECODE,234,0,234,2060.82,11.32,1
23850,DECODE,234,0,234,2061.82,11.19,1
23851,DECODE,234,0,234,2062.82,11.34,1
23852,DECODE,234,0,234,2063.82,11.20,1
23853,DECODE,234,0,234,2064.82,11.16,1
23854,DECODE,233,0,233,2065.97,11.29,1
23855,DECODE,233,0,233,2066.97,11.27,1
23856,DECODE,233,0,233,2067.97,11.22,1
23857,DECODE,233,0,233,2068.97,12.17,1
23858,DECODE,233,0,233,2069.97,12.05,1
23859,DECODE,233,0,233,2070.97,11.16,1
23860,DECODE,233,0,233,2071.97,11.28,1
23861,DECODE,233,0,233,2072.97,11.20,1
23862,DECODE,233,0,233,2073.97,11.59,1
23863,DECODE,233,0,233,2074.97,11.22,1
23864,DECODE,233,0,233,2075.97,11.20,1
23865,DECODE,233,0,233,2076.97,11.19,1
23866,DECODE,233,0,233,2077.97,11.22,1
23867,DECODE,233,0,233,2078.97,11.23,1
23868,DECODE,233,0,233,2079.97,11.15,1
23869,DECODE,233,0,233,2080.97,11.17,1
23870,DECODE,232,0,232,2082.33,11.25,1
23871,DECODE,232,0,232,2083.33,11.05,1
23872,DECODE,232,0,232,2084.33,12.15,1
23873,DECODE,232,0,232,2085.33,11.97,1
23874,DECODE,231,0,231,2086.16,12.70,1
23875,DECODE,231,0,231,2087.16,12.17,1
23876,DECODE,231,0,231,2088.16,12.27,1
23877,DECODE,231,0,231,2089.16,12.09,1
23878,DECODE,231,0,231,2090.16,11.21,1
23879,DECODE,231,0,231,2091.16,11.22,1
23880,DECODE,231,0,231,2092.16,11.22,1
23881,DECODE,230,0,230,2093.60,12.96,1
23882,DECODE,230,0,230,2094.60,11.58,1
23883,DECODE,230,0,230,2095.60,11.26,1
23884,DECODE,230,0,230,2096.60,11.26,1
23885,DECODE,230,0,230,2097.60,11.28,1
23886,DECODE,230,0,230,2098.60,11.20,1
23887,DECODE,230,0,230,2099.60,11.18,1
23888,DECODE,230,0,230,2100.60,11.41,1
23889,DECODE,230,0,230,2101.60,11.19,1
23890,DECODE,229,0,229,2101.73,11.18,1
23891,DECODE,229,0,229,2102.73,11.17,1
23892,DECODE,229,0,229,2103.73,11.42,1
23893,DECODE,229,0,229,2104.73,12.01,1
23894,DECODE,228,0,228,2105.89,12.46,1
23895,DECODE,228,0,228,2106.89,12.15,1
23896,DECODE,228,0,228,2107.89,12.15,1
23897,DECODE,228,0,228,2108.89,12.13,1
23898,DECODE,228,0,228,2109.89,12.11,1
23899,DECODE,227,0,227,2111.15,12.36,1
23900,DECODE,227,0,227,2112.15,12.21,1
23901,DECODE,227,0,227,2113.15,12.07,1
23902,DECODE,227,0,227,2114.15,12.23,1
23903,DECODE,227,0,227,2115.15,12.15,1
23904,DECODE,227,0,227,2116.15,12.33,1
23905,DECODE,227,0,227,2117.15,12.21,1
23906,DECODE,226,0,226,2118.43,12.37,1
23907,DECODE,226,0,226,2119.43,12.08,1
23908,DECODE,226,0,226,2120.43,12.05,1
23909,DECODE,226,0,226,2121.43,12.18,1
23910,DECODE,225,0,225,2122.97,12.43,1
23911,DECODE,225,0,225,2123.97,12.26,1
23912,DECODE,225,0,225,2124.97,12.17,1
23913,DECODE,225,0,225,2125.97,12.32,1
23914,DECODE,225,0,225,2126.97,12.38,1
23915,DECODE,224,0,224,2128.07,12.43,1
23916,DECODE,224,0,224,2129.07,11.98,1
23917,DECODE,224,0,224,2130.07,11.98,1
23918,DECODE,223,0,223,2131.07,12.25,1
23919,DECODE,223,0,223,2132.07,12.18,1
23920,DECODE,222,0,222,2133.28,12.26,1
23921,DECODE,222,0,222,2134.28,12.04,1
23922,DECODE,222,0,222,2135.28,11.90,1
23923,DECODE,222,0,222,2136.28,12.04,1
23924,DECODE,222,0,222,2137.28,12.07,1
23925,DECODE,222,0,222,2138.28,12.35,1
23926,DECODE,222,0,222,2139.28,12.15,1
23927,DECODE,222,0,222,2140.28,12.03,1
23928,DECODE,222,0,222,2141.28,12.00,1
23929,DECODE,222,0,222,2142.28,11.96,1
23930,DECODE,222,0,222,2143.28,12.24,1
23931,DECODE,222,0,222,2144.28,11.99,1
23932,DECODE,222,0,222,2145.28,11.97,1
23933,DECODE,222,0,222,2146.28,11.96,1
23934,DECODE,222,0,222,2147.28,12.02,1
23935,DECODE,222,0,222,2148.28,11.94,1
23936,DECODE,222,0,222,2149.28,11.94,1
23937,DECODE,221,0,221,2150.96,13.34,1
23938,DECODE,221,0,221,2151.96,12.00,1
23939,DECODE,221,0,221,2152.96,12.01,1
23940,DECODE,221,0,221,2153.96,12.08,1
23941,DECODE,221,0,221,2154.96,12.15,1
23942,DECODE,221,0,221,2155.96,12.19,1
23943,DECODE,221,0,221,2156.96,12.17,1
23944,DECODE,221,0,221,2157.96,12.11,1
23945,DECODE,221,0,221,2158.96,12.07,1
23946,DECODE,221,0,221,2159.96,12.30,1
23947,DECODE,221,0,221,2160.96,12.03,1
23948,DECODE,221,0,221,2161.96,12.24,1
23949,DECODE,221,0,221,2162.96,12.08,1
23950,DECODE,221,0,221,2163.96,12.04,1
23951,DECODE,221,0,221,2164.96,12.17,1
23952,DECODE,221,0,221,2165.96,12.09,1
23953,DECODE,220,0,220,2167.74,12.34,1
23954,DECODE,220,0,220,2168.74,12.15,1
23955,DECODE,220,0,220,2169.74,12.09,1
23956,DECODE,220,0,220,2170.74,12.21,1
23957,DECODE,220,0,220,2171.74,12.06,1
23958,DECODE,220,0,220,2172.74,11.93,1
23959,DECODE,220,0,220,2173.74,12.09,1
23960,DECODE,220,0,220,2174.74,12.10,1
23961,DECODE,220,0,220,2175.74,12.26,1
23962,DECODE,220,0,220,2176.74,12.05,1
23963,DECODE,220,0,220,2177.74,11.29,1
23964,DECODE,219,0,219,2178.93,11.17,1
23965,DECODE,218,0,218,2180.17,11.22,1
23966,DECODE,218,0,218,2181.17,11.35,1
23967,DECODE,218,0,218,2182.17,11.20,1
23968,DECODE,218,0,218,2183.17,11.17,1
23969,DECODE,218,0,218,2184.17,11.40,1
23970,DECODE,218,0,218,2185.17,11.40,1
23971,DECODE,218,0,218,2186.17,11.32,1
23972,DECODE,217,0,217,2187.60,11.36,1
23973,DECODE,217,0,217,2188.60,11.30,1
23974,DECODE,217,0,217,2189.60,11.15,1
23975,DECODE,217,0,217,2190.60,11.21,1
23976,DECODE,217,0,217,2191.60,11.25,1
23977,DECODE,215,0,215,2192.06,11.16,1
23978,DECODE,215,0,215,2193.06,11.34,1
23979,DECODE,215,0,215,2194.06,11.29,1
23980,DECODE,215,0,215,2195.06,11.31,1
23981,DECODE,214,0,214,2196.38,11.30,1
23982,DECODE,214,0,214,2197.38,11.29,1
23983,DECODE,214,0,214,2198.38,11.28,1
23984,DECODE,214,0,214,2199.38,11.11,1
23985,DECODE,214,0,214,2200.38,11.09,1
23986,DECODE,213,0,213,2201.77,11.05,1
23987,DECODE,213,0,213,2202.77,11.11,1
23988,DECODE,212,0,212,2204.17,11.09,1
23989,DECODE,212,0,212,2205.17,11.03,1
23990,DECODE,212,0,212,2206.17,12.03,1
23991,DECODE,211,0,211,2207.59,12.30,1
23992,DECODE,210,0,210,2208.93,12.16,1
23993,DECODE,210,0,210,2209.93,11.96,1
23994,DECODE,209,0,209,2209.25,12.21,1
23995,DECODE,209,0,209,2210.25,11.99,1
23996,DECODE,209,0,209,2211.25,11.94,1
23997,DECODE,209,0,209,2212.25,12.01,1
23998,DECODE,209,0,209,2213.25,11.97,1
23999,DECODE,209,0,209,2214.25,11.97,1
24000,DECODE,209,0,209,2215.25,12.04,1
24001,DECODE,209,0,209,2216.25,11.90,1
24002,DECODE,208,0,208,2216.90,12.30,1
24003,DECODE,208,0,208,2217.90,12.19,1
24004,DECODE,208,0,208,2218.90,11.88,1
24005,DECODE,208,0,208,2219.90,11.82,1
24006,DECODE,208,0,208,2220.90,11.95,1
24007,DECODE,208,0,208,2221.90,12.04,1
24008,DECODE,207,0,207,2222.71,12.36,1
24009,DECODE,207,0,207,2223.71,11.99,1
24010,DECODE,207,0,207,2224.71,12.04,1
24011,DECODE,207,0,207,2225.71,12.28,1
24012,DECODE,207,0,207,2226.71,12.06,1
24013,DECODE,206,0,206,2227.96,12.49,1
24014,DECODE,205,0,205,2227.34,12.24,1
24015,DECODE,204,0,204,2228.69,14.90,1
24016,DECODE,204,0,204,2229.69,12.38,1
24017,DECODE,204,0,204,2230.69,12.22,1
24018,DECODE,204,0,204,2231.69,12.06,1
24019,DECODE,204,0,204,2232.69,12.13,1
24020,DECODE,204,0,204,2233.69,11.21,1
24021,DECODE,204,0,204,2234.69,12.20,1
24022,DECODE,204,0,204,2235.69,12.25,1
24023,DECODE,204,0,204,2236.69,12.52,1
24024,DECODE,204,0,204,2237.69,12.14,1
24025,DECODE,204,0,204,2238.69,12.31,1
24026,DECODE,204,0,204,2239.69,12.17,1
24027,DECODE,204,0,204,2240.69,12.20,1
24028,DECODE,204,0,204,2241.69,11.23,1
24029,DECODE,204,0,204,2242.69,11.15,1
24030,DECODE,204,0,204,2243.69,11.12,1
24031,DECODE,203,0,203,2243.66,11.88,1
24032,DECODE,203,0,203,2244.66,11.99,1
24033,DECODE,203,0,203,2245.66,11.92,1
24034,DECODE,203,0,203,2246.66,11.93,1
24035,DECODE,203,0,203,2247.66,12.24,1
24036,DECODE,203,0,203,2248.66,12.18,1
24037,DECODE,203,0,203,2249.66,12.12,1
24038,DECODE,203,0,203,2250.66,12.55,1
24039,DECODE,203,0,203,2251.66,12.19,1
24040,DECODE,203,0,203,2252.66,12.26,1
24041,DECODE,203,0,203,2253.66,12.18,1
24042,DECODE,203,0,203,2254.66,12.43,1
24043,DECODE,203,0,203,2255.66,12.28,1
24044,DECODE,203,0,203,2256.66,12.53,1
24045,DECODE,203,0,203,2257.66,12.24,1
24046,DECODE,203,0,203,2258.66,12.21,1
24047,DECODE,203,0,203,2259.66,12.15,1
24048,DECODE,203,0,203,2260.66,12.13,1
24049,DECODE,203,0,203,2261.66,12.21,1
24050,DECODE,203,0,203,2262.66,12.10,1
24051,DECODE,203,0,203,2263.66,12.35,1
24052,DECODE,203,0,203,2264.66,12.08,1
24053,DECODE,203,0,203,2265.66,12.08,1
24054,DECODE,203,0,203,2266.66,12.10,1
24055,DECODE,203,0,203,2267.66,12.43,1
24056,DECODE,202,0,202,2267.21,12.22,1
24057,DECODE,202,0,202,2268.21,12.13,1
24058,DECODE,202,0,202,2269.21,12.12,1
24059,DECODE,202,0,202,2270.21,12.21,1
24060,DECODE,201,0,201,2270.91,12.47,1
24061,DECODE,201,0,201,2271.91,12.30,1
24062,DECODE,201,0,201,2272.91,12.27,1
24063,DECODE,200,0,200,2272.47,12.36,1
24064,DECODE,200,0,200,2273.47,11.96,1
24065,DECODE,200,0,200,2274.47,12.00,1
24066,DECODE,200,0,200,2275.47,11.99,1
24067,DECODE,200,0,200,2276.47,12.16,1
24068,DECODE,200,0,200,2277.47,12.41,1
24069,DECODE,199,0,199,2278.88,12.30,1
24070,DECODE,199,0,199,2279.88,11.91,1
24071,DECODE,198,0,198,2279.47,11.45,1
24072,DECODE,198,0,198,2280.47,11.30,1
24073,DECODE,197,0,197,2281.53,11.41,1
24074,DECODE,197,0,197,2282.53,11.41,1
24075,DECODE,197,0,197,2283.53,11.24,1
24076,DECODE,197,0,197,2284.53,11.27,1
24077,DECODE,197,0,197,2285.53,11.32,1
24078,DECODE,197,0,197,2286.53,11.18,1
24079,DECODE,196,0,196,2286.97,12.21,1
24080,DECODE,196,0,196,2287.97,11.42,1
24081,DECODE,196,0,196,2288.97,11.21,1
24082,DECODE,196,0,196,2289.97,11.37,1
24083,DECODE,196,0,196,2290.97,11.31,1
24084,DECODE,196,0,196,2291.97,11.11,1
24085,DECODE,196,0,196,2292.97,11.25,1
24086,DECODE,196,0,196,2293.97,11.30,1
24087,DECODE,195,0,195,2293.61,11.70,1
24088,DECODE,195,0,195,2294.61,11.40,1
24089,DECODE,195,0,195,2295.61,11.17,1
24090,DECODE,195,0,195,2296.61,11.25,1
24091,DECODE,194,0,194,2296.25,11.37,1
24092,DECODE,194,0,194,2297.25,11.13,1
24093,DECODE,194,0,194,2298.25,11.08,1
24094,DECODE,194,0,194,2299.25,11.17,1
24095,DECODE,194,0,194,2300.25,11.06,1
24096,DECODE,194,0,194,2301.25,11.17,1
24097,DECODE,194,0,194,2302.25,11.12,1
24098,DECODE,194,0,194,2303.25,11.16,1
24099,DECODE,194,0,194,2304.25,11.00,1
24100,DECODE,193,0,193,2305.85,11.53,1
24101,DECODE,192,0,192,2306.53,11.39,1
24102,DECODE,192,0,192,2307.53,11.16,1
24103,DECODE,191,0,191,2307.20,11.01,1
24104,DECODE,190,0,190,2306.87,11.36,1
24105,DECODE,190,0,190,2307.87,10.81,1
24106,DECODE,190,0,190,2308.87,10.71,1
24107,DECODE,190,0,190,2309.87,10.87,1
24108,DECODE,190,0,190,2310.87,10.89,1
24109,DECODE,190,0,190,2311.87,10.83,1
24110,DECODE,190,0,190,2312.87,10.69,1
24111,DECODE,190,0,190,2313.87,10.91,1
24112,DECODE,190,0,190,2314.87,10.85,1
24113,DECODE,188,0,188,2314.21,10.98,1
24114,DECODE,188,0,188,2315.21,10.91,1
24115,DECODE,188,0,188,2316.21,10.81,1
24116,DECODE,188,0,188,2317.21,10.84,1
24117,DECODE,188,0,188,2318.21,10.81,1
24118,DECODE,188,0,188,2319.21,10.88,1
24119,DECODE,188,0,188,2320.21,10.97,1
24120,DECODE,188,0,188,2321.21,11.07,1
24121,DECODE,187,0,187,2320.94,11.04,1
24122,DECODE,186,0,186,2320.65,11.31,1
24123,DECODE,186,0,186,2321.65,10.89,1
24124,DECODE,186,0,186,2322.65,10.69,1
24125,DECODE,185,0,185,2322.37,10.98,1
24126,DECODE,184,0,184,2322.08,11.09,1
24127,DECODE,184,0,184,2323.08,10.73,1
24128,DECODE,183,0,183,2322.78,11.18,1
24129,DECODE,182,0,182,2324.29,10.92,1
24130,DECODE,182,0,182,2325.29,10.74,1
24131,DECODE,182,0,182,2326.29,10.64,1
24132,DECODE,182,0,182,2327.29,10.72,1
24133,DECODE,182,0,182,2328.29,10.69,1
24134,DECODE,181,0,181,2328.01,10.94,1
24135,DECODE,181,0,181,2329.01,10.71,1
24136,DECODE,181,0,181,2330.01,10.64,1
24137,DECODE,181,0,181,2331.01,10.68,1
24138,DECODE,181,0,181,2332.01,10.37,1
24139,DECODE,181,0,181,2333.01,10.67,1
24140,DECODE,181,0,181,2334.01,10.69,1
24141,DECODE,181,0,181,2335.01,10.61,1
24142,DECODE,180,0,180,2334.76,10.95,1
24143,DECODE,180,0,180,2335.76,10.49,1
24144,DECODE,180,0,180,2336.76,10.52,1
24145,DECODE,179,0,179,2337.62,10.65,1
24146,DECODE,179,0,179,2338.62,10.47,1
24147,DECODE,179,0,179,2339.62,10.46,1
24148,DECODE,179,0,179,2340.62,10.50,1
24149,DECODE,179,0,179,2341.62,10.65,1
24150,DECODE,179,0,179,2342.62,10.54,1
24151,DECODE,178,0,178,2343.49,10.72,1
24152,DECODE,177,0,177,2343.27,10.70,1
24153,DECODE,176,0,176,2344.95,10.81,1
24154,DECODE,176,0,176,2345.95,9.94,1
24155,DECODE,176,0,176,2346.95,10.42,1
24156,DECODE,175,0,175,2346.73,10.65,1
24157,DECODE,175,0,175,2347.73,10.38,1
24158,DECODE,174,0,174,2347.51,10.49,1
24159,DECODE,174,0,174,2348.51,10.40,1
24160,DECODE,173,0,173,2348.29,10.43,1
24161,DECODE,173,0,173,2349.29,10.41,1
24162,DECODE,173,0,173,2350.29,10.32,1
24163,DECODE,173,0,173,2351.29,10.22,1
24164,DECODE,173,0,173,2352.29,10.31,1
24165,DECODE,173,0,173,2353.29,10.29,1
24166,DECODE,173,0,173,2354.29,10.22,1
24167,DECODE,173,0,173,2355.29,9.52,1
24168,DECODE,173,0,173,2356.29,9.74,1
24169,DECODE,173,0,173,2357.29,10.79,1
24170,DECODE,172,0,172,2357.11,10.66,1
24171,DECODE,172,0,172,2358.11,10.47,1
24172,DECODE,172,0,172,2359.11,10.41,1
24173,DECODE,171,0,171,2359.73,11.37,1
24174,DECODE,171,0,171,2360.73,11.58,1
24175,DECODE,171,0,171,2361.73,10.44,1
24176,DECODE,171,0,171,2362.73,10.45,1
24177,DECODE,171,0,171,2363.73,10.38,1
24178,DECODE,169,0,169,2362.40,10.53,1
24179,DECODE,169,0,169,2363.40,10.56,1
24180,DECODE,169,0,169,2364.40,10.45,1
24181,DECODE,169,0,169,2365.40,10.41,1
24182,DECODE,169,0,169,2366.40,10.45,1
24183,DECODE,168,0,168,2367.62,10.74,1
24184,DECODE,168,0,168,2368.62,11.42,1
24185,DECODE,168,0,168,2369.62,10.50,1
24186,DECODE,168,0,168,2370.62,10.49,1
24187,DECODE,167,0,167,2371.42,10.69,1
24188,DECODE,166,0,166,2372.75,10.74,1
24189,DECODE,166,0,166,2373.75,10.50,1
24190,DECODE,166,0,166,2374.75,10.47,1
24191,DECODE,165,0,165,2376.01,10.60,1
24192,DECODE,165,0,165,2377.01,10.55,1
24193,DECODE,165,0,165,2378.01,10.48,1
24194,DECODE,165,0,165,2379.01,10.50,1
24195,DECODE,165,0,165,2380.01,10.42,1
24196,DECODE,165,0,165,2381.01,10.42,1
24197,DECODE,165,0,165,2382.01,10.33,1
24198,DECODE,165,0,165,2383.01,10.35,1
24199,DECODE,165,0,165,2384.01,10.83,1
24200,DECODE,165,0,165,2385.01,10.57,1
24201,DECODE,165,0,165,2386.01,10.46,1
24202,DECODE,164,0,164,2385.95,10.71,1
24203,DECODE,164,0,164,2386.95,9.66,1
24204,DECODE,164,0,164,2387.95,9.64,1
24205,DECODE,164,0,164,2388.95,9.80,1
24206,DECODE,164,0,164,2389.95,9.67,1
24207,DECODE,163,0,163,2389.91,9.62,1
24208,DECODE,163,0,163,2390.91,9.70,1
24209,DECODE,163,0,163,2391.91,9.67,1
24210,DECODE,161,0,161,2390.82,9.63,1
24211,DECODE,161,0,161,2391.82,9.67,1
24212,DECODE,161,0,161,2392.82,9.64,1
24213,DECODE,160,0,160,2392.78,9.35,1
24214,DECODE,160,0,160,2393.78,9.22,1
24215,DECODE,159,0,159,2393.73,9.17,1
24216,DECODE,158,0,158,2393.68,9.20,1
24217,DECODE,158,0,158,2394.68,9.25,1
24218,DECODE,158,0,158,2395.68,9.25,1
24219,DECODE,158,0,158,2396.68,9.53,1
24220,DECODE,158,0,158,2397.68,9.39,1
24221,DECODE,158,0,158,2398.68,9.28,1
24222,DECODE,156,0,156,2397.61,9.14,1
24223,DECODE,155,0,155,2398.07,9.36,1
24224,DECODE,154,0,154,2398.02,9.24,1
24225,DECODE,154,0,154,2399.02,9.20,1
24226,DECODE,153,0,153,2398.97,9.19,1
24227,DECODE,153,0,153,2399.97,9.23,1
24228,DECODE,153,0,153,2400.97,9.21,1
24229,DECODE,153,0,153,2401.97,9.30,1
24230,DECODE,153,0,153,2402.97,9.27,1
24231,DECODE,153,0,153,2403.97,9.30,1
24232,DECODE,152,0,152,2403.94,9.47,1
24233,DECODE,152,0,152,2404.94,9.56,1
24234,DECODE,151,0,151,2404.91,9.36,1
24235,DECODE,151,0,151,2405.91,9.41,1
24236,DECODE,151,0,151,2406.91,9.44,1
24237,DECODE,151,0,151,2407.91,9.46,1
24238,DECODE,151,0,151,2408.91,9.45,1
24239,DECODE,151,0,151,2409.91,9.37,1
24240,DECODE,150,0,150,2409.91,9.34,1
24241,DECODE,150,0,150,2410.91,9.44,1
24242,DECODE,150,0,150,2411.91,9.46,1
24243,DECODE,150,0,150,2412.91,9.57,1
24244,DECODE,148,0,148,2411.93,10.47,1
24245,DECODE,147,0,147,2411.92,10.72,1
24246,DECODE,147,0,147,2412.92,10.46,1
24247,DECODE,147,0,147,2413.92,10.49,1
24248,DECODE,147,0,147,2414.92,10.79,1
24249,DECODE,147,0,147,2415.92,10.33,1
24250,DECODE,146,0,146,2416.98,10.18,1
24251,DECODE,146,0,146,2417.98,10.17,1
24252,DECODE,146,0,146,2418.98,10.54,1
24253,DECODE,145,0,145,2419.01,10.97,1
24254,DECODE,145,0,145,2420.01,10.44,1
24255,DECODE,145,0,145,2421.01,10.48,1
24256,DECODE,144,0,144,2421.04,10.26,1
24257,DECODE,144,0,144,2422.04,10.11,1
24258,DECODE,144,0,144,2423.04,10.04,1
24259,DECODE,142,0,142,2423.18,10.38,1
24260,DECODE,141,0,141,2423.21,10.59,1
24261,DECODE,141,0,141,2424.21,10.12,1
24262,DECODE,141,0,141,2425.21,10.15,1
24263,DECODE,140,0,140,2425.24,10.46,1
24264,DECODE,140,0,140,2426.24,10.21,1
24265,DECODE,139,0,139,2426.28,10.23,1
24266,DECODE,139,0,139,2427.28,10.36,1
24267,DECODE,139,0,139,2428.28,10.15,1
24268,DECODE,138,0,138,2428.33,10.79,1
24269,DECODE,138,0,138,2429.33,10.40,1
24270,DECODE,138,0,138,2430.33,10.35,1
24271,DECODE,138,0,138,2431.33,10.87,1
24272,DECODE,138,0,138,2432.33,10.69,1
24273,DECODE,138,0,138,2433.33,10.51,1
24274,DECODE,138,0,138,2434.33,10.26,1
24275,DECODE,137,0,137,2434.41,10.63,1
24276,DECODE,136,0,136,2434.49,10.79,1
24277,DECODE,136,0,136,2435.49,10.11,1
24278,DECODE,135,0,135,2436.76,10.17,1
24279,DECODE,135,0,135,2437.76,10.33,1
24280,DECODE,135,0,135,2438.76,10.20,1
24281,DECODE,135,0,135,2439.76,10.45,1
24282,DECODE,135,0,135,2440.76,10.17,1
24283,DECODE,135,0,135,2441.76,10.14,1
24284,DECODE,135,0,135,2442.76,10.31,1
24285,DECODE,134,0,134,2442.88,10.30,1
24286,DECODE,134,0,134,2443.88,10.60,1
24287,DECODE,134,0,134,2444.88,10.51,1
24288,DECODE,133,0,133,2445.02,10.52,1
24289,DECODE,133,0,133,2446.02,10.47,1
24290,DECODE,133,0,133,2447.02,10.27,1
24291,DECODE,133,0,133,2448.02,10.25,1
24292,DECODE,133,0,133,2449.02,10.37,1
24293,DECODE,133,0,133,2450.02,9.85,1
24294,DECODE,133,0,133,2451.02,10.15,1
24295,DECODE,133,0,133,2452.02,10.33,1
24296,DECODE,131,0,131,2451.37,9.09,1
24297,DECODE,131,0,131,2452.37,9.44,1
24298,DECODE,131,0,131,2453.37,9.30,1
24299,DECODE,131,0,131,2454.37,9.30,1
24300,DECODE,130,0,130,2455.32,9.58,1
24301,DECODE,129,0,129,2455.50,9.19,1
24302,DECODE,129,0,129,2456.50,9.07,1
24303,DECODE,128,0,128,2456.70,9.36,1
24304,DECODE,128,0,128,2457.70,8.84,1
24305,DECODE,128,0,128,2458.70,8.99,1
24306,DECODE,127,0,127,2458.90,9.17,1
24307,DECODE,126,0,126,2459.10,9.03,1
24308,DECODE,126,0,126,2460.10,8.88,1
24309,DECODE,125,0,125,2460.30,9.03,1
24310,DECODE,125,0,125,2461.30,8.04,1
24311,DECODE,123,0,123,2460.69,7.76,1
24312,DECODE,123,0,123,2461.69,7.78,1
24313,DECODE,122,0,122,2461.89,8.18,1
24314,DECODE,122,0,122,2462.89,7.71,1
24315,DECODE,122,0,122,2463.89,7.86,1
24316,DECODE,121,0,121,2464.09,7.78,1
24317,DECODE,119,0,119,2463.48,7.77,1
24318,DECODE,119,0,119,2464.48,7.70,1
24319,DECODE,119,0,119,2465.48,7.71,1
24320,DECODE,119,0,119,2466.48,7.71,1
24321,DECODE,119,0,119,2467.48,7.74,1
24322,DECODE,119,0,119,2468.48,7.70,1
24323,DECODE,118,0,118,2468.70,7.68,1
24324,DECODE,118,0,118,2469.70,7.71,1
24325,DECODE,117,0,117,2469.93,7.72,1
24326,DECODE,116,0,116,2470.16,7.73,1
24327,DECODE,116,0,116,2471.16,7.66,1
24328,DECODE,115,0,115,2471.38,7.63,1
24329,DECODE,114,0,114,2471.61,7.67,1
24330,DECODE,114,0,114,2472.61,7.62,1
24331,DECODE,114,0,114,2473.61,7.68,1
24332,DECODE,114,0,114,2474.61,7.67,1
24333,DECODE,113,0,113,2474.85,7.66,1
24334,DECODE,113,0,113,2475.85,8.55,1
24335,DECODE,113,0,113,2476.85,8.27,1
24336,DECODE,113,0,113,2477.85,8.39,1
24337,DECODE,113,0,113,2478.85,8.24,1
24338,DECODE,113,0,113,2479.85,8.44,1
24339,DECODE,113,0,113,2480.85,8.25,1
24340,DECODE,113,0,113,2481.85,8.38,1
24341,DECODE,113,0,113,2482.85,8.33,1
24342,DECODE,113,0,113,2483.85,8.34,1
24343,DECODE,113,0,113,2484.85,8.34,1
24344,DECODE,112,0,112,2485.18,8.55,1
24345,DECODE,110,0,110,2484.82,8.40,1
24346,DECODE,110,0,110,2485.82,8.43,1
24347,DECODE,110,0,110,2486.82,8.75,1
24348,DECODE,110,0,110,2487.82,7.34,1
24349,DECODE,110,0,110,2488.82,7.56,1
24350,DECODE,110,0,110,2489.82,7.54,1
24351,DECODE,110,0,110,2490.82,7.70,1
24352,DECODE,110,0,110,2491.82,7.47,1
24353,DECODE,109,0,109,2492.19,7.50,1
24354,DECODE,107,0,107,2491.93,7.43,1
24355,DECODE,107,0,107,2492.93,7.53,1
24356,DECODE,107,0,107,2493.93,7.52,1
24357,DECODE,106,0,106,2494.30,7.46,1
24358,DECODE,105,0,105,2494.68,7.28,1
24359,DECODE,105,0,105,2495.68,8.21,1
24360,DECODE,104,0,104,2496.73,8.46,1
24361,DECODE,103,0,103,2497.12,8.29,1
24362,DECODE,103,0,103,2498.12,8.35,1
24363,DECODE,101,0,101,2497.89,8.47,1
24364,DECODE,100,0,100,2498.27,8.42,1
24365,DECODE,100,0,100,2499.27,8.18,1
24366,DECODE,100,0,100,2500.27,8.12,1
24367,DECODE,100,0,100,2501.27,8.22,1
24368,DECODE,99,0,99,2501.68,8.21,1
24369,DECODE,97,0,97,2501.47,8.29,1
24370,DECODE,96,0,96,2501.86,8.16,1
24371,DECODE,93,0,93,2500.99,8.07,1
24372,DECODE,92,0,92,2501.35,8.14,1
24373,DECODE,92,0,92,2502.35,7.87,1
24374,DECODE,92,0,92,2503.35,7.82,1
24375,DECODE,90,0,90,2503.09,8.02,1
24376,DECODE,89,0,89,2503.45,8.09,1
24377,DECODE,88,0,88,2503.81,7.97,1
24378,DECODE,88,0,88,2504.81,7.80,1
24379,DECODE,88,0,88,2505.81,7.70,1
24380,DECODE,87,0,87,2506.18,7.96,1
24381,DECODE,86,0,86,2506.56,8.00,1
24382,DECODE,86,0,86,2507.56,8.30,1
24383,DECODE,83,0,83,2506.66,8.40,1
24384,DECODE,83,0,83,2507.66,7.86,1
24385,DECODE,82,0,82,2508.02,7.81,1
24386,DECODE,82,0,82,2509.02,7.77,1
24387,DECODE,82,0,82,2510.02,7.72,1
24388,DECODE,82,0,82,2511.02,7.76,1
24389,DECODE,82,0,82,2512.02,8.04,1
24390,DECODE,81,0,81,2512.43,8.25,1
24391,DECODE,79,0,79,2512.23,8.28,1
24392,DECODE,79,0,79,2513.23,7.72,1
24393,DECODE,78,0,78,2513.63,8.16,1
24394,DECODE,75,0,75,2512.77,8.25,1
24395,DECODE,72,0,72,2511.81,8.47,1
24396,DECODE,72,0,72,2512.81,7.92,1
24397,DECODE,71,0,71,2513.14,7.82,1
24398,DECODE,70,0,70,2513.47,7.69,1
24399,DECODE,70,0,70,2514.47,7.50,1
24400,DECODE,69,0,69,2514.81,7.78,1
24401,DECODE,66,0,66,2513.76,6.19,1
24402,DECODE,66,0,66,2514.76,6.20,1
24403,DECODE,65,0,65,2515.06,6.06,1
24404,DECODE,65,0,65,2516.06,6.09,1
24405,DECODE,65,0,65,2517.06,6.01,1
24406,DECODE,63,0,63,2516.70,6.01,1
24407,DECODE,61,0,61,2516.28,5.95,1
24408,DECODE,61,0,61,2517.28,5.94,1
24409,DECODE,60,0,60,2517.57,6.35,1
24410,DECODE,60,0,60,2518.57,6.21,1
24411,DECODE,60,0,60,2519.57,6.12,1
24412,DECODE,60,0,60,2520.57,6.10,1
24413,DECODE,59,0,59,2520.90,6.14,1
24414,DECODE,59,0,59,2521.90,5.39,1
24415,DECODE,58,0,58,2522.24,5.25,1
24416,DECODE,56,0,56,2521.89,5.30,1
24417,DECODE,56,0,56,2522.89,5.25,1
24418,DECODE,55,0,55,2523.22,5.26,1
24419,DECODE,55,0,55,2524.22,5.27,1
24420,DECODE,55,0,55,2525.22,5.32,1
24421,DECODE,54,0,54,2525.57,5.19,1
24422,DECODE,54,0,54,2526.57,5.27,1
24423,DECODE,53,0,53,2526.94,5.16,1
24424,DECODE,52,0,52,2527.31,5.19,1
24425,DECODE,52,0,52,2528.31,5.20,1
24426,DECODE,51,0,51,2528.69,5.14,1
24427,DECODE,50,0,50,2529.06,5.10,1
24428,DECODE,50,0,50,2530.06,5.23,1
24429,DECODE,50,0,50,2531.06,5.08,1
24430,DECODE,49,0,49,2531.47,5.28,1
24431,DECODE,49,0,49,2532.47,5.34,1
24432,DECODE,49,0,49,2533.47,5.21,1
24433,DECODE,49,0,49,2534.47,5.27,1
24434,DECODE,49,0,49,2535.47,5.46,1
24435,DECODE,47,0,47,2535.43,5.58,1
24436,DECODE,44,0,44,2534.75,5.15,1
24437,DECODE,44,0,44,2535.75,5.47,1
24438,DECODE,42,0,42,2535.60,5.52,1
24439,DECODE,40,0,40,2535.38,5.19,1
24440,DECODE,40,0,40,2536.38,6.06,1
24441,DECODE,39,0,39,2536.77,6.09,1
24442,DECODE,38,0,38,2537.16,5.82,1
24443,DECODE,37,0,37,2537.54,5.71,1
24444,DECODE,35,0,35,2537.26,5.66,1
24445,DECODE,30,0,30,2534.47,5.09,1
24446,DECODE,29,0,29,2534.59,4.74,1
24447,DECODE,28,0,28,2534.68,4.75,1
24448,DECODE,28,0,28,2535.68,4.72,1
24449,DECODE,27,0,27,2535.78,4.72,1
24450,DECODE,26,0,26,2535.85,5.07,1
24451,DECODE,26,0,26,2536.85,4.90,1
24452,DECODE,21,0,21,2532.33,5.05,1
24453,DECODE,19,0,19,2530.42,5.06,1
24454,DECODE,18,0,18,2529.78,4.80,1
24455,DECODE,18,0,18,2530.78,4.55,1
24456,DECODE,18,0,18,2531.78,4.53,1
24457,DECODE,18,0,18,2532.78,4.59,1
24458,DECODE,18,0,18,2533.78,4.53,1
24459,DECODE,18,0,18,2534.78,4.47,1
24460,DECODE,18,0,18,2535.78,4.53,1
24461,DECODE,17,0,17,2535.35,5.24,1
24462,DECODE,17,0,17,2536.35,5.02,1
24463,DECODE,17,0,17,2537.35,4.84,1
24464,DECODE,16,0,16,2536.94,6.31,1
24465,DECODE,16,0,16,2537.94,4.30,1
24466,DECODE,14,0,14,2535.79,4.53,1
24467,DECODE,13,0,13,2534.92,4.52,1
24468,DECODE,13,0,13,2535.92,4.41,1
24469,DECODE,13,0,13,2536.92,4.28,1
24470,DECODE,13,0,13,2537.92,4.33,1
24471,DECODE,13,0,13,2538.92,4.32,1
24472,DECODE,13,0,13,2539.92,4.30,1
24473,DECODE,13,0,13,2540.92,4.24,1
24474,DECODE,13,0,13,2541.92,4.34,1
24475,DECODE,11,0,11,2539.64,4.35,1
24476,DECODE,11,0,11,2540.64,4.25,1
24477,DECODE,11,0,11,2541.64,4.17,1
24478,DECODE,11,0,11,2542.64,4.13,1
24479,DECODE,11,0,11,2543.64,4.11,1
24480,DECODE,11,0,11,2544.64,4.18,1
24481,DECODE,10,0,10,2544.10,4.27,1
24482,DECODE,10,0,10,2545.10,4.17,1
24483,DECODE,10,0,10,2546.10,4.14,1
24484,DECODE,10,0,10,2547.10,4.68,1
24485,DECODE,7,0,7,2542.57,4.09,1
24486,DECODE,7,0,7,2543.57,4.04,1
24487,DECODE,7,0,7,2544.57,4.38,1
24488,DECODE,7,0,7,2545.57,3.43,1
24489,DECODE,7,0,7,2546.57,3.97,1
24490,DECODE,7,0,7,2547.57,3.98,1
24491,DECODE,6,0,6,2546.50,4.17,1
24492,DECODE,6,0,6,2547.50,3.96,1
24493,DECODE,6,0,6,2548.50,3.94,1
24494,DECODE,6,0,6,2549.50,3.86,1
24495,DECODE,6,0,6,2550.50,3.94,1
24496,DECODE,4,0,4,2546.75,3.98,1
24497,DECODE,4,0,4,2547.75,3.88,1
24498,DECODE,4,0,4,2548.75,3.77,1
24499,DECODE,4,0,4,2549.75,3.78,1
24500,DECODE,4,0,4,2550.75,3.89,1
24501,DECODE,4,0,4,2551.75,3.82,1
24502,DECODE,4,0,4,2552.75,3.88,1
24503,DECODE,3,0,3,2551.33,4.03,1
24504,DECODE,3,0,3,2552.33,3.86,1
24505,DECODE,3,0,3,2553.33,3.85,1
24506,DECODE,3,0,3,2554.33,3.83,1
24507,DECODE,3,0,3,2555.33,3.87,1
24508,DECODE,3,0,3,2556.33,3.81,1
24509,DECODE,3,0,3,2557.33,3.84,1
24510,DECODE,3,0,3,2558.33,3.75,1
24511,DECODE,3,0,3,2559.33,3.80,1
24512,DECODE,1,0,1,2559.00,24.54,1
24513,DECODE,1,0,1,2560.00,3.04,1
