pass_id,mode,batch_size,prefill_tokens,decode_tokens,avg_seq_len,forward_time_ms,global_step
1,EXTEND,9,3064,0,340.44,1485.26,1
2,EXTEND,23,7404,0,321.91,238.09,1
3,EXTEND,24,2052,0,302.83,71.07,1
4,DECODE,56,0,56,317.71,27.05,1
5,DECODE,56,0,56,318.71,11.61,1
6,DECODE,56,0,56,319.71,11.52,1
7,DECODE,56,0,56,320.71,11.38,1
8,DECODE,56,0,56,321.71,11.46,1
9,DECODE,56,0,56,322.71,11.44,1
10,DECODE,56,0,56,323.71,11.23,1
11,DECODE,56,0,56,324.71,11.40,1
12,DECODE,56,0,56,325.71,11.30,1
13,DECODE,56,0,56,326.71,11.41,1
14,DECODE,56,0,56,327.71,11.30,1
15,DECODE,56,0,56,328.71,11.38,1
16,DECODE,56,0,56,329.71,11.24,1
17,DECODE,56,0,56,330.71,11.33,1
18,DECODE,56,0,56,331.71,11.18,1
19,DECODE,56,0,56,332.71,11.28,1
20,DECODE,56,0,56,333.71,11.27,1
21,DECODE,56,0,56,334.71,11.36,1
22,DECODE,56,0,56,335.71,11.26,1
23,DECODE,56,0,56,336.71,11.36,1
24,DECODE,56,0,56,337.71,11.38,1
25,DECODE,56,0,56,338.71,12.15,1
26,DECODE,56,0,56,339.71,12.13,1
27,DECODE,56,0,56,340.71,12.21,1
28,DECODE,56,0,56,341.71,11.95,1
29,DECODE,56,0,56,342.71,12.06,1
30,DECODE,56,0,56,343.71,12.08,1
31,DECODE,56,0,56,344.71,12.15,1
32,DECODE,56,0,56,345.71,12.06,1
33,DECODE,56,0,56,346.71,12.18,1
34,DECODE,56,0,56,347.71,11.97,1
35,DECODE,56,0,56,348.71,12.03,1
36,DECODE,56,0,56,349.71,12.10,1
37,DECODE,56,0,56,350.71,12.10,1
38,DECODE,56,0,56,351.71,12.05,1
39,DECODE,56,0,56,352.71,12.19,1
40,DECODE,56,0,56,353.71,12.08,1
41,DECODE,56,0,56,354.71,12.38,1
42,DECODE,56,0,56,355.71,12.41,1
43,DECODE,56,0,56,356.71,12.40,1
44,DECODE,56,0,56,357.71,13.39,1
45,DECODE,56,0,56,358.71,12.39,1
46,DECODE,56,0,56,359.71,12.12,1
47,DECODE,56,0,56,360.71,11.97,1
48,DECODE,56,0,56,361.71,12.08,1
49,DECODE,56,0,56,362.71,12.11,1
50,DECODE,56,0,56,363.71,12.13,1
51,DECODE,56,0,56,364.71,13.73,1
52,DECODE,56,0,56,365.71,12.71,1
53,DECODE,56,0,56,366.71,12.26,1
54,DECODE,56,0,56,367.71,11.99,1
55,DECODE,56,0,56,368.71,12.28,1
56,DECODE,56,0,56,369.71,11.63,1
57,DECODE,56,0,56,370.71,13.52,1
58,DECODE,56,0,56,371.71,12.97,1
59,DECODE,56,0,56,372.71,12.12,1
60,DECODE,56,0,56,373.71,12.30,1
61,DECODE,56,0,56,374.71,12.43,1
62,DECODE,56,0,56,375.71,12.20,1
63,DECODE,56,0,56,376.71,12.32,1
64,DECODE,56,0,56,377.71,12.59,1
65,DECODE,56,0,56,378.71,12.41,1
66,DECODE,56,0,56,379.71,12.71,1
67,DECODE,56,0,56,380.71,12.85,1
68,DECODE,56,0,56,381.71,12.62,1
69,DECODE,56,0,56,382.71,12.59,1
70,DECODE,56,0,56,383.71,12.65,1
71,DECODE,56,0,56,384.71,12.59,1
72,DECODE,56,0,56,385.71,12.49,1
73,DECODE,56,0,56,386.71,12.60,1
74,DECODE,56,0,56,387.71,13.57,1
75,DECODE,56,0,56,388.71,12.93,1
76,DECODE,56,0,56,389.71,12.67,1
77,DECODE,56,0,56,390.71,12.78,1
78,DECODE,56,0,56,391.71,12.78,1
79,DECODE,56,0,56,392.71,12.54,1
80,DECODE,56,0,56,393.71,12.56,1
81,DECODE,56,0,56,394.71,12.58,1
82,DECODE,56,0,56,395.71,12.63,1
83,DECODE,56,0,56,396.71,12.89,1
84,DECODE,56,0,56,397.71,12.57,1
85,DECODE,56,0,56,398.71,12.73,1
86,DECODE,56,0,56,399.71,12.65,1
87,DECODE,56,0,56,400.71,12.49,1
88,DECODE,56,0,56,401.71,12.51,1
89,DECODE,56,0,56,402.71,12.99,1
90,DECODE,56,0,56,403.71,11.98,1
91,DECODE,56,0,56,404.71,12.34,1
92,DECODE,56,0,56,405.71,11.70,1
93,DECODE,56,0,56,406.71,11.81,1
94,DECODE,56,0,56,407.71,12.20,1
95,DECODE,56,0,56,408.71,11.91,1
96,DECODE,56,0,56,409.71,11.40,1
97,DECODE,56,0,56,410.71,13.06,1
98,DECODE,56,0,56,411.71,11.41,1
99,DECODE,56,0,56,412.71,11.43,1
100,DECODE,56,0,56,413.71,11.59,1
101,DECODE,56,0,56,414.71,11.63,1
102,DECODE,56,0,56,415.71,11.47,1
103,DECODE,56,0,56,416.71,11.50,1
104,DECODE,56,0,56,417.71,11.55,1
105,DECODE,56,0,56,418.71,11.48,1
106,DECODE,56,0,56,419.71,11.43,1
107,DECODE,56,0,56,420.71,11.67,1
108,DECODE,56,0,56,421.71,11.83,1
109,DECODE,56,0,56,422.71,11.43,1
110,DECODE,56,0,56,423.71,12.08,1
111,DECODE,56,0,56,424.71,11.35,1
112,DECODE,56,0,56,425.71,11.36,1
113,DECODE,56,0,56,426.71,11.39,1
114,DECODE,56,0,56,427.71,11.93,1
115,DECODE,56,0,56,428.71,11.78,1
116,DECODE,56,0,56,429.71,11.37,1
117,DECODE,56,0,56,430.71,11.32,1
118,DECODE,56,0,56,431.71,11.30,1
119,DECODE,56,0,56,432.71,11.35,1
120,DECODE,56,0,56,433.71,11.32,1
121,DECODE,56,0,56,434.71,11.33,1
122,DECODE,56,0,56,435.71,11.34,1
123,DECODE,56,0,56,436.71,11.32,1
124,DECODE,56,0,56,437.71,11.37,1
125,DECODE,56,0,56,438.71,11.17,1
126,DECODE,56,0,56,439.71,11.36,1
127,DECODE,56,0,56,440.71,11.34,1
128,DECODE,56,0,56,441.71,11.36,1
129,DECODE,56,0,56,442.71,11.34,1
130,DECODE,56,0,56,443.71,11.34,1
131,DECODE,56,0,56,444.71,11.37,1
132,DECODE,56,0,56,445.71,11.38,1
133,DECODE,56,0,56,446.71,11.36,1
134,DECODE,56,0,56,447.71,11.45,1
135,DECODE,56,0,56,448.71,12.13,1
136,DECODE,56,0,56,449.71,12.25,1
137,DECODE,56,0,56,450.71,12.32,1
138,DECODE,56,0,56,451.71,11.46,1
139,DECODE,56,0,56,452.71,11.51,1
140,DECODE,56,0,56,453.71,11.38,1
141,DECODE,56,0,56,454.71,11.33,1
142,DECODE,56,0,56,455.71,11.37,1
143,DECODE,56,0,56,456.71,11.44,1
144,DECODE,56,0,56,457.71,11.87,1
145,DECODE,56,0,56,458.71,11.37,1
146,DECODE,56,0,56,459.71,11.45,1
147,DECODE,56,0,56,460.71,11.42,1
148,DECODE,56,0,56,461.71,11.47,1
149,DECODE,56,0,56,462.71,11.46,1
150,DECODE,56,0,56,463.71,11.47,1
151,DECODE,56,0,56,464.71,11.48,1
152,DECODE,56,0,56,465.71,11.47,1
153,DECODE,56,0,56,466.71,11.45,1
154,DECODE,56,0,56,467.71,11.50,1
155,DECODE,56,0,56,468.71,11.30,1
156,DECODE,56,0,56,469.71,11.57,1
157,DECODE,56,0,56,470.71,11.49,1
158,DECODE,56,0,56,471.71,11.47,1
159,DECODE,56,0,56,472.71,11.47,1
160,DECODE,56,0,56,473.71,12.14,1
161,DECODE,56,0,56,474.71,11.46,1
162,DECODE,56,0,56,475.71,11.40,1
163,DECODE,56,0,56,476.71,11.47,1
164,DECODE,56,0,56,477.71,11.44,1
165,DECODE,56,0,56,478.71,11.35,1
166,DECODE,56,0,56,479.71,11.48,1
167,DECODE,56,0,56,480.71,11.45,1
168,DECODE,56,0,56,481.71,11.44,1
169,DECODE,56,0,56,482.71,11.62,1
170,DECODE,56,0,56,483.71,11.66,1
171,DECODE,56,0,56,484.71,11.62,1
172,DECODE,56,0,56,485.71,12.31,1
173,DECODE,56,0,56,486.71,12.29,1
174,DECODE,56,0,56,487.71,12.28,1
175,DECODE,56,0,56,488.71,12.43,1
176,DECODE,56,0,56,489.71,12.28,1
177,DECODE,56,0,56,490.71,12.41,1
178,DECODE,56,0,56,491.71,12.52,1
179,DECODE,56,0,56,492.71,12.41,1
180,DECODE,56,0,56,493.71,12.41,1
181,DECODE,56,0,56,494.71,12.41,1
182,DECODE,56,0,56,495.71,12.50,1
183,DECODE,56,0,56,496.71,12.46,1
184,DECODE,56,0,56,497.71,12.19,1
185,DECODE,56,0,56,498.71,12.41,1
186,DECODE,56,0,56,499.71,12.41,1
187,DECODE,56,0,56,500.71,12.43,1
188,DECODE,56,0,56,501.71,12.48,1
189,DECODE,56,0,56,502.71,12.41,1
190,DECODE,56,0,56,503.71,12.44,1
191,DECODE,56,0,56,504.71,12.35,1
192,DECODE,56,0,56,505.71,12.40,1
193,DECODE,56,0,56,506.71,12.38,1
194,DECODE,56,0,56,507.71,12.40,1
195,DECODE,56,0,56,508.71,12.20,1
196,DECODE,56,0,56,509.71,12.10,1
197,DECODE,56,0,56,510.71,12.09,1
198,DECODE,56,0,56,511.71,12.22,1
199,DECODE,56,0,56,512.71,12.24,1
200,DECODE,56,0,56,513.71,12.16,1
201,DECODE,56,0,56,514.71,12.14,1
202,DECODE,56,0,56,515.71,12.24,1
203,DECODE,56,0,56,516.71,12.18,1
204,DECODE,56,0,56,517.71,12.22,1
205,DECODE,56,0,56,518.71,12.18,1
206,DECODE,56,0,56,519.71,12.25,1
207,DECODE,56,0,56,520.71,12.31,1
208,DECODE,56,0,56,521.71,12.78,1
209,DECODE,56,0,56,522.71,12.35,1
210,DECODE,56,0,56,523.71,12.27,1
211,DECODE,56,0,56,524.71,12.20,1
212,DECODE,56,0,56,525.71,12.04,1
213,DECODE,56,0,56,526.71,11.55,1
214,DECODE,56,0,56,527.71,12.71,1
215,DECODE,56,0,56,528.71,12.17,1
216,DECODE,56,0,56,529.71,12.09,1
217,DECODE,56,0,56,530.71,12.16,1
218,DECODE,56,0,56,531.71,12.10,1
219,DECODE,56,0,56,532.71,12.04,1
220,DECODE,56,0,56,533.71,12.13,1
221,DECODE,56,0,56,534.71,11.79,1
222,DECODE,56,0,56,535.71,11.93,1
223,DECODE,56,0,56,536.71,12.05,1
224,DECODE,56,0,56,537.71,12.04,1
225,DECODE,56,0,56,538.71,12.03,1
226,DECODE,56,0,56,539.71,12.09,1
227,DECODE,56,0,56,540.71,12.10,1
228,DECODE,56,0,56,541.71,12.11,1
229,DECODE,56,0,56,542.71,12.05,1
230,DECODE,56,0,56,543.71,12.02,1
231,DECODE,56,0,56,544.71,12.10,1
232,DECODE,56,0,56,545.71,12.20,1
233,DECODE,56,0,56,546.71,11.90,1
234,DECODE,56,0,56,547.71,12.14,1
235,DECODE,56,0,56,548.71,12.07,1
236,DECODE,56,0,56,549.71,12.07,1
237,DECODE,56,0,56,550.71,12.16,1
238,DECODE,56,0,56,551.71,12.08,1
239,DECODE,56,0,56,552.71,12.10,1
240,DECODE,56,0,56,553.71,12.18,1
241,DECODE,56,0,56,554.71,12.07,1
242,DECODE,56,0,56,555.71,12.12,1
243,DECODE,56,0,56,556.71,12.15,1
244,DECODE,56,0,56,557.71,11.93,1
245,DECODE,56,0,56,558.71,12.57,1
246,DECODE,56,0,56,559.71,12.18,1
247,DECODE,56,0,56,560.71,12.14,1
248,DECODE,56,0,56,561.71,12.12,1
249,DECODE,56,0,56,562.71,12.11,1
250,DECODE,56,0,56,563.71,12.19,1
251,DECODE,56,0,56,564.71,12.15,1
252,DECODE,56,0,56,565.71,12.16,1
253,DECODE,56,0,56,566.71,12.12,1
254,DECODE,56,0,56,567.71,12.09,1
255,DECODE,56,0,56,568.71,12.16,1
256,DECODE,56,0,56,569.71,12.14,1
257,DECODE,56,0,56,570.71,12.17,1
258,DECODE,56,0,56,571.71,11.56,1
259,DECODE,56,0,56,572.71,11.52,1
260,DECODE,56,0,56,573.71,11.48,1
261,DECODE,56,0,56,574.71,11.51,1
262,DECODE,56,0,56,575.71,11.61,1
263,DECODE,56,0,56,576.71,11.66,1
264,DECODE,56,0,56,577.71,11.58,1
265,DECODE,56,0,56,578.71,11.60,1
266,DECODE,56,0,56,579.71,11.62,1
267,DECODE,56,0,56,580.71,11.57,1
268,DECODE,56,0,56,581.71,11.58,1
269,DECODE,56,0,56,582.71,11.59,1
270,DECODE,56,0,56,583.71,11.61,1
271,DECODE,56,0,56,584.71,11.64,1
272,DECODE,56,0,56,585.71,11.60,1
273,DECODE,56,0,56,586.71,11.62,1
274,DECODE,56,0,56,587.71,11.65,1
275,DECODE,56,0,56,588.71,11.70,1
276,DECODE,56,0,56,589.71,11.65,1
277,DECODE,56,0,56,590.71,12.11,1
278,DECODE,56,0,56,591.71,11.63,1
279,DECODE,56,0,56,592.71,12.29,1
280,DECODE,56,0,56,593.71,11.99,1
281,DECODE,56,0,56,594.71,12.13,1
282,DECODE,56,0,56,595.71,12.33,1
283,DECODE,56,0,56,596.71,12.21,1
284,DECODE,56,0,56,597.71,11.61,1
285,DECODE,56,0,56,598.71,11.64,1
286,DECODE,56,0,56,599.71,11.84,1
287,DECODE,56,0,56,600.71,11.75,1
288,DECODE,56,0,56,601.71,11.77,1
289,DECODE,56,0,56,602.71,11.62,1
290,DECODE,56,0,56,603.71,11.61,1
291,DECODE,56,0,56,604.71,11.61,1
292,DECODE,56,0,56,605.71,12.49,1
293,DECODE,56,0,56,606.71,12.46,1
294,DECODE,56,0,56,607.71,12.30,1
295,DECODE,56,0,56,608.71,12.48,1
296,DECODE,56,0,56,609.71,12.24,1
297,DECODE,56,0,56,610.71,12.43,1
298,DECODE,56,0,56,611.71,12.63,1
299,DECODE,56,0,56,612.71,12.41,1
300,DECODE,56,0,56,613.71,11.87,1
301,DECODE,56,0,56,614.71,11.99,1
302,DECODE,56,0,56,615.71,11.80,1
303,DECODE,56,0,56,616.71,11.77,1
304,DECODE,56,0,56,617.71,11.80,1
305,DECODE,56,0,56,618.71,11.75,1
306,DECODE,56,0,56,619.71,12.83,1
307,DECODE,56,0,56,620.71,11.97,1
308,DECODE,56,0,56,621.71,11.84,1
309,DECODE,56,0,56,622.71,11.94,1
310,DECODE,56,0,56,623.71,11.93,1
311,DECODE,56,0,56,624.71,11.86,1
312,DECODE,56,0,56,625.71,11.85,1
313,DECODE,56,0,56,626.71,11.93,1
314,DECODE,56,0,56,627.71,12.16,1
315,DECODE,56,0,56,628.71,11.83,1
316,DECODE,56,0,56,629.71,12.01,1
317,DECODE,56,0,56,630.71,11.91,1
318,DECODE,56,0,56,631.71,11.85,1
319,DECODE,56,0,56,632.71,12.71,1
320,DECODE,56,0,56,633.71,12.67,1
321,DECODE,56,0,56,634.71,12.78,1
322,DECODE,56,0,56,635.71,12.65,1
323,DECODE,56,0,56,636.71,12.85,1
324,DECODE,56,0,56,637.71,12.63,1
325,DECODE,56,0,56,638.71,12.78,1
326,DECODE,56,0,56,639.71,12.73,1
327,DECODE,56,0,56,640.71,12.77,1
328,DECODE,56,0,56,641.71,12.47,1
329,DECODE,56,0,56,642.71,12.77,1
330,DECODE,56,0,56,643.71,11.72,1
331,DECODE,56,0,56,644.71,11.75,1
332,DECODE,56,0,56,645.71,11.72,1
333,DECODE,56,0,56,646.71,11.71,1
334,DECODE,56,0,56,647.71,11.73,1
335,DECODE,56,0,56,648.71,11.58,1
336,DECODE,56,0,56,649.71,11.67,1
337,DECODE,56,0,56,650.71,11.69,1
338,DECODE,56,0,56,651.71,11.75,1
339,DECODE,56,0,56,652.71,11.76,1
340,DECODE,56,0,56,653.71,11.75,1
341,DECODE,56,0,56,654.71,11.82,1
342,DECODE,56,0,56,655.71,12.74,1
343,DECODE,56,0,56,656.71,12.47,1
344,DECODE,56,0,56,657.71,12.49,1
345,DECODE,56,0,56,658.71,13.09,1
346,DECODE,56,0,56,659.71,12.24,1
347,DECODE,56,0,56,660.71,12.43,1
348,DECODE,56,0,56,661.71,12.58,1
349,DECODE,56,0,56,662.71,12.35,1
350,DECODE,56,0,56,663.71,12.64,1
351,DECODE,56,0,56,664.71,12.47,1
352,DECODE,56,0,56,665.71,12.68,1
353,DECODE,56,0,56,666.71,12.89,1
354,DECODE,56,0,56,667.71,12.52,1
355,DECODE,56,0,56,668.71,12.42,1
356,DECODE,56,0,56,669.71,12.43,1
357,DECODE,56,0,56,670.71,12.21,1
358,DECODE,56,0,56,671.71,12.46,1
359,DECODE,56,0,56,672.71,12.46,1
360,DECODE,56,0,56,673.71,12.61,1
361,DECODE,56,0,56,674.71,12.46,1
362,DECODE,56,0,56,675.71,12.49,1
363,DECODE,56,0,56,676.71,12.44,1
364,DECODE,56,0,56,677.71,12.47,1
365,DECODE,56,0,56,678.71,12.43,1
366,DECODE,56,0,56,679.71,12.43,1
367,DECODE,56,0,56,680.71,12.79,1
368,DECODE,56,0,56,681.71,12.16,1
369,DECODE,56,0,56,682.71,12.47,1
370,DECODE,56,0,56,683.71,12.43,1
371,DECODE,56,0,56,684.71,12.37,1
372,DECODE,56,0,56,685.71,12.43,1
373,DECODE,56,0,56,686.71,12.44,1
374,DECODE,56,0,56,687.71,12.53,1
375,DECODE,56,0,56,688.71,12.69,1
376,DECODE,56,0,56,689.71,12.41,1
377,DECODE,56,0,56,690.71,12.42,1
378,DECODE,56,0,56,691.71,12.50,1
379,DECODE,56,0,56,692.71,12.38,1
380,DECODE,56,0,56,693.71,12.52,1
381,DECODE,56,0,56,694.71,12.48,1
382,DECODE,56,0,56,695.71,12.34,1
383,DECODE,56,0,56,696.71,12.44,1
384,DECODE,56,0,56,697.71,12.40,1
385,DECODE,56,0,56,698.71,13.78,1
386,DECODE,56,0,56,699.71,12.48,1
387,DECODE,56,0,56,700.71,12.54,1
388,DECODE,56,0,56,701.71,12.41,1
389,DECODE,56,0,56,702.71,12.43,1
390,DECODE,56,0,56,703.71,12.53,1
391,DECODE,56,0,56,704.71,12.64,1
392,DECODE,56,0,56,705.71,12.46,1
393,DECODE,56,0,56,706.71,12.53,1
394,DECODE,56,0,56,707.71,12.49,1
395,DECODE,56,0,56,708.71,12.51,1
396,DECODE,56,0,56,709.71,12.70,1
397,DECODE,56,0,56,710.71,12.65,1
398,DECODE,56,0,56,711.71,12.77,1
399,DECODE,56,0,56,712.71,12.66,1
400,DECODE,56,0,56,713.71,12.69,1
401,DECODE,56,0,56,714.71,11.90,1
402,DECODE,56,0,56,715.71,11.89,1
403,DECODE,56,0,56,716.71,12.74,1
404,DECODE,56,0,56,717.71,11.80,1
405,DECODE,56,0,56,718.71,12.42,1
406,DECODE,56,0,56,719.71,12.77,1
407,DECODE,56,0,56,720.71,12.43,1
408,DECODE,56,0,56,721.71,12.24,1
409,DECODE,56,0,56,722.71,11.85,1
410,DECODE,56,0,56,723.71,11.85,1
411,DECODE,56,0,56,724.71,12.40,1
412,DECODE,56,0,56,725.71,11.81,1
413,DECODE,56,0,56,726.71,11.81,1
414,DECODE,56,0,56,727.71,11.75,1
415,DECODE,56,0,56,728.71,11.74,1
416,DECODE,56,0,56,729.71,11.76,1
417,DECODE,56,0,56,730.71,11.83,1
418,DECODE,56,0,56,731.71,11.85,1
419,DECODE,56,0,56,732.71,11.79,1
420,DECODE,56,0,56,733.71,11.79,1
421,DECODE,56,0,56,734.71,11.80,1
422,DECODE,56,0,56,735.71,11.87,1
423,DECODE,56,0,56,736.71,11.82,1
424,DECODE,56,0,56,737.71,11.79,1
425,DECODE,56,0,56,738.71,11.99,1
426,DECODE,56,0,56,739.71,12.02,1
427,DECODE,56,0,56,740.71,12.01,1
428,DECODE,56,0,56,741.71,12.02,1
429,DECODE,56,0,56,742.71,11.99,1
430,DECODE,56,0,56,743.71,12.03,1
431,DECODE,56,0,56,744.71,12.96,1
432,DECODE,56,0,56,745.71,12.10,1
433,DECODE,56,0,56,746.71,11.99,1
434,DECODE,56,0,56,747.71,12.03,1
435,DECODE,56,0,56,748.71,12.02,1
436,DECODE,56,0,56,749.71,12.02,1
437,DECODE,56,0,56,750.71,11.99,1
438,DECODE,56,0,56,751.71,11.98,1
439,DECODE,56,0,56,752.71,12.73,1
440,DECODE,56,0,56,753.71,12.64,1
441,DECODE,56,0,56,754.71,12.80,1
442,DECODE,56,0,56,755.71,13.34,1
443,DECODE,56,0,56,756.71,12.97,1
444,DECODE,56,0,56,757.71,12.70,1
445,DECODE,56,0,56,758.71,12.62,1
446,DECODE,56,0,56,759.71,12.59,1
447,DECODE,56,0,56,760.71,12.06,1
448,DECODE,56,0,56,761.71,12.03,1
449,DECODE,56,0,56,762.71,12.75,1
450,DECODE,56,0,56,763.71,12.68,1
451,DECODE,56,0,56,764.71,12.63,1
452,DECODE,56,0,56,765.71,12.96,1
453,DECODE,56,0,56,766.71,12.04,1
454,DECODE,56,0,56,767.71,12.31,1
455,DECODE,56,0,56,768.71,12.00,1
456,DECODE,56,0,56,769.71,12.36,1
457,DECODE,56,0,56,770.71,12.66,1
458,DECODE,56,0,56,771.71,11.76,1
459,DECODE,56,0,56,772.71,11.77,1
460,DECODE,56,0,56,773.71,11.77,1
461,DECODE,56,0,56,774.71,11.80,1
462,DECODE,56,0,56,775.71,11.78,1
463,DECODE,56,0,56,776.71,11.80,1
464,DECODE,56,0,56,777.71,11.88,1
465,DECODE,56,0,56,778.71,11.76,1
466,DECODE,56,0,56,779.71,11.82,1
467,DECODE,56,0,56,780.71,11.79,1
468,DECODE,56,0,56,781.71,11.93,1
469,DECODE,56,0,56,782.71,11.92,1
470,DECODE,56,0,56,783.71,11.98,1
471,DECODE,56,0,56,784.71,11.89,1
472,DECODE,56,0,56,785.71,11.99,1
473,DECODE,56,0,56,786.71,11.84,1
474,DECODE,56,0,56,787.71,11.81,1
475,DECODE,56,0,56,788.71,11.79,1
476,DECODE,56,0,56,789.71,11.90,1
477,DECODE,56,0,56,790.71,12.27,1
478,DECODE,56,0,56,791.71,12.38,1
479,DECODE,56,0,56,792.71,12.53,1
480,DECODE,56,0,56,793.71,12.38,1
481,DECODE,56,0,56,794.71,12.49,1
482,DECODE,56,0,56,795.71,12.64,1
483,DECODE,56,0,56,796.71,11.95,1
484,DECODE,56,0,56,797.71,13.15,1
485,DECODE,56,0,56,798.71,12.02,1
486,DECODE,56,0,56,799.71,12.00,1
487,DECODE,56,0,56,800.71,11.98,1
488,DECODE,56,0,56,801.71,11.96,1
489,DECODE,56,0,56,802.71,13.65,1
490,DECODE,56,0,56,803.71,12.13,1
491,DECODE,56,0,56,804.71,11.77,1
492,DECODE,56,0,56,805.71,11.82,1
493,DECODE,56,0,56,806.71,11.83,1
494,DECODE,56,0,56,807.71,11.90,1
495,DECODE,56,0,56,808.71,11.84,1
496,DECODE,56,0,56,809.71,11.87,1
497,DECODE,56,0,56,810.71,12.68,1
498,DECODE,56,0,56,811.71,12.66,1
499,DECODE,56,0,56,812.71,12.75,1
500,DECODE,56,0,56,813.71,11.87,1
501,DECODE,56,0,56,814.71,12.71,1
502,DECODE,56,0,56,815.71,11.84,1
503,DECODE,56,0,56,816.71,11.82,1
504,DECODE,56,0,56,817.71,12.69,1
505,DECODE,56,0,56,818.71,12.63,1
506,DECODE,56,0,56,819.71,12.67,1
507,DECODE,56,0,56,820.71,11.87,1
508,DECODE,56,0,56,821.71,11.82,1
509,DECODE,56,0,56,822.71,11.99,1
510,DECODE,56,0,56,823.71,12.12,1
511,DECODE,56,0,56,824.71,11.92,1
512,DECODE,56,0,56,825.71,11.82,1
513,DECODE,56,0,56,826.71,11.65,1
514,DECODE,56,0,56,827.71,11.83,1
515,DECODE,56,0,56,828.71,12.58,1
516,DECODE,56,0,56,829.71,12.76,1
517,DECODE,56,0,56,830.71,12.53,1
518,DECODE,56,0,56,831.71,11.92,1
519,DECODE,56,0,56,832.71,12.70,1
520,DECODE,56,0,56,833.71,12.66,1
521,DECODE,56,0,56,834.71,12.73,1
522,DECODE,56,0,56,835.71,12.70,1
523,DECODE,56,0,56,836.71,12.73,1
524,DECODE,56,0,56,837.71,12.77,1
525,DECODE,56,0,56,838.71,13.19,1
526,DECODE,56,0,56,839.71,13.80,1
527,DECODE,56,0,56,840.71,12.64,1
528,DECODE,56,0,56,841.71,12.55,1
529,DECODE,56,0,56,842.71,12.79,1
530,DECODE,56,0,56,843.71,12.81,1
531,DECODE,56,0,56,844.71,12.94,1
532,DECODE,56,0,56,845.71,12.30,1
533,DECODE,56,0,56,846.71,12.52,1
534,DECODE,56,0,56,847.71,12.46,1
535,DECODE,56,0,56,848.71,12.03,1
536,DECODE,56,0,56,849.71,12.11,1
537,DECODE,56,0,56,850.71,11.95,1
538,DECODE,56,0,56,851.71,11.97,1
539,DECODE,56,0,56,852.71,11.86,1
540,DECODE,56,0,56,853.71,12.07,1
541,DECODE,56,0,56,854.71,11.96,1
542,DECODE,56,0,56,855.71,11.96,1
543,DECODE,56,0,56,856.71,11.92,1
544,DECODE,56,0,56,857.71,12.01,1
545,DECODE,56,0,56,858.71,12.05,1
546,DECODE,56,0,56,859.71,11.95,1
547,DECODE,56,0,56,860.71,12.01,1
548,DECODE,56,0,56,861.71,12.03,1
549,DECODE,56,0,56,862.71,11.93,1
550,DECODE,56,0,56,863.71,12.01,1
551,DECODE,56,0,56,864.71,11.97,1
552,DECODE,56,0,56,865.71,12.00,1
553,DECODE,56,0,56,866.71,12.00,1
554,DECODE,56,0,56,867.71,12.32,1
555,DECODE,55,0,55,868.73,13.18,1
556,EXTEND,30,1320,0,318.20,63.91,1
557,DECODE,85,0,85,675.42,16.28,1
558,DECODE,85,0,85,676.42,12.72,1
559,DECODE,85,0,85,677.42,12.61,1
560,DECODE,85,0,85,678.42,12.69,1
561,DECODE,85,0,85,679.42,12.44,1
562,DECODE,85,0,85,680.42,12.62,1
563,DECODE,85,0,85,681.42,12.57,1
564,DECODE,85,0,85,682.42,12.52,1
565,DECODE,85,0,85,683.42,12.56,1
566,DECODE,85,0,85,684.42,13.42,1
567,DECODE,85,0,85,685.42,13.39,1
568,DECODE,85,0,85,686.42,13.27,1
569,DECODE,85,0,85,687.42,13.38,1
570,DECODE,85,0,85,688.42,13.37,1
571,DECODE,85,0,85,689.42,13.37,1
572,DECODE,85,0,85,690.42,13.30,1
573,DECODE,85,0,85,691.42,13.47,1
574,DECODE,85,0,85,692.42,13.43,1
575,DECODE,85,0,85,693.42,13.45,1
576,DECODE,85,0,85,694.42,13.49,1
577,DECODE,85,0,85,695.42,13.39,1
578,DECODE,85,0,85,696.42,13.38,1
579,DECODE,85,0,85,697.42,13.34,1
580,DECODE,85,0,85,698.42,13.03,1
581,DECODE,85,0,85,699.42,13.44,1
582,DECODE,85,0,85,700.42,13.51,1
583,DECODE,85,0,85,701.42,13.50,1
584,DECODE,85,0,85,702.42,13.42,1
585,DECODE,85,0,85,703.42,13.46,1
586,DECODE,85,0,85,704.42,13.09,1
587,DECODE,85,0,85,705.42,13.40,1
588,DECODE,85,0,85,706.42,13.44,1
589,DECODE,85,0,85,707.42,13.44,1
590,DECODE,85,0,85,708.42,13.38,1
591,DECODE,85,0,85,709.42,13.38,1
592,DECODE,85,0,85,710.42,13.48,1
593,DECODE,85,0,85,711.42,13.40,1
594,DECODE,85,0,85,712.42,13.39,1
595,DECODE,85,0,85,713.42,13.38,1
596,DECODE,85,0,85,714.42,13.44,1
597,DECODE,85,0,85,715.42,13.47,1
598,DECODE,85,0,85,716.42,13.42,1
599,DECODE,85,0,85,717.42,13.38,1
600,DECODE,85,0,85,718.42,13.40,1
601,DECODE,85,0,85,719.42,13.42,1
602,DECODE,85,0,85,720.42,13.46,1
603,DECODE,85,0,85,721.42,13.40,1
604,DECODE,85,0,85,722.42,13.67,1
605,DECODE,85,0,85,723.42,12.68,1
606,DECODE,85,0,85,724.42,14.14,1
607,DECODE,85,0,85,725.42,13.42,1
608,DECODE,85,0,85,726.42,13.29,1
609,DECODE,85,0,85,727.42,13.34,1
610,DECODE,85,0,85,728.42,13.19,1
611,DECODE,85,0,85,729.42,13.49,1
612,DECODE,85,0,85,730.42,13.33,1
613,DECODE,85,0,85,731.42,13.50,1
614,DECODE,85,0,85,732.42,13.46,1
615,DECODE,85,0,85,733.42,13.55,1
616,DECODE,85,0,85,734.42,13.42,1
617,DECODE,85,0,85,735.42,13.49,1
618,DECODE,85,0,85,736.42,13.46,1
619,DECODE,85,0,85,737.42,13.53,1
620,DECODE,85,0,85,738.42,13.46,1
621,DECODE,85,0,85,739.42,13.54,1
622,DECODE,85,0,85,740.42,13.46,1
623,DECODE,85,0,85,741.42,13.54,1
624,DECODE,85,0,85,742.42,13.41,1
625,DECODE,85,0,85,743.42,13.96,1
626,DECODE,85,0,85,744.42,12.76,1
627,DECODE,85,0,85,745.42,12.95,1
628,DECODE,85,0,85,746.42,14.31,1
629,DECODE,85,0,85,747.42,13.08,1
630,DECODE,85,0,85,748.42,12.91,1
631,DECODE,85,0,85,749.42,12.92,1
632,DECODE,85,0,85,750.42,12.98,1
633,DECODE,85,0,85,751.42,12.89,1
634,DECODE,85,0,85,752.42,12.78,1
635,DECODE,85,0,85,753.42,12.95,1
636,DECODE,85,0,85,754.42,12.91,1
637,DECODE,85,0,85,755.42,12.95,1
638,DECODE,85,0,85,756.42,12.94,1
639,DECODE,85,0,85,757.42,12.96,1
640,DECODE,85,0,85,758.42,12.92,1
641,DECODE,85,0,85,759.42,13.01,1
642,DECODE,85,0,85,760.42,12.97,1
643,DECODE,85,0,85,761.42,12.92,1
644,DECODE,85,0,85,762.42,12.87,1
645,DECODE,85,0,85,763.42,12.56,1
646,DECODE,85,0,85,764.42,14.21,1
647,DECODE,85,0,85,765.42,13.14,1
648,DECODE,85,0,85,766.42,12.97,1
649,DECODE,85,0,85,767.42,13.01,1
650,DECODE,85,0,85,768.42,12.99,1
651,DECODE,85,0,85,769.42,13.03,1
652,DECODE,85,0,85,770.42,12.99,1
653,DECODE,85,0,85,771.42,13.05,1
654,DECODE,85,0,85,772.42,12.97,1
655,DECODE,85,0,85,773.42,13.06,1
656,DECODE,85,0,85,774.42,13.04,1
657,DECODE,85,0,85,775.42,12.95,1
658,DECODE,85,0,85,776.42,12.92,1
659,DECODE,85,0,85,777.42,13.04,1
660,DECODE,85,0,85,778.42,12.95,1
661,DECODE,85,0,85,779.42,13.95,1
662,DECODE,85,0,85,780.42,12.78,1
663,DECODE,85,0,85,781.42,12.78,1
664,DECODE,85,0,85,782.42,12.73,1
665,DECODE,85,0,85,783.42,13.55,1
666,DECODE,85,0,85,784.42,13.54,1
667,DECODE,85,0,85,785.42,13.47,1
668,DECODE,85,0,85,786.42,13.47,1
669,DECODE,85,0,85,787.42,13.44,1
670,DECODE,85,0,85,788.42,13.64,1
671,DECODE,85,0,85,789.42,12.80,1
672,DECODE,85,0,85,790.42,12.78,1
673,DECODE,85,0,85,791.42,12.81,1
674,DECODE,85,0,85,792.42,12.88,1
675,DECODE,85,0,85,793.42,12.83,1
676,DECODE,85,0,85,794.42,13.66,1
677,DECODE,85,0,85,795.42,13.62,1
678,DECODE,85,0,85,796.42,13.68,1
679,DECODE,85,0,85,797.42,14.50,1
680,DECODE,85,0,85,798.42,13.05,1
681,DECODE,85,0,85,799.42,13.18,1
682,DECODE,85,0,85,800.42,13.64,1
683,DECODE,85,0,85,801.42,13.50,1
684,DECODE,85,0,85,802.42,13.66,1
685,DECODE,85,0,85,803.42,13.98,1
686,DECODE,85,0,85,804.42,13.48,1
687,DECODE,85,0,85,805.42,13.47,1
688,DECODE,85,0,85,806.42,13.54,1
689,DECODE,85,0,85,807.42,13.66,1
690,DECODE,85,0,85,808.42,13.59,1
691,DECODE,85,0,85,809.42,13.37,1
692,DECODE,85,0,85,810.42,13.64,1
693,DECODE,85,0,85,811.42,13.69,1
694,DECODE,85,0,85,812.42,13.51,1
695,DECODE,85,0,85,813.42,13.42,1
696,DECODE,85,0,85,814.42,13.48,1
697,DECODE,85,0,85,815.42,13.58,1
698,DECODE,85,0,85,816.42,13.76,1
699,DECODE,85,0,85,817.42,13.47,1
700,DECODE,85,0,85,818.42,13.53,1
701,DECODE,85,0,85,819.42,13.61,1
702,DECODE,85,0,85,820.42,13.57,1
703,DECODE,85,0,85,821.42,13.67,1
704,DECODE,85,0,85,822.42,13.59,1
705,DECODE,85,0,85,823.42,13.62,1
706,DECODE,85,0,85,824.42,13.60,1
707,DECODE,85,0,85,825.42,13.67,1
708,DECODE,85,0,85,826.42,13.59,1
709,DECODE,85,0,85,827.42,13.65,1
710,DECODE,85,0,85,828.42,13.57,1
711,DECODE,85,0,85,829.42,13.60,1
712,DECODE,85,0,85,830.42,13.57,1
713,DECODE,85,0,85,831.42,13.54,1
714,DECODE,85,0,85,832.42,13.59,1
715,DECODE,85,0,85,833.42,13.59,1
716,DECODE,85,0,85,834.42,13.46,1
717,DECODE,85,0,85,835.42,13.65,1
718,DECODE,85,0,85,836.42,13.56,1
719,DECODE,85,0,85,837.42,13.48,1
720,DECODE,85,0,85,838.42,13.45,1
721,DECODE,85,0,85,839.42,13.67,1
722,DECODE,85,0,85,840.42,13.36,1
723,DECODE,85,0,85,841.42,13.42,1
724,DECODE,85,0,85,842.42,13.37,1
725,DECODE,85,0,85,843.42,14.16,1
726,DECODE,85,0,85,844.42,13.78,1
727,DECODE,85,0,85,845.42,13.73,1
728,DECODE,85,0,85,846.42,13.83,1
729,DECODE,85,0,85,847.42,13.85,1
730,DECODE,85,0,85,848.42,13.78,1
731,DECODE,85,0,85,849.42,13.65,1
732,DECODE,85,0,85,850.42,13.62,1
733,DECODE,85,0,85,851.42,13.60,1
734,DECODE,85,0,85,852.42,14.97,1
735,DECODE,85,0,85,853.42,13.98,1
736,DECODE,85,0,85,854.42,13.80,1
737,DECODE,85,0,85,855.42,13.80,1
738,DECODE,85,0,85,856.42,13.88,1
739,DECODE,85,0,85,857.42,13.71,1
740,DECODE,85,0,85,858.42,13.84,1
741,DECODE,85,0,85,859.42,13.87,1
742,DECODE,85,0,85,860.42,14.31,1
743,DECODE,85,0,85,861.42,13.88,1
744,DECODE,85,0,85,862.42,13.84,1
745,DECODE,85,0,85,863.42,13.89,1
746,DECODE,85,0,85,864.42,13.94,1
747,DECODE,85,0,85,865.42,13.89,1
748,DECODE,85,0,85,866.42,13.88,1
749,DECODE,85,0,85,867.42,13.87,1
750,DECODE,85,0,85,868.42,13.90,1
751,DECODE,85,0,85,869.42,13.81,1
752,DECODE,85,0,85,870.42,13.98,1
753,DECODE,85,0,85,871.42,13.91,1
754,DECODE,85,0,85,872.42,13.92,1
755,DECODE,85,0,85,873.42,13.90,1
756,DECODE,85,0,85,874.42,13.96,1
757,DECODE,85,0,85,875.42,13.90,1
758,DECODE,85,0,85,876.42,13.96,1
759,DECODE,85,0,85,877.42,13.77,1
760,DECODE,85,0,85,878.42,13.96,1
761,DECODE,85,0,85,879.42,13.91,1
762,DECODE,85,0,85,880.42,13.88,1
763,DECODE,85,0,85,881.42,14.27,1
764,DECODE,85,0,85,882.42,13.93,1
765,DECODE,85,0,85,883.42,13.78,1
766,DECODE,85,0,85,884.42,13.86,1
767,DECODE,85,0,85,885.42,15.98,1
768,DECODE,85,0,85,886.42,13.87,1
769,DECODE,85,0,85,887.42,13.86,1
770,DECODE,85,0,85,888.42,13.82,1
771,DECODE,85,0,85,889.42,13.82,1
772,DECODE,85,0,85,890.42,13.87,1
773,DECODE,85,0,85,891.42,13.83,1
774,DECODE,85,0,85,892.42,13.83,1
775,DECODE,85,0,85,893.42,13.83,1
776,DECODE,85,0,85,894.42,13.79,1
777,DECODE,85,0,85,895.42,14.75,1
778,DECODE,85,0,85,896.42,13.72,1
779,DECODE,85,0,85,897.42,13.88,1
780,DECODE,85,0,85,898.42,13.91,1
781,DECODE,85,0,85,899.42,13.81,1
782,DECODE,85,0,85,900.42,13.85,1
783,DECODE,85,0,85,901.42,13.86,1
784,DECODE,85,0,85,902.42,13.84,1
785,DECODE,85,0,85,903.42,13.85,1
786,DECODE,85,0,85,904.42,13.88,1
787,DECODE,85,0,85,905.42,13.81,1
788,DECODE,85,0,85,906.42,13.88,1
789,DECODE,85,0,85,907.42,13.84,1
790,DECODE,85,0,85,908.42,13.85,1
791,DECODE,85,0,85,909.42,13.86,1
792,DECODE,85,0,85,910.42,13.93,1
793,DECODE,85,0,85,911.42,13.84,1
794,DECODE,85,0,85,912.42,13.85,1
795,DECODE,85,0,85,913.42,13.82,1
796,DECODE,85,0,85,914.42,13.86,1
797,DECODE,85,0,85,915.42,13.78,1
798,DECODE,85,0,85,916.42,13.93,1
799,DECODE,85,0,85,917.42,13.71,1
800,DECODE,85,0,85,918.42,13.86,1
801,DECODE,85,0,85,919.42,13.87,1
802,DECODE,85,0,85,920.42,13.91,1
803,DECODE,85,0,85,921.42,13.82,1
804,DECODE,85,0,85,922.42,13.86,1
805,DECODE,85,0,85,923.42,13.89,1
806,DECODE,85,0,85,924.42,13.91,1
807,DECODE,85,0,85,925.42,13.88,1
808,DECODE,85,0,85,926.42,13.86,1
809,DECODE,85,0,85,927.42,13.85,1
810,DECODE,85,0,85,928.42,13.89,1
811,DECODE,85,0,85,929.42,13.92,1
812,DECODE,85,0,85,930.42,15.97,1
813,DECODE,85,0,85,931.42,15.78,1
814,DECODE,85,0,85,932.42,13.93,1
815,DECODE,85,0,85,933.42,13.99,1
816,DECODE,85,0,85,934.42,13.96,1
817,DECODE,85,0,85,935.42,13.94,1
818,DECODE,85,0,85,936.42,13.96,1
819,DECODE,85,0,85,937.42,14.08,1
820,DECODE,85,0,85,938.42,13.93,1
821,DECODE,85,0,85,939.42,14.01,1
822,DECODE,85,0,85,940.42,13.95,1
823,DECODE,85,0,85,941.42,14.00,1
824,DECODE,85,0,85,942.42,15.53,1
825,DECODE,85,0,85,943.42,14.08,1
826,DECODE,85,0,85,944.42,13.99,1
827,DECODE,85,0,85,945.42,13.96,1
828,DECODE,85,0,85,946.42,13.93,1
829,DECODE,85,0,85,947.42,13.68,1
830,DECODE,85,0,85,948.42,14.06,1
831,DECODE,85,0,85,949.42,13.97,1
832,DECODE,85,0,85,950.42,13.99,1
833,DECODE,85,0,85,951.42,14.74,1
834,DECODE,85,0,85,952.42,13.66,1
835,DECODE,85,0,85,953.42,13.67,1
836,DECODE,85,0,85,954.42,13.11,1
837,DECODE,85,0,85,955.42,13.05,1
838,DECODE,85,0,85,956.42,13.09,1
839,DECODE,85,0,85,957.42,13.08,1
840,DECODE,85,0,85,958.42,13.18,1
841,DECODE,85,0,85,959.42,13.13,1
842,DECODE,85,0,85,960.42,13.33,1
843,DECODE,85,0,85,961.42,13.26,1
844,DECODE,85,0,85,962.42,13.15,1
845,DECODE,85,0,85,963.42,13.05,1
846,DECODE,85,0,85,964.42,13.00,1
847,DECODE,85,0,85,965.42,13.21,1
848,DECODE,85,0,85,966.42,13.48,1
849,DECODE,85,0,85,967.42,13.73,1
850,DECODE,85,0,85,968.42,13.17,1
851,DECODE,85,0,85,969.42,13.68,1
852,DECODE,85,0,85,970.42,14.09,1
853,DECODE,85,0,85,971.42,13.62,1
854,DECODE,85,0,85,972.42,14.09,1
855,DECODE,85,0,85,973.42,14.10,1
856,DECODE,85,0,85,974.42,14.28,1
857,DECODE,85,0,85,975.42,13.81,1
858,DECODE,85,0,85,976.42,15.04,1
859,DECODE,85,0,85,977.42,14.05,1
860,DECODE,85,0,85,978.42,13.81,1
861,DECODE,85,0,85,979.42,13.87,1
862,DECODE,85,0,85,980.42,13.83,1
863,DECODE,85,0,85,981.42,14.32,1
864,DECODE,85,0,85,982.42,13.83,1
865,DECODE,85,0,85,983.42,13.89,1
866,DECODE,85,0,85,984.42,13.88,1
867,DECODE,85,0,85,985.42,13.85,1
868,DECODE,85,0,85,986.42,14.04,1
869,DECODE,85,0,85,987.42,13.71,1
870,DECODE,85,0,85,988.42,14.31,1
871,DECODE,85,0,85,989.42,13.98,1
872,DECODE,85,0,85,990.42,13.88,1
873,DECODE,85,0,85,991.42,14.06,1
874,DECODE,85,0,85,992.42,13.93,1
875,DECODE,85,0,85,993.42,14.02,1
876,DECODE,85,0,85,994.42,13.93,1
877,DECODE,85,0,85,995.42,14.54,1
878,DECODE,85,0,85,996.42,14.05,1
879,DECODE,85,0,85,997.42,13.88,1
880,DECODE,85,0,85,998.42,14.12,1
881,DECODE,85,0,85,999.42,13.93,1
882,DECODE,85,0,85,1000.42,13.93,1
883,DECODE,85,0,85,1001.42,14.10,1
884,DECODE,85,0,85,1002.42,15.21,1
885,DECODE,85,0,85,1003.42,14.10,1
886,DECODE,85,0,85,1004.42,14.36,1
887,DECODE,85,0,85,1005.42,14.67,1
888,DECODE,85,0,85,1006.42,14.02,1
889,DECODE,85,0,85,1007.42,14.11,1
890,DECODE,85,0,85,1008.42,15.35,1
891,DECODE,85,0,85,1009.42,14.41,1
892,DECODE,85,0,85,1010.42,14.44,1
893,DECODE,85,0,85,1011.42,14.69,1
894,DECODE,85,0,85,1012.42,14.28,1
895,DECODE,85,0,85,1013.42,13.81,1
896,DECODE,85,0,85,1014.42,13.45,1
897,DECODE,85,0,85,1015.42,14.22,1
898,DECODE,85,0,85,1016.42,13.49,1
899,DECODE,85,0,85,1017.42,13.57,1
900,DECODE,85,0,85,1018.42,13.62,1
901,DECODE,85,0,85,1019.42,13.52,1
902,DECODE,85,0,85,1020.42,13.43,1
903,DECODE,85,0,85,1021.42,13.39,1
904,DECODE,85,0,85,1022.42,13.42,1
905,DECODE,85,0,85,1023.42,13.44,1
906,DECODE,85,0,85,1024.42,13.44,1
907,DECODE,85,0,85,1025.42,13.54,1
908,DECODE,85,0,85,1026.42,13.48,1
909,DECODE,85,0,85,1027.42,13.46,1
910,DECODE,85,0,85,1028.42,13.49,1
911,DECODE,85,0,85,1029.42,13.39,1
912,DECODE,85,0,85,1030.42,13.36,1
913,DECODE,85,0,85,1031.42,13.38,1
914,DECODE,85,0,85,1032.42,13.46,1
915,DECODE,85,0,85,1033.42,13.43,1
916,DECODE,85,0,85,1034.42,13.44,1
917,DECODE,85,0,85,1035.42,13.53,1
918,DECODE,85,0,85,1036.42,13.73,1
919,DECODE,85,0,85,1037.42,14.22,1
920,DECODE,85,0,85,1038.42,14.20,1
921,DECODE,85,0,85,1039.42,14.01,1
922,DECODE,85,0,85,1040.42,14.33,1
923,DECODE,85,0,85,1041.42,14.06,1
924,DECODE,85,0,85,1042.42,14.75,1
925,DECODE,85,0,85,1043.42,13.75,1
926,DECODE,85,0,85,1044.42,14.30,1
927,DECODE,85,0,85,1045.42,14.13,1
928,DECODE,85,0,85,1046.42,14.30,1
929,DECODE,85,0,85,1047.42,14.16,1
930,DECODE,85,0,85,1048.42,14.22,1
931,DECODE,85,0,85,1049.42,14.27,1
932,DECODE,85,0,85,1050.42,14.49,1
933,DECODE,85,0,85,1051.42,14.12,1
934,DECODE,85,0,85,1052.42,16.05,1
935,DECODE,85,0,85,1053.42,14.33,1
936,DECODE,85,0,85,1054.42,14.22,1
937,DECODE,85,0,85,1055.42,14.29,1
938,DECODE,85,0,85,1056.42,14.18,1
939,DECODE,85,0,85,1057.42,14.16,1
940,DECODE,85,0,85,1058.42,14.18,1
941,DECODE,85,0,85,1059.42,14.24,1
942,DECODE,85,0,85,1060.42,14.25,1
943,DECODE,85,0,85,1061.42,14.19,1
944,DECODE,85,0,85,1062.42,14.33,1
945,DECODE,85,0,85,1063.42,14.22,1
946,DECODE,85,0,85,1064.42,14.18,1
947,DECODE,85,0,85,1065.42,14.20,1
948,DECODE,85,0,85,1066.42,14.17,1
949,DECODE,85,0,85,1067.42,14.15,1
950,DECODE,85,0,85,1068.42,14.19,1
951,DECODE,85,0,85,1069.42,14.22,1
952,DECODE,85,0,85,1070.42,14.19,1
953,DECODE,85,0,85,1071.42,14.23,1
954,DECODE,85,0,85,1072.42,14.23,1
955,DECODE,85,0,85,1073.42,14.58,1
956,DECODE,85,0,85,1074.42,13.61,1
957,DECODE,85,0,85,1075.42,14.39,1
958,DECODE,85,0,85,1076.42,14.40,1
959,DECODE,85,0,85,1077.42,15.09,1
960,DECODE,85,0,85,1078.42,14.75,1
961,DECODE,85,0,85,1079.42,14.44,1
962,DECODE,85,0,85,1080.42,14.38,1
963,DECODE,85,0,85,1081.42,14.31,1
964,DECODE,85,0,85,1082.42,14.40,1
965,DECODE,85,0,85,1083.42,14.53,1
966,DECODE,85,0,85,1084.42,14.38,1
967,DECODE,85,0,85,1085.42,14.31,1
968,DECODE,85,0,85,1086.42,14.30,1
969,DECODE,85,0,85,1087.42,14.35,1
970,DECODE,85,0,85,1088.42,14.33,1
971,DECODE,85,0,85,1089.42,14.28,1
972,DECODE,85,0,85,1090.42,14.74,1
973,DECODE,85,0,85,1091.42,14.83,1
974,DECODE,85,0,85,1092.42,14.84,1
975,DECODE,85,0,85,1093.42,14.52,1
976,DECODE,85,0,85,1094.42,13.79,1
977,DECODE,85,0,85,1095.42,13.72,1
978,DECODE,85,0,85,1096.42,14.50,1
979,DECODE,85,0,85,1097.42,14.41,1
980,DECODE,85,0,85,1098.42,14.55,1
981,DECODE,85,0,85,1099.42,14.53,1
982,DECODE,85,0,85,1100.42,14.39,1
983,DECODE,85,0,85,1101.42,14.66,1
984,DECODE,85,0,85,1102.42,14.55,1
985,DECODE,85,0,85,1103.42,14.67,1
986,DECODE,85,0,85,1104.42,13.41,1
987,DECODE,85,0,85,1105.42,13.34,1
988,DECODE,85,0,85,1106.42,13.34,1
989,DECODE,85,0,85,1107.42,15.10,1
990,DECODE,85,0,85,1108.42,14.80,1
991,DECODE,85,0,85,1109.42,14.60,1
992,DECODE,85,0,85,1110.42,19.75,1
993,DECODE,85,0,85,1111.42,15.37,1
994,DECODE,85,0,85,1112.42,14.69,1
995,DECODE,85,0,85,1113.42,14.71,1
996,DECODE,85,0,85,1114.42,13.50,1
997,DECODE,85,0,85,1115.42,14.46,1
998,DECODE,85,0,85,1116.42,13.40,1
999,DECODE,85,0,85,1117.42,13.49,1
1000,DECODE,85,0,85,1118.42,13.53,1
1001,DECODE,85,0,85,1119.42,13.60,1
1002,DECODE,85,0,85,1120.42,13.55,1
1003,DECODE,85,0,85,1121.42,13.59,1
1004,DECODE,85,0,85,1122.42,13.54,1
1005,DECODE,85,0,85,1123.42,13.61,1
1006,DECODE,85,0,85,1124.42,13.43,1
1007,DECODE,85,0,85,1125.42,13.39,1
1008,DECODE,85,0,85,1126.42,13.52,1
1009,DECODE,85,0,85,1127.42,13.43,1
1010,DECODE,85,0,85,1128.42,13.54,1
1011,DECODE,85,0,85,1129.42,13.51,1
1012,DECODE,85,0,85,1130.42,13.52,1
1013,DECODE,85,0,85,1131.42,13.57,1
1014,DECODE,85,0,85,1132.42,13.52,1
1015,DECODE,85,0,85,1133.42,13.53,1
1016,DECODE,85,0,85,1134.42,13.60,1
1017,DECODE,85,0,85,1135.42,13.46,1
1018,DECODE,85,0,85,1136.42,13.44,1
1019,DECODE,85,0,85,1137.42,13.67,1
1020,DECODE,85,0,85,1138.42,13.64,1
1021,DECODE,85,0,85,1139.42,13.66,1
1022,DECODE,85,0,85,1140.42,13.69,1
1023,DECODE,85,0,85,1141.42,13.63,1
1024,DECODE,85,0,85,1142.42,13.71,1
1025,DECODE,85,0,85,1143.42,13.68,1
1026,DECODE,85,0,85,1144.42,13.58,1
1027,DECODE,85,0,85,1145.42,13.63,1
1028,DECODE,85,0,85,1146.42,13.66,1
1029,DECODE,85,0,85,1147.42,13.67,1
1030,DECODE,85,0,85,1148.42,13.71,1
1031,DECODE,85,0,85,1149.42,13.71,1
1032,DECODE,85,0,85,1150.42,14.56,1
1033,DECODE,85,0,85,1151.42,13.88,1
1034,DECODE,85,0,85,1152.42,13.78,1
1035,DECODE,85,0,85,1153.42,13.71,1
1036,DECODE,85,0,85,1154.42,13.81,1
1037,DECODE,85,0,85,1155.42,15.45,1
1038,DECODE,85,0,85,1156.42,15.13,1
1039,DECODE,85,0,85,1157.42,14.26,1
1040,DECODE,85,0,85,1158.42,14.04,1
1041,DECODE,85,0,85,1159.42,14.09,1
1042,DECODE,85,0,85,1160.42,14.20,1
1043,DECODE,85,0,85,1161.42,14.22,1
1044,DECODE,85,0,85,1162.42,14.21,1
1045,DECODE,85,0,85,1163.42,14.19,1
1046,DECODE,85,0,85,1164.42,14.25,1
1047,DECODE,85,0,85,1165.42,14.14,1
1048,DECODE,85,0,85,1166.42,14.19,1
1049,DECODE,85,0,85,1167.42,15.56,1
1050,DECODE,85,0,85,1168.42,14.85,1
1051,DECODE,85,0,85,1169.42,13.96,1
1052,DECODE,85,0,85,1170.42,13.64,1
1053,DECODE,85,0,85,1171.42,13.59,1
1054,DECODE,85,0,85,1172.42,13.60,1
1055,DECODE,85,0,85,1173.42,13.65,1
1056,DECODE,85,0,85,1174.42,13.86,1
1057,DECODE,85,0,85,1175.42,13.58,1
1058,DECODE,85,0,85,1176.42,13.59,1
1059,DECODE,85,0,85,1177.42,15.27,1
1060,DECODE,85,0,85,1178.42,13.77,1
1061,DECODE,85,0,85,1179.42,13.71,1
1062,DECODE,85,0,85,1180.42,13.63,1
1063,DECODE,85,0,85,1181.42,13.89,1
1064,DECODE,85,0,85,1182.42,13.73,1
1065,DECODE,85,0,85,1183.42,13.66,1
1066,DECODE,85,0,85,1184.42,13.70,1
1067,DECODE,85,0,85,1185.42,13.60,1
1068,DECODE,85,0,85,1186.42,13.66,1
1069,DECODE,85,0,85,1187.42,13.62,1
1070,DECODE,85,0,85,1188.42,13.65,1
1071,DECODE,85,0,85,1189.42,13.63,1
1072,DECODE,85,0,85,1190.42,13.62,1
1073,DECODE,85,0,85,1191.42,13.64,1
1074,DECODE,85,0,85,1192.42,13.71,1
1075,DECODE,85,0,85,1193.42,13.89,1
1076,DECODE,85,0,85,1194.42,13.78,1
1077,DECODE,85,0,85,1195.42,13.68,1
1078,DECODE,85,0,85,1196.42,13.71,1
1079,DECODE,85,0,85,1197.42,13.68,1
1080,DECODE,85,0,85,1198.42,13.72,1
1081,DECODE,85,0,85,1199.42,13.67,1
1082,DECODE,85,0,85,1200.42,13.72,1
1083,DECODE,85,0,85,1201.42,13.62,1
1084,DECODE,85,0,85,1202.42,13.70,1
1085,DECODE,85,0,85,1203.42,13.59,1
1086,DECODE,85,0,85,1204.42,13.67,1
1087,DECODE,85,0,85,1205.42,13.62,1
1088,DECODE,85,0,85,1206.42,13.74,1
1089,DECODE,85,0,85,1207.42,13.62,1
1090,DECODE,85,0,85,1208.42,13.64,1
1091,DECODE,85,0,85,1209.42,13.57,1
1092,DECODE,85,0,85,1210.42,13.68,1
1093,DECODE,85,0,85,1211.42,13.65,1
1094,DECODE,85,0,85,1212.42,13.82,1
1095,DECODE,85,0,85,1213.42,13.83,1
1096,DECODE,85,0,85,1214.42,13.84,1
1097,DECODE,85,0,85,1215.42,14.46,1
1098,DECODE,85,0,85,1216.42,14.52,1
1099,DECODE,85,0,85,1217.42,14.52,1
1100,DECODE,85,0,85,1218.42,14.54,1
1101,DECODE,85,0,85,1219.42,14.67,1
1102,DECODE,85,0,85,1220.42,14.65,1
1103,DECODE,85,0,85,1221.42,14.62,1
1104,DECODE,85,0,85,1222.42,14.61,1
1105,DECODE,85,0,85,1223.42,14.64,1
1106,DECODE,85,0,85,1224.42,14.64,1
1107,DECODE,85,0,85,1225.42,14.79,1
1108,DECODE,85,0,85,1226.42,14.74,1
1109,DECODE,85,0,85,1227.42,14.77,1
1110,DECODE,85,0,85,1228.42,14.63,1
1111,DECODE,85,0,85,1229.42,14.66,1
1112,DECODE,85,0,85,1230.42,14.72,1
1113,DECODE,85,0,85,1231.42,15.35,1
1114,DECODE,85,0,85,1232.42,14.20,1
1115,DECODE,85,0,85,1233.42,13.71,1
1116,DECODE,85,0,85,1234.42,13.70,1
1117,DECODE,85,0,85,1235.42,13.69,1
1118,DECODE,85,0,85,1236.42,13.76,1
1119,DECODE,85,0,85,1237.42,13.79,1
1120,DECODE,85,0,85,1238.42,13.75,1
1121,DECODE,85,0,85,1239.42,13.75,1
1122,DECODE,85,0,85,1240.42,13.68,1
1123,DECODE,85,0,85,1241.42,13.69,1
1124,DECODE,85,0,85,1242.42,13.72,1
1125,DECODE,85,0,85,1243.42,13.74,1
1126,DECODE,85,0,85,1244.42,13.85,1
1127,DECODE,85,0,85,1245.42,13.84,1
1128,DECODE,85,0,85,1246.42,13.75,1
1129,DECODE,85,0,85,1247.42,13.76,1
1130,DECODE,85,0,85,1248.42,13.81,1
1131,DECODE,85,0,85,1249.42,13.75,1
1132,DECODE,85,0,85,1250.42,14.15,1
1133,DECODE,85,0,85,1251.42,13.82,1
1134,DECODE,85,0,85,1252.42,13.79,1
1135,DECODE,85,0,85,1253.42,13.72,1
1136,DECODE,85,0,85,1254.42,13.76,1
1137,DECODE,85,0,85,1255.42,13.76,1
1138,DECODE,85,0,85,1256.42,13.82,1
1139,DECODE,85,0,85,1257.42,13.76,1
1140,DECODE,85,0,85,1258.42,13.84,1
1141,DECODE,85,0,85,1259.42,14.01,1
1142,DECODE,85,0,85,1260.42,14.64,1
1143,DECODE,85,0,85,1261.42,14.63,1
1144,DECODE,85,0,85,1262.42,14.60,1
1145,DECODE,85,0,85,1263.42,14.66,1
1146,DECODE,85,0,85,1264.42,14.58,1
1147,DECODE,85,0,85,1265.42,14.60,1
1148,DECODE,85,0,85,1266.42,14.64,1
1149,DECODE,85,0,85,1267.42,14.66,1
1150,DECODE,85,0,85,1268.42,14.67,1
1151,DECODE,85,0,85,1269.42,14.73,1
1152,DECODE,85,0,85,1270.42,14.83,1
1153,DECODE,85,0,85,1271.42,14.87,1
1154,DECODE,85,0,85,1272.42,14.77,1
1155,DECODE,85,0,85,1273.42,14.80,1
1156,DECODE,85,0,85,1274.42,14.74,1
1157,DECODE,85,0,85,1275.42,14.89,1
1158,DECODE,85,0,85,1276.42,14.73,1
1159,DECODE,85,0,85,1277.42,14.81,1
1160,DECODE,85,0,85,1278.42,14.79,1
1161,DECODE,85,0,85,1279.42,14.80,1
1162,DECODE,85,0,85,1280.42,14.69,1
1163,DECODE,85,0,85,1281.42,14.82,1
1164,DECODE,85,0,85,1282.42,14.84,1
1165,DECODE,85,0,85,1283.42,14.74,1
1166,DECODE,85,0,85,1284.42,16.38,1
1167,DECODE,85,0,85,1285.42,15.19,1
1168,DECODE,85,0,85,1286.42,14.75,1
1169,DECODE,85,0,85,1287.42,14.76,1
1170,DECODE,85,0,85,1288.42,14.81,1
1171,DECODE,85,0,85,1289.42,16.25,1
1172,DECODE,85,0,85,1290.42,14.92,1
1173,DECODE,85,0,85,1291.42,15.48,1
1174,DECODE,85,0,85,1292.42,14.17,1
1175,DECODE,85,0,85,1293.42,13.92,1
1176,DECODE,85,0,85,1294.42,14.01,1
1177,DECODE,85,0,85,1295.42,13.94,1
1178,DECODE,85,0,85,1296.42,15.42,1
1179,DECODE,85,0,85,1297.42,14.78,1
1180,DECODE,85,0,85,1298.42,14.80,1
1181,DECODE,85,0,85,1299.42,16.05,1
1182,DECODE,85,0,85,1300.42,14.87,1
1183,DECODE,85,0,85,1301.42,15.07,1
1184,DECODE,85,0,85,1302.42,14.76,1
1185,DECODE,85,0,85,1303.42,14.81,1
1186,DECODE,85,0,85,1304.42,14.71,1
1187,DECODE,85,0,85,1305.42,14.71,1
1188,DECODE,85,0,85,1306.42,14.77,1
1189,DECODE,85,0,85,1307.42,14.80,1
1190,DECODE,85,0,85,1308.42,14.76,1
1191,DECODE,85,0,85,1309.42,15.67,1
1192,DECODE,85,0,85,1310.42,14.97,1
1193,DECODE,85,0,85,1311.42,15.51,1
1194,DECODE,85,0,85,1312.42,15.06,1
1195,DECODE,85,0,85,1313.42,14.75,1
1196,DECODE,85,0,85,1314.42,14.61,1
1197,DECODE,85,0,85,1315.42,14.42,1
1198,DECODE,85,0,85,1316.42,14.45,1
1199,DECODE,85,0,85,1317.42,14.42,1
1200,DECODE,85,0,85,1318.42,15.11,1
1201,DECODE,85,0,85,1319.42,14.52,1
1202,DECODE,85,0,85,1320.42,14.78,1
1203,DECODE,85,0,85,1321.42,14.75,1
1204,DECODE,85,0,85,1322.42,14.80,1
1205,DECODE,85,0,85,1323.42,14.82,1
1206,DECODE,85,0,85,1324.42,14.79,1
1207,DECODE,85,0,85,1325.42,14.76,1
1208,DECODE,85,0,85,1326.42,14.74,1
1209,DECODE,85,0,85,1327.42,14.75,1
1210,DECODE,84,0,84,1325.81,15.03,1
1211,EXTEND,8,860,0,341.25,69.98,1
1212,DECODE,92,0,92,1241.20,15.98,1
1213,DECODE,92,0,92,1242.20,14.23,1
1214,DECODE,92,0,92,1243.20,14.72,1
1215,DECODE,92,0,92,1244.20,14.70,1
1216,DECODE,92,0,92,1245.20,14.27,1
1217,DECODE,92,0,92,1246.20,14.16,1
1218,DECODE,92,0,92,1247.20,14.22,1
1219,DECODE,92,0,92,1248.20,14.99,1
1220,DECODE,92,0,92,1249.20,14.91,1
1221,DECODE,92,0,92,1250.20,14.60,1
1222,DECODE,92,0,92,1251.20,15.01,1
1223,DECODE,92,0,92,1252.20,14.94,1
1224,DECODE,92,0,92,1253.20,14.97,1
1225,DECODE,92,0,92,1254.20,14.98,1
1226,DECODE,92,0,92,1255.20,14.92,1
1227,DECODE,92,0,92,1256.20,15.00,1
1228,DECODE,92,0,92,1257.20,15.00,1
1229,DECODE,92,0,92,1258.20,14.91,1
1230,DECODE,92,0,92,1259.20,15.03,1
1231,DECODE,92,0,92,1260.20,15.00,1
1232,DECODE,92,0,92,1261.20,15.07,1
1233,DECODE,92,0,92,1262.20,15.14,1
1234,DECODE,92,0,92,1263.20,14.96,1
1235,DECODE,92,0,92,1264.20,15.05,1
1236,DECODE,92,0,92,1265.20,15.03,1
1237,DECODE,92,0,92,1266.20,15.01,1
1238,DECODE,92,0,92,1267.20,15.06,1
1239,DECODE,92,0,92,1268.20,15.08,1
1240,DECODE,92,0,92,1269.20,15.02,1
1241,DECODE,92,0,92,1270.20,15.05,1
1242,DECODE,92,0,92,1271.20,15.06,1
1243,DECODE,92,0,92,1272.20,15.09,1
1244,DECODE,92,0,92,1273.20,15.06,1
1245,DECODE,92,0,92,1274.20,15.41,1
1246,DECODE,92,0,92,1275.20,15.06,1
1247,DECODE,92,0,92,1276.20,15.40,1
1248,DECODE,92,0,92,1277.20,15.16,1
1249,DECODE,92,0,92,1278.20,15.02,1
1250,DECODE,92,0,92,1279.20,15.02,1
1251,DECODE,92,0,92,1280.20,15.10,1
1252,DECODE,92,0,92,1281.20,15.18,1
1253,DECODE,92,0,92,1282.20,15.05,1
1254,DECODE,92,0,92,1283.20,15.08,1
1255,DECODE,92,0,92,1284.20,15.09,1
1256,DECODE,92,0,92,1285.20,15.10,1
1257,DECODE,92,0,92,1286.20,15.15,1
1258,DECODE,92,0,92,1287.20,15.10,1
1259,DECODE,92,0,92,1288.20,15.28,1
1260,DECODE,92,0,92,1289.20,15.31,1
1261,DECODE,92,0,92,1290.20,15.18,1
1262,DECODE,92,0,92,1291.20,15.34,1
1263,DECODE,92,0,92,1292.20,15.07,1
1264,DECODE,92,0,92,1293.20,14.82,1
1265,DECODE,92,0,92,1294.20,14.76,1
1266,DECODE,92,0,92,1295.20,14.98,1
1267,DECODE,92,0,92,1296.20,14.93,1
1268,DECODE,92,0,92,1297.20,14.98,1
1269,DECODE,92,0,92,1298.20,14.91,1
1270,DECODE,92,0,92,1299.20,14.84,1
1271,DECODE,92,0,92,1300.20,14.92,1
1272,DECODE,92,0,92,1301.20,14.87,1
1273,DECODE,92,0,92,1302.20,15.02,1
1274,DECODE,92,0,92,1303.20,14.89,1
1275,DECODE,92,0,92,1304.20,14.91,1
1276,DECODE,92,0,92,1305.20,15.04,1
1277,DECODE,92,0,92,1306.20,14.89,1
1278,DECODE,92,0,92,1307.20,14.93,1
1279,DECODE,92,0,92,1308.20,14.93,1
1280,DECODE,92,0,92,1309.20,15.03,1
1281,DECODE,92,0,92,1310.20,15.06,1
1282,DECODE,92,0,92,1311.20,15.15,1
1283,DECODE,92,0,92,1312.20,15.11,1
1284,DECODE,92,0,92,1313.20,14.90,1
1285,DECODE,92,0,92,1314.20,14.84,1
1286,DECODE,92,0,92,1315.20,14.91,1
1287,DECODE,92,0,92,1316.20,14.65,1
1288,DECODE,92,0,92,1317.20,15.01,1
1289,DECODE,92,0,92,1318.20,14.84,1
1290,DECODE,92,0,92,1319.20,14.71,1
1291,DECODE,92,0,92,1320.20,15.14,1
1292,DECODE,92,0,92,1321.20,15.14,1
1293,DECODE,92,0,92,1322.20,15.22,1
1294,DECODE,92,0,92,1323.20,15.18,1
1295,DECODE,92,0,92,1324.20,15.07,1
1296,DECODE,92,0,92,1325.20,15.12,1
1297,DECODE,92,0,92,1326.20,15.20,1
1298,DECODE,92,0,92,1327.20,15.63,1
1299,DECODE,92,0,92,1328.20,14.53,1
1300,DECODE,92,0,92,1329.20,15.17,1
1301,DECODE,92,0,92,1330.20,15.14,1
1302,DECODE,92,0,92,1331.20,15.25,1
1303,DECODE,92,0,92,1332.20,15.22,1
1304,DECODE,92,0,92,1333.20,15.20,1
1305,DECODE,92,0,92,1334.20,15.22,1
1306,DECODE,92,0,92,1335.20,15.36,1
1307,DECODE,92,0,92,1336.20,15.33,1
1308,DECODE,92,0,92,1337.20,15.18,1
1309,DECODE,92,0,92,1338.20,15.11,1
1310,DECODE,92,0,92,1339.20,15.14,1
1311,DECODE,92,0,92,1340.20,15.19,1
1312,DECODE,92,0,92,1341.20,15.26,1
1313,DECODE,92,0,92,1342.20,15.18,1
1314,DECODE,92,0,92,1343.20,15.13,1
1315,DECODE,92,0,92,1344.20,14.65,1
1316,DECODE,92,0,92,1345.20,14.94,1
1317,DECODE,92,0,92,1346.20,14.93,1
1318,DECODE,92,0,92,1347.20,14.99,1
1319,DECODE,92,0,92,1348.20,14.84,1
1320,DECODE,92,0,92,1349.20,15.07,1
1321,DECODE,92,0,92,1350.20,15.77,1
1322,DECODE,92,0,92,1351.20,14.95,1
1323,DECODE,92,0,92,1352.20,14.97,1
1324,DECODE,92,0,92,1353.20,15.04,1
1325,DECODE,92,0,92,1354.20,14.46,1
1326,DECODE,92,0,92,1355.20,14.52,1
1327,DECODE,92,0,92,1356.20,14.54,1
1328,DECODE,92,0,92,1357.20,14.53,1
1329,DECODE,92,0,92,1358.20,14.53,1
1330,DECODE,92,0,92,1359.20,14.45,1
1331,DECODE,92,0,92,1360.20,14.57,1
1332,DECODE,92,0,92,1361.20,14.44,1
1333,DECODE,92,0,92,1362.20,14.45,1
1334,DECODE,92,0,92,1363.20,14.57,1
1335,DECODE,92,0,92,1364.20,15.25,1
1336,DECODE,92,0,92,1365.20,14.48,1
1337,DECODE,92,0,92,1366.20,14.51,1
1338,DECODE,92,0,92,1367.20,14.51,1
1339,DECODE,92,0,92,1368.20,14.38,1
1340,DECODE,92,0,92,1369.20,14.38,1
1341,DECODE,92,0,92,1370.20,14.40,1
1342,DECODE,92,0,92,1371.20,14.46,1
1343,DECODE,92,0,92,1372.20,15.51,1
1344,DECODE,92,0,92,1373.20,15.85,1
1345,DECODE,92,0,92,1374.20,15.35,1
1346,DECODE,92,0,92,1375.20,15.27,1
1347,DECODE,92,0,92,1376.20,15.20,1
1348,DECODE,92,0,92,1377.20,14.89,1
1349,DECODE,92,0,92,1378.20,14.94,1
1350,DECODE,92,0,92,1379.20,14.95,1
1351,DECODE,92,0,92,1380.20,15.25,1
1352,DECODE,92,0,92,1381.20,15.18,1
1353,DECODE,92,0,92,1382.20,15.32,1
1354,DECODE,92,0,92,1383.20,15.32,1
1355,DECODE,92,0,92,1384.20,15.29,1
1356,DECODE,92,0,92,1385.20,15.40,1
1357,DECODE,92,0,92,1386.20,15.25,1
1358,DECODE,92,0,92,1387.20,15.21,1
1359,DECODE,92,0,92,1388.20,15.26,1
1360,DECODE,92,0,92,1389.20,15.16,1
1361,DECODE,92,0,92,1390.20,15.27,1
1362,DECODE,92,0,92,1391.20,15.19,1
1363,DECODE,92,0,92,1392.20,15.19,1
1364,DECODE,92,0,92,1393.20,15.26,1
1365,DECODE,92,0,92,1394.20,15.19,1
1366,DECODE,92,0,92,1395.20,15.24,1
1367,DECODE,92,0,92,1396.20,15.34,1
1368,DECODE,92,0,92,1397.20,15.24,1
1369,DECODE,92,0,92,1398.20,16.63,1
1370,DECODE,92,0,92,1399.20,15.37,1
1371,DECODE,92,0,92,1400.20,15.36,1
1372,DECODE,92,0,92,1401.20,15.33,1
1373,DECODE,92,0,92,1402.20,15.31,1
1374,DECODE,92,0,92,1403.20,15.59,1
1375,DECODE,92,0,92,1404.20,15.49,1
1376,DECODE,92,0,92,1405.20,15.11,1
1377,DECODE,92,0,92,1406.20,15.40,1
1378,DECODE,92,0,92,1407.20,15.30,1
1379,DECODE,92,0,92,1408.20,15.15,1
1380,DECODE,92,0,92,1409.20,15.19,1
1381,DECODE,92,0,92,1410.20,15.25,1
1382,DECODE,92,0,92,1411.20,15.30,1
1383,DECODE,92,0,92,1412.20,15.50,1
1384,DECODE,92,0,92,1413.20,15.30,1
1385,DECODE,92,0,92,1414.20,15.27,1
1386,DECODE,92,0,92,1415.20,15.16,1
1387,DECODE,92,0,92,1416.20,16.62,1
1388,DECODE,92,0,92,1417.20,15.72,1
1389,DECODE,92,0,92,1418.20,15.56,1
1390,DECODE,92,0,92,1419.20,15.48,1
1391,DECODE,92,0,92,1420.20,15.41,1
1392,DECODE,92,0,92,1421.20,15.50,1
1393,DECODE,92,0,92,1422.20,15.49,1
1394,DECODE,92,0,92,1423.20,15.78,1
1395,DECODE,92,0,92,1424.20,15.57,1
1396,DECODE,92,0,92,1425.20,15.47,1
1397,DECODE,92,0,92,1426.20,15.51,1
1398,DECODE,92,0,92,1427.20,15.55,1
1399,DECODE,92,0,92,1428.20,15.44,1
1400,DECODE,92,0,92,1429.20,15.39,1
1401,DECODE,92,0,92,1430.20,15.52,1
1402,DECODE,92,0,92,1431.20,15.49,1
1403,DECODE,92,0,92,1432.20,15.42,1
1404,DECODE,92,0,92,1433.20,15.59,1
1405,DECODE,92,0,92,1434.20,15.55,1
1406,DECODE,92,0,92,1435.20,15.54,1
1407,DECODE,92,0,92,1436.20,15.53,1
1408,DECODE,92,0,92,1437.20,15.57,1
1409,DECODE,92,0,92,1438.20,15.63,1
1410,DECODE,92,0,92,1439.20,15.47,1
1411,DECODE,92,0,92,1440.20,15.62,1
1412,DECODE,92,0,92,1441.20,15.58,1
1413,DECODE,92,0,92,1442.20,15.65,1
1414,DECODE,92,0,92,1443.20,15.68,1
1415,DECODE,92,0,92,1444.20,14.94,1
1416,DECODE,92,0,92,1445.20,14.83,1
1417,DECODE,92,0,92,1446.20,14.87,1
1418,DECODE,92,0,92,1447.20,14.85,1
1419,DECODE,92,0,92,1448.20,14.88,1
1420,DECODE,92,0,92,1449.20,14.81,1
1421,DECODE,92,0,92,1450.20,15.11,1
1422,DECODE,92,0,92,1451.20,14.98,1
1423,DECODE,92,0,92,1452.20,14.90,1
1424,DECODE,92,0,92,1453.20,15.61,1
1425,DECODE,92,0,92,1454.20,15.53,1
1426,DECODE,92,0,92,1455.20,15.61,1
1427,DECODE,92,0,92,1456.20,15.55,1
1428,DECODE,92,0,92,1457.20,15.52,1
1429,DECODE,92,0,92,1458.20,15.60,1
1430,DECODE,92,0,92,1459.20,15.58,1
1431,DECODE,92,0,92,1460.20,15.53,1
1432,DECODE,92,0,92,1461.20,15.63,1
1433,DECODE,92,0,92,1462.20,16.22,1
1434,DECODE,92,0,92,1463.20,14.99,1
1435,DECODE,92,0,92,1464.20,14.84,1
1436,DECODE,92,0,92,1465.20,15.43,1
1437,DECODE,92,0,92,1466.20,15.46,1
1438,DECODE,92,0,92,1467.20,14.96,1
1439,DECODE,92,0,92,1468.20,14.91,1
1440,DECODE,92,0,92,1469.20,14.94,1
1441,DECODE,92,0,92,1470.20,14.96,1
1442,DECODE,92,0,92,1471.20,14.94,1
1443,DECODE,92,0,92,1472.20,14.87,1
1444,DECODE,92,0,92,1473.20,14.99,1
1445,DECODE,92,0,92,1474.20,14.86,1
1446,DECODE,92,0,92,1475.20,14.86,1
1447,DECODE,92,0,92,1476.20,14.94,1
1448,DECODE,92,0,92,1477.20,14.85,1
1449,DECODE,92,0,92,1478.20,14.90,1
1450,DECODE,92,0,92,1479.20,14.95,1
1451,DECODE,92,0,92,1480.20,16.60,1
1452,DECODE,92,0,92,1481.20,15.75,1
1453,DECODE,92,0,92,1482.20,15.78,1
1454,DECODE,92,0,92,1483.20,15.45,1
1455,DECODE,92,0,92,1484.20,16.79,1
1456,DECODE,92,0,92,1485.20,15.59,1
1457,DECODE,92,0,92,1486.20,15.59,1
1458,DECODE,92,0,92,1487.20,14.88,1
1459,DECODE,92,0,92,1488.20,15.91,1
1460,DECODE,92,0,92,1489.20,14.90,1
1461,DECODE,92,0,92,1490.20,14.92,1
1462,DECODE,92,0,92,1491.20,14.85,1
1463,DECODE,92,0,92,1492.20,14.91,1
1464,DECODE,92,0,92,1493.20,14.85,1
1465,DECODE,92,0,92,1494.20,14.88,1
1466,DECODE,92,0,92,1495.20,14.79,1
1467,DECODE,92,0,92,1496.20,16.29,1
1468,DECODE,92,0,92,1497.20,15.72,1
1469,DECODE,92,0,92,1498.20,15.43,1
1470,DECODE,92,0,92,1499.20,16.54,1
1471,DECODE,92,0,92,1500.20,15.89,1
1472,DECODE,92,0,92,1501.20,15.22,1
1473,DECODE,92,0,92,1502.20,15.51,1
1474,DECODE,92,0,92,1503.20,15.12,1
1475,DECODE,92,0,92,1504.20,15.31,1
1476,DECODE,92,0,92,1505.20,15.31,1
1477,DECODE,92,0,92,1506.20,15.80,1
1478,DECODE,92,0,92,1507.20,15.27,1
1479,DECODE,92,0,92,1508.20,15.35,1
1480,DECODE,92,0,92,1509.20,15.23,1
1481,DECODE,92,0,92,1510.20,15.70,1
1482,DECODE,92,0,92,1511.20,15.59,1
1483,DECODE,92,0,92,1512.20,15.18,1
1484,DECODE,92,0,92,1513.20,15.18,1
1485,DECODE,92,0,92,1514.20,15.19,1
1486,DECODE,92,0,92,1515.20,15.34,1
1487,DECODE,92,0,92,1516.20,15.21,1
1488,DECODE,92,0,92,1517.20,15.21,1
1489,DECODE,92,0,92,1518.20,15.24,1
1490,DECODE,92,0,92,1519.20,15.20,1
1491,DECODE,92,0,92,1520.20,15.69,1
1492,DECODE,92,0,92,1521.20,16.00,1
1493,DECODE,92,0,92,1522.20,15.36,1
1494,DECODE,92,0,92,1523.20,14.91,1
1495,DECODE,92,0,92,1524.20,17.10,1
1496,DECODE,92,0,92,1525.20,15.70,1
1497,DECODE,92,0,92,1526.20,15.88,1
1498,DECODE,92,0,92,1527.20,15.77,1
1499,DECODE,92,0,92,1528.20,15.89,1
1500,DECODE,92,0,92,1529.20,15.77,1
1501,DECODE,92,0,92,1530.20,15.58,1
1502,DECODE,92,0,92,1531.20,15.47,1
1503,DECODE,92,0,92,1532.20,15.56,1
1504,DECODE,92,0,92,1533.20,15.55,1
1505,DECODE,92,0,92,1534.20,15.53,1
1506,DECODE,92,0,92,1535.20,15.60,1
1507,DECODE,92,0,92,1536.20,15.65,1
1508,DECODE,92,0,92,1537.20,15.55,1
1509,DECODE,92,0,92,1538.20,15.84,1
1510,DECODE,92,0,92,1539.20,15.59,1
1511,DECODE,92,0,92,1540.20,15.65,1
1512,DECODE,92,0,92,1541.20,15.74,1
1513,DECODE,92,0,92,1542.20,15.77,1
1514,DECODE,92,0,92,1543.20,15.71,1
1515,DECODE,92,0,92,1544.20,16.10,1
1516,DECODE,92,0,92,1545.20,15.59,1
1517,DECODE,92,0,92,1546.20,15.73,1
1518,DECODE,92,0,92,1547.20,15.60,1
1519,DECODE,92,0,92,1548.20,15.63,1
1520,DECODE,92,0,92,1549.20,15.64,1
1521,DECODE,92,0,92,1550.20,15.67,1
1522,DECODE,92,0,92,1551.20,15.91,1
1523,DECODE,92,0,92,1552.20,15.61,1
1524,DECODE,92,0,92,1553.20,15.71,1
1525,DECODE,92,0,92,1554.20,15.76,1
1526,DECODE,92,0,92,1555.20,15.68,1
1527,DECODE,92,0,92,1556.20,15.69,1
1528,DECODE,91,0,91,1566.70,16.32,1
1529,DECODE,91,0,91,1567.70,16.01,1
1530,DECODE,91,0,91,1568.70,15.71,1
1531,DECODE,90,0,90,1579.42,16.19,1
1532,DECODE,90,0,90,1580.42,15.96,1
1533,DECODE,90,0,90,1581.42,18.26,1
1534,DECODE,90,0,90,1582.42,15.79,1
1535,DECODE,89,0,89,1593.36,16.39,1
1536,DECODE,89,0,89,1594.36,16.01,1
1537,DECODE,89,0,89,1595.36,15.60,1
1538,DECODE,89,0,89,1596.36,15.80,1
1539,DECODE,88,0,88,1607.52,16.15,1
1540,DECODE,88,0,88,1608.52,15.66,1
1541,DECODE,88,0,88,1609.52,15.58,1
1542,DECODE,88,0,88,1610.52,15.45,1
1543,DECODE,88,0,88,1611.52,15.74,1
1544,DECODE,87,0,87,1623.41,16.20,1
1545,DECODE,87,0,87,1624.41,15.86,1
1546,DECODE,87,0,87,1625.41,15.59,1
1547,DECODE,87,0,87,1626.41,15.69,1
1548,DECODE,86,0,86,1638.56,16.18,1
1549,DECODE,86,0,86,1639.56,16.09,1
1550,DECODE,86,0,86,1640.56,15.56,1
1551,DECODE,86,0,86,1641.56,15.74,1
1552,DECODE,86,0,86,1642.56,15.66,1
1553,DECODE,85,0,85,1655.54,16.20,1
1554,DECODE,85,0,85,1656.54,16.59,1
1555,DECODE,85,0,85,1657.54,15.67,1
1556,DECODE,85,0,85,1658.54,15.84,1
1557,DECODE,84,0,84,1671.81,16.17,1
1558,DECODE,84,0,84,1672.81,15.85,1
1559,DECODE,84,0,84,1673.81,15.61,1
1560,DECODE,84,0,84,1674.81,15.75,1
1561,DECODE,83,0,83,1679.78,16.33,1
1562,DECODE,83,0,83,1680.78,15.77,1
1563,DECODE,83,0,83,1681.78,15.63,1
1564,DECODE,83,0,83,1682.78,15.55,1
1565,DECODE,83,0,83,1683.78,15.66,1
1566,DECODE,83,0,83,1684.78,15.58,1
1567,DECODE,83,0,83,1685.78,15.77,1
1568,DECODE,83,0,83,1686.78,15.80,1
1569,DECODE,83,0,83,1687.78,15.62,1
1570,DECODE,83,0,83,1688.78,17.89,1
1571,DECODE,83,0,83,1689.78,15.77,1
1572,DECODE,83,0,83,1690.78,15.76,1
1573,DECODE,82,0,82,1695.85,19.13,1
1574,DECODE,82,0,82,1696.85,15.88,1
1575,DECODE,82,0,82,1697.85,15.57,1
1576,DECODE,82,0,82,1698.85,15.47,1
1577,DECODE,82,0,82,1699.85,15.49,1
1578,DECODE,82,0,82,1700.85,15.67,1
1579,DECODE,82,0,82,1701.85,15.53,1
1580,DECODE,82,0,82,1702.85,15.76,1
1581,DECODE,82,0,82,1703.85,15.74,1
1582,DECODE,82,0,82,1704.85,15.76,1
1583,DECODE,82,0,82,1705.85,15.66,1
1584,DECODE,82,0,82,1706.85,15.70,1
1585,DECODE,82,0,82,1707.85,15.58,1
1586,DECODE,81,0,81,1713.02,16.18,1
1587,DECODE,81,0,81,1714.02,16.04,1
1588,DECODE,81,0,81,1715.02,15.67,1
1589,DECODE,81,0,81,1716.02,15.60,1
1590,DECODE,81,0,81,1717.02,16.00,1
1591,DECODE,81,0,81,1718.02,15.61,1
1592,DECODE,81,0,81,1719.02,14.82,1
1593,DECODE,81,0,81,1720.02,15.16,1
1594,DECODE,81,0,81,1721.02,15.04,1
1595,DECODE,81,0,81,1722.02,15.18,1
1596,DECODE,81,0,81,1723.02,15.20,1
1597,DECODE,81,0,81,1724.02,15.17,1
1598,DECODE,80,0,80,1729.30,20.06,1
1599,DECODE,80,0,80,1730.30,15.25,1
1600,DECODE,80,0,80,1731.30,15.05,1
1601,DECODE,80,0,80,1732.30,15.12,1
1602,DECODE,80,0,80,1733.30,15.00,1
1603,DECODE,80,0,80,1734.30,15.07,1
1604,DECODE,80,0,80,1735.30,18.20,1
1605,DECODE,80,0,80,1736.30,16.13,1
1606,DECODE,80,0,80,1737.30,15.50,1
1607,DECODE,80,0,80,1738.30,15.56,1
1608,DECODE,80,0,80,1739.30,15.53,1
1609,DECODE,80,0,80,1740.30,15.54,1
1610,DECODE,80,0,80,1741.30,15.56,1
1611,DECODE,79,0,79,1746.68,16.10,1
1612,DECODE,79,0,79,1747.68,15.64,1
1613,DECODE,79,0,79,1748.68,15.46,1
1614,DECODE,79,0,79,1749.68,15.46,1
1615,DECODE,79,0,79,1750.68,15.48,1
1616,DECODE,79,0,79,1751.68,15.82,1
1617,DECODE,79,0,79,1752.68,15.50,1
1618,DECODE,79,0,79,1753.68,15.43,1
1619,DECODE,79,0,79,1754.68,15.57,1
1620,DECODE,79,0,79,1755.68,15.45,1
1621,DECODE,79,0,79,1756.68,15.51,1
1622,DECODE,79,0,79,1757.68,15.93,1
1623,DECODE,79,0,79,1758.68,16.16,1
1624,DECODE,79,0,79,1759.68,15.61,1
1625,DECODE,78,0,78,1765.18,15.79,1
1626,DECODE,78,0,78,1766.18,15.52,1
1627,DECODE,78,0,78,1767.18,15.31,1
1628,DECODE,78,0,78,1768.18,15.34,1
1629,DECODE,78,0,78,1769.18,15.39,1
1630,DECODE,78,0,78,1770.18,15.29,1
1631,DECODE,78,0,78,1771.18,15.34,1
1632,DECODE,78,0,78,1772.18,15.35,1
1633,DECODE,78,0,78,1773.18,15.34,1
1634,DECODE,78,0,78,1774.18,15.29,1
1635,DECODE,78,0,78,1775.18,15.47,1
1636,DECODE,78,0,78,1776.18,15.33,1
1637,DECODE,78,0,78,1777.18,15.26,1
1638,DECODE,77,0,77,1782.79,15.72,1
1639,DECODE,77,0,77,1783.79,15.50,1
1640,DECODE,77,0,77,1784.79,15.30,1
1641,DECODE,77,0,77,1785.79,15.30,1
1642,DECODE,77,0,77,1786.79,15.40,1
1643,DECODE,77,0,77,1787.79,15.37,1
1644,DECODE,77,0,77,1788.79,15.31,1
1645,DECODE,77,0,77,1789.79,15.25,1
1646,DECODE,77,0,77,1790.79,15.29,1
1647,DECODE,77,0,77,1791.79,15.24,1
1648,DECODE,77,0,77,1792.79,16.30,1
1649,DECODE,77,0,77,1793.79,15.73,1
1650,DECODE,77,0,77,1794.79,15.19,1
1651,DECODE,77,0,77,1795.79,15.34,1
1652,DECODE,76,0,76,1801.53,15.61,1
1653,DECODE,76,0,76,1802.53,15.28,1
1654,DECODE,76,0,76,1803.53,14.95,1
1655,DECODE,76,0,76,1804.53,15.07,1
1656,DECODE,76,0,76,1805.53,15.09,1
1657,DECODE,76,0,76,1806.53,15.19,1
1658,DECODE,76,0,76,1807.53,15.20,1
1659,DECODE,76,0,76,1808.53,15.20,1
1660,DECODE,76,0,76,1809.53,15.39,1
1661,DECODE,76,0,76,1810.53,15.39,1
1662,DECODE,76,0,76,1811.53,15.26,1
1663,DECODE,76,0,76,1812.53,15.29,1
1664,DECODE,76,0,76,1813.53,15.35,1
1665,DECODE,76,0,76,1814.53,15.36,1
1666,DECODE,76,0,76,1815.53,15.32,1
1667,DECODE,75,0,75,1821.69,15.69,1
1668,DECODE,75,0,75,1822.69,15.47,1
1669,DECODE,75,0,75,1823.69,14.69,1
1670,DECODE,75,0,75,1824.69,14.66,1
1671,DECODE,75,0,75,1825.69,14.59,1
1672,DECODE,75,0,75,1826.69,14.65,1
1673,DECODE,75,0,75,1827.69,14.57,1
1674,DECODE,75,0,75,1828.69,14.62,1
1675,DECODE,75,0,75,1829.69,14.57,1
1676,DECODE,75,0,75,1830.69,14.61,1
1677,DECODE,75,0,75,1831.69,14.56,1
1678,DECODE,75,0,75,1832.69,14.72,1
1679,DECODE,75,0,75,1833.69,14.55,1
1680,DECODE,75,0,75,1834.69,14.74,1
1681,DECODE,75,0,75,1835.69,14.68,1
1682,DECODE,74,0,74,1842.00,14.72,1
1683,DECODE,74,0,74,1843.00,14.66,1
1684,DECODE,74,0,74,1844.00,14.70,1
1685,DECODE,74,0,74,1845.00,14.77,1
1686,DECODE,74,0,74,1846.00,14.75,1
1687,DECODE,74,0,74,1847.00,14.65,1
1688,DECODE,74,0,74,1848.00,14.69,1
1689,DECODE,74,0,74,1849.00,14.68,1
1690,DECODE,74,0,74,1850.00,14.76,1
1691,DECODE,74,0,74,1851.00,14.64,1
1692,DECODE,74,0,74,1852.00,14.76,1
1693,DECODE,74,0,74,1853.00,14.70,1
1694,DECODE,74,0,74,1854.00,14.71,1
1695,DECODE,74,0,74,1855.00,14.68,1
1696,DECODE,74,0,74,1856.00,14.73,1
1697,DECODE,73,0,73,1862.45,14.75,1
1698,DECODE,73,0,73,1863.45,14.82,1
1699,DECODE,73,0,73,1864.45,14.64,1
1700,DECODE,73,0,73,1865.45,14.83,1
1701,DECODE,73,0,73,1866.45,16.52,1
1702,DECODE,73,0,73,1867.45,15.20,1
1703,DECODE,73,0,73,1868.45,14.74,1
1704,DECODE,73,0,73,1869.45,15.11,1
1705,DECODE,73,0,73,1870.45,14.73,1
1706,DECODE,73,0,73,1871.45,14.66,1
1707,DECODE,73,0,73,1872.45,14.64,1
1708,DECODE,73,0,73,1873.45,14.71,1
1709,DECODE,73,0,73,1874.45,14.64,1
1710,DECODE,73,0,73,1875.45,14.37,1
1711,DECODE,73,0,73,1876.45,16.30,1
1712,DECODE,72,0,72,1883.06,17.06,1
1713,DECODE,72,0,72,1884.06,15.49,1
1714,DECODE,72,0,72,1885.06,14.46,1
1715,DECODE,72,0,72,1886.06,14.75,1
1716,DECODE,72,0,72,1887.06,15.39,1
1717,DECODE,72,0,72,1888.06,15.27,1
1718,DECODE,72,0,72,1889.06,14.67,1
1719,DECODE,72,0,72,1890.06,14.76,1
1720,DECODE,72,0,72,1891.06,14.67,1
1721,DECODE,72,0,72,1892.06,14.73,1
1722,DECODE,72,0,72,1893.06,14.72,1
1723,DECODE,72,0,72,1894.06,14.75,1
1724,DECODE,72,0,72,1895.06,15.86,1
1725,DECODE,72,0,72,1896.06,15.44,1
1726,DECODE,72,0,72,1897.06,15.61,1
1727,DECODE,72,0,72,1898.06,15.75,1
1728,DECODE,72,0,72,1899.06,15.53,1
1729,DECODE,71,0,71,1905.82,16.25,1
1730,DECODE,71,0,71,1906.82,16.05,1
1731,DECODE,71,0,71,1907.82,15.47,1
1732,DECODE,71,0,71,1908.82,15.55,1
1733,DECODE,71,0,71,1909.82,16.00,1
1734,DECODE,71,0,71,1910.82,15.51,1
1735,DECODE,71,0,71,1911.82,15.60,1
1736,DECODE,71,0,71,1912.82,15.59,1
1737,DECODE,71,0,71,1913.82,15.40,1
1738,DECODE,71,0,71,1914.82,15.56,1
1739,DECODE,71,0,71,1915.82,15.40,1
1740,DECODE,71,0,71,1916.82,15.48,1
1741,DECODE,71,0,71,1917.82,15.55,1
1742,DECODE,71,0,71,1918.82,15.55,1
1743,DECODE,71,0,71,1919.82,15.30,1
1744,DECODE,71,0,71,1920.82,15.52,1
1745,DECODE,70,0,70,1927.74,15.89,1
1746,DECODE,70,0,70,1928.74,15.68,1
1747,DECODE,70,0,70,1929.74,16.15,1
1748,DECODE,70,0,70,1930.74,16.28,1
1749,DECODE,70,0,70,1931.74,15.48,1
1750,DECODE,70,0,70,1932.74,15.54,1
1751,DECODE,70,0,70,1933.74,15.52,1
1752,DECODE,70,0,70,1934.74,15.56,1
1753,DECODE,70,0,70,1935.74,15.68,1
1754,DECODE,70,0,70,1936.74,16.64,1
1755,DECODE,70,0,70,1937.74,15.51,1
1756,DECODE,70,0,70,1938.74,16.56,1
1757,DECODE,70,0,70,1939.74,15.56,1
1758,DECODE,70,0,70,1940.74,15.70,1
1759,DECODE,70,0,70,1941.74,16.69,1
1760,DECODE,70,0,70,1942.74,15.70,1
1761,DECODE,70,0,70,1943.74,15.63,1
1762,DECODE,69,0,69,1950.84,16.09,1
1763,DECODE,69,0,69,1951.84,17.07,1
1764,DECODE,69,0,69,1952.84,15.74,1
1765,DECODE,69,0,69,1953.84,15.33,1
1766,DECODE,69,0,69,1954.84,15.78,1
1767,DECODE,69,0,69,1955.84,15.55,1
1768,DECODE,69,0,69,1956.84,15.51,1
1769,DECODE,69,0,69,1957.84,15.76,1
1770,DECODE,69,0,69,1958.84,15.57,1
1771,DECODE,69,0,69,1959.84,15.64,1
1772,DECODE,69,0,69,1960.84,15.59,1
1773,DECODE,69,0,69,1961.84,15.23,1
1774,DECODE,69,0,69,1962.84,15.17,1
1775,DECODE,69,0,69,1963.84,15.17,1
1776,DECODE,69,0,69,1964.84,15.18,1
1777,DECODE,69,0,69,1965.84,15.24,1
1778,DECODE,69,0,69,1966.84,15.11,1
1779,DECODE,68,0,68,1974.12,15.40,1
1780,DECODE,68,0,68,1975.12,15.29,1
1781,DECODE,68,0,68,1976.12,15.12,1
1782,DECODE,68,0,68,1977.12,15.12,1
1783,DECODE,68,0,68,1978.12,15.02,1
1784,DECODE,68,0,68,1979.12,15.18,1
1785,DECODE,68,0,68,1980.12,15.22,1
1786,DECODE,68,0,68,1981.12,15.22,1
1787,DECODE,68,0,68,1982.12,15.21,1
1788,DECODE,68,0,68,1983.12,15.27,1
1789,DECODE,68,0,68,1984.12,15.29,1
1790,DECODE,68,0,68,1985.12,15.43,1
1791,DECODE,68,0,68,1986.12,15.23,1
1792,DECODE,68,0,68,1987.12,15.25,1
1793,DECODE,68,0,68,1988.12,15.26,1
1794,DECODE,68,0,68,1989.12,15.37,1
1795,DECODE,68,0,68,1990.12,15.53,1
1796,DECODE,68,0,68,1991.12,15.98,1
1797,DECODE,68,0,68,1992.12,14.89,1
1798,DECODE,68,0,68,1993.12,14.89,1
1799,DECODE,67,0,67,2000.70,14.85,1
1800,DECODE,67,0,67,2001.70,15.66,1
1801,DECODE,67,0,67,2002.70,15.47,1
1802,DECODE,67,0,67,2003.70,15.56,1
1803,DECODE,67,0,67,2004.70,15.65,1
1804,DECODE,67,0,67,2005.70,15.84,1
1805,DECODE,67,0,67,2006.70,15.43,1
1806,DECODE,67,0,67,2007.70,15.53,1
1807,DECODE,67,0,67,2008.70,15.61,1
1808,DECODE,67,0,67,2009.70,15.46,1
1809,DECODE,67,0,67,2010.70,15.62,1
1810,DECODE,67,0,67,2011.70,14.92,1
1811,DECODE,67,0,67,2012.70,15.08,1
1812,DECODE,67,0,67,2013.70,15.04,1
1813,DECODE,67,0,67,2014.70,15.06,1
1814,DECODE,67,0,67,2015.70,15.06,1
1815,DECODE,67,0,67,2016.70,15.91,1
1816,DECODE,67,0,67,2017.70,15.69,1
1817,DECODE,66,0,66,2025.48,16.00,1
1818,DECODE,66,0,66,2026.48,15.02,1
1819,DECODE,66,0,66,2027.48,14.83,1
1820,DECODE,66,0,66,2028.48,14.51,1
1821,DECODE,66,0,66,2029.48,14.59,1
1822,DECODE,66,0,66,2030.48,14.40,1
1823,DECODE,66,0,66,2031.48,14.17,1
1824,DECODE,66,0,66,2032.48,14.87,1
1825,DECODE,66,0,66,2033.48,14.82,1
1826,DECODE,66,0,66,2034.48,14.17,1
1827,DECODE,66,0,66,2035.48,14.13,1
1828,DECODE,66,0,66,2036.48,14.07,1
1829,DECODE,66,0,66,2037.48,14.18,1
1830,DECODE,66,0,66,2038.48,14.58,1
1831,DECODE,66,0,66,2039.48,14.57,1
1832,DECODE,66,0,66,2040.48,14.52,1
1833,DECODE,66,0,66,2041.48,14.60,1
1834,DECODE,66,0,66,2042.48,14.52,1
1835,DECODE,66,0,66,2043.48,14.63,1
1836,DECODE,65,0,65,2051.48,14.21,1
1837,DECODE,65,0,65,2052.48,14.14,1
1838,DECODE,65,0,65,2053.48,14.17,1
1839,DECODE,65,0,65,2054.48,14.06,1
1840,DECODE,65,0,65,2055.48,14.14,1
1841,DECODE,65,0,65,2056.48,15.00,1
1842,DECODE,65,0,65,2057.48,14.70,1
1843,DECODE,65,0,65,2058.48,15.32,1
1844,DECODE,65,0,65,2059.48,14.49,1
1845,DECODE,65,0,65,2060.48,14.52,1
1846,DECODE,65,0,65,2061.48,14.51,1
1847,DECODE,65,0,65,2062.48,14.48,1
1848,DECODE,65,0,65,2063.48,14.45,1
1849,DECODE,65,0,65,2064.48,14.51,1
1850,DECODE,65,0,65,2065.48,14.48,1
1851,DECODE,65,0,65,2066.48,14.47,1
1852,DECODE,65,0,65,2067.48,14.47,1
1853,DECODE,65,0,65,2068.48,14.50,1
1854,DECODE,65,0,65,2069.48,14.68,1
1855,DECODE,65,0,65,2070.48,14.49,1
1856,DECODE,64,0,64,2078.69,20.88,1
1857,DECODE,64,0,64,2079.69,15.04,1
1858,DECODE,64,0,64,2080.69,14.35,1
1859,DECODE,64,0,64,2081.69,14.47,1
1860,DECODE,64,0,64,2082.69,14.42,1
1861,DECODE,64,0,64,2083.69,14.41,1
1862,DECODE,64,0,64,2084.69,14.40,1
1863,DECODE,64,0,64,2085.69,14.42,1
1864,DECODE,64,0,64,2086.69,14.33,1
1865,DECODE,64,0,64,2087.69,14.58,1
1866,DECODE,64,0,64,2088.69,14.44,1
1867,DECODE,64,0,64,2089.69,14.62,1
1868,DECODE,64,0,64,2090.69,14.44,1
1869,DECODE,64,0,64,2091.69,14.30,1
1870,DECODE,64,0,64,2092.69,15.01,1
1871,DECODE,64,0,64,2093.69,14.99,1
1872,DECODE,64,0,64,2094.69,14.95,1
1873,DECODE,64,0,64,2095.69,14.93,1
1874,DECODE,64,0,64,2096.69,14.91,1
1875,DECODE,64,0,64,2097.69,14.84,1
1876,DECODE,64,0,64,2098.69,13.65,1
1877,DECODE,64,0,64,2099.69,14.76,1
1878,DECODE,63,0,63,2108.21,13.83,1
1879,DECODE,63,0,63,2109.21,13.75,1
1880,DECODE,63,0,63,2110.21,13.70,1
1881,DECODE,63,0,63,2111.21,13.72,1
1882,DECODE,63,0,63,2112.21,13.61,1
1883,DECODE,63,0,63,2113.21,13.63,1
1884,DECODE,63,0,63,2114.21,13.82,1
1885,DECODE,63,0,63,2115.21,13.70,1
1886,DECODE,63,0,63,2116.21,13.71,1
1887,DECODE,63,0,63,2117.21,13.65,1
1888,DECODE,63,0,63,2118.21,13.66,1
1889,DECODE,63,0,63,2119.21,13.62,1
1890,DECODE,63,0,63,2120.21,13.66,1
1891,DECODE,63,0,63,2121.21,13.67,1
1892,DECODE,63,0,63,2122.21,13.71,1
1893,DECODE,63,0,63,2123.21,13.65,1
1894,DECODE,63,0,63,2124.21,13.71,1
1895,DECODE,63,0,63,2125.21,13.64,1
1896,DECODE,63,0,63,2126.21,13.64,1
1897,DECODE,63,0,63,2127.21,13.67,1
1898,DECODE,63,0,63,2128.21,14.74,1
1899,DECODE,62,0,62,2136.97,15.82,1
1900,DECODE,62,0,62,2137.97,15.75,1
1901,DECODE,62,0,62,2138.97,14.37,1
1902,DECODE,62,0,62,2139.97,14.34,1
1903,DECODE,62,0,62,2140.97,14.36,1
1904,DECODE,62,0,62,2141.97,14.44,1
1905,DECODE,62,0,62,2142.97,14.48,1
1906,DECODE,62,0,62,2143.97,14.43,1
1907,DECODE,62,0,62,2144.97,14.42,1
1908,DECODE,62,0,62,2145.97,14.56,1
1909,DECODE,62,0,62,2146.97,14.48,1
1910,DECODE,62,0,62,2147.97,14.52,1
1911,DECODE,62,0,62,2148.97,14.44,1
1912,DECODE,62,0,62,2149.97,14.55,1
1913,DECODE,62,0,62,2150.97,14.48,1
1914,DECODE,62,0,62,2151.97,14.62,1
1915,DECODE,62,0,62,2152.97,14.32,1
1916,DECODE,62,0,62,2153.97,14.85,1
1917,DECODE,62,0,62,2154.97,14.36,1
1918,DECODE,62,0,62,2155.97,14.42,1
1919,DECODE,62,0,62,2156.97,14.37,1
1920,DECODE,62,0,62,2157.97,14.50,1
1921,DECODE,61,0,61,2166.98,14.85,1
1922,DECODE,61,0,61,2167.98,14.62,1
1923,DECODE,61,0,61,2168.98,14.33,1
1924,DECODE,61,0,61,2169.98,14.45,1
1925,DECODE,61,0,61,2170.98,14.42,1
1926,DECODE,61,0,61,2171.98,14.46,1
1927,DECODE,61,0,61,2172.98,14.31,1
1928,DECODE,61,0,61,2173.98,14.64,1
1929,DECODE,61,0,61,2174.98,14.48,1
1930,DECODE,61,0,61,2175.98,14.52,1
1931,DECODE,61,0,61,2176.98,14.47,1
1932,DECODE,61,0,61,2177.98,14.50,1
1933,DECODE,61,0,61,2178.98,14.59,1
1934,DECODE,61,0,61,2179.98,14.60,1
1935,DECODE,61,0,61,2180.98,14.55,1
1936,DECODE,61,0,61,2181.98,14.60,1
1937,DECODE,61,0,61,2182.98,14.66,1
1938,DECODE,61,0,61,2183.98,14.66,1
1939,DECODE,61,0,61,2184.98,14.68,1
1940,DECODE,61,0,61,2185.98,14.73,1
1941,DECODE,61,0,61,2186.98,14.68,1
1942,DECODE,61,0,61,2187.98,14.71,1
1943,DECODE,60,0,60,2197.27,15.08,1
1944,DECODE,60,0,60,2198.27,14.86,1
1945,DECODE,60,0,60,2199.27,14.66,1
1946,DECODE,60,0,60,2200.27,14.71,1
1947,DECODE,60,0,60,2201.27,14.61,1
1948,DECODE,60,0,60,2202.27,14.68,1
1949,DECODE,60,0,60,2203.27,14.66,1
1950,DECODE,60,0,60,2204.27,15.14,1
1951,DECODE,60,0,60,2205.27,14.70,1
1952,DECODE,60,0,60,2206.27,14.51,1
1953,DECODE,60,0,60,2207.27,14.65,1
1954,DECODE,60,0,60,2208.27,14.71,1
1955,DECODE,60,0,60,2209.27,14.66,1
1956,DECODE,60,0,60,2210.27,14.66,1
1957,DECODE,60,0,60,2211.27,14.83,1
1958,DECODE,60,0,60,2212.27,14.72,1
1959,DECODE,60,0,60,2213.27,14.78,1
1960,DECODE,60,0,60,2214.27,14.66,1
1961,DECODE,60,0,60,2215.27,14.67,1
1962,DECODE,60,0,60,2216.27,14.68,1
1963,DECODE,60,0,60,2217.27,14.82,1
1964,DECODE,60,0,60,2218.27,14.78,1
1965,DECODE,60,0,60,2219.27,14.86,1
1966,DECODE,59,0,59,2228.83,15.34,1
1967,DECODE,59,0,59,2229.83,14.98,1
1968,DECODE,59,0,59,2230.83,14.69,1
1969,DECODE,59,0,59,2231.83,14.71,1
1970,DECODE,59,0,59,2232.83,14.73,1
1971,DECODE,59,0,59,2233.83,15.74,1
1972,DECODE,59,0,59,2234.83,14.76,1
1973,DECODE,59,0,59,2235.83,14.80,1
1974,DECODE,59,0,59,2236.83,15.45,1
1975,DECODE,59,0,59,2237.83,14.89,1
1976,DECODE,59,0,59,2238.83,15.42,1
1977,DECODE,59,0,59,2239.83,14.88,1
1978,DECODE,59,0,59,2240.83,14.81,1
1979,DECODE,59,0,59,2241.83,14.69,1
1980,DECODE,59,0,59,2242.83,14.70,1
1981,DECODE,59,0,59,2243.83,14.79,1
1982,DECODE,59,0,59,2244.83,14.95,1
1983,DECODE,59,0,59,2245.83,14.89,1
1984,DECODE,59,0,59,2246.83,14.90,1
1985,DECODE,59,0,59,2247.83,14.93,1
1986,DECODE,59,0,59,2248.83,14.94,1
1987,DECODE,59,0,59,2249.83,14.60,1
1988,DECODE,59,0,59,2250.83,14.95,1
1989,DECODE,59,0,59,2251.83,15.72,1
1990,DECODE,58,0,58,2261.69,15.85,1
1991,DECODE,58,0,58,2262.69,14.92,1
1992,DECODE,58,0,58,2263.69,14.88,1
1993,DECODE,58,0,58,2264.69,15.00,1
1994,DECODE,58,0,58,2265.69,14.87,1
1995,DECODE,58,0,58,2266.69,14.99,1
1996,DECODE,58,0,58,2267.69,15.08,1
1997,DECODE,58,0,58,2268.69,14.88,1
1998,DECODE,58,0,58,2269.69,14.65,1
1999,DECODE,58,0,58,2270.69,14.86,1
2000,DECODE,58,0,58,2271.69,15.03,1
2001,DECODE,58,0,58,2272.69,15.12,1
2002,DECODE,58,0,58,2273.69,14.96,1
2003,DECODE,58,0,58,2274.69,16.47,1
2004,DECODE,58,0,58,2275.69,15.77,1
2005,DECODE,58,0,58,2276.69,14.92,1
2006,DECODE,58,0,58,2277.69,14.84,1
2007,DECODE,58,0,58,2278.69,14.66,1
2008,DECODE,58,0,58,2279.69,14.59,1
2009,DECODE,58,0,58,2280.69,14.60,1
2010,DECODE,58,0,58,2281.69,14.65,1
2011,DECODE,58,0,58,2282.69,14.72,1
2012,DECODE,58,0,58,2283.69,14.64,1
2013,DECODE,58,0,58,2284.69,14.64,1
2014,DECODE,58,0,58,2285.69,14.59,1
2015,DECODE,57,0,57,2295.86,14.93,1
2016,DECODE,57,0,57,2296.86,14.69,1
2017,DECODE,57,0,57,2297.86,14.50,1
2018,DECODE,57,0,57,2298.86,14.48,1
2019,DECODE,57,0,57,2299.86,14.56,1
2020,DECODE,57,0,57,2300.86,14.82,1
2021,DECODE,57,0,57,2301.86,14.74,1
2022,DECODE,57,0,57,2302.86,15.09,1
2023,DECODE,57,0,57,2303.86,14.47,1
2024,DECODE,57,0,57,2304.86,14.49,1
2025,DECODE,57,0,57,2305.86,14.61,1
2026,DECODE,57,0,57,2306.86,14.66,1
2027,DECODE,57,0,57,2307.86,14.62,1
2028,DECODE,57,0,57,2308.86,14.68,1
2029,DECODE,57,0,57,2309.86,15.88,1
2030,DECODE,57,0,57,2310.86,14.88,1
2031,DECODE,57,0,57,2311.86,14.78,1
2032,DECODE,57,0,57,2312.86,15.30,1
2033,DECODE,57,0,57,2313.86,15.14,1
2034,DECODE,57,0,57,2314.86,14.72,1
2035,DECODE,57,0,57,2315.86,14.85,1
2036,DECODE,57,0,57,2316.86,14.77,1
2037,DECODE,57,0,57,2317.86,15.36,1
2038,DECODE,57,0,57,2318.86,14.76,1
2039,DECODE,57,0,57,2319.86,14.68,1
2040,DECODE,56,0,56,2330.36,16.14,1
2041,DECODE,56,0,56,2331.36,15.10,1
2042,DECODE,56,0,56,2332.36,15.22,1
2043,DECODE,56,0,56,2333.36,14.54,1
2044,DECODE,56,0,56,2334.36,14.88,1
2045,DECODE,56,0,56,2335.36,14.71,1
2046,DECODE,56,0,56,2336.36,15.00,1
2047,DECODE,56,0,56,2337.36,15.43,1
2048,DECODE,56,0,56,2338.36,14.77,1
2049,DECODE,56,0,56,2339.36,15.34,1
2050,DECODE,56,0,56,2340.36,14.68,1
2051,DECODE,56,0,56,2341.36,14.70,1
2052,DECODE,56,0,56,2342.36,14.65,1
2053,DECODE,56,0,56,2343.36,14.89,1
2054,DECODE,56,0,56,2344.36,14.81,1
2055,DECODE,56,0,56,2345.36,14.87,1
2056,DECODE,56,0,56,2346.36,14.89,1
2057,DECODE,56,0,56,2347.36,15.01,1
2058,DECODE,56,0,56,2348.36,14.91,1
2059,DECODE,56,0,56,2349.36,14.97,1
2060,DECODE,56,0,56,2350.36,15.82,1
2061,DECODE,56,0,56,2351.36,15.85,1
2062,DECODE,56,0,56,2352.36,15.46,1
2063,DECODE,56,0,56,2353.36,15.44,1
2064,DECODE,56,0,56,2354.36,15.42,1
2065,DECODE,56,0,56,2355.36,15.40,1
2066,DECODE,56,0,56,2356.36,15.49,1
2067,DECODE,55,0,55,2367.62,17.17,1
2068,DECODE,55,0,55,2368.62,15.19,1
2069,DECODE,55,0,55,2369.62,14.92,1
2070,DECODE,55,0,55,2370.62,14.93,1
2071,DECODE,55,0,55,2371.62,14.94,1
2072,DECODE,55,0,55,2372.62,15.07,1
2073,DECODE,55,0,55,2373.62,15.01,1
2074,DECODE,55,0,55,2374.62,14.99,1
2075,DECODE,55,0,55,2375.62,15.01,1
2076,DECODE,55,0,55,2376.62,15.35,1
2077,DECODE,55,0,55,2377.62,15.15,1
2078,DECODE,55,0,55,2378.62,15.08,1
2079,DECODE,55,0,55,2379.62,15.01,1
2080,DECODE,55,0,55,2380.62,15.17,1
2081,DECODE,55,0,55,2381.62,14.99,1
2082,DECODE,55,0,55,2382.62,15.01,1
2083,DECODE,55,0,55,2383.62,14.91,1
2084,DECODE,55,0,55,2384.62,14.98,1
2085,DECODE,55,0,55,2385.62,14.91,1
2086,DECODE,55,0,55,2386.62,14.99,1
2087,DECODE,55,0,55,2387.62,15.00,1
2088,DECODE,55,0,55,2388.62,15.10,1
2089,DECODE,55,0,55,2389.62,15.20,1
2090,DECODE,55,0,55,2390.62,15.38,1
2091,DECODE,55,0,55,2391.62,15.05,1
2092,DECODE,55,0,55,2392.62,15.19,1
2093,DECODE,55,0,55,2393.62,15.00,1
2094,DECODE,54,0,54,2405.26,15.82,1
2095,DECODE,54,0,54,2406.26,15.51,1
2096,DECODE,54,0,54,2407.26,15.04,1
2097,DECODE,54,0,54,2408.26,14.87,1
2098,DECODE,54,0,54,2409.26,14.90,1
2099,DECODE,54,0,54,2410.26,15.01,1
2100,DECODE,54,0,54,2411.26,14.83,1
2101,DECODE,54,0,54,2412.26,14.92,1
2102,DECODE,54,0,54,2413.26,14.82,1
2103,DECODE,54,0,54,2414.26,14.74,1
2104,DECODE,54,0,54,2415.26,14.79,1
2105,DECODE,54,0,54,2416.26,14.75,1
2106,DECODE,54,0,54,2417.26,14.91,1
2107,DECODE,54,0,54,2418.26,14.92,1
2108,DECODE,54,0,54,2419.26,14.98,1
2109,DECODE,54,0,54,2420.26,15.49,1
2110,DECODE,54,0,54,2421.26,15.28,1
2111,DECODE,54,0,54,2422.26,15.80,1
2112,DECODE,54,0,54,2423.26,14.94,1
2113,DECODE,54,0,54,2424.26,15.37,1
2114,DECODE,54,0,54,2425.26,14.89,1
2115,DECODE,54,0,54,2426.26,16.00,1
2116,DECODE,54,0,54,2427.26,15.46,1
2117,DECODE,54,0,54,2428.26,14.81,1
2118,DECODE,54,0,54,2429.26,14.81,1
2119,DECODE,54,0,54,2430.26,14.82,1
2120,DECODE,54,0,54,2431.26,14.90,1
2121,DECODE,54,0,54,2432.26,14.93,1
2122,DECODE,54,0,54,2433.26,15.19,1
2123,DECODE,54,0,54,2434.26,14.75,1
2124,DECODE,53,0,53,2434.02,15.77,1
2125,DECODE,53,0,53,2435.02,15.06,1
2126,DECODE,53,0,53,2436.02,14.83,1
2127,DECODE,53,0,53,2437.02,15.08,1
2128,DECODE,53,0,53,2438.02,14.99,1
2129,DECODE,53,0,53,2439.02,14.83,1
2130,DECODE,53,0,53,2440.02,14.87,1
2131,DECODE,53,0,53,2441.02,14.81,1
2132,DECODE,53,0,53,2442.02,14.82,1
2133,DECODE,53,0,53,2443.02,14.83,1
2134,DECODE,53,0,53,2444.02,14.83,1
2135,DECODE,53,0,53,2445.02,14.77,1
2136,DECODE,53,0,53,2446.02,14.56,1
2137,DECODE,53,0,53,2447.02,14.63,1
2138,DECODE,53,0,53,2448.02,14.55,1
2139,DECODE,53,0,53,2449.02,14.73,1
2140,DECODE,53,0,53,2450.02,14.61,1
2141,DECODE,53,0,53,2451.02,14.65,1
2142,DECODE,53,0,53,2452.02,14.63,1
2143,DECODE,53,0,53,2453.02,14.76,1
2144,DECODE,53,0,53,2454.02,14.83,1
2145,DECODE,53,0,53,2455.02,14.74,1
2146,DECODE,53,0,53,2456.02,14.89,1
2147,DECODE,53,0,53,2457.02,14.78,1
2148,DECODE,53,0,53,2458.02,14.15,1
2149,DECODE,53,0,53,2459.02,18.38,1
2150,DECODE,53,0,53,2460.02,15.08,1
2151,DECODE,53,0,53,2461.02,14.82,1
2152,DECODE,53,0,53,2462.02,14.53,1
2153,DECODE,53,0,53,2463.02,14.76,1
2154,DECODE,53,0,53,2464.02,14.62,1
2155,DECODE,53,0,53,2465.02,14.72,1
2156,DECODE,53,0,53,2466.02,14.72,1
2157,DECODE,53,0,53,2467.02,14.80,1
2158,DECODE,53,0,53,2468.02,14.76,1
2159,DECODE,53,0,53,2469.02,14.87,1
2160,DECODE,53,0,53,2470.02,14.71,1
2161,DECODE,53,0,53,2471.02,14.77,1
2162,DECODE,53,0,53,2472.02,14.71,1
2163,DECODE,53,0,53,2473.02,14.77,1
2164,DECODE,52,0,52,2472.73,16.68,1
2165,DECODE,52,0,52,2473.73,15.04,1
2166,DECODE,52,0,52,2474.73,14.70,1
2167,DECODE,52,0,52,2475.73,14.81,1
2168,DECODE,52,0,52,2476.73,15.14,1
2169,DECODE,52,0,52,2477.73,14.86,1
2170,DECODE,52,0,52,2478.73,14.78,1
2171,DECODE,52,0,52,2479.73,14.88,1
2172,DECODE,52,0,52,2480.73,14.84,1
2173,DECODE,52,0,52,2481.73,14.81,1
2174,DECODE,52,0,52,2482.73,14.96,1
2175,DECODE,52,0,52,2483.73,14.84,1
2176,DECODE,52,0,52,2484.73,14.83,1
2177,DECODE,52,0,52,2485.73,14.84,1
2178,DECODE,52,0,52,2486.73,14.81,1
2179,DECODE,52,0,52,2487.73,14.95,1
2180,DECODE,52,0,52,2488.73,14.80,1
2181,DECODE,52,0,52,2489.73,14.90,1
2182,DECODE,52,0,52,2490.73,14.83,1
2183,DECODE,52,0,52,2491.73,14.86,1
2184,DECODE,50,0,50,2490.00,15.07,1
2185,DECODE,50,0,50,2491.00,15.11,1
2186,DECODE,50,0,50,2492.00,14.81,1
2187,DECODE,50,0,50,2493.00,14.80,1
2188,DECODE,50,0,50,2494.00,14.78,1
2189,DECODE,50,0,50,2495.00,14.75,1
2190,DECODE,50,0,50,2496.00,14.68,1
2191,DECODE,50,0,50,2497.00,14.61,1
2192,DECODE,50,0,50,2498.00,14.60,1
2193,DECODE,50,0,50,2499.00,14.84,1
2194,DECODE,50,0,50,2500.00,14.67,1
2195,DECODE,50,0,50,2501.00,14.71,1
2196,DECODE,50,0,50,2502.00,14.69,1
2197,DECODE,50,0,50,2503.00,14.63,1
2198,DECODE,50,0,50,2504.00,14.79,1
2199,DECODE,50,0,50,2505.00,14.80,1
2200,DECODE,50,0,50,2506.00,14.79,1
2201,DECODE,50,0,50,2507.00,14.76,1
2202,DECODE,50,0,50,2508.00,14.72,1
2203,DECODE,50,0,50,2509.00,14.73,1
2204,DECODE,50,0,50,2510.00,15.77,1
2205,DECODE,50,0,50,2511.00,14.87,1
2206,DECODE,50,0,50,2512.00,15.07,1
2207,DECODE,50,0,50,2513.00,14.83,1
2208,DECODE,50,0,50,2514.00,14.78,1
2209,DECODE,50,0,50,2515.00,14.79,1
2210,DECODE,50,0,50,2516.00,14.78,1
2211,DECODE,50,0,50,2517.00,14.74,1
2212,DECODE,50,0,50,2518.00,14.84,1
2213,DECODE,50,0,50,2519.00,14.74,1
2214,DECODE,50,0,50,2520.00,14.69,1
2215,DECODE,50,0,50,2521.00,14.73,1
2216,DECODE,50,0,50,2522.00,13.95,1
2217,DECODE,50,0,50,2523.00,13.96,1
2218,DECODE,50,0,50,2524.00,13.86,1
2219,DECODE,42,0,42,2518.14,14.88,1
2220,EXTEND,8,680,0,325.50,46.24,1
2221,DECODE,50,0,50,2168.32,14.23,1
2222,DECODE,50,0,50,2169.32,13.94,1
2223,DECODE,50,0,50,2170.32,13.85,1
2224,DECODE,50,0,50,2171.32,13.88,1
2225,DECODE,47,0,47,2147.51,13.29,1
2226,EXTEND,4,4,0,311.00,30.02,1
2227,DECODE,51,0,51,2004.47,14.37,1
2228,DECODE,51,0,51,2005.47,13.83,1
2229,DECODE,51,0,51,2006.47,13.82,1
2230,DECODE,51,0,51,2007.47,15.26,1
2231,DECODE,51,0,51,2008.47,14.12,1
2232,DECODE,51,0,51,2009.47,14.10,1
2233,DECODE,51,0,51,2010.47,14.12,1
2234,DECODE,51,0,51,2011.47,14.09,1
2235,DECODE,51,0,51,2012.47,14.11,1
2236,DECODE,51,0,51,2013.47,14.34,1
2237,DECODE,51,0,51,2014.47,14.16,1
2238,DECODE,51,0,51,2015.47,14.16,1
2239,DECODE,51,0,51,2016.47,14.12,1
2240,DECODE,51,0,51,2017.47,14.13,1
2241,DECODE,51,0,51,2018.47,14.17,1
2242,DECODE,51,0,51,2019.47,14.17,1
2243,DECODE,51,0,51,2020.47,14.05,1
2244,DECODE,51,0,51,2021.47,14.07,1
2245,DECODE,51,0,51,2022.47,14.05,1
2246,DECODE,51,0,51,2023.47,13.92,1
2247,DECODE,47,0,47,1978.81,13.62,1
2248,EXTEND,5,194,0,296.20,37.79,1
2249,DECODE,52,0,52,1818.02,15.38,1
2250,DECODE,52,0,52,1819.02,13.85,1
2251,DECODE,52,0,52,1820.02,13.89,1
2252,DECODE,52,0,52,1821.02,13.87,1
2253,DECODE,45,0,45,1707.07,12.59,1
2254,EXTEND,7,7,0,326.14,49.80,1
2255,DECODE,52,0,52,1522.17,12.72,1
2256,DECODE,52,0,52,1523.17,12.78,1
2257,DECODE,52,0,52,1524.17,12.81,1
2258,DECODE,52,0,52,1525.17,12.78,1
2259,DECODE,48,0,48,1439.94,11.84,1
2260,EXTEND,5,356,0,324.00,37.29,1
2261,DECODE,53,0,53,1335.66,13.09,1
2262,DECODE,53,0,53,1336.66,12.42,1
2263,DECODE,53,0,53,1337.66,12.41,1
2264,DECODE,53,0,53,1338.66,12.46,1
2265,DECODE,49,0,49,1239.96,12.55,1
2266,EXTEND,5,5,0,295.20,29.49,1
2267,DECODE,54,0,54,1153.48,12.63,1
2268,DECODE,54,0,54,1154.48,12.55,1
2269,DECODE,54,0,54,1155.48,12.61,1
2270,DECODE,54,0,54,1156.48,12.57,1
2271,DECODE,54,0,54,1157.48,12.56,1
2272,DECODE,54,0,54,1158.48,12.66,1
2273,DECODE,54,0,54,1159.48,12.75,1
2274,DECODE,54,0,54,1160.48,12.99,1
2275,DECODE,54,0,54,1161.48,13.07,1
2276,DECODE,54,0,54,1162.48,12.60,1
2277,DECODE,50,0,50,1051.68,12.22,1
2278,EXTEND,5,608,0,339.00,34.74,1
2279,DECODE,55,0,55,987.89,13.33,1
2280,DECODE,55,0,55,988.89,12.89,1
2281,DECODE,55,0,55,989.89,12.47,1
2282,DECODE,55,0,55,990.89,12.33,1
2283,DECODE,55,0,55,991.89,12.30,1
2284,DECODE,47,0,47,725.98,11.41,1
2285,EXTEND,13,481,0,311.92,38.38,1
2286,DECODE,56,0,56,499.86,12.12,1
2287,EXTEND,2,2,0,297.00,29.51,1
2288,DECODE,58,0,58,493.86,11.67,1
2289,DECODE,58,0,58,494.86,11.67,1
2290,DECODE,54,0,54,342.89,11.22,1
2291,EXTEND,4,4,0,306.00,34.43,1
2292,DECODE,58,0,58,341.34,12.16,1
2293,DECODE,58,0,58,342.34,11.04,1
2294,DECODE,58,0,58,343.34,11.03,1
2295,DECODE,58,0,58,344.34,11.03,1
2296,DECODE,58,0,58,345.34,11.08,1
2297,DECODE,58,0,58,346.34,11.04,1
2298,DECODE,58,0,58,347.34,11.14,1
2299,DECODE,58,0,58,348.34,12.31,1
2300,DECODE,58,0,58,349.34,11.28,1
2301,DECODE,58,0,58,350.34,11.30,1
2302,DECODE,58,0,58,351.34,11.26,1
2303,DECODE,58,0,58,352.34,11.25,1
2304,DECODE,58,0,58,353.34,11.29,1
2305,DECODE,58,0,58,354.34,11.29,1
2306,DECODE,58,0,58,355.34,11.35,1
2307,DECODE,58,0,58,356.34,11.26,1
2308,DECODE,58,0,58,357.34,11.27,1
2309,DECODE,58,0,58,358.34,11.40,1
2310,DECODE,58,0,58,359.34,11.28,1
2311,DECODE,58,0,58,360.34,11.33,1
2312,DECODE,58,0,58,361.34,11.27,1
2313,DECODE,58,0,58,362.34,11.27,1
2314,DECODE,58,0,58,363.34,11.96,1
2315,DECODE,58,0,58,364.34,12.07,1
2316,DECODE,58,0,58,365.34,11.87,1
2317,DECODE,58,0,58,366.34,11.90,1
2318,DECODE,58,0,58,367.34,11.97,1
2319,DECODE,58,0,58,368.34,12.03,1
2320,DECODE,58,0,58,369.34,11.86,1
2321,DECODE,58,0,58,370.34,12.00,1
2322,DECODE,58,0,58,371.34,11.83,1
2323,DECODE,58,0,58,372.34,11.90,1
2324,DECODE,58,0,58,373.34,12.07,1
2325,DECODE,58,0,58,374.34,11.92,1
2326,DECODE,58,0,58,375.34,11.89,1
2327,DECODE,58,0,58,376.34,11.91,1
2328,DECODE,58,0,58,377.34,11.84,1
2329,DECODE,58,0,58,378.34,12.03,1
2330,DECODE,58,0,58,379.34,11.94,1
2331,DECODE,58,0,58,380.34,12.71,1
2332,DECODE,58,0,58,381.34,12.18,1
2333,DECODE,58,0,58,382.34,12.11,1
2334,DECODE,58,0,58,383.34,11.38,1
2335,DECODE,58,0,58,384.34,11.89,1
2336,DECODE,58,0,58,385.34,11.94,1
2337,DECODE,58,0,58,386.34,11.90,1
2338,DECODE,58,0,58,387.34,12.03,1
2339,DECODE,58,0,58,388.34,12.16,1
2340,DECODE,58,0,58,389.34,11.90,1
2341,DECODE,58,0,58,390.34,11.91,1
2342,DECODE,58,0,58,391.34,11.91,1
2343,DECODE,58,0,58,392.34,12.00,1
2344,DECODE,58,0,58,393.34,12.10,1
2345,DECODE,58,0,58,394.34,11.94,1
2346,DECODE,58,0,58,395.34,11.92,1
2347,DECODE,58,0,58,396.34,12.04,1
2348,DECODE,58,0,58,397.34,12.08,1
2349,DECODE,58,0,58,398.34,11.89,1
2350,DECODE,58,0,58,399.34,12.02,1
2351,DECODE,58,0,58,400.34,11.97,1
2352,DECODE,58,0,58,401.34,11.96,1
2353,DECODE,58,0,58,402.34,11.91,1
2354,DECODE,58,0,58,403.34,11.99,1
2355,DECODE,58,0,58,404.34,11.98,1
2356,DECODE,58,0,58,405.34,11.98,1
2357,DECODE,58,0,58,406.34,11.96,1
2358,DECODE,58,0,58,407.34,11.90,1
2359,DECODE,58,0,58,408.34,11.94,1
2360,DECODE,58,0,58,409.34,11.91,1
2361,DECODE,58,0,58,410.34,12.00,1
2362,DECODE,58,0,58,411.34,11.93,1
2363,DECODE,58,0,58,412.34,11.86,1
2364,DECODE,58,0,58,413.34,12.06,1
2365,DECODE,58,0,58,414.34,11.97,1
2366,DECODE,58,0,58,415.34,11.94,1
2367,DECODE,58,0,58,416.34,11.97,1
2368,DECODE,58,0,58,417.34,11.93,1
2369,DECODE,58,0,58,418.34,11.98,1
2370,DECODE,58,0,58,419.34,11.99,1
2371,DECODE,58,0,58,420.34,11.97,1
2372,DECODE,58,0,58,421.34,12.31,1
2373,DECODE,58,0,58,422.34,12.06,1
2374,DECODE,58,0,58,423.34,12.15,1
2375,DECODE,58,0,58,424.34,12.28,1
2376,DECODE,58,0,58,425.34,12.26,1
2377,DECODE,58,0,58,426.34,13.05,1
2378,DECODE,58,0,58,427.34,12.47,1
2379,DECODE,58,0,58,428.34,12.10,1
2380,DECODE,58,0,58,429.34,12.17,1
2381,DECODE,58,0,58,430.34,12.04,1
2382,DECODE,58,0,58,431.34,12.10,1
2383,DECODE,58,0,58,432.34,12.07,1
2384,DECODE,58,0,58,433.34,12.17,1
2385,DECODE,58,0,58,434.34,12.28,1
2386,DECODE,58,0,58,435.34,12.16,1
2387,DECODE,58,0,58,436.34,12.10,1
2388,DECODE,58,0,58,437.34,12.09,1
2389,DECODE,58,0,58,438.34,12.10,1
2390,DECODE,58,0,58,439.34,12.15,1
2391,DECODE,58,0,58,440.34,12.08,1
2392,DECODE,58,0,58,441.34,12.15,1
2393,DECODE,58,0,58,442.34,12.15,1
2394,DECODE,58,0,58,443.34,12.11,1
2395,DECODE,58,0,58,444.34,12.07,1
2396,DECODE,58,0,58,445.34,12.09,1
2397,DECODE,58,0,58,446.34,12.07,1
2398,DECODE,58,0,58,447.34,12.10,1
2399,DECODE,58,0,58,448.34,12.12,1
2400,DECODE,58,0,58,449.34,12.08,1
2401,DECODE,58,0,58,450.34,12.12,1
2402,DECODE,58,0,58,451.34,12.11,1
2403,DECODE,58,0,58,452.34,12.05,1
2404,DECODE,58,0,58,453.34,12.23,1
2405,DECODE,58,0,58,454.34,12.14,1
2406,DECODE,58,0,58,455.34,12.11,1
2407,DECODE,58,0,58,456.34,12.17,1
2408,DECODE,58,0,58,457.34,12.11,1
2409,DECODE,58,0,58,458.34,12.10,1
2410,DECODE,58,0,58,459.34,12.21,1
2411,DECODE,58,0,58,460.34,12.20,1
2412,DECODE,58,0,58,461.34,12.14,1
2413,DECODE,58,0,58,462.34,12.07,1
2414,DECODE,58,0,58,463.34,12.09,1
2415,DECODE,58,0,58,464.34,12.52,1
2416,DECODE,58,0,58,465.34,12.16,1
2417,DECODE,58,0,58,466.34,12.24,1
2418,DECODE,58,0,58,467.34,12.20,1
2419,DECODE,58,0,58,468.34,12.15,1
2420,DECODE,58,0,58,469.34,12.08,1
2421,DECODE,58,0,58,470.34,12.18,1
2422,DECODE,58,0,58,471.34,12.29,1
2423,DECODE,58,0,58,472.34,12.12,1
2424,DECODE,58,0,58,473.34,12.09,1
2425,DECODE,58,0,58,474.34,12.16,1
2426,DECODE,58,0,58,475.34,12.26,1
2427,DECODE,58,0,58,476.34,12.05,1
2428,DECODE,58,0,58,477.34,12.05,1
2429,DECODE,58,0,58,478.34,12.13,1
2430,DECODE,58,0,58,479.34,12.13,1
2431,DECODE,58,0,58,480.34,11.60,1
2432,DECODE,58,0,58,481.34,11.50,1
2433,DECODE,58,0,58,482.34,11.48,1
2434,DECODE,58,0,58,483.34,11.47,1
2435,DECODE,58,0,58,484.34,11.45,1
2436,DECODE,58,0,58,485.34,11.25,1
2437,DECODE,58,0,58,486.34,11.43,1
2438,DECODE,58,0,58,487.34,11.49,1
2439,DECODE,58,0,58,488.34,11.45,1
2440,DECODE,58,0,58,489.34,11.40,1
2441,DECODE,58,0,58,490.34,11.35,1
2442,DECODE,58,0,58,491.34,11.31,1
2443,DECODE,58,0,58,492.34,11.44,1
2444,DECODE,58,0,58,493.34,11.45,1
2445,DECODE,58,0,58,494.34,11.40,1
2446,DECODE,58,0,58,495.34,11.36,1
2447,DECODE,58,0,58,496.34,11.48,1
2448,DECODE,58,0,58,497.34,11.43,1
2449,DECODE,58,0,58,498.34,11.51,1
2450,DECODE,58,0,58,499.34,11.54,1
2451,DECODE,58,0,58,500.34,11.78,1
2452,DECODE,58,0,58,501.34,11.60,1
2453,DECODE,58,0,58,502.34,11.62,1
2454,DECODE,58,0,58,503.34,11.55,1
2455,DECODE,58,0,58,504.34,11.56,1
2456,DECODE,58,0,58,505.34,11.59,1
2457,DECODE,58,0,58,506.34,11.60,1
2458,DECODE,58,0,58,507.34,11.64,1
2459,DECODE,58,0,58,508.34,11.68,1
2460,DECODE,58,0,58,509.34,12.16,1
2461,DECODE,58,0,58,510.34,11.64,1
2462,DECODE,58,0,58,511.34,11.67,1
2463,DECODE,58,0,58,512.34,11.95,1
2464,DECODE,58,0,58,513.34,11.63,1
2465,DECODE,58,0,58,514.34,11.68,1
2466,DECODE,58,0,58,515.34,11.56,1
2467,DECODE,58,0,58,516.34,11.53,1
2468,DECODE,58,0,58,517.34,11.55,1
2469,DECODE,58,0,58,518.34,11.61,1
2470,DECODE,58,0,58,519.34,11.47,1
2471,DECODE,58,0,58,520.34,11.44,1
2472,DECODE,58,0,58,521.34,12.14,1
2473,DECODE,58,0,58,522.34,12.25,1
2474,DECODE,58,0,58,523.34,11.41,1
2475,DECODE,58,0,58,524.34,11.45,1
2476,DECODE,58,0,58,525.34,11.41,1
2477,DECODE,58,0,58,526.34,11.53,1
2478,DECODE,58,0,58,527.34,11.53,1
2479,DECODE,58,0,58,528.34,11.57,1
2480,DECODE,58,0,58,529.34,11.48,1
2481,DECODE,58,0,58,530.34,11.56,1
2482,DECODE,58,0,58,531.34,11.54,1
2483,DECODE,58,0,58,532.34,11.56,1
2484,DECODE,58,0,58,533.34,11.56,1
2485,DECODE,58,0,58,534.34,11.58,1
2486,DECODE,58,0,58,535.34,11.58,1
2487,DECODE,58,0,58,536.34,11.60,1
2488,DECODE,58,0,58,537.34,11.61,1
2489,DECODE,58,0,58,538.34,11.65,1
2490,DECODE,58,0,58,539.34,11.61,1
2491,DECODE,58,0,58,540.34,11.57,1
2492,DECODE,58,0,58,541.34,11.65,1
2493,DECODE,58,0,58,542.34,11.63,1
2494,DECODE,58,0,58,543.34,11.62,1
2495,DECODE,58,0,58,544.34,11.64,1
2496,DECODE,58,0,58,545.34,11.63,1
2497,DECODE,58,0,58,546.34,11.65,1
2498,DECODE,58,0,58,547.34,11.68,1
2499,DECODE,58,0,58,548.34,11.57,1
2500,DECODE,58,0,58,549.34,11.56,1
2501,DECODE,58,0,58,550.34,11.52,1
2502,DECODE,58,0,58,551.34,11.55,1
2503,DECODE,58,0,58,552.34,11.66,1
2504,DECODE,58,0,58,553.34,11.50,1
2505,DECODE,58,0,58,554.34,11.52,1
2506,DECODE,58,0,58,555.34,11.46,1
2507,DECODE,58,0,58,556.34,11.58,1
2508,DECODE,58,0,58,557.34,11.53,1
2509,DECODE,58,0,58,558.34,11.51,1
2510,DECODE,58,0,58,559.34,11.51,1
2511,DECODE,58,0,58,560.34,11.55,1
2512,DECODE,58,0,58,561.34,11.53,1
2513,DECODE,58,0,58,562.34,11.85,1
2514,DECODE,58,0,58,563.34,11.88,1
2515,DECODE,58,0,58,564.34,11.84,1
2516,DECODE,58,0,58,565.34,11.87,1
2517,DECODE,58,0,58,566.34,11.82,1
2518,DECODE,58,0,58,567.34,11.67,1
2519,DECODE,58,0,58,568.34,11.51,1
2520,DECODE,58,0,58,569.34,11.59,1
2521,DECODE,58,0,58,570.34,11.52,1
2522,DECODE,58,0,58,571.34,11.53,1
2523,DECODE,58,0,58,572.34,11.83,1
2524,DECODE,58,0,58,573.34,11.56,1
2525,DECODE,58,0,58,574.34,11.51,1
2526,DECODE,58,0,58,575.34,11.56,1
2527,DECODE,58,0,58,576.34,11.60,1
2528,DECODE,58,0,58,577.34,11.50,1
2529,DECODE,58,0,58,578.34,11.55,1
2530,DECODE,58,0,58,579.34,11.56,1
2531,DECODE,58,0,58,580.34,11.57,1
2532,DECODE,58,0,58,581.34,11.54,1
2533,DECODE,58,0,58,582.34,11.61,1
2534,DECODE,58,0,58,583.34,11.55,1
2535,DECODE,58,0,58,584.34,11.70,1
2536,DECODE,58,0,58,585.34,11.61,1
2537,DECODE,58,0,58,586.34,11.53,1
2538,DECODE,58,0,58,587.34,11.58,1
2539,DECODE,58,0,58,588.34,11.58,1
2540,DECODE,58,0,58,589.34,11.68,1
2541,DECODE,58,0,58,590.34,11.60,1
2542,DECODE,58,0,58,591.34,11.61,1
2543,DECODE,58,0,58,592.34,11.63,1
2544,DECODE,58,0,58,593.34,11.57,1
2545,DECODE,58,0,58,594.34,11.55,1
2546,DECODE,58,0,58,595.34,11.66,1
2547,DECODE,58,0,58,596.34,11.62,1
2548,DECODE,58,0,58,597.34,11.60,1
2549,DECODE,58,0,58,598.34,11.65,1
2550,DECODE,58,0,58,599.34,11.59,1
2551,DECODE,58,0,58,600.34,11.54,1
2552,DECODE,58,0,58,601.34,11.63,1
2553,DECODE,58,0,58,602.34,12.35,1
2554,DECODE,58,0,58,603.34,12.37,1
2555,DECODE,58,0,58,604.34,12.35,1
2556,DECODE,58,0,58,605.34,12.30,1
2557,DECODE,58,0,58,606.34,12.32,1
2558,DECODE,58,0,58,607.34,12.38,1
2559,DECODE,58,0,58,608.34,12.33,1
2560,DECODE,58,0,58,609.34,12.43,1
2561,DECODE,58,0,58,610.34,12.32,1
2562,DECODE,58,0,58,611.34,12.35,1
2563,DECODE,58,0,58,612.34,12.33,1
2564,DECODE,58,0,58,613.34,12.36,1
2565,DECODE,58,0,58,614.34,12.36,1
2566,DECODE,58,0,58,615.34,12.40,1
2567,DECODE,58,0,58,616.34,12.75,1
2568,DECODE,58,0,58,617.34,12.35,1
2569,DECODE,58,0,58,618.34,12.37,1
2570,DECODE,58,0,58,619.34,12.42,1
2571,DECODE,58,0,58,620.34,12.35,1
2572,DECODE,58,0,58,621.34,12.29,1
2573,DECODE,58,0,58,622.34,12.47,1
2574,DECODE,58,0,58,623.34,12.57,1
2575,DECODE,58,0,58,624.34,12.44,1
2576,DECODE,58,0,58,625.34,12.37,1
2577,DECODE,58,0,58,626.34,12.44,1
2578,DECODE,58,0,58,627.34,12.42,1
2579,DECODE,58,0,58,628.34,12.43,1
2580,DECODE,58,0,58,629.34,12.36,1
2581,DECODE,58,0,58,630.34,12.44,1
2582,DECODE,58,0,58,631.34,12.35,1
2583,DECODE,58,0,58,632.34,12.51,1
2584,DECODE,58,0,58,633.34,12.07,1
2585,DECODE,58,0,58,634.34,14.34,1
2586,DECODE,58,0,58,635.34,12.43,1
2587,DECODE,58,0,58,636.34,12.44,1
2588,DECODE,58,0,58,637.34,12.36,1
2589,DECODE,58,0,58,638.34,12.40,1
2590,DECODE,58,0,58,639.34,12.42,1
2591,DECODE,58,0,58,640.34,12.38,1
2592,DECODE,58,0,58,641.34,12.42,1
2593,DECODE,58,0,58,642.34,12.41,1
2594,DECODE,58,0,58,643.34,12.33,1
2595,DECODE,58,0,58,644.34,12.43,1
2596,DECODE,58,0,58,645.34,12.47,1
2597,DECODE,58,0,58,646.34,12.57,1
2598,DECODE,58,0,58,647.34,12.41,1
2599,DECODE,58,0,58,648.34,12.43,1
2600,DECODE,58,0,58,649.34,12.43,1
2601,DECODE,58,0,58,650.34,12.45,1
2602,DECODE,58,0,58,651.34,12.48,1
2603,DECODE,58,0,58,652.34,12.28,1
2604,DECODE,58,0,58,653.34,11.51,1
2605,DECODE,58,0,58,654.34,11.53,1
2606,DECODE,58,0,58,655.34,11.55,1
2607,DECODE,58,0,58,656.34,11.39,1
2608,DECODE,58,0,58,657.34,11.54,1
2609,DECODE,58,0,58,658.34,11.78,1
2610,DECODE,58,0,58,659.34,11.57,1
2611,DECODE,58,0,58,660.34,11.35,1
2612,DECODE,58,0,58,661.34,11.53,1
2613,DECODE,58,0,58,662.34,11.55,1
2614,DECODE,58,0,58,663.34,11.52,1
2615,DECODE,58,0,58,664.34,11.56,1
2616,DECODE,58,0,58,665.34,11.49,1
2617,DECODE,58,0,58,666.34,11.64,1
2618,DECODE,58,0,58,667.34,11.52,1
2619,DECODE,58,0,58,668.34,11.53,1
2620,DECODE,58,0,58,669.34,11.50,1
2621,DECODE,58,0,58,670.34,11.55,1
2622,DECODE,58,0,58,671.34,12.36,1
2623,DECODE,58,0,58,672.34,12.49,1
2624,DECODE,58,0,58,673.34,12.40,1
2625,DECODE,58,0,58,674.34,12.44,1
2626,DECODE,58,0,58,675.34,12.33,1
2627,DECODE,58,0,58,676.34,12.47,1
2628,DECODE,58,0,58,677.34,12.48,1
2629,DECODE,58,0,58,678.34,12.54,1
2630,DECODE,58,0,58,679.34,12.38,1
2631,DECODE,58,0,58,680.34,14.22,1
2632,DECODE,58,0,58,681.34,12.42,1
2633,DECODE,58,0,58,682.34,12.35,1
2634,DECODE,58,0,58,683.34,12.42,1
2635,DECODE,58,0,58,684.34,12.45,1
2636,DECODE,58,0,58,685.34,11.60,1
2637,DECODE,58,0,58,686.34,11.81,1
2638,DECODE,58,0,58,687.34,12.35,1
2639,DECODE,58,0,58,688.34,12.37,1
2640,DECODE,58,0,58,689.34,12.51,1
2641,DECODE,58,0,58,690.34,12.40,1
2642,DECODE,58,0,58,691.34,12.45,1
2643,DECODE,58,0,58,692.34,12.36,1
2644,DECODE,58,0,58,693.34,12.45,1
2645,DECODE,58,0,58,694.34,12.52,1
2646,DECODE,58,0,58,695.34,12.45,1
2647,DECODE,58,0,58,696.34,12.37,1
2648,DECODE,58,0,58,697.34,12.58,1
2649,DECODE,58,0,58,698.34,12.60,1
2650,DECODE,58,0,58,699.34,12.56,1
2651,DECODE,58,0,58,700.34,12.55,1
2652,DECODE,58,0,58,701.34,12.39,1
2653,DECODE,58,0,58,702.34,12.45,1
2654,DECODE,58,0,58,703.34,12.58,1
2655,DECODE,58,0,58,704.34,12.35,1
2656,DECODE,58,0,58,705.34,12.37,1
2657,DECODE,58,0,58,706.34,12.39,1
2658,DECODE,58,0,58,707.34,12.39,1
2659,DECODE,58,0,58,708.34,12.41,1
2660,DECODE,58,0,58,709.34,12.42,1
2661,DECODE,58,0,58,710.34,12.45,1
2662,DECODE,58,0,58,711.34,12.56,1
2663,DECODE,58,0,58,712.34,13.17,1
2664,DECODE,58,0,58,713.34,12.82,1
2665,DECODE,58,0,58,714.34,13.11,1
2666,DECODE,58,0,58,715.34,13.28,1
2667,DECODE,58,0,58,716.34,12.58,1
2668,DECODE,58,0,58,717.34,13.55,1
2669,DECODE,58,0,58,718.34,12.85,1
2670,DECODE,58,0,58,719.34,12.89,1
2671,DECODE,58,0,58,720.34,12.64,1
2672,DECODE,58,0,58,721.34,12.49,1
2673,DECODE,58,0,58,722.34,12.45,1
2674,DECODE,58,0,58,723.34,12.37,1
2675,DECODE,58,0,58,724.34,12.47,1
2676,DECODE,58,0,58,725.34,12.56,1
2677,DECODE,58,0,58,726.34,12.45,1
2678,DECODE,58,0,58,727.34,12.44,1
2679,DECODE,58,0,58,728.34,12.45,1
2680,DECODE,58,0,58,729.34,12.51,1
2681,DECODE,58,0,58,730.34,12.41,1
2682,DECODE,58,0,58,731.34,12.43,1
2683,DECODE,58,0,58,732.34,12.47,1
2684,DECODE,58,0,58,733.34,12.76,1
2685,DECODE,58,0,58,734.34,12.48,1
2686,DECODE,58,0,58,735.34,12.64,1
2687,DECODE,58,0,58,736.34,12.76,1
2688,DECODE,58,0,58,737.34,12.49,1
2689,DECODE,58,0,58,738.34,12.46,1
2690,DECODE,58,0,58,739.34,12.60,1
2691,DECODE,58,0,58,740.34,12.70,1
2692,DECODE,58,0,58,741.34,12.53,1
2693,DECODE,58,0,58,742.34,12.52,1
2694,DECODE,58,0,58,743.34,12.61,1
2695,DECODE,58,0,58,744.34,12.47,1
2696,DECODE,58,0,58,745.34,12.55,1
2697,DECODE,58,0,58,746.34,12.51,1
2698,DECODE,58,0,58,747.34,12.68,1
2699,DECODE,58,0,58,748.34,12.49,1
2700,DECODE,58,0,58,749.34,12.41,1
2701,DECODE,58,0,58,750.34,12.43,1
2702,DECODE,58,0,58,751.34,12.54,1
2703,DECODE,58,0,58,752.34,12.47,1
2704,DECODE,58,0,58,753.34,12.53,1
2705,DECODE,58,0,58,754.34,12.52,1
2706,DECODE,58,0,58,755.34,12.51,1
2707,DECODE,58,0,58,756.34,12.65,1
2708,DECODE,58,0,58,757.34,12.53,1
2709,DECODE,58,0,58,758.34,12.68,1
2710,DECODE,58,0,58,759.34,12.63,1
2711,DECODE,58,0,58,760.34,12.59,1
2712,DECODE,58,0,58,761.34,12.60,1
2713,DECODE,58,0,58,762.34,12.60,1
2714,DECODE,58,0,58,763.34,12.51,1
2715,DECODE,58,0,58,764.34,12.60,1
2716,DECODE,58,0,58,765.34,12.52,1
2717,DECODE,58,0,58,766.34,16.75,1
2718,DECODE,58,0,58,767.34,12.29,1
2719,DECODE,58,0,58,768.34,12.52,1
2720,DECODE,58,0,58,769.34,12.98,1
2721,DECODE,58,0,58,770.34,12.56,1
2722,DECODE,58,0,58,771.34,12.49,1
2723,DECODE,58,0,58,772.34,12.59,1
2724,DECODE,58,0,58,773.34,12.57,1
2725,DECODE,58,0,58,774.34,12.54,1
2726,DECODE,58,0,58,775.34,12.53,1
2727,DECODE,58,0,58,776.34,12.49,1
2728,DECODE,58,0,58,777.34,13.63,1
2729,DECODE,58,0,58,778.34,12.77,1
2730,DECODE,58,0,58,779.34,12.53,1
2731,DECODE,58,0,58,780.34,12.63,1
2732,DECODE,58,0,58,781.34,12.53,1
2733,DECODE,58,0,58,782.34,12.60,1
2734,DECODE,58,0,58,783.34,12.57,1
2735,DECODE,58,0,58,784.34,12.68,1
2736,DECODE,58,0,58,785.34,12.71,1
2737,DECODE,58,0,58,786.34,13.03,1
2738,DECODE,58,0,58,787.34,12.86,1
2739,DECODE,58,0,58,788.34,12.71,1
2740,DECODE,58,0,58,789.34,12.50,1
2741,DECODE,58,0,58,790.34,12.58,1
2742,DECODE,58,0,58,791.34,12.73,1
2743,DECODE,58,0,58,792.34,12.72,1
2744,DECODE,58,0,58,793.34,12.51,1
2745,DECODE,58,0,58,794.34,12.58,1
2746,DECODE,58,0,58,795.34,12.57,1
2747,DECODE,58,0,58,796.34,12.59,1
2748,DECODE,58,0,58,797.34,12.68,1
2749,DECODE,58,0,58,798.34,12.70,1
2750,DECODE,58,0,58,799.34,12.65,1
2751,DECODE,58,0,58,800.34,12.71,1
2752,DECODE,58,0,58,801.34,12.89,1
2753,DECODE,58,0,58,802.34,12.68,1
2754,DECODE,58,0,58,803.34,12.60,1
2755,DECODE,58,0,58,804.34,12.67,1
2756,DECODE,58,0,58,805.34,12.63,1
2757,DECODE,58,0,58,806.34,12.66,1
2758,DECODE,58,0,58,807.34,12.58,1
2759,DECODE,58,0,58,808.34,12.84,1
2760,DECODE,58,0,58,809.34,12.59,1
2761,DECODE,58,0,58,810.34,12.64,1
2762,DECODE,58,0,58,811.34,12.54,1
2763,DECODE,58,0,58,812.34,12.64,1
2764,DECODE,58,0,58,813.34,12.59,1
2765,DECODE,58,0,58,814.34,12.78,1
2766,DECODE,58,0,58,815.34,12.76,1
2767,DECODE,58,0,58,816.34,12.69,1
2768,DECODE,58,0,58,817.34,12.54,1
2769,DECODE,58,0,58,818.34,12.64,1
2770,DECODE,58,0,58,819.34,12.62,1
2771,DECODE,58,0,58,820.34,12.70,1
2772,DECODE,58,0,58,821.34,12.52,1
2773,DECODE,58,0,58,822.34,12.74,1
2774,DECODE,58,0,58,823.34,12.58,1
2775,DECODE,58,0,58,824.34,14.36,1
2776,DECODE,58,0,58,825.34,13.07,1
2777,DECODE,58,0,58,826.34,12.49,1
2778,DECODE,58,0,58,827.34,12.62,1
2779,DECODE,58,0,58,828.34,12.56,1
2780,DECODE,58,0,58,829.34,13.12,1
2781,DECODE,58,0,58,830.34,12.78,1
2782,DECODE,58,0,58,831.34,12.49,1
2783,DECODE,58,0,58,832.34,12.53,1
2784,DECODE,58,0,58,833.34,12.63,1
2785,DECODE,58,0,58,834.34,12.60,1
2786,DECODE,58,0,58,835.34,12.54,1
2787,DECODE,58,0,58,836.34,12.85,1
2788,DECODE,58,0,58,837.34,13.74,1
2789,DECODE,58,0,58,838.34,12.56,1
2790,DECODE,58,0,58,839.34,12.58,1
2791,DECODE,58,0,58,840.34,12.60,1
2792,DECODE,58,0,58,841.34,12.52,1
2793,DECODE,58,0,58,842.34,12.24,1
2794,DECODE,58,0,58,843.34,12.35,1
2795,DECODE,58,0,58,844.34,12.31,1
2796,DECODE,58,0,58,845.34,12.44,1
2797,DECODE,58,0,58,846.34,12.82,1
2798,DECODE,58,0,58,847.34,12.61,1
2799,DECODE,58,0,58,848.34,12.55,1
2800,DECODE,58,0,58,849.34,12.72,1
2801,DECODE,58,0,58,850.34,12.59,1
2802,DECODE,58,0,58,851.34,12.60,1
2803,DECODE,58,0,58,852.34,12.99,1
2804,DECODE,58,0,58,853.34,12.88,1
2805,DECODE,58,0,58,854.34,12.75,1
2806,DECODE,58,0,58,855.34,12.73,1
2807,DECODE,58,0,58,856.34,12.76,1
2808,DECODE,58,0,58,857.34,12.66,1
2809,DECODE,58,0,58,858.34,12.67,1
2810,DECODE,58,0,58,859.34,12.68,1
2811,DECODE,58,0,58,860.34,12.86,1
2812,DECODE,58,0,58,861.34,12.70,1
2813,DECODE,58,0,58,862.34,12.69,1
2814,DECODE,58,0,58,863.34,13.99,1
2815,DECODE,58,0,58,864.34,13.22,1
2816,DECODE,58,0,58,865.34,12.69,1
2817,DECODE,58,0,58,866.34,12.77,1
2818,DECODE,58,0,58,867.34,12.69,1
2819,DECODE,58,0,58,868.34,12.71,1
2820,DECODE,58,0,58,869.34,12.90,1
2821,DECODE,57,0,57,869.86,13.08,1
2822,EXTEND,22,1502,0,355.91,81.30,1
2823,DECODE,79,0,79,727.73,13.53,1
2824,DECODE,79,0,79,728.73,13.20,1
2825,DECODE,79,0,79,729.73,13.29,1
2826,DECODE,79,0,79,730.73,12.91,1
2827,DECODE,79,0,79,731.73,13.44,1
2828,DECODE,79,0,79,732.73,13.32,1
2829,DECODE,79,0,79,733.73,13.12,1
2830,DECODE,79,0,79,734.73,13.29,1
2831,DECODE,79,0,79,735.73,13.41,1
2832,DECODE,79,0,79,736.73,13.49,1
2833,DECODE,79,0,79,737.73,13.34,1
2834,DECODE,79,0,79,738.73,13.36,1
2835,DECODE,79,0,79,739.73,13.47,1
2836,DECODE,79,0,79,740.73,13.39,1
2837,DECODE,79,0,79,741.73,13.42,1
2838,DECODE,79,0,79,742.73,13.40,1
2839,DECODE,79,0,79,743.73,13.42,1
2840,DECODE,79,0,79,744.73,13.32,1
2841,DECODE,79,0,79,745.73,13.34,1
2842,DECODE,79,0,79,746.73,13.38,1
2843,DECODE,79,0,79,747.73,13.43,1
2844,DECODE,79,0,79,748.73,13.40,1
2845,DECODE,79,0,79,749.73,13.39,1
2846,DECODE,79,0,79,750.73,13.41,1
2847,DECODE,79,0,79,751.73,13.35,1
2848,DECODE,79,0,79,752.73,13.53,1
2849,DECODE,79,0,79,753.73,13.45,1
2850,DECODE,79,0,79,754.73,13.35,1
2851,DECODE,79,0,79,755.73,13.25,1
2852,DECODE,79,0,79,756.73,13.24,1
2853,DECODE,79,0,79,757.73,13.32,1
2854,DECODE,79,0,79,758.73,13.38,1
2855,DECODE,79,0,79,759.73,13.44,1
2856,DECODE,79,0,79,760.73,13.37,1
2857,DECODE,79,0,79,761.73,14.66,1
2858,DECODE,79,0,79,762.73,13.28,1
2859,DECODE,79,0,79,763.73,13.21,1
2860,DECODE,79,0,79,764.73,13.51,1
2861,DECODE,79,0,79,765.73,13.27,1
2862,DECODE,79,0,79,766.73,13.34,1
2863,DECODE,79,0,79,767.73,13.28,1
2864,DECODE,79,0,79,768.73,13.26,1
2865,DECODE,79,0,79,769.73,13.31,1
2866,DECODE,79,0,79,770.73,13.42,1
2867,DECODE,79,0,79,771.73,14.42,1
2868,DECODE,79,0,79,772.73,13.59,1
2869,DECODE,79,0,79,773.73,13.59,1
2870,DECODE,79,0,79,774.73,13.27,1
2871,DECODE,79,0,79,775.73,14.30,1
2872,DECODE,79,0,79,776.73,13.21,1
2873,DECODE,79,0,79,777.73,13.29,1
2874,DECODE,79,0,79,778.73,13.25,1
2875,DECODE,79,0,79,779.73,13.31,1
2876,DECODE,79,0,79,780.73,13.29,1
2877,DECODE,79,0,79,781.73,13.27,1
2878,DECODE,79,0,79,782.73,13.24,1
2879,DECODE,79,0,79,783.73,13.13,1
2880,DECODE,79,0,79,784.73,13.29,1
2881,DECODE,79,0,79,785.73,13.14,1
2882,DECODE,79,0,79,786.73,13.08,1
2883,DECODE,79,0,79,787.73,13.18,1
2884,DECODE,79,0,79,788.73,13.21,1
2885,DECODE,79,0,79,789.73,13.17,1
2886,DECODE,79,0,79,790.73,13.18,1
2887,DECODE,79,0,79,791.73,13.18,1
2888,DECODE,79,0,79,792.73,13.27,1
2889,DECODE,79,0,79,793.73,13.22,1
2890,DECODE,79,0,79,794.73,13.40,1
2891,DECODE,79,0,79,795.73,13.33,1
2892,DECODE,79,0,79,796.73,13.35,1
2893,DECODE,79,0,79,797.73,13.28,1
2894,DECODE,79,0,79,798.73,13.36,1
2895,DECODE,79,0,79,799.73,13.39,1
2896,DECODE,79,0,79,800.73,14.91,1
2897,DECODE,79,0,79,801.73,13.88,1
2898,DECODE,79,0,79,802.73,12.63,1
2899,DECODE,79,0,79,803.73,12.69,1
2900,DECODE,79,0,79,804.73,12.60,1
2901,DECODE,79,0,79,805.73,12.61,1
2902,DECODE,79,0,79,806.73,13.21,1
2903,DECODE,79,0,79,807.73,12.68,1
2904,DECODE,79,0,79,808.73,12.82,1
2905,DECODE,79,0,79,809.73,12.64,1
2906,DECODE,79,0,79,810.73,12.78,1
2907,DECODE,79,0,79,811.73,12.57,1
2908,DECODE,79,0,79,812.73,12.78,1
2909,DECODE,79,0,79,813.73,12.84,1
2910,DECODE,79,0,79,814.73,12.65,1
2911,DECODE,79,0,79,815.73,12.71,1
2912,DECODE,79,0,79,816.73,12.60,1
2913,DECODE,79,0,79,817.73,12.60,1
2914,DECODE,79,0,79,818.73,12.63,1
2915,DECODE,79,0,79,819.73,12.71,1
2916,DECODE,79,0,79,820.73,12.74,1
2917,DECODE,79,0,79,821.73,12.73,1
2918,DECODE,79,0,79,822.73,14.32,1
2919,DECODE,79,0,79,823.73,13.05,1
2920,DECODE,79,0,79,824.73,12.85,1
2921,DECODE,79,0,79,825.73,12.56,1
2922,DECODE,79,0,79,826.73,12.77,1
2923,DECODE,79,0,79,827.73,12.67,1
2924,DECODE,79,0,79,828.73,14.30,1
2925,DECODE,79,0,79,829.73,12.79,1
2926,DECODE,79,0,79,830.73,13.18,1
2927,DECODE,79,0,79,831.73,13.68,1
2928,DECODE,79,0,79,832.73,13.54,1
2929,DECODE,79,0,79,833.73,12.67,1
2930,DECODE,79,0,79,834.73,12.66,1
2931,DECODE,79,0,79,835.73,13.67,1
2932,DECODE,79,0,79,836.73,13.40,1
2933,DECODE,79,0,79,837.73,13.65,1
2934,DECODE,79,0,79,838.73,13.45,1
2935,DECODE,79,0,79,839.73,13.64,1
2936,DECODE,79,0,79,840.73,13.44,1
2937,DECODE,79,0,79,841.73,13.60,1
2938,DECODE,79,0,79,842.73,14.43,1
2939,DECODE,79,0,79,843.73,14.48,1
2940,DECODE,79,0,79,844.73,13.48,1
2941,DECODE,79,0,79,845.73,13.60,1
2942,DECODE,79,0,79,846.73,13.52,1
2943,DECODE,79,0,79,847.73,13.72,1
2944,DECODE,79,0,79,848.73,13.56,1
2945,DECODE,79,0,79,849.73,13.90,1
2946,DECODE,79,0,79,850.73,13.48,1
2947,DECODE,79,0,79,851.73,13.63,1
2948,DECODE,79,0,79,852.73,12.78,1
2949,DECODE,79,0,79,853.73,13.46,1
2950,DECODE,79,0,79,854.73,13.55,1
2951,DECODE,79,0,79,855.73,13.63,1
2952,DECODE,79,0,79,856.73,13.53,1
2953,DECODE,79,0,79,857.73,13.66,1
2954,DECODE,79,0,79,858.73,13.57,1
2955,DECODE,79,0,79,859.73,13.53,1
2956,DECODE,79,0,79,860.73,13.65,1
2957,DECODE,79,0,79,861.73,13.55,1
2958,DECODE,79,0,79,862.73,13.63,1
2959,DECODE,79,0,79,863.73,13.50,1
2960,DECODE,79,0,79,864.73,13.72,1
2961,DECODE,79,0,79,865.73,13.55,1
2962,DECODE,79,0,79,866.73,13.64,1
2963,DECODE,79,0,79,867.73,13.69,1
2964,DECODE,79,0,79,868.73,13.62,1
2965,DECODE,79,0,79,869.73,13.99,1
2966,DECODE,79,0,79,870.73,14.10,1
2967,DECODE,79,0,79,871.73,13.72,1
2968,DECODE,79,0,79,872.73,13.64,1
2969,DECODE,79,0,79,873.73,13.67,1
2970,DECODE,79,0,79,874.73,13.73,1
2971,DECODE,79,0,79,875.73,13.74,1
2972,DECODE,79,0,79,876.73,13.73,1
2973,DECODE,79,0,79,877.73,13.79,1
2974,DECODE,79,0,79,878.73,14.74,1
2975,DECODE,79,0,79,879.73,13.56,1
2976,DECODE,79,0,79,880.73,13.87,1
2977,DECODE,79,0,79,881.73,12.99,1
2978,DECODE,79,0,79,882.73,12.83,1
2979,DECODE,79,0,79,883.73,13.21,1
2980,DECODE,79,0,79,884.73,12.83,1
2981,DECODE,79,0,79,885.73,12.89,1
2982,DECODE,79,0,79,886.73,12.82,1
2983,DECODE,79,0,79,887.73,12.88,1
2984,DECODE,79,0,79,888.73,13.39,1
2985,DECODE,79,0,79,889.73,13.50,1
2986,DECODE,79,0,79,890.73,13.50,1
2987,DECODE,79,0,79,891.73,13.52,1
2988,DECODE,79,0,79,892.73,13.55,1
2989,DECODE,79,0,79,893.73,13.56,1
2990,DECODE,79,0,79,894.73,13.82,1
2991,DECODE,79,0,79,895.73,13.80,1
2992,DECODE,79,0,79,896.73,13.88,1
2993,DECODE,79,0,79,897.73,13.65,1
2994,DECODE,79,0,79,898.73,13.59,1
2995,DECODE,79,0,79,899.73,13.67,1
2996,DECODE,79,0,79,900.73,13.68,1
2997,DECODE,79,0,79,901.73,13.74,1
2998,DECODE,79,0,79,902.73,13.71,1
2999,DECODE,79,0,79,903.73,13.62,1
3000,DECODE,79,0,79,904.73,13.66,1
3001,DECODE,79,0,79,905.73,14.43,1
3002,DECODE,79,0,79,906.73,13.60,1
3003,DECODE,79,0,79,907.73,14.03,1
3004,DECODE,79,0,79,908.73,13.75,1
3005,DECODE,79,0,79,909.73,13.64,1
3006,DECODE,79,0,79,910.73,13.73,1
3007,DECODE,79,0,79,911.73,13.66,1
3008,DECODE,79,0,79,912.73,13.67,1
3009,DECODE,79,0,79,913.73,13.63,1
3010,DECODE,79,0,79,914.73,13.67,1
3011,DECODE,79,0,79,915.73,13.68,1
3012,DECODE,79,0,79,916.73,13.70,1
3013,DECODE,79,0,79,917.73,13.64,1
3014,DECODE,79,0,79,918.73,13.69,1
3015,DECODE,79,0,79,919.73,13.66,1
3016,DECODE,79,0,79,920.73,13.78,1
3017,DECODE,79,0,79,921.73,13.65,1
3018,DECODE,79,0,79,922.73,13.73,1
3019,DECODE,79,0,79,923.73,13.74,1
3020,DECODE,79,0,79,924.73,13.73,1
3021,DECODE,79,0,79,925.73,14.17,1
3022,DECODE,79,0,79,926.73,13.74,1
3023,DECODE,79,0,79,927.73,13.74,1
3024,DECODE,79,0,79,928.73,13.86,1
3025,DECODE,79,0,79,929.73,13.91,1
3026,DECODE,79,0,79,930.73,13.78,1
3027,DECODE,79,0,79,931.73,13.78,1
3028,DECODE,79,0,79,932.73,12.98,1
3029,DECODE,79,0,79,933.73,12.95,1
3030,DECODE,79,0,79,934.73,13.98,1
3031,DECODE,79,0,79,935.73,13.51,1
3032,DECODE,79,0,79,936.73,12.98,1
3033,DECODE,79,0,79,937.73,13.05,1
3034,DECODE,79,0,79,938.73,12.97,1
3035,DECODE,79,0,79,939.73,12.95,1
3036,DECODE,79,0,79,940.73,12.99,1
3037,DECODE,79,0,79,941.73,13.02,1
3038,DECODE,79,0,79,942.73,13.00,1
3039,DECODE,79,0,79,943.73,12.98,1
3040,DECODE,79,0,79,944.73,12.99,1
3041,DECODE,79,0,79,945.73,13.45,1
3042,DECODE,79,0,79,946.73,12.98,1
3043,DECODE,79,0,79,947.73,13.06,1
3044,DECODE,79,0,79,948.73,13.07,1
3045,DECODE,79,0,79,949.73,12.97,1
3046,DECODE,79,0,79,950.73,13.02,1
3047,DECODE,79,0,79,951.73,12.94,1
3048,DECODE,79,0,79,952.73,13.46,1
3049,DECODE,79,0,79,953.73,13.42,1
3050,DECODE,79,0,79,954.73,13.63,1
3051,DECODE,79,0,79,955.73,13.14,1
3052,DECODE,79,0,79,956.73,12.98,1
3053,DECODE,79,0,79,957.73,13.05,1
3054,DECODE,79,0,79,958.73,13.06,1
3055,DECODE,79,0,79,959.73,12.96,1
3056,DECODE,79,0,79,960.73,12.96,1
3057,DECODE,79,0,79,961.73,12.98,1
3058,DECODE,79,0,79,962.73,12.87,1
3059,DECODE,79,0,79,963.73,12.94,1
3060,DECODE,79,0,79,964.73,13.06,1
3061,DECODE,79,0,79,965.73,12.96,1
3062,DECODE,79,0,79,966.73,13.81,1
3063,DECODE,79,0,79,967.73,13.01,1
3064,DECODE,79,0,79,968.73,12.99,1
3065,DECODE,79,0,79,969.73,13.01,1
3066,DECODE,79,0,79,970.73,13.03,1
3067,DECODE,79,0,79,971.73,12.96,1
3068,DECODE,79,0,79,972.73,12.89,1
3069,DECODE,79,0,79,973.73,12.89,1
3070,DECODE,79,0,79,974.73,12.87,1
3071,DECODE,79,0,79,975.73,12.93,1
3072,DECODE,79,0,79,976.73,12.92,1
3073,DECODE,79,0,79,977.73,12.97,1
3074,DECODE,79,0,79,978.73,12.86,1
3075,DECODE,79,0,79,979.73,12.91,1
3076,DECODE,79,0,79,980.73,12.98,1
3077,DECODE,79,0,79,981.73,15.10,1
3078,DECODE,79,0,79,982.73,13.36,1
3079,DECODE,79,0,79,983.73,13.01,1
3080,DECODE,79,0,79,984.73,12.94,1
3081,DECODE,79,0,79,985.73,13.13,1
3082,DECODE,79,0,79,986.73,13.05,1
3083,DECODE,78,0,78,985.94,13.16,1
3084,EXTEND,22,1048,0,346.18,49.53,1
3085,DECODE,100,0,100,846.19,15.19,1
3086,DECODE,100,0,100,847.19,13.30,1
3087,DECODE,100,0,100,848.19,13.40,1
3088,DECODE,100,0,100,849.19,13.26,1
3089,DECODE,100,0,100,850.19,13.25,1
3090,DECODE,100,0,100,851.19,13.22,1
3091,DECODE,100,0,100,852.19,13.22,1
3092,DECODE,100,0,100,853.19,13.23,1
3093,DECODE,100,0,100,854.19,13.25,1
3094,DECODE,100,0,100,855.19,13.24,1
3095,DECODE,100,0,100,856.19,13.25,1
3096,DECODE,100,0,100,857.19,13.24,1
3097,DECODE,100,0,100,858.19,13.22,1
3098,DECODE,100,0,100,859.19,13.23,1
3099,DECODE,100,0,100,860.19,13.25,1
3100,DECODE,100,0,100,861.19,13.23,1
3101,DECODE,100,0,100,862.19,13.24,1
3102,DECODE,100,0,100,863.19,13.25,1
3103,DECODE,100,0,100,864.19,13.26,1
3104,DECODE,100,0,100,865.19,13.28,1
3105,DECODE,100,0,100,866.19,13.44,1
3106,DECODE,100,0,100,867.19,13.25,1
3107,DECODE,100,0,100,868.19,13.24,1
3108,DECODE,100,0,100,869.19,13.28,1
3109,DECODE,100,0,100,870.19,13.40,1
3110,DECODE,100,0,100,871.19,13.30,1
3111,DECODE,100,0,100,872.19,14.73,1
3112,DECODE,100,0,100,873.19,14.95,1
3113,DECODE,100,0,100,874.19,14.92,1
3114,DECODE,100,0,100,875.19,14.80,1
3115,DECODE,100,0,100,876.19,16.99,1
3116,DECODE,100,0,100,877.19,14.52,1
3117,DECODE,100,0,100,878.19,13.37,1
3118,DECODE,100,0,100,879.19,13.38,1
3119,DECODE,100,0,100,880.19,13.31,1
3120,DECODE,100,0,100,881.19,14.46,1
3121,DECODE,100,0,100,882.19,14.56,1
3122,DECODE,100,0,100,883.19,13.56,1
3123,DECODE,100,0,100,884.19,13.44,1
3124,DECODE,100,0,100,885.19,13.46,1
3125,DECODE,100,0,100,886.19,13.48,1
3126,DECODE,100,0,100,887.19,13.43,1
3127,DECODE,100,0,100,888.19,13.48,1
3128,DECODE,100,0,100,889.19,13.50,1
3129,DECODE,100,0,100,890.19,13.47,1
3130,DECODE,100,0,100,891.19,13.44,1
3131,DECODE,100,0,100,892.19,13.37,1
3132,DECODE,100,0,100,893.19,14.49,1
3133,DECODE,100,0,100,894.19,13.56,1
3134,DECODE,100,0,100,895.19,13.50,1
3135,DECODE,100,0,100,896.19,14.04,1
3136,DECODE,100,0,100,897.19,13.40,1
3137,DECODE,100,0,100,898.19,13.49,1
3138,DECODE,100,0,100,899.19,13.44,1
3139,DECODE,100,0,100,900.19,14.28,1
3140,DECODE,100,0,100,901.19,13.47,1
3141,DECODE,100,0,100,902.19,13.41,1
3142,DECODE,100,0,100,903.19,13.46,1
3143,DECODE,100,0,100,904.19,13.48,1
3144,DECODE,100,0,100,905.19,13.68,1
3145,DECODE,100,0,100,906.19,13.48,1
3146,DECODE,100,0,100,907.19,13.44,1
3147,DECODE,100,0,100,908.19,13.50,1
3148,DECODE,100,0,100,909.19,13.52,1
3149,DECODE,100,0,100,910.19,13.48,1
3150,DECODE,100,0,100,911.19,13.65,1
3151,DECODE,100,0,100,912.19,14.16,1
3152,DECODE,100,0,100,913.19,14.22,1
3153,DECODE,100,0,100,914.19,14.28,1
3154,DECODE,100,0,100,915.19,14.30,1
3155,DECODE,100,0,100,916.19,14.44,1
3156,DECODE,100,0,100,917.19,14.39,1
3157,DECODE,100,0,100,918.19,14.44,1
3158,DECODE,100,0,100,919.19,14.35,1
3159,DECODE,100,0,100,920.19,14.35,1
3160,DECODE,100,0,100,921.19,14.47,1
3161,DECODE,100,0,100,922.19,14.28,1
3162,DECODE,100,0,100,923.19,14.35,1
3163,DECODE,100,0,100,924.19,14.53,1
3164,DECODE,100,0,100,925.19,14.42,1
3165,DECODE,100,0,100,926.19,14.43,1
3166,DECODE,100,0,100,927.19,14.47,1
3167,DECODE,100,0,100,928.19,14.52,1
3168,DECODE,100,0,100,929.19,14.49,1
3169,DECODE,100,0,100,930.19,14.52,1
3170,DECODE,100,0,100,931.19,14.54,1
3171,DECODE,100,0,100,932.19,14.49,1
3172,DECODE,100,0,100,933.19,14.58,1
3173,DECODE,100,0,100,934.19,14.70,1
3174,DECODE,100,0,100,935.19,14.46,1
3175,DECODE,100,0,100,936.19,14.46,1
3176,DECODE,100,0,100,937.19,14.58,1
3177,DECODE,100,0,100,938.19,14.52,1
3178,DECODE,100,0,100,939.19,14.46,1
3179,DECODE,100,0,100,940.19,14.39,1
3180,DECODE,100,0,100,941.19,14.41,1
3181,DECODE,100,0,100,942.19,14.47,1
3182,DECODE,100,0,100,943.19,14.46,1
3183,DECODE,100,0,100,944.19,14.46,1
3184,DECODE,100,0,100,945.19,14.43,1
3185,DECODE,100,0,100,946.19,14.39,1
3186,DECODE,100,0,100,947.19,14.43,1
3187,DECODE,100,0,100,948.19,14.33,1
3188,DECODE,100,0,100,949.19,14.41,1
3189,DECODE,100,0,100,950.19,13.97,1
3190,DECODE,100,0,100,951.19,14.41,1
3191,DECODE,100,0,100,952.19,14.47,1
3192,DECODE,100,0,100,953.19,14.36,1
3193,DECODE,100,0,100,954.19,14.37,1
3194,DECODE,100,0,100,955.19,13.56,1
3195,DECODE,100,0,100,956.19,13.83,1
3196,DECODE,100,0,100,957.19,13.86,1
3197,DECODE,99,0,99,955.71,13.91,1
3198,EXTEND,16,624,0,361.88,51.71,1
3199,DECODE,115,0,115,874.09,16.05,1
3200,DECODE,115,0,115,875.09,15.09,1
3201,DECODE,115,0,115,876.09,14.60,1
3202,DECODE,115,0,115,877.09,14.59,1
3203,DECODE,115,0,115,878.09,14.46,1
3204,DECODE,115,0,115,879.09,14.65,1
3205,DECODE,115,0,115,880.09,14.38,1
3206,DECODE,115,0,115,881.09,14.23,1
3207,DECODE,115,0,115,882.09,14.29,1
3208,DECODE,115,0,115,883.09,14.12,1
3209,DECODE,115,0,115,884.09,14.08,1
3210,DECODE,115,0,115,885.09,14.00,1
3211,DECODE,115,0,115,886.09,15.42,1
3212,DECODE,115,0,115,887.09,14.12,1
3213,DECODE,115,0,115,888.09,14.92,1
3214,DECODE,115,0,115,889.09,14.89,1
3215,DECODE,115,0,115,890.09,14.85,1
3216,DECODE,115,0,115,891.09,15.12,1
3217,DECODE,115,0,115,892.09,15.12,1
3218,DECODE,115,0,115,893.09,14.98,1
3219,DECODE,115,0,115,894.09,15.03,1
3220,DECODE,115,0,115,895.09,15.06,1
3221,DECODE,115,0,115,896.09,15.07,1
3222,DECODE,115,0,115,897.09,14.99,1
3223,DECODE,115,0,115,898.09,15.11,1
3224,DECODE,115,0,115,899.09,15.67,1
3225,DECODE,115,0,115,900.09,14.94,1
3226,DECODE,115,0,115,901.09,15.23,1
3227,DECODE,115,0,115,902.09,15.19,1
3228,DECODE,115,0,115,903.09,15.07,1
3229,DECODE,115,0,115,904.09,15.49,1
3230,DECODE,115,0,115,905.09,15.34,1
3231,DECODE,115,0,115,906.09,15.19,1
3232,DECODE,115,0,115,907.09,15.10,1
3233,DECODE,115,0,115,908.09,14.93,1
3234,DECODE,115,0,115,909.09,14.39,1
3235,DECODE,115,0,115,910.09,14.20,1
3236,DECODE,115,0,115,911.09,14.20,1
3237,DECODE,115,0,115,912.09,14.26,1
3238,DECODE,115,0,115,913.09,14.17,1
3239,DECODE,115,0,115,914.09,14.28,1
3240,DECODE,115,0,115,915.09,14.26,1
3241,DECODE,115,0,115,916.09,14.45,1
3242,DECODE,115,0,115,917.09,14.31,1
3243,DECODE,115,0,115,918.09,14.38,1
3244,DECODE,115,0,115,919.09,14.34,1
3245,DECODE,115,0,115,920.09,14.36,1
3246,DECODE,115,0,115,921.09,14.33,1
3247,DECODE,115,0,115,922.09,14.28,1
3248,DECODE,115,0,115,923.09,14.27,1
3249,DECODE,115,0,115,924.09,14.28,1
3250,DECODE,115,0,115,925.09,14.31,1
3251,DECODE,115,0,115,926.09,14.25,1
3252,DECODE,115,0,115,927.09,14.21,1
3253,DECODE,115,0,115,928.09,14.17,1
3254,DECODE,115,0,115,929.09,14.10,1
3255,DECODE,115,0,115,930.09,14.14,1
3256,DECODE,115,0,115,931.09,14.14,1
3257,DECODE,115,0,115,932.09,14.36,1
3258,DECODE,115,0,115,933.09,14.17,1
3259,DECODE,115,0,115,934.09,14.22,1
3260,DECODE,115,0,115,935.09,14.13,1
3261,DECODE,115,0,115,936.09,14.09,1
3262,DECODE,115,0,115,937.09,14.20,1
3263,DECODE,115,0,115,938.09,14.18,1
3264,DECODE,115,0,115,939.09,14.25,1
3265,DECODE,115,0,115,940.09,14.47,1
3266,DECODE,115,0,115,941.09,14.30,1
3267,DECODE,115,0,115,942.09,14.62,1
3268,DECODE,115,0,115,943.09,14.28,1
3269,DECODE,115,0,115,944.09,14.39,1
3270,DECODE,115,0,115,945.09,14.28,1
3271,DECODE,115,0,115,946.09,14.23,1
3272,DECODE,115,0,115,947.09,14.22,1
3273,DECODE,115,0,115,948.09,14.38,1
3274,DECODE,115,0,115,949.09,14.32,1
3275,DECODE,115,0,115,950.09,14.27,1
3276,DECODE,115,0,115,951.09,14.20,1
3277,DECODE,115,0,115,952.09,14.33,1
3278,DECODE,115,0,115,953.09,14.24,1
3279,DECODE,115,0,115,954.09,14.26,1
3280,DECODE,115,0,115,955.09,14.23,1
3281,DECODE,115,0,115,956.09,14.48,1
3282,DECODE,115,0,115,957.09,14.92,1
3283,DECODE,115,0,115,958.09,14.57,1
3284,DECODE,115,0,115,959.09,14.39,1
3285,DECODE,115,0,115,960.09,14.39,1
3286,DECODE,115,0,115,961.09,14.24,1
3287,DECODE,115,0,115,962.09,14.27,1
3288,DECODE,115,0,115,963.09,14.47,1
3289,DECODE,115,0,115,964.09,14.57,1
3290,DECODE,115,0,115,965.09,14.44,1
3291,DECODE,115,0,115,966.09,14.49,1
3292,DECODE,115,0,115,967.09,14.43,1
3293,DECODE,115,0,115,968.09,14.49,1
3294,DECODE,115,0,115,969.09,14.33,1
3295,DECODE,115,0,115,970.09,14.37,1
3296,DECODE,115,0,115,971.09,14.37,1
3297,DECODE,115,0,115,972.09,14.57,1
3298,DECODE,115,0,115,973.09,14.39,1
3299,DECODE,115,0,115,974.09,14.41,1
3300,DECODE,115,0,115,975.09,14.33,1
3301,DECODE,115,0,115,976.09,14.53,1
3302,DECODE,115,0,115,977.09,14.38,1
3303,DECODE,115,0,115,978.09,14.38,1
3304,DECODE,115,0,115,979.09,14.28,1
3305,DECODE,115,0,115,980.09,14.49,1
3306,DECODE,115,0,115,981.09,14.31,1
3307,DECODE,115,0,115,982.09,14.38,1
3308,DECODE,115,0,115,983.09,14.42,1
3309,DECODE,115,0,115,984.09,14.44,1
3310,DECODE,115,0,115,985.09,14.27,1
3311,DECODE,115,0,115,986.09,14.37,1
3312,DECODE,115,0,115,987.09,14.32,1
3313,DECODE,115,0,115,988.09,14.56,1
3314,DECODE,115,0,115,989.09,14.32,1
3315,DECODE,115,0,115,990.09,14.46,1
3316,DECODE,115,0,115,991.09,14.41,1
3317,DECODE,115,0,115,992.09,14.46,1
3318,DECODE,115,0,115,993.09,14.42,1
3319,DECODE,115,0,115,994.09,15.46,1
3320,DECODE,115,0,115,995.09,14.55,1
3321,DECODE,115,0,115,996.09,14.87,1
3322,DECODE,115,0,115,997.09,14.43,1
3323,DECODE,115,0,115,998.09,16.24,1
3324,DECODE,115,0,115,999.09,15.36,1
3325,DECODE,115,0,115,1000.09,14.91,1
3326,DECODE,115,0,115,1001.09,15.37,1
3327,DECODE,115,0,115,1002.09,14.68,1
3328,DECODE,115,0,115,1003.09,14.44,1
3329,DECODE,115,0,115,1004.09,14.51,1
3330,DECODE,115,0,115,1005.09,14.51,1
3331,DECODE,115,0,115,1006.09,14.57,1
3332,DECODE,115,0,115,1007.09,14.58,1
3333,DECODE,115,0,115,1008.09,14.55,1
3334,DECODE,115,0,115,1009.09,14.58,1
3335,DECODE,115,0,115,1010.09,14.48,1
3336,DECODE,115,0,115,1011.09,14.47,1
3337,DECODE,115,0,115,1012.09,14.39,1
3338,DECODE,115,0,115,1013.09,15.15,1
3339,DECODE,115,0,115,1014.09,16.51,1
3340,DECODE,115,0,115,1015.09,16.63,1
3341,DECODE,115,0,115,1016.09,14.75,1
3342,DECODE,115,0,115,1017.09,14.56,1
3343,DECODE,115,0,115,1018.09,14.62,1
3344,DECODE,115,0,115,1019.09,14.58,1
3345,DECODE,115,0,115,1020.09,15.16,1
3346,DECODE,115,0,115,1021.09,15.08,1
3347,DECODE,115,0,115,1022.09,15.06,1
3348,DECODE,115,0,115,1023.09,15.11,1
3349,DECODE,115,0,115,1024.09,15.16,1
3350,DECODE,115,0,115,1025.09,15.47,1
3351,DECODE,115,0,115,1026.09,15.26,1
3352,DECODE,115,0,115,1027.09,15.32,1
3353,DECODE,115,0,115,1028.09,14.93,1
3354,DECODE,115,0,115,1029.09,15.19,1
3355,DECODE,115,0,115,1030.09,15.13,1
3356,DECODE,115,0,115,1031.09,15.05,1
3357,DECODE,115,0,115,1032.09,15.09,1
3358,DECODE,115,0,115,1033.09,15.19,1
3359,DECODE,115,0,115,1034.09,15.12,1
3360,DECODE,115,0,115,1035.09,15.11,1
3361,DECODE,115,0,115,1036.09,15.09,1
3362,DECODE,115,0,115,1037.09,15.18,1
3363,DECODE,115,0,115,1038.09,15.66,1
3364,DECODE,115,0,115,1039.09,15.31,1
3365,DECODE,115,0,115,1040.09,15.08,1
3366,DECODE,115,0,115,1041.09,15.15,1
3367,DECODE,115,0,115,1042.09,15.13,1
3368,DECODE,115,0,115,1043.09,15.09,1
3369,DECODE,115,0,115,1044.09,15.17,1
3370,DECODE,115,0,115,1045.09,14.74,1
3371,DECODE,115,0,115,1046.09,15.51,1
3372,DECODE,115,0,115,1047.09,14.60,1
3373,DECODE,115,0,115,1048.09,14.64,1
3374,DECODE,115,0,115,1049.09,14.52,1
3375,DECODE,115,0,115,1050.09,14.59,1
3376,DECODE,115,0,115,1051.09,14.57,1
3377,DECODE,115,0,115,1052.09,14.52,1
3378,DECODE,115,0,115,1053.09,14.62,1
3379,DECODE,115,0,115,1054.09,14.63,1
3380,DECODE,115,0,115,1055.09,14.48,1
3381,DECODE,115,0,115,1056.09,15.50,1
3382,DECODE,115,0,115,1057.09,16.03,1
3383,DECODE,115,0,115,1058.09,14.41,1
3384,DECODE,115,0,115,1059.09,14.57,1
3385,DECODE,115,0,115,1060.09,14.57,1
3386,DECODE,115,0,115,1061.09,14.63,1
3387,DECODE,115,0,115,1062.09,14.56,1
3388,DECODE,115,0,115,1063.09,14.59,1
3389,DECODE,115,0,115,1064.09,14.57,1
3390,DECODE,115,0,115,1065.09,14.56,1
3391,DECODE,115,0,115,1066.09,14.56,1
3392,DECODE,115,0,115,1067.09,14.63,1
3393,DECODE,115,0,115,1068.09,14.65,1
3394,DECODE,115,0,115,1069.09,14.67,1
3395,DECODE,115,0,115,1070.09,14.63,1
3396,DECODE,115,0,115,1071.09,14.62,1
3397,DECODE,115,0,115,1072.09,14.59,1
3398,DECODE,115,0,115,1073.09,14.59,1
3399,DECODE,115,0,115,1074.09,14.63,1
3400,DECODE,115,0,115,1075.09,14.61,1
3401,DECODE,115,0,115,1076.09,14.69,1
3402,DECODE,115,0,115,1077.09,14.72,1
3403,DECODE,115,0,115,1078.09,14.65,1
3404,DECODE,115,0,115,1079.09,14.72,1
3405,DECODE,115,0,115,1080.09,14.75,1
3406,DECODE,115,0,115,1081.09,14.72,1
3407,DECODE,115,0,115,1082.09,14.70,1
3408,DECODE,115,0,115,1083.09,14.76,1
3409,DECODE,115,0,115,1084.09,15.03,1
3410,DECODE,115,0,115,1085.09,14.84,1
3411,DECODE,115,0,115,1086.09,14.70,1
3412,DECODE,115,0,115,1087.09,14.78,1
3413,DECODE,115,0,115,1088.09,14.82,1
3414,DECODE,115,0,115,1089.09,14.79,1
3415,DECODE,115,0,115,1090.09,14.80,1
3416,DECODE,115,0,115,1091.09,14.69,1
3417,DECODE,115,0,115,1092.09,14.80,1
3418,DECODE,115,0,115,1093.09,14.66,1
3419,DECODE,115,0,115,1094.09,14.72,1
3420,DECODE,115,0,115,1095.09,14.80,1
3421,DECODE,115,0,115,1096.09,14.94,1
3422,DECODE,115,0,115,1097.09,14.94,1
3423,DECODE,115,0,115,1098.09,14.86,1
3424,DECODE,115,0,115,1099.09,14.98,1
3425,DECODE,115,0,115,1100.09,14.81,1
3426,DECODE,115,0,115,1101.09,14.77,1
3427,DECODE,115,0,115,1102.09,14.71,1
3428,DECODE,115,0,115,1103.09,14.82,1
3429,DECODE,115,0,115,1104.09,14.84,1
3430,DECODE,115,0,115,1105.09,14.84,1
3431,DECODE,115,0,115,1106.09,14.56,1
3432,DECODE,115,0,115,1107.09,16.37,1
3433,DECODE,115,0,115,1108.09,15.61,1
3434,DECODE,115,0,115,1109.09,15.64,1
3435,DECODE,115,0,115,1110.09,15.60,1
3436,DECODE,115,0,115,1111.09,15.55,1
3437,DECODE,115,0,115,1112.09,15.60,1
3438,DECODE,115,0,115,1113.09,15.71,1
3439,DECODE,115,0,115,1114.09,15.81,1
3440,DECODE,115,0,115,1115.09,15.66,1
3441,DECODE,115,0,115,1116.09,14.80,1
3442,DECODE,115,0,115,1117.09,14.83,1
3443,DECODE,115,0,115,1118.09,14.83,1
3444,DECODE,115,0,115,1119.09,14.76,1
3445,DECODE,115,0,115,1120.09,14.73,1
3446,DECODE,115,0,115,1121.09,14.80,1
3447,DECODE,115,0,115,1122.09,14.91,1
3448,DECODE,115,0,115,1123.09,14.77,1
3449,DECODE,115,0,115,1124.09,14.88,1
3450,DECODE,115,0,115,1125.09,14.78,1
3451,DECODE,115,0,115,1126.09,14.83,1
3452,DECODE,115,0,115,1127.09,14.75,1
3453,DECODE,115,0,115,1128.09,14.80,1
3454,DECODE,115,0,115,1129.09,14.65,1
3455,DECODE,115,0,115,1130.09,14.62,1
3456,DECODE,115,0,115,1131.09,14.64,1
3457,DECODE,115,0,115,1132.09,14.65,1
3458,DECODE,115,0,115,1133.09,15.81,1
3459,DECODE,115,0,115,1134.09,15.44,1
3460,DECODE,115,0,115,1135.09,15.26,1
3461,DECODE,115,0,115,1136.09,14.61,1
3462,DECODE,115,0,115,1137.09,14.64,1
3463,DECODE,115,0,115,1138.09,14.65,1
3464,DECODE,115,0,115,1139.09,14.75,1
3465,DECODE,115,0,115,1140.09,14.76,1
3466,DECODE,115,0,115,1141.09,14.72,1
3467,DECODE,115,0,115,1142.09,14.75,1
3468,DECODE,115,0,115,1143.09,14.71,1
3469,DECODE,115,0,115,1144.09,14.78,1
3470,DECODE,115,0,115,1145.09,14.82,1
3471,DECODE,115,0,115,1146.09,14.74,1
3472,DECODE,115,0,115,1147.09,15.54,1
3473,DECODE,115,0,115,1148.09,14.75,1
3474,DECODE,115,0,115,1149.09,14.80,1
3475,DECODE,115,0,115,1150.09,14.79,1
3476,DECODE,115,0,115,1151.09,14.82,1
3477,DECODE,115,0,115,1152.09,14.74,1
3478,DECODE,115,0,115,1153.09,14.77,1
3479,DECODE,115,0,115,1154.09,14.75,1
3480,DECODE,115,0,115,1155.09,16.03,1
3481,DECODE,115,0,115,1156.09,15.09,1
3482,DECODE,115,0,115,1157.09,15.20,1
3483,DECODE,115,0,115,1158.09,15.38,1
3484,DECODE,115,0,115,1159.09,15.28,1
3485,DECODE,115,0,115,1160.09,15.17,1
3486,DECODE,115,0,115,1161.09,15.18,1
3487,DECODE,115,0,115,1162.09,15.41,1
3488,DECODE,115,0,115,1163.09,14.94,1
3489,DECODE,115,0,115,1164.09,14.75,1
3490,DECODE,115,0,115,1165.09,14.80,1
3491,DECODE,115,0,115,1166.09,14.73,1
3492,DECODE,115,0,115,1167.09,14.82,1
3493,DECODE,115,0,115,1168.09,14.76,1
3494,DECODE,115,0,115,1169.09,14.85,1
3495,DECODE,115,0,115,1170.09,14.75,1
3496,DECODE,115,0,115,1171.09,14.78,1
3497,DECODE,115,0,115,1172.09,14.71,1
3498,DECODE,115,0,115,1173.09,14.74,1
3499,DECODE,115,0,115,1174.09,14.71,1
3500,DECODE,115,0,115,1175.09,14.78,1
3501,DECODE,115,0,115,1176.09,14.73,1
3502,DECODE,115,0,115,1177.09,14.86,1
3503,DECODE,115,0,115,1178.09,14.69,1
3504,DECODE,115,0,115,1179.09,14.81,1
3505,DECODE,115,0,115,1180.09,14.78,1
3506,DECODE,115,0,115,1181.09,14.85,1
3507,DECODE,115,0,115,1182.09,14.95,1
3508,DECODE,115,0,115,1183.09,15.88,1
3509,DECODE,115,0,115,1184.09,14.89,1
3510,DECODE,115,0,115,1185.09,14.79,1
3511,DECODE,115,0,115,1186.09,14.84,1
3512,DECODE,115,0,115,1187.09,14.82,1
3513,DECODE,115,0,115,1188.09,14.66,1
3514,DECODE,115,0,115,1189.09,14.72,1
3515,DECODE,115,0,115,1190.09,14.73,1
3516,DECODE,115,0,115,1191.09,14.77,1
3517,DECODE,115,0,115,1192.09,14.74,1
3518,DECODE,115,0,115,1193.09,14.76,1
3519,DECODE,115,0,115,1194.09,14.82,1
3520,DECODE,115,0,115,1195.09,20.95,1
3521,DECODE,115,0,115,1196.09,14.71,1
3522,DECODE,115,0,115,1197.09,16.89,1
3523,DECODE,115,0,115,1198.09,15.62,1
3524,DECODE,115,0,115,1199.09,15.80,1
3525,DECODE,115,0,115,1200.09,15.09,1
3526,DECODE,115,0,115,1201.09,16.29,1
3527,DECODE,115,0,115,1202.09,15.21,1
3528,DECODE,115,0,115,1203.09,15.34,1
3529,DECODE,115,0,115,1204.09,15.13,1
3530,DECODE,115,0,115,1205.09,15.24,1
3531,DECODE,115,0,115,1206.09,15.27,1
3532,DECODE,115,0,115,1207.09,15.30,1
3533,DECODE,115,0,115,1208.09,15.12,1
3534,DECODE,115,0,115,1209.09,15.26,1
3535,DECODE,115,0,115,1210.09,15.27,1
3536,DECODE,115,0,115,1211.09,16.55,1
3537,DECODE,115,0,115,1212.09,15.59,1
3538,DECODE,115,0,115,1213.09,15.32,1
3539,DECODE,115,0,115,1214.09,14.78,1
3540,DECODE,115,0,115,1215.09,15.33,1
3541,DECODE,115,0,115,1216.09,16.53,1
3542,DECODE,115,0,115,1217.09,15.99,1
3543,DECODE,115,0,115,1218.09,15.30,1
3544,DECODE,115,0,115,1219.09,15.19,1
3545,DECODE,115,0,115,1220.09,15.25,1
3546,DECODE,115,0,115,1221.09,15.86,1
3547,DECODE,115,0,115,1222.09,15.24,1
3548,DECODE,115,0,115,1223.09,15.08,1
3549,DECODE,115,0,115,1224.09,15.03,1
3550,DECODE,115,0,115,1225.09,15.12,1
3551,DECODE,115,0,115,1226.09,15.08,1
3552,DECODE,115,0,115,1227.09,15.07,1
3553,DECODE,115,0,115,1228.09,15.48,1
3554,DECODE,115,0,115,1229.09,15.06,1
3555,DECODE,115,0,115,1230.09,15.04,1
3556,DECODE,115,0,115,1231.09,17.33,1
3557,DECODE,115,0,115,1232.09,16.13,1
3558,DECODE,115,0,115,1233.09,15.23,1
3559,DECODE,115,0,115,1234.09,15.65,1
3560,DECODE,115,0,115,1235.09,15.13,1
3561,DECODE,115,0,115,1236.09,15.03,1
3562,DECODE,115,0,115,1237.09,15.05,1
3563,DECODE,115,0,115,1238.09,15.16,1
3564,DECODE,115,0,115,1239.09,15.10,1
3565,DECODE,115,0,115,1240.09,15.07,1
3566,DECODE,115,0,115,1241.09,15.14,1
3567,DECODE,115,0,115,1242.09,15.08,1
3568,DECODE,115,0,115,1243.09,15.15,1
3569,DECODE,115,0,115,1244.09,15.10,1
3570,DECODE,115,0,115,1245.09,15.07,1
3571,DECODE,115,0,115,1246.09,15.05,1
3572,DECODE,115,0,115,1247.09,15.05,1
3573,DECODE,115,0,115,1248.09,15.07,1
3574,DECODE,115,0,115,1249.09,15.51,1
3575,DECODE,115,0,115,1250.09,15.10,1
3576,DECODE,115,0,115,1251.09,15.05,1
3577,DECODE,115,0,115,1252.09,15.10,1
3578,DECODE,115,0,115,1253.09,15.12,1
3579,DECODE,115,0,115,1254.09,15.11,1
3580,DECODE,115,0,115,1255.09,15.08,1
3581,DECODE,115,0,115,1256.09,15.11,1
3582,DECODE,115,0,115,1257.09,15.06,1
3583,DECODE,115,0,115,1258.09,15.11,1
3584,DECODE,115,0,115,1259.09,15.11,1
3585,DECODE,115,0,115,1260.09,15.17,1
3586,DECODE,115,0,115,1261.09,15.03,1
3587,DECODE,115,0,115,1262.09,15.10,1
3588,DECODE,115,0,115,1263.09,15.14,1
3589,DECODE,115,0,115,1264.09,15.13,1
3590,DECODE,115,0,115,1265.09,15.10,1
3591,DECODE,115,0,115,1266.09,15.11,1
3592,DECODE,115,0,115,1267.09,15.09,1
3593,DECODE,115,0,115,1268.09,15.09,1
3594,DECODE,115,0,115,1269.09,15.07,1
3595,DECODE,115,0,115,1270.09,15.06,1
3596,DECODE,115,0,115,1271.09,15.10,1
3597,DECODE,115,0,115,1272.09,15.11,1
3598,DECODE,115,0,115,1273.09,15.13,1
3599,DECODE,115,0,115,1274.09,15.14,1
3600,DECODE,115,0,115,1275.09,15.07,1
3601,DECODE,115,0,115,1276.09,15.12,1
3602,DECODE,115,0,115,1277.09,15.11,1
3603,DECODE,115,0,115,1278.09,15.11,1
3604,DECODE,115,0,115,1279.09,15.09,1
3605,DECODE,115,0,115,1280.09,15.09,1
3606,DECODE,115,0,115,1281.09,15.16,1
3607,DECODE,115,0,115,1282.09,15.09,1
3608,DECODE,115,0,115,1283.09,15.12,1
3609,DECODE,115,0,115,1284.09,15.39,1
3610,DECODE,115,0,115,1285.09,15.35,1
3611,DECODE,115,0,115,1286.09,15.53,1
3612,DECODE,115,0,115,1287.09,15.17,1
3613,DECODE,115,0,115,1288.09,15.16,1
3614,DECODE,115,0,115,1289.09,15.08,1
3615,DECODE,115,0,115,1290.09,15.12,1
3616,DECODE,115,0,115,1291.09,15.16,1
3617,DECODE,115,0,115,1292.09,15.13,1
3618,DECODE,115,0,115,1293.09,15.18,1
3619,DECODE,115,0,115,1294.09,15.24,1
3620,DECODE,115,0,115,1295.09,15.17,1
3621,DECODE,115,0,115,1296.09,15.24,1
3622,DECODE,115,0,115,1297.09,15.17,1
3623,DECODE,115,0,115,1298.09,15.15,1
3624,DECODE,115,0,115,1299.09,15.15,1
3625,DECODE,115,0,115,1300.09,15.15,1
3626,DECODE,115,0,115,1301.09,15.14,1
3627,DECODE,115,0,115,1302.09,15.15,1
3628,DECODE,115,0,115,1303.09,15.16,1
3629,DECODE,115,0,115,1304.09,15.20,1
3630,DECODE,115,0,115,1305.09,15.23,1
3631,DECODE,115,0,115,1306.09,15.07,1
3632,DECODE,115,0,115,1307.09,15.11,1
3633,DECODE,115,0,115,1308.09,15.18,1
3634,DECODE,115,0,115,1309.09,15.10,1
3635,DECODE,115,0,115,1310.09,15.15,1
3636,DECODE,115,0,115,1311.09,15.72,1
3637,DECODE,115,0,115,1312.09,15.21,1
3638,DECODE,115,0,115,1313.09,15.17,1
3639,DECODE,115,0,115,1314.09,15.22,1
3640,DECODE,115,0,115,1315.09,15.16,1
3641,DECODE,115,0,115,1316.09,15.77,1
3642,DECODE,115,0,115,1317.09,16.11,1
3643,DECODE,115,0,115,1318.09,15.39,1
3644,DECODE,115,0,115,1319.09,15.13,1
3645,DECODE,114,0,114,1324.11,14.94,1
3646,DECODE,114,0,114,1325.11,14.97,1
3647,DECODE,114,0,114,1326.11,14.99,1
3648,DECODE,114,0,114,1327.11,15.83,1
3649,DECODE,113,0,113,1332.21,15.12,1
3650,DECODE,113,0,113,1333.21,15.12,1
3651,DECODE,113,0,113,1334.21,15.06,1
3652,DECODE,113,0,113,1335.21,15.05,1
3653,DECODE,112,0,112,1340.70,18.13,1
3654,DECODE,112,0,112,1341.70,15.52,1
3655,DECODE,112,0,112,1342.70,17.10,1
3656,DECODE,112,0,112,1343.70,15.54,1
3657,DECODE,111,0,111,1349.26,15.86,1
3658,DECODE,111,0,111,1350.26,15.70,1
3659,DECODE,111,0,111,1351.26,16.60,1
3660,DECODE,111,0,111,1352.26,17.00,1
3661,DECODE,110,0,110,1357.91,15.96,1
3662,DECODE,110,0,110,1358.91,15.56,1
3663,DECODE,110,0,110,1359.91,15.46,1
3664,DECODE,110,0,110,1360.91,15.42,1
3665,DECODE,109,0,109,1366.64,15.81,1
3666,DECODE,109,0,109,1367.64,15.69,1
3667,DECODE,109,0,109,1368.64,16.62,1
3668,DECODE,109,0,109,1369.64,15.10,1
3669,DECODE,109,0,109,1370.64,15.16,1
3670,DECODE,108,0,108,1376.51,17.16,1
3671,DECODE,108,0,108,1377.51,15.65,1
3672,DECODE,108,0,108,1378.51,15.40,1
3673,DECODE,108,0,108,1379.51,15.40,1
3674,DECODE,107,0,107,1385.47,16.00,1
3675,DECODE,107,0,107,1386.47,15.77,1
3676,DECODE,107,0,107,1387.47,15.59,1
3677,DECODE,107,0,107,1388.47,15.45,1
3678,DECODE,106,0,106,1394.52,15.96,1
3679,DECODE,106,0,106,1395.52,15.52,1
3680,DECODE,106,0,106,1396.52,15.66,1
3681,DECODE,106,0,106,1397.52,15.47,1
3682,DECODE,106,0,106,1398.52,15.49,1
3683,DECODE,105,0,105,1404.67,15.79,1
3684,DECODE,105,0,105,1405.67,15.73,1
3685,DECODE,105,0,105,1406.67,15.48,1
3686,DECODE,105,0,105,1407.67,15.61,1
3687,DECODE,105,0,105,1408.67,15.56,1
3688,DECODE,105,0,105,1409.67,15.57,1
3689,DECODE,104,0,104,1416.32,15.93,1
3690,DECODE,104,0,104,1417.32,15.59,1
3691,DECODE,104,0,104,1418.32,15.40,1
3692,DECODE,104,0,104,1419.32,15.61,1
3693,DECODE,104,0,104,1420.32,15.43,1
3694,DECODE,103,0,103,1427.08,15.81,1
3695,DECODE,103,0,103,1428.08,15.50,1
3696,DECODE,103,0,103,1429.08,15.39,1
3697,DECODE,103,0,103,1430.08,15.39,1
3698,DECODE,103,0,103,1431.08,15.50,1
3699,DECODE,102,0,102,1437.95,15.79,1
3700,DECODE,102,0,102,1438.95,15.60,1
3701,DECODE,102,0,102,1439.95,15.52,1
3702,DECODE,102,0,102,1440.95,15.70,1
3703,DECODE,101,0,101,1447.94,16.13,1
3704,DECODE,101,0,101,1448.94,15.87,1
3705,DECODE,101,0,101,1449.94,15.69,1
3706,DECODE,101,0,101,1450.94,15.86,1
3707,DECODE,101,0,101,1451.94,15.57,1
3708,DECODE,100,0,100,1459.26,14.87,1
3709,DECODE,100,0,100,1460.26,14.81,1
3710,DECODE,100,0,100,1461.26,14.83,1
3711,DECODE,100,0,100,1462.26,16.84,1
3712,DECODE,100,0,100,1463.26,16.32,1
3713,DECODE,100,0,100,1464.26,15.75,1
3714,DECODE,99,0,99,1471.71,16.39,1
3715,DECODE,99,0,99,1472.71,15.89,1
3716,DECODE,99,0,99,1473.71,15.69,1
3717,DECODE,99,0,99,1474.71,15.59,1
3718,DECODE,99,0,99,1475.71,15.69,1
3719,DECODE,98,0,98,1480.90,16.06,1
3720,DECODE,98,0,98,1481.90,15.95,1
3721,DECODE,98,0,98,1482.90,15.83,1
3722,DECODE,98,0,98,1483.90,14.85,1
3723,DECODE,98,0,98,1484.90,14.82,1
3724,DECODE,98,0,98,1485.90,14.81,1
3725,DECODE,97,0,97,1491.18,14.87,1
3726,DECODE,97,0,97,1492.18,14.83,1
3727,DECODE,97,0,97,1493.18,14.76,1
3728,DECODE,97,0,97,1494.18,14.73,1
3729,DECODE,97,0,97,1495.18,14.87,1
3730,DECODE,97,0,97,1496.18,14.79,1
3731,DECODE,97,0,97,1497.18,14.81,1
3732,DECODE,96,0,96,1502.54,14.80,1
3733,DECODE,96,0,96,1503.54,14.71,1
3734,DECODE,96,0,96,1504.54,14.70,1
3735,DECODE,96,0,96,1505.54,14.71,1
3736,DECODE,96,0,96,1506.54,14.76,1
3737,DECODE,96,0,96,1507.54,14.79,1
3738,DECODE,96,0,96,1508.54,14.74,1
3739,DECODE,95,0,95,1514.00,14.82,1
3740,DECODE,95,0,95,1515.00,14.91,1
3741,DECODE,95,0,95,1516.00,14.70,1
3742,DECODE,95,0,95,1517.00,14.68,1
3743,DECODE,95,0,95,1518.00,14.63,1
3744,DECODE,95,0,95,1519.00,14.70,1
3745,DECODE,94,0,94,1524.74,14.89,1
3746,DECODE,94,0,94,1525.74,14.69,1
3747,DECODE,94,0,94,1526.74,15.39,1
3748,DECODE,94,0,94,1527.74,15.31,1
3749,DECODE,94,0,94,1528.74,15.32,1
3750,DECODE,94,0,94,1529.74,15.31,1
3751,DECODE,94,0,94,1530.74,15.34,1
3752,DECODE,93,0,93,1536.59,15.95,1
3753,DECODE,93,0,93,1537.59,15.54,1
3754,DECODE,93,0,93,1538.59,15.40,1
3755,DECODE,93,0,93,1539.59,15.37,1
3756,DECODE,93,0,93,1540.59,15.50,1
3757,DECODE,93,0,93,1541.59,15.47,1
3758,DECODE,93,0,93,1542.59,15.08,1
3759,DECODE,93,0,93,1543.59,15.27,1
3760,DECODE,93,0,93,1544.59,15.09,1
3761,DECODE,93,0,93,1545.59,16.11,1
3762,DECODE,92,0,92,1552.42,14.62,1
3763,DECODE,92,0,92,1553.42,14.61,1
3764,DECODE,92,0,92,1554.42,15.23,1
3765,DECODE,92,0,92,1555.42,15.68,1
3766,DECODE,92,0,92,1556.42,14.84,1
3767,DECODE,92,0,92,1557.42,15.33,1
3768,DECODE,92,0,92,1558.42,15.16,1
3769,DECODE,91,0,91,1565.38,15.10,1
3770,DECODE,91,0,91,1566.38,14.72,1
3771,DECODE,91,0,91,1567.38,14.71,1
3772,DECODE,91,0,91,1568.38,14.68,1
3773,DECODE,91,0,91,1569.38,14.74,1
3774,DECODE,91,0,91,1570.38,14.84,1
3775,DECODE,91,0,91,1571.38,15.40,1
3776,DECODE,91,0,91,1572.38,15.37,1
3777,DECODE,90,0,90,1579.48,16.03,1
3778,DECODE,90,0,90,1580.48,15.64,1
3779,DECODE,90,0,90,1581.48,15.46,1
3780,DECODE,90,0,90,1582.48,15.38,1
3781,DECODE,90,0,90,1583.48,15.42,1
3782,DECODE,90,0,90,1584.48,15.65,1
3783,DECODE,90,0,90,1585.48,15.43,1
3784,DECODE,89,0,89,1592.71,15.80,1
3785,DECODE,89,0,89,1593.71,15.79,1
3786,DECODE,89,0,89,1594.71,15.42,1
3787,DECODE,89,0,89,1595.71,15.42,1
3788,DECODE,89,0,89,1596.71,15.54,1
3789,DECODE,89,0,89,1597.71,15.53,1
3790,DECODE,89,0,89,1598.71,15.38,1
3791,DECODE,89,0,89,1599.71,15.67,1
3792,DECODE,89,0,89,1600.71,15.52,1
3793,DECODE,88,0,88,1608.22,16.24,1
3794,DECODE,88,0,88,1609.22,15.63,1
3795,DECODE,88,0,88,1610.22,15.26,1
3796,DECODE,88,0,88,1611.22,15.26,1
3797,DECODE,88,0,88,1612.22,15.25,1
3798,DECODE,88,0,88,1613.22,15.34,1
3799,DECODE,88,0,88,1614.22,15.34,1
3800,DECODE,88,0,88,1615.22,15.40,1
3801,DECODE,87,0,87,1622.87,16.06,1
3802,DECODE,87,0,87,1623.87,15.43,1
3803,DECODE,87,0,87,1624.87,15.38,1
3804,DECODE,87,0,87,1625.87,15.36,1
3805,DECODE,87,0,87,1626.87,15.28,1
3806,DECODE,87,0,87,1627.87,15.37,1
3807,DECODE,87,0,87,1628.87,16.69,1
3808,DECODE,87,0,87,1629.87,15.54,1
3809,DECODE,87,0,87,1630.87,15.50,1
3810,DECODE,86,0,86,1638.69,15.99,1
3811,DECODE,86,0,86,1639.69,15.89,1
3812,DECODE,86,0,86,1640.69,15.43,1
3813,DECODE,86,0,86,1641.69,15.58,1
3814,DECODE,86,0,86,1642.69,15.56,1
3815,DECODE,86,0,86,1643.69,15.23,1
3816,DECODE,86,0,86,1644.69,15.50,1
3817,DECODE,86,0,86,1645.69,15.56,1
3818,DECODE,85,0,85,1653.66,15.63,1
3819,DECODE,85,0,85,1654.66,15.55,1
3820,DECODE,85,0,85,1655.66,15.45,1
3821,DECODE,85,0,85,1656.66,15.07,1
3822,DECODE,85,0,85,1657.66,15.34,1
3823,DECODE,85,0,85,1658.66,15.34,1
3824,DECODE,85,0,85,1659.66,15.47,1
3825,DECODE,85,0,85,1660.66,15.37,1
3826,DECODE,85,0,85,1661.66,15.46,1
3827,DECODE,84,0,84,1669.80,15.64,1
3828,DECODE,84,0,84,1670.80,15.68,1
3829,DECODE,84,0,84,1671.80,15.46,1
3830,DECODE,84,0,84,1672.80,15.40,1
3831,DECODE,84,0,84,1673.80,15.35,1
3832,DECODE,84,0,84,1674.80,15.35,1
3833,DECODE,84,0,84,1675.80,15.35,1
3834,DECODE,84,0,84,1676.80,15.44,1
3835,DECODE,84,0,84,1677.80,15.46,1
3836,DECODE,83,0,83,1686.11,15.88,1
3837,DECODE,83,0,83,1687.11,16.05,1
3838,DECODE,83,0,83,1688.11,15.34,1
3839,DECODE,83,0,83,1689.11,15.29,1
3840,DECODE,83,0,83,1690.11,15.29,1
3841,DECODE,83,0,83,1691.11,15.48,1
3842,DECODE,83,0,83,1692.11,15.47,1
3843,DECODE,83,0,83,1693.11,15.41,1
3844,DECODE,83,0,83,1694.11,16.06,1
3845,DECODE,82,0,82,1702.72,14.75,1
3846,DECODE,82,0,82,1703.72,14.77,1
3847,DECODE,82,0,82,1704.72,14.54,1
3848,DECODE,82,0,82,1705.72,14.55,1
3849,DECODE,82,0,82,1706.72,14.45,1
3850,DECODE,82,0,82,1707.72,14.48,1
3851,DECODE,82,0,82,1708.72,14.52,1
3852,DECODE,82,0,82,1709.72,16.55,1
3853,DECODE,82,0,82,1710.72,15.51,1
3854,DECODE,81,0,81,1719.52,16.24,1
3855,DECODE,81,0,81,1720.52,15.29,1
3856,DECODE,81,0,81,1721.52,15.24,1
3857,DECODE,81,0,81,1722.52,15.29,1
3858,DECODE,81,0,81,1723.52,16.56,1
3859,DECODE,81,0,81,1724.52,15.82,1
3860,DECODE,81,0,81,1725.52,15.49,1
3861,DECODE,81,0,81,1726.52,15.17,1
3862,DECODE,81,0,81,1727.52,15.35,1
3863,DECODE,81,0,81,1728.52,15.29,1
3864,DECODE,80,0,80,1737.71,15.74,1
3865,DECODE,80,0,80,1738.71,15.21,1
3866,DECODE,80,0,80,1739.71,15.23,1
3867,DECODE,80,0,80,1740.71,15.23,1
3868,DECODE,80,0,80,1741.71,15.21,1
3869,DECODE,80,0,80,1742.71,15.10,1
3870,DECODE,80,0,80,1743.71,15.15,1
3871,DECODE,80,0,80,1744.71,15.03,1
3872,DECODE,80,0,80,1745.71,15.17,1
3873,DECODE,80,0,80,1746.71,15.07,1
3874,DECODE,79,0,79,1756.11,15.40,1
3875,DECODE,79,0,79,1757.11,15.18,1
3876,DECODE,79,0,79,1758.11,16.45,1
3877,DECODE,79,0,79,1759.11,15.42,1
3878,DECODE,79,0,79,1760.11,15.24,1
3879,DECODE,79,0,79,1761.11,15.82,1
3880,DECODE,79,0,79,1762.11,16.33,1
3881,DECODE,79,0,79,1763.11,15.24,1
3882,DECODE,79,0,79,1764.11,15.15,1
3883,DECODE,79,0,79,1765.11,15.24,1
3884,DECODE,78,0,78,1774.73,15.48,1
3885,DECODE,78,0,78,1775.73,15.40,1
3886,DECODE,78,0,78,1776.73,15.23,1
3887,DECODE,78,0,78,1777.73,15.25,1
3888,DECODE,78,0,78,1778.73,15.26,1
3889,DECODE,78,0,78,1779.73,15.69,1
3890,DECODE,78,0,78,1780.73,16.03,1
3891,DECODE,78,0,78,1781.73,16.27,1
3892,DECODE,78,0,78,1782.73,15.26,1
3893,DECODE,78,0,78,1783.73,15.29,1
3894,DECODE,77,0,77,1793.57,15.69,1
3895,DECODE,77,0,77,1794.57,15.37,1
3896,DECODE,77,0,77,1795.57,16.60,1
3897,DECODE,77,0,77,1796.57,15.85,1
3898,DECODE,77,0,77,1797.57,16.14,1
3899,DECODE,77,0,77,1798.57,15.63,1
3900,DECODE,77,0,77,1799.57,15.53,1
3901,DECODE,77,0,77,1800.57,16.20,1
3902,DECODE,77,0,77,1801.57,15.46,1
3903,DECODE,77,0,77,1802.57,15.24,1
3904,DECODE,77,0,77,1803.57,15.35,1
3905,DECODE,77,0,77,1804.57,15.37,1
3906,DECODE,76,0,76,1809.41,16.08,1
3907,DECODE,76,0,76,1810.41,15.88,1
3908,DECODE,76,0,76,1811.41,15.07,1
3909,DECODE,76,0,76,1812.41,15.40,1
3910,DECODE,76,0,76,1813.41,15.34,1
3911,DECODE,76,0,76,1814.41,15.38,1
3912,DECODE,76,0,76,1815.41,15.38,1
3913,DECODE,76,0,76,1816.41,15.44,1
3914,DECODE,76,0,76,1817.41,15.37,1
3915,DECODE,76,0,76,1818.41,15.35,1
3916,DECODE,76,0,76,1819.41,15.39,1
3917,DECODE,76,0,76,1820.41,14.62,1
3918,DECODE,76,0,76,1821.41,14.60,1
3919,DECODE,76,0,76,1822.41,14.60,1
3920,DECODE,75,0,75,1827.35,14.46,1
3921,DECODE,75,0,75,1828.35,15.59,1
3922,DECODE,75,0,75,1829.35,14.74,1
3923,DECODE,75,0,75,1830.35,14.66,1
3924,DECODE,75,0,75,1831.35,14.46,1
3925,DECODE,75,0,75,1832.35,14.45,1
3926,DECODE,75,0,75,1833.35,14.56,1
3927,DECODE,75,0,75,1834.35,14.60,1
3928,DECODE,75,0,75,1835.35,15.22,1
3929,DECODE,75,0,75,1836.35,15.22,1
3930,DECODE,75,0,75,1837.35,15.26,1
3931,DECODE,75,0,75,1838.35,15.25,1
3932,DECODE,75,0,75,1839.35,15.13,1
3933,DECODE,75,0,75,1840.35,14.97,1
3934,DECODE,75,0,75,1841.35,15.12,1
3935,DECODE,74,0,74,1846.39,15.46,1
3936,DECODE,74,0,74,1847.39,15.33,1
3937,DECODE,74,0,74,1848.39,15.22,1
3938,DECODE,74,0,74,1849.39,15.19,1
3939,DECODE,74,0,74,1850.39,15.14,1
3940,DECODE,74,0,74,1851.39,15.02,1
3941,DECODE,74,0,74,1852.39,14.93,1
3942,DECODE,74,0,74,1853.39,15.04,1
3943,DECODE,74,0,74,1854.39,15.16,1
3944,DECODE,74,0,74,1855.39,15.02,1
3945,DECODE,74,0,74,1856.39,17.03,1
3946,DECODE,74,0,74,1857.39,16.18,1
3947,DECODE,74,0,74,1858.39,15.58,1
3948,DECODE,74,0,74,1859.39,15.37,1
3949,DECODE,74,0,74,1860.39,15.37,1
3950,DECODE,73,0,73,1865.55,15.63,1
3951,DECODE,73,0,73,1866.55,15.67,1
3952,DECODE,73,0,73,1867.55,15.29,1
3953,DECODE,73,0,73,1868.55,15.30,1
3954,DECODE,73,0,73,1869.55,15.26,1
3955,DECODE,73,0,73,1870.55,16.87,1
3956,DECODE,73,0,73,1871.55,15.46,1
3957,DECODE,73,0,73,1872.55,15.51,1
3958,DECODE,73,0,73,1873.55,14.71,1
3959,DECODE,73,0,73,1874.55,14.84,1
3960,DECODE,73,0,73,1875.55,15.76,1
3961,DECODE,73,0,73,1876.55,15.50,1
3962,DECODE,73,0,73,1877.55,15.41,1
3963,DECODE,73,0,73,1878.55,15.50,1
3964,DECODE,73,0,73,1879.55,15.39,1
3965,DECODE,73,0,73,1880.55,15.52,1
3966,DECODE,73,0,73,1881.55,15.47,1
3967,DECODE,73,0,73,1882.55,15.43,1
3968,DECODE,72,0,72,1888.61,15.94,1
3969,DECODE,72,0,72,1889.61,15.77,1
3970,DECODE,72,0,72,1890.61,15.59,1
3971,DECODE,72,0,72,1891.61,15.70,1
3972,DECODE,72,0,72,1892.61,15.74,1
3973,DECODE,72,0,72,1893.61,15.73,1
3974,DECODE,72,0,72,1894.61,15.59,1
3975,DECODE,72,0,72,1895.61,15.59,1
3976,DECODE,72,0,72,1896.61,15.64,1
3977,DECODE,72,0,72,1897.61,15.52,1
3978,DECODE,72,0,72,1898.61,15.92,1
3979,DECODE,72,0,72,1899.61,15.60,1
3980,DECODE,72,0,72,1900.61,15.63,1
3981,DECODE,72,0,72,1901.61,15.58,1
3982,DECODE,72,0,72,1902.61,15.71,1
3983,DECODE,72,0,72,1903.61,15.67,1
3984,DECODE,71,0,71,1909.82,16.14,1
3985,DECODE,71,0,71,1910.82,15.80,1
3986,DECODE,71,0,71,1911.82,15.69,1
3987,DECODE,71,0,71,1912.82,15.60,1
3988,DECODE,71,0,71,1913.82,15.62,1
3989,DECODE,71,0,71,1914.82,15.71,1
3990,DECODE,71,0,71,1915.82,15.65,1
3991,DECODE,71,0,71,1916.82,15.66,1
3992,DECODE,71,0,71,1917.82,15.83,1
3993,DECODE,71,0,71,1918.82,15.79,1
3994,DECODE,71,0,71,1919.82,15.66,1
3995,DECODE,71,0,71,1920.82,15.76,1
3996,DECODE,71,0,71,1921.82,16.04,1
3997,DECODE,71,0,71,1922.82,15.70,1
3998,DECODE,71,0,71,1923.82,15.62,1
3999,DECODE,71,0,71,1924.82,15.69,1
4000,DECODE,70,0,70,1931.17,16.25,1
4001,DECODE,70,0,70,1932.17,15.77,1
4002,DECODE,70,0,70,1933.17,15.63,1
4003,DECODE,70,0,70,1934.17,15.66,1
4004,DECODE,70,0,70,1935.17,15.71,1
4005,DECODE,70,0,70,1936.17,15.84,1
4006,DECODE,70,0,70,1937.17,15.77,1
4007,DECODE,70,0,70,1938.17,15.75,1
4008,DECODE,70,0,70,1939.17,15.60,1
4009,DECODE,70,0,70,1940.17,15.79,1
4010,DECODE,70,0,70,1941.17,15.75,1
4011,DECODE,70,0,70,1942.17,15.87,1
4012,DECODE,70,0,70,1943.17,15.87,1
4013,DECODE,70,0,70,1944.17,15.76,1
4014,DECODE,70,0,70,1945.17,15.73,1
4015,DECODE,70,0,70,1946.17,15.77,1
4016,DECODE,70,0,70,1947.17,15.77,1
4017,DECODE,69,0,69,1953.68,16.21,1
4018,DECODE,69,0,69,1954.68,15.96,1
4019,DECODE,69,0,69,1955.68,15.77,1
4020,DECODE,69,0,69,1956.68,15.71,1
4021,DECODE,69,0,69,1957.68,15.76,1
4022,DECODE,69,0,69,1958.68,15.76,1
4023,DECODE,69,0,69,1959.68,16.30,1
4024,DECODE,69,0,69,1960.68,15.68,1
4025,DECODE,69,0,69,1961.68,15.66,1
4026,DECODE,69,0,69,1962.68,15.63,1
4027,DECODE,69,0,69,1963.68,15.78,1
4028,DECODE,69,0,69,1964.68,15.91,1
4029,DECODE,69,0,69,1965.68,15.72,1
4030,DECODE,69,0,69,1966.68,15.68,1
4031,DECODE,69,0,69,1967.68,15.70,1
4032,DECODE,69,0,69,1968.68,15.84,1
4033,DECODE,69,0,69,1969.68,15.70,1
4034,DECODE,69,0,69,1970.68,15.74,1
4035,DECODE,69,0,69,1971.68,15.80,1
4036,DECODE,69,0,69,1972.68,15.95,1
4037,DECODE,68,0,68,1979.76,15.79,1
4038,DECODE,68,0,68,1980.76,15.85,1
4039,DECODE,68,0,68,1981.76,15.62,1
4040,DECODE,68,0,68,1982.76,16.43,1
4041,DECODE,68,0,68,1983.76,15.60,1
4042,DECODE,68,0,68,1984.76,15.69,1
4043,DECODE,68,0,68,1985.76,15.76,1
4044,DECODE,68,0,68,1986.76,15.91,1
4045,DECODE,68,0,68,1987.76,15.80,1
4046,DECODE,68,0,68,1988.76,15.20,1
4047,DECODE,68,0,68,1989.76,15.61,1
4048,DECODE,68,0,68,1990.76,15.71,1
4049,DECODE,68,0,68,1991.76,15.85,1
4050,DECODE,68,0,68,1992.76,15.70,1
4051,DECODE,68,0,68,1993.76,15.90,1
4052,DECODE,68,0,68,1994.76,15.86,1
4053,DECODE,68,0,68,1995.76,15.91,1
4054,DECODE,68,0,68,1996.76,15.93,1
4055,DECODE,67,0,67,2004.03,16.33,1
4056,DECODE,67,0,67,2005.03,16.03,1
4057,DECODE,67,0,67,2006.03,15.94,1
4058,DECODE,67,0,67,2007.03,15.89,1
4059,DECODE,67,0,67,2008.03,15.88,1
4060,DECODE,67,0,67,2009.03,15.93,1
4061,DECODE,67,0,67,2010.03,15.90,1
4062,DECODE,67,0,67,2011.03,15.96,1
4063,DECODE,67,0,67,2012.03,15.94,1
4064,DECODE,67,0,67,2013.03,15.93,1
4065,DECODE,67,0,67,2014.03,15.95,1
4066,DECODE,67,0,67,2015.03,15.96,1
4067,DECODE,67,0,67,2016.03,16.01,1
4068,DECODE,67,0,67,2017.03,16.04,1
4069,DECODE,67,0,67,2018.03,15.96,1
4070,DECODE,67,0,67,2019.03,15.95,1
4071,DECODE,67,0,67,2020.03,16.05,1
4072,DECODE,67,0,67,2021.03,15.98,1
4073,DECODE,66,0,66,2028.48,15.43,1
4074,DECODE,66,0,66,2029.48,15.02,1
4075,DECODE,66,0,66,2030.48,14.96,1
4076,DECODE,66,0,66,2031.48,14.88,1
4077,DECODE,66,0,66,2032.48,14.90,1
4078,DECODE,66,0,66,2033.48,14.94,1
4079,DECODE,66,0,66,2034.48,14.96,1
4080,DECODE,66,0,66,2035.48,14.92,1
4081,DECODE,66,0,66,2036.48,14.96,1
4082,DECODE,66,0,66,2037.48,14.90,1
4083,DECODE,66,0,66,2038.48,15.83,1
4084,DECODE,66,0,66,2039.48,15.00,1
4085,DECODE,66,0,66,2040.48,15.03,1
4086,DECODE,66,0,66,2041.48,15.00,1
4087,DECODE,66,0,66,2042.48,15.01,1
4088,DECODE,66,0,66,2043.48,14.98,1
4089,DECODE,66,0,66,2044.48,15.00,1
4090,DECODE,66,0,66,2045.48,14.97,1
4091,DECODE,66,0,66,2046.48,15.04,1
4092,DECODE,65,0,65,2054.14,15.46,1
4093,DECODE,65,0,65,2055.14,15.16,1
4094,DECODE,65,0,65,2056.14,15.89,1
4095,DECODE,65,0,65,2057.14,15.10,1
4096,DECODE,65,0,65,2058.14,14.97,1
4097,DECODE,65,0,65,2059.14,14.96,1
4098,DECODE,65,0,65,2060.14,14.88,1
4099,DECODE,65,0,65,2061.14,14.90,1
4100,DECODE,65,0,65,2062.14,15.09,1
4101,DECODE,65,0,65,2063.14,14.87,1
4102,DECODE,65,0,65,2064.14,14.85,1
4103,DECODE,65,0,65,2065.14,15.02,1
4104,DECODE,65,0,65,2066.14,14.82,1
4105,DECODE,65,0,65,2067.14,14.95,1
4106,DECODE,65,0,65,2068.14,14.94,1
4107,DECODE,65,0,65,2069.14,14.94,1
4108,DECODE,65,0,65,2070.14,14.90,1
4109,DECODE,65,0,65,2071.14,15.13,1
4110,DECODE,65,0,65,2072.14,15.23,1
4111,DECODE,64,0,64,2080.23,15.40,1
4112,DECODE,64,0,64,2081.23,14.62,1
4113,DECODE,64,0,64,2082.23,14.83,1
4114,DECODE,64,0,64,2083.23,14.94,1
4115,DECODE,64,0,64,2084.23,14.37,1
4116,DECODE,64,0,64,2085.23,15.70,1
4117,DECODE,64,0,64,2086.23,15.44,1
4118,DECODE,64,0,64,2087.23,14.64,1
4119,DECODE,64,0,64,2088.23,14.48,1
4120,DECODE,64,0,64,2089.23,14.51,1
4121,DECODE,64,0,64,2090.23,14.35,1
4122,DECODE,64,0,64,2091.23,14.48,1
4123,DECODE,64,0,64,2092.23,14.39,1
4124,DECODE,64,0,64,2093.23,14.42,1
4125,DECODE,64,0,64,2094.23,13.66,1
4126,DECODE,64,0,64,2095.23,13.56,1
4127,DECODE,64,0,64,2096.23,14.30,1
4128,DECODE,64,0,64,2097.23,14.42,1
4129,DECODE,64,0,64,2098.23,14.74,1
4130,DECODE,64,0,64,2099.23,14.45,1
4131,DECODE,63,0,63,2107.56,14.94,1
4132,DECODE,63,0,63,2108.56,14.65,1
4133,DECODE,63,0,63,2109.56,14.50,1
4134,DECODE,63,0,63,2110.56,14.45,1
4135,DECODE,63,0,63,2111.56,14.48,1
4136,DECODE,63,0,63,2112.56,14.51,1
4137,DECODE,63,0,63,2113.56,14.87,1
4138,DECODE,63,0,63,2114.56,13.93,1
4139,DECODE,63,0,63,2115.56,14.35,1
4140,DECODE,63,0,63,2116.56,14.95,1
4141,DECODE,63,0,63,2117.56,14.39,1
4142,DECODE,63,0,63,2118.56,14.39,1
4143,DECODE,63,0,63,2119.56,14.37,1
4144,DECODE,63,0,63,2120.56,14.46,1
4145,DECODE,63,0,63,2121.56,14.35,1
4146,DECODE,63,0,63,2122.56,14.53,1
4147,DECODE,63,0,63,2123.56,14.53,1
4148,DECODE,63,0,63,2124.56,15.65,1
4149,DECODE,63,0,63,2125.56,14.54,1
4150,DECODE,63,0,63,2126.56,14.59,1
4151,DECODE,63,0,63,2127.56,14.56,1
4152,DECODE,62,0,62,2136.11,15.03,1
4153,DECODE,62,0,62,2137.11,14.58,1
4154,DECODE,62,0,62,2138.11,14.46,1
4155,DECODE,62,0,62,2139.11,14.40,1
4156,DECODE,62,0,62,2140.11,14.51,1
4157,DECODE,62,0,62,2141.11,14.48,1
4158,DECODE,62,0,62,2142.11,13.65,1
4159,DECODE,62,0,62,2143.11,13.60,1
4160,DECODE,62,0,62,2144.11,14.56,1
4161,DECODE,62,0,62,2145.11,14.39,1
4162,DECODE,62,0,62,2146.11,14.45,1
4163,DECODE,62,0,62,2147.11,14.41,1
4164,DECODE,62,0,62,2148.11,14.66,1
4165,DECODE,62,0,62,2149.11,14.45,1
4166,DECODE,62,0,62,2150.11,14.58,1
4167,DECODE,62,0,62,2151.11,14.43,1
4168,DECODE,62,0,62,2152.11,14.52,1
4169,DECODE,62,0,62,2153.11,14.54,1
4170,DECODE,62,0,62,2154.11,14.52,1
4171,DECODE,62,0,62,2155.11,14.45,1
4172,DECODE,62,0,62,2156.11,14.50,1
4173,DECODE,62,0,62,2157.11,14.46,1
4174,DECODE,61,0,61,2165.92,15.01,1
4175,DECODE,61,0,61,2166.92,14.45,1
4176,DECODE,61,0,61,2167.92,14.42,1
4177,DECODE,61,0,61,2168.92,14.31,1
4178,DECODE,61,0,61,2169.92,14.47,1
4179,DECODE,61,0,61,2170.92,14.87,1
4180,DECODE,61,0,61,2171.92,14.46,1
4181,DECODE,61,0,61,2172.92,14.36,1
4182,DECODE,61,0,61,2173.92,14.61,1
4183,DECODE,61,0,61,2174.92,14.46,1
4184,DECODE,61,0,61,2175.92,14.49,1
4185,DECODE,61,0,61,2176.92,14.49,1
4186,DECODE,61,0,61,2177.92,14.49,1
4187,DECODE,61,0,61,2178.92,14.52,1
4188,DECODE,61,0,61,2179.92,14.66,1
4189,DECODE,61,0,61,2180.92,14.47,1
4190,DECODE,61,0,61,2181.92,14.67,1
4191,DECODE,61,0,61,2182.92,14.55,1
4192,DECODE,61,0,61,2183.92,14.44,1
4193,DECODE,61,0,61,2184.92,14.64,1
4194,DECODE,61,0,61,2185.92,14.57,1
4195,DECODE,61,0,61,2186.92,14.51,1
4196,DECODE,60,0,60,2196.17,15.99,1
4197,DECODE,60,0,60,2197.17,14.58,1
4198,DECODE,60,0,60,2198.17,14.45,1
4199,DECODE,60,0,60,2199.17,14.39,1
4200,DECODE,60,0,60,2200.17,14.49,1
4201,DECODE,60,0,60,2201.17,14.57,1
4202,DECODE,60,0,60,2202.17,14.49,1
4203,DECODE,60,0,60,2203.17,14.44,1
4204,DECODE,60,0,60,2204.17,14.46,1
4205,DECODE,60,0,60,2205.17,14.69,1
4206,DECODE,60,0,60,2206.17,14.69,1
4207,DECODE,60,0,60,2207.17,14.70,1
4208,DECODE,60,0,60,2208.17,14.65,1
4209,DECODE,60,0,60,2209.17,14.78,1
4210,DECODE,60,0,60,2210.17,14.67,1
4211,DECODE,60,0,60,2211.17,14.81,1
4212,DECODE,60,0,60,2212.17,14.80,1
4213,DECODE,60,0,60,2213.17,15.10,1
4214,DECODE,60,0,60,2214.17,15.14,1
4215,DECODE,60,0,60,2215.17,14.83,1
4216,DECODE,60,0,60,2216.17,14.78,1
4217,DECODE,60,0,60,2217.17,14.85,1
4218,DECODE,60,0,60,2218.17,14.88,1
4219,DECODE,59,0,59,2227.69,15.45,1
4220,DECODE,59,0,59,2228.69,15.06,1
4221,DECODE,59,0,59,2229.69,14.88,1
4222,DECODE,59,0,59,2230.69,14.87,1
4223,DECODE,59,0,59,2231.69,14.91,1
4224,DECODE,59,0,59,2232.69,14.78,1
4225,DECODE,59,0,59,2233.69,13.92,1
4226,DECODE,59,0,59,2234.69,13.88,1
4227,DECODE,59,0,59,2235.69,13.83,1
4228,DECODE,59,0,59,2236.69,13.89,1
4229,DECODE,59,0,59,2237.69,13.93,1
4230,DECODE,59,0,59,2238.69,14.79,1
4231,DECODE,59,0,59,2239.69,14.78,1
4232,DECODE,59,0,59,2240.69,14.91,1
4233,DECODE,59,0,59,2241.69,14.66,1
4234,DECODE,59,0,59,2242.69,14.69,1
4235,DECODE,59,0,59,2243.69,14.65,1
4236,DECODE,59,0,59,2244.69,15.19,1
4237,DECODE,59,0,59,2245.69,14.88,1
4238,DECODE,59,0,59,2246.69,14.90,1
4239,DECODE,59,0,59,2247.69,14.72,1
4240,DECODE,59,0,59,2248.69,14.76,1
4241,DECODE,59,0,59,2249.69,14.78,1
4242,DECODE,59,0,59,2250.69,14.75,1
4243,DECODE,59,0,59,2251.69,14.69,1
4244,DECODE,58,0,58,2261.69,15.37,1
4245,DECODE,58,0,58,2262.69,14.63,1
4246,DECODE,58,0,58,2263.69,14.67,1
4247,DECODE,58,0,58,2264.69,14.78,1
4248,DECODE,58,0,58,2265.69,14.80,1
4249,DECODE,58,0,58,2266.69,14.82,1
4250,DECODE,58,0,58,2267.69,14.72,1
4251,DECODE,58,0,58,2268.69,15.45,1
4252,DECODE,58,0,58,2269.69,16.51,1
4253,DECODE,58,0,58,2270.69,14.81,1
4254,DECODE,58,0,58,2271.69,14.76,1
4255,DECODE,58,0,58,2272.69,14.73,1
4256,DECODE,58,0,58,2273.69,14.83,1
4257,DECODE,58,0,58,2274.69,14.93,1
4258,DECODE,58,0,58,2275.69,14.51,1
4259,DECODE,58,0,58,2276.69,14.71,1
4260,DECODE,58,0,58,2277.69,14.76,1
4261,DECODE,58,0,58,2278.69,14.80,1
4262,DECODE,58,0,58,2279.69,14.70,1
4263,DECODE,58,0,58,2280.69,14.71,1
4264,DECODE,58,0,58,2281.69,14.70,1
4265,DECODE,58,0,58,2282.69,14.80,1
4266,DECODE,58,0,58,2283.69,15.00,1
4267,DECODE,58,0,58,2284.69,14.75,1
4268,DECODE,57,0,57,2295.00,15.38,1
4269,DECODE,57,0,57,2296.00,14.95,1
4270,DECODE,57,0,57,2297.00,14.74,1
4271,DECODE,57,0,57,2298.00,14.77,1
4272,DECODE,57,0,57,2299.00,14.77,1
4273,DECODE,57,0,57,2300.00,14.69,1
4274,DECODE,57,0,57,2301.00,14.80,1
4275,DECODE,57,0,57,2302.00,14.78,1
4276,DECODE,57,0,57,2303.00,14.82,1
4277,DECODE,57,0,57,2304.00,14.76,1
4278,DECODE,57,0,57,2305.00,15.68,1
4279,DECODE,57,0,57,2306.00,15.62,1
4280,DECODE,57,0,57,2307.00,15.73,1
4281,DECODE,57,0,57,2308.00,15.18,1
4282,DECODE,57,0,57,2309.00,15.09,1
4283,DECODE,57,0,57,2310.00,14.91,1
4284,DECODE,57,0,57,2311.00,14.78,1
4285,DECODE,57,0,57,2312.00,14.76,1
4286,DECODE,57,0,57,2313.00,14.73,1
4287,DECODE,57,0,57,2314.00,14.81,1
4288,DECODE,57,0,57,2315.00,14.71,1
4289,DECODE,57,0,57,2316.00,16.18,1
4290,DECODE,57,0,57,2317.00,14.84,1
4291,DECODE,57,0,57,2318.00,14.84,1
4292,DECODE,57,0,57,2319.00,14.73,1
4293,DECODE,57,0,57,2320.00,14.78,1
4294,DECODE,56,0,56,2330.64,15.72,1
4295,DECODE,56,0,56,2331.64,14.92,1
4296,DECODE,56,0,56,2332.64,14.92,1
4297,DECODE,56,0,56,2333.64,15.43,1
4298,DECODE,56,0,56,2334.64,15.28,1
4299,DECODE,56,0,56,2335.64,14.90,1
4300,DECODE,56,0,56,2336.64,14.94,1
4301,DECODE,56,0,56,2337.64,14.99,1
4302,DECODE,56,0,56,2338.64,14.91,1
4303,DECODE,56,0,56,2339.64,14.81,1
4304,DECODE,56,0,56,2340.64,14.85,1
4305,DECODE,56,0,56,2341.64,14.93,1
4306,DECODE,56,0,56,2342.64,14.88,1
4307,DECODE,56,0,56,2343.64,14.91,1
4308,DECODE,56,0,56,2344.64,14.92,1
4309,DECODE,56,0,56,2345.64,14.88,1
4310,DECODE,56,0,56,2346.64,15.05,1
4311,DECODE,56,0,56,2347.64,14.96,1
4312,DECODE,56,0,56,2348.64,15.03,1
4313,DECODE,56,0,56,2349.64,14.88,1
4314,DECODE,56,0,56,2350.64,14.97,1
4315,DECODE,56,0,56,2351.64,14.92,1
4316,DECODE,56,0,56,2352.64,14.95,1
4317,DECODE,56,0,56,2353.64,14.86,1
4318,DECODE,56,0,56,2354.64,14.39,1
4319,DECODE,56,0,56,2355.64,14.96,1
4320,DECODE,55,0,55,2366.64,15.62,1
4321,DECODE,55,0,55,2367.64,15.31,1
4322,DECODE,55,0,55,2368.64,16.51,1
4323,DECODE,55,0,55,2369.64,15.26,1
4324,DECODE,55,0,55,2370.64,15.25,1
4325,DECODE,55,0,55,2371.64,15.06,1
4326,DECODE,55,0,55,2372.64,15.08,1
4327,DECODE,55,0,55,2373.64,15.08,1
4328,DECODE,55,0,55,2374.64,16.08,1
4329,DECODE,55,0,55,2375.64,15.22,1
4330,DECODE,55,0,55,2376.64,15.37,1
4331,DECODE,55,0,55,2377.64,15.03,1
4332,DECODE,55,0,55,2378.64,15.03,1
4333,DECODE,55,0,55,2379.64,14.99,1
4334,DECODE,55,0,55,2380.64,15.15,1
4335,DECODE,55,0,55,2381.64,15.06,1
4336,DECODE,55,0,55,2382.64,14.91,1
4337,DECODE,55,0,55,2383.64,14.75,1
4338,DECODE,55,0,55,2384.64,14.68,1
4339,DECODE,55,0,55,2385.64,14.80,1
4340,DECODE,55,0,55,2386.64,14.79,1
4341,DECODE,55,0,55,2387.64,14.63,1
4342,DECODE,55,0,55,2388.64,14.64,1
4343,DECODE,55,0,55,2389.64,14.57,1
4344,DECODE,55,0,55,2390.64,14.75,1
4345,DECODE,55,0,55,2391.64,14.61,1
4346,DECODE,55,0,55,2392.64,14.78,1
4347,DECODE,55,0,55,2393.64,15.02,1
4348,DECODE,55,0,55,2394.64,14.97,1
4349,DECODE,54,0,54,2396.28,15.52,1
4350,DECODE,54,0,54,2397.28,15.17,1
4351,DECODE,54,0,54,2398.28,15.05,1
4352,DECODE,54,0,54,2399.28,15.03,1
4353,DECODE,54,0,54,2400.28,14.97,1
4354,DECODE,54,0,54,2401.28,14.94,1
4355,DECODE,54,0,54,2402.28,14.92,1
4356,DECODE,54,0,54,2403.28,14.97,1
4357,DECODE,54,0,54,2404.28,14.97,1
4358,DECODE,54,0,54,2405.28,14.81,1
4359,DECODE,54,0,54,2406.28,14.86,1
4360,DECODE,54,0,54,2407.28,14.94,1
4361,DECODE,54,0,54,2408.28,14.93,1
4362,DECODE,54,0,54,2409.28,15.09,1
4363,DECODE,54,0,54,2410.28,14.39,1
4364,DECODE,54,0,54,2411.28,14.87,1
4365,DECODE,54,0,54,2412.28,14.77,1
4366,DECODE,54,0,54,2413.28,14.72,1
4367,DECODE,54,0,54,2414.28,14.78,1
4368,DECODE,54,0,54,2415.28,14.85,1
4369,DECODE,54,0,54,2416.28,16.16,1
4370,DECODE,54,0,54,2417.28,14.97,1
4371,DECODE,54,0,54,2418.28,14.94,1
4372,DECODE,54,0,54,2419.28,15.19,1
4373,DECODE,54,0,54,2420.28,14.29,1
4374,DECODE,54,0,54,2421.28,14.04,1
4375,DECODE,54,0,54,2422.28,14.07,1
4376,DECODE,54,0,54,2423.28,14.14,1
4377,DECODE,54,0,54,2424.28,14.11,1
4378,DECODE,54,0,54,2425.28,14.15,1
4379,DECODE,54,0,54,2426.28,16.65,1
4380,DECODE,54,0,54,2427.28,14.18,1
4381,DECODE,54,0,54,2428.28,14.06,1
4382,DECODE,54,0,54,2429.28,14.14,1
4383,DECODE,54,0,54,2430.28,14.76,1
4384,DECODE,54,0,54,2431.28,15.96,1
4385,DECODE,54,0,54,2432.28,14.91,1
4386,DECODE,54,0,54,2433.28,14.81,1
4387,DECODE,53,0,53,2434.94,15.26,1
4388,DECODE,53,0,53,2435.94,15.06,1
4389,DECODE,53,0,53,2436.94,14.71,1
4390,DECODE,53,0,53,2437.94,14.78,1
4391,DECODE,53,0,53,2438.94,14.06,1
4392,DECODE,53,0,53,2439.94,14.47,1
4393,DECODE,53,0,53,2440.94,14.02,1
4394,DECODE,53,0,53,2441.94,14.09,1
4395,DECODE,53,0,53,2442.94,14.28,1
4396,DECODE,53,0,53,2443.94,14.32,1
4397,DECODE,53,0,53,2444.94,14.17,1
4398,DECODE,53,0,53,2445.94,14.28,1
4399,DECODE,53,0,53,2446.94,14.21,1
4400,DECODE,53,0,53,2447.94,15.44,1
4401,DECODE,53,0,53,2448.94,15.41,1
4402,DECODE,53,0,53,2449.94,15.26,1
4403,DECODE,53,0,53,2450.94,14.86,1
4404,DECODE,53,0,53,2451.94,14.67,1
4405,DECODE,53,0,53,2452.94,14.95,1
4406,DECODE,53,0,53,2453.94,14.79,1
4407,DECODE,53,0,53,2454.94,14.66,1
4408,DECODE,53,0,53,2455.94,14.88,1
4409,DECODE,53,0,53,2456.94,14.84,1
4410,DECODE,53,0,53,2457.94,14.78,1
4411,DECODE,53,0,53,2458.94,14.79,1
4412,DECODE,53,0,53,2459.94,14.86,1
4413,DECODE,53,0,53,2460.94,14.86,1
4414,DECODE,53,0,53,2461.94,15.73,1
4415,DECODE,53,0,53,2462.94,14.96,1
4416,DECODE,53,0,53,2463.94,15.28,1
4417,DECODE,53,0,53,2464.94,15.41,1
4418,DECODE,53,0,53,2465.94,15.52,1
4419,DECODE,53,0,53,2466.94,14.98,1
4420,DECODE,53,0,53,2467.94,14.75,1
4421,DECODE,53,0,53,2468.94,14.96,1
4422,DECODE,53,0,53,2469.94,15.02,1
4423,DECODE,53,0,53,2470.94,14.89,1
4424,DECODE,53,0,53,2471.94,15.04,1
4425,DECODE,53,0,53,2472.94,14.64,1
4426,DECODE,52,0,52,2474.63,15.32,1
4427,DECODE,52,0,52,2475.63,15.51,1
4428,DECODE,52,0,52,2476.63,15.40,1
4429,DECODE,52,0,52,2477.63,15.14,1
4430,DECODE,52,0,52,2478.63,15.13,1
4431,DECODE,52,0,52,2479.63,14.86,1
4432,DECODE,52,0,52,2480.63,14.90,1
4433,DECODE,52,0,52,2481.63,14.84,1
4434,DECODE,52,0,52,2482.63,14.94,1
4435,DECODE,52,0,52,2483.63,14.76,1
4436,DECODE,52,0,52,2484.63,14.77,1
4437,DECODE,52,0,52,2485.63,14.67,1
4438,DECODE,52,0,52,2486.63,14.79,1
4439,DECODE,52,0,52,2487.63,14.75,1
4440,DECODE,52,0,52,2488.63,14.82,1
4441,DECODE,52,0,52,2489.63,14.27,1
4442,DECODE,52,0,52,2490.63,15.84,1
4443,DECODE,52,0,52,2491.63,14.81,1
4444,DECODE,52,0,52,2492.63,14.72,1
4445,DECODE,52,0,52,2493.63,14.83,1
4446,DECODE,52,0,52,2494.63,14.02,1
4447,DECODE,52,0,52,2495.63,14.87,1
4448,DECODE,52,0,52,2496.63,14.73,1
4449,DECODE,52,0,52,2497.63,14.76,1
4450,DECODE,52,0,52,2498.63,14.73,1
4451,DECODE,52,0,52,2499.63,14.78,1
4452,DECODE,52,0,52,2500.63,14.76,1
4453,DECODE,52,0,52,2501.63,15.35,1
4454,DECODE,52,0,52,2502.63,14.92,1
4455,DECODE,52,0,52,2503.63,14.86,1
4456,DECODE,52,0,52,2504.63,14.87,1
4457,DECODE,52,0,52,2505.63,14.83,1
4458,DECODE,52,0,52,2506.63,14.97,1
4459,DECODE,52,0,52,2507.63,15.03,1
4460,DECODE,52,0,52,2508.63,15.04,1
4461,DECODE,46,0,46,2502.93,14.70,1
4462,EXTEND,4,604,0,368.00,62.94,1
4463,DECODE,50,0,50,2333.14,13.99,1
4464,DECODE,50,0,50,2334.14,14.53,1
4465,DECODE,50,0,50,2335.14,14.48,1
4466,DECODE,50,0,50,2336.14,14.80,1
4467,DECODE,49,0,49,2332.57,14.67,1
4468,EXTEND,2,162,0,300.00,48.56,1
4469,DECODE,51,0,51,2253.86,13.84,1
4470,DECODE,51,0,51,2254.86,13.89,1
4471,DECODE,51,0,51,2255.86,14.02,1
4472,DECODE,51,0,51,2256.86,14.43,1
4473,DECODE,51,0,51,2257.86,13.84,1
4474,DECODE,48,0,48,2239.98,14.08,1
4475,EXTEND,3,197,0,338.00,56.63,1
4476,DECODE,51,0,51,2129.10,14.02,1
4477,DECODE,51,0,51,2130.10,13.89,1
4478,DECODE,51,0,51,2131.10,15.02,1
4479,DECODE,51,0,51,2132.10,14.22,1
4480,DECODE,47,0,47,2096.68,14.22,1
4481,EXTEND,4,161,0,404.25,46.67,1
4482,DECODE,51,0,51,1964.94,14.23,1
4483,DECODE,51,0,51,1965.94,13.93,1
4484,DECODE,51,0,51,1966.94,13.92,1
4485,DECODE,51,0,51,1967.94,13.95,1
4486,DECODE,49,0,49,1944.78,14.19,1
4487,EXTEND,3,3,0,375.00,40.89,1
4488,DECODE,52,0,52,1855.21,13.82,1
4489,DECODE,52,0,52,1856.21,14.32,1
4490,DECODE,52,0,52,1857.21,13.93,1
4491,DECODE,52,0,52,1858.21,13.84,1
4492,DECODE,51,0,51,1845.45,14.17,1
4493,EXTEND,1,1,0,316.00,92.11,1
4494,DECODE,52,0,52,1817.04,13.97,1
4495,DECODE,52,0,52,1818.04,13.66,1
4496,DECODE,52,0,52,1819.04,13.81,1
4497,DECODE,52,0,52,1820.04,13.78,1
4498,DECODE,50,0,50,1791.44,13.20,1
4499,EXTEND,5,5,0,321.20,50.63,1
4500,DECODE,52,0,52,1606.73,13.59,1
4501,EXTEND,1,1,0,329.00,26.65,1
4502,DECODE,53,0,53,1583.62,13.05,1
4503,DECODE,53,0,53,1584.62,13.09,1
4504,DECODE,53,0,53,1585.62,13.15,1
4505,DECODE,53,0,53,1586.62,13.29,1
4506,DECODE,52,0,52,1568.90,14.05,1
4507,EXTEND,1,1,0,329.00,28.31,1
4508,DECODE,53,0,53,1546.51,13.03,1
4509,DECODE,53,0,53,1547.51,13.12,1
4510,DECODE,53,0,53,1548.51,13.17,1
4511,DECODE,53,0,53,1549.51,13.54,1
4512,DECODE,51,0,51,1510.88,13.19,1
4513,EXTEND,2,286,0,360.00,50.71,1
4514,DECODE,53,0,53,1468.45,13.33,1
4515,DECODE,53,0,53,1469.45,13.03,1
4516,DECODE,53,0,53,1470.45,13.01,1
4517,DECODE,53,0,53,1471.45,13.51,1
4518,DECODE,53,0,53,1472.45,13.04,1
4519,DECODE,53,0,53,1473.45,13.56,1
4520,DECODE,53,0,53,1474.45,14.78,1
4521,DECODE,53,0,53,1475.45,13.75,1
4522,DECODE,53,0,53,1476.45,13.68,1
4523,DECODE,53,0,53,1477.45,13.71,1
4524,DECODE,53,0,53,1478.45,13.83,1
4525,DECODE,53,0,53,1479.45,13.67,1
4526,DECODE,49,0,49,1392.24,13.40,1
4527,EXTEND,5,5,0,392.40,51.25,1
4528,DECODE,53,0,53,1276.91,13.33,1
4529,EXTEND,1,1,0,414.00,26.85,1
4530,DECODE,54,0,54,1261.93,12.43,1
4531,DECODE,54,0,54,1262.93,12.44,1
4532,DECODE,54,0,54,1263.93,12.51,1
4533,DECODE,54,0,54,1264.93,12.96,1
4534,DECODE,54,0,54,1265.93,12.89,1
4535,DECODE,52,0,52,1217.15,12.59,1
4536,EXTEND,3,3,0,351.33,40.39,1
4537,DECODE,55,0,55,1170.93,12.94,1
4538,DECODE,55,0,55,1171.93,12.88,1
4539,DECODE,55,0,55,1172.93,12.63,1
4540,DECODE,55,0,55,1173.93,12.85,1
4541,DECODE,54,0,54,1149.65,12.57,1
4542,EXTEND,1,1,0,379.00,38.65,1
4543,DECODE,55,0,55,1136.64,12.54,1
4544,DECODE,55,0,55,1137.64,13.01,1
4545,DECODE,55,0,55,1138.64,12.53,1
4546,DECODE,55,0,55,1139.64,12.89,1
4547,DECODE,55,0,55,1140.64,14.66,1
4548,DECODE,55,0,55,1141.64,13.06,1
4549,DECODE,55,0,55,1142.64,13.09,1
4550,DECODE,52,0,52,1061.87,13.01,1
4551,EXTEND,4,4,0,316.75,48.29,1
4552,DECODE,56,0,56,1009.64,12.65,1
4553,DECODE,56,0,56,1010.64,12.45,1
4554,DECODE,56,0,56,1011.64,13.18,1
4555,DECODE,56,0,56,1012.64,13.11,1
4556,DECODE,55,0,55,985.51,12.67,1
4557,EXTEND,1,1,0,347.00,39.76,1
4558,DECODE,56,0,56,975.11,12.35,1
4559,DECODE,56,0,56,976.11,12.30,1
4560,DECODE,56,0,56,977.11,12.34,1
4561,DECODE,56,0,56,978.11,12.24,1
4562,DECODE,56,0,56,979.11,12.92,1
4563,DECODE,56,0,56,980.11,12.94,1
4564,DECODE,56,0,56,981.11,12.72,1
4565,DECODE,52,0,52,860.65,12.67,1
4566,EXTEND,5,1915,0,703.40,76.10,1
4567,DECODE,57,0,57,847.86,12.54,1
4568,DECODE,57,0,57,848.86,12.44,1
4569,DECODE,57,0,57,849.86,12.17,1
4570,DECODE,57,0,57,850.86,12.55,1
4571,DECODE,55,0,55,789.71,12.14,1
4572,EXTEND,7,2240,0,677.29,86.26,1
4573,DECODE,57,0,57,621.61,12.44,1
4574,EXTEND,2,1308,0,986.50,52.63,1
4575,DECODE,59,0,59,634.98,12.28,1
4576,DECODE,59,0,59,635.98,12.18,1
4577,DECODE,59,0,59,636.98,12.17,1
4578,DECODE,59,0,59,637.98,12.79,1
4579,DECODE,59,0,59,638.98,12.26,1
4580,DECODE,59,0,59,639.98,12.54,1
4581,DECODE,59,0,59,640.98,11.79,1
4582,DECODE,59,0,59,641.98,12.66,1
4583,DECODE,59,0,59,642.98,12.58,1
4584,DECODE,59,0,59,643.98,12.64,1
4585,DECODE,55,0,55,505.64,12.63,1
4586,EXTEND,3,3023,0,1369.67,110.67,1
4587,DECODE,58,0,58,551.33,12.56,1
4588,DECODE,58,0,58,552.33,12.00,1
4589,DECODE,58,0,58,553.33,11.84,1
4590,DECODE,58,0,58,554.33,11.83,1
4591,DECODE,58,0,58,555.33,11.92,1
4592,DECODE,58,0,58,556.33,13.15,1
4593,DECODE,58,0,58,557.33,11.76,1
4594,DECODE,58,0,58,558.33,11.76,1
4595,DECODE,58,0,58,559.33,11.77,1
4596,DECODE,58,0,58,560.33,11.73,1
4597,DECODE,58,0,58,561.33,11.71,1
4598,DECODE,58,0,58,562.33,11.76,1
4599,DECODE,58,0,58,563.33,11.74,1
4600,DECODE,58,0,58,564.33,11.74,1
4601,DECODE,58,0,58,565.33,11.70,1
4602,DECODE,58,0,58,566.33,11.70,1
4603,DECODE,58,0,58,567.33,11.78,1
4604,DECODE,58,0,58,568.33,11.82,1
4605,DECODE,58,0,58,569.33,12.30,1
4606,DECODE,58,0,58,570.33,11.87,1
4607,DECODE,58,0,58,571.33,11.77,1
4608,DECODE,58,0,58,572.33,11.82,1
4609,DECODE,58,0,58,573.33,11.79,1
4610,DECODE,58,0,58,574.33,11.86,1
4611,DECODE,58,0,58,575.33,11.71,1
4612,DECODE,58,0,58,576.33,11.73,1
4613,DECODE,58,0,58,577.33,11.74,1
4614,DECODE,58,0,58,578.33,11.71,1
4615,DECODE,58,0,58,579.33,13.14,1
4616,DECODE,58,0,58,580.33,11.73,1
4617,DECODE,58,0,58,581.33,12.65,1
4618,DECODE,58,0,58,582.33,11.91,1
4619,DECODE,58,0,58,583.33,11.67,1
4620,DECODE,58,0,58,584.33,11.78,1
4621,DECODE,58,0,58,585.33,11.70,1
4622,DECODE,58,0,58,586.33,11.82,1
4623,DECODE,58,0,58,587.33,11.76,1
4624,DECODE,58,0,58,588.33,11.82,1
4625,DECODE,58,0,58,589.33,11.73,1
4626,DECODE,58,0,58,590.33,11.60,1
4627,DECODE,58,0,58,591.33,11.56,1
4628,DECODE,58,0,58,592.33,11.64,1
4629,DECODE,58,0,58,593.33,11.56,1
4630,DECODE,58,0,58,594.33,11.61,1
4631,DECODE,58,0,58,595.33,11.57,1
4632,DECODE,58,0,58,596.33,11.62,1
4633,DECODE,58,0,58,597.33,11.49,1
4634,DECODE,58,0,58,598.33,11.59,1
4635,DECODE,58,0,58,599.33,11.39,1
4636,DECODE,58,0,58,600.33,11.60,1
4637,DECODE,58,0,58,601.33,11.60,1
4638,DECODE,58,0,58,602.33,11.62,1
4639,DECODE,58,0,58,603.33,11.66,1
4640,DECODE,58,0,58,604.33,11.66,1
4641,DECODE,58,0,58,605.33,11.67,1
4642,DECODE,58,0,58,606.33,11.73,1
4643,DECODE,58,0,58,607.33,11.58,1
4644,DECODE,58,0,58,608.33,12.12,1
4645,DECODE,58,0,58,609.33,12.53,1
4646,DECODE,58,0,58,610.33,12.58,1
4647,DECODE,58,0,58,611.33,12.59,1
4648,DECODE,58,0,58,612.33,12.65,1
4649,DECODE,58,0,58,613.33,12.69,1
4650,DECODE,58,0,58,614.33,12.70,1
4651,DECODE,58,0,58,615.33,12.71,1
4652,DECODE,58,0,58,616.33,12.61,1
4653,DECODE,58,0,58,617.33,12.68,1
4654,DECODE,58,0,58,618.33,12.58,1
4655,DECODE,58,0,58,619.33,12.67,1
4656,DECODE,58,0,58,620.33,12.55,1
4657,DECODE,58,0,58,621.33,12.62,1
4658,DECODE,58,0,58,622.33,12.58,1
4659,DECODE,58,0,58,623.33,12.81,1
4660,DECODE,58,0,58,624.33,12.80,1
4661,DECODE,58,0,58,625.33,12.65,1
4662,DECODE,58,0,58,626.33,12.61,1
4663,DECODE,58,0,58,627.33,12.71,1
4664,DECODE,58,0,58,628.33,12.67,1
4665,DECODE,58,0,58,629.33,12.66,1
4666,DECODE,58,0,58,630.33,12.29,1
4667,DECODE,58,0,58,631.33,12.68,1
4668,DECODE,58,0,58,632.33,12.68,1
4669,DECODE,58,0,58,633.33,12.63,1
4670,DECODE,58,0,58,634.33,12.65,1
4671,DECODE,58,0,58,635.33,12.65,1
4672,DECODE,58,0,58,636.33,12.75,1
4673,DECODE,58,0,58,637.33,11.89,1
4674,DECODE,58,0,58,638.33,11.82,1
4675,DECODE,58,0,58,639.33,11.98,1
4676,DECODE,58,0,58,640.33,11.91,1
4677,DECODE,58,0,58,641.33,11.99,1
4678,DECODE,58,0,58,642.33,11.93,1
4679,DECODE,58,0,58,643.33,11.94,1
4680,DECODE,58,0,58,644.33,11.86,1
4681,DECODE,58,0,58,645.33,12.58,1
4682,DECODE,58,0,58,646.33,12.03,1
4683,DECODE,58,0,58,647.33,11.70,1
4684,DECODE,58,0,58,648.33,11.89,1
4685,DECODE,58,0,58,649.33,11.87,1
4686,DECODE,58,0,58,650.33,12.03,1
4687,DECODE,58,0,58,651.33,12.04,1
4688,DECODE,58,0,58,652.33,12.00,1
4689,DECODE,58,0,58,653.33,11.98,1
4690,DECODE,58,0,58,654.33,12.04,1
4691,DECODE,58,0,58,655.33,11.89,1
4692,DECODE,58,0,58,656.33,12.24,1
4693,DECODE,58,0,58,657.33,12.01,1
4694,DECODE,58,0,58,658.33,11.92,1
4695,DECODE,58,0,58,659.33,12.73,1
4696,DECODE,58,0,58,660.33,12.64,1
4697,DECODE,58,0,58,661.33,12.67,1
4698,DECODE,58,0,58,662.33,13.00,1
4699,DECODE,58,0,58,663.33,12.69,1
4700,DECODE,58,0,58,664.33,12.71,1
4701,DECODE,58,0,58,665.33,12.67,1
4702,DECODE,58,0,58,666.33,12.76,1
4703,DECODE,58,0,58,667.33,12.71,1
4704,DECODE,58,0,58,668.33,12.75,1
4705,DECODE,58,0,58,669.33,12.61,1
4706,DECODE,58,0,58,670.33,12.73,1
4707,DECODE,58,0,58,671.33,12.77,1
4708,DECODE,58,0,58,672.33,12.72,1
4709,DECODE,58,0,58,673.33,12.64,1
4710,DECODE,58,0,58,674.33,12.65,1
4711,DECODE,58,0,58,675.33,12.56,1
4712,DECODE,58,0,58,676.33,12.67,1
4713,DECODE,58,0,58,677.33,12.65,1
4714,DECODE,58,0,58,678.33,12.75,1
4715,DECODE,58,0,58,679.33,12.61,1
4716,DECODE,58,0,58,680.33,12.59,1
4717,DECODE,58,0,58,681.33,12.63,1
4718,DECODE,58,0,58,682.33,12.68,1
4719,DECODE,58,0,58,683.33,12.63,1
4720,DECODE,58,0,58,684.33,12.72,1
4721,DECODE,58,0,58,685.33,12.59,1
4722,DECODE,58,0,58,686.33,12.62,1
4723,DECODE,58,0,58,687.33,12.58,1
4724,DECODE,58,0,58,688.33,12.56,1
4725,DECODE,58,0,58,689.33,12.70,1
4726,DECODE,58,0,58,690.33,12.70,1
4727,DECODE,58,0,58,691.33,12.73,1
4728,DECODE,58,0,58,692.33,12.64,1
4729,DECODE,58,0,58,693.33,12.65,1
4730,DECODE,58,0,58,694.33,12.74,1
4731,DECODE,58,0,58,695.33,12.77,1
4732,DECODE,58,0,58,696.33,12.85,1
4733,DECODE,58,0,58,697.33,12.82,1
4734,DECODE,58,0,58,698.33,12.83,1
4735,DECODE,58,0,58,699.33,13.22,1
4736,DECODE,58,0,58,700.33,12.96,1
4737,DECODE,58,0,58,701.33,12.66,1
4738,DECODE,58,0,58,702.33,12.72,1
4739,DECODE,58,0,58,703.33,12.65,1
4740,DECODE,58,0,58,704.33,12.68,1
4741,DECODE,58,0,58,705.33,12.65,1
4742,DECODE,58,0,58,706.33,12.68,1
4743,DECODE,58,0,58,707.33,12.77,1
4744,DECODE,58,0,58,708.33,12.75,1
4745,DECODE,58,0,58,709.33,12.64,1
4746,DECODE,58,0,58,710.33,12.64,1
4747,DECODE,58,0,58,711.33,12.72,1
4748,DECODE,58,0,58,712.33,12.85,1
4749,DECODE,58,0,58,713.33,12.72,1
4750,DECODE,58,0,58,714.33,12.79,1
4751,DECODE,58,0,58,715.33,12.68,1
4752,DECODE,58,0,58,716.33,12.81,1
4753,DECODE,58,0,58,717.33,12.75,1
4754,DECODE,58,0,58,718.33,13.51,1
4755,DECODE,58,0,58,719.33,12.01,1
4756,DECODE,58,0,58,720.33,12.12,1
4757,DECODE,58,0,58,721.33,12.69,1
4758,DECODE,58,0,58,722.33,12.07,1
4759,DECODE,58,0,58,723.33,12.72,1
4760,DECODE,58,0,58,724.33,12.76,1
4761,DECODE,58,0,58,725.33,12.73,1
4762,DECODE,58,0,58,726.33,12.68,1
4763,DECODE,58,0,58,727.33,12.47,1
4764,DECODE,58,0,58,728.33,12.48,1
4765,DECODE,58,0,58,729.33,12.42,1
4766,DECODE,58,0,58,730.33,12.43,1
4767,DECODE,58,0,58,731.33,11.82,1
4768,DECODE,58,0,58,732.33,11.83,1
4769,DECODE,58,0,58,733.33,11.85,1
4770,DECODE,58,0,58,734.33,11.86,1
4771,DECODE,58,0,58,735.33,11.92,1
4772,DECODE,58,0,58,736.33,11.90,1
4773,DECODE,58,0,58,737.33,11.89,1
4774,DECODE,58,0,58,738.33,11.89,1
4775,DECODE,58,0,58,739.33,11.84,1
4776,DECODE,58,0,58,740.33,12.63,1
4777,DECODE,58,0,58,741.33,12.75,1
4778,DECODE,58,0,58,742.33,12.79,1
4779,DECODE,58,0,58,743.33,12.74,1
4780,DECODE,58,0,58,744.33,13.27,1
4781,DECODE,58,0,58,745.33,12.78,1
4782,DECODE,58,0,58,746.33,12.79,1
4783,DECODE,58,0,58,747.33,12.74,1
4784,DECODE,58,0,58,748.33,12.79,1
4785,DECODE,58,0,58,749.33,12.80,1
4786,DECODE,58,0,58,750.33,12.79,1
4787,DECODE,58,0,58,751.33,12.73,1
4788,DECODE,58,0,58,752.33,14.34,1
4789,DECODE,58,0,58,753.33,13.41,1
4790,DECODE,58,0,58,754.33,12.97,1
4791,DECODE,58,0,58,755.33,12.90,1
4792,DECODE,58,0,58,756.33,13.00,1
4793,DECODE,58,0,58,757.33,12.87,1
4794,DECODE,58,0,58,758.33,13.18,1
4795,DECODE,58,0,58,759.33,12.95,1
4796,DECODE,58,0,58,760.33,13.12,1
4797,DECODE,58,0,58,761.33,13.00,1
4798,DECODE,58,0,58,762.33,13.03,1
4799,DECODE,58,0,58,763.33,13.80,1
4800,DECODE,58,0,58,764.33,12.80,1
4801,DECODE,58,0,58,765.33,12.67,1
4802,DECODE,58,0,58,766.33,12.73,1
4803,DECODE,58,0,58,767.33,12.72,1
4804,DECODE,58,0,58,768.33,12.79,1
4805,DECODE,58,0,58,769.33,12.76,1
4806,DECODE,58,0,58,770.33,12.85,1
4807,DECODE,58,0,58,771.33,12.92,1
4808,DECODE,58,0,58,772.33,12.65,1
4809,DECODE,58,0,58,773.33,13.81,1
4810,DECODE,58,0,58,774.33,12.14,1
4811,DECODE,58,0,58,775.33,13.43,1
4812,DECODE,58,0,58,776.33,12.63,1
4813,DECODE,58,0,58,777.33,12.55,1
4814,DECODE,58,0,58,778.33,12.64,1
4815,DECODE,58,0,58,779.33,12.62,1
4816,DECODE,58,0,58,780.33,12.51,1
4817,DECODE,58,0,58,781.33,12.10,1
4818,DECODE,58,0,58,782.33,12.86,1
4819,DECODE,58,0,58,783.33,12.03,1
4820,DECODE,58,0,58,784.33,12.60,1
4821,DECODE,58,0,58,785.33,12.54,1
4822,DECODE,58,0,58,786.33,12.62,1
4823,DECODE,58,0,58,787.33,12.55,1
4824,DECODE,58,0,58,788.33,12.54,1
4825,DECODE,58,0,58,789.33,12.82,1
4826,DECODE,58,0,58,790.33,12.85,1
4827,DECODE,58,0,58,791.33,12.77,1
4828,DECODE,57,0,57,774.18,14.65,1
4829,EXTEND,8,8192,0,1316.50,282.06,1
4830,EXTEND,5,5576,0,1506.40,182.39,1
4831,DECODE,69,0,69,894.49,14.23,1
4832,DECODE,69,0,69,895.49,13.71,1
4833,DECODE,69,0,69,896.49,13.83,1
4834,DECODE,69,0,69,897.49,13.85,1
4835,DECODE,69,0,69,898.49,15.34,1
4836,DECODE,69,0,69,899.49,13.90,1
4837,DECODE,69,0,69,900.49,13.84,1
4838,DECODE,69,0,69,901.49,13.76,1
4839,DECODE,69,0,69,902.49,13.88,1
4840,DECODE,69,0,69,903.49,13.77,1
4841,DECODE,69,0,69,904.49,13.88,1
4842,DECODE,69,0,69,905.49,13.82,1
4843,DECODE,69,0,69,906.49,13.79,1
4844,DECODE,69,0,69,907.49,13.79,1
4845,DECODE,69,0,69,908.49,13.80,1
4846,DECODE,69,0,69,909.49,13.74,1
4847,DECODE,69,0,69,910.49,13.73,1
4848,DECODE,69,0,69,911.49,13.83,1
4849,DECODE,69,0,69,912.49,14.66,1
4850,DECODE,69,0,69,913.49,13.56,1
4851,DECODE,69,0,69,914.49,13.18,1
4852,DECODE,69,0,69,915.49,13.72,1
4853,DECODE,69,0,69,916.49,13.76,1
4854,DECODE,69,0,69,917.49,13.72,1
4855,DECODE,69,0,69,918.49,13.78,1
4856,DECODE,69,0,69,919.49,14.25,1
4857,DECODE,69,0,69,920.49,14.00,1
4858,DECODE,69,0,69,921.49,13.84,1
4859,DECODE,69,0,69,922.49,13.81,1
4860,DECODE,69,0,69,923.49,13.80,1
4861,DECODE,69,0,69,924.49,13.82,1
4862,DECODE,69,0,69,925.49,13.93,1
4863,DECODE,69,0,69,926.49,13.76,1
4864,DECODE,69,0,69,927.49,13.77,1
4865,DECODE,69,0,69,928.49,13.83,1
4866,DECODE,69,0,69,929.49,13.30,1
4867,DECODE,69,0,69,930.49,13.80,1
4868,DECODE,69,0,69,931.49,13.76,1
4869,DECODE,69,0,69,932.49,13.81,1
4870,DECODE,69,0,69,933.49,13.76,1
4871,DECODE,69,0,69,934.49,14.08,1
4872,DECODE,69,0,69,935.49,14.21,1
4873,DECODE,69,0,69,936.49,13.93,1
4874,DECODE,69,0,69,937.49,13.74,1
4875,DECODE,69,0,69,938.49,13.86,1
4876,DECODE,69,0,69,939.49,13.69,1
4877,DECODE,69,0,69,940.49,13.96,1
4878,DECODE,69,0,69,941.49,13.82,1
4879,DECODE,69,0,69,942.49,13.79,1
4880,DECODE,69,0,69,943.49,13.90,1
4881,DECODE,69,0,69,944.49,13.81,1
4882,DECODE,69,0,69,945.49,13.81,1
4883,DECODE,69,0,69,946.49,13.82,1
4884,DECODE,69,0,69,947.49,13.81,1
4885,DECODE,69,0,69,948.49,13.80,1
4886,DECODE,69,0,69,949.49,13.80,1
4887,DECODE,69,0,69,950.49,13.78,1
4888,DECODE,69,0,69,951.49,13.87,1
4889,DECODE,69,0,69,952.49,13.80,1
4890,DECODE,69,0,69,953.49,13.88,1
4891,DECODE,69,0,69,954.49,13.85,1
4892,DECODE,69,0,69,955.49,13.92,1
4893,DECODE,69,0,69,956.49,13.60,1
4894,DECODE,69,0,69,957.49,13.80,1
4895,DECODE,69,0,69,958.49,13.89,1
4896,DECODE,69,0,69,959.49,13.83,1
4897,DECODE,69,0,69,960.49,13.86,1
4898,DECODE,69,0,69,961.49,13.74,1
4899,DECODE,69,0,69,962.49,13.78,1
4900,DECODE,69,0,69,963.49,14.62,1
4901,DECODE,69,0,69,964.49,13.86,1
4902,DECODE,69,0,69,965.49,13.82,1
4903,DECODE,69,0,69,966.49,13.93,1
4904,DECODE,69,0,69,967.49,13.89,1
4905,DECODE,69,0,69,968.49,13.97,1
4906,DECODE,69,0,69,969.49,13.82,1
4907,DECODE,69,0,69,970.49,13.95,1
4908,DECODE,69,0,69,971.49,14.43,1
4909,DECODE,69,0,69,972.49,13.86,1
4910,DECODE,69,0,69,973.49,13.78,1
4911,DECODE,69,0,69,974.49,13.80,1
4912,DECODE,69,0,69,975.49,13.91,1
4913,DECODE,69,0,69,976.49,13.86,1
4914,DECODE,69,0,69,977.49,13.83,1
4915,DECODE,69,0,69,978.49,14.45,1
4916,DECODE,69,0,69,979.49,13.99,1
4917,DECODE,69,0,69,980.49,13.78,1
4918,DECODE,69,0,69,981.49,13.83,1
4919,DECODE,69,0,69,982.49,13.83,1
4920,DECODE,69,0,69,983.49,13.78,1
4921,DECODE,69,0,69,984.49,13.85,1
4922,DECODE,69,0,69,985.49,13.85,1
4923,DECODE,69,0,69,986.49,13.83,1
4924,DECODE,69,0,69,987.49,13.82,1
4925,DECODE,69,0,69,988.49,14.92,1
4926,DECODE,69,0,69,989.49,13.77,1
4927,DECODE,69,0,69,990.49,13.77,1
4928,DECODE,69,0,69,991.49,13.77,1
4929,DECODE,69,0,69,992.49,13.78,1
4930,DECODE,69,0,69,993.49,13.75,1
4931,DECODE,69,0,69,994.49,13.83,1
4932,DECODE,69,0,69,995.49,13.77,1
4933,DECODE,69,0,69,996.49,13.85,1
4934,DECODE,69,0,69,997.49,13.89,1
4935,DECODE,69,0,69,998.49,14.10,1
4936,DECODE,69,0,69,999.49,13.80,1
4937,DECODE,68,0,68,1004.04,14.20,1
4938,EXTEND,5,6739,0,1589.20,221.69,1
4939,DECODE,73,0,73,1045.12,14.24,1
4940,DECODE,73,0,73,1046.12,13.28,1
4941,DECODE,73,0,73,1047.12,13.73,1
4942,DECODE,73,0,73,1048.12,13.65,1
4943,DECODE,73,0,73,1049.12,13.52,1
4944,DECODE,73,0,73,1050.12,13.86,1
4945,DECODE,73,0,73,1051.12,13.79,1
4946,DECODE,73,0,73,1052.12,13.91,1
4947,DECODE,73,0,73,1053.12,13.79,1
4948,DECODE,73,0,73,1054.12,13.96,1
4949,DECODE,73,0,73,1055.12,13.43,1
4950,DECODE,73,0,73,1056.12,14.00,1
4951,DECODE,73,0,73,1057.12,13.82,1
4952,DECODE,73,0,73,1058.12,14.19,1
4953,DECODE,73,0,73,1059.12,13.45,1
4954,DECODE,73,0,73,1060.12,14.42,1
4955,DECODE,73,0,73,1061.12,13.86,1
4956,DECODE,73,0,73,1062.12,14.00,1
4957,DECODE,73,0,73,1063.12,13.88,1
4958,DECODE,73,0,73,1064.12,14.12,1
4959,DECODE,73,0,73,1065.12,13.90,1
4960,DECODE,73,0,73,1066.12,13.95,1
4961,DECODE,73,0,73,1067.12,13.92,1
4962,DECODE,73,0,73,1068.12,14.10,1
4963,DECODE,73,0,73,1069.12,13.96,1
4964,DECODE,73,0,73,1070.12,13.97,1
4965,DECODE,73,0,73,1071.12,13.60,1
4966,DECODE,73,0,73,1072.12,13.97,1
4967,DECODE,73,0,73,1073.12,13.75,1
4968,DECODE,73,0,73,1074.12,14.96,1
4969,DECODE,73,0,73,1075.12,13.27,1
4970,DECODE,73,0,73,1076.12,13.09,1
4971,DECODE,73,0,73,1077.12,13.08,1
4972,DECODE,73,0,73,1078.12,13.12,1
4973,DECODE,73,0,73,1079.12,13.07,1
4974,DECODE,73,0,73,1080.12,13.08,1
4975,DECODE,73,0,73,1081.12,13.03,1
4976,DECODE,73,0,73,1082.12,13.03,1
4977,DECODE,73,0,73,1083.12,13.56,1
4978,DECODE,73,0,73,1084.12,14.04,1
4979,DECODE,73,0,73,1085.12,13.38,1
4980,DECODE,73,0,73,1086.12,13.15,1
4981,DECODE,73,0,73,1087.12,13.05,1
4982,DECODE,73,0,73,1088.12,13.04,1
4983,DECODE,73,0,73,1089.12,13.06,1
4984,DECODE,73,0,73,1090.12,13.08,1
4985,DECODE,73,0,73,1091.12,13.11,1
4986,DECODE,73,0,73,1092.12,13.10,1
4987,DECODE,73,0,73,1093.12,13.09,1
4988,DECODE,73,0,73,1094.12,13.78,1
4989,DECODE,73,0,73,1095.12,13.92,1
4990,DECODE,73,0,73,1096.12,13.99,1
4991,DECODE,73,0,73,1097.12,13.94,1
4992,DECODE,73,0,73,1098.12,13.90,1
4993,DECODE,73,0,73,1099.12,13.91,1
4994,DECODE,73,0,73,1100.12,13.76,1
4995,DECODE,73,0,73,1101.12,13.95,1
4996,DECODE,73,0,73,1102.12,13.96,1
4997,DECODE,73,0,73,1103.12,13.78,1
4998,DECODE,73,0,73,1104.12,13.92,1
4999,DECODE,73,0,73,1105.12,13.85,1
5000,DECODE,73,0,73,1106.12,13.88,1
5001,DECODE,73,0,73,1107.12,13.06,1
5002,DECODE,73,0,73,1108.12,13.08,1
5003,DECODE,73,0,73,1109.12,13.25,1
5004,DECODE,73,0,73,1110.12,13.28,1
5005,DECODE,73,0,73,1111.12,13.31,1
5006,DECODE,73,0,73,1112.12,14.50,1
5007,DECODE,73,0,73,1113.12,14.28,1
5008,DECODE,73,0,73,1114.12,13.92,1
5009,DECODE,73,0,73,1115.12,13.58,1
5010,DECODE,73,0,73,1116.12,13.17,1
5011,DECODE,73,0,73,1117.12,13.55,1
5012,DECODE,73,0,73,1118.12,13.15,1
5013,DECODE,73,0,73,1119.12,13.15,1
5014,DECODE,73,0,73,1120.12,13.15,1
5015,DECODE,73,0,73,1121.12,14.82,1
5016,DECODE,73,0,73,1122.12,13.40,1
5017,DECODE,73,0,73,1123.12,13.19,1
5018,DECODE,73,0,73,1124.12,13.21,1
5019,DECODE,73,0,73,1125.12,13.22,1
5020,DECODE,73,0,73,1126.12,13.15,1
5021,DECODE,73,0,73,1127.12,13.65,1
5022,DECODE,73,0,73,1128.12,13.09,1
5023,DECODE,73,0,73,1129.12,13.56,1
5024,DECODE,73,0,73,1130.12,13.11,1
5025,DECODE,73,0,73,1131.12,14.48,1
5026,DECODE,73,0,73,1132.12,14.03,1
5027,DECODE,73,0,73,1133.12,13.07,1
5028,DECODE,73,0,73,1134.12,13.15,1
5029,DECODE,73,0,73,1135.12,13.05,1
5030,DECODE,73,0,73,1136.12,13.10,1
5031,DECODE,73,0,73,1137.12,13.03,1
5032,DECODE,73,0,73,1138.12,13.03,1
5033,DECODE,73,0,73,1139.12,13.02,1
5034,DECODE,73,0,73,1140.12,14.95,1
5035,DECODE,73,0,73,1141.12,14.02,1
5036,DECODE,73,0,73,1142.12,14.04,1
5037,DECODE,73,0,73,1143.12,14.28,1
5038,DECODE,73,0,73,1144.12,13.25,1
5039,DECODE,73,0,73,1145.12,12.94,1
5040,DECODE,73,0,73,1146.12,13.06,1
5041,DECODE,73,0,73,1147.12,13.04,1
5042,DECODE,73,0,73,1148.12,13.14,1
5043,DECODE,73,0,73,1149.12,13.07,1
5044,DECODE,73,0,73,1150.12,13.07,1
5045,DECODE,73,0,73,1151.12,13.03,1
5046,DECODE,73,0,73,1152.12,13.11,1
5047,DECODE,73,0,73,1153.12,12.95,1
5048,DECODE,73,0,73,1154.12,13.19,1
5049,DECODE,73,0,73,1155.12,13.44,1
5050,DECODE,73,0,73,1156.12,13.21,1
5051,DECODE,73,0,73,1157.12,13.24,1
5052,DECODE,73,0,73,1158.12,13.15,1
5053,DECODE,73,0,73,1159.12,13.07,1
5054,DECODE,73,0,73,1160.12,13.09,1
5055,DECODE,73,0,73,1161.12,13.01,1
5056,DECODE,73,0,73,1162.12,13.09,1
5057,DECODE,73,0,73,1163.12,13.11,1
5058,DECODE,73,0,73,1164.12,13.11,1
5059,DECODE,73,0,73,1165.12,13.98,1
5060,DECODE,73,0,73,1166.12,13.89,1
5061,DECODE,73,0,73,1167.12,13.87,1
5062,DECODE,73,0,73,1168.12,13.83,1
5063,DECODE,73,0,73,1169.12,14.08,1
5064,DECODE,73,0,73,1170.12,14.04,1
5065,DECODE,73,0,73,1171.12,13.97,1
5066,DECODE,73,0,73,1172.12,14.01,1
5067,DECODE,73,0,73,1173.12,13.71,1
5068,DECODE,73,0,73,1174.12,13.45,1
5069,DECODE,73,0,73,1175.12,13.91,1
5070,DECODE,73,0,73,1176.12,14.02,1
5071,DECODE,73,0,73,1177.12,13.98,1
5072,DECODE,73,0,73,1178.12,14.06,1
5073,DECODE,73,0,73,1179.12,14.03,1
5074,DECODE,73,0,73,1180.12,14.17,1
5075,DECODE,73,0,73,1181.12,14.10,1
5076,DECODE,73,0,73,1182.12,14.06,1
5077,DECODE,73,0,73,1183.12,14.03,1
5078,DECODE,73,0,73,1184.12,14.13,1
5079,DECODE,73,0,73,1185.12,13.96,1
5080,DECODE,73,0,73,1186.12,13.99,1
5081,DECODE,73,0,73,1187.12,14.03,1
5082,DECODE,73,0,73,1188.12,14.08,1
5083,DECODE,73,0,73,1189.12,14.03,1
5084,DECODE,73,0,73,1190.12,14.04,1
5085,DECODE,73,0,73,1191.12,13.92,1
5086,DECODE,73,0,73,1192.12,13.92,1
5087,DECODE,73,0,73,1193.12,14.08,1
5088,DECODE,73,0,73,1194.12,13.85,1
5089,DECODE,73,0,73,1195.12,13.99,1
5090,DECODE,73,0,73,1196.12,13.88,1
5091,DECODE,73,0,73,1197.12,13.22,1
5092,DECODE,73,0,73,1198.12,13.17,1
5093,DECODE,73,0,73,1199.12,13.15,1
5094,DECODE,73,0,73,1200.12,13.21,1
5095,DECODE,73,0,73,1201.12,13.17,1
5096,DECODE,73,0,73,1202.12,13.23,1
5097,DECODE,73,0,73,1203.12,14.80,1
5098,DECODE,73,0,73,1204.12,14.13,1
5099,DECODE,73,0,73,1205.12,14.19,1
5100,DECODE,73,0,73,1206.12,14.18,1
5101,DECODE,73,0,73,1207.12,14.08,1
5102,DECODE,73,0,73,1208.12,14.16,1
5103,DECODE,73,0,73,1209.12,14.14,1
5104,DECODE,73,0,73,1210.12,14.04,1
5105,DECODE,73,0,73,1211.12,14.03,1
5106,DECODE,73,0,73,1212.12,13.98,1
5107,DECODE,73,0,73,1213.12,13.97,1
5108,DECODE,73,0,73,1214.12,13.30,1
5109,DECODE,73,0,73,1215.12,13.23,1
5110,DECODE,73,0,73,1216.12,13.27,1
5111,DECODE,73,0,73,1217.12,13.69,1
5112,DECODE,73,0,73,1218.12,13.23,1
5113,DECODE,73,0,73,1219.12,13.28,1
5114,DECODE,73,0,73,1220.12,13.23,1
5115,DECODE,73,0,73,1221.12,13.26,1
5116,DECODE,73,0,73,1222.12,13.26,1
5117,DECODE,73,0,73,1223.12,13.23,1
5118,DECODE,73,0,73,1224.12,13.29,1
5119,DECODE,73,0,73,1225.12,13.29,1
5120,DECODE,73,0,73,1226.12,13.34,1
5121,DECODE,73,0,73,1227.12,13.33,1
5122,DECODE,73,0,73,1228.12,13.31,1
5123,DECODE,73,0,73,1229.12,13.28,1
5124,DECODE,73,0,73,1230.12,13.28,1
5125,DECODE,73,0,73,1231.12,13.29,1
5126,DECODE,73,0,73,1232.12,13.34,1
5127,DECODE,73,0,73,1233.12,13.41,1
5128,DECODE,73,0,73,1234.12,13.30,1
5129,DECODE,73,0,73,1235.12,13.59,1
5130,DECODE,73,0,73,1236.12,13.32,1
5131,DECODE,73,0,73,1237.12,13.26,1
5132,DECODE,73,0,73,1238.12,13.33,1
5133,DECODE,73,0,73,1239.12,13.35,1
5134,DECODE,73,0,73,1240.12,13.30,1
5135,DECODE,73,0,73,1241.12,13.32,1
5136,DECODE,73,0,73,1242.12,13.28,1
5137,DECODE,73,0,73,1243.12,13.30,1
5138,DECODE,73,0,73,1244.12,14.17,1
5139,DECODE,73,0,73,1245.12,14.12,1
5140,DECODE,73,0,73,1246.12,14.11,1
5141,DECODE,73,0,73,1247.12,14.14,1
5142,DECODE,73,0,73,1248.12,14.08,1
5143,DECODE,73,0,73,1249.12,14.20,1
5144,DECODE,73,0,73,1250.12,14.09,1
5145,DECODE,73,0,73,1251.12,14.13,1
5146,DECODE,73,0,73,1252.12,14.03,1
5147,DECODE,73,0,73,1253.12,14.08,1
5148,DECODE,73,0,73,1254.12,14.13,1
5149,DECODE,73,0,73,1255.12,14.10,1
5150,DECODE,73,0,73,1256.12,14.14,1
5151,DECODE,73,0,73,1257.12,14.11,1
5152,DECODE,73,0,73,1258.12,14.10,1
5153,DECODE,73,0,73,1259.12,14.23,1
5154,DECODE,73,0,73,1260.12,14.34,1
5155,DECODE,73,0,73,1261.12,14.20,1
5156,DECODE,73,0,73,1262.12,14.34,1
5157,DECODE,73,0,73,1263.12,14.26,1
5158,DECODE,73,0,73,1264.12,14.12,1
5159,DECODE,73,0,73,1265.12,14.22,1
5160,DECODE,73,0,73,1266.12,14.28,1
5161,DECODE,73,0,73,1267.12,13.42,1
5162,DECODE,73,0,73,1268.12,13.39,1
5163,DECODE,73,0,73,1269.12,13.41,1
5164,DECODE,73,0,73,1270.12,13.33,1
5165,DECODE,73,0,73,1271.12,13.43,1
5166,DECODE,73,0,73,1272.12,13.33,1
5167,DECODE,73,0,73,1273.12,13.26,1
5168,DECODE,73,0,73,1274.12,13.38,1
5169,DECODE,73,0,73,1275.12,13.38,1
5170,DECODE,73,0,73,1276.12,13.41,1
5171,DECODE,73,0,73,1277.12,13.40,1
5172,DECODE,73,0,73,1278.12,13.41,1
5173,DECODE,73,0,73,1279.12,13.42,1
5174,DECODE,73,0,73,1280.12,13.38,1
5175,DECODE,73,0,73,1281.12,13.35,1
5176,DECODE,73,0,73,1282.12,13.38,1
5177,DECODE,73,0,73,1283.12,13.30,1
5178,DECODE,73,0,73,1284.12,13.37,1
5179,DECODE,73,0,73,1285.12,15.02,1
5180,DECODE,73,0,73,1286.12,13.60,1
5181,DECODE,73,0,73,1287.12,14.31,1
5182,DECODE,73,0,73,1288.12,15.43,1
5183,DECODE,73,0,73,1289.12,14.27,1
5184,DECODE,73,0,73,1290.12,14.27,1
5185,DECODE,73,0,73,1291.12,14.19,1
5186,DECODE,73,0,73,1292.12,14.10,1
5187,DECODE,73,0,73,1293.12,14.18,1
5188,DECODE,73,0,73,1294.12,14.06,1
5189,DECODE,73,0,73,1295.12,14.10,1
5190,DECODE,73,0,73,1296.12,14.17,1
5191,DECODE,73,0,73,1297.12,14.11,1
5192,DECODE,73,0,73,1298.12,14.24,1
5193,DECODE,73,0,73,1299.12,14.25,1
5194,DECODE,73,0,73,1300.12,14.11,1
5195,DECODE,73,0,73,1301.12,14.13,1
5196,DECODE,73,0,73,1302.12,14.11,1
5197,DECODE,73,0,73,1303.12,14.22,1
5198,DECODE,73,0,73,1304.12,14.20,1
5199,DECODE,73,0,73,1305.12,14.21,1
5200,DECODE,73,0,73,1306.12,14.57,1
5201,DECODE,73,0,73,1307.12,14.37,1
5202,DECODE,73,0,73,1308.12,14.23,1
5203,DECODE,73,0,73,1309.12,13.88,1
5204,DECODE,73,0,73,1310.12,14.17,1
5205,DECODE,73,0,73,1311.12,14.25,1
5206,DECODE,73,0,73,1312.12,14.09,1
5207,DECODE,73,0,73,1313.12,14.18,1
5208,DECODE,73,0,73,1314.12,14.07,1
5209,DECODE,73,0,73,1315.12,13.74,1
5210,DECODE,73,0,73,1316.12,14.31,1
5211,DECODE,73,0,73,1317.12,14.69,1
5212,DECODE,73,0,73,1318.12,14.43,1
5213,DECODE,73,0,73,1319.12,14.29,1
5214,DECODE,73,0,73,1320.12,14.39,1
5215,DECODE,73,0,73,1321.12,14.77,1
5216,DECODE,73,0,73,1322.12,13.83,1
5217,DECODE,73,0,73,1323.12,13.91,1
5218,DECODE,73,0,73,1324.12,13.92,1
5219,DECODE,73,0,73,1325.12,13.98,1
5220,DECODE,73,0,73,1326.12,13.85,1
5221,DECODE,73,0,73,1327.12,14.01,1
5222,DECODE,73,0,73,1328.12,13.87,1
5223,DECODE,73,0,73,1329.12,14.02,1
5224,DECODE,73,0,73,1330.12,14.23,1
5225,DECODE,73,0,73,1331.12,14.06,1
5226,DECODE,73,0,73,1332.12,14.20,1
5227,DECODE,73,0,73,1333.12,14.18,1
5228,DECODE,73,0,73,1334.12,15.05,1
5229,DECODE,73,0,73,1335.12,15.15,1
5230,DECODE,73,0,73,1336.12,14.42,1
5231,DECODE,73,0,73,1337.12,14.34,1
5232,DECODE,73,0,73,1338.12,14.43,1
5233,DECODE,73,0,73,1339.12,16.22,1
5234,DECODE,73,0,73,1340.12,14.08,1
5235,DECODE,73,0,73,1341.12,14.43,1
5236,DECODE,73,0,73,1342.12,14.23,1
5237,DECODE,73,0,73,1343.12,14.20,1
5238,DECODE,73,0,73,1344.12,14.24,1
5239,DECODE,73,0,73,1345.12,14.34,1
5240,DECODE,73,0,73,1346.12,14.33,1
5241,DECODE,73,0,73,1347.12,14.00,1
5242,DECODE,73,0,73,1348.12,14.41,1
5243,DECODE,73,0,73,1349.12,14.38,1
5244,DECODE,73,0,73,1350.12,14.38,1
5245,DECODE,73,0,73,1351.12,14.43,1
5246,DECODE,73,0,73,1352.12,14.39,1
5247,DECODE,73,0,73,1353.12,14.43,1
5248,DECODE,73,0,73,1354.12,14.34,1
5249,DECODE,73,0,73,1355.12,14.50,1
5250,DECODE,73,0,73,1356.12,14.43,1
5251,DECODE,73,0,73,1357.12,14.09,1
5252,DECODE,73,0,73,1358.12,14.53,1
5253,DECODE,73,0,73,1359.12,14.34,1
5254,DECODE,73,0,73,1360.12,14.27,1
5255,DECODE,73,0,73,1361.12,14.28,1
5256,DECODE,73,0,73,1362.12,14.37,1
5257,DECODE,73,0,73,1363.12,14.42,1
5258,DECODE,73,0,73,1364.12,14.37,1
5259,DECODE,73,0,73,1365.12,14.46,1
5260,DECODE,73,0,73,1366.12,14.87,1
5261,DECODE,73,0,73,1367.12,14.64,1
5262,DECODE,73,0,73,1368.12,14.52,1
5263,DECODE,73,0,73,1369.12,14.43,1
5264,DECODE,73,0,73,1370.12,14.40,1
5265,DECODE,73,0,73,1371.12,14.45,1
5266,DECODE,73,0,73,1372.12,14.43,1
5267,DECODE,73,0,73,1373.12,14.40,1
5268,DECODE,73,0,73,1374.12,14.38,1
5269,DECODE,73,0,73,1375.12,14.61,1
5270,DECODE,73,0,73,1376.12,14.42,1
5271,DECODE,73,0,73,1377.12,14.43,1
5272,DECODE,73,0,73,1378.12,14.73,1
5273,DECODE,73,0,73,1379.12,14.45,1
5274,DECODE,73,0,73,1380.12,14.52,1
5275,DECODE,73,0,73,1381.12,15.42,1
5276,DECODE,73,0,73,1382.12,15.94,1
5277,DECODE,73,0,73,1383.12,14.54,1
5278,DECODE,73,0,73,1384.12,14.38,1
5279,DECODE,73,0,73,1385.12,14.65,1
5280,DECODE,73,0,73,1386.12,14.43,1
5281,DECODE,73,0,73,1387.12,14.48,1
5282,DECODE,73,0,73,1388.12,14.55,1
5283,DECODE,73,0,73,1389.12,14.57,1
5284,DECODE,73,0,73,1390.12,14.45,1
5285,DECODE,73,0,73,1391.12,14.50,1
5286,DECODE,73,0,73,1392.12,14.45,1
5287,DECODE,73,0,73,1393.12,14.52,1
5288,DECODE,73,0,73,1394.12,14.45,1
5289,DECODE,73,0,73,1395.12,14.45,1
5290,DECODE,73,0,73,1396.12,14.61,1
5291,DECODE,73,0,73,1397.12,14.49,1
5292,DECODE,73,0,73,1398.12,14.45,1
5293,DECODE,73,0,73,1399.12,14.47,1
5294,DECODE,73,0,73,1400.12,14.55,1
5295,DECODE,73,0,73,1401.12,14.53,1
5296,DECODE,73,0,73,1402.12,14.56,1
5297,DECODE,73,0,73,1403.12,14.43,1
5298,DECODE,73,0,73,1404.12,14.43,1
5299,DECODE,73,0,73,1405.12,14.42,1
5300,DECODE,73,0,73,1406.12,14.98,1
5301,DECODE,73,0,73,1407.12,14.47,1
5302,DECODE,73,0,73,1408.12,15.76,1
5303,DECODE,73,0,73,1409.12,14.41,1
5304,DECODE,73,0,73,1410.12,14.43,1
5305,DECODE,73,0,73,1411.12,14.37,1
5306,DECODE,73,0,73,1412.12,15.01,1
5307,DECODE,73,0,73,1413.12,13.98,1
5308,DECODE,73,0,73,1414.12,13.95,1
5309,DECODE,73,0,73,1415.12,13.98,1
5310,DECODE,73,0,73,1416.12,13.76,1
5311,DECODE,73,0,73,1417.12,14.67,1
5312,DECODE,73,0,73,1418.12,13.98,1
5313,DECODE,73,0,73,1419.12,14.13,1
5314,DECODE,73,0,73,1420.12,13.92,1
5315,DECODE,73,0,73,1421.12,13.82,1
5316,DECODE,73,0,73,1422.12,14.46,1
5317,DECODE,73,0,73,1423.12,14.40,1
5318,DECODE,73,0,73,1424.12,14.29,1
5319,DECODE,73,0,73,1425.12,14.48,1
5320,DECODE,73,0,73,1426.12,14.51,1
5321,DECODE,73,0,73,1427.12,14.51,1
5322,DECODE,73,0,73,1428.12,14.52,1
5323,DECODE,73,0,73,1429.12,14.40,1
5324,DECODE,73,0,73,1430.12,14.37,1
5325,DECODE,73,0,73,1431.12,14.35,1
5326,DECODE,73,0,73,1432.12,14.43,1
5327,DECODE,73,0,73,1433.12,14.50,1
5328,DECODE,73,0,73,1434.12,14.50,1
5329,DECODE,73,0,73,1435.12,14.46,1
5330,DECODE,73,0,73,1436.12,14.51,1
5331,DECODE,73,0,73,1437.12,14.45,1
5332,DECODE,73,0,73,1438.12,14.45,1
5333,DECODE,73,0,73,1439.12,14.46,1
5334,DECODE,73,0,73,1440.12,14.55,1
5335,DECODE,73,0,73,1441.12,14.55,1
5336,DECODE,73,0,73,1442.12,14.50,1
5337,DECODE,73,0,73,1443.12,14.45,1
5338,DECODE,73,0,73,1444.12,14.40,1
5339,DECODE,73,0,73,1445.12,14.44,1
5340,DECODE,73,0,73,1446.12,14.47,1
5341,DECODE,73,0,73,1447.12,14.48,1
5342,DECODE,73,0,73,1448.12,14.46,1
5343,DECODE,73,0,73,1449.12,14.44,1
5344,DECODE,73,0,73,1450.12,14.56,1
5345,DECODE,73,0,73,1451.12,14.47,1
5346,DECODE,73,0,73,1452.12,14.40,1
5347,DECODE,73,0,73,1453.12,14.47,1
5348,DECODE,73,0,73,1454.12,14.47,1
5349,DECODE,73,0,73,1455.12,14.45,1
5350,DECODE,73,0,73,1456.12,14.48,1
5351,DECODE,73,0,73,1457.12,14.48,1
5352,DECODE,73,0,73,1458.12,14.56,1
5353,DECODE,73,0,73,1459.12,14.49,1
5354,DECODE,73,0,73,1460.12,14.50,1
5355,DECODE,73,0,73,1461.12,14.51,1
5356,DECODE,73,0,73,1462.12,14.45,1
5357,DECODE,73,0,73,1463.12,14.48,1
5358,DECODE,73,0,73,1464.12,14.41,1
5359,DECODE,73,0,73,1465.12,14.38,1
5360,DECODE,73,0,73,1466.12,14.40,1
5361,DECODE,73,0,73,1467.12,14.33,1
5362,DECODE,73,0,73,1468.12,14.48,1
5363,DECODE,73,0,73,1469.12,13.85,1
5364,DECODE,73,0,73,1470.12,14.40,1
5365,DECODE,73,0,73,1471.12,14.44,1
5366,DECODE,73,0,73,1472.12,14.35,1
5367,DECODE,73,0,73,1473.12,14.41,1
5368,DECODE,73,0,73,1474.12,14.40,1
5369,DECODE,73,0,73,1475.12,14.40,1
5370,DECODE,73,0,73,1476.12,14.41,1
5371,DECODE,73,0,73,1477.12,14.64,1
5372,DECODE,73,0,73,1478.12,14.50,1
5373,DECODE,73,0,73,1479.12,14.52,1
5374,DECODE,73,0,73,1480.12,14.58,1
5375,DECODE,73,0,73,1481.12,14.64,1
5376,DECODE,73,0,73,1482.12,14.54,1
5377,DECODE,73,0,73,1483.12,13.99,1
5378,DECODE,73,0,73,1484.12,14.45,1
5379,DECODE,73,0,73,1485.12,14.44,1
5380,DECODE,73,0,73,1486.12,14.48,1
5381,DECODE,73,0,73,1487.12,14.49,1
5382,DECODE,73,0,73,1488.12,14.61,1
5383,DECODE,73,0,73,1489.12,14.58,1
5384,DECODE,73,0,73,1490.12,14.62,1
5385,DECODE,73,0,73,1491.12,14.52,1
5386,DECODE,73,0,73,1492.12,14.44,1
5387,DECODE,73,0,73,1493.12,14.59,1
5388,DECODE,73,0,73,1494.12,14.53,1
5389,DECODE,73,0,73,1495.12,14.50,1
5390,DECODE,73,0,73,1496.12,14.52,1
5391,DECODE,73,0,73,1497.12,14.53,1
5392,DECODE,73,0,73,1498.12,14.58,1
5393,DECODE,73,0,73,1499.12,14.42,1
5394,DECODE,73,0,73,1500.12,15.81,1
5395,DECODE,73,0,73,1501.12,14.76,1
5396,DECODE,73,0,73,1502.12,14.62,1
5397,DECODE,73,0,73,1503.12,14.55,1
5398,DECODE,73,0,73,1504.12,14.71,1
5399,DECODE,73,0,73,1505.12,14.55,1
5400,DECODE,73,0,73,1506.12,14.69,1
5401,DECODE,73,0,73,1507.12,14.63,1
5402,DECODE,73,0,73,1508.12,14.66,1
5403,DECODE,73,0,73,1509.12,14.64,1
5404,DECODE,73,0,73,1510.12,14.58,1
5405,DECODE,73,0,73,1511.12,14.66,1
5406,DECODE,73,0,73,1512.12,14.83,1
5407,DECODE,73,0,73,1513.12,14.68,1
5408,DECODE,73,0,73,1514.12,14.73,1
5409,DECODE,73,0,73,1515.12,14.66,1
5410,DECODE,73,0,73,1516.12,14.79,1
5411,DECODE,73,0,73,1517.12,14.68,1
5412,DECODE,73,0,73,1518.12,14.74,1
5413,DECODE,73,0,73,1519.12,14.73,1
5414,DECODE,73,0,73,1520.12,14.82,1
5415,DECODE,73,0,73,1521.12,14.84,1
5416,DECODE,73,0,73,1522.12,14.94,1
5417,DECODE,73,0,73,1523.12,14.68,1
5418,DECODE,73,0,73,1524.12,14.85,1
5419,DECODE,73,0,73,1525.12,14.58,1
5420,DECODE,73,0,73,1526.12,14.74,1
5421,DECODE,73,0,73,1527.12,14.68,1
5422,DECODE,73,0,73,1528.12,14.72,1
5423,DECODE,73,0,73,1529.12,14.72,1
5424,DECODE,73,0,73,1530.12,14.60,1
5425,DECODE,73,0,73,1531.12,14.66,1
5426,DECODE,73,0,73,1532.12,14.67,1
5427,DECODE,73,0,73,1533.12,14.64,1
5428,DECODE,73,0,73,1534.12,15.17,1
5429,DECODE,73,0,73,1535.12,14.84,1
5430,DECODE,73,0,73,1536.12,14.95,1
5431,DECODE,73,0,73,1537.12,14.56,1
5432,DECODE,73,0,73,1538.12,14.56,1
5433,DECODE,73,0,73,1539.12,14.51,1
5434,DECODE,73,0,73,1540.12,14.68,1
5435,DECODE,73,0,73,1541.12,14.80,1
5436,DECODE,73,0,73,1542.12,14.71,1
5437,DECODE,73,0,73,1543.12,14.92,1
5438,DECODE,73,0,73,1544.12,14.75,1
5439,DECODE,73,0,73,1545.12,14.76,1
5440,DECODE,73,0,73,1546.12,14.71,1
5441,DECODE,73,0,73,1547.12,14.82,1
5442,DECODE,73,0,73,1548.12,14.74,1
5443,DECODE,73,0,73,1549.12,15.32,1
5444,DECODE,73,0,73,1550.12,14.68,1
5445,DECODE,73,0,73,1551.12,14.91,1
5446,DECODE,73,0,73,1552.12,14.93,1
5447,DECODE,73,0,73,1553.12,14.47,1
5448,DECODE,73,0,73,1554.12,14.89,1
5449,DECODE,73,0,73,1555.12,14.12,1
5450,DECODE,73,0,73,1556.12,14.58,1
5451,DECODE,73,0,73,1557.12,13.87,1
5452,DECODE,73,0,73,1558.12,15.32,1
5453,DECODE,73,0,73,1559.12,13.98,1
5454,DECODE,73,0,73,1560.12,13.87,1
5455,DECODE,73,0,73,1561.12,14.60,1
5456,DECODE,73,0,73,1562.12,14.67,1
5457,DECODE,73,0,73,1563.12,14.66,1
5458,DECODE,73,0,73,1564.12,14.65,1
5459,DECODE,73,0,73,1565.12,14.67,1
5460,DECODE,73,0,73,1566.12,15.14,1
5461,DECODE,73,0,73,1567.12,15.08,1
5462,DECODE,73,0,73,1568.12,13.95,1
5463,DECODE,73,0,73,1569.12,13.95,1
5464,DECODE,73,0,73,1570.12,14.13,1
5465,DECODE,73,0,73,1571.12,14.42,1
5466,DECODE,73,0,73,1572.12,14.44,1
5467,DECODE,73,0,73,1573.12,14.46,1
5468,DECODE,73,0,73,1574.12,14.72,1
5469,DECODE,73,0,73,1575.12,14.82,1
5470,DECODE,73,0,73,1576.12,14.77,1
5471,DECODE,73,0,73,1577.12,14.98,1
5472,DECODE,73,0,73,1578.12,14.68,1
5473,DECODE,73,0,73,1579.12,14.68,1
5474,DECODE,73,0,73,1580.12,14.68,1
5475,DECODE,73,0,73,1581.12,14.91,1
5476,DECODE,73,0,73,1582.12,14.78,1
5477,DECODE,73,0,73,1583.12,14.78,1
5478,DECODE,73,0,73,1584.12,14.90,1
5479,DECODE,73,0,73,1585.12,14.80,1
5480,DECODE,73,0,73,1586.12,15.09,1
5481,DECODE,73,0,73,1587.12,15.05,1
5482,DECODE,73,0,73,1588.12,14.87,1
5483,DECODE,73,0,73,1589.12,14.82,1
5484,DECODE,73,0,73,1590.12,14.33,1
5485,DECODE,73,0,73,1591.12,14.78,1
5486,DECODE,73,0,73,1592.12,14.80,1
5487,DECODE,73,0,73,1593.12,14.77,1
5488,DECODE,73,0,73,1594.12,14.76,1
5489,DECODE,73,0,73,1595.12,14.89,1
5490,DECODE,73,0,73,1596.12,14.99,1
5491,DECODE,73,0,73,1597.12,14.88,1
5492,DECODE,73,0,73,1598.12,14.88,1
5493,DECODE,73,0,73,1599.12,14.94,1
5494,DECODE,73,0,73,1600.12,14.89,1
5495,DECODE,73,0,73,1601.12,14.86,1
5496,DECODE,73,0,73,1602.12,14.85,1
5497,DECODE,73,0,73,1603.12,15.34,1
5498,DECODE,73,0,73,1604.12,15.11,1
5499,DECODE,73,0,73,1605.12,15.03,1
5500,DECODE,73,0,73,1606.12,15.18,1
5501,DECODE,73,0,73,1607.12,14.81,1
5502,DECODE,73,0,73,1608.12,14.84,1
5503,DECODE,73,0,73,1609.12,14.97,1
5504,DECODE,73,0,73,1610.12,14.93,1
5505,DECODE,73,0,73,1611.12,14.93,1
5506,DECODE,73,0,73,1612.12,15.07,1
5507,DECODE,73,0,73,1613.12,14.88,1
5508,DECODE,73,0,73,1614.12,15.02,1
5509,DECODE,73,0,73,1615.12,15.11,1
5510,DECODE,73,0,73,1616.12,14.97,1
5511,DECODE,73,0,73,1617.12,15.13,1
5512,DECODE,73,0,73,1618.12,14.62,1
5513,DECODE,73,0,73,1619.12,14.92,1
5514,DECODE,73,0,73,1620.12,14.83,1
5515,DECODE,73,0,73,1621.12,15.06,1
5516,DECODE,73,0,73,1622.12,14.85,1
5517,DECODE,73,0,73,1623.12,14.96,1
5518,DECODE,73,0,73,1624.12,15.06,1
5519,DECODE,73,0,73,1625.12,14.92,1
5520,DECODE,73,0,73,1626.12,14.86,1
5521,DECODE,73,0,73,1627.12,15.09,1
5522,DECODE,73,0,73,1628.12,14.85,1
5523,DECODE,73,0,73,1629.12,15.01,1
5524,DECODE,73,0,73,1630.12,15.03,1
5525,DECODE,73,0,73,1631.12,14.69,1
5526,DECODE,73,0,73,1632.12,14.99,1
5527,DECODE,73,0,73,1633.12,14.95,1
5528,DECODE,73,0,73,1634.12,14.96,1
5529,DECODE,73,0,73,1635.12,15.10,1
5530,DECODE,73,0,73,1636.12,15.10,1
5531,DECODE,73,0,73,1637.12,14.91,1
5532,DECODE,73,0,73,1638.12,14.96,1
5533,DECODE,73,0,73,1639.12,14.92,1
5534,DECODE,73,0,73,1640.12,15.11,1
5535,DECODE,73,0,73,1641.12,14.88,1
5536,DECODE,73,0,73,1642.12,15.06,1
5537,DECODE,73,0,73,1643.12,14.92,1
5538,DECODE,73,0,73,1644.12,14.92,1
5539,DECODE,73,0,73,1645.12,14.94,1
5540,DECODE,73,0,73,1646.12,14.91,1
5541,DECODE,73,0,73,1647.12,15.31,1
5542,DECODE,73,0,73,1648.12,14.95,1
5543,DECODE,73,0,73,1649.12,14.96,1
5544,DECODE,73,0,73,1650.12,14.92,1
5545,DECODE,73,0,73,1651.12,14.94,1
5546,DECODE,73,0,73,1652.12,15.13,1
5547,DECODE,73,0,73,1653.12,14.95,1
5548,DECODE,73,0,73,1654.12,14.97,1
5549,DECODE,73,0,73,1655.12,15.00,1
5550,DECODE,73,0,73,1656.12,15.11,1
5551,DECODE,73,0,73,1657.12,15.13,1
5552,DECODE,73,0,73,1658.12,15.95,1
5553,DECODE,73,0,73,1659.12,15.16,1
5554,DECODE,73,0,73,1660.12,15.13,1
5555,DECODE,73,0,73,1661.12,15.27,1
5556,DECODE,73,0,73,1662.12,15.18,1
5557,DECODE,73,0,73,1663.12,15.17,1
5558,DECODE,73,0,73,1664.12,15.30,1
5559,DECODE,73,0,73,1665.12,15.21,1
5560,DECODE,73,0,73,1666.12,15.17,1
5561,DECODE,73,0,73,1667.12,15.47,1
5562,DECODE,73,0,73,1668.12,15.27,1
5563,DECODE,73,0,73,1669.12,15.21,1
5564,DECODE,73,0,73,1670.12,15.28,1
5565,DECODE,73,0,73,1671.12,15.19,1
5566,DECODE,73,0,73,1672.12,15.19,1
5567,DECODE,73,0,73,1673.12,15.23,1
5568,DECODE,73,0,73,1674.12,15.10,1
5569,DECODE,73,0,73,1675.12,15.08,1
5570,DECODE,73,0,73,1676.12,15.11,1
5571,DECODE,73,0,73,1677.12,15.03,1
5572,DECODE,73,0,73,1678.12,15.07,1
5573,DECODE,73,0,73,1679.12,15.08,1
5574,DECODE,73,0,73,1680.12,15.16,1
5575,DECODE,73,0,73,1681.12,15.20,1
5576,DECODE,73,0,73,1682.12,15.24,1
5577,DECODE,73,0,73,1683.12,15.19,1
5578,DECODE,73,0,73,1684.12,15.18,1
5579,DECODE,73,0,73,1685.12,15.22,1
5580,DECODE,73,0,73,1686.12,15.20,1
5581,DECODE,73,0,73,1687.12,15.22,1
5582,DECODE,73,0,73,1688.12,15.33,1
5583,DECODE,73,0,73,1689.12,15.21,1
5584,DECODE,73,0,73,1690.12,15.49,1
5585,DECODE,73,0,73,1691.12,15.25,1
5586,DECODE,73,0,73,1692.12,15.32,1
5587,DECODE,73,0,73,1693.12,15.25,1
5588,DECODE,73,0,73,1694.12,15.31,1
5589,DECODE,73,0,73,1695.12,15.23,1
5590,DECODE,73,0,73,1696.12,15.83,1
5591,DECODE,73,0,73,1697.12,15.29,1
5592,DECODE,73,0,73,1698.12,15.25,1
5593,DECODE,73,0,73,1699.12,15.05,1
5594,DECODE,73,0,73,1700.12,15.14,1
5595,DECODE,73,0,73,1701.12,14.99,1
5596,DECODE,73,0,73,1702.12,15.09,1
5597,DECODE,73,0,73,1703.12,15.19,1
5598,DECODE,73,0,73,1704.12,15.15,1
5599,DECODE,73,0,73,1705.12,15.17,1
5600,DECODE,73,0,73,1706.12,15.13,1
5601,DECODE,73,0,73,1707.12,15.19,1
5602,DECODE,73,0,73,1708.12,15.11,1
5603,DECODE,73,0,73,1709.12,14.93,1
5604,DECODE,73,0,73,1710.12,15.11,1
5605,DECODE,73,0,73,1711.12,15.27,1
5606,DECODE,73,0,73,1712.12,15.18,1
5607,DECODE,73,0,73,1713.12,15.15,1
5608,DECODE,73,0,73,1714.12,15.38,1
5609,DECODE,73,0,73,1715.12,15.53,1
5610,DECODE,73,0,73,1716.12,15.20,1
5611,DECODE,73,0,73,1717.12,15.18,1
5612,DECODE,73,0,73,1718.12,15.10,1
5613,DECODE,73,0,73,1719.12,15.18,1
5614,DECODE,73,0,73,1720.12,15.08,1
5615,DECODE,73,0,73,1721.12,15.19,1
5616,DECODE,73,0,73,1722.12,15.12,1
5617,DECODE,73,0,73,1723.12,14.99,1
5618,DECODE,73,0,73,1724.12,15.04,1
5619,DECODE,73,0,73,1725.12,15.24,1
5620,DECODE,73,0,73,1726.12,14.98,1
5621,DECODE,73,0,73,1727.12,15.01,1
5622,DECODE,73,0,73,1728.12,15.07,1
5623,DECODE,73,0,73,1729.12,15.31,1
5624,DECODE,73,0,73,1730.12,15.11,1
5625,DECODE,73,0,73,1731.12,15.08,1
5626,DECODE,73,0,73,1732.12,15.25,1
5627,DECODE,73,0,73,1733.12,15.72,1
5628,DECODE,73,0,73,1734.12,15.14,1
5629,DECODE,73,0,73,1735.12,15.18,1
5630,DECODE,73,0,73,1736.12,15.04,1
5631,DECODE,73,0,73,1737.12,15.01,1
5632,DECODE,73,0,73,1738.12,15.09,1
5633,DECODE,73,0,73,1739.12,15.18,1
5634,DECODE,73,0,73,1740.12,15.10,1
5635,DECODE,73,0,73,1741.12,15.02,1
5636,DECODE,73,0,73,1742.12,15.24,1
5637,DECODE,73,0,73,1743.12,15.06,1
5638,DECODE,73,0,73,1744.12,14.99,1
5639,DECODE,73,0,73,1745.12,15.20,1
5640,DECODE,73,0,73,1746.12,15.34,1
5641,DECODE,73,0,73,1747.12,15.09,1
5642,DECODE,73,0,73,1748.12,15.22,1
5643,DECODE,73,0,73,1749.12,15.11,1
5644,DECODE,73,0,73,1750.12,15.00,1
5645,DECODE,73,0,73,1751.12,15.20,1
5646,DECODE,73,0,73,1752.12,15.20,1
5647,DECODE,73,0,73,1753.12,15.25,1
5648,DECODE,73,0,73,1754.12,15.13,1
5649,DECODE,73,0,73,1755.12,15.22,1
5650,DECODE,73,0,73,1756.12,15.07,1
5651,DECODE,73,0,73,1757.12,15.01,1
5652,DECODE,73,0,73,1758.12,15.20,1
5653,DECODE,73,0,73,1759.12,15.38,1
5654,DECODE,73,0,73,1760.12,15.16,1
5655,DECODE,73,0,73,1761.12,15.73,1
5656,DECODE,73,0,73,1762.12,15.15,1
5657,DECODE,73,0,73,1763.12,14.36,1
5658,DECODE,73,0,73,1764.12,15.35,1
5659,DECODE,73,0,73,1765.12,15.10,1
5660,DECODE,73,0,73,1766.12,14.30,1
5661,DECODE,73,0,73,1767.12,15.08,1
5662,DECODE,73,0,73,1768.12,14.45,1
5663,DECODE,73,0,73,1769.12,14.23,1
5664,DECODE,73,0,73,1770.12,14.38,1
5665,DECODE,73,0,73,1771.12,14.26,1
5666,DECODE,73,0,73,1772.12,14.23,1
5667,DECODE,73,0,73,1773.12,14.37,1
5668,DECODE,73,0,73,1774.12,14.41,1
5669,DECODE,73,0,73,1775.12,14.38,1
5670,DECODE,73,0,73,1776.12,14.47,1
5671,DECODE,73,0,73,1777.12,14.12,1
5672,DECODE,73,0,73,1778.12,14.32,1
5673,DECODE,73,0,73,1779.12,14.37,1
5674,DECODE,73,0,73,1780.12,14.38,1
5675,DECODE,73,0,73,1781.12,14.15,1
5676,DECODE,73,0,73,1782.12,14.29,1
5677,DECODE,73,0,73,1783.12,14.30,1
5678,DECODE,73,0,73,1784.12,14.60,1
5679,DECODE,73,0,73,1785.12,14.47,1
5680,DECODE,73,0,73,1786.12,14.35,1
5681,DECODE,73,0,73,1787.12,14.11,1
5682,DECODE,73,0,73,1788.12,14.42,1
5683,DECODE,73,0,73,1789.12,14.34,1
5684,DECODE,73,0,73,1790.12,14.27,1
5685,DECODE,73,0,73,1791.12,14.38,1
5686,DECODE,73,0,73,1792.12,14.32,1
5687,DECODE,73,0,73,1793.12,14.37,1
5688,DECODE,73,0,73,1794.12,14.53,1
5689,DECODE,73,0,73,1795.12,14.38,1
5690,DECODE,73,0,73,1796.12,14.47,1
5691,DECODE,73,0,73,1797.12,14.33,1
5692,DECODE,73,0,73,1798.12,14.40,1
5693,DECODE,73,0,73,1799.12,14.29,1
5694,DECODE,73,0,73,1800.12,14.35,1
5695,DECODE,72,0,72,1794.76,14.55,1
5696,EXTEND,1,1239,0,1647.00,53.28,1
5697,DECODE,73,0,73,1793.74,14.60,1
5698,DECODE,73,0,73,1794.74,14.52,1
5699,DECODE,73,0,73,1795.74,14.49,1
5700,DECODE,73,0,73,1796.74,14.64,1
5701,DECODE,73,0,73,1797.74,14.56,1
5702,DECODE,73,0,73,1798.74,15.02,1
5703,DECODE,73,0,73,1799.74,15.13,1
5704,DECODE,73,0,73,1800.74,15.24,1
5705,DECODE,73,0,73,1801.74,15.39,1
5706,DECODE,73,0,73,1802.74,15.31,1
5707,DECODE,73,0,73,1803.74,15.21,1
5708,DECODE,73,0,73,1804.74,15.24,1
5709,DECODE,73,0,73,1805.74,15.29,1
5710,DECODE,73,0,73,1806.74,15.25,1
5711,DECODE,73,0,73,1807.74,15.22,1
5712,DECODE,73,0,73,1808.74,15.30,1
5713,DECODE,73,0,73,1809.74,15.18,1
5714,DECODE,73,0,73,1810.74,15.38,1
5715,DECODE,73,0,73,1811.74,15.33,1
5716,DECODE,73,0,73,1812.74,16.04,1
5717,DECODE,73,0,73,1813.74,15.52,1
5718,DECODE,73,0,73,1814.74,15.37,1
5719,DECODE,73,0,73,1815.74,15.37,1
5720,DECODE,73,0,73,1816.74,15.38,1
5721,DECODE,73,0,73,1817.74,15.35,1
5722,DECODE,73,0,73,1818.74,15.32,1
5723,DECODE,73,0,73,1819.74,15.28,1
5724,DECODE,73,0,73,1820.74,15.38,1
5725,DECODE,73,0,73,1821.74,15.56,1
5726,DECODE,73,0,73,1822.74,15.43,1
5727,DECODE,73,0,73,1823.74,15.46,1
5728,DECODE,73,0,73,1824.74,15.59,1
5729,DECODE,73,0,73,1825.74,15.54,1
5730,DECODE,73,0,73,1826.74,15.81,1
5731,DECODE,73,0,73,1827.74,15.71,1
5732,DECODE,73,0,73,1828.74,15.50,1
5733,DECODE,73,0,73,1829.74,15.50,1
5734,DECODE,73,0,73,1830.74,15.79,1
5735,DECODE,73,0,73,1831.74,15.56,1
5736,DECODE,73,0,73,1832.74,15.58,1
5737,DECODE,73,0,73,1833.74,15.52,1
5738,DECODE,73,0,73,1834.74,15.58,1
5739,DECODE,73,0,73,1835.74,15.48,1
5740,DECODE,73,0,73,1836.74,15.52,1
5741,DECODE,73,0,73,1837.74,15.62,1
5742,DECODE,73,0,73,1838.74,15.49,1
5743,DECODE,73,0,73,1839.74,15.44,1
5744,DECODE,73,0,73,1840.74,15.65,1
5745,DECODE,73,0,73,1841.74,15.58,1
5746,DECODE,73,0,73,1842.74,15.51,1
5747,DECODE,73,0,73,1843.74,15.35,1
5748,DECODE,73,0,73,1844.74,15.38,1
5749,DECODE,73,0,73,1845.74,15.30,1
5750,DECODE,73,0,73,1846.74,15.36,1
5751,DECODE,73,0,73,1847.74,15.41,1
5752,DECODE,73,0,73,1848.74,15.36,1
5753,DECODE,73,0,73,1849.74,15.36,1
5754,DECODE,73,0,73,1850.74,15.74,1
5755,DECODE,73,0,73,1851.74,14.72,1
5756,DECODE,73,0,73,1852.74,14.44,1
5757,DECODE,73,0,73,1853.74,14.42,1
5758,DECODE,73,0,73,1854.74,14.42,1
5759,DECODE,73,0,73,1855.74,15.36,1
5760,DECODE,73,0,73,1856.74,15.17,1
5761,DECODE,73,0,73,1857.74,15.14,1
5762,DECODE,73,0,73,1858.74,15.27,1
5763,DECODE,73,0,73,1859.74,15.40,1
5764,DECODE,73,0,73,1860.74,15.32,1
5765,DECODE,73,0,73,1861.74,15.41,1
5766,DECODE,73,0,73,1862.74,15.17,1
5767,DECODE,73,0,73,1863.74,15.36,1
5768,DECODE,73,0,73,1864.74,14.85,1
5769,DECODE,72,0,72,1856.08,15.38,1
5770,DECODE,72,0,72,1857.08,15.85,1
5771,DECODE,72,0,72,1858.08,15.30,1
5772,DECODE,72,0,72,1859.08,15.04,1
5773,DECODE,72,0,72,1860.08,14.41,1
5774,DECODE,72,0,72,1861.08,15.18,1
5775,DECODE,72,0,72,1862.08,15.24,1
5776,DECODE,72,0,72,1863.08,15.23,1
5777,DECODE,72,0,72,1864.08,15.16,1
5778,DECODE,72,0,72,1865.08,15.24,1
5779,DECODE,72,0,72,1866.08,15.31,1
5780,DECODE,72,0,72,1867.08,15.13,1
5781,DECODE,71,0,71,1858.32,15.64,1
5782,DECODE,71,0,71,1859.32,15.57,1
5783,DECODE,71,0,71,1860.32,15.23,1
5784,DECODE,71,0,71,1861.32,14.40,1
5785,DECODE,71,0,71,1862.32,14.36,1
5786,DECODE,71,0,71,1863.32,14.37,1
5787,DECODE,71,0,71,1864.32,14.45,1
5788,DECODE,71,0,71,1865.32,14.38,1
5789,DECODE,71,0,71,1866.32,14.48,1
5790,DECODE,71,0,71,1867.32,15.24,1
5791,DECODE,71,0,71,1868.32,15.13,1
5792,DECODE,71,0,71,1869.32,15.26,1
5793,DECODE,71,0,71,1870.32,15.34,1
5794,DECODE,70,0,70,1861.47,14.58,1
5795,EXTEND,1,1269,0,1669.00,53.87,1
5796,DECODE,70,0,70,1849.74,14.93,1
5797,EXTEND,1,1362,0,1691.00,56.96,1
5798,DECODE,71,0,71,1848.51,14.68,1
5799,DECODE,71,0,71,1849.51,14.57,1
5800,DECODE,71,0,71,1850.51,15.08,1
5801,DECODE,71,0,71,1851.51,15.13,1
5802,DECODE,71,0,71,1852.51,14.75,1
5803,DECODE,71,0,71,1853.51,14.49,1
5804,DECODE,71,0,71,1854.51,14.56,1
5805,DECODE,71,0,71,1855.51,15.45,1
5806,DECODE,71,0,71,1856.51,15.35,1
5807,DECODE,71,0,71,1857.51,15.30,1
5808,DECODE,71,0,71,1858.51,15.32,1
5809,DECODE,71,0,71,1859.51,15.12,1
5810,DECODE,71,0,71,1860.51,15.37,1
5811,DECODE,71,0,71,1861.51,15.31,1
5812,DECODE,71,0,71,1862.51,14.83,1
5813,DECODE,71,0,71,1863.51,15.24,1
5814,DECODE,71,0,71,1864.51,15.30,1
5815,DECODE,71,0,71,1865.51,16.50,1
5816,DECODE,71,0,71,1866.51,16.03,1
5817,DECODE,71,0,71,1867.51,15.98,1
5818,DECODE,71,0,71,1868.51,15.61,1
5819,DECODE,71,0,71,1869.51,15.26,1
5820,DECODE,71,0,71,1870.51,16.25,1
5821,DECODE,71,0,71,1871.51,15.34,1
5822,DECODE,71,0,71,1872.51,15.46,1
5823,DECODE,71,0,71,1873.51,15.30,1
5824,DECODE,71,0,71,1874.51,15.29,1
5825,DECODE,71,0,71,1875.51,16.43,1
5826,DECODE,71,0,71,1876.51,15.39,1
5827,DECODE,71,0,71,1877.51,15.39,1
5828,DECODE,71,0,71,1878.51,15.47,1
5829,DECODE,71,0,71,1879.51,15.35,1
5830,DECODE,71,0,71,1880.51,15.39,1
5831,DECODE,71,0,71,1881.51,15.31,1
5832,DECODE,71,0,71,1882.51,15.35,1
5833,DECODE,71,0,71,1883.51,15.36,1
5834,DECODE,71,0,71,1884.51,15.39,1
5835,DECODE,71,0,71,1885.51,15.41,1
5836,DECODE,71,0,71,1886.51,15.51,1
5837,DECODE,71,0,71,1887.51,15.40,1
5838,DECODE,71,0,71,1888.51,16.43,1
5839,DECODE,71,0,71,1889.51,15.42,1
5840,DECODE,71,0,71,1890.51,15.50,1
5841,DECODE,71,0,71,1891.51,15.60,1
5842,DECODE,71,0,71,1892.51,15.42,1
5843,DECODE,71,0,71,1893.51,15.37,1
5844,DECODE,71,0,71,1894.51,15.50,1
5845,DECODE,71,0,71,1895.51,15.36,1
5846,DECODE,71,0,71,1896.51,15.45,1
5847,DECODE,71,0,71,1897.51,15.34,1
5848,DECODE,71,0,71,1898.51,15.35,1
5849,DECODE,71,0,71,1899.51,15.33,1
5850,DECODE,71,0,71,1900.51,15.31,1
5851,DECODE,71,0,71,1901.51,15.35,1
5852,DECODE,71,0,71,1902.51,15.42,1
5853,DECODE,71,0,71,1903.51,15.44,1
5854,DECODE,71,0,71,1904.51,15.42,1
5855,DECODE,70,0,70,1896.14,15.75,1
5856,DECODE,70,0,70,1897.14,15.75,1
5857,DECODE,70,0,70,1898.14,14.81,1
5858,DECODE,70,0,70,1899.14,15.36,1
5859,DECODE,70,0,70,1900.14,15.43,1
5860,DECODE,70,0,70,1901.14,15.68,1
5861,DECODE,70,0,70,1902.14,15.50,1
5862,DECODE,70,0,70,1903.14,15.41,1
5863,DECODE,70,0,70,1904.14,16.51,1
5864,DECODE,70,0,70,1905.14,15.90,1
5865,DECODE,70,0,70,1906.14,15.79,1
5866,DECODE,70,0,70,1907.14,15.54,1
5867,DECODE,70,0,70,1908.14,15.41,1
5868,DECODE,70,0,70,1909.14,15.49,1
5869,DECODE,70,0,70,1910.14,15.53,1
5870,DECODE,70,0,70,1911.14,15.49,1
5871,DECODE,70,0,70,1912.14,15.80,1
5872,DECODE,69,0,69,1903.75,15.22,1
5873,DECODE,69,0,69,1904.75,15.37,1
5874,DECODE,69,0,69,1905.75,15.11,1
5875,DECODE,69,0,69,1906.75,15.05,1
5876,DECODE,68,0,68,1898.15,15.38,1
5877,EXTEND,1,1301,0,1714.00,52.90,1
5878,DECODE,69,0,69,1896.48,14.76,1
5879,DECODE,69,0,69,1897.48,14.65,1
5880,DECODE,69,0,69,1898.48,14.68,1
5881,DECODE,69,0,69,1899.48,14.65,1
5882,DECODE,69,0,69,1900.48,14.62,1
5883,DECODE,69,0,69,1901.48,15.39,1
5884,DECODE,69,0,69,1902.48,14.61,1
5885,DECODE,69,0,69,1903.48,14.59,1
5886,DECODE,69,0,69,1904.48,14.61,1
5887,DECODE,69,0,69,1905.48,14.59,1
5888,DECODE,69,0,69,1906.48,15.45,1
5889,DECODE,69,0,69,1907.48,15.40,1
5890,DECODE,68,0,68,1898.88,15.56,1
5891,EXTEND,1,1367,0,1738.00,70.69,1
5892,DECODE,69,0,69,1897.55,15.15,1
5893,DECODE,69,0,69,1898.55,15.22,1
5894,DECODE,69,0,69,1899.55,14.72,1
5895,DECODE,68,0,68,1890.84,14.68,1
5896,EXTEND,1,1434,0,1763.00,65.54,1
5897,DECODE,69,0,69,1889.99,15.43,1
5898,DECODE,69,0,69,1890.99,14.99,1
5899,DECODE,69,0,69,1891.99,14.87,1
5900,DECODE,69,0,69,1892.99,14.76,1
5901,DECODE,69,0,69,1893.99,14.79,1
5902,DECODE,69,0,69,1894.99,14.74,1
5903,DECODE,69,0,69,1895.99,14.75,1
5904,DECODE,69,0,69,1896.99,14.71,1
5905,DECODE,69,0,69,1897.99,14.66,1
5906,DECODE,69,0,69,1898.99,14.63,1
5907,DECODE,69,0,69,1899.99,14.67,1
5908,DECODE,68,0,68,1891.28,14.68,1
5909,EXTEND,1,1381,0,1788.00,70.85,1
5910,DECODE,69,0,69,1890.78,15.40,1
5911,DECODE,69,0,69,1891.78,15.70,1
5912,DECODE,69,0,69,1892.78,15.08,1
5913,DECODE,69,0,69,1893.78,15.22,1
5914,DECODE,69,0,69,1894.78,15.25,1
5915,DECODE,69,0,69,1895.78,15.45,1
5916,DECODE,69,0,69,1896.78,15.43,1
5917,DECODE,68,0,68,1888.03,15.61,1
5918,EXTEND,1,1494,0,1792.00,69.93,1
5919,DECODE,69,0,69,1887.64,15.45,1
5920,DECODE,69,0,69,1888.64,15.08,1
5921,DECODE,69,0,69,1889.64,15.10,1
5922,DECODE,69,0,69,1890.64,14.90,1
5923,DECODE,69,0,69,1891.64,15.37,1
5924,DECODE,69,0,69,1892.64,15.49,1
5925,DECODE,69,0,69,1893.64,15.49,1
5926,DECODE,69,0,69,1894.64,15.57,1
5927,DECODE,68,0,68,1885.85,15.55,1
5928,EXTEND,1,1518,0,1819.00,74.67,1
5929,DECODE,69,0,69,1885.88,15.94,1
5930,DECODE,69,0,69,1886.88,15.25,1
5931,DECODE,69,0,69,1887.88,15.17,1
5932,DECODE,69,0,69,1888.88,15.37,1
5933,DECODE,69,0,69,1889.88,15.28,1
5934,DECODE,69,0,69,1890.88,15.69,1
5935,DECODE,69,0,69,1891.88,15.50,1
5936,DECODE,69,0,69,1892.88,15.53,1
5937,DECODE,69,0,69,1893.88,15.54,1
5938,DECODE,68,0,68,1885.09,15.71,1
5939,EXTEND,1,2282,0,2500.00,93.73,1
5940,DECODE,69,0,69,1895.00,16.08,1
5941,DECODE,69,0,69,1896.00,15.77,1
5942,DECODE,69,0,69,1897.00,15.63,1
5943,DECODE,69,0,69,1898.00,15.03,1
5944,DECODE,68,0,68,1889.26,15.74,1
5945,EXTEND,1,2136,0,2540.00,87.92,1
5946,DECODE,69,0,69,1899.70,15.36,1
5947,DECODE,69,0,69,1900.70,15.70,1
5948,DECODE,69,0,69,1901.70,14.97,1
5949,DECODE,69,0,69,1902.70,15.54,1
5950,DECODE,69,0,69,1903.70,15.37,1
5951,DECODE,69,0,69,1904.70,15.56,1
5952,DECODE,69,0,69,1905.70,15.59,1
5953,DECODE,69,0,69,1906.70,15.59,1
5954,DECODE,69,0,69,1907.70,15.55,1
5955,DECODE,69,0,69,1908.70,16.18,1
5956,DECODE,69,0,69,1909.70,15.60,1
5957,DECODE,69,0,69,1910.70,15.62,1
5958,DECODE,68,0,68,1902.15,15.84,1
5959,EXTEND,1,587,0,926.00,60.38,1
5960,DECODE,68,0,68,1879.13,14.86,1
5961,EXTEND,2,1734,0,1184.50,62.99,1
5962,DECODE,70,0,70,1860.29,15.21,1
5963,DECODE,70,0,70,1861.29,15.65,1
5964,DECODE,70,0,70,1862.29,15.09,1
5965,DECODE,70,0,70,1863.29,15.38,1
5966,DECODE,70,0,70,1864.29,15.45,1
5967,DECODE,70,0,70,1865.29,15.44,1
5968,DECODE,69,0,69,1856.22,15.77,1
5969,EXTEND,2,896,0,862.00,62.20,1
5970,DECODE,70,0,70,1818.76,14.65,1
5971,EXTEND,2,912,0,835.00,46.63,1
5972,DECODE,72,0,72,1792.43,14.45,1
5973,DECODE,72,0,72,1793.43,14.23,1
5974,DECODE,72,0,72,1794.43,14.51,1
5975,DECODE,72,0,72,1795.43,15.26,1
5976,DECODE,72,0,72,1796.43,14.95,1
5977,DECODE,72,0,72,1797.43,14.75,1
5978,DECODE,72,0,72,1798.43,14.22,1
5979,DECODE,71,0,71,1788.70,14.32,1
5980,EXTEND,2,894,0,843.00,61.84,1
5981,DECODE,73,0,73,1763.79,14.74,1
5982,DECODE,73,0,73,1764.79,14.34,1
5983,DECODE,73,0,73,1765.79,14.40,1
5984,DECODE,73,0,73,1766.79,14.66,1
5985,DECODE,73,0,73,1767.79,14.39,1
5986,DECODE,72,0,72,1757.79,15.21,1
5987,EXTEND,2,1252,0,847.00,65.76,1
5988,DECODE,74,0,74,1734.18,14.57,1
5989,DECODE,74,0,74,1735.18,14.49,1
5990,DECODE,74,0,74,1736.18,15.34,1
5991,DECODE,74,0,74,1737.18,15.19,1
5992,DECODE,74,0,74,1738.18,15.16,1
5993,DECODE,74,0,74,1739.18,14.65,1
5994,DECODE,74,0,74,1740.18,15.19,1
5995,DECODE,74,0,74,1741.18,15.23,1
5996,DECODE,74,0,74,1742.18,14.97,1
5997,DECODE,74,0,74,1743.18,15.02,1
5998,DECODE,74,0,74,1744.18,15.11,1
5999,DECODE,74,0,74,1745.18,15.11,1
6000,DECODE,73,0,73,1735.01,15.31,1
6001,EXTEND,2,908,0,855.50,67.37,1
6002,DECODE,75,0,75,1712.56,14.65,1
6003,DECODE,75,0,75,1713.56,14.53,1
6004,DECODE,75,0,75,1714.56,14.73,1
6005,DECODE,75,0,75,1715.56,14.49,1
6006,DECODE,75,0,75,1716.56,14.46,1
6007,DECODE,75,0,75,1717.56,15.23,1
6008,DECODE,74,0,74,1707.18,14.91,1
6009,EXTEND,3,1436,0,827.00,66.70,1
6010,DECODE,77,0,77,1673.88,15.48,1
6011,DECODE,77,0,77,1674.88,15.09,1
6012,DECODE,77,0,77,1675.88,14.71,1
6013,DECODE,77,0,77,1676.88,14.98,1
6014,DECODE,77,0,77,1677.88,15.00,1
6015,DECODE,77,0,77,1678.88,14.81,1
6016,DECODE,76,0,76,1686.26,15.38,1
6017,EXTEND,2,1086,0,828.00,68.07,1
6018,DECODE,78,0,78,1665.26,14.81,1
6019,DECODE,78,0,78,1666.26,14.67,1
6020,DECODE,78,0,78,1667.26,14.48,1
6021,DECODE,78,0,78,1668.26,14.59,1
6022,DECODE,78,0,78,1669.26,14.78,1
6023,DECODE,78,0,78,1670.26,15.00,1
6024,DECODE,78,0,78,1671.26,16.04,1
6025,DECODE,78,0,78,1672.26,15.37,1
6026,DECODE,78,0,78,1673.26,15.27,1
6027,DECODE,78,0,78,1674.26,15.23,1
6028,DECODE,78,0,78,1675.26,15.19,1
6029,DECODE,78,0,78,1676.26,15.25,1
6030,DECODE,78,0,78,1677.26,15.42,1
6031,DECODE,78,0,78,1678.26,15.37,1
6032,DECODE,78,0,78,1679.26,15.31,1
6033,DECODE,78,0,78,1680.26,15.29,1
6034,DECODE,78,0,78,1681.26,15.22,1
6035,DECODE,78,0,78,1682.26,15.26,1
6036,DECODE,78,0,78,1683.26,15.26,1
6037,DECODE,78,0,78,1684.26,15.32,1
6038,DECODE,78,0,78,1685.26,15.44,1
6039,DECODE,78,0,78,1686.26,15.29,1
6040,DECODE,78,0,78,1687.26,15.47,1
6041,DECODE,78,0,78,1688.26,15.48,1
6042,DECODE,78,0,78,1689.26,15.41,1
6043,DECODE,78,0,78,1690.26,15.61,1
6044,DECODE,78,0,78,1691.26,15.45,1
6045,DECODE,78,0,78,1692.26,15.91,1
6046,DECODE,77,0,77,1698.35,16.17,1
6047,EXTEND,1,491,0,826.00,60.68,1
6048,DECODE,78,0,78,1688.17,14.53,1
6049,DECODE,78,0,78,1689.17,14.82,1
6050,DECODE,78,0,78,1690.17,14.66,1
6051,DECODE,78,0,78,1691.17,14.70,1
6052,DECODE,78,0,78,1692.17,15.44,1
6053,DECODE,78,0,78,1693.17,15.22,1
6054,DECODE,78,0,78,1694.17,15.50,1
6055,DECODE,78,0,78,1695.17,15.58,1
6056,DECODE,78,0,78,1696.17,15.38,1
6057,DECODE,78,0,78,1697.17,15.93,1
6058,DECODE,78,0,78,1698.17,15.43,1
6059,DECODE,78,0,78,1699.17,15.60,1
6060,DECODE,78,0,78,1700.17,15.05,1
6061,DECODE,78,0,78,1701.17,15.74,1
6062,DECODE,78,0,78,1702.17,15.41,1
6063,DECODE,78,0,78,1703.17,15.96,1
6064,DECODE,78,0,78,1704.17,15.45,1
6065,DECODE,78,0,78,1705.17,15.44,1
6066,DECODE,78,0,78,1706.17,15.57,1
6067,DECODE,78,0,78,1707.17,15.29,1
6068,DECODE,78,0,78,1708.17,15.30,1
6069,DECODE,78,0,78,1709.17,15.28,1
6070,DECODE,78,0,78,1710.17,15.26,1
6071,DECODE,78,0,78,1711.17,15.39,1
6072,DECODE,78,0,78,1712.17,15.35,1
6073,DECODE,78,0,78,1713.17,15.39,1
6074,DECODE,78,0,78,1714.17,15.45,1
6075,DECODE,78,0,78,1715.17,15.21,1
6076,DECODE,78,0,78,1716.17,15.19,1
6077,DECODE,78,0,78,1717.17,15.25,1
6078,DECODE,78,0,78,1718.17,15.65,1
6079,DECODE,78,0,78,1719.17,15.33,1
6080,DECODE,78,0,78,1720.17,15.20,1
6081,DECODE,78,0,78,1721.17,15.28,1
6082,DECODE,78,0,78,1722.17,15.28,1
6083,DECODE,78,0,78,1723.17,15.24,1
6084,DECODE,78,0,78,1724.17,15.28,1
6085,DECODE,78,0,78,1725.17,15.25,1
6086,DECODE,78,0,78,1726.17,14.93,1
6087,DECODE,78,0,78,1727.17,14.48,1
6088,DECODE,78,0,78,1728.17,14.39,1
6089,DECODE,78,0,78,1729.17,14.47,1
6090,DECODE,78,0,78,1730.17,14.41,1
6091,DECODE,78,0,78,1731.17,14.47,1
6092,DECODE,78,0,78,1732.17,14.41,1
6093,DECODE,78,0,78,1733.17,14.99,1
6094,DECODE,78,0,78,1734.17,14.44,1
6095,DECODE,78,0,78,1735.17,14.40,1
6096,DECODE,78,0,78,1736.17,14.41,1
6097,DECODE,78,0,78,1737.17,14.41,1
6098,DECODE,78,0,78,1738.17,14.44,1
6099,DECODE,78,0,78,1739.17,14.71,1
6100,DECODE,78,0,78,1740.17,14.40,1
6101,DECODE,78,0,78,1741.17,14.40,1
6102,DECODE,78,0,78,1742.17,14.37,1
6103,DECODE,78,0,78,1743.17,14.38,1
6104,DECODE,78,0,78,1744.17,14.38,1
6105,DECODE,78,0,78,1745.17,14.38,1
6106,DECODE,78,0,78,1746.17,14.32,1
6107,DECODE,78,0,78,1747.17,14.34,1
6108,DECODE,78,0,78,1748.17,14.32,1
6109,DECODE,78,0,78,1749.17,14.54,1
6110,DECODE,78,0,78,1750.17,14.35,1
6111,DECODE,78,0,78,1751.17,14.30,1
6112,DECODE,78,0,78,1752.17,14.35,1
6113,DECODE,78,0,78,1753.17,14.75,1
6114,DECODE,78,0,78,1754.17,14.27,1
6115,DECODE,78,0,78,1755.17,14.42,1
6116,DECODE,78,0,78,1756.17,14.40,1
6117,DECODE,78,0,78,1757.17,14.41,1
6118,DECODE,78,0,78,1758.17,14.51,1
6119,DECODE,78,0,78,1759.17,14.54,1
6120,DECODE,78,0,78,1760.17,14.51,1
6121,DECODE,78,0,78,1761.17,14.53,1
6122,DECODE,78,0,78,1762.17,14.50,1
6123,DECODE,78,0,78,1763.17,14.55,1
6124,DECODE,78,0,78,1764.17,14.50,1
6125,DECODE,78,0,78,1765.17,14.50,1
6126,DECODE,78,0,78,1766.17,14.59,1
6127,DECODE,78,0,78,1767.17,14.54,1
6128,DECODE,78,0,78,1768.17,14.55,1
6129,DECODE,78,0,78,1769.17,14.51,1
6130,DECODE,78,0,78,1770.17,14.76,1
6131,DECODE,78,0,78,1771.17,14.64,1
6132,DECODE,78,0,78,1772.17,14.67,1
6133,DECODE,78,0,78,1773.17,14.59,1
6134,DECODE,78,0,78,1774.17,14.40,1
6135,DECODE,78,0,78,1775.17,14.51,1
6136,DECODE,77,0,77,1775.01,14.47,1
6137,DECODE,77,0,77,1776.01,15.90,1
6138,DECODE,77,0,77,1777.01,15.34,1
6139,DECODE,77,0,77,1778.01,15.33,1
6140,DECODE,77,0,77,1779.01,14.98,1
6141,DECODE,77,0,77,1780.01,15.32,1
6142,DECODE,77,0,77,1781.01,15.30,1
6143,DECODE,77,0,77,1782.01,15.28,1
6144,DECODE,77,0,77,1783.01,15.26,1
6145,DECODE,77,0,77,1784.01,15.47,1
6146,DECODE,77,0,77,1785.01,15.42,1
6147,DECODE,77,0,77,1786.01,15.38,1
6148,DECODE,77,0,77,1787.01,15.43,1
6149,DECODE,77,0,77,1788.01,16.32,1
6150,DECODE,77,0,77,1789.01,15.47,1
6151,DECODE,77,0,77,1790.01,15.43,1
6152,DECODE,77,0,77,1791.01,15.58,1
6153,DECODE,77,0,77,1792.01,15.40,1
6154,DECODE,77,0,77,1793.01,15.39,1
6155,DECODE,77,0,77,1794.01,15.51,1
6156,DECODE,77,0,77,1795.01,15.53,1
6157,DECODE,77,0,77,1796.01,15.53,1
6158,DECODE,77,0,77,1797.01,15.39,1
6159,DECODE,77,0,77,1798.01,15.49,1
6160,DECODE,77,0,77,1799.01,15.39,1
6161,DECODE,77,0,77,1800.01,15.44,1
6162,DECODE,77,0,77,1801.01,15.51,1
6163,DECODE,77,0,77,1802.01,15.52,1
6164,DECODE,77,0,77,1803.01,15.48,1
6165,DECODE,77,0,77,1804.01,15.39,1
6166,DECODE,77,0,77,1805.01,15.46,1
6167,DECODE,77,0,77,1806.01,15.36,1
6168,DECODE,77,0,77,1807.01,15.35,1
6169,DECODE,77,0,77,1808.01,15.43,1
6170,DECODE,77,0,77,1809.01,15.35,1
6171,DECODE,77,0,77,1810.01,15.36,1
6172,DECODE,77,0,77,1811.01,15.37,1
6173,DECODE,77,0,77,1812.01,15.44,1
6174,DECODE,77,0,77,1813.01,15.34,1
6175,DECODE,77,0,77,1814.01,15.47,1
6176,DECODE,77,0,77,1815.01,15.53,1
6177,DECODE,77,0,77,1816.01,14.69,1
6178,DECODE,77,0,77,1817.01,14.61,1
6179,DECODE,77,0,77,1818.01,14.58,1
6180,DECODE,77,0,77,1819.01,14.68,1
6181,DECODE,77,0,77,1820.01,14.61,1
6182,DECODE,77,0,77,1821.01,14.75,1
6183,DECODE,77,0,77,1822.01,14.65,1
6184,DECODE,77,0,77,1823.01,14.66,1
6185,DECODE,77,0,77,1824.01,14.58,1
6186,DECODE,77,0,77,1825.01,14.65,1
6187,DECODE,77,0,77,1826.01,14.57,1
6188,DECODE,77,0,77,1827.01,15.46,1
6189,DECODE,77,0,77,1828.01,15.60,1
6190,DECODE,77,0,77,1829.01,15.54,1
6191,DECODE,77,0,77,1830.01,15.58,1
6192,DECODE,77,0,77,1831.01,15.63,1
6193,DECODE,77,0,77,1832.01,15.53,1
6194,DECODE,77,0,77,1833.01,15.41,1
6195,DECODE,77,0,77,1834.01,15.35,1
6196,DECODE,76,0,76,1843.97,16.97,1
6197,DECODE,76,0,76,1844.97,15.66,1
6198,DECODE,76,0,76,1845.97,15.55,1
6199,DECODE,76,0,76,1846.97,15.51,1
6200,DECODE,76,0,76,1847.97,15.35,1
6201,DECODE,76,0,76,1848.97,15.33,1
6202,DECODE,76,0,76,1849.97,15.45,1
6203,DECODE,76,0,76,1850.97,15.43,1
6204,DECODE,76,0,76,1851.97,15.46,1
6205,DECODE,76,0,76,1852.97,15.37,1
6206,DECODE,76,0,76,1853.97,15.55,1
6207,DECODE,75,0,75,1866.56,15.71,1
6208,DECODE,75,0,75,1867.56,14.84,1
6209,DECODE,75,0,75,1868.56,14.91,1
6210,DECODE,75,0,75,1869.56,14.80,1
6211,DECODE,75,0,75,1870.56,15.35,1
6212,DECODE,75,0,75,1871.56,15.33,1
6213,DECODE,75,0,75,1872.56,15.41,1
6214,DECODE,75,0,75,1873.56,15.46,1
6215,DECODE,74,0,74,1885.04,16.00,1
6216,DECODE,74,0,74,1886.04,15.60,1
6217,DECODE,74,0,74,1887.04,15.54,1
6218,DECODE,74,0,74,1888.04,15.39,1
6219,DECODE,74,0,74,1889.04,15.51,1
6220,DECODE,74,0,74,1890.04,15.50,1
6221,DECODE,74,0,74,1891.04,15.55,1
6222,DECODE,74,0,74,1892.04,16.92,1
6223,DECODE,74,0,74,1893.04,15.92,1
6224,DECODE,73,0,73,1904.75,16.05,1
6225,DECODE,73,0,73,1905.75,15.92,1
6226,DECODE,73,0,73,1906.75,15.23,1
6227,DECODE,73,0,73,1907.75,15.54,1
6228,DECODE,73,0,73,1908.75,15.58,1
6229,DECODE,73,0,73,1909.75,15.62,1
6230,DECODE,73,0,73,1910.75,15.45,1
6231,DECODE,73,0,73,1911.75,15.54,1
6232,DECODE,73,0,73,1912.75,15.65,1
6233,DECODE,73,0,73,1913.75,15.72,1
6234,DECODE,72,0,72,1926.31,15.77,1
6235,DECODE,72,0,72,1927.31,14.61,1
6236,DECODE,72,0,72,1928.31,14.42,1
6237,DECODE,72,0,72,1929.31,14.42,1
6238,DECODE,72,0,72,1930.31,14.49,1
6239,DECODE,72,0,72,1931.31,14.36,1
6240,DECODE,72,0,72,1932.31,14.42,1
6241,DECODE,72,0,72,1933.31,14.30,1
6242,DECODE,72,0,72,1934.31,14.33,1
6243,DECODE,72,0,72,1935.31,14.28,1
6244,DECODE,71,0,71,1948.08,14.35,1
6245,DECODE,71,0,71,1949.08,14.41,1
6246,DECODE,70,0,70,1941.36,14.15,1
6247,DECODE,70,0,70,1942.36,14.84,1
6248,DECODE,70,0,70,1943.36,14.37,1
6249,DECODE,70,0,70,1944.36,14.21,1
6250,DECODE,70,0,70,1945.36,14.02,1
6251,DECODE,70,0,70,1946.36,14.22,1
6252,DECODE,70,0,70,1947.36,16.20,1
6253,DECODE,70,0,70,1948.36,15.20,1
6254,DECODE,70,0,70,1949.36,15.17,1
6255,DECODE,70,0,70,1950.36,15.62,1
6256,DECODE,70,0,70,1951.36,15.29,1
6257,DECODE,70,0,70,1952.36,14.91,1
6258,DECODE,70,0,70,1953.36,14.95,1
6259,DECODE,70,0,70,1954.36,14.13,1
6260,DECODE,70,0,70,1955.36,14.18,1
6261,DECODE,70,0,70,1956.36,14.16,1
6262,DECODE,70,0,70,1957.36,14.37,1
6263,DECODE,70,0,70,1958.36,14.93,1
6264,DECODE,70,0,70,1959.36,14.60,1
6265,DECODE,70,0,70,1960.36,15.93,1
6266,DECODE,70,0,70,1961.36,15.06,1
6267,DECODE,70,0,70,1962.36,14.98,1
6268,DECODE,70,0,70,1963.36,15.03,1
6269,DECODE,70,0,70,1964.36,14.56,1
6270,DECODE,70,0,70,1965.36,14.98,1
6271,DECODE,70,0,70,1966.36,14.23,1
6272,DECODE,70,0,70,1967.36,14.61,1
6273,DECODE,70,0,70,1968.36,15.05,1
6274,DECODE,70,0,70,1969.36,14.97,1
6275,DECODE,70,0,70,1970.36,15.08,1
6276,DECODE,70,0,70,1971.36,15.02,1
6277,DECODE,70,0,70,1972.36,15.10,1
6278,DECODE,70,0,70,1973.36,14.98,1
6279,DECODE,70,0,70,1974.36,15.02,1
6280,DECODE,70,0,70,1975.36,14.96,1
6281,DECODE,70,0,70,1976.36,15.10,1
6282,DECODE,70,0,70,1977.36,14.16,1
6283,DECODE,70,0,70,1978.36,14.20,1
6284,DECODE,70,0,70,1979.36,14.18,1
6285,DECODE,70,0,70,1980.36,14.22,1
6286,DECODE,69,0,69,1993.52,14.57,1
6287,DECODE,69,0,69,1994.52,14.18,1
6288,DECODE,69,0,69,1995.52,14.12,1
6289,DECODE,69,0,69,1996.52,15.91,1
6290,DECODE,69,0,69,1997.52,15.24,1
6291,DECODE,69,0,69,1998.52,15.22,1
6292,DECODE,69,0,69,1999.52,15.06,1
6293,DECODE,69,0,69,2000.52,15.16,1
6294,DECODE,69,0,69,2001.52,14.58,1
6295,DECODE,69,0,69,2002.52,14.17,1
6296,DECODE,68,0,68,2016.71,14.24,1
6297,DECODE,68,0,68,2017.71,14.20,1
6298,DECODE,68,0,68,2018.71,15.07,1
6299,DECODE,68,0,68,2019.71,15.01,1
6300,DECODE,68,0,68,2020.71,14.95,1
6301,DECODE,68,0,68,2021.71,14.97,1
6302,DECODE,68,0,68,2022.71,14.97,1
6303,DECODE,68,0,68,2023.71,15.08,1
6304,DECODE,68,0,68,2024.71,14.86,1
6305,DECODE,68,0,68,2025.71,14.96,1
6306,DECODE,68,0,68,2026.71,14.92,1
6307,DECODE,67,0,67,2040.64,15.34,1
6308,DECODE,67,0,67,2041.64,15.21,1
6309,DECODE,67,0,67,2042.64,14.31,1
6310,DECODE,67,0,67,2043.64,14.93,1
6311,DECODE,67,0,67,2044.64,14.83,1
6312,DECODE,67,0,67,2045.64,14.85,1
6313,DECODE,67,0,67,2046.64,14.95,1
6314,DECODE,67,0,67,2047.64,14.96,1
6315,DECODE,67,0,67,2048.64,15.07,1
6316,DECODE,67,0,67,2049.64,15.01,1
6317,DECODE,67,0,67,2050.64,15.02,1
6318,DECODE,67,0,67,2051.64,14.94,1
6319,DECODE,66,0,66,2065.97,15.39,1
6320,DECODE,66,0,66,2066.97,15.01,1
6321,DECODE,66,0,66,2067.97,14.92,1
6322,DECODE,66,0,66,2068.97,15.52,1
6323,DECODE,66,0,66,2069.97,14.73,1
6324,DECODE,66,0,66,2070.97,14.86,1
6325,DECODE,66,0,66,2071.97,15.02,1
6326,DECODE,66,0,66,2072.97,14.90,1
6327,DECODE,66,0,66,2073.97,14.90,1
6328,DECODE,66,0,66,2074.97,16.04,1
6329,DECODE,66,0,66,2075.97,15.11,1
6330,DECODE,65,0,65,2090.62,15.55,1
6331,DECODE,65,0,65,2091.62,15.30,1
6332,DECODE,65,0,65,2092.62,14.96,1
6333,DECODE,65,0,65,2093.62,15.10,1
6334,DECODE,65,0,65,2094.62,15.08,1
6335,DECODE,65,0,65,2095.62,16.27,1
6336,DECODE,65,0,65,2096.62,15.21,1
6337,DECODE,65,0,65,2097.62,15.23,1
6338,DECODE,65,0,65,2098.62,15.25,1
6339,DECODE,65,0,65,2099.62,15.29,1
6340,DECODE,65,0,65,2100.62,15.37,1
6341,DECODE,65,0,65,2101.62,15.40,1
6342,DECODE,65,0,65,2102.62,15.36,1
6343,DECODE,64,0,64,2117.69,16.06,1
6344,DECODE,64,0,64,2118.69,15.46,1
6345,DECODE,64,0,64,2119.69,14.86,1
6346,DECODE,64,0,64,2120.69,14.90,1
6347,DECODE,64,0,64,2121.69,15.80,1
6348,DECODE,64,0,64,2122.69,15.47,1
6349,DECODE,64,0,64,2123.69,14.99,1
6350,DECODE,64,0,64,2124.69,14.76,1
6351,DECODE,64,0,64,2125.69,14.73,1
6352,DECODE,64,0,64,2126.69,14.85,1
6353,DECODE,64,0,64,2127.69,14.88,1
6354,DECODE,64,0,64,2128.69,14.82,1
6355,DECODE,64,0,64,2129.69,14.98,1
6356,DECODE,63,0,63,2145.24,15.23,1
6357,DECODE,63,0,63,2146.24,14.86,1
6358,DECODE,63,0,63,2147.24,14.89,1
6359,DECODE,63,0,63,2148.24,15.89,1
6360,DECODE,63,0,63,2149.24,14.82,1
6361,DECODE,63,0,63,2150.24,14.80,1
6362,DECODE,63,0,63,2151.24,14.74,1
6363,DECODE,63,0,63,2152.24,14.76,1
6364,DECODE,63,0,63,2153.24,14.91,1
6365,DECODE,63,0,63,2154.24,14.80,1
6366,DECODE,63,0,63,2155.24,14.81,1
6367,DECODE,63,0,63,2156.24,14.83,1
6368,DECODE,63,0,63,2157.24,14.75,1
6369,DECODE,63,0,63,2158.24,14.97,1
6370,DECODE,63,0,63,2159.24,14.78,1
6371,DECODE,62,0,62,2175.94,15.85,1
6372,DECODE,62,0,62,2176.94,14.96,1
6373,DECODE,62,0,62,2177.94,14.89,1
6374,DECODE,62,0,62,2178.94,14.79,1
6375,DECODE,62,0,62,2179.94,14.81,1
6376,DECODE,62,0,62,2180.94,14.76,1
6377,DECODE,62,0,62,2181.94,14.91,1
6378,DECODE,62,0,62,2182.94,14.81,1
6379,DECODE,62,0,62,2183.94,14.77,1
6380,DECODE,62,0,62,2184.94,14.75,1
6381,DECODE,62,0,62,2185.94,14.73,1
6382,DECODE,62,0,62,2186.94,14.72,1
6383,DECODE,62,0,62,2187.94,14.77,1
6384,DECODE,62,0,62,2188.94,14.45,1
6385,DECODE,61,0,61,2206.11,14.78,1
6386,DECODE,61,0,61,2207.11,14.53,1
6387,DECODE,61,0,61,2208.11,14.41,1
6388,DECODE,61,0,61,2209.11,15.85,1
6389,DECODE,61,0,61,2210.11,15.09,1
6390,DECODE,61,0,61,2211.11,14.63,1
6391,DECODE,61,0,61,2212.11,14.52,1
6392,DECODE,61,0,61,2213.11,14.49,1
6393,DECODE,61,0,61,2214.11,14.43,1
6394,DECODE,61,0,61,2215.11,14.44,1
6395,DECODE,61,0,61,2216.11,14.52,1
6396,DECODE,61,0,61,2217.11,14.40,1
6397,DECODE,61,0,61,2218.11,14.40,1
6398,DECODE,61,0,61,2219.11,14.43,1
6399,DECODE,60,0,60,2236.78,14.43,1
6400,DECODE,60,0,60,2237.78,14.25,1
6401,DECODE,60,0,60,2238.78,14.11,1
6402,DECODE,60,0,60,2239.78,14.26,1
6403,DECODE,60,0,60,2240.78,14.58,1
6404,DECODE,60,0,60,2241.78,14.82,1
6405,DECODE,60,0,60,2242.78,14.81,1
6406,DECODE,60,0,60,2243.78,14.77,1
6407,DECODE,60,0,60,2244.78,14.10,1
6408,DECODE,60,0,60,2245.78,14.12,1
6409,DECODE,60,0,60,2246.78,14.08,1
6410,DECODE,60,0,60,2247.78,15.84,1
6411,DECODE,60,0,60,2248.78,14.88,1
6412,DECODE,60,0,60,2249.78,14.90,1
6413,DECODE,59,0,59,2268.34,15.01,1
6414,DECODE,59,0,59,2269.34,14.01,1
6415,DECODE,59,0,59,2270.34,13.92,1
6416,DECODE,59,0,59,2271.34,14.41,1
6417,DECODE,59,0,59,2272.34,14.04,1
6418,DECODE,59,0,59,2273.34,14.78,1
6419,DECODE,59,0,59,2274.34,14.81,1
6420,DECODE,59,0,59,2275.34,14.69,1
6421,DECODE,59,0,59,2276.34,14.69,1
6422,DECODE,59,0,59,2277.34,15.33,1
6423,DECODE,59,0,59,2278.34,13.85,1
6424,DECODE,59,0,59,2279.34,15.69,1
6425,DECODE,59,0,59,2280.34,14.84,1
6426,DECODE,59,0,59,2281.34,14.83,1
6427,DECODE,59,0,59,2282.34,14.76,1
6428,DECODE,59,0,59,2283.34,14.69,1
6429,DECODE,59,0,59,2284.34,14.80,1
6430,DECODE,58,0,58,2287.09,15.26,1
6431,DECODE,58,0,58,2288.09,14.93,1
6432,DECODE,58,0,58,2289.09,14.57,1
6433,DECODE,58,0,58,2290.09,14.68,1
6434,DECODE,58,0,58,2291.09,14.67,1
6435,DECODE,58,0,58,2292.09,14.80,1
6436,DECODE,58,0,58,2293.09,14.78,1
6437,DECODE,58,0,58,2294.09,14.81,1
6438,DECODE,58,0,58,2295.09,14.86,1
6439,DECODE,58,0,58,2296.09,14.89,1
6440,DECODE,58,0,58,2297.09,14.79,1
6441,DECODE,58,0,58,2298.09,15.34,1
6442,DECODE,58,0,58,2299.09,14.78,1
6443,DECODE,58,0,58,2300.09,14.75,1
6444,DECODE,58,0,58,2301.09,16.52,1
6445,DECODE,58,0,58,2302.09,14.92,1
6446,DECODE,58,0,58,2303.09,14.73,1
6447,DECODE,58,0,58,2304.09,15.24,1
6448,DECODE,58,0,58,2305.09,14.69,1
6449,DECODE,58,0,58,2306.09,14.67,1
6450,DECODE,58,0,58,2307.09,15.43,1
6451,DECODE,58,0,58,2308.09,14.59,1
6452,DECODE,58,0,58,2309.09,14.68,1
6453,DECODE,57,0,57,2309.98,14.83,1
6454,DECODE,57,0,57,2310.98,15.95,1
6455,DECODE,57,0,57,2311.98,14.93,1
6456,DECODE,57,0,57,2312.98,14.67,1
6457,DECODE,56,0,56,2309.57,15.03,1
6458,DECODE,56,0,56,2310.57,14.92,1
6459,DECODE,56,0,56,2311.57,14.71,1
6460,DECODE,56,0,56,2312.57,14.66,1
6461,DECODE,55,0,55,2309.07,14.87,1
6462,DECODE,55,0,55,2310.07,14.58,1
6463,DECODE,55,0,55,2311.07,14.72,1
6464,DECODE,55,0,55,2312.07,14.76,1
6465,DECODE,54,0,54,2308.48,15.19,1
6466,DECODE,54,0,54,2309.48,14.81,1
6467,DECODE,54,0,54,2310.48,14.67,1
6468,DECODE,53,0,53,2306.77,14.87,1
6469,DECODE,53,0,53,2307.77,14.89,1
6470,DECODE,53,0,53,2308.77,15.27,1
6471,DECODE,53,0,53,2309.77,14.89,1
6472,DECODE,53,0,53,2310.77,14.62,1
6473,DECODE,53,0,53,2311.77,15.92,1
6474,DECODE,53,0,53,2312.77,14.81,1
6475,DECODE,53,0,53,2313.77,14.65,1
6476,DECODE,53,0,53,2314.77,14.71,1
6477,DECODE,53,0,53,2315.77,15.06,1
6478,DECODE,53,0,53,2316.77,14.21,1
6479,DECODE,53,0,53,2317.77,13.99,1
6480,DECODE,53,0,53,2318.77,13.95,1
6481,DECODE,53,0,53,2319.77,13.96,1
6482,DECODE,53,0,53,2320.77,13.84,1
6483,DECODE,53,0,53,2321.77,14.00,1
6484,DECODE,53,0,53,2322.77,13.86,1
6485,DECODE,53,0,53,2323.77,13.99,1
6486,DECODE,53,0,53,2324.77,15.11,1
6487,DECODE,53,0,53,2325.77,13.93,1
6488,DECODE,53,0,53,2326.77,13.89,1
6489,DECODE,53,0,53,2327.77,14.62,1
6490,DECODE,53,0,53,2328.77,14.53,1
6491,DECODE,52,0,52,2325.33,15.02,1
6492,DECODE,52,0,52,2326.33,14.96,1
6493,DECODE,52,0,52,2327.33,14.84,1
6494,DECODE,52,0,52,2328.33,14.63,1
6495,DECODE,51,0,51,2324.78,14.77,1
6496,EXTEND,1,847,0,1065.00,65.55,1
6497,DECODE,52,0,52,2301.56,14.21,1
6498,DECODE,52,0,52,2302.56,13.87,1
6499,DECODE,52,0,52,2303.56,13.90,1
6500,DECODE,52,0,52,2304.56,13.89,1
6501,DECODE,52,0,52,2305.56,13.82,1
6502,DECODE,52,0,52,2306.56,13.84,1
6503,DECODE,52,0,52,2307.56,15.63,1
6504,DECODE,52,0,52,2308.56,15.18,1
6505,DECODE,52,0,52,2309.56,14.76,1
6506,DECODE,52,0,52,2310.56,15.63,1
6507,DECODE,52,0,52,2311.56,14.97,1
6508,DECODE,52,0,52,2312.56,15.04,1
6509,DECODE,52,0,52,2313.56,14.58,1
6510,DECODE,52,0,52,2314.56,14.68,1
6511,DECODE,52,0,52,2315.56,14.60,1
6512,DECODE,52,0,52,2316.56,14.58,1
6513,DECODE,51,0,51,2317.41,14.85,1
6514,EXTEND,1,619,0,1071.00,56.59,1
6515,DECODE,52,0,52,2294.44,13.76,1
6516,DECODE,52,0,52,2295.44,15.64,1
6517,DECODE,52,0,52,2296.44,14.55,1
6518,DECODE,52,0,52,2297.44,14.74,1
6519,DECODE,52,0,52,2298.44,14.55,1
6520,DECODE,52,0,52,2299.44,14.37,1
6521,DECODE,52,0,52,2300.44,14.51,1
6522,DECODE,52,0,52,2301.44,14.45,1
6523,DECODE,52,0,52,2302.44,14.44,1
6524,DECODE,52,0,52,2303.44,14.79,1
6525,DECODE,52,0,52,2304.44,14.48,1
6526,DECODE,52,0,52,2305.44,14.49,1
6527,DECODE,52,0,52,2306.44,14.64,1
6528,DECODE,52,0,52,2307.44,14.47,1
6529,DECODE,52,0,52,2308.44,14.36,1
6530,DECODE,52,0,52,2309.44,14.78,1
6531,DECODE,52,0,52,2310.44,14.39,1
6532,DECODE,52,0,52,2311.44,14.47,1
6533,DECODE,52,0,52,2312.44,14.63,1
6534,DECODE,51,0,51,2308.59,15.00,1
6535,EXTEND,1,626,0,1078.00,56.41,1
6536,DECODE,52,0,52,2285.92,14.17,1
6537,DECODE,52,0,52,2286.92,14.60,1
6538,DECODE,51,0,51,2282.57,14.06,1
6539,EXTEND,1,627,0,1085.00,34.13,1
6540,DECODE,52,0,52,2260.54,13.95,1
6541,DECODE,52,0,52,2261.54,13.94,1
6542,DECODE,52,0,52,2262.54,13.86,1
6543,DECODE,52,0,52,2263.54,13.91,1
6544,DECODE,52,0,52,2264.54,13.83,1
6545,DECODE,52,0,52,2265.54,13.83,1
6546,DECODE,52,0,52,2266.54,13.88,1
6547,DECODE,52,0,52,2267.54,13.92,1
6548,DECODE,52,0,52,2268.54,13.92,1
6549,DECODE,52,0,52,2269.54,13.88,1
6550,DECODE,52,0,52,2270.54,13.86,1
6551,DECODE,52,0,52,2271.54,13.81,1
6552,DECODE,52,0,52,2272.54,13.76,1
6553,DECODE,52,0,52,2273.54,13.79,1
6554,DECODE,52,0,52,2274.54,13.78,1
6555,DECODE,52,0,52,2275.54,13.79,1
6556,DECODE,52,0,52,2276.54,13.76,1
6557,DECODE,52,0,52,2277.54,13.86,1
6558,DECODE,52,0,52,2278.54,13.83,1
6559,DECODE,52,0,52,2279.54,14.59,1
6560,DECODE,52,0,52,2280.54,14.59,1
6561,DECODE,52,0,52,2281.54,14.57,1
6562,DECODE,52,0,52,2282.54,14.66,1
6563,DECODE,52,0,52,2283.54,14.68,1
6564,DECODE,52,0,52,2284.54,14.80,1
6565,DECODE,52,0,52,2285.54,14.88,1
6566,DECODE,52,0,52,2286.54,14.83,1
6567,DECODE,52,0,52,2287.54,14.79,1
6568,DECODE,52,0,52,2288.54,14.82,1
6569,DECODE,52,0,52,2289.54,14.78,1
6570,DECODE,52,0,52,2290.54,14.84,1
6571,DECODE,52,0,52,2291.54,14.77,1
6572,DECODE,52,0,52,2292.54,14.76,1
6573,DECODE,52,0,52,2293.54,14.83,1
6574,DECODE,52,0,52,2294.54,14.79,1
6575,DECODE,52,0,52,2295.54,15.57,1
6576,DECODE,52,0,52,2296.54,14.91,1
6577,DECODE,52,0,52,2297.54,14.79,1
6578,DECODE,52,0,52,2298.54,14.85,1
6579,DECODE,52,0,52,2299.54,14.81,1
6580,DECODE,52,0,52,2300.54,14.73,1
6581,DECODE,52,0,52,2301.54,14.80,1
6582,DECODE,52,0,52,2302.54,15.43,1
6583,DECODE,52,0,52,2303.54,14.75,1
6584,DECODE,52,0,52,2304.54,15.60,1
6585,DECODE,52,0,52,2305.54,14.73,1
6586,DECODE,52,0,52,2306.54,14.70,1
6587,DECODE,52,0,52,2307.54,14.85,1
6588,DECODE,52,0,52,2308.54,14.69,1
6589,DECODE,52,0,52,2309.54,14.85,1
6590,DECODE,52,0,52,2310.54,14.77,1
6591,DECODE,52,0,52,2311.54,14.45,1
6592,DECODE,52,0,52,2312.54,14.78,1
6593,DECODE,52,0,52,2313.54,14.34,1
6594,DECODE,52,0,52,2314.54,14.78,1
6595,DECODE,52,0,52,2315.54,14.71,1
6596,DECODE,52,0,52,2316.54,14.76,1
6597,DECODE,52,0,52,2317.54,14.86,1
6598,DECODE,52,0,52,2318.54,14.88,1
6599,DECODE,52,0,52,2319.54,14.93,1
6600,DECODE,52,0,52,2320.54,14.99,1
6601,DECODE,52,0,52,2321.54,15.11,1
6602,DECODE,52,0,52,2322.54,14.86,1
6603,DECODE,52,0,52,2323.54,14.78,1
6604,DECODE,52,0,52,2324.54,14.80,1
6605,DECODE,52,0,52,2325.54,14.82,1
6606,DECODE,52,0,52,2326.54,14.69,1
6607,DECODE,52,0,52,2327.54,14.68,1
6608,DECODE,52,0,52,2328.54,14.66,1
6609,DECODE,52,0,52,2329.54,14.73,1
6610,DECODE,52,0,52,2330.54,14.71,1
6611,DECODE,52,0,52,2331.54,14.73,1
6612,DECODE,52,0,52,2332.54,14.76,1
6613,DECODE,52,0,52,2333.54,14.98,1
6614,DECODE,52,0,52,2334.54,15.09,1
6615,DECODE,52,0,52,2335.54,15.17,1
6616,DECODE,52,0,52,2336.54,15.16,1
6617,DECODE,52,0,52,2337.54,15.23,1
6618,DECODE,52,0,52,2338.54,14.86,1
6619,DECODE,52,0,52,2339.54,14.79,1
6620,DECODE,52,0,52,2340.54,14.77,1
6621,DECODE,52,0,52,2341.54,14.79,1
6622,DECODE,52,0,52,2342.54,14.64,1
6623,DECODE,52,0,52,2343.54,14.65,1
6624,DECODE,52,0,52,2344.54,14.75,1
6625,DECODE,52,0,52,2345.54,14.79,1
6626,DECODE,52,0,52,2346.54,14.70,1
6627,DECODE,52,0,52,2347.54,14.86,1
6628,DECODE,52,0,52,2348.54,14.70,1
6629,DECODE,52,0,52,2349.54,14.78,1
6630,DECODE,52,0,52,2350.54,14.83,1
6631,DECODE,51,0,51,2348.82,15.00,1
6632,EXTEND,2,1325,0,1076.50,71.45,1
6633,DECODE,53,0,53,2301.81,14.37,1
6634,DECODE,53,0,53,2302.81,14.14,1
6635,DECODE,52,0,52,2298.87,14.06,1
6636,EXTEND,1,791,0,1009.00,41.56,1
6637,DECODE,53,0,53,2275.53,13.98,1
6638,DECODE,53,0,53,2276.53,14.02,1
6639,DECODE,53,0,53,2277.53,14.00,1
6640,DECODE,53,0,53,2278.53,14.22,1
6641,DECODE,53,0,53,2279.53,13.95,1
6642,DECODE,53,0,53,2280.53,14.91,1
6643,DECODE,53,0,53,2281.53,14.78,1
6644,DECODE,53,0,53,2282.53,14.73,1
6645,DECODE,53,0,53,2283.53,14.97,1
6646,DECODE,53,0,53,2284.53,14.82,1
6647,DECODE,53,0,53,2285.53,15.05,1
6648,DECODE,53,0,53,2286.53,14.92,1
6649,DECODE,53,0,53,2287.53,14.75,1
6650,DECODE,53,0,53,2288.53,14.69,1
6651,DECODE,53,0,53,2289.53,14.80,1
6652,DECODE,53,0,53,2290.53,14.99,1
6653,DECODE,53,0,53,2291.53,14.92,1
6654,DECODE,53,0,53,2292.53,14.79,1
6655,DECODE,53,0,53,2293.53,14.85,1
6656,DECODE,53,0,53,2294.53,14.77,1
6657,DECODE,53,0,53,2295.53,14.89,1
6658,DECODE,53,0,53,2296.53,15.82,1
6659,DECODE,53,0,53,2297.53,15.10,1
6660,DECODE,53,0,53,2298.53,15.00,1
6661,DECODE,53,0,53,2299.53,15.00,1
6662,DECODE,53,0,53,2300.53,14.87,1
6663,DECODE,53,0,53,2301.53,15.02,1
6664,DECODE,53,0,53,2302.53,14.90,1
6665,DECODE,53,0,53,2303.53,15.04,1
6666,DECODE,53,0,53,2304.53,14.96,1
6667,DECODE,53,0,53,2305.53,15.09,1
6668,DECODE,53,0,53,2306.53,14.99,1
6669,DECODE,52,0,52,2302.65,15.51,1
6670,EXTEND,1,668,0,1016.00,59.49,1
6671,DECODE,53,0,53,2279.38,14.42,1
6672,DECODE,53,0,53,2280.38,14.20,1
6673,DECODE,53,0,53,2281.38,14.48,1
6674,DECODE,53,0,53,2282.38,14.45,1
6675,DECODE,50,0,50,2266.72,14.65,1
6676,EXTEND,3,2145,0,1027.67,88.13,1
6677,DECODE,53,0,53,2197.58,14.51,1
6678,DECODE,53,0,53,2198.58,14.70,1
6679,DECODE,53,0,53,2199.58,14.43,1
6680,DECODE,53,0,53,2200.58,15.19,1
6681,DECODE,53,0,53,2201.58,15.02,1
6682,DECODE,53,0,53,2202.58,14.92,1
6683,DECODE,53,0,53,2203.58,14.90,1
6684,DECODE,53,0,53,2204.58,14.91,1
6685,DECODE,53,0,53,2205.58,14.90,1
6686,DECODE,53,0,53,2206.58,14.88,1
6687,DECODE,53,0,53,2207.58,15.00,1
6688,DECODE,53,0,53,2208.58,14.86,1
6689,DECODE,53,0,53,2209.58,14.91,1
6690,DECODE,52,0,52,2203.85,15.21,1
6691,EXTEND,2,1411,0,1040.50,80.74,1
6692,DECODE,54,0,54,2161.76,14.41,1
6693,DECODE,54,0,54,2162.76,15.40,1
6694,DECODE,53,0,53,2156.26,14.59,1
6695,EXTEND,2,1434,0,1057.50,55.37,1
6696,DECODE,54,0,54,2109.31,14.27,1
6697,EXTEND,1,697,0,1071.00,37.44,1
6698,DECODE,55,0,55,2091.44,14.08,1
6699,DECODE,55,0,55,2092.44,13.98,1
6700,DECODE,55,0,55,2093.44,13.95,1
6701,DECODE,55,0,55,2094.44,14.11,1
6702,DECODE,55,0,55,2095.44,14.70,1
6703,DECODE,55,0,55,2096.44,14.71,1
6704,DECODE,55,0,55,2097.44,13.91,1
6705,DECODE,55,0,55,2098.44,14.39,1
6706,DECODE,55,0,55,2099.44,14.37,1
6707,DECODE,54,0,54,2091.91,14.66,1
6708,EXTEND,1,853,0,1070.00,55.26,1
6709,DECODE,54,0,54,2065.33,14.04,1
6710,EXTEND,1,754,0,1079.00,40.10,1
6711,DECODE,55,0,55,2048.40,14.02,1
6712,DECODE,55,0,55,2049.40,13.91,1
6713,DECODE,54,0,54,2040.94,13.96,1
6714,EXTEND,2,1720,0,1078.00,62.03,1
6715,DECODE,56,0,56,2007.55,14.48,1
6716,DECODE,56,0,56,2008.55,14.54,1
6717,DECODE,56,0,56,2009.55,14.04,1
6718,DECODE,56,0,56,2010.55,14.62,1
6719,DECODE,56,0,56,2011.55,13.95,1
6720,DECODE,55,0,55,2002.58,14.64,1
6721,EXTEND,4,3711,0,1309.00,122.20,1
6722,DECODE,54,0,54,1900.61,14.81,1
6723,EXTEND,2,2194,0,1549.50,78.26,1
6724,DECODE,55,0,55,1876.87,14.34,1
6725,EXTEND,2,2262,0,1526.00,78.29,1
6726,DECODE,57,0,57,1865.56,14.58,1
6727,DECODE,57,0,57,1866.56,13.92,1
6728,DECODE,57,0,57,1867.56,13.76,1
6729,DECODE,54,0,54,1830.09,14.57,1
6730,EXTEND,3,3517,0,1558.67,124.12,1
6731,DECODE,57,0,57,1816.81,14.77,1
6732,DECODE,57,0,57,1817.81,14.09,1
6733,DECODE,57,0,57,1818.81,13.76,1
6734,DECODE,57,0,57,1819.81,13.79,1
6735,DECODE,57,0,57,1820.81,13.71,1
6736,DECODE,57,0,57,1821.81,13.71,1
6737,DECODE,57,0,57,1822.81,13.60,1
6738,DECODE,57,0,57,1823.81,13.62,1
6739,DECODE,57,0,57,1824.81,13.63,1
6740,DECODE,57,0,57,1825.81,13.68,1
6741,DECODE,57,0,57,1826.81,13.64,1
6742,DECODE,57,0,57,1827.81,15.18,1
6743,DECODE,57,0,57,1828.81,13.65,1
6744,DECODE,57,0,57,1829.81,13.74,1
6745,DECODE,57,0,57,1830.81,13.64,1
6746,DECODE,57,0,57,1831.81,13.67,1
6747,DECODE,57,0,57,1832.81,13.57,1
6748,DECODE,56,0,56,1820.82,13.70,1
6749,EXTEND,2,2426,0,1586.00,85.98,1
6750,DECODE,58,0,58,1813.72,14.61,1
6751,DECODE,58,0,58,1814.72,13.93,1
6752,DECODE,58,0,58,1815.72,13.82,1
6753,DECODE,58,0,58,1816.72,13.69,1
6754,DECODE,58,0,58,1817.72,13.65,1
6755,DECODE,58,0,58,1818.72,13.59,1
6756,DECODE,58,0,58,1819.72,13.67,1
6757,DECODE,58,0,58,1820.72,15.28,1
6758,DECODE,58,0,58,1821.72,14.43,1
6759,DECODE,58,0,58,1822.72,14.45,1
6760,DECODE,57,0,57,1810.79,14.60,1
6761,EXTEND,2,2651,0,1616.00,101.93,1
6762,DECODE,59,0,59,1805.19,14.29,1
6763,DECODE,59,0,59,1806.19,14.00,1
6764,DECODE,59,0,59,1807.19,14.20,1
6765,DECODE,59,0,59,1808.19,14.46,1
6766,DECODE,59,0,59,1809.19,14.20,1
6767,DECODE,59,0,59,1810.19,14.11,1
6768,DECODE,58,0,58,1798.26,14.35,1
6769,EXTEND,3,3892,0,1659.33,131.87,1
6770,DECODE,59,0,59,1766.37,16.19,1
6771,EXTEND,1,1304,0,1692.00,52.55,1
6772,DECODE,60,0,60,1766.13,14.07,1
6773,DECODE,60,0,60,1767.13,13.92,1
6774,DECODE,60,0,60,1768.13,14.16,1
6775,DECODE,60,0,60,1769.13,13.89,1
6776,DECODE,59,0,59,1756.73,14.36,1
6777,EXTEND,1,1345,0,1715.00,61.12,1
6778,DECODE,60,0,60,1757.03,13.83,1
6779,DECODE,60,0,60,1758.03,14.17,1
6780,DECODE,60,0,60,1759.03,14.40,1
6781,DECODE,60,0,60,1760.03,14.23,1
6782,DECODE,60,0,60,1761.03,14.28,1
6783,DECODE,60,0,60,1762.03,14.28,1
6784,DECODE,59,0,59,1749.51,14.57,1
6785,EXTEND,2,3050,0,1742.00,110.54,1
6786,DECODE,60,0,60,1736.75,14.64,1
6787,EXTEND,1,1359,0,1780.00,54.61,1
6788,DECODE,61,0,61,1738.46,13.97,1
6789,DECODE,61,0,61,1739.46,13.77,1
6790,DECODE,61,0,61,1740.46,13.71,1
6791,DECODE,61,0,61,1741.46,14.41,1
6792,DECODE,61,0,61,1742.46,13.91,1
6793,DECODE,59,0,59,1715.75,14.42,1
6794,EXTEND,2,3511,0,2083.00,121.44,1
6795,DECODE,60,0,60,1714.92,15.10,1
6796,EXTEND,1,2009,0,2398.00,70.09,1
6797,DECODE,59,0,59,1698.88,14.26,1
6798,EXTEND,2,3726,0,2142.00,120.92,1
6799,DECODE,61,0,61,1714.41,14.61,1
6800,DECODE,61,0,61,1715.41,13.78,1
6801,DECODE,61,0,61,1716.41,13.77,1
6802,DECODE,60,0,60,1703.35,13.54,1
6803,EXTEND,2,2411,0,1573.50,84.04,1
6804,DECODE,61,0,61,1686.07,14.24,1
6805,EXTEND,1,842,0,1213.00,40.57,1
6806,DECODE,60,0,60,1650.08,13.48,1
6807,EXTEND,3,3435,0,1455.33,113.82,1
6808,DECODE,63,0,63,1641.81,14.70,1
6809,DECODE,63,0,63,1642.81,13.98,1
6810,DECODE,63,0,63,1643.81,14.60,1
6811,DECODE,63,0,63,1644.81,13.53,1
6812,DECODE,60,0,60,1600.05,13.69,1
6813,EXTEND,3,1908,0,1064.67,70.35,1
6814,DECODE,63,0,63,1575.56,13.77,1
6815,DECODE,63,0,63,1576.56,13.59,1
6816,DECODE,63,0,63,1577.56,13.35,1
6817,DECODE,63,0,63,1578.56,13.51,1
6818,DECODE,63,0,63,1579.56,13.46,1
6819,DECODE,63,0,63,1580.56,13.47,1
6820,DECODE,63,0,63,1581.56,13.45,1
6821,DECODE,63,0,63,1582.56,13.44,1
6822,DECODE,63,0,63,1583.56,13.46,1
6823,DECODE,63,0,63,1584.56,13.51,1
6824,DECODE,63,0,63,1585.56,15.26,1
6825,DECODE,63,0,63,1586.56,14.24,1
6826,DECODE,63,0,63,1587.56,14.15,1
6827,DECODE,63,0,63,1588.56,14.21,1
6828,DECODE,63,0,63,1589.56,14.35,1
6829,DECODE,63,0,63,1590.56,14.19,1
6830,DECODE,63,0,63,1591.56,14.24,1
6831,DECODE,62,0,62,1576.94,14.27,1
6832,EXTEND,2,1567,0,1090.50,72.99,1
6833,DECODE,64,0,64,1562.73,13.77,1
6834,DECODE,64,0,64,1563.73,13.65,1
6835,DECODE,64,0,64,1564.73,13.56,1
6836,DECODE,64,0,64,1565.73,13.38,1
6837,DECODE,64,0,64,1566.73,13.67,1
6838,DECODE,64,0,64,1567.73,14.28,1
6839,DECODE,64,0,64,1568.73,14.24,1
6840,DECODE,62,0,62,1537.76,14.14,1
6841,EXTEND,3,2262,0,1135.67,79.80,1
6842,DECODE,65,0,65,1520.20,14.29,1
6843,DECODE,65,0,65,1521.20,14.28,1
6844,DECODE,65,0,65,1522.20,14.20,1
6845,DECODE,65,0,65,1523.20,13.90,1
6846,DECODE,65,0,65,1524.20,14.41,1
6847,DECODE,65,0,65,1525.20,14.52,1
6848,DECODE,65,0,65,1526.20,14.41,1
6849,DECODE,65,0,65,1527.20,14.37,1
6850,DECODE,65,0,65,1528.20,14.31,1
6851,DECODE,65,0,65,1529.20,14.48,1
6852,DECODE,65,0,65,1530.20,14.45,1
6853,DECODE,65,0,65,1531.20,14.50,1
6854,DECODE,65,0,65,1532.20,14.60,1
6855,DECODE,65,0,65,1533.20,14.55,1
6856,DECODE,65,0,65,1534.20,14.58,1
6857,DECODE,65,0,65,1535.20,14.57,1
6858,DECODE,65,0,65,1536.20,14.52,1
6859,DECODE,65,0,65,1537.20,14.72,1
6860,DECODE,65,0,65,1538.20,14.65,1
6861,DECODE,65,0,65,1539.20,14.63,1
6862,DECODE,65,0,65,1540.20,14.53,1
6863,DECODE,65,0,65,1541.20,14.65,1
6864,DECODE,65,0,65,1542.20,14.63,1
6865,DECODE,65,0,65,1543.20,14.47,1
6866,DECODE,65,0,65,1544.20,15.05,1
6867,DECODE,65,0,65,1545.20,14.85,1
6868,DECODE,65,0,65,1546.20,14.59,1
6869,DECODE,65,0,65,1547.20,14.60,1
6870,DECODE,65,0,65,1548.20,14.61,1
6871,DECODE,65,0,65,1549.20,14.55,1
6872,DECODE,65,0,65,1550.20,14.68,1
6873,DECODE,65,0,65,1551.20,14.55,1
6874,DECODE,65,0,65,1552.20,14.56,1
6875,DECODE,65,0,65,1553.20,14.53,1
6876,DECODE,65,0,65,1554.20,14.88,1
6877,DECODE,65,0,65,1555.20,14.59,1
6878,DECODE,65,0,65,1556.20,14.81,1
6879,DECODE,62,0,62,1508.63,14.25,1
6880,EXTEND,4,3173,0,1194.00,111.64,1
6881,DECODE,66,0,66,1490.56,14.75,1
6882,DECODE,66,0,66,1491.56,14.16,1
6883,DECODE,66,0,66,1492.56,14.61,1
6884,DECODE,66,0,66,1493.56,14.42,1
6885,DECODE,66,0,66,1494.56,14.60,1
6886,DECODE,66,0,66,1495.56,14.61,1
6887,DECODE,66,0,66,1496.56,14.61,1
6888,DECODE,66,0,66,1497.56,14.93,1
6889,DECODE,66,0,66,1498.56,14.60,1
6890,DECODE,66,0,66,1499.56,14.58,1
6891,DECODE,66,0,66,1500.56,14.67,1
6892,DECODE,66,0,66,1501.56,14.52,1
6893,DECODE,66,0,66,1502.56,14.65,1
6894,DECODE,66,0,66,1503.56,14.59,1
6895,DECODE,66,0,66,1504.56,14.58,1
6896,DECODE,66,0,66,1505.56,14.57,1
6897,DECODE,66,0,66,1506.56,14.58,1
6898,DECODE,66,0,66,1507.56,14.76,1
6899,DECODE,66,0,66,1508.56,14.60,1
6900,DECODE,66,0,66,1509.56,14.57,1
6901,DECODE,66,0,66,1510.56,14.57,1
6902,DECODE,66,0,66,1511.56,14.63,1
6903,DECODE,66,0,66,1512.56,14.62,1
6904,DECODE,66,0,66,1513.56,14.75,1
6905,DECODE,66,0,66,1514.56,15.17,1
6906,DECODE,66,0,66,1515.56,14.97,1
6907,DECODE,66,0,66,1516.56,14.78,1
6908,DECODE,66,0,66,1517.56,14.86,1
6909,DECODE,66,0,66,1518.56,14.73,1
6910,DECODE,66,0,66,1519.56,15.44,1
6911,DECODE,66,0,66,1520.56,14.76,1
6912,DECODE,66,0,66,1521.56,14.20,1
6913,DECODE,66,0,66,1522.56,14.73,1
6914,DECODE,66,0,66,1523.56,14.65,1
6915,DECODE,66,0,66,1524.56,14.67,1
6916,DECODE,66,0,66,1525.56,14.85,1
6917,DECODE,66,0,66,1526.56,14.69,1
6918,DECODE,66,0,66,1527.56,14.68,1
6919,DECODE,66,0,66,1528.56,14.65,1
6920,DECODE,66,0,66,1529.56,14.75,1
6921,DECODE,66,0,66,1530.56,15.09,1
6922,DECODE,66,0,66,1531.56,14.88,1
6923,DECODE,66,0,66,1532.56,14.90,1
6924,DECODE,66,0,66,1533.56,14.71,1
6925,DECODE,66,0,66,1534.56,14.77,1
6926,DECODE,66,0,66,1535.56,14.70,1
6927,DECODE,66,0,66,1536.56,14.74,1
6928,DECODE,66,0,66,1537.56,14.59,1
6929,DECODE,65,0,65,1522.83,14.78,1
6930,EXTEND,3,2554,0,1202.33,98.05,1
6931,DECODE,68,0,68,1509.69,14.89,1
6932,DECODE,68,0,68,1510.69,14.72,1
6933,DECODE,68,0,68,1511.69,14.67,1
6934,DECODE,68,0,68,1512.69,14.59,1
6935,DECODE,68,0,68,1513.69,14.89,1
6936,DECODE,68,0,68,1514.69,14.94,1
6937,DECODE,68,0,68,1515.69,14.79,1
6938,DECODE,68,0,68,1516.69,14.79,1
6939,DECODE,68,0,68,1517.69,14.73,1
6940,DECODE,68,0,68,1518.69,14.75,1
6941,DECODE,68,0,68,1519.69,14.79,1
6942,DECODE,68,0,68,1520.69,14.78,1
6943,DECODE,68,0,68,1521.69,14.79,1
6944,DECODE,68,0,68,1522.69,14.75,1
6945,DECODE,68,0,68,1523.69,14.76,1
6946,DECODE,68,0,68,1524.69,14.65,1
6947,DECODE,68,0,68,1525.69,14.59,1
6948,DECODE,68,0,68,1526.69,14.67,1
6949,DECODE,68,0,68,1527.69,14.67,1
6950,DECODE,68,0,68,1528.69,14.62,1
6951,DECODE,68,0,68,1529.69,14.63,1
6952,DECODE,68,0,68,1530.69,14.66,1
6953,DECODE,68,0,68,1531.69,14.62,1
6954,DECODE,68,0,68,1532.69,14.59,1
6955,DECODE,68,0,68,1533.69,14.59,1
6956,DECODE,68,0,68,1534.69,14.63,1
6957,DECODE,68,0,68,1535.69,14.61,1
6958,DECODE,68,0,68,1536.69,14.62,1
6959,DECODE,68,0,68,1537.69,14.60,1
6960,DECODE,68,0,68,1538.69,14.53,1
6961,DECODE,68,0,68,1539.69,14.50,1
6962,DECODE,68,0,68,1540.69,14.46,1
6963,DECODE,68,0,68,1541.69,14.42,1
6964,DECODE,68,0,68,1542.69,14.48,1
6965,DECODE,67,0,67,1536.19,14.65,1
6966,EXTEND,2,2687,0,1698.50,98.96,1
6967,DECODE,69,0,69,1541.90,15.18,1
6968,DECODE,69,0,69,1542.90,14.17,1
6969,DECODE,68,0,68,1528.94,13.97,1
6970,EXTEND,2,2155,0,2208.50,82.19,1
6971,DECODE,70,0,70,1549.36,14.52,1
6972,DECODE,70,0,70,1550.36,14.13,1
6973,DECODE,70,0,70,1551.36,13.96,1
6974,DECODE,70,0,70,1552.36,14.23,1
6975,DECODE,70,0,70,1553.36,14.36,1
6976,DECODE,70,0,70,1554.36,14.66,1
6977,DECODE,70,0,70,1555.36,14.55,1
6978,DECODE,70,0,70,1556.36,14.72,1
6979,DECODE,70,0,70,1557.36,14.67,1
6980,DECODE,70,0,70,1558.36,14.65,1
6981,DECODE,70,0,70,1559.36,14.59,1
6982,DECODE,70,0,70,1560.36,14.60,1
6983,DECODE,70,0,70,1561.36,14.63,1
6984,DECODE,70,0,70,1562.36,14.65,1
6985,DECODE,70,0,70,1563.36,14.65,1
6986,DECODE,70,0,70,1564.36,14.60,1
6987,DECODE,70,0,70,1565.36,14.66,1
6988,DECODE,70,0,70,1566.36,14.62,1
6989,DECODE,70,0,70,1567.36,14.65,1
6990,DECODE,70,0,70,1568.36,14.64,1
6991,DECODE,70,0,70,1569.36,14.70,1
6992,DECODE,70,0,70,1570.36,14.64,1
6993,DECODE,70,0,70,1571.36,14.62,1
6994,DECODE,70,0,70,1572.36,14.63,1
6995,DECODE,70,0,70,1573.36,14.62,1
6996,DECODE,70,0,70,1574.36,14.76,1
6997,DECODE,70,0,70,1575.36,14.76,1
6998,DECODE,70,0,70,1576.36,14.67,1
6999,DECODE,70,0,70,1577.36,16.26,1
7000,DECODE,70,0,70,1578.36,14.77,1
7001,DECODE,70,0,70,1579.36,14.94,1
7002,DECODE,70,0,70,1580.36,15.05,1
7003,DECODE,70,0,70,1581.36,14.98,1
7004,DECODE,70,0,70,1582.36,14.97,1
7005,DECODE,70,0,70,1583.36,15.00,1
7006,DECODE,70,0,70,1584.36,14.82,1
7007,DECODE,68,0,68,1564.24,14.89,1
7008,EXTEND,1,21,0,2066.00,58.57,1
7009,DECODE,69,0,69,1572.51,14.16,1
7010,DECODE,69,0,69,1573.51,14.03,1
7011,DECODE,69,0,69,1574.51,13.96,1
7012,DECODE,69,0,69,1575.51,14.00,1
7013,DECODE,69,0,69,1576.51,14.51,1
7014,DECODE,69,0,69,1577.51,15.51,1
7015,DECODE,69,0,69,1578.51,14.96,1
7016,DECODE,69,0,69,1579.51,14.56,1
7017,DECODE,69,0,69,1580.51,14.59,1
7018,DECODE,69,0,69,1581.51,14.42,1
7019,DECODE,69,0,69,1582.51,14.45,1
7020,DECODE,69,0,69,1583.51,14.58,1
7021,DECODE,69,0,69,1584.51,14.52,1
7022,DECODE,69,0,69,1585.51,14.51,1
7023,DECODE,69,0,69,1586.51,14.70,1
7024,DECODE,69,0,69,1587.51,14.70,1
7025,DECODE,69,0,69,1588.51,14.72,1
7026,DECODE,69,0,69,1589.51,14.60,1
7027,DECODE,69,0,69,1590.51,14.71,1
7028,DECODE,69,0,69,1591.51,14.85,1
7029,DECODE,69,0,69,1592.51,14.75,1
7030,DECODE,69,0,69,1593.51,14.69,1
7031,DECODE,68,0,68,1580.29,14.86,1
7032,DECODE,68,0,68,1581.29,14.88,1
7033,DECODE,68,0,68,1582.29,14.72,1
7034,DECODE,68,0,68,1583.29,14.69,1
7035,DECODE,68,0,68,1584.29,14.74,1
7036,DECODE,68,0,68,1585.29,14.75,1
7037,DECODE,68,0,68,1586.29,14.72,1
7038,DECODE,68,0,68,1587.29,14.71,1
7039,DECODE,68,0,68,1588.29,14.69,1
7040,DECODE,68,0,68,1589.29,14.72,1
7041,DECODE,68,0,68,1590.29,14.62,1
7042,DECODE,68,0,68,1591.29,14.49,1
7043,DECODE,68,0,68,1592.29,15.00,1
7044,DECODE,68,0,68,1593.29,14.66,1
7045,DECODE,68,0,68,1594.29,14.78,1
7046,DECODE,68,0,68,1595.29,14.89,1
7047,DECODE,68,0,68,1596.29,14.68,1
7048,DECODE,68,0,68,1597.29,14.77,1
7049,DECODE,68,0,68,1598.29,14.70,1
7050,DECODE,68,0,68,1599.29,14.76,1
7051,DECODE,68,0,68,1600.29,14.68,1
7052,DECODE,68,0,68,1601.29,14.86,1
7053,DECODE,68,0,68,1602.29,15.92,1
7054,DECODE,68,0,68,1603.29,15.22,1
7055,DECODE,68,0,68,1604.29,14.82,1
7056,DECODE,68,0,68,1605.29,14.76,1
7057,DECODE,68,0,68,1606.29,14.82,1
7058,DECODE,68,0,68,1607.29,14.78,1
7059,DECODE,68,0,68,1608.29,14.42,1
7060,DECODE,68,0,68,1609.29,14.87,1
7061,DECODE,68,0,68,1610.29,15.40,1
7062,DECODE,68,0,68,1611.29,14.85,1
7063,DECODE,68,0,68,1612.29,14.90,1
7064,DECODE,68,0,68,1613.29,14.78,1
7065,DECODE,68,0,68,1614.29,16.15,1
7066,DECODE,68,0,68,1615.29,14.76,1
7067,DECODE,68,0,68,1616.29,14.76,1
7068,DECODE,68,0,68,1617.29,14.82,1
7069,DECODE,68,0,68,1618.29,14.91,1
7070,DECODE,68,0,68,1619.29,14.76,1
7071,DECODE,68,0,68,1620.29,14.76,1
7072,DECODE,68,0,68,1621.29,14.84,1
7073,DECODE,68,0,68,1622.29,14.79,1
7074,DECODE,68,0,68,1623.29,14.92,1
7075,DECODE,68,0,68,1624.29,14.16,1
7076,DECODE,68,0,68,1625.29,14.80,1
7077,DECODE,68,0,68,1626.29,15.25,1
7078,DECODE,68,0,68,1627.29,14.72,1
7079,DECODE,68,0,68,1628.29,14.74,1
7080,DECODE,68,0,68,1629.29,14.41,1
7081,DECODE,68,0,68,1630.29,14.88,1
7082,DECODE,68,0,68,1631.29,15.11,1
7083,DECODE,68,0,68,1632.29,14.90,1
7084,DECODE,68,0,68,1633.29,14.96,1
7085,DECODE,68,0,68,1634.29,14.90,1
7086,DECODE,68,0,68,1635.29,14.84,1
7087,DECODE,68,0,68,1636.29,14.86,1
7088,DECODE,68,0,68,1637.29,14.84,1
7089,DECODE,68,0,68,1638.29,14.78,1
7090,DECODE,68,0,68,1639.29,14.79,1
7091,DECODE,68,0,68,1640.29,14.98,1
7092,DECODE,68,0,68,1641.29,14.87,1
7093,DECODE,68,0,68,1642.29,14.87,1
7094,DECODE,68,0,68,1643.29,14.90,1
7095,DECODE,68,0,68,1644.29,14.88,1
7096,DECODE,68,0,68,1645.29,14.87,1
7097,DECODE,68,0,68,1646.29,14.92,1
7098,DECODE,68,0,68,1647.29,15.11,1
7099,DECODE,68,0,68,1648.29,14.57,1
7100,DECODE,68,0,68,1649.29,14.81,1
7101,DECODE,68,0,68,1650.29,14.90,1
7102,DECODE,68,0,68,1651.29,14.85,1
7103,DECODE,68,0,68,1652.29,15.02,1
7104,DECODE,68,0,68,1653.29,14.89,1
7105,DECODE,68,0,68,1654.29,14.35,1
7106,DECODE,68,0,68,1655.29,14.86,1
7107,DECODE,68,0,68,1656.29,14.60,1
7108,DECODE,68,0,68,1657.29,14.89,1
7109,DECODE,68,0,68,1658.29,14.80,1
7110,DECODE,68,0,68,1659.29,14.89,1
7111,DECODE,68,0,68,1660.29,14.89,1
7112,DECODE,68,0,68,1661.29,14.92,1
7113,DECODE,68,0,68,1662.29,14.85,1
7114,DECODE,68,0,68,1663.29,14.81,1
7115,DECODE,68,0,68,1664.29,14.88,1
7116,DECODE,68,0,68,1665.29,14.92,1
7117,DECODE,68,0,68,1666.29,15.35,1
7118,DECODE,68,0,68,1667.29,14.94,1
7119,DECODE,68,0,68,1668.29,14.97,1
7120,DECODE,68,0,68,1669.29,15.11,1
7121,DECODE,68,0,68,1670.29,14.95,1
7122,DECODE,68,0,68,1671.29,14.96,1
7123,DECODE,68,0,68,1672.29,15.26,1
7124,DECODE,68,0,68,1673.29,15.34,1
7125,DECODE,68,0,68,1674.29,15.80,1
7126,DECODE,68,0,68,1675.29,15.30,1
7127,DECODE,68,0,68,1676.29,15.31,1
7128,DECODE,68,0,68,1677.29,15.29,1
7129,DECODE,68,0,68,1678.29,15.29,1
7130,DECODE,68,0,68,1679.29,15.43,1
7131,DECODE,68,0,68,1680.29,15.00,1
7132,DECODE,68,0,68,1681.29,15.25,1
7133,DECODE,68,0,68,1682.29,15.00,1
7134,DECODE,68,0,68,1683.29,14.99,1
7135,DECODE,68,0,68,1684.29,15.00,1
7136,DECODE,68,0,68,1685.29,15.00,1
7137,DECODE,68,0,68,1686.29,15.15,1
7138,DECODE,68,0,68,1687.29,15.03,1
7139,DECODE,68,0,68,1688.29,15.12,1
7140,DECODE,68,0,68,1689.29,15.04,1
7141,DECODE,68,0,68,1690.29,14.98,1
7142,DECODE,68,0,68,1691.29,15.15,1
7143,DECODE,68,0,68,1692.29,14.99,1
7144,DECODE,68,0,68,1693.29,14.99,1
7145,DECODE,68,0,68,1694.29,14.95,1
7146,DECODE,68,0,68,1695.29,14.97,1
7147,DECODE,68,0,68,1696.29,15.16,1
7148,DECODE,68,0,68,1697.29,15.11,1
7149,DECODE,68,0,68,1698.29,15.04,1
7150,DECODE,68,0,68,1699.29,15.19,1
7151,DECODE,68,0,68,1700.29,14.98,1
7152,DECODE,68,0,68,1701.29,15.03,1
7153,DECODE,68,0,68,1702.29,15.10,1
7154,DECODE,68,0,68,1703.29,15.06,1
7155,DECODE,68,0,68,1704.29,14.95,1
7156,DECODE,68,0,68,1705.29,15.60,1
7157,DECODE,68,0,68,1706.29,14.99,1
7158,DECODE,68,0,68,1707.29,14.95,1
7159,DECODE,68,0,68,1708.29,15.07,1
7160,DECODE,68,0,68,1709.29,14.95,1
7161,DECODE,68,0,68,1710.29,14.93,1
7162,DECODE,68,0,68,1711.29,14.94,1
7163,DECODE,68,0,68,1712.29,14.96,1
7164,DECODE,68,0,68,1713.29,15.11,1
7165,DECODE,68,0,68,1714.29,15.01,1
7166,DECODE,68,0,68,1715.29,14.97,1
7167,DECODE,68,0,68,1716.29,14.99,1
7168,DECODE,68,0,68,1717.29,14.99,1
7169,DECODE,68,0,68,1718.29,14.87,1
7170,DECODE,68,0,68,1719.29,14.96,1
7171,DECODE,68,0,68,1720.29,16.03,1
7172,DECODE,68,0,68,1721.29,16.10,1
7173,DECODE,68,0,68,1722.29,14.90,1
7174,DECODE,68,0,68,1723.29,14.94,1
7175,DECODE,68,0,68,1724.29,14.90,1
7176,DECODE,68,0,68,1725.29,14.91,1
7177,DECODE,68,0,68,1726.29,14.96,1
7178,DECODE,68,0,68,1727.29,14.86,1
7179,DECODE,68,0,68,1728.29,14.83,1
7180,DECODE,68,0,68,1729.29,14.85,1
7181,DECODE,68,0,68,1730.29,14.92,1
7182,DECODE,68,0,68,1731.29,15.59,1
7183,DECODE,68,0,68,1732.29,14.89,1
7184,DECODE,68,0,68,1733.29,15.04,1
7185,DECODE,68,0,68,1734.29,14.90,1
7186,DECODE,68,0,68,1735.29,14.88,1
7187,DECODE,68,0,68,1736.29,14.86,1
7188,DECODE,68,0,68,1737.29,14.92,1
7189,DECODE,67,0,67,1726.01,15.07,1
7190,DECODE,67,0,67,1727.01,14.95,1
7191,DECODE,67,0,67,1728.01,14.93,1
7192,DECODE,67,0,67,1729.01,14.89,1
7193,DECODE,67,0,67,1730.01,14.89,1
7194,DECODE,67,0,67,1731.01,14.87,1
7195,DECODE,67,0,67,1732.01,14.96,1
7196,DECODE,67,0,67,1733.01,14.89,1
7197,DECODE,67,0,67,1734.01,15.48,1
7198,DECODE,67,0,67,1735.01,16.78,1
7199,DECODE,67,0,67,1736.01,14.98,1
7200,DECODE,67,0,67,1737.01,14.90,1
7201,DECODE,67,0,67,1738.01,14.86,1
7202,DECODE,67,0,67,1739.01,14.87,1
7203,DECODE,67,0,67,1740.01,14.91,1
7204,DECODE,67,0,67,1741.01,14.84,1
7205,DECODE,67,0,67,1742.01,14.86,1
7206,DECODE,67,0,67,1743.01,14.85,1
7207,DECODE,67,0,67,1744.01,14.96,1
7208,DECODE,67,0,67,1745.01,14.94,1
7209,DECODE,67,0,67,1746.01,14.86,1
7210,DECODE,67,0,67,1747.01,14.62,1
7211,DECODE,67,0,67,1748.01,15.03,1
7212,DECODE,67,0,67,1749.01,14.80,1
7213,DECODE,67,0,67,1750.01,15.02,1
7214,DECODE,67,0,67,1751.01,14.86,1
7215,DECODE,67,0,67,1752.01,14.95,1
7216,DECODE,67,0,67,1753.01,14.95,1
7217,DECODE,67,0,67,1754.01,14.91,1
7218,DECODE,67,0,67,1755.01,14.84,1
7219,DECODE,67,0,67,1756.01,14.96,1
7220,DECODE,67,0,67,1757.01,15.24,1
7221,DECODE,67,0,67,1758.01,15.08,1
7222,DECODE,67,0,67,1759.01,14.96,1
7223,DECODE,67,0,67,1760.01,15.06,1
7224,DECODE,67,0,67,1761.01,15.02,1
7225,DECODE,67,0,67,1762.01,15.00,1
7226,DECODE,67,0,67,1763.01,15.08,1
7227,DECODE,67,0,67,1764.01,14.28,1
7228,DECODE,67,0,67,1765.01,16.17,1
7229,DECODE,67,0,67,1766.01,15.33,1
7230,DECODE,67,0,67,1767.01,16.21,1
7231,DECODE,67,0,67,1768.01,15.23,1
7232,DECODE,67,0,67,1769.01,15.14,1
7233,DECODE,67,0,67,1770.01,15.87,1
7234,DECODE,67,0,67,1771.01,15.13,1
7235,DECODE,66,0,66,1776.32,14.68,1
7236,EXTEND,1,38,0,1525.00,56.43,1
7237,DECODE,67,0,67,1773.57,14.32,1
7238,DECODE,67,0,67,1774.57,14.24,1
7239,DECODE,67,0,67,1775.57,14.24,1
7240,DECODE,67,0,67,1776.57,14.24,1
7241,DECODE,67,0,67,1777.57,14.23,1
7242,DECODE,67,0,67,1778.57,14.72,1
7243,DECODE,67,0,67,1779.57,14.82,1
7244,DECODE,67,0,67,1780.57,14.82,1
7245,DECODE,67,0,67,1781.57,14.81,1
7246,DECODE,67,0,67,1782.57,15.23,1
7247,DECODE,67,0,67,1783.57,14.91,1
7248,DECODE,67,0,67,1784.57,14.23,1
7249,DECODE,67,0,67,1785.57,15.16,1
7250,DECODE,67,0,67,1786.57,15.29,1
7251,DECODE,67,0,67,1787.57,14.51,1
7252,DECODE,67,0,67,1788.57,14.38,1
7253,DECODE,67,0,67,1789.57,14.48,1
7254,DECODE,67,0,67,1790.57,14.41,1
7255,DECODE,67,0,67,1791.57,15.84,1
7256,DECODE,67,0,67,1792.57,15.10,1
7257,DECODE,67,0,67,1793.57,15.00,1
7258,DECODE,67,0,67,1794.57,15.22,1
7259,DECODE,67,0,67,1795.57,15.05,1
7260,DECODE,67,0,67,1796.57,15.07,1
7261,DECODE,67,0,67,1797.57,15.05,1
7262,DECODE,67,0,67,1798.57,15.20,1
7263,DECODE,67,0,67,1799.57,15.03,1
7264,DECODE,67,0,67,1800.57,15.01,1
7265,DECODE,67,0,67,1801.57,14.92,1
7266,DECODE,67,0,67,1802.57,14.94,1
7267,DECODE,67,0,67,1803.57,15.16,1
7268,DECODE,67,0,67,1804.57,14.96,1
7269,DECODE,67,0,67,1805.57,14.92,1
7270,DECODE,67,0,67,1806.57,15.97,1
7271,DECODE,67,0,67,1807.57,14.86,1
7272,DECODE,67,0,67,1808.57,14.26,1
7273,DECODE,67,0,67,1809.57,14.12,1
7274,DECODE,67,0,67,1810.57,14.18,1
7275,DECODE,67,0,67,1811.57,14.16,1
7276,DECODE,67,0,67,1812.57,14.18,1
7277,DECODE,67,0,67,1813.57,14.21,1
7278,DECODE,67,0,67,1814.57,14.16,1
7279,DECODE,67,0,67,1815.57,14.76,1
7280,DECODE,67,0,67,1816.57,14.20,1
7281,DECODE,67,0,67,1817.57,14.31,1
7282,DECODE,67,0,67,1818.57,14.24,1
7283,DECODE,67,0,67,1819.57,14.42,1
7284,DECODE,67,0,67,1820.57,14.15,1
7285,DECODE,67,0,67,1821.57,14.28,1
7286,DECODE,67,0,67,1822.57,14.25,1
7287,DECODE,67,0,67,1823.57,14.26,1
7288,DECODE,67,0,67,1824.57,14.24,1
7289,DECODE,67,0,67,1825.57,14.25,1
7290,DECODE,67,0,67,1826.57,14.19,1
7291,DECODE,67,0,67,1827.57,14.22,1
7292,DECODE,67,0,67,1828.57,14.31,1
7293,DECODE,67,0,67,1829.57,14.30,1
7294,DECODE,67,0,67,1830.57,14.19,1
7295,DECODE,67,0,67,1831.57,14.25,1
7296,DECODE,67,0,67,1832.57,14.06,1
7297,DECODE,67,0,67,1833.57,14.35,1
7298,DECODE,67,0,67,1834.57,14.29,1
7299,DECODE,67,0,67,1835.57,14.36,1
7300,DECODE,67,0,67,1836.57,15.04,1
7301,DECODE,67,0,67,1837.57,14.34,1
7302,DECODE,67,0,67,1838.57,14.28,1
7303,DECODE,67,0,67,1839.57,14.42,1
7304,DECODE,67,0,67,1840.57,14.38,1
7305,DECODE,67,0,67,1841.57,14.09,1
7306,DECODE,67,0,67,1842.57,14.35,1
7307,DECODE,67,0,67,1843.57,14.34,1
7308,DECODE,67,0,67,1844.57,14.35,1
7309,DECODE,67,0,67,1845.57,14.34,1
7310,DECODE,67,0,67,1846.57,14.28,1
7311,DECODE,67,0,67,1847.57,14.32,1
7312,DECODE,67,0,67,1848.57,15.18,1
7313,DECODE,67,0,67,1849.57,16.83,1
7314,DECODE,67,0,67,1850.57,16.57,1
7315,DECODE,67,0,67,1851.57,14.86,1
7316,DECODE,67,0,67,1852.57,14.40,1
7317,DECODE,67,0,67,1853.57,14.26,1
7318,DECODE,67,0,67,1854.57,14.24,1
7319,DECODE,67,0,67,1855.57,14.24,1
7320,DECODE,67,0,67,1856.57,14.28,1
7321,DECODE,67,0,67,1857.57,14.41,1
7322,DECODE,67,0,67,1858.57,14.43,1
7323,DECODE,67,0,67,1859.57,14.38,1
7324,DECODE,67,0,67,1860.57,14.51,1
7325,DECODE,67,0,67,1861.57,14.42,1
7326,DECODE,67,0,67,1862.57,14.49,1
7327,DECODE,67,0,67,1863.57,14.46,1
7328,DECODE,67,0,67,1864.57,14.45,1
7329,DECODE,67,0,67,1865.57,14.44,1
7330,DECODE,67,0,67,1866.57,14.51,1
7331,DECODE,67,0,67,1867.57,14.45,1
7332,DECODE,67,0,67,1868.57,14.47,1
7333,DECODE,67,0,67,1869.57,14.43,1
7334,DECODE,67,0,67,1870.57,14.45,1
7335,DECODE,67,0,67,1871.57,14.45,1
7336,DECODE,67,0,67,1872.57,14.46,1
7337,DECODE,67,0,67,1873.57,14.44,1
7338,DECODE,67,0,67,1874.57,14.50,1
7339,DECODE,67,0,67,1875.57,14.39,1
7340,DECODE,67,0,67,1876.57,14.49,1
7341,DECODE,67,0,67,1877.57,14.49,1
7342,DECODE,67,0,67,1878.57,15.02,1
7343,DECODE,67,0,67,1879.57,14.49,1
7344,DECODE,67,0,67,1880.57,14.54,1
7345,DECODE,67,0,67,1881.57,14.64,1
7346,DECODE,67,0,67,1882.57,14.59,1
7347,DECODE,66,0,66,1873.30,14.39,1
7348,DECODE,66,0,66,1874.30,14.08,1
7349,DECODE,66,0,66,1875.30,14.10,1
7350,DECODE,66,0,66,1876.30,14.28,1
7351,DECODE,66,0,66,1877.30,14.37,1
7352,DECODE,66,0,66,1878.30,14.28,1
7353,DECODE,66,0,66,1879.30,14.24,1
7354,DECODE,66,0,66,1880.30,14.19,1
7355,DECODE,66,0,66,1881.30,14.09,1
7356,DECODE,66,0,66,1882.30,14.15,1
7357,DECODE,66,0,66,1883.30,14.16,1
7358,DECODE,66,0,66,1884.30,14.16,1
7359,DECODE,66,0,66,1885.30,14.15,1
7360,DECODE,66,0,66,1886.30,14.19,1
7361,DECODE,66,0,66,1887.30,14.15,1
7362,DECODE,66,0,66,1888.30,14.58,1
7363,DECODE,66,0,66,1889.30,14.16,1
7364,DECODE,66,0,66,1890.30,14.18,1
7365,DECODE,66,0,66,1891.30,14.27,1
7366,DECODE,66,0,66,1892.30,14.18,1
7367,DECODE,66,0,66,1893.30,14.11,1
7368,DECODE,66,0,66,1894.30,14.09,1
7369,DECODE,66,0,66,1895.30,14.08,1
7370,DECODE,66,0,66,1896.30,14.06,1
7371,DECODE,66,0,66,1897.30,14.04,1
7372,DECODE,66,0,66,1898.30,14.05,1
7373,DECODE,66,0,66,1899.30,14.04,1
7374,DECODE,66,0,66,1900.30,14.06,1
7375,DECODE,66,0,66,1901.30,14.06,1
7376,DECODE,66,0,66,1902.30,14.24,1
7377,DECODE,66,0,66,1903.30,14.18,1
7378,DECODE,66,0,66,1904.30,14.21,1
7379,DECODE,66,0,66,1905.30,14.16,1
7380,DECODE,66,0,66,1906.30,14.17,1
7381,DECODE,66,0,66,1907.30,14.15,1
7382,DECODE,66,0,66,1908.30,14.17,1
7383,DECODE,66,0,66,1909.30,14.15,1
7384,DECODE,66,0,66,1910.30,14.20,1
7385,DECODE,66,0,66,1911.30,14.14,1
7386,DECODE,66,0,66,1912.30,14.22,1
7387,DECODE,66,0,66,1913.30,14.10,1
7388,DECODE,66,0,66,1914.30,14.18,1
7389,DECODE,66,0,66,1915.30,14.14,1
7390,DECODE,66,0,66,1916.30,14.19,1
7391,DECODE,66,0,66,1917.30,15.05,1
7392,DECODE,66,0,66,1918.30,15.06,1
7393,DECODE,66,0,66,1919.30,15.15,1
7394,DECODE,66,0,66,1920.30,15.10,1
7395,DECODE,66,0,66,1921.30,15.01,1
7396,DECODE,66,0,66,1922.30,15.14,1
7397,DECODE,66,0,66,1923.30,15.10,1
7398,DECODE,66,0,66,1924.30,15.10,1
7399,DECODE,66,0,66,1925.30,15.22,1
7400,DECODE,66,0,66,1926.30,15.03,1
7401,DECODE,66,0,66,1927.30,15.03,1
7402,DECODE,66,0,66,1928.30,15.01,1
7403,DECODE,66,0,66,1929.30,15.04,1
7404,DECODE,66,0,66,1930.30,15.10,1
7405,DECODE,66,0,66,1931.30,15.32,1
7406,DECODE,66,0,66,1932.30,15.11,1
7407,DECODE,66,0,66,1933.30,14.96,1
7408,DECODE,66,0,66,1934.30,14.97,1
7409,DECODE,66,0,66,1935.30,14.98,1
7410,DECODE,66,0,66,1936.30,14.99,1
7411,DECODE,66,0,66,1937.30,14.96,1
7412,DECODE,66,0,66,1938.30,14.97,1
7413,DECODE,66,0,66,1939.30,15.07,1
7414,DECODE,66,0,66,1940.30,14.94,1
7415,DECODE,66,0,66,1941.30,14.96,1
7416,DECODE,66,0,66,1942.30,16.50,1
7417,DECODE,66,0,66,1943.30,14.83,1
7418,DECODE,66,0,66,1944.30,14.60,1
7419,DECODE,66,0,66,1945.30,14.54,1
7420,DECODE,66,0,66,1946.30,15.46,1
7421,DECODE,66,0,66,1947.30,14.53,1
7422,DECODE,66,0,66,1948.30,15.43,1
7423,DECODE,66,0,66,1949.30,14.90,1
7424,DECODE,66,0,66,1950.30,14.24,1
7425,DECODE,66,0,66,1951.30,14.22,1
7426,DECODE,66,0,66,1952.30,15.64,1
7427,DECODE,66,0,66,1953.30,14.51,1
7428,DECODE,66,0,66,1954.30,14.25,1
7429,DECODE,66,0,66,1955.30,14.22,1
7430,DECODE,66,0,66,1956.30,14.28,1
7431,DECODE,66,0,66,1957.30,14.21,1
7432,DECODE,66,0,66,1958.30,14.78,1
7433,DECODE,66,0,66,1959.30,14.76,1
7434,DECODE,66,0,66,1960.30,15.02,1
7435,DECODE,66,0,66,1961.30,15.16,1
7436,DECODE,66,0,66,1962.30,15.04,1
7437,DECODE,66,0,66,1963.30,16.54,1
7438,DECODE,66,0,66,1964.30,15.31,1
7439,DECODE,66,0,66,1965.30,15.59,1
7440,DECODE,66,0,66,1966.30,16.13,1
7441,DECODE,66,0,66,1967.30,15.91,1
7442,DECODE,66,0,66,1968.30,16.50,1
7443,DECODE,66,0,66,1969.30,15.67,1
7444,DECODE,66,0,66,1970.30,16.11,1
7445,DECODE,66,0,66,1971.30,15.32,1
7446,DECODE,66,0,66,1972.30,15.65,1
7447,DECODE,66,0,66,1973.30,15.26,1
7448,DECODE,66,0,66,1974.30,14.95,1
7449,DECODE,66,0,66,1975.30,15.81,1
7450,DECODE,66,0,66,1976.30,15.78,1
7451,DECODE,66,0,66,1977.30,15.11,1
7452,DECODE,66,0,66,1978.30,14.46,1
7453,DECODE,66,0,66,1979.30,14.30,1
7454,DECODE,66,0,66,1980.30,14.34,1
7455,DECODE,66,0,66,1981.30,15.22,1
7456,DECODE,66,0,66,1982.30,15.84,1
7457,DECODE,66,0,66,1983.30,14.51,1
7458,DECODE,66,0,66,1984.30,14.32,1
7459,DECODE,65,0,65,1976.45,14.36,1
7460,DECODE,65,0,65,1977.45,14.32,1
7461,DECODE,65,0,65,1978.45,14.25,1
7462,DECODE,65,0,65,1979.45,14.25,1
7463,DECODE,65,0,65,1980.45,14.27,1
7464,DECODE,65,0,65,1981.45,14.26,1
7465,DECODE,65,0,65,1982.45,14.31,1
7466,DECODE,65,0,65,1983.45,14.24,1
7467,DECODE,65,0,65,1984.45,14.27,1
7468,DECODE,65,0,65,1985.45,14.21,1
7469,DECODE,65,0,65,1986.45,14.23,1
7470,DECODE,65,0,65,1987.45,14.19,1
7471,DECODE,65,0,65,1988.45,14.26,1
7472,DECODE,65,0,65,1989.45,14.20,1
7473,DECODE,65,0,65,1990.45,14.24,1
7474,DECODE,65,0,65,1991.45,14.17,1
7475,DECODE,65,0,65,1992.45,14.18,1
7476,DECODE,65,0,65,1993.45,14.20,1
7477,DECODE,65,0,65,1994.45,14.19,1
7478,DECODE,65,0,65,1995.45,14.18,1
7479,DECODE,65,0,65,1996.45,14.17,1
7480,DECODE,65,0,65,1997.45,14.17,1
7481,DECODE,65,0,65,1998.45,14.25,1
7482,DECODE,65,0,65,1999.45,14.22,1
7483,DECODE,65,0,65,2000.45,14.16,1
7484,DECODE,65,0,65,2001.45,14.67,1
7485,DECODE,65,0,65,2002.45,15.00,1
7486,DECODE,65,0,65,2003.45,15.35,1
7487,DECODE,65,0,65,2004.45,15.24,1
7488,DECODE,65,0,65,2005.45,15.06,1
7489,DECODE,65,0,65,2006.45,15.01,1
7490,DECODE,65,0,65,2007.45,15.06,1
7491,DECODE,65,0,65,2008.45,15.06,1
7492,DECODE,65,0,65,2009.45,15.08,1
7493,DECODE,65,0,65,2010.45,15.07,1
7494,DECODE,65,0,65,2011.45,15.09,1
7495,DECODE,65,0,65,2012.45,15.06,1
7496,DECODE,65,0,65,2013.45,14.89,1
7497,DECODE,65,0,65,2014.45,15.12,1
7498,DECODE,65,0,65,2015.45,15.08,1
7499,DECODE,65,0,65,2016.45,14.97,1
7500,DECODE,65,0,65,2017.45,14.97,1
7501,DECODE,65,0,65,2018.45,15.17,1
7502,DECODE,65,0,65,2019.45,15.03,1
7503,DECODE,65,0,65,2020.45,15.13,1
7504,DECODE,64,0,64,2013.02,14.91,1
7505,DECODE,64,0,64,2014.02,14.57,1
7506,DECODE,64,0,64,2015.02,14.58,1
7507,DECODE,64,0,64,2016.02,14.47,1
7508,DECODE,64,0,64,2017.02,14.60,1
7509,DECODE,64,0,64,2018.02,14.70,1
7510,DECODE,64,0,64,2019.02,14.56,1
7511,DECODE,64,0,64,2020.02,14.54,1
7512,DECODE,64,0,64,2021.02,14.55,1
7513,DECODE,64,0,64,2022.02,14.47,1
7514,DECODE,64,0,64,2023.02,14.51,1
7515,DECODE,64,0,64,2024.02,14.45,1
7516,DECODE,64,0,64,2025.02,14.56,1
7517,DECODE,64,0,64,2026.02,14.62,1
7518,DECODE,64,0,64,2027.02,14.52,1
7519,DECODE,64,0,64,2028.02,14.58,1
7520,DECODE,64,0,64,2029.02,14.48,1
7521,DECODE,64,0,64,2030.02,14.51,1
7522,DECODE,64,0,64,2031.02,14.47,1
7523,DECODE,64,0,64,2032.02,14.61,1
7524,DECODE,64,0,64,2033.02,14.60,1
7525,DECODE,64,0,64,2034.02,15.22,1
7526,DECODE,64,0,64,2035.02,14.77,1
7527,DECODE,64,0,64,2036.02,14.60,1
7528,DECODE,64,0,64,2037.02,15.89,1
7529,DECODE,64,0,64,2038.02,15.08,1
7530,DECODE,64,0,64,2039.02,14.84,1
7531,DECODE,64,0,64,2040.02,14.80,1
7532,DECODE,64,0,64,2041.02,14.65,1
7533,DECODE,64,0,64,2042.02,14.71,1
7534,DECODE,64,0,64,2043.02,14.77,1
7535,DECODE,64,0,64,2044.02,15.11,1
7536,DECODE,64,0,64,2045.02,14.73,1
7537,DECODE,64,0,64,2046.02,14.94,1
7538,DECODE,64,0,64,2047.02,14.75,1
7539,DECODE,64,0,64,2048.02,14.66,1
7540,DECODE,64,0,64,2049.02,15.60,1
7541,DECODE,64,0,64,2050.02,14.59,1
7542,DECODE,64,0,64,2051.02,14.56,1
7543,DECODE,64,0,64,2052.02,14.68,1
7544,DECODE,64,0,64,2053.02,14.77,1
7545,DECODE,64,0,64,2054.02,14.66,1
7546,DECODE,64,0,64,2055.02,15.31,1
7547,DECODE,64,0,64,2056.02,14.30,1
7548,DECODE,64,0,64,2057.02,13.96,1
7549,DECODE,64,0,64,2058.02,13.81,1
7550,DECODE,64,0,64,2059.02,14.42,1
7551,DECODE,64,0,64,2060.02,14.30,1
7552,DECODE,64,0,64,2061.02,13.85,1
7553,DECODE,64,0,64,2062.02,13.81,1
7554,DECODE,64,0,64,2063.02,13.75,1
7555,DECODE,64,0,64,2064.02,13.77,1
7556,DECODE,64,0,64,2065.02,14.05,1
7557,DECODE,64,0,64,2066.02,13.93,1
7558,DECODE,64,0,64,2067.02,13.85,1
7559,DECODE,64,0,64,2068.02,13.95,1
7560,DECODE,64,0,64,2069.02,13.65,1
7561,DECODE,64,0,64,2070.02,13.70,1
7562,DECODE,64,0,64,2071.02,13.90,1
7563,DECODE,63,0,63,2064.25,14.04,1
7564,DECODE,63,0,63,2065.25,14.04,1
7565,DECODE,63,0,63,2066.25,13.89,1
7566,DECODE,63,0,63,2067.25,13.93,1
7567,DECODE,63,0,63,2068.25,13.96,1
7568,DECODE,63,0,63,2069.25,13.93,1
7569,DECODE,63,0,63,2070.25,13.92,1
7570,DECODE,63,0,63,2071.25,13.98,1
7571,DECODE,63,0,63,2072.25,14.54,1
7572,DECODE,63,0,63,2073.25,14.58,1
7573,DECODE,63,0,63,2074.25,14.52,1
7574,DECODE,63,0,63,2075.25,14.70,1
7575,DECODE,63,0,63,2076.25,14.61,1
7576,DECODE,63,0,63,2077.25,14.36,1
7577,DECODE,63,0,63,2078.25,14.56,1
7578,DECODE,63,0,63,2079.25,14.50,1
7579,DECODE,63,0,63,2080.25,15.57,1
7580,DECODE,63,0,63,2081.25,14.63,1
7581,DECODE,63,0,63,2082.25,14.73,1
7582,DECODE,63,0,63,2083.25,14.85,1
7583,DECODE,62,0,62,2076.56,15.08,1
7584,DECODE,62,0,62,2077.56,14.77,1
7585,DECODE,62,0,62,2078.56,14.26,1
7586,DECODE,62,0,62,2079.56,14.60,1
7587,DECODE,62,0,62,2080.56,14.60,1
7588,DECODE,62,0,62,2081.56,14.61,1
7589,DECODE,62,0,62,2082.56,14.56,1
7590,DECODE,62,0,62,2083.56,14.58,1
7591,DECODE,62,0,62,2084.56,14.58,1
7592,DECODE,62,0,62,2085.56,14.63,1
7593,DECODE,62,0,62,2086.56,14.61,1
7594,DECODE,62,0,62,2087.56,14.58,1
7595,DECODE,62,0,62,2088.56,14.55,1
7596,DECODE,62,0,62,2089.56,14.11,1
7597,DECODE,62,0,62,2090.56,14.66,1
7598,DECODE,62,0,62,2091.56,15.13,1
7599,DECODE,62,0,62,2092.56,14.60,1
7600,DECODE,62,0,62,2093.56,14.65,1
7601,DECODE,62,0,62,2094.56,14.67,1
7602,DECODE,62,0,62,2095.56,14.67,1
7603,DECODE,62,0,62,2096.56,17.26,1
7604,DECODE,62,0,62,2097.56,14.02,1
7605,DECODE,62,0,62,2098.56,14.13,1
7606,DECODE,62,0,62,2099.56,14.20,1
7607,DECODE,62,0,62,2100.56,14.44,1
7608,DECODE,61,0,61,2094.03,14.96,1
7609,DECODE,61,0,61,2095.03,14.75,1
7610,DECODE,61,0,61,2096.03,14.64,1
7611,DECODE,61,0,61,2097.03,14.56,1
7612,DECODE,61,0,61,2098.03,14.89,1
7613,DECODE,61,0,61,2099.03,14.80,1
7614,DECODE,61,0,61,2100.03,14.44,1
7615,DECODE,61,0,61,2101.03,14.60,1
7616,DECODE,61,0,61,2102.03,14.69,1
7617,DECODE,61,0,61,2103.03,14.67,1
7618,DECODE,61,0,61,2104.03,14.76,1
7619,DECODE,61,0,61,2105.03,14.64,1
7620,DECODE,61,0,61,2106.03,14.63,1
7621,DECODE,61,0,61,2107.03,14.78,1
7622,DECODE,61,0,61,2108.03,14.57,1
7623,DECODE,61,0,61,2109.03,14.73,1
7624,DECODE,61,0,61,2110.03,14.71,1
7625,DECODE,61,0,61,2111.03,14.83,1
7626,DECODE,61,0,61,2112.03,16.08,1
7627,DECODE,61,0,61,2113.03,15.27,1
7628,DECODE,61,0,61,2114.03,14.61,1
7629,DECODE,61,0,61,2115.03,14.83,1
7630,DECODE,61,0,61,2116.03,14.79,1
7631,DECODE,61,0,61,2117.03,14.83,1
7632,DECODE,60,0,60,2110.65,14.91,1
7633,DECODE,60,0,60,2111.65,15.61,1
7634,DECODE,60,0,60,2112.65,14.79,1
7635,DECODE,60,0,60,2113.65,14.74,1
7636,DECODE,60,0,60,2114.65,14.82,1
7637,DECODE,60,0,60,2115.65,14.60,1
7638,DECODE,60,0,60,2116.65,14.57,1
7639,DECODE,60,0,60,2117.65,14.57,1
7640,DECODE,59,0,59,2111.15,14.97,1
7641,DECODE,59,0,59,2112.15,14.70,1
7642,DECODE,59,0,59,2113.15,14.68,1
7643,DECODE,59,0,59,2114.15,14.76,1
7644,DECODE,59,0,59,2115.15,14.50,1
7645,DECODE,59,0,59,2116.15,14.57,1
7646,DECODE,59,0,59,2117.15,14.55,1
7647,DECODE,59,0,59,2118.15,14.74,1
7648,DECODE,59,0,59,2119.15,14.54,1
7649,DECODE,59,0,59,2120.15,14.65,1
7650,DECODE,59,0,59,2121.15,14.59,1
7651,DECODE,59,0,59,2122.15,14.70,1
7652,DECODE,59,0,59,2123.15,14.54,1
7653,DECODE,59,0,59,2124.15,14.59,1
7654,DECODE,59,0,59,2125.15,14.93,1
7655,DECODE,59,0,59,2126.15,14.84,1
7656,DECODE,59,0,59,2127.15,14.67,1
7657,DECODE,59,0,59,2128.15,14.70,1
7658,DECODE,58,0,58,2121.71,14.73,1
7659,DECODE,58,0,58,2122.71,14.72,1
7660,DECODE,58,0,58,2123.71,14.56,1
7661,DECODE,58,0,58,2124.71,14.56,1
7662,DECODE,58,0,58,2125.71,14.70,1
7663,DECODE,58,0,58,2126.71,14.81,1
7664,DECODE,58,0,58,2127.71,14.72,1
7665,DECODE,58,0,58,2128.71,15.14,1
7666,DECODE,58,0,58,2129.71,15.14,1
7667,DECODE,58,0,58,2130.71,16.15,1
7668,DECODE,57,0,57,2124.18,15.30,1
7669,DECODE,57,0,57,2125.18,16.58,1
7670,DECODE,57,0,57,2126.18,14.76,1
7671,DECODE,57,0,57,2127.18,14.68,1
7672,DECODE,57,0,57,2128.18,14.84,1
7673,DECODE,57,0,57,2129.18,14.90,1
7674,DECODE,57,0,57,2130.18,15.17,1
7675,DECODE,57,0,57,2131.18,14.77,1
7676,DECODE,57,0,57,2132.18,14.75,1
7677,DECODE,57,0,57,2133.18,14.81,1
7678,DECODE,57,0,57,2134.18,14.83,1
7679,DECODE,57,0,57,2135.18,14.96,1
7680,DECODE,57,0,57,2136.18,14.69,1
7681,DECODE,57,0,57,2137.18,15.33,1
7682,DECODE,57,0,57,2138.18,14.73,1
7683,DECODE,57,0,57,2139.18,14.87,1
7684,DECODE,57,0,57,2140.18,14.25,1
7685,DECODE,57,0,57,2141.18,14.93,1
7686,DECODE,57,0,57,2142.18,14.64,1
7687,DECODE,57,0,57,2143.18,14.76,1
7688,DECODE,57,0,57,2144.18,14.62,1
7689,DECODE,57,0,57,2145.18,14.70,1
7690,DECODE,56,0,56,2138.77,15.05,1
7691,DECODE,56,0,56,2139.77,14.87,1
7692,DECODE,56,0,56,2140.77,14.71,1
7693,DECODE,56,0,56,2141.77,14.85,1
7694,DECODE,56,0,56,2142.77,14.77,1
7695,DECODE,56,0,56,2143.77,15.21,1
7696,DECODE,56,0,56,2144.77,14.84,1
7697,DECODE,56,0,56,2145.77,14.85,1
7698,DECODE,56,0,56,2146.77,14.77,1
7699,DECODE,56,0,56,2147.77,14.84,1
7700,DECODE,56,0,56,2148.77,14.79,1
7701,DECODE,56,0,56,2149.77,14.88,1
7702,DECODE,56,0,56,2150.77,14.78,1
7703,DECODE,56,0,56,2151.77,14.84,1
7704,DECODE,56,0,56,2152.77,14.77,1
7705,DECODE,56,0,56,2153.77,14.80,1
7706,DECODE,56,0,56,2154.77,14.78,1
7707,DECODE,56,0,56,2155.77,14.96,1
7708,DECODE,56,0,56,2156.77,14.94,1
7709,DECODE,56,0,56,2157.77,14.93,1
7710,DECODE,56,0,56,2158.77,14.82,1
7711,DECODE,55,0,55,2152.47,14.99,1
7712,DECODE,55,0,55,2153.47,14.79,1
7713,DECODE,55,0,55,2154.47,14.24,1
7714,DECODE,55,0,55,2155.47,14.87,1
7715,DECODE,55,0,55,2156.47,14.77,1
7716,DECODE,55,0,55,2157.47,14.74,1
7717,DECODE,55,0,55,2158.47,14.78,1
7718,DECODE,55,0,55,2159.47,14.72,1
7719,DECODE,55,0,55,2160.47,14.87,1
7720,DECODE,55,0,55,2161.47,14.63,1
7721,DECODE,55,0,55,2162.47,14.71,1
7722,DECODE,55,0,55,2163.47,14.58,1
7723,DECODE,55,0,55,2164.47,14.77,1
7724,DECODE,54,0,54,2158.15,15.11,1
7725,DECODE,54,0,54,2159.15,14.89,1
7726,DECODE,54,0,54,2160.15,14.78,1
7727,DECODE,54,0,54,2161.15,14.84,1
7728,DECODE,53,0,53,2154.62,15.04,1
7729,DECODE,53,0,53,2155.62,14.90,1
7730,DECODE,53,0,53,2156.62,14.73,1
7731,DECODE,53,0,53,2157.62,15.99,1
7732,DECODE,53,0,53,2158.62,14.52,1
7733,DECODE,53,0,53,2159.62,14.61,1
7734,DECODE,53,0,53,2160.62,14.68,1
7735,DECODE,53,0,53,2161.62,16.26,1
7736,DECODE,52,0,52,2154.96,15.02,1
7737,DECODE,52,0,52,2155.96,14.64,1
7738,DECODE,52,0,52,2156.96,14.38,1
7739,DECODE,52,0,52,2157.96,14.77,1
7740,DECODE,52,0,52,2158.96,14.58,1
7741,DECODE,52,0,52,2159.96,15.28,1
7742,DECODE,52,0,52,2160.96,15.16,1
7743,DECODE,52,0,52,2161.96,14.80,1
7744,DECODE,52,0,52,2162.96,14.72,1
7745,DECODE,52,0,52,2163.96,14.59,1
7746,DECODE,51,0,51,2157.20,14.94,1
7747,DECODE,51,0,51,2158.20,14.62,1
7748,DECODE,51,0,51,2159.20,14.08,1
7749,DECODE,51,0,51,2160.20,14.59,1
7750,DECODE,51,0,51,2161.20,14.44,1
7751,DECODE,50,0,50,2154.22,14.75,1
7752,DECODE,50,0,50,2155.22,14.49,1
7753,DECODE,50,0,50,2156.22,14.39,1
7754,DECODE,48,0,48,2140.40,14.44,1
7755,DECODE,48,0,48,2141.40,13.83,1
7756,DECODE,48,0,48,2142.40,13.83,1
7757,DECODE,48,0,48,2143.40,13.97,1
7758,DECODE,48,0,48,2144.40,13.80,1
7759,DECODE,48,0,48,2145.40,13.73,1
7760,DECODE,48,0,48,2146.40,13.17,1
7761,DECODE,48,0,48,2147.40,13.05,1
7762,DECODE,48,0,48,2148.40,13.72,1
7763,DECODE,47,0,47,2140.64,13.20,1
7764,DECODE,47,0,47,2141.64,12.98,1
7765,DECODE,47,0,47,2142.64,13.19,1
7766,DECODE,46,0,46,2134.57,12.92,1
7767,DECODE,46,0,46,2135.57,13.08,1
7768,DECODE,46,0,46,2136.57,12.98,1
7769,DECODE,46,0,46,2137.57,13.15,1
7770,DECODE,46,0,46,2138.57,12.97,1
7771,DECODE,46,0,46,2139.57,15.55,1
7772,DECODE,46,0,46,2140.57,14.01,1
7773,DECODE,46,0,46,2141.57,13.73,1
7774,DECODE,46,0,46,2142.57,12.96,1
7775,DECODE,45,0,45,2134.29,13.72,1
7776,DECODE,45,0,45,2135.29,13.78,1
7777,DECODE,45,0,45,2136.29,13.43,1
7778,DECODE,45,0,45,2137.29,13.35,1
7779,DECODE,45,0,45,2138.29,13.87,1
7780,DECODE,44,0,44,2129.70,13.97,1
7781,DECODE,44,0,44,2130.70,13.92,1
7782,DECODE,44,0,44,2131.70,13.69,1
7783,DECODE,44,0,44,2132.70,13.85,1
7784,DECODE,44,0,44,2133.70,14.66,1
7785,DECODE,44,0,44,2134.70,13.81,1
7786,DECODE,44,0,44,2135.70,13.77,1
7787,DECODE,44,0,44,2136.70,13.88,1
7788,DECODE,44,0,44,2137.70,13.81,1
7789,DECODE,44,0,44,2138.70,13.82,1
7790,DECODE,44,0,44,2139.70,13.69,1
7791,DECODE,43,0,43,2130.93,14.11,1
7792,DECODE,43,0,43,2131.93,13.84,1
7793,DECODE,43,0,43,2132.93,13.72,1
7794,DECODE,42,0,42,2123.76,13.92,1
7795,DECODE,42,0,42,2124.76,13.78,1
7796,DECODE,42,0,42,2125.76,13.69,1
7797,DECODE,42,0,42,2126.76,13.76,1
7798,DECODE,42,0,42,2127.76,13.78,1
7799,DECODE,42,0,42,2128.76,16.12,1
7800,DECODE,42,0,42,2129.76,14.19,1
7801,DECODE,42,0,42,2130.76,13.94,1
7802,DECODE,42,0,42,2131.76,13.73,1
7803,DECODE,42,0,42,2132.76,13.77,1
7804,DECODE,42,0,42,2133.76,13.67,1
7805,DECODE,42,0,42,2134.76,13.99,1
7806,DECODE,42,0,42,2135.76,13.79,1
7807,DECODE,42,0,42,2136.76,13.94,1
7808,DECODE,42,0,42,2137.76,13.96,1
7809,DECODE,42,0,42,2138.76,14.69,1
7810,DECODE,42,0,42,2139.76,13.61,1
7811,DECODE,42,0,42,2140.76,13.80,1
7812,DECODE,42,0,42,2141.76,13.77,1
7813,DECODE,42,0,42,2142.76,13.79,1
7814,DECODE,42,0,42,2143.76,13.90,1
7815,DECODE,42,0,42,2144.76,13.80,1
7816,DECODE,42,0,42,2145.76,13.81,1
7817,DECODE,42,0,42,2146.76,13.75,1
7818,DECODE,42,0,42,2147.76,13.78,1
7819,DECODE,42,0,42,2148.76,13.77,1
7820,DECODE,42,0,42,2149.76,13.88,1
7821,DECODE,42,0,42,2150.76,13.88,1
7822,DECODE,42,0,42,2151.76,15.64,1
7823,DECODE,42,0,42,2152.76,13.88,1
7824,DECODE,42,0,42,2153.76,13.84,1
7825,DECODE,42,0,42,2154.76,13.92,1
7826,DECODE,42,0,42,2155.76,13.78,1
7827,DECODE,42,0,42,2156.76,13.97,1
7828,DECODE,42,0,42,2157.76,13.82,1
7829,DECODE,42,0,42,2158.76,14.20,1
7830,DECODE,42,0,42,2159.76,13.80,1
7831,DECODE,42,0,42,2160.76,15.13,1
7832,DECODE,42,0,42,2161.76,14.07,1
7833,DECODE,42,0,42,2162.76,14.02,1
7834,DECODE,42,0,42,2163.76,14.00,1
7835,DECODE,42,0,42,2164.76,14.66,1
7836,DECODE,42,0,42,2165.76,13.78,1
7837,DECODE,42,0,42,2166.76,13.88,1
7838,DECODE,42,0,42,2167.76,15.89,1
7839,DECODE,42,0,42,2168.76,13.95,1
7840,DECODE,42,0,42,2169.76,13.84,1
7841,DECODE,42,0,42,2170.76,13.99,1
7842,DECODE,42,0,42,2171.76,13.82,1
7843,DECODE,42,0,42,2172.76,13.90,1
7844,DECODE,42,0,42,2173.76,13.83,1
7845,DECODE,42,0,42,2174.76,14.01,1
7846,DECODE,42,0,42,2175.76,13.82,1
7847,DECODE,42,0,42,2176.76,13.91,1
7848,DECODE,42,0,42,2177.76,13.66,1
7849,DECODE,42,0,42,2178.76,13.83,1
7850,DECODE,42,0,42,2179.76,13.69,1
7851,DECODE,42,0,42,2180.76,13.86,1
7852,DECODE,42,0,42,2181.76,13.73,1
7853,DECODE,42,0,42,2182.76,13.97,1
7854,DECODE,42,0,42,2183.76,13.75,1
7855,DECODE,42,0,42,2184.76,13.87,1
7856,DECODE,42,0,42,2185.76,13.78,1
7857,DECODE,42,0,42,2186.76,13.79,1
7858,DECODE,42,0,42,2187.76,13.73,1
7859,DECODE,42,0,42,2188.76,13.89,1
7860,DECODE,42,0,42,2189.76,13.73,1
7861,DECODE,42,0,42,2190.76,13.88,1
7862,DECODE,42,0,42,2191.76,13.95,1
7863,DECODE,42,0,42,2192.76,13.99,1
7864,DECODE,42,0,42,2193.76,13.87,1
7865,DECODE,42,0,42,2194.76,13.85,1
7866,DECODE,42,0,42,2195.76,13.82,1
7867,DECODE,42,0,42,2196.76,13.90,1
7868,DECODE,42,0,42,2197.76,15.51,1
7869,DECODE,42,0,42,2198.76,14.13,1
7870,DECODE,42,0,42,2199.76,13.94,1
7871,DECODE,42,0,42,2200.76,13.91,1
7872,DECODE,42,0,42,2201.76,13.84,1
7873,DECODE,42,0,42,2202.76,13.87,1
7874,DECODE,42,0,42,2203.76,13.80,1
7875,DECODE,42,0,42,2204.76,13.73,1
7876,DECODE,42,0,42,2205.76,13.79,1
7877,DECODE,42,0,42,2206.76,13.70,1
7878,DECODE,42,0,42,2207.76,14.14,1
7879,DECODE,42,0,42,2208.76,13.72,1
7880,DECODE,42,0,42,2209.76,13.79,1
7881,DECODE,42,0,42,2210.76,13.84,1
7882,DECODE,42,0,42,2211.76,13.70,1
7883,DECODE,42,0,42,2212.76,13.86,1
7884,DECODE,42,0,42,2213.76,14.83,1
7885,DECODE,42,0,42,2214.76,13.81,1
7886,DECODE,42,0,42,2215.76,14.90,1
7887,DECODE,42,0,42,2216.76,13.96,1
7888,DECODE,42,0,42,2217.76,14.05,1
7889,DECODE,42,0,42,2218.76,14.04,1
7890,DECODE,42,0,42,2219.76,14.05,1
7891,DECODE,42,0,42,2220.76,14.08,1
7892,DECODE,42,0,42,2221.76,14.02,1
7893,DECODE,41,0,41,2231.05,14.21,1
7894,EXTEND,1,32,0,1914.00,60.11,1
7895,DECODE,42,0,42,2224.50,13.11,1
7896,DECODE,42,0,42,2225.50,13.80,1
7897,DECODE,42,0,42,2226.50,13.05,1
7898,DECODE,42,0,42,2227.50,13.09,1
7899,DECODE,42,0,42,2228.50,13.69,1
7900,DECODE,42,0,42,2229.50,13.83,1
7901,DECODE,42,0,42,2230.50,13.89,1
7902,DECODE,42,0,42,2231.50,13.88,1
7903,DECODE,42,0,42,2232.50,13.90,1
7904,DECODE,42,0,42,2233.50,13.97,1
7905,DECODE,42,0,42,2234.50,13.90,1
7906,DECODE,42,0,42,2235.50,13.86,1
7907,DECODE,42,0,42,2236.50,13.66,1
7908,DECODE,42,0,42,2237.50,13.79,1
7909,DECODE,42,0,42,2238.50,13.74,1
7910,DECODE,42,0,42,2239.50,13.89,1
7911,DECODE,42,0,42,2240.50,13.77,1
7912,DECODE,42,0,42,2241.50,13.80,1
7913,DECODE,42,0,42,2242.50,13.69,1
7914,DECODE,42,0,42,2243.50,13.78,1
7915,DECODE,42,0,42,2244.50,13.80,1
7916,DECODE,42,0,42,2245.50,13.80,1
7917,DECODE,42,0,42,2246.50,13.88,1
7918,DECODE,42,0,42,2247.50,13.88,1
7919,DECODE,42,0,42,2248.50,14.05,1
7920,DECODE,42,0,42,2249.50,13.93,1
7921,DECODE,42,0,42,2250.50,13.86,1
7922,DECODE,42,0,42,2251.50,13.96,1
7923,DECODE,42,0,42,2252.50,13.79,1
7924,DECODE,42,0,42,2253.50,14.12,1
7925,DECODE,42,0,42,2254.50,13.93,1
7926,DECODE,42,0,42,2255.50,14.21,1
7927,DECODE,42,0,42,2256.50,13.82,1
7928,DECODE,42,0,42,2257.50,14.09,1
7929,DECODE,42,0,42,2258.50,13.98,1
7930,DECODE,42,0,42,2259.50,14.00,1
7931,DECODE,42,0,42,2260.50,14.02,1
7932,DECODE,42,0,42,2261.50,14.18,1
7933,DECODE,42,0,42,2262.50,14.18,1
7934,DECODE,42,0,42,2263.50,13.98,1
7935,DECODE,42,0,42,2264.50,13.88,1
7936,DECODE,42,0,42,2265.50,14.06,1
7937,DECODE,42,0,42,2266.50,13.95,1
7938,DECODE,42,0,42,2267.50,14.35,1
7939,DECODE,42,0,42,2268.50,14.10,1
7940,DECODE,42,0,42,2269.50,14.09,1
7941,DECODE,42,0,42,2270.50,14.42,1
7942,DECODE,42,0,42,2271.50,13.97,1
7943,DECODE,42,0,42,2272.50,14.11,1
7944,DECODE,42,0,42,2273.50,14.13,1
7945,DECODE,42,0,42,2274.50,14.13,1
7946,DECODE,42,0,42,2275.50,14.08,1
7947,DECODE,42,0,42,2276.50,14.23,1
7948,DECODE,42,0,42,2277.50,14.10,1
7949,DECODE,42,0,42,2278.50,14.12,1
7950,DECODE,42,0,42,2279.50,14.46,1
7951,DECODE,42,0,42,2280.50,14.24,1
7952,DECODE,42,0,42,2281.50,14.09,1
7953,DECODE,42,0,42,2282.50,14.01,1
7954,DECODE,42,0,42,2283.50,13.99,1
7955,DECODE,42,0,42,2284.50,14.01,1
7956,DECODE,42,0,42,2285.50,13.95,1
7957,DECODE,42,0,42,2286.50,14.07,1
7958,DECODE,42,0,42,2287.50,14.11,1
7959,DECODE,42,0,42,2288.50,14.54,1
7960,DECODE,42,0,42,2289.50,14.25,1
7961,DECODE,42,0,42,2290.50,14.14,1
7962,DECODE,42,0,42,2291.50,14.55,1
7963,DECODE,42,0,42,2292.50,14.13,1
7964,DECODE,42,0,42,2293.50,14.21,1
7965,DECODE,42,0,42,2294.50,14.13,1
7966,DECODE,42,0,42,2295.50,13.96,1
7967,DECODE,42,0,42,2296.50,14.11,1
7968,DECODE,42,0,42,2297.50,14.07,1
7969,DECODE,42,0,42,2298.50,14.04,1
7970,DECODE,42,0,42,2299.50,14.06,1
7971,DECODE,42,0,42,2300.50,14.00,1
7972,DECODE,42,0,42,2301.50,13.92,1
7973,DECODE,42,0,42,2302.50,14.06,1
7974,DECODE,42,0,42,2303.50,13.99,1
7975,DECODE,42,0,42,2304.50,14.19,1
7976,DECODE,42,0,42,2305.50,14.01,1
7977,DECODE,42,0,42,2306.50,14.13,1
7978,DECODE,42,0,42,2307.50,14.02,1
7979,DECODE,42,0,42,2308.50,14.14,1
7980,DECODE,42,0,42,2309.50,14.06,1
7981,DECODE,42,0,42,2310.50,14.11,1
7982,DECODE,42,0,42,2311.50,14.01,1
7983,DECODE,42,0,42,2312.50,13.92,1
7984,DECODE,42,0,42,2313.50,13.95,1
7985,DECODE,42,0,42,2314.50,13.96,1
7986,DECODE,42,0,42,2315.50,13.95,1
7987,DECODE,42,0,42,2316.50,14.14,1
7988,DECODE,42,0,42,2317.50,14.87,1
7989,DECODE,42,0,42,2318.50,14.21,1
7990,DECODE,42,0,42,2319.50,14.09,1
7991,DECODE,42,0,42,2320.50,14.12,1
7992,DECODE,42,0,42,2321.50,14.16,1
7993,DECODE,42,0,42,2322.50,14.10,1
7994,DECODE,42,0,42,2323.50,14.04,1
7995,DECODE,42,0,42,2324.50,14.69,1
7996,DECODE,42,0,42,2325.50,14.07,1
7997,DECODE,42,0,42,2326.50,14.20,1
7998,DECODE,42,0,42,2327.50,13.96,1
7999,DECODE,42,0,42,2328.50,14.05,1
8000,DECODE,42,0,42,2329.50,14.20,1
8001,DECODE,42,0,42,2330.50,13.92,1
8002,DECODE,42,0,42,2331.50,14.18,1
8003,DECODE,42,0,42,2332.50,14.08,1
8004,DECODE,42,0,42,2333.50,13.27,1
8005,DECODE,42,0,42,2334.50,13.23,1
8006,DECODE,42,0,42,2335.50,13.28,1
8007,DECODE,42,0,42,2336.50,13.21,1
8008,DECODE,42,0,42,2337.50,13.24,1
8009,DECODE,42,0,42,2338.50,13.26,1
8010,DECODE,42,0,42,2339.50,13.30,1
8011,DECODE,42,0,42,2340.50,13.31,1
8012,DECODE,42,0,42,2341.50,14.48,1
8013,DECODE,42,0,42,2342.50,13.26,1
8014,DECODE,42,0,42,2343.50,13.29,1
8015,DECODE,42,0,42,2344.50,13.27,1
8016,DECODE,42,0,42,2345.50,13.37,1
8017,DECODE,42,0,42,2346.50,13.34,1
8018,DECODE,42,0,42,2347.50,13.32,1
8019,DECODE,42,0,42,2348.50,13.85,1
8020,DECODE,42,0,42,2349.50,13.83,1
8021,DECODE,42,0,42,2350.50,13.93,1
8022,DECODE,42,0,42,2351.50,15.24,1
8023,DECODE,42,0,42,2352.50,14.29,1
8024,DECODE,42,0,42,2353.50,13.87,1
8025,DECODE,42,0,42,2354.50,14.04,1
8026,DECODE,42,0,42,2355.50,13.96,1
8027,DECODE,42,0,42,2356.50,14.06,1
8028,DECODE,42,0,42,2357.50,14.06,1
8029,DECODE,42,0,42,2358.50,13.91,1
8030,DECODE,42,0,42,2359.50,14.05,1
8031,DECODE,42,0,42,2360.50,14.51,1
8032,DECODE,41,0,41,2356.63,14.38,1
8033,DECODE,41,0,41,2357.63,14.14,1
8034,DECODE,41,0,41,2358.63,14.10,1
8035,DECODE,41,0,41,2359.63,14.10,1
8036,DECODE,41,0,41,2360.63,13.94,1
8037,DECODE,41,0,41,2361.63,14.05,1
8038,DECODE,41,0,41,2362.63,13.90,1
8039,DECODE,41,0,41,2363.63,13.82,1
8040,DECODE,41,0,41,2364.63,13.82,1
8041,DECODE,41,0,41,2365.63,13.86,1
8042,DECODE,41,0,41,2366.63,13.84,1
8043,DECODE,40,0,40,2362.80,16.73,1
8044,DECODE,40,0,40,2363.80,13.89,1
8045,DECODE,40,0,40,2364.80,13.80,1
8046,DECODE,40,0,40,2365.80,13.87,1
8047,DECODE,40,0,40,2366.80,13.79,1
8048,DECODE,40,0,40,2367.80,13.82,1
8049,DECODE,40,0,40,2368.80,13.71,1
8050,DECODE,40,0,40,2369.80,13.78,1
8051,DECODE,40,0,40,2370.80,13.71,1
8052,DECODE,39,0,39,2366.95,13.92,1
8053,DECODE,39,0,39,2367.95,14.04,1
8054,DECODE,39,0,39,2368.95,13.94,1
8055,DECODE,39,0,39,2369.95,13.86,1
8056,DECODE,38,0,38,2365.95,14.06,1
8057,DECODE,38,0,38,2366.95,13.95,1
8058,DECODE,37,0,37,2362.73,13.96,1
8059,DECODE,37,0,37,2363.73,13.79,1
8060,DECODE,37,0,37,2364.73,13.75,1
8061,DECODE,37,0,37,2365.73,13.08,1
8062,DECODE,37,0,37,2366.73,14.72,1
8063,DECODE,37,0,37,2367.73,14.23,1
8064,DECODE,37,0,37,2368.73,13.83,1
8065,DECODE,37,0,37,2369.73,13.79,1
8066,DECODE,37,0,37,2370.73,13.79,1
8067,DECODE,37,0,37,2371.73,12.99,1
8068,DECODE,37,0,37,2372.73,14.83,1
8069,DECODE,37,0,37,2373.73,13.23,1
8070,DECODE,37,0,37,2374.73,13.04,1
8071,DECODE,37,0,37,2375.73,13.06,1
8072,DECODE,37,0,37,2376.73,13.01,1
8073,DECODE,37,0,37,2377.73,13.01,1
8074,DECODE,37,0,37,2378.73,12.96,1
8075,DECODE,37,0,37,2379.73,13.04,1
8076,DECODE,37,0,37,2380.73,13.03,1
8077,DECODE,37,0,37,2381.73,13.03,1
8078,DECODE,37,0,37,2382.73,13.01,1
8079,DECODE,37,0,37,2383.73,13.02,1
8080,DECODE,37,0,37,2384.73,13.61,1
8081,DECODE,37,0,37,2385.73,13.76,1
8082,DECODE,37,0,37,2386.73,13.76,1
8083,DECODE,37,0,37,2387.73,13.86,1
8084,DECODE,37,0,37,2388.73,13.75,1
8085,DECODE,37,0,37,2389.73,13.74,1
8086,DECODE,37,0,37,2390.73,13.81,1
8087,DECODE,37,0,37,2391.73,13.76,1
8088,DECODE,37,0,37,2392.73,14.07,1
8089,DECODE,37,0,37,2393.73,13.83,1
8090,DECODE,37,0,37,2394.73,13.88,1
8091,DECODE,37,0,37,2395.73,13.33,1
8092,DECODE,37,0,37,2396.73,13.80,1
8093,DECODE,37,0,37,2397.73,13.79,1
8094,DECODE,37,0,37,2398.73,13.82,1
8095,DECODE,37,0,37,2399.73,13.80,1
8096,DECODE,37,0,37,2400.73,13.80,1
8097,DECODE,37,0,37,2401.73,13.78,1
8098,DECODE,37,0,37,2402.73,13.86,1
8099,DECODE,37,0,37,2403.73,13.85,1
8100,DECODE,37,0,37,2404.73,13.83,1
8101,DECODE,37,0,37,2405.73,13.83,1
8102,DECODE,37,0,37,2406.73,13.84,1
8103,DECODE,37,0,37,2407.73,13.78,1
8104,DECODE,37,0,37,2408.73,13.98,1
8105,DECODE,37,0,37,2409.73,14.23,1
8106,DECODE,37,0,37,2410.73,13.80,1
8107,DECODE,37,0,37,2411.73,13.77,1
8108,DECODE,37,0,37,2412.73,13.77,1
8109,DECODE,37,0,37,2413.73,13.71,1
8110,DECODE,37,0,37,2414.73,14.01,1
8111,DECODE,37,0,37,2415.73,13.78,1
8112,DECODE,37,0,37,2416.73,13.83,1
8113,DECODE,37,0,37,2417.73,13.76,1
8114,DECODE,37,0,37,2418.73,13.68,1
8115,DECODE,37,0,37,2419.73,13.74,1
8116,DECODE,37,0,37,2420.73,13.73,1
8117,DECODE,37,0,37,2421.73,13.74,1
8118,DECODE,37,0,37,2422.73,13.74,1
8119,DECODE,37,0,37,2423.73,13.90,1
8120,DECODE,37,0,37,2424.73,14.74,1
8121,DECODE,37,0,37,2425.73,13.90,1
8122,DECODE,37,0,37,2426.73,14.52,1
8123,DECODE,37,0,37,2427.73,13.87,1
8124,DECODE,37,0,37,2428.73,13.92,1
8125,DECODE,37,0,37,2429.73,13.88,1
8126,DECODE,37,0,37,2430.73,13.91,1
8127,DECODE,37,0,37,2431.73,13.79,1
8128,DECODE,37,0,37,2432.73,13.72,1
8129,DECODE,37,0,37,2433.73,13.74,1
8130,DECODE,37,0,37,2434.73,13.74,1
8131,DECODE,37,0,37,2435.73,13.54,1
8132,DECODE,37,0,37,2436.73,13.18,1
8133,DECODE,37,0,37,2437.73,13.08,1
8134,DECODE,37,0,37,2438.73,13.10,1
8135,DECODE,37,0,37,2439.73,13.01,1
8136,DECODE,37,0,37,2440.73,13.07,1
8137,DECODE,37,0,37,2441.73,13.01,1
8138,DECODE,37,0,37,2442.73,13.07,1
8139,DECODE,37,0,37,2443.73,13.13,1
8140,DECODE,37,0,37,2444.73,13.09,1
8141,DECODE,37,0,37,2445.73,13.09,1
8142,DECODE,37,0,37,2446.73,13.06,1
8143,DECODE,37,0,37,2447.73,13.04,1
8144,DECODE,37,0,37,2448.73,13.05,1
8145,DECODE,37,0,37,2449.73,13.03,1
8146,DECODE,37,0,37,2450.73,13.03,1
8147,DECODE,37,0,37,2451.73,13.06,1
8148,DECODE,37,0,37,2452.73,13.10,1
8149,DECODE,36,0,36,2450.75,13.09,1
8150,DECODE,36,0,36,2451.75,13.12,1
8151,DECODE,36,0,36,2452.75,13.10,1
8152,DECODE,36,0,36,2453.75,13.07,1
8153,DECODE,36,0,36,2454.75,13.09,1
8154,DECODE,36,0,36,2455.75,13.09,1
8155,DECODE,36,0,36,2456.75,13.11,1
8156,DECODE,35,0,35,2454.80,13.04,1
8157,DECODE,35,0,35,2455.80,12.94,1
8158,DECODE,35,0,35,2456.80,13.07,1
8159,DECODE,35,0,35,2457.80,13.01,1
8160,DECODE,35,0,35,2458.80,13.10,1
8161,DECODE,35,0,35,2459.80,13.01,1
8162,DECODE,35,0,35,2460.80,13.54,1
8163,DECODE,35,0,35,2461.80,13.73,1
8164,DECODE,34,0,34,2459.91,14.03,1
8165,DECODE,34,0,34,2460.91,13.87,1
8166,DECODE,34,0,34,2461.91,13.09,1
8167,DECODE,34,0,34,2462.91,12.93,1
8168,DECODE,34,0,34,2463.91,12.82,1
8169,DECODE,34,0,34,2464.91,12.93,1
8170,DECODE,34,0,34,2465.91,12.86,1
8171,DECODE,34,0,34,2466.91,12.96,1
8172,DECODE,34,0,34,2467.91,12.88,1
8173,DECODE,34,0,34,2468.91,12.90,1
8174,DECODE,34,0,34,2469.91,12.89,1
8175,DECODE,34,0,34,2470.91,12.91,1
8176,DECODE,34,0,34,2471.91,12.88,1
8177,DECODE,34,0,34,2472.91,12.91,1
8178,DECODE,34,0,34,2473.91,13.67,1
8179,DECODE,34,0,34,2474.91,14.19,1
8180,DECODE,34,0,34,2475.91,13.46,1
8181,DECODE,34,0,34,2476.91,13.74,1
8182,DECODE,34,0,34,2477.91,13.79,1
8183,DECODE,34,0,34,2478.91,14.35,1
8184,DECODE,34,0,34,2479.91,13.84,1
8185,DECODE,34,0,34,2480.91,13.67,1
8186,DECODE,34,0,34,2481.91,13.77,1
8187,DECODE,34,0,34,2482.91,13.72,1
8188,DECODE,34,0,34,2483.91,13.79,1
8189,DECODE,34,0,34,2484.91,13.80,1
8190,DECODE,34,0,34,2485.91,13.76,1
8191,DECODE,34,0,34,2486.91,13.65,1
8192,DECODE,34,0,34,2487.91,13.71,1
8193,DECODE,34,0,34,2488.91,13.08,1
8194,DECODE,34,0,34,2489.91,12.99,1
8195,DECODE,34,0,34,2490.91,13.84,1
8196,DECODE,34,0,34,2491.91,13.82,1
8197,DECODE,34,0,34,2492.91,13.75,1
8198,DECODE,34,0,34,2493.91,13.74,1
8199,DECODE,34,0,34,2494.91,13.77,1
8200,DECODE,34,0,34,2495.91,13.76,1
8201,DECODE,34,0,34,2496.91,13.87,1
8202,DECODE,34,0,34,2497.91,14.15,1
8203,DECODE,34,0,34,2498.91,12.99,1
8204,DECODE,34,0,34,2499.91,12.97,1
8205,DECODE,33,0,33,2499.09,12.23,1
8206,DECODE,33,0,33,2500.09,12.24,1
8207,DECODE,33,0,33,2501.09,12.17,1
8208,DECODE,33,0,33,2502.09,12.20,1
8209,DECODE,33,0,33,2503.09,12.24,1
8210,DECODE,33,0,33,2504.09,12.19,1
8211,DECODE,33,0,33,2505.09,12.32,1
8212,DECODE,33,0,33,2506.09,12.25,1
8213,DECODE,33,0,33,2507.09,13.08,1
8214,DECODE,33,0,33,2508.09,13.09,1
8215,DECODE,32,0,32,2507.47,14.70,1
8216,DECODE,32,0,32,2508.47,12.79,1
8217,DECODE,31,0,31,2507.81,12.92,1
8218,DECODE,31,0,31,2508.81,12.78,1
8219,DECODE,30,0,30,2508.10,12.95,1
8220,DECODE,29,0,29,2507.31,12.76,1
8221,DECODE,29,0,29,2508.31,12.66,1
8222,DECODE,29,0,29,2509.31,12.55,1
8223,DECODE,28,0,28,2508.50,12.68,1
8224,DECODE,28,0,28,2509.50,12.64,1
8225,DECODE,26,0,26,2506.62,13.31,1
8226,DECODE,26,0,26,2507.62,12.15,1
8227,DECODE,26,0,26,2508.62,13.11,1
8228,DECODE,25,0,25,2507.56,12.17,1
8229,DECODE,24,0,24,2506.38,13.52,1
8230,DECODE,24,0,24,2507.38,11.66,1
8231,DECODE,24,0,24,2508.38,11.65,1
8232,DECODE,24,0,24,2509.38,11.72,1
8233,DECODE,24,0,24,2510.38,11.67,1
8234,DECODE,22,0,22,2506.86,11.14,1
8235,DECODE,22,0,22,2507.86,11.20,1
8236,DECODE,22,0,22,2508.86,11.11,1
8237,DECODE,22,0,22,2509.86,12.09,1
8238,DECODE,22,0,22,2510.86,11.89,1
8239,DECODE,20,0,20,2506.95,12.00,1
8240,DECODE,20,0,20,2507.95,11.86,1
8241,DECODE,20,0,20,2508.95,11.72,1
8242,DECODE,19,0,19,2507.26,11.90,1
8243,DECODE,19,0,19,2508.26,11.83,1
8244,DECODE,19,0,19,2509.26,11.67,1
8245,DECODE,18,0,18,2507.44,11.84,1
8246,DECODE,17,0,17,2505.35,12.26,1
8247,DECODE,17,0,17,2506.35,12.16,1
8248,DECODE,16,0,16,2504.00,14.75,1
8249,DECODE,14,0,14,2497.00,11.48,1
8250,DECODE,14,0,14,2498.00,11.29,1
8251,DECODE,14,0,14,2499.00,11.22,1
8252,DECODE,14,0,14,2500.00,11.18,1
8253,DECODE,14,0,14,2501.00,11.23,1
8254,DECODE,14,0,14,2502.00,11.08,1
8255,DECODE,14,0,14,2503.00,11.29,1
8256,DECODE,14,0,14,2504.00,11.24,1
8257,DECODE,14,0,14,2505.00,11.23,1
8258,DECODE,13,0,13,2501.77,11.36,1
8259,DECODE,13,0,13,2502.77,11.38,1
8260,DECODE,13,0,13,2503.77,11.20,1
8261,DECODE,13,0,13,2504.77,11.14,1
8262,DECODE,13,0,13,2505.77,11.22,1
8263,DECODE,13,0,13,2506.77,11.32,1
8264,DECODE,13,0,13,2507.77,11.06,1
8265,DECODE,13,0,13,2508.77,11.08,1
8266,DECODE,13,0,13,2509.77,11.09,1
8267,DECODE,13,0,13,2510.77,11.26,1
8268,DECODE,12,0,12,2507.67,14.47,1
8269,DECODE,12,0,12,2508.67,11.58,1
8270,DECODE,12,0,12,2509.67,11.16,1
8271,DECODE,12,0,12,2510.67,10.98,1
8272,DECODE,11,0,11,2507.18,11.14,1
8273,DECODE,10,0,10,2502.90,11.13,1
8274,DECODE,10,0,10,2503.90,10.98,1
8275,DECODE,9,0,9,2498.67,11.02,1
8276,DECODE,9,0,9,2499.67,10.93,1
8277,DECODE,8,0,8,2493.12,13.97,1
8278,DECODE,8,0,8,2494.12,10.76,1
8279,DECODE,8,0,8,2495.12,10.64,1
8280,DECODE,8,0,8,2496.12,10.73,1
8281,DECODE,8,0,8,2497.12,10.65,1
8282,DECODE,8,0,8,2498.12,10.66,1
8283,DECODE,8,0,8,2499.12,10.68,1
8284,DECODE,8,0,8,2500.12,10.67,1
8285,DECODE,7,0,7,2492.57,10.86,1
8286,DECODE,7,0,7,2493.57,11.34,1
8287,DECODE,7,0,7,2494.57,10.61,1
8288,DECODE,7,0,7,2495.57,10.74,1
8289,DECODE,7,0,7,2496.57,10.67,1
8290,DECODE,7,0,7,2497.57,10.57,1
8291,DECODE,7,0,7,2498.57,10.65,1
8292,DECODE,7,0,7,2499.57,10.72,1
8293,DECODE,7,0,7,2500.57,10.64,1
8294,DECODE,6,0,6,2491.67,11.04,1
8295,DECODE,6,0,6,2492.67,11.40,1
8296,DECODE,6,0,6,2493.67,10.71,1
8297,DECODE,6,0,6,2494.67,10.63,1
8298,DECODE,6,0,6,2495.67,10.29,1
8299,DECODE,6,0,6,2496.67,10.42,1
8300,DECODE,6,0,6,2497.67,10.38,1
8301,DECODE,6,0,6,2498.67,10.35,1
8302,DECODE,5,0,5,2487.40,9.92,1
8303,DECODE,4,0,4,2470.25,11.70,1
8304,DECODE,4,0,4,2471.25,10.39,1
8305,DECODE,4,0,4,2472.25,9.63,1
8306,DECODE,4,0,4,2473.25,9.59,1
8307,DECODE,4,0,4,2474.25,9.61,1
8308,DECODE,4,0,4,2475.25,9.65,1
8309,DECODE,4,0,4,2476.25,9.67,1
8310,DECODE,4,0,4,2477.25,9.61,1
8311,DECODE,4,0,4,2478.25,9.64,1
8312,DECODE,4,0,4,2479.25,9.57,1
8313,DECODE,4,0,4,2480.25,9.56,1
8314,DECODE,4,0,4,2481.25,9.61,1
8315,DECODE,4,0,4,2482.25,9.53,1
8316,DECODE,4,0,4,2483.25,9.68,1
8317,DECODE,3,0,3,2458.67,9.72,1
8318,DECODE,3,0,3,2459.67,9.72,1
8319,DECODE,2,0,2,2410.50,10.44,1
8320,DECODE,2,0,2,2411.50,9.92,1
8321,DECODE,2,0,2,2412.50,9.43,1
8322,DECODE,2,0,2,2413.50,9.43,1
8323,DECODE,2,0,2,2414.50,9.36,1
8324,DECODE,2,0,2,2415.50,9.42,1
8325,DECODE,2,0,2,2416.50,9.40,1
8326,DECODE,2,0,2,2417.50,9.46,1
8327,DECODE,2,0,2,2418.50,9.34,1
8328,DECODE,2,0,2,2419.50,9.38,1
8329,DECODE,2,0,2,2420.50,9.34,1
8330,DECODE,2,0,2,2421.50,9.37,1
8331,DECODE,2,0,2,2422.50,10.04,1
8332,DECODE,2,0,2,2423.50,10.18,1
8333,DECODE,2,0,2,2424.50,10.34,1
8334,DECODE,2,0,2,2425.50,9.58,1
8335,DECODE,2,0,2,2426.50,9.45,1
8336,DECODE,2,0,2,2427.50,9.92,1
8337,DECODE,2,0,2,2428.50,9.45,1
8338,DECODE,2,0,2,2429.50,9.79,1
8339,DECODE,2,0,2,2430.50,9.46,1
8340,DECODE,2,0,2,2431.50,9.39,1
8341,DECODE,2,0,2,2432.50,9.44,1
8342,DECODE,2,0,2,2433.50,9.41,1
8343,DECODE,2,0,2,2434.50,9.41,1
8344,DECODE,2,0,2,2435.50,9.42,1
8345,DECODE,2,0,2,2436.50,9.39,1
8346,DECODE,2,0,2,2437.50,9.38,1
8347,DECODE,2,0,2,2438.50,9.49,1
8348,DECODE,2,0,2,2439.50,9.43,1
8349,DECODE,2,0,2,2440.50,10.89,1
8350,DECODE,2,0,2,2441.50,10.66,1
8351,DECODE,2,0,2,2442.50,9.51,1
8352,DECODE,2,0,2,2443.50,10.71,1
8353,DECODE,2,0,2,2444.50,10.08,1
8354,DECODE,2,0,2,2445.50,10.10,1
8355,DECODE,2,0,2,2446.50,10.96,1
8356,DECODE,2,0,2,2447.50,10.23,1
8357,DECODE,2,0,2,2448.50,10.24,1
8358,DECODE,1,0,1,2521.00,34.37,1
8359,EXTEND,1,27,0,2404.00,40.29,1
8360,DECODE,2,0,2,2463.50,9.56,1
8361,DECODE,2,0,2,2464.50,9.49,1
8362,DECODE,2,0,2,2465.50,9.51,1
8363,DECODE,2,0,2,2466.50,9.47,1
8364,DECODE,2,0,2,2467.50,9.47,1
8365,DECODE,2,0,2,2468.50,9.46,1
8366,DECODE,2,0,2,2469.50,9.48,1
8367,DECODE,2,0,2,2470.50,9.46,1
8368,DECODE,2,0,2,2471.50,9.44,1
8369,DECODE,2,0,2,2472.50,9.46,1
8370,DECODE,2,0,2,2473.50,9.99,1
8371,DECODE,2,0,2,2474.50,9.78,1
8372,DECODE,2,0,2,2475.50,10.14,1
8373,DECODE,2,0,2,2476.50,10.22,1
8374,DECODE,2,0,2,2477.50,10.18,1
8375,DECODE,2,0,2,2478.50,10.27,1
8376,DECODE,2,0,2,2479.50,10.14,1
8377,DECODE,2,0,2,2480.50,10.17,1
8378,DECODE,2,0,2,2481.50,10.19,1
8379,DECODE,2,0,2,2482.50,10.19,1
8380,DECODE,2,0,2,2483.50,10.15,1
8381,DECODE,2,0,2,2484.50,10.13,1
8382,DECODE,2,0,2,2485.50,10.16,1
8383,DECODE,2,0,2,2486.50,10.19,1
8384,DECODE,2,0,2,2487.50,10.12,1
8385,DECODE,2,0,2,2488.50,10.13,1
8386,DECODE,2,0,2,2489.50,10.16,1
8387,DECODE,2,0,2,2490.50,10.09,1
8388,DECODE,2,0,2,2491.50,10.26,1
8389,DECODE,2,0,2,2492.50,10.18,1
8390,DECODE,2,0,2,2493.50,10.23,1
8391,DECODE,2,0,2,2494.50,10.11,1
8392,DECODE,2,0,2,2495.50,10.21,1
8393,DECODE,2,0,2,2496.50,10.24,1
8394,DECODE,2,0,2,2497.50,10.26,1
8395,DECODE,2,0,2,2498.50,10.15,1
8396,DECODE,2,0,2,2499.50,10.26,1
8397,DECODE,2,0,2,2500.50,10.24,1
8398,DECODE,2,0,2,2501.50,10.36,1
8399,DECODE,1,0,1,2444.00,10.26,1
8400,DECODE,1,0,1,2445.00,10.19,1
8401,DECODE,1,0,1,2446.00,10.29,1
8402,DECODE,1,0,1,2447.00,10.01,1
8403,DECODE,1,0,1,2448.00,10.07,1
8404,DECODE,1,0,1,2449.00,10.14,1
8405,DECODE,1,0,1,2450.00,10.08,1
8406,DECODE,1,0,1,2451.00,9.99,1
8407,DECODE,1,0,1,2452.00,9.89,1
8408,DECODE,1,0,1,2453.00,9.98,1
8409,DECODE,1,0,1,2454.00,10.12,1
8410,DECODE,1,0,1,2455.00,9.99,1
8411,DECODE,1,0,1,2456.00,9.93,1
8412,DECODE,1,0,1,2457.00,10.07,1
8413,DECODE,1,0,1,2458.00,10.00,1
8414,DECODE,1,0,1,2459.00,9.84,1
8415,DECODE,1,0,1,2460.00,9.87,1
8416,DECODE,1,0,1,2461.00,9.83,1
8417,DECODE,1,0,1,2462.00,10.00,1
8418,DECODE,1,0,1,2463.00,10.01,1
8419,DECODE,1,0,1,2464.00,10.06,1
8420,DECODE,1,0,1,2465.00,9.97,1
8421,DECODE,1,0,1,2466.00,9.98,1
8422,DECODE,1,0,1,2467.00,9.98,1
8423,DECODE,1,0,1,2468.00,10.02,1
8424,DECODE,1,0,1,2469.00,10.00,1
8425,DECODE,1,0,1,2470.00,10.04,1
8426,DECODE,1,0,1,2471.00,9.99,1
8427,DECODE,1,0,1,2472.00,9.93,1
8428,DECODE,1,0,1,2473.00,9.89,1
8429,DECODE,1,0,1,2474.00,9.99,1
8430,DECODE,1,0,1,2475.00,9.42,1
8431,DECODE,1,0,1,2476.00,9.84,1
8432,DECODE,1,0,1,2477.00,9.80,1
8433,DECODE,1,0,1,2478.00,10.01,1
8434,DECODE,1,0,1,2479.00,9.98,1
8435,DECODE,1,0,1,2480.00,10.04,1
8436,DECODE,1,0,1,2481.00,9.79,1
8437,DECODE,1,0,1,2482.00,10.06,1
8438,DECODE,1,0,1,2483.00,9.99,1
8439,DECODE,1,0,1,2484.00,9.93,1
8440,DECODE,1,0,1,2485.00,9.98,1
8441,DECODE,1,0,1,2486.00,10.05,1
8442,DECODE,1,0,1,2487.00,10.02,1
8443,DECODE,1,0,1,2488.00,9.96,1
8444,DECODE,1,0,1,2489.00,9.99,1
8445,DECODE,1,0,1,2490.00,10.06,1
8446,DECODE,1,0,1,2491.00,10.15,1
8447,DECODE,1,0,1,2492.00,11.04,1
8448,DECODE,1,0,1,2493.00,10.01,1
8449,DECODE,1,0,1,2494.00,9.92,1
8450,DECODE,1,0,1,2495.00,10.05,1
8451,DECODE,1,0,1,2496.00,10.05,1
8452,DECODE,1,0,1,2497.00,10.17,1
8453,DECODE,1,0,1,2498.00,9.91,1
8454,DECODE,1,0,1,2499.00,10.01,1
8455,DECODE,1,0,1,2500.00,9.94,1
8456,DECODE,1,0,1,2501.00,9.89,1
8457,DECODE,1,0,1,2502.00,9.96,1
8458,DECODE,1,0,1,2503.00,12.14,1
8459,DECODE,1,0,1,2504.00,9.45,1
8460,DECODE,1,0,1,2505.00,9.45,1
8461,DECODE,1,0,1,2506.00,9.39,1
8462,DECODE,1,0,1,2507.00,9.39,1
8463,DECODE,1,0,1,2508.00,10.11,1
8464,DECODE,1,0,1,2509.00,10.00,1
8465,DECODE,1,0,1,2510.00,9.98,1
8466,DECODE,1,0,1,2511.00,9.87,1
8467,DECODE,1,0,1,2512.00,9.98,1
8468,DECODE,1,0,1,2513.00,9.92,1
8469,DECODE,1,0,1,2514.00,10.06,1
8470,DECODE,1,0,1,2515.00,10.08,1
8471,DECODE,1,0,1,2516.00,10.03,1
8472,DECODE,1,0,1,2517.00,10.07,1
8473,DECODE,1,0,1,2518.00,9.89,1
8474,DECODE,1,0,1,2519.00,10.07,1
8475,DECODE,1,0,1,2520.00,10.04,1
8476,DECODE,1,0,1,2521.00,10.01,1
8477,DECODE,1,0,1,2522.00,10.06,1
8478,DECODE,1,0,1,2523.00,10.02,1
8479,DECODE,1,0,1,2524.00,10.07,1
8480,DECODE,1,0,1,2525.00,10.07,1
8481,DECODE,1,0,1,2526.00,10.09,1
8482,DECODE,1,0,1,2527.00,10.13,1
8483,DECODE,1,0,1,2528.00,10.03,1
8484,DECODE,1,0,1,2529.00,10.02,1
8485,DECODE,1,0,1,2530.00,10.06,1
8486,DECODE,1,0,1,2531.00,10.15,1
8487,DECODE,1,0,1,2532.00,10.10,1
8488,DECODE,1,0,1,2533.00,10.09,1
8489,DECODE,1,0,1,2534.00,10.07,1
8490,DECODE,1,0,1,2535.00,10.07,1
8491,DECODE,1,0,1,2536.00,10.13,1
8492,DECODE,1,0,1,2537.00,10.00,1
8493,DECODE,1,0,1,2538.00,10.06,1
8494,DECODE,1,0,1,2539.00,9.96,1
8495,DECODE,1,0,1,2540.00,9.91,1
8496,DECODE,1,0,1,2541.00,10.00,1
8497,DECODE,1,0,1,2542.00,11.03,1
8498,DECODE,1,0,1,2543.00,10.03,1
8499,DECODE,1,0,1,2544.00,10.13,1
8500,DECODE,1,0,1,2545.00,10.54,1
8501,DECODE,1,0,1,2546.00,10.09,1
8502,DECODE,1,0,1,2547.00,9.89,1
8503,DECODE,1,0,1,2548.00,10.07,1
8504,DECODE,1,0,1,2549.00,10.02,1
8505,DECODE,1,0,1,2550.00,11.04,1
8506,DECODE,1,0,1,2551.00,9.93,1
8507,DECODE,1,0,1,2552.00,10.16,1
8508,DECODE,1,0,1,2553.00,10.04,1
8509,DECODE,1,0,1,2554.00,10.09,1
8510,DECODE,1,0,1,2555.00,10.08,1
8511,DECODE,1,0,1,2556.00,10.22,1
8512,DECODE,1,0,1,2557.00,10.08,1
8513,DECODE,1,0,1,2558.00,10.68,1
8514,DECODE,1,0,1,2559.00,10.00,1
8515,DECODE,1,0,1,2560.00,10.16,1
